Workbook

Sheet Linkสูตรออร์เดอร์  (2)
B2: เรียงกำหนดส่ง | D2: ลบ 0 | T2: เรียง 1
B3: ข้อมูลUpdate ณ. วันที่ | D3: 45905 | E3: เวลา | G3: 10.33
A4: วันรับออร์เดอร์/แบบ | B4: เลขที่ SO | C4: ชื่อลูกค้า | E4: 10.3 | I4: น้ำหนัก | L4: บิด/จับจีบ | M4: ถุงใน | Q4: =[1]หน้าผ้า!$AC$13 -> 44873 | S4: วิธีบรรจุ | T4: วันส่ง | U4: จำนวนส่ง | V4: ตัดเย็บ (ใบ) | W4: =[1]หน้าผ้า!$AJ$13 -> 44873 | X4: พิมพ์ (ใบ) | Y4: =[1]หน้าผ้า!$AM$13 -> 44876 | Z4: ผ้าทอ (เมตร) Updateณ | AB4: =[1]หน้าผ้า!$AR$12 -> 44876 | AD4: ผ้าเคลือบ(เมตร) | AF4: หมายเหตุ | AG4: เครื่อง
B5: เลขที่ SO | C5: ชื่อลูกค้า | D5: ตรา | E5: กว้าง | F5: ยาว | G5: สี | H5: เคลือบ | I5: กรัม/ใบ | J5: * | K5: aw | L5: บิด/จับจีบ | M5: กว้าง | N5: ยาว | O5: หนา | P5: ใช้(กก.) | Q5: Stock(กก.) | R5: ผลิต(กก.) | S5: วิธีบรรจุ | T5: วันส่ง | U5: จำนวนส่ง | V5: StockFG | W5: ค้างตัด | X5: พิมพ์แล้ว | Y5: ค้างพิมพ์ | Z5: ประเภท | AA5: ใช้ | AB5: Stock | AC5: ค้างทอ | AD5: Stock | AE5: ค้างเคลือบ | AF5: หมายเหตุ | AG5: ที่พิมพ์ได้ | AH5: process | AI5: Lead time | AJ5: วันที่ส่งPL | AK5: เคลือบ | AL5: ได้ ART | AM5: พิมพ์ | AN5: จีบ-บิด | AO5: ตัด-เย็บ | AP5: ทอ | AQ5: สวมถุง | AR5: เย็บปาก | AS5: PT | AT5: ม้วน | AU5: ตัด | AV5: ตอกตาไก่ | AW5: GROUP | AX5: ART | AY5: หมายเหตุปัญหา | AZ5: ราคา/ใบ | BA5: ราคารวม | BB5: workweek | BC5: เส้นเทป | BD5: จำนวน
A6: =[2]หน้าผ้า!C15 -> 0 | B6: =[2]หน้าผ้า!B15 -> 0 | C6: =[2]หน้าผ้า!E15 -> 0 | D6: =[2]หน้าผ้า!F15 -> 0 | E6: =[2]หน้าผ้า!G15 -> 12 | F6: =[2]หน้าผ้า!H15 -> 16 | G6: =[2]หน้าผ้า!I15 -> ขาว | H6: =[2]หน้าผ้า!J15 -> 0 | I6: =[2]หน้าผ้า!L15 -> 25 | J6: =[2]หน้าผ้า!M15 -> ± | K6: =[2]หน้าผ้า!N15 -> 5 | L6: =[2]หน้าผ้า!R15 -> 0 | M6: =[2]หน้าผ้า!T15 -> 0 | N6: =[2]หน้าผ้า!U15 -> 0 | O6: =[2]หน้าผ้า!V15 -> 0 | P6: =[2]หน้าผ้า!AB15 -> 0 | Q6: =[2]หน้าผ้า!AC15 -> 0 | R6: =[2]หน้าผ้า!AD15 -> 0 | S6: =[2]หน้าผ้า!Z15 -> 0 | T6: =[2]หน้าผ้า!X15 -> 0 | U6: =[2]หน้าผ้า!AA15 -> 0 | V6: =[2]หน้าผ้า!AJ15 -> 0 | W6: =[2]หน้าผ้า!AL15 -> 0 | X6: =[2]หน้าผ้า!AM15 -> 0 | Y6: =[2]หน้าผ้า!AN15 -> 0 | Z6: =[2]หน้าผ้า!AO15 -> WSWT1221750 | AA6: =[2]หน้าผ้า!AQ15 -> #REF! | AB6: =[2]หน้าผ้า!AR15 -> #REF! | AC6: =[2]หน้าผ้า!AS15 -> #REF! | AD6: =[2]หน้าผ้า!AT15 -> #REF! | AE6: =[2]หน้าผ้า!AU15 -> #REF! | AF6: =[2]หน้าผ้า!AI15 -> ระบุในSD | AG6: =[3]หน้าผ้า!DC18 -> < Ord 20,000 | AH6: =[2]หน้าผ้า!DL15 -> 0 | AI6: =[2]หน้าผ้า!DM15 -> 0 | AJ6: =[2]หน้าผ้า!DN15 -> 0 | AK6: =[2]หน้าผ้า!DQ15 -> 0 | AL6: =[2]หน้าผ้า!DR15 -> 0 | AM6: =[2]หน้าผ้า!DS15 -> 0 | AN6: =[2]หน้าผ้า!DT15 -> 0 | AO6: =[2]หน้าผ้า!DU15 -> 0 | AP6: =[2]หน้าผ้า!DP15 -> 0 | AQ6: =[2]หน้าผ้า!DW15 -> 0 | AR6: =[2]หน้าผ้า!DX15 -> 0 | AS6: =[2]หน้าผ้า!DY15 -> 0 | AT6: =[2]หน้าผ้า!DZ15 -> 0 | AU6: =[2]หน้าผ้า!EA15 -> 0 | AV6: =[2]หน้าผ้า!EB15 -> 0 | AW6: =[2]หน้าผ้า!EC15 -> 0 | AX6: =[2]หน้าผ้า!ED15 -> 0 | AY6: =[2]หน้าผ้า!AG15 -> 0 | AZ6: =[2]หน้าผ้า!EG15 -> 0 | BA6: =[2]หน้าผ้า!EH15 -> 0 | BB6: =[2]หน้าผ้า!EI15 -> 0 | BC6: =[2]หน้าผ้า!BZ15 -> WRWT120750/WRWT21750 | BD6: =[2]หน้าผ้า!CA15 -> 0
A7: =[2]หน้าผ้า!C16 -> 0 | B7: =[2]หน้าผ้า!B16 -> 0 | C7: =[2]หน้าผ้า!E16 -> 0 | D7: =[2]หน้าผ้า!F16 -> 0 | E7: =[2]หน้าผ้า!G16 -> 14 | F7: =[2]หน้าผ้า!H16 -> 22 | G7: =[2]หน้าผ้า!I16 -> ขาว | H7: =[2]หน้าผ้า!J16 -> 0 | I7: =[2]หน้าผ้า!L16 -> 36 | J7: =[2]หน้าผ้า!M16 -> ± | K7: =[2]หน้าผ้า!N16 -> 5 | L7: =[2]หน้าผ้า!R16 -> 0 | M7: =[2]หน้าผ้า!T16 -> 0 | N7: =[2]หน้าผ้า!U16 -> 0 | O7: =[2]หน้าผ้า!V16 -> 0 | P7: =[2]หน้าผ้า!AB16 -> 0 | Q7: =[2]หน้าผ้า!AC16 -> 0 | R7: =[2]หน้าผ้า!AD16 -> 0 | S7: =[2]หน้าผ้า!Z16 -> 0 | T7: =[2]หน้าผ้า!X16 -> 0 | U7: =[2]หน้าผ้า!AA16 -> 0 | V7: =[2]หน้าผ้า!AJ16 -> 0 | W7: =[2]หน้าผ้า!AL16 -> 0 | X7: =[2]หน้าผ้า!AM16 -> 0 | Y7: =[2]หน้าผ้า!AN16 -> 0 | Z7: =[2]หน้าผ้า!AO16 -> WSWT1425800 | AA7: =[2]หน้าผ้า!AQ16 -> #REF! | AB7: =[2]หน้าผ้า!AR16 -> #REF! | AC7: =[2]หน้าผ้า!AS16 -> #REF! | AD7: =[2]หน้าผ้า!AT16 -> #REF! | AE7: =[2]หน้าผ้า!AU16 -> #REF! | AF7: =[2]หน้าผ้า!AI16 -> ระบุในSD | AG7: =[3]หน้าผ้า!DC19 -> รอตัด | AH7: =[2]หน้าผ้า!DL16 -> 0 | AI7: =[2]หน้าผ้า!DM16 -> Lead time | AJ7: =[2]หน้าผ้า!DN16 -> 0 | AK7: =[2]หน้าผ้า!DQ16 -> 0 | AL7: =[2]หน้าผ้า!DR16 -> 0 | AM7: =[2]หน้าผ้า!DS16 -> 0 | AN7: =[2]หน้าผ้า!DT16 -> 0 | AO7: =[2]หน้าผ้า!DU16 -> 0 | AP7: =[2]หน้าผ้า!DP16 -> 0 | AQ7: =[2]หน้าผ้า!DW16 -> 0 | AR7: =[2]หน้าผ้า!DX16 -> 0 | AS7: =[2]หน้าผ้า!DY16 -> 0 | AT7: =[2]หน้าผ้า!DZ16 -> 0 | AU7: =[2]หน้าผ้า!EA16 -> 0 | AV7: =[2]หน้าผ้า!EB16 -> 0 | AW7: =[2]หน้าผ้า!EC16 -> 0 | AX7: =[2]หน้าผ้า!ED16 -> 0 | AY7: =[2]หน้าผ้า!AG16 -> 0 | AZ7: =[2]หน้าผ้า!EG16 -> 0 | BA7: =[2]หน้าผ้า!EH16 -> 0 | BB7: =[2]หน้าผ้า!EI16 -> 0 | BC7: =[2]หน้าผ้า!BZ16 -> WRWT140800/WRWT25800 | BD7: =[2]หน้าผ้า!CA16 -> 0
A8: =[2]หน้าผ้า!C17 -> 45896 | B8: =[2]หน้าผ้า!B17 -> MK68-001041 | C8: =[2]หน้าผ้า!E17 -> บจก.ซัน ซีเมนต์ โพรเซส | D8: =[2]หน้าผ้า!F17 -> พระอาทิตย์ | E8: =[2]หน้าผ้า!G17 -> 16 | F8: =[2]หน้าผ้า!H17 -> 25 | G8: =[2]หน้าผ้า!I17 -> ขาว | H8: =[2]หน้าผ้า!J17 -> ใส | I8: =[2]หน้าผ้า!L17 -> 50 | J8: =[2]หน้าผ้า!M17 -> ± | K8: =[2]หน้าผ้า!N17 -> 5 | L8: =[2]หน้าผ้า!R17 -> บิด | M8: =[2]หน้าผ้า!T17 -> 19 | N8: =[2]หน้าผ้า!U17 -> 28 | O8: =[2]หน้าผ้า!V17 -> 40 | P8: =[2]หน้าผ้า!AB17 -> 65.624643 | Q8: =[2]หน้าผ้า!AC17 -> 0 | R8: =[2]หน้าผ้า!AD17 -> 65.624643 | S8: =[2]หน้าผ้า!Z17 -> 500กระสอบ | T8: =[2]หน้าผ้า!X17 -> 45908 | U8: =[2]หน้าผ้า!AA17 -> 5000 | V8: =[2]หน้าผ้า!AJ17 -> 0 | W8: =[2]หน้าผ้า!AL17 -> 5000 | X8: =[2]หน้าผ้า!AM17 -> 0 | Y8: =[2]หน้าผ้า!AN17 -> 5250 | Z8: =[2]หน้าผ้า!AO17 -> WSWT1625800SM | AA8: =[2]หน้าผ้า!AQ17 -> 3702.05 | AB8: =[2]หน้าผ้า!AR17 -> 3702.05 | AC8: =[2]หน้าผ้า!AS17 -> 0 | AD8: =[2]หน้าผ้า!AT17 -> 0 | AE8: =[2]หน้าผ้า!AU17 -> 3702.05 | AF8: =[2]หน้าผ้า!AI17 -> 0 | AG8: =[3]หน้าผ้า!DC20 -> รอตัด | AH8: =[2]หน้าผ้า!DL17 -> P8 | AI8: =[2]หน้าผ้า!DM17 -> 4 | AJ8: =[2]หน้าผ้า!DN17 -> 45908 | AK8: =[2]หน้าผ้า!DQ17 -> 45904 | AL8: =[2]หน้าผ้า!DR17 -> 45898 | AM8: =[2]หน้าผ้า!DS17 -> 45905 | AN8: =[2]หน้าผ้า!DT17 -> 45906 | AO8: =[2]หน้าผ้า!DU17 -> 45906 | AP8: =[2]หน้าผ้า!DP17 -> 45903 | AQ8: =[2]หน้าผ้า!DW17 -> 45907 | AR8: =[2]หน้าผ้า!DX17 -> 0 | AS8: =[2]หน้าผ้า!DY17 -> 0 | AT8: =[2]หน้าผ้า!DZ17 -> 0 | AU8: =[2]หน้าผ้า!EA17 -> 0 | AV8: =[2]หน้าผ้า!EB17 -> 0 | AW8: =[2]หน้าผ้า!EC17 -> งานเคลือบ+พิมพ์ | AX8: =[2]หน้าผ้า!ED17 -> / | AY8: =[2]หน้าผ้า!AG17 -> รอลูกค้า | AZ8: =[2]หน้าผ้า!EG17 -> 0 | BA8: =[2]หน้าผ้า!EH17 -> 0 | BB8: =[2]หน้าผ้า!EI17 -> 0 | BC8: =[2]หน้าผ้า!BZ17 -> WRWT25800/WRWT25800 | BD8: =[2]หน้าผ้า!CA17 -> 0
A9: =[2]หน้าผ้า!C18 -> 0 | B9: =[2]หน้าผ้า!B18 -> 0 | C9: =[2]หน้าผ้า!E18 -> 0 | D9: =[2]หน้าผ้า!F18 | E9: =[2]หน้าผ้า!G18 -> 16 | F9: =[2]หน้าผ้า!H18 -> 25 | G9: =[2]หน้าผ้า!I18 -> ขาว | H9: =[2]หน้าผ้า!J18 -> 0 | I9: =[2]หน้าผ้า!L18 -> 45 | J9: =[2]หน้าผ้า!M18 -> ± | K9: =[2]หน้าผ้า!N18 -> 5 | L9: =[2]หน้าผ้า!R18 -> 0 | M9: =[2]หน้าผ้า!T18 -> 0 | N9: =[2]หน้าผ้า!U18 -> 0 | O9: =[2]หน้าผ้า!V18 -> 0 | P9: =[2]หน้าผ้า!AB18 -> 0 | Q9: =[2]หน้าผ้า!AC18 -> 0 | R9: =[2]หน้าผ้า!AD18 -> 0 | S9: =[2]หน้าผ้า!Z18 -> 0 | T9: =[2]หน้าผ้า!X18 -> 0 | U9: =[2]หน้าผ้า!AA18 -> 0 | V9: =[2]หน้าผ้า!AJ18 -> 0 | W9: =[2]หน้าผ้า!AL18 -> 0 | X9: =[2]หน้าผ้า!AM18 -> 0 | Y9: =[2]หน้าผ้า!AN18 -> 0 | Z9: =[2]หน้าผ้า!AO18 -> WSWT1625800SM | AA9: =[2]หน้าผ้า!AQ18 -> 3702.05 | AB9: =[2]หน้าผ้า!AR18 -> 3702.05 | AC9: =[2]หน้าผ้า!AS18 -> 0 | AD9: =[2]หน้าผ้า!AT18 -> 0 | AE9: =[2]หน้าผ้า!AU18 -> 3702.05 | AF9: =[2]หน้าผ้า!AI18 -> ระบุในSD | AG9: =[3]หน้าผ้า!DC21 -> ยังไม่ได้พิมพ์ | AH9: =[2]หน้าผ้า!DL18 -> 0 | AI9: =[2]หน้าผ้า!DM18 -> Lead time | AJ9: =[2]หน้าผ้า!DN18 -> 0 | AK9: =[2]หน้าผ้า!DQ18 -> 0 | AL9: =[2]หน้าผ้า!DR18 -> 0 | AM9: =[2]หน้าผ้า!DS18 -> 0 | AN9: =[2]หน้าผ้า!DT18 -> 0 | AO9: =[2]หน้าผ้า!DU18 -> 0 | AP9: =[2]หน้าผ้า!DP18 -> 0 | AQ9: =[2]หน้าผ้า!DW18 -> 0 | AR9: =[2]หน้าผ้า!DX18 -> 0 | AS9: =[2]หน้าผ้า!DY18 -> 0 | AT9: =[2]หน้าผ้า!DZ18 -> 0 | AU9: =[2]หน้าผ้า!EA18 -> 0 | AV9: =[2]หน้าผ้า!EB18 -> 0 | AW9: =[2]หน้าผ้า!EC18 -> 0 | AX9: =[2]หน้าผ้า!ED18 -> 0 | AY9: =[2]หน้าผ้า!AG18 -> 0 | AZ9: =[2]หน้าผ้า!EG18 -> 0 | BA9: =[2]หน้าผ้า!EH18 -> 0 | BB9: =[2]หน้าผ้า!EI18 -> 0 | BC9: =[2]หน้าผ้า!BZ18 -> WRWT160800/WRWT25800 | BD9: =[2]หน้าผ้า!CA18 -> 0
A10: =[2]หน้าผ้า!C19 -> 45897 | B10: =[2]หน้าผ้า!B19 -> MK68-001045 | C10: =[2]หน้าผ้า!E19 -> บจก.เคอรี่ฟลาวมิลล์ | D10: =[2]หน้าผ้า!F19 -> โบว์น้ำเงิน 10กก | E10: =[2]หน้าผ้า!G19 -> 16 | F10: =[2]หน้าผ้า!H19 -> 25 | G10: =[2]หน้าผ้า!I19 -> ขาว | H10: =[2]หน้าผ้า!J19 -> 0 | I10: =[2]หน้าผ้า!L19 -> 45 | J10: =[2]หน้าผ้า!M19 -> ± | K10: =[2]หน้าผ้า!N19 -> 5 | L10: =[2]หน้าผ้า!R19 -> ไม่ | M10: =[2]หน้าผ้า!T19 -> ไม่สวมถุงใน | N10: =[2]หน้าผ้า!U19 -> 0 | O10: =[2]หน้าผ้า!V19 -> 0 | P10: =[2]หน้าผ้า!AB19 -> 0 | Q10: =[2]หน้าผ้า!AC19 -> 0 | R10: =[2]หน้าผ้า!AD19 -> 0 | S10: =[2]หน้าผ้า!Z19 -> ห่ออัดเบลแบน500 | T10: =[2]หน้าผ้า!X19 -> 45909 | U10: =[2]หน้าผ้า!AA19 -> 5000 | V10: =[2]หน้าผ้า!AJ19 -> 0 | W10: =[2]หน้าผ้า!AL19 -> 5000 | X10: =[2]หน้าผ้า!AM19 -> 5400 | Y10: =[2]หน้าผ้า!AN19 -> 0 | Z10: =[2]หน้าผ้า!AO19 -> WSWT1625800 | AA10: =[2]หน้าผ้า!AQ19 -> 0 | AB10: =[2]หน้าผ้า!AR19 -> 0 | AC10: =[2]หน้าผ้า!AS19 -> 0 | AD10: =[2]หน้าผ้า!AT19 -> 0 | AE10: =[2]หน้าผ้า!AU19 -> 0 | AF10: =[2]หน้าผ้า!AI19 -> 0 | AG10: =[3]หน้าผ้า!DC22 -> พร้อมส่ง | AH10: =[2]หน้าผ้า!DL19 -> P7 | AI10: =[2]หน้าผ้า!DM19 -> 2 | AJ10: =[2]หน้าผ้า!DN19 -> 45909 | AK10: =[2]หน้าผ้า!DQ19 -> 0 | AL10: =[2]หน้าผ้า!DR19 -> 45900 | AM10: =[2]หน้าผ้า!DS19 -> 45907 | AN10: =[2]หน้าผ้า!DT19 -> 45908 | AO10: =[2]หน้าผ้า!DU19 -> 45908 | AP10: =[2]หน้าผ้า!DP19 -> 45904 | AQ10: =[2]หน้าผ้า!DW19 -> 0 | AR10: =[2]หน้าผ้า!DX19 -> 0 | AS10: =[2]หน้าผ้า!DY19 -> 0 | AT10: =[2]หน้าผ้า!DZ19 -> 0 | AU10: =[2]หน้าผ้า!EA19 -> 0 | AV10: =[2]หน้าผ้า!EB19 -> 0 | AW10: =[2]หน้าผ้า!EC19 -> งานพิมพ์ | AX10: =[2]หน้าผ้า!ED19 -> / | AY10: =[2]หน้าผ้า!AG19 -> 0 | AZ10: =[2]หน้าผ้า!EG19 -> 0 | BA10: =[2]หน้าผ้า!EH19 -> 0 | BB10: =[2]หน้าผ้า!EI19 -> 0 | BC10: =[2]หน้าผ้า!BZ19 -> WRWT25800/WRWT25800 | BD10: =[2]หน้าผ้า!CA19 -> 0
A11: =[2]หน้าผ้า!C20 -> 45897 | B11: =[2]หน้าผ้า!B20 -> MK68-001045 | C11: =[2]หน้าผ้า!E20 -> บจก.เคอรี่ฟลาวมิลล์ | D11: =[2]หน้าผ้า!F20 -> โดนัทแฟนฉัน 10กก | E11: =[2]หน้าผ้า!G20 -> 16 | F11: =[2]หน้าผ้า!H20 -> 25 | G11: =[2]หน้าผ้า!I20 -> ขาว | H11: =[2]หน้าผ้า!J20 -> 0 | I11: =[2]หน้าผ้า!L20 -> 45 | J11: =[2]หน้าผ้า!M20 -> ± | K11: =[2]หน้าผ้า!N20 -> 5 | L11: =[2]หน้าผ้า!R20 -> ไม่ | M11: =[2]หน้าผ้า!T20 -> ไม่สวมถุงใน | N11: =[2]หน้าผ้า!U20 -> 0 | O11: =[2]หน้าผ้า!V20 -> 0 | P11: =[2]หน้าผ้า!AB20 -> 0 | Q11: =[2]หน้าผ้า!AC20 -> 0 | R11: =[2]หน้าผ้า!AD20 -> 0 | S11: =[2]หน้าผ้า!Z20 -> ห่ออัดเบลแบน500 | T11: =[2]หน้าผ้า!X20 -> 45909 | U11: =[2]หน้าผ้า!AA20 -> 5000 | V11: =[2]หน้าผ้า!AJ20 -> 0 | W11: =[2]หน้าผ้า!AL20 -> 5000 | X11: =[2]หน้าผ้า!AM20 -> 5400 | Y11: =[2]หน้าผ้า!AN20 -> 0 | Z11: =[2]หน้าผ้า!AO20 -> WSWT1625800 | AA11: =[2]หน้าผ้า!AQ20 -> 0 | AB11: =[2]หน้าผ้า!AR20 -> 0 | AC11: =[2]หน้าผ้า!AS20 -> 0 | AD11: =[2]หน้าผ้า!AT20 -> 0 | AE11: =[2]หน้าผ้า!AU20 -> 0 | AF11: =[2]หน้าผ้า!AI20 -> 0 | AG11: =[3]หน้าผ้า!DC23 -> พร้อมส่ง | AH11: =[2]หน้าผ้า!DL20 -> P7 | AI11: =[2]หน้าผ้า!DM20 -> 2 | AJ11: =[2]หน้าผ้า!DN20 -> 45909 | AK11: =[2]หน้าผ้า!DQ20 -> 0 | AL11: =[2]หน้าผ้า!DR20 -> 45900 | AM11: =[2]หน้าผ้า!DS20 -> 45907 | AN11: =[2]หน้าผ้า!DT20 -> 45908 | AO11: =[2]หน้าผ้า!DU20 -> 45908 | AP11: =[2]หน้าผ้า!DP20 -> 45904 | AQ11: =[2]หน้าผ้า!DW20 -> 0 | AR11: =[2]หน้าผ้า!DX20 -> 0 | AS11: =[2]หน้าผ้า!DY20 -> 0 | AT11: =[2]หน้าผ้า!DZ20 -> 0 | AU11: =[2]หน้าผ้า!EA20 -> 0 | AV11: =[2]หน้าผ้า!EB20 -> 0 | AW11: =[2]หน้าผ้า!EC20 -> งานพิมพ์ | AX11: =[2]หน้าผ้า!ED20 -> / | AY11: =[2]หน้าผ้า!AG20 -> 0 | AZ11: =[2]หน้าผ้า!EG20 -> 0 | BA11: =[2]หน้าผ้า!EH20 -> 0 | BB11: =[2]หน้าผ้า!EI20 -> 0 | BC11: =[2]หน้าผ้า!BZ20 -> WRWT25800/WRWT25800 | BD11: =[2]หน้าผ้า!CA20 -> 0
A12: =[2]หน้าผ้า!C21 -> 45897 | B12: =[2]หน้าผ้า!B21 -> MK68-001045 | C12: =[2]หน้าผ้า!E21 -> บจก.เคอรี่ฟลาวมิลล์ | D12: =[2]หน้าผ้า!F21 -> น้องเอินโดนัท 10กก | E12: =[2]หน้าผ้า!G21 -> 16 | F12: =[2]หน้าผ้า!H21 -> 25 | G12: =[2]หน้าผ้า!I21 -> ขาว | H12: =[2]หน้าผ้า!J21 -> 0 | I12: =[2]หน้าผ้า!L21 -> 45 | J12: =[2]หน้าผ้า!M21 -> ± | K12: =[2]หน้าผ้า!N21 -> 5 | L12: =[2]หน้าผ้า!R21 -> ไม่ | M12: =[2]หน้าผ้า!T21 -> ไม่สวมถุงใน | N12: =[2]หน้าผ้า!U21 -> 0 | O12: =[2]หน้าผ้า!V21 -> 0 | P12: =[2]หน้าผ้า!AB21 -> 0 | Q12: =[2]หน้าผ้า!AC21 -> 0 | R12: =[2]หน้าผ้า!AD21 -> 0 | S12: =[2]หน้าผ้า!Z21 -> ห่ออัดเบลแบน500 | T12: =[2]หน้าผ้า!X21 -> 45925 | U12: =[2]หน้าผ้า!AA21 -> 5000 | V12: =[2]หน้าผ้า!AJ21 -> 0 | W12: =[2]หน้าผ้า!AL21 -> 5000 | X12: =[2]หน้าผ้า!AM21 -> 0 | Y12: =[2]หน้าผ้า!AN21 -> 5250 | Z12: =[2]หน้าผ้า!AO21 -> WSWT1625800 | AA12: =[2]หน้าผ้า!AQ21 -> 3702.05 | AB12: =[2]หน้าผ้า!AR21 -> 682 | AC12: =[2]หน้าผ้า!AS21 -> 3020.05 | AD12: =[2]หน้าผ้า!AT21 -> 0 | AE12: =[2]หน้าผ้า!AU21 -> 0 | AF12: =[2]หน้าผ้า!AI21 -> 0 | AG12: =[3]หน้าผ้า!DC24 -> พร้อมส่ง | AH12: =[2]หน้าผ้า!DL21 -> P7 | AI12: =[2]หน้าผ้า!DM21 -> 2 | AJ12: =[2]หน้าผ้า!DN21 -> 45925 | AK12: =[2]หน้าผ้า!DQ21 -> 0 | AL12: =[2]หน้าผ้า!DR21 -> 45916 | AM12: =[2]หน้าผ้า!DS21 -> 45923 | AN12: =[2]หน้าผ้า!DT21 -> 45924 | AO12: =[2]หน้าผ้า!DU21 -> 45924 | AP12: =[2]หน้าผ้า!DP21 -> 45920 | AQ12: =[2]หน้าผ้า!DW21 -> 0 | AR12: =[2]หน้าผ้า!DX21 -> 0 | AS12: =[2]หน้าผ้า!DY21 -> 0 | AT12: =[2]หน้าผ้า!DZ21 -> 0 | AU12: =[2]หน้าผ้า!EA21 -> 0 | AV12: =[2]หน้าผ้า!EB21 -> 0 | AW12: =[2]หน้าผ้า!EC21 -> งานพิมพ์ | AX12: =[2]หน้าผ้า!ED21 -> รอART | AY12: =[2]หน้าผ้า!AG21 -> 0 | AZ12: =[2]หน้าผ้า!EG21 -> 0 | BA12: =[2]หน้าผ้า!EH21 -> 0 | BB12: =[2]หน้าผ้า!EI21 -> 0 | BC12: =[2]หน้าผ้า!BZ21 -> WRWT25800/WRWT25800 | BD12: =[2]หน้าผ้า!CA21 -> 184.69284
A13: =[2]หน้าผ้า!C22 -> 0 | B13: =[2]หน้าผ้า!B22 -> 0 | C13: =[2]หน้าผ้า!E22 -> 0 | D13: =[2]หน้าผ้า!F22 -> 0 | E13: =[2]หน้าผ้า!G22 -> 16 | F13: =[2]หน้าผ้า!H22 -> 25 | G13: =[2]หน้าผ้า!I22 -> ขาว | H13: =[2]หน้าผ้า!J22 -> 0 | I13: =[2]หน้าผ้า!L22 -> 45 | J13: =[2]หน้าผ้า!M22 -> ± | K13: =[2]หน้าผ้า!N22 -> 5 | L13: =[2]หน้าผ้า!R22 -> 0 | M13: =[2]หน้าผ้า!T22 -> 0 | N13: =[2]หน้าผ้า!U22 -> 0 | O13: =[2]หน้าผ้า!V22 -> 0 | P13: =[2]หน้าผ้า!AB22 -> 0 | Q13: =[2]หน้าผ้า!AC22 -> 0 | R13: =[2]หน้าผ้า!AD22 -> 0 | S13: =[2]หน้าผ้า!Z22 -> 0 | T13: =[2]หน้าผ้า!X22 -> 0 | U13: =[2]หน้าผ้า!AA22 -> 0 | V13: =[2]หน้าผ้า!AJ22 -> 0 | W13: =[2]หน้าผ้า!AL22 -> 0 | X13: =[2]หน้าผ้า!AM22 -> 0 | Y13: =[2]หน้าผ้า!AN22 -> 0 | Z13: =[2]หน้าผ้า!AO22 -> WSWT1625800 | AA13: =[2]หน้าผ้า!AQ22 -> 3702.05 | AB13: =[2]หน้าผ้า!AR22 -> 682 | AC13: =[2]หน้าผ้า!AS22 -> 3020.05 | AD13: =[2]หน้าผ้า!AT22 -> 0 | AE13: =[2]หน้าผ้า!AU22 -> 0 | AF13: =[2]หน้าผ้า!AI22 -> ระบุในSD | AG13: =[3]หน้าผ้า!DC25 -> ยังไม่ได้พิมพ์ | AH13: =[2]หน้าผ้า!DL22 -> 0 | AI13: =[2]หน้าผ้า!DM22 -> Lead time | AJ13: =[2]หน้าผ้า!DN22 -> 0 | AK13: =[2]หน้าผ้า!DQ22 -> 0 | AL13: =[2]หน้าผ้า!DR22 -> 0 | AM13: =[2]หน้าผ้า!DS22 -> 0 | AN13: =[2]หน้าผ้า!DT22 -> 0 | AO13: =[2]หน้าผ้า!DU22 -> 0 | AP13: =[2]หน้าผ้า!DP22 -> 0 | AQ13: =[2]หน้าผ้า!DW22 -> 0 | AR13: =[2]หน้าผ้า!DX22 -> 0 | AS13: =[2]หน้าผ้า!DY22 -> 0 | AT13: =[2]หน้าผ้า!DZ22 -> 0 | AU13: =[2]หน้าผ้า!EA22 -> 0 | AV13: =[2]หน้าผ้า!EB22 -> 0 | AW13: =[2]หน้าผ้า!EC22 -> 0 | AX13: =[2]หน้าผ้า!ED22 -> 0 | AY13: =[2]หน้าผ้า!AG22 -> 0 | AZ13: =[2]หน้าผ้า!EG22 -> 0 | BA13: =[2]หน้าผ้า!EH22 -> 0 | BB13: =[2]หน้าผ้า!EI22 -> 0 | BC13: =[2]หน้าผ้า!BZ22 -> WRWT160800/WRWT25800 | BD13: =[2]หน้าผ้า!CA22 -> 0
A14: =[2]หน้าผ้า!C23 -> 0 | B14: =[2]หน้าผ้า!B23 -> 0 | C14: =[2]หน้าผ้า!E23 -> 0 | D14: =[2]หน้าผ้า!F23 -> 0 | E14: =[2]หน้าผ้า!G23 -> 16 | F14: =[2]หน้าผ้า!H23 -> 25 | G14: =[2]หน้าผ้า!I23 -> 0 | H14: =[2]หน้าผ้า!J23 -> 0 | I14: =[2]หน้าผ้า!L23 -> 47 | J14: =[2]หน้าผ้า!M23 -> ± | K14: =[2]หน้าผ้า!N23 -> 5 | L14: =[2]หน้าผ้า!R23 -> 0 | M14: =[2]หน้าผ้า!T23 -> 0 | N14: =[2]หน้าผ้า!U23 -> 0 | O14: =[2]หน้าผ้า!V23 -> 0 | P14: =[2]หน้าผ้า!AB23 -> 0 | Q14: =[2]หน้าผ้า!AC23 -> 0 | R14: =[2]หน้าผ้า!AD23 -> 0 | S14: =[2]หน้าผ้า!Z23 -> 0 | T14: =[2]หน้าผ้า!X23 -> 0 | U14: =[2]หน้าผ้า!AA23 -> 0 | V14: =[2]หน้าผ้า!AJ23 -> 0 | W14: =[2]หน้าผ้า!AL23 -> 0 | X14: =[2]หน้าผ้า!AM23 -> 0 | Y14: =[2]หน้าผ้า!AN23 -> 0 | Z14: =[2]หน้าผ้า!AO23 -> WSWT1621720SMFX | AA14: =[2]หน้าผ้า!AQ23 -> #REF! | AB14: =[2]หน้าผ้า!AR23 -> #REF! | AC14: =[2]หน้าผ้า!AS23 -> #REF! | AD14: =[2]หน้าผ้า!AT23 -> #REF! | AE14: =[2]หน้าผ้า!AU23 -> #REF! | AF14: =[2]หน้าผ้า!AI23 -> ระบุในSD | AG14: =[3]หน้าผ้า!DC26 -> พร้อมส่ง | AH14: =[2]หน้าผ้า!DL23 -> 0 | AI14: =[2]หน้าผ้า!DM23 -> 0 | AJ14: =[2]หน้าผ้า!DN23 -> 0 | AK14: =[2]หน้าผ้า!DQ23 -> 0 | AL14: =[2]หน้าผ้า!DR23 -> 0 | AM14: =[2]หน้าผ้า!DS23 -> 0 | AN14: =[2]หน้าผ้า!DT23 -> 0 | AO14: =[2]หน้าผ้า!DU23 -> 0 | AP14: =[2]หน้าผ้า!DP23 -> 0 | AQ14: =[2]หน้าผ้า!DW23 -> 0 | AR14: =[2]หน้าผ้า!DX23 -> 0 | AS14: =[2]หน้าผ้า!DY23 -> 0 | AT14: =[2]หน้าผ้า!DZ23 -> 0 | AU14: =[2]หน้าผ้า!EA23 -> 0 | AV14: =[2]หน้าผ้า!EB23 -> 0 | AW14: =[2]หน้าผ้า!EC23 -> 0 | AX14: =[2]หน้าผ้า!ED23 -> 0 | AY14: =[2]หน้าผ้า!AG23 -> 0 | AZ14: =[2]หน้าผ้า!EG23 -> 0 | BA14: =[2]หน้าผ้า!EH23 -> 0 | BB14: =[2]หน้าผ้า!EI23 -> 0 | BC14: =[2]หน้าผ้า!BZ23 -> WRWT160720/WRWT21720 | BD14: =[2]หน้าผ้า!CA23 -> 0
A15: =[2]หน้าผ้า!C24 -> 0 | B15: =[2]หน้าผ้า!B24 -> 0 | C15: =[2]หน้าผ้า!E24 -> 0 | D15: =[2]หน้าผ้า!F24 -> 0 | E15: =[2]หน้าผ้า!G24 -> 17 | F15: =[2]หน้าผ้า!H24 -> 26 | G15: =[2]หน้าผ้า!I24 -> 0 | H15: =[2]หน้าผ้า!J24 -> 0 | I15: =[2]หน้าผ้า!L24 -> 48 | J15: =[2]หน้าผ้า!M24 -> ± | K15: =[2]หน้าผ้า!N24 -> 5 | L15: =[2]หน้าผ้า!R24 -> 0 | M15: =[2]หน้าผ้า!T24 -> 0 | N15: =[2]หน้าผ้า!U24 -> 0 | O15: =[2]หน้าผ้า!V24 -> 0 | P15: =[2]หน้าผ้า!AB24 -> 0 | Q15: =[2]หน้าผ้า!AC24 -> 0 | R15: =[2]หน้าผ้า!AD24 -> 0 | S15: =[2]หน้าผ้า!Z24 -> 0 | T15: =[2]หน้าผ้า!X24 -> 0 | U15: =[2]หน้าผ้า!AA24 -> 0 | V15: =[2]หน้าผ้า!AJ24 -> 0 | W15: =[2]หน้าผ้า!AL24 -> 0 | X15: =[2]หน้าผ้า!AM24 -> 0 | Y15: =[2]หน้าผ้า!AN24 -> 0 | Z15: =[2]หน้าผ้า!AO24 -> WSWT1725800 | AA15: =[2]หน้าผ้า!AQ24 -> #REF! | AB15: =[2]หน้าผ้า!AR24 -> #REF! | AC15: =[2]หน้าผ้า!AS24 -> #REF! | AD15: =[2]หน้าผ้า!AT24 -> #REF! | AE15: =[2]หน้าผ้า!AU24 -> #REF! | AF15: =[2]หน้าผ้า!AI24 -> ระบุในSD | AG15: =[3]หน้าผ้า!DC27 -> ยังไม่ได้พิมพ์ | AH15: =[2]หน้าผ้า!DL24 -> 0 | AI15: =[2]หน้าผ้า!DM24 -> 0 | AJ15: =[2]หน้าผ้า!DN24 -> 0 | AK15: =[2]หน้าผ้า!DQ24 -> 0 | AL15: =[2]หน้าผ้า!DR24 -> 0 | AM15: =[2]หน้าผ้า!DS24 -> 0 | AN15: =[2]หน้าผ้า!DT24 -> 0 | AO15: =[2]หน้าผ้า!DU24 -> 0 | AP15: =[2]หน้าผ้า!DP24 -> 0 | AQ15: =[2]หน้าผ้า!DW24 -> 0 | AR15: =[2]หน้าผ้า!DX24 -> 0 | AS15: =[2]หน้าผ้า!DY24 -> 0 | AT15: =[2]หน้าผ้า!DZ24 -> 0 | AU15: =[2]หน้าผ้า!EA24 -> 0 | AV15: =[2]หน้าผ้า!EB24 -> 0 | AW15: =[2]หน้าผ้า!EC24 -> 0 | AX15: =[2]หน้าผ้า!ED24 -> 0 | AY15: =[2]หน้าผ้า!AG24 -> 0 | AZ15: =[2]หน้าผ้า!EG24 -> 0 | BA15: =[2]หน้าผ้า!EH24 -> 0 | BB15: =[2]หน้าผ้า!EI24 -> 0 | BC15: =[2]หน้าผ้า!BZ24 -> WRWT170800/WRWT25800 | BD15: =[2]หน้าผ้า!CA24 -> 0
A16: =[2]หน้าผ้า!C25 -> ประมาณการ | B16: =[2]หน้าผ้า!B25 -> ประมาณการ | C16: =[2]หน้าผ้า!E25 -> บจก.ฟาร์เธอร์ส วิง ซัพพลาย | D16: =[2]หน้าผ้า!F25 -> รถไฟ | E16: =[2]หน้าผ้า!G25 -> 18 | F16: =[2]หน้าผ้า!H25 -> 30 | G16: =[2]หน้าผ้า!I25 -> ขาว | H16: =[2]หน้าผ้า!J25 -> 0 | I16: =[2]หน้าผ้า!L25 -> 54 | J16: =[2]หน้าผ้า!M25 -> ± | K16: =[2]หน้าผ้า!N25 -> 5 | L16: =[2]หน้าผ้า!R25 -> บิด | M16: =[2]หน้าผ้า!T25 -> 19 | N16: =[2]หน้าผ้า!U25 -> 33 | O16: =[2]หน้าผ้า!V25 -> 40 | P16: =[2]หน้าผ้า!AB25 -> 232.02999 | Q16: =[2]หน้าผ้า!AC25 -> 0 | R16: =[2]หน้าผ้า!AD25 -> 232.02999 | S16: =[2]หน้าผ้า!Z25 -> 500กระสอบ | T16: =[2]หน้าผ้า!X25 -> รอแจ้ง | U16: =[2]หน้าผ้า!AA25 -> 15000 | V16: =[2]หน้าผ้า!AJ25 -> 0 | W16: =[2]หน้าผ้า!AL25 -> 15000 | X16: =[2]หน้าผ้า!AM25 -> 0 | Y16: =[2]หน้าผ้า!AN25 -> 15750 | Z16: =[2]หน้าผ้า!AO25 -> WSWT1825800 | AA16: =[2]หน้าผ้า!AQ25 -> 13201.65 | AB16: =[2]หน้าผ้า!AR25 -> 2599 | AC16: =[2]หน้าผ้า!AS25 -> 10602.65 | AD16: =[2]หน้าผ้า!AT25 -> 0 | AE16: =[2]หน้าผ้า!AU25 -> 0 | AF16: =[2]หน้าผ้า!AI25 -> 0 | AG16: =[3]หน้าผ้า!DC28 -> พร้อมส่ง | AH16: =[2]หน้าผ้า!DL25 -> P9 | AI16: =[2]หน้าผ้า!DM25 -> 3 | AJ16: =[2]หน้าผ้า!DN25 -> รอแจ้ง | AK16: =[2]หน้าผ้า!DQ25 -> 0 | AL16: =[2]หน้าผ้า!DR25 -> #VALUE! | AM16: =[2]หน้าผ้า!DS25 -> #VALUE! | AN16: =[2]หน้าผ้า!DT25 -> #VALUE! | AO16: =[2]หน้าผ้า!DU25 -> #VALUE! | AP16: =[2]หน้าผ้า!DP25 -> #VALUE! | AQ16: =[2]หน้าผ้า!DW25 -> #VALUE! | AR16: =[2]หน้าผ้า!DX25 -> 0 | AS16: =[2]หน้าผ้า!DY25 -> 0 | AT16: =[2]หน้าผ้า!DZ25 -> 0 | AU16: =[2]หน้าผ้า!EA25 -> 0 | AV16: =[2]หน้าผ้า!EB25 -> 0 | AW16: =[2]หน้าผ้า!EC25 -> งานพิมพ์ | AX16: =[2]หน้าผ้า!ED25 -> รอART | AY16: =[2]หน้าผ้า!AG25 -> 0 | AZ16: =[2]หน้าผ้า!EG25 -> 0 | BA16: =[2]หน้าผ้า!EH25 -> 0 | BB16: =[2]หน้าผ้า!EI25 -> 0 | BC16: =[2]หน้าผ้า!BZ25 -> WRWT25800/WRWT25800 | BD16: =[2]หน้าผ้า!CA25 -> 729.46232
A17: =[2]หน้าผ้า!C26 -> 0 | B17: =[2]หน้าผ้า!B26 -> 0 | C17: =[2]หน้าผ้า!E26 | D17: =[2]หน้าผ้า!F26 | E17: =[2]หน้าผ้า!G26 -> 18 | F17: =[2]หน้าผ้า!H26 -> 30 | G17: =[2]หน้าผ้า!I26 -> ขาว | H17: =[2]หน้าผ้า!J26 -> 0 | I17: =[2]หน้าผ้า!L26 -> 54 | J17: =[2]หน้าผ้า!M26 -> ± | K17: =[2]หน้าผ้า!N26 -> 5 | L17: =[2]หน้าผ้า!R26 -> 0 | M17: =[2]หน้าผ้า!T26 -> 0 | N17: =[2]หน้าผ้า!U26 -> 0 | O17: =[2]หน้าผ้า!V26 -> 0 | P17: =[2]หน้าผ้า!AB26 -> 0 | Q17: =[2]หน้าผ้า!AC26 -> 0 | R17: =[2]หน้าผ้า!AD26 -> 0 | S17: =[2]หน้าผ้า!Z26 -> 0 | T17: =[2]หน้าผ้า!X26 -> 0 | U17: =[2]หน้าผ้า!AA26 -> 0 | V17: =[2]หน้าผ้า!AJ26 -> 0 | W17: =[2]หน้าผ้า!AL26 -> 0 | X17: =[2]หน้าผ้า!AM26 -> 0 | Y17: =[2]หน้าผ้า!AN26 -> 0 | Z17: =[2]หน้าผ้า!AO26 -> WSWT1825800 | AA17: =[2]หน้าผ้า!AQ26 -> 13201.65 | AB17: =[2]หน้าผ้า!AR26 -> 2599 | AC17: =[2]หน้าผ้า!AS26 -> 10602.65 | AD17: =[2]หน้าผ้า!AT26 -> 0 | AE17: =[2]หน้าผ้า!AU26 -> 0 | AF17: =[2]หน้าผ้า!AI26 -> ระบุในSD | AG17: =[3]หน้าผ้า!DC29 -> ยังไม่ได้พิมพ์ | AH17: =[2]หน้าผ้า!DL26 -> 0 | AI17: =[2]หน้าผ้า!DM26 -> Lead time | AJ17: =[2]หน้าผ้า!DN26 -> 0 | AK17: =[2]หน้าผ้า!DQ26 -> 0 | AL17: =[2]หน้าผ้า!DR26 -> 0 | AM17: =[2]หน้าผ้า!DS26 -> 0 | AN17: =[2]หน้าผ้า!DT26 -> 0 | AO17: =[2]หน้าผ้า!DU26 -> 0 | AP17: =[2]หน้าผ้า!DP26 -> 0 | AQ17: =[2]หน้าผ้า!DW26 -> 0 | AR17: =[2]หน้าผ้า!DX26 -> 0 | AS17: =[2]หน้าผ้า!DY26 -> 0 | AT17: =[2]หน้าผ้า!DZ26 -> 0 | AU17: =[2]หน้าผ้า!EA26 -> 0 | AV17: =[2]หน้าผ้า!EB26 -> 0 | AW17: =[2]หน้าผ้า!EC26 -> 0 | AX17: =[2]หน้าผ้า!ED26 -> 0 | AY17: =[2]หน้าผ้า!AG26 -> 0 | AZ17: =[2]หน้าผ้า!EG26 -> 0 | BA17: =[2]หน้าผ้า!EH26 -> 0 | BB17: =[2]หน้าผ้า!EI26 -> 0 | BC17: =[2]หน้าผ้า!BZ26 -> WRWT25800/WRWT25800 | BD17: =[2]หน้าผ้า!CA26 -> 0
... A575: =[2]หน้าผ้า!C584 -> 0 | B575: =[2]หน้าผ้า!B584 -> 0 | C575: =[2]หน้าผ้า!E584 -> 0 | D575: =[2]หน้าผ้า!F584 -> 0 | E575: =[2]หน้าผ้า!G584 -> 0 | F575: =[2]หน้าผ้า!H584 -> 0 | G575: =[2]หน้าผ้า!I584 -> 0 | H575: =[2]หน้าผ้า!J584 -> 0 | I575: =[2]หน้าผ้า!L584 -> 0 | J575: =[2]หน้าผ้า!M584 -> 0 | K575: =[2]หน้าผ้า!N584 -> 0 | L575: =[2]หน้าผ้า!R584 -> 0 | M575: =[2]หน้าผ้า!T584 -> 0 | N575: =[2]หน้าผ้า!U584 -> 0 | O575: =[2]หน้าผ้า!V584 -> 0 | P575: =[2]หน้าผ้า!AB584 -> 0 | Q575: =[2]หน้าผ้า!AC584 -> 0 | R575: =[2]หน้าผ้า!AD584 -> 0 | S575: =[2]หน้าผ้า!Z584 -> 0 | T575: =[2]หน้าผ้า!X584 -> 0 | U575: =[2]หน้าผ้า!AA584 -> 0 | V575: =[2]หน้าผ้า!AJ584 -> 0 | W575: =[2]หน้าผ้า!AL584 -> 0 | X575: =[2]หน้าผ้า!AM584 -> 0 | Y575: =[2]หน้าผ้า!AN584 -> 0 | Z575: =[2]หน้าผ้า!AO584 -> 0 | AA575: =[2]หน้าผ้า!AQ584 -> 0 | AB575: =[2]หน้าผ้า!AR584 -> 0 | AC575: =[2]หน้าผ้า!AS584 -> 0 | AD575: =[2]หน้าผ้า!AT584 -> 0 | AE575: =[2]หน้าผ้า!AU584 -> 0 | AF575: =[2]หน้าผ้า!AI584 -> 0 | AG575: =[3]หน้าผ้า!DC587 -> 0 | AH575: =[2]หน้าผ้า!DL584 -> 0 | AI575: =[2]หน้าผ้า!DM584 -> 0 | AJ575: =[2]หน้าผ้า!DN584 -> 0 | AK575: =[2]หน้าผ้า!DQ584 -> 0 | AL575: =[2]หน้าผ้า!DR584 -> 0 | AM575: =[2]หน้าผ้า!DS584 -> 0 | AN575: =[2]หน้าผ้า!DT584 -> 0 | AO575: =[2]หน้าผ้า!DU584 -> 0 | AP575: =[2]หน้าผ้า!DP584 -> 0 | AQ575: =[2]หน้าผ้า!DW584 -> 0 | AR575: =[2]หน้าผ้า!DX584 -> 0 | AS575: =[2]หน้าผ้า!DY584 -> 0 | AT575: =[2]หน้าผ้า!DZ584 -> 0 | AU575: =[2]หน้าผ้า!EA584 -> 0 | AV575: =[2]หน้าผ้า!EB584 -> 0 | AW575: =[2]หน้าผ้า!EC584 -> 0 | AX575: =[2]หน้าผ้า!ED584 -> 0 | AY575: =[2]หน้าผ้า!AG584 -> 0 | AZ575: =[2]หน้าผ้า!EG584 -> 0 | BA575: =[2]หน้าผ้า!EH584 -> 0 | BB575: =[2]หน้าผ้า!EI584 -> 0 | BC575: =[2]หน้าผ้า!BZ584 -> 0 | BD575: =[2]หน้าผ้า!CA584 -> 0

Sheet 9(Order+FC)
A2: เลขที่ SO | B2: (หลายรายการ)
A3: วันส่ง | B3: (หลายรายการ)
A4: ชื่อลูกค้า | B4: (ทั้งหมด)
K5: 9
A6: ประเภท | B6: ผลรวม ของ จำนวนส่ง | C6: ผลรวม ของ ค้างพิมพ์ | D6: ผลรวม ของ ค้างตัด | E6: ผลรวม ของ ใช้ | F6: ผลรวม ของ Stock | G6: ผลรวม ของ ค้างทอ
A7: WSWT1625800SM | B7: 5000 | C7: 5250 | D7: 5000 | E7: 3702.05 | F7: 3702.05 | G7: 0 | H7: =+J7-I7 -> 0 | J7: =G7 -> 0
A8: WSWT1921720 | B8: 400000 | C8: 325500 | D8: 340500 | E8: 290156.9 | F8: 49840.6 | G8: 240316.3 | H8: =+J8-I8 -> 240316.3 | J8: =G8 -> 240316.3
A9: WSWT1925800 | B9: 150000 | C9: 157255.35 | D9: 149767 | E9: 132916.01 | F9: 24047 | G9: 108869.01 | H9: =+J9-I9 -> 108869.01 | J9: =G9 -> 108869.01
A10: WSWT2025800 | B10: 132454 | C10: 61161.45 | D10: 100138 | E10: 60641.797 | F10: 60641.797 | G10: 0 | H10: =+J10-I10 -> 0 | J10: =G10 -> 0
A11: WSWT2025800SM | B11: 316880 | C11: 303450 | D11: 291287 | E11: 309365.65 | F11: 57096.58 | G11: 252269.07 | H11: =+J11-I11 -> 252269.07 | J11: =G11 -> 252269.07
A12: WSWT2121670SM | B12: 152000 | C12: 124950 | D12: 119074 | E12: 128090.93 | F12: 128090.93 | G12: 0 | H12: =+J12-I12 -> 0 | J12: =G12 -> 0 | K12: 40000 | L12: =+K5*K12 -> 360000 | M12: =+L12-J12 -> 360000
A13: WSWT2325650 | B13: 60000 | C13: 63000 | D13: 60000 | E13: 59512.2 | F13: 27294 | G13: 32218.2 | H13: =+J13-I13 -> 32218.2 | J13: =G13 -> 32218.2 | K13: 14000 | L13: =+K13*K5 -> 126000 | M13: =+L13-J13 -> 93781.8
A14: WSWT2625650 | B14: 13000 | C14: 8400 | D14: 11200 | E14: 13120.624 | F14: 3621.024 | G14: 9499.6 | H14: =+J14-I14 -> 9499.6 | J14: =G14 -> 9499.6
A15: WSWT2625800 | B15: 10000 | C15: 0 | D15: 10000 | E15: 12433.3 | F15: 12433.3 | G15: 0 | H15: =+J15-I15 -> 0 | J15: =G15 -> 0 | K15: 20000 | L15: =+K15*K5 -> 180000 | M15: =+L15-J15 -> 180000
A16: WSWT2625850SM | B16: 90000 | C16: 59587.5 | D16: 90000 | E16: 109521.83 | F16: 72221.931 | G16: 37299.9 | H16: =+J16-I16 -> 37299.9 | J16: =G16 -> 37299.9
A17: WSWT2825850 | B17: 108000 | C17: 52500 | D17: 75159 | E17: 66147.95 | F17: 8265.45 | G17: 57882.5 | H17: =+J17-I17 -> 57882.5 | J17: =G17 -> 57882.5
A18: ผลรวมทั้งหมด | B18: 1437334 | C18: 1161054.3 | D18: 1252125 | E18: 1185609.2 | F18: 447254.66 | G18: 738354.58 | H18: =+J18-I18 -> 738354.58 | J18: =G18 -> 738354.58
H19: 0 | I19: 54000 | J19: =G19 -> 0
H20: =+J20-I20 -> 0 | J20: =G20 -> 0
H21: =+J21-I21 -> 0 | J21: =G21 -> 0
H22: =+J22-I22 -> 0 | J22: =G22 -> 0
H23: =+J23-I23 -> 0 | J23: =G23 -> 0
H24: =+J24-I24 -> 0 | J24: =G24 -> 0
H25: =+J25-I25 -> 0 | J25: =G25 -> 0
H26: =+J26-I26 -> 0 | J26: =G26 -> 0
H27: =+J27-I27 -> 0 | J27: =G27 -> 0
H28: =+J28-I28 -> 0 | J28: =G28 -> 0 | M28: =+GETPIVOTDATA("ผลรวม ของ ใช้",$A$6)+H29+H33 -> 2752318.4
H29: =SUM(H7:H28) -> 1476709.2 | I29: =SUM(I7:I28) -> 54000 | J29: =SUM(J7:J28) -> 1476709.2
H32: =+H26 -> 0 | I32: 85 | J32: =+(H32+H29)*I32 -> 1.2552028e+08 | K32: =+J32/1000 -> 125520.28
H33: 90000 | I33: 95 | J33: =+H33*I33 -> 8550000 | K33: =+J33/1000 -> 8550
H35: =+H32+H33+H29 -> 1566709.2 | K35: =+K32+K33 -> 134070.28
N36: 705222
A37: ยอดส่ง 1/2/68 - 17/2/68 | B37: 1565717 | H37: 15 | I37: =+H35/H37 -> 104447.28
N38: =+H35+N36 -> 2271931.2
I39: =+H37*110000 -> 1650000
B41: =+B29+B37+B31-110000 -> 1455717 | C41: =+C29+C37+C31 -> 0 | D41: =+D29+D37+D31-110000 -> -110000 | E41: =+E29+E37+E31 -> 0 | F41: =+F29+F37+F31 -> 0 | G41: =+G29+G37+G31 -> 0
B43: 3218150
B45: =+B43-B41 -> 1762433
C47: =+C41/9 -> 0 | D47: =+D41/9 -> -12222.222

Sheet 9(Order)
A2: เลขที่ SO | B2: (หลายรายการ)
A3: วันส่ง | B3: (หลายรายการ)
A4: ชื่อลูกค้า | B4: (ทั้งหมด)
A6: ประเภท | B6: ผลรวม ของ จำนวนส่ง | C6: ผลรวม ของ ค้างพิมพ์ | D6: ผลรวม ของ ค้างตัด | E6: ผลรวม ของ ใช้ | F6: ผลรวม ของ Stock | G6: ผลรวม ของ ค้างทอ
A7: WSWT1625800 | B7: 20000 | C7: 14978.25 | D7: 15000 | E7: 10719.841 | F7: 0 | G7: 10719.841 | I7: =+K7-J7 -> 10719.841 | K7: =G7 -> 10719.841
A8: WSWT1625800SM | B8: 5000 | C8: 5250 | D8: 5000 | E8: 3702.05 | F8: 3702.05 | G8: 0 | I8: =+K8-J8 -> 0 | K8: =G8 -> 0
A9: WSWT1825800SM | B9: 5000 | C9: 5250 | D9: 5000 | E9: 3841.75 | F9: 2000 | G9: 1841.75 | I9: =+K9-J9 -> 1841.75 | K9: =G9 -> 1841.75
A10: WSWT1921720 | B10: 130000 | C10: 42000 | D10: 70500 | E10: 37439.6 | F10: 37439.6 | G10: 0 | I10: =+K10-J10 -> 0 | K10: =G10 -> 0
A11: WSWT1925800 | B11: 90000 | C11: 94500 | D11: 90000 | E11: 79209.9 | F11: 24047 | G11: 55162.9 | I11: =+K11-J11 -> 55162.9 | K11: =G11 -> 55162.9
A12: WSWT2025800 | B12: 132454 | C12: 61161.45 | D12: 100138 | E12: 60641.797 | F12: 60641.797 | G12: 0 | I12: =+K12-J12 -> 0 | K12: =G12 -> 0
A13: WSWT2025800SM | B13: 176880 | C13: 156450 | D13: 151287 | E13: 161004.25 | F13: 57096.58 | G13: 103907.67 | I13: =+K13-J13 -> 103907.67 | K13: =G13 -> 103907.67
A14: WSWT2121670SM | B14: 52000 | C14: 19950 | D14: 19074 | E14: 20521.93 | F14: 20521.93 | G14: 0 | I14: =+K14-J14 -> 0 | K14: =G14 -> 0
A15: WSWT2325800 | B15: 5000 | C15: 0 | D15: 0 | E15: 0 | F15: 0 | G15: 0 | I15: =+K15-J15 -> 0 | K15: =G15 -> 0
A16: WSWT2625650 | B16: 5000 | C16: 0 | D16: 3200 | E16: 3621.024 | F16: 3621.024 | G16: 0 | I16: =+K16-J16 -> 0 | K16: =G16 -> 0
A17: WSWT2625850SM | B17: 90000 | C17: 59587.5 | D17: 90000 | E17: 109521.83 | F17: 72221.931 | G17: 37299.9 | I17: 0 | J17: 54000 | K17: =G17 -> 37299.9
A18: WSWT2825850 | B18: 53000 | C18: 0 | D18: 20159 | E18: 0 | F18: 0 | G18: 0 | I18: =+K18-J18 -> 0 | K18: =G18 -> 0
A19: ผลรวมทั้งหมด | B19: 764334 | C19: 459127.2 | D19: 569358 | E19: 490223.97 | F19: 281291.91 | G19: 208932.06 | I19: =+K19-J19 -> 208932.06 | K19: =G19 -> 208932.06
I20: =+K20-J20 -> 0 | K20: =G20 -> 0
I21: =+K21-J21 -> 0 | K21: =G21 -> 0
I22: =+K22-J22 -> 0 | K22: =G22 -> 0
I23: =+K23-J23 -> 0 | K23: =G23 -> 0
I24: =+K24-J24 -> 0 | K24: =G24 -> 0
I25: =+K25-J25 -> 0 | K25: =G25 -> 0
I26: =SUM(I7:I25) -> 380564.22 | J26: =SUM(J7:J25) -> 54000 | K26: =SUM(K7:K25) -> 417864.12
D34: =D18 -> 20159
D36: =D20 -> 0
A37: ยอดส่ง 1/4/68 - 12/4/68 | B37: 887615
A38: Order+ส่ง | B38: =++B25+B37 -> 887615
A39: ประมาณการ | B39: 262000 | C39: 238350 | D39: 262000 | E39: 279847.04 | F39: 60825.09 | G39: 219021.95
A41: Order+ส่ง+ประมาณการ | B41: =+B25+B37+B39+B33 -> 1149615 | C41: =+C25+C37+C39+C33 -> 238350 | D41: =+D25+D37+D39+D33 -> 262000 | E41: =+E25+E37+E39+E33 -> 279847.04 | F41: =+F25+F37+F39+F33 -> 60825.09 | G41: =+G25+G37+G39+G33 -> 219021.95
B43: 3171376
B45: =+B41-B43 -> -2021761 | C45: =+$B$45 -> -2021761 | D45: =+$B$45 -> -2021761 | F45: =+$B$45 -> -2021761
D47: =+D41/6 -> 43666.667

Sheet 9(Order) แยกลูกค้า
A1: เลขที่ SO | B1: (หลายรายการ)
A2: วันส่ง | B2: (หลายรายการ)
A4: ประเภท | B4: ชื่อลูกค้า | C4: ผลรวม ของ จำนวนส่ง | D4: ผลรวม ของ ค้างพิมพ์ | E4: ผลรวม ของ ค้างตัด | F4: ผลรวม ของ Stock | G4: ผลรวม ของ ค้างทอ | I4: vn
A5: WSWT2025800SM | B5: บจก.เอพีเอ็ม อะโกร | C5: 4000 | D5: 4200 | E5: 4000 | F5: 4414.52 | G5: 0 | H5: =G5 -> 0
B6: บจก.เอสพีเอ็ม อาหารสัตว์ | C6: 5000 | D6: 0 | E6: 527 | F6: 0 | G6: 0 | H6: =G6 -> 0
A7: WSWT2025800SM ผลรวม | C7: 9000 | D7: 4200 | E7: 4527 | F7: 4414.52 | G7: 0 | H7: =G7 -> 0
A8: WSWT2121670SM | B8: บจก.ที.ซี.ยูเนี่ยน อโกรเทค | C8: 16000 | D8: 16800 | E8: 16000 | F8: 17211.04 | G8: 0 | H8: =G8 -> 0
B9: บจก.เอพีเอ็ม อะโกร | C9: 3000 | D9: 3150 | E9: 3000 | F9: 3310.89 | G9: 0 | H9: =G9 -> 0
A10: WSWT2121670SM ผลรวม | C10: 19000 | D10: 19950 | E10: 19000 | F10: 20521.93 | G10: 0 | H10: =G10 -> 0
A11: WSWT2825850 | B11: บจก.ไทยร่วมใจน้ำมันพืช | C11: 3000 | D11: 0 | E11: 159 | F11: 0 | G11: 0 | H11: =G11 -> 0
A12: WSWT2825850 ผลรวม | C12: 3000 | D12: 0 | E12: 159 | F12: 0 | G12: 0 | H12: =G12 -> 0
A13: ผลรวมทั้งหมด | C13: 31000 | D13: 24150 | E13: 23686 | F13: 24936.45 | G13: 0 | H13: =G13 -> 0
H14: =G14 -> 0
H15: =G15 -> 0
H16: =G16 -> 0
H17: =G17 -> 0
H18: =G18 -> 0
H19: =G19 -> 0
H20: =G20 -> 0
H21: =G21 -> 0
H22: =G22 -> 0
H23: =G23 -> 0
H24: =G24 -> 0
H25: =G25 -> 0
... H65: =G65 -> 0
H70: =SUM(H5:H69) -> 0
D119: Cap พิมพ์ | E119: Cap ตัด | F119: Stock 16/7 บ่าย | G119: Cap ทอ | I119: วันทงาน
B120: lส่ง | C120: 1-16/7 | D120: 160000 | E120: 160000 | G120: 120000 | I120: 12
C121: 1975256 | D121: =+D120*I120 -> 1920000 | E121: =+E120*I120 -> 1920000 | F121: 825147 | G121: =+G120*I120 -> 1440000
A122: เบทาโกรส่งแล้ว | B122: 20700 | C122: 424374
A123: เบทาโกรส่งแล้ว | B123: 20800 | C123: 155973
C126: รวมส่ง+ค้างส่ง | D126: ส่วนต่างCapคงเหลือ | E126: ส่วนต่างCapคงเหลือ | F126: คงเหลือ
C127: =+C50+C121 -> 1975256 | D127: =+D121-D50 -> 1920000 | E127: =+E121-E50 -> 1920000 | F127: =+F121-F50 -> 825147 | G127: =+G121-G50 -> 1440000
B129: 20700VN 20/7 | G129: 350000

Sheet 9(Fc) แยกลูกค้า
A1: เลขที่ SO | B1: ประมาณการ
A2: วันส่ง | B2: (หลายรายการ) | D2: 12
A4: ประเภท | B4: ชื่อลูกค้า | C4: ผลรวม ของ จำนวนส่ง | D4: ผลรวม ของ ค้างพิมพ์ | E4: ผลรวม ของ ค้างตัด | F4: ผลรวม ของ ใช้ | G4: ผลรวม ของ Stock | H4: ผลรวม ของ ค้างทอ
A5: WSWT1921720 | B5: บจก.เคอรี่ฟลาวมิลล์ | C5: 270000 | D5: 283500 | E5: 270000 | F5: 252717.3 | G5: 12401 | H5: 240316.3
A6: WSWT1921720 ผลรวม | C6: 270000 | D6: 283500 | E6: 270000 | F6: 252717.3 | G6: 12401 | H6: 240316.3
A7: WSWT1925800 | B7: บจก.ไลม์มาสเตอร์ | C7: 20000 | D7: 20755.35 | E7: 19767 | F7: 18501.714 | G7: 0 | H7: 18501.714
B8: บจก.เอ็กเซลเล้นท์ | C8: 40000 | D8: 42000 | E8: 40000 | F8: 35204.4 | G8: 0 | H8: 35204.4
A9: WSWT1925800 ผลรวม | C9: 60000 | D9: 62755.35 | E9: 59767 | F9: 53706.114 | G9: 0 | H9: 53706.114
A10: WSWT2025800SM | B10: บจก.ไทยธรรมดี | C10: 20000 | D10: 21000 | E10: 20000 | F10: 21513.8 | G10: 0 | H10: 21513.8
B11: บจก.อินเทคค์ โกลบอล | C11: 100000 | D11: 105000 | E11: 100000 | F11: 104775 | G11: 0 | H11: 104775
B12: บจก.เอสพีเอ็ม อาหารสัตว์ | C12: 20000 | D12: 21000 | E12: 20000 | F12: 22072.6 | G12: 0 | H12: 22072.6
A13: WSWT2025800SM ผลรวม | C13: 140000 | D13: 147000 | E13: 140000 | F13: 148361.4 | G13: 0 | H13: 148361.4
A14: WSWT2121670SM | B14: บจก.แอมโก้เวท | C14: 100000 | D14: 105000 | E14: 100000 | F14: 107569 | G14: 107569 | H14: 0
A15: WSWT2121670SM ผลรวม | C15: 100000 | D15: 105000 | E15: 100000 | F15: 107569 | G15: 107569 | H15: 0
A16: WSWT2325650 | B16: พันธุ์ข้าว | C16: 30000 | D16: 31500 | E16: 30000 | F16: 29756.1 | G16: 27294 | H16: 2462.1
B17: บจก.ซิเบลโก้(สบปราบ) | C17: 30000 | D17: 31500 | E17: 30000 | F17: 29756.1 | G17: 0 | H17: 29756.1
A18: WSWT2325650 ผลรวม | C18: 60000 | D18: 63000 | E18: 60000 | F18: 59512.2 | G18: 27294 | H18: 32218.2
A19: WSWT2625650 | B19: บจก.กบินทร์อินทรีย์ | C19: 8000 | D19: 8400 | E19: 8000 | F19: 9499.6 | G19: 0 | H19: 9499.6
A20: WSWT2625650 ผลรวม | C20: 8000 | D20: 8400 | E20: 8000 | F20: 9499.6 | G20: 0 | H20: 9499.6
A21: WSWT2625800 | B21: บจก.ที.ซี.ยูเนี่ยน อโกรเทค | C21: 10000 | D21: 0 | E21: 10000 | F21: 12433.3 | G21: 12433.3 | H21: 0
A22: WSWT2625800 ผลรวม | C22: 10000 | D22: 0 | E22: 10000 | F22: 12433.3 | G22: 12433.3 | H22: 0
A23: WSWT2825850 | B23: บจก.ที.ซี.ยูเนี่ยน อโกรเทค | C23: 5000 | D23: 0 | E23: 5000 | F23: 6775.45 | G23: 6775.45 | H23: 0
A24: WSWT2825850 ผลรวม | C24: 5000 | D24: 0 | E24: 5000 | F24: 6775.45 | G24: 6775.45 | H24: 0
A25: ผลรวมทั้งหมด | C25: 653000 | D25: 669655.35 | E25: 652767 | F25: 650574.36 | G25: 166472.75 | H25: 484101.61
D119: Cap พิมพ์ | E119: Cap ตัด | F119: Stock 16/7 บ่าย | G119: Cap ทอ | I119: วันทงาน
B120: lส่ง | C120: 1-16/7 | D120: 160000 | E120: 160000 | G120: 120000 | I120: 12
C121: 1975256 | D121: =+D120*I120 -> 1920000 | E121: =+E120*I120 -> 1920000 | F121: 825147 | G121: =+G120*I120 -> 1440000
A122: เบทาโกรส่งแล้ว | B122: 20700 | C122: 424374
A123: เบทาโกรส่งแล้ว | B123: 20800 | C123: 155973
C126: รวมส่ง+ค้างส่ง | D126: ส่วนต่างCapคงเหลือ | E126: ส่วนต่างCapคงเหลือ | F126: คงเหลือ
C127: =+C50+C121 -> 1975256 | D127: =+D121-D50 -> 1920000 | E127: =+E121-E50 -> 1920000 | F127: =+F121-F50 -> 825147 | G127: =+G121-G50 -> 1440000
B129: 20700VN 20/7 | G129: 350000

Sheet 8(Order+Fc) แยกลูกค้า
A1: เลขที่ SO | B1: (หลายรายการ)
A2: วันส่ง | B2: (หลายรายการ) | D2: 12 | I2: เมตร | J2: vn | K2: ใบ | P2: วัน
A4: ประเภท | B4: ชื่อลูกค้า | C4: ผลรวม ของ จำนวนส่ง | D4: ผลรวม ของ ค้างพิมพ์ | E4: ผลรวม ของ ค้างตัด | F4: ผลรวม ของ ใช้ | G4: ผลรวม ของ Stock | H4: ผลรวม ของ ค้างทอ
A5: WSWT1921720 | B5: บจก.เคอรี่ฟลาวมิลล์ | C5: 215000 | D5: 57750 | E5: 155000 | F5: 99396.55 | G5: 99396.55 | H5: 0 | I5: =H5 -> 0
A6: WSWT1921720 ผลรวม | C6: 215000 | D6: 57750 | E6: 155000 | F6: 99396.55 | G6: 99396.55 | H6: 0
A7: WSWT19251000SM | B7: บจก.อินเทคค์ โกลบอล | C7: 10080 | D7: 10584 | E7: 10080 | F7: 10138.867 | G7: 5139.8424 | H7: 4999.0248 | I7: =H7 -> 4999.0248
A8: WSWT19251000SM ผลรวม | C8: 10080 | D8: 10584 | E8: 10080 | F8: 10138.867 | G8: 5139.8424 | H8: 4999.0248 | I8: =H8 -> 4999.0248
A9: WSWT1925800 | B9: บจก.ซีแมน | C9: 5800 | D9: 0 | E9: 0 | F9: 0 | G9: 0 | H9: 0 | I9: =H9 -> 0
A10: WSWT1925800 ผลรวม | C10: 5800 | D10: 0 | E10: 0 | F10: 0 | G10: 0 | H10: 0 | I10: =H10 -> 0
A11: WSWT2025650 | B11: บจก.หนกองบัวฟีด | C11: 5000 | D11: 0 | E11: 0 | F11: 0 | G11: 0 | H11: 0
A12: WSWT2025650 ผลรวม | C12: 5000 | D12: 0 | E12: 0 | F12: 0 | G12: 0 | H12: 0 | I12: =H12 -> 0
A13: WSWT2025800 | B13: บจก.เบทาโกร | C13: 103000 | D13: 0 | E13: 2000 | F13: 0 | G13: 0 | H13: 0
B14: บจก.อินเทคค์ โกลบอล | C14: 80393 | D14: 21155.4 | E14: 50393 | F14: 22144.982 | G14: 22144.982 | H14: 0 | I14: =H14 -> 0 | P14: 15000 | Q14: =+K14/P14 -> 0
A15: WSWT2025800 ผลรวม | C15: 183393 | D15: 21155.4 | E15: 52393 | F15: 22144.982 | G15: 22144.982 | H15: 0
A16: WSWT2025800SM | B16: บจก.อินเทคค์ โกลบอล | C16: 91933 | D16: 86964.15 | E16: 91933 | F16: 87478.167 | G16: 42098.068 | H16: 45380.099 | I16: =H16 -> 45380.099
B17: บจก.เอพีเอ็ม อะโกร | C17: 14000 | D17: 0 | E17: 10000 | F17: 0 | G17: 0 | H17: 0 | I17: =H17 -> 0
B18: บจก.วีซีเอฟ | C18: 20000 | D18: 0 | E18: 0 | F18: 0 | G18: 0 | H18: 0 | I18: =H18 -> 0
B19: บจก.กันยาวิ | C19: 8000 | D19: 8400 | E19: 8000 | F19: 8605.52 | G19: 8605.52 | H19: 0 | I19: =H19 -> 0
A20: WSWT2025800SM ผลรวม | C20: 133933 | D20: 95364.15 | E20: 109933 | F20: 96083.687 | G20: 50703.588 | H20: 45380.099 | I20: =H20 -> 45380.099 | P20: 16000 | Q20: =+K20/P20 -> 0
A21: WSWT2121670SM | B21: บจก.บลูฟาโล่ | C21: 5000 | D21: 0 | E21: 0 | F21: 0 | G21: 0 | H21: 0
B22: บจก.เอ็นบี ดิสทริบิวชั่น | C22: 30000 | D22: 0 | E22: 0 | F22: 0 | G22: 0 | H22: 0 | I22: =H22 -> 0
B23: บจก.หนองบัวฟีดมิลล์ | C23: 5000 | D23: 5250 | E23: 5000 | F23: 5378.45 | G23: 5378.45 | H23: 0
A24: WSWT2121670SM ผลรวม | C24: 40000 | D24: 5250 | E24: 5000 | F24: 5378.45 | G24: 5378.45 | H24: 0 | I24: =H24 -> 0
A25: WSWT2125650 | B25: บจก.หนองบัวฟีดมิลล์ | C25: 15000 | D25: 0 | E25: 15000 | F25: 16554.45 | G25: 16554.45 | H25: 0
A26: WSWT2125650 ผลรวม | C26: 15000 | D26: 0 | E26: 15000 | F26: 16554.45 | G26: 16554.45 | H26: 0 | I26: =H26 -> 0
A27: WSWT23211125120SMFX | B27: โรงสีธัญญกิจ(ราชบุรี) | C27: 10000 | D27: 0 | E27: 0 | F27: 0 | G27: 0 | H27: 0
A28: WSWT23211125120SMFX ผลรวม | C28: 10000 | D28: 0 | E28: 0 | F28: 0 | G28: 0 | H28: 0 | I28: =H28 -> 0
A29: WSWT2321750 | B29: คุณวัลภา เผ่าเต็ม | C29: 10000 | D29: 1560.3 | E29: 1500 | F29: 1678.3991 | G29: 0 | H29: 1678.3991 | I29: =H29 -> 1678.3991
A30: WSWT2321750 ผลรวม | C30: 10000 | D30: 1560.3 | E30: 1500 | F30: 1678.3991 | G30: 0 | H30: 1678.3991 | I30: =H30 -> 1678.3991
A31: WSWT2325650 | B31: พันธุ์ข้าว | C31: 30000 | D31: 31500 | E31: 30000 | F31: 29756.1 | G31: 29756.1 | H31: 0 | P31: 15000 | Q31: =+K31/P31 -> 0
B32: บจก.ซิเบลโก้(บางเลน) | C32: 10000 | D32: 0 | E32: 5000 | F32: 0 | G32: 0 | H32: 0 | I32: =H32 -> 0
B33: คุณปราสาท เจริญธรรมรักษา | C33: 5000 | D33: 5250 | E33: 5000 | F33: 4959.35 | G33: 4959.35 | H33: 0 | I33: =H33 -> 0
A34: WSWT2325650 ผลรวม | C34: 45000 | D34: 36750 | E34: 40000 | F34: 34715.45 | G34: 34715.45 | H34: 0 | I34: =H34 -> 0
A35: WSWT2625650 | B35: บจก.กบินทร์อินทรีย์ | C35: 8000 | D35: 8400 | E35: 8000 | F35: 9499.6 | G35: 1765 | H35: 7734.6 | I35: =H35 -> 7734.6
A36: WSWT2625650 ผลรวม | C36: 8000 | D36: 8400 | E36: 8000 | F36: 9499.6 | G36: 1765 | H36: 7734.6 | I36: =H36 -> 7734.6
A37: WSWT2625800 | B37: บจก.แลบอินเตอร์ | C37: 10000 | D37: 0 | E37: 0 | F37: 0 | G37: 0 | H37: 0 | I37: =H37 -> 0
A38: WSWT2625800 ผลรวม | C38: 10000 | D38: 0 | E38: 0 | F38: 0 | G38: 0 | H38: 0 | I38: =H38 -> 0
A39: WSWT2825850 | B39: บจก.ไทยร่วมใจน้ำมันพืช | C39: 53000 | D39: 52500 | E39: 50000 | F39: 59372.5 | G39: 59372.5 | H39: 0 | I39: =H39 -> 0
A40: WSWT2825850 ผลรวม | C40: 53000 | D40: 52500 | E40: 50000 | F40: 59372.5 | G40: 59372.5 | H40: 0 | I40: =H40 -> 0
A41: WSWTFCL022325650 | B41: คุณปราสาท เจริญธรรมรักษา | C41: 15000 | D41: 15750 | E41: 15000 | F41: 14878.05 | G41: 0 | H41: 14878.05
A42: WSWTFCL022325650 ผลรวม | C42: 15000 | D42: 15750 | E42: 15000 | F42: 14878.05 | G42: 0 | H42: 14878.05 | I42: =H42 -> 14878.05
A43: ผลรวมทั้งหมด | C43: 759206 | D43: 305063.85 | E43: 461906 | F43: 369840.99 | G43: 295170.81 | H43: 74670.173
I44: =H44 -> 0
I45: =H45 -> 0
J46: 74000
I47: =H47 -> 0
I48: =H48 -> 0
I51: =H51 -> 0 | M51: 102.14
I52: =H52 -> 0 | M52: 3300
M53: =+M52/M51 -> 32.308596
I54: =H54 -> 0
I55: =H55 -> 0 | M55: 114.47
I56: =H56-J56 -> -166000 | J56: 166000 | M56: =+M55*32.2 -> 3685.934
M57: =+M56-3300 -> 385.934
I58: =H58 -> 0
I59: =H59 -> 0
I60: =H60 -> 0
I61: =H61 -> 0
I62: =H62 -> 0
I64: =H64 -> 0
I65: =H65 -> 0
I66: =H66 -> 0
I68: =H68 -> 0
I70: =H70 -> 0
I72: =H72 -> 0
I73: =H73 -> 0
I75: =SUM(I5:I74) -> -31537.704
I79: =I75+I77 -> -31537.704 | J79: 16 | K79: =+I79*0.9779 -> -30840.721
I81: =+I79/J79 -> -1971.1065 | K81: =+K79*85 -> -2621461.3
K83: =+K81/1000 -> -2621.4613
D119: Cap พิมพ์ | E119: Cap ตัด | F119: Stock 16/7 บ่าย | G119: Cap ทอ | I119: วันทงาน
B120: lส่ง | C120: 1-16/7 | D120: 160000 | E120: 160000 | G120: 120000 | I120: 12
C121: 1975256 | D121: =+D120*I120 -> 1920000 | E121: =+E120*I120 -> 1920000 | F121: 825147 | G121: =+G120*I120 -> 1440000
A122: เบทาโกรส่งแล้ว | B122: 20700 | C122: 424374
A123: เบทาโกรส่งแล้ว | B123: 20800 | C123: 155973
C126: รวมส่ง+ค้างส่ง | D126: ส่วนต่างCapคงเหลือ | E126: ส่วนต่างCapคงเหลือ | F126: คงเหลือ
C127: =+C50+C121 -> 1975256 | D127: =+D121-D50 -> 1920000 | E127: =+E121-E50 -> 1920000 | F127: =+F121-F50 -> 825147 | G127: =+G121-G50 -> 1440000
B129: 20700VN 20/7 | G129: 350000

Sheet รายละเอียด1
A1: รายละเอียดสำหรับ ผลรวม ของ จำนวนส่ง - ประเภท: WSWT1925800, เลขที่ SO: MK66-000701, วันส่ง: 8/25/2025, ชื่อลูกค้า: 0 (+)
A3: วันรับออร์เดอร์/แบบ | B3: เลขที่ SO | C3: ชื่อลูกค้า | D3: ตรา | E3: กว้าง | F3: ยาว | G3: สี | H3: เคลือบ | I3: กรัม/ใบ | J3: * | K3: aw | L3: บิด/จับจีบ | M3: กว้าง2 | N3: ยาว2 | O3: หนา | P3: ใช้(กก.) | Q3: Stock(กก.) | R3: ผลิต(กก.) | S3: วิธีบรรจุ | T3: วันส่ง | U3: จำนวนส่ง | V3: StockFG | W3: ค้างตัด | X3: พิมพ์แล้ว | Y3: ค้างพิมพ์ | Z3: ประเภท | AA3: ใช้ | AB3: Stock | AC3: ค้างทอ | AD3: Stock2 | AE3: ค้างเคลือบ | AF3: หมายเหตุ
B4: MK68-001031 | C4: บจก.เอ็กเซลเล้นท์ | D4: รวงข้าวส้ม | E4: 19 | F4: 30 | G4: ขาว | H4: 0 | I4: 60 | J4: ± | K4: 5 | L4: บิด | M4: ไม่สวมถุงใน | N4: 0 | O4: 0 | P4: 0 | Q4: 0 | R4: 0 | S4: 500กระสอบ | T4: 45899 | U4: 5000 | V4: 0 | W4: 5000 | X4: 0 | Y4: 5150 | Z4: WSWT1925800 | AA4: 4401 | AB4: 0 | AC4: 4401 | AD4: 0 | AE4: 0 | AF4: 0

Sheet 8(Order)
A2: เลขที่ SO | B2: (หลายรายการ)
A3: วันส่ง | B3: (หลายรายการ)
A4: ชื่อลูกค้า | B4: (ทั้งหมด)
A6: ประเภท | B6: ผลรวม ของ จำนวนส่ง | C6: ผลรวม ของ ค้างพิมพ์ | D6: ผลรวม ของ ค้างตัด | E6: ผลรวม ของ ใช้ | F6: ผลรวม ของ Stock | G6: ผลรวม ของ ค้างทอ
A7: WSWT1921720 | B7: 90000 | C7: 0 | D7: 10250 | E7: 0 | F7: 0 | G7: 0
A8: WSWT19251000SM | B8: 10080 | C8: 5292 | D8: 10080 | E8: 5139.8424 | F8: 9833.8424 | G8: 0
A9: WSWT1925800 | B9: 5000 | C9: 5150 | D9: 5000 | E9: 4401 | F9: 0 | G9: 4401
A10: WSWT2025700 | B10: 10000 | C10: 10500 | D10: 10000 | E10: 10756.9 | F10: 5378 | G10: 5378.45
A11: WSWT2025800 | B11: 155513 | C11: 1598.1 | D11: 40153 | E11: 1674.4093 | F11: 1674.4093 | G11: 0 | L11: =76*2500 -> 190000
A12: WSWT2025800SM | B12: 112380 | C12: 53172 | D12: 66612 | E12: 53492.876 | F12: 41256.398 | G12: 12236.479
A13: WSWT2121670SM | B13: 42391 | C13: 0 | D13: 12465 | E13: 0 | F13: 0 | G13: 0
A14: WSWT2321750 | B14: 10000 | C14: 0 | D14: 242 | E14: 0 | F14: 0 | G14: 0
A15: WSWT2325650 | B15: 15000 | C15: 0 | D15: 5392 | E15: 0 | F15: 0 | G15: 0
A16: WSWT2825850 | B16: 3000 | C16: 0 | D16: 159 | E16: 0 | F16: 0 | G16: 0
A17: WSWTFCL022325650 | B17: 15000 | C17: 12951.75 | D17: 15000 | E17: 12350.517 | F17: 5012.8173 | G17: 7337.7
A18: ผลรวมทั้งหมด | B18: 468364 | C18: 88663.85 | D18: 175353 | E18: 87815.545 | F18: 63155.467 | G18: 29353.629
A37: ยอดส่ง 1/1/68 - 17/1/68 | B37: 1287052
A38: Order+ส่ง | B38: =++B22+B37 -> 1287052
A39: ประมาณการ | I39: 0
A41: Order+ส่ง+ประมาณการ | B41: =+B22+B37+B39+B29 -> 1287052 | C41: =+C22+C37+C39+C29 -> 0 | D41: =+D22+D37+D39+D29 -> 0 | E41: =+E22+E37+E39+E29 -> 0 | F41: =+F22+F37+F39+F29 -> 0 | G41: =+G22+G37+G39+G29 -> 0
B43: 3000000 | I43: 9
B45: =+B41-B43 -> -1712948
D46: =+D22/I43 -> 0
C47: =+C41/I43 -> 0 | D47: =+D41/I43 -> 0 | G47: =+G41/I43 -> 0

Sheet 8(Order) แยกลูกค้า
A1: เลขที่ SO | B1: (หลายรายการ)
A2: วันส่ง | B2: (หลายรายการ)
A4: ประเภท | B4: ชื่อลูกค้า | C4: ผลรวม ของ จำนวนส่ง | D4: ผลรวม ของ ค้างพิมพ์ | E4: ผลรวม ของ ค้างตัด | F4: ผลรวม ของ Stock | G4: ผลรวม ของ ค้างทอ | I4: vn
A5: WSWT1921720 | B5: บจก.เคอรี่ฟลาวมิลล์ | C5: 215000 | D5: 57750 | E5: 155000 | F5: 99396.55 | G5: 0 | H5: =G5 -> 0
A6: WSWT1921720 ผลรวม | C6: 215000 | D6: 57750 | E6: 155000 | F6: 99396.55 | G6: 0 | H6: =G6 -> 0
A7: WSWT1925800 | B7: บจก.ซีแมน | C7: 5800 | D7: 0 | E7: 0 | F7: 0 | G7: 0 | H7: =G7 -> 0
A8: WSWT1925800 ผลรวม | C8: 5800 | D8: 0 | E8: 0 | F8: 0 | G8: 0
A9: WSWT2025800 | B9: บจก.เบทาโกร | C9: 103000 | D9: 0 | E9: 2000 | F9: 0 | G9: 0 | H9: =G9 -> 0
B10: บจก.อินเทคค์ โกลบอล | C10: 393 | D10: 412.65 | E10: 393 | F10: 411.76575 | G10: 0 | H10: =G10 -> 0
A11: WSWT2025800 ผลรวม | C11: 103393 | D11: 412.65 | E11: 2393 | F11: 411.76575 | G11: 0
A12: WSWT2025800SM | B12: บจก.อินเทคค์ โกลบอล | C12: 1693 | D12: 1644.3 | E12: 1693 | F12: 0 | G12: 1640.7765 | H12: =G12 -> 1640.7765
B13: บจก.เอพีเอ็ม อะโกร | C13: 14000 | D13: 0 | E13: 10000 | F13: 0 | G13: 0 | H13: =G13 -> 0
B14: บจก.วีซีเอฟ | C14: 20000 | D14: 0 | E14: 0 | F14: 0 | G14: 0 | H14: =G14 -> 0
A15: WSWT2025800SM ผลรวม | C15: 35693 | D15: 1644.3 | E15: 11693 | F15: 0 | G15: 1640.7765
A16: WSWT2121670SM | B16: บจก.บลูฟาโล่ | C16: 5000 | D16: 0 | E16: 0 | F16: 0 | G16: 0 | H16: =G16 -> 0
B17: บจก.เอ็นบี ดิสทริบิวชั่น | C17: 30000 | D17: 0 | E17: 0 | F17: 0 | G17: 0
A18: WSWT2121670SM ผลรวม | C18: 35000 | D18: 0 | E18: 0 | F18: 0 | G18: 0 | H18: =G18 -> 0
A19: WSWT23211125120SMFX | B19: โรงสีธัญญกิจ(ราชบุรี) | C19: 10000 | D19: 0 | E19: 0 | F19: 0 | G19: 0 | H19: =G19 -> 0
A20: WSWT23211125120SMFX ผลรวม | C20: 10000 | D20: 0 | E20: 0 | F20: 0 | G20: 0 | H20: =G20 -> 0
A21: WSWT2325650 | B21: บจก.ซิเบลโก้(บางเลน) | C21: 10000 | D21: 0 | E21: 5000 | F21: 0 | G21: 0 | H21: =G21 -> 0
A22: WSWT2325650 ผลรวม | C22: 10000 | D22: 0 | E22: 5000 | F22: 0 | G22: 0
A23: WSWT2625800 | B23: บจก.แลบอินเตอร์ | C23: 10000 | D23: 0 | E23: 0 | F23: 0 | G23: 0 | H23: =G23 -> 0
A24: WSWT2625800 ผลรวม | C24: 10000 | D24: 0 | E24: 0 | F24: 0 | G24: 0
A25: WSWT2825850 | B25: บจก.ไทยร่วมใจน้ำมันพืช | C25: 53000 | D25: 52500 | E25: 50000 | F25: 59372.5 | G25: 0 | H25: =G25 -> 0
A26: WSWT2825850 ผลรวม | C26: 53000 | D26: 52500 | E26: 50000 | F26: 59372.5 | G26: 0
A27: ผลรวมทั้งหมด | C27: 477886 | D27: 112306.95 | E27: 224086 | F27: 159180.82 | G27: 1640.7765 | H27: =G27 -> 1640.7765
H28: =G28 -> 0
H29: =G29 -> 0
H31: =G31 -> 0
H32: =G32 -> 0
H33: =G33 -> 0
H34: =G34 -> 0
H35: =G35 -> 0
H36: =G36 -> 0
H37: =G37 -> 0
H38: =G38 -> 0
H39: =G39 -> 0
H41: =G41 -> 0
... H68: =G68 -> 0
H70: =SUM(H5:H69) -> 3281.553
D119: Cap พิมพ์ | E119: Cap ตัด | F119: Stock 16/7 บ่าย | G119: Cap ทอ | I119: วันทงาน
B120: lส่ง | C120: 1-16/7 | D120: 160000 | E120: 160000 | G120: 120000 | I120: 12
C121: 1975256 | D121: =+D120*I120 -> 1920000 | E121: =+E120*I120 -> 1920000 | F121: 825147 | G121: =+G120*I120 -> 1440000
A122: เบทาโกรส่งแล้ว | B122: 20700 | C122: 424374
A123: เบทาโกรส่งแล้ว | B123: 20800 | C123: 155973
C126: รวมส่ง+ค้างส่ง | D126: ส่วนต่างCapคงเหลือ | E126: ส่วนต่างCapคงเหลือ | F126: คงเหลือ
C127: =+C50+C121 -> 1975256 | D127: =+D121-D50 -> 1920000 | E127: =+E121-E50 -> 1920000 | F127: =+F121-F50 -> 825147 | G127: =+G121-G50 -> 1440000
B129: 20700VN 20/7 | G129: 350000

Sheet 8(Fc) แยกลูกค้
A1: เลขที่ SO | B1: ประมาณการ
A2: วันส่ง | B2: (หลายรายการ) | D2: 12
A4: ประเภท | B4: ชื่อลูกค้า | C4: ผลรวม ของ จำนวนส่ง | D4: ผลรวม ของ ค้างพิมพ์ | E4: ผลรวม ของ ค้างตัด | F4: ผลรวม ของ ใช้ | G4: ผลรวม ของ Stock | H4: ผลรวม ของ ค้างทอ
A5: WSWT2325650 | B5: พันธุ์ข้าว | C5: 30000 | D5: 31500 | E5: 30000 | F5: 29756.1 | G5: 29756.1 | H5: 0
A6: WSWT2325650 ผลรวม | C6: 30000 | D6: 31500 | E6: 30000 | F6: 29756.1 | G6: 29756.1 | H6: 0
A7: WSWT2625650 | B7: บจก.กบินทร์อินทรีย์ | C7: 8000 | D7: 8400 | E7: 8000 | F7: 9499.6 | G7: 1765 | H7: 7734.6
A8: WSWT2625650 ผลรวม | C8: 8000 | D8: 8400 | E8: 8000 | F8: 9499.6 | G8: 1765 | H8: 7734.6
A9: ผลรวมทั้งหมด | C9: 38000 | D9: 39900 | E9: 38000 | F9: 39255.7 | G9: 31521.1 | H9: 7734.6
H43: =+GETPIVOTDATA("ผลรวม ของ ค้างทอ",$A$4)+H41 -> 7734.6
I119: วันทงาน
I120: 12
C121: 1975256 | D121: =+D120*I120 -> 0 | E121: =+E120*I120 -> 0 | F121: 825147 | G121: =+G120*I120 -> 0
A122: เบทาโกรส่งแล้ว | B122: 20700 | C122: 424374
A123: เบทาโกรส่งแล้ว | B123: 20800 | C123: 155973
C126: รวมส่ง+ค้างส่ง | D126: ส่วนต่างCapคงเหลือ | E126: ส่วนต่างCapคงเหลือ | F126: คงเหลือ
C127: =+C50+C121 -> 1975256 | D127: =+D121-D50 -> 0 | E127: =+E121-E50 -> 0 | F127: =+F121-F50 -> 825147 | G127: =+G121-G50 -> 0
B129: 20700VN 20/7 | G129: 350000

Sheet ค้างทอ2-9-68
A3: ผลรวม ของ ค้างทอ
A4: ป้ายชื่อแถว | B4: 45901 | C4: 45903 | D4: 45904 | E4: 45905 | F4: 45907 | G4: 45910 | H4: 45912 | I4: 45914 | J4: 45917 | K4: 45921 | L4: 45925 | M4: 45940 | N4: ผลรวมทั้งหมด
A5: WSWT1625800 | B5: 3702 | D5: 7404.1 | N5: =SUM(B5:M5) -> 11106.1
A6: WSWT1625800SM | C6: 0 | N6: =SUM(B6:M6) -> 0
A7: WSWT1825800SM | F7: 3841.75 | N7: =SUM(B7:M7) -> 3841.75
A8: WSWT1921720 | B8: 0 | D8: 4679.95 | N8: =SUM(B8:M8) -> 4679.95
A9: WSWT19251000SM | N9: =SUM(B9:M9) -> 0
A10: WSWT1925800 | E10: 55162.9 | N10: =SUM(B10:M10) -> 55162.9
A11: WSWT2025800 | B11: 0 | C11: 0 | G11: 0 | I11: 0 | J11: 0 | K11: 0 | N11: =SUM(B11:M11) -> 0
A12: WSWT2025800SM | C12: 0 | D12: 0 | E12: 0 | J12: 0 | L12: 4599.67 | N12: =SUM(B12:M12) -> 4599.67
A13: WSWT2121670SM | C13: 0 | K13: 0 | N13: =SUM(B13:M13) -> 0
A14: WSWT2325800 | D14: 0 | N14: =SUM(B14:M14) -> 0
A15: WSWT2625650 | B15: 1621 | N15: =SUM(B15:M15) -> 1621
A16: WSWT2625850SM | C16: 0 | D16: 0 | H16: 0 | L16: 37299.9 | M16: 12433.3 | N16: =SUM(B16:M16) -> 49733.2
A17: WSWT2825850 | D17: 0 | N17: =SUM(B17:M17) -> 0
A18: ผลรวมทั้งหมด | B18: =SUM(B5:B17) -> 5323 | C18: =SUM(C5:C17) -> 0 | D18: =SUM(D5:D17) -> 12084.05 | E18: =SUM(E5:E17) -> 55162.9 | F18: =SUM(F5:F17) -> 3841.75 | G18: =SUM(G5:G17) -> 0 | H18: =SUM(H5:H17) -> 0 | I18: =SUM(I5:I17) -> 0 | ... N18: =SUM(N5:N17) -> 130744.57

Sheet 5-9-68
B2: เรียงกำหนดส่ง | D2: ลบ 0 | T2: เรียง 1
B3: ข้อมูลUpdate ณ. วันที่ | D3: 45905 | E3: เวลา | G3: 10.33
A4: วันรับออร์เดอร์/แบบ | B4: เลขที่ SO | C4: ชื่อลูกค้า | E4: 10.3 | I4: น้ำหนัก | L4: บิด/จับจีบ | M4: ถุงใน | Q4: 44873 | S4: วิธีบรรจุ | T4: วันส่ง | U4: จำนวนส่ง | V4: ตัดเย็บ (ใบ) | W4: 44873 | X4: พิมพ์ (ใบ) | Y4: 44876 | Z4: ผ้าทอ (เมตร) Updateณ | AB4: 44876 | AD4: ผ้าเคลือบ(เมตร) | AF4: หมายเหตุ | AG4: เครื่อง
B5: เลขที่ SO | C5: ชื่อลูกค้า | D5: ตรา | E5: กว้าง | F5: ยาว | G5: สี | H5: เคลือบ | I5: กรัม/ใบ | J5: * | K5: aw | L5: บิด/จับจีบ | M5: กว้าง | N5: ยาว | O5: หนา | P5: ใช้(กก.) | Q5: Stock(กก.) | R5: ผลิต(กก.) | S5: วิธีบรรจุ | T5: วันส่ง | U5: จำนวนส่ง | V5: StockFG | W5: ค้างตัด | X5: พิมพ์แล้ว | Y5: ค้างพิมพ์ | Z5: ประเภท | AA5: ใช้ | AB5: Stock | AC5: ค้างทอ | AD5: Stock | AE5: ค้างเคลือบ | AF5: หมายเหตุ | AG5: ที่พิมพ์ได้ | AH5: process | AI5: Lead time | AJ5: วันที่ส่งPL | AK5: เคลือบ | AL5: ได้ ART | AM5: พิมพ์ | AN5: จีบ-บิด | AO5: ตัด-เย็บ | AP5: ทอ | AQ5: สวมถุง | AR5: เย็บปาก | AS5: PT | AT5: ม้วน | AU5: ตัด | AV5: ตอกตาไก่ | AW5: GROUP | AX5: ART | AY5: หมายเหตุปัญหา | AZ5: ราคา/ใบ | BA5: ราคารวม | BB5: workweek | BC5: เส้นเทป | BD5: จำนวน
A6: 45896 | B6: MK68-001041 | C6: บจก.ซัน ซีเมนต์ โพรเซส | D6: พระอาทิตย์ | E6: 16 | F6: 25 | G6: ขาว | H6: ใส | I6: 50 | J6: ± | K6: 5 | L6: บิด | M6: 19 | N6: 28 | O6: 40 | P6: 65.624643 | Q6: 0 | R6: 65.624643 | S6: 500กระสอบ | T6: 45908 | U6: 5000 | V6: 0 | W6: 5000 | X6: 0 | Y6: 5250 | Z6: WSWT1625800SM | AA6: 3702.05 | AB6: 3702.05 | AC6: 0 | AD6: 0 | AE6: 3702.05 | AF6: 0 | AG6: รอตัด | AH6: P8 | AI6: 4 | AJ6: 45908 | AK6: 45904 | AL6: 45898 | AM6: 45905 | AN6: 45906 | AO6: 45906 | AP6: 45903 | AQ6: 45907 | AR6: 0 | AS6: 0 | AT6: 0 | AU6: 0 | AV6: 0 | AW6: งานเคลือบ+พิมพ์ | AX6: / | AY6: รอลูกค้า | AZ6: 0 | BA6: 0 | BB6: 0 | BC6: WRWT25800/WRWT25800 | BD6: 0
A7: 0 | B7: 0 | C7: 0 | E7: 16 | F7: 25 | G7: ขาว | H7: 0 | I7: 45 | J7: ± | K7: 5 | L7: 0 | M7: 0 | N7: 0 | O7: 0 | P7: 0 | Q7: 0 | R7: 0 | S7: 0 | U7: 0 | V7: 0 | W7: 0 | X7: 0 | Y7: 0 | Z7: WSWT1625800SM | AA7: 3702.05 | AB7: 3702.05 | AC7: 0 | AD7: 0 | AE7: 3702.05 | AF7: ระบุในSD | AG7: ยังไม่ได้พิมพ์ | AH7: 0 | AI7: Lead time | AJ7: 0 | AK7: 0 | AL7: 0 | AM7: 0 | AN7: 0 | AO7: 0 | AP7: 0 | AQ7: 0 | AR7: 0 | AS7: 0 | AT7: 0 | AU7: 0 | AV7: 0 | AW7: 0 | AX7: 0 | AY7: 0 | AZ7: 0 | BA7: 0 | BB7: 0 | BC7: WRWT160800/WRWT25800 | BD7: 0
A8: 45897 | B8: MK68-001045 | C8: บจก.เคอรี่ฟลาวมิลล์ | D8: โบว์น้ำเงิน 10กก | E8: 16 | F8: 25 | G8: ขาว | H8: 0 | I8: 45 | J8: ± | K8: 5 | L8: ไม่ | M8: ไม่สวมถุงใน | N8: 0 | O8: 0 | P8: 0 | Q8: 0 | R8: 0 | S8: ห่ออัดเบลแบน500 | T8: 45909 | U8: 5000 | V8: 0 | W8: 5000 | X8: 5400 | Y8: 0 | Z8: WSWT1625800 | AA8: 0 | AB8: 0 | AC8: 0 | AD8: 0 | AE8: 0 | AF8: 0 | AG8: พร้อมส่ง | AH8: P7 | AI8: 2 | AJ8: 45909 | AK8: 0 | AL8: 45900 | AM8: 45907 | AN8: 45908 | AO8: 45908 | AP8: 45904 | AQ8: 0 | AR8: 0 | AS8: 0 | AT8: 0 | AU8: 0 | AV8: 0 | AW8: งานพิมพ์ | AX8: / | AY8: 0 | AZ8: 0 | BA8: 0 | BB8: 0 | BC8: WRWT25800/WRWT25800 | BD8: 0
A9: 45897 | B9: MK68-001045 | C9: บจก.เคอรี่ฟลาวมิลล์ | D9: โดนัทแฟนฉัน 10กก | E9: 16 | F9: 25 | G9: ขาว | H9: 0 | I9: 45 | J9: ± | K9: 5 | L9: ไม่ | M9: ไม่สวมถุงใน | N9: 0 | O9: 0 | P9: 0 | Q9: 0 | R9: 0 | S9: ห่ออัดเบลแบน500 | T9: 45909 | U9: 5000 | V9: 0 | W9: 5000 | X9: 5400 | Y9: 0 | Z9: WSWT1625800 | AA9: 0 | AB9: 0 | AC9: 0 | AD9: 0 | AE9: 0 | AF9: 0 | AG9: พร้อมส่ง | AH9: P7 | AI9: 2 | AJ9: 45909 | AK9: 0 | AL9: 45900 | AM9: 45907 | AN9: 45908 | AO9: 45908 | AP9: 45904 | AQ9: 0 | AR9: 0 | AS9: 0 | AT9: 0 | AU9: 0 | AV9: 0 | AW9: งานพิมพ์ | AX9: / | AY9: 0 | AZ9: 0 | BA9: 0 | BB9: 0 | BC9: WRWT25800/WRWT25800 | BD9: 0
A10: 45897 | B10: MK68-001045 | C10: บจก.เคอรี่ฟลาวมิลล์ | D10: น้องเอินโดนัท 10กก | E10: 16 | F10: 25 | G10: ขาว | H10: 0 | I10: 45 | J10: ± | K10: 5 | L10: ไม่ | M10: ไม่สวมถุงใน | N10: 0 | O10: 0 | P10: 0 | Q10: 0 | R10: 0 | S10: ห่ออัดเบลแบน500 | T10: 45925 | U10: 5000 | V10: 0 | W10: 5000 | X10: 0 | Y10: 5250 | Z10: WSWT1625800 | AA10: 3702.05 | AB10: 682 | AC10: 3020.05 | AD10: 0 | AE10: 0 | AF10: 0 | AG10: พร้อมส่ง | AH10: P7 | AI10: 2 | AJ10: 45925 | AK10: 0 | AL10: 45916 | AM10: 45923 | AN10: 45924 | AO10: 45924 | AP10: 45920 | AQ10: 0 | AR10: 0 | AS10: 0 | AT10: 0 | AU10: 0 | AV10: 0 | AW10: งานพิมพ์ | AX10: รอART | AY10: 0 | AZ10: 0 | BA10: 0 | BB10: 0 | BC10: WRWT25800/WRWT25800 | BD10: 184.69284
A11: 0 | B11: 0 | C11: 0 | D11: 0 | E11: 16 | F11: 25 | G11: ขาว | H11: 0 | I11: 45 | J11: ± | K11: 5 | L11: 0 | M11: 0 | N11: 0 | O11: 0 | P11: 0 | Q11: 0 | R11: 0 | S11: 0 | U11: 0 | V11: 0 | W11: 0 | X11: 0 | Y11: 0 | Z11: WSWT1625800 | AA11: 3702.05 | AB11: 682 | AC11: 3020.05 | AD11: 0 | AE11: 0 | AF11: ระบุในSD | AG11: ยังไม่ได้พิมพ์ | AH11: 0 | AI11: Lead time | AJ11: 0 | AK11: 0 | AL11: 0 | AM11: 0 | AN11: 0 | AO11: 0 | AP11: 0 | AQ11: 0 | AR11: 0 | AS11: 0 | AT11: 0 | AU11: 0 | AV11: 0 | AW11: 0 | AX11: 0 | AY11: 0 | AZ11: 0 | BA11: 0 | BB11: 0 | BC11: WRWT160800/WRWT25800 | BD11: 0
A12: ประมาณการ | B12: ประมาณการ | C12: บจก.ฟาร์เธอร์ส วิง ซัพพลาย | D12: รถไฟ | E12: 18 | F12: 30 | G12: ขาว | H12: 0 | I12: 54 | J12: ± | K12: 5 | L12: บิด | M12: 19 | N12: 33 | O12: 40 | P12: 232.02999 | Q12: 0 | R12: 232.02999 | S12: 500กระสอบ | T12: รอแจ้ง | U12: 15000 | V12: 0 | W12: 15000 | X12: 0 | Y12: 15750 | Z12: WSWT1825800 | AA12: 13201.65 | AB12: 2599 | AC12: 10602.65 | AD12: 0 | AE12: 0 | AF12: 0 | AG12: พร้อมส่ง | AH12: P9 | AI12: 3 | AJ12: รอแจ้ง | AK12: 0 | AL12: #VALUE! | AM12: #VALUE! | AN12: #VALUE! | AO12: #VALUE! | AP12: #VALUE! | AQ12: #VALUE! | AR12: 0 | AS12: 0 | AT12: 0 | AU12: 0 | AV12: 0 | AW12: งานพิมพ์ | AX12: รอART | AY12: 0 | AZ12: 0 | BA12: 0 | BB12: 0 | BC12: WRWT25800/WRWT25800 | BD12: 729.46232
A13: 0 | B13: 0 | E13: 18 | F13: 30 | G13: ขาว | H13: 0 | I13: 54 | J13: ± | K13: 5 | L13: 0 | M13: 0 | N13: 0 | O13: 0 | P13: 0 | Q13: 0 | R13: 0 | S13: 0 | U13: 0 | V13: 0 | W13: 0 | X13: 0 | Y13: 0 | Z13: WSWT1825800 | AA13: 13201.65 | AB13: 2599 | AC13: 10602.65 | AD13: 0 | AE13: 0 | AF13: ระบุในSD | AG13: ยังไม่ได้พิมพ์ | AH13: 0 | AI13: Lead time | AJ13: 0 | AK13: 0 | AL13: 0 | AM13: 0 | AN13: 0 | AO13: 0 | AP13: 0 | AQ13: 0 | AR13: 0 | AS13: 0 | AT13: 0 | AU13: 0 | AV13: 0 | AW13: 0 | AX13: 0 | AY13: 0 | AZ13: 0 | BA13: 0 | BB13: 0 | BC13: WRWT25800/WRWT25800 | BD13: 0
A14: 45901 | B14: MK68-001068 | C14: บจก.ยืนยงยิปซั่มปลาสเตอร์ | D14: YUENYONG | E14: 18 | F14: 26 | G14: ขาว | H14: ใส | I14: 65 | J14: ± | K14: 5 | L14: บิด | M14: 19 | N14: 29 | O14: 40 | P14: 67.96838 | Q14: 0 | R14: 67.96838 | S14: 500กระสอบแบน | T14: 45912 | U14: 5000 | V14: 0 | W14: 5000 | X14: 0 | Y14: 5250 | Z14: WSWT1825800SM | AA14: 3841.75 | AB14: 3841.75 | AC14: 0 | AD14: 0 | AE14: 3841.75 | AF14: 0 | AG14: พิมพ์ไม่ครบ | AH14: P8 | AI14: 4 | AJ14: 45912 | AK14: 45908 | AL14: 45902 | AM14: 45909 | AN14: 45910 | AO14: 45910 | AP14: 45907 | AQ14: 45911 | AR14: 0 | AS14: 0 | AT14: 0 | AU14: 0 | AV14: 0 | AW14: งานเคลือบ+พิมพ์ | AX14: / | AY14: 0 | AZ14: 0 | BA14: 0 | BB14: 0 | BC14: WRWT25800/WRWT25800 | BD14: 0
A15: 0 | B15: 0 | C15: 0 | E15: 18 | F15: 25 | G15: ขาว | H15: 0 | I15: 50 | J15: ± | K15: 5 | L15: 0 | M15: 0 | N15: 0 | O15: 0 | P15: 0 | Q15: 0 | R15: 0 | S15: 0 | U15: 0 | V15: 0 | W15: 0 | X15: 0 | Y15: 0 | Z15: WSWT1825800SM | AA15: 3841.75 | AB15: 3841.75 | AC15: 0 | AD15: 0 | AE15: 3841.75 | AF15: ระบุในSD | AG15: รอแบบ | AH15: 0 | AI15: Lead time | AJ15: 0 | AK15: 0 | AL15: 0 | AM15: 0 | AN15: 0 | AO15: 0 | AP15: 0 | AQ15: 0 | AR15: 0 | AS15: 0 | AT15: 0 | AU15: 0 | AV15: 0 | AW15: 0 | AX15: 0 | AY15: 0 | AZ15: 0 | BA15: 0 | BB15: 0 | BC15: WRWT180800/WRWT25800 | BD15: 0
A16: 45898 | B16: MK68-001049 | C16: บจก.เพรซิเดนท์ฟลาวมิลล์ | D16: ผึ้งเหลือง | E16: 19 | F16: 30 | G16: ขาว | H16: 0 | I16: 60 | J16: ± | K16: 5 | L16: บิด | M16: ไม่สวมถุงใน | N16: 0 | O16: 0 | P16: 0 | Q16: 0 | R16: 0 | S16: 500กระสอบ | T16: 45910 | U16: 50000 | V16: 0 | W16: 50000 | X16: 0 | Y16: 52500 | Z16: WSWT1925800 | AA16: 44005.5 | AB16: 0 | AC16: 44005.5 | AD16: 0 | AE16: 0 | AF16: 0 | AG16: ยังไม่ได้พิมพ์ | AH16: P7 | AI16: 2 | AJ16: 45910 | AK16: 0 | AL16: 45901 | AM16: 45908 | AN16: 45909 | AO16: 45909 | AP16: 45905 | AQ16: 0 | AR16: 0 | AS16: 0 | AT16: 0 | AU16: 0 | AV16: 0 | AW16: งานพิมพ์ | AX16: / | AY16: 0 | AZ16: 0 | BA16: 0 | BB16: 0 | BC16: WRWT25800/WRWT25800 | BD16: 3195.7772
A17: 45898 | B17: MK68-001048 | C17: บจก.เพรซิเดนท์ฟลาวมิลล์ | D17: ผึ้งชมพู | E17: 19 | F17: 30 | G17: ขาว | H17: 0 | I17: 60 | J17: ± | K17: 5 | L17: บิด | M17: ไม่สวมถุงใน | N17: 0 | O17: 0 | P17: 0 | Q17: 0 | R17: 0 | S17: 500กระสอบ | T17: 45910 | U17: 40000 | V17: 0 | W17: 40000 | X17: 9335 | Y17: 32198.25 | Z17: WSWT1925800 | AA17: 28338.002 | AB17: 24908 | AC17: 3430.0018 | AD17: 0 | AE17: 0 | AF17: 0 | AG17: พร้อมส่ง | AH17: P7 | AI17: 2 | AJ17: 45910 | AK17: 0 | AL17: 45901 | AM17: 45908 | AN17: 45909 | AO17: 45909 | AP17: 45905 | AQ17: 0 | AR17: 0 | AS17: 0 | AT17: 0 | AU17: 0 | AV17: 0 | AW17: งานพิมพ์ | AX17: / | AY17: 0 | AZ17: 0 | BA17: 0 | BB17: 0 | BC17: WRWT25800/WRWT25800 | BD17: 249.09435
A18: ประมาณการ | B18: ประมาณการ | C18: บจก.เอ็กเซลเล้นท์ | D18: รอแบบ | E18: 19 | F18: 30 | G18: ขาว | H18: 0 | I18: 60 | J18: ± | K18: 5 | L18: บิด | M18: ไม่สวมถุงใน | N18: 0 | O18: 0 | P18: 0 | Q18: 0 | R18: 0 | S18: 500กระสอบ | T18: 45925 | U18: 40000 | V18: 0 | W18: 40000 | X18: 0 | Y18: 42000 | Z18: WSWT1925800 | AA18: 35204.4 | AB18: 0 | AC18: 35204.4 | AD18: 0 | AE18: 0 | AF18: 0 | AG18: พร้อมส่ง | AH18: P7 | AI18: 2 | AJ18: 45925 | AK18: 0 | AL18: 45916 | AM18: 45923 | AN18: 45924 | AO18: 45924 | AP18: 45920 | AQ18: 0 | AR18: 0 | AS18: 0 | AT18: 0 | AU18: 0 | AV18: 0 | AW18: งานพิมพ์ | AX18: รอART | AY18: 0 | AZ18: 0 | BA18: 0 | BB18: 0 | BC18: WRWT25800/WRWT25800 | BD18: 2556.6218
A19: ประมาณการ | B19: ประมาณการ | C19: บจก.ไลม์มาสเตอร์ | D19: LMC 25 kg | E19: 19 | F19: 32 | G19: ขาว | H19: 0 | I19: 64 | J19: ± | K19: 5 | L19: ไม่ | M19: 20 | N19: 35 | O19: 40 | P19: 341.36903 | Q19: 0 | R19: 341.36903 | S19: 500กระสอบแบน | T19: 45925 | U19: 20000 | V19: 233 | W19: 19767 | X19: 0 | Y19: 20755.35 | Z19: WSWT1925800 | AA19: 18501.714 | AB19: 0 | AC19: 18501.714 | AD19: 0 | AE19: 0 | AF19: 0 | AG19: พร้อมส่ง | AH19: P9 | AI19: 3 | AJ19: 45925 | AK19: 0 | AL19: 45915 | AM19: 45922 | AN19: 45923 | AO19: 45923 | AP19: 45920 | AQ19: 45924 | AR19: 0 | AS19: 0 | AT19: 0 | AU19: 0 | AV19: 0 | AW19: งานพิมพ์ | AX19: รอART | AY19: 0 | AZ19: 0 | BA19: 0 | BB19: 0 | BC19: WRWT25800/WRWT25800 | BD19: 1343.6356
A20: 0 | B20: 0 | C20: 0 | D20: 0 | E20: 19 | F20: 30 | G20: ขาว | H20: 0 | I20: 60 | J20: ± | K20: 5 | L20: 0 | M20: 0 | N20: 0 | O20: 0 | P20: 0 | Q20: 0 | R20: 0 | S20: 0 | U20: 0 | V20: 0 | W20: 0 | X20: 0 | Y20: 0 | Z20: WSWT1925800 | AA20: 126049.62 | AB20: 24908 | AC20: 101141.62 | AD20: 0 | AE20: 0 | AF20: ระบุในSD | AG20: พร้อมส่ง | AH20: 0 | AI20: Lead time | AJ20: 0 | AK20: 0 | AL20: 0 | AM20: 0 | AN20: 0 | AO20: 0 | AP20: 0 | AQ20: 0 | AR20: 0 | AS20: 0 | AT20: 0 | AU20: 0 | AV20: 0 | AW20: 0 | AX20: 0 | AY20: 0 | AZ20: 0 | BA20: 0 | BB20: 0 | BC20: WRWT25800/WRWT25800 | BD20: 0
A21: 45896 | B21: MK68-001043 | C21: บจก.เคอรี่ฟลาวมิลล์ | D21: ถุงเขียว | E21: 19 | F21: 32 | G21: ขาว | H21: 0 | I21: 67 | J21: + | K21: 5 | L21: บิด | M21: ไม่สวมถุงใน | N21: 0 | O21: 0 | P21: 0 | Q21: 0 | R21: 0 | S21: ห่ออัดเบลแบน500 | T21: 45906 | U21: 10000 | V21: 10000 | W21: 0 | X21: 10500 | Y21: 0 | Z21: WSWT1921720 | AA21: 0 | AB21: 0 | AC21: 0 | AD21: 0 | AE21: 0 | AF21: 0 | AG21: พร้อมส่ง | AH21: P7 | AI21: 2 | AJ21: 45906 | AK21: 0 | AL21: 45897 | AM21: 45904 | AN21: 45905 | AO21: 45905 | AP21: 45901 | AQ21: 0 | AR21: 0 | AS21: 0 | AT21: 0 | AU21: 0 | AV21: 0 | AW21: งานพิมพ์ | AX21: / | AY21: 0 | AZ21: 0 | BA21: 0 | BB21: 0 | BC21: WRWT21720/WRWT25800 | BD21: 0
A22: 45896 | B22: MK68-001043 | C22: บจก.เคอรี่ฟลาวมิลล์ | D22: ดอกไม้เขียว | E22: 19 | F22: 32 | G22: ขาว | H22: 0 | I22: 67 | J22: + | K22: 5 | L22: บิด | M22: ไม่สวมถุงใน | N22: 0 | O22: 0 | P22: 0 | Q22: 0 | R22: 0 | S22: ห่ออัดเบลแบน500 | T22: 45906 | U22: 5000 | V22: 5000 | W22: 0 | X22: 5400 | Y22: 0 | Z22: WSWT1921720 | AA22: 0 | AB22: 0 | AC22: 0 | AD22: 0 | AE22: 0 | AF22: 0 | AG22: พร้อมส่ง | AH22: P7 | AI22: 2 | AJ22: 45906 | AK22: 0 | AL22: 45897 | AM22: 45904 | AN22: 45905 | AO22: 45905 | AP22: 45901 | AQ22: 0 | AR22: 0 | AS22: 0 | AT22: 0 | AU22: 0 | AV22: 0 | AW22: งานพิมพ์ | AX22: / | AY22: 0 | AZ22: 0 | BA22: 0 | BB22: 0 | BC22: WRWT21720/WRWT25800 | BD22: 0
A23: 45896 | B23: MK68-001043 | C23: บจก.เคอรี่ฟลาวมิลล์ | D23: ดอกไม้แดง | E23: 19 | F23: 32 | G23: ขาว | H23: 0 | I23: 67 | J23: + | K23: 5 | L23: บิด | M23: ไม่สวมถุงใน | N23: 0 | O23: 0 | P23: 0 | Q23: 0 | R23: 0 | S23: ห่ออัดเบลแบน500 | T23: 45906 | U23: 5000 | V23: 5746 | W23: 0 | X23: 0 | Y23: 0 | Z23: WSWT1921720 | AA23: 0 | AB23: 0 | AC23: 0 | AD23: 0 | AE23: 0 | AF23: 0 | AG23: พร้อมส่ง | AH23: P7 | AI23: 2 | AJ23: 45906 | AK23: 0 | AL23: 45897 | AM23: 45904 | AN23: 45905 | AO23: 45905 | AP23: 45901 | AQ23: 0 | AR23: 0 | AS23: 0 | AT23: 0 | AU23: 0 | AV23: 0 | AW23: งานพิมพ์ | AX23: / | AY23: 0 | AZ23: 0 | BA23: 0 | BB23: 0 | BC23: WRWT21720/WRWT25800 | BD23: 0
A24: 45896 | B24: MK68-001043 | C24: บจก.เคอรี่ฟลาวมิลล์ | D24: กุ้งแดง | E24: 19 | F24: 32 | G24: ขาว | H24: 0 | I24: 67 | J24: + | K24: 5 | L24: บิด | M24: ไม่สวมถุงใน | N24: 0 | O24: 0 | P24: 0 | Q24: 0 | R24: 0 | S24: ห่ออัดเบลแบน500 | T24: 45906 | U24: 5000 | V24: 5000 | W24: 0 | X24: 5400 | Y24: 0 | Z24: WSWT1921720 | AA24: 0 | AB24: 0 | AC24: 0 | AD24: 0 | AE24: 0 | AF24: 0 | AG24: พร้อมส่ง | AH24: P7 | AI24: 2 | AJ24: 45906 | AK24: 0 | AL24: 45897 | AM24: 45904 | AN24: 45905 | AO24: 45905 | AP24: 45901 | AQ24: 0 | AR24: 0 | AS24: 0 | AT24: 0 | AU24: 0 | AV24: 0 | AW24: งานพิมพ์ | AX24: / | AY24: 0 | AZ24: 0 | BA24: 0 | BB24: 0 | BC24: WRWT21720/WRWT25800 | BD24: 0
A25: 45896 | B25: MK68-001043 | C25: บจก.เคอรี่ฟลาวมิลล์ | D25: โบว์น้ำเงิน | E25: 19 | F25: 32 | G25: ขาว | H25: 0 | I25: 67 | J25: + | K25: 5 | L25: บิด | M25: ไม่สวมถุงใน | N25: 0 | O25: 0 | P25: 0 | Q25: 0 | R25: 0 | S25: ห่ออัดเบลแบน500 | T25: 45906 | U25: 5000 | V25: 5000 | W25: 0 | X25: 5400 | Y25: 0 | Z25: WSWT1921720 | AA25: 0 | AB25: 0 | AC25: 0 | AD25: 0 | AE25: 0 | AF25: 0 | AG25: พร้อมส่ง | AH25: P7 | AI25: 2 | AJ25: 45906 | AK25: 0 | AL25: 45897 | AM25: 45904 | AN25: 45905 | AO25: 45905 | AP25: 45901 | AQ25: 0 | AR25: 0 | AS25: 0 | AT25: 0 | AU25: 0 | AV25: 0 | AW25: งานพิมพ์ | AX25: / | AY25: 0 | AZ25: 0 | BA25: 0 | BB25: 0 | BC25: WRWT21720/WRWT25800 | BD25: 0
A26: 45896 | B26: MK68-001044 | C26: บจก.เคอรี่ฟลาวมิลล์ | D26: เคเอ็ม | E26: 19 | F26: 32 | G26: ขาว | H26: 0 | I26: 67 | J26: + | K26: 5 | L26: บิด | M26: ไม่สวมถุงใน | N26: 0 | O26: 0 | P26: 0 | Q26: 0 | R26: 0 | S26: ห่ออัดเบลแบน500 | T26: 45906 | U26: 5000 | V26: 5000 | W26: 0 | X26: 5400 | Y26: 0 | Z26: WSWT1921720 | AA26: 0 | AB26: 0 | AC26: 0 | AD26: 0 | AE26: 0 | AF26: 0 | AG26: รอตัด | AH26: P7 | AI26: 2 | AJ26: 45906 | AK26: 0 | AL26: 45897 | AM26: 45904 | AN26: 45905 | AO26: 45905 | AP26: 45901 | AQ26: 0 | AR26: 0 | AS26: 0 | AT26: 0 | AU26: 0 | AV26: 0 | AW26: งานพิมพ์ | AX26: / | AY26: 0 | AZ26: 0 | BA26: 0 | BB26: 0 | BC26: WRWT21720/WRWT25800 | BD26: 0
A27: 45896 | B27: MK68-001044 | C27: บจก.เคอรี่ฟลาวมิลล์ | D27: ดอกไม้ม่วง | E27: 19 | F27: 32 | G27: ขาว | H27: 0 | I27: 67 | J27: + | K27: 5 | L27: บิด | M27: ไม่สวมถุงใน | N27: 0 | O27: 0 | P27: 0 | Q27: 0 | R27: 0 | S27: ห่ออัดเบลแบน500 | T27: 45906 | U27: 5000 | V27: 5000 | W27: 0 | X27: 5400 | Y27: 0 | Z27: WSWT1921720 | AA27: 0 | AB27: 0 | AC27: 0 | AD27: 0 | AE27: 0 | AF27: 0 | AG27: พร้อมส่ง | AH27: P7 | AI27: 2 | AJ27: 45906 | AK27: 0 | AL27: 45897 | AM27: 45904 | AN27: 45905 | AO27: 45905 | AP27: 45901 | AQ27: 0 | AR27: 0 | AS27: 0 | AT27: 0 | AU27: 0 | AV27: 0 | AW27: งานพิมพ์ | AX27: / | AY27: 0 | AZ27: 0 | BA27: 0 | BB27: 0 | BC27: WRWT21720/WRWT25800 | BD27: 0
A28: 45896 | B28: MK68-001044 | C28: บจก.เคอรี่ฟลาวมิลล์ | D28: แต้มฟ้า | E28: 19 | F28: 32 | G28: ขาว | H28: 0 | I28: 67 | J28: + | K28: 5 | L28: บิด | M28: ไม่สวมถุงใน | N28: 0 | O28: 0 | P28: 0 | Q28: 0 | R28: 0 | S28: ห่ออัดเบลแบน500 | T28: 45906 | U28: 5000 | V28: 5000 | W28: 0 | X28: 5250 | Y28: 0 | Z28: WSWT1921720 | AA28: 0 | AB28: 0 | AC28: 0 | AD28: 0 | AE28: 0 | AF28: 0 | AG28: พร้อมส่ง | AH28: P7 | AI28: 2 | AJ28: 45906 | AK28: 0 | AL28: 45897 | AM28: 45904 | AN28: 45905 | AO28: 45905 | AP28: 45901 | AQ28: 0 | AR28: 0 | AS28: 0 | AT28: 0 | AU28: 0 | AV28: 0 | AW28: งานพิมพ์ | AX28: / | AY28: 0 | AZ28: 0 | BA28: 0 | BB28: 0 | BC28: WRWT21720/WRWT25800 | BD28: 0
A29: 45896 | B29: MK68-001043 | C29: บจก.เคอรี่ฟลาวมิลล์ | D29: HARD FLOUR | E29: 19 | F29: 32 | G29: ขาว | H29: 0 | I29: 67 | J29: + | K29: 5 | L29: บิด | M29: ไม่สวมถุงใน | N29: 0 | O29: 0 | P29: 0 | Q29: 0 | R29: 0 | S29: ห่ออัดเบลแบน500 | T29: 45909 | U29: 5000 | V29: 0 | W29: 5000 | X29: 5400 | Y29: 0 | Z29: WSWT1921720 | AA29: 0 | AB29: 0 | AC29: 0 | AD29: 0 | AE29: 0 | AF29: 0 | AG29: รอตัด | AH29: P7 | AI29: 2 | AJ29: 45909 | AK29: 0 | AL29: 45900 | AM29: 45907 | AN29: 45908 | AO29: 45908 | AP29: 45904 | AQ29: 0 | AR29: 0 | AS29: 0 | AT29: 0 | AU29: 0 | AV29: 0 | AW29: งานพิมพ์ | AX29: / | AY29: 0 | AZ29: 0 | BA29: 0 | BB29: 0 | BC29: WRWT21720/WRWT25800 | BD29: 0
A30: 45896 | B30: MK68-001043 | C30: บจก.เคอรี่ฟลาวมิลล์ | D30: ปลาโลมาแดง | E30: 19 | F30: 32 | G30: ขาว | H30: 0 | I30: 67 | J30: + | K30: 5 | L30: บิด | M30: ไม่สวมถุงใน | N30: 0 | O30: 0 | P30: 0 | Q30: 0 | R30: 0 | S30: ห่ออัดเบลแบน500 | T30: 45909 | U30: 5000 | V30: 5000 | W30: 0 | X30: 5250 | Y30: 0 | Z30: WSWT1921720 | AA30: 0 | AB30: 0 | AC30: 0 | AD30: 0 | AE30: 0 | AF30: 0 | AG30: พร้อมส่ง | AH30: P7 | AI30: 2 | AJ30: 45909 | AK30: 0 | AL30: 45900 | AM30: 45907 | AN30: 45908 | AO30: 45908 | AP30: 45904 | AQ30: 0 | AR30: 0 | AS30: 0 | AT30: 0 | AU30: 0 | AV30: 0 | AW30: งานพิมพ์ | AX30: / | AY30: 0 | AZ30: 0 | BA30: 0 | BB30: 0 | BC30: WRWT21720/WRWT25800 | BD30: 0
A31: 45896 | B31: MK68-001043 | C31: บจก.เคอรี่ฟลาวมิลล์ | D31: BS | E31: 19 | F31: 32 | G31: ขาว | H31: 0 | I31: 67 | J31: + | K31: 5 | L31: บิด | M31: ไม่สวมถุงใน | N31: 0 | O31: 0 | P31: 0 | Q31: 0 | R31: 0 | S31: ห่ออัดเบลแบน500 | T31: 45909 | U31: 5000 | V31: 5000 | W31: 0 | X31: 5250 | Y31: 0 | Z31: WSWT1921720 | AA31: 0 | AB31: 0 | AC31: 0 | AD31: 0 | AE31: 0 | AF31: 0 | AG31: ยังไม่ได้พิมพ์ | AH31: P7 | AI31: 2 | AJ31: 45909 | AK31: 0 | AL31: 45900 | AM31: 45907 | AN31: 45908 | AO31: 45908 | AP31: 45904 | AQ31: 0 | AR31: 0 | AS31: 0 | AT31: 0 | AU31: 0 | AV31: 0 | AW31: งานพิมพ์ | AX31: / | AY31: 0 | AZ31: 0 | BA31: 0 | BB31: 0 | BC31: WRWT21720/WRWT25800 | BD31: 0
A32: 45896 | B32: MK68-001043 | C32: บจก.เคอรี่ฟลาวมิลล์ | D32: KFM | E32: 19 | F32: 32 | G32: ขาว | H32: 0 | I32: 67 | J32: + | K32: 5 | L32: ไม่ | M32: ไม่สวมถุงใน | N32: 0 | O32: 0 | P32: 0 | Q32: 0 | R32: 0 | S32: ห่ออัดเบลแบน500 | T32: 45909 | U32: 5000 | V32: 0 | W32: 5000 | X32: 5400 | Y32: 0 | Z32: WSWT1921720 | AA32: 0 | AB32: 0 | AC32: 0 | AD32: 0 | AE32: 0 | AF32: 0 | AG32: ยังไม่ได้พิมพ์ | AH32: P7 | AI32: 2 | AJ32: 45909 | AK32: 0 | AL32: 45900 | AM32: 45907 | AN32: 45908 | AO32: 45908 | AP32: 45904 | AQ32: 0 | AR32: 0 | AS32: 0 | AT32: 0 | AU32: 0 | AV32: 0 | AW32: งานพิมพ์ | AX32: / | AY32: 0 | AZ32: 0 | BA32: 0 | BB32: 0 | BC32: WRWT21720/WRWT25800 | BD32: 0
... A36: 45898 | B36: MK68-001044 | C36: บจก.เคอรี่ฟลาวมิลล์ | D36: FW-Y | E36: 19 | F36: 32 | G36: ขาว | H36: 0 | I36: 67 | J36: + | K36: 5 | L36: บิด | M36: ไม่สวมถุงใน | N36: 0 | O36: 0 | P36: 0 | Q36: 0 | R36: 0 | S36: ห่ออัดเบลแบน500 | T36: 45909 | U36: 5000 | V36: 5000 | W36: 0 | X36: 5400 | Y36: 0 | Z36: WSWT1921720 | AA36: 0 | AB36: 0 | AC36: 0 | AD36: 0 | AE36: 0 | AF36: 0 | AG36: ผ้าขาว | AH36: P7 | AI36: 2 | AJ36: 45909 | AK36: 0 | AL36: 45900 | AM36: 45907 | AN36: 45908 | AO36: 45908 | AP36: 45904 | AQ36: 0 | AR36: 0 | AS36: 0 | AT36: 0 | AU36: 0 | AV36: 0 | AW36: งานพิมพ์ | AX36: / | AY36: 0 | AZ36: 0 | BA36: 0 | BB36: 0 | BC36: WRWT21720/WRWT25800 | BD36: 0
A37: 45904 | B37: MK68-001075 | C37: บจก.เคอรี่ฟลาวมิลล์ | D37: ไม่พิมพ์ | E37: 19 | F37: 32 | G37: ขาว | H37: 0 | I37: 67 | J37: + | K37: 5 | L37: ไม่ | M37: ไม่สวมถุงใน | N37: 0 | O37: 0 | P37: 0 | Q37: 0 | R37: 0 | S37: ห่ออัดเบลแบน501 | T37: 45915 | U37: 20000 | V37: 0 | W37: 20000 | X37: 0 | Y37: 0 | Z37: WSWT1921720 | AA37: 18719.8 | AB37: 18719.8 | AC37: 0 | AD37: 0 | AE37: 0 | AF37: 0 | AG37: ผ้าขาว | AH37: P3 | AI37: 1 | AJ37: 45915 | AK37: 0 | AL37: 0 | AM37: 0 | AN37: 0 | AO37: 45914 | AP37: 45910 | AQ37: 0 | AR37: 0 | AS37: 0 | AT37: 0 | AU37: 0 | AV37: 0 | AW37: ตัด | AX37: 0 | AY37: 0 | AZ37: 0 | BA37: 0 | BB37: 0 | BC37: WRWT21720/WRWT25800 | BD37: 0
A38: 45904 | B38: MK68-001075 | C38: บจก.เคอรี่ฟลาวมิลล์ | D38: ไม่พิมพ์ | E38: 19 | F38: 32 | G38: ขาว | H38: 0 | I38: 67 | J38: + | K38: 5 | L38: ไม่ | M38: ไม่สวมถุงใน | N38: 0 | O38: 0 | P38: 0 | Q38: 0 | R38: 0 | S38: ห่ออัดเบลแบน501 | T38: 45924 | U38: 20000 | V38: 0 | W38: 20000 | X38: 0 | Y38: 0 | Z38: WSWT1921720 | AA38: 18719.8 | AB38: 18719.8 | AC38: 0 | AD38: 0 | AE38: 0 | AF38: 0 | AG38: ยังไม่ได้พิมพ์ | AH38: P3 | AI38: 1 | AJ38: 45924 | AK38: 0 | AL38: 0 | AM38: 0 | AN38: 0 | AO38: 45923 | AP38: 45919 | AQ38: 0 | AR38: 0 | AS38: 0 | AT38: 0 | AU38: 0 | AV38: 0 | AW38: ตัด | AX38: 0 | AY38: 0 | AZ38: 0 | BA38: 0 | BB38: 0 | BC38: WRWT21720/WRWT25800 | BD38: 0
A39: 45904 | B39: MK68-001076 | C39: บจก.เคอรี่ฟลาวมิลล์ | D39: ไม่พิมพ์ | E39: 19 | F39: 32 | G39: ขาว | H39: 0 | I39: 67 | J39: + | K39: 5 | L39: ไม่ | M39: ไม่สวมถุงใน | N39: 0 | O39: 0 | P39: 0 | Q39: 0 | R39: 0 | S39: ห่ออัดเบลแบน501 | T39: 45915 | U39: 20000 | V39: 0 | W39: 20000 | X39: 0 | Y39: 0 | Z39: WSWT1921720 | AA39: 18719.8 | AB39: 12462 | AC39: 6257.8 | AD39: 0 | AE39: 0 | AF39: 0 | AG39: ยังไม่ได้พิมพ์ | AH39: P3 | AI39: 1 | AJ39: 45915 | AK39: 0 | AL39: 0 | AM39: 0 | AN39: 0 | AO39: 45914 | AP39: 45910 | AQ39: 0 | AR39: 0 | AS39: 0 | AT39: 0 | AU39: 0 | AV39: 0 | AW39: ตัด | AX39: 0 | AY39: 0 | AZ39: 0 | BA39: 0 | BB39: 0 | BC39: WRWT21720/WRWT25800 | BD39: 471.36531
A40: 45904 | B40: MK68-001076 | C40: บจก.เคอรี่ฟลาวมิลล์ | D40: ไม่พิมพ์ | E40: 19 | F40: 32 | G40: ขาว | H40: 0 | I40: 67 | J40: + | K40: 5 | L40: ไม่ | M40: ไม่สวมถุงใน | N40: 0 | O40: 0 | P40: 0 | Q40: 0 | R40: 0 | S40: ห่ออัดเบลแบน501 | T40: 45924 | U40: 20000 | V40: 0 | W40: 20000 | X40: 0 | Y40: 0 | Z40: WSWT1921720 | AA40: 18719.8 | AB40: 0 | AC40: 18719.8 | AD40: 0 | AE40: 0 | AF40: 0 | AG40: ยังไม่ได้พิมพ์ | AH40: P3 | AI40: 1 | AJ40: 45924 | AK40: 0 | AL40: 0 | AM40: 0 | AN40: 0 | AO40: 45923 | AP40: 45919 | AQ40: 0 | AR40: 0 | AS40: 0 | AT40: 0 | AU40: 0 | AV40: 0 | AW40: ตัด | AX40: 0 | AY40: 0 | AZ40: 0 | BA40: 0 | BB40: 0 | BC40: WRWT21720/WRWT25800 | BD40: 1410.0585
A41: 45905 | B41: MK68-001077 | C41: บจก.เคอรี่ฟลาวมิลล์ | D41: ปลาโลมาเทา | E41: 19 | F41: 32 | G41: ขาว | H41: 0 | I41: 67 | J41: + | K41: 5 | L41: บิด | M41: ไม่สวมถุงใน | N41: 0 | O41: 0 | P41: 0 | Q41: 0 | R41: 0 | S41: ห่ออัดเบลแบน500 | T41: 45916 | U41: 5000 | V41: 0 | W41: 5000 | X41: 0 | Y41: 5250 | Z41: WSWT1921720 | AA41: 4679.95 | AB41: 0 | AC41: 4679.95 | AD41: 0 | AE41: 0 | AF41: PDR250295 | AG41: ยังไม่ได้พิมพ์ | AH41: P7 | AI41: 2 | AJ41: 45916 | AK41: 0 | AL41: 45907 | AM41: 45914 | AN41: 45915 | AO41: 45915 | AP41: 45911 | AQ41: 0 | AR41: 0 | AS41: 0 | AT41: 0 | AU41: 0 | AV41: 0 | AW41: งานพิมพ์ | AX41: / | AY41: 0 | AZ41: 0 | BA41: 0 | BB41: 0 | BC41: WRWT21720/WRWT25800 | BD41: 352.51463
A42: 45905 | B42: MK68-001077 | C42: บจก.เคอรี่ฟลาวมิลล์ | D42: ถุงเงิน | E42: 19 | F42: 32 | G42: ขาว | H42: 0 | I42: 67 | J42: + | K42: 5 | L42: บิด | M42: ไม่สวมถุงใน | N42: 0 | O42: 0 | P42: 0 | Q42: 0 | R42: 0 | S42: ห่ออัดเบลแบน500 | T42: 45916 | U42: 5000 | V42: 0 | W42: 5000 | X42: 0 | Y42: 5250 | Z42: WSWT1921720 | AA42: 4679.95 | AB42: 0 | AC42: 4679.95 | AD42: 0 | AE42: 0 | AF42: PDR250295 | AG42: ยังไม่ได้พิมพ์ | AH42: P7 | AI42: 2 | AJ42: 45916 | AK42: 0 | AL42: 45907 | AM42: 45914 | AN42: 45915 | AO42: 45915 | AP42: 45911 | AQ42: 0 | AR42: 0 | AS42: 0 | AT42: 0 | AU42: 0 | AV42: 0 | AW42: งานพิมพ์ | AX42: / | AY42: 0 | AZ42: 0 | BA42: 0 | BB42: 0 | BC42: WRWT21720/WRWT25800 | BD42: 352.51463
A43: 45905 | B43: MK68-001077 | C43: บจก.เคอรี่ฟลาวมิลล์ | D43: กุ้งแดง | E43: 19 | F43: 32 | G43: ขาว | H43: 0 | I43: 67 | J43: + | K43: 5 | L43: บิด | M43: ไม่สวมถุงใน | N43: 0 | O43: 0 | P43: 0 | Q43: 0 | R43: 0 | S43: ห่ออัดเบลแบน500 | T43: 45916 | U43: 10000 | V43: 0 | W43: 10000 | X43: 0 | Y43: 10500 | Z43: WSWT1921720 | AA43: 9359.9 | AB43: 0 | AC43: 9359.9 | AD43: 0 | AE43: 0 | AF43: PDR250295 | AG43: ยังไม่ได้พิมพ์ | AH43: P7 | AI43: 2 | AJ43: 45916 | AK43: 0 | AL43: 45907 | AM43: 45914 | AN43: 45915 | AO43: 45915 | AP43: 45911 | AQ43: 0 | AR43: 0 | AS43: 0 | AT43: 0 | AU43: 0 | AV43: 0 | AW43: งานพิมพ์ | AX43: / | AY43: 0 | AZ43: 0 | BA43: 0 | BB43: 0 | BC43: WRWT21720/WRWT25800 | BD43: 705.02927
A44: 45905 | B44: MK68-001077 | C44: บจก.เคอรี่ฟลาวมิลล์ | D44: PBKF2-01-03 | E44: 19 | F44: 32 | G44: ขาว | H44: 0 | I44: 67 | J44: + | K44: 5 | L44: บิด | M44: ไม่สวมถุงใน | N44: 0 | O44: 0 | P44: 0 | Q44: 0 | R44: 0 | S44: ห่ออัดเบลแบน500 | T44: 45916 | U44: 5000 | V44: 0 | W44: 5000 | X44: 0 | Y44: 5250 | Z44: WSWT1921720 | AA44: 4679.95 | AB44: 0 | AC44: 4679.95 | AD44: 0 | AE44: 0 | AF44: PDR250295 | AG44: ยังไม่ได้พิมพ์ | AH44: P7 | AI44: 2 | AJ44: 45916 | AK44: 0 | AL44: 45907 | AM44: 45914 | AN44: 45915 | AO44: 45915 | AP44: 45911 | AQ44: 0 | AR44: 0 | AS44: 0 | AT44: 0 | AU44: 0 | AV44: 0 | AW44: งานพิมพ์ | AX44: / | AY44: 0 | AZ44: 0 | BA44: 0 | BB44: 0 | BC44: WRWT21720/WRWT25800 | BD44: 352.51463
A45: 45905 | B45: MK68-001077 | C45: บจก.เคอรี่ฟลาวมิลล์ | D45: บะหมี่เตี๊ยว | E45: 19 | F45: 32 | G45: ขาว | H45: 0 | I45: 67 | J45: + | K45: 5 | L45: บิด | M45: ไม่สวมถุงใน | N45: 0 | O45: 0 | P45: 0 | Q45: 0 | R45: 0 | S45: ห่ออัดเบลแบน500 | T45: 45918 | U45: 5000 | V45: 0 | W45: 5000 | X45: 0 | Y45: 5250 | Z45: WSWT1921720 | AA45: 4679.95 | AB45: 0 | AC45: 4679.95 | AD45: 0 | AE45: 0 | AF45: PDR250296 | AG45: ยังไม่ได้พิมพ์ | AH45: P7 | AI45: 2 | AJ45: 45918 | AK45: 0 | AL45: 45909 | AM45: 45916 | AN45: 45917 | AO45: 45917 | AP45: 45913 | AQ45: 0 | AR45: 0 | AS45: 0 | AT45: 0 | AU45: 0 | AV45: 0 | AW45: งานพิมพ์ | AX45: / | AY45: 0 | AZ45: 0 | BA45: 0 | BB45: 0 | BC45: WRWT21720/WRWT25800 | BD45: 352.51463
A46: 45905 | B46: MK68-001077 | C46: บจก.เคอรี่ฟลาวมิลล์ | D46: แต้มแดง | E46: 19 | F46: 32 | G46: ขาว | H46: 0 | I46: 67 | J46: + | K46: 5 | L46: บิด | M46: ไม่สวมถุงใน | N46: 0 | O46: 0 | P46: 0 | Q46: 0 | R46: 0 | S46: ห่ออัดเบลแบน500 | T46: 45918 | U46: 5000 | V46: 0 | W46: 5000 | X46: 0 | Y46: 5250 | Z46: WSWT1921720 | AA46: 4679.95 | AB46: 0 | AC46: 4679.95 | AD46: 0 | AE46: 0 | AF46: PDR250296 | AG46: รอแบบ | AH46: P7 | AI46: 2 | AJ46: 45918 | AK46: 0 | AL46: 45909 | AM46: 45916 | AN46: 45917 | AO46: 45917 | AP46: 45913 | AQ46: 0 | AR46: 0 | AS46: 0 | AT46: 0 | AU46: 0 | AV46: 0 | AW46: งานพิมพ์ | AX46: / | AY46: 0 | AZ46: 0 | BA46: 0 | BB46: 0 | BC46: WRWT21720/WRWT25800 | BD46: 352.51463
A47: 45905 | B47: MK68-001077 | C47: บจก.เคอรี่ฟลาวมิลล์ | D47: ถุงเขียว | E47: 19 | F47: 32 | G47: ขาว | H47: 0 | I47: 67 | J47: + | K47: 5 | L47: บิด | M47: ไม่สวมถุงใน | N47: 0 | O47: 0 | P47: 0 | Q47: 0 | R47: 0 | S47: ห่ออัดเบลแบน500 | T47: 45918 | U47: 10000 | V47: 0 | W47: 10000 | X47: 0 | Y47: 10500 | Z47: WSWT1921720 | AA47: 9359.9 | AB47: 0 | AC47: 9359.9 | AD47: 0 | AE47: 0 | AF47: PDR250296 | AG47: พร้อมส่ง | AH47: P7 | AI47: 2 | AJ47: 45918 | AK47: 0 | AL47: 45909 | AM47: 45916 | AN47: 45917 | AO47: 45917 | AP47: 45913 | AQ47: 0 | AR47: 0 | AS47: 0 | AT47: 0 | AU47: 0 | AV47: 0 | AW47: งานพิมพ์ | AX47: / | AY47: 0 | AZ47: 0 | BA47: 0 | BB47: 0 | BC47: WRWT21720/WRWT25800 | BD47: 705.02927
A48: 45905 | B48: MK68-001077 | C48: บจก.เคอรี่ฟลาวมิลล์ | D48: ดอกไม้เขียว | E48: 19 | F48: 32 | G48: ขาว | H48: 0 | I48: 67 | J48: + | K48: 5 | L48: บิด | M48: ไม่สวมถุงใน | N48: 0 | O48: 0 | P48: 0 | Q48: 0 | R48: 0 | S48: ห่ออัดเบลแบน500 | T48: 45918 | U48: 5000 | V48: 0 | W48: 5000 | X48: 0 | Y48: 5250 | Z48: WSWT1921720 | AA48: 4679.95 | AB48: 0 | AC48: 4679.95 | AD48: 0 | AE48: 0 | AF48: PDR250296 | AG48: พร้อมส่ง | AH48: P7 | AI48: 2 | AJ48: 45918 | AK48: 0 | AL48: 45909 | AM48: 45916 | AN48: 45917 | AO48: 45917 | AP48: 45913 | AQ48: 0 | AR48: 0 | AS48: 0 | AT48: 0 | AU48: 0 | AV48: 0 | AW48: งานพิมพ์ | AX48: / | AY48: 0 | AZ48: 0 | BA48: 0 | BB48: 0 | BC48: WRWT21720/WRWT25800 | BD48: 352.51463
A49: ประมาณการ | B49: ประมาณการ | C49: บจก.เคอรี่ฟลาวมิลล์ | D49: รอแบบ | E49: 19 | F49: 32 | G49: ขาว | H49: 0 | I49: 67 | J49: + | K49: 5 | L49: บิด | M49: ไม่สวมถุงใน | N49: 0 | O49: 0 | P49: 0 | Q49: 0 | R49: 0 | S49: ห่ออัดเบลแบน500 | T49: 45930 | U49: 140000 | V49: 0 | W49: 140000 | X49: 0 | Y49: 147000 | Z49: WSWT1921720 | AA49: 131038.6 | AB49: 0 | AC49: 131038.6 | AD49: 0 | AE49: 0 | AF49: 0 | AG49: ยังไม่ได้พิมพ์ | AH49: P7 | AI49: 2 | AJ49: 45930 | AK49: 0 | AL49: 45921 | AM49: 45928 | AN49: 45929 | AO49: 45929 | AP49: 45925 | AQ49: 0 | AR49: 0 | AS49: 0 | AT49: 0 | AU49: 0 | AV49: 0 | AW49: งานพิมพ์ | AX49: รอART | AY49: 0 | AZ49: 0 | BA49: 0 | BB49: 0 | BC49: WRWT21720/WRWT25800 | BD49: 9870.4097
A50: 0 | B50: 0 | C50: 0 | D50: 0 | E50: 19 | F50: 30 | G50: 0 | H50: 0 | I50: 63 | J50: + | K50: 5 | L50: 0 | M50: 0 | N50: 0 | O50: 0 | P50: 0 | Q50: 0 | R50: 0 | S50: 0 | U50: 0 | V50: 0 | W50: 0 | X50: 0 | Y50: 0 | Z50: WSWT1921720 | AA50: 262077.2 | AB50: 59261.5 | AC50: 202815.7 | AD50: 0 | AE50: 0 | AF50: ระบุในSD | AG50: ยังไม่ได้พิมพ์ | AH50: 0 | AI50: Lead time | AJ50: 0 | AK50: 0 | AL50: 0 | AM50: 0 | AN50: 0 | AO50: 0 | AP50: 0 | AQ50: 0 | AR50: 0 | AS50: 0 | AT50: 0 | AU50: 0 | AV50: 0 | AW50: 0 | AX50: 0 | AY50: 0 | AZ50: 0 | BA50: 0 | BB50: 0 | BC50: WRWT190720/WRWT25800 | BD50: 0
A51: 45905 | B51: ใบรับคำสั่งซื้อ | C51: บจก.อินเทคค์ โกลบอล | D51: เพอเฟคค์103P โกลด์ | E51: 19 | F51: 34 | G51: ขาว | H51: ด้าน | I51: 100 | J51: ± | K51: 5 | L51: จับจีบ4" | M51: ไม่สวมถุงใน | N51: 0 | O51: 0 | P51: 0 | Q51: 0 | R51: 0 | S51: มัด80 ใช้สายรัด | T51: 45920 | U51: 5040 | V51: 0 | W51: 5040 | X51: 0 | Y51: 5292 | Z51: WSWT19251000SM | AA51: 4999.0248 | AB51: 2960 | AC51: 2039.0248 | AD51: 0 | AE51: 4999.0248 | AF51: 0 | AG51: พร้อมส่ง | AH51: P6 | AI51: 4 | AJ51: 45920 | AK51: 45916 | AL51: 45909 | AM51: 45917 | AN51: 45918 | AO51: 45919 | AP51: 45915 | AQ51: 0 | AR51: 0 | AS51: 0 | AT51: 0 | AU51: 0 | AV51: 0 | AW51: งานเคลือบ+พิมพ์ | AX51: รอART | AY51: 0 | AZ51: 0 | BA51: 0 | BB51: 0 | BC51: WRWT251000/WRWT251000 | BD51: 172.18432
A52: 45905 | B52: ใบรับคำสั่งซื้อ | C52: บจก.อินเทคค์ โกลบอล | D52: เพอเฟคค์104 โกลด์ | E52: 19 | F52: 34 | G52: ขาว | H52: ด้าน | I52: 100 | J52: ± | K52: 5 | L52: จับจีบ4" | M52: ไม่สวมถุงใน | N52: 0 | O52: 0 | P52: 0 | Q52: 0 | R52: 0 | S52: มัด80 ใช้สายรัด | T52: 45920 | U52: 5040 | V52: 0 | W52: 5040 | X52: 0 | Y52: 5292 | Z52: WSWT19251000SM | AA52: 4999.0248 | AB52: 0 | AC52: 4999.0248 | AD52: 0 | AE52: 4999.0248 | AF52: 0 | AG52: พร้อมส่ง | AH52: P6 | AI52: 4 | AJ52: 45920 | AK52: 45916 | AL52: 45909 | AM52: 45917 | AN52: 45918 | AO52: 45919 | AP52: 45915 | AQ52: 0 | AR52: 0 | AS52: 0 | AT52: 0 | AU52: 0 | AV52: 0 | AW52: งานเคลือบ+พิมพ์ | AX52: รอART | AY52: 0 | AZ52: 0 | BA52: 0 | BB52: 0 | BC52: WRWT251000/WRWT251000 | BD52: 422.13987
A53: 45796 | B53: MK68-000680 | C53: บจก.อินเทคค์ โกลบอล | D53: เพอเฟคค์103P โกลด์ | E53: 19 | F53: 34 | G53: ขาว | H53: ด้าน | I53: 100 | J53: ± | K53: 5 | L53: จับจีบ4" | M53: ไม่สวมถุงใน | N53: 0 | O53: 0 | P53: 0 | Q53: 0 | R53: 0 | S53: มัด80 ใช้สายรัด | T53: รอแจ้ง | U53: 503 | V53: 0 | W53: 503 | X53: 5250 | Y53: 0 | Z53: WSWT19251000SM | AA53: 0 | AB53: 0 | AC53: 0 | AD53: 0 | AE53: 0 | AF53: 0 | AG53: พร้อมส่ง | AH53: P6 | AI53: 4 | AJ53: รอแจ้ง | AK53: #VALUE! | AL53: #VALUE! | AM53: #VALUE! | AN53: #VALUE! | AO53: #VALUE! | AP53: #VALUE! | AQ53: 0 | AR53: 0 | AS53: 0 | AT53: 0 | AU53: 0 | AV53: 0 | AW53: งานเคลือบ+พิมพ์ | AX53: / | AY53: 0 | AZ53: 0 | BA53: 0 | BB53: 0 | BC53: WRWT251000/WRWT251000 | BD53: 0
A54: 0 | B54: 0 | C54: 0 | D54: 0 | E54: 19 | F54: 34 | G54: ขาว | H54: 0 | I54: 80 | J54: ± | K54: 5 | L54: 0 | M54: 0 | N54: 0 | O54: 0 | P54: 0 | Q54: 0 | R54: 0 | S54: 0 | U54: 0 | V54: 0 | W54: 0 | X54: 0 | Y54: 0 | Z54: WSWT19251000SM | AA54: 9998.0496 | AB54: 2960 | AC54: 7038.0496 | AD54: 0 | AE54: 9998.0496 | AF54: ระบุในSD | AG54: พร้อมส่ง | AH54: 0 | AI54: Lead time | AJ54: 0 | AK54: 0 | AL54: 0 | AM54: 0 | AN54: 0 | AO54: 0 | AP54: 0 | AQ54: 0 | AR54: 0 | AS54: 0 | AT54: 0 | AU54: 0 | AV54: 0 | AW54: 0 | AX54: 0 | AY54: 0 | AZ54: 0 | BA54: 0 | BB54: 0 | BC54: WRWT251000/WRYL251000 | BD54: 0
A55: 45877 | B55: MK68-000990 | C55: บจก.เอสพีเอ็ม อาหารสัตว์ | D55: SW 441 PLUS | E55: 20 | F55: 38 | G55: ขาว | H55: ใส | I55: 100 | J55: ± | K55: 5 | L55: บิด | M55: ไม่สวมถุงใน | N55: 0 | O55: 0 | P55: 0 | Q55: 0 | R55: 0 | S55: 500กระสอบแบน | T55: 45906 | U55: 3000 | V55: 3000 | W55: 0 | X55: 3300 | Y55: 0 | Z55: WSWT2025800SM | AA55: 0 | AB55: 0 | AC55: 0 | AD55: 0 | AE55: 0 | AF55: 0 | AG55: ยังไม่ได้พิมพ์ | AH55: P6 | AI55: 4 | AJ55: 45906 | AK55: 45902 | AL55: 45895 | AM55: 45903 | AN55: 45904 | AO55: 45905 | AP55: 45901 | AQ55: 0 | AR55: 0 | AS55: 0 | AT55: 0 | AU55: 0 | AV55: 0 | AW55: งานเคลือบ+พิมพ์ | AX55: / | AY55: 0 | AZ55: 0 | BA55: 0 | BB55: 0 | BC55: WRWT25850/WRWT25850 | BD55: 0
A56: 45850 | B56: MK68-000877 | C56: บจก.เอพีเอ็ม อะโกร | D56: ยู-ฟีด รวมหมู | E56: 20 | F56: 38 | G56: ขาว | H56: ใส | I56: 100 | J56: ± | K56: 5 | L56: บิด | M56: ไม่สวมถุงใน | N56: 0 | O56: 0 | P56: 0 | Q56: 0 | R56: 0 | S56: 500กระสอบแบน | T56: 45906 | U56: 3000 | V56: 3000 | W56: 0 | X56: 3300 | Y56: 0 | Z56: WSWT2025800SM | AA56: 0 | AB56: 0 | AC56: 0 | AD56: 0 | AE56: 0 | AF56: 0 | AG56: ยังไม่ได้พิมพ์ | AH56: P6 | AI56: 4 | AJ56: 45906 | AK56: 45902 | AL56: 45895 | AM56: 45903 | AN56: 45904 | AO56: 45905 | AP56: 45901 | AQ56: 0 | AR56: 0 | AS56: 0 | AT56: 0 | AU56: 0 | AV56: 0 | AW56: งานเคลือบ+พิมพ์ | AX56: / | AY56: ลบสี | AZ56: 0 | BA56: 0 | BB56: 0 | BC56: WRWT25850/WRWT25850 | BD56: 0
A57: 45905 | B57: ใบรับคำสั่งซื้อ | C57: บจก.อินเทคค์ โกลบอล | D57: เฟิร์สช้อย 914 | E57: 20 | F57: 36 | G57: ขาว | H57: ด้าน | I57: 100 | J57: ± | K57: 5 | L57: จับจีบ | M57: ไม่สวมถุงใน | N57: 0 | O57: 0 | P57: 0 | Q57: 0 | R57: 0 | S57: มัด80 ใช้สายรัด | T57: 45919 | U57: 5040 | V57: 0 | W57: 5040 | X57: 0 | Y57: 5292 | Z57: WSWT2025800SM | AA57: 5280.66 | AB57: 0 | AC57: 5280.66 | AD57: 0 | AE57: 5280.66 | AF57: 0 | AG57: ยังไม่ได้พิมพ์ | AH57: P6 | AI57: 4 | AJ57: 45919 | AK57: 45915 | AL57: 45908 | AM57: 45916 | AN57: 45917 | AO57: 45918 | AP57: 45914 | AQ57: 0 | AR57: 0 | AS57: 0 | AT57: 0 | AU57: 0 | AV57: 0 | AW57: งานเคลือบ+พิมพ์ | AX57: รอART | AY57: 0 | AZ57: 0 | BA57: 0 | BB57: 0 | BC57: WRWT25850/WRWT25850 | BD57: 398.9832
A58: 45905 | B58: ใบรับคำสั่งซื้อ | C58: บจก.อินเทคค์ โกลบอล | D58: เพอเฟคค์ 912 | E58: 20 | F58: 36 | G58: ขาว | H58: ด้าน | I58: 100 | J58: ± | K58: 5 | L58: จับจีบ | M58: ไม่สวมถุงใน | N58: 0 | O58: 0 | P58: 0 | Q58: 0 | R58: 0 | S58: มัด80 ใช้สายรัด | T58: 45919 | U58: 10000 | V58: 0 | W58: 10000 | X58: 0 | Y58: 10500 | Z58: WSWT2025800SM | AA58: 10477.5 | AB58: 0 | AC58: 10477.5 | AD58: 0 | AE58: 10477.5 | AF58: 0 | AG58: พร้อมส่ง | AH58: P6 | AI58: 4 | AJ58: 45919 | AK58: 45915 | AL58: 45908 | AM58: 45916 | AN58: 45917 | AO58: 45918 | AP58: 45914 | AQ58: 0 | AR58: 0 | AS58: 0 | AT58: 0 | AU58: 0 | AV58: 0 | AW58: งานเคลือบ+พิมพ์ | AX58: รอART | AY58: 0 | AZ58: 0 | BA58: 0 | BB58: 0 | BC58: WRWT25850/WRWT25850 | BD58: 791.63333
A59: 45905 | B59: ใบรับคำสั่งซื้อ | C59: บจก.อินเทคค์ โกลบอล | D59: เฟิร์สช้อย 912 | E59: 20 | F59: 36 | G59: ขาว | H59: ด้าน | I59: 100 | J59: ± | K59: 5 | L59: จับจีบ | M59: ไม่สวมถุงใน | N59: 0 | O59: 0 | P59: 0 | Q59: 0 | R59: 0 | S59: มัด80 ใช้สายรัด | T59: 45920 | U59: 5040 | V59: 0 | W59: 5040 | X59: 0 | Y59: 5292 | Z59: WSWT2025800SM | AA59: 5280.66 | AB59: 0 | AC59: 5280.66 | AD59: 0 | AE59: 5280.66 | AF59: 0 | AG59: พร้อมส่ง | AH59: P6 | AI59: 4 | AJ59: 45920 | AK59: 45916 | AL59: 45909 | AM59: 45917 | AN59: 45918 | AO59: 45919 | AP59: 45915 | AQ59: 0 | AR59: 0 | AS59: 0 | AT59: 0 | AU59: 0 | AV59: 0 | AW59: งานเคลือบ+พิมพ์ | AX59: รอART | AY59: 0 | AZ59: 0 | BA59: 0 | BB59: 0 | BC59: WRWT25850/WRWT25850 | BD59: 398.9832
A60: 45905 | B60: ใบรับคำสั่งซื้อ | C60: บจก.อินเทคค์ โกลบอล | D60: เฟิร์สช้อย 902 | E60: 20 | F60: 36 | G60: ขาว | H60: ด้าน | I60: 100 | J60: ± | K60: 5 | L60: จับจีบ | M60: ไม่สวมถุงใน | N60: 0 | O60: 0 | P60: 0 | Q60: 0 | R60: 0 | S60: มัด80 ใช้สายรัด | T60: 45920 | U60: 5040 | V60: 0 | W60: 5040 | X60: 0 | Y60: 5292 | Z60: WSWT2025800SM | AA60: 5280.66 | AB60: 0 | AC60: 5280.66 | AD60: 0 | AE60: 5280.66 | AF60: 0 | AG60: รอตัด | AH60: P6 | AI60: 4 | AJ60: 45920 | AK60: 45916 | AL60: 45909 | AM60: 45917 | AN60: 45918 | AO60: 45919 | AP60: 45915 | AQ60: 0 | AR60: 0 | AS60: 0 | AT60: 0 | AU60: 0 | AV60: 0 | AW60: งานเคลือบ+พิมพ์ | AX60: รอART | AY60: 0 | AZ60: 0 | BA60: 0 | BB60: 0 | BC60: WRWT25850/WRWT25850 | BD60: 398.9832
A61: 45796 | B61: MK68-000671 | C61: บจก.อินเทคค์ โกลบอล | D61: เฟิร์สช้อย 902 | E61: 20 | F61: 36 | G61: ขาว | H61: ด้าน | I61: 100 | J61: ± | K61: 5 | L61: จับจีบ | M61: ไม่สวมถุงใน | N61: 0 | O61: 0 | P61: 0 | Q61: 0 | R61: 0 | S61: มัด80 ใช้สายรัด | T61: 45915 | U61: 366 | V61: 0 | W61: 366 | X61: 0 | Y61: 384.3 | Z61: WSWT2025800SM | AA61: 383.4765 | AB61: 0 | AC61: 383.4765 | AD61: 0 | AE61: 383.4765 | AF61: 0 | AG61: พร้อมส่ง | AH61: P6 | AI61: 4 | AJ61: 45915 | AK61: 45911 | AL61: 45904 | AM61: 45912 | AN61: 45913 | AO61: 45914 | AP61: 45910 | AQ61: 0 | AR61: 0 | AS61: 0 | AT61: 0 | AU61: 0 | AV61: 0 | AW61: งานเคลือบ+พิมพ์ | AX61: / | AY61: 0 | AZ61: 0 | BA61: 0 | BB61: 0 | BC61: WRWT25850/WRWT25850 | BD61: 28.97378
A62: 45892 | B62: MK68-001024 | C62: บจก.อินเทคค์ โกลบอล | D62: เฟิร์สช้อย 913 | E62: 20 | F62: 36 | G62: ขาว | H62: ด้าน | I62: 100 | J62: ± | K62: 5 | L62: จับจีบ | M62: ไม่สวมถุงใน | N62: 0 | O62: 0 | P62: 0 | Q62: 0 | R62: 0 | S62: มัด80 ใช้สายรัด | T62: รอแจ้ง | U62: 640 | V62: 0 | W62: 640 | X62: 6000 | Y62: 0 | Z62: WSWT2025800SM | AA62: 0 | AB62: 0 | AC62: 0 | AD62: 0 | AE62: 0 | AF62: 0 | AG62: รอตัด | AH62: P6 | AI62: 4 | AJ62: รอแจ้ง | AK62: #VALUE! | AL62: #VALUE! | AM62: #VALUE! | AN62: #VALUE! | AO62: #VALUE! | AP62: #VALUE! | AQ62: 0 | AR62: 0 | AS62: 0 | AT62: 0 | AU62: 0 | AV62: 0 | AW62: งานเคลือบ+พิมพ์ | AX62: / | AY62: สีผิดเบอร์280 | AZ62: 0 | BA62: 0 | BB62: 0 | BC62: WRWT25850/WRWT25850 | BD62: 0
A63: 45892 | B63: MK68-001026 | C63: บจก.อินเทคค์ โกลบอล | D63: เพอเฟคค์ 913 | E63: 20 | F63: 36 | G63: ขาว | H63: ด้าน | I63: 100 | J63: ± | K63: 5 | L63: จับจีบ | M63: ไม่สวมถุงใน | N63: 0 | O63: 0 | P63: 0 | Q63: 0 | R63: 0 | S63: มัด80 ใช้สายรัด | T63: รอแจ้ง | U63: 1840 | V63: 80 | W63: 1760 | X63: 10650 | Y63: 0 | Z63: WSWT2025800SM | AA63: 0 | AB63: 0 | AC63: 0 | AD63: 0 | AE63: 0 | AF63: 0 | AG63: ยังไม่ได้พิมพ์ | AH63: P6 | AI63: 4 | AJ63: รอแจ้ง | AK63: #VALUE! | AL63: #VALUE! | AM63: #VALUE! | AN63: #VALUE! | AO63: #VALUE! | AP63: #VALUE! | AQ63: 0 | AR63: 0 | AS63: 0 | AT63: 0 | AU63: 0 | AV63: 0 | AW63: งานเคลือบ+พิมพ์ | AX63: / | AY63: 0 | AZ63: 0 | BA63: 0 | BB63: 0 | BC63: WRWT25850/WRWT25850 | BD63: 0
A64: 45782 | B64: MK68-000609 | C64: บจก.เอสพีเอ็ม อาหารสัตว์ | D64: SW 441 | E64: 20 | F64: 38 | G64: ขาว | H64: ใส | I64: 100 | J64: ± | K64: 5 | L64: บิด | M64: ไม่สวมถุงใน | N64: 0 | O64: 0 | P64: 0 | Q64: 0 | R64: 0 | S64: 500กระสอบแบน | T64: 45909 | U64: 5000 | V64: 4473 | W64: 527 | X64: 5200 | Y64: 0 | Z64: WSWT2025800SM | AA64: 0 | AB64: 0 | AC64: 0 | AD64: 0 | AE64: 0 | AF64: 0 | AG64: ยังไม่ได้พิมพ์ | AH64: P6 | AI64: 4 | AJ64: 45909 | AK64: 45905 | AL64: 45898 | AM64: 45906 | AN64: 45907 | AO64: 45908 | AP64: 45904 | AQ64: 0 | AR64: 0 | AS64: 0 | AT64: 0 | AU64: 0 | AV64: 0 | AW64: งานเคลือบ+พิมพ์ | AX64: / | AY64: 0 | AZ64: 0 | BA64: 0 | BB64: 0 | BC64: WRWT25850/WRWT25850 | BD64: 0
A65: 45902 | B65: MK68-001071 | C65: บจก.วีซีเอฟ | D65: VC100 | E65: 20 | F65: 37 | G65: ขาว | H65: ใส | I65: 100 | J65: ± | K65: 5 | L65: บิด | M65: ไม่สวมถุงใน | N65: 0 | O65: 0 | P65: 0 | Q65: 0 | R65: 0 | S65: 500กระสอบแบน | T65: 45906 | U65: 10000 | V65: 5000 | W65: 5000 | X65: 10908 | Y65: 0 | Z65: WSWT2025800SM | AA65: 0 | AB65: 0 | AC65: 0 | AD65: 0 | AE65: 0 | AF65: 0 | AG65: ยังไม่ได้พิมพ์ | AH65: P6 | AI65: 4 | AJ65: 45906 | AK65: 45902 | AL65: 45895 | AM65: 45903 | AN65: 45904 | AO65: 45905 | AP65: 45901 | AQ65: 0 | AR65: 0 | AS65: 0 | AT65: 0 | AU65: 0 | AV65: 0 | AW65: งานเคลือบ+พิมพ์ | AX65: / | AY65: 0 | AZ65: 0 | BA65: 0 | BB65: 0 | BC65: WRWT25850/WRWT25850 | BD65: 0
A66: 45902 | B66: MK68-001069 | C66: บจก.วีซีเอฟ | D66: VC120 | E66: 20 | F66: 37 | G66: ขาว | H66: ใส | I66: 100 | J66: ± | K66: 5 | L66: บิด | M66: ไม่สวมถุงใน | N66: 0 | O66: 0 | P66: 0 | Q66: 0 | R66: 0 | S66: 500กระสอบแบน | T66: 45906 | U66: 10000 | V66: 0 | W66: 10000 | X66: 0 | Y66: 10500 | Z66: WSWT2025800SM | AA66: 10756.9 | AB66: 10756.9 | AC66: 0 | AD66: 10756.9 | AE66: 0 | AF66: 0 | AG66: ยังไม่ได้พิมพ์ | AH66: P6 | AI66: 4 | AJ66: 45906 | AK66: 45902 | AL66: 45895 | AM66: 45903 | AN66: 45904 | AO66: 45905 | AP66: 45901 | AQ66: 0 | AR66: 0 | AS66: 0 | AT66: 0 | AU66: 0 | AV66: 0 | AW66: งานเคลือบ+พิมพ์ | AX66: / | AY66: 0 | AZ66: 0 | BA66: 0 | BB66: 0 | BC66: WRWT25850/WRWT25850 | BD66: 0
A67: 45902 | B67: MK68-001071 | C67: บจก.วีซีเอฟ | D67: VC100 | E67: 20 | F67: 37 | G67: ขาว | H67: ใส | I67: 100 | J67: ± | K67: 5 | L67: บิด | M67: ไม่สวมถุงใน | N67: 0 | O67: 0 | P67: 0 | Q67: 0 | R67: 0 | S67: 500กระสอบแบน | T67: 45930 | U67: 20000 | V67: 0 | W67: 20000 | X67: 0 | Y67: 21000 | Z67: WSWT2025800SM | AA67: 21513.8 | AB67: 21513.8 | AC67: 0 | AD67: 0 | AE67: 21513.8 | AF67: 0 | AG67: ยังไม่ได้พิมพ์ | AH67: P6 | AI67: 4 | AJ67: 45930 | AK67: 45926 | AL67: 45919 | AM67: 45927 | AN67: 45928 | AO67: 45929 | AP67: 45925 | AQ67: 0 | AR67: 0 | AS67: 0 | AT67: 0 | AU67: 0 | AV67: 0 | AW67: งานเคลือบ+พิมพ์ | AX67: / | AY67: 0 | AZ67: 0 | BA67: 0 | BB67: 0 | BC67: WRWT25850/WRWT25850 | BD67: 0
A68: 45902 | B68: MK68-001069 | C68: บจก.วีซีเอฟ | D68: VC120 | E68: 20 | F68: 37 | G68: ขาว | H68: ใส | I68: 100 | J68: ± | K68: 5 | L68: บิด | M68: ไม่สวมถุงใน | N68: 0 | O68: 0 | P68: 0 | Q68: 0 | R68: 0 | S68: 500กระสอบแบน | T68: 45930 | U68: 20000 | V68: 0 | W68: 20000 | X68: 0 | Y68: 21000 | Z68: WSWT2025800SM | AA68: 21513.8 | AB68: 21513.8 | AC68: 0 | AD68: 0 | AE68: 21513.8 | AF68: 0 | AG68: ยังไม่ได้พิมพ์ | AH68: P6 | AI68: 4 | AJ68: 45930 | AK68: 45926 | AL68: 45919 | AM68: 45927 | AN68: 45928 | AO68: 45929 | AP68: 45925 | AQ68: 0 | AR68: 0 | AS68: 0 | AT68: 0 | AU68: 0 | AV68: 0 | AW68: งานเคลือบ+พิมพ์ | AX68: / | AY68: 0 | AZ68: 0 | BA68: 0 | BB68: 0 | BC68: WRWT25850/WRWT25850 | BD68: 0
A69: 45902 | B69: MK68-001071 | C69: บจก.วีซีเอฟ | D69: VC181 | E69: 20 | F69: 37 | G69: ขาว | H69: ใส | I69: 100 | J69: ± | K69: 5 | L69: บิด | M69: ไม่สวมถุงใน | N69: 0 | O69: 0 | P69: 0 | Q69: 0 | R69: 0 | S69: 500กระสอบแบน | T69: 45930 | U69: 20000 | V69: 0 | W69: 20000 | X69: 0 | Y69: 21000 | Z69: WSWT2025800SM | AA69: 21513.8 | AB69: 21513.8 | AC69: 0 | AD69: 0 | AE69: 21513.8 | AF69: 0 | AG69: ยังไม่ได้พิมพ์ | AH69: P6 | AI69: 4 | AJ69: 45930 | AK69: 45926 | AL69: 45919 | AM69: 45927 | AN69: 45928 | AO69: 45929 | AP69: 45925 | AQ69: 0 | AR69: 0 | AS69: 0 | AT69: 0 | AU69: 0 | AV69: 0 | AW69: งานเคลือบ+พิมพ์ | AX69: / | AY69: 0 | AZ69: 0 | BA69: 0 | BB69: 0 | BC69: WRWT25850/WRWT25850 | BD69: 0
A70: 45902 | B70: MK68-001071 | C70: บจก.วีซีเอฟ | D70: VC108 | E70: 20 | F70: 37 | G70: ขาว | H70: ใส | I70: 100 | J70: ± | K70: 5 | L70: บิด | M70: ไม่สวมถุงใน | N70: 0 | O70: 0 | P70: 0 | Q70: 0 | R70: 0 | S70: 500กระสอบแบน | T70: 45930 | U70: 10000 | V70: 0 | W70: 10000 | X70: 0 | Y70: 10500 | Z70: WSWT2025800SM | AA70: 10756.9 | AB70: 10756.9 | AC70: 0 | AD70: 0 | AE70: 10756.9 | AF70: 0 | AG70: ยังไม่ได้พิมพ์ | AH70: P6 | AI70: 4 | AJ70: 45930 | AK70: 45926 | AL70: 45919 | AM70: 45927 | AN70: 45928 | AO70: 45929 | AP70: 45925 | AQ70: 0 | AR70: 0 | AS70: 0 | AT70: 0 | AU70: 0 | AV70: 0 | AW70: งานเคลือบ+พิมพ์ | AX70: / | AY70: 0 | AZ70: 0 | BA70: 0 | BB70: 0 | BC70: WRWT25850/WRWT25850 | BD70: 0
A71: 45902 | B71: MK68-001069 | C71: บจก.วีซีเอฟ | D71: VC193 | E71: 20 | F71: 37 | G71: ขาว | H71: ใส | I71: 100 | J71: ± | K71: 5 | L71: บิด | M71: ไม่สวมถุงใน | N71: 0 | O71: 0 | P71: 0 | Q71: 0 | R71: 0 | S71: 500กระสอบแบน | T71: 45930 | U71: 10000 | V71: 0 | W71: 10000 | X71: 0 | Y71: 10500 | Z71: WSWT2025800SM | AA71: 10756.9 | AB71: 10756.9 | AC71: 0 | AD71: 0 | AE71: 10756.9 | AF71: 0 | AG71: ยังไม่ได้พิมพ์ | AH71: P6 | AI71: 4 | AJ71: 45930 | AK71: 45926 | AL71: 45919 | AM71: 45927 | AN71: 45928 | AO71: 45929 | AP71: 45925 | AQ71: 0 | AR71: 0 | AS71: 0 | AT71: 0 | AU71: 0 | AV71: 0 | AW71: งานเคลือบ+พิมพ์ | AX71: / | AY71: 0 | AZ71: 0 | BA71: 0 | BB71: 0 | BC71: WRWT25850/WRWT25850 | BD71: 0
A72: 45902 | B72: MK68-001070 | C72: บจก.วีซีเอฟ | D72: JET555 | E72: 20 | F72: 37 | G72: ขาว | H72: ใส | I72: 100 | J72: ± | K72: 5 | L72: บิด | M72: ไม่สวมถุงใน | N72: 0 | O72: 0 | P72: 0 | Q72: 0 | R72: 0 | S72: 500กระสอบแบน | T72: 45930 | U72: 10000 | V72: 0 | W72: 10000 | X72: 0 | Y72: 10500 | Z72: WSWT2025800SM | AA72: 10756.9 | AB72: 5732 | AC72: 5024.9 | AD72: 0 | AE72: 10756.9 | AF72: 0 | AG72: รอตัด | AH72: P6 | AI72: 4 | AJ72: 45930 | AK72: 45926 | AL72: 45919 | AM72: 45927 | AN72: 45928 | AO72: 45929 | AP72: 45925 | AQ72: 0 | AR72: 0 | AS72: 0 | AT72: 0 | AU72: 0 | AV72: 0 | AW72: งานเคลือบ+พิมพ์ | AX72: / | AY72: 0 | AZ72: 0 | BA72: 0 | BB72: 0 | BC72: WRWT25850/WRWT25850 | BD72: 379.65911
A73: 45902 | B73: MK68-001070 | C73: บจก.วีซีเอฟ | D73: ไลด์ฟีด 405 | E73: 20 | F73: 37 | G73: ขาว | H73: ใส | I73: 100 | J73: ± | K73: 5 | L73: บิด | M73: ไม่สวมถุงใน | N73: 0 | O73: 0 | P73: 0 | Q73: 0 | R73: 0 | S73: 500กระสอบแบน | T73: 45930 | U73: 5000 | V73: 0 | W73: 5000 | X73: 0 | Y73: 5250 | Z73: WSWT2025800SM | AA73: 5378.45 | AB73: 0 | AC73: 5378.45 | AD73: 0 | AE73: 5378.45 | AF73: 0 | AG73: ยังไม่ได้พิมพ์ | AH73: P6 | AI73: 4 | AJ73: 45930 | AK73: 45926 | AL73: 45919 | AM73: 45927 | AN73: 45928 | AO73: 45929 | AP73: 45925 | AQ73: 0 | AR73: 0 | AS73: 0 | AT73: 0 | AU73: 0 | AV73: 0 | AW73: งานเคลือบ+พิมพ์ | AX73: / | AY73: 0 | AZ73: 0 | BA73: 0 | BB73: 0 | BC73: WRWT25850/WRWT25850 | BD73: 406.37178
A74: 45902 | B74: MK68-001070 | C74: บจก.วีซีเอฟ | D74: SPEED PLUS 405ENG | E74: 20 | F74: 37 | G74: ขาว | H74: ใส | I74: 100 | J74: ± | K74: 5 | L74: ไม่ | M74: ไม่สวมถุงใน | N74: 0 | O74: 0 | P74: 0 | Q74: 0 | R74: 0 | S74: 500กระสอบแบน | T74: 45930 | U74: 5000 | V74: 0 | W74: 5000 | X74: 0 | Y74: 5250 | Z74: WSWT2025800SM | AA74: 5378.45 | AB74: 0 | AC74: 5378.45 | AD74: 0 | AE74: 5378.45 | AF74: 0 | AG74: ยังไม่ได้พิมพ์ | AH74: P6 | AI74: 4 | AJ74: 45930 | AK74: 45926 | AL74: 45919 | AM74: 45927 | AN74: 45928 | AO74: 45929 | AP74: 45925 | AQ74: 0 | AR74: 0 | AS74: 0 | AT74: 0 | AU74: 0 | AV74: 0 | AW74: งานเคลือบ+พิมพ์ | AX74: / | AY74: 0 | AZ74: 0 | BA74: 0 | BB74: 0 | BC74: WRWT25850/WRWT25850 | BD74: 406.37178
A75: 45873 | B75: MK68-000961 | C75: บจก.เอพีเอ็ม อะโกร | D75: U-FEED U2(เอส) | E75: 20 | F75: 38 | G75: ขาว | H75: ใส | I75: 100 | J75: ± | K75: 5 | L75: บิด | M75: ไม่สวมถุงใน | N75: 0 | O75: 0 | P75: 0 | Q75: 0 | R75: 0 | S75: 500กระสอบแบน | T75: 45922 | U75: 4000 | V75: 0 | W75: 4000 | X75: 4130 | Y75: 0 | Z75: WSWT2025800SM | AA75: 0 | AB75: 0 | AC75: 0 | AD75: 0 | AE75: 0 | AF75: ห้ามเกิน-ขาดได้5% | AG75: ยังไม่ได้พิมพ์ | AH75: P6 | AI75: 4 | AJ75: 45922 | AK75: 45918 | AL75: 45911 | AM75: 45919 | AN75: 45920 | AO75: 45921 | AP75: 45917 | AQ75: 0 | AR75: 0 | AS75: 0 | AT75: 0 | AU75: 0 | AV75: 0 | AW75: งานเคลือบ+พิมพ์ | AX75: / | AY75: 0 | AZ75: 0 | BA75: 0 | BB75: 0 | BC75: WRWT25850/WRWT25850 | BD75: 0
A76: 45892 | B76: MK68-001029 | C76: บจก.เอสพีเอ็ม อาหารสัตว์ | D76: SPM 312 | E76: 20 | F76: 37 | G76: ขาว | H76: ด้าน | I76: 97 | J76: ± | K76: 5 | L76: บิด | M76: ไม่สวมถุงใน | N76: 0 | O76: 0 | P76: 0 | Q76: 0 | R76: 0 | S76: 500กระสอบแบน | T76: 45930 | U76: 3000 | V76: 0 | W76: 3000 | X76: 0 | Y76: 3150 | Z76: WSWT2025800SM | AA76: 3227.07 | AB76: 3227.07 | AC76: 0 | AD76: 3227.07 | AE76: 0 | AF76: 0 | AG76: ยังไม่ได้พิมพ์ | AH76: P6 | AI76: 4 | AJ76: 45930 | AK76: 45926 | AL76: 45919 | AM76: 45927 | AN76: 45928 | AO76: 45929 | AP76: 45925 | AQ76: 0 | AR76: 0 | AS76: 0 | AT76: 0 | AU76: 0 | AV76: 0 | AW76: งานเคลือบ+พิมพ์ | AX76: รอART | AY76: 0 | AZ76: 0 | BA76: 0 | BB76: 0 | BC76: WRWT25850/WRWT25850 | BD76: 0
A77: 45891 | B77: MK68-001033 | C77: บจก.เอสพีเอ็ม อาหารสัตว์ | D77: นาโน 03 | E77: 20 | F77: 38 | G77: ขาว | H77: ด้าน | I77: 100 | J77: ± | K77: 5 | L77: บิด | M77: ไม่สวมถุงใน | N77: 0 | O77: 0 | P77: 0 | Q77: 0 | R77: 0 | S77: 500กระสอบแบน | T77: 45930 | U77: 9000 | V77: 0 | W77: 9000 | X77: 0 | Y77: 9450 | Z77: WSWT2025800SM | AA77: 9932.67 | AB77: 0 | AC77: 9932.67 | AD77: 0 | AE77: 9932.67 | AF77: 0 | AG77: รอแบบ | AH77: P6 | AI77: 5 | AJ77: 45930 | AK77: 45925 | AL77: 45918 | AM77: 45926 | AN77: 45927 | AO77: 45928 | AP77: 45925 | AQ77: 0 | AR77: 0 | AS77: 0 | AT77: 0 | AU77: 0 | AV77: 0 | AW77: งานเคลือบ+พิมพ์ | AX77: / | AY77: 0 | AZ77: 0 | BA77: 0 | BB77: 0 | BC77: WRWT25850/WRWT25850 | BD77: 750.4684
A78: 45891 | B78: MK68-001034 | C78: บจก.เอสพีเอ็ม อาหารสัตว์ | D78: นาโน 01 | E78: 20 | F78: 38 | G78: ขาว | H78: ด้าน | I78: 100 | J78: ± | K78: 5 | L78: บิด | M78: ไม่สวมถุงใน | N78: 0 | O78: 0 | P78: 0 | Q78: 0 | R78: 0 | S78: 500กระสอบแบน | T78: 45930 | U78: 4000 | V78: 0 | W78: 4000 | X78: 0 | Y78: 4200 | Z78: WSWT2025800SM | AA78: 4414.52 | AB78: 0 | AC78: 4414.52 | AD78: 0 | AE78: 4414.52 | AF78: 0 | AG78: รอแบบ | AH78: P6 | AI78: 5 | AJ78: 45930 | AK78: 45925 | AL78: 45918 | AM78: 45926 | AN78: 45927 | AO78: 45928 | AP78: 45925 | AQ78: 0 | AR78: 0 | AS78: 0 | AT78: 0 | AU78: 0 | AV78: 0 | AW78: งานเคลือบ+พิมพ์ | AX78: / | AY78: 0 | AZ78: 0 | BA78: 0 | BB78: 0 | BC78: WRWT25850/WRWT25850 | BD78: 333.54151
A79: 45891 | B79: MK68-001035 | C79: บจก.เอสพีเอ็ม อาหารสัตว์ | D79: นาโน 02 | E79: 20 | F79: 38 | G79: ขาว | H79: ด้าน | I79: 100 | J79: ± | K79: 5 | L79: บิด | M79: ไม่สวมถุงใน | N79: 0 | O79: 0 | P79: 0 | Q79: 0 | R79: 0 | S79: 500กระสอบแบน | T79: 45930 | U79: 9000 | V79: 0 | W79: 9000 | X79: 0 | Y79: 9450 | Z79: WSWT2025800SM | AA79: 9932.67 | AB79: 0 | AC79: 9932.67 | AD79: 0 | AE79: 9932.67 | AF79: 0 | AG79: รอแบบ | AH79: P6 | AI79: 5 | AJ79: 45930 | AK79: 45925 | AL79: 45918 | AM79: 45926 | AN79: 45927 | AO79: 45928 | AP79: 45925 | AQ79: 0 | AR79: 0 | AS79: 0 | AT79: 0 | AU79: 0 | AV79: 0 | AW79: งานเคลือบ+พิมพ์ | AX79: / | AY79: 0 | AZ79: 0 | BA79: 0 | BB79: 0 | BC79: WRWT25850/WRWT25850 | BD79: 750.4684
A80: ประมาณการ | B80: ประมาณการ | C80: บจก.อินเทคค์ โกลบอล | D80: รอแบบ | E80: 20 | F80: 36 | G80: ขาว | H80: ด้าน | I80: 100 | J80: ± | K80: 5 | L80: จับจีบ | M80: ไม่สวมถุงใน | N80: 0 | O80: 0 | P80: 0 | Q80: 0 | R80: 0 | S80: มัด80 ใช้สายรัด | T80: 45930 | U80: 100000 | V80: 0 | W80: 100000 | X80: 0 | Y80: 105000 | Z80: WSWT2025800SM | AA80: 104775 | AB80: 0 | AC80: 104775 | AD80: 0 | AE80: 104775 | AF80: 0 | AG80: พร้อมส่ง | AH80: P6 | AI80: 4 | AJ80: 45930 | AK80: 45926 | AL80: 45919 | AM80: 45927 | AN80: 45928 | AO80: 45929 | AP80: 45925 | AQ80: 0 | AR80: 0 | AS80: 0 | AT80: 0 | AU80: 0 | AV80: 0 | AW80: งานเคลือบ+พิมพ์ | AX80: รอART | AY80: 0 | AZ80: 0 | BA80: 0 | BB80: 0 | BC80: WRWT25850/WRWT25850 | BD80: 7916.3333
A81: ประมาณการ | B81: ประมาณการ | C81: บจก.เอสพีเอ็ม อาหารสัตว์ | D81: รอแบบ | E81: 20 | F81: 38 | G81: ขาว | H81: ใส | I81: 100 | J81: ± | K81: 5 | L81: บิด | M81: ไม่สวมถุงใน | N81: 0 | O81: 0 | P81: 0 | Q81: 0 | R81: 0 | S81: 500กระสอบแบน | T81: 45930 | U81: 20000 | V81: 0 | W81: 20000 | X81: 0 | Y81: 21000 | Z81: WSWT2025800SM | AA81: 22072.6 | AB81: 0 | AC81: 22072.6 | AD81: 0 | AE81: 22072.6 | AF81: 0 | AG81: ยังไม่ได้พิมพ์ | AH81: P6 | AI81: 4 | AJ81: 45930 | AK81: 45926 | AL81: 45919 | AM81: 45927 | AN81: 45928 | AO81: 45929 | AP81: 45925 | AQ81: 0 | AR81: 0 | AS81: 0 | AT81: 0 | AU81: 0 | AV81: 0 | AW81: งานเคลือบ+พิมพ์ | AX81: รอART | AY81: 0 | AZ81: 0 | BA81: 0 | BB81: 0 | BC81: WRWT25850/WRWT25850 | BD81: 1667.7076
A82: ประมาณการ | B82: ประมาณการ | C82: บจก.ไทยธรรมดี | D82: รอแบบ | E82: 20 | F82: 37 | G82: ขาว | H82: ด้าน | I82: 97 | J82: ± | K82: 5 | L82: บิด | M82: ไม่สวมถุงใน | N82: 0 | O82: 0 | P82: 0 | Q82: 0 | R82: 0 | S82: 500กระสอบ | T82: 45930 | U82: 20000 | V82: 0 | W82: 20000 | X82: 0 | Y82: 21000 | Z82: WSWT2025800SM | AA82: 21513.8 | AB82: 0 | AC82: 21513.8 | AD82: 0 | AE82: 21513.8 | AF82: 0 | AG82: ยังไม่ได้พิมพ์ | AH82: P6 | AI82: 4 | AJ82: 45930 | AK82: 45926 | AL82: 45919 | AM82: 45927 | AN82: 45928 | AO82: 45929 | AP82: 45925 | AQ82: 0 | AR82: 0 | AS82: 0 | AT82: 0 | AU82: 0 | AV82: 0 | AW82: งานเคลือบ+พิมพ์ | AX82: รอART | AY82: 0 | AZ82: 0 | BA82: 0 | BB82: 0 | BC82: WRWT25850/WRWT25850 | BD82: 1625.4871
A83: 45887 | B83: MK68-001007 | C83: บจก.อินเทคค์ โกลบอล | D83: เพอเฟคค์ 916 | E83: 20 | F83: 36 | G83: ขาว | H83: ด้าน | I83: 100 | J83: ± | K83: 5 | L83: จับจีบ | M83: ไม่สวมถุงใน | N83: 0 | O83: 0 | P83: 0 | Q83: 0 | R83: 0 | S83: มัด80 ใช้สายรัด | T83: รอแจ้ง | U83: 104 | V83: 0 | W83: 104 | X83: 11230 | Y83: 0 | Z83: WSWT2025800SM | AA83: 0 | AB83: 0 | AC83: 0 | AD83: 0 | AE83: 0 | AF83: 0 | AG83: ยังไม่ได้พิมพ์ | AH83: P6 | AI83: 4 | AJ83: รอแจ้ง | AK83: #VALUE! | AL83: #VALUE! | AM83: #VALUE! | AN83: #VALUE! | AO83: #VALUE! | AP83: #VALUE! | AQ83: 0 | AR83: 0 | AS83: 0 | AT83: 0 | AU83: 0 | AV83: 0 | AW83: งานเคลือบ+พิมพ์ | AX83: / | AY83: 0 | AZ83: 0 | BA83: 0 | BB83: 0 | BC83: WRWT25850/WRWT25850 | BD83: 0
A84: 45896 | B84: MK68-001039 | C84: บจก.เอสพีเอ็ม อาหารสัตว์ | D84: U-GOAT14 | E84: 20 | F84: 38 | G84: ขาว | H84: ใส | I84: 100 | J84: ± | K84: 5 | L84: บิด | M84: ไม่สวมถุงใน | N84: 0 | O84: 0 | P84: 0 | Q84: 0 | R84: 0 | S84: 500กระสอบแบน | T84: รอแจ้ง | U84: 3000 | V84: 0 | W84: 3000 | X84: 0 | Y84: 3150 | Z84: WSWT2025800SM | AA84: 3310.89 | AB84: 0 | AC84: 3310.89 | AD84: 0 | AE84: 3310.89 | AF84: 0 | AG84: พร้อมส่ง | AH84: P6 | AI84: 5 | AJ84: รอแจ้ง | AK84: #VALUE! | AL84: #VALUE! | AM84: #VALUE! | AN84: #VALUE! | AO84: #VALUE! | AP84: #VALUE! | AQ84: 0 | AR84: 0 | AS84: 0 | AT84: 0 | AU84: 0 | AV84: 0 | AW84: งานเคลือบ+พิมพ์ | AX84: / | AY84: 0 | AZ84: 0 | BA84: 0 | BB84: 0 | BC84: WRWT25850/WRWT25850 | BD84: 250.15613
A85: 45896 | B85: MK68-001040 | C85: บจก.เอสพีเอ็ม อาหารสัตว์ | D85: ฟิล กู๊ด พี4 | E85: 20 | F85: 38 | G85: ขาว | H85: ใส | I85: 100 | J85: ± | K85: 5 | L85: บิด | M85: ไม่สวมถุงใน | N85: 0 | O85: 0 | P85: 0 | Q85: 0 | R85: 0 | S85: 500กระสอบแบน | T85: รอแจ้ง | U85: 8000 | V85: 0 | W85: 8000 | X85: 0 | Y85: 8400 | Z85: WSWT2025800SM | AA85: 8829.04 | AB85: 0 | AC85: 8829.04 | AD85: 0 | AE85: 8829.04 | AF85: 0 | AG85: พร้อมส่ง | AH85: P6 | AI85: 5 | AJ85: รอแจ้ง | AK85: #VALUE! | AL85: #VALUE! | AM85: #VALUE! | AN85: #VALUE! | AO85: #VALUE! | AP85: #VALUE! | AQ85: 0 | AR85: 0 | AS85: 0 | AT85: 0 | AU85: 0 | AV85: 0 | AW85: งานเคลือบ+พิมพ์ | AX85: / | AY85: 0 | AZ85: 0 | BA85: 0 | BB85: 0 | BC85: WRWT25850/WRWT25850 | BD85: 667.08302
A86: 45892 | B86: MK68-001027 | C86: บจก.เอสพีเอ็ม อาหารสัตว์ | D86: นีโอ 05 | E86: 20 | F86: 38 | G86: ขาว | H86: ด้าน | I86: 100 | J86: ± | K86: 5 | L86: ไม่ | M86: ไม่สวมถุงใน | N86: 0 | O86: 0 | P86: 0 | Q86: 0 | R86: 0 | S86: 500กระสอบแบน | T86: รอแจ้ง | U86: 6000 | V86: 0 | W86: 6000 | X86: 0 | Y86: 6300 | Z86: WSWT2025800SM | AA86: 6621.78 | AB86: 0 | AC86: 6621.78 | AD86: 0 | AE86: 6621.78 | AF86: 0 | AG86: ยังไม่ได้พิมพ์ | AH86: P6 | AI86: 4 | AJ86: รอแจ้ง | AK86: #VALUE! | AL86: #VALUE! | AM86: #VALUE! | AN86: #VALUE! | AO86: #VALUE! | AP86: #VALUE! | AQ86: 0 | AR86: 0 | AS86: 0 | AT86: 0 | AU86: 0 | AV86: 0 | AW86: งานเคลือบ+พิมพ์ | AX86: / | AY86: 0 | AZ86: 0 | BA86: 0 | BB86: 0 | BC86: WRWT25850/WRWT25850 | BD86: 500.31227
A87: 45796 | B87: MK68-000675 | C87: บจก.อินเทคค์ โกลบอล | D87: เพอเฟคค์ 914 | E87: 20 | F87: 36 | G87: ขาว | H87: ด้าน | I87: 100 | J87: ± | K87: 5 | L87: จับจีบ | M87: ไม่สวมถุงใน | N87: 0 | O87: 0 | P87: 0 | Q87: 0 | R87: 0 | S87: มัด80 ใช้สายรัด | T87: รอแจ้ง | U87: 240 | V87: 0 | W87: 240 | X87: 0 | Y87: 252 | Z87: WSWT2025800SM | AA87: 251.46 | AB87: 0 | AC87: 251.46 | AD87: 0 | AE87: 251.46 | AF87: 0 | AG87: รอแบบ | AH87: P6 | AI87: 4 | AJ87: รอแจ้ง | AK87: #VALUE! | AL87: #VALUE! | AM87: #VALUE! | AN87: #VALUE! | AO87: #VALUE! | AP87: #VALUE! | AQ87: 0 | AR87: 0 | AS87: 0 | AT87: 0 | AU87: 0 | AV87: 0 | AW87: งานเคลือบ+พิมพ์ | AX87: / | AY87: 2/6---6/6 | AZ87: 0 | BA87: 0 | BB87: 0 | BC87: WRWT25850/WRWT25850 | BD87: 18.9992
A88: 45876 | B88: MK68-000983 | C88: บจก.เอพีเอ็ม อะโกร | D88: ยูฟีด บี2 | E88: 20 | F88: 40 | G88: ขาว | H88: ใส | I88: 108 | J88: ± | K88: 5 | L88: บิด | M88: ไม่สวมถุงใน | N88: 0 | O88: 0 | P88: 0 | Q88: 0 | R88: 0 | S88: 500กระสอบแบน | T88: รอแจ้ง | U88: 3000 | V88: 3075 | W88: 0 | X88: 0 | Y88: 0 | Z88: WSWT2025800SM | AA88: 0 | AB88: 0 | AC88: 0 | AD88: 0 | AE88: 0 | AF88: 0 | AG88: พร้อมส่ง | AH88: P6 | AI88: 4 | AJ88: รอแจ้ง | AK88: #VALUE! | AL88: #VALUE! | AM88: #VALUE! | AN88: #VALUE! | AO88: #VALUE! | AP88: #VALUE! | AQ88: 0 | AR88: 0 | AS88: 0 | AT88: 0 | AU88: 0 | AV88: 0 | AW88: งานเคลือบ+พิมพ์ | AX88: / | AY88: 0 | AZ88: 0 | BA88: 0 | BB88: 0 | BC88: WRWT25850/WRWT25850 | BD88: 0
A89: 45877 | B89: MK68-000990 | C89: บจก.เอสพีเอ็ม อาหารสัตว์ | D89: SW 441 PLUS | E89: 20 | F89: 38 | G89: ขาว | H89: ใส | I89: 100 | J89: ± | K89: 5 | L89: บิด | M89: ไม่สวมถุงใน | N89: 0 | O89: 0 | P89: 0 | Q89: 0 | R89: 0 | S89: 500กระสอบแบน | T89: รอแจ้ง | U89: 7000 | V89: 0 | W89: 7000 | X89: 0 | Y89: 7350 | Z89: WSWT2025800SM | AA89: 7725.41 | AB89: 0 | AC89: 7725.41 | AD89: 0 | AE89: 7725.41 | AF89: 0 | AG89: พร้อมส่ง | AH89: P6 | AI89: 4 | AJ89: รอแจ้ง | AK89: #VALUE! | AL89: #VALUE! | AM89: #VALUE! | AN89: #VALUE! | AO89: #VALUE! | AP89: #VALUE! | AQ89: 0 | AR89: 0 | AS89: 0 | AT89: 0 | AU89: 0 | AV89: 0 | AW89: งานเคลือบ+พิมพ์ | AX89: / | AY89: 0 | AZ89: 0 | BA89: 0 | BB89: 0 | BC89: WRWT25850/WRWT25850 | BD89: 583.69764
A90: ประมาณการ | B90: ประมาณการ | C90: บจก.ซันฟีด | D90: รอแบบ | E90: 20 | F90: 38 | G90: ขาว | H90: ด้าน | I90: 100 | J90: + | K90: 0 | L90: บิด | M90: ไม่สวมถุงใน | N90: 0 | O90: 0 | P90: 0 | Q90: 0 | R90: 0 | S90: 300กระสอบแบนเต็มใบ | T90: รอแจ้ง | U90: 100000 | V90: 0 | W90: 100000 | X90: 0 | Y90: 105000 | Z90: WSWT2025800SM | AA90: 110363 | AB90: 0 | AC90: 110363 | AD90: 0 | AE90: 110363 | AF90: 0 | AG90: ยังไม่ได้พิมพ์ | AH90: P6 | AI90: 4 | AJ90: รอแจ้ง | AK90: #VALUE! | AL90: #VALUE! | AM90: #VALUE! | AN90: #VALUE! | AO90: #VALUE! | AP90: #VALUE! | AQ90: 0 | AR90: 0 | AS90: 0 | AT90: 0 | AU90: 0 | AV90: 0 | AW90: งานเคลือบ+พิมพ์ | AX90: รอART | AY90: 0 | AZ90: 0 | BA90: 0 | BB90: 0 | BC90: WRWT25850/WRWT25850 | BD90: 8338.5378
A91: 45825 | B91: MK68-000801 | C91: บจก.อินเทคค์ โกลบอล | D91: สุบรรณ 111 | E91: 20 | F91: 36 | G91: ขาว | H91: ด้าน | I91: 100 | J91: ± | K91: 5 | L91: จับจีบ3.5" | M91: ไม่สวมถุงใน | N91: 0 | O91: 0 | P91: 0 | Q91: 0 | R91: 0 | S91: มัด80 ใช้สายรัด | T91: รอแจ้ง | U91: 894 | V91: 525 | W91: 369 | X91: 6000 | Y91: 0 | Z91: WSWT2025800SM | AA91: 0 | AB91: 0 | AC91: 0 | AD91: 0 | AE91: 0 | AF91: 0 | AG91: ยังไม่ได้พิมพ์ | AH91: P6 | AI91: 4 | AJ91: รอแจ้ง | AK91: #VALUE! | AL91: #VALUE! | AM91: #VALUE! | AN91: #VALUE! | AO91: #VALUE! | AP91: #VALUE! | AQ91: 0 | AR91: 0 | AS91: 0 | AT91: 0 | AU91: 0 | AV91: 0 | AW91: งานเคลือบ+พิมพ์ | AX91: / | AY91: 0 | AZ91: 0 | BA91: 0 | BB91: 0 | BC91: WRWT25850/WRWT25850 | BD91: 0
A92: 45796 | B92: MK68-000673 | C92: บจก.อินเทคค์ โกลบอล | D92: เพอเฟคค์ 902 | E92: 20 | F92: 36 | G92: ขาว | H92: ด้าน | I92: 100 | J92: ± | K92: 5 | L92: จับจีบ | M92: ไม่สวมถุงใน | N92: 0 | O92: 0 | P92: 0 | Q92: 0 | R92: 0 | S92: มัด80 ใช้สายรัด | T92: รอแจ้ง | U92: 302 | V92: 0 | W92: 302 | X92: 5300 | Y92: 0 | Z92: WSWT2025800SM | AA92: 0 | AB92: 0 | AC92: 0 | AD92: 0 | AE92: 0 | AF92: 0 | AG92: พร้อมส่ง | AH92: P6 | AI92: 4 | AJ92: รอแจ้ง | AK92: #VALUE! | AL92: #VALUE! | AM92: #VALUE! | AN92: #VALUE! | AO92: #VALUE! | AP92: #VALUE! | AQ92: 0 | AR92: 0 | AS92: 0 | AT92: 0 | AU92: 0 | AV92: 0 | AW92: งานเคลือบ+พิมพ์ | AX92: / | AY92: 0 | AZ92: 0 | BA92: 0 | BB92: 0 | BC92: WRWT25850/WRWT25850 | BD92: 0
A93: 45782 | B93: MK68-000609 | C93: บจก.เอสพีเอ็ม อาหารสัตว์ | D93: SW 441 | E93: 20 | F93: 38 | G93: ขาว | H93: ใส | I93: 100 | J93: ± | K93: 5 | L93: บิด | M93: ไม่สวมถุงใน | N93: 0 | O93: 0 | P93: 0 | Q93: 0 | R93: 0 | S93: 500กระสอบแบน | T93: รอแจ้ง | U93: 5000 | V93: 0 | W93: 5000 | X93: 0 | Y93: 5250 | Z93: WSWT2025800SM | AA93: 5518.15 | AB93: 0 | AC93: 5518.15 | AD93: 0 | AE93: 5518.15 | AF93: 0 | AG93: พร้อมส่ง | AH93: P6 | AI93: 4 | AJ93: รอแจ้ง | AK93: #VALUE! | AL93: #VALUE! | AM93: #VALUE! | AN93: #VALUE! | AO93: #VALUE! | AP93: #VALUE! | AQ93: 0 | AR93: 0 | AS93: 0 | AT93: 0 | AU93: 0 | AV93: 0 | AW93: งานเคลือบ+พิมพ์ | AX93: / | AY93: 0 | AZ93: 0 | BA93: 0 | BB93: 0 | BC93: WRWT25850/WRWT25850 | BD93: 416.92689
A94: 45798 | B94: MK68-000693 | C94: บจก.เอพีเอ็ม อะโกร | D94: ฟีล กู๊ด พี07 | E94: 20 | F94: 38 | G94: ขาว | H94: ใส | I94: 100 | J94: ± | K94: 5 | L94: บิด | M94: ไม่สวมถุงใน | N94: 0 | O94: 0 | P94: 0 | Q94: 0 | R94: 0 | S94: 500กระสอบแบน | T94: รอแจ้ง | U94: 5000 | V94: 0 | W94: 5000 | X94: 0 | Y94: 5250 | Z94: WSWT2025800SM | AA94: 5518.15 | AB94: 0 | AC94: 5518.15 | AD94: 0 | AE94: 5518.15 | AF94: 0 | AG94: รอตัด | AH94: P6 | AI94: 4 | AJ94: รอแจ้ง | AK94: #VALUE! | AL94: #VALUE! | AM94: #VALUE! | AN94: #VALUE! | AO94: #VALUE! | AP94: #VALUE! | AQ94: 0 | AR94: 0 | AS94: 0 | AT94: 0 | AU94: 0 | AV94: 0 | AW94: งานเคลือบ+พิมพ์ | AX94: / | AY94: 0 | AZ94: 0 | BA94: 0 | BB94: 0 | BC94: WRWT25850/WRWT25850 | BD94: 416.92689
A95: 45674 | B95: MK68-000093 | C95: บจก.อินเทคค์ โกลบอล | D95: เฟิร์สคลาส 902 | E95: 20 | F95: 35 | G95: ขาว | H95: ด้าน | I95: 97 | J95: ± | K95: 5 | L95: จับจีบ4" | M95: ไม่สวมถุงใน | N95: 0 | O95: 0 | P95: 0 | Q95: 0 | R95: 0 | S95: มัด80 ใช้สายรัด | T95: รอแจ้ง | U95: 152 | V95: 0 | W95: 152 | X95: 6000 | Y95: 0 | Z95: WSWT2025800SM | AA95: 0 | AB95: 0 | AC95: 0 | AD95: 0 | AE95: 0 | AF95: 5987 | AG95: พร้อมส่ง | AH95: P6 | AI95: 4 | AJ95: รอแจ้ง | AK95: #VALUE! | AL95: #VALUE! | AM95: #VALUE! | AN95: #VALUE! | AO95: #VALUE! | AP95: #VALUE! | AQ95: 0 | AR95: 0 | AS95: 0 | AT95: 0 | AU95: 0 | AV95: 0 | AW95: งานเคลือบ+พิมพ์ | AX95: / | AY95: ลบสี 5040 | AZ95: 0 | BA95: 0 | BB95: 0 | BC95: WRWT25850/WRWT25850 | BD95: 0
A96: 45611 | B96: MK67-001532 | C96: บจก.อินเทคค์ โกลบอล | D96: เฟิร์สช้อย 903 | E96: 20 | F96: 36 | G96: ขาว | H96: ด้าน | I96: 100 | J96: ± | K96: 5 | L96: จับจีบ | M96: ไม่สวมถุงใน | N96: 0 | O96: 0 | P96: 0 | Q96: 0 | R96: 0 | S96: มัด80 ใช้สายรัด | T96: รอแจ้ง | U96: 117 | V96: 0 | W96: 117 | X96: 10065 | Y96: 0 | Z96: WSWT2025800SM | AA96: 0 | AB96: 0 | AC96: 0 | AD96: 0 | AE96: 0 | AF96: 0 | AG96: รอตัด | AH96: P6 | AI96: 4 | AJ96: รอแจ้ง | AK96: #VALUE! | AL96: #VALUE! | AM96: #VALUE! | AN96: #VALUE! | AO96: #VALUE! | AP96: #VALUE! | AQ96: 0 | AR96: 0 | AS96: 0 | AT96: 0 | AU96: 0 | AV96: 0 | AW96: งานเคลือบ+พิมพ์ | AX96: / | AY96: 0 | AZ96: 0 | BA96: 0 | BB96: 0 | BC96: WRWT25850/WRWT25850 | BD96: 0
A97: 45523 | B97: MK67-001153 | C97: บจก.อินเทคค์ โกลบอล | D97: สุบรรณ 777 | E97: 20 | F97: 36 | G97: ขาว | H97: ด้าน | I97: 100 | J97: ± | K97: 5 | L97: จับจีบ | M97: ไม่สวมถุงใน | N97: 0 | O97: 0 | P97: 0 | Q97: 0 | R97: 0 | S97: มัด80 ใช้สายรัด | T97: รอแจ้ง | U97: 1260 | V97: 0 | W97: 1260 | X97: 11095 | Y97: 0 | Z97: WSWT2025800SM | AA97: 0 | AB97: 0 | AC97: 0 | AD97: 0 | AE97: 0 | AF97: 0 | AG97: รอตัด | AH97: P6 | AI97: 4 | AJ97: รอแจ้ง | AK97: #VALUE! | AL97: #VALUE! | AM97: #VALUE! | AN97: #VALUE! | AO97: #VALUE! | AP97: #VALUE! | AQ97: 0 | AR97: 0 | AS97: 0 | AT97: 0 | AU97: 0 | AV97: 0 | AW97: งานเคลือบ+พิมพ์ | AX97: / | AY97: 0 | AZ97: 0 | BA97: 0 | BB97: 0 | BC97: WRWT25850/WRWT25850 | BD97: 0
A98: 45523 | B98: MK67-001153 | C98: บจก.อินเทคค์ โกลบอล | D98: สุบรรณ 666 | E98: 20 | F98: 36 | G98: ขาว | H98: ด้าน | I98: 100 | J98: ± | K98: 5 | L98: จับจีบ | M98: ไม่สวมถุงใน | N98: 0 | O98: 0 | P98: 0 | Q98: 0 | R98: 0 | S98: มัด80 ใช้สายรัด | T98: รอแจ้ง | U98: 89 | V98: 0 | W98: 89 | X98: 11180 | Y98: 0 | Z98: WSWT2025800SM | AA98: 0 | AB98: 0 | AC98: 0 | AD98: 0 | AE98: 0 | AF98: 0 | AG98: พร้อมส่ง | AH98: P6 | AI98: 4 | AJ98: รอแจ้ง | AK98: #VALUE! | AL98: #VALUE! | AM98: #VALUE! | AN98: #VALUE! | AO98: #VALUE! | AP98: #VALUE! | AQ98: 0 | AR98: 0 | AS98: 0 | AT98: 0 | AU98: 0 | AV98: 0 | AW98: งานเคลือบ+พิมพ์ | AX98: / | AY98: 0 | AZ98: 0 | BA98: 0 | BB98: 0 | BC98: WRWT25850/WRWT25850 | BD98: 0
A99: 45799 | B99: MK68-000694 | C99: บจก.เอ.เจ.ฟาร์ม่าแล็บ | D99: เบส-มิน | E99: 20 | F99: 34 | G99: ขาว | H99: ใส | I99: 95 | J99: ± | K99: 5 | L99: จับจีบ | M99: ไม่สวมถุงใน | N99: 0 | O99: 0 | P99: 0 | Q99: 0 | R99: 0 | S99: 500กระสอบ | T99: รอส่ง | U99: 4000 | V99: 2840 | W99: 1160 | X99: 8450 | Y99: 0 | Z99: WSWT2025800SM | AA99: 0 | AB99: 0 | AC99: 0 | AD99: 0 | AE99: 0 | AF99: ห้ามขาด-ห้ามเกิน | AG99: พร้อมส่ง | AH99: P6 | AI99: 4 | AJ99: รอส่ง | AK99: #VALUE! | AL99: #VALUE! | AM99: #VALUE! | AN99: #VALUE! | AO99: #VALUE! | AP99: #VALUE! | AQ99: 0 | AR99: 0 | AS99: 0 | AT99: 0 | AU99: 0 | AV99: 0 | AW99: งานเคลือบ+พิมพ์ | AX99: / | AY99: 0 | AZ99: 0 | BA99: 0 | BB99: 0 | BC99: WRWT25850/WRWT25850 | BD99: 0
A100: 45799 | B100: MK68-000694 | C100: บจก.เอ.เจ.ฟาร์ม่าแล็บ | D100: เวท-มิน | E100: 20 | F100: 34 | G100: ขาว | H100: ใส | I100: 95 | J100: ± | K100: 5 | L100: จับจีบ | M100: ไม่สวมถุงใน | N100: 0 | O100: 0 | P100: 0 | Q100: 0 | R100: 0 | S100: 500กระสอบ | T100: รอส่ง | U100: 4000 | V100: 2654 | W100: 1346 | X100: 4000 | Y100: 0 | Z100: WSWT2025800SM | AA100: 0 | AB100: 0 | AC100: 0 | AD100: 0 | AE100: 0 | AF100: ห้ามขาด-ห้ามเกิน | AG100: พร้อมส่ง | AH100: P6 | AI100: 4 | AJ100: รอส่ง | AK100: #VALUE! | AL100: #VALUE! | AM100: #VALUE! | AN100: #VALUE! | AO100: #VALUE! | AP100: #VALUE! | AQ100: 0 | AR100: 0 | AS100: 0 | AT100: 0 | AU100: 0 | AV100: 0 | AW100: งานเคลือบ+พิมพ์ | AX100: / | AY100: 0 | AZ100: 0 | BA100: 0 | BB100: 0 | BC100: WRWT25850/WRWT25850 | BD100: 0
A101: 45741 | B101: MK68-000452 | C101: บจก.เอพีเอ็ม อะโกร | D101: วี-ฟีด วี 07 | E101: 20 | F101: 38 | G101: ขาว | H101: ใส | I101: 100 | J101: ± | K101: 5 | L101: บิด | M101: ไม่สวมถุงใน | N101: 0 | O101: 0 | P101: 0 | Q101: 0 | R101: 0 | S101: 500กระสอบแบน | T101: รอส่ง | U101: 4000 | V101: 3867 | W101: 133 | X101: 4200 | Y101: 0 | Z101: WSWT2025800SM | AA101: 0 | AB101: 0 | AC101: 0 | AD101: 0 | AE101: 0 | AF101: 0 | AG101: พร้อมส่ง | AH101: P6 | AI101: 4 | AJ101: รอส่ง | AK101: #VALUE! | AL101: #VALUE! | AM101: #VALUE! | AN101: #VALUE! | AO101: #VALUE! | AP101: #VALUE! | AQ101: 0 | AR101: 0 | AS101: 0 | AT101: 0 | AU101: 0 | AV101: 0 | AW101: งานเคลือบ+พิมพ์ | AX101: / | AY101: มีลบสี | AZ101: 0 | BA101: 0 | BB101: 0 | BC101: WRWT25850/WRWT25850 | BD101: 0
A102: 45720 | B102: ใบรับคำสั่งซื้อ | C102: บจก.เอพีเอ็ม อะโกร | D102: นีโอ พี3(เอส) | E102: 20 | F102: 38 | G102: ขาว | H102: ด้าน | I102: 100 | J102: ± | K102: 5 | L102: บิด | M102: ไม่สวมถุงใน | N102: 0 | O102: 0 | P102: 0 | Q102: 0 | R102: 0 | S102: 500กระสอบแบน | T102: รอส่ง | U102: 4000 | V102: 4010 | W102: 0 | X102: 4470 | Y102: 0 | Z102: WSWT2025800SM | AA102: 0 | AB102: 0 | AC102: 0 | AD102: 0 | AE102: 0 | AF102: 0 | AG102: พร้อมส่ง | AH102: P6 | AI102: 4 | AJ102: รอส่ง | AK102: #VALUE! | AL102: #VALUE! | AM102: #VALUE! | AN102: #VALUE! | AO102: #VALUE! | AP102: #VALUE! | AQ102: 0 | AR102: 0 | AS102: 0 | AT102: 0 | AU102: 0 | AV102: 0 | AW102: งานเคลือบ+พิมพ์ | AX102: / | AY102: 0 | AZ102: 0 | BA102: 0 | BB102: 0 | BC102: WRWT25850/WRWT25850 | BD102: 0
A103: 45720 | B103: ใบรับคำสั่งซื้อ | C103: บจก.เอพีเอ็ม อะโกร | D103: นีโอ พี4(เอส) | E103: 20 | F103: 38 | G103: ขาว | H103: ด้าน | I103: 100 | J103: ± | K103: 5 | L103: บิด | M103: ไม่สวมถุงใน | N103: 0 | O103: 0 | P103: 0 | Q103: 0 | R103: 0 | S103: 500กระสอบแบน | T103: รอส่ง | U103: 3000 | V103: 3065 | W103: 0 | X103: 3300 | Y103: 0 | Z103: WSWT2025800SM | AA103: 0 | AB103: 0 | AC103: 0 | AD103: 0 | AE103: 0 | AF103: 0 | AG103: พร้อมส่ง | AH103: P6 | AI103: 4 | AJ103: รอส่ง | AK103: #VALUE! | AL103: #VALUE! | AM103: #VALUE! | AN103: #VALUE! | AO103: #VALUE! | AP103: #VALUE! | AQ103: 0 | AR103: 0 | AS103: 0 | AT103: 0 | AU103: 0 | AV103: 0 | AW103: งานเคลือบ+พิมพ์ | AX103: / | AY103: 0 | AZ103: 0 | BA103: 0 | BB103: 0 | BC103: WRWT25850/WRWT25850 | BD103: 0
A104: 45541 | B104: MK67-001236 | C104: บจก.เอพีเอ็ม อะโกร | D104: ยูฟีด รวมไก่ วัว | E104: 20 | F104: 40 | G104: ขาว | H104: ด้าน | I104: 108 | J104: ± | K104: 5 | L104: บิด | M104: ไม่สวมถุงใน | N104: 0 | O104: 0 | P104: 0 | Q104: 0 | R104: 0 | S104: 500กระสอบแบน | T104: รอส่ง | U104: 3000 | V104: 3318 | W104: 0 | X104: 0 | Y104: 0 | Z104: WSWT2025800SM | AA104: 0 | AB104: 0 | AC104: 0 | AD104: 0 | AE104: 0 | AF104: ลูกค้าสั่งผิดเอาไปส่งเดือน10 | AG104: รอแบบ | AH104: P6 | AI104: 4 | AJ104: รอส่ง | AK104: #VALUE! | AL104: #VALUE! | AM104: #VALUE! | AN104: #VALUE! | AO104: #VALUE! | AP104: #VALUE! | AQ104: 0 | AR104: 0 | AS104: 0 | AT104: 0 | AU104: 0 | AV104: 0 | AW104: งานเคลือบ+พิมพ์ | AX104: 0 | AY104: ลูกค้าต้องการเคลือบใส แต่เปิดมาเคลือบด้าน | AZ104: 0 | BA104: 0 | BB104: 0 | BC104: WRWT25850/WRWT25850 | BD104: 0
...

Sheet 4-9-68
B2: เรียงกำหนดส่ง | D2: ลบ 0 | T2: เรียง 1
B3: ข้อมูลUpdate ณ. วันที่ | D3: 45904 | E3: เวลา | G3: 10.01
A4: วันรับออร์เดอร์/แบบ | B4: เลขที่ SO | C4: ชื่อลูกค้า | E4: 10.3 | I4: น้ำหนัก | L4: บิด/จับจีบ | M4: ถุงใน | Q4: 44873 | S4: วิธีบรรจุ | T4: วันส่ง | U4: จำนวนส่ง | V4: ตัดเย็บ (ใบ) | W4: 44873 | X4: พิมพ์ (ใบ) | Y4: 44876 | Z4: ผ้าทอ (เมตร) Updateณ | AB4: 44876 | AD4: ผ้าเคลือบ(เมตร) | AF4: หมายเหตุ | AG4: เครื่อง
B5: เลขที่ SO | C5: ชื่อลูกค้า | D5: ตรา | E5: กว้าง | F5: ยาว | G5: สี | H5: เคลือบ | I5: กรัม/ใบ | J5: * | K5: aw | L5: บิด/จับจีบ | M5: กว้าง | N5: ยาว | O5: หนา | P5: ใช้(กก.) | Q5: Stock(กก.) | R5: ผลิต(กก.) | S5: วิธีบรรจุ | T5: วันส่ง | U5: จำนวนส่ง | V5: StockFG | W5: ค้างตัด | X5: พิมพ์แล้ว | Y5: ค้างพิมพ์ | Z5: ประเภท | AA5: ใช้ | AB5: Stock | AC5: ค้างทอ | AD5: Stock | AE5: ค้างเคลือบ | AF5: หมายเหตุ | AG5: ที่พิมพ์ได้ | AH5: process | AI5: Lead time | AJ5: วันที่ส่งPL | AK5: เคลือบ | AL5: ได้ ART | AM5: พิมพ์ | AN5: จีบ-บิด | AO5: ตัด-เย็บ | AP5: ทอ | AQ5: สวมถุง | AR5: เย็บปาก | AS5: PT | AT5: ม้วน | AU5: ตัด | AV5: ตอกตาไก่ | AW5: GROUP | AX5: ART | AY5: หมายเหตุปัญหา | AZ5: ราคา/ใบ | BA5: ราคารวม | BB5: workweek | BC5: เส้นเทป | BD5: จำนวน
A6: 45896 | B6: MK68-001041 | C6: บจก.ซัน ซีเมนต์ โพรเซส | D6: พระอาทิตย์ | E6: 16 | F6: 25 | G6: ขาว | H6: ใส | I6: 50 | J6: ± | K6: 5 | L6: บิด | M6: 19 | N6: 28 | O6: 40 | P6: 65.624643 | Q6: 0 | R6: 65.624643 | S6: 500กระสอบ | T6: 45908 | U6: 5000 | V6: 0 | W6: 5000 | X6: 0 | Y6: 5250 | Z6: WSWT1625800SM | AA6: 3702.05 | AB6: 3702.05 | AC6: 0 | AD6: 0 | AE6: 3702.05 | AF6: 0 | AG6: พิมพ์ไม่ครบ | AH6: P8 | AI6: 4 | AJ6: 45908 | AK6: 45904 | AL6: 45898 | AM6: 45905 | AN6: 45906 | AO6: 45906 | AP6: 45903 | AQ6: 45907 | AR6: 0 | AS6: 0 | AT6: 0 | AU6: 0 | AV6: 0 | AW6: งานเคลือบ+พิมพ์ | AX6: / | AY6: รอลูกค้า | AZ6: 0 | BA6: 0 | BB6: 0 | BC6: WRWT25800/WRWT25800 | BD6: 0
A7: 0 | B7: 0 | C7: 0 | E7: 16 | F7: 25 | G7: ขาว | H7: 0 | I7: 45 | J7: ± | K7: 5 | L7: 0 | M7: 0 | N7: 0 | O7: 0 | P7: 0 | Q7: 0 | R7: 0 | S7: 0 | U7: 0 | V7: 0 | W7: 0 | X7: 0 | Y7: 0 | Z7: WSWT1625800SM | AA7: 3702.05 | AB7: 3702.05 | AC7: 0 | AD7: 0 | AE7: 3702.05 | AF7: ระบุในSD | AG7: ยังไม่ได้พิมพ์ | AH7: 0 | AI7: Lead time | AJ7: 0 | AK7: 0 | AL7: 0 | AM7: 0 | AN7: 0 | AO7: 0 | AP7: 0 | AQ7: 0 | AR7: 0 | AS7: 0 | AT7: 0 | AU7: 0 | AV7: 0 | AW7: 0 | AX7: 0 | AY7: 0 | AZ7: 0 | BA7: 0 | BB7: 0 | BC7: WRWT160800/WRWT25800 | BD7: 0
A8: 45897 | B8: MK68-001045 | C8: บจก.เคอรี่ฟลาวมิลล์ | D8: โบว์น้ำเงิน 10กก | E8: 16 | F8: 25 | G8: ขาว | H8: 0 | I8: 45 | J8: ± | K8: 5 | L8: ไม่ | M8: ไม่สวมถุงใน | N8: 0 | O8: 0 | P8: 0 | Q8: 0 | R8: 0 | S8: ห่ออัดเบลแบน500 | T8: 45909 | U8: 5000 | V8: 0 | W8: 5000 | X8: 0 | Y8: 5250 | Z8: WSWT1625800 | AA8: 3702.05 | AB8: 2500 | AC8: 1202.05 | AD8: 0 | AE8: 0 | AF8: 0 | AG8: พร้อมส่ง | AH8: P7 | AI8: 2 | AJ8: 45909 | AK8: 0 | AL8: 45900 | AM8: 45907 | AN8: 45908 | AO8: 45908 | AP8: 45904 | AQ8: 0 | AR8: 0 | AS8: 0 | AT8: 0 | AU8: 0 | AV8: 0 | AW8: งานพิมพ์ | AX8: / | AY8: 0 | AZ8: 0 | BA8: 0 | BB8: 0 | BC8: WRWT25800/WRWT25800 | BD8: 73.512036
A9: 45897 | B9: MK68-001045 | C9: บจก.เคอรี่ฟลาวมิลล์ | D9: โดนัทแฟนฉัน 10กก | E9: 16 | F9: 25 | G9: ขาว | H9: 0 | I9: 45 | J9: ± | K9: 5 | L9: ไม่ | M9: ไม่สวมถุงใน | N9: 0 | O9: 0 | P9: 0 | Q9: 0 | R9: 0 | S9: ห่ออัดเบลแบน500 | T9: 45909 | U9: 5000 | V9: 0 | W9: 5000 | X9: 735 | Y9: 4478.25 | Z9: WSWT1625800 | AA9: 3315.7411 | AB9: 0 | AC9: 3315.7411 | AD9: 0 | AE9: 0 | AF9: 0 | AG9: พร้อมส่ง | AH9: P7 | AI9: 2 | AJ9: 45909 | AK9: 0 | AL9: 45900 | AM9: 45907 | AN9: 45908 | AO9: 45908 | AP9: 45904 | AQ9: 0 | AR9: 0 | AS9: 0 | AT9: 0 | AU9: 0 | AV9: 0 | AW9: งานพิมพ์ | AX9: / | AY9: 0 | AZ9: 0 | BA9: 0 | BB9: 0 | BC9: WRWT25800/WRWT25800 | BD9: 202.77599
A10: 45897 | B10: MK68-001045 | C10: บจก.เคอรี่ฟลาวมิลล์ | D10: น้องเอินโดนัท 10กก | E10: 16 | F10: 25 | G10: ขาว | H10: 0 | I10: 45 | J10: ± | K10: 5 | L10: ไม่ | M10: ไม่สวมถุงใน | N10: 0 | O10: 0 | P10: 0 | Q10: 0 | R10: 0 | S10: ห่ออัดเบลแบน500 | T10: 45925 | U10: 5000 | V10: 0 | W10: 5000 | X10: 0 | Y10: 5250 | Z10: WSWT1625800 | AA10: 3702.05 | AB10: 0 | AC10: 3702.05 | AD10: 0 | AE10: 0 | AF10: 0 | AG10: พร้อมส่ง | AH10: P7 | AI10: 2 | AJ10: 45925 | AK10: 0 | AL10: 45916 | AM10: 45923 | AN10: 45924 | AO10: 45924 | AP10: 45920 | AQ10: 0 | AR10: 0 | AS10: 0 | AT10: 0 | AU10: 0 | AV10: 0 | AW10: งานพิมพ์ | AX10: รอART | AY10: 0 | AZ10: 0 | BA10: 0 | BB10: 0 | BC10: WRWT25800/WRWT25800 | BD10: 226.40092
A11: 0 | B11: 0 | C11: 0 | D11: 0 | E11: 16 | F11: 25 | G11: ขาว | H11: 0 | I11: 45 | J11: ± | K11: 5 | L11: 0 | M11: 0 | N11: 0 | O11: 0 | P11: 0 | Q11: 0 | R11: 0 | S11: 0 | U11: 0 | V11: 0 | W11: 0 | X11: 0 | Y11: 0 | Z11: WSWT1625800 | AA11: 10719.841 | AB11: 2500 | AC11: 8219.8411 | AD11: 0 | AE11: 0 | AF11: ระบุในSD | AG11: ยังไม่ได้พิมพ์ | AH11: 0 | AI11: Lead time | AJ11: 0 | AK11: 0 | AL11: 0 | AM11: 0 | AN11: 0 | AO11: 0 | AP11: 0 | AQ11: 0 | AR11: 0 | AS11: 0 | AT11: 0 | AU11: 0 | AV11: 0 | AW11: 0 | AX11: 0 | AY11: 0 | AZ11: 0 | BA11: 0 | BB11: 0 | BC11: WRWT160800/WRWT25800 | BD11: 0
A12: ประมาณการ | B12: ประมาณการ | C12: บจก.ฟาร์เธอร์ส วิง ซัพพลาย | D12: รถไฟ | E12: 18 | F12: 30 | G12: ขาว | H12: 0 | I12: 54 | J12: ± | K12: 5 | L12: บิด | M12: 19 | N12: 33 | O12: 40 | P12: 232.02999 | Q12: 0 | R12: 232.02999 | S12: 500กระสอบ | T12: รอแจ้ง | U12: 15000 | V12: 0 | W12: 15000 | X12: 0 | Y12: 15750 | Z12: WSWT1825800 | AA12: 13201.65 | AB12: 2599 | AC12: 10602.65 | AD12: 0 | AE12: 0 | AF12: 0 | AG12: พร้อมส่ง | AH12: P9 | AI12: 3 | AJ12: รอแจ้ง | AK12: 0 | AL12: #VALUE! | AM12: #VALUE! | AN12: #VALUE! | AO12: #VALUE! | AP12: #VALUE! | AQ12: #VALUE! | AR12: 0 | AS12: 0 | AT12: 0 | AU12: 0 | AV12: 0 | AW12: งานพิมพ์ | AX12: รอART | AY12: 0 | AZ12: 0 | BA12: 0 | BB12: 0 | BC12: WRWT25800/WRWT25800 | BD12: 729.46232
A13: 0 | B13: 0 | E13: 18 | F13: 30 | G13: ขาว | H13: 0 | I13: 54 | J13: ± | K13: 5 | L13: 0 | M13: 0 | N13: 0 | O13: 0 | P13: 0 | Q13: 0 | R13: 0 | S13: 0 | U13: 0 | V13: 0 | W13: 0 | X13: 0 | Y13: 0 | Z13: WSWT1825800 | AA13: 13201.65 | AB13: 2599 | AC13: 10602.65 | AD13: 0 | AE13: 0 | AF13: ระบุในSD | AG13: ยังไม่ได้พิมพ์ | AH13: 0 | AI13: Lead time | AJ13: 0 | AK13: 0 | AL13: 0 | AM13: 0 | AN13: 0 | AO13: 0 | AP13: 0 | AQ13: 0 | AR13: 0 | AS13: 0 | AT13: 0 | AU13: 0 | AV13: 0 | AW13: 0 | AX13: 0 | AY13: 0 | AZ13: 0 | BA13: 0 | BB13: 0 | BC13: WRWT25800/WRWT25800 | BD13: 0
A14: 45901 | B14: MK68-001068 | C14: บจก.ยืนยงยิปซั่มปลาสเตอร์ | D14: YUENYONG | E14: 18 | F14: 26 | G14: ขาว | H14: ใส | I14: 65 | J14: ± | K14: 5 | L14: บิด | M14: 19 | N14: 29 | O14: 40 | P14: 67.96838 | Q14: 0 | R14: 67.96838 | S14: 500กระสอบแบน | T14: 45912 | U14: 5000 | V14: 0 | W14: 5000 | X14: 0 | Y14: 5250 | Z14: WSWT1825800SM | AA14: 3841.75 | AB14: 3841.75 | AC14: 0 | AD14: 0 | AE14: 3841.75 | AF14: 0 | AG14: ยังไม่ได้พิมพ์ | AH14: P8 | AI14: 4 | AJ14: 45912 | AK14: 45908 | AL14: 45902 | AM14: 45909 | AN14: 45910 | AO14: 45910 | AP14: 45907 | AQ14: 45911 | AR14: 0 | AS14: 0 | AT14: 0 | AU14: 0 | AV14: 0 | AW14: งานเคลือบ+พิมพ์ | AX14: / | AY14: 0 | AZ14: 0 | BA14: 0 | BB14: 0 | BC14: WRWT25800/WRWT25800 | BD14: 0
A15: 0 | B15: 0 | C15: 0 | E15: 18 | F15: 25 | G15: ขาว | H15: 0 | I15: 50 | J15: ± | K15: 5 | L15: 0 | M15: 0 | N15: 0 | O15: 0 | P15: 0 | Q15: 0 | R15: 0 | S15: 0 | U15: 0 | V15: 0 | W15: 0 | X15: 0 | Y15: 0 | Z15: WSWT1825800SM | AA15: 3841.75 | AB15: 3841.75 | AC15: 0 | AD15: 0 | AE15: 3841.75 | AF15: ระบุในSD | AG15: รอแบบ | AH15: 0 | AI15: Lead time | AJ15: 0 | AK15: 0 | AL15: 0 | AM15: 0 | AN15: 0 | AO15: 0 | AP15: 0 | AQ15: 0 | AR15: 0 | AS15: 0 | AT15: 0 | AU15: 0 | AV15: 0 | AW15: 0 | AX15: 0 | AY15: 0 | AZ15: 0 | BA15: 0 | BB15: 0 | BC15: WRWT180800/WRWT25800 | BD15: 0
A16: 45898 | B16: MK68-001049 | C16: บจก.เพรซิเดนท์ฟลาวมิลล์ | D16: ผึ้งเหลือง | E16: 19 | F16: 30 | G16: ขาว | H16: 0 | I16: 60 | J16: ± | K16: 5 | L16: บิด | M16: ไม่สวมถุงใน | N16: 0 | O16: 0 | P16: 0 | Q16: 0 | R16: 0 | S16: 500กระสอบ | T16: 45910 | U16: 50000 | V16: 0 | W16: 50000 | X16: 0 | Y16: 52500 | Z16: WSWT1925800 | AA16: 44005.5 | AB16: 24047 | AC16: 19958.5 | AD16: 0 | AE16: 0 | AF16: 0 | AG16: ยังไม่ได้พิมพ์ | AH16: P7 | AI16: 2 | AJ16: 45910 | AK16: 0 | AL16: 45901 | AM16: 45908 | AN16: 45909 | AO16: 45909 | AP16: 45905 | AQ16: 0 | AR16: 0 | AS16: 0 | AT16: 0 | AU16: 0 | AV16: 0 | AW16: งานพิมพ์ | AX16: / | AY16: 0 | AZ16: 0 | BA16: 0 | BB16: 0 | BC16: WRWT25800/WRWT25800 | BD16: 1449.4306
A17: 45898 | B17: MK68-001048 | C17: บจก.เพรซิเดนท์ฟลาวมิลล์ | D17: ผึ้งชมพู | E17: 19 | F17: 30 | G17: ขาว | H17: 0 | I17: 60 | J17: ± | K17: 5 | L17: บิด | M17: ไม่สวมถุงใน | N17: 0 | O17: 0 | P17: 0 | Q17: 0 | R17: 0 | S17: 500กระสอบ | T17: 45910 | U17: 40000 | V17: 0 | W17: 40000 | X17: 0 | Y17: 42000 | Z17: WSWT1925800 | AA17: 35204.4 | AB17: 0 | AC17: 35204.4 | AD17: 0 | AE17: 0 | AF17: 0 | AG17: พร้อมส่ง | AH17: P7 | AI17: 2 | AJ17: 45910 | AK17: 0 | AL17: 45901 | AM17: 45908 | AN17: 45909 | AO17: 45909 | AP17: 45905 | AQ17: 0 | AR17: 0 | AS17: 0 | AT17: 0 | AU17: 0 | AV17: 0 | AW17: งานพิมพ์ | AX17: / | AY17: 0 | AZ17: 0 | BA17: 0 | BB17: 0 | BC17: WRWT25800/WRWT25800 | BD17: 2556.6218
A18: ประมาณการ | B18: ประมาณการ | C18: บจก.เอ็กเซลเล้นท์ | D18: รอแบบ | E18: 19 | F18: 30 | G18: ขาว | H18: 0 | I18: 60 | J18: ± | K18: 5 | L18: บิด | M18: ไม่สวมถุงใน | N18: 0 | O18: 0 | P18: 0 | Q18: 0 | R18: 0 | S18: 500กระสอบ | T18: 45925 | U18: 40000 | V18: 0 | W18: 40000 | X18: 0 | Y18: 42000 | Z18: WSWT1925800 | AA18: 35204.4 | AB18: 0 | AC18: 35204.4 | AD18: 0 | AE18: 0 | AF18: 0 | AG18: พร้อมส่ง | AH18: P7 | AI18: 2 | AJ18: 45925 | AK18: 0 | AL18: 45916 | AM18: 45923 | AN18: 45924 | AO18: 45924 | AP18: 45920 | AQ18: 0 | AR18: 0 | AS18: 0 | AT18: 0 | AU18: 0 | AV18: 0 | AW18: งานพิมพ์ | AX18: รอART | AY18: 0 | AZ18: 0 | BA18: 0 | BB18: 0 | BC18: WRWT25800/WRWT25800 | BD18: 2556.6218
A19: ประมาณการ | B19: ประมาณการ | C19: บจก.ไลม์มาสเตอร์ | D19: LMC 25 kg | E19: 19 | F19: 32 | G19: ขาว | H19: 0 | I19: 64 | J19: ± | K19: 5 | L19: ไม่ | M19: 20 | N19: 35 | O19: 40 | P19: 341.36903 | Q19: 0 | R19: 341.36903 | S19: 500กระสอบแบน | T19: 45925 | U19: 20000 | V19: 233 | W19: 19767 | X19: 0 | Y19: 20755.35 | Z19: WSWT1925800 | AA19: 18501.714 | AB19: 0 | AC19: 18501.714 | AD19: 0 | AE19: 0 | AF19: 0 | AG19: รอตัด | AH19: P9 | AI19: 3 | AJ19: 45925 | AK19: 0 | AL19: 45915 | AM19: 45922 | AN19: 45923 | AO19: 45923 | AP19: 45920 | AQ19: 45924 | AR19: 0 | AS19: 0 | AT19: 0 | AU19: 0 | AV19: 0 | AW19: งานพิมพ์ | AX19: รอART | AY19: 0 | AZ19: 0 | BA19: 0 | BB19: 0 | BC19: WRWT25800/WRWT25800 | BD19: 1343.6356
A20: 0 | B20: 0 | C20: 0 | D20: 0 | E20: 19 | F20: 30 | G20: ขาว | H20: 0 | I20: 60 | J20: ± | K20: 5 | L20: 0 | M20: 0 | N20: 0 | O20: 0 | P20: 0 | Q20: 0 | R20: 0 | S20: 0 | U20: 0 | V20: 0 | W20: 0 | X20: 0 | Y20: 0 | Z20: WSWT1925800 | AA20: 132916.01 | AB20: 24047 | AC20: 108869.01 | AD20: 0 | AE20: 0 | AF20: ระบุในSD | AG20: พร้อมส่ง | AH20: 0 | AI20: Lead time | AJ20: 0 | AK20: 0 | AL20: 0 | AM20: 0 | AN20: 0 | AO20: 0 | AP20: 0 | AQ20: 0 | AR20: 0 | AS20: 0 | AT20: 0 | AU20: 0 | AV20: 0 | AW20: 0 | AX20: 0 | AY20: 0 | AZ20: 0 | BA20: 0 | BB20: 0 | BC20: WRWT25800/WRWT25800 | BD20: 0
A21: 45896 | B21: MK68-001043 | C21: บจก.เคอรี่ฟลาวมิลล์ | D21: ถุงเขียว | E21: 19 | F21: 32 | G21: ขาว | H21: 0 | I21: 67 | J21: + | K21: 5 | L21: บิด | M21: ไม่สวมถุงใน | N21: 0 | O21: 0 | P21: 0 | Q21: 0 | R21: 0 | S21: ห่ออัดเบลแบน500 | T21: 45906 | U21: 10000 | V21: 10000 | W21: 0 | X21: 10500 | Y21: 0 | Z21: WSWT1921720 | AA21: 0 | AB21: 0 | AC21: 0 | AD21: 0 | AE21: 0 | AF21: 0 | AG21: พร้อมส่ง | AH21: P7 | AI21: 2 | AJ21: 45906 | AK21: 0 | AL21: 45897 | AM21: 45904 | AN21: 45905 | AO21: 45905 | AP21: 45901 | AQ21: 0 | AR21: 0 | AS21: 0 | AT21: 0 | AU21: 0 | AV21: 0 | AW21: งานพิมพ์ | AX21: / | AY21: 0 | AZ21: 0 | BA21: 0 | BB21: 0 | BC21: WRWT21720/WRWT25800 | BD21: 0
A22: 45896 | B22: MK68-001043 | C22: บจก.เคอรี่ฟลาวมิลล์ | D22: ดอกไม้เขียว | E22: 19 | F22: 32 | G22: ขาว | H22: 0 | I22: 67 | J22: + | K22: 5 | L22: บิด | M22: ไม่สวมถุงใน | N22: 0 | O22: 0 | P22: 0 | Q22: 0 | R22: 0 | S22: ห่ออัดเบลแบน500 | T22: 45906 | U22: 5000 | V22: 0 | W22: 5000 | X22: 5400 | Y22: 0 | Z22: WSWT1921720 | AA22: 0 | AB22: 0 | AC22: 0 | AD22: 0 | AE22: 0 | AF22: 0 | AG22: ยังไม่ได้พิมพ์ | AH22: P7 | AI22: 2 | AJ22: 45906 | AK22: 0 | AL22: 45897 | AM22: 45904 | AN22: 45905 | AO22: 45905 | AP22: 45901 | AQ22: 0 | AR22: 0 | AS22: 0 | AT22: 0 | AU22: 0 | AV22: 0 | AW22: งานพิมพ์ | AX22: / | AY22: 0 | AZ22: 0 | BA22: 0 | BB22: 0 | BC22: WRWT21720/WRWT25800 | BD22: 0
A23: 45896 | B23: MK68-001043 | C23: บจก.เคอรี่ฟลาวมิลล์ | D23: ดอกไม้แดง | E23: 19 | F23: 32 | G23: ขาว | H23: 0 | I23: 67 | J23: + | K23: 5 | L23: บิด | M23: ไม่สวมถุงใน | N23: 0 | O23: 0 | P23: 0 | Q23: 0 | R23: 0 | S23: ห่ออัดเบลแบน500 | T23: 45906 | U23: 5000 | V23: 5746 | W23: 0 | X23: 0 | Y23: 0 | Z23: WSWT1921720 | AA23: 0 | AB23: 0 | AC23: 0 | AD23: 0 | AE23: 0 | AF23: 0 | AG23: รอตัด | AH23: P7 | AI23: 2 | AJ23: 45906 | AK23: 0 | AL23: 45897 | AM23: 45904 | AN23: 45905 | AO23: 45905 | AP23: 45901 | AQ23: 0 | AR23: 0 | AS23: 0 | AT23: 0 | AU23: 0 | AV23: 0 | AW23: งานพิมพ์ | AX23: / | AY23: 0 | AZ23: 0 | BA23: 0 | BB23: 0 | BC23: WRWT21720/WRWT25800 | BD23: 0
A24: 45896 | B24: MK68-001043 | C24: บจก.เคอรี่ฟลาวมิลล์ | D24: กุ้งแดง | E24: 19 | F24: 32 | G24: ขาว | H24: 0 | I24: 67 | J24: + | K24: 5 | L24: บิด | M24: ไม่สวมถุงใน | N24: 0 | O24: 0 | P24: 0 | Q24: 0 | R24: 0 | S24: ห่ออัดเบลแบน500 | T24: 45906 | U24: 5000 | V24: 5000 | W24: 0 | X24: 5400 | Y24: 0 | Z24: WSWT1921720 | AA24: 0 | AB24: 0 | AC24: 0 | AD24: 0 | AE24: 0 | AF24: 0 | AG24: ยังไม่ได้พิมพ์ | AH24: P7 | AI24: 2 | AJ24: 45906 | AK24: 0 | AL24: 45897 | AM24: 45904 | AN24: 45905 | AO24: 45905 | AP24: 45901 | AQ24: 0 | AR24: 0 | AS24: 0 | AT24: 0 | AU24: 0 | AV24: 0 | AW24: งานพิมพ์ | AX24: / | AY24: 0 | AZ24: 0 | BA24: 0 | BB24: 0 | BC24: WRWT21720/WRWT25800 | BD24: 0
A25: 45896 | B25: MK68-001043 | C25: บจก.เคอรี่ฟลาวมิลล์ | D25: โบว์น้ำเงิน | E25: 19 | F25: 32 | G25: ขาว | H25: 0 | I25: 67 | J25: + | K25: 5 | L25: บิด | M25: ไม่สวมถุงใน | N25: 0 | O25: 0 | P25: 0 | Q25: 0 | R25: 0 | S25: ห่ออัดเบลแบน500 | T25: 45906 | U25: 5000 | V25: 0 | W25: 5000 | X25: 0 | Y25: 5250 | Z25: WSWT1921720 | AA25: 4679.95 | AB25: 4679.95 | AC25: 0 | AD25: 0 | AE25: 0 | AF25: 0 | AG25: พร้อมส่ง | AH25: P7 | AI25: 2 | AJ25: 45906 | AK25: 0 | AL25: 45897 | AM25: 45904 | AN25: 45905 | AO25: 45905 | AP25: 45901 | AQ25: 0 | AR25: 0 | AS25: 0 | AT25: 0 | AU25: 0 | AV25: 0 | AW25: งานพิมพ์ | AX25: / | AY25: 0 | AZ25: 0 | BA25: 0 | BB25: 0 | BC25: WRWT21720/WRWT25800 | BD25: 0
A26: 45896 | B26: MK68-001044 | C26: บจก.เคอรี่ฟลาวมิลล์ | D26: เคเอ็ม | E26: 19 | F26: 32 | G26: ขาว | H26: 0 | I26: 67 | J26: + | K26: 5 | L26: บิด | M26: ไม่สวมถุงใน | N26: 0 | O26: 0 | P26: 0 | Q26: 0 | R26: 0 | S26: ห่ออัดเบลแบน500 | T26: 45906 | U26: 5000 | V26: 0 | W26: 5000 | X26: 5400 | Y26: 0 | Z26: WSWT1921720 | AA26: 0 | AB26: 0 | AC26: 0 | AD26: 0 | AE26: 0 | AF26: 0 | AG26: ยังไม่ได้พิมพ์ | AH26: P7 | AI26: 2 | AJ26: 45906 | AK26: 0 | AL26: 45897 | AM26: 45904 | AN26: 45905 | AO26: 45905 | AP26: 45901 | AQ26: 0 | AR26: 0 | AS26: 0 | AT26: 0 | AU26: 0 | AV26: 0 | AW26: งานพิมพ์ | AX26: / | AY26: 0 | AZ26: 0 | BA26: 0 | BB26: 0 | BC26: WRWT21720/WRWT25800 | BD26: 0
A27: 45896 | B27: MK68-001044 | C27: บจก.เคอรี่ฟลาวมิลล์ | D27: ดอกไม้ม่วง | E27: 19 | F27: 32 | G27: ขาว | H27: 0 | I27: 67 | J27: + | K27: 5 | L27: บิด | M27: ไม่สวมถุงใน | N27: 0 | O27: 0 | P27: 0 | Q27: 0 | R27: 0 | S27: ห่ออัดเบลแบน500 | T27: 45906 | U27: 5000 | V27: 0 | W27: 5000 | X27: 0 | Y27: 5250 | Z27: WSWT1921720 | AA27: 4679.95 | AB27: 4679.95 | AC27: 0 | AD27: 0 | AE27: 0 | AF27: 0 | AG27: พร้อมส่ง | AH27: P7 | AI27: 2 | AJ27: 45906 | AK27: 0 | AL27: 45897 | AM27: 45904 | AN27: 45905 | AO27: 45905 | AP27: 45901 | AQ27: 0 | AR27: 0 | AS27: 0 | AT27: 0 | AU27: 0 | AV27: 0 | AW27: งานพิมพ์ | AX27: / | AY27: 0 | AZ27: 0 | BA27: 0 | BB27: 0 | BC27: WRWT21720/WRWT25800 | BD27: 0
A28: 45896 | B28: MK68-001044 | C28: บจก.เคอรี่ฟลาวมิลล์ | D28: แต้มฟ้า | E28: 19 | F28: 32 | G28: ขาว | H28: 0 | I28: 67 | J28: + | K28: 5 | L28: บิด | M28: ไม่สวมถุงใน | N28: 0 | O28: 0 | P28: 0 | Q28: 0 | R28: 0 | S28: ห่ออัดเบลแบน500 | T28: 45906 | U28: 5000 | V28: 4500 | W28: 500 | X28: 5250 | Y28: 0 | Z28: WSWT1921720 | AA28: 0 | AB28: 0 | AC28: 0 | AD28: 0 | AE28: 0 | AF28: 0 | AG28: พร้อมส่ง | AH28: P7 | AI28: 2 | AJ28: 45906 | AK28: 0 | AL28: 45897 | AM28: 45904 | AN28: 45905 | AO28: 45905 | AP28: 45901 | AQ28: 0 | AR28: 0 | AS28: 0 | AT28: 0 | AU28: 0 | AV28: 0 | AW28: งานพิมพ์ | AX28: / | AY28: 0 | AZ28: 0 | BA28: 0 | BB28: 0 | BC28: WRWT21720/WRWT25800 | BD28: 0
A29: 45896 | B29: MK68-001043 | C29: บจก.เคอรี่ฟลาวมิลล์ | D29: HARD FLOUR | E29: 19 | F29: 32 | G29: ขาว | H29: 0 | I29: 67 | J29: + | K29: 5 | L29: บิด | M29: ไม่สวมถุงใน | N29: 0 | O29: 0 | P29: 0 | Q29: 0 | R29: 0 | S29: ห่ออัดเบลแบน500 | T29: 45909 | U29: 5000 | V29: 0 | W29: 5000 | X29: 0 | Y29: 5250 | Z29: WSWT1921720 | AA29: 4679.95 | AB29: 4679.95 | AC29: 0 | AD29: 0 | AE29: 0 | AF29: 0 | AG29: รอตัด | AH29: P7 | AI29: 2 | AJ29: 45909 | AK29: 0 | AL29: 45900 | AM29: 45907 | AN29: 45908 | AO29: 45908 | AP29: 45904 | AQ29: 0 | AR29: 0 | AS29: 0 | AT29: 0 | AU29: 0 | AV29: 0 | AW29: งานพิมพ์ | AX29: / | AY29: 0 | AZ29: 0 | BA29: 0 | BB29: 0 | BC29: WRWT21720/WRWT25800 | BD29: 0
A30: 45896 | B30: MK68-001043 | C30: บจก.เคอรี่ฟลาวมิลล์ | D30: ปลาโลมาแดง | E30: 19 | F30: 32 | G30: ขาว | H30: 0 | I30: 67 | J30: + | K30: 5 | L30: บิด | M30: ไม่สวมถุงใน | N30: 0 | O30: 0 | P30: 0 | Q30: 0 | R30: 0 | S30: ห่ออัดเบลแบน500 | T30: 45909 | U30: 5000 | V30: 5000 | W30: 0 | X30: 5250 | Y30: 0 | Z30: WSWT1921720 | AA30: 0 | AB30: 0 | AC30: 0 | AD30: 0 | AE30: 0 | AF30: 0 | AG30: พร้อมส่ง | AH30: P7 | AI30: 2 | AJ30: 45909 | AK30: 0 | AL30: 45900 | AM30: 45907 | AN30: 45908 | AO30: 45908 | AP30: 45904 | AQ30: 0 | AR30: 0 | AS30: 0 | AT30: 0 | AU30: 0 | AV30: 0 | AW30: งานพิมพ์ | AX30: / | AY30: 0 | AZ30: 0 | BA30: 0 | BB30: 0 | BC30: WRWT21720/WRWT25800 | BD30: 0
A31: 45896 | B31: MK68-001043 | C31: บจก.เคอรี่ฟลาวมิลล์ | D31: BS | E31: 19 | F31: 32 | G31: ขาว | H31: 0 | I31: 67 | J31: + | K31: 5 | L31: บิด | M31: ไม่สวมถุงใน | N31: 0 | O31: 0 | P31: 0 | Q31: 0 | R31: 0 | S31: ห่ออัดเบลแบน500 | T31: 45909 | U31: 5000 | V31: 5000 | W31: 0 | X31: 5250 | Y31: 0 | Z31: WSWT1921720 | AA31: 0 | AB31: 0 | AC31: 0 | AD31: 0 | AE31: 0 | AF31: 0 | AG31: ยังไม่ได้พิมพ์ | AH31: P7 | AI31: 2 | AJ31: 45909 | AK31: 0 | AL31: 45900 | AM31: 45907 | AN31: 45908 | AO31: 45908 | AP31: 45904 | AQ31: 0 | AR31: 0 | AS31: 0 | AT31: 0 | AU31: 0 | AV31: 0 | AW31: งานพิมพ์ | AX31: / | AY31: 0 | AZ31: 0 | BA31: 0 | BB31: 0 | BC31: WRWT21720/WRWT25800 | BD31: 0
A32: 45896 | B32: MK68-001043 | C32: บจก.เคอรี่ฟลาวมิลล์ | D32: KFM | E32: 19 | F32: 32 | G32: ขาว | H32: 0 | I32: 67 | J32: + | K32: 5 | L32: ไม่ | M32: ไม่สวมถุงใน | N32: 0 | O32: 0 | P32: 0 | Q32: 0 | R32: 0 | S32: ห่ออัดเบลแบน500 | T32: 45909 | U32: 5000 | V32: 0 | W32: 5000 | X32: 5400 | Y32: 0 | Z32: WSWT1921720 | AA32: 0 | AB32: 0 | AC32: 0 | AD32: 0 | AE32: 0 | AF32: 0 | AG32: ยังไม่ได้พิมพ์ | AH32: P7 | AI32: 2 | AJ32: 45909 | AK32: 0 | AL32: 45900 | AM32: 45907 | AN32: 45908 | AO32: 45908 | AP32: 45904 | AQ32: 0 | AR32: 0 | AS32: 0 | AT32: 0 | AU32: 0 | AV32: 0 | AW32: งานพิมพ์ | AX32: / | AY32: 0 | AZ32: 0 | BA32: 0 | BB32: 0 | BC32: WRWT21720/WRWT25800 | BD32: 0
... A36: 45898 | B36: MK68-001044 | C36: บจก.เคอรี่ฟลาวมิลล์ | D36: FW-Y | E36: 19 | F36: 32 | G36: ขาว | H36: 0 | I36: 67 | J36: + | K36: 5 | L36: บิด | M36: ไม่สวมถุงใน | N36: 0 | O36: 0 | P36: 0 | Q36: 0 | R36: 0 | S36: ห่ออัดเบลแบน500 | T36: 45909 | U36: 5000 | V36: 0 | W36: 5000 | X36: 5400 | Y36: 0 | Z36: WSWT1921720 | AA36: 0 | AB36: 0 | AC36: 0 | AD36: 0 | AE36: 0 | AF36: 0 | AG36: พร้อมส่ง | AH36: P7 | AI36: 2 | AJ36: 45909 | AK36: 0 | AL36: 45900 | AM36: 45907 | AN36: 45908 | AO36: 45908 | AP36: 45904 | AQ36: 0 | AR36: 0 | AS36: 0 | AT36: 0 | AU36: 0 | AV36: 0 | AW36: งานพิมพ์ | AX36: / | AY36: 0 | AZ36: 0 | BA36: 0 | BB36: 0 | BC36: WRWT21720/WRWT25800 | BD36: 0
A37: ประมาณการ | B37: ประมาณการ | C37: บจก.เคอรี่ฟลาวมิลล์ | D37: รอแบบ | E37: 19 | F37: 32 | G37: ขาว | H37: 0 | I37: 67 | J37: + | K37: 5 | L37: บิด | M37: ไม่สวมถุงใน | N37: 0 | O37: 0 | P37: 0 | Q37: 0 | R37: 0 | S37: ห่ออัดเบลแบน500 | T37: 45930 | U37: 270000 | V37: 0 | W37: 270000 | X37: 0 | Y37: 283500 | Z37: WSWT1921720 | AA37: 252717.3 | AB37: 42261 | AC37: 210456.3 | AD37: 0 | AE37: 0 | AF37: 0 | AG37: พร้อมส่ง | AH37: P7 | AI37: 2 | AJ37: 45930 | AK37: 0 | AL37: 45921 | AM37: 45928 | AN37: 45929 | AO37: 45929 | AP37: 45925 | AQ37: 0 | AR37: 0 | AS37: 0 | AT37: 0 | AU37: 0 | AV37: 0 | AW37: งานพิมพ์ | AX37: รอART | AY37: 0 | AZ37: 0 | BA37: 0 | BB37: 0 | BC37: WRWT21720/WRWT25800 | BD37: 15852.504
A38: 0 | B38: 0 | C38: 0 | D38: 0 | E38: 19 | F38: 30 | G38: 0 | H38: 0 | I38: 63 | J38: + | K38: 5 | L38: 0 | M38: 0 | N38: 0 | O38: 0 | P38: 0 | Q38: 0 | R38: 0 | S38: 0 | U38: 0 | V38: 0 | W38: 0 | X38: 0 | Y38: 0 | Z38: WSWT1921720 | AA38: 276117.05 | AB38: 65660.75 | AC38: 210456.3 | AD38: 0 | AE38: 0 | AF38: ระบุในSD | AG38: พร้อมส่ง | AH38: 0 | AI38: Lead time | AJ38: 0 | AK38: 0 | AL38: 0 | AM38: 0 | AN38: 0 | AO38: 0 | AP38: 0 | AQ38: 0 | AR38: 0 | AS38: 0 | AT38: 0 | AU38: 0 | AV38: 0 | AW38: 0 | AX38: 0 | AY38: 0 | AZ38: 0 | BA38: 0 | BB38: 0 | BC38: WRWT190720/WRWT25800 | BD38: 0
A39: 45796 | B39: MK68-000680 | C39: บจก.อินเทคค์ โกลบอล | D39: เพอเฟคค์103P โกลด์ | E39: 19 | F39: 34 | G39: ขาว | H39: ด้าน | I39: 100 | J39: ± | K39: 5 | L39: จับจีบ4" | M39: ไม่สวมถุงใน | N39: 0 | O39: 0 | P39: 0 | Q39: 0 | R39: 0 | S39: มัด80 ใช้สายรัด | T39: รอแจ้ง | U39: 503 | V39: 0 | W39: 503 | X39: 5250 | Y39: 0 | Z39: WSWT19251000SM | AA39: 0 | AB39: 0 | AC39: 0 | AD39: 0 | AE39: 0 | AF39: 0 | AG39: พร้อมส่ง | AH39: P6 | AI39: 4 | AJ39: รอแจ้ง | AK39: #VALUE! | AL39: #VALUE! | AM39: #VALUE! | AN39: #VALUE! | AO39: #VALUE! | AP39: #VALUE! | AQ39: 0 | AR39: 0 | AS39: 0 | AT39: 0 | AU39: 0 | AV39: 0 | AW39: งานเคลือบ+พิมพ์ | AX39: / | AY39: 0 | AZ39: 0 | BA39: 0 | BB39: 0 | BC39: WRWT251000/WRWT251000 | BD39: 0
A40: 0 | B40: 0 | C40: 0 | D40: 0 | E40: 19 | F40: 34 | G40: ขาว | H40: 0 | I40: 80 | J40: ± | K40: 5 | L40: 0 | M40: 0 | N40: 0 | O40: 0 | P40: 0 | Q40: 0 | R40: 0 | S40: 0 | U40: 0 | V40: 0 | W40: 0 | X40: 0 | Y40: 0 | Z40: WSWT19251000SM | AA40: 0 | AB40: 0 | AC40: 0 | AD40: 0 | AE40: 0 | AF40: ระบุในSD | AG40: พร้อมส่ง | AH40: 0 | AI40: Lead time | AJ40: 0 | AK40: 0 | AL40: 0 | AM40: 0 | AN40: 0 | AO40: 0 | AP40: 0 | AQ40: 0 | AR40: 0 | AS40: 0 | AT40: 0 | AU40: 0 | AV40: 0 | AW40: 0 | AX40: 0 | AY40: 0 | AZ40: 0 | BA40: 0 | BB40: 0 | BC40: WRWT251000/WRYL251000 | BD40: 0
A41: 45887 | B41: MK68-001012 | C41: บจก.อินเทคค์ โกลบอล | D41: เฟิร์สคลาส 912 | E41: 20 | F41: 35 | G41: ขาว | H41: ด้าน | I41: 97 | J41: ± | K41: 5 | L41: จับจีบ | M41: ไม่สวมถุงใน | N41: 0 | O41: 0 | P41: 0 | Q41: 0 | R41: 0 | S41: มัด80 ใช้สายรัด | T41: 45905 | U41: 5040 | V41: 5040 | W41: 0 | X41: 10200 | Y41: 0 | Z41: WSWT2025800SM | AA41: 0 | AB41: 0 | AC41: 0 | AD41: 0 | AE41: 0 | AF41: สีไม่เหมือน | AG41: พร้อมส่ง | AH41: P6 | AI41: 4 | AJ41: 45905 | AK41: 45901 | AL41: 45894 | AM41: 45902 | AN41: 45903 | AO41: 45904 | AP41: 45900 | AQ41: 0 | AR41: 0 | AS41: 0 | AT41: 0 | AU41: 0 | AV41: 0 | AW41: งานเคลือบ+พิมพ์ | AX41: / | AY41: 0 | AZ41: 0 | BA41: 0 | BB41: 0 | BC41: WRWT25850/WRWT25850 | BD41: 0
A42: 45877 | B42: MK68-000990 | C42: บจก.เอสพีเอ็ม อาหารสัตว์ | D42: SW 441 PLUS | E42: 20 | F42: 38 | G42: ขาว | H42: ใส | I42: 100 | J42: ± | K42: 5 | L42: บิด | M42: ไม่สวมถุงใน | N42: 0 | O42: 0 | P42: 0 | Q42: 0 | R42: 0 | S42: 500กระสอบแบน | T42: 45906 | U42: 3000 | V42: 3000 | W42: 0 | X42: 3300 | Y42: 0 | Z42: WSWT2025800SM | AA42: 0 | AB42: 0 | AC42: 0 | AD42: 0 | AE42: 0 | AF42: 0 | AG42: พร้อมส่ง | AH42: P6 | AI42: 4 | AJ42: 45906 | AK42: 45902 | AL42: 45895 | AM42: 45903 | AN42: 45904 | AO42: 45905 | AP42: 45901 | AQ42: 0 | AR42: 0 | AS42: 0 | AT42: 0 | AU42: 0 | AV42: 0 | AW42: งานเคลือบ+พิมพ์ | AX42: / | AY42: 0 | AZ42: 0 | BA42: 0 | BB42: 0 | BC42: WRWT25850/WRWT25850 | BD42: 0
A43: 45892 | B43: MK68-001023 | C43: บจก.มารีนลีดเดอร์ | D43: Rocky quick lime | E43: 20 | F43: 30 | G43: ขาว | H43: ใส | I43: 80 | J43: ± | K43: 5 | L43: จับจีบ5" | M43: 21 | N43: 33 | O43: 40 | P43: 0 | Q43: 0 | R43: 0 | S43: 500กระสอบ | T43: 45905 | U43: 10000 | V43: 10000 | W43: 0 | X43: 10500 | Y43: 0 | Z43: WSWT2025800SM | AA43: 0 | AB43: 0 | AC43: 0 | AD43: 0 | AE43: 0 | AF43: 0 | AG43: รอตัด | AH43: P8 | AI43: 4 | AJ43: 45905 | AK43: 45901 | AL43: 45895 | AM43: 45902 | AN43: 45903 | AO43: 45903 | AP43: 45900 | AQ43: 45904 | AR43: 0 | AS43: 0 | AT43: 0 | AU43: 0 | AV43: 0 | AW43: งานเคลือบ+พิมพ์ | AX43: / | AY43: 0 | AZ43: 0 | BA43: 0 | BB43: 0 | BC43: WRWT25850/WRWT25850 | BD43: 0
A44: 45850 | B44: MK68-000877 | C44: บจก.เอพีเอ็ม อะโกร | D44: ยู-ฟีด รวมหมู | E44: 20 | F44: 38 | G44: ขาว | H44: ใส | I44: 100 | J44: ± | K44: 5 | L44: บิด | M44: ไม่สวมถุงใน | N44: 0 | O44: 0 | P44: 0 | Q44: 0 | R44: 0 | S44: 500กระสอบแบน | T44: 45906 | U44: 3000 | V44: 3000 | W44: 0 | X44: 3300 | Y44: 0 | Z44: WSWT2025800SM | AA44: 0 | AB44: 0 | AC44: 0 | AD44: 0 | AE44: 0 | AF44: 0 | AG44: พร้อมส่ง | AH44: P6 | AI44: 4 | AJ44: 45906 | AK44: 45902 | AL44: 45895 | AM44: 45903 | AN44: 45904 | AO44: 45905 | AP44: 45901 | AQ44: 0 | AR44: 0 | AS44: 0 | AT44: 0 | AU44: 0 | AV44: 0 | AW44: งานเคลือบ+พิมพ์ | AX44: / | AY44: ลบสี | AZ44: 0 | BA44: 0 | BB44: 0 | BC44: WRWT25850/WRWT25850 | BD44: 0
A45: 45892 | B45: MK68-001024 | C45: บจก.อินเทคค์ โกลบอล | D45: เฟิร์สช้อย 913 | E45: 20 | F45: 36 | G45: ขาว | H45: ด้าน | I45: 100 | J45: ± | K45: 5 | L45: จับจีบ | M45: ไม่สวมถุงใน | N45: 0 | O45: 0 | P45: 0 | Q45: 0 | R45: 0 | S45: มัด80 ใช้สายรัด | T45: รอแจ้ง | U45: 640 | V45: 0 | W45: 640 | X45: 6000 | Y45: 0 | Z45: WSWT2025800SM | AA45: 0 | AB45: 0 | AC45: 0 | AD45: 0 | AE45: 0 | AF45: 0 | AG45: ยังไม่ได้พิมพ์ | AH45: P6 | AI45: 4 | AJ45: รอแจ้ง | AK45: #VALUE! | AL45: #VALUE! | AM45: #VALUE! | AN45: #VALUE! | AO45: #VALUE! | AP45: #VALUE! | AQ45: 0 | AR45: 0 | AS45: 0 | AT45: 0 | AU45: 0 | AV45: 0 | AW45: งานเคลือบ+พิมพ์ | AX45: / | AY45: สีผิดเบอร์280 | AZ45: 0 | BA45: 0 | BB45: 0 | BC45: WRWT25850/WRWT25850 | BD45: 0
A46: 45892 | B46: MK68-001026 | C46: บจก.อินเทคค์ โกลบอล | D46: เพอเฟคค์ 913 | E46: 20 | F46: 36 | G46: ขาว | H46: ด้าน | I46: 100 | J46: ± | K46: 5 | L46: จับจีบ | M46: ไม่สวมถุงใน | N46: 0 | O46: 0 | P46: 0 | Q46: 0 | R46: 0 | S46: มัด80 ใช้สายรัด | T46: 45908 | U46: 1840 | V46: 80 | W46: 1760 | X46: 10650 | Y46: 0 | Z46: WSWT2025800SM | AA46: 0 | AB46: 0 | AC46: 0 | AD46: 0 | AE46: 0 | AF46: 0 | AG46: ยังไม่ได้พิมพ์ | AH46: P6 | AI46: 4 | AJ46: 45908 | AK46: 45904 | AL46: 45897 | AM46: 45905 | AN46: 45906 | AO46: 45907 | AP46: 45903 | AQ46: 0 | AR46: 0 | AS46: 0 | AT46: 0 | AU46: 0 | AV46: 0 | AW46: งานเคลือบ+พิมพ์ | AX46: / | AY46: 0 | AZ46: 0 | BA46: 0 | BB46: 0 | BC46: WRWT25850/WRWT25850 | BD46: 0
A47: 45782 | B47: MK68-000609 | C47: บจก.เอสพีเอ็ม อาหารสัตว์ | D47: SW 441 | E47: 20 | F47: 38 | G47: ขาว | H47: ใส | I47: 100 | J47: ± | K47: 5 | L47: บิด | M47: ไม่สวมถุงใน | N47: 0 | O47: 0 | P47: 0 | Q47: 0 | R47: 0 | S47: 500กระสอบแบน | T47: 45909 | U47: 5000 | V47: 4473 | W47: 527 | X47: 5200 | Y47: 0 | Z47: WSWT2025800SM | AA47: 0 | AB47: 0 | AC47: 0 | AD47: 0 | AE47: 0 | AF47: 0 | AG47: ยังไม่ได้พิมพ์ | AH47: P6 | AI47: 4 | AJ47: 45909 | AK47: 45905 | AL47: 45898 | AM47: 45906 | AN47: 45907 | AO47: 45908 | AP47: 45904 | AQ47: 0 | AR47: 0 | AS47: 0 | AT47: 0 | AU47: 0 | AV47: 0 | AW47: งานเคลือบ+พิมพ์ | AX47: / | AY47: 0 | AZ47: 0 | BA47: 0 | BB47: 0 | BC47: WRWT25850/WRWT25850 | BD47: 0
A48: 45902 | B48: MK68-001071 | C48: บจก.วีซีเอฟ | D48: VC100 | E48: 20 | F48: 37 | G48: ขาว | H48: ใส | I48: 100 | J48: ± | K48: 5 | L48: บิด | M48: ไม่สวมถุงใน | N48: 0 | O48: 0 | P48: 0 | Q48: 0 | R48: 0 | S48: 500กระสอบแบน | T48: 45906 | U48: 10000 | V48: 0 | W48: 10000 | X48: 0 | Y48: 10500 | Z48: WSWT2025800SM | AA48: 10756.9 | AB48: 10756.9 | AC48: 0 | AD48: 0 | AE48: 10756.9 | AF48: 0 | AG48: ยังไม่ได้พิมพ์ | AH48: P6 | AI48: 4 | AJ48: 45906 | AK48: 45902 | AL48: 45895 | AM48: 45903 | AN48: 45904 | AO48: 45905 | AP48: 45901 | AQ48: 0 | AR48: 0 | AS48: 0 | AT48: 0 | AU48: 0 | AV48: 0 | AW48: งานเคลือบ+พิมพ์ | AX48: / | AY48: 0 | AZ48: 0 | BA48: 0 | BB48: 0 | BC48: WRWT25850/WRWT25850 | BD48: 0
A49: 45902 | B49: MK68-001069 | C49: บจก.วีซีเอฟ | D49: VC120 | E49: 20 | F49: 37 | G49: ขาว | H49: ใส | I49: 100 | J49: ± | K49: 5 | L49: บิด | M49: ไม่สวมถุงใน | N49: 0 | O49: 0 | P49: 0 | Q49: 0 | R49: 0 | S49: 500กระสอบแบน | T49: 45906 | U49: 10000 | V49: 0 | W49: 10000 | X49: 0 | Y49: 10500 | Z49: WSWT2025800SM | AA49: 10756.9 | AB49: 10756.9 | AC49: 0 | AD49: 0 | AE49: 10756.9 | AF49: 0 | AG49: ยังไม่ได้พิมพ์ | AH49: P6 | AI49: 4 | AJ49: 45906 | AK49: 45902 | AL49: 45895 | AM49: 45903 | AN49: 45904 | AO49: 45905 | AP49: 45901 | AQ49: 0 | AR49: 0 | AS49: 0 | AT49: 0 | AU49: 0 | AV49: 0 | AW49: งานเคลือบ+พิมพ์ | AX49: / | AY49: 0 | AZ49: 0 | BA49: 0 | BB49: 0 | BC49: WRWT25850/WRWT25850 | BD49: 0
A50: 45902 | B50: MK68-001071 | C50: บจก.วีซีเอฟ | D50: VC100 | E50: 20 | F50: 37 | G50: ขาว | H50: ใส | I50: 100 | J50: ± | K50: 5 | L50: บิด | M50: ไม่สวมถุงใน | N50: 0 | O50: 0 | P50: 0 | Q50: 0 | R50: 0 | S50: 500กระสอบแบน | T50: 45930 | U50: 20000 | V50: 0 | W50: 20000 | X50: 0 | Y50: 21000 | Z50: WSWT2025800SM | AA50: 21513.8 | AB50: 21513.8 | AC50: 0 | AD50: 0 | AE50: 21513.8 | AF50: 0 | AG50: ยังไม่ได้พิมพ์ | AH50: P6 | AI50: 4 | AJ50: 45930 | AK50: 45926 | AL50: 45919 | AM50: 45927 | AN50: 45928 | AO50: 45929 | AP50: 45925 | AQ50: 0 | AR50: 0 | AS50: 0 | AT50: 0 | AU50: 0 | AV50: 0 | AW50: งานเคลือบ+พิมพ์ | AX50: / | AY50: 0 | AZ50: 0 | BA50: 0 | BB50: 0 | BC50: WRWT25850/WRWT25850 | BD50: 0
A51: 45902 | B51: MK68-001069 | C51: บจก.วีซีเอฟ | D51: VC120 | E51: 20 | F51: 37 | G51: ขาว | H51: ใส | I51: 100 | J51: ± | K51: 5 | L51: บิด | M51: ไม่สวมถุงใน | N51: 0 | O51: 0 | P51: 0 | Q51: 0 | R51: 0 | S51: 500กระสอบแบน | T51: 45930 | U51: 20000 | V51: 0 | W51: 20000 | X51: 0 | Y51: 21000 | Z51: WSWT2025800SM | AA51: 21513.8 | AB51: 21513.8 | AC51: 0 | AD51: 0 | AE51: 21513.8 | AF51: 0 | AG51: ยังไม่ได้พิมพ์ | AH51: P6 | AI51: 4 | AJ51: 45930 | AK51: 45926 | AL51: 45919 | AM51: 45927 | AN51: 45928 | AO51: 45929 | AP51: 45925 | AQ51: 0 | AR51: 0 | AS51: 0 | AT51: 0 | AU51: 0 | AV51: 0 | AW51: งานเคลือบ+พิมพ์ | AX51: / | AY51: 0 | AZ51: 0 | BA51: 0 | BB51: 0 | BC51: WRWT25850/WRWT25850 | BD51: 0
A52: 45902 | B52: MK68-001071 | C52: บจก.วีซีเอฟ | D52: VC181 | E52: 20 | F52: 37 | G52: ขาว | H52: ใส | I52: 100 | J52: ± | K52: 5 | L52: บิด | M52: ไม่สวมถุงใน | N52: 0 | O52: 0 | P52: 0 | Q52: 0 | R52: 0 | S52: 500กระสอบแบน | T52: 45930 | U52: 20000 | V52: 0 | W52: 20000 | X52: 0 | Y52: 21000 | Z52: WSWT2025800SM | AA52: 21513.8 | AB52: 14096 | AC52: 7417.8 | AD52: 0 | AE52: 21513.8 | AF52: 0 | AG52: ยังไม่ได้พิมพ์ | AH52: P6 | AI52: 4 | AJ52: 45930 | AK52: 45926 | AL52: 45919 | AM52: 45927 | AN52: 45928 | AO52: 45929 | AP52: 45925 | AQ52: 0 | AR52: 0 | AS52: 0 | AT52: 0 | AU52: 0 | AV52: 0 | AW52: งานเคลือบ+พิมพ์ | AX52: / | AY52: 0 | AZ52: 0 | BA52: 0 | BB52: 0 | BC52: WRWT25850/WRWT25850 | BD52: 560.456
A53: 45902 | B53: MK68-001071 | C53: บจก.วีซีเอฟ | D53: VC108 | E53: 20 | F53: 37 | G53: ขาว | H53: ใส | I53: 100 | J53: ± | K53: 5 | L53: บิด | M53: ไม่สวมถุงใน | N53: 0 | O53: 0 | P53: 0 | Q53: 0 | R53: 0 | S53: 500กระสอบแบน | T53: 45930 | U53: 10000 | V53: 0 | W53: 10000 | X53: 0 | Y53: 10500 | Z53: WSWT2025800SM | AA53: 10756.9 | AB53: 0 | AC53: 10756.9 | AD53: 0 | AE53: 10756.9 | AF53: 0 | AG53: ยังไม่ได้พิมพ์ | AH53: P6 | AI53: 4 | AJ53: 45930 | AK53: 45926 | AL53: 45919 | AM53: 45927 | AN53: 45928 | AO53: 45929 | AP53: 45925 | AQ53: 0 | AR53: 0 | AS53: 0 | AT53: 0 | AU53: 0 | AV53: 0 | AW53: งานเคลือบ+พิมพ์ | AX53: / | AY53: 0 | AZ53: 0 | BA53: 0 | BB53: 0 | BC53: WRWT25850/WRWT25850 | BD53: 812.74356
A54: 45902 | B54: MK68-001069 | C54: บจก.วีซีเอฟ | D54: VC193 | E54: 20 | F54: 37 | G54: ขาว | H54: ใส | I54: 100 | J54: ± | K54: 5 | L54: บิด | M54: ไม่สวมถุงใน | N54: 0 | O54: 0 | P54: 0 | Q54: 0 | R54: 0 | S54: 500กระสอบแบน | T54: 45930 | U54: 10000 | V54: 0 | W54: 10000 | X54: 0 | Y54: 10500 | Z54: WSWT2025800SM | AA54: 10756.9 | AB54: 0 | AC54: 10756.9 | AD54: 0 | AE54: 10756.9 | AF54: 0 | AG54: ยังไม่ได้พิมพ์ | AH54: P6 | AI54: 4 | AJ54: 45930 | AK54: 45926 | AL54: 45919 | AM54: 45927 | AN54: 45928 | AO54: 45929 | AP54: 45925 | AQ54: 0 | AR54: 0 | AS54: 0 | AT54: 0 | AU54: 0 | AV54: 0 | AW54: งานเคลือบ+พิมพ์ | AX54: / | AY54: 0 | AZ54: 0 | BA54: 0 | BB54: 0 | BC54: WRWT25850/WRWT25850 | BD54: 812.74356
A55: 45902 | B55: MK68-001070 | C55: บจก.วีซีเอฟ | D55: JET555 | E55: 20 | F55: 37 | G55: ขาว | H55: ใส | I55: 100 | J55: ± | K55: 5 | L55: บิด | M55: ไม่สวมถุงใน | N55: 0 | O55: 0 | P55: 0 | Q55: 0 | R55: 0 | S55: 500กระสอบแบน | T55: 45930 | U55: 10000 | V55: 0 | W55: 10000 | X55: 0 | Y55: 10500 | Z55: WSWT2025800SM | AA55: 10756.9 | AB55: 0 | AC55: 10756.9 | AD55: 0 | AE55: 10756.9 | AF55: 0 | AG55: ยังไม่ได้พิมพ์ | AH55: P6 | AI55: 4 | AJ55: 45930 | AK55: 45926 | AL55: 45919 | AM55: 45927 | AN55: 45928 | AO55: 45929 | AP55: 45925 | AQ55: 0 | AR55: 0 | AS55: 0 | AT55: 0 | AU55: 0 | AV55: 0 | AW55: งานเคลือบ+พิมพ์ | AX55: / | AY55: 0 | AZ55: 0 | BA55: 0 | BB55: 0 | BC55: WRWT25850/WRWT25850 | BD55: 812.74356
A56: 45902 | B56: MK68-001070 | C56: บจก.วีซีเอฟ | D56: ไลด์ฟีด 405 | E56: 20 | F56: 37 | G56: ขาว | H56: ใส | I56: 100 | J56: ± | K56: 5 | L56: บิด | M56: ไม่สวมถุงใน | N56: 0 | O56: 0 | P56: 0 | Q56: 0 | R56: 0 | S56: 500กระสอบแบน | T56: 45930 | U56: 5000 | V56: 0 | W56: 5000 | X56: 0 | Y56: 5250 | Z56: WSWT2025800SM | AA56: 5378.45 | AB56: 0 | AC56: 5378.45 | AD56: 0 | AE56: 5378.45 | AF56: 0 | AG56: ยังไม่ได้พิมพ์ | AH56: P6 | AI56: 4 | AJ56: 45930 | AK56: 45926 | AL56: 45919 | AM56: 45927 | AN56: 45928 | AO56: 45929 | AP56: 45925 | AQ56: 0 | AR56: 0 | AS56: 0 | AT56: 0 | AU56: 0 | AV56: 0 | AW56: งานเคลือบ+พิมพ์ | AX56: / | AY56: 0 | AZ56: 0 | BA56: 0 | BB56: 0 | BC56: WRWT25850/WRWT25850 | BD56: 406.37178
A57: 45902 | B57: MK68-001070 | C57: บจก.วีซีเอฟ | D57: SPEED PLUS 405ENG | E57: 20 | F57: 37 | G57: ขาว | H57: ใส | I57: 100 | J57: ± | K57: 5 | L57: ไม่ | M57: ไม่สวมถุงใน | N57: 0 | O57: 0 | P57: 0 | Q57: 0 | R57: 0 | S57: 500กระสอบแบน | T57: 45930 | U57: 5000 | V57: 0 | W57: 5000 | X57: 0 | Y57: 5250 | Z57: WSWT2025800SM | AA57: 5378.45 | AB57: 0 | AC57: 5378.45 | AD57: 0 | AE57: 5378.45 | AF57: 0 | AG57: ยังไม่ได้พิมพ์ | AH57: P6 | AI57: 4 | AJ57: 45930 | AK57: 45926 | AL57: 45919 | AM57: 45927 | AN57: 45928 | AO57: 45929 | AP57: 45925 | AQ57: 0 | AR57: 0 | AS57: 0 | AT57: 0 | AU57: 0 | AV57: 0 | AW57: งานเคลือบ+พิมพ์ | AX57: / | AY57: 0 | AZ57: 0 | BA57: 0 | BB57: 0 | BC57: WRWT25850/WRWT25850 | BD57: 406.37178
A58: 45873 | B58: MK68-000961 | C58: บจก.เอพีเอ็ม อะโกร | D58: U-FEED U2(เอส) | E58: 20 | F58: 38 | G58: ขาว | H58: ใส | I58: 100 | J58: ± | K58: 5 | L58: บิด | M58: ไม่สวมถุงใน | N58: 0 | O58: 0 | P58: 0 | Q58: 0 | R58: 0 | S58: 500กระสอบแบน | T58: 45922 | U58: 4000 | V58: 0 | W58: 4000 | X58: 0 | Y58: 4200 | Z58: WSWT2025800SM | AA58: 4414.52 | AB58: 4414.52 | AC58: 0 | AD58: 4414.52 | AE58: 0 | AF58: ห้ามเกิน-ขาดได้5% | AG58: ยังไม่ได้พิมพ์ | AH58: P6 | AI58: 4 | AJ58: 45922 | AK58: 45918 | AL58: 45911 | AM58: 45919 | AN58: 45920 | AO58: 45921 | AP58: 45917 | AQ58: 0 | AR58: 0 | AS58: 0 | AT58: 0 | AU58: 0 | AV58: 0 | AW58: งานเคลือบ+พิมพ์ | AX58: / | AY58: 0 | AZ58: 0 | BA58: 0 | BB58: 0 | BC58: WRWT25850/WRWT25850 | BD58: 0
A59: 45892 | B59: MK68-001029 | C59: บจก.เอสพีเอ็ม อาหารสัตว์ | D59: SPM 312 | E59: 20 | F59: 37 | G59: ขาว | H59: ด้าน | I59: 97 | J59: ± | K59: 5 | L59: บิด | M59: ไม่สวมถุงใน | N59: 0 | O59: 0 | P59: 0 | Q59: 0 | R59: 0 | S59: 500กระสอบแบน | T59: 45930 | U59: 3000 | V59: 0 | W59: 3000 | X59: 0 | Y59: 3150 | Z59: WSWT2025800SM | AA59: 3227.07 | AB59: 3227.07 | AC59: 0 | AD59: 3227.07 | AE59: 0 | AF59: 0 | AG59: ยังไม่ได้พิมพ์ | AH59: P6 | AI59: 4 | AJ59: 45930 | AK59: 45926 | AL59: 45919 | AM59: 45927 | AN59: 45928 | AO59: 45929 | AP59: 45925 | AQ59: 0 | AR59: 0 | AS59: 0 | AT59: 0 | AU59: 0 | AV59: 0 | AW59: งานเคลือบ+พิมพ์ | AX59: รอART | AY59: 0 | AZ59: 0 | BA59: 0 | BB59: 0 | BC59: WRWT25850/WRWT25850 | BD59: 0
A60: 45891 | B60: MK68-001033 | C60: บจก.เอสพีเอ็ม อาหารสัตว์ | D60: นาโน 03 | E60: 20 | F60: 38 | G60: ขาว | H60: ด้าน | I60: 100 | J60: ± | K60: 5 | L60: บิด | M60: ไม่สวมถุงใน | N60: 0 | O60: 0 | P60: 0 | Q60: 0 | R60: 0 | S60: 500กระสอบแบน | T60: 45930 | U60: 9000 | V60: 0 | W60: 9000 | X60: 0 | Y60: 9450 | Z60: WSWT2025800SM | AA60: 9932.67 | AB60: 0 | AC60: 9932.67 | AD60: 0 | AE60: 9932.67 | AF60: 0 | AG60: รอแบบ | AH60: P6 | AI60: 5 | AJ60: 45930 | AK60: 45925 | AL60: 45918 | AM60: 45926 | AN60: 45927 | AO60: 45928 | AP60: 45925 | AQ60: 0 | AR60: 0 | AS60: 0 | AT60: 0 | AU60: 0 | AV60: 0 | AW60: งานเคลือบ+พิมพ์ | AX60: / | AY60: 0 | AZ60: 0 | BA60: 0 | BB60: 0 | BC60: WRWT25850/WRWT25850 | BD60: 750.4684
A61: 45891 | B61: MK68-001034 | C61: บจก.เอสพีเอ็ม อาหารสัตว์ | D61: นาโน 01 | E61: 20 | F61: 38 | G61: ขาว | H61: ด้าน | I61: 100 | J61: ± | K61: 5 | L61: บิด | M61: ไม่สวมถุงใน | N61: 0 | O61: 0 | P61: 0 | Q61: 0 | R61: 0 | S61: 500กระสอบแบน | T61: 45930 | U61: 4000 | V61: 0 | W61: 4000 | X61: 0 | Y61: 4200 | Z61: WSWT2025800SM | AA61: 4414.52 | AB61: 0 | AC61: 4414.52 | AD61: 0 | AE61: 4414.52 | AF61: 0 | AG61: รอแบบ | AH61: P6 | AI61: 5 | AJ61: 45930 | AK61: 45925 | AL61: 45918 | AM61: 45926 | AN61: 45927 | AO61: 45928 | AP61: 45925 | AQ61: 0 | AR61: 0 | AS61: 0 | AT61: 0 | AU61: 0 | AV61: 0 | AW61: งานเคลือบ+พิมพ์ | AX61: / | AY61: 0 | AZ61: 0 | BA61: 0 | BB61: 0 | BC61: WRWT25850/WRWT25850 | BD61: 333.54151
A62: 45891 | B62: MK68-001035 | C62: บจก.เอสพีเอ็ม อาหารสัตว์ | D62: นาโน 02 | E62: 20 | F62: 38 | G62: ขาว | H62: ด้าน | I62: 100 | J62: ± | K62: 5 | L62: บิด | M62: ไม่สวมถุงใน | N62: 0 | O62: 0 | P62: 0 | Q62: 0 | R62: 0 | S62: 500กระสอบแบน | T62: 45930 | U62: 9000 | V62: 0 | W62: 9000 | X62: 0 | Y62: 9450 | Z62: WSWT2025800SM | AA62: 9932.67 | AB62: 0 | AC62: 9932.67 | AD62: 0 | AE62: 9932.67 | AF62: 0 | AG62: รอแบบ | AH62: P6 | AI62: 5 | AJ62: 45930 | AK62: 45925 | AL62: 45918 | AM62: 45926 | AN62: 45927 | AO62: 45928 | AP62: 45925 | AQ62: 0 | AR62: 0 | AS62: 0 | AT62: 0 | AU62: 0 | AV62: 0 | AW62: งานเคลือบ+พิมพ์ | AX62: / | AY62: 0 | AZ62: 0 | BA62: 0 | BB62: 0 | BC62: WRWT25850/WRWT25850 | BD62: 750.4684
A63: ประมาณการ | B63: ประมาณการ | C63: บจก.อินเทคค์ โกลบอล | D63: รอแบบ | E63: 20 | F63: 36 | G63: ขาว | H63: ด้าน | I63: 100 | J63: ± | K63: 5 | L63: จับจีบ | M63: ไม่สวมถุงใน | N63: 0 | O63: 0 | P63: 0 | Q63: 0 | R63: 0 | S63: มัด80 ใช้สายรัด | T63: 45930 | U63: 100000 | V63: 0 | W63: 100000 | X63: 0 | Y63: 105000 | Z63: WSWT2025800SM | AA63: 104775 | AB63: 0 | AC63: 104775 | AD63: 0 | AE63: 104775 | AF63: 0 | AG63: พร้อมส่ง | AH63: P6 | AI63: 4 | AJ63: 45930 | AK63: 45926 | AL63: 45919 | AM63: 45927 | AN63: 45928 | AO63: 45929 | AP63: 45925 | AQ63: 0 | AR63: 0 | AS63: 0 | AT63: 0 | AU63: 0 | AV63: 0 | AW63: งานเคลือบ+พิมพ์ | AX63: รอART | AY63: 0 | AZ63: 0 | BA63: 0 | BB63: 0 | BC63: WRWT25850/WRWT25850 | BD63: 7916.3333
A64: ประมาณการ | B64: ประมาณการ | C64: บจก.เอสพีเอ็ม อาหารสัตว์ | D64: รอแบบ | E64: 20 | F64: 38 | G64: ขาว | H64: ใส | I64: 100 | J64: ± | K64: 5 | L64: บิด | M64: ไม่สวมถุงใน | N64: 0 | O64: 0 | P64: 0 | Q64: 0 | R64: 0 | S64: 500กระสอบแบน | T64: 45930 | U64: 20000 | V64: 0 | W64: 20000 | X64: 0 | Y64: 21000 | Z64: WSWT2025800SM | AA64: 22072.6 | AB64: 0 | AC64: 22072.6 | AD64: 0 | AE64: 22072.6 | AF64: 0 | AG64: ยังไม่ได้พิมพ์ | AH64: P6 | AI64: 4 | AJ64: 45930 | AK64: 45926 | AL64: 45919 | AM64: 45927 | AN64: 45928 | AO64: 45929 | AP64: 45925 | AQ64: 0 | AR64: 0 | AS64: 0 | AT64: 0 | AU64: 0 | AV64: 0 | AW64: งานเคลือบ+พิมพ์ | AX64: รอART | AY64: 0 | AZ64: 0 | BA64: 0 | BB64: 0 | BC64: WRWT25850/WRWT25850 | BD64: 1667.7076
A65: ประมาณการ | B65: ประมาณการ | C65: บจก.ไทยธรรมดี | D65: รอแบบ | E65: 20 | F65: 37 | G65: ขาว | H65: ด้าน | I65: 97 | J65: ± | K65: 5 | L65: บิด | M65: ไม่สวมถุงใน | N65: 0 | O65: 0 | P65: 0 | Q65: 0 | R65: 0 | S65: 500กระสอบ | T65: 45930 | U65: 20000 | V65: 0 | W65: 20000 | X65: 0 | Y65: 21000 | Z65: WSWT2025800SM | AA65: 21513.8 | AB65: 0 | AC65: 21513.8 | AD65: 0 | AE65: 21513.8 | AF65: 0 | AG65: ยังไม่ได้พิมพ์ | AH65: P6 | AI65: 4 | AJ65: 45930 | AK65: 45926 | AL65: 45919 | AM65: 45927 | AN65: 45928 | AO65: 45929 | AP65: 45925 | AQ65: 0 | AR65: 0 | AS65: 0 | AT65: 0 | AU65: 0 | AV65: 0 | AW65: งานเคลือบ+พิมพ์ | AX65: รอART | AY65: 0 | AZ65: 0 | BA65: 0 | BB65: 0 | BC65: WRWT25850/WRWT25850 | BD65: 1625.4871
A66: 45887 | B66: MK68-001007 | C66: บจก.อินเทคค์ โกลบอล | D66: เพอเฟคค์ 916 | E66: 20 | F66: 36 | G66: ขาว | H66: ด้าน | I66: 100 | J66: ± | K66: 5 | L66: จับจีบ | M66: ไม่สวมถุงใน | N66: 0 | O66: 0 | P66: 0 | Q66: 0 | R66: 0 | S66: มัด80 ใช้สายรัด | T66: รอแจ้ง | U66: 104 | V66: 0 | W66: 104 | X66: 11230 | Y66: 0 | Z66: WSWT2025800SM | AA66: 0 | AB66: 0 | AC66: 0 | AD66: 0 | AE66: 0 | AF66: 0 | AG66: ยังไม่ได้พิมพ์ | AH66: P6 | AI66: 4 | AJ66: รอแจ้ง | AK66: #VALUE! | AL66: #VALUE! | AM66: #VALUE! | AN66: #VALUE! | AO66: #VALUE! | AP66: #VALUE! | AQ66: 0 | AR66: 0 | AS66: 0 | AT66: 0 | AU66: 0 | AV66: 0 | AW66: งานเคลือบ+พิมพ์ | AX66: / | AY66: 0 | AZ66: 0 | BA66: 0 | BB66: 0 | BC66: WRWT25850/WRWT25850 | BD66: 0
A67: 45896 | B67: MK68-001039 | C67: บจก.เอสพีเอ็ม อาหารสัตว์ | D67: U-GOAT14 | E67: 20 | F67: 38 | G67: ขาว | H67: ใส | I67: 100 | J67: ± | K67: 5 | L67: บิด | M67: ไม่สวมถุงใน | N67: 0 | O67: 0 | P67: 0 | Q67: 0 | R67: 0 | S67: 500กระสอบแบน | T67: รอแจ้ง | U67: 3000 | V67: 0 | W67: 3000 | X67: 0 | Y67: 3150 | Z67: WSWT2025800SM | AA67: 3310.89 | AB67: 0 | AC67: 3310.89 | AD67: 0 | AE67: 3310.89 | AF67: 0 | AG67: พร้อมส่ง | AH67: P6 | AI67: 5 | AJ67: รอแจ้ง | AK67: #VALUE! | AL67: #VALUE! | AM67: #VALUE! | AN67: #VALUE! | AO67: #VALUE! | AP67: #VALUE! | AQ67: 0 | AR67: 0 | AS67: 0 | AT67: 0 | AU67: 0 | AV67: 0 | AW67: งานเคลือบ+พิมพ์ | AX67: / | AY67: 0 | AZ67: 0 | BA67: 0 | BB67: 0 | BC67: WRWT25850/WRWT25850 | BD67: 250.15613
A68: 45896 | B68: MK68-001040 | C68: บจก.เอสพีเอ็ม อาหารสัตว์ | D68: ฟิล กู๊ด พี4 | E68: 20 | F68: 38 | G68: ขาว | H68: ใส | I68: 100 | J68: ± | K68: 5 | L68: บิด | M68: ไม่สวมถุงใน | N68: 0 | O68: 0 | P68: 0 | Q68: 0 | R68: 0 | S68: 500กระสอบแบน | T68: รอแจ้ง | U68: 8000 | V68: 0 | W68: 8000 | X68: 0 | Y68: 8400 | Z68: WSWT2025800SM | AA68: 8829.04 | AB68: 0 | AC68: 8829.04 | AD68: 0 | AE68: 8829.04 | AF68: 0 | AG68: พร้อมส่ง | AH68: P6 | AI68: 5 | AJ68: รอแจ้ง | AK68: #VALUE! | AL68: #VALUE! | AM68: #VALUE! | AN68: #VALUE! | AO68: #VALUE! | AP68: #VALUE! | AQ68: 0 | AR68: 0 | AS68: 0 | AT68: 0 | AU68: 0 | AV68: 0 | AW68: งานเคลือบ+พิมพ์ | AX68: / | AY68: 0 | AZ68: 0 | BA68: 0 | BB68: 0 | BC68: WRWT25850/WRWT25850 | BD68: 667.08302
A69: 45892 | B69: MK68-001027 | C69: บจก.เอสพีเอ็ม อาหารสัตว์ | D69: นีโอ 05 | E69: 20 | F69: 38 | G69: ขาว | H69: ด้าน | I69: 100 | J69: ± | K69: 5 | L69: ไม่ | M69: ไม่สวมถุงใน | N69: 0 | O69: 0 | P69: 0 | Q69: 0 | R69: 0 | S69: 500กระสอบแบน | T69: รอแจ้ง | U69: 6000 | V69: 0 | W69: 6000 | X69: 0 | Y69: 6300 | Z69: WSWT2025800SM | AA69: 6621.78 | AB69: 0 | AC69: 6621.78 | AD69: 0 | AE69: 6621.78 | AF69: 0 | AG69: ยังไม่ได้พิมพ์ | AH69: P6 | AI69: 4 | AJ69: รอแจ้ง | AK69: #VALUE! | AL69: #VALUE! | AM69: #VALUE! | AN69: #VALUE! | AO69: #VALUE! | AP69: #VALUE! | AQ69: 0 | AR69: 0 | AS69: 0 | AT69: 0 | AU69: 0 | AV69: 0 | AW69: งานเคลือบ+พิมพ์ | AX69: / | AY69: 0 | AZ69: 0 | BA69: 0 | BB69: 0 | BC69: WRWT25850/WRWT25850 | BD69: 500.31227
A70: 45796 | B70: MK68-000675 | C70: บจก.อินเทคค์ โกลบอล | D70: เพอเฟคค์ 914 | E70: 20 | F70: 36 | G70: ขาว | H70: ด้าน | I70: 100 | J70: ± | K70: 5 | L70: จับจีบ | M70: ไม่สวมถุงใน | N70: 0 | O70: 0 | P70: 0 | Q70: 0 | R70: 0 | S70: มัด80 ใช้สายรัด | T70: รอแจ้ง | U70: 240 | V70: 0 | W70: 240 | X70: 0 | Y70: 252 | Z70: WSWT2025800SM | AA70: 251.46 | AB70: 0 | AC70: 251.46 | AD70: 0 | AE70: 251.46 | AF70: 0 | AG70: รอแบบ | AH70: P6 | AI70: 4 | AJ70: รอแจ้ง | AK70: #VALUE! | AL70: #VALUE! | AM70: #VALUE! | AN70: #VALUE! | AO70: #VALUE! | AP70: #VALUE! | AQ70: 0 | AR70: 0 | AS70: 0 | AT70: 0 | AU70: 0 | AV70: 0 | AW70: งานเคลือบ+พิมพ์ | AX70: / | AY70: 2/6---6/6 | AZ70: 0 | BA70: 0 | BB70: 0 | BC70: WRWT25850/WRWT25850 | BD70: 18.9992
A71: 45876 | B71: MK68-000983 | C71: บจก.เอพีเอ็ม อะโกร | D71: ยูฟีด บี2 | E71: 20 | F71: 40 | G71: ขาว | H71: ใส | I71: 108 | J71: ± | K71: 5 | L71: บิด | M71: ไม่สวมถุงใน | N71: 0 | O71: 0 | P71: 0 | Q71: 0 | R71: 0 | S71: 500กระสอบแบน | T71: รอแจ้ง | U71: 3000 | V71: 3075 | W71: 0 | X71: 0 | Y71: 0 | Z71: WSWT2025800SM | AA71: 0 | AB71: 0 | AC71: 0 | AD71: 0 | AE71: 0 | AF71: 0 | AG71: พร้อมส่ง | AH71: P6 | AI71: 4 | AJ71: รอแจ้ง | AK71: #VALUE! | AL71: #VALUE! | AM71: #VALUE! | AN71: #VALUE! | AO71: #VALUE! | AP71: #VALUE! | AQ71: 0 | AR71: 0 | AS71: 0 | AT71: 0 | AU71: 0 | AV71: 0 | AW71: งานเคลือบ+พิมพ์ | AX71: / | AY71: 0 | AZ71: 0 | BA71: 0 | BB71: 0 | BC71: WRWT25850/WRWT25850 | BD71: 0
A72: 45877 | B72: MK68-000990 | C72: บจก.เอสพีเอ็ม อาหารสัตว์ | D72: SW 441 PLUS | E72: 20 | F72: 38 | G72: ขาว | H72: ใส | I72: 100 | J72: ± | K72: 5 | L72: บิด | M72: ไม่สวมถุงใน | N72: 0 | O72: 0 | P72: 0 | Q72: 0 | R72: 0 | S72: 500กระสอบแบน | T72: รอแจ้ง | U72: 7000 | V72: 0 | W72: 7000 | X72: 0 | Y72: 7350 | Z72: WSWT2025800SM | AA72: 7725.41 | AB72: 0 | AC72: 7725.41 | AD72: 0 | AE72: 7725.41 | AF72: 0 | AG72: พร้อมส่ง | AH72: P6 | AI72: 4 | AJ72: รอแจ้ง | AK72: #VALUE! | AL72: #VALUE! | AM72: #VALUE! | AN72: #VALUE! | AO72: #VALUE! | AP72: #VALUE! | AQ72: 0 | AR72: 0 | AS72: 0 | AT72: 0 | AU72: 0 | AV72: 0 | AW72: งานเคลือบ+พิมพ์ | AX72: / | AY72: 0 | AZ72: 0 | BA72: 0 | BB72: 0 | BC72: WRWT25850/WRWT25850 | BD72: 583.69764
A73: ประมาณการ | B73: ประมาณการ | C73: บจก.ซันฟีด | D73: รอแบบ | E73: 20 | F73: 38 | G73: ขาว | H73: ด้าน | I73: 100 | J73: + | K73: 0 | L73: บิด | M73: ไม่สวมถุงใน | N73: 0 | O73: 0 | P73: 0 | Q73: 0 | R73: 0 | S73: 300กระสอบแบนเต็มใบ | T73: รอแจ้ง | U73: 100000 | V73: 0 | W73: 100000 | X73: 0 | Y73: 105000 | Z73: WSWT2025800SM | AA73: 110363 | AB73: 0 | AC73: 110363 | AD73: 0 | AE73: 110363 | AF73: 0 | AG73: พร้อมส่ง | AH73: P6 | AI73: 4 | AJ73: รอแจ้ง | AK73: #VALUE! | AL73: #VALUE! | AM73: #VALUE! | AN73: #VALUE! | AO73: #VALUE! | AP73: #VALUE! | AQ73: 0 | AR73: 0 | AS73: 0 | AT73: 0 | AU73: 0 | AV73: 0 | AW73: งานเคลือบ+พิมพ์ | AX73: รอART | AY73: 0 | AZ73: 0 | BA73: 0 | BB73: 0 | BC73: WRWT25850/WRWT25850 | BD73: 8338.5378
A74: 45825 | B74: MK68-000801 | C74: บจก.อินเทคค์ โกลบอล | D74: สุบรรณ 111 | E74: 20 | F74: 36 | G74: ขาว | H74: ด้าน | I74: 100 | J74: ± | K74: 5 | L74: จับจีบ3.5" | M74: ไม่สวมถุงใน | N74: 0 | O74: 0 | P74: 0 | Q74: 0 | R74: 0 | S74: มัด80 ใช้สายรัด | T74: รอแจ้ง | U74: 894 | V74: 525 | W74: 369 | X74: 6000 | Y74: 0 | Z74: WSWT2025800SM | AA74: 0 | AB74: 0 | AC74: 0 | AD74: 0 | AE74: 0 | AF74: 0 | AG74: ยังไม่ได้พิมพ์ | AH74: P6 | AI74: 4 | AJ74: รอแจ้ง | AK74: #VALUE! | AL74: #VALUE! | AM74: #VALUE! | AN74: #VALUE! | AO74: #VALUE! | AP74: #VALUE! | AQ74: 0 | AR74: 0 | AS74: 0 | AT74: 0 | AU74: 0 | AV74: 0 | AW74: งานเคลือบ+พิมพ์ | AX74: / | AY74: 0 | AZ74: 0 | BA74: 0 | BB74: 0 | BC74: WRWT25850/WRWT25850 | BD74: 0
A75: 45796 | B75: MK68-000671 | C75: บจก.อินเทคค์ โกลบอล | D75: เฟิร์สช้อย 902 | E75: 20 | F75: 36 | G75: ขาว | H75: ด้าน | I75: 100 | J75: ± | K75: 5 | L75: จับจีบ | M75: ไม่สวมถุงใน | N75: 0 | O75: 0 | P75: 0 | Q75: 0 | R75: 0 | S75: มัด80 ใช้สายรัด | T75: รอแจ้ง | U75: 366 | V75: 0 | W75: 366 | X75: 5113 | Y75: 0 | Z75: WSWT2025800SM | AA75: 0 | AB75: 0 | AC75: 0 | AD75: 0 | AE75: 0 | AF75: 0 | AG75: ยังไม่ได้พิมพ์ | AH75: P6 | AI75: 4 | AJ75: รอแจ้ง | AK75: #VALUE! | AL75: #VALUE! | AM75: #VALUE! | AN75: #VALUE! | AO75: #VALUE! | AP75: #VALUE! | AQ75: 0 | AR75: 0 | AS75: 0 | AT75: 0 | AU75: 0 | AV75: 0 | AW75: งานเคลือบ+พิมพ์ | AX75: / | AY75: 0 | AZ75: 0 | BA75: 0 | BB75: 0 | BC75: WRWT25850/WRWT25850 | BD75: 0
A76: 45796 | B76: MK68-000673 | C76: บจก.อินเทคค์ โกลบอล | D76: เพอเฟคค์ 902 | E76: 20 | F76: 36 | G76: ขาว | H76: ด้าน | I76: 100 | J76: ± | K76: 5 | L76: จับจีบ | M76: ไม่สวมถุงใน | N76: 0 | O76: 0 | P76: 0 | Q76: 0 | R76: 0 | S76: มัด80 ใช้สายรัด | T76: รอแจ้ง | U76: 302 | V76: 0 | W76: 302 | X76: 5300 | Y76: 0 | Z76: WSWT2025800SM | AA76: 0 | AB76: 0 | AC76: 0 | AD76: 0 | AE76: 0 | AF76: 0 | AG76: พร้อมส่ง | AH76: P6 | AI76: 4 | AJ76: รอแจ้ง | AK76: #VALUE! | AL76: #VALUE! | AM76: #VALUE! | AN76: #VALUE! | AO76: #VALUE! | AP76: #VALUE! | AQ76: 0 | AR76: 0 | AS76: 0 | AT76: 0 | AU76: 0 | AV76: 0 | AW76: งานเคลือบ+พิมพ์ | AX76: / | AY76: 0 | AZ76: 0 | BA76: 0 | BB76: 0 | BC76: WRWT25850/WRWT25850 | BD76: 0
A77: 45782 | B77: MK68-000609 | C77: บจก.เอสพีเอ็ม อาหารสัตว์ | D77: SW 441 | E77: 20 | F77: 38 | G77: ขาว | H77: ใส | I77: 100 | J77: ± | K77: 5 | L77: บิด | M77: ไม่สวมถุงใน | N77: 0 | O77: 0 | P77: 0 | Q77: 0 | R77: 0 | S77: 500กระสอบแบน | T77: รอแจ้ง | U77: 5000 | V77: 0 | W77: 5000 | X77: 0 | Y77: 5250 | Z77: WSWT2025800SM | AA77: 5518.15 | AB77: 0 | AC77: 5518.15 | AD77: 0 | AE77: 5518.15 | AF77: 0 | AG77: พร้อมส่ง | AH77: P6 | AI77: 4 | AJ77: รอแจ้ง | AK77: #VALUE! | AL77: #VALUE! | AM77: #VALUE! | AN77: #VALUE! | AO77: #VALUE! | AP77: #VALUE! | AQ77: 0 | AR77: 0 | AS77: 0 | AT77: 0 | AU77: 0 | AV77: 0 | AW77: งานเคลือบ+พิมพ์ | AX77: / | AY77: 0 | AZ77: 0 | BA77: 0 | BB77: 0 | BC77: WRWT25850/WRWT25850 | BD77: 416.92689
A78: 45798 | B78: MK68-000693 | C78: บจก.เอพีเอ็ม อะโกร | D78: ฟีล กู๊ด พี07 | E78: 20 | F78: 38 | G78: ขาว | H78: ใส | I78: 100 | J78: ± | K78: 5 | L78: บิด | M78: ไม่สวมถุงใน | N78: 0 | O78: 0 | P78: 0 | Q78: 0 | R78: 0 | S78: 500กระสอบแบน | T78: รอแจ้ง | U78: 5000 | V78: 0 | W78: 5000 | X78: 0 | Y78: 5250 | Z78: WSWT2025800SM | AA78: 5518.15 | AB78: 0 | AC78: 5518.15 | AD78: 0 | AE78: 5518.15 | AF78: 0 | AG78: รอตัด | AH78: P6 | AI78: 4 | AJ78: รอแจ้ง | AK78: #VALUE! | AL78: #VALUE! | AM78: #VALUE! | AN78: #VALUE! | AO78: #VALUE! | AP78: #VALUE! | AQ78: 0 | AR78: 0 | AS78: 0 | AT78: 0 | AU78: 0 | AV78: 0 | AW78: งานเคลือบ+พิมพ์ | AX78: / | AY78: 0 | AZ78: 0 | BA78: 0 | BB78: 0 | BC78: WRWT25850/WRWT25850 | BD78: 416.92689
A79: 45674 | B79: MK68-000093 | C79: บจก.อินเทคค์ โกลบอล | D79: เฟิร์สคลาส 902 | E79: 20 | F79: 35 | G79: ขาว | H79: ด้าน | I79: 97 | J79: ± | K79: 5 | L79: จับจีบ4" | M79: ไม่สวมถุงใน | N79: 0 | O79: 0 | P79: 0 | Q79: 0 | R79: 0 | S79: มัด80 ใช้สายรัด | T79: รอแจ้ง | U79: 152 | V79: 0 | W79: 152 | X79: 6000 | Y79: 0 | Z79: WSWT2025800SM | AA79: 0 | AB79: 0 | AC79: 0 | AD79: 0 | AE79: 0 | AF79: 5987 | AG79: พร้อมส่ง | AH79: P6 | AI79: 4 | AJ79: รอแจ้ง | AK79: #VALUE! | AL79: #VALUE! | AM79: #VALUE! | AN79: #VALUE! | AO79: #VALUE! | AP79: #VALUE! | AQ79: 0 | AR79: 0 | AS79: 0 | AT79: 0 | AU79: 0 | AV79: 0 | AW79: งานเคลือบ+พิมพ์ | AX79: / | AY79: ลบสี 5040 | AZ79: 0 | BA79: 0 | BB79: 0 | BC79: WRWT25850/WRWT25850 | BD79: 0
A80: 45611 | B80: MK67-001532 | C80: บจก.อินเทคค์ โกลบอล | D80: เฟิร์สช้อย 903 | E80: 20 | F80: 36 | G80: ขาว | H80: ด้าน | I80: 100 | J80: ± | K80: 5 | L80: จับจีบ | M80: ไม่สวมถุงใน | N80: 0 | O80: 0 | P80: 0 | Q80: 0 | R80: 0 | S80: มัด80 ใช้สายรัด | T80: รอแจ้ง | U80: 117 | V80: 0 | W80: 117 | X80: 10065 | Y80: 0 | Z80: WSWT2025800SM | AA80: 0 | AB80: 0 | AC80: 0 | AD80: 0 | AE80: 0 | AF80: 0 | AG80: รอตัด | AH80: P6 | AI80: 4 | AJ80: รอแจ้ง | AK80: #VALUE! | AL80: #VALUE! | AM80: #VALUE! | AN80: #VALUE! | AO80: #VALUE! | AP80: #VALUE! | AQ80: 0 | AR80: 0 | AS80: 0 | AT80: 0 | AU80: 0 | AV80: 0 | AW80: งานเคลือบ+พิมพ์ | AX80: / | AY80: 0 | AZ80: 0 | BA80: 0 | BB80: 0 | BC80: WRWT25850/WRWT25850 | BD80: 0
A81: 45523 | B81: MK67-001153 | C81: บจก.อินเทคค์ โกลบอล | D81: สุบรรณ 777 | E81: 20 | F81: 36 | G81: ขาว | H81: ด้าน | I81: 100 | J81: ± | K81: 5 | L81: จับจีบ | M81: ไม่สวมถุงใน | N81: 0 | O81: 0 | P81: 0 | Q81: 0 | R81: 0 | S81: มัด80 ใช้สายรัด | T81: รอแจ้ง | U81: 1260 | V81: 0 | W81: 1260 | X81: 11095 | Y81: 0 | Z81: WSWT2025800SM | AA81: 0 | AB81: 0 | AC81: 0 | AD81: 0 | AE81: 0 | AF81: 0 | AG81: รอตัด | AH81: P6 | AI81: 4 | AJ81: รอแจ้ง | AK81: #VALUE! | AL81: #VALUE! | AM81: #VALUE! | AN81: #VALUE! | AO81: #VALUE! | AP81: #VALUE! | AQ81: 0 | AR81: 0 | AS81: 0 | AT81: 0 | AU81: 0 | AV81: 0 | AW81: งานเคลือบ+พิมพ์ | AX81: / | AY81: 0 | AZ81: 0 | BA81: 0 | BB81: 0 | BC81: WRWT25850/WRWT25850 | BD81: 0
A82: 45523 | B82: MK67-001153 | C82: บจก.อินเทคค์ โกลบอล | D82: สุบรรณ 666 | E82: 20 | F82: 36 | G82: ขาว | H82: ด้าน | I82: 100 | J82: ± | K82: 5 | L82: จับจีบ | M82: ไม่สวมถุงใน | N82: 0 | O82: 0 | P82: 0 | Q82: 0 | R82: 0 | S82: มัด80 ใช้สายรัด | T82: รอแจ้ง | U82: 89 | V82: 0 | W82: 89 | X82: 11180 | Y82: 0 | Z82: WSWT2025800SM | AA82: 0 | AB82: 0 | AC82: 0 | AD82: 0 | AE82: 0 | AF82: 0 | AG82: พร้อมส่ง | AH82: P6 | AI82: 4 | AJ82: รอแจ้ง | AK82: #VALUE! | AL82: #VALUE! | AM82: #VALUE! | AN82: #VALUE! | AO82: #VALUE! | AP82: #VALUE! | AQ82: 0 | AR82: 0 | AS82: 0 | AT82: 0 | AU82: 0 | AV82: 0 | AW82: งานเคลือบ+พิมพ์ | AX82: / | AY82: 0 | AZ82: 0 | BA82: 0 | BB82: 0 | BC82: WRWT25850/WRWT25850 | BD82: 0
A83: 45799 | B83: MK68-000694 | C83: บจก.เอ.เจ.ฟาร์ม่าแล็บ | D83: เบส-มิน | E83: 20 | F83: 34 | G83: ขาว | H83: ใส | I83: 95 | J83: ± | K83: 5 | L83: จับจีบ | M83: ไม่สวมถุงใน | N83: 0 | O83: 0 | P83: 0 | Q83: 0 | R83: 0 | S83: 500กระสอบ | T83: รอส่ง | U83: 4000 | V83: 2840 | W83: 1160 | X83: 8450 | Y83: 0 | Z83: WSWT2025800SM | AA83: 0 | AB83: 0 | AC83: 0 | AD83: 0 | AE83: 0 | AF83: ห้ามขาด-ห้ามเกิน | AG83: พร้อมส่ง | AH83: P6 | AI83: 4 | AJ83: รอส่ง | AK83: #VALUE! | AL83: #VALUE! | AM83: #VALUE! | AN83: #VALUE! | AO83: #VALUE! | AP83: #VALUE! | AQ83: 0 | AR83: 0 | AS83: 0 | AT83: 0 | AU83: 0 | AV83: 0 | AW83: งานเคลือบ+พิมพ์ | AX83: / | AY83: 0 | AZ83: 0 | BA83: 0 | BB83: 0 | BC83: WRWT25850/WRWT25850 | BD83: 0
A84: 45799 | B84: MK68-000694 | C84: บจก.เอ.เจ.ฟาร์ม่าแล็บ | D84: เวท-มิน | E84: 20 | F84: 34 | G84: ขาว | H84: ใส | I84: 95 | J84: ± | K84: 5 | L84: จับจีบ | M84: ไม่สวมถุงใน | N84: 0 | O84: 0 | P84: 0 | Q84: 0 | R84: 0 | S84: 500กระสอบ | T84: รอส่ง | U84: 4000 | V84: 2654 | W84: 1346 | X84: 4000 | Y84: 0 | Z84: WSWT2025800SM | AA84: 0 | AB84: 0 | AC84: 0 | AD84: 0 | AE84: 0 | AF84: ห้ามขาด-ห้ามเกิน | AG84: พร้อมส่ง | AH84: P6 | AI84: 4 | AJ84: รอส่ง | AK84: #VALUE! | AL84: #VALUE! | AM84: #VALUE! | AN84: #VALUE! | AO84: #VALUE! | AP84: #VALUE! | AQ84: 0 | AR84: 0 | AS84: 0 | AT84: 0 | AU84: 0 | AV84: 0 | AW84: งานเคลือบ+พิมพ์ | AX84: / | AY84: 0 | AZ84: 0 | BA84: 0 | BB84: 0 | BC84: WRWT25850/WRWT25850 | BD84: 0
A85: 45741 | B85: MK68-000452 | C85: บจก.เอพีเอ็ม อะโกร | D85: วี-ฟีด วี 07 | E85: 20 | F85: 38 | G85: ขาว | H85: ใส | I85: 100 | J85: ± | K85: 5 | L85: บิด | M85: ไม่สวมถุงใน | N85: 0 | O85: 0 | P85: 0 | Q85: 0 | R85: 0 | S85: 500กระสอบแบน | T85: รอส่ง | U85: 4000 | V85: 3867 | W85: 133 | X85: 4200 | Y85: 0 | Z85: WSWT2025800SM | AA85: 0 | AB85: 0 | AC85: 0 | AD85: 0 | AE85: 0 | AF85: 0 | AG85: พร้อมส่ง | AH85: P6 | AI85: 4 | AJ85: รอส่ง | AK85: #VALUE! | AL85: #VALUE! | AM85: #VALUE! | AN85: #VALUE! | AO85: #VALUE! | AP85: #VALUE! | AQ85: 0 | AR85: 0 | AS85: 0 | AT85: 0 | AU85: 0 | AV85: 0 | AW85: งานเคลือบ+พิมพ์ | AX85: / | AY85: มีลบสี | AZ85: 0 | BA85: 0 | BB85: 0 | BC85: WRWT25850/WRWT25850 | BD85: 0
A86: 45720 | B86: ใบรับคำสั่งซื้อ | C86: บจก.เอพีเอ็ม อะโกร | D86: นีโอ พี3(เอส) | E86: 20 | F86: 38 | G86: ขาว | H86: ด้าน | I86: 100 | J86: ± | K86: 5 | L86: บิด | M86: ไม่สวมถุงใน | N86: 0 | O86: 0 | P86: 0 | Q86: 0 | R86: 0 | S86: 500กระสอบแบน | T86: รอส่ง | U86: 4000 | V86: 4010 | W86: 0 | X86: 4470 | Y86: 0 | Z86: WSWT2025800SM | AA86: 0 | AB86: 0 | AC86: 0 | AD86: 0 | AE86: 0 | AF86: 0 | AG86: พร้อมส่ง | AH86: P6 | AI86: 4 | AJ86: รอส่ง | AK86: #VALUE! | AL86: #VALUE! | AM86: #VALUE! | AN86: #VALUE! | AO86: #VALUE! | AP86: #VALUE! | AQ86: 0 | AR86: 0 | AS86: 0 | AT86: 0 | AU86: 0 | AV86: 0 | AW86: งานเคลือบ+พิมพ์ | AX86: / | AY86: 0 | AZ86: 0 | BA86: 0 | BB86: 0 | BC86: WRWT25850/WRWT25850 | BD86: 0
A87: 45720 | B87: ใบรับคำสั่งซื้อ | C87: บจก.เอพีเอ็ม อะโกร | D87: นีโอ พี4(เอส) | E87: 20 | F87: 38 | G87: ขาว | H87: ด้าน | I87: 100 | J87: ± | K87: 5 | L87: บิด | M87: ไม่สวมถุงใน | N87: 0 | O87: 0 | P87: 0 | Q87: 0 | R87: 0 | S87: 500กระสอบแบน | T87: รอส่ง | U87: 3000 | V87: 3065 | W87: 0 | X87: 3300 | Y87: 0 | Z87: WSWT2025800SM | AA87: 0 | AB87: 0 | AC87: 0 | AD87: 0 | AE87: 0 | AF87: 0 | AG87: พร้อมส่ง | AH87: P6 | AI87: 4 | AJ87: รอส่ง | AK87: #VALUE! | AL87: #VALUE! | AM87: #VALUE! | AN87: #VALUE! | AO87: #VALUE! | AP87: #VALUE! | AQ87: 0 | AR87: 0 | AS87: 0 | AT87: 0 | AU87: 0 | AV87: 0 | AW87: งานเคลือบ+พิมพ์ | AX87: / | AY87: 0 | AZ87: 0 | BA87: 0 | BB87: 0 | BC87: WRWT25850/WRWT25850 | BD87: 0
A88: 45541 | B88: MK67-001236 | C88: บจก.เอพีเอ็ม อะโกร | D88: ยูฟีด รวมไก่ วัว | E88: 20 | F88: 40 | G88: ขาว | H88: ด้าน | I88: 108 | J88: ± | K88: 5 | L88: บิด | M88: ไม่สวมถุงใน | N88: 0 | O88: 0 | P88: 0 | Q88: 0 | R88: 0 | S88: 500กระสอบแบน | T88: รอส่ง | U88: 3000 | V88: 3318 | W88: 0 | X88: 0 | Y88: 0 | Z88: WSWT2025800SM | AA88: 0 | AB88: 0 | AC88: 0 | AD88: 0 | AE88: 0 | AF88: ลูกค้าสั่งผิดเอาไปส่งเดือน10 | AG88: รอแบบ | AH88: P6 | AI88: 4 | AJ88: รอส่ง | AK88: #VALUE! | AL88: #VALUE! | AM88: #VALUE! | AN88: #VALUE! | AO88: #VALUE! | AP88: #VALUE! | AQ88: 0 | AR88: 0 | AS88: 0 | AT88: 0 | AU88: 0 | AV88: 0 | AW88: งานเคลือบ+พิมพ์ | AX88: 0 | AY88: ลูกค้าต้องการเคลือบใส แต่เปิดมาเคลือบด้าน | AZ88: 0 | BA88: 0 | BB88: 0 | BC88: WRWT25850/WRWT25850 | BD88: 0
A89: 45581 | B89: MK67-001396 | C89: บจก.เอพีเอ็ม อะโกร | D89: นีโอ พี4 | E89: 20 | F89: 38 | G89: ขาว | H89: ด้าน | I89: 100 | J89: ± | K89: 5 | L89: บิด | M89: ไม่สวมถุงใน | N89: 0 | O89: 0 | P89: 0 | Q89: 0 | R89: 0 | S89: 500กระสอบแบน | T89: รอส่ง | U89: 3000 | V89: 3194 | W89: 0 | X89: 5632 | Y89: 0 | Z89: WSWT2025800SM | AA89: 0 | AB89: 0 | AC89: 0 | AD89: 0 | AE89: 0 | AF89: 0 | AG89: พร้อมส่ง | AH89: P6 | AI89: 4 | AJ89: รอส่ง | AK89: #VALUE! | AL89: #VALUE! | AM89: #VALUE! | AN89: #VALUE! | AO89: #VALUE! | AP89: #VALUE! | AQ89: 0 | AR89: 0 | AS89: 0 | AT89: 0 | AU89: 0 | AV89: 0 | AW89: งานเคลือบ+พิมพ์ | AX89: / | AY89: 0 | AZ89: 0 | BA89: 0 | BB89: 0 | BC89: WRWT25850/WRWT25850 | BD89: 0
A90: 0 | B90: 0 | C90: 0 | D90: 0 | E90: 20 | F90: 38 | G90: 0 | H90: 0 | I90: 84 | J90: ± | K90: 5 | L90: 0 | M90: 0 | N90: 0 | O90: 0 | P90: 0 | Q90: 0 | R90: 0 | S90: 0 | U90: 0 | V90: 0 | W90: 0 | X90: 0 | Y90: 0 | Z90: WSWT2025800SM | AA90: 457503.53 | AB90: 86278.99 | AC90: 371224.54 | AD90: 7641.59 | AE90: 449861.94 | AF90: ระบุในSD | AG90: พร้อมส่ง | AH90: 0 | AI90: Lead time | AJ90: 0 | AK90: 0 | AL90: 0 | AM90: 0 | AN90: 0 | AO90: 0 | AP90: 0 | AQ90: 0 | AR90: 0 | AS90: 0 | AT90: 0 | AU90: 0 | AV90: 0 | AW90: 0 | AX90: 0 | AY90: 0 | AZ90: 0 | BA90: 0 | BB90: 0 | BC90: WRWT25850/WRWT25850 | BD90: 0
A91: ประมาณการ | B91: ประมาณการ | C91: บจก.ซันฟีด | D91: รอแบบ | E91: 20 | F91: 39 | G91: ขาว | H91: 0 | I91: 84 | J91: + | K91: 0 | L91: บิด | M91: ไม่สวมถุงใน | N91: 0 | O91: 0 | P91: 0 | Q91: 0 | R91: 0 | S91: 300กระสอบแบนเต็มใบ | T91: รอแจ้ง | U91: 100000 | V91: 0 | W91: 100000 | X91: 0 | Y91: 105000 | Z91: WSWT2025850 | AA91: 113157 | AB91: 73689 | AC91: 39468 | AD91: 0 | AE91: 0 | AF91: 0 | AG91: พร้อมส่ง | AH91: P7 | AI91: 2 | AJ91: รอแจ้ง | AK91: 0 | AL91: #VALUE! | AM91: #VALUE! | AN91: #VALUE! | AO91: #VALUE! | AP91: #VALUE! | AQ91: 0 | AR91: 0 | AS91: 0 | AT91: 0 | AU91: 0 | AV91: 0 | AW91: งานพิมพ์ | AX91: รอART | AY91: 0 | AZ91: 0 | BA91: 0 | BB91: 0 | BC91: WRWT25850/WRWT25800 | BD91: 3109.2013
A92: 0 | B92: 0 | C92: 0 | D92: 0 | E92: 20 | F92: 38 | G92: 0 | H92: 0 | I92: 82 | J92: + | K92: 2 | L92: 0 | M92: 0 | N92: 0 | O92: 0 | P92: 0 | Q92: 0 | R92: 0 | S92: 0 | U92: 0 | V92: 0 | W92: 0 | X92: 0 | Y92: 0 | Z92: WSWT2025850 | AA92: 113157 | AB92: 73689 | AC92: 39468 | AD92: 0 | AE92: 0 | AF92: ระบุในSD | AG92: พร้อมส่ง | AH92: 0 | AI92: Lead time | AJ92: 0 | AK92: 0 | AL92: 0 | AM92: 0 | AN92: 0 | AO92: 0 | AP92: 0 | AQ92: 0 | AR92: 0 | AS92: 0 | AT92: 0 | AU92: 0 | AV92: 0 | AW92: 0 | AX92: 0 | AY92: 0 | AZ92: 0 | BA92: 0 | BB92: 0 | BC92: WRWT200850/WRWT25800 | BD92: 0
A93: 45887 | B93: MK68-001010 | C93: บจก.อินเทคค์ โกลบอล | D93: เพอเฟคค์ 664HP | E93: 20 | F93: 36 | G93: ขาว | H93: 0 | I93: 78 | J93: ± | K93: 5 | L93: จับจีบ4" | M93: ไม่สวมถุงใน | N93: 0 | O93: 0 | P93: 0 | Q93: 0 | R93: 0 | S93: มัด80 ใช้สายรัด | T93: 45905 | U93: 6080 | V93: 6080 | W93: 0 | X93: 31160 | Y93: 0 | Z93: WSWT2025800 | AA93: 0 | AB93: 0 | AC93: 0 | AD93: 0 | AE93: 0 | AF93: ห้ามขาด-ห้ามเกิน | AG93: รอตัด | AH93: P7 | AI93: 2 | AJ93: 45905 | AK93: 0 | AL93: 45896 | AM93: 45903 | AN93: 45904 | AO93: 45904 | AP93: 45900 | AQ93: 0 | AR93: 0 | AS93: 0 | AT93: 0 | AU93: 0 | AV93: 0 | AW93: งานพิมพ์ | AX93: / | AY93: 2/9 9/9 16/9 19/9 23/9 26/9 | AZ93: 0 | BA93: 0 | BB93: 0 | BC93: WRWT25800/WRWT25800 | BD93: 0
A94: 45896 | B94: MK68-001046 | C94: บจก.เคอรี่ฟลาวมิลล์ | D94: แปดแต้มแดง 25กก. | E94: 20 | F94: 32 | G94: ขาว | H94: 0 | I94: 72 | J94: ± | K94: 5 | L94: บิด | M94: ไม่สวมถุงใน | N94: 0 | O94: 0 | P94: 0 | Q94: 0 | R94: 0 | S94: ห่ออัดเบลแบน500 | T94: 45906 | U94: 5000 | V94: 5000 | W94: 0 | X94: 5470 | Y94: 0 | Z94: WSWT2025800 | AA94: 0 | AB94: 0 | AC94: 0 | AD94: 0 | AE94: 0 | AF94: 0 | AG94: รอตัด | AH94: P7 | AI94: 2 | AJ94: 45906 | AK94: 0 | AL94: 45897 | AM94: 45904 | AN94: 45905 | AO94: 45905 | AP94: 45901 | AQ94: 0 | AR94: 0 | AS94: 0 | AT94: 0 | AU94: 0 | AV94: 0 | AW94: 0 | AX94: 0 | AY94: 0 | AZ94: 0 | BA94: 0 | BB94: 0 | BC94: WRWT25800/WRWT25800 | BD94: 0
A95: 45896 | B95: MK68-001046 | C95: บจก.เคอรี่ฟลาวมิลล์ | D95: ชามแดง 25กก. | E95: 20 | F95: 32 | G95: ขาว | H95: 0 | I95: 72 | J95: ± | K95: 5 | L95: บิด | M95: ไม่สวมถุงใน | N95: 0 | O95: 0 | P95: 0 | Q95: 0 | R95: 0 | S95: ห่ออัดเบลแบน500 | T95: 45906 | U95: 5000 | V95: 5000 | W95: 0 | X95: 5400 | Y95: 0 | Z95: WSWT2025800 | AA95: 0 | AB95: 0 | AC95: 0 | AD95: 0 | AE95: 0 | AF95: 0 | AG95: รอตัด | AH95: P7 | AI95: 2 | AJ95: 45906 | AK95: 0 | AL95: 45897 | AM95: 45904 | AN95: 45905 | AO95: 45905 | AP95: 45901 | AQ95: 0 | AR95: 0 | AS95: 0 | AT95: 0 | AU95: 0 | AV95: 0 | AW95: 0 | AX95: 0 | AY95: 0 | AZ95: 0 | BA95: 0 | BB95: 0 | BC95: WRWT25800/WRWT25800 | BD95: 0
A96: 45892 | B96: MK68-001025 | C96: บจก.อินเทคค์ โกลบอล | D96: เพอเฟคค์ 663 | E96: 20 | F96: 36 | G96: ขาว | H96: 0 | I96: 78 | J96: ± | K96: 5 | L96: จับจีบ4" | M96: ไม่สวมถุงใน | N96: 0 | O96: 0 | P96: 0 | Q96: 0 | R96: 0 | S96: มัด80 ใช้สายรัด | T96: 45908 | U96: 10000 | V96: 1196 | W96: 8804 | X96: 10696 | Y96: 0 | Z96: WSWT2025800 | AA96: 0 | AB96: 0 | AC96: 0 | AD96: 0 | AE96: 0 | AF96: ห้ามขาด-ห้ามเกิน | AG96: รอตัด | AH96: P7 | AI96: 2 | AJ96: 45908 | AK96: 0 | AL96: 45899 | AM96: 45906 | AN96: 45907 | AO96: 45907 | AP96: 45903 | AQ96: 0 | AR96: 0 | AS96: 0 | AT96: 0 | AU96: 0 | AV96: 0 | AW96: งานพิมพ์ | AX96: / | AY96: 0 | AZ96: 0 | BA96: 0 | BB96: 0 | BC96: WRWT25800/WRWT25800 | BD96: 0
A97: 45887 | B97: MK68-001009 | C97: บจก.อินเทคค์ โกลบอล | D97: เพอเฟคค 664 | E97: 20 | F97: 36 | G97: ขาว | H97: 0 | I97: 78 | J97: ± | K97: 5 | L97: จับจีบ4" | M97: ไม่สวมถุงใน | N97: 0 | O97: 0 | P97: 0 | Q97: 0 | R97: 0 | S97: มัด80 ใช้สายรัด | T97: 45915 | U97: 16374 | V97: 5040 | W97: 11334 | X97: 18825 | Y97: 0 | Z97: WSWT2025800 | AA97: 0 | AB97: 0 | AC97: 0 | AD97: 0 | AE97: 0 | AF97: ห้ามขาด-ห้ามเกิน | AG97: พิมพ์ไม่ครบ | AH97: P7 | AI97: 2 | AJ97: 45915 | AK97: 0 | AL97: 45906 | AM97: 45913 | AN97: 45914 | AO97: 45914 | AP97: 45910 | AQ97: 0 | AR97: 0 | AS97: 0 | AT97: 0 | AU97: 0 | AV97: 0 | AW97: งานพิมพ์ | AX97: / | AY97: 1/9 8/9 15/9 22/9 | AZ97: 0 | BA97: 0 | BB97: 0 | BC97: WRWT25800/WRWT25800 | BD97: 0
A98: 45887 | B98: MK68-001010 | C98: บจก.อินเทคค์ โกลบอล | D98: เพอเฟคค์ 664HP | E98: 20 | F98: 36 | G98: ขาว | H98: 0 | I98: 78 | J98: ± | K98: 5 | L98: จับจีบ4" | M98: ไม่สวมถุงใน | N98: 0 | O98: 0 | P98: 0 | Q98: 0 | R98: 0 | S98: มัด80 ใช้สายรัด | T98: 45919 | U98: 40000 | V98: 20000 | W98: 20000 | X98: 40982 | Y98: 0 | Z98: WSWT2025800 | AA98: 0 | AB98: 0 | AC98: 0 | AD98: 0 | AE98: 0 | AF98: ห้ามขาด-ห้ามเกิน | AG98: รอแบบ | AH98: P7 | AI98: 2 | AJ98: 45919 | AK98: 0 | AL98: 45910 | AM98: 45917 | AN98: 45918 | AO98: 45918 | AP98: 45914 | AQ98: 0 | AR98: 0 | AS98: 0 | AT98: 0 | AU98: 0 | AV98: 0 | AW98: งานพิมพ์ | AX98: / | AY98: 2/9 9/9 16/9 19/9 23/9 26/9 | AZ98: 0 | BA98: 0 | BB98: 0 | BC98: WRWT25800/WRWT25800 | BD98: 0
A99: 45887 | B99: MK68-001010 | C99: บจก.อินเทคค์ โกลบอล | D99: เพอเฟคค์ 664HP | E99: 20 | F99: 36 | G99: ขาว | H99: 0 | I99: 78 | J99: ± | K99: 5 | L99: จับจีบ4" | M99: ไม่สวมถุงใน | N99: 0 | O99: 0 | P99: 0 | Q99: 0 | R99: 0 | S99: มัด80 ใช้สายรัด | T99: 45922 | U99: 30000 | V99: 0 | W99: 30000 | X99: 31500 | Y99: 0 | Z99: WSWT2025800 | AA99: 0 | AB99: 0 | AC99: 0 | AD99: 0 | AE99: 0 | AF99: ห้ามขาด-ห้ามเกิน | AG99: พร้อมส่ง | AH99: P7 | AI99: 2 | AJ99: 45922 | AK99: 0 | AL99: 45913 | AM99: 45920 | AN99: 45921 | AO99: 45921 | AP99: 45917 | AQ99: 0 | AR99: 0 | AS99: 0 | AT99: 0 | AU99: 0 | AV99: 0 | AW99: งานพิมพ์ | AX99: / | AY99: 2/9 9/9 16/9 19/9 23/9 26/9 | AZ99: 0 | BA99: 0 | BB99: 0 | BC99: WRWT25800/WRWT25800 | BD99: 0
A100: 45887 | B100: MK68-001010 | C100: บจก.อินเทคค์ โกลบอล | D100: เพอเฟคค์ 664HP | E100: 20 | F100: 36 | G100: ขาว | H100: 0 | I100: 78 | J100: ± | K100: 5 | L100: จับจีบ4" | M100: ไม่สวมถุงใน | N100: 0 | O100: 0 | P100: 0 | Q100: 0 | R100: 0 | S100: มัด80 ใช้สายรัด | T100: 45926 | U100: 20000 | V100: 0 | W100: 20000 | X100: 16526 | Y100: 3647.7 | Z100: WSWT2025800 | AA100: 3821.8777 | AB100: 3821.8777 | AC100: 0 | AD100: 0 | AE100: 0 | AF100: ห้ามขาด-ห้ามเกิน | AG100: พร้อมส่ง | AH100: P7 | AI100: 2 | AJ100: 45926 | AK100: 0 | AL100: 45917 | AM100: 45924 | AN100: 45925 | AO100: 45925 | AP100: 45921 | AQ100: 0 | AR100: 0 | AS100: 0 | AT100: 0 | AU100: 0 | AV100: 0 | AW100: งานพิมพ์ | AX100: / | AY100: 2/9 9/9 16/9 19/9 23/9 26/9 | AZ100: 0 | BA100: 0 | BB100: 0 | BC100: WRWT25800/WRWT25800 | BD100: 0
A101: ประมาณการ | B101: ประมาณการ | C101: บจก.อินเทคค์ โกลบอล | D101: รอแบบ | E101: 20 | F101: 36 | G101: ขาว | H101: 0 | I101: 78 | J101: ± | K101: 5 | L101: จับจีบ4" | M101: ไม่สวมถุงใน | N101: 0 | O101: 0 | P101: 0 | Q101: 0 | R101: 0 | S101: มัด80 ใช้สายรัด | T101: รอแจ้ง | U101: 290000 | V101: 0 | W101: 290000 | X101: 0 | Y101: 304500 | Z101: WSWT2025800 | AA101: 303847.5 | AB101: 67779 | AC101: 236068.5 | AD101: 0 | AE101: 0 | AF101: ห้ามขาด-ห้ามเกิน | AG101: พร้อมส่ง | AH101: P7 | AI101: 2 | AJ101: รอแจ้ง | AK101: 0 | AL101: #VALUE! | AM101: #VALUE! | AN101: #VALUE! | AO101: #VALUE! | AP101: #VALUE! | AQ101: 0 | AR101: 0 | AS101: 0 | AT101: 0 | AU101: 0 | AV101: 0 | AW101: งานพิมพ์ | AX101: / | AY101: 0 | AZ101: 0 | BA101: 0 | BB101: 0 | BC101: WRWT25800/WRWT25800 | BD101: 18046.125
A102: 0 | B102: 0 | C102: 0 | D102: 0 | E102: 20 | F102: 37 | G102: 0 | H102: 0 | I102: 80 | J102: ± | K102: 3 | L102: 0 | M102: 0 | N102: 0 | O102: 0 | P102: 0 | Q102: 0 | R102: 0 | S102: 0 | U102: 0 | V102: 0 | W102: 0 | X102: 0 | Y102: 0 | Z102: WSWT2025800 | AA102: 307669.38 | AB102: 71600.878 | AC102: 236068.5 | AD102: 0 | AE102: 0 | AF102: ระบุในSD | AG102: พร้อมส่ง | AH102: 0 | AI102: Lead time | AJ102: 0 | AK102: 0 | AL102: 0 | AM102: 0 | AN102: 0 | AO102: 0 | AP102: 0 | AQ102: 0 | AR102: 0 | AS102: 0 | AT102: 0 | AU102: 0 | AV102: 0 | AW102: 0 | AX102: 0 | AY102: 0 | AZ102: 0 | BA102: 0 | BB102: 0 | BC102: WRWT25800/WRWT25800 | BD102: 0
A103: 45903 | B103: ใบรับคำสั่งซื้อ | C103: บจก.เอเชี่ยนเคมิคัล | D103: ไม่พิมพ์ | E103: 21 | F103: 31 | G103: ขาว | H103: 0 | I103: 60 | J103: ± | K103: 5 | L103: ไม่ | M103: ไม่สวมถุงใน | N103: 0 | O103: 0 | P103: 0 | Q103: 0 | R103: 0 | S103: มัด100 | T103: 45906 | U103: 5000 | V103: 0 | W103: 5000 | X103: 0 | Y103: 0 | Z103: WSWT2125650 | AA103: 4540.25 | AB103: 4540.25 | AC103: 0 | AD103: 0 | AE103: 0 | AF103: ห้ามขาด-ห้ามเกิน | AG103: พร้อมส่ง | AH103: P3 | AI103: 1 | AJ103: 45906 | AK103: 0 | AL103: 0 | AM103: 0 | AN103: 0 | AO103: 45905 | AP103: 45901 | AQ103: 0 | AR103: 0 | AS103: 0 | AT103: 0 | AU103: 0 | AV103: 0 | AW103: ตัด | AX103: 0 | AY103: เย็น 6/9 | AZ103: 0 | BA103: 0 | BB103: 0 | BC103: WRWT25650/WRWT25650 | BD103: 0
A104: 0 | B104: 0 | C104: 0 | D104: 0 | E104: 21 | F104: 37 | G104: ขาว | H104: 0 | I104: 67 | J104: ± | K104: 5 | L104: 0 | M104: 0 | N104: 0 | O104: 0 | P104: 0 | Q104: 0 | R104: 0 | S104: 0 | U104: 0 | V104: 0 | W104: 0 | X104: 0 | Y104: 0 | Z104: WSWT2125650 | AA104: 4540.25 | AB104: 4540.25 | AC104: 0 | AD104: 0 | AE104: 0 | AF104: ระบุในSD | AG104: พร้อมส่ง | AH104: 0 | AI104: Lead time | AJ104: 0 | AK104: 0 | AL104: 0 | AM104: 0 | AN104: 0 | AO104: 0 | AP104: 0 | AQ104: 0 | AR104: 0 | AS104: 0 | AT104: 0 | AU104: 0 | AV104: 0 | AW104: 0 | AX104: 0 | AY104: 0 | AZ104: 0 | BA104: 0 | BB104: 0 | BC104: WRWT25650/WRWT25650 | BD104: 0
...

Sheet 3-9-68
B2: เรียงกำหนดส่ง | D2: ลบ 0 | T2: เรียง 1
B3: ข้อมูลUpdate ณ. วันที่ | D3: 45903 | E3: เวลา | G3: 10.28
A4: วันรับออร์เดอร์/แบบ | B4: เลขที่ SO | C4: ชื่อลูกค้า | E4: 10.3 | I4: น้ำหนัก | L4: บิด/จับจีบ | M4: ถุงใน | Q4: 44873 | S4: วิธีบรรจุ | T4: วันส่ง | U4: จำนวนส่ง | V4: ตัดเย็บ (ใบ) | W4: 44873 | X4: พิมพ์ (ใบ) | Y4: 44876 | Z4: ผ้าทอ (เมตร) Updateณ | AB4: 44876 | AD4: ผ้าเคลือบ(เมตร) | AF4: หมายเหตุ | AG4: เครื่อง
A5: วันรับออร์เดอร์/แบบ | B5: เลขที่ SO | C5: ชื่อลูกค้า | D5: ตรา | E5: กว้าง | F5: ยาว | G5: สี | H5: เคลือบ | I5: กรัม/ใบ | J5: * | K5: aw | L5: บิด/จับจีบ | M5: กว้าง | N5: ยาว | O5: หนา | P5: ใช้(กก.) | Q5: Stock(กก.) | R5: ผลิต(กก.) | S5: วิธีบรรจุ | T5: วันส่ง | U5: จำนวนส่ง | V5: StockFG | W5: ค้างตัด | X5: พิมพ์แล้ว | Y5: ค้างพิมพ์ | Z5: ประเภท | AA5: ใช้ | AB5: Stock | AC5: ค้างทอ | AD5: Stock | AE5: ค้างเคลือบ | AF5: หมายเหตุ | AG5: ที่พิมพ์ได้ | AH5: process | AI5: Lead time | AJ5: วันที่ส่งPL | AK5: เคลือบ | AL5: ได้ ART | AM5: พิมพ์ | AN5: จีบ-บิด | AO5: ตัด-เย็บ | AP5: ทอ | AQ5: สวมถุง | AR5: เย็บปาก | AS5: PT | AT5: ม้วน | AU5: ตัด | AV5: ตอกตาไก่ | AW5: GROUP | AX5: ART | AY5: หมายเหตุปัญหา | AZ5: ราคา/ใบ | BA5: ราคารวม | BB5: workweek | BC5: เส้นเทป | BD5: จำนวน
A6: 45842 | B6: MK68-000868 | C6: พีมินเนอร์ | D6: พี-มินเนอร์ นิวพลัส | E6: 16 | F6: 28 | G6: ขาว | H6: ใส | I6: 56 | J6: ± | K6: 5 | L6: ไม่ | M6: 19 | N6: 31 | O6: 40 | P6: 1.1334313 | Q6: 0 | R6: 1.1334313 | S6: 500กระสอบ | T6: รอส่ง | U6: 4000 | V6: 3922 | W6: 78 | X6: 5295 | Y6: 0 | Z6: WSWT1625800SM | AA6: 0 | AB6: 0 | AC6: 0 | AD6: 0 | AE6: 0 | AF6: รอส่ง รอลูกค้ามารับเอง | AG6: พร้อมส่ง | AH6: P8 | AI6: 4 | AJ6: รอส่ง | AK6: #VALUE! | AL6: #VALUE! | AM6: #VALUE! | AN6: #VALUE! | AO6: #VALUE! | AP6: #VALUE! | AQ6: #VALUE! | AR6: 0 | AS6: 0 | AT6: 0 | AU6: 0 | AV6: 0 | AW6: งานเคลือบ+พิมพ์ | AX6: / | AY6: 0 | AZ6: 0 | BA6: 0 | BB6: 0 | BC6: WRWT25800/WRWT25800 | BD6: 0
A7: 45896 | B7: MK68-001041 | C7: บจก.ซัน ซีเมนต์ โพรเซส | D7: พระอาทิตย์ | E7: 16 | F7: 25 | G7: ขาว | H7: ใส | I7: 50 | J7: ± | K7: 5 | L7: บิด | M7: 19 | N7: 28 | O7: 40 | P7: 65.624643 | Q7: 0 | R7: 65.624643 | S7: 500กระสอบ | T7: 45908 | U7: 5000 | V7: 0 | W7: 5000 | X7: 0 | Y7: 5250 | Z7: WSWT1625800SM | AA7: 3702.05 | AB7: 3702.05 | AC7: 0 | AD7: 0 | AE7: 3702.05 | AF7: 0 | AG7: ยังไม่ได้พิมพ์ | AH7: P8 | AI7: 4 | AJ7: 45908 | AK7: 45904 | AL7: 45898 | AM7: 45905 | AN7: 45906 | AO7: 45906 | AP7: 45903 | AQ7: 45907 | AR7: 0 | AS7: 0 | AT7: 0 | AU7: 0 | AV7: 0 | AW7: งานเคลือบ+พิมพ์ | AX7: / | AY7: รอลูกค้า | AZ7: 0 | BA7: 0 | BB7: 0 | BC7: WRWT25800/WRWT25800 | BD7: 0
A8: 0 | B8: 0 | C8: 0 | E8: 16 | F8: 25 | G8: ขาว | H8: 0 | I8: 45 | J8: ± | K8: 5 | L8: 0 | M8: 0 | N8: 0 | O8: 0 | P8: 0 | Q8: 0 | R8: 0 | S8: 0 | U8: 0 | V8: 0 | W8: 0 | X8: 0 | Y8: 0 | Z8: WSWT1625800SM | AA8: 3702.05 | AB8: 3702.05 | AC8: 0 | AD8: 0 | AE8: 3702.05 | AF8: ระบุในSD | AG8: พิมพ์ไม่ครบ | AH8: 0 | AI8: Lead time | AJ8: 0 | AK8: 0 | AL8: 0 | AM8: 0 | AN8: 0 | AO8: 0 | AP8: 0 | AQ8: 0 | AR8: 0 | AS8: 0 | AT8: 0 | AU8: 0 | AV8: 0 | AW8: 0 | AX8: 0 | AY8: 0 | AZ8: 0 | BA8: 0 | BB8: 0 | BC8: WRWT160800/WRWT25800 | BD8: 0
A9: 45897 | B9: MK68-001045 | C9: บจก.เคอรี่ฟลาวมิลล์ | D9: โบว์แดง 10กก. | E9: 16 | F9: 25 | G9: ขาว | H9: 0 | I9: 45 | J9: ± | K9: 5 | L9: ไม่ | M9: ไม่สวมถุงใน | N9: 0 | O9: 0 | P9: 0 | Q9: 0 | R9: 0 | S9: ห่ออัดเบลแบน500 | T9: 45904 | U9: 5000 | V9: 5000 | W9: 0 | X9: 5400 | Y9: 0 | Z9: WSWT1625800 | AA9: 0 | AB9: 0 | AC9: 0 | AD9: 0 | AE9: 0 | AF9: 0 | AG9: ยังไม่ได้พิมพ์ | AH9: P7 | AI9: 2 | AJ9: 45904 | AK9: 0 | AL9: 45895 | AM9: 45902 | AN9: 45903 | AO9: 45903 | AP9: 45899 | AQ9: 0 | AR9: 0 | AS9: 0 | AT9: 0 | AU9: 0 | AV9: 0 | AW9: งานพิมพ์ | AX9: / | AY9: ลบสี | AZ9: 0 | BA9: 0 | BB9: 0 | BC9: WRWT25800/WRWT25800 | BD9: 0
A10: 45897 | B10: MK68-001045 | C10: บจก.เคอรี่ฟลาวมิลล์ | D10: โบว์น้ำเงิน 10กก | E10: 16 | F10: 25 | G10: ขาว | H10: 0 | I10: 45 | J10: ± | K10: 5 | L10: ไม่ | M10: ไม่สวมถุงใน | N10: 0 | O10: 0 | P10: 0 | Q10: 0 | R10: 0 | S10: ห่ออัดเบลแบน500 | T10: 45909 | U10: 5000 | V10: 0 | W10: 5000 | X10: 0 | Y10: 5250 | Z10: WSWT1625800 | AA10: 3702.05 | AB10: 0 | AC10: 3702.05 | AD10: 0 | AE10: 0 | AF10: 0 | AG10: พร้อมส่ง | AH10: P7 | AI10: 2 | AJ10: 45909 | AK10: 0 | AL10: 45900 | AM10: 45907 | AN10: 45908 | AO10: 45908 | AP10: 45904 | AQ10: 0 | AR10: 0 | AS10: 0 | AT10: 0 | AU10: 0 | AV10: 0 | AW10: งานพิมพ์ | AX10: / | AY10: 0 | AZ10: 0 | BA10: 0 | BB10: 0 | BC10: WRWT25800/WRWT25800 | BD10: 226.40092
A11: 45897 | B11: MK68-001045 | C11: บจก.เคอรี่ฟลาวมิลล์ | D11: โดนัทแฟนฉัน 10กก | E11: 16 | F11: 25 | G11: ขาว | H11: 0 | I11: 45 | J11: ± | K11: 5 | L11: ไม่ | M11: ไม่สวมถุงใน | N11: 0 | O11: 0 | P11: 0 | Q11: 0 | R11: 0 | S11: ห่ออัดเบลแบน500 | T11: 45909 | U11: 5000 | V11: 0 | W11: 5000 | X11: 735 | Y11: 4478.25 | Z11: WSWT1625800 | AA11: 3315.7411 | AB11: 0 | AC11: 3315.7411 | AD11: 0 | AE11: 0 | AF11: 0 | AG11: พร้อมส่ง | AH11: P7 | AI11: 2 | AJ11: 45909 | AK11: 0 | AL11: 45900 | AM11: 45907 | AN11: 45908 | AO11: 45908 | AP11: 45904 | AQ11: 0 | AR11: 0 | AS11: 0 | AT11: 0 | AU11: 0 | AV11: 0 | AW11: งานพิมพ์ | AX11: / | AY11: 0 | AZ11: 0 | BA11: 0 | BB11: 0 | BC11: WRWT25800/WRWT25800 | BD11: 202.77599
A12: 45897 | B12: MK68-001045 | C12: บจก.เคอรี่ฟลาวมิลล์ | D12: น้องเอินโดนัท 10กก | E12: 16 | F12: 25 | G12: ขาว | H12: 0 | I12: 45 | J12: ± | K12: 5 | L12: ไม่ | M12: ไม่สวมถุงใน | N12: 0 | O12: 0 | P12: 0 | Q12: 0 | R12: 0 | S12: ห่ออัดเบลแบน500 | T12: 45925 | U12: 5000 | V12: 0 | W12: 5000 | X12: 0 | Y12: 5250 | Z12: WSWT1625800 | AA12: 3702.05 | AB12: 0 | AC12: 3702.05 | AD12: 0 | AE12: 0 | AF12: 0 | AG12: พร้อมส่ง | AH12: P7 | AI12: 2 | AJ12: 45925 | AK12: 0 | AL12: 45916 | AM12: 45923 | AN12: 45924 | AO12: 45924 | AP12: 45920 | AQ12: 0 | AR12: 0 | AS12: 0 | AT12: 0 | AU12: 0 | AV12: 0 | AW12: งานพิมพ์ | AX12: รอART | AY12: 0 | AZ12: 0 | BA12: 0 | BB12: 0 | BC12: WRWT25800/WRWT25800 | BD12: 226.40092
A13: 0 | B13: 0 | C13: 0 | D13: 0 | E13: 16 | F13: 25 | G13: ขาว | H13: 0 | I13: 45 | J13: ± | K13: 5 | L13: 0 | M13: 0 | N13: 0 | O13: 0 | P13: 0 | Q13: 0 | R13: 0 | S13: 0 | U13: 0 | V13: 0 | W13: 0 | X13: 0 | Y13: 0 | Z13: WSWT1625800 | AA13: 10719.841 | AB13: 0 | AC13: 10719.841 | AD13: 0 | AE13: 0 | AF13: ระบุในSD | AG13: ยังไม่ได้พิมพ์ | AH13: 0 | AI13: Lead time | AJ13: 0 | AK13: 0 | AL13: 0 | AM13: 0 | AN13: 0 | AO13: 0 | AP13: 0 | AQ13: 0 | AR13: 0 | AS13: 0 | AT13: 0 | AU13: 0 | AV13: 0 | AW13: 0 | AX13: 0 | AY13: 0 | AZ13: 0 | BA13: 0 | BB13: 0 | BC13: WRWT160800/WRWT25800 | BD13: 0
A14: ประมาณการ | B14: ประมาณการ | C14: บจก.ฟาร์เธอร์ส วิง ซัพพลาย | D14: รถไฟ | E14: 18 | F14: 30 | G14: ขาว | H14: 0 | I14: 54 | J14: ± | K14: 5 | L14: บิด | M14: 19 | N14: 33 | O14: 40 | P14: 232.02999 | Q14: 0 | R14: 232.02999 | S14: 500กระสอบ | T14: รอแจ้ง | U14: 15000 | V14: 0 | W14: 15000 | X14: 0 | Y14: 15750 | Z14: WSWT1825800 | AA14: 13201.65 | AB14: 2599 | AC14: 10602.65 | AD14: 0 | AE14: 0 | AF14: 0 | AG14: พร้อมส่ง | AH14: P9 | AI14: 3 | AJ14: รอแจ้ง | AK14: 0 | AL14: #VALUE! | AM14: #VALUE! | AN14: #VALUE! | AO14: #VALUE! | AP14: #VALUE! | AQ14: #VALUE! | AR14: 0 | AS14: 0 | AT14: 0 | AU14: 0 | AV14: 0 | AW14: งานพิมพ์ | AX14: รอART | AY14: 0 | AZ14: 0 | BA14: 0 | BB14: 0 | BC14: WRWT25800/WRWT25800 | BD14: 729.46232
A15: 0 | B15: 0 | E15: 18 | F15: 30 | G15: ขาว | H15: 0 | I15: 54 | J15: ± | K15: 5 | L15: 0 | M15: 0 | N15: 0 | O15: 0 | P15: 0 | Q15: 0 | R15: 0 | S15: 0 | U15: 0 | V15: 0 | W15: 0 | X15: 0 | Y15: 0 | Z15: WSWT1825800 | AA15: 13201.65 | AB15: 2599 | AC15: 10602.65 | AD15: 0 | AE15: 0 | AF15: ระบุในSD | AG15: ยังไม่ได้พิมพ์ | AH15: 0 | AI15: Lead time | AJ15: 0 | AK15: 0 | AL15: 0 | AM15: 0 | AN15: 0 | AO15: 0 | AP15: 0 | AQ15: 0 | AR15: 0 | AS15: 0 | AT15: 0 | AU15: 0 | AV15: 0 | AW15: 0 | AX15: 0 | AY15: 0 | AZ15: 0 | BA15: 0 | BB15: 0 | BC15: WRWT25800/WRWT25800 | BD15: 0
A16: 45901 | B16: MK68-001068 | C16: บจก.ยืนยงยิปซั่มปลาสเตอร์ | D16: YUNGYONG | E16: 18 | F16: 26 | G16: ขาว | H16: ใส | I16: 65 | J16: ± | K16: 5 | L16: บิด | M16: 19 | N16: 29 | O16: 40 | P16: 67.96838 | Q16: 0 | R16: 67.96838 | S16: 500กระสอบแบน | T16: 45912 | U16: 5000 | V16: 0 | W16: 5000 | X16: 0 | Y16: 5250 | Z16: WSWT1825800SM | AA16: 3841.75 | AB16: 2000 | AC16: 1841.75 | AD16: 0 | AE16: 3841.75 | AF16: 0 | AG16: ยังไม่ได้พิมพ์ | AH16: P8 | AI16: 4 | AJ16: 45912 | AK16: 45908 | AL16: 45902 | AM16: 45909 | AN16: 45910 | AO16: 45910 | AP16: 45907 | AQ16: 45911 | AR16: 0 | AS16: 0 | AT16: 0 | AU16: 0 | AV16: 0 | AW16: งานเคลือบ+พิมพ์ | AX16: / | AY16: 0 | AZ16: 0 | BA16: 0 | BB16: 0 | BC16: WRWT25800/WRWT25800 | BD16: 117.872
A17: 0 | B17: 0 | C17: 0 | E17: 18 | F17: 25 | G17: ขาว | H17: 0 | I17: 50 | J17: ± | K17: 5 | L17: 0 | M17: 0 | N17: 0 | O17: 0 | P17: 0 | Q17: 0 | R17: 0 | S17: 0 | U17: 0 | V17: 0 | W17: 0 | X17: 0 | Y17: 0 | Z17: WSWT1825800SM | AA17: 3841.75 | AB17: 2000 | AC17: 1841.75 | AD17: 0 | AE17: 3841.75 | AF17: ระบุในSD | AG17: รอแบบ | AH17: 0 | AI17: Lead time | AJ17: 0 | AK17: 0 | AL17: 0 | AM17: 0 | AN17: 0 | AO17: 0 | AP17: 0 | AQ17: 0 | AR17: 0 | AS17: 0 | AT17: 0 | AU17: 0 | AV17: 0 | AW17: 0 | AX17: 0 | AY17: 0 | AZ17: 0 | BA17: 0 | BB17: 0 | BC17: WRWT180800/WRWT25800 | BD17: 0
A18: 45898 | B18: MK68-001049 | C18: บจก.เพรซิเดนท์ฟลาวมิลล์ | D18: ผึ้งเหลือง | E18: 19 | F18: 30 | G18: ขาว | H18: 0 | I18: 60 | J18: ± | K18: 5 | L18: บิด | M18: ไม่สวมถุงใน | N18: 0 | O18: 0 | P18: 0 | Q18: 0 | R18: 0 | S18: 500กระสอบ | T18: 45910 | U18: 50000 | V18: 0 | W18: 50000 | X18: 0 | Y18: 52500 | Z18: WSWT1925800 | AA18: 44005.5 | AB18: 24047 | AC18: 19958.5 | AD18: 0 | AE18: 0 | AF18: 0 | AG18: ยังไม่ได้พิมพ์ | AH18: P7 | AI18: 2 | AJ18: 45910 | AK18: 0 | AL18: 45901 | AM18: 45908 | AN18: 45909 | AO18: 45909 | AP18: 45905 | AQ18: 0 | AR18: 0 | AS18: 0 | AT18: 0 | AU18: 0 | AV18: 0 | AW18: งานพิมพ์ | AX18: / | AY18: 0 | AZ18: 0 | BA18: 0 | BB18: 0 | BC18: WRWT25800/WRWT25800 | BD18: 1449.4306
A19: 45898 | B19: MK68-001048 | C19: บจก.เพรซิเดนท์ฟลาวมิลล์ | D19: ผึ้งชมพู | E19: 19 | F19: 30 | G19: ขาว | H19: 0 | I19: 60 | J19: ± | K19: 5 | L19: บิด | M19: ไม่สวมถุงใน | N19: 0 | O19: 0 | P19: 0 | Q19: 0 | R19: 0 | S19: 500กระสอบ | T19: 45910 | U19: 40000 | V19: 0 | W19: 40000 | X19: 0 | Y19: 42000 | Z19: WSWT1925800 | AA19: 35204.4 | AB19: 0 | AC19: 35204.4 | AD19: 0 | AE19: 0 | AF19: 0 | AG19: พร้อมส่ง | AH19: P7 | AI19: 2 | AJ19: 45910 | AK19: 0 | AL19: 45901 | AM19: 45908 | AN19: 45909 | AO19: 45909 | AP19: 45905 | AQ19: 0 | AR19: 0 | AS19: 0 | AT19: 0 | AU19: 0 | AV19: 0 | AW19: งานพิมพ์ | AX19: / | AY19: 0 | AZ19: 0 | BA19: 0 | BB19: 0 | BC19: WRWT25800/WRWT25800 | BD19: 2556.6218
A20: ประมาณการ | B20: ประมาณการ | C20: บจก.เอ็กเซลเล้นท์ | D20: รอแบบ | E20: 19 | F20: 30 | G20: ขาว | H20: 0 | I20: 60 | J20: ± | K20: 5 | L20: บิด | M20: ไม่สวมถุงใน | N20: 0 | O20: 0 | P20: 0 | Q20: 0 | R20: 0 | S20: 500กระสอบ | T20: 45925 | U20: 40000 | V20: 0 | W20: 40000 | X20: 0 | Y20: 42000 | Z20: WSWT1925800 | AA20: 35204.4 | AB20: 0 | AC20: 35204.4 | AD20: 0 | AE20: 0 | AF20: 0 | AG20: พร้อมส่ง | AH20: P7 | AI20: 2 | AJ20: 45925 | AK20: 0 | AL20: 45916 | AM20: 45923 | AN20: 45924 | AO20: 45924 | AP20: 45920 | AQ20: 0 | AR20: 0 | AS20: 0 | AT20: 0 | AU20: 0 | AV20: 0 | AW20: งานพิมพ์ | AX20: รอART | AY20: 0 | AZ20: 0 | BA20: 0 | BB20: 0 | BC20: WRWT25800/WRWT25800 | BD20: 2556.6218
