Workbook

Sheet Linkสูตรออร์เดอร์  (2)
B2: เรียงกำหนดส่ง | D2: ลบ 0 | T2: เรียง 1
B3: ข้อมูลUpdate ณ. วันที่ | D3: 45916 | E3: เวลา | G3: 10.01
A4: วันรับออร์เดอร์/แบบ | B4: เลขที่ SO | C4: ชื่อลูกค้า | E4: 10.3 | I4: น้ำหนัก | L4: บิด/จับจีบ | M4: ถุงใน | Q4: =[1]หน้าผ้า!$AC$13 -> 44873 | S4: วิธีบรรจุ | T4: วันส่ง | U4: จำนวนส่ง | V4: ตัดเย็บ (ใบ) | W4: =[1]หน้าผ้า!$AJ$13 -> 44873 | X4: พิมพ์ (ใบ) | Y4: =[1]หน้าผ้า!$AM$13 -> 44876 | Z4: ผ้าทอ (เมตร) Updateณ | AB4: =[1]หน้าผ้า!$AR$12 -> 44876 | AD4: ผ้าเคลือบ(เมตร) | AF4: หมายเหตุ | AG4: เครื่อง
B5: เลขที่ SO | C5: ชื่อลูกค้า | D5: ตรา | E5: กว้าง | F5: ยาว | G5: สี | H5: เคลือบ | I5: กรัม/ใบ | J5: * | K5: aw | L5: บิด/จับจีบ | M5: กว้าง | N5: ยาว | O5: หนา | P5: ใช้(กก.) | Q5: Stock(กก.) | R5: ผลิต(กก.) | S5: วิธีบรรจุ | T5: วันส่ง | U5: จำนวนส่ง | V5: StockFG | W5: ค้างตัด | X5: พิมพ์แล้ว | Y5: ค้างพิมพ์ | Z5: ประเภท | AA5: ใช้ | AB5: Stock | AC5: ค้างทอ | AD5: Stock | AE5: ค้างเคลือบ | AF5: หมายเหตุ | AG5: ที่พิมพ์ได้ | AH5: process | AI5: Lead time | AJ5: วันที่ส่งPL | AK5: เคลือบ | AL5: ได้ ART | AM5: พิมพ์ | AN5: จีบ-บิด | AO5: ตัด-เย็บ | AP5: ทอ | AQ5: สวมถุง | AR5: เย็บปาก | AS5: PT | AT5: ม้วน | AU5: ตัด | AV5: ตอกตาไก่ | AW5: GROUP | AX5: ART | AY5: หมายเหตุปัญหา | AZ5: ราคา/ใบ | BA5: ราคารวม | BB5: workweek | BC5: เส้นเทป | BD5: จำนวน
A6: =[2]หน้าผ้า!C15 -> 0 | B6: =[2]หน้าผ้า!B15 -> 0 | C6: =[2]หน้าผ้า!E15 -> 0 | D6: =[2]หน้าผ้า!F15 -> 0 | E6: =[2]หน้าผ้า!G15 -> 12 | F6: =[2]หน้าผ้า!H15 -> 16 | G6: =[2]หน้าผ้า!I15 -> ขาว | H6: =[2]หน้าผ้า!J15 -> 0 | I6: =[2]หน้าผ้า!L15 -> 25 | J6: =[2]หน้าผ้า!M15 -> ± | K6: =[2]หน้าผ้า!N15 -> 5 | L6: =[2]หน้าผ้า!R15 -> 0 | M6: =[2]หน้าผ้า!T15 -> 0 | N6: =[2]หน้าผ้า!U15 -> 0 | O6: =[2]หน้าผ้า!V15 -> 0 | P6: =[2]หน้าผ้า!AB15 -> 0 | Q6: =[2]หน้าผ้า!AC15 -> 0 | R6: =[2]หน้าผ้า!AD15 -> 0 | S6: =[2]หน้าผ้า!Z15 -> 0 | T6: =[2]หน้าผ้า!X15 -> 0 | U6: =[2]หน้าผ้า!AA15 -> 0 | V6: =[2]หน้าผ้า!AJ15 -> 0 | W6: =[2]หน้าผ้า!AL15 -> 0 | X6: =[2]หน้าผ้า!AM15 -> 0 | Y6: =[2]หน้าผ้า!AN15 -> 0 | Z6: =[2]หน้าผ้า!AO15 -> WSWT1221750 | AA6: =[2]หน้าผ้า!AQ15 -> #REF! | AB6: =[2]หน้าผ้า!AR15 -> #REF! | AC6: =[2]หน้าผ้า!AS15 -> #REF! | AD6: =[2]หน้าผ้า!AT15 -> #REF! | AE6: =[2]หน้าผ้า!AU15 -> #REF! | AF6: =[2]หน้าผ้า!AI15 -> ระบุในSD | AG6: =[3]หน้าผ้า!DC18 -> < Ord 20,000 | AH6: =[2]หน้าผ้า!DL15 -> 0 | AI6: =[2]หน้าผ้า!DM15 -> 0 | AJ6: =[2]หน้าผ้า!DN15 -> 0 | AK6: =[2]หน้าผ้า!DQ15 -> 0 | AL6: =[2]หน้าผ้า!DR15 -> 0 | AM6: =[2]หน้าผ้า!DS15 -> 0 | AN6: =[2]หน้าผ้า!DT15 -> 0 | AO6: =[2]หน้าผ้า!DU15 -> 0 | AP6: =[2]หน้าผ้า!DP15 -> 0 | AQ6: =[2]หน้าผ้า!DW15 -> 0 | AR6: =[2]หน้าผ้า!DX15 -> 0 | AS6: =[2]หน้าผ้า!DY15 -> 0 | AT6: =[2]หน้าผ้า!DZ15 -> 0 | AU6: =[2]หน้าผ้า!EA15 -> 0 | AV6: =[2]หน้าผ้า!EB15 -> 0 | AW6: =[2]หน้าผ้า!EC15 -> 0 | AX6: =[2]หน้าผ้า!ED15 -> 0 | AY6: =[2]หน้าผ้า!AG15 -> 0 | AZ6: =[2]หน้าผ้า!EG15 -> 0 | BA6: =[2]หน้าผ้า!EH15 -> 0 | BB6: =[2]หน้าผ้า!EI15 -> 0 | BC6: =[2]หน้าผ้า!BZ15 -> WRWT120750/WRWT21750 | BD6: =[2]หน้าผ้า!CA15 -> 0
A7: =[2]หน้าผ้า!C16 -> 0 | B7: =[2]หน้าผ้า!B16 -> 0 | C7: =[2]หน้าผ้า!E16 -> 0 | D7: =[2]หน้าผ้า!F16 -> 0 | E7: =[2]หน้าผ้า!G16 -> 14 | F7: =[2]หน้าผ้า!H16 -> 22 | G7: =[2]หน้าผ้า!I16 -> ขาว | H7: =[2]หน้าผ้า!J16 -> 0 | I7: =[2]หน้าผ้า!L16 -> 36 | J7: =[2]หน้าผ้า!M16 -> ± | K7: =[2]หน้าผ้า!N16 -> 5 | L7: =[2]หน้าผ้า!R16 -> 0 | M7: =[2]หน้าผ้า!T16 -> 0 | N7: =[2]หน้าผ้า!U16 -> 0 | O7: =[2]หน้าผ้า!V16 -> 0 | P7: =[2]หน้าผ้า!AB16 -> 0 | Q7: =[2]หน้าผ้า!AC16 -> 0 | R7: =[2]หน้าผ้า!AD16 -> 0 | S7: =[2]หน้าผ้า!Z16 -> 0 | T7: =[2]หน้าผ้า!X16 -> 0 | U7: =[2]หน้าผ้า!AA16 -> 0 | V7: =[2]หน้าผ้า!AJ16 -> 0 | W7: =[2]หน้าผ้า!AL16 -> 0 | X7: =[2]หน้าผ้า!AM16 -> 0 | Y7: =[2]หน้าผ้า!AN16 -> 0 | Z7: =[2]หน้าผ้า!AO16 -> WSWT1425800 | AA7: =[2]หน้าผ้า!AQ16 -> #REF! | AB7: =[2]หน้าผ้า!AR16 -> #REF! | AC7: =[2]หน้าผ้า!AS16 -> #REF! | AD7: =[2]หน้าผ้า!AT16 -> #REF! | AE7: =[2]หน้าผ้า!AU16 -> #REF! | AF7: =[2]หน้าผ้า!AI16 -> ระบุในSD | AG7: =[3]หน้าผ้า!DC19 -> พร้อมส่ง | AH7: =[2]หน้าผ้า!DL16 -> 0 | AI7: =[2]หน้าผ้า!DM16 -> Lead time | AJ7: =[2]หน้าผ้า!DN16 -> 0 | AK7: =[2]หน้าผ้า!DQ16 -> 0 | AL7: =[2]หน้าผ้า!DR16 -> 0 | AM7: =[2]หน้าผ้า!DS16 -> 0 | AN7: =[2]หน้าผ้า!DT16 -> 0 | AO7: =[2]หน้าผ้า!DU16 -> 0 | AP7: =[2]หน้าผ้า!DP16 -> 0 | AQ7: =[2]หน้าผ้า!DW16 -> 0 | AR7: =[2]หน้าผ้า!DX16 -> 0 | AS7: =[2]หน้าผ้า!DY16 -> 0 | AT7: =[2]หน้าผ้า!DZ16 -> 0 | AU7: =[2]หน้าผ้า!EA16 -> 0 | AV7: =[2]หน้าผ้า!EB16 -> 0 | AW7: =[2]หน้าผ้า!EC16 -> 0 | AX7: =[2]หน้าผ้า!ED16 -> 0 | AY7: =[2]หน้าผ้า!AG16 -> 0 | AZ7: =[2]หน้าผ้า!EG16 -> 0 | BA7: =[2]หน้าผ้า!EH16 -> 0 | BB7: =[2]หน้าผ้า!EI16 -> 0 | BC7: =[2]หน้าผ้า!BZ16 -> WRWT140800/WRWT25800 | BD7: =[2]หน้าผ้า!CA16 -> 0
A8: =[2]หน้าผ้า!C17 -> 45896 | B8: =[2]หน้าผ้า!B17 -> MK68-001041 | C8: =[2]หน้าผ้า!E17 -> บจก.ซัน ซีเมนต์ โพรเซส | D8: =[2]หน้าผ้า!F17 -> พระอาทิตย์ | E8: =[2]หน้าผ้า!G17 -> 16 | F8: =[2]หน้าผ้า!H17 -> 25 | G8: =[2]หน้าผ้า!I17 -> ขาว | H8: =[2]หน้าผ้า!J17 -> ใส | I8: =[2]หน้าผ้า!L17 -> 50 | J8: =[2]หน้าผ้า!M17 -> ± | K8: =[2]หน้าผ้า!N17 -> 5 | L8: =[2]หน้าผ้า!R17 -> บิด | M8: =[2]หน้าผ้า!T17 -> 19 | N8: =[2]หน้าผ้า!U17 -> 28 | O8: =[2]หน้าผ้า!V17 -> 40 | P8: =[2]หน้าผ้า!AB17 -> 5.7749686 | Q8: =[2]หน้าผ้า!AC17 -> 0 | R8: =[2]หน้าผ้า!AD17 -> 5.7749686 | S8: =[2]หน้าผ้า!Z17 -> 500กระสอบ | T8: =[2]หน้าผ้า!X17 -> 45920 | U8: =[2]หน้าผ้า!AA17 -> 5000 | V8: =[2]หน้าผ้า!AJ17 -> 4560 | W8: =[2]หน้าผ้า!AL17 -> 440 | X8: =[2]หน้าผ้า!AM17 -> 5800 | Y8: =[2]หน้าผ้า!AN17 -> 0 | Z8: =[2]หน้าผ้า!AO17 -> WSWT1625800SM | AA8: =[2]หน้าผ้า!AQ17 -> 0 | AB8: =[2]หน้าผ้า!AR17 -> 0 | AC8: =[2]หน้าผ้า!AS17 -> 0 | AD8: =[2]หน้าผ้า!AT17 -> 0 | AE8: =[2]หน้าผ้า!AU17 -> 0 | AF8: =[2]หน้าผ้า!AI17 -> รอส่ง | AG8: =[3]หน้าผ้า!DC20 -> พร้อมส่ง | AH8: =[2]หน้าผ้า!DL17 -> P8 | AI8: =[2]หน้าผ้า!DM17 -> 4 | AJ8: =[2]หน้าผ้า!DN17 -> 45915 | AK8: =[2]หน้าผ้า!DQ17 -> 45911 | AL8: =[2]หน้าผ้า!DR17 -> 45905 | AM8: =[2]หน้าผ้า!DS17 -> 45912 | AN8: =[2]หน้าผ้า!DT17 -> 45913 | AO8: =[2]หน้าผ้า!DU17 -> 45913 | AP8: =[2]หน้าผ้า!DP17 -> 45910 | AQ8: =[2]หน้าผ้า!DW17 -> 45914 | AR8: =[2]หน้าผ้า!DX17 -> 0 | AS8: =[2]หน้าผ้า!DY17 -> 0 | AT8: =[2]หน้าผ้า!DZ17 -> 0 | AU8: =[2]หน้าผ้า!EA17 -> 0 | AV8: =[2]หน้าผ้า!EB17 -> 0 | AW8: =[2]หน้าผ้า!EC17 -> งานเคลือบ+พิมพ์ | AX8: =[2]หน้าผ้า!ED17 -> / | AY8: =[2]หน้าผ้า!AG17 -> รอลูกค้า | AZ8: =[2]หน้าผ้า!EG17 -> 0 | BA8: =[2]หน้าผ้า!EH17 -> 0 | BB8: =[2]หน้าผ้า!EI17 -> 0 | BC8: =[2]หน้าผ้า!BZ17 -> WRWT25800/WRWT25800 | BD8: =[2]หน้าผ้า!CA17 -> 0
A9: =[2]หน้าผ้า!C18 -> 0 | B9: =[2]หน้าผ้า!B18 -> 0 | C9: =[2]หน้าผ้า!E18 -> 0 | D9: =[2]หน้าผ้า!F18 | E9: =[2]หน้าผ้า!G18 -> 16 | F9: =[2]หน้าผ้า!H18 -> 25 | G9: =[2]หน้าผ้า!I18 -> ขาว | H9: =[2]หน้าผ้า!J18 -> 0 | I9: =[2]หน้าผ้า!L18 -> 45 | J9: =[2]หน้าผ้า!M18 -> ± | K9: =[2]หน้าผ้า!N18 -> 5 | L9: =[2]หน้าผ้า!R18 -> 0 | M9: =[2]หน้าผ้า!T18 -> 0 | N9: =[2]หน้าผ้า!U18 -> 0 | O9: =[2]หน้าผ้า!V18 -> 0 | P9: =[2]หน้าผ้า!AB18 -> 0 | Q9: =[2]หน้าผ้า!AC18 -> 0 | R9: =[2]หน้าผ้า!AD18 -> 0 | S9: =[2]หน้าผ้า!Z18 -> 0 | T9: =[2]หน้าผ้า!X18 -> 0 | U9: =[2]หน้าผ้า!AA18 -> 0 | V9: =[2]หน้าผ้า!AJ18 -> 0 | W9: =[2]หน้าผ้า!AL18 -> 0 | X9: =[2]หน้าผ้า!AM18 -> 0 | Y9: =[2]หน้าผ้า!AN18 -> 0 | Z9: =[2]หน้าผ้า!AO18 -> WSWT1625800SM | AA9: =[2]หน้าผ้า!AQ18 -> 0 | AB9: =[2]หน้าผ้า!AR18 -> 0 | AC9: =[2]หน้าผ้า!AS18 -> 0 | AD9: =[2]หน้าผ้า!AT18 -> 0 | AE9: =[2]หน้าผ้า!AU18 -> 0 | AF9: =[2]หน้าผ้า!AI18 -> ระบุในSD | AG9: =[3]หน้าผ้า!DC21 -> พร้อมส่ง | AH9: =[2]หน้าผ้า!DL18 -> 0 | AI9: =[2]หน้าผ้า!DM18 -> Lead time | AJ9: =[2]หน้าผ้า!DN18 -> 0 | AK9: =[2]หน้าผ้า!DQ18 -> 0 | AL9: =[2]หน้าผ้า!DR18 -> 0 | AM9: =[2]หน้าผ้า!DS18 -> 0 | AN9: =[2]หน้าผ้า!DT18 -> 0 | AO9: =[2]หน้าผ้า!DU18 -> 0 | AP9: =[2]หน้าผ้า!DP18 -> 0 | AQ9: =[2]หน้าผ้า!DW18 -> 0 | AR9: =[2]หน้าผ้า!DX18 -> 0 | AS9: =[2]หน้าผ้า!DY18 -> 0 | AT9: =[2]หน้าผ้า!DZ18 -> 0 | AU9: =[2]หน้าผ้า!EA18 -> 0 | AV9: =[2]หน้าผ้า!EB18 -> 0 | AW9: =[2]หน้าผ้า!EC18 -> 0 | AX9: =[2]หน้าผ้า!ED18 -> 0 | AY9: =[2]หน้าผ้า!AG18 -> 0 | AZ9: =[2]หน้าผ้า!EG18 -> 0 | BA9: =[2]หน้าผ้า!EH18 -> 0 | BB9: =[2]หน้าผ้า!EI18 -> 0 | BC9: =[2]หน้าผ้า!BZ18 -> WRWT160800/WRWT25800 | BD9: =[2]หน้าผ้า!CA18 -> 0
A10: =[2]หน้าผ้า!C19 -> 45897 | B10: =[2]หน้าผ้า!B19 -> MK68-001045 | C10: =[2]หน้าผ้า!E19 -> บจก.เคอรี่ฟลาวมิลล์ | D10: =[2]หน้าผ้า!F19 -> น้องเอินโดนัท 10กก | E10: =[2]หน้าผ้า!G19 -> 16 | F10: =[2]หน้าผ้า!H19 -> 25 | G10: =[2]หน้าผ้า!I19 -> ขาว | H10: =[2]หน้าผ้า!J19 -> 0 | I10: =[2]หน้าผ้า!L19 -> 45 | J10: =[2]หน้าผ้า!M19 -> ± | K10: =[2]หน้าผ้า!N19 -> 5 | L10: =[2]หน้าผ้า!R19 -> ไม่ | M10: =[2]หน้าผ้า!T19 -> ไม่สวมถุงใน | N10: =[2]หน้าผ้า!U19 -> 0 | O10: =[2]หน้าผ้า!V19 -> 0 | P10: =[2]หน้าผ้า!AB19 -> 0 | Q10: =[2]หน้าผ้า!AC19 -> 0 | R10: =[2]หน้าผ้า!AD19 -> 0 | S10: =[2]หน้าผ้า!Z19 -> ห่ออัดเบลแบน500 | T10: =[2]หน้าผ้า!X19 -> 45925 | U10: =[2]หน้าผ้า!AA19 -> 5000 | V10: =[2]หน้าผ้า!AJ19 -> 5000 | W10: =[2]หน้าผ้า!AL19 -> 0 | X10: =[2]หน้าผ้า!AM19 -> 5400 | Y10: =[2]หน้าผ้า!AN19 -> 0 | Z10: =[2]หน้าผ้า!AO19 -> WSWT1625800 | AA10: =[2]หน้าผ้า!AQ19 -> 0 | AB10: =[2]หน้าผ้า!AR19 -> 0 | AC10: =[2]หน้าผ้า!AS19 -> 0 | AD10: =[2]หน้าผ้า!AT19 -> 0 | AE10: =[2]หน้าผ้า!AU19 -> 0 | AF10: =[2]หน้าผ้า!AI19 -> 0 | AG10: =[3]หน้าผ้า!DC22 -> ยังไม่ได้พิมพ์ | AH10: =[2]หน้าผ้า!DL19 -> P7 | AI10: =[2]หน้าผ้า!DM19 -> 2 | AJ10: =[2]หน้าผ้า!DN19 -> 45925 | AK10: =[2]หน้าผ้า!DQ19 -> 0 | AL10: =[2]หน้าผ้า!DR19 -> 45916 | AM10: =[2]หน้าผ้า!DS19 -> 45923 | AN10: =[2]หน้าผ้า!DT19 -> 45924 | AO10: =[2]หน้าผ้า!DU19 -> 45924 | AP10: =[2]หน้าผ้า!DP19 -> 45920 | AQ10: =[2]หน้าผ้า!DW19 -> 0 | AR10: =[2]หน้าผ้า!DX19 -> 0 | AS10: =[2]หน้าผ้า!DY19 -> 0 | AT10: =[2]หน้าผ้า!DZ19 -> 0 | AU10: =[2]หน้าผ้า!EA19 -> 0 | AV10: =[2]หน้าผ้า!EB19 -> 0 | AW10: =[2]หน้าผ้า!EC19 -> งานพิมพ์ | AX10: =[2]หน้าผ้า!ED19 -> รอART | AY10: =[2]หน้าผ้า!AG19 -> สีลอกทั้งหมด | AZ10: =[2]หน้าผ้า!EG19 -> 0 | BA10: =[2]หน้าผ้า!EH19 -> 0 | BB10: =[2]หน้าผ้า!EI19 -> 0 | BC10: =[2]หน้าผ้า!BZ19 -> WRWT25800/WRWT25800 | BD10: =[2]หน้าผ้า!CA19 -> 0
A11: =[2]หน้าผ้า!C20 -> 0 | B11: =[2]หน้าผ้า!B20 -> 0 | C11: =[2]หน้าผ้า!E20 -> 0 | D11: =[2]หน้าผ้า!F20 -> 0 | E11: =[2]หน้าผ้า!G20 -> 16 | F11: =[2]หน้าผ้า!H20 -> 25 | G11: =[2]หน้าผ้า!I20 -> ขาว | H11: =[2]หน้าผ้า!J20 -> 0 | I11: =[2]หน้าผ้า!L20 -> 45 | J11: =[2]หน้าผ้า!M20 -> ± | K11: =[2]หน้าผ้า!N20 -> 5 | L11: =[2]หน้าผ้า!R20 -> 0 | M11: =[2]หน้าผ้า!T20 -> 0 | N11: =[2]หน้าผ้า!U20 -> 0 | O11: =[2]หน้าผ้า!V20 -> 0 | P11: =[2]หน้าผ้า!AB20 -> 0 | Q11: =[2]หน้าผ้า!AC20 -> 0 | R11: =[2]หน้าผ้า!AD20 -> 0 | S11: =[2]หน้าผ้า!Z20 -> 0 | T11: =[2]หน้าผ้า!X20 -> 0 | U11: =[2]หน้าผ้า!AA20 -> 0 | V11: =[2]หน้าผ้า!AJ20 -> 0 | W11: =[2]หน้าผ้า!AL20 -> 0 | X11: =[2]หน้าผ้า!AM20 -> 0 | Y11: =[2]หน้าผ้า!AN20 -> 0 | Z11: =[2]หน้าผ้า!AO20 -> WSWT1625800 | AA11: =[2]หน้าผ้า!AQ20 -> 0 | AB11: =[2]หน้าผ้า!AR20 -> 0 | AC11: =[2]หน้าผ้า!AS20 -> 0 | AD11: =[2]หน้าผ้า!AT20 -> 0 | AE11: =[2]หน้าผ้า!AU20 -> 0 | AF11: =[2]หน้าผ้า!AI20 -> ระบุในSD | AG11: =[3]หน้าผ้า!DC23 -> พร้อมส่ง | AH11: =[2]หน้าผ้า!DL20 -> 0 | AI11: =[2]หน้าผ้า!DM20 -> Lead time | AJ11: =[2]หน้าผ้า!DN20 -> 0 | AK11: =[2]หน้าผ้า!DQ20 -> 0 | AL11: =[2]หน้าผ้า!DR20 -> 0 | AM11: =[2]หน้าผ้า!DS20 -> 0 | AN11: =[2]หน้าผ้า!DT20 -> 0 | AO11: =[2]หน้าผ้า!DU20 -> 0 | AP11: =[2]หน้าผ้า!DP20 -> 0 | AQ11: =[2]หน้าผ้า!DW20 -> 0 | AR11: =[2]หน้าผ้า!DX20 -> 0 | AS11: =[2]หน้าผ้า!DY20 -> 0 | AT11: =[2]หน้าผ้า!DZ20 -> 0 | AU11: =[2]หน้าผ้า!EA20 -> 0 | AV11: =[2]หน้าผ้า!EB20 -> 0 | AW11: =[2]หน้าผ้า!EC20 -> 0 | AX11: =[2]หน้าผ้า!ED20 -> 0 | AY11: =[2]หน้าผ้า!AG20 -> 0 | AZ11: =[2]หน้าผ้า!EG20 -> 0 | BA11: =[2]หน้าผ้า!EH20 -> 0 | BB11: =[2]หน้าผ้า!EI20 -> 0 | BC11: =[2]หน้าผ้า!BZ20 -> WRWT160800/WRWT25800 | BD11: =[2]หน้าผ้า!CA20 -> 0
A12: =[2]หน้าผ้า!C21 -> 0 | B12: =[2]หน้าผ้า!B21 -> 0 | C12: =[2]หน้าผ้า!E21 -> 0 | D12: =[2]หน้าผ้า!F21 -> 0 | E12: =[2]หน้าผ้า!G21 -> 16 | F12: =[2]หน้าผ้า!H21 -> 25 | G12: =[2]หน้าผ้า!I21 -> 0 | H12: =[2]หน้าผ้า!J21 -> 0 | I12: =[2]หน้าผ้า!L21 -> 47 | J12: =[2]หน้าผ้า!M21 -> ± | K12: =[2]หน้าผ้า!N21 -> 5 | L12: =[2]หน้าผ้า!R21 -> 0 | M12: =[2]หน้าผ้า!T21 -> 0 | N12: =[2]หน้าผ้า!U21 -> 0 | O12: =[2]หน้าผ้า!V21 -> 0 | P12: =[2]หน้าผ้า!AB21 -> 0 | Q12: =[2]หน้าผ้า!AC21 -> 0 | R12: =[2]หน้าผ้า!AD21 -> 0 | S12: =[2]หน้าผ้า!Z21 -> 0 | T12: =[2]หน้าผ้า!X21 -> 0 | U12: =[2]หน้าผ้า!AA21 -> 0 | V12: =[2]หน้าผ้า!AJ21 -> 0 | W12: =[2]หน้าผ้า!AL21 -> 0 | X12: =[2]หน้าผ้า!AM21 -> 0 | Y12: =[2]หน้าผ้า!AN21 -> 0 | Z12: =[2]หน้าผ้า!AO21 -> WSWT1621720SMFX | AA12: =[2]หน้าผ้า!AQ21 -> #REF! | AB12: =[2]หน้าผ้า!AR21 -> #REF! | AC12: =[2]หน้าผ้า!AS21 -> #REF! | AD12: =[2]หน้าผ้า!AT21 -> #REF! | AE12: =[2]หน้าผ้า!AU21 -> #REF! | AF12: =[2]หน้าผ้า!AI21 -> ระบุในSD | AG12: =[3]หน้าผ้า!DC24 -> ยังไม่ได้พิมพ์ | AH12: =[2]หน้าผ้า!DL21 -> 0 | AI12: =[2]หน้าผ้า!DM21 -> 0 | AJ12: =[2]หน้าผ้า!DN21 -> 0 | AK12: =[2]หน้าผ้า!DQ21 -> 0 | AL12: =[2]หน้าผ้า!DR21 -> 0 | AM12: =[2]หน้าผ้า!DS21 -> 0 | AN12: =[2]หน้าผ้า!DT21 -> 0 | AO12: =[2]หน้าผ้า!DU21 -> 0 | AP12: =[2]หน้าผ้า!DP21 -> 0 | AQ12: =[2]หน้าผ้า!DW21 -> 0 | AR12: =[2]หน้าผ้า!DX21 -> 0 | AS12: =[2]หน้าผ้า!DY21 -> 0 | AT12: =[2]หน้าผ้า!DZ21 -> 0 | AU12: =[2]หน้าผ้า!EA21 -> 0 | AV12: =[2]หน้าผ้า!EB21 -> 0 | AW12: =[2]หน้าผ้า!EC21 -> 0 | AX12: =[2]หน้าผ้า!ED21 -> 0 | AY12: =[2]หน้าผ้า!AG21 -> 0 | AZ12: =[2]หน้าผ้า!EG21 -> 0 | BA12: =[2]หน้าผ้า!EH21 -> 0 | BB12: =[2]หน้าผ้า!EI21 -> 0 | BC12: =[2]หน้าผ้า!BZ21 -> WRWT160720/WRWT21720 | BD12: =[2]หน้าผ้า!CA21 -> 0
A13: =[2]หน้าผ้า!C22 -> 45915 | B13: =[2]หน้าผ้า!B22 -> MK68-001115 | C13: =[2]หน้าผ้า!E22 -> บจก.โรงสีข้าวธัญญาวัตน์ | D13: =[2]หน้าผ้า!F22 -> LUNG SHIN 12 KG. | E13: =[2]หน้าผ้า!G22 -> 17 | F13: =[2]หน้าผ้า!H22 -> 26 | G13: =[2]หน้าผ้า!I22 -> ขาว | H13: =[2]หน้าผ้า!J22 -> 0 | I13: =[2]หน้าผ้า!L22 -> 48 | J13: =[2]หน้าผ้า!M22 -> ± | K13: =[2]หน้าผ้า!N22 -> 5 | L13: =[2]หน้าผ้า!R22 -> ไม่ | M13: =[2]หน้าผ้า!T22 -> ไม่สวมถุงใน | N13: =[2]หน้าผ้า!U22 -> 0 | O13: =[2]หน้าผ้า!V22 -> 0 | P13: =[2]หน้าผ้า!AB22 -> 0 | Q13: =[2]หน้าผ้า!AC22 -> 0 | R13: =[2]หน้าผ้า!AD22 -> 0 | S13: =[2]หน้าผ้า!Z22 -> 500กระสอบ | T13: =[2]หน้าผ้า!X22 -> 45922 | U13: =[2]หน้าผ้า!AA22 -> 10100 | V13: =[2]หน้าผ้า!AJ22 -> 0 | W13: =[2]หน้าผ้า!AL22 -> 10100 | X13: =[2]หน้าผ้า!AM22 -> 0 | Y13: =[2]หน้าผ้า!AN22 -> 10605 | Z13: =[2]หน้าผ้า!AO22 -> WSWT1725800 | AA13: =[2]หน้าผ้า!AQ22 -> 7760.335 | AB13: =[2]หน้าผ้า!AR22 -> 7760.335 | AC13: =[2]หน้าผ้า!AS22 -> 0 | AD13: =[2]หน้าผ้า!AT22 -> 0 | AE13: =[2]หน้าผ้า!AU22 -> 0 | AF13: =[2]หน้าผ้า!AI22 -> 0 | AG13: =[3]หน้าผ้า!DC25 -> พร้อมส่ง | AH13: =[2]หน้าผ้า!DL22 -> P7 | AI13: =[2]หน้าผ้า!DM22 -> 2 | AJ13: =[2]หน้าผ้า!DN22 -> 45922 | AK13: =[2]หน้าผ้า!DQ22 -> 0 | AL13: =[2]หน้าผ้า!DR22 -> 45913 | AM13: =[2]หน้าผ้า!DS22 -> 45920 | AN13: =[2]หน้าผ้า!DT22 -> 45921 | AO13: =[2]หน้าผ้า!DU22 -> 45921 | AP13: =[2]หน้าผ้า!DP22 -> 45917 | AQ13: =[2]หน้าผ้า!DW22 -> 0 | AR13: =[2]หน้าผ้า!DX22 -> 0 | AS13: =[2]หน้าผ้า!DY22 -> 0 | AT13: =[2]หน้าผ้า!DZ22 -> 0 | AU13: =[2]หน้าผ้า!EA22 -> 0 | AV13: =[2]หน้าผ้า!EB22 -> 0 | AW13: =[2]หน้าผ้า!EC22 -> งานพิมพ์ | AX13: =[2]หน้าผ้า!ED22 -> รอART | AY13: =[2]หน้าผ้า!AG22 -> 20/9เย็น | AZ13: =[2]หน้าผ้า!EG22 -> 0 | BA13: =[2]หน้าผ้า!EH22 -> 0 | BB13: =[2]หน้าผ้า!EI22 -> 0 | BC13: =[2]หน้าผ้า!BZ22 -> WRWT25800/WRWT25800 | BD13: =[2]หน้าผ้า!CA22 -> 0
A14: =[2]หน้าผ้า!C23 -> 0 | B14: =[2]หน้าผ้า!B23 -> 0 | C14: =[2]หน้าผ้า!E23 -> 0 | D14: =[2]หน้าผ้า!F23 -> 0 | E14: =[2]หน้าผ้า!G23 -> 17 | F14: =[2]หน้าผ้า!H23 -> 26 | G14: =[2]หน้าผ้า!I23 -> 0 | H14: =[2]หน้าผ้า!J23 -> 0 | I14: =[2]หน้าผ้า!L23 -> 48 | J14: =[2]หน้าผ้า!M23 -> ± | K14: =[2]หน้าผ้า!N23 -> 5 | L14: =[2]หน้าผ้า!R23 -> 0 | M14: =[2]หน้าผ้า!T23 -> 0 | N14: =[2]หน้าผ้า!U23 -> 0 | O14: =[2]หน้าผ้า!V23 -> 0 | P14: =[2]หน้าผ้า!AB23 -> 0 | Q14: =[2]หน้าผ้า!AC23 -> 0 | R14: =[2]หน้าผ้า!AD23 -> 0 | S14: =[2]หน้าผ้า!Z23 -> 0 | T14: =[2]หน้าผ้า!X23 -> 0 | U14: =[2]หน้าผ้า!AA23 -> 0 | V14: =[2]หน้าผ้า!AJ23 -> 0 | W14: =[2]หน้าผ้า!AL23 -> 0 | X14: =[2]หน้าผ้า!AM23 -> 0 | Y14: =[2]หน้าผ้า!AN23 -> 0 | Z14: =[2]หน้าผ้า!AO23 -> WSWT1725800 | AA14: =[2]หน้าผ้า!AQ23 -> 7760.335 | AB14: =[2]หน้าผ้า!AR23 -> 7760.335 | AC14: =[2]หน้าผ้า!AS23 -> 0 | AD14: =[2]หน้าผ้า!AT23 -> 0 | AE14: =[2]หน้าผ้า!AU23 -> 0 | AF14: =[2]หน้าผ้า!AI23 -> ระบุในSD | AG14: =[3]หน้าผ้า!DC26 -> ยังไม่ได้พิมพ์ | AH14: =[2]หน้าผ้า!DL23 -> 0 | AI14: =[2]หน้าผ้า!DM23 -> 0 | AJ14: =[2]หน้าผ้า!DN23 -> 0 | AK14: =[2]หน้าผ้า!DQ23 -> 0 | AL14: =[2]หน้าผ้า!DR23 -> 0 | AM14: =[2]หน้าผ้า!DS23 -> 0 | AN14: =[2]หน้าผ้า!DT23 -> 0 | AO14: =[2]หน้าผ้า!DU23 -> 0 | AP14: =[2]หน้าผ้า!DP23 -> 0 | AQ14: =[2]หน้าผ้า!DW23 -> 0 | AR14: =[2]หน้าผ้า!DX23 -> 0 | AS14: =[2]หน้าผ้า!DY23 -> 0 | AT14: =[2]หน้าผ้า!DZ23 -> 0 | AU14: =[2]หน้าผ้า!EA23 -> 0 | AV14: =[2]หน้าผ้า!EB23 -> 0 | AW14: =[2]หน้าผ้า!EC23 -> 0 | AX14: =[2]หน้าผ้า!ED23 -> 0 | AY14: =[2]หน้าผ้า!AG23 -> 0 | AZ14: =[2]หน้าผ้า!EG23 -> 0 | BA14: =[2]หน้าผ้า!EH23 -> 0 | BB14: =[2]หน้าผ้า!EI23 -> 0 | BC14: =[2]หน้าผ้า!BZ23 -> WRWT170800/WRWT25800 | BD14: =[2]หน้าผ้า!CA23 -> 0
A15: =[2]หน้าผ้า!C24 -> ประมาณการ | B15: =[2]หน้าผ้า!B24 -> ประมาณการ | C15: =[2]หน้าผ้า!E24 -> บจก.ฟาร์เธอร์ส วิง ซัพพลาย | D15: =[2]หน้าผ้า!F24 -> รถไฟ | E15: =[2]หน้าผ้า!G24 -> 18 | F15: =[2]หน้าผ้า!H24 -> 30 | G15: =[2]หน้าผ้า!I24 -> ขาว | H15: =[2]หน้าผ้า!J24 -> 0 | I15: =[2]หน้าผ้า!L24 -> 54 | J15: =[2]หน้าผ้า!M24 -> ± | K15: =[2]หน้าผ้า!N24 -> 5 | L15: =[2]หน้าผ้า!R24 -> บิด | M15: =[2]หน้าผ้า!T24 -> 19 | N15: =[2]หน้าผ้า!U24 -> 33 | O15: =[2]หน้าผ้า!V24 -> 40 | P15: =[2]หน้าผ้า!AB24 -> 232.02999 | Q15: =[2]หน้าผ้า!AC24 -> 0 | R15: =[2]หน้าผ้า!AD24 -> 232.02999 | S15: =[2]หน้าผ้า!Z24 -> 500กระสอบ | T15: =[2]หน้าผ้า!X24 -> รอแจ้ง | U15: =[2]หน้าผ้า!AA24 -> 15000 | V15: =[2]หน้าผ้า!AJ24 -> 0 | W15: =[2]หน้าผ้า!AL24 -> 15000 | X15: =[2]หน้าผ้า!AM24 -> 0 | Y15: =[2]หน้าผ้า!AN24 -> 15750 | Z15: =[2]หน้าผ้า!AO24 -> WSWT1825800 | AA15: =[2]หน้าผ้า!AQ24 -> 13201.65 | AB15: =[2]หน้าผ้า!AR24 -> 2599 | AC15: =[2]หน้าผ้า!AS24 -> 10602.65 | AD15: =[2]หน้าผ้า!AT24 -> 0 | AE15: =[2]หน้าผ้า!AU24 -> 0 | AF15: =[2]หน้าผ้า!AI24 -> 0 | AG15: =[3]หน้าผ้า!DC27 -> พร้อมส่ง | AH15: =[2]หน้าผ้า!DL24 -> P9 | AI15: =[2]หน้าผ้า!DM24 -> 3 | AJ15: =[2]หน้าผ้า!DN24 -> รอแจ้ง | AK15: =[2]หน้าผ้า!DQ24 -> 0 | AL15: =[2]หน้าผ้า!DR24 -> #VALUE! | AM15: =[2]หน้าผ้า!DS24 -> #VALUE! | AN15: =[2]หน้าผ้า!DT24 -> #VALUE! | AO15: =[2]หน้าผ้า!DU24 -> #VALUE! | AP15: =[2]หน้าผ้า!DP24 -> #VALUE! | AQ15: =[2]หน้าผ้า!DW24 -> #VALUE! | AR15: =[2]หน้าผ้า!DX24 -> 0 | AS15: =[2]หน้าผ้า!DY24 -> 0 | AT15: =[2]หน้าผ้า!DZ24 -> 0 | AU15: =[2]หน้าผ้า!EA24 -> 0 | AV15: =[2]หน้าผ้า!EB24 -> 0 | AW15: =[2]หน้าผ้า!EC24 -> งานพิมพ์ | AX15: =[2]หน้าผ้า!ED24 -> รอART | AY15: =[2]หน้าผ้า!AG24 -> 0 | AZ15: =[2]หน้าผ้า!EG24 -> 0 | BA15: =[2]หน้าผ้า!EH24 -> 0 | BB15: =[2]หน้าผ้า!EI24 -> 0 | BC15: =[2]หน้าผ้า!BZ24 -> WRWT25800/WRWT25800 | BD15: =[2]หน้าผ้า!CA24 -> 729.46232
A16: =[2]หน้าผ้า!C25 -> 0 | B16: =[2]หน้าผ้า!B25 -> 0 | C16: =[2]หน้าผ้า!E25 | D16: =[2]หน้าผ้า!F25 | E16: =[2]หน้าผ้า!G25 -> 18 | F16: =[2]หน้าผ้า!H25 -> 30 | G16: =[2]หน้าผ้า!I25 -> ขาว | H16: =[2]หน้าผ้า!J25 -> 0 | I16: =[2]หน้าผ้า!L25 -> 54 | J16: =[2]หน้าผ้า!M25 -> ± | K16: =[2]หน้าผ้า!N25 -> 5 | L16: =[2]หน้าผ้า!R25 -> 0 | M16: =[2]หน้าผ้า!T25 -> 0 | N16: =[2]หน้าผ้า!U25 -> 0 | O16: =[2]หน้าผ้า!V25 -> 0 | P16: =[2]หน้าผ้า!AB25 -> 0 | Q16: =[2]หน้าผ้า!AC25 -> 0 | R16: =[2]หน้าผ้า!AD25 -> 0 | S16: =[2]หน้าผ้า!Z25 -> 0 | T16: =[2]หน้าผ้า!X25 -> 0 | U16: =[2]หน้าผ้า!AA25 -> 0 | V16: =[2]หน้าผ้า!AJ25 -> 0 | W16: =[2]หน้าผ้า!AL25 -> 0 | X16: =[2]หน้าผ้า!AM25 -> 0 | Y16: =[2]หน้าผ้า!AN25 -> 0 | Z16: =[2]หน้าผ้า!AO25 -> WSWT1825800 | AA16: =[2]หน้าผ้า!AQ25 -> 13201.65 | AB16: =[2]หน้าผ้า!AR25 -> 2599 | AC16: =[2]หน้าผ้า!AS25 -> 10602.65 | AD16: =[2]หน้าผ้า!AT25 -> 0 | AE16: =[2]หน้าผ้า!AU25 -> 0 | AF16: =[2]หน้าผ้า!AI25 -> ระบุในSD | AG16: =[3]หน้าผ้า!DC28 -> พร้อมส่ง | AH16: =[2]หน้าผ้า!DL25 -> 0 | AI16: =[2]หน้าผ้า!DM25 -> Lead time | AJ16: =[2]หน้าผ้า!DN25 -> 0 | AK16: =[2]หน้าผ้า!DQ25 -> 0 | AL16: =[2]หน้าผ้า!DR25 -> 0 | AM16: =[2]หน้าผ้า!DS25 -> 0 | AN16: =[2]หน้าผ้า!DT25 -> 0 | AO16: =[2]หน้าผ้า!DU25 -> 0 | AP16: =[2]หน้าผ้า!DP25 -> 0 | AQ16: =[2]หน้าผ้า!DW25 -> 0 | AR16: =[2]หน้าผ้า!DX25 -> 0 | AS16: =[2]หน้าผ้า!DY25 -> 0 | AT16: =[2]หน้าผ้า!DZ25 -> 0 | AU16: =[2]หน้าผ้า!EA25 -> 0 | AV16: =[2]หน้าผ้า!EB25 -> 0 | AW16: =[2]หน้าผ้า!EC25 -> 0 | AX16: =[2]หน้าผ้า!ED25 -> 0 | AY16: =[2]หน้าผ้า!AG25 -> 0 | AZ16: =[2]หน้าผ้า!EG25 -> 0 | BA16: =[2]หน้าผ้า!EH25 -> 0 | BB16: =[2]หน้าผ้า!EI25 -> 0 | BC16: =[2]หน้าผ้า!BZ25 -> WRWT25800/WRWT25800 | BD16: =[2]หน้าผ้า!CA25 -> 0
A17: =[2]หน้าผ้า!C26 -> 45912 | B17: =[2]หน้าผ้า!B26 -> MK68-001111 | C17: =[2]หน้าผ้า!E26 -> บจก.ซิเบลโก้(บางเลน) | D17: =[2]หน้าผ้า!F26 -> PORTARYTE | E17: =[2]หน้าผ้า!G26 -> 18 | F17: =[2]หน้าผ้า!H26 -> 30 | G17: =[2]หน้าผ้า!I26 -> ขาว | H17: =[2]หน้าผ้า!J26 -> ใส | I17: =[2]หน้าผ้า!L26 -> 74 | J17: =[2]หน้าผ้า!M26 -> ± | K17: =[2]หน้าผ้า!N26 -> 5 | L17: =[2]หน้าผ้า!R26 -> ไม่ | M17: =[2]หน้าผ้า!T26 -> ไม่สวมถุงใน | N17: =[2]หน้าผ้า!U26 -> 0 | O17: =[2]หน้าผ้า!V26 -> 0 | P17: =[2]หน้าผ้า!AB26 -> 0 | Q17: =[2]หน้าผ้า!AC26 -> 0 | R17: =[2]หน้าผ้า!AD26 -> 0 | S17: =[2]หน้าผ้า!Z26 -> 500กระสอบแบน | T17: =[2]หน้าผ้า!X26 -> 45924 | U17: =[2]หน้าผ้า!AA26 -> 10000 | V17: =[2]หน้าผ้า!AJ26 -> 0 | W17: =[2]หน้าผ้า!AL26 -> 10000 | X17: =[2]หน้าผ้า!AM26 -> 0 | Y17: =[2]หน้าผ้า!AN26 -> 10500 | Z17: =[2]หน้าผ้า!AO26 -> WSWT1825800SM | AA17: =[2]หน้าผ้า!AQ26 -> 8801.1 | AB17: =[2]หน้าผ้า!AR26 -> 8801.1 | AC17: =[2]หน้าผ้า!AS26 -> 0 | AD17: =[2]หน้าผ้า!AT26 -> 1900 | AE17: =[2]หน้าผ้า!AU26 -> 6901.1 | AF17: =[2]หน้าผ้า!AI26 -> ห้ามเกิน-ขาดได้5% | AG17: =[3]หน้าผ้า!DC29 -> ยังไม่ได้พิมพ์ | AH17: =[2]หน้าผ้า!DL26 -> P6 | AI17: =[2]หน้าผ้า!DM26 -> 4 | AJ17: =[2]หน้าผ้า!DN26 -> 45924 | AK17: =[2]หน้าผ้า!DQ26 -> 45920 | AL17: =[2]หน้าผ้า!DR26 -> 45913 | AM17: =[2]หน้าผ้า!DS26 -> 45921 | AN17: =[2]หน้าผ้า!DT26 -> 45922 | AO17: =[2]หน้าผ้า!DU26 -> 45923 | AP17: =[2]หน้าผ้า!DP26 -> 45919 | AQ17: =[2]หน้าผ้า!DW26 -> 0 | AR17: =[2]หน้าผ้า!DX26 -> 0 | AS17: =[2]หน้าผ้า!DY26 -> 0 | AT17: =[2]หน้าผ้า!DZ26 -> 0 | AU17: =[2]หน้าผ้า!EA26 -> 0 | AV17: =[2]หน้าผ้า!EB26 -> 0 | AW17: =[2]หน้าผ้า!EC26 -> งานเคลือบ+พิมพ์ | AX17: =[2]หน้าผ้า!ED26 -> / | AY17: =[2]หน้าผ้า!AG26 -> 0 | AZ17: =[2]หน้าผ้า!EG26 -> 0 | BA17: =[2]หน้าผ้า!EH26 -> 0 | BB17: =[2]หน้าผ้า!EI26 -> 0 | BC17: =[2]หน้าผ้า!BZ26 -> WRWT25800/WRWT25800 | BD17: =[2]หน้าผ้า!CA26 -> 0
... A575: =[2]หน้าผ้า!C584 -> 0 | B575: =[2]หน้าผ้า!B584 -> 0 | C575: =[2]หน้าผ้า!E584 -> 0 | D575: =[2]หน้าผ้า!F584 -> 0 | E575: =[2]หน้าผ้า!G584 -> 0 | F575: =[2]หน้าผ้า!H584 -> 0 | G575: =[2]หน้าผ้า!I584 -> 0 | H575: =[2]หน้าผ้า!J584 -> 0 | I575: =[2]หน้าผ้า!L584 -> 0 | J575: =[2]หน้าผ้า!M584 -> 0 | K575: =[2]หน้าผ้า!N584 -> 0 | L575: =[2]หน้าผ้า!R584 -> 0 | M575: =[2]หน้าผ้า!T584 -> 0 | N575: =[2]หน้าผ้า!U584 -> 0 | O575: =[2]หน้าผ้า!V584 -> 0 | P575: =[2]หน้าผ้า!AB584 -> 0 | Q575: =[2]หน้าผ้า!AC584 -> 0 | R575: =[2]หน้าผ้า!AD584 -> 0 | S575: =[2]หน้าผ้า!Z584 -> 0 | T575: =[2]หน้าผ้า!X584 -> 0 | U575: =[2]หน้าผ้า!AA584 -> 0 | V575: =[2]หน้าผ้า!AJ584 -> 0 | W575: =[2]หน้าผ้า!AL584 -> 0 | X575: =[2]หน้าผ้า!AM584 -> 0 | Y575: =[2]หน้าผ้า!AN584 -> 0 | Z575: =[2]หน้าผ้า!AO584 -> 0 | AA575: =[2]หน้าผ้า!AQ584 -> 0 | AB575: =[2]หน้าผ้า!AR584 -> 0 | AC575: =[2]หน้าผ้า!AS584 -> 0 | AD575: =[2]หน้าผ้า!AT584 -> 0 | AE575: =[2]หน้าผ้า!AU584 -> 0 | AF575: =[2]หน้าผ้า!AI584 -> 0 | AG575: =[3]หน้าผ้า!DC587 -> 0 | AH575: =[2]หน้าผ้า!DL584 -> 0 | AI575: =[2]หน้าผ้า!DM584 -> 0 | AJ575: =[2]หน้าผ้า!DN584 -> 0 | AK575: =[2]หน้าผ้า!DQ584 -> 0 | AL575: =[2]หน้าผ้า!DR584 -> 0 | AM575: =[2]หน้าผ้า!DS584 -> 0 | AN575: =[2]หน้าผ้า!DT584 -> 0 | AO575: =[2]หน้าผ้า!DU584 -> 0 | AP575: =[2]หน้าผ้า!DP584 -> 0 | AQ575: =[2]หน้าผ้า!DW584 -> 0 | AR575: =[2]หน้าผ้า!DX584 -> 0 | AS575: =[2]หน้าผ้า!DY584 -> 0 | AT575: =[2]หน้าผ้า!DZ584 -> 0 | AU575: =[2]หน้าผ้า!EA584 -> 0 | AV575: =[2]หน้าผ้า!EB584 -> 0 | AW575: =[2]หน้าผ้า!EC584 -> 0 | AX575: =[2]หน้าผ้า!ED584 -> 0 | AY575: =[2]หน้าผ้า!AG584 -> 0 | AZ575: =[2]หน้าผ้า!EG584 -> 0 | BA575: =[2]หน้าผ้า!EH584 -> 0 | BB575: =[2]หน้าผ้า!EI584 -> 0 | BC575: =[2]หน้าผ้า!BZ584 -> 0 | BD575: =[2]หน้าผ้า!CA584 -> 0

Sheet 9(Order+FC)
A2: เลขที่ SO | B2: (หลายรายการ)
A3: วันส่ง | B3: (หลายรายการ)
A4: ชื่อลูกค้า | B4: (ทั้งหมด)
K5: 9
A6: ประเภท | B6: ผลรวม ของ จำนวนส่ง | C6: ผลรวม ของ ค้างพิมพ์ | D6: ผลรวม ของ ค้างตัด | E6: ผลรวม ของ ใช้ | F6: ผลรวม ของ Stock | G6: ผลรวม ของ ค้างทอ
A7: WSWT1921720 | B7: 230000 | C7: 84000 | D7: 171090 | E7: 122796.3 | F7: 78299.2 | G7: 44497.1 | H7: =+J7-I7 -> 44497.1 | J7: =G7 -> 44497.1
A8: WSWT19251000SM | B8: 10080 | C8: 4059.3 | D8: 8906 | E8: 3834.5694 | F8: 3834.5694 | G8: 0 | H8: =+J8-I8 -> 0 | J8: =G8 -> 0
A9: WSWT1925800 | B9: 110000 | C9: 62755.35 | D9: 59767 | E9: 53706.114 | F9: 14424 | G9: 39282.114 | H9: =+J9-I9 -> 39282.114 | J9: =G9 -> 39282.114
A10: WSWT2025800 | B10: 16200 | C10: 5250 | D10: 6360 | E10: 4679.95 | F10: 4679.95 | G10: 0 | H10: =+J10-I10 -> 0 | J10: =G10 -> 0
A11: WSWT2025800SM | B11: 273486 | C11: 177981.3 | D11: 186891 | E11: 178773.06 | F11: 34893.506 | G11: 143879.55 | H11: =+J11-I11 -> 143879.55 | J11: =G11 -> 143879.55
A12: WSWT2121670SM | B12: 43000 | C12: 42000 | D12: 40000 | E12: 43027.6 | F12: 43027.6 | G12: 0 | H12: =+J12-I12 -> 0 | J12: =G12 -> 0 | K12: 40000 | L12: =+K5*K12 -> 360000 | M12: =+L12-J12 -> 360000
A13: WSWT2321750 | B13: 10000 | C13: 0 | D13: 10000 | E13: 11595.1 | F13: 7550 | G13: 4045.1 | H13: =+J13-I13 -> 4045.1 | J13: =G13 -> 4045.1 | K13: 14000 | L13: =+K13*K5 -> 126000 | M13: =+L13-J13 -> 121954.9
A14: WSWT2325650 | B14: 60000 | C14: 63000 | D14: 60000 | E14: 59512.2 | F14: 59512.2 | G14: 0 | H14: =+J14-I14 -> 0 | J14: =G14 -> 0
A15: WSWT2625650 | B15: 17000 | C15: 4200 | D15: 12000 | E15: 4749.8 | F15: 4749.8 | G15: 0 | H15: =+J15-I15 -> 0 | J15: =G15 -> 0 | K15: 20000 | L15: =+K15*K5 -> 180000 | M15: =+L15-J15 -> 180000
A16: WSWT2625800 | B16: 10000 | C16: 0 | D16: 10000 | E16: 12433.3 | F16: 12433.3 | G16: 0 | H16: =+J16-I16 -> 0 | J16: =G16 -> 0
A17: WSWT2625850SM | B17: 55000 | C17: 31526.25 | D17: 44600 | E17: 49423.922 | F17: 26364.606 | G17: 23059.316 | H17: =+J17-I17 -> 23059.316 | J17: =G17 -> 23059.316
A18: WSWT2825850 | B18: 55000 | C18: 50711.85 | D18: 53297 | E18: 64125.723 | F18: 38603 | G18: 25522.723 | H18: =+J18-I18 -> 25522.723 | J18: =G18 -> 25522.723
A19: ผลรวมทั้งหมด | B19: 889766 | C19: 525484.05 | D19: 662911 | E19: 608657.63 | F19: 328371.73 | G19: 280285.9 | H19: 0 | I19: 54000 | J19: =G19 -> 280285.9
H20: =+J20-I20 -> 0 | J20: =G20 -> 0
H21: =+J21-I21 -> 0 | J21: =G21 -> 0
H22: =+J22-I22 -> 0 | J22: =G22 -> 0
H23: =+J23-I23 -> 0 | J23: =G23 -> 0
H24: =+J24-I24 -> 0 | J24: =G24 -> 0
H25: =+J25-I25 -> 0 | J25: =G25 -> 0
H26: =+J26-I26 -> 0 | J26: =G26 -> 0
H27: =+J27-I27 -> 0 | J27: =G27 -> 0
H28: =+J28-I28 -> 0 | J28: =G28 -> 0 | M28: =+GETPIVOTDATA("ผลรวม ของ ใช้",$A$6)+H29+H33 -> 978943.54
H29: =SUM(H7:H28) -> 280285.9 | I29: =SUM(I7:I28) -> 54000 | J29: =SUM(J7:J28) -> 560571.81
H32: =+H26 -> 0 | I32: 85 | J32: =+(H32+H29)*I32 -> 23824302 | K32: =+J32/1000 -> 23824.302
H33: 90000 | I33: 95 | J33: =+H33*I33 -> 8550000 | K33: =+J33/1000 -> 8550
H35: =+H32+H33+H29 -> 370285.9 | K35: =+K32+K33 -> 32374.302
N36: 705222
A37: ยอดส่ง 1/2/68 - 17/2/68 | B37: 1565717 | H37: 15 | I37: =+H35/H37 -> 24685.727
N38: =+H35+N36 -> 1075507.9
I39: =+H37*110000 -> 1650000
B41: =+B29+B37+B31-110000 -> 1455717 | C41: =+C29+C37+C31 -> 0 | D41: =+D29+D37+D31-110000 -> -110000 | E41: =+E29+E37+E31 -> 0 | F41: =+F29+F37+F31 -> 0 | G41: =+G29+G37+G31 -> 0
B43: 3218150
B45: =+B43-B41 -> 1762433
C47: =+C41/9 -> 0 | D47: =+D41/9 -> -12222.222

Sheet 9(Order)
A2: เลขที่ SO | B2: (หลายรายการ)
A3: วันส่ง | B3: (หลายรายการ)
A4: ชื่อลูกค้า | B4: (ทั้งหมด)
A6: ประเภท | B6: ผลรวม ของ จำนวนส่ง | C6: ผลรวม ของ ค้างพิมพ์ | D6: ผลรวม ของ ค้างตัด | E6: ผลรวม ของ ใช้ | F6: ผลรวม ของ Stock | G6: ผลรวม ของ ค้างทอ
A7: WSWT1625800 | B7: 5000 | C7: 0 | D7: 5000 | E7: 0 | F7: 0 | G7: 0 | I7: =+K7-J7 -> 0 | K7: =G7 -> 0
A8: WSWT1625800SM | B8: 5000 | C8: 0 | D8: 440 | E8: 0 | F8: 0 | G8: 0 | I8: =+K8-J8 -> 0 | K8: =G8 -> 0
A9: WSWT1921720 | B9: 230000 | C9: 84000 | D9: 171090 | E9: 122796.3 | F9: 78299.2 | G9: 44497.1 | I9: =+K9-J9 -> 44497.1 | K9: =G9 -> 44497.1
A10: WSWT19251000SM | B10: 10080 | C10: 4059.3 | D10: 8906 | E10: 3834.5694 | F10: 3834.5694 | G10: 0 | I10: =+K10-J10 -> 0 | K10: =G10 -> 0
A11: WSWT1925800 | B11: 50000 | C11: 0 | D11: 0 | E11: 0 | F11: 0 | G11: 0 | I11: =+K11-J11 -> 0 | K11: =G11 -> 0
A12: WSWT2025800 | B12: 16200 | C12: 5250 | D12: 6360 | E12: 4679.95 | F12: 4679.95 | G12: 0 | I12: =+K12-J12 -> 0 | K12: =G12 -> 0
A13: WSWT2025800SM | B13: 133486 | C13: 30981.3 | D13: 46891 | E13: 30411.656 | F13: 24893.506 | G13: 5518.15 | I13: =+K13-J13 -> 5518.15 | K13: =G13 -> 5518.15
A14: WSWT2121670SM | B14: 43000 | C14: 42000 | D14: 40000 | E14: 43027.6 | F14: 43027.6 | G14: 0 | I14: =+K14-J14 -> 0 | K14: =G14 -> 0
A15: WSWT2321750 | B15: 10000 | C15: 0 | D15: 10000 | E15: 11595.1 | F15: 7550 | G15: 4045.1 | I15: =+K15-J15 -> 4045.1 | K15: =G15 -> 4045.1
A16: WSWT2625650 | B16: 17000 | C16: 4200 | D16: 12000 | E16: 4749.8 | F16: 4749.8 | G16: 0 | I16: =+K16-J16 -> 0 | K16: =G16 -> 0
A17: WSWT2625850SM | B17: 55000 | C17: 31526.25 | D17: 44600 | E17: 49423.922 | F17: 26364.606 | G17: 23059.316 | I17: 0 | J17: 54000 | K17: =G17 -> 23059.316
A18: WSWT2825850 | B18: 50000 | C18: 50711.85 | D18: 48297 | E18: 57350.273 | F18: 38603 | G18: 18747.273 | I18: =+K18-J18 -> 18747.273 | K18: =G18 -> 18747.273
A19: WSWTSCL0223211125 | B19: 10000 | C19: 0 | D19: 10000 | E19: 10198.1 | F19: 8451 | G19: 1747.1 | I19: =+K19-J19 -> 1747.1 | K19: =G19 -> 1747.1
A20: ผลรวมทั้งหมด | B20: 634766 | C20: 252728.7 | D20: 403584 | E20: 338067.27 | F20: 240453.23 | G20: 97614.038 | I20: =+K20-J20 -> 97614.038 | K20: =G20 -> 97614.038
I21: =+K21-J21 -> 0 | K21: =G21 -> 0
I22: =+K22-J22 -> 0 | K22: =G22 -> 0
I23: =+K23-J23 -> 0 | K23: =G23 -> 0
I24: =+K24-J24 -> 0 | K24: =G24 -> 0
I25: =+K25-J25 -> 0 | K25: =G25 -> 0
I26: =SUM(I7:I25) -> 172168.76 | J26: =SUM(J7:J25) -> 54000 | K26: =SUM(K7:K25) -> 195228.08
D34: =D18 -> 48297
D36: =D20 -> 403584
A37: ยอดส่ง 1/4/68 - 12/4/68 | B37: 887615
A38: Order+ส่ง | B38: =++B25+B37 -> 887615
A39: ประมาณการ | B39: 262000 | C39: 238350 | D39: 262000 | E39: 279847.04 | F39: 60825.09 | G39: 219021.95
A41: Order+ส่ง+ประมาณการ | B41: =+B25+B37+B39+B33 -> 1149615 | C41: =+C25+C37+C39+C33 -> 238350 | D41: =+D25+D37+D39+D33 -> 262000 | E41: =+E25+E37+E39+E33 -> 279847.04 | F41: =+F25+F37+F39+F33 -> 60825.09 | G41: =+G25+G37+G39+G33 -> 219021.95
B43: 3171376
B45: =+B41-B43 -> -2021761 | C45: =+$B$45 -> -2021761 | D45: =+$B$45 -> -2021761 | F45: =+$B$45 -> -2021761
D47: =+D41/6 -> 43666.667

Sheet 9(Order) แยกลูกค้า
A1: เลขที่ SO | B1: (หลายรายการ)
A2: วันส่ง | B2: (หลายรายการ)
A4: ประเภท | B4: ชื่อลูกค้า | C4: ผลรวม ของ จำนวนส่ง | D4: ผลรวม ของ ค้างพิมพ์ | E4: ผลรวม ของ ค้างตัด | F4: ผลรวม ของ Stock | G4: ผลรวม ของ ค้างทอ | I4: vn
A5: WSWT1921720 | B5: บจก.เคอรี่ฟลาวมิลล์ | C5: 50000 | D5: 52500 | E5: 50000 | F5: 0 | G5: 46799.5 | H5: =G5 -> 46799.5
A6: WSWT1921720 ผลรวม | C6: 50000 | D6: 52500 | E6: 50000 | F6: 0 | G6: 46799.5 | H6: =G6 -> 46799.5
A7: WSWT2025800SM | B7: บจก.เอพีเอ็ม อะโกร | C7: 4000 | D7: 0 | E7: 0 | F7: 0 | G7: 0 | H7: =G7 -> 0
B8: บจก.เอสพีเอ็ม อาหารสัตว์ | C8: 5000 | D8: 0 | E8: 527 | F8: 0 | G8: 0 | H8: =G8 -> 0
B9: บจก.เอ.เจ.ฟาร์ม่าแล็บ | C9: 16000 | D9: 16800 | E9: 16000 | F9: 15869.92 | G9: 0 | H9: =G9 -> 0
A10: WSWT2025800SM ผลรวม | C10: 25000 | D10: 16800 | E10: 16527 | F10: 15869.92 | G10: 0 | H10: =G10 -> 0
A11: WSWT2121670SM | B11: บจก.เอพีเอ็ม อะโกร | C11: 6000 | D11: 6300 | E11: 6000 | F11: 3310.89 | G11: 3478.53 | H11: =G11 -> 3478.53
B12: บจก.หนองบัวฟีด | C12: 35000 | D12: 36750 | E12: 35000 | F12: 0 | G12: 37649.15 | H12: =G12 -> 37649.15
A13: WSWT2121670SM ผลรวม | C13: 41000 | D13: 43050 | E13: 41000 | F13: 3310.89 | G13: 41127.68 | H13: =G13 -> 41127.68
A14: WSWT2625650 | B14: บจก.กบินทร์อินทรีย์ | C14: 4000 | D14: 4200 | E14: 4000 | F14: 0 | G14: 4749.8 | H14: =G14 -> 4749.8
A15: WSWT2625650 ผลรวม | C15: 4000 | D15: 4200 | E15: 4000 | F15: 0 | G15: 4749.8 | H15: =G15 -> 4749.8
A16: WSWT2825850 | B16: บจก.ไทยร่วมใจน้ำมันพืช | C16: 50000 | D16: 52500 | E16: 50000 | F16: 19620 | G16: 39752.5 | H16: =G16 -> 39752.5
A17: WSWT2825850 ผลรวม | C17: 50000 | D17: 52500 | E17: 50000 | F17: 19620 | G17: 39752.5 | H17: =G17 -> 39752.5
A18: WSWTSCL042325800 | B18: โรงสีธัญญกิจ(ราชบุรี) | C18: 10000 | D18: 0 | E18: 10000 | F18: 0 | G18: 10198.1 | H18: =G18 -> 10198.1
A19: WSWTSCL042325800 ผลรวม | C19: 10000 | D19: 0 | E19: 10000 | F19: 0 | G19: 10198.1 | H19: =G19 -> 10198.1
A20: ผลรวมทั้งหมด | C20: 180000 | D20: 169050 | E20: 171527 | F20: 38800.81 | G20: 142627.58 | H20: =G20 -> 142627.58
H21: =G21 -> 0
H22: =G22 -> 0
H23: =G23 -> 0
H24: =G24 -> 0
H25: =G25 -> 0
H26: =G26 -> 0
H27: =G27 -> 0
H28: =G28 -> 0
H29: =G29 -> 0
H30: =G30 -> 0
H31: =G31 -> 0
H32: =G32 -> 0
... H65: =G65 -> 0
H70: =SUM(H5:H69) -> 427882.74
D119: Cap พิมพ์ | E119: Cap ตัด | F119: Stock 16/7 บ่าย | G119: Cap ทอ | I119: วันทงาน
B120: lส่ง | C120: 1-16/7 | D120: 160000 | E120: 160000 | G120: 120000 | I120: 12
C121: 1975256 | D121: =+D120*I120 -> 1920000 | E121: =+E120*I120 -> 1920000 | F121: 825147 | G121: =+G120*I120 -> 1440000
A122: เบทาโกรส่งแล้ว | B122: 20700 | C122: 424374
A123: เบทาโกรส่งแล้ว | B123: 20800 | C123: 155973
C126: รวมส่ง+ค้างส่ง | D126: ส่วนต่างCapคงเหลือ | E126: ส่วนต่างCapคงเหลือ | F126: คงเหลือ
C127: =+C50+C121 -> 1975256 | D127: =+D121-D50 -> 1920000 | E127: =+E121-E50 -> 1920000 | F127: =+F121-F50 -> 825147 | G127: =+G121-G50 -> 1440000
B129: 20700VN 20/7 | G129: 350000

Sheet 9(Fc) แยกลูกค้า
A1: เลขที่ SO | B1: ประมาณการ
A2: วันส่ง | B2: (หลายรายการ) | D2: 12
A4: ประเภท | B4: ชื่อลูกค้า | C4: ผลรวม ของ จำนวนส่ง | D4: ผลรวม ของ ค้างพิมพ์ | E4: ผลรวม ของ ค้างตัด | F4: ผลรวม ของ ใช้ | G4: ผลรวม ของ Stock | H4: ผลรวม ของ ค้างทอ
A5: WSWT1921720 | B5: บจก.เคอรี่ฟลาวมิลล์ | C5: 100000 | D5: 105000 | E5: 100000 | F5: 93599 | G5: 0 | H5: 93599
A6: WSWT1921720 ผลรวม | C6: 100000 | D6: 105000 | E6: 100000 | F6: 93599 | G6: 0 | H6: 93599
A7: WSWT1925800 | B7: บจก.ไลม์มาสเตอร์ | C7: 20000 | D7: 20755.35 | E7: 19767 | F7: 18501.714 | G7: 0 | H7: 18501.714
B8: บจก.เอ็กเซลเล้นท์ | C8: 40000 | D8: 42000 | E8: 40000 | F8: 35204.4 | G8: 11904 | H8: 23300.4
A9: WSWT1925800 ผลรวม | C9: 60000 | D9: 62755.35 | E9: 59767 | F9: 53706.114 | G9: 11904 | H9: 41802.114
A10: WSWT2025800SM | B10: บจก.ไทยธรรมดี | C10: 20000 | D10: 21000 | E10: 20000 | F10: 21513.8 | G10: 0 | H10: 21513.8
B11: บจก.อินเทคค์ โกลบอล | C11: 100000 | D11: 105000 | E11: 100000 | F11: 104775 | G11: 0 | H11: 104775
B12: บจก.เอสพีเอ็ม อาหารสัตว์ | C12: 20000 | D12: 21000 | E12: 20000 | F12: 22072.6 | G12: 0 | H12: 22072.6
A13: WSWT2025800SM ผลรวม | C13: 140000 | D13: 147000 | E13: 140000 | F13: 148361.4 | G13: 0 | H13: 148361.4
A14: WSWT2121670SM | B14: บจก.แอมโก้เวท | C14: 100000 | D14: 105000 | E14: 100000 | F14: 107569 | G14: 107569 | H14: 0
A15: WSWT2121670SM ผลรวม | C15: 100000 | D15: 105000 | E15: 100000 | F15: 107569 | G15: 107569 | H15: 0
A16: WSWT2325650 | B16: พันธุ์ข้าว | C16: 30000 | D16: 31500 | E16: 30000 | F16: 29756.1 | G16: 29756.1 | H16: 0
B17: บจก.ซิเบลโก้(สบปราบ) | C17: 30000 | D17: 31500 | E17: 30000 | F17: 29756.1 | G17: 21017 | H17: 8739.1
A18: WSWT2325650 ผลรวม | C18: 60000 | D18: 63000 | E18: 60000 | F18: 59512.2 | G18: 50773.1 | H18: 8739.1
A19: WSWT2625800 | B19: บจก.ที.ซี.ยูเนี่ยน อโกรเทค | C19: 10000 | D19: 0 | E19: 10000 | F19: 12433.3 | G19: 12433.3 | H19: 0
A20: WSWT2625800 ผลรวม | C20: 10000 | D20: 0 | E20: 10000 | F20: 12433.3 | G20: 12433.3 | H20: 0
A21: WSWT2825850 | B21: บจก.ที.ซี.ยูเนี่ยน อโกรเทค | C21: 5000 | D21: 0 | E21: 5000 | F21: 6775.45 | G21: 0 | H21: 6775.45
A22: WSWT2825850 ผลรวม | C22: 5000 | D22: 0 | E22: 5000 | F22: 6775.45 | G22: 0 | H22: 6775.45
A23: ผลรวมทั้งหมด | C23: 475000 | D23: 482755.35 | E23: 474767 | F23: 481956.46 | G23: 182679.4 | H23: 299277.06
D119: Cap พิมพ์ | E119: Cap ตัด | F119: Stock 16/7 บ่าย | G119: Cap ทอ | I119: วันทงาน
B120: lส่ง | C120: 1-16/7 | D120: 160000 | E120: 160000 | G120: 120000 | I120: 12
C121: 1975256 | D121: =+D120*I120 -> 1920000 | E121: =+E120*I120 -> 1920000 | F121: 825147 | G121: =+G120*I120 -> 1440000
A122: เบทาโกรส่งแล้ว | B122: 20700 | C122: 424374
A123: เบทาโกรส่งแล้ว | B123: 20800 | C123: 155973
C126: รวมส่ง+ค้างส่ง | D126: ส่วนต่างCapคงเหลือ | E126: ส่วนต่างCapคงเหลือ | F126: คงเหลือ
C127: =+C50+C121 -> 1975256 | D127: =+D121-D50 -> 1920000 | E127: =+E121-E50 -> 1920000 | F127: =+F121-F50 -> 825147 | G127: =+G121-G50 -> 1440000
B129: 20700VN 20/7 | G129: 350000

Sheet 10(Order+Fc) แยกลูกค้า
A1: เลขที่ SO | B1: (หลายรายการ)
A2: วันส่ง | B2: (หลายรายการ) | D2: 12 | I2: เมตร | J2: vn | K2: ใบ | P2: วัน
A4: ประเภท | B4: ชื่อลูกค้า | C4: ผลรวม ของ จำนวนส่ง | D4: ผลรวม ของ ค้างพิมพ์ | E4: ผลรวม ของ ค้างตัด | F4: ผลรวม ของ ใช้ | G4: ผลรวม ของ Stock | H4: ผลรวม ของ ค้างทอ
A5: WSWT1921720 | B5: บจก.เคอรี่ฟลาวมิลล์ | C5: 215000 | D5: 57750 | E5: 155000 | F5: 99396.55 | G5: 99396.55 | H5: 0 | I5: =H5 -> 0
A6: WSWT1921720 ผลรวม | C6: 215000 | D6: 57750 | E6: 155000 | F6: 99396.55 | G6: 99396.55 | H6: 0
A7: WSWT19251000SM | B7: บจก.อินเทคค์ โกลบอล | C7: 10080 | D7: 10584 | E7: 10080 | F7: 10138.867 | G7: 5139.8424 | H7: 4999.0248 | I7: =H7 -> 4999.0248
A8: WSWT19251000SM ผลรวม | C8: 10080 | D8: 10584 | E8: 10080 | F8: 10138.867 | G8: 5139.8424 | H8: 4999.0248 | I8: =H8 -> 4999.0248
A9: WSWT1925800 | B9: บจก.ซีแมน | C9: 5800 | D9: 0 | E9: 0 | F9: 0 | G9: 0 | H9: 0 | I9: =H9 -> 0
A10: WSWT1925800 ผลรวม | C10: 5800 | D10: 0 | E10: 0 | F10: 0 | G10: 0 | H10: 0 | I10: =H10 -> 0
A11: WSWT2025650 | B11: บจก.หนกองบัวฟีด | C11: 5000 | D11: 0 | E11: 0 | F11: 0 | G11: 0 | H11: 0
A12: WSWT2025650 ผลรวม | C12: 5000 | D12: 0 | E12: 0 | F12: 0 | G12: 0 | H12: 0 | I12: =H12 -> 0
A13: WSWT2025800 | B13: บจก.เบทาโกร | C13: 103000 | D13: 0 | E13: 2000 | F13: 0 | G13: 0 | H13: 0
B14: บจก.อินเทคค์ โกลบอล | C14: 80393 | D14: 21155.4 | E14: 50393 | F14: 22144.982 | G14: 22144.982 | H14: 0 | I14: =H14 -> 0 | P14: 15000 | Q14: =+K14/P14 -> 0
A15: WSWT2025800 ผลรวม | C15: 183393 | D15: 21155.4 | E15: 52393 | F15: 22144.982 | G15: 22144.982 | H15: 0
A16: WSWT2025800SM | B16: บจก.อินเทคค์ โกลบอล | C16: 91933 | D16: 86964.15 | E16: 91933 | F16: 87478.167 | G16: 42098.068 | H16: 45380.099 | I16: =H16 -> 45380.099
B17: บจก.เอพีเอ็ม อะโกร | C17: 14000 | D17: 0 | E17: 10000 | F17: 0 | G17: 0 | H17: 0 | I17: =H17 -> 0
B18: บจก.วีซีเอฟ | C18: 20000 | D18: 0 | E18: 0 | F18: 0 | G18: 0 | H18: 0 | I18: =H18 -> 0
B19: บจก.กันยาวิ | C19: 8000 | D19: 8400 | E19: 8000 | F19: 8605.52 | G19: 8605.52 | H19: 0 | I19: =H19 -> 0
A20: WSWT2025800SM ผลรวม | C20: 133933 | D20: 95364.15 | E20: 109933 | F20: 96083.687 | G20: 50703.588 | H20: 45380.099 | I20: =H20 -> 45380.099 | P20: 16000 | Q20: =+K20/P20 -> 0
A21: WSWT2121670SM | B21: บจก.บลูฟาโล่ | C21: 5000 | D21: 0 | E21: 0 | F21: 0 | G21: 0 | H21: 0
B22: บจก.เอ็นบี ดิสทริบิวชั่น | C22: 30000 | D22: 0 | E22: 0 | F22: 0 | G22: 0 | H22: 0 | I22: =H22 -> 0
B23: บจก.หนองบัวฟีดมิลล์ | C23: 5000 | D23: 5250 | E23: 5000 | F23: 5378.45 | G23: 5378.45 | H23: 0
A24: WSWT2121670SM ผลรวม | C24: 40000 | D24: 5250 | E24: 5000 | F24: 5378.45 | G24: 5378.45 | H24: 0 | I24: =H24 -> 0
A25: WSWT2125650 | B25: บจก.หนองบัวฟีดมิลล์ | C25: 15000 | D25: 0 | E25: 15000 | F25: 16554.45 | G25: 16554.45 | H25: 0
A26: WSWT2125650 ผลรวม | C26: 15000 | D26: 0 | E26: 15000 | F26: 16554.45 | G26: 16554.45 | H26: 0 | I26: =H26 -> 0
A27: WSWT23211125120SMFX | B27: โรงสีธัญญกิจ(ราชบุรี) | C27: 10000 | D27: 0 | E27: 0 | F27: 0 | G27: 0 | H27: 0
A28: WSWT23211125120SMFX ผลรวม | C28: 10000 | D28: 0 | E28: 0 | F28: 0 | G28: 0 | H28: 0 | I28: =H28 -> 0
A29: WSWT2321750 | B29: คุณวัลภา เผ่าเต็ม | C29: 10000 | D29: 1560.3 | E29: 1500 | F29: 1678.3991 | G29: 0 | H29: 1678.3991 | I29: =H29 -> 1678.3991
A30: WSWT2321750 ผลรวม | C30: 10000 | D30: 1560.3 | E30: 1500 | F30: 1678.3991 | G30: 0 | H30: 1678.3991 | I30: =H30 -> 1678.3991
A31: WSWT2325650 | B31: พันธุ์ข้าว | C31: 30000 | D31: 31500 | E31: 30000 | F31: 29756.1 | G31: 29756.1 | H31: 0 | P31: 15000 | Q31: =+K31/P31 -> 0
B32: บจก.ซิเบลโก้(บางเลน) | C32: 10000 | D32: 0 | E32: 5000 | F32: 0 | G32: 0 | H32: 0 | I32: =H32 -> 0
B33: คุณปราสาท เจริญธรรมรักษา | C33: 5000 | D33: 5250 | E33: 5000 | F33: 4959.35 | G33: 4959.35 | H33: 0 | I33: =H33 -> 0
A34: WSWT2325650 ผลรวม | C34: 45000 | D34: 36750 | E34: 40000 | F34: 34715.45 | G34: 34715.45 | H34: 0 | I34: =H34 -> 0
A35: WSWT2625650 | B35: บจก.กบินทร์อินทรีย์ | C35: 8000 | D35: 8400 | E35: 8000 | F35: 9499.6 | G35: 1765 | H35: 7734.6 | I35: =H35 -> 7734.6
A36: WSWT2625650 ผลรวม | C36: 8000 | D36: 8400 | E36: 8000 | F36: 9499.6 | G36: 1765 | H36: 7734.6 | I36: =H36 -> 7734.6
A37: WSWT2625800 | B37: บจก.แลบอินเตอร์ | C37: 10000 | D37: 0 | E37: 0 | F37: 0 | G37: 0 | H37: 0 | I37: =H37 -> 0
A38: WSWT2625800 ผลรวม | C38: 10000 | D38: 0 | E38: 0 | F38: 0 | G38: 0 | H38: 0 | I38: =H38 -> 0
A39: WSWT2825850 | B39: บจก.ไทยร่วมใจน้ำมันพืช | C39: 53000 | D39: 52500 | E39: 50000 | F39: 59372.5 | G39: 59372.5 | H39: 0 | I39: =H39 -> 0
A40: WSWT2825850 ผลรวม | C40: 53000 | D40: 52500 | E40: 50000 | F40: 59372.5 | G40: 59372.5 | H40: 0 | I40: =H40 -> 0
A41: WSWTFCL022325650 | B41: คุณปราสาท เจริญธรรมรักษา | C41: 15000 | D41: 15750 | E41: 15000 | F41: 14878.05 | G41: 0 | H41: 14878.05
A42: WSWTFCL022325650 ผลรวม | C42: 15000 | D42: 15750 | E42: 15000 | F42: 14878.05 | G42: 0 | H42: 14878.05 | I42: =H42 -> 14878.05
A43: ผลรวมทั้งหมด | C43: 759206 | D43: 305063.85 | E43: 461906 | F43: 369840.99 | G43: 295170.81 | H43: 74670.173
I44: =H44 -> 0
I45: =H45 -> 0
J46: 74000
I47: =H47 -> 0
I48: =H48 -> 0
I51: =H51 -> 0 | M51: 102.14
I52: =H52 -> 0 | M52: 3300
M53: =+M52/M51 -> 32.308596
I54: =H54 -> 0
I55: =H55 -> 0 | M55: 114.47
I56: =H56-J56 -> -166000 | J56: 166000 | M56: =+M55*32.2 -> 3685.934
M57: =+M56-3300 -> 385.934
I58: =H58 -> 0
I59: =H59 -> 0
I60: =H60 -> 0
I61: =H61 -> 0
I62: =H62 -> 0
I64: =H64 -> 0
I65: =H65 -> 0
I66: =H66 -> 0
I68: =H68 -> 0
I70: =H70 -> 0
I72: =H72 -> 0
I73: =H73 -> 0
I75: =SUM(I5:I74) -> -31537.704
I79: =I75+I77 -> -31537.704 | J79: 16 | K79: =+I79*0.9779 -> -30840.721
I81: =+I79/J79 -> -1971.1065 | K81: =+K79*85 -> -2621461.3
K83: =+K81/1000 -> -2621.4613
D119: Cap พิมพ์ | E119: Cap ตัด | F119: Stock 16/7 บ่าย | G119: Cap ทอ | I119: วันทงาน
B120: lส่ง | C120: 1-16/7 | D120: 160000 | E120: 160000 | G120: 120000 | I120: 12
C121: 1975256 | D121: =+D120*I120 -> 1920000 | E121: =+E120*I120 -> 1920000 | F121: 825147 | G121: =+G120*I120 -> 1440000
A122: เบทาโกรส่งแล้ว | B122: 20700 | C122: 424374
A123: เบทาโกรส่งแล้ว | B123: 20800 | C123: 155973
C126: รวมส่ง+ค้างส่ง | D126: ส่วนต่างCapคงเหลือ | E126: ส่วนต่างCapคงเหลือ | F126: คงเหลือ
C127: =+C50+C121 -> 1975256 | D127: =+D121-D50 -> 1920000 | E127: =+E121-E50 -> 1920000 | F127: =+F121-F50 -> 825147 | G127: =+G121-G50 -> 1440000
B129: 20700VN 20/7 | G129: 350000

Sheet 10(Order)
A2: เลขที่ SO | B2: (หลายรายการ)
A3: วันส่ง | B3: รอแจ้ง
A4: ชื่อลูกค้า | B4: (ทั้งหมด)
A6: ประเภท | B6: ผลรวม ของ จำนวนส่ง | C6: ผลรวม ของ ค้างพิมพ์ | D6: ผลรวม ของ ค้างตัด | E6: ผลรวม ของ ใช้ | F6: ผลรวม ของ Stock | G6: ผลรวม ของ ค้างทอ
A7: WSWT19251000SM | B7: 503 | C7: 0 | D7: 503 | E7: 0 | F7: 0 | G7: 0
A8: WSWT2025800SM | B8: 49638 | C8: 43302 | D8: 46033 | E8: 45667.93 | F8: 34631.63 | G8: 11036.3
A9: WSWT2121670SM | B9: 52000 | C9: 54106.5 | D9: 51530 | E9: 56618.594 | F9: 56618.594 | G9: 0
A10: WSWT2321112512551 | B10: 437878 | C10: 458196.9 | D10: 436378 | E10: 469407.45 | F10: 18859 | G10: 450548.45
A11: ผลรวมทั้งหมด | B11: 540019 | C11: 555605.4 | D11: 534444 | E11: 571693.97 | F11: 110109.22 | G11: 461584.75 | L11: =76*2500 -> 190000
A37: ยอดส่ง 1/1/68 - 17/1/68 | B37: 1287052
A38: Order+ส่ง | B38: =++B22+B37 -> 1287052
A39: ประมาณการ | I39: 0
A41: Order+ส่ง+ประมาณการ | B41: =+B22+B37+B39+B29 -> 1287052 | C41: =+C22+C37+C39+C29 -> 0 | D41: =+D22+D37+D39+D29 -> 0 | E41: =+E22+E37+E39+E29 -> 0 | F41: =+F22+F37+F39+F29 -> 0 | G41: =+G22+G37+G39+G29 -> 0
B43: 3000000 | I43: 9
B45: =+B41-B43 -> -1712948
D46: =+D22/I43 -> 0
C47: =+C41/I43 -> 0 | D47: =+D41/I43 -> 0 | G47: =+G41/I43 -> 0

Sheet 10(Order) แยกลูกค้า
A1: เลขที่ SO | B1: (หลายรายการ)
A2: วันส่ง | B2: (หลายรายการ)
A4: ประเภท | B4: ชื่อลูกค้า | C4: ผลรวม ของ จำนวนส่ง | D4: ผลรวม ของ ค้างพิมพ์ | E4: ผลรวม ของ ค้างตัด | F4: ผลรวม ของ Stock | G4: ผลรวม ของ ค้างทอ | I4: vn
A5: WSWT1921720 | B5: บจก.เคอรี่ฟลาวมิลล์ | C5: 215000 | D5: 57750 | E5: 155000 | F5: 99396.55 | G5: 0 | H5: =G5 -> 0
A6: WSWT1921720 ผลรวม | C6: 215000 | D6: 57750 | E6: 155000 | F6: 99396.55 | G6: 0 | H6: =G6 -> 0
A7: WSWT1925800 | B7: บจก.ซีแมน | C7: 5800 | D7: 0 | E7: 0 | F7: 0 | G7: 0 | H7: =G7 -> 0
A8: WSWT1925800 ผลรวม | C8: 5800 | D8: 0 | E8: 0 | F8: 0 | G8: 0
A9: WSWT2025800 | B9: บจก.เบทาโกร | C9: 103000 | D9: 0 | E9: 2000 | F9: 0 | G9: 0 | H9: =G9 -> 0
B10: บจก.อินเทคค์ โกลบอล | C10: 393 | D10: 412.65 | E10: 393 | F10: 411.76575 | G10: 0 | H10: =G10 -> 0
A11: WSWT2025800 ผลรวม | C11: 103393 | D11: 412.65 | E11: 2393 | F11: 411.76575 | G11: 0
A12: WSWT2025800SM | B12: บจก.อินเทคค์ โกลบอล | C12: 1693 | D12: 1644.3 | E12: 1693 | F12: 0 | G12: 1640.7765 | H12: =G12 -> 1640.7765
B13: บจก.เอพีเอ็ม อะโกร | C13: 14000 | D13: 0 | E13: 10000 | F13: 0 | G13: 0 | H13: =G13 -> 0
B14: บจก.วีซีเอฟ | C14: 20000 | D14: 0 | E14: 0 | F14: 0 | G14: 0 | H14: =G14 -> 0
A15: WSWT2025800SM ผลรวม | C15: 35693 | D15: 1644.3 | E15: 11693 | F15: 0 | G15: 1640.7765
A16: WSWT2121670SM | B16: บจก.บลูฟาโล่ | C16: 5000 | D16: 0 | E16: 0 | F16: 0 | G16: 0 | H16: =G16 -> 0
B17: บจก.เอ็นบี ดิสทริบิวชั่น | C17: 30000 | D17: 0 | E17: 0 | F17: 0 | G17: 0
A18: WSWT2121670SM ผลรวม | C18: 35000 | D18: 0 | E18: 0 | F18: 0 | G18: 0 | H18: =G18 -> 0
A19: WSWT23211125120SMFX | B19: โรงสีธัญญกิจ(ราชบุรี) | C19: 10000 | D19: 0 | E19: 0 | F19: 0 | G19: 0 | H19: =G19 -> 0
A20: WSWT23211125120SMFX ผลรวม | C20: 10000 | D20: 0 | E20: 0 | F20: 0 | G20: 0 | H20: =G20 -> 0
A21: WSWT2325650 | B21: บจก.ซิเบลโก้(บางเลน) | C21: 10000 | D21: 0 | E21: 5000 | F21: 0 | G21: 0 | H21: =G21 -> 0
A22: WSWT2325650 ผลรวม | C22: 10000 | D22: 0 | E22: 5000 | F22: 0 | G22: 0
A23: WSWT2625800 | B23: บจก.แลบอินเตอร์ | C23: 10000 | D23: 0 | E23: 0 | F23: 0 | G23: 0 | H23: =G23 -> 0
A24: WSWT2625800 ผลรวม | C24: 10000 | D24: 0 | E24: 0 | F24: 0 | G24: 0
A25: WSWT2825850 | B25: บจก.ไทยร่วมใจน้ำมันพืช | C25: 53000 | D25: 52500 | E25: 50000 | F25: 59372.5 | G25: 0 | H25: =G25 -> 0
A26: WSWT2825850 ผลรวม | C26: 53000 | D26: 52500 | E26: 50000 | F26: 59372.5 | G26: 0
A27: ผลรวมทั้งหมด | C27: 477886 | D27: 112306.95 | E27: 224086 | F27: 159180.82 | G27: 1640.7765 | H27: =G27 -> 1640.7765
H28: =G28 -> 0
H29: =G29 -> 0
H31: =G31 -> 0
H32: =G32 -> 0
H33: =G33 -> 0
H34: =G34 -> 0
H35: =G35 -> 0
H36: =G36 -> 0
H37: =G37 -> 0
H38: =G38 -> 0
H39: =G39 -> 0
H41: =G41 -> 0
... H68: =G68 -> 0
H70: =SUM(H5:H69) -> 3281.553
D119: Cap พิมพ์ | E119: Cap ตัด | F119: Stock 16/7 บ่าย | G119: Cap ทอ | I119: วันทงาน
B120: lส่ง | C120: 1-16/7 | D120: 160000 | E120: 160000 | G120: 120000 | I120: 12
C121: 1975256 | D121: =+D120*I120 -> 1920000 | E121: =+E120*I120 -> 1920000 | F121: 825147 | G121: =+G120*I120 -> 1440000
A122: เบทาโกรส่งแล้ว | B122: 20700 | C122: 424374
A123: เบทาโกรส่งแล้ว | B123: 20800 | C123: 155973
C126: รวมส่ง+ค้างส่ง | D126: ส่วนต่างCapคงเหลือ | E126: ส่วนต่างCapคงเหลือ | F126: คงเหลือ
C127: =+C50+C121 -> 1975256 | D127: =+D121-D50 -> 1920000 | E127: =+E121-E50 -> 1920000 | F127: =+F121-F50 -> 825147 | G127: =+G121-G50 -> 1440000
B129: 20700VN 20/7 | G129: 350000

Sheet 10(Fc) แยกลูกค้
A1: เลขที่ SO | B1: ประมาณการ
A2: วันส่ง | B2: (หลายรายการ) | D2: 12
A4: ประเภท | B4: ชื่อลูกค้า | C4: ผลรวม ของ จำนวนส่ง | D4: ผลรวม ของ ค้างพิมพ์ | E4: ผลรวม ของ ค้างตัด | F4: ผลรวม ของ ใช้ | G4: ผลรวม ของ Stock | H4: ผลรวม ของ ค้างทอ
A5: WSWT2325650 | B5: พันธุ์ข้าว | C5: 30000 | D5: 31500 | E5: 30000 | F5: 29756.1 | G5: 29756.1 | H5: 0
A6: WSWT2325650 ผลรวม | C6: 30000 | D6: 31500 | E6: 30000 | F6: 29756.1 | G6: 29756.1 | H6: 0
A7: WSWT2625650 | B7: บจก.กบินทร์อินทรีย์ | C7: 8000 | D7: 8400 | E7: 8000 | F7: 9499.6 | G7: 1765 | H7: 7734.6
A8: WSWT2625650 ผลรวม | C8: 8000 | D8: 8400 | E8: 8000 | F8: 9499.6 | G8: 1765 | H8: 7734.6
A9: ผลรวมทั้งหมด | C9: 38000 | D9: 39900 | E9: 38000 | F9: 39255.7 | G9: 31521.1 | H9: 7734.6
H43: =+GETPIVOTDATA("ผลรวม ของ ค้างทอ",$A$4)+H41 -> 7734.6
I119: วันทงาน
I120: 12
C121: 1975256 | D121: =+D120*I120 -> 0 | E121: =+E120*I120 -> 0 | F121: 825147 | G121: =+G120*I120 -> 0
A122: เบทาโกรส่งแล้ว | B122: 20700 | C122: 424374
A123: เบทาโกรส่งแล้ว | B123: 20800 | C123: 155973
C126: รวมส่ง+ค้างส่ง | D126: ส่วนต่างCapคงเหลือ | E126: ส่วนต่างCapคงเหลือ | F126: คงเหลือ
C127: =+C50+C121 -> 1975256 | D127: =+D121-D50 -> 0 | E127: =+E121-E50 -> 0 | F127: =+F121-F50 -> 825147 | G127: =+G121-G50 -> 0
B129: 20700VN 20/7 | G129: 350000

Sheet ค้างทอ2-9-68
A3: ผลรวม ของ ค้างทอ
A4: ป้ายชื่อแถว | B4: 45901 | C4: 45903 | D4: 45904 | E4: 45905 | F4: 45907 | G4: 45910 | H4: 45912 | I4: 45914 | J4: 45917 | K4: 45921 | L4: 45925 | M4: 45940 | N4: ผลรวมทั้งหมด
A5: WSWT1625800 | B5: 3702 | D5: 7404.1 | N5: =SUM(B5:M5) -> 11106.1
A6: WSWT1625800SM | C6: 0 | N6: =SUM(B6:M6) -> 0
A7: WSWT1825800SM | F7: 3841.75 | N7: =SUM(B7:M7) -> 3841.75
A8: WSWT1921720 | B8: 0 | D8: 4679.95 | N8: =SUM(B8:M8) -> 4679.95
A9: WSWT19251000SM | N9: =SUM(B9:M9) -> 0
A10: WSWT1925800 | E10: 55162.9 | N10: =SUM(B10:M10) -> 55162.9
A11: WSWT2025800 | B11: 0 | C11: 0 | G11: 0 | I11: 0 | J11: 0 | K11: 0 | N11: =SUM(B11:M11) -> 0
A12: WSWT2025800SM | C12: 0 | D12: 0 | E12: 0 | J12: 0 | L12: 4599.67 | N12: =SUM(B12:M12) -> 4599.67
A13: WSWT2121670SM | C13: 0 | K13: 0 | N13: =SUM(B13:M13) -> 0
A14: WSWT2325800 | D14: 0 | N14: =SUM(B14:M14) -> 0
A15: WSWT2625650 | B15: 1621 | N15: =SUM(B15:M15) -> 1621
A16: WSWT2625850SM | C16: 0 | D16: 0 | H16: 0 | L16: 37299.9 | M16: 12433.3 | N16: =SUM(B16:M16) -> 49733.2
A17: WSWT2825850 | D17: 0 | N17: =SUM(B17:M17) -> 0
A18: ผลรวมทั้งหมด | B18: =SUM(B5:B17) -> 5323 | C18: =SUM(C5:C17) -> 0 | D18: =SUM(D5:D17) -> 12084.05 | E18: =SUM(E5:E17) -> 55162.9 | F18: =SUM(F5:F17) -> 3841.75 | G18: =SUM(G5:G17) -> 0 | H18: =SUM(H5:H17) -> 0 | I18: =SUM(I5:I17) -> 0 | ... N18: =SUM(N5:N17) -> 130744.57

Sheet 16-9-68
B2: เรียงกำหนดส่ง | D2: ลบ 0 | T2: เรียง 1
B3: ข้อมูลUpdate ณ. วันที่ | D3: 45916 | E3: เวลา | G3: 10.01
A4: วันรับออร์เดอร์/แบบ | B4: เลขที่ SO | C4: ชื่อลูกค้า | E4: 10.3 | I4: น้ำหนัก | L4: บิด/จับจีบ | M4: ถุงใน | Q4: 44873 | S4: วิธีบรรจุ | T4: วันส่ง | U4: จำนวนส่ง | V4: ตัดเย็บ (ใบ) | W4: 44873 | X4: พิมพ์ (ใบ) | Y4: 44876 | Z4: ผ้าทอ (เมตร) Updateณ | AB4: 44876 | AD4: ผ้าเคลือบ(เมตร) | AF4: หมายเหตุ | AG4: เครื่อง
B5: เลขที่ SO | C5: ชื่อลูกค้า | D5: ตรา | E5: กว้าง | F5: ยาว | G5: สี | H5: เคลือบ | I5: กรัม/ใบ | J5: * | K5: aw | L5: บิด/จับจีบ | M5: กว้าง | N5: ยาว | O5: หนา | P5: ใช้(กก.) | Q5: Stock(กก.) | R5: ผลิต(กก.) | S5: วิธีบรรจุ | T5: วันส่ง | U5: จำนวนส่ง | V5: StockFG | W5: ค้างตัด | X5: พิมพ์แล้ว | Y5: ค้างพิมพ์ | Z5: ประเภท | AA5: ใช้ | AB5: Stock | AC5: ค้างทอ | AD5: Stock | AE5: ค้างเคลือบ | AF5: หมายเหตุ | AG5: ที่พิมพ์ได้ | AH5: process | AI5: Lead time | AJ5: วันที่ส่งPL | AK5: เคลือบ | AL5: ได้ ART | AM5: พิมพ์ | AN5: จีบ-บิด | AO5: ตัด-เย็บ | AP5: ทอ | AQ5: สวมถุง | AR5: เย็บปาก | AS5: PT | AT5: ม้วน | AU5: ตัด | AV5: ตอกตาไก่ | AW5: GROUP | AX5: ART | AY5: หมายเหตุปัญหา | AZ5: ราคา/ใบ | BA5: ราคารวม | BB5: workweek | BC5: เส้นเทป | BD5: จำนวน
A6: 45896 | B6: MK68-001041 | C6: บจก.ซัน ซีเมนต์ โพรเซส | D6: พระอาทิตย์ | E6: 16 | F6: 25 | G6: ขาว | H6: ใส | I6: 50 | J6: ± | K6: 5 | L6: บิด | M6: 19 | N6: 28 | O6: 40 | P6: 5.7749686 | Q6: 0 | R6: 5.7749686 | S6: 500กระสอบ | T6: 45920 | U6: 5000 | V6: 4560 | W6: 440 | X6: 5800 | Y6: 0 | Z6: WSWT1625800SM | AA6: 0 | AB6: 0 | AC6: 0 | AD6: 0 | AE6: 0 | AF6: รอส่ง | AG6: พร้อมส่ง | AH6: P8 | AI6: 4 | AJ6: 45915 | AK6: 45911 | AL6: 45905 | AM6: 45912 | AN6: 45913 | AO6: 45913 | AP6: 45910 | AQ6: 45914 | AR6: 0 | AS6: 0 | AT6: 0 | AU6: 0 | AV6: 0 | AW6: งานเคลือบ+พิมพ์ | AX6: / | AY6: รอลูกค้า | AZ6: 0 | BA6: 0 | BB6: 0 | BC6: WRWT25800/WRWT25800 | BD6: 0
A7: 0 | B7: 0 | C7: 0 | E7: 16 | F7: 25 | G7: ขาว | H7: 0 | I7: 45 | J7: ± | K7: 5 | L7: 0 | M7: 0 | N7: 0 | O7: 0 | P7: 0 | Q7: 0 | R7: 0 | S7: 0 | U7: 0 | V7: 0 | W7: 0 | X7: 0 | Y7: 0 | Z7: WSWT1625800SM | AA7: 0 | AB7: 0 | AC7: 0 | AD7: 0 | AE7: 0 | AF7: ระบุในSD | AG7: พร้อมส่ง | AH7: 0 | AI7: Lead time | AJ7: 0 | AK7: 0 | AL7: 0 | AM7: 0 | AN7: 0 | AO7: 0 | AP7: 0 | AQ7: 0 | AR7: 0 | AS7: 0 | AT7: 0 | AU7: 0 | AV7: 0 | AW7: 0 | AX7: 0 | AY7: 0 | AZ7: 0 | BA7: 0 | BB7: 0 | BC7: WRWT160800/WRWT25800 | BD7: 0
A8: 45897 | B8: MK68-001045 | C8: บจก.เคอรี่ฟลาวมิลล์ | D8: น้องเอินโดนัท 10กก | E8: 16 | F8: 25 | G8: ขาว | H8: 0 | I8: 45 | J8: ± | K8: 5 | L8: ไม่ | M8: ไม่สวมถุงใน | N8: 0 | O8: 0 | P8: 0 | Q8: 0 | R8: 0 | S8: ห่ออัดเบลแบน500 | T8: 45925 | U8: 5000 | V8: 5000 | W8: 0 | X8: 5400 | Y8: 0 | Z8: WSWT1625800 | AA8: 0 | AB8: 0 | AC8: 0 | AD8: 0 | AE8: 0 | AF8: 0 | AG8: ยังไม่ได้พิมพ์ | AH8: P7 | AI8: 2 | AJ8: 45925 | AK8: 0 | AL8: 45916 | AM8: 45923 | AN8: 45924 | AO8: 45924 | AP8: 45920 | AQ8: 0 | AR8: 0 | AS8: 0 | AT8: 0 | AU8: 0 | AV8: 0 | AW8: งานพิมพ์ | AX8: รอART | AY8: สีลอกทั้งหมด | AZ8: 0 | BA8: 0 | BB8: 0 | BC8: WRWT25800/WRWT25800 | BD8: 0
A9: 0 | B9: 0 | C9: 0 | D9: 0 | E9: 16 | F9: 25 | G9: ขาว | H9: 0 | I9: 45 | J9: ± | K9: 5 | L9: 0 | M9: 0 | N9: 0 | O9: 0 | P9: 0 | Q9: 0 | R9: 0 | S9: 0 | U9: 0 | V9: 0 | W9: 0 | X9: 0 | Y9: 0 | Z9: WSWT1625800 | AA9: 0 | AB9: 0 | AC9: 0 | AD9: 0 | AE9: 0 | AF9: ระบุในSD | AG9: พร้อมส่ง | AH9: 0 | AI9: Lead time | AJ9: 0 | AK9: 0 | AL9: 0 | AM9: 0 | AN9: 0 | AO9: 0 | AP9: 0 | AQ9: 0 | AR9: 0 | AS9: 0 | AT9: 0 | AU9: 0 | AV9: 0 | AW9: 0 | AX9: 0 | AY9: 0 | AZ9: 0 | BA9: 0 | BB9: 0 | BC9: WRWT160800/WRWT25800 | BD9: 0
A10: 45915 | B10: MK68-001115 | C10: บจก.โรงสีข้าวธัญญาวัตน์ | D10: LUNG SHIN 12 KG. | E10: 17 | F10: 26 | G10: ขาว | H10: 0 | I10: 48 | J10: ± | K10: 5 | L10: ไม่ | M10: ไม่สวมถุงใน | N10: 0 | O10: 0 | P10: 0 | Q10: 0 | R10: 0 | S10: 500กระสอบ | T10: 45922 | U10: 10100 | V10: 0 | W10: 10100 | X10: 0 | Y10: 10605 | Z10: WSWT1725800 | AA10: 7760.335 | AB10: 7760.335 | AC10: 0 | AD10: 0 | AE10: 0 | AF10: 0 | AG10: พร้อมส่ง | AH10: P7 | AI10: 2 | AJ10: 45922 | AK10: 0 | AL10: 45913 | AM10: 45920 | AN10: 45921 | AO10: 45921 | AP10: 45917 | AQ10: 0 | AR10: 0 | AS10: 0 | AT10: 0 | AU10: 0 | AV10: 0 | AW10: งานพิมพ์ | AX10: รอART | AY10: 20/9เย็น | AZ10: 0 | BA10: 0 | BB10: 0 | BC10: WRWT25800/WRWT25800 | BD10: 0
A11: 0 | B11: 0 | C11: 0 | D11: 0 | E11: 17 | F11: 26 | G11: 0 | H11: 0 | I11: 48 | J11: ± | K11: 5 | L11: 0 | M11: 0 | N11: 0 | O11: 0 | P11: 0 | Q11: 0 | R11: 0 | S11: 0 | U11: 0 | V11: 0 | W11: 0 | X11: 0 | Y11: 0 | Z11: WSWT1725800 | AA11: 7760.335 | AB11: 7760.335 | AC11: 0 | AD11: 0 | AE11: 0 | AF11: ระบุในSD | AG11: ยังไม่ได้พิมพ์ | AH11: 0 | AI11: 0 | AJ11: 0 | AK11: 0 | AL11: 0 | AM11: 0 | AN11: 0 | AO11: 0 | AP11: 0 | AQ11: 0 | AR11: 0 | AS11: 0 | AT11: 0 | AU11: 0 | AV11: 0 | AW11: 0 | AX11: 0 | AY11: 0 | AZ11: 0 | BA11: 0 | BB11: 0 | BC11: WRWT170800/WRWT25800 | BD11: 0
A12: ประมาณการ | B12: ประมาณการ | C12: บจก.ฟาร์เธอร์ส วิง ซัพพลาย | D12: รถไฟ | E12: 18 | F12: 30 | G12: ขาว | H12: 0 | I12: 54 | J12: ± | K12: 5 | L12: บิด | M12: 19 | N12: 33 | O12: 40 | P12: 232.02999 | Q12: 0 | R12: 232.02999 | S12: 500กระสอบ | T12: รอแจ้ง | U12: 15000 | V12: 0 | W12: 15000 | X12: 0 | Y12: 15750 | Z12: WSWT1825800 | AA12: 13201.65 | AB12: 2599 | AC12: 10602.65 | AD12: 0 | AE12: 0 | AF12: 0 | AG12: พร้อมส่ง | AH12: P9 | AI12: 3 | AJ12: รอแจ้ง | AK12: 0 | AL12: #VALUE! | AM12: #VALUE! | AN12: #VALUE! | AO12: #VALUE! | AP12: #VALUE! | AQ12: #VALUE! | AR12: 0 | AS12: 0 | AT12: 0 | AU12: 0 | AV12: 0 | AW12: งานพิมพ์ | AX12: รอART | AY12: 0 | AZ12: 0 | BA12: 0 | BB12: 0 | BC12: WRWT25800/WRWT25800 | BD12: 729.46232
A13: 0 | B13: 0 | E13: 18 | F13: 30 | G13: ขาว | H13: 0 | I13: 54 | J13: ± | K13: 5 | L13: 0 | M13: 0 | N13: 0 | O13: 0 | P13: 0 | Q13: 0 | R13: 0 | S13: 0 | U13: 0 | V13: 0 | W13: 0 | X13: 0 | Y13: 0 | Z13: WSWT1825800 | AA13: 13201.65 | AB13: 2599 | AC13: 10602.65 | AD13: 0 | AE13: 0 | AF13: ระบุในSD | AG13: พร้อมส่ง | AH13: 0 | AI13: Lead time | AJ13: 0 | AK13: 0 | AL13: 0 | AM13: 0 | AN13: 0 | AO13: 0 | AP13: 0 | AQ13: 0 | AR13: 0 | AS13: 0 | AT13: 0 | AU13: 0 | AV13: 0 | AW13: 0 | AX13: 0 | AY13: 0 | AZ13: 0 | BA13: 0 | BB13: 0 | BC13: WRWT25800/WRWT25800 | BD13: 0
A14: 45912 | B14: MK68-001111 | C14: บจก.ซิเบลโก้(บางเลน) | D14: PORTARYTE | E14: 18 | F14: 30 | G14: ขาว | H14: ใส | I14: 74 | J14: ± | K14: 5 | L14: ไม่ | M14: ไม่สวมถุงใน | N14: 0 | O14: 0 | P14: 0 | Q14: 0 | R14: 0 | S14: 500กระสอบแบน | T14: 45924 | U14: 10000 | V14: 0 | W14: 10000 | X14: 0 | Y14: 10500 | Z14: WSWT1825800SM | AA14: 8801.1 | AB14: 8801.1 | AC14: 0 | AD14: 1900 | AE14: 6901.1 | AF14: ห้ามเกิน-ขาดได้5% | AG14: ยังไม่ได้พิมพ์ | AH14: P6 | AI14: 4 | AJ14: 45924 | AK14: 45920 | AL14: 45913 | AM14: 45921 | AN14: 45922 | AO14: 45923 | AP14: 45919 | AQ14: 0 | AR14: 0 | AS14: 0 | AT14: 0 | AU14: 0 | AV14: 0 | AW14: งานเคลือบ+พิมพ์ | AX14: / | AY14: 0 | AZ14: 0 | BA14: 0 | BB14: 0 | BC14: WRWT25800/WRWT25800 | BD14: 0
A15: 0 | B15: 0 | C15: 0 | E15: 18 | F15: 25 | G15: ขาว | H15: 0 | I15: 50 | J15: ± | K15: 5 | L15: 0 | M15: 0 | N15: 0 | O15: 0 | P15: 0 | Q15: 0 | R15: 0 | S15: 0 | U15: 0 | V15: 0 | W15: 0 | X15: 0 | Y15: 0 | Z15: WSWT1825800SM | AA15: 8801.1 | AB15: 8801.1 | AC15: 0 | AD15: 1900 | AE15: 6901.1 | AF15: ระบุในSD | AG15: ยังไม่ได้พิมพ์ | AH15: 0 | AI15: Lead time | AJ15: 0 | AK15: 0 | AL15: 0 | AM15: 0 | AN15: 0 | AO15: 0 | AP15: 0 | AQ15: 0 | AR15: 0 | AS15: 0 | AT15: 0 | AU15: 0 | AV15: 0 | AW15: 0 | AX15: 0 | AY15: 0 | AZ15: 0 | BA15: 0 | BB15: 0 | BC15: WRWT180800/WRWT25800 | BD15: 0
A16: 45898 | B16: MK68-001049 | C16: บจก.เพรซิเดนท์ฟลาวมิลล์ | D16: ผึ้งเหลือง | E16: 19 | F16: 30 | G16: ขาว | H16: 0 | I16: 60 | J16: ± | K16: 5 | L16: บิด | M16: ไม่สวมถุงใน | N16: 0 | O16: 0 | P16: 0 | Q16: 0 | R16: 0 | S16: 500กระสอบ | T16: 45917 | U16: 50000 | V16: 50000 | W16: 0 | X16: 52901 | Y16: 0 | Z16: WSWT1925800 | AA16: 0 | AB16: 0 | AC16: 0 | AD16: 0 | AE16: 0 | AF16: 0 | AG16: รอแบบ | AH16: P7 | AI16: 2 | AJ16: 45917 | AK16: 0 | AL16: 45908 | AM16: 45915 | AN16: 45916 | AO16: 45916 | AP16: 45912 | AQ16: 0 | AR16: 0 | AS16: 0 | AT16: 0 | AU16: 0 | AV16: 0 | AW16: งานพิมพ์ | AX16: / | AY16: ลบสีจำนวนมาก | AZ16: 0 | BA16: 0 | BB16: 0 | BC16: WRWT25800/WRWT25800 | BD16: 0
A17: 0 | B17: ใบรับคำสั่งซื้อ | C17: บจก.เอ็กเซลเล้นท์ | D17: นกทอง | E17: 19 | F17: 30 | G17: ขาว | H17: 0 | I17: 60 | J17: ± | K17: 5 | L17: บิด | M17: ไม่สวมถุงใน | N17: 0 | O17: 0 | P17: 0 | Q17: 0 | R17: 0 | S17: 500กระสอบ | T17: 45925 | U17: 20000 | V17: 0 | W17: 20000 | X17: 0 | Y17: 21000 | Z17: WSWT1925800 | AA17: 17602.2 | AB17: 14424 | AC17: 3178.2 | AD17: 0 | AE17: 0 | AF17: 0 | AG17: ยังไม่ได้พิมพ์ | AH17: P7 | AI17: 2 | AJ17: 45925 | AK17: 0 | AL17: 45916 | AM17: 45923 | AN17: 45924 | AO17: 45924 | AP17: 45920 | AQ17: 0 | AR17: 0 | AS17: 0 | AT17: 0 | AU17: 0 | AV17: 0 | AW17: งานพิมพ์ | AX17: รอART | AY17: 0 | AZ17: 0 | BA17: 0 | BB17: 0 | BC17: WRWT25800/WRWT25800 | BD17: 230.80795
A18: ประมาณการ | B18: ประมาณการ | C18: บจก.ไลม์มาสเตอร์ | D18: LMC 25 kg | E18: 19 | F18: 32 | G18: ขาว | H18: 0 | I18: 64 | J18: ± | K18: 5 | L18: ไม่ | M18: 20 | N18: 35 | O18: 40 | P18: 341.36903 | Q18: 0 | R18: 341.36903 | S18: 500กระสอบแบน | T18: 45925 | U18: 20000 | V18: 233 | W18: 19767 | X18: 0 | Y18: 20755.35 | Z18: WSWT1925800 | AA18: 18501.714 | AB18: 0 | AC18: 18501.714 | AD18: 0 | AE18: 0 | AF18: 0 | AG18: พร้อมส่ง | AH18: P9 | AI18: 3 | AJ18: 45925 | AK18: 0 | AL18: 45915 | AM18: 45922 | AN18: 45923 | AO18: 45923 | AP18: 45920 | AQ18: 45924 | AR18: 0 | AS18: 0 | AT18: 0 | AU18: 0 | AV18: 0 | AW18: งานพิมพ์ | AX18: รอART | AY18: 0 | AZ18: 0 | BA18: 0 | BB18: 0 | BC18: WRWT25800/WRWT25800 | BD18: 1343.6356
A19: ประมาณการ | B19: ประมาณการ | C19: บจก.เอ็กเซลเล้นท์ | D19: รอแบบ | E19: 19 | F19: 30 | G19: ขาว | H19: 0 | I19: 60 | J19: ± | K19: 5 | L19: บิด | M19: ไม่สวมถุงใน | N19: 0 | O19: 0 | P19: 0 | Q19: 0 | R19: 0 | S19: 500กระสอบ | T19: รอแจ้ง | U19: 40000 | V19: 0 | W19: 40000 | X19: 0 | Y19: 42000 | Z19: WSWT1925800 | AA19: 35204.4 | AB19: 0 | AC19: 35204.4 | AD19: 0 | AE19: 0 | AF19: 0 | AG19: พร้อมส่ง | AH19: P7 | AI19: 2 | AJ19: รอแจ้ง | AK19: 0 | AL19: #VALUE! | AM19: #VALUE! | AN19: #VALUE! | AO19: #VALUE! | AP19: #VALUE! | AQ19: 0 | AR19: 0 | AS19: 0 | AT19: 0 | AU19: 0 | AV19: 0 | AW19: งานพิมพ์ | AX19: รอART | AY19: 0 | AZ19: 0 | BA19: 0 | BB19: 0 | BC19: WRWT25800/WRWT25800 | BD19: 2556.6218
A20: ประมาณการ | B20: ประมาณการ | C20: บจก.เพรซิเดนท์ฟลาวมิลล์ | D20: ผึ้งเหลือง | E20: 19 | F20: 30 | G20: ขาว | H20: 0 | I20: 60 | J20: ± | K20: 5 | L20: บิด | M20: ไม่สวมถุงใน | N20: 0 | O20: 0 | P20: 0 | Q20: 0 | R20: 0 | S20: 500กระสอบ | T20: รอแจ้ง | U20: 140000 | V20: 0 | W20: 140000 | X20: 0 | Y20: 147000 | Z20: WSWT1925800 | AA20: 123215.4 | AB20: 0 | AC20: 123215.4 | AD20: 0 | AE20: 0 | AF20: 0 | AG20: พร้อมส่ง | AH20: P7 | AI20: 2 | AJ20: รอแจ้ง | AK20: 0 | AL20: #VALUE! | AM20: #VALUE! | AN20: #VALUE! | AO20: #VALUE! | AP20: #VALUE! | AQ20: 0 | AR20: 0 | AS20: 0 | AT20: 0 | AU20: 0 | AV20: 0 | AW20: งานพิมพ์ | AX20: รอART | AY20: 0 | AZ20: 0 | BA20: 0 | BB20: 0 | BC20: WRWT25800/WRWT25800 | BD20: 8948.1762
A21: 0 | B21: 0 | C21: 0 | D21: 0 | E21: 19 | F21: 30 | G21: ขาว | H21: 0 | I21: 60 | J21: ± | K21: 5 | L21: 0 | M21: 0 | N21: 0 | O21: 0 | P21: 0 | Q21: 0 | R21: 0 | S21: 0 | U21: 0 | V21: 0 | W21: 0 | X21: 0 | Y21: 0 | Z21: WSWT1925800 | AA21: 194523.71 | AB21: 14424 | AC21: 180099.71 | AD21: 0 | AE21: 0 | AF21: ระบุในSD | AG21: พร้อมส่ง | AH21: 0 | AI21: Lead time | AJ21: 0 | AK21: 0 | AL21: 0 | AM21: 0 | AN21: 0 | AO21: 0 | AP21: 0 | AQ21: 0 | AR21: 0 | AS21: 0 | AT21: 0 | AU21: 0 | AV21: 0 | AW21: 0 | AX21: 0 | AY21: 0 | AZ21: 0 | BA21: 0 | BB21: 0 | BC21: WRWT25800/WRWT25800 | BD21: 0
A22: 45905 | B22: MK68-001077 | C22: บจก.เคอรี่ฟลาวมิลล์ | D22: บะหมี่เตี๊ยว | E22: 19 | F22: 32 | G22: ขาว | H22: 0 | I22: 67 | J22: + | K22: 5 | L22: บิด | M22: ไม่สวมถุงใน | N22: 0 | O22: 0 | P22: 0 | Q22: 0 | R22: 0 | S22: ห่ออัดเบลแบน500 | T22: 45918 | U22: 5000 | V22: 5140 | W22: 0 | X22: 5250 | Y22: 0 | Z22: WSWT1921720 | AA22: 0 | AB22: 0 | AC22: 0 | AD22: 0 | AE22: 0 | AF22: PDR250296 | AG22: พร้อมส่ง | AH22: P7 | AI22: 2 | AJ22: 45918 | AK22: 0 | AL22: 45909 | AM22: 45916 | AN22: 45917 | AO22: 45917 | AP22: 45913 | AQ22: 0 | AR22: 0 | AS22: 0 | AT22: 0 | AU22: 0 | AV22: 0 | AW22: งานพิมพ์ | AX22: / | AY22: 0 | AZ22: 0 | BA22: 0 | BB22: 0 | BC22: WRWT21720/WRWT25800 | BD22: 0
A23: 45905 | B23: MK68-001077 | C23: บจก.เคอรี่ฟลาวมิลล์ | D23: แต้มแดง | E23: 19 | F23: 32 | G23: ขาว | H23: 0 | I23: 67 | J23: + | K23: 5 | L23: บิด | M23: ไม่สวมถุงใน | N23: 0 | O23: 0 | P23: 0 | Q23: 0 | R23: 0 | S23: ห่ออัดเบลแบน500 | T23: 45918 | U23: 5000 | V23: 5000 | W23: 0 | X23: 5023 | Y23: 0 | Z23: WSWT1921720 | AA23: 0 | AB23: 0 | AC23: 0 | AD23: 0 | AE23: 0 | AF23: PDR250295 | AG23: พร้อมส่ง | AH23: P7 | AI23: 2 | AJ23: 45918 | AK23: 0 | AL23: 45909 | AM23: 45916 | AN23: 45917 | AO23: 45917 | AP23: 45913 | AQ23: 0 | AR23: 0 | AS23: 0 | AT23: 0 | AU23: 0 | AV23: 0 | AW23: งานพิมพ์ | AX23: / | AY23: 0 | AZ23: 0 | BA23: 0 | BB23: 0 | BC23: WRWT21720/WRWT25800 | BD23: 0
A24: ประมาณการ | B24: ประมาณการ | C24: บจก.เคอรี่ฟลาวมิลล์ | D24: แต้มแดง | E24: 19 | F24: 32 | G24: ขาว | H24: 0 | I24: 67 | J24: + | K24: 5 | L24: บิด | M24: ไม่สวมถุงใน | N24: 0 | O24: 0 | P24: 0 | Q24: 0 | R24: 0 | S24: ห่ออัดเบลแบน500 | T24: รอแจ้ง | U24: 5000 | V24: 5000 | W24: 0 | X24: 5400 | Y24: 0 | Z24: WSWT1921720 | AA24: 0 | AB24: 0 | AC24: 0 | AD24: 0 | AE24: 0 | AF24: 0 | AG24: ผ้าขาว | AH24: P7 | AI24: 2 | AJ24: รอแจ้ง | AK24: 0 | AL24: #VALUE! | AM24: #VALUE! | AN24: #VALUE! | AO24: #VALUE! | AP24: #VALUE! | AQ24: 0 | AR24: 0 | AS24: 0 | AT24: 0 | AU24: 0 | AV24: 0 | AW24: งานพิมพ์ | AX24: 0 | AY24: 0 | AZ24: 0 | BA24: 0 | BB24: 0 | BC24: WRWT21720/WRWT25800 | BD24: 0
A25: 45905 | B25: MK68-001077 | C25: บจก.เคอรี่ฟลาวมิลล์ | D25: ถุงเขียว | E25: 19 | F25: 32 | G25: ขาว | H25: 0 | I25: 67 | J25: + | K25: 5 | L25: บิด | M25: ไม่สวมถุงใน | N25: 0 | O25: 0 | P25: 0 | Q25: 0 | R25: 0 | S25: ห่ออัดเบลแบน500 | T25: 45918 | U25: 10000 | V25: 10000 | W25: 0 | X25: 10400 | Y25: 0 | Z25: WSWT1921720 | AA25: 0 | AB25: 0 | AC25: 0 | AD25: 0 | AE25: 0 | AF25: PDR250296 | AG25: ผ้าขาว | AH25: P7 | AI25: 2 | AJ25: 45918 | AK25: 0 | AL25: 45909 | AM25: 45916 | AN25: 45917 | AO25: 45917 | AP25: 45913 | AQ25: 0 | AR25: 0 | AS25: 0 | AT25: 0 | AU25: 0 | AV25: 0 | AW25: งานพิมพ์ | AX25: / | AY25: 0 | AZ25: 0 | BA25: 0 | BB25: 0 | BC25: WRWT21720/WRWT25800 | BD25: 0
A26: 45905 | B26: MK68-001077 | C26: บจก.เคอรี่ฟลาวมิลล์ | D26: ดอกไม้เขียว | E26: 19 | F26: 32 | G26: ขาว | H26: 0 | I26: 67 | J26: + | K26: 5 | L26: บิด | M26: ไม่สวมถุงใน | N26: 0 | O26: 0 | P26: 0 | Q26: 0 | R26: 0 | S26: ห่ออัดเบลแบน500 | T26: 45918 | U26: 5000 | V26: 5000 | W26: 0 | X26: 5400 | Y26: 0 | Z26: WSWT1921720 | AA26: 0 | AB26: 0 | AC26: 0 | AD26: 0 | AE26: 0 | AF26: PDR250296 | AG26: พร้อมส่ง | AH26: P7 | AI26: 2 | AJ26: 45918 | AK26: 0 | AL26: 45909 | AM26: 45916 | AN26: 45917 | AO26: 45917 | AP26: 45913 | AQ26: 0 | AR26: 0 | AS26: 0 | AT26: 0 | AU26: 0 | AV26: 0 | AW26: งานพิมพ์ | AX26: / | AY26: ลบสีจำนวนมาก | AZ26: 0 | BA26: 0 | BB26: 0 | BC26: WRWT21720/WRWT25800 | BD26: 0
A27: 45904 | B27: MK68-001075 | C27: บจก.เคอรี่ฟลาวมิลล์ | D27: ไม่พิมพ์ | E27: 19 | F27: 32 | G27: ขาว | H27: 0 | I27: 67 | J27: + | K27: 5 | L27: ไม่ | M27: ไม่สวมถุงใน | N27: 0 | O27: 0 | P27: 0 | Q27: 0 | R27: 0 | S27: ห่ออัดเบลแบน501 | T27: 45924 | U27: 20000 | V27: 21000 | W27: 0 | X27: 0 | Y27: 0 | Z27: WSWT1921720 | AA27: 0 | AB27: 0 | AC27: 0 | AD27: 0 | AE27: 0 | AF27: 0 | AG27: พร้อมส่ง | AH27: P3 | AI27: 1 | AJ27: 45924 | AK27: 0 | AL27: 0 | AM27: 0 | AN27: 0 | AO27: 45923 | AP27: 45919 | AQ27: 0 | AR27: 0 | AS27: 0 | AT27: 0 | AU27: 0 | AV27: 0 | AW27: ตัด | AX27: 0 | AY27: 0 | AZ27: 0 | BA27: 0 | BB27: 0 | BC27: WRWT21720/WRWT25800 | BD27: 0
A28: 45904 | B28: MK68-001076 | C28: บจก.เคอรี่ฟลาวมิลล์ | D28: ไม่พิมพ์ | E28: 19 | F28: 32 | G28: ขาว | H28: 0 | I28: 67 | J28: + | K28: 5 | L28: ไม่ | M28: ไม่สวมถุงใน | N28: 0 | O28: 0 | P28: 0 | Q28: 0 | R28: 0 | S28: ห่ออัดเบลแบน501 | T28: 45924 | U28: 20000 | V28: 21000 | W28: 0 | X28: 0 | Y28: 0 | Z28: WSWT1921720 | AA28: 0 | AB28: 0 | AC28: 0 | AD28: 0 | AE28: 0 | AF28: 0 | AG28: พร้อมส่ง | AH28: P3 | AI28: 1 | AJ28: 45924 | AK28: 0 | AL28: 0 | AM28: 0 | AN28: 0 | AO28: 45923 | AP28: 45919 | AQ28: 0 | AR28: 0 | AS28: 0 | AT28: 0 | AU28: 0 | AV28: 0 | AW28: ตัด | AX28: 0 | AY28: 0 | AZ28: 0 | BA28: 0 | BB28: 0 | BC28: WRWT21720/WRWT25800 | BD28: 0
A29: 45910 | B29: MK68-001099 | C29: บจก.เคอรี่ฟลาวมิลล์ | D29: ถุงเขียว | E29: 19 | F29: 32 | G29: ขาว | H29: 0 | I29: 67 | J29: + | K29: 5 | L29: บิด | M29: ไม่สวมถุงใน | N29: 0 | O29: 0 | P29: 0 | Q29: 0 | R29: 0 | S29: ห่ออัดเบลแบน500 | T29: 45920 | U29: 10000 | V29: 10000 | W29: 0 | X29: 10400 | Y29: 0 | Z29: WSWT1921720 | AA29: 0 | AB29: 0 | AC29: 0 | AD29: 0 | AE29: 0 | AF29: PDR250299 | AG29: พร้อมส่ง | AH29: P7 | AI29: 2 | AJ29: 45920 | AK29: 0 | AL29: 45911 | AM29: 45918 | AN29: 45919 | AO29: 45919 | AP29: 45915 | AQ29: 0 | AR29: 0 | AS29: 0 | AT29: 0 | AU29: 0 | AV29: 0 | AW29: งานพิมพ์ | AX29: / | AY29: 0 | AZ29: 0 | BA29: 0 | BB29: 0 | BC29: WRWT21720/WRWT25800 | BD29: 0
A30: 45910 | B30: MK68-001099 | C30: บจก.เคอรี่ฟลาวมิลล์ | D30: ถุงทองแซนวิช | E30: 19 | F30: 32 | G30: ขาว | H30: 0 | I30: 67 | J30: + | K30: 5 | L30: บิด | M30: ไม่สวมถุงใน | N30: 0 | O30: 0 | P30: 0 | Q30: 0 | R30: 0 | S30: ห่ออัดเบลแบน500 | T30: 45920 | U30: 10000 | V30: 10000 | W30: 0 | X30: 10490 | Y30: 0 | Z30: WSWT1921720 | AA30: 0 | AB30: 0 | AC30: 0 | AD30: 0 | AE30: 0 | AF30: PDR250299 | AG30: พร้อมส่ง | AH30: P7 | AI30: 2 | AJ30: 45920 | AK30: 0 | AL30: 45911 | AM30: 45918 | AN30: 45919 | AO30: 45919 | AP30: 45915 | AQ30: 0 | AR30: 0 | AS30: 0 | AT30: 0 | AU30: 0 | AV30: 0 | AW30: งานพิมพ์ | AX30: / | AY30: ลบสี 500 | AZ30: 0 | BA30: 0 | BB30: 0 | BC30: WRWT21720/WRWT25800 | BD30: 0
A31: 45910 | B31: MK68-001099 | C31: บจก.เคอรี่ฟลาวมิลล์ | D31: BS | E31: 19 | F31: 32 | G31: ขาว | H31: 0 | I31: 67 | J31: + | K31: 5 | L31: บิด | M31: ไม่สวมถุงใน | N31: 0 | O31: 0 | P31: 0 | Q31: 0 | R31: 0 | S31: ห่ออัดเบลแบน500 | T31: 45920 | U31: 5000 | V31: 5000 | W31: 0 | X31: 5250 | Y31: 0 | Z31: WSWT1921720 | AA31: 0 | AB31: 0 | AC31: 0 | AD31: 0 | AE31: 0 | AF31: PDR250299 | AG31: พร้อมส่ง | AH31: P7 | AI31: 2 | AJ31: 45920 | AK31: 0 | AL31: 45911 | AM31: 45918 | AN31: 45919 | AO31: 45919 | AP31: 45915 | AQ31: 0 | AR31: 0 | AS31: 0 | AT31: 0 | AU31: 0 | AV31: 0 | AW31: งานพิมพ์ | AX31: / | AY31: ลบสี 900 | AZ31: 0 | BA31: 0 | BB31: 0 | BC31: WRWT21720/WRWT25800 | BD31: 0
A32: 45910 | B32: MK68-001099 | C32: บจก.เคอรี่ฟลาวมิลล์ | D32: ชามแดง | E32: 19 | F32: 32 | G32: ขาว | H32: 0 | I32: 67 | J32: + | K32: 5 | L32: บิด | M32: ไม่สวมถุงใน | N32: 0 | O32: 0 | P32: 0 | Q32: 0 | R32: 0 | S32: ห่ออัดเบลแบน500 | T32: 45925 | U32: 5000 | V32: 5000 | W32: 0 | X32: 5710 | Y32: 0 | Z32: WSWT1921720 | AA32: 0 | AB32: 0 | AC32: 0 | AD32: 0 | AE32: 0 | AF32: PDR250300 | AG32: พร้อมส่ง | AH32: P7 | AI32: 2 | AJ32: 45925 | AK32: 0 | AL32: 45916 | AM32: 45923 | AN32: 45924 | AO32: 45924 | AP32: 45920 | AQ32: 0 | AR32: 0 | AS32: 0 | AT32: 0 | AU32: 0 | AV32: 0 | AW32: งานพิมพ์ | AX32: / | AY32: ลบสี | AZ32: 0 | BA32: 0 | BB32: 0 | BC32: WRWT21720/WRWT25800 | BD32: 0
A33: 45910 | B33: MK68-001099 | C33: บจก.เคอรี่ฟลาวมิลล์ | D33: บะหมี่เตี๊ยว | E33: 19 | F33: 32 | G33: ขาว | H33: 0 | I33: 67 | J33: + | K33: 5 | L33: บิด | M33: ไม่สวมถุงใน | N33: 0 | O33: 0 | P33: 0 | Q33: 0 | R33: 0 | S33: ห่ออัดเบลแบน500 | T33: 45925 | U33: 5000 | V33: 5000 | W33: 0 | X33: 5400 | Y33: 0 | Z33: WSWT1921720 | AA33: 0 | AB33: 0 | AC33: 0 | AD33: 0 | AE33: 0 | AF33: PDR250300 | AG33: พร้อมส่ง | AH33: P7 | AI33: 2 | AJ33: 45925 | AK33: 0 | AL33: 45916 | AM33: 45923 | AN33: 45924 | AO33: 45924 | AP33: 45920 | AQ33: 0 | AR33: 0 | AS33: 0 | AT33: 0 | AU33: 0 | AV33: 0 | AW33: งานพิมพ์ | AX33: / | AY33: 0 | AZ33: 0 | BA33: 0 | BB33: 0 | BC33: WRWT21720/WRWT25800 | BD33: 0
A34: 45910 | B34: MK68-001099 | C34: บจก.เคอรี่ฟลาวมิลล์ | D34: HARD FLOUR | E34: 19 | F34: 32 | G34: ขาว | H34: 0 | I34: 67 | J34: + | K34: 5 | L34: บิด | M34: ไม่สวมถุงใน | N34: 0 | O34: 0 | P34: 0 | Q34: 0 | R34: 0 | S34: ห่ออัดเบลแบน500 | T34: 45925 | U34: 5000 | V34: 5000 | W34: 0 | X34: 5400 | Y34: 0 | Z34: WSWT1921720 | AA34: 0 | AB34: 0 | AC34: 0 | AD34: 0 | AE34: 0 | AF34: PDR250300 | AG34: ยังไม่ได้พิมพ์ | AH34: P7 | AI34: 2 | AJ34: 45925 | AK34: 0 | AL34: 45916 | AM34: 45923 | AN34: 45924 | AO34: 45924 | AP34: 45920 | AQ34: 0 | AR34: 0 | AS34: 0 | AT34: 0 | AU34: 0 | AV34: 0 | AW34: งานพิมพ์ | AX34: / | AY34: ลบสี 893 | AZ34: 0 | BA34: 0 | BB34: 0 | BC34: WRWT21720/WRWT25800 | BD34: 0
A35: 45910 | B35: MK68-001099 | C35: บจก.เคอรี่ฟลาวมิลล์ | D35: FW-Y | E35: 19 | F35: 32 | G35: ขาว | H35: 0 | I35: 67 | J35: + | K35: 5 | L35: ไม่ | M35: ไม่สวมถุงใน | N35: 0 | O35: 0 | P35: 0 | Q35: 0 | R35: 0 | S35: ห่ออัดเบลแบน500 | T35: 45925 | U35: 5000 | V35: 5000 | W35: 0 | X35: 5400 | Y35: 0 | Z35: WSWT1921720 | AA35: 0 | AB35: 0 | AC35: 0 | AD35: 0 | AE35: 0 | AF35: PDR250300 | AG35: ยังไม่ได้พิมพ์ | AH35: P7 | AI35: 2 | AJ35: 45925 | AK35: 0 | AL35: 45916 | AM35: 45923 | AN35: 45924 | AO35: 45924 | AP35: 45920 | AQ35: 0 | AR35: 0 | AS35: 0 | AT35: 0 | AU35: 0 | AV35: 0 | AW35: งานพิมพ์ | AX35: / | AY35: 0 | AZ35: 0 | BA35: 0 | BB35: 0 | BC35: WRWT21720/WRWT25800 | BD35: 0
A36: 45910 | B36: MK68-001099 | C36: บจก.เคอรี่ฟลาวมิลล์ | D36: 997 | E36: 19 | F36: 32 | G36: ขาว | H36: 0 | I36: 67 | J36: + | K36: 5 | L36: ไม่ | M36: ไม่สวมถุงใน | N36: 0 | O36: 0 | P36: 0 | Q36: 0 | R36: 0 | S36: ห่ออัดเบลแบน500 | T36: 45925 | U36: 5000 | V36: 5000 | W36: 0 | X36: 5400 | Y36: 0 | Z36: WSWT1921720 | AA36: 0 | AB36: 0 | AC36: 0 | AD36: 0 | AE36: 0 | AF36: PDR250300 | AG36: ยังไม่ได้พิมพ์ | AH36: P7 | AI36: 2 | AJ36: 45925 | AK36: 0 | AL36: 45916 | AM36: 45923 | AN36: 45924 | AO36: 45924 | AP36: 45920 | AQ36: 0 | AR36: 0 | AS36: 0 | AT36: 0 | AU36: 0 | AV36: 0 | AW36: งานพิมพ์ | AX36: / | AY36: 0 | AZ36: 0 | BA36: 0 | BB36: 0 | BC36: WRWT21720/WRWT25800 | BD36: 0
A37: 45912 | B37: MK68-001108 | C37: บจก.เคอรี่ฟลาวมิลล์ | D37: NHR-1 | E37: 19 | F37: 32 | G37: ขาว | H37: 0 | I37: 67 | J37: + | K37: 5 | L37: บิด | M37: ไม่สวมถุงใน | N37: 0 | O37: 0 | P37: 0 | Q37: 0 | R37: 0 | S37: ห่ออัดเบลแบน500 | T37: 45920 | U37: 5000 | V37: 0 | W37: 5000 | X37: 0 | Y37: 5250 | Z37: WSWT1921720 | AA37: 4679.95 | AB37: 4679.95 | AC37: 0 | AD37: 0 | AE37: 0 | AF37: PDR250301 | AG37: ยังไม่ได้พิมพ์ | AH37: P7 | AI37: 2 | AJ37: 45920 | AK37: 0 | AL37: 45911 | AM37: 45918 | AN37: 45919 | AO37: 45919 | AP37: 45915 | AQ37: 0 | AR37: 0 | AS37: 0 | AT37: 0 | AU37: 0 | AV37: 0 | AW37: งานพิมพ์ | AX37: / | AY37: 0 | AZ37: 0 | BA37: 0 | BB37: 0 | BC37: WRWT21720/WRWT25800 | BD37: 0
A38: 45912 | B38: MK68-001108 | C38: บจก.เคอรี่ฟลาวมิลล์ | D38: กุ้งแดง | E38: 19 | F38: 32 | G38: ขาว | H38: 0 | I38: 67 | J38: + | K38: 5 | L38: บิด | M38: ไม่สวมถุงใน | N38: 0 | O38: 0 | P38: 0 | Q38: 0 | R38: 0 | S38: ห่ออัดเบลแบน500 | T38: 45920 | U38: 10000 | V38: 0 | W38: 10000 | X38: 0 | Y38: 10500 | Z38: WSWT1921720 | AA38: 9359.9 | AB38: 9359.9 | AC38: 0 | AD38: 0 | AE38: 0 | AF38: PDR250301 | AG38: รอตัด | AH38: P7 | AI38: 2 | AJ38: 45920 | AK38: 0 | AL38: 45911 | AM38: 45918 | AN38: 45919 | AO38: 45919 | AP38: 45915 | AQ38: 0 | AR38: 0 | AS38: 0 | AT38: 0 | AU38: 0 | AV38: 0 | AW38: งานพิมพ์ | AX38: / | AY38: 0 | AZ38: 0 | BA38: 0 | BB38: 0 | BC38: WRWT21720/WRWT25800 | BD38: 0
A39: 45912 | B39: MK68-001108 | C39: บจก.เคอรี่ฟลาวมิลล์ | D39: ดอกไม้เขียว | E39: 19 | F39: 32 | G39: ขาว | H39: 0 | I39: 67 | J39: + | K39: 5 | L39: บิด | M39: ไม่สวมถุงใน | N39: 0 | O39: 0 | P39: 0 | Q39: 0 | R39: 0 | S39: ห่ออัดเบลแบน500 | T39: 45920 | U39: 10000 | V39: 0 | W39: 10000 | X39: 0 | Y39: 10500 | Z39: WSWT1921720 | AA39: 9359.9 | AB39: 9359.9 | AC39: 0 | AD39: 0 | AE39: 0 | AF39: PDR250301 | AG39: ยังไม่ได้พิมพ์ | AH39: P7 | AI39: 2 | AJ39: 45920 | AK39: 0 | AL39: 45911 | AM39: 45918 | AN39: 45919 | AO39: 45919 | AP39: 45915 | AQ39: 0 | AR39: 0 | AS39: 0 | AT39: 0 | AU39: 0 | AV39: 0 | AW39: งานพิมพ์ | AX39: / | AY39: 0 | AZ39: 0 | BA39: 0 | BB39: 0 | BC39: WRWT21720/WRWT25800 | BD39: 0
A40: 45912 | B40: MK68-001108 | C40: บจก.เคอรี่ฟลาวมิลล์ | D40: ถุงเขียว | E40: 19 | F40: 32 | G40: ขาว | H40: 0 | I40: 67 | J40: + | K40: 5 | L40: บิด | M40: ไม่สวมถุงใน | N40: 0 | O40: 0 | P40: 0 | Q40: 0 | R40: 0 | S40: ห่ออัดเบลแบน500 | T40: 45925 | U40: 10000 | V40: 0 | W40: 10000 | X40: 0 | Y40: 10500 | Z40: WSWT1921720 | AA40: 9359.9 | AB40: 9359.9 | AC40: 0 | AD40: 0 | AE40: 0 | AF40: PDR250302 | AG40: ยังไม่ได้พิมพ์ | AH40: P7 | AI40: 2 | AJ40: 45925 | AK40: 0 | AL40: 45916 | AM40: 45923 | AN40: 45924 | AO40: 45924 | AP40: 45920 | AQ40: 0 | AR40: 0 | AS40: 0 | AT40: 0 | AU40: 0 | AV40: 0 | AW40: งานพิมพ์ | AX40: / | AY40: 0 | AZ40: 0 | BA40: 0 | BB40: 0 | BC40: WRWT21720/WRWT25800 | BD40: 0
A41: 45912 | B41: MK68-001108 | C41: บจก.เคอรี่ฟลาวมิลล์ | D41: ถุงเงิน | E41: 19 | F41: 32 | G41: ขาว | H41: 0 | I41: 67 | J41: + | K41: 5 | L41: บิด | M41: ไม่สวมถุงใน | N41: 0 | O41: 0 | P41: 0 | Q41: 0 | R41: 0 | S41: ห่ออัดเบลแบน500 | T41: 45925 | U41: 5000 | V41: 0 | W41: 5000 | X41: 5300 | Y41: 0 | Z41: WSWT1921720 | AA41: 0 | AB41: 0 | AC41: 0 | AD41: 0 | AE41: 0 | AF41: PDR250302 | AG41: รอตัด | AH41: P7 | AI41: 2 | AJ41: 45925 | AK41: 0 | AL41: 45916 | AM41: 45923 | AN41: 45924 | AO41: 45924 | AP41: 45920 | AQ41: 0 | AR41: 0 | AS41: 0 | AT41: 0 | AU41: 0 | AV41: 0 | AW41: งานพิมพ์ | AX41: / | AY41: 0 | AZ41: 0 | BA41: 0 | BB41: 0 | BC41: WRWT21720/WRWT25800 | BD41: 0
A42: 45912 | B42: MK68-001108 | C42: บจก.เคอรี่ฟลาวมิลล์ | D42: ดอกไม้ม่วง | E42: 19 | F42: 32 | G42: ขาว | H42: 0 | I42: 67 | J42: + | K42: 5 | L42: บิด | M42: ไม่สวมถุงใน | N42: 0 | O42: 0 | P42: 0 | Q42: 0 | R42: 0 | S42: ห่ออัดเบลแบน500 | T42: 45925 | U42: 5000 | V42: 0 | W42: 5000 | X42: 0 | Y42: 5250 | Z42: WSWT1921720 | AA42: 4679.95 | AB42: 4679.95 | AC42: 0 | AD42: 0 | AE42: 0 | AF42: PDR250302 | AG42: ยังไม่ได้พิมพ์ | AH42: P7 | AI42: 2 | AJ42: 45925 | AK42: 0 | AL42: 45916 | AM42: 45923 | AN42: 45924 | AO42: 45924 | AP42: 45920 | AQ42: 0 | AR42: 0 | AS42: 0 | AT42: 0 | AU42: 0 | AV42: 0 | AW42: งานพิมพ์ | AX42: / | AY42: 0 | AZ42: 0 | BA42: 0 | BB42: 0 | BC42: WRWT21720/WRWT25800 | BD42: 0
A43: 45912 | B43: MK68-001109 | C43: บจก.เคอรี่ฟลาวมิลล์ | D43: NHR-1 | E43: 19 | F43: 32 | G43: ขาว | H43: 0 | I43: 67 | J43: + | K43: 5 | L43: บิด | M43: ไม่สวมถุงใน | N43: 0 | O43: 0 | P43: 0 | Q43: 0 | R43: 0 | S43: ห่ออัดเบลแบน500 | T43: 45927 | U43: 5000 | V43: 0 | W43: 5000 | X43: 0 | Y43: 5250 | Z43: WSWT1921720 | AA43: 4679.95 | AB43: 4679.95 | AC43: 0 | AD43: 0 | AE43: 0 | AF43: PDR250303 | AG43: ยังไม่ได้พิมพ์ | AH43: P7 | AI43: 2 | AJ43: 45927 | AK43: 0 | AL43: 45918 | AM43: 45925 | AN43: 45926 | AO43: 45926 | AP43: 45922 | AQ43: 0 | AR43: 0 | AS43: 0 | AT43: 0 | AU43: 0 | AV43: 0 | AW43: งานพิมพ์ | AX43: / | AY43: 0 | AZ43: 0 | BA43: 0 | BB43: 0 | BC43: WRWT21720/WRWT25800 | BD43: 0
A44: 45912 | B44: MK68-001109 | C44: บจก.เคอรี่ฟลาวมิลล์ | D44: ถุงเงิน | E44: 19 | F44: 32 | G44: ขาว | H44: 0 | I44: 67 | J44: + | K44: 5 | L44: บิด | M44: ไม่สวมถุงใน | N44: 0 | O44: 0 | P44: 0 | Q44: 0 | R44: 0 | S44: ห่ออัดเบลแบน500 | T44: 45927 | U44: 5000 | V44: 0 | W44: 5000 | X44: 5300 | Y44: 0 | Z44: WSWT1921720 | AA44: 0 | AB44: 0 | AC44: 0 | AD44: 0 | AE44: 0 | AF44: PDR250303 | AG44: ยังไม่ได้พิมพ์ | AH44: P7 | AI44: 2 | AJ44: 45927 | AK44: 0 | AL44: 45918 | AM44: 45925 | AN44: 45926 | AO44: 45926 | AP44: 45922 | AQ44: 0 | AR44: 0 | AS44: 0 | AT44: 0 | AU44: 0 | AV44: 0 | AW44: งานพิมพ์ | AX44: / | AY44: 0 | AZ44: 0 | BA44: 0 | BB44: 0 | BC44: WRWT21720/WRWT25800 | BD44: 0
A45: 45912 | B45: MK68-001109 | C45: บจก.เคอรี่ฟลาวมิลล์ | D45: ดอกไม้เขียว | E45: 19 | F45: 32 | G45: ขาว | H45: 0 | I45: 67 | J45: + | K45: 5 | L45: บิด | M45: ไม่สวมถุงใน | N45: 0 | O45: 0 | P45: 0 | Q45: 0 | R45: 0 | S45: ห่ออัดเบลแบน500 | T45: 45927 | U45: 10000 | V45: 0 | W45: 10000 | X45: 0 | Y45: 10500 | Z45: WSWT1921720 | AA45: 9359.9 | AB45: 6845 | AC45: 2514.9 | AD45: 0 | AE45: 0 | AF45: PDR250303 | AG45: ยังไม่ได้พิมพ์ | AH45: P7 | AI45: 2 | AJ45: 45927 | AK45: 0 | AL45: 45918 | AM45: 45925 | AN45: 45926 | AO45: 45926 | AP45: 45922 | AQ45: 0 | AR45: 0 | AS45: 0 | AT45: 0 | AU45: 0 | AV45: 0 | AW45: งานพิมพ์ | AX45: / | AY45: 0 | AZ45: 0 | BA45: 0 | BB45: 0 | BC45: WRWT21720/WRWT25800 | BD45: 189.43345
A46: 45916 | B46: MK68-001116 | C46: บจก.เคอรี่ฟลาวมิลล์ | D46: กุ้งแดง | E46: 19 | F46: 32 | G46: ขาว | H46: 0 | I46: 67 | J46: + | K46: 5 | L46: บิด | M46: ไม่สวมถุงใน | N46: 0 | O46: 0 | P46: 0 | Q46: 0 | R46: 0 | S46: ห่ออัดเบลแบน500 | T46: 45927 | U46: 10000 | V46: 0 | W46: 10000 | X46: 0 | Y46: 10500 | Z46: WSWT1921720 | AA46: 9359.9 | AB46: 0 | AC46: 9359.9 | AD46: 0 | AE46: 0 | AF46: PDR250307 | AG46: ผ้าขาว | AH46: P7 | AI46: 2 | AJ46: 45927 | AK46: 0 | AL46: 45918 | AM46: 45925 | AN46: 45926 | AO46: 45926 | AP46: 45922 | AQ46: 0 | AR46: 0 | AS46: 0 | AT46: 0 | AU46: 0 | AV46: 0 | AW46: งานพิมพ์ | AX46: รอART | AY46: 0 | AZ46: 0 | BA46: 0 | BB46: 0 | BC46: WRWT21720/WRWT25800 | BD46: 705.02927
A47: 45916 | B47: MK68-001116 | C47: บจก.เคอรี่ฟลาวมิลล์ | D47: ดอกไม้เขียว | E47: 19 | F47: 32 | G47: ขาว | H47: 0 | I47: 67 | J47: + | K47: 5 | L47: บิด | M47: ไม่สวมถุงใน | N47: 0 | O47: 0 | P47: 0 | Q47: 0 | R47: 0 | S47: ห่ออัดเบลแบน500 | T47: 45927 | U47: 10000 | V47: 0 | W47: 10000 | X47: 0 | Y47: 10500 | Z47: WSWT1921720 | AA47: 9359.9 | AB47: 0 | AC47: 9359.9 | AD47: 0 | AE47: 0 | AF47: PDR250307 | AG47: ยังไม่ได้พิมพ์ | AH47: P7 | AI47: 2 | AJ47: 45927 | AK47: 0 | AL47: 45918 | AM47: 45925 | AN47: 45926 | AO47: 45926 | AP47: 45922 | AQ47: 0 | AR47: 0 | AS47: 0 | AT47: 0 | AU47: 0 | AV47: 0 | AW47: งานพิมพ์ | AX47: รอART | AY47: 0 | AZ47: 0 | BA47: 0 | BB47: 0 | BC47: WRWT21720/WRWT25800 | BD47: 705.02927
A48: 45916 | B48: MK68-001116 | C48: บจก.เคอรี่ฟลาวมิลล์ | D48: บลูทีมแดง | E48: 19 | F48: 32 | G48: ขาว | H48: 0 | I48: 67 | J48: + | K48: 5 | L48: บิด | M48: ไม่สวมถุงใน | N48: 0 | O48: 0 | P48: 0 | Q48: 0 | R48: 0 | S48: ห่ออัดเบลแบน500 | T48: 45927 | U48: 5000 | V48: 0 | W48: 5000 | X48: 0 | Y48: 5250 | Z48: WSWT1921720 | AA48: 4679.95 | AB48: 0 | AC48: 4679.95 | AD48: 0 | AE48: 0 | AF48: PDR250307 | AG48: ยังไม่ได้พิมพ์ | AH48: P7 | AI48: 2 | AJ48: 45927 | AK48: 0 | AL48: 45918 | AM48: 45925 | AN48: 45926 | AO48: 45926 | AP48: 45922 | AQ48: 0 | AR48: 0 | AS48: 0 | AT48: 0 | AU48: 0 | AV48: 0 | AW48: งานพิมพ์ | AX48: รอART | AY48: 0 | AZ48: 0 | BA48: 0 | BB48: 0 | BC48: WRWT21720/WRWT25800 | BD48: 352.51463
A49: 45913 | B49: MK68-001113 | C49: บจก.เคอรี่ฟลาวมิลล์ | D49: ไม่พิมพ์ | E49: 19 | F49: 36 | G49: ขาว | H49: 0 | I49: 75 | J49: + | K49: 5 | L49: ไม่ | M49: ไม่สวมถุงใน | N49: 0 | O49: 0 | P49: 0 | Q49: 0 | R49: 0 | S49: ห่ออัดเบลแบน500 | T49: 45930 | U49: 10000 | V49: 0 | W49: 10000 | X49: 0 | Y49: 0 | Z49: WSWT1921720 | AA49: 10477.5 | AB49: 0 | AC49: 10477.5 | AD49: 0 | AE49: 0 | AF49: PDR250306 | AG49: รอแบบ | AH49: P3 | AI49: 1 | AJ49: 45930 | AK49: 0 | AL49: 0 | AM49: 0 | AN49: 0 | AO49: 45929 | AP49: 45925 | AQ49: 0 | AR49: 0 | AS49: 0 | AT49: 0 | AU49: 0 | AV49: 0 | AW49: ตัด | AY49: 0 | AZ49: 0 | BA49: 0 | BB49: 0 | BC49: WRWT21720/WRWT25800 | BD49: 789.21187
A50: 45913 | B50: MK68-001113 | C50: บจก.เคอรี่ฟลาวมิลล์ | D50: ถุงทองแซนวิช | E50: 19 | F50: 32 | G50: ขาว | H50: 0 | I50: 67 | J50: + | K50: 5 | L50: บิด | M50: ไม่สวมถุงใน | N50: 0 | O50: 0 | P50: 0 | Q50: 0 | R50: 0 | S50: ห่ออัดเบลแบน500 | T50: 45930 | U50: 10000 | V50: 0 | W50: 10000 | X50: 0 | Y50: 10500 | Z50: WSWT1921720 | AA50: 9359.9 | AB50: 0 | AC50: 9359.9 | AD50: 0 | AE50: 0 | AF50: PDR250306 | AG50: พร้อมส่ง | AH50: P7 | AI50: 2 | AJ50: 45930 | AK50: 0 | AL50: 45921 | AM50: 45928 | AN50: 45929 | AO50: 45929 | AP50: 45925 | AQ50: 0 | AR50: 0 | AS50: 0 | AT50: 0 | AU50: 0 | AV50: 0 | AW50: งานพิมพ์ | AX50: รอART | AY50: 0 | AZ50: 0 | BA50: 0 | BB50: 0 | BC50: WRWT21720/WRWT25800 | BD50: 705.02927
A51: 45913 | B51: MK68-001113 | C51: บจก.เคอรี่ฟลาวมิลล์ | D51: ดอกไม้แดง | E51: 19 | F51: 32 | G51: ขาว | H51: 0 | I51: 67 | J51: + | K51: 5 | L51: บิด | M51: ไม่สวมถุงใน | N51: 0 | O51: 0 | P51: 0 | Q51: 0 | R51: 0 | S51: ห่ออัดเบลแบน500 | T51: 45930 | U51: 5000 | V51: 0 | W51: 5000 | X51: 0 | Y51: 5250 | Z51: WSWT1921720 | AA51: 4679.95 | AB51: 0 | AC51: 4679.95 | AD51: 0 | AE51: 0 | AF51: PDR250306 | AG51: พร้อมส่ง | AH51: P7 | AI51: 2 | AJ51: 45930 | AK51: 0 | AL51: 45921 | AM51: 45928 | AN51: 45929 | AO51: 45929 | AP51: 45925 | AQ51: 0 | AR51: 0 | AS51: 0 | AT51: 0 | AU51: 0 | AV51: 0 | AW51: งานพิมพ์ | AX51: รอART | AY51: 0 | AZ51: 0 | BA51: 0 | BB51: 0 | BC51: WRWT21720/WRWT25800 | BD51: 352.51463
A52: ประมาณการ | B52: ประมาณการ | C52: บจก.เคอรี่ฟลาวมิลล์ | D52: รอแบบ | E52: 19 | F52: 32 | G52: ขาว | H52: 0 | I52: 67 | J52: + | K52: 5 | L52: บิด | M52: ไม่สวมถุงใน | N52: 0 | O52: 0 | P52: 0 | Q52: 0 | R52: 0 | S52: ห่ออัดเบลแบน500 | T52: 45961 | U52: 400000 | V52: 0 | W52: 400000 | X52: 0 | Y52: 420000 | Z52: WSWT1921720 | AA52: 374396 | AB52: 0 | AC52: 374396 | AD52: 0 | AE52: 0 | AF52: 0 | AG52: พร้อมส่ง | AH52: P7 | AI52: 2 | AJ52: 45961 | AK52: 0 | AL52: 45952 | AM52: 45959 | AN52: 45960 | AO52: 45960 | AP52: 45956 | AQ52: 0 | AR52: 0 | AS52: 0 | AT52: 0 | AU52: 0 | AV52: 0 | AW52: งานพิมพ์ | AX52: รอART | AY52: 0 | AZ52: 0 | BA52: 0 | BB52: 0 | BC52: WRWT21720/WRWT25800 | BD52: 28201.171
A53: 0 | B53: 0 | C53: 0 | D53: 0 | E53: 19 | F53: 30 | G53: 0 | H53: 0 | I53: 63 | J53: + | K53: 5 | L53: 0 | M53: 0 | N53: 0 | O53: 0 | P53: 0 | Q53: 0 | R53: 0 | S53: 0 | U53: 0 | V53: 0 | W53: 0 | X53: 0 | Y53: 0 | Z53: WSWT1921720 | AA53: 473792.55 | AB53: 48964.55 | AC53: 424828 | AD53: 0 | AE53: 0 | AF53: ระบุในSD | AG53: พร้อมส่ง | AH53: 0 | AI53: Lead time | AJ53: 0 | AK53: 0 | AL53: 0 | AM53: 0 | AN53: 0 | AO53: 0 | AP53: 0 | AQ53: 0 | AR53: 0 | AS53: 0 | AT53: 0 | AU53: 0 | AV53: 0 | AW53: 0 | AX53: 0 | AY53: 0 | AZ53: 0 | BA53: 0 | BB53: 0 | BC53: WRWT190720/WRWT25800 | BD53: 0
A54: 45905 | B54: MK68-001080 | C54: บจก.อินเทคค์ โกลบอล | D54: เพอเฟคค์103P โกลด์ | E54: 19 | F54: 34 | G54: ขาว | H54: ด้าน | I54: 100 | J54: ± | K54: 5 | L54: จับจีบ4" | M54: ไม่สวมถุงใน | N54: 0 | O54: 0 | P54: 0 | Q54: 0 | R54: 0 | S54: มัด80 ใช้สายรัด | T54: 45920 | U54: 5040 | V54: 5040 | W54: 0 | X54: 6500 | Y54: 0 | Z54: WSWT19251000SM | AA54: 0 | AB54: 0 | AC54: 0 | AD54: 0 | AE54: 0 | AF54: 0 | AG54: พร้อมส่ง | AH54: P6 | AI54: 4 | AJ54: 45920 | AK54: 45916 | AL54: 45909 | AM54: 45917 | AN54: 45918 | AO54: 45919 | AP54: 45915 | AQ54: 0 | AR54: 0 | AS54: 0 | AT54: 0 | AU54: 0 | AV54: 0 | AW54: งานเคลือบ+พิมพ์ | AX54: / | AY54: 0 | AZ54: 0 | BA54: 0 | BB54: 0 | BC54: WRWT251000/WRWT251000 | BD54: 0
A55: 45905 | B55: MK68-001080 | C55: บจก.อินเทคค์ โกลบอล | D55: เพอเฟคค์104 โกลด์ | E55: 19 | F55: 34 | G55: ขาว | H55: ด้าน | I55: 100 | J55: ± | K55: 5 | L55: จับจีบ4" | M55: ไม่สวมถุงใน | N55: 0 | O55: 0 | P55: 0 | Q55: 0 | R55: 0 | S55: มัด80 ใช้สายรัด | T55: 45920 | U55: 5040 | V55: 5040 | W55: 0 | X55: 6124 | Y55: 0 | Z55: WSWT19251000SM | AA55: 0 | AB55: 0 | AC55: 0 | AD55: 0 | AE55: 0 | AF55: 0 | AG55: พร้อมส่ง | AH55: P6 | AI55: 4 | AJ55: 45920 | AK55: 45916 | AL55: 45909 | AM55: 45917 | AN55: 45918 | AO55: 45919 | AP55: 45915 | AQ55: 0 | AR55: 0 | AS55: 0 | AT55: 0 | AU55: 0 | AV55: 0 | AW55: งานเคลือบ+พิมพ์ | AX55: / | AY55: 0 | AZ55: 0 | BA55: 0 | BB55: 0 | BC55: WRWT251000/WRWT251000 | BD55: 0
A56: 45796 | B56: MK68-000680 | C56: บจก.อินเทคค์ โกลบอล | D56: เพอเฟคค์103P โกลด์ | E56: 19 | F56: 34 | G56: ขาว | H56: ด้าน | I56: 100 | J56: ± | K56: 5 | L56: จับจีบ4" | M56: ไม่สวมถุงใน | N56: 0 | O56: 0 | P56: 0 | Q56: 0 | R56: 0 | S56: มัด80 ใช้สายรัด | T56: รอแจ้ง | U56: 503 | V56: 0 | W56: 503 | X56: 5250 | Y56: 0 | Z56: WSWT19251000SM | AA56: 0 | AB56: 0 | AC56: 0 | AD56: 0 | AE56: 0 | AF56: 0 | AG56: พร้อมส่ง | AH56: P6 | AI56: 4 | AJ56: รอแจ้ง | AK56: #VALUE! | AL56: #VALUE! | AM56: #VALUE! | AN56: #VALUE! | AO56: #VALUE! | AP56: #VALUE! | AQ56: 0 | AR56: 0 | AS56: 0 | AT56: 0 | AU56: 0 | AV56: 0 | AW56: งานเคลือบ+พิมพ์ | AX56: / | AY56: 0 | AZ56: 0 | BA56: 0 | BB56: 0 | BC56: WRWT251000/WRWT251000 | BD56: 0
A57: 0 | B57: 0 | C57: 0 | D57: 0 | E57: 19 | F57: 34 | G57: ขาว | H57: 0 | I57: 80 | J57: ± | K57: 5 | L57: 0 | M57: 0 | N57: 0 | O57: 0 | P57: 0 | Q57: 0 | R57: 0 | S57: 0 | U57: 0 | V57: 0 | W57: 0 | X57: 0 | Y57: 0 | Z57: WSWT19251000SM | AA57: 0 | AB57: 0 | AC57: 0 | AD57: 0 | AE57: 0 | AF57: ระบุในSD | AG57: พร้อมส่ง | AH57: 0 | AI57: Lead time | AJ57: 0 | AK57: 0 | AL57: 0 | AM57: 0 | AN57: 0 | AO57: 0 | AP57: 0 | AQ57: 0 | AR57: 0 | AS57: 0 | AT57: 0 | AU57: 0 | AV57: 0 | AW57: 0 | AX57: 0 | AY57: 0 | AZ57: 0 | BA57: 0 | BB57: 0 | BC57: WRWT251000/WRYL251000 | BD57: 0
A58: 45902 | B58: MK68-001069 | C58: บจก.วีซีเอฟ | D58: VC120 | E58: 20 | F58: 37 | G58: ขาว | H58: ใส | I58: 100 | J58: ± | K58: 5 | L58: บิด | M58: ไม่สวมถุงใน | N58: 0 | O58: 0 | P58: 0 | Q58: 0 | R58: 0 | S58: 500กระสอบแบน | T58: 45920 | U58: 8000 | V58: 8000 | W58: 0 | X58: 20753 | Y58: 0 | Z58: WSWT2025800SM | AA58: 0 | AB58: 0 | AC58: 0 | AD58: 0 | AE58: 0 | AF58: ลบสี 4000 | AG58: พร้อมส่ง | AH58: P6 | AI58: 4 | AJ58: 45920 | AK58: 45916 | AL58: 45909 | AM58: 45917 | AN58: 45918 | AO58: 45919 | AP58: 45915 | AQ58: 0 | AR58: 0 | AS58: 0 | AT58: 0 | AU58: 0 | AV58: 0 | AW58: งานเคลือบ+พิมพ์ | AX58: / | AY58: 0 | AZ58: 0 | BA58: 0 | BB58: 0 | BC58: WRWT25850/WRWT25850 | BD58: 0
A59: 45902 | B59: MK68-001070 | C59: บจก.วีซีเอฟ | D59: JET555 | E59: 20 | F59: 37 | G59: ขาว | H59: ใส | I59: 100 | J59: ± | K59: 5 | L59: บิด | M59: ไม่สวมถุงใน | N59: 0 | O59: 0 | P59: 0 | Q59: 0 | R59: 0 | S59: 500กระสอบแบน | T59: 45920 | U59: 5000 | V59: 4876 | W59: 124 | X59: 10200 | Y59: 0 | Z59: WSWT2025800SM | AA59: 0 | AB59: 0 | AC59: 0 | AD59: 0 | AE59: 0 | AF59: 0 | AG59: พร้อมส่ง | AH59: P6 | AI59: 4 | AJ59: 45920 | AK59: 45916 | AL59: 45909 | AM59: 45917 | AN59: 45918 | AO59: 45919 | AP59: 45915 | AQ59: 0 | AR59: 0 | AS59: 0 | AT59: 0 | AU59: 0 | AV59: 0 | AW59: งานเคลือบ+พิมพ์ | AX59: / | AY59: 0 | AZ59: 0 | BA59: 0 | BB59: 0 | BC59: WRWT25850/WRWT25850 | BD59: 0
A60: 45905 | B60: MK68-001078 | C60: บจก.อินเทคค์ โกลบอล | D60: เฟิร์สช้อย 914 | E60: 20 | F60: 36 | G60: ขาว | H60: ด้าน | I60: 100 | J60: ± | K60: 5 | L60: จับจีบ | M60: ไม่สวมถุงใน | N60: 0 | O60: 0 | P60: 0 | Q60: 0 | R60: 0 | S60: มัด80 ใช้สายรัด | T60: 45919 | U60: 5040 | V60: 5040 | W60: 0 | X60: 6100 | Y60: 0 | Z60: WSWT2025800SM | AA60: 0 | AB60: 0 | AC60: 0 | AD60: 0 | AE60: 0 | AF60: 0 | AG60: พร้อมส่ง | AH60: P6 | AI60: 4 | AJ60: 45919 | AK60: 45915 | AL60: 45908 | AM60: 45916 | AN60: 45917 | AO60: 45918 | AP60: 45914 | AQ60: 0 | AR60: 0 | AS60: 0 | AT60: 0 | AU60: 0 | AV60: 0 | AW60: งานเคลือบ+พิมพ์ | AX60: / | AY60: 0 | AZ60: 0 | BA60: 0 | BB60: 0 | BC60: WRWT25850/WRWT25850 | BD60: 0
A61: 45905 | B61: MK68-001078 | C61: บจก.อินเทคค์ โกลบอล | D61: เพอเฟคค์ 912 | E61: 20 | F61: 36 | G61: ขาว | H61: ด้าน | I61: 100 | J61: ± | K61: 5 | L61: จับจีบ | M61: ไม่สวมถุงใน | N61: 0 | O61: 0 | P61: 0 | Q61: 0 | R61: 0 | S61: มัด80 ใช้สายรัด | T61: 45919 | U61: 10000 | V61: 10000 | W61: 0 | X61: 11200 | Y61: 0 | Z61: WSWT2025800SM | AA61: 0 | AB61: 0 | AC61: 0 | AD61: 0 | AE61: 0 | AF61: 0 | AG61: พร้อมส่ง | AH61: P6 | AI61: 4 | AJ61: 45919 | AK61: 45915 | AL61: 45908 | AM61: 45916 | AN61: 45917 | AO61: 45918 | AP61: 45914 | AQ61: 0 | AR61: 0 | AS61: 0 | AT61: 0 | AU61: 0 | AV61: 0 | AW61: งานเคลือบ+พิมพ์ | AX61: / | AY61: 0 | AZ61: 0 | BA61: 0 | BB61: 0 | BC61: WRWT25850/WRWT25850 | BD61: 0
A62: 45905 | B62: MK68-001079 | C62: บจก.อินเทคค์ โกลบอล | D62: เฟิร์สช้อย 902 | E62: 20 | F62: 36 | G62: ขาว | H62: ด้าน | I62: 100 | J62: ± | K62: 5 | L62: จับจีบ | M62: ไม่สวมถุงใน | N62: 0 | O62: 0 | P62: 0 | Q62: 0 | R62: 0 | S62: มัด80 ใช้สายรัด | T62: 45920 | U62: 5040 | V62: 5040 | W62: 0 | X62: 5950 | Y62: 0 | Z62: WSWT2025800SM | AA62: 0 | AB62: 0 | AC62: 0 | AD62: 0 | AE62: 0 | AF62: 0 | AG62: รอตัด | AH62: P6 | AI62: 4 | AJ62: 45920 | AK62: 45916 | AL62: 45909 | AM62: 45917 | AN62: 45918 | AO62: 45919 | AP62: 45915 | AQ62: 0 | AR62: 0 | AS62: 0 | AT62: 0 | AU62: 0 | AV62: 0 | AW62: งานเคลือบ+พิมพ์ | AX62: / | AY62: ลบสี | AZ62: 0 | BA62: 0 | BB62: 0 | BC62: WRWT25850/WRWT25850 | BD62: 0
A63: 45796 | B63: MK68-000671 | C63: บจก.อินเทคค์ โกลบอล | D63: เฟิร์สช้อย 902 | E63: 20 | F63: 36 | G63: ขาว | H63: ด้าน | I63: 100 | J63: ± | K63: 5 | L63: จับจีบ | M63: ไม่สวมถุงใน | N63: 0 | O63: 0 | P63: 0 | Q63: 0 | R63: 0 | S63: มัด80 ใช้สายรัด | T63: 45920 | U63: 366 | V63: 366 | W63: 0 | X63: 400 | Y63: 0 | Z63: WSWT2025800SM | AA63: 0 | AB63: 0 | AC63: 0 | AD63: 0 | AE63: 0 | AF63: 0 | AG63: รอตัด | AH63: P6 | AI63: 4 | AJ63: 45920 | AK63: 45916 | AL63: 45909 | AM63: 45917 | AN63: 45918 | AO63: 45919 | AP63: 45915 | AQ63: 0 | AR63: 0 | AS63: 0 | AT63: 0 | AU63: 0 | AV63: 0 | AW63: งานเคลือบ+พิมพ์ | AX63: / | AY63: 0 | AZ63: 0 | BA63: 0 | BB63: 0 | BC63: WRWT25850/WRWT25850 | BD63: 0
A64: 45905 | B64: MK68-001079 | C64: บจก.อินเทคค์ โกลบอล | D64: เฟิร์สช้อย 912 | E64: 20 | F64: 36 | G64: ขาว | H64: ด้าน | I64: 100 | J64: ± | K64: 5 | L64: จับจีบ | M64: ไม่สวมถุงใน | N64: 0 | O64: 0 | P64: 0 | Q64: 0 | R64: 0 | S64: มัด80 ใช้สายรัด | T64: 45920 | U64: 5040 | V64: 5040 | W64: 0 | X64: 6100 | Y64: 0 | Z64: WSWT2025800SM | AA64: 0 | AB64: 0 | AC64: 0 | AD64: 0 | AE64: 0 | AF64: 0 | AG64: ยังไม่ได้พิมพ์ | AH64: P6 | AI64: 4 | AJ64: 45920 | AK64: 45916 | AL64: 45909 | AM64: 45917 | AN64: 45918 | AO64: 45919 | AP64: 45915 | AQ64: 0 | AR64: 0 | AS64: 0 | AT64: 0 | AU64: 0 | AV64: 0 | AW64: งานเคลือบ+พิมพ์ | AX64: / | AY64: 0 | AZ64: 0 | BA64: 0 | BB64: 0 | BC64: WRWT25850/WRWT25850 | BD64: 0
A65: 45902 | B65: MK68-001071 | C65: บจก.วีซีเอฟ | D65: VC181 | E65: 20 | F65: 37 | G65: ขาว | H65: ใส | I65: 100 | J65: ± | K65: 5 | L65: บิด | M65: ไม่สวมถุงใน | N65: 0 | O65: 0 | P65: 0 | Q65: 0 | R65: 0 | S65: 500กระสอบแบน | T65: 45920 | U65: 20000 | V65: 18716 | W65: 1284 | X65: 20630 | Y65: 0 | Z65: WSWT2025800SM | AA65: 0 | AB65: 0 | AC65: 0 | AD65: 0 | AE65: 0 | AF65: 0 | AG65: รอตัด | AH65: P6 | AI65: 4 | AJ65: 45920 | AK65: 45916 | AL65: 45909 | AM65: 45917 | AN65: 45918 | AO65: 45919 | AP65: 45915 | AQ65: 0 | AR65: 0 | AS65: 0 | AT65: 0 | AU65: 0 | AV65: 0 | AW65: งานเคลือบ+พิมพ์ | AX65: / | AY65: 0 | AZ65: 0 | BA65: 0 | BB65: 0 | BC65: WRWT25850/WRWT25850 | BD65: 0
A66: 45908 | B66: MK68-001086 | C66: บจก.เอ.เจ.ฟาร์ม่าแล็บ | D66: เบส-มิน | E66: 20 | F66: 34 | G66: ขาว | H66: ใส | I66: 95 | J66: ± | K66: 5 | L66: จับจีบ | M66: ไม่สวมถุงใน | N66: 0 | O66: 0 | P66: 0 | Q66: 0 | R66: 0 | S66: 500กระสอบ | T66: 45922 | U66: 8000 | V66: 0 | W66: 8000 | X66: 8120 | Y66: 0 | Z66: WSWT2025800SM | AA66: 0 | AB66: 0 | AC66: 0 | AD66: 0 | AE66: 0 | AF66: 0 | AG66: ยังไม่ได้พิมพ์ | AH66: P6 | AI66: 4 | AJ66: 45922 | AK66: 45918 | AL66: 45911 | AM66: 45919 | AN66: 45920 | AO66: 45921 | AP66: 45917 | AQ66: 0 | AR66: 0 | AS66: 0 | AT66: 0 | AU66: 0 | AV66: 0 | AW66: งานเคลือบ+พิมพ์ | AX66: 0 | AY66: 0 | AZ66: 0 | BA66: 0 | BB66: 0 | BC66: WRWT25850/WRWT25850 | BD66: 0
A67: 45908 | B67: MK68-001086 | C67: บจก.เอ.เจ.ฟาร์ม่าแล็บ | D67: เวท-มิน | E67: 20 | F67: 34 | G67: ขาว | H67: ใส | I67: 95 | J67: ± | K67: 5 | L67: จับจีบ | M67: ไม่สวมถุงใน | N67: 0 | O67: 0 | P67: 0 | Q67: 0 | R67: 0 | S67: 500กระสอบ | T67: 45922 | U67: 8000 | V67: 0 | W67: 8000 | X67: 0 | Y67: 8400 | Z67: WSWT2025800SM | AA67: 7934.96 | AB67: 7934.96 | AC67: 0 | AD67: 7934.96 | AE67: 0 | AF67: 0 | AG67: พร้อมส่ง | AH67: P6 | AI67: 4 | AJ67: 45922 | AK67: 45918 | AL67: 45911 | AM67: 45919 | AN67: 45920 | AO67: 45921 | AP67: 45917 | AQ67: 0 | AR67: 0 | AS67: 0 | AT67: 0 | AU67: 0 | AV67: 0 | AW67: งานเคลือบ+พิมพ์ | AX67: 0 | AY67: 0 | AZ67: 0 | BA67: 0 | BB67: 0 | BC67: WRWT25850/WRWT25850 | BD67: 0
A68: 45799 | B68: MK68-000694 | C68: บจก.เอ.เจ.ฟาร์ม่าแล็บ | D68: เบส-มิน | E68: 20 | F68: 34 | G68: ขาว | H68: ใส | I68: 95 | J68: ± | K68: 5 | L68: จับจีบ | M68: ไม่สวมถุงใน | N68: 0 | O68: 0 | P68: 0 | Q68: 0 | R68: 0 | S68: 500กระสอบ | T68: 45922 | U68: 4000 | V68: 2840 | W68: 1160 | X68: 4140 | Y68: 0 | Z68: WSWT2025800SM | AA68: 0 | AB68: 0 | AC68: 0 | AD68: 0 | AE68: 0 | AF68: ห้ามขาด-ห้ามเกิน | AG68: พร้อมส่ง | AH68: P6 | AI68: 4 | AJ68: 45922 | AK68: 45918 | AL68: 45911 | AM68: 45919 | AN68: 45920 | AO68: 45921 | AP68: 45917 | AQ68: 0 | AR68: 0 | AS68: 0 | AT68: 0 | AU68: 0 | AV68: 0 | AW68: งานเคลือบ+พิมพ์ | AX68: / | AY68: 0 | AZ68: 0 | BA68: 0 | BB68: 0 | BC68: WRWT25850/WRWT25850 | BD68: 0
A69: 45799 | B69: MK68-000694 | C69: บจก.เอ.เจ.ฟาร์ม่าแล็บ | D69: เวท-มิน | E69: 20 | F69: 34 | G69: ขาว | H69: ใส | I69: 95 | J69: ± | K69: 5 | L69: จับจีบ | M69: ไม่สวมถุงใน | N69: 0 | O69: 0 | P69: 0 | Q69: 0 | R69: 0 | S69: 500กระสอบ | T69: 45922 | U69: 4000 | V69: 2654 | W69: 1346 | X69: 0 | Y69: 1413.3 | Z69: WSWT2025800SM | AA69: 1335.057 | AB69: 1335.057 | AC69: 0 | AD69: 1335.057 | AE69: 0 | AF69: ห้ามขาด-ห้ามเกิน | AG69: พร้อมส่ง | AH69: P6 | AI69: 4 | AJ69: 45922 | AK69: 45918 | AL69: 45911 | AM69: 45919 | AN69: 45920 | AO69: 45921 | AP69: 45917 | AQ69: 0 | AR69: 0 | AS69: 0 | AT69: 0 | AU69: 0 | AV69: 0 | AW69: งานเคลือบ+พิมพ์ | AX69: / | AY69: 0 | AZ69: 0 | BA69: 0 | BB69: 0 | BC69: WRWT25850/WRWT25850 | BD69: 0
A70: 45902 | B70: MK68-001069 | C70: บจก.วีซีเอฟ | D70: VC193 | E70: 20 | F70: 37 | G70: ขาว | H70: ใส | I70: 100 | J70: ± | K70: 5 | L70: บิด | M70: ไม่สวมถุงใน | N70: 0 | O70: 0 | P70: 0 | Q70: 0 | R70: 0 | S70: 500กระสอบแบน | T70: 45923 | U70: 10000 | V70: 9620 | W70: 380 | X70: 10294 | Y70: 0 | Z70: WSWT2025800SM | AA70: 0 | AB70: 0 | AC70: 0 | AD70: 0 | AE70: 0 | AF70: 0 | AG70: พร้อมส่ง | AH70: P6 | AI70: 4 | AJ70: 45923 | AK70: 45919 | AL70: 45912 | AM70: 45920 | AN70: 45921 | AO70: 45922 | AP70: 45918 | AQ70: 0 | AR70: 0 | AS70: 0 | AT70: 0 | AU70: 0 | AV70: 0 | AW70: งานเคลือบ+พิมพ์ | AX70: / | AY70: 0 | AZ70: 0 | BA70: 0 | BB70: 0 | BC70: WRWT25850/WRWT25850 | BD70: 0
A71: 45896 | B71: MK68-001040 | C71: บจก.เอสพีเอ็ม อาหารสัตว์ | D71: ฟิล กู๊ด พี4 | E71: 20 | F71: 38 | G71: ขาว | H71: ใส | I71: 100 | J71: ± | K71: 5 | L71: บิด | M71: ไม่สวมถุงใน | N71: 0 | O71: 0 | P71: 0 | Q71: 0 | R71: 0 | S71: 500กระสอบแบน | T71: 45926 | U71: 8000 | V71: 8000 | W71: 0 | X71: 8100 | Y71: 0 | Z71: WSWT2025800SM | AA71: 0 | AB71: 0 | AC71: 0 | AD71: 0 | AE71: 0 | AF71: 0 | AG71: พร้อมส่ง | AH71: P6 | AI71: 5 | AJ71: 45926 | AK71: 45921 | AL71: 45914 | AM71: 45922 | AN71: 45923 | AO71: 45924 | AP71: 45921 | AQ71: 0 | AR71: 0 | AS71: 0 | AT71: 0 | AU71: 0 | AV71: 0 | AW71: งานเคลือบ+พิมพ์ | AX71: / | AY71: 0 | AZ71: 0 | BA71: 0 | BB71: 0 | BC71: WRWT25850/WRWT25850 | BD71: 0
A72: 45892 | B72: MK68-001029 | C72: บจก.เอสพีเอ็ม อาหารสัตว์ | D72: SPM 312 | E72: 20 | F72: 37 | G72: ขาว | H72: ด้าน | I72: 97 | J72: ± | K72: 5 | L72: บิด | M72: ไม่สวมถุงใน | N72: 0 | O72: 0 | P72: 0 | Q72: 0 | R72: 0 | S72: 500กระสอบแบน | T72: 45930 | U72: 3000 | V72: 3000 | W72: 0 | X72: 3100 | Y72: 0 | Z72: WSWT2025800SM | AA72: 0 | AB72: 0 | AC72: 0 | AD72: 0 | AE72: 0 | AF72: 0 | AG72: พร้อมส่ง | AH72: P6 | AI72: 4 | AJ72: 45930 | AK72: 45926 | AL72: 45919 | AM72: 45927 | AN72: 45928 | AO72: 45929 | AP72: 45925 | AQ72: 0 | AR72: 0 | AS72: 0 | AT72: 0 | AU72: 0 | AV72: 0 | AW72: งานเคลือบ+พิมพ์ | AX72: / | AY72: ลบสี 675 | AZ72: 0 | BA72: 0 | BB72: 0 | BC72: WRWT25850/WRWT25850 | BD72: 0
A73: 45891 | B73: MK68-001033 | C73: บจก.เอสพีเอ็ม อาหารสัตว์ | D73: นาโน 03 | E73: 20 | F73: 38 | G73: ขาว | H73: ด้าน | I73: 100 | J73: ± | K73: 5 | L73: บิด | M73: ไม่สวมถุงใน | N73: 0 | O73: 0 | P73: 0 | Q73: 0 | R73: 0 | S73: 500กระสอบแบน | T73: 45930 | U73: 9000 | V73: 8447 | W73: 553 | X73: 9150 | Y73: 0 | Z73: WSWT2025800SM | AA73: 0 | AB73: 0 | AC73: 0 | AD73: 0 | AE73: 0 | AF73: 0 | AG73: รอแบบ | AH73: P6 | AI73: 5 | AJ73: 45930 | AK73: 45925 | AL73: 45918 | AM73: 45926 | AN73: 45927 | AO73: 45928 | AP73: 45925 | AQ73: 0 | AR73: 0 | AS73: 0 | AT73: 0 | AU73: 0 | AV73: 0 | AW73: งานเคลือบ+พิมพ์ | AX73: / | AY73: 0 | AZ73: 0 | BA73: 0 | BB73: 0 | BC73: WRWT25850/WRWT25850 | BD73: 0
A74: 45891 | B74: MK68-001034 | C74: บจก.เอสพีเอ็ม อาหารสัตว์ | D74: นาโน 01 | E74: 20 | F74: 38 | G74: ขาว | H74: ด้าน | I74: 100 | J74: ± | K74: 5 | L74: บิด | M74: ไม่สวมถุงใน | N74: 0 | O74: 0 | P74: 0 | Q74: 0 | R74: 0 | S74: 500กระสอบแบน | T74: 45930 | U74: 4000 | V74: 3780 | W74: 220 | X74: 4100 | Y74: 0 | Z74: WSWT2025800SM | AA74: 0 | AB74: 0 | AC74: 0 | AD74: 0 | AE74: 0 | AF74: 0 | AG74: รอแบบ | AH74: P6 | AI74: 5 | AJ74: 45930 | AK74: 45925 | AL74: 45918 | AM74: 45926 | AN74: 45927 | AO74: 45928 | AP74: 45925 | AQ74: 0 | AR74: 0 | AS74: 0 | AT74: 0 | AU74: 0 | AV74: 0 | AW74: งานเคลือบ+พิมพ์ | AX74: / | AY74: 0 | AZ74: 0 | BA74: 0 | BB74: 0 | BC74: WRWT25850/WRWT25850 | BD74: 0
A75: 45891 | B75: MK68-001035 | C75: บจก.เอสพีเอ็ม อาหารสัตว์ | D75: นาโน 02 | E75: 20 | F75: 38 | G75: ขาว | H75: ด้าน | I75: 100 | J75: ± | K75: 5 | L75: บิด | M75: ไม่สวมถุงใน | N75: 0 | O75: 0 | P75: 0 | Q75: 0 | R75: 0 | S75: 500กระสอบแบน | T75: 45930 | U75: 9000 | V75: 8500 | W75: 500 | X75: 9455 | Y75: 0 | Z75: WSWT2025800SM | AA75: 0 | AB75: 0 | AC75: 0 | AD75: 0 | AE75: 0 | AF75: 0 | AG75: รอแบบ | AH75: P6 | AI75: 5 | AJ75: 45930 | AK75: 45925 | AL75: 45918 | AM75: 45926 | AN75: 45927 | AO75: 45928 | AP75: 45925 | AQ75: 0 | AR75: 0 | AS75: 0 | AT75: 0 | AU75: 0 | AV75: 0 | AW75: งานเคลือบ+พิมพ์ | AX75: / | AY75: 0 | AZ75: 0 | BA75: 0 | BB75: 0 | BC75: WRWT25850/WRWT25850 | BD75: 0
A76: ประมาณการ | B76: ประมาณการ | C76: บจก.อินเทคค์ โกลบอล | D76: รอแบบ | E76: 20 | F76: 36 | G76: ขาว | H76: ด้าน | I76: 100 | J76: ± | K76: 5 | L76: จับจีบ | M76: ไม่สวมถุงใน | N76: 0 | O76: 0 | P76: 0 | Q76: 0 | R76: 0 | S76: มัด80 ใช้สายรัด | T76: 45930 | U76: 100000 | V76: 0 | W76: 100000 | X76: 0 | Y76: 105000 | Z76: WSWT2025800SM | AA76: 104775 | AB76: 31292 | AC76: 73483 | AD76: 10000 | AE76: 94775 | AF76: 0 | AG76: ยังไม่ได้พิมพ์ | AH76: P6 | AI76: 4 | AJ76: 45930 | AK76: 45926 | AL76: 45919 | AM76: 45927 | AN76: 45928 | AO76: 45929 | AP76: 45925 | AQ76: 0 | AR76: 0 | AS76: 0 | AT76: 0 | AU76: 0 | AV76: 0 | AW76: งานเคลือบ+พิมพ์ | AX76: รอART | AY76: 0 | AZ76: 0 | BA76: 0 | BB76: 0 | BC76: WRWT25850/WRWT25850 | BD76: 5552.0489
A77: ประมาณการ | B77: ประมาณการ | C77: บจก.เอสพีเอ็ม อาหารสัตว์ | D77: รอแบบ | E77: 20 | F77: 38 | G77: ขาว | H77: ใส | I77: 100 | J77: ± | K77: 5 | L77: บิด | M77: ไม่สวมถุงใน | N77: 0 | O77: 0 | P77: 0 | Q77: 0 | R77: 0 | S77: 500กระสอบแบน | T77: 45930 | U77: 20000 | V77: 0 | W77: 20000 | X77: 0 | Y77: 21000 | Z77: WSWT2025800SM | AA77: 22072.6 | AB77: 0 | AC77: 22072.6 | AD77: 0 | AE77: 22072.6 | AF77: 0 | AG77: ยังไม่ได้พิมพ์ | AH77: P6 | AI77: 4 | AJ77: 45930 | AK77: 45926 | AL77: 45919 | AM77: 45927 | AN77: 45928 | AO77: 45929 | AP77: 45925 | AQ77: 0 | AR77: 0 | AS77: 0 | AT77: 0 | AU77: 0 | AV77: 0 | AW77: งานเคลือบ+พิมพ์ | AX77: รอART | AY77: 0 | AZ77: 0 | BA77: 0 | BB77: 0 | BC77: WRWT25850/WRWT25850 | BD77: 1667.7076
A78: ประมาณการ | B78: ประมาณการ | C78: บจก.ไทยธรรมดี | D78: รอแบบ | E78: 20 | F78: 37 | G78: ขาว | H78: ด้าน | I78: 97 | J78: ± | K78: 5 | L78: บิด | M78: ไม่สวมถุงใน | N78: 0 | O78: 0 | P78: 0 | Q78: 0 | R78: 0 | S78: 500กระสอบ | T78: 45930 | U78: 20000 | V78: 0 | W78: 20000 | X78: 0 | Y78: 21000 | Z78: WSWT2025800SM | AA78: 21513.8 | AB78: 0 | AC78: 21513.8 | AD78: 0 | AE78: 21513.8 | AF78: 0 | AG78: ยังไม่ได้พิมพ์ | AH78: P6 | AI78: 4 | AJ78: 45930 | AK78: 45926 | AL78: 45919 | AM78: 45927 | AN78: 45928 | AO78: 45929 | AP78: 45925 | AQ78: 0 | AR78: 0 | AS78: 0 | AT78: 0 | AU78: 0 | AV78: 0 | AW78: งานเคลือบ+พิมพ์ | AX78: รอART | AY78: 0 | AZ78: 0 | BA78: 0 | BB78: 0 | BC78: WRWT25850/WRWT25850 | BD78: 1625.4871
A79: 0 | B79: ใบรับคำสั่งซื้อ | C79: บจก.ซันฟีด | D79: ขุนศึกเบอร์ 1 | E79: 20 | F79: 38 | G79: ขาว | H79: ด้าน | I79: 100 | J79: + | K79: 0 | L79: บิด | M79: ไม่สวมถุงใน | N79: 0 | O79: 0 | P79: 0 | Q79: 0 | R79: 0 | S79: 300กระสอบแบนเต็มใบ | T79: 45926 | U79: 10000 | V79: 0 | W79: 10000 | X79: 0 | Y79: 10500 | Z79: WSWT2025800SM | AA79: 11036.3 | AB79: 11036.3 | AC79: 0 | AD79: 0 | AE79: 11036.3 | AF79: 0 | AG79: ยังไม่ได้พิมพ์ | AH79: P6 | AI79: 4 | AJ79: 45926 | AK79: 45922 | AL79: 45915 | AM79: 45923 | AN79: 45924 | AO79: 45925 | AP79: 45921 | AQ79: 0 | AR79: 0 | AS79: 0 | AT79: 0 | AU79: 0 | AV79: 0 | AW79: งานเคลือบ+พิมพ์ | AX79: รอART | AY79: 0 | AZ79: 0 | BA79: 0 | BB79: 0 | BC79: WRWT25850/WRWT25850 | BD79: 0
A80: 0 | B80: ใบรับคำสั่งซื้อ | C80: บจก.ซันฟีด | D80: ขุนศึกเบอร์ 2 | E80: 20 | F80: 38 | G80: ขาว | H80: ด้าน | I80: 100 | J80: + | K80: 0 | L80: บิด | M80: ไม่สวมถุงใน | N80: 0 | O80: 0 | P80: 0 | Q80: 0 | R80: 0 | S80: 300กระสอบแบนเต็มใบ | T80: 45926 | U80: 5000 | V80: 0 | W80: 5000 | X80: 0 | Y80: 5250 | Z80: WSWT2025800SM | AA80: 5518.15 | AB80: 5518.15 | AC80: 0 | AD80: 0 | AE80: 5518.15 | AF80: 0 | AG80: ยังไม่ได้พิมพ์ | AH80: P6 | AI80: 4 | AJ80: 45926 | AK80: 45922 | AL80: 45915 | AM80: 45923 | AN80: 45924 | AO80: 45925 | AP80: 45921 | AQ80: 0 | AR80: 0 | AS80: 0 | AT80: 0 | AU80: 0 | AV80: 0 | AW80: งานเคลือบ+พิมพ์ | AX80: รอART | AY80: 0 | AZ80: 0 | BA80: 0 | BB80: 0 | BC80: WRWT25850/WRWT25850 | BD80: 0
A81: 0 | B81: ใบรับคำสั่งซื้อ | C81: บจก.ซันฟีด | D81: ขุนศึกเบอร์ 1 | E81: 20 | F81: 38 | G81: ขาว | H81: ด้าน | I81: 100 | J81: + | K81: 0 | L81: บิด | M81: ไม่สวมถุงใน | N81: 0 | O81: 0 | P81: 0 | Q81: 0 | R81: 0 | S81: 300กระสอบแบนเต็มใบ | T81: 45933 | U81: 5000 | V81: 0 | W81: 5000 | X81: 0 | Y81: 5250 | Z81: WSWT2025800SM | AA81: 5518.15 | AB81: 5518.15 | AC81: 0 | AD81: 0 | AE81: 5518.15 | AF81: 0 | AG81: ยังไม่ได้พิมพ์ | AH81: P6 | AI81: 4 | AJ81: 45933 | AK81: 45929 | AL81: 45922 | AM81: 45930 | AN81: 45931 | AO81: 45932 | AP81: 45928 | AQ81: 0 | AR81: 0 | AS81: 0 | AT81: 0 | AU81: 0 | AV81: 0 | AW81: งานเคลือบ+พิมพ์ | AX81: รอART | AY81: 0 | AZ81: 0 | BA81: 0 | BB81: 0 | BC81: WRWT25850/WRWT25850 | BD81: 0
A82: 0 | B82: ใบรับคำสั่งซื้อ | C82: บจก.ซันฟีด | D82: ขุนศึกเบอร์ 2 | E82: 20 | F82: 38 | G82: ขาว | H82: ด้าน | I82: 100 | J82: + | K82: 0 | L82: บิด | M82: ไม่สวมถุงใน | N82: 0 | O82: 0 | P82: 0 | Q82: 0 | R82: 0 | S82: 300กระสอบแบนเต็มใบ | T82: 45933 | U82: 5000 | V82: 0 | W82: 5000 | X82: 0 | Y82: 5250 | Z82: WSWT2025800SM | AA82: 5518.15 | AB82: 5518.15 | AC82: 0 | AD82: 0 | AE82: 5518.15 | AF82: 0 | AG82: รอแบบ | AH82: P6 | AI82: 4 | AJ82: 45933 | AK82: 45929 | AL82: 45922 | AM82: 45930 | AN82: 45931 | AO82: 45932 | AP82: 45928 | AQ82: 0 | AR82: 0 | AS82: 0 | AT82: 0 | AU82: 0 | AV82: 0 | AW82: งานเคลือบ+พิมพ์ | AX82: รอART | AY82: 0 | AZ82: 0 | BA82: 0 | BB82: 0 | BC82: WRWT25850/WRWT25850 | BD82: 0
A83: 0 | B83: ใบรับคำสั่งซื้อ | C83: บจก.ซันฟีด | D83: 952 | E83: 20 | F83: 38 | G83: ขาว | H83: ด้าน | I83: 100 | J83: + | K83: 0 | L83: บิด | M83: ไม่สวมถุงใน | N83: 0 | O83: 0 | P83: 0 | Q83: 0 | R83: 0 | S83: 300กระสอบแบนเต็มใบ | T83: 45926 | U83: 5000 | V83: 0 | W83: 5000 | X83: 0 | Y83: 5250 | Z83: WSWT2025800SM | AA83: 5518.15 | AB83: 5518.15 | AC83: 0 | AD83: 0 | AE83: 5518.15 | AF83: 0 | AG83: ยังไม่ได้พิมพ์ | AH83: P6 | AI83: 4 | AJ83: 45926 | AK83: 45922 | AL83: 45915 | AM83: 45923 | AN83: 45924 | AO83: 45925 | AP83: 45921 | AQ83: 0 | AR83: 0 | AS83: 0 | AT83: 0 | AU83: 0 | AV83: 0 | AW83: งานเคลือบ+พิมพ์ | AX83: รอART | AY83: 0 | AZ83: 0 | BA83: 0 | BB83: 0 | BC83: WRWT25850/WRWT25850 | BD83: 0
A84: 0 | B84: ใบรับคำสั่งซื้อ | C84: บจก.ซันฟีด | D84: 952 | E84: 20 | F84: 38 | G84: ขาว | H84: ด้าน | I84: 100 | J84: + | K84: 0 | L84: บิด | M84: ไม่สวมถุงใน | N84: 0 | O84: 0 | P84: 0 | Q84: 0 | R84: 0 | S84: 300กระสอบแบนเต็มใบ | T84: 45933 | U84: 5000 | V84: 0 | W84: 5000 | X84: 0 | Y84: 5250 | Z84: WSWT2025800SM | AA84: 5518.15 | AB84: 5518.15 | AC84: 0 | AD84: 0 | AE84: 5518.15 | AF84: 0 | AG84: ยังไม่ได้พิมพ์ | AH84: P6 | AI84: 4 | AJ84: 45933 | AK84: 45929 | AL84: 45922 | AM84: 45930 | AN84: 45931 | AO84: 45932 | AP84: 45928 | AQ84: 0 | AR84: 0 | AS84: 0 | AT84: 0 | AU84: 0 | AV84: 0 | AW84: งานเคลือบ+พิมพ์ | AX84: รอART | AY84: 0 | AZ84: 0 | BA84: 0 | BB84: 0 | BC84: WRWT25850/WRWT25850 | BD84: 0
A85: ประมาณการ | B85: ประมาณการ | C85: บจก.ซันฟีด | D85: รอแบบ | E85: 20 | F85: 38 | G85: ขาว | H85: ด้าน | I85: 100 | J85: + | K85: 0 | L85: บิด | M85: ไม่สวมถุงใน | N85: 0 | O85: 0 | P85: 0 | Q85: 0 | R85: 0 | S85: 300กระสอบแบนเต็มใบ | T85: 45960 | U85: 450000 | V85: 0 | W85: 450000 | X85: 0 | Y85: 472500 | Z85: WSWT2025800SM | AA85: 496633.5 | AB85: 179612 | AC85: 317021.5 | AD85: 0 | AE85: 496633.5 | AF85: 0 | AG85: ยังไม่ได้พิมพ์ | AH85: P6 | AI85: 4 | AJ85: 45960 | AK85: 45956 | AL85: 45949 | AM85: 45957 | AN85: 45958 | AO85: 45959 | AP85: 45955 | AQ85: 0 | AR85: 0 | AS85: 0 | AT85: 0 | AU85: 0 | AV85: 0 | AW85: งานเคลือบ+พิมพ์ | AX85: รอART | AY85: 0 | AZ85: 0 | BA85: 0 | BB85: 0 | BC85: WRWT25850/WRWT25850 | BD85: 23952.736
A86: 45909 | B86: MK68-001095 | C86: บจก.เอสพีเอ็ม อาหารสัตว์ | D86: เอส ฟาร์ม105 | E86: 20 | F86: 38 | G86: ขาว | H86: ด้าน | I86: 100 | J86: ± | K86: 5 | L86: บิด | M86: ไม่สวมถุงใน | N86: 0 | O86: 0 | P86: 0 | Q86: 0 | R86: 0 | S86: 500กระสอบแบน | T86: 45920 | U86: 3000 | V86: 0 | W86: 3000 | X86: 0 | Y86: 3150 | Z86: WSWT2025800SM | AA86: 3310.89 | AB86: 3310.89 | AC86: 0 | AD86: 0 | AE86: 3310.89 | AF86: 0 | AG86: ยังไม่ได้พิมพ์ | AH86: P6 | AI86: 4 | AJ86: 45920 | AK86: 45916 | AL86: 45909 | AM86: 45917 | AN86: 45918 | AO86: 45919 | AP86: 45915 | AQ86: 0 | AR86: 0 | AS86: 0 | AT86: 0 | AU86: 0 | AV86: 0 | AW86: งานเคลือบ+พิมพ์ | AX86: / | AY86: 0 | AZ86: 0 | BA86: 0 | BB86: 0 | BC86: WRWT25850/WRWT25850 | BD86: 0
A87: 45909 | B87: MK68-001094 | C87: บจก.เอสพีเอ็ม อาหารสัตว์ | D87: เอส ฟาร์ม190 | E87: 20 | F87: 38 | G87: ขาว | H87: ด้าน | I87: 100 | J87: ± | K87: 5 | L87: บิด | M87: ไม่สวมถุงใน | N87: 0 | O87: 0 | P87: 0 | Q87: 0 | R87: 0 | S87: 500กระสอบแบน | T87: 45944 | U87: 3000 | V87: 0 | W87: 3000 | X87: 0 | Y87: 3150 | Z87: WSWT2025800SM | AA87: 3310.89 | AB87: 3310.89 | AC87: 0 | AD87: 0 | AE87: 3310.89 | AF87: 0 | AG87: ยังไม่ได้พิมพ์ | AH87: P6 | AI87: 4 | AJ87: 45944 | AK87: 45940 | AL87: 45933 | AM87: 45941 | AN87: 45942 | AO87: 45943 | AP87: 45939 | AQ87: 0 | AR87: 0 | AS87: 0 | AT87: 0 | AU87: 0 | AV87: 0 | AW87: งานเคลือบ+พิมพ์ | AX87: / | AY87: 0 | AZ87: 0 | BA87: 0 | BB87: 0 | BC87: WRWT25850/WRWT25850 | BD87: 0
A88: 45909 | B88: MK68-001093 | C88: บจก.เอสพีเอ็ม อาหารสัตว์ | D88: เอส ฟาร์ม115 | E88: 20 | F88: 38 | G88: ขาว | H88: ด้าน | I88: 100 | J88: ± | K88: 5 | L88: บิด | M88: ไม่สวมถุงใน | N88: 0 | O88: 0 | P88: 0 | Q88: 0 | R88: 0 | S88: 500กระสอบแบน | T88: 45958 | U88: 6000 | V88: 0 | W88: 6000 | X88: 0 | Y88: 6300 | Z88: WSWT2025800SM | AA88: 6621.78 | AB88: 6621.78 | AC88: 0 | AD88: 0 | AE88: 6621.78 | AF88: 0 | AG88: ยังไม่ได้พิมพ์ | AH88: P6 | AI88: 4 | AJ88: 45958 | AK88: 45954 | AL88: 45947 | AM88: 45955 | AN88: 45956 | AO88: 45957 | AP88: 45953 | AQ88: 0 | AR88: 0 | AS88: 0 | AT88: 0 | AU88: 0 | AV88: 0 | AW88: งานเคลือบ+พิมพ์ | AX88: / | AY88: 0 | AZ88: 0 | BA88: 0 | BB88: 0 | BC88: WRWT25850/WRWT25850 | BD88: 0
A89: 45782 | B89: MK68-000609 | C89: บจก.เอสพีเอ็ม อาหารสัตว์ | D89: SW 441 | E89: 20 | F89: 38 | G89: ขาว | H89: ใส | I89: 100 | J89: ± | K89: 5 | L89: บิด | M89: ไม่สวมถุงใน | N89: 0 | O89: 0 | P89: 0 | Q89: 0 | R89: 0 | S89: 500กระสอบแบน | T89: 45930 | U89: 5000 | V89: 0 | W89: 5000 | X89: 0 | Y89: 5250 | Z89: WSWT2025800SM | AA89: 5518.15 | AB89: 0 | AC89: 5518.15 | AD89: 0 | AE89: 5518.15 | AF89: 0 | AG89: ยังไม่ได้พิมพ์ | AH89: P6 | AI89: 4 | AJ89: 45930 | AK89: 45926 | AL89: 45919 | AM89: 45927 | AN89: 45928 | AO89: 45929 | AP89: 45925 | AQ89: 0 | AR89: 0 | AS89: 0 | AT89: 0 | AU89: 0 | AV89: 0 | AW89: งานเคลือบ+พิมพ์ | AX89: / | AY89: 0 | AZ89: 0 | BA89: 0 | BB89: 0 | BC89: WRWT25850/WRWT25850 | BD89: 416.92689
A90: 45877 | B90: MK68-000990 | C90: บจก.เอสพีเอ็ม อาหารสัตว์ | D90: SW 441 PLUS | E90: 20 | F90: 38 | G90: ขาว | H90: ใส | I90: 100 | J90: ± | K90: 5 | L90: บิด | M90: ไม่สวมถุงใน | N90: 0 | O90: 0 | P90: 0 | Q90: 0 | R90: 0 | S90: 500กระสอบแบน | T90: 45944 | U90: 7000 | V90: 0 | W90: 7000 | X90: 0 | Y90: 7350 | Z90: WSWT2025800SM | AA90: 7725.41 | AB90: 7725.41 | AC90: 0 | AD90: 0 | AE90: 7725.41 | AF90: 0 | AG90: ยังไม่ได้พิมพ์ | AH90: P6 | AI90: 4 | AJ90: 45944 | AK90: 45940 | AL90: 45933 | AM90: 45941 | AN90: 45942 | AO90: 45943 | AP90: 45939 | AQ90: 0 | AR90: 0 | AS90: 0 | AT90: 0 | AU90: 0 | AV90: 0 | AW90: งานเคลือบ+พิมพ์ | AX90: / | AY90: 0 | AZ90: 0 | BA90: 0 | BB90: 0 | BC90: WRWT25850/WRWT25850 | BD90: 0
A91: 45911 | B91: MK68-001105 | C91: บจก.เอพีเอ็ม อะโกร | D91: ฟีล-กู๊ด พี6 | E91: 20 | F91: 38 | G91: ขาว | H91: ใส | I91: 100 | J91: ± | K91: 5 | L91: บิด | M91: ไม่สวมถุงใน | N91: 0 | O91: 0 | P91: 0 | Q91: 0 | R91: 0 | S91: 500กระสอบแบน | T91: 45947 | U91: 8000 | V91: 0 | W91: 8000 | X91: 0 | Y91: 8400 | Z91: WSWT2025800SM | AA91: 8829.04 | AB91: 0 | AC91: 8829.04 | AD91: 0 | AE91: 8829.04 | AF91: 0 | AG91: ยังไม่ได้พิมพ์ | AH91: P6 | AI91: 4 | AJ91: 45947 | AK91: 45943 | AL91: 45936 | AM91: 45944 | AN91: 45945 | AO91: 45946 | AP91: 45942 | AQ91: 0 | AR91: 0 | AS91: 0 | AT91: 0 | AU91: 0 | AV91: 0 | AW91: งานเคลือบ+พิมพ์ | AX91: / | AY91: 0 | AZ91: 0 | BA91: 0 | BB91: 0 | BC91: WRWT25850/WRWT25850 | BD91: 667.08302
A92: 45892 | B92: MK68-001027 | C92: บจก.เอสพีเอ็ม อาหารสัตว์ | D92: นีโอ 05 | E92: 20 | F92: 38 | G92: ขาว | H92: ด้าน | I92: 100 | J92: ± | K92: 5 | L92: ไม่ | M92: ไม่สวมถุงใน | N92: 0 | O92: 0 | P92: 0 | Q92: 0 | R92: 0 | S92: 500กระสอบแบน | T92: 45951 | U92: 6000 | V92: 0 | W92: 6000 | X92: 0 | Y92: 6300 | Z92: WSWT2025800SM | AA92: 6621.78 | AB92: 6621.78 | AC92: 0 | AD92: 0 | AE92: 6621.78 | AF92: 0 | AG92: ยังไม่ได้พิมพ์ | AH92: P6 | AI92: 4 | AJ92: 45951 | AK92: 45947 | AL92: 45940 | AM92: 45948 | AN92: 45949 | AO92: 45950 | AP92: 45946 | AQ92: 0 | AR92: 0 | AS92: 0 | AT92: 0 | AU92: 0 | AV92: 0 | AW92: งานเคลือบ+พิมพ์ | AX92: / | AY92: 0 | AZ92: 0 | BA92: 0 | BB92: 0 | BC92: WRWT25850/WRWT25850 | BD92: 0
A93: 45911 | B93: MK68-001106 | C93: บจก.เอพีเอ็ม อะโกร | D93: วี-ฟีด วี 06 | E93: 20 | F93: 38 | G93: ขาว | H93: ใส | I93: 100 | J93: ± | K93: 5 | L93: บิด | M93: ไม่สวมถุงใน | N93: 0 | O93: 0 | P93: 0 | Q93: 0 | R93: 0 | S93: 500กระสอบแบน | T93: 45961 | U93: 3000 | V93: 0 | W93: 3000 | X93: 0 | Y93: 3150 | Z93: WSWT2025800SM | AA93: 3310.89 | AB93: 0 | AC93: 3310.89 | AD93: 0 | AE93: 3310.89 | AF93: 0 | AG93: ยังไม่ได้พิมพ์ | AH93: P6 | AI93: 4 | AJ93: 45961 | AK93: 45957 | AL93: 45950 | AM93: 45958 | AN93: 45959 | AO93: 45960 | AP93: 45956 | AQ93: 0 | AR93: 0 | AS93: 0 | AT93: 0 | AU93: 0 | AV93: 0 | AW93: งานเคลือบ+พิมพ์ | AX93: / | AY93: 0 | AZ93: 0 | BA93: 0 | BB93: 0 | BC93: WRWT25850/WRWT25850 | BD93: 250.15613
A94: 45911 | B94: MK68-001104 | C94: บจก.เอพีเอ็ม อะโกร | D94: U-FEED U4(เอส) | E94: 20 | F94: 38 | G94: ขาว | H94: ใส | I94: 100 | J94: ± | K94: 5 | L94: บิด | M94: ไม่สวมถุงใน | N94: 0 | O94: 0 | P94: 0 | Q94: 0 | R94: 0 | S94: 500กระสอบแบน | T94: 45961 | U94: 4000 | V94: 0 | W94: 4000 | X94: 0 | Y94: 4200 | Z94: WSWT2025800SM | AA94: 4414.52 | AB94: 0 | AC94: 4414.52 | AD94: 0 | AE94: 4414.52 | AF94: 0 | AG94: พร้อมส่ง | AH94: P6 | AI94: 4 | AJ94: 45961 | AK94: 45957 | AL94: 45950 | AM94: 45958 | AN94: 45959 | AO94: 45960 | AP94: 45956 | AQ94: 0 | AR94: 0 | AS94: 0 | AT94: 0 | AU94: 0 | AV94: 0 | AW94: งานเคลือบ+พิมพ์ | AX94: / | AY94: 0 | AZ94: 0 | BA94: 0 | BB94: 0 | BC94: WRWT25850/WRWT25850 | BD94: 333.54151
A95: 45909 | B95: MK68-001092 | C95: บจก.เอพีเอ็ม อะโกร | D95: APM915 | E95: 20 | F95: 38 | G95: ขาว | H95: ใส | I95: 100 | J95: ± | K95: 5 | L95: บิด | M95: ไม่สวมถุงใน | N95: 0 | O95: 0 | P95: 0 | Q95: 0 | R95: 0 | S95: 500กระสอบแบน | T95: 45961 | U95: 3000 | V95: 0 | W95: 3000 | X95: 0 | Y95: 3150 | Z95: WSWT2025800SM | AA95: 3310.89 | AB95: 3310.89 | AC95: 0 | AD95: 0 | AE95: 3310.89 | AF95: 0 | AG95: รอตัด | AH95: P6 | AI95: 4 | AJ95: 45961 | AK95: 45957 | AL95: 45950 | AM95: 45958 | AN95: 45959 | AO95: 45960 | AP95: 45956 | AQ95: 0 | AR95: 0 | AS95: 0 | AT95: 0 | AU95: 0 | AV95: 0 | AW95: งานเคลือบ+พิมพ์ | AX95: / | AY95: 0 | AZ95: 0 | BA95: 0 | BB95: 0 | BC95: WRWT25850/WRWT25850 | BD95: 0
A96: 45909 | B96: MK68-001091 | C96: บจก.เอพีเอ็ม อะโกร | D96: ยู-ฟีด บี1 | E96: 20 | F96: 40 | G96: ขาว | H96: ใส | I96: 108 | J96: ± | K96: 5 | L96: บิด | M96: ไม่สวมถุงใน | N96: 0 | O96: 0 | P96: 0 | Q96: 0 | R96: 0 | S96: 500กระสอบแบน | T96: 45961 | U96: 3000 | V96: 0 | W96: 3000 | X96: 0 | Y96: 3150 | Z96: WSWT2025800SM | AA96: 3478.53 | AB96: 3478.53 | AC96: 0 | AD96: 0 | AE96: 3478.53 | AF96: 0 | AG96: พร้อมส่ง | AH96: P6 | AI96: 4 | AJ96: 45961 | AK96: 45957 | AL96: 45950 | AM96: 45958 | AN96: 45959 | AO96: 45960 | AP96: 45956 | AQ96: 0 | AR96: 0 | AS96: 0 | AT96: 0 | AU96: 0 | AV96: 0 | AW96: งานเคลือบ+พิมพ์ | AX96: / | AY96: 0 | AZ96: 0 | BA96: 0 | BB96: 0 | BC96: WRWT25850/WRWT25850 | BD96: 0
A97: 45892 | B97: MK68-001024 | C97: บจก.อินเทคค์ โกลบอล | D97: เฟิร์สช้อย 913 | E97: 20 | F97: 36 | G97: ขาว | H97: ด้าน | I97: 100 | J97: ± | K97: 5 | L97: จับจีบ | M97: ไม่สวมถุงใน | N97: 0 | O97: 0 | P97: 0 | Q97: 0 | R97: 0 | S97: มัด80 ใช้สายรัด | T97: รอแจ้ง | U97: 640 | V97: 0 | W97: 640 | X97: 6000 | Y97: 0 | Z97: WSWT2025800SM | AA97: 0 | AB97: 0 | AC97: 0 | AD97: 0 | AE97: 0 | AF97: 0 | AG97: ยังไม่ได้พิมพ์ | AH97: P6 | AI97: 4 | AJ97: รอแจ้ง | AK97: #VALUE! | AL97: #VALUE! | AM97: #VALUE! | AN97: #VALUE! | AO97: #VALUE! | AP97: #VALUE! | AQ97: 0 | AR97: 0 | AS97: 0 | AT97: 0 | AU97: 0 | AV97: 0 | AW97: งานเคลือบ+พิมพ์ | AX97: / | AY97: สีผิดเบอร์280 | AZ97: 0 | BA97: 0 | BB97: 0 | BC97: WRWT25850/WRWT25850 | BD97: 0
A98: 45892 | B98: MK68-001026 | C98: บจก.อินเทคค์ โกลบอล | D98: เพอเฟคค์ 913 | E98: 20 | F98: 36 | G98: ขาว | H98: ด้าน | I98: 100 | J98: ± | K98: 5 | L98: จับจีบ | M98: ไม่สวมถุงใน | N98: 0 | O98: 0 | P98: 0 | Q98: 0 | R98: 0 | S98: มัด80 ใช้สายรัด | T98: รอแจ้ง | U98: 1840 | V98: 80 | W98: 1760 | X98: 10650 | Y98: 0 | Z98: WSWT2025800SM | AA98: 0 | AB98: 0 | AC98: 0 | AD98: 0 | AE98: 0 | AF98: 0 | AG98: พร้อมส่ง | AH98: P6 | AI98: 4 | AJ98: รอแจ้ง | AK98: #VALUE! | AL98: #VALUE! | AM98: #VALUE! | AN98: #VALUE! | AO98: #VALUE! | AP98: #VALUE! | AQ98: 0 | AR98: 0 | AS98: 0 | AT98: 0 | AU98: 0 | AV98: 0 | AW98: งานเคลือบ+พิมพ์ | AX98: / | AY98: 0 | AZ98: 0 | BA98: 0 | BB98: 0 | BC98: WRWT25850/WRWT25850 | BD98: 0
A99: 45887 | B99: MK68-001007 | C99: บจก.อินเทคค์ โกลบอล | D99: เพอเฟคค์ 916 | E99: 20 | F99: 36 | G99: ขาว | H99: ด้าน | I99: 100 | J99: ± | K99: 5 | L99: จับจีบ | M99: ไม่สวมถุงใน | N99: 0 | O99: 0 | P99: 0 | Q99: 0 | R99: 0 | S99: มัด80 ใช้สายรัด | T99: รอแจ้ง | U99: 104 | V99: 0 | W99: 104 | X99: 11230 | Y99: 0 | Z99: WSWT2025800SM | AA99: 0 | AB99: 0 | AC99: 0 | AD99: 0 | AE99: 0 | AF99: 0 | AG99: พร้อมส่ง | AH99: P6 | AI99: 4 | AJ99: รอแจ้ง | AK99: #VALUE! | AL99: #VALUE! | AM99: #VALUE! | AN99: #VALUE! | AO99: #VALUE! | AP99: #VALUE! | AQ99: 0 | AR99: 0 | AS99: 0 | AT99: 0 | AU99: 0 | AV99: 0 | AW99: งานเคลือบ+พิมพ์ | AX99: / | AY99: 0 | AZ99: 0 | BA99: 0 | BB99: 0 | BC99: WRWT25850/WRWT25850 | BD99: 0
A100: 45896 | B100: MK68-001039 | C100: บจก.เอสพีเอ็ม อาหารสัตว์ | D100: U-GOAT14 | E100: 20 | F100: 38 | G100: ขาว | H100: ใส | I100: 100 | J100: ± | K100: 5 | L100: บิด | M100: ไม่สวมถุงใน | N100: 0 | O100: 0 | P100: 0 | Q100: 0 | R100: 0 | S100: 500กระสอบแบน | T100: รอแจ้ง | U100: 3000 | V100: 0 | W100: 3000 | X100: 0 | Y100: 3150 | Z100: WSWT2025800SM | AA100: 3310.89 | AB100: 3310.89 | AC100: 0 | AD100: 0 | AE100: 3310.89 | AF100: 0 | AG100: พร้อมส่ง | AH100: P6 | AI100: 5 | AJ100: รอแจ้ง | AK100: #VALUE! | AL100: #VALUE! | AM100: #VALUE! | AN100: #VALUE! | AO100: #VALUE! | AP100: #VALUE! | AQ100: 0 | AR100: 0 | AS100: 0 | AT100: 0 | AU100: 0 | AV100: 0 | AW100: งานเคลือบ+พิมพ์ | AX100: / | AY100: 0 | AZ100: 0 | BA100: 0 | BB100: 0 | BC100: WRWT25850/WRWT25850 | BD100: 0
A101: 45796 | B101: MK68-000675 | C101: บจก.อินเทคค์ โกลบอล | D101: เพอเฟคค์ 914 | E101: 20 | F101: 36 | G101: ขาว | H101: ด้าน | I101: 100 | J101: ± | K101: 5 | L101: จับจีบ | M101: ไม่สวมถุงใน | N101: 0 | O101: 0 | P101: 0 | Q101: 0 | R101: 0 | S101: มัด80 ใช้สายรัด | T101: รอแจ้ง | U101: 240 | V101: 0 | W101: 240 | X101: 0 | Y101: 252 | Z101: WSWT2025800SM | AA101: 251.46 | AB101: 251.46 | AC101: 0 | AD101: 0 | AE101: 251.46 | AF101: 0 | AG101: พร้อมส่ง | AH101: P6 | AI101: 4 | AJ101: รอแจ้ง | AK101: #VALUE! | AL101: #VALUE! | AM101: #VALUE! | AN101: #VALUE! | AO101: #VALUE! | AP101: #VALUE! | AQ101: 0 | AR101: 0 | AS101: 0 | AT101: 0 | AU101: 0 | AV101: 0 | AW101: งานเคลือบ+พิมพ์ | AX101: / | AY101: 2/6---6/6 | AZ101: 0 | BA101: 0 | BB101: 0 | BC101: WRWT25850/WRWT25850 | BD101: 0
...

Sheet 15-9-68
B2: เรียงกำหนดส่ง | D2: ลบ 0 | T2: เรียง 1
B3: ข้อมูลUpdate ณ. วันที่ | D3: 45915 | E3: เวลา | G3: 10.11
A4: วันรับออร์เดอร์/แบบ | B4: เลขที่ SO | C4: ชื่อลูกค้า | E4: 10.3 | I4: น้ำหนัก | L4: บิด/จับจีบ | M4: ถุงใน | Q4: 44873 | S4: วิธีบรรจุ | T4: วันส่ง | U4: จำนวนส่ง | V4: ตัดเย็บ (ใบ) | W4: 44873 | X4: พิมพ์ (ใบ) | Y4: 44876 | Z4: ผ้าทอ (เมตร) Updateณ | AB4: 44876 | AD4: ผ้าเคลือบ(เมตร) | AF4: หมายเหตุ | AG4: เครื่อง
A5: วันรับออร์เดอร์/แบบ | B5: เลขที่ SO | C5: ชื่อลูกค้า | D5: ตรา | E5: กว้าง | F5: ยาว | G5: สี | H5: เคลือบ | I5: กรัม/ใบ | J5: * | K5: aw | L5: บิด/จับจีบ | M5: กว้าง | N5: ยาว | O5: หนา | P5: ใช้(กก.) | Q5: Stock(กก.) | R5: ผลิต(กก.) | S5: วิธีบรรจุ | T5: วันส่ง | U5: จำนวนส่ง | V5: StockFG | W5: ค้างตัด | X5: พิมพ์แล้ว | Y5: ค้างพิมพ์ | Z5: ประเภท | AA5: ใช้ | AB5: Stock | AC5: ค้างทอ | AD5: Stock | AE5: ค้างเคลือบ | AF5: หมายเหตุ | AG5: ที่พิมพ์ได้ | AH5: process | AI5: Lead time | AJ5: วันที่ส่งPL | AK5: เคลือบ | AL5: ได้ ART | AM5: พิมพ์ | AN5: จีบ-บิด | AO5: ตัด-เย็บ | AP5: ทอ | AQ5: สวมถุง | AR5: เย็บปาก | AS5: PT | AT5: ม้วน | AU5: ตัด | AV5: ตอกตาไก่ | AW5: GROUP | AX5: ART | AY5: หมายเหตุปัญหา | AZ5: ราคา/ใบ | BA5: ราคารวม | BB5: workweek | BC5: เส้นเทป | BD5: จำนวน
A6: 45896 | B6: MK68-001041 | C6: บจก.ซัน ซีเมนต์ โพรเซส | D6: พระอาทิตย์ | E6: 16 | F6: 25 | G6: ขาว | H6: ใส | I6: 50 | J6: ± | K6: 5 | L6: บิด | M6: 19 | N6: 28 | O6: 40 | P6: 5.7749686 | Q6: 0 | R6: 5.7749686 | S6: 500กระสอบ | T6: 45920 | U6: 5000 | V6: 4560 | W6: 440 | X6: 5800 | Y6: 0 | Z6: WSWT1625800SM | AA6: 0 | AB6: 0 | AC6: 0 | AD6: 0 | AE6: 0 | AF6: รอส่ง | AG6: พร้อมส่ง | AH6: P8 | AI6: 4 | AJ6: 45915 | AK6: 45911 | AL6: 45905 | AM6: 45912 | AN6: 45913 | AO6: 45913 | AP6: 45910 | AQ6: 45914 | AR6: 0 | AS6: 0 | AT6: 0 | AU6: 0 | AV6: 0 | AW6: งานเคลือบ+พิมพ์ | AX6: / | AY6: รอลูกค้า | AZ6: 0 | BA6: 0 | BB6: 0 | BC6: WRWT25800/WRWT25800 | BD6: 0
A7: 0 | B7: 0 | C7: 0 | E7: 16 | F7: 25 | G7: ขาว | H7: 0 | I7: 45 | J7: ± | K7: 5 | L7: 0 | M7: 0 | N7: 0 | O7: 0 | P7: 0 | Q7: 0 | R7: 0 | S7: 0 | U7: 0 | V7: 0 | W7: 0 | X7: 0 | Y7: 0 | Z7: WSWT1625800SM | AA7: 0 | AB7: 0 | AC7: 0 | AD7: 0 | AE7: 0 | AF7: ระบุในSD | AG7: พร้อมส่ง | AH7: 0 | AI7: Lead time | AJ7: 0 | AK7: 0 | AL7: 0 | AM7: 0 | AN7: 0 | AO7: 0 | AP7: 0 | AQ7: 0 | AR7: 0 | AS7: 0 | AT7: 0 | AU7: 0 | AV7: 0 | AW7: 0 | AX7: 0 | AY7: 0 | AZ7: 0 | BA7: 0 | BB7: 0 | BC7: WRWT160800/WRWT25800 | BD7: 0
A8: 45897 | B8: MK68-001045 | C8: บจก.เคอรี่ฟลาวมิลล์ | D8: น้องเอินโดนัท 10กก | E8: 16 | F8: 25 | G8: ขาว | H8: 0 | I8: 45 | J8: ± | K8: 5 | L8: ไม่ | M8: ไม่สวมถุงใน | N8: 0 | O8: 0 | P8: 0 | Q8: 0 | R8: 0 | S8: ห่ออัดเบลแบน500 | T8: 45925 | U8: 5000 | V8: 0 | W8: 5000 | X8: 5400 | Y8: 0 | Z8: WSWT1625800 | AA8: 0 | AB8: 0 | AC8: 0 | AD8: 0 | AE8: 0 | AF8: 0 | AG8: พร้อมส่ง | AH8: P7 | AI8: 2 | AJ8: 45925 | AK8: 0 | AL8: 45916 | AM8: 45923 | AN8: 45924 | AO8: 45924 | AP8: 45920 | AQ8: 0 | AR8: 0 | AS8: 0 | AT8: 0 | AU8: 0 | AV8: 0 | AW8: งานพิมพ์ | AX8: รอART | AY8: 0 | AZ8: 0 | BA8: 0 | BB8: 0 | BC8: WRWT25800/WRWT25800 | BD8: 0
A9: 0 | B9: 0 | C9: 0 | D9: 0 | E9: 16 | F9: 25 | G9: ขาว | H9: 0 | I9: 45 | J9: ± | K9: 5 | L9: 0 | M9: 0 | N9: 0 | O9: 0 | P9: 0 | Q9: 0 | R9: 0 | S9: 0 | U9: 0 | V9: 0 | W9: 0 | X9: 0 | Y9: 0 | Z9: WSWT1625800 | AA9: 0 | AB9: 0 | AC9: 0 | AD9: 0 | AE9: 0 | AF9: ระบุในSD | AG9: ยังไม่ได้พิมพ์ | AH9: 0 | AI9: Lead time | AJ9: 0 | AK9: 0 | AL9: 0 | AM9: 0 | AN9: 0 | AO9: 0 | AP9: 0 | AQ9: 0 | AR9: 0 | AS9: 0 | AT9: 0 | AU9: 0 | AV9: 0 | AW9: 0 | AX9: 0 | AY9: 0 | AZ9: 0 | BA9: 0 | BB9: 0 | BC9: WRWT160800/WRWT25800 | BD9: 0
A10: ประมาณการ | B10: ประมาณการ | C10: บจก.ฟาร์เธอร์ส วิง ซัพพลาย | D10: รถไฟ | E10: 18 | F10: 30 | G10: ขาว | H10: 0 | I10: 54 | J10: ± | K10: 5 | L10: บิด | M10: 19 | N10: 33 | O10: 40 | P10: 232.02999 | Q10: 0 | R10: 232.02999 | S10: 500กระสอบ | T10: รอแจ้ง | U10: 15000 | V10: 0 | W10: 15000 | X10: 0 | Y10: 15750 | Z10: WSWT1825800 | AA10: 13201.65 | AB10: 2599 | AC10: 10602.65 | AD10: 0 | AE10: 0 | AF10: 0 | AG10: พร้อมส่ง | AH10: P9 | AI10: 3 | AJ10: รอแจ้ง | AK10: 0 | AL10: #VALUE! | AM10: #VALUE! | AN10: #VALUE! | AO10: #VALUE! | AP10: #VALUE! | AQ10: #VALUE! | AR10: 0 | AS10: 0 | AT10: 0 | AU10: 0 | AV10: 0 | AW10: งานพิมพ์ | AX10: รอART | AY10: 0 | AZ10: 0 | BA10: 0 | BB10: 0 | BC10: WRWT25800/WRWT25800 | BD10: 729.46232
A11: 0 | B11: 0 | E11: 18 | F11: 30 | G11: ขาว | H11: 0 | I11: 54 | J11: ± | K11: 5 | L11: 0 | M11: 0 | N11: 0 | O11: 0 | P11: 0 | Q11: 0 | R11: 0 | S11: 0 | U11: 0 | V11: 0 | W11: 0 | X11: 0 | Y11: 0 | Z11: WSWT1825800 | AA11: 13201.65 | AB11: 2599 | AC11: 10602.65 | AD11: 0 | AE11: 0 | AF11: ระบุในSD | AG11: พร้อมส่ง | AH11: 0 | AI11: Lead time | AJ11: 0 | AK11: 0 | AL11: 0 | AM11: 0 | AN11: 0 | AO11: 0 | AP11: 0 | AQ11: 0 | AR11: 0 | AS11: 0 | AT11: 0 | AU11: 0 | AV11: 0 | AW11: 0 | AX11: 0 | AY11: 0 | AZ11: 0 | BA11: 0 | BB11: 0 | BC11: WRWT25800/WRWT25800 | BD11: 0
A12: 45912 | B12: MK68-001111 | C12: บจก.ซิเบลโก้(บางเลน) | D12: PORTARYTE | E12: 18 | F12: 30 | G12: ขาว | H12: ใส | I12: 74 | J12: ± | K12: 5 | L12: ไม่ | M12: ไม่สวมถุงใน | N12: 0 | O12: 0 | P12: 0 | Q12: 0 | R12: 0 | S12: 500กระสอบแบน | T12: 45932 | U12: 10000 | V12: 0 | W12: 10000 | X12: 0 | Y12: 10500 | Z12: WSWT1825800SM | AA12: 8801.1 | AB12: 8801.1 | AC12: 0 | AD12: 1900 | AE12: 6901.1 | AF12: ห้ามเกิน-ขาดได้5% | AG12: รอแบบ | AH12: P6 | AI12: 4 | AJ12: 45932 | AK12: 45928 | AL12: 45921 | AM12: 45929 | AN12: 45930 | AO12: 45931 | AP12: 45927 | AQ12: 0 | AR12: 0 | AS12: 0 | AT12: 0 | AU12: 0 | AV12: 0 | AW12: งานเคลือบ+พิมพ์ | AX12: / | AY12: 0 | AZ12: 0 | BA12: 0 | BB12: 0 | BC12: WRWT25800/WRWT25800 | BD12: 0
A13: 0 | B13: 0 | C13: 0 | E13: 18 | F13: 25 | G13: ขาว | H13: 0 | I13: 50 | J13: ± | K13: 5 | L13: 0 | M13: 0 | N13: 0 | O13: 0 | P13: 0 | Q13: 0 | R13: 0 | S13: 0 | U13: 0 | V13: 0 | W13: 0 | X13: 0 | Y13: 0 | Z13: WSWT1825800SM | AA13: 8801.1 | AB13: 8801.1 | AC13: 0 | AD13: 1900 | AE13: 6901.1 | AF13: ระบุในSD | AG13: ยังไม่ได้พิมพ์ | AH13: 0 | AI13: Lead time | AJ13: 0 | AK13: 0 | AL13: 0 | AM13: 0 | AN13: 0 | AO13: 0 | AP13: 0 | AQ13: 0 | AR13: 0 | AS13: 0 | AT13: 0 | AU13: 0 | AV13: 0 | AW13: 0 | AX13: 0 | AY13: 0 | AZ13: 0 | BA13: 0 | BB13: 0 | BC13: WRWT180800/WRWT25800 | BD13: 0
A14: 45898 | B14: MK68-001049 | C14: บจก.เพรซิเดนท์ฟลาวมิลล์ | D14: ผึ้งเหลือง | E14: 19 | F14: 30 | G14: ขาว | H14: 0 | I14: 60 | J14: ± | K14: 5 | L14: บิด | M14: ไม่สวมถุงใน | N14: 0 | O14: 0 | P14: 0 | Q14: 0 | R14: 0 | S14: 500กระสอบ | T14: 45917 | U14: 50000 | V14: 50000 | W14: 0 | X14: 52901 | Y14: 0 | Z14: WSWT1925800 | AA14: 0 | AB14: 0 | AC14: 0 | AD14: 0 | AE14: 0 | AF14: 0 | AG14: ยังไม่ได้พิมพ์ | AH14: P7 | AI14: 2 | AJ14: 45917 | AK14: 0 | AL14: 45908 | AM14: 45915 | AN14: 45916 | AO14: 45916 | AP14: 45912 | AQ14: 0 | AR14: 0 | AS14: 0 | AT14: 0 | AU14: 0 | AV14: 0 | AW14: งานพิมพ์ | AX14: / | AY14: ลบสีจำนวนมาก | AZ14: 0 | BA14: 0 | BB14: 0 | BC14: WRWT25800/WRWT25800 | BD14: 0
A15: ประมาณการ | B15: ประมาณการ | C15: บจก.เอ็กเซลเล้นท์ | D15: รอแบบ | E15: 19 | F15: 30 | G15: ขาว | H15: 0 | I15: 60 | J15: ± | K15: 5 | L15: บิด | M15: ไม่สวมถุงใน | N15: 0 | O15: 0 | P15: 0 | Q15: 0 | R15: 0 | S15: 500กระสอบ | T15: 45925 | U15: 40000 | V15: 0 | W15: 40000 | X15: 0 | Y15: 42000 | Z15: WSWT1925800 | AA15: 35204.4 | AB15: 14424 | AC15: 20780.4 | AD15: 0 | AE15: 0 | AF15: 0 | AG15: พร้อมส่ง | AH15: P7 | AI15: 2 | AJ15: 45925 | AK15: 0 | AL15: 45916 | AM15: 45923 | AN15: 45924 | AO15: 45924 | AP15: 45920 | AQ15: 0 | AR15: 0 | AS15: 0 | AT15: 0 | AU15: 0 | AV15: 0 | AW15: งานพิมพ์ | AX15: รอART | AY15: 0 | AZ15: 0 | BA15: 0 | BB15: 0 | BC15: WRWT25800/WRWT25800 | BD15: 1509.1188
A16: ประมาณการ | B16: ประมาณการ | C16: บจก.ไลม์มาสเตอร์ | D16: LMC 25 kg | E16: 19 | F16: 32 | G16: ขาว | H16: 0 | I16: 64 | J16: ± | K16: 5 | L16: ไม่ | M16: 20 | N16: 35 | O16: 40 | P16: 341.36903 | Q16: 0 | R16: 341.36903 | S16: 500กระสอบแบน | T16: 45925 | U16: 20000 | V16: 233 | W16: 19767 | X16: 0 | Y16: 20755.35 | Z16: WSWT1925800 | AA16: 18501.714 | AB16: 0 | AC16: 18501.714 | AD16: 0 | AE16: 0 | AF16: 0 | AG16: พร้อมส่ง | AH16: P9 | AI16: 3 | AJ16: 45925 | AK16: 0 | AL16: 45915 | AM16: 45922 | AN16: 45923 | AO16: 45923 | AP16: 45920 | AQ16: 45924 | AR16: 0 | AS16: 0 | AT16: 0 | AU16: 0 | AV16: 0 | AW16: งานพิมพ์ | AX16: รอART | AY16: 0 | AZ16: 0 | BA16: 0 | BB16: 0 | BC16: WRWT25800/WRWT25800 | BD16: 1343.6356
A17: ประมาณการ | B17: ประมาณการ | C17: บจก.เพรซิเดนท์ฟลาวมิลล์ | D17: ผึ้งเหลือง | E17: 19 | F17: 30 | G17: ขาว | H17: 0 | I17: 60 | J17: ± | K17: 5 | L17: บิด | M17: ไม่สวมถุงใน | N17: 0 | O17: 0 | P17: 0 | Q17: 0 | R17: 0 | S17: 500กระสอบ | T17: รอแจ้ง | U17: 140000 | V17: 0 | W17: 140000 | X17: 0 | Y17: 147000 | Z17: WSWT1925800 | AA17: 123215.4 | AB17: 0 | AC17: 123215.4 | AD17: 0 | AE17: 0 | AF17: 0 | AG17: พร้อมส่ง | AH17: P7 | AI17: 2 | AJ17: รอแจ้ง | AK17: 0 | AL17: #VALUE! | AM17: #VALUE! | AN17: #VALUE! | AO17: #VALUE! | AP17: #VALUE! | AQ17: 0 | AR17: 0 | AS17: 0 | AT17: 0 | AU17: 0 | AV17: 0 | AW17: งานพิมพ์ | AX17: รอART | AY17: 0 | AZ17: 0 | BA17: 0 | BB17: 0 | BC17: WRWT25800/WRWT25800 | BD17: 8948.1762
A18: 0 | B18: 0 | C18: 0 | D18: 0 | E18: 19 | F18: 30 | G18: ขาว | H18: 0 | I18: 60 | J18: ± | K18: 5 | L18: 0 | M18: 0 | N18: 0 | O18: 0 | P18: 0 | Q18: 0 | R18: 0 | S18: 0 | U18: 0 | V18: 0 | W18: 0 | X18: 0 | Y18: 0 | Z18: WSWT1925800 | AA18: 176921.51 | AB18: 14424 | AC18: 162497.51 | AD18: 0 | AE18: 0 | AF18: ระบุในSD | AG18: พร้อมส่ง | AH18: 0 | AI18: Lead time | AJ18: 0 | AK18: 0 | AL18: 0 | AM18: 0 | AN18: 0 | AO18: 0 | AP18: 0 | AQ18: 0 | AR18: 0 | AS18: 0 | AT18: 0 | AU18: 0 | AV18: 0 | AW18: 0 | AX18: 0 | AY18: 0 | AZ18: 0 | BA18: 0 | BB18: 0 | BC18: WRWT25800/WRWT25800 | BD18: 0
A19: 45905 | B19: MK68-001077 | C19: บจก.เคอรี่ฟลาวมิลล์ | D19: ปลาโลมาเทา | E19: 19 | F19: 32 | G19: ขาว | H19: 0 | I19: 67 | J19: + | K19: 5 | L19: บิด | M19: ไม่สวมถุงใน | N19: 0 | O19: 0 | P19: 0 | Q19: 0 | R19: 0 | S19: ห่ออัดเบลแบน500 | T19: 45916 | U19: 5000 | V19: 5000 | W19: 0 | X19: 5400 | Y19: 0 | Z19: WSWT1921720 | AA19: 0 | AB19: 0 | AC19: 0 | AD19: 0 | AE19: 0 | AF19: PDR250295 | AG19: พร้อมส่ง | AH19: P7 | AI19: 2 | AJ19: 45916 | AK19: 0 | AL19: 45907 | AM19: 45914 | AN19: 45915 | AO19: 45915 | AP19: 45911 | AQ19: 0 | AR19: 0 | AS19: 0 | AT19: 0 | AU19: 0 | AV19: 0 | AW19: งานพิมพ์ | AX19: / | AY19: 0 | AZ19: 0 | BA19: 0 | BB19: 0 | BC19: WRWT21720/WRWT25800 | BD19: 0
A20: 45905 | B20: MK68-001077 | C20: บจก.เคอรี่ฟลาวมิลล์ | D20: ถุงเงิน | E20: 19 | F20: 32 | G20: ขาว | H20: 0 | I20: 67 | J20: + | K20: 5 | L20: บิด | M20: ไม่สวมถุงใน | N20: 0 | O20: 0 | P20: 0 | Q20: 0 | R20: 0 | S20: ห่ออัดเบลแบน500 | T20: 45916 | U20: 5000 | V20: 4500 | W20: 500 | X20: 5400 | Y20: 0 | Z20: WSWT1921720 | AA20: 0 | AB20: 0 | AC20: 0 | AD20: 0 | AE20: 0 | AF20: PDR250295 | AG20: พร้อมส่ง | AH20: P7 | AI20: 2 | AJ20: 45916 | AK20: 0 | AL20: 45907 | AM20: 45914 | AN20: 45915 | AO20: 45915 | AP20: 45911 | AQ20: 0 | AR20: 0 | AS20: 0 | AT20: 0 | AU20: 0 | AV20: 0 | AW20: งานพิมพ์ | AX20: / | AY20: 0 | AZ20: 0 | BA20: 0 | BB20: 0 | BC20: WRWT21720/WRWT25800 | BD20: 0
A21: 45905 | B21: MK68-001077 | C21: บจก.เคอรี่ฟลาวมิลล์ | D21: กุ้งแดง | E21: 19 | F21: 32 | G21: ขาว | H21: 0 | I21: 67 | J21: + | K21: 5 | L21: บิด | M21: ไม่สวมถุงใน | N21: 0 | O21: 0 | P21: 0 | Q21: 0 | R21: 0 | S21: ห่ออัดเบลแบน500 | T21: 45916 | U21: 10000 | V21: 10000 | W21: 0 | X21: 10500 | Y21: 0 | Z21: WSWT1921720 | AA21: 0 | AB21: 0 | AC21: 0 | AD21: 0 | AE21: 0 | AF21: PDR250295 | AG21: พร้อมส่ง | AH21: P7 | AI21: 2 | AJ21: 45916 | AK21: 0 | AL21: 45907 | AM21: 45914 | AN21: 45915 | AO21: 45915 | AP21: 45911 | AQ21: 0 | AR21: 0 | AS21: 0 | AT21: 0 | AU21: 0 | AV21: 0 | AW21: งานพิมพ์ | AX21: / | AY21: 0 | AZ21: 0 | BA21: 0 | BB21: 0 | BC21: WRWT21720/WRWT25800 | BD21: 0
A22: 45905 | B22: MK68-001077 | C22: บจก.เคอรี่ฟลาวมิลล์ | D22: PBKF2-01-03 | E22: 19 | F22: 32 | G22: ขาว | H22: 0 | I22: 67 | J22: + | K22: 5 | L22: บิด | M22: ไม่สวมถุงใน | N22: 0 | O22: 0 | P22: 0 | Q22: 0 | R22: 0 | S22: ห่ออัดเบลแบน500 | T22: 45916 | U22: 5000 | V22: 4787 | W22: 213 | X22: 5400 | Y22: 0 | Z22: WSWT1921720 | AA22: 0 | AB22: 0 | AC22: 0 | AD22: 0 | AE22: 0 | AF22: PDR250295 | AG22: รอตัด | AH22: P7 | AI22: 2 | AJ22: 45916 | AK22: 0 | AL22: 45907 | AM22: 45914 | AN22: 45915 | AO22: 45915 | AP22: 45911 | AQ22: 0 | AR22: 0 | AS22: 0 | AT22: 0 | AU22: 0 | AV22: 0 | AW22: งานพิมพ์ | AX22: / | AY22: 0 | AZ22: 0 | BA22: 0 | BB22: 0 | BC22: WRWT21720/WRWT25800 | BD22: 0
A23: 45905 | B23: MK68-001077 | C23: บจก.เคอรี่ฟลาวมิลล์ | D23: บะหมี่เตี๊ยว | E23: 19 | F23: 32 | G23: ขาว | H23: 0 | I23: 67 | J23: + | K23: 5 | L23: บิด | M23: ไม่สวมถุงใน | N23: 0 | O23: 0 | P23: 0 | Q23: 0 | R23: 0 | S23: ห่ออัดเบลแบน500 | T23: 45918 | U23: 5000 | V23: 5000 | W23: 0 | X23: 5250 | Y23: 0 | Z23: WSWT1921720 | AA23: 0 | AB23: 0 | AC23: 0 | AD23: 0 | AE23: 0 | AF23: PDR250296 | AG23: พร้อมส่ง | AH23: P7 | AI23: 2 | AJ23: 45918 | AK23: 0 | AL23: 45909 | AM23: 45916 | AN23: 45917 | AO23: 45917 | AP23: 45913 | AQ23: 0 | AR23: 0 | AS23: 0 | AT23: 0 | AU23: 0 | AV23: 0 | AW23: งานพิมพ์ | AX23: / | AY23: 0 | AZ23: 0 | BA23: 0 | BB23: 0 | BC23: WRWT21720/WRWT25800 | BD23: 0
A24: 45905 | B24: MK68-001077 | C24: บจก.เคอรี่ฟลาวมิลล์ | D24: แต้มแดง | E24: 19 | F24: 32 | G24: ขาว | H24: 0 | I24: 67 | J24: + | K24: 5 | L24: บิด | M24: ไม่สวมถุงใน | N24: 0 | O24: 0 | P24: 0 | Q24: 0 | R24: 0 | S24: ห่ออัดเบลแบน500 | T24: 45918 | U24: 5000 | V24: 4623 | W24: 377 | X24: 5023 | Y24: 0 | Z24: WSWT1921720 | AA24: 0 | AB24: 0 | AC24: 0 | AD24: 0 | AE24: 0 | AF24: PDR250295 | AG24: พร้อมส่ง | AH24: P7 | AI24: 2 | AJ24: 45918 | AK24: 0 | AL24: 45909 | AM24: 45916 | AN24: 45917 | AO24: 45917 | AP24: 45913 | AQ24: 0 | AR24: 0 | AS24: 0 | AT24: 0 | AU24: 0 | AV24: 0 | AW24: งานพิมพ์ | AX24: / | AY24: 0 | AZ24: 0 | BA24: 0 | BB24: 0 | BC24: WRWT21720/WRWT25800 | BD24: 0
A25: ประมาณการ | B25: ประมาณการ | C25: บจก.เคอรี่ฟลาวมิลล์ | D25: แต้มแดง | E25: 19 | F25: 32 | G25: ขาว | H25: 0 | I25: 67 | J25: + | K25: 5 | L25: บิด | M25: ไม่สวมถุงใน | N25: 0 | O25: 0 | P25: 0 | Q25: 0 | R25: 0 | S25: ห่ออัดเบลแบน500 | T25: รอแจ้ง | U25: 5000 | V25: 0 | W25: 5000 | X25: 5400 | Y25: 0 | Z25: WSWT1921720 | AA25: 0 | AB25: 0 | AC25: 0 | AD25: 0 | AE25: 0 | AF25: 0 | AG25: ผ้าขาว | AH25: P7 | AI25: 2 | AJ25: รอแจ้ง | AK25: 0 | AL25: #VALUE! | AM25: #VALUE! | AN25: #VALUE! | AO25: #VALUE! | AP25: #VALUE! | AQ25: 0 | AR25: 0 | AS25: 0 | AT25: 0 | AU25: 0 | AV25: 0 | AW25: งานพิมพ์ | AX25: 0 | AY25: 0 | AZ25: 0 | BA25: 0 | BB25: 0 | BC25: WRWT21720/WRWT25800 | BD25: 0
A26: 45905 | B26: MK68-001077 | C26: บจก.เคอรี่ฟลาวมิลล์ | D26: ถุงเขียว | E26: 19 | F26: 32 | G26: ขาว | H26: 0 | I26: 67 | J26: + | K26: 5 | L26: บิด | M26: ไม่สวมถุงใน | N26: 0 | O26: 0 | P26: 0 | Q26: 0 | R26: 0 | S26: ห่ออัดเบลแบน500 | T26: 45918 | U26: 10000 | V26: 10000 | W26: 0 | X26: 10400 | Y26: 0 | Z26: WSWT1921720 | AA26: 0 | AB26: 0 | AC26: 0 | AD26: 0 | AE26: 0 | AF26: PDR250296 | AG26: ผ้าขาว | AH26: P7 | AI26: 2 | AJ26: 45918 | AK26: 0 | AL26: 45909 | AM26: 45916 | AN26: 45917 | AO26: 45917 | AP26: 45913 | AQ26: 0 | AR26: 0 | AS26: 0 | AT26: 0 | AU26: 0 | AV26: 0 | AW26: งานพิมพ์ | AX26: / | AY26: 0 | AZ26: 0 | BA26: 0 | BB26: 0 | BC26: WRWT21720/WRWT25800 | BD26: 0
A27: 45905 | B27: MK68-001077 | C27: บจก.เคอรี่ฟลาวมิลล์ | D27: ดอกไม้เขียว | E27: 19 | F27: 32 | G27: ขาว | H27: 0 | I27: 67 | J27: + | K27: 5 | L27: บิด | M27: ไม่สวมถุงใน | N27: 0 | O27: 0 | P27: 0 | Q27: 0 | R27: 0 | S27: ห่ออัดเบลแบน500 | T27: 45918 | U27: 5000 | V27: 5000 | W27: 0 | X27: 5400 | Y27: 0 | Z27: WSWT1921720 | AA27: 0 | AB27: 0 | AC27: 0 | AD27: 0 | AE27: 0 | AF27: PDR250296 | AG27: พร้อมส่ง | AH27: P7 | AI27: 2 | AJ27: 45918 | AK27: 0 | AL27: 45909 | AM27: 45916 | AN27: 45917 | AO27: 45917 | AP27: 45913 | AQ27: 0 | AR27: 0 | AS27: 0 | AT27: 0 | AU27: 0 | AV27: 0 | AW27: งานพิมพ์ | AX27: / | AY27: ลบสีจำนวนมาก | AZ27: 0 | BA27: 0 | BB27: 0 | BC27: WRWT21720/WRWT25800 | BD27: 0
A28: 45904 | B28: MK68-001075 | C28: บจก.เคอรี่ฟลาวมิลล์ | D28: ไม่พิมพ์ | E28: 19 | F28: 32 | G28: ขาว | H28: 0 | I28: 67 | J28: + | K28: 5 | L28: ไม่ | M28: ไม่สวมถุงใน | N28: 0 | O28: 0 | P28: 0 | Q28: 0 | R28: 0 | S28: ห่ออัดเบลแบน501 | T28: 45924 | U28: 20000 | V28: 0 | W28: 20000 | X28: 0 | Y28: 0 | Z28: WSWT1921720 | AA28: 18719.8 | AB28: 18719.8 | AC28: 0 | AD28: 0 | AE28: 0 | AF28: 0 | AG28: รอตัด | AH28: P3 | AI28: 1 | AJ28: 45924 | AK28: 0 | AL28: 0 | AM28: 0 | AN28: 0 | AO28: 45923 | AP28: 45919 | AQ28: 0 | AR28: 0 | AS28: 0 | AT28: 0 | AU28: 0 | AV28: 0 | AW28: ตัด | AX28: 0 | AY28: 0 | AZ28: 0 | BA28: 0 | BB28: 0 | BC28: WRWT21720/WRWT25800 | BD28: 0
A29: 45904 | B29: MK68-001076 | C29: บจก.เคอรี่ฟลาวมิลล์ | D29: ไม่พิมพ์ | E29: 19 | F29: 32 | G29: ขาว | H29: 0 | I29: 67 | J29: + | K29: 5 | L29: ไม่ | M29: ไม่สวมถุงใน | N29: 0 | O29: 0 | P29: 0 | Q29: 0 | R29: 0 | S29: ห่ออัดเบลแบน501 | T29: 45924 | U29: 20000 | V29: 0 | W29: 20000 | X29: 0 | Y29: 0 | Z29: WSWT1921720 | AA29: 18719.8 | AB29: 18719.8 | AC29: 0 | AD29: 0 | AE29: 0 | AF29: 0 | AG29: รอตัด | AH29: P3 | AI29: 1 | AJ29: 45924 | AK29: 0 | AL29: 0 | AM29: 0 | AN29: 0 | AO29: 45923 | AP29: 45919 | AQ29: 0 | AR29: 0 | AS29: 0 | AT29: 0 | AU29: 0 | AV29: 0 | AW29: ตัด | AX29: 0 | AY29: 0 | AZ29: 0 | BA29: 0 | BB29: 0 | BC29: WRWT21720/WRWT25800 | BD29: 0
A30: 45910 | B30: MK68-001099 | C30: บจก.เคอรี่ฟลาวมิลล์ | D30: ถุงเขียว | E30: 19 | F30: 32 | G30: ขาว | H30: 0 | I30: 67 | J30: + | K30: 5 | L30: บิด | M30: ไม่สวมถุงใน | N30: 0 | O30: 0 | P30: 0 | Q30: 0 | R30: 0 | S30: ห่ออัดเบลแบน500 | T30: 45920 | U30: 10000 | V30: 10000 | W30: 0 | X30: 10400 | Y30: 0 | Z30: WSWT1921720 | AA30: 0 | AB30: 0 | AC30: 0 | AD30: 0 | AE30: 0 | AF30: PDR250299 | AG30: รอตัด | AH30: P7 | AI30: 2 | AJ30: 45920 | AK30: 0 | AL30: 45911 | AM30: 45918 | AN30: 45919 | AO30: 45919 | AP30: 45915 | AQ30: 0 | AR30: 0 | AS30: 0 | AT30: 0 | AU30: 0 | AV30: 0 | AW30: งานพิมพ์ | AX30: / | AY30: 0 | AZ30: 0 | BA30: 0 | BB30: 0 | BC30: WRWT21720/WRWT25800 | BD30: 0
A31: 45910 | B31: MK68-001099 | C31: บจก.เคอรี่ฟลาวมิลล์ | D31: ถุงทองแซนวิช | E31: 19 | F31: 32 | G31: ขาว | H31: 0 | I31: 67 | J31: + | K31: 5 | L31: บิด | M31: ไม่สวมถุงใน | N31: 0 | O31: 0 | P31: 0 | Q31: 0 | R31: 0 | S31: ห่ออัดเบลแบน500 | T31: 45920 | U31: 10000 | V31: 0 | W31: 10000 | X31: 10490 | Y31: 0 | Z31: WSWT1921720 | AA31: 0 | AB31: 0 | AC31: 0 | AD31: 0 | AE31: 0 | AF31: PDR250299 | AG31: รอตัด | AH31: P7 | AI31: 2 | AJ31: 45920 | AK31: 0 | AL31: 45911 | AM31: 45918 | AN31: 45919 | AO31: 45919 | AP31: 45915 | AQ31: 0 | AR31: 0 | AS31: 0 | AT31: 0 | AU31: 0 | AV31: 0 | AW31: งานพิมพ์ | AX31: / | AY31: 0 | AZ31: 0 | BA31: 0 | BB31: 0 | BC31: WRWT21720/WRWT25800 | BD31: 0
A32: 45910 | B32: MK68-001099 | C32: บจก.เคอรี่ฟลาวมิลล์ | D32: BS | E32: 19 | F32: 32 | G32: ขาว | H32: 0 | I32: 67 | J32: + | K32: 5 | L32: บิด | M32: ไม่สวมถุงใน | N32: 0 | O32: 0 | P32: 0 | Q32: 0 | R32: 0 | S32: ห่ออัดเบลแบน500 | T32: 45920 | U32: 5000 | V32: 0 | W32: 5000 | X32: 5250 | Y32: 0 | Z32: WSWT1921720 | AA32: 0 | AB32: 0 | AC32: 0 | AD32: 0 | AE32: 0 | AF32: PDR250299 | AG32: รอตัด | AH32: P7 | AI32: 2 | AJ32: 45920 | AK32: 0 | AL32: 45911 | AM32: 45918 | AN32: 45919 | AO32: 45919 | AP32: 45915 | AQ32: 0 | AR32: 0 | AS32: 0 | AT32: 0 | AU32: 0 | AV32: 0 | AW32: งานพิมพ์ | AX32: / | AY32: 0 | AZ32: 0 | BA32: 0 | BB32: 0 | BC32: WRWT21720/WRWT25800 | BD32: 0
A33: 45910 | B33: MK68-001099 | C33: บจก.เคอรี่ฟลาวมิลล์ | D33: ชามแดง | E33: 19 | F33: 32 | G33: ขาว | H33: 0 | I33: 67 | J33: + | K33: 5 | L33: บิด | M33: ไม่สวมถุงใน | N33: 0 | O33: 0 | P33: 0 | Q33: 0 | R33: 0 | S33: ห่ออัดเบลแบน500 | T33: 45925 | U33: 5000 | V33: 0 | W33: 5000 | X33: 5710 | Y33: 0 | Z33: WSWT1921720 | AA33: 0 | AB33: 0 | AC33: 0 | AD33: 0 | AE33: 0 | AF33: PDR250300 | AG33: รอตัด | AH33: P7 | AI33: 2 | AJ33: 45925 | AK33: 0 | AL33: 45916 | AM33: 45923 | AN33: 45924 | AO33: 45924 | AP33: 45920 | AQ33: 0 | AR33: 0 | AS33: 0 | AT33: 0 | AU33: 0 | AV33: 0 | AW33: งานพิมพ์ | AX33: / | AY33: 0 | AZ33: 0 | BA33: 0 | BB33: 0 | BC33: WRWT21720/WRWT25800 | BD33: 0
A34: 45910 | B34: MK68-001099 | C34: บจก.เคอรี่ฟลาวมิลล์ | D34: บะหมี่เตี๊ยว | E34: 19 | F34: 32 | G34: ขาว | H34: 0 | I34: 67 | J34: + | K34: 5 | L34: บิด | M34: ไม่สวมถุงใน | N34: 0 | O34: 0 | P34: 0 | Q34: 0 | R34: 0 | S34: ห่ออัดเบลแบน500 | T34: 45925 | U34: 5000 | V34: 0 | W34: 5000 | X34: 5400 | Y34: 0 | Z34: WSWT1921720 | AA34: 0 | AB34: 0 | AC34: 0 | AD34: 0 | AE34: 0 | AF34: PDR250300 | AG34: รอตัด | AH34: P7 | AI34: 2 | AJ34: 45925 | AK34: 0 | AL34: 45916 | AM34: 45923 | AN34: 45924 | AO34: 45924 | AP34: 45920 | AQ34: 0 | AR34: 0 | AS34: 0 | AT34: 0 | AU34: 0 | AV34: 0 | AW34: งานพิมพ์ | AX34: / | AY34: 0 | AZ34: 0 | BA34: 0 | BB34: 0 | BC34: WRWT21720/WRWT25800 | BD34: 0
A35: 45910 | B35: MK68-001099 | C35: บจก.เคอรี่ฟลาวมิลล์ | D35: HARD FLOUR | E35: 19 | F35: 32 | G35: ขาว | H35: 0 | I35: 67 | J35: + | K35: 5 | L35: บิด | M35: ไม่สวมถุงใน | N35: 0 | O35: 0 | P35: 0 | Q35: 0 | R35: 0 | S35: ห่ออัดเบลแบน500 | T35: 45925 | U35: 5000 | V35: 0 | W35: 5000 | X35: 5400 | Y35: 0 | Z35: WSWT1921720 | AA35: 0 | AB35: 0 | AC35: 0 | AD35: 0 | AE35: 0 | AF35: PDR250300 | AG35: ยังไม่ได้พิมพ์ | AH35: P7 | AI35: 2 | AJ35: 45925 | AK35: 0 | AL35: 45916 | AM35: 45923 | AN35: 45924 | AO35: 45924 | AP35: 45920 | AQ35: 0 | AR35: 0 | AS35: 0 | AT35: 0 | AU35: 0 | AV35: 0 | AW35: งานพิมพ์ | AX35: / | AY35: 0 | AZ35: 0 | BA35: 0 | BB35: 0 | BC35: WRWT21720/WRWT25800 | BD35: 0
A36: 45910 | B36: MK68-001099 | C36: บจก.เคอรี่ฟลาวมิลล์ | D36: FW-Y | E36: 19 | F36: 32 | G36: ขาว | H36: 0 | I36: 67 | J36: + | K36: 5 | L36: ไม่ | M36: ไม่สวมถุงใน | N36: 0 | O36: 0 | P36: 0 | Q36: 0 | R36: 0 | S36: ห่ออัดเบลแบน500 | T36: 45925 | U36: 5000 | V36: 0 | W36: 5000 | X36: 5400 | Y36: 0 | Z36: WSWT1921720 | AA36: 0 | AB36: 0 | AC36: 0 | AD36: 0 | AE36: 0 | AF36: PDR250300 | AG36: ยังไม่ได้พิมพ์ | AH36: P7 | AI36: 2 | AJ36: 45925 | AK36: 0 | AL36: 45916 | AM36: 45923 | AN36: 45924 | AO36: 45924 | AP36: 45920 | AQ36: 0 | AR36: 0 | AS36: 0 | AT36: 0 | AU36: 0 | AV36: 0 | AW36: งานพิมพ์ | AX36: / | AY36: 0 | AZ36: 0 | BA36: 0 | BB36: 0 | BC36: WRWT21720/WRWT25800 | BD36: 0
A37: 45910 | B37: MK68-001099 | C37: บจก.เคอรี่ฟลาวมิลล์ | D37: 997 | E37: 19 | F37: 32 | G37: ขาว | H37: 0 | I37: 67 | J37: + | K37: 5 | L37: ไม่ | M37: ไม่สวมถุงใน | N37: 0 | O37: 0 | P37: 0 | Q37: 0 | R37: 0 | S37: ห่ออัดเบลแบน500 | T37: 45925 | U37: 5000 | V37: 0 | W37: 5000 | X37: 5400 | Y37: 0 | Z37: WSWT1921720 | AA37: 0 | AB37: 0 | AC37: 0 | AD37: 0 | AE37: 0 | AF37: PDR250300 | AG37: ยังไม่ได้พิมพ์ | AH37: P7 | AI37: 2 | AJ37: 45925 | AK37: 0 | AL37: 45916 | AM37: 45923 | AN37: 45924 | AO37: 45924 | AP37: 45920 | AQ37: 0 | AR37: 0 | AS37: 0 | AT37: 0 | AU37: 0 | AV37: 0 | AW37: งานพิมพ์ | AX37: / | AY37: 0 | AZ37: 0 | BA37: 0 | BB37: 0 | BC37: WRWT21720/WRWT25800 | BD37: 0
A38: 45912 | B38: MK68-001108 | C38: บจก.เคอรี่ฟลาวมิลล์ | D38: NHR-1 | E38: 19 | F38: 32 | G38: ขาว | H38: 0 | I38: 67 | J38: + | K38: 5 | L38: บิด | M38: ไม่สวมถุงใน | N38: 0 | O38: 0 | P38: 0 | Q38: 0 | R38: 0 | S38: ห่ออัดเบลแบน500 | T38: 45920 | U38: 5000 | V38: 0 | W38: 5000 | X38: 0 | Y38: 5250 | Z38: WSWT1921720 | AA38: 4679.95 | AB38: 4679.95 | AC38: 0 | AD38: 0 | AE38: 0 | AF38: PDR250301 | AG38: ยังไม่ได้พิมพ์ | AH38: P7 | AI38: 2 | AJ38: 45920 | AK38: 0 | AL38: 45911 | AM38: 45918 | AN38: 45919 | AO38: 45919 | AP38: 45915 | AQ38: 0 | AR38: 0 | AS38: 0 | AT38: 0 | AU38: 0 | AV38: 0 | AW38: งานพิมพ์ | AX38: / | AY38: 0 | AZ38: 0 | BA38: 0 | BB38: 0 | BC38: WRWT21720/WRWT25800 | BD38: 0
A39: 45912 | B39: MK68-001108 | C39: บจก.เคอรี่ฟลาวมิลล์ | D39: กุ้งแดง | E39: 19 | F39: 32 | G39: ขาว | H39: 0 | I39: 67 | J39: + | K39: 5 | L39: บิด | M39: ไม่สวมถุงใน | N39: 0 | O39: 0 | P39: 0 | Q39: 0 | R39: 0 | S39: ห่ออัดเบลแบน500 | T39: 45920 | U39: 10000 | V39: 0 | W39: 10000 | X39: 0 | Y39: 10500 | Z39: WSWT1921720 | AA39: 9359.9 | AB39: 9359.9 | AC39: 0 | AD39: 0 | AE39: 0 | AF39: PDR250301 | AG39: ยังไม่ได้พิมพ์ | AH39: P7 | AI39: 2 | AJ39: 45920 | AK39: 0 | AL39: 45911 | AM39: 45918 | AN39: 45919 | AO39: 45919 | AP39: 45915 | AQ39: 0 | AR39: 0 | AS39: 0 | AT39: 0 | AU39: 0 | AV39: 0 | AW39: งานพิมพ์ | AX39: / | AY39: 0 | AZ39: 0 | BA39: 0 | BB39: 0 | BC39: WRWT21720/WRWT25800 | BD39: 0
A40: 45912 | B40: MK68-001108 | C40: บจก.เคอรี่ฟลาวมิลล์ | D40: ดอกไม้เขียว | E40: 19 | F40: 32 | G40: ขาว | H40: 0 | I40: 67 | J40: + | K40: 5 | L40: บิด | M40: ไม่สวมถุงใน | N40: 0 | O40: 0 | P40: 0 | Q40: 0 | R40: 0 | S40: ห่ออัดเบลแบน500 | T40: 45920 | U40: 10000 | V40: 0 | W40: 10000 | X40: 0 | Y40: 10500 | Z40: WSWT1921720 | AA40: 9359.9 | AB40: 9359.9 | AC40: 0 | AD40: 0 | AE40: 0 | AF40: PDR250301 | AG40: ยังไม่ได้พิมพ์ | AH40: P7 | AI40: 2 | AJ40: 45920 | AK40: 0 | AL40: 45911 | AM40: 45918 | AN40: 45919 | AO40: 45919 | AP40: 45915 | AQ40: 0 | AR40: 0 | AS40: 0 | AT40: 0 | AU40: 0 | AV40: 0 | AW40: งานพิมพ์ | AX40: / | AY40: 0 | AZ40: 0 | BA40: 0 | BB40: 0 | BC40: WRWT21720/WRWT25800 | BD40: 0
A41: 45912 | B41: MK68-001108 | C41: บจก.เคอรี่ฟลาวมิลล์ | D41: ถุงเขียว | E41: 19 | F41: 32 | G41: ขาว | H41: 0 | I41: 67 | J41: + | K41: 5 | L41: บิด | M41: ไม่สวมถุงใน | N41: 0 | O41: 0 | P41: 0 | Q41: 0 | R41: 0 | S41: ห่ออัดเบลแบน500 | T41: 45925 | U41: 10000 | V41: 0 | W41: 10000 | X41: 0 | Y41: 10500 | Z41: WSWT1921720 | AA41: 9359.9 | AB41: 9359.9 | AC41: 0 | AD41: 0 | AE41: 0 | AF41: PDR250302 | AG41: ยังไม่ได้พิมพ์ | AH41: P7 | AI41: 2 | AJ41: 45925 | AK41: 0 | AL41: 45916 | AM41: 45923 | AN41: 45924 | AO41: 45924 | AP41: 45920 | AQ41: 0 | AR41: 0 | AS41: 0 | AT41: 0 | AU41: 0 | AV41: 0 | AW41: งานพิมพ์ | AX41: / | AY41: 0 | AZ41: 0 | BA41: 0 | BB41: 0 | BC41: WRWT21720/WRWT25800 | BD41: 0
A42: 45912 | B42: MK68-001108 | C42: บจก.เคอรี่ฟลาวมิลล์ | D42: ถุงเงิน | E42: 19 | F42: 32 | G42: ขาว | H42: 0 | I42: 67 | J42: + | K42: 5 | L42: บิด | M42: ไม่สวมถุงใน | N42: 0 | O42: 0 | P42: 0 | Q42: 0 | R42: 0 | S42: ห่ออัดเบลแบน500 | T42: 45925 | U42: 5000 | V42: 0 | W42: 5000 | X42: 0 | Y42: 5250 | Z42: WSWT1921720 | AA42: 4679.95 | AB42: 4679.95 | AC42: 0 | AD42: 0 | AE42: 0 | AF42: PDR250302 | AG42: ยังไม่ได้พิมพ์ | AH42: P7 | AI42: 2 | AJ42: 45925 | AK42: 0 | AL42: 45916 | AM42: 45923 | AN42: 45924 | AO42: 45924 | AP42: 45920 | AQ42: 0 | AR42: 0 | AS42: 0 | AT42: 0 | AU42: 0 | AV42: 0 | AW42: งานพิมพ์ | AX42: / | AY42: 0 | AZ42: 0 | BA42: 0 | BB42: 0 | BC42: WRWT21720/WRWT25800 | BD42: 0
A43: 45912 | B43: MK68-001108 | C43: บจก.เคอรี่ฟลาวมิลล์ | D43: ดอกไม้ม่วง | E43: 19 | F43: 32 | G43: ขาว | H43: 0 | I43: 67 | J43: + | K43: 5 | L43: บิด | M43: ไม่สวมถุงใน | N43: 0 | O43: 0 | P43: 0 | Q43: 0 | R43: 0 | S43: ห่ออัดเบลแบน500 | T43: 45925 | U43: 5000 | V43: 0 | W43: 5000 | X43: 0 | Y43: 5250 | Z43: WSWT1921720 | AA43: 4679.95 | AB43: 3420 | AC43: 1259.95 | AD43: 0 | AE43: 0 | AF43: PDR250302 | AG43: ยังไม่ได้พิมพ์ | AH43: P7 | AI43: 2 | AJ43: 45925 | AK43: 0 | AL43: 45916 | AM43: 45923 | AN43: 45924 | AO43: 45924 | AP43: 45920 | AQ43: 0 | AR43: 0 | AS43: 0 | AT43: 0 | AU43: 0 | AV43: 0 | AW43: งานพิมพ์ | AX43: / | AY43: 0 | AZ43: 0 | BA43: 0 | BB43: 0 | BC43: WRWT21720/WRWT25800 | BD43: 94.905034
A44: 45912 | B44: MK68-001109 | C44: บจก.เคอรี่ฟลาวมิลล์ | D44: NHR-1 | E44: 19 | F44: 32 | G44: ขาว | H44: 0 | I44: 67 | J44: + | K44: 5 | L44: บิด | M44: ไม่สวมถุงใน | N44: 0 | O44: 0 | P44: 0 | Q44: 0 | R44: 0 | S44: ห่ออัดเบลแบน500 | T44: 45927 | U44: 5000 | V44: 0 | W44: 5000 | X44: 0 | Y44: 5250 | Z44: WSWT1921720 | AA44: 4679.95 | AB44: 0 | AC44: 4679.95 | AD44: 0 | AE44: 0 | AF44: PDR250303 | AG44: ผ้าขาว | AH44: P7 | AI44: 2 | AJ44: 45927 | AK44: 0 | AL44: 45918 | AM44: 45925 | AN44: 45926 | AO44: 45926 | AP44: 45922 | AQ44: 0 | AR44: 0 | AS44: 0 | AT44: 0 | AU44: 0 | AV44: 0 | AW44: งานพิมพ์ | AX44: / | AY44: 0 | AZ44: 0 | BA44: 0 | BB44: 0 | BC44: WRWT21720/WRWT25800 | BD44: 352.51463
A45: 45912 | B45: MK68-001109 | C45: บจก.เคอรี่ฟลาวมิลล์ | D45: ถุงเงิน | E45: 19 | F45: 32 | G45: ขาว | H45: 0 | I45: 67 | J45: + | K45: 5 | L45: บิด | M45: ไม่สวมถุงใน | N45: 0 | O45: 0 | P45: 0 | Q45: 0 | R45: 0 | S45: ห่ออัดเบลแบน500 | T45: 45927 | U45: 5000 | V45: 0 | W45: 5000 | X45: 0 | Y45: 5250 | Z45: WSWT1921720 | AA45: 4679.95 | AB45: 0 | AC45: 4679.95 | AD45: 0 | AE45: 0 | AF45: PDR250303 | AG45: ยังไม่ได้พิมพ์ | AH45: P7 | AI45: 2 | AJ45: 45927 | AK45: 0 | AL45: 45918 | AM45: 45925 | AN45: 45926 | AO45: 45926 | AP45: 45922 | AQ45: 0 | AR45: 0 | AS45: 0 | AT45: 0 | AU45: 0 | AV45: 0 | AW45: งานพิมพ์ | AX45: / | AY45: 0 | AZ45: 0 | BA45: 0 | BB45: 0 | BC45: WRWT21720/WRWT25800 | BD45: 352.51463
A46: 45912 | B46: MK68-001109 | C46: บจก.เคอรี่ฟลาวมิลล์ | D46: ดอกไม้เขียว | E46: 19 | F46: 32 | G46: ขาว | H46: 0 | I46: 67 | J46: + | K46: 5 | L46: บิด | M46: ไม่สวมถุงใน | N46: 0 | O46: 0 | P46: 0 | Q46: 0 | R46: 0 | S46: ห่ออัดเบลแบน500 | T46: 45927 | U46: 10000 | V46: 0 | W46: 10000 | X46: 0 | Y46: 10500 | Z46: WSWT1921720 | AA46: 9359.9 | AB46: 0 | AC46: 9359.9 | AD46: 0 | AE46: 0 | AF46: PDR250303 | AG46: ยังไม่ได้พิมพ์ | AH46: P7 | AI46: 2 | AJ46: 45927 | AK46: 0 | AL46: 45918 | AM46: 45925 | AN46: 45926 | AO46: 45926 | AP46: 45922 | AQ46: 0 | AR46: 0 | AS46: 0 | AT46: 0 | AU46: 0 | AV46: 0 | AW46: งานพิมพ์ | AX46: / | AY46: 0 | AZ46: 0 | BA46: 0 | BB46: 0 | BC46: WRWT21720/WRWT25800 | BD46: 705.02927
A47: 45913 | B47: MK68-001113 | C47: บจก.เคอรี่ฟลาวมิลล์ | D47: ไม่พิมพ์ | E47: 19 | F47: 36 | G47: ขาว | H47: 0 | I47: 75 | J47: + | K47: 5 | L47: ไม่ | M47: ไม่สวมถุงใน | N47: 0 | O47: 0 | P47: 0 | Q47: 0 | R47: 0 | S47: ห่ออัดเบลแบน500 | T47: 45930 | U47: 10000 | V47: 0 | W47: 10000 | X47: 0 | Y47: 0 | Z47: WSWT1921720 | AA47: 10477.5 | AB47: 0 | AC47: 10477.5 | AD47: 0 | AE47: 0 | AF47: PDR250306 | AG47: รอแบบ | AH47: P3 | AI47: 1 | AJ47: 45930 | AK47: 0 | AL47: 0 | AM47: 0 | AN47: 0 | AO47: 45929 | AP47: 45925 | AQ47: 0 | AR47: 0 | AS47: 0 | AT47: 0 | AU47: 0 | AV47: 0 | AW47: ตัด | AY47: 0 | AZ47: 0 | BA47: 0 | BB47: 0 | BC47: WRWT21720/WRWT25800 | BD47: 789.21187
A48: 45913 | B48: MK68-001113 | C48: บจก.เคอรี่ฟลาวมิลล์ | D48: ถุงทองแซนวิช | E48: 19 | F48: 32 | G48: ขาว | H48: 0 | I48: 67 | J48: + | K48: 5 | L48: บิด | M48: ไม่สวมถุงใน | N48: 0 | O48: 0 | P48: 0 | Q48: 0 | R48: 0 | S48: ห่ออัดเบลแบน500 | T48: 45930 | U48: 10000 | V48: 0 | W48: 10000 | X48: 0 | Y48: 10500 | Z48: WSWT1921720 | AA48: 9359.9 | AB48: 0 | AC48: 9359.9 | AD48: 0 | AE48: 0 | AF48: PDR250306 | AG48: พร้อมส่ง | AH48: P7 | AI48: 2 | AJ48: 45930 | AK48: 0 | AL48: 45921 | AM48: 45928 | AN48: 45929 | AO48: 45929 | AP48: 45925 | AQ48: 0 | AR48: 0 | AS48: 0 | AT48: 0 | AU48: 0 | AV48: 0 | AW48: งานพิมพ์ | AX48: รอART | AY48: 0 | AZ48: 0 | BA48: 0 | BB48: 0 | BC48: WRWT21720/WRWT25800 | BD48: 705.02927
A49: 45913 | B49: MK68-001113 | C49: บจก.เคอรี่ฟลาวมิลล์ | D49: ดอกไม้แดง | E49: 19 | F49: 32 | G49: ขาว | H49: 0 | I49: 67 | J49: + | K49: 5 | L49: บิด | M49: ไม่สวมถุงใน | N49: 0 | O49: 0 | P49: 0 | Q49: 0 | R49: 0 | S49: ห่ออัดเบลแบน500 | T49: 45930 | U49: 5000 | V49: 0 | W49: 5000 | X49: 0 | Y49: 5250 | Z49: WSWT1921720 | AA49: 4679.95 | AB49: 0 | AC49: 4679.95 | AD49: 0 | AE49: 0 | AF49: PDR250306 | AG49: พร้อมส่ง | AH49: P7 | AI49: 2 | AJ49: 45930 | AK49: 0 | AL49: 45921 | AM49: 45928 | AN49: 45929 | AO49: 45929 | AP49: 45925 | AQ49: 0 | AR49: 0 | AS49: 0 | AT49: 0 | AU49: 0 | AV49: 0 | AW49: งานพิมพ์ | AX49: รอART | AY49: 0 | AZ49: 0 | BA49: 0 | BB49: 0 | BC49: WRWT21720/WRWT25800 | BD49: 352.51463
A50: ประมาณการ | B50: ประมาณการ | C50: บจก.เคอรี่ฟลาวมิลล์ | D50: รอแบบ | E50: 19 | F50: 32 | G50: ขาว | H50: 0 | I50: 67 | J50: + | K50: 5 | L50: บิด | M50: ไม่สวมถุงใน | N50: 0 | O50: 0 | P50: 0 | Q50: 0 | R50: 0 | S50: ห่ออัดเบลแบน500 | T50: 45961 | U50: 400000 | V50: 0 | W50: 400000 | X50: 0 | Y50: 420000 | Z50: WSWT1921720 | AA50: 374396 | AB50: 0 | AC50: 374396 | AD50: 0 | AE50: 0 | AF50: 0 | AG50: รอตัด | AH50: P7 | AI50: 2 | AJ50: 45961 | AK50: 0 | AL50: 45952 | AM50: 45959 | AN50: 45960 | AO50: 45960 | AP50: 45956 | AQ50: 0 | AR50: 0 | AS50: 0 | AT50: 0 | AU50: 0 | AV50: 0 | AW50: งานพิมพ์ | AX50: รอART | AY50: 0 | AZ50: 0 | BA50: 0 | BB50: 0 | BC50: WRWT21720/WRWT25800 | BD50: 28201.171
A51: 0 | B51: 0 | C51: 0 | D51: 0 | E51: 19 | F51: 30 | G51: 0 | H51: 0 | I51: 63 | J51: + | K51: 5 | L51: 0 | M51: 0 | N51: 0 | O51: 0 | P51: 0 | Q51: 0 | R51: 0 | S51: 0 | U51: 0 | V51: 0 | W51: 0 | X51: 0 | Y51: 0 | Z51: WSWT1921720 | AA51: 497192.3 | AB51: 78299.2 | AC51: 418893.1 | AD51: 0 | AE51: 0 | AF51: ระบุในSD | AG51: ยังไม่ได้พิมพ์ | AH51: 0 | AI51: Lead time | AJ51: 0 | AK51: 0 | AL51: 0 | AM51: 0 | AN51: 0 | AO51: 0 | AP51: 0 | AQ51: 0 | AR51: 0 | AS51: 0 | AT51: 0 | AU51: 0 | AV51: 0 | AW51: 0 | AX51: 0 | AY51: 0 | AZ51: 0 | BA51: 0 | BB51: 0 | BC51: WRWT190720/WRWT25800 | BD51: 0
A52: 45905 | B52: MK68-001080 | C52: บจก.อินเทคค์ โกลบอล | D52: เพอเฟคค์103P โกลด์ | E52: 19 | F52: 34 | G52: ขาว | H52: ด้าน | I52: 100 | J52: ± | K52: 5 | L52: จับจีบ4" | M52: ไม่สวมถุงใน | N52: 0 | O52: 0 | P52: 0 | Q52: 0 | R52: 0 | S52: มัด80 ใช้สายรัด | T52: 45920 | U52: 5040 | V52: 0 | W52: 5040 | X52: 6500 | Y52: 0 | Z52: WSWT19251000SM | AA52: 0 | AB52: 0 | AC52: 0 | AD52: 0 | AE52: 0 | AF52: 0 | AG52: พร้อมส่ง | AH52: P6 | AI52: 4 | AJ52: 45920 | AK52: 45916 | AL52: 45909 | AM52: 45917 | AN52: 45918 | AO52: 45919 | AP52: 45915 | AQ52: 0 | AR52: 0 | AS52: 0 | AT52: 0 | AU52: 0 | AV52: 0 | AW52: งานเคลือบ+พิมพ์ | AX52: / | AY52: 0 | AZ52: 0 | BA52: 0 | BB52: 0 | BC52: WRWT251000/WRWT251000 | BD52: 0
A53: 45905 | B53: MK68-001080 | C53: บจก.อินเทคค์ โกลบอล | D53: เพอเฟคค์104 โกลด์ | E53: 19 | F53: 34 | G53: ขาว | H53: ด้าน | I53: 100 | J53: ± | K53: 5 | L53: จับจีบ4" | M53: ไม่สวมถุงใน | N53: 0 | O53: 0 | P53: 0 | Q53: 0 | R53: 0 | S53: มัด80 ใช้สายรัด | T53: 45920 | U53: 5040 | V53: 1174 | W53: 3866 | X53: 0 | Y53: 4059.3 | Z53: WSWT19251000SM | AA53: 3834.5694 | AB53: 3834.5694 | AC53: 0 | AD53: 3834.5694 | AE53: 0 | AF53: 0 | AG53: พร้อมส่ง | AH53: P6 | AI53: 4 | AJ53: 45920 | AK53: 45916 | AL53: 45909 | AM53: 45917 | AN53: 45918 | AO53: 45919 | AP53: 45915 | AQ53: 0 | AR53: 0 | AS53: 0 | AT53: 0 | AU53: 0 | AV53: 0 | AW53: งานเคลือบ+พิมพ์ | AX53: / | AY53: 0 | AZ53: 0 | BA53: 0 | BB53: 0 | BC53: WRWT251000/WRWT251000 | BD53: 0
A54: 45796 | B54: MK68-000680 | C54: บจก.อินเทคค์ โกลบอล | D54: เพอเฟคค์103P โกลด์ | E54: 19 | F54: 34 | G54: ขาว | H54: ด้าน | I54: 100 | J54: ± | K54: 5 | L54: จับจีบ4" | M54: ไม่สวมถุงใน | N54: 0 | O54: 0 | P54: 0 | Q54: 0 | R54: 0 | S54: มัด80 ใช้สายรัด | T54: รอแจ้ง | U54: 503 | V54: 0 | W54: 503 | X54: 5250 | Y54: 0 | Z54: WSWT19251000SM | AA54: 0 | AB54: 0 | AC54: 0 | AD54: 0 | AE54: 0 | AF54: 0 | AG54: พร้อมส่ง | AH54: P6 | AI54: 4 | AJ54: รอแจ้ง | AK54: #VALUE! | AL54: #VALUE! | AM54: #VALUE! | AN54: #VALUE! | AO54: #VALUE! | AP54: #VALUE! | AQ54: 0 | AR54: 0 | AS54: 0 | AT54: 0 | AU54: 0 | AV54: 0 | AW54: งานเคลือบ+พิมพ์ | AX54: / | AY54: 0 | AZ54: 0 | BA54: 0 | BB54: 0 | BC54: WRWT251000/WRWT251000 | BD54: 0
A55: 0 | B55: 0 | C55: 0 | D55: 0 | E55: 19 | F55: 34 | G55: ขาว | H55: 0 | I55: 80 | J55: ± | K55: 5 | L55: 0 | M55: 0 | N55: 0 | O55: 0 | P55: 0 | Q55: 0 | R55: 0 | S55: 0 | U55: 0 | V55: 0 | W55: 0 | X55: 0 | Y55: 0 | Z55: WSWT19251000SM | AA55: 3834.5694 | AB55: 3834.5694 | AC55: 0 | AD55: 3834.5694 | AE55: 0 | AF55: ระบุในSD | AG55: พร้อมส่ง | AH55: 0 | AI55: Lead time | AJ55: 0 | AK55: 0 | AL55: 0 | AM55: 0 | AN55: 0 | AO55: 0 | AP55: 0 | AQ55: 0 | AR55: 0 | AS55: 0 | AT55: 0 | AU55: 0 | AV55: 0 | AW55: 0 | AX55: 0 | AY55: 0 | AZ55: 0 | BA55: 0 | BB55: 0 | BC55: WRWT251000/WRYL251000 | BD55: 0
A56: 45902 | B56: MK68-001069 | C56: บจก.วีซีเอฟ | D56: VC120 | E56: 20 | F56: 37 | G56: ขาว | H56: ใส | I56: 100 | J56: ± | K56: 5 | L56: บิด | M56: ไม่สวมถุงใน | N56: 0 | O56: 0 | P56: 0 | Q56: 0 | R56: 0 | S56: 500กระสอบแบน | T56: 45920 | U56: 8000 | V56: 8000 | W56: 0 | X56: 20753 | Y56: 0 | Z56: WSWT2025800SM | AA56: 0 | AB56: 0 | AC56: 0 | AD56: 0 | AE56: 0 | AF56: ลบสี 4000 | AG56: พร้อมส่ง | AH56: P6 | AI56: 4 | AJ56: 45920 | AK56: 45916 | AL56: 45909 | AM56: 45917 | AN56: 45918 | AO56: 45919 | AP56: 45915 | AQ56: 0 | AR56: 0 | AS56: 0 | AT56: 0 | AU56: 0 | AV56: 0 | AW56: งานเคลือบ+พิมพ์ | AX56: / | AY56: 0 | AZ56: 0 | BA56: 0 | BB56: 0 | BC56: WRWT25850/WRWT25850 | BD56: 0
A57: 45902 | B57: MK68-001070 | C57: บจก.วีซีเอฟ | D57: JET555 | E57: 20 | F57: 37 | G57: ขาว | H57: ใส | I57: 100 | J57: ± | K57: 5 | L57: บิด | M57: ไม่สวมถุงใน | N57: 0 | O57: 0 | P57: 0 | Q57: 0 | R57: 0 | S57: 500กระสอบแบน | T57: 45920 | U57: 5000 | V57: 4876 | W57: 124 | X57: 10200 | Y57: 0 | Z57: WSWT2025800SM | AA57: 0 | AB57: 0 | AC57: 0 | AD57: 0 | AE57: 0 | AF57: 0 | AG57: รอตัด | AH57: P6 | AI57: 4 | AJ57: 45920 | AK57: 45916 | AL57: 45909 | AM57: 45917 | AN57: 45918 | AO57: 45919 | AP57: 45915 | AQ57: 0 | AR57: 0 | AS57: 0 | AT57: 0 | AU57: 0 | AV57: 0 | AW57: งานเคลือบ+พิมพ์ | AX57: / | AY57: 0 | AZ57: 0 | BA57: 0 | BB57: 0 | BC57: WRWT25850/WRWT25850 | BD57: 0
A58: 45905 | B58: MK68-001078 | C58: บจก.อินเทคค์ โกลบอล | D58: เฟิร์สช้อย 914 | E58: 20 | F58: 36 | G58: ขาว | H58: ด้าน | I58: 100 | J58: ± | K58: 5 | L58: จับจีบ | M58: ไม่สวมถุงใน | N58: 0 | O58: 0 | P58: 0 | Q58: 0 | R58: 0 | S58: มัด80 ใช้สายรัด | T58: 45919 | U58: 5040 | V58: 1162 | W58: 3878 | X58: 6100 | Y58: 0 | Z58: WSWT2025800SM | AA58: 0 | AB58: 0 | AC58: 0 | AD58: 0 | AE58: 0 | AF58: 0 | AG58: พร้อมส่ง | AH58: P6 | AI58: 4 | AJ58: 45919 | AK58: 45915 | AL58: 45908 | AM58: 45916 | AN58: 45917 | AO58: 45918 | AP58: 45914 | AQ58: 0 | AR58: 0 | AS58: 0 | AT58: 0 | AU58: 0 | AV58: 0 | AW58: งานเคลือบ+พิมพ์ | AX58: / | AY58: 0 | AZ58: 0 | BA58: 0 | BB58: 0 | BC58: WRWT25850/WRWT25850 | BD58: 0
A59: 45905 | B59: MK68-001078 | C59: บจก.อินเทคค์ โกลบอล | D59: เพอเฟคค์ 912 | E59: 20 | F59: 36 | G59: ขาว | H59: ด้าน | I59: 100 | J59: ± | K59: 5 | L59: จับจีบ | M59: ไม่สวมถุงใน | N59: 0 | O59: 0 | P59: 0 | Q59: 0 | R59: 0 | S59: มัด80 ใช้สายรัด | T59: 45919 | U59: 10000 | V59: 10000 | W59: 0 | X59: 11200 | Y59: 0 | Z59: WSWT2025800SM | AA59: 0 | AB59: 0 | AC59: 0 | AD59: 0 | AE59: 0 | AF59: 0 | AG59: รอตัด | AH59: P6 | AI59: 4 | AJ59: 45919 | AK59: 45915 | AL59: 45908 | AM59: 45916 | AN59: 45917 | AO59: 45918 | AP59: 45914 | AQ59: 0 | AR59: 0 | AS59: 0 | AT59: 0 | AU59: 0 | AV59: 0 | AW59: งานเคลือบ+พิมพ์ | AX59: / | AY59: 0 | AZ59: 0 | BA59: 0 | BB59: 0 | BC59: WRWT25850/WRWT25850 | BD59: 0
A60: 45905 | B60: MK68-001079 | C60: บจก.อินเทคค์ โกลบอล | D60: เฟิร์สช้อย 902 | E60: 20 | F60: 36 | G60: ขาว | H60: ด้าน | I60: 100 | J60: ± | K60: 5 | L60: จับจีบ | M60: ไม่สวมถุงใน | N60: 0 | O60: 0 | P60: 0 | Q60: 0 | R60: 0 | S60: มัด80 ใช้สายรัด | T60: 45920 | U60: 5040 | V60: 0 | W60: 5040 | X60: 5950 | Y60: 0 | Z60: WSWT2025800SM | AA60: 0 | AB60: 0 | AC60: 0 | AD60: 0 | AE60: 0 | AF60: 0 | AG60: รอตัด | AH60: P6 | AI60: 4 | AJ60: 45920 | AK60: 45916 | AL60: 45909 | AM60: 45917 | AN60: 45918 | AO60: 45919 | AP60: 45915 | AQ60: 0 | AR60: 0 | AS60: 0 | AT60: 0 | AU60: 0 | AV60: 0 | AW60: งานเคลือบ+พิมพ์ | AX60: / | AY60: 0 | AZ60: 0 | BA60: 0 | BB60: 0 | BC60: WRWT25850/WRWT25850 | BD60: 0
A61: 45796 | B61: MK68-000671 | C61: บจก.อินเทคค์ โกลบอล | D61: เฟิร์สช้อย 902 | E61: 20 | F61: 36 | G61: ขาว | H61: ด้าน | I61: 100 | J61: ± | K61: 5 | L61: จับจีบ | M61: ไม่สวมถุงใน | N61: 0 | O61: 0 | P61: 0 | Q61: 0 | R61: 0 | S61: มัด80 ใช้สายรัด | T61: 45920 | U61: 366 | V61: 0 | W61: 366 | X61: 400 | Y61: 0 | Z61: WSWT2025800SM | AA61: 0 | AB61: 0 | AC61: 0 | AD61: 0 | AE61: 0 | AF61: 0 | AG61: ยังไม่ได้พิมพ์ | AH61: P6 | AI61: 4 | AJ61: 45920 | AK61: 45916 | AL61: 45909 | AM61: 45917 | AN61: 45918 | AO61: 45919 | AP61: 45915 | AQ61: 0 | AR61: 0 | AS61: 0 | AT61: 0 | AU61: 0 | AV61: 0 | AW61: งานเคลือบ+พิมพ์ | AX61: / | AY61: 0 | AZ61: 0 | BA61: 0 | BB61: 0 | BC61: WRWT25850/WRWT25850 | BD61: 0
A62: 45905 | B62: MK68-001079 | C62: บจก.อินเทคค์ โกลบอล | D62: เฟิร์สช้อย 912 | E62: 20 | F62: 36 | G62: ขาว | H62: ด้าน | I62: 100 | J62: ± | K62: 5 | L62: จับจีบ | M62: ไม่สวมถุงใน | N62: 0 | O62: 0 | P62: 0 | Q62: 0 | R62: 0 | S62: มัด80 ใช้สายรัด | T62: 45920 | U62: 5040 | V62: 0 | W62: 5040 | X62: 6100 | Y62: 0 | Z62: WSWT2025800SM | AA62: 0 | AB62: 0 | AC62: 0 | AD62: 0 | AE62: 0 | AF62: 0 | AG62: ยังไม่ได้พิมพ์ | AH62: P6 | AI62: 4 | AJ62: 45920 | AK62: 45916 | AL62: 45909 | AM62: 45917 | AN62: 45918 | AO62: 45919 | AP62: 45915 | AQ62: 0 | AR62: 0 | AS62: 0 | AT62: 0 | AU62: 0 | AV62: 0 | AW62: งานเคลือบ+พิมพ์ | AX62: / | AY62: 0 | AZ62: 0 | BA62: 0 | BB62: 0 | BC62: WRWT25850/WRWT25850 | BD62: 0
A63: 45902 | B63: MK68-001071 | C63: บจก.วีซีเอฟ | D63: VC181 | E63: 20 | F63: 37 | G63: ขาว | H63: ใส | I63: 100 | J63: ± | K63: 5 | L63: บิด | M63: ไม่สวมถุงใน | N63: 0 | O63: 0 | P63: 0 | Q63: 0 | R63: 0 | S63: 500กระสอบแบน | T63: 45920 | U63: 20000 | V63: 18716 | W63: 1284 | X63: 20630 | Y63: 0 | Z63: WSWT2025800SM | AA63: 0 | AB63: 0 | AC63: 0 | AD63: 0 | AE63: 0 | AF63: 0 | AG63: ยังไม่ได้พิมพ์ | AH63: P6 | AI63: 4 | AJ63: 45920 | AK63: 45916 | AL63: 45909 | AM63: 45917 | AN63: 45918 | AO63: 45919 | AP63: 45915 | AQ63: 0 | AR63: 0 | AS63: 0 | AT63: 0 | AU63: 0 | AV63: 0 | AW63: งานเคลือบ+พิมพ์ | AX63: / | AY63: 0 | AZ63: 0 | BA63: 0 | BB63: 0 | BC63: WRWT25850/WRWT25850 | BD63: 0
A64: 45908 | B64: MK68-001086 | C64: บจก.เอ.เจ.ฟาร์ม่าแล็บ | D64: เบส-มิน | E64: 20 | F64: 34 | G64: ขาว | H64: ใส | I64: 95 | J64: ± | K64: 5 | L64: จับจีบ | M64: ไม่สวมถุงใน | N64: 0 | O64: 0 | P64: 0 | Q64: 0 | R64: 0 | S64: 500กระสอบ | T64: 45922 | U64: 8000 | V64: 0 | W64: 8000 | X64: 0 | Y64: 8400 | Z64: WSWT2025800SM | AA64: 7934.96 | AB64: 7934.96 | AC64: 0 | AD64: 7934.96 | AE64: 0 | AF64: 0 | AG64: ยังไม่ได้พิมพ์ | AH64: P6 | AI64: 4 | AJ64: 45922 | AK64: 45918 | AL64: 45911 | AM64: 45919 | AN64: 45920 | AO64: 45921 | AP64: 45917 | AQ64: 0 | AR64: 0 | AS64: 0 | AT64: 0 | AU64: 0 | AV64: 0 | AW64: งานเคลือบ+พิมพ์ | AX64: 0 | AY64: 0 | AZ64: 0 | BA64: 0 | BB64: 0 | BC64: WRWT25850/WRWT25850 | BD64: 0
A65: 45908 | B65: MK68-001086 | C65: บจก.เอ.เจ.ฟาร์ม่าแล็บ | D65: เวท-มิน | E65: 20 | F65: 34 | G65: ขาว | H65: ใส | I65: 95 | J65: ± | K65: 5 | L65: จับจีบ | M65: ไม่สวมถุงใน | N65: 0 | O65: 0 | P65: 0 | Q65: 0 | R65: 0 | S65: 500กระสอบ | T65: 45922 | U65: 8000 | V65: 0 | W65: 8000 | X65: 0 | Y65: 8400 | Z65: WSWT2025800SM | AA65: 7934.96 | AB65: 7934.96 | AC65: 0 | AD65: 7934.96 | AE65: 0 | AF65: 0 | AG65: พร้อมส่ง | AH65: P6 | AI65: 4 | AJ65: 45922 | AK65: 45918 | AL65: 45911 | AM65: 45919 | AN65: 45920 | AO65: 45921 | AP65: 45917 | AQ65: 0 | AR65: 0 | AS65: 0 | AT65: 0 | AU65: 0 | AV65: 0 | AW65: งานเคลือบ+พิมพ์ | AX65: 0 | AY65: 0 | AZ65: 0 | BA65: 0 | BB65: 0 | BC65: WRWT25850/WRWT25850 | BD65: 0
A66: 45799 | B66: MK68-000694 | C66: บจก.เอ.เจ.ฟาร์ม่าแล็บ | D66: เบส-มิน | E66: 20 | F66: 34 | G66: ขาว | H66: ใส | I66: 95 | J66: ± | K66: 5 | L66: จับจีบ | M66: ไม่สวมถุงใน | N66: 0 | O66: 0 | P66: 0 | Q66: 0 | R66: 0 | S66: 500กระสอบ | T66: 45922 | U66: 4000 | V66: 2840 | W66: 1160 | X66: 0 | Y66: 1218 | Z66: WSWT2025800SM | AA66: 1150.5692 | AB66: 1150.5692 | AC66: 0 | AD66: 1150.5692 | AE66: 0 | AF66: ห้ามขาด-ห้ามเกิน | AG66: พร้อมส่ง | AH66: P6 | AI66: 4 | AJ66: 45922 | AK66: 45918 | AL66: 45911 | AM66: 45919 | AN66: 45920 | AO66: 45921 | AP66: 45917 | AQ66: 0 | AR66: 0 | AS66: 0 | AT66: 0 | AU66: 0 | AV66: 0 | AW66: งานเคลือบ+พิมพ์ | AX66: / | AY66: 0 | AZ66: 0 | BA66: 0 | BB66: 0 | BC66: WRWT25850/WRWT25850 | BD66: 0
A67: 45799 | B67: MK68-000694 | C67: บจก.เอ.เจ.ฟาร์ม่าแล็บ | D67: เวท-มิน | E67: 20 | F67: 34 | G67: ขาว | H67: ใส | I67: 95 | J67: ± | K67: 5 | L67: จับจีบ | M67: ไม่สวมถุงใน | N67: 0 | O67: 0 | P67: 0 | Q67: 0 | R67: 0 | S67: 500กระสอบ | T67: 45922 | U67: 4000 | V67: 2654 | W67: 1346 | X67: 0 | Y67: 1413.3 | Z67: WSWT2025800SM | AA67: 1335.057 | AB67: 1335.057 | AC67: 0 | AD67: 1335.057 | AE67: 0 | AF67: ห้ามขาด-ห้ามเกิน | AG67: ยังไม่ได้พิมพ์ | AH67: P6 | AI67: 4 | AJ67: 45922 | AK67: 45918 | AL67: 45911 | AM67: 45919 | AN67: 45920 | AO67: 45921 | AP67: 45917 | AQ67: 0 | AR67: 0 | AS67: 0 | AT67: 0 | AU67: 0 | AV67: 0 | AW67: งานเคลือบ+พิมพ์ | AX67: / | AY67: 0 | AZ67: 0 | BA67: 0 | BB67: 0 | BC67: WRWT25850/WRWT25850 | BD67: 0
A68: 45902 | B68: MK68-001069 | C68: บจก.วีซีเอฟ | D68: VC193 | E68: 20 | F68: 37 | G68: ขาว | H68: ใส | I68: 100 | J68: ± | K68: 5 | L68: บิด | M68: ไม่สวมถุงใน | N68: 0 | O68: 0 | P68: 0 | Q68: 0 | R68: 0 | S68: 500กระสอบแบน | T68: 45923 | U68: 10000 | V68: 9620 | W68: 380 | X68: 10294 | Y68: 0 | Z68: WSWT2025800SM | AA68: 0 | AB68: 0 | AC68: 0 | AD68: 0 | AE68: 0 | AF68: 0 | AG68: พร้อมส่ง | AH68: P6 | AI68: 4 | AJ68: 45923 | AK68: 45919 | AL68: 45912 | AM68: 45920 | AN68: 45921 | AO68: 45922 | AP68: 45918 | AQ68: 0 | AR68: 0 | AS68: 0 | AT68: 0 | AU68: 0 | AV68: 0 | AW68: งานเคลือบ+พิมพ์ | AX68: / | AY68: 0 | AZ68: 0 | BA68: 0 | BB68: 0 | BC68: WRWT25850/WRWT25850 | BD68: 0
A69: 45896 | B69: MK68-001040 | C69: บจก.เอสพีเอ็ม อาหารสัตว์ | D69: ฟิล กู๊ด พี4 | E69: 20 | F69: 38 | G69: ขาว | H69: ใส | I69: 100 | J69: ± | K69: 5 | L69: บิด | M69: ไม่สวมถุงใน | N69: 0 | O69: 0 | P69: 0 | Q69: 0 | R69: 0 | S69: 500กระสอบแบน | T69: 45926 | U69: 8000 | V69: 8000 | W69: 0 | X69: 8100 | Y69: 0 | Z69: WSWT2025800SM | AA69: 0 | AB69: 0 | AC69: 0 | AD69: 0 | AE69: 0 | AF69: 0 | AG69: พร้อมส่ง | AH69: P6 | AI69: 5 | AJ69: 45926 | AK69: 45921 | AL69: 45914 | AM69: 45922 | AN69: 45923 | AO69: 45924 | AP69: 45921 | AQ69: 0 | AR69: 0 | AS69: 0 | AT69: 0 | AU69: 0 | AV69: 0 | AW69: งานเคลือบ+พิมพ์ | AX69: / | AY69: 0 | AZ69: 0 | BA69: 0 | BB69: 0 | BC69: WRWT25850/WRWT25850 | BD69: 0
A70: 45892 | B70: MK68-001029 | C70: บจก.เอสพีเอ็ม อาหารสัตว์ | D70: SPM 312 | E70: 20 | F70: 37 | G70: ขาว | H70: ด้าน | I70: 97 | J70: ± | K70: 5 | L70: บิด | M70: ไม่สวมถุงใน | N70: 0 | O70: 0 | P70: 0 | Q70: 0 | R70: 0 | S70: 500กระสอบแบน | T70: 45930 | U70: 3000 | V70: 0 | W70: 3000 | X70: 0 | Y70: 3150 | Z70: WSWT2025800SM | AA70: 3227.07 | AB70: 3227.07 | AC70: 0 | AD70: 3227.07 | AE70: 0 | AF70: 0 | AG70: พร้อมส่ง | AH70: P6 | AI70: 4 | AJ70: 45930 | AK70: 45926 | AL70: 45919 | AM70: 45927 | AN70: 45928 | AO70: 45929 | AP70: 45925 | AQ70: 0 | AR70: 0 | AS70: 0 | AT70: 0 | AU70: 0 | AV70: 0 | AW70: งานเคลือบ+พิมพ์ | AX70: / | AY70: 0 | AZ70: 0 | BA70: 0 | BB70: 0 | BC70: WRWT25850/WRWT25850 | BD70: 0
A71: 45891 | B71: MK68-001033 | C71: บจก.เอสพีเอ็ม อาหารสัตว์ | D71: นาโน 03 | E71: 20 | F71: 38 | G71: ขาว | H71: ด้าน | I71: 100 | J71: ± | K71: 5 | L71: บิด | M71: ไม่สวมถุงใน | N71: 0 | O71: 0 | P71: 0 | Q71: 0 | R71: 0 | S71: 500กระสอบแบน | T71: 45930 | U71: 9000 | V71: 8447 | W71: 553 | X71: 9150 | Y71: 0 | Z71: WSWT2025800SM | AA71: 0 | AB71: 0 | AC71: 0 | AD71: 0 | AE71: 0 | AF71: 0 | AG71: รอแบบ | AH71: P6 | AI71: 5 | AJ71: 45930 | AK71: 45925 | AL71: 45918 | AM71: 45926 | AN71: 45927 | AO71: 45928 | AP71: 45925 | AQ71: 0 | AR71: 0 | AS71: 0 | AT71: 0 | AU71: 0 | AV71: 0 | AW71: งานเคลือบ+พิมพ์ | AX71: / | AY71: 0 | AZ71: 0 | BA71: 0 | BB71: 0 | BC71: WRWT25850/WRWT25850 | BD71: 0
A72: 45891 | B72: MK68-001034 | C72: บจก.เอสพีเอ็ม อาหารสัตว์ | D72: นาโน 01 | E72: 20 | F72: 38 | G72: ขาว | H72: ด้าน | I72: 100 | J72: ± | K72: 5 | L72: บิด | M72: ไม่สวมถุงใน | N72: 0 | O72: 0 | P72: 0 | Q72: 0 | R72: 0 | S72: 500กระสอบแบน | T72: 45930 | U72: 4000 | V72: 3780 | W72: 220 | X72: 4100 | Y72: 0 | Z72: WSWT2025800SM | AA72: 0 | AB72: 0 | AC72: 0 | AD72: 0 | AE72: 0 | AF72: 0 | AG72: รอแบบ | AH72: P6 | AI72: 5 | AJ72: 45930 | AK72: 45925 | AL72: 45918 | AM72: 45926 | AN72: 45927 | AO72: 45928 | AP72: 45925 | AQ72: 0 | AR72: 0 | AS72: 0 | AT72: 0 | AU72: 0 | AV72: 0 | AW72: งานเคลือบ+พิมพ์ | AX72: / | AY72: 0 | AZ72: 0 | BA72: 0 | BB72: 0 | BC72: WRWT25850/WRWT25850 | BD72: 0
A73: 45891 | B73: MK68-001035 | C73: บจก.เอสพีเอ็ม อาหารสัตว์ | D73: นาโน 02 | E73: 20 | F73: 38 | G73: ขาว | H73: ด้าน | I73: 100 | J73: ± | K73: 5 | L73: บิด | M73: ไม่สวมถุงใน | N73: 0 | O73: 0 | P73: 0 | Q73: 0 | R73: 0 | S73: 500กระสอบแบน | T73: 45930 | U73: 9000 | V73: 8500 | W73: 500 | X73: 9455 | Y73: 0 | Z73: WSWT2025800SM | AA73: 0 | AB73: 0 | AC73: 0 | AD73: 0 | AE73: 0 | AF73: 0 | AG73: รอแบบ | AH73: P6 | AI73: 5 | AJ73: 45930 | AK73: 45925 | AL73: 45918 | AM73: 45926 | AN73: 45927 | AO73: 45928 | AP73: 45925 | AQ73: 0 | AR73: 0 | AS73: 0 | AT73: 0 | AU73: 0 | AV73: 0 | AW73: งานเคลือบ+พิมพ์ | AX73: / | AY73: 0 | AZ73: 0 | BA73: 0 | BB73: 0 | BC73: WRWT25850/WRWT25850 | BD73: 0
A74: ประมาณการ | B74: ประมาณการ | C74: บจก.อินเทคค์ โกลบอล | D74: รอแบบ | E74: 20 | F74: 36 | G74: ขาว | H74: ด้าน | I74: 100 | J74: ± | K74: 5 | L74: จับจีบ | M74: ไม่สวมถุงใน | N74: 0 | O74: 0 | P74: 0 | Q74: 0 | R74: 0 | S74: มัด80 ใช้สายรัด | T74: 45930 | U74: 100000 | V74: 0 | W74: 100000 | X74: 0 | Y74: 105000 | Z74: WSWT2025800SM | AA74: 104775 | AB74: 10000 | AC74: 94775 | AD74: 10000 | AE74: 94775 | AF74: 0 | AG74: รอแบบ | AH74: P6 | AI74: 4 | AJ74: 45930 | AK74: 45926 | AL74: 45919 | AM74: 45927 | AN74: 45928 | AO74: 45929 | AP74: 45925 | AQ74: 0 | AR74: 0 | AS74: 0 | AT74: 0 | AU74: 0 | AV74: 0 | AW74: งานเคลือบ+พิมพ์ | AX74: รอART | AY74: 0 | AZ74: 0 | BA74: 0 | BB74: 0 | BC74: WRWT25850/WRWT25850 | BD74: 7160.7778
A75: ประมาณการ | B75: ประมาณการ | C75: บจก.เอสพีเอ็ม อาหารสัตว์ | D75: รอแบบ | E75: 20 | F75: 38 | G75: ขาว | H75: ใส | I75: 100 | J75: ± | K75: 5 | L75: บิด | M75: ไม่สวมถุงใน | N75: 0 | O75: 0 | P75: 0 | Q75: 0 | R75: 0 | S75: 500กระสอบแบน | T75: 45930 | U75: 20000 | V75: 0 | W75: 20000 | X75: 0 | Y75: 21000 | Z75: WSWT2025800SM | AA75: 22072.6 | AB75: 0 | AC75: 22072.6 | AD75: 0 | AE75: 22072.6 | AF75: 0 | AG75: ยังไม่ได้พิมพ์ | AH75: P6 | AI75: 4 | AJ75: 45930 | AK75: 45926 | AL75: 45919 | AM75: 45927 | AN75: 45928 | AO75: 45929 | AP75: 45925 | AQ75: 0 | AR75: 0 | AS75: 0 | AT75: 0 | AU75: 0 | AV75: 0 | AW75: งานเคลือบ+พิมพ์ | AX75: รอART | AY75: 0 | AZ75: 0 | BA75: 0 | BB75: 0 | BC75: WRWT25850/WRWT25850 | BD75: 1667.7076
A76: ประมาณการ | B76: ประมาณการ | C76: บจก.ไทยธรรมดี | D76: รอแบบ | E76: 20 | F76: 37 | G76: ขาว | H76: ด้าน | I76: 97 | J76: ± | K76: 5 | L76: บิด | M76: ไม่สวมถุงใน | N76: 0 | O76: 0 | P76: 0 | Q76: 0 | R76: 0 | S76: 500กระสอบ | T76: 45930 | U76: 20000 | V76: 0 | W76: 20000 | X76: 0 | Y76: 21000 | Z76: WSWT2025800SM | AA76: 21513.8 | AB76: 0 | AC76: 21513.8 | AD76: 0 | AE76: 21513.8 | AF76: 0 | AG76: ยังไม่ได้พิมพ์ | AH76: P6 | AI76: 4 | AJ76: 45930 | AK76: 45926 | AL76: 45919 | AM76: 45927 | AN76: 45928 | AO76: 45929 | AP76: 45925 | AQ76: 0 | AR76: 0 | AS76: 0 | AT76: 0 | AU76: 0 | AV76: 0 | AW76: งานเคลือบ+พิมพ์ | AX76: รอART | AY76: 0 | AZ76: 0 | BA76: 0 | BB76: 0 | BC76: WRWT25850/WRWT25850 | BD76: 1625.4871
A77: ประมาณการ | B77: ประมาณการ | C77: บจก.ซันฟีด | D77: รอแบบ | E77: 20 | F77: 38 | G77: ขาว | H77: ด้าน | I77: 100 | J77: + | K77: 0 | L77: บิด | M77: ไม่สวมถุงใน | N77: 0 | O77: 0 | P77: 0 | Q77: 0 | R77: 0 | S77: 300กระสอบแบนเต็มใบ | T77: 45960 | U77: 450000 | V77: 0 | W77: 450000 | X77: 0 | Y77: 472500 | Z77: WSWT2025800SM | AA77: 496633.5 | AB77: 206051 | AC77: 290582.5 | AD77: 0 | AE77: 496633.5 | AF77: 0 | AG77: ยังไม่ได้พิมพ์ | AH77: P6 | AI77: 4 | AJ77: 45960 | AK77: 45956 | AL77: 45949 | AM77: 45957 | AN77: 45958 | AO77: 45959 | AP77: 45955 | AQ77: 0 | AR77: 0 | AS77: 0 | AT77: 0 | AU77: 0 | AV77: 0 | AW77: งานเคลือบ+พิมพ์ | AX77: รอART | AY77: 0 | AZ77: 0 | BA77: 0 | BB77: 0 | BC77: WRWT25850/WRWT25850 | BD77: 21955.122
A78: 45909 | B78: MK68-001095 | C78: บจก.เอสพีเอ็ม อาหารสัตว์ | D78: เอส ฟาร์ม105 | E78: 20 | F78: 38 | G78: ขาว | H78: ด้าน | I78: 100 | J78: ± | K78: 5 | L78: บิด | M78: ไม่สวมถุงใน | N78: 0 | O78: 0 | P78: 0 | Q78: 0 | R78: 0 | S78: 500กระสอบแบน | T78: 45920 | U78: 3000 | V78: 0 | W78: 3000 | X78: 0 | Y78: 3150 | Z78: WSWT2025800SM | AA78: 3310.89 | AB78: 3310.89 | AC78: 0 | AD78: 0 | AE78: 3310.89 | AF78: 0 | AG78: ยังไม่ได้พิมพ์ | AH78: P6 | AI78: 4 | AJ78: 45920 | AK78: 45916 | AL78: 45909 | AM78: 45917 | AN78: 45918 | AO78: 45919 | AP78: 45915 | AQ78: 0 | AR78: 0 | AS78: 0 | AT78: 0 | AU78: 0 | AV78: 0 | AW78: งานเคลือบ+พิมพ์ | AX78: / | AY78: 0 | AZ78: 0 | BA78: 0 | BB78: 0 | BC78: WRWT25850/WRWT25850 | BD78: 0
A79: 45909 | B79: MK68-001094 | C79: บจก.เอสพีเอ็ม อาหารสัตว์ | D79: เอส ฟาร์ม190 | E79: 20 | F79: 38 | G79: ขาว | H79: ด้าน | I79: 100 | J79: ± | K79: 5 | L79: บิด | M79: ไม่สวมถุงใน | N79: 0 | O79: 0 | P79: 0 | Q79: 0 | R79: 0 | S79: 500กระสอบแบน | T79: 45944 | U79: 3000 | V79: 0 | W79: 3000 | X79: 0 | Y79: 3150 | Z79: WSWT2025800SM | AA79: 3310.89 | AB79: 3310.89 | AC79: 0 | AD79: 0 | AE79: 3310.89 | AF79: 0 | AG79: ยังไม่ได้พิมพ์ | AH79: P6 | AI79: 4 | AJ79: 45944 | AK79: 45940 | AL79: 45933 | AM79: 45941 | AN79: 45942 | AO79: 45943 | AP79: 45939 | AQ79: 0 | AR79: 0 | AS79: 0 | AT79: 0 | AU79: 0 | AV79: 0 | AW79: งานเคลือบ+พิมพ์ | AX79: / | AY79: 0 | AZ79: 0 | BA79: 0 | BB79: 0 | BC79: WRWT25850/WRWT25850 | BD79: 0
A80: 45909 | B80: MK68-001093 | C80: บจก.เอสพีเอ็ม อาหารสัตว์ | D80: เอส ฟาร์ม115 | E80: 20 | F80: 38 | G80: ขาว | H80: ด้าน | I80: 100 | J80: ± | K80: 5 | L80: บิด | M80: ไม่สวมถุงใน | N80: 0 | O80: 0 | P80: 0 | Q80: 0 | R80: 0 | S80: 500กระสอบแบน | T80: 45958 | U80: 6000 | V80: 0 | W80: 6000 | X80: 0 | Y80: 6300 | Z80: WSWT2025800SM | AA80: 6621.78 | AB80: 6621.78 | AC80: 0 | AD80: 0 | AE80: 6621.78 | AF80: 0 | AG80: ยังไม่ได้พิมพ์ | AH80: P6 | AI80: 4 | AJ80: 45958 | AK80: 45954 | AL80: 45947 | AM80: 45955 | AN80: 45956 | AO80: 45957 | AP80: 45953 | AQ80: 0 | AR80: 0 | AS80: 0 | AT80: 0 | AU80: 0 | AV80: 0 | AW80: งานเคลือบ+พิมพ์ | AX80: / | AY80: 0 | AZ80: 0 | BA80: 0 | BB80: 0 | BC80: WRWT25850/WRWT25850 | BD80: 0
A81: 45782 | B81: MK68-000609 | C81: บจก.เอสพีเอ็ม อาหารสัตว์ | D81: SW 441 | E81: 20 | F81: 38 | G81: ขาว | H81: ใส | I81: 100 | J81: ± | K81: 5 | L81: บิด | M81: ไม่สวมถุงใน | N81: 0 | O81: 0 | P81: 0 | Q81: 0 | R81: 0 | S81: 500กระสอบแบน | T81: 45930 | U81: 5000 | V81: 0 | W81: 5000 | X81: 0 | Y81: 5250 | Z81: WSWT2025800SM | AA81: 5518.15 | AB81: 0 | AC81: 5518.15 | AD81: 0 | AE81: 5518.15 | AF81: 0 | AG81: ยังไม่ได้พิมพ์ | AH81: P6 | AI81: 4 | AJ81: 45930 | AK81: 45926 | AL81: 45919 | AM81: 45927 | AN81: 45928 | AO81: 45929 | AP81: 45925 | AQ81: 0 | AR81: 0 | AS81: 0 | AT81: 0 | AU81: 0 | AV81: 0 | AW81: งานเคลือบ+พิมพ์ | AX81: / | AY81: 0 | AZ81: 0 | BA81: 0 | BB81: 0 | BC81: WRWT25850/WRWT25850 | BD81: 416.92689
A82: 45877 | B82: MK68-000990 | C82: บจก.เอสพีเอ็ม อาหารสัตว์ | D82: SW 441 PLUS | E82: 20 | F82: 38 | G82: ขาว | H82: ใส | I82: 100 | J82: ± | K82: 5 | L82: บิด | M82: ไม่สวมถุงใน | N82: 0 | O82: 0 | P82: 0 | Q82: 0 | R82: 0 | S82: 500กระสอบแบน | T82: 45944 | U82: 7000 | V82: 0 | W82: 7000 | X82: 0 | Y82: 7350 | Z82: WSWT2025800SM | AA82: 7725.41 | AB82: 7725.41 | AC82: 0 | AD82: 0 | AE82: 7725.41 | AF82: 0 | AG82: ยังไม่ได้พิมพ์ | AH82: P6 | AI82: 4 | AJ82: 45944 | AK82: 45940 | AL82: 45933 | AM82: 45941 | AN82: 45942 | AO82: 45943 | AP82: 45939 | AQ82: 0 | AR82: 0 | AS82: 0 | AT82: 0 | AU82: 0 | AV82: 0 | AW82: งานเคลือบ+พิมพ์ | AX82: / | AY82: 0 | AZ82: 0 | BA82: 0 | BB82: 0 | BC82: WRWT25850/WRWT25850 | BD82: 0
A83: 45911 | B83: MK68-001105 | C83: บจก.เอพีเอ็ม อะโกร | D83: ฟีล-กู๊ด พี6 | E83: 20 | F83: 38 | G83: ขาว | H83: ใส | I83: 100 | J83: ± | K83: 5 | L83: บิด | M83: ไม่สวมถุงใน | N83: 0 | O83: 0 | P83: 0 | Q83: 0 | R83: 0 | S83: 500กระสอบแบน | T83: 45947 | U83: 8000 | V83: 0 | W83: 8000 | X83: 0 | Y83: 8400 | Z83: WSWT2025800SM | AA83: 8829.04 | AB83: 0 | AC83: 8829.04 | AD83: 0 | AE83: 8829.04 | AF83: 0 | AG83: ยังไม่ได้พิมพ์ | AH83: P6 | AI83: 4 | AJ83: 45947 | AK83: 45943 | AL83: 45936 | AM83: 45944 | AN83: 45945 | AO83: 45946 | AP83: 45942 | AQ83: 0 | AR83: 0 | AS83: 0 | AT83: 0 | AU83: 0 | AV83: 0 | AW83: งานเคลือบ+พิมพ์ | AX83: / | AY83: 0 | AZ83: 0 | BA83: 0 | BB83: 0 | BC83: WRWT25850/WRWT25850 | BD83: 667.08302
A84: 45892 | B84: MK68-001027 | C84: บจก.เอสพีเอ็ม อาหารสัตว์ | D84: นีโอ 05 | E84: 20 | F84: 38 | G84: ขาว | H84: ด้าน | I84: 100 | J84: ± | K84: 5 | L84: ไม่ | M84: ไม่สวมถุงใน | N84: 0 | O84: 0 | P84: 0 | Q84: 0 | R84: 0 | S84: 500กระสอบแบน | T84: 45951 | U84: 6000 | V84: 0 | W84: 6000 | X84: 0 | Y84: 6300 | Z84: WSWT2025800SM | AA84: 6621.78 | AB84: 6621.78 | AC84: 0 | AD84: 0 | AE84: 6621.78 | AF84: 0 | AG84: ยังไม่ได้พิมพ์ | AH84: P6 | AI84: 4 | AJ84: 45951 | AK84: 45947 | AL84: 45940 | AM84: 45948 | AN84: 45949 | AO84: 45950 | AP84: 45946 | AQ84: 0 | AR84: 0 | AS84: 0 | AT84: 0 | AU84: 0 | AV84: 0 | AW84: งานเคลือบ+พิมพ์ | AX84: / | AY84: 0 | AZ84: 0 | BA84: 0 | BB84: 0 | BC84: WRWT25850/WRWT25850 | BD84: 0
A85: 45911 | B85: MK68-001106 | C85: บจก.เอพีเอ็ม อะโกร | D85: วี-ฟีด วี 06 | E85: 20 | F85: 38 | G85: ขาว | H85: ใส | I85: 100 | J85: ± | K85: 5 | L85: บิด | M85: ไม่สวมถุงใน | N85: 0 | O85: 0 | P85: 0 | Q85: 0 | R85: 0 | S85: 500กระสอบแบน | T85: 45961 | U85: 3000 | V85: 0 | W85: 3000 | X85: 0 | Y85: 3150 | Z85: WSWT2025800SM | AA85: 3310.89 | AB85: 0 | AC85: 3310.89 | AD85: 0 | AE85: 3310.89 | AF85: 0 | AG85: ยังไม่ได้พิมพ์ | AH85: P6 | AI85: 4 | AJ85: 45961 | AK85: 45957 | AL85: 45950 | AM85: 45958 | AN85: 45959 | AO85: 45960 | AP85: 45956 | AQ85: 0 | AR85: 0 | AS85: 0 | AT85: 0 | AU85: 0 | AV85: 0 | AW85: งานเคลือบ+พิมพ์ | AX85: / | AY85: 0 | AZ85: 0 | BA85: 0 | BB85: 0 | BC85: WRWT25850/WRWT25850 | BD85: 250.15613
A86: 45911 | B86: MK68-001104 | C86: บจก.เอพีเอ็ม อะโกร | D86: U-FEED U4(เอส) | E86: 20 | F86: 38 | G86: ขาว | H86: ใส | I86: 100 | J86: ± | K86: 5 | L86: บิด | M86: ไม่สวมถุงใน | N86: 0 | O86: 0 | P86: 0 | Q86: 0 | R86: 0 | S86: 500กระสอบแบน | T86: 45961 | U86: 4000 | V86: 0 | W86: 4000 | X86: 0 | Y86: 4200 | Z86: WSWT2025800SM | AA86: 4414.52 | AB86: 0 | AC86: 4414.52 | AD86: 0 | AE86: 4414.52 | AF86: 0 | AG86: พร้อมส่ง | AH86: P6 | AI86: 4 | AJ86: 45961 | AK86: 45957 | AL86: 45950 | AM86: 45958 | AN86: 45959 | AO86: 45960 | AP86: 45956 | AQ86: 0 | AR86: 0 | AS86: 0 | AT86: 0 | AU86: 0 | AV86: 0 | AW86: งานเคลือบ+พิมพ์ | AX86: / | AY86: 0 | AZ86: 0 | BA86: 0 | BB86: 0 | BC86: WRWT25850/WRWT25850 | BD86: 333.54151
A87: 45909 | B87: MK68-001092 | C87: บจก.เอพีเอ็ม อะโกร | D87: APM915 | E87: 20 | F87: 38 | G87: ขาว | H87: ใส | I87: 100 | J87: ± | K87: 5 | L87: บิด | M87: ไม่สวมถุงใน | N87: 0 | O87: 0 | P87: 0 | Q87: 0 | R87: 0 | S87: 500กระสอบแบน | T87: 45961 | U87: 3000 | V87: 0 | W87: 3000 | X87: 0 | Y87: 3150 | Z87: WSWT2025800SM | AA87: 3310.89 | AB87: 3310.89 | AC87: 0 | AD87: 0 | AE87: 3310.89 | AF87: 0 | AG87: รอตัด | AH87: P6 | AI87: 4 | AJ87: 45961 | AK87: 45957 | AL87: 45950 | AM87: 45958 | AN87: 45959 | AO87: 45960 | AP87: 45956 | AQ87: 0 | AR87: 0 | AS87: 0 | AT87: 0 | AU87: 0 | AV87: 0 | AW87: งานเคลือบ+พิมพ์ | AX87: / | AY87: 0 | AZ87: 0 | BA87: 0 | BB87: 0 | BC87: WRWT25850/WRWT25850 | BD87: 0
A88: 45909 | B88: MK68-001091 | C88: บจก.เอพีเอ็ม อะโกร | D88: ยู-ฟีด บี1 | E88: 20 | F88: 40 | G88: ขาว | H88: ใส | I88: 108 | J88: ± | K88: 5 | L88: บิด | M88: ไม่สวมถุงใน | N88: 0 | O88: 0 | P88: 0 | Q88: 0 | R88: 0 | S88: 500กระสอบแบน | T88: 45961 | U88: 3000 | V88: 0 | W88: 3000 | X88: 0 | Y88: 3150 | Z88: WSWT2025800SM | AA88: 3478.53 | AB88: 3478.53 | AC88: 0 | AD88: 0 | AE88: 3478.53 | AF88: 0 | AG88: พร้อมส่ง | AH88: P6 | AI88: 4 | AJ88: 45961 | AK88: 45957 | AL88: 45950 | AM88: 45958 | AN88: 45959 | AO88: 45960 | AP88: 45956 | AQ88: 0 | AR88: 0 | AS88: 0 | AT88: 0 | AU88: 0 | AV88: 0 | AW88: งานเคลือบ+พิมพ์ | AX88: / | AY88: 0 | AZ88: 0 | BA88: 0 | BB88: 0 | BC88: WRWT25850/WRWT25850 | BD88: 0
A89: 45892 | B89: MK68-001024 | C89: บจก.อินเทคค์ โกลบอล | D89: เฟิร์สช้อย 913 | E89: 20 | F89: 36 | G89: ขาว | H89: ด้าน | I89: 100 | J89: ± | K89: 5 | L89: จับจีบ | M89: ไม่สวมถุงใน | N89: 0 | O89: 0 | P89: 0 | Q89: 0 | R89: 0 | S89: มัด80 ใช้สายรัด | T89: รอแจ้ง | U89: 640 | V89: 0 | W89: 640 | X89: 6000 | Y89: 0 | Z89: WSWT2025800SM | AA89: 0 | AB89: 0 | AC89: 0 | AD89: 0 | AE89: 0 | AF89: 0 | AG89: ยังไม่ได้พิมพ์ | AH89: P6 | AI89: 4 | AJ89: รอแจ้ง | AK89: #VALUE! | AL89: #VALUE! | AM89: #VALUE! | AN89: #VALUE! | AO89: #VALUE! | AP89: #VALUE! | AQ89: 0 | AR89: 0 | AS89: 0 | AT89: 0 | AU89: 0 | AV89: 0 | AW89: งานเคลือบ+พิมพ์ | AX89: / | AY89: สีผิดเบอร์280 | AZ89: 0 | BA89: 0 | BB89: 0 | BC89: WRWT25850/WRWT25850 | BD89: 0
A90: 45892 | B90: MK68-001026 | C90: บจก.อินเทคค์ โกลบอล | D90: เพอเฟคค์ 913 | E90: 20 | F90: 36 | G90: ขาว | H90: ด้าน | I90: 100 | J90: ± | K90: 5 | L90: จับจีบ | M90: ไม่สวมถุงใน | N90: 0 | O90: 0 | P90: 0 | Q90: 0 | R90: 0 | S90: มัด80 ใช้สายรัด | T90: รอแจ้ง | U90: 1840 | V90: 80 | W90: 1760 | X90: 10650 | Y90: 0 | Z90: WSWT2025800SM | AA90: 0 | AB90: 0 | AC90: 0 | AD90: 0 | AE90: 0 | AF90: 0 | AG90: พร้อมส่ง | AH90: P6 | AI90: 4 | AJ90: รอแจ้ง | AK90: #VALUE! | AL90: #VALUE! | AM90: #VALUE! | AN90: #VALUE! | AO90: #VALUE! | AP90: #VALUE! | AQ90: 0 | AR90: 0 | AS90: 0 | AT90: 0 | AU90: 0 | AV90: 0 | AW90: งานเคลือบ+พิมพ์ | AX90: / | AY90: 0 | AZ90: 0 | BA90: 0 | BB90: 0 | BC90: WRWT25850/WRWT25850 | BD90: 0
A91: 45887 | B91: MK68-001007 | C91: บจก.อินเทคค์ โกลบอล | D91: เพอเฟคค์ 916 | E91: 20 | F91: 36 | G91: ขาว | H91: ด้าน | I91: 100 | J91: ± | K91: 5 | L91: จับจีบ | M91: ไม่สวมถุงใน | N91: 0 | O91: 0 | P91: 0 | Q91: 0 | R91: 0 | S91: มัด80 ใช้สายรัด | T91: รอแจ้ง | U91: 104 | V91: 0 | W91: 104 | X91: 11230 | Y91: 0 | Z91: WSWT2025800SM | AA91: 0 | AB91: 0 | AC91: 0 | AD91: 0 | AE91: 0 | AF91: 0 | AG91: พร้อมส่ง | AH91: P6 | AI91: 4 | AJ91: รอแจ้ง | AK91: #VALUE! | AL91: #VALUE! | AM91: #VALUE! | AN91: #VALUE! | AO91: #VALUE! | AP91: #VALUE! | AQ91: 0 | AR91: 0 | AS91: 0 | AT91: 0 | AU91: 0 | AV91: 0 | AW91: งานเคลือบ+พิมพ์ | AX91: / | AY91: 0 | AZ91: 0 | BA91: 0 | BB91: 0 | BC91: WRWT25850/WRWT25850 | BD91: 0
A92: 45896 | B92: MK68-001039 | C92: บจก.เอสพีเอ็ม อาหารสัตว์ | D92: U-GOAT14 | E92: 20 | F92: 38 | G92: ขาว | H92: ใส | I92: 100 | J92: ± | K92: 5 | L92: บิด | M92: ไม่สวมถุงใน | N92: 0 | O92: 0 | P92: 0 | Q92: 0 | R92: 0 | S92: 500กระสอบแบน | T92: รอแจ้ง | U92: 3000 | V92: 0 | W92: 3000 | X92: 0 | Y92: 3150 | Z92: WSWT2025800SM | AA92: 3310.89 | AB92: 3310.89 | AC92: 0 | AD92: 0 | AE92: 3310.89 | AF92: 0 | AG92: พร้อมส่ง | AH92: P6 | AI92: 5 | AJ92: รอแจ้ง | AK92: #VALUE! | AL92: #VALUE! | AM92: #VALUE! | AN92: #VALUE! | AO92: #VALUE! | AP92: #VALUE! | AQ92: 0 | AR92: 0 | AS92: 0 | AT92: 0 | AU92: 0 | AV92: 0 | AW92: งานเคลือบ+พิมพ์ | AX92: / | AY92: 0 | AZ92: 0 | BA92: 0 | BB92: 0 | BC92: WRWT25850/WRWT25850 | BD92: 0
A93: 45796 | B93: MK68-000675 | C93: บจก.อินเทคค์ โกลบอล | D93: เพอเฟคค์ 914 | E93: 20 | F93: 36 | G93: ขาว | H93: ด้าน | I93: 100 | J93: ± | K93: 5 | L93: จับจีบ | M93: ไม่สวมถุงใน | N93: 0 | O93: 0 | P93: 0 | Q93: 0 | R93: 0 | S93: มัด80 ใช้สายรัด | T93: รอแจ้ง | U93: 240 | V93: 0 | W93: 240 | X93: 0 | Y93: 252 | Z93: WSWT2025800SM | AA93: 251.46 | AB93: 251.46 | AC93: 0 | AD93: 0 | AE93: 251.46 | AF93: 0 | AG93: พร้อมส่ง | AH93: P6 | AI93: 4 | AJ93: รอแจ้ง | AK93: #VALUE! | AL93: #VALUE! | AM93: #VALUE! | AN93: #VALUE! | AO93: #VALUE! | AP93: #VALUE! | AQ93: 0 | AR93: 0 | AS93: 0 | AT93: 0 | AU93: 0 | AV93: 0 | AW93: งานเคลือบ+พิมพ์ | AX93: / | AY93: 2/6---6/6 | AZ93: 0 | BA93: 0 | BB93: 0 | BC93: WRWT25850/WRWT25850 | BD93: 0
A94: 45876 | B94: MK68-000983 | C94: บจก.เอพีเอ็ม อะโกร | D94: ยูฟีด บี2 | E94: 20 | F94: 40 | G94: ขาว | H94: ใส | I94: 108 | J94: ± | K94: 5 | L94: บิด | M94: ไม่สวมถุงใน | N94: 0 | O94: 0 | P94: 0 | Q94: 0 | R94: 0 | S94: 500กระสอบแบน | T94: รอแจ้ง | U94: 3000 | V94: 3075 | W94: 0 | X94: 0 | Y94: 0 | Z94: WSWT2025800SM | AA94: 0 | AB94: 0 | AC94: 0 | AD94: 0 | AE94: 0 | AF94: 0 | AG94: ยังไม่ได้พิมพ์ | AH94: P6 | AI94: 4 | AJ94: รอแจ้ง | AK94: #VALUE! | AL94: #VALUE! | AM94: #VALUE! | AN94: #VALUE! | AO94: #VALUE! | AP94: #VALUE! | AQ94: 0 | AR94: 0 | AS94: 0 | AT94: 0 | AU94: 0 | AV94: 0 | AW94: งานเคลือบ+พิมพ์ | AX94: / | AY94: 0 | AZ94: 0 | BA94: 0 | BB94: 0 | BC94: WRWT25850/WRWT25850 | BD94: 0
A95: 45825 | B95: MK68-000801 | C95: บจก.อินเทคค์ โกลบอล | D95: สุบรรณ 111 | E95: 20 | F95: 36 | G95: ขาว | H95: ด้าน | I95: 100 | J95: ± | K95: 5 | L95: จับจีบ3.5" | M95: ไม่สวมถุงใน | N95: 0 | O95: 0 | P95: 0 | Q95: 0 | R95: 0 | S95: มัด80 ใช้สายรัด | T95: รอแจ้ง | U95: 894 | V95: 525 | W95: 369 | X95: 6000 | Y95: 0 | Z95: WSWT2025800SM | AA95: 0 | AB95: 0 | AC95: 0 | AD95: 0 | AE95: 0 | AF95: 0 | AG95: พร้อมส่ง | AH95: P6 | AI95: 4 | AJ95: รอแจ้ง | AK95: #VALUE! | AL95: #VALUE! | AM95: #VALUE! | AN95: #VALUE! | AO95: #VALUE! | AP95: #VALUE! | AQ95: 0 | AR95: 0 | AS95: 0 | AT95: 0 | AU95: 0 | AV95: 0 | AW95: งานเคลือบ+พิมพ์ | AX95: / | AY95: 0 | AZ95: 0 | BA95: 0 | BB95: 0 | BC95: WRWT25850/WRWT25850 | BD95: 0
A96: 45796 | B96: MK68-000673 | C96: บจก.อินเทคค์ โกลบอล | D96: เพอเฟคค์ 902 | E96: 20 | F96: 36 | G96: ขาว | H96: ด้าน | I96: 100 | J96: ± | K96: 5 | L96: จับจีบ | M96: ไม่สวมถุงใน | N96: 0 | O96: 0 | P96: 0 | Q96: 0 | R96: 0 | S96: มัด80 ใช้สายรัด | T96: รอแจ้ง | U96: 302 | V96: 0 | W96: 302 | X96: 5300 | Y96: 0 | Z96: WSWT2025800SM | AA96: 0 | AB96: 0 | AC96: 0 | AD96: 0 | AE96: 0 | AF96: 0 | AG96: พร้อมส่ง | AH96: P6 | AI96: 4 | AJ96: รอแจ้ง | AK96: #VALUE! | AL96: #VALUE! | AM96: #VALUE! | AN96: #VALUE! | AO96: #VALUE! | AP96: #VALUE! | AQ96: 0 | AR96: 0 | AS96: 0 | AT96: 0 | AU96: 0 | AV96: 0 | AW96: งานเคลือบ+พิมพ์ | AX96: / | AY96: 0 | AZ96: 0 | BA96: 0 | BB96: 0 | BC96: WRWT25850/WRWT25850 | BD96: 0
A97: 45798 | B97: MK68-000693 | C97: บจก.เอพีเอ็ม อะโกร | D97: ฟีล กู๊ด พี07 | E97: 20 | F97: 38 | G97: ขาว | H97: ใส | I97: 100 | J97: ± | K97: 5 | L97: บิด | M97: ไม่สวมถุงใน | N97: 0 | O97: 0 | P97: 0 | Q97: 0 | R97: 0 | S97: 500กระสอบแบน | T97: รอแจ้ง | U97: 5000 | V97: 0 | W97: 5000 | X97: 0 | Y97: 5250 | Z97: WSWT2025800SM | AA97: 5518.15 | AB97: 0 | AC97: 5518.15 | AD97: 0 | AE97: 5518.15 | AF97: 0 | AG97: รอตัด | AH97: P6 | AI97: 4 | AJ97: รอแจ้ง | AK97: #VALUE! | AL97: #VALUE! | AM97: #VALUE! | AN97: #VALUE! | AO97: #VALUE! | AP97: #VALUE! | AQ97: 0 | AR97: 0 | AS97: 0 | AT97: 0 | AU97: 0 | AV97: 0 | AW97: งานเคลือบ+พิมพ์ | AX97: / | AY97: 0 | AZ97: 0 | BA97: 0 | BB97: 0 | BC97: WRWT25850/WRWT25850 | BD97: 416.92689
A98: 45674 | B98: MK68-000093 | C98: บจก.อินเทคค์ โกลบอล | D98: เฟิร์สคลาส 902 | E98: 20 | F98: 35 | G98: ขาว | H98: ด้าน | I98: 97 | J98: ± | K98: 5 | L98: จับจีบ4" | M98: ไม่สวมถุงใน | N98: 0 | O98: 0 | P98: 0 | Q98: 0 | R98: 0 | S98: มัด80 ใช้สายรัด | T98: รอแจ้ง | U98: 152 | V98: 0 | W98: 152 | X98: 6000 | Y98: 0 | Z98: WSWT2025800SM | AA98: 0 | AB98: 0 | AC98: 0 | AD98: 0 | AE98: 0 | AF98: 5987 | AG98: พร้อมส่ง | AH98: P6 | AI98: 4 | AJ98: รอแจ้ง | AK98: #VALUE! | AL98: #VALUE! | AM98: #VALUE! | AN98: #VALUE! | AO98: #VALUE! | AP98: #VALUE! | AQ98: 0 | AR98: 0 | AS98: 0 | AT98: 0 | AU98: 0 | AV98: 0 | AW98: งานเคลือบ+พิมพ์ | AX98: / | AY98: ลบสี 5040 | AZ98: 0 | BA98: 0 | BB98: 0 | BC98: WRWT25850/WRWT25850 | BD98: 0
A99: 45611 | B99: MK67-001532 | C99: บจก.อินเทคค์ โกลบอล | D99: เฟิร์สช้อย 903 | E99: 20 | F99: 36 | G99: ขาว | H99: ด้าน | I99: 100 | J99: ± | K99: 5 | L99: จับจีบ | M99: ไม่สวมถุงใน | N99: 0 | O99: 0 | P99: 0 | Q99: 0 | R99: 0 | S99: มัด80 ใช้สายรัด | T99: รอแจ้ง | U99: 117 | V99: 0 | W99: 117 | X99: 10065 | Y99: 0 | Z99: WSWT2025800SM | AA99: 0 | AB99: 0 | AC99: 0 | AD99: 0 | AE99: 0 | AF99: 0 | AG99: พร้อมส่ง | AH99: P6 | AI99: 4 | AJ99: รอแจ้ง | AK99: #VALUE! | AL99: #VALUE! | AM99: #VALUE! | AN99: #VALUE! | AO99: #VALUE! | AP99: #VALUE! | AQ99: 0 | AR99: 0 | AS99: 0 | AT99: 0 | AU99: 0 | AV99: 0 | AW99: งานเคลือบ+พิมพ์ | AX99: / | AY99: 0 | AZ99: 0 | BA99: 0 | BB99: 0 | BC99: WRWT25850/WRWT25850 | BD99: 0
A100: 45523 | B100: MK67-001153 | C100: บจก.อินเทคค์ โกลบอล | D100: สุบรรณ 777 | E100: 20 | F100: 36 | G100: ขาว | H100: ด้าน | I100: 100 | J100: ± | K100: 5 | L100: จับจีบ | M100: ไม่สวมถุงใน | N100: 0 | O100: 0 | P100: 0 | Q100: 0 | R100: 0 | S100: มัด80 ใช้สายรัด | T100: รอแจ้ง | U100: 1260 | V100: 0 | W100: 1260 | X100: 11095 | Y100: 0 | Z100: WSWT2025800SM | AA100: 0 | AB100: 0 | AC100: 0 | AD100: 0 | AE100: 0 | AF100: 0 | AG100: พร้อมส่ง | AH100: P6 | AI100: 4 | AJ100: รอแจ้ง | AK100: #VALUE! | AL100: #VALUE! | AM100: #VALUE! | AN100: #VALUE! | AO100: #VALUE! | AP100: #VALUE! | AQ100: 0 | AR100: 0 | AS100: 0 | AT100: 0 | AU100: 0 | AV100: 0 | AW100: งานเคลือบ+พิมพ์ | AX100: / | AY100: 0 | AZ100: 0 | BA100: 0 | BB100: 0 | BC100: WRWT25850/WRWT25850 | BD100: 0
A101: 45523 | B101: MK67-001153 | C101: บจก.อินเทคค์ โกลบอล | D101: สุบรรณ 666 | E101: 20 | F101: 36 | G101: ขาว | H101: ด้าน | I101: 100 | J101: ± | K101: 5 | L101: จับจีบ | M101: ไม่สวมถุงใน | N101: 0 | O101: 0 | P101: 0 | Q101: 0 | R101: 0 | S101: มัด80 ใช้สายรัด | T101: รอแจ้ง | U101: 89 | V101: 0 | W101: 89 | X101: 11180 | Y101: 0 | Z101: WSWT2025800SM | AA101: 0 | AB101: 0 | AC101: 0 | AD101: 0 | AE101: 0 | AF101: 0 | AG101: พร้อมส่ง | AH101: P6 | AI101: 4 | AJ101: รอแจ้ง | AK101: #VALUE! | AL101: #VALUE! | AM101: #VALUE! | AN101: #VALUE! | AO101: #VALUE! | AP101: #VALUE! | AQ101: 0 | AR101: 0 | AS101: 0 | AT101: 0 | AU101: 0 | AV101: 0 | AW101: งานเคลือบ+พิมพ์ | AX101: / | AY101: 0 | AZ101: 0 | BA101: 0 | BB101: 0 | BC101: WRWT25850/WRWT25850 | BD101: 0
...

Sheet 13-9-68
B2: เรียงกำหนดส่ง | D2: ลบ 0 | T2: เรียง 1
B3: ข้อมูลUpdate ณ. วันที่ | D3: 45913 | E3: เวลา | G3: 10
A4: วันรับออร์เดอร์/แบบ | B4: เลขที่ SO | C4: ชื่อลูกค้า | E4: 10.3 | I4: น้ำหนัก | L4: บิด/จับจีบ | M4: ถุงใน | Q4: 44873 | S4: วิธีบรรจุ | T4: วันส่ง | U4: จำนวนส่ง | V4: ตัดเย็บ (ใบ) | W4: 44873 | X4: พิมพ์ (ใบ) | Y4: 44876 | Z4: ผ้าทอ (เมตร) Updateณ | AB4: 44876 | AD4: ผ้าเคลือบ(เมตร) | AF4: หมายเหตุ | AG4: เครื่อง
A5: วันรับออร์เดอร์/แบบ | B5: เลขที่ SO | C5: ชื่อลูกค้า | D5: ตรา | E5: กว้าง | F5: ยาว | G5: สี | H5: เคลือบ | I5: กรัม/ใบ | J5: * | K5: aw | L5: บิด/จับจีบ | M5: กว้าง | N5: ยาว | O5: หนา | P5: ใช้(กก.) | Q5: Stock(กก.) | R5: ผลิต(กก.) | S5: วิธีบรรจุ | T5: วันส่ง | U5: จำนวนส่ง | V5: StockFG | W5: ค้างตัด | X5: พิมพ์แล้ว | Y5: ค้างพิมพ์ | Z5: ประเภท | AA5: ใช้ | AB5: Stock | AC5: ค้างทอ | AD5: Stock | AE5: ค้างเคลือบ | AF5: หมายเหตุ | AG5: ที่พิมพ์ได้ | AH5: process | AI5: Lead time | AJ5: วันที่ส่งPL | AK5: เคลือบ | AL5: ได้ ART | AM5: พิมพ์ | AN5: จีบ-บิด | AO5: ตัด-เย็บ | AP5: ทอ | AQ5: สวมถุง | AR5: เย็บปาก | AS5: PT | AT5: ม้วน | AU5: ตัด | AV5: ตอกตาไก่ | AW5: GROUP | AX5: ART | AY5: หมายเหตุปัญหา | AZ5: ราคา/ใบ | BA5: ราคารวม | BB5: workweek | BC5: เส้นเทป | BD5: จำนวน
A6: 45896 | B6: MK68-001041 | C6: บจก.ซัน ซีเมนต์ โพรเซส | D6: พระอาทิตย์ | E6: 16 | F6: 25 | G6: ขาว | H6: ใส | I6: 50 | J6: ± | K6: 5 | L6: บิด | M6: 19 | N6: 28 | O6: 40 | P6: 5.7749686 | Q6: 0 | R6: 5.7749686 | S6: 500กระสอบ | T6: 45915 | U6: 5000 | V6: 4560 | W6: 440 | X6: 5800 | Y6: 0 | Z6: WSWT1625800SM | AA6: 0 | AB6: 0 | AC6: 0 | AD6: 0 | AE6: 0 | AF6: 0 | AG6: พร้อมส่ง | AH6: P8 | AI6: 4 | AJ6: 45915 | AK6: 45911 | AL6: 45905 | AM6: 45912 | AN6: 45913 | AO6: 45913 | AP6: 45910 | AQ6: 45914 | AR6: 0 | AS6: 0 | AT6: 0 | AU6: 0 | AV6: 0 | AW6: งานเคลือบ+พิมพ์ | AX6: / | AY6: รอลูกค้า | AZ6: 0 | BA6: 0 | BB6: 0 | BC6: WRWT25800/WRWT25800 | BD6: 0
A7: 0 | B7: 0 | C7: 0 | E7: 16 | F7: 25 | G7: ขาว | H7: 0 | I7: 45 | J7: ± | K7: 5 | L7: 0 | M7: 0 | N7: 0 | O7: 0 | P7: 0 | Q7: 0 | R7: 0 | S7: 0 | U7: 0 | V7: 0 | W7: 0 | X7: 0 | Y7: 0 | Z7: WSWT1625800SM | AA7: 0 | AB7: 0 | AC7: 0 | AD7: 0 | AE7: 0 | AF7: ระบุในSD | AG7: พร้อมส่ง | AH7: 0 | AI7: Lead time | AJ7: 0 | AK7: 0 | AL7: 0 | AM7: 0 | AN7: 0 | AO7: 0 | AP7: 0 | AQ7: 0 | AR7: 0 | AS7: 0 | AT7: 0 | AU7: 0 | AV7: 0 | AW7: 0 | AX7: 0 | AY7: 0 | AZ7: 0 | BA7: 0 | BB7: 0 | BC7: WRWT160800/WRWT25800 | BD7: 0
A8: 45897 | B8: MK68-001045 | C8: บจก.เคอรี่ฟลาวมิลล์ | D8: น้องเอินโดนัท 10กก | E8: 16 | F8: 25 | G8: ขาว | H8: 0 | I8: 45 | J8: ± | K8: 5 | L8: ไม่ | M8: ไม่สวมถุงใน | N8: 0 | O8: 0 | P8: 0 | Q8: 0 | R8: 0 | S8: ห่ออัดเบลแบน500 | T8: 45925 | U8: 5000 | V8: 0 | W8: 5000 | X8: 5400 | Y8: 0 | Z8: WSWT1625800 | AA8: 0 | AB8: 0 | AC8: 0 | AD8: 0 | AE8: 0 | AF8: 0 | AG8: พร้อมส่ง | AH8: P7 | AI8: 2 | AJ8: 45925 | AK8: 0 | AL8: 45916 | AM8: 45923 | AN8: 45924 | AO8: 45924 | AP8: 45920 | AQ8: 0 | AR8: 0 | AS8: 0 | AT8: 0 | AU8: 0 | AV8: 0 | AW8: งานพิมพ์ | AX8: รอART | AY8: 0 | AZ8: 0 | BA8: 0 | BB8: 0 | BC8: WRWT25800/WRWT25800 | BD8: 0
A9: 0 | B9: 0 | C9: 0 | D9: 0 | E9: 16 | F9: 25 | G9: ขาว | H9: 0 | I9: 45 | J9: ± | K9: 5 | L9: 0 | M9: 0 | N9: 0 | O9: 0 | P9: 0 | Q9: 0 | R9: 0 | S9: 0 | U9: 0 | V9: 0 | W9: 0 | X9: 0 | Y9: 0 | Z9: WSWT1625800 | AA9: 0 | AB9: 0 | AC9: 0 | AD9: 0 | AE9: 0 | AF9: ระบุในSD | AG9: ยังไม่ได้พิมพ์ | AH9: 0 | AI9: Lead time | AJ9: 0 | AK9: 0 | AL9: 0 | AM9: 0 | AN9: 0 | AO9: 0 | AP9: 0 | AQ9: 0 | AR9: 0 | AS9: 0 | AT9: 0 | AU9: 0 | AV9: 0 | AW9: 0 | AX9: 0 | AY9: 0 | AZ9: 0 | BA9: 0 | BB9: 0 | BC9: WRWT160800/WRWT25800 | BD9: 0
A10: ประมาณการ | B10: ประมาณการ | C10: บจก.ฟาร์เธอร์ส วิง ซัพพลาย | D10: รถไฟ | E10: 18 | F10: 30 | G10: ขาว | H10: 0 | I10: 54 | J10: ± | K10: 5 | L10: บิด | M10: 19 | N10: 33 | O10: 40 | P10: 232.02999 | Q10: 0 | R10: 232.02999 | S10: 500กระสอบ | T10: รอแจ้ง | U10: 15000 | V10: 0 | W10: 15000 | X10: 0 | Y10: 15750 | Z10: WSWT1825800 | AA10: 13201.65 | AB10: 2599 | AC10: 10602.65 | AD10: 0 | AE10: 0 | AF10: 0 | AG10: พร้อมส่ง | AH10: P9 | AI10: 3 | AJ10: รอแจ้ง | AK10: 0 | AL10: #VALUE! | AM10: #VALUE! | AN10: #VALUE! | AO10: #VALUE! | AP10: #VALUE! | AQ10: #VALUE! | AR10: 0 | AS10: 0 | AT10: 0 | AU10: 0 | AV10: 0 | AW10: งานพิมพ์ | AX10: รอART | AY10: 0 | AZ10: 0 | BA10: 0 | BB10: 0 | BC10: WRWT25800/WRWT25800 | BD10: 729.46232
A11: 0 | B11: 0 | E11: 18 | F11: 30 | G11: ขาว | H11: 0 | I11: 54 | J11: ± | K11: 5 | L11: 0 | M11: 0 | N11: 0 | O11: 0 | P11: 0 | Q11: 0 | R11: 0 | S11: 0 | U11: 0 | V11: 0 | W11: 0 | X11: 0 | Y11: 0 | Z11: WSWT1825800 | AA11: 13201.65 | AB11: 2599 | AC11: 10602.65 | AD11: 0 | AE11: 0 | AF11: ระบุในSD | AG11: พร้อมส่ง | AH11: 0 | AI11: Lead time | AJ11: 0 | AK11: 0 | AL11: 0 | AM11: 0 | AN11: 0 | AO11: 0 | AP11: 0 | AQ11: 0 | AR11: 0 | AS11: 0 | AT11: 0 | AU11: 0 | AV11: 0 | AW11: 0 | AX11: 0 | AY11: 0 | AZ11: 0 | BA11: 0 | BB11: 0 | BC11: WRWT25800/WRWT25800 | BD11: 0
A12: 45912 | B12: MK68-001111 | C12: บจก.ซิเบลโก้(บางเลน) | D12: PORTARYTE | E12: 18 | F12: 30 | G12: ขาว | H12: ใส | I12: 74 | J12: ± | K12: 5 | L12: ไม่ | M12: ไม่สวมถุงใน | N12: 0 | O12: 0 | P12: 0 | Q12: 0 | R12: 0 | S12: 500กระสอบแบน | T12: 45932 | U12: 10000 | V12: 0 | W12: 10000 | X12: 0 | Y12: 10500 | Z12: WSWT1825800SM | AA12: 8801.1 | AB12: 8801.1 | AC12: 0 | AD12: 1900 | AE12: 6901.1 | AF12: ห้ามเกิน-ขาดได้5% | AG12: รอแบบ | AH12: P6 | AI12: 4 | AJ12: 45932 | AK12: 45928 | AL12: 45921 | AM12: 45929 | AN12: 45930 | AO12: 45931 | AP12: 45927 | AQ12: 0 | AR12: 0 | AS12: 0 | AT12: 0 | AU12: 0 | AV12: 0 | AW12: งานเคลือบ+พิมพ์ | AX12: / | AY12: 0 | AZ12: 0 | BA12: 0 | BB12: 0 | BC12: WRWT25800/WRWT25800 | BD12: 0
A13: 0 | B13: 0 | C13: 0 | E13: 18 | F13: 25 | G13: ขาว | H13: 0 | I13: 50 | J13: ± | K13: 5 | L13: 0 | M13: 0 | N13: 0 | O13: 0 | P13: 0 | Q13: 0 | R13: 0 | S13: 0 | U13: 0 | V13: 0 | W13: 0 | X13: 0 | Y13: 0 | Z13: WSWT1825800SM | AA13: 8801.1 | AB13: 8801.1 | AC13: 0 | AD13: 1900 | AE13: 6901.1 | AF13: ระบุในSD | AG13: ยังไม่ได้พิมพ์ | AH13: 0 | AI13: Lead time | AJ13: 0 | AK13: 0 | AL13: 0 | AM13: 0 | AN13: 0 | AO13: 0 | AP13: 0 | AQ13: 0 | AR13: 0 | AS13: 0 | AT13: 0 | AU13: 0 | AV13: 0 | AW13: 0 | AX13: 0 | AY13: 0 | AZ13: 0 | BA13: 0 | BB13: 0 | BC13: WRWT180800/WRWT25800 | BD13: 0
A14: 45898 | B14: MK68-001049 | C14: บจก.เพรซิเดนท์ฟลาวมิลล์ | D14: ผึ้งเหลือง | E14: 19 | F14: 30 | G14: ขาว | H14: 0 | I14: 60 | J14: ± | K14: 5 | L14: บิด | M14: ไม่สวมถุงใน | N14: 0 | O14: 0 | P14: 0 | Q14: 0 | R14: 0 | S14: 500กระสอบ | T14: 45917 | U14: 50000 | V14: 50000 | W14: 0 | X14: 52901 | Y14: 0 | Z14: WSWT1925800 | AA14: 0 | AB14: 0 | AC14: 0 | AD14: 0 | AE14: 0 | AF14: 0 | AG14: ยังไม่ได้พิมพ์ | AH14: P7 | AI14: 2 | AJ14: 45917 | AK14: 0 | AL14: 45908 | AM14: 45915 | AN14: 45916 | AO14: 45916 | AP14: 45912 | AQ14: 0 | AR14: 0 | AS14: 0 | AT14: 0 | AU14: 0 | AV14: 0 | AW14: งานพิมพ์ | AX14: / | AY14: ลบสีจำนวนมาก | AZ14: 0 | BA14: 0 | BB14: 0 | BC14: WRWT25800/WRWT25800 | BD14: 0
A15: ประมาณการ | B15: ประมาณการ | C15: บจก.เอ็กเซลเล้นท์ | D15: รอแบบ | E15: 19 | F15: 30 | G15: ขาว | H15: 0 | I15: 60 | J15: ± | K15: 5 | L15: บิด | M15: ไม่สวมถุงใน | N15: 0 | O15: 0 | P15: 0 | Q15: 0 | R15: 0 | S15: 500กระสอบ | T15: 45925 | U15: 40000 | V15: 0 | W15: 40000 | X15: 0 | Y15: 42000 | Z15: WSWT1925800 | AA15: 35204.4 | AB15: 14424 | AC15: 20780.4 | AD15: 0 | AE15: 0 | AF15: 0 | AG15: พร้อมส่ง | AH15: P7 | AI15: 2 | AJ15: 45925 | AK15: 0 | AL15: 45916 | AM15: 45923 | AN15: 45924 | AO15: 45924 | AP15: 45920 | AQ15: 0 | AR15: 0 | AS15: 0 | AT15: 0 | AU15: 0 | AV15: 0 | AW15: งานพิมพ์ | AX15: รอART | AY15: 0 | AZ15: 0 | BA15: 0 | BB15: 0 | BC15: WRWT25800/WRWT25800 | BD15: 1509.1188
A16: ประมาณการ | B16: ประมาณการ | C16: บจก.ไลม์มาสเตอร์ | D16: LMC 25 kg | E16: 19 | F16: 32 | G16: ขาว | H16: 0 | I16: 64 | J16: ± | K16: 5 | L16: ไม่ | M16: 20 | N16: 35 | O16: 40 | P16: 341.36903 | Q16: 0 | R16: 341.36903 | S16: 500กระสอบแบน | T16: 45925 | U16: 20000 | V16: 233 | W16: 19767 | X16: 0 | Y16: 20755.35 | Z16: WSWT1925800 | AA16: 18501.714 | AB16: 0 | AC16: 18501.714 | AD16: 0 | AE16: 0 | AF16: 0 | AG16: พร้อมส่ง | AH16: P9 | AI16: 3 | AJ16: 45925 | AK16: 0 | AL16: 45915 | AM16: 45922 | AN16: 45923 | AO16: 45923 | AP16: 45920 | AQ16: 45924 | AR16: 0 | AS16: 0 | AT16: 0 | AU16: 0 | AV16: 0 | AW16: งานพิมพ์ | AX16: รอART | AY16: 0 | AZ16: 0 | BA16: 0 | BB16: 0 | BC16: WRWT25800/WRWT25800 | BD16: 1343.6356
A17: ประมาณการ | B17: ประมาณการ | C17: บจก.เพรซิเดนท์ฟลาวมิลล์ | D17: ผึ้งเหลือง | E17: 19 | F17: 30 | G17: ขาว | H17: 0 | I17: 60 | J17: ± | K17: 5 | L17: บิด | M17: ไม่สวมถุงใน | N17: 0 | O17: 0 | P17: 0 | Q17: 0 | R17: 0 | S17: 500กระสอบ | T17: รอแจ้ง | U17: 140000 | V17: 0 | W17: 140000 | X17: 0 | Y17: 147000 | Z17: WSWT1925800 | AA17: 123215.4 | AB17: 0 | AC17: 123215.4 | AD17: 0 | AE17: 0 | AF17: 0 | AG17: พร้อมส่ง | AH17: P7 | AI17: 2 | AJ17: รอแจ้ง | AK17: 0 | AL17: #VALUE! | AM17: #VALUE! | AN17: #VALUE! | AO17: #VALUE! | AP17: #VALUE! | AQ17: 0 | AR17: 0 | AS17: 0 | AT17: 0 | AU17: 0 | AV17: 0 | AW17: งานพิมพ์ | AX17: รอART | AY17: 0 | AZ17: 0 | BA17: 0 | BB17: 0 | BC17: WRWT25800/WRWT25800 | BD17: 8948.1762
A18: 0 | B18: 0 | C18: 0 | D18: 0 | E18: 19 | F18: 30 | G18: ขาว | H18: 0 | I18: 60 | J18: ± | K18: 5 | L18: 0 | M18: 0 | N18: 0 | O18: 0 | P18: 0 | Q18: 0 | R18: 0 | S18: 0 | U18: 0 | V18: 0 | W18: 0 | X18: 0 | Y18: 0 | Z18: WSWT1925800 | AA18: 176921.51 | AB18: 14424 | AC18: 162497.51 | AD18: 0 | AE18: 0 | AF18: ระบุในSD | AG18: พร้อมส่ง | AH18: 0 | AI18: Lead time | AJ18: 0 | AK18: 0 | AL18: 0 | AM18: 0 | AN18: 0 | AO18: 0 | AP18: 0 | AQ18: 0 | AR18: 0 | AS18: 0 | AT18: 0 | AU18: 0 | AV18: 0 | AW18: 0 | AX18: 0 | AY18: 0 | AZ18: 0 | BA18: 0 | BB18: 0 | BC18: WRWT25800/WRWT25800 | BD18: 0
A19: 45905 | B19: MK68-001077 | C19: บจก.เคอรี่ฟลาวมิลล์ | D19: ปลาโลมาเทา | E19: 19 | F19: 32 | G19: ขาว | H19: 0 | I19: 67 | J19: + | K19: 5 | L19: บิด | M19: ไม่สวมถุงใน | N19: 0 | O19: 0 | P19: 0 | Q19: 0 | R19: 0 | S19: ห่ออัดเบลแบน500 | T19: 45916 | U19: 5000 | V19: 5000 | W19: 0 | X19: 5400 | Y19: 0 | Z19: WSWT1921720 | AA19: 0 | AB19: 0 | AC19: 0 | AD19: 0 | AE19: 0 | AF19: PDR250295 | AG19: พร้อมส่ง | AH19: P7 | AI19: 2 | AJ19: 45916 | AK19: 0 | AL19: 45907 | AM19: 45914 | AN19: 45915 | AO19: 45915 | AP19: 45911 | AQ19: 0 | AR19: 0 | AS19: 0 | AT19: 0 | AU19: 0 | AV19: 0 | AW19: งานพิมพ์ | AX19: / | AY19: 0 | AZ19: 0 | BA19: 0 | BB19: 0 | BC19: WRWT21720/WRWT25800 | BD19: 0
A20: 45905 | B20: MK68-001077 | C20: บจก.เคอรี่ฟลาวมิลล์ | D20: ถุงเงิน | E20: 19 | F20: 32 | G20: ขาว | H20: 0 | I20: 67 | J20: + | K20: 5 | L20: บิด | M20: ไม่สวมถุงใน | N20: 0 | O20: 0 | P20: 0 | Q20: 0 | R20: 0 | S20: ห่ออัดเบลแบน500 | T20: 45916 | U20: 5000 | V20: 4500 | W20: 500 | X20: 5400 | Y20: 0 | Z20: WSWT1921720 | AA20: 0 | AB20: 0 | AC20: 0 | AD20: 0 | AE20: 0 | AF20: PDR250295 | AG20: พร้อมส่ง | AH20: P7 | AI20: 2 | AJ20: 45916 | AK20: 0 | AL20: 45907 | AM20: 45914 | AN20: 45915 | AO20: 45915 | AP20: 45911 | AQ20: 0 | AR20: 0 | AS20: 0 | AT20: 0 | AU20: 0 | AV20: 0 | AW20: งานพิมพ์ | AX20: / | AY20: 0 | AZ20: 0 | BA20: 0 | BB20: 0 | BC20: WRWT21720/WRWT25800 | BD20: 0
A21: 45905 | B21: MK68-001077 | C21: บจก.เคอรี่ฟลาวมิลล์ | D21: กุ้งแดง | E21: 19 | F21: 32 | G21: ขาว | H21: 0 | I21: 67 | J21: + | K21: 5 | L21: บิด | M21: ไม่สวมถุงใน | N21: 0 | O21: 0 | P21: 0 | Q21: 0 | R21: 0 | S21: ห่ออัดเบลแบน500 | T21: 45916 | U21: 10000 | V21: 10000 | W21: 0 | X21: 10500 | Y21: 0 | Z21: WSWT1921720 | AA21: 0 | AB21: 0 | AC21: 0 | AD21: 0 | AE21: 0 | AF21: PDR250295 | AG21: พร้อมส่ง | AH21: P7 | AI21: 2 | AJ21: 45916 | AK21: 0 | AL21: 45907 | AM21: 45914 | AN21: 45915 | AO21: 45915 | AP21: 45911 | AQ21: 0 | AR21: 0 | AS21: 0 | AT21: 0 | AU21: 0 | AV21: 0 | AW21: งานพิมพ์ | AX21: / | AY21: 0 | AZ21: 0 | BA21: 0 | BB21: 0 | BC21: WRWT21720/WRWT25800 | BD21: 0
A22: 45905 | B22: MK68-001077 | C22: บจก.เคอรี่ฟลาวมิลล์ | D22: PBKF2-01-03 | E22: 19 | F22: 32 | G22: ขาว | H22: 0 | I22: 67 | J22: + | K22: 5 | L22: บิด | M22: ไม่สวมถุงใน | N22: 0 | O22: 0 | P22: 0 | Q22: 0 | R22: 0 | S22: ห่ออัดเบลแบน500 | T22: 45916 | U22: 5000 | V22: 4787 | W22: 213 | X22: 5400 | Y22: 0 | Z22: WSWT1921720 | AA22: 0 | AB22: 0 | AC22: 0 | AD22: 0 | AE22: 0 | AF22: PDR250295 | AG22: รอตัด | AH22: P7 | AI22: 2 | AJ22: 45916 | AK22: 0 | AL22: 45907 | AM22: 45914 | AN22: 45915 | AO22: 45915 | AP22: 45911 | AQ22: 0 | AR22: 0 | AS22: 0 | AT22: 0 | AU22: 0 | AV22: 0 | AW22: งานพิมพ์ | AX22: / | AY22: 0 | AZ22: 0 | BA22: 0 | BB22: 0 | BC22: WRWT21720/WRWT25800 | BD22: 0
