Workbook

Sheet Linkสูตรออร์เดอร์  (2)
B2: เรียงกำหนดส่ง | D2: ลบ 0 | T2: เรียง 1
B3: ข้อมูลUpdate ณ. วันที่ | D3: 45913 | E3: เวลา | G3: 10
A4: วันรับออร์เดอร์/แบบ | B4: เลขที่ SO | C4: ชื่อลูกค้า | E4: 10.3 | I4: น้ำหนัก | L4: บิด/จับจีบ | M4: ถุงใน | Q4: =[1]หน้าผ้า!$AC$13 -> 44873 | S4: วิธีบรรจุ | T4: วันส่ง | U4: จำนวนส่ง | V4: ตัดเย็บ (ใบ) | W4: =[1]หน้าผ้า!$AJ$13 -> 44873 | X4: พิมพ์ (ใบ) | Y4: =[1]หน้าผ้า!$AM$13 -> 44876 | Z4: ผ้าทอ (เมตร) Updateณ | AB4: =[1]หน้าผ้า!$AR$12 -> 44876 | AD4: ผ้าเคลือบ(เมตร) | AF4: หมายเหตุ | AG4: เครื่อง
B5: เลขที่ SO | C5: ชื่อลูกค้า | D5: ตรา | E5: กว้าง | F5: ยาว | G5: สี | H5: เคลือบ | I5: กรัม/ใบ | J5: * | K5: aw | L5: บิด/จับจีบ | M5: กว้าง | N5: ยาว | O5: หนา | P5: ใช้(กก.) | Q5: Stock(กก.) | R5: ผลิต(กก.) | S5: วิธีบรรจุ | T5: วันส่ง | U5: จำนวนส่ง | V5: StockFG | W5: ค้างตัด | X5: พิมพ์แล้ว | Y5: ค้างพิมพ์ | Z5: ประเภท | AA5: ใช้ | AB5: Stock | AC5: ค้างทอ | AD5: Stock | AE5: ค้างเคลือบ | AF5: หมายเหตุ | AG5: ที่พิมพ์ได้ | AH5: process | AI5: Lead time | AJ5: วันที่ส่งPL | AK5: เคลือบ | AL5: ได้ ART | AM5: พิมพ์ | AN5: จีบ-บิด | AO5: ตัด-เย็บ | AP5: ทอ | AQ5: สวมถุง | AR5: เย็บปาก | AS5: PT | AT5: ม้วน | AU5: ตัด | AV5: ตอกตาไก่ | AW5: GROUP | AX5: ART | AY5: หมายเหตุปัญหา | AZ5: ราคา/ใบ | BA5: ราคารวม | BB5: workweek | BC5: เส้นเทป | BD5: จำนวน
A6: =[2]หน้าผ้า!C15 -> 0 | B6: =[2]หน้าผ้า!B15 -> 0 | C6: =[2]หน้าผ้า!E15 -> 0 | D6: =[2]หน้าผ้า!F15 -> 0 | E6: =[2]หน้าผ้า!G15 -> 12 | F6: =[2]หน้าผ้า!H15 -> 16 | G6: =[2]หน้าผ้า!I15 -> ขาว | H6: =[2]หน้าผ้า!J15 -> 0 | I6: =[2]หน้าผ้า!L15 -> 25 | J6: =[2]หน้าผ้า!M15 -> ± | K6: =[2]หน้าผ้า!N15 -> 5 | L6: =[2]หน้าผ้า!R15 -> 0 | M6: =[2]หน้าผ้า!T15 -> 0 | N6: =[2]หน้าผ้า!U15 -> 0 | O6: =[2]หน้าผ้า!V15 -> 0 | P6: =[2]หน้าผ้า!AB15 -> 0 | Q6: =[2]หน้าผ้า!AC15 -> 0 | R6: =[2]หน้าผ้า!AD15 -> 0 | S6: =[2]หน้าผ้า!Z15 -> 0 | T6: =[2]หน้าผ้า!X15 -> 0 | U6: =[2]หน้าผ้า!AA15 -> 0 | V6: =[2]หน้าผ้า!AJ15 -> 0 | W6: =[2]หน้าผ้า!AL15 -> 0 | X6: =[2]หน้าผ้า!AM15 -> 0 | Y6: =[2]หน้าผ้า!AN15 -> 0 | Z6: =[2]หน้าผ้า!AO15 -> WSWT1221750 | AA6: =[2]หน้าผ้า!AQ15 -> #REF! | AB6: =[2]หน้าผ้า!AR15 -> #REF! | AC6: =[2]หน้าผ้า!AS15 -> #REF! | AD6: =[2]หน้าผ้า!AT15 -> #REF! | AE6: =[2]หน้าผ้า!AU15 -> #REF! | AF6: =[2]หน้าผ้า!AI15 -> ระบุในSD | AG6: =[3]หน้าผ้า!DC18 -> < Ord 20,000 | AH6: =[2]หน้าผ้า!DL15 -> 0 | AI6: =[2]หน้าผ้า!DM15 -> 0 | AJ6: =[2]หน้าผ้า!DN15 -> 0 | AK6: =[2]หน้าผ้า!DQ15 -> 0 | AL6: =[2]หน้าผ้า!DR15 -> 0 | AM6: =[2]หน้าผ้า!DS15 -> 0 | AN6: =[2]หน้าผ้า!DT15 -> 0 | AO6: =[2]หน้าผ้า!DU15 -> 0 | AP6: =[2]หน้าผ้า!DP15 -> 0 | AQ6: =[2]หน้าผ้า!DW15 -> 0 | AR6: =[2]หน้าผ้า!DX15 -> 0 | AS6: =[2]หน้าผ้า!DY15 -> 0 | AT6: =[2]หน้าผ้า!DZ15 -> 0 | AU6: =[2]หน้าผ้า!EA15 -> 0 | AV6: =[2]หน้าผ้า!EB15 -> 0 | AW6: =[2]หน้าผ้า!EC15 -> 0 | AX6: =[2]หน้าผ้า!ED15 -> 0 | AY6: =[2]หน้าผ้า!AG15 -> 0 | AZ6: =[2]หน้าผ้า!EG15 -> 0 | BA6: =[2]หน้าผ้า!EH15 -> 0 | BB6: =[2]หน้าผ้า!EI15 -> 0 | BC6: =[2]หน้าผ้า!BZ15 -> WRWT120750/WRWT21750 | BD6: =[2]หน้าผ้า!CA15 -> 0
A7: =[2]หน้าผ้า!C16 -> 0 | B7: =[2]หน้าผ้า!B16 -> 0 | C7: =[2]หน้าผ้า!E16 -> 0 | D7: =[2]หน้าผ้า!F16 -> 0 | E7: =[2]หน้าผ้า!G16 -> 14 | F7: =[2]หน้าผ้า!H16 -> 22 | G7: =[2]หน้าผ้า!I16 -> ขาว | H7: =[2]หน้าผ้า!J16 -> 0 | I7: =[2]หน้าผ้า!L16 -> 36 | J7: =[2]หน้าผ้า!M16 -> ± | K7: =[2]หน้าผ้า!N16 -> 5 | L7: =[2]หน้าผ้า!R16 -> 0 | M7: =[2]หน้าผ้า!T16 -> 0 | N7: =[2]หน้าผ้า!U16 -> 0 | O7: =[2]หน้าผ้า!V16 -> 0 | P7: =[2]หน้าผ้า!AB16 -> 0 | Q7: =[2]หน้าผ้า!AC16 -> 0 | R7: =[2]หน้าผ้า!AD16 -> 0 | S7: =[2]หน้าผ้า!Z16 -> 0 | T7: =[2]หน้าผ้า!X16 -> 0 | U7: =[2]หน้าผ้า!AA16 -> 0 | V7: =[2]หน้าผ้า!AJ16 -> 0 | W7: =[2]หน้าผ้า!AL16 -> 0 | X7: =[2]หน้าผ้า!AM16 -> 0 | Y7: =[2]หน้าผ้า!AN16 -> 0 | Z7: =[2]หน้าผ้า!AO16 -> WSWT1425800 | AA7: =[2]หน้าผ้า!AQ16 -> #REF! | AB7: =[2]หน้าผ้า!AR16 -> #REF! | AC7: =[2]หน้าผ้า!AS16 -> #REF! | AD7: =[2]หน้าผ้า!AT16 -> #REF! | AE7: =[2]หน้าผ้า!AU16 -> #REF! | AF7: =[2]หน้าผ้า!AI16 -> ระบุในSD | AG7: =[3]หน้าผ้า!DC19 -> รอตัด | AH7: =[2]หน้าผ้า!DL16 -> 0 | AI7: =[2]หน้าผ้า!DM16 -> Lead time | AJ7: =[2]หน้าผ้า!DN16 -> 0 | AK7: =[2]หน้าผ้า!DQ16 -> 0 | AL7: =[2]หน้าผ้า!DR16 -> 0 | AM7: =[2]หน้าผ้า!DS16 -> 0 | AN7: =[2]หน้าผ้า!DT16 -> 0 | AO7: =[2]หน้าผ้า!DU16 -> 0 | AP7: =[2]หน้าผ้า!DP16 -> 0 | AQ7: =[2]หน้าผ้า!DW16 -> 0 | AR7: =[2]หน้าผ้า!DX16 -> 0 | AS7: =[2]หน้าผ้า!DY16 -> 0 | AT7: =[2]หน้าผ้า!DZ16 -> 0 | AU7: =[2]หน้าผ้า!EA16 -> 0 | AV7: =[2]หน้าผ้า!EB16 -> 0 | AW7: =[2]หน้าผ้า!EC16 -> 0 | AX7: =[2]หน้าผ้า!ED16 -> 0 | AY7: =[2]หน้าผ้า!AG16 -> 0 | AZ7: =[2]หน้าผ้า!EG16 -> 0 | BA7: =[2]หน้าผ้า!EH16 -> 0 | BB7: =[2]หน้าผ้า!EI16 -> 0 | BC7: =[2]หน้าผ้า!BZ16 -> WRWT140800/WRWT25800 | BD7: =[2]หน้าผ้า!CA16 -> 0
A8: =[2]หน้าผ้า!C17 -> 45896 | B8: =[2]หน้าผ้า!B17 -> MK68-001041 | C8: =[2]หน้าผ้า!E17 -> บจก.ซัน ซีเมนต์ โพรเซส | D8: =[2]หน้าผ้า!F17 -> พระอาทิตย์ | E8: =[2]หน้าผ้า!G17 -> 16 | F8: =[2]หน้าผ้า!H17 -> 25 | G8: =[2]หน้าผ้า!I17 -> ขาว | H8: =[2]หน้าผ้า!J17 -> ใส | I8: =[2]หน้าผ้า!L17 -> 50 | J8: =[2]หน้าผ้า!M17 -> ± | K8: =[2]หน้าผ้า!N17 -> 5 | L8: =[2]หน้าผ้า!R17 -> บิด | M8: =[2]หน้าผ้า!T17 -> 19 | N8: =[2]หน้าผ้า!U17 -> 28 | O8: =[2]หน้าผ้า!V17 -> 40 | P8: =[2]หน้าผ้า!AB17 -> 5.7749686 | Q8: =[2]หน้าผ้า!AC17 -> 0 | R8: =[2]หน้าผ้า!AD17 -> 5.7749686 | S8: =[2]หน้าผ้า!Z17 -> 500กระสอบ | T8: =[2]หน้าผ้า!X17 -> 45915 | U8: =[2]หน้าผ้า!AA17 -> 5000 | V8: =[2]หน้าผ้า!AJ17 -> 4560 | W8: =[2]หน้าผ้า!AL17 -> 440 | X8: =[2]หน้าผ้า!AM17 -> 5800 | Y8: =[2]หน้าผ้า!AN17 -> 0 | Z8: =[2]หน้าผ้า!AO17 -> WSWT1625800SM | AA8: =[2]หน้าผ้า!AQ17 -> 0 | AB8: =[2]หน้าผ้า!AR17 -> 0 | AC8: =[2]หน้าผ้า!AS17 -> 0 | AD8: =[2]หน้าผ้า!AT17 -> 0 | AE8: =[2]หน้าผ้า!AU17 -> 0 | AF8: =[2]หน้าผ้า!AI17 -> 0 | AG8: =[3]หน้าผ้า!DC20 -> พร้อมส่ง | AH8: =[2]หน้าผ้า!DL17 -> P8 | AI8: =[2]หน้าผ้า!DM17 -> 4 | AJ8: =[2]หน้าผ้า!DN17 -> 45915 | AK8: =[2]หน้าผ้า!DQ17 -> 45911 | AL8: =[2]หน้าผ้า!DR17 -> 45905 | AM8: =[2]หน้าผ้า!DS17 -> 45912 | AN8: =[2]หน้าผ้า!DT17 -> 45913 | AO8: =[2]หน้าผ้า!DU17 -> 45913 | AP8: =[2]หน้าผ้า!DP17 -> 45910 | AQ8: =[2]หน้าผ้า!DW17 -> 45914 | AR8: =[2]หน้าผ้า!DX17 -> 0 | AS8: =[2]หน้าผ้า!DY17 -> 0 | AT8: =[2]หน้าผ้า!DZ17 -> 0 | AU8: =[2]หน้าผ้า!EA17 -> 0 | AV8: =[2]หน้าผ้า!EB17 -> 0 | AW8: =[2]หน้าผ้า!EC17 -> งานเคลือบ+พิมพ์ | AX8: =[2]หน้าผ้า!ED17 -> / | AY8: =[2]หน้าผ้า!AG17 -> รอลูกค้า | AZ8: =[2]หน้าผ้า!EG17 -> 0 | BA8: =[2]หน้าผ้า!EH17 -> 0 | BB8: =[2]หน้าผ้า!EI17 -> 0 | BC8: =[2]หน้าผ้า!BZ17 -> WRWT25800/WRWT25800 | BD8: =[2]หน้าผ้า!CA17 -> 0
A9: =[2]หน้าผ้า!C18 -> 0 | B9: =[2]หน้าผ้า!B18 -> 0 | C9: =[2]หน้าผ้า!E18 -> 0 | D9: =[2]หน้าผ้า!F18 | E9: =[2]หน้าผ้า!G18 -> 16 | F9: =[2]หน้าผ้า!H18 -> 25 | G9: =[2]หน้าผ้า!I18 -> ขาว | H9: =[2]หน้าผ้า!J18 -> 0 | I9: =[2]หน้าผ้า!L18 -> 45 | J9: =[2]หน้าผ้า!M18 -> ± | K9: =[2]หน้าผ้า!N18 -> 5 | L9: =[2]หน้าผ้า!R18 -> 0 | M9: =[2]หน้าผ้า!T18 -> 0 | N9: =[2]หน้าผ้า!U18 -> 0 | O9: =[2]หน้าผ้า!V18 -> 0 | P9: =[2]หน้าผ้า!AB18 -> 0 | Q9: =[2]หน้าผ้า!AC18 -> 0 | R9: =[2]หน้าผ้า!AD18 -> 0 | S9: =[2]หน้าผ้า!Z18 -> 0 | T9: =[2]หน้าผ้า!X18 -> 0 | U9: =[2]หน้าผ้า!AA18 -> 0 | V9: =[2]หน้าผ้า!AJ18 -> 0 | W9: =[2]หน้าผ้า!AL18 -> 0 | X9: =[2]หน้าผ้า!AM18 -> 0 | Y9: =[2]หน้าผ้า!AN18 -> 0 | Z9: =[2]หน้าผ้า!AO18 -> WSWT1625800SM | AA9: =[2]หน้าผ้า!AQ18 -> 0 | AB9: =[2]หน้าผ้า!AR18 -> 0 | AC9: =[2]หน้าผ้า!AS18 -> 0 | AD9: =[2]หน้าผ้า!AT18 -> 0 | AE9: =[2]หน้าผ้า!AU18 -> 0 | AF9: =[2]หน้าผ้า!AI18 -> ระบุในSD | AG9: =[3]หน้าผ้า!DC21 -> พร้อมส่ง | AH9: =[2]หน้าผ้า!DL18 -> 0 | AI9: =[2]หน้าผ้า!DM18 -> Lead time | AJ9: =[2]หน้าผ้า!DN18 -> 0 | AK9: =[2]หน้าผ้า!DQ18 -> 0 | AL9: =[2]หน้าผ้า!DR18 -> 0 | AM9: =[2]หน้าผ้า!DS18 -> 0 | AN9: =[2]หน้าผ้า!DT18 -> 0 | AO9: =[2]หน้าผ้า!DU18 -> 0 | AP9: =[2]หน้าผ้า!DP18 -> 0 | AQ9: =[2]หน้าผ้า!DW18 -> 0 | AR9: =[2]หน้าผ้า!DX18 -> 0 | AS9: =[2]หน้าผ้า!DY18 -> 0 | AT9: =[2]หน้าผ้า!DZ18 -> 0 | AU9: =[2]หน้าผ้า!EA18 -> 0 | AV9: =[2]หน้าผ้า!EB18 -> 0 | AW9: =[2]หน้าผ้า!EC18 -> 0 | AX9: =[2]หน้าผ้า!ED18 -> 0 | AY9: =[2]หน้าผ้า!AG18 -> 0 | AZ9: =[2]หน้าผ้า!EG18 -> 0 | BA9: =[2]หน้าผ้า!EH18 -> 0 | BB9: =[2]หน้าผ้า!EI18 -> 0 | BC9: =[2]หน้าผ้า!BZ18 -> WRWT160800/WRWT25800 | BD9: =[2]หน้าผ้า!CA18 -> 0
A10: =[2]หน้าผ้า!C19 -> 45897 | B10: =[2]หน้าผ้า!B19 -> MK68-001045 | C10: =[2]หน้าผ้า!E19 -> บจก.เคอรี่ฟลาวมิลล์ | D10: =[2]หน้าผ้า!F19 -> น้องเอินโดนัท 10กก | E10: =[2]หน้าผ้า!G19 -> 16 | F10: =[2]หน้าผ้า!H19 -> 25 | G10: =[2]หน้าผ้า!I19 -> ขาว | H10: =[2]หน้าผ้า!J19 -> 0 | I10: =[2]หน้าผ้า!L19 -> 45 | J10: =[2]หน้าผ้า!M19 -> ± | K10: =[2]หน้าผ้า!N19 -> 5 | L10: =[2]หน้าผ้า!R19 -> ไม่ | M10: =[2]หน้าผ้า!T19 -> ไม่สวมถุงใน | N10: =[2]หน้าผ้า!U19 -> 0 | O10: =[2]หน้าผ้า!V19 -> 0 | P10: =[2]หน้าผ้า!AB19 -> 0 | Q10: =[2]หน้าผ้า!AC19 -> 0 | R10: =[2]หน้าผ้า!AD19 -> 0 | S10: =[2]หน้าผ้า!Z19 -> ห่ออัดเบลแบน500 | T10: =[2]หน้าผ้า!X19 -> 45925 | U10: =[2]หน้าผ้า!AA19 -> 5000 | V10: =[2]หน้าผ้า!AJ19 -> 0 | W10: =[2]หน้าผ้า!AL19 -> 5000 | X10: =[2]หน้าผ้า!AM19 -> 5400 | Y10: =[2]หน้าผ้า!AN19 -> 0 | Z10: =[2]หน้าผ้า!AO19 -> WSWT1625800 | AA10: =[2]หน้าผ้า!AQ19 -> 0 | AB10: =[2]หน้าผ้า!AR19 -> 0 | AC10: =[2]หน้าผ้า!AS19 -> 0 | AD10: =[2]หน้าผ้า!AT19 -> 0 | AE10: =[2]หน้าผ้า!AU19 -> 0 | AF10: =[2]หน้าผ้า!AI19 -> 0 | AG10: =[3]หน้าผ้า!DC22 -> พร้อมส่ง | AH10: =[2]หน้าผ้า!DL19 -> P7 | AI10: =[2]หน้าผ้า!DM19 -> 2 | AJ10: =[2]หน้าผ้า!DN19 -> 45925 | AK10: =[2]หน้าผ้า!DQ19 -> 0 | AL10: =[2]หน้าผ้า!DR19 -> 45916 | AM10: =[2]หน้าผ้า!DS19 -> 45923 | AN10: =[2]หน้าผ้า!DT19 -> 45924 | AO10: =[2]หน้าผ้า!DU19 -> 45924 | AP10: =[2]หน้าผ้า!DP19 -> 45920 | AQ10: =[2]หน้าผ้า!DW19 -> 0 | AR10: =[2]หน้าผ้า!DX19 -> 0 | AS10: =[2]หน้าผ้า!DY19 -> 0 | AT10: =[2]หน้าผ้า!DZ19 -> 0 | AU10: =[2]หน้าผ้า!EA19 -> 0 | AV10: =[2]หน้าผ้า!EB19 -> 0 | AW10: =[2]หน้าผ้า!EC19 -> งานพิมพ์ | AX10: =[2]หน้าผ้า!ED19 -> รอART | AY10: =[2]หน้าผ้า!AG19 -> 0 | AZ10: =[2]หน้าผ้า!EG19 -> 0 | BA10: =[2]หน้าผ้า!EH19 -> 0 | BB10: =[2]หน้าผ้า!EI19 -> 0 | BC10: =[2]หน้าผ้า!BZ19 -> WRWT25800/WRWT25800 | BD10: =[2]หน้าผ้า!CA19 -> 0
A11: =[2]หน้าผ้า!C20 -> 0 | B11: =[2]หน้าผ้า!B20 -> 0 | C11: =[2]หน้าผ้า!E20 -> 0 | D11: =[2]หน้าผ้า!F20 -> 0 | E11: =[2]หน้าผ้า!G20 -> 16 | F11: =[2]หน้าผ้า!H20 -> 25 | G11: =[2]หน้าผ้า!I20 -> ขาว | H11: =[2]หน้าผ้า!J20 -> 0 | I11: =[2]หน้าผ้า!L20 -> 45 | J11: =[2]หน้าผ้า!M20 -> ± | K11: =[2]หน้าผ้า!N20 -> 5 | L11: =[2]หน้าผ้า!R20 -> 0 | M11: =[2]หน้าผ้า!T20 -> 0 | N11: =[2]หน้าผ้า!U20 -> 0 | O11: =[2]หน้าผ้า!V20 -> 0 | P11: =[2]หน้าผ้า!AB20 -> 0 | Q11: =[2]หน้าผ้า!AC20 -> 0 | R11: =[2]หน้าผ้า!AD20 -> 0 | S11: =[2]หน้าผ้า!Z20 -> 0 | T11: =[2]หน้าผ้า!X20 -> 0 | U11: =[2]หน้าผ้า!AA20 -> 0 | V11: =[2]หน้าผ้า!AJ20 -> 0 | W11: =[2]หน้าผ้า!AL20 -> 0 | X11: =[2]หน้าผ้า!AM20 -> 0 | Y11: =[2]หน้าผ้า!AN20 -> 0 | Z11: =[2]หน้าผ้า!AO20 -> WSWT1625800 | AA11: =[2]หน้าผ้า!AQ20 -> 0 | AB11: =[2]หน้าผ้า!AR20 -> 0 | AC11: =[2]หน้าผ้า!AS20 -> 0 | AD11: =[2]หน้าผ้า!AT20 -> 0 | AE11: =[2]หน้าผ้า!AU20 -> 0 | AF11: =[2]หน้าผ้า!AI20 -> ระบุในSD | AG11: =[3]หน้าผ้า!DC23 -> ยังไม่ได้พิมพ์ | AH11: =[2]หน้าผ้า!DL20 -> 0 | AI11: =[2]หน้าผ้า!DM20 -> Lead time | AJ11: =[2]หน้าผ้า!DN20 -> 0 | AK11: =[2]หน้าผ้า!DQ20 -> 0 | AL11: =[2]หน้าผ้า!DR20 -> 0 | AM11: =[2]หน้าผ้า!DS20 -> 0 | AN11: =[2]หน้าผ้า!DT20 -> 0 | AO11: =[2]หน้าผ้า!DU20 -> 0 | AP11: =[2]หน้าผ้า!DP20 -> 0 | AQ11: =[2]หน้าผ้า!DW20 -> 0 | AR11: =[2]หน้าผ้า!DX20 -> 0 | AS11: =[2]หน้าผ้า!DY20 -> 0 | AT11: =[2]หน้าผ้า!DZ20 -> 0 | AU11: =[2]หน้าผ้า!EA20 -> 0 | AV11: =[2]หน้าผ้า!EB20 -> 0 | AW11: =[2]หน้าผ้า!EC20 -> 0 | AX11: =[2]หน้าผ้า!ED20 -> 0 | AY11: =[2]หน้าผ้า!AG20 -> 0 | AZ11: =[2]หน้าผ้า!EG20 -> 0 | BA11: =[2]หน้าผ้า!EH20 -> 0 | BB11: =[2]หน้าผ้า!EI20 -> 0 | BC11: =[2]หน้าผ้า!BZ20 -> WRWT160800/WRWT25800 | BD11: =[2]หน้าผ้า!CA20 -> 0
A12: =[2]หน้าผ้า!C21 -> 0 | B12: =[2]หน้าผ้า!B21 -> 0 | C12: =[2]หน้าผ้า!E21 -> 0 | D12: =[2]หน้าผ้า!F21 -> 0 | E12: =[2]หน้าผ้า!G21 -> 16 | F12: =[2]หน้าผ้า!H21 -> 25 | G12: =[2]หน้าผ้า!I21 -> 0 | H12: =[2]หน้าผ้า!J21 -> 0 | I12: =[2]หน้าผ้า!L21 -> 47 | J12: =[2]หน้าผ้า!M21 -> ± | K12: =[2]หน้าผ้า!N21 -> 5 | L12: =[2]หน้าผ้า!R21 -> 0 | M12: =[2]หน้าผ้า!T21 -> 0 | N12: =[2]หน้าผ้า!U21 -> 0 | O12: =[2]หน้าผ้า!V21 -> 0 | P12: =[2]หน้าผ้า!AB21 -> 0 | Q12: =[2]หน้าผ้า!AC21 -> 0 | R12: =[2]หน้าผ้า!AD21 -> 0 | S12: =[2]หน้าผ้า!Z21 -> 0 | T12: =[2]หน้าผ้า!X21 -> 0 | U12: =[2]หน้าผ้า!AA21 -> 0 | V12: =[2]หน้าผ้า!AJ21 -> 0 | W12: =[2]หน้าผ้า!AL21 -> 0 | X12: =[2]หน้าผ้า!AM21 -> 0 | Y12: =[2]หน้าผ้า!AN21 -> 0 | Z12: =[2]หน้าผ้า!AO21 -> WSWT1621720SMFX | AA12: =[2]หน้าผ้า!AQ21 -> #REF! | AB12: =[2]หน้าผ้า!AR21 -> #REF! | AC12: =[2]หน้าผ้า!AS21 -> #REF! | AD12: =[2]หน้าผ้า!AT21 -> #REF! | AE12: =[2]หน้าผ้า!AU21 -> #REF! | AF12: =[2]หน้าผ้า!AI21 -> ระบุในSD | AG12: =[3]หน้าผ้า!DC24 -> พร้อมส่ง | AH12: =[2]หน้าผ้า!DL21 -> 0 | AI12: =[2]หน้าผ้า!DM21 -> 0 | AJ12: =[2]หน้าผ้า!DN21 -> 0 | AK12: =[2]หน้าผ้า!DQ21 -> 0 | AL12: =[2]หน้าผ้า!DR21 -> 0 | AM12: =[2]หน้าผ้า!DS21 -> 0 | AN12: =[2]หน้าผ้า!DT21 -> 0 | AO12: =[2]หน้าผ้า!DU21 -> 0 | AP12: =[2]หน้าผ้า!DP21 -> 0 | AQ12: =[2]หน้าผ้า!DW21 -> 0 | AR12: =[2]หน้าผ้า!DX21 -> 0 | AS12: =[2]หน้าผ้า!DY21 -> 0 | AT12: =[2]หน้าผ้า!DZ21 -> 0 | AU12: =[2]หน้าผ้า!EA21 -> 0 | AV12: =[2]หน้าผ้า!EB21 -> 0 | AW12: =[2]หน้าผ้า!EC21 -> 0 | AX12: =[2]หน้าผ้า!ED21 -> 0 | AY12: =[2]หน้าผ้า!AG21 -> 0 | AZ12: =[2]หน้าผ้า!EG21 -> 0 | BA12: =[2]หน้าผ้า!EH21 -> 0 | BB12: =[2]หน้าผ้า!EI21 -> 0 | BC12: =[2]หน้าผ้า!BZ21 -> WRWT160720/WRWT21720 | BD12: =[2]หน้าผ้า!CA21 -> 0
A13: =[2]หน้าผ้า!C22 -> 0 | B13: =[2]หน้าผ้า!B22 -> 0 | C13: =[2]หน้าผ้า!E22 -> 0 | D13: =[2]หน้าผ้า!F22 -> 0 | E13: =[2]หน้าผ้า!G22 -> 17 | F13: =[2]หน้าผ้า!H22 -> 26 | G13: =[2]หน้าผ้า!I22 -> 0 | H13: =[2]หน้าผ้า!J22 -> 0 | I13: =[2]หน้าผ้า!L22 -> 48 | J13: =[2]หน้าผ้า!M22 -> ± | K13: =[2]หน้าผ้า!N22 -> 5 | L13: =[2]หน้าผ้า!R22 -> 0 | M13: =[2]หน้าผ้า!T22 -> 0 | N13: =[2]หน้าผ้า!U22 -> 0 | O13: =[2]หน้าผ้า!V22 -> 0 | P13: =[2]หน้าผ้า!AB22 -> 0 | Q13: =[2]หน้าผ้า!AC22 -> 0 | R13: =[2]หน้าผ้า!AD22 -> 0 | S13: =[2]หน้าผ้า!Z22 -> 0 | T13: =[2]หน้าผ้า!X22 -> 0 | U13: =[2]หน้าผ้า!AA22 -> 0 | V13: =[2]หน้าผ้า!AJ22 -> 0 | W13: =[2]หน้าผ้า!AL22 -> 0 | X13: =[2]หน้าผ้า!AM22 -> 0 | Y13: =[2]หน้าผ้า!AN22 -> 0 | Z13: =[2]หน้าผ้า!AO22 -> WSWT1725800 | AA13: =[2]หน้าผ้า!AQ22 -> #REF! | AB13: =[2]หน้าผ้า!AR22 -> #REF! | AC13: =[2]หน้าผ้า!AS22 -> #REF! | AD13: =[2]หน้าผ้า!AT22 -> #REF! | AE13: =[2]หน้าผ้า!AU22 -> #REF! | AF13: =[2]หน้าผ้า!AI22 -> ระบุในSD | AG13: =[3]หน้าผ้า!DC25 -> ยังไม่ได้พิมพ์ | AH13: =[2]หน้าผ้า!DL22 -> 0 | AI13: =[2]หน้าผ้า!DM22 -> 0 | AJ13: =[2]หน้าผ้า!DN22 -> 0 | AK13: =[2]หน้าผ้า!DQ22 -> 0 | AL13: =[2]หน้าผ้า!DR22 -> 0 | AM13: =[2]หน้าผ้า!DS22 -> 0 | AN13: =[2]หน้าผ้า!DT22 -> 0 | AO13: =[2]หน้าผ้า!DU22 -> 0 | AP13: =[2]หน้าผ้า!DP22 -> 0 | AQ13: =[2]หน้าผ้า!DW22 -> 0 | AR13: =[2]หน้าผ้า!DX22 -> 0 | AS13: =[2]หน้าผ้า!DY22 -> 0 | AT13: =[2]หน้าผ้า!DZ22 -> 0 | AU13: =[2]หน้าผ้า!EA22 -> 0 | AV13: =[2]หน้าผ้า!EB22 -> 0 | AW13: =[2]หน้าผ้า!EC22 -> 0 | AX13: =[2]หน้าผ้า!ED22 -> 0 | AY13: =[2]หน้าผ้า!AG22 -> 0 | AZ13: =[2]หน้าผ้า!EG22 -> 0 | BA13: =[2]หน้าผ้า!EH22 -> 0 | BB13: =[2]หน้าผ้า!EI22 -> 0 | BC13: =[2]หน้าผ้า!BZ22 -> WRWT170800/WRWT25800 | BD13: =[2]หน้าผ้า!CA22 -> 0
A14: =[2]หน้าผ้า!C23 -> ประมาณการ | B14: =[2]หน้าผ้า!B23 -> ประมาณการ | C14: =[2]หน้าผ้า!E23 -> บจก.ฟาร์เธอร์ส วิง ซัพพลาย | D14: =[2]หน้าผ้า!F23 -> รถไฟ | E14: =[2]หน้าผ้า!G23 -> 18 | F14: =[2]หน้าผ้า!H23 -> 30 | G14: =[2]หน้าผ้า!I23 -> ขาว | H14: =[2]หน้าผ้า!J23 -> 0 | I14: =[2]หน้าผ้า!L23 -> 54 | J14: =[2]หน้าผ้า!M23 -> ± | K14: =[2]หน้าผ้า!N23 -> 5 | L14: =[2]หน้าผ้า!R23 -> บิด | M14: =[2]หน้าผ้า!T23 -> 19 | N14: =[2]หน้าผ้า!U23 -> 33 | O14: =[2]หน้าผ้า!V23 -> 40 | P14: =[2]หน้าผ้า!AB23 -> 232.02999 | Q14: =[2]หน้าผ้า!AC23 -> 0 | R14: =[2]หน้าผ้า!AD23 -> 232.02999 | S14: =[2]หน้าผ้า!Z23 -> 500กระสอบ | T14: =[2]หน้าผ้า!X23 -> รอแจ้ง | U14: =[2]หน้าผ้า!AA23 -> 15000 | V14: =[2]หน้าผ้า!AJ23 -> 0 | W14: =[2]หน้าผ้า!AL23 -> 15000 | X14: =[2]หน้าผ้า!AM23 -> 0 | Y14: =[2]หน้าผ้า!AN23 -> 15750 | Z14: =[2]หน้าผ้า!AO23 -> WSWT1825800 | AA14: =[2]หน้าผ้า!AQ23 -> 13201.65 | AB14: =[2]หน้าผ้า!AR23 -> 2599 | AC14: =[2]หน้าผ้า!AS23 -> 10602.65 | AD14: =[2]หน้าผ้า!AT23 -> 0 | AE14: =[2]หน้าผ้า!AU23 -> 0 | AF14: =[2]หน้าผ้า!AI23 -> 0 | AG14: =[3]หน้าผ้า!DC26 -> พร้อมส่ง | AH14: =[2]หน้าผ้า!DL23 -> P9 | AI14: =[2]หน้าผ้า!DM23 -> 3 | AJ14: =[2]หน้าผ้า!DN23 -> รอแจ้ง | AK14: =[2]หน้าผ้า!DQ23 -> 0 | AL14: =[2]หน้าผ้า!DR23 -> #VALUE! | AM14: =[2]หน้าผ้า!DS23 -> #VALUE! | AN14: =[2]หน้าผ้า!DT23 -> #VALUE! | AO14: =[2]หน้าผ้า!DU23 -> #VALUE! | AP14: =[2]หน้าผ้า!DP23 -> #VALUE! | AQ14: =[2]หน้าผ้า!DW23 -> #VALUE! | AR14: =[2]หน้าผ้า!DX23 -> 0 | AS14: =[2]หน้าผ้า!DY23 -> 0 | AT14: =[2]หน้าผ้า!DZ23 -> 0 | AU14: =[2]หน้าผ้า!EA23 -> 0 | AV14: =[2]หน้าผ้า!EB23 -> 0 | AW14: =[2]หน้าผ้า!EC23 -> งานพิมพ์ | AX14: =[2]หน้าผ้า!ED23 -> รอART | AY14: =[2]หน้าผ้า!AG23 -> 0 | AZ14: =[2]หน้าผ้า!EG23 -> 0 | BA14: =[2]หน้าผ้า!EH23 -> 0 | BB14: =[2]หน้าผ้า!EI23 -> 0 | BC14: =[2]หน้าผ้า!BZ23 -> WRWT25800/WRWT25800 | BD14: =[2]หน้าผ้า!CA23 -> 729.46232
A15: =[2]หน้าผ้า!C24 -> 0 | B15: =[2]หน้าผ้า!B24 -> 0 | C15: =[2]หน้าผ้า!E24 | D15: =[2]หน้าผ้า!F24 | E15: =[2]หน้าผ้า!G24 -> 18 | F15: =[2]หน้าผ้า!H24 -> 30 | G15: =[2]หน้าผ้า!I24 -> ขาว | H15: =[2]หน้าผ้า!J24 -> 0 | I15: =[2]หน้าผ้า!L24 -> 54 | J15: =[2]หน้าผ้า!M24 -> ± | K15: =[2]หน้าผ้า!N24 -> 5 | L15: =[2]หน้าผ้า!R24 -> 0 | M15: =[2]หน้าผ้า!T24 -> 0 | N15: =[2]หน้าผ้า!U24 -> 0 | O15: =[2]หน้าผ้า!V24 -> 0 | P15: =[2]หน้าผ้า!AB24 -> 0 | Q15: =[2]หน้าผ้า!AC24 -> 0 | R15: =[2]หน้าผ้า!AD24 -> 0 | S15: =[2]หน้าผ้า!Z24 -> 0 | T15: =[2]หน้าผ้า!X24 -> 0 | U15: =[2]หน้าผ้า!AA24 -> 0 | V15: =[2]หน้าผ้า!AJ24 -> 0 | W15: =[2]หน้าผ้า!AL24 -> 0 | X15: =[2]หน้าผ้า!AM24 -> 0 | Y15: =[2]หน้าผ้า!AN24 -> 0 | Z15: =[2]หน้าผ้า!AO24 -> WSWT1825800 | AA15: =[2]หน้าผ้า!AQ24 -> 13201.65 | AB15: =[2]หน้าผ้า!AR24 -> 2599 | AC15: =[2]หน้าผ้า!AS24 -> 10602.65 | AD15: =[2]หน้าผ้า!AT24 -> 0 | AE15: =[2]หน้าผ้า!AU24 -> 0 | AF15: =[2]หน้าผ้า!AI24 -> ระบุในSD | AG15: =[3]หน้าผ้า!DC27 -> พร้อมส่ง | AH15: =[2]หน้าผ้า!DL24 -> 0 | AI15: =[2]หน้าผ้า!DM24 -> Lead time | AJ15: =[2]หน้าผ้า!DN24 -> 0 | AK15: =[2]หน้าผ้า!DQ24 -> 0 | AL15: =[2]หน้าผ้า!DR24 -> 0 | AM15: =[2]หน้าผ้า!DS24 -> 0 | AN15: =[2]หน้าผ้า!DT24 -> 0 | AO15: =[2]หน้าผ้า!DU24 -> 0 | AP15: =[2]หน้าผ้า!DP24 -> 0 | AQ15: =[2]หน้าผ้า!DW24 -> 0 | AR15: =[2]หน้าผ้า!DX24 -> 0 | AS15: =[2]หน้าผ้า!DY24 -> 0 | AT15: =[2]หน้าผ้า!DZ24 -> 0 | AU15: =[2]หน้าผ้า!EA24 -> 0 | AV15: =[2]หน้าผ้า!EB24 -> 0 | AW15: =[2]หน้าผ้า!EC24 -> 0 | AX15: =[2]หน้าผ้า!ED24 -> 0 | AY15: =[2]หน้าผ้า!AG24 -> 0 | AZ15: =[2]หน้าผ้า!EG24 -> 0 | BA15: =[2]หน้าผ้า!EH24 -> 0 | BB15: =[2]หน้าผ้า!EI24 -> 0 | BC15: =[2]หน้าผ้า!BZ24 -> WRWT25800/WRWT25800 | BD15: =[2]หน้าผ้า!CA24 -> 0
A16: =[2]หน้าผ้า!C25 -> 45912 | B16: =[2]หน้าผ้า!B25 -> MK68-001111 | C16: =[2]หน้าผ้า!E25 -> บจก.ซิเบลโก้(บางเลน) | D16: =[2]หน้าผ้า!F25 -> PORTARYTE | E16: =[2]หน้าผ้า!G25 -> 18 | F16: =[2]หน้าผ้า!H25 -> 30 | G16: =[2]หน้าผ้า!I25 -> ขาว | H16: =[2]หน้าผ้า!J25 -> ใส | I16: =[2]หน้าผ้า!L25 -> 74 | J16: =[2]หน้าผ้า!M25 -> ± | K16: =[2]หน้าผ้า!N25 -> 5 | L16: =[2]หน้าผ้า!R25 -> ไม่ | M16: =[2]หน้าผ้า!T25 -> ไม่สวมถุงใน | N16: =[2]หน้าผ้า!U25 -> 0 | O16: =[2]หน้าผ้า!V25 -> 0 | P16: =[2]หน้าผ้า!AB25 -> 0 | Q16: =[2]หน้าผ้า!AC25 -> 0 | R16: =[2]หน้าผ้า!AD25 -> 0 | S16: =[2]หน้าผ้า!Z25 -> 500กระสอบแบน | T16: =[2]หน้าผ้า!X25 -> 45932 | U16: =[2]หน้าผ้า!AA25 -> 10000 | V16: =[2]หน้าผ้า!AJ25 -> 0 | W16: =[2]หน้าผ้า!AL25 -> 10000 | X16: =[2]หน้าผ้า!AM25 -> 0 | Y16: =[2]หน้าผ้า!AN25 -> 10500 | Z16: =[2]หน้าผ้า!AO25 -> WSWT1825800SM | AA16: =[2]หน้าผ้า!AQ25 -> 8801.1 | AB16: =[2]หน้าผ้า!AR25 -> 8801.1 | AC16: =[2]หน้าผ้า!AS25 -> 0 | AD16: =[2]หน้าผ้า!AT25 -> 1900 | AE16: =[2]หน้าผ้า!AU25 -> 6901.1 | AF16: =[2]หน้าผ้า!AI25 -> ห้ามเกิน-ขาดได้5% | AG16: =[3]หน้าผ้า!DC28 -> รอแบบ | AH16: =[2]หน้าผ้า!DL25 -> P6 | AI16: =[2]หน้าผ้า!DM25 -> 4 | AJ16: =[2]หน้าผ้า!DN25 -> 45932 | AK16: =[2]หน้าผ้า!DQ25 -> 45928 | AL16: =[2]หน้าผ้า!DR25 -> 45921 | AM16: =[2]หน้าผ้า!DS25 -> 45929 | AN16: =[2]หน้าผ้า!DT25 -> 45930 | AO16: =[2]หน้าผ้า!DU25 -> 45931 | AP16: =[2]หน้าผ้า!DP25 -> 45927 | AQ16: =[2]หน้าผ้า!DW25 -> 0 | AR16: =[2]หน้าผ้า!DX25 -> 0 | AS16: =[2]หน้าผ้า!DY25 -> 0 | AT16: =[2]หน้าผ้า!DZ25 -> 0 | AU16: =[2]หน้าผ้า!EA25 -> 0 | AV16: =[2]หน้าผ้า!EB25 -> 0 | AW16: =[2]หน้าผ้า!EC25 -> งานเคลือบ+พิมพ์ | AX16: =[2]หน้าผ้า!ED25 -> / | AY16: =[2]หน้าผ้า!AG25 -> 0 | AZ16: =[2]หน้าผ้า!EG25 -> 0 | BA16: =[2]หน้าผ้า!EH25 -> 0 | BB16: =[2]หน้าผ้า!EI25 -> 0 | BC16: =[2]หน้าผ้า!BZ25 -> WRWT25800/WRWT25800 | BD16: =[2]หน้าผ้า!CA25 -> 0
A17: =[2]หน้าผ้า!C26 -> 0 | B17: =[2]หน้าผ้า!B26 -> 0 | C17: =[2]หน้าผ้า!E26 -> 0 | D17: =[2]หน้าผ้า!F26 | E17: =[2]หน้าผ้า!G26 -> 18 | F17: =[2]หน้าผ้า!H26 -> 25 | G17: =[2]หน้าผ้า!I26 -> ขาว | H17: =[2]หน้าผ้า!J26 -> 0 | I17: =[2]หน้าผ้า!L26 -> 50 | J17: =[2]หน้าผ้า!M26 -> ± | K17: =[2]หน้าผ้า!N26 -> 5 | L17: =[2]หน้าผ้า!R26 -> 0 | M17: =[2]หน้าผ้า!T26 -> 0 | N17: =[2]หน้าผ้า!U26 -> 0 | O17: =[2]หน้าผ้า!V26 -> 0 | P17: =[2]หน้าผ้า!AB26 -> 0 | Q17: =[2]หน้าผ้า!AC26 -> 0 | R17: =[2]หน้าผ้า!AD26 -> 0 | S17: =[2]หน้าผ้า!Z26 -> 0 | T17: =[2]หน้าผ้า!X26 -> 0 | U17: =[2]หน้าผ้า!AA26 -> 0 | V17: =[2]หน้าผ้า!AJ26 -> 0 | W17: =[2]หน้าผ้า!AL26 -> 0 | X17: =[2]หน้าผ้า!AM26 -> 0 | Y17: =[2]หน้าผ้า!AN26 -> 0 | Z17: =[2]หน้าผ้า!AO26 -> WSWT1825800SM | AA17: =[2]หน้าผ้า!AQ26 -> 8801.1 | AB17: =[2]หน้าผ้า!AR26 -> 8801.1 | AC17: =[2]หน้าผ้า!AS26 -> 0 | AD17: =[2]หน้าผ้า!AT26 -> 1900 | AE17: =[2]หน้าผ้า!AU26 -> 6901.1 | AF17: =[2]หน้าผ้า!AI26 -> ระบุในSD | AG17: =[3]หน้าผ้า!DC29 -> ยังไม่ได้พิมพ์ | AH17: =[2]หน้าผ้า!DL26 -> 0 | AI17: =[2]หน้าผ้า!DM26 -> Lead time | AJ17: =[2]หน้าผ้า!DN26 -> 0 | AK17: =[2]หน้าผ้า!DQ26 -> 0 | AL17: =[2]หน้าผ้า!DR26 -> 0 | AM17: =[2]หน้าผ้า!DS26 -> 0 | AN17: =[2]หน้าผ้า!DT26 -> 0 | AO17: =[2]หน้าผ้า!DU26 -> 0 | AP17: =[2]หน้าผ้า!DP26 -> 0 | AQ17: =[2]หน้าผ้า!DW26 -> 0 | AR17: =[2]หน้าผ้า!DX26 -> 0 | AS17: =[2]หน้าผ้า!DY26 -> 0 | AT17: =[2]หน้าผ้า!DZ26 -> 0 | AU17: =[2]หน้าผ้า!EA26 -> 0 | AV17: =[2]หน้าผ้า!EB26 -> 0 | AW17: =[2]หน้าผ้า!EC26 -> 0 | AX17: =[2]หน้าผ้า!ED26 -> 0 | AY17: =[2]หน้าผ้า!AG26 -> 0 | AZ17: =[2]หน้าผ้า!EG26 -> 0 | BA17: =[2]หน้าผ้า!EH26 -> 0 | BB17: =[2]หน้าผ้า!EI26 -> 0 | BC17: =[2]หน้าผ้า!BZ26 -> WRWT180800/WRWT25800 | BD17: =[2]หน้าผ้า!CA26 -> 0
... A575: =[2]หน้าผ้า!C584 -> 0 | B575: =[2]หน้าผ้า!B584 -> 0 | C575: =[2]หน้าผ้า!E584 -> 0 | D575: =[2]หน้าผ้า!F584 -> 0 | E575: =[2]หน้าผ้า!G584 -> 0 | F575: =[2]หน้าผ้า!H584 -> 0 | G575: =[2]หน้าผ้า!I584 -> 0 | H575: =[2]หน้าผ้า!J584 -> 0 | I575: =[2]หน้าผ้า!L584 -> 0 | J575: =[2]หน้าผ้า!M584 -> 0 | K575: =[2]หน้าผ้า!N584 -> 0 | L575: =[2]หน้าผ้า!R584 -> 0 | M575: =[2]หน้าผ้า!T584 -> 0 | N575: =[2]หน้าผ้า!U584 -> 0 | O575: =[2]หน้าผ้า!V584 -> 0 | P575: =[2]หน้าผ้า!AB584 -> 0 | Q575: =[2]หน้าผ้า!AC584 -> 0 | R575: =[2]หน้าผ้า!AD584 -> 0 | S575: =[2]หน้าผ้า!Z584 -> 0 | T575: =[2]หน้าผ้า!X584 -> 0 | U575: =[2]หน้าผ้า!AA584 -> 0 | V575: =[2]หน้าผ้า!AJ584 -> 0 | W575: =[2]หน้าผ้า!AL584 -> 0 | X575: =[2]หน้าผ้า!AM584 -> 0 | Y575: =[2]หน้าผ้า!AN584 -> 0 | Z575: =[2]หน้าผ้า!AO584 -> 0 | AA575: =[2]หน้าผ้า!AQ584 -> 0 | AB575: =[2]หน้าผ้า!AR584 -> 0 | AC575: =[2]หน้าผ้า!AS584 -> 0 | AD575: =[2]หน้าผ้า!AT584 -> 0 | AE575: =[2]หน้าผ้า!AU584 -> 0 | AF575: =[2]หน้าผ้า!AI584 -> 0 | AG575: =[3]หน้าผ้า!DC587 -> 0 | AH575: =[2]หน้าผ้า!DL584 -> 0 | AI575: =[2]หน้าผ้า!DM584 -> 0 | AJ575: =[2]หน้าผ้า!DN584 -> 0 | AK575: =[2]หน้าผ้า!DQ584 -> 0 | AL575: =[2]หน้าผ้า!DR584 -> 0 | AM575: =[2]หน้าผ้า!DS584 -> 0 | AN575: =[2]หน้าผ้า!DT584 -> 0 | AO575: =[2]หน้าผ้า!DU584 -> 0 | AP575: =[2]หน้าผ้า!DP584 -> 0 | AQ575: =[2]หน้าผ้า!DW584 -> 0 | AR575: =[2]หน้าผ้า!DX584 -> 0 | AS575: =[2]หน้าผ้า!DY584 -> 0 | AT575: =[2]หน้าผ้า!DZ584 -> 0 | AU575: =[2]หน้าผ้า!EA584 -> 0 | AV575: =[2]หน้าผ้า!EB584 -> 0 | AW575: =[2]หน้าผ้า!EC584 -> 0 | AX575: =[2]หน้าผ้า!ED584 -> 0 | AY575: =[2]หน้าผ้า!AG584 -> 0 | AZ575: =[2]หน้าผ้า!EG584 -> 0 | BA575: =[2]หน้าผ้า!EH584 -> 0 | BB575: =[2]หน้าผ้า!EI584 -> 0 | BC575: =[2]หน้าผ้า!BZ584 -> 0 | BD575: =[2]หน้าผ้า!CA584 -> 0

Sheet 9(Order+FC)
A2: เลขที่ SO | B2: (หลายรายการ)
A3: วันส่ง | B3: (หลายรายการ)
A4: ชื่อลูกค้า | B4: (ทั้งหมด)
K5: 9
A6: ประเภท | B6: ผลรวม ของ จำนวนส่ง | C6: ผลรวม ของ ค้างพิมพ์ | D6: ผลรวม ของ ค้างตัด | E6: ผลรวม ของ ใช้ | F6: ผลรวม ของ Stock | G6: ผลรวม ของ ค้างทอ
A7: WSWT1921720 | B7: 205000 | C7: 75516 | D7: 146090 | E7: 104845.86 | F7: 54126.406 | G7: 50719.45 | H7: =+J7-I7 -> 50719.45 | J7: =G7 -> 50719.45
A8: WSWT19251000SM | B8: 10080 | C8: 9351.3 | D8: 8906 | E8: 8833.5942 | F8: 8833.5942 | G8: 0 | H8: =+J8-I8 -> 0 | J8: =G8 -> 0
A9: WSWT1925800 | B9: 110000 | C9: 62755.35 | D9: 59767 | E9: 53706.114 | F9: 14424 | G9: 39282.114 | H9: =+J9-I9 -> 39282.114 | J9: =G9 -> 39282.114
A10: WSWT2025800 | B10: 16200 | C10: 5250 | D10: 6360 | E10: 4679.95 | F10: 4679.95 | G10: 0 | H10: =+J10-I10 -> 0 | J10: =G10 -> 0
A11: WSWT2025800SM | B11: 260486 | C11: 175392 | D11: 180547 | E11: 176049.94 | F11: 27688.54 | G11: 148361.4 | H11: =+J11-I11 -> 148361.4 | J11: =G11 -> 148361.4
A12: WSWT2121670SM | B12: 51000 | C12: 36750 | D12: 35000 | E12: 37649.15 | F12: 37649.15 | G12: 0 | H12: =+J12-I12 -> 0 | J12: =G12 -> 0 | K12: 40000 | L12: =+K5*K12 -> 360000 | M12: =+L12-J12 -> 360000
A13: WSWT2321750 | B13: 10000 | C13: 0 | D13: 10000 | E13: 11595.1 | F13: 0 | G13: 11595.1 | H13: =+J13-I13 -> 11595.1 | J13: =G13 -> 11595.1 | K13: 14000 | L13: =+K13*K5 -> 126000 | M13: =+L13-J13 -> 114404.9
A14: WSWT2325650 | B14: 60000 | C14: 63000 | D14: 60000 | E14: 59512.2 | F14: 58373.1 | G14: 1139.1 | H14: =+J14-I14 -> 1139.1 | J14: =G14 -> 1139.1
A15: WSWT2625650 | B15: 17000 | C15: 12600 | D15: 12000 | E15: 14249.4 | F15: 12069.6 | G15: 2179.8 | H15: =+J15-I15 -> 2179.8 | J15: =G15 -> 2179.8 | K15: 20000 | L15: =+K15*K5 -> 180000 | M15: =+L15-J15 -> 177820.2
A16: WSWT2625800 | B16: 10000 | C16: 0 | D16: 10000 | E16: 12433.3 | F16: 12433.3 | G16: 0 | H16: =+J16-I16 -> 0 | J16: =G16 -> 0
A17: WSWT2625850SM | B17: 55000 | C17: 31526.25 | D17: 44600 | E17: 49423.922 | F17: 14316.971 | G17: 35106.951 | H17: =+J17-I17 -> 35106.951 | J17: =G17 -> 35106.951
A18: WSWT2825850 | B18: 68000 | C18: 50711.85 | D18: 53297 | E18: 64125.723 | F18: 30110 | G18: 34015.723 | H18: =+J18-I18 -> 34015.723 | J18: =G18 -> 34015.723
A19: ผลรวมทั้งหมด | B19: 872766 | C19: 522852.75 | D19: 626567 | E19: 597104.25 | F19: 274704.61 | G19: 322399.64 | H19: 0 | I19: 54000 | J19: =G19 -> 322399.64
H20: =+J20-I20 -> 0 | J20: =G20 -> 0
H21: =+J21-I21 -> 0 | J21: =G21 -> 0
H22: =+J22-I22 -> 0 | J22: =G22 -> 0
H23: =+J23-I23 -> 0 | J23: =G23 -> 0
H24: =+J24-I24 -> 0 | J24: =G24 -> 0
H25: =+J25-I25 -> 0 | J25: =G25 -> 0
H26: =+J26-I26 -> 0 | J26: =G26 -> 0
H27: =+J27-I27 -> 0 | J27: =G27 -> 0
H28: =+J28-I28 -> 0 | J28: =G28 -> 0 | M28: =+GETPIVOTDATA("ผลรวม ของ ใช้",$A$6)+H29+H33 -> 1009503.9
H29: =SUM(H7:H28) -> 322399.64 | I29: =SUM(I7:I28) -> 54000 | J29: =SUM(J7:J28) -> 644799.28
H32: =+H26 -> 0 | I32: 85 | J32: =+(H32+H29)*I32 -> 27403969 | K32: =+J32/1000 -> 27403.969
H33: 90000 | I33: 95 | J33: =+H33*I33 -> 8550000 | K33: =+J33/1000 -> 8550
H35: =+H32+H33+H29 -> 412399.64 | K35: =+K32+K33 -> 35953.969
N36: 705222
A37: ยอดส่ง 1/2/68 - 17/2/68 | B37: 1565717 | H37: 15 | I37: =+H35/H37 -> 27493.309
N38: =+H35+N36 -> 1117621.6
I39: =+H37*110000 -> 1650000
B41: =+B29+B37+B31-110000 -> 1455717 | C41: =+C29+C37+C31 -> 0 | D41: =+D29+D37+D31-110000 -> -110000 | E41: =+E29+E37+E31 -> 0 | F41: =+F29+F37+F31 -> 0 | G41: =+G29+G37+G31 -> 0
B43: 3218150
B45: =+B43-B41 -> 1762433
C47: =+C41/9 -> 0 | D47: =+D41/9 -> -12222.222

Sheet 9(Order)
A2: เลขที่ SO | B2: (หลายรายการ)
A3: วันส่ง | B3: (หลายรายการ)
A4: ชื่อลูกค้า | B4: (ทั้งหมด)
A6: ประเภท | B6: ผลรวม ของ จำนวนส่ง | C6: ผลรวม ของ ค้างพิมพ์ | D6: ผลรวม ของ ค้างตัด | E6: ผลรวม ของ ใช้ | F6: ผลรวม ของ Stock | G6: ผลรวม ของ ค้างทอ
A7: WSWT1625800 | B7: 5000 | C7: 0 | D7: 5000 | E7: 0 | F7: 0 | G7: 0 | I7: =+K7-J7 -> 0 | K7: =G7 -> 0
A8: WSWT1625800SM | B8: 5000 | C8: 0 | D8: 440 | E8: 0 | F8: 0 | G8: 0 | I8: =+K8-J8 -> 0 | K8: =G8 -> 0
A9: WSWT1921720 | B9: 205000 | C9: 75516 | D9: 146090 | E9: 104845.86 | F9: 54126.406 | G9: 50719.45 | I9: =+K9-J9 -> 50719.45 | K9: =G9 -> 50719.45
A10: WSWT19251000SM | B10: 10080 | C10: 9351.3 | D10: 8906 | E10: 8833.5942 | F10: 8833.5942 | G10: 0 | I10: =+K10-J10 -> 0 | K10: =G10 -> 0
A11: WSWT1925800 | B11: 50000 | C11: 0 | D11: 0 | E11: 0 | F11: 0 | G11: 0 | I11: =+K11-J11 -> 0 | K11: =G11 -> 0
A12: WSWT2025800 | B12: 16200 | C12: 5250 | D12: 6360 | E12: 4679.95 | F12: 4679.95 | G12: 0 | I12: =+K12-J12 -> 0 | K12: =G12 -> 0
A13: WSWT2025800SM | B13: 120486 | C13: 28392 | D13: 40547 | E13: 27688.54 | F13: 27688.54 | G13: 0 | I13: =+K13-J13 -> 0 | K13: =G13 -> 0
A14: WSWT2121670SM | B14: 51000 | C14: 36750 | D14: 35000 | E14: 37649.15 | F14: 37649.15 | G14: 0 | I14: =+K14-J14 -> 0 | K14: =G14 -> 0
A15: WSWT2321750 | B15: 10000 | C15: 0 | D15: 10000 | E15: 11595.1 | F15: 0 | G15: 11595.1 | I15: =+K15-J15 -> 11595.1 | K15: =G15 -> 11595.1
A16: WSWT2625650 | B16: 17000 | C16: 12600 | D16: 12000 | E16: 14249.4 | F16: 12069.6 | G16: 2179.8 | I16: =+K16-J16 -> 2179.8 | K16: =G16 -> 2179.8
A17: WSWT2625850SM | B17: 55000 | C17: 31526.25 | D17: 44600 | E17: 49423.922 | F17: 14316.971 | G17: 35106.951 | I17: 0 | J17: 54000 | K17: =G17 -> 35106.951
A18: WSWT2825850 | B18: 63000 | C18: 50711.85 | D18: 48297 | E18: 57350.273 | F18: 30110 | G18: 27240.273 | I18: =+K18-J18 -> 27240.273 | K18: =G18 -> 27240.273
A19: WSWTSCL0223211125 | B19: 10000 | C19: 0 | D19: 10000 | E19: 10198.1 | F19: 6920 | G19: 3278.1 | I19: =+K19-J19 -> 3278.1 | K19: =G19 -> 3278.1
A20: ผลรวมทั้งหมด | B20: 617766 | C20: 250097.4 | D20: 367240 | E20: 326513.88 | F20: 196394.21 | G20: 130119.67 | I20: =+K20-J20 -> 130119.67 | K20: =G20 -> 130119.67
I21: =+K21-J21 -> 0 | K21: =G21 -> 0
I22: =+K22-J22 -> 0 | K22: =G22 -> 0
I23: =+K23-J23 -> 0 | K23: =G23 -> 0
I24: =+K24-J24 -> 0 | K24: =G24 -> 0
I25: =+K25-J25 -> 0 | K25: =G25 -> 0
I26: =SUM(I7:I25) -> 225132.4 | J26: =SUM(J7:J25) -> 54000 | K26: =SUM(K7:K25) -> 260239.35
D34: =D18 -> 48297
D36: =D20 -> 367240
A37: ยอดส่ง 1/4/68 - 12/4/68 | B37: 887615
A38: Order+ส่ง | B38: =++B25+B37 -> 887615
A39: ประมาณการ | B39: 262000 | C39: 238350 | D39: 262000 | E39: 279847.04 | F39: 60825.09 | G39: 219021.95
A41: Order+ส่ง+ประมาณการ | B41: =+B25+B37+B39+B33 -> 1149615 | C41: =+C25+C37+C39+C33 -> 238350 | D41: =+D25+D37+D39+D33 -> 262000 | E41: =+E25+E37+E39+E33 -> 279847.04 | F41: =+F25+F37+F39+F33 -> 60825.09 | G41: =+G25+G37+G39+G33 -> 219021.95
B43: 3171376
B45: =+B41-B43 -> -2021761 | C45: =+$B$45 -> -2021761 | D45: =+$B$45 -> -2021761 | F45: =+$B$45 -> -2021761
D47: =+D41/6 -> 43666.667

Sheet 9(Order) แยกลูกค้า
A1: เลขที่ SO | B1: (หลายรายการ)
A2: วันส่ง | B2: (หลายรายการ)
A4: ประเภท | B4: ชื่อลูกค้า | C4: ผลรวม ของ จำนวนส่ง | D4: ผลรวม ของ ค้างพิมพ์ | E4: ผลรวม ของ ค้างตัด | F4: ผลรวม ของ Stock | G4: ผลรวม ของ ค้างทอ | I4: vn
A5: WSWT1921720 | B5: บจก.เคอรี่ฟลาวมิลล์ | C5: 50000 | D5: 52500 | E5: 50000 | F5: 0 | G5: 46799.5 | H5: =G5 -> 46799.5
A6: WSWT1921720 ผลรวม | C6: 50000 | D6: 52500 | E6: 50000 | F6: 0 | G6: 46799.5 | H6: =G6 -> 46799.5
A7: WSWT2025800SM | B7: บจก.เอพีเอ็ม อะโกร | C7: 4000 | D7: 0 | E7: 0 | F7: 0 | G7: 0 | H7: =G7 -> 0
B8: บจก.เอสพีเอ็ม อาหารสัตว์ | C8: 5000 | D8: 0 | E8: 527 | F8: 0 | G8: 0 | H8: =G8 -> 0
B9: บจก.เอ.เจ.ฟาร์ม่าแล็บ | C9: 16000 | D9: 16800 | E9: 16000 | F9: 15869.92 | G9: 0 | H9: =G9 -> 0
A10: WSWT2025800SM ผลรวม | C10: 25000 | D10: 16800 | E10: 16527 | F10: 15869.92 | G10: 0 | H10: =G10 -> 0
A11: WSWT2121670SM | B11: บจก.เอพีเอ็ม อะโกร | C11: 6000 | D11: 6300 | E11: 6000 | F11: 3310.89 | G11: 3478.53 | H11: =G11 -> 3478.53
B12: บจก.หนองบัวฟีด | C12: 35000 | D12: 36750 | E12: 35000 | F12: 0 | G12: 37649.15 | H12: =G12 -> 37649.15
A13: WSWT2121670SM ผลรวม | C13: 41000 | D13: 43050 | E13: 41000 | F13: 3310.89 | G13: 41127.68 | H13: =G13 -> 41127.68
A14: WSWT2625650 | B14: บจก.กบินทร์อินทรีย์ | C14: 4000 | D14: 4200 | E14: 4000 | F14: 0 | G14: 4749.8 | H14: =G14 -> 4749.8
A15: WSWT2625650 ผลรวม | C15: 4000 | D15: 4200 | E15: 4000 | F15: 0 | G15: 4749.8 | H15: =G15 -> 4749.8
A16: WSWT2825850 | B16: บจก.ไทยร่วมใจน้ำมันพืช | C16: 50000 | D16: 52500 | E16: 50000 | F16: 19620 | G16: 39752.5 | H16: =G16 -> 39752.5
A17: WSWT2825850 ผลรวม | C17: 50000 | D17: 52500 | E17: 50000 | F17: 19620 | G17: 39752.5 | H17: =G17 -> 39752.5
A18: WSWTSCL042325800 | B18: โรงสีธัญญกิจ(ราชบุรี) | C18: 10000 | D18: 0 | E18: 10000 | F18: 0 | G18: 10198.1 | H18: =G18 -> 10198.1
A19: WSWTSCL042325800 ผลรวม | C19: 10000 | D19: 0 | E19: 10000 | F19: 0 | G19: 10198.1 | H19: =G19 -> 10198.1
A20: ผลรวมทั้งหมด | C20: 180000 | D20: 169050 | E20: 171527 | F20: 38800.81 | G20: 142627.58 | H20: =G20 -> 142627.58
H21: =G21 -> 0
H22: =G22 -> 0
H23: =G23 -> 0
H24: =G24 -> 0
H25: =G25 -> 0
H26: =G26 -> 0
H27: =G27 -> 0
H28: =G28 -> 0
H29: =G29 -> 0
H30: =G30 -> 0
H31: =G31 -> 0
H32: =G32 -> 0
... H65: =G65 -> 0
H70: =SUM(H5:H69) -> 427882.74
D119: Cap พิมพ์ | E119: Cap ตัด | F119: Stock 16/7 บ่าย | G119: Cap ทอ | I119: วันทงาน
B120: lส่ง | C120: 1-16/7 | D120: 160000 | E120: 160000 | G120: 120000 | I120: 12
C121: 1975256 | D121: =+D120*I120 -> 1920000 | E121: =+E120*I120 -> 1920000 | F121: 825147 | G121: =+G120*I120 -> 1440000
A122: เบทาโกรส่งแล้ว | B122: 20700 | C122: 424374
A123: เบทาโกรส่งแล้ว | B123: 20800 | C123: 155973
C126: รวมส่ง+ค้างส่ง | D126: ส่วนต่างCapคงเหลือ | E126: ส่วนต่างCapคงเหลือ | F126: คงเหลือ
C127: =+C50+C121 -> 1975256 | D127: =+D121-D50 -> 1920000 | E127: =+E121-E50 -> 1920000 | F127: =+F121-F50 -> 825147 | G127: =+G121-G50 -> 1440000
B129: 20700VN 20/7 | G129: 350000

Sheet 9(Fc) แยกลูกค้า
A1: เลขที่ SO | B1: ประมาณการ
A2: วันส่ง | B2: (หลายรายการ) | D2: 12
A4: ประเภท | B4: ชื่อลูกค้า | C4: ผลรวม ของ จำนวนส่ง | D4: ผลรวม ของ ค้างพิมพ์ | E4: ผลรวม ของ ค้างตัด | F4: ผลรวม ของ ใช้ | G4: ผลรวม ของ Stock | H4: ผลรวม ของ ค้างทอ
A5: WSWT1921720 | B5: บจก.เคอรี่ฟลาวมิลล์ | C5: 100000 | D5: 105000 | E5: 100000 | F5: 93599 | G5: 0 | H5: 93599
A6: WSWT1921720 ผลรวม | C6: 100000 | D6: 105000 | E6: 100000 | F6: 93599 | G6: 0 | H6: 93599
A7: WSWT1925800 | B7: บจก.ไลม์มาสเตอร์ | C7: 20000 | D7: 20755.35 | E7: 19767 | F7: 18501.714 | G7: 0 | H7: 18501.714
B8: บจก.เอ็กเซลเล้นท์ | C8: 40000 | D8: 42000 | E8: 40000 | F8: 35204.4 | G8: 11904 | H8: 23300.4
A9: WSWT1925800 ผลรวม | C9: 60000 | D9: 62755.35 | E9: 59767 | F9: 53706.114 | G9: 11904 | H9: 41802.114
A10: WSWT2025800SM | B10: บจก.ไทยธรรมดี | C10: 20000 | D10: 21000 | E10: 20000 | F10: 21513.8 | G10: 0 | H10: 21513.8
B11: บจก.อินเทคค์ โกลบอล | C11: 100000 | D11: 105000 | E11: 100000 | F11: 104775 | G11: 0 | H11: 104775
B12: บจก.เอสพีเอ็ม อาหารสัตว์ | C12: 20000 | D12: 21000 | E12: 20000 | F12: 22072.6 | G12: 0 | H12: 22072.6
A13: WSWT2025800SM ผลรวม | C13: 140000 | D13: 147000 | E13: 140000 | F13: 148361.4 | G13: 0 | H13: 148361.4
A14: WSWT2121670SM | B14: บจก.แอมโก้เวท | C14: 100000 | D14: 105000 | E14: 100000 | F14: 107569 | G14: 107569 | H14: 0
A15: WSWT2121670SM ผลรวม | C15: 100000 | D15: 105000 | E15: 100000 | F15: 107569 | G15: 107569 | H15: 0
A16: WSWT2325650 | B16: พันธุ์ข้าว | C16: 30000 | D16: 31500 | E16: 30000 | F16: 29756.1 | G16: 29756.1 | H16: 0
B17: บจก.ซิเบลโก้(สบปราบ) | C17: 30000 | D17: 31500 | E17: 30000 | F17: 29756.1 | G17: 21017 | H17: 8739.1
A18: WSWT2325650 ผลรวม | C18: 60000 | D18: 63000 | E18: 60000 | F18: 59512.2 | G18: 50773.1 | H18: 8739.1
A19: WSWT2625800 | B19: บจก.ที.ซี.ยูเนี่ยน อโกรเทค | C19: 10000 | D19: 0 | E19: 10000 | F19: 12433.3 | G19: 12433.3 | H19: 0
A20: WSWT2625800 ผลรวม | C20: 10000 | D20: 0 | E20: 10000 | F20: 12433.3 | G20: 12433.3 | H20: 0
A21: WSWT2825850 | B21: บจก.ที.ซี.ยูเนี่ยน อโกรเทค | C21: 5000 | D21: 0 | E21: 5000 | F21: 6775.45 | G21: 0 | H21: 6775.45
A22: WSWT2825850 ผลรวม | C22: 5000 | D22: 0 | E22: 5000 | F22: 6775.45 | G22: 0 | H22: 6775.45
A23: ผลรวมทั้งหมด | C23: 475000 | D23: 482755.35 | E23: 474767 | F23: 481956.46 | G23: 182679.4 | H23: 299277.06
D119: Cap พิมพ์ | E119: Cap ตัด | F119: Stock 16/7 บ่าย | G119: Cap ทอ | I119: วันทงาน
B120: lส่ง | C120: 1-16/7 | D120: 160000 | E120: 160000 | G120: 120000 | I120: 12
C121: 1975256 | D121: =+D120*I120 -> 1920000 | E121: =+E120*I120 -> 1920000 | F121: 825147 | G121: =+G120*I120 -> 1440000
A122: เบทาโกรส่งแล้ว | B122: 20700 | C122: 424374
A123: เบทาโกรส่งแล้ว | B123: 20800 | C123: 155973
C126: รวมส่ง+ค้างส่ง | D126: ส่วนต่างCapคงเหลือ | E126: ส่วนต่างCapคงเหลือ | F126: คงเหลือ
C127: =+C50+C121 -> 1975256 | D127: =+D121-D50 -> 1920000 | E127: =+E121-E50 -> 1920000 | F127: =+F121-F50 -> 825147 | G127: =+G121-G50 -> 1440000
B129: 20700VN 20/7 | G129: 350000

Sheet 10(Order+Fc) แยกลูกค้า
A1: เลขที่ SO | B1: (หลายรายการ)
A2: วันส่ง | B2: (หลายรายการ) | D2: 12 | I2: เมตร | J2: vn | K2: ใบ | P2: วัน
A4: ประเภท | B4: ชื่อลูกค้า | C4: ผลรวม ของ จำนวนส่ง | D4: ผลรวม ของ ค้างพิมพ์ | E4: ผลรวม ของ ค้างตัด | F4: ผลรวม ของ ใช้ | G4: ผลรวม ของ Stock | H4: ผลรวม ของ ค้างทอ
A5: WSWT1921720 | B5: บจก.เคอรี่ฟลาวมิลล์ | C5: 215000 | D5: 57750 | E5: 155000 | F5: 99396.55 | G5: 99396.55 | H5: 0 | I5: =H5 -> 0
A6: WSWT1921720 ผลรวม | C6: 215000 | D6: 57750 | E6: 155000 | F6: 99396.55 | G6: 99396.55 | H6: 0
A7: WSWT19251000SM | B7: บจก.อินเทคค์ โกลบอล | C7: 10080 | D7: 10584 | E7: 10080 | F7: 10138.867 | G7: 5139.8424 | H7: 4999.0248 | I7: =H7 -> 4999.0248
A8: WSWT19251000SM ผลรวม | C8: 10080 | D8: 10584 | E8: 10080 | F8: 10138.867 | G8: 5139.8424 | H8: 4999.0248 | I8: =H8 -> 4999.0248
A9: WSWT1925800 | B9: บจก.ซีแมน | C9: 5800 | D9: 0 | E9: 0 | F9: 0 | G9: 0 | H9: 0 | I9: =H9 -> 0
A10: WSWT1925800 ผลรวม | C10: 5800 | D10: 0 | E10: 0 | F10: 0 | G10: 0 | H10: 0 | I10: =H10 -> 0
A11: WSWT2025650 | B11: บจก.หนกองบัวฟีด | C11: 5000 | D11: 0 | E11: 0 | F11: 0 | G11: 0 | H11: 0
A12: WSWT2025650 ผลรวม | C12: 5000 | D12: 0 | E12: 0 | F12: 0 | G12: 0 | H12: 0 | I12: =H12 -> 0
A13: WSWT2025800 | B13: บจก.เบทาโกร | C13: 103000 | D13: 0 | E13: 2000 | F13: 0 | G13: 0 | H13: 0
B14: บจก.อินเทคค์ โกลบอล | C14: 80393 | D14: 21155.4 | E14: 50393 | F14: 22144.982 | G14: 22144.982 | H14: 0 | I14: =H14 -> 0 | P14: 15000 | Q14: =+K14/P14 -> 0
A15: WSWT2025800 ผลรวม | C15: 183393 | D15: 21155.4 | E15: 52393 | F15: 22144.982 | G15: 22144.982 | H15: 0
A16: WSWT2025800SM | B16: บจก.อินเทคค์ โกลบอล | C16: 91933 | D16: 86964.15 | E16: 91933 | F16: 87478.167 | G16: 42098.068 | H16: 45380.099 | I16: =H16 -> 45380.099
B17: บจก.เอพีเอ็ม อะโกร | C17: 14000 | D17: 0 | E17: 10000 | F17: 0 | G17: 0 | H17: 0 | I17: =H17 -> 0
B18: บจก.วีซีเอฟ | C18: 20000 | D18: 0 | E18: 0 | F18: 0 | G18: 0 | H18: 0 | I18: =H18 -> 0
B19: บจก.กันยาวิ | C19: 8000 | D19: 8400 | E19: 8000 | F19: 8605.52 | G19: 8605.52 | H19: 0 | I19: =H19 -> 0
A20: WSWT2025800SM ผลรวม | C20: 133933 | D20: 95364.15 | E20: 109933 | F20: 96083.687 | G20: 50703.588 | H20: 45380.099 | I20: =H20 -> 45380.099 | P20: 16000 | Q20: =+K20/P20 -> 0
A21: WSWT2121670SM | B21: บจก.บลูฟาโล่ | C21: 5000 | D21: 0 | E21: 0 | F21: 0 | G21: 0 | H21: 0
B22: บจก.เอ็นบี ดิสทริบิวชั่น | C22: 30000 | D22: 0 | E22: 0 | F22: 0 | G22: 0 | H22: 0 | I22: =H22 -> 0
B23: บจก.หนองบัวฟีดมิลล์ | C23: 5000 | D23: 5250 | E23: 5000 | F23: 5378.45 | G23: 5378.45 | H23: 0
A24: WSWT2121670SM ผลรวม | C24: 40000 | D24: 5250 | E24: 5000 | F24: 5378.45 | G24: 5378.45 | H24: 0 | I24: =H24 -> 0
A25: WSWT2125650 | B25: บจก.หนองบัวฟีดมิลล์ | C25: 15000 | D25: 0 | E25: 15000 | F25: 16554.45 | G25: 16554.45 | H25: 0
A26: WSWT2125650 ผลรวม | C26: 15000 | D26: 0 | E26: 15000 | F26: 16554.45 | G26: 16554.45 | H26: 0 | I26: =H26 -> 0
A27: WSWT23211125120SMFX | B27: โรงสีธัญญกิจ(ราชบุรี) | C27: 10000 | D27: 0 | E27: 0 | F27: 0 | G27: 0 | H27: 0
A28: WSWT23211125120SMFX ผลรวม | C28: 10000 | D28: 0 | E28: 0 | F28: 0 | G28: 0 | H28: 0 | I28: =H28 -> 0
A29: WSWT2321750 | B29: คุณวัลภา เผ่าเต็ม | C29: 10000 | D29: 1560.3 | E29: 1500 | F29: 1678.3991 | G29: 0 | H29: 1678.3991 | I29: =H29 -> 1678.3991
A30: WSWT2321750 ผลรวม | C30: 10000 | D30: 1560.3 | E30: 1500 | F30: 1678.3991 | G30: 0 | H30: 1678.3991 | I30: =H30 -> 1678.3991
A31: WSWT2325650 | B31: พันธุ์ข้าว | C31: 30000 | D31: 31500 | E31: 30000 | F31: 29756.1 | G31: 29756.1 | H31: 0 | P31: 15000 | Q31: =+K31/P31 -> 0
B32: บจก.ซิเบลโก้(บางเลน) | C32: 10000 | D32: 0 | E32: 5000 | F32: 0 | G32: 0 | H32: 0 | I32: =H32 -> 0
B33: คุณปราสาท เจริญธรรมรักษา | C33: 5000 | D33: 5250 | E33: 5000 | F33: 4959.35 | G33: 4959.35 | H33: 0 | I33: =H33 -> 0
A34: WSWT2325650 ผลรวม | C34: 45000 | D34: 36750 | E34: 40000 | F34: 34715.45 | G34: 34715.45 | H34: 0 | I34: =H34 -> 0
A35: WSWT2625650 | B35: บจก.กบินทร์อินทรีย์ | C35: 8000 | D35: 8400 | E35: 8000 | F35: 9499.6 | G35: 1765 | H35: 7734.6 | I35: =H35 -> 7734.6
A36: WSWT2625650 ผลรวม | C36: 8000 | D36: 8400 | E36: 8000 | F36: 9499.6 | G36: 1765 | H36: 7734.6 | I36: =H36 -> 7734.6
A37: WSWT2625800 | B37: บจก.แลบอินเตอร์ | C37: 10000 | D37: 0 | E37: 0 | F37: 0 | G37: 0 | H37: 0 | I37: =H37 -> 0
A38: WSWT2625800 ผลรวม | C38: 10000 | D38: 0 | E38: 0 | F38: 0 | G38: 0 | H38: 0 | I38: =H38 -> 0
A39: WSWT2825850 | B39: บจก.ไทยร่วมใจน้ำมันพืช | C39: 53000 | D39: 52500 | E39: 50000 | F39: 59372.5 | G39: 59372.5 | H39: 0 | I39: =H39 -> 0
A40: WSWT2825850 ผลรวม | C40: 53000 | D40: 52500 | E40: 50000 | F40: 59372.5 | G40: 59372.5 | H40: 0 | I40: =H40 -> 0
A41: WSWTFCL022325650 | B41: คุณปราสาท เจริญธรรมรักษา | C41: 15000 | D41: 15750 | E41: 15000 | F41: 14878.05 | G41: 0 | H41: 14878.05
A42: WSWTFCL022325650 ผลรวม | C42: 15000 | D42: 15750 | E42: 15000 | F42: 14878.05 | G42: 0 | H42: 14878.05 | I42: =H42 -> 14878.05
A43: ผลรวมทั้งหมด | C43: 759206 | D43: 305063.85 | E43: 461906 | F43: 369840.99 | G43: 295170.81 | H43: 74670.173
I44: =H44 -> 0
I45: =H45 -> 0
J46: 74000
I47: =H47 -> 0
I48: =H48 -> 0
I51: =H51 -> 0 | M51: 102.14
I52: =H52 -> 0 | M52: 3300
M53: =+M52/M51 -> 32.308596
I54: =H54 -> 0
I55: =H55 -> 0 | M55: 114.47
I56: =H56-J56 -> -166000 | J56: 166000 | M56: =+M55*32.2 -> 3685.934
M57: =+M56-3300 -> 385.934
I58: =H58 -> 0
I59: =H59 -> 0
I60: =H60 -> 0
I61: =H61 -> 0
I62: =H62 -> 0
I64: =H64 -> 0
I65: =H65 -> 0
I66: =H66 -> 0
I68: =H68 -> 0
I70: =H70 -> 0
I72: =H72 -> 0
I73: =H73 -> 0
I75: =SUM(I5:I74) -> -31537.704
I79: =I75+I77 -> -31537.704 | J79: 16 | K79: =+I79*0.9779 -> -30840.721
I81: =+I79/J79 -> -1971.1065 | K81: =+K79*85 -> -2621461.3
K83: =+K81/1000 -> -2621.4613
D119: Cap พิมพ์ | E119: Cap ตัด | F119: Stock 16/7 บ่าย | G119: Cap ทอ | I119: วันทงาน
B120: lส่ง | C120: 1-16/7 | D120: 160000 | E120: 160000 | G120: 120000 | I120: 12
C121: 1975256 | D121: =+D120*I120 -> 1920000 | E121: =+E120*I120 -> 1920000 | F121: 825147 | G121: =+G120*I120 -> 1440000
A122: เบทาโกรส่งแล้ว | B122: 20700 | C122: 424374
A123: เบทาโกรส่งแล้ว | B123: 20800 | C123: 155973
C126: รวมส่ง+ค้างส่ง | D126: ส่วนต่างCapคงเหลือ | E126: ส่วนต่างCapคงเหลือ | F126: คงเหลือ
C127: =+C50+C121 -> 1975256 | D127: =+D121-D50 -> 1920000 | E127: =+E121-E50 -> 1920000 | F127: =+F121-F50 -> 825147 | G127: =+G121-G50 -> 1440000
B129: 20700VN 20/7 | G129: 350000

Sheet 10(Order)
A2: เลขที่ SO | B2: (หลายรายการ)
A3: วันส่ง | B3: รอแจ้ง
A4: ชื่อลูกค้า | B4: (ทั้งหมด)
A6: ประเภท | B6: ผลรวม ของ จำนวนส่ง | C6: ผลรวม ของ ค้างพิมพ์ | D6: ผลรวม ของ ค้างตัด | E6: ผลรวม ของ ใช้ | F6: ผลรวม ของ Stock | G6: ผลรวม ของ ค้างทอ
A7: WSWT19251000SM | B7: 503 | C7: 0 | D7: 503 | E7: 0 | F7: 0 | G7: 0
A8: WSWT2025800SM | B8: 49638 | C8: 43302 | D8: 46033 | E8: 45667.93 | F8: 34631.63 | G8: 11036.3
A9: WSWT2121670SM | B9: 52000 | C9: 54106.5 | D9: 51530 | E9: 56618.594 | F9: 56618.594 | G9: 0
A10: WSWT2321112512551 | B10: 437878 | C10: 458196.9 | D10: 436378 | E10: 469407.45 | F10: 18859 | G10: 450548.45
A11: ผลรวมทั้งหมด | B11: 540019 | C11: 555605.4 | D11: 534444 | E11: 571693.97 | F11: 110109.22 | G11: 461584.75 | L11: =76*2500 -> 190000
A37: ยอดส่ง 1/1/68 - 17/1/68 | B37: 1287052
A38: Order+ส่ง | B38: =++B22+B37 -> 1287052
A39: ประมาณการ | I39: 0
A41: Order+ส่ง+ประมาณการ | B41: =+B22+B37+B39+B29 -> 1287052 | C41: =+C22+C37+C39+C29 -> 0 | D41: =+D22+D37+D39+D29 -> 0 | E41: =+E22+E37+E39+E29 -> 0 | F41: =+F22+F37+F39+F29 -> 0 | G41: =+G22+G37+G39+G29 -> 0
B43: 3000000 | I43: 9
B45: =+B41-B43 -> -1712948
D46: =+D22/I43 -> 0
C47: =+C41/I43 -> 0 | D47: =+D41/I43 -> 0 | G47: =+G41/I43 -> 0

Sheet 10(Order) แยกลูกค้า
A1: เลขที่ SO | B1: (หลายรายการ)
A2: วันส่ง | B2: (หลายรายการ)
A4: ประเภท | B4: ชื่อลูกค้า | C4: ผลรวม ของ จำนวนส่ง | D4: ผลรวม ของ ค้างพิมพ์ | E4: ผลรวม ของ ค้างตัด | F4: ผลรวม ของ Stock | G4: ผลรวม ของ ค้างทอ | I4: vn
A5: WSWT1921720 | B5: บจก.เคอรี่ฟลาวมิลล์ | C5: 215000 | D5: 57750 | E5: 155000 | F5: 99396.55 | G5: 0 | H5: =G5 -> 0
A6: WSWT1921720 ผลรวม | C6: 215000 | D6: 57750 | E6: 155000 | F6: 99396.55 | G6: 0 | H6: =G6 -> 0
A7: WSWT1925800 | B7: บจก.ซีแมน | C7: 5800 | D7: 0 | E7: 0 | F7: 0 | G7: 0 | H7: =G7 -> 0
A8: WSWT1925800 ผลรวม | C8: 5800 | D8: 0 | E8: 0 | F8: 0 | G8: 0
A9: WSWT2025800 | B9: บจก.เบทาโกร | C9: 103000 | D9: 0 | E9: 2000 | F9: 0 | G9: 0 | H9: =G9 -> 0
B10: บจก.อินเทคค์ โกลบอล | C10: 393 | D10: 412.65 | E10: 393 | F10: 411.76575 | G10: 0 | H10: =G10 -> 0
A11: WSWT2025800 ผลรวม | C11: 103393 | D11: 412.65 | E11: 2393 | F11: 411.76575 | G11: 0
A12: WSWT2025800SM | B12: บจก.อินเทคค์ โกลบอล | C12: 1693 | D12: 1644.3 | E12: 1693 | F12: 0 | G12: 1640.7765 | H12: =G12 -> 1640.7765
B13: บจก.เอพีเอ็ม อะโกร | C13: 14000 | D13: 0 | E13: 10000 | F13: 0 | G13: 0 | H13: =G13 -> 0
B14: บจก.วีซีเอฟ | C14: 20000 | D14: 0 | E14: 0 | F14: 0 | G14: 0 | H14: =G14 -> 0
A15: WSWT2025800SM ผลรวม | C15: 35693 | D15: 1644.3 | E15: 11693 | F15: 0 | G15: 1640.7765
A16: WSWT2121670SM | B16: บจก.บลูฟาโล่ | C16: 5000 | D16: 0 | E16: 0 | F16: 0 | G16: 0 | H16: =G16 -> 0
B17: บจก.เอ็นบี ดิสทริบิวชั่น | C17: 30000 | D17: 0 | E17: 0 | F17: 0 | G17: 0
A18: WSWT2121670SM ผลรวม | C18: 35000 | D18: 0 | E18: 0 | F18: 0 | G18: 0 | H18: =G18 -> 0
A19: WSWT23211125120SMFX | B19: โรงสีธัญญกิจ(ราชบุรี) | C19: 10000 | D19: 0 | E19: 0 | F19: 0 | G19: 0 | H19: =G19 -> 0
A20: WSWT23211125120SMFX ผลรวม | C20: 10000 | D20: 0 | E20: 0 | F20: 0 | G20: 0 | H20: =G20 -> 0
A21: WSWT2325650 | B21: บจก.ซิเบลโก้(บางเลน) | C21: 10000 | D21: 0 | E21: 5000 | F21: 0 | G21: 0 | H21: =G21 -> 0
A22: WSWT2325650 ผลรวม | C22: 10000 | D22: 0 | E22: 5000 | F22: 0 | G22: 0
A23: WSWT2625800 | B23: บจก.แลบอินเตอร์ | C23: 10000 | D23: 0 | E23: 0 | F23: 0 | G23: 0 | H23: =G23 -> 0
A24: WSWT2625800 ผลรวม | C24: 10000 | D24: 0 | E24: 0 | F24: 0 | G24: 0
A25: WSWT2825850 | B25: บจก.ไทยร่วมใจน้ำมันพืช | C25: 53000 | D25: 52500 | E25: 50000 | F25: 59372.5 | G25: 0 | H25: =G25 -> 0
A26: WSWT2825850 ผลรวม | C26: 53000 | D26: 52500 | E26: 50000 | F26: 59372.5 | G26: 0
A27: ผลรวมทั้งหมด | C27: 477886 | D27: 112306.95 | E27: 224086 | F27: 159180.82 | G27: 1640.7765 | H27: =G27 -> 1640.7765
H28: =G28 -> 0
H29: =G29 -> 0
H31: =G31 -> 0
H32: =G32 -> 0
H33: =G33 -> 0
H34: =G34 -> 0
H35: =G35 -> 0
H36: =G36 -> 0
H37: =G37 -> 0
H38: =G38 -> 0
H39: =G39 -> 0
H41: =G41 -> 0
... H68: =G68 -> 0
H70: =SUM(H5:H69) -> 3281.553
D119: Cap พิมพ์ | E119: Cap ตัด | F119: Stock 16/7 บ่าย | G119: Cap ทอ | I119: วันทงาน
B120: lส่ง | C120: 1-16/7 | D120: 160000 | E120: 160000 | G120: 120000 | I120: 12
C121: 1975256 | D121: =+D120*I120 -> 1920000 | E121: =+E120*I120 -> 1920000 | F121: 825147 | G121: =+G120*I120 -> 1440000
A122: เบทาโกรส่งแล้ว | B122: 20700 | C122: 424374
A123: เบทาโกรส่งแล้ว | B123: 20800 | C123: 155973
C126: รวมส่ง+ค้างส่ง | D126: ส่วนต่างCapคงเหลือ | E126: ส่วนต่างCapคงเหลือ | F126: คงเหลือ
C127: =+C50+C121 -> 1975256 | D127: =+D121-D50 -> 1920000 | E127: =+E121-E50 -> 1920000 | F127: =+F121-F50 -> 825147 | G127: =+G121-G50 -> 1440000
B129: 20700VN 20/7 | G129: 350000

Sheet 10(Fc) แยกลูกค้
A1: เลขที่ SO | B1: ประมาณการ
A2: วันส่ง | B2: (หลายรายการ) | D2: 12
A4: ประเภท | B4: ชื่อลูกค้า | C4: ผลรวม ของ จำนวนส่ง | D4: ผลรวม ของ ค้างพิมพ์ | E4: ผลรวม ของ ค้างตัด | F4: ผลรวม ของ ใช้ | G4: ผลรวม ของ Stock | H4: ผลรวม ของ ค้างทอ
A5: WSWT2325650 | B5: พันธุ์ข้าว | C5: 30000 | D5: 31500 | E5: 30000 | F5: 29756.1 | G5: 29756.1 | H5: 0
A6: WSWT2325650 ผลรวม | C6: 30000 | D6: 31500 | E6: 30000 | F6: 29756.1 | G6: 29756.1 | H6: 0
A7: WSWT2625650 | B7: บจก.กบินทร์อินทรีย์ | C7: 8000 | D7: 8400 | E7: 8000 | F7: 9499.6 | G7: 1765 | H7: 7734.6
A8: WSWT2625650 ผลรวม | C8: 8000 | D8: 8400 | E8: 8000 | F8: 9499.6 | G8: 1765 | H8: 7734.6
A9: ผลรวมทั้งหมด | C9: 38000 | D9: 39900 | E9: 38000 | F9: 39255.7 | G9: 31521.1 | H9: 7734.6
H43: =+GETPIVOTDATA("ผลรวม ของ ค้างทอ",$A$4)+H41 -> 7734.6
I119: วันทงาน
I120: 12
C121: 1975256 | D121: =+D120*I120 -> 0 | E121: =+E120*I120 -> 0 | F121: 825147 | G121: =+G120*I120 -> 0
A122: เบทาโกรส่งแล้ว | B122: 20700 | C122: 424374
A123: เบทาโกรส่งแล้ว | B123: 20800 | C123: 155973
C126: รวมส่ง+ค้างส่ง | D126: ส่วนต่างCapคงเหลือ | E126: ส่วนต่างCapคงเหลือ | F126: คงเหลือ
C127: =+C50+C121 -> 1975256 | D127: =+D121-D50 -> 0 | E127: =+E121-E50 -> 0 | F127: =+F121-F50 -> 825147 | G127: =+G121-G50 -> 0
B129: 20700VN 20/7 | G129: 350000

Sheet ค้างทอ2-9-68
A3: ผลรวม ของ ค้างทอ
A4: ป้ายชื่อแถว | B4: 45901 | C4: 45903 | D4: 45904 | E4: 45905 | F4: 45907 | G4: 45910 | H4: 45912 | I4: 45914 | J4: 45917 | K4: 45921 | L4: 45925 | M4: 45940 | N4: ผลรวมทั้งหมด
A5: WSWT1625800 | B5: 3702 | D5: 7404.1 | N5: =SUM(B5:M5) -> 11106.1
A6: WSWT1625800SM | C6: 0 | N6: =SUM(B6:M6) -> 0
A7: WSWT1825800SM | F7: 3841.75 | N7: =SUM(B7:M7) -> 3841.75
A8: WSWT1921720 | B8: 0 | D8: 4679.95 | N8: =SUM(B8:M8) -> 4679.95
A9: WSWT19251000SM | N9: =SUM(B9:M9) -> 0
A10: WSWT1925800 | E10: 55162.9 | N10: =SUM(B10:M10) -> 55162.9
A11: WSWT2025800 | B11: 0 | C11: 0 | G11: 0 | I11: 0 | J11: 0 | K11: 0 | N11: =SUM(B11:M11) -> 0
A12: WSWT2025800SM | C12: 0 | D12: 0 | E12: 0 | J12: 0 | L12: 4599.67 | N12: =SUM(B12:M12) -> 4599.67
A13: WSWT2121670SM | C13: 0 | K13: 0 | N13: =SUM(B13:M13) -> 0
A14: WSWT2325800 | D14: 0 | N14: =SUM(B14:M14) -> 0
A15: WSWT2625650 | B15: 1621 | N15: =SUM(B15:M15) -> 1621
A16: WSWT2625850SM | C16: 0 | D16: 0 | H16: 0 | L16: 37299.9 | M16: 12433.3 | N16: =SUM(B16:M16) -> 49733.2
A17: WSWT2825850 | D17: 0 | N17: =SUM(B17:M17) -> 0
A18: ผลรวมทั้งหมด | B18: =SUM(B5:B17) -> 5323 | C18: =SUM(C5:C17) -> 0 | D18: =SUM(D5:D17) -> 12084.05 | E18: =SUM(E5:E17) -> 55162.9 | F18: =SUM(F5:F17) -> 3841.75 | G18: =SUM(G5:G17) -> 0 | H18: =SUM(H5:H17) -> 0 | I18: =SUM(I5:I17) -> 0 | ... N18: =SUM(N5:N17) -> 130744.57

Sheet 13-9-68
B2: เรียงกำหนดส่ง | D2: ลบ 0 | T2: เรียง 1
B3: ข้อมูลUpdate ณ. วันที่ | D3: 45913 | E3: เวลา | G3: 10
A4: วันรับออร์เดอร์/แบบ | B4: เลขที่ SO | C4: ชื่อลูกค้า | E4: 10.3 | I4: น้ำหนัก | L4: บิด/จับจีบ | M4: ถุงใน | Q4: 44873 | S4: วิธีบรรจุ | T4: วันส่ง | U4: จำนวนส่ง | V4: ตัดเย็บ (ใบ) | W4: 44873 | X4: พิมพ์ (ใบ) | Y4: 44876 | Z4: ผ้าทอ (เมตร) Updateณ | AB4: 44876 | AD4: ผ้าเคลือบ(เมตร) | AF4: หมายเหตุ | AG4: เครื่อง
A5: วันรับออร์เดอร์/แบบ | B5: เลขที่ SO | C5: ชื่อลูกค้า | D5: ตรา | E5: กว้าง | F5: ยาว | G5: สี | H5: เคลือบ | I5: กรัม/ใบ | J5: * | K5: aw | L5: บิด/จับจีบ | M5: กว้าง | N5: ยาว | O5: หนา | P5: ใช้(กก.) | Q5: Stock(กก.) | R5: ผลิต(กก.) | S5: วิธีบรรจุ | T5: วันส่ง | U5: จำนวนส่ง | V5: StockFG | W5: ค้างตัด | X5: พิมพ์แล้ว | Y5: ค้างพิมพ์ | Z5: ประเภท | AA5: ใช้ | AB5: Stock | AC5: ค้างทอ | AD5: Stock | AE5: ค้างเคลือบ | AF5: หมายเหตุ | AG5: ที่พิมพ์ได้ | AH5: process | AI5: Lead time | AJ5: วันที่ส่งPL | AK5: เคลือบ | AL5: ได้ ART | AM5: พิมพ์ | AN5: จีบ-บิด | AO5: ตัด-เย็บ | AP5: ทอ | AQ5: สวมถุง | AR5: เย็บปาก | AS5: PT | AT5: ม้วน | AU5: ตัด | AV5: ตอกตาไก่ | AW5: GROUP | AX5: ART | AY5: หมายเหตุปัญหา | AZ5: ราคา/ใบ | BA5: ราคารวม | BB5: workweek | BC5: เส้นเทป | BD5: จำนวน
A6: 45896 | B6: MK68-001041 | C6: บจก.ซัน ซีเมนต์ โพรเซส | D6: พระอาทิตย์ | E6: 16 | F6: 25 | G6: ขาว | H6: ใส | I6: 50 | J6: ± | K6: 5 | L6: บิด | M6: 19 | N6: 28 | O6: 40 | P6: 5.7749686 | Q6: 0 | R6: 5.7749686 | S6: 500กระสอบ | T6: 45915 | U6: 5000 | V6: 4560 | W6: 440 | X6: 5800 | Y6: 0 | Z6: WSWT1625800SM | AA6: 0 | AB6: 0 | AC6: 0 | AD6: 0 | AE6: 0 | AF6: 0 | AG6: พร้อมส่ง | AH6: P8 | AI6: 4 | AJ6: 45915 | AK6: 45911 | AL6: 45905 | AM6: 45912 | AN6: 45913 | AO6: 45913 | AP6: 45910 | AQ6: 45914 | AR6: 0 | AS6: 0 | AT6: 0 | AU6: 0 | AV6: 0 | AW6: งานเคลือบ+พิมพ์ | AX6: / | AY6: รอลูกค้า | AZ6: 0 | BA6: 0 | BB6: 0 | BC6: WRWT25800/WRWT25800 | BD6: 0
A7: 0 | B7: 0 | C7: 0 | E7: 16 | F7: 25 | G7: ขาว | H7: 0 | I7: 45 | J7: ± | K7: 5 | L7: 0 | M7: 0 | N7: 0 | O7: 0 | P7: 0 | Q7: 0 | R7: 0 | S7: 0 | U7: 0 | V7: 0 | W7: 0 | X7: 0 | Y7: 0 | Z7: WSWT1625800SM | AA7: 0 | AB7: 0 | AC7: 0 | AD7: 0 | AE7: 0 | AF7: ระบุในSD | AG7: พร้อมส่ง | AH7: 0 | AI7: Lead time | AJ7: 0 | AK7: 0 | AL7: 0 | AM7: 0 | AN7: 0 | AO7: 0 | AP7: 0 | AQ7: 0 | AR7: 0 | AS7: 0 | AT7: 0 | AU7: 0 | AV7: 0 | AW7: 0 | AX7: 0 | AY7: 0 | AZ7: 0 | BA7: 0 | BB7: 0 | BC7: WRWT160800/WRWT25800 | BD7: 0
A8: 45897 | B8: MK68-001045 | C8: บจก.เคอรี่ฟลาวมิลล์ | D8: น้องเอินโดนัท 10กก | E8: 16 | F8: 25 | G8: ขาว | H8: 0 | I8: 45 | J8: ± | K8: 5 | L8: ไม่ | M8: ไม่สวมถุงใน | N8: 0 | O8: 0 | P8: 0 | Q8: 0 | R8: 0 | S8: ห่ออัดเบลแบน500 | T8: 45925 | U8: 5000 | V8: 0 | W8: 5000 | X8: 5400 | Y8: 0 | Z8: WSWT1625800 | AA8: 0 | AB8: 0 | AC8: 0 | AD8: 0 | AE8: 0 | AF8: 0 | AG8: พร้อมส่ง | AH8: P7 | AI8: 2 | AJ8: 45925 | AK8: 0 | AL8: 45916 | AM8: 45923 | AN8: 45924 | AO8: 45924 | AP8: 45920 | AQ8: 0 | AR8: 0 | AS8: 0 | AT8: 0 | AU8: 0 | AV8: 0 | AW8: งานพิมพ์ | AX8: รอART | AY8: 0 | AZ8: 0 | BA8: 0 | BB8: 0 | BC8: WRWT25800/WRWT25800 | BD8: 0
A9: 0 | B9: 0 | C9: 0 | D9: 0 | E9: 16 | F9: 25 | G9: ขาว | H9: 0 | I9: 45 | J9: ± | K9: 5 | L9: 0 | M9: 0 | N9: 0 | O9: 0 | P9: 0 | Q9: 0 | R9: 0 | S9: 0 | U9: 0 | V9: 0 | W9: 0 | X9: 0 | Y9: 0 | Z9: WSWT1625800 | AA9: 0 | AB9: 0 | AC9: 0 | AD9: 0 | AE9: 0 | AF9: ระบุในSD | AG9: ยังไม่ได้พิมพ์ | AH9: 0 | AI9: Lead time | AJ9: 0 | AK9: 0 | AL9: 0 | AM9: 0 | AN9: 0 | AO9: 0 | AP9: 0 | AQ9: 0 | AR9: 0 | AS9: 0 | AT9: 0 | AU9: 0 | AV9: 0 | AW9: 0 | AX9: 0 | AY9: 0 | AZ9: 0 | BA9: 0 | BB9: 0 | BC9: WRWT160800/WRWT25800 | BD9: 0
A10: ประมาณการ | B10: ประมาณการ | C10: บจก.ฟาร์เธอร์ส วิง ซัพพลาย | D10: รถไฟ | E10: 18 | F10: 30 | G10: ขาว | H10: 0 | I10: 54 | J10: ± | K10: 5 | L10: บิด | M10: 19 | N10: 33 | O10: 40 | P10: 232.02999 | Q10: 0 | R10: 232.02999 | S10: 500กระสอบ | T10: รอแจ้ง | U10: 15000 | V10: 0 | W10: 15000 | X10: 0 | Y10: 15750 | Z10: WSWT1825800 | AA10: 13201.65 | AB10: 2599 | AC10: 10602.65 | AD10: 0 | AE10: 0 | AF10: 0 | AG10: พร้อมส่ง | AH10: P9 | AI10: 3 | AJ10: รอแจ้ง | AK10: 0 | AL10: #VALUE! | AM10: #VALUE! | AN10: #VALUE! | AO10: #VALUE! | AP10: #VALUE! | AQ10: #VALUE! | AR10: 0 | AS10: 0 | AT10: 0 | AU10: 0 | AV10: 0 | AW10: งานพิมพ์ | AX10: รอART | AY10: 0 | AZ10: 0 | BA10: 0 | BB10: 0 | BC10: WRWT25800/WRWT25800 | BD10: 729.46232
A11: 0 | B11: 0 | E11: 18 | F11: 30 | G11: ขาว | H11: 0 | I11: 54 | J11: ± | K11: 5 | L11: 0 | M11: 0 | N11: 0 | O11: 0 | P11: 0 | Q11: 0 | R11: 0 | S11: 0 | U11: 0 | V11: 0 | W11: 0 | X11: 0 | Y11: 0 | Z11: WSWT1825800 | AA11: 13201.65 | AB11: 2599 | AC11: 10602.65 | AD11: 0 | AE11: 0 | AF11: ระบุในSD | AG11: พร้อมส่ง | AH11: 0 | AI11: Lead time | AJ11: 0 | AK11: 0 | AL11: 0 | AM11: 0 | AN11: 0 | AO11: 0 | AP11: 0 | AQ11: 0 | AR11: 0 | AS11: 0 | AT11: 0 | AU11: 0 | AV11: 0 | AW11: 0 | AX11: 0 | AY11: 0 | AZ11: 0 | BA11: 0 | BB11: 0 | BC11: WRWT25800/WRWT25800 | BD11: 0
A12: 45912 | B12: MK68-001111 | C12: บจก.ซิเบลโก้(บางเลน) | D12: PORTARYTE | E12: 18 | F12: 30 | G12: ขาว | H12: ใส | I12: 74 | J12: ± | K12: 5 | L12: ไม่ | M12: ไม่สวมถุงใน | N12: 0 | O12: 0 | P12: 0 | Q12: 0 | R12: 0 | S12: 500กระสอบแบน | T12: 45932 | U12: 10000 | V12: 0 | W12: 10000 | X12: 0 | Y12: 10500 | Z12: WSWT1825800SM | AA12: 8801.1 | AB12: 8801.1 | AC12: 0 | AD12: 1900 | AE12: 6901.1 | AF12: ห้ามเกิน-ขาดได้5% | AG12: รอแบบ | AH12: P6 | AI12: 4 | AJ12: 45932 | AK12: 45928 | AL12: 45921 | AM12: 45929 | AN12: 45930 | AO12: 45931 | AP12: 45927 | AQ12: 0 | AR12: 0 | AS12: 0 | AT12: 0 | AU12: 0 | AV12: 0 | AW12: งานเคลือบ+พิมพ์ | AX12: / | AY12: 0 | AZ12: 0 | BA12: 0 | BB12: 0 | BC12: WRWT25800/WRWT25800 | BD12: 0
A13: 0 | B13: 0 | C13: 0 | E13: 18 | F13: 25 | G13: ขาว | H13: 0 | I13: 50 | J13: ± | K13: 5 | L13: 0 | M13: 0 | N13: 0 | O13: 0 | P13: 0 | Q13: 0 | R13: 0 | S13: 0 | U13: 0 | V13: 0 | W13: 0 | X13: 0 | Y13: 0 | Z13: WSWT1825800SM | AA13: 8801.1 | AB13: 8801.1 | AC13: 0 | AD13: 1900 | AE13: 6901.1 | AF13: ระบุในSD | AG13: ยังไม่ได้พิมพ์ | AH13: 0 | AI13: Lead time | AJ13: 0 | AK13: 0 | AL13: 0 | AM13: 0 | AN13: 0 | AO13: 0 | AP13: 0 | AQ13: 0 | AR13: 0 | AS13: 0 | AT13: 0 | AU13: 0 | AV13: 0 | AW13: 0 | AX13: 0 | AY13: 0 | AZ13: 0 | BA13: 0 | BB13: 0 | BC13: WRWT180800/WRWT25800 | BD13: 0
A14: 45898 | B14: MK68-001049 | C14: บจก.เพรซิเดนท์ฟลาวมิลล์ | D14: ผึ้งเหลือง | E14: 19 | F14: 30 | G14: ขาว | H14: 0 | I14: 60 | J14: ± | K14: 5 | L14: บิด | M14: ไม่สวมถุงใน | N14: 0 | O14: 0 | P14: 0 | Q14: 0 | R14: 0 | S14: 500กระสอบ | T14: 45917 | U14: 50000 | V14: 50000 | W14: 0 | X14: 52901 | Y14: 0 | Z14: WSWT1925800 | AA14: 0 | AB14: 0 | AC14: 0 | AD14: 0 | AE14: 0 | AF14: 0 | AG14: ยังไม่ได้พิมพ์ | AH14: P7 | AI14: 2 | AJ14: 45917 | AK14: 0 | AL14: 45908 | AM14: 45915 | AN14: 45916 | AO14: 45916 | AP14: 45912 | AQ14: 0 | AR14: 0 | AS14: 0 | AT14: 0 | AU14: 0 | AV14: 0 | AW14: งานพิมพ์ | AX14: / | AY14: ลบสีจำนวนมาก | AZ14: 0 | BA14: 0 | BB14: 0 | BC14: WRWT25800/WRWT25800 | BD14: 0
A15: ประมาณการ | B15: ประมาณการ | C15: บจก.เอ็กเซลเล้นท์ | D15: รอแบบ | E15: 19 | F15: 30 | G15: ขาว | H15: 0 | I15: 60 | J15: ± | K15: 5 | L15: บิด | M15: ไม่สวมถุงใน | N15: 0 | O15: 0 | P15: 0 | Q15: 0 | R15: 0 | S15: 500กระสอบ | T15: 45925 | U15: 40000 | V15: 0 | W15: 40000 | X15: 0 | Y15: 42000 | Z15: WSWT1925800 | AA15: 35204.4 | AB15: 14424 | AC15: 20780.4 | AD15: 0 | AE15: 0 | AF15: 0 | AG15: พร้อมส่ง | AH15: P7 | AI15: 2 | AJ15: 45925 | AK15: 0 | AL15: 45916 | AM15: 45923 | AN15: 45924 | AO15: 45924 | AP15: 45920 | AQ15: 0 | AR15: 0 | AS15: 0 | AT15: 0 | AU15: 0 | AV15: 0 | AW15: งานพิมพ์ | AX15: รอART | AY15: 0 | AZ15: 0 | BA15: 0 | BB15: 0 | BC15: WRWT25800/WRWT25800 | BD15: 1509.1188
A16: ประมาณการ | B16: ประมาณการ | C16: บจก.ไลม์มาสเตอร์ | D16: LMC 25 kg | E16: 19 | F16: 32 | G16: ขาว | H16: 0 | I16: 64 | J16: ± | K16: 5 | L16: ไม่ | M16: 20 | N16: 35 | O16: 40 | P16: 341.36903 | Q16: 0 | R16: 341.36903 | S16: 500กระสอบแบน | T16: 45925 | U16: 20000 | V16: 233 | W16: 19767 | X16: 0 | Y16: 20755.35 | Z16: WSWT1925800 | AA16: 18501.714 | AB16: 0 | AC16: 18501.714 | AD16: 0 | AE16: 0 | AF16: 0 | AG16: พร้อมส่ง | AH16: P9 | AI16: 3 | AJ16: 45925 | AK16: 0 | AL16: 45915 | AM16: 45922 | AN16: 45923 | AO16: 45923 | AP16: 45920 | AQ16: 45924 | AR16: 0 | AS16: 0 | AT16: 0 | AU16: 0 | AV16: 0 | AW16: งานพิมพ์ | AX16: รอART | AY16: 0 | AZ16: 0 | BA16: 0 | BB16: 0 | BC16: WRWT25800/WRWT25800 | BD16: 1343.6356
A17: ประมาณการ | B17: ประมาณการ | C17: บจก.เพรซิเดนท์ฟลาวมิลล์ | D17: ผึ้งเหลือง | E17: 19 | F17: 30 | G17: ขาว | H17: 0 | I17: 60 | J17: ± | K17: 5 | L17: บิด | M17: ไม่สวมถุงใน | N17: 0 | O17: 0 | P17: 0 | Q17: 0 | R17: 0 | S17: 500กระสอบ | T17: รอแจ้ง | U17: 140000 | V17: 0 | W17: 140000 | X17: 0 | Y17: 147000 | Z17: WSWT1925800 | AA17: 123215.4 | AB17: 0 | AC17: 123215.4 | AD17: 0 | AE17: 0 | AF17: 0 | AG17: พร้อมส่ง | AH17: P7 | AI17: 2 | AJ17: รอแจ้ง | AK17: 0 | AL17: #VALUE! | AM17: #VALUE! | AN17: #VALUE! | AO17: #VALUE! | AP17: #VALUE! | AQ17: 0 | AR17: 0 | AS17: 0 | AT17: 0 | AU17: 0 | AV17: 0 | AW17: งานพิมพ์ | AX17: รอART | AY17: 0 | AZ17: 0 | BA17: 0 | BB17: 0 | BC17: WRWT25800/WRWT25800 | BD17: 8948.1762
A18: 0 | B18: 0 | C18: 0 | D18: 0 | E18: 19 | F18: 30 | G18: ขาว | H18: 0 | I18: 60 | J18: ± | K18: 5 | L18: 0 | M18: 0 | N18: 0 | O18: 0 | P18: 0 | Q18: 0 | R18: 0 | S18: 0 | U18: 0 | V18: 0 | W18: 0 | X18: 0 | Y18: 0 | Z18: WSWT1925800 | AA18: 176921.51 | AB18: 14424 | AC18: 162497.51 | AD18: 0 | AE18: 0 | AF18: ระบุในSD | AG18: พร้อมส่ง | AH18: 0 | AI18: Lead time | AJ18: 0 | AK18: 0 | AL18: 0 | AM18: 0 | AN18: 0 | AO18: 0 | AP18: 0 | AQ18: 0 | AR18: 0 | AS18: 0 | AT18: 0 | AU18: 0 | AV18: 0 | AW18: 0 | AX18: 0 | AY18: 0 | AZ18: 0 | BA18: 0 | BB18: 0 | BC18: WRWT25800/WRWT25800 | BD18: 0
A19: 45905 | B19: MK68-001077 | C19: บจก.เคอรี่ฟลาวมิลล์ | D19: ปลาโลมาเทา | E19: 19 | F19: 32 | G19: ขาว | H19: 0 | I19: 67 | J19: + | K19: 5 | L19: บิด | M19: ไม่สวมถุงใน | N19: 0 | O19: 0 | P19: 0 | Q19: 0 | R19: 0 | S19: ห่ออัดเบลแบน500 | T19: 45916 | U19: 5000 | V19: 5000 | W19: 0 | X19: 5400 | Y19: 0 | Z19: WSWT1921720 | AA19: 0 | AB19: 0 | AC19: 0 | AD19: 0 | AE19: 0 | AF19: PDR250295 | AG19: พร้อมส่ง | AH19: P7 | AI19: 2 | AJ19: 45916 | AK19: 0 | AL19: 45907 | AM19: 45914 | AN19: 45915 | AO19: 45915 | AP19: 45911 | AQ19: 0 | AR19: 0 | AS19: 0 | AT19: 0 | AU19: 0 | AV19: 0 | AW19: งานพิมพ์ | AX19: / | AY19: 0 | AZ19: 0 | BA19: 0 | BB19: 0 | BC19: WRWT21720/WRWT25800 | BD19: 0
A20: 45905 | B20: MK68-001077 | C20: บจก.เคอรี่ฟลาวมิลล์ | D20: ถุงเงิน | E20: 19 | F20: 32 | G20: ขาว | H20: 0 | I20: 67 | J20: + | K20: 5 | L20: บิด | M20: ไม่สวมถุงใน | N20: 0 | O20: 0 | P20: 0 | Q20: 0 | R20: 0 | S20: ห่ออัดเบลแบน500 | T20: 45916 | U20: 5000 | V20: 4500 | W20: 500 | X20: 5400 | Y20: 0 | Z20: WSWT1921720 | AA20: 0 | AB20: 0 | AC20: 0 | AD20: 0 | AE20: 0 | AF20: PDR250295 | AG20: พร้อมส่ง | AH20: P7 | AI20: 2 | AJ20: 45916 | AK20: 0 | AL20: 45907 | AM20: 45914 | AN20: 45915 | AO20: 45915 | AP20: 45911 | AQ20: 0 | AR20: 0 | AS20: 0 | AT20: 0 | AU20: 0 | AV20: 0 | AW20: งานพิมพ์ | AX20: / | AY20: 0 | AZ20: 0 | BA20: 0 | BB20: 0 | BC20: WRWT21720/WRWT25800 | BD20: 0
A21: 45905 | B21: MK68-001077 | C21: บจก.เคอรี่ฟลาวมิลล์ | D21: กุ้งแดง | E21: 19 | F21: 32 | G21: ขาว | H21: 0 | I21: 67 | J21: + | K21: 5 | L21: บิด | M21: ไม่สวมถุงใน | N21: 0 | O21: 0 | P21: 0 | Q21: 0 | R21: 0 | S21: ห่ออัดเบลแบน500 | T21: 45916 | U21: 10000 | V21: 10000 | W21: 0 | X21: 10500 | Y21: 0 | Z21: WSWT1921720 | AA21: 0 | AB21: 0 | AC21: 0 | AD21: 0 | AE21: 0 | AF21: PDR250295 | AG21: พร้อมส่ง | AH21: P7 | AI21: 2 | AJ21: 45916 | AK21: 0 | AL21: 45907 | AM21: 45914 | AN21: 45915 | AO21: 45915 | AP21: 45911 | AQ21: 0 | AR21: 0 | AS21: 0 | AT21: 0 | AU21: 0 | AV21: 0 | AW21: งานพิมพ์ | AX21: / | AY21: 0 | AZ21: 0 | BA21: 0 | BB21: 0 | BC21: WRWT21720/WRWT25800 | BD21: 0
A22: 45905 | B22: MK68-001077 | C22: บจก.เคอรี่ฟลาวมิลล์ | D22: PBKF2-01-03 | E22: 19 | F22: 32 | G22: ขาว | H22: 0 | I22: 67 | J22: + | K22: 5 | L22: บิด | M22: ไม่สวมถุงใน | N22: 0 | O22: 0 | P22: 0 | Q22: 0 | R22: 0 | S22: ห่ออัดเบลแบน500 | T22: 45916 | U22: 5000 | V22: 4787 | W22: 213 | X22: 5400 | Y22: 0 | Z22: WSWT1921720 | AA22: 0 | AB22: 0 | AC22: 0 | AD22: 0 | AE22: 0 | AF22: PDR250295 | AG22: รอตัด | AH22: P7 | AI22: 2 | AJ22: 45916 | AK22: 0 | AL22: 45907 | AM22: 45914 | AN22: 45915 | AO22: 45915 | AP22: 45911 | AQ22: 0 | AR22: 0 | AS22: 0 | AT22: 0 | AU22: 0 | AV22: 0 | AW22: งานพิมพ์ | AX22: / | AY22: 0 | AZ22: 0 | BA22: 0 | BB22: 0 | BC22: WRWT21720/WRWT25800 | BD22: 0
A23: 45905 | B23: MK68-001077 | C23: บจก.เคอรี่ฟลาวมิลล์ | D23: บะหมี่เตี๊ยว | E23: 19 | F23: 32 | G23: ขาว | H23: 0 | I23: 67 | J23: + | K23: 5 | L23: บิด | M23: ไม่สวมถุงใน | N23: 0 | O23: 0 | P23: 0 | Q23: 0 | R23: 0 | S23: ห่ออัดเบลแบน500 | T23: 45918 | U23: 5000 | V23: 5000 | W23: 0 | X23: 5250 | Y23: 0 | Z23: WSWT1921720 | AA23: 0 | AB23: 0 | AC23: 0 | AD23: 0 | AE23: 0 | AF23: PDR250296 | AG23: พร้อมส่ง | AH23: P7 | AI23: 2 | AJ23: 45918 | AK23: 0 | AL23: 45909 | AM23: 45916 | AN23: 45917 | AO23: 45917 | AP23: 45913 | AQ23: 0 | AR23: 0 | AS23: 0 | AT23: 0 | AU23: 0 | AV23: 0 | AW23: งานพิมพ์ | AX23: / | AY23: 0 | AZ23: 0 | BA23: 0 | BB23: 0 | BC23: WRWT21720/WRWT25800 | BD23: 0
A24: 45905 | B24: MK68-001077 | C24: บจก.เคอรี่ฟลาวมิลล์ | D24: แต้มแดง | E24: 19 | F24: 32 | G24: ขาว | H24: 0 | I24: 67 | J24: + | K24: 5 | L24: บิด | M24: ไม่สวมถุงใน | N24: 0 | O24: 0 | P24: 0 | Q24: 0 | R24: 0 | S24: ห่ออัดเบลแบน500 | T24: 45918 | U24: 5000 | V24: 4623 | W24: 377 | X24: 5023 | Y24: 0 | Z24: WSWT1921720 | AA24: 0 | AB24: 0 | AC24: 0 | AD24: 0 | AE24: 0 | AF24: PDR250295 | AG24: พร้อมส่ง | AH24: P7 | AI24: 2 | AJ24: 45918 | AK24: 0 | AL24: 45909 | AM24: 45916 | AN24: 45917 | AO24: 45917 | AP24: 45913 | AQ24: 0 | AR24: 0 | AS24: 0 | AT24: 0 | AU24: 0 | AV24: 0 | AW24: งานพิมพ์ | AX24: / | AY24: 0 | AZ24: 0 | BA24: 0 | BB24: 0 | BC24: WRWT21720/WRWT25800 | BD24: 0
A25: ประมาณการ | B25: ประมาณการ | C25: บจก.เคอรี่ฟลาวมิลล์ | D25: แต้มแดง | E25: 19 | F25: 32 | G25: ขาว | H25: 0 | I25: 67 | J25: + | K25: 5 | L25: บิด | M25: ไม่สวมถุงใน | N25: 0 | O25: 0 | P25: 0 | Q25: 0 | R25: 0 | S25: ห่ออัดเบลแบน500 | T25: รอแจ้ง | U25: 5000 | V25: 0 | W25: 5000 | X25: 5400 | Y25: 0 | Z25: WSWT1921720 | AA25: 0 | AB25: 0 | AC25: 0 | AD25: 0 | AE25: 0 | AF25: 0 | AG25: ผ้าขาว | AH25: P7 | AI25: 2 | AJ25: รอแจ้ง | AK25: 0 | AL25: #VALUE! | AM25: #VALUE! | AN25: #VALUE! | AO25: #VALUE! | AP25: #VALUE! | AQ25: 0 | AR25: 0 | AS25: 0 | AT25: 0 | AU25: 0 | AV25: 0 | AW25: งานพิมพ์ | AX25: 0 | AY25: 0 | AZ25: 0 | BA25: 0 | BB25: 0 | BC25: WRWT21720/WRWT25800 | BD25: 0
A26: 45905 | B26: MK68-001077 | C26: บจก.เคอรี่ฟลาวมิลล์ | D26: ถุงเขียว | E26: 19 | F26: 32 | G26: ขาว | H26: 0 | I26: 67 | J26: + | K26: 5 | L26: บิด | M26: ไม่สวมถุงใน | N26: 0 | O26: 0 | P26: 0 | Q26: 0 | R26: 0 | S26: ห่ออัดเบลแบน500 | T26: 45918 | U26: 10000 | V26: 10000 | W26: 0 | X26: 10400 | Y26: 0 | Z26: WSWT1921720 | AA26: 0 | AB26: 0 | AC26: 0 | AD26: 0 | AE26: 0 | AF26: PDR250296 | AG26: ผ้าขาว | AH26: P7 | AI26: 2 | AJ26: 45918 | AK26: 0 | AL26: 45909 | AM26: 45916 | AN26: 45917 | AO26: 45917 | AP26: 45913 | AQ26: 0 | AR26: 0 | AS26: 0 | AT26: 0 | AU26: 0 | AV26: 0 | AW26: งานพิมพ์ | AX26: / | AY26: 0 | AZ26: 0 | BA26: 0 | BB26: 0 | BC26: WRWT21720/WRWT25800 | BD26: 0
A27: 45905 | B27: MK68-001077 | C27: บจก.เคอรี่ฟลาวมิลล์ | D27: ดอกไม้เขียว | E27: 19 | F27: 32 | G27: ขาว | H27: 0 | I27: 67 | J27: + | K27: 5 | L27: บิด | M27: ไม่สวมถุงใน | N27: 0 | O27: 0 | P27: 0 | Q27: 0 | R27: 0 | S27: ห่ออัดเบลแบน500 | T27: 45918 | U27: 5000 | V27: 5000 | W27: 0 | X27: 5400 | Y27: 0 | Z27: WSWT1921720 | AA27: 0 | AB27: 0 | AC27: 0 | AD27: 0 | AE27: 0 | AF27: PDR250296 | AG27: พร้อมส่ง | AH27: P7 | AI27: 2 | AJ27: 45918 | AK27: 0 | AL27: 45909 | AM27: 45916 | AN27: 45917 | AO27: 45917 | AP27: 45913 | AQ27: 0 | AR27: 0 | AS27: 0 | AT27: 0 | AU27: 0 | AV27: 0 | AW27: งานพิมพ์ | AX27: / | AY27: ลบสีจำนวนมาก | AZ27: 0 | BA27: 0 | BB27: 0 | BC27: WRWT21720/WRWT25800 | BD27: 0
A28: 45904 | B28: MK68-001075 | C28: บจก.เคอรี่ฟลาวมิลล์ | D28: ไม่พิมพ์ | E28: 19 | F28: 32 | G28: ขาว | H28: 0 | I28: 67 | J28: + | K28: 5 | L28: ไม่ | M28: ไม่สวมถุงใน | N28: 0 | O28: 0 | P28: 0 | Q28: 0 | R28: 0 | S28: ห่ออัดเบลแบน501 | T28: 45924 | U28: 20000 | V28: 0 | W28: 20000 | X28: 0 | Y28: 0 | Z28: WSWT1921720 | AA28: 18719.8 | AB28: 18719.8 | AC28: 0 | AD28: 0 | AE28: 0 | AF28: 0 | AG28: พิมพ์ไม่ครบ | AH28: P3 | AI28: 1 | AJ28: 45924 | AK28: 0 | AL28: 0 | AM28: 0 | AN28: 0 | AO28: 45923 | AP28: 45919 | AQ28: 0 | AR28: 0 | AS28: 0 | AT28: 0 | AU28: 0 | AV28: 0 | AW28: ตัด | AX28: 0 | AY28: 0 | AZ28: 0 | BA28: 0 | BB28: 0 | BC28: WRWT21720/WRWT25800 | BD28: 0
A29: 45904 | B29: MK68-001076 | C29: บจก.เคอรี่ฟลาวมิลล์ | D29: ไม่พิมพ์ | E29: 19 | F29: 32 | G29: ขาว | H29: 0 | I29: 67 | J29: + | K29: 5 | L29: ไม่ | M29: ไม่สวมถุงใน | N29: 0 | O29: 0 | P29: 0 | Q29: 0 | R29: 0 | S29: ห่ออัดเบลแบน501 | T29: 45924 | U29: 20000 | V29: 0 | W29: 20000 | X29: 0 | Y29: 0 | Z29: WSWT1921720 | AA29: 18719.8 | AB29: 0 | AC29: 18719.8 | AD29: 0 | AE29: 0 | AF29: 0 | AG29: ยังไม่ได้พิมพ์ | AH29: P3 | AI29: 1 | AJ29: 45924 | AK29: 0 | AL29: 0 | AM29: 0 | AN29: 0 | AO29: 45923 | AP29: 45919 | AQ29: 0 | AR29: 0 | AS29: 0 | AT29: 0 | AU29: 0 | AV29: 0 | AW29: ตัด | AX29: 0 | AY29: 0 | AZ29: 0 | BA29: 0 | BB29: 0 | BC29: WRWT21720/WRWT25800 | BD29: 1410.0585
A30: 45910 | B30: MK68-001099 | C30: บจก.เคอรี่ฟลาวมิลล์ | D30: ถุงเขียว | E30: 19 | F30: 32 | G30: ขาว | H30: 0 | I30: 67 | J30: + | K30: 5 | L30: บิด | M30: ไม่สวมถุงใน | N30: 0 | O30: 0 | P30: 0 | Q30: 0 | R30: 0 | S30: ห่ออัดเบลแบน500 | T30: 45920 | U30: 10000 | V30: 10000 | W30: 0 | X30: 10400 | Y30: 0 | Z30: WSWT1921720 | AA30: 0 | AB30: 0 | AC30: 0 | AD30: 0 | AE30: 0 | AF30: PDR250299 | AG30: รอตัด | AH30: P7 | AI30: 2 | AJ30: 45920 | AK30: 0 | AL30: 45911 | AM30: 45918 | AN30: 45919 | AO30: 45919 | AP30: 45915 | AQ30: 0 | AR30: 0 | AS30: 0 | AT30: 0 | AU30: 0 | AV30: 0 | AW30: งานพิมพ์ | AX30: / | AY30: 0 | AZ30: 0 | BA30: 0 | BB30: 0 | BC30: WRWT21720/WRWT25800 | BD30: 0
A31: 45910 | B31: MK68-001099 | C31: บจก.เคอรี่ฟลาวมิลล์ | D31: ถุงทองแซนวิช | E31: 19 | F31: 32 | G31: ขาว | H31: 0 | I31: 67 | J31: + | K31: 5 | L31: บิด | M31: ไม่สวมถุงใน | N31: 0 | O31: 0 | P31: 0 | Q31: 0 | R31: 0 | S31: ห่ออัดเบลแบน500 | T31: 45920 | U31: 10000 | V31: 0 | W31: 10000 | X31: 8080 | Y31: 2016 | Z31: WSWT1921720 | AA31: 1886.9558 | AB31: 1886.9558 | AC31: 0 | AD31: 0 | AE31: 0 | AF31: PDR250299 | AG31: รอตัด | AH31: P7 | AI31: 2 | AJ31: 45920 | AK31: 0 | AL31: 45911 | AM31: 45918 | AN31: 45919 | AO31: 45919 | AP31: 45915 | AQ31: 0 | AR31: 0 | AS31: 0 | AT31: 0 | AU31: 0 | AV31: 0 | AW31: งานพิมพ์ | AX31: / | AY31: 0 | AZ31: 0 | BA31: 0 | BB31: 0 | BC31: WRWT21720/WRWT25800 | BD31: 0
A32: 45910 | B32: MK68-001099 | C32: บจก.เคอรี่ฟลาวมิลล์ | D32: BS | E32: 19 | F32: 32 | G32: ขาว | H32: 0 | I32: 67 | J32: + | K32: 5 | L32: บิด | M32: ไม่สวมถุงใน | N32: 0 | O32: 0 | P32: 0 | Q32: 0 | R32: 0 | S32: ห่ออัดเบลแบน500 | T32: 45920 | U32: 5000 | V32: 0 | W32: 5000 | X32: 0 | Y32: 5250 | Z32: WSWT1921720 | AA32: 4679.95 | AB32: 4679.95 | AC32: 0 | AD32: 0 | AE32: 0 | AF32: PDR250299 | AG32: รอตัด | AH32: P7 | AI32: 2 | AJ32: 45920 | AK32: 0 | AL32: 45911 | AM32: 45918 | AN32: 45919 | AO32: 45919 | AP32: 45915 | AQ32: 0 | AR32: 0 | AS32: 0 | AT32: 0 | AU32: 0 | AV32: 0 | AW32: งานพิมพ์ | AX32: / | AY32: 0 | AZ32: 0 | BA32: 0 | BB32: 0 | BC32: WRWT21720/WRWT25800 | BD32: 0
A33: 45910 | B33: MK68-001099 | C33: บจก.เคอรี่ฟลาวมิลล์ | D33: ชามแดง | E33: 19 | F33: 32 | G33: ขาว | H33: 0 | I33: 67 | J33: + | K33: 5 | L33: บิด | M33: ไม่สวมถุงใน | N33: 0 | O33: 0 | P33: 0 | Q33: 0 | R33: 0 | S33: ห่ออัดเบลแบน500 | T33: 45925 | U33: 5000 | V33: 0 | W33: 5000 | X33: 5400 | Y33: 0 | Z33: WSWT1921720 | AA33: 0 | AB33: 0 | AC33: 0 | AD33: 0 | AE33: 0 | AF33: PDR250300 | AG33: รอตัด | AH33: P7 | AI33: 2 | AJ33: 45925 | AK33: 0 | AL33: 45916 | AM33: 45923 | AN33: 45924 | AO33: 45924 | AP33: 45920 | AQ33: 0 | AR33: 0 | AS33: 0 | AT33: 0 | AU33: 0 | AV33: 0 | AW33: งานพิมพ์ | AX33: / | AY33: 0 | AZ33: 0 | BA33: 0 | BB33: 0 | BC33: WRWT21720/WRWT25800 | BD33: 0
A34: 45910 | B34: MK68-001099 | C34: บจก.เคอรี่ฟลาวมิลล์ | D34: บะหมี่เตี๊ยว | E34: 19 | F34: 32 | G34: ขาว | H34: 0 | I34: 67 | J34: + | K34: 5 | L34: บิด | M34: ไม่สวมถุงใน | N34: 0 | O34: 0 | P34: 0 | Q34: 0 | R34: 0 | S34: ห่ออัดเบลแบน500 | T34: 45925 | U34: 5000 | V34: 0 | W34: 5000 | X34: 5400 | Y34: 0 | Z34: WSWT1921720 | AA34: 0 | AB34: 0 | AC34: 0 | AD34: 0 | AE34: 0 | AF34: PDR250300 | AG34: รอตัด | AH34: P7 | AI34: 2 | AJ34: 45925 | AK34: 0 | AL34: 45916 | AM34: 45923 | AN34: 45924 | AO34: 45924 | AP34: 45920 | AQ34: 0 | AR34: 0 | AS34: 0 | AT34: 0 | AU34: 0 | AV34: 0 | AW34: งานพิมพ์ | AX34: / | AY34: 0 | AZ34: 0 | BA34: 0 | BB34: 0 | BC34: WRWT21720/WRWT25800 | BD34: 0
A35: 45910 | B35: MK68-001099 | C35: บจก.เคอรี่ฟลาวมิลล์ | D35: HARD FLOUR | E35: 19 | F35: 32 | G35: ขาว | H35: 0 | I35: 67 | J35: + | K35: 5 | L35: บิด | M35: ไม่สวมถุงใน | N35: 0 | O35: 0 | P35: 0 | Q35: 0 | R35: 0 | S35: ห่ออัดเบลแบน500 | T35: 45925 | U35: 5000 | V35: 0 | W35: 5000 | X35: 5400 | Y35: 0 | Z35: WSWT1921720 | AA35: 0 | AB35: 0 | AC35: 0 | AD35: 0 | AE35: 0 | AF35: PDR250300 | AG35: ยังไม่ได้พิมพ์ | AH35: P7 | AI35: 2 | AJ35: 45925 | AK35: 0 | AL35: 45916 | AM35: 45923 | AN35: 45924 | AO35: 45924 | AP35: 45920 | AQ35: 0 | AR35: 0 | AS35: 0 | AT35: 0 | AU35: 0 | AV35: 0 | AW35: งานพิมพ์ | AX35: / | AY35: 0 | AZ35: 0 | BA35: 0 | BB35: 0 | BC35: WRWT21720/WRWT25800 | BD35: 0
A36: 45910 | B36: MK68-001099 | C36: บจก.เคอรี่ฟลาวมิลล์ | D36: FW-Y | E36: 19 | F36: 32 | G36: ขาว | H36: 0 | I36: 67 | J36: + | K36: 5 | L36: ไม่ | M36: ไม่สวมถุงใน | N36: 0 | O36: 0 | P36: 0 | Q36: 0 | R36: 0 | S36: ห่ออัดเบลแบน500 | T36: 45925 | U36: 5000 | V36: 0 | W36: 5000 | X36: 5400 | Y36: 0 | Z36: WSWT1921720 | AA36: 0 | AB36: 0 | AC36: 0 | AD36: 0 | AE36: 0 | AF36: PDR250300 | AG36: ยังไม่ได้พิมพ์ | AH36: P7 | AI36: 2 | AJ36: 45925 | AK36: 0 | AL36: 45916 | AM36: 45923 | AN36: 45924 | AO36: 45924 | AP36: 45920 | AQ36: 0 | AR36: 0 | AS36: 0 | AT36: 0 | AU36: 0 | AV36: 0 | AW36: งานพิมพ์ | AX36: / | AY36: 0 | AZ36: 0 | BA36: 0 | BB36: 0 | BC36: WRWT21720/WRWT25800 | BD36: 0
A37: 45910 | B37: MK68-001099 | C37: บจก.เคอรี่ฟลาวมิลล์ | D37: 997 | E37: 19 | F37: 32 | G37: ขาว | H37: 0 | I37: 67 | J37: + | K37: 5 | L37: ไม่ | M37: ไม่สวมถุงใน | N37: 0 | O37: 0 | P37: 0 | Q37: 0 | R37: 0 | S37: ห่ออัดเบลแบน500 | T37: 45925 | U37: 5000 | V37: 0 | W37: 5000 | X37: 5400 | Y37: 0 | Z37: WSWT1921720 | AA37: 0 | AB37: 0 | AC37: 0 | AD37: 0 | AE37: 0 | AF37: PDR250300 | AG37: ยังไม่ได้พิมพ์ | AH37: P7 | AI37: 2 | AJ37: 45925 | AK37: 0 | AL37: 45916 | AM37: 45923 | AN37: 45924 | AO37: 45924 | AP37: 45920 | AQ37: 0 | AR37: 0 | AS37: 0 | AT37: 0 | AU37: 0 | AV37: 0 | AW37: งานพิมพ์ | AX37: / | AY37: 0 | AZ37: 0 | BA37: 0 | BB37: 0 | BC37: WRWT21720/WRWT25800 | BD37: 0
A38: 45912 | B38: MK68-001108 | C38: บจก.เคอรี่ฟลาวมิลล์ | D38: NHR-1 | E38: 19 | F38: 32 | G38: ขาว | H38: 0 | I38: 67 | J38: + | K38: 5 | L38: บิด | M38: ไม่สวมถุงใน | N38: 0 | O38: 0 | P38: 0 | Q38: 0 | R38: 0 | S38: ห่ออัดเบลแบน500 | T38: 45920 | U38: 5000 | V38: 0 | W38: 5000 | X38: 0 | Y38: 5250 | Z38: WSWT1921720 | AA38: 4679.95 | AB38: 4679.95 | AC38: 0 | AD38: 0 | AE38: 0 | AF38: PDR250301 | AG38: ยังไม่ได้พิมพ์ | AH38: P7 | AI38: 2 | AJ38: 45920 | AK38: 0 | AL38: 45911 | AM38: 45918 | AN38: 45919 | AO38: 45919 | AP38: 45915 | AQ38: 0 | AR38: 0 | AS38: 0 | AT38: 0 | AU38: 0 | AV38: 0 | AW38: งานพิมพ์ | AX38: รอART | AY38: 0 | AZ38: 0 | BA38: 0 | BB38: 0 | BC38: WRWT21720/WRWT25800 | BD38: 0
A39: 45912 | B39: MK68-001108 | C39: บจก.เคอรี่ฟลาวมิลล์ | D39: กุ้งแดง | E39: 19 | F39: 32 | G39: ขาว | H39: 0 | I39: 67 | J39: + | K39: 5 | L39: บิด | M39: ไม่สวมถุงใน | N39: 0 | O39: 0 | P39: 0 | Q39: 0 | R39: 0 | S39: ห่ออัดเบลแบน500 | T39: 45920 | U39: 10000 | V39: 0 | W39: 10000 | X39: 0 | Y39: 10500 | Z39: WSWT1921720 | AA39: 9359.9 | AB39: 9359.9 | AC39: 0 | AD39: 0 | AE39: 0 | AF39: PDR250301 | AG39: ยังไม่ได้พิมพ์ | AH39: P7 | AI39: 2 | AJ39: 45920 | AK39: 0 | AL39: 45911 | AM39: 45918 | AN39: 45919 | AO39: 45919 | AP39: 45915 | AQ39: 0 | AR39: 0 | AS39: 0 | AT39: 0 | AU39: 0 | AV39: 0 | AW39: งานพิมพ์ | AX39: รอART | AY39: 0 | AZ39: 0 | BA39: 0 | BB39: 0 | BC39: WRWT21720/WRWT25800 | BD39: 0
A40: 45912 | B40: MK68-001108 | C40: บจก.เคอรี่ฟลาวมิลล์ | D40: ดอกไม้เขียว | E40: 19 | F40: 32 | G40: ขาว | H40: 0 | I40: 67 | J40: + | K40: 5 | L40: บิด | M40: ไม่สวมถุงใน | N40: 0 | O40: 0 | P40: 0 | Q40: 0 | R40: 0 | S40: ห่ออัดเบลแบน500 | T40: 45920 | U40: 10000 | V40: 0 | W40: 10000 | X40: 0 | Y40: 10500 | Z40: WSWT1921720 | AA40: 9359.9 | AB40: 9359.9 | AC40: 0 | AD40: 0 | AE40: 0 | AF40: PDR250301 | AG40: ยังไม่ได้พิมพ์ | AH40: P7 | AI40: 2 | AJ40: 45920 | AK40: 0 | AL40: 45911 | AM40: 45918 | AN40: 45919 | AO40: 45919 | AP40: 45915 | AQ40: 0 | AR40: 0 | AS40: 0 | AT40: 0 | AU40: 0 | AV40: 0 | AW40: งานพิมพ์ | AX40: รอART | AY40: 0 | AZ40: 0 | BA40: 0 | BB40: 0 | BC40: WRWT21720/WRWT25800 | BD40: 0
A41: 45912 | B41: MK68-001108 | C41: บจก.เคอรี่ฟลาวมิลล์ | D41: ถุงเขียว | E41: 19 | F41: 32 | G41: ขาว | H41: 0 | I41: 67 | J41: + | K41: 5 | L41: บิด | M41: ไม่สวมถุงใน | N41: 0 | O41: 0 | P41: 0 | Q41: 0 | R41: 0 | S41: ห่ออัดเบลแบน500 | T41: 45925 | U41: 10000 | V41: 0 | W41: 10000 | X41: 0 | Y41: 10500 | Z41: WSWT1921720 | AA41: 9359.9 | AB41: 760 | AC41: 8599.9 | AD41: 0 | AE41: 0 | AF41: PDR250302 | AG41: ยังไม่ได้พิมพ์ | AH41: P7 | AI41: 2 | AJ41: 45925 | AK41: 0 | AL41: 45916 | AM41: 45923 | AN41: 45924 | AO41: 45924 | AP41: 45920 | AQ41: 0 | AR41: 0 | AS41: 0 | AT41: 0 | AU41: 0 | AV41: 0 | AW41: งานพิมพ์ | AX41: รอART | AY41: 0 | AZ41: 0 | BA41: 0 | BB41: 0 | BC41: WRWT21720/WRWT25800 | BD41: 647.78269
A42: 45912 | B42: MK68-001108 | C42: บจก.เคอรี่ฟลาวมิลล์ | D42: ถุงเงิน | E42: 19 | F42: 32 | G42: ขาว | H42: 0 | I42: 67 | J42: + | K42: 5 | L42: บิด | M42: ไม่สวมถุงใน | N42: 0 | O42: 0 | P42: 0 | Q42: 0 | R42: 0 | S42: ห่ออัดเบลแบน500 | T42: 45925 | U42: 5000 | V42: 0 | W42: 5000 | X42: 0 | Y42: 5250 | Z42: WSWT1921720 | AA42: 4679.95 | AB42: 4679.95 | AC42: 0 | AD42: 0 | AE42: 0 | AF42: PDR250302 | AG42: ยังไม่ได้พิมพ์ | AH42: P7 | AI42: 2 | AJ42: 45925 | AK42: 0 | AL42: 45916 | AM42: 45923 | AN42: 45924 | AO42: 45924 | AP42: 45920 | AQ42: 0 | AR42: 0 | AS42: 0 | AT42: 0 | AU42: 0 | AV42: 0 | AW42: งานพิมพ์ | AX42: รอART | AY42: 0 | AZ42: 0 | BA42: 0 | BB42: 0 | BC42: WRWT21720/WRWT25800 | BD42: 0
A43: 45912 | B43: MK68-001108 | C43: บจก.เคอรี่ฟลาวมิลล์ | D43: ดอกไม้ม่วง | E43: 19 | F43: 32 | G43: ขาว | H43: 0 | I43: 67 | J43: + | K43: 5 | L43: บิด | M43: ไม่สวมถุงใน | N43: 0 | O43: 0 | P43: 0 | Q43: 0 | R43: 0 | S43: ห่ออัดเบลแบน500 | T43: 45925 | U43: 5000 | V43: 0 | W43: 5000 | X43: 0 | Y43: 5250 | Z43: WSWT1921720 | AA43: 4679.95 | AB43: 0 | AC43: 4679.95 | AD43: 0 | AE43: 0 | AF43: PDR250302 | AG43: ยังไม่ได้พิมพ์ | AH43: P7 | AI43: 2 | AJ43: 45925 | AK43: 0 | AL43: 45916 | AM43: 45923 | AN43: 45924 | AO43: 45924 | AP43: 45920 | AQ43: 0 | AR43: 0 | AS43: 0 | AT43: 0 | AU43: 0 | AV43: 0 | AW43: งานพิมพ์ | AX43: รอART | AY43: 0 | AZ43: 0 | BA43: 0 | BB43: 0 | BC43: WRWT21720/WRWT25800 | BD43: 352.51463
A44: 45912 | B44: MK68-001109 | C44: บจก.เคอรี่ฟลาวมิลล์ | D44: NHR-1 | E44: 19 | F44: 32 | G44: ขาว | H44: 0 | I44: 67 | J44: + | K44: 5 | L44: บิด | M44: ไม่สวมถุงใน | N44: 0 | O44: 0 | P44: 0 | Q44: 0 | R44: 0 | S44: ห่ออัดเบลแบน500 | T44: 45927 | U44: 5000 | V44: 0 | W44: 5000 | X44: 0 | Y44: 5250 | Z44: WSWT1921720 | AA44: 4679.95 | AB44: 0 | AC44: 4679.95 | AD44: 0 | AE44: 0 | AF44: PDR250303 | AG44: รอแบบ | AH44: P7 | AI44: 2 | AJ44: 45927 | AK44: 0 | AL44: 45918 | AM44: 45925 | AN44: 45926 | AO44: 45926 | AP44: 45922 | AQ44: 0 | AR44: 0 | AS44: 0 | AT44: 0 | AU44: 0 | AV44: 0 | AW44: งานพิมพ์ | AX44: รอART | AY44: 0 | AZ44: 0 | BA44: 0 | BB44: 0 | BC44: WRWT21720/WRWT25800 | BD44: 352.51463
A45: 45912 | B45: MK68-001109 | C45: บจก.เคอรี่ฟลาวมิลล์ | D45: ถุงเงิน | E45: 19 | F45: 32 | G45: ขาว | H45: 0 | I45: 67 | J45: + | K45: 5 | L45: บิด | M45: ไม่สวมถุงใน | N45: 0 | O45: 0 | P45: 0 | Q45: 0 | R45: 0 | S45: ห่ออัดเบลแบน500 | T45: 45927 | U45: 5000 | V45: 0 | W45: 5000 | X45: 0 | Y45: 5250 | Z45: WSWT1921720 | AA45: 4679.95 | AB45: 0 | AC45: 4679.95 | AD45: 0 | AE45: 0 | AF45: PDR250303 | AG45: พร้อมส่ง | AH45: P7 | AI45: 2 | AJ45: 45927 | AK45: 0 | AL45: 45918 | AM45: 45925 | AN45: 45926 | AO45: 45926 | AP45: 45922 | AQ45: 0 | AR45: 0 | AS45: 0 | AT45: 0 | AU45: 0 | AV45: 0 | AW45: งานพิมพ์ | AX45: รอART | AY45: 0 | AZ45: 0 | BA45: 0 | BB45: 0 | BC45: WRWT21720/WRWT25800 | BD45: 352.51463
A46: 45912 | B46: MK68-001109 | C46: บจก.เคอรี่ฟลาวมิลล์ | D46: ดอกไม้เขียว | E46: 19 | F46: 32 | G46: ขาว | H46: 0 | I46: 67 | J46: + | K46: 5 | L46: บิด | M46: ไม่สวมถุงใน | N46: 0 | O46: 0 | P46: 0 | Q46: 0 | R46: 0 | S46: ห่ออัดเบลแบน500 | T46: 45927 | U46: 10000 | V46: 0 | W46: 10000 | X46: 0 | Y46: 10500 | Z46: WSWT1921720 | AA46: 9359.9 | AB46: 0 | AC46: 9359.9 | AD46: 0 | AE46: 0 | AF46: PDR250303 | AG46: พร้อมส่ง | AH46: P7 | AI46: 2 | AJ46: 45927 | AK46: 0 | AL46: 45918 | AM46: 45925 | AN46: 45926 | AO46: 45926 | AP46: 45922 | AQ46: 0 | AR46: 0 | AS46: 0 | AT46: 0 | AU46: 0 | AV46: 0 | AW46: งานพิมพ์ | AX46: รอART | AY46: 0 | AZ46: 0 | BA46: 0 | BB46: 0 | BC46: WRWT21720/WRWT25800 | BD46: 705.02927
A47: ประมาณการ | B47: ประมาณการ | C47: บจก.เคอรี่ฟลาวมิลล์ | D47: รอแบบ | E47: 19 | F47: 32 | G47: ขาว | H47: 0 | I47: 67 | J47: + | K47: 5 | L47: บิด | M47: ไม่สวมถุงใน | N47: 0 | O47: 0 | P47: 0 | Q47: 0 | R47: 0 | S47: ห่ออัดเบลแบน500 | T47: 45961 | U47: 400000 | V47: 0 | W47: 400000 | X47: 0 | Y47: 420000 | Z47: WSWT1921720 | AA47: 374396 | AB47: 0 | AC47: 374396 | AD47: 0 | AE47: 0 | AF47: 0 | AG47: ยังไม่ได้พิมพ์ | AH47: P7 | AI47: 2 | AJ47: 45961 | AK47: 0 | AL47: 45952 | AM47: 45959 | AN47: 45960 | AO47: 45960 | AP47: 45956 | AQ47: 0 | AR47: 0 | AS47: 0 | AT47: 0 | AU47: 0 | AV47: 0 | AW47: งานพิมพ์ | AX47: รอART | AY47: 0 | AZ47: 0 | BA47: 0 | BB47: 0 | BC47: WRWT21720/WRWT25800 | BD47: 28201.171
A48: 0 | B48: 0 | C48: 0 | D48: 0 | E48: 19 | F48: 30 | G48: 0 | H48: 0 | I48: 63 | J48: + | K48: 5 | L48: 0 | M48: 0 | N48: 0 | O48: 0 | P48: 0 | Q48: 0 | R48: 0 | S48: 0 | U48: 0 | V48: 0 | W48: 0 | X48: 0 | Y48: 0 | Z48: WSWT1921720 | AA48: 479241.86 | AB48: 54126.406 | AC48: 425115.45 | AD48: 0 | AE48: 0 | AF48: ระบุในSD | AG48: ยังไม่ได้พิมพ์ | AH48: 0 | AI48: Lead time | AJ48: 0 | AK48: 0 | AL48: 0 | AM48: 0 | AN48: 0 | AO48: 0 | AP48: 0 | AQ48: 0 | AR48: 0 | AS48: 0 | AT48: 0 | AU48: 0 | AV48: 0 | AW48: 0 | AX48: 0 | AY48: 0 | AZ48: 0 | BA48: 0 | BB48: 0 | BC48: WRWT190720/WRWT25800 | BD48: 0
A49: 45905 | B49: MK68-001080 | C49: บจก.อินเทคค์ โกลบอล | D49: เพอเฟคค์103P โกลด์ | E49: 19 | F49: 34 | G49: ขาว | H49: ด้าน | I49: 100 | J49: ± | K49: 5 | L49: จับจีบ4" | M49: ไม่สวมถุงใน | N49: 0 | O49: 0 | P49: 0 | Q49: 0 | R49: 0 | S49: มัด80 ใช้สายรัด | T49: 45920 | U49: 5040 | V49: 0 | W49: 5040 | X49: 0 | Y49: 5292 | Z49: WSWT19251000SM | AA49: 4999.0248 | AB49: 4999.0248 | AC49: 0 | AD49: 0 | AE49: 4999.0248 | AF49: 0 | AG49: พร้อมส่ง | AH49: P6 | AI49: 4 | AJ49: 45920 | AK49: 45916 | AL49: 45909 | AM49: 45917 | AN49: 45918 | AO49: 45919 | AP49: 45915 | AQ49: 0 | AR49: 0 | AS49: 0 | AT49: 0 | AU49: 0 | AV49: 0 | AW49: งานเคลือบ+พิมพ์ | AX49: / | AY49: 0 | AZ49: 0 | BA49: 0 | BB49: 0 | BC49: WRWT251000/WRWT251000 | BD49: 0
A50: 45905 | B50: MK68-001080 | C50: บจก.อินเทคค์ โกลบอล | D50: เพอเฟคค์104 โกลด์ | E50: 19 | F50: 34 | G50: ขาว | H50: ด้าน | I50: 100 | J50: ± | K50: 5 | L50: จับจีบ4" | M50: ไม่สวมถุงใน | N50: 0 | O50: 0 | P50: 0 | Q50: 0 | R50: 0 | S50: มัด80 ใช้สายรัด | T50: 45920 | U50: 5040 | V50: 1174 | W50: 3866 | X50: 0 | Y50: 4059.3 | Z50: WSWT19251000SM | AA50: 3834.5694 | AB50: 3834.5694 | AC50: 0 | AD50: 0 | AE50: 3834.5694 | AF50: 0 | AG50: พร้อมส่ง | AH50: P6 | AI50: 4 | AJ50: 45920 | AK50: 45916 | AL50: 45909 | AM50: 45917 | AN50: 45918 | AO50: 45919 | AP50: 45915 | AQ50: 0 | AR50: 0 | AS50: 0 | AT50: 0 | AU50: 0 | AV50: 0 | AW50: งานเคลือบ+พิมพ์ | AX50: / | AY50: 0 | AZ50: 0 | BA50: 0 | BB50: 0 | BC50: WRWT251000/WRWT251000 | BD50: 0
A51: 45796 | B51: MK68-000680 | C51: บจก.อินเทคค์ โกลบอล | D51: เพอเฟคค์103P โกลด์ | E51: 19 | F51: 34 | G51: ขาว | H51: ด้าน | I51: 100 | J51: ± | K51: 5 | L51: จับจีบ4" | M51: ไม่สวมถุงใน | N51: 0 | O51: 0 | P51: 0 | Q51: 0 | R51: 0 | S51: มัด80 ใช้สายรัด | T51: รอแจ้ง | U51: 503 | V51: 0 | W51: 503 | X51: 5250 | Y51: 0 | Z51: WSWT19251000SM | AA51: 0 | AB51: 0 | AC51: 0 | AD51: 0 | AE51: 0 | AF51: 0 | AG51: พร้อมส่ง | AH51: P6 | AI51: 4 | AJ51: รอแจ้ง | AK51: #VALUE! | AL51: #VALUE! | AM51: #VALUE! | AN51: #VALUE! | AO51: #VALUE! | AP51: #VALUE! | AQ51: 0 | AR51: 0 | AS51: 0 | AT51: 0 | AU51: 0 | AV51: 0 | AW51: งานเคลือบ+พิมพ์ | AX51: / | AY51: 0 | AZ51: 0 | BA51: 0 | BB51: 0 | BC51: WRWT251000/WRWT251000 | BD51: 0
A52: 0 | B52: 0 | C52: 0 | D52: 0 | E52: 19 | F52: 34 | G52: ขาว | H52: 0 | I52: 80 | J52: ± | K52: 5 | L52: 0 | M52: 0 | N52: 0 | O52: 0 | P52: 0 | Q52: 0 | R52: 0 | S52: 0 | U52: 0 | V52: 0 | W52: 0 | X52: 0 | Y52: 0 | Z52: WSWT19251000SM | AA52: 8833.5942 | AB52: 8833.5942 | AC52: 0 | AD52: 0 | AE52: 8833.5942 | AF52: ระบุในSD | AG52: พร้อมส่ง | AH52: 0 | AI52: Lead time | AJ52: 0 | AK52: 0 | AL52: 0 | AM52: 0 | AN52: 0 | AO52: 0 | AP52: 0 | AQ52: 0 | AR52: 0 | AS52: 0 | AT52: 0 | AU52: 0 | AV52: 0 | AW52: 0 | AX52: 0 | AY52: 0 | AZ52: 0 | BA52: 0 | BB52: 0 | BC52: WRWT251000/WRYL251000 | BD52: 0
A53: 45902 | B53: MK68-001069 | C53: บจก.วีซีเอฟ | D53: VC120 | E53: 20 | F53: 37 | G53: ขาว | H53: ใส | I53: 100 | J53: ± | K53: 5 | L53: บิด | M53: ไม่สวมถุงใน | N53: 0 | O53: 0 | P53: 0 | Q53: 0 | R53: 0 | S53: 500กระสอบแบน | T53: 45920 | U53: 8000 | V53: 8000 | W53: 0 | X53: 20753 | Y53: 0 | Z53: WSWT2025800SM | AA53: 0 | AB53: 0 | AC53: 0 | AD53: 0 | AE53: 0 | AF53: ลบสี 4000 | AG53: พร้อมส่ง | AH53: P6 | AI53: 4 | AJ53: 45920 | AK53: 45916 | AL53: 45909 | AM53: 45917 | AN53: 45918 | AO53: 45919 | AP53: 45915 | AQ53: 0 | AR53: 0 | AS53: 0 | AT53: 0 | AU53: 0 | AV53: 0 | AW53: งานเคลือบ+พิมพ์ | AX53: / | AY53: 0 | AZ53: 0 | BA53: 0 | BB53: 0 | BC53: WRWT25850/WRWT25850 | BD53: 0
A54: 45902 | B54: MK68-001070 | C54: บจก.วีซีเอฟ | D54: JET555 | E54: 20 | F54: 37 | G54: ขาว | H54: ใส | I54: 100 | J54: ± | K54: 5 | L54: บิด | M54: ไม่สวมถุงใน | N54: 0 | O54: 0 | P54: 0 | Q54: 0 | R54: 0 | S54: 500กระสอบแบน | T54: 45920 | U54: 5000 | V54: 4876 | W54: 124 | X54: 10200 | Y54: 0 | Z54: WSWT2025800SM | AA54: 0 | AB54: 0 | AC54: 0 | AD54: 0 | AE54: 0 | AF54: 0 | AG54: รอตัด | AH54: P6 | AI54: 4 | AJ54: 45920 | AK54: 45916 | AL54: 45909 | AM54: 45917 | AN54: 45918 | AO54: 45919 | AP54: 45915 | AQ54: 0 | AR54: 0 | AS54: 0 | AT54: 0 | AU54: 0 | AV54: 0 | AW54: งานเคลือบ+พิมพ์ | AX54: / | AY54: 0 | AZ54: 0 | BA54: 0 | BB54: 0 | BC54: WRWT25850/WRWT25850 | BD54: 0
A55: 45905 | B55: MK68-001078 | C55: บจก.อินเทคค์ โกลบอล | D55: เฟิร์สช้อย 914 | E55: 20 | F55: 36 | G55: ขาว | H55: ด้าน | I55: 100 | J55: ± | K55: 5 | L55: จับจีบ | M55: ไม่สวมถุงใน | N55: 0 | O55: 0 | P55: 0 | Q55: 0 | R55: 0 | S55: มัด80 ใช้สายรัด | T55: 45919 | U55: 5040 | V55: 0 | W55: 5040 | X55: 6100 | Y55: 0 | Z55: WSWT2025800SM | AA55: 0 | AB55: 0 | AC55: 0 | AD55: 0 | AE55: 0 | AF55: 0 | AG55: พร้อมส่ง | AH55: P6 | AI55: 4 | AJ55: 45919 | AK55: 45915 | AL55: 45908 | AM55: 45916 | AN55: 45917 | AO55: 45918 | AP55: 45914 | AQ55: 0 | AR55: 0 | AS55: 0 | AT55: 0 | AU55: 0 | AV55: 0 | AW55: งานเคลือบ+พิมพ์ | AX55: / | AY55: 0 | AZ55: 0 | BA55: 0 | BB55: 0 | BC55: WRWT25850/WRWT25850 | BD55: 0
A56: 45905 | B56: MK68-001078 | C56: บจก.อินเทคค์ โกลบอล | D56: เพอเฟคค์ 912 | E56: 20 | F56: 36 | G56: ขาว | H56: ด้าน | I56: 100 | J56: ± | K56: 5 | L56: จับจีบ | M56: ไม่สวมถุงใน | N56: 0 | O56: 0 | P56: 0 | Q56: 0 | R56: 0 | S56: มัด80 ใช้สายรัด | T56: 45919 | U56: 10000 | V56: 10000 | W56: 0 | X56: 11200 | Y56: 0 | Z56: WSWT2025800SM | AA56: 0 | AB56: 0 | AC56: 0 | AD56: 0 | AE56: 0 | AF56: 0 | AG56: ยังไม่ได้พิมพ์ | AH56: P6 | AI56: 4 | AJ56: 45919 | AK56: 45915 | AL56: 45908 | AM56: 45916 | AN56: 45917 | AO56: 45918 | AP56: 45914 | AQ56: 0 | AR56: 0 | AS56: 0 | AT56: 0 | AU56: 0 | AV56: 0 | AW56: งานเคลือบ+พิมพ์ | AX56: / | AY56: 0 | AZ56: 0 | BA56: 0 | BB56: 0 | BC56: WRWT25850/WRWT25850 | BD56: 0
A57: 45905 | B57: MK68-001079 | C57: บจก.อินเทคค์ โกลบอล | D57: เฟิร์สช้อย 902 | E57: 20 | F57: 36 | G57: ขาว | H57: ด้าน | I57: 100 | J57: ± | K57: 5 | L57: จับจีบ | M57: ไม่สวมถุงใน | N57: 0 | O57: 0 | P57: 0 | Q57: 0 | R57: 0 | S57: มัด80 ใช้สายรัด | T57: 45920 | U57: 5040 | V57: 0 | W57: 5040 | X57: 5950 | Y57: 0 | Z57: WSWT2025800SM | AA57: 0 | AB57: 0 | AC57: 0 | AD57: 0 | AE57: 0 | AF57: 0 | AG57: รอตัด | AH57: P6 | AI57: 4 | AJ57: 45920 | AK57: 45916 | AL57: 45909 | AM57: 45917 | AN57: 45918 | AO57: 45919 | AP57: 45915 | AQ57: 0 | AR57: 0 | AS57: 0 | AT57: 0 | AU57: 0 | AV57: 0 | AW57: งานเคลือบ+พิมพ์ | AX57: / | AY57: 0 | AZ57: 0 | BA57: 0 | BB57: 0 | BC57: WRWT25850/WRWT25850 | BD57: 0
A58: 45796 | B58: MK68-000671 | C58: บจก.อินเทคค์ โกลบอล | D58: เฟิร์สช้อย 902 | E58: 20 | F58: 36 | G58: ขาว | H58: ด้าน | I58: 100 | J58: ± | K58: 5 | L58: จับจีบ | M58: ไม่สวมถุงใน | N58: 0 | O58: 0 | P58: 0 | Q58: 0 | R58: 0 | S58: มัด80 ใช้สายรัด | T58: 45920 | U58: 366 | V58: 0 | W58: 366 | X58: 400 | Y58: 0 | Z58: WSWT2025800SM | AA58: 0 | AB58: 0 | AC58: 0 | AD58: 0 | AE58: 0 | AF58: 0 | AG58: ยังไม่ได้พิมพ์ | AH58: P6 | AI58: 4 | AJ58: 45920 | AK58: 45916 | AL58: 45909 | AM58: 45917 | AN58: 45918 | AO58: 45919 | AP58: 45915 | AQ58: 0 | AR58: 0 | AS58: 0 | AT58: 0 | AU58: 0 | AV58: 0 | AW58: งานเคลือบ+พิมพ์ | AX58: / | AY58: 0 | AZ58: 0 | BA58: 0 | BB58: 0 | BC58: WRWT25850/WRWT25850 | BD58: 0
A59: 45905 | B59: MK68-001079 | C59: บจก.อินเทคค์ โกลบอล | D59: เฟิร์สช้อย 912 | E59: 20 | F59: 36 | G59: ขาว | H59: ด้าน | I59: 100 | J59: ± | K59: 5 | L59: จับจีบ | M59: ไม่สวมถุงใน | N59: 0 | O59: 0 | P59: 0 | Q59: 0 | R59: 0 | S59: มัด80 ใช้สายรัด | T59: 45920 | U59: 5040 | V59: 0 | W59: 5040 | X59: 0 | Y59: 5292 | Z59: WSWT2025800SM | AA59: 5280.66 | AB59: 5280.66 | AC59: 0 | AD59: 5280.66 | AE59: 0 | AF59: 0 | AG59: ยังไม่ได้พิมพ์ | AH59: P6 | AI59: 4 | AJ59: 45920 | AK59: 45916 | AL59: 45909 | AM59: 45917 | AN59: 45918 | AO59: 45919 | AP59: 45915 | AQ59: 0 | AR59: 0 | AS59: 0 | AT59: 0 | AU59: 0 | AV59: 0 | AW59: งานเคลือบ+พิมพ์ | AX59: / | AY59: 0 | AZ59: 0 | BA59: 0 | BB59: 0 | BC59: WRWT25850/WRWT25850 | BD59: 0
A60: 45902 | B60: MK68-001071 | C60: บจก.วีซีเอฟ | D60: VC181 | E60: 20 | F60: 37 | G60: ขาว | H60: ใส | I60: 100 | J60: ± | K60: 5 | L60: บิด | M60: ไม่สวมถุงใน | N60: 0 | O60: 0 | P60: 0 | Q60: 0 | R60: 0 | S60: 500กระสอบแบน | T60: 45920 | U60: 20000 | V60: 18716 | W60: 1284 | X60: 20630 | Y60: 0 | Z60: WSWT2025800SM | AA60: 0 | AB60: 0 | AC60: 0 | AD60: 0 | AE60: 0 | AF60: 0 | AG60: พร้อมส่ง | AH60: P6 | AI60: 4 | AJ60: 45920 | AK60: 45916 | AL60: 45909 | AM60: 45917 | AN60: 45918 | AO60: 45919 | AP60: 45915 | AQ60: 0 | AR60: 0 | AS60: 0 | AT60: 0 | AU60: 0 | AV60: 0 | AW60: งานเคลือบ+พิมพ์ | AX60: / | AY60: 0 | AZ60: 0 | BA60: 0 | BB60: 0 | BC60: WRWT25850/WRWT25850 | BD60: 0
A61: 45908 | B61: MK68-001086 | C61: บจก.เอ.เจ.ฟาร์ม่าแล็บ | D61: เบส-มิน | E61: 20 | F61: 34 | G61: ขาว | H61: ใส | I61: 95 | J61: ± | K61: 5 | L61: จับจีบ | M61: ไม่สวมถุงใน | N61: 0 | O61: 0 | P61: 0 | Q61: 0 | R61: 0 | S61: 500กระสอบ | T61: 45922 | U61: 8000 | V61: 0 | W61: 8000 | X61: 0 | Y61: 8400 | Z61: WSWT2025800SM | AA61: 7934.96 | AB61: 7934.96 | AC61: 0 | AD61: 0 | AE61: 7934.96 | AF61: 0 | AG61: พร้อมส่ง | AH61: P6 | AI61: 4 | AJ61: 45922 | AK61: 45918 | AL61: 45911 | AM61: 45919 | AN61: 45920 | AO61: 45921 | AP61: 45917 | AQ61: 0 | AR61: 0 | AS61: 0 | AT61: 0 | AU61: 0 | AV61: 0 | AW61: งานเคลือบ+พิมพ์ | AX61: 0 | AY61: 0 | AZ61: 0 | BA61: 0 | BB61: 0 | BC61: WRWT25850/WRWT25850 | BD61: 0
A62: 45908 | B62: MK68-001086 | C62: บจก.เอ.เจ.ฟาร์ม่าแล็บ | D62: เวท-มิน | E62: 20 | F62: 34 | G62: ขาว | H62: ใส | I62: 95 | J62: ± | K62: 5 | L62: จับจีบ | M62: ไม่สวมถุงใน | N62: 0 | O62: 0 | P62: 0 | Q62: 0 | R62: 0 | S62: 500กระสอบ | T62: 45922 | U62: 8000 | V62: 0 | W62: 8000 | X62: 0 | Y62: 8400 | Z62: WSWT2025800SM | AA62: 7934.96 | AB62: 7934.96 | AC62: 0 | AD62: 0 | AE62: 7934.96 | AF62: 0 | AG62: ยังไม่ได้พิมพ์ | AH62: P6 | AI62: 4 | AJ62: 45922 | AK62: 45918 | AL62: 45911 | AM62: 45919 | AN62: 45920 | AO62: 45921 | AP62: 45917 | AQ62: 0 | AR62: 0 | AS62: 0 | AT62: 0 | AU62: 0 | AV62: 0 | AW62: งานเคลือบ+พิมพ์ | AX62: 0 | AY62: 0 | AZ62: 0 | BA62: 0 | BB62: 0 | BC62: WRWT25850/WRWT25850 | BD62: 0
A63: 45902 | B63: MK68-001069 | C63: บจก.วีซีเอฟ | D63: VC193 | E63: 20 | F63: 37 | G63: ขาว | H63: ใส | I63: 100 | J63: ± | K63: 5 | L63: บิด | M63: ไม่สวมถุงใน | N63: 0 | O63: 0 | P63: 0 | Q63: 0 | R63: 0 | S63: 500กระสอบแบน | T63: 45923 | U63: 10000 | V63: 9620 | W63: 380 | X63: 10294 | Y63: 0 | Z63: WSWT2025800SM | AA63: 0 | AB63: 0 | AC63: 0 | AD63: 0 | AE63: 0 | AF63: 0 | AG63: พร้อมส่ง | AH63: P6 | AI63: 4 | AJ63: 45923 | AK63: 45919 | AL63: 45912 | AM63: 45920 | AN63: 45921 | AO63: 45922 | AP63: 45918 | AQ63: 0 | AR63: 0 | AS63: 0 | AT63: 0 | AU63: 0 | AV63: 0 | AW63: งานเคลือบ+พิมพ์ | AX63: / | AY63: 0 | AZ63: 0 | BA63: 0 | BB63: 0 | BC63: WRWT25850/WRWT25850 | BD63: 0
A64: 45896 | B64: MK68-001040 | C64: บจก.เอสพีเอ็ม อาหารสัตว์ | D64: ฟิล กู๊ด พี4 | E64: 20 | F64: 38 | G64: ขาว | H64: ใส | I64: 100 | J64: ± | K64: 5 | L64: บิด | M64: ไม่สวมถุงใน | N64: 0 | O64: 0 | P64: 0 | Q64: 0 | R64: 0 | S64: 500กระสอบแบน | T64: 45926 | U64: 8000 | V64: 8000 | W64: 0 | X64: 8100 | Y64: 0 | Z64: WSWT2025800SM | AA64: 0 | AB64: 0 | AC64: 0 | AD64: 0 | AE64: 0 | AF64: 0 | AG64: พร้อมส่ง | AH64: P6 | AI64: 5 | AJ64: 45926 | AK64: 45921 | AL64: 45914 | AM64: 45922 | AN64: 45923 | AO64: 45924 | AP64: 45921 | AQ64: 0 | AR64: 0 | AS64: 0 | AT64: 0 | AU64: 0 | AV64: 0 | AW64: งานเคลือบ+พิมพ์ | AX64: / | AY64: 0 | AZ64: 0 | BA64: 0 | BB64: 0 | BC64: WRWT25850/WRWT25850 | BD64: 0
A65: 45892 | B65: MK68-001029 | C65: บจก.เอสพีเอ็ม อาหารสัตว์ | D65: SPM 312 | E65: 20 | F65: 37 | G65: ขาว | H65: ด้าน | I65: 97 | J65: ± | K65: 5 | L65: บิด | M65: ไม่สวมถุงใน | N65: 0 | O65: 0 | P65: 0 | Q65: 0 | R65: 0 | S65: 500กระสอบแบน | T65: 45930 | U65: 3000 | V65: 0 | W65: 3000 | X65: 0 | Y65: 3150 | Z65: WSWT2025800SM | AA65: 3227.07 | AB65: 3227.07 | AC65: 0 | AD65: 3227.07 | AE65: 0 | AF65: 0 | AG65: พร้อมส่ง | AH65: P6 | AI65: 4 | AJ65: 45930 | AK65: 45926 | AL65: 45919 | AM65: 45927 | AN65: 45928 | AO65: 45929 | AP65: 45925 | AQ65: 0 | AR65: 0 | AS65: 0 | AT65: 0 | AU65: 0 | AV65: 0 | AW65: งานเคลือบ+พิมพ์ | AX65: / | AY65: 0 | AZ65: 0 | BA65: 0 | BB65: 0 | BC65: WRWT25850/WRWT25850 | BD65: 0
A66: 45891 | B66: MK68-001033 | C66: บจก.เอสพีเอ็ม อาหารสัตว์ | D66: นาโน 03 | E66: 20 | F66: 38 | G66: ขาว | H66: ด้าน | I66: 100 | J66: ± | K66: 5 | L66: บิด | M66: ไม่สวมถุงใน | N66: 0 | O66: 0 | P66: 0 | Q66: 0 | R66: 0 | S66: 500กระสอบแบน | T66: 45930 | U66: 9000 | V66: 8447 | W66: 553 | X66: 9150 | Y66: 0 | Z66: WSWT2025800SM | AA66: 0 | AB66: 0 | AC66: 0 | AD66: 0 | AE66: 0 | AF66: 0 | AG66: รอแบบ | AH66: P6 | AI66: 5 | AJ66: 45930 | AK66: 45925 | AL66: 45918 | AM66: 45926 | AN66: 45927 | AO66: 45928 | AP66: 45925 | AQ66: 0 | AR66: 0 | AS66: 0 | AT66: 0 | AU66: 0 | AV66: 0 | AW66: งานเคลือบ+พิมพ์ | AX66: / | AY66: 0 | AZ66: 0 | BA66: 0 | BB66: 0 | BC66: WRWT25850/WRWT25850 | BD66: 0
A67: 45891 | B67: MK68-001034 | C67: บจก.เอสพีเอ็ม อาหารสัตว์ | D67: นาโน 01 | E67: 20 | F67: 38 | G67: ขาว | H67: ด้าน | I67: 100 | J67: ± | K67: 5 | L67: บิด | M67: ไม่สวมถุงใน | N67: 0 | O67: 0 | P67: 0 | Q67: 0 | R67: 0 | S67: 500กระสอบแบน | T67: 45930 | U67: 4000 | V67: 3780 | W67: 220 | X67: 4100 | Y67: 0 | Z67: WSWT2025800SM | AA67: 0 | AB67: 0 | AC67: 0 | AD67: 0 | AE67: 0 | AF67: 0 | AG67: รอแบบ | AH67: P6 | AI67: 5 | AJ67: 45930 | AK67: 45925 | AL67: 45918 | AM67: 45926 | AN67: 45927 | AO67: 45928 | AP67: 45925 | AQ67: 0 | AR67: 0 | AS67: 0 | AT67: 0 | AU67: 0 | AV67: 0 | AW67: งานเคลือบ+พิมพ์ | AX67: / | AY67: 0 | AZ67: 0 | BA67: 0 | BB67: 0 | BC67: WRWT25850/WRWT25850 | BD67: 0
A68: 45891 | B68: MK68-001035 | C68: บจก.เอสพีเอ็ม อาหารสัตว์ | D68: นาโน 02 | E68: 20 | F68: 38 | G68: ขาว | H68: ด้าน | I68: 100 | J68: ± | K68: 5 | L68: บิด | M68: ไม่สวมถุงใน | N68: 0 | O68: 0 | P68: 0 | Q68: 0 | R68: 0 | S68: 500กระสอบแบน | T68: 45930 | U68: 9000 | V68: 8500 | W68: 500 | X68: 9455 | Y68: 0 | Z68: WSWT2025800SM | AA68: 0 | AB68: 0 | AC68: 0 | AD68: 0 | AE68: 0 | AF68: 0 | AG68: รอแบบ | AH68: P6 | AI68: 5 | AJ68: 45930 | AK68: 45925 | AL68: 45918 | AM68: 45926 | AN68: 45927 | AO68: 45928 | AP68: 45925 | AQ68: 0 | AR68: 0 | AS68: 0 | AT68: 0 | AU68: 0 | AV68: 0 | AW68: งานเคลือบ+พิมพ์ | AX68: / | AY68: 0 | AZ68: 0 | BA68: 0 | BB68: 0 | BC68: WRWT25850/WRWT25850 | BD68: 0
A69: ประมาณการ | B69: ประมาณการ | C69: บจก.อินเทคค์ โกลบอล | D69: รอแบบ | E69: 20 | F69: 36 | G69: ขาว | H69: ด้าน | I69: 100 | J69: ± | K69: 5 | L69: จับจีบ | M69: ไม่สวมถุงใน | N69: 0 | O69: 0 | P69: 0 | Q69: 0 | R69: 0 | S69: มัด80 ใช้สายรัด | T69: 45930 | U69: 100000 | V69: 0 | W69: 100000 | X69: 0 | Y69: 105000 | Z69: WSWT2025800SM | AA69: 104775 | AB69: 0 | AC69: 104775 | AD69: 0 | AE69: 104775 | AF69: 0 | AG69: รอแบบ | AH69: P6 | AI69: 4 | AJ69: 45930 | AK69: 45926 | AL69: 45919 | AM69: 45927 | AN69: 45928 | AO69: 45929 | AP69: 45925 | AQ69: 0 | AR69: 0 | AS69: 0 | AT69: 0 | AU69: 0 | AV69: 0 | AW69: งานเคลือบ+พิมพ์ | AX69: รอART | AY69: 0 | AZ69: 0 | BA69: 0 | BB69: 0 | BC69: WRWT25850/WRWT25850 | BD69: 7916.3333
A70: ประมาณการ | B70: ประมาณการ | C70: บจก.เอสพีเอ็ม อาหารสัตว์ | D70: รอแบบ | E70: 20 | F70: 38 | G70: ขาว | H70: ใส | I70: 100 | J70: ± | K70: 5 | L70: บิด | M70: ไม่สวมถุงใน | N70: 0 | O70: 0 | P70: 0 | Q70: 0 | R70: 0 | S70: 500กระสอบแบน | T70: 45930 | U70: 20000 | V70: 0 | W70: 20000 | X70: 0 | Y70: 21000 | Z70: WSWT2025800SM | AA70: 22072.6 | AB70: 0 | AC70: 22072.6 | AD70: 0 | AE70: 22072.6 | AF70: 0 | AG70: ยังไม่ได้พิมพ์ | AH70: P6 | AI70: 4 | AJ70: 45930 | AK70: 45926 | AL70: 45919 | AM70: 45927 | AN70: 45928 | AO70: 45929 | AP70: 45925 | AQ70: 0 | AR70: 0 | AS70: 0 | AT70: 0 | AU70: 0 | AV70: 0 | AW70: งานเคลือบ+พิมพ์ | AX70: รอART | AY70: 0 | AZ70: 0 | BA70: 0 | BB70: 0 | BC70: WRWT25850/WRWT25850 | BD70: 1667.7076
A71: ประมาณการ | B71: ประมาณการ | C71: บจก.ไทยธรรมดี | D71: รอแบบ | E71: 20 | F71: 37 | G71: ขาว | H71: ด้าน | I71: 97 | J71: ± | K71: 5 | L71: บิด | M71: ไม่สวมถุงใน | N71: 0 | O71: 0 | P71: 0 | Q71: 0 | R71: 0 | S71: 500กระสอบ | T71: 45930 | U71: 20000 | V71: 0 | W71: 20000 | X71: 0 | Y71: 21000 | Z71: WSWT2025800SM | AA71: 21513.8 | AB71: 0 | AC71: 21513.8 | AD71: 0 | AE71: 21513.8 | AF71: 0 | AG71: ยังไม่ได้พิมพ์ | AH71: P6 | AI71: 4 | AJ71: 45930 | AK71: 45926 | AL71: 45919 | AM71: 45927 | AN71: 45928 | AO71: 45929 | AP71: 45925 | AQ71: 0 | AR71: 0 | AS71: 0 | AT71: 0 | AU71: 0 | AV71: 0 | AW71: งานเคลือบ+พิมพ์ | AX71: รอART | AY71: 0 | AZ71: 0 | BA71: 0 | BB71: 0 | BC71: WRWT25850/WRWT25850 | BD71: 1625.4871
A72: ประมาณการ | B72: ประมาณการ | C72: บจก.ซันฟีด | D72: รอแบบ | E72: 20 | F72: 38 | G72: ขาว | H72: ด้าน | I72: 100 | J72: + | K72: 0 | L72: บิด | M72: ไม่สวมถุงใน | N72: 0 | O72: 0 | P72: 0 | Q72: 0 | R72: 0 | S72: 300กระสอบแบนเต็มใบ | T72: 45960 | U72: 450000 | V72: 0 | W72: 450000 | X72: 0 | Y72: 472500 | Z72: WSWT2025800SM | AA72: 496633.5 | AB72: 126388 | AC72: 370245.5 | AD72: 0 | AE72: 496633.5 | AF72: 0 | AG72: ยังไม่ได้พิมพ์ | AH72: P6 | AI72: 4 | AJ72: 45960 | AK72: 45956 | AL72: 45949 | AM72: 45957 | AN72: 45958 | AO72: 45959 | AP72: 45955 | AQ72: 0 | AR72: 0 | AS72: 0 | AT72: 0 | AU72: 0 | AV72: 0 | AW72: งานเคลือบ+พิมพ์ | AX72: รอART | AY72: 0 | AZ72: 0 | BA72: 0 | BB72: 0 | BC72: WRWT25850/WRWT25850 | BD72: 27974.104
A73: 45909 | B73: MK68-001095 | C73: บจก.เอสพีเอ็ม อาหารสัตว์ | D73: เอส ฟาร์ม105 | E73: 20 | F73: 38 | G73: ขาว | H73: ด้าน | I73: 100 | J73: ± | K73: 5 | L73: บิด | M73: ไม่สวมถุงใน | N73: 0 | O73: 0 | P73: 0 | Q73: 0 | R73: 0 | S73: 500กระสอบแบน | T73: 45920 | U73: 3000 | V73: 0 | W73: 3000 | X73: 0 | Y73: 3150 | Z73: WSWT2025800SM | AA73: 3310.89 | AB73: 3310.89 | AC73: 0 | AD73: 0 | AE73: 3310.89 | AF73: 0 | AG73: ยังไม่ได้พิมพ์ | AH73: P6 | AI73: 4 | AJ73: 45920 | AK73: 45916 | AL73: 45909 | AM73: 45917 | AN73: 45918 | AO73: 45919 | AP73: 45915 | AQ73: 0 | AR73: 0 | AS73: 0 | AT73: 0 | AU73: 0 | AV73: 0 | AW73: งานเคลือบ+พิมพ์ | AX73: / | AY73: 0 | AZ73: 0 | BA73: 0 | BB73: 0 | BC73: WRWT25850/WRWT25850 | BD73: 0
A74: 45909 | B74: MK68-001094 | C74: บจก.เอสพีเอ็ม อาหารสัตว์ | D74: เอส ฟาร์ม190 | E74: 20 | F74: 38 | G74: ขาว | H74: ด้าน | I74: 100 | J74: ± | K74: 5 | L74: บิด | M74: ไม่สวมถุงใน | N74: 0 | O74: 0 | P74: 0 | Q74: 0 | R74: 0 | S74: 500กระสอบแบน | T74: 45944 | U74: 3000 | V74: 0 | W74: 3000 | X74: 0 | Y74: 3150 | Z74: WSWT2025800SM | AA74: 3310.89 | AB74: 3310.89 | AC74: 0 | AD74: 0 | AE74: 3310.89 | AF74: 0 | AG74: ยังไม่ได้พิมพ์ | AH74: P6 | AI74: 4 | AJ74: 45944 | AK74: 45940 | AL74: 45933 | AM74: 45941 | AN74: 45942 | AO74: 45943 | AP74: 45939 | AQ74: 0 | AR74: 0 | AS74: 0 | AT74: 0 | AU74: 0 | AV74: 0 | AW74: งานเคลือบ+พิมพ์ | AX74: / | AY74: 0 | AZ74: 0 | BA74: 0 | BB74: 0 | BC74: WRWT25850/WRWT25850 | BD74: 0
A75: 45909 | B75: MK68-001093 | C75: บจก.เอสพีเอ็ม อาหารสัตว์ | D75: เอส ฟาร์ม115 | E75: 20 | F75: 38 | G75: ขาว | H75: ด้าน | I75: 100 | J75: ± | K75: 5 | L75: บิด | M75: ไม่สวมถุงใน | N75: 0 | O75: 0 | P75: 0 | Q75: 0 | R75: 0 | S75: 500กระสอบแบน | T75: 45958 | U75: 6000 | V75: 0 | W75: 6000 | X75: 0 | Y75: 6300 | Z75: WSWT2025800SM | AA75: 6621.78 | AB75: 6621.78 | AC75: 0 | AD75: 0 | AE75: 6621.78 | AF75: 0 | AG75: ยังไม่ได้พิมพ์ | AH75: P6 | AI75: 4 | AJ75: 45958 | AK75: 45954 | AL75: 45947 | AM75: 45955 | AN75: 45956 | AO75: 45957 | AP75: 45953 | AQ75: 0 | AR75: 0 | AS75: 0 | AT75: 0 | AU75: 0 | AV75: 0 | AW75: งานเคลือบ+พิมพ์ | AX75: / | AY75: 0 | AZ75: 0 | BA75: 0 | BB75: 0 | BC75: WRWT25850/WRWT25850 | BD75: 0
A76: 45782 | B76: MK68-000609 | C76: บจก.เอสพีเอ็ม อาหารสัตว์ | D76: SW 441 | E76: 20 | F76: 38 | G76: ขาว | H76: ใส | I76: 100 | J76: ± | K76: 5 | L76: บิด | M76: ไม่สวมถุงใน | N76: 0 | O76: 0 | P76: 0 | Q76: 0 | R76: 0 | S76: 500กระสอบแบน | T76: 45939 | U76: 5000 | V76: 0 | W76: 5000 | X76: 0 | Y76: 5250 | Z76: WSWT2025800SM | AA76: 5518.15 | AB76: 0 | AC76: 5518.15 | AD76: 0 | AE76: 5518.15 | AF76: 0 | AG76: ยังไม่ได้พิมพ์ | AH76: P6 | AI76: 4 | AJ76: 45939 | AK76: 45935 | AL76: 45928 | AM76: 45936 | AN76: 45937 | AO76: 45938 | AP76: 45934 | AQ76: 0 | AR76: 0 | AS76: 0 | AT76: 0 | AU76: 0 | AV76: 0 | AW76: งานเคลือบ+พิมพ์ | AX76: / | AY76: 0 | AZ76: 0 | BA76: 0 | BB76: 0 | BC76: WRWT25850/WRWT25850 | BD76: 416.92689
A77: 45877 | B77: MK68-000990 | C77: บจก.เอสพีเอ็ม อาหารสัตว์ | D77: SW 441 PLUS | E77: 20 | F77: 38 | G77: ขาว | H77: ใส | I77: 100 | J77: ± | K77: 5 | L77: บิด | M77: ไม่สวมถุงใน | N77: 0 | O77: 0 | P77: 0 | Q77: 0 | R77: 0 | S77: 500กระสอบแบน | T77: 45944 | U77: 7000 | V77: 0 | W77: 7000 | X77: 0 | Y77: 7350 | Z77: WSWT2025800SM | AA77: 7725.41 | AB77: 7725.41 | AC77: 0 | AD77: 0 | AE77: 7725.41 | AF77: 0 | AG77: ยังไม่ได้พิมพ์ | AH77: P6 | AI77: 4 | AJ77: 45944 | AK77: 45940 | AL77: 45933 | AM77: 45941 | AN77: 45942 | AO77: 45943 | AP77: 45939 | AQ77: 0 | AR77: 0 | AS77: 0 | AT77: 0 | AU77: 0 | AV77: 0 | AW77: งานเคลือบ+พิมพ์ | AX77: / | AY77: 0 | AZ77: 0 | BA77: 0 | BB77: 0 | BC77: WRWT25850/WRWT25850 | BD77: 0
A78: 45911 | B78: MK68-001105 | C78: บจก.เอพีเอ็ม อะโกร | D78: ฟีล-กู๊ด พี6 | E78: 20 | F78: 38 | G78: ขาว | H78: ใส | I78: 100 | J78: ± | K78: 5 | L78: บิด | M78: ไม่สวมถุงใน | N78: 0 | O78: 0 | P78: 0 | Q78: 0 | R78: 0 | S78: 500กระสอบแบน | T78: 45947 | U78: 8000 | V78: 0 | W78: 8000 | X78: 0 | Y78: 8400 | Z78: WSWT2025800SM | AA78: 8829.04 | AB78: 0 | AC78: 8829.04 | AD78: 0 | AE78: 8829.04 | AF78: 0 | AG78: ยังไม่ได้พิมพ์ | AH78: P6 | AI78: 4 | AJ78: 45947 | AK78: 45943 | AL78: 45936 | AM78: 45944 | AN78: 45945 | AO78: 45946 | AP78: 45942 | AQ78: 0 | AR78: 0 | AS78: 0 | AT78: 0 | AU78: 0 | AV78: 0 | AW78: งานเคลือบ+พิมพ์ | AX78: / | AY78: 0 | AZ78: 0 | BA78: 0 | BB78: 0 | BC78: WRWT25850/WRWT25850 | BD78: 667.08302
A79: 45892 | B79: MK68-001027 | C79: บจก.เอสพีเอ็ม อาหารสัตว์ | D79: นีโอ 05 | E79: 20 | F79: 38 | G79: ขาว | H79: ด้าน | I79: 100 | J79: ± | K79: 5 | L79: ไม่ | M79: ไม่สวมถุงใน | N79: 0 | O79: 0 | P79: 0 | Q79: 0 | R79: 0 | S79: 500กระสอบแบน | T79: 45951 | U79: 6000 | V79: 0 | W79: 6000 | X79: 0 | Y79: 6300 | Z79: WSWT2025800SM | AA79: 6621.78 | AB79: 6621.78 | AC79: 0 | AD79: 0 | AE79: 6621.78 | AF79: 0 | AG79: ยังไม่ได้พิมพ์ | AH79: P6 | AI79: 4 | AJ79: 45951 | AK79: 45947 | AL79: 45940 | AM79: 45948 | AN79: 45949 | AO79: 45950 | AP79: 45946 | AQ79: 0 | AR79: 0 | AS79: 0 | AT79: 0 | AU79: 0 | AV79: 0 | AW79: งานเคลือบ+พิมพ์ | AX79: / | AY79: 0 | AZ79: 0 | BA79: 0 | BB79: 0 | BC79: WRWT25850/WRWT25850 | BD79: 0
A80: 45911 | B80: MK68-001106 | C80: บจก.เอพีเอ็ม อะโกร | D80: วี-ฟีด วี 06 | E80: 20 | F80: 38 | G80: ขาว | H80: ใส | I80: 100 | J80: ± | K80: 5 | L80: บิด | M80: ไม่สวมถุงใน | N80: 0 | O80: 0 | P80: 0 | Q80: 0 | R80: 0 | S80: 500กระสอบแบน | T80: 45961 | U80: 3000 | V80: 0 | W80: 3000 | X80: 0 | Y80: 3150 | Z80: WSWT2025800SM | AA80: 3310.89 | AB80: 0 | AC80: 3310.89 | AD80: 0 | AE80: 3310.89 | AF80: 0 | AG80: ยังไม่ได้พิมพ์ | AH80: P6 | AI80: 4 | AJ80: 45961 | AK80: 45957 | AL80: 45950 | AM80: 45958 | AN80: 45959 | AO80: 45960 | AP80: 45956 | AQ80: 0 | AR80: 0 | AS80: 0 | AT80: 0 | AU80: 0 | AV80: 0 | AW80: งานเคลือบ+พิมพ์ | AX80: / | AY80: 0 | AZ80: 0 | BA80: 0 | BB80: 0 | BC80: WRWT25850/WRWT25850 | BD80: 250.15613
A81: 45911 | B81: MK68-001104 | C81: บจก.เอพีเอ็ม อะโกร | D81: U-FEED U4(เอส) | E81: 20 | F81: 38 | G81: ขาว | H81: ใส | I81: 100 | J81: ± | K81: 5 | L81: บิด | M81: ไม่สวมถุงใน | N81: 0 | O81: 0 | P81: 0 | Q81: 0 | R81: 0 | S81: 500กระสอบแบน | T81: 45961 | U81: 4000 | V81: 0 | W81: 4000 | X81: 0 | Y81: 4200 | Z81: WSWT2025800SM | AA81: 4414.52 | AB81: 0 | AC81: 4414.52 | AD81: 0 | AE81: 4414.52 | AF81: 0 | AG81: พร้อมส่ง | AH81: P6 | AI81: 4 | AJ81: 45961 | AK81: 45957 | AL81: 45950 | AM81: 45958 | AN81: 45959 | AO81: 45960 | AP81: 45956 | AQ81: 0 | AR81: 0 | AS81: 0 | AT81: 0 | AU81: 0 | AV81: 0 | AW81: งานเคลือบ+พิมพ์ | AX81: / | AY81: 0 | AZ81: 0 | BA81: 0 | BB81: 0 | BC81: WRWT25850/WRWT25850 | BD81: 333.54151
A82: 45909 | B82: MK68-001092 | C82: บจก.เอพีเอ็ม อะโกร | D82: APM915 | E82: 20 | F82: 38 | G82: ขาว | H82: ใส | I82: 100 | J82: ± | K82: 5 | L82: บิด | M82: ไม่สวมถุงใน | N82: 0 | O82: 0 | P82: 0 | Q82: 0 | R82: 0 | S82: 500กระสอบแบน | T82: 45961 | U82: 3000 | V82: 0 | W82: 3000 | X82: 0 | Y82: 3150 | Z82: WSWT2025800SM | AA82: 3310.89 | AB82: 3310.89 | AC82: 0 | AD82: 0 | AE82: 3310.89 | AF82: 0 | AG82: รอตัด | AH82: P6 | AI82: 4 | AJ82: 45961 | AK82: 45957 | AL82: 45950 | AM82: 45958 | AN82: 45959 | AO82: 45960 | AP82: 45956 | AQ82: 0 | AR82: 0 | AS82: 0 | AT82: 0 | AU82: 0 | AV82: 0 | AW82: งานเคลือบ+พิมพ์ | AX82: / | AY82: 0 | AZ82: 0 | BA82: 0 | BB82: 0 | BC82: WRWT25850/WRWT25850 | BD82: 0
A83: 45909 | B83: MK68-001091 | C83: บจก.เอพีเอ็ม อะโกร | D83: ยู-ฟีด บี1 | E83: 20 | F83: 40 | G83: ขาว | H83: ใส | I83: 108 | J83: ± | K83: 5 | L83: บิด | M83: ไม่สวมถุงใน | N83: 0 | O83: 0 | P83: 0 | Q83: 0 | R83: 0 | S83: 500กระสอบแบน | T83: 45961 | U83: 3000 | V83: 0 | W83: 3000 | X83: 0 | Y83: 3150 | Z83: WSWT2025800SM | AA83: 3478.53 | AB83: 3478.53 | AC83: 0 | AD83: 0 | AE83: 3478.53 | AF83: 0 | AG83: พร้อมส่ง | AH83: P6 | AI83: 4 | AJ83: 45961 | AK83: 45957 | AL83: 45950 | AM83: 45958 | AN83: 45959 | AO83: 45960 | AP83: 45956 | AQ83: 0 | AR83: 0 | AS83: 0 | AT83: 0 | AU83: 0 | AV83: 0 | AW83: งานเคลือบ+พิมพ์ | AX83: / | AY83: 0 | AZ83: 0 | BA83: 0 | BB83: 0 | BC83: WRWT25850/WRWT25850 | BD83: 0
A84: 45892 | B84: MK68-001024 | C84: บจก.อินเทคค์ โกลบอล | D84: เฟิร์สช้อย 913 | E84: 20 | F84: 36 | G84: ขาว | H84: ด้าน | I84: 100 | J84: ± | K84: 5 | L84: จับจีบ | M84: ไม่สวมถุงใน | N84: 0 | O84: 0 | P84: 0 | Q84: 0 | R84: 0 | S84: มัด80 ใช้สายรัด | T84: รอแจ้ง | U84: 640 | V84: 0 | W84: 640 | X84: 6000 | Y84: 0 | Z84: WSWT2025800SM | AA84: 0 | AB84: 0 | AC84: 0 | AD84: 0 | AE84: 0 | AF84: 0 | AG84: ยังไม่ได้พิมพ์ | AH84: P6 | AI84: 4 | AJ84: รอแจ้ง | AK84: #VALUE! | AL84: #VALUE! | AM84: #VALUE! | AN84: #VALUE! | AO84: #VALUE! | AP84: #VALUE! | AQ84: 0 | AR84: 0 | AS84: 0 | AT84: 0 | AU84: 0 | AV84: 0 | AW84: งานเคลือบ+พิมพ์ | AX84: / | AY84: สีผิดเบอร์280 | AZ84: 0 | BA84: 0 | BB84: 0 | BC84: WRWT25850/WRWT25850 | BD84: 0
A85: 45892 | B85: MK68-001026 | C85: บจก.อินเทคค์ โกลบอล | D85: เพอเฟคค์ 913 | E85: 20 | F85: 36 | G85: ขาว | H85: ด้าน | I85: 100 | J85: ± | K85: 5 | L85: จับจีบ | M85: ไม่สวมถุงใน | N85: 0 | O85: 0 | P85: 0 | Q85: 0 | R85: 0 | S85: มัด80 ใช้สายรัด | T85: รอแจ้ง | U85: 1840 | V85: 80 | W85: 1760 | X85: 10650 | Y85: 0 | Z85: WSWT2025800SM | AA85: 0 | AB85: 0 | AC85: 0 | AD85: 0 | AE85: 0 | AF85: 0 | AG85: พร้อมส่ง | AH85: P6 | AI85: 4 | AJ85: รอแจ้ง | AK85: #VALUE! | AL85: #VALUE! | AM85: #VALUE! | AN85: #VALUE! | AO85: #VALUE! | AP85: #VALUE! | AQ85: 0 | AR85: 0 | AS85: 0 | AT85: 0 | AU85: 0 | AV85: 0 | AW85: งานเคลือบ+พิมพ์ | AX85: / | AY85: 0 | AZ85: 0 | BA85: 0 | BB85: 0 | BC85: WRWT25850/WRWT25850 | BD85: 0
A86: 45887 | B86: MK68-001007 | C86: บจก.อินเทคค์ โกลบอล | D86: เพอเฟคค์ 916 | E86: 20 | F86: 36 | G86: ขาว | H86: ด้าน | I86: 100 | J86: ± | K86: 5 | L86: จับจีบ | M86: ไม่สวมถุงใน | N86: 0 | O86: 0 | P86: 0 | Q86: 0 | R86: 0 | S86: มัด80 ใช้สายรัด | T86: รอแจ้ง | U86: 104 | V86: 0 | W86: 104 | X86: 11230 | Y86: 0 | Z86: WSWT2025800SM | AA86: 0 | AB86: 0 | AC86: 0 | AD86: 0 | AE86: 0 | AF86: 0 | AG86: พร้อมส่ง | AH86: P6 | AI86: 4 | AJ86: รอแจ้ง | AK86: #VALUE! | AL86: #VALUE! | AM86: #VALUE! | AN86: #VALUE! | AO86: #VALUE! | AP86: #VALUE! | AQ86: 0 | AR86: 0 | AS86: 0 | AT86: 0 | AU86: 0 | AV86: 0 | AW86: งานเคลือบ+พิมพ์ | AX86: / | AY86: 0 | AZ86: 0 | BA86: 0 | BB86: 0 | BC86: WRWT25850/WRWT25850 | BD86: 0
A87: 45896 | B87: MK68-001039 | C87: บจก.เอสพีเอ็ม อาหารสัตว์ | D87: U-GOAT14 | E87: 20 | F87: 38 | G87: ขาว | H87: ใส | I87: 100 | J87: ± | K87: 5 | L87: บิด | M87: ไม่สวมถุงใน | N87: 0 | O87: 0 | P87: 0 | Q87: 0 | R87: 0 | S87: 500กระสอบแบน | T87: รอแจ้ง | U87: 3000 | V87: 0 | W87: 3000 | X87: 0 | Y87: 3150 | Z87: WSWT2025800SM | AA87: 3310.89 | AB87: 3310.89 | AC87: 0 | AD87: 0 | AE87: 3310.89 | AF87: 0 | AG87: พร้อมส่ง | AH87: P6 | AI87: 5 | AJ87: รอแจ้ง | AK87: #VALUE! | AL87: #VALUE! | AM87: #VALUE! | AN87: #VALUE! | AO87: #VALUE! | AP87: #VALUE! | AQ87: 0 | AR87: 0 | AS87: 0 | AT87: 0 | AU87: 0 | AV87: 0 | AW87: งานเคลือบ+พิมพ์ | AX87: / | AY87: 0 | AZ87: 0 | BA87: 0 | BB87: 0 | BC87: WRWT25850/WRWT25850 | BD87: 0
A88: 45796 | B88: MK68-000675 | C88: บจก.อินเทคค์ โกลบอล | D88: เพอเฟคค์ 914 | E88: 20 | F88: 36 | G88: ขาว | H88: ด้าน | I88: 100 | J88: ± | K88: 5 | L88: จับจีบ | M88: ไม่สวมถุงใน | N88: 0 | O88: 0 | P88: 0 | Q88: 0 | R88: 0 | S88: มัด80 ใช้สายรัด | T88: รอแจ้ง | U88: 240 | V88: 0 | W88: 240 | X88: 0 | Y88: 252 | Z88: WSWT2025800SM | AA88: 251.46 | AB88: 251.46 | AC88: 0 | AD88: 0 | AE88: 251.46 | AF88: 0 | AG88: พร้อมส่ง | AH88: P6 | AI88: 4 | AJ88: รอแจ้ง | AK88: #VALUE! | AL88: #VALUE! | AM88: #VALUE! | AN88: #VALUE! | AO88: #VALUE! | AP88: #VALUE! | AQ88: 0 | AR88: 0 | AS88: 0 | AT88: 0 | AU88: 0 | AV88: 0 | AW88: งานเคลือบ+พิมพ์ | AX88: / | AY88: 2/6---6/6 | AZ88: 0 | BA88: 0 | BB88: 0 | BC88: WRWT25850/WRWT25850 | BD88: 0
A89: 45876 | B89: MK68-000983 | C89: บจก.เอพีเอ็ม อะโกร | D89: ยูฟีด บี2 | E89: 20 | F89: 40 | G89: ขาว | H89: ใส | I89: 108 | J89: ± | K89: 5 | L89: บิด | M89: ไม่สวมถุงใน | N89: 0 | O89: 0 | P89: 0 | Q89: 0 | R89: 0 | S89: 500กระสอบแบน | T89: รอแจ้ง | U89: 3000 | V89: 3075 | W89: 0 | X89: 0 | Y89: 0 | Z89: WSWT2025800SM | AA89: 0 | AB89: 0 | AC89: 0 | AD89: 0 | AE89: 0 | AF89: 0 | AG89: ยังไม่ได้พิมพ์ | AH89: P6 | AI89: 4 | AJ89: รอแจ้ง | AK89: #VALUE! | AL89: #VALUE! | AM89: #VALUE! | AN89: #VALUE! | AO89: #VALUE! | AP89: #VALUE! | AQ89: 0 | AR89: 0 | AS89: 0 | AT89: 0 | AU89: 0 | AV89: 0 | AW89: งานเคลือบ+พิมพ์ | AX89: / | AY89: 0 | AZ89: 0 | BA89: 0 | BB89: 0 | BC89: WRWT25850/WRWT25850 | BD89: 0
A90: 45825 | B90: MK68-000801 | C90: บจก.อินเทคค์ โกลบอล | D90: สุบรรณ 111 | E90: 20 | F90: 36 | G90: ขาว | H90: ด้าน | I90: 100 | J90: ± | K90: 5 | L90: จับจีบ3.5" | M90: ไม่สวมถุงใน | N90: 0 | O90: 0 | P90: 0 | Q90: 0 | R90: 0 | S90: มัด80 ใช้สายรัด | T90: รอแจ้ง | U90: 894 | V90: 525 | W90: 369 | X90: 6000 | Y90: 0 | Z90: WSWT2025800SM | AA90: 0 | AB90: 0 | AC90: 0 | AD90: 0 | AE90: 0 | AF90: 0 | AG90: พร้อมส่ง | AH90: P6 | AI90: 4 | AJ90: รอแจ้ง | AK90: #VALUE! | AL90: #VALUE! | AM90: #VALUE! | AN90: #VALUE! | AO90: #VALUE! | AP90: #VALUE! | AQ90: 0 | AR90: 0 | AS90: 0 | AT90: 0 | AU90: 0 | AV90: 0 | AW90: งานเคลือบ+พิมพ์ | AX90: / | AY90: 0 | AZ90: 0 | BA90: 0 | BB90: 0 | BC90: WRWT25850/WRWT25850 | BD90: 0
A91: 45796 | B91: MK68-000673 | C91: บจก.อินเทคค์ โกลบอล | D91: เพอเฟคค์ 902 | E91: 20 | F91: 36 | G91: ขาว | H91: ด้าน | I91: 100 | J91: ± | K91: 5 | L91: จับจีบ | M91: ไม่สวมถุงใน | N91: 0 | O91: 0 | P91: 0 | Q91: 0 | R91: 0 | S91: มัด80 ใช้สายรัด | T91: รอแจ้ง | U91: 302 | V91: 0 | W91: 302 | X91: 5300 | Y91: 0 | Z91: WSWT2025800SM | AA91: 0 | AB91: 0 | AC91: 0 | AD91: 0 | AE91: 0 | AF91: 0 | AG91: พร้อมส่ง | AH91: P6 | AI91: 4 | AJ91: รอแจ้ง | AK91: #VALUE! | AL91: #VALUE! | AM91: #VALUE! | AN91: #VALUE! | AO91: #VALUE! | AP91: #VALUE! | AQ91: 0 | AR91: 0 | AS91: 0 | AT91: 0 | AU91: 0 | AV91: 0 | AW91: งานเคลือบ+พิมพ์ | AX91: / | AY91: 0 | AZ91: 0 | BA91: 0 | BB91: 0 | BC91: WRWT25850/WRWT25850 | BD91: 0
A92: 45798 | B92: MK68-000693 | C92: บจก.เอพีเอ็ม อะโกร | D92: ฟีล กู๊ด พี07 | E92: 20 | F92: 38 | G92: ขาว | H92: ใส | I92: 100 | J92: ± | K92: 5 | L92: บิด | M92: ไม่สวมถุงใน | N92: 0 | O92: 0 | P92: 0 | Q92: 0 | R92: 0 | S92: 500กระสอบแบน | T92: รอแจ้ง | U92: 5000 | V92: 0 | W92: 5000 | X92: 0 | Y92: 5250 | Z92: WSWT2025800SM | AA92: 5518.15 | AB92: 0 | AC92: 5518.15 | AD92: 0 | AE92: 5518.15 | AF92: 0 | AG92: รอตัด | AH92: P6 | AI92: 4 | AJ92: รอแจ้ง | AK92: #VALUE! | AL92: #VALUE! | AM92: #VALUE! | AN92: #VALUE! | AO92: #VALUE! | AP92: #VALUE! | AQ92: 0 | AR92: 0 | AS92: 0 | AT92: 0 | AU92: 0 | AV92: 0 | AW92: งานเคลือบ+พิมพ์ | AX92: / | AY92: 0 | AZ92: 0 | BA92: 0 | BB92: 0 | BC92: WRWT25850/WRWT25850 | BD92: 416.92689
A93: 45674 | B93: MK68-000093 | C93: บจก.อินเทคค์ โกลบอล | D93: เฟิร์สคลาส 902 | E93: 20 | F93: 35 | G93: ขาว | H93: ด้าน | I93: 97 | J93: ± | K93: 5 | L93: จับจีบ4" | M93: ไม่สวมถุงใน | N93: 0 | O93: 0 | P93: 0 | Q93: 0 | R93: 0 | S93: มัด80 ใช้สายรัด | T93: รอแจ้ง | U93: 152 | V93: 0 | W93: 152 | X93: 6000 | Y93: 0 | Z93: WSWT2025800SM | AA93: 0 | AB93: 0 | AC93: 0 | AD93: 0 | AE93: 0 | AF93: 5987 | AG93: พร้อมส่ง | AH93: P6 | AI93: 4 | AJ93: รอแจ้ง | AK93: #VALUE! | AL93: #VALUE! | AM93: #VALUE! | AN93: #VALUE! | AO93: #VALUE! | AP93: #VALUE! | AQ93: 0 | AR93: 0 | AS93: 0 | AT93: 0 | AU93: 0 | AV93: 0 | AW93: งานเคลือบ+พิมพ์ | AX93: / | AY93: ลบสี 5040 | AZ93: 0 | BA93: 0 | BB93: 0 | BC93: WRWT25850/WRWT25850 | BD93: 0
A94: 45611 | B94: MK67-001532 | C94: บจก.อินเทคค์ โกลบอล | D94: เฟิร์สช้อย 903 | E94: 20 | F94: 36 | G94: ขาว | H94: ด้าน | I94: 100 | J94: ± | K94: 5 | L94: จับจีบ | M94: ไม่สวมถุงใน | N94: 0 | O94: 0 | P94: 0 | Q94: 0 | R94: 0 | S94: มัด80 ใช้สายรัด | T94: รอแจ้ง | U94: 117 | V94: 0 | W94: 117 | X94: 10065 | Y94: 0 | Z94: WSWT2025800SM | AA94: 0 | AB94: 0 | AC94: 0 | AD94: 0 | AE94: 0 | AF94: 0 | AG94: รอตัด | AH94: P6 | AI94: 4 | AJ94: รอแจ้ง | AK94: #VALUE! | AL94: #VALUE! | AM94: #VALUE! | AN94: #VALUE! | AO94: #VALUE! | AP94: #VALUE! | AQ94: 0 | AR94: 0 | AS94: 0 | AT94: 0 | AU94: 0 | AV94: 0 | AW94: งานเคลือบ+พิมพ์ | AX94: / | AY94: 0 | AZ94: 0 | BA94: 0 | BB94: 0 | BC94: WRWT25850/WRWT25850 | BD94: 0
A95: 45523 | B95: MK67-001153 | C95: บจก.อินเทคค์ โกลบอล | D95: สุบรรณ 777 | E95: 20 | F95: 36 | G95: ขาว | H95: ด้าน | I95: 100 | J95: ± | K95: 5 | L95: จับจีบ | M95: ไม่สวมถุงใน | N95: 0 | O95: 0 | P95: 0 | Q95: 0 | R95: 0 | S95: มัด80 ใช้สายรัด | T95: รอแจ้ง | U95: 1260 | V95: 0 | W95: 1260 | X95: 11095 | Y95: 0 | Z95: WSWT2025800SM | AA95: 0 | AB95: 0 | AC95: 0 | AD95: 0 | AE95: 0 | AF95: 0 | AG95: รอตัด | AH95: P6 | AI95: 4 | AJ95: รอแจ้ง | AK95: #VALUE! | AL95: #VALUE! | AM95: #VALUE! | AN95: #VALUE! | AO95: #VALUE! | AP95: #VALUE! | AQ95: 0 | AR95: 0 | AS95: 0 | AT95: 0 | AU95: 0 | AV95: 0 | AW95: งานเคลือบ+พิมพ์ | AX95: / | AY95: 0 | AZ95: 0 | BA95: 0 | BB95: 0 | BC95: WRWT25850/WRWT25850 | BD95: 0
A96: 45523 | B96: MK67-001153 | C96: บจก.อินเทคค์ โกลบอล | D96: สุบรรณ 666 | E96: 20 | F96: 36 | G96: ขาว | H96: ด้าน | I96: 100 | J96: ± | K96: 5 | L96: จับจีบ | M96: ไม่สวมถุงใน | N96: 0 | O96: 0 | P96: 0 | Q96: 0 | R96: 0 | S96: มัด80 ใช้สายรัด | T96: รอแจ้ง | U96: 89 | V96: 0 | W96: 89 | X96: 11180 | Y96: 0 | Z96: WSWT2025800SM | AA96: 0 | AB96: 0 | AC96: 0 | AD96: 0 | AE96: 0 | AF96: 0 | AG96: พร้อมส่ง | AH96: P6 | AI96: 4 | AJ96: รอแจ้ง | AK96: #VALUE! | AL96: #VALUE! | AM96: #VALUE! | AN96: #VALUE! | AO96: #VALUE! | AP96: #VALUE! | AQ96: 0 | AR96: 0 | AS96: 0 | AT96: 0 | AU96: 0 | AV96: 0 | AW96: งานเคลือบ+พิมพ์ | AX96: / | AY96: 0 | AZ96: 0 | BA96: 0 | BB96: 0 | BC96: WRWT25850/WRWT25850 | BD96: 0
A97: 45799 | B97: MK68-000694 | C97: บจก.เอ.เจ.ฟาร์ม่าแล็บ | D97: เบส-มิน | E97: 20 | F97: 34 | G97: ขาว | H97: ใส | I97: 95 | J97: ± | K97: 5 | L97: จับจีบ | M97: ไม่สวมถุงใน | N97: 0 | O97: 0 | P97: 0 | Q97: 0 | R97: 0 | S97: 500กระสอบ | T97: รอส่ง | U97: 4000 | V97: 2840 | W97: 1160 | X97: 8450 | Y97: 0 | Z97: WSWT2025800SM | AA97: 0 | AB97: 0 | AC97: 0 | AD97: 0 | AE97: 0 | AF97: ห้ามขาด-ห้ามเกิน | AG97: พร้อมส่ง | AH97: P6 | AI97: 4 | AJ97: รอส่ง | AK97: #VALUE! | AL97: #VALUE! | AM97: #VALUE! | AN97: #VALUE! | AO97: #VALUE! | AP97: #VALUE! | AQ97: 0 | AR97: 0 | AS97: 0 | AT97: 0 | AU97: 0 | AV97: 0 | AW97: งานเคลือบ+พิมพ์ | AX97: / | AY97: 0 | AZ97: 0 | BA97: 0 | BB97: 0 | BC97: WRWT25850/WRWT25850 | BD97: 0
A98: 45799 | B98: MK68-000694 | C98: บจก.เอ.เจ.ฟาร์ม่าแล็บ | D98: เวท-มิน | E98: 20 | F98: 34 | G98: ขาว | H98: ใส | I98: 95 | J98: ± | K98: 5 | L98: จับจีบ | M98: ไม่สวมถุงใน | N98: 0 | O98: 0 | P98: 0 | Q98: 0 | R98: 0 | S98: 500กระสอบ | T98: รอส่ง | U98: 4000 | V98: 2654 | W98: 1346 | X98: 4000 | Y98: 0 | Z98: WSWT2025800SM | AA98: 0 | AB98: 0 | AC98: 0 | AD98: 0 | AE98: 0 | AF98: ห้ามขาด-ห้ามเกิน | AG98: พร้อมส่ง | AH98: P6 | AI98: 4 | AJ98: รอส่ง | AK98: #VALUE! | AL98: #VALUE! | AM98: #VALUE! | AN98: #VALUE! | AO98: #VALUE! | AP98: #VALUE! | AQ98: 0 | AR98: 0 | AS98: 0 | AT98: 0 | AU98: 0 | AV98: 0 | AW98: งานเคลือบ+พิมพ์ | AX98: / | AY98: 0 | AZ98: 0 | BA98: 0 | BB98: 0 | BC98: WRWT25850/WRWT25850 | BD98: 0
A99: 45741 | B99: MK68-000452 | C99: บจก.เอพีเอ็ม อะโกร | D99: วี-ฟีด วี 07 | E99: 20 | F99: 38 | G99: ขาว | H99: ใส | I99: 100 | J99: ± | K99: 5 | L99: บิด | M99: ไม่สวมถุงใน | N99: 0 | O99: 0 | P99: 0 | Q99: 0 | R99: 0 | S99: 500กระสอบแบน | T99: รอส่ง | U99: 4000 | V99: 3867 | W99: 133 | X99: 4200 | Y99: 0 | Z99: WSWT2025800SM | AA99: 0 | AB99: 0 | AC99: 0 | AD99: 0 | AE99: 0 | AF99: 0 | AG99: พร้อมส่ง | AH99: P6 | AI99: 4 | AJ99: รอส่ง | AK99: #VALUE! | AL99: #VALUE! | AM99: #VALUE! | AN99: #VALUE! | AO99: #VALUE! | AP99: #VALUE! | AQ99: 0 | AR99: 0 | AS99: 0 | AT99: 0 | AU99: 0 | AV99: 0 | AW99: งานเคลือบ+พิมพ์ | AX99: / | AY99: มีลบสี | AZ99: 0 | BA99: 0 | BB99: 0 | BC99: WRWT25850/WRWT25850 | BD99: 0
A100: 45720 | B100: ใบรับคำสั่งซื้อ | C100: บจก.เอพีเอ็ม อะโกร | D100: นีโอ พี3(เอส) | E100: 20 | F100: 38 | G100: ขาว | H100: ด้าน | I100: 100 | J100: ± | K100: 5 | L100: บิด | M100: ไม่สวมถุงใน | N100: 0 | O100: 0 | P100: 0 | Q100: 0 | R100: 0 | S100: 500กระสอบแบน | T100: รอส่ง | U100: 4000 | V100: 4010 | W100: 0 | X100: 4470 | Y100: 0 | Z100: WSWT2025800SM | AA100: 0 | AB100: 0 | AC100: 0 | AD100: 0 | AE100: 0 | AF100: 0 | AG100: พร้อมส่ง | AH100: P6 | AI100: 4 | AJ100: รอส่ง | AK100: #VALUE! | AL100: #VALUE! | AM100: #VALUE! | AN100: #VALUE! | AO100: #VALUE! | AP100: #VALUE! | AQ100: 0 | AR100: 0 | AS100: 0 | AT100: 0 | AU100: 0 | AV100: 0 | AW100: งานเคลือบ+พิมพ์ | AX100: / | AY100: 0 | AZ100: 0 | BA100: 0 | BB100: 0 | BC100: WRWT25850/WRWT25850 | BD100: 0
A101: 45720 | B101: ใบรับคำสั่งซื้อ | C101: บจก.เอพีเอ็ม อะโกร | D101: นีโอ พี4(เอส) | E101: 20 | F101: 38 | G101: ขาว | H101: ด้าน | I101: 100 | J101: ± | K101: 5 | L101: บิด | M101: ไม่สวมถุงใน | N101: 0 | O101: 0 | P101: 0 | Q101: 0 | R101: 0 | S101: 500กระสอบแบน | T101: รอส่ง | U101: 3000 | V101: 3065 | W101: 0 | X101: 3300 | Y101: 0 | Z101: WSWT2025800SM | AA101: 0 | AB101: 0 | AC101: 0 | AD101: 0 | AE101: 0 | AF101: 0 | AG101: พร้อมส่ง | AH101: P6 | AI101: 4 | AJ101: รอส่ง | AK101: #VALUE! | AL101: #VALUE! | AM101: #VALUE! | AN101: #VALUE! | AO101: #VALUE! | AP101: #VALUE! | AQ101: 0 | AR101: 0 | AS101: 0 | AT101: 0 | AU101: 0 | AV101: 0 | AW101: งานเคลือบ+พิมพ์ | AX101: / | AY101: 0 | AZ101: 0 | BA101: 0 | BB101: 0 | BC101: WRWT25850/WRWT25850 | BD101: 0
...

Sheet 12-9-68
B2: เรียงกำหนดส่ง | D2: ลบ 0 | T2: เรียง 1
B3: ข้อมูลUpdate ณ. วันที่ | D3: 45912 | E3: เวลา | G3: 10.26
A4: วันรับออร์เดอร์/แบบ | B4: เลขที่ SO | C4: ชื่อลูกค้า | E4: 10.3 | I4: น้ำหนัก | L4: บิด/จับจีบ | M4: ถุงใน | Q4: 44873 | S4: วิธีบรรจุ | T4: วันส่ง | U4: จำนวนส่ง | V4: ตัดเย็บ (ใบ) | W4: 44873 | X4: พิมพ์ (ใบ) | Y4: 44876 | Z4: ผ้าทอ (เมตร) Updateณ | AB4: 44876 | AD4: ผ้าเคลือบ(เมตร) | AF4: หมายเหตุ | AG4: เครื่อง
A5: วันรับออร์เดอร์/แบบ | B5: เลขที่ SO | C5: ชื่อลูกค้า | D5: ตรา | E5: กว้าง | F5: ยาว | G5: สี | H5: เคลือบ | I5: กรัม/ใบ | J5: * | K5: aw | L5: บิด/จับจีบ | M5: กว้าง | N5: ยาว | O5: หนา | P5: ใช้(กก.) | Q5: Stock(กก.) | R5: ผลิต(กก.) | S5: วิธีบรรจุ | T5: วันส่ง | U5: จำนวนส่ง | V5: StockFG | W5: ค้างตัด | X5: พิมพ์แล้ว | Y5: ค้างพิมพ์ | Z5: ประเภท | AA5: ใช้ | AB5: Stock | AC5: ค้างทอ | AD5: Stock | AE5: ค้างเคลือบ | AF5: หมายเหตุ | AG5: ที่พิมพ์ได้ | AH5: process | AI5: Lead time | AJ5: วันที่ส่งPL | AK5: เคลือบ | AL5: ได้ ART | AM5: พิมพ์ | AN5: จีบ-บิด | AO5: ตัด-เย็บ | AP5: ทอ | AQ5: สวมถุง | AR5: เย็บปาก | AS5: PT | AT5: ม้วน | AU5: ตัด | AV5: ตอกตาไก่ | AW5: GROUP | AX5: ART | AY5: หมายเหตุปัญหา | AZ5: ราคา/ใบ | BA5: ราคารวม | BB5: workweek | BC5: เส้นเทป | BD5: จำนวน
A6: 45897 | B6: MK68-001045 | C6: บจก.เคอรี่ฟลาวมิลล์ | D6: น้องเอินโดนัท 10กก | E6: 16 | F6: 25 | G6: ขาว | H6: 0 | I6: 45 | J6: ± | K6: 5 | L6: ไม่ | M6: ไม่สวมถุงใน | N6: 0 | O6: 0 | P6: 0 | Q6: 0 | R6: 0 | S6: ห่ออัดเบลแบน500 | T6: 45925 | U6: 5000 | V6: 0 | W6: 5000 | X6: 5400 | Y6: 0 | Z6: WSWT1625800 | AA6: 0 | AB6: 0 | AC6: 0 | AD6: 0 | AE6: 0 | AF6: 0 | AG6: พร้อมส่ง | AH6: P7 | AI6: 2 | AJ6: 45925 | AK6: 0 | AL6: 45916 | AM6: 45923 | AN6: 45924 | AO6: 45924 | AP6: 45920 | AQ6: 0 | AR6: 0 | AS6: 0 | AT6: 0 | AU6: 0 | AV6: 0 | AW6: งานพิมพ์ | AX6: รอART | AY6: 0 | AZ6: 0 | BA6: 0 | BB6: 0 | BC6: WRWT25800/WRWT25800 | BD6: 0
A7: 0 | B7: 0 | C7: 0 | D7: 0 | E7: 16 | F7: 25 | G7: ขาว | H7: 0 | I7: 45 | J7: ± | K7: 5 | L7: 0 | M7: 0 | N7: 0 | O7: 0 | P7: 0 | Q7: 0 | R7: 0 | S7: 0 | U7: 0 | V7: 0 | W7: 0 | X7: 0 | Y7: 0 | Z7: WSWT1625800 | AA7: 0 | AB7: 0 | AC7: 0 | AD7: 0 | AE7: 0 | AF7: ระบุในSD | AG7: ยังไม่ได้พิมพ์ | AH7: 0 | AI7: Lead time | AJ7: 0 | AK7: 0 | AL7: 0 | AM7: 0 | AN7: 0 | AO7: 0 | AP7: 0 | AQ7: 0 | AR7: 0 | AS7: 0 | AT7: 0 | AU7: 0 | AV7: 0 | AW7: 0 | AX7: 0 | AY7: 0 | AZ7: 0 | BA7: 0 | BB7: 0 | BC7: WRWT160800/WRWT25800 | BD7: 0
A8: ประมาณการ | B8: ประมาณการ | C8: บจก.ฟาร์เธอร์ส วิง ซัพพลาย | D8: รถไฟ | E8: 18 | F8: 30 | G8: ขาว | H8: 0 | I8: 54 | J8: ± | K8: 5 | L8: บิด | M8: 19 | N8: 33 | O8: 40 | P8: 232.02999 | Q8: 0 | R8: 232.02999 | S8: 500กระสอบ | T8: รอแจ้ง | U8: 15000 | V8: 0 | W8: 15000 | X8: 0 | Y8: 15750 | Z8: WSWT1825800 | AA8: 13201.65 | AB8: 2599 | AC8: 10602.65 | AD8: 0 | AE8: 0 | AF8: 0 | AG8: รอตัด | AH8: P9 | AI8: 3 | AJ8: รอแจ้ง | AK8: 0 | AL8: #VALUE! | AM8: #VALUE! | AN8: #VALUE! | AO8: #VALUE! | AP8: #VALUE! | AQ8: #VALUE! | AR8: 0 | AS8: 0 | AT8: 0 | AU8: 0 | AV8: 0 | AW8: งานพิมพ์ | AX8: รอART | AY8: 0 | AZ8: 0 | BA8: 0 | BB8: 0 | BC8: WRWT25800/WRWT25800 | BD8: 729.46232
A9: 0 | B9: 0 | E9: 18 | F9: 30 | G9: ขาว | H9: 0 | I9: 54 | J9: ± | K9: 5 | L9: 0 | M9: 0 | N9: 0 | O9: 0 | P9: 0 | Q9: 0 | R9: 0 | S9: 0 | U9: 0 | V9: 0 | W9: 0 | X9: 0 | Y9: 0 | Z9: WSWT1825800 | AA9: 13201.65 | AB9: 2599 | AC9: 10602.65 | AD9: 0 | AE9: 0 | AF9: ระบุในSD | AG9: รอแบบ | AH9: 0 | AI9: Lead time | AJ9: 0 | AK9: 0 | AL9: 0 | AM9: 0 | AN9: 0 | AO9: 0 | AP9: 0 | AQ9: 0 | AR9: 0 | AS9: 0 | AT9: 0 | AU9: 0 | AV9: 0 | AW9: 0 | AX9: 0 | AY9: 0 | AZ9: 0 | BA9: 0 | BB9: 0 | BC9: WRWT25800/WRWT25800 | BD9: 0
A10: 45898 | B10: MK68-001049 | C10: บจก.เพรซิเดนท์ฟลาวมิลล์ | D10: ผึ้งเหลือง | E10: 19 | F10: 30 | G10: ขาว | H10: 0 | I10: 60 | J10: ± | K10: 5 | L10: บิด | M10: ไม่สวมถุงใน | N10: 0 | O10: 0 | P10: 0 | Q10: 0 | R10: 0 | S10: 500กระสอบ | T10: 45917 | U10: 50000 | V10: 20000 | W10: 30000 | X10: 52901 | Y10: 0 | Z10: WSWT1925800 | AA10: 0 | AB10: 0 | AC10: 0 | AD10: 0 | AE10: 0 | AF10: 0 | AG10: ยังไม่ได้พิมพ์ | AH10: P7 | AI10: 2 | AJ10: 45917 | AK10: 0 | AL10: 45908 | AM10: 45915 | AN10: 45916 | AO10: 45916 | AP10: 45912 | AQ10: 0 | AR10: 0 | AS10: 0 | AT10: 0 | AU10: 0 | AV10: 0 | AW10: งานพิมพ์ | AX10: / | AY10: 0 | AZ10: 0 | BA10: 0 | BB10: 0 | BC10: WRWT25800/WRWT25800 | BD10: 0
A11: ประมาณการ | B11: ประมาณการ | C11: บจก.เอ็กเซลเล้นท์ | D11: รอแบบ | E11: 19 | F11: 30 | G11: ขาว | H11: 0 | I11: 60 | J11: ± | K11: 5 | L11: บิด | M11: ไม่สวมถุงใน | N11: 0 | O11: 0 | P11: 0 | Q11: 0 | R11: 0 | S11: 500กระสอบ | T11: 45925 | U11: 40000 | V11: 0 | W11: 40000 | X11: 0 | Y11: 42000 | Z11: WSWT1925800 | AA11: 35204.4 | AB11: 14424 | AC11: 20780.4 | AD11: 0 | AE11: 0 | AF11: 0 | AG11: พร้อมส่ง | AH11: P7 | AI11: 2 | AJ11: 45925 | AK11: 0 | AL11: 45916 | AM11: 45923 | AN11: 45924 | AO11: 45924 | AP11: 45920 | AQ11: 0 | AR11: 0 | AS11: 0 | AT11: 0 | AU11: 0 | AV11: 0 | AW11: งานพิมพ์ | AX11: รอART | AY11: 0 | AZ11: 0 | BA11: 0 | BB11: 0 | BC11: WRWT25800/WRWT25800 | BD11: 1509.1188
A12: ประมาณการ | B12: ประมาณการ | C12: บจก.ไลม์มาสเตอร์ | D12: LMC 25 kg | E12: 19 | F12: 32 | G12: ขาว | H12: 0 | I12: 64 | J12: ± | K12: 5 | L12: ไม่ | M12: 20 | N12: 35 | O12: 40 | P12: 341.36903 | Q12: 0 | R12: 341.36903 | S12: 500กระสอบแบน | T12: 45925 | U12: 20000 | V12: 233 | W12: 19767 | X12: 0 | Y12: 20755.35 | Z12: WSWT1925800 | AA12: 18501.714 | AB12: 0 | AC12: 18501.714 | AD12: 0 | AE12: 0 | AF12: 0 | AG12: พร้อมส่ง | AH12: P9 | AI12: 3 | AJ12: 45925 | AK12: 0 | AL12: 45915 | AM12: 45922 | AN12: 45923 | AO12: 45923 | AP12: 45920 | AQ12: 45924 | AR12: 0 | AS12: 0 | AT12: 0 | AU12: 0 | AV12: 0 | AW12: งานพิมพ์ | AX12: รอART | AY12: 0 | AZ12: 0 | BA12: 0 | BB12: 0 | BC12: WRWT25800/WRWT25800 | BD12: 1343.6356
A13: ประมาณการ | B13: ประมาณการ | C13: บจก.เพรซิเดนท์ฟลาวมิลล์ | D13: ผึ้งเหลือง | E13: 19 | F13: 30 | G13: ขาว | H13: 0 | I13: 60 | J13: ± | K13: 5 | L13: บิด | M13: ไม่สวมถุงใน | N13: 0 | O13: 0 | P13: 0 | Q13: 0 | R13: 0 | S13: 500กระสอบ | T13: รอแจ้ง | U13: 140000 | V13: 0 | W13: 140000 | X13: 0 | Y13: 147000 | Z13: WSWT1925800 | AA13: 123215.4 | AB13: 0 | AC13: 123215.4 | AD13: 0 | AE13: 0 | AF13: 0 | AG13: พร้อมส่ง | AH13: P7 | AI13: 2 | AJ13: รอแจ้ง | AK13: 0 | AL13: #VALUE! | AM13: #VALUE! | AN13: #VALUE! | AO13: #VALUE! | AP13: #VALUE! | AQ13: 0 | AR13: 0 | AS13: 0 | AT13: 0 | AU13: 0 | AV13: 0 | AW13: งานพิมพ์ | AX13: รอART | AY13: 0 | AZ13: 0 | BA13: 0 | BB13: 0 | BC13: WRWT25800/WRWT25800 | BD13: 8948.1762
A14: 0 | B14: 0 | C14: 0 | D14: 0 | E14: 19 | F14: 30 | G14: ขาว | H14: 0 | I14: 60 | J14: ± | K14: 5 | L14: 0 | M14: 0 | N14: 0 | O14: 0 | P14: 0 | Q14: 0 | R14: 0 | S14: 0 | U14: 0 | V14: 0 | W14: 0 | X14: 0 | Y14: 0 | Z14: WSWT1925800 | AA14: 176921.51 | AB14: 14424 | AC14: 162497.51 | AD14: 0 | AE14: 0 | AF14: ระบุในSD | AG14: พร้อมส่ง | AH14: 0 | AI14: Lead time | AJ14: 0 | AK14: 0 | AL14: 0 | AM14: 0 | AN14: 0 | AO14: 0 | AP14: 0 | AQ14: 0 | AR14: 0 | AS14: 0 | AT14: 0 | AU14: 0 | AV14: 0 | AW14: 0 | AX14: 0 | AY14: 0 | AZ14: 0 | BA14: 0 | BB14: 0 | BC14: WRWT25800/WRWT25800 | BD14: 0
A15: 45905 | B15: MK68-001077 | C15: บจก.เคอรี่ฟลาวมิลล์ | D15: ปลาโลมาเทา | E15: 19 | F15: 32 | G15: ขาว | H15: 0 | I15: 67 | J15: + | K15: 5 | L15: บิด | M15: ไม่สวมถุงใน | N15: 0 | O15: 0 | P15: 0 | Q15: 0 | R15: 0 | S15: ห่ออัดเบลแบน500 | T15: 45916 | U15: 5000 | V15: 5000 | W15: 0 | X15: 5400 | Y15: 0 | Z15: WSWT1921720 | AA15: 0 | AB15: 0 | AC15: 0 | AD15: 0 | AE15: 0 | AF15: PDR250295 | AG15: พร้อมส่ง | AH15: P7 | AI15: 2 | AJ15: 45916 | AK15: 0 | AL15: 45907 | AM15: 45914 | AN15: 45915 | AO15: 45915 | AP15: 45911 | AQ15: 0 | AR15: 0 | AS15: 0 | AT15: 0 | AU15: 0 | AV15: 0 | AW15: งานพิมพ์ | AX15: / | AY15: 0 | AZ15: 0 | BA15: 0 | BB15: 0 | BC15: WRWT21720/WRWT25800 | BD15: 0
A16: 45905 | B16: MK68-001077 | C16: บจก.เคอรี่ฟลาวมิลล์ | D16: ถุงเงิน | E16: 19 | F16: 32 | G16: ขาว | H16: 0 | I16: 67 | J16: + | K16: 5 | L16: บิด | M16: ไม่สวมถุงใน | N16: 0 | O16: 0 | P16: 0 | Q16: 0 | R16: 0 | S16: ห่ออัดเบลแบน500 | T16: 45916 | U16: 5000 | V16: 4500 | W16: 500 | X16: 5400 | Y16: 0 | Z16: WSWT1921720 | AA16: 0 | AB16: 0 | AC16: 0 | AD16: 0 | AE16: 0 | AF16: PDR250295 | AG16: พร้อมส่ง | AH16: P7 | AI16: 2 | AJ16: 45916 | AK16: 0 | AL16: 45907 | AM16: 45914 | AN16: 45915 | AO16: 45915 | AP16: 45911 | AQ16: 0 | AR16: 0 | AS16: 0 | AT16: 0 | AU16: 0 | AV16: 0 | AW16: งานพิมพ์ | AX16: / | AY16: 0 | AZ16: 0 | BA16: 0 | BB16: 0 | BC16: WRWT21720/WRWT25800 | BD16: 0
A17: 45905 | B17: MK68-001077 | C17: บจก.เคอรี่ฟลาวมิลล์ | D17: กุ้งแดง | E17: 19 | F17: 32 | G17: ขาว | H17: 0 | I17: 67 | J17: + | K17: 5 | L17: บิด | M17: ไม่สวมถุงใน | N17: 0 | O17: 0 | P17: 0 | Q17: 0 | R17: 0 | S17: ห่ออัดเบลแบน500 | T17: 45916 | U17: 10000 | V17: 10000 | W17: 0 | X17: 10500 | Y17: 0 | Z17: WSWT1921720 | AA17: 0 | AB17: 0 | AC17: 0 | AD17: 0 | AE17: 0 | AF17: PDR250295 | AG17: พร้อมส่ง | AH17: P7 | AI17: 2 | AJ17: 45916 | AK17: 0 | AL17: 45907 | AM17: 45914 | AN17: 45915 | AO17: 45915 | AP17: 45911 | AQ17: 0 | AR17: 0 | AS17: 0 | AT17: 0 | AU17: 0 | AV17: 0 | AW17: งานพิมพ์ | AX17: / | AY17: 0 | AZ17: 0 | BA17: 0 | BB17: 0 | BC17: WRWT21720/WRWT25800 | BD17: 0
A18: 45905 | B18: MK68-001077 | C18: บจก.เคอรี่ฟลาวมิลล์ | D18: PBKF2-01-03 | E18: 19 | F18: 32 | G18: ขาว | H18: 0 | I18: 67 | J18: + | K18: 5 | L18: บิด | M18: ไม่สวมถุงใน | N18: 0 | O18: 0 | P18: 0 | Q18: 0 | R18: 0 | S18: ห่ออัดเบลแบน500 | T18: 45916 | U18: 5000 | V18: 4787 | W18: 213 | X18: 5400 | Y18: 0 | Z18: WSWT1921720 | AA18: 0 | AB18: 0 | AC18: 0 | AD18: 0 | AE18: 0 | AF18: PDR250295 | AG18: ยังไม่ได้พิมพ์ | AH18: P7 | AI18: 2 | AJ18: 45916 | AK18: 0 | AL18: 45907 | AM18: 45914 | AN18: 45915 | AO18: 45915 | AP18: 45911 | AQ18: 0 | AR18: 0 | AS18: 0 | AT18: 0 | AU18: 0 | AV18: 0 | AW18: งานพิมพ์ | AX18: / | AY18: 0 | AZ18: 0 | BA18: 0 | BB18: 0 | BC18: WRWT21720/WRWT25800 | BD18: 0
A19: 45905 | B19: MK68-001077 | C19: บจก.เคอรี่ฟลาวมิลล์ | D19: บะหมี่เตี๊ยว | E19: 19 | F19: 32 | G19: ขาว | H19: 0 | I19: 67 | J19: + | K19: 5 | L19: บิด | M19: ไม่สวมถุงใน | N19: 0 | O19: 0 | P19: 0 | Q19: 0 | R19: 0 | S19: ห่ออัดเบลแบน500 | T19: 45918 | U19: 5000 | V19: 5000 | W19: 0 | X19: 5250 | Y19: 0 | Z19: WSWT1921720 | AA19: 0 | AB19: 0 | AC19: 0 | AD19: 0 | AE19: 0 | AF19: PDR250296 | AG19: รอตัด | AH19: P7 | AI19: 2 | AJ19: 45918 | AK19: 0 | AL19: 45909 | AM19: 45916 | AN19: 45917 | AO19: 45917 | AP19: 45913 | AQ19: 0 | AR19: 0 | AS19: 0 | AT19: 0 | AU19: 0 | AV19: 0 | AW19: งานพิมพ์ | AX19: / | AY19: 0 | AZ19: 0 | BA19: 0 | BB19: 0 | BC19: WRWT21720/WRWT25800 | BD19: 0
A20: 45905 | B20: MK68-001077 | C20: บจก.เคอรี่ฟลาวมิลล์ | D20: แต้มแดง | E20: 19 | F20: 32 | G20: ขาว | H20: 0 | I20: 67 | J20: + | K20: 5 | L20: บิด | M20: ไม่สวมถุงใน | N20: 0 | O20: 0 | P20: 0 | Q20: 0 | R20: 0 | S20: ห่ออัดเบลแบน500 | T20: 45918 | U20: 5000 | V20: 4623 | W20: 377 | X20: 0 | Y20: 395.85 | Z20: WSWT1921720 | AA20: 352.86823 | AB20: 352.86823 | AC20: 0 | AD20: 0 | AE20: 0 | AF20: PDR250295 | AG20: รอตัด | AH20: P7 | AI20: 2 | AJ20: 45918 | AK20: 0 | AL20: 45909 | AM20: 45916 | AN20: 45917 | AO20: 45917 | AP20: 45913 | AQ20: 0 | AR20: 0 | AS20: 0 | AT20: 0 | AU20: 0 | AV20: 0 | AW20: งานพิมพ์ | AX20: / | AY20: 0 | AZ20: 0 | BA20: 0 | BB20: 0 | BC20: WRWT21720/WRWT25800 | BD20: 0
A21: ประมาณการ | B21: ประมาณการ | C21: บจก.เคอรี่ฟลาวมิลล์ | D21: แต้มแดง | E21: 19 | F21: 32 | G21: ขาว | H21: 0 | I21: 67 | J21: + | K21: 5 | L21: บิด | M21: ไม่สวมถุงใน | N21: 0 | O21: 0 | P21: 0 | Q21: 0 | R21: 0 | S21: ห่ออัดเบลแบน500 | T21: รอแจ้ง | U21: 5000 | V21: 0 | W21: 5000 | X21: 0 | Y21: 5250 | Z21: WSWT1921720 | AA21: 4679.95 | AB21: 4679.95 | AC21: 0 | AD21: 0 | AE21: 0 | AF21: 0 | AG21: ผ้าขาว | AH21: 0 | AI21: 0 | AJ21: 0 | AK21: 0 | AL21: 0 | AM21: 0 | AN21: 0 | AO21: 0 | AP21: 0 | AQ21: 0 | AR21: 0 | AS21: 0 | AT21: 0 | AU21: 0 | AV21: 0 | AW21: 0 | AX21: 0 | AY21: 0 | AZ21: 0 | BA21: 0 | BB21: 0 | BC21: WRWT21720/WRWT25800 | BD21: 0
A22: 45905 | B22: MK68-001077 | C22: บจก.เคอรี่ฟลาวมิลล์ | D22: ถุงเขียว | E22: 19 | F22: 32 | G22: ขาว | H22: 0 | I22: 67 | J22: + | K22: 5 | L22: บิด | M22: ไม่สวมถุงใน | N22: 0 | O22: 0 | P22: 0 | Q22: 0 | R22: 0 | S22: ห่ออัดเบลแบน500 | T22: 45918 | U22: 10000 | V22: 5000 | W22: 5000 | X22: 10400 | Y22: 0 | Z22: WSWT1921720 | AA22: 0 | AB22: 0 | AC22: 0 | AD22: 0 | AE22: 0 | AF22: PDR250296 | AG22: ผ้าขาว | AH22: P7 | AI22: 2 | AJ22: 45918 | AK22: 0 | AL22: 45909 | AM22: 45916 | AN22: 45917 | AO22: 45917 | AP22: 45913 | AQ22: 0 | AR22: 0 | AS22: 0 | AT22: 0 | AU22: 0 | AV22: 0 | AW22: งานพิมพ์ | AX22: / | AY22: 0 | AZ22: 0 | BA22: 0 | BB22: 0 | BC22: WRWT21720/WRWT25800 | BD22: 0
A23: 45905 | B23: MK68-001077 | C23: บจก.เคอรี่ฟลาวมิลล์ | D23: ดอกไม้เขียว | E23: 19 | F23: 32 | G23: ขาว | H23: 0 | I23: 67 | J23: + | K23: 5 | L23: บิด | M23: ไม่สวมถุงใน | N23: 0 | O23: 0 | P23: 0 | Q23: 0 | R23: 0 | S23: ห่ออัดเบลแบน500 | T23: 45918 | U23: 5000 | V23: 0 | W23: 5000 | X23: 5400 | Y23: 0 | Z23: WSWT1921720 | AA23: 0 | AB23: 0 | AC23: 0 | AD23: 0 | AE23: 0 | AF23: PDR250296 | AG23: รอตัด | AH23: P7 | AI23: 2 | AJ23: 45918 | AK23: 0 | AL23: 45909 | AM23: 45916 | AN23: 45917 | AO23: 45917 | AP23: 45913 | AQ23: 0 | AR23: 0 | AS23: 0 | AT23: 0 | AU23: 0 | AV23: 0 | AW23: งานพิมพ์ | AX23: / | AY23: 0 | AZ23: 0 | BA23: 0 | BB23: 0 | BC23: WRWT21720/WRWT25800 | BD23: 0
A24: 45904 | B24: MK68-001075 | C24: บจก.เคอรี่ฟลาวมิลล์ | D24: ไม่พิมพ์ | E24: 19 | F24: 32 | G24: ขาว | H24: 0 | I24: 67 | J24: + | K24: 5 | L24: ไม่ | M24: ไม่สวมถุงใน | N24: 0 | O24: 0 | P24: 0 | Q24: 0 | R24: 0 | S24: ห่ออัดเบลแบน501 | T24: 45924 | U24: 20000 | V24: 0 | W24: 20000 | X24: 0 | Y24: 0 | Z24: WSWT1921720 | AA24: 18719.8 | AB24: 18719.8 | AC24: 0 | AD24: 0 | AE24: 0 | AF24: 0 | AG24: ยังไม่ได้พิมพ์ | AH24: P3 | AI24: 1 | AJ24: 45924 | AK24: 0 | AL24: 0 | AM24: 0 | AN24: 0 | AO24: 45923 | AP24: 45919 | AQ24: 0 | AR24: 0 | AS24: 0 | AT24: 0 | AU24: 0 | AV24: 0 | AW24: ตัด | AX24: 0 | AY24: 0 | AZ24: 0 | BA24: 0 | BB24: 0 | BC24: WRWT21720/WRWT25800 | BD24: 0
A25: 45904 | B25: MK68-001076 | C25: บจก.เคอรี่ฟลาวมิลล์ | D25: ไม่พิมพ์ | E25: 19 | F25: 32 | G25: ขาว | H25: 0 | I25: 67 | J25: + | K25: 5 | L25: ไม่ | M25: ไม่สวมถุงใน | N25: 0 | O25: 0 | P25: 0 | Q25: 0 | R25: 0 | S25: ห่ออัดเบลแบน501 | T25: 45924 | U25: 20000 | V25: 0 | W25: 20000 | X25: 0 | Y25: 0 | Z25: WSWT1921720 | AA25: 18719.8 | AB25: 0 | AC25: 18719.8 | AD25: 0 | AE25: 0 | AF25: 0 | AG25: ยังไม่ได้พิมพ์ | AH25: P3 | AI25: 1 | AJ25: 45924 | AK25: 0 | AL25: 0 | AM25: 0 | AN25: 0 | AO25: 45923 | AP25: 45919 | AQ25: 0 | AR25: 0 | AS25: 0 | AT25: 0 | AU25: 0 | AV25: 0 | AW25: ตัด | AX25: 0 | AY25: 0 | AZ25: 0 | BA25: 0 | BB25: 0 | BC25: WRWT21720/WRWT25800 | BD25: 1410.0585
A26: 45910 | B26: MK68-001099 | C26: บจก.เคอรี่ฟลาวมิลล์ | D26: ถุงเขียว | E26: 19 | F26: 32 | G26: ขาว | H26: 0 | I26: 67 | J26: + | K26: 5 | L26: บิด | M26: ไม่สวมถุงใน | N26: 0 | O26: 0 | P26: 0 | Q26: 0 | R26: 0 | S26: ห่ออัดเบลแบน500 | T26: 45920 | U26: 10000 | V26: 0 | W26: 10000 | X26: 10400 | Y26: 0 | Z26: WSWT1921720 | AA26: 0 | AB26: 0 | AC26: 0 | AD26: 0 | AE26: 0 | AF26: PDR250299 | AG26: ยังไม่ได้พิมพ์ | AH26: P7 | AI26: 2 | AJ26: 45920 | AK26: 0 | AL26: 45911 | AM26: 45918 | AN26: 45919 | AO26: 45919 | AP26: 45915 | AQ26: 0 | AR26: 0 | AS26: 0 | AT26: 0 | AU26: 0 | AV26: 0 | AW26: งานพิมพ์ | AX26: / | AY26: 0 | AZ26: 0 | BA26: 0 | BB26: 0 | BC26: WRWT21720/WRWT25800 | BD26: 0
A27: 45910 | B27: MK68-001099 | C27: บจก.เคอรี่ฟลาวมิลล์ | D27: ถุงทองแซนวิช | E27: 19 | F27: 32 | G27: ขาว | H27: 0 | I27: 67 | J27: + | K27: 5 | L27: บิด | M27: ไม่สวมถุงใน | N27: 0 | O27: 0 | P27: 0 | Q27: 0 | R27: 0 | S27: ห่ออัดเบลแบน500 | T27: 45920 | U27: 10000 | V27: 0 | W27: 10000 | X27: 0 | Y27: 10500 | Z27: WSWT1921720 | AA27: 9359.9 | AB27: 9359.9 | AC27: 0 | AD27: 0 | AE27: 0 | AF27: PDR250299 | AG27: ยังไม่ได้พิมพ์ | AH27: P7 | AI27: 2 | AJ27: 45920 | AK27: 0 | AL27: 45911 | AM27: 45918 | AN27: 45919 | AO27: 45919 | AP27: 45915 | AQ27: 0 | AR27: 0 | AS27: 0 | AT27: 0 | AU27: 0 | AV27: 0 | AW27: งานพิมพ์ | AX27: / | AY27: 0 | AZ27: 0 | BA27: 0 | BB27: 0 | BC27: WRWT21720/WRWT25800 | BD27: 0
A28: 45910 | B28: MK68-001099 | C28: บจก.เคอรี่ฟลาวมิลล์ | D28: BS | E28: 19 | F28: 32 | G28: ขาว | H28: 0 | I28: 67 | J28: + | K28: 5 | L28: บิด | M28: ไม่สวมถุงใน | N28: 0 | O28: 0 | P28: 0 | Q28: 0 | R28: 0 | S28: ห่ออัดเบลแบน500 | T28: 45920 | U28: 5000 | V28: 0 | W28: 5000 | X28: 0 | Y28: 5250 | Z28: WSWT1921720 | AA28: 4679.95 | AB28: 4679.95 | AC28: 0 | AD28: 0 | AE28: 0 | AF28: PDR250299 | AG28: รอตัด | AH28: P7 | AI28: 2 | AJ28: 45920 | AK28: 0 | AL28: 45911 | AM28: 45918 | AN28: 45919 | AO28: 45919 | AP28: 45915 | AQ28: 0 | AR28: 0 | AS28: 0 | AT28: 0 | AU28: 0 | AV28: 0 | AW28: งานพิมพ์ | AX28: / | AY28: 0 | AZ28: 0 | BA28: 0 | BB28: 0 | BC28: WRWT21720/WRWT25800 | BD28: 0
A29: 45910 | B29: MK68-001099 | C29: บจก.เคอรี่ฟลาวมิลล์ | D29: ชามแดง | E29: 19 | F29: 32 | G29: ขาว | H29: 0 | I29: 67 | J29: + | K29: 5 | L29: บิด | M29: ไม่สวมถุงใน | N29: 0 | O29: 0 | P29: 0 | Q29: 0 | R29: 0 | S29: ห่ออัดเบลแบน500 | T29: 45925 | U29: 5000 | V29: 0 | W29: 5000 | X29: 0 | Y29: 5250 | Z29: WSWT1921720 | AA29: 4679.95 | AB29: 4679.95 | AC29: 0 | AD29: 0 | AE29: 0 | AF29: PDR250300 | AG29: พิมพ์ไม่ครบ | AH29: P7 | AI29: 2 | AJ29: 45925 | AK29: 0 | AL29: 45916 | AM29: 45923 | AN29: 45924 | AO29: 45924 | AP29: 45920 | AQ29: 0 | AR29: 0 | AS29: 0 | AT29: 0 | AU29: 0 | AV29: 0 | AW29: งานพิมพ์ | AX29: / | AY29: 0 | AZ29: 0 | BA29: 0 | BB29: 0 | BC29: WRWT21720/WRWT25800 | BD29: 0
A30: 45910 | B30: MK68-001099 | C30: บจก.เคอรี่ฟลาวมิลล์ | D30: บะหมี่เตี๊ยว | E30: 19 | F30: 32 | G30: ขาว | H30: 0 | I30: 67 | J30: + | K30: 5 | L30: บิด | M30: ไม่สวมถุงใน | N30: 0 | O30: 0 | P30: 0 | Q30: 0 | R30: 0 | S30: ห่ออัดเบลแบน500 | T30: 45925 | U30: 5000 | V30: 0 | W30: 5000 | X30: 0 | Y30: 5250 | Z30: WSWT1921720 | AA30: 4679.95 | AB30: 4679.95 | AC30: 0 | AD30: 0 | AE30: 0 | AF30: PDR250300 | AG30: รอตัด | AH30: P7 | AI30: 2 | AJ30: 45925 | AK30: 0 | AL30: 45916 | AM30: 45923 | AN30: 45924 | AO30: 45924 | AP30: 45920 | AQ30: 0 | AR30: 0 | AS30: 0 | AT30: 0 | AU30: 0 | AV30: 0 | AW30: งานพิมพ์ | AX30: / | AY30: 0 | AZ30: 0 | BA30: 0 | BB30: 0 | BC30: WRWT21720/WRWT25800 | BD30: 0
A31: 45910 | B31: MK68-001099 | C31: บจก.เคอรี่ฟลาวมิลล์ | D31: HARD FLOUR | E31: 19 | F31: 32 | G31: ขาว | H31: 0 | I31: 67 | J31: + | K31: 5 | L31: บิด | M31: ไม่สวมถุงใน | N31: 0 | O31: 0 | P31: 0 | Q31: 0 | R31: 0 | S31: ห่ออัดเบลแบน500 | T31: 45925 | U31: 5000 | V31: 0 | W31: 5000 | X31: 5400 | Y31: 0 | Z31: WSWT1921720 | AA31: 0 | AB31: 0 | AC31: 0 | AD31: 0 | AE31: 0 | AF31: PDR250300 | AG31: ยังไม่ได้พิมพ์ | AH31: P7 | AI31: 2 | AJ31: 45925 | AK31: 0 | AL31: 45916 | AM31: 45923 | AN31: 45924 | AO31: 45924 | AP31: 45920 | AQ31: 0 | AR31: 0 | AS31: 0 | AT31: 0 | AU31: 0 | AV31: 0 | AW31: งานพิมพ์ | AX31: / | AY31: 0 | AZ31: 0 | BA31: 0 | BB31: 0 | BC31: WRWT21720/WRWT25800 | BD31: 0
A32: 45910 | B32: MK68-001099 | C32: บจก.เคอรี่ฟลาวมิลล์ | D32: FW-Y | E32: 19 | F32: 32 | G32: ขาว | H32: 0 | I32: 67 | J32: + | K32: 5 | L32: ไม่ | M32: ไม่สวมถุงใน | N32: 0 | O32: 0 | P32: 0 | Q32: 0 | R32: 0 | S32: ห่ออัดเบลแบน500 | T32: 45925 | U32: 5000 | V32: 0 | W32: 5000 | X32: 4390 | Y32: 640.5 | Z32: WSWT1921720 | AA32: 599.5016 | AB32: 599.5016 | AC32: 0 | AD32: 0 | AE32: 0 | AF32: PDR250300 | AG32: ยังไม่ได้พิมพ์ | AH32: P7 | AI32: 2 | AJ32: 45925 | AK32: 0 | AL32: 45916 | AM32: 45923 | AN32: 45924 | AO32: 45924 | AP32: 45920 | AQ32: 0 | AR32: 0 | AS32: 0 | AT32: 0 | AU32: 0 | AV32: 0 | AW32: งานพิมพ์ | AX32: / | AY32: 0 | AZ32: 0 | BA32: 0 | BB32: 0 | BC32: WRWT21720/WRWT25800 | BD32: 0
A33: 45910 | B33: MK68-001099 | C33: บจก.เคอรี่ฟลาวมิลล์ | D33: 997 | E33: 19 | F33: 32 | G33: ขาว | H33: 0 | I33: 67 | J33: + | K33: 5 | L33: ไม่ | M33: ไม่สวมถุงใน | N33: 0 | O33: 0 | P33: 0 | Q33: 0 | R33: 0 | S33: ห่ออัดเบลแบน500 | T33: 45925 | U33: 5000 | V33: 0 | W33: 5000 | X33: 5400 | Y33: 0 | Z33: WSWT1921720 | AA33: 0 | AB33: 0 | AC33: 0 | AD33: 0 | AE33: 0 | AF33: PDR250300 | AG33: ยังไม่ได้พิมพ์ | AH33: P7 | AI33: 2 | AJ33: 45925 | AK33: 0 | AL33: 45916 | AM33: 45923 | AN33: 45924 | AO33: 45924 | AP33: 45920 | AQ33: 0 | AR33: 0 | AS33: 0 | AT33: 0 | AU33: 0 | AV33: 0 | AW33: งานพิมพ์ | AX33: / | AY33: 0 | AZ33: 0 | BA33: 0 | BB33: 0 | BC33: WRWT21720/WRWT25800 | BD33: 0
A34: 45912 | B34: MK68-001108 | C34: บจก.เคอรี่ฟลาวมิลล์ | D34: NHR-1 | E34: 19 | F34: 32 | G34: ขาว | H34: 0 | I34: 67 | J34: + | K34: 5 | L34: บิด | M34: ไม่สวมถุงใน | N34: 0 | O34: 0 | P34: 0 | Q34: 0 | R34: 0 | S34: ห่ออัดเบลแบน500 | T34: 45920 | U34: 5000 | V34: 0 | W34: 5000 | X34: 0 | Y34: 5250 | Z34: WSWT1921720 | AA34: 4679.95 | AB34: 0 | AC34: 4679.95 | AD34: 0 | AE34: 0 | AF34: PDR250301 | AG34: ยังไม่ได้พิมพ์ | AH34: P7 | AI34: 2 | AJ34: 45920 | AK34: 0 | AL34: 45911 | AM34: 45918 | AN34: 45919 | AO34: 45919 | AP34: 45915 | AQ34: 0 | AR34: 0 | AS34: 0 | AT34: 0 | AU34: 0 | AV34: 0 | AW34: งานพิมพ์ | AX34: รอART | AY34: 0 | AZ34: 0 | BA34: 0 | BB34: 0 | BC34: WRWT21720/WRWT25800 | BD34: 352.51463
A35: 45912 | B35: MK68-001108 | C35: บจก.เคอรี่ฟลาวมิลล์ | D35: กุ้งแดง | E35: 19 | F35: 32 | G35: ขาว | H35: 0 | I35: 67 | J35: + | K35: 5 | L35: บิด | M35: ไม่สวมถุงใน | N35: 0 | O35: 0 | P35: 0 | Q35: 0 | R35: 0 | S35: ห่ออัดเบลแบน500 | T35: 45920 | U35: 10000 | V35: 0 | W35: 10000 | X35: 0 | Y35: 10500 | Z35: WSWT1921720 | AA35: 9359.9 | AB35: 0 | AC35: 9359.9 | AD35: 0 | AE35: 0 | AF35: PDR250301 | AG35: ยังไม่ได้พิมพ์ | AH35: P7 | AI35: 2 | AJ35: 45920 | AK35: 0 | AL35: 45911 | AM35: 45918 | AN35: 45919 | AO35: 45919 | AP35: 45915 | AQ35: 0 | AR35: 0 | AS35: 0 | AT35: 0 | AU35: 0 | AV35: 0 | AW35: งานพิมพ์ | AX35: รอART | AY35: 0 | AZ35: 0 | BA35: 0 | BB35: 0 | BC35: WRWT21720/WRWT25800 | BD35: 705.02927
A36: 45912 | B36: MK68-001108 | C36: บจก.เคอรี่ฟลาวมิลล์ | D36: ดอกไม้เขียว | E36: 19 | F36: 32 | G36: ขาว | H36: 0 | I36: 67 | J36: + | K36: 5 | L36: บิด | M36: ไม่สวมถุงใน | N36: 0 | O36: 0 | P36: 0 | Q36: 0 | R36: 0 | S36: ห่ออัดเบลแบน500 | T36: 45920 | U36: 10000 | V36: 0 | W36: 10000 | X36: 0 | Y36: 10500 | Z36: WSWT1921720 | AA36: 9359.9 | AB36: 0 | AC36: 9359.9 | AD36: 0 | AE36: 0 | AF36: PDR250301 | AG36: ยังไม่ได้พิมพ์ | AH36: P7 | AI36: 2 | AJ36: 45920 | AK36: 0 | AL36: 45911 | AM36: 45918 | AN36: 45919 | AO36: 45919 | AP36: 45915 | AQ36: 0 | AR36: 0 | AS36: 0 | AT36: 0 | AU36: 0 | AV36: 0 | AW36: งานพิมพ์ | AX36: รอART | AY36: 0 | AZ36: 0 | BA36: 0 | BB36: 0 | BC36: WRWT21720/WRWT25800 | BD36: 705.02927
A37: 45912 | B37: MK68-001108 | C37: บจก.เคอรี่ฟลาวมิลล์ | D37: ถุงเขียว | E37: 19 | F37: 32 | G37: ขาว | H37: 0 | I37: 67 | J37: + | K37: 5 | L37: บิด | M37: ไม่สวมถุงใน | N37: 0 | O37: 0 | P37: 0 | Q37: 0 | R37: 0 | S37: ห่ออัดเบลแบน500 | T37: 45925 | U37: 10000 | V37: 0 | W37: 10000 | X37: 0 | Y37: 10500 | Z37: WSWT1921720 | AA37: 9359.9 | AB37: 0 | AC37: 9359.9 | AD37: 0 | AE37: 0 | AF37: PDR250302 | AG37: รอแบบ | AH37: P7 | AI37: 2 | AJ37: 45925 | AK37: 0 | AL37: 45916 | AM37: 45923 | AN37: 45924 | AO37: 45924 | AP37: 45920 | AQ37: 0 | AR37: 0 | AS37: 0 | AT37: 0 | AU37: 0 | AV37: 0 | AW37: งานพิมพ์ | AX37: รอART | AY37: 0 | AZ37: 0 | BA37: 0 | BB37: 0 | BC37: WRWT21720/WRWT25800 | BD37: 705.02927
A38: 45912 | B38: MK68-001108 | C38: บจก.เคอรี่ฟลาวมิลล์ | D38: ถุงเงิน | E38: 19 | F38: 32 | G38: ขาว | H38: 0 | I38: 67 | J38: + | K38: 5 | L38: บิด | M38: ไม่สวมถุงใน | N38: 0 | O38: 0 | P38: 0 | Q38: 0 | R38: 0 | S38: ห่ออัดเบลแบน500 | T38: 45925 | U38: 5000 | V38: 0 | W38: 5000 | X38: 0 | Y38: 5250 | Z38: WSWT1921720 | AA38: 4679.95 | AB38: 0 | AC38: 4679.95 | AD38: 0 | AE38: 0 | AF38: PDR250302 | AG38: รอแบบ | AH38: P7 | AI38: 2 | AJ38: 45925 | AK38: 0 | AL38: 45916 | AM38: 45923 | AN38: 45924 | AO38: 45924 | AP38: 45920 | AQ38: 0 | AR38: 0 | AS38: 0 | AT38: 0 | AU38: 0 | AV38: 0 | AW38: งานพิมพ์ | AX38: รอART | AY38: 0 | AZ38: 0 | BA38: 0 | BB38: 0 | BC38: WRWT21720/WRWT25800 | BD38: 352.51463
A39: 45912 | B39: MK68-001108 | C39: บจก.เคอรี่ฟลาวมิลล์ | D39: ดอกไม้ม่วง | E39: 19 | F39: 32 | G39: ขาว | H39: 0 | I39: 67 | J39: + | K39: 5 | L39: บิด | M39: ไม่สวมถุงใน | N39: 0 | O39: 0 | P39: 0 | Q39: 0 | R39: 0 | S39: ห่ออัดเบลแบน500 | T39: 45925 | U39: 5000 | V39: 0 | W39: 5000 | X39: 0 | Y39: 5250 | Z39: WSWT1921720 | AA39: 4679.95 | AB39: 0 | AC39: 4679.95 | AD39: 0 | AE39: 0 | AF39: PDR250302 | AG39: พร้อมส่ง | AH39: P7 | AI39: 2 | AJ39: 45925 | AK39: 0 | AL39: 45916 | AM39: 45923 | AN39: 45924 | AO39: 45924 | AP39: 45920 | AQ39: 0 | AR39: 0 | AS39: 0 | AT39: 0 | AU39: 0 | AV39: 0 | AW39: งานพิมพ์ | AX39: รอART | AY39: 0 | AZ39: 0 | BA39: 0 | BB39: 0 | BC39: WRWT21720/WRWT25800 | BD39: 352.51463
A40: ประมาณการ | B40: ประมาณการ | C40: บจก.เคอรี่ฟลาวมิลล์ | D40: รอแบบ | E40: 19 | F40: 32 | G40: ขาว | H40: 0 | I40: 67 | J40: + | K40: 5 | L40: บิด | M40: ไม่สวมถุงใน | N40: 0 | O40: 0 | P40: 0 | Q40: 0 | R40: 0 | S40: ห่ออัดเบลแบน500 | T40: 45927 | U40: 25000 | V40: 0 | W40: 25000 | X40: 0 | Y40: 26250 | Z40: WSWT1921720 | AA40: 23399.75 | AB40: 0 | AC40: 23399.75 | AD40: 0 | AE40: 0 | AF40: 0 | AG40: พร้อมส่ง | AH40: P7 | AI40: 2 | AJ40: 45927 | AK40: 0 | AL40: 45918 | AM40: 45925 | AN40: 45926 | AO40: 45926 | AP40: 45922 | AQ40: 0 | AR40: 0 | AS40: 0 | AT40: 0 | AU40: 0 | AV40: 0 | AW40: งานพิมพ์ | AX40: รอART | AY40: 0 | AZ40: 0 | BA40: 0 | BB40: 0 | BC40: WRWT21720/WRWT25800 | BD40: 1762.5732
A41: ประมาณการ | B41: ประมาณการ | C41: บจก.เคอรี่ฟลาวมิลล์ | D41: รอแบบ | E41: 19 | F41: 32 | G41: ขาว | H41: 0 | I41: 67 | J41: + | K41: 5 | L41: บิด | M41: ไม่สวมถุงใน | N41: 0 | O41: 0 | P41: 0 | Q41: 0 | R41: 0 | S41: ห่ออัดเบลแบน500 | T41: 45961 | U41: 400000 | V41: 0 | W41: 400000 | X41: 0 | Y41: 420000 | Z41: WSWT1921720 | AA41: 374396 | AB41: 0 | AC41: 374396 | AD41: 0 | AE41: 0 | AF41: 0 | AG41: ยังไม่ได้พิมพ์ | AH41: P7 | AI41: 2 | AJ41: 45961 | AK41: 0 | AL41: 45952 | AM41: 45959 | AN41: 45960 | AO41: 45960 | AP41: 45956 | AQ41: 0 | AR41: 0 | AS41: 0 | AT41: 0 | AU41: 0 | AV41: 0 | AW41: งานพิมพ์ | AX41: รอART | AY41: 0 | AZ41: 0 | BA41: 0 | BB41: 0 | BC41: WRWT21720/WRWT25800 | BD41: 28201.171
A42: 0 | B42: 0 | C42: 0 | D42: 0 | E42: 19 | F42: 30 | G42: 0 | H42: 0 | I42: 63 | J42: + | K42: 5 | L42: 0 | M42: 0 | N42: 0 | O42: 0 | P42: 0 | Q42: 0 | R42: 0 | S42: 0 | U42: 0 | V42: 0 | W42: 0 | X42: 0 | Y42: 0 | Z42: WSWT1921720 | AA42: 506386.97 | AB42: 47751.87 | AC42: 458635.1 | AD42: 0 | AE42: 0 | AF42: ระบุในSD | AG42: ยังไม่ได้พิมพ์ | AH42: 0 | AI42: Lead time | AJ42: 0 | AK42: 0 | AL42: 0 | AM42: 0 | AN42: 0 | AO42: 0 | AP42: 0 | AQ42: 0 | AR42: 0 | AS42: 0 | AT42: 0 | AU42: 0 | AV42: 0 | AW42: 0 | AX42: 0 | AY42: 0 | AZ42: 0 | BA42: 0 | BB42: 0 | BC42: WRWT190720/WRWT25800 | BD42: 0
A43: 45905 | B43: MK68-001080 | C43: บจก.อินเทคค์ โกลบอล | D43: เพอเฟคค์103P โกลด์ | E43: 19 | F43: 34 | G43: ขาว | H43: ด้าน | I43: 100 | J43: ± | K43: 5 | L43: จับจีบ4" | M43: ไม่สวมถุงใน | N43: 0 | O43: 0 | P43: 0 | Q43: 0 | R43: 0 | S43: มัด80 ใช้สายรัด | T43: 45920 | U43: 5040 | V43: 0 | W43: 5040 | X43: 0 | Y43: 5292 | Z43: WSWT19251000SM | AA43: 4999.0248 | AB43: 4999.0248 | AC43: 0 | AD43: 0 | AE43: 4999.0248 | AF43: 0 | AG43: พร้อมส่ง | AH43: P6 | AI43: 4 | AJ43: 45920 | AK43: 45916 | AL43: 45909 | AM43: 45917 | AN43: 45918 | AO43: 45919 | AP43: 45915 | AQ43: 0 | AR43: 0 | AS43: 0 | AT43: 0 | AU43: 0 | AV43: 0 | AW43: งานเคลือบ+พิมพ์ | AX43: / | AY43: 0 | AZ43: 0 | BA43: 0 | BB43: 0 | BC43: WRWT251000/WRWT251000 | BD43: 0
A44: 45905 | B44: MK68-001080 | C44: บจก.อินเทคค์ โกลบอล | D44: เพอเฟคค์104 โกลด์ | E44: 19 | F44: 34 | G44: ขาว | H44: ด้าน | I44: 100 | J44: ± | K44: 5 | L44: จับจีบ4" | M44: ไม่สวมถุงใน | N44: 0 | O44: 0 | P44: 0 | Q44: 0 | R44: 0 | S44: มัด80 ใช้สายรัด | T44: 45920 | U44: 5040 | V44: 1174 | W44: 3866 | X44: 0 | Y44: 4059.3 | Z44: WSWT19251000SM | AA44: 3834.5694 | AB44: 3834.5694 | AC44: 0 | AD44: 0 | AE44: 3834.5694 | AF44: 0 | AG44: พร้อมส่ง | AH44: P6 | AI44: 4 | AJ44: 45920 | AK44: 45916 | AL44: 45909 | AM44: 45917 | AN44: 45918 | AO44: 45919 | AP44: 45915 | AQ44: 0 | AR44: 0 | AS44: 0 | AT44: 0 | AU44: 0 | AV44: 0 | AW44: งานเคลือบ+พิมพ์ | AX44: / | AY44: 0 | AZ44: 0 | BA44: 0 | BB44: 0 | BC44: WRWT251000/WRWT251000 | BD44: 0
A45: 45796 | B45: MK68-000680 | C45: บจก.อินเทคค์ โกลบอล | D45: เพอเฟคค์103P โกลด์ | E45: 19 | F45: 34 | G45: ขาว | H45: ด้าน | I45: 100 | J45: ± | K45: 5 | L45: จับจีบ4" | M45: ไม่สวมถุงใน | N45: 0 | O45: 0 | P45: 0 | Q45: 0 | R45: 0 | S45: มัด80 ใช้สายรัด | T45: รอแจ้ง | U45: 503 | V45: 0 | W45: 503 | X45: 5250 | Y45: 0 | Z45: WSWT19251000SM | AA45: 0 | AB45: 0 | AC45: 0 | AD45: 0 | AE45: 0 | AF45: 0 | AG45: พร้อมส่ง | AH45: P6 | AI45: 4 | AJ45: รอแจ้ง | AK45: #VALUE! | AL45: #VALUE! | AM45: #VALUE! | AN45: #VALUE! | AO45: #VALUE! | AP45: #VALUE! | AQ45: 0 | AR45: 0 | AS45: 0 | AT45: 0 | AU45: 0 | AV45: 0 | AW45: งานเคลือบ+พิมพ์ | AX45: / | AY45: 0 | AZ45: 0 | BA45: 0 | BB45: 0 | BC45: WRWT251000/WRWT251000 | BD45: 0
A46: 0 | B46: 0 | C46: 0 | D46: 0 | E46: 19 | F46: 34 | G46: ขาว | H46: 0 | I46: 80 | J46: ± | K46: 5 | L46: 0 | M46: 0 | N46: 0 | O46: 0 | P46: 0 | Q46: 0 | R46: 0 | S46: 0 | U46: 0 | V46: 0 | W46: 0 | X46: 0 | Y46: 0 | Z46: WSWT19251000SM | AA46: 8833.5942 | AB46: 8833.5942 | AC46: 0 | AD46: 0 | AE46: 8833.5942 | AF46: ระบุในSD | AG46: พร้อมส่ง | AH46: 0 | AI46: Lead time | AJ46: 0 | AK46: 0 | AL46: 0 | AM46: 0 | AN46: 0 | AO46: 0 | AP46: 0 | AQ46: 0 | AR46: 0 | AS46: 0 | AT46: 0 | AU46: 0 | AV46: 0 | AW46: 0 | AX46: 0 | AY46: 0 | AZ46: 0 | BA46: 0 | BB46: 0 | BC46: WRWT251000/WRYL251000 | BD46: 0
A47: 45902 | B47: MK68-001069 | C47: บจก.วีซีเอฟ | D47: VC120 | E47: 20 | F47: 37 | G47: ขาว | H47: ใส | I47: 100 | J47: ± | K47: 5 | L47: บิด | M47: ไม่สวมถุงใน | N47: 0 | O47: 0 | P47: 0 | Q47: 0 | R47: 0 | S47: 500กระสอบแบน | T47: 45920 | U47: 8000 | V47: 8000 | W47: 0 | X47: 20753 | Y47: 0 | Z47: WSWT2025800SM | AA47: 0 | AB47: 0 | AC47: 0 | AD47: 0 | AE47: 0 | AF47: ลบสี 4000 | AG47: รอตัด | AH47: P6 | AI47: 4 | AJ47: 45920 | AK47: 45916 | AL47: 45909 | AM47: 45917 | AN47: 45918 | AO47: 45919 | AP47: 45915 | AQ47: 0 | AR47: 0 | AS47: 0 | AT47: 0 | AU47: 0 | AV47: 0 | AW47: งานเคลือบ+พิมพ์ | AX47: / | AY47: 0 | AZ47: 0 | BA47: 0 | BB47: 0 | BC47: WRWT25850/WRWT25850 | BD47: 0
A48: 45902 | B48: MK68-001070 | C48: บจก.วีซีเอฟ | D48: JET555 | E48: 20 | F48: 37 | G48: ขาว | H48: ใส | I48: 100 | J48: ± | K48: 5 | L48: บิด | M48: ไม่สวมถุงใน | N48: 0 | O48: 0 | P48: 0 | Q48: 0 | R48: 0 | S48: 500กระสอบแบน | T48: 45920 | U48: 5000 | V48: 4876 | W48: 124 | X48: 10200 | Y48: 0 | Z48: WSWT2025800SM | AA48: 0 | AB48: 0 | AC48: 0 | AD48: 0 | AE48: 0 | AF48: 0 | AG48: ยังไม่ได้พิมพ์ | AH48: P6 | AI48: 4 | AJ48: 45920 | AK48: 45916 | AL48: 45909 | AM48: 45917 | AN48: 45918 | AO48: 45919 | AP48: 45915 | AQ48: 0 | AR48: 0 | AS48: 0 | AT48: 0 | AU48: 0 | AV48: 0 | AW48: งานเคลือบ+พิมพ์ | AX48: / | AY48: 0 | AZ48: 0 | BA48: 0 | BB48: 0 | BC48: WRWT25850/WRWT25850 | BD48: 0
A49: 45905 | B49: MK68-001078 | C49: บจก.อินเทคค์ โกลบอล | D49: เฟิร์สช้อย 914 | E49: 20 | F49: 36 | G49: ขาว | H49: ด้าน | I49: 100 | J49: ± | K49: 5 | L49: จับจีบ | M49: ไม่สวมถุงใน | N49: 0 | O49: 0 | P49: 0 | Q49: 0 | R49: 0 | S49: มัด80 ใช้สายรัด | T49: 45919 | U49: 5040 | V49: 0 | W49: 5040 | X49: 6100 | Y49: 0 | Z49: WSWT2025800SM | AA49: 0 | AB49: 0 | AC49: 0 | AD49: 0 | AE49: 0 | AF49: 0 | AG49: พร้อมส่ง | AH49: P6 | AI49: 4 | AJ49: 45919 | AK49: 45915 | AL49: 45908 | AM49: 45916 | AN49: 45917 | AO49: 45918 | AP49: 45914 | AQ49: 0 | AR49: 0 | AS49: 0 | AT49: 0 | AU49: 0 | AV49: 0 | AW49: งานเคลือบ+พิมพ์ | AX49: / | AY49: 0 | AZ49: 0 | BA49: 0 | BB49: 0 | BC49: WRWT25850/WRWT25850 | BD49: 0
A50: 45905 | B50: MK68-001078 | C50: บจก.อินเทคค์ โกลบอล | D50: เพอเฟคค์ 912 | E50: 20 | F50: 36 | G50: ขาว | H50: ด้าน | I50: 100 | J50: ± | K50: 5 | L50: จับจีบ | M50: ไม่สวมถุงใน | N50: 0 | O50: 0 | P50: 0 | Q50: 0 | R50: 0 | S50: มัด80 ใช้สายรัด | T50: 45919 | U50: 10000 | V50: 0 | W50: 10000 | X50: 11200 | Y50: 0 | Z50: WSWT2025800SM | AA50: 0 | AB50: 0 | AC50: 0 | AD50: 0 | AE50: 0 | AF50: 0 | AG50: ยังไม่ได้พิมพ์ | AH50: P6 | AI50: 4 | AJ50: 45919 | AK50: 45915 | AL50: 45908 | AM50: 45916 | AN50: 45917 | AO50: 45918 | AP50: 45914 | AQ50: 0 | AR50: 0 | AS50: 0 | AT50: 0 | AU50: 0 | AV50: 0 | AW50: งานเคลือบ+พิมพ์ | AX50: / | AY50: 0 | AZ50: 0 | BA50: 0 | BB50: 0 | BC50: WRWT25850/WRWT25850 | BD50: 0
A51: 45905 | B51: MK68-001079 | C51: บจก.อินเทคค์ โกลบอล | D51: เฟิร์สช้อย 902 | E51: 20 | F51: 36 | G51: ขาว | H51: ด้าน | I51: 100 | J51: ± | K51: 5 | L51: จับจีบ | M51: ไม่สวมถุงใน | N51: 0 | O51: 0 | P51: 0 | Q51: 0 | R51: 0 | S51: มัด80 ใช้สายรัด | T51: 45920 | U51: 5040 | V51: 0 | W51: 5040 | X51: 0 | Y51: 5292 | Z51: WSWT2025800SM | AA51: 5280.66 | AB51: 5280.66 | AC51: 0 | AD51: 5280.66 | AE51: 0 | AF51: 0 | AG51: รอตัด | AH51: P6 | AI51: 4 | AJ51: 45920 | AK51: 45916 | AL51: 45909 | AM51: 45917 | AN51: 45918 | AO51: 45919 | AP51: 45915 | AQ51: 0 | AR51: 0 | AS51: 0 | AT51: 0 | AU51: 0 | AV51: 0 | AW51: งานเคลือบ+พิมพ์ | AX51: / | AY51: 0 | AZ51: 0 | BA51: 0 | BB51: 0 | BC51: WRWT25850/WRWT25850 | BD51: 0
A52: 45796 | B52: MK68-000671 | C52: บจก.อินเทคค์ โกลบอล | D52: เฟิร์สช้อย 902 | E52: 20 | F52: 36 | G52: ขาว | H52: ด้าน | I52: 100 | J52: ± | K52: 5 | L52: จับจีบ | M52: ไม่สวมถุงใน | N52: 0 | O52: 0 | P52: 0 | Q52: 0 | R52: 0 | S52: มัด80 ใช้สายรัด | T52: 45920 | U52: 366 | V52: 0 | W52: 366 | X52: 0 | Y52: 384.3 | Z52: WSWT2025800SM | AA52: 383.4765 | AB52: 383.4765 | AC52: 0 | AD52: 383.4765 | AE52: 0 | AF52: 0 | AG52: ยังไม่ได้พิมพ์ | AH52: P6 | AI52: 4 | AJ52: 45920 | AK52: 45916 | AL52: 45909 | AM52: 45917 | AN52: 45918 | AO52: 45919 | AP52: 45915 | AQ52: 0 | AR52: 0 | AS52: 0 | AT52: 0 | AU52: 0 | AV52: 0 | AW52: งานเคลือบ+พิมพ์ | AX52: / | AY52: 0 | AZ52: 0 | BA52: 0 | BB52: 0 | BC52: WRWT25850/WRWT25850 | BD52: 0
A53: 45905 | B53: MK68-001079 | C53: บจก.อินเทคค์ โกลบอล | D53: เฟิร์สช้อย 912 | E53: 20 | F53: 36 | G53: ขาว | H53: ด้าน | I53: 100 | J53: ± | K53: 5 | L53: จับจีบ | M53: ไม่สวมถุงใน | N53: 0 | O53: 0 | P53: 0 | Q53: 0 | R53: 0 | S53: มัด80 ใช้สายรัด | T53: 45920 | U53: 5040 | V53: 0 | W53: 5040 | X53: 0 | Y53: 5292 | Z53: WSWT2025800SM | AA53: 5280.66 | AB53: 5280.66 | AC53: 0 | AD53: 5280.66 | AE53: 0 | AF53: 0 | AG53: ยังไม่ได้พิมพ์ | AH53: P6 | AI53: 4 | AJ53: 45920 | AK53: 45916 | AL53: 45909 | AM53: 45917 | AN53: 45918 | AO53: 45919 | AP53: 45915 | AQ53: 0 | AR53: 0 | AS53: 0 | AT53: 0 | AU53: 0 | AV53: 0 | AW53: งานเคลือบ+พิมพ์ | AX53: / | AY53: 0 | AZ53: 0 | BA53: 0 | BB53: 0 | BC53: WRWT25850/WRWT25850 | BD53: 0
A54: 45902 | B54: MK68-001071 | C54: บจก.วีซีเอฟ | D54: VC181 | E54: 20 | F54: 37 | G54: ขาว | H54: ใส | I54: 100 | J54: ± | K54: 5 | L54: บิด | M54: ไม่สวมถุงใน | N54: 0 | O54: 0 | P54: 0 | Q54: 0 | R54: 0 | S54: 500กระสอบแบน | T54: 45920 | U54: 20000 | V54: 18716 | W54: 1284 | X54: 20630 | Y54: 0 | Z54: WSWT2025800SM | AA54: 0 | AB54: 0 | AC54: 0 | AD54: 0 | AE54: 0 | AF54: 0 | AG54: พร้อมส่ง | AH54: P6 | AI54: 4 | AJ54: 45920 | AK54: 45916 | AL54: 45909 | AM54: 45917 | AN54: 45918 | AO54: 45919 | AP54: 45915 | AQ54: 0 | AR54: 0 | AS54: 0 | AT54: 0 | AU54: 0 | AV54: 0 | AW54: งานเคลือบ+พิมพ์ | AX54: / | AY54: 0 | AZ54: 0 | BA54: 0 | BB54: 0 | BC54: WRWT25850/WRWT25850 | BD54: 0
A55: 45908 | B55: MK68-001086 | C55: บจก.เอ.เจ.ฟาร์ม่าแล็บ | D55: เบส-มิน | E55: 20 | F55: 34 | G55: ขาว | H55: ใส | I55: 95 | J55: ± | K55: 5 | L55: จับจีบ | M55: ไม่สวมถุงใน | N55: 0 | O55: 0 | P55: 0 | Q55: 0 | R55: 0 | S55: 500กระสอบ | T55: 45922 | U55: 8000 | V55: 0 | W55: 8000 | X55: 0 | Y55: 8400 | Z55: WSWT2025800SM | AA55: 7934.96 | AB55: 7934.96 | AC55: 0 | AD55: 0 | AE55: 7934.96 | AF55: 0 | AG55: รอตัด | AH55: P6 | AI55: 4 | AJ55: 45922 | AK55: 45918 | AL55: 45911 | AM55: 45919 | AN55: 45920 | AO55: 45921 | AP55: 45917 | AQ55: 0 | AR55: 0 | AS55: 0 | AT55: 0 | AU55: 0 | AV55: 0 | AW55: งานเคลือบ+พิมพ์ | AX55: 0 | AY55: 0 | AZ55: 0 | BA55: 0 | BB55: 0 | BC55: WRWT25850/WRWT25850 | BD55: 0
A56: 45908 | B56: MK68-001086 | C56: บจก.เอ.เจ.ฟาร์ม่าแล็บ | D56: เวท-มิน | E56: 20 | F56: 34 | G56: ขาว | H56: ใส | I56: 95 | J56: ± | K56: 5 | L56: จับจีบ | M56: ไม่สวมถุงใน | N56: 0 | O56: 0 | P56: 0 | Q56: 0 | R56: 0 | S56: 500กระสอบ | T56: 45922 | U56: 8000 | V56: 0 | W56: 8000 | X56: 0 | Y56: 8400 | Z56: WSWT2025800SM | AA56: 7934.96 | AB56: 7934.96 | AC56: 0 | AD56: 0 | AE56: 7934.96 | AF56: 0 | AG56: ยังไม่ได้พิมพ์ | AH56: P6 | AI56: 4 | AJ56: 45922 | AK56: 45918 | AL56: 45911 | AM56: 45919 | AN56: 45920 | AO56: 45921 | AP56: 45917 | AQ56: 0 | AR56: 0 | AS56: 0 | AT56: 0 | AU56: 0 | AV56: 0 | AW56: งานเคลือบ+พิมพ์ | AX56: 0 | AY56: 0 | AZ56: 0 | BA56: 0 | BB56: 0 | BC56: WRWT25850/WRWT25850 | BD56: 0
A57: 45902 | B57: MK68-001069 | C57: บจก.วีซีเอฟ | D57: VC193 | E57: 20 | F57: 37 | G57: ขาว | H57: ใส | I57: 100 | J57: ± | K57: 5 | L57: บิด | M57: ไม่สวมถุงใน | N57: 0 | O57: 0 | P57: 0 | Q57: 0 | R57: 0 | S57: 500กระสอบแบน | T57: 45923 | U57: 10000 | V57: 9620 | W57: 380 | X57: 10294 | Y57: 0 | Z57: WSWT2025800SM | AA57: 0 | AB57: 0 | AC57: 0 | AD57: 0 | AE57: 0 | AF57: 0 | AG57: รอตัด | AH57: P6 | AI57: 4 | AJ57: 45923 | AK57: 45919 | AL57: 45912 | AM57: 45920 | AN57: 45921 | AO57: 45922 | AP57: 45918 | AQ57: 0 | AR57: 0 | AS57: 0 | AT57: 0 | AU57: 0 | AV57: 0 | AW57: งานเคลือบ+พิมพ์ | AX57: / | AY57: 0 | AZ57: 0 | BA57: 0 | BB57: 0 | BC57: WRWT25850/WRWT25850 | BD57: 0
A58: 45896 | B58: MK68-001040 | C58: บจก.เอสพีเอ็ม อาหารสัตว์ | D58: ฟิล กู๊ด พี4 | E58: 20 | F58: 38 | G58: ขาว | H58: ใส | I58: 100 | J58: ± | K58: 5 | L58: บิด | M58: ไม่สวมถุงใน | N58: 0 | O58: 0 | P58: 0 | Q58: 0 | R58: 0 | S58: 500กระสอบแบน | T58: 45926 | U58: 8000 | V58: 0 | W58: 8000 | X58: 8100 | Y58: 0 | Z58: WSWT2025800SM | AA58: 0 | AB58: 0 | AC58: 0 | AD58: 0 | AE58: 0 | AF58: 0 | AG58: พร้อมส่ง | AH58: P6 | AI58: 5 | AJ58: 45926 | AK58: 45921 | AL58: 45914 | AM58: 45922 | AN58: 45923 | AO58: 45924 | AP58: 45921 | AQ58: 0 | AR58: 0 | AS58: 0 | AT58: 0 | AU58: 0 | AV58: 0 | AW58: งานเคลือบ+พิมพ์ | AX58: / | AY58: 0 | AZ58: 0 | BA58: 0 | BB58: 0 | BC58: WRWT25850/WRWT25850 | BD58: 0
A59: 45892 | B59: MK68-001029 | C59: บจก.เอสพีเอ็ม อาหารสัตว์ | D59: SPM 312 | E59: 20 | F59: 37 | G59: ขาว | H59: ด้าน | I59: 97 | J59: ± | K59: 5 | L59: บิด | M59: ไม่สวมถุงใน | N59: 0 | O59: 0 | P59: 0 | Q59: 0 | R59: 0 | S59: 500กระสอบแบน | T59: 45930 | U59: 3000 | V59: 0 | W59: 3000 | X59: 0 | Y59: 3150 | Z59: WSWT2025800SM | AA59: 3227.07 | AB59: 3227.07 | AC59: 0 | AD59: 3227.07 | AE59: 0 | AF59: 0 | AG59: พร้อมส่ง | AH59: P6 | AI59: 4 | AJ59: 45930 | AK59: 45926 | AL59: 45919 | AM59: 45927 | AN59: 45928 | AO59: 45929 | AP59: 45925 | AQ59: 0 | AR59: 0 | AS59: 0 | AT59: 0 | AU59: 0 | AV59: 0 | AW59: งานเคลือบ+พิมพ์ | AX59: / | AY59: 0 | AZ59: 0 | BA59: 0 | BB59: 0 | BC59: WRWT25850/WRWT25850 | BD59: 0
A60: 45891 | B60: MK68-001033 | C60: บจก.เอสพีเอ็ม อาหารสัตว์ | D60: นาโน 03 | E60: 20 | F60: 38 | G60: ขาว | H60: ด้าน | I60: 100 | J60: ± | K60: 5 | L60: บิด | M60: ไม่สวมถุงใน | N60: 0 | O60: 0 | P60: 0 | Q60: 0 | R60: 0 | S60: 500กระสอบแบน | T60: 45930 | U60: 9000 | V60: 5000 | W60: 4000 | X60: 9150 | Y60: 0 | Z60: WSWT2025800SM | AA60: 0 | AB60: 0 | AC60: 0 | AD60: 0 | AE60: 0 | AF60: 0 | AG60: รอแบบ | AH60: P6 | AI60: 5 | AJ60: 45930 | AK60: 45925 | AL60: 45918 | AM60: 45926 | AN60: 45927 | AO60: 45928 | AP60: 45925 | AQ60: 0 | AR60: 0 | AS60: 0 | AT60: 0 | AU60: 0 | AV60: 0 | AW60: งานเคลือบ+พิมพ์ | AX60: / | AY60: 0 | AZ60: 0 | BA60: 0 | BB60: 0 | BC60: WRWT25850/WRWT25850 | BD60: 0
A61: 45891 | B61: MK68-001034 | C61: บจก.เอสพีเอ็ม อาหารสัตว์ | D61: นาโน 01 | E61: 20 | F61: 38 | G61: ขาว | H61: ด้าน | I61: 100 | J61: ± | K61: 5 | L61: บิด | M61: ไม่สวมถุงใน | N61: 0 | O61: 0 | P61: 0 | Q61: 0 | R61: 0 | S61: 500กระสอบแบน | T61: 45930 | U61: 4000 | V61: 3780 | W61: 220 | X61: 4100 | Y61: 0 | Z61: WSWT2025800SM | AA61: 0 | AB61: 0 | AC61: 0 | AD61: 0 | AE61: 0 | AF61: 0 | AG61: รอแบบ | AH61: P6 | AI61: 5 | AJ61: 45930 | AK61: 45925 | AL61: 45918 | AM61: 45926 | AN61: 45927 | AO61: 45928 | AP61: 45925 | AQ61: 0 | AR61: 0 | AS61: 0 | AT61: 0 | AU61: 0 | AV61: 0 | AW61: งานเคลือบ+พิมพ์ | AX61: / | AY61: 0 | AZ61: 0 | BA61: 0 | BB61: 0 | BC61: WRWT25850/WRWT25850 | BD61: 0
A62: 45891 | B62: MK68-001035 | C62: บจก.เอสพีเอ็ม อาหารสัตว์ | D62: นาโน 02 | E62: 20 | F62: 38 | G62: ขาว | H62: ด้าน | I62: 100 | J62: ± | K62: 5 | L62: บิด | M62: ไม่สวมถุงใน | N62: 0 | O62: 0 | P62: 0 | Q62: 0 | R62: 0 | S62: 500กระสอบแบน | T62: 45930 | U62: 9000 | V62: 8500 | W62: 500 | X62: 9455 | Y62: 0 | Z62: WSWT2025800SM | AA62: 0 | AB62: 0 | AC62: 0 | AD62: 0 | AE62: 0 | AF62: 0 | AG62: รอแบบ | AH62: P6 | AI62: 5 | AJ62: 45930 | AK62: 45925 | AL62: 45918 | AM62: 45926 | AN62: 45927 | AO62: 45928 | AP62: 45925 | AQ62: 0 | AR62: 0 | AS62: 0 | AT62: 0 | AU62: 0 | AV62: 0 | AW62: งานเคลือบ+พิมพ์ | AX62: / | AY62: 0 | AZ62: 0 | BA62: 0 | BB62: 0 | BC62: WRWT25850/WRWT25850 | BD62: 0
A63: ประมาณการ | B63: ประมาณการ | C63: บจก.อินเทคค์ โกลบอล | D63: รอแบบ | E63: 20 | F63: 36 | G63: ขาว | H63: ด้าน | I63: 100 | J63: ± | K63: 5 | L63: จับจีบ | M63: ไม่สวมถุงใน | N63: 0 | O63: 0 | P63: 0 | Q63: 0 | R63: 0 | S63: มัด80 ใช้สายรัด | T63: 45930 | U63: 100000 | V63: 0 | W63: 100000 | X63: 0 | Y63: 105000 | Z63: WSWT2025800SM | AA63: 104775 | AB63: 0 | AC63: 104775 | AD63: 0 | AE63: 104775 | AF63: 0 | AG63: รอแบบ | AH63: P6 | AI63: 4 | AJ63: 45930 | AK63: 45926 | AL63: 45919 | AM63: 45927 | AN63: 45928 | AO63: 45929 | AP63: 45925 | AQ63: 0 | AR63: 0 | AS63: 0 | AT63: 0 | AU63: 0 | AV63: 0 | AW63: งานเคลือบ+พิมพ์ | AX63: รอART | AY63: 0 | AZ63: 0 | BA63: 0 | BB63: 0 | BC63: WRWT25850/WRWT25850 | BD63: 7916.3333
A64: ประมาณการ | B64: ประมาณการ | C64: บจก.เอสพีเอ็ม อาหารสัตว์ | D64: รอแบบ | E64: 20 | F64: 38 | G64: ขาว | H64: ใส | I64: 100 | J64: ± | K64: 5 | L64: บิด | M64: ไม่สวมถุงใน | N64: 0 | O64: 0 | P64: 0 | Q64: 0 | R64: 0 | S64: 500กระสอบแบน | T64: 45930 | U64: 20000 | V64: 0 | W64: 20000 | X64: 0 | Y64: 21000 | Z64: WSWT2025800SM | AA64: 22072.6 | AB64: 0 | AC64: 22072.6 | AD64: 0 | AE64: 22072.6 | AF64: 0 | AG64: ยังไม่ได้พิมพ์ | AH64: P6 | AI64: 4 | AJ64: 45930 | AK64: 45926 | AL64: 45919 | AM64: 45927 | AN64: 45928 | AO64: 45929 | AP64: 45925 | AQ64: 0 | AR64: 0 | AS64: 0 | AT64: 0 | AU64: 0 | AV64: 0 | AW64: งานเคลือบ+พิมพ์ | AX64: รอART | AY64: 0 | AZ64: 0 | BA64: 0 | BB64: 0 | BC64: WRWT25850/WRWT25850 | BD64: 1667.7076
A65: ประมาณการ | B65: ประมาณการ | C65: บจก.ไทยธรรมดี | D65: รอแบบ | E65: 20 | F65: 37 | G65: ขาว | H65: ด้าน | I65: 97 | J65: ± | K65: 5 | L65: บิด | M65: ไม่สวมถุงใน | N65: 0 | O65: 0 | P65: 0 | Q65: 0 | R65: 0 | S65: 500กระสอบ | T65: 45930 | U65: 20000 | V65: 0 | W65: 20000 | X65: 0 | Y65: 21000 | Z65: WSWT2025800SM | AA65: 21513.8 | AB65: 0 | AC65: 21513.8 | AD65: 0 | AE65: 21513.8 | AF65: 0 | AG65: ยังไม่ได้พิมพ์ | AH65: P6 | AI65: 4 | AJ65: 45930 | AK65: 45926 | AL65: 45919 | AM65: 45927 | AN65: 45928 | AO65: 45929 | AP65: 45925 | AQ65: 0 | AR65: 0 | AS65: 0 | AT65: 0 | AU65: 0 | AV65: 0 | AW65: งานเคลือบ+พิมพ์ | AX65: รอART | AY65: 0 | AZ65: 0 | BA65: 0 | BB65: 0 | BC65: WRWT25850/WRWT25850 | BD65: 1625.4871
A66: ประมาณการ | B66: ประมาณการ | C66: บจก.ซันฟีด | D66: รอแบบ | E66: 20 | F66: 38 | G66: ขาว | H66: ด้าน | I66: 100 | J66: + | K66: 0 | L66: บิด | M66: ไม่สวมถุงใน | N66: 0 | O66: 0 | P66: 0 | Q66: 0 | R66: 0 | S66: 300กระสอบแบนเต็มใบ | T66: 45960 | U66: 450000 | V66: 0 | W66: 450000 | X66: 0 | Y66: 472500 | Z66: WSWT2025800SM | AA66: 496633.5 | AB66: 81119 | AC66: 415514.5 | AD66: 0 | AE66: 496633.5 | AF66: 0 | AG66: ยังไม่ได้พิมพ์ | AH66: P6 | AI66: 4 | AJ66: 45960 | AK66: 45956 | AL66: 45949 | AM66: 45957 | AN66: 45958 | AO66: 45959 | AP66: 45955 | AQ66: 0 | AR66: 0 | AS66: 0 | AT66: 0 | AU66: 0 | AV66: 0 | AW66: งานเคลือบ+พิมพ์ | AX66: รอART | AY66: 0 | AZ66: 0 | BA66: 0 | BB66: 0 | BC66: WRWT25850/WRWT25850 | BD66: 31394.429
A67: 45909 | B67: MK68-001095 | C67: บจก.เอสพีเอ็ม อาหารสัตว์ | D67: เอส ฟาร์ม105 | E67: 20 | F67: 38 | G67: ขาว | H67: ด้าน | I67: 100 | J67: ± | K67: 5 | L67: บิด | M67: ไม่สวมถุงใน | N67: 0 | O67: 0 | P67: 0 | Q67: 0 | R67: 0 | S67: 500กระสอบแบน | T67: 45920 | U67: 3000 | V67: 0 | W67: 3000 | X67: 0 | Y67: 3150 | Z67: WSWT2025800SM | AA67: 3310.89 | AB67: 3310.89 | AC67: 0 | AD67: 0 | AE67: 3310.89 | AF67: 0 | AG67: ยังไม่ได้พิมพ์ | AH67: P6 | AI67: 4 | AJ67: 45920 | AK67: 45916 | AL67: 45909 | AM67: 45917 | AN67: 45918 | AO67: 45919 | AP67: 45915 | AQ67: 0 | AR67: 0 | AS67: 0 | AT67: 0 | AU67: 0 | AV67: 0 | AW67: งานเคลือบ+พิมพ์ | AX67: / | AY67: 0 | AZ67: 0 | BA67: 0 | BB67: 0 | BC67: WRWT25850/WRWT25850 | BD67: 0
A68: 45909 | B68: MK68-001094 | C68: บจก.เอสพีเอ็ม อาหารสัตว์ | D68: เอส ฟาร์ม190 | E68: 20 | F68: 38 | G68: ขาว | H68: ด้าน | I68: 100 | J68: ± | K68: 5 | L68: บิด | M68: ไม่สวมถุงใน | N68: 0 | O68: 0 | P68: 0 | Q68: 0 | R68: 0 | S68: 500กระสอบแบน | T68: 45944 | U68: 3000 | V68: 0 | W68: 3000 | X68: 0 | Y68: 3150 | Z68: WSWT2025800SM | AA68: 3310.89 | AB68: 3310.89 | AC68: 0 | AD68: 0 | AE68: 3310.89 | AF68: 0 | AG68: ยังไม่ได้พิมพ์ | AH68: P6 | AI68: 4 | AJ68: 45944 | AK68: 45940 | AL68: 45933 | AM68: 45941 | AN68: 45942 | AO68: 45943 | AP68: 45939 | AQ68: 0 | AR68: 0 | AS68: 0 | AT68: 0 | AU68: 0 | AV68: 0 | AW68: งานเคลือบ+พิมพ์ | AX68: / | AY68: 0 | AZ68: 0 | BA68: 0 | BB68: 0 | BC68: WRWT25850/WRWT25850 | BD68: 0
A69: 45909 | B69: MK68-001093 | C69: บจก.เอสพีเอ็ม อาหารสัตว์ | D69: เอส ฟาร์ม115 | E69: 20 | F69: 38 | G69: ขาว | H69: ด้าน | I69: 100 | J69: ± | K69: 5 | L69: บิด | M69: ไม่สวมถุงใน | N69: 0 | O69: 0 | P69: 0 | Q69: 0 | R69: 0 | S69: 500กระสอบแบน | T69: 45958 | U69: 6000 | V69: 0 | W69: 6000 | X69: 0 | Y69: 6300 | Z69: WSWT2025800SM | AA69: 6621.78 | AB69: 6621.78 | AC69: 0 | AD69: 0 | AE69: 6621.78 | AF69: 0 | AG69: ยังไม่ได้พิมพ์ | AH69: P6 | AI69: 4 | AJ69: 45958 | AK69: 45954 | AL69: 45947 | AM69: 45955 | AN69: 45956 | AO69: 45957 | AP69: 45953 | AQ69: 0 | AR69: 0 | AS69: 0 | AT69: 0 | AU69: 0 | AV69: 0 | AW69: งานเคลือบ+พิมพ์ | AX69: / | AY69: 0 | AZ69: 0 | BA69: 0 | BB69: 0 | BC69: WRWT25850/WRWT25850 | BD69: 0
A70: 45782 | B70: MK68-000609 | C70: บจก.เอสพีเอ็ม อาหารสัตว์ | D70: SW 441 | E70: 20 | F70: 38 | G70: ขาว | H70: ใส | I70: 100 | J70: ± | K70: 5 | L70: บิด | M70: ไม่สวมถุงใน | N70: 0 | O70: 0 | P70: 0 | Q70: 0 | R70: 0 | S70: 500กระสอบแบน | T70: 45939 | U70: 5000 | V70: 0 | W70: 5000 | X70: 0 | Y70: 5250 | Z70: WSWT2025800SM | AA70: 5518.15 | AB70: 0 | AC70: 5518.15 | AD70: 0 | AE70: 5518.15 | AF70: 0 | AG70: ยังไม่ได้พิมพ์ | AH70: P6 | AI70: 4 | AJ70: 45939 | AK70: 45935 | AL70: 45928 | AM70: 45936 | AN70: 45937 | AO70: 45938 | AP70: 45934 | AQ70: 0 | AR70: 0 | AS70: 0 | AT70: 0 | AU70: 0 | AV70: 0 | AW70: งานเคลือบ+พิมพ์ | AX70: / | AY70: 0 | AZ70: 0 | BA70: 0 | BB70: 0 | BC70: WRWT25850/WRWT25850 | BD70: 416.92689
A71: 45877 | B71: MK68-000990 | C71: บจก.เอสพีเอ็ม อาหารสัตว์ | D71: SW 441 PLUS | E71: 20 | F71: 38 | G71: ขาว | H71: ใส | I71: 100 | J71: ± | K71: 5 | L71: บิด | M71: ไม่สวมถุงใน | N71: 0 | O71: 0 | P71: 0 | Q71: 0 | R71: 0 | S71: 500กระสอบแบน | T71: 45944 | U71: 7000 | V71: 0 | W71: 7000 | X71: 0 | Y71: 7350 | Z71: WSWT2025800SM | AA71: 7725.41 | AB71: 7725.41 | AC71: 0 | AD71: 0 | AE71: 7725.41 | AF71: 0 | AG71: ยังไม่ได้พิมพ์ | AH71: P6 | AI71: 4 | AJ71: 45944 | AK71: 45940 | AL71: 45933 | AM71: 45941 | AN71: 45942 | AO71: 45943 | AP71: 45939 | AQ71: 0 | AR71: 0 | AS71: 0 | AT71: 0 | AU71: 0 | AV71: 0 | AW71: งานเคลือบ+พิมพ์ | AX71: / | AY71: 0 | AZ71: 0 | BA71: 0 | BB71: 0 | BC71: WRWT25850/WRWT25850 | BD71: 0
A72: 45911 | B72: MK68-001105 | C72: บจก.เอพีเอ็ม อะโกร | D72: ฟีล-กู๊ด พี6 | E72: 20 | F72: 38 | G72: ขาว | H72: ใส | I72: 100 | J72: ± | K72: 5 | L72: บิด | M72: ไม่สวมถุงใน | N72: 0 | O72: 0 | P72: 0 | Q72: 0 | R72: 0 | S72: 500กระสอบแบน | T72: 45947 | U72: 8000 | V72: 0 | W72: 8000 | X72: 0 | Y72: 8400 | Z72: WSWT2025800SM | AA72: 8829.04 | AB72: 0 | AC72: 8829.04 | AD72: 0 | AE72: 8829.04 | AF72: 0 | AG72: ยังไม่ได้พิมพ์ | AH72: P6 | AI72: 4 | AJ72: 45947 | AK72: 45943 | AL72: 45936 | AM72: 45944 | AN72: 45945 | AO72: 45946 | AP72: 45942 | AQ72: 0 | AR72: 0 | AS72: 0 | AT72: 0 | AU72: 0 | AV72: 0 | AW72: งานเคลือบ+พิมพ์ | AX72: / | AY72: 0 | AZ72: 0 | BA72: 0 | BB72: 0 | BC72: WRWT25850/WRWT25850 | BD72: 667.08302
A73: 45892 | B73: MK68-001027 | C73: บจก.เอสพีเอ็ม อาหารสัตว์ | D73: นีโอ 05 | E73: 20 | F73: 38 | G73: ขาว | H73: ด้าน | I73: 100 | J73: ± | K73: 5 | L73: ไม่ | M73: ไม่สวมถุงใน | N73: 0 | O73: 0 | P73: 0 | Q73: 0 | R73: 0 | S73: 500กระสอบแบน | T73: 45951 | U73: 6000 | V73: 0 | W73: 6000 | X73: 0 | Y73: 6300 | Z73: WSWT2025800SM | AA73: 6621.78 | AB73: 6621.78 | AC73: 0 | AD73: 0 | AE73: 6621.78 | AF73: 0 | AG73: ยังไม่ได้พิมพ์ | AH73: P6 | AI73: 4 | AJ73: 45951 | AK73: 45947 | AL73: 45940 | AM73: 45948 | AN73: 45949 | AO73: 45950 | AP73: 45946 | AQ73: 0 | AR73: 0 | AS73: 0 | AT73: 0 | AU73: 0 | AV73: 0 | AW73: งานเคลือบ+พิมพ์ | AX73: / | AY73: 0 | AZ73: 0 | BA73: 0 | BB73: 0 | BC73: WRWT25850/WRWT25850 | BD73: 0
A74: 45911 | B74: MK68-001106 | C74: บจก.เอพีเอ็ม อะโกร | D74: วี-ฟีด วี 06 | E74: 20 | F74: 38 | G74: ขาว | H74: ใส | I74: 100 | J74: ± | K74: 5 | L74: บิด | M74: ไม่สวมถุงใน | N74: 0 | O74: 0 | P74: 0 | Q74: 0 | R74: 0 | S74: 500กระสอบแบน | T74: 45961 | U74: 3000 | V74: 0 | W74: 3000 | X74: 0 | Y74: 3150 | Z74: WSWT2025800SM | AA74: 3310.89 | AB74: 0 | AC74: 3310.89 | AD74: 0 | AE74: 3310.89 | AF74: 0 | AG74: ยังไม่ได้พิมพ์ | AH74: P6 | AI74: 4 | AJ74: 45961 | AK74: 45957 | AL74: 45950 | AM74: 45958 | AN74: 45959 | AO74: 45960 | AP74: 45956 | AQ74: 0 | AR74: 0 | AS74: 0 | AT74: 0 | AU74: 0 | AV74: 0 | AW74: งานเคลือบ+พิมพ์ | AX74: / | AY74: 0 | AZ74: 0 | BA74: 0 | BB74: 0 | BC74: WRWT25850/WRWT25850 | BD74: 250.15613
A75: 45911 | B75: MK68-001104 | C75: บจก.เอพีเอ็ม อะโกร | D75: U-FEED U4(เอส) | E75: 20 | F75: 38 | G75: ขาว | H75: ใส | I75: 100 | J75: ± | K75: 5 | L75: บิด | M75: ไม่สวมถุงใน | N75: 0 | O75: 0 | P75: 0 | Q75: 0 | R75: 0 | S75: 500กระสอบแบน | T75: 45961 | U75: 4000 | V75: 0 | W75: 4000 | X75: 0 | Y75: 4200 | Z75: WSWT2025800SM | AA75: 4414.52 | AB75: 0 | AC75: 4414.52 | AD75: 0 | AE75: 4414.52 | AF75: 0 | AG75: พร้อมส่ง | AH75: P6 | AI75: 4 | AJ75: 45961 | AK75: 45957 | AL75: 45950 | AM75: 45958 | AN75: 45959 | AO75: 45960 | AP75: 45956 | AQ75: 0 | AR75: 0 | AS75: 0 | AT75: 0 | AU75: 0 | AV75: 0 | AW75: งานเคลือบ+พิมพ์ | AX75: / | AY75: 0 | AZ75: 0 | BA75: 0 | BB75: 0 | BC75: WRWT25850/WRWT25850 | BD75: 333.54151
A76: 45909 | B76: MK68-001092 | C76: บจก.เอพีเอ็ม อะโกร | D76: APM915 | E76: 20 | F76: 38 | G76: ขาว | H76: ใส | I76: 100 | J76: ± | K76: 5 | L76: บิด | M76: ไม่สวมถุงใน | N76: 0 | O76: 0 | P76: 0 | Q76: 0 | R76: 0 | S76: 500กระสอบแบน | T76: 45961 | U76: 3000 | V76: 0 | W76: 3000 | X76: 0 | Y76: 3150 | Z76: WSWT2025800SM | AA76: 3310.89 | AB76: 3310.89 | AC76: 0 | AD76: 0 | AE76: 3310.89 | AF76: 0 | AG76: รอตัด | AH76: P6 | AI76: 4 | AJ76: 45961 | AK76: 45957 | AL76: 45950 | AM76: 45958 | AN76: 45959 | AO76: 45960 | AP76: 45956 | AQ76: 0 | AR76: 0 | AS76: 0 | AT76: 0 | AU76: 0 | AV76: 0 | AW76: งานเคลือบ+พิมพ์ | AX76: / | AY76: 0 | AZ76: 0 | BA76: 0 | BB76: 0 | BC76: WRWT25850/WRWT25850 | BD76: 0
A77: 45909 | B77: MK68-001091 | C77: บจก.เอพีเอ็ม อะโกร | D77: ยู-ฟีด บี1 | E77: 20 | F77: 40 | G77: ขาว | H77: ใส | I77: 108 | J77: ± | K77: 5 | L77: บิด | M77: ไม่สวมถุงใน | N77: 0 | O77: 0 | P77: 0 | Q77: 0 | R77: 0 | S77: 500กระสอบแบน | T77: 45961 | U77: 3000 | V77: 0 | W77: 3000 | X77: 0 | Y77: 3150 | Z77: WSWT2025800SM | AA77: 3478.53 | AB77: 3478.53 | AC77: 0 | AD77: 0 | AE77: 3478.53 | AF77: 0 | AG77: พร้อมส่ง | AH77: P6 | AI77: 4 | AJ77: 45961 | AK77: 45957 | AL77: 45950 | AM77: 45958 | AN77: 45959 | AO77: 45960 | AP77: 45956 | AQ77: 0 | AR77: 0 | AS77: 0 | AT77: 0 | AU77: 0 | AV77: 0 | AW77: งานเคลือบ+พิมพ์ | AX77: / | AY77: 0 | AZ77: 0 | BA77: 0 | BB77: 0 | BC77: WRWT25850/WRWT25850 | BD77: 0
A78: 45892 | B78: MK68-001024 | C78: บจก.อินเทคค์ โกลบอล | D78: เฟิร์สช้อย 913 | E78: 20 | F78: 36 | G78: ขาว | H78: ด้าน | I78: 100 | J78: ± | K78: 5 | L78: จับจีบ | M78: ไม่สวมถุงใน | N78: 0 | O78: 0 | P78: 0 | Q78: 0 | R78: 0 | S78: มัด80 ใช้สายรัด | T78: รอแจ้ง | U78: 640 | V78: 0 | W78: 640 | X78: 6000 | Y78: 0 | Z78: WSWT2025800SM | AA78: 0 | AB78: 0 | AC78: 0 | AD78: 0 | AE78: 0 | AF78: 0 | AG78: ยังไม่ได้พิมพ์ | AH78: P6 | AI78: 4 | AJ78: รอแจ้ง | AK78: #VALUE! | AL78: #VALUE! | AM78: #VALUE! | AN78: #VALUE! | AO78: #VALUE! | AP78: #VALUE! | AQ78: 0 | AR78: 0 | AS78: 0 | AT78: 0 | AU78: 0 | AV78: 0 | AW78: งานเคลือบ+พิมพ์ | AX78: / | AY78: สีผิดเบอร์280 | AZ78: 0 | BA78: 0 | BB78: 0 | BC78: WRWT25850/WRWT25850 | BD78: 0
A79: 45892 | B79: MK68-001026 | C79: บจก.อินเทคค์ โกลบอล | D79: เพอเฟคค์ 913 | E79: 20 | F79: 36 | G79: ขาว | H79: ด้าน | I79: 100 | J79: ± | K79: 5 | L79: จับจีบ | M79: ไม่สวมถุงใน | N79: 0 | O79: 0 | P79: 0 | Q79: 0 | R79: 0 | S79: มัด80 ใช้สายรัด | T79: รอแจ้ง | U79: 1840 | V79: 80 | W79: 1760 | X79: 10650 | Y79: 0 | Z79: WSWT2025800SM | AA79: 0 | AB79: 0 | AC79: 0 | AD79: 0 | AE79: 0 | AF79: 0 | AG79: พร้อมส่ง | AH79: P6 | AI79: 4 | AJ79: รอแจ้ง | AK79: #VALUE! | AL79: #VALUE! | AM79: #VALUE! | AN79: #VALUE! | AO79: #VALUE! | AP79: #VALUE! | AQ79: 0 | AR79: 0 | AS79: 0 | AT79: 0 | AU79: 0 | AV79: 0 | AW79: งานเคลือบ+พิมพ์ | AX79: / | AY79: 0 | AZ79: 0 | BA79: 0 | BB79: 0 | BC79: WRWT25850/WRWT25850 | BD79: 0
A80: 45887 | B80: MK68-001007 | C80: บจก.อินเทคค์ โกลบอล | D80: เพอเฟคค์ 916 | E80: 20 | F80: 36 | G80: ขาว | H80: ด้าน | I80: 100 | J80: ± | K80: 5 | L80: จับจีบ | M80: ไม่สวมถุงใน | N80: 0 | O80: 0 | P80: 0 | Q80: 0 | R80: 0 | S80: มัด80 ใช้สายรัด | T80: รอแจ้ง | U80: 104 | V80: 0 | W80: 104 | X80: 11230 | Y80: 0 | Z80: WSWT2025800SM | AA80: 0 | AB80: 0 | AC80: 0 | AD80: 0 | AE80: 0 | AF80: 0 | AG80: พร้อมส่ง | AH80: P6 | AI80: 4 | AJ80: รอแจ้ง | AK80: #VALUE! | AL80: #VALUE! | AM80: #VALUE! | AN80: #VALUE! | AO80: #VALUE! | AP80: #VALUE! | AQ80: 0 | AR80: 0 | AS80: 0 | AT80: 0 | AU80: 0 | AV80: 0 | AW80: งานเคลือบ+พิมพ์ | AX80: / | AY80: 0 | AZ80: 0 | BA80: 0 | BB80: 0 | BC80: WRWT25850/WRWT25850 | BD80: 0
A81: 45896 | B81: MK68-001039 | C81: บจก.เอสพีเอ็ม อาหารสัตว์ | D81: U-GOAT14 | E81: 20 | F81: 38 | G81: ขาว | H81: ใส | I81: 100 | J81: ± | K81: 5 | L81: บิด | M81: ไม่สวมถุงใน | N81: 0 | O81: 0 | P81: 0 | Q81: 0 | R81: 0 | S81: 500กระสอบแบน | T81: รอแจ้ง | U81: 3000 | V81: 0 | W81: 3000 | X81: 0 | Y81: 3150 | Z81: WSWT2025800SM | AA81: 3310.89 | AB81: 3310.89 | AC81: 0 | AD81: 0 | AE81: 3310.89 | AF81: 0 | AG81: พร้อมส่ง | AH81: P6 | AI81: 5 | AJ81: รอแจ้ง | AK81: #VALUE! | AL81: #VALUE! | AM81: #VALUE! | AN81: #VALUE! | AO81: #VALUE! | AP81: #VALUE! | AQ81: 0 | AR81: 0 | AS81: 0 | AT81: 0 | AU81: 0 | AV81: 0 | AW81: งานเคลือบ+พิมพ์ | AX81: / | AY81: 0 | AZ81: 0 | BA81: 0 | BB81: 0 | BC81: WRWT25850/WRWT25850 | BD81: 0
A82: 45796 | B82: MK68-000675 | C82: บจก.อินเทคค์ โกลบอล | D82: เพอเฟคค์ 914 | E82: 20 | F82: 36 | G82: ขาว | H82: ด้าน | I82: 100 | J82: ± | K82: 5 | L82: จับจีบ | M82: ไม่สวมถุงใน | N82: 0 | O82: 0 | P82: 0 | Q82: 0 | R82: 0 | S82: มัด80 ใช้สายรัด | T82: รอแจ้ง | U82: 240 | V82: 0 | W82: 240 | X82: 0 | Y82: 252 | Z82: WSWT2025800SM | AA82: 251.46 | AB82: 251.46 | AC82: 0 | AD82: 0 | AE82: 251.46 | AF82: 0 | AG82: พร้อมส่ง | AH82: P6 | AI82: 4 | AJ82: รอแจ้ง | AK82: #VALUE! | AL82: #VALUE! | AM82: #VALUE! | AN82: #VALUE! | AO82: #VALUE! | AP82: #VALUE! | AQ82: 0 | AR82: 0 | AS82: 0 | AT82: 0 | AU82: 0 | AV82: 0 | AW82: งานเคลือบ+พิมพ์ | AX82: / | AY82: 2/6---6/6 | AZ82: 0 | BA82: 0 | BB82: 0 | BC82: WRWT25850/WRWT25850 | BD82: 0
A83: 45876 | B83: MK68-000983 | C83: บจก.เอพีเอ็ม อะโกร | D83: ยูฟีด บี2 | E83: 20 | F83: 40 | G83: ขาว | H83: ใส | I83: 108 | J83: ± | K83: 5 | L83: บิด | M83: ไม่สวมถุงใน | N83: 0 | O83: 0 | P83: 0 | Q83: 0 | R83: 0 | S83: 500กระสอบแบน | T83: รอแจ้ง | U83: 3000 | V83: 3075 | W83: 0 | X83: 0 | Y83: 0 | Z83: WSWT2025800SM | AA83: 0 | AB83: 0 | AC83: 0 | AD83: 0 | AE83: 0 | AF83: 0 | AG83: ยังไม่ได้พิมพ์ | AH83: P6 | AI83: 4 | AJ83: รอแจ้ง | AK83: #VALUE! | AL83: #VALUE! | AM83: #VALUE! | AN83: #VALUE! | AO83: #VALUE! | AP83: #VALUE! | AQ83: 0 | AR83: 0 | AS83: 0 | AT83: 0 | AU83: 0 | AV83: 0 | AW83: งานเคลือบ+พิมพ์ | AX83: / | AY83: 0 | AZ83: 0 | BA83: 0 | BB83: 0 | BC83: WRWT25850/WRWT25850 | BD83: 0
A84: 45825 | B84: MK68-000801 | C84: บจก.อินเทคค์ โกลบอล | D84: สุบรรณ 111 | E84: 20 | F84: 36 | G84: ขาว | H84: ด้าน | I84: 100 | J84: ± | K84: 5 | L84: จับจีบ3.5" | M84: ไม่สวมถุงใน | N84: 0 | O84: 0 | P84: 0 | Q84: 0 | R84: 0 | S84: มัด80 ใช้สายรัด | T84: รอแจ้ง | U84: 894 | V84: 525 | W84: 369 | X84: 6000 | Y84: 0 | Z84: WSWT2025800SM | AA84: 0 | AB84: 0 | AC84: 0 | AD84: 0 | AE84: 0 | AF84: 0 | AG84: พร้อมส่ง | AH84: P6 | AI84: 4 | AJ84: รอแจ้ง | AK84: #VALUE! | AL84: #VALUE! | AM84: #VALUE! | AN84: #VALUE! | AO84: #VALUE! | AP84: #VALUE! | AQ84: 0 | AR84: 0 | AS84: 0 | AT84: 0 | AU84: 0 | AV84: 0 | AW84: งานเคลือบ+พิมพ์ | AX84: / | AY84: 0 | AZ84: 0 | BA84: 0 | BB84: 0 | BC84: WRWT25850/WRWT25850 | BD84: 0
A85: 45796 | B85: MK68-000673 | C85: บจก.อินเทคค์ โกลบอล | D85: เพอเฟคค์ 902 | E85: 20 | F85: 36 | G85: ขาว | H85: ด้าน | I85: 100 | J85: ± | K85: 5 | L85: จับจีบ | M85: ไม่สวมถุงใน | N85: 0 | O85: 0 | P85: 0 | Q85: 0 | R85: 0 | S85: มัด80 ใช้สายรัด | T85: รอแจ้ง | U85: 302 | V85: 0 | W85: 302 | X85: 5300 | Y85: 0 | Z85: WSWT2025800SM | AA85: 0 | AB85: 0 | AC85: 0 | AD85: 0 | AE85: 0 | AF85: 0 | AG85: พร้อมส่ง | AH85: P6 | AI85: 4 | AJ85: รอแจ้ง | AK85: #VALUE! | AL85: #VALUE! | AM85: #VALUE! | AN85: #VALUE! | AO85: #VALUE! | AP85: #VALUE! | AQ85: 0 | AR85: 0 | AS85: 0 | AT85: 0 | AU85: 0 | AV85: 0 | AW85: งานเคลือบ+พิมพ์ | AX85: / | AY85: 0 | AZ85: 0 | BA85: 0 | BB85: 0 | BC85: WRWT25850/WRWT25850 | BD85: 0
A86: 45798 | B86: MK68-000693 | C86: บจก.เอพีเอ็ม อะโกร | D86: ฟีล กู๊ด พี07 | E86: 20 | F86: 38 | G86: ขาว | H86: ใส | I86: 100 | J86: ± | K86: 5 | L86: บิด | M86: ไม่สวมถุงใน | N86: 0 | O86: 0 | P86: 0 | Q86: 0 | R86: 0 | S86: 500กระสอบแบน | T86: รอแจ้ง | U86: 5000 | V86: 0 | W86: 5000 | X86: 0 | Y86: 5250 | Z86: WSWT2025800SM | AA86: 5518.15 | AB86: 0 | AC86: 5518.15 | AD86: 0 | AE86: 5518.15 | AF86: 0 | AG86: รอตัด | AH86: P6 | AI86: 4 | AJ86: รอแจ้ง | AK86: #VALUE! | AL86: #VALUE! | AM86: #VALUE! | AN86: #VALUE! | AO86: #VALUE! | AP86: #VALUE! | AQ86: 0 | AR86: 0 | AS86: 0 | AT86: 0 | AU86: 0 | AV86: 0 | AW86: งานเคลือบ+พิมพ์ | AX86: / | AY86: 0 | AZ86: 0 | BA86: 0 | BB86: 0 | BC86: WRWT25850/WRWT25850 | BD86: 416.92689
A87: 45674 | B87: MK68-000093 | C87: บจก.อินเทคค์ โกลบอล | D87: เฟิร์สคลาส 902 | E87: 20 | F87: 35 | G87: ขาว | H87: ด้าน | I87: 97 | J87: ± | K87: 5 | L87: จับจีบ4" | M87: ไม่สวมถุงใน | N87: 0 | O87: 0 | P87: 0 | Q87: 0 | R87: 0 | S87: มัด80 ใช้สายรัด | T87: รอแจ้ง | U87: 152 | V87: 0 | W87: 152 | X87: 6000 | Y87: 0 | Z87: WSWT2025800SM | AA87: 0 | AB87: 0 | AC87: 0 | AD87: 0 | AE87: 0 | AF87: 5987 | AG87: พร้อมส่ง | AH87: P6 | AI87: 4 | AJ87: รอแจ้ง | AK87: #VALUE! | AL87: #VALUE! | AM87: #VALUE! | AN87: #VALUE! | AO87: #VALUE! | AP87: #VALUE! | AQ87: 0 | AR87: 0 | AS87: 0 | AT87: 0 | AU87: 0 | AV87: 0 | AW87: งานเคลือบ+พิมพ์ | AX87: / | AY87: ลบสี 5040 | AZ87: 0 | BA87: 0 | BB87: 0 | BC87: WRWT25850/WRWT25850 | BD87: 0
A88: 45611 | B88: MK67-001532 | C88: บจก.อินเทคค์ โกลบอล | D88: เฟิร์สช้อย 903 | E88: 20 | F88: 36 | G88: ขาว | H88: ด้าน | I88: 100 | J88: ± | K88: 5 | L88: จับจีบ | M88: ไม่สวมถุงใน | N88: 0 | O88: 0 | P88: 0 | Q88: 0 | R88: 0 | S88: มัด80 ใช้สายรัด | T88: รอแจ้ง | U88: 117 | V88: 0 | W88: 117 | X88: 10065 | Y88: 0 | Z88: WSWT2025800SM | AA88: 0 | AB88: 0 | AC88: 0 | AD88: 0 | AE88: 0 | AF88: 0 | AG88: รอตัด | AH88: P6 | AI88: 4 | AJ88: รอแจ้ง | AK88: #VALUE! | AL88: #VALUE! | AM88: #VALUE! | AN88: #VALUE! | AO88: #VALUE! | AP88: #VALUE! | AQ88: 0 | AR88: 0 | AS88: 0 | AT88: 0 | AU88: 0 | AV88: 0 | AW88: งานเคลือบ+พิมพ์ | AX88: / | AY88: 0 | AZ88: 0 | BA88: 0 | BB88: 0 | BC88: WRWT25850/WRWT25850 | BD88: 0
A89: 45523 | B89: MK67-001153 | C89: บจก.อินเทคค์ โกลบอล | D89: สุบรรณ 777 | E89: 20 | F89: 36 | G89: ขาว | H89: ด้าน | I89: 100 | J89: ± | K89: 5 | L89: จับจีบ | M89: ไม่สวมถุงใน | N89: 0 | O89: 0 | P89: 0 | Q89: 0 | R89: 0 | S89: มัด80 ใช้สายรัด | T89: รอแจ้ง | U89: 1260 | V89: 0 | W89: 1260 | X89: 11095 | Y89: 0 | Z89: WSWT2025800SM | AA89: 0 | AB89: 0 | AC89: 0 | AD89: 0 | AE89: 0 | AF89: 0 | AG89: รอตัด | AH89: P6 | AI89: 4 | AJ89: รอแจ้ง | AK89: #VALUE! | AL89: #VALUE! | AM89: #VALUE! | AN89: #VALUE! | AO89: #VALUE! | AP89: #VALUE! | AQ89: 0 | AR89: 0 | AS89: 0 | AT89: 0 | AU89: 0 | AV89: 0 | AW89: งานเคลือบ+พิมพ์ | AX89: / | AY89: 0 | AZ89: 0 | BA89: 0 | BB89: 0 | BC89: WRWT25850/WRWT25850 | BD89: 0
A90: 45523 | B90: MK67-001153 | C90: บจก.อินเทคค์ โกลบอล | D90: สุบรรณ 666 | E90: 20 | F90: 36 | G90: ขาว | H90: ด้าน | I90: 100 | J90: ± | K90: 5 | L90: จับจีบ | M90: ไม่สวมถุงใน | N90: 0 | O90: 0 | P90: 0 | Q90: 0 | R90: 0 | S90: มัด80 ใช้สายรัด | T90: รอแจ้ง | U90: 89 | V90: 0 | W90: 89 | X90: 11180 | Y90: 0 | Z90: WSWT2025800SM | AA90: 0 | AB90: 0 | AC90: 0 | AD90: 0 | AE90: 0 | AF90: 0 | AG90: พร้อมส่ง | AH90: P6 | AI90: 4 | AJ90: รอแจ้ง | AK90: #VALUE! | AL90: #VALUE! | AM90: #VALUE! | AN90: #VALUE! | AO90: #VALUE! | AP90: #VALUE! | AQ90: 0 | AR90: 0 | AS90: 0 | AT90: 0 | AU90: 0 | AV90: 0 | AW90: งานเคลือบ+พิมพ์ | AX90: / | AY90: 0 | AZ90: 0 | BA90: 0 | BB90: 0 | BC90: WRWT25850/WRWT25850 | BD90: 0
A91: 45799 | B91: MK68-000694 | C91: บจก.เอ.เจ.ฟาร์ม่าแล็บ | D91: เบส-มิน | E91: 20 | F91: 34 | G91: ขาว | H91: ใส | I91: 95 | J91: ± | K91: 5 | L91: จับจีบ | M91: ไม่สวมถุงใน | N91: 0 | O91: 0 | P91: 0 | Q91: 0 | R91: 0 | S91: 500กระสอบ | T91: รอส่ง | U91: 4000 | V91: 2840 | W91: 1160 | X91: 8450 | Y91: 0 | Z91: WSWT2025800SM | AA91: 0 | AB91: 0 | AC91: 0 | AD91: 0 | AE91: 0 | AF91: ห้ามขาด-ห้ามเกิน | AG91: พร้อมส่ง | AH91: P6 | AI91: 4 | AJ91: รอส่ง | AK91: #VALUE! | AL91: #VALUE! | AM91: #VALUE! | AN91: #VALUE! | AO91: #VALUE! | AP91: #VALUE! | AQ91: 0 | AR91: 0 | AS91: 0 | AT91: 0 | AU91: 0 | AV91: 0 | AW91: งานเคลือบ+พิมพ์ | AX91: / | AY91: 0 | AZ91: 0 | BA91: 0 | BB91: 0 | BC91: WRWT25850/WRWT25850 | BD91: 0
A92: 45799 | B92: MK68-000694 | C92: บจก.เอ.เจ.ฟาร์ม่าแล็บ | D92: เวท-มิน | E92: 20 | F92: 34 | G92: ขาว | H92: ใส | I92: 95 | J92: ± | K92: 5 | L92: จับจีบ | M92: ไม่สวมถุงใน | N92: 0 | O92: 0 | P92: 0 | Q92: 0 | R92: 0 | S92: 500กระสอบ | T92: รอส่ง | U92: 4000 | V92: 2654 | W92: 1346 | X92: 4000 | Y92: 0 | Z92: WSWT2025800SM | AA92: 0 | AB92: 0 | AC92: 0 | AD92: 0 | AE92: 0 | AF92: ห้ามขาด-ห้ามเกิน | AG92: พร้อมส่ง | AH92: P6 | AI92: 4 | AJ92: รอส่ง | AK92: #VALUE! | AL92: #VALUE! | AM92: #VALUE! | AN92: #VALUE! | AO92: #VALUE! | AP92: #VALUE! | AQ92: 0 | AR92: 0 | AS92: 0 | AT92: 0 | AU92: 0 | AV92: 0 | AW92: งานเคลือบ+พิมพ์ | AX92: / | AY92: 0 | AZ92: 0 | BA92: 0 | BB92: 0 | BC92: WRWT25850/WRWT25850 | BD92: 0
A93: 45741 | B93: MK68-000452 | C93: บจก.เอพีเอ็ม อะโกร | D93: วี-ฟีด วี 07 | E93: 20 | F93: 38 | G93: ขาว | H93: ใส | I93: 100 | J93: ± | K93: 5 | L93: บิด | M93: ไม่สวมถุงใน | N93: 0 | O93: 0 | P93: 0 | Q93: 0 | R93: 0 | S93: 500กระสอบแบน | T93: รอส่ง | U93: 4000 | V93: 3867 | W93: 133 | X93: 4200 | Y93: 0 | Z93: WSWT2025800SM | AA93: 0 | AB93: 0 | AC93: 0 | AD93: 0 | AE93: 0 | AF93: 0 | AG93: พร้อมส่ง | AH93: P6 | AI93: 4 | AJ93: รอส่ง | AK93: #VALUE! | AL93: #VALUE! | AM93: #VALUE! | AN93: #VALUE! | AO93: #VALUE! | AP93: #VALUE! | AQ93: 0 | AR93: 0 | AS93: 0 | AT93: 0 | AU93: 0 | AV93: 0 | AW93: งานเคลือบ+พิมพ์ | AX93: / | AY93: มีลบสี | AZ93: 0 | BA93: 0 | BB93: 0 | BC93: WRWT25850/WRWT25850 | BD93: 0
A94: 45720 | B94: ใบรับคำสั่งซื้อ | C94: บจก.เอพีเอ็ม อะโกร | D94: นีโอ พี3(เอส) | E94: 20 | F94: 38 | G94: ขาว | H94: ด้าน | I94: 100 | J94: ± | K94: 5 | L94: บิด | M94: ไม่สวมถุงใน | N94: 0 | O94: 0 | P94: 0 | Q94: 0 | R94: 0 | S94: 500กระสอบแบน | T94: รอส่ง | U94: 4000 | V94: 4010 | W94: 0 | X94: 4470 | Y94: 0 | Z94: WSWT2025800SM | AA94: 0 | AB94: 0 | AC94: 0 | AD94: 0 | AE94: 0 | AF94: 0 | AG94: พร้อมส่ง | AH94: P6 | AI94: 4 | AJ94: รอส่ง | AK94: #VALUE! | AL94: #VALUE! | AM94: #VALUE! | AN94: #VALUE! | AO94: #VALUE! | AP94: #VALUE! | AQ94: 0 | AR94: 0 | AS94: 0 | AT94: 0 | AU94: 0 | AV94: 0 | AW94: งานเคลือบ+พิมพ์ | AX94: / | AY94: 0 | AZ94: 0 | BA94: 0 | BB94: 0 | BC94: WRWT25850/WRWT25850 | BD94: 0
A95: 45720 | B95: ใบรับคำสั่งซื้อ | C95: บจก.เอพีเอ็ม อะโกร | D95: นีโอ พี4(เอส) | E95: 20 | F95: 38 | G95: ขาว | H95: ด้าน | I95: 100 | J95: ± | K95: 5 | L95: บิด | M95: ไม่สวมถุงใน | N95: 0 | O95: 0 | P95: 0 | Q95: 0 | R95: 0 | S95: 500กระสอบแบน | T95: รอส่ง | U95: 3000 | V95: 3065 | W95: 0 | X95: 3300 | Y95: 0 | Z95: WSWT2025800SM | AA95: 0 | AB95: 0 | AC95: 0 | AD95: 0 | AE95: 0 | AF95: 0 | AG95: พร้อมส่ง | AH95: P6 | AI95: 4 | AJ95: รอส่ง | AK95: #VALUE! | AL95: #VALUE! | AM95: #VALUE! | AN95: #VALUE! | AO95: #VALUE! | AP95: #VALUE! | AQ95: 0 | AR95: 0 | AS95: 0 | AT95: 0 | AU95: 0 | AV95: 0 | AW95: งานเคลือบ+พิมพ์ | AX95: / | AY95: 0 | AZ95: 0 | BA95: 0 | BB95: 0 | BC95: WRWT25850/WRWT25850 | BD95: 0
A96: 45541 | B96: MK67-001236 | C96: บจก.เอพีเอ็ม อะโกร | D96: ยูฟีด รวมไก่ วัว | E96: 20 | F96: 40 | G96: ขาว | H96: ด้าน | I96: 108 | J96: ± | K96: 5 | L96: บิด | M96: ไม่สวมถุงใน | N96: 0 | O96: 0 | P96: 0 | Q96: 0 | R96: 0 | S96: 500กระสอบแบน | T96: รอส่ง | U96: 3000 | V96: 3318 | W96: 0 | X96: 0 | Y96: 0 | Z96: WSWT2025800SM | AA96: 0 | AB96: 0 | AC96: 0 | AD96: 0 | AE96: 0 | AF96: ลูกค้าสั่งผิดเอาไปส่งเดือน10 | AG96: รอแบบ | AH96: P6 | AI96: 4 | AJ96: รอส่ง | AK96: #VALUE! | AL96: #VALUE! | AM96: #VALUE! | AN96: #VALUE! | AO96: #VALUE! | AP96: #VALUE! | AQ96: 0 | AR96: 0 | AS96: 0 | AT96: 0 | AU96: 0 | AV96: 0 | AW96: งานเคลือบ+พิมพ์ | AX96: 0 | AY96: ลูกค้าต้องการเคลือบใส แต่เปิดมาเคลือบด้าน | AZ96: 0 | BA96: 0 | BB96: 0 | BC96: WRWT25850/WRWT25850 | BD96: 0
A97: 45581 | B97: MK67-001396 | C97: บจก.เอพีเอ็ม อะโกร | D97: นีโอ พี4 | E97: 20 | F97: 38 | G97: ขาว | H97: ด้าน | I97: 100 | J97: ± | K97: 5 | L97: บิด | M97: ไม่สวมถุงใน | N97: 0 | O97: 0 | P97: 0 | Q97: 0 | R97: 0 | S97: 500กระสอบแบน | T97: รอส่ง | U97: 3000 | V97: 3194 | W97: 0 | X97: 5632 | Y97: 0 | Z97: WSWT2025800SM | AA97: 0 | AB97: 0 | AC97: 0 | AD97: 0 | AE97: 0 | AF97: 0 | AG97: พร้อมส่ง | AH97: P6 | AI97: 4 | AJ97: รอส่ง | AK97: #VALUE! | AL97: #VALUE! | AM97: #VALUE! | AN97: #VALUE! | AO97: #VALUE! | AP97: #VALUE! | AQ97: 0 | AR97: 0 | AS97: 0 | AT97: 0 | AU97: 0 | AV97: 0 | AW97: งานเคลือบ+พิมพ์ | AX97: / | AY97: 0 | AZ97: 0 | BA97: 0 | BB97: 0 | BC97: WRWT25850/WRWT25850 | BD97: 0
A98: 0 | B98: 0 | C98: 0 | D98: 0 | E98: 20 | F98: 38 | G98: 0 | H98: 0 | I98: 84 | J98: ± | K98: 5 | L98: 0 | M98: 0 | N98: 0 | O98: 0 | P98: 0 | Q98: 0 | R98: 0 | S98: 0 | U98: 0 | V98: 0 | W98: 0 | X98: 0 | Y98: 0 | Z98: WSWT2025800SM | AA98: 740569.96 | AB98: 149103.31 | AC98: 591466.65 | AD98: 14171.867 | AE98: 726398.09 | AF98: ระบุในSD | AG98: พร้อมส่ง | AH98: 0 | AI98: Lead time | AJ98: 0 | AK98: 0 | AL98: 0 | AM98: 0 | AN98: 0 | AO98: 0 | AP98: 0 | AQ98: 0 | AR98: 0 | AS98: 0 | AT98: 0 | AU98: 0 | AV98: 0 | AW98: 0 | AX98: 0 | AY98: 0 | AZ98: 0 | BA98: 0 | BB98: 0 | BC98: WRWT25850/WRWT25850 | BD98: 0
A99: ประมาณการ | B99: ประมาณการ | C99: บจก.ซันฟีด | D99: รอแบบ | E99: 20 | F99: 39 | G99: ขาว | H99: 0 | I99: 84 | J99: + | K99: 0 | L99: บิด | M99: ไม่สวมถุงใน | N99: 0 | O99: 0 | P99: 0 | Q99: 0 | R99: 0 | S99: 300กระสอบแบนเต็มใบ | T99: รอแจ้ง | U99: 1600000 | V99: 0 | W99: 1600000 | X99: 0 | Y99: 1680000 | Z99: WSWT2025850 | AA99: 1810512 | AB99: 111448 | AC99: 1699064 | AD99: 0 | AE99: 0 | AF99: 0 | AG99: รอตัด | AH99: P7 | AI99: 2 | AJ99: รอแจ้ง | AK99: 0 | AL99: #VALUE! | AM99: #VALUE! | AN99: #VALUE! | AO99: #VALUE! | AP99: #VALUE! | AQ99: 0 | AR99: 0 | AS99: 0 | AT99: 0 | AU99: 0 | AV99: 0 | AW99: งานพิมพ์ | AX99: รอART | AY99: 0 | AZ99: 0 | BA99: 0 | BB99: 0 | BC99: WRWT25850/WRWT25800 | BD99: 133848.49
A100: 0 | B100: 0 | C100: 0 | D100: 0 | E100: 20 | F100: 38 | G100: 0 | H100: 0 | I100: 82 | J100: + | K100: 2 | L100: 0 | M100: 0 | N100: 0 | O100: 0 | P100: 0 | Q100: 0 | R100: 0 | S100: 0 | U100: 0 | V100: 0 | W100: 0 | X100: 0 | Y100: 0 | Z100: WSWT2025850 | AA100: 1810512 | AB100: 111448 | AC100: 1699064 | AD100: 0 | AE100: 0 | AF100: ระบุในSD | AG100: พร้อมส่ง | AH100: 0 | AI100: Lead time | AJ100: 0 | AK100: 0 | AL100: 0 | AM100: 0 | AN100: 0 | AO100: 0 | AP100: 0 | AQ100: 0 | AR100: 0 | AS100: 0 | AT100: 0 | AU100: 0 | AV100: 0 | AW100: 0 | AX100: 0 | AY100: 0 | AZ100: 0 | BA100: 0 | BB100: 0 | BC100: WRWT200850/WRWT25800 | BD100: 0
A101: 45887 | B101: MK68-001010 | C101: บจก.อินเทคค์ โกลบอล | D101: เพอเฟคค์ 664HP | E101: 20 | F101: 36 | G101: ขาว | H101: 0 | I101: 78 | J101: ± | K101: 5 | L101: จับจีบ4" | M101: ไม่สวมถุงใน | N101: 0 | O101: 0 | P101: 0 | Q101: 0 | R101: 0 | S101: มัด80 ใช้สายรัด | T101: 45926 | U101: 1360 | V101: 0 | W101: 1360 | X101: 20056 | Y101: 0 | Z101: WSWT2025800 | AA101: 0 | AB101: 0 | AC101: 0 | AD101: 0 | AE101: 0 | AF101: ห้ามขาด-ห้ามเกิน | AG101: รอแบบ | AH101: P7 | AI101: 2 | AJ101: 45926 | AK101: 0 | AL101: 45917 | AM101: 45924 | AN101: 45925 | AO101: 45925 | AP101: 45921 | AQ101: 0 | AR101: 0 | AS101: 0 | AT101: 0 | AU101: 0 | AV101: 0 | AW101: งานพิมพ์ | AX101: / | AY101: 2/9 9/9 16/9 19/9 23/9 26/9 | AZ101: 0 | BA101: 0 | BB101: 0 | BC101: WRWT25800/WRWT25800 | BD101: 0
...

Sheet 11-9-68
B2: เรียงกำหนดส่ง | D2: ลบ 0 | T2: เรียง 1
B3: ข้อมูลUpdate ณ. วันที่ | D3: 45911 | E3: เวลา | G3: 11.23
A4: วันรับออร์เดอร์/แบบ | B4: เลขที่ SO | C4: ชื่อลูกค้า | E4: 10.3 | I4: น้ำหนัก | L4: บิด/จับจีบ | M4: ถุงใน | Q4: 44873 | S4: วิธีบรรจุ | T4: วันส่ง | U4: จำนวนส่ง | V4: ตัดเย็บ (ใบ) | W4: 44873 | X4: พิมพ์ (ใบ) | Y4: 44876 | Z4: ผ้าทอ (เมตร) Updateณ | AB4: 44876 | AD4: ผ้าเคลือบ(เมตร) | AF4: หมายเหตุ | AG4: เครื่อง
B5: เลขที่ SO | C5: ชื่อลูกค้า | D5: ตรา | E5: กว้าง | F5: ยาว | G5: สี | H5: เคลือบ | I5: กรัม/ใบ | J5: * | K5: aw | L5: บิด/จับจีบ | M5: กว้าง | N5: ยาว | O5: หนา | P5: ใช้(กก.) | Q5: Stock(กก.) | R5: ผลิต(กก.) | S5: วิธีบรรจุ | T5: วันส่ง | U5: จำนวนส่ง | V5: StockFG | W5: ค้างตัด | X5: พิมพ์แล้ว | Y5: ค้างพิมพ์ | Z5: ประเภท | AA5: ใช้ | AB5: Stock | AC5: ค้างทอ | AD5: Stock | AE5: ค้างเคลือบ | AF5: หมายเหตุ | AG5: ที่พิมพ์ได้ | AH5: process | AI5: Lead time | AJ5: วันที่ส่งPL | AK5: เคลือบ | AL5: ได้ ART | AM5: พิมพ์ | AN5: จีบ-บิด | AO5: ตัด-เย็บ | AP5: ทอ | AQ5: สวมถุง | AR5: เย็บปาก | AS5: PT | AT5: ม้วน | AU5: ตัด | AV5: ตอกตาไก่ | AW5: GROUP | AX5: ART | AY5: หมายเหตุปัญหา | AZ5: ราคา/ใบ | BA5: ราคารวม | BB5: workweek | BC5: เส้นเทป | BD5: จำนวน
A6: 45896 | B6: MK68-001041 | C6: บจก.ซัน ซีเมนต์ โพรเซส | D6: พระอาทิตย์ | E6: 16 | F6: 25 | G6: ขาว | H6: ใส | I6: 50 | J6: ± | K6: 5 | L6: บิด | M6: 19 | N6: 28 | O6: 40 | P6: 5.7749686 | Q6: 0 | R6: 5.7749686 | S6: 500กระสอบ | T6: 45915 | U6: 5000 | V6: 4560 | W6: 440 | X6: 5800 | Y6: 0 | Z6: WSWT1625800SM | AA6: 0 | AB6: 0 | AC6: 0 | AD6: 0 | AE6: 0 | AF6: 0 | AG6: พร้อมส่ง | AH6: P8 | AI6: 4 | AJ6: 45915 | AK6: 45911 | AL6: 45905 | AM6: 45912 | AN6: 45913 | AO6: 45913 | AP6: 45910 | AQ6: 45914 | AR6: 0 | AS6: 0 | AT6: 0 | AU6: 0 | AV6: 0 | AW6: งานเคลือบ+พิมพ์ | AX6: / | AY6: รอลูกค้า | AZ6: 0 | BA6: 0 | BB6: 0 | BC6: WRWT25800/WRWT25800 | BD6: 0
A7: 0 | B7: 0 | C7: 0 | E7: 16 | F7: 25 | G7: ขาว | H7: 0 | I7: 45 | J7: ± | K7: 5 | L7: 0 | M7: 0 | N7: 0 | O7: 0 | P7: 0 | Q7: 0 | R7: 0 | S7: 0 | U7: 0 | V7: 0 | W7: 0 | X7: 0 | Y7: 0 | Z7: WSWT1625800SM | AA7: 0 | AB7: 0 | AC7: 0 | AD7: 0 | AE7: 0 | AF7: ระบุในSD | AG7: พร้อมส่ง | AH7: 0 | AI7: Lead time | AJ7: 0 | AK7: 0 | AL7: 0 | AM7: 0 | AN7: 0 | AO7: 0 | AP7: 0 | AQ7: 0 | AR7: 0 | AS7: 0 | AT7: 0 | AU7: 0 | AV7: 0 | AW7: 0 | AX7: 0 | AY7: 0 | AZ7: 0 | BA7: 0 | BB7: 0 | BC7: WRWT160800/WRWT25800 | BD7: 0
A8: 45897 | B8: MK68-001045 | C8: บจก.เคอรี่ฟลาวมิลล์ | D8: น้องเอินโดนัท 10กก | E8: 16 | F8: 25 | G8: ขาว | H8: 0 | I8: 45 | J8: ± | K8: 5 | L8: ไม่ | M8: ไม่สวมถุงใน | N8: 0 | O8: 0 | P8: 0 | Q8: 0 | R8: 0 | S8: ห่ออัดเบลแบน500 | T8: 45925 | U8: 5000 | V8: 0 | W8: 5000 | X8: 5400 | Y8: 0 | Z8: WSWT1625800 | AA8: 0 | AB8: 0 | AC8: 0 | AD8: 0 | AE8: 0 | AF8: 0 | AG8: พร้อมส่ง | AH8: P7 | AI8: 2 | AJ8: 45925 | AK8: 0 | AL8: 45916 | AM8: 45923 | AN8: 45924 | AO8: 45924 | AP8: 45920 | AQ8: 0 | AR8: 0 | AS8: 0 | AT8: 0 | AU8: 0 | AV8: 0 | AW8: งานพิมพ์ | AX8: รอART | AY8: 0 | AZ8: 0 | BA8: 0 | BB8: 0 | BC8: WRWT25800/WRWT25800 | BD8: 0
A9: 0 | B9: 0 | C9: 0 | D9: 0 | E9: 16 | F9: 25 | G9: ขาว | H9: 0 | I9: 45 | J9: ± | K9: 5 | L9: 0 | M9: 0 | N9: 0 | O9: 0 | P9: 0 | Q9: 0 | R9: 0 | S9: 0 | U9: 0 | V9: 0 | W9: 0 | X9: 0 | Y9: 0 | Z9: WSWT1625800 | AA9: 0 | AB9: 0 | AC9: 0 | AD9: 0 | AE9: 0 | AF9: ระบุในSD | AG9: ยังไม่ได้พิมพ์ | AH9: 0 | AI9: Lead time | AJ9: 0 | AK9: 0 | AL9: 0 | AM9: 0 | AN9: 0 | AO9: 0 | AP9: 0 | AQ9: 0 | AR9: 0 | AS9: 0 | AT9: 0 | AU9: 0 | AV9: 0 | AW9: 0 | AX9: 0 | AY9: 0 | AZ9: 0 | BA9: 0 | BB9: 0 | BC9: WRWT160800/WRWT25800 | BD9: 0
A10: ประมาณการ | B10: ประมาณการ | C10: บจก.ฟาร์เธอร์ส วิง ซัพพลาย | D10: รถไฟ | E10: 18 | F10: 30 | G10: ขาว | H10: 0 | I10: 54 | J10: ± | K10: 5 | L10: บิด | M10: 19 | N10: 33 | O10: 40 | P10: 232.02999 | Q10: 0 | R10: 232.02999 | S10: 500กระสอบ | T10: รอแจ้ง | U10: 15000 | V10: 0 | W10: 15000 | X10: 0 | Y10: 15750 | Z10: WSWT1825800 | AA10: 13201.65 | AB10: 2599 | AC10: 10602.65 | AD10: 0 | AE10: 0 | AF10: 0 | AG10: รอตัด | AH10: P9 | AI10: 3 | AJ10: รอแจ้ง | AK10: 0 | AL10: #VALUE! | AM10: #VALUE! | AN10: #VALUE! | AO10: #VALUE! | AP10: #VALUE! | AQ10: #VALUE! | AR10: 0 | AS10: 0 | AT10: 0 | AU10: 0 | AV10: 0 | AW10: งานพิมพ์ | AX10: รอART | AY10: 0 | AZ10: 0 | BA10: 0 | BB10: 0 | BC10: WRWT25800/WRWT25800 | BD10: 729.46232
A11: 0 | B11: 0 | E11: 18 | F11: 30 | G11: ขาว | H11: 0 | I11: 54 | J11: ± | K11: 5 | L11: 0 | M11: 0 | N11: 0 | O11: 0 | P11: 0 | Q11: 0 | R11: 0 | S11: 0 | U11: 0 | V11: 0 | W11: 0 | X11: 0 | Y11: 0 | Z11: WSWT1825800 | AA11: 13201.65 | AB11: 2599 | AC11: 10602.65 | AD11: 0 | AE11: 0 | AF11: ระบุในSD | AG11: รอแบบ | AH11: 0 | AI11: Lead time | AJ11: 0 | AK11: 0 | AL11: 0 | AM11: 0 | AN11: 0 | AO11: 0 | AP11: 0 | AQ11: 0 | AR11: 0 | AS11: 0 | AT11: 0 | AU11: 0 | AV11: 0 | AW11: 0 | AX11: 0 | AY11: 0 | AZ11: 0 | BA11: 0 | BB11: 0 | BC11: WRWT25800/WRWT25800 | BD11: 0
A12: 45898 | B12: MK68-001049 | C12: บจก.เพรซิเดนท์ฟลาวมิลล์ | D12: ผึ้งเหลือง | E12: 19 | F12: 30 | G12: ขาว | H12: 0 | I12: 60 | J12: ± | K12: 5 | L12: บิด | M12: ไม่สวมถุงใน | N12: 0 | O12: 0 | P12: 0 | Q12: 0 | R12: 0 | S12: 500กระสอบ | T12: 45917 | U12: 50000 | V12: 2344 | W12: 47656 | X12: 52901 | Y12: 0 | Z12: WSWT1925800 | AA12: 0 | AB12: 0 | AC12: 0 | AD12: 0 | AE12: 0 | AF12: 0 | AG12: ยังไม่ได้พิมพ์ | AH12: P7 | AI12: 2 | AJ12: 45917 | AK12: 0 | AL12: 45908 | AM12: 45915 | AN12: 45916 | AO12: 45916 | AP12: 45912 | AQ12: 0 | AR12: 0 | AS12: 0 | AT12: 0 | AU12: 0 | AV12: 0 | AW12: งานพิมพ์ | AX12: / | AY12: 0 | AZ12: 0 | BA12: 0 | BB12: 0 | BC12: WRWT25800/WRWT25800 | BD12: 0
A13: ประมาณการ | B13: ประมาณการ | C13: บจก.เอ็กเซลเล้นท์ | D13: รอแบบ | E13: 19 | F13: 30 | G13: ขาว | H13: 0 | I13: 60 | J13: ± | K13: 5 | L13: บิด | M13: ไม่สวมถุงใน | N13: 0 | O13: 0 | P13: 0 | Q13: 0 | R13: 0 | S13: 500กระสอบ | T13: 45925 | U13: 40000 | V13: 0 | W13: 40000 | X13: 0 | Y13: 42000 | Z13: WSWT1925800 | AA13: 35204.4 | AB13: 14424 | AC13: 20780.4 | AD13: 0 | AE13: 0 | AF13: 0 | AG13: พร้อมส่ง | AH13: P7 | AI13: 2 | AJ13: 45925 | AK13: 0 | AL13: 45916 | AM13: 45923 | AN13: 45924 | AO13: 45924 | AP13: 45920 | AQ13: 0 | AR13: 0 | AS13: 0 | AT13: 0 | AU13: 0 | AV13: 0 | AW13: งานพิมพ์ | AX13: รอART | AY13: 0 | AZ13: 0 | BA13: 0 | BB13: 0 | BC13: WRWT25800/WRWT25800 | BD13: 1509.1188
A14: ประมาณการ | B14: ประมาณการ | C14: บจก.ไลม์มาสเตอร์ | D14: LMC 25 kg | E14: 19 | F14: 32 | G14: ขาว | H14: 0 | I14: 64 | J14: ± | K14: 5 | L14: ไม่ | M14: 20 | N14: 35 | O14: 40 | P14: 341.36903 | Q14: 0 | R14: 341.36903 | S14: 500กระสอบแบน | T14: 45925 | U14: 20000 | V14: 233 | W14: 19767 | X14: 0 | Y14: 20755.35 | Z14: WSWT1925800 | AA14: 18501.714 | AB14: 0 | AC14: 18501.714 | AD14: 0 | AE14: 0 | AF14: 0 | AG14: ผ้าขาว | AH14: P9 | AI14: 3 | AJ14: 45925 | AK14: 0 | AL14: 45915 | AM14: 45922 | AN14: 45923 | AO14: 45923 | AP14: 45920 | AQ14: 45924 | AR14: 0 | AS14: 0 | AT14: 0 | AU14: 0 | AV14: 0 | AW14: งานพิมพ์ | AX14: รอART | AY14: 0 | AZ14: 0 | BA14: 0 | BB14: 0 | BC14: WRWT25800/WRWT25800 | BD14: 1343.6356
A15: ประมาณการ | B15: ประมาณการ | C15: บจก.เพรซิเดนท์ฟลาวมิลล์ | D15: ผึ้งเหลือง | E15: 19 | F15: 30 | G15: ขาว | H15: 0 | I15: 60 | J15: ± | K15: 5 | L15: บิด | M15: ไม่สวมถุงใน | N15: 0 | O15: 0 | P15: 0 | Q15: 0 | R15: 0 | S15: 500กระสอบ | T15: รอแจ้ง | U15: 140000 | V15: 0 | W15: 140000 | X15: 0 | Y15: 147000 | Z15: WSWT1925800 | AA15: 123215.4 | AB15: 0 | AC15: 123215.4 | AD15: 0 | AE15: 0 | AF15: 0 | AG15: ผ้าขาว | AH15: P7 | AI15: 2 | AJ15: รอแจ้ง | AK15: 0 | AL15: #VALUE! | AM15: #VALUE! | AN15: #VALUE! | AO15: #VALUE! | AP15: #VALUE! | AQ15: 0 | AR15: 0 | AS15: 0 | AT15: 0 | AU15: 0 | AV15: 0 | AW15: งานพิมพ์ | AX15: รอART | AY15: 0 | AZ15: 0 | BA15: 0 | BB15: 0 | BC15: WRWT25800/WRWT25800 | BD15: 8948.1762
A16: 0 | B16: 0 | C16: 0 | D16: 0 | E16: 19 | F16: 30 | G16: ขาว | H16: 0 | I16: 60 | J16: ± | K16: 5 | L16: 0 | M16: 0 | N16: 0 | O16: 0 | P16: 0 | Q16: 0 | R16: 0 | S16: 0 | U16: 0 | V16: 0 | W16: 0 | X16: 0 | Y16: 0 | Z16: WSWT1925800 | AA16: 176921.51 | AB16: 14424 | AC16: 162497.51 | AD16: 0 | AE16: 0 | AF16: ระบุในSD | AG16: พร้อมส่ง | AH16: 0 | AI16: Lead time | AJ16: 0 | AK16: 0 | AL16: 0 | AM16: 0 | AN16: 0 | AO16: 0 | AP16: 0 | AQ16: 0 | AR16: 0 | AS16: 0 | AT16: 0 | AU16: 0 | AV16: 0 | AW16: 0 | AX16: 0 | AY16: 0 | AZ16: 0 | BA16: 0 | BB16: 0 | BC16: WRWT25800/WRWT25800 | BD16: 0
A17: 45904 | B17: MK68-001075 | C17: บจก.เคอรี่ฟลาวมิลล์ | D17: ไม่พิมพ์ | E17: 19 | F17: 32 | G17: ขาว | H17: 0 | I17: 67 | J17: + | K17: 5 | L17: ไม่ | M17: ไม่สวมถุงใน | N17: 0 | O17: 0 | P17: 0 | Q17: 0 | R17: 0 | S17: ห่ออัดเบลแบน501 | T17: 45915 | U17: 20000 | V17: 20000 | W17: 0 | X17: 0 | Y17: 0 | Z17: WSWT1921720 | AA17: 0 | AB17: 0 | AC17: 0 | AD17: 0 | AE17: 0 | AF17: 0 | AG17: พร้อมส่ง | AH17: P3 | AI17: 1 | AJ17: 45915 | AK17: 0 | AL17: 0 | AM17: 0 | AN17: 0 | AO17: 45914 | AP17: 45910 | AQ17: 0 | AR17: 0 | AS17: 0 | AT17: 0 | AU17: 0 | AV17: 0 | AW17: ตัด | AX17: 0 | AY17: 0 | AZ17: 0 | BA17: 0 | BB17: 0 | BC17: WRWT21720/WRWT25800 | BD17: 0
A18: 45904 | B18: MK68-001076 | C18: บจก.เคอรี่ฟลาวมิลล์ | D18: ไม่พิมพ์ | E18: 19 | F18: 32 | G18: ขาว | H18: 0 | I18: 67 | J18: + | K18: 5 | L18: ไม่ | M18: ไม่สวมถุงใน | N18: 0 | O18: 0 | P18: 0 | Q18: 0 | R18: 0 | S18: ห่ออัดเบลแบน501 | T18: 45915 | U18: 20000 | V18: 15000 | W18: 5000 | X18: 0 | Y18: 0 | Z18: WSWT1921720 | AA18: 4679.95 | AB18: 4679.95 | AC18: 0 | AD18: 0 | AE18: 0 | AF18: 0 | AG18: ยังไม่ได้พิมพ์ | AH18: P3 | AI18: 1 | AJ18: 45915 | AK18: 0 | AL18: 0 | AM18: 0 | AN18: 0 | AO18: 45914 | AP18: 45910 | AQ18: 0 | AR18: 0 | AS18: 0 | AT18: 0 | AU18: 0 | AV18: 0 | AW18: ตัด | AX18: 0 | AY18: 0 | AZ18: 0 | BA18: 0 | BB18: 0 | BC18: WRWT21720/WRWT25800 | BD18: 0
A19: 45905 | B19: MK68-001077 | C19: บจก.เคอรี่ฟลาวมิลล์ | D19: ปลาโลมาเทา | E19: 19 | F19: 32 | G19: ขาว | H19: 0 | I19: 67 | J19: + | K19: 5 | L19: บิด | M19: ไม่สวมถุงใน | N19: 0 | O19: 0 | P19: 0 | Q19: 0 | R19: 0 | S19: ห่ออัดเบลแบน500 | T19: 45916 | U19: 5000 | V19: 5000 | W19: 0 | X19: 5400 | Y19: 0 | Z19: WSWT1921720 | AA19: 0 | AB19: 0 | AC19: 0 | AD19: 0 | AE19: 0 | AF19: PDR250295 | AG19: รอตัด | AH19: P7 | AI19: 2 | AJ19: 45916 | AK19: 0 | AL19: 45907 | AM19: 45914 | AN19: 45915 | AO19: 45915 | AP19: 45911 | AQ19: 0 | AR19: 0 | AS19: 0 | AT19: 0 | AU19: 0 | AV19: 0 | AW19: งานพิมพ์ | AX19: / | AY19: 0 | AZ19: 0 | BA19: 0 | BB19: 0 | BC19: WRWT21720/WRWT25800 | BD19: 0
A20: 45905 | B20: MK68-001077 | C20: บจก.เคอรี่ฟลาวมิลล์ | D20: ถุงเงิน | E20: 19 | F20: 32 | G20: ขาว | H20: 0 | I20: 67 | J20: + | K20: 5 | L20: บิด | M20: ไม่สวมถุงใน | N20: 0 | O20: 0 | P20: 0 | Q20: 0 | R20: 0 | S20: ห่ออัดเบลแบน500 | T20: 45916 | U20: 5000 | V20: 4500 | W20: 500 | X20: 5400 | Y20: 0 | Z20: WSWT1921720 | AA20: 0 | AB20: 0 | AC20: 0 | AD20: 0 | AE20: 0 | AF20: PDR250295 | AG20: พร้อมส่ง | AH20: P7 | AI20: 2 | AJ20: 45916 | AK20: 0 | AL20: 45907 | AM20: 45914 | AN20: 45915 | AO20: 45915 | AP20: 45911 | AQ20: 0 | AR20: 0 | AS20: 0 | AT20: 0 | AU20: 0 | AV20: 0 | AW20: งานพิมพ์ | AX20: / | AY20: 0 | AZ20: 0 | BA20: 0 | BB20: 0 | BC20: WRWT21720/WRWT25800 | BD20: 0
A21: ประมาณการ | B21: ประมาณการ | C21: บจก.เคอรี่ฟลาวมิลล์ | D21: ถุงเงิน | E21: 19 | F21: 32 | G21: ขาว | H21: 0 | I21: 67 | J21: + | K21: 5 | L21: บิด | M21: ไม่สวมถุงใน | N21: 0 | O21: 0 | P21: 0 | Q21: 0 | R21: 0 | S21: ห่ออัดเบลแบน500 | T21: รอแจ้ง | U21: 5000 | V21: 0 | W21: 5000 | X21: 0 | Y21: 5250 | Z21: WSWT1921720 | AA21: 4679.95 | AB21: 4679.95 | AC21: 0 | AD21: 0 | AE21: 0 | AF21: 0 | AG21: พร้อมส่ง | AH21: P7 | AI21: 2 | AJ21: รอแจ้ง | AK21: 0 | AL21: #VALUE! | AM21: #VALUE! | AN21: #VALUE! | AO21: #VALUE! | AP21: #VALUE! | AQ21: 0 | AR21: 0 | AS21: 0 | AT21: 0 | AU21: 0 | AV21: 0 | AW21: งานพิมพ์ | AX21: รอART | AY21: 0 | AZ21: 0 | BA21: 0 | BB21: 0 | BC21: WRWT21720/WRWT25800 | BD21: 0
