Workbook

Sheet Linkสูตรออร์เดอร์  (2)
B2: เรียงกำหนดส่ง | D2: ลบ 0 | T2: เรียง 1
B3: ข้อมูลUpdate ณ. วันที่ | D3: 45924 | E3: เวลา | G3: 12
A4: วันรับออร์เดอร์/แบบ | B4: เลขที่ SO | C4: ชื่อลูกค้า | E4: 10.3 | I4: น้ำหนัก | L4: บิด/จับจีบ | M4: ถุงใน | Q4: =[1]หน้าผ้า!$AC$13 -> 44873 | S4: วิธีบรรจุ | T4: วันส่ง | U4: จำนวนส่ง | V4: ตัดเย็บ (ใบ) | W4: =[1]หน้าผ้า!$AJ$13 -> 44873 | X4: พิมพ์ (ใบ) | Y4: =[1]หน้าผ้า!$AM$13 -> 44876 | Z4: ผ้าทอ (เมตร) Updateณ | AB4: =[1]หน้าผ้า!$AR$12 -> 44876 | AD4: ผ้าเคลือบ(เมตร) | AF4: หมายเหตุ | AG4: เครื่อง
B5: เลขที่ SO | C5: ชื่อลูกค้า | D5: ตรา | E5: กว้าง | F5: ยาว | G5: สี | H5: เคลือบ | I5: กรัม/ใบ | J5: * | K5: aw | L5: บิด/จับจีบ | M5: กว้าง | N5: ยาว | O5: หนา | P5: ใช้(กก.) | Q5: Stock(กก.) | R5: ผลิต(กก.) | S5: วิธีบรรจุ | T5: วันส่ง | U5: จำนวนส่ง | V5: StockFG | W5: ค้างตัด | X5: พิมพ์แล้ว | Y5: ค้างพิมพ์ | Z5: ประเภท | AA5: ใช้ | AB5: Stock | AC5: ค้างทอ | AD5: Stock | AE5: ค้างเคลือบ | AF5: หมายเหตุ | AG5: ที่พิมพ์ได้ | AH5: process | AI5: Lead time | AJ5: วันที่ส่งPL | AK5: เคลือบ | AL5: ได้ ART | AM5: พิมพ์ | AN5: จีบ-บิด | AO5: ตัด-เย็บ | AP5: ทอ | AQ5: สวมถุง | AR5: เย็บปาก | AS5: PT | AT5: ม้วน | AU5: ตัด | AV5: ตอกตาไก่ | AW5: GROUP | AX5: ART | AY5: หมายเหตุปัญหา | AZ5: ราคา/ใบ | BA5: ราคารวม | BB5: workweek | BC5: เส้นเทป | BD5: จำนวน
A6: =[2]หน้าผ้า!C15 -> 0 | B6: =[2]หน้าผ้า!B15 -> 0 | C6: =[2]หน้าผ้า!E15 -> 0 | D6: =[2]หน้าผ้า!F15 -> 0 | E6: =[2]หน้าผ้า!G15 -> 12 | F6: =[2]หน้าผ้า!H15 -> 16 | G6: =[2]หน้าผ้า!I15 -> ขาว | H6: =[2]หน้าผ้า!J15 -> 0 | I6: =[2]หน้าผ้า!L15 -> 25 | J6: =[2]หน้าผ้า!M15 -> ± | K6: =[2]หน้าผ้า!N15 -> 5 | L6: =[2]หน้าผ้า!R15 -> 0 | M6: =[2]หน้าผ้า!T15 -> 0 | N6: =[2]หน้าผ้า!U15 -> 0 | O6: =[2]หน้าผ้า!V15 -> 0 | P6: =[2]หน้าผ้า!AB15 -> 0 | Q6: =[2]หน้าผ้า!AC15 -> 0 | R6: =[2]หน้าผ้า!AD15 -> 0 | S6: =[2]หน้าผ้า!Z15 -> 0 | T6: =[2]หน้าผ้า!X15 -> 0 | U6: =[2]หน้าผ้า!AA15 -> 0 | V6: =[2]หน้าผ้า!AJ15 -> 0 | W6: =[2]หน้าผ้า!AL15 -> 0 | X6: =[2]หน้าผ้า!AM15 -> 0 | Y6: =[2]หน้าผ้า!AN15 -> 0 | Z6: =[2]หน้าผ้า!AO15 -> WSWT1221750 | AA6: =[2]หน้าผ้า!AQ15 -> #REF! | AB6: =[2]หน้าผ้า!AR15 -> #REF! | AC6: =[2]หน้าผ้า!AS15 -> #REF! | AD6: =[2]หน้าผ้า!AT15 -> #REF! | AE6: =[2]หน้าผ้า!AU15 -> #REF! | AF6: =[2]หน้าผ้า!AI15 -> ระบุในSD | AG6: =[3]หน้าผ้า!DC18 -> < Ord 20,000 | AH6: =[2]หน้าผ้า!DL15 -> 0 | AI6: =[2]หน้าผ้า!DM15 -> 0 | AJ6: =[2]หน้าผ้า!DN15 -> 0 | AK6: =[2]หน้าผ้า!DQ15 -> 0 | AL6: =[2]หน้าผ้า!DR15 -> 0 | AM6: =[2]หน้าผ้า!DS15 -> 0 | AN6: =[2]หน้าผ้า!DT15 -> 0 | AO6: =[2]หน้าผ้า!DU15 -> 0 | AP6: =[2]หน้าผ้า!DP15 -> 0 | AQ6: =[2]หน้าผ้า!DW15 -> 0 | AR6: =[2]หน้าผ้า!DX15 -> 0 | AS6: =[2]หน้าผ้า!DY15 -> 0 | AT6: =[2]หน้าผ้า!DZ15 -> 0 | AU6: =[2]หน้าผ้า!EA15 -> 0 | AV6: =[2]หน้าผ้า!EB15 -> 0 | AW6: =[2]หน้าผ้า!EC15 -> 0 | AX6: =[2]หน้าผ้า!ED15 -> 0 | AY6: =[2]หน้าผ้า!AG15 -> 0 | AZ6: =[2]หน้าผ้า!EG15 -> 0 | BA6: =[2]หน้าผ้า!EH15 -> 0 | BB6: =[2]หน้าผ้า!EI15 -> 0 | BC6: =[2]หน้าผ้า!BZ15 -> WRWT120750/WRWT21750 | BD6: =[2]หน้าผ้า!CA15 -> 0
A7: =[2]หน้าผ้า!C16 -> 0 | B7: =[2]หน้าผ้า!B16 -> 0 | C7: =[2]หน้าผ้า!E16 -> 0 | D7: =[2]หน้าผ้า!F16 -> 0 | E7: =[2]หน้าผ้า!G16 -> 14 | F7: =[2]หน้าผ้า!H16 -> 22 | G7: =[2]หน้าผ้า!I16 -> ขาว | H7: =[2]หน้าผ้า!J16 -> 0 | I7: =[2]หน้าผ้า!L16 -> 36 | J7: =[2]หน้าผ้า!M16 -> ± | K7: =[2]หน้าผ้า!N16 -> 5 | L7: =[2]หน้าผ้า!R16 -> 0 | M7: =[2]หน้าผ้า!T16 -> 0 | N7: =[2]หน้าผ้า!U16 -> 0 | O7: =[2]หน้าผ้า!V16 -> 0 | P7: =[2]หน้าผ้า!AB16 -> 0 | Q7: =[2]หน้าผ้า!AC16 -> 0 | R7: =[2]หน้าผ้า!AD16 -> 0 | S7: =[2]หน้าผ้า!Z16 -> 0 | T7: =[2]หน้าผ้า!X16 -> 0 | U7: =[2]หน้าผ้า!AA16 -> 0 | V7: =[2]หน้าผ้า!AJ16 -> 0 | W7: =[2]หน้าผ้า!AL16 -> 0 | X7: =[2]หน้าผ้า!AM16 -> 0 | Y7: =[2]หน้าผ้า!AN16 -> 0 | Z7: =[2]หน้าผ้า!AO16 -> WSWT1425800 | AA7: =[2]หน้าผ้า!AQ16 -> #REF! | AB7: =[2]หน้าผ้า!AR16 -> #REF! | AC7: =[2]หน้าผ้า!AS16 -> #REF! | AD7: =[2]หน้าผ้า!AT16 -> #REF! | AE7: =[2]หน้าผ้า!AU16 -> #REF! | AF7: =[2]หน้าผ้า!AI16 -> ระบุในSD | AG7: =[3]หน้าผ้า!DC19 -> พร้อมส่ง | AH7: =[2]หน้าผ้า!DL16 -> 0 | AI7: =[2]หน้าผ้า!DM16 -> Lead time | AJ7: =[2]หน้าผ้า!DN16 -> 0 | AK7: =[2]หน้าผ้า!DQ16 -> 0 | AL7: =[2]หน้าผ้า!DR16 -> 0 | AM7: =[2]หน้าผ้า!DS16 -> 0 | AN7: =[2]หน้าผ้า!DT16 -> 0 | AO7: =[2]หน้าผ้า!DU16 -> 0 | AP7: =[2]หน้าผ้า!DP16 -> 0 | AQ7: =[2]หน้าผ้า!DW16 -> 0 | AR7: =[2]หน้าผ้า!DX16 -> 0 | AS7: =[2]หน้าผ้า!DY16 -> 0 | AT7: =[2]หน้าผ้า!DZ16 -> 0 | AU7: =[2]หน้าผ้า!EA16 -> 0 | AV7: =[2]หน้าผ้า!EB16 -> 0 | AW7: =[2]หน้าผ้า!EC16 -> 0 | AX7: =[2]หน้าผ้า!ED16 -> 0 | AY7: =[2]หน้าผ้า!AG16 -> 0 | AZ7: =[2]หน้าผ้า!EG16 -> 0 | BA7: =[2]หน้าผ้า!EH16 -> 0 | BB7: =[2]หน้าผ้า!EI16 -> 0 | BC7: =[2]หน้าผ้า!BZ16 -> WRWT140800/WRWT25800 | BD7: =[2]หน้าผ้า!CA16 -> 0
A8: =[2]หน้าผ้า!C17 -> 0 | B8: =[2]หน้าผ้า!B17 -> 0 | C8: =[2]หน้าผ้า!E17 -> 0 | D8: =[2]หน้าผ้า!F17 | E8: =[2]หน้าผ้า!G17 -> 16 | F8: =[2]หน้าผ้า!H17 -> 25 | G8: =[2]หน้าผ้า!I17 -> ขาว | H8: =[2]หน้าผ้า!J17 -> 0 | I8: =[2]หน้าผ้า!L17 -> 45 | J8: =[2]หน้าผ้า!M17 -> ± | K8: =[2]หน้าผ้า!N17 -> 5 | L8: =[2]หน้าผ้า!R17 -> 0 | M8: =[2]หน้าผ้า!T17 -> 0 | N8: =[2]หน้าผ้า!U17 -> 0 | O8: =[2]หน้าผ้า!V17 -> 0 | P8: =[2]หน้าผ้า!AB17 -> 0 | Q8: =[2]หน้าผ้า!AC17 -> 0 | R8: =[2]หน้าผ้า!AD17 -> 0 | S8: =[2]หน้าผ้า!Z17 -> 0 | T8: =[2]หน้าผ้า!X17 -> 0 | U8: =[2]หน้าผ้า!AA17 -> 0 | V8: =[2]หน้าผ้า!AJ17 -> 0 | W8: =[2]หน้าผ้า!AL17 -> 0 | X8: =[2]หน้าผ้า!AM17 -> 0 | Y8: =[2]หน้าผ้า!AN17 -> 0 | Z8: =[2]หน้าผ้า!AO17 -> WSWT1625800SM | AA8: =[2]หน้าผ้า!AQ17 -> #REF! | AB8: =[2]หน้าผ้า!AR17 -> #REF! | AC8: =[2]หน้าผ้า!AS17 -> #REF! | AD8: =[2]หน้าผ้า!AT17 -> #REF! | AE8: =[2]หน้าผ้า!AU17 -> #REF! | AF8: =[2]หน้าผ้า!AI17 -> ระบุในSD | AG8: =[3]หน้าผ้า!DC20 -> พร้อมส่ง | AH8: =[2]หน้าผ้า!DL17 -> 0 | AI8: =[2]หน้าผ้า!DM17 -> Lead time | AJ8: =[2]หน้าผ้า!DN17 -> 0 | AK8: =[2]หน้าผ้า!DQ17 -> 0 | AL8: =[2]หน้าผ้า!DR17 -> 0 | AM8: =[2]หน้าผ้า!DS17 -> 0 | AN8: =[2]หน้าผ้า!DT17 -> 0 | AO8: =[2]หน้าผ้า!DU17 -> 0 | AP8: =[2]หน้าผ้า!DP17 -> 0 | AQ8: =[2]หน้าผ้า!DW17 -> 0 | AR8: =[2]หน้าผ้า!DX17 -> 0 | AS8: =[2]หน้าผ้า!DY17 -> 0 | AT8: =[2]หน้าผ้า!DZ17 -> 0 | AU8: =[2]หน้าผ้า!EA17 -> 0 | AV8: =[2]หน้าผ้า!EB17 -> 0 | AW8: =[2]หน้าผ้า!EC17 -> 0 | AX8: =[2]หน้าผ้า!ED17 -> 0 | AY8: =[2]หน้าผ้า!AG17 -> 0 | AZ8: =[2]หน้าผ้า!EG17 -> 0 | BA8: =[2]หน้าผ้า!EH17 -> 0 | BB8: =[2]หน้าผ้า!EI17 -> 0 | BC8: =[2]หน้าผ้า!BZ17 -> WRWT160800/WRWT25800 | BD8: =[2]หน้าผ้า!CA17 -> 0
A9: =[2]หน้าผ้า!C18 -> 45897 | B9: =[2]หน้าผ้า!B18 -> MK68-001045 | C9: =[2]หน้าผ้า!E18 -> บจก.เคอรี่ฟลาวมิลล์ | D9: =[2]หน้าผ้า!F18 -> น้องเอินโดนัท 10กก | E9: =[2]หน้าผ้า!G18 -> 16 | F9: =[2]หน้าผ้า!H18 -> 25 | G9: =[2]หน้าผ้า!I18 -> ขาว | H9: =[2]หน้าผ้า!J18 -> 0 | I9: =[2]หน้าผ้า!L18 -> 45 | J9: =[2]หน้าผ้า!M18 -> ± | K9: =[2]หน้าผ้า!N18 -> 5 | L9: =[2]หน้าผ้า!R18 -> ไม่ | M9: =[2]หน้าผ้า!T18 -> ไม่สวมถุงใน | N9: =[2]หน้าผ้า!U18 -> 0 | O9: =[2]หน้าผ้า!V18 -> 0 | P9: =[2]หน้าผ้า!AB18 -> 0 | Q9: =[2]หน้าผ้า!AC18 -> 0 | R9: =[2]หน้าผ้า!AD18 -> 0 | S9: =[2]หน้าผ้า!Z18 -> ห่ออัดเบลแบน500 | T9: =[2]หน้าผ้า!X18 -> 45925 | U9: =[2]หน้าผ้า!AA18 -> 5000 | V9: =[2]หน้าผ้า!AJ18 -> 5000 | W9: =[2]หน้าผ้า!AL18 -> 0 | X9: =[2]หน้าผ้า!AM18 -> 5400 | Y9: =[2]หน้าผ้า!AN18 -> 0 | Z9: =[2]หน้าผ้า!AO18 -> WSWT1625800 | AA9: =[2]หน้าผ้า!AQ18 -> 0 | AB9: =[2]หน้าผ้า!AR18 -> 0 | AC9: =[2]หน้าผ้า!AS18 -> 0 | AD9: =[2]หน้าผ้า!AT18 -> 0 | AE9: =[2]หน้าผ้า!AU18 -> 0 | AF9: =[2]หน้าผ้า!AI18 -> 0 | AG9: =[3]หน้าผ้า!DC21 -> พร้อมส่ง | AH9: =[2]หน้าผ้า!DL18 -> P7 | AI9: =[2]หน้าผ้า!DM18 -> 2 | AJ9: =[2]หน้าผ้า!DN18 -> 45925 | AK9: =[2]หน้าผ้า!DQ18 -> 0 | AL9: =[2]หน้าผ้า!DR18 -> 45916 | AM9: =[2]หน้าผ้า!DS18 -> 45923 | AN9: =[2]หน้าผ้า!DT18 -> 45924 | AO9: =[2]หน้าผ้า!DU18 -> 45924 | AP9: =[2]หน้าผ้า!DP18 -> 45920 | AQ9: =[2]หน้าผ้า!DW18 -> 0 | AR9: =[2]หน้าผ้า!DX18 -> 0 | AS9: =[2]หน้าผ้า!DY18 -> 0 | AT9: =[2]หน้าผ้า!DZ18 -> 0 | AU9: =[2]หน้าผ้า!EA18 -> 0 | AV9: =[2]หน้าผ้า!EB18 -> 0 | AW9: =[2]หน้าผ้า!EC18 -> งานพิมพ์ | AX9: =[2]หน้าผ้า!ED18 -> / | AY9: =[2]หน้าผ้า!AG18 -> สีลอกทั้งหมด | AZ9: =[2]หน้าผ้า!EG18 -> 0 | BA9: =[2]หน้าผ้า!EH18 -> 0 | BB9: =[2]หน้าผ้า!EI18 -> 0 | BC9: =[2]หน้าผ้า!BZ18 -> WRWT25800/WRWT25800 | BD9: =[2]หน้าผ้า!CA18 -> 0
A10: =[2]หน้าผ้า!C19 -> 0 | B10: =[2]หน้าผ้า!B19 -> 0 | C10: =[2]หน้าผ้า!E19 -> 0 | D10: =[2]หน้าผ้า!F19 -> 0 | E10: =[2]หน้าผ้า!G19 -> 16 | F10: =[2]หน้าผ้า!H19 -> 25 | G10: =[2]หน้าผ้า!I19 -> ขาว | H10: =[2]หน้าผ้า!J19 -> 0 | I10: =[2]หน้าผ้า!L19 -> 45 | J10: =[2]หน้าผ้า!M19 -> ± | K10: =[2]หน้าผ้า!N19 -> 5 | L10: =[2]หน้าผ้า!R19 -> 0 | M10: =[2]หน้าผ้า!T19 -> 0 | N10: =[2]หน้าผ้า!U19 -> 0 | O10: =[2]หน้าผ้า!V19 -> 0 | P10: =[2]หน้าผ้า!AB19 -> 0 | Q10: =[2]หน้าผ้า!AC19 -> 0 | R10: =[2]หน้าผ้า!AD19 -> 0 | S10: =[2]หน้าผ้า!Z19 -> 0 | T10: =[2]หน้าผ้า!X19 -> 0 | U10: =[2]หน้าผ้า!AA19 -> 0 | V10: =[2]หน้าผ้า!AJ19 -> 0 | W10: =[2]หน้าผ้า!AL19 -> 0 | X10: =[2]หน้าผ้า!AM19 -> 0 | Y10: =[2]หน้าผ้า!AN19 -> 0 | Z10: =[2]หน้าผ้า!AO19 -> WSWT1625800 | AA10: =[2]หน้าผ้า!AQ19 -> 0 | AB10: =[2]หน้าผ้า!AR19 -> 0 | AC10: =[2]หน้าผ้า!AS19 -> 0 | AD10: =[2]หน้าผ้า!AT19 -> 0 | AE10: =[2]หน้าผ้า!AU19 -> 0 | AF10: =[2]หน้าผ้า!AI19 -> ระบุในSD | AG10: =[3]หน้าผ้า!DC22 -> ยังไม่ได้พิมพ์ | AH10: =[2]หน้าผ้า!DL19 -> 0 | AI10: =[2]หน้าผ้า!DM19 -> Lead time | AJ10: =[2]หน้าผ้า!DN19 -> 0 | AK10: =[2]หน้าผ้า!DQ19 -> 0 | AL10: =[2]หน้าผ้า!DR19 -> 0 | AM10: =[2]หน้าผ้า!DS19 -> 0 | AN10: =[2]หน้าผ้า!DT19 -> 0 | AO10: =[2]หน้าผ้า!DU19 -> 0 | AP10: =[2]หน้าผ้า!DP19 -> 0 | AQ10: =[2]หน้าผ้า!DW19 -> 0 | AR10: =[2]หน้าผ้า!DX19 -> 0 | AS10: =[2]หน้าผ้า!DY19 -> 0 | AT10: =[2]หน้าผ้า!DZ19 -> 0 | AU10: =[2]หน้าผ้า!EA19 -> 0 | AV10: =[2]หน้าผ้า!EB19 -> 0 | AW10: =[2]หน้าผ้า!EC19 -> 0 | AX10: =[2]หน้าผ้า!ED19 -> 0 | AY10: =[2]หน้าผ้า!AG19 -> 0 | AZ10: =[2]หน้าผ้า!EG19 -> 0 | BA10: =[2]หน้าผ้า!EH19 -> 0 | BB10: =[2]หน้าผ้า!EI19 -> 0 | BC10: =[2]หน้าผ้า!BZ19 -> WRWT160800/WRWT25800 | BD10: =[2]หน้าผ้า!CA19 -> 0
A11: =[2]หน้าผ้า!C20 -> 0 | B11: =[2]หน้าผ้า!B20 -> 0 | C11: =[2]หน้าผ้า!E20 -> 0 | D11: =[2]หน้าผ้า!F20 -> 0 | E11: =[2]หน้าผ้า!G20 -> 16 | F11: =[2]หน้าผ้า!H20 -> 25 | G11: =[2]หน้าผ้า!I20 -> 0 | H11: =[2]หน้าผ้า!J20 -> 0 | I11: =[2]หน้าผ้า!L20 -> 47 | J11: =[2]หน้าผ้า!M20 -> ± | K11: =[2]หน้าผ้า!N20 -> 5 | L11: =[2]หน้าผ้า!R20 -> 0 | M11: =[2]หน้าผ้า!T20 -> 0 | N11: =[2]หน้าผ้า!U20 -> 0 | O11: =[2]หน้าผ้า!V20 -> 0 | P11: =[2]หน้าผ้า!AB20 -> 0 | Q11: =[2]หน้าผ้า!AC20 -> 0 | R11: =[2]หน้าผ้า!AD20 -> 0 | S11: =[2]หน้าผ้า!Z20 -> 0 | T11: =[2]หน้าผ้า!X20 -> 0 | U11: =[2]หน้าผ้า!AA20 -> 0 | V11: =[2]หน้าผ้า!AJ20 -> 0 | W11: =[2]หน้าผ้า!AL20 -> 0 | X11: =[2]หน้าผ้า!AM20 -> 0 | Y11: =[2]หน้าผ้า!AN20 -> 0 | Z11: =[2]หน้าผ้า!AO20 -> WSWT1621720SMFX | AA11: =[2]หน้าผ้า!AQ20 -> #REF! | AB11: =[2]หน้าผ้า!AR20 -> #REF! | AC11: =[2]หน้าผ้า!AS20 -> #REF! | AD11: =[2]หน้าผ้า!AT20 -> #REF! | AE11: =[2]หน้าผ้า!AU20 -> #REF! | AF11: =[2]หน้าผ้า!AI20 -> ระบุในSD | AG11: =[3]หน้าผ้า!DC23 -> ยังไม่ได้พิมพ์ | AH11: =[2]หน้าผ้า!DL20 -> 0 | AI11: =[2]หน้าผ้า!DM20 -> 0 | AJ11: =[2]หน้าผ้า!DN20 -> 0 | AK11: =[2]หน้าผ้า!DQ20 -> 0 | AL11: =[2]หน้าผ้า!DR20 -> 0 | AM11: =[2]หน้าผ้า!DS20 -> 0 | AN11: =[2]หน้าผ้า!DT20 -> 0 | AO11: =[2]หน้าผ้า!DU20 -> 0 | AP11: =[2]หน้าผ้า!DP20 -> 0 | AQ11: =[2]หน้าผ้า!DW20 -> 0 | AR11: =[2]หน้าผ้า!DX20 -> 0 | AS11: =[2]หน้าผ้า!DY20 -> 0 | AT11: =[2]หน้าผ้า!DZ20 -> 0 | AU11: =[2]หน้าผ้า!EA20 -> 0 | AV11: =[2]หน้าผ้า!EB20 -> 0 | AW11: =[2]หน้าผ้า!EC20 -> 0 | AX11: =[2]หน้าผ้า!ED20 -> 0 | AY11: =[2]หน้าผ้า!AG20 -> 0 | AZ11: =[2]หน้าผ้า!EG20 -> 0 | BA11: =[2]หน้าผ้า!EH20 -> 0 | BB11: =[2]หน้าผ้า!EI20 -> 0 | BC11: =[2]หน้าผ้า!BZ20 -> WRWT160720/WRWT21720 | BD11: =[2]หน้าผ้า!CA20 -> 0
A12: =[2]หน้าผ้า!C21 -> 0 | B12: =[2]หน้าผ้า!B21 -> 0 | C12: =[2]หน้าผ้า!E21 -> 0 | D12: =[2]หน้าผ้า!F21 -> 0 | E12: =[2]หน้าผ้า!G21 -> 17 | F12: =[2]หน้าผ้า!H21 -> 26 | G12: =[2]หน้าผ้า!I21 -> 0 | H12: =[2]หน้าผ้า!J21 -> 0 | I12: =[2]หน้าผ้า!L21 -> 48 | J12: =[2]หน้าผ้า!M21 -> ± | K12: =[2]หน้าผ้า!N21 -> 5 | L12: =[2]หน้าผ้า!R21 -> 0 | M12: =[2]หน้าผ้า!T21 -> 0 | N12: =[2]หน้าผ้า!U21 -> 0 | O12: =[2]หน้าผ้า!V21 -> 0 | P12: =[2]หน้าผ้า!AB21 -> 0 | Q12: =[2]หน้าผ้า!AC21 -> 0 | R12: =[2]หน้าผ้า!AD21 -> 0 | S12: =[2]หน้าผ้า!Z21 -> 0 | T12: =[2]หน้าผ้า!X21 -> 0 | U12: =[2]หน้าผ้า!AA21 -> 0 | V12: =[2]หน้าผ้า!AJ21 -> 0 | W12: =[2]หน้าผ้า!AL21 -> 0 | X12: =[2]หน้าผ้า!AM21 -> 0 | Y12: =[2]หน้าผ้า!AN21 -> 0 | Z12: =[2]หน้าผ้า!AO21 -> WSWT1725800 | AA12: =[2]หน้าผ้า!AQ21 -> #REF! | AB12: =[2]หน้าผ้า!AR21 -> #REF! | AC12: =[2]หน้าผ้า!AS21 -> #REF! | AD12: =[2]หน้าผ้า!AT21 -> #REF! | AE12: =[2]หน้าผ้า!AU21 -> #REF! | AF12: =[2]หน้าผ้า!AI21 -> ระบุในSD | AG12: =[3]หน้าผ้า!DC24 -> ยังไม่ได้พิมพ์ | AH12: =[2]หน้าผ้า!DL21 -> 0 | AI12: =[2]หน้าผ้า!DM21 -> 0 | AJ12: =[2]หน้าผ้า!DN21 -> 0 | AK12: =[2]หน้าผ้า!DQ21 -> 0 | AL12: =[2]หน้าผ้า!DR21 -> 0 | AM12: =[2]หน้าผ้า!DS21 -> 0 | AN12: =[2]หน้าผ้า!DT21 -> 0 | AO12: =[2]หน้าผ้า!DU21 -> 0 | AP12: =[2]หน้าผ้า!DP21 -> 0 | AQ12: =[2]หน้าผ้า!DW21 -> 0 | AR12: =[2]หน้าผ้า!DX21 -> 0 | AS12: =[2]หน้าผ้า!DY21 -> 0 | AT12: =[2]หน้าผ้า!DZ21 -> 0 | AU12: =[2]หน้าผ้า!EA21 -> 0 | AV12: =[2]หน้าผ้า!EB21 -> 0 | AW12: =[2]หน้าผ้า!EC21 -> 0 | AX12: =[2]หน้าผ้า!ED21 -> 0 | AY12: =[2]หน้าผ้า!AG21 -> 0 | AZ12: =[2]หน้าผ้า!EG21 -> 0 | BA12: =[2]หน้าผ้า!EH21 -> 0 | BB12: =[2]หน้าผ้า!EI21 -> 0 | BC12: =[2]หน้าผ้า!BZ21 -> WRWT170800/WRWT25800 | BD12: =[2]หน้าผ้า!CA21 -> 0
A13: =[2]หน้าผ้า!C22 -> 45923 | B13: =[2]หน้าผ้า!B22 -> MK68-001164 | C13: =[2]หน้าผ้า!E22 -> ร้านเห็ดไพลิน | D13: =[2]หน้าผ้า!F22 -> เพชร | E13: =[2]หน้าผ้า!G22 -> 18 | F13: =[2]หน้าผ้า!H22 -> 28 | G13: =[2]หน้าผ้า!I22 -> ขาว | H13: =[2]หน้าผ้า!J22 -> 0 | I13: =[2]หน้าผ้า!L22 -> 50 | J13: =[2]หน้าผ้า!M22 -> ± | K13: =[2]หน้าผ้า!N22 -> 5 | L13: =[2]หน้าผ้า!R22 -> ไม่ | M13: =[2]หน้าผ้า!T22 -> 19 | N13: =[2]หน้าผ้า!U22 -> 29 | O13: =[2]หน้าผ้า!V22 -> 40 | P13: =[2]หน้าผ้า!AB22 -> 67.96838 | Q13: =[2]หน้าผ้า!AC22 -> 0 | R13: =[2]หน้าผ้า!AD22 -> 67.96838 | S13: =[2]หน้าผ้า!Z22 -> 500กระสอบ | T13: =[2]หน้าผ้า!X22 -> 45930 | U13: =[2]หน้าผ้า!AA22 -> 5000 | V13: =[2]หน้าผ้า!AJ22 -> 0 | W13: =[2]หน้าผ้า!AL22 -> 5000 | X13: =[2]หน้าผ้า!AM22 -> 0 | Y13: =[2]หน้าผ้า!AN22 -> 5250 | Z13: =[2]หน้าผ้า!AO22 -> WSWT1825800 | AA13: =[2]หน้าผ้า!AQ22 -> 4121.15 | AB13: =[2]หน้าผ้า!AR22 -> 2500 | AC13: =[2]หน้าผ้า!AS22 -> 1621.15 | AD13: =[2]หน้าผ้า!AT22 -> 0 | AE13: =[2]หน้าผ้า!AU22 -> 0 | AF13: =[2]หน้าผ้า!AI22 -> 0 | AG13: =[3]หน้าผ้า!DC25 -> ยังไม่ได้พิมพ์ | AH13: =[2]หน้าผ้า!DL22 -> P9 | AI13: =[2]หน้าผ้า!DM22 -> 3 | AJ13: =[2]หน้าผ้า!DN22 -> 45930 | AK13: =[2]หน้าผ้า!DQ22 -> 0 | AL13: =[2]หน้าผ้า!DR22 -> 45920 | AM13: =[2]หน้าผ้า!DS22 -> 45927 | AN13: =[2]หน้าผ้า!DT22 -> 45928 | AO13: =[2]หน้าผ้า!DU22 -> 45928 | AP13: =[2]หน้าผ้า!DP22 -> 45925 | AQ13: =[2]หน้าผ้า!DW22 -> 45929 | AR13: =[2]หน้าผ้า!DX22 -> 0 | AS13: =[2]หน้าผ้า!DY22 -> 0 | AT13: =[2]หน้าผ้า!DZ22 -> 0 | AU13: =[2]หน้าผ้า!EA22 -> 0 | AV13: =[2]หน้าผ้า!EB22 -> 0 | AW13: =[2]หน้าผ้า!EC22 -> งานพิมพ์ | AX13: =[2]หน้าผ้า!ED22 -> / | AY13: =[2]หน้าผ้า!AG22 -> 0 | AZ13: =[2]หน้าผ้า!EG22 -> 0 | BA13: =[2]หน้าผ้า!EH22 -> 0 | BB13: =[2]หน้าผ้า!EI22 -> 0 | BC13: =[2]หน้าผ้า!BZ22 -> WRWT25800/WRWT25800 | BD13: =[2]หน้าผ้า!CA22 -> 111.53512
A14: =[2]หน้าผ้า!C23 -> 45923 | B14: =[2]หน้าผ้า!B23 -> MK68-001161 | C14: =[2]หน้าผ้า!E23 -> หจก.อนนท์อุตสาหกรรม | D14: =[2]หน้าผ้า!F23 -> อนนท์ 20 กก. | E14: =[2]หน้าผ้า!G23 -> 18 | F14: =[2]หน้าผ้า!H23 -> 28 | G14: =[2]หน้าผ้า!I23 -> ขาว | H14: =[2]หน้าผ้า!J23 -> 0 | I14: =[2]หน้าผ้า!L23 -> 50 | J14: =[2]หน้าผ้า!M23 -> ± | K14: =[2]หน้าผ้า!N23 -> 5 | L14: =[2]หน้าผ้า!R23 -> ไม่ | M14: =[2]หน้าผ้า!T23 -> 19 | N14: =[2]หน้าผ้า!U23 -> 31 | O14: =[2]หน้าผ้า!V23 -> 40 | P14: =[2]หน้าผ้า!AB23 -> 72.655855 | Q14: =[2]หน้าผ้า!AC23 -> 0 | R14: =[2]หน้าผ้า!AD23 -> 72.655855 | S14: =[2]หน้าผ้า!Z23 -> 500กระสอบแบน | T14: =[2]หน้าผ้า!X23 -> 45950 | U14: =[2]หน้าผ้า!AA23 -> 5000 | V14: =[2]หน้าผ้า!AJ23 -> 0 | W14: =[2]หน้าผ้า!AL23 -> 5000 | X14: =[2]หน้าผ้า!AM23 -> 0 | Y14: =[2]หน้าผ้า!AN23 -> 5250 | Z14: =[2]หน้าผ้า!AO23 -> WSWT1825800 | AA14: =[2]หน้าผ้า!AQ23 -> 4121.15 | AB14: =[2]หน้าผ้า!AR23 -> 0 | AC14: =[2]หน้าผ้า!AS23 -> 4121.15 | AD14: =[2]หน้าผ้า!AT23 -> 0 | AE14: =[2]หน้าผ้า!AU23 -> 0 | AF14: =[2]หน้าผ้า!AI23 -> 0 | AG14: =[3]หน้าผ้า!DC26 -> ยังไม่ได้พิมพ์ | AH14: =[2]หน้าผ้า!DL23 -> P9 | AI14: =[2]หน้าผ้า!DM23 -> 3 | AJ14: =[2]หน้าผ้า!DN23 -> 45950 | AK14: =[2]หน้าผ้า!DQ23 -> 0 | AL14: =[2]หน้าผ้า!DR23 -> 45940 | AM14: =[2]หน้าผ้า!DS23 -> 45947 | AN14: =[2]หน้าผ้า!DT23 -> 45948 | AO14: =[2]หน้าผ้า!DU23 -> 45948 | AP14: =[2]หน้าผ้า!DP23 -> 45945 | AQ14: =[2]หน้าผ้า!DW23 -> 45949 | AR14: =[2]หน้าผ้า!DX23 -> 0 | AS14: =[2]หน้าผ้า!DY23 -> 0 | AT14: =[2]หน้าผ้า!DZ23 -> 0 | AU14: =[2]หน้าผ้า!EA23 -> 0 | AV14: =[2]หน้าผ้า!EB23 -> 0 | AW14: =[2]หน้าผ้า!EC23 -> งานพิมพ์ | AX14: =[2]หน้าผ้า!ED23 -> / | AY14: =[2]หน้าผ้า!AG23 -> 0 | AZ14: =[2]หน้าผ้า!EG23 -> 0 | BA14: =[2]หน้าผ้า!EH23 -> 0 | BB14: =[2]หน้าผ้า!EI23 -> 0 | BC14: =[2]หน้าผ้า!BZ23 -> WRWT25800/WRWT25800 | BD14: =[2]หน้าผ้า!CA23 -> 283.53512
A15: =[2]หน้าผ้า!C24 -> 45923 | B15: =[2]หน้าผ้า!B24 -> MK68-001162 | C15: =[2]หน้าผ้า!E24 -> หจก.อนนท์อุตสาหกรรม | D15: =[2]หน้าผ้า!F24 -> ดาว 20 กก. | E15: =[2]หน้าผ้า!G24 -> 18 | F15: =[2]หน้าผ้า!H24 -> 28 | G15: =[2]หน้าผ้า!I24 -> ขาว | H15: =[2]หน้าผ้า!J24 -> 0 | I15: =[2]หน้าผ้า!L24 -> 50 | J15: =[2]หน้าผ้า!M24 -> ± | K15: =[2]หน้าผ้า!N24 -> 5 | L15: =[2]หน้าผ้า!R24 -> ไม่ | M15: =[2]หน้าผ้า!T24 -> 19 | N15: =[2]หน้าผ้า!U24 -> 31 | O15: =[2]หน้าผ้า!V24 -> 40 | P15: =[2]หน้าผ้า!AB24 -> 363.27927 | Q15: =[2]หน้าผ้า!AC24 -> 0 | R15: =[2]หน้าผ้า!AD24 -> 363.27927 | S15: =[2]หน้าผ้า!Z24 -> 500กระสอบแบน | T15: =[2]หน้าผ้า!X24 -> 45950 | U15: =[2]หน้าผ้า!AA24 -> 25000 | V15: =[2]หน้าผ้า!AJ24 -> 0 | W15: =[2]หน้าผ้า!AL24 -> 25000 | X15: =[2]หน้าผ้า!AM24 -> 0 | Y15: =[2]หน้าผ้า!AN24 -> 26250 | Z15: =[2]หน้าผ้า!AO24 -> WSWT1825800 | AA15: =[2]หน้าผ้า!AQ24 -> 20605.75 | AB15: =[2]หน้าผ้า!AR24 -> 0 | AC15: =[2]หน้าผ้า!AS24 -> 20605.75 | AD15: =[2]หน้าผ้า!AT24 -> 0 | AE15: =[2]หน้าผ้า!AU24 -> 0 | AF15: =[2]หน้าผ้า!AI24 -> 0 | AG15: =[3]หน้าผ้า!DC27 -> ยังไม่ได้พิมพ์ | AH15: =[2]หน้าผ้า!DL24 -> P9 | AI15: =[2]หน้าผ้า!DM24 -> 3 | AJ15: =[2]หน้าผ้า!DN24 -> 45950 | AK15: =[2]หน้าผ้า!DQ24 -> 0 | AL15: =[2]หน้าผ้า!DR24 -> 45940 | AM15: =[2]หน้าผ้า!DS24 -> 45947 | AN15: =[2]หน้าผ้า!DT24 -> 45948 | AO15: =[2]หน้าผ้า!DU24 -> 45948 | AP15: =[2]หน้าผ้า!DP24 -> 45945 | AQ15: =[2]หน้าผ้า!DW24 -> 45949 | AR15: =[2]หน้าผ้า!DX24 -> 0 | AS15: =[2]หน้าผ้า!DY24 -> 0 | AT15: =[2]หน้าผ้า!DZ24 -> 0 | AU15: =[2]หน้าผ้า!EA24 -> 0 | AV15: =[2]หน้าผ้า!EB24 -> 0 | AW15: =[2]หน้าผ้า!EC24 -> งานพิมพ์ | AX15: =[2]หน้าผ้า!ED24 -> / | AY15: =[2]หน้าผ้า!AG24 -> 0 | AZ15: =[2]หน้าผ้า!EG24 -> 0 | BA15: =[2]หน้าผ้า!EH24 -> 0 | BB15: =[2]หน้าผ้า!EI24 -> 0 | BC15: =[2]หน้าผ้า!BZ24 -> WRWT25800/WRWT25800 | BD15: =[2]หน้าผ้า!CA24 -> 1417.6756
A16: =[2]หน้าผ้า!C25 -> 45923 | B16: =[2]หน้าผ้า!B25 -> MK68-001162 | C16: =[2]หน้าผ้า!E25 -> หจก.อนนท์อุตสาหกรรม | D16: =[2]หน้าผ้า!F25 -> ดาว 20 กก. | E16: =[2]หน้าผ้า!G25 -> 18 | F16: =[2]หน้าผ้า!H25 -> 28 | G16: =[2]หน้าผ้า!I25 -> ขาว | H16: =[2]หน้าผ้า!J25 -> 0 | I16: =[2]หน้าผ้า!L25 -> 50 | J16: =[2]หน้าผ้า!M25 -> ± | K16: =[2]หน้าผ้า!N25 -> 5 | L16: =[2]หน้าผ้า!R25 -> ไม่ | M16: =[2]หน้าผ้า!T25 -> 19 | N16: =[2]หน้าผ้า!U25 -> 31 | O16: =[2]หน้าผ้า!V25 -> 40 | P16: =[2]หน้าผ้า!AB25 -> 363.27927 | Q16: =[2]หน้าผ้า!AC25 -> 0 | R16: =[2]หน้าผ้า!AD25 -> 363.27927 | S16: =[2]หน้าผ้า!Z25 -> 500กระสอบแบน | T16: =[2]หน้าผ้า!X25 -> 45955 | U16: =[2]หน้าผ้า!AA25 -> 25000 | V16: =[2]หน้าผ้า!AJ25 -> 0 | W16: =[2]หน้าผ้า!AL25 -> 25000 | X16: =[2]หน้าผ้า!AM25 -> 0 | Y16: =[2]หน้าผ้า!AN25 -> 26250 | Z16: =[2]หน้าผ้า!AO25 -> WSWT1825800 | AA16: =[2]หน้าผ้า!AQ25 -> 20605.75 | AB16: =[2]หน้าผ้า!AR25 -> 0 | AC16: =[2]หน้าผ้า!AS25 -> 20605.75 | AD16: =[2]หน้าผ้า!AT25 -> 0 | AE16: =[2]หน้าผ้า!AU25 -> 0 | AF16: =[2]หน้าผ้า!AI25 -> 0 | AG16: =[3]หน้าผ้า!DC28 -> ยังไม่ได้พิมพ์ | AH16: =[2]หน้าผ้า!DL25 -> P9 | AI16: =[2]หน้าผ้า!DM25 -> 3 | AJ16: =[2]หน้าผ้า!DN25 -> 45955 | AK16: =[2]หน้าผ้า!DQ25 -> 0 | AL16: =[2]หน้าผ้า!DR25 -> 45945 | AM16: =[2]หน้าผ้า!DS25 -> 45952 | AN16: =[2]หน้าผ้า!DT25 -> 45953 | AO16: =[2]หน้าผ้า!DU25 -> 45953 | AP16: =[2]หน้าผ้า!DP25 -> 45950 | AQ16: =[2]หน้าผ้า!DW25 -> 45954 | AR16: =[2]หน้าผ้า!DX25 -> 0 | AS16: =[2]หน้าผ้า!DY25 -> 0 | AT16: =[2]หน้าผ้า!DZ25 -> 0 | AU16: =[2]หน้าผ้า!EA25 -> 0 | AV16: =[2]หน้าผ้า!EB25 -> 0 | AW16: =[2]หน้าผ้า!EC25 -> งานพิมพ์ | AX16: =[2]หน้าผ้า!ED25 -> / | AY16: =[2]หน้าผ้า!AG25 -> 0 | AZ16: =[2]หน้าผ้า!EG25 -> 0 | BA16: =[2]หน้าผ้า!EH25 -> 0 | BB16: =[2]หน้าผ้า!EI25 -> 0 | BC16: =[2]หน้าผ้า!BZ25 -> WRWT25800/WRWT25800 | BD16: =[2]หน้าผ้า!CA25 -> 1417.6756
A17: =[2]หน้าผ้า!C26 -> 45923 | B17: =[2]หน้าผ้า!B26 -> MK68-001162 | C17: =[2]หน้าผ้า!E26 -> หจก.อนนท์อุตสาหกรรม | D17: =[2]หน้าผ้า!F26 -> ดาว 20 กก. | E17: =[2]หน้าผ้า!G26 -> 18 | F17: =[2]หน้าผ้า!H26 -> 28 | G17: =[2]หน้าผ้า!I26 -> ขาว | H17: =[2]หน้าผ้า!J26 -> 0 | I17: =[2]หน้าผ้า!L26 -> 50 | J17: =[2]หน้าผ้า!M26 -> ± | K17: =[2]หน้าผ้า!N26 -> 5 | L17: =[2]หน้าผ้า!R26 -> ไม่ | M17: =[2]หน้าผ้า!T26 -> 19 | N17: =[2]หน้าผ้า!U26 -> 31 | O17: =[2]หน้าผ้า!V26 -> 40 | P17: =[2]หน้าผ้า!AB26 -> 363.27927 | Q17: =[2]หน้าผ้า!AC26 -> 0 | R17: =[2]หน้าผ้า!AD26 -> 363.27927 | S17: =[2]หน้าผ้า!Z26 -> 500กระสอบแบน | T17: =[2]หน้าผ้า!X26 -> 45958 | U17: =[2]หน้าผ้า!AA26 -> 25000 | V17: =[2]หน้าผ้า!AJ26 -> 0 | W17: =[2]หน้าผ้า!AL26 -> 25000 | X17: =[2]หน้าผ้า!AM26 -> 0 | Y17: =[2]หน้าผ้า!AN26 -> 26250 | Z17: =[2]หน้าผ้า!AO26 -> WSWT1825800 | AA17: =[2]หน้าผ้า!AQ26 -> 20605.75 | AB17: =[2]หน้าผ้า!AR26 -> 0 | AC17: =[2]หน้าผ้า!AS26 -> 20605.75 | AD17: =[2]หน้าผ้า!AT26 -> 0 | AE17: =[2]หน้าผ้า!AU26 -> 0 | AF17: =[2]หน้าผ้า!AI26 -> 0 | AG17: =[3]หน้าผ้า!DC29 -> พร้อมส่ง | AH17: =[2]หน้าผ้า!DL26 -> P9 | AI17: =[2]หน้าผ้า!DM26 -> 3 | AJ17: =[2]หน้าผ้า!DN26 -> 45958 | AK17: =[2]หน้าผ้า!DQ26 -> 0 | AL17: =[2]หน้าผ้า!DR26 -> 45948 | AM17: =[2]หน้าผ้า!DS26 -> 45955 | AN17: =[2]หน้าผ้า!DT26 -> 45956 | AO17: =[2]หน้าผ้า!DU26 -> 45956 | AP17: =[2]หน้าผ้า!DP26 -> 45953 | AQ17: =[2]หน้าผ้า!DW26 -> 45957 | AR17: =[2]หน้าผ้า!DX26 -> 0 | AS17: =[2]หน้าผ้า!DY26 -> 0 | AT17: =[2]หน้าผ้า!DZ26 -> 0 | AU17: =[2]หน้าผ้า!EA26 -> 0 | AV17: =[2]หน้าผ้า!EB26 -> 0 | AW17: =[2]หน้าผ้า!EC26 -> งานพิมพ์ | AX17: =[2]หน้าผ้า!ED26 -> / | AY17: =[2]หน้าผ้า!AG26 -> 0 | AZ17: =[2]หน้าผ้า!EG26 -> 0 | BA17: =[2]หน้าผ้า!EH26 -> 0 | BB17: =[2]หน้าผ้า!EI26 -> 0 | BC17: =[2]หน้าผ้า!BZ26 -> WRWT25800/WRWT25800 | BD17: =[2]หน้าผ้า!CA26 -> 1417.6756
... A575: =[2]หน้าผ้า!C584 -> 0 | B575: =[2]หน้าผ้า!B584 -> 0 | C575: =[2]หน้าผ้า!E584 -> 0 | D575: =[2]หน้าผ้า!F584 -> 0 | E575: =[2]หน้าผ้า!G584 -> 0 | F575: =[2]หน้าผ้า!H584 -> 0 | G575: =[2]หน้าผ้า!I584 -> 0 | H575: =[2]หน้าผ้า!J584 -> 0 | I575: =[2]หน้าผ้า!L584 -> 0 | J575: =[2]หน้าผ้า!M584 -> 0 | K575: =[2]หน้าผ้า!N584 -> 0 | L575: =[2]หน้าผ้า!R584 -> 0 | M575: =[2]หน้าผ้า!T584 -> 0 | N575: =[2]หน้าผ้า!U584 -> 0 | O575: =[2]หน้าผ้า!V584 -> 0 | P575: =[2]หน้าผ้า!AB584 -> 0 | Q575: =[2]หน้าผ้า!AC584 -> 0 | R575: =[2]หน้าผ้า!AD584 -> 0 | S575: =[2]หน้าผ้า!Z584 -> 0 | T575: =[2]หน้าผ้า!X584 -> 0 | U575: =[2]หน้าผ้า!AA584 -> 0 | V575: =[2]หน้าผ้า!AJ584 -> 0 | W575: =[2]หน้าผ้า!AL584 -> 0 | X575: =[2]หน้าผ้า!AM584 -> 0 | Y575: =[2]หน้าผ้า!AN584 -> 0 | Z575: =[2]หน้าผ้า!AO584 -> 0 | AA575: =[2]หน้าผ้า!AQ584 -> 0 | AB575: =[2]หน้าผ้า!AR584 -> 0 | AC575: =[2]หน้าผ้า!AS584 -> 0 | AD575: =[2]หน้าผ้า!AT584 -> 0 | AE575: =[2]หน้าผ้า!AU584 -> 0 | AF575: =[2]หน้าผ้า!AI584 -> 0 | AG575: =[3]หน้าผ้า!DC587 -> 0 | AH575: =[2]หน้าผ้า!DL584 -> 0 | AI575: =[2]หน้าผ้า!DM584 -> 0 | AJ575: =[2]หน้าผ้า!DN584 -> 0 | AK575: =[2]หน้าผ้า!DQ584 -> 0 | AL575: =[2]หน้าผ้า!DR584 -> 0 | AM575: =[2]หน้าผ้า!DS584 -> 0 | AN575: =[2]หน้าผ้า!DT584 -> 0 | AO575: =[2]หน้าผ้า!DU584 -> 0 | AP575: =[2]หน้าผ้า!DP584 -> 0 | AQ575: =[2]หน้าผ้า!DW584 -> 0 | AR575: =[2]หน้าผ้า!DX584 -> 0 | AS575: =[2]หน้าผ้า!DY584 -> 0 | AT575: =[2]หน้าผ้า!DZ584 -> 0 | AU575: =[2]หน้าผ้า!EA584 -> 0 | AV575: =[2]หน้าผ้า!EB584 -> 0 | AW575: =[2]หน้าผ้า!EC584 -> 0 | AX575: =[2]หน้าผ้า!ED584 -> 0 | AY575: =[2]หน้าผ้า!AG584 -> 0 | AZ575: =[2]หน้าผ้า!EG584 -> 0 | BA575: =[2]หน้าผ้า!EH584 -> 0 | BB575: =[2]หน้าผ้า!EI584 -> 0 | BC575: =[2]หน้าผ้า!BZ584 -> 0 | BD575: =[2]หน้าผ้า!CA584 -> 0

Sheet 9(Order+FC)
A2: เลขที่ SO | B2: (หลายรายการ)
A3: วันส่ง | B3: (หลายรายการ)
A4: ชื่อลูกค้า | B4: (ทั้งหมด)
K5: 9
A6: ประเภท | B6: ผลรวม ของ จำนวนส่ง | C6: ผลรวม ของ ค้างพิมพ์ | D6: ผลรวม ของ ค้างตัด | E6: ผลรวม ของ ใช้ | F6: ผลรวม ของ Stock | G6: ผลรวม ของ ค้างทอ
A7: WSWT1921720 | B7: 205000 | C7: 0 | D7: 30000 | E7: 0 | F7: 0 | G7: 0 | H7: =+J7-I7 -> 0 | J7: =G7 -> 0
A8: WSWT19251000SM | B8: 5040 | C8: 5292 | D8: 5040 | E8: 4999.0248 | F8: 4999.0248 | G8: 0 | H8: =+J8-I8 -> 0 | J8: =G8 -> 0
A9: WSWT1925800 | B9: 20000 | C9: 21000 | D9: 20000 | E9: 17602.2 | F9: 17602.2 | G9: 0 | H9: =+J9-I9 -> 0 | J9: =G9 -> 0
A10: WSWT2025800 | B10: 89360 | C10: 84000 | D10: 86360 | E10: 83820 | F10: 83820 | G10: 0 | H10: =+J10-I10 -> 0 | J10: =G10 -> 0
A11: WSWT2025800SM | B11: 171120 | C11: 68376 | D11: 72271 | E11: 70323.862 | F11: 70323.862 | G11: 0 | H11: =+J11-I11 -> 0 | J11: =G11 -> 0
A12: WSWT2121670SM | B12: 85000 | C12: 38850 | D12: 64000 | E12: 56774.08 | F12: 56774.08 | G12: 0 | H12: =+J12-I12 -> 0 | J12: =G12 -> 0 | K12: 40000 | L12: =+K5*K12 -> 360000 | M12: =+L12-J12 -> 360000
A13: WSWT2325650 | B13: 60000 | C13: 63000 | D13: 60000 | E13: 59512.2 | F13: 59512.2 | G13: 0 | H13: =+J13-I13 -> 0 | J13: =G13 -> 0 | K13: 14000 | L13: =+K13*K5 -> 126000 | M13: =+L13-J13 -> 126000
A14: WSWT2625650 | B14: 5000 | C14: 0 | D14: 0 | E14: 0 | F14: 0 | G14: 0 | H14: =+J14-I14 -> 0 | J14: =G14 -> 0
A15: WSWT2625800 | B15: 10000 | C15: 0 | D15: 10000 | E15: 12433.3 | F15: 12433.3 | G15: 0 | H15: =+J15-I15 -> 0 | J15: =G15 -> 0 | K15: 20000 | L15: =+K15*K5 -> 180000 | M15: =+L15-J15 -> 180000
A16: WSWT2625850SM | B16: 40000 | C16: 31526.25 | D16: 35900 | E16: 38606.951 | F16: 17295.635 | G16: 21311.316 | H16: =+J16-I16 -> 21311.316 | J16: =G16 -> 21311.316
A17: WSWT2825850 | B17: 105000 | C17: 51765 | D17: 54300 | E17: 65316.735 | F17: 5780 | G17: 59536.735 | H17: =+J17-I17 -> 59536.735 | J17: =G17 -> 59536.735
A18: ผลรวมทั้งหมด | B18: 795520 | C18: 363809.25 | D18: 437871 | E18: 409388.35 | F18: 328540.3 | G18: 80848.051 | H18: =+J18-I18 -> 80848.051 | J18: =G18 -> 80848.051
H19: 0 | I19: 54000 | J19: =G19 -> 0
H20: =+J20-I20 -> 0 | J20: =G20 -> 0
H21: =+J21-I21 -> 0 | J21: =G21 -> 0
H22: =+J22-I22 -> 0 | J22: =G22 -> 0
H23: =+J23-I23 -> 0 | J23: =G23 -> 0
H24: =+J24-I24 -> 0 | J24: =G24 -> 0
H25: =+J25-I25 -> 0 | J25: =G25 -> 0
H26: =+J26-I26 -> 0 | J26: =G26 -> 0
H27: =+J27-I27 -> 0 | J27: =G27 -> 0
H28: =+J28-I28 -> 0 | J28: =G28 -> 0 | M28: =+GETPIVOTDATA("ผลรวม ของ ใช้",$A$6)+H29+H33 -> 661084.45
H29: =SUM(H7:H28) -> 161696.1 | I29: =SUM(I7:I28) -> 54000 | J29: =SUM(J7:J28) -> 161696.1
H32: =+H26 -> 0 | I32: 85 | J32: =+(H32+H29)*I32 -> 13744169 | K32: =+J32/1000 -> 13744.169
H33: 90000 | I33: 95 | J33: =+H33*I33 -> 8550000 | K33: =+J33/1000 -> 8550
H35: =+H32+H33+H29 -> 251696.1 | K35: =+K32+K33 -> 22294.169
N36: 705222
A37: ยอดส่ง 1/2/68 - 17/2/68 | B37: 1565717 | H37: 15 | I37: =+H35/H37 -> 16779.74
N38: =+H35+N36 -> 956918.1
I39: =+H37*110000 -> 1650000
B41: =+B29+B37+B31-110000 -> 1455717 | C41: =+C29+C37+C31 -> 0 | D41: =+D29+D37+D31-110000 -> -110000 | E41: =+E29+E37+E31 -> 0 | F41: =+F29+F37+F31 -> 0 | G41: =+G29+G37+G31 -> 0
B43: 3218150
B45: =+B43-B41 -> 1762433
C47: =+C41/9 -> 0 | D47: =+D41/9 -> -12222.222

Sheet 9(Order)
A2: เลขที่ SO | B2: (หลายรายการ)
A3: วันส่ง | B3: (หลายรายการ)
A4: ชื่อลูกค้า | B4: (ทั้งหมด)
A6: ประเภท | B6: ผลรวม ของ จำนวนส่ง | C6: ผลรวม ของ ค้างพิมพ์ | D6: ผลรวม ของ ค้างตัด | E6: ผลรวม ของ ใช้ | F6: ผลรวม ของ Stock | G6: ผลรวม ของ ค้างทอ
A7: WSWT1625800 | B7: 5000 | C7: 0 | D7: 0 | E7: 0 | F7: 0 | G7: 0 | I7: =+K7-J7 -> 0 | K7: =G7 -> 0
A8: WSWT1725800 | B8: 10100 | C8: 10605 | D8: 10100 | E8: 7760.335 | F8: 7760.335 | G8: 0 | I8: =+K8-J8 -> 0 | K8: =G8 -> 0
A9: WSWT1825800SM | B9: 10000 | C9: 10500 | D9: 10000 | E9: 8801.1 | F9: 8801.1 | G9: 0 | I9: =+K9-J9 -> 0 | K9: =G9 -> 0
A10: WSWT1921720 | B10: 205000 | C10: 0 | D10: 30000 | E10: 0 | F10: 0 | G10: 0 | I10: =+K10-J10 -> 0 | K10: =G10 -> 0
A11: WSWT19251000SM | B11: 5040 | C11: 5292 | D11: 5040 | E11: 4999.0248 | F11: 4999.0248 | G11: 0 | I11: =+K11-J11 -> 0 | K11: =G11 -> 0
A12: WSWT1925800 | B12: 20000 | C12: 21000 | D12: 20000 | E12: 17602.2 | F12: 17602.2 | G12: 0 | I12: =+K12-J12 -> 0 | K12: =G12 -> 0
A13: WSWT2025650 | B13: 10000 | C13: 0 | D13: 10000 | E13: 8801.1 | F13: 4400 | G13: 4401.1 | I13: =+K13-J13 -> 4401.1 | K13: =G13 -> 4401.1
A14: WSWT2025800 | B14: 89360 | C14: 84000 | D14: 86360 | E14: 83820 | F14: 83820 | G14: 0 | I14: =+K14-J14 -> 0 | K14: =G14 -> 0
A15: WSWT2025800SM | B15: 171120 | C15: 68376 | D15: 72271 | E15: 70323.862 | F15: 70323.862 | G15: 0 | I15: =+K15-J15 -> 0 | K15: =G15 -> 0
A16: WSWT2025850 | B16: 12500 | C16: 13125 | D16: 12500 | E16: 14144.625 | F16: 14144.625 | G16: 0 | I16: =+K16-J16 -> 0 | K16: =G16 -> 0
A17: WSWT2121670SM | B17: 85000 | C17: 38850 | D17: 64000 | E17: 56774.08 | F17: 56774.08 | G17: 0 | I17: 0 | J17: 54000 | K17: =G17 -> 0
A18: WSWT2125800 | B18: 2500 | C18: 2625 | D18: 2500 | E18: 2339.975 | F18: 2339.975 | G18: 0 | I18: =+K18-J18 -> 0 | K18: =G18 -> 0
A19: WSWT2625650 | B19: 5000 | C19: 0 | D19: 0 | E19: 0 | F19: 0 | G19: 0 | I19: =+K19-J19 -> 0 | K19: =G19 -> 0
A20: WSWT2625850SM | B20: 40000 | C20: 31526.25 | D20: 35900 | E20: 38606.951 | F20: 17295.635 | G20: 21311.316 | I20: =+K20-J20 -> 21311.316 | K20: =G20 -> 21311.316
A21: WSWT2825850 | B21: 100000 | C21: 51765 | D21: 49300 | E21: 58541.285 | F21: 5780 | G21: 52761.285 | I21: =+K21-J21 -> 52761.285 | K21: =G21 -> 52761.285
A22: ผลรวมทั้งหมด | B22: 770620 | C22: 337664.25 | D22: 407971 | E22: 372514.54 | F22: 294040.84 | G22: 78473.701 | I22: =+K22-J22 -> 78473.701 | K22: =G22 -> 78473.701
I23: =+K23-J23 -> 0 | K23: =G23 -> 0
I24: =+K24-J24 -> 0 | K24: =G24 -> 0
I25: =+K25-J25 -> 0 | K25: =G25 -> 0
I26: =SUM(I7:I25) -> 156947.4 | J26: =SUM(J7:J25) -> 54000 | K26: =SUM(K7:K25) -> 156947.4
D34: =D18 -> 2500
D36: =D20 -> 35900
A37: ยอดส่ง 1/4/68 - 12/4/68 | B37: 887615
A38: Order+ส่ง | B38: =++B25+B37 -> 887615
A39: ประมาณการ | B39: 262000 | C39: 238350 | D39: 262000 | E39: 279847.04 | F39: 60825.09 | G39: 219021.95
A41: Order+ส่ง+ประมาณการ | B41: =+B25+B37+B39+B33 -> 1149615 | C41: =+C25+C37+C39+C33 -> 238350 | D41: =+D25+D37+D39+D33 -> 262000 | E41: =+E25+E37+E39+E33 -> 279847.04 | F41: =+F25+F37+F39+F33 -> 60825.09 | G41: =+G25+G37+G39+G33 -> 219021.95
B43: 3171376
B45: =+B41-B43 -> -2021761 | C45: =+$B$45 -> -2021761 | D45: =+$B$45 -> -2021761 | F45: =+$B$45 -> -2021761
D47: =+D41/6 -> 43666.667

Sheet 9(Order) แยกลูกค้า
A1: เลขที่ SO | B1: (หลายรายการ)
A2: วันส่ง | B2: (หลายรายการ)
A4: ประเภท | B4: ชื่อลูกค้า | C4: ผลรวม ของ จำนวนส่ง | D4: ผลรวม ของ ค้างพิมพ์ | E4: ผลรวม ของ ค้างตัด | F4: ผลรวม ของ Stock | G4: ผลรวม ของ ค้างทอ | I4: vn
A5: WSWT2025650 | B5: บจก.หนองบัวฟีด | C5: 10000 | D5: 0 | E5: 10000 | F5: 4400 | G5: 4401.1 | H5: =G5 -> 4401.1
A6: WSWT2025650 ผลรวม | C6: 10000 | D6: 0 | E6: 10000 | F6: 4400 | G6: 4401.1 | H6: =G6 -> 4401.1
A7: WSWT2025800SM | B7: บจก.เอ.เจ.ฟาร์ม่าแล็บ | C7: 8000 | D7: 0 | E7: 25 | F7: 0 | G7: 0 | H7: =G7 -> 0
A8: WSWT2025800SM ผลรวม | C8: 8000 | D8: 0 | E8: 25 | F8: 0 | G8: 0 | H8: =G8 -> 0
A9: WSWT2121670SM | B9: บจก.เอพีเอ็ม อะโกร | C9: 3000 | D9: 0 | E9: 0 | F9: 0 | G9: 0 | H9: =G9 -> 0
B10: บจก.หนองบัวฟีด | C10: 10000 | D10: 10500 | E10: 10000 | F10: 10756.9 | G10: 0 | H10: =G10 -> 0
A11: WSWT2121670SM ผลรวม | C11: 13000 | D11: 10500 | E11: 10000 | F11: 10756.9 | G11: 0 | H11: =G11 -> 0
A12: ผลรวมทั้งหมด | C12: 31000 | D12: 10500 | E12: 20025 | F12: 15156.9 | G12: 4401.1 | H12: =G12 -> 4401.1
H13: =G13 -> 0
H14: =G14 -> 0
H15: =G15 -> 0
H16: =G16 -> 0
H17: =G17 -> 0
H18: =G18 -> 0
H19: =G19 -> 0
H20: =G20 -> 0
H21: =G21 -> 0
H22: =G22 -> 0
H23: =G23 -> 0
H24: =G24 -> 0
... H65: =G65 -> 0
H70: =SUM(H5:H69) -> 13203.3
D119: Cap พิมพ์ | E119: Cap ตัด | F119: Stock 16/7 บ่าย | G119: Cap ทอ | I119: วันทงาน
B120: lส่ง | C120: 1-16/7 | D120: 160000 | E120: 160000 | G120: 120000 | I120: 12
C121: 1975256 | D121: =+D120*I120 -> 1920000 | E121: =+E120*I120 -> 1920000 | F121: 825147 | G121: =+G120*I120 -> 1440000
A122: เบทาโกรส่งแล้ว | B122: 20700 | C122: 424374
A123: เบทาโกรส่งแล้ว | B123: 20800 | C123: 155973
C126: รวมส่ง+ค้างส่ง | D126: ส่วนต่างCapคงเหลือ | E126: ส่วนต่างCapคงเหลือ | F126: คงเหลือ
C127: =+C50+C121 -> 1975256 | D127: =+D121-D50 -> 1920000 | E127: =+E121-E50 -> 1920000 | F127: =+F121-F50 -> 825147 | G127: =+G121-G50 -> 1440000
B129: 20700VN 20/7 | G129: 350000

Sheet 9(Fc) แยกลูกค้า
A1: เลขที่ SO | B1: ประมาณการ
A2: วันส่ง | B2: (หลายรายการ) | D2: 12
A4: ประเภท | B4: ชื่อลูกค้า | C4: ผลรวม ของ จำนวนส่ง | D4: ผลรวม ของ ค้างพิมพ์ | E4: ผลรวม ของ ค้างตัด | F4: ผลรวม ของ ใช้ | G4: ผลรวม ของ Stock | H4: ผลรวม ของ ค้างทอ
A5: WSWT2325650 | B5: พันธุ์ข้าว | C5: 30000 | D5: 31500 | E5: 30000 | F5: 29756.1 | G5: 29756.1 | H5: 0
B6: บจก.ซิเบลโก้(สบปราบ) | C6: 30000 | D6: 31500 | E6: 30000 | F6: 29756.1 | G6: 29756.1 | H6: 0
A7: WSWT2325650 ผลรวม | C7: 60000 | D7: 63000 | E7: 60000 | F7: 59512.2 | G7: 59512.2 | H7: 0
A8: WSWT2625800 | B8: บจก.ที.ซี.ยูเนี่ยน อโกรเทค | C8: 10000 | D8: 0 | E8: 10000 | F8: 12433.3 | G8: 12433.3 | H8: 0
A9: WSWT2625800 ผลรวม | C9: 10000 | D9: 0 | E9: 10000 | F9: 12433.3 | G9: 12433.3 | H9: 0
A10: WSWT2825850 | B10: บจก.ที.ซี.ยูเนี่ยน อโกรเทค | C10: 5000 | D10: 0 | E10: 5000 | F10: 6775.45 | G10: 0 | H10: 6775.45
A11: WSWT2825850 ผลรวม | C11: 5000 | D11: 0 | E11: 5000 | F11: 6775.45 | G11: 0 | H11: 6775.45
A12: ผลรวมทั้งหมด | C12: 75000 | D12: 63000 | E12: 75000 | F12: 78720.95 | G12: 71945.5 | H12: 6775.45
D119: Cap พิมพ์ | E119: Cap ตัด | F119: Stock 16/7 บ่าย | G119: Cap ทอ | I119: วันทงาน
B120: lส่ง | C120: 1-16/7 | D120: 160000 | E120: 160000 | G120: 120000 | I120: 12
C121: 1975256 | D121: =+D120*I120 -> 1920000 | E121: =+E120*I120 -> 1920000 | F121: 825147 | G121: =+G120*I120 -> 1440000
A122: เบทาโกรส่งแล้ว | B122: 20700 | C122: 424374
A123: เบทาโกรส่งแล้ว | B123: 20800 | C123: 155973
C126: รวมส่ง+ค้างส่ง | D126: ส่วนต่างCapคงเหลือ | E126: ส่วนต่างCapคงเหลือ | F126: คงเหลือ
C127: =+C50+C121 -> 1975256 | D127: =+D121-D50 -> 1920000 | E127: =+E121-E50 -> 1920000 | F127: =+F121-F50 -> 825147 | G127: =+G121-G50 -> 1440000
B129: 20700VN 20/7 | G129: 350000

Sheet 10(Order+Fc) แยกลูกค้า
A1: เลขที่ SO | B1: (หลายรายการ)
A2: วันส่ง | B2: (หลายรายการ) | D2: 12 | I2: เมตร | J2: vn | K2: ใบ | P2: วัน
A4: ประเภท | B4: ชื่อลูกค้า | C4: ผลรวม ของ จำนวนส่ง | D4: ผลรวม ของ ค้างพิมพ์ | E4: ผลรวม ของ ค้างตัด | F4: ผลรวม ของ ใช้ | G4: ผลรวม ของ Stock | H4: ผลรวม ของ ค้างทอ
A5: WSWT1921720 | B5: บจก.เคอรี่ฟลาวมิลล์ | C5: 215000 | D5: 57750 | E5: 155000 | F5: 99396.55 | G5: 99396.55 | H5: 0 | I5: =H5 -> 0
A6: WSWT1921720 ผลรวม | C6: 215000 | D6: 57750 | E6: 155000 | F6: 99396.55 | G6: 99396.55 | H6: 0
A7: WSWT19251000SM | B7: บจก.อินเทคค์ โกลบอล | C7: 10080 | D7: 10584 | E7: 10080 | F7: 10138.867 | G7: 5139.8424 | H7: 4999.0248 | I7: =H7 -> 4999.0248
A8: WSWT19251000SM ผลรวม | C8: 10080 | D8: 10584 | E8: 10080 | F8: 10138.867 | G8: 5139.8424 | H8: 4999.0248 | I8: =H8 -> 4999.0248
A9: WSWT1925800 | B9: บจก.ซีแมน | C9: 5800 | D9: 0 | E9: 0 | F9: 0 | G9: 0 | H9: 0 | I9: =H9 -> 0
A10: WSWT1925800 ผลรวม | C10: 5800 | D10: 0 | E10: 0 | F10: 0 | G10: 0 | H10: 0 | I10: =H10 -> 0
A11: WSWT2025650 | B11: บจก.หนกองบัวฟีด | C11: 5000 | D11: 0 | E11: 0 | F11: 0 | G11: 0 | H11: 0
A12: WSWT2025650 ผลรวม | C12: 5000 | D12: 0 | E12: 0 | F12: 0 | G12: 0 | H12: 0 | I12: =H12 -> 0
A13: WSWT2025800 | B13: บจก.เบทาโกร | C13: 103000 | D13: 0 | E13: 2000 | F13: 0 | G13: 0 | H13: 0
B14: บจก.อินเทคค์ โกลบอล | C14: 80393 | D14: 21155.4 | E14: 50393 | F14: 22144.982 | G14: 22144.982 | H14: 0 | I14: =H14 -> 0 | P14: 15000 | Q14: =+K14/P14 -> 0
A15: WSWT2025800 ผลรวม | C15: 183393 | D15: 21155.4 | E15: 52393 | F15: 22144.982 | G15: 22144.982 | H15: 0
A16: WSWT2025800SM | B16: บจก.อินเทคค์ โกลบอล | C16: 91933 | D16: 86964.15 | E16: 91933 | F16: 87478.167 | G16: 42098.068 | H16: 45380.099 | I16: =H16 -> 45380.099
B17: บจก.เอพีเอ็ม อะโกร | C17: 14000 | D17: 0 | E17: 10000 | F17: 0 | G17: 0 | H17: 0 | I17: =H17 -> 0
B18: บจก.วีซีเอฟ | C18: 20000 | D18: 0 | E18: 0 | F18: 0 | G18: 0 | H18: 0 | I18: =H18 -> 0
B19: บจก.กันยาวิ | C19: 8000 | D19: 8400 | E19: 8000 | F19: 8605.52 | G19: 8605.52 | H19: 0 | I19: =H19 -> 0
A20: WSWT2025800SM ผลรวม | C20: 133933 | D20: 95364.15 | E20: 109933 | F20: 96083.687 | G20: 50703.588 | H20: 45380.099 | I20: =H20 -> 45380.099 | P20: 16000 | Q20: =+K20/P20 -> 0
A21: WSWT2121670SM | B21: บจก.บลูฟาโล่ | C21: 5000 | D21: 0 | E21: 0 | F21: 0 | G21: 0 | H21: 0
B22: บจก.เอ็นบี ดิสทริบิวชั่น | C22: 30000 | D22: 0 | E22: 0 | F22: 0 | G22: 0 | H22: 0 | I22: =H22 -> 0
B23: บจก.หนองบัวฟีดมิลล์ | C23: 5000 | D23: 5250 | E23: 5000 | F23: 5378.45 | G23: 5378.45 | H23: 0
A24: WSWT2121670SM ผลรวม | C24: 40000 | D24: 5250 | E24: 5000 | F24: 5378.45 | G24: 5378.45 | H24: 0 | I24: =H24 -> 0
A25: WSWT2125650 | B25: บจก.หนองบัวฟีดมิลล์ | C25: 15000 | D25: 0 | E25: 15000 | F25: 16554.45 | G25: 16554.45 | H25: 0
A26: WSWT2125650 ผลรวม | C26: 15000 | D26: 0 | E26: 15000 | F26: 16554.45 | G26: 16554.45 | H26: 0 | I26: =H26 -> 0
A27: WSWT23211125120SMFX | B27: โรงสีธัญญกิจ(ราชบุรี) | C27: 10000 | D27: 0 | E27: 0 | F27: 0 | G27: 0 | H27: 0
A28: WSWT23211125120SMFX ผลรวม | C28: 10000 | D28: 0 | E28: 0 | F28: 0 | G28: 0 | H28: 0 | I28: =H28 -> 0
A29: WSWT2321750 | B29: คุณวัลภา เผ่าเต็ม | C29: 10000 | D29: 1560.3 | E29: 1500 | F29: 1678.3991 | G29: 0 | H29: 1678.3991 | I29: =H29 -> 1678.3991
A30: WSWT2321750 ผลรวม | C30: 10000 | D30: 1560.3 | E30: 1500 | F30: 1678.3991 | G30: 0 | H30: 1678.3991 | I30: =H30 -> 1678.3991
A31: WSWT2325650 | B31: พันธุ์ข้าว | C31: 30000 | D31: 31500 | E31: 30000 | F31: 29756.1 | G31: 29756.1 | H31: 0 | P31: 15000 | Q31: =+K31/P31 -> 0
B32: บจก.ซิเบลโก้(บางเลน) | C32: 10000 | D32: 0 | E32: 5000 | F32: 0 | G32: 0 | H32: 0 | I32: =H32 -> 0
B33: คุณปราสาท เจริญธรรมรักษา | C33: 5000 | D33: 5250 | E33: 5000 | F33: 4959.35 | G33: 4959.35 | H33: 0 | I33: =H33 -> 0
A34: WSWT2325650 ผลรวม | C34: 45000 | D34: 36750 | E34: 40000 | F34: 34715.45 | G34: 34715.45 | H34: 0 | I34: =H34 -> 0
A35: WSWT2625650 | B35: บจก.กบินทร์อินทรีย์ | C35: 8000 | D35: 8400 | E35: 8000 | F35: 9499.6 | G35: 1765 | H35: 7734.6 | I35: =H35 -> 7734.6
A36: WSWT2625650 ผลรวม | C36: 8000 | D36: 8400 | E36: 8000 | F36: 9499.6 | G36: 1765 | H36: 7734.6 | I36: =H36 -> 7734.6
A37: WSWT2625800 | B37: บจก.แลบอินเตอร์ | C37: 10000 | D37: 0 | E37: 0 | F37: 0 | G37: 0 | H37: 0 | I37: =H37 -> 0
A38: WSWT2625800 ผลรวม | C38: 10000 | D38: 0 | E38: 0 | F38: 0 | G38: 0 | H38: 0 | I38: =H38 -> 0
A39: WSWT2825850 | B39: บจก.ไทยร่วมใจน้ำมันพืช | C39: 53000 | D39: 52500 | E39: 50000 | F39: 59372.5 | G39: 59372.5 | H39: 0 | I39: =H39 -> 0
A40: WSWT2825850 ผลรวม | C40: 53000 | D40: 52500 | E40: 50000 | F40: 59372.5 | G40: 59372.5 | H40: 0 | I40: =H40 -> 0
A41: WSWTFCL022325650 | B41: คุณปราสาท เจริญธรรมรักษา | C41: 15000 | D41: 15750 | E41: 15000 | F41: 14878.05 | G41: 0 | H41: 14878.05
A42: WSWTFCL022325650 ผลรวม | C42: 15000 | D42: 15750 | E42: 15000 | F42: 14878.05 | G42: 0 | H42: 14878.05 | I42: =H42 -> 14878.05
A43: ผลรวมทั้งหมด | C43: 759206 | D43: 305063.85 | E43: 461906 | F43: 369840.99 | G43: 295170.81 | H43: 74670.173
I44: =H44 -> 0
I45: =H45 -> 0
J46: 74000
I47: =H47 -> 0
I48: =H48 -> 0
I51: =H51 -> 0 | M51: 102.14
I52: =H52 -> 0 | M52: 3300
M53: =+M52/M51 -> 32.308596
I54: =H54 -> 0
I55: =H55 -> 0 | M55: 114.47
I56: =H56-J56 -> -166000 | J56: 166000 | M56: =+M55*32.2 -> 3685.934
M57: =+M56-3300 -> 385.934
I58: =H58 -> 0
I59: =H59 -> 0
I60: =H60 -> 0
I61: =H61 -> 0
I62: =H62 -> 0
I64: =H64 -> 0
I65: =H65 -> 0
I66: =H66 -> 0
I68: =H68 -> 0
I70: =H70 -> 0
I72: =H72 -> 0
I73: =H73 -> 0
I75: =SUM(I5:I74) -> -31537.704
I79: =I75+I77 -> -31537.704 | J79: 16 | K79: =+I79*0.9779 -> -30840.721
I81: =+I79/J79 -> -1971.1065 | K81: =+K79*85 -> -2621461.3
K83: =+K81/1000 -> -2621.4613
D119: Cap พิมพ์ | E119: Cap ตัด | F119: Stock 16/7 บ่าย | G119: Cap ทอ | I119: วันทงาน
B120: lส่ง | C120: 1-16/7 | D120: 160000 | E120: 160000 | G120: 120000 | I120: 12
C121: 1975256 | D121: =+D120*I120 -> 1920000 | E121: =+E120*I120 -> 1920000 | F121: 825147 | G121: =+G120*I120 -> 1440000
A122: เบทาโกรส่งแล้ว | B122: 20700 | C122: 424374
A123: เบทาโกรส่งแล้ว | B123: 20800 | C123: 155973
C126: รวมส่ง+ค้างส่ง | D126: ส่วนต่างCapคงเหลือ | E126: ส่วนต่างCapคงเหลือ | F126: คงเหลือ
C127: =+C50+C121 -> 1975256 | D127: =+D121-D50 -> 1920000 | E127: =+E121-E50 -> 1920000 | F127: =+F121-F50 -> 825147 | G127: =+G121-G50 -> 1440000
B129: 20700VN 20/7 | G129: 350000

Sheet 10(Order)
A2: เลขที่ SO | B2: (หลายรายการ)
A3: วันส่ง | B3: (หลายรายการ)
A4: ชื่อลูกค้า | B4: (ทั้งหมด)
A6: ประเภท | B6: ผลรวม ของ จำนวนส่ง | C6: ผลรวม ของ ค้างพิมพ์ | D6: ผลรวม ของ ค้างตัด | E6: ผลรวม ของ ใช้ | F6: ผลรวม ของ Stock | G6: ผลรวม ของ ค้างทอ
A7: WSWT1921720 | B7: 130000 | C7: 52500 | D7: 130000 | E7: 121678.7 | F7: 0 | G7: 121678.7
A8: WSWT1925800 | B8: 90000 | C8: 94500 | D8: 90000 | E8: 79209.9 | F8: 13655 | G8: 65554.9
A9: WSWT2025800 | B9: 160363 | C9: 168381.15 | D9: 160363 | E9: 168020.33 | F9: 62865 | G9: 105155.33
A10: WSWT2025800SM | B10: 263520 | C10: 264982.2 | D10: 257293 | E10: 272379.98 | F10: 270190.45 | G10: 2189.53
A11: WSWT2025850 | B11: 320000 | C11: 336000 | D11: 320000 | E11: 355396.8 | F11: 72224.9 | G11: 283171.9 | L11: =76*2500 -> 190000
A12: WSWT2121670SM | B12: 9000 | C12: 6300 | D12: 9000 | E12: 6957.06 | F12: 6957.06 | G12: 0
A13: WSWT2625850SM | B13: 10000 | C13: 10500 | D13: 10000 | E13: 12433.3 | F13: 0 | G13: 12433.3
A14: ผลรวมทั้งหมด | B14: 982883 | C14: 933163.35 | D14: 976656 | E14: 1016076.1 | F14: 425892.41 | G14: 590183.66
A37: ยอดส่ง 1/1/68 - 17/1/68 | B37: 1287052
A38: Order+ส่ง | B38: =++B22+B37 -> 1287052
A39: ประมาณการ | I39: 0
A41: Order+ส่ง+ประมาณการ | B41: =+B22+B37+B39+B29 -> 1287052 | C41: =+C22+C37+C39+C29 -> 0 | D41: =+D22+D37+D39+D29 -> 0 | E41: =+E22+E37+E39+E29 -> 0 | F41: =+F22+F37+F39+F29 -> 0 | G41: =+G22+G37+G39+G29 -> 0
B43: 3000000 | I43: 9
B45: =+B41-B43 -> -1712948
D46: =+D22/I43 -> 0
C47: =+C41/I43 -> 0 | D47: =+D41/I43 -> 0 | G47: =+G41/I43 -> 0

Sheet 10(Order) แยกลูกค้า
A1: เลขที่ SO | B1: (หลายรายการ)
A2: วันส่ง | B2: รอแจ้ง
A4: ประเภท | B4: ชื่อลูกค้า | C4: ผลรวม ของ จำนวนส่ง | D4: ผลรวม ของ ค้างพิมพ์ | E4: ผลรวม ของ ค้างตัด | F4: ผลรวม ของ Stock | G4: ผลรวม ของ ค้างทอ | I4: vn
A5: WSWT19251000SM | B5: บจก.อินเทคค์ โกลบอล | C5: 503 | D5: 0 | E5: 503 | F5: 0 | G5: 0 | H5: =G5 -> 0
A6: WSWT19251000SM ผลรวม | C6: 503 | D6: 0 | E6: 503 | F6: 0 | G6: 0 | H6: =G6 -> 0
A7: WSWT2025800SM | B7: บจก.อินเทคค์ โกลบอล | C7: 3054 | D7: 252 | E7: 2529 | F7: 251.46 | G7: 0 | H7: =G7 -> 0
B8: บจก.เอพีเอ็ม อะโกร | C8: 8000 | D8: 5250 | E8: 5000 | F8: 5518.15 | G8: 0
A9: WSWT2025800SM ผลรวม | C9: 11054 | D9: 5502 | E9: 7529 | F9: 5769.61 | G9: 0 | H9: =G9 -> 0
A10: WSWT2121670SM | B10: บจก.ที.ซี.ยูเนี่ยน อโกรเทค | C10: 25000 | D10: 26250 | E10: 25000 | F10: 26892.25 | G10: 0 | H10: =G10 -> 0
B11: บจก.เอพีเอ็ม อะโกร | C11: 13000 | D11: 13156.5 | E11: 12530 | F11: 14107.884 | G11: 0
B12: บจก.เอสพีเอ็ม อาหารสัตว์ | C12: 11000 | D12: 11550 | E12: 11000 | F12: 12139.93 | G12: 0 | H12: =G12 -> 0
A13: WSWT2121670SM ผลรวม | C13: 49000 | D13: 50956.5 | E13: 48530 | F13: 53140.064 | G13: 0 | H13: =G13 -> 0
A14: WSWT2321112512551 | B14: บจก.น้ำตาลทิพย์สุโขทัย | C14: 437878 | D14: 458196.9 | E14: 436378 | F14: 20359 | G14: 449048.45 | H14: =G14 -> 449048.45
A15: WSWT2321112512551 ผลรวม | C15: 437878 | D15: 458196.9 | E15: 436378 | F15: 20359 | G15: 449048.45
A16: ผลรวมทั้งหมด | C16: 498435 | D16: 514655.4 | E16: 492940 | F16: 79268.674 | G16: 449048.45 | H16: =G16 -> 449048.45
H18: =G18 -> 0
H19: =G19 -> 0
H20: =G20 -> 0
H21: =G21 -> 0
H23: =G23 -> 0
H25: =G25 -> 0
H27: =G27 -> 0
H28: =G28 -> 0
H29: =G29 -> 0
H31: =G31 -> 0
H32: =G32 -> 0
H33: =G33 -> 0
... H68: =G68 -> 0
H70: =SUM(H5:H69) -> 898096.9
D119: Cap พิมพ์ | E119: Cap ตัด | F119: Stock 16/7 บ่าย | G119: Cap ทอ | I119: วันทงาน
B120: lส่ง | C120: 1-16/7 | D120: 160000 | E120: 160000 | G120: 120000 | I120: 12
C121: 1975256 | D121: =+D120*I120 -> 1920000 | E121: =+E120*I120 -> 1920000 | F121: 825147 | G121: =+G120*I120 -> 1440000
A122: เบทาโกรส่งแล้ว | B122: 20700 | C122: 424374
A123: เบทาโกรส่งแล้ว | B123: 20800 | C123: 155973
C126: รวมส่ง+ค้างส่ง | D126: ส่วนต่างCapคงเหลือ | E126: ส่วนต่างCapคงเหลือ | F126: คงเหลือ
C127: =+C50+C121 -> 1975256 | D127: =+D121-D50 -> 1920000 | E127: =+E121-E50 -> 1920000 | F127: =+F121-F50 -> 825147 | G127: =+G121-G50 -> 1440000
B129: 20700VN 20/7 | G129: 350000

Sheet 10(Fc) แยกลูกค้
A1: เลขที่ SO | B1: ประมาณการ
A2: วันส่ง | B2: (หลายรายการ) | D2: 12
A4: ประเภท | B4: ชื่อลูกค้า | C4: ผลรวม ของ จำนวนส่ง | D4: ผลรวม ของ ค้างพิมพ์ | E4: ผลรวม ของ ค้างตัด | F4: ผลรวม ของ ใช้ | G4: ผลรวม ของ Stock | H4: ผลรวม ของ ค้างทอ
A5: WSWT2325650 | B5: พันธุ์ข้าว | C5: 30000 | D5: 31500 | E5: 30000 | F5: 29756.1 | G5: 29756.1 | H5: 0
A6: WSWT2325650 ผลรวม | C6: 30000 | D6: 31500 | E6: 30000 | F6: 29756.1 | G6: 29756.1 | H6: 0
A7: WSWT2625650 | B7: บจก.กบินทร์อินทรีย์ | C7: 8000 | D7: 8400 | E7: 8000 | F7: 9499.6 | G7: 1765 | H7: 7734.6
A8: WSWT2625650 ผลรวม | C8: 8000 | D8: 8400 | E8: 8000 | F8: 9499.6 | G8: 1765 | H8: 7734.6
A9: ผลรวมทั้งหมด | C9: 38000 | D9: 39900 | E9: 38000 | F9: 39255.7 | G9: 31521.1 | H9: 7734.6
H43: =+GETPIVOTDATA("ผลรวม ของ ค้างทอ",$A$4)+H41 -> 7734.6
I119: วันทงาน
I120: 12
C121: 1975256 | D121: =+D120*I120 -> 0 | E121: =+E120*I120 -> 0 | F121: 825147 | G121: =+G120*I120 -> 0
A122: เบทาโกรส่งแล้ว | B122: 20700 | C122: 424374
A123: เบทาโกรส่งแล้ว | B123: 20800 | C123: 155973
C126: รวมส่ง+ค้างส่ง | D126: ส่วนต่างCapคงเหลือ | E126: ส่วนต่างCapคงเหลือ | F126: คงเหลือ
C127: =+C50+C121 -> 1975256 | D127: =+D121-D50 -> 0 | E127: =+E121-E50 -> 0 | F127: =+F121-F50 -> 825147 | G127: =+G121-G50 -> 0
B129: 20700VN 20/7 | G129: 350000

Sheet ค้างทอ2-9-68
A3: ผลรวม ของ ค้างทอ
A4: ป้ายชื่อแถว | B4: 45901 | C4: 45903 | D4: 45904 | E4: 45905 | F4: 45907 | G4: 45910 | H4: 45912 | I4: 45914 | J4: 45917 | K4: 45921 | L4: 45925 | M4: 45940 | N4: ผลรวมทั้งหมด
A5: WSWT1625800 | B5: 3702 | D5: 7404.1 | N5: =SUM(B5:M5) -> 11106.1
A6: WSWT1625800SM | C6: 0 | N6: =SUM(B6:M6) -> 0
A7: WSWT1825800SM | F7: 3841.75 | N7: =SUM(B7:M7) -> 3841.75
A8: WSWT1921720 | B8: 0 | D8: 4679.95 | N8: =SUM(B8:M8) -> 4679.95
A9: WSWT19251000SM | N9: =SUM(B9:M9) -> 0
A10: WSWT1925800 | E10: 55162.9 | N10: =SUM(B10:M10) -> 55162.9
A11: WSWT2025800 | B11: 0 | C11: 0 | G11: 0 | I11: 0 | J11: 0 | K11: 0 | N11: =SUM(B11:M11) -> 0
A12: WSWT2025800SM | C12: 0 | D12: 0 | E12: 0 | J12: 0 | L12: 4599.67 | N12: =SUM(B12:M12) -> 4599.67
A13: WSWT2121670SM | C13: 0 | K13: 0 | N13: =SUM(B13:M13) -> 0
A14: WSWT2325800 | D14: 0 | N14: =SUM(B14:M14) -> 0
A15: WSWT2625650 | B15: 1621 | N15: =SUM(B15:M15) -> 1621
A16: WSWT2625850SM | C16: 0 | D16: 0 | H16: 0 | L16: 37299.9 | M16: 12433.3 | N16: =SUM(B16:M16) -> 49733.2
A17: WSWT2825850 | D17: 0 | N17: =SUM(B17:M17) -> 0
A18: ผลรวมทั้งหมด | B18: =SUM(B5:B17) -> 5323 | C18: =SUM(C5:C17) -> 0 | D18: =SUM(D5:D17) -> 12084.05 | E18: =SUM(E5:E17) -> 55162.9 | F18: =SUM(F5:F17) -> 3841.75 | G18: =SUM(G5:G17) -> 0 | H18: =SUM(H5:H17) -> 0 | I18: =SUM(I5:I17) -> 0 | ... N18: =SUM(N5:N17) -> 130744.57

Sheet ค้างทอ20-9-68
A3: ผลรวม ของ ค้างทอ
A4: ป้ายชื่อแถว | B4: 45921 | C4: 45925 | D4: 45927 | E4: 45929 | F4: 45932 | G4: 45933 | H4: 45934 | I4: 45940 | J4: 45941 | K4: 45942 | L4: 45945 | M4: 45946 | N4: 45947 | O4: 45949 | P4: 45952 | Q4: 45953 | R4: 45954 | S4: 45955 | T4: 45956 | U4: ผลรวมทั้งหมด
A5: WSWT1625800 | U5: =SUM(B5:T5) -> 0
A6: WSWT1725800 | U6: =SUM(B6:T6) -> 0
A7: WSWT1825800 | U7: =SUM(B7:T7) -> 0
A8: WSWT1825800SM | U8: =SUM(B8:T8) -> 0
A9: WSWT1921720 | C9: 0 | D9: 23399.75 | E9: 23399.75 | F9: 37439.6 | K9: 37439.6 | U9: =SUM(B9:T9) -> 121678.7
A10: WSWT19251000SM | C10: 0 | U10: =SUM(B10:T10) -> 0
A11: WSWT1925800 | G11: 47952.7 | N11: 17602.2 | U11: =SUM(B11:T11) -> 65554.9
A12: WSWT2025650 | B12: 4401.1 | U12: =SUM(B12:T12) -> 4401.1
A13: WSWT2025800 | B13: 0 | C13: 0 | G13: 0 | I13: 20955 | K13: 31432.5 | N13: 26936.605 | O13: 25831.229 | U13: =SUM(B13:T13) -> 105155.33
A14: WSWT2025800SM | B14: 0 | C14: 0 | E14: 0 | F14: 0 | H14: 0 | I14: 0 | J14: 0 | K14: 0 | L14: 0 | M14: 0 | N14: 0 | O14: 0 | P14: 0 | Q14: 0 | R14: 0 | S14: 0 | T14: 2189.53 | U14: =SUM(B14:T14) -> 2189.53
A15: WSWT2025850 | B15: 0 | F15: 0 | H15: 11315.7 | I15: 11315.7 | J15: 5657.85 | K15: 35798.125 | L15: 16903.7 | M15: 24901.525 | N15: 14144.625 | O15: 33248.6 | P15: 21793.2 | Q15: 22352 | R15: 39046.15 | S15: 16135.35 | T15: 30559.375 | U15: =SUM(B15:T15) -> 283171.9
A16: WSWT2121670SM | B16: 0 | K16: 0 | T16: 0 | U16: =SUM(B16:T16) -> 0
A17: WSWT2125650 | U17: =SUM(B17:T17) -> 0
A18: WSWT2125800 | U18: =SUM(B18:T18) -> 0
A19: WSWT2321112512551 | U19: =SUM(B19:T19) -> 0
A20: WSWT2325650 | U20: =SUM(B20:T20) -> 0
A21: WSWT2625650 | U21: =SUM(B21:T21) -> 0
A22: WSWT2625800 | U22: =SUM(B22:T22) -> 0
A23: WSWT2625850SM | C23: 21311.316 | I23: 12433.3 | U23: =SUM(B23:T23) -> 33744.616
A24: WSWT2825850 | C24: 52761.285 | U24: =SUM(B24:T24) -> 52761.285
A25: ผลรวมทั้งหมด | B25: =SUM(B5:B24) -> 4401.1 | C25: =SUM(C5:C24) -> 74072.601 | D25: =SUM(D5:D24) -> 23399.75 | E25: =SUM(E5:E24) -> 23399.75 | F25: =SUM(F5:F24) -> 37439.6 | G25: =SUM(G5:G24) -> 47952.7 | H25: =SUM(H5:H24) -> 11315.7 | I25: =SUM(I5:I24) -> 44704 | ... U25: =SUM(U5:U24) -> 668657.36

Sheet 24-9-68
B2: เรียงกำหนดส่ง | D2: ลบ 0 | T2: เรียง 1
B3: ข้อมูลUpdate ณ. วันที่ | D3: 45924 | E3: เวลา | G3: 12
A4: วันรับออร์เดอร์/แบบ | B4: เลขที่ SO | C4: ชื่อลูกค้า | E4: 10.3 | I4: น้ำหนัก | L4: บิด/จับจีบ | M4: ถุงใน | Q4: 44873 | S4: วิธีบรรจุ | T4: วันส่ง | U4: จำนวนส่ง | V4: ตัดเย็บ (ใบ) | W4: 44873 | X4: พิมพ์ (ใบ) | Y4: 44876 | Z4: ผ้าทอ (เมตร) Updateณ | AB4: 44876 | AD4: ผ้าเคลือบ(เมตร) | AF4: หมายเหตุ | AG4: เครื่อง
B5: เลขที่ SO | C5: ชื่อลูกค้า | D5: ตรา | E5: กว้าง | F5: ยาว | G5: สี | H5: เคลือบ | I5: กรัม/ใบ | J5: * | K5: aw | L5: บิด/จับจีบ | M5: กว้าง | N5: ยาว | O5: หนา | P5: ใช้(กก.) | Q5: Stock(กก.) | R5: ผลิต(กก.) | S5: วิธีบรรจุ | T5: วันส่ง | U5: จำนวนส่ง | V5: StockFG | W5: ค้างตัด | X5: พิมพ์แล้ว | Y5: ค้างพิมพ์ | Z5: ประเภท | AA5: ใช้ | AB5: Stock | AC5: ค้างทอ | AD5: Stock | AE5: ค้างเคลือบ | AF5: หมายเหตุ | AG5: ที่พิมพ์ได้ | AH5: process | AI5: Lead time | AJ5: วันที่ส่งPL | AK5: เคลือบ | AL5: ได้ ART | AM5: พิมพ์ | AN5: จีบ-บิด | AO5: ตัด-เย็บ | AP5: ทอ | AQ5: สวมถุง | AR5: เย็บปาก | AS5: PT | AT5: ม้วน | AU5: ตัด | AV5: ตอกตาไก่ | AW5: GROUP | AX5: ART | AY5: หมายเหตุปัญหา | AZ5: ราคา/ใบ | BA5: ราคารวม | BB5: workweek | BC5: เส้นเทป | BD5: จำนวน
A6: 45897 | B6: MK68-001045 | C6: บจก.เคอรี่ฟลาวมิลล์ | D6: น้องเอินโดนัท 10กก | E6: 16 | F6: 25 | G6: ขาว | H6: 0 | I6: 45 | J6: ± | K6: 5 | L6: ไม่ | M6: ไม่สวมถุงใน | N6: 0 | O6: 0 | P6: 0 | Q6: 0 | R6: 0 | S6: ห่ออัดเบลแบน500 | T6: 45925 | U6: 5000 | V6: 5000 | W6: 0 | X6: 5400 | Y6: 0 | Z6: WSWT1625800 | AA6: 0 | AB6: 0 | AC6: 0 | AD6: 0 | AE6: 0 | AF6: 0 | AG6: พร้อมส่ง | AH6: P7 | AI6: 2 | AJ6: 45925 | AK6: 0 | AL6: 45916 | AM6: 45923 | AN6: 45924 | AO6: 45924 | AP6: 45920 | AQ6: 0 | AR6: 0 | AS6: 0 | AT6: 0 | AU6: 0 | AV6: 0 | AW6: งานพิมพ์ | AX6: / | AY6: สีลอกทั้งหมด | AZ6: 0 | BA6: 0 | BB6: 0 | BC6: WRWT25800/WRWT25800 | BD6: 0
A7: 0 | B7: 0 | C7: 0 | D7: 0 | E7: 16 | F7: 25 | G7: ขาว | H7: 0 | I7: 45 | J7: ± | K7: 5 | L7: 0 | M7: 0 | N7: 0 | O7: 0 | P7: 0 | Q7: 0 | R7: 0 | S7: 0 | U7: 0 | V7: 0 | W7: 0 | X7: 0 | Y7: 0 | Z7: WSWT1625800 | AA7: 0 | AB7: 0 | AC7: 0 | AD7: 0 | AE7: 0 | AF7: ระบุในSD | AG7: ยังไม่ได้พิมพ์ | AH7: 0 | AI7: Lead time | AJ7: 0 | AK7: 0 | AL7: 0 | AM7: 0 | AN7: 0 | AO7: 0 | AP7: 0 | AQ7: 0 | AR7: 0 | AS7: 0 | AT7: 0 | AU7: 0 | AV7: 0 | AW7: 0 | AX7: 0 | AY7: 0 | AZ7: 0 | BA7: 0 | BB7: 0 | BC7: WRWT160800/WRWT25800 | BD7: 0
A8: 45923 | B8: MK68-001164 | C8: ร้านเห็ดไพลิน | D8: เพชร | E8: 18 | F8: 28 | G8: ขาว | H8: 0 | I8: 50 | J8: ± | K8: 5 | L8: ไม่ | M8: 19 | N8: 29 | O8: 40 | P8: 67.96838 | Q8: 0 | R8: 67.96838 | S8: 500กระสอบ | T8: 45930 | U8: 5000 | V8: 0 | W8: 5000 | X8: 0 | Y8: 5250 | Z8: WSWT1825800 | AA8: 4121.15 | AB8: 2500 | AC8: 1621.15 | AD8: 0 | AE8: 0 | AF8: 0 | AG8: ยังไม่ได้พิมพ์ | AH8: P9 | AI8: 3 | AJ8: 45930 | AK8: 0 | AL8: 45920 | AM8: 45927 | AN8: 45928 | AO8: 45928 | AP8: 45925 | AQ8: 45929 | AR8: 0 | AS8: 0 | AT8: 0 | AU8: 0 | AV8: 0 | AW8: งานพิมพ์ | AX8: / | AY8: 0 | AZ8: 0 | BA8: 0 | BB8: 0 | BC8: WRWT25800/WRWT25800 | BD8: 111.53512
A9: 45923 | B9: MK68-001161 | C9: หจก.อนนท์อุตสาหกรรม | D9: อนนท์ 20 กก. | E9: 18 | F9: 28 | G9: ขาว | H9: 0 | I9: 50 | J9: ± | K9: 5 | L9: ไม่ | M9: 19 | N9: 31 | O9: 40 | P9: 72.655855 | Q9: 0 | R9: 72.655855 | S9: 500กระสอบแบน | T9: 45950 | U9: 5000 | V9: 0 | W9: 5000 | X9: 0 | Y9: 5250 | Z9: WSWT1825800 | AA9: 4121.15 | AB9: 0 | AC9: 4121.15 | AD9: 0 | AE9: 0 | AF9: 0 | AG9: ยังไม่ได้พิมพ์ | AH9: P9 | AI9: 3 | AJ9: 45950 | AK9: 0 | AL9: 45940 | AM9: 45947 | AN9: 45948 | AO9: 45948 | AP9: 45945 | AQ9: 45949 | AR9: 0 | AS9: 0 | AT9: 0 | AU9: 0 | AV9: 0 | AW9: งานพิมพ์ | AX9: / | AY9: 0 | AZ9: 0 | BA9: 0 | BB9: 0 | BC9: WRWT25800/WRWT25800 | BD9: 283.53512
A10: 45923 | B10: MK68-001162 | C10: หจก.อนนท์อุตสาหกรรม | D10: ดาว 20 กก. | E10: 18 | F10: 28 | G10: ขาว | H10: 0 | I10: 50 | J10: ± | K10: 5 | L10: ไม่ | M10: 19 | N10: 31 | O10: 40 | P10: 363.27927 | Q10: 0 | R10: 363.27927 | S10: 500กระสอบแบน | T10: 45950 | U10: 25000 | V10: 0 | W10: 25000 | X10: 0 | Y10: 26250 | Z10: WSWT1825800 | AA10: 20605.75 | AB10: 0 | AC10: 20605.75 | AD10: 0 | AE10: 0 | AF10: 0 | AG10: ยังไม่ได้พิมพ์ | AH10: P9 | AI10: 3 | AJ10: 45950 | AK10: 0 | AL10: 45940 | AM10: 45947 | AN10: 45948 | AO10: 45948 | AP10: 45945 | AQ10: 45949 | AR10: 0 | AS10: 0 | AT10: 0 | AU10: 0 | AV10: 0 | AW10: งานพิมพ์ | AX10: / | AY10: 0 | AZ10: 0 | BA10: 0 | BB10: 0 | BC10: WRWT25800/WRWT25800 | BD10: 1417.6756
A11: 45923 | B11: MK68-001162 | C11: หจก.อนนท์อุตสาหกรรม | D11: ดาว 20 กก. | E11: 18 | F11: 28 | G11: ขาว | H11: 0 | I11: 50 | J11: ± | K11: 5 | L11: ไม่ | M11: 19 | N11: 31 | O11: 40 | P11: 363.27927 | Q11: 0 | R11: 363.27927 | S11: 500กระสอบแบน | T11: 45955 | U11: 25000 | V11: 0 | W11: 25000 | X11: 0 | Y11: 26250 | Z11: WSWT1825800 | AA11: 20605.75 | AB11: 0 | AC11: 20605.75 | AD11: 0 | AE11: 0 | AF11: 0 | AG11: ยังไม่ได้พิมพ์ | AH11: P9 | AI11: 3 | AJ11: 45955 | AK11: 0 | AL11: 45945 | AM11: 45952 | AN11: 45953 | AO11: 45953 | AP11: 45950 | AQ11: 45954 | AR11: 0 | AS11: 0 | AT11: 0 | AU11: 0 | AV11: 0 | AW11: งานพิมพ์ | AX11: / | AY11: 0 | AZ11: 0 | BA11: 0 | BB11: 0 | BC11: WRWT25800/WRWT25800 | BD11: 1417.6756
A12: 45923 | B12: MK68-001162 | C12: หจก.อนนท์อุตสาหกรรม | D12: ดาว 20 กก. | E12: 18 | F12: 28 | G12: ขาว | H12: 0 | I12: 50 | J12: ± | K12: 5 | L12: ไม่ | M12: 19 | N12: 31 | O12: 40 | P12: 363.27927 | Q12: 0 | R12: 363.27927 | S12: 500กระสอบแบน | T12: 45958 | U12: 25000 | V12: 0 | W12: 25000 | X12: 0 | Y12: 26250 | Z12: WSWT1825800 | AA12: 20605.75 | AB12: 0 | AC12: 20605.75 | AD12: 0 | AE12: 0 | AF12: 0 | AG12: พร้อมส่ง | AH12: P9 | AI12: 3 | AJ12: 45958 | AK12: 0 | AL12: 45948 | AM12: 45955 | AN12: 45956 | AO12: 45956 | AP12: 45953 | AQ12: 45957 | AR12: 0 | AS12: 0 | AT12: 0 | AU12: 0 | AV12: 0 | AW12: งานพิมพ์ | AX12: / | AY12: 0 | AZ12: 0 | BA12: 0 | BB12: 0 | BC12: WRWT25800/WRWT25800 | BD12: 1417.6756
A13: 45923 | B13: MK68-001162 | C13: หจก.อนนท์อุตสาหกรรม | D13: ดาว 20 กก. | E13: 18 | F13: 28 | G13: ขาว | H13: 0 | I13: 50 | J13: ± | K13: 5 | L13: ไม่ | M13: 19 | N13: 31 | O13: 40 | P13: 363.27927 | Q13: 0 | R13: 363.27927 | S13: 500กระสอบแบน | T13: 45961 | U13: 25000 | V13: 0 | W13: 25000 | X13: 0 | Y13: 26250 | Z13: WSWT1825800 | AA13: 20605.75 | AB13: 0 | AC13: 20605.75 | AD13: 0 | AE13: 0 | AF13: 0 | AG13: พร้อมส่ง | AH13: P9 | AI13: 3 | AJ13: 45961 | AK13: 0 | AL13: 45951 | AM13: 45958 | AN13: 45959 | AO13: 45959 | AP13: 45956 | AQ13: 45960 | AR13: 0 | AS13: 0 | AT13: 0 | AU13: 0 | AV13: 0 | AW13: งานพิมพ์ | AX13: / | AY13: 0 | AZ13: 0 | BA13: 0 | BB13: 0 | BC13: WRWT25800/WRWT25800 | BD13: 1417.6756
A14: ประมาณการ | B14: ประมาณการ | C14: บจก.ฟาร์เธอร์ส วิง ซัพพลาย | D14: รถไฟ | E14: 18 | F14: 30 | G14: ขาว | H14: 0 | I14: 54 | J14: ± | K14: 5 | L14: บิด | M14: 19 | N14: 33 | O14: 40 | P14: 232.02999 | Q14: 0 | R14: 232.02999 | S14: 500กระสอบ | T14: รอแจ้ง | U14: 15000 | V14: 0 | W14: 15000 | X14: 0 | Y14: 15750 | Z14: WSWT1825800 | AA14: 13201.65 | AB14: 0 | AC14: 13201.65 | AD14: 0 | AE14: 0 | AF14: 0 | AG14: รอตัด | AH14: P9 | AI14: 3 | AJ14: รอแจ้ง | AK14: 0 | AL14: #VALUE! | AM14: #VALUE! | AN14: #VALUE! | AO14: #VALUE! | AP14: #VALUE! | AQ14: #VALUE! | AR14: 0 | AS14: 0 | AT14: 0 | AU14: 0 | AV14: 0 | AW14: งานพิมพ์ | AX14: รอART | AY14: 0 | AZ14: 0 | BA14: 0 | BB14: 0 | BC14: WRWT25800/WRWT25800 | BD14: 908.27352
A15: 0 | B15: 0 | E15: 18 | F15: 30 | G15: ขาว | H15: 0 | I15: 54 | J15: ± | K15: 5 | L15: 0 | M15: 0 | N15: 0 | O15: 0 | P15: 0 | Q15: 0 | R15: 0 | S15: 0 | U15: 0 | V15: 0 | W15: 0 | X15: 0 | Y15: 0 | Z15: WSWT1825800 | AA15: 103866.95 | AB15: 2500 | AC15: 101366.95 | AD15: 0 | AE15: 0 | AF15: ระบุในSD | AG15: ยังไม่ได้พิมพ์ | AH15: 0 | AI15: Lead time | AJ15: 0 | AK15: 0 | AL15: 0 | AM15: 0 | AN15: 0 | AO15: 0 | AP15: 0 | AQ15: 0 | AR15: 0 | AS15: 0 | AT15: 0 | AU15: 0 | AV15: 0 | AW15: 0 | AX15: 0 | AY15: 0 | AZ15: 0 | BA15: 0 | BB15: 0 | BC15: WRWT25800/WRWT25800 | BD15: 0
A16: 45916 | B16: MK68-001117 | C16: บจก.เอ็กเซลเล้นท์ ไพโอเนียร์ | D16: นกทอง | E16: 19 | F16: 30 | G16: ขาว | H16: 0 | I16: 60 | J16: ± | K16: 5 | L16: บิด | M16: ไม่สวมถุงใน | N16: 0 | O16: 0 | P16: 0 | Q16: 0 | R16: 0 | S16: 500กระสอบ | T16: 45925 | U16: 20000 | V16: 0 | W16: 20000 | X16: 20940 | Y16: 0 | Z16: WSWT1925800 | AA16: 0 | AB16: 0 | AC16: 0 | AD16: 0 | AE16: 0 | AF16: 0 | AG16: ยังไม่ได้พิมพ์ | AH16: P7 | AI16: 2 | AJ16: 45925 | AK16: 0 | AL16: 45916 | AM16: 45923 | AN16: 45924 | AO16: 45924 | AP16: 45920 | AQ16: 0 | AR16: 0 | AS16: 0 | AT16: 0 | AU16: 0 | AV16: 0 | AW16: งานพิมพ์ | AX16: / | AY16: 0 | AZ16: 0 | BA16: 0 | BB16: 0 | BC16: WRWT25800/WRWT25800 | BD16: 0
A17: 45920 | B17: MK68-001139 | C17: บจก.เพรซิเดนท์ฟลาวมิลล์ | D17: ผึ้งเหลือง | E17: 19 | F17: 30 | G17: ขาว | H17: 0 | I17: 60 | J17: ± | K17: 5 | L17: บิด | M17: ไม่สวมถุงใน | N17: 0 | O17: 0 | P17: 0 | Q17: 0 | R17: 0 | S17: 500กระสอบแบน | T17: 45938 | U17: 50000 | V17: 0 | W17: 50000 | X17: 0 | Y17: 52500 | Z17: WSWT1925800 | AA17: 44005.5 | AB17: 39260 | AC17: 4745.5 | AD17: 0 | AE17: 0 | AF17: 0 | AG17: ยังไม่ได้พิมพ์ | AH17: P7 | AI17: 2 | AJ17: 45938 | AK17: 0 | AL17: 45929 | AM17: 45936 | AN17: 45937 | AO17: 45937 | AP17: 45933 | AQ17: 0 | AR17: 0 | AS17: 0 | AT17: 0 | AU17: 0 | AV17: 0 | AW17: งานพิมพ์ | AX17: / | AY17: เย็น8/10 | AZ17: 0 | BA17: 0 | BB17: 0 | BC17: WRWT25800/WRWT25800 | BD17: 344.62876
A18: 45920 | B18: MK68-001140 | C18: บจก.เพรซิเดนท์ฟลาวมิลล์ | D18: ผึ้งชมพู | E18: 19 | F18: 30 | G18: ขาว | H18: 0 | I18: 60 | J18: ± | K18: 5 | L18: บิด | M18: ไม่สวมถุงใน | N18: 0 | O18: 0 | P18: 0 | Q18: 0 | R18: 0 | S18: 500กระสอบแบน | T18: 45938 | U18: 20000 | V18: 0 | W18: 20000 | X18: 0 | Y18: 21000 | Z18: WSWT1925800 | AA18: 17602.2 | AB18: 0 | AC18: 17602.2 | AD18: 0 | AE18: 0 | AF18: 0 | AG18: รอแบบ | AH18: P7 | AI18: 2 | AJ18: 45938 | AK18: 0 | AL18: 45929 | AM18: 45936 | AN18: 45937 | AO18: 45937 | AP18: 45933 | AQ18: 0 | AR18: 0 | AS18: 0 | AT18: 0 | AU18: 0 | AV18: 0 | AW18: งานพิมพ์ | AX18: / | AY18: เย็น8/10 | AZ18: 0 | BA18: 0 | BB18: 0 | BC18: WRWT25800/WRWT25800 | BD18: 1278.3109
A19: 45920 | B19: MK68-001140 | C19: บจก.เพรซิเดนท์ฟลาวมิลล์ | D19: ผึ้งชมพู | E19: 19 | F19: 30 | G19: ขาว | H19: 0 | I19: 60 | J19: ± | K19: 5 | L19: บิด | M19: ไม่สวมถุงใน | N19: 0 | O19: 0 | P19: 0 | Q19: 0 | R19: 0 | S19: 500กระสอบแบน | T19: 45952 | U19: 20000 | V19: 0 | W19: 20000 | X19: 0 | Y19: 21000 | Z19: WSWT1925800 | AA19: 17602.2 | AB19: 0 | AC19: 17602.2 | AD19: 0 | AE19: 0 | AF19: 0 | AG19: ยังไม่ได้พิมพ์ | AH19: P7 | AI19: 2 | AJ19: 45952 | AK19: 0 | AL19: 45943 | AM19: 45950 | AN19: 45951 | AO19: 45951 | AP19: 45947 | AQ19: 0 | AR19: 0 | AS19: 0 | AT19: 0 | AU19: 0 | AV19: 0 | AW19: งานพิมพ์ | AX19: / | AY19: 0 | AZ19: 0 | BA19: 0 | BB19: 0 | BC19: WRWT25800/WRWT25800 | BD19: 1278.3109
A20: ประมาณการ | B20: ประมาณการ | C20: บจก.ไลม์มาสเตอร์ | D20: LMC 25 kg | E20: 19 | F20: 32 | G20: ขาว | H20: 0 | I20: 64 | J20: ± | K20: 5 | L20: ไม่ | M20: 20 | N20: 35 | O20: 40 | P20: 341.36903 | Q20: 0 | R20: 341.36903 | S20: 500กระสอบแบน | T20: 45961 | U20: 20000 | V20: 233 | W20: 19767 | X20: 0 | Y20: 20755.35 | Z20: WSWT1925800 | AA20: 18501.714 | AB20: 0 | AC20: 18501.714 | AD20: 0 | AE20: 0 | AF20: 0 | AG20: พร้อมส่ง | AH20: P9 | AI20: 3 | AJ20: 45961 | AK20: 0 | AL20: 45951 | AM20: 45958 | AN20: 45959 | AO20: 45959 | AP20: 45956 | AQ20: 45960 | AR20: 0 | AS20: 0 | AT20: 0 | AU20: 0 | AV20: 0 | AW20: งานพิมพ์ | AX20: รอART | AY20: 0 | AZ20: 0 | BA20: 0 | BB20: 0 | BC20: WRWT25800/WRWT25800 | BD20: 1343.6356
A21: ประมาณการ | B21: ประมาณการ | C21: บจก.เอ็กเซลเล้นท์ | D21: รอแบบ | E21: 19 | F21: 30 | G21: ขาว | H21: 0 | I21: 60 | J21: ± | K21: 5 | L21: บิด | M21: ไม่สวมถุงใน | N21: 0 | O21: 0 | P21: 0 | Q21: 0 | R21: 0 | S21: 500กระสอบ | T21: 45961 | U21: 40000 | V21: 0 | W21: 40000 | X21: 0 | Y21: 42000 | Z21: WSWT1925800 | AA21: 35204.4 | AB21: 0 | AC21: 35204.4 | AD21: 0 | AE21: 0 | AF21: 0 | AG21: พร้อมส่ง | AH21: P7 | AI21: 2 | AJ21: 45961 | AK21: 0 | AL21: 45952 | AM21: 45959 | AN21: 45960 | AO21: 45960 | AP21: 45956 | AQ21: 0 | AR21: 0 | AS21: 0 | AT21: 0 | AU21: 0 | AV21: 0 | AW21: งานพิมพ์ | AX21: รอART | AY21: 0 | AZ21: 0 | BA21: 0 | BB21: 0 | BC21: WRWT25800/WRWT25800 | BD21: 2556.6218
A22: ประมาณการ | B22: ประมาณการ | C22: บจก.เพรซิเดนท์ฟลาวมิลล์ | D22: ผึ้งเหลือง | E22: 19 | F22: 30 | G22: ขาว | H22: 0 | I22: 60 | J22: ± | K22: 5 | L22: บิด | M22: ไม่สวมถุงใน | N22: 0 | O22: 0 | P22: 0 | Q22: 0 | R22: 0 | S22: 500กระสอบ | T22: 45961 | U22: 140000 | V22: 0 | W22: 140000 | X22: 0 | Y22: 147000 | Z22: WSWT1925800 | AA22: 123215.4 | AB22: 0 | AC22: 123215.4 | AD22: 0 | AE22: 0 | AF22: 0 | AG22: พร้อมส่ง | AH22: P7 | AI22: 2 | AJ22: 45961 | AK22: 0 | AL22: 45952 | AM22: 45959 | AN22: 45960 | AO22: 45960 | AP22: 45956 | AQ22: 0 | AR22: 0 | AS22: 0 | AT22: 0 | AU22: 0 | AV22: 0 | AW22: งานพิมพ์ | AX22: รอART | AY22: 0 | AZ22: 0 | BA22: 0 | BB22: 0 | BC22: WRWT25800/WRWT25800 | BD22: 8948.1762
A23: 0 | B23: 0 | C23: 0 | D23: 0 | E23: 19 | F23: 30 | G23: ขาว | H23: 0 | I23: 60 | J23: ± | K23: 5 | L23: 0 | M23: 0 | N23: 0 | O23: 0 | P23: 0 | Q23: 0 | R23: 0 | S23: 0 | U23: 0 | V23: 0 | W23: 0 | X23: 0 | Y23: 0 | Z23: WSWT1925800 | AA23: 256131.41 | AB23: 39260 | AC23: 216871.41 | AD23: 0 | AE23: 0 | AF23: ระบุในSD | AG23: พร้อมส่ง | AH23: 0 | AI23: Lead time | AJ23: 0 | AK23: 0 | AL23: 0 | AM23: 0 | AN23: 0 | AO23: 0 | AP23: 0 | AQ23: 0 | AR23: 0 | AS23: 0 | AT23: 0 | AU23: 0 | AV23: 0 | AW23: 0 | AX23: 0 | AY23: 0 | AZ23: 0 | BA23: 0 | BB23: 0 | BC23: WRWT25800/WRWT25800 | BD23: 0
A24: 45910 | B24: MK68-001099 | C24: บจก.เคอรี่ฟลาวมิลล์ | D24: ถุงเขียว | E24: 19 | F24: 32 | G24: ขาว | H24: 0 | I24: 67 | J24: + | K24: 5 | L24: บิด | M24: ไม่สวมถุงใน | N24: 0 | O24: 0 | P24: 0 | Q24: 0 | R24: 0 | S24: ห่ออัดเบลแบน500 | T24: 45925 | U24: 10000 | V24: 10000 | W24: 0 | X24: 10400 | Y24: 0 | Z24: WSWT1921720 | AA24: 0 | AB24: 0 | AC24: 0 | AD24: 0 | AE24: 0 | AF24: PDR250299 | AG24: พร้อมส่ง | AH24: P7 | AI24: 2 | AJ24: 45925 | AK24: 0 | AL24: 45916 | AM24: 45923 | AN24: 45924 | AO24: 45924 | AP24: 45920 | AQ24: 0 | AR24: 0 | AS24: 0 | AT24: 0 | AU24: 0 | AV24: 0 | AW24: งานพิมพ์ | AX24: / | AY24: 0 | AZ24: 0 | BA24: 0 | BB24: 0 | BC24: WRWT21720/WRWT25800 | BD24: 0
A25: 45910 | B25: MK68-001099 | C25: บจก.เคอรี่ฟลาวมิลล์ | D25: ถุงทองแซนวิช | E25: 19 | F25: 32 | G25: ขาว | H25: 0 | I25: 67 | J25: + | K25: 5 | L25: บิด | M25: ไม่สวมถุงใน | N25: 0 | O25: 0 | P25: 0 | Q25: 0 | R25: 0 | S25: ห่ออัดเบลแบน500 | T25: 45925 | U25: 10000 | V25: 10000 | W25: 0 | X25: 10490 | Y25: 0 | Z25: WSWT1921720 | AA25: 0 | AB25: 0 | AC25: 0 | AD25: 0 | AE25: 0 | AF25: PDR250299 | AG25: พร้อมส่ง | AH25: P7 | AI25: 2 | AJ25: 45925 | AK25: 0 | AL25: 45916 | AM25: 45923 | AN25: 45924 | AO25: 45924 | AP25: 45920 | AQ25: 0 | AR25: 0 | AS25: 0 | AT25: 0 | AU25: 0 | AV25: 0 | AW25: งานพิมพ์ | AX25: / | AY25: ลบสี 500 | AZ25: 0 | BA25: 0 | BB25: 0 | BC25: WRWT21720/WRWT25800 | BD25: 0
A26: 45910 | B26: MK68-001099 | C26: บจก.เคอรี่ฟลาวมิลล์ | D26: BS | E26: 19 | F26: 32 | G26: ขาว | H26: 0 | I26: 67 | J26: + | K26: 5 | L26: บิด | M26: ไม่สวมถุงใน | N26: 0 | O26: 0 | P26: 0 | Q26: 0 | R26: 0 | S26: ห่ออัดเบลแบน500 | T26: 45925 | U26: 5000 | V26: 5000 | W26: 0 | X26: 5250 | Y26: 0 | Z26: WSWT1921720 | AA26: 0 | AB26: 0 | AC26: 0 | AD26: 0 | AE26: 0 | AF26: PDR250299 | AG26: พร้อมส่ง | AH26: P7 | AI26: 2 | AJ26: 45925 | AK26: 0 | AL26: 45916 | AM26: 45923 | AN26: 45924 | AO26: 45924 | AP26: 45920 | AQ26: 0 | AR26: 0 | AS26: 0 | AT26: 0 | AU26: 0 | AV26: 0 | AW26: งานพิมพ์ | AX26: / | AY26: ลบสี 900 | AZ26: 0 | BA26: 0 | BB26: 0 | BC26: WRWT21720/WRWT25800 | BD26: 0
A27: 45912 | B27: MK68-001108 | C27: บจก.เคอรี่ฟลาวมิลล์ | D27: ถุงเขียว | E27: 19 | F27: 32 | G27: ขาว | H27: 0 | I27: 67 | J27: + | K27: 5 | L27: บิด | M27: ไม่สวมถุงใน | N27: 0 | O27: 0 | P27: 0 | Q27: 0 | R27: 0 | S27: ห่ออัดเบลแบน500 | T27: 45925 | U27: 10000 | V27: 10000 | W27: 0 | X27: 10600 | Y27: 0 | Z27: WSWT1921720 | AA27: 0 | AB27: 0 | AC27: 0 | AD27: 0 | AE27: 0 | AF27: PDR250302 | AG27: พร้อมส่ง | AH27: P7 | AI27: 2 | AJ27: 45925 | AK27: 0 | AL27: 45916 | AM27: 45923 | AN27: 45924 | AO27: 45924 | AP27: 45920 | AQ27: 0 | AR27: 0 | AS27: 0 | AT27: 0 | AU27: 0 | AV27: 0 | AW27: งานพิมพ์ | AX27: / | AY27: 0 | AZ27: 0 | BA27: 0 | BB27: 0 | BC27: WRWT21720/WRWT25800 | BD27: 0
A28: 45912 | B28: MK68-001108 | C28: บจก.เคอรี่ฟลาวมิลล์ | D28: ถุงเงิน | E28: 19 | F28: 32 | G28: ขาว | H28: 0 | I28: 67 | J28: + | K28: 5 | L28: บิด | M28: ไม่สวมถุงใน | N28: 0 | O28: 0 | P28: 0 | Q28: 0 | R28: 0 | S28: ห่ออัดเบลแบน500 | T28: 45925 | U28: 5000 | V28: 5000 | W28: 0 | X28: 5300 | Y28: 0 | Z28: WSWT1921720 | AA28: 0 | AB28: 0 | AC28: 0 | AD28: 0 | AE28: 0 | AF28: PDR250302 | AG28: พร้อมส่ง | AH28: P7 | AI28: 2 | AJ28: 45925 | AK28: 0 | AL28: 45916 | AM28: 45923 | AN28: 45924 | AO28: 45924 | AP28: 45920 | AQ28: 0 | AR28: 0 | AS28: 0 | AT28: 0 | AU28: 0 | AV28: 0 | AW28: งานพิมพ์ | AX28: / | AY28: 0 | AZ28: 0 | BA28: 0 | BB28: 0 | BC28: WRWT21720/WRWT25800 | BD28: 0
A29: 45912 | B29: MK68-001108 | C29: บจก.เคอรี่ฟลาวมิลล์ | D29: ดอกไม้ม่วง | E29: 19 | F29: 32 | G29: ขาว | H29: 0 | I29: 67 | J29: + | K29: 5 | L29: บิด | M29: ไม่สวมถุงใน | N29: 0 | O29: 0 | P29: 0 | Q29: 0 | R29: 0 | S29: ห่ออัดเบลแบน500 | T29: 45925 | U29: 5000 | V29: 5000 | W29: 0 | X29: 5600 | Y29: 0 | Z29: WSWT1921720 | AA29: 0 | AB29: 0 | AC29: 0 | AD29: 0 | AE29: 0 | AF29: PDR250302 | AG29: พร้อมส่ง | AH29: P7 | AI29: 2 | AJ29: 45925 | AK29: 0 | AL29: 45916 | AM29: 45923 | AN29: 45924 | AO29: 45924 | AP29: 45920 | AQ29: 0 | AR29: 0 | AS29: 0 | AT29: 0 | AU29: 0 | AV29: 0 | AW29: งานพิมพ์ | AX29: / | AY29: 0 | AZ29: 0 | BA29: 0 | BB29: 0 | BC29: WRWT21720/WRWT25800 | BD29: 0
A30: 45912 | B30: MK68-001109 | C30: บจก.เคอรี่ฟลาวมิลล์ | D30: NHR-1 | E30: 19 | F30: 32 | G30: ขาว | H30: 0 | I30: 67 | J30: + | K30: 5 | L30: บิด | M30: ไม่สวมถุงใน | N30: 0 | O30: 0 | P30: 0 | Q30: 0 | R30: 0 | S30: ห่ออัดเบลแบน500 | T30: 45927 | U30: 5000 | V30: 5000 | W30: 0 | X30: 5250 | Y30: 0 | Z30: WSWT1921720 | AA30: 0 | AB30: 0 | AC30: 0 | AD30: 0 | AE30: 0 | AF30: PDR250303 | AG30: พร้อมส่ง | AH30: P7 | AI30: 2 | AJ30: 45927 | AK30: 0 | AL30: 45918 | AM30: 45925 | AN30: 45926 | AO30: 45926 | AP30: 45922 | AQ30: 0 | AR30: 0 | AS30: 0 | AT30: 0 | AU30: 0 | AV30: 0 | AW30: งานพิมพ์ | AX30: / | AY30: 0 | AZ30: 0 | BA30: 0 | BB30: 0 | BC30: WRWT21720/WRWT25800 | BD30: 0
A31: 45912 | B31: MK68-001109 | C31: บจก.เคอรี่ฟลาวมิลล์ | D31: ถุงเงิน | E31: 19 | F31: 32 | G31: ขาว | H31: 0 | I31: 67 | J31: + | K31: 5 | L31: บิด | M31: ไม่สวมถุงใน | N31: 0 | O31: 0 | P31: 0 | Q31: 0 | R31: 0 | S31: ห่ออัดเบลแบน500 | T31: 45927 | U31: 5000 | V31: 5000 | W31: 0 | X31: 5300 | Y31: 0 | Z31: WSWT1921720 | AA31: 0 | AB31: 0 | AC31: 0 | AD31: 0 | AE31: 0 | AF31: PDR250303 | AG31: พร้อมส่ง | AH31: P7 | AI31: 2 | AJ31: 45927 | AK31: 0 | AL31: 45918 | AM31: 45925 | AN31: 45926 | AO31: 45926 | AP31: 45922 | AQ31: 0 | AR31: 0 | AS31: 0 | AT31: 0 | AU31: 0 | AV31: 0 | AW31: งานพิมพ์ | AX31: / | AY31: 0 | AZ31: 0 | BA31: 0 | BB31: 0 | BC31: WRWT21720/WRWT25800 | BD31: 0
A32: 45912 | B32: MK68-001109 | C32: บจก.เคอรี่ฟลาวมิลล์ | D32: ดอกไม้เขียว | E32: 19 | F32: 32 | G32: ขาว | H32: 0 | I32: 67 | J32: + | K32: 5 | L32: บิด | M32: ไม่สวมถุงใน | N32: 0 | O32: 0 | P32: 0 | Q32: 0 | R32: 0 | S32: ห่ออัดเบลแบน500 | T32: 45927 | U32: 10000 | V32: 10000 | W32: 0 | X32: 10500 | Y32: 0 | Z32: WSWT1921720 | AA32: 0 | AB32: 0 | AC32: 0 | AD32: 0 | AE32: 0 | AF32: PDR250303 | AG32: พร้อมส่ง | AH32: P7 | AI32: 2 | AJ32: 45927 | AK32: 0 | AL32: 45918 | AM32: 45925 | AN32: 45926 | AO32: 45926 | AP32: 45922 | AQ32: 0 | AR32: 0 | AS32: 0 | AT32: 0 | AU32: 0 | AV32: 0 | AW32: งานพิมพ์ | AX32: / | AY32: 0 | AZ32: 0 | BA32: 0 | BB32: 0 | BC32: WRWT21720/WRWT25800 | BD32: 0
A33: 45916 | B33: MK68-001116 | C33: บจก.เคอรี่ฟลาวมิลล์ | D33: กุ้งแดง | E33: 19 | F33: 32 | G33: ขาว | H33: 0 | I33: 67 | J33: + | K33: 5 | L33: บิด | M33: ไม่สวมถุงใน | N33: 0 | O33: 0 | P33: 0 | Q33: 0 | R33: 0 | S33: ห่ออัดเบลแบน500 | T33: 45927 | U33: 10000 | V33: 10000 | W33: 0 | X33: 10500 | Y33: 0 | Z33: WSWT1921720 | AA33: 0 | AB33: 0 | AC33: 0 | AD33: 0 | AE33: 0 | AF33: PDR250307 | AG33: ผ้าขาว | AH33: P7 | AI33: 2 | AJ33: 45927 | AK33: 0 | AL33: 45918 | AM33: 45925 | AN33: 45926 | AO33: 45926 | AP33: 45922 | AQ33: 0 | AR33: 0 | AS33: 0 | AT33: 0 | AU33: 0 | AV33: 0 | AW33: งานพิมพ์ | AX33: / | AY33: 0 | AZ33: 0 | BA33: 0 | BB33: 0 | BC33: WRWT21720/WRWT25800 | BD33: 0
A34: 45916 | B34: MK68-001116 | C34: บจก.เคอรี่ฟลาวมิลล์ | D34: ดอกไม้เขียว | E34: 19 | F34: 32 | G34: ขาว | H34: 0 | I34: 67 | J34: + | K34: 5 | L34: บิด | M34: ไม่สวมถุงใน | N34: 0 | O34: 0 | P34: 0 | Q34: 0 | R34: 0 | S34: ห่ออัดเบลแบน500 | T34: 45927 | U34: 10000 | V34: 10000 | W34: 0 | X34: 10500 | Y34: 0 | Z34: WSWT1921720 | AA34: 0 | AB34: 0 | AC34: 0 | AD34: 0 | AE34: 0 | AF34: PDR250307 | AG34: พร้อมส่ง | AH34: P7 | AI34: 2 | AJ34: 45927 | AK34: 0 | AL34: 45918 | AM34: 45925 | AN34: 45926 | AO34: 45926 | AP34: 45922 | AQ34: 0 | AR34: 0 | AS34: 0 | AT34: 0 | AU34: 0 | AV34: 0 | AW34: งานพิมพ์ | AX34: / | AY34: 0 | AZ34: 0 | BA34: 0 | BB34: 0 | BC34: WRWT21720/WRWT25800 | BD34: 0
A35: 45916 | B35: MK68-001116 | C35: บจก.เคอรี่ฟลาวมิลล์ | D35: บลูทีมแดง | E35: 19 | F35: 32 | G35: ขาว | H35: 0 | I35: 67 | J35: + | K35: 5 | L35: บิด | M35: ไม่สวมถุงใน | N35: 0 | O35: 0 | P35: 0 | Q35: 0 | R35: 0 | S35: ห่ออัดเบลแบน500 | T35: 45927 | U35: 5000 | V35: 5000 | W35: 0 | X35: 5400 | Y35: 0 | Z35: WSWT1921720 | AA35: 0 | AB35: 0 | AC35: 0 | AD35: 0 | AE35: 0 | AF35: PDR250307 | AG35: พร้อมส่ง | AH35: P7 | AI35: 2 | AJ35: 45927 | AK35: 0 | AL35: 45918 | AM35: 45925 | AN35: 45926 | AO35: 45926 | AP35: 45922 | AQ35: 0 | AR35: 0 | AS35: 0 | AT35: 0 | AU35: 0 | AV35: 0 | AW35: งานพิมพ์ | AX35: / | AY35: สีลอกทั้งหมด และ ลบสี | AZ35: 0 | BA35: 0 | BB35: 0 | BC35: WRWT21720/WRWT25800 | BD35: 0
A36: 45913 | B36: MK68-001113 | C36: บจก.เคอรี่ฟลาวมิลล์ | D36: ไม่พิมพ์ | E36: 19 | F36: 36 | G36: ขาว | H36: 0 | I36: 75 | J36: + | K36: 5 | L36: ไม่ | M36: ไม่สวมถุงใน | N36: 0 | O36: 0 | P36: 0 | Q36: 0 | R36: 0 | S36: ห่ออัดเบลแบน500 | T36: 45930 | U36: 10000 | V36: 10000 | W36: 0 | X36: 0 | Y36: 0 | Z36: WSWT1921720 | AA36: 0 | AB36: 0 | AC36: 0 | AD36: 0 | AE36: 0 | AF36: PDR250306 | AG36: ยังไม่ได้พิมพ์ | AH36: P3 | AI36: 1 | AJ36: 45930 | AK36: 0 | AL36: 0 | AM36: 0 | AN36: 0 | AO36: 45929 | AP36: 45925 | AQ36: 0 | AR36: 0 | AS36: 0 | AT36: 0 | AU36: 0 | AV36: 0 | AW36: ตัด | AY36: 0 | AZ36: 0 | BA36: 0 | BB36: 0 | BC36: WRWT21720/WRWT25800 | BD36: 0
A37: 45913 | B37: MK68-001113 | C37: บจก.เคอรี่ฟลาวมิลล์ | D37: ถุงทองแซนวิช | E37: 19 | F37: 32 | G37: ขาว | H37: 0 | I37: 67 | J37: + | K37: 5 | L37: บิด | M37: ไม่สวมถุงใน | N37: 0 | O37: 0 | P37: 0 | Q37: 0 | R37: 0 | S37: ห่ออัดเบลแบน500 | T37: 45930 | U37: 10000 | V37: 9500 | W37: 500 | X37: 10650 | Y37: 0 | Z37: WSWT1921720 | AA37: 0 | AB37: 0 | AC37: 0 | AD37: 0 | AE37: 0 | AF37: PDR250306 | AG37: ยังไม่ได้พิมพ์ | AH37: P7 | AI37: 2 | AJ37: 45930 | AK37: 0 | AL37: 45921 | AM37: 45928 | AN37: 45929 | AO37: 45929 | AP37: 45925 | AQ37: 0 | AR37: 0 | AS37: 0 | AT37: 0 | AU37: 0 | AV37: 0 | AW37: งานพิมพ์ | AX37: / | AY37: 0 | AZ37: 0 | BA37: 0 | BB37: 0 | BC37: WRWT21720/WRWT25800 | BD37: 0
A38: 45913 | B38: MK68-001113 | C38: บจก.เคอรี่ฟลาวมิลล์ | D38: ดอกไม้แดง | E38: 19 | F38: 32 | G38: ขาว | H38: 0 | I38: 67 | J38: + | K38: 5 | L38: บิด | M38: ไม่สวมถุงใน | N38: 0 | O38: 0 | P38: 0 | Q38: 0 | R38: 0 | S38: ห่ออัดเบลแบน500 | T38: 45930 | U38: 5000 | V38: 5000 | W38: 0 | X38: 5400 | Y38: 0 | Z38: WSWT1921720 | AA38: 0 | AB38: 0 | AC38: 0 | AD38: 0 | AE38: 0 | AF38: PDR250306 | AG38: ยังไม่ได้พิมพ์ | AH38: P7 | AI38: 2 | AJ38: 45930 | AK38: 0 | AL38: 45921 | AM38: 45928 | AN38: 45929 | AO38: 45929 | AP38: 45925 | AQ38: 0 | AR38: 0 | AS38: 0 | AT38: 0 | AU38: 0 | AV38: 0 | AW38: งานพิมพ์ | AX38: / | AY38: ลบสีจำนวนมาก | AZ38: 0 | BA38: 0 | BB38: 0 | BC38: WRWT21720/WRWT25800 | BD38: 0
A39: 45919 | B39: MK68-001141 | C39: บจก.เคอรี่ฟลาวมิลล์ | D39: ดอกไม้แดง | E39: 19 | F39: 32 | G39: ขาว | H39: 0 | I39: 67 | J39: + | K39: 5 | L39: บิด | M39: ไม่สวมถุงใน | N39: 0 | O39: 0 | P39: 0 | Q39: 0 | R39: 0 | S39: ห่ออัดเบลแบน500 | T39: 45932 | U39: 5000 | V39: 0 | W39: 5000 | X39: 0 | Y39: 5250 | Z39: WSWT1921720 | AA39: 4679.95 | AB39: 4679.95 | AC39: 0 | AD39: 0 | AE39: 0 | AF39: PDR250320 | AG39: ยังไม่ได้พิมพ์ | AH39: P7 | AI39: 2 | AJ39: 45932 | AK39: 0 | AL39: 45923 | AM39: 45930 | AN39: 45931 | AO39: 45931 | AP39: 45927 | AQ39: 0 | AR39: 0 | AS39: 0 | AT39: 0 | AU39: 0 | AV39: 0 | AW39: งานพิมพ์ | AX39: / | AY39: 0 | AZ39: 0 | BA39: 0 | BB39: 0 | BC39: WRWT21720/WRWT25800 | BD39: 0
A40: 45919 | B40: MK68-001141 | C40: บจก.เคอรี่ฟลาวมิลล์ | D40: โบว์น้ำเงิน | E40: 19 | F40: 32 | G40: ขาว | H40: 0 | I40: 67 | J40: + | K40: 5 | L40: บิด | M40: ไม่สวมถุงใน | N40: 0 | O40: 0 | P40: 0 | Q40: 0 | R40: 0 | S40: ห่ออัดเบลแบน500 | T40: 45932 | U40: 5000 | V40: 0 | W40: 5000 | X40: 0 | Y40: 5250 | Z40: WSWT1921720 | AA40: 4679.95 | AB40: 4679.95 | AC40: 0 | AD40: 0 | AE40: 0 | AF40: PDR250320 | AG40: ยังไม่ได้พิมพ์ | AH40: P7 | AI40: 2 | AJ40: 45932 | AK40: 0 | AL40: 45923 | AM40: 45930 | AN40: 45931 | AO40: 45931 | AP40: 45927 | AQ40: 0 | AR40: 0 | AS40: 0 | AT40: 0 | AU40: 0 | AV40: 0 | AW40: งานพิมพ์ | AX40: / | AY40: 0 | AZ40: 0 | BA40: 0 | BB40: 0 | BC40: WRWT21720/WRWT25800 | BD40: 0
A41: 45919 | B41: MK68-001141 | C41: บจก.เคอรี่ฟลาวมิลล์ | D41: โบว์แดง | E41: 19 | F41: 32 | G41: ขาว | H41: 0 | I41: 67 | J41: + | K41: 5 | L41: บิด | M41: ไม่สวมถุงใน | N41: 0 | O41: 0 | P41: 0 | Q41: 0 | R41: 0 | S41: ห่ออัดเบลแบน500 | T41: 45932 | U41: 5000 | V41: 0 | W41: 5000 | X41: 0 | Y41: 5250 | Z41: WSWT1921720 | AA41: 4679.95 | AB41: 4679.95 | AC41: 0 | AD41: 0 | AE41: 0 | AF41: PDR250320 | AG41: ยังไม่ได้พิมพ์ | AH41: P7 | AI41: 2 | AJ41: 45932 | AK41: 0 | AL41: 45923 | AM41: 45930 | AN41: 45931 | AO41: 45931 | AP41: 45927 | AQ41: 0 | AR41: 0 | AS41: 0 | AT41: 0 | AU41: 0 | AV41: 0 | AW41: งานพิมพ์ | AX41: / | AY41: 0 | AZ41: 0 | BA41: 0 | BB41: 0 | BC41: WRWT21720/WRWT25800 | BD41: 0
A42: 45919 | B42: MK68-001141 | C42: บจก.เคอรี่ฟลาวมิลล์ | D42: กุ้งแดง | E42: 19 | F42: 32 | G42: ขาว | H42: 0 | I42: 67 | J42: + | K42: 5 | L42: บิด | M42: ไม่สวมถุงใน | N42: 0 | O42: 0 | P42: 0 | Q42: 0 | R42: 0 | S42: ห่ออัดเบลแบน500 | T42: 45932 | U42: 10000 | V42: 0 | W42: 10000 | X42: 0 | Y42: 10500 | Z42: WSWT1921720 | AA42: 9359.9 | AB42: 9359.9 | AC42: 0 | AD42: 0 | AE42: 0 | AF42: PDR250320 | AG42: ยังไม่ได้พิมพ์ | AH42: P7 | AI42: 2 | AJ42: 45932 | AK42: 0 | AL42: 45923 | AM42: 45930 | AN42: 45931 | AO42: 45931 | AP42: 45927 | AQ42: 0 | AR42: 0 | AS42: 0 | AT42: 0 | AU42: 0 | AV42: 0 | AW42: งานพิมพ์ | AX42: / | AY42: 0 | AZ42: 0 | BA42: 0 | BB42: 0 | BC42: WRWT21720/WRWT25800 | BD42: 0
A43: 45919 | B43: MK68-001141 | C43: บจก.เคอรี่ฟลาวมิลล์ | D43: ถุงเขียว | E43: 19 | F43: 32 | G43: ขาว | H43: 0 | I43: 67 | J43: + | K43: 5 | L43: บิด | M43: ไม่สวมถุงใน | N43: 0 | O43: 0 | P43: 0 | Q43: 0 | R43: 0 | S43: ห่ออัดเบลแบน500 | T43: 45934 | U43: 10000 | V43: 0 | W43: 10000 | X43: 0 | Y43: 10500 | Z43: WSWT1921720 | AA43: 9359.9 | AB43: 2739 | AC43: 6620.9 | AD43: 0 | AE43: 0 | AF43: PDR250321 | AG43: ยังไม่ได้พิมพ์ | AH43: P7 | AI43: 2 | AJ43: 45934 | AK43: 0 | AL43: 45925 | AM43: 45932 | AN43: 45933 | AO43: 45933 | AP43: 45929 | AQ43: 0 | AR43: 0 | AS43: 0 | AT43: 0 | AU43: 0 | AV43: 0 | AW43: งานพิมพ์ | AX43: / | AY43: 0 | AZ43: 0 | BA43: 0 | BB43: 0 | BC43: WRWT21720/WRWT25800 | BD43: 498.71561
A44: 45919 | B44: MK68-001141 | C44: บจก.เคอรี่ฟลาวมิลล์ | D44: KFM-HF | E44: 19 | F44: 32 | G44: ขาว | H44: 0 | I44: 67 | J44: + | K44: 5 | L44: บิด | M44: ไม่สวมถุงใน | N44: 0 | O44: 0 | P44: 0 | Q44: 0 | R44: 0 | S44: ห่ออัดเบลแบน500 | T44: 45934 | U44: 5000 | V44: 0 | W44: 5000 | X44: 0 | Y44: 5250 | Z44: WSWT1921720 | AA44: 4679.95 | AB44: 0 | AC44: 4679.95 | AD44: 0 | AE44: 0 | AF44: PDR250321 | AG44: ผ้าขาว | AH44: P7 | AI44: 2 | AJ44: 45934 | AK44: 0 | AL44: 45925 | AM44: 45932 | AN44: 45933 | AO44: 45933 | AP44: 45929 | AQ44: 0 | AR44: 0 | AS44: 0 | AT44: 0 | AU44: 0 | AV44: 0 | AW44: งานพิมพ์ | AX44: / | AY44: 0 | AZ44: 0 | BA44: 0 | BB44: 0 | BC44: WRWT21720/WRWT25800 | BD44: 352.51463
A45: 45919 | B45: MK68-001141 | C45: บจก.เคอรี่ฟลาวมิลล์ | D45: BS | E45: 19 | F45: 32 | G45: ขาว | H45: 0 | I45: 67 | J45: + | K45: 5 | L45: บิด | M45: ไม่สวมถุงใน | N45: 0 | O45: 0 | P45: 0 | Q45: 0 | R45: 0 | S45: ห่ออัดเบลแบน500 | T45: 45934 | U45: 5000 | V45: 0 | W45: 5000 | X45: 0 | Y45: 5250 | Z45: WSWT1921720 | AA45: 4679.95 | AB45: 0 | AC45: 4679.95 | AD45: 0 | AE45: 0 | AF45: PDR250321 | AG45: ผ้าขาว | AH45: P7 | AI45: 2 | AJ45: 45934 | AK45: 0 | AL45: 45925 | AM45: 45932 | AN45: 45933 | AO45: 45933 | AP45: 45929 | AQ45: 0 | AR45: 0 | AS45: 0 | AT45: 0 | AU45: 0 | AV45: 0 | AW45: งานพิมพ์ | AX45: / | AY45: 0 | AZ45: 0 | BA45: 0 | BB45: 0 | BC45: WRWT21720/WRWT25800 | BD45: 352.51463
A46: 45919 | B46: MK68-001141 | C46: บจก.เคอรี่ฟลาวมิลล์ | D46: แปดแต้มแดง | E46: 19 | F46: 32 | G46: ขาว | H46: 0 | I46: 67 | J46: + | K46: 5 | L46: บิด | M46: ไม่สวมถุงใน | N46: 0 | O46: 0 | P46: 0 | Q46: 0 | R46: 0 | S46: ห่ออัดเบลแบน500 | T46: 45934 | U46: 5000 | V46: 0 | W46: 5000 | X46: 0 | Y46: 5250 | Z46: WSWT1921720 | AA46: 4679.95 | AB46: 0 | AC46: 4679.95 | AD46: 0 | AE46: 0 | AF46: PDR250321 | AG46: ผ้าขาว | AH46: P7 | AI46: 2 | AJ46: 45934 | AK46: 0 | AL46: 45925 | AM46: 45932 | AN46: 45933 | AO46: 45933 | AP46: 45929 | AQ46: 0 | AR46: 0 | AS46: 0 | AT46: 0 | AU46: 0 | AV46: 0 | AW46: งานพิมพ์ | AX46: / | AY46: 0 | AZ46: 0 | BA46: 0 | BB46: 0 | BC46: WRWT21720/WRWT25800 | BD46: 352.51463
A47: 45919 | B47: MK68-001142 | C47: บจก.เคอรี่ฟลาวมิลล์ | D47: ไม่พิมพ์ | E47: 19 | F47: 32 | G47: ขาว | H47: 0 | I47: 67 | J47: + | K47: 5 | L47: ไม่ | M47: ไม่สวมถุงใน | N47: 0 | O47: 0 | P47: 0 | Q47: 0 | R47: 0 | S47: ห่ออัดเบลแบน501 | T47: 45937 | U47: 20000 | V47: 0 | W47: 20000 | X47: 0 | Y47: 0 | Z47: WSWT1921720 | AA47: 18719.8 | AB47: 0 | AC47: 18719.8 | AD47: 0 | AE47: 0 | AF47: PDR250322 | AG47: ผ้าขาว | AH47: P3 | AI47: 1 | AJ47: 45937 | AK47: 0 | AL47: 0 | AM47: 0 | AN47: 0 | AO47: 45936 | AP47: 45932 | AQ47: 0 | AR47: 0 | AS47: 0 | AT47: 0 | AU47: 0 | AV47: 0 | AW47: ตัด | AX47: 0 | AY47: 0 | AZ47: 0 | BA47: 0 | BB47: 0 | BC47: WRWT21720/WRWT25800 | BD47: 1410.0585
A48: 45919 | B48: MK68-001143 | C48: บจก.เคอรี่ฟลาวมิลล์ | D48: ไม่พิมพ์ | E48: 19 | F48: 32 | G48: ขาว | H48: 0 | I48: 67 | J48: + | K48: 5 | L48: ไม่ | M48: ไม่สวมถุงใน | N48: 0 | O48: 0 | P48: 0 | Q48: 0 | R48: 0 | S48: ห่ออัดเบลแบน501 | T48: 45937 | U48: 20000 | V48: 0 | W48: 20000 | X48: 0 | Y48: 0 | Z48: WSWT1921720 | AA48: 18719.8 | AB48: 0 | AC48: 18719.8 | AD48: 0 | AE48: 0 | AF48: PDR250323 | AG48: พร้อมส่ง | AH48: P3 | AI48: 1 | AJ48: 45937 | AK48: 0 | AL48: 0 | AM48: 0 | AN48: 0 | AO48: 45936 | AP48: 45932 | AQ48: 0 | AR48: 0 | AS48: 0 | AT48: 0 | AU48: 0 | AV48: 0 | AW48: ตัด | AX48: 0 | AY48: 0 | AZ48: 0 | BA48: 0 | BB48: 0 | BC48: WRWT21720/WRWT25800 | BD48: 1410.0585
A49: 45919 | B49: MK68-001142 | C49: บจก.เคอรี่ฟลาวมิลล์ | D49: ไม่พิมพ์ | E49: 19 | F49: 32 | G49: ขาว | H49: 0 | I49: 67 | J49: + | K49: 5 | L49: ไม่ | M49: ไม่สวมถุงใน | N49: 0 | O49: 0 | P49: 0 | Q49: 0 | R49: 0 | S49: ห่ออัดเบลแบน501 | T49: 45947 | U49: 20000 | V49: 0 | W49: 20000 | X49: 0 | Y49: 0 | Z49: WSWT1921720 | AA49: 18719.8 | AB49: 0 | AC49: 18719.8 | AD49: 0 | AE49: 0 | AF49: PDR250322 | AG49: รอแบบ | AH49: P3 | AI49: 1 | AJ49: 45947 | AK49: 0 | AL49: 0 | AM49: 0 | AN49: 0 | AO49: 45946 | AP49: 45942 | AQ49: 0 | AR49: 0 | AS49: 0 | AT49: 0 | AU49: 0 | AV49: 0 | AW49: ตัด | AX49: 0 | AY49: 0 | AZ49: 0 | BA49: 0 | BB49: 0 | BC49: WRWT21720/WRWT25800 | BD49: 1410.0585
A50: 45919 | B50: MK68-001143 | C50: บจก.เคอรี่ฟลาวมิลล์ | D50: ไม่พิมพ์ | E50: 19 | F50: 32 | G50: ขาว | H50: 0 | I50: 67 | J50: + | K50: 5 | L50: ไม่ | M50: ไม่สวมถุงใน | N50: 0 | O50: 0 | P50: 0 | Q50: 0 | R50: 0 | S50: ห่ออัดเบลแบน501 | T50: 45947 | U50: 20000 | V50: 0 | W50: 20000 | X50: 0 | Y50: 0 | Z50: WSWT1921720 | AA50: 18719.8 | AB50: 0 | AC50: 18719.8 | AD50: 0 | AE50: 0 | AF50: PDR250323 | AG50: พร้อมส่ง | AH50: P3 | AI50: 1 | AJ50: 45947 | AK50: 0 | AL50: 0 | AM50: 0 | AN50: 0 | AO50: 45946 | AP50: 45942 | AQ50: 0 | AR50: 0 | AS50: 0 | AT50: 0 | AU50: 0 | AV50: 0 | AW50: ตัด | AX50: 0 | AY50: 0 | AZ50: 0 | BA50: 0 | BB50: 0 | BC50: WRWT21720/WRWT25800 | BD50: 1410.0585
A51: ประมาณการ | B51: ประมาณการ | C51: บจก.เคอรี่ฟลาวมิลล์ | D51: แต้มแดง | E51: 19 | F51: 32 | G51: ขาว | H51: 0 | I51: 67 | J51: + | K51: 5 | L51: บิด | M51: ไม่สวมถุงใน | N51: 0 | O51: 0 | P51: 0 | Q51: 0 | R51: 0 | S51: ห่ออัดเบลแบน500 | T51: รอแจ้ง | U51: 5000 | V51: 5000 | W51: 0 | X51: 5400 | Y51: 0 | Z51: WSWT1921720 | AA51: 0 | AB51: 0 | AC51: 0 | AD51: 0 | AE51: 0 | AF51: 0 | AG51: พร้อมส่ง | AH51: P7 | AI51: 2 | AJ51: รอแจ้ง | AK51: 0 | AL51: #VALUE! | AM51: #VALUE! | AN51: #VALUE! | AO51: #VALUE! | AP51: #VALUE! | AQ51: 0 | AR51: 0 | AS51: 0 | AT51: 0 | AU51: 0 | AV51: 0 | AW51: งานพิมพ์ | AX51: / | AY51: 0 | AZ51: 0 | BA51: 0 | BB51: 0 | BC51: WRWT21720/WRWT25800 | BD51: 0
A52: ประมาณการ | B52: ประมาณการ | C52: บจก.เคอรี่ฟลาวมิลล์ | D52: รอแบบ | E52: 19 | F52: 32 | G52: ขาว | H52: 0 | I52: 67 | J52: + | K52: 5 | L52: บิด | M52: ไม่สวมถุงใน | N52: 0 | O52: 0 | P52: 0 | Q52: 0 | R52: 0 | S52: ห่ออัดเบลแบน500 | T52: 45961 | U52: 400000 | V52: 0 | W52: 400000 | X52: 0 | Y52: 420000 | Z52: WSWT1921720 | AA52: 374396 | AB52: 0 | AC52: 374396 | AD52: 0 | AE52: 0 | AF52: 0 | AG52: ยังไม่ได้พิมพ์ | AH52: P7 | AI52: 2 | AJ52: 45961 | AK52: 0 | AL52: 45952 | AM52: 45959 | AN52: 45960 | AO52: 45960 | AP52: 45956 | AQ52: 0 | AR52: 0 | AS52: 0 | AT52: 0 | AU52: 0 | AV52: 0 | AW52: งานพิมพ์ | AX52: รอART | AY52: 0 | AZ52: 0 | BA52: 0 | BB52: 0 | BC52: WRWT21720/WRWT25800 | BD52: 28201.171
A53: 0 | B53: 0 | C53: 0 | D53: 0 | E53: 19 | F53: 30 | G53: 0 | H53: 0 | I53: 63 | J53: + | K53: 5 | L53: 0 | M53: 0 | N53: 0 | O53: 0 | P53: 0 | Q53: 0 | R53: 0 | S53: 0 | U53: 0 | V53: 0 | W53: 0 | X53: 0 | Y53: 0 | Z53: WSWT1921720 | AA53: 496074.7 | AB53: 26138.75 | AC53: 469935.95 | AD53: 0 | AE53: 0 | AF53: ระบุในSD | AG53: พร้อมส่ง | AH53: 0 | AI53: Lead time | AJ53: 0 | AK53: 0 | AL53: 0 | AM53: 0 | AN53: 0 | AO53: 0 | AP53: 0 | AQ53: 0 | AR53: 0 | AS53: 0 | AT53: 0 | AU53: 0 | AV53: 0 | AW53: 0 | AX53: 0 | AY53: 0 | AZ53: 0 | BA53: 0 | BB53: 0 | BC53: WRWT190720/WRWT25800 | BD53: 0
A54: 45919 | B54: MK68-001128 | C54: บจก.อินเทคค์ โกลบอล | D54: เพอเฟคค์104S โกลด์ | E54: 19 | F54: 34 | G54: ขาว | H54: ด้าน | I54: 100 | J54: ± | K54: 5 | L54: จับจีบ4" | M54: ไม่สวมถุงใน | N54: 0 | O54: 0 | P54: 0 | Q54: 0 | R54: 0 | S54: มัด80 ใช้สายรัด | T54: 45930 | U54: 5040 | V54: 0 | W54: 5040 | X54: 0 | Y54: 5292 | Z54: WSWT19251000SM | AA54: 4999.0248 | AB54: 4999.0248 | AC54: 0 | AD54: 4999.0248 | AE54: 0 | AF54: 0 | AG54: พร้อมส่ง | AH54: P6 | AI54: 4 | AJ54: 45930 | AK54: 45926 | AL54: 45919 | AM54: 45927 | AN54: 45928 | AO54: 45929 | AP54: 45925 | AQ54: 0 | AR54: 0 | AS54: 0 | AT54: 0 | AU54: 0 | AV54: 0 | AW54: งานเคลือบ+พิมพ์ | AX54: / | AY54: 0 | AZ54: 0 | BA54: 0 | BB54: 0 | BC54: WRWT251000/WRWT251000 | BD54: 0
A55: 45905 | B55: MK68-001080 | C55: บจก.อินเทคค์ โกลบอล | D55: เพอเฟคค์104 โกลด์ | E55: 19 | F55: 34 | G55: ขาว | H55: ด้าน | I55: 100 | J55: ± | K55: 5 | L55: จับจีบ4" | M55: ไม่สวมถุงใน | N55: 0 | O55: 0 | P55: 0 | Q55: 0 | R55: 0 | S55: มัด80 ใช้สายรัด | T55: รอแจ้ง | U55: 109 | V55: 0 | W55: 109 | X55: 6124 | Y55: 0 | Z55: WSWT19251000SM | AA55: 0 | AB55: 0 | AC55: 0 | AD55: 0 | AE55: 0 | AF55: 0 | AG55: ยังไม่ได้พิมพ์ | AH55: P6 | AI55: 4 | AJ55: รอแจ้ง | AK55: #VALUE! | AL55: #VALUE! | AM55: #VALUE! | AN55: #VALUE! | AO55: #VALUE! | AP55: #VALUE! | AQ55: 0 | AR55: 0 | AS55: 0 | AT55: 0 | AU55: 0 | AV55: 0 | AW55: งานเคลือบ+พิมพ์ | AX55: / | AY55: 0 | AZ55: 0 | BA55: 0 | BB55: 0 | BC55: WRWT251000/WRWT251000 | BD55: 0
A56: 0 | B56: 0 | C56: 0 | D56: 0 | E56: 19 | F56: 34 | G56: ขาว | H56: 0 | I56: 80 | J56: ± | K56: 5 | L56: 0 | M56: 0 | N56: 0 | O56: 0 | P56: 0 | Q56: 0 | R56: 0 | S56: 0 | U56: 0 | V56: 0 | W56: 0 | X56: 0 | Y56: 0 | Z56: WSWT19251000SM | AA56: 4999.0248 | AB56: 4999.0248 | AC56: 0 | AD56: 4999.0248 | AE56: 0 | AF56: ระบุในSD | AG56: พร้อมส่ง | AH56: 0 | AI56: Lead time | AJ56: 0 | AK56: 0 | AL56: 0 | AM56: 0 | AN56: 0 | AO56: 0 | AP56: 0 | AQ56: 0 | AR56: 0 | AS56: 0 | AT56: 0 | AU56: 0 | AV56: 0 | AW56: 0 | AX56: 0 | AY56: 0 | AZ56: 0 | BA56: 0 | BB56: 0 | BC56: WRWT251000/WRYL251000 | BD56: 0
A57: 45923 | B57: MK68-001163 | C57: หจก.เอ็ม.ที.เอส เทรดดิ้ง | D57: แป้งมันไก่เหลืองMTS(ถุงในเจาะรู) | E57: 20 | F57: 37 | G57: ขาว | H57: 0 | I57: 70 | J57: ± | K57: 5 | L57: ไม่ | M57: 21 | N57: 40 | O57: 40 | P57: 103.61786 | Q57: 0 | R57: 103.61786 | S57: 500กระสอบ | T57: 45936 | U57: 5000 | V57: 0 | W57: 5000 | X57: 0 | Y57: 5250 | Z57: WSWT2025700 | AA57: 5378.45 | AB57: 0 | AC57: 5378.45 | AD57: 0 | AE57: 0 | AF57: 0 | AG57: พร้อมส่ง | AH57: P9 | AI57: 3 | AJ57: 45936 | AK57: 0 | AL57: 45926 | AM57: 45933 | AN57: 45934 | AO57: 45934 | AP57: 45931 | AQ57: 45935 | AR57: 0 | AS57: 0 | AT57: 0 | AU57: 0 | AV57: 0 | AW57: งานพิมพ์ | AX57: / | AY57: 0 | AZ57: 0 | BA57: 0 | BB57: 0 | BC57: WRWT25800/WRWT25650 | BD57: 387.2484
A58: 0 | B58: 0 | C58: 0 | D58: 0 | E58: 20 | F58: 37 | G58: ขาว | H58: 0 | I58: 70 | J58: ± | K58: 5 | L58: 0 | M58: 0 | N58: 0 | O58: 0 | P58: 0 | Q58: 0 | R58: 0 | S58: 0 | U58: 0 | V58: 0 | W58: 0 | X58: 0 | Y58: 0 | Z58: WSWT2025700 | AA58: 5378.45 | AB58: 0 | AC58: 5378.45 | AD58: 0 | AE58: 0 | AF58: ระบุในSD | AG58: พร้อมส่ง | AH58: 0 | AI58: Lead time | AJ58: 0 | AK58: 0 | AL58: 0 | AM58: 0 | AN58: 0 | AO58: 0 | AP58: 0 | AQ58: 0 | AR58: 0 | AS58: 0 | AT58: 0 | AU58: 0 | AV58: 0 | AW58: 0 | AX58: 0 | AY58: 0 | AZ58: 0 | BA58: 0 | BB58: 0 | BC58: WRWT25800/WRWT25650 | BD58: 0
A59: 45908 | B59: MK68-001086 | C59: บจก.เอ.เจ.ฟาร์ม่าแล็บ | D59: เบส-มิน | E59: 20 | F59: 34 | G59: ขาว | H59: ใส | I59: 95 | J59: ± | K59: 5 | L59: จับจีบ | M59: ไม่สวมถุงใน | N59: 0 | O59: 0 | P59: 0 | Q59: 0 | R59: 0 | S59: 500กระสอบ | T59: รอส่ง | U59: 4000 | V59: 4000 | W59: 0 | X59: 4060 | Y59: 0 | Z59: WSWT2025800SM | AA59: 0 | AB59: 0 | AC59: 0 | AD59: 0 | AE59: 0 | AF59: 0 | AG59: พร้อมส่ง | AH59: P6 | AI59: 4 | AJ59: รอส่ง | AK59: #VALUE! | AL59: #VALUE! | AM59: #VALUE! | AN59: #VALUE! | AO59: #VALUE! | AP59: #VALUE! | AQ59: 0 | AR59: 0 | AS59: 0 | AT59: 0 | AU59: 0 | AV59: 0 | AW59: งานเคลือบ+พิมพ์ | AX59: / | AY59: 0 | AZ59: 0 | BA59: 0 | BB59: 0 | BC59: WRWT25850/WRWT25850 | BD59: 0
A60: 45908 | B60: MK68-001086 | C60: บจก.เอ.เจ.ฟาร์ม่าแล็บ | D60: เวท-มิน | E60: 20 | F60: 34 | G60: ขาว | H60: ใส | I60: 95 | J60: ± | K60: 5 | L60: จับจีบ | M60: ไม่สวมถุงใน | N60: 0 | O60: 0 | P60: 0 | Q60: 0 | R60: 0 | S60: 500กระสอบ | T60: รอส่ง | U60: 4000 | V60: 4000 | W60: 0 | X60: 4060 | Y60: 0 | Z60: WSWT2025800SM | AA60: 0 | AB60: 0 | AC60: 0 | AD60: 0 | AE60: 0 | AF60: 0 | AG60: พิมพ์ไม่ครบ | AH60: P6 | AI60: 4 | AJ60: รอส่ง | AK60: #VALUE! | AL60: #VALUE! | AM60: #VALUE! | AN60: #VALUE! | AO60: #VALUE! | AP60: #VALUE! | AQ60: 0 | AR60: 0 | AS60: 0 | AT60: 0 | AU60: 0 | AV60: 0 | AW60: งานเคลือบ+พิมพ์ | AX60: / | AY60: 0 | AZ60: 0 | BA60: 0 | BB60: 0 | BC60: WRWT25850/WRWT25850 | BD60: 0
A61: 45799 | B61: MK68-000694 | C61: บจก.เอ.เจ.ฟาร์ม่าแล็บ | D61: เบส-มิน | E61: 20 | F61: 34 | G61: ขาว | H61: ใส | I61: 95 | J61: ± | K61: 5 | L61: จับจีบ | M61: ไม่สวมถุงใน | N61: 0 | O61: 0 | P61: 0 | Q61: 0 | R61: 0 | S61: 500กระสอบ | T61: รอส่ง | U61: 4000 | V61: 3975 | W61: 25 | X61: 4140 | Y61: 0 | Z61: WSWT2025800SM | AA61: 0 | AB61: 0 | AC61: 0 | AD61: 0 | AE61: 0 | AF61: ห้ามขาด-ห้ามเกิน | AG61: ยังไม่ได้พิมพ์ | AH61: P6 | AI61: 4 | AJ61: รอส่ง | AK61: #VALUE! | AL61: #VALUE! | AM61: #VALUE! | AN61: #VALUE! | AO61: #VALUE! | AP61: #VALUE! | AQ61: 0 | AR61: 0 | AS61: 0 | AT61: 0 | AU61: 0 | AV61: 0 | AW61: งานเคลือบ+พิมพ์ | AX61: / | AY61: 0 | AZ61: 0 | BA61: 0 | BB61: 0 | BC61: WRWT25850/WRWT25850 | BD61: 0
A62: 45799 | B62: MK68-000694 | C62: บจก.เอ.เจ.ฟาร์ม่าแล็บ | D62: เวท-มิน | E62: 20 | F62: 34 | G62: ขาว | H62: ใส | I62: 95 | J62: ± | K62: 5 | L62: จับจีบ | M62: ไม่สวมถุงใน | N62: 0 | O62: 0 | P62: 0 | Q62: 0 | R62: 0 | S62: 500กระสอบ | T62: รอส่ง | U62: 4000 | V62: 4056 | W62: 0 | X62: 4404 | Y62: 0 | Z62: WSWT2025800SM | AA62: 0 | AB62: 0 | AC62: 0 | AD62: 0 | AE62: 0 | AF62: ห้ามขาด-ห้ามเกิน | AG62: ยังไม่ได้พิมพ์ | AH62: P6 | AI62: 4 | AJ62: รอส่ง | AK62: #VALUE! | AL62: #VALUE! | AM62: #VALUE! | AN62: #VALUE! | AO62: #VALUE! | AP62: #VALUE! | AQ62: 0 | AR62: 0 | AS62: 0 | AT62: 0 | AU62: 0 | AV62: 0 | AW62: งานเคลือบ+พิมพ์ | AX62: / | AY62: 0 | AZ62: 0 | BA62: 0 | BB62: 0 | BC62: WRWT25850/WRWT25850 | BD62: 0
A63: 45923 | B63: MK68-001152 | C63: คุณฐนวรวรรศณ์ ภัทรนนท์สกุล | D63: ปลาวาฬยิ้ม | E63: 20 | F63: 30 | G63: ขาว | H63: ใส | I63: 80 | J63: ± | K63: 5 | L63: จับจีบ | M63: ไม่สวมถุงใน | N63: 0 | O63: 0 | P63: 0 | Q63: 0 | R63: 0 | S63: 500กระสอบ | T63: 45930 | U63: 5000 | V63: 0 | W63: 5000 | X63: 1730 | Y63: 3433.5 | Z63: WSWT2025800SM | AA63: 3021.8577 | AB63: 3021.8577 | AC63: 0 | AD63: 3021.8577 | AE63: 0 | AF63: 0 | AG63: ยังไม่ได้พิมพ์ | AH63: P6 | AI63: 4 | AJ63: 45930 | AK63: 45926 | AL63: 45919 | AM63: 45927 | AN63: 45928 | AO63: 45929 | AP63: 45925 | AQ63: 0 | AR63: 0 | AS63: 0 | AT63: 0 | AU63: 0 | AV63: 0 | AW63: งานเคลือบ+พิมพ์ | AX63: / | AY63: 0 | AZ63: 0 | BA63: 0 | BB63: 0 | BC63: WRWT25850/WRWT25850 | BD63: 0
A64: 45922 | B64: MK68-001151 | C64: บจก.วีซีเอฟ | D64: JET 405 โปรตีน 18% | E64: 20 | F64: 37 | G64: ขาว | H64: ใส | I64: 100 | J64: ± | K64: 5 | L64: บิด | M64: ไม่สวมถุงใน | N64: 0 | O64: 0 | P64: 0 | Q64: 0 | R64: 0 | S64: 500กระสอบแบน | T64: 45927 | U64: 10000 | V64: 0 | W64: 10000 | X64: 0 | Y64: 10500 | Z64: WSWT2025800SM | AA64: 10756.9 | AB64: 0 | AC64: 10756.9 | AD64: 0 | AE64: 10756.9 | AF64: 0 | AG64: ยังไม่ได้พิมพ์ | AH64: P6 | AI64: 4 | AJ64: 45927 | AK64: 45923 | AL64: 45916 | AM64: 45924 | AN64: 45925 | AO64: 45926 | AP64: 45922 | AQ64: 0 | AR64: 0 | AS64: 0 | AT64: 0 | AU64: 0 | AV64: 0 | AW64: งานเคลือบ+พิมพ์ | AX64: / | AY64: 0 | AZ64: 0 | BA64: 0 | BB64: 0 | BC64: WRWT25850/WRWT25850 | BD64: 812.74356
A65: 45922 | B65: MK68-001151 | C65: บจก.วีซีเอฟ | D65: SPEED PLUS 222 ลาว | E65: 20 | F65: 37 | G65: ขาว | H65: ใส | I65: 100 | J65: ± | K65: 5 | L65: ไม่ | M65: ไม่สวมถุงใน | N65: 0 | O65: 0 | P65: 0 | Q65: 0 | R65: 0 | S65: 500กระสอบแบน | T65: 45927 | U65: 5000 | V65: 0 | W65: 5000 | X65: 0 | Y65: 5250 | Z65: WSWT2025800SM | AA65: 5378.45 | AB65: 0 | AC65: 5378.45 | AD65: 0 | AE65: 5378.45 | AF65: 0 | AG65: ยังไม่ได้พิมพ์ | AH65: P6 | AI65: 4 | AJ65: 45927 | AK65: 45923 | AL65: 45916 | AM65: 45924 | AN65: 45925 | AO65: 45926 | AP65: 45922 | AQ65: 0 | AR65: 0 | AS65: 0 | AT65: 0 | AU65: 0 | AV65: 0 | AW65: งานเคลือบ+พิมพ์ | AX65: / | AY65: 0 | AZ65: 0 | BA65: 0 | BB65: 0 | BC65: WRWT25850/WRWT25850 | BD65: 406.37178
A66: 45922 | B66: MK68-001154 | C66: บจก.วีซีเอฟ | D66: VC108 | E66: 20 | F66: 37 | G66: ขาว | H66: ใส | I66: 100 | J66: ± | K66: 5 | L66: บิด | M66: ไม่สวมถุงใน | N66: 0 | O66: 0 | P66: 0 | Q66: 0 | R66: 0 | S66: 500กระสอบแบน | T66: 45929 | U66: 10000 | V66: 0 | W66: 10000 | X66: 0 | Y66: 10500 | Z66: WSWT2025800SM | AA66: 10756.9 | AB66: 0 | AC66: 10756.9 | AD66: 0 | AE66: 10756.9 | AF66: 0 | AG66: ยังไม่ได้พิมพ์ | AH66: P6 | AI66: 4 | AJ66: 45929 | AK66: 45925 | AL66: 45918 | AM66: 45926 | AN66: 45927 | AO66: 45928 | AP66: 45924 | AQ66: 0 | AR66: 0 | AS66: 0 | AT66: 0 | AU66: 0 | AV66: 0 | AW66: งานเคลือบ+พิมพ์ | AX66: / | AY66: 0 | AZ66: 0 | BA66: 0 | BB66: 0 | BC66: WRWT25850/WRWT25850 | BD66: 812.74356
A67: 45922 | B67: MK68-001154 | C67: บจก.วีซีเอฟ | D67: SPEED PLUS 111 ลาว | E67: 20 | F67: 37 | G67: ขาว | H67: ใส | I67: 100 | J67: ± | K67: 5 | L67: ไม่ | M67: ไม่สวมถุงใน | N67: 0 | O67: 0 | P67: 0 | Q67: 0 | R67: 0 | S67: 500กระสอบแบน | T67: 45929 | U67: 5000 | V67: 0 | W67: 5000 | X67: 0 | Y67: 5250 | Z67: WSWT2025800SM | AA67: 5378.45 | AB67: 0 | AC67: 5378.45 | AD67: 0 | AE67: 5378.45 | AF67: 0 | AG67: ยังไม่ได้พิมพ์ | AH67: P6 | AI67: 4 | AJ67: 45929 | AK67: 45925 | AL67: 45918 | AM67: 45926 | AN67: 45927 | AO67: 45928 | AP67: 45924 | AQ67: 0 | AR67: 0 | AS67: 0 | AT67: 0 | AU67: 0 | AV67: 0 | AW67: งานเคลือบ+พิมพ์ | AX67: / | AY67: 0 | AZ67: 0 | BA67: 0 | BB67: 0 | BC67: WRWT25850/WRWT25850 | BD67: 406.37178
A68: 45922 | B68: MK68-001153 | C68: บจก.วีซีเอฟ | D68: VC 105 | E68: 20 | F68: 37 | G68: ขาว | H68: ใส | I68: 100 | J68: ± | K68: 5 | L68: บิด | M68: ไม่สวมถุงใน | N68: 0 | O68: 0 | P68: 0 | Q68: 0 | R68: 0 | S68: 500กระสอบแบน | T68: 45937 | U68: 10000 | V68: 0 | W68: 10000 | X68: 0 | Y68: 10500 | Z68: WSWT2025800SM | AA68: 10756.9 | AB68: 0 | AC68: 10756.9 | AD68: 0 | AE68: 10756.9 | AF68: 0 | AG68: ยังไม่ได้พิมพ์ | AH68: P6 | AI68: 4 | AJ68: 45937 | AK68: 45933 | AL68: 45926 | AM68: 45934 | AN68: 45935 | AO68: 45936 | AP68: 45932 | AQ68: 0 | AR68: 0 | AS68: 0 | AT68: 0 | AU68: 0 | AV68: 0 | AW68: งานเคลือบ+พิมพ์ | AX68: / | AY68: 0 | AZ68: 0 | BA68: 0 | BB68: 0 | BC68: WRWT25850/WRWT25850 | BD68: 812.74356
A69: 45922 | B69: MK68-001153 | C69: บจก.วีซีเอฟ | D69: VC 120 | E69: 20 | F69: 37 | G69: ขาว | H69: ใส | I69: 100 | J69: ± | K69: 5 | L69: บิด | M69: ไม่สวมถุงใน | N69: 0 | O69: 0 | P69: 0 | Q69: 0 | R69: 0 | S69: 500กระสอบแบน | T69: 45937 | U69: 30000 | V69: 0 | W69: 30000 | X69: 0 | Y69: 31500 | Z69: WSWT2025800SM | AA69: 32270.7 | AB69: 0 | AC69: 32270.7 | AD69: 0 | AE69: 32270.7 | AF69: 0 | AG69: ยังไม่ได้พิมพ์ | AH69: P6 | AI69: 4 | AJ69: 45937 | AK69: 45933 | AL69: 45926 | AM69: 45934 | AN69: 45935 | AO69: 45936 | AP69: 45932 | AQ69: 0 | AR69: 0 | AS69: 0 | AT69: 0 | AU69: 0 | AV69: 0 | AW69: งานเคลือบ+พิมพ์ | AX69: / | AY69: 0 | AZ69: 0 | BA69: 0 | BB69: 0 | BC69: WRWT25850/WRWT25850 | BD69: 2438.2307
A70: 45922 | B70: MK68-001153 | C70: บจก.วีซีเอฟ | D70: JET 888 | E70: 20 | F70: 37 | G70: ขาว | H70: ใส | I70: 100 | J70: ± | K70: 5 | L70: ไม่ | M70: ไม่สวมถุงใน | N70: 0 | O70: 0 | P70: 0 | Q70: 0 | R70: 0 | S70: 500กระสอบแบน | T70: 45937 | U70: 5000 | V70: 0 | W70: 5000 | X70: 0 | Y70: 5250 | Z70: WSWT2025800SM | AA70: 5378.45 | AB70: 0 | AC70: 5378.45 | AD70: 0 | AE70: 5378.45 | AF70: 0 | AG70: ยังไม่ได้พิมพ์ | AH70: P6 | AI70: 4 | AJ70: 45937 | AK70: 45933 | AL70: 45926 | AM70: 45934 | AN70: 45935 | AO70: 45936 | AP70: 45932 | AQ70: 0 | AR70: 0 | AS70: 0 | AT70: 0 | AU70: 0 | AV70: 0 | AW70: งานเคลือบ+พิมพ์ | AX70: / | AY70: 0 | AZ70: 0 | BA70: 0 | BB70: 0 | BC70: WRWT25850/WRWT25850 | BD70: 406.37178
A71: 45923 | B71: MK68-001156 | C71: บจก.เอสพีเอ็ม อาหารสัตว์ | D71: NOVA S5 | E71: 20 | F71: 38 | G71: ขาว | H71: ด้าน | I71: 100 | J71: ± | K71: 5 | L71: บิด | M71: ไม่สวมถุงใน | N71: 0 | O71: 0 | P71: 0 | Q71: 0 | R71: 0 | S71: 500กระสอบแบน | T71: 45958 | U71: 3000 | V71: 0 | W71: 3000 | X71: 0 | Y71: 3150 | Z71: WSWT2025800SM | AA71: 3310.89 | AB71: 0 | AC71: 3310.89 | AD71: 0 | AE71: 3310.89 | AF71: 0 | AG71: ยังไม่ได้พิมพ์ | AH71: P6 | AI71: 4 | AJ71: 45958 | AK71: 45954 | AL71: 45947 | AM71: 45955 | AN71: 45956 | AO71: 45957 | AP71: 45953 | AQ71: 0 | AR71: 0 | AS71: 0 | AT71: 0 | AU71: 0 | AV71: 0 | AW71: งานเคลือบ+พิมพ์ | AX71: / | AY71: 0 | AZ71: 0 | BA71: 0 | BB71: 0 | BC71: WRWT25850/WRWT25850 | BD71: 250.15613
A72: 45923 | B72: MK68-001155 | C72: บจก.เอสพีเอ็ม อาหารสัตว์ | D72: นาโน 01 พลัส | E72: 20 | F72: 38 | G72: ขาว | H72: ด้าน | I72: 100 | J72: ± | K72: 5 | L72: บิด | M72: ไม่สวมถุงใน | N72: 0 | O72: 0 | P72: 0 | Q72: 0 | R72: 0 | S72: 500กระสอบแบน | T72: รอแจ้ง | U72: 3000 | V72: 0 | W72: 3000 | X72: 0 | Y72: 3150 | Z72: WSWT2025800SM | AA72: 3310.89 | AB72: 0 | AC72: 3310.89 | AD72: 0 | AE72: 3310.89 | AF72: 0 | AG72: ยังไม่ได้พิมพ์ | AH72: P6 | AI72: 4 | AJ72: รอแจ้ง | AK72: #VALUE! | AL72: #VALUE! | AM72: #VALUE! | AN72: #VALUE! | AO72: #VALUE! | AP72: #VALUE! | AQ72: 0 | AR72: 0 | AS72: 0 | AT72: 0 | AU72: 0 | AV72: 0 | AW72: งานเคลือบ+พิมพ์ | AX72: / | AY72: 0 | AZ72: 0 | BA72: 0 | BB72: 0 | BC72: WRWT25850/WRWT25850 | BD72: 250.15613
A73: 45923 | B73: MK68-001158 | C73: บจก.เอสพีเอ็ม อาหารสัตว์ | D73: SW 441 | E73: 20 | F73: 38 | G73: ขาว | H73: ใส | I73: 100 | J73: ± | K73: 5 | L73: บิด | M73: ไม่สวมถุงใน | N73: 0 | O73: 0 | P73: 0 | Q73: 0 | R73: 0 | S73: 500กระสอบแบน | T73: รอแจ้ง | U73: 25000 | V73: 0 | W73: 25000 | X73: 0 | Y73: 26250 | Z73: WSWT2025800SM | AA73: 27590.75 | AB73: 0 | AC73: 27590.75 | AD73: 0 | AE73: 27590.75 | AF73: 0 | AG73: พร้อมส่ง | AH73: P6 | AI73: 4 | AJ73: รอแจ้ง | AK73: #VALUE! | AL73: #VALUE! | AM73: #VALUE! | AN73: #VALUE! | AO73: #VALUE! | AP73: #VALUE! | AQ73: 0 | AR73: 0 | AS73: 0 | AT73: 0 | AU73: 0 | AV73: 0 | AW73: งานเคลือบ+พิมพ์ | AX73: / | AY73: 0 | AZ73: 0 | BA73: 0 | BB73: 0 | BC73: WRWT25850/WRWT25850 | BD73: 2084.6344
A74: 45923 | B74: MK68-001159 | C74: บจก.เอสพีเอ็ม อาหารสัตว์ | D74: SPM 915 | E74: 20 | F74: 38 | G74: ขาว | H74: ด้าน | I74: 100 | J74: ± | K74: 5 | L74: บิด | M74: ไม่สวมถุงใน | N74: 0 | O74: 0 | P74: 0 | Q74: 0 | R74: 0 | S74: 500กระสอบแบน | T74: รอแจ้ง | U74: 3000 | V74: 0 | W74: 3000 | X74: 0 | Y74: 3150 | Z74: WSWT2025800SM | AA74: 3310.89 | AB74: 0 | AC74: 3310.89 | AD74: 0 | AE74: 3310.89 | AF74: 0 | AG74: พร้อมส่ง | AH74: P6 | AI74: 4 | AJ74: รอแจ้ง | AK74: #VALUE! | AL74: #VALUE! | AM74: #VALUE! | AN74: #VALUE! | AO74: #VALUE! | AP74: #VALUE! | AQ74: 0 | AR74: 0 | AS74: 0 | AT74: 0 | AU74: 0 | AV74: 0 | AW74: งานเคลือบ+พิมพ์ | AX74: / | AY74: 0 | AZ74: 0 | BA74: 0 | BB74: 0 | BC74: WRWT25850/WRWT25850 | BD74: 250.15613
A75: 45923 | B75: MK68-001157 | C75: บจก.เอสพีเอ็ม อาหารสัตว์ | D75: HERO 111 | E75: 20 | F75: 38 | G75: ขาว | H75: ด้าน | I75: 100 | J75: ± | K75: 5 | L75: บิด | M75: ไม่สวมถุงใน | N75: 0 | O75: 0 | P75: 0 | Q75: 0 | R75: 0 | S75: 500กระสอบแบน | T75: รอแจ้ง | U75: 3000 | V75: 0 | W75: 3000 | X75: 0 | Y75: 3150 | Z75: WSWT2025800SM | AA75: 3310.89 | AB75: 0 | AC75: 3310.89 | AD75: 0 | AE75: 3310.89 | AF75: 0 | AG75: รอตัด | AH75: P6 | AI75: 4 | AJ75: รอแจ้ง | AK75: #VALUE! | AL75: #VALUE! | AM75: #VALUE! | AN75: #VALUE! | AO75: #VALUE! | AP75: #VALUE! | AQ75: 0 | AR75: 0 | AS75: 0 | AT75: 0 | AU75: 0 | AV75: 0 | AW75: งานเคลือบ+พิมพ์ | AX75: / | AY75: 0 | AZ75: 0 | BA75: 0 | BB75: 0 | BC75: WRWT25850/WRWT25850 | BD75: 250.15613
A76: 45909 | B76: MK68-001093 | C76: บจก.เอสพีเอ็ม อาหารสัตว์ | D76: เอส ฟาร์ม115 | E76: 20 | F76: 38 | G76: ขาว | H76: ด้าน | I76: 100 | J76: ± | K76: 5 | L76: บิด | M76: ไม่สวมถุงใน | N76: 0 | O76: 0 | P76: 0 | Q76: 0 | R76: 0 | S76: 500กระสอบแบน | T76: 45958 | U76: 6000 | V76: 5531 | W76: 469 | X76: 6100 | Y76: 0 | Z76: WSWT2025800SM | AA76: 0 | AB76: 0 | AC76: 0 | AD76: 0 | AE76: 0 | AF76: 0 | AG76: รอตัด | AH76: P6 | AI76: 4 | AJ76: 45958 | AK76: 45954 | AL76: 45947 | AM76: 45955 | AN76: 45956 | AO76: 45957 | AP76: 45953 | AQ76: 0 | AR76: 0 | AS76: 0 | AT76: 0 | AU76: 0 | AV76: 0 | AW76: งานเคลือบ+พิมพ์ | AX76: / | AY76: 0 | AZ76: 0 | BA76: 0 | BB76: 0 | BC76: WRWT25850/WRWT25850 | BD76: 0
A77: 45896 | B77: MK68-001040 | C77: บจก.เอสพีเอ็ม อาหารสัตว์ | D77: ฟิล กู๊ด พี4 | E77: 20 | F77: 38 | G77: ขาว | H77: ใส | I77: 100 | J77: ± | K77: 5 | L77: บิด | M77: ไม่สวมถุงใน | N77: 0 | O77: 0 | P77: 0 | Q77: 0 | R77: 0 | S77: 500กระสอบแบน | T77: 45926 | U77: 8000 | V77: 7232 | W77: 768 | X77: 8100 | Y77: 0 | Z77: WSWT2025800SM | AA77: 0 | AB77: 0 | AC77: 0 | AD77: 0 | AE77: 0 | AF77: 0 | AG77: รอตัด | AH77: P6 | AI77: 5 | AJ77: 45926 | AK77: 45921 | AL77: 45914 | AM77: 45922 | AN77: 45923 | AO77: 45924 | AP77: 45921 | AQ77: 0 | AR77: 0 | AS77: 0 | AT77: 0 | AU77: 0 | AV77: 0 | AW77: งานเคลือบ+พิมพ์ | AX77: / | AY77: 0 | AZ77: 0 | BA77: 0 | BB77: 0 | BC77: WRWT25850/WRWT25850 | BD77: 0
A78: 45916 | B78: MK68-001119 | C78: บจก.ซันฟีด | D78: ขุนศึกเบอร์ 1 | E78: 20 | F78: 38 | G78: ขาว | H78: ด้าน | I78: 100 | J78: + | K78: 0 | L78: บิด | M78: ไม่สวมถุงใน | N78: 0 | O78: 0 | P78: 0 | Q78: 0 | R78: 0 | S78: 300กระสอบแบนเต็มใบ | T78: 45926 | U78: 10000 | V78: 0 | W78: 10000 | X78: 10100 | Y78: 0 | Z78: WSWT2025800SM | AA78: 0 | AB78: 0 | AC78: 0 | AD78: 0 | AE78: 0 | AF78: 0 | AG78: พร้อมส่ง | AH78: P6 | AI78: 4 | AJ78: 45926 | AK78: 45922 | AL78: 45915 | AM78: 45923 | AN78: 45924 | AO78: 45925 | AP78: 45921 | AQ78: 0 | AR78: 0 | AS78: 0 | AT78: 0 | AU78: 0 | AV78: 0 | AW78: งานเคลือบ+พิมพ์ | AX78: / | AY78: 0 | AZ78: 0 | BA78: 0 | BB78: 0 | BC78: WRWT25850/WRWT25850 | BD78: 0
A79: 45916 | B79: MK68-001119 | C79: บจก.ซันฟีด | D79: ขุนศึกเบอร์ 2 | E79: 20 | F79: 38 | G79: ขาว | H79: ด้าน | I79: 100 | J79: + | K79: 0 | L79: บิด | M79: ไม่สวมถุงใน | N79: 0 | O79: 0 | P79: 0 | Q79: 0 | R79: 0 | S79: 300กระสอบแบนเต็มใบ | T79: 45926 | U79: 5000 | V79: 0 | W79: 5000 | X79: 5050 | Y79: 0 | Z79: WSWT2025800SM | AA79: 0 | AB79: 0 | AC79: 0 | AD79: 0 | AE79: 0 | AF79: 0 | AG79: พร้อมส่ง | AH79: P6 | AI79: 4 | AJ79: 45926 | AK79: 45922 | AL79: 45915 | AM79: 45923 | AN79: 45924 | AO79: 45925 | AP79: 45921 | AQ79: 0 | AR79: 0 | AS79: 0 | AT79: 0 | AU79: 0 | AV79: 0 | AW79: งานเคลือบ+พิมพ์ | AX79: / | AY79: 0 | AZ79: 0 | BA79: 0 | BB79: 0 | BC79: WRWT25850/WRWT25850 | BD79: 0
A80: 45916 | B80: MK68-001119 | C80: บจก.ซันฟีด | D80: 952 | E80: 20 | F80: 38 | G80: ขาว | H80: ด้าน | I80: 100 | J80: + | K80: 0 | L80: บิด | M80: ไม่สวมถุงใน | N80: 0 | O80: 0 | P80: 0 | Q80: 0 | R80: 0 | S80: 300กระสอบแบนเต็มใบ | T80: 45926 | U80: 5000 | V80: 0 | W80: 5000 | X80: 5100 | Y80: 0 | Z80: WSWT2025800SM | AA80: 0 | AB80: 0 | AC80: 0 | AD80: 0 | AE80: 0 | AF80: 0 | AG80: พร้อมส่ง | AH80: P6 | AI80: 4 | AJ80: 45926 | AK80: 45922 | AL80: 45915 | AM80: 45923 | AN80: 45924 | AO80: 45925 | AP80: 45921 | AQ80: 0 | AR80: 0 | AS80: 0 | AT80: 0 | AU80: 0 | AV80: 0 | AW80: งานเคลือบ+พิมพ์ | AX80: / | AY80: 0 | AZ80: 0 | BA80: 0 | BB80: 0 | BC80: WRWT25850/WRWT25850 | BD80: 0
A81: 45892 | B81: MK68-001029 | C81: บจก.เอสพีเอ็ม อาหารสัตว์ | D81: SPM 312 | E81: 20 | F81: 37 | G81: ขาว | H81: ด้าน | I81: 97 | J81: ± | K81: 5 | L81: บิด | M81: ไม่สวมถุงใน | N81: 0 | O81: 0 | P81: 0 | Q81: 0 | R81: 0 | S81: 500กระสอบแบน | T81: 45930 | U81: 3000 | V81: 3000 | W81: 0 | X81: 3100 | Y81: 0 | Z81: WSWT2025800SM | AA81: 0 | AB81: 0 | AC81: 0 | AD81: 0 | AE81: 0 | AF81: 0 | AG81: พร้อมส่ง | AH81: P6 | AI81: 4 | AJ81: 45930 | AK81: 45926 | AL81: 45919 | AM81: 45927 | AN81: 45928 | AO81: 45929 | AP81: 45925 | AQ81: 0 | AR81: 0 | AS81: 0 | AT81: 0 | AU81: 0 | AV81: 0 | AW81: งานเคลือบ+พิมพ์ | AX81: / | AY81: ลบสี 675 | AZ81: 0 | BA81: 0 | BB81: 0 | BC81: WRWT25850/WRWT25850 | BD81: 0
A82: 45891 | B82: MK68-001033 | C82: บจก.เอสพีเอ็ม อาหารสัตว์ | D82: นาโน 03 | E82: 20 | F82: 38 | G82: ขาว | H82: ด้าน | I82: 100 | J82: ± | K82: 5 | L82: บิด | M82: ไม่สวมถุงใน | N82: 0 | O82: 0 | P82: 0 | Q82: 0 | R82: 0 | S82: 500กระสอบแบน | T82: 45930 | U82: 9000 | V82: 8447 | W82: 553 | X82: 9150 | Y82: 0 | Z82: WSWT2025800SM | AA82: 0 | AB82: 0 | AC82: 0 | AD82: 0 | AE82: 0 | AF82: 0 | AG82: พร้อมส่ง | AH82: P6 | AI82: 5 | AJ82: 45930 | AK82: 45925 | AL82: 45918 | AM82: 45926 | AN82: 45927 | AO82: 45928 | AP82: 45925 | AQ82: 0 | AR82: 0 | AS82: 0 | AT82: 0 | AU82: 0 | AV82: 0 | AW82: งานเคลือบ+พิมพ์ | AX82: / | AY82: 0 | AZ82: 0 | BA82: 0 | BB82: 0 | BC82: WRWT25850/WRWT25850 | BD82: 0
A83: 45891 | B83: MK68-001034 | C83: บจก.เอสพีเอ็ม อาหารสัตว์ | D83: นาโน 01 | E83: 20 | F83: 38 | G83: ขาว | H83: ด้าน | I83: 100 | J83: ± | K83: 5 | L83: บิด | M83: ไม่สวมถุงใน | N83: 0 | O83: 0 | P83: 0 | Q83: 0 | R83: 0 | S83: 500กระสอบแบน | T83: 45930 | U83: 4000 | V83: 3780 | W83: 220 | X83: 4100 | Y83: 0 | Z83: WSWT2025800SM | AA83: 0 | AB83: 0 | AC83: 0 | AD83: 0 | AE83: 0 | AF83: 0 | AG83: รอตัด | AH83: P6 | AI83: 5 | AJ83: 45930 | AK83: 45925 | AL83: 45918 | AM83: 45926 | AN83: 45927 | AO83: 45928 | AP83: 45925 | AQ83: 0 | AR83: 0 | AS83: 0 | AT83: 0 | AU83: 0 | AV83: 0 | AW83: งานเคลือบ+พิมพ์ | AX83: / | AY83: 0 | AZ83: 0 | BA83: 0 | BB83: 0 | BC83: WRWT25850/WRWT25850 | BD83: 0
A84: 45891 | B84: MK68-001035 | C84: บจก.เอสพีเอ็ม อาหารสัตว์ | D84: นาโน 02 | E84: 20 | F84: 38 | G84: ขาว | H84: ด้าน | I84: 100 | J84: ± | K84: 5 | L84: บิด | M84: ไม่สวมถุงใน | N84: 0 | O84: 0 | P84: 0 | Q84: 0 | R84: 0 | S84: 500กระสอบแบน | T84: 45930 | U84: 9000 | V84: 8500 | W84: 500 | X84: 9455 | Y84: 0 | Z84: WSWT2025800SM | AA84: 0 | AB84: 0 | AC84: 0 | AD84: 0 | AE84: 0 | AF84: 0 | AG84: รอตัด | AH84: P6 | AI84: 5 | AJ84: 45930 | AK84: 45925 | AL84: 45918 | AM84: 45926 | AN84: 45927 | AO84: 45928 | AP84: 45925 | AQ84: 0 | AR84: 0 | AS84: 0 | AT84: 0 | AU84: 0 | AV84: 0 | AW84: งานเคลือบ+พิมพ์ | AX84: / | AY84: 0 | AZ84: 0 | BA84: 0 | BB84: 0 | BC84: WRWT25850/WRWT25850 | BD84: 0
A85: 45782 | B85: MK68-000609 | C85: บจก.เอสพีเอ็ม อาหารสัตว์ | D85: SW 441 | E85: 20 | F85: 38 | G85: ขาว | H85: ใส | I85: 100 | J85: ± | K85: 5 | L85: บิด | M85: ไม่สวมถุงใน | N85: 0 | O85: 0 | P85: 0 | Q85: 0 | R85: 0 | S85: 500กระสอบแบน | T85: 45930 | U85: 5000 | V85: 5000 | W85: 0 | X85: 7290 | Y85: 0 | Z85: WSWT2025800SM | AA85: 0 | AB85: 0 | AC85: 0 | AD85: 0 | AE85: 0 | AF85: 0 | AG85: พิมพ์ไม่ครบ | AH85: P6 | AI85: 4 | AJ85: 45930 | AK85: 45926 | AL85: 45919 | AM85: 45927 | AN85: 45928 | AO85: 45929 | AP85: 45925 | AQ85: 0 | AR85: 0 | AS85: 0 | AT85: 0 | AU85: 0 | AV85: 0 | AW85: งานเคลือบ+พิมพ์ | AX85: / | AY85: 0 | AZ85: 0 | BA85: 0 | BB85: 0 | BC85: WRWT25850/WRWT25850 | BD85: 0
A86: 45916 | B86: MK68-001119 | C86: บจก.ซันฟีด | D86: ขุนศึกเบอร์ 1 | E86: 20 | F86: 38 | G86: ขาว | H86: ด้าน | I86: 100 | J86: + | K86: 0 | L86: บิด | M86: ไม่สวมถุงใน | N86: 0 | O86: 0 | P86: 0 | Q86: 0 | R86: 0 | S86: 300กระสอบแบนเต็มใบ | T86: 45929 | U86: 5000 | V86: 0 | W86: 5000 | X86: 5050 | Y86: 0 | Z86: WSWT2025800SM | AA86: 0 | AB86: 0 | AC86: 0 | AD86: 0 | AE86: 0 | AF86: 0 | AG86: ยังไม่ได้พิมพ์ | AH86: P6 | AI86: 4 | AJ86: 45929 | AK86: 45925 | AL86: 45918 | AM86: 45926 | AN86: 45927 | AO86: 45928 | AP86: 45924 | AQ86: 0 | AR86: 0 | AS86: 0 | AT86: 0 | AU86: 0 | AV86: 0 | AW86: งานเคลือบ+พิมพ์ | AX86: / | AY86: 0 | AZ86: 0 | BA86: 0 | BB86: 0 | BC86: WRWT25850/WRWT25850 | BD86: 0
A87: 45916 | B87: MK68-001119 | C87: บจก.ซันฟีด | D87: ขุนศึกเบอร์ 2 | E87: 20 | F87: 38 | G87: ขาว | H87: ด้าน | I87: 100 | J87: + | K87: 0 | L87: บิด | M87: ไม่สวมถุงใน | N87: 0 | O87: 0 | P87: 0 | Q87: 0 | R87: 0 | S87: 300กระสอบแบนเต็มใบ | T87: 45929 | U87: 5000 | V87: 0 | W87: 5000 | X87: 5050 | Y87: 0 | Z87: WSWT2025800SM | AA87: 0 | AB87: 0 | AC87: 0 | AD87: 0 | AE87: 0 | AF87: 0 | AG87: ยังไม่ได้พิมพ์ | AH87: P6 | AI87: 4 | AJ87: 45929 | AK87: 45925 | AL87: 45918 | AM87: 45926 | AN87: 45927 | AO87: 45928 | AP87: 45924 | AQ87: 0 | AR87: 0 | AS87: 0 | AT87: 0 | AU87: 0 | AV87: 0 | AW87: งานเคลือบ+พิมพ์ | AX87: / | AY87: 0 | AZ87: 0 | BA87: 0 | BB87: 0 | BC87: WRWT25850/WRWT25850 | BD87: 0
A88: 45916 | B88: MK68-001119 | C88: บจก.ซันฟีด | D88: 952 | E88: 20 | F88: 38 | G88: ขาว | H88: ด้าน | I88: 100 | J88: + | K88: 0 | L88: บิด | M88: ไม่สวมถุงใน | N88: 0 | O88: 0 | P88: 0 | Q88: 0 | R88: 0 | S88: 300กระสอบแบนเต็มใบ | T88: 45929 | U88: 5000 | V88: 0 | W88: 5000 | X88: 2040 | Y88: 3108 | Z88: WSWT2025800SM | AA88: 3430.082 | AB88: 3430.082 | AC88: 0 | AD88: 3430.082 | AE88: 0 | AF88: 0 | AG88: ยังไม่ได้พิมพ์ | AH88: P6 | AI88: 4 | AJ88: 45929 | AK88: 45925 | AL88: 45918 | AM88: 45926 | AN88: 45927 | AO88: 45928 | AP88: 45924 | AQ88: 0 | AR88: 0 | AS88: 0 | AT88: 0 | AU88: 0 | AV88: 0 | AW88: งานเคลือบ+พิมพ์ | AX88: / | AY88: 0 | AZ88: 0 | BA88: 0 | BB88: 0 | BC88: WRWT25850/WRWT25850 | BD88: 0
A89: 45931 | B89: MK68-001123 | C89: บจก.อินเทคค์ โกลบอล | D89: เพอเฟคค์ 000 | E89: 20 | F89: 36 | G89: ขาว | H89: ด้าน | I89: 100 | J89: ± | K89: 5 | L89: จับจีบ4" | M89: ไม่สวมถุงใน | N89: 0 | O89: 0 | P89: 0 | Q89: 0 | R89: 0 | S89: มัด80 ใช้สายรัด | T89: 45930 | U89: 10000 | V89: 0 | W89: 10000 | X89: 0 | Y89: 10500 | Z89: WSWT2025800SM | AA89: 10477.5 | AB89: 10477.5 | AC89: 0 | AD89: 10477.5 | AE89: 0 | AF89: 0 | AG89: ยังไม่ได้พิมพ์ | AH89: P6 | AI89: 4 | AJ89: 45930 | AK89: 45926 | AL89: 45919 | AM89: 45927 | AN89: 45928 | AO89: 45929 | AP89: 45925 | AQ89: 0 | AR89: 0 | AS89: 0 | AT89: 0 | AU89: 0 | AV89: 0 | AW89: งานเคลือบ+พิมพ์ | AX89: / | AY89: 0 | AZ89: 0 | BA89: 0 | BB89: 0 | BC89: WRWT25850/WRWT25850 | BD89: 0
A90: 45919 | B90: MK68-001129 | C90: บจก.อินเทคค์ โกลบอล | D90: สุบรรณ 222 | E90: 20 | F90: 36 | G90: ขาว | H90: ด้าน | I90: 100 | J90: ± | K90: 5 | L90: จับจีบ3.5" | M90: ไม่สวมถุงใน | N90: 0 | O90: 0 | P90: 0 | Q90: 0 | R90: 0 | S90: มัด80 ใช้สายรัด | T90: 45930 | U90: 5040 | V90: 0 | W90: 5040 | X90: 0 | Y90: 5292 | Z90: WSWT2025800SM | AA90: 5280.66 | AB90: 5280.66 | AC90: 0 | AD90: 5280.66 | AE90: 0 | AF90: 0 | AG90: ยังไม่ได้พิมพ์ | AH90: P6 | AI90: 4 | AJ90: 45930 | AK90: 45926 | AL90: 45919 | AM90: 45927 | AN90: 45928 | AO90: 45929 | AP90: 45925 | AQ90: 0 | AR90: 0 | AS90: 0 | AT90: 0 | AU90: 0 | AV90: 0 | AW90: งานเคลือบ+พิมพ์ | AX90: / | AY90: 0 | AZ90: 0 | BA90: 0 | BB90: 0 | BC90: WRWT25850/WRWT25850 | BD90: 0
A91: 45919 | B91: MK68-001129 | C91: บจก.อินเทคค์ โกลบอล | D91: สุบรรณ 333 | E91: 20 | F91: 36 | G91: ขาว | H91: ด้าน | I91: 100 | J91: ± | K91: 5 | L91: จับจีบ3.5" | M91: ไม่สวมถุงใน | N91: 0 | O91: 0 | P91: 0 | Q91: 0 | R91: 0 | S91: มัด80 ใช้สายรัด | T91: 45930 | U91: 5040 | V91: 0 | W91: 5040 | X91: 0 | Y91: 5292 | Z91: WSWT2025800SM | AA91: 5280.66 | AB91: 5280.66 | AC91: 0 | AD91: 5280.66 | AE91: 0 | AF91: 0 | AG91: ยังไม่ได้พิมพ์ | AH91: P6 | AI91: 4 | AJ91: 45930 | AK91: 45926 | AL91: 45919 | AM91: 45927 | AN91: 45928 | AO91: 45929 | AP91: 45925 | AQ91: 0 | AR91: 0 | AS91: 0 | AT91: 0 | AU91: 0 | AV91: 0 | AW91: งานเคลือบ+พิมพ์ | AX91: / | AY91: 0 | AZ91: 0 | BA91: 0 | BB91: 0 | BC91: WRWT25850/WRWT25850 | BD91: 0
A92: 45919 | B92: MK68-001128 | C92: บจก.อินเทคค์ โกลบอล | D92: เฟิร์สคลาส 912 | E92: 20 | F92: 35 | G92: ขาว | H92: ด้าน | I92: 97 | J92: ± | K92: 5 | L92: จับจีบ | M92: ไม่สวมถุงใน | N92: 0 | O92: 0 | P92: 0 | Q92: 0 | R92: 0 | S92: มัด80 ใช้สายรัด | T92: 45930 | U92: 5040 | V92: 0 | W92: 5040 | X92: 0 | Y92: 5292 | Z92: WSWT2025800SM | AA92: 5139.8424 | AB92: 5139.8424 | AC92: 0 | AD92: 5139.8424 | AE92: 0 | AF92: 0 | AG92: ยังไม่ได้พิมพ์ | AH92: P6 | AI92: 4 | AJ92: 45930 | AK92: 45926 | AL92: 45919 | AM92: 45927 | AN92: 45928 | AO92: 45929 | AP92: 45925 | AQ92: 0 | AR92: 0 | AS92: 0 | AT92: 0 | AU92: 0 | AV92: 0 | AW92: งานเคลือบ+พิมพ์ | AX92: / | AY92: 0 | AZ92: 0 | BA92: 0 | BB92: 0 | BC92: WRWT25850/WRWT25850 | BD92: 0
A93: 45919 | B93: MK68-001123 | C93: บจก.อินเทคค์ โกลบอล | D93: เพอเฟคค์ 912 | E93: 20 | F93: 36 | G93: ขาว | H93: ด้าน | I93: 100 | J93: ± | K93: 5 | L93: จับจีบ4" | M93: ไม่สวมถุงใน | N93: 0 | O93: 0 | P93: 0 | Q93: 0 | R93: 0 | S93: มัด80 ใช้สายรัด | T93: 45934 | U93: 10000 | V93: 0 | W93: 10000 | X93: 0 | Y93: 10500 | Z93: WSWT2025800SM | AA93: 10477.5 | AB93: 10477.5 | AC93: 0 | AD93: 10477.5 | AE93: 0 | AF93: 0 | AG93: ยังไม่ได้พิมพ์ | AH93: P6 | AI93: 4 | AJ93: 45934 | AK93: 45930 | AL93: 45923 | AM93: 45931 | AN93: 45932 | AO93: 45933 | AP93: 45929 | AQ93: 0 | AR93: 0 | AS93: 0 | AT93: 0 | AU93: 0 | AV93: 0 | AW93: งานเคลือบ+พิมพ์ | AX93: / | AY93: 0 | AZ93: 0 | BA93: 0 | BB93: 0 | BC93: WRWT25850/WRWT25850 | BD93: 0
A94: 45919 | B94: MK68-001124 | C94: บจก.อินเทคค์ โกลบอล | D94: เพอเฟคค์ 913 | E94: 20 | F94: 36 | G94: ขาว | H94: ด้าน | I94: 100 | J94: ± | K94: 5 | L94: จับจีบ4" | M94: ไม่สวมถุงใน | N94: 0 | O94: 0 | P94: 0 | Q94: 0 | R94: 0 | S94: มัด80 ใช้สายรัด | T94: 45934 | U94: 30000 | V94: 0 | W94: 30000 | X94: 0 | Y94: 31500 | Z94: WSWT2025800SM | AA94: 31432.5 | AB94: 31432.5 | AC94: 0 | AD94: 10478 | AE94: 20954.5 | AF94: 0 | AG94: พร้อมส่ง | AH94: P6 | AI94: 4 | AJ94: 45934 | AK94: 45930 | AL94: 45923 | AM94: 45931 | AN94: 45932 | AO94: 45933 | AP94: 45929 | AQ94: 0 | AR94: 0 | AS94: 0 | AT94: 0 | AU94: 0 | AV94: 0 | AW94: งานเคลือบ+พิมพ์ | AX94: / | AY94: 4/10 11/10 | AZ94: 0 | BA94: 0 | BB94: 0 | BC94: WRWT25850/WRWT25850 | BD94: 0
A95: 45892 | B95: MK68-001026 | C95: บจก.อินเทคค์ โกลบอล | D95: เพอเฟคค์ 913 | E95: 20 | F95: 36 | G95: ขาว | H95: ด้าน | I95: 100 | J95: ± | K95: 5 | L95: จับจีบ | M95: ไม่สวมถุงใน | N95: 0 | O95: 0 | P95: 0 | Q95: 0 | R95: 0 | S95: มัด80 ใช้สายรัด | T95: 45934 | U95: 1840 | V95: 80 | W95: 1760 | X95: 0 | Y95: 1848 | Z95: WSWT2025800SM | AA95: 1844.04 | AB95: 1844.04 | AC95: 0 | AD95: 0 | AE95: 1844.04 | AF95: 0 | AG95: ยังไม่ได้พิมพ์ | AH95: P6 | AI95: 4 | AJ95: 45934 | AK95: 45930 | AL95: 45923 | AM95: 45931 | AN95: 45932 | AO95: 45933 | AP95: 45929 | AQ95: 0 | AR95: 0 | AS95: 0 | AT95: 0 | AU95: 0 | AV95: 0 | AW95: งานเคลือบ+พิมพ์ | AX95: / | AY95: 0 | AZ95: 0 | BA95: 0 | BB95: 0 | BC95: WRWT25850/WRWT25850 | BD95: 0
A96: 45919 | B96: MK68-001124 | C96: บจก.อินเทคค์ โกลบอล | D96: เพอเฟคค์ 916 | E96: 20 | F96: 36 | G96: ขาว | H96: ด้าน | I96: 100 | J96: ± | K96: 5 | L96: จับจีบ4" | M96: ไม่สวมถุงใน | N96: 0 | O96: 0 | P96: 0 | Q96: 0 | R96: 0 | S96: มัด80 ใช้สายรัด | T96: 45934 | U96: 20000 | V96: 0 | W96: 20000 | X96: 0 | Y96: 21000 | Z96: WSWT2025800SM | AA96: 20955 | AB96: 20955 | AC96: 0 | AD96: 0 | AE96: 20955 | AF96: 0 | AG96: ยังไม่ได้พิมพ์ | AH96: P6 | AI96: 4 | AJ96: 45934 | AK96: 45930 | AL96: 45923 | AM96: 45931 | AN96: 45932 | AO96: 45933 | AP96: 45929 | AQ96: 0 | AR96: 0 | AS96: 0 | AT96: 0 | AU96: 0 | AV96: 0 | AW96: งานเคลือบ+พิมพ์ | AX96: / | AY96: 4/10 10/10 | AZ96: 0 | BA96: 0 | BB96: 0 | BC96: WRWT25850/WRWT25850 | BD96: 0
A97: 45887 | B97: MK68-001007 | C97: บจก.อินเทคค์ โกลบอล | D97: เพอเฟคค์ 916 | E97: 20 | F97: 36 | G97: ขาว | H97: ด้าน | I97: 100 | J97: ± | K97: 5 | L97: จับจีบ | M97: ไม่สวมถุงใน | N97: 0 | O97: 0 | P97: 0 | Q97: 0 | R97: 0 | S97: มัด80 ใช้สายรัด | T97: 45934 | U97: 104 | V97: 0 | W97: 104 | X97: 0 | Y97: 109.2 | Z97: WSWT2025800SM | AA97: 108.966 | AB97: 108.966 | AC97: 0 | AD97: 0 | AE97: 108.966 | AF97: 0 | AG97: พร้อมส่ง | AH97: P6 | AI97: 4 | AJ97: 45934 | AK97: 45930 | AL97: 45923 | AM97: 45931 | AN97: 45932 | AO97: 45933 | AP97: 45929 | AQ97: 0 | AR97: 0 | AS97: 0 | AT97: 0 | AU97: 0 | AV97: 0 | AW97: งานเคลือบ+พิมพ์ | AX97: / | AY97: 0 | AZ97: 0 | BA97: 0 | BB97: 0 | BC97: WRWT25850/WRWT25850 | BD97: 0
A98: 45919 | B98: MK68-001121 | C98: บจก.อินเทคค์ โกลบอล | D98: เฟิร์สช้อย 912 | E98: 20 | F98: 36 | G98: ขาว | H98: ด้าน | I98: 100 | J98: ± | K98: 5 | L98: จับจีบ4" | M98: ไม่สวมถุงใน | N98: 0 | O98: 0 | P98: 0 | Q98: 0 | R98: 0 | S98: มัด80 ใช้สายรัด | T98: 45936 | U98: 15040 | V98: 0 | W98: 15040 | X98: 0 | Y98: 15792 | Z98: WSWT2025800SM | AA98: 15758.16 | AB98: 15758.16 | AC98: 0 | AD98: 0 | AE98: 15758.16 | AF98: 0 | AG98: ยังไม่ได้พิมพ์ | AH98: P6 | AI98: 4 | AJ98: 45936 | AK98: 45932 | AL98: 45925 | AM98: 45933 | AN98: 45934 | AO98: 45935 | AP98: 45931 | AQ98: 0 | AR98: 0 | AS98: 0 | AT98: 0 | AU98: 0 | AV98: 0 | AW98: งานเคลือบ+พิมพ์ | AX98: / | AY98: 0 | AZ98: 0 | BA98: 0 | BB98: 0 | BC98: WRWT25850/WRWT25850 | BD98: 0
A99: 45919 | B99: MK68-001122 | C99: บจก.อินเทคค์ โกลบอล | D99: เฟิร์สช้อย 913 | E99: 20 | F99: 36 | G99: ขาว | H99: ด้าน | I99: 100 | J99: ± | K99: 5 | L99: จับจีบ4" | M99: ไม่สวมถุงใน | N99: 0 | O99: 0 | P99: 0 | Q99: 0 | R99: 0 | S99: มัด80 ใช้สายรัด | T99: 45936 | U99: 10000 | V99: 0 | W99: 10000 | X99: 0 | Y99: 10500 | Z99: WSWT2025800SM | AA99: 10477.5 | AB99: 10477.5 | AC99: 0 | AD99: 0 | AE99: 10477.5 | AF99: 0 | AG99: พร้อมส่ง | AH99: P6 | AI99: 4 | AJ99: 45936 | AK99: 45932 | AL99: 45925 | AM99: 45933 | AN99: 45934 | AO99: 45935 | AP99: 45931 | AQ99: 0 | AR99: 0 | AS99: 0 | AT99: 0 | AU99: 0 | AV99: 0 | AW99: งานเคลือบ+พิมพ์ | AX99: / | AY99: 0 | AZ99: 0 | BA99: 0 | BB99: 0 | BC99: WRWT25850/WRWT25850 | BD99: 0
A100: 45892 | B100: MK68-001024 | C100: บจก.อินเทคค์ โกลบอล | D100: เฟิร์สช้อย 913 | E100: 20 | F100: 36 | G100: ขาว | H100: ด้าน | I100: 100 | J100: ± | K100: 5 | L100: จับจีบ | M100: ไม่สวมถุงใน | N100: 0 | O100: 0 | P100: 0 | Q100: 0 | R100: 0 | S100: มัด80 ใช้สายรัด | T100: 45936 | U100: 640 | V100: 0 | W100: 640 | X100: 0 | Y100: 672 | Z100: WSWT2025800SM | AA100: 670.56 | AB100: 670.56 | AC100: 0 | AD100: 0 | AE100: 670.56 | AF100: 0 | AG100: ยังไม่ได้พิมพ์ | AH100: P6 | AI100: 4 | AJ100: 45936 | AK100: 45932 | AL100: 45925 | AM100: 45933 | AN100: 45934 | AO100: 45935 | AP100: 45931 | AQ100: 0 | AR100: 0 | AS100: 0 | AT100: 0 | AU100: 0 | AV100: 0 | AW100: งานเคลือบ+พิมพ์ | AX100: / | AY100: สีผิดเบอร์280 | AZ100: 0 | BA100: 0 | BB100: 0 | BC100: WRWT25850/WRWT25850 | BD100: 0
A101: 45919 | B101: MK68-001122 | C101: บจก.อินเทคค์ โกลบอล | D101: เพอเฟคค์ 914 | E101: 20 | F101: 36 | G101: ขาว | H101: ด้าน | I101: 100 | J101: ± | K101: 5 | L101: จับจีบ4" | M101: ไม่สวมถุงใน | N101: 0 | O101: 0 | P101: 0 | Q101: 0 | R101: 0 | S101: มัด80 ใช้สายรัด | T101: 45936 | U101: 20000 | V101: 0 | W101: 20000 | X101: 0 | Y101: 21000 | Z101: WSWT2025800SM | AA101: 20955 | AB101: 20955 | AC101: 0 | AD101: 0 | AE101: 20955 | AF101: 0 | AG101: ยังไม่ได้พิมพ์ | AH101: P6 | AI101: 4 | AJ101: 45936 | AK101: 45932 | AL101: 45925 | AM101: 45933 | AN101: 45934 | AO101: 45935 | AP101: 45931 | AQ101: 0 | AR101: 0 | AS101: 0 | AT101: 0 | AU101: 0 | AV101: 0 | AW101: งานเคลือบ+พิมพ์ | AX101: / | AY101: 0 | AZ101: 0 | BA101: 0 | BB101: 0 | BC101: WRWT25850/WRWT25850 | BD101: 0
...

Sheet 22-9-68
B2: เรียงกำหนดส่ง | D2: ลบ 0 | T2: เรียง 1
B3: ข้อมูลUpdate ณ. วันที่ | D3: 45922 | E3: เวลา | G3: 10.31
A4: วันรับออร์เดอร์/แบบ | B4: เลขที่ SO | C4: ชื่อลูกค้า | E4: 10.3 | I4: น้ำหนัก | L4: บิด/จับจีบ | M4: ถุงใน | Q4: 44873 | S4: วิธีบรรจุ | T4: วันส่ง | U4: จำนวนส่ง | V4: ตัดเย็บ (ใบ) | W4: 44873 | X4: พิมพ์ (ใบ) | Y4: 44876 | Z4: ผ้าทอ (เมตร) Updateณ | AB4: 44876 | AD4: ผ้าเคลือบ(เมตร) | AF4: หมายเหตุ | AG4: เครื่อง
B5: เลขที่ SO | C5: ชื่อลูกค้า | D5: ตรา | E5: กว้าง | F5: ยาว | G5: สี | H5: เคลือบ | I5: กรัม/ใบ | J5: * | K5: aw | L5: บิด/จับจีบ | M5: กว้าง | N5: ยาว | O5: หนา | P5: ใช้(กก.) | Q5: Stock(กก.) | R5: ผลิต(กก.) | S5: วิธีบรรจุ | T5: วันส่ง | U5: จำนวนส่ง | V5: StockFG | W5: ค้างตัด | X5: พิมพ์แล้ว | Y5: ค้างพิมพ์ | Z5: ประเภท | AA5: ใช้ | AB5: Stock | AC5: ค้างทอ | AD5: Stock | AE5: ค้างเคลือบ | AF5: หมายเหตุ | AG5: ที่พิมพ์ได้ | AH5: process | AI5: Lead time | AJ5: วันที่ส่งPL | AK5: เคลือบ | AL5: ได้ ART | AM5: พิมพ์ | AN5: จีบ-บิด | AO5: ตัด-เย็บ | AP5: ทอ | AQ5: สวมถุง | AR5: เย็บปาก | AS5: PT | AT5: ม้วน | AU5: ตัด | AV5: ตอกตาไก่ | AW5: GROUP | AX5: ART | AY5: หมายเหตุปัญหา | AZ5: ราคา/ใบ | BA5: ราคารวม | BB5: workweek | BC5: เส้นเทป | BD5: จำนวน
A6: 45897 | B6: MK68-001045 | C6: บจก.เคอรี่ฟลาวมิลล์ | D6: น้องเอินโดนัท 10กก | E6: 16 | F6: 25 | G6: ขาว | H6: 0 | I6: 45 | J6: ± | K6: 5 | L6: ไม่ | M6: ไม่สวมถุงใน | N6: 0 | O6: 0 | P6: 0 | Q6: 0 | R6: 0 | S6: ห่ออัดเบลแบน500 | T6: 45925 | U6: 5000 | V6: 5000 | W6: 0 | X6: 5400 | Y6: 0 | Z6: WSWT1625800 | AA6: 0 | AB6: 0 | AC6: 0 | AD6: 0 | AE6: 0 | AF6: 0 | AG6: พร้อมส่ง | AH6: P7 | AI6: 2 | AJ6: 45925 | AK6: 0 | AL6: 45916 | AM6: 45923 | AN6: 45924 | AO6: 45924 | AP6: 45920 | AQ6: 0 | AR6: 0 | AS6: 0 | AT6: 0 | AU6: 0 | AV6: 0 | AW6: งานพิมพ์ | AX6: / | AY6: สีลอกทั้งหมด | AZ6: 0 | BA6: 0 | BB6: 0 | BC6: WRWT25800/WRWT25800 | BD6: 0
A7: 0 | B7: 0 | C7: 0 | D7: 0 | E7: 16 | F7: 25 | G7: ขาว | H7: 0 | I7: 45 | J7: ± | K7: 5 | L7: 0 | M7: 0 | N7: 0 | O7: 0 | P7: 0 | Q7: 0 | R7: 0 | S7: 0 | U7: 0 | V7: 0 | W7: 0 | X7: 0 | Y7: 0 | Z7: WSWT1625800 | AA7: 0 | AB7: 0 | AC7: 0 | AD7: 0 | AE7: 0 | AF7: ระบุในSD | AG7: ยังไม่ได้พิมพ์ | AH7: 0 | AI7: Lead time | AJ7: 0 | AK7: 0 | AL7: 0 | AM7: 0 | AN7: 0 | AO7: 0 | AP7: 0 | AQ7: 0 | AR7: 0 | AS7: 0 | AT7: 0 | AU7: 0 | AV7: 0 | AW7: 0 | AX7: 0 | AY7: 0 | AZ7: 0 | BA7: 0 | BB7: 0 | BC7: WRWT160800/WRWT25800 | BD7: 0
A8: ประมาณการ | B8: ประมาณการ | C8: บจก.ฟาร์เธอร์ส วิง ซัพพลาย | D8: รถไฟ | E8: 18 | F8: 30 | G8: ขาว | H8: 0 | I8: 54 | J8: ± | K8: 5 | L8: บิด | M8: 19 | N8: 33 | O8: 40 | P8: 232.02999 | Q8: 0 | R8: 232.02999 | S8: 500กระสอบ | T8: รอแจ้ง | U8: 15000 | V8: 0 | W8: 15000 | X8: 0 | Y8: 15750 | Z8: WSWT1825800 | AA8: 13201.65 | AB8: 2599 | AC8: 10602.65 | AD8: 0 | AE8: 0 | AF8: 0 | AG8: พร้อมส่ง | AH8: P9 | AI8: 3 | AJ8: รอแจ้ง | AK8: 0 | AL8: #VALUE! | AM8: #VALUE! | AN8: #VALUE! | AO8: #VALUE! | AP8: #VALUE! | AQ8: #VALUE! | AR8: 0 | AS8: 0 | AT8: 0 | AU8: 0 | AV8: 0 | AW8: งานพิมพ์ | AX8: รอART | AY8: 0 | AZ8: 0 | BA8: 0 | BB8: 0 | BC8: WRWT25800/WRWT25800 | BD8: 729.46232
A9: 0 | B9: 0 | E9: 18 | F9: 30 | G9: ขาว | H9: 0 | I9: 54 | J9: ± | K9: 5 | L9: 0 | M9: 0 | N9: 0 | O9: 0 | P9: 0 | Q9: 0 | R9: 0 | S9: 0 | U9: 0 | V9: 0 | W9: 0 | X9: 0 | Y9: 0 | Z9: WSWT1825800 | AA9: 13201.65 | AB9: 2599 | AC9: 10602.65 | AD9: 0 | AE9: 0 | AF9: ระบุในSD | AG9: ยังไม่ได้พิมพ์ | AH9: 0 | AI9: Lead time | AJ9: 0 | AK9: 0 | AL9: 0 | AM9: 0 | AN9: 0 | AO9: 0 | AP9: 0 | AQ9: 0 | AR9: 0 | AS9: 0 | AT9: 0 | AU9: 0 | AV9: 0 | AW9: 0 | AX9: 0 | AY9: 0 | AZ9: 0 | BA9: 0 | BB9: 0 | BC9: WRWT25800/WRWT25800 | BD9: 0
A10: 45912 | B10: MK68-001111 | C10: บจก.ซิเบลโก้(บางเลน) | D10: PORTARYTE | E10: 18 | F10: 30 | G10: ขาว | H10: ใส | I10: 74 | J10: ± | K10: 5 | L10: ไม่ | M10: ไม่สวมถุงใน | N10: 0 | O10: 0 | P10: 0 | Q10: 0 | R10: 0 | S10: 500กระสอบแบน | T10: 45924 | U10: 10000 | V10: 0 | W10: 10000 | X10: 0 | Y10: 10500 | Z10: WSWT1825800SM | AA10: 8801.1 | AB10: 8801.1 | AC10: 0 | AD10: 8801.1 | AE10: 0 | AF10: ห้ามเกิน-ขาดได้5% | AG10: ยังไม่ได้พิมพ์ | AH10: P6 | AI10: 4 | AJ10: 45924 | AK10: 45920 | AL10: 45913 | AM10: 45921 | AN10: 45922 | AO10: 45923 | AP10: 45919 | AQ10: 0 | AR10: 0 | AS10: 0 | AT10: 0 | AU10: 0 | AV10: 0 | AW10: งานเคลือบ+พิมพ์ | AX10: / | AY10: 0 | AZ10: 0 | BA10: 0 | BB10: 0 | BC10: WRWT25800/WRWT25800 | BD10: 0
A11: 0 | B11: 0 | C11: 0 | E11: 18 | F11: 25 | G11: ขาว | H11: 0 | I11: 50 | J11: ± | K11: 5 | L11: 0 | M11: 0 | N11: 0 | O11: 0 | P11: 0 | Q11: 0 | R11: 0 | S11: 0 | U11: 0 | V11: 0 | W11: 0 | X11: 0 | Y11: 0 | Z11: WSWT1825800SM | AA11: 8801.1 | AB11: 8801.1 | AC11: 0 | AD11: 8801.1 | AE11: 0 | AF11: ระบุในSD | AG11: ยังไม่ได้พิมพ์ | AH11: 0 | AI11: Lead time | AJ11: 0 | AK11: 0 | AL11: 0 | AM11: 0 | AN11: 0 | AO11: 0 | AP11: 0 | AQ11: 0 | AR11: 0 | AS11: 0 | AT11: 0 | AU11: 0 | AV11: 0 | AW11: 0 | AX11: 0 | AY11: 0 | AZ11: 0 | BA11: 0 | BB11: 0 | BC11: WRWT180800/WRWT25800 | BD11: 0
A12: 45916 | B12: MK68-001117 | C12: บจก.เอ็กเซลเล้นท์ ไพโอเนียร์ | D12: นกทอง | E12: 19 | F12: 30 | G12: ขาว | H12: 0 | I12: 60 | J12: ± | K12: 5 | L12: บิด | M12: ไม่สวมถุงใน | N12: 0 | O12: 0 | P12: 0 | Q12: 0 | R12: 0 | S12: 500กระสอบ | T12: 45925 | U12: 20000 | V12: 0 | W12: 20000 | X12: 0 | Y12: 21000 | Z12: WSWT1925800 | AA12: 17602.2 | AB12: 17602.2 | AC12: 0 | AD12: 0 | AE12: 0 | AF12: 0 | AG12: ยังไม่ได้พิมพ์ | AH12: P7 | AI12: 2 | AJ12: 45925 | AK12: 0 | AL12: 45916 | AM12: 45923 | AN12: 45924 | AO12: 45924 | AP12: 45920 | AQ12: 0 | AR12: 0 | AS12: 0 | AT12: 0 | AU12: 0 | AV12: 0 | AW12: งานพิมพ์ | AX12: / | AY12: 0 | AZ12: 0 | BA12: 0 | BB12: 0 | BC12: WRWT25800/WRWT25800 | BD12: 0
A13: 45920 | B13: MK68-001139 | C13: บจก.เพรซิเดนท์ฟลาวมิลล์ | D13: ผึ้งเหลือง | E13: 19 | F13: 30 | G13: ขาว | H13: 0 | I13: 60 | J13: ± | K13: 5 | L13: บิด | M13: ไม่สวมถุงใน | N13: 0 | O13: 0 | P13: 0 | Q13: 0 | R13: 0 | S13: 500กระสอบแบน | T13: 45938 | U13: 50000 | V13: 0 | W13: 50000 | X13: 0 | Y13: 52500 | Z13: WSWT1925800 | AA13: 44005.5 | AB13: 39260 | AC13: 4745.5 | AD13: 0 | AE13: 0 | AF13: 0 | AG13: ยังไม่ได้พิมพ์ | AH13: P7 | AI13: 2 | AJ13: 45938 | AK13: 0 | AL13: 45929 | AM13: 45936 | AN13: 45937 | AO13: 45937 | AP13: 45933 | AQ13: 0 | AR13: 0 | AS13: 0 | AT13: 0 | AU13: 0 | AV13: 0 | AW13: งานพิมพ์ | AX13: รอART | AY13: เย็น8/10 | AZ13: 0 | BA13: 0 | BB13: 0 | BC13: WRWT25800/WRWT25800 | BD13: 344.62876
A14: 45920 | B14: MK68-001140 | C14: บจก.เพรซิเดนท์ฟลาวมิลล์ | D14: ผึ้งชมพู | E14: 19 | F14: 30 | G14: ขาว | H14: 0 | I14: 60 | J14: ± | K14: 5 | L14: บิด | M14: ไม่สวมถุงใน | N14: 0 | O14: 0 | P14: 0 | Q14: 0 | R14: 0 | S14: 500กระสอบแบน | T14: 45938 | U14: 20000 | V14: 0 | W14: 20000 | X14: 0 | Y14: 21000 | Z14: WSWT1925800 | AA14: 17602.2 | AB14: 0 | AC14: 17602.2 | AD14: 0 | AE14: 0 | AF14: 0 | AG14: รอแบบ | AH14: P7 | AI14: 2 | AJ14: 45938 | AK14: 0 | AL14: 45929 | AM14: 45936 | AN14: 45937 | AO14: 45937 | AP14: 45933 | AQ14: 0 | AR14: 0 | AS14: 0 | AT14: 0 | AU14: 0 | AV14: 0 | AW14: งานพิมพ์ | AX14: รอART | AY14: เย็น8/10 | AZ14: 0 | BA14: 0 | BB14: 0 | BC14: WRWT25800/WRWT25800 | BD14: 1278.3109
A15: 45920 | B15: MK68-001140 | C15: บจก.เพรซิเดนท์ฟลาวมิลล์ | D15: ผึ้งชมพู | E15: 19 | F15: 30 | G15: ขาว | H15: 0 | I15: 60 | J15: ± | K15: 5 | L15: บิด | M15: ไม่สวมถุงใน | N15: 0 | O15: 0 | P15: 0 | Q15: 0 | R15: 0 | S15: 500กระสอบแบน | T15: 45952 | U15: 20000 | V15: 0 | W15: 20000 | X15: 0 | Y15: 21000 | Z15: WSWT1925800 | AA15: 17602.2 | AB15: 0 | AC15: 17602.2 | AD15: 0 | AE15: 0 | AF15: 0 | AG15: ยังไม่ได้พิมพ์ | AH15: P7 | AI15: 2 | AJ15: 45952 | AK15: 0 | AL15: 45943 | AM15: 45950 | AN15: 45951 | AO15: 45951 | AP15: 45947 | AQ15: 0 | AR15: 0 | AS15: 0 | AT15: 0 | AU15: 0 | AV15: 0 | AW15: งานพิมพ์ | AX15: รอART | AY15: 0 | AZ15: 0 | BA15: 0 | BB15: 0 | BC15: WRWT25800/WRWT25800 | BD15: 1278.3109
A16: ประมาณการ | B16: ประมาณการ | C16: บจก.ไลม์มาสเตอร์ | D16: LMC 25 kg | E16: 19 | F16: 32 | G16: ขาว | H16: 0 | I16: 64 | J16: ± | K16: 5 | L16: ไม่ | M16: 20 | N16: 35 | O16: 40 | P16: 341.36903 | Q16: 0 | R16: 341.36903 | S16: 500กระสอบแบน | T16: 45961 | U16: 20000 | V16: 233 | W16: 19767 | X16: 0 | Y16: 20755.35 | Z16: WSWT1925800 | AA16: 18501.714 | AB16: 0 | AC16: 18501.714 | AD16: 0 | AE16: 0 | AF16: 0 | AG16: พร้อมส่ง | AH16: P9 | AI16: 3 | AJ16: 45961 | AK16: 0 | AL16: 45951 | AM16: 45958 | AN16: 45959 | AO16: 45959 | AP16: 45956 | AQ16: 45960 | AR16: 0 | AS16: 0 | AT16: 0 | AU16: 0 | AV16: 0 | AW16: งานพิมพ์ | AX16: รอART | AY16: 0 | AZ16: 0 | BA16: 0 | BB16: 0 | BC16: WRWT25800/WRWT25800 | BD16: 1343.6356
A17: ประมาณการ | B17: ประมาณการ | C17: บจก.เอ็กเซลเล้นท์ | D17: รอแบบ | E17: 19 | F17: 30 | G17: ขาว | H17: 0 | I17: 60 | J17: ± | K17: 5 | L17: บิด | M17: ไม่สวมถุงใน | N17: 0 | O17: 0 | P17: 0 | Q17: 0 | R17: 0 | S17: 500กระสอบ | T17: 45961 | U17: 40000 | V17: 0 | W17: 40000 | X17: 0 | Y17: 42000 | Z17: WSWT1925800 | AA17: 35204.4 | AB17: 0 | AC17: 35204.4 | AD17: 0 | AE17: 0 | AF17: 0 | AG17: ผ้าขาว | AH17: P7 | AI17: 2 | AJ17: 45961 | AK17: 0 | AL17: 45952 | AM17: 45959 | AN17: 45960 | AO17: 45960 | AP17: 45956 | AQ17: 0 | AR17: 0 | AS17: 0 | AT17: 0 | AU17: 0 | AV17: 0 | AW17: งานพิมพ์ | AX17: รอART | AY17: 0 | AZ17: 0 | BA17: 0 | BB17: 0 | BC17: WRWT25800/WRWT25800 | BD17: 2556.6218
A18: ประมาณการ | B18: ประมาณการ | C18: บจก.เพรซิเดนท์ฟลาวมิลล์ | D18: ผึ้งเหลือง | E18: 19 | F18: 30 | G18: ขาว | H18: 0 | I18: 60 | J18: ± | K18: 5 | L18: บิด | M18: ไม่สวมถุงใน | N18: 0 | O18: 0 | P18: 0 | Q18: 0 | R18: 0 | S18: 500กระสอบ | T18: 45961 | U18: 140000 | V18: 0 | W18: 140000 | X18: 0 | Y18: 147000 | Z18: WSWT1925800 | AA18: 123215.4 | AB18: 0 | AC18: 123215.4 | AD18: 0 | AE18: 0 | AF18: 0 | AG18: ผ้าขาว | AH18: P7 | AI18: 2 | AJ18: 45961 | AK18: 0 | AL18: 45952 | AM18: 45959 | AN18: 45960 | AO18: 45960 | AP18: 45956 | AQ18: 0 | AR18: 0 | AS18: 0 | AT18: 0 | AU18: 0 | AV18: 0 | AW18: งานพิมพ์ | AX18: รอART | AY18: 0 | AZ18: 0 | BA18: 0 | BB18: 0 | BC18: WRWT25800/WRWT25800 | BD18: 8948.1762
A19: 0 | B19: 0 | C19: 0 | D19: 0 | E19: 19 | F19: 30 | G19: ขาว | H19: 0 | I19: 60 | J19: ± | K19: 5 | L19: 0 | M19: 0 | N19: 0 | O19: 0 | P19: 0 | Q19: 0 | R19: 0 | S19: 0 | U19: 0 | V19: 0 | W19: 0 | X19: 0 | Y19: 0 | Z19: WSWT1925800 | AA19: 273733.61 | AB19: 56862.2 | AC19: 216871.41 | AD19: 0 | AE19: 0 | AF19: ระบุในSD | AG19: พร้อมส่ง | AH19: 0 | AI19: Lead time | AJ19: 0 | AK19: 0 | AL19: 0 | AM19: 0 | AN19: 0 | AO19: 0 | AP19: 0 | AQ19: 0 | AR19: 0 | AS19: 0 | AT19: 0 | AU19: 0 | AV19: 0 | AW19: 0 | AX19: 0 | AY19: 0 | AZ19: 0 | BA19: 0 | BB19: 0 | BC19: WRWT25800/WRWT25800 | BD19: 0
A20: 45904 | B20: MK68-001075 | C20: บจก.เคอรี่ฟลาวมิลล์ | D20: ไม่พิมพ์ | E20: 19 | F20: 32 | G20: ขาว | H20: 0 | I20: 67 | J20: + | K20: 5 | L20: ไม่ | M20: ไม่สวมถุงใน | N20: 0 | O20: 0 | P20: 0 | Q20: 0 | R20: 0 | S20: ห่ออัดเบลแบน501 | T20: 45924 | U20: 20000 | V20: 21000 | W20: 0 | X20: 0 | Y20: 0 | Z20: WSWT1921720 | AA20: 0 | AB20: 0 | AC20: 0 | AD20: 0 | AE20: 0 | AF20: 0 | AG20: พร้อมส่ง | AH20: P3 | AI20: 1 | AJ20: 45924 | AK20: 0 | AL20: 0 | AM20: 0 | AN20: 0 | AO20: 45923 | AP20: 45919 | AQ20: 0 | AR20: 0 | AS20: 0 | AT20: 0 | AU20: 0 | AV20: 0 | AW20: ตัด | AX20: 0 | AY20: 0 | AZ20: 0 | BA20: 0 | BB20: 0 | BC20: WRWT21720/WRWT25800 | BD20: 0
A21: 45904 | B21: MK68-001076 | C21: บจก.เคอรี่ฟลาวมิลล์ | D21: ไม่พิมพ์ | E21: 19 | F21: 32 | G21: ขาว | H21: 0 | I21: 67 | J21: + | K21: 5 | L21: ไม่ | M21: ไม่สวมถุงใน | N21: 0 | O21: 0 | P21: 0 | Q21: 0 | R21: 0 | S21: ห่ออัดเบลแบน501 | T21: 45924 | U21: 20000 | V21: 21000 | W21: 0 | X21: 0 | Y21: 0 | Z21: WSWT1921720 | AA21: 0 | AB21: 0 | AC21: 0 | AD21: 0 | AE21: 0 | AF21: 0 | AG21: พร้อมส่ง | AH21: P3 | AI21: 1 | AJ21: 45924 | AK21: 0 | AL21: 0 | AM21: 0 | AN21: 0 | AO21: 45923 | AP21: 45919 | AQ21: 0 | AR21: 0 | AS21: 0 | AT21: 0 | AU21: 0 | AV21: 0 | AW21: ตัด | AX21: 0 | AY21: 0 | AZ21: 0 | BA21: 0 | BB21: 0 | BC21: WRWT21720/WRWT25800 | BD21: 0
A22: 45910 | B22: MK68-001099 | C22: บจก.เคอรี่ฟลาวมิลล์ | D22: ถุงเขียว | E22: 19 | F22: 32 | G22: ขาว | H22: 0 | I22: 67 | J22: + | K22: 5 | L22: บิด | M22: ไม่สวมถุงใน | N22: 0 | O22: 0 | P22: 0 | Q22: 0 | R22: 0 | S22: ห่ออัดเบลแบน500 | T22: 45925 | U22: 10000 | V22: 10000 | W22: 0 | X22: 10400 | Y22: 0 | Z22: WSWT1921720 | AA22: 0 | AB22: 0 | AC22: 0 | AD22: 0 | AE22: 0 | AF22: PDR250299 | AG22: พร้อมส่ง | AH22: P7 | AI22: 2 | AJ22: 45925 | AK22: 0 | AL22: 45916 | AM22: 45923 | AN22: 45924 | AO22: 45924 | AP22: 45920 | AQ22: 0 | AR22: 0 | AS22: 0 | AT22: 0 | AU22: 0 | AV22: 0 | AW22: งานพิมพ์ | AX22: / | AY22: 0 | AZ22: 0 | BA22: 0 | BB22: 0 | BC22: WRWT21720/WRWT25800 | BD22: 0
A23: 45910 | B23: MK68-001099 | C23: บจก.เคอรี่ฟลาวมิลล์ | D23: ถุงทองแซนวิช | E23: 19 | F23: 32 | G23: ขาว | H23: 0 | I23: 67 | J23: + | K23: 5 | L23: บิด | M23: ไม่สวมถุงใน | N23: 0 | O23: 0 | P23: 0 | Q23: 0 | R23: 0 | S23: ห่ออัดเบลแบน500 | T23: 45925 | U23: 10000 | V23: 10000 | W23: 0 | X23: 10490 | Y23: 0 | Z23: WSWT1921720 | AA23: 0 | AB23: 0 | AC23: 0 | AD23: 0 | AE23: 0 | AF23: PDR250299 | AG23: พร้อมส่ง | AH23: P7 | AI23: 2 | AJ23: 45925 | AK23: 0 | AL23: 45916 | AM23: 45923 | AN23: 45924 | AO23: 45924 | AP23: 45920 | AQ23: 0 | AR23: 0 | AS23: 0 | AT23: 0 | AU23: 0 | AV23: 0 | AW23: งานพิมพ์ | AX23: / | AY23: ลบสี 500 | AZ23: 0 | BA23: 0 | BB23: 0 | BC23: WRWT21720/WRWT25800 | BD23: 0
A24: 45910 | B24: MK68-001099 | C24: บจก.เคอรี่ฟลาวมิลล์ | D24: BS | E24: 19 | F24: 32 | G24: ขาว | H24: 0 | I24: 67 | J24: + | K24: 5 | L24: บิด | M24: ไม่สวมถุงใน | N24: 0 | O24: 0 | P24: 0 | Q24: 0 | R24: 0 | S24: ห่ออัดเบลแบน500 | T24: 45925 | U24: 5000 | V24: 5000 | W24: 0 | X24: 5250 | Y24: 0 | Z24: WSWT1921720 | AA24: 0 | AB24: 0 | AC24: 0 | AD24: 0 | AE24: 0 | AF24: PDR250299 | AG24: พร้อมส่ง | AH24: P7 | AI24: 2 | AJ24: 45925 | AK24: 0 | AL24: 45916 | AM24: 45923 | AN24: 45924 | AO24: 45924 | AP24: 45920 | AQ24: 0 | AR24: 0 | AS24: 0 | AT24: 0 | AU24: 0 | AV24: 0 | AW24: งานพิมพ์ | AX24: / | AY24: ลบสี 900 | AZ24: 0 | BA24: 0 | BB24: 0 | BC24: WRWT21720/WRWT25800 | BD24: 0
A25: 45912 | B25: MK68-001108 | C25: บจก.เคอรี่ฟลาวมิลล์ | D25: ถุงเขียว | E25: 19 | F25: 32 | G25: ขาว | H25: 0 | I25: 67 | J25: + | K25: 5 | L25: บิด | M25: ไม่สวมถุงใน | N25: 0 | O25: 0 | P25: 0 | Q25: 0 | R25: 0 | S25: ห่ออัดเบลแบน500 | T25: 45925 | U25: 10000 | V25: 10000 | W25: 0 | X25: 10600 | Y25: 0 | Z25: WSWT1921720 | AA25: 0 | AB25: 0 | AC25: 0 | AD25: 0 | AE25: 0 | AF25: PDR250302 | AG25: พร้อมส่ง | AH25: P7 | AI25: 2 | AJ25: 45925 | AK25: 0 | AL25: 45916 | AM25: 45923 | AN25: 45924 | AO25: 45924 | AP25: 45920 | AQ25: 0 | AR25: 0 | AS25: 0 | AT25: 0 | AU25: 0 | AV25: 0 | AW25: งานพิมพ์ | AX25: / | AY25: 0 | AZ25: 0 | BA25: 0 | BB25: 0 | BC25: WRWT21720/WRWT25800 | BD25: 0
A26: 45912 | B26: MK68-001108 | C26: บจก.เคอรี่ฟลาวมิลล์ | D26: ถุงเงิน | E26: 19 | F26: 32 | G26: ขาว | H26: 0 | I26: 67 | J26: + | K26: 5 | L26: บิด | M26: ไม่สวมถุงใน | N26: 0 | O26: 0 | P26: 0 | Q26: 0 | R26: 0 | S26: ห่ออัดเบลแบน500 | T26: 45925 | U26: 5000 | V26: 5000 | W26: 0 | X26: 5300 | Y26: 0 | Z26: WSWT1921720 | AA26: 0 | AB26: 0 | AC26: 0 | AD26: 0 | AE26: 0 | AF26: PDR250302 | AG26: พร้อมส่ง | AH26: P7 | AI26: 2 | AJ26: 45925 | AK26: 0 | AL26: 45916 | AM26: 45923 | AN26: 45924 | AO26: 45924 | AP26: 45920 | AQ26: 0 | AR26: 0 | AS26: 0 | AT26: 0 | AU26: 0 | AV26: 0 | AW26: งานพิมพ์ | AX26: / | AY26: 0 | AZ26: 0 | BA26: 0 | BB26: 0 | BC26: WRWT21720/WRWT25800 | BD26: 0
A27: 45912 | B27: MK68-001108 | C27: บจก.เคอรี่ฟลาวมิลล์ | D27: ดอกไม้ม่วง | E27: 19 | F27: 32 | G27: ขาว | H27: 0 | I27: 67 | J27: + | K27: 5 | L27: บิด | M27: ไม่สวมถุงใน | N27: 0 | O27: 0 | P27: 0 | Q27: 0 | R27: 0 | S27: ห่ออัดเบลแบน500 | T27: 45925 | U27: 5000 | V27: 5000 | W27: 0 | X27: 5600 | Y27: 0 | Z27: WSWT1921720 | AA27: 0 | AB27: 0 | AC27: 0 | AD27: 0 | AE27: 0 | AF27: PDR250302 | AG27: พร้อมส่ง | AH27: P7 | AI27: 2 | AJ27: 45925 | AK27: 0 | AL27: 45916 | AM27: 45923 | AN27: 45924 | AO27: 45924 | AP27: 45920 | AQ27: 0 | AR27: 0 | AS27: 0 | AT27: 0 | AU27: 0 | AV27: 0 | AW27: งานพิมพ์ | AX27: / | AY27: 0 | AZ27: 0 | BA27: 0 | BB27: 0 | BC27: WRWT21720/WRWT25800 | BD27: 0
A28: 45912 | B28: MK68-001109 | C28: บจก.เคอรี่ฟลาวมิลล์ | D28: NHR-1 | E28: 19 | F28: 32 | G28: ขาว | H28: 0 | I28: 67 | J28: + | K28: 5 | L28: บิด | M28: ไม่สวมถุงใน | N28: 0 | O28: 0 | P28: 0 | Q28: 0 | R28: 0 | S28: ห่ออัดเบลแบน500 | T28: 45927 | U28: 5000 | V28: 5000 | W28: 0 | X28: 5250 | Y28: 0 | Z28: WSWT1921720 | AA28: 0 | AB28: 0 | AC28: 0 | AD28: 0 | AE28: 0 | AF28: PDR250303 | AG28: พร้อมส่ง | AH28: P7 | AI28: 2 | AJ28: 45927 | AK28: 0 | AL28: 45918 | AM28: 45925 | AN28: 45926 | AO28: 45926 | AP28: 45922 | AQ28: 0 | AR28: 0 | AS28: 0 | AT28: 0 | AU28: 0 | AV28: 0 | AW28: งานพิมพ์ | AX28: / | AY28: 0 | AZ28: 0 | BA28: 0 | BB28: 0 | BC28: WRWT21720/WRWT25800 | BD28: 0
A29: 45912 | B29: MK68-001109 | C29: บจก.เคอรี่ฟลาวมิลล์ | D29: ถุงเงิน | E29: 19 | F29: 32 | G29: ขาว | H29: 0 | I29: 67 | J29: + | K29: 5 | L29: บิด | M29: ไม่สวมถุงใน | N29: 0 | O29: 0 | P29: 0 | Q29: 0 | R29: 0 | S29: ห่ออัดเบลแบน500 | T29: 45927 | U29: 5000 | V29: 5000 | W29: 0 | X29: 5300 | Y29: 0 | Z29: WSWT1921720 | AA29: 0 | AB29: 0 | AC29: 0 | AD29: 0 | AE29: 0 | AF29: PDR250303 | AG29: พร้อมส่ง | AH29: P7 | AI29: 2 | AJ29: 45927 | AK29: 0 | AL29: 45918 | AM29: 45925 | AN29: 45926 | AO29: 45926 | AP29: 45922 | AQ29: 0 | AR29: 0 | AS29: 0 | AT29: 0 | AU29: 0 | AV29: 0 | AW29: งานพิมพ์ | AX29: / | AY29: 0 | AZ29: 0 | BA29: 0 | BB29: 0 | BC29: WRWT21720/WRWT25800 | BD29: 0
A30: 45912 | B30: MK68-001109 | C30: บจก.เคอรี่ฟลาวมิลล์ | D30: ดอกไม้เขียว | E30: 19 | F30: 32 | G30: ขาว | H30: 0 | I30: 67 | J30: + | K30: 5 | L30: บิด | M30: ไม่สวมถุงใน | N30: 0 | O30: 0 | P30: 0 | Q30: 0 | R30: 0 | S30: ห่ออัดเบลแบน500 | T30: 45927 | U30: 10000 | V30: 10000 | W30: 0 | X30: 10500 | Y30: 0 | Z30: WSWT1921720 | AA30: 0 | AB30: 0 | AC30: 0 | AD30: 0 | AE30: 0 | AF30: PDR250303 | AG30: พร้อมส่ง | AH30: P7 | AI30: 2 | AJ30: 45927 | AK30: 0 | AL30: 45918 | AM30: 45925 | AN30: 45926 | AO30: 45926 | AP30: 45922 | AQ30: 0 | AR30: 0 | AS30: 0 | AT30: 0 | AU30: 0 | AV30: 0 | AW30: งานพิมพ์ | AX30: / | AY30: 0 | AZ30: 0 | BA30: 0 | BB30: 0 | BC30: WRWT21720/WRWT25800 | BD30: 0
A31: 45916 | B31: MK68-001116 | C31: บจก.เคอรี่ฟลาวมิลล์ | D31: กุ้งแดง | E31: 19 | F31: 32 | G31: ขาว | H31: 0 | I31: 67 | J31: + | K31: 5 | L31: บิด | M31: ไม่สวมถุงใน | N31: 0 | O31: 0 | P31: 0 | Q31: 0 | R31: 0 | S31: ห่ออัดเบลแบน500 | T31: 45927 | U31: 10000 | V31: 10000 | W31: 0 | X31: 10500 | Y31: 0 | Z31: WSWT1921720 | AA31: 0 | AB31: 0 | AC31: 0 | AD31: 0 | AE31: 0 | AF31: PDR250307 | AG31: ผ้าขาว | AH31: P7 | AI31: 2 | AJ31: 45927 | AK31: 0 | AL31: 45918 | AM31: 45925 | AN31: 45926 | AO31: 45926 | AP31: 45922 | AQ31: 0 | AR31: 0 | AS31: 0 | AT31: 0 | AU31: 0 | AV31: 0 | AW31: งานพิมพ์ | AX31: / | AY31: 0 | AZ31: 0 | BA31: 0 | BB31: 0 | BC31: WRWT21720/WRWT25800 | BD31: 0
A32: 45916 | B32: MK68-001116 | C32: บจก.เคอรี่ฟลาวมิลล์ | D32: ดอกไม้เขียว | E32: 19 | F32: 32 | G32: ขาว | H32: 0 | I32: 67 | J32: + | K32: 5 | L32: บิด | M32: ไม่สวมถุงใน | N32: 0 | O32: 0 | P32: 0 | Q32: 0 | R32: 0 | S32: ห่ออัดเบลแบน500 | T32: 45927 | U32: 10000 | V32: 10000 | W32: 0 | X32: 10500 | Y32: 0 | Z32: WSWT1921720 | AA32: 0 | AB32: 0 | AC32: 0 | AD32: 0 | AE32: 0 | AF32: PDR250307 | AG32: พร้อมส่ง | AH32: P7 | AI32: 2 | AJ32: 45927 | AK32: 0 | AL32: 45918 | AM32: 45925 | AN32: 45926 | AO32: 45926 | AP32: 45922 | AQ32: 0 | AR32: 0 | AS32: 0 | AT32: 0 | AU32: 0 | AV32: 0 | AW32: งานพิมพ์ | AX32: / | AY32: 0 | AZ32: 0 | BA32: 0 | BB32: 0 | BC32: WRWT21720/WRWT25800 | BD32: 0
A33: 45916 | B33: MK68-001116 | C33: บจก.เคอรี่ฟลาวมิลล์ | D33: บลูทีมแดง | E33: 19 | F33: 32 | G33: ขาว | H33: 0 | I33: 67 | J33: + | K33: 5 | L33: บิด | M33: ไม่สวมถุงใน | N33: 0 | O33: 0 | P33: 0 | Q33: 0 | R33: 0 | S33: ห่ออัดเบลแบน500 | T33: 45927 | U33: 5000 | V33: 5000 | W33: 0 | X33: 5400 | Y33: 0 | Z33: WSWT1921720 | AA33: 0 | AB33: 0 | AC33: 0 | AD33: 0 | AE33: 0 | AF33: PDR250307 | AG33: พร้อมส่ง | AH33: P7 | AI33: 2 | AJ33: 45927 | AK33: 0 | AL33: 45918 | AM33: 45925 | AN33: 45926 | AO33: 45926 | AP33: 45922 | AQ33: 0 | AR33: 0 | AS33: 0 | AT33: 0 | AU33: 0 | AV33: 0 | AW33: งานพิมพ์ | AX33: / | AY33: สีลอกทั้งหมด และ ลบสี | AZ33: 0 | BA33: 0 | BB33: 0 | BC33: WRWT21720/WRWT25800 | BD33: 0
A34: 45913 | B34: MK68-001113 | C34: บจก.เคอรี่ฟลาวมิลล์ | D34: ไม่พิมพ์ | E34: 19 | F34: 36 | G34: ขาว | H34: 0 | I34: 75 | J34: + | K34: 5 | L34: ไม่ | M34: ไม่สวมถุงใน | N34: 0 | O34: 0 | P34: 0 | Q34: 0 | R34: 0 | S34: ห่ออัดเบลแบน500 | T34: 45930 | U34: 10000 | V34: 10000 | W34: 0 | X34: 0 | Y34: 0 | Z34: WSWT1921720 | AA34: 0 | AB34: 0 | AC34: 0 | AD34: 0 | AE34: 0 | AF34: PDR250306 | AG34: ยังไม่ได้พิมพ์ | AH34: P3 | AI34: 1 | AJ34: 45930 | AK34: 0 | AL34: 0 | AM34: 0 | AN34: 0 | AO34: 45929 | AP34: 45925 | AQ34: 0 | AR34: 0 | AS34: 0 | AT34: 0 | AU34: 0 | AV34: 0 | AW34: ตัด | AY34: 0 | AZ34: 0 | BA34: 0 | BB34: 0 | BC34: WRWT21720/WRWT25800 | BD34: 0
A35: 45913 | B35: MK68-001113 | C35: บจก.เคอรี่ฟลาวมิลล์ | D35: ถุงทองแซนวิช | E35: 19 | F35: 32 | G35: ขาว | H35: 0 | I35: 67 | J35: + | K35: 5 | L35: บิด | M35: ไม่สวมถุงใน | N35: 0 | O35: 0 | P35: 0 | Q35: 0 | R35: 0 | S35: ห่ออัดเบลแบน500 | T35: 45930 | U35: 10000 | V35: 9500 | W35: 500 | X35: 10650 | Y35: 0 | Z35: WSWT1921720 | AA35: 0 | AB35: 0 | AC35: 0 | AD35: 0 | AE35: 0 | AF35: PDR250306 | AG35: ยังไม่ได้พิมพ์ | AH35: P7 | AI35: 2 | AJ35: 45930 | AK35: 0 | AL35: 45921 | AM35: 45928 | AN35: 45929 | AO35: 45929 | AP35: 45925 | AQ35: 0 | AR35: 0 | AS35: 0 | AT35: 0 | AU35: 0 | AV35: 0 | AW35: งานพิมพ์ | AX35: / | AY35: 0 | AZ35: 0 | BA35: 0 | BB35: 0 | BC35: WRWT21720/WRWT25800 | BD35: 0
A36: 45913 | B36: MK68-001113 | C36: บจก.เคอรี่ฟลาวมิลล์ | D36: ดอกไม้แดง | E36: 19 | F36: 32 | G36: ขาว | H36: 0 | I36: 67 | J36: + | K36: 5 | L36: บิด | M36: ไม่สวมถุงใน | N36: 0 | O36: 0 | P36: 0 | Q36: 0 | R36: 0 | S36: ห่ออัดเบลแบน500 | T36: 45930 | U36: 5000 | V36: 5000 | W36: 0 | X36: 5400 | Y36: 0 | Z36: WSWT1921720 | AA36: 0 | AB36: 0 | AC36: 0 | AD36: 0 | AE36: 0 | AF36: PDR250306 | AG36: ยังไม่ได้พิมพ์ | AH36: P7 | AI36: 2 | AJ36: 45930 | AK36: 0 | AL36: 45921 | AM36: 45928 | AN36: 45929 | AO36: 45929 | AP36: 45925 | AQ36: 0 | AR36: 0 | AS36: 0 | AT36: 0 | AU36: 0 | AV36: 0 | AW36: งานพิมพ์ | AX36: / | AY36: ลบสีจำนวนมาก | AZ36: 0 | BA36: 0 | BB36: 0 | BC36: WRWT21720/WRWT25800 | BD36: 0
A37: 45919 | B37: MK68-001141 | C37: บจก.เคอรี่ฟลาวมิลล์ | D37: ดอกไม้แดง | E37: 19 | F37: 32 | G37: ขาว | H37: 0 | I37: 67 | J37: + | K37: 5 | L37: บิด | M37: ไม่สวมถุงใน | N37: 0 | O37: 0 | P37: 0 | Q37: 0 | R37: 0 | S37: ห่ออัดเบลแบน500 | T37: 45932 | U37: 5000 | V37: 0 | W37: 5000 | X37: 0 | Y37: 5250 | Z37: WSWT1921720 | AA37: 4679.95 | AB37: 4679.95 | AC37: 0 | AD37: 0 | AE37: 0 | AF37: PDR250320 | AG37: ยังไม่ได้พิมพ์ | AH37: P7 | AI37: 2 | AJ37: 45932 | AK37: 0 | AL37: 45923 | AM37: 45930 | AN37: 45931 | AO37: 45931 | AP37: 45927 | AQ37: 0 | AR37: 0 | AS37: 0 | AT37: 0 | AU37: 0 | AV37: 0 | AW37: งานพิมพ์ | AX37: รอART | AY37: 0 | AZ37: 0 | BA37: 0 | BB37: 0 | BC37: WRWT21720/WRWT25800 | BD37: 0
A38: 45919 | B38: MK68-001141 | C38: บจก.เคอรี่ฟลาวมิลล์ | D38: โบว์น้ำเงิน | E38: 19 | F38: 32 | G38: ขาว | H38: 0 | I38: 67 | J38: + | K38: 5 | L38: บิด | M38: ไม่สวมถุงใน | N38: 0 | O38: 0 | P38: 0 | Q38: 0 | R38: 0 | S38: ห่ออัดเบลแบน500 | T38: 45932 | U38: 5000 | V38: 0 | W38: 5000 | X38: 0 | Y38: 5250 | Z38: WSWT1921720 | AA38: 4679.95 | AB38: 4679.95 | AC38: 0 | AD38: 0 | AE38: 0 | AF38: PDR250320 | AG38: ยังไม่ได้พิมพ์ | AH38: P7 | AI38: 2 | AJ38: 45932 | AK38: 0 | AL38: 45923 | AM38: 45930 | AN38: 45931 | AO38: 45931 | AP38: 45927 | AQ38: 0 | AR38: 0 | AS38: 0 | AT38: 0 | AU38: 0 | AV38: 0 | AW38: งานพิมพ์ | AX38: รอART | AY38: 0 | AZ38: 0 | BA38: 0 | BB38: 0 | BC38: WRWT21720/WRWT25800 | BD38: 0
A39: 45919 | B39: MK68-001141 | C39: บจก.เคอรี่ฟลาวมิลล์ | D39: โบว์แดง | E39: 19 | F39: 32 | G39: ขาว | H39: 0 | I39: 67 | J39: + | K39: 5 | L39: บิด | M39: ไม่สวมถุงใน | N39: 0 | O39: 0 | P39: 0 | Q39: 0 | R39: 0 | S39: ห่ออัดเบลแบน500 | T39: 45932 | U39: 5000 | V39: 0 | W39: 5000 | X39: 0 | Y39: 5250 | Z39: WSWT1921720 | AA39: 4679.95 | AB39: 4679.95 | AC39: 0 | AD39: 0 | AE39: 0 | AF39: PDR250320 | AG39: ยังไม่ได้พิมพ์ | AH39: P7 | AI39: 2 | AJ39: 45932 | AK39: 0 | AL39: 45923 | AM39: 45930 | AN39: 45931 | AO39: 45931 | AP39: 45927 | AQ39: 0 | AR39: 0 | AS39: 0 | AT39: 0 | AU39: 0 | AV39: 0 | AW39: งานพิมพ์ | AX39: รอART | AY39: 0 | AZ39: 0 | BA39: 0 | BB39: 0 | BC39: WRWT21720/WRWT25800 | BD39: 0
A40: 45919 | B40: MK68-001141 | C40: บจก.เคอรี่ฟลาวมิลล์ | D40: กุ้งแดง | E40: 19 | F40: 32 | G40: ขาว | H40: 0 | I40: 67 | J40: + | K40: 5 | L40: บิด | M40: ไม่สวมถุงใน | N40: 0 | O40: 0 | P40: 0 | Q40: 0 | R40: 0 | S40: ห่ออัดเบลแบน500 | T40: 45932 | U40: 10000 | V40: 0 | W40: 10000 | X40: 0 | Y40: 10500 | Z40: WSWT1921720 | AA40: 9359.9 | AB40: 9359.9 | AC40: 0 | AD40: 0 | AE40: 0 | AF40: PDR250320 | AG40: ยังไม่ได้พิมพ์ | AH40: P7 | AI40: 2 | AJ40: 45932 | AK40: 0 | AL40: 45923 | AM40: 45930 | AN40: 45931 | AO40: 45931 | AP40: 45927 | AQ40: 0 | AR40: 0 | AS40: 0 | AT40: 0 | AU40: 0 | AV40: 0 | AW40: งานพิมพ์ | AX40: รอART | AY40: 0 | AZ40: 0 | BA40: 0 | BB40: 0 | BC40: WRWT21720/WRWT25800 | BD40: 0
A41: 45919 | B41: MK68-001141 | C41: บจก.เคอรี่ฟลาวมิลล์ | D41: ถุงเขียว | E41: 19 | F41: 32 | G41: ขาว | H41: 0 | I41: 67 | J41: + | K41: 5 | L41: บิด | M41: ไม่สวมถุงใน | N41: 0 | O41: 0 | P41: 0 | Q41: 0 | R41: 0 | S41: ห่ออัดเบลแบน500 | T41: 45934 | U41: 10000 | V41: 0 | W41: 10000 | X41: 0 | Y41: 10500 | Z41: WSWT1921720 | AA41: 9359.9 | AB41: 2739 | AC41: 6620.9 | AD41: 0 | AE41: 0 | AF41: PDR250321 | AG41: ยังไม่ได้พิมพ์ | AH41: P7 | AI41: 2 | AJ41: 45934 | AK41: 0 | AL41: 45925 | AM41: 45932 | AN41: 45933 | AO41: 45933 | AP41: 45929 | AQ41: 0 | AR41: 0 | AS41: 0 | AT41: 0 | AU41: 0 | AV41: 0 | AW41: งานพิมพ์ | AX41: รอART | AY41: 0 | AZ41: 0 | BA41: 0 | BB41: 0 | BC41: WRWT21720/WRWT25800 | BD41: 498.71561
A42: 45919 | B42: MK68-001141 | C42: บจก.เคอรี่ฟลาวมิลล์ | D42: KFM-HF | E42: 19 | F42: 32 | G42: ขาว | H42: 0 | I42: 67 | J42: + | K42: 5 | L42: บิด | M42: ไม่สวมถุงใน | N42: 0 | O42: 0 | P42: 0 | Q42: 0 | R42: 0 | S42: ห่ออัดเบลแบน500 | T42: 45934 | U42: 5000 | V42: 0 | W42: 5000 | X42: 0 | Y42: 5250 | Z42: WSWT1921720 | AA42: 4679.95 | AB42: 0 | AC42: 4679.95 | AD42: 0 | AE42: 0 | AF42: PDR250321 | AG42: ผ้าขาว | AH42: P7 | AI42: 2 | AJ42: 45934 | AK42: 0 | AL42: 45925 | AM42: 45932 | AN42: 45933 | AO42: 45933 | AP42: 45929 | AQ42: 0 | AR42: 0 | AS42: 0 | AT42: 0 | AU42: 0 | AV42: 0 | AW42: งานพิมพ์ | AX42: รอART | AY42: 0 | AZ42: 0 | BA42: 0 | BB42: 0 | BC42: WRWT21720/WRWT25800 | BD42: 352.51463
A43: 45919 | B43: MK68-001141 | C43: บจก.เคอรี่ฟลาวมิลล์ | D43: BS | E43: 19 | F43: 32 | G43: ขาว | H43: 0 | I43: 67 | J43: + | K43: 5 | L43: บิด | M43: ไม่สวมถุงใน | N43: 0 | O43: 0 | P43: 0 | Q43: 0 | R43: 0 | S43: ห่ออัดเบลแบน500 | T43: 45934 | U43: 5000 | V43: 0 | W43: 5000 | X43: 0 | Y43: 5250 | Z43: WSWT1921720 | AA43: 4679.95 | AB43: 0 | AC43: 4679.95 | AD43: 0 | AE43: 0 | AF43: PDR250321 | AG43: ผ้าขาว | AH43: P7 | AI43: 2 | AJ43: 45934 | AK43: 0 | AL43: 45925 | AM43: 45932 | AN43: 45933 | AO43: 45933 | AP43: 45929 | AQ43: 0 | AR43: 0 | AS43: 0 | AT43: 0 | AU43: 0 | AV43: 0 | AW43: งานพิมพ์ | AX43: รอART | AY43: 0 | AZ43: 0 | BA43: 0 | BB43: 0 | BC43: WRWT21720/WRWT25800 | BD43: 352.51463
A44: 45919 | B44: MK68-001141 | C44: บจก.เคอรี่ฟลาวมิลล์ | D44: แปดแต้มแดง | E44: 19 | F44: 32 | G44: ขาว | H44: 0 | I44: 67 | J44: + | K44: 5 | L44: บิด | M44: ไม่สวมถุงใน | N44: 0 | O44: 0 | P44: 0 | Q44: 0 | R44: 0 | S44: ห่ออัดเบลแบน500 | T44: 45934 | U44: 5000 | V44: 0 | W44: 5000 | X44: 0 | Y44: 5250 | Z44: WSWT1921720 | AA44: 4679.95 | AB44: 0 | AC44: 4679.95 | AD44: 0 | AE44: 0 | AF44: PDR250321 | AG44: ผ้าขาว | AH44: P7 | AI44: 2 | AJ44: 45934 | AK44: 0 | AL44: 45925 | AM44: 45932 | AN44: 45933 | AO44: 45933 | AP44: 45929 | AQ44: 0 | AR44: 0 | AS44: 0 | AT44: 0 | AU44: 0 | AV44: 0 | AW44: งานพิมพ์ | AX44: รอART | AY44: 0 | AZ44: 0 | BA44: 0 | BB44: 0 | BC44: WRWT21720/WRWT25800 | BD44: 352.51463
A45: 45919 | B45: MK68-001142 | C45: บจก.เคอรี่ฟลาวมิลล์ | D45: ไม่พิมพ์ | E45: 19 | F45: 32 | G45: ขาว | H45: 0 | I45: 67 | J45: + | K45: 5 | L45: ไม่ | M45: ไม่สวมถุงใน | N45: 0 | O45: 0 | P45: 0 | Q45: 0 | R45: 0 | S45: ห่ออัดเบลแบน501 | T45: 45937 | U45: 20000 | V45: 0 | W45: 20000 | X45: 0 | Y45: 0 | Z45: WSWT1921720 | AA45: 18719.8 | AB45: 0 | AC45: 18719.8 | AD45: 0 | AE45: 0 | AF45: PDR250322 | AG45: ผ้าขาว | AH45: P3 | AI45: 1 | AJ45: 45937 | AK45: 0 | AL45: 0 | AM45: 0 | AN45: 0 | AO45: 45936 | AP45: 45932 | AQ45: 0 | AR45: 0 | AS45: 0 | AT45: 0 | AU45: 0 | AV45: 0 | AW45: ตัด | AX45: 0 | AY45: 0 | AZ45: 0 | BA45: 0 | BB45: 0 | BC45: WRWT21720/WRWT25800 | BD45: 1410.0585
A46: 45919 | B46: MK68-001143 | C46: บจก.เคอรี่ฟลาวมิลล์ | D46: ไม่พิมพ์ | E46: 19 | F46: 32 | G46: ขาว | H46: 0 | I46: 67 | J46: + | K46: 5 | L46: ไม่ | M46: ไม่สวมถุงใน | N46: 0 | O46: 0 | P46: 0 | Q46: 0 | R46: 0 | S46: ห่ออัดเบลแบน501 | T46: 45937 | U46: 20000 | V46: 0 | W46: 20000 | X46: 0 | Y46: 0 | Z46: WSWT1921720 | AA46: 18719.8 | AB46: 0 | AC46: 18719.8 | AD46: 0 | AE46: 0 | AF46: PDR250323 | AG46: พร้อมส่ง | AH46: P3 | AI46: 1 | AJ46: 45937 | AK46: 0 | AL46: 0 | AM46: 0 | AN46: 0 | AO46: 45936 | AP46: 45932 | AQ46: 0 | AR46: 0 | AS46: 0 | AT46: 0 | AU46: 0 | AV46: 0 | AW46: ตัด | AX46: 0 | AY46: 0 | AZ46: 0 | BA46: 0 | BB46: 0 | BC46: WRWT21720/WRWT25800 | BD46: 1410.0585
A47: 45919 | B47: MK68-001142 | C47: บจก.เคอรี่ฟลาวมิลล์ | D47: ไม่พิมพ์ | E47: 19 | F47: 32 | G47: ขาว | H47: 0 | I47: 67 | J47: + | K47: 5 | L47: ไม่ | M47: ไม่สวมถุงใน | N47: 0 | O47: 0 | P47: 0 | Q47: 0 | R47: 0 | S47: ห่ออัดเบลแบน501 | T47: 45947 | U47: 20000 | V47: 0 | W47: 20000 | X47: 0 | Y47: 0 | Z47: WSWT1921720 | AA47: 18719.8 | AB47: 0 | AC47: 18719.8 | AD47: 0 | AE47: 0 | AF47: PDR250322 | AG47: รอแบบ | AH47: P3 | AI47: 1 | AJ47: 45947 | AK47: 0 | AL47: 0 | AM47: 0 | AN47: 0 | AO47: 45946 | AP47: 45942 | AQ47: 0 | AR47: 0 | AS47: 0 | AT47: 0 | AU47: 0 | AV47: 0 | AW47: ตัด | AX47: 0 | AY47: 0 | AZ47: 0 | BA47: 0 | BB47: 0 | BC47: WRWT21720/WRWT25800 | BD47: 1410.0585
A48: 45919 | B48: MK68-001143 | C48: บจก.เคอรี่ฟลาวมิลล์ | D48: ไม่พิมพ์ | E48: 19 | F48: 32 | G48: ขาว | H48: 0 | I48: 67 | J48: + | K48: 5 | L48: ไม่ | M48: ไม่สวมถุงใน | N48: 0 | O48: 0 | P48: 0 | Q48: 0 | R48: 0 | S48: ห่ออัดเบลแบน501 | T48: 45947 | U48: 20000 | V48: 0 | W48: 20000 | X48: 0 | Y48: 0 | Z48: WSWT1921720 | AA48: 18719.8 | AB48: 0 | AC48: 18719.8 | AD48: 0 | AE48: 0 | AF48: PDR250323 | AG48: พร้อมส่ง | AH48: P3 | AI48: 1 | AJ48: 45947 | AK48: 0 | AL48: 0 | AM48: 0 | AN48: 0 | AO48: 45946 | AP48: 45942 | AQ48: 0 | AR48: 0 | AS48: 0 | AT48: 0 | AU48: 0 | AV48: 0 | AW48: ตัด | AX48: 0 | AY48: 0 | AZ48: 0 | BA48: 0 | BB48: 0 | BC48: WRWT21720/WRWT25800 | BD48: 1410.0585
A49: ประมาณการ | B49: ประมาณการ | C49: บจก.เคอรี่ฟลาวมิลล์ | D49: แต้มแดง | E49: 19 | F49: 32 | G49: ขาว | H49: 0 | I49: 67 | J49: + | K49: 5 | L49: บิด | M49: ไม่สวมถุงใน | N49: 0 | O49: 0 | P49: 0 | Q49: 0 | R49: 0 | S49: ห่ออัดเบลแบน500 | T49: รอแจ้ง | U49: 5000 | V49: 5000 | W49: 0 | X49: 5400 | Y49: 0 | Z49: WSWT1921720 | AA49: 0 | AB49: 0 | AC49: 0 | AD49: 0 | AE49: 0 | AF49: 0 | AG49: พร้อมส่ง | AH49: P7 | AI49: 2 | AJ49: รอแจ้ง | AK49: 0 | AL49: #VALUE! | AM49: #VALUE! | AN49: #VALUE! | AO49: #VALUE! | AP49: #VALUE! | AQ49: 0 | AR49: 0 | AS49: 0 | AT49: 0 | AU49: 0 | AV49: 0 | AW49: งานพิมพ์ | AX49: / | AY49: 0 | AZ49: 0 | BA49: 0 | BB49: 0 | BC49: WRWT21720/WRWT25800 | BD49: 0
A50: ประมาณการ | B50: ประมาณการ | C50: บจก.เคอรี่ฟลาวมิลล์ | D50: รอแบบ | E50: 19 | F50: 32 | G50: ขาว | H50: 0 | I50: 67 | J50: + | K50: 5 | L50: บิด | M50: ไม่สวมถุงใน | N50: 0 | O50: 0 | P50: 0 | Q50: 0 | R50: 0 | S50: ห่ออัดเบลแบน500 | T50: 45961 | U50: 400000 | V50: 0 | W50: 400000 | X50: 0 | Y50: 420000 | Z50: WSWT1921720 | AA50: 374396 | AB50: 0 | AC50: 374396 | AD50: 0 | AE50: 0 | AF50: 0 | AG50: ยังไม่ได้พิมพ์ | AH50: P7 | AI50: 2 | AJ50: 45961 | AK50: 0 | AL50: 45952 | AM50: 45959 | AN50: 45960 | AO50: 45960 | AP50: 45956 | AQ50: 0 | AR50: 0 | AS50: 0 | AT50: 0 | AU50: 0 | AV50: 0 | AW50: งานพิมพ์ | AX50: รอART | AY50: 0 | AZ50: 0 | BA50: 0 | BB50: 0 | BC50: WRWT21720/WRWT25800 | BD50: 28201.171
A51: 0 | B51: 0 | C51: 0 | D51: 0 | E51: 19 | F51: 30 | G51: 0 | H51: 0 | I51: 63 | J51: + | K51: 5 | L51: 0 | M51: 0 | N51: 0 | O51: 0 | P51: 0 | Q51: 0 | R51: 0 | S51: 0 | U51: 0 | V51: 0 | W51: 0 | X51: 0 | Y51: 0 | Z51: WSWT1921720 | AA51: 496074.7 | AB51: 26138.75 | AC51: 469935.95 | AD51: 0 | AE51: 0 | AF51: ระบุในSD | AG51: พร้อมส่ง | AH51: 0 | AI51: Lead time | AJ51: 0 | AK51: 0 | AL51: 0 | AM51: 0 | AN51: 0 | AO51: 0 | AP51: 0 | AQ51: 0 | AR51: 0 | AS51: 0 | AT51: 0 | AU51: 0 | AV51: 0 | AW51: 0 | AX51: 0 | AY51: 0 | AZ51: 0 | BA51: 0 | BB51: 0 | BC51: WRWT190720/WRWT25800 | BD51: 0
A52: 45919 | B52: MK68-001128 | C52: บจก.อินเทคค์ โกลบอล | D52: เพอเฟคค์104S โกลด์ | E52: 19 | F52: 34 | G52: ขาว | H52: ด้าน | I52: 100 | J52: ± | K52: 5 | L52: จับจีบ4" | M52: ไม่สวมถุงใน | N52: 0 | O52: 0 | P52: 0 | Q52: 0 | R52: 0 | S52: มัด80 ใช้สายรัด | T52: 45930 | U52: 5040 | V52: 0 | W52: 5040 | X52: 0 | Y52: 5292 | Z52: WSWT19251000SM | AA52: 4999.0248 | AB52: 4999.0248 | AC52: 0 | AD52: 0 | AE52: 4999.0248 | AF52: 0 | AG52: ผ้าขาว | AH52: P6 | AI52: 4 | AJ52: 45930 | AK52: 45926 | AL52: 45919 | AM52: 45927 | AN52: 45928 | AO52: 45929 | AP52: 45925 | AQ52: 0 | AR52: 0 | AS52: 0 | AT52: 0 | AU52: 0 | AV52: 0 | AW52: งานเคลือบ+พิมพ์ | AX52: / | AY52: 0 | AZ52: 0 | BA52: 0 | BB52: 0 | BC52: WRWT251000/WRWT251000 | BD52: 0
A53: 45905 | B53: MK68-001080 | C53: บจก.อินเทคค์ โกลบอล | D53: เพอเฟคค์104 โกลด์ | E53: 19 | F53: 34 | G53: ขาว | H53: ด้าน | I53: 100 | J53: ± | K53: 5 | L53: จับจีบ4" | M53: ไม่สวมถุงใน | N53: 0 | O53: 0 | P53: 0 | Q53: 0 | R53: 0 | S53: มัด80 ใช้สายรัด | T53: รอแจ้ง | U53: 109 | V53: 0 | W53: 109 | X53: 6124 | Y53: 0 | Z53: WSWT19251000SM | AA53: 0 | AB53: 0 | AC53: 0 | AD53: 0 | AE53: 0 | AF53: 0 | AG53: พร้อมส่ง | AH53: P6 | AI53: 4 | AJ53: รอแจ้ง | AK53: #VALUE! | AL53: #VALUE! | AM53: #VALUE! | AN53: #VALUE! | AO53: #VALUE! | AP53: #VALUE! | AQ53: 0 | AR53: 0 | AS53: 0 | AT53: 0 | AU53: 0 | AV53: 0 | AW53: งานเคลือบ+พิมพ์ | AX53: / | AY53: 0 | AZ53: 0 | BA53: 0 | BB53: 0 | BC53: WRWT251000/WRWT251000 | BD53: 0
A54: 0 | B54: 0 | C54: 0 | D54: 0 | E54: 19 | F54: 34 | G54: ขาว | H54: 0 | I54: 80 | J54: ± | K54: 5 | L54: 0 | M54: 0 | N54: 0 | O54: 0 | P54: 0 | Q54: 0 | R54: 0 | S54: 0 | U54: 0 | V54: 0 | W54: 0 | X54: 0 | Y54: 0 | Z54: WSWT19251000SM | AA54: 4999.0248 | AB54: 4999.0248 | AC54: 0 | AD54: 0 | AE54: 4999.0248 | AF54: ระบุในSD | AG54: พร้อมส่ง | AH54: 0 | AI54: Lead time | AJ54: 0 | AK54: 0 | AL54: 0 | AM54: 0 | AN54: 0 | AO54: 0 | AP54: 0 | AQ54: 0 | AR54: 0 | AS54: 0 | AT54: 0 | AU54: 0 | AV54: 0 | AW54: 0 | AX54: 0 | AY54: 0 | AZ54: 0 | BA54: 0 | BB54: 0 | BC54: WRWT251000/WRYL251000 | BD54: 0
A55: 45919 | B55: MK68-001145 | C55: บจก.หนองบัวฟีด | D55: ไม่พิมพ์ | E55: 20 | F55: 30 | G55: ขาว | H55: 0 | I55: 53 | J55: ± | K55: 5 | L55: ไม่ | M55: ไม่สวมถุงใน | N55: 0 | O55: 0 | P55: 0 | Q55: 0 | R55: 0 | S55: 500กระสอบ | T55: 45926 | U55: 10000 | V55: 4600 | W55: 5400 | X55: 0 | Y55: 0 | Z55: WSWT2025650 | AA55: 4752.594 | AB55: 2560 | AC55: 2192.594 | AD55: 0 | AE55: 0 | AF55: 0 | AG55: พร้อมส่ง | AH55: P3 | AI55: 1 | AJ55: 45926 | AK55: 0 | AL55: 0 | AM55: 0 | AN55: 0 | AO55: 45925 | AP55: 45921 | AQ55: 0 | AR55: 0 | AS55: 0 | AT55: 0 | AU55: 0 | AV55: 0 | AW55: ตัด | AX55: 0 | AY55: 0 | AZ55: 0 | BA55: 0 | BB55: 0 | BC55: WRWT25650/WRWT25650 | BD55: 134.60091
A56: 0 | B56: 0 | C56: 0 | D56: 0 | E56: 20 | F56: 37 | G56: ขาว | H56: 0 | I56: 65 | J56: ± | K56: 5 | L56: 0 | M56: 0 | N56: 0 | O56: 0 | P56: 0 | Q56: 0 | R56: 0 | S56: 0 | U56: 0 | V56: 0 | W56: 0 | X56: 0 | Y56: 0 | Z56: WSWT2025650 | AA56: 4752.594 | AB56: 2560 | AC56: 2192.594 | AD56: 0 | AE56: 0 | AF56: ระบุในSD | AG56: พร้อมส่ง | AH56: 0 | AI56: Lead time | AJ56: 0 | AK56: 0 | AL56: 0 | AM56: 0 | AN56: 0 | AO56: 0 | AP56: 0 | AQ56: 0 | AR56: 0 | AS56: 0 | AT56: 0 | AU56: 0 | AV56: 0 | AW56: 0 | AX56: 0 | AY56: 0 | AZ56: 0 | BA56: 0 | BB56: 0 | BC56: WRWT25650/WRWT25650 | BD56: 0
A57: 45908 | B57: MK68-001086 | C57: บจก.เอ.เจ.ฟาร์ม่าแล็บ | D57: เบส-มิน | E57: 20 | F57: 34 | G57: ขาว | H57: ใส | I57: 95 | J57: ± | K57: 5 | L57: จับจีบ | M57: ไม่สวมถุงใน | N57: 0 | O57: 0 | P57: 0 | Q57: 0 | R57: 0 | S57: 500กระสอบ | T57: รอส่ง | U57: 4000 | V57: 4000 | W57: 0 | X57: 4060 | Y57: 0 | Z57: WSWT2025800SM | AA57: 0 | AB57: 0 | AC57: 0 | AD57: 0 | AE57: 0 | AF57: 0 | AG57: พร้อมส่ง | AH57: P6 | AI57: 4 | AJ57: รอส่ง | AK57: #VALUE! | AL57: #VALUE! | AM57: #VALUE! | AN57: #VALUE! | AO57: #VALUE! | AP57: #VALUE! | AQ57: 0 | AR57: 0 | AS57: 0 | AT57: 0 | AU57: 0 | AV57: 0 | AW57: งานเคลือบ+พิมพ์ | AX57: / | AY57: 0 | AZ57: 0 | BA57: 0 | BB57: 0 | BC57: WRWT25850/WRWT25850 | BD57: 0
A58: 45908 | B58: MK68-001086 | C58: บจก.เอ.เจ.ฟาร์ม่าแล็บ | D58: เวท-มิน | E58: 20 | F58: 34 | G58: ขาว | H58: ใส | I58: 95 | J58: ± | K58: 5 | L58: จับจีบ | M58: ไม่สวมถุงใน | N58: 0 | O58: 0 | P58: 0 | Q58: 0 | R58: 0 | S58: 500กระสอบ | T58: รอส่ง | U58: 4000 | V58: 4000 | W58: 0 | X58: 4060 | Y58: 0 | Z58: WSWT2025800SM | AA58: 0 | AB58: 0 | AC58: 0 | AD58: 0 | AE58: 0 | AF58: 0 | AG58: พร้อมส่ง | AH58: P6 | AI58: 4 | AJ58: รอส่ง | AK58: #VALUE! | AL58: #VALUE! | AM58: #VALUE! | AN58: #VALUE! | AO58: #VALUE! | AP58: #VALUE! | AQ58: 0 | AR58: 0 | AS58: 0 | AT58: 0 | AU58: 0 | AV58: 0 | AW58: งานเคลือบ+พิมพ์ | AX58: / | AY58: 0 | AZ58: 0 | BA58: 0 | BB58: 0 | BC58: WRWT25850/WRWT25850 | BD58: 0
A59: 45799 | B59: MK68-000694 | C59: บจก.เอ.เจ.ฟาร์ม่าแล็บ | D59: เบส-มิน | E59: 20 | F59: 34 | G59: ขาว | H59: ใส | I59: 95 | J59: ± | K59: 5 | L59: จับจีบ | M59: ไม่สวมถุงใน | N59: 0 | O59: 0 | P59: 0 | Q59: 0 | R59: 0 | S59: 500กระสอบ | T59: รอส่ง | U59: 4000 | V59: 3975 | W59: 25 | X59: 4140 | Y59: 0 | Z59: WSWT2025800SM | AA59: 0 | AB59: 0 | AC59: 0 | AD59: 0 | AE59: 0 | AF59: ห้ามขาด-ห้ามเกิน | AG59: พร้อมส่ง | AH59: P6 | AI59: 4 | AJ59: รอส่ง | AK59: #VALUE! | AL59: #VALUE! | AM59: #VALUE! | AN59: #VALUE! | AO59: #VALUE! | AP59: #VALUE! | AQ59: 0 | AR59: 0 | AS59: 0 | AT59: 0 | AU59: 0 | AV59: 0 | AW59: งานเคลือบ+พิมพ์ | AX59: / | AY59: 0 | AZ59: 0 | BA59: 0 | BB59: 0 | BC59: WRWT25850/WRWT25850 | BD59: 0
A60: 45799 | B60: MK68-000694 | C60: บจก.เอ.เจ.ฟาร์ม่าแล็บ | D60: เวท-มิน | E60: 20 | F60: 34 | G60: ขาว | H60: ใส | I60: 95 | J60: ± | K60: 5 | L60: จับจีบ | M60: ไม่สวมถุงใน | N60: 0 | O60: 0 | P60: 0 | Q60: 0 | R60: 0 | S60: 500กระสอบ | T60: รอส่ง | U60: 4000 | V60: 4056 | W60: 0 | X60: 4404 | Y60: 0 | Z60: WSWT2025800SM | AA60: 0 | AB60: 0 | AC60: 0 | AD60: 0 | AE60: 0 | AF60: ห้ามขาด-ห้ามเกิน | AG60: พร้อมส่ง | AH60: P6 | AI60: 4 | AJ60: รอส่ง | AK60: #VALUE! | AL60: #VALUE! | AM60: #VALUE! | AN60: #VALUE! | AO60: #VALUE! | AP60: #VALUE! | AQ60: 0 | AR60: 0 | AS60: 0 | AT60: 0 | AU60: 0 | AV60: 0 | AW60: งานเคลือบ+พิมพ์ | AX60: / | AY60: 0 | AZ60: 0 | BA60: 0 | BB60: 0 | BC60: WRWT25850/WRWT25850 | BD60: 0
A61: 45902 | B61: MK68-001069 | C61: บจก.วีซีเอฟ | D61: VC120 | E61: 20 | F61: 37 | G61: ขาว | H61: ใส | I61: 100 | J61: ± | K61: 5 | L61: บิด | M61: ไม่สวมถุงใน | N61: 0 | O61: 0 | P61: 0 | Q61: 0 | R61: 0 | S61: 500กระสอบแบน | T61: 45923 | U61: 8000 | V61: 8000 | W61: 0 | X61: 20753 | Y61: 0 | Z61: WSWT2025800SM | AA61: 0 | AB61: 0 | AC61: 0 | AD61: 0 | AE61: 0 | AF61: ลบสี 4000 -ของดี 3757 | AG61: พร้อมส่ง | AH61: P6 | AI61: 4 | AJ61: 45923 | AK61: 45919 | AL61: 45912 | AM61: 45920 | AN61: 45921 | AO61: 45922 | AP61: 45918 | AQ61: 0 | AR61: 0 | AS61: 0 | AT61: 0 | AU61: 0 | AV61: 0 | AW61: งานเคลือบ+พิมพ์ | AX61: / | AY61: 0 | AZ61: 0 | BA61: 0 | BB61: 0 | BC61: WRWT25850/WRWT25850 | BD61: 0
A62: 45902 | B62: MK68-001069 | C62: บจก.วีซีเอฟ | D62: VC193 | E62: 20 | F62: 37 | G62: ขาว | H62: ใส | I62: 100 | J62: ± | K62: 5 | L62: บิด | M62: ไม่สวมถุงใน | N62: 0 | O62: 0 | P62: 0 | Q62: 0 | R62: 0 | S62: 500กระสอบแบน | T62: 45923 | U62: 10000 | V62: 9620 | W62: 380 | X62: 10294 | Y62: 0 | Z62: WSWT2025800SM | AA62: 0 | AB62: 0 | AC62: 0 | AD62: 0 | AE62: 0 | AF62: 0 | AG62: ยังไม่ได้พิมพ์ | AH62: P6 | AI62: 4 | AJ62: 45923 | AK62: 45919 | AL62: 45912 | AM62: 45920 | AN62: 45921 | AO62: 45922 | AP62: 45918 | AQ62: 0 | AR62: 0 | AS62: 0 | AT62: 0 | AU62: 0 | AV62: 0 | AW62: งานเคลือบ+พิมพ์ | AX62: / | AY62: 0 | AZ62: 0 | BA62: 0 | BB62: 0 | BC62: WRWT25850/WRWT25850 | BD62: 0
A63: 45909 | B63: MK68-001093 | C63: บจก.เอสพีเอ็ม อาหารสัตว์ | D63: เอส ฟาร์ม115 | E63: 20 | F63: 38 | G63: ขาว | H63: ด้าน | I63: 100 | J63: ± | K63: 5 | L63: บิด | M63: ไม่สวมถุงใน | N63: 0 | O63: 0 | P63: 0 | Q63: 0 | R63: 0 | S63: 500กระสอบแบน | T63: 45958 | U63: 6000 | V63: 5531 | W63: 469 | X63: 6100 | Y63: 0 | Z63: WSWT2025800SM | AA63: 0 | AB63: 0 | AC63: 0 | AD63: 0 | AE63: 0 | AF63: 0 | AG63: ยังไม่ได้พิมพ์ | AH63: P6 | AI63: 4 | AJ63: 45958 | AK63: 45954 | AL63: 45947 | AM63: 45955 | AN63: 45956 | AO63: 45957 | AP63: 45953 | AQ63: 0 | AR63: 0 | AS63: 0 | AT63: 0 | AU63: 0 | AV63: 0 | AW63: งานเคลือบ+พิมพ์ | AX63: / | AY63: 0 | AZ63: 0 | BA63: 0 | BB63: 0 | BC63: WRWT25850/WRWT25850 | BD63: 0
A64: 45896 | B64: MK68-001040 | C64: บจก.เอสพีเอ็ม อาหารสัตว์ | D64: ฟิล กู๊ด พี4 | E64: 20 | F64: 38 | G64: ขาว | H64: ใส | I64: 100 | J64: ± | K64: 5 | L64: บิด | M64: ไม่สวมถุงใน | N64: 0 | O64: 0 | P64: 0 | Q64: 0 | R64: 0 | S64: 500กระสอบแบน | T64: 45926 | U64: 8000 | V64: 7232 | W64: 768 | X64: 8100 | Y64: 0 | Z64: WSWT2025800SM | AA64: 0 | AB64: 0 | AC64: 0 | AD64: 0 | AE64: 0 | AF64: 0 | AG64: ยังไม่ได้พิมพ์ | AH64: P6 | AI64: 5 | AJ64: 45926 | AK64: 45921 | AL64: 45914 | AM64: 45922 | AN64: 45923 | AO64: 45924 | AP64: 45921 | AQ64: 0 | AR64: 0 | AS64: 0 | AT64: 0 | AU64: 0 | AV64: 0 | AW64: งานเคลือบ+พิมพ์ | AX64: / | AY64: 0 | AZ64: 0 | BA64: 0 | BB64: 0 | BC64: WRWT25850/WRWT25850 | BD64: 0
A65: 45916 | B65: MK68-001119 | C65: บจก.ซันฟีด | D65: ขุนศึกเบอร์ 1 | E65: 20 | F65: 38 | G65: ขาว | H65: ด้าน | I65: 100 | J65: + | K65: 0 | L65: บิด | M65: ไม่สวมถุงใน | N65: 0 | O65: 0 | P65: 0 | Q65: 0 | R65: 0 | S65: 300กระสอบแบนเต็มใบ | T65: 45926 | U65: 10000 | V65: 0 | W65: 10000 | X65: 0 | Y65: 10500 | Z65: WSWT2025800SM | AA65: 11036.3 | AB65: 11036.3 | AC65: 0 | AD65: 11036.3 | AE65: 0 | AF65: 0 | AG65: พร้อมส่ง | AH65: P6 | AI65: 4 | AJ65: 45926 | AK65: 45922 | AL65: 45915 | AM65: 45923 | AN65: 45924 | AO65: 45925 | AP65: 45921 | AQ65: 0 | AR65: 0 | AS65: 0 | AT65: 0 | AU65: 0 | AV65: 0 | AW65: งานเคลือบ+พิมพ์ | AX65: / | AY65: 0 | AZ65: 0 | BA65: 0 | BB65: 0 | BC65: WRWT25850/WRWT25850 | BD65: 0
A66: 45916 | B66: MK68-001119 | C66: บจก.ซันฟีด | D66: ขุนศึกเบอร์ 2 | E66: 20 | F66: 38 | G66: ขาว | H66: ด้าน | I66: 100 | J66: + | K66: 0 | L66: บิด | M66: ไม่สวมถุงใน | N66: 0 | O66: 0 | P66: 0 | Q66: 0 | R66: 0 | S66: 300กระสอบแบนเต็มใบ | T66: 45926 | U66: 5000 | V66: 0 | W66: 5000 | X66: 0 | Y66: 5250 | Z66: WSWT2025800SM | AA66: 5518.15 | AB66: 5518.15 | AC66: 0 | AD66: 5518.15 | AE66: 0 | AF66: 0 | AG66: พร้อมส่ง | AH66: P6 | AI66: 4 | AJ66: 45926 | AK66: 45922 | AL66: 45915 | AM66: 45923 | AN66: 45924 | AO66: 45925 | AP66: 45921 | AQ66: 0 | AR66: 0 | AS66: 0 | AT66: 0 | AU66: 0 | AV66: 0 | AW66: งานเคลือบ+พิมพ์ | AX66: / | AY66: 0 | AZ66: 0 | BA66: 0 | BB66: 0 | BC66: WRWT25850/WRWT25850 | BD66: 0
A67: 45916 | B67: MK68-001119 | C67: บจก.ซันฟีด | D67: 952 | E67: 20 | F67: 38 | G67: ขาว | H67: ด้าน | I67: 100 | J67: + | K67: 0 | L67: บิด | M67: ไม่สวมถุงใน | N67: 0 | O67: 0 | P67: 0 | Q67: 0 | R67: 0 | S67: 300กระสอบแบนเต็มใบ | T67: 45926 | U67: 5000 | V67: 0 | W67: 5000 | X67: 0 | Y67: 5250 | Z67: WSWT2025800SM | AA67: 5518.15 | AB67: 5518.15 | AC67: 0 | AD67: 5518.15 | AE67: 0 | AF67: 0 | AG67: พร้อมส่ง | AH67: P6 | AI67: 4 | AJ67: 45926 | AK67: 45922 | AL67: 45915 | AM67: 45923 | AN67: 45924 | AO67: 45925 | AP67: 45921 | AQ67: 0 | AR67: 0 | AS67: 0 | AT67: 0 | AU67: 0 | AV67: 0 | AW67: งานเคลือบ+พิมพ์ | AX67: / | AY67: 0 | AZ67: 0 | BA67: 0 | BB67: 0 | BC67: WRWT25850/WRWT25850 | BD67: 0
A68: 45892 | B68: MK68-001029 | C68: บจก.เอสพีเอ็ม อาหารสัตว์ | D68: SPM 312 | E68: 20 | F68: 37 | G68: ขาว | H68: ด้าน | I68: 97 | J68: ± | K68: 5 | L68: บิด | M68: ไม่สวมถุงใน | N68: 0 | O68: 0 | P68: 0 | Q68: 0 | R68: 0 | S68: 500กระสอบแบน | T68: 45930 | U68: 3000 | V68: 3000 | W68: 0 | X68: 3100 | Y68: 0 | Z68: WSWT2025800SM | AA68: 0 | AB68: 0 | AC68: 0 | AD68: 0 | AE68: 0 | AF68: 0 | AG68: พร้อมส่ง | AH68: P6 | AI68: 4 | AJ68: 45930 | AK68: 45926 | AL68: 45919 | AM68: 45927 | AN68: 45928 | AO68: 45929 | AP68: 45925 | AQ68: 0 | AR68: 0 | AS68: 0 | AT68: 0 | AU68: 0 | AV68: 0 | AW68: งานเคลือบ+พิมพ์ | AX68: / | AY68: ลบสี 675 | AZ68: 0 | BA68: 0 | BB68: 0 | BC68: WRWT25850/WRWT25850 | BD68: 0
A69: 45891 | B69: MK68-001033 | C69: บจก.เอสพีเอ็ม อาหารสัตว์ | D69: นาโน 03 | E69: 20 | F69: 38 | G69: ขาว | H69: ด้าน | I69: 100 | J69: ± | K69: 5 | L69: บิด | M69: ไม่สวมถุงใน | N69: 0 | O69: 0 | P69: 0 | Q69: 0 | R69: 0 | S69: 500กระสอบแบน | T69: 45930 | U69: 9000 | V69: 8447 | W69: 553 | X69: 9150 | Y69: 0 | Z69: WSWT2025800SM | AA69: 0 | AB69: 0 | AC69: 0 | AD69: 0 | AE69: 0 | AF69: 0 | AG69: พร้อมส่ง | AH69: P6 | AI69: 5 | AJ69: 45930 | AK69: 45925 | AL69: 45918 | AM69: 45926 | AN69: 45927 | AO69: 45928 | AP69: 45925 | AQ69: 0 | AR69: 0 | AS69: 0 | AT69: 0 | AU69: 0 | AV69: 0 | AW69: งานเคลือบ+พิมพ์ | AX69: / | AY69: 0 | AZ69: 0 | BA69: 0 | BB69: 0 | BC69: WRWT25850/WRWT25850 | BD69: 0
A70: 45891 | B70: MK68-001034 | C70: บจก.เอสพีเอ็ม อาหารสัตว์ | D70: นาโน 01 | E70: 20 | F70: 38 | G70: ขาว | H70: ด้าน | I70: 100 | J70: ± | K70: 5 | L70: บิด | M70: ไม่สวมถุงใน | N70: 0 | O70: 0 | P70: 0 | Q70: 0 | R70: 0 | S70: 500กระสอบแบน | T70: 45930 | U70: 4000 | V70: 3780 | W70: 220 | X70: 4100 | Y70: 0 | Z70: WSWT2025800SM | AA70: 0 | AB70: 0 | AC70: 0 | AD70: 0 | AE70: 0 | AF70: 0 | AG70: ยังไม่ได้พิมพ์ | AH70: P6 | AI70: 5 | AJ70: 45930 | AK70: 45925 | AL70: 45918 | AM70: 45926 | AN70: 45927 | AO70: 45928 | AP70: 45925 | AQ70: 0 | AR70: 0 | AS70: 0 | AT70: 0 | AU70: 0 | AV70: 0 | AW70: งานเคลือบ+พิมพ์ | AX70: / | AY70: 0 | AZ70: 0 | BA70: 0 | BB70: 0 | BC70: WRWT25850/WRWT25850 | BD70: 0
A71: 45891 | B71: MK68-001035 | C71: บจก.เอสพีเอ็ม อาหารสัตว์ | D71: นาโน 02 | E71: 20 | F71: 38 | G71: ขาว | H71: ด้าน | I71: 100 | J71: ± | K71: 5 | L71: บิด | M71: ไม่สวมถุงใน | N71: 0 | O71: 0 | P71: 0 | Q71: 0 | R71: 0 | S71: 500กระสอบแบน | T71: 45930 | U71: 9000 | V71: 8500 | W71: 500 | X71: 9455 | Y71: 0 | Z71: WSWT2025800SM | AA71: 0 | AB71: 0 | AC71: 0 | AD71: 0 | AE71: 0 | AF71: 0 | AG71: ยังไม่ได้พิมพ์ | AH71: P6 | AI71: 5 | AJ71: 45930 | AK71: 45925 | AL71: 45918 | AM71: 45926 | AN71: 45927 | AO71: 45928 | AP71: 45925 | AQ71: 0 | AR71: 0 | AS71: 0 | AT71: 0 | AU71: 0 | AV71: 0 | AW71: งานเคลือบ+พิมพ์ | AX71: / | AY71: 0 | AZ71: 0 | BA71: 0 | BB71: 0 | BC71: WRWT25850/WRWT25850 | BD71: 0
A72: 45782 | B72: MK68-000609 | C72: บจก.เอสพีเอ็ม อาหารสัตว์ | D72: SW 441 | E72: 20 | F72: 38 | G72: ขาว | H72: ใส | I72: 100 | J72: ± | K72: 5 | L72: บิด | M72: ไม่สวมถุงใน | N72: 0 | O72: 0 | P72: 0 | Q72: 0 | R72: 0 | S72: 500กระสอบแบน | T72: 45930 | U72: 5000 | V72: 5000 | W72: 0 | X72: 7290 | Y72: 0 | Z72: WSWT2025800SM | AA72: 0 | AB72: 0 | AC72: 0 | AD72: 0 | AE72: 0 | AF72: 0 | AG72: ยังไม่ได้พิมพ์ | AH72: P6 | AI72: 4 | AJ72: 45930 | AK72: 45926 | AL72: 45919 | AM72: 45927 | AN72: 45928 | AO72: 45929 | AP72: 45925 | AQ72: 0 | AR72: 0 | AS72: 0 | AT72: 0 | AU72: 0 | AV72: 0 | AW72: งานเคลือบ+พิมพ์ | AX72: / | AY72: 0 | AZ72: 0 | BA72: 0 | BB72: 0 | BC72: WRWT25850/WRWT25850 | BD72: 0
A73: 45916 | B73: MK68-001119 | C73: บจก.ซันฟีด | D73: ขุนศึกเบอร์ 1 | E73: 20 | F73: 38 | G73: ขาว | H73: ด้าน | I73: 100 | J73: + | K73: 0 | L73: บิด | M73: ไม่สวมถุงใน | N73: 0 | O73: 0 | P73: 0 | Q73: 0 | R73: 0 | S73: 300กระสอบแบนเต็มใบ | T73: 45929 | U73: 5000 | V73: 0 | W73: 5000 | X73: 0 | Y73: 5250 | Z73: WSWT2025800SM | AA73: 5518.15 | AB73: 5518.15 | AC73: 0 | AD73: 5518.15 | AE73: 0 | AF73: 0 | AG73: ยังไม่ได้พิมพ์ | AH73: P6 | AI73: 4 | AJ73: 45929 | AK73: 45925 | AL73: 45918 | AM73: 45926 | AN73: 45927 | AO73: 45928 | AP73: 45924 | AQ73: 0 | AR73: 0 | AS73: 0 | AT73: 0 | AU73: 0 | AV73: 0 | AW73: งานเคลือบ+พิมพ์ | AX73: / | AY73: 0 | AZ73: 0 | BA73: 0 | BB73: 0 | BC73: WRWT25850/WRWT25850 | BD73: 0
A74: 45916 | B74: MK68-001119 | C74: บจก.ซันฟีด | D74: ขุนศึกเบอร์ 2 | E74: 20 | F74: 38 | G74: ขาว | H74: ด้าน | I74: 100 | J74: + | K74: 0 | L74: บิด | M74: ไม่สวมถุงใน | N74: 0 | O74: 0 | P74: 0 | Q74: 0 | R74: 0 | S74: 300กระสอบแบนเต็มใบ | T74: 45929 | U74: 5000 | V74: 0 | W74: 5000 | X74: 0 | Y74: 5250 | Z74: WSWT2025800SM | AA74: 5518.15 | AB74: 5518.15 | AC74: 0 | AD74: 5518.15 | AE74: 0 | AF74: 0 | AG74: ยังไม่ได้พิมพ์ | AH74: P6 | AI74: 4 | AJ74: 45929 | AK74: 45925 | AL74: 45918 | AM74: 45926 | AN74: 45927 | AO74: 45928 | AP74: 45924 | AQ74: 0 | AR74: 0 | AS74: 0 | AT74: 0 | AU74: 0 | AV74: 0 | AW74: งานเคลือบ+พิมพ์ | AX74: / | AY74: 0 | AZ74: 0 | BA74: 0 | BB74: 0 | BC74: WRWT25850/WRWT25850 | BD74: 0
A75: 45916 | B75: MK68-001119 | C75: บจก.ซันฟีด | D75: 952 | E75: 20 | F75: 38 | G75: ขาว | H75: ด้าน | I75: 100 | J75: + | K75: 0 | L75: บิด | M75: ไม่สวมถุงใน | N75: 0 | O75: 0 | P75: 0 | Q75: 0 | R75: 0 | S75: 300กระสอบแบนเต็มใบ | T75: 45929 | U75: 5000 | V75: 0 | W75: 5000 | X75: 0 | Y75: 5250 | Z75: WSWT2025800SM | AA75: 5518.15 | AB75: 5518.15 | AC75: 0 | AD75: 5518.15 | AE75: 0 | AF75: 0 | AG75: ยังไม่ได้พิมพ์ | AH75: P6 | AI75: 4 | AJ75: 45929 | AK75: 45925 | AL75: 45918 | AM75: 45926 | AN75: 45927 | AO75: 45928 | AP75: 45924 | AQ75: 0 | AR75: 0 | AS75: 0 | AT75: 0 | AU75: 0 | AV75: 0 | AW75: งานเคลือบ+พิมพ์ | AX75: / | AY75: 0 | AZ75: 0 | BA75: 0 | BB75: 0 | BC75: WRWT25850/WRWT25850 | BD75: 0
A76: 45931 | B76: MK68-001123 | C76: บจก.อินเทคค์ โกลบอล | D76: เพอเฟคค์ 000 | E76: 20 | F76: 36 | G76: ขาว | H76: ด้าน | I76: 100 | J76: ± | K76: 5 | L76: จับจีบ4" | M76: ไม่สวมถุงใน | N76: 0 | O76: 0 | P76: 0 | Q76: 0 | R76: 0 | S76: มัด80 ใช้สายรัด | T76: 45930 | U76: 10000 | V76: 0 | W76: 10000 | X76: 0 | Y76: 10500 | Z76: WSWT2025800SM | AA76: 10477.5 | AB76: 10477.5 | AC76: 0 | AD76: 10477.5 | AE76: 0 | AF76: 0 | AG76: ยังไม่ได้พิมพ์ | AH76: P6 | AI76: 4 | AJ76: 45930 | AK76: 45926 | AL76: 45919 | AM76: 45927 | AN76: 45928 | AO76: 45929 | AP76: 45925 | AQ76: 0 | AR76: 0 | AS76: 0 | AT76: 0 | AU76: 0 | AV76: 0 | AW76: งานเคลือบ+พิมพ์ | AX76: / | AY76: 0 | AZ76: 0 | BA76: 0 | BB76: 0 | BC76: WRWT25850/WRWT25850 | BD76: 0
A77: 45919 | B77: MK68-001129 | C77: บจก.อินเทคค์ โกลบอล | D77: สุบรรณ 222 | E77: 20 | F77: 36 | G77: ขาว | H77: ด้าน | I77: 100 | J77: ± | K77: 5 | L77: จับจีบ3.5" | M77: ไม่สวมถุงใน | N77: 0 | O77: 0 | P77: 0 | Q77: 0 | R77: 0 | S77: มัด80 ใช้สายรัด | T77: 45930 | U77: 5040 | V77: 0 | W77: 5040 | X77: 0 | Y77: 5292 | Z77: WSWT2025800SM | AA77: 5280.66 | AB77: 5280.66 | AC77: 0 | AD77: 5280.66 | AE77: 0 | AF77: 0 | AG77: ยังไม่ได้พิมพ์ | AH77: P6 | AI77: 4 | AJ77: 45930 | AK77: 45926 | AL77: 45919 | AM77: 45927 | AN77: 45928 | AO77: 45929 | AP77: 45925 | AQ77: 0 | AR77: 0 | AS77: 0 | AT77: 0 | AU77: 0 | AV77: 0 | AW77: งานเคลือบ+พิมพ์ | AX77: / | AY77: 0 | AZ77: 0 | BA77: 0 | BB77: 0 | BC77: WRWT25850/WRWT25850 | BD77: 0
A78: 45919 | B78: MK68-001129 | C78: บจก.อินเทคค์ โกลบอล | D78: สุบรรณ 333 | E78: 20 | F78: 36 | G78: ขาว | H78: ด้าน | I78: 100 | J78: ± | K78: 5 | L78: จับจีบ3.5" | M78: ไม่สวมถุงใน | N78: 0 | O78: 0 | P78: 0 | Q78: 0 | R78: 0 | S78: มัด80 ใช้สายรัด | T78: 45930 | U78: 5040 | V78: 0 | W78: 5040 | X78: 0 | Y78: 5292 | Z78: WSWT2025800SM | AA78: 5280.66 | AB78: 5280.66 | AC78: 0 | AD78: 5280.66 | AE78: 0 | AF78: 0 | AG78: ยังไม่ได้พิมพ์ | AH78: P6 | AI78: 4 | AJ78: 45930 | AK78: 45926 | AL78: 45919 | AM78: 45927 | AN78: 45928 | AO78: 45929 | AP78: 45925 | AQ78: 0 | AR78: 0 | AS78: 0 | AT78: 0 | AU78: 0 | AV78: 0 | AW78: งานเคลือบ+พิมพ์ | AX78: / | AY78: 0 | AZ78: 0 | BA78: 0 | BB78: 0 | BC78: WRWT25850/WRWT25850 | BD78: 0
A79: 45919 | B79: MK68-001128 | C79: บจก.อินเทคค์ โกลบอล | D79: เฟิร์สคลาส 912 | E79: 20 | F79: 35 | G79: ขาว | H79: ด้าน | I79: 97 | J79: ± | K79: 5 | L79: จับจีบ | M79: ไม่สวมถุงใน | N79: 0 | O79: 0 | P79: 0 | Q79: 0 | R79: 0 | S79: มัด80 ใช้สายรัด | T79: 45930 | U79: 5040 | V79: 0 | W79: 5040 | X79: 0 | Y79: 5292 | Z79: WSWT2025800SM | AA79: 5139.8424 | AB79: 5139.8424 | AC79: 0 | AD79: 5139.8424 | AE79: 0 | AF79: 0 | AG79: ยังไม่ได้พิมพ์ | AH79: P6 | AI79: 4 | AJ79: 45930 | AK79: 45926 | AL79: 45919 | AM79: 45927 | AN79: 45928 | AO79: 45929 | AP79: 45925 | AQ79: 0 | AR79: 0 | AS79: 0 | AT79: 0 | AU79: 0 | AV79: 0 | AW79: งานเคลือบ+พิมพ์ | AX79: / | AY79: 0 | AZ79: 0 | BA79: 0 | BB79: 0 | BC79: WRWT25850/WRWT25850 | BD79: 0
A80: 45919 | B80: MK68-001123 | C80: บจก.อินเทคค์ โกลบอล | D80: เพอเฟคค์ 912 | E80: 20 | F80: 36 | G80: ขาว | H80: ด้าน | I80: 100 | J80: ± | K80: 5 | L80: จับจีบ4" | M80: ไม่สวมถุงใน | N80: 0 | O80: 0 | P80: 0 | Q80: 0 | R80: 0 | S80: มัด80 ใช้สายรัด | T80: 45934 | U80: 10000 | V80: 0 | W80: 10000 | X80: 0 | Y80: 10500 | Z80: WSWT2025800SM | AA80: 10477.5 | AB80: 10477.5 | AC80: 0 | AD80: 0 | AE80: 10477.5 | AF80: 0 | AG80: ยังไม่ได้พิมพ์ | AH80: P6 | AI80: 4 | AJ80: 45934 | AK80: 45930 | AL80: 45923 | AM80: 45931 | AN80: 45932 | AO80: 45933 | AP80: 45929 | AQ80: 0 | AR80: 0 | AS80: 0 | AT80: 0 | AU80: 0 | AV80: 0 | AW80: งานเคลือบ+พิมพ์ | AX80: / | AY80: 0 | AZ80: 0 | BA80: 0 | BB80: 0 | BC80: WRWT25850/WRWT25850 | BD80: 0
A81: 45919 | B81: MK68-001124 | C81: บจก.อินเทคค์ โกลบอล | D81: เพอเฟคค์ 913 | E81: 20 | F81: 36 | G81: ขาว | H81: ด้าน | I81: 100 | J81: ± | K81: 5 | L81: จับจีบ4" | M81: ไม่สวมถุงใน | N81: 0 | O81: 0 | P81: 0 | Q81: 0 | R81: 0 | S81: มัด80 ใช้สายรัด | T81: 45934 | U81: 30000 | V81: 0 | W81: 30000 | X81: 0 | Y81: 31500 | Z81: WSWT2025800SM | AA81: 31432.5 | AB81: 31432.5 | AC81: 0 | AD81: 0 | AE81: 31432.5 | AF81: 0 | AG81: พร้อมส่ง | AH81: P6 | AI81: 4 | AJ81: 45934 | AK81: 45930 | AL81: 45923 | AM81: 45931 | AN81: 45932 | AO81: 45933 | AP81: 45929 | AQ81: 0 | AR81: 0 | AS81: 0 | AT81: 0 | AU81: 0 | AV81: 0 | AW81: งานเคลือบ+พิมพ์ | AX81: / | AY81: 4/10 11/10 | AZ81: 0 | BA81: 0 | BB81: 0 | BC81: WRWT25850/WRWT25850 | BD81: 0
A82: 45892 | B82: MK68-001026 | C82: บจก.อินเทคค์ โกลบอล | D82: เพอเฟคค์ 913 | E82: 20 | F82: 36 | G82: ขาว | H82: ด้าน | I82: 100 | J82: ± | K82: 5 | L82: จับจีบ | M82: ไม่สวมถุงใน | N82: 0 | O82: 0 | P82: 0 | Q82: 0 | R82: 0 | S82: มัด80 ใช้สายรัด | T82: 45934 | U82: 1840 | V82: 80 | W82: 1760 | X82: 0 | Y82: 1848 | Z82: WSWT2025800SM | AA82: 1844.04 | AB82: 1844.04 | AC82: 0 | AD82: 0 | AE82: 1844.04 | AF82: 0 | AG82: ยังไม่ได้พิมพ์ | AH82: P6 | AI82: 4 | AJ82: 45934 | AK82: 45930 | AL82: 45923 | AM82: 45931 | AN82: 45932 | AO82: 45933 | AP82: 45929 | AQ82: 0 | AR82: 0 | AS82: 0 | AT82: 0 | AU82: 0 | AV82: 0 | AW82: งานเคลือบ+พิมพ์ | AX82: / | AY82: 0 | AZ82: 0 | BA82: 0 | BB82: 0 | BC82: WRWT25850/WRWT25850 | BD82: 0
A83: 45919 | B83: MK68-001124 | C83: บจก.อินเทคค์ โกลบอล | D83: เพอเฟคค์ 916 | E83: 20 | F83: 36 | G83: ขาว | H83: ด้าน | I83: 100 | J83: ± | K83: 5 | L83: จับจีบ4" | M83: ไม่สวมถุงใน | N83: 0 | O83: 0 | P83: 0 | Q83: 0 | R83: 0 | S83: มัด80 ใช้สายรัด | T83: 45934 | U83: 20000 | V83: 0 | W83: 20000 | X83: 0 | Y83: 21000 | Z83: WSWT2025800SM | AA83: 20955 | AB83: 20955 | AC83: 0 | AD83: 0 | AE83: 20955 | AF83: 0 | AG83: ยังไม่ได้พิมพ์ | AH83: P6 | AI83: 4 | AJ83: 45934 | AK83: 45930 | AL83: 45923 | AM83: 45931 | AN83: 45932 | AO83: 45933 | AP83: 45929 | AQ83: 0 | AR83: 0 | AS83: 0 | AT83: 0 | AU83: 0 | AV83: 0 | AW83: งานเคลือบ+พิมพ์ | AX83: / | AY83: 4/10 10/10 | AZ83: 0 | BA83: 0 | BB83: 0 | BC83: WRWT25850/WRWT25850 | BD83: 0
A84: 45887 | B84: MK68-001007 | C84: บจก.อินเทคค์ โกลบอล | D84: เพอเฟคค์ 916 | E84: 20 | F84: 36 | G84: ขาว | H84: ด้าน | I84: 100 | J84: ± | K84: 5 | L84: จับจีบ | M84: ไม่สวมถุงใน | N84: 0 | O84: 0 | P84: 0 | Q84: 0 | R84: 0 | S84: มัด80 ใช้สายรัด | T84: 45934 | U84: 104 | V84: 0 | W84: 104 | X84: 0 | Y84: 109.2 | Z84: WSWT2025800SM | AA84: 108.966 | AB84: 108.966 | AC84: 0 | AD84: 0 | AE84: 108.966 | AF84: 0 | AG84: พร้อมส่ง | AH84: P6 | AI84: 4 | AJ84: 45934 | AK84: 45930 | AL84: 45923 | AM84: 45931 | AN84: 45932 | AO84: 45933 | AP84: 45929 | AQ84: 0 | AR84: 0 | AS84: 0 | AT84: 0 | AU84: 0 | AV84: 0 | AW84: งานเคลือบ+พิมพ์ | AX84: / | AY84: 0 | AZ84: 0 | BA84: 0 | BB84: 0 | BC84: WRWT25850/WRWT25850 | BD84: 0
A85: 45919 | B85: MK68-001121 | C85: บจก.อินเทคค์ โกลบอล | D85: เฟิร์สช้อย 912 | E85: 20 | F85: 36 | G85: ขาว | H85: ด้าน | I85: 100 | J85: ± | K85: 5 | L85: จับจีบ4" | M85: ไม่สวมถุงใน | N85: 0 | O85: 0 | P85: 0 | Q85: 0 | R85: 0 | S85: มัด80 ใช้สายรัด | T85: 45936 | U85: 15040 | V85: 0 | W85: 15040 | X85: 0 | Y85: 15792 | Z85: WSWT2025800SM | AA85: 15758.16 | AB85: 15758.16 | AC85: 0 | AD85: 0 | AE85: 15758.16 | AF85: 0 | AG85: ยังไม่ได้พิมพ์ | AH85: P6 | AI85: 4 | AJ85: 45936 | AK85: 45932 | AL85: 45925 | AM85: 45933 | AN85: 45934 | AO85: 45935 | AP85: 45931 | AQ85: 0 | AR85: 0 | AS85: 0 | AT85: 0 | AU85: 0 | AV85: 0 | AW85: งานเคลือบ+พิมพ์ | AX85: / | AY85: 0 | AZ85: 0 | BA85: 0 | BB85: 0 | BC85: WRWT25850/WRWT25850 | BD85: 0
A86: 45919 | B86: MK68-001122 | C86: บจก.อินเทคค์ โกลบอล | D86: เฟิร์สช้อย 913 | E86: 20 | F86: 36 | G86: ขาว | H86: ด้าน | I86: 100 | J86: ± | K86: 5 | L86: จับจีบ4" | M86: ไม่สวมถุงใน | N86: 0 | O86: 0 | P86: 0 | Q86: 0 | R86: 0 | S86: มัด80 ใช้สายรัด | T86: 45936 | U86: 10000 | V86: 0 | W86: 10000 | X86: 0 | Y86: 10500 | Z86: WSWT2025800SM | AA86: 10477.5 | AB86: 10477.5 | AC86: 0 | AD86: 0 | AE86: 10477.5 | AF86: 0 | AG86: พร้อมส่ง | AH86: P6 | AI86: 4 | AJ86: 45936 | AK86: 45932 | AL86: 45925 | AM86: 45933 | AN86: 45934 | AO86: 45935 | AP86: 45931 | AQ86: 0 | AR86: 0 | AS86: 0 | AT86: 0 | AU86: 0 | AV86: 0 | AW86: งานเคลือบ+พิมพ์ | AX86: / | AY86: 0 | AZ86: 0 | BA86: 0 | BB86: 0 | BC86: WRWT25850/WRWT25850 | BD86: 0
A87: 45892 | B87: MK68-001024 | C87: บจก.อินเทคค์ โกลบอล | D87: เฟิร์สช้อย 913 | E87: 20 | F87: 36 | G87: ขาว | H87: ด้าน | I87: 100 | J87: ± | K87: 5 | L87: จับจีบ | M87: ไม่สวมถุงใน | N87: 0 | O87: 0 | P87: 0 | Q87: 0 | R87: 0 | S87: มัด80 ใช้สายรัด | T87: 45936 | U87: 640 | V87: 0 | W87: 640 | X87: 0 | Y87: 672 | Z87: WSWT2025800SM | AA87: 670.56 | AB87: 670.56 | AC87: 0 | AD87: 0 | AE87: 670.56 | AF87: 0 | AG87: ยังไม่ได้พิมพ์ | AH87: P6 | AI87: 4 | AJ87: 45936 | AK87: 45932 | AL87: 45925 | AM87: 45933 | AN87: 45934 | AO87: 45935 | AP87: 45931 | AQ87: 0 | AR87: 0 | AS87: 0 | AT87: 0 | AU87: 0 | AV87: 0 | AW87: งานเคลือบ+พิมพ์ | AX87: / | AY87: สีผิดเบอร์280 | AZ87: 0 | BA87: 0 | BB87: 0 | BC87: WRWT25850/WRWT25850 | BD87: 0
A88: 45919 | B88: MK68-001122 | C88: บจก.อินเทคค์ โกลบอล | D88: เพอเฟคค์ 914 | E88: 20 | F88: 36 | G88: ขาว | H88: ด้าน | I88: 100 | J88: ± | K88: 5 | L88: จับจีบ4" | M88: ไม่สวมถุงใน | N88: 0 | O88: 0 | P88: 0 | Q88: 0 | R88: 0 | S88: มัด80 ใช้สายรัด | T88: 45936 | U88: 20000 | V88: 0 | W88: 20000 | X88: 0 | Y88: 21000 | Z88: WSWT2025800SM | AA88: 20955 | AB88: 20955 | AC88: 0 | AD88: 0 | AE88: 20955 | AF88: 0 | AG88: ยังไม่ได้พิมพ์ | AH88: P6 | AI88: 4 | AJ88: 45936 | AK88: 45932 | AL88: 45925 | AM88: 45933 | AN88: 45934 | AO88: 45935 | AP88: 45931 | AQ88: 0 | AR88: 0 | AS88: 0 | AT88: 0 | AU88: 0 | AV88: 0 | AW88: งานเคลือบ+พิมพ์ | AX88: / | AY88: 0 | AZ88: 0 | BA88: 0 | BB88: 0 | BC88: WRWT25850/WRWT25850 | BD88: 0
A89: 45796 | B89: MK68-000675 | C89: บจก.อินเทคค์ โกลบอล | D89: เพอเฟคค์ 914 | E89: 20 | F89: 36 | G89: ขาว | H89: ด้าน | I89: 100 | J89: ± | K89: 5 | L89: จับจีบ | M89: ไม่สวมถุงใน | N89: 0 | O89: 0 | P89: 0 | Q89: 0 | R89: 0 | S89: มัด80 ใช้สายรัด | T89: 45936 | U89: 240 | V89: 0 | W89: 240 | X89: 0 | Y89: 252 | Z89: WSWT2025800SM | AA89: 251.46 | AB89: 251.46 | AC89: 0 | AD89: 0 | AE89: 251.46 | AF89: 0 | AG89: ยังไม่ได้พิมพ์ | AH89: P6 | AI89: 4 | AJ89: 45936 | AK89: 45932 | AL89: 45925 | AM89: 45933 | AN89: 45934 | AO89: 45935 | AP89: 45931 | AQ89: 0 | AR89: 0 | AS89: 0 | AT89: 0 | AU89: 0 | AV89: 0 | AW89: งานเคลือบ+พิมพ์ | AX89: / | AY89: 2/6---6/6 | AZ89: 0 | BA89: 0 | BB89: 0 | BC89: WRWT25850/WRWT25850 | BD89: 0
A90: 45916 | B90: MK68-001119 | C90: บจก.ซันฟีด | D90: 953 | E90: 20 | F90: 38 | G90: ขาว | H90: ด้าน | I90: 100 | J90: + | K90: 0 | L90: บิด | M90: ไม่สวมถุงใน | N90: 0 | O90: 0 | P90: 0 | Q90: 0 | R90: 0 | S90: 300กระสอบแบนเต็มใบ | T90: 45937 | U90: 5000 | V90: 0 | W90: 5000 | X90: 0 | Y90: 5250 | Z90: WSWT2025800SM | AA90: 5518.15 | AB90: 5518.15 | AC90: 0 | AD90: 0 | AE90: 5518.15 | AF90: 0 | AG90: ยังไม่ได้พิมพ์ | AH90: P6 | AI90: 4 | AJ90: 45937 | AK90: 45933 | AL90: 45926 | AM90: 45934 | AN90: 45935 | AO90: 45936 | AP90: 45932 | AQ90: 0 | AR90: 0 | AS90: 0 | AT90: 0 | AU90: 0 | AV90: 0 | AW90: งานเคลือบ+พิมพ์ | AX90: / | AY90: 0 | AZ90: 0 | BA90: 0 | BB90: 0 | BC90: WRWT25850/WRWT25850 | BD90: 0
A91: 45916 | B91: MK68-001119 | C91: บจก.ซันฟีด | D91: 956 | E91: 20 | F91: 38 | G91: ขาว | H91: ด้าน | I91: 100 | J91: + | K91: 0 | L91: บิด | M91: ไม่สวมถุงใน | N91: 0 | O91: 0 | P91: 0 | Q91: 0 | R91: 0 | S91: 300กระสอบแบนเต็มใบ | T91: 45937 | U91: 2500 | V91: 0 | W91: 2500 | X91: 0 | Y91: 2625 | Z91: WSWT2025800SM | AA91: 2759.075 | AB91: 2759.075 | AC91: 0 | AD91: 0 | AE91: 2759.075 | AF91: 0 | AG91: ยังไม่ได้พิมพ์ | AH91: P6 | AI91: 4 | AJ91: 45937 | AK91: 45933 | AL91: 45926 | AM91: 45934 | AN91: 45935 | AO91: 45936 | AP91: 45932 | AQ91: 0 | AR91: 0 | AS91: 0 | AT91: 0 | AU91: 0 | AV91: 0 | AW91: งานเคลือบ+พิมพ์ | AX91: / | AY91: 0 | AZ91: 0 | BA91: 0 | BB91: 0 | BC91: WRWT25850/WRWT25850 | BD91: 0
A92: 45916 | B92: MK68-001119 | C92: บจก.ซันฟีด | D92: ขุนศึกเบอร์ 1 | E92: 20 | F92: 38 | G92: ขาว | H92: ด้าน | I92: 100 | J92: + | K92: 0 | L92: บิด | M92: ไม่สวมถุงใน | N92: 0 | O92: 0 | P92: 0 | Q92: 0 | R92: 0 | S92: 300กระสอบแบนเต็มใบ | T92: 45939 | U92: 5000 | V92: 0 | W92: 5000 | X92: 0 | Y92: 5250 | Z92: WSWT2025800SM | AA92: 5518.15 | AB92: 5518.15 | AC92: 0 | AD92: 5518.15 | AE92: 0 | AF92: 0 | AG92: ยังไม่ได้พิมพ์ | AH92: P6 | AI92: 4 | AJ92: 45939 | AK92: 45935 | AL92: 45928 | AM92: 45936 | AN92: 45937 | AO92: 45938 | AP92: 45934 | AQ92: 0 | AR92: 0 | AS92: 0 | AT92: 0 | AU92: 0 | AV92: 0 | AW92: งานเคลือบ+พิมพ์ | AX92: / | AY92: 0 | AZ92: 0 | BA92: 0 | BB92: 0 | BC92: WRWT25850/WRWT25850 | BD92: 0
A93: 45916 | B93: MK68-001119 | C93: บจก.ซันฟีด | D93: ขุนศึกเบอร์ 2 | E93: 20 | F93: 38 | G93: ขาว | H93: ด้าน | I93: 100 | J93: + | K93: 0 | L93: บิด | M93: ไม่สวมถุงใน | N93: 0 | O93: 0 | P93: 0 | Q93: 0 | R93: 0 | S93: 300กระสอบแบนเต็มใบ | T93: 45939 | U93: 5000 | V93: 0 | W93: 5000 | X93: 0 | Y93: 5250 | Z93: WSWT2025800SM | AA93: 5518.15 | AB93: 5518.15 | AC93: 0 | AD93: 5518.15 | AE93: 0 | AF93: 0 | AG93: ยังไม่ได้พิมพ์ | AH93: P6 | AI93: 4 | AJ93: 45939 | AK93: 45935 | AL93: 45928 | AM93: 45936 | AN93: 45937 | AO93: 45938 | AP93: 45934 | AQ93: 0 | AR93: 0 | AS93: 0 | AT93: 0 | AU93: 0 | AV93: 0 | AW93: งานเคลือบ+พิมพ์ | AX93: / | AY93: 0 | AZ93: 0 | BA93: 0 | BB93: 0 | BC93: WRWT25850/WRWT25850 | BD93: 0
A94: 45916 | B94: MK68-001119 | C94: บจก.ซันฟีด | D94: 007 | E94: 20 | F94: 38 | G94: ขาว | H94: ด้าน | I94: 100 | J94: + | K94: 0 | L94: บิด | M94: ไม่สวมถุงใน | N94: 0 | O94: 0 | P94: 0 | Q94: 0 | R94: 0 | S94: 300กระสอบแบนเต็มใบ | T94: 45940 | U94: 2500 | V94: 0 | W94: 2500 | X94: 0 | Y94: 2625 | Z94: WSWT2025800SM | AA94: 2759.075 | AB94: 2759.075 | AC94: 0 | AD94: 0 | AE94: 2759.075 | AF94: 0 | AG94: พร้อมส่ง | AH94: P6 | AI94: 4 | AJ94: 45940 | AK94: 45936 | AL94: 45929 | AM94: 45937 | AN94: 45938 | AO94: 45939 | AP94: 45935 | AQ94: 0 | AR94: 0 | AS94: 0 | AT94: 0 | AU94: 0 | AV94: 0 | AW94: งานเคลือบ+พิมพ์ | AX94: / | AY94: 0 | AZ94: 0 | BA94: 0 | BB94: 0 | BC94: WRWT25850/WRWT25850 | BD94: 0
A95: 45916 | B95: MK68-001119 | C95: บจก.ซันฟีด | D95: 952 | E95: 20 | F95: 38 | G95: ขาว | H95: ด้าน | I95: 100 | J95: + | K95: 0 | L95: บิด | M95: ไม่สวมถุงใน | N95: 0 | O95: 0 | P95: 0 | Q95: 0 | R95: 0 | S95: 300กระสอบแบนเต็มใบ | T95: 45940 | U95: 5000 | V95: 0 | W95: 5000 | X95: 0 | Y95: 5250 | Z95: WSWT2025800SM | AA95: 5518.15 | AB95: 5518.15 | AC95: 0 | AD95: 0 | AE95: 5518.15 | AF95: 0 | AG95: พร้อมส่ง | AH95: P6 | AI95: 4 | AJ95: 45940 | AK95: 45936 | AL95: 45929 | AM95: 45937 | AN95: 45938 | AO95: 45939 | AP95: 45935 | AQ95: 0 | AR95: 0 | AS95: 0 | AT95: 0 | AU95: 0 | AV95: 0 | AW95: งานเคลือบ+พิมพ์ | AX95: / | AY95: 0 | AZ95: 0 | BA95: 0 | BB95: 0 | BC95: WRWT25850/WRWT25850 | BD95: 0
A96: 45919 | B96: MK68-001121 | C96: บจก.อินเทคค์ โกลบอล | D96: เฟิร์สช้อย 911 | E96: 20 | F96: 36 | G96: ขาว | H96: ด้าน | I96: 100 | J96: ± | K96: 5 | L96: จับจีบ4" | M96: ไม่สวมถุงใน | N96: 0 | O96: 0 | P96: 0 | Q96: 0 | R96: 0 | S96: มัด80 ใช้สายรัด | T96: 45941 | U96: 5040 | V96: 0 | W96: 5040 | X96: 0 | Y96: 5292 | Z96: WSWT2025800SM | AA96: 5280.66 | AB96: 5280.66 | AC96: 0 | AD96: 0 | AE96: 5280.66 | AF96: 0 | AG96: พิมพ์ไม่ครบ | AH96: P6 | AI96: 4 | AJ96: 45941 | AK96: 45937 | AL96: 45930 | AM96: 45938 | AN96: 45939 | AO96: 45940 | AP96: 45936 | AQ96: 0 | AR96: 0 | AS96: 0 | AT96: 0 | AU96: 0 | AV96: 0 | AW96: งานเคลือบ+พิมพ์ | AX96: / | AY96: 0 | AZ96: 0 | BA96: 0 | BB96: 0 | BC96: WRWT25850/WRWT25850 | BD96: 0
A97: 45918 | B97: MK68-001120 | C97: บจก.เอสพีเอ็ม อาหารสัตว์ | D97: B922 | E97: 20 | F97: 38 | G97: ขาว | H97: ใส | I97: 100 | J97: ± | K97: 5 | L97: [ | M97: ไม่สวมถุงใน | N97: 0 | O97: 0 | P97: 0 | Q97: 0 | R97: 0 | S97: 500กระสอบแบน | T97: 45944 | U97: 616 | V97: 616 | W97: 0 | X97: 0 | Y97: 0 | Z97: WSWT2025800SM | AA97: 0 | AB97: 0 | AC97: 0 | AD97: 0 | AE97: 0 | AF97: 0 | AG97: ยังไม่ได้พิมพ์ | AH97: 0 | AI97: 0 | AJ97: 0 | AK97: 0 | AL97: 0 | AM97: 0 | AN97: 0 | AO97: 0 | AP97: 0 | AQ97: 0 | AR97: 0 | AS97: 0 | AT97: 0 | AU97: 0 | AV97: 0 | AW97: 0 | AX97: 0 | AY97: 0 | AZ97: 0 | BA97: 0 | BB97: 0 | BC97: WRWT25850/WRWT25850 | BD97: 0
A98: 45877 | B98: MK68-000990 | C98: บจก.เอสพีเอ็ม อาหารสัตว์ | D98: SW 441 PLUS | E98: 20 | F98: 38 | G98: ขาว | H98: ใส | I98: 100 | J98: ± | K98: 5 | L98: บิด | M98: ไม่สวมถุงใน | N98: 0 | O98: 0 | P98: 0 | Q98: 0 | R98: 0 | S98: 500กระสอบแบน | T98: 45944 | U98: 3500 | V98: 3500 | W98: 0 | X98: 3605 | Y98: 0 | Z98: WSWT2025800SM | AA98: 0 | AB98: 0 | AC98: 0 | AD98: 0 | AE98: 0 | AF98: 0 | AG98: ยังไม่ได้พิมพ์ | AH98: P6 | AI98: 4 | AJ98: 45944 | AK98: 45940 | AL98: 45933 | AM98: 45941 | AN98: 45942 | AO98: 45943 | AP98: 45939 | AQ98: 0 | AR98: 0 | AS98: 0 | AT98: 0 | AU98: 0 | AV98: 0 | AW98: งานเคลือบ+พิมพ์ | AX98: / | AY98: 0 | AZ98: 0 | BA98: 0 | BB98: 0 | BC98: WRWT25850/WRWT25850 | BD98: 0
A99: 45877 | B99: MK68-000990 | C99: บจก.เอสพีเอ็ม อาหารสัตว์ | D99: SW 441 PLUS | E99: 20 | F99: 38 | G99: ขาว | H99: ใส | I99: 100 | J99: ± | K99: 5 | L99: บิด | M99: ไม่สวมถุงใน | N99: 0 | O99: 0 | P99: 0 | Q99: 0 | R99: 0 | S99: 500กระสอบแบน | T99: รอแจ้ง | U99: 3500 | V99: 1217 | W99: 2283 | X99: 1545 | Y99: 2052.75 | Z99: WSWT2025800SM | AA99: 2265.4765 | AB99: 2265.4765 | AC99: 0 | AD99: 2265.4765 | AE99: 0 | AF99: 0 | AG99: ยังไม่ได้พิมพ์ | AH99: P6 | AI99: 4 | AJ99: รอแจ้ง | AK99: #VALUE! | AL99: #VALUE! | AM99: #VALUE! | AN99: #VALUE! | AO99: #VALUE! | AP99: #VALUE! | AQ99: 0 | AR99: 0 | AS99: 0 | AT99: 0 | AU99: 0 | AV99: 0 | AW99: งานเคลือบ+พิมพ์ | AX99: / | AY99: 0 | AZ99: 0 | BA99: 0 | BB99: 0 | BC99: WRWT25850/WRWT25850 | BD99: 0
A100: 45916 | B100: MK68-001119 | C100: บจก.ซันฟีด | D100: ขุนศึกเบอร์ 1 | E100: 20 | F100: 38 | G100: ขาว | H100: ด้าน | I100: 100 | J100: + | K100: 0 | L100: บิด | M100: ไม่สวมถุงใน | N100: 0 | O100: 0 | P100: 0 | Q100: 0 | R100: 0 | S100: 300กระสอบแบนเต็มใบ | T100: 45945 | U100: 5000 | V100: 0 | W100: 5000 | X100: 0 | Y100: 5250 | Z100: WSWT2025800SM | AA100: 5518.15 | AB100: 5518.15 | AC100: 0 | AD100: 0 | AE100: 5518.15 | AF100: 0 | AG100: ยังไม่ได้พิมพ์ | AH100: P6 | AI100: 4 | AJ100: 45945 | AK100: 45941 | AL100: 45934 | AM100: 45942 | AN100: 45943 | AO100: 45944 | AP100: 45940 | AQ100: 0 | AR100: 0 | AS100: 0 | AT100: 0 | AU100: 0 | AV100: 0 | AW100: งานเคลือบ+พิมพ์ | AX100: / | AY100: 0 | AZ100: 0 | BA100: 0 | BB100: 0 | BC100: WRWT25850/WRWT25850 | BD100: 0
A101: 45916 | B101: MK68-001119 | C101: บจก.ซันฟีด | D101: 952 | E101: 20 | F101: 38 | G101: ขาว | H101: ด้าน | I101: 100 | J101: + | K101: 0 | L101: บิด | M101: ไม่สวมถุงใน | N101: 0 | O101: 0 | P101: 0 | Q101: 0 | R101: 0 | S101: 300กระสอบแบนเต็มใบ | T101: 45946 | U101: 7500 | V101: 0 | W101: 7500 | X101: 0 | Y101: 7875 | Z101: WSWT2025800SM | AA101: 8277.225 | AB101: 8277.225 | AC101: 0 | AD101: 0 | AE101: 8277.225 | AF101: 0 | AG101: ยังไม่ได้พิมพ์ | AH101: P6 | AI101: 4 | AJ101: 45946 | AK101: 45942 | AL101: 45935 | AM101: 45943 | AN101: 45944 | AO101: 45945 | AP101: 45941 | AQ101: 0 | AR101: 0 | AS101: 0 | AT101: 0 | AU101: 0 | AV101: 0 | AW101: งานเคลือบ+พิมพ์ | AX101: / | AY101: 0 | AZ101: 0 | BA101: 0 | BB101: 0 | BC101: WRWT25850/WRWT25850 | BD101: 0
...

Sheet 20-9-68.
B2: เรียงกำหนดส่ง | D2: ลบ 0 | T2: เรียง 1
B3: ข้อมูลUpdate ณ. วันที่ | D3: 45920 | E3: เวลา | G3: 10.39
A4: วันรับออร์เดอร์/แบบ | B4: เลขที่ SO | C4: ชื่อลูกค้า | E4: 10.3 | I4: น้ำหนัก | L4: บิด/จับจีบ | M4: ถุงใน | Q4: 44873 | S4: วิธีบรรจุ | T4: วันส่ง | U4: จำนวนส่ง | V4: ตัดเย็บ (ใบ) | W4: 44873 | X4: พิมพ์ (ใบ) | Y4: 44876 | Z4: ผ้าทอ (เมตร) Updateณ | AB4: 44876 | AD4: ผ้าเคลือบ(เมตร) | AF4: หมายเหตุ | AG4: เครื่อง
B5: เลขที่ SO | C5: ชื่อลูกค้า | D5: ตรา | E5: กว้าง | F5: ยาว | G5: สี | H5: เคลือบ | I5: กรัม/ใบ | J5: * | K5: aw | L5: บิด/จับจีบ | M5: กว้าง | N5: ยาว | O5: หนา | P5: ใช้(กก.) | Q5: Stock(กก.) | R5: ผลิต(กก.) | S5: วิธีบรรจุ | T5: วันส่ง | U5: จำนวนส่ง | V5: StockFG | W5: ค้างตัด | X5: พิมพ์แล้ว | Y5: ค้างพิมพ์ | Z5: ประเภท | AA5: ใช้ | AB5: Stock | AC5: ค้างทอ | AD5: Stock | AE5: ค้างเคลือบ | AF5: หมายเหตุ | AG5: ที่พิมพ์ได้ | AH5: process | AI5: Lead time | AJ5: วันที่ส่งPL | AK5: เคลือบ | AL5: ได้ ART | AM5: พิมพ์ | AN5: จีบ-บิด | AO5: ตัด-เย็บ | AP5: ทอ | AQ5: สวมถุง | AR5: เย็บปาก | AS5: PT | AT5: ม้วน | AU5: ตัด | AV5: ตอกตาไก่ | AW5: GROUP | AX5: ART | AY5: หมายเหตุปัญหา | AZ5: ราคา/ใบ | BA5: ราคารวม | BB5: workweek | BC5: เส้นเทป | BD5: จำนวน
A6: 45897 | B6: MK68-001045 | C6: บจก.เคอรี่ฟลาวมิลล์ | D6: น้องเอินโดนัท 10กก | E6: 16 | F6: 25 | G6: ขาว | H6: 0 | I6: 45 | J6: ± | K6: 5 | L6: ไม่ | M6: ไม่สวมถุงใน | N6: 0 | O6: 0 | P6: 0 | Q6: 0 | R6: 0 | S6: ห่ออัดเบลแบน500 | T6: 45925 | U6: 5000 | V6: 5000 | W6: 0 | X6: 5400 | Y6: 0 | Z6: WSWT1625800 | AA6: 0 | AB6: 0 | AC6: 0 | AD6: 0 | AE6: 0 | AF6: 0 | AG6: ยังไม่ได้พิมพ์ | AH6: P7 | AI6: 2 | AJ6: 45925 | AK6: 0 | AL6: 45916 | AM6: 45923 | AN6: 45924 | AO6: 45924 | AP6: 45920 | AQ6: 0 | AR6: 0 | AS6: 0 | AT6: 0 | AU6: 0 | AV6: 0 | AW6: งานพิมพ์ | AX6: / | AY6: สีลอกทั้งหมด | AZ6: 0 | BA6: 0 | BB6: 0 | BC6: WRWT25800/WRWT25800 | BD6: 0
A7: 0 | B7: 0 | C7: 0 | D7: 0 | E7: 16 | F7: 25 | G7: ขาว | H7: 0 | I7: 45 | J7: ± | K7: 5 | L7: 0 | M7: 0 | N7: 0 | O7: 0 | P7: 0 | Q7: 0 | R7: 0 | S7: 0 | U7: 0 | V7: 0 | W7: 0 | X7: 0 | Y7: 0 | Z7: WSWT1625800 | AA7: 0 | AB7: 0 | AC7: 0 | AD7: 0 | AE7: 0 | AF7: ระบุในSD | AG7: พร้อมส่ง | AH7: 0 | AI7: Lead time | AJ7: 0 | AK7: 0 | AL7: 0 | AM7: 0 | AN7: 0 | AO7: 0 | AP7: 0 | AQ7: 0 | AR7: 0 | AS7: 0 | AT7: 0 | AU7: 0 | AV7: 0 | AW7: 0 | AX7: 0 | AY7: 0 | AZ7: 0 | BA7: 0 | BB7: 0 | BC7: WRWT160800/WRWT25800 | BD7: 0
A8: 45915 | B8: MK68-001115 | C8: บจก.โรงสีข้าวธัญญาวัตน์ | D8: LUNG SHIN 12 KG. | E8: 17 | F8: 26 | G8: ขาว | H8: 0 | I8: 48 | J8: ± | K8: 5 | L8: ไม่ | M8: ไม่สวมถุงใน | N8: 0 | O8: 0 | P8: 0 | Q8: 0 | R8: 0 | S8: 500กระสอบ | T8: 45922 | U8: 10100 | V8: 0 | W8: 10100 | X8: 0 | Y8: 10605 | Z8: WSWT1725800 | AA8: 7760.335 | AB8: 7760.335 | AC8: 0 | AD8: 0 | AE8: 0 | AF8: 0 | AG8: พร้อมส่ง | AH8: P7 | AI8: 2 | AJ8: 45922 | AK8: 0 | AL8: 45913 | AM8: 45920 | AN8: 45921 | AO8: 45921 | AP8: 45917 | AQ8: 0 | AR8: 0 | AS8: 0 | AT8: 0 | AU8: 0 | AV8: 0 | AW8: งานพิมพ์ | AX8: / | AY8: 20/9เย็น | AZ8: 0 | BA8: 0 | BB8: 0 | BC8: WRWT25800/WRWT25800 | BD8: 0
A9: 0 | B9: 0 | C9: 0 | D9: 0 | E9: 17 | F9: 26 | G9: 0 | H9: 0 | I9: 48 | J9: ± | K9: 5 | L9: 0 | M9: 0 | N9: 0 | O9: 0 | P9: 0 | Q9: 0 | R9: 0 | S9: 0 | U9: 0 | V9: 0 | W9: 0 | X9: 0 | Y9: 0 | Z9: WSWT1725800 | AA9: 7760.335 | AB9: 7760.335 | AC9: 0 | AD9: 0 | AE9: 0 | AF9: ระบุในSD | AG9: ยังไม่ได้พิมพ์ | AH9: 0 | AI9: 0 | AJ9: 0 | AK9: 0 | AL9: 0 | AM9: 0 | AN9: 0 | AO9: 0 | AP9: 0 | AQ9: 0 | AR9: 0 | AS9: 0 | AT9: 0 | AU9: 0 | AV9: 0 | AW9: 0 | AX9: 0 | AY9: 0 | AZ9: 0 | BA9: 0 | BB9: 0 | BC9: WRWT170800/WRWT25800 | BD9: 0
A10: ประมาณการ | B10: ประมาณการ | C10: บจก.ฟาร์เธอร์ส วิง ซัพพลาย | D10: รถไฟ | E10: 18 | F10: 30 | G10: ขาว | H10: 0 | I10: 54 | J10: ± | K10: 5 | L10: บิด | M10: 19 | N10: 33 | O10: 40 | P10: 232.02999 | Q10: 0 | R10: 232.02999 | S10: 500กระสอบ | T10: รอแจ้ง | U10: 15000 | V10: 0 | W10: 15000 | X10: 0 | Y10: 15750 | Z10: WSWT1825800 | AA10: 13201.65 | AB10: 2599 | AC10: 10602.65 | AD10: 0 | AE10: 0 | AF10: 0 | AG10: พร้อมส่ง | AH10: P9 | AI10: 3 | AJ10: รอแจ้ง | AK10: 0 | AL10: #VALUE! | AM10: #VALUE! | AN10: #VALUE! | AO10: #VALUE! | AP10: #VALUE! | AQ10: #VALUE! | AR10: 0 | AS10: 0 | AT10: 0 | AU10: 0 | AV10: 0 | AW10: งานพิมพ์ | AX10: รอART | AY10: 0 | AZ10: 0 | BA10: 0 | BB10: 0 | BC10: WRWT25800/WRWT25800 | BD10: 729.46232
A11: 0 | B11: 0 | E11: 18 | F11: 30 | G11: ขาว | H11: 0 | I11: 54 | J11: ± | K11: 5 | L11: 0 | M11: 0 | N11: 0 | O11: 0 | P11: 0 | Q11: 0 | R11: 0 | S11: 0 | U11: 0 | V11: 0 | W11: 0 | X11: 0 | Y11: 0 | Z11: WSWT1825800 | AA11: 13201.65 | AB11: 2599 | AC11: 10602.65 | AD11: 0 | AE11: 0 | AF11: ระบุในSD | AG11: ยังไม่ได้พิมพ์ | AH11: 0 | AI11: Lead time | AJ11: 0 | AK11: 0 | AL11: 0 | AM11: 0 | AN11: 0 | AO11: 0 | AP11: 0 | AQ11: 0 | AR11: 0 | AS11: 0 | AT11: 0 | AU11: 0 | AV11: 0 | AW11: 0 | AX11: 0 | AY11: 0 | AZ11: 0 | BA11: 0 | BB11: 0 | BC11: WRWT25800/WRWT25800 | BD11: 0
A12: 45912 | B12: MK68-001111 | C12: บจก.ซิเบลโก้(บางเลน) | D12: PORTARYTE | E12: 18 | F12: 30 | G12: ขาว | H12: ใส | I12: 74 | J12: ± | K12: 5 | L12: ไม่ | M12: ไม่สวมถุงใน | N12: 0 | O12: 0 | P12: 0 | Q12: 0 | R12: 0 | S12: 500กระสอบแบน | T12: 45924 | U12: 10000 | V12: 0 | W12: 10000 | X12: 0 | Y12: 10500 | Z12: WSWT1825800SM | AA12: 8801.1 | AB12: 8801.1 | AC12: 0 | AD12: 8801.1 | AE12: 0 | AF12: ห้ามเกิน-ขาดได้5% | AG12: ยังไม่ได้พิมพ์ | AH12: P6 | AI12: 4 | AJ12: 45924 | AK12: 45920 | AL12: 45913 | AM12: 45921 | AN12: 45922 | AO12: 45923 | AP12: 45919 | AQ12: 0 | AR12: 0 | AS12: 0 | AT12: 0 | AU12: 0 | AV12: 0 | AW12: งานเคลือบ+พิมพ์ | AX12: / | AY12: 0 | AZ12: 0 | BA12: 0 | BB12: 0 | BC12: WRWT25800/WRWT25800 | BD12: 0
A13: 0 | B13: 0 | C13: 0 | E13: 18 | F13: 25 | G13: ขาว | H13: 0 | I13: 50 | J13: ± | K13: 5 | L13: 0 | M13: 0 | N13: 0 | O13: 0 | P13: 0 | Q13: 0 | R13: 0 | S13: 0 | U13: 0 | V13: 0 | W13: 0 | X13: 0 | Y13: 0 | Z13: WSWT1825800SM | AA13: 8801.1 | AB13: 8801.1 | AC13: 0 | AD13: 8801.1 | AE13: 0 | AF13: ระบุในSD | AG13: ยังไม่ได้พิมพ์ | AH13: 0 | AI13: Lead time | AJ13: 0 | AK13: 0 | AL13: 0 | AM13: 0 | AN13: 0 | AO13: 0 | AP13: 0 | AQ13: 0 | AR13: 0 | AS13: 0 | AT13: 0 | AU13: 0 | AV13: 0 | AW13: 0 | AX13: 0 | AY13: 0 | AZ13: 0 | BA13: 0 | BB13: 0 | BC13: WRWT180800/WRWT25800 | BD13: 0
A14: 45916 | B14: MK68-001117 | C14: บจก.เอ็กเซลเล้นท์ ไพโอเนียร์ | D14: นกทอง | E14: 19 | F14: 30 | G14: ขาว | H14: 0 | I14: 60 | J14: ± | K14: 5 | L14: บิด | M14: ไม่สวมถุงใน | N14: 0 | O14: 0 | P14: 0 | Q14: 0 | R14: 0 | S14: 500กระสอบ | T14: 45925 | U14: 20000 | V14: 0 | W14: 20000 | X14: 0 | Y14: 21000 | Z14: WSWT1925800 | AA14: 17602.2 | AB14: 17602.2 | AC14: 0 | AD14: 0 | AE14: 0 | AF14: 0 | AG14: ยังไม่ได้พิมพ์ | AH14: P7 | AI14: 2 | AJ14: 45925 | AK14: 0 | AL14: 45916 | AM14: 45923 | AN14: 45924 | AO14: 45924 | AP14: 45920 | AQ14: 0 | AR14: 0 | AS14: 0 | AT14: 0 | AU14: 0 | AV14: 0 | AW14: งานพิมพ์ | AX14: / | AY14: 0 | AZ14: 0 | BA14: 0 | BB14: 0 | BC14: WRWT25800/WRWT25800 | BD14: 0
A15: 45920 | B15: MK68-001139 | C15: บจก.เพรซิเดนท์ฟลาวมิลล์ | D15: ผึ้งเหลือง | E15: 19 | F15: 30 | G15: ขาว | H15: 0 | I15: 60 | J15: ± | K15: 5 | L15: บิด | M15: ไม่สวมถุงใน | N15: 0 | O15: 0 | P15: 0 | Q15: 0 | R15: 0 | S15: 500กระสอบแบน | T15: 45938 | U15: 50000 | V15: 0 | W15: 50000 | X15: 0 | Y15: 52500 | Z15: WSWT1925800 | AA15: 44005.5 | AB15: 13655 | AC15: 30350.5 | AD15: 0 | AE15: 0 | AF15: 0 | AG15: ยังไม่ได้พิมพ์ | AH15: P7 | AI15: 2 | AJ15: 45938 | AK15: 0 | AL15: 45929 | AM15: 45936 | AN15: 45937 | AO15: 45937 | AP15: 45933 | AQ15: 0 | AR15: 0 | AS15: 0 | AT15: 0 | AU15: 0 | AV15: 0 | AW15: งานพิมพ์ | AX15: รอART | AY15: เย็น8/10 | AZ15: 0 | BA15: 0 | BB15: 0 | BC15: WRWT25800/WRWT25800 | BD15: 2204.1208
A16: 45920 | B16: MK68-001140 | C16: บจก.เพรซิเดนท์ฟลาวมิลล์ | D16: ผึ้งชมพู | E16: 19 | F16: 30 | G16: ขาว | H16: 0 | I16: 60 | J16: ± | K16: 5 | L16: บิด | M16: ไม่สวมถุงใน | N16: 0 | O16: 0 | P16: 0 | Q16: 0 | R16: 0 | S16: 500กระสอบแบน | T16: 45938 | U16: 20000 | V16: 0 | W16: 20000 | X16: 0 | Y16: 21000 | Z16: WSWT1925800 | AA16: 17602.2 | AB16: 0 | AC16: 17602.2 | AD16: 0 | AE16: 0 | AF16: 0 | AG16: รอแบบ | AH16: P7 | AI16: 2 | AJ16: 45938 | AK16: 0 | AL16: 45929 | AM16: 45936 | AN16: 45937 | AO16: 45937 | AP16: 45933 | AQ16: 0 | AR16: 0 | AS16: 0 | AT16: 0 | AU16: 0 | AV16: 0 | AW16: งานพิมพ์ | AX16: รอART | AY16: เย็น8/10 | AZ16: 0 | BA16: 0 | BB16: 0 | BC16: WRWT25800/WRWT25800 | BD16: 1278.3109
A17: 45920 | B17: MK68-001140 | C17: บจก.เพรซิเดนท์ฟลาวมิลล์ | D17: ผึ้งชมพู | E17: 19 | F17: 30 | G17: ขาว | H17: 0 | I17: 60 | J17: ± | K17: 5 | L17: บิด | M17: ไม่สวมถุงใน | N17: 0 | O17: 0 | P17: 0 | Q17: 0 | R17: 0 | S17: 500กระสอบแบน | T17: 45952 | U17: 20000 | V17: 0 | W17: 20000 | X17: 0 | Y17: 21000 | Z17: WSWT1925800 | AA17: 17602.2 | AB17: 0 | AC17: 17602.2 | AD17: 0 | AE17: 0 | AF17: 0 | AG17: ยังไม่ได้พิมพ์ | AH17: P7 | AI17: 2 | AJ17: 45952 | AK17: 0 | AL17: 45943 | AM17: 45950 | AN17: 45951 | AO17: 45951 | AP17: 45947 | AQ17: 0 | AR17: 0 | AS17: 0 | AT17: 0 | AU17: 0 | AV17: 0 | AW17: งานพิมพ์ | AX17: รอART | AY17: 0 | AZ17: 0 | BA17: 0 | BB17: 0 | BC17: WRWT25800/WRWT25800 | BD17: 1278.3109
A18: ประมาณการ | B18: ประมาณการ | C18: บจก.ไลม์มาสเตอร์ | D18: LMC 25 kg | E18: 19 | F18: 32 | G18: ขาว | H18: 0 | I18: 64 | J18: ± | K18: 5 | L18: ไม่ | M18: 20 | N18: 35 | O18: 40 | P18: 341.36903 | Q18: 0 | R18: 341.36903 | S18: 500กระสอบแบน | T18: รอแจ้ง | U18: 20000 | V18: 233 | W18: 19767 | X18: 0 | Y18: 20755.35 | Z18: WSWT1925800 | AA18: 18501.714 | AB18: 0 | AC18: 18501.714 | AD18: 0 | AE18: 0 | AF18: 0 | AG18: พร้อมส่ง | AH18: P9 | AI18: 3 | AJ18: รอแจ้ง | AK18: 0 | AL18: #VALUE! | AM18: #VALUE! | AN18: #VALUE! | AO18: #VALUE! | AP18: #VALUE! | AQ18: #VALUE! | AR18: 0 | AS18: 0 | AT18: 0 | AU18: 0 | AV18: 0 | AW18: งานพิมพ์ | AX18: รอART | AY18: 0 | AZ18: 0 | BA18: 0 | BB18: 0 | BC18: WRWT25800/WRWT25800 | BD18: 1343.6356
A19: ประมาณการ | B19: ประมาณการ | C19: บจก.เอ็กเซลเล้นท์ | D19: รอแบบ | E19: 19 | F19: 30 | G19: ขาว | H19: 0 | I19: 60 | J19: ± | K19: 5 | L19: บิด | M19: ไม่สวมถุงใน | N19: 0 | O19: 0 | P19: 0 | Q19: 0 | R19: 0 | S19: 500กระสอบ | T19: รอแจ้ง | U19: 40000 | V19: 0 | W19: 40000 | X19: 0 | Y19: 42000 | Z19: WSWT1925800 | AA19: 35204.4 | AB19: 0 | AC19: 35204.4 | AD19: 0 | AE19: 0 | AF19: 0 | AG19: ผ้าขาว | AH19: P7 | AI19: 2 | AJ19: รอแจ้ง | AK19: 0 | AL19: #VALUE! | AM19: #VALUE! | AN19: #VALUE! | AO19: #VALUE! | AP19: #VALUE! | AQ19: 0 | AR19: 0 | AS19: 0 | AT19: 0 | AU19: 0 | AV19: 0 | AW19: งานพิมพ์ | AX19: รอART | AY19: 0 | AZ19: 0 | BA19: 0 | BB19: 0 | BC19: WRWT25800/WRWT25800 | BD19: 2556.6218
A20: ประมาณการ | B20: ประมาณการ | C20: บจก.เพรซิเดนท์ฟลาวมิลล์ | D20: ผึ้งเหลือง | E20: 19 | F20: 30 | G20: ขาว | H20: 0 | I20: 60 | J20: ± | K20: 5 | L20: บิด | M20: ไม่สวมถุงใน | N20: 0 | O20: 0 | P20: 0 | Q20: 0 | R20: 0 | S20: 500กระสอบ | T20: รอแจ้ง | U20: 140000 | V20: 0 | W20: 140000 | X20: 0 | Y20: 147000 | Z20: WSWT1925800 | AA20: 123215.4 | AB20: 0 | AC20: 123215.4 | AD20: 0 | AE20: 0 | AF20: 0 | AG20: ผ้าขาว | AH20: P7 | AI20: 2 | AJ20: รอแจ้ง | AK20: 0 | AL20: #VALUE! | AM20: #VALUE! | AN20: #VALUE! | AO20: #VALUE! | AP20: #VALUE! | AQ20: 0 | AR20: 0 | AS20: 0 | AT20: 0 | AU20: 0 | AV20: 0 | AW20: งานพิมพ์ | AX20: รอART | AY20: 0 | AZ20: 0 | BA20: 0 | BB20: 0 | BC20: WRWT25800/WRWT25800 | BD20: 8948.1762
A21: 0 | B21: 0 | C21: 0 | D21: 0 | E21: 19 | F21: 30 | G21: ขาว | H21: 0 | I21: 60 | J21: ± | K21: 5 | L21: 0 | M21: 0 | N21: 0 | O21: 0 | P21: 0 | Q21: 0 | R21: 0 | S21: 0 | U21: 0 | V21: 0 | W21: 0 | X21: 0 | Y21: 0 | Z21: WSWT1925800 | AA21: 273733.61 | AB21: 31257.2 | AC21: 242476.41 | AD21: 0 | AE21: 0 | AF21: ระบุในSD | AG21: พร้อมส่ง | AH21: 0 | AI21: Lead time | AJ21: 0 | AK21: 0 | AL21: 0 | AM21: 0 | AN21: 0 | AO21: 0 | AP21: 0 | AQ21: 0 | AR21: 0 | AS21: 0 | AT21: 0 | AU21: 0 | AV21: 0 | AW21: 0 | AX21: 0 | AY21: 0 | AZ21: 0 | BA21: 0 | BB21: 0 | BC21: WRWT25800/WRWT25800 | BD21: 0
A22: 45904 | B22: MK68-001075 | C22: บจก.เคอรี่ฟลาวมิลล์ | D22: ไม่พิมพ์ | E22: 19 | F22: 32 | G22: ขาว | H22: 0 | I22: 67 | J22: + | K22: 5 | L22: ไม่ | M22: ไม่สวมถุงใน | N22: 0 | O22: 0 | P22: 0 | Q22: 0 | R22: 0 | S22: ห่ออัดเบลแบน501 | T22: 45924 | U22: 20000 | V22: 21000 | W22: 0 | X22: 0 | Y22: 0 | Z22: WSWT1921720 | AA22: 0 | AB22: 0 | AC22: 0 | AD22: 0 | AE22: 0 | AF22: 0 | AG22: พร้อมส่ง | AH22: P3 | AI22: 1 | AJ22: 45924 | AK22: 0 | AL22: 0 | AM22: 0 | AN22: 0 | AO22: 45923 | AP22: 45919 | AQ22: 0 | AR22: 0 | AS22: 0 | AT22: 0 | AU22: 0 | AV22: 0 | AW22: ตัด | AX22: 0 | AY22: 0 | AZ22: 0 | BA22: 0 | BB22: 0 | BC22: WRWT21720/WRWT25800 | BD22: 0
