Workbook

Sheet Linkสูตรออร์เดอร์  (2)
B2: เรียงกำหนดส่ง | D2: ลบ 0 | T2: เรียง 1
B3: ข้อมูลUpdate ณ. วันที่ | D3: 45811 | E3: เวลา | G3: 11.03
A4: วันรับออร์เดอร์/แบบ | B4: เลขที่ SO | C4: ชื่อลูกค้า | E4: 10.3 | I4: น้ำหนัก | L4: บิด/จับจีบ | M4: ถุงใน | Q4: =[1]หน้าผ้า!$AC$13 -> 44873 | S4: วิธีบรรจุ | T4: วันส่ง | U4: จำนวนส่ง | V4: ตัดเย็บ (ใบ) | W4: =[1]หน้าผ้า!$AJ$13 -> 44873 | X4: พิมพ์ (ใบ) | Y4: =[1]หน้าผ้า!$AM$13 -> 44876 | Z4: ผ้าทอ (เมตร) Updateณ | AB4: =[1]หน้าผ้า!$AR$12 -> 44876 | AD4: ผ้าเคลือบ(เมตร) | AF4: หมายเหตุ | AG4: เครื่อง
B5: เลขที่ SO | C5: ชื่อลูกค้า | D5: ตรา | E5: กว้าง | F5: ยาว | G5: สี | H5: เคลือบ | I5: กรัม/ใบ | J5: * | K5: aw | L5: บิด/จับจีบ | M5: กว้าง | N5: ยาว | O5: หนา | P5: ใช้(กก.) | Q5: Stock(กก.) | R5: ผลิต(กก.) | S5: วิธีบรรจุ | T5: วันส่ง | U5: จำนวนส่ง | V5: StockFG | W5: ค้างตัด | X5: พิมพ์แล้ว | Y5: ค้างพิมพ์ | Z5: ประเภท | AA5: ใช้ | AB5: Stock | AC5: ค้างทอ | AD5: Stock | AE5: ค้างเคลือบ | AF5: หมายเหตุ | AG5: ที่พิมพ์ได้ | AH5: process | AI5: Lead time | AJ5: วันที่ส่งPL | AK5: เคลือบ | AL5: ได้ ART | AM5: พิมพ์ | AN5: จีบ-บิด | AO5: ตัด-เย็บ | AP5: ทอ | AQ5: สวมถุง | AR5: เย็บปาก | AS5: PT | AT5: ม้วน | AU5: ตัด | AV5: ตอกตาไก่ | AW5: GROUP | AX5: ART | AY5: หมายเหตุปัญหา | AZ5: ราคา/ใบ | BA5: ราคารวม | BB5: workweek | BC5: เส้นเทป | BD5: จำนวน
A6: =[2]หน้าผ้า!C15 -> 0 | B6: =[2]หน้าผ้า!B15 -> 0 | C6: =[2]หน้าผ้า!E15 -> 0 | D6: =[2]หน้าผ้า!F15 -> 0 | E6: =[2]หน้าผ้า!G15 -> 12 | F6: =[2]หน้าผ้า!H15 -> 16 | G6: =[2]หน้าผ้า!I15 -> ขาว | H6: =[2]หน้าผ้า!J15 -> 0 | I6: =[2]หน้าผ้า!L15 -> 25 | J6: =[2]หน้าผ้า!M15 -> ± | K6: =[2]หน้าผ้า!N15 -> 5 | L6: =[2]หน้าผ้า!R15 -> 0 | M6: =[2]หน้าผ้า!T15 -> 0 | N6: =[2]หน้าผ้า!U15 -> 0 | O6: =[2]หน้าผ้า!V15 -> 0 | P6: =[2]หน้าผ้า!AB15 -> 0 | Q6: =[2]หน้าผ้า!AC15 -> 0 | R6: =[2]หน้าผ้า!AD15 -> 0 | S6: =[2]หน้าผ้า!Z15 -> 0 | T6: =[2]หน้าผ้า!X15 -> 0 | U6: =[2]หน้าผ้า!AA15 -> 0 | V6: =[2]หน้าผ้า!AJ15 -> 0 | W6: =[2]หน้าผ้า!AL15 -> 0 | X6: =[2]หน้าผ้า!AM15 -> 0 | Y6: =[2]หน้าผ้า!AN15 -> 0 | Z6: =[2]หน้าผ้า!AO15 -> WSWT1221750 | AA6: =[2]หน้าผ้า!AQ15 -> #REF! | AB6: =[2]หน้าผ้า!AR15 -> #REF! | AC6: =[2]หน้าผ้า!AS15 -> #REF! | AD6: =[2]หน้าผ้า!AT15 -> #REF! | AE6: =[2]หน้าผ้า!AU15 -> #REF! | AF6: =[2]หน้าผ้า!AI15 -> ระบุในSD | AG6: =[3]หน้าผ้า!DC18 -> < Ord 20,000 | AH6: =[2]หน้าผ้า!DL15 -> 0 | AI6: =[2]หน้าผ้า!DM15 -> 0 | AJ6: =[2]หน้าผ้า!DN15 -> 0 | AK6: =[2]หน้าผ้า!DQ15 -> 0 | AL6: =[2]หน้าผ้า!DR15 -> 0 | AM6: =[2]หน้าผ้า!DS15 -> 0 | AN6: =[2]หน้าผ้า!DT15 -> 0 | AO6: =[2]หน้าผ้า!DU15 -> 0 | AP6: =[2]หน้าผ้า!DP15 -> 0 | AQ6: =[2]หน้าผ้า!DW15 -> 0 | AR6: =[2]หน้าผ้า!DX15 -> 0 | AS6: =[2]หน้าผ้า!DY15 -> 0 | AT6: =[2]หน้าผ้า!DZ15 -> 0 | AU6: =[2]หน้าผ้า!EA15 -> 0 | AV6: =[2]หน้าผ้า!EB15 -> 0 | AW6: =[2]หน้าผ้า!EC15 -> 0 | AX6: =[2]หน้าผ้า!ED15 -> 0 | AY6: =[2]หน้าผ้า!AG15 -> 0 | AZ6: =[2]หน้าผ้า!EG15 -> 0 | BA6: =[2]หน้าผ้า!EH15 -> 0 | BB6: =[2]หน้าผ้า!EI15 -> 0 | BC6: =[2]หน้าผ้า!BZ15 -> WRWT120750/WRWT21750 | BD6: =[2]หน้าผ้า!CA15 -> 0
A7: =[2]หน้าผ้า!C16 -> 45800 | B7: =[2]หน้าผ้า!B16 -> MK68-000701 | C7: =[2]หน้าผ้า!E16 -> หจก.ปึงเป้งน้ำ | D7: =[2]หน้าผ้า!F16 -> เกลือตรามือ 10กก | E7: =[2]หน้าผ้า!G16 -> 14 | F7: =[2]หน้าผ้า!H16 -> 22 | G7: =[2]หน้าผ้า!I16 -> ขาว | H7: =[2]หน้าผ้า!J16 -> ใส | I7: =[2]หน้าผ้า!L16 -> 42 | J7: =[2]หน้าผ้า!M16 -> ± | K7: =[2]หน้าผ้า!N16 -> 5 | L7: =[2]หน้าผ้า!R16 -> ไม่ | M7: =[2]หน้าผ้า!T16 -> ไม่สวมถุงใน | N7: =[2]หน้าผ้า!U16 -> 0 | O7: =[2]หน้าผ้า!V16 -> 0 | P7: =[2]หน้าผ้า!AB16 -> 0 | Q7: =[2]หน้าผ้า!AC16 -> 0 | R7: =[2]หน้าผ้า!AD16 -> 0 | S7: =[2]หน้าผ้า!Z16 -> 500กระสอบแบนเต็มใบ | T7: =[2]หน้าผ้า!X16 -> 45821 | U7: =[2]หน้าผ้า!AA16 -> 10000 | V7: =[2]หน้าผ้า!AJ16 -> 0 | W7: =[2]หน้าผ้า!AL16 -> 10000 | X7: =[2]หน้าผ้า!AM16 -> 0 | Y7: =[2]หน้าผ้า!AN16 -> 10500 | Z7: =[2]หน้าผ้า!AO16 -> WSWT1425800 | AA7: =[2]หน้าผ้า!AQ16 -> 6565.9 | AB7: =[2]หน้าผ้า!AR16 -> 1220 | AC7: =[2]หน้าผ้า!AS16 -> 5345.9 | AD7: =[2]หน้าผ้า!AT16 -> 1220 | AE7: =[2]หน้าผ้า!AU16 -> 5345.9 | AF7: =[2]หน้าผ้า!AI16 -> 0 | AG7: =[3]หน้าผ้า!DC19 -> พร้อมส่ง | AH7: =[2]หน้าผ้า!DL16 -> P6 | AI7: =[2]หน้าผ้า!DM16 -> 4 | AJ7: =[2]หน้าผ้า!DN16 -> 45821 | AK7: =[2]หน้าผ้า!DQ16 -> 45817 | AL7: =[2]หน้าผ้า!DR16 -> 45810 | AM7: =[2]หน้าผ้า!DS16 -> 45818 | AN7: =[2]หน้าผ้า!DT16 -> 45819 | AO7: =[2]หน้าผ้า!DU16 -> 45820 | AP7: =[2]หน้าผ้า!DP16 -> 45816 | AQ7: =[2]หน้าผ้า!DW16 -> 0 | AR7: =[2]หน้าผ้า!DX16 -> 0 | AS7: =[2]หน้าผ้า!DY16 -> 0 | AT7: =[2]หน้าผ้า!DZ16 -> 0 | AU7: =[2]หน้าผ้า!EA16 -> 0 | AV7: =[2]หน้าผ้า!EB16 -> 0 | AW7: =[2]หน้าผ้า!EC16 -> งานเคลือบ+พิมพ์ | AX7: =[2]หน้าผ้า!ED16 -> / | AY7: =[2]หน้าผ้า!AG16 -> 0 | AZ7: =[2]หน้าผ้า!EG16 -> 0 | BA7: =[2]หน้าผ้า!EH16 -> 0 | BB7: =[2]หน้าผ้า!EI16 -> 0 | BC7: =[2]หน้าผ้า!BZ16 -> WRWT25800/WRWT25800 | BD7: =[2]หน้าผ้า!CA16 -> 299.3704
A8: =[2]หน้าผ้า!C17 -> 0 | B8: =[2]หน้าผ้า!B17 -> 0 | C8: =[2]หน้าผ้า!E17 -> 0 | D8: =[2]หน้าผ้า!F17 -> 0 | E8: =[2]หน้าผ้า!G17 -> 14 | F8: =[2]หน้าผ้า!H17 -> 22 | G8: =[2]หน้าผ้า!I17 -> ขาว | H8: =[2]หน้าผ้า!J17 -> 0 | I8: =[2]หน้าผ้า!L17 -> 36 | J8: =[2]หน้าผ้า!M17 -> ± | K8: =[2]หน้าผ้า!N17 -> 5 | L8: =[2]หน้าผ้า!R17 -> 0 | M8: =[2]หน้าผ้า!T17 -> 0 | N8: =[2]หน้าผ้า!U17 -> 0 | O8: =[2]หน้าผ้า!V17 -> 0 | P8: =[2]หน้าผ้า!AB17 -> 0 | Q8: =[2]หน้าผ้า!AC17 -> 0 | R8: =[2]หน้าผ้า!AD17 -> 0 | S8: =[2]หน้าผ้า!Z17 -> 0 | T8: =[2]หน้าผ้า!X17 -> 0 | U8: =[2]หน้าผ้า!AA17 -> 0 | V8: =[2]หน้าผ้า!AJ17 -> 0 | W8: =[2]หน้าผ้า!AL17 -> 0 | X8: =[2]หน้าผ้า!AM17 -> 0 | Y8: =[2]หน้าผ้า!AN17 -> 0 | Z8: =[2]หน้าผ้า!AO17 -> WSWT1425800 | AA8: =[2]หน้าผ้า!AQ17 -> 6565.9 | AB8: =[2]หน้าผ้า!AR17 -> 1220 | AC8: =[2]หน้าผ้า!AS17 -> 5345.9 | AD8: =[2]หน้าผ้า!AT17 -> 1220 | AE8: =[2]หน้าผ้า!AU17 -> 5345.9 | AF8: =[2]หน้าผ้า!AI17 -> ระบุในSD | AG8: =[3]หน้าผ้า!DC20 -> พร้อมส่ง | AH8: =[2]หน้าผ้า!DL17 -> 0 | AI8: =[2]หน้าผ้า!DM17 -> Lead time | AJ8: =[2]หน้าผ้า!DN17 -> 0 | AK8: =[2]หน้าผ้า!DQ17 -> 0 | AL8: =[2]หน้าผ้า!DR17 -> 0 | AM8: =[2]หน้าผ้า!DS17 -> 0 | AN8: =[2]หน้าผ้า!DT17 -> 0 | AO8: =[2]หน้าผ้า!DU17 -> 0 | AP8: =[2]หน้าผ้า!DP17 -> 0 | AQ8: =[2]หน้าผ้า!DW17 -> 0 | AR8: =[2]หน้าผ้า!DX17 -> 0 | AS8: =[2]หน้าผ้า!DY17 -> 0 | AT8: =[2]หน้าผ้า!DZ17 -> 0 | AU8: =[2]หน้าผ้า!EA17 -> 0 | AV8: =[2]หน้าผ้า!EB17 -> 0 | AW8: =[2]หน้าผ้า!EC17 -> 0 | AX8: =[2]หน้าผ้า!ED17 -> 0 | AY8: =[2]หน้าผ้า!AG17 -> 0 | AZ8: =[2]หน้าผ้า!EG17 -> 0 | BA8: =[2]หน้าผ้า!EH17 -> 0 | BB8: =[2]หน้าผ้า!EI17 -> 0 | BC8: =[2]หน้าผ้า!BZ17 -> WRWT140800/WRWT25800 | BD8: =[2]หน้าผ้า!CA17 -> 0
A9: =[2]หน้าผ้า!C18 -> ประมาณการ | B9: =[2]หน้าผ้า!B18 -> ประมาณการ | C9: =[2]หน้าผ้า!E18 -> บจก.ซัน ซีเมนต์ โพรเซส | D9: =[2]หน้าผ้า!F18 -> พระอาทิตย์(ปูนนอน-ชริงค์) | E9: =[2]หน้าผ้า!G18 -> 16 | F9: =[2]หน้าผ้า!H18 -> 25 | G9: =[2]หน้าผ้า!I18 -> ขาว | H9: =[2]หน้าผ้า!J18 -> ใส | I9: =[2]หน้าผ้า!L18 -> 50 | J9: =[2]หน้าผ้า!M18 -> ± | K9: =[2]หน้าผ้า!N18 -> 5 | L9: =[2]หน้าผ้า!R18 -> บิด | M9: =[2]หน้าผ้า!T18 -> 19 | N9: =[2]หน้าผ้า!U18 -> 28 | O9: =[2]หน้าผ้า!V18 -> 40 | P9: =[2]หน้าผ้า!AB18 -> 65.624643 | Q9: =[2]หน้าผ้า!AC18 -> 0 | R9: =[2]หน้าผ้า!AD18 -> 65.624643 | S9: =[2]หน้าผ้า!Z18 -> 500กระสอบ | T9: =[2]หน้าผ้า!X18 -> รอแจ้ง | U9: =[2]หน้าผ้า!AA18 -> 5000 | V9: =[2]หน้าผ้า!AJ18 -> 0 | W9: =[2]หน้าผ้า!AL18 -> 5000 | X9: =[2]หน้าผ้า!AM18 -> 0 | Y9: =[2]หน้าผ้า!AN18 -> 5250 | Z9: =[2]หน้าผ้า!AO18 -> WSWT1625800SM | AA9: =[2]หน้าผ้า!AQ18 -> 3702.05 | AB9: =[2]หน้าผ้า!AR18 -> 3372 | AC9: =[2]หน้าผ้า!AS18 -> 330.05 | AD9: =[2]หน้าผ้า!AT18 -> 0 | AE9: =[2]หน้าผ้า!AU18 -> 3702.05 | AF9: =[2]หน้าผ้า!AI18 -> 0 | AG9: =[3]หน้าผ้า!DC21 -> พร้อมส่ง | AH9: =[2]หน้าผ้า!DL18 -> P8 | AI9: =[2]หน้าผ้า!DM18 -> 4 | AJ9: =[2]หน้าผ้า!DN18 -> รอแจ้ง | AK9: =[2]หน้าผ้า!DQ18 -> #VALUE! | AL9: =[2]หน้าผ้า!DR18 -> #VALUE! | AM9: =[2]หน้าผ้า!DS18 -> #VALUE! | AN9: =[2]หน้าผ้า!DT18 -> #VALUE! | AO9: =[2]หน้าผ้า!DU18 -> #VALUE! | AP9: =[2]หน้าผ้า!DP18 -> #VALUE! | AQ9: =[2]หน้าผ้า!DW18 -> #VALUE! | AR9: =[2]หน้าผ้า!DX18 -> 0 | AS9: =[2]หน้าผ้า!DY18 -> 0 | AT9: =[2]หน้าผ้า!DZ18 -> 0 | AU9: =[2]หน้าผ้า!EA18 -> 0 | AV9: =[2]หน้าผ้า!EB18 -> 0 | AW9: =[2]หน้าผ้า!EC18 -> งานเคลือบ+พิมพ์ | AX9: =[2]หน้าผ้า!ED18 -> รอART | AY9: =[2]หน้าผ้า!AG18 -> 0 | AZ9: =[2]หน้าผ้า!EG18 -> 0 | BA9: =[2]หน้าผ้า!EH18 -> 0 | BB9: =[2]หน้าผ้า!EI18 -> 0 | BC9: =[2]หน้าผ้า!BZ18 -> WRWT25800/WRWT25800 | BD9: =[2]หน้าผ้า!CA18 -> 18.776178
A10: =[2]หน้าผ้า!C19 -> 0 | B10: =[2]หน้าผ้า!B19 -> 0 | C10: =[2]หน้าผ้า!E19 -> 0 | D10: =[2]หน้าผ้า!F19 | E10: =[2]หน้าผ้า!G19 -> 16 | F10: =[2]หน้าผ้า!H19 -> 25 | G10: =[2]หน้าผ้า!I19 -> ขาว | H10: =[2]หน้าผ้า!J19 -> 0 | I10: =[2]หน้าผ้า!L19 -> 45 | J10: =[2]หน้าผ้า!M19 -> ± | K10: =[2]หน้าผ้า!N19 -> 5 | L10: =[2]หน้าผ้า!R19 -> 0 | M10: =[2]หน้าผ้า!T19 -> 0 | N10: =[2]หน้าผ้า!U19 -> 0 | O10: =[2]หน้าผ้า!V19 -> 0 | P10: =[2]หน้าผ้า!AB19 -> 0 | Q10: =[2]หน้าผ้า!AC19 -> 0 | R10: =[2]หน้าผ้า!AD19 -> 0 | S10: =[2]หน้าผ้า!Z19 -> 0 | T10: =[2]หน้าผ้า!X19 -> 0 | U10: =[2]หน้าผ้า!AA19 -> 0 | V10: =[2]หน้าผ้า!AJ19 -> 0 | W10: =[2]หน้าผ้า!AL19 -> 0 | X10: =[2]หน้าผ้า!AM19 -> 0 | Y10: =[2]หน้าผ้า!AN19 -> 0 | Z10: =[2]หน้าผ้า!AO19 -> WSWT1625800SM | AA10: =[2]หน้าผ้า!AQ19 -> 3702.05 | AB10: =[2]หน้าผ้า!AR19 -> 3372 | AC10: =[2]หน้าผ้า!AS19 -> 330.05 | AD10: =[2]หน้าผ้า!AT19 -> 0 | AE10: =[2]หน้าผ้า!AU19 -> 3702.05 | AF10: =[2]หน้าผ้า!AI19 -> ระบุในSD | AG10: =[3]หน้าผ้า!DC22 -> พิมพ์ไม่ครบ | AH10: =[2]หน้าผ้า!DL19 -> 0 | AI10: =[2]หน้าผ้า!DM19 -> Lead time | AJ10: =[2]หน้าผ้า!DN19 -> 0 | AK10: =[2]หน้าผ้า!DQ19 -> 0 | AL10: =[2]หน้าผ้า!DR19 -> 0 | AM10: =[2]หน้าผ้า!DS19 -> 0 | AN10: =[2]หน้าผ้า!DT19 -> 0 | AO10: =[2]หน้าผ้า!DU19 -> 0 | AP10: =[2]หน้าผ้า!DP19 -> 0 | AQ10: =[2]หน้าผ้า!DW19 -> 0 | AR10: =[2]หน้าผ้า!DX19 -> 0 | AS10: =[2]หน้าผ้า!DY19 -> 0 | AT10: =[2]หน้าผ้า!DZ19 -> 0 | AU10: =[2]หน้าผ้า!EA19 -> 0 | AV10: =[2]หน้าผ้า!EB19 -> 0 | AW10: =[2]หน้าผ้า!EC19 -> 0 | AX10: =[2]หน้าผ้า!ED19 -> 0 | AY10: =[2]หน้าผ้า!AG19 -> 0 | AZ10: =[2]หน้าผ้า!EG19 -> 0 | BA10: =[2]หน้าผ้า!EH19 -> 0 | BB10: =[2]หน้าผ้า!EI19 -> 0 | BC10: =[2]หน้าผ้า!BZ19 -> WRWT160800/WRWT25800 | BD10: =[2]หน้าผ้า!CA19 -> 0
A11: =[2]หน้าผ้า!C20 -> 0 | B11: =[2]หน้าผ้า!B20 -> 0 | C11: =[2]หน้าผ้า!E20 -> 0 | D11: =[2]หน้าผ้า!F20 -> 0 | E11: =[2]หน้าผ้า!G20 -> 16 | F11: =[2]หน้าผ้า!H20 -> 25 | G11: =[2]หน้าผ้า!I20 -> ขาว | H11: =[2]หน้าผ้า!J20 -> 0 | I11: =[2]หน้าผ้า!L20 -> 45 | J11: =[2]หน้าผ้า!M20 -> ± | K11: =[2]หน้าผ้า!N20 -> 5 | L11: =[2]หน้าผ้า!R20 -> 0 | M11: =[2]หน้าผ้า!T20 -> 0 | N11: =[2]หน้าผ้า!U20 -> 0 | O11: =[2]หน้าผ้า!V20 -> 0 | P11: =[2]หน้าผ้า!AB20 -> 0 | Q11: =[2]หน้าผ้า!AC20 -> 0 | R11: =[2]หน้าผ้า!AD20 -> 0 | S11: =[2]หน้าผ้า!Z20 -> 0 | T11: =[2]หน้าผ้า!X20 -> 0 | U11: =[2]หน้าผ้า!AA20 -> 0 | V11: =[2]หน้าผ้า!AJ20 -> 0 | W11: =[2]หน้าผ้า!AL20 -> 0 | X11: =[2]หน้าผ้า!AM20 -> 0 | Y11: =[2]หน้าผ้า!AN20 -> 0 | Z11: =[2]หน้าผ้า!AO20 -> WSWT1625800 | AA11: =[2]หน้าผ้า!AQ20 -> #REF! | AB11: =[2]หน้าผ้า!AR20 -> #REF! | AC11: =[2]หน้าผ้า!AS20 -> #REF! | AD11: =[2]หน้าผ้า!AT20 -> #REF! | AE11: =[2]หน้าผ้า!AU20 -> #REF! | AF11: =[2]หน้าผ้า!AI20 -> ระบุในSD | AG11: =[3]หน้าผ้า!DC23 -> พร้อมส่ง | AH11: =[2]หน้าผ้า!DL20 -> 0 | AI11: =[2]หน้าผ้า!DM20 -> Lead time | AJ11: =[2]หน้าผ้า!DN20 -> 0 | AK11: =[2]หน้าผ้า!DQ20 -> 0 | AL11: =[2]หน้าผ้า!DR20 -> 0 | AM11: =[2]หน้าผ้า!DS20 -> 0 | AN11: =[2]หน้าผ้า!DT20 -> 0 | AO11: =[2]หน้าผ้า!DU20 -> 0 | AP11: =[2]หน้าผ้า!DP20 -> 0 | AQ11: =[2]หน้าผ้า!DW20 -> 0 | AR11: =[2]หน้าผ้า!DX20 -> 0 | AS11: =[2]หน้าผ้า!DY20 -> 0 | AT11: =[2]หน้าผ้า!DZ20 -> 0 | AU11: =[2]หน้าผ้า!EA20 -> 0 | AV11: =[2]หน้าผ้า!EB20 -> 0 | AW11: =[2]หน้าผ้า!EC20 -> 0 | AX11: =[2]หน้าผ้า!ED20 -> 0 | AY11: =[2]หน้าผ้า!AG20 -> 0 | AZ11: =[2]หน้าผ้า!EG20 -> 0 | BA11: =[2]หน้าผ้า!EH20 -> 0 | BB11: =[2]หน้าผ้า!EI20 -> 0 | BC11: =[2]หน้าผ้า!BZ20 -> WRWT160800/WRWT25800 | BD11: =[2]หน้าผ้า!CA20 -> 0
A12: =[2]หน้าผ้า!C21 -> 0 | B12: =[2]หน้าผ้า!B21 -> 0 | C12: =[2]หน้าผ้า!E21 -> 0 | D12: =[2]หน้าผ้า!F21 -> 0 | E12: =[2]หน้าผ้า!G21 -> 16 | F12: =[2]หน้าผ้า!H21 -> 25 | G12: =[2]หน้าผ้า!I21 -> 0 | H12: =[2]หน้าผ้า!J21 -> 0 | I12: =[2]หน้าผ้า!L21 -> 47 | J12: =[2]หน้าผ้า!M21 -> ± | K12: =[2]หน้าผ้า!N21 -> 5 | L12: =[2]หน้าผ้า!R21 -> 0 | M12: =[2]หน้าผ้า!T21 -> 0 | N12: =[2]หน้าผ้า!U21 -> 0 | O12: =[2]หน้าผ้า!V21 -> 0 | P12: =[2]หน้าผ้า!AB21 -> 0 | Q12: =[2]หน้าผ้า!AC21 -> 0 | R12: =[2]หน้าผ้า!AD21 -> 0 | S12: =[2]หน้าผ้า!Z21 -> 0 | T12: =[2]หน้าผ้า!X21 -> 0 | U12: =[2]หน้าผ้า!AA21 -> 0 | V12: =[2]หน้าผ้า!AJ21 -> 0 | W12: =[2]หน้าผ้า!AL21 -> 0 | X12: =[2]หน้าผ้า!AM21 -> 0 | Y12: =[2]หน้าผ้า!AN21 -> 0 | Z12: =[2]หน้าผ้า!AO21 -> WSWT1621720SMFX | AA12: =[2]หน้าผ้า!AQ21 -> #REF! | AB12: =[2]หน้าผ้า!AR21 -> #REF! | AC12: =[2]หน้าผ้า!AS21 -> #REF! | AD12: =[2]หน้าผ้า!AT21 -> #REF! | AE12: =[2]หน้าผ้า!AU21 -> #REF! | AF12: =[2]หน้าผ้า!AI21 -> ระบุในSD | AG12: =[3]หน้าผ้า!DC24 -> ยังไม่ได้พิมพ์ | AH12: =[2]หน้าผ้า!DL21 -> 0 | AI12: =[2]หน้าผ้า!DM21 -> 0 | AJ12: =[2]หน้าผ้า!DN21 -> 0 | AK12: =[2]หน้าผ้า!DQ21 -> 0 | AL12: =[2]หน้าผ้า!DR21 -> 0 | AM12: =[2]หน้าผ้า!DS21 -> 0 | AN12: =[2]หน้าผ้า!DT21 -> 0 | AO12: =[2]หน้าผ้า!DU21 -> 0 | AP12: =[2]หน้าผ้า!DP21 -> 0 | AQ12: =[2]หน้าผ้า!DW21 -> 0 | AR12: =[2]หน้าผ้า!DX21 -> 0 | AS12: =[2]หน้าผ้า!DY21 -> 0 | AT12: =[2]หน้าผ้า!DZ21 -> 0 | AU12: =[2]หน้าผ้า!EA21 -> 0 | AV12: =[2]หน้าผ้า!EB21 -> 0 | AW12: =[2]หน้าผ้า!EC21 -> 0 | AX12: =[2]หน้าผ้า!ED21 -> 0 | AY12: =[2]หน้าผ้า!AG21 -> 0 | AZ12: =[2]หน้าผ้า!EG21 -> 0 | BA12: =[2]หน้าผ้า!EH21 -> 0 | BB12: =[2]หน้าผ้า!EI21 -> 0 | BC12: =[2]หน้าผ้า!BZ21 -> WRWT160720/WRWT21720 | BD12: =[2]หน้าผ้า!CA21 -> 0
A13: =[2]หน้าผ้า!C22 -> 45805 | B13: =[2]หน้าผ้า!B22 -> MK68-000717 | C13: =[2]หน้าผ้า!E22 -> บจก.โรงสีข้าวธัญญาวัฒน์ | D13: =[2]หน้าผ้า!F22 -> LUNG SHIN 12Kg. | E13: =[2]หน้าผ้า!G22 -> 17 | F13: =[2]หน้าผ้า!H22 -> 26 | G13: =[2]หน้าผ้า!I22 -> ขาว | H13: =[2]หน้าผ้า!J22 -> 0 | I13: =[2]หน้าผ้า!L22 -> 48 | J13: =[2]หน้าผ้า!M22 -> ± | K13: =[2]หน้าผ้า!N22 -> 5 | L13: =[2]หน้าผ้า!R22 -> ไม่ | M13: =[2]หน้าผ้า!T22 -> ไม่สวมถุงใน | N13: =[2]หน้าผ้า!U22 -> 0 | O13: =[2]หน้าผ้า!V22 -> 0 | P13: =[2]หน้าผ้า!AB22 -> 0 | Q13: =[2]หน้าผ้า!AC22 -> 0 | R13: =[2]หน้าผ้า!AD22 -> 0 | S13: =[2]หน้าผ้า!Z22 -> 500กระสอบแบน | T13: =[2]หน้าผ้า!X22 -> 45813 | U13: =[2]หน้าผ้า!AA22 -> 10200 | V13: =[2]หน้าผ้า!AJ22 -> 0 | W13: =[2]หน้าผ้า!AL22 -> 10200 | X13: =[2]หน้าผ้า!AM22 -> 9000 | Y13: =[2]หน้าผ้า!AN22 -> 1260 | Z13: =[2]หน้าผ้า!AO22 -> WSWT1725800 | AA13: =[2]หน้าผ้า!AQ22 -> 968.121 | AB13: =[2]หน้าผ้า!AR22 -> 968.121 | AC13: =[2]หน้าผ้า!AS22 -> 0 | AD13: =[2]หน้าผ้า!AT22 -> 0 | AE13: =[2]หน้าผ้า!AU22 -> 0 | AF13: =[2]หน้าผ้า!AI22 -> 0 | AG13: =[3]หน้าผ้า!DC25 -> พร้อมส่ง | AH13: =[2]หน้าผ้า!DL22 -> P7 | AI13: =[2]หน้าผ้า!DM22 -> 2 | AJ13: =[2]หน้าผ้า!DN22 -> 45813 | AK13: =[2]หน้าผ้า!DQ22 -> 0 | AL13: =[2]หน้าผ้า!DR22 -> 45804 | AM13: =[2]หน้าผ้า!DS22 -> 45811 | AN13: =[2]หน้าผ้า!DT22 -> 45812 | AO13: =[2]หน้าผ้า!DU22 -> 45812 | AP13: =[2]หน้าผ้า!DP22 -> 45808 | AQ13: =[2]หน้าผ้า!DW22 -> 0 | AR13: =[2]หน้าผ้า!DX22 -> 0 | AS13: =[2]หน้าผ้า!DY22 -> 0 | AT13: =[2]หน้าผ้า!DZ22 -> 0 | AU13: =[2]หน้าผ้า!EA22 -> 0 | AV13: =[2]หน้าผ้า!EB22 -> 0 | AW13: =[2]หน้าผ้า!EC22 -> งานพิมพ์ | AX13: =[2]หน้าผ้า!ED22 -> รอART | AY13: =[2]หน้าผ้า!AG22 -> 0 | AZ13: =[2]หน้าผ้า!EG22 -> 0 | BA13: =[2]หน้าผ้า!EH22 -> 0 | BB13: =[2]หน้าผ้า!EI22 -> 0 | BC13: =[2]หน้าผ้า!BZ22 -> WRWT25800/WRWT25800 | BD13: =[2]หน้าผ้า!CA22 -> 0
A14: =[2]หน้าผ้า!C23 -> 0 | B14: =[2]หน้าผ้า!B23 -> 0 | C14: =[2]หน้าผ้า!E23 -> 0 | D14: =[2]หน้าผ้า!F23 -> 0 | E14: =[2]หน้าผ้า!G23 -> 17 | F14: =[2]หน้าผ้า!H23 -> 26 | G14: =[2]หน้าผ้า!I23 -> 0 | H14: =[2]หน้าผ้า!J23 -> 0 | I14: =[2]หน้าผ้า!L23 -> 48 | J14: =[2]หน้าผ้า!M23 -> ± | K14: =[2]หน้าผ้า!N23 -> 5 | L14: =[2]หน้าผ้า!R23 -> 0 | M14: =[2]หน้าผ้า!T23 -> 0 | N14: =[2]หน้าผ้า!U23 -> 0 | O14: =[2]หน้าผ้า!V23 -> 0 | P14: =[2]หน้าผ้า!AB23 -> 0 | Q14: =[2]หน้าผ้า!AC23 -> 0 | R14: =[2]หน้าผ้า!AD23 -> 0 | S14: =[2]หน้าผ้า!Z23 -> 0 | T14: =[2]หน้าผ้า!X23 -> 0 | U14: =[2]หน้าผ้า!AA23 -> 0 | V14: =[2]หน้าผ้า!AJ23 -> 0 | W14: =[2]หน้าผ้า!AL23 -> 0 | X14: =[2]หน้าผ้า!AM23 -> 0 | Y14: =[2]หน้าผ้า!AN23 -> 0 | Z14: =[2]หน้าผ้า!AO23 -> WSWT1725800 | AA14: =[2]หน้าผ้า!AQ23 -> 968.121 | AB14: =[2]หน้าผ้า!AR23 -> 968.121 | AC14: =[2]หน้าผ้า!AS23 -> 0 | AD14: =[2]หน้าผ้า!AT23 -> 0 | AE14: =[2]หน้าผ้า!AU23 -> 0 | AF14: =[2]หน้าผ้า!AI23 -> ระบุในSD | AG14: =[3]หน้าผ้า!DC26 -> ยังไม่ได้พิมพ์ | AH14: =[2]หน้าผ้า!DL23 -> 0 | AI14: =[2]หน้าผ้า!DM23 -> 0 | AJ14: =[2]หน้าผ้า!DN23 -> 0 | AK14: =[2]หน้าผ้า!DQ23 -> 0 | AL14: =[2]หน้าผ้า!DR23 -> 0 | AM14: =[2]หน้าผ้า!DS23 -> 0 | AN14: =[2]หน้าผ้า!DT23 -> 0 | AO14: =[2]หน้าผ้า!DU23 -> 0 | AP14: =[2]หน้าผ้า!DP23 -> 0 | AQ14: =[2]หน้าผ้า!DW23 -> 0 | AR14: =[2]หน้าผ้า!DX23 -> 0 | AS14: =[2]หน้าผ้า!DY23 -> 0 | AT14: =[2]หน้าผ้า!DZ23 -> 0 | AU14: =[2]หน้าผ้า!EA23 -> 0 | AV14: =[2]หน้าผ้า!EB23 -> 0 | AW14: =[2]หน้าผ้า!EC23 -> 0 | AX14: =[2]หน้าผ้า!ED23 -> 0 | AY14: =[2]หน้าผ้า!AG23 -> 0 | AZ14: =[2]หน้าผ้า!EG23 -> 0 | BA14: =[2]หน้าผ้า!EH23 -> 0 | BB14: =[2]หน้าผ้า!EI23 -> 0 | BC14: =[2]หน้าผ้า!BZ23 -> WRWT170800/WRWT25800 | BD14: =[2]หน้าผ้า!CA23 -> 0
A15: =[2]หน้าผ้า!C24 -> ประมาณการ | B15: =[2]หน้าผ้า!B24 -> ประมาณการ | C15: =[2]หน้าผ้า!E24 -> บจก.ฟาร์เธอร์ส วิง ซัพพลาย | D15: =[2]หน้าผ้า!F24 -> รถไฟ | E15: =[2]หน้าผ้า!G24 -> 18 | F15: =[2]หน้าผ้า!H24 -> 30 | G15: =[2]หน้าผ้า!I24 -> ขาว | H15: =[2]หน้าผ้า!J24 -> 0 | I15: =[2]หน้าผ้า!L24 -> 54 | J15: =[2]หน้าผ้า!M24 -> ± | K15: =[2]หน้าผ้า!N24 -> 5 | L15: =[2]หน้าผ้า!R24 -> บิด | M15: =[2]หน้าผ้า!T24 -> 19 | N15: =[2]หน้าผ้า!U24 -> 33 | O15: =[2]หน้าผ้า!V24 -> 40 | P15: =[2]หน้าผ้า!AB24 -> 232.02999 | Q15: =[2]หน้าผ้า!AC24 -> 0 | R15: =[2]หน้าผ้า!AD24 -> 232.02999 | S15: =[2]หน้าผ้า!Z24 -> 500กระสอบ | T15: =[2]หน้าผ้า!X24 -> 45838 | U15: =[2]หน้าผ้า!AA24 -> 15000 | V15: =[2]หน้าผ้า!AJ24 -> 0 | W15: =[2]หน้าผ้า!AL24 -> 15000 | X15: =[2]หน้าผ้า!AM24 -> 0 | Y15: =[2]หน้าผ้า!AN24 -> 15750 | Z15: =[2]หน้าผ้า!AO24 -> WSWT1825800 | AA15: =[2]หน้าผ้า!AQ24 -> 13201.65 | AB15: =[2]หน้าผ้า!AR24 -> 6301 | AC15: =[2]หน้าผ้า!AS24 -> 6900.65 | AD15: =[2]หน้าผ้า!AT24 -> 0 | AE15: =[2]หน้าผ้า!AU24 -> 0 | AF15: =[2]หน้าผ้า!AI24 -> 0 | AG15: =[3]หน้าผ้า!DC27 -> ยังไม่ได้พิมพ์ | AH15: =[2]หน้าผ้า!DL24 -> P9 | AI15: =[2]หน้าผ้า!DM24 -> 3 | AJ15: =[2]หน้าผ้า!DN24 -> 45838 | AK15: =[2]หน้าผ้า!DQ24 -> 0 | AL15: =[2]หน้าผ้า!DR24 -> 45828 | AM15: =[2]หน้าผ้า!DS24 -> 45835 | AN15: =[2]หน้าผ้า!DT24 -> 45836 | AO15: =[2]หน้าผ้า!DU24 -> 45836 | AP15: =[2]หน้าผ้า!DP24 -> 45833 | AQ15: =[2]หน้าผ้า!DW24 -> 45837 | AR15: =[2]หน้าผ้า!DX24 -> 0 | AS15: =[2]หน้าผ้า!DY24 -> 0 | AT15: =[2]หน้าผ้า!DZ24 -> 0 | AU15: =[2]หน้าผ้า!EA24 -> 0 | AV15: =[2]หน้าผ้า!EB24 -> 0 | AW15: =[2]หน้าผ้า!EC24 -> งานพิมพ์ | AX15: =[2]หน้าผ้า!ED24 -> รอART | AY15: =[2]หน้าผ้า!AG24 -> 0 | AZ15: =[2]หน้าผ้า!EG24 -> 0 | BA15: =[2]หน้าผ้า!EH24 -> 0 | BB15: =[2]หน้าผ้า!EI24 -> 0 | BC15: =[2]หน้าผ้า!BZ24 -> WRWT25800/WRWT25800 | BD15: =[2]หน้าผ้า!CA24 -> 474.76472
A16: =[2]หน้าผ้า!C25 -> 0 | B16: =[2]หน้าผ้า!B25 -> 0 | C16: =[2]หน้าผ้า!E25 | D16: =[2]หน้าผ้า!F25 | E16: =[2]หน้าผ้า!G25 -> 18 | F16: =[2]หน้าผ้า!H25 -> 30 | G16: =[2]หน้าผ้า!I25 -> ขาว | H16: =[2]หน้าผ้า!J25 -> 0 | I16: =[2]หน้าผ้า!L25 -> 54 | J16: =[2]หน้าผ้า!M25 -> ± | K16: =[2]หน้าผ้า!N25 -> 5 | L16: =[2]หน้าผ้า!R25 -> 0 | M16: =[2]หน้าผ้า!T25 -> 0 | N16: =[2]หน้าผ้า!U25 -> 0 | O16: =[2]หน้าผ้า!V25 -> 0 | P16: =[2]หน้าผ้า!AB25 -> 0 | Q16: =[2]หน้าผ้า!AC25 -> 0 | R16: =[2]หน้าผ้า!AD25 -> 0 | S16: =[2]หน้าผ้า!Z25 -> 0 | T16: =[2]หน้าผ้า!X25 -> 0 | U16: =[2]หน้าผ้า!AA25 -> 0 | V16: =[2]หน้าผ้า!AJ25 -> 0 | W16: =[2]หน้าผ้า!AL25 -> 0 | X16: =[2]หน้าผ้า!AM25 -> 0 | Y16: =[2]หน้าผ้า!AN25 -> 0 | Z16: =[2]หน้าผ้า!AO25 -> WSWT1825800 | AA16: =[2]หน้าผ้า!AQ25 -> 13201.65 | AB16: =[2]หน้าผ้า!AR25 -> 6301 | AC16: =[2]หน้าผ้า!AS25 -> 6900.65 | AD16: =[2]หน้าผ้า!AT25 -> 0 | AE16: =[2]หน้าผ้า!AU25 -> 0 | AF16: =[2]หน้าผ้า!AI25 -> ระบุในSD | AG16: =[3]หน้าผ้า!DC28 -> ยังไม่ได้พิมพ์ | AH16: =[2]หน้าผ้า!DL25 -> 0 | AI16: =[2]หน้าผ้า!DM25 -> Lead time | AJ16: =[2]หน้าผ้า!DN25 -> 0 | AK16: =[2]หน้าผ้า!DQ25 -> 0 | AL16: =[2]หน้าผ้า!DR25 -> 0 | AM16: =[2]หน้าผ้า!DS25 -> 0 | AN16: =[2]หน้าผ้า!DT25 -> 0 | AO16: =[2]หน้าผ้า!DU25 -> 0 | AP16: =[2]หน้าผ้า!DP25 -> 0 | AQ16: =[2]หน้าผ้า!DW25 -> 0 | AR16: =[2]หน้าผ้า!DX25 -> 0 | AS16: =[2]หน้าผ้า!DY25 -> 0 | AT16: =[2]หน้าผ้า!DZ25 -> 0 | AU16: =[2]หน้าผ้า!EA25 -> 0 | AV16: =[2]หน้าผ้า!EB25 -> 0 | AW16: =[2]หน้าผ้า!EC25 -> 0 | AX16: =[2]หน้าผ้า!ED25 -> 0 | AY16: =[2]หน้าผ้า!AG25 -> 0 | AZ16: =[2]หน้าผ้า!EG25 -> 0 | BA16: =[2]หน้าผ้า!EH25 -> 0 | BB16: =[2]หน้าผ้า!EI25 -> 0 | BC16: =[2]หน้าผ้า!BZ25 -> WRWT25800/WRWT25800 | BD16: =[2]หน้าผ้า!CA25 -> 0
A17: =[2]หน้าผ้า!C26 -> 45797 | B17: =[2]หน้าผ้า!B26 -> MK68-000686 | C17: =[2]หน้าผ้า!E26 -> บจก.ซิเบลโก้ | D17: =[2]หน้าผ้า!F26 -> PORTARYTE | E17: =[2]หน้าผ้า!G26 -> 18 | F17: =[2]หน้าผ้า!H26 -> 30 | G17: =[2]หน้าผ้า!I26 -> ขาว | H17: =[2]หน้าผ้า!J26 -> ใส | I17: =[2]หน้าผ้า!L26 -> 74 | J17: =[2]หน้าผ้า!M26 -> ± | K17: =[2]หน้าผ้า!N26 -> 5 | L17: =[2]หน้าผ้า!R26 -> ไม่ | M17: =[2]หน้าผ้า!T26 -> ไม่สวมถุงใน | N17: =[2]หน้าผ้า!U26 -> 0 | O17: =[2]หน้าผ้า!V26 -> 0 | P17: =[2]หน้าผ้า!AB26 -> 0 | Q17: =[2]หน้าผ้า!AC26 -> 0 | R17: =[2]หน้าผ้า!AD26 -> 0 | S17: =[2]หน้าผ้า!Z26 -> 500กระสอบ | T17: =[2]หน้าผ้า!X26 -> 45813 | U17: =[2]หน้าผ้า!AA26 -> 10000 | V17: =[2]หน้าผ้า!AJ26 -> 0 | W17: =[2]หน้าผ้า!AL26 -> 10000 | X17: =[2]หน้าผ้า!AM26 -> 0 | Y17: =[2]หน้าผ้า!AN26 -> 10500 | Z17: =[2]หน้าผ้า!AO26 -> WSWT1825800SM | AA17: =[2]หน้าผ้า!AQ26 -> 8801.1 | AB17: =[2]หน้าผ้า!AR26 -> 8801.1 | AC17: =[2]หน้าผ้า!AS26 -> 0 | AD17: =[2]หน้าผ้า!AT26 -> 0 | AE17: =[2]หน้าผ้า!AU26 -> 8801.1 | AF17: =[2]หน้าผ้า!AI26 -> ห้ามเกิน-ขาดได้5% | AG17: =[3]หน้าผ้า!DC29 -> ยังไม่ได้พิมพ์ | AH17: =[2]หน้าผ้า!DL26 -> P6 | AI17: =[2]หน้าผ้า!DM26 -> 4 | AJ17: =[2]หน้าผ้า!DN26 -> 45813 | AK17: =[2]หน้าผ้า!DQ26 -> 45809 | AL17: =[2]หน้าผ้า!DR26 -> 45802 | AM17: =[2]หน้าผ้า!DS26 -> 45810 | AN17: =[2]หน้าผ้า!DT26 -> 45811 | AO17: =[2]หน้าผ้า!DU26 -> 45812 | AP17: =[2]หน้าผ้า!DP26 -> 45808 | AQ17: =[2]หน้าผ้า!DW26 -> 0 | AR17: =[2]หน้าผ้า!DX26 -> 0 | AS17: =[2]หน้าผ้า!DY26 -> 0 | AT17: =[2]หน้าผ้า!DZ26 -> 0 | AU17: =[2]หน้าผ้า!EA26 -> 0 | AV17: =[2]หน้าผ้า!EB26 -> 0 | AW17: =[2]หน้าผ้า!EC26 -> งานเคลือบ+พิมพ์ | AX17: =[2]หน้าผ้า!ED26 -> / | AY17: =[2]หน้าผ้า!AG26 -> 0 | AZ17: =[2]หน้าผ้า!EG26 -> 0 | BA17: =[2]หน้าผ้า!EH26 -> 0 | BB17: =[2]หน้าผ้า!EI26 -> 0 | BC17: =[2]หน้าผ้า!BZ26 -> WRWT25800/WRWT25800 | BD17: =[2]หน้าผ้า!CA26 -> 0
... A575: =[2]หน้าผ้า!C584 -> 0 | B575: =[2]หน้าผ้า!B584 -> 0 | C575: =[2]หน้าผ้า!E584 -> 0 | D575: =[2]หน้าผ้า!F584 -> 0 | E575: =[2]หน้าผ้า!G584 -> 0 | F575: =[2]หน้าผ้า!H584 -> 0 | G575: =[2]หน้าผ้า!I584 -> 0 | H575: =[2]หน้าผ้า!J584 -> 0 | I575: =[2]หน้าผ้า!L584 -> 0 | J575: =[2]หน้าผ้า!M584 -> 0 | K575: =[2]หน้าผ้า!N584 -> 0 | L575: =[2]หน้าผ้า!R584 -> 0 | M575: =[2]หน้าผ้า!T584 -> 0 | N575: =[2]หน้าผ้า!U584 -> 0 | O575: =[2]หน้าผ้า!V584 -> 0 | P575: =[2]หน้าผ้า!AB584 -> 0 | Q575: =[2]หน้าผ้า!AC584 -> 0 | R575: =[2]หน้าผ้า!AD584 -> 0 | S575: =[2]หน้าผ้า!Z584 -> 0 | T575: =[2]หน้าผ้า!X584 -> 0 | U575: =[2]หน้าผ้า!AA584 -> 0 | V575: =[2]หน้าผ้า!AJ584 -> 0 | W575: =[2]หน้าผ้า!AL584 -> 0 | X575: =[2]หน้าผ้า!AM584 -> 0 | Y575: =[2]หน้าผ้า!AN584 -> 0 | Z575: =[2]หน้าผ้า!AO584 -> 0 | AA575: =[2]หน้าผ้า!AQ584 -> 0 | AB575: =[2]หน้าผ้า!AR584 -> 0 | AC575: =[2]หน้าผ้า!AS584 -> 0 | AD575: =[2]หน้าผ้า!AT584 -> 0 | AE575: =[2]หน้าผ้า!AU584 -> 0 | AF575: =[2]หน้าผ้า!AI584 -> 0 | AG575: =[3]หน้าผ้า!DC587 -> 0 | AH575: =[2]หน้าผ้า!DL584 -> 0 | AI575: =[2]หน้าผ้า!DM584 -> 0 | AJ575: =[2]หน้าผ้า!DN584 -> 0 | AK575: =[2]หน้าผ้า!DQ584 -> 0 | AL575: =[2]หน้าผ้า!DR584 -> 0 | AM575: =[2]หน้าผ้า!DS584 -> 0 | AN575: =[2]หน้าผ้า!DT584 -> 0 | AO575: =[2]หน้าผ้า!DU584 -> 0 | AP575: =[2]หน้าผ้า!DP584 -> 0 | AQ575: =[2]หน้าผ้า!DW584 -> 0 | AR575: =[2]หน้าผ้า!DX584 -> 0 | AS575: =[2]หน้าผ้า!DY584 -> 0 | AT575: =[2]หน้าผ้า!DZ584 -> 0 | AU575: =[2]หน้าผ้า!EA584 -> 0 | AV575: =[2]หน้าผ้า!EB584 -> 0 | AW575: =[2]หน้าผ้า!EC584 -> 0 | AX575: =[2]หน้าผ้า!ED584 -> 0 | AY575: =[2]หน้าผ้า!AG584 -> 0 | AZ575: =[2]หน้าผ้า!EG584 -> 0 | BA575: =[2]หน้าผ้า!EH584 -> 0 | BB575: =[2]หน้าผ้า!EI584 -> 0 | BC575: =[2]หน้าผ้า!BZ584 -> 0 | BD575: =[2]หน้าผ้า!CA584 -> 0

Sheet 4(Order+FC) (-4)
A2: เลขที่ SO | B2: (หลายรายการ)
A3: วันส่ง | B3: รอแจ้ง
A4: ชื่อลูกค้า | B4: (ทั้งหมด)
A6: ประเภท | B6: ผลรวม ของ จำนวนส่ง | C6: ผลรวม ของ ค้างพิมพ์ | D6: ผลรวม ของ ค้างตัด | E6: ผลรวม ของ Stock | F6: ผลรวม ของ ใช้ | G6: ผลรวม ของ ค้างทอ
A7: WSWT1625800SM | B7: 5000 | C7: 5250 | D7: 5000 | E7: 3372 | F7: 3702.05 | G7: 330.05 | H7: =+J7-I7 -> 330.05 | J7: =G7 -> 330.05
A8: WSWT1825800SM | B8: 10000 | C8: 10500 | D8: 10000 | E8: 3198 | F8: 8801.1 | G8: 5603.1 | H8: =+J8-I8 -> 5603.1 | J8: =G8 -> 5603.1
A9: WSWT1921720 | B9: 600000 | C9: 630000 | D9: 600000 | E9: 0 | F9: 528066 | G9: 528066 | H9: =+J9-I9 -> 528066 | J9: =G9 -> 528066
A10: WSWT1925800 | B10: 10000 | C10: 10500 | D10: 10000 | E10: 0 | F10: 9359.9 | G10: 9359.9 | H10: =+J10-I10 -> 9359.9 | J10: =G10 -> 9359.9
A11: WSWT2025700 | B11: 50000 | C11: 0 | D11: 50000 | E11: 9009 | F11: 55181.5 | G11: 46172.5 | H11: =+J11-I11 -> 46172.5 | J11: =G11 -> 46172.5
A12: WSWT2025800 | B12: 110000 | C12: 115500 | D12: 110000 | E12: 0 | F12: 115252.5 | G12: 115252.5 | H12: =+J12-I12 -> 115252.5 | J12: =G12 -> 115252.5
A13: WSWT2025800SM | B13: 69250 | C13: 66150 | D13: 69183 | E13: 0 | F13: 68578.73 | G13: 68578.73 | H13: =+J13-I13 -> 68578.73 | J13: =G13 -> 68578.73
A14: WSWT2121670SM | B14: 71000 | C14: 74550 | D14: 71000 | E14: 0 | F14: 77743.05 | G14: 77743.05 | H14: =+J14-I14 -> 77743.05 | J14: =G14 -> 77743.05
A15: WSWT2321112512551 | B15: 106278 | C15: 111591.9 | D15: 106278 | E15: 0 | F15: 114322.18 | G15: 114322.18 | H15: =+J15-I15 -> 114322.18 | J15: =G15 -> 114322.18
A16: WSWT2625650 | B16: 50000 | C16: 10500 | D16: 50000 | E16: 0 | F16: 60490.1 | G16: 60490.1 | H16: =+J16-I16 -> 60490.1 | J16: =G16 -> 60490.1
A17: WSWT2625800 | B17: 30000 | C17: 0 | D17: 30000 | E17: 6278 | F17: 37299.9 | G17: 31021.9 | H17: 0 | I17: 160000 | J17: =G17 -> 31021.9
A18: WSWT2625850SM | B18: 20000 | C18: 21000 | D18: 20000 | E18: 7700 | F18: 24866.6 | G18: 17166.6 | H18: =+J18-I18 -> 17166.6 | J18: =G18 -> 17166.6
A19: ผลรวมทั้งหมด | B19: 1131528 | C19: 1055541.9 | D19: 1131461 | E19: 29557 | F19: 1103663.6 | G19: 1074106.6 | H19: =+J19-I19 -> 1074106.6 | J19: =G19 -> 1074106.6
H20: =+J20-I20 -> 0 | J20: =G20 -> 0
H21: =+J21-I21 -> 0 | J21: =G21 -> 0
H22: =+J22-I22 -> 0 | J22: =G22 -> 0
H23: =+J23-I23 -> 0 | J23: =G23 -> 0
H24: =+J24-I24 -> 0 | J24: =G24 -> 0
H25: =+J25-I25 -> 0 | J25: =G25 -> 0
H27: =SUM(H8:H25) -> 2116861.3 | J27: =SUM(J8:J25) -> 2147883.2
M28: =+GETPIVOTDATA("ผลรวม ของ ใช้",$A$6)+H29+H31 -> 1193663.6
H30: =+H27 -> 2116861.3
A31: กรม | B31: 70000 | C31: 70000 | D31: 70000 | G31: 90000 | H31: 90000 | I31: 95 | J31: =+H31*I31 -> 8550000 | K31: =+J31/1000 -> 8550
G33: 160000 | H33: =+H29+H30 -> 2116861.3 | I33: 85 | J33: =+H33*I33 -> 1.7993321e+08 | K33: =+J33/1000 -> 179933.21
H34: =+H30+H31+H29 -> 2206861.3
H35: 15 | I35: =+H34/H35 -> 147124.08 | K35: =+K33+K31 -> 188483.21
N36: 705222
A37: ยอดส่ง 1/2/68 - 10/2/68 | B37: 817879 | I37: =+H35*100000 -> 1500000
N38: =+H34+N36 -> 2912083.3
H39: 16 | I39: =+H39*90000 -> 1440000
B41: =+B26+B37+B31 -> 887879 | C41: =+C26+C37+C31 -> 70000 | D41: =+D26+D37+D31 -> 70000 | E41: =+E26+E37+E31 -> 0 | F41: =+F26+F37+F31 -> 0
B43: 2992955
B45: =+B43-B41 -> 2105076 | C45: =+C32+($B$45*1) -> 2105076 | D45: =+D32+($B$45*1) -> 2105076 | E45: =+E31+($B$45*1) -> 2105076 | F45: =+F30+($B$45*1) -> 2105076 | G45: =+G30+($B$45*1) -> 2105076
C47: =+C41/13 -> 5384.6154 | D47: =+D41/15 -> 4666.6667
B49: 16 | C49: 135000 | D49: 135000
C50: =+B49*C49 -> 2160000 | D50: =+B49*D49 -> 2160000
C52: =+C50-C41 -> 2090000 | D52: =+D50-D41 -> 2090000
C55: 1681138.9
C57: =+C41-C55 -> -1611138.9
C59: =+C50-C41 -> 2090000

Sheet 4(Order+FC)
A2: เลขที่ SO | B2: (หลายรายการ)
A3: วันส่ง | B3: (หลายรายการ)
A4: ชื่อลูกค้า | B4: (ทั้งหมด)
K5: 9
A6: ประเภท | B6: ผลรวม ของ จำนวนส่ง | C6: ผลรวม ของ ค้างพิมพ์ | D6: ผลรวม ของ ค้างตัด | E6: ผลรวม ของ ใช้ | F6: ผลรวม ของ Stock | G6: ผลรวม ของ ค้างทอ
A7: WSWT1625800 | B7: 10000 | C7: 0 | D7: 10000 | E7: 0 | F7: 0 | G7: 0 | H7: =+J7-I7 -> 0 | J7: =G7 -> 0
A8: WSWT1921720 | B8: 90000 | C8: 41976.9 | D8: 74828 | E8: 40423.788 | F8: 8801.1 | G8: 31622.688 | H8: =+J8-I8 -> 31622.688 | J8: =G8 -> 31622.688
A9: WSWT1925800 | B9: 118000 | C9: 54869.85 | D9: 118000 | E9: 45972.484 | F9: 8242.3 | G9: 37730.184 | H9: =+J9-I9 -> 37730.184 | J9: =G9 -> 37730.184
A10: WSWT2025700 | B10: 10000 | C10: 0 | D10: 10000 | E10: 8801.1 | F10: 0 | G10: 8801.1 | H10: =+J10-I10 -> 8801.1 | J10: =G10 -> 8801.1
A11: WSWT2025800 | B11: 193960 | C11: 70687.05 | D11: 193960 | E11: 74062.357 | F11: 50571 | G11: 23491.357 | H11: =+J11-I11 -> 23491.357 | J11: =G11 -> 23491.357
A12: WSWT2025800SM | B12: 142160 | C12: 123783.45 | D12: 139160 | E12: 123659.07 | F12: 74605.09 | G12: 49053.98 | H12: =+J12-I12 -> 49053.98 | J12: =G12 -> 49053.98 | K12: 40000 | L12: =+K5*K12 -> 360000 | M12: =+L12-J12 -> 310946.02
A13: WSWT2121670SM | B13: 82000 | C13: 54153.75 | D13: 79000 | E13: 55670.991 | F13: 17415.391 | G13: 38255.6 | H13: =+J13-I13 -> 38255.6 | J13: =G13 -> 38255.6 | K13: 14000 | L13: =+K13*K5 -> 126000 | M13: =+L13-J13 -> 87744.4
A14: WSWT2321750 | B14: 8000 | C14: 0 | D14: 8000 | E14: 0 | F14: 0 | G14: 0 | H14: =+J14-I14 -> 0 | J14: =G14 -> 0
A15: WSWT2325650 | B15: 40000 | C15: 0 | D15: 40000 | E15: 0 | F15: 0 | G15: 0 | H15: =+J15-I15 -> 0 | J15: =G15 -> 0 | K15: 20000 | L15: =+K15*K5 -> 180000 | M15: =+L15-J15 -> 180000
A16: WSWT2625650 | B16: 12563 | C16: 8400 | D16: 8000 | E16: 9499.6 | F16: 6749.8 | G16: 2749.8 | H16: =+J16-I16 -> 2749.8 | J16: =G16 -> 2749.8
A17: WSWT2625850SM | B17: 10000 | C17: 0 | D17: 10000 | E17: 0 | F17: 0 | G17: 0 | H17: =+J17-I17 -> 0 | J17: =G17 -> 0
A18: WSWT2825850 | B18: 31500 | C18: 0 | D18: 10500 | E18: 0 | F18: 0 | G18: 0 | H18: =+J18-I18 -> 0 | J18: =G18 -> 0
A19: ผลรวมทั้งหมด | B19: 748183 | C19: 353871 | D19: 701448 | E19: 358089.39 | F19: 166384.68 | G19: 191704.71 | H19: 0 | I19: 54000 | J19: =G19 -> 191704.71
H20: =+J20-I20 -> 0 | J20: =G20 -> 0
H21: =+J21-I21 -> 0 | J21: =G21 -> 0
H22: =+J22-I22 -> 0 | J22: =G22 -> 0
H23: =+J23-I23 -> 0 | J23: =G23 -> 0
H24: =+J24-I24 -> 0 | J24: =G24 -> 0
H25: =+J25-I25 -> 0 | J25: =G25 -> 0
H26: =+J26-I26 -> 0 | J26: =G26 -> 0
H27: =+J27-I27 -> 0 | J27: =G27 -> 0
H28: =+J28-I28 -> 0 | J28: =G28 -> 0 | M28: =+GETPIVOTDATA("ผลรวม ของ ใช้",$A$6)+H29+H33 -> 639794.1
H29: =SUM(H7:H28) -> 191704.71 | I29: =SUM(I7:I28) -> 54000 | J29: =SUM(J7:J28) -> 383409.42
H32: =+H26 -> 0 | I32: 85 | J32: =+(H32+H29)*I32 -> 16294900 | K32: =+J32/1000 -> 16294.9
H33: 90000 | I33: 95 | J33: =+H33*I33 -> 8550000 | K33: =+J33/1000 -> 8550
H35: =+H32+H33+H29 -> 281704.71 | K35: =+K32+K33 -> 24844.9
N36: 705222
A37: ยอดส่ง 1/2/68 - 17/2/68 | B37: 1565717 | H37: 15 | I37: =+H35/H37 -> 18780.314
N38: =+H35+N36 -> 986926.71
I39: =+H37*110000 -> 1650000
B41: =+B29+B37+B31-110000 -> 1455717 | C41: =+C29+C37+C31 -> 0 | D41: =+D29+D37+D31-110000 -> -110000 | E41: =+E29+E37+E31 -> 0 | F41: =+F29+F37+F31 -> 0 | G41: =+G29+G37+G31 -> 0
B43: 3218150
B45: =+B43-B41 -> 1762433
C47: =+C41/9 -> 0 | D47: =+D41/9 -> -12222.222

Sheet 4(Order)
A2: เลขที่ SO | B2: (หลายรายการ)
A3: วันส่ง | B3: (หลายรายการ)
A4: ชื่อลูกค้า | B4: (ทั้งหมด)
A6: ประเภท | B6: ผลรวม ของ จำนวนส่ง | C6: ผลรวม ของ ค้างพิมพ์ | D6: ผลรวม ของ ค้างตัด | E6: ผลรวม ของ ใช้ | F6: ผลรวม ของ Stock | G6: ผลรวม ของ ค้างทอ
A7: WSWT1725800 | B7: 24200 | C7: 25410 | D7: 24200 | E7: 18594.07 | F7: 15615 | G7: 2979.07 | I7: =+K7-J7 -> 2979.07 | K7: =G7 -> 2979.07
A8: WSWT1921720 | B8: 75000 | C8: 30846.9 | D8: 59828 | E8: 31508.273 | F8: 0 | G8: 31508.273 | I8: =+K8-J8 -> 31508.273 | K8: =G8 -> 31508.273
A9: WSWT1925800 | B9: 101500 | C9: 43913.1 | D9: 63322 | E9: 36807.96 | F9: 2500 | G9: 34307.96 | I9: =+K9-J9 -> 34307.96 | K9: =G9 -> 34307.96
A10: WSWT2025700 | B10: 10000 | C10: 0 | D10: 10000 | E10: 8801.1 | F10: 8801.1 | G10: 0 | I10: =+K10-J10 -> 0 | K10: =G10 -> 0
A11: WSWT2025800 | B11: 160920 | C11: 41566.35 | D11: 103577 | E11: 43551.143 | F11: 17000 | G11: 26551.143 | I11: =+K11-J11 -> 26551.143 | K11: =G11 -> 26551.143
A12: WSWT2025800SM | B12: 146096 | C12: 100203.6 | D12: 143096 | E12: 100180.41 | F12: 73200.844 | G12: 26979.563 | I12: =+K12-J12 -> 26979.563 | K12: =G12 -> 26979.563
A13: WSWT2121670SM | B13: 73000 | C13: 36839.25 | D13: 73000 | E13: 37852.724 | F13: 13107.024 | G13: 24745.7 | I13: =+K13-J13 -> 24745.7 | K13: =G13 -> 24745.7
A14: WSWT2125650 | B14: 10000 | C14: 0 | D14: 10000 | E14: 11036.3 | F14: 11036.3 | G14: 0 | I14: =+K14-J14 -> 0 | K14: =G14 -> 0
A15: WSWT2125800 | B15: 6600 | C15: 0 | D15: 6600 | E15: 0 | F15: 0 | G15: 0 | I15: =+K15-J15 -> 0 | K15: =G15 -> 0
A16: WSWT2321750 | B16: 8000 | C16: 0 | D16: 8000 | E16: 0 | F16: 0 | G16: 0 | I16: =+K16-J16 -> 0 | K16: =G16 -> 0
A17: WSWT2325650 | B17: 15000 | C17: 0 | D17: 15000 | E17: 0 | F17: 0 | G17: 0 | I17: 0 | J17: 54000 | K17: =G17 -> 0
A18: WSWT2625650 | B18: 8000 | C18: 8400 | D18: 8000 | E18: 9499.6 | F18: 6749.8 | G18: 2749.8 | I18: =+K18-J18 -> 2749.8 | K18: =G18 -> 2749.8
A19: WSWT2625850SM | B19: 10000 | C19: 0 | D19: 10000 | E19: 0 | F19: 0 | G19: 0 | I19: =+K19-J19 -> 0 | K19: =G19 -> 0
A20: WSWT2825850 | B20: 36500 | C20: 0 | D20: 5000 | E20: 5657.85 | F20: 4280 | G20: 1377.85 | I20: =+K20-J20 -> 1377.85 | K20: =G20 -> 1377.85
A21: WSWTFCL022325650 | B21: 10000 | C21: 2331 | D21: 10000 | E21: 2312.049 | F21: 2312.049 | G21: 0 | I21: =+K21-J21 -> 0 | K21: =G21 -> 0
A22: ผลรวมทั้งหมด | B22: 694816 | C22: 289510.2 | D22: 549623 | E22: 305801.48 | F22: 154602.12 | G22: 151199.36 | I22: =+K22-J22 -> 151199.36 | K22: =G22 -> 151199.36
I23: =+K23-J23 -> 0 | K23: =G23 -> 0
D24: 30000 | I24: =+K24-J24 -> 0 | K24: =G24 -> 0
D25: =+D7 -> 24200 | I25: =+K25-J25 -> 0 | K25: =G25 -> 0
D26: =+D8 -> 59828 | I26: =SUM(I7:I25) -> 302398.72 | J26: =SUM(J7:J25) -> 54000 | K26: =SUM(K7:K25) -> 302398.72
D28: =+D10 -> 10000
D30: =+D12 -> 143096
D31: =+D13 -> 73000
D32: =+D14 -> 10000
D33: =+D15 -> 6600
D34: =D18 -> 8000
D36: =D20 -> 5000
A37: ยอดส่ง 1/4/68 - 12/4/68 | B37: 887615
A38: Order+ส่ง | B38: =++B25+B37 -> 887615
A39: ประมาณการ | B39: 262000 | C39: 238350 | D39: 262000 | E39: 279847.04 | F39: 60825.09 | G39: 219021.95
A41: Order+ส่ง+ประมาณการ | B41: =+B25+B37+B39+B33 -> 1149615 | C41: =+C25+C37+C39+C33 -> 238350 | D41: =+D25+D37+D39+D33 -> 292800 | E41: =+E25+E37+E39+E33 -> 279847.04 | F41: =+F25+F37+F39+F33 -> 60825.09 | G41: =+G25+G37+G39+G33 -> 219021.95
B43: 3171376
B45: =+B41-B43 -> -2021761 | C45: =+$B$45 -> -2021761 | D45: =+$B$45 -> -2021761 | F45: =+$B$45 -> -2021761
D47: =+D41/6 -> 48800

Sheet 4(Order) แยกลูกค้า
A1: เลขที่ SO | B1: (หลายรายการ)
A2: วันส่ง | B2: (หลายรายการ)
A4: ประเภท | B4: ชื่อลูกค้า | C4: ผลรวม ของ จำนวนส่ง | D4: ผลรวม ของ ค้างพิมพ์ | E4: ผลรวม ของ ค้างตัด | F4: ผลรวม ของ Stock | G4: ผลรวม ของ ค้างทอ | I4: vn
A5: WSWT1625800 | B5: บจก.เคอรี่ฟลาวมิลล์ | C5: 10000 | D5: 0 | E5: 10000 | F5: 0 | G5: 0 | H5: =G5 -> 0
A6: WSWT1625800 ผลรวม | C6: 10000 | D6: 0 | E6: 10000 | F6: 0 | G6: 0 | H6: =G6 -> 0
A7: WSWT1725800 | B7: โรงสีข้าวธัญญาวัฒน์ | C7: 24200 | D7: 25410 | E7: 24200 | F7: 15615 | G7: 2979.07 | H7: =G7 -> 2979.07
A8: WSWT1725800 ผลรวม | C8: 24200 | D8: 25410 | E8: 24200 | F8: 15615 | G8: 2979.07 | H8: =G8 -> 2979.07
A9: WSWT1921720 | B9: บจก.เคอรี่ฟลาวมิลล์ | C9: 90000 | D9: 41976.9 | E9: 74828 | F9: 8801.1 | G9: 31622.688 | H9: =G9 -> 31622.688
A10: WSWT1921720 ผลรวม | C10: 90000 | D10: 41976.9 | E10: 74828 | F10: 8801.1 | G10: 31622.688 | H10: =G10 -> 31622.688
A11: WSWT1925800 | B11: บจก.เพรซิเดนท์ฟลาวมิลล์ | C11: 60000 | D11: 12869.85 | E11: 60000 | F11: 0 | G11: 11326.884 | H11: =G11 -> 11326.884
B12: บจก.ซีแมน | C12: 28000 | D12: 10500 | E12: 28000 | F12: 8242.3 | G12: 0 | H12: =G12 -> 0
B13: บจก.เอ็กเซลเล้นท์ | C13: 30000 | D13: 31500 | E13: 30000 | F13: 0 | G13: 26403.3 | H13: =G13 -> 26403.3
A14: WSWT1925800 ผลรวม | C14: 118000 | D14: 54869.85 | E14: 118000 | F14: 8242.3 | G14: 37730.184 | H14: =G14 -> 37730.184
A15: WSWT2025700 | B15: บจก.หนองบัวฟีดมิลล์ | C15: 10000 | D15: 0 | E15: 10000 | F15: 0 | G15: 8801.1 | H15: =G15 -> 8801.1
A16: WSWT2025700 ผลรวม | C16: 10000 | D16: 0 | E16: 10000 | F16: 0 | G16: 8801.1 | H16: =G16 -> 8801.1
A17: WSWT2025800 | B17: บจก.เบทาโกร | C17: 65000 | D17: 0 | E17: 65000 | F17: 0 | G17: 0 | H17: =G17 -> 0
B18: บจก.อินเทคค์ โกลบอล | C18: 128960 | D18: 70687.05 | E18: 128960 | F18: 50571 | G18: 23491.357 | H18: =G18 -> 23491.357
A19: WSWT2025800 ผลรวม | C19: 193960 | D19: 70687.05 | E19: 193960 | F19: 50571 | G19: 23491.357 | H19: =G19 -> 23491.357
A20: WSWT2025800SM | B20: บจก.เบทาโกร | C20: 12000 | D20: 0 | E20: 9000 | F20: 0 | G20: 0 | H20: =G20 -> 0
B21: บจก.อินเทคค์ โกลบอล | C21: 130160 | D21: 123783.45 | E21: 130160 | F21: 74605.09 | G21: 49053.98 | H21: =G21 -> 49053.98
A22: WSWT2025800SM ผลรวม | C22: 142160 | D22: 123783.45 | E22: 139160 | F22: 74605.09 | G22: 49053.98 | H22: =G22 -> 49053.98
A23: WSWT2121670SM | B23: บจก.เอพีเอ็ม อะโกร | C23: 3000 | D23: 0 | E23: 0 | F23: 0 | G23: 0 | H23: =G23 -> 0
B24: บจก.แอมโก้เวท | C24: 60000 | D24: 40503.75 | E24: 60000 | F24: 14188.321 | G24: 27498.7 | H24: =G24 -> 27498.7
B25: บจก.หนองบัวฟีดมิลล์ | C25: 10000 | D25: 10500 | E25: 10000 | F25: 0 | G25: 10756.9 | H25: =G25 -> 10756.9
B26: ร้านกัลยาพาณิชย์ | C26: 6000 | D26: 0 | E26: 6000 | F26: 0 | G26: 0 | H26: =G26 -> 0
B27: บจก.เอเซียอควาเซอร์วิสเซส | C27: 3000 | D27: 3150 | E27: 3000 | F27: 3227.07 | G27: 0 | H27: =G27 -> 0
A28: WSWT2121670SM ผลรวม | C28: 82000 | D28: 54153.75 | E28: 79000 | F28: 17415.391 | G28: 38255.6 | H28: =G28 -> 38255.6
A29: WSWT2125800 | B29: โรงสีข้าวธัญญาวัฒน์ | C29: 6600 | D29: 0 | E29: 6600 | F29: 0 | G29: 0 | H29: =G29 -> 0
A30: WSWT2125800 ผลรวม | C30: 6600 | D30: 0 | E30: 6600 | F30: 0 | G30: 0 | H30: =G30 -> 0
A31: WSWT2321750 | B31: บจก.ปริ้นซ์ อโกร ไซแอนส์ | C31: 8000 | D31: 0 | E31: 8000 | F31: 0 | G31: 0 | H31: =G31 -> 0
A32: WSWT2321750 ผลรวม | C32: 8000 | D32: 0 | E32: 8000 | F32: 0 | G32: 0 | H32: =G32 -> 0
A33: WSWT2325650 | B33: คุณปราสาท เจริญธรรมรักษา | C33: 40000 | D33: 0 | E33: 40000 | F33: 0 | G33: 0 | H33: =G33 -> 0
A34: WSWT2325650 ผลรวม | C34: 40000 | D34: 0 | E34: 40000 | F34: 0 | G34: 0 | H34: =G34 -> 0
A35: WSWT2625650 | B35: บจก.กบินทร์อินทรีย์ | C35: 8000 | D35: 8400 | E35: 8000 | F35: 6749.8 | G35: 2749.8 | H35: =G35 -> 2749.8
B36: คุณธนนท์ อุทัยไพศาลวงศ์ | C36: 4563 | D36: 0 | E36: 0 | F36: 0 | G36: 0 | H36: =G36 -> 0
A37: WSWT2625650 ผลรวม | C37: 12563 | D37: 8400 | E37: 8000 | F37: 6749.8 | G37: 2749.8 | H37: =G37 -> 2749.8
A38: WSWT2625850SM | B38: บจก.ที.ซี.ยูเนี่ยน อโกรเทค | C38: 10000 | D38: 0 | E38: 10000 | F38: 0 | G38: 0 | H38: =G38 -> 0
A39: WSWT2625850SM ผลรวม | C39: 10000 | D39: 0 | E39: 10000 | F39: 0 | G39: 0 | H39: =G39 -> 0
A40: WSWT2825850 | B40: บจก.ไทยร่วมใจน้ำมันพืช | C40: 31500 | D40: 0 | E40: 10500 | F40: 0 | G40: 0 | H40: =G40 -> 0
A41: WSWT2825850 ผลรวม | C41: 31500 | D41: 0 | E41: 10500 | F41: 0 | G41: 0 | H41: =G41 -> 0
A42: WSWTFCL022325650 | B42: คุณปราสาท เจริญธรรมรักษา | C42: 15000 | D42: 15750 | E42: 15000 | F42: 2640 | G42: 12238.05 | H42: =G42 -> 12238.05
A43: WSWTFCL022325650 ผลรวม | C43: 15000 | D43: 15750 | E43: 15000 | F43: 2640 | G43: 12238.05 | H43: =G43 -> 12238.05
A44: ผลรวมทั้งหมด | C44: 793983 | D44: 395031 | E44: 747248 | F44: 184639.68 | G44: 206921.83 | H44: =G44 -> 206921.83
H45: =G45 -> 0
H46: =G46 -> 0
H47: =G47 -> 0
H48: =G48 -> 0
H49: =G49 -> 0
H50: =G50 -> 0
H51: =G51 -> 0
H52: =G52 -> 0
H53: =G53 -> 0
H54: =G54 -> 0
H55: =G55 -> 0
H56: =G56 -> 0
... H65: =G65 -> 0
H70: =SUM(H5:H69) -> 620765.48
D119: Cap พิมพ์ | E119: Cap ตัด | F119: Stock 16/7 บ่าย | G119: Cap ทอ | I119: วันทงาน
B120: lส่ง | C120: 1-16/7 | D120: 160000 | E120: 160000 | G120: 120000 | I120: 12
C121: 1975256 | D121: =+D120*I120 -> 1920000 | E121: =+E120*I120 -> 1920000 | F121: 825147 | G121: =+G120*I120 -> 1440000
A122: เบทาโกรส่งแล้ว | B122: 20700 | C122: 424374
A123: เบทาโกรส่งแล้ว | B123: 20800 | C123: 155973
C126: รวมส่ง+ค้างส่ง | D126: ส่วนต่างCapคงเหลือ | E126: ส่วนต่างCapคงเหลือ | F126: คงเหลือ
C127: =+C50+C121 -> 1975256 | D127: =+D121-D50 -> 1920000 | E127: =+E121-E50 -> 1920000 | F127: =+F121-F50 -> 825147 | G127: =+G121-G50 -> 1440000
B129: 20700VN 20/7 | G129: 350000

Sheet 4(Fc) แยกลูกค้า
A1: เลขที่ SO | B1: ประมาณการ
A2: วันส่ง | B2: (หลายรายการ) | D2: 12
A4: ประเภท | B4: ชื่อลูกค้า | C4: ผลรวม ของ จำนวนส่ง | D4: ผลรวม ของ ค้างพิมพ์ | E4: ผลรวม ของ ค้างตัด | F4: ผลรวม ของ ใช้ | G4: ผลรวม ของ Stock | H4: ผลรวม ของ ค้างทอ
A5: ผลรวมทั้งหมด
D119: Cap พิมพ์ | E119: Cap ตัด | F119: Stock 16/7 บ่าย | G119: Cap ทอ | I119: วันทงาน
B120: lส่ง | C120: 1-16/7 | D120: 160000 | E120: 160000 | G120: 120000 | I120: 12
C121: 1975256 | D121: =+D120*I120 -> 1920000 | E121: =+E120*I120 -> 1920000 | F121: 825147 | G121: =+G120*I120 -> 1440000
A122: เบทาโกรส่งแล้ว | B122: 20700 | C122: 424374
A123: เบทาโกรส่งแล้ว | B123: 20800 | C123: 155973
C126: รวมส่ง+ค้างส่ง | D126: ส่วนต่างCapคงเหลือ | E126: ส่วนต่างCapคงเหลือ | F126: คงเหลือ
C127: =+C50+C121 -> 1975256 | D127: =+D121-D50 -> 1920000 | E127: =+E121-E50 -> 1920000 | F127: =+F121-F50 -> 825147 | G127: =+G121-G50 -> 1440000
B129: 20700VN 20/7 | G129: 350000

Sheet 3(Order+Fc) แยกลูกค้า
A1: เลขที่ SO | B1: (หลายรายการ)
A2: วันส่ง | B2: (หลายรายการ) | D2: 12 | I2: เมตร | J2: vn | K2: ใบ | P2: วัน
A4: ประเภท | B4: ชื่อลูกค้า | C4: ผลรวม ของ จำนวนส่ง | D4: ผลรวม ของ ค้างพิมพ์ | E4: ผลรวม ของ ค้างตัด | F4: ผลรวม ของ Stock | G4: ผลรวม ของ ใช้ | H4: ผลรวม ของ ค้างทอ
A5: WSWT1621720SMFX | B5: โรงสีขธัญญกิจ(ราชบุรี) | C5: 10000 | D5: 10500 | E5: 10000 | F5: 7404.1 | G5: 7404.1 | H5: 0 | I5: =H5 -> 0
A6: WSWT1621720SMFX ผลรวม | C6: 10000 | D6: 10500 | E6: 10000 | F6: 7404.1 | G6: 7404.1 | H6: 0
A7: WSWT1825800 | B7: บจก.เกียเอ็นเนอร์ยี่ | C7: 2000 | D7: 0 | E7: 0 | F7: 0 | G7: 0 | H7: 0 | I7: =H7 -> 0
A8: WSWT1825800 ผลรวม | C8: 2000 | D8: 0 | E8: 0 | F8: 0 | G8: 0 | H8: 0 | I8: =H8 -> 0
A9: WSWT1921720 | B9: บจก.เคอรี่ฟลาวมิลล์ | C9: 225000 | D9: 225750 | E9: 225000 | F9: 0 | G9: 199701.15 | H9: 199701.15 | I9: =H9 -> 199701.15
A10: WSWT1921720 ผลรวม | C10: 225000 | D10: 225750 | E10: 225000 | F10: 0 | G10: 199701.15 | H10: 199701.15 | I10: =H10 -> 199701.15
A11: WSWT1925800 | B11: บจก.เพรซิเดนท์ฟลาวมิลล์ | C11: 82000 | D11: 4830 | E11: 82000 | F11: 0 | G11: 4250.9313 | H11: 4250.9313
B12: บจก.ซีแมน | C12: 27812 | D12: 15225 | E12: 27812 | F12: 0 | G12: 12548.902 | H12: 12548.902 | I12: =H12 -> 12548.902
B13: บจก.ไลม์มาสเตอร์ | C13: 10000 | D13: 10500 | E13: 10000 | F13: 0 | G13: 9359.9 | H13: 9359.9
B14: บจก.เอ็กเซลเล้นท์ | C14: 30000 | D14: 31500 | E14: 30000 | F14: 0 | G14: 26403.3 | H14: 26403.3 | I14: =H14 -> 26403.3 | P14: 15000 | Q14: =+K14/P14 -> 0
B15: บจก.ไอทีอี | C15: 5000 | D15: 5250 | E15: 5000 | F15: 0 | G15: 4959.35 | H15: 4959.35
A16: WSWT1925800 ผลรวม | C16: 154812 | D16: 67305 | E16: 154812 | F16: 0 | G16: 57522.383 | H16: 57522.383 | I16: =H16 -> 57522.383
A17: WSWT1925800SM | B17: บจก.เอเชี่ยนเคมิคัล | C17: 15000 | D17: 15750 | E17: 15000 | F17: 3891 | G17: 11525.25 | H17: 7634.25 | I17: =H17 -> 7634.25
A18: WSWT1925800SM ผลรวม | C18: 15000 | D18: 15750 | E18: 15000 | F18: 3891 | G18: 11525.25 | H18: 7634.25 | I18: =H18 -> 7634.25
A19: WSWT2025650 | B19: บจก.หนองบัวฟีดมิลล์ | C19: 20000 | D19: 0 | E19: 20000 | F19: 0 | G19: 17602.2 | H19: 17602.2 | I19: =H19 -> 17602.2
B20: บจก.เอเชียเหมืองแร่ | C20: 20000 | D20: 21000 | E20: 20000 | F20: 0 | G20: 18719.8 | H20: 18719.8 | I20: =H20 -> 18719.8 | P20: 16000 | Q20: =+K20/P20 -> 0
A21: WSWT2025650 ผลรวม | C21: 40000 | D21: 21000 | E21: 40000 | F21: 0 | G21: 36322 | H21: 36322
A22: WSWT2025700 | B22: บจก.เบทาโกร | C22: 5000 | D22: 0 | E22: 0 | F22: 0 | G22: 0 | H22: 0 | I22: =H22 -> 0
B23: บจก.เอ็กซ์เซลเล้นท์ | C23: 10000 | D23: 7928.55 | E23: 10000 | F23: 8259.7394 | G23: 8259.7394 | H23: 0
A24: WSWT2025700 ผลรวม | C24: 15000 | D24: 7928.55 | E24: 10000 | F24: 8259.7394 | G24: 8259.7394 | H24: 0 | I24: =H24 -> 0
A25: WSWT2025800 | B25: บจก.ไทยธรรมดี | C25: 25000 | D25: 0 | E25: 0 | F25: 0 | G25: 0 | H25: 0
B26: บจก.เบทาโกร | C26: 295000 | D26: 241500 | E26: 250000 | F26: 26892.25 | G26: 247408.7 | H26: 220516.45 | I26: =H26 -> 220516.45
B27: บจก.อินเทคค์ โกลบอล | C27: 200000 | D27: 210000 | E27: 200000 | F27: 0 | G27: 209550 | H27: 209550
A28: WSWT2025800 ผลรวม | C28: 520000 | D28: 451500 | E28: 450000 | F28: 26892.25 | G28: 456958.7 | H28: 430066.45 | I28: =H28 -> 430066.45
A29: WSWT2025800SM | B29: บจก.อินเทคค์ โกลบอล | C29: 133840 | D29: 136418.1 | E29: 133840 | F29: 0 | G29: 137693.31 | H29: 137693.31 | I29: =H29 -> 137693.31
B30: บจก.เอพีเอ็ม อะโกร | C30: 13297 | D30: 5561.85 | E30: 5297 | F30: 4000 | G30: 5845.9281 | H30: 1845.9281 | I30: =H30 -> 1845.9281
B31: บจก.เอสพีเอ็ม อาหารสัตว์ | C31: 19000 | D31: 11195.1 | E31: 16662 | F31: 3227.07 | G31: 11683.083 | H31: 8456.0131 | P31: 15000 | Q31: =+K31/P31 -> 0
B32: บจก.วีซีเอฟ | C32: 80000 | D32: 78750 | E32: 80000 | F32: 3000 | G32: 80676.75 | H32: 77676.75 | I32: =H32 -> 77676.75
B33: บจก.เสบียง 111 | C33: 10000 | D33: 0 | E33: 10000 | F33: 10756.9 | G33: 10756.9 | H33: 0 | I33: =H33 -> 0
A34: WSWT2025800SM ผลรวม | C34: 256137 | D34: 231925.05 | E34: 245799 | F34: 20983.97 | G34: 246655.98 | H34: 225672.01 | I34: =H34 -> 225672.01
A35: WSWT2121670SM | B35: บจก.ที.ซี.ยูเนี่ยน อโกรเทค | C35: 42000 | D35: 44100 | E35: 42000 | F35: 0 | G35: 45178.98 | H35: 45178.98 | I35: =H35 -> 45178.98
B36: บจก.เอพีเอ็ม อะโกร | C36: 20000 | D36: 10500 | E36: 20000 | F36: 0 | G36: 11036.3 | H36: 11036.3 | I36: =H36 -> 11036.3
B37: บจก.แอมโก้เวท | C37: 39128 | D37: 21000 | E37: 39128 | F37: 0 | G37: 21513.8 | H37: 21513.8 | I37: =H37 -> 21513.8
B38: บจก.หนองบัวฟีดมิลล์ | C38: 5000 | D38: 5250 | E38: 5000 | F38: 0 | G38: 5378.45 | H38: 5378.45 | I38: =H38 -> 5378.45
B39: บจก.เอ็นบี ดิสทริบิวชั่น | C39: 20000 | D39: 21000 | E39: 20000 | F39: 0 | G39: 21513.8 | H39: 21513.8 | I39: =H39 -> 21513.8
B40: คุณนพวินทร์ รัตนเศรษฐ์เมธา | C40: 5000 | D40: 5250 | E40: 5000 | F40: 5378.45 | G40: 5378.45 | H40: 0 | I40: =H40 -> 0
B41: บจก.หนองบัว อโกรฟอร์ไลฟ์ | C41: 10000 | D41: 10500 | E41: 10000 | F41: 0 | G41: 10756.9 | H41: 10756.9
A42: WSWT2121670SM ผลรวม | C42: 141128 | D42: 117600 | E42: 141128 | F42: 5378.45 | G42: 120756.68 | H42: 115378.23 | I42: =H42 -> 115378.23
A43: WSWT2125650 | B43: บจก.หนองบัวฟีดมิลล์ | C43: 22000 | D43: 0 | E43: 20000 | F43: 0 | G43: 22072.6 | H43: 22072.6
B44: บจก.เอ็นบี ดิสทริบิวชั่น | C44: 5000 | D44: 0 | E44: 3900 | F44: 1990 | G44: 4304.157 | H44: 2314.157 | I44: =H44 -> 2314.157
A45: WSWT2125650 ผลรวม | C45: 27000 | D45: 0 | E45: 23900 | F45: 1990 | G45: 26376.757 | H45: 24386.757 | I45: =H45 -> 24386.757
A46: WSWT2321750 | B46: บจก.ปริ้นซ์ อโกร ไซแอนส์ | C46: 8000 | D46: 0 | E46: 0 | F46: 0 | G46: 0 | H46: 0 | J46: 74000
B47: คุณวัลภา เผ่าเต้ม | C47: 20000 | D47: 18081 | E47: 20000 | F47: 6849 | G47: 18911.706 | H47: 12062.706 | I47: =H47 -> 12062.706
B48: บจก.ไบโอกรีนนิค | C48: 5000 | D48: 5250 | E48: 5000 | F48: 1334 | G48: 5238.75 | H48: 3904.75 | I48: =H48 -> 3904.75
A49: WSWT2321750 ผลรวม | C49: 33000 | D49: 23331 | E49: 25000 | F49: 8183 | G49: 24150.456 | H49: 15967.456
A50: WSWT2325650 | B50: บจก.ซิเบลโก้(บางเลน) | C50: 10000 | D50: 10500 | E50: 10000 | F50: 0 | G50: 11036.3 | H50: 11036.3
B51: พันธุ์ข้าว | C51: 40000 | D51: 42000 | E51: 40000 | F51: 0 | G51: 39674.8 | H51: 39674.8 | I51: =H51 -> 39674.8
B52: บจก.ซิเบลโก้(สบปราบ) | C52: 45000 | D52: 28381.5 | E52: 45000 | F52: 1593.7317 | G52: 27158.888 | H52: 25565.157 | I52: =H52 -> 25565.157
A53: WSWT2325650 ผลรวม | C53: 95000 | D53: 80881.5 | E53: 95000 | F53: 1593.7317 | G53: 77869.988 | H53: 76276.257
A54: WSWT2625650 | B54: คุณธนนท์ อุทัยไพศาลวงศ์ | C54: 10000 | D54: 0 | E54: 10000 | F54: 3553 | G54: 11315.7 | H54: 7762.7 | I54: =H54 -> 7762.7
A55: WSWT2625650 ผลรวม | C55: 10000 | D55: 0 | E55: 10000 | F55: 3553 | G55: 11315.7 | H55: 7762.7 | I55: =H55 -> 7762.7
A56: WSWT2625800 | B56: บจก.ที.ซี.ยูเนี่ยน อโกรเทค | C56: 10000 | D56: 0 | E56: 10000 | F56: 6978 | G56: 12433.3 | H56: 5455.3 | I56: =H56-J56 -> -160544.7 | J56: 166000
A57: WSWT2625800 ผลรวม | C57: 10000 | D57: 0 | E57: 10000 | F57: 6978 | G57: 12433.3 | H57: 5455.3
A58: WSWT2625850SM | B58: บจก.ที.ซี.ยูเนี่ยน อโกรเทค | C58: 110000 | D58: 84273 | E58: 105954 | F58: 74939.229 | G58: 99805.829 | H58: 24866.6 | I58: =H58 -> 24866.6
A59: WSWT2625850SM ผลรวม | C59: 110000 | D59: 84273 | E59: 105954 | F59: 74939.229 | G59: 99805.829 | H59: 24866.6 | I59: =H59 -> 24866.6
A60: WSWT2825850 | B60: บจก.ที.ซี.ยูเนี่ยน อโกรเทค | C60: 10000 | D60: 0 | E60: 10000 | F60: 0 | G60: 13550.9 | H60: 13550.9 | I60: =H60 -> 13550.9
B61: บจก.ไทยร่วมใจน้ำมันพืช | C61: 50000 | D61: 46539.15 | E61: 44323 | F61: 30583 | G61: 52631.346 | H61: 22048.346 | I61: =H61 -> 22048.346
A62: WSWT2825850 ผลรวม | C62: 60000 | D62: 46539.15 | E62: 54323 | F62: 30583 | G62: 66182.246 | H62: 35599.246 | I62: =H62 -> 35599.246
A63: ผลรวมทั้งหมด | C63: 1724077 | D63: 1384283.2 | E63: 1615916 | F63: 200629.47 | G63: 1463240.3 | H63: 1262610.8
I64: =H64 -> 0
I65: =H65 -> 0
I66: =H66 -> 0
I68: =H68 -> 0
I70: =H70 -> 0
I72: =H72 -> 0
I73: =H73 -> 0
I75: =SUM(I5:I74) -> 1944758.6
I79: =I75+I77 -> 1944758.6 | J79: 16 | K79: =+I79*0.9779 -> 1901779.4
I81: =+I79/J79 -> 121547.41 | K81: =+K79*85 -> 1.6165125e+08
K83: =+K81/1000 -> 161651.25
D119: Cap พิมพ์ | E119: Cap ตัด | F119: Stock 16/7 บ่าย | G119: Cap ทอ | I119: วันทงาน
B120: lส่ง | C120: 1-16/7 | D120: 160000 | E120: 160000 | G120: 120000 | I120: 12
C121: 1975256 | D121: =+D120*I120 -> 1920000 | E121: =+E120*I120 -> 1920000 | F121: 825147 | G121: =+G120*I120 -> 1440000
A122: เบทาโกรส่งแล้ว | B122: 20700 | C122: 424374
A123: เบทาโกรส่งแล้ว | B123: 20800 | C123: 155973
C126: รวมส่ง+ค้างส่ง | D126: ส่วนต่างCapคงเหลือ | E126: ส่วนต่างCapคงเหลือ | F126: คงเหลือ
C127: =+C50+C121 -> 1985256 | D127: =+D121-D50 -> 1909500 | E127: =+E121-E50 -> 1910000 | F127: =+F121-F50 -> 825147 | G127: =+G121-G50 -> 1428963.7
B129: 20700VN 20/7 | G129: 350000

Sheet 5(Order)
A2: เลขที่ SO | B2: (หลายรายการ)
A3: วันส่ง | B3: (หลายรายการ)
A4: ชื่อลูกค้า | B4: (ทั้งหมด)
A6: ประเภท | B6: ผลรวม ของ จำนวนส่ง | C6: ผลรวม ของ ค้างพิมพ์ | D6: ผลรวม ของ ค้างตัด | E6: ผลรวม ของ ใช้ | F6: ผลรวม ของ Stock | G6: ผลรวม ของ ค้างทอ
A7: WSWT1621720SMFX | B7: 10000 | C7: 10500 | D7: 10000 | E7: 7404.1 | F7: 7404.1 | G7: 0
A8: WSWT1825800 | B8: 2000 | C8: 0 | D8: 0 | E8: 0 | F8: 0 | G8: 0
A9: WSWT1921720 | B9: 75000 | C9: 68250 | D9: 75000 | E9: 67684.65 | F9: 0 | G9: 67684.65
A10: WSWT1925800 | B10: 109812 | C10: 20055 | D10: 109812 | E10: 16799.833 | F10: 0 | G10: 16799.833
A11: WSWT1925800SM | B11: 15000 | C11: 15750 | D11: 15000 | E11: 11525.25 | F11: 3891 | G11: 7634.25 | L11: =76*2500 -> 190000
A12: WSWT2025700 | B12: 15000 | C12: 7928.55 | D12: 10000 | E12: 8259.7394 | F12: 8259.7394 | G12: 0
A13: WSWT2025800 | B13: 120000 | C13: 31500 | D13: 50000 | E13: 32270.7 | F13: 26892.25 | G13: 5378.45
A14: WSWT2025800SM | B14: 106137 | C14: 74425.05 | D14: 95799 | E14: 88096.475 | F14: 20983.97 | G14: 67112.505
A15: WSWT2121670SM | B15: 101128 | C15: 75600 | D15: 101128 | E15: 77729.08 | F15: 5378.45 | G15: 72350.63
A16: WSWT2125650 | B16: 22000 | C16: 0 | D16: 18900 | E16: 20858.607 | F16: 1990 | G16: 18868.607
A17: WSWT2321750 | B17: 23000 | C17: 12831 | D17: 15000 | E17: 13393.556 | F17: 8183 | G17: 5210.5559
A18: WSWT2325650 | B18: 25000 | C18: 7381.5 | D18: 25000 | E18: 7321.4884 | F18: 1593.7317 | G18: 5727.7567
A19: WSWT2625650 | B19: 10000 | C19: 0 | D19: 10000 | E19: 11315.7 | F19: 3553 | G19: 7762.7
A20: WSWT2625850SM | B20: 90000 | C20: 63273 | D20: 85954 | E20: 74939.229 | F20: 74939.229 | G20: 0
A21: WSWT2825850 | B21: 50000 | C21: 46539.15 | D21: 44323 | E21: 52631.346 | F21: 30583 | G21: 22048.346
A22: ผลรวมทั้งหมด | B22: 774077 | C22: 434033.25 | D22: 665916 | E22: 490229.75 | F22: 193651.47 | G22: 296578.28
A37: ยอดส่ง 1/1/68 - 17/1/68 | B37: 1287052
A38: Order+ส่ง | B38: =++B22+B37 -> 2061129
A39: ประมาณการ | I39: 0
A41: Order+ส่ง+ประมาณการ | B41: =+B22+B37+B39+B29 -> 2061129 | C41: =+C22+C37+C39+C29 -> 434033.25 | D41: =+D22+D37+D39+D29 -> 665916 | E41: =+E22+E37+E39+E29 -> 490229.75 | F41: =+F22+F37+F39+F29 -> 193651.47 | G41: =+G22+G37+G39+G29 -> 296578.28
B43: 3000000 | I43: 9
B45: =+B41-B43 -> -938871
D46: =+D22/I43 -> 73990.667
C47: =+C41/I43 -> 48225.917 | D47: =+D41/I43 -> 73990.667 | G47: =+G41/I43 -> 32953.143

Sheet 3(Order) แยกลูกค้า
A1: เลขที่ SO | B1: (หลายรายการ)
A2: วันส่ง | B2: รอแจ้ง
A4: ประเภท | B4: ชื่อลูกค้า | C4: ผลรวม ของ จำนวนส่ง | D4: ผลรวม ของ ค้างพิมพ์ | E4: ผลรวม ของ ค้างตัด | F4: ผลรวม ของ Stock | G4: ผลรวม ของ ค้างทอ | I4: vn
A5: WSWT2025800SM | B5: บจก.อินเทคค์ โกลบอล | C5: 6250 | D5: 0 | E5: 6183 | F5: 0 | G5: 0 | H5: =G5 -> 0
A6: WSWT2025800SM ผลรวม | C6: 6250 | D6: 0 | E6: 6183 | F6: 0 | G6: 0 | H6: =G6 -> 0
A7: WSWT2121670SM | B7: บจก.ที.ซี.ยูเนี่ยน อโกรเทค | C7: 32000 | D7: 33600 | E7: 32000 | F7: 34422.08 | G7: 0 | H7: =G7 -> 0
B8: บจก.เอพีเอ็ม อะโกร | C8: 14000 | D8: 14700 | E8: 14000 | F8: 0 | G8: 15450.82
B9: บจก.เอสพีเอ็ม อาหารสัตว์ | C9: 5000 | D9: 5250 | E9: 5000 | F9: 0 | G9: 5518.15 | H9: =G9 -> 5518.15
A10: WSWT2121670SM ผลรวม | C10: 51000 | D10: 53550 | E10: 51000 | F10: 34422.08 | G10: 20968.97 | H10: =G10 -> 20968.97
A11: WSWT2321112512551 | B11: บจก.น้ำตาลทิพย์สุโขทัย | C11: 106278 | D11: 111591.9 | E11: 106278 | F11: 0 | G11: 114322.18
A12: WSWT2321112512551 ผลรวม | C12: 106278 | D12: 111591.9 | E12: 106278 | F12: 0 | G12: 114322.18 | H12: =G12 -> 114322.18
A13: WSWT2625800 | B13: บจก.ที.ซี.ยูเนี่ยน อโกรเทค | C13: 10000 | D13: 0 | E13: 10000 | F13: 6278 | G13: 6155.3 | H13: =G13 -> 6155.3
A14: WSWT2625800 ผลรวม | C14: 10000 | D14: 0 | E14: 10000 | F14: 6278 | G14: 6155.3 | H14: =G14 -> 6155.3
A15: ผลรวมทั้งหมด | C15: 173528 | D15: 165141.9 | E15: 173461 | F15: 40700.08 | G15: 141446.45
H16: =G16 -> 0
H18: =G18 -> 0
H19: =G19 -> 0
H20: =G20 -> 0
H21: =G21 -> 0
H23: =G23 -> 0
H25: =G25 -> 0
H27: =G27 -> 0
H28: =G28 -> 0
H29: =G29 -> 0
H31: =G31 -> 0
H32: =G32 -> 0
... H68: =G68 -> 0
H70: =SUM(H5:H69) -> 153119.9
D119: Cap พิมพ์ | E119: Cap ตัด | F119: Stock 16/7 บ่าย | G119: Cap ทอ | I119: วันทงาน
B120: lส่ง | C120: 1-16/7 | D120: 160000 | E120: 160000 | G120: 120000 | I120: 12
C121: 1975256 | D121: =+D120*I120 -> 1920000 | E121: =+E120*I120 -> 1920000 | F121: 825147 | G121: =+G120*I120 -> 1440000
A122: เบทาโกรส่งแล้ว | B122: 20700 | C122: 424374
A123: เบทาโกรส่งแล้ว | B123: 20800 | C123: 155973
C126: รวมส่ง+ค้างส่ง | D126: ส่วนต่างCapคงเหลือ | E126: ส่วนต่างCapคงเหลือ | F126: คงเหลือ
C127: =+C50+C121 -> 1975256 | D127: =+D121-D50 -> 1920000 | E127: =+E121-E50 -> 1920000 | F127: =+F121-F50 -> 825147 | G127: =+G121-G50 -> 1440000
B129: 20700VN 20/7 | G129: 350000

Sheet 5(Fc) แยกลูกค้
A1: เลขที่ SO | B1: ประมาณการ
A2: วันส่ง | B2: (หลายรายการ) | D2: 12
A4: ประเภท | B4: ชื่อลูกค้า | C4: ผลรวม ของ จำนวนส่ง | D4: ผลรวม ของ ค้างพิมพ์ | E4: ผลรวม ของ ค้างตัด | F4: ผลรวม ของ Stock | G4: ผลรวม ของ ใช้ | H4: ผลรวม ของ ค้างทอ
A5: WSWT1921720 | B5: บจก.เคอรี่ฟลาวมิลล์ | C5: 150000 | D5: 157500 | E5: 150000 | F5: 0 | G5: 132016.5 | H5: 132016.5
A6: WSWT1921720 ผลรวม | C6: 150000 | D6: 157500 | E6: 150000 | F6: 0 | G6: 132016.5 | H6: 132016.5
A7: WSWT1925800 | B7: บจก.ไลม์มาสเตอร์ | C7: 10000 | D7: 10500 | E7: 10000 | F7: 0 | G7: 9359.9 | H7: 9359.9
B8: บจก.เอ็กเซลเล้นท์ | C8: 30000 | D8: 31500 | E8: 30000 | F8: 0 | G8: 26403.3 | H8: 26403.3
B9: บจก.ไอทีอี | C9: 5000 | D9: 5250 | E9: 5000 | F9: 0 | G9: 4959.35 | H9: 4959.35
A10: WSWT1925800 ผลรวม | C10: 45000 | D10: 47250 | E10: 45000 | F10: 0 | G10: 40722.55 | H10: 40722.55
A11: WSWT2025650 | B11: บจก.หนองบัวฟีดมิลล์ | C11: 20000 | D11: 0 | E11: 20000 | F11: 0 | G11: 17602.2 | H11: 17602.2
B12: บจก.เอเชียเหมืองแร่ | C12: 20000 | D12: 21000 | E12: 20000 | F12: 0 | G12: 18719.8 | H12: 18719.8
A13: WSWT2025650 ผลรวม | C13: 40000 | D13: 21000 | E13: 40000 | F13: 0 | G13: 36322 | H13: 36322
A14: WSWT2025800 | B14: บจก.เบทาโกร | C14: 200000 | D14: 210000 | E14: 200000 | F14: 0 | G14: 215138 | H14: 215138
B15: บจก.อินเทคค์ โกลบอล | C15: 200000 | D15: 210000 | E15: 200000 | F15: 0 | G15: 209550 | H15: 209550
A16: WSWT2025800 ผลรวม | C16: 400000 | D16: 420000 | E16: 400000 | F16: 0 | G16: 424688 | H16: 424688
A17: WSWT2025800SM | B17: บจก.อินเทคค์ โกลบอล | C17: 100000 | D17: 105000 | E17: 100000 | F17: 0 | G17: 104775 | H17: 104775
B18: บจก.วีซีเอฟ | C18: 50000 | D18: 52500 | E18: 50000 | F18: 0 | G18: 53784.5 | H18: 53784.5
A19: WSWT2025800SM ผลรวม | C19: 150000 | D19: 157500 | E19: 150000 | F19: 0 | G19: 158559.5 | H19: 158559.5
A20: WSWT2121670SM | B20: บจก.ที.ซี.ยูเนี่ยน อโกรเทค | C20: 10000 | D20: 10500 | E20: 10000 | F20: 0 | G20: 10756.9 | H20: 10756.9
B21: บจก.แอมโก้เวท | C21: 20000 | D21: 21000 | E21: 20000 | F21: 0 | G21: 21513.8 | H21: 21513.8
B22: บจก.หนองบัว อโกรฟอร์ไลฟ์ | C22: 10000 | D22: 10500 | E22: 10000 | F22: 0 | G22: 10756.9 | H22: 10756.9
A23: WSWT2121670SM ผลรวม | C23: 40000 | D23: 42000 | E23: 40000 | F23: 0 | G23: 43027.6 | H23: 43027.6
A24: WSWT2125650 | B24: บจก.หนองบัวฟีดมิลล์ | C24: 5000 | D24: 0 | E24: 5000 | F24: 0 | G24: 5518.15 | H24: 5518.15
A25: WSWT2125650 ผลรวม | C25: 5000 | D25: 0 | E25: 5000 | F25: 0 | G25: 5518.15 | H25: 5518.15
A26: WSWT2321750 | B26: คุณวัลภา เผ่าเต้ม | C26: 10000 | D26: 10500 | E26: 10000 | F26: 0 | G26: 10756.9 | H26: 10756.9
A27: WSWT2321750 ผลรวม | C27: 10000 | D27: 10500 | E27: 10000 | F27: 0 | G27: 10756.9 | H27: 10756.9
A28: WSWT2325650 | B28: บจก.ซิเบลโก้(บางเลน) | C28: 10000 | D28: 10500 | E28: 10000 | F28: 0 | G28: 11036.3 | H28: 11036.3
B29: พันธุ์ข้าว | C29: 40000 | D29: 42000 | E29: 40000 | F29: 0 | G29: 39674.8 | H29: 39674.8
B30: บจก.ซิเบลโก้(สบปราบ) | C30: 20000 | D30: 21000 | E30: 20000 | F30: 0 | G30: 19837.4 | H30: 19837.4
A31: WSWT2325650 ผลรวม | C31: 70000 | D31: 73500 | E31: 70000 | F31: 0 | G31: 70548.5 | H31: 70548.5
A32: WSWT2625800 | B32: บจก.ที.ซี.ยูเนี่ยน อโกรเทค | C32: 10000 | D32: 0 | E32: 10000 | F32: 6978 | G32: 12433.3 | H32: 5455.3
A33: WSWT2625800 ผลรวม | C33: 10000 | D33: 0 | E33: 10000 | F33: 6978 | G33: 12433.3 | H33: 5455.3
A34: WSWT2625850SM | B34: บจก.ที.ซี.ยูเนี่ยน อโกรเทค | C34: 20000 | D34: 21000 | E34: 20000 | F34: 0 | G34: 24866.6 | H34: 24866.6
A35: WSWT2625850SM ผลรวม | C35: 20000 | D35: 21000 | E35: 20000 | F35: 0 | G35: 24866.6 | H35: 24866.6
A36: WSWT2825850 | B36: บจก.ที.ซี.ยูเนี่ยน อโกรเทค | C36: 10000 | D36: 0 | E36: 10000 | F36: 0 | G36: 13550.9 | H36: 13550.9
A37: WSWT2825850 ผลรวม | C37: 10000 | D37: 0 | E37: 10000 | F37: 0 | G37: 13550.9 | H37: 13550.9
A38: ผลรวมทั้งหมด | C38: 950000 | D38: 950250 | E38: 950000 | F38: 6978 | G38: 973010.5 | H38: 966032.5
H41: 296578.28
H43: =+GETPIVOTDATA("ผลรวม ของ ค้างทอ",$A$4)+H41 -> 1262610.8
I119: วันทงาน
I120: 12
C121: 1975256 | D121: =+D120*I120 -> 0 | E121: =+E120*I120 -> 0 | F121: 825147 | G121: =+G120*I120 -> 0
A122: เบทาโกรส่งแล้ว | B122: 20700 | C122: 424374
A123: เบทาโกรส่งแล้ว | B123: 20800 | C123: 155973
C126: รวมส่ง+ค้างส่ง | D126: ส่วนต่างCapคงเหลือ | E126: ส่วนต่างCapคงเหลือ | F126: คงเหลือ
C127: =+C50+C121 -> 1975256 | D127: =+D121-D50 -> 0 | E127: =+E121-E50 -> 0 | F127: =+F121-F50 -> 825147 | G127: =+G121-G50 -> 0
B129: 20700VN 20/7 | G129: 350000

Sheet ค้างทอ3-5-68
A3: ผลรวม ของ ค้างทอ
A4: ป้ายชื่อแถว | B4: 45778 | C4: 45779 | D4: 45780 | E4: 45781 | F4: 45782 | G4: 45784 | H4: 45785 | I4: 45786 | J4: 45787 | K4: 45788 | L4: 45789 | M4: 45792 | N4: 45793 | O4: 45795 | P4: 45798 | Q4: 45802 | R4: ผลรวมทั้งหมด
A5: WSWT1621720SMFX | F5: 0 | R5: =SUM(B5:Q5) -> 0
A6: WSWT1825800 | C6: 0 | R6: =SUM(B6:Q6) -> 0
A7: WSWT1921720 | B7: 5683.1 | D7: 22002.75 | H7: 22002.75 | J7: 23679.15 | R7: =SUM(B7:Q7) -> 73367.75
A8: WSWT1925800 | D8: 72169.02 | F8: 12548.902 | R8: =SUM(B8:Q8) -> 84717.922
A9: WSWT2025700 | E9: 2527.45 | J9: 0 | R9: =SUM(B9:Q9) -> 2527.45
A10: WSWT2025800 | B10: 0 | C10: 22975.25 | E10: 18745.888 | H10: 21513.8 | J10: 5378.45 | K10: 10756.9 | P10: 16135.35 | R10: =SUM(B10:Q10) -> 95505.638
A11: WSWT2025800SM | B11: 39296.912 | C11: 10756.9 | F11: 3227.07 | G11: 1845.9281 | H11: 3310.89 | I11: 0 | J11: 0 | L11: 5145.1231 | N11: 0 | R11: =SUM(B11:Q11) -> 63582.823
A12: WSWT2121670SM | C12: 0 | D12: 21513.8 | I12: 6621.78 | J12: 34422.08 | Q12: 4414.52 | R12: =SUM(B12:Q12) -> 66972.18
A13: WSWT2125650 | B13: 2442.28 | D13: 4304.157 | R13: =SUM(B13:Q13) -> 6746.437
A14: WSWT2125800 | D14: 0 | R14: =SUM(B14:Q14) -> 0
A15: WSWT2221940 | O15: 240385.29 | R15: =SUM(B15:Q15) -> 240385.29
A16: WSWT2321750 | D16: 5305.9 | H16: 3904.75 | R16: =SUM(B16:Q16) -> 9210.65
A17: WSWT2325650 | B17: 1225.15 | D17: 19837.4 | R17: =SUM(B17:Q17) -> 21062.55
A18: WSWT2625650 | B18: 446.97015 | R18: =SUM(B18:Q18) -> 446.97015
A19: WSWT2625850SM | C19: 0 | H19: 0 | I19: 0 | M19: 0 | R19: =SUM(B19:Q19) -> 0
A20: WSWT2825850 | M20: 35433.346 | R20: =SUM(B20:Q20) -> 35433.346
A21: ผลรวมทั้งหมด | B21: =SUM(B5:B20) -> 49094.412 | C21: =SUM(C5:C20) -> 33732.15 | D21: =SUM(D5:D20) -> 145133.03 | E21: =SUM(E5:E20) -> 21273.338 | F21: =SUM(F5:F20) -> 15775.972 | G21: =SUM(G5:G20) -> 1845.9281 | H21: =SUM(H5:H20) -> 50732.19 | I21: =SUM(I5:I20) -> 6621.78 | ... R21: =SUM(R5:R20) -> 699959

Sheet 3-6-68
B2: เรียงกำหนดส่ง | D2: ลบ 0 | T2: เรียง 1
B3: ข้อมูลUpdate ณ. วันที่ | D3: 45811 | E3: เวลา | G3: 11.03
A4: วันรับออร์เดอร์/แบบ | B4: เลขที่ SO | C4: ชื่อลูกค้า | E4: 10.3 | I4: น้ำหนัก | L4: บิด/จับจีบ | M4: ถุงใน | Q4: 44873 | S4: วิธีบรรจุ | T4: วันส่ง | U4: จำนวนส่ง | V4: ตัดเย็บ (ใบ) | W4: 44873 | X4: พิมพ์ (ใบ) | Y4: 44876 | Z4: ผ้าทอ (เมตร) Updateณ | AB4: 44876 | AD4: ผ้าเคลือบ(เมตร) | AF4: หมายเหตุ | AG4: เครื่อง
B5: เลขที่ SO | C5: ชื่อลูกค้า | D5: ตรา | E5: กว้าง | F5: ยาว | G5: สี | H5: เคลือบ | I5: กรัม/ใบ | J5: * | K5: aw | L5: บิด/จับจีบ | M5: กว้าง | N5: ยาว | O5: หนา | P5: ใช้(กก.) | Q5: Stock(กก.) | R5: ผลิต(กก.) | S5: วิธีบรรจุ | T5: วันส่ง | U5: จำนวนส่ง | V5: StockFG | W5: ค้างตัด | X5: พิมพ์แล้ว | Y5: ค้างพิมพ์ | Z5: ประเภท | AA5: ใช้ | AB5: Stock | AC5: ค้างทอ | AD5: Stock | AE5: ค้างเคลือบ | AF5: หมายเหตุ | AG5: ที่พิมพ์ได้ | AH5: process | AI5: Lead time | AJ5: วันที่ส่งPL | AK5: เคลือบ | AL5: ได้ ART | AM5: พิมพ์ | AN5: จีบ-บิด | AO5: ตัด-เย็บ | AP5: ทอ | AQ5: สวมถุง | AR5: เย็บปาก | AS5: PT | AT5: ม้วน | AU5: ตัด | AV5: ตอกตาไก่ | AW5: GROUP | AX5: ART | AY5: หมายเหตุปัญหา | AZ5: ราคา/ใบ | BA5: ราคารวม | BB5: workweek | BC5: เส้นเทป | BD5: จำนวน
A6: 45800 | B6: MK68-000701 | C6: หจก.ปึงเป้งน้ำ | D6: เกลือตรามือ 10กก | E6: 14 | F6: 22 | G6: ขาว | H6: ใส | I6: 42 | J6: ± | K6: 5 | L6: ไม่ | M6: ไม่สวมถุงใน | N6: 0 | O6: 0 | P6: 0 | Q6: 0 | R6: 0 | S6: 500กระสอบแบนเต็มใบ | T6: 45821 | U6: 10000 | V6: 0 | W6: 10000 | X6: 0 | Y6: 10500 | Z6: WSWT1425800 | AA6: 6565.9 | AB6: 1220 | AC6: 5345.9 | AD6: 1220 | AE6: 5345.9 | AF6: 0 | AG6: พร้อมส่ง | AH6: P6 | AI6: 4 | AJ6: 45821 | AK6: 45817 | AL6: 45810 | AM6: 45818 | AN6: 45819 | AO6: 45820 | AP6: 45816 | AQ6: 0 | AR6: 0 | AS6: 0 | AT6: 0 | AU6: 0 | AV6: 0 | AW6: งานเคลือบ+พิมพ์ | AX6: / | AY6: 0 | AZ6: 0 | BA6: 0 | BB6: 0 | BC6: WRWT25800/WRWT25800 | BD6: 299.3704
A7: 0 | B7: 0 | C7: 0 | D7: 0 | E7: 14 | F7: 22 | G7: ขาว | H7: 0 | I7: 36 | J7: ± | K7: 5 | L7: 0 | M7: 0 | N7: 0 | O7: 0 | P7: 0 | Q7: 0 | R7: 0 | S7: 0 | U7: 0 | V7: 0 | W7: 0 | X7: 0 | Y7: 0 | Z7: WSWT1425800 | AA7: 6565.9 | AB7: 1220 | AC7: 5345.9 | AD7: 1220 | AE7: 5345.9 | AF7: ระบุในSD | AG7: พร้อมส่ง | AH7: 0 | AI7: Lead time | AJ7: 0 | AK7: 0 | AL7: 0 | AM7: 0 | AN7: 0 | AO7: 0 | AP7: 0 | AQ7: 0 | AR7: 0 | AS7: 0 | AT7: 0 | AU7: 0 | AV7: 0 | AW7: 0 | AX7: 0 | AY7: 0 | AZ7: 0 | BA7: 0 | BB7: 0 | BC7: WRWT140800/WRWT25800 | BD7: 0
A8: ประมาณการ | B8: ประมาณการ | C8: บจก.ซัน ซีเมนต์ โพรเซส | D8: พระอาทิตย์(ปูนนอน-ชริงค์) | E8: 16 | F8: 25 | G8: ขาว | H8: ใส | I8: 50 | J8: ± | K8: 5 | L8: บิด | M8: 19 | N8: 28 | O8: 40 | P8: 65.624643 | Q8: 0 | R8: 65.624643 | S8: 500กระสอบ | T8: รอแจ้ง | U8: 5000 | V8: 0 | W8: 5000 | X8: 0 | Y8: 5250 | Z8: WSWT1625800SM | AA8: 3702.05 | AB8: 3372 | AC8: 330.05 | AD8: 0 | AE8: 3702.05 | AF8: 0 | AG8: พร้อมส่ง | AH8: P8 | AI8: 4 | AJ8: รอแจ้ง | AK8: #VALUE! | AL8: #VALUE! | AM8: #VALUE! | AN8: #VALUE! | AO8: #VALUE! | AP8: #VALUE! | AQ8: #VALUE! | AR8: 0 | AS8: 0 | AT8: 0 | AU8: 0 | AV8: 0 | AW8: งานเคลือบ+พิมพ์ | AX8: รอART | AY8: 0 | AZ8: 0 | BA8: 0 | BB8: 0 | BC8: WRWT25800/WRWT25800 | BD8: 18.776178
A9: 0 | B9: 0 | C9: 0 | E9: 16 | F9: 25 | G9: ขาว | H9: 0 | I9: 45 | J9: ± | K9: 5 | L9: 0 | M9: 0 | N9: 0 | O9: 0 | P9: 0 | Q9: 0 | R9: 0 | S9: 0 | U9: 0 | V9: 0 | W9: 0 | X9: 0 | Y9: 0 | Z9: WSWT1625800SM | AA9: 3702.05 | AB9: 3372 | AC9: 330.05 | AD9: 0 | AE9: 3702.05 | AF9: ระบุในSD | AG9: พิมพ์ไม่ครบ | AH9: 0 | AI9: Lead time | AJ9: 0 | AK9: 0 | AL9: 0 | AM9: 0 | AN9: 0 | AO9: 0 | AP9: 0 | AQ9: 0 | AR9: 0 | AS9: 0 | AT9: 0 | AU9: 0 | AV9: 0 | AW9: 0 | AX9: 0 | AY9: 0 | AZ9: 0 | BA9: 0 | BB9: 0 | BC9: WRWT160800/WRWT25800 | BD9: 0
A10: 45805 | B10: MK68-000717 | C10: บจก.โรงสีข้าวธัญญาวัฒน์ | D10: LUNG SHIN 12Kg. | E10: 17 | F10: 26 | G10: ขาว | H10: 0 | I10: 48 | J10: ± | K10: 5 | L10: ไม่ | M10: ไม่สวมถุงใน | N10: 0 | O10: 0 | P10: 0 | Q10: 0 | R10: 0 | S10: 500กระสอบแบน | T10: 45813 | U10: 10200 | V10: 0 | W10: 10200 | X10: 9000 | Y10: 1260 | Z10: WSWT1725800 | AA10: 968.121 | AB10: 968.121 | AC10: 0 | AD10: 0 | AE10: 0 | AF10: 0 | AG10: พร้อมส่ง | AH10: P7 | AI10: 2 | AJ10: 45813 | AK10: 0 | AL10: 45804 | AM10: 45811 | AN10: 45812 | AO10: 45812 | AP10: 45808 | AQ10: 0 | AR10: 0 | AS10: 0 | AT10: 0 | AU10: 0 | AV10: 0 | AW10: งานพิมพ์ | AX10: รอART | AY10: 0 | AZ10: 0 | BA10: 0 | BB10: 0 | BC10: WRWT25800/WRWT25800 | BD10: 0
A11: 0 | B11: 0 | C11: 0 | D11: 0 | E11: 17 | F11: 26 | G11: 0 | H11: 0 | I11: 48 | J11: ± | K11: 5 | L11: 0 | M11: 0 | N11: 0 | O11: 0 | P11: 0 | Q11: 0 | R11: 0 | S11: 0 | U11: 0 | V11: 0 | W11: 0 | X11: 0 | Y11: 0 | Z11: WSWT1725800 | AA11: 968.121 | AB11: 968.121 | AC11: 0 | AD11: 0 | AE11: 0 | AF11: ระบุในSD | AG11: ยังไม่ได้พิมพ์ | AH11: 0 | AI11: 0 | AJ11: 0 | AK11: 0 | AL11: 0 | AM11: 0 | AN11: 0 | AO11: 0 | AP11: 0 | AQ11: 0 | AR11: 0 | AS11: 0 | AT11: 0 | AU11: 0 | AV11: 0 | AW11: 0 | AX11: 0 | AY11: 0 | AZ11: 0 | BA11: 0 | BB11: 0 | BC11: WRWT170800/WRWT25800 | BD11: 0
A12: ประมาณการ | B12: ประมาณการ | C12: บจก.ฟาร์เธอร์ส วิง ซัพพลาย | D12: รถไฟ | E12: 18 | F12: 30 | G12: ขาว | H12: 0 | I12: 54 | J12: ± | K12: 5 | L12: บิด | M12: 19 | N12: 33 | O12: 40 | P12: 232.02999 | Q12: 0 | R12: 232.02999 | S12: 500กระสอบ | T12: 45838 | U12: 15000 | V12: 0 | W12: 15000 | X12: 0 | Y12: 15750 | Z12: WSWT1825800 | AA12: 13201.65 | AB12: 6301 | AC12: 6900.65 | AD12: 0 | AE12: 0 | AF12: 0 | AG12: ยังไม่ได้พิมพ์ | AH12: P9 | AI12: 3 | AJ12: 45838 | AK12: 0 | AL12: 45828 | AM12: 45835 | AN12: 45836 | AO12: 45836 | AP12: 45833 | AQ12: 45837 | AR12: 0 | AS12: 0 | AT12: 0 | AU12: 0 | AV12: 0 | AW12: งานพิมพ์ | AX12: รอART | AY12: 0 | AZ12: 0 | BA12: 0 | BB12: 0 | BC12: WRWT25800/WRWT25800 | BD12: 474.76472
A13: 0 | B13: 0 | E13: 18 | F13: 30 | G13: ขาว | H13: 0 | I13: 54 | J13: ± | K13: 5 | L13: 0 | M13: 0 | N13: 0 | O13: 0 | P13: 0 | Q13: 0 | R13: 0 | S13: 0 | U13: 0 | V13: 0 | W13: 0 | X13: 0 | Y13: 0 | Z13: WSWT1825800 | AA13: 13201.65 | AB13: 6301 | AC13: 6900.65 | AD13: 0 | AE13: 0 | AF13: ระบุในSD | AG13: ยังไม่ได้พิมพ์ | AH13: 0 | AI13: Lead time | AJ13: 0 | AK13: 0 | AL13: 0 | AM13: 0 | AN13: 0 | AO13: 0 | AP13: 0 | AQ13: 0 | AR13: 0 | AS13: 0 | AT13: 0 | AU13: 0 | AV13: 0 | AW13: 0 | AX13: 0 | AY13: 0 | AZ13: 0 | BA13: 0 | BB13: 0 | BC13: WRWT25800/WRWT25800 | BD13: 0
A14: 45797 | B14: MK68-000686 | C14: บจก.ซิเบลโก้ | D14: PORTARYTE | E14: 18 | F14: 30 | G14: ขาว | H14: ใส | I14: 74 | J14: ± | K14: 5 | L14: ไม่ | M14: ไม่สวมถุงใน | N14: 0 | O14: 0 | P14: 0 | Q14: 0 | R14: 0 | S14: 500กระสอบ | T14: 45813 | U14: 10000 | V14: 0 | W14: 10000 | X14: 0 | Y14: 10500 | Z14: WSWT1825800SM | AA14: 8801.1 | AB14: 8801.1 | AC14: 0 | AD14: 0 | AE14: 8801.1 | AF14: ห้ามเกิน-ขาดได้5% | AG14: ยังไม่ได้พิมพ์ | AH14: P6 | AI14: 4 | AJ14: 45813 | AK14: 45809 | AL14: 45802 | AM14: 45810 | AN14: 45811 | AO14: 45812 | AP14: 45808 | AQ14: 0 | AR14: 0 | AS14: 0 | AT14: 0 | AU14: 0 | AV14: 0 | AW14: งานเคลือบ+พิมพ์ | AX14: / | AY14: 0 | AZ14: 0 | BA14: 0 | BB14: 0 | BC14: WRWT25800/WRWT25800 | BD14: 0
A15: 45797 | B15: MK68-000686 | C15: บจก.ซิเบลโก้ | D15: PORTARYTE B15 | E15: 18 | F15: 30 | G15: ขาว | H15: ใส | I15: 74 | J15: ± | K15: 5 | L15: ไม่ | M15: ไม่สวมถุงใน | N15: 0 | O15: 0 | P15: 0 | Q15: 0 | R15: 0 | S15: 500กระสอบ | T15: 45813 | U15: 10000 | V15: 0 | W15: 10000 | X15: 0 | Y15: 10500 | Z15: WSWT1825800SM | AA15: 8801.1 | AB15: 8801.1 | AC15: 0 | AD15: 0 | AE15: 8801.1 | AF15: ห้ามเกิน-ขาดได้5% | AG15: พร้อมส่ง | AH15: P6 | AI15: 4 | AJ15: 45813 | AK15: 45809 | AL15: 45802 | AM15: 45810 | AN15: 45811 | AO15: 45812 | AP15: 45808 | AQ15: 0 | AR15: 0 | AS15: 0 | AT15: 0 | AU15: 0 | AV15: 0 | AW15: งานเคลือบ+พิมพ์ | AX15: / | AY15: 0 | AZ15: 0 | BA15: 0 | BB15: 0 | BC15: WRWT25800/WRWT25800 | BD15: 0
A16: 45805 | B16: MK68-000716 | C16: บจก.ไบโอกรีนนิค | D16: หนุมานเทอร์โบ | E16: 18 | F16: 28 | G16: ขาว | H16: ใส | I16: 69 | J16: ± | K16: 5 | L16: จับจีบ4" | M16: 19 | N16: 31 | O16: 60 | P16: 217.96756 | Q16: 0 | R16: 217.96756 | S16: 500กระสอบ | T16: 45820 | U16: 10000 | V16: 0 | W16: 10000 | X16: 0 | Y16: 10500 | Z16: WSWT1825800SM | AA16: 8242.3 | AB16: 2398 | AC16: 5844.3 | AD16: 0 | AE16: 8242.3 | AF16: ขาด-เกินได้5% | AG16: ยังไม่ได้พิมพ์ | AH16: P6 | AI16: 4 | AJ16: 45820 | AK16: 45816 | AL16: 45809 | AM16: 45817 | AN16: 45818 | AO16: 45819 | AP16: 45815 | AQ16: 0 | AR16: 0 | AS16: 0 | AT16: 0 | AU16: 0 | AV16: 0 | AW16: งานเคลือบ+พิมพ์ | AX16: รอART | AY16: 0 | AZ16: 0 | BA16: 0 | BB16: 0 | BC16: WRWT25800/WRWT25800 | BD16: 374.0352
A17: 45797 | B17: MK68-000687 | C17: บจก.ซิเบลโก้ | D17: PORTARYTE | E17: 18 | F17: 30 | G17: ขาว | H17: ใส | I17: 74 | J17: ± | K17: 5 | L17: ไม่ | M17: ไม่สวมถุงใน | N17: 0 | O17: 0 | P17: 0 | Q17: 0 | R17: 0 | S17: 500กระสอบ | T17: 45841 | U17: 10000 | V17: 0 | W17: 10000 | X17: 0 | Y17: 10500 | Z17: WSWT1825800SM | AA17: 8801.1 | AB17: 0 | AC17: 8801.1 | AD17: 0 | AE17: 8801.1 | AF17: ห้ามเกิน-ขาดได้5% | AG17: รอตัด | AH17: P6 | AI17: 4 | AJ17: 45841 | AK17: 45837 | AL17: 45830 | AM17: 45838 | AN17: 45839 | AO17: 45840 | AP17: 45836 | AQ17: 0 | AR17: 0 | AS17: 0 | AT17: 0 | AU17: 0 | AV17: 0 | AW17: งานเคลือบ+พิมพ์ | AX17: / | AY17: 0 | AZ17: 0 | BA17: 0 | BB17: 0 | BC17: WRWT25800/WRWT25800 | BD17: 563.2704
A18: 0 | B18: 0 | C18: 0 | E18: 18 | F18: 25 | G18: ขาว | H18: 0 | I18: 50 | J18: ± | K18: 5 | L18: 0 | M18: 0 | N18: 0 | O18: 0 | P18: 0 | Q18: 0 | R18: 0 | S18: 0 | U18: 0 | V18: 0 | W18: 0 | X18: 0 | Y18: 0 | Z18: WSWT1825800SM | AA18: 34645.6 | AB18: 20000.2 | AC18: 14645.4 | AD18: 0 | AE18: 34645.6 | AF18: ระบุในSD | AG18: รอตัด | AH18: 0 | AI18: Lead time | AJ18: 0 | AK18: 0 | AL18: 0 | AM18: 0 | AN18: 0 | AO18: 0 | AP18: 0 | AQ18: 0 | AR18: 0 | AS18: 0 | AT18: 0 | AU18: 0 | AV18: 0 | AW18: 0 | AX18: 0 | AY18: 0 | AZ18: 0 | BA18: 0 | BB18: 0 | BC18: WRWT180800/WRWT25800 | BD18: 0
A19: ประมาณการ | B19: ประมาณการ | C19: บจก.ไลม์มาสเตอร์ | D19: LMC 25 kg | E19: 19 | F19: 32 | G19: ขาว | H19: 0 | I19: 64 | J19: ± | K19: 5 | L19: ไม่ | M19: 20 | N19: 35 | O19: 40 | P19: 172.69643 | Q19: 0 | R19: 172.69643 | S19: 500กระสอบแบน | T19: 45838 | U19: 10000 | V19: 0 | W19: 10000 | X19: 0 | Y19: 10500 | Z19: WSWT1925800 | AA19: 9359.9 | AB19: 9359.9 | AC19: 0 | AD19: 0 | AE19: 0 | AF19: 0 | AG19: ยังไม่ได้พิมพ์ | AH19: P9 | AI19: 3 | AJ19: 45838 | AK19: 0 | AL19: 45828 | AM19: 45835 | AN19: 45836 | AO19: 45836 | AP19: 45833 | AQ19: 45837 | AR19: 0 | AS19: 0 | AT19: 0 | AU19: 0 | AV19: 0 | AW19: งานพิมพ์ | AX19: รอART | AY19: 0 | AZ19: 0 | BA19: 0 | BB19: 0 | BC19: WRWT25800/WRWT25800 | BD19: 0
A20: 45797 | B20: MK68-000683 | C20: บจก.เพรซิเดนท์ฟลาวมิลล์ | D20: ผึ้งเหลือง | E20: 19 | F20: 30 | G20: ขาว | H20: 0 | I20: 60 | J20: ± | K20: 5 | L20: บิด | M20: ไม่สวมถุงใน | N20: 0 | O20: 0 | P20: 0 | Q20: 0 | R20: 0 | S20: 500กระสอบ | T20: 45812 | U20: 60000 | V20: 0 | W20: 60000 | X20: 63300 | Y20: 0 | Z20: WSWT1925800 | AA20: 0 | AB20: 0 | AC20: 0 | AD20: 0 | AE20: 0 | AF20: 0 | AG20: ยังไม่ได้พิมพ์ | AH20: P7 | AI20: 2 | AJ20: 45812 | AK20: 0 | AL20: 45803 | AM20: 45810 | AN20: 45811 | AO20: 45811 | AP20: 45807 | AQ20: 0 | AR20: 0 | AS20: 0 | AT20: 0 | AU20: 0 | AV20: 0 | AW20: งานพิมพ์ | AX20: / | AY20: 0 | AZ20: 0 | BA20: 0 | BB20: 0 | BC20: WRWT25800/WRWT25800 | BD20: 0
A21: 45797 | B21: MK68-000682 | C21: บจก.เพรซิเดนท์ฟลาวมิลล์ | D21: ผึ้งชมพู | E21: 19 | F21: 30 | G21: ขาว | H21: 0 | I21: 60 | J21: ± | K21: 5 | L21: บิด | M21: ไม่สวมถุงใน | N21: 0 | O21: 0 | P21: 0 | Q21: 0 | R21: 0 | S21: 500กระสอบ | T21: 45812 | U21: 30000 | V21: 0 | W21: 30000 | X21: 30930 | Y21: 0 | Z21: WSWT1925800 | AA21: 0 | AB21: 0 | AC21: 0 | AD21: 0 | AE21: 0 | AF21: 0 | AG21: พร้อมส่ง | AH21: P7 | AI21: 2 | AJ21: 45812 | AK21: 0 | AL21: 45803 | AM21: 45810 | AN21: 45811 | AO21: 45811 | AP21: 45807 | AQ21: 0 | AR21: 0 | AS21: 0 | AT21: 0 | AU21: 0 | AV21: 0 | AW21: งานพิมพ์ | AX21: / | AY21: 0 | AZ21: 0 | BA21: 0 | BB21: 0 | BC21: WRWT25800/WRWT25800 | BD21: 0
A22: 45797 | B22: MK68-000683 | C22: บจก.เพรซิเดนท์ฟลาวมิลล์ | D22: ผึ้งเหลือง | E22: 19 | F22: 30 | G22: ขาว | H22: 0 | I22: 60 | J22: ± | K22: 5 | L22: บิด | M22: ไม่สวมถุงใน | N22: 0 | O22: 0 | P22: 0 | Q22: 0 | R22: 0 | S22: 500กระสอบ | T22: 45819 | U22: 40000 | V22: 0 | W22: 40000 | X22: 0 | Y22: 42000 | Z22: WSWT1925800 | AA22: 35204.4 | AB22: 35204.4 | AC22: 0 | AD22: 0 | AE22: 0 | AF22: 0 | AG22: ยังไม่ได้พิมพ์ | AH22: P7 | AI22: 2 | AJ22: 45819 | AK22: 0 | AL22: 45810 | AM22: 45817 | AN22: 45818 | AO22: 45818 | AP22: 45814 | AQ22: 0 | AR22: 0 | AS22: 0 | AT22: 0 | AU22: 0 | AV22: 0 | AW22: งานพิมพ์ | AX22: / | AY22: 0 | AZ22: 0 | BA22: 0 | BB22: 0 | BC22: WRWT25800/WRWT25800 | BD22: 0
A23: 45797 | B23: MK68-000682 | C23: บจก.เพรซิเดนท์ฟลาวมิลล์ | D23: ผึ้งชมพู | E23: 19 | F23: 30 | G23: ขาว | H23: 0 | I23: 60 | J23: ± | K23: 5 | L23: บิด | M23: ไม่สวมถุงใน | N23: 0 | O23: 0 | P23: 0 | Q23: 0 | R23: 0 | S23: 500กระสอบ | T23: 45819 | U23: 30000 | V23: 0 | W23: 30000 | X23: 0 | Y23: 31500 | Z23: WSWT1925800 | AA23: 26403.3 | AB23: 12156 | AC23: 14247.3 | AD23: 0 | AE23: 0 | AF23: 0 | AG23: ยังไม่ได้พิมพ์ | AH23: P7 | AI23: 2 | AJ23: 45819 | AK23: 0 | AL23: 45810 | AM23: 45817 | AN23: 45818 | AO23: 45818 | AP23: 45814 | AQ23: 0 | AR23: 0 | AS23: 0 | AT23: 0 | AU23: 0 | AV23: 0 | AW23: งานพิมพ์ | AX23: / | AY23: 0 | AZ23: 0 | BA23: 0 | BB23: 0 | BC23: WRWT25800/WRWT25800 | BD23: 1034.6706
A24: 0 | B24: 0 | C24: 0 | D24: 0 | E24: 19 | F24: 30 | G24: ขาว | H24: 0 | I24: 60 | J24: ± | K24: 5 | L24: 0 | M24: 0 | N24: 0 | O24: 0 | P24: 0 | Q24: 0 | R24: 0 | S24: 0 | U24: 0 | V24: 0 | W24: 0 | X24: 0 | Y24: 0 | Z24: WSWT1925800 | AA24: 70967.6 | AB24: 56720.3 | AC24: 14247.3 | AD24: 0 | AE24: 0 | AF24: ระบุในSD | AG24: ยังไม่ได้พิมพ์ | AH24: 0 | AI24: Lead time | AJ24: 0 | AK24: 0 | AL24: 0 | AM24: 0 | AN24: 0 | AO24: 0 | AP24: 0 | AQ24: 0 | AR24: 0 | AS24: 0 | AT24: 0 | AU24: 0 | AV24: 0 | AW24: 0 | AX24: 0 | AY24: 0 | AZ24: 0 | BA24: 0 | BB24: 0 | BC24: WRWT25800/WRWT25800 | BD24: 0
A25: 45808 | B25: MK68-000724 | C25: บจก.เคอรี่ฟลาวมิลล์ | D25: กุ้งแดง | E25: 19 | F25: 30 | G25: ขาว | H25: 0 | I25: 63 | J25: + | K25: 5 | L25: บิด | M25: ไม่สวมถุงใน | N25: 0 | O25: 0 | P25: 0 | Q25: 0 | R25: 0 | S25: ห่ออัดเบลแบน500 | T25: 45814 | U25: 15000 | V25: 0 | W25: 15000 | X25: 0 | Y25: 15750 | Z25: WSWT1921720 | AA25: 13201.65 | AB25: 0 | AC25: 13201.65 | AD25: 0 | AE25: 0 | AF25: 0 | AG25: ยังไม่ได้พิมพ์ | AH25: P7 | AI25: 2 | AJ25: 45814 | AK25: 0 | AL25: 45805 | AM25: 45812 | AN25: 45813 | AO25: 45813 | AP25: 45809 | AQ25: 0 | AR25: 0 | AS25: 0 | AT25: 0 | AU25: 0 | AV25: 0 | AW25: งานพิมพ์ | AX25: 0 | AY25: 0 | AZ25: 0 | BA25: 0 | BB25: 0 | BC25: WRWT21720/WRWT25800 | BD25: 994.40695
A26: 45808 | B26: MK68-000724 | C26: บจก.เคอรี่ฟลาวมิลล์ | D26: 997 | E26: 19 | F26: 30 | G26: ขาว | H26: 0 | I26: 63 | J26: + | K26: 5 | L26: ไม่ | M26: ไม่สวมถุงใน | N26: 0 | O26: 0 | P26: 0 | Q26: 0 | R26: 0 | S26: ห่ออัดเบลแบน500 | T26: 45814 | U26: 5000 | V26: 0 | W26: 5000 | X26: 0 | Y26: 5250 | Z26: WSWT1921720 | AA26: 4400.55 | AB26: 0 | AC26: 4400.55 | AD26: 0 | AE26: 0 | AF26: 0 | AG26: ยังไม่ได้พิมพ์ | AH26: P7 | AI26: 2 | AJ26: 45814 | AK26: 0 | AL26: 45805 | AM26: 45812 | AN26: 45813 | AO26: 45813 | AP26: 45809 | AQ26: 0 | AR26: 0 | AS26: 0 | AT26: 0 | AU26: 0 | AV26: 0 | AW26: งานพิมพ์ | AX26: 0 | AY26: 0 | AZ26: 0 | BA26: 0 | BB26: 0 | BC26: WRWT21720/WRWT25800 | BD26: 331.46898
A27: 45808 | B27: MK68-000724 | C27: บจก.เคอรี่ฟลาวมิลล์ | D27: 913 | E27: 19 | F27: 30 | G27: ขาว | H27: 0 | I27: 63 | J27: + | K27: 5 | L27: ไม่ | M27: ไม่สวมถุงใน | N27: 0 | O27: 0 | P27: 0 | Q27: 0 | R27: 0 | S27: ห่ออัดเบลแบน500 | T27: 45814 | U27: 5000 | V27: 0 | W27: 5000 | X27: 0 | Y27: 5250 | Z27: WSWT1921720 | AA27: 4400.55 | AB27: 0 | AC27: 4400.55 | AD27: 0 | AE27: 0 | AF27: 0 | AG27: ยังไม่ได้พิมพ์ | AH27: P7 | AI27: 2 | AJ27: 45814 | AK27: 0 | AL27: 45805 | AM27: 45812 | AN27: 45813 | AO27: 45813 | AP27: 45809 | AQ27: 0 | AR27: 0 | AS27: 0 | AT27: 0 | AU27: 0 | AV27: 0 | AW27: งานพิมพ์ | AX27: 0 | AY27: 0 | AZ27: 0 | BA27: 0 | BB27: 0 | BC27: WRWT21720/WRWT25800 | BD27: 331.46898
A28: 45808 | B28: MK68-000724 | C28: บจก.เคอรี่ฟลาวมิลล์ | D28: ดอกไม้ม่วง | E28: 19 | F28: 30 | G28: ขาว | H28: 0 | I28: 63 | J28: + | K28: 5 | L28: บิด | M28: ไม่สวมถุงใน | N28: 0 | O28: 0 | P28: 0 | Q28: 0 | R28: 0 | S28: ห่ออัดเบลแบน500 | T28: 45815 | U28: 5000 | V28: 0 | W28: 5000 | X28: 0 | Y28: 5250 | Z28: WSWT1921720 | AA28: 4400.55 | AB28: 0 | AC28: 4400.55 | AD28: 0 | AE28: 0 | AF28: 0 | AG28: ผ้าขาว | AH28: P7 | AI28: 2 | AJ28: 45815 | AK28: 0 | AL28: 45806 | AM28: 45813 | AN28: 45814 | AO28: 45814 | AP28: 45810 | AQ28: 0 | AR28: 0 | AS28: 0 | AT28: 0 | AU28: 0 | AV28: 0 | AW28: งานพิมพ์ | AX28: 0 | AY28: 0 | AZ28: 0 | BA28: 0 | BB28: 0 | BC28: WRWT21720/WRWT25800 | BD28: 331.46898
A29: 45808 | B29: MK68-000724 | C29: บจก.เคอรี่ฟลาวมิลล์ | D29: ดอกไม้เหลือง | E29: 19 | F29: 30 | G29: ขาว | H29: 0 | I29: 63 | J29: + | K29: 5 | L29: บิด | M29: ไม่สวมถุงใน | N29: 0 | O29: 0 | P29: 0 | Q29: 0 | R29: 0 | S29: ห่ออัดเบลแบน500 | T29: 45815 | U29: 5000 | V29: 0 | W29: 5000 | X29: 0 | Y29: 5250 | Z29: WSWT1921720 | AA29: 4400.55 | AB29: 0 | AC29: 4400.55 | AD29: 0 | AE29: 0 | AF29: 0 | AG29: ยังไม่ได้พิมพ์ | AH29: P7 | AI29: 2 | AJ29: 45815 | AK29: 0 | AL29: 45806 | AM29: 45813 | AN29: 45814 | AO29: 45814 | AP29: 45810 | AQ29: 0 | AR29: 0 | AS29: 0 | AT29: 0 | AU29: 0 | AV29: 0 | AW29: งานพิมพ์ | AX29: 0 | AY29: 0 | AZ29: 0 | BA29: 0 | BB29: 0 | BC29: WRWT21720/WRWT25800 | BD29: 331.46898
A30: 45808 | B30: MK68-000724 | C30: บจก.เคอรี่ฟลาวมิลล์ | D30: ดอกไม้แดง | E30: 19 | F30: 30 | G30: ขาว | H30: 0 | I30: 63 | J30: + | K30: 5 | L30: บิด | M30: ไม่สวมถุงใน | N30: 0 | O30: 0 | P30: 0 | Q30: 0 | R30: 0 | S30: ห่ออัดเบลแบน500 | T30: 45815 | U30: 5000 | V30: 0 | W30: 5000 | X30: 0 | Y30: 5250 | Z30: WSWT1921720 | AA30: 4400.55 | AB30: 0 | AC30: 4400.55 | AD30: 0 | AE30: 0 | AF30: 0 | AG30: ยังไม่ได้พิมพ์ | AH30: P7 | AI30: 2 | AJ30: 45815 | AK30: 0 | AL30: 45806 | AM30: 45813 | AN30: 45814 | AO30: 45814 | AP30: 45810 | AQ30: 0 | AR30: 0 | AS30: 0 | AT30: 0 | AU30: 0 | AV30: 0 | AW30: งานพิมพ์ | AX30: 0 | AY30: 0 | AZ30: 0 | BA30: 0 | BB30: 0 | BC30: WRWT21720/WRWT25800 | BD30: 331.46898
A31: 45808 | B31: MK68-000725 | C31: บจก.เคอรี่ฟลาวมิลล์ | D31: ไม่พิมพ์ | E31: 19 | F31: 36 | G31: ขาว | H31: 0 | I31: 75 | J31: + | K31: 5 | L31: ไม่ | M31: ไม่สวมถุงใน | N31: 0 | O31: 0 | P31: 0 | Q31: 0 | R31: 0 | S31: ห่ออัดเบลแบน500 | T31: 45815 | U31: 10000 | V31: 0 | W31: 10000 | X31: 0 | Y31: 0 | Z31: WSWT1921720 | AA31: 10477.5 | AB31: 0 | AC31: 10477.5 | AD31: 0 | AE31: 0 | AF31: 0 | AG31: พร้อมส่ง | AH31: P3 | AI31: 2 | AJ31: 45815 | AK31: 0 | AL31: 0 | AM31: 0 | AN31: 0 | AO31: 45813 | AP31: 45810 | AQ31: 0 | AR31: 0 | AS31: 0 | AT31: 0 | AU31: 0 | AV31: 0 | AW31: ตัด | AX31: 0 | AY31: 0 | AZ31: 0 | BA31: 0 | BB31: 0 | BC31: WRWT21720/WRWT25800 | BD31: 789.21187
A32: 45808 | B32: MK68-000726 | C32: บจก.เคอรี่ฟลาวมิลล์ | D32: ถุงเขียว | E32: 19 | F32: 30 | G32: ขาว | H32: 0 | I32: 63 | J32: + | K32: 5 | L32: บิด | M32: ไม่สวมถุงใน | N32: 0 | O32: 0 | P32: 0 | Q32: 0 | R32: 0 | S32: ห่ออัดเบลแบน500 | T32: 45818 | U32: 10000 | V32: 0 | W32: 10000 | X32: 0 | Y32: 10500 | Z32: WSWT1921720 | AA32: 8801.1 | AB32: 0 | AC32: 8801.1 | AD32: 0 | AE32: 0 | AF32: 0 | AG32: ยังไม่ได้พิมพ์ | AH32: P7 | AI32: 2 | AJ32: 45818 | AK32: 0 | AL32: 45809 | AM32: 45816 | AN32: 45817 | AO32: 45817 | AP32: 45813 | AQ32: 0 | AR32: 0 | AS32: 0 | AT32: 0 | AU32: 0 | AV32: 0 | AW32: งานพิมพ์ | AX32: 0 | AY32: 0 | AZ32: 0 | BA32: 0 | BB32: 0 | BC32: WRWT21720/WRWT25800 | BD32: 662.93797
A33: 45808 | B33: MK68-000726 | C33: บจก.เคอรี่ฟลาวมิลล์ | D33: กุ้งแดง | E33: 19 | F33: 30 | G33: ขาว | H33: 0 | I33: 63 | J33: + | K33: 5 | L33: บิด | M33: ไม่สวมถุงใน | N33: 0 | O33: 0 | P33: 0 | Q33: 0 | R33: 0 | S33: ห่ออัดเบลแบน500 | T33: 45818 | U33: 10000 | V33: 0 | W33: 10000 | X33: 0 | Y33: 10500 | Z33: WSWT1921720 | AA33: 8801.1 | AB33: 0 | AC33: 8801.1 | AD33: 0 | AE33: 0 | AF33: 0 | AG33: ยังไม่ได้พิมพ์ | AH33: P7 | AI33: 2 | AJ33: 45818 | AK33: 0 | AL33: 45809 | AM33: 45816 | AN33: 45817 | AO33: 45817 | AP33: 45813 | AQ33: 0 | AR33: 0 | AS33: 0 | AT33: 0 | AU33: 0 | AV33: 0 | AW33: งานพิมพ์ | AX33: 0 | AY33: 0 | AZ33: 0 | BA33: 0 | BB33: 0 | BC33: WRWT21720/WRWT25800 | BD33: 662.93797
A34: 45808 | B34: MK68-000727 | C34: บจก.เคอรี่ฟลาวมิลล์ | D34: ดอกไม้เขียว | E34: 19 | F34: 32 | G34: ขาว | H34: 0 | I34: 67 | J34: + | K34: 5 | L34: บิด | M34: ไม่สวมถุงใน | N34: 0 | O34: 0 | P34: 0 | Q34: 0 | R34: 0 | S34: ห่ออัดเบลแบน500 | T34: 45818 | U34: 5000 | V34: 5502 | W34: 0 | X34: 5300 | Y34: 0 | Z34: WSWT1921720 | AA34: 0 | AB34: 0 | AC34: 0 | AD34: 0 | AE34: 0 | AF34: 0 | AG34: ยังไม่ได้พิมพ์ | AH34: P7 | AI34: 2 | AJ34: 45818 | AK34: 0 | AL34: 45809 | AM34: 45816 | AN34: 45817 | AO34: 45817 | AP34: 45813 | AQ34: 0 | AR34: 0 | AS34: 0 | AT34: 0 | AU34: 0 | AV34: 0 | AW34: งานพิมพ์ | AX34: 0 | AY34: 0 | AZ34: 0 | BA34: 0 | BB34: 0 | BC34: WRWT21720/WRWT25800 | BD34: 0
A35: 45808 | B35: MK68-000726 | C35: บจก.เคอรี่ฟลาวมิลล์ | D35: กุ้งแดง | E35: 19 | F35: 30 | G35: ขาว | H35: 0 | I35: 63 | J35: + | K35: 5 | L35: บิด | M35: ไม่สวมถุงใน | N35: 0 | O35: 0 | P35: 0 | Q35: 0 | R35: 0 | S35: ห่ออัดเบลแบน500 | T35: 45820 | U35: 5000 | V35: 0 | W35: 5000 | X35: 0 | Y35: 5250 | Z35: WSWT1921720 | AA35: 4400.55 | AB35: 0 | AC35: 4400.55 | AD35: 0 | AE35: 0 | AF35: 0 | AG35: ยังไม่ได้พิมพ์ | AH35: P7 | AI35: 2 | AJ35: 45820 | AK35: 0 | AL35: 45811 | AM35: 45818 | AN35: 45819 | AO35: 45819 | AP35: 45815 | AQ35: 0 | AR35: 0 | AS35: 0 | AT35: 0 | AU35: 0 | AV35: 0 | AW35: งานพิมพ์ | AX35: 0 | AY35: 0 | AZ35: 0 | BA35: 0 | BB35: 0 | BC35: WRWT21720/WRWT25800 | BD35: 331.46898
A36: 45808 | B36: MK68-000727 | C36: บจก.เคอรี่ฟลาวมิลล์ | D36: ดอกไม้แดง | E36: 19 | F36: 32 | G36: ขาว | H36: 0 | I36: 67 | J36: + | K36: 5 | L36: บิด | M36: ไม่สวมถุงใน | N36: 0 | O36: 0 | P36: 0 | Q36: 0 | R36: 0 | S36: ห่ออัดเบลแบน501 | T36: 45820 | U36: 20000 | V36: 0 | W36: 20000 | X36: 0 | Y36: 21000 | Z36: WSWT1921720 | AA36: 18719.8 | AB36: 0 | AC36: 18719.8 | AD36: 0 | AE36: 0 | AF36: 0 | AG36: รอแบบ | AH36: P7 | AI36: 2 | AJ36: 45820 | AK36: 0 | AL36: 45811 | AM36: 45818 | AN36: 45819 | AO36: 45819 | AP36: 45815 | AQ36: 0 | AR36: 0 | AS36: 0 | AT36: 0 | AU36: 0 | AV36: 0 | AW36: งานพิมพ์ | AX36: 0 | AY36: 0 | AZ36: 0 | BA36: 0 | BB36: 0 | BC36: WRWT21720/WRWT25800 | BD36: 1410.0585
A37: 45808 | B37: MK68-000726 | C37: บจก.เคอรี่ฟลาวมิลล์ | D37: กุ้งแดง | E37: 19 | F37: 30 | G37: ขาว | H37: 0 | I37: 63 | J37: + | K37: 5 | L37: บิด | M37: ไม่สวมถุงใน | N37: 0 | O37: 0 | P37: 0 | Q37: 0 | R37: 0 | S37: ห่ออัดเบลแบน500 | T37: 45825 | U37: 10000 | V37: 0 | W37: 10000 | X37: 0 | Y37: 10500 | Z37: WSWT1921720 | AA37: 8801.1 | AB37: 0 | AC37: 8801.1 | AD37: 0 | AE37: 0 | AF37: 0 | AG37: รอตัด | AH37: P7 | AI37: 2 | AJ37: 45825 | AK37: 0 | AL37: 45816 | AM37: 45823 | AN37: 45824 | AO37: 45824 | AP37: 45820 | AQ37: 0 | AR37: 0 | AS37: 0 | AT37: 0 | AU37: 0 | AV37: 0 | AW37: งานพิมพ์ | AX37: 0 | AY37: 0 | AZ37: 0 | BA37: 0 | BB37: 0 | BC37: WRWT21720/WRWT25800 | BD37: 662.93797
A38: 45808 | B38: MK68-000727 | C38: บจก.เคอรี่ฟลาวมิลล์ | D38: ดอกไม้แดง | E38: 19 | F38: 32 | G38: ขาว | H38: 0 | I38: 67 | J38: + | K38: 5 | L38: บิด | M38: ไม่สวมถุงใน | N38: 0 | O38: 0 | P38: 0 | Q38: 0 | R38: 0 | S38: ห่ออัดเบลแบน501 | T38: 45825 | U38: 15000 | V38: 0 | W38: 15000 | X38: 0 | Y38: 15750 | Z38: WSWT1921720 | AA38: 14039.85 | AB38: 0 | AC38: 14039.85 | AD38: 0 | AE38: 0 | AF38: 0 | AG38: พร้อมส่ง | AH38: P7 | AI38: 2 | AJ38: 45825 | AK38: 0 | AL38: 45816 | AM38: 45823 | AN38: 45824 | AO38: 45824 | AP38: 45820 | AQ38: 0 | AR38: 0 | AS38: 0 | AT38: 0 | AU38: 0 | AV38: 0 | AW38: งานพิมพ์ | AX38: 0 | AY38: 0 | AZ38: 0 | BA38: 0 | BB38: 0 | BC38: WRWT21720/WRWT25800 | BD38: 1057.5439
A39: ประมาณการ | B39: ประมาณการ | C39: บจก.เคอรี่ฟลาวมิลล์ | D39: รอแบบ | E39: 19 | F39: 30 | G39: ขาว | H39: 0 | I39: 63 | J39: + | K39: 5 | L39: บิด | M39: ไม่สวมถุงใน | N39: 0 | O39: 0 | P39: 0 | Q39: 0 | R39: 0 | S39: ห่ออัดเบลแบน500 | T39: 45838 | U39: 275000 | V39: 0 | W39: 275000 | X39: 0 | Y39: 288750 | Z39: WSWT1921720 | AA39: 242030.25 | AB39: 63948 | AC39: 178082.25 | AD39: 0 | AE39: 0 | AF39: 0 | AG39: ยังไม่ได้พิมพ์ | AH39: P7 | AI39: 2 | AJ39: 45838 | AK39: 0 | AL39: 45829 | AM39: 45836 | AN39: 45837 | AO39: 45837 | AP39: 45833 | AQ39: 0 | AR39: 0 | AS39: 0 | AT39: 0 | AU39: 0 | AV39: 0 | AW39: งานพิมพ์ | AX39: / | AY39: 0 | AZ39: 0 | BA39: 0 | BB39: 0 | BC39: WRWT21720/WRWT25800 | BD39: 13413.947
A40: 0 | B40: ใบรับคำสั่งซื้อ | C40: บจก.เคอรี่ฟลาวมิลล์ | D40: ถุงทองแซนวิช | E40: 19 | F40: 30 | G40: ขาว | H40: 0 | I40: 63 | J40: + | K40: 5 | L40: บิด | M40: ไม่สวมถุงใน | N40: 0 | O40: 0 | P40: 0 | Q40: 0 | R40: 0 | S40: ห่ออัดเบลแบน500 | T40: รอแจ้ง | U40: 5000 | V40: 0 | W40: 5000 | X40: 5300 | Y40: 0 | Z40: WSWT1921720 | AA40: 0 | AB40: 0 | AC40: 0 | AD40: 0 | AE40: 0 | AF40: 0 | AG40: พร้อมส่ง | AH40: P7 | AI40: 2 | AJ40: รอแจ้ง | AK40: 0 | AL40: #VALUE! | AM40: #VALUE! | AN40: #VALUE! | AO40: #VALUE! | AP40: #VALUE! | AQ40: 0 | AR40: 0 | AS40: 0 | AT40: 0 | AU40: 0 | AV40: 0 | AW40: งานพิมพ์ | AX40: 0 | AY40: 0 | AZ40: 0 | BA40: 0 | BB40: 0 | BC40: WRWT21720/WRWT25800 | BD40: 0
A41: 0 | B41: 0 | C41: 0 | D41: 0 | E41: 19 | F41: 30 | G41: 0 | H41: 0 | I41: 63 | J41: + | K41: 5 | L41: 0 | M41: 0 | N41: 0 | O41: 0 | P41: 0 | Q41: 0 | R41: 0 | S41: 0 | U41: 0 | V41: 0 | W41: 0 | X41: 0 | Y41: 0 | Z41: WSWT1921720 | AA41: 351275.65 | AB41: 63948 | AC41: 287327.65 | AD41: 0 | AE41: 0 | AF41: ระบุในSD | AG41: พร้อมส่ง | AH41: 0 | AI41: Lead time | AJ41: 0 | AK41: 0 | AL41: 0 | AM41: 0 | AN41: 0 | AO41: 0 | AP41: 0 | AQ41: 0 | AR41: 0 | AS41: 0 | AT41: 0 | AU41: 0 | AV41: 0 | AW41: 0 | AX41: 0 | AY41: 0 | AZ41: 0 | BA41: 0 | BB41: 0 | BC41: WRWT190720/WRWT25800 | BD41: 0
A42: 45803 | B42: MK68-000705 | C42: บจก.ไมโครอินโนเวท | D42: B Soy Digest กลาง | E42: 19 | F42: 34 | G42: ขาว | H42: ด้าน | I42: 84 | J42: ± | K42: 5 | L42: จับจีบ | M42: 20 | N42: 37 | O42: 40 | P42: 182.5648 | Q42: 0 | R42: 182.5648 | S42: 500กระสอบแบน | T42: 45814 | U42: 10000 | V42: 0 | W42: 10000 | X42: 0 | Y42: 10500 | Z42: WSWT1925800SM | AA42: 9918.7 | AB42: 9918.7 | AC42: 0 | AD42: 0 | AE42: 9918.7 | AF42: 0 | AG42: พร้อมส่ง | AH42: P8 | AI42: 4 | AJ42: 45814 | AK42: 45810 | AL42: 45804 | AM42: 45811 | AN42: 45812 | AO42: 45812 | AP42: 45809 | AQ42: 45813 | AR42: 0 | AS42: 0 | AT42: 0 | AU42: 0 | AV42: 0 | AW42: งานเคลือบ+พิมพ์ | AX42: / | AY42: 0 | AZ42: 0 | BA42: 0 | BB42: 0 | BC42: WRWT25800/WRWT25800 | BD42: 0
A43: 0 | B43: 0 | C43: 0 | D43: 0 | E43: 19 | F43: 30 | G43: 0 | H43: 0 | I43: 56 | J43: ± | K43: 5 | L43: 0 | M43: 0 | N43: 0 | O43: 0 | P43: 0 | Q43: 0 | R43: 0 | S43: 0 | U43: 0 | W43: 0 | X43: 0 | Y43: 0 | Z43: WSWT1925800SM | AA43: 9918.7 | AB43: 9918.7 | AC43: 0 | AD43: 0 | AE43: 9918.7 | AF43: ระบุในSD | AG43: ยังไม่ได้พิมพ์ | AH43: 0 | AI43: Lead time | AJ43: 0 | AK43: 0 | AL43: 0 | AM43: 0 | AN43: 0 | AO43: 0 | AP43: 0 | AQ43: 0 | AR43: 0 | AS43: 0 | AT43: 0 | AU43: 0 | AV43: 0 | AW43: 0 | AX43: 0 | AY43: 0 | AZ43: 0 | BA43: 0 | BB43: 0 | BC43: WRWT190800/WRWT25800 | BD43: 0
A44: 45796 | B44: MK68-000680 | C44: บจก.อินเทคค์ โกลบอล | D44: เพอเฟคค์103P โกลด์ | E44: 19 | F44: 34 | G44: ขาว | H44: ด้าน | I44: 100 | J44: ± | K44: 5 | L44: จับจีบ4" | M44: ไม่สวมถุงใน | N44: 0 | O44: 0 | P44: 0 | Q44: 0 | R44: 0 | S44: มัด80 ใช้สายรัด | T44: รอแจ้ง | U44: 503 | V44: 0 | W44: 503 | X44: 5250 | Y44: 0 | Z44: WSWT19251000SM | AA44: 0 | AB44: 0 | AC44: 0 | AD44: 0 | AE44: 0 | AF44: 0 | AG44: พร้อมส่ง | AH44: P6 | AI44: 4 | AJ44: รอแจ้ง | AK44: #VALUE! | AL44: #VALUE! | AM44: #VALUE! | AN44: #VALUE! | AO44: #VALUE! | AP44: #VALUE! | AQ44: 0 | AR44: 0 | AS44: 0 | AT44: 0 | AU44: 0 | AV44: 0 | AW44: งานเคลือบ+พิมพ์ | AX44: / | AY44: 0 | AZ44: 0 | BA44: 0 | BB44: 0 | BC44: WRWT251000/WRWT251000 | BD44: 0
A45: 0 | B45: 0 | C45: 0 | D45: 0 | E45: 19 | F45: 34 | G45: ขาว | H45: 0 | I45: 80 | J45: ± | K45: 5 | L45: 0 | M45: 0 | N45: 0 | O45: 0 | P45: 0 | Q45: 0 | R45: 0 | S45: 0 | U45: 0 | V45: 0 | W45: 0 | X45: 0 | Y45: 0 | Z45: WSWT19251000SM | AA45: 0 | AB45: 0 | AC45: 0 | AD45: 0 | AE45: 0 | AF45: ระบุในSD | AG45: พร้อมส่ง | AH45: 0 | AI45: Lead time | AJ45: 0 | AK45: 0 | AL45: 0 | AM45: 0 | AN45: 0 | AO45: 0 | AP45: 0 | AQ45: 0 | AR45: 0 | AS45: 0 | AT45: 0 | AU45: 0 | AV45: 0 | AW45: 0 | AX45: 0 | AY45: 0 | AZ45: 0 | BA45: 0 | BB45: 0 | BC45: WRWT251000/WRYL251000 | BD45: 0
A46: ประมาณการ | B46: ประมาณการ | C46: บจก.เอเชียเหมืองแร่ | D46: AMPC | E46: 20 | F46: 32 | G46: ขาว | H46: 0 | I46: 60 | J46: ± | K46: 5 | L46: ไม่ | M46: ไม่สวมถุงใน | N46: 0 | O46: 0 | P46: 0 | Q46: 0 | R46: 0 | S46: 500กระสอบ | T46: 45838 | U46: 20000 | V46: 0 | W46: 20000 | X46: 0 | Y46: 21000 | Z46: WSWT2025650 | AA46: 18719.8 | AB46: 0 | AC46: 18719.8 | AD46: 0 | AE46: 0 | AF46: 0 | AG46: พร้อมส่ง | AH46: P7 | AI46: 2 | AJ46: 45838 | AK46: 0 | AL46: 45829 | AM46: 45836 | AN46: 45837 | AO46: 45837 | AP46: 45833 | AQ46: 0 | AR46: 0 | AS46: 0 | AT46: 0 | AU46: 0 | AV46: 0 | AW46: งานพิมพ์ | AX46: 0 | AY46: 0 | AZ46: 0 | BA46: 0 | BB46: 0 | BC46: WRWT25650/WRWT25650 | BD46: 1149.1877
A47: 0 | B47: 0 | C47: 0 | D47: 0 | E47: 20 | F47: 37 | G47: ขาว | H47: 0 | I47: 65 | J47: ± | K47: 5 | L47: 0 | M47: 0 | N47: 0 | O47: 0 | P47: 0 | Q47: 0 | R47: 0 | S47: 0 | U47: 0 | V47: 0 | W47: 0 | X47: 0 | Y47: 0 | Z47: WSWT2025650 | AA47: 18719.8 | AB47: 0 | AC47: 18719.8 | AD47: 0 | AE47: 0 | AF47: ระบุในSD | AG47: รอตัด | AH47: 0 | AI47: Lead time | AJ47: 0 | AK47: 0 | AL47: 0 | AM47: 0 | AN47: 0 | AO47: 0 | AP47: 0 | AQ47: 0 | AR47: 0 | AS47: 0 | AT47: 0 | AU47: 0 | AV47: 0 | AW47: 0 | AX47: 0 | AY47: 0 | AZ47: 0 | BA47: 0 | BB47: 0 | BC47: WRWT25650/WRWT25650 | BD47: 0
A48: 45796 | B48: MK68-000671 | C48: บจก.อินเทคค์ โกลบอล | D48: เฟิร์สช้อย 902 | E48: 20 | F48: 36 | G48: ขาว | H48: ด้าน | I48: 100 | J48: ± | K48: 5 | L48: จับจีบ | M48: ไม่สวมถุงใน | N48: 0 | O48: 0 | P48: 0 | Q48: 0 | R48: 0 | S48: มัด80 ใช้สายรัด | T48: รอแจ้ง | U48: 366 | V48: 0 | W48: 366 | X48: 5113 | Y48: 0 | Z48: WSWT2025800SM | AA48: 0 | AB48: 0 | AC48: 0 | AD48: 0 | AE48: 0 | AF48: 0 | AG48: ยังไม่ได้พิมพ์ | AH48: P6 | AI48: 4 | AJ48: รอแจ้ง | AK48: #VALUE! | AL48: #VALUE! | AM48: #VALUE! | AN48: #VALUE! | AO48: #VALUE! | AP48: #VALUE! | AQ48: 0 | AR48: 0 | AS48: 0 | AT48: 0 | AU48: 0 | AV48: 0 | AW48: งานเคลือบ+พิมพ์ | AX48: / | AY48: 0 | AZ48: 0 | BA48: 0 | BB48: 0 | BC48: WRWT25850/WRWT25850 | BD48: 0
A49: 45796 | B49: MK68-000671 | C49: บจก.อินเทคค์ โกลบอล | D49: เฟิร์สช้อย 911 | E49: 20 | F49: 36 | G49: ขาว | H49: ด้าน | I49: 100 | J49: ± | K49: 5 | L49: จับจีบ | M49: ไม่สวมถุงใน | N49: 0 | O49: 0 | P49: 0 | Q49: 0 | R49: 0 | S49: มัด80 ใช้สายรัด | T49: 45813 | U49: 3280 | V49: 0 | W49: 3280 | X49: 5975 | Y49: 0 | Z49: WSWT2025800SM | AA49: 0 | AB49: 0 | AC49: 0 | AD49: 0 | AE49: 0 | AF49: 0 | AG49: พร้อมส่ง | AH49: P6 | AI49: 4 | AJ49: 45813 | AK49: 45809 | AL49: 45802 | AM49: 45810 | AN49: 45811 | AO49: 45812 | AP49: 45808 | AQ49: 0 | AR49: 0 | AS49: 0 | AT49: 0 | AU49: 0 | AV49: 0 | AW49: งานเคลือบ+พิมพ์ | AX49: / | AY49: 0 | AZ49: 0 | BA49: 0 | BB49: 0 | BC49: WRWT25850/WRWT25850 | BD49: 0
A50: 45796 | B50: MK68-000672 | C50: บจก.อินเทคค์ โกลบอล | D50: เฟิร์สช้อย 912 | E50: 20 | F50: 36 | G50: ขาว | H50: ด้าน | I50: 100 | J50: ± | K50: 5 | L50: จับจีบ | M50: ไม่สวมถุงใน | N50: 0 | O50: 0 | P50: 0 | Q50: 0 | R50: 0 | S50: มัด80 ใช้สายรัด | T50: 45813 | U50: 3853 | V50: 0 | W50: 3853 | X50: 15401 | Y50: 0 | Z50: WSWT2025800SM | AA50: 0 | AB50: 0 | AC50: 0 | AD50: 0 | AE50: 0 | AF50: 0 | AG50: พร้อมส่ง | AH50: P6 | AI50: 4 | AJ50: 45813 | AK50: 45809 | AL50: 45802 | AM50: 45810 | AN50: 45811 | AO50: 45812 | AP50: 45808 | AQ50: 0 | AR50: 0 | AS50: 0 | AT50: 0 | AU50: 0 | AV50: 0 | AW50: งานเคลือบ+พิมพ์ | AX50: / | AY50: 0 | AZ50: 0 | BA50: 0 | BB50: 0 | BC50: WRWT25850/WRWT25850 | BD50: 0
A51: 45796 | B51: MK68-000672 | C51: บจก.อินเทคค์ โกลบอล | D51: เฟิร์สช้อย 913 | E51: 20 | F51: 36 | G51: ขาว | H51: ด้าน | I51: 100 | J51: ± | K51: 5 | L51: จับจีบ | M51: ไม่สวมถุงใน | N51: 0 | O51: 0 | P51: 0 | Q51: 0 | R51: 0 | S51: มัด80 ใช้สายรัด | T51: 45813 | U51: 4349 | V51: 0 | W51: 4349 | X51: 0 | Y51: 4566.45 | Z51: WSWT2025800SM | AA51: 4556.6647 | AB51: 4556.6647 | AC51: 0 | AD51: 0 | AE51: 4556.6647 | AF51: 0 | AG51: รอตัด | AH51: P6 | AI51: 4 | AJ51: 45813 | AK51: 45809 | AL51: 45802 | AM51: 45810 | AN51: 45811 | AO51: 45812 | AP51: 45808 | AQ51: 0 | AR51: 0 | AS51: 0 | AT51: 0 | AU51: 0 | AV51: 0 | AW51: งานเคลือบ+พิมพ์ | AX51: / | AY51: 0 | AZ51: 0 | BA51: 0 | BB51: 0 | BC51: WRWT25850/WRWT25850 | BD51: 0
A52: 45796 | B52: MK68-000673 | C52: บจก.อินเทคค์ โกลบอล | D52: เพอเฟคค์ 000 | E52: 20 | F52: 36 | G52: ขาว | H52: ด้าน | I52: 100 | J52: ± | K52: 5 | L52: จับจีบ | M52: ไม่สวมถุงใน | N52: 0 | O52: 0 | P52: 0 | Q52: 0 | R52: 0 | S52: มัด80 ใช้สายรัด | T52: รอแจ้ง | U52: 179 | V52: 0 | W52: 179 | X52: 11000 | Y52: 0 | Z52: WSWT2025800SM | AA52: 0 | AB52: 0 | AC52: 0 | AD52: 0 | AE52: 0 | AF52: 0 | AG52: พิมพ์ไม่ครบ | AH52: P6 | AI52: 4 | AJ52: รอแจ้ง | AK52: #VALUE! | AL52: #VALUE! | AM52: #VALUE! | AN52: #VALUE! | AO52: #VALUE! | AP52: #VALUE! | AQ52: 0 | AR52: 0 | AS52: 0 | AT52: 0 | AU52: 0 | AV52: 0 | AW52: งานเคลือบ+พิมพ์ | AX52: / | AY52: 0 | AZ52: 0 | BA52: 0 | BB52: 0 | BC52: WRWT25850/WRWT25850 | BD52: 0
A53: 45796 | B53: MK68-000673 | C53: บจก.อินเทคค์ โกลบอล | D53: เพอเฟคค์ 902 | E53: 20 | F53: 36 | G53: ขาว | H53: ด้าน | I53: 100 | J53: ± | K53: 5 | L53: จับจีบ | M53: ไม่สวมถุงใน | N53: 0 | O53: 0 | P53: 0 | Q53: 0 | R53: 0 | S53: มัด80 ใช้สายรัด | T53: รอแจ้ง | U53: 302 | V53: 0 | W53: 302 | X53: 5300 | Y53: 0 | Z53: WSWT2025800SM | AA53: 0 | AB53: 0 | AC53: 0 | AD53: 0 | AE53: 0 | AF53: 0 | AG53: ยังไม่ได้พิมพ์ | AH53: P6 | AI53: 4 | AJ53: รอแจ้ง | AK53: #VALUE! | AL53: #VALUE! | AM53: #VALUE! | AN53: #VALUE! | AO53: #VALUE! | AP53: #VALUE! | AQ53: 0 | AR53: 0 | AS53: 0 | AT53: 0 | AU53: 0 | AV53: 0 | AW53: งานเคลือบ+พิมพ์ | AX53: / | AY53: 0 | AZ53: 0 | BA53: 0 | BB53: 0 | BC53: WRWT25850/WRWT25850 | BD53: 0
A54: 45796 | B54: MK68-000674 | C54: บจก.อินเทคค์ โกลบอล | D54: เพอเฟคค์ 913 | E54: 20 | F54: 36 | G54: ขาว | H54: ด้าน | I54: 100 | J54: ± | K54: 5 | L54: จับจีบ | M54: ไม่สวมถุงใน | N54: 0 | O54: 0 | P54: 0 | Q54: 0 | R54: 0 | S54: มัด80 ใช้สายรัด | T54: รอแจ้ง | U54: 1200 | V54: 0 | W54: 1200 | X54: 10700 | Y54: 0 | Z54: WSWT2025800SM | AA54: 0 | AB54: 0 | AC54: 0 | AD54: 0 | AE54: 0 | AF54: 0 | AG54: พิมพ์ไม่ครบ | AH54: P6 | AI54: 4 | AJ54: รอแจ้ง | AK54: #VALUE! | AL54: #VALUE! | AM54: #VALUE! | AN54: #VALUE! | AO54: #VALUE! | AP54: #VALUE! | AQ54: 0 | AR54: 0 | AS54: 0 | AT54: 0 | AU54: 0 | AV54: 0 | AW54: งานเคลือบ+พิมพ์ | AX54: / | AY54: 0 | AZ54: 0 | BA54: 0 | BB54: 0 | BC54: WRWT25850/WRWT25850 | BD54: 0
A55: 45796 | B55: MK68-000675 | C55: บจก.อินเทคค์ โกลบอล | D55: เพอเฟคค์ 914 | E55: 20 | F55: 36 | G55: ขาว | H55: ด้าน | I55: 100 | J55: ± | K55: 5 | L55: จับจีบ | M55: ไม่สวมถุงใน | N55: 0 | O55: 0 | P55: 0 | Q55: 0 | R55: 0 | S55: มัด80 ใช้สายรัด | T55: 45814 | U55: 40000 | V55: 0 | W55: 40000 | X55: 11000 | Y55: 30450 | Z55: WSWT2025800SM | AA55: 31903.988 | AB55: 31903.988 | AC55: 0 | AD55: 0 | AE55: 31903.988 | AF55: 0 | AG55: พร้อมส่ง | AH55: P6 | AI55: 4 | AJ55: 45814 | AK55: 45810 | AL55: 45803 | AM55: 45811 | AN55: 45812 | AO55: 45813 | AP55: 45809 | AQ55: 0 | AR55: 0 | AS55: 0 | AT55: 0 | AU55: 0 | AV55: 0 | AW55: งานเคลือบ+พิมพ์ | AX55: / | AY55: 2/6---6/6 | AZ55: 0 | BA55: 0 | BB55: 0 | BC55: WRWT25850/WRWT25850 | BD55: 0
A56: 45766 | B56: MK68-000555 | C56: บจก.อินเทคค์ โกลบอล | D56: เพอเฟคค์ 914 | E56: 20 | F56: 36 | G56: ขาว | H56: ด้าน | I56: 100 | J56: ± | K56: 5 | L56: จับจีบ4" | M56: ไม่สวมถุงใน | N56: 0 | O56: 0 | P56: 0 | Q56: 0 | R56: 0 | S56: มัด80 ใช้สายรัด | T56: 45814 | U56: 1866 | V56: 608 | W56: 1258 | X56: 0 | Y56: 1320.9 | Z56: WSWT2025800SM | AA56: 1318.0695 | AB56: 1318.0695 | AC56: 0 | AD56: 0 | AE56: 1318.0695 | AF56: ห้ามขาด-ห้ามเกิน | AG56: ยังไม่ได้พิมพ์ | AH56: P6 | AI56: 4 | AJ56: 45814 | AK56: 45810 | AL56: 45803 | AM56: 45811 | AN56: 45812 | AO56: 45813 | AP56: 45809 | AQ56: 0 | AR56: 0 | AS56: 0 | AT56: 0 | AU56: 0 | AV56: 0 | AW56: งานเคลือบ+พิมพ์ | AX56: / | AY56: 0 | AZ56: 0 | BA56: 0 | BB56: 0 | BC56: WRWT25850/WRWT25850 | BD56: 0
A57: 45796 | B57: MK68-000676 | C57: บจก.อินเทคค์ โกลบอล | D57: เพอเฟคค์ 916 | E57: 20 | F57: 36 | G57: ขาว | H57: ด้าน | I57: 100 | J57: ± | K57: 5 | L57: จับจีบ | M57: ไม่สวมถุงใน | N57: 0 | O57: 0 | P57: 0 | Q57: 0 | R57: 0 | S57: มัด80 ใช้สายรัด | T57: 45814 | U57: 10000 | V57: 0 | W57: 10000 | X57: 7741 | Y57: 2371.95 | Z57: WSWT2025800SM | AA57: 2485.2106 | AB57: 2485.2106 | AC57: 0 | AD57: 0 | AE57: 2485.2106 | AF57: 0 | AG57: ยังไม่ได้พิมพ์ | AH57: P6 | AI57: 4 | AJ57: 45814 | AK57: 45810 | AL57: 45803 | AM57: 45811 | AN57: 45812 | AO57: 45813 | AP57: 45809 | AQ57: 0 | AR57: 0 | AS57: 0 | AT57: 0 | AU57: 0 | AV57: 0 | AW57: งานเคลือบ+พิมพ์ | AX57: / | AY57: 0 | AZ57: 0 | BA57: 0 | BB57: 0 | BC57: WRWT25850/WRWT25850 | BD57: 0
A58: 45766 | B58: MK68-000555 | C58: บจก.อินเทคค์ โกลบอล | D58: เพอเฟคค์ 916 | E58: 20 | F58: 36 | G58: ขาว | H58: ด้าน | I58: 100 | J58: ± | K58: 5 | L58: จับจีบ4" | M58: ไม่สวมถุงใน | N58: 0 | O58: 0 | P58: 0 | Q58: 0 | R58: 0 | S58: มัด80 ใช้สายรัด | T58: 45814 | U58: 1120 | V58: 700 | W58: 420 | X58: 0 | Y58: 441 | Z58: WSWT2025800SM | AA58: 440.055 | AB58: 440.055 | AC58: 0 | AD58: 0 | AE58: 440.055 | AF58: ห้ามขาด-ห้ามเกิน | AG58: ยังไม่ได้พิมพ์ | AH58: P6 | AI58: 4 | AJ58: 45814 | AK58: 45810 | AL58: 45803 | AM58: 45811 | AN58: 45812 | AO58: 45813 | AP58: 45809 | AQ58: 0 | AR58: 0 | AS58: 0 | AT58: 0 | AU58: 0 | AV58: 0 | AW58: งานเคลือบ+พิมพ์ | AX58: / | AY58: 0 | AZ58: 0 | BA58: 0 | BB58: 0 | BC58: WRWT25850/WRWT25850 | BD58: 0
A59: 45720 | B59: MK68-000326 | C59: บจก.เอพีเอ็ม อะโกร | D59: ฟีล กู๊ด พี05 | E59: 20 | F59: 38 | G59: ขาว | H59: ใส | I59: 100 | J59: ± | K59: 5 | L59: บิด | M59: ไม่สวมถุงใน | N59: 0 | O59: 0 | P59: 0 | Q59: 0 | R59: 0 | S59: 500กระสอบแบน | T59: 45817 | U59: 3000 | V59: 0 | W59: 3000 | X59: 0 | Y59: 3150 | Z59: WSWT2025800SM | AA59: 3310.89 | AB59: 3310.89 | AC59: 0 | AD59: 3310.89 | AE59: 0 | AF59: 0 | AG59: ยังไม่ได้พิมพ์ | AH59: P6 | AI59: 4 | AJ59: 45817 | AK59: 45813 | AL59: 45806 | AM59: 45814 | AN59: 45815 | AO59: 45816 | AP59: 45812 | AQ59: 0 | AR59: 0 | AS59: 0 | AT59: 0 | AU59: 0 | AV59: 0 | AW59: งานเคลือบ+พิมพ์ | AX59: / | AY59: 0 | AZ59: 0 | BA59: 0 | BB59: 0 | BC59: WRWT25850/WRWT25850 | BD59: 0
A60: 45799 | B60: MK68-000694 | C60: บจก.เอ.เจ.ฟาร์ม่าแล็บ | D60: เวท-มิน | E60: 20 | F60: 34 | G60: ขาว | H60: ใส | I60: 95 | J60: ± | K60: 5 | L60: จับจีบ | M60: ไม่สวมถุงใน | N60: 0 | O60: 0 | P60: 0 | Q60: 0 | R60: 0 | S60: 500กระสอบ | T60: 45819 | U60: 12000 | V60: 0 | W60: 12000 | X60: 0 | Y60: 12600 | Z60: WSWT2025800SM | AA60: 11902.44 | AB60: 11902.44 | AC60: 0 | AD60: 0 | AE60: 11902.44 | AF60: ห้ามขาด-ห้ามเกิน | AG60: พร้อมส่ง | AH60: P6 | AI60: 4 | AJ60: 45819 | AK60: 45815 | AL60: 45808 | AM60: 45816 | AN60: 45817 | AO60: 45818 | AP60: 45814 | AQ60: 0 | AR60: 0 | AS60: 0 | AT60: 0 | AU60: 0 | AV60: 0 | AW60: งานเคลือบ+พิมพ์ | AX60: / | AY60: 0 | AZ60: 0 | BA60: 0 | BB60: 0 | BC60: WRWT25850/WRWT25850 | BD60: 0
A61: 45799 | B61: MK68-000694 | C61: บจก.เอ.เจ.ฟาร์ม่าแล็บ | D61: เบส-มิน | E61: 20 | F61: 34 | G61: ขาว | H61: ใส | I61: 95 | J61: ± | K61: 5 | L61: จับจีบ | M61: ไม่สวมถุงใน | N61: 0 | O61: 0 | P61: 0 | Q61: 0 | R61: 0 | S61: 500กระสอบ | T61: 45819 | U61: 8000 | V61: 0 | W61: 8000 | X61: 0 | Y61: 8400 | Z61: WSWT2025800SM | AA61: 7934.96 | AB61: 3046 | AC61: 4888.96 | AD61: 0 | AE61: 7934.96 | AF61: ห้ามขาด-ห้ามเกิน | AG61: พร้อมส่ง | AH61: P6 | AI61: 4 | AJ61: 45819 | AK61: 45815 | AL61: 45808 | AM61: 45816 | AN61: 45817 | AO61: 45818 | AP61: 45814 | AQ61: 0 | AR61: 0 | AS61: 0 | AT61: 0 | AU61: 0 | AV61: 0 | AW61: งานเคลือบ+พิมพ์ | AX61: / | AY61: 0 | AZ61: 0 | BA61: 0 | BB61: 0 | BC61: WRWT25850/WRWT25850 | BD61: 369.38809
A62: 45782 | B62: MK68-000609 | C62: บจก.เอสพีเอ็ม อาหารสัตว์ | D62: SW 441 | E62: 20 | F62: 38 | G62: ขาว | H62: ใส | I62: 100 | J62: ± | K62: 5 | L62: บิด | M62: ไม่สวมถุงใน | N62: 0 | O62: 0 | P62: 0 | Q62: 0 | R62: 0 | S62: 500กระสอบแบน | T62: 45820 | U62: 5000 | V62: 0 | W62: 5000 | X62: 0 | Y62: 5250 | Z62: WSWT2025800SM | AA62: 5518.15 | AB62: 0 | AC62: 5518.15 | AD62: 0 | AE62: 5518.15 | AF62: 0 | AG62: ยังไม่ได้พิมพ์ | AH62: P6 | AI62: 4 | AJ62: 45820 | AK62: 45816 | AL62: 45809 | AM62: 45817 | AN62: 45818 | AO62: 45819 | AP62: 45815 | AQ62: 0 | AR62: 0 | AS62: 0 | AT62: 0 | AU62: 0 | AV62: 0 | AW62: งานเคลือบ+พิมพ์ | AX62: รอART | AY62: 0 | AZ62: 0 | BA62: 0 | BB62: 0 | BC62: WRWT25850/WRWT25850 | BD62: 416.92689
A63: 45756 | B63: MK68-000531 | C63: บจก.เอสพีเอ็ม อาหารสัตว์ | D63: นีโอ ดี03 | E63: 20 | F63: 37 | G63: ขาว | H63: ด้าน | I63: 97 | J63: ± | K63: 5 | L63: ไม่ | M63: ไม่สวมถุงใน | N63: 0 | O63: 0 | P63: 0 | Q63: 0 | R63: 0 | S63: 500กระสอบแบน | T63: 45820 | U63: 3000 | V63: 3148 | W63: 0 | X63: 6505 | Y63: 0 | Z63: WSWT2025800SM | AA63: 0 | AB63: 0 | AC63: 0 | AD63: 0 | AE63: 0 | AF63: 0 | AG63: ยังไม่ได้พิมพ์ | AH63: P6 | AI63: 4 | AJ63: 45820 | AK63: 45816 | AL63: 45809 | AM63: 45817 | AN63: 45818 | AO63: 45819 | AP63: 45815 | AQ63: 0 | AR63: 0 | AS63: 0 | AT63: 0 | AU63: 0 | AV63: 0 | AW63: งานเคลือบ+พิมพ์ | AX63: / | AY63: 0 | AZ63: 0 | BA63: 0 | BB63: 0 | BC63: WRWT25850/WRWT25850 | BD63: 0
A64: 45740 | B64: MK68-000440 | C64: บจก.เอสพีเอ็ม อาหารสัตว์ | D64: นีโอ 05 | E64: 20 | F64: 38 | G64: ขาว | H64: ด้าน | I64: 100 | J64: ± | K64: 5 | L64: บิด | M64: ไม่สวมถุงใน | N64: 0 | O64: 0 | P64: 0 | Q64: 0 | R64: 0 | S64: 500กระสอบแบน | T64: 45820 | U64: 2500 | V64: 2825 | W64: 0 | X64: 5688 | Y64: 0 | Z64: WSWT2025800SM | AA64: 0 | AB64: 0 | AC64: 0 | AD64: 0 | AE64: 0 | AF64: 0 | AG64: ยังไม่ได้พิมพ์ | AH64: P6 | AI64: 4 | AJ64: 45820 | AK64: 45816 | AL64: 45809 | AM64: 45817 | AN64: 45818 | AO64: 45819 | AP64: 45815 | AQ64: 0 | AR64: 0 | AS64: 0 | AT64: 0 | AU64: 0 | AV64: 0 | AW64: งานเคลือบ+พิมพ์ | AX64: / | AY64: 0 | AZ64: 0 | BA64: 0 | BB64: 0 | BC64: WRWT25850/WRWT25850 | BD64: 0
A65: 45808 | B65: MK68-000722 | C65: บจก.มารีน หรีดเดอร์ | D65: Rocky quick lime | E65: 20 | F65: 30 | G65: ขาว | H65: ใส | I65: 80 | J65: ± | K65: 5 | L65: จับจีบ5" | M65: 21 | N65: 33 | O65: 40 | P65: 170.96946 | Q65: 0 | R65: 170.96946 | S65: 500กระสอบ | T65: 45821 | U65: 10000 | V65: 0 | W65: 10000 | X65: 0 | Y65: 10500 | Z65: WSWT2025800SM | AA65: 8801.1 | AB65: 0 | AC65: 8801.1 | AD65: 0 | AE65: 8801.1 | AF65: 0 | AG65: รอแบบ | AH65: P8 | AI65: 4 | AJ65: 45821 | AK65: 45817 | AL65: 45811 | AM65: 45818 | AN65: 45819 | AO65: 45819 | AP65: 45816 | AQ65: 45820 | AR65: 0 | AS65: 0 | AT65: 0 | AU65: 0 | AV65: 0 | AW65: งานเคลือบ+พิมพ์ | AX65: / | AY65: 0 | AZ65: 0 | BA65: 0 | BB65: 0 | BC65: WRWT25850/WRWT25850 | BD65: 664.972
A66: 45803 | B66: MK68-000706 | C66: บจก.เอพีเอ็ม อะโกร | D66: วี-ฟีด วี22 | E66: 20 | F66: 38 | G66: ขาว | H66: ใส | I66: 100 | J66: ± | K66: 5 | L66: บิด | M66: ไม่สวมถุงใน | N66: 0 | O66: 0 | P66: 0 | Q66: 0 | R66: 0 | S66: 500กระสอบแบน | T66: 45835 | U66: 3000 | V66: 0 | W66: 3000 | X66: 0 | Y66: 3150 | Z66: WSWT2025800SM | AA66: 3310.89 | AB66: 0 | AC66: 3310.89 | AD66: 0 | AE66: 3310.89 | AF66: 0 | AG66: ยังไม่ได้พิมพ์ | AH66: P6 | AI66: 4 | AJ66: 45835 | AK66: 45831 | AL66: 45824 | AM66: 45832 | AN66: 45833 | AO66: 45834 | AP66: 45830 | AQ66: 0 | AR66: 0 | AS66: 0 | AT66: 0 | AU66: 0 | AV66: 0 | AW66: งานเคลือบ+พิมพ์ | AX66: 0 | AY66: 0 | AZ66: 0 | BA66: 0 | BB66: 0 | BC66: WRWT25850/WRWT25850 | BD66: 250.15613
A67: 45803 | B67: MK68-000708 | C67: บจก.เอพีเอ็ม อะโกร | D67: APM 564S | E67: 20 | F67: 38 | G67: ขาว | H67: ใส | I67: 100 | J67: ± | K67: 5 | L67: บิด | M67: ไม่สวมถุงใน | N67: 0 | O67: 0 | P67: 0 | Q67: 0 | R67: 0 | S67: 500กระสอบแบน | T67: 45817 | U67: 3000 | V67: 0 | W67: 3000 | X67: 0 | Y67: 3150 | Z67: WSWT2025800SM | AA67: 3310.89 | AB67: 0 | AC67: 3310.89 | AD67: 0 | AE67: 3310.89 | AF67: 0 | AG67: ยังไม่ได้พิมพ์ | AH67: P6 | AI67: 4 | AJ67: 45817 | AK67: 45813 | AL67: 45806 | AM67: 45814 | AN67: 45815 | AO67: 45816 | AP67: 45812 | AQ67: 0 | AR67: 0 | AS67: 0 | AT67: 0 | AU67: 0 | AV67: 0 | AW67: งานเคลือบ+พิมพ์ | AX67: 0 | AY67: 0 | AZ67: 0 | BA67: 0 | BB67: 0 | BC67: WRWT25850/WRWT25850 | BD67: 250.15613
A68: ประมาณการ | B68: ประมาณการ | C68: บจก.อินเทคค์ โกลบอล | D68: รอแบบ | E68: 20 | F68: 36 | G68: ขาว | H68: ด้าน | I68: 100 | J68: ± | K68: 5 | L68: จับจีบ | M68: ไม่สวมถุงใน | N68: 0 | O68: 0 | P68: 0 | Q68: 0 | R68: 0 | S68: มัด80 ใช้สายรัด | T68: 45838 | U68: 100000 | V68: 0 | W68: 100000 | X68: 0 | Y68: 105000 | Z68: WSWT2025800SM | AA68: 104775 | AB68: 0 | AC68: 104775 | AD68: 0 | AE68: 104775 | AF68: 0 | AG68: ยังไม่ได้พิมพ์ | AH68: P6 | AI68: 4 | AJ68: 45838 | AK68: 45834 | AL68: 45827 | AM68: 45835 | AN68: 45836 | AO68: 45837 | AP68: 45833 | AQ68: 0 | AR68: 0 | AS68: 0 | AT68: 0 | AU68: 0 | AV68: 0 | AW68: งานเคลือบ+พิมพ์ | AX68: รอART | AY68: 0 | AZ68: 0 | BA68: 0 | BB68: 0 | BC68: WRWT25850/WRWT25850 | BD68: 7916.3333
A69: 45803 | B69: MK68-000707 | C69: บจก.เอพีเอ็ม อะโกร | D69: ยู-ฟีด รวมหมู | E69: 20 | F69: 38 | G69: ขาว | H69: ใส | I69: 100 | J69: ± | K69: 5 | L69: บิด | M69: ไม่สวมถุงใน | N69: 0 | O69: 0 | P69: 0 | Q69: 0 | R69: 0 | S69: 500กระสอบแบน | T69: 45831 | U69: 3000 | V69: 0 | W69: 3000 | X69: 0 | Y69: 3150 | Z69: WSWT2025800SM | AA69: 3310.89 | AB69: 0 | AC69: 3310.89 | AD69: 0 | AE69: 3310.89 | AF69: 0 | AG69: ยังไม่ได้พิมพ์ | AH69: P6 | AI69: 4 | AJ69: 45831 | AK69: 45827 | AL69: 45820 | AM69: 45828 | AN69: 45829 | AO69: 45830 | AP69: 45826 | AQ69: 0 | AR69: 0 | AS69: 0 | AT69: 0 | AU69: 0 | AV69: 0 | AW69: งานเคลือบ+พิมพ์ | AX69: / | AY69: 0 | AZ69: 0 | BA69: 0 | BB69: 0 | BC69: WRWT25850/WRWT25850 | BD69: 250.15613
A70: 45798 | B70: MK68-000693 | C70: บจก.เอพีเอ็ม อะโกร | D70: ฟีล กู๊ด พี07 | E70: 20 | F70: 38 | G70: ขาว | H70: ใส | I70: 100 | J70: ± | K70: 5 | L70: บิด | M70: ไม่สวมถุงใน | N70: 0 | O70: 0 | P70: 0 | Q70: 0 | R70: 0 | S70: 500กระสอบแบน | T70: รอแจ้ง | U70: 5000 | V70: 0 | W70: 5000 | X70: 0 | Y70: 5250 | Z70: WSWT2025800SM | AA70: 5518.15 | AB70: 0 | AC70: 5518.15 | AD70: 0 | AE70: 5518.15 | AF70: 0 | AG70: พร้อมส่ง | AH70: P6 | AI70: 4 | AJ70: รอแจ้ง | AK70: #VALUE! | AL70: #VALUE! | AM70: #VALUE! | AN70: #VALUE! | AO70: #VALUE! | AP70: #VALUE! | AQ70: 0 | AR70: 0 | AS70: 0 | AT70: 0 | AU70: 0 | AV70: 0 | AW70: งานเคลือบ+พิมพ์ | AX70: / | AY70: 0 | AZ70: 0 | BA70: 0 | BB70: 0 | BC70: WRWT25850/WRWT25850 | BD70: 416.92689
A71: 45782 | B71: MK68-000609 | C71: บจก.เอสพีเอ็ม อาหารสัตว์ | D71: SW 441 | E71: 20 | F71: 38 | G71: ขาว | H71: ใส | I71: 100 | J71: ± | K71: 5 | L71: บิด | M71: ไม่สวมถุงใน | N71: 0 | O71: 0 | P71: 0 | Q71: 0 | R71: 0 | S71: 500กระสอบแบน | T71: รอแจ้ง | U71: 20000 | V71: 0 | W71: 20000 | X71: 0 | Y71: 21000 | Z71: WSWT2025800SM | AA71: 22072.6 | AB71: 0 | AC71: 22072.6 | AD71: 0 | AE71: 22072.6 | AF71: 0 | AG71: พร้อมส่ง | AH71: P6 | AI71: 4 | AJ71: รอแจ้ง | AK71: #VALUE! | AL71: #VALUE! | AM71: #VALUE! | AN71: #VALUE! | AO71: #VALUE! | AP71: #VALUE! | AQ71: 0 | AR71: 0 | AS71: 0 | AT71: 0 | AU71: 0 | AV71: 0 | AW71: งานเคลือบ+พิมพ์ | AX71: / | AY71: 0 | AZ71: 0 | BA71: 0 | BB71: 0 | BC71: WRWT25850/WRWT25850 | BD71: 1667.7076
A72: 45808 | B72: ใบรับคำสั่งซื้อ | C72: บจก.อินเทคค์ โกลบอล | D72: สุบรรณ 222 | E72: 20 | F72: 36 | G72: ขาว | H72: ด้าน | I72: 100 | J72: ± | K72: 5 | L72: จับจีบ3.5" | M72: ไม่สวมถุงใน | N72: 0 | O72: 0 | P72: 0 | Q72: 0 | R72: 0 | S72: มัด80 ใช้สายรัด | T72: 45822 | U72: 5040 | V72: 0 | W72: 5040 | X72: 0 | Y72: 5292 | Z72: WSWT2025800SM | AA72: 5280.66 | AB72: 0 | AC72: 5280.66 | AD72: 0 | AE72: 5280.66 | AF72: 0 | AG72: พร้อมส่ง | AH72: P6 | AI72: 4 | AJ72: 45822 | AK72: 45818 | AL72: 45811 | AM72: 45819 | AN72: 45820 | AO72: 45821 | AP72: 45817 | AQ72: 0 | AR72: 0 | AS72: 0 | AT72: 0 | AU72: 0 | AV72: 0 | AW72: งานเคลือบ+พิมพ์ | AX72: รอART | AY72: 0 | AZ72: 0 | BA72: 0 | BB72: 0 | BC72: WRWT25850/WRWT25850 | BD72: 398.9832
A73: 45721 | B73: MK68-000334 | C73: บจก.อินเทคค์ โกลบอล | D73: เพอเฟคค์ 911 | E73: 20 | F73: 36 | G73: ขาว | H73: ด้าน | I73: 100 | J73: ± | K73: 5 | L73: จับจีบ | M73: ไม่สวมถุงใน | N73: 0 | O73: 0 | P73: 0 | Q73: 0 | R73: 0 | S73: มัด80 ใช้สายรัด | T73: รอแจ้ง | U73: 111 | V73: 0 | W73: 111 | X73: 5600 | Y73: 0 | Z73: WSWT2025800SM | AA73: 0 | AB73: 0 | AC73: 0 | AD73: 0 | AE73: 0 | AF73: 0 | AG73: รอแบบ | AH73: P6 | AI73: 4 | AJ73: รอแจ้ง | AK73: #VALUE! | AL73: #VALUE! | AM73: #VALUE! | AN73: #VALUE! | AO73: #VALUE! | AP73: #VALUE! | AQ73: 0 | AR73: 0 | AS73: 0 | AT73: 0 | AU73: 0 | AV73: 0 | AW73: งานเคลือบ+พิมพ์ | AX73: / | AY73: 0 | AZ73: 0 | BA73: 0 | BB73: 0 | BC73: WRWT25850/WRWT25850 | BD73: 0
A74: 45611 | B74: MK67-001533 | C74: บจก.อินเทคค์ โกลบอล | D74: เฟิร์สช้อย 914 | E74: 20 | F74: 36 | G74: ขาว | H74: ด้าน | I74: 100 | J74: ± | K74: 5 | L74: จับจีบ | M74: ไม่สวมถุงใน | N74: 0 | O74: 0 | P74: 0 | Q74: 0 | R74: 0 | S74: มัด80 ใช้สายรัด | T74: รอแจ้ง | U74: 67 | V74: 67 | W74: 0 | X74: 80 | Y74: 0 | Z74: WSWT2025800SM | AA74: 0 | AB74: 0 | AC74: 0 | AD74: 0 | AE74: 0 | AF74: 0 | AG74: รอแบบ | AH74: P6 | AI74: 4 | AJ74: รอแจ้ง | AK74: #VALUE! | AL74: #VALUE! | AM74: #VALUE! | AN74: #VALUE! | AO74: #VALUE! | AP74: #VALUE! | AQ74: 0 | AR74: 0 | AS74: 0 | AT74: 0 | AU74: 0 | AV74: 0 | AW74: งานเคลือบ+พิมพ์ | AX74: / | AY74: 0 | AZ74: 0 | BA74: 0 | BB74: 0 | BC74: WRWT25850/WRWT25850 | BD74: 0
A75: 45721 | B75: MK68-000341 | C75: บจก.อินเทคค์ โกลบอล | D75: สุบรรณ 111 | E75: 20 | F75: 36 | G75: ขาว | H75: ด้าน | I75: 100 | J75: ± | K75: 5 | L75: จับจีบ | M75: ไม่สวมถุงใน | N75: 0 | O75: 0 | P75: 0 | Q75: 0 | R75: 0 | S75: มัด80 ใช้สายรัด | T75: รอแจ้ง | U75: 734 | V75: 0 | W75: 734 | X75: 5520 | Y75: 0 | Z75: WSWT2025800SM | AA75: 0 | AB75: 0 | AC75: 0 | AD75: 0 | AE75: 0 | AF75: 0 | AG75: ยังไม่ได้พิมพ์ | AH75: P6 | AI75: 4 | AJ75: รอแจ้ง | AK75: #VALUE! | AL75: #VALUE! | AM75: #VALUE! | AN75: #VALUE! | AO75: #VALUE! | AP75: #VALUE! | AQ75: 0 | AR75: 0 | AS75: 0 | AT75: 0 | AU75: 0 | AV75: 0 | AW75: งานเคลือบ+พิมพ์ | AX75: / | AY75: 0 | AZ75: 0 | BA75: 0 | BB75: 0 | BC75: WRWT25850/WRWT25850 | BD75: 0
A76: ประมาณการ | B76: ประมาณการ | C76: บจก.เอสพีเอ็ม อาหารสัตว์ | D76: รอแบบ | E76: 20 | F76: 38 | G76: ขาว | H76: ใส | I76: 100 | J76: ± | K76: 5 | L76: บิด | M76: ไม่สวมถุงใน | N76: 0 | O76: 0 | P76: 0 | Q76: 0 | R76: 0 | S76: 500กระสอบแบน | T76: 45838 | U76: 20000 | V76: 0 | W76: 20000 | X76: 0 | Y76: 21000 | Z76: WSWT2025800SM | AA76: 22072.6 | AB76: 0 | AC76: 22072.6 | AD76: 0 | AE76: 22072.6 | AF76: 0 | AG76: รอตัด | AH76: P6 | AI76: 4 | AJ76: 45838 | AK76: 45834 | AL76: 45827 | AM76: 45835 | AN76: 45836 | AO76: 45837 | AP76: 45833 | AQ76: 0 | AR76: 0 | AS76: 0 | AT76: 0 | AU76: 0 | AV76: 0 | AW76: งานเคลือบ+พิมพ์ | AX76: รอART | AY76: 0 | AZ76: 0 | BA76: 0 | BB76: 0 | BC76: WRWT25850/WRWT25850 | BD76: 1667.7076
A77: ประมาณการ | B77: ประมาณการ | C77: บจก.ไทยธรรมดี | D77: รอแบบ | E77: 20 | F77: 37 | G77: ขาว | H77: ด้าน | I77: 97 | J77: ± | K77: 5 | L77: บิด | M77: ไม่สวมถุงใน | N77: 0 | O77: 0 | P77: 0 | Q77: 0 | R77: 0 | S77: 500กระสอบ | T77: 45838 | U77: 40000 | V77: 0 | W77: 40000 | X77: 0 | Y77: 42000 | Z77: WSWT2025800SM | AA77: 43027.6 | AB77: 0 | AC77: 43027.6 | AD77: 0 | AE77: 43027.6 | AF77: 0 | AG77: พร้อมส่ง | AH77: P6 | AI77: 4 | AJ77: 45838 | AK77: 45834 | AL77: 45827 | AM77: 45835 | AN77: 45836 | AO77: 45837 | AP77: 45833 | AQ77: 0 | AR77: 0 | AS77: 0 | AT77: 0 | AU77: 0 | AV77: 0 | AW77: งานเคลือบ+พิมพ์ | AX77: รอART | AY77: 0 | AZ77: 0 | BA77: 0 | BB77: 0 | BC77: WRWT25850/WRWT25850 | BD77: 3250.9742
A78: 45681 | B78: MK68-000122 | C78: บจก.เอสพีเอ็ม อาหารสัตว์ | D78: SPM 212 | E78: 20 | F78: 40 | G78: ขาว | H78: ด้าน | I78: 108 | J78: ± | K78: 5 | L78: บิด | M78: ไม่สวมถุงใน | N78: 0 | O78: 0 | P78: 0 | Q78: 0 | R78: 0 | S78: 500กระสอบแบน | T78: รอแจ้ง | U78: 3000 | V78: 0 | W78: 3000 | X78: 0 | Y78: 3150 | Z78: WSWT2025800SM | AA78: 3478.53 | AB78: 0 | AC78: 3478.53 | AD78: 0 | AE78: 3478.53 | AF78: 0 | AG78: พร้อมส่ง | AH78: P6 | AI78: 4 | AJ78: รอแจ้ง | AK78: #VALUE! | AL78: #VALUE! | AM78: #VALUE! | AN78: #VALUE! | AO78: #VALUE! | AP78: #VALUE! | AQ78: 0 | AR78: 0 | AS78: 0 | AT78: 0 | AU78: 0 | AV78: 0 | AW78: งานเคลือบ+พิมพ์ | AX78: / | AY78: 0 | AZ78: 0 | BA78: 0 | BB78: 0 | BC78: WRWT25850/WRWT25850 | BD78: 262.82227
A79: 45705 | B79: MK68-000247 | C79: บจก.อินเทคค์ โกลบอล | D79: เฟิร์สคลาส 912 | E79: 20 | F79: 35 | G79: ขาว | H79: ด้าน | I79: 97 | J79: ± | K79: 5 | L79: จับจีบ4" | M79: ไม่สวมถุงใน | N79: 0 | O79: 0 | P79: 0 | Q79: 0 | R79: 0 | S79: มัด80 ใช้สายรัด | T79: รอแจ้ง | U79: 855 | V79: 0 | W79: 855 | X79: 16440 | Y79: 0 | Z79: WSWT2025800SM | AA79: 0 | AB79: 0 | AC79: 0 | AD79: 0 | AE79: 0 | AF79: 0 | AG79: รอตัด | AH79: P6 | AI79: 4 | AJ79: รอแจ้ง | AK79: #VALUE! | AL79: #VALUE! | AM79: #VALUE! | AN79: #VALUE! | AO79: #VALUE! | AP79: #VALUE! | AQ79: 0 | AR79: 0 | AS79: 0 | AT79: 0 | AU79: 0 | AV79: 0 | AW79: งานเคลือบ+พิมพ์ | AX79: / | AY79: ลบสีจำนวนมาก 3851 | AZ79: 0 | BA79: 0 | BB79: 0 | BC79: WRWT25850/WRWT25850 | BD79: 0
A80: 45674 | B80: MK68-000093 | C80: บจก.อินเทคค์ โกลบอล | D80: เฟิร์สคลาส 902 | E80: 20 | F80: 35 | G80: ขาว | H80: ด้าน | I80: 97 | J80: ± | K80: 5 | L80: จับจีบ4" | M80: ไม่สวมถุงใน | N80: 0 | O80: 0 | P80: 0 | Q80: 0 | R80: 0 | S80: มัด80 ใช้สายรัด | T80: รอแจ้ง | U80: 152 | V80: 0 | W80: 152 | X80: 6000 | Y80: 0 | Z80: WSWT2025800SM | AA80: 0 | AB80: 0 | AC80: 0 | AD80: 0 | AE80: 0 | AF80: 5987 | AG80: พร้อมส่ง | AH80: P6 | AI80: 4 | AJ80: รอแจ้ง | AK80: #VALUE! | AL80: #VALUE! | AM80: #VALUE! | AN80: #VALUE! | AO80: #VALUE! | AP80: #VALUE! | AQ80: 0 | AR80: 0 | AS80: 0 | AT80: 0 | AU80: 0 | AV80: 0 | AW80: งานเคลือบ+พิมพ์ | AX80: / | AY80: ลบสี 5040 | AZ80: 0 | BA80: 0 | BB80: 0 | BC80: WRWT25850/WRWT25850 | BD80: 0
A81: 45611 | B81: MK67-001532 | C81: บจก.อินเทคค์ โกลบอล | D81: เฟิร์สช้อย 903 | E81: 20 | F81: 36 | G81: ขาว | H81: ด้าน | I81: 100 | J81: ± | K81: 5 | L81: จับจีบ | M81: ไม่สวมถุงใน | N81: 0 | O81: 0 | P81: 0 | Q81: 0 | R81: 0 | S81: มัด80 ใช้สายรัด | T81: รอแจ้ง | U81: 117 | V81: 0 | W81: 117 | X81: 10065 | Y81: 0 | Z81: WSWT2025800SM | AA81: 0 | AB81: 0 | AC81: 0 | AD81: 0 | AE81: 0 | AF81: 0 | AG81: พร้อมส่ง | AH81: P6 | AI81: 4 | AJ81: รอแจ้ง | AK81: #VALUE! | AL81: #VALUE! | AM81: #VALUE! | AN81: #VALUE! | AO81: #VALUE! | AP81: #VALUE! | AQ81: 0 | AR81: 0 | AS81: 0 | AT81: 0 | AU81: 0 | AV81: 0 | AW81: งานเคลือบ+พิมพ์ | AX81: / | AY81: 0 | AZ81: 0 | BA81: 0 | BB81: 0 | BC81: WRWT25850/WRWT25850 | BD81: 0
A82: 45523 | B82: MK67-001153 | C82: บจก.อินเทคค์ โกลบอล | D82: สุบรรณ 777 | E82: 20 | F82: 36 | G82: ขาว | H82: ด้าน | I82: 100 | J82: ± | K82: 5 | L82: จับจีบ | M82: ไม่สวมถุงใน | N82: 0 | O82: 0 | P82: 0 | Q82: 0 | R82: 0 | S82: มัด80 ใช้สายรัด | T82: รอแจ้ง | U82: 1260 | V82: 0 | W82: 1260 | X82: 11095 | Y82: 0 | Z82: WSWT2025800SM | AA82: 0 | AB82: 0 | AC82: 0 | AD82: 0 | AE82: 0 | AF82: 0 | AG82: พร้อมส่ง | AH82: P6 | AI82: 4 | AJ82: รอแจ้ง | AK82: #VALUE! | AL82: #VALUE! | AM82: #VALUE! | AN82: #VALUE! | AO82: #VALUE! | AP82: #VALUE! | AQ82: 0 | AR82: 0 | AS82: 0 | AT82: 0 | AU82: 0 | AV82: 0 | AW82: งานเคลือบ+พิมพ์ | AX82: / | AY82: 0 | AZ82: 0 | BA82: 0 | BB82: 0 | BC82: WRWT25850/WRWT25850 | BD82: 0
A83: 45523 | B83: MK67-001153 | C83: บจก.อินเทคค์ โกลบอล | D83: สุบรรณ 666 | E83: 20 | F83: 36 | G83: ขาว | H83: ด้าน | I83: 100 | J83: ± | K83: 5 | L83: จับจีบ | M83: ไม่สวมถุงใน | N83: 0 | O83: 0 | P83: 0 | Q83: 0 | R83: 0 | S83: มัด80 ใช้สายรัด | T83: รอแจ้ง | U83: 89 | V83: 0 | W83: 89 | X83: 11180 | Y83: 0 | Z83: WSWT2025800SM | AA83: 0 | AB83: 0 | AC83: 0 | AD83: 0 | AE83: 0 | AF83: 0 | AG83: พร้อมส่ง | AH83: P6 | AI83: 4 | AJ83: รอแจ้ง | AK83: #VALUE! | AL83: #VALUE! | AM83: #VALUE! | AN83: #VALUE! | AO83: #VALUE! | AP83: #VALUE! | AQ83: 0 | AR83: 0 | AS83: 0 | AT83: 0 | AU83: 0 | AV83: 0 | AW83: งานเคลือบ+พิมพ์ | AX83: / | AY83: 0 | AZ83: 0 | BA83: 0 | BB83: 0 | BC83: WRWT25850/WRWT25850 | BD83: 0
A84: 45752 | B84: MK68-000514 | C84: บจก.เอสพีเอ็ม อาหารสัตว์ | D84: SW 441 PLUS | E84: 20 | F84: 38 | G84: ขาว | H84: ใส | I84: 100 | J84: ± | K84: 5 | L84: บิด | M84: ไม่สวมถุงใน | N84: 0 | O84: 0 | P84: 0 | Q84: 0 | R84: 0 | S84: 500กระสอบแบน | T84: รอส่ง | U84: 2000 | V84: 2000 | W84: 0 | X84: 5400 | Y84: 0 | Z84: WSWT2025800SM | AA84: 0 | AB84: 0 | AC84: 0 | AD84: 0 | AE84: 0 | AF84: 0 | AG84: พร้อมส่ง | AH84: P6 | AI84: 4 | AJ84: รอส่ง | AK84: #VALUE! | AL84: #VALUE! | AM84: #VALUE! | AN84: #VALUE! | AO84: #VALUE! | AP84: #VALUE! | AQ84: 0 | AR84: 0 | AS84: 0 | AT84: 0 | AU84: 0 | AV84: 0 | AW84: งานเคลือบ+พิมพ์ | AX84: / | AY84: มีลบสี | AZ84: 0 | BA84: 0 | BB84: 0 | BC84: WRWT25850/WRWT25850 | BD84: 0
A85: 45741 | B85: MK68-000452 | C85: บจก.เอพีเอ็ม อะโกร | D85: วี-ฟีด วี 07 | E85: 20 | F85: 38 | G85: ขาว | H85: ใส | I85: 100 | J85: ± | K85: 5 | L85: บิด | M85: ไม่สวมถุงใน | N85: 0 | O85: 0 | P85: 0 | Q85: 0 | R85: 0 | S85: 500กระสอบแบน | T85: รอส่ง | U85: 4000 | V85: 3857 | W85: 143 | X85: 4200 | Y85: 0 | Z85: WSWT2025800SM | AA85: 0 | AB85: 0 | AC85: 0 | AD85: 0 | AE85: 0 | AF85: 0 | AG85: พร้อมส่ง | AH85: P6 | AI85: 4 | AJ85: รอส่ง | AK85: #VALUE! | AL85: #VALUE! | AM85: #VALUE! | AN85: #VALUE! | AO85: #VALUE! | AP85: #VALUE! | AQ85: 0 | AR85: 0 | AS85: 0 | AT85: 0 | AU85: 0 | AV85: 0 | AW85: งานเคลือบ+พิมพ์ | AX85: / | AY85: มีลบสี | AZ85: 0 | BA85: 0 | BB85: 0 | BC85: WRWT25850/WRWT25850 | BD85: 0
A86: 45720 | B86: ใบรับคำสั่งซื้อ | C86: บจก.เอพีเอ็ม อะโกร | D86: นีโอ พี3(เอส) | E86: 20 | F86: 38 | G86: ขาว | H86: ด้าน | I86: 100 | J86: ± | K86: 5 | L86: บิด | M86: ไม่สวมถุงใน | N86: 0 | O86: 0 | P86: 0 | Q86: 0 | R86: 0 | S86: 500กระสอบแบน | T86: รอส่ง | U86: 4000 | V86: 4010 | W86: 0 | X86: 4470 | Y86: 0 | Z86: WSWT2025800SM | AA86: 0 | AB86: 0 | AC86: 0 | AD86: 0 | AE86: 0 | AF86: 0 | AG86: พร้อมส่ง | AH86: P6 | AI86: 4 | AJ86: รอส่ง | AK86: #VALUE! | AL86: #VALUE! | AM86: #VALUE! | AN86: #VALUE! | AO86: #VALUE! | AP86: #VALUE! | AQ86: 0 | AR86: 0 | AS86: 0 | AT86: 0 | AU86: 0 | AV86: 0 | AW86: งานเคลือบ+พิมพ์ | AX86: / | AY86: 0 | AZ86: 0 | BA86: 0 | BB86: 0 | BC86: WRWT25850/WRWT25850 | BD86: 0
A87: 45720 | B87: ใบรับคำสั่งซื้อ | C87: บจก.เอพีเอ็ม อะโกร | D87: นีโอ พี4(เอส) | E87: 20 | F87: 38 | G87: ขาว | H87: ด้าน | I87: 100 | J87: ± | K87: 5 | L87: บิด | M87: ไม่สวมถุงใน | N87: 0 | O87: 0 | P87: 0 | Q87: 0 | R87: 0 | S87: 500กระสอบแบน | T87: รอส่ง | U87: 3000 | V87: 3065 | W87: 0 | X87: 3300 | Y87: 0 | Z87: WSWT2025800SM | AA87: 0 | AB87: 0 | AC87: 0 | AD87: 0 | AE87: 0 | AF87: 0 | AG87: พร้อมส่ง | AH87: P6 | AI87: 4 | AJ87: รอส่ง | AK87: #VALUE! | AL87: #VALUE! | AM87: #VALUE! | AN87: #VALUE! | AO87: #VALUE! | AP87: #VALUE! | AQ87: 0 | AR87: 0 | AS87: 0 | AT87: 0 | AU87: 0 | AV87: 0 | AW87: งานเคลือบ+พิมพ์ | AX87: / | AY87: 0 | AZ87: 0 | BA87: 0 | BB87: 0 | BC87: WRWT25850/WRWT25850 | BD87: 0
A88: 45541 | B88: MK67-001236 | C88: บจก.เอพีเอ็ม อะโกร | D88: ยูฟีด รวมไก่ วัว | E88: 20 | F88: 40 | G88: ขาว | H88: ด้าน | I88: 108 | J88: ± | K88: 5 | L88: บิด | M88: ไม่สวมถุงใน | N88: 0 | O88: 0 | P88: 0 | Q88: 0 | R88: 0 | S88: 500กระสอบแบน | T88: รอส่ง | U88: 3000 | V88: 3318 | W88: 0 | X88: 0 | Y88: 0 | Z88: WSWT2025800SM | AA88: 0 | AB88: 0 | AC88: 0 | AD88: 0 | AE88: 0 | AF88: ลูกค้าสั่งผิดเอาไปส่งเดือน10 | AG88: พร้อมส่ง | AH88: P6 | AI88: 4 | AJ88: รอส่ง | AK88: #VALUE! | AL88: #VALUE! | AM88: #VALUE! | AN88: #VALUE! | AO88: #VALUE! | AP88: #VALUE! | AQ88: 0 | AR88: 0 | AS88: 0 | AT88: 0 | AU88: 0 | AV88: 0 | AW88: งานเคลือบ+พิมพ์ | AX88: 0 | AY88: ลูกค้าต้องการเคลือบใส แต่เปิดมาเคลือบด้าน | AZ88: 0 | BA88: 0 | BB88: 0 | BC88: WRWT25850/WRWT25850 | BD88: 0
A89: 45548 | B89: MK67-001272 | C89: บจก.เอพีเอ็ม อะโกร | D89: นีโอ พี3 | E89: 20 | F89: 38 | G89: ขาว | H89: ด้าน | I89: 100 | J89: ± | K89: 5 | L89: บิด | M89: ไม่สวมถุงใน | N89: 0 | O89: 0 | P89: 0 | Q89: 0 | R89: 0 | S89: 500กระสอบแบน | T89: รอส่ง | U89: 2500 | V89: 2364 | W89: 136 | X89: 5500 | Y89: 0 | Z89: WSWT2025800SM | AA89: 0 | AB89: 0 | AC89: 0 | AD89: 0 | AE89: 0 | AF89: 0 | AG89: พร้อมส่ง | AH89: P6 | AI89: 4 | AJ89: รอส่ง | AK89: #VALUE! | AL89: #VALUE! | AM89: #VALUE! | AN89: #VALUE! | AO89: #VALUE! | AP89: #VALUE! | AQ89: 0 | AR89: 0 | AS89: 0 | AT89: 0 | AU89: 0 | AV89: 0 | AW89: งานเคลือบ+พิมพ์ | AX89: / | AY89: 0 | AZ89: 0 | BA89: 0 | BB89: 0 | BC89: WRWT25850/WRWT25850 | BD89: 0
A90: 45581 | B90: MK67-001396 | C90: บจก.เอพีเอ็ม อะโกร | D90: นีโอ พี4 | E90: 20 | F90: 38 | G90: ขาว | H90: ด้าน | I90: 100 | J90: ± | K90: 5 | L90: บิด | M90: ไม่สวมถุงใน | N90: 0 | O90: 0 | P90: 0 | Q90: 0 | R90: 0 | S90: 500กระสอบแบน | T90: รอส่ง | U90: 3000 | V90: 3194 | W90: 0 | X90: 5632 | Y90: 0 | Z90: WSWT2025800SM | AA90: 0 | AB90: 0 | AC90: 0 | AD90: 0 | AE90: 0 | AF90: 0 | AG90: พร้อมส่ง | AH90: P6 | AI90: 4 | AJ90: รอส่ง | AK90: #VALUE! | AL90: #VALUE! | AM90: #VALUE! | AN90: #VALUE! | AO90: #VALUE! | AP90: #VALUE! | AQ90: 0 | AR90: 0 | AS90: 0 | AT90: 0 | AU90: 0 | AV90: 0 | AW90: งานเคลือบ+พิมพ์ | AX90: / | AY90: 0 | AZ90: 0 | BA90: 0 | BB90: 0 | BC90: WRWT25850/WRWT25850 | BD90: 0
A91: 0 | B91: 0 | C91: 0 | D91: 0 | E91: 20 | F91: 38 | G91: 0 | H91: 0 | I91: 84 | J91: ± | K91: 5 | L91: 0 | M91: 0 | N91: 0 | O91: 0 | P91: 0 | Q91: 0 | R91: 0 | S91: 0 | U91: 0 | V91: 0 | W91: 0 | X91: 0 | Y91: 0 | Z91: WSWT2025800SM | AA91: 294329.34 | AB91: 58963.317 | AC91: 235366.02 | AD91: 3310.89 | AE91: 291018.45 | AF91: ระบุในSD | AG91: พร้อมส่ง | AH91: 0 | AI91: Lead time | AJ91: 0 | AK91: 0 | AL91: 0 | AM91: 0 | AN91: 0 | AO91: 0 | AP91: 0 | AQ91: 0 | AR91: 0 | AS91: 0 | AT91: 0 | AU91: 0 | AV91: 0 | AW91: 0 | AX91: 0 | AY91: 0 | AZ91: 0 | BA91: 0 | BB91: 0 | BC91: WRWT25850/WRWT25850 | BD91: 0
A92: 45796 | B92: MK68-000678 | C92: บจก.อินเทคค์ โกลบอล | D92: เพอเฟคค์664HP | E92: 20 | F92: 36 | G92: ขาว | H92: 0 | I92: 78 | J92: ± | K92: 5 | L92: จับจีบ4" | M92: ไม่สวมถุงใน | N92: 0 | O92: 0 | P92: 0 | Q92: 0 | R92: 0 | S92: มัด80 ใช้สายรัด | T92: 45814 | U92: 640 | V92: 0 | W92: 640 | X92: 83500 | Y92: 0 | Z92: WSWT2025800 | AA92: 0 | AB92: 0 | AC92: 0 | AD92: 0 | AE92: 0 | AF92: ห้ามขาด-ห้ามเกิน | AG92: พร้อมส่ง | AH92: P7 | AI92: 2 | AJ92: 45814 | AK92: 0 | AL92: 45805 | AM92: 45812 | AN92: 45813 | AO92: 45813 | AP92: 45809 | AQ92: 0 | AR92: 0 | AS92: 0 | AT92: 0 | AU92: 0 | AV92: 0 | AW92: งานพิมพ์ | AX92: / | AY92: 0 | AZ92: 0 | BA92: 0 | BB92: 0 | BC92: WRWT25800/WRWT25800 | BD92: 0
A93: 45785 | B93: MK68-000634 | C93: บจก.เบทาโกร | D93: WB ฟาร์ม F914M 30kg NM | E93: 20 | F93: 37 | G93: ขาว | H93: 0 | I93: 80 | J93: ± | K93: 3 | L93: ไม่ | M93: ไม่สวมถุงใน | N93: 0 | O93: 0 | P93: 0 | Q93: 0 | R93: 0 | S93: 500กระสอบแบน พร้อมระบุชื่อบริษัท รายการสินค้า จำนวนแต่ละแพ็ค | T93: 45813 | U93: 13000 | V93: 12948 | W93: 52 | X93: 13460 | Y93: 0 | Z93: WSWT2025800 | AA93: 0 | AB93: 0 | AC93: 0 | AD93: 0 | AE93: 0 | AF93: หนองบุญมาก | AG93: พร้อมส่ง | AH93: P7 | AI93: 2 | AJ93: 45813 | AK93: 0 | AL93: 45804 | AM93: 45811 | AN93: 45812 | AO93: 45812 | AP93: 45808 | AQ93: 0 | AR93: 0 | AS93: 0 | AT93: 0 | AU93: 0 | AV93: 0 | AW93: งานพิมพ์ | AX93: / | AY93: 0 | AZ93: 0 | BA93: 0 | BB93: 0 | BC93: WRWT25800/WRWT25800 | BD93: 0
A94: 45804 | B94: MK68-000715 | C94: บจก.เบทาโกร | D94: WB ฟาร์ม F914M 30kg NM | E94: 20 | F94: 37 | G94: ขาว | H94: 0 | I94: 80 | J94: ± | K94: 3 | L94: ไม่ | M94: ไม่สวมถุงใน | N94: 0 | O94: 0 | P94: 0 | Q94: 0 | R94: 0 | S94: 500กระสอบแบน พร้อมระบุชื่อบริษัท รายการสินค้า จำนวนแต่ละแพ็ค | T94: 45813 | U94: 5000 | V94: 0 | W94: 5000 | X94: 4260 | Y94: 777 | Z94: WSWT2025800 | AA94: 835.81113 | AB94: 835.81113 | AC94: 0 | AD94: 0 | AE94: 0 | AF94: หนองบุญมาก | AG94: รอตัด | AH94: P7 | AI94: 2 | AJ94: 45813 | AK94: 0 | AL94: 45804 | AM94: 45811 | AN94: 45812 | AO94: 45812 | AP94: 45808 | AQ94: 0 | AR94: 0 | AS94: 0 | AT94: 0 | AU94: 0 | AV94: 0 | AW94: งานพิมพ์ | AX94: / | AY94: 0 | AZ94: 0 | BA94: 0 | BB94: 0 | BC94: WRWT25800/WRWT25800 | BD94: 0
A95: 45785 | B95: MK68-000630 | C95: บจก.เบทาโกร | D95: WB ฟาร์ม F992 30kg LR | E95: 20 | F95: 37 | G95: ขาว | H95: 0 | I95: 80 | J95: ± | K95: 3 | L95: ไม่ | M95: ไม่สวมถุงใน | N95: 0 | O95: 0 | P95: 0 | Q95: 0 | R95: 0 | S95: 500กระสอบแบน พร้อมระบุชื่อบริษัท รายการสินค้า จำนวนแต่ละแพ็ค | T95: 45817 | U95: 60000 | V95: 60679 | W95: 0 | X95: 62600 | Y95: 0 | Z95: WSWT2025800 | AA95: 0 | AB95: 0 | AC95: 0 | AD95: 0 | AE95: 0 | AF95: ลพบุรี3 | AG95: พร้อมส่ง | AH95: P7 | AI95: 2 | AJ95: 45817 | AK95: 0 | AL95: 45808 | AM95: 45815 | AN95: 45816 | AO95: 45816 | AP95: 45812 | AQ95: 0 | AR95: 0 | AS95: 0 | AT95: 0 | AU95: 0 | AV95: 0 | AW95: งานพิมพ์ | AX95: / | AY95: 0 | AZ95: 0 | BA95: 0 | BB95: 0 | BC95: WRWT25800/WRWT25800 | BD95: 0
A96: 45785 | B96: MK68-000631 | C96: บจก.เบทาโกร | D96: เบทาโกร 401 | E96: 20 | F96: 37 | G96: ขาว | H96: 0 | I96: 80 | J96: ± | K96: 3 | L96: บิด | M96: ไม่สวมถุงใน | N96: 0 | O96: 0 | P96: 0 | Q96: 0 | R96: 0 | S96: 500กระสอบแบน พร้อมระบุชื่อบริษัท รายการสินค้า จำนวนแต่ละแพ็ค | T96: 45817 | U96: 15000 | V96: 14947 | W96: 53 | X96: 15750 | Y96: 0 | Z96: WSWT2025800 | AA96: 0 | AB96: 0 | AC96: 0 | AD96: 0 | AE96: 0 | AF96: ลพบุรี3 | AG96: ยังไม่ได้พิมพ์ | AH96: P7 | AI96: 2 | AJ96: 45817 | AK96: 0 | AL96: 45808 | AM96: 45815 | AN96: 45816 | AO96: 45816 | AP96: 45812 | AQ96: 0 | AR96: 0 | AS96: 0 | AT96: 0 | AU96: 0 | AV96: 0 | AW96: งานพิมพ์ | AX96: / | AY96: 0 | AZ96: 0 | BA96: 0 | BB96: 0 | BC96: WRWT25800/WRWT25800 | BD96: 0
A97: 45785 | B97: MK68-000631 | C97: บจก.เบทาโกร | D97: เบทาโกร 405 | E97: 20 | F97: 37 | G97: ขาว | H97: 0 | I97: 80 | J97: ± | K97: 3 | L97: บิด | M97: ไม่สวมถุงใน | N97: 0 | O97: 0 | P97: 0 | Q97: 0 | R97: 0 | S97: 500กระสอบแบน พร้อมระบุชื่อบริษัท รายการสินค้า จำนวนแต่ละแพ็ค | T97: 45817 | U97: 40000 | V97: 30000 | W97: 10000 | X97: 41600 | Y97: 0 | Z97: WSWT2025800 | AA97: 0 | AB97: 0 | AC97: 0 | AD97: 0 | AE97: 0 | AF97: ลพบุรี3 | AG97: ยังไม่ได้พิมพ์ | AH97: P7 | AI97: 2 | AJ97: 45817 | AK97: 0 | AL97: 45808 | AM97: 45815 | AN97: 45816 | AO97: 45816 | AP97: 45812 | AQ97: 0 | AR97: 0 | AS97: 0 | AT97: 0 | AU97: 0 | AV97: 0 | AW97: งานพิมพ์ | AX97: / | AY97: 0 | AZ97: 0 | BA97: 0 | BB97: 0 | BC97: WRWT25800/WRWT25800 | BD97: 0
A98: 45786 | B98: MK68-000646 | C98: บจก.เบทาโกร | D98: WB ฟาร์ม F916 30kg | E98: 20 | F98: 37 | G98: ขาว | H98: 0 | I98: 80 | J98: ± | K98: 3 | L98: ไม่ | M98: ไม่สวมถุงใน | N98: 0 | O98: 0 | P98: 0 | Q98: 0 | R98: 0 | S98: 500กระสอบ พร้อมระบุชื่อบริษัท รายการสินค้า จำนวนแต่ละแพ็ค | T98: 45838 | U98: 10000 | V98: 10196 | W98: 0 | X98: 10500 | Y98: 0 | Z98: WSWT2025800 | AA98: 0 | AB98: 0 | AC98: 0 | AD98: 0 | AE98: 0 | AF98: พระประแดง | AG98: รอแบบ | AH98: P7 | AI98: 2 | AJ98: 45838 | AK98: 0 | AL98: 45829 | AM98: 45836 | AN98: 45837 | AO98: 45837 | AP98: 45833 | AQ98: 0 | AR98: 0 | AS98: 0 | AT98: 0 | AU98: 0 | AV98: 0 | AW98: งานพิมพ์ | AX98: / | AY98: 0 | AZ98: 0 | BA98: 0 | BB98: 0 | BC98: WRWT25800/WRWT25800 | BD98: 0
A99: 45805 | B99: MK68-000718 | C99: บจก.เบทาโกร | D99: บาลานส์ 956 | E99: 20 | F99: 37 | G99: ขาว | H99: 0 | I99: 80 | J99: ± | K99: 3 | L99: บิด | M99: ไม่สวมถุงใน | N99: 0 | O99: 0 | P99: 0 | Q99: 0 | R99: 0 | S99: 500กระสอบแบน พร้อมระบุชื่อบริษัท รายการสินค้า จำนวนแต่ละแพ็ค | T99: 45845 | U99: 5000 | V99: 0 | W99: 5000 | X99: 0 | Y99: 5250 | Z99: WSWT2025800 | AA99: 5378.45 | AB99: 5378.45 | AC99: 0 | AD99: 0 | AE99: 0 | AF99: ลพบุรี3 | AG99: พร้อมส่ง | AH99: P7 | AI99: 2 | AJ99: 45845 | AK99: 0 | AL99: 45836 | AM99: 45843 | AN99: 45844 | AO99: 45844 | AP99: 45840 | AQ99: 0 | AR99: 0 | AS99: 0 | AT99: 0 | AU99: 0 | AV99: 0 | AW99: งานพิมพ์ | AX99: รอART | AY99: 0 | AZ99: 0 | BA99: 0 | BB99: 0 | BC99: WRWT25800/WRWT25800 | BD99: 0
A100: 45805 | B100: MK68-000718 | C100: บจก.เบทาโกร | D100: เบทาโกร 326 | E100: 20 | F100: 37 | G100: ขาว | H100: 0 | I100: 80 | J100: ± | K100: 3 | L100: บิด | M100: ไม่สวมถุงใน | N100: 0 | O100: 0 | P100: 0 | Q100: 0 | R100: 0 | S100: 500กระสอบแบน พร้อมระบุชื่อบริษัท รายการสินค้า จำนวนแต่ละแพ็ค | T100: 45845 | U100: 5000 | V100: 0 | W100: 5000 | X100: 0 | Y100: 5250 | Z100: WSWT2025800 | AA100: 5378.45 | AB100: 5378.45 | AC100: 0 | AD100: 0 | AE100: 0 | AF100: ลพบุรี3 | AG100: พร้อมส่ง | AH100: P7 | AI100: 2 | AJ100: 45845 | AK100: 0 | AL100: 45836 | AM100: 45843 | AN100: 45844 | AO100: 45844 | AP100: 45840 | AQ100: 0 | AR100: 0 | AS100: 0 | AT100: 0 | AU100: 0 | AV100: 0 | AW100: งานพิมพ์ | AX100: รอART | AY100: 0 | AZ100: 0 | BA100: 0 | BB100: 0 | BC100: WRWT25800/WRWT25800 | BD100: 0
A101: ประมาณการ | B101: ประมาณการ | C101: บจก.อินเทคค์ โกลบอล | D101: รอแบบ | E101: 20 | F101: 36 | G101: ขาว | H101: 0 | I101: 78 | J101: ± | K101: 5 | L101: จับจีบ4" | M101: ไม่สวมถุงใน | N101: 0 | O101: 0 | P101: 0 | Q101: 0 | R101: 0 | S101: มัด80 ใช้สายรัด | T101: 45838 | U101: 100000 | V101: 0 | W101: 100000 | X101: 0 | Y101: 105000 | Z101: WSWT2025800 | AA101: 104775 | AB101: 77795 | AC101: 26980 | AD101: 0 | AE101: 0 | AF101: ห้ามขาด-ห้ามเกิน | AG101: พร้อมส่ง | AH101: P7 | AI101: 2 | AJ101: 45838 | AK101: 0 | AL101: 45829 | AM101: 45836 | AN101: 45837 | AO101: 45837 | AP101: 45833 | AQ101: 0 | AR101: 0 | AS101: 0 | AT101: 0 | AU101: 0 | AV101: 0 | AW101: งานพิมพ์ | AX101: / | AY101: 0 | AZ101: 0 | BA101: 0 | BB101: 0 | BC101: WRWT25800/WRWT25800 | BD101: 2062.4711
...

Sheet 31-5-68
B2: เรียงกำหนดส่ง | D2: ลบ 0 | T2: เรียง 1
B3: ข้อมูลUpdate ณ. วันที่ | D3: 45808 | E3: เวลา | G3: 11.17
A4: วันรับออร์เดอร์/แบบ | B4: เลขที่ SO | C4: ชื่อลูกค้า | E4: 10.3 | I4: น้ำหนัก | L4: บิด/จับจีบ | M4: ถุงใน | Q4: 44873 | S4: วิธีบรรจุ | T4: วันส่ง | U4: จำนวนส่ง | V4: ตัดเย็บ (ใบ) | W4: 44873 | X4: พิมพ์ (ใบ) | Y4: 44876 | Z4: ผ้าทอ (เมตร) Updateณ | AB4: 44876 | AD4: ผ้าเคลือบ(เมตร) | AF4: หมายเหตุ | AG4: เครื่อง
B5: เลขที่ SO | C5: ชื่อลูกค้า | D5: ตรา | E5: กว้าง | F5: ยาว | G5: สี | H5: เคลือบ | I5: กรัม/ใบ | J5: * | K5: aw | L5: บิด/จับจีบ | M5: กว้าง | N5: ยาว | O5: หนา | P5: ใช้(กก.) | Q5: Stock(กก.) | R5: ผลิต(กก.) | S5: วิธีบรรจุ | T5: วันส่ง | U5: จำนวนส่ง | V5: StockFG | W5: ค้างตัด | X5: พิมพ์แล้ว | Y5: ค้างพิมพ์ | Z5: ประเภท | AA5: ใช้ | AB5: Stock | AC5: ค้างทอ | AD5: Stock | AE5: ค้างเคลือบ | AF5: หมายเหตุ | AG5: ที่พิมพ์ได้ | AH5: process | AI5: Lead time | AJ5: วันที่ส่งPL | AK5: เคลือบ | AL5: ได้ ART | AM5: พิมพ์ | AN5: จีบ-บิด | AO5: ตัด-เย็บ | AP5: ทอ | AQ5: สวมถุง | AR5: เย็บปาก | AS5: PT | AT5: ม้วน | AU5: ตัด | AV5: ตอกตาไก่ | AW5: GROUP | AX5: ART | AY5: หมายเหตุปัญหา | AZ5: ราคา/ใบ | BA5: ราคารวม | BB5: workweek | BC5: เส้นเทป | BD5: จำนวน
A6: 45800 | B6: MK68-000701 | C6: หจก.ปึงเป้งน้ำ | D6: เกลือตรามือ 10กก | E6: 14 | F6: 22 | G6: ขาว | H6: ใส | I6: 42 | J6: ± | K6: 5 | L6: ไม่ | M6: ไม่สวมถุงใน | N6: 0 | O6: 0 | P6: 0 | Q6: 0 | R6: 0 | S6: 500กระสอบแบนเต็มใบ | T6: 45821 | U6: 10000 | V6: 0 | W6: 10000 | X6: 0 | Y6: 10500 | Z6: WSWT1425800 | AA6: 6565.9 | AB6: 1220 | AC6: 5345.9 | AD6: 1220 | AE6: 5345.9 | AF6: 0 | AG6: พร้อมส่ง | AH6: P6 | AI6: 4 | AJ6: 45821 | AK6: 45817 | AL6: 45810 | AM6: 45818 | AN6: 45819 | AO6: 45820 | AP6: 45816 | AQ6: 0 | AR6: 0 | AS6: 0 | AT6: 0 | AU6: 0 | AV6: 0 | AW6: งานเคลือบ+พิมพ์ | AX6: / | AY6: 0 | AZ6: 0 | BA6: 0 | BB6: 0 | BC6: WRWT25800/WRWT25800 | BD6: 299.3704
A7: 0 | B7: 0 | C7: 0 | D7: 0 | E7: 14 | F7: 22 | G7: ขาว | H7: 0 | I7: 36 | J7: ± | K7: 5 | L7: 0 | M7: 0 | N7: 0 | O7: 0 | P7: 0 | Q7: 0 | R7: 0 | S7: 0 | U7: 0 | V7: 0 | W7: 0 | X7: 0 | Y7: 0 | Z7: WSWT1425800 | AA7: 6565.9 | AB7: 1220 | AC7: 5345.9 | AD7: 1220 | AE7: 5345.9 | AF7: ระบุในSD | AG7: พร้อมส่ง | AH7: 0 | AI7: Lead time | AJ7: 0 | AK7: 0 | AL7: 0 | AM7: 0 | AN7: 0 | AO7: 0 | AP7: 0 | AQ7: 0 | AR7: 0 | AS7: 0 | AT7: 0 | AU7: 0 | AV7: 0 | AW7: 0 | AX7: 0 | AY7: 0 | AZ7: 0 | BA7: 0 | BB7: 0 | BC7: WRWT140800/WRWT25800 | BD7: 0
A8: ประมาณการ | B8: ประมาณการ | C8: บจก.ซัน ซีเมนต์ โพรเซส | D8: พระอาทิตย์(ปูนนอน-ชริงค์) | E8: 16 | F8: 25 | G8: ขาว | H8: ใส | I8: 50 | J8: ± | K8: 5 | L8: บิด | M8: 19 | N8: 28 | O8: 40 | P8: 65.624643 | Q8: 0 | R8: 65.624643 | S8: 500กระสอบ | T8: รอแจ้ง | U8: 5000 | V8: 0 | W8: 5000 | X8: 0 | Y8: 5250 | Z8: WSWT1625800SM | AA8: 3702.05 | AB8: 3372 | AC8: 330.05 | AD8: 0 | AE8: 3702.05 | AF8: 0 | AG8: พร้อมส่ง | AH8: P8 | AI8: 4 | AJ8: รอแจ้ง | AK8: #VALUE! | AL8: #VALUE! | AM8: #VALUE! | AN8: #VALUE! | AO8: #VALUE! | AP8: #VALUE! | AQ8: #VALUE! | AR8: 0 | AS8: 0 | AT8: 0 | AU8: 0 | AV8: 0 | AW8: งานเคลือบ+พิมพ์ | AX8: รอART | AY8: 0 | AZ8: 0 | BA8: 0 | BB8: 0 | BC8: WRWT25800/WRWT25800 | BD8: 18.776178
A9: 0 | B9: 0 | C9: 0 | E9: 16 | F9: 25 | G9: ขาว | H9: 0 | I9: 45 | J9: ± | K9: 5 | L9: 0 | M9: 0 | N9: 0 | O9: 0 | P9: 0 | Q9: 0 | R9: 0 | S9: 0 | U9: 0 | V9: 0 | W9: 0 | X9: 0 | Y9: 0 | Z9: WSWT1625800SM | AA9: 3702.05 | AB9: 3372 | AC9: 330.05 | AD9: 0 | AE9: 3702.05 | AF9: ระบุในSD | AG9: ยังไม่ได้พิมพ์ | AH9: 0 | AI9: Lead time | AJ9: 0 | AK9: 0 | AL9: 0 | AM9: 0 | AN9: 0 | AO9: 0 | AP9: 0 | AQ9: 0 | AR9: 0 | AS9: 0 | AT9: 0 | AU9: 0 | AV9: 0 | AW9: 0 | AX9: 0 | AY9: 0 | AZ9: 0 | BA9: 0 | BB9: 0 | BC9: WRWT160800/WRWT25800 | BD9: 0
A10: 45805 | B10: MK68-000717 | C10: บจก.โรงสีข้าวธัญญาวัฒน์ | D10: LUNG SHIN 12Kg. | E10: 17 | F10: 26 | G10: ขาว | H10: 0 | I10: 48 | J10: ± | K10: 5 | L10: ไม่ | M10: ไม่สวมถุงใน | N10: 0 | O10: 0 | P10: 0 | Q10: 0 | R10: 0 | S10: 500กระสอบแบน | T10: 45813 | U10: 10200 | V10: 0 | W10: 10200 | X10: 0 | Y10: 10710 | Z10: WSWT1725800 | AA10: 7837.17 | AB10: 5814 | AC10: 2023.17 | AD10: 0 | AE10: 0 | AF10: 0 | AG10: พร้อมส่ง | AH10: P7 | AI10: 2 | AJ10: 45813 | AK10: 0 | AL10: 45804 | AM10: 45811 | AN10: 45812 | AO10: 45812 | AP10: 45808 | AQ10: 0 | AR10: 0 | AS10: 0 | AT10: 0 | AU10: 0 | AV10: 0 | AW10: งานพิมพ์ | AX10: รอART | AY10: 0 | AZ10: 0 | BA10: 0 | BB10: 0 | BC10: WRWT25800/WRWT25800 | BD10: 131.46109
A11: 0 | B11: 0 | C11: 0 | D11: 0 | E11: 17 | F11: 26 | G11: 0 | H11: 0 | I11: 48 | J11: ± | K11: 5 | L11: 0 | M11: 0 | N11: 0 | O11: 0 | P11: 0 | Q11: 0 | R11: 0 | S11: 0 | U11: 0 | V11: 0 | W11: 0 | X11: 0 | Y11: 0 | Z11: WSWT1725800 | AA11: 7837.17 | AB11: 5814 | AC11: 2023.17 | AD11: 0 | AE11: 0 | AF11: ระบุในSD | AG11: ยังไม่ได้พิมพ์ | AH11: 0 | AI11: 0 | AJ11: 0 | AK11: 0 | AL11: 0 | AM11: 0 | AN11: 0 | AO11: 0 | AP11: 0 | AQ11: 0 | AR11: 0 | AS11: 0 | AT11: 0 | AU11: 0 | AV11: 0 | AW11: 0 | AX11: 0 | AY11: 0 | AZ11: 0 | BA11: 0 | BB11: 0 | BC11: WRWT170800/WRWT25800 | BD11: 0
A12: ประมาณการ | B12: ประมาณการ | C12: บจก.ฟาร์เธอร์ส วิง ซัพพลาย | D12: รถไฟ | E12: 18 | F12: 30 | G12: ขาว | H12: 0 | I12: 54 | J12: ± | K12: 5 | L12: บิด | M12: 19 | N12: 33 | O12: 40 | P12: 232.02999 | Q12: 0 | R12: 232.02999 | S12: 500กระสอบ | T12: 45838 | U12: 15000 | V12: 0 | W12: 15000 | X12: 0 | Y12: 15750 | Z12: WSWT1825800 | AA12: 13201.65 | AB12: 6301 | AC12: 6900.65 | AD12: 0 | AE12: 0 | AF12: 0 | AG12: ยังไม่ได้พิมพ์ | AH12: P9 | AI12: 3 | AJ12: 45838 | AK12: 0 | AL12: 45828 | AM12: 45835 | AN12: 45836 | AO12: 45836 | AP12: 45833 | AQ12: 45837 | AR12: 0 | AS12: 0 | AT12: 0 | AU12: 0 | AV12: 0 | AW12: งานพิมพ์ | AX12: รอART | AY12: 0 | AZ12: 0 | BA12: 0 | BB12: 0 | BC12: WRWT25800/WRWT25800 | BD12: 474.76472
A13: 0 | B13: 0 | E13: 18 | F13: 30 | G13: ขาว | H13: 0 | I13: 54 | J13: ± | K13: 5 | L13: 0 | M13: 0 | N13: 0 | O13: 0 | P13: 0 | Q13: 0 | R13: 0 | S13: 0 | U13: 0 | V13: 0 | W13: 0 | X13: 0 | Y13: 0 | Z13: WSWT1825800 | AA13: 13201.65 | AB13: 6301 | AC13: 6900.65 | AD13: 0 | AE13: 0 | AF13: ระบุในSD | AG13: ยังไม่ได้พิมพ์ | AH13: 0 | AI13: Lead time | AJ13: 0 | AK13: 0 | AL13: 0 | AM13: 0 | AN13: 0 | AO13: 0 | AP13: 0 | AQ13: 0 | AR13: 0 | AS13: 0 | AT13: 0 | AU13: 0 | AV13: 0 | AW13: 0 | AX13: 0 | AY13: 0 | AZ13: 0 | BA13: 0 | BB13: 0 | BC13: WRWT25800/WRWT25800 | BD13: 0
A14: 45797 | B14: MK68-000686 | C14: บจก.ซิเบลโก้ | D14: PORTARYTE | E14: 18 | F14: 30 | G14: ขาว | H14: ใส | I14: 74 | J14: ± | K14: 5 | L14: ไม่ | M14: ไม่สวมถุงใน | N14: 0 | O14: 0 | P14: 0 | Q14: 0 | R14: 0 | S14: 500กระสอบ | T14: 45813 | U14: 10000 | V14: 0 | W14: 10000 | X14: 0 | Y14: 10500 | Z14: WSWT1825800SM | AA14: 8801.1 | AB14: 8801.1 | AC14: 0 | AD14: 0 | AE14: 8801.1 | AF14: ห้ามเกิน-ขาดได้5% | AG14: ยังไม่ได้พิมพ์ | AH14: P6 | AI14: 4 | AJ14: 45813 | AK14: 45809 | AL14: 45802 | AM14: 45810 | AN14: 45811 | AO14: 45812 | AP14: 45808 | AQ14: 0 | AR14: 0 | AS14: 0 | AT14: 0 | AU14: 0 | AV14: 0 | AW14: งานเคลือบ+พิมพ์ | AX14: / | AY14: 0 | AZ14: 0 | BA14: 0 | BB14: 0 | BC14: WRWT25800/WRWT25800 | BD14: 0
A15: 45797 | B15: MK68-000686 | C15: บจก.ซิเบลโก้ | D15: PORTARYTE B15 | E15: 18 | F15: 30 | G15: ขาว | H15: ใส | I15: 74 | J15: ± | K15: 5 | L15: ไม่ | M15: ไม่สวมถุงใน | N15: 0 | O15: 0 | P15: 0 | Q15: 0 | R15: 0 | S15: 500กระสอบ | T15: 45813 | U15: 10000 | V15: 0 | W15: 10000 | X15: 0 | Y15: 10500 | Z15: WSWT1825800SM | AA15: 8801.1 | AB15: 7199 | AC15: 1602.1 | AD15: 0 | AE15: 8801.1 | AF15: ห้ามเกิน-ขาดได้5% | AG15: พร้อมส่ง | AH15: P6 | AI15: 4 | AJ15: 45813 | AK15: 45809 | AL15: 45802 | AM15: 45810 | AN15: 45811 | AO15: 45812 | AP15: 45808 | AQ15: 0 | AR15: 0 | AS15: 0 | AT15: 0 | AU15: 0 | AV15: 0 | AW15: งานเคลือบ+พิมพ์ | AX15: / | AY15: 0 | AZ15: 0 | BA15: 0 | BB15: 0 | BC15: WRWT25800/WRWT25800 | BD15: 102.5344
A16: 45805 | B16: MK68-000716 | C16: บจก.ไบโอกรีนนิค | D16: หนุมานเทอร์โบ | E16: 18 | F16: 28 | G16: ขาว | H16: ใส | I16: 69 | J16: ± | K16: 5 | L16: จับจีบ4" | M16: 19 | N16: 31 | O16: 60 | P16: 217.96756 | Q16: 0 | R16: 217.96756 | S16: 500กระสอบ | T16: 45820 | U16: 10000 | V16: 0 | W16: 10000 | X16: 0 | Y16: 10500 | Z16: WSWT1825800SM | AA16: 8242.3 | AB16: 0 | AC16: 8242.3 | AD16: 0 | AE16: 8242.3 | AF16: ขาด-เกินได้5% | AG16: ยังไม่ได้พิมพ์ | AH16: P6 | AI16: 4 | AJ16: 45820 | AK16: 45816 | AL16: 45809 | AM16: 45817 | AN16: 45818 | AO16: 45819 | AP16: 45815 | AQ16: 0 | AR16: 0 | AS16: 0 | AT16: 0 | AU16: 0 | AV16: 0 | AW16: งานเคลือบ+พิมพ์ | AX16: รอART | AY16: 0 | AZ16: 0 | BA16: 0 | BB16: 0 | BC16: WRWT25800/WRWT25800 | BD16: 527.5072
A17: 45797 | B17: MK68-000687 | C17: บจก.ซิเบลโก้ | D17: PORTARYTE | E17: 18 | F17: 30 | G17: ขาว | H17: ใส | I17: 74 | J17: ± | K17: 5 | L17: ไม่ | M17: ไม่สวมถุงใน | N17: 0 | O17: 0 | P17: 0 | Q17: 0 | R17: 0 | S17: 500กระสอบ | T17: 45841 | U17: 10000 | V17: 0 | W17: 10000 | X17: 0 | Y17: 10500 | Z17: WSWT1825800SM | AA17: 8801.1 | AB17: 0 | AC17: 8801.1 | AD17: 0 | AE17: 8801.1 | AF17: ห้ามเกิน-ขาดได้5% | AG17: รอตัด | AH17: P6 | AI17: 4 | AJ17: 45841 | AK17: 45837 | AL17: 45830 | AM17: 45838 | AN17: 45839 | AO17: 45840 | AP17: 45836 | AQ17: 0 | AR17: 0 | AS17: 0 | AT17: 0 | AU17: 0 | AV17: 0 | AW17: งานเคลือบ+พิมพ์ | AX17: / | AY17: 0 | AZ17: 0 | BA17: 0 | BB17: 0 | BC17: WRWT25800/WRWT25800 | BD17: 563.2704
A18: 0 | B18: 0 | C18: 0 | E18: 18 | F18: 25 | G18: ขาว | H18: 0 | I18: 50 | J18: ± | K18: 5 | L18: 0 | M18: 0 | N18: 0 | O18: 0 | P18: 0 | Q18: 0 | R18: 0 | S18: 0 | U18: 0 | V18: 0 | W18: 0 | X18: 0 | Y18: 0 | Z18: WSWT1825800SM | AA18: 34645.6 | AB18: 16000.1 | AC18: 18645.5 | AD18: 0 | AE18: 34645.6 | AF18: ระบุในSD | AG18: รอตัด | AH18: 0 | AI18: Lead time | AJ18: 0 | AK18: 0 | AL18: 0 | AM18: 0 | AN18: 0 | AO18: 0 | AP18: 0 | AQ18: 0 | AR18: 0 | AS18: 0 | AT18: 0 | AU18: 0 | AV18: 0 | AW18: 0 | AX18: 0 | AY18: 0 | AZ18: 0 | BA18: 0 | BB18: 0 | BC18: WRWT180800/WRWT25800 | BD18: 0
A19: ประมาณการ | B19: ประมาณการ | C19: บจก.ไลม์มาสเตอร์ | D19: LMC 25 kg | E19: 19 | F19: 32 | G19: ขาว | H19: 0 | I19: 64 | J19: ± | K19: 5 | L19: ไม่ | M19: 20 | N19: 35 | O19: 40 | P19: 172.69643 | Q19: 0 | R19: 172.69643 | S19: 500กระสอบแบน | T19: 45838 | U19: 10000 | V19: 0 | W19: 10000 | X19: 0 | Y19: 10500 | Z19: WSWT1925800 | AA19: 9359.9 | AB19: 9359.9 | AC19: 0 | AD19: 0 | AE19: 0 | AF19: 0 | AG19: ยังไม่ได้พิมพ์ | AH19: P9 | AI19: 3 | AJ19: 45838 | AK19: 0 | AL19: 45828 | AM19: 45835 | AN19: 45836 | AO19: 45836 | AP19: 45833 | AQ19: 45837 | AR19: 0 | AS19: 0 | AT19: 0 | AU19: 0 | AV19: 0 | AW19: งานพิมพ์ | AX19: รอART | AY19: 0 | AZ19: 0 | BA19: 0 | BB19: 0 | BC19: WRWT25800/WRWT25800 | BD19: 0
A20: 45797 | B20: MK68-000683 | C20: บจก.เพรซิเดนท์ฟลาวมิลล์ | D20: ผึ้งเหลือง | E20: 19 | F20: 30 | G20: ขาว | H20: 0 | I20: 60 | J20: ± | K20: 5 | L20: บิด | M20: ไม่สวมถุงใน | N20: 0 | O20: 0 | P20: 0 | Q20: 0 | R20: 0 | S20: 500กระสอบ | T20: 45812 | U20: 60000 | V20: 0 | W20: 60000 | X20: 63300 | Y20: 0 | Z20: WSWT1925800 | AA20: 0 | AB20: 0 | AC20: 0 | AD20: 0 | AE20: 0 | AF20: 0 | AG20: ยังไม่ได้พิมพ์ | AH20: P7 | AI20: 2 | AJ20: 45812 | AK20: 0 | AL20: 45803 | AM20: 45810 | AN20: 45811 | AO20: 45811 | AP20: 45807 | AQ20: 0 | AR20: 0 | AS20: 0 | AT20: 0 | AU20: 0 | AV20: 0 | AW20: งานพิมพ์ | AX20: / | AY20: 0 | AZ20: 0 | BA20: 0 | BB20: 0 | BC20: WRWT25800/WRWT25800 | BD20: 0
A21: 45797 | B21: MK68-000682 | C21: บจก.เพรซิเดนท์ฟลาวมิลล์ | D21: ผึ้งชมพู | E21: 19 | F21: 30 | G21: ขาว | H21: 0 | I21: 60 | J21: ± | K21: 5 | L21: บิด | M21: ไม่สวมถุงใน | N21: 0 | O21: 0 | P21: 0 | Q21: 0 | R21: 0 | S21: 500กระสอบ | T21: 45812 | U21: 30000 | V21: 0 | W21: 30000 | X21: 30930 | Y21: 0 | Z21: WSWT1925800 | AA21: 0 | AB21: 0 | AC21: 0 | AD21: 0 | AE21: 0 | AF21: 0 | AG21: พร้อมส่ง | AH21: P7 | AI21: 2 | AJ21: 45812 | AK21: 0 | AL21: 45803 | AM21: 45810 | AN21: 45811 | AO21: 45811 | AP21: 45807 | AQ21: 0 | AR21: 0 | AS21: 0 | AT21: 0 | AU21: 0 | AV21: 0 | AW21: งานพิมพ์ | AX21: / | AY21: 0 | AZ21: 0 | BA21: 0 | BB21: 0 | BC21: WRWT25800/WRWT25800 | BD21: 0
A22: 45797 | B22: MK68-000683 | C22: บจก.เพรซิเดนท์ฟลาวมิลล์ | D22: ผึ้งเหลือง | E22: 19 | F22: 30 | G22: ขาว | H22: 0 | I22: 60 | J22: ± | K22: 5 | L22: บิด | M22: ไม่สวมถุงใน | N22: 0 | O22: 0 | P22: 0 | Q22: 0 | R22: 0 | S22: 500กระสอบ | T22: 45819 | U22: 40000 | V22: 0 | W22: 40000 | X22: 0 | Y22: 42000 | Z22: WSWT1925800 | AA22: 35204.4 | AB22: 27687 | AC22: 7517.4 | AD22: 0 | AE22: 0 | AF22: 0 | AG22: รอแบบ | AH22: P7 | AI22: 2 | AJ22: 45819 | AK22: 0 | AL22: 45810 | AM22: 45817 | AN22: 45818 | AO22: 45818 | AP22: 45814 | AQ22: 0 | AR22: 0 | AS22: 0 | AT22: 0 | AU22: 0 | AV22: 0 | AW22: งานพิมพ์ | AX22: / | AY22: 0 | AZ22: 0 | BA22: 0 | BB22: 0 | BC22: WRWT25800/WRWT25800 | BD22: 545.93029
A23: 45797 | B23: MK68-000682 | C23: บจก.เพรซิเดนท์ฟลาวมิลล์ | D23: ผึ้งชมพู | E23: 19 | F23: 30 | G23: ขาว | H23: 0 | I23: 60 | J23: ± | K23: 5 | L23: บิด | M23: ไม่สวมถุงใน | N23: 0 | O23: 0 | P23: 0 | Q23: 0 | R23: 0 | S23: 500กระสอบ | T23: 45819 | U23: 30000 | V23: 0 | W23: 30000 | X23: 0 | Y23: 31500 | Z23: WSWT1925800 | AA23: 26403.3 | AB23: 0 | AC23: 26403.3 | AD23: 0 | AE23: 0 | AF23: 0 | AG23: รอตัด | AH23: P7 | AI23: 2 | AJ23: 45819 | AK23: 0 | AL23: 45810 | AM23: 45817 | AN23: 45818 | AO23: 45818 | AP23: 45814 | AQ23: 0 | AR23: 0 | AS23: 0 | AT23: 0 | AU23: 0 | AV23: 0 | AW23: งานพิมพ์ | AX23: / | AY23: 0 | AZ23: 0 | BA23: 0 | BB23: 0 | BC23: WRWT25800/WRWT25800 | BD23: 1917.4663
A24: 0 | B24: 0 | C24: 0 | D24: 0 | E24: 19 | F24: 30 | G24: ขาว | H24: 0 | I24: 60 | J24: ± | K24: 5 | L24: 0 | M24: 0 | N24: 0 | O24: 0 | P24: 0 | Q24: 0 | R24: 0 | S24: 0 | U24: 0 | V24: 0 | W24: 0 | X24: 0 | Y24: 0 | Z24: WSWT1925800 | AA24: 70967.6 | AB24: 37046.9 | AC24: 33920.7 | AD24: 0 | AE24: 0 | AF24: ระบุในSD | AG24: รอตัด | AH24: 0 | AI24: Lead time | AJ24: 0 | AK24: 0 | AL24: 0 | AM24: 0 | AN24: 0 | AO24: 0 | AP24: 0 | AQ24: 0 | AR24: 0 | AS24: 0 | AT24: 0 | AU24: 0 | AV24: 0 | AW24: 0 | AX24: 0 | AY24: 0 | AZ24: 0 | BA24: 0 | BB24: 0 | BC24: WRWT25800/WRWT25800 | BD24: 0
A25: ประมาณการ | B25: ประมาณการ | C25: บจก.เคอรี่ฟลาวมิลล์ | D25: รอแบบ | E25: 19 | F25: 30 | G25: ขาว | H25: 0 | I25: 63 | J25: + | K25: 5 | L25: บิด | M25: ไม่สวมถุงใน | N25: 0 | O25: 0 | P25: 0 | Q25: 0 | R25: 0 | S25: ห่ออัดเบลแบน500 | T25: 45838 | U25: 400000 | V25: 0 | W25: 400000 | X25: 0 | Y25: 420000 | Z25: WSWT1921720 | AA25: 352044 | AB25: 28184 | AC25: 323860 | AD25: 0 | AE25: 0 | AF25: 0 | AG25: พร้อมส่ง | AH25: P7 | AI25: 2 | AJ25: 45838 | AK25: 0 | AL25: 45829 | AM25: 45836 | AN25: 45837 | AO25: 45837 | AP25: 45833 | AQ25: 0 | AR25: 0 | AS25: 0 | AT25: 0 | AU25: 0 | AV25: 0 | AW25: งานพิมพ์ | AX25: / | AY25: 0 | AZ25: 0 | BA25: 0 | BB25: 0 | BC25: WRWT21720/WRWT25800 | BD25: 24394.575
A26: 0 | B26: ใบรับคำสั่งซื้อ | C26: บจก.เคอรี่ฟลาวมิลล์ | D26: ดอกไม้เขียว | E26: 19 | F26: 32 | G26: ขาว | H26: 0 | I26: 67 | J26: + | K26: 5 | L26: บิด | M26: ไม่สวมถุงใน | N26: 0 | O26: 0 | P26: 0 | Q26: 0 | R26: 0 | S26: ห่ออัดเบลแบน500 | T26: รอแจ้ง | U26: 5000 | V26: 0 | W26: 5000 | X26: 5300 | Y26: 0 | Z26: WSWT1921720 | AA26: 0 | AB26: 0 | AC26: 0 | AD26: 0 | AE26: 0 | AF26: 0 | AG26: ยังไม่ได้พิมพ์ | AH26: P7 | AI26: 2 | AJ26: รอแจ้ง | AK26: 0 | AL26: #VALUE! | AM26: #VALUE! | AN26: #VALUE! | AO26: #VALUE! | AP26: #VALUE! | AQ26: 0 | AR26: 0 | AS26: 0 | AT26: 0 | AU26: 0 | AV26: 0 | AW26: งานพิมพ์ | AX26: 0 | AY26: 0 | AZ26: 0 | BA26: 0 | BB26: 0 | BC26: WRWT21720/WRWT25800 | BD26: 0
A27: 0 | B27: ใบรับคำสั่งซื้อ | C27: บจก.เคอรี่ฟลาวมิลล์ | D27: ถุงทองแซนวิช | E27: 19 | F27: 30 | G27: ขาว | H27: 0 | I27: 63 | J27: + | K27: 5 | L27: บิด | M27: ไม่สวมถุงใน | N27: 0 | O27: 0 | P27: 0 | Q27: 0 | R27: 0 | S27: ห่ออัดเบลแบน500 | T27: รอแจ้ง | U27: 5000 | V27: 0 | W27: 5000 | X27: 5300 | Y27: 0 | Z27: WSWT1921720 | AA27: 0 | AB27: 0 | AC27: 0 | AD27: 0 | AE27: 0 | AF27: 0 | AG27: พร้อมส่ง | AH27: P7 | AI27: 2 | AJ27: รอแจ้ง | AK27: 0 | AL27: #VALUE! | AM27: #VALUE! | AN27: #VALUE! | AO27: #VALUE! | AP27: #VALUE! | AQ27: 0 | AR27: 0 | AS27: 0 | AT27: 0 | AU27: 0 | AV27: 0 | AW27: งานพิมพ์ | AX27: 0 | AY27: 0 | AZ27: 0 | BA27: 0 | BB27: 0 | BC27: WRWT21720/WRWT25800 | BD27: 0
A28: 0 | B28: 0 | C28: 0 | D28: 0 | E28: 19 | F28: 30 | G28: 0 | H28: 0 | I28: 63 | J28: + | K28: 5 | L28: 0 | M28: 0 | N28: 0 | O28: 0 | P28: 0 | Q28: 0 | R28: 0 | S28: 0 | U28: 0 | V28: 0 | W28: 0 | X28: 0 | Y28: 0 | Z28: WSWT1921720 | AA28: 352044 | AB28: 28184 | AC28: 323860 | AD28: 0 | AE28: 0 | AF28: ระบุในSD | AG28: พร้อมส่ง | AH28: 0 | AI28: Lead time | AJ28: 0 | AK28: 0 | AL28: 0 | AM28: 0 | AN28: 0 | AO28: 0 | AP28: 0 | AQ28: 0 | AR28: 0 | AS28: 0 | AT28: 0 | AU28: 0 | AV28: 0 | AW28: 0 | AX28: 0 | AY28: 0 | AZ28: 0 | BA28: 0 | BB28: 0 | BC28: WRWT190720/WRWT25800 | BD28: 0
A29: 45803 | B29: MK68-000705 | C29: บจก.ไมโครอินโนเวท | D29: B Soy Digest กลาง | E29: 19 | F29: 34 | G29: ขาว | H29: ด้าน | I29: 84 | J29: ± | K29: 5 | L29: จับจีบ | M29: 20 | N29: 37 | O29: 40 | P29: 182.5648 | Q29: 0 | R29: 182.5648 | S29: 500กระสอบแบน | T29: 45814 | U29: 10000 | V29: 0 | W29: 10000 | X29: 0 | Y29: 10500 | Z29: WSWT1925800SM | AA29: 9918.7 | AB29: 9918.7 | AC29: 0 | AD29: 0 | AE29: 9918.7 | AF29: 0 | AG29: พร้อมส่ง | AH29: P8 | AI29: 4 | AJ29: 45814 | AK29: 45810 | AL29: 45804 | AM29: 45811 | AN29: 45812 | AO29: 45812 | AP29: 45809 | AQ29: 45813 | AR29: 0 | AS29: 0 | AT29: 0 | AU29: 0 | AV29: 0 | AW29: งานเคลือบ+พิมพ์ | AX29: / | AY29: 0 | AZ29: 0 | BA29: 0 | BB29: 0 | BC29: WRWT25800/WRWT25800 | BD29: 0
A30: 0 | B30: 0 | C30: 0 | D30: 0 | E30: 19 | F30: 30 | G30: 0 | H30: 0 | I30: 56 | J30: ± | K30: 5 | L30: 0 | M30: 0 | N30: 0 | O30: 0 | P30: 0 | Q30: 0 | R30: 0 | S30: 0 | U30: 0 | W30: 0 | X30: 0 | Y30: 0 | Z30: WSWT1925800SM | AA30: 9918.7 | AB30: 9918.7 | AC30: 0 | AD30: 0 | AE30: 9918.7 | AF30: ระบุในSD | AG30: ยังไม่ได้พิมพ์ | AH30: 0 | AI30: Lead time | AJ30: 0 | AK30: 0 | AL30: 0 | AM30: 0 | AN30: 0 | AO30: 0 | AP30: 0 | AQ30: 0 | AR30: 0 | AS30: 0 | AT30: 0 | AU30: 0 | AV30: 0 | AW30: 0 | AX30: 0 | AY30: 0 | AZ30: 0 | BA30: 0 | BB30: 0 | BC30: WRWT190800/WRWT25800 | BD30: 0
A31: 45796 | B31: MK68-000680 | C31: บจก.อินเทคค์ โกลบอล | D31: เพอเฟคค์103P โกลด์ | E31: 19 | F31: 34 | G31: ขาว | H31: ด้าน | I31: 100 | J31: ± | K31: 5 | L31: จับจีบ4" | M31: ไม่สวมถุงใน | N31: 0 | O31: 0 | P31: 0 | Q31: 0 | R31: 0 | S31: มัด80 ใช้สายรัด | T31: รอแจ้ง | U31: 503 | V31: 0 | W31: 503 | X31: 5250 | Y31: 0 | Z31: WSWT19251000SM | AA31: 0 | AB31: 0 | AC31: 0 | AD31: 0 | AE31: 0 | AF31: 0 | AG31: พร้อมส่ง | AH31: P6 | AI31: 4 | AJ31: รอแจ้ง | AK31: #VALUE! | AL31: #VALUE! | AM31: #VALUE! | AN31: #VALUE! | AO31: #VALUE! | AP31: #VALUE! | AQ31: 0 | AR31: 0 | AS31: 0 | AT31: 0 | AU31: 0 | AV31: 0 | AW31: งานเคลือบ+พิมพ์ | AX31: / | AY31: 0 | AZ31: 0 | BA31: 0 | BB31: 0 | BC31: WRWT251000/WRWT251000 | BD31: 0
A32: 0 | B32: 0 | C32: 0 | D32: 0 | E32: 19 | F32: 34 | G32: ขาว | H32: 0 | I32: 80 | J32: ± | K32: 5 | L32: 0 | M32: 0 | N32: 0 | O32: 0 | P32: 0 | Q32: 0 | R32: 0 | S32: 0 | U32: 0 | V32: 0 | W32: 0 | X32: 0 | Y32: 0 | Z32: WSWT19251000SM | AA32: 0 | AB32: 0 | AC32: 0 | AD32: 0 | AE32: 0 | AF32: ระบุในSD | AG32: พร้อมส่ง | AH32: 0 | AI32: Lead time | AJ32: 0 | AK32: 0 | AL32: 0 | AM32: 0 | AN32: 0 | AO32: 0 | AP32: 0 | AQ32: 0 | AR32: 0 | AS32: 0 | AT32: 0 | AU32: 0 | AV32: 0 | AW32: 0 | AX32: 0 | AY32: 0 | AZ32: 0 | BA32: 0 | BB32: 0 | BC32: WRWT251000/WRYL251000 | BD32: 0
A33: ประมาณการ | B33: ประมาณการ | C33: บจก.เอเชียเหมืองแร่ | D33: AMPC | E33: 20 | F33: 32 | G33: ขาว | H33: 0 | I33: 60 | J33: ± | K33: 5 | L33: ไม่ | M33: ไม่สวมถุงใน | N33: 0 | O33: 0 | P33: 0 | Q33: 0 | R33: 0 | S33: 500กระสอบ | T33: 45838 | U33: 20000 | V33: 0 | W33: 20000 | X33: 0 | Y33: 21000 | Z33: WSWT2025650 | AA33: 18719.8 | AB33: 0 | AC33: 18719.8 | AD33: 0 | AE33: 0 | AF33: 0 | AG33: พร้อมส่ง | AH33: P7 | AI33: 2 | AJ33: 45838 | AK33: 0 | AL33: 45829 | AM33: 45836 | AN33: 45837 | AO33: 45837 | AP33: 45833 | AQ33: 0 | AR33: 0 | AS33: 0 | AT33: 0 | AU33: 0 | AV33: 0 | AW33: งานพิมพ์ | AX33: 0 | AY33: 0 | AZ33: 0 | BA33: 0 | BB33: 0 | BC33: WRWT25650/WRWT25650 | BD33: 1149.1877
A34: 0 | B34: 0 | C34: 0 | D34: 0 | E34: 20 | F34: 37 | G34: ขาว | H34: 0 | I34: 65 | J34: ± | K34: 5 | L34: 0 | M34: 0 | N34: 0 | O34: 0 | P34: 0 | Q34: 0 | R34: 0 | S34: 0 | U34: 0 | V34: 0 | W34: 0 | X34: 0 | Y34: 0 | Z34: WSWT2025650 | AA34: 18719.8 | AB34: 0 | AC34: 18719.8 | AD34: 0 | AE34: 0 | AF34: ระบุในSD | AG34: รอตัด | AH34: 0 | AI34: Lead time | AJ34: 0 | AK34: 0 | AL34: 0 | AM34: 0 | AN34: 0 | AO34: 0 | AP34: 0 | AQ34: 0 | AR34: 0 | AS34: 0 | AT34: 0 | AU34: 0 | AV34: 0 | AW34: 0 | AX34: 0 | AY34: 0 | AZ34: 0 | BA34: 0 | BB34: 0 | BC34: WRWT25650/WRWT25650 | BD34: 0
A35: 45796 | B35: MK68-000671 | C35: บจก.อินเทคค์ โกลบอล | D35: เฟิร์สช้อย 902 | E35: 20 | F35: 36 | G35: ขาว | H35: ด้าน | I35: 100 | J35: ± | K35: 5 | L35: จับจีบ | M35: ไม่สวมถุงใน | N35: 0 | O35: 0 | P35: 0 | Q35: 0 | R35: 0 | S35: มัด80 ใช้สายรัด | T35: 45813 | U35: 366 | V35: 0 | W35: 366 | X35: 5113 | Y35: 0 | Z35: WSWT2025800SM | AA35: 0 | AB35: 0 | AC35: 0 | AD35: 0 | AE35: 0 | AF35: 0 | AG35: ยังไม่ได้พิมพ์ | AH35: P6 | AI35: 4 | AJ35: 45813 | AK35: 45809 | AL35: 45802 | AM35: 45810 | AN35: 45811 | AO35: 45812 | AP35: 45808 | AQ35: 0 | AR35: 0 | AS35: 0 | AT35: 0 | AU35: 0 | AV35: 0 | AW35: งานเคลือบ+พิมพ์ | AX35: / | AY35: 0 | AZ35: 0 | BA35: 0 | BB35: 0 | BC35: WRWT25850/WRWT25850 | BD35: 0
A36: 45796 | B36: MK68-000671 | C36: บจก.อินเทคค์ โกลบอล | D36: เฟิร์สช้อย 911 | E36: 20 | F36: 36 | G36: ขาว | H36: ด้าน | I36: 100 | J36: ± | K36: 5 | L36: จับจีบ | M36: ไม่สวมถุงใน | N36: 0 | O36: 0 | P36: 0 | Q36: 0 | R36: 0 | S36: มัด80 ใช้สายรัด | T36: 45813 | U36: 3280 | V36: 0 | W36: 3280 | X36: 5975 | Y36: 0 | Z36: WSWT2025800SM | AA36: 0 | AB36: 0 | AC36: 0 | AD36: 0 | AE36: 0 | AF36: 0 | AG36: รอตัด | AH36: P6 | AI36: 4 | AJ36: 45813 | AK36: 45809 | AL36: 45802 | AM36: 45810 | AN36: 45811 | AO36: 45812 | AP36: 45808 | AQ36: 0 | AR36: 0 | AS36: 0 | AT36: 0 | AU36: 0 | AV36: 0 | AW36: งานเคลือบ+พิมพ์ | AX36: / | AY36: 0 | AZ36: 0 | BA36: 0 | BB36: 0 | BC36: WRWT25850/WRWT25850 | BD36: 0
A37: 45796 | B37: MK68-000672 | C37: บจก.อินเทคค์ โกลบอล | D37: เฟิร์สช้อย 912 | E37: 20 | F37: 36 | G37: ขาว | H37: ด้าน | I37: 100 | J37: ± | K37: 5 | L37: จับจีบ | M37: ไม่สวมถุงใน | N37: 0 | O37: 0 | P37: 0 | Q37: 0 | R37: 0 | S37: มัด80 ใช้สายรัด | T37: 45813 | U37: 3853 | V37: 0 | W37: 3853 | X37: 15401 | Y37: 0 | Z37: WSWT2025800SM | AA37: 0 | AB37: 0 | AC37: 0 | AD37: 0 | AE37: 0 | AF37: 0 | AG37: รอตัด | AH37: P6 | AI37: 4 | AJ37: 45813 | AK37: 45809 | AL37: 45802 | AM37: 45810 | AN37: 45811 | AO37: 45812 | AP37: 45808 | AQ37: 0 | AR37: 0 | AS37: 0 | AT37: 0 | AU37: 0 | AV37: 0 | AW37: งานเคลือบ+พิมพ์ | AX37: / | AY37: 0 | AZ37: 0 | BA37: 0 | BB37: 0 | BC37: WRWT25850/WRWT25850 | BD37: 0
A38: 45796 | B38: MK68-000672 | C38: บจก.อินเทคค์ โกลบอล | D38: เฟิร์สช้อย 913 | E38: 20 | F38: 36 | G38: ขาว | H38: ด้าน | I38: 100 | J38: ± | K38: 5 | L38: จับจีบ | M38: ไม่สวมถุงใน | N38: 0 | O38: 0 | P38: 0 | Q38: 0 | R38: 0 | S38: มัด80 ใช้สายรัด | T38: 45813 | U38: 4349 | V38: 0 | W38: 4349 | X38: 0 | Y38: 4566.45 | Z38: WSWT2025800SM | AA38: 4556.6647 | AB38: 4556.6647 | AC38: 0 | AD38: 0 | AE38: 4556.6647 | AF38: 0 | AG38: รอตัด | AH38: P6 | AI38: 4 | AJ38: 45813 | AK38: 45809 | AL38: 45802 | AM38: 45810 | AN38: 45811 | AO38: 45812 | AP38: 45808 | AQ38: 0 | AR38: 0 | AS38: 0 | AT38: 0 | AU38: 0 | AV38: 0 | AW38: งานเคลือบ+พิมพ์ | AX38: / | AY38: 0 | AZ38: 0 | BA38: 0 | BB38: 0 | BC38: WRWT25850/WRWT25850 | BD38: 0
A39: 45796 | B39: MK68-000673 | C39: บจก.อินเทคค์ โกลบอล | D39: เพอเฟคค์ 000 | E39: 20 | F39: 36 | G39: ขาว | H39: ด้าน | I39: 100 | J39: ± | K39: 5 | L39: จับจีบ | M39: ไม่สวมถุงใน | N39: 0 | O39: 0 | P39: 0 | Q39: 0 | R39: 0 | S39: มัด80 ใช้สายรัด | T39: 45808 | U39: 10000 | V39: 0 | W39: 10000 | X39: 11000 | Y39: 0 | Z39: WSWT2025800SM | AA39: 0 | AB39: 0 | AC39: 0 | AD39: 0 | AE39: 0 | AF39: 0 | AG39: รอตัด | AH39: P6 | AI39: 4 | AJ39: 45808 | AK39: 45804 | AL39: 45797 | AM39: 45805 | AN39: 45806 | AO39: 45807 | AP39: 45803 | AQ39: 0 | AR39: 0 | AS39: 0 | AT39: 0 | AU39: 0 | AV39: 0 | AW39: งานเคลือบ+พิมพ์ | AX39: / | AY39: 0 | AZ39: 0 | BA39: 0 | BB39: 0 | BC39: WRWT25850/WRWT25850 | BD39: 0
A40: 45721 | B40: MK68-000334 | C40: บจก.อินเทคค์ โกลบอล | D40: เพอเฟคค์ 000 | E40: 20 | F40: 36 | G40: ขาว | H40: ด้าน | I40: 100 | J40: ± | K40: 5 | L40: จับจีบ | M40: ไม่สวมถุงใน | N40: 0 | O40: 0 | P40: 0 | Q40: 0 | R40: 0 | S40: มัด80 ใช้สายรัด | T40: 45808 | U40: 971 | V40: 0 | W40: 971 | X40: 1290 | Y40: 0 | Z40: WSWT2025800SM | AA40: 0 | AB40: 0 | AC40: 0 | AD40: 0 | AE40: 0 | AF40: 0 | AG40: พิมพ์ไม่ครบ | AH40: P6 | AI40: 4 | AJ40: 45808 | AK40: 45804 | AL40: 45797 | AM40: 45805 | AN40: 45806 | AO40: 45807 | AP40: 45803 | AQ40: 0 | AR40: 0 | AS40: 0 | AT40: 0 | AU40: 0 | AV40: 0 | AW40: งานเคลือบ+พิมพ์ | AX40: / | AY40: 0 | AZ40: 0 | BA40: 0 | BB40: 0 | BC40: WRWT25850/WRWT25850 | BD40: 0
A41: 45796 | B41: MK68-000673 | C41: บจก.อินเทคค์ โกลบอล | D41: เพอเฟคค์ 902 | E41: 20 | F41: 36 | G41: ขาว | H41: ด้าน | I41: 100 | J41: ± | K41: 5 | L41: จับจีบ | M41: ไม่สวมถุงใน | N41: 0 | O41: 0 | P41: 0 | Q41: 0 | R41: 0 | S41: มัด80 ใช้สายรัด | T41: 45808 | U41: 5040 | V41: 498 | W41: 4542 | X41: 5300 | Y41: 0 | Z41: WSWT2025800SM | AA41: 0 | AB41: 0 | AC41: 0 | AD41: 0 | AE41: 0 | AF41: 0 | AG41: ยังไม่ได้พิมพ์ | AH41: P6 | AI41: 4 | AJ41: 45808 | AK41: 45804 | AL41: 45797 | AM41: 45805 | AN41: 45806 | AO41: 45807 | AP41: 45803 | AQ41: 0 | AR41: 0 | AS41: 0 | AT41: 0 | AU41: 0 | AV41: 0 | AW41: งานเคลือบ+พิมพ์ | AX41: / | AY41: 0 | AZ41: 0 | BA41: 0 | BB41: 0 | BC41: WRWT25850/WRWT25850 | BD41: 0
A42: 45796 | B42: MK68-000674 | C42: บจก.อินเทคค์ โกลบอล | D42: เพอเฟคค์ 913 | E42: 20 | F42: 36 | G42: ขาว | H42: ด้าน | I42: 100 | J42: ± | K42: 5 | L42: จับจีบ | M42: ไม่สวมถุงใน | N42: 0 | O42: 0 | P42: 0 | Q42: 0 | R42: 0 | S42: มัด80 ใช้สายรัด | T42: 45808 | U42: 10000 | V42: 0 | W42: 10000 | X42: 10700 | Y42: 0 | Z42: WSWT2025800SM | AA42: 0 | AB42: 0 | AC42: 0 | AD42: 0 | AE42: 0 | AF42: 0 | AG42: ยังไม่ได้พิมพ์ | AH42: P6 | AI42: 4 | AJ42: 45808 | AK42: 45804 | AL42: 45797 | AM42: 45805 | AN42: 45806 | AO42: 45807 | AP42: 45803 | AQ42: 0 | AR42: 0 | AS42: 0 | AT42: 0 | AU42: 0 | AV42: 0 | AW42: งานเคลือบ+พิมพ์ | AX42: / | AY42: 0 | AZ42: 0 | BA42: 0 | BB42: 0 | BC42: WRWT25850/WRWT25850 | BD42: 0
A43: 45766 | B43: MK68-000554 | C43: บจก.อินเทคค์ โกลบอล | D43: เพอเฟคค์ 913 | E43: 20 | F43: 36 | G43: ขาว | H43: ด้าน | I43: 100 | J43: ± | K43: 5 | L43: จับจีบ4" | M43: ไม่สวมถุงใน | N43: 0 | O43: 0 | P43: 0 | Q43: 0 | R43: 0 | S43: มัด80 ใช้สายรัด | T43: 45808 | U43: 5200 | V43: 1160 | W43: 4040 | X43: 4555 | Y43: 677.25 | Z43: WSWT2025800SM | AA43: 709.58869 | AB43: 709.58869 | AC43: 0 | AD43: 709.58869 | AE43: 0 | AF43: ห้ามขาด-ห้ามเกิน | AG43: ยังไม่ได้พิมพ์ | AH43: P6 | AI43: 4 | AJ43: 45808 | AK43: 45804 | AL43: 45797 | AM43: 45805 | AN43: 45806 | AO43: 45807 | AP43: 45803 | AQ43: 0 | AR43: 0 | AS43: 0 | AT43: 0 | AU43: 0 | AV43: 0 | AW43: งานเคลือบ+พิมพ์ | AX43: / | AY43: 2/5,5/5,12/5 ลบสี | AZ43: 0 | BA43: 0 | BB43: 0 | BC43: WRWT25850/WRWT25850 | BD43: 0
A44: 45796 | B44: MK68-000675 | C44: บจก.อินเทคค์ โกลบอล | D44: เพอเฟคค์ 914 | E44: 20 | F44: 36 | G44: ขาว | H44: ด้าน | I44: 100 | J44: ± | K44: 5 | L44: จับจีบ | M44: ไม่สวมถุงใน | N44: 0 | O44: 0 | P44: 0 | Q44: 0 | R44: 0 | S44: มัด80 ใช้สายรัด | T44: 45814 | U44: 40000 | V44: 0 | W44: 40000 | X44: 0 | Y44: 42000 | Z44: WSWT2025800SM | AA44: 41910 | AB44: 37674 | AC44: 4236 | AD44: 0 | AE44: 41910 | AF44: 0 | AG44: พร้อมส่ง | AH44: P6 | AI44: 4 | AJ44: 45814 | AK44: 45810 | AL44: 45803 | AM44: 45811 | AN44: 45812 | AO44: 45813 | AP44: 45809 | AQ44: 0 | AR44: 0 | AS44: 0 | AT44: 0 | AU44: 0 | AV44: 0 | AW44: งานเคลือบ+พิมพ์ | AX44: / | AY44: 2/6---6/6 | AZ44: 0 | BA44: 0 | BB44: 0 | BC44: WRWT25850/WRWT25850 | BD44: 320.05333
A45: 45766 | B45: MK68-000555 | C45: บจก.อินเทคค์ โกลบอล | D45: เพอเฟคค์ 914 | E45: 20 | F45: 36 | G45: ขาว | H45: ด้าน | I45: 100 | J45: ± | K45: 5 | L45: จับจีบ4" | M45: ไม่สวมถุงใน | N45: 0 | O45: 0 | P45: 0 | Q45: 0 | R45: 0 | S45: มัด80 ใช้สายรัด | T45: 45814 | U45: 1866 | V45: 608 | W45: 1258 | X45: 0 | Y45: 1320.9 | Z45: WSWT2025800SM | AA45: 1318.0695 | AB45: 0 | AC45: 1318.0695 | AD45: 0 | AE45: 1318.0695 | AF45: ห้ามขาด-ห้ามเกิน | AG45: ยังไม่ได้พิมพ์ | AH45: P6 | AI45: 4 | AJ45: 45814 | AK45: 45810 | AL45: 45803 | AM45: 45811 | AN45: 45812 | AO45: 45813 | AP45: 45809 | AQ45: 0 | AR45: 0 | AS45: 0 | AT45: 0 | AU45: 0 | AV45: 0 | AW45: งานเคลือบ+พิมพ์ | AX45: / | AY45: 0 | AZ45: 0 | BA45: 0 | BB45: 0 | BC45: WRWT25850/WRWT25850 | BD45: 99.587473
A46: 45796 | B46: MK68-000676 | C46: บจก.อินเทคค์ โกลบอล | D46: เพอเฟคค์ 916 | E46: 20 | F46: 36 | G46: ขาว | H46: ด้าน | I46: 100 | J46: ± | K46: 5 | L46: จับจีบ | M46: ไม่สวมถุงใน | N46: 0 | O46: 0 | P46: 0 | Q46: 0 | R46: 0 | S46: มัด80 ใช้สายรัด | T46: 45814 | U46: 10000 | V46: 0 | W46: 10000 | X46: 0 | Y46: 10500 | Z46: WSWT2025800SM | AA46: 10477.5 | AB46: 0 | AC46: 10477.5 | AD46: 0 | AE46: 10477.5 | AF46: 0 | AG46: ยังไม่ได้พิมพ์ | AH46: P6 | AI46: 4 | AJ46: 45814 | AK46: 45810 | AL46: 45803 | AM46: 45811 | AN46: 45812 | AO46: 45813 | AP46: 45809 | AQ46: 0 | AR46: 0 | AS46: 0 | AT46: 0 | AU46: 0 | AV46: 0 | AW46: งานเคลือบ+พิมพ์ | AX46: / | AY46: 0 | AZ46: 0 | BA46: 0 | BB46: 0 | BC46: WRWT25850/WRWT25850 | BD46: 791.63333
A47: 45766 | B47: MK68-000555 | C47: บจก.อินเทคค์ โกลบอล | D47: เพอเฟคค์ 916 | E47: 20 | F47: 36 | G47: ขาว | H47: ด้าน | I47: 100 | J47: ± | K47: 5 | L47: จับจีบ4" | M47: ไม่สวมถุงใน | N47: 0 | O47: 0 | P47: 0 | Q47: 0 | R47: 0 | S47: มัด80 ใช้สายรัด | T47: 45814 | U47: 1120 | V47: 700 | W47: 420 | X47: 0 | Y47: 441 | Z47: WSWT2025800SM | AA47: 440.055 | AB47: 0 | AC47: 440.055 | AD47: 0 | AE47: 440.055 | AF47: ห้ามขาด-ห้ามเกิน | AG47: ยังไม่ได้พิมพ์ | AH47: P6 | AI47: 4 | AJ47: 45814 | AK47: 45810 | AL47: 45803 | AM47: 45811 | AN47: 45812 | AO47: 45813 | AP47: 45809 | AQ47: 0 | AR47: 0 | AS47: 0 | AT47: 0 | AU47: 0 | AV47: 0 | AW47: งานเคลือบ+พิมพ์ | AX47: / | AY47: 0 | AZ47: 0 | BA47: 0 | BB47: 0 | BC47: WRWT25850/WRWT25850 | BD47: 33.2486
A48: 45720 | B48: MK68-000326 | C48: บจก.เอพีเอ็ม อะโกร | D48: ฟีล กู๊ด พี05 | E48: 20 | F48: 38 | G48: ขาว | H48: ใส | I48: 100 | J48: ± | K48: 5 | L48: บิด | M48: ไม่สวมถุงใน | N48: 0 | O48: 0 | P48: 0 | Q48: 0 | R48: 0 | S48: 500กระสอบแบน | T48: 45817 | U48: 3000 | V48: 0 | W48: 3000 | X48: 0 | Y48: 3150 | Z48: WSWT2025800SM | AA48: 3310.89 | AB48: 3310.89 | AC48: 0 | AD48: 3310.89 | AE48: 0 | AF48: 0 | AG48: ยังไม่ได้พิมพ์ | AH48: P6 | AI48: 4 | AJ48: 45817 | AK48: 45813 | AL48: 45806 | AM48: 45814 | AN48: 45815 | AO48: 45816 | AP48: 45812 | AQ48: 0 | AR48: 0 | AS48: 0 | AT48: 0 | AU48: 0 | AV48: 0 | AW48: งานเคลือบ+พิมพ์ | AX48: / | AY48: 0 | AZ48: 0 | BA48: 0 | BB48: 0 | BC48: WRWT25850/WRWT25850 | BD48: 0
A49: 45799 | B49: MK68-000694 | C49: บจก.เอ.เจ.ฟาร์ม่าแล็บ | D49: เวท-มิน | E49: 20 | F49: 34 | G49: ขาว | H49: ใส | I49: 95 | J49: ± | K49: 5 | L49: จับจีบ | M49: ไม่สวมถุงใน | N49: 0 | O49: 0 | P49: 0 | Q49: 0 | R49: 0 | S49: 500กระสอบ | T49: 45819 | U49: 12000 | V49: 0 | W49: 12000 | X49: 0 | Y49: 12600 | Z49: WSWT2025800SM | AA49: 11902.44 | AB49: 0 | AC49: 11902.44 | AD49: 0 | AE49: 11902.44 | AF49: ห้ามขาด-ห้ามเกิน | AG49: พร้อมส่ง | AH49: P6 | AI49: 4 | AJ49: 45819 | AK49: 45815 | AL49: 45808 | AM49: 45816 | AN49: 45817 | AO49: 45818 | AP49: 45814 | AQ49: 0 | AR49: 0 | AS49: 0 | AT49: 0 | AU49: 0 | AV49: 0 | AW49: งานเคลือบ+พิมพ์ | AX49: / | AY49: 0 | AZ49: 0 | BA49: 0 | BB49: 0 | BC49: WRWT25850/WRWT25850 | BD49: 899.29547
A50: 45799 | B50: MK68-000694 | C50: บจก.เอ.เจ.ฟาร์ม่าแล็บ | D50: เบส-มิน | E50: 20 | F50: 34 | G50: ขาว | H50: ใส | I50: 95 | J50: ± | K50: 5 | L50: จับจีบ | M50: ไม่สวมถุงใน | N50: 0 | O50: 0 | P50: 0 | Q50: 0 | R50: 0 | S50: 500กระสอบ | T50: 45819 | U50: 8000 | V50: 0 | W50: 8000 | X50: 0 | Y50: 8400 | Z50: WSWT2025800SM | AA50: 7934.96 | AB50: 0 | AC50: 7934.96 | AD50: 0 | AE50: 7934.96 | AF50: ห้ามขาด-ห้ามเกิน | AG50: พร้อมส่ง | AH50: P6 | AI50: 4 | AJ50: 45819 | AK50: 45815 | AL50: 45808 | AM50: 45816 | AN50: 45817 | AO50: 45818 | AP50: 45814 | AQ50: 0 | AR50: 0 | AS50: 0 | AT50: 0 | AU50: 0 | AV50: 0 | AW50: งานเคลือบ+พิมพ์ | AX50: / | AY50: 0 | AZ50: 0 | BA50: 0 | BB50: 0 | BC50: WRWT25850/WRWT25850 | BD50: 599.53031
A51: 45782 | B51: MK68-000609 | C51: บจก.เอสพีเอ็ม อาหารสัตว์ | D51: SW 441 | E51: 20 | F51: 38 | G51: ขาว | H51: ใส | I51: 100 | J51: ± | K51: 5 | L51: บิด | M51: ไม่สวมถุงใน | N51: 0 | O51: 0 | P51: 0 | Q51: 0 | R51: 0 | S51: 500กระสอบแบน | T51: 45820 | U51: 5000 | V51: 0 | W51: 5000 | X51: 0 | Y51: 5250 | Z51: WSWT2025800SM | AA51: 5518.15 | AB51: 0 | AC51: 5518.15 | AD51: 0 | AE51: 5518.15 | AF51: 0 | AG51: ยังไม่ได้พิมพ์ | AH51: P6 | AI51: 4 | AJ51: 45820 | AK51: 45816 | AL51: 45809 | AM51: 45817 | AN51: 45818 | AO51: 45819 | AP51: 45815 | AQ51: 0 | AR51: 0 | AS51: 0 | AT51: 0 | AU51: 0 | AV51: 0 | AW51: งานเคลือบ+พิมพ์ | AX51: รอART | AY51: 0 | AZ51: 0 | BA51: 0 | BB51: 0 | BC51: WRWT25850/WRWT25850 | BD51: 416.92689
A52: 45756 | B52: MK68-000531 | C52: บจก.เอสพีเอ็ม อาหารสัตว์ | D52: นีโอ ดี03 | E52: 20 | F52: 37 | G52: ขาว | H52: ด้าน | I52: 97 | J52: ± | K52: 5 | L52: ไม่ | M52: ไม่สวมถุงใน | N52: 0 | O52: 0 | P52: 0 | Q52: 0 | R52: 0 | S52: 500กระสอบแบน | T52: 45820 | U52: 3000 | V52: 3148 | W52: 0 | X52: 6505 | Y52: 0 | Z52: WSWT2025800SM | AA52: 0 | AB52: 0 | AC52: 0 | AD52: 0 | AE52: 0 | AF52: 0 | AG52: ยังไม่ได้พิมพ์ | AH52: P6 | AI52: 4 | AJ52: 45820 | AK52: 45816 | AL52: 45809 | AM52: 45817 | AN52: 45818 | AO52: 45819 | AP52: 45815 | AQ52: 0 | AR52: 0 | AS52: 0 | AT52: 0 | AU52: 0 | AV52: 0 | AW52: งานเคลือบ+พิมพ์ | AX52: / | AY52: 0 | AZ52: 0 | BA52: 0 | BB52: 0 | BC52: WRWT25850/WRWT25850 | BD52: 0
A53: 45740 | B53: MK68-000440 | C53: บจก.เอสพีเอ็ม อาหารสัตว์ | D53: นีโอ 05 | E53: 20 | F53: 38 | G53: ขาว | H53: ด้าน | I53: 100 | J53: ± | K53: 5 | L53: บิด | M53: ไม่สวมถุงใน | N53: 0 | O53: 0 | P53: 0 | Q53: 0 | R53: 0 | S53: 500กระสอบแบน | T53: 45820 | U53: 2500 | V53: 2825 | W53: 0 | X53: 5688 | Y53: 0 | Z53: WSWT2025800SM | AA53: 0 | AB53: 0 | AC53: 0 | AD53: 0 | AE53: 0 | AF53: 0 | AG53: ยังไม่ได้พิมพ์ | AH53: P6 | AI53: 4 | AJ53: 45820 | AK53: 45816 | AL53: 45809 | AM53: 45817 | AN53: 45818 | AO53: 45819 | AP53: 45815 | AQ53: 0 | AR53: 0 | AS53: 0 | AT53: 0 | AU53: 0 | AV53: 0 | AW53: งานเคลือบ+พิมพ์ | AX53: / | AY53: 0 | AZ53: 0 | BA53: 0 | BB53: 0 | BC53: WRWT25850/WRWT25850 | BD53: 0
A54: 45808 | B54: ใบรับคำสั่งซื้อ | C54: บจก.มารีน หรีดเดอร์ | D54: Rocky quick lime | E54: 20 | F54: 30 | G54: ขาว | H54: ใส | I54: 80 | J54: ± | K54: 5 | L54: จับจีบ5" | M54: 21 | N54: 33 | O54: 40 | P54: 170.96946 | Q54: 0 | R54: 170.96946 | S54: 500กระสอบ | T54: 45821 | U54: 10000 | V54: 0 | W54: 10000 | X54: 0 | Y54: 10500 | Z54: WSWT2025800SM | AA54: 8801.1 | AB54: 0 | AC54: 8801.1 | AD54: 0 | AE54: 8801.1 | AF54: 0 | AG54: รอแบบ | AH54: P8 | AI54: 4 | AJ54: 45821 | AK54: 45817 | AL54: 45811 | AM54: 45818 | AN54: 45819 | AO54: 45819 | AP54: 45816 | AQ54: 45820 | AR54: 0 | AS54: 0 | AT54: 0 | AU54: 0 | AV54: 0 | AW54: งานเคลือบ+พิมพ์ | AX54: รอART | AY54: 0 | AZ54: 0 | BA54: 0 | BB54: 0 | BC54: WRWT25850/WRWT25850 | BD54: 664.972
A55: 45803 | B55: MK68-000706 | C55: บจก.เอพีเอ็ม อะโกร | D55: วี-ฟีด วี22 | E55: 20 | F55: 38 | G55: ขาว | H55: ใส | I55: 100 | J55: ± | K55: 5 | L55: บิด | M55: ไม่สวมถุงใน | N55: 0 | O55: 0 | P55: 0 | Q55: 0 | R55: 0 | S55: 500กระสอบแบน | T55: 45835 | U55: 3000 | V55: 0 | W55: 3000 | X55: 0 | Y55: 3150 | Z55: WSWT2025800SM | AA55: 3310.89 | AB55: 0 | AC55: 3310.89 | AD55: 0 | AE55: 3310.89 | AF55: 0 | AG55: ยังไม่ได้พิมพ์ | AH55: P6 | AI55: 4 | AJ55: 45835 | AK55: 45831 | AL55: 45824 | AM55: 45832 | AN55: 45833 | AO55: 45834 | AP55: 45830 | AQ55: 0 | AR55: 0 | AS55: 0 | AT55: 0 | AU55: 0 | AV55: 0 | AW55: งานเคลือบ+พิมพ์ | AX55: 0 | AY55: 0 | AZ55: 0 | BA55: 0 | BB55: 0 | BC55: WRWT25850/WRWT25850 | BD55: 250.15613
A56: 45803 | B56: MK68-000708 | C56: บจก.เอพีเอ็ม อะโกร | D56: APM 564S | E56: 20 | F56: 38 | G56: ขาว | H56: ใส | I56: 100 | J56: ± | K56: 5 | L56: บิด | M56: ไม่สวมถุงใน | N56: 0 | O56: 0 | P56: 0 | Q56: 0 | R56: 0 | S56: 500กระสอบแบน | T56: 45817 | U56: 3000 | V56: 0 | W56: 3000 | X56: 0 | Y56: 3150 | Z56: WSWT2025800SM | AA56: 3310.89 | AB56: 0 | AC56: 3310.89 | AD56: 0 | AE56: 3310.89 | AF56: 0 | AG56: ยังไม่ได้พิมพ์ | AH56: P6 | AI56: 4 | AJ56: 45817 | AK56: 45813 | AL56: 45806 | AM56: 45814 | AN56: 45815 | AO56: 45816 | AP56: 45812 | AQ56: 0 | AR56: 0 | AS56: 0 | AT56: 0 | AU56: 0 | AV56: 0 | AW56: งานเคลือบ+พิมพ์ | AX56: 0 | AY56: 0 | AZ56: 0 | BA56: 0 | BB56: 0 | BC56: WRWT25850/WRWT25850 | BD56: 250.15613
A57: ประมาณการ | B57: ประมาณการ | C57: บจก.อินเทคค์ โกลบอล | D57: รอแบบ | E57: 20 | F57: 36 | G57: ขาว | H57: ด้าน | I57: 100 | J57: ± | K57: 5 | L57: จับจีบ | M57: ไม่สวมถุงใน | N57: 0 | O57: 0 | P57: 0 | Q57: 0 | R57: 0 | S57: มัด80 ใช้สายรัด | T57: 45838 | U57: 100000 | V57: 0 | W57: 100000 | X57: 0 | Y57: 105000 | Z57: WSWT2025800SM | AA57: 104775 | AB57: 0 | AC57: 104775 | AD57: 0 | AE57: 104775 | AF57: 0 | AG57: ยังไม่ได้พิมพ์ | AH57: P6 | AI57: 4 | AJ57: 45838 | AK57: 45834 | AL57: 45827 | AM57: 45835 | AN57: 45836 | AO57: 45837 | AP57: 45833 | AQ57: 0 | AR57: 0 | AS57: 0 | AT57: 0 | AU57: 0 | AV57: 0 | AW57: งานเคลือบ+พิมพ์ | AX57: รอART | AY57: 0 | AZ57: 0 | BA57: 0 | BB57: 0 | BC57: WRWT25850/WRWT25850 | BD57: 7916.3333
A58: 45803 | B58: MK68-000707 | C58: บจก.เอพีเอ็ม อะโกร | D58: ยู-ฟีด รวมหมู | E58: 20 | F58: 38 | G58: ขาว | H58: ใส | I58: 100 | J58: ± | K58: 5 | L58: บิด | M58: ไม่สวมถุงใน | N58: 0 | O58: 0 | P58: 0 | Q58: 0 | R58: 0 | S58: 500กระสอบแบน | T58: 45831 | U58: 3000 | V58: 0 | W58: 3000 | X58: 0 | Y58: 3150 | Z58: WSWT2025800SM | AA58: 3310.89 | AB58: 0 | AC58: 3310.89 | AD58: 0 | AE58: 3310.89 | AF58: 0 | AG58: พร้อมส่ง | AH58: P6 | AI58: 4 | AJ58: 45831 | AK58: 45827 | AL58: 45820 | AM58: 45828 | AN58: 45829 | AO58: 45830 | AP58: 45826 | AQ58: 0 | AR58: 0 | AS58: 0 | AT58: 0 | AU58: 0 | AV58: 0 | AW58: งานเคลือบ+พิมพ์ | AX58: / | AY58: 0 | AZ58: 0 | BA58: 0 | BB58: 0 | BC58: WRWT25850/WRWT25850 | BD58: 250.15613
A59: 45798 | B59: MK68-000693 | C59: บจก.เอพีเอ็ม อะโกร | D59: ฟีล กู๊ด พี07 | E59: 20 | F59: 38 | G59: ขาว | H59: ใส | I59: 100 | J59: ± | K59: 5 | L59: บิด | M59: ไม่สวมถุงใน | N59: 0 | O59: 0 | P59: 0 | Q59: 0 | R59: 0 | S59: 500กระสอบแบน | T59: รอแจ้ง | U59: 5000 | V59: 0 | W59: 5000 | X59: 0 | Y59: 5250 | Z59: WSWT2025800SM | AA59: 5518.15 | AB59: 0 | AC59: 5518.15 | AD59: 0 | AE59: 5518.15 | AF59: 0 | AG59: พร้อมส่ง | AH59: P6 | AI59: 4 | AJ59: รอแจ้ง | AK59: #VALUE! | AL59: #VALUE! | AM59: #VALUE! | AN59: #VALUE! | AO59: #VALUE! | AP59: #VALUE! | AQ59: 0 | AR59: 0 | AS59: 0 | AT59: 0 | AU59: 0 | AV59: 0 | AW59: งานเคลือบ+พิมพ์ | AX59: / | AY59: 0 | AZ59: 0 | BA59: 0 | BB59: 0 | BC59: WRWT25850/WRWT25850 | BD59: 416.92689
A60: 45782 | B60: MK68-000609 | C60: บจก.เอสพีเอ็ม อาหารสัตว์ | D60: SW 441 | E60: 20 | F60: 38 | G60: ขาว | H60: ใส | I60: 100 | J60: ± | K60: 5 | L60: บิด | M60: ไม่สวมถุงใน | N60: 0 | O60: 0 | P60: 0 | Q60: 0 | R60: 0 | S60: 500กระสอบแบน | T60: รอแจ้ง | U60: 20000 | V60: 0 | W60: 20000 | X60: 0 | Y60: 21000 | Z60: WSWT2025800SM | AA60: 22072.6 | AB60: 0 | AC60: 22072.6 | AD60: 0 | AE60: 22072.6 | AF60: 0 | AG60: พร้อมส่ง | AH60: P6 | AI60: 4 | AJ60: รอแจ้ง | AK60: #VALUE! | AL60: #VALUE! | AM60: #VALUE! | AN60: #VALUE! | AO60: #VALUE! | AP60: #VALUE! | AQ60: 0 | AR60: 0 | AS60: 0 | AT60: 0 | AU60: 0 | AV60: 0 | AW60: งานเคลือบ+พิมพ์ | AX60: / | AY60: 0 | AZ60: 0 | BA60: 0 | BB60: 0 | BC60: WRWT25850/WRWT25850 | BD60: 1667.7076
A61: 45721 | B61: MK68-000334 | C61: บจก.อินเทคค์ โกลบอล | D61: เพอเฟคค์ 911 | E61: 20 | F61: 36 | G61: ขาว | H61: ด้าน | I61: 100 | J61: ± | K61: 5 | L61: จับจีบ | M61: ไม่สวมถุงใน | N61: 0 | O61: 0 | P61: 0 | Q61: 0 | R61: 0 | S61: มัด80 ใช้สายรัด | T61: รอแจ้ง | U61: 111 | V61: 0 | W61: 111 | X61: 5600 | Y61: 0 | Z61: WSWT2025800SM | AA61: 0 | AB61: 0 | AC61: 0 | AD61: 0 | AE61: 0 | AF61: 0 | AG61: รอแบบ | AH61: P6 | AI61: 4 | AJ61: รอแจ้ง | AK61: #VALUE! | AL61: #VALUE! | AM61: #VALUE! | AN61: #VALUE! | AO61: #VALUE! | AP61: #VALUE! | AQ61: 0 | AR61: 0 | AS61: 0 | AT61: 0 | AU61: 0 | AV61: 0 | AW61: งานเคลือบ+พิมพ์ | AX61: / | AY61: 0 | AZ61: 0 | BA61: 0 | BB61: 0 | BC61: WRWT25850/WRWT25850 | BD61: 0
A62: 45611 | B62: MK67-001533 | C62: บจก.อินเทคค์ โกลบอล | D62: เฟิร์สช้อย 914 | E62: 20 | F62: 36 | G62: ขาว | H62: ด้าน | I62: 100 | J62: ± | K62: 5 | L62: จับจีบ | M62: ไม่สวมถุงใน | N62: 0 | O62: 0 | P62: 0 | Q62: 0 | R62: 0 | S62: มัด80 ใช้สายรัด | T62: รอแจ้ง | U62: 67 | V62: 67 | W62: 0 | X62: 80 | Y62: 0 | Z62: WSWT2025800SM | AA62: 0 | AB62: 0 | AC62: 0 | AD62: 0 | AE62: 0 | AF62: 0 | AG62: รอแบบ | AH62: P6 | AI62: 4 | AJ62: รอแจ้ง | AK62: #VALUE! | AL62: #VALUE! | AM62: #VALUE! | AN62: #VALUE! | AO62: #VALUE! | AP62: #VALUE! | AQ62: 0 | AR62: 0 | AS62: 0 | AT62: 0 | AU62: 0 | AV62: 0 | AW62: งานเคลือบ+พิมพ์ | AX62: / | AY62: 0 | AZ62: 0 | BA62: 0 | BB62: 0 | BC62: WRWT25850/WRWT25850 | BD62: 0
A63: 45721 | B63: MK68-000341 | C63: บจก.อินเทคค์ โกลบอล | D63: สุบรรณ 111 | E63: 20 | F63: 36 | G63: ขาว | H63: ด้าน | I63: 100 | J63: ± | K63: 5 | L63: จับจีบ | M63: ไม่สวมถุงใน | N63: 0 | O63: 0 | P63: 0 | Q63: 0 | R63: 0 | S63: มัด80 ใช้สายรัด | T63: รอแจ้ง | U63: 734 | V63: 0 | W63: 734 | X63: 5520 | Y63: 0 | Z63: WSWT2025800SM | AA63: 0 | AB63: 0 | AC63: 0 | AD63: 0 | AE63: 0 | AF63: 0 | AG63: ยังไม่ได้พิมพ์ | AH63: P6 | AI63: 4 | AJ63: รอแจ้ง | AK63: #VALUE! | AL63: #VALUE! | AM63: #VALUE! | AN63: #VALUE! | AO63: #VALUE! | AP63: #VALUE! | AQ63: 0 | AR63: 0 | AS63: 0 | AT63: 0 | AU63: 0 | AV63: 0 | AW63: งานเคลือบ+พิมพ์ | AX63: / | AY63: 0 | AZ63: 0 | BA63: 0 | BB63: 0 | BC63: WRWT25850/WRWT25850 | BD63: 0
A64: ประมาณการ | B64: ประมาณการ | C64: บจก.เอสพีเอ็ม อาหารสัตว์ | D64: รอแบบ | E64: 20 | F64: 38 | G64: ขาว | H64: ใส | I64: 100 | J64: ± | K64: 5 | L64: บิด | M64: ไม่สวมถุงใน | N64: 0 | O64: 0 | P64: 0 | Q64: 0 | R64: 0 | S64: 500กระสอบแบน | T64: 45838 | U64: 20000 | V64: 0 | W64: 20000 | X64: 0 | Y64: 21000 | Z64: WSWT2025800SM | AA64: 22072.6 | AB64: 0 | AC64: 22072.6 | AD64: 0 | AE64: 22072.6 | AF64: 0 | AG64: รอตัด | AH64: P6 | AI64: 4 | AJ64: 45838 | AK64: 45834 | AL64: 45827 | AM64: 45835 | AN64: 45836 | AO64: 45837 | AP64: 45833 | AQ64: 0 | AR64: 0 | AS64: 0 | AT64: 0 | AU64: 0 | AV64: 0 | AW64: งานเคลือบ+พิมพ์ | AX64: รอART | AY64: 0 | AZ64: 0 | BA64: 0 | BB64: 0 | BC64: WRWT25850/WRWT25850 | BD64: 1667.7076
A65: ประมาณการ | B65: ประมาณการ | C65: บจก.ไทยธรรมดี | D65: รอแบบ | E65: 20 | F65: 37 | G65: ขาว | H65: ด้าน | I65: 97 | J65: ± | K65: 5 | L65: บิด | M65: ไม่สวมถุงใน | N65: 0 | O65: 0 | P65: 0 | Q65: 0 | R65: 0 | S65: 500กระสอบ | T65: 45838 | U65: 40000 | V65: 0 | W65: 40000 | X65: 0 | Y65: 42000 | Z65: WSWT2025800SM | AA65: 43027.6 | AB65: 0 | AC65: 43027.6 | AD65: 0 | AE65: 43027.6 | AF65: 0 | AG65: พร้อมส่ง | AH65: P6 | AI65: 4 | AJ65: 45838 | AK65: 45834 | AL65: 45827 | AM65: 45835 | AN65: 45836 | AO65: 45837 | AP65: 45833 | AQ65: 0 | AR65: 0 | AS65: 0 | AT65: 0 | AU65: 0 | AV65: 0 | AW65: งานเคลือบ+พิมพ์ | AX65: รอART | AY65: 0 | AZ65: 0 | BA65: 0 | BB65: 0 | BC65: WRWT25850/WRWT25850 | BD65: 3250.9742
A66: 45681 | B66: MK68-000122 | C66: บจก.เอสพีเอ็ม อาหารสัตว์ | D66: SPM 212 | E66: 20 | F66: 40 | G66: ขาว | H66: ด้าน | I66: 108 | J66: ± | K66: 5 | L66: บิด | M66: ไม่สวมถุงใน | N66: 0 | O66: 0 | P66: 0 | Q66: 0 | R66: 0 | S66: 500กระสอบแบน | T66: รอแจ้ง | U66: 3000 | V66: 0 | W66: 3000 | X66: 0 | Y66: 3150 | Z66: WSWT2025800SM | AA66: 3478.53 | AB66: 0 | AC66: 3478.53 | AD66: 0 | AE66: 3478.53 | AF66: 0 | AG66: พร้อมส่ง | AH66: P6 | AI66: 4 | AJ66: รอแจ้ง | AK66: #VALUE! | AL66: #VALUE! | AM66: #VALUE! | AN66: #VALUE! | AO66: #VALUE! | AP66: #VALUE! | AQ66: 0 | AR66: 0 | AS66: 0 | AT66: 0 | AU66: 0 | AV66: 0 | AW66: งานเคลือบ+พิมพ์ | AX66: / | AY66: 0 | AZ66: 0 | BA66: 0 | BB66: 0 | BC66: WRWT25850/WRWT25850 | BD66: 262.82227
A67: 45705 | B67: MK68-000247 | C67: บจก.อินเทคค์ โกลบอล | D67: เฟิร์สคลาส 912 | E67: 20 | F67: 35 | G67: ขาว | H67: ด้าน | I67: 97 | J67: ± | K67: 5 | L67: จับจีบ4" | M67: ไม่สวมถุงใน | N67: 0 | O67: 0 | P67: 0 | Q67: 0 | R67: 0 | S67: มัด80 ใช้สายรัด | T67: รอแจ้ง | U67: 855 | V67: 0 | W67: 855 | X67: 16440 | Y67: 0 | Z67: WSWT2025800SM | AA67: 0 | AB67: 0 | AC67: 0 | AD67: 0 | AE67: 0 | AF67: 0 | AG67: รอตัด | AH67: P6 | AI67: 4 | AJ67: รอแจ้ง | AK67: #VALUE! | AL67: #VALUE! | AM67: #VALUE! | AN67: #VALUE! | AO67: #VALUE! | AP67: #VALUE! | AQ67: 0 | AR67: 0 | AS67: 0 | AT67: 0 | AU67: 0 | AV67: 0 | AW67: งานเคลือบ+พิมพ์ | AX67: / | AY67: ลบสีจำนวนมาก 3851 | AZ67: 0 | BA67: 0 | BB67: 0 | BC67: WRWT25850/WRWT25850 | BD67: 0
A68: 45674 | B68: MK68-000093 | C68: บจก.อินเทคค์ โกลบอล | D68: เฟิร์สคลาส 902 | E68: 20 | F68: 35 | G68: ขาว | H68: ด้าน | I68: 97 | J68: ± | K68: 5 | L68: จับจีบ4" | M68: ไม่สวมถุงใน | N68: 0 | O68: 0 | P68: 0 | Q68: 0 | R68: 0 | S68: มัด80 ใช้สายรัด | T68: รอแจ้ง | U68: 152 | V68: 0 | W68: 152 | X68: 6000 | Y68: 0 | Z68: WSWT2025800SM | AA68: 0 | AB68: 0 | AC68: 0 | AD68: 0 | AE68: 0 | AF68: 5987 | AG68: พร้อมส่ง | AH68: P6 | AI68: 4 | AJ68: รอแจ้ง | AK68: #VALUE! | AL68: #VALUE! | AM68: #VALUE! | AN68: #VALUE! | AO68: #VALUE! | AP68: #VALUE! | AQ68: 0 | AR68: 0 | AS68: 0 | AT68: 0 | AU68: 0 | AV68: 0 | AW68: งานเคลือบ+พิมพ์ | AX68: / | AY68: ลบสี 5040 | AZ68: 0 | BA68: 0 | BB68: 0 | BC68: WRWT25850/WRWT25850 | BD68: 0
A69: 45611 | B69: MK67-001532 | C69: บจก.อินเทคค์ โกลบอล | D69: เฟิร์สช้อย 903 | E69: 20 | F69: 36 | G69: ขาว | H69: ด้าน | I69: 100 | J69: ± | K69: 5 | L69: จับจีบ | M69: ไม่สวมถุงใน | N69: 0 | O69: 0 | P69: 0 | Q69: 0 | R69: 0 | S69: มัด80 ใช้สายรัด | T69: รอแจ้ง | U69: 117 | V69: 0 | W69: 117 | X69: 10065 | Y69: 0 | Z69: WSWT2025800SM | AA69: 0 | AB69: 0 | AC69: 0 | AD69: 0 | AE69: 0 | AF69: 0 | AG69: พร้อมส่ง | AH69: P6 | AI69: 4 | AJ69: รอแจ้ง | AK69: #VALUE! | AL69: #VALUE! | AM69: #VALUE! | AN69: #VALUE! | AO69: #VALUE! | AP69: #VALUE! | AQ69: 0 | AR69: 0 | AS69: 0 | AT69: 0 | AU69: 0 | AV69: 0 | AW69: งานเคลือบ+พิมพ์ | AX69: / | AY69: 0 | AZ69: 0 | BA69: 0 | BB69: 0 | BC69: WRWT25850/WRWT25850 | BD69: 0
A70: 45523 | B70: MK67-001153 | C70: บจก.อินเทคค์ โกลบอล | D70: สุบรรณ 777 | E70: 20 | F70: 36 | G70: ขาว | H70: ด้าน | I70: 100 | J70: ± | K70: 5 | L70: จับจีบ | M70: ไม่สวมถุงใน | N70: 0 | O70: 0 | P70: 0 | Q70: 0 | R70: 0 | S70: มัด80 ใช้สายรัด | T70: รอแจ้ง | U70: 1260 | V70: 0 | W70: 1260 | X70: 11095 | Y70: 0 | Z70: WSWT2025800SM | AA70: 0 | AB70: 0 | AC70: 0 | AD70: 0 | AE70: 0 | AF70: 0 | AG70: พร้อมส่ง | AH70: P6 | AI70: 4 | AJ70: รอแจ้ง | AK70: #VALUE! | AL70: #VALUE! | AM70: #VALUE! | AN70: #VALUE! | AO70: #VALUE! | AP70: #VALUE! | AQ70: 0 | AR70: 0 | AS70: 0 | AT70: 0 | AU70: 0 | AV70: 0 | AW70: งานเคลือบ+พิมพ์ | AX70: / | AY70: 0 | AZ70: 0 | BA70: 0 | BB70: 0 | BC70: WRWT25850/WRWT25850 | BD70: 0
A71: 45523 | B71: MK67-001153 | C71: บจก.อินเทคค์ โกลบอล | D71: สุบรรณ 666 | E71: 20 | F71: 36 | G71: ขาว | H71: ด้าน | I71: 100 | J71: ± | K71: 5 | L71: จับจีบ | M71: ไม่สวมถุงใน | N71: 0 | O71: 0 | P71: 0 | Q71: 0 | R71: 0 | S71: มัด80 ใช้สายรัด | T71: รอแจ้ง | U71: 89 | V71: 0 | W71: 89 | X71: 11180 | Y71: 0 | Z71: WSWT2025800SM | AA71: 0 | AB71: 0 | AC71: 0 | AD71: 0 | AE71: 0 | AF71: 0 | AG71: พร้อมส่ง | AH71: P6 | AI71: 4 | AJ71: รอแจ้ง | AK71: #VALUE! | AL71: #VALUE! | AM71: #VALUE! | AN71: #VALUE! | AO71: #VALUE! | AP71: #VALUE! | AQ71: 0 | AR71: 0 | AS71: 0 | AT71: 0 | AU71: 0 | AV71: 0 | AW71: งานเคลือบ+พิมพ์ | AX71: / | AY71: 0 | AZ71: 0 | BA71: 0 | BB71: 0 | BC71: WRWT25850/WRWT25850 | BD71: 0
A72: 45752 | B72: MK68-000514 | C72: บจก.เอสพีเอ็ม อาหารสัตว์ | D72: SW 441 PLUS | E72: 20 | F72: 38 | G72: ขาว | H72: ใส | I72: 100 | J72: ± | K72: 5 | L72: บิด | M72: ไม่สวมถุงใน | N72: 0 | O72: 0 | P72: 0 | Q72: 0 | R72: 0 | S72: 500กระสอบแบน | T72: รอส่ง | U72: 2000 | V72: 2000 | W72: 0 | X72: 5400 | Y72: 0 | Z72: WSWT2025800SM | AA72: 0 | AB72: 0 | AC72: 0 | AD72: 0 | AE72: 0 | AF72: 0 | AG72: พร้อมส่ง | AH72: P6 | AI72: 4 | AJ72: รอส่ง | AK72: #VALUE! | AL72: #VALUE! | AM72: #VALUE! | AN72: #VALUE! | AO72: #VALUE! | AP72: #VALUE! | AQ72: 0 | AR72: 0 | AS72: 0 | AT72: 0 | AU72: 0 | AV72: 0 | AW72: งานเคลือบ+พิมพ์ | AX72: / | AY72: มีลบสี | AZ72: 0 | BA72: 0 | BB72: 0 | BC72: WRWT25850/WRWT25850 | BD72: 0
A73: 45741 | B73: MK68-000452 | C73: บจก.เอพีเอ็ม อะโกร | D73: วี-ฟีด วี 07 | E73: 20 | F73: 38 | G73: ขาว | H73: ใส | I73: 100 | J73: ± | K73: 5 | L73: บิด | M73: ไม่สวมถุงใน | N73: 0 | O73: 0 | P73: 0 | Q73: 0 | R73: 0 | S73: 500กระสอบแบน | T73: รอส่ง | U73: 4000 | V73: 3857 | W73: 143 | X73: 4200 | Y73: 0 | Z73: WSWT2025800SM | AA73: 0 | AB73: 0 | AC73: 0 | AD73: 0 | AE73: 0 | AF73: 0 | AG73: พร้อมส่ง | AH73: P6 | AI73: 4 | AJ73: รอส่ง | AK73: #VALUE! | AL73: #VALUE! | AM73: #VALUE! | AN73: #VALUE! | AO73: #VALUE! | AP73: #VALUE! | AQ73: 0 | AR73: 0 | AS73: 0 | AT73: 0 | AU73: 0 | AV73: 0 | AW73: งานเคลือบ+พิมพ์ | AX73: / | AY73: มีลบสี | AZ73: 0 | BA73: 0 | BB73: 0 | BC73: WRWT25850/WRWT25850 | BD73: 0
A74: 45720 | B74: ใบรับคำสั่งซื้อ | C74: บจก.เอพีเอ็ม อะโกร | D74: นีโอ พี3(เอส) | E74: 20 | F74: 38 | G74: ขาว | H74: ด้าน | I74: 100 | J74: ± | K74: 5 | L74: บิด | M74: ไม่สวมถุงใน | N74: 0 | O74: 0 | P74: 0 | Q74: 0 | R74: 0 | S74: 500กระสอบแบน | T74: รอส่ง | U74: 4000 | V74: 4010 | W74: 0 | X74: 4470 | Y74: 0 | Z74: WSWT2025800SM | AA74: 0 | AB74: 0 | AC74: 0 | AD74: 0 | AE74: 0 | AF74: 0 | AG74: พร้อมส่ง | AH74: P6 | AI74: 4 | AJ74: รอส่ง | AK74: #VALUE! | AL74: #VALUE! | AM74: #VALUE! | AN74: #VALUE! | AO74: #VALUE! | AP74: #VALUE! | AQ74: 0 | AR74: 0 | AS74: 0 | AT74: 0 | AU74: 0 | AV74: 0 | AW74: งานเคลือบ+พิมพ์ | AX74: / | AY74: 0 | AZ74: 0 | BA74: 0 | BB74: 0 | BC74: WRWT25850/WRWT25850 | BD74: 0
A75: 45720 | B75: ใบรับคำสั่งซื้อ | C75: บจก.เอพีเอ็ม อะโกร | D75: นีโอ พี4(เอส) | E75: 20 | F75: 38 | G75: ขาว | H75: ด้าน | I75: 100 | J75: ± | K75: 5 | L75: บิด | M75: ไม่สวมถุงใน | N75: 0 | O75: 0 | P75: 0 | Q75: 0 | R75: 0 | S75: 500กระสอบแบน | T75: รอส่ง | U75: 3000 | V75: 3065 | W75: 0 | X75: 3300 | Y75: 0 | Z75: WSWT2025800SM | AA75: 0 | AB75: 0 | AC75: 0 | AD75: 0 | AE75: 0 | AF75: 0 | AG75: พร้อมส่ง | AH75: P6 | AI75: 4 | AJ75: รอส่ง | AK75: #VALUE! | AL75: #VALUE! | AM75: #VALUE! | AN75: #VALUE! | AO75: #VALUE! | AP75: #VALUE! | AQ75: 0 | AR75: 0 | AS75: 0 | AT75: 0 | AU75: 0 | AV75: 0 | AW75: งานเคลือบ+พิมพ์ | AX75: / | AY75: 0 | AZ75: 0 | BA75: 0 | BB75: 0 | BC75: WRWT25850/WRWT25850 | BD75: 0
A76: 45541 | B76: MK67-001236 | C76: บจก.เอพีเอ็ม อะโกร | D76: ยูฟีด รวมไก่ วัว | E76: 20 | F76: 40 | G76: ขาว | H76: ด้าน | I76: 108 | J76: ± | K76: 5 | L76: บิด | M76: ไม่สวมถุงใน | N76: 0 | O76: 0 | P76: 0 | Q76: 0 | R76: 0 | S76: 500กระสอบแบน | T76: รอส่ง | U76: 3000 | V76: 3318 | W76: 0 | X76: 0 | Y76: 0 | Z76: WSWT2025800SM | AA76: 0 | AB76: 0 | AC76: 0 | AD76: 0 | AE76: 0 | AF76: ลูกค้าสั่งผิดเอาไปส่งเดือน10 | AG76: พร้อมส่ง | AH76: P6 | AI76: 4 | AJ76: รอส่ง | AK76: #VALUE! | AL76: #VALUE! | AM76: #VALUE! | AN76: #VALUE! | AO76: #VALUE! | AP76: #VALUE! | AQ76: 0 | AR76: 0 | AS76: 0 | AT76: 0 | AU76: 0 | AV76: 0 | AW76: งานเคลือบ+พิมพ์ | AX76: 0 | AY76: ลูกค้าต้องการเคลือบใส แต่เปิดมาเคลือบด้าน | AZ76: 0 | BA76: 0 | BB76: 0 | BC76: WRWT25850/WRWT25850 | BD76: 0
A77: 45548 | B77: MK67-001272 | C77: บจก.เอพีเอ็ม อะโกร | D77: นีโอ พี3 | E77: 20 | F77: 38 | G77: ขาว | H77: ด้าน | I77: 100 | J77: ± | K77: 5 | L77: บิด | M77: ไม่สวมถุงใน | N77: 0 | O77: 0 | P77: 0 | Q77: 0 | R77: 0 | S77: 500กระสอบแบน | T77: รอส่ง | U77: 2500 | V77: 2364 | W77: 136 | X77: 5500 | Y77: 0 | Z77: WSWT2025800SM | AA77: 0 | AB77: 0 | AC77: 0 | AD77: 0 | AE77: 0 | AF77: 0 | AG77: พร้อมส่ง | AH77: P6 | AI77: 4 | AJ77: รอส่ง | AK77: #VALUE! | AL77: #VALUE! | AM77: #VALUE! | AN77: #VALUE! | AO77: #VALUE! | AP77: #VALUE! | AQ77: 0 | AR77: 0 | AS77: 0 | AT77: 0 | AU77: 0 | AV77: 0 | AW77: งานเคลือบ+พิมพ์ | AX77: / | AY77: 0 | AZ77: 0 | BA77: 0 | BB77: 0 | BC77: WRWT25850/WRWT25850 | BD77: 0
A78: 45581 | B78: MK67-001396 | C78: บจก.เอพีเอ็ม อะโกร | D78: นีโอ พี4 | E78: 20 | F78: 38 | G78: ขาว | H78: ด้าน | I78: 100 | J78: ± | K78: 5 | L78: บิด | M78: ไม่สวมถุงใน | N78: 0 | O78: 0 | P78: 0 | Q78: 0 | R78: 0 | S78: 500กระสอบแบน | T78: รอส่ง | U78: 3000 | V78: 3194 | W78: 0 | X78: 5632 | Y78: 0 | Z78: WSWT2025800SM | AA78: 0 | AB78: 0 | AC78: 0 | AD78: 0 | AE78: 0 | AF78: 0 | AG78: พร้อมส่ง | AH78: P6 | AI78: 4 | AJ78: รอส่ง | AK78: #VALUE! | AL78: #VALUE! | AM78: #VALUE! | AN78: #VALUE! | AO78: #VALUE! | AP78: #VALUE! | AQ78: 0 | AR78: 0 | AS78: 0 | AT78: 0 | AU78: 0 | AV78: 0 | AW78: งานเคลือบ+พิมพ์ | AX78: / | AY78: 0 | AZ78: 0 | BA78: 0 | BB78: 0 | BC78: WRWT25850/WRWT25850 | BD78: 0
A79: 0 | B79: 0 | C79: 0 | D79: 0 | E79: 20 | F79: 38 | G79: 0 | H79: 0 | I79: 84 | J79: ± | K79: 5 | L79: 0 | M79: 0 | N79: 0 | O79: 0 | P79: 0 | Q79: 0 | R79: 0 | S79: 0 | U79: 0 | V79: 0 | W79: 0 | X79: 0 | Y79: 0 | Z79: WSWT2025800SM | AA79: 307756.57 | AB79: 46251.143 | AC79: 261505.42 | AD79: 4020.4787 | AE79: 303736.09 | AF79: ระบุในSD | AG79: พร้อมส่ง | AH79: 0 | AI79: Lead time | AJ79: 0 | AK79: 0 | AL79: 0 | AM79: 0 | AN79: 0 | AO79: 0 | AP79: 0 | AQ79: 0 | AR79: 0 | AS79: 0 | AT79: 0 | AU79: 0 | AV79: 0 | AW79: 0 | AX79: 0 | AY79: 0 | AZ79: 0 | BA79: 0 | BB79: 0 | BC79: WRWT25850/WRWT25850 | BD79: 0
A80: 45796 | B80: MK68-000678 | C80: บจก.อินเทคค์ โกลบอล | D80: เพอเฟคค์664HP | E80: 20 | F80: 36 | G80: ขาว | H80: 0 | I80: 78 | J80: ± | K80: 5 | L80: จับจีบ4" | M80: ไม่สวมถุงใน | N80: 0 | O80: 0 | P80: 0 | Q80: 0 | R80: 0 | S80: มัด80 ใช้สายรัด | T80: 45814 | U80: 640 | V80: 0 | W80: 640 | X80: 83500 | Y80: 0 | Z80: WSWT2025800 | AA80: 0 | AB80: 0 | AC80: 0 | AD80: 0 | AE80: 0 | AF80: ห้ามขาด-ห้ามเกิน | AG80: พร้อมส่ง | AH80: P7 | AI80: 2 | AJ80: 45814 | AK80: 0 | AL80: 45805 | AM80: 45812 | AN80: 45813 | AO80: 45813 | AP80: 45809 | AQ80: 0 | AR80: 0 | AS80: 0 | AT80: 0 | AU80: 0 | AV80: 0 | AW80: งานพิมพ์ | AX80: / | AY80: 0 | AZ80: 0 | BA80: 0 | BB80: 0 | BC80: WRWT25800/WRWT25800 | BD80: 0
A81: 45785 | B81: MK68-000634 | C81: บจก.เบทาโกร | D81: WB ฟาร์ม F914M 30kg NM | E81: 20 | F81: 37 | G81: ขาว | H81: 0 | I81: 80 | J81: ± | K81: 3 | L81: ไม่ | M81: ไม่สวมถุงใน | N81: 0 | O81: 0 | P81: 0 | Q81: 0 | R81: 0 | S81: 500กระสอบแบน พร้อมระบุชื่อบริษัท รายการสินค้า จำนวนแต่ละแพ็ค | T81: 45813 | U81: 13000 | V81: 12948 | W81: 52 | X81: 13460 | Y81: 0 | Z81: WSWT2025800 | AA81: 0 | AB81: 0 | AC81: 0 | AD81: 0 | AE81: 0 | AF81: หนองบุญมาก | AG81: พร้อมส่ง | AH81: P7 | AI81: 2 | AJ81: 45813 | AK81: 0 | AL81: 45804 | AM81: 45811 | AN81: 45812 | AO81: 45812 | AP81: 45808 | AQ81: 0 | AR81: 0 | AS81: 0 | AT81: 0 | AU81: 0 | AV81: 0 | AW81: งานพิมพ์ | AX81: / | AY81: 0 | AZ81: 0 | BA81: 0 | BB81: 0 | BC81: WRWT25800/WRWT25800 | BD81: 0
A82: 45804 | B82: MK68-000715 | C82: บจก.เบทาโกร | D82: WB ฟาร์ม F914M 30kg NM | E82: 20 | F82: 37 | G82: ขาว | H82: 0 | I82: 80 | J82: ± | K82: 3 | L82: ไม่ | M82: ไม่สวมถุงใน | N82: 0 | O82: 0 | P82: 0 | Q82: 0 | R82: 0 | S82: 500กระสอบแบน พร้อมระบุชื่อบริษัท รายการสินค้า จำนวนแต่ละแพ็ค | T82: 45813 | U82: 5000 | V82: 0 | W82: 5000 | X82: 4260 | Y82: 777 | Z82: WSWT2025800 | AA82: 835.81113 | AB82: 835.81113 | AC82: 0 | AD82: 0 | AE82: 0 | AF82: หนองบุญมาก | AG82: รอตัด | AH82: P7 | AI82: 2 | AJ82: 45813 | AK82: 0 | AL82: 45804 | AM82: 45811 | AN82: 45812 | AO82: 45812 | AP82: 45808 | AQ82: 0 | AR82: 0 | AS82: 0 | AT82: 0 | AU82: 0 | AV82: 0 | AW82: งานพิมพ์ | AX82: / | AY82: 0 | AZ82: 0 | BA82: 0 | BB82: 0 | BC82: WRWT25800/WRWT25800 | BD82: 0
A83: 45785 | B83: MK68-000630 | C83: บจก.เบทาโกร | D83: WB ฟาร์ม F992 30kg LR | E83: 20 | F83: 37 | G83: ขาว | H83: 0 | I83: 80 | J83: ± | K83: 3 | L83: ไม่ | M83: ไม่สวมถุงใน | N83: 0 | O83: 0 | P83: 0 | Q83: 0 | R83: 0 | S83: 500กระสอบแบน พร้อมระบุชื่อบริษัท รายการสินค้า จำนวนแต่ละแพ็ค | T83: 45817 | U83: 60000 | V83: 60679 | W83: 0 | X83: 62600 | Y83: 0 | Z83: WSWT2025800 | AA83: 0 | AB83: 0 | AC83: 0 | AD83: 0 | AE83: 0 | AF83: ลพบุรี3 | AG83: พร้อมส่ง | AH83: P7 | AI83: 2 | AJ83: 45817 | AK83: 0 | AL83: 45808 | AM83: 45815 | AN83: 45816 | AO83: 45816 | AP83: 45812 | AQ83: 0 | AR83: 0 | AS83: 0 | AT83: 0 | AU83: 0 | AV83: 0 | AW83: งานพิมพ์ | AX83: / | AY83: 0 | AZ83: 0 | BA83: 0 | BB83: 0 | BC83: WRWT25800/WRWT25800 | BD83: 0
A84: 45785 | B84: MK68-000631 | C84: บจก.เบทาโกร | D84: เบทาโกร 401 | E84: 20 | F84: 37 | G84: ขาว | H84: 0 | I84: 80 | J84: ± | K84: 3 | L84: บิด | M84: ไม่สวมถุงใน | N84: 0 | O84: 0 | P84: 0 | Q84: 0 | R84: 0 | S84: 500กระสอบแบน พร้อมระบุชื่อบริษัท รายการสินค้า จำนวนแต่ละแพ็ค | T84: 45817 | U84: 15000 | V84: 14947 | W84: 53 | X84: 15750 | Y84: 0 | Z84: WSWT2025800 | AA84: 0 | AB84: 0 | AC84: 0 | AD84: 0 | AE84: 0 | AF84: ลพบุรี3 | AG84: ยังไม่ได้พิมพ์ | AH84: P7 | AI84: 2 | AJ84: 45817 | AK84: 0 | AL84: 45808 | AM84: 45815 | AN84: 45816 | AO84: 45816 | AP84: 45812 | AQ84: 0 | AR84: 0 | AS84: 0 | AT84: 0 | AU84: 0 | AV84: 0 | AW84: งานพิมพ์ | AX84: / | AY84: 0 | AZ84: 0 | BA84: 0 | BB84: 0 | BC84: WRWT25800/WRWT25800 | BD84: 0
A85: 45785 | B85: MK68-000631 | C85: บจก.เบทาโกร | D85: เบทาโกร 405 | E85: 20 | F85: 37 | G85: ขาว | H85: 0 | I85: 80 | J85: ± | K85: 3 | L85: บิด | M85: ไม่สวมถุงใน | N85: 0 | O85: 0 | P85: 0 | Q85: 0 | R85: 0 | S85: 500กระสอบแบน พร้อมระบุชื่อบริษัท รายการสินค้า จำนวนแต่ละแพ็ค | T85: 45817 | U85: 40000 | V85: 30000 | W85: 10000 | X85: 41600 | Y85: 0 | Z85: WSWT2025800 | AA85: 0 | AB85: 0 | AC85: 0 | AD85: 0 | AE85: 0 | AF85: ลพบุรี3 | AG85: ยังไม่ได้พิมพ์ | AH85: P7 | AI85: 2 | AJ85: 45817 | AK85: 0 | AL85: 45808 | AM85: 45815 | AN85: 45816 | AO85: 45816 | AP85: 45812 | AQ85: 0 | AR85: 0 | AS85: 0 | AT85: 0 | AU85: 0 | AV85: 0 | AW85: งานพิมพ์ | AX85: / | AY85: 0 | AZ85: 0 | BA85: 0 | BB85: 0 | BC85: WRWT25800/WRWT25800 | BD85: 0
A86: 45786 | B86: MK68-000646 | C86: บจก.เบทาโกร | D86: WB ฟาร์ม F916 30kg | E86: 20 | F86: 37 | G86: ขาว | H86: 0 | I86: 80 | J86: ± | K86: 3 | L86: ไม่ | M86: ไม่สวมถุงใน | N86: 0 | O86: 0 | P86: 0 | Q86: 0 | R86: 0 | S86: 500กระสอบ พร้อมระบุชื่อบริษัท รายการสินค้า จำนวนแต่ละแพ็ค | T86: 45838 | U86: 10000 | V86: 10196 | W86: 0 | X86: 10500 | Y86: 0 | Z86: WSWT2025800 | AA86: 0 | AB86: 0 | AC86: 0 | AD86: 0 | AE86: 0 | AF86: พระประแดง | AG86: รอแบบ | AH86: P7 | AI86: 2 | AJ86: 45838 | AK86: 0 | AL86: 45829 | AM86: 45836 | AN86: 45837 | AO86: 45837 | AP86: 45833 | AQ86: 0 | AR86: 0 | AS86: 0 | AT86: 0 | AU86: 0 | AV86: 0 | AW86: งานพิมพ์ | AX86: / | AY86: 0 | AZ86: 0 | BA86: 0 | BB86: 0 | BC86: WRWT25800/WRWT25800 | BD86: 0
A87: 45805 | B87: MK68-000718 | C87: บจก.เบทาโกร | D87: บาลานส์ 956 | E87: 20 | F87: 37 | G87: ขาว | H87: 0 | I87: 80 | J87: ± | K87: 3 | L87: บิด | M87: ไม่สวมถุงใน | N87: 0 | O87: 0 | P87: 0 | Q87: 0 | R87: 0 | S87: 500กระสอบแบน พร้อมระบุชื่อบริษัท รายการสินค้า จำนวนแต่ละแพ็ค | T87: 45845 | U87: 5000 | V87: 0 | W87: 5000 | X87: 0 | Y87: 5250 | Z87: WSWT2025800 | AA87: 5378.45 | AB87: 0 | AC87: 5378.45 | AD87: 0 | AE87: 0 | AF87: ลพบุรี3 | AG87: พร้อมส่ง | AH87: P7 | AI87: 2 | AJ87: 45845 | AK87: 0 | AL87: 45836 | AM87: 45843 | AN87: 45844 | AO87: 45844 | AP87: 45840 | AQ87: 0 | AR87: 0 | AS87: 0 | AT87: 0 | AU87: 0 | AV87: 0 | AW87: งานพิมพ์ | AX87: รอART | AY87: 0 | AZ87: 0 | BA87: 0 | BB87: 0 | BC87: WRWT25800/WRWT25800 | BD87: 411.15262
A88: 45805 | B88: MK68-000718 | C88: บจก.เบทาโกร | D88: เบทาโกร 326 | E88: 20 | F88: 37 | G88: ขาว | H88: 0 | I88: 80 | J88: ± | K88: 3 | L88: บิด | M88: ไม่สวมถุงใน | N88: 0 | O88: 0 | P88: 0 | Q88: 0 | R88: 0 | S88: 500กระสอบแบน พร้อมระบุชื่อบริษัท รายการสินค้า จำนวนแต่ละแพ็ค | T88: 45845 | U88: 5000 | V88: 0 | W88: 5000 | X88: 0 | Y88: 5250 | Z88: WSWT2025800 | AA88: 5378.45 | AB88: 0 | AC88: 5378.45 | AD88: 0 | AE88: 0 | AF88: ลพบุรี3 | AG88: พร้อมส่ง | AH88: P7 | AI88: 2 | AJ88: 45845 | AK88: 0 | AL88: 45836 | AM88: 45843 | AN88: 45844 | AO88: 45844 | AP88: 45840 | AQ88: 0 | AR88: 0 | AS88: 0 | AT88: 0 | AU88: 0 | AV88: 0 | AW88: งานพิมพ์ | AX88: รอART | AY88: 0 | AZ88: 0 | BA88: 0 | BB88: 0 | BC88: WRWT25800/WRWT25800 | BD88: 411.15262
A89: ประมาณการ | B89: ประมาณการ | C89: บจก.อินเทคค์ โกลบอล | D89: รอแบบ | E89: 20 | F89: 36 | G89: ขาว | H89: 0 | I89: 78 | J89: ± | K89: 5 | L89: จับจีบ4" | M89: ไม่สวมถุงใน | N89: 0 | O89: 0 | P89: 0 | Q89: 0 | R89: 0 | S89: มัด80 ใช้สายรัด | T89: 45838 | U89: 100000 | V89: 0 | W89: 100000 | X89: 0 | Y89: 105000 | Z89: WSWT2025800 | AA89: 104775 | AB89: 69482 | AC89: 35293 | AD89: 0 | AE89: 0 | AF89: ห้ามขาด-ห้ามเกิน | AG89: พร้อมส่ง | AH89: P7 | AI89: 2 | AJ89: 45838 | AK89: 0 | AL89: 45829 | AM89: 45836 | AN89: 45837 | AO89: 45837 | AP89: 45833 | AQ89: 0 | AR89: 0 | AS89: 0 | AT89: 0 | AU89: 0 | AV89: 0 | AW89: งานพิมพ์ | AX89: / | AY89: 0 | AZ89: 0 | BA89: 0 | BB89: 0 | BC89: WRWT25800/WRWT25800 | BD89: 2697.9538
A90: 0 | B90: 0 | C90: 0 | D90: 0 | E90: 20 | F90: 37 | G90: 0 | H90: 0 | I90: 80 | J90: ± | K90: 3 | L90: 0 | M90: 0 | N90: 0 | O90: 0 | P90: 0 | Q90: 0 | R90: 0 | S90: 0 | U90: 0 | V90: 0 | W90: 0 | X90: 0 | Y90: 0 | Z90: WSWT2025800 | AA90: 116367.71 | AB90: 70317.811 | AC90: 46049.9 | AD90: 0 | AE90: 0 | AF90: ระบุในSD | AG90: พร้อมส่ง | AH90: 0 | AI90: Lead time | AJ90: 0 | AK90: 0 | AL90: 0 | AM90: 0 | AN90: 0 | AO90: 0 | AP90: 0 | AQ90: 0 | AR90: 0 | AS90: 0 | AT90: 0 | AU90: 0 | AV90: 0 | AW90: 0 | AX90: 0 | AY90: 0 | AZ90: 0 | BA90: 0 | BB90: 0 | BC90: WRWT25800/WRWT25800 | BD90: 0
A91: ประมาณการ | B91: ประมาณการ | C91: กรุงเทพมหานคร | D91: กรุงเทพมหานคร | E91: 20 | F91: 34 | G91: ขาว | H91: 0 | I91: 85 | J91: ± | K91: 5 | L91: ไม่ | M91: ไม่สวมถุงใน | N91: 0 | O91: 0 | P91: 0 | Q91: 0 | R91: 0 | S91: 500กระสอบ | T91: 45838 | U91: 1345000 | V91: 0 | W91: 1345000 | X91: 110740 | Y91: 1295973 | Z91: WSWT2021850UV | AA91: 1180264.6 | AB91: 431970 | AC91: 748294.64 | AD91: 0 | AE91: 0 | AF91: 0 | AG91: พร้อมส่ง | AH91: P7 | AI91: 2 | AJ91: 45838 | AK91: 0 | AL91: 45829 | AM91: 45836 | AN91: 45837 | AO91: 45837 | AP91: 45833 | AQ91: 0 | AR91: 0 | AS91: 0 | AT91: 0 | AU91: 0 | AV91: 0 | AW91: งานพิมพ์ | AX91: 0 | AY91: 0 | AZ91: 0 | BA91: 0 | BB91: 0 | BC91: WRWT21850/WRWT21850 | BD91: 65725.213
A92: 0 | B92: 0 | C92: 0 | D92: 0 | E92: 20 | F92: 34 | G92: 0 | H92: 0 | I92: 85 | J92: ± | K92: 5 | L92: 0 | M92: 0 | N92: 0 | O92: 0 | P92: 0 | Q92: 0 | R92: 0 | S92: 0 | U92: 0 | V92: 0 | W92: 0 | X92: 0 | Y92: 0 | Z92: WSWT2021850UV | AA92: 1180264.6 | AB92: 431970 | AC92: 748294.64 | AD92: 0 | AE92: 0 | AF92: ระบุในSD | AG92: ผ้าขาว | AH92: 0 | AI92: 0 | AJ92: 0 | AK92: 0 | AL92: 0 | AM92: 0 | AN92: 0 | AO92: 0 | AP92: 0 | AQ92: 0 | AR92: 0 | AS92: 0 | AT92: 0 | AU92: 0 | AV92: 0 | AW92: 0 | AX92: 0 | AY92: 0 | AZ92: 0 | BA92: 0 | BB92: 0 | BC92: WRWT200850/WRWT21850 | BD92: 0
A93: 45808 | B93: ใบรับคำสั่งซื้อ | C93: บจก.หนองบัวฟีดมิลล์ | D93: ไม่พิมพ์ | E93: 21 | F93: 38 | G93: ขาว | H93: 0 | I93: 69 | J93: ± | K93: 5 | L93: ไม่ | M93: 22 | N93: 41 | O93: 40 | P93: 307.09372 | Q93: 0 | R93: 307.09372 | S93: 500กระสอบ | T93: 45811 | U93: 15000 | V93: 1200 | W93: 13800 | X93: 0 | Y93: 0 | Z93: WSWT2125650 | AA93: 15230.094 | AB93: 15230.094 | AC93: 0 | AD93: 0 | AE93: 0 | AF93: 0 | AG93: พร้อมส่ง | AH93: P13 | AI93: 2 | AJ93: 45811 | AK93: 0 | AL93: 0 | AM93: 0 | AN93: 0 | AO93: 45809 | AP93: 45806 | AQ93: 45810 | AR93: 0 | AS93: 0 | AT93: 0 | AU93: 0 | AV93: 0 | AW93: ตัด | AX93: 0 | AY93: 0 | AZ93: 0 | BA93: 0 | BB93: 0 | BC93: WRWT25650/WRWT25650 | BD93: 0
A94: 45803 | B94: MK68-000712 | C94: บจก.ไลม์มาสเตอร์ | D94: LMC 20 kg | E94: 21 | F94: 34 | G94: ขาว | H94: 0 | I94: 60 | J94: ± | K94: 5 | L94: ไม่ | M94: 22 | N94: 36 | O94: 40 | P94: 195.39367 | Q94: 0 | R94: 195.39367 | S94: 500กระสอบแบน | T94: 45814 | U94: 10000 | V94: 0 | W94: 10000 | X94: 0 | Y94: 10500 | Z94: WSWT2125650 | AA94: 9918.7 | AB94: 0 | AC94: 9918.7 | AD94: 0 | AE94: 0 | AF94: 0 | AG94: พร้อมส่ง | AH94: P9 | AI94: 3 | AJ94: 45814 | AK94: 0 | AL94: 45804 | AM94: 45811 | AN94: 45812 | AO94: 45812 | AP94: 45809 | AQ94: 45813 | AR94: 0 | AS94: 0 | AT94: 0 | AU94: 0 | AV94: 0 | AW94: งานพิมพ์ | AX94: / | AY94: 0 | AZ94: 0 | BA94: 0 | BB94: 0 | BC94: WRWT25650/WRWT25650 | BD94: 676.95128
A95: ประมาณการ | B95: ประมาณการ | C95: บจก.หนองบัวฟีดมิลล์ | D95: ไม่พิมพ์ | E95: 21 | F95: 38 | G95: ขาว | H95: 0 | I95: 69 | J95: ± | K95: 5 | L95: ไม่ | M95: ไม่สวมถุงใน | N95: 0 | O95: 0 | P95: 0 | Q95: 0 | R95: 0 | S95: 500กระสอบ | T95: 45838 | U95: 5000 | V95: 0 | W95: 5000 | X95: 0 | Y95: 0 | Z95: WSWT2125650 | AA95: 5518.15 | AB95: 0 | AC95: 5518.15 | AD95: 0 | AE95: 0 | AF95: 0 | AG95: ยังไม่ได้พิมพ์ | AH95: P3 | AI95: 2 | AJ95: 45838 | AK95: 0 | AL95: 0 | AM95: 0 | AN95: 0 | AO95: 45836 | AP95: 45833 | AQ95: 0 | AR95: 0 | AS95: 0 | AT95: 0 | AU95: 0 | AV95: 0 | AW95: ตัด | AX95: 0 | AY95: 0 | AZ95: 0 | BA95: 0 | BB95: 0 | BC95: WRWT25650/WRWT25650 | BD95: 376.61374
A96: 0 | B96: 0 | C96: 0 | D96: 0 | E96: 21 | F96: 37 | G96: ขาว | H96: 0 | I96: 67 | J96: ± | K96: 5 | L96: 0 | M96: 0 | N96: 0 | O96: 0 | P96: 0 | Q96: 0 | R96: 0 | S96: 0 | U96: 0 | V96: 0 | W96: 0 | X96: 0 | Y96: 0 | Z96: WSWT2125650 | AA96: 30666.944 | AB96: 15230.094 | AC96: 15436.85 | AD96: 0 | AE96: 0 | AF96: ระบุในSD | AG96: พร้อมส่ง | AH96: 0 | AI96: Lead time | AJ96: 0 | AK96: 0 | AL96: 0 | AM96: 0 | AN96: 0 | AO96: 0 | AP96: 0 | AQ96: 0 | AR96: 0 | AS96: 0 | AT96: 0 | AU96: 0 | AV96: 0 | AW96: 0 | AX96: 0 | AY96: 0 | AZ96: 0 | BA96: 0 | BB96: 0 | BC96: WRWT25650/WRWT25650 | BD96: 0
A97: 45805 | B97: MK68-000717 | C97: บจก.โรงสีข้าวธัญญาวัฒน์ | D97: LUNG SHIN 30Kg. | E97: 21 | F97: 32 | G97: ขาว | H97: 0 | I97: 70 | J97: ± | K97: 5 | L97: ไม่ | M97: ไม่สวมถุงใน | N97: 0 | O97: 0 | P97: 0 | Q97: 0 | R97: 0 | S97: 500กระสอบแบน | T97: 45813 | U97: 4150 | V97: 0 | W97: 4150 | X97: 0 | Y97: 4357.5 | Z97: WSWT2125800 | AA97: 3884.3585 | AB97: 3884.3585 | AC97: 0 | AD97: 0 | AE97: 0 | AF97: 0 | AG97: ยังไม่ได้พิมพ์ | AH97: P7 | AI97: 2 | AJ97: 45813 | AK97: 0 | AL97: 45804 | AM97: 45811 | AN97: 45812 | AO97: 45812 | AP97: 45808 | AQ97: 0 | AR97: 0 | AS97: 0 | AT97: 0 | AU97: 0 | AV97: 0 | AW97: งานพิมพ์ | AX97: รอART | AY97: 0 | AZ97: 0 | BA97: 0 | BB97: 0 | BC97: WRWT25800/WRWT25800 | BD97: 0
A98: 0 | B98: 0 | C98: 0 | D98: 0 | E98: 21 | F98: 37 | G98: ขาว | H98: 0 | I98: 83 | J98: ± | K98: 5 | L98: 0 | M98: 0 | N98: 0 | O98: 0 | P98: 0 | Q98: 0 | R98: 0 | S98: 0 | U98: 0 | V98: 0 | W98: 0 | X98: 0 | Y98: 0 | Z98: WSWT2125800 | AA98: 3884.3585 | AB98: 3884.3585 | AC98: 0 | AD98: 0 | AE98: 0 | AF98: ระบุในSD | AG98: รอตัด | AH98: 0 | AI98: 0 | AJ98: 0 | AK98: 0 | AL98: 0 | AM98: 0 | AN98: 0 | AO98: 0 | AP98: 0 | AQ98: 0 | AR98: 0 | AS98: 0 | AT98: 0 | AU98: 0 | AV98: 0 | AW98: 0 | AX98: 0 | AY98: 0 | AZ98: 0 | BA98: 0 | BB98: 0 | BC98: WRWT210800/WRWT25800 | BD98: 0
A99: 45800 | B99: MK68-000703 | C99: บจก.เอสพีเอ็ม อาหารสัตว์ | D99: มาซู ฟีดบี0434 | E99: 21 | F99: 40 | G99: ขาว | H99: ด้าน | I99: 108 | J99: ± | K99: 5 | L99: บิด | M99: 22 | N99: 42 | O99: 40 | P99: 113.97964 | Q99: 0 | R99: 113.97964 | S99: 500กระสอบแบน | T99: รอแจ้ง | U99: 5000 | V99: 0 | W99: 5000 | X99: 10420 | Y99: 0 | Z99: WSWT2121670SM | AA99: 0 | AB99: 0 | AC99: 0 | AD99: 0 | AE99: 0 | AF99: 0 | AG99: ยังไม่ได้พิมพ์ | AH99: P8 | AI99: 4 | AJ99: รอแจ้ง | AK99: #VALUE! | AL99: #VALUE! | AM99: #VALUE! | AN99: #VALUE! | AO99: #VALUE! | AP99: #VALUE! | AQ99: #VALUE! | AR99: 0 | AS99: 0 | AT99: 0 | AU99: 0 | AV99: 0 | AW99: งานเคลือบ+พิมพ์ | AX99: / | AY99: 0 | AZ99: 0 | BA99: 0 | BB99: 0 | BC99: WRWT21670/WRWT21670 | BD99: 0
A100: 45800 | B100: MK68-000703 | C100: บจก.เอสพีเอ็ม อาหารสัตว์ | D100: มาซู ฟีดบี0434 | E100: 21 | F100: 40 | G100: ขาว | H100: ด้าน | I100: 108 | J100: ± | K100: 5 | L100: บิด | M100: 22 | N100: 42 | O100: 40 | P100: 113.97964 | Q100: 0 | R100: 113.97964 | S100: 500กระสอบแบน | T100: รอแจ้ง | U100: 5000 | V100: 0 | W100: 5000 | X100: 0 | Y100: 5250 | Z100: WSWT2121670SM | AA100: 5797.55 | AB100: 5797.55 | AC100: 0 | AD100: 5797.55 | AE100: 0 | AF100: 0 | AG100: ยังไม่ได้พิมพ์ | AH100: P8 | AI100: 4 | AJ100: รอแจ้ง | AK100: #VALUE! | AL100: #VALUE! | AM100: #VALUE! | AN100: #VALUE! | AO100: #VALUE! | AP100: #VALUE! | AQ100: #VALUE! | AR100: 0 | AS100: 0 | AT100: 0 | AU100: 0 | AV100: 0 | AW100: งานเคลือบ+พิมพ์ | AX100: / | AY100: 0 | AZ100: 0 | BA100: 0 | BB100: 0 | BC100: WRWT21670/WRWT21670 | BD100: 0
A101: 45803 | B101: MK68-000713 | C101: บจก.หนองบัวฟีด | D101: ยูนิคอร์นฟีช101-102 | E101: 21 | F101: 37 | G101: ขาว | H101: ใส | I101: 100 | J101: ± | K101: 5 | L101: บิด | M101: 22 | N101: 40 | O101: 40 | P101: 108.55204 | Q101: 0 | R101: 108.55204 | S101: 500กรอบ | T101: 45810 | U101: 5000 | V101: 0 | W101: 5000 | X101: 10500 | Y101: 0 | Z101: WSWT2121670SM | AA101: 0 | AB101: 0 | AC101: 0 | AD101: 0 | AE101: 0 | AF101: 0 | AG101: ยังไม่ได้พิมพ์ | AH101: P8 | AI101: 4 | AJ101: 45810 | AK101: 45806 | AL101: 45800 | AM101: 45807 | AN101: 45808 | AO101: 45808 | AP101: 45805 | AQ101: 45809 | AR101: 0 | AS101: 0 | AT101: 0 | AU101: 0 | AV101: 0 | AW101: งานเคลือบ+พิมพ์ | AX101: / | AY101: 0 | AZ101: 0 | BA101: 0 | BB101: 0 | BC101: WRWT21670/WRWT21670 | BD101: 0
...

Sheet 30-5-68
B2: เรียงกำหนดส่ง | D2: ลบ 0 | T2: เรียง 1
B3: ข้อมูลUpdate ณ. วันที่ | D3: 45807 | E3: เวลา | G3: 10.41
A4: วันรับออร์เดอร์/แบบ | B4: เลขที่ SO | C4: ชื่อลูกค้า | E4: 10.3 | I4: น้ำหนัก | L4: บิด/จับจีบ | M4: ถุงใน | Q4: 44873 | S4: วิธีบรรจุ | T4: วันส่ง | U4: จำนวนส่ง | V4: ตัดเย็บ (ใบ) | W4: 44873 | X4: พิมพ์ (ใบ) | Y4: 44876 | Z4: ผ้าทอ (เมตร) Updateณ | AB4: 44876 | AD4: ผ้าเคลือบ(เมตร) | AF4: หมายเหตุ | AG4: เครื่อง
