Workbook

Sheet Linkสูตรออร์เดอร์  (2)
B2: เรียงกำหนดส่ง | D2: ลบ 0 | T2: เรียง 1
B3: ข้อมูลUpdate ณ. วันที่ | D3: 45967 | E3: เวลา | G3: 9.25
A4: วันรับออร์เดอร์/แบบ | B4: เลขที่ SO | C4: ชื่อลูกค้า | E4: 10.3 | I4: น้ำหนัก | L4: บิด/จับจีบ | M4: ถุงใน | Q4: =[1]หน้าผ้า!$AC$13 -> 44873 | S4: วิธีบรรจุ | T4: วันส่ง | U4: จำนวนส่ง | V4: ตัดเย็บ (ใบ) | W4: =[1]หน้าผ้า!$AJ$13 -> 44873 | X4: พิมพ์ (ใบ) | Y4: =[1]หน้าผ้า!$AM$13 -> 44876 | Z4: ผ้าทอ (เมตร) Updateณ | AB4: =[1]หน้าผ้า!$AR$12 -> 44876 | AD4: ผ้าเคลือบ(เมตร) | AF4: หมายเหตุ | AG4: เครื่อง
B5: เลขที่ SO | C5: ชื่อลูกค้า | D5: ตรา | E5: กว้าง | F5: ยาว | G5: สี | H5: เคลือบ | I5: กรัม/ใบ | J5: * | K5: aw | L5: บิด/จับจีบ | M5: กว้าง | N5: ยาว | O5: หนา | P5: ใช้(กก.) | Q5: Stock(กก.) | R5: ผลิต(กก.) | S5: วิธีบรรจุ | T5: วันส่ง | U5: จำนวนส่ง | V5: StockFG | W5: ค้างตัด | X5: พิมพ์แล้ว | Y5: ค้างพิมพ์ | Z5: ประเภท | AA5: ใช้ | AB5: Stock | AC5: ค้างทอ | AD5: Stock | AE5: ค้างเคลือบ | AF5: หมายเหตุ | AG5: ที่พิมพ์ได้ | AH5: process | AI5: Lead time | AJ5: วันที่ส่งPL | AK5: เคลือบ | AL5: ได้ ART | AM5: พิมพ์ | AN5: จีบ-บิด | AO5: ตัด-เย็บ | AP5: ทอ | AQ5: สวมถุง | AR5: เย็บปาก | AS5: PT | AT5: ม้วน | AU5: ตัด | AV5: ตอกตาไก่ | AW5: GROUP | AX5: ART | AY5: หมายเหตุปัญหา | AZ5: ราคา/ใบ | BA5: ราคารวม | BB5: workweek | BC5: เส้นเทป | BD5: จำนวน
A6: =[2]หน้าผ้า!C15 -> 0 | B6: =[2]หน้าผ้า!B15 -> 0 | C6: =[2]หน้าผ้า!E15 -> 0 | D6: =[2]หน้าผ้า!F15 -> 0 | E6: =[2]หน้าผ้า!G15 -> 12 | F6: =[2]หน้าผ้า!H15 -> 16 | G6: =[2]หน้าผ้า!I15 -> ขาว | H6: =[2]หน้าผ้า!J15 -> 0 | I6: =[2]หน้าผ้า!L15 -> 25 | J6: =[2]หน้าผ้า!M15 -> ± | K6: =[2]หน้าผ้า!N15 -> 5 | L6: =[2]หน้าผ้า!R15 -> 0 | M6: =[2]หน้าผ้า!T15 -> 0 | N6: =[2]หน้าผ้า!U15 -> 0 | O6: =[2]หน้าผ้า!V15 -> 0 | P6: =[2]หน้าผ้า!AB15 -> 0 | Q6: =[2]หน้าผ้า!AC15 -> 0 | R6: =[2]หน้าผ้า!AD15 -> 0 | S6: =[2]หน้าผ้า!Z15 -> 0 | T6: =[2]หน้าผ้า!X15 -> 0 | U6: =[2]หน้าผ้า!AA15 -> 0 | V6: =[2]หน้าผ้า!AJ15 -> 0 | W6: =[2]หน้าผ้า!AL15 -> 0 | X6: =[2]หน้าผ้า!AM15 -> 0 | Y6: =[2]หน้าผ้า!AN15 -> 0 | Z6: =[2]หน้าผ้า!AO15 -> WSWT1221750 | AA6: =[2]หน้าผ้า!AQ15 -> #REF! | AB6: =[2]หน้าผ้า!AR15 -> #REF! | AC6: =[2]หน้าผ้า!AS15 -> #REF! | AD6: =[2]หน้าผ้า!AT15 -> #REF! | AE6: =[2]หน้าผ้า!AU15 -> #REF! | AF6: =[2]หน้าผ้า!AI15 -> ระบุในSD | AG6: =[3]หน้าผ้า!DC18 -> < Ord 20,000 | AH6: =[2]หน้าผ้า!DL15 -> 0 | AI6: =[2]หน้าผ้า!DM15 -> 0 | AJ6: =[2]หน้าผ้า!DN15 -> 0 | AK6: =[2]หน้าผ้า!DQ15 -> 0 | AL6: =[2]หน้าผ้า!DR15 -> 0 | AM6: =[2]หน้าผ้า!DS15 -> 0 | AN6: =[2]หน้าผ้า!DT15 -> 0 | AO6: =[2]หน้าผ้า!DU15 -> 0 | AP6: =[2]หน้าผ้า!DP15 -> 0 | AQ6: =[2]หน้าผ้า!DW15 -> 0 | AR6: =[2]หน้าผ้า!DX15 -> 0 | AS6: =[2]หน้าผ้า!DY15 -> 0 | AT6: =[2]หน้าผ้า!DZ15 -> 0 | AU6: =[2]หน้าผ้า!EA15 -> 0 | AV6: =[2]หน้าผ้า!EB15 -> 0 | AW6: =[2]หน้าผ้า!EC15 -> 0 | AX6: =[2]หน้าผ้า!ED15 -> 0 | AY6: =[2]หน้าผ้า!AG15 -> 0 | AZ6: =[2]หน้าผ้า!EG15 -> 0 | BA6: =[2]หน้าผ้า!EH15 -> 0 | BB6: =[2]หน้าผ้า!EI15 -> 0 | BC6: =[2]หน้าผ้า!BZ15 -> WRWT120750/WRWT21750 | BD6: =[2]หน้าผ้า!CA15 -> 0
A7: =[2]หน้าผ้า!C16 -> 0 | B7: =[2]หน้าผ้า!B16 -> 0 | C7: =[2]หน้าผ้า!E16 -> 0 | D7: =[2]หน้าผ้า!F16 -> 0 | E7: =[2]หน้าผ้า!G16 -> 14 | F7: =[2]หน้าผ้า!H16 -> 22 | G7: =[2]หน้าผ้า!I16 -> ขาว | H7: =[2]หน้าผ้า!J16 -> 0 | I7: =[2]หน้าผ้า!L16 -> 36 | J7: =[2]หน้าผ้า!M16 -> ± | K7: =[2]หน้าผ้า!N16 -> 5 | L7: =[2]หน้าผ้า!R16 -> 0 | M7: =[2]หน้าผ้า!T16 -> 0 | N7: =[2]หน้าผ้า!U16 -> 0 | O7: =[2]หน้าผ้า!V16 -> 0 | P7: =[2]หน้าผ้า!AB16 -> 0 | Q7: =[2]หน้าผ้า!AC16 -> 0 | R7: =[2]หน้าผ้า!AD16 -> 0 | S7: =[2]หน้าผ้า!Z16 -> 0 | T7: =[2]หน้าผ้า!X16 -> 0 | U7: =[2]หน้าผ้า!AA16 -> 0 | V7: =[2]หน้าผ้า!AJ16 -> 0 | W7: =[2]หน้าผ้า!AL16 -> 0 | X7: =[2]หน้าผ้า!AM16 -> 0 | Y7: =[2]หน้าผ้า!AN16 -> 0 | Z7: =[2]หน้าผ้า!AO16 -> WSWT1425800 | AA7: =[2]หน้าผ้า!AQ16 -> #REF! | AB7: =[2]หน้าผ้า!AR16 -> #REF! | AC7: =[2]หน้าผ้า!AS16 -> #REF! | AD7: =[2]หน้าผ้า!AT16 -> #REF! | AE7: =[2]หน้าผ้า!AU16 -> #REF! | AF7: =[2]หน้าผ้า!AI16 -> ระบุในSD | AG7: =[3]หน้าผ้า!DC19 -> พร้อมส่ง | AH7: =[2]หน้าผ้า!DL16 -> 0 | AI7: =[2]หน้าผ้า!DM16 -> Lead time | AJ7: =[2]หน้าผ้า!DN16 -> 0 | AK7: =[2]หน้าผ้า!DQ16 -> 0 | AL7: =[2]หน้าผ้า!DR16 -> 0 | AM7: =[2]หน้าผ้า!DS16 -> 0 | AN7: =[2]หน้าผ้า!DT16 -> 0 | AO7: =[2]หน้าผ้า!DU16 -> 0 | AP7: =[2]หน้าผ้า!DP16 -> 0 | AQ7: =[2]หน้าผ้า!DW16 -> 0 | AR7: =[2]หน้าผ้า!DX16 -> 0 | AS7: =[2]หน้าผ้า!DY16 -> 0 | AT7: =[2]หน้าผ้า!DZ16 -> 0 | AU7: =[2]หน้าผ้า!EA16 -> 0 | AV7: =[2]หน้าผ้า!EB16 -> 0 | AW7: =[2]หน้าผ้า!EC16 -> 0 | AX7: =[2]หน้าผ้า!ED16 -> 0 | AY7: =[2]หน้าผ้า!AG16 -> 0 | AZ7: =[2]หน้าผ้า!EG16 -> 0 | BA7: =[2]หน้าผ้า!EH16 -> 0 | BB7: =[2]หน้าผ้า!EI16 -> 0 | BC7: =[2]หน้าผ้า!BZ16 -> WRWT140800/WRWT25800 | BD7: =[2]หน้าผ้า!CA16 -> 0
A8: =[2]หน้าผ้า!C17 -> 0 | B8: =[2]หน้าผ้า!B17 -> 0 | C8: =[2]หน้าผ้า!E17 -> 0 | D8: =[2]หน้าผ้า!F17 | E8: =[2]หน้าผ้า!G17 -> 16 | F8: =[2]หน้าผ้า!H17 -> 25 | G8: =[2]หน้าผ้า!I17 -> ขาว | H8: =[2]หน้าผ้า!J17 -> 0 | I8: =[2]หน้าผ้า!L17 -> 45 | J8: =[2]หน้าผ้า!M17 -> ± | K8: =[2]หน้าผ้า!N17 -> 5 | L8: =[2]หน้าผ้า!R17 -> 0 | M8: =[2]หน้าผ้า!T17 -> 0 | N8: =[2]หน้าผ้า!U17 -> 0 | O8: =[2]หน้าผ้า!V17 -> 0 | P8: =[2]หน้าผ้า!AB17 -> 0 | Q8: =[2]หน้าผ้า!AC17 -> 0 | R8: =[2]หน้าผ้า!AD17 -> 0 | S8: =[2]หน้าผ้า!Z17 -> 0 | T8: =[2]หน้าผ้า!X17 -> 0 | U8: =[2]หน้าผ้า!AA17 -> 0 | V8: =[2]หน้าผ้า!AJ17 -> 0 | W8: =[2]หน้าผ้า!AL17 -> 0 | X8: =[2]หน้าผ้า!AM17 -> 0 | Y8: =[2]หน้าผ้า!AN17 -> 0 | Z8: =[2]หน้าผ้า!AO17 -> WSWT1625800SM | AA8: =[2]หน้าผ้า!AQ17 -> #REF! | AB8: =[2]หน้าผ้า!AR17 -> #REF! | AC8: =[2]หน้าผ้า!AS17 -> #REF! | AD8: =[2]หน้าผ้า!AT17 -> #REF! | AE8: =[2]หน้าผ้า!AU17 -> #REF! | AF8: =[2]หน้าผ้า!AI17 -> ระบุในSD | AG8: =[3]หน้าผ้า!DC20 -> พร้อมส่ง | AH8: =[2]หน้าผ้า!DL17 -> 0 | AI8: =[2]หน้าผ้า!DM17 -> Lead time | AJ8: =[2]หน้าผ้า!DN17 -> 0 | AK8: =[2]หน้าผ้า!DQ17 -> 0 | AL8: =[2]หน้าผ้า!DR17 -> 0 | AM8: =[2]หน้าผ้า!DS17 -> 0 | AN8: =[2]หน้าผ้า!DT17 -> 0 | AO8: =[2]หน้าผ้า!DU17 -> 0 | AP8: =[2]หน้าผ้า!DP17 -> 0 | AQ8: =[2]หน้าผ้า!DW17 -> 0 | AR8: =[2]หน้าผ้า!DX17 -> 0 | AS8: =[2]หน้าผ้า!DY17 -> 0 | AT8: =[2]หน้าผ้า!DZ17 -> 0 | AU8: =[2]หน้าผ้า!EA17 -> 0 | AV8: =[2]หน้าผ้า!EB17 -> 0 | AW8: =[2]หน้าผ้า!EC17 -> 0 | AX8: =[2]หน้าผ้า!ED17 -> 0 | AY8: =[2]หน้าผ้า!AG17 -> 0 | AZ8: =[2]หน้าผ้า!EG17 -> 0 | BA8: =[2]หน้าผ้า!EH17 -> 0 | BB8: =[2]หน้าผ้า!EI17 -> 0 | BC8: =[2]หน้าผ้า!BZ17 -> WRWT160800/WRWT25800 | BD8: =[2]หน้าผ้า!CA17 -> 0
A9: =[2]หน้าผ้า!C18 -> ประมาณการ | B9: =[2]หน้าผ้า!B18 -> ประมาณการ | C9: =[2]หน้าผ้า!E18 -> บจก.เคอรี่ฟลาวมิลล์ | D9: =[2]หน้าผ้า!F18 -> โบว์แดง 10กก | E9: =[2]หน้าผ้า!G18 -> 16 | F9: =[2]หน้าผ้า!H18 -> 25 | G9: =[2]หน้าผ้า!I18 -> ขาว | H9: =[2]หน้าผ้า!J18 -> 0 | I9: =[2]หน้าผ้า!L18 -> 45 | J9: =[2]หน้าผ้า!M18 -> ± | K9: =[2]หน้าผ้า!N18 -> 5 | L9: =[2]หน้าผ้า!R18 -> ไม่ | M9: =[2]หน้าผ้า!T18 -> ไม่สวมถุงใน | N9: =[2]หน้าผ้า!U18 -> 0 | O9: =[2]หน้าผ้า!V18 -> 0 | P9: =[2]หน้าผ้า!AB18 -> 0 | Q9: =[2]หน้าผ้า!AC18 -> 0 | R9: =[2]หน้าผ้า!AD18 -> 0 | S9: =[2]หน้าผ้า!Z18 -> ห่ออัดเบลแบน500 | T9: =[2]หน้าผ้า!X18 -> รอแจ้ง | U9: =[2]หน้าผ้า!AA18 -> 5000 | V9: =[2]หน้าผ้า!AJ18 -> 5000 | W9: =[2]หน้าผ้า!AL18 -> 0 | X9: =[2]หน้าผ้า!AM18 -> 5370 | Y9: =[2]หน้าผ้า!AN18 -> 0 | Z9: =[2]หน้าผ้า!AO18 -> WSWT1625800 | AA9: =[2]หน้าผ้า!AQ18 -> 0 | AB9: =[2]หน้าผ้า!AR18 -> 0 | AC9: =[2]หน้าผ้า!AS18 -> 0 | AD9: =[2]หน้าผ้า!AT18 -> 0 | AE9: =[2]หน้าผ้า!AU18 -> 0 | AF9: =[2]หน้าผ้า!AI18 -> 0 | AG9: =[3]หน้าผ้า!DC21 -> พร้อมส่ง | AH9: =[2]หน้าผ้า!DL18 -> P7 | AI9: =[2]หน้าผ้า!DM18 -> 2 | AJ9: =[2]หน้าผ้า!DN18 -> รอแจ้ง | AK9: =[2]หน้าผ้า!DQ18 -> 0 | AL9: =[2]หน้าผ้า!DR18 -> #VALUE! | AM9: =[2]หน้าผ้า!DS18 -> #VALUE! | AN9: =[2]หน้าผ้า!DT18 -> #VALUE! | AO9: =[2]หน้าผ้า!DU18 -> #VALUE! | AP9: =[2]หน้าผ้า!DP18 -> #VALUE! | AQ9: =[2]หน้าผ้า!DW18 -> 0 | AR9: =[2]หน้าผ้า!DX18 -> 0 | AS9: =[2]หน้าผ้า!DY18 -> 0 | AT9: =[2]หน้าผ้า!DZ18 -> 0 | AU9: =[2]หน้าผ้า!EA18 -> 0 | AV9: =[2]หน้าผ้า!EB18 -> 0 | AW9: =[2]หน้าผ้า!EC18 -> งานพิมพ์ | AX9: =[2]หน้าผ้า!ED18 -> / | AY9: =[2]หน้าผ้า!AG18 -> รอเก็บลบสีผสม | AZ9: =[2]หน้าผ้า!EG18 -> 0 | BA9: =[2]หน้าผ้า!EH18 -> 0 | BB9: =[2]หน้าผ้า!EI18 -> 0 | BC9: =[2]หน้าผ้า!BZ18 -> WRWT25800/WRWT25800 | BD9: =[2]หน้าผ้า!CA18 -> 0
A10: =[2]หน้าผ้า!C19 -> 0 | B10: =[2]หน้าผ้า!B19 -> 0 | C10: =[2]หน้าผ้า!E19 -> 0 | D10: =[2]หน้าผ้า!F19 -> 0 | E10: =[2]หน้าผ้า!G19 -> 16 | F10: =[2]หน้าผ้า!H19 -> 25 | G10: =[2]หน้าผ้า!I19 -> ขาว | H10: =[2]หน้าผ้า!J19 -> 0 | I10: =[2]หน้าผ้า!L19 -> 45 | J10: =[2]หน้าผ้า!M19 -> ± | K10: =[2]หน้าผ้า!N19 -> 5 | L10: =[2]หน้าผ้า!R19 -> 0 | M10: =[2]หน้าผ้า!T19 -> 0 | N10: =[2]หน้าผ้า!U19 -> 0 | O10: =[2]หน้าผ้า!V19 -> 0 | P10: =[2]หน้าผ้า!AB19 -> 0 | Q10: =[2]หน้าผ้า!AC19 -> 0 | R10: =[2]หน้าผ้า!AD19 -> 0 | S10: =[2]หน้าผ้า!Z19 -> 0 | T10: =[2]หน้าผ้า!X19 -> 0 | U10: =[2]หน้าผ้า!AA19 -> 0 | V10: =[2]หน้าผ้า!AJ19 -> 0 | W10: =[2]หน้าผ้า!AL19 -> 0 | X10: =[2]หน้าผ้า!AM19 -> 0 | Y10: =[2]หน้าผ้า!AN19 -> 0 | Z10: =[2]หน้าผ้า!AO19 -> WSWT1625800 | AA10: =[2]หน้าผ้า!AQ19 -> 0 | AB10: =[2]หน้าผ้า!AR19 -> 0 | AC10: =[2]หน้าผ้า!AS19 -> 0 | AD10: =[2]หน้าผ้า!AT19 -> 0 | AE10: =[2]หน้าผ้า!AU19 -> 0 | AF10: =[2]หน้าผ้า!AI19 -> ระบุในSD | AG10: =[3]หน้าผ้า!DC22 -> พร้อมส่ง | AH10: =[2]หน้าผ้า!DL19 -> 0 | AI10: =[2]หน้าผ้า!DM19 -> Lead time | AJ10: =[2]หน้าผ้า!DN19 -> 0 | AK10: =[2]หน้าผ้า!DQ19 -> 0 | AL10: =[2]หน้าผ้า!DR19 -> 0 | AM10: =[2]หน้าผ้า!DS19 -> 0 | AN10: =[2]หน้าผ้า!DT19 -> 0 | AO10: =[2]หน้าผ้า!DU19 -> 0 | AP10: =[2]หน้าผ้า!DP19 -> 0 | AQ10: =[2]หน้าผ้า!DW19 -> 0 | AR10: =[2]หน้าผ้า!DX19 -> 0 | AS10: =[2]หน้าผ้า!DY19 -> 0 | AT10: =[2]หน้าผ้า!DZ19 -> 0 | AU10: =[2]หน้าผ้า!EA19 -> 0 | AV10: =[2]หน้าผ้า!EB19 -> 0 | AW10: =[2]หน้าผ้า!EC19 -> 0 | AX10: =[2]หน้าผ้า!ED19 -> 0 | AY10: =[2]หน้าผ้า!AG19 -> 0 | AZ10: =[2]หน้าผ้า!EG19 -> 0 | BA10: =[2]หน้าผ้า!EH19 -> 0 | BB10: =[2]หน้าผ้า!EI19 -> 0 | BC10: =[2]หน้าผ้า!BZ19 -> WRWT160800/WRWT25800 | BD10: =[2]หน้าผ้า!CA19 -> 0
A11: =[2]หน้าผ้า!C20 -> 0 | B11: =[2]หน้าผ้า!B20 -> 0 | C11: =[2]หน้าผ้า!E20 -> 0 | D11: =[2]หน้าผ้า!F20 -> 0 | E11: =[2]หน้าผ้า!G20 -> 16 | F11: =[2]หน้าผ้า!H20 -> 25 | G11: =[2]หน้าผ้า!I20 -> 0 | H11: =[2]หน้าผ้า!J20 -> 0 | I11: =[2]หน้าผ้า!L20 -> 47 | J11: =[2]หน้าผ้า!M20 -> ± | K11: =[2]หน้าผ้า!N20 -> 5 | L11: =[2]หน้าผ้า!R20 -> 0 | M11: =[2]หน้าผ้า!T20 -> 0 | N11: =[2]หน้าผ้า!U20 -> 0 | O11: =[2]หน้าผ้า!V20 -> 0 | P11: =[2]หน้าผ้า!AB20 -> 0 | Q11: =[2]หน้าผ้า!AC20 -> 0 | R11: =[2]หน้าผ้า!AD20 -> 0 | S11: =[2]หน้าผ้า!Z20 -> 0 | T11: =[2]หน้าผ้า!X20 -> 0 | U11: =[2]หน้าผ้า!AA20 -> 0 | V11: =[2]หน้าผ้า!AJ20 -> 0 | W11: =[2]หน้าผ้า!AL20 -> 0 | X11: =[2]หน้าผ้า!AM20 -> 0 | Y11: =[2]หน้าผ้า!AN20 -> 0 | Z11: =[2]หน้าผ้า!AO20 -> WSWT1621720SMFX | AA11: =[2]หน้าผ้า!AQ20 -> #REF! | AB11: =[2]หน้าผ้า!AR20 -> #REF! | AC11: =[2]หน้าผ้า!AS20 -> #REF! | AD11: =[2]หน้าผ้า!AT20 -> #REF! | AE11: =[2]หน้าผ้า!AU20 -> #REF! | AF11: =[2]หน้าผ้า!AI20 -> ระบุในSD | AG11: =[3]หน้าผ้า!DC23 -> พร้อมส่ง | AH11: =[2]หน้าผ้า!DL20 -> 0 | AI11: =[2]หน้าผ้า!DM20 -> 0 | AJ11: =[2]หน้าผ้า!DN20 -> 0 | AK11: =[2]หน้าผ้า!DQ20 -> 0 | AL11: =[2]หน้าผ้า!DR20 -> 0 | AM11: =[2]หน้าผ้า!DS20 -> 0 | AN11: =[2]หน้าผ้า!DT20 -> 0 | AO11: =[2]หน้าผ้า!DU20 -> 0 | AP11: =[2]หน้าผ้า!DP20 -> 0 | AQ11: =[2]หน้าผ้า!DW20 -> 0 | AR11: =[2]หน้าผ้า!DX20 -> 0 | AS11: =[2]หน้าผ้า!DY20 -> 0 | AT11: =[2]หน้าผ้า!DZ20 -> 0 | AU11: =[2]หน้าผ้า!EA20 -> 0 | AV11: =[2]หน้าผ้า!EB20 -> 0 | AW11: =[2]หน้าผ้า!EC20 -> 0 | AX11: =[2]หน้าผ้า!ED20 -> 0 | AY11: =[2]หน้าผ้า!AG20 -> 0 | AZ11: =[2]หน้าผ้า!EG20 -> 0 | BA11: =[2]หน้าผ้า!EH20 -> 0 | BB11: =[2]หน้าผ้า!EI20 -> 0 | BC11: =[2]หน้าผ้า!BZ20 -> WRWT160720/WRWT21720 | BD11: =[2]หน้าผ้า!CA20 -> 0
A12: =[2]หน้าผ้า!C21 -> 0 | B12: =[2]หน้าผ้า!B21 -> 0 | C12: =[2]หน้าผ้า!E21 -> 0 | D12: =[2]หน้าผ้า!F21 -> 0 | E12: =[2]หน้าผ้า!G21 -> 17 | F12: =[2]หน้าผ้า!H21 -> 26 | G12: =[2]หน้าผ้า!I21 -> 0 | H12: =[2]หน้าผ้า!J21 -> 0 | I12: =[2]หน้าผ้า!L21 -> 48 | J12: =[2]หน้าผ้า!M21 -> ± | K12: =[2]หน้าผ้า!N21 -> 5 | L12: =[2]หน้าผ้า!R21 -> 0 | M12: =[2]หน้าผ้า!T21 -> 0 | N12: =[2]หน้าผ้า!U21 -> 0 | O12: =[2]หน้าผ้า!V21 -> 0 | P12: =[2]หน้าผ้า!AB21 -> 0 | Q12: =[2]หน้าผ้า!AC21 -> 0 | R12: =[2]หน้าผ้า!AD21 -> 0 | S12: =[2]หน้าผ้า!Z21 -> 0 | T12: =[2]หน้าผ้า!X21 -> 0 | U12: =[2]หน้าผ้า!AA21 -> 0 | V12: =[2]หน้าผ้า!AJ21 -> 0 | W12: =[2]หน้าผ้า!AL21 -> 0 | X12: =[2]หน้าผ้า!AM21 -> 0 | Y12: =[2]หน้าผ้า!AN21 -> 0 | Z12: =[2]หน้าผ้า!AO21 -> WSWT1725800 | AA12: =[2]หน้าผ้า!AQ21 -> #REF! | AB12: =[2]หน้าผ้า!AR21 -> #REF! | AC12: =[2]หน้าผ้า!AS21 -> #REF! | AD12: =[2]หน้าผ้า!AT21 -> #REF! | AE12: =[2]หน้าผ้า!AU21 -> #REF! | AF12: =[2]หน้าผ้า!AI21 -> ระบุในSD | AG12: =[3]หน้าผ้า!DC24 -> ผ้าขาว | AH12: =[2]หน้าผ้า!DL21 -> 0 | AI12: =[2]หน้าผ้า!DM21 -> 0 | AJ12: =[2]หน้าผ้า!DN21 -> 0 | AK12: =[2]หน้าผ้า!DQ21 -> 0 | AL12: =[2]หน้าผ้า!DR21 -> 0 | AM12: =[2]หน้าผ้า!DS21 -> 0 | AN12: =[2]หน้าผ้า!DT21 -> 0 | AO12: =[2]หน้าผ้า!DU21 -> 0 | AP12: =[2]หน้าผ้า!DP21 -> 0 | AQ12: =[2]หน้าผ้า!DW21 -> 0 | AR12: =[2]หน้าผ้า!DX21 -> 0 | AS12: =[2]หน้าผ้า!DY21 -> 0 | AT12: =[2]หน้าผ้า!DZ21 -> 0 | AU12: =[2]หน้าผ้า!EA21 -> 0 | AV12: =[2]หน้าผ้า!EB21 -> 0 | AW12: =[2]หน้าผ้า!EC21 -> 0 | AX12: =[2]หน้าผ้า!ED21 -> 0 | AY12: =[2]หน้าผ้า!AG21 -> 0 | AZ12: =[2]หน้าผ้า!EG21 -> 0 | BA12: =[2]หน้าผ้า!EH21 -> 0 | BB12: =[2]หน้าผ้า!EI21 -> 0 | BC12: =[2]หน้าผ้า!BZ21 -> WRWT170800/WRWT25800 | BD12: =[2]หน้าผ้า!CA21 -> 0
A13: =[2]หน้าผ้า!C22 -> 45950 | B13: =[2]หน้าผ้า!B22 -> MK68-001247 | C13: =[2]หน้าผ้า!E22 -> บจก.ฟาเธอร์ส วิง ซัพพลาย | D13: =[2]หน้าผ้า!F22 -> รถไฟฟ้า | E13: =[2]หน้าผ้า!G22 -> 18 | F13: =[2]หน้าผ้า!H22 -> 30 | G13: =[2]หน้าผ้า!I22 -> ขาว | H13: =[2]หน้าผ้า!J22 -> 0 | I13: =[2]หน้าผ้า!L22 -> 54 | J13: =[2]หน้าผ้า!M22 -> ± | K13: =[2]หน้าผ้า!N22 -> 5 | L13: =[2]หน้าผ้า!R22 -> บิด | M13: =[2]หน้าผ้า!T22 -> 19 | N13: =[2]หน้าผ้า!U22 -> 33 | O13: =[2]หน้าผ้า!V22 -> 40 | P13: =[2]หน้าผ้า!AB22 -> 0 | Q13: =[2]หน้าผ้า!AC22 -> 0 | R13: =[2]หน้าผ้า!AD22 -> 0 | S13: =[2]หน้าผ้า!Z22 -> 500กระสอบ | T13: =[2]หน้าผ้า!X22 -> 45968 | U13: =[2]หน้าผ้า!AA22 -> 5000 | V13: =[2]หน้าผ้า!AJ22 -> 5000 | W13: =[2]หน้าผ้า!AL22 -> 0 | X13: =[2]หน้าผ้า!AM22 -> 5400 | Y13: =[2]หน้าผ้า!AN22 -> 0 | Z13: =[2]หน้าผ้า!AO22 -> WSWT1825800 | AA13: =[2]หน้าผ้า!AQ22 -> 0 | AB13: =[2]หน้าผ้า!AR22 -> 0 | AC13: =[2]หน้าผ้า!AS22 -> 0 | AD13: =[2]หน้าผ้า!AT22 -> 0 | AE13: =[2]หน้าผ้า!AU22 -> 0 | AF13: =[2]หน้าผ้า!AI22 -> 0 | AG13: =[3]หน้าผ้า!DC25 -> ยังไม่ได้พิมพ์ | AH13: =[2]หน้าผ้า!DL22 -> P9 | AI13: =[2]หน้าผ้า!DM22 -> 3 | AJ13: =[2]หน้าผ้า!DN22 -> 45968 | AK13: =[2]หน้าผ้า!DQ22 -> 0 | AL13: =[2]หน้าผ้า!DR22 -> 45958 | AM13: =[2]หน้าผ้า!DS22 -> 45965 | AN13: =[2]หน้าผ้า!DT22 -> 45966 | AO13: =[2]หน้าผ้า!DU22 -> 45966 | AP13: =[2]หน้าผ้า!DP22 -> 45963 | AQ13: =[2]หน้าผ้า!DW22 -> 45967 | AR13: =[2]หน้าผ้า!DX22 -> 0 | AS13: =[2]หน้าผ้า!DY22 -> 0 | AT13: =[2]หน้าผ้า!DZ22 -> 0 | AU13: =[2]หน้าผ้า!EA22 -> 0 | AV13: =[2]หน้าผ้า!EB22 -> 0 | AW13: =[2]หน้าผ้า!EC22 -> งานพิมพ์ | AX13: =[2]หน้าผ้า!ED22 -> / | AY13: =[2]หน้าผ้า!AG22 -> รอส่ง ลูกค้ารับเอง | AZ13: =[2]หน้าผ้า!EG22 -> 0 | BA13: =[2]หน้าผ้า!EH22 -> 0 | BB13: =[2]หน้าผ้า!EI22 -> 0 | BC13: =[2]หน้าผ้า!BZ22 -> WRWT25800/WRWT25800 | BD13: =[2]หน้าผ้า!CA22 -> 0
A14: =[2]หน้าผ้า!C23 -> 45950 | B14: =[2]หน้าผ้า!B23 -> MK68-001247 | C14: =[2]หน้าผ้า!E23 -> บจก.ฟาเธอร์ส วิง ซัพพลาย | D14: =[2]หน้าผ้า!F23 -> รถไฟฟ้าปูนขาวเย็น | E14: =[2]หน้าผ้า!G23 -> 18 | F14: =[2]หน้าผ้า!H23 -> 30 | G14: =[2]หน้าผ้า!I23 -> ขาว | H14: =[2]หน้าผ้า!J23 -> 0 | I14: =[2]หน้าผ้า!L23 -> 54 | J14: =[2]หน้าผ้า!M23 -> ± | K14: =[2]หน้าผ้า!N23 -> 5 | L14: =[2]หน้าผ้า!R23 -> บิด | M14: =[2]หน้าผ้า!T23 -> 19 | N14: =[2]หน้าผ้า!U23 -> 33 | O14: =[2]หน้าผ้า!V23 -> 40 | P14: =[2]หน้าผ้า!AB23 -> 0 | Q14: =[2]หน้าผ้า!AC23 -> 0 | R14: =[2]หน้าผ้า!AD23 -> 0 | S14: =[2]หน้าผ้า!Z23 -> 500กระสอบ | T14: =[2]หน้าผ้า!X23 -> 45968 | U14: =[2]หน้าผ้า!AA23 -> 20000 | V14: =[2]หน้าผ้า!AJ23 -> 20057 | W14: =[2]หน้าผ้า!AL23 -> 0 | X14: =[2]หน้าผ้า!AM23 -> 20800 | Y14: =[2]หน้าผ้า!AN23 -> 0 | Z14: =[2]หน้าผ้า!AO23 -> WSWT1825800 | AA14: =[2]หน้าผ้า!AQ23 -> 0 | AB14: =[2]หน้าผ้า!AR23 -> 0 | AC14: =[2]หน้าผ้า!AS23 -> 0 | AD14: =[2]หน้าผ้า!AT23 -> 0 | AE14: =[2]หน้าผ้า!AU23 -> 0 | AF14: =[2]หน้าผ้า!AI23 -> 0 | AG14: =[3]หน้าผ้า!DC26 -> พร้อมส่ง | AH14: =[2]หน้าผ้า!DL23 -> P9 | AI14: =[2]หน้าผ้า!DM23 -> 3 | AJ14: =[2]หน้าผ้า!DN23 -> 45968 | AK14: =[2]หน้าผ้า!DQ23 -> 0 | AL14: =[2]หน้าผ้า!DR23 -> 45958 | AM14: =[2]หน้าผ้า!DS23 -> 45965 | AN14: =[2]หน้าผ้า!DT23 -> 45966 | AO14: =[2]หน้าผ้า!DU23 -> 45966 | AP14: =[2]หน้าผ้า!DP23 -> 45963 | AQ14: =[2]หน้าผ้า!DW23 -> 45967 | AR14: =[2]หน้าผ้า!DX23 -> 0 | AS14: =[2]หน้าผ้า!DY23 -> 0 | AT14: =[2]หน้าผ้า!DZ23 -> 0 | AU14: =[2]หน้าผ้า!EA23 -> 0 | AV14: =[2]หน้าผ้า!EB23 -> 0 | AW14: =[2]หน้าผ้า!EC23 -> งานพิมพ์ | AX14: =[2]หน้าผ้า!ED23 -> / | AY14: =[2]หน้าผ้า!AG23 -> รอส่ง ลูกค้ารับเอง | AZ14: =[2]หน้าผ้า!EG23 -> 0 | BA14: =[2]หน้าผ้า!EH23 -> 0 | BB14: =[2]หน้าผ้า!EI23 -> 0 | BC14: =[2]หน้าผ้า!BZ23 -> WRWT25800/WRWT25800 | BD14: =[2]หน้าผ้า!CA23 -> 0
A15: =[2]หน้าผ้า!C24 -> 45950 | B15: =[2]หน้าผ้า!B24 -> MK68-001247 | C15: =[2]หน้าผ้า!E24 -> บจก.ฟาเธอร์ส วิง ซัพพลาย | D15: =[2]หน้าผ้า!F24 -> ไม่พิมพ์ | E15: =[2]หน้าผ้า!G24 -> 18 | F15: =[2]หน้าผ้า!H24 -> 30 | G15: =[2]หน้าผ้า!I24 -> ขาว | H15: =[2]หน้าผ้า!J24 -> 0 | I15: =[2]หน้าผ้า!L24 -> 54 | J15: =[2]หน้าผ้า!M24 -> ± | K15: =[2]หน้าผ้า!N24 -> 5 | L15: =[2]หน้าผ้า!R24 -> ไม่ | M15: =[2]หน้าผ้า!T24 -> 19 | N15: =[2]หน้าผ้า!U24 -> 33 | O15: =[2]หน้าผ้า!V24 -> 40 | P15: =[2]หน้าผ้า!AB24 -> 0 | Q15: =[2]หน้าผ้า!AC24 -> 0 | R15: =[2]หน้าผ้า!AD24 -> 0 | S15: =[2]หน้าผ้า!Z24 -> 500กระสอบ | T15: =[2]หน้าผ้า!X24 -> 45968 | U15: =[2]หน้าผ้า!AA24 -> 3000 | V15: =[2]หน้าผ้า!AJ24 -> 3064 | W15: =[2]หน้าผ้า!AL24 -> 0 | X15: =[2]หน้าผ้า!AM24 -> 0 | Y15: =[2]หน้าผ้า!AN24 -> 0 | Z15: =[2]หน้าผ้า!AO24 -> WSWT1825800 | AA15: =[2]หน้าผ้า!AQ24 -> 0 | AB15: =[2]หน้าผ้า!AR24 -> 0 | AC15: =[2]หน้าผ้า!AS24 -> 0 | AD15: =[2]หน้าผ้า!AT24 -> 0 | AE15: =[2]หน้าผ้า!AU24 -> 0 | AF15: =[2]หน้าผ้า!AI24 -> 0 | AG15: =[3]หน้าผ้า!DC27 -> ยังไม่ได้พิมพ์ | AH15: =[2]หน้าผ้า!DL24 -> P9 | AI15: =[2]หน้าผ้า!DM24 -> 3 | AJ15: =[2]หน้าผ้า!DN24 -> 45968 | AK15: =[2]หน้าผ้า!DQ24 -> 0 | AL15: =[2]หน้าผ้า!DR24 -> 0 | AM15: =[2]หน้าผ้า!DS24 -> 0 | AN15: =[2]หน้าผ้า!DT24 -> 0 | AO15: =[2]หน้าผ้า!DU24 -> 45964 | AP15: =[2]หน้าผ้า!DP24 -> 45963 | AQ15: =[2]หน้าผ้า!DW24 -> 45965 | AR15: =[2]หน้าผ้า!DX24 -> 0 | AS15: =[2]หน้าผ้า!DY24 -> 0 | AT15: =[2]หน้าผ้า!DZ24 -> 0 | AU15: =[2]หน้าผ้า!EA24 -> 0 | AV15: =[2]หน้าผ้า!EB24 -> 0 | AW15: =[2]หน้าผ้า!EC24 -> ตัด | AX15: =[2]หน้าผ้า!ED24 -> 0 | AY15: =[2]หน้าผ้า!AG24 -> รอส่ง ลูกค้ารับเอง | AZ15: =[2]หน้าผ้า!EG24 -> 0 | BA15: =[2]หน้าผ้า!EH24 -> 0 | BB15: =[2]หน้าผ้า!EI24 -> 0 | BC15: =[2]หน้าผ้า!BZ24 -> WRWT25800/WRWT25800 | BD15: =[2]หน้าผ้า!CA24 -> 0
A16: =[2]หน้าผ้า!C25 -> 45923 | B16: =[2]หน้าผ้า!B25 -> MK68-001162 | C16: =[2]หน้าผ้า!E25 -> หจก.อนนท์อุตสาหกรรม | D16: =[2]หน้าผ้า!F25 -> ดาว 20 กก. | E16: =[2]หน้าผ้า!G25 -> 18 | F16: =[2]หน้าผ้า!H25 -> 28 | G16: =[2]หน้าผ้า!I25 -> ขาว | H16: =[2]หน้าผ้า!J25 -> 0 | I16: =[2]หน้าผ้า!L25 -> 50 | J16: =[2]หน้าผ้า!M25 -> ± | K16: =[2]หน้าผ้า!N25 -> 5 | L16: =[2]หน้าผ้า!R25 -> ไม่ | M16: =[2]หน้าผ้า!T25 -> 19 | N16: =[2]หน้าผ้า!U25 -> 31 | O16: =[2]หน้าผ้า!V25 -> 40 | P16: =[2]หน้าผ้า!AB25 -> 1453.1171 | Q16: =[2]หน้าผ้า!AC25 -> 0 | R16: =[2]หน้าผ้า!AD25 -> 1453.1171 | S16: =[2]หน้าผ้า!Z25 -> 500กระสอบแบน | T16: =[2]หน้าผ้า!X25 -> 45989 | U16: =[2]หน้าผ้า!AA25 -> 100000 | V16: =[2]หน้าผ้า!AJ25 -> 0 | W16: =[2]หน้าผ้า!AL25 -> 100000 | X16: =[2]หน้าผ้า!AM25 -> 0 | Y16: =[2]หน้าผ้า!AN25 -> 105000 | Z16: =[2]หน้าผ้า!AO25 -> WSWT1825800 | AA16: =[2]หน้าผ้า!AQ25 -> 82423 | AB16: =[2]หน้าผ้า!AR25 -> 49747 | AC16: =[2]หน้าผ้า!AS25 -> 32676 | AD16: =[2]หน้าผ้า!AT25 -> 0 | AE16: =[2]หน้าผ้า!AU25 -> 0 | AF16: =[2]หน้าผ้า!AI25 -> 0 | AG16: =[3]หน้าผ้า!DC28 -> ยังไม่ได้พิมพ์ | AH16: =[2]หน้าผ้า!DL25 -> P9 | AI16: =[2]หน้าผ้า!DM25 -> 3 | AJ16: =[2]หน้าผ้า!DN25 -> 45989 | AK16: =[2]หน้าผ้า!DQ25 -> 0 | AL16: =[2]หน้าผ้า!DR25 -> 45979 | AM16: =[2]หน้าผ้า!DS25 -> 45986 | AN16: =[2]หน้าผ้า!DT25 -> 45987 | AO16: =[2]หน้าผ้า!DU25 -> 45987 | AP16: =[2]หน้าผ้า!DP25 -> 45984 | AQ16: =[2]หน้าผ้า!DW25 -> 45988 | AR16: =[2]หน้าผ้า!DX25 -> 0 | AS16: =[2]หน้าผ้า!DY25 -> 0 | AT16: =[2]หน้าผ้า!DZ25 -> 0 | AU16: =[2]หน้าผ้า!EA25 -> 0 | AV16: =[2]หน้าผ้า!EB25 -> 0 | AW16: =[2]หน้าผ้า!EC25 -> งานพิมพ์ | AX16: =[2]หน้าผ้า!ED25 -> / | AY16: =[2]หน้าผ้า!AG25 -> 0 | AZ16: =[2]หน้าผ้า!EG25 -> 0 | BA16: =[2]หน้าผ้า!EH25 -> 0 | BB16: =[2]หน้าผ้า!EI25 -> 0 | BC16: =[2]หน้าผ้า!BZ25 -> WRWT25800/WRWT25800 | BD16: =[2]หน้าผ้า!CA25 -> 2248.1088
A17: =[2]หน้าผ้า!C26 -> 0 | B17: =[2]หน้าผ้า!B26 -> 0 | C17: =[2]หน้าผ้า!E26 | D17: =[2]หน้าผ้า!F26 | E17: =[2]หน้าผ้า!G26 -> 18 | F17: =[2]หน้าผ้า!H26 -> 30 | G17: =[2]หน้าผ้า!I26 -> ขาว | H17: =[2]หน้าผ้า!J26 -> 0 | I17: =[2]หน้าผ้า!L26 -> 54 | J17: =[2]หน้าผ้า!M26 -> ± | K17: =[2]หน้าผ้า!N26 -> 5 | L17: =[2]หน้าผ้า!R26 -> 0 | M17: =[2]หน้าผ้า!T26 -> 0 | N17: =[2]หน้าผ้า!U26 -> 0 | O17: =[2]หน้าผ้า!V26 -> 0 | P17: =[2]หน้าผ้า!AB26 -> 0 | Q17: =[2]หน้าผ้า!AC26 -> 0 | R17: =[2]หน้าผ้า!AD26 -> 0 | S17: =[2]หน้าผ้า!Z26 -> 0 | T17: =[2]หน้าผ้า!X26 -> 0 | U17: =[2]หน้าผ้า!AA26 -> 0 | V17: =[2]หน้าผ้า!AJ26 -> 0 | W17: =[2]หน้าผ้า!AL26 -> 0 | X17: =[2]หน้าผ้า!AM26 -> 0 | Y17: =[2]หน้าผ้า!AN26 -> 0 | Z17: =[2]หน้าผ้า!AO26 -> WSWT1825800 | AA17: =[2]หน้าผ้า!AQ26 -> 82423 | AB17: =[2]หน้าผ้า!AR26 -> 49747 | AC17: =[2]หน้าผ้า!AS26 -> 32676 | AD17: =[2]หน้าผ้า!AT26 -> 0 | AE17: =[2]หน้าผ้า!AU26 -> 0 | AF17: =[2]หน้าผ้า!AI26 -> ระบุในSD | AG17: =[3]หน้าผ้า!DC29 -> ยังไม่ได้พิมพ์ | AH17: =[2]หน้าผ้า!DL26 -> 0 | AI17: =[2]หน้าผ้า!DM26 -> Lead time | AJ17: =[2]หน้าผ้า!DN26 -> 0 | AK17: =[2]หน้าผ้า!DQ26 -> 0 | AL17: =[2]หน้าผ้า!DR26 -> 0 | AM17: =[2]หน้าผ้า!DS26 -> 0 | AN17: =[2]หน้าผ้า!DT26 -> 0 | AO17: =[2]หน้าผ้า!DU26 -> 0 | AP17: =[2]หน้าผ้า!DP26 -> 0 | AQ17: =[2]หน้าผ้า!DW26 -> 0 | AR17: =[2]หน้าผ้า!DX26 -> 0 | AS17: =[2]หน้าผ้า!DY26 -> 0 | AT17: =[2]หน้าผ้า!DZ26 -> 0 | AU17: =[2]หน้าผ้า!EA26 -> 0 | AV17: =[2]หน้าผ้า!EB26 -> 0 | AW17: =[2]หน้าผ้า!EC26 -> 0 | AX17: =[2]หน้าผ้า!ED26 -> 0 | AY17: =[2]หน้าผ้า!AG26 -> 0 | AZ17: =[2]หน้าผ้า!EG26 -> 0 | BA17: =[2]หน้าผ้า!EH26 -> 0 | BB17: =[2]หน้าผ้า!EI26 -> 0 | BC17: =[2]หน้าผ้า!BZ26 -> WRWT25800/WRWT25800 | BD17: =[2]หน้าผ้า!CA26 -> 0
... A575: =[2]หน้าผ้า!C584 -> 0 | B575: =[2]หน้าผ้า!B584 -> 0 | C575: =[2]หน้าผ้า!E584 -> 0 | D575: =[2]หน้าผ้า!F584 -> 0 | E575: =[2]หน้าผ้า!G584 -> 0 | F575: =[2]หน้าผ้า!H584 -> 0 | G575: =[2]หน้าผ้า!I584 -> 0 | H575: =[2]หน้าผ้า!J584 -> 0 | I575: =[2]หน้าผ้า!L584 -> 0 | J575: =[2]หน้าผ้า!M584 -> 0 | K575: =[2]หน้าผ้า!N584 -> 0 | L575: =[2]หน้าผ้า!R584 -> 0 | M575: =[2]หน้าผ้า!T584 -> 0 | N575: =[2]หน้าผ้า!U584 -> 0 | O575: =[2]หน้าผ้า!V584 -> 0 | P575: =[2]หน้าผ้า!AB584 -> 0 | Q575: =[2]หน้าผ้า!AC584 -> 0 | R575: =[2]หน้าผ้า!AD584 -> 0 | S575: =[2]หน้าผ้า!Z584 -> 0 | T575: =[2]หน้าผ้า!X584 -> 0 | U575: =[2]หน้าผ้า!AA584 -> 0 | V575: =[2]หน้าผ้า!AJ584 -> 0 | W575: =[2]หน้าผ้า!AL584 -> 0 | X575: =[2]หน้าผ้า!AM584 -> 0 | Y575: =[2]หน้าผ้า!AN584 -> 0 | Z575: =[2]หน้าผ้า!AO584 -> 0 | AA575: =[2]หน้าผ้า!AQ584 -> 0 | AB575: =[2]หน้าผ้า!AR584 -> 0 | AC575: =[2]หน้าผ้า!AS584 -> 0 | AD575: =[2]หน้าผ้า!AT584 -> 0 | AE575: =[2]หน้าผ้า!AU584 -> 0 | AF575: =[2]หน้าผ้า!AI584 -> 0 | AG575: =[3]หน้าผ้า!DC587 -> 0 | AH575: =[2]หน้าผ้า!DL584 -> 0 | AI575: =[2]หน้าผ้า!DM584 -> 0 | AJ575: =[2]หน้าผ้า!DN584 -> 0 | AK575: =[2]หน้าผ้า!DQ584 -> 0 | AL575: =[2]หน้าผ้า!DR584 -> 0 | AM575: =[2]หน้าผ้า!DS584 -> 0 | AN575: =[2]หน้าผ้า!DT584 -> 0 | AO575: =[2]หน้าผ้า!DU584 -> 0 | AP575: =[2]หน้าผ้า!DP584 -> 0 | AQ575: =[2]หน้าผ้า!DW584 -> 0 | AR575: =[2]หน้าผ้า!DX584 -> 0 | AS575: =[2]หน้าผ้า!DY584 -> 0 | AT575: =[2]หน้าผ้า!DZ584 -> 0 | AU575: =[2]หน้าผ้า!EA584 -> 0 | AV575: =[2]หน้าผ้า!EB584 -> 0 | AW575: =[2]หน้าผ้า!EC584 -> 0 | AX575: =[2]หน้าผ้า!ED584 -> 0 | AY575: =[2]หน้าผ้า!AG584 -> 0 | AZ575: =[2]หน้าผ้า!EG584 -> 0 | BA575: =[2]หน้าผ้า!EH584 -> 0 | BB575: =[2]หน้าผ้า!EI584 -> 0 | BC575: =[2]หน้าผ้า!BZ584 -> 0 | BD575: =[2]หน้าผ้า!CA584 -> 0

Sheet 11(Order+FC)
A2: เลขที่ SO | B2: (หลายรายการ)
A3: วันส่ง | B3: (หลายรายการ)
A4: ชื่อลูกค้า | B4: (ทั้งหมด)
K5: 9
A6: ประเภท | B6: ผลรวม ของ จำนวนส่ง | C6: ผลรวม ของ ค้างพิมพ์ | D6: ผลรวม ของ ค้างตัด | E6: ผลรวม ของ ใช้ | F6: ผลรวม ของ Stock | G6: ผลรวม ของ ค้างทอ
A7: WSWT1825800 | B7: 128000 | C7: 105000 | D7: 100000 | E7: 82423 | F7: 49747 | G7: 32676 | H7: =+J7-I7 -> 32676 | J7: =G7 -> 32676
A8: WSWT1921720 | B8: 565000 | C8: 493500 | D8: 480000 | E8: 429199.67 | F8: 11258.9 | G8: 417940.77 | H8: =+J8-I8 -> 417940.77 | J8: =G8 -> 417940.77
A9: WSWT1925800 | B9: 170000 | C9: 131022.15 | D9: 162685 | E9: 111346.94 | F9: 27659.424 | G9: 83687.514 | H9: =+J9-I9 -> 83687.514 | J9: =G9 -> 83687.514
A10: WSWT1925800SM | B10: 20000 | C10: 21000 | D10: 20000 | E10: 15367 | F10: 7033 | G10: 8334 | H10: =+J10-I10 -> 8334 | J10: =G10 -> 8334
A11: WSWT2025650 | B11: 5000 | C11: 0 | D11: 5000 | E11: 4400.55 | F11: 4400.55 | G11: 0 | H11: =+J11-I11 -> 0 | J11: =G11 -> 0
A12: WSWT2025800 | B12: 118160 | C12: 105000 | D12: 100000 | E12: 102012 | F12: 18955 | G12: 83057 | H12: =+J12-I12 -> 83057 | J12: =G12 -> 83057 | K12: 40000 | L12: =+K5*K12 -> 360000 | M12: =+L12-J12 -> 276943
A13: WSWT2025800SM | B13: 305987 | C13: 242663.4 | D13: 243741 | E13: 249536.68 | F13: 104479.19 | G13: 145057.5 | H13: =+J13-I13 -> 145057.5 | J13: =G13 -> 145057.5 | K13: 14000 | L13: =+K13*K5 -> 126000 | M13: =+L13-J13 -> -19057.495
A14: WSWT2025850 | B14: 390000 | C14: 277203.15 | D14: 278694 | E14: 292298.92 | F14: 28098.187 | G14: 264200.74 | H14: =+J14-I14 -> 264200.74 | J14: =G14 -> 264200.74
A15: WSWT2121670SM | B15: 162000 | C15: 121800 | D15: 138300 | E15: 124863.86 | F15: 124863.86 | G15: 0 | H15: =+J15-I15 -> 0 | J15: =G15 -> 0 | K15: 20000 | L15: =+K15*K5 -> 180000 | M15: =+L15-J15 -> 180000
A16: WSWT2125650 | B16: 20000 | C16: 5250 | D16: 15100 | E16: 15686.913 | F16: 13700.663 | G16: 1986.25 | H16: =+J16-I16 -> 1986.25 | J16: =G16 -> 1986.25
A17: WSWT23211125120SMFX | B17: 10000 | C17: 0 | D17: 10000 | E17: 0 | F17: 0 | G17: 0 | H17: =+J17-I17 -> 0 | J17: =G17 -> 0
A18: WSWT2321112512551 | B18: 162000 | C18: 158266.5 | D18: 160500 | E18: 164436.97 | F18: 7789 | G18: 156647.97 | H18: =+J18-I18 -> 156647.97 | J18: =G18 -> 156647.97
A19: WSWT2325650 | B19: 100000 | C19: 94500 | D19: 100000 | E19: 99187 | F19: 39674.8 | G19: 59512.2 | H19: 0 | I19: 54000 | J19: =G19 -> 59512.2
A20: WSWT262575051 | B20: 7503 | C20: 0 | D20: 6903 | E20: 7811.2277 | F20: 1900 | G20: 5911.2277 | H20: =+J20-I20 -> 5911.2277 | J20: =G20 -> 5911.2277
A21: WSWT2625800 | B21: 20000 | C21: 0 | D21: 20000 | E21: 24866.6 | F21: 3414 | G21: 21452.6 | H21: =+J21-I21 -> 21452.6 | J21: =G21 -> 21452.6
A22: WSWT2825850 | B22: 50000 | C22: 47745.6 | D22: 45472 | E22: 53995.726 | F22: 23180 | G22: 30815.726 | H22: =+J22-I22 -> 30815.726 | J22: =G22 -> 30815.726
A23: WSWTFCL022325650 | B23: 28000 | C23: 15750 | D23: 28000 | E23: 14878.05 | F23: 8049 | G23: 6829.05 | H23: =+J23-I23 -> 6829.05 | J23: =G23 -> 6829.05
A24: WSWTSCL052325650 | B24: 5000 | C24: 0 | D24: 5000 | E24: 0 | F24: 0 | G24: 0 | H24: =+J24-I24 -> 0 | J24: =G24 -> 0
A25: ผลรวมทั้งหมด | B25: 2266650 | C25: 1818700.8 | D25: 1919395 | E25: 1792311.1 | F25: 474202.57 | G25: 1318108.5 | H25: =+J25-I25 -> 1318108.5 | J25: =G25 -> 1318108.5
H26: =+J26-I26 -> 0 | J26: =G26 -> 0
H27: =+J27-I27 -> 0 | J27: =G27 -> 0
H28: =+J28-I28 -> 0 | J28: =G28 -> 0 | M28: =+GETPIVOTDATA("ผลรวม ของ ใช้",$A$6)+H29+H33 -> 4459016
H29: =SUM(H7:H28) -> 2576704.9 | I29: =SUM(I7:I28) -> 54000 | J29: =SUM(J7:J28) -> 2636217.1
B31: 50000 | D31: 50000 | G31: 50000
H32: =+H26 -> 0 | I32: 85 | J32: =+(H32+H29)*I32 -> 2.1901991e+08 | K32: =+J32/1000 -> 219019.91
H33: 90000 | I33: 95 | J33: =+H33*I33 -> 8550000 | K33: =+J33/1000 -> 8550
H35: =+H32+H33+H29 -> 2666704.9 | K35: =+K32+K33 -> 227569.91
N36: 705222
A37: ยอดส่ง 6/11/68 | B37: 351135 | H37: 15 | I37: =+H35/H37 -> 177780.33
N38: =+H35+N36 -> 3371926.9
I39: =+H37*110000 -> 1650000
B41: =+B25+B37+B31 -> 2667785 | C41: =+C25+C37+C31 -> 1818700.8 | D41: =+D25+D37+D31 -> 1969395 | G41: =+(G25+G37+G31) -> 1368108.5 | H41: 85 | I41: =+(G41*H41)/1000 -> 116289.23 | J41: =+I41*0.7 -> 81402.458
G44: 2500000 | H44: 85 | I44: =+(G44*H44)/1000 -> 212500 | J44: =+I44*0.7 -> 148750
J46: =+J41+J44 -> 230152.46

Sheet 11(Order)
A2: เลขที่ SO | B2: (หลายรายการ)
A3: วันส่ง | B3: (หลายรายการ)
A4: ชื่อลูกค้า | B4: (ทั้งหมด)
A6: ประเภท | B6: ผลรวม ของ จำนวนส่ง | C6: ผลรวม ของ ค้างพิมพ์ | D6: ผลรวม ของ ค้างตัด | E6: ผลรวม ของ ใช้ | F6: ผลรวม ของ Stock | G6: ผลรวม ของ ค้างทอ
A7: WSWT1825800 | B7: 128000 | C7: 105000 | D7: 100000 | E7: 82423 | F7: 49747 | G7: 32676
A8: WSWT1921720 | B8: 190000 | C8: 99750 | D8: 105000 | E8: 94157.8 | F8: 11258.9 | G8: 82898.9
A9: WSWT1925800 | B9: 110000 | C9: 68266.8 | D9: 102918 | E9: 57640.824 | F9: 27659.424 | G9: 29981.4
A10: WSWT1925800SM | B10: 20000 | C10: 21000 | D10: 20000 | E10: 15367 | F10: 7033 | G10: 8334
A11: WSWT2025650 | B11: 5000 | C11: 0 | D11: 5000 | E11: 4400.55 | F11: 4400.55 | G11: 0
A12: WSWT2025800 | B12: 18160 | C12: 0 | D12: 0 | E12: 0 | F12: 0 | G12: 0
A13: WSWT2025800SM | B13: 205987 | C13: 137663.4 | D13: 143741 | E13: 144761.68 | F13: 104479.19 | G13: 40282.495
A14: WSWT2025850 | B14: 390000 | C14: 277203.15 | D14: 278694 | E14: 292298.92 | F14: 28098.187 | G14: 264200.74
A15: WSWT2121670SM | B15: 162000 | C15: 121800 | D15: 138300 | E15: 124863.86 | F15: 124863.86 | G15: 0
A16: WSWT2125650 | B16: 20000 | C16: 5250 | D16: 15100 | E16: 15686.913 | F16: 13700.663 | G16: 1986.25
A17: WSWT23211125120SMFX | B17: 10000 | C17: 0 | D17: 10000 | E17: 0 | F17: 0 | G17: 0
A18: WSWT2321112512551 | B18: 162000 | C18: 158266.5 | D18: 160500 | E18: 164436.97 | F18: 7789 | G18: 156647.97
... A25: ผลรวมทั้งหมด | B25: 1571650 | C25: 1089195.4 | D25: 1224628 | E25: 1137263.9 | F25: 455247.57 | G25: 682016.35
D34: =D18 -> 160500
D36: =D20 -> 6903
A37: ยอดส่ง 1/4/68 - 12/4/68 | B37: 887615
A38: Order+ส่ง | B38: =++B25+B37 -> 2459265
A39: ประมาณการ | B39: 262000 | C39: 238350 | D39: 262000 | E39: 279847.04 | F39: 60825.09 | G39: 219021.95
A41: Order+ส่ง+ประมาณการ | B41: =+B25+B37+B39+B33 -> 2721265 | C41: =+C25+C37+C39+C33 -> 1327545.4 | D41: =+D25+D37+D39+D33 -> 1486628 | E41: =+E25+E37+E39+E33 -> 1417111 | F41: =+F25+F37+F39+F33 -> 516072.66 | G41: =+G25+G37+G39+G33 -> 901038.3
B43: 3171376
B45: =+B41-B43 -> -450111 | C45: =+$B$45 -> -450111 | D45: =+$B$45 -> -450111 | F45: =+$B$45 -> -450111
D47: =+D41/6 -> 247771.33

Sheet 11(Order) แยกลูกค้า
A1: เลขที่ SO | B1: (หลายรายการ)
A2: วันส่ง | B2: (หลายรายการ)
A4: ประเภท | B4: ชื่อลูกค้า | C4: ผลรวม ของ จำนวนส่ง | D4: ผลรวม ของ ค้างพิมพ์ | E4: ผลรวม ของ ค้างตัด | F4: ผลรวม ของ Stock | G4: ผลรวม ของ ค้างทอ | I4: vn
A5: WSWT1825800 | B5: หจก.อนนท์อุตสาหกรรม | C5: 50000 | D5: 52500 | E5: 50000 | F5: 41211.5 | G5: 0 | H5: =G5 -> 0
A6: WSWT1825800 ผลรวม | C6: 50000 | D6: 52500 | E6: 50000 | F6: 41211.5 | G6: 0 | H6: =G6 -> 0
A7: WSWT1925800 | B7: บจก.เพรซิเดนท์ฟลาวมิลล์ | C7: 110000 | D7: 112808.85 | E7: 107437 | F7: 0 | G7: 94556.378 | H7: =G7 -> 94556.378
A8: WSWT1925800 ผลรวม | C8: 110000 | D8: 112808.85 | E8: 107437 | F8: 0 | G8: 94556.378 | H8: =G8 -> 94556.378
A9: WSWT2025800SM | B9: บจก.เอพีเอ็ม อะโกร | C9: 13000 | D9: 13650 | E9: 13000 | F9: 14347.19 | G9: 0 | H9: =G9 -> 0
B10: บจก.เอสพีเอ็ม อาหารสัตว์ | C10: 27000 | D10: 18900 | E10: 18500 | F10: 16554.45 | G10: 3310.89 | H10: =G10 -> 3310.89
B11: บจก.ซันฟีด | C11: 129500 | D11: 119415.45 | E11: 116600 | F11: 6213.4369 | G11: 119432.2 | H11: =G11 -> 119432.2
A12: WSWT2025800SM ผลรวม | C12: 169500 | D12: 151965.45 | E12: 148100 | F12: 37115.077 | G12: 122743.09 | H12: =G12 -> 122743.09
A13: WSWT2025850 | B13: บจก.ซันฟีด | C13: 436000 | D13: 381675 | E13: 395697 | F13: 39046.15 | G13: 362682.16 | H13: =G13 -> 362682.16
A14: WSWT2025850 ผลรวม | C14: 436000 | D14: 381675 | E14: 395697 | F14: 39046.15 | G14: 362682.16 | H14: =G14 -> 362682.16
A15: WSWT2825850 | B15: บจก.ไทยร่วมใจน้ำมันพืช | C15: 50000 | D15: 52500 | E15: 50000 | F15: 59372.5 | G15: 0 | H15: =G15 -> 0
A16: WSWT2825850 ผลรวม | C16: 50000 | D16: 52500 | E16: 50000 | F16: 59372.5 | G16: 0 | H16: =G16 -> 0
A17: WSWTFCL022325650 | B17: คุณปราสาท เจริญธรรมรักษา | C17: 13000 | D17: 13650 | E17: 13000 | F17: 2255 | G17: 10639.31 | H17: =G17 -> 10639.31
A18: WSWTFCL022325650 ผลรวม | C18: 13000 | D18: 13650 | E18: 13000 | F18: 2255 | G18: 10639.31 | H18: =G18 -> 10639.31
A19: WSWTSCL052325650 | B19: คุณปราสาท เจริญธรรมรักษา | C19: 5000 | D19: 5250 | E19: 5000 | F19: 3294 | G19: 1665.35 | H19: =G19 -> 1665.35
A20: WSWTSCL052325650 ผลรวม | C20: 5000 | D20: 5250 | E20: 5000 | F20: 3294 | G20: 1665.35 | H20: =G20 -> 1665.35
A21: ผลรวมทั้งหมด | C21: 833500 | D21: 770349.3 | E21: 769234 | F21: 182294.23 | G21: 592286.28 | H21: =G21 -> 592286.28
H22: =G22 -> 0
H23: =G23 -> 0
H24: =G24 -> 0
H25: =G25 -> 0
H26: =G26 -> 0
H27: =G27 -> 0
H28: =G28 -> 0
H29: =G29 -> 0
H30: =G30 -> 0
H31: =G31 -> 0
H32: =G32 -> 0
H33: =G33 -> 0
... H65: =G65 -> 0
H70: =SUM(H5:H69) -> 1776858.8
D119: Cap พิมพ์ | E119: Cap ตัด | F119: Stock 16/7 บ่าย | G119: Cap ทอ | I119: วันทงาน
B120: lส่ง | C120: 1-16/7 | D120: 160000 | E120: 160000 | G120: 120000 | I120: 12
C121: 1975256 | D121: =+D120*I120 -> 1920000 | E121: =+E120*I120 -> 1920000 | F121: 825147 | G121: =+G120*I120 -> 1440000
A122: เบทาโกรส่งแล้ว | B122: 20700 | C122: 424374
A123: เบทาโกรส่งแล้ว | B123: 20800 | C123: 155973
C126: รวมส่ง+ค้างส่ง | D126: ส่วนต่างCapคงเหลือ | E126: ส่วนต่างCapคงเหลือ | F126: คงเหลือ
C127: =+C50+C121 -> 1975256 | D127: =+D121-D50 -> 1920000 | E127: =+E121-E50 -> 1920000 | F127: =+F121-F50 -> 825147 | G127: =+G121-G50 -> 1440000
B129: 20700VN 20/7 | G129: 350000

Sheet 9(Fc) แยกลูกค้า
A1: เลขที่ SO | B1: ประมาณการ
A2: วันส่ง | B2: (หลายรายการ) | D2: 12
A4: ประเภท | B4: ชื่อลูกค้า | C4: ผลรวม ของ จำนวนส่ง | D4: ผลรวม ของ ค้างพิมพ์ | E4: ผลรวม ของ ค้างตัด | F4: ผลรวม ของ ใช้ | G4: ผลรวม ของ Stock | H4: ผลรวม ของ ค้างทอ
A5: WSWT1921720 | B5: บจก.เคอรี่ฟลาวมิลล์ | C5: 375000 | D5: 393750 | E5: 375000 | F5: 335041.88 | G5: 0 | H5: 335041.88
A6: WSWT1921720 ผลรวม | C6: 375000 | D6: 393750 | E6: 375000 | F6: 335041.88 | G6: 0 | H6: 335041.88
A7: WSWT1925800 | B7: บจก.ไลม์มาสเตอร์ | C7: 20000 | D7: 20755.35 | E7: 19767 | F7: 18501.714 | G7: 0 | H7: 18501.714
B8: บจก.เอ็กเซลเล้นท์ | C8: 40000 | D8: 42000 | E8: 40000 | F8: 35204.4 | G8: 0 | H8: 35204.4
A9: WSWT1925800 ผลรวม | C9: 60000 | D9: 62755.35 | E9: 59767 | F9: 53706.114 | G9: 0 | H9: 53706.114
A10: WSWT2025800 | B10: บจก.อินเทคค์ โกลบอล | C10: 100000 | D10: 105000 | E10: 100000 | F10: 102012 | G10: 18955 | H10: 83057
A11: WSWT2025800 ผลรวม | C11: 100000 | D11: 105000 | E11: 100000 | F11: 102012 | G11: 18955 | H11: 83057
A12: WSWT2025800SM | B12: บจก.อินเทคค์ โกลบอล | C12: 100000 | D12: 105000 | E12: 100000 | F12: 104775 | G12: 0 | H12: 104775
A13: WSWT2025800SM ผลรวม | C13: 100000 | D13: 105000 | E13: 100000 | F13: 104775 | G13: 0 | H13: 104775
A14: WSWT2325650 | B14: พันธุ์ข้าว | C14: 30000 | D14: 31500 | E14: 30000 | F14: 29756.1 | G14: 0 | H14: 29756.1
B15: บจก.ซิเบลโก้(สบปราบ) | C15: 30000 | D15: 31500 | E15: 30000 | F15: 29756.1 | G15: 0 | H15: 29756.1
A16: WSWT2325650 ผลรวม | C16: 60000 | D16: 63000 | E16: 60000 | F16: 59512.2 | G16: 0 | H16: 59512.2
A17: ผลรวมทั้งหมด | C17: 695000 | D17: 729505.35 | E17: 694767 | F17: 655047.19 | G17: 18955 | H17: 636092.19
D119: Cap พิมพ์ | E119: Cap ตัด | F119: Stock 16/7 บ่าย | G119: Cap ทอ | I119: วันทงาน
B120: lส่ง | C120: 1-16/7 | D120: 160000 | E120: 160000 | G120: 120000 | I120: 12
C121: 1975256 | D121: =+D120*I120 -> 1920000 | E121: =+E120*I120 -> 1920000 | F121: 825147 | G121: =+G120*I120 -> 1440000
A122: เบทาโกรส่งแล้ว | B122: 20700 | C122: 424374
A123: เบทาโกรส่งแล้ว | B123: 20800 | C123: 155973
C126: รวมส่ง+ค้างส่ง | D126: ส่วนต่างCapคงเหลือ | E126: ส่วนต่างCapคงเหลือ | F126: คงเหลือ
C127: =+C50+C121 -> 1975256 | D127: =+D121-D50 -> 1920000 | E127: =+E121-E50 -> 1920000 | F127: =+F121-F50 -> 825147 | G127: =+G121-G50 -> 1440000
B129: 20700VN 20/7 | G129: 350000

Sheet 12(Order+Fc) แยกลูกค้า
A1: เลขที่ SO | B1: (หลายรายการ)
A2: วันส่ง | B2: รอแจ้ง | D2: 12 | I2: เมตร | J2: vn | K2: ใบ | P2: วัน
A4: ประเภท | B4: ชื่อลูกค้า | C4: ผลรวม ของ จำนวนส่ง | D4: ผลรวม ของ ค้างพิมพ์ | E4: ผลรวม ของ ค้างตัด | F4: ผลรวม ของ ใช้ | G4: ผลรวม ของ Stock | H4: ผลรวม ของ ค้างทอ
A5: WSWT1625800 | B5: บจก.เคอรี่ฟลาวมิลล์ | C5: 5000 | D5: 0 | E5: 0 | F5: 0 | G5: 0 | H5: 0 | I5: =H5 -> 0
A6: WSWT1625800 ผลรวม | C6: 5000 | D6: 0 | E6: 0 | F6: 0 | G6: 0 | H6: 0
A7: WSWT1921720 | B7: บจก.เคอรี่ฟลาวมิลล์ | C7: 5000 | D7: 0 | E7: 5000 | F7: 0 | G7: 0 | H7: 0 | I7: =H7 -> 0
A8: WSWT1921720 ผลรวม | C8: 5000 | D8: 0 | E8: 5000 | F8: 0 | G8: 0 | H8: 0 | I8: =H8 -> 0
A9: WSWT19251000SM | B9: บจก.อินเทคค์ โกลบอล | C9: 109 | D9: 0 | E9: 109 | F9: 0 | G9: 0 | H9: 0 | I9: =H9 -> 0
A10: WSWT19251000SM ผลรวม | C10: 109 | D10: 0 | E10: 109 | F10: 0 | G10: 0 | H10: 0 | I10: =H10 -> 0
A11: WSWT2025800SM | B11: บจก.ไทยธรรมดี | C11: 20000 | D11: 21000 | E11: 20000 | F11: 21513.8 | G11: 0 | H11: 21513.8
B12: บจก.อินเทคค์ โกลบอล | C12: 3003 | D12: 0 | E12: 2701 | F12: 0 | G12: 0 | H12: 0
B13: บจก.เอพีเอ็ม อะโกร | C13: 3000 | D13: 3150 | E13: 3000 | F13: 3310.89 | G13: 3310.89 | H13: 0 | I13: =H13 -> 0
B14: บจก.เอสพีเอ็ม อาหารสัตว์ | C14: 45500 | D14: 40197.15 | E14: 38836 | F14: 42250.267 | G14: 16866.777 | H14: 25383.49 | I14: =H14 -> 25383.49 | P14: 15000 | Q14: =+K14/P14 -> 0
B15: บจก.ซันฟีด | C15: 305000 | D15: 320250 | E15: 305000 | F15: 336607.15 | G15: 0 | H15: 336607.15 | I15: =H15 -> 336607.15
A16: WSWT2025800SM ผลรวม | C16: 376503 | D16: 384597.15 | E16: 369537 | F16: 403682.11 | G16: 20177.667 | H16: 383504.44
A17: WSWT2025850 | B17: บจก.ซันฟีด | C17: 1267500 | D17: 1330875 | E17: 1267500 | F17: 1434265 | G17: 0 | H17: 1434265 | I17: =H17 -> 1434265
A18: WSWT2025850 ผลรวม | C18: 1267500 | D18: 1330875 | E18: 1267500 | F18: 1434265 | G18: 0 | H18: 1434265 | K18: =7*2000 -> 14000
A19: WSWT2121670SM | B19: บจก.ที.ซี.ยูเนี่ยน อโกรเทค | C19: 19000 | D19: 18708.9 | E19: 17818 | F19: 19166.644 | G19: 0 | H19: 19166.644 | I19: =H19 -> 19166.644 | K19: 7000
B20: บจก.เอพีเอ็ม อะโกร | C20: 22000 | D20: 22606.5 | E20: 21530 | F20: 23761.154 | G20: 0 | H20: 23761.154 | I20: =H20-100000 -> -76238.846 | K20: 9000 | P20: 16000 | Q20: =+K20/P20 -> 0.5625
B21: บจก.เอสพีเอ็ม อาหารสัตว์ | C21: 8000 | D21: 8400 | E21: 8000 | F21: 8829.04 | G21: 0 | H21: 8829.04 | I21: =H21 -> 8829.04
B22: บจก.แอมโก้เวท | C22: 100000 | D22: 105000 | E22: 100000 | F22: 107569 | G22: 0 | H22: 107569
A23: WSWT2121670SM ผลรวม | C23: 149000 | D23: 154715.4 | E23: 147348 | F23: 159325.84 | G23: 0 | H23: 159325.84 | I23: =H23 -> 159325.84
A24: WSWT2321112512551 | B24: บจก.น้ำตาลทิพย์สุโขทัย | C24: 221878 | D24: 232971.9 | E24: 221878 | F24: 238671.95 | G24: 0 | H24: 238671.95 | I24: =H24 -> 238671.95
A25: WSWT2321112512551 ผลรวม | C25: 221878 | D25: 232971.9 | E25: 221878 | F25: 238671.95 | G25: 0 | H25: 238671.95 | I25: =H25 -> 238671.95
A26: WSWT2825850 | B26: บจก.ที.ซี.ยูเนี่ยน อโกรเทค | C26: 5000 | D26: 0 | E26: 5000 | F26: 6775.45 | G26: 0 | H26: 6775.45 | I26: =H26 -> 6775.45
A27: WSWT2825850 ผลรวม | C27: 5000 | D27: 0 | E27: 5000 | F27: 6775.45 | G27: 0 | H27: 6775.45
A28: ผลรวมทั้งหมด | C28: 2029990 | D28: 2103159.4 | E28: 2016372 | F28: 2242720.3 | G28: 20177.667 | H28: 2222542.6 | I28: =H28 -> 2222542.6
I29: =H29 -> 0
I30: =H30 -> 0
I31: =H31 -> 0 | P31: 15000 | Q31: =+K31/P31 -> 0
I32: =H32 -> 0
I33: =H33 -> 0
I34: =H34 -> 0
I35: =H35 -> 0
I36: =H36 -> 0
I37: =H37 -> 0
I38: =H38 -> 0
I39: =H39 -> 0
I40: =H40 -> 0
I41: =H41 -> 0
I42: =H42 -> 0
I43: =H43 -> 0
I45: =H45 -> 0
I46: =H46 -> 0 | J46: 74000
I47: =H47 -> 0
I48: =H48 -> 0
I49: =H49 -> 0
I50: =H50 -> 0
I51: =H51 -> 0 | K51: =+I51*85 -> 0 | M51: 102.14
K52: =+K51/1000 -> 0 | M52: 3300
I53: =SUM(I5:I52) -> 4614000.3 | M53: =+M52/M51 -> 32.308596
M55: 114.47
J56: 166000 | M56: =+M55*32.2 -> 3685.934
M57: =+M56-3300 -> 385.934
I58: =H58 -> 0
I59: =H59 -> 0
I60: =H60 -> 0
I61: =H61 -> 0
I62: =H62 -> 0
I64: =H64 -> 0
I65: =H65 -> 0
I66: =H66 -> 0
I68: =H68 -> 0
I70: =H70 -> 0
I72: =H72 -> 0
I73: =H73 -> 0
I75: =SUM(I5:I74) -> 9228000.6
I79: =I75+I77 -> 9228000.6 | J79: 16 | K79: =+I79*0.9779 -> 9024061.8
I81: =+I79/J79 -> 576750.04 | K81: =+K79*85 -> 7.6704525e+08
K83: =+K81/1000 -> 767045.25
D119: Cap พิมพ์ | E119: Cap ตัด | F119: Stock 16/7 บ่าย | G119: Cap ทอ | I119: วันทงาน
B120: lส่ง | C120: 1-16/7 | D120: 160000 | E120: 160000 | G120: 120000 | I120: 12
C121: 1975256 | D121: =+D120*I120 -> 1920000 | E121: =+E120*I120 -> 1920000 | F121: 825147 | G121: =+G120*I120 -> 1440000
A122: เบทาโกรส่งแล้ว | B122: 20700 | C122: 424374
A123: เบทาโกรส่งแล้ว | B123: 20800 | C123: 155973
C126: รวมส่ง+ค้างส่ง | D126: ส่วนต่างCapคงเหลือ | E126: ส่วนต่างCapคงเหลือ | F126: คงเหลือ
C127: =+C50+C121 -> 1975256 | D127: =+D121-D50 -> 1920000 | E127: =+E121-E50 -> 1920000 | F127: =+F121-F50 -> 825147 | G127: =+G121-G50 -> 1440000
B129: 20700VN 20/7 | G129: 350000

Sheet 12(Order)
A2: เลขที่ SO | B2: (ทั้งหมด)
A3: วันส่ง | B3: รอแจ้ง
A4: ชื่อลูกค้า | B4: (ทั้งหมด)
A6: ประเภท | B6: ผลรวม ของ จำนวนส่ง | C6: ผลรวม ของ ค้างพิมพ์ | D6: ผลรวม ของ ค้างตัด | E6: ผลรวม ของ ใช้ | F6: ผลรวม ของ Stock | G6: ผลรวม ของ ค้างทอ
A7: WSWT1625800 | B7: 5000 | C7: 0 | D7: 0 | E7: 0 | F7: 0 | G7: 0
A8: WSWT1921720 | B8: 5000 | C8: 0 | D8: 5000 | E8: 0 | F8: 0 | G8: 0
A9: WSWT19251000SM | B9: 109 | C9: 0 | D9: 109 | E9: 0 | F9: 0 | G9: 0
A10: WSWT2025800SM | B10: 380922 | C10: 387747.15 | D10: 373956 | E10: 406909.18 | F10: 20177.667 | G10: 386731.51 | K10: =25*32.24 -> 806
A11: WSWT2025850 | B11: 1267500 | C11: 1330875 | D11: 1267500 | E11: 1434265 | F11: 0 | G11: 1434265 | L11: =76*2500 -> 190000
A12: WSWT2121670SM | B12: 164000 | C12: 170465.4 | D12: 162348 | E12: 175880.29 | F12: 13243.56 | G12: 162636.73
A13: WSWT2321112512551 | B13: 221878 | C13: 232971.9 | D13: 221878 | E13: 238671.95 | F13: 0 | G13: 238671.95
A14: WSWT2825850 | B14: 5000 | C14: 0 | D14: 5000 | E14: 6775.45 | F14: 0 | G14: 6775.45
A15: ผลรวมทั้งหมด | B15: 2049409 | C15: 2122059.4 | D15: 2035791 | E15: 2262501.8 | F15: 33421.227 | G15: 2229080.6
A37: ยอดส่ง 1/1/68 - 17/1/68 | B37: 1287052
A38: Order+ส่ง | B38: =++B22+B37 -> 1287052
A39: ประมาณการ | I39: 0
A41: Order+ส่ง+ประมาณการ | B41: =+B22+B37+B39+B29 -> 1287052 | C41: =+C22+C37+C39+C29 -> 0 | D41: =+D22+D37+D39+D29 -> 0 | E41: =+E22+E37+E39+E29 -> 0 | F41: =+F22+F37+F39+F29 -> 0 | G41: =+G22+G37+G39+G29 -> 0
B43: 3000000 | I43: 9
B45: =+B41-B43 -> -1712948
D46: =+D22/I43 -> 0
C47: =+C41/I43 -> 0 | D47: =+D41/I43 -> 0 | G47: =+G41/I43 -> 0

Sheet 10(Order) แยกลูกค้า
A1: เลขที่ SO | B1: (หลายรายการ)
A2: วันส่ง | B2: (หลายรายการ)
A4: ประเภท | B4: ชื่อลูกค้า | C4: ผลรวม ของ จำนวนส่ง | D4: ผลรวม ของ ค้างพิมพ์ | E4: ผลรวม ของ ค้างตัด | F4: ผลรวม ของ Stock | G4: ผลรวม ของ ค้างทอ | I4: vn
A5: WSWT1425800 | B5: หจก.ปึงเป้งน้ำ | C5: 10000 | D5: 10500 | E5: 10000 | F5: 3028 | G5: 3537.9 | H5: =G5 -> 3537.9
A6: WSWT1425800 ผลรวม | C6: 10000 | D6: 10500 | E6: 10000 | F6: 3028 | G6: 3537.9 | H6: =G6 -> 3537.9
A7: WSWT1625800 | B7: บจก.เคอรี่ฟลาวมิลล์ | C7: 5000 | D7: 0 | E7: 5000 | F7: 0 | G7: 0 | H7: =G7 -> 0
A8: WSWT1625800 ผลรวม | C8: 5000 | D8: 0 | E8: 5000 | F8: 0 | G8: 0
A9: WSWT1825800 | B9: หจก.อนนท์อุตสาหกรรม | C9: 50000 | D9: 52500 | E9: 50000 | F9: 41211.5 | G9: 0 | H9: =G9 -> 0
A10: WSWT1825800 ผลรวม | C10: 50000 | D10: 52500 | E10: 50000 | F10: 41211.5 | G10: 0 | H10: =G10 -> 0
A11: WSWT1921720 | B11: บจก.เคอรี่ฟลาวมิลล์ | C11: 395000 | D11: 236250 | E11: 254200 | F11: 51686 | G11: 158911.75
A12: WSWT1921720 ผลรวม | C12: 395000 | D12: 236250 | E12: 254200 | F12: 51686 | G12: 158911.75 | H12: =G12 -> 158911.75
A13: WSWT1925800 | B13: บจก.เพรซิเดนท์ฟลาวมิลล์ | C13: 20000 | D13: 0 | E13: 0 | F13: 0 | G13: 0 | H13: =G13 -> 0
B14: บจก.ไลม์มาสเตอร์ | C14: 20000 | D14: 20755.35 | E14: 19767 | F14: 0 | G14: 18501.714 | H14: =G14 -> 18501.714
B15: บจก.เอ็กเซลเล้นท์ | C15: 20000 | D15: 21000 | E15: 20000 | F15: 12640 | G15: 4962.2
A16: WSWT1925800 ผลรวม | C16: 60000 | D16: 41755.35 | E16: 39767 | F16: 12640 | G16: 23463.914 | H16: =G16 -> 23463.914
A17: WSWT2025700 | B17: บจก.หนองบัวฟีด | C17: 5000 | D17: 0 | E17: 5000 | F17: 0 | G17: 4400.55
A18: WSWT2025700 ผลรวม | C18: 5000 | D18: 0 | E18: 5000 | F18: 0 | G18: 4400.55 | H18: =G18 -> 4400.55
A19: WSWT2025800 | B19: บจก.เคอรี่ฟลาวมิลล์ | C19: 15000 | D19: 0 | E19: 12000 | F19: 0 | G19: 0 | H19: =G19 -> 0
B20: บจก.อินเทคค์ โกลบอล | C20: 296826 | D20: 304500 | E20: 290000 | F20: 36749 | G20: 267098.5 | H20: =G20 -> 267098.5
B21: โรงสีข้าวธัญญาวัฒน์ | C21: 4000 | D21: 0 | E21: 1555 | F21: 0 | G21: 0 | H21: =G21 -> 0
A22: WSWT2025800 ผลรวม | C22: 315826 | D22: 304500 | E22: 303555 | F22: 36749 | G22: 267098.5
A23: WSWT2025800SM | B23: บจก.อินเทคค์ โกลบอล | C23: 100000 | D23: 105000 | E23: 100000 | F23: 21900 | G23: 82875 | H23: =G23 -> 82875
B24: บจก.เอพีเอ็ม อะโกร | C24: 9000 | D24: 6300 | E24: 9000 | F24: 6789.42 | G24: 0
B25: บจก.เอสพีเอ็ม อาหารสัตว์ | C25: 15179 | D25: 3150 | E25: 4020 | F25: 3310.89 | G25: 0 | H25: =G25 -> 0
B26: บจก.ซันฟีด | C26: 50755 | D26: 8925 | E26: 9079 | F26: 9380.855 | G26: 0
A27: WSWT2025800SM ผลรวม | C27: 174934 | D27: 123375 | E27: 122099 | F27: 41381.165 | G27: 82875 | H27: =G27 -> 82875
A28: WSWT2025850 | B28: บจก.ซันฟีด | C28: 158300 | D28: 24675 | E28: 38517 | F28: 26116.915 | G28: 0 | H28: =G28 -> 0
A29: WSWT2025850 ผลรวม | C29: 158300 | D29: 24675 | E29: 38517 | F29: 26116.915 | G29: 0 | H29: =G29 -> 0
A30: WSWT2121670SM | B30: บจก.เอสพีเอ็ม อาหารสัตว์ | C30: 3000 | D30: 0 | E30: 0 | F30: 0 | G30: 0
B31: บจก.แอมโก้เวท | C31: 65000 | D31: 10500 | E31: 26000 | F31: 11832.59 | G31: 0 | H31: =G31 -> 0
B32: คุณนพวินทร์ รัตนเศรษฐ์เมธา | C32: 5000 | D32: 0 | E32: 263 | F32: 0 | G32: 0 | H32: =G32 -> 0
A33: WSWT2121670SM ผลรวม | C33: 73000 | D33: 10500 | E33: 26263 | F33: 11832.59 | G33: 0 | H33: =G33 -> 0
A34: WSWT2125650 | B34: บจก.ไลม์มาสเตอร์ | C34: 20000 | D34: 0 | E34: 20000 | F34: 0 | G34: 0 | H34: =G34 -> 0
B35: บจก.หนองบัวฟีด | C35: 15000 | D35: 0 | E35: 15000 | F35: 16554.45 | G35: 0 | H35: =G35 -> 0
A36: WSWT2125650 ผลรวม | C36: 35000 | D36: 0 | E36: 35000 | F36: 16554.45 | G36: 0 | H36: =G36 -> 0
A37: WSWT2321750 | B37: บจก.แอมโก้เวท | C37: 5000 | D37: 0 | E37: 0 | F37: 0 | G37: 0 | H37: =G37 -> 0
A38: WSWT2321750 ผลรวม | C38: 5000 | D38: 0 | E38: 0 | F38: 0 | G38: 0 | H38: =G38 -> 0
A39: WSWT2325650 | B39: พันธุ์ข้าว | C39: 30000 | D39: 31500 | E39: 30000 | F39: 29756.1 | G39: 0 | H39: =G39 -> 0
B40: บจก.ซิเบลโก้(บางเลน) | C40: 5000 | D40: 0 | E40: 0 | F40: 0 | G40: 0
A41: WSWT2325650 ผลรวม | C41: 35000 | D41: 31500 | E41: 30000 | F41: 29756.1 | G41: 0 | H41: =G41 -> 0
A42: WSWT262575051 | B42: คุณธนนท์ | C42: 5000 | D42: 0 | E42: 0 | F42: 0 | G42: 0 | H42: =G42 -> 0
B43: บจก.อันดามันซูริมิ | C43: 5000 | D43: 0 | E43: 5000 | F43: 4573 | G43: 1643.65
A44: WSWT262575051 ผลรวม | C44: 10000 | D44: 0 | E44: 5000 | F44: 4573 | G44: 1643.65 | H44: =G44 -> 1643.65
A45: WSWT2625800 | B45: บจก.แลบอินเตอร์ | C45: 10000 | D45: 10500 | E45: 10000 | F45: 11595.1 | G45: 0 | H45: =G45 -> 0
A46: WSWT2625800 ผลรวม | C46: 10000 | D46: 10500 | E46: 10000 | F46: 11595.1 | G46: 0 | H46: =G46 -> 0
A47: WSWT2625850SM | B47: บจก.ที.ซี.ยูเนี่ยน อโกรเทค | C47: 30000 | D47: 0 | E47: 0 | F47: 0 | G47: 0 | H47: =G47 -> 0
A48: WSWT2625850SM ผลรวม | C48: 30000 | D48: 0 | E48: 0 | F48: 0 | G48: 0 | H48: =G48 -> 0
A49: WSWT2825850 | B49: บจก.ที.ซี.ยูเนี่ยน อโกรเทค | C49: 5000 | D49: 0 | E49: 5000 | F49: 6775.45 | G49: 0 | J49: 2500000 | K49: =+J49*1.05 -> 2625000
A50: WSWT2825850 ผลรวม | C50: 5000 | D50: 0 | E50: 5000 | F50: 6775.45 | G50: 0 | H50: =G50 -> 0
A51: WSWTSCL052325650 | B51: ร้านท่าข้าวมะลิพันธุ์ข้าว | C51: 20000 | D51: 21000 | E51: 20000 | F51: 0 | G51: 19837.4 | H51: =G51 -> 19837.4
A52: WSWTSCL052325650 ผลรวม | C52: 20000 | D52: 21000 | E52: 20000 | F52: 0 | G52: 19837.4 | H52: =G52 -> 19837.4
A53: ผลรวมทั้งหมด | C53: 1397060 | D53: 867055.35 | E53: 959401 | F53: 293899.27 | G53: 561768.66 | I53: 120000 | J53: =+I53*22 -> 2640000
H54: =G54 -> 0
H56: =G56 -> 0
H58: =G58 -> 0
H59: =G59 -> 0
H60: =G60 -> 0
H61: =G61 -> 0
H63: =G63 -> 0
H65: =G65 -> 0
H67: =G67 -> 0
H68: =G68 -> 0
H70: =SUM(H5:H69) -> 686520.68
D119: Cap พิมพ์ | E119: Cap ตัด | F119: Stock 16/7 บ่าย | G119: Cap ทอ | I119: วันทงาน
B120: lส่ง | C120: 1-16/7 | D120: 160000 | E120: 160000 | G120: 120000 | I120: 12
C121: 1975256 | D121: =+D120*I120 -> 1920000 | E121: =+E120*I120 -> 1920000 | F121: 825147 | G121: =+G120*I120 -> 1440000
A122: เบทาโกรส่งแล้ว | B122: 20700 | C122: 424374
A123: เบทาโกรส่งแล้ว | B123: 20800 | C123: 155973
C126: รวมส่ง+ค้างส่ง | D126: ส่วนต่างCapคงเหลือ | E126: ส่วนต่างCapคงเหลือ | F126: คงเหลือ
C127: =+C50+C121 -> 1980256 | D127: =+D121-D50 -> 1920000 | E127: =+E121-E58 -> 1920000 | F127: =+F121-F50 -> 818371.55 | G127: =+G121-G50 -> 1440000
B129: 20700VN 20/7 | G129: 350000

Sheet 10(Fc) แยกลูกค้
A1: เลขที่ SO | B1: ประมาณการ
A2: วันส่ง | B2: (หลายรายการ) | D2: 12
A4: ประเภท | B4: ชื่อลูกค้า | C4: ผลรวม ของ จำนวนส่ง | D4: ผลรวม ของ ค้างพิมพ์ | E4: ผลรวม ของ ค้างตัด | F4: ผลรวม ของ ใช้ | G4: ผลรวม ของ Stock | H4: ผลรวม ของ ค้างทอ
A5: WSWT1921720 | B5: บจก.เคอรี่ฟลาวมิลล์ | C5: 225000 | D5: 236250 | E5: 225000 | F5: 210597.75 | G5: 51686 | H5: 158911.75
A6: WSWT1921720 ผลรวม | C6: 225000 | D6: 236250 | E6: 225000 | F6: 210597.75 | G6: 51686 | H6: 158911.75
A7: WSWT1925800 | B7: บจก.ไลม์มาสเตอร์ | C7: 20000 | D7: 20755.35 | E7: 19767 | F7: 18501.714 | G7: 0 | H7: 18501.714
A8: WSWT1925800 ผลรวม | C8: 20000 | D8: 20755.35 | E8: 19767 | F8: 18501.714 | G8: 0 | H8: 18501.714
A9: WSWT2025800 | B9: บจก.อินเทคค์ โกลบอล | C9: 290000 | D9: 304500 | E9: 290000 | F9: 303847.5 | G9: 36749 | H9: 267098.5
A10: WSWT2025800 ผลรวม | C10: 290000 | D10: 304500 | E10: 290000 | F10: 303847.5 | G10: 36749 | H10: 267098.5
A11: WSWT2025800SM | B11: บจก.อินเทคค์ โกลบอล | C11: 100000 | D11: 105000 | E11: 100000 | F11: 104775 | G11: 21900 | H11: 82875
A12: WSWT2025800SM ผลรวม | C12: 100000 | D12: 105000 | E12: 100000 | F12: 104775 | G12: 21900 | H12: 82875
A13: WSWT2325650 | B13: พันธุ์ข้าว | C13: 30000 | D13: 31500 | E13: 30000 | F13: 29756.1 | G13: 29756.1 | H13: 0
A14: WSWT2325650 ผลรวม | C14: 30000 | D14: 31500 | E14: 30000 | F14: 29756.1 | G14: 29756.1 | H14: 0
A15: WSWT2825850 | B15: บจก.ที.ซี.ยูเนี่ยน อโกรเทค | C15: 5000 | D15: 0 | E15: 5000 | F15: 6775.45 | G15: 6775.45 | H15: 0
A16: WSWT2825850 ผลรวม | C16: 5000 | D16: 0 | E16: 5000 | F16: 6775.45 | G16: 6775.45 | H16: 0
A17: ผลรวมทั้งหมด | C17: 670000 | D17: 698005.35 | E17: 669767 | F17: 674253.51 | G17: 146866.55 | H17: 527386.96
I119: วันทงาน
I120: 12
C121: 1975256 | D121: =+D120*I120 -> 0 | E121: =+E120*I120 -> 0 | F121: 825147 | G121: =+G120*I120 -> 0
A122: เบทาโกรส่งแล้ว | B122: 20700 | C122: 424374
A123: เบทาโกรส่งแล้ว | B123: 20800 | C123: 155973
C126: รวมส่ง+ค้างส่ง | D126: ส่วนต่างCapคงเหลือ | E126: ส่วนต่างCapคงเหลือ | F126: คงเหลือ
C127: =+C50+C121 -> 1975256 | D127: =+D121-D50 -> 0 | E127: =+E121-E50 -> 0 | F127: =+F121-F50 -> 825147 | G127: =+G121-G50 -> 0
B129: 20700VN 20/7 | G129: 350000

Sheet ค้างตัดเดือน11
A2: งานรอตัด 6/11 | B2: 87972
A3: ผลรวม ของ ค้างตัด
A4: ป้ายชื่อแถว | B4: 45968 | C4: 45969 | D4: 45971 | E4: 45972 | F4: 45973 | G4: 45974 | H4: 45975 | I4: 45976 | J4: 45977 | K4: 45978 | L4: 45979 | M4: 45980 | N4: 45981 | O4: 45982 | P4: 45985 | Q4: 45986 | R4: 45987 | S4: 45988 | T4: 45989 | U4: 45990 | V4: ผลรวมทั้งหมด
A5: 21 | B5: 0 | E5: 0 | O5: 0 | T5: 2500 | V5: =SUM(B5:U5) -> 2500
A6: 331 | D6: 2500 | T6: 2500 | V6: =SUM(B6:U6) -> 5000
A7: 575 | O7: 3500 | V7: =SUM(B7:U7) -> 3500
A8: 913 | C8: 0 | G8: 5000 | V8: =SUM(B8:U8) -> 5000
A9: 931 | D9: 0 | Q9: 5000 | V9: =SUM(B9:U9) -> 5000
A10: 932 | D10: 0 | K10: 2500 | P10: 2500 | V10: =SUM(B10:U10) -> 5000
A11: 935 | B11: 0 | E11: 10000 | H11: 5000 | L11: 5000 | N11: 10000 | Q11: 5000 | R11: 5000 | T11: 5000 | V11: =SUM(B11:U11) -> 45000
A12: 952 | B12: 0 | G12: 5000 | K12: 5000 | N12: 5000 | Q12: 5000 | T12: 5000 | V12: =SUM(B12:U12) -> 25000
A13: 953 | E13: 5000 | L13: 5000 | R13: 5000 | V13: =SUM(B13:U13) -> 15000
A14: 956 | L14: 0 | T14: 0 | V14: =SUM(B14:U14) -> 0
A15: 957 | T15: 0 | V15: =SUM(B15:U15) -> 0
A16: 959 | B16: 0 | N16: 0 | V16: =SUM(B16:U16) -> 0
A17: 964 | E17: 3500 | V17: =SUM(B17:U17) -> 3500
A18: 007 | D18: 0 | H18: 0 | T18: 1100 | V18: =SUM(B18:U18) -> 1100
A19: 915 พี | B19: 3312 | D19: 15000 | H19: 5000 | K19: 5000 | N19: 5000 | P19: 5000 | T19: 5000 | V19: =SUM(B19:U19) -> 43312
A20: 915 เอ็ม | D20: 10000 | E20: 10000 | H20: 5000 | K20: 10000 | M20: 5000 | O20: 5000 | P20: 5000 | R20: 10000 | T20: 5000 | V20: =SUM(B20:U20) -> 65000
A21: 935 เอ | B21: 0 | D21: 0 | E21: 0 | H21: 0 | K21: 5000 | M21: 10000 | O21: 5000 | P21: 5000 | R21: 10000 | T21: 5000 | V21: =SUM(B21:U21) -> 40000
A22: 935 แอล | D22: 0 | H22: 5000 | L22: 5000 | O22: 5000 | R22: 7500 | V22: =SUM(B22:U22) -> 22500
A23: 952 เอส | G23: 0 | L23: 0 | R23: 0 | V23: =SUM(B23:U23) -> 0
A24: 953 เอส | K24: 2500 | T24: 2500 | V24: =SUM(B24:U24) -> 5000
A25: 954 แอล | B25: 0 | K25: 0 | T25: 0 | V25: =SUM(B25:U25) -> 0
A26: A.C.C.ภาษาอังกฤษ 8-111-131 | K26: 10000 | V26: =SUM(B26:U26) -> 10000
A27: A.C.C.ภาษาอังกฤษ 8-118 | K27: 10000 | V27: =SUM(B27:U27) -> 10000
A28: APM 914 | T28: 3000 | V28: =SUM(B28:U28) -> 3000
A29: BS | C29: 0 | V29: =SUM(B29:U29) -> 0
A30: BS(แต้มฟ้า) | C30: 0 | I30: 5000 | V30: =SUM(B30:U30) -> 5000
A31: Green for white sugar | H31: 52500 | O31: 54000 | Q31: 0 | S31: 54000 | V31: =SUM(B31:U31) -> 160500
A32: HARD FLOUR | I32: 5000 | V32: =SUM(B32:U32) -> 5000
A33: JET 002 | M33: 5000 | V33: =SUM(B33:U33) -> 5000
A34: JET 153 | M34: 5000 | V34: =SUM(B34:U34) -> 5000
A35: JET 333 | E35: 30000 | V35: =SUM(B35:U35) -> 30000
A36: JET 405โปรตีน 18% | M36: 10000 | V36: =SUM(B36:U36) -> 10000
A37: NOVA S2 | J37: 3000 | V37: =SUM(B37:U37) -> 3000
A38: R FEED 405A | M38: 6100 | V38: =SUM(B38:U38) -> 6100
A39: SPEED PLUS 222ลาว | I39: 5000 | V39: =SUM(B39:U39) -> 5000
A40: SPEED PLUS 333ลาว | I40: 5000 | V40: =SUM(B40:U40) -> 5000
A41: SPM190 GOAL | R41: 4000 | V41: =SUM(B41:U41) -> 4000
A42: SW 441 | E42: 0 | V42: =SUM(B42:U42) -> 0
A43: TRJ | D43: 45472 | V43: =SUM(B43:U43) -> 45472
A44: U-FEED U2(เอส) | T44: 3000 | V44: =SUM(B44:U44) -> 3000
A45: U-FEED U4(เอส) | K45: 6000 | V45: =SUM(B45:U45) -> 6000
A46: U-GOAT14 | P46: 3000 | V46: =SUM(B46:U46) -> 3000
A47: VC 105 | M47: 10000 | V47: =SUM(B47:U47) -> 10000
A48: VC 108 | M48: 10000 | V48: =SUM(B48:U48) -> 10000
A49: WHOLE WHEAT | I49: 5000 | V49: =SUM(B49:U49) -> 5000
A50: กุ้งแดง | C50: 0 | V50: =SUM(B50:U50) -> 0
A51: เกษตรสุริยา(แดง) | F51: 30000 | V51: =SUM(B51:U51) -> 30000
A52: ไก่ไข่ | F52: 5000 | K52: 5000 | P52: 4000 | V52: =SUM(B52:U52) -> 14000
A53: ไก่เนื้อ เบอร์1 | G53: 2500 | N53: 2500 | R53: 5000 | V53: =SUM(B53:U53) -> 10000
A54: ขุนศึกเบอร์ 1 | D54: 0 | K54: 1000 | O54: 5000 | Q54: 5000 | V54: =SUM(B54:U54) -> 11000
A55: ขุนศึกเบอร์ 2 | E55: 5000 | L55: 5000 | Q55: 5000 | V55: =SUM(B55:U55) -> 15000
A56: เคเอ็ม | C56: 0 | I56: 5000 | V56: =SUM(B56:U56) -> 5000
A57: ดอกไม้เหลือง | I57: 5000 | V57: =SUM(B57:U57) -> 5000
A58: ดาว 20 กก. | T58: 100000 | V58: =SUM(B58:U58) -> 100000
A59: แดนโกรว30(ส้ม) | F59: 10000 | V59: =SUM(B59:U59) -> 10000
A60: แดนโกรว50(เหลือง) | F60: 20000 | V60: =SUM(B60:U60) -> 20000
A61: แดนโกรวบรีดเดอร์60 | F61: 5000 | V61: =SUM(B61:U61) -> 5000
A62: แดนโกรวบรีดเดอร์70 | F62: 5000 | V62: =SUM(B62:U62) -> 5000
A63: แต้มแดง | C63: 0 | I63: 5000 | V63: =SUM(B63:U63) -> 5000
A64: ถุงเขียว | C64: 5000 | G64: 10000 | V64: =SUM(B64:U64) -> 15000
A65: ถุงเขียว(คัดพิเศษ) | H65: 5000 | V65: =SUM(B65:U65) -> 5000
A66: ถุงเงิน | G66: 5000 | V66: =SUM(B66:U66) -> 5000
A67: ถุงชมพู | H67: 3000 | V67: =SUM(B67:U67) -> 3000
A68: ถุงทองแซนวิช | G68: 10000 | V68: =SUM(B68:U68) -> 10000
A69: ถุงม่วง | H69: 10000 | V69: =SUM(B69:U69) -> 10000
A70: ถุงม่วง(คัดพิเศษ) | H70: 10000 | V70: =SUM(B70:U70) -> 10000
A71: แถบเขียว | H71: 0 | T71: 5000 | V71: =SUM(B71:U71) -> 5000
A72: แถบส้ม | D72: 0 | M72: 5000 | V72: =SUM(B72:U72) -> 5000
A73: นาโน 02 | U73: 500 | V73: =SUM(B73:U73) -> 500
A74: นาโน 03 | S74: 0 | V74: =SUM(B74:U74) -> 0
A75: นิค 101S | L75: 3000 | V75: =SUM(B75:U75) -> 3000
A76: นีโอ ดีอาร์ 03 | L76: 3000 | V76: =SUM(B76:U76) -> 3000
A77: นีโอ พี3 | K77: 3000 | V77: =SUM(B77:U77) -> 3000
A78: โบว์แดง | G78: 5000 | V78: =SUM(B78:U78) -> 5000
A79: โบว์น้ำเงิน | G79: 5000 | V79: =SUM(B79:U79) -> 5000
A80: ปลาโลมาแดง | I80: 5000 | V80: =SUM(B80:U80) -> 5000
A81: ปลาโลมาแดง | G81: 5000 | V81: =SUM(B81:U81) -> 5000
A82: ปลาโลมาเทา | G82: 5000 | V82: =SUM(B82:U82) -> 5000
A83: เป็ด | H83: 3500 | V83: =SUM(B83:U83) -> 3500
A84: ผึ้งชมพู | C84: 15481 | M84: 40000 | V84: =SUM(B84:U84) -> 55481
A85: ผึ้งเหลือง | C85: 47437 | V85: =SUM(B85:U85) -> 47437
A86: พร้อมชน 25 กก.(เขียว) | H86: 5000 | V86: =SUM(B86:U86) -> 5000
A87: เพอเฟคค์ 664HP | V87: =SUM(B87:U87) -> 0
A88: เพอเฟคค์ 912 | B88: 10048 | V88: =SUM(B88:U88) -> 10048
A89: เพอเฟคค์ 913 | V89: =SUM(B89:U89) -> 0
A90: ฟิล กู๊ด พี4 | H90: 0 | V90: =SUM(B90:U90) -> 0
A91: ฟีล กู๊ด 8031 | B91: 0 | V91: =SUM(B91:U91) -> 0
A92: ฟีล กู๊ด 8131 | B92: 1200 | V92: =SUM(B92:U92) -> 1200
A93: มาซู ฟีดพี040 | U93: 3000 | V93: =SUM(B93:U93) -> 3000
A94: ไม่พิมพ์ | B94: 5000 | C94: 6903 | E94: 20100 | F94: 10000 | I94: 15000 | V94: =SUM(B94:U94) -> 57003
A95: ไม่พิมพ์ | E95: 5000 | V95: =SUM(B95:U95) -> 5000
A96: ยูนิคอร์นฟีช 101-102 | L96: 5000 | V96: =SUM(B96:U96) -> 5000
A97: ยูนิคอร์นฟีช 202 | N97: 10000 | V97: =SUM(B97:U97) -> 10000
A98: ยู-ฟีด รวมหมู | P98: 3000 | V98: =SUM(B98:U98) -> 3000
A99: รถไฟฟ้า | B99: 0 | V99: =SUM(B99:U99) -> 0
A100: รถไฟฟ้าปูนขาวเย็น | B100: 0 | V100: =SUM(B100:U100) -> 0
A101: ราชสีห์ ข้าวคัดพิเศษ | B101: 10000 | V101: =SUM(B101:U101) -> 10000
...

Sheet ค้างตัดเดือน11  ถึง17-11
A2: งานรอตัด 6/11 | B2: 87972
A3: ผลรวม ของ ค้างตัด
A4: ป้ายชื่อแถว | B4: 45968 | C4: 45969 | D4: 45971 | E4: 45972 | F4: 45973 | G4: 45974 | H4: 45975 | I4: 45976 | J4: 45977 | K4: 45978 | L4: 45979
A5: 331 | D5: 2500 | M5: =SUM(B5:L5) -> 2500
A6: 913 | C6: 0 | G6: 5000 | M6: =SUM(B6:L6) -> 5000
A7: 932 | D7: 0 | K7: 2500 | M7: =SUM(B7:L7) -> 2500
A8: 935 | B8: 0 | E8: 10000 | H8: 5000 | L8: 5000 | M8: =SUM(B8:L8) -> 20000
A9: 952 | B9: 0 | G9: 5000 | K9: 5000 | M9: =SUM(B9:L9) -> 10000
A10: 953 | E10: 5000 | L10: 5000 | M10: =SUM(B10:L10) -> 10000
A11: 964 | E11: 3500 | M11: =SUM(B11:L11) -> 3500
A12: 915 พี | B12: 3312 | D12: 15000 | H12: 5000 | K12: 5000 | M12: =SUM(B12:L12) -> 28312
A13: 915 เอ็ม | D13: 10000 | E13: 10000 | H13: 5000 | K13: 10000 | M13: =SUM(B13:L13) -> 35000
A14: 935 เอ | B14: 0 | D14: 0 | E14: 0 | H14: 0 | K14: 5000 | M14: =SUM(B14:L14) -> 5000
A15: 935 แอล | D15: 0 | H15: 5000 | L15: 5000 | M15: =SUM(B15:L15) -> 10000
A16: 953 เอส | K16: 2500 | M16: =SUM(B16:L16) -> 2500
A17: A.C.C.ภาษาอังกฤษ 8-111-131 | K17: 10000 | M17: =SUM(B17:L17) -> 10000
A18: A.C.C.ภาษาอังกฤษ 8-118 | K18: 10000 | M18: =SUM(B18:L18) -> 10000
A19: BS(แต้มฟ้า) | C19: 0 | I19: 5000 | M19: =SUM(B19:L19) -> 5000
A20: Green for white sugar | H20: 52500 | M20: =SUM(B20:L20) -> 52500
A21: HARD FLOUR | I21: 5000 | M21: =SUM(B21:L21) -> 5000
A22: JET 333 | E22: 30000 | M22: =SUM(B22:L22) -> 30000
A23: NOVA S2 | J23: 3000 | M23: =SUM(B23:L23) -> 3000
A24: SPEED PLUS 222ลาว | I24: 5000 | M24: =SUM(B24:L24) -> 5000
A25: SPEED PLUS 333ลาว | I25: 5000 | M25: =SUM(B25:L25) -> 5000
A26: TRJ | D26: 45472 | M26: =SUM(B26:L26) -> 45472
A27: U-FEED U4(เอส) | K27: 6000 | M27: =SUM(B27:L27) -> 6000
A28: WHOLE WHEAT | I28: 5000 | M28: =SUM(B28:L28) -> 5000
A29: เกษตรสุริยา(แดง) | F29: 30000 | M29: =SUM(B29:L29) -> 30000
A30: ไก่ไข่ | F30: 5000 | K30: 5000 | M30: =SUM(B30:L30) -> 10000
A31: ไก่เนื้อ เบอร์1 | G31: 2500 | M31: =SUM(B31:L31) -> 2500
A32: ขุนศึกเบอร์ 1 | D32: 0 | K32: 1000 | M32: =SUM(B32:L32) -> 1000
A33: ขุนศึกเบอร์ 2 | E33: 5000 | L33: 5000 | M33: =SUM(B33:L33) -> 10000
A34: เคเอ็ม | C34: 0 | I34: 5000 | M34: =SUM(B34:L34) -> 5000
A35: ดอกไม้เหลือง | I35: 5000 | M35: =SUM(B35:L35) -> 5000
A36: แดนโกรว30(ส้ม) | F36: 10000 | M36: =SUM(B36:L36) -> 10000
A37: แดนโกรว50(เหลือง) | F37: 20000 | M37: =SUM(B37:L37) -> 20000
A38: แดนโกรวบรีดเดอร์60 | F38: 5000 | M38: =SUM(B38:L38) -> 5000
A39: แดนโกรวบรีดเดอร์70 | F39: 5000 | M39: =SUM(B39:L39) -> 5000
A40: แต้มแดง | C40: 0 | I40: 5000 | M40: =SUM(B40:L40) -> 5000
A41: ถุงเขียว | C41: 5000 | G41: 10000 | M41: =SUM(B41:L41) -> 15000
A42: ถุงเขียว(คัดพิเศษ) | H42: 5000 | M42: =SUM(B42:L42) -> 5000
A43: ถุงเงิน | G43: 5000 | M43: =SUM(B43:L43) -> 5000
A44: ถุงชมพู | H44: 3000 | M44: =SUM(B44:L44) -> 3000
A45: ถุงทองแซนวิช | G45: 10000 | M45: =SUM(B45:L45) -> 10000
A46: ถุงม่วง | H46: 10000 | M46: =SUM(B46:L46) -> 10000
A47: ถุงม่วง(คัดพิเศษ) | H47: 10000 | M47: =SUM(B47:L47) -> 10000
A48: นิค 101S | L48: 3000 | M48: =SUM(B48:L48) -> 3000
A49: นีโอ ดีอาร์ 03 | L49: 3000 | M49: =SUM(B49:L49) -> 3000
A50: นีโอ พี3 | K50: 3000 | M50: =SUM(B50:L50) -> 3000
A51: โบว์แดง | G51: 5000 | M51: =SUM(B51:L51) -> 5000
A52: โบว์น้ำเงิน | G52: 5000 | M52: =SUM(B52:L52) -> 5000
A53: ปลาโลมาแดง | I53: 5000 | M53: =SUM(B53:L53) -> 5000
A54: ปลาโลมาแดง | G54: 5000 | M54: =SUM(B54:L54) -> 5000
A55: ปลาโลมาเทา | G55: 5000 | M55: =SUM(B55:L55) -> 5000
A56: เป็ด | H56: 3500 | M56: =SUM(B56:L56) -> 3500
A57: ผึ้งชมพู | C57: 15481 | M57: =SUM(B57:L57) -> 15481
A58: ผึ้งเหลือง | C58: 47437 | M58: =SUM(B58:L58) -> 47437
A59: พร้อมชน 25 กก.(เขียว) | H59: 5000 | M59: =SUM(B59:L59) -> 5000
A60: เพอเฟคค์ 912 | B60: 10048 | M60: =SUM(B60:L60) -> 10048
A61: ฟีล กู๊ด 8131 | B61: 1200 | M61: =SUM(B61:L61) -> 1200
A62: ไม่พิมพ์ | B62: 5000 | C62: 6903 | E62: 20100 | F62: 10000 | I62: 15000 | M62: =SUM(B62:L62) -> 57003
A63: ไม่พิมพ์ | E63: 5000 | M63: =SUM(B63:L63) -> 5000
A64: ยูนิคอร์นฟีช 101-102 | L64: 5000 | M64: =SUM(B64:L64) -> 5000
A65: ราชสีห์ ข้าวคัดพิเศษ | B65: 10000 | M65: =SUM(B65:L65) -> 10000
A66: วีโว่ 300 | F66: 10000 | M66: =SUM(B66:L66) -> 10000
A67: หีบเพลงฟ้า | I67: 5000 | M67: =SUM(B67:L67) -> 5000
A68: หีบเพลงเหลือง | I68: 5000 | M68: =SUM(B68:L68) -> 5000
A69: โอดิน 103M | L69: 5000 | M69: =SUM(B69:L69) -> 5000
A70: ผลรวมทั้งหมด | B70: =SUM(B5:B69) -> 29560 | C70: =SUM(C5:C69) -> 74821 | D70: =SUM(D5:D69) -> 72972 | E70: =SUM(E5:E69) -> 88600 | F70: =SUM(F5:F69) -> 95000 | G70: =SUM(G5:G69) -> 57500 | H70: =SUM(H5:H69) -> 109000 | I70: =SUM(I5:I69) -> 70000 | ... L70: =SUM(L5:L69) -> 36000 | M70: =SUM(B70:L70) -> 701453
D72: =SUM(B70:D70) -> 177353 | K72: =SUM(E70:K70) -> 488100
C73: 3วัน | D73: =D72/3 -> 59117.667 | J73: 6วัน | K73: =K72/6 -> 81350

Sheet ค้างทอ6-11-68
A3: ค้างทอ 6/11
A4: ผลรวม ของ ค้างทอ
A5: ป้ายชื่อแถว | B5: 45966 | C5: 45967 | D5: 45968 | E5: 45969 | F5: 45970 | G5: 45971 | H5: 45972 | I5: 45973 | J5: 45974 | K5: 45975 | L5: 45976 | M5: 45977 | N5: 45980 | O5: 45981 | P5: 45982 | Q5: 45983 | R5: 45984 | S5: 45985 | T5: ผลรวมทั้งหมด | U5: ประมาณการ
A6: WSWT1825800 | R6: 32676 | T6: =SUM(B6:S6) -> 32676
A7: WSWT1921720 | E7: 35540.6 | G7: 47358.3 | T7: =SUM(B7:S7) -> 82898.9
A8: WSWT1925800 | K8: 29981.4 | T8: =SUM(B8:S8) -> 29981.4
A9: WSWT1925800SM | I9: 8334 | T9: =SUM(B9:S9) -> 8334
A10: WSWT2025650 | T10: =SUM(B10:S10) -> 0
A11: WSWT2025800 | T11: =SUM(B11:S11) -> 0 | U11: 83057
A12: WSWT2025800SM | B12: 0 | C12: 0 | E12: 0 | F12: 0 | H12: 0 | I12: 0 | J12: 0 | K12: 0 | L12: 5518.15 | M12: 3862.705 | N12: 0 | O12: 16554.45 | P12: 5518.15 | Q12: 0 | R12: 8829.04 | S12: 0 | T12: =SUM(B12:S12) -> 40282.495 | U12: 104775
A13: WSWT2025850 | B13: 16121.475 | C13: 10756.9 | D13: 5657.85 | E13: 0 | F13: 25935.305 | I13: 33597.85 | J13: 10756.9 | K13: 21932.9 | L13: 16414.75 | M13: 16414.75 | N13: 23979.505 | O13: 11036.3 | P13: 35518.725 | R13: 36077.525 | T13: =SUM(B13:S13) -> 264200.73
A14: WSWT2121670SM | C14: 0 | D14: 0 | G14: 0 | J14: 0 | K14: 0 | L14: 0 | S14: 0 | T14: =SUM(B14:S14) -> 0
A15: WSWT2125650 | C15: 1986.25 | T15: =SUM(B15:S15) -> 1986.25
A16: WSWT23211125120SMFX | T16: =SUM(B16:S16) -> 0
A17: WSWT2321112512551 | F17: 40473.445 | L17: 58087.26 | N17: 0 | O17: 0 | Q17: 0 | S17: 58087.26 | T17: =SUM(B17:S17) -> 156647.97
A18: WSWT2325650 | D18: 0 | T18: =SUM(B18:S18) -> 0
A19: WSWT262575051 | B19: 5911.2277 | T19: =SUM(B19:S19) -> 5911.2277
A20: WSWT2625800 | C20: 9019.3 | G20: 12433.3 | T20: =SUM(B20:S20) -> 21452.6
A21: WSWT2825850 | B21: 30815.726 | T21: =SUM(B21:S21) -> 30815.726
A22: WSWTFCL022325650 | F22: 6829.05 | T22: =SUM(B22:S22) -> 6829.05
A23: WSWTSCL052325650 | F23: 0 | T23: =SUM(B23:S23) -> 0
A24: ผลรวมทั้งหมด | B24: =SUM(B6:B23) -> 52848.429 | C24: =SUM(C6:C23) -> 21762.45 | D24: =SUM(D6:D23) -> 5657.85 | E24: =SUM(E6:E23) -> 35540.6 | F24: =SUM(F6:F23) -> 73237.8 | G24: =SUM(G6:G23) -> 59791.6 | H24: =SUM(H6:H23) -> 0 | I24: =SUM(I6:I23) -> 41931.85 | ... T24: =SUM(T6:T23) -> 682016.35

Sheet 6-11-68
B2: เรียงกำหนดส่ง | D2: ลบ 0 | T2: เรียง 1
B3: ข้อมูลUpdate ณ. วันที่ | D3: 45967 | E3: เวลา | G3: 10.1
A4: วันรับออร์เดอร์/แบบ | B4: เลขที่ SO | C4: ชื่อลูกค้า | E4: 10.3 | I4: น้ำหนัก | L4: บิด/จับจีบ | M4: ถุงใน | Q4: 44873 | S4: วิธีบรรจุ | T4: วันส่ง | U4: จำนวนส่ง | V4: ตัดเย็บ (ใบ) | W4: 44873 | X4: พิมพ์ (ใบ) | Y4: 44876 | Z4: ผ้าทอ (เมตร) Updateณ | AB4: 44876 | AD4: ผ้าเคลือบ(เมตร) | AF4: หมายเหตุ | AG4: เครื่อง
A5: วันรับออร์เดอร์/แบบ | B5: เลขที่ SO | C5: ชื่อลูกค้า | D5: ตรา | E5: กว้าง | F5: ยาว | G5: สี | H5: เคลือบ | I5: กรัม/ใบ | J5: * | K5: aw | L5: บิด/จับจีบ | M5: กว้าง | N5: ยาว | O5: หนา | P5: ใช้(กก.) | Q5: Stock(กก.) | R5: ผลิต(กก.) | S5: วิธีบรรจุ | T5: วันส่ง | U5: จำนวนส่ง | V5: StockFG | W5: ค้างตัด | X5: พิมพ์แล้ว | Y5: ค้างพิมพ์ | Z5: ประเภท | AA5: ใช้ | AB5: Stock | AC5: ค้างทอ | AD5: Stock | AE5: ค้างเคลือบ | AF5: หมายเหตุ | AG5: ที่พิมพ์ได้ | AH5: process | AI5: Lead time | AJ5: วันที่ส่งPL | AK5: เคลือบ | AL5: ได้ ART | AM5: พิมพ์ | AN5: จีบ-บิด | AO5: ตัด-เย็บ | AP5: ทอ | AQ5: สวมถุง | AR5: เย็บปาก | AS5: PT | AT5: ม้วน | AU5: ตัด | AV5: ตอกตาไก่ | AW5: GROUP | AX5: ART | AY5: หมายเหตุปัญหา | AZ5: ราคา/ใบ | BA5: ราคารวม | BB5: workweek | BC5: เส้นเทป | BD5: จำนวน
A6: ประมาณการ | B6: ประมาณการ | C6: บจก.เคอรี่ฟลาวมิลล์ | D6: โบว์แดง 10กก | E6: 16 | F6: 25 | G6: ขาว | H6: 0 | I6: 45 | J6: ± | K6: 5 | L6: ไม่ | M6: ไม่สวมถุงใน | N6: 0 | O6: 0 | P6: 0 | Q6: 0 | R6: 0 | S6: ห่ออัดเบลแบน500 | T6: รอแจ้ง | U6: 5000 | V6: 5000 | W6: 0 | X6: 5370 | Y6: 0 | Z6: WSWT1625800 | AA6: 0 | AB6: 0 | AC6: 0 | AD6: 0 | AE6: 0 | AF6: 0 | AG6: พร้อมส่ง | AH6: P7 | AI6: 2 | AJ6: รอแจ้ง | AK6: 0 | AL6: #VALUE! | AM6: #VALUE! | AN6: #VALUE! | AO6: #VALUE! | AP6: #VALUE! | AQ6: 0 | AR6: 0 | AS6: 0 | AT6: 0 | AU6: 0 | AV6: 0 | AW6: งานพิมพ์ | AX6: / | AY6: รอเก็บลบสีผสม | AZ6: 0 | BA6: 0 | BB6: 0 | BC6: WRWT25800/WRWT25800 | BD6: 0
A7: 0 | B7: 0 | C7: 0 | D7: 0 | E7: 16 | F7: 25 | G7: ขาว | H7: 0 | I7: 45 | J7: ± | K7: 5 | L7: 0 | M7: 0 | N7: 0 | O7: 0 | P7: 0 | Q7: 0 | R7: 0 | S7: 0 | U7: 0 | V7: 0 | W7: 0 | X7: 0 | Y7: 0 | Z7: WSWT1625800 | AA7: 0 | AB7: 0 | AC7: 0 | AD7: 0 | AE7: 0 | AF7: ระบุในSD | AG7: พร้อมส่ง | AH7: 0 | AI7: Lead time | AJ7: 0 | AK7: 0 | AL7: 0 | AM7: 0 | AN7: 0 | AO7: 0 | AP7: 0 | AQ7: 0 | AR7: 0 | AS7: 0 | AT7: 0 | AU7: 0 | AV7: 0 | AW7: 0 | AX7: 0 | AY7: 0 | AZ7: 0 | BA7: 0 | BB7: 0 | BC7: WRWT160800/WRWT25800 | BD7: 0
A8: 45950 | B8: MK68-001247 | C8: บจก.ฟาเธอร์ส วิง ซัพพลาย | D8: รถไฟฟ้า | E8: 18 | F8: 30 | G8: ขาว | H8: 0 | I8: 54 | J8: ± | K8: 5 | L8: บิด | M8: 19 | N8: 33 | O8: 40 | P8: 0 | Q8: 0 | R8: 0 | S8: 500กระสอบ | T8: 45968 | U8: 5000 | V8: 5000 | W8: 0 | X8: 5400 | Y8: 0 | Z8: WSWT1825800 | AA8: 0 | AB8: 0 | AC8: 0 | AD8: 0 | AE8: 0 | AF8: 0 | AG8: ยังไม่ได้พิมพ์ | AH8: P9 | AI8: 3 | AJ8: 45968 | AK8: 0 | AL8: 45958 | AM8: 45965 | AN8: 45966 | AO8: 45966 | AP8: 45963 | AQ8: 45967 | AR8: 0 | AS8: 0 | AT8: 0 | AU8: 0 | AV8: 0 | AW8: งานพิมพ์ | AX8: / | AY8: รอส่ง ลูกค้ารับเอง | AZ8: 0 | BA8: 0 | BB8: 0 | BC8: WRWT25800/WRWT25800 | BD8: 0
A9: 45950 | B9: MK68-001247 | C9: บจก.ฟาเธอร์ส วิง ซัพพลาย | D9: รถไฟฟ้าปูนขาวเย็น | E9: 18 | F9: 30 | G9: ขาว | H9: 0 | I9: 54 | J9: ± | K9: 5 | L9: บิด | M9: 19 | N9: 33 | O9: 40 | P9: 0 | Q9: 0 | R9: 0 | S9: 500กระสอบ | T9: 45968 | U9: 20000 | V9: 20057 | W9: 0 | X9: 20800 | Y9: 0 | Z9: WSWT1825800 | AA9: 0 | AB9: 0 | AC9: 0 | AD9: 0 | AE9: 0 | AF9: 0 | AG9: พร้อมส่ง | AH9: P9 | AI9: 3 | AJ9: 45968 | AK9: 0 | AL9: 45958 | AM9: 45965 | AN9: 45966 | AO9: 45966 | AP9: 45963 | AQ9: 45967 | AR9: 0 | AS9: 0 | AT9: 0 | AU9: 0 | AV9: 0 | AW9: งานพิมพ์ | AX9: / | AY9: รอส่ง ลูกค้ารับเอง | AZ9: 0 | BA9: 0 | BB9: 0 | BC9: WRWT25800/WRWT25800 | BD9: 0
A10: 45950 | B10: MK68-001247 | C10: บจก.ฟาเธอร์ส วิง ซัพพลาย | D10: ไม่พิมพ์ | E10: 18 | F10: 30 | G10: ขาว | H10: 0 | I10: 54 | J10: ± | K10: 5 | L10: ไม่ | M10: 19 | N10: 33 | O10: 40 | P10: 0 | Q10: 0 | R10: 0 | S10: 500กระสอบ | T10: 45968 | U10: 3000 | V10: 3064 | W10: 0 | X10: 0 | Y10: 0 | Z10: WSWT1825800 | AA10: 0 | AB10: 0 | AC10: 0 | AD10: 0 | AE10: 0 | AF10: 0 | AG10: ยังไม่ได้พิมพ์ | AH10: P9 | AI10: 3 | AJ10: 45968 | AK10: 0 | AL10: 0 | AM10: 0 | AN10: 0 | AO10: 45964 | AP10: 45963 | AQ10: 45965 | AR10: 0 | AS10: 0 | AT10: 0 | AU10: 0 | AV10: 0 | AW10: ตัด | AX10: 0 | AY10: รอส่ง ลูกค้ารับเอง | AZ10: 0 | BA10: 0 | BB10: 0 | BC10: WRWT25800/WRWT25800 | BD10: 0
A11: 45923 | B11: MK68-001162 | C11: หจก.อนนท์อุตสาหกรรม | D11: ดาว 20 กก. | E11: 18 | F11: 28 | G11: ขาว | H11: 0 | I11: 50 | J11: ± | K11: 5 | L11: ไม่ | M11: 19 | N11: 31 | O11: 40 | P11: 1453.1171 | Q11: 0 | R11: 1453.1171 | S11: 500กระสอบแบน | T11: 45989 | U11: 100000 | V11: 0 | W11: 100000 | X11: 0 | Y11: 105000 | Z11: WSWT1825800 | AA11: 82423 | AB11: 49747 | AC11: 32676 | AD11: 0 | AE11: 0 | AF11: 0 | AG11: ยังไม่ได้พิมพ์ | AH11: P9 | AI11: 3 | AJ11: 45989 | AK11: 0 | AL11: 45979 | AM11: 45986 | AN11: 45987 | AO11: 45987 | AP11: 45984 | AQ11: 45988 | AR11: 0 | AS11: 0 | AT11: 0 | AU11: 0 | AV11: 0 | AW11: งานพิมพ์ | AX11: / | AY11: 0 | AZ11: 0 | BA11: 0 | BB11: 0 | BC11: WRWT25800/WRWT25800 | BD11: 2248.1088
A12: 0 | B12: 0 | E12: 18 | F12: 30 | G12: ขาว | H12: 0 | I12: 54 | J12: ± | K12: 5 | L12: 0 | M12: 0 | N12: 0 | O12: 0 | P12: 0 | Q12: 0 | R12: 0 | S12: 0 | U12: 0 | V12: 0 | W12: 0 | X12: 0 | Y12: 0 | Z12: WSWT1825800 | AA12: 82423 | AB12: 49747 | AC12: 32676 | AD12: 0 | AE12: 0 | AF12: ระบุในSD | AG12: ยังไม่ได้พิมพ์ | AH12: 0 | AI12: Lead time | AJ12: 0 | AK12: 0 | AL12: 0 | AM12: 0 | AN12: 0 | AO12: 0 | AP12: 0 | AQ12: 0 | AR12: 0 | AS12: 0 | AT12: 0 | AU12: 0 | AV12: 0 | AW12: 0 | AX12: 0 | AY12: 0 | AZ12: 0 | BA12: 0 | BB12: 0 | BC12: WRWT25800/WRWT25800 | BD12: 0
A13: 0 | B13: ใบรับคำสั่งซื้อ | C13: บจก.2 เอ็ม อโกร | D13: พระเอกในดวงใจ | E13: 18 | F13: 30 | G13: ขาว | H13: ใส | I13: 74 | J13: ± | K13: 5 | L13: บิด | M13: 19 | N13: 33 | O13: 70 | P13: 135.35083 | Q13: 0 | R13: 135.35083 | S13: 0 | U13: 5000 | V13: 0 | W13: 5000 | X13: 0 | Y13: 5250 | Z13: WSWT1825800SM | AA13: 4400.55 | AB13: 0 | AC13: 4400.55 | AD13: 0 | AE13: 4400.55 | AF13: 0 | AG13: พร้อมส่ง | AH13: 0 | AI13: 0 | AJ13: 0 | AK13: 0 | AL13: 0 | AM13: 0 | AN13: 0 | AO13: 0 | AP13: 0 | AQ13: 0 | AR13: 0 | AS13: 0 | AT13: 0 | AU13: 0 | AV13: 0 | AW13: 0 | AX13: 0 | AY13: 0 | AZ13: 0 | BA13: 0 | BB13: 0 | BC13: WRWT25800/WRWT25800 | BD13: 281.6352
A14: 45965 | B14: ใบรับคำสั่งซื้อ | C14: บจก.ซิเบลโก้(บางเลน) | D14: FELDSPAR K200BL | E14: 18 | F14: 30 | G14: ขาว | H14: ใส | I14: 74 | J14: ± | K14: 5 | L14: ไม่ | M14: ไม่สวมถุงใน | N14: 0 | O14: 0 | P14: 0 | Q14: 0 | R14: 0 | S14: 500กระสอบแบนเต็มใบ | T14: 45994 | U14: 5000 | V14: 0 | W14: 5000 | X14: 0 | Y14: 5250 | Z14: WSWT1825800SM | AA14: 4400.55 | AB14: 0 | AC14: 4400.55 | AD14: 0 | AE14: 4400.55 | AF14: ห้ามเกิน-ขาดได้5% | AG14: พิมพ์ไม่ครบ | AH14: P6 | AI14: 4 | AJ14: 45994 | AK14: 45990 | AL14: 45983 | AM14: 45991 | AN14: 45992 | AO14: 45993 | AP14: 45989 | AQ14: 0 | AR14: 0 | AS14: 0 | AT14: 0 | AU14: 0 | AV14: 0 | AW14: งานเคลือบ+พิมพ์ | AX14: รอART | AY14: 0 | AZ14: 0 | BA14: 0 | BB14: 0 | BC14: WRWT25800/WRWT25800 | BD14: 281.6352
A15: 45965 | B15: ใบรับคำสั่งซื้อ | C15: บจก.ซิเบลโก้(บางเลน) | D15: PORTARYTE | E15: 18 | F15: 30 | G15: ขาว | H15: ใส | I15: 74 | J15: ± | K15: 5 | L15: ไม่ | M15: ไม่สวมถุงใน | N15: 0 | O15: 0 | P15: 0 | Q15: 0 | R15: 0 | S15: 500กระสอบแบนเต็มใบ | T15: 46027 | U15: 5000 | V15: 0 | W15: 5000 | X15: 0 | Y15: 5250 | Z15: WSWT1825800SM | AA15: 4400.55 | AB15: 0 | AC15: 4400.55 | AD15: 0 | AE15: 4400.55 | AF15: ห้ามเกิน-ขาดได้5% | AG15: ยังไม่ได้พิมพ์ | AH15: P6 | AI15: 4 | AJ15: 46027 | AK15: 46023 | AL15: 46016 | AM15: 46024 | AN15: 46025 | AO15: 46026 | AP15: 46022 | AQ15: 0 | AR15: 0 | AS15: 0 | AT15: 0 | AU15: 0 | AV15: 0 | AW15: งานเคลือบ+พิมพ์ | AX15: รอART | AY15: 0 | AZ15: 0 | BA15: 0 | BB15: 0 | BC15: WRWT25800/WRWT25800 | BD15: 281.6352
A16: 0 | B16: 0 | C16: 0 | E16: 18 | F16: 25 | G16: ขาว | H16: 0 | I16: 50 | J16: ± | K16: 5 | L16: 0 | M16: 0 | N16: 0 | O16: 0 | P16: 0 | Q16: 0 | R16: 0 | S16: 0 | U16: 0 | V16: 0 | W16: 0 | X16: 0 | Y16: 0 | Z16: WSWT1825800SM | AA16: 8801.1 | AB16: 0 | AC16: 8801.1 | AD16: 0 | AE16: 8801.1 | AF16: ระบุในSD | AG16: ยังไม่ได้พิมพ์ | AH16: 0 | AI16: Lead time | AJ16: 0 | AK16: 0 | AL16: 0 | AM16: 0 | AN16: 0 | AO16: 0 | AP16: 0 | AQ16: 0 | AR16: 0 | AS16: 0 | AT16: 0 | AU16: 0 | AV16: 0 | AW16: 0 | AX16: 0 | AY16: 0 | AZ16: 0 | BA16: 0 | BB16: 0 | BC16: WRWT180800/WRWT25800 | BD16: 0
A17: 45952 | B17: MK68-001268 | C17: บจก.เพรซิเดนท์ฟลาวมิลล์ | D17: ผึ้งเหลือง | E17: 19 | F17: 30 | G17: ขาว | H17: 0 | I17: 60 | J17: ± | K17: 5 | L17: บิด | M17: ไม่สวมถุงใน | N17: 0 | O17: 0 | P17: 0 | Q17: 0 | R17: 0 | S17: 500กระสอบ | T17: 45969 | U17: 50000 | V17: 2563 | W17: 47437 | X17: 40465 | Y17: 10011.75 | Z17: WSWT1925800 | AA17: 8811.4413 | AB17: 8811.4413 | AC17: 0 | AD17: 0 | AE17: 0 | AF17: 0 | AG17: ยังไม่ได้พิมพ์ | AH17: P7 | AI17: 2 | AJ17: 45969 | AK17: 0 | AL17: 45960 | AM17: 45967 | AN17: 45968 | AO17: 45968 | AP17: 45964 | AQ17: 0 | AR17: 0 | AS17: 0 | AT17: 0 | AU17: 0 | AV17: 0 | AW17: งานพิมพ์ | AX17: / | AY17: จาก12/11 มา7/11เย็น | AZ17: 0 | BA17: 0 | BB17: 0 | BC17: WRWT25800/WRWT25800 | BD17: 0
A18: 45952 | B18: MK68-001269 | C18: บจก.เพรซิเดนท์ฟลาวมิลล์ | D18: ผึ้งชมพู | E18: 19 | F18: 30 | G18: ขาว | H18: 0 | I18: 60 | J18: ± | K18: 5 | L18: บิด | M18: ไม่สวมถุงใน | N18: 0 | O18: 0 | P18: 0 | Q18: 0 | R18: 0 | S18: 500กระสอบ | T18: 45969 | U18: 20000 | V18: 4519 | W18: 15481 | X18: 0 | Y18: 16255.05 | Z18: WSWT1925800 | AA18: 13624.983 | AB18: 13624.983 | AC18: 0 | AD18: 0 | AE18: 0 | AF18: 0 | AG18: รอแบบ | AH18: P7 | AI18: 2 | AJ18: 45969 | AK18: 0 | AL18: 45960 | AM18: 45967 | AN18: 45968 | AO18: 45968 | AP18: 45964 | AQ18: 0 | AR18: 0 | AS18: 0 | AT18: 0 | AU18: 0 | AV18: 0 | AW18: งานพิมพ์ | AX18: / | AY18: จาก12/11 มา7/11เย็น | AZ18: 0 | BA18: 0 | BB18: 0 | BC18: WRWT25800/WRWT25800 | BD18: 0
A19: 45952 | B19: MK68-001269 | C19: บจก.เพรซิเดนท์ฟลาวมิลล์ | D19: ผึ้งชมพู | E19: 19 | F19: 30 | G19: ขาว | H19: 0 | I19: 60 | J19: ± | K19: 5 | L19: บิด | M19: ไม่สวมถุงใน | N19: 0 | O19: 0 | P19: 0 | Q19: 0 | R19: 0 | S19: 500กระสอบ | T19: 45980 | U19: 40000 | V19: 0 | W19: 40000 | X19: 0 | Y19: 42000 | Z19: WSWT1925800 | AA19: 35204.4 | AB19: 5223 | AC19: 29981.4 | AD19: 0 | AE19: 0 | AF19: 0 | AG19: พร้อมส่ง | AH19: P7 | AI19: 2 | AJ19: 45980 | AK19: 0 | AL19: 45971 | AM19: 45978 | AN19: 45979 | AO19: 45979 | AP19: 45975 | AQ19: 0 | AR19: 0 | AS19: 0 | AT19: 0 | AU19: 0 | AV19: 0 | AW19: งานพิมพ์ | AX19: / | AY19: 0 | AZ19: 0 | BA19: 0 | BB19: 0 | BC19: WRWT25800/WRWT25800 | BD19: 2177.3159
A20: ประมาณการ | B20: ประมาณการ | C20: บจก.ไลม์มาสเตอร์ | D20: LMC 25 kg | E20: 19 | F20: 32 | G20: ขาว | H20: 0 | I20: 64 | J20: ± | K20: 5 | L20: ไม่ | M20: 20 | N20: 35 | O20: 40 | P20: 341.36903 | Q20: 0 | R20: 341.36903 | S20: 500กระสอบแบน | T20: 45991 | U20: 20000 | V20: 233 | W20: 19767 | X20: 0 | Y20: 20755.35 | Z20: WSWT1925800 | AA20: 18501.714 | AB20: 0 | AC20: 18501.714 | AD20: 0 | AE20: 0 | AF20: 0 | AG20: ผ้าขาว | AH20: P9 | AI20: 3 | AJ20: 45991 | AK20: 0 | AL20: 45981 | AM20: 45988 | AN20: 45989 | AO20: 45989 | AP20: 45986 | AQ20: 45990 | AR20: 0 | AS20: 0 | AT20: 0 | AU20: 0 | AV20: 0 | AW20: งานพิมพ์ | AX20: รอART | AY20: 0 | AZ20: 0 | BA20: 0 | BB20: 0 | BC20: WRWT25800/WRWT25800 | BD20: 1343.6356
A21: ประมาณการ | B21: ประมาณการ | C21: บจก.เอ็กเซลเล้นท์ | D21: รอแบบ | E21: 19 | F21: 30 | G21: ขาว | H21: 0 | I21: 60 | J21: ± | K21: 5 | L21: บิด | M21: ไม่สวมถุงใน | N21: 0 | O21: 0 | P21: 0 | Q21: 0 | R21: 0 | S21: 500กระสอบ | T21: 45991 | U21: 40000 | V21: 0 | W21: 40000 | X21: 0 | Y21: 42000 | Z21: WSWT1925800 | AA21: 35204.4 | AB21: 0 | AC21: 35204.4 | AD21: 0 | AE21: 0 | AF21: 0 | AG21: ผ้าขาว | AH21: P7 | AI21: 2 | AJ21: 45991 | AK21: 0 | AL21: 45982 | AM21: 45989 | AN21: 45990 | AO21: 45990 | AP21: 45986 | AQ21: 0 | AR21: 0 | AS21: 0 | AT21: 0 | AU21: 0 | AV21: 0 | AW21: งานพิมพ์ | AX21: รอART | AY21: 0 | AZ21: 0 | BA21: 0 | BB21: 0 | BC21: WRWT25800/WRWT25800 | BD21: 2556.6218
A22: 0 | B22: 0 | C22: 0 | D22: 0 | E22: 19 | F22: 30 | G22: ขาว | H22: 0 | I22: 60 | J22: ± | K22: 5 | L22: 0 | M22: 0 | N22: 0 | O22: 0 | P22: 0 | Q22: 0 | R22: 0 | S22: 0 | U22: 0 | V22: 0 | W22: 0 | X22: 0 | Y22: 0 | Z22: WSWT1925800 | AA22: 111346.94 | AB22: 27659.424 | AC22: 83687.514 | AD22: 0 | AE22: 0 | AF22: ระบุในSD | AG22: รอตัด | AH22: 0 | AI22: Lead time | AJ22: 0 | AK22: 0 | AL22: 0 | AM22: 0 | AN22: 0 | AO22: 0 | AP22: 0 | AQ22: 0 | AR22: 0 | AS22: 0 | AT22: 0 | AU22: 0 | AV22: 0 | AW22: 0 | AX22: 0 | AY22: 0 | AZ22: 0 | BA22: 0 | BB22: 0 | BC22: WRWT25800/WRWT25800 | BD22: 0
A23: 45919 | B23: MK68-001143 | C23: บจก.เคอรี่ฟลาวมิลล์ | D23: ไม่พิมพ์ | E23: 19 | F23: 32 | G23: ขาว | H23: 0 | I23: 67 | J23: + | K23: 5 | L23: ไม่ | M23: ไม่สวมถุงใน | N23: 0 | O23: 0 | P23: 0 | Q23: 0 | R23: 0 | S23: ห่ออัดเบลแบน501 | T23: 45968 | U23: 20000 | V23: 21000 | W23: 0 | X23: 0 | Y23: 0 | Z23: WSWT1921720 | AA23: 0 | AB23: 0 | AC23: 0 | AD23: 0 | AE23: 0 | AF23: PDR250323 | AG23: พร้อมส่ง | AH23: P3 | AI23: 1 | AJ23: 45968 | AK23: 0 | AL23: 0 | AM23: 0 | AN23: 0 | AO23: 45967 | AP23: 45963 | AQ23: 0 | AR23: 0 | AS23: 0 | AT23: 0 | AU23: 0 | AV23: 0 | AW23: ตัด | AX23: 0 | AY23: 0 | AZ23: 0 | BA23: 0 | BB23: 0 | BC23: WRWT21720/WRWT25800 | BD23: 0
A24: 45941 | B24: MK68-001231 | C24: บจก.เคอรี่ฟลาวมิลล์ | D24: ไม่พิมพ์ | E24: 19 | F24: 32 | G24: ขาว | H24: 0 | I24: 67 | J24: + | K24: 5 | L24: ไม่ | M24: ไม่สวมถุงใน | N24: 0 | O24: 0 | P24: 0 | Q24: 0 | R24: 0 | S24: ห่ออัดเบลแบน501 | T24: 45968 | U24: 20000 | V24: 20775 | W24: 0 | X24: 0 | Y24: 0 | Z24: WSWT1921720 | AA24: 0 | AB24: 0 | AC24: 0 | AD24: 0 | AE24: 0 | AF24: PDR250350 | AG24: พร้อมส่ง | AH24: P3 | AI24: 1 | AJ24: 45968 | AK24: 0 | AL24: 0 | AM24: 0 | AN24: 0 | AO24: 45967 | AP24: 45963 | AQ24: 0 | AR24: 0 | AS24: 0 | AT24: 0 | AU24: 0 | AV24: 0 | AW24: ตัด | AX24: 0 | AY24: 0 | AZ24: 0 | BA24: 0 | BB24: 0 | BC24: WRWT21720/WRWT25800 | BD24: 0
A25: 0 | B25: ใบรับคำสั่งซื้อ | C25: บจก.เคอรี่ฟลาวมิลล์ | D25: บลูทีมเหลือง | E25: 19 | F25: 32 | G25: ขาว | H25: 0 | I25: 67 | J25: + | K25: 5 | L25: บิด | M25: ไม่สวมถุงใน | N25: 0 | O25: 0 | P25: 0 | Q25: 0 | R25: 0 | S25: ห่ออัดเบลแบน500 | T25: รอแจ้ง | U25: 5000 | V25: 0 | W25: 5000 | X25: 5400 | Y25: 0 | Z25: WSWT1921720 | AA25: 0 | AB25: 0 | AC25: 0 | AD25: 0 | AE25: 0 | AF25: 0 | AG25: พร้อมส่ง | AH25: P7 | AI25: 2 | AJ25: รอแจ้ง | AK25: 0 | AL25: #VALUE! | AM25: #VALUE! | AN25: #VALUE! | AO25: #VALUE! | AP25: #VALUE! | AQ25: 0 | AR25: 0 | AS25: 0 | AT25: 0 | AU25: 0 | AV25: 0 | AW25: งานพิมพ์ | AX25: / | AY25: 0 | AZ25: 0 | BA25: 0 | BB25: 0 | BC25: WRWT21720/WRWT25800 | BD25: 0
A26: 45953 | B26: MK68-001270 | C26: บจก.เคอรี่ฟลาวมิลล์ | D26: เคเอ็ม | E26: 19 | F26: 32 | G26: ขาว | H26: 0 | I26: 67 | J26: + | K26: 5 | L26: บิด | M26: ไม่สวมถุงใน | N26: 0 | O26: 0 | P26: 0 | Q26: 0 | R26: 0 | S26: ห่ออัดเบลแบน500 | T26: 45969 | U26: 5000 | V26: 5000 | W26: 0 | X26: 5400 | Y26: 0 | Z26: WSWT1921720 | AA26: 0 | AB26: 0 | AC26: 0 | AD26: 0 | AE26: 0 | AF26: PDR250357 | AG26: พร้อมส่ง | AH26: P7 | AI26: 2 | AJ26: 45969 | AK26: 0 | AL26: 45960 | AM26: 45967 | AN26: 45968 | AO26: 45968 | AP26: 45964 | AQ26: 0 | AR26: 0 | AS26: 0 | AT26: 0 | AU26: 0 | AV26: 0 | AW26: งานพิมพ์ | AX26: / | AY26: 0 | AZ26: 0 | BA26: 0 | BB26: 0 | BC26: WRWT21720/WRWT25800 | BD26: 0
A27: 45953 | B27: MK68-001270 | C27: บจก.เคอรี่ฟลาวมิลล์ | D27: แต้มแดง | E27: 19 | F27: 32 | G27: ขาว | H27: 0 | I27: 67 | J27: + | K27: 5 | L27: บิด | M27: ไม่สวมถุงใน | N27: 0 | O27: 0 | P27: 0 | Q27: 0 | R27: 0 | S27: ห่ออัดเบลแบน500 | T27: 45969 | U27: 5000 | V27: 5232 | W27: 0 | X27: 5400 | Y27: 0 | Z27: WSWT1921720 | AA27: 0 | AB27: 0 | AC27: 0 | AD27: 0 | AE27: 0 | AF27: PDR250357 | AG27: รอตัด | AH27: P7 | AI27: 2 | AJ27: 45969 | AK27: 0 | AL27: 45960 | AM27: 45967 | AN27: 45968 | AO27: 45968 | AP27: 45964 | AQ27: 0 | AR27: 0 | AS27: 0 | AT27: 0 | AU27: 0 | AV27: 0 | AW27: งานพิมพ์ | AX27: / | AY27: 0 | AZ27: 0 | BA27: 0 | BB27: 0 | BC27: WRWT21720/WRWT25800 | BD27: 0
A28: 45953 | B28: MK68-001270 | C28: บจก.เคอรี่ฟลาวมิลล์ | D28: 913 | E28: 19 | F28: 32 | G28: ขาว | H28: 0 | I28: 67 | J28: + | K28: 5 | L28: ไม่ | M28: ไม่สวมถุงใน | N28: 0 | O28: 0 | P28: 0 | Q28: 0 | R28: 0 | S28: ห่ออัดเบลแบน500 | T28: 45969 | U28: 5000 | V28: 5000 | W28: 0 | X28: 5400 | Y28: 0 | Z28: WSWT1921720 | AA28: 0 | AB28: 0 | AC28: 0 | AD28: 0 | AE28: 0 | AF28: PDR250357 | AG28: พร้อมส่ง | AH28: P7 | AI28: 2 | AJ28: 45969 | AK28: 0 | AL28: 45960 | AM28: 45967 | AN28: 45968 | AO28: 45968 | AP28: 45964 | AQ28: 0 | AR28: 0 | AS28: 0 | AT28: 0 | AU28: 0 | AV28: 0 | AW28: งานพิมพ์ | AX28: / | AY28: 0 | AZ28: 0 | BA28: 0 | BB28: 0 | BC28: WRWT21720/WRWT25800 | BD28: 0
A29: 45953 | B29: MK68-001270 | C29: บจก.เคอรี่ฟลาวมิลล์ | D29: ถุงเขียว | E29: 19 | F29: 32 | G29: ขาว | H29: 0 | I29: 67 | J29: + | K29: 5 | L29: บิด | M29: ไม่สวมถุงใน | N29: 0 | O29: 0 | P29: 0 | Q29: 0 | R29: 0 | S29: ห่ออัดเบลแบน500 | T29: 45969 | U29: 10000 | V29: 10000 | W29: 0 | X29: 10400 | Y29: 0 | Z29: WSWT1921720 | AA29: 0 | AB29: 0 | AC29: 0 | AD29: 0 | AE29: 0 | AF29: PDR250357 | AG29: พร้อมส่ง | AH29: P7 | AI29: 2 | AJ29: 45969 | AK29: 0 | AL29: 45960 | AM29: 45967 | AN29: 45968 | AO29: 45968 | AP29: 45964 | AQ29: 0 | AR29: 0 | AS29: 0 | AT29: 0 | AU29: 0 | AV29: 0 | AW29: งานพิมพ์ | AX29: / | AY29: 0 | AZ29: 0 | BA29: 0 | BB29: 0 | BC29: WRWT21720/WRWT25800 | BD29: 0
A30: 45953 | B30: MK68-001271 | C30: บจก.เคอรี่ฟลาวมิลล์ | D30: ถุงเขียว | E30: 19 | F30: 32 | G30: ขาว | H30: 0 | I30: 67 | J30: + | K30: 5 | L30: บิด | M30: ไม่สวมถุงใน | N30: 0 | O30: 0 | P30: 0 | Q30: 0 | R30: 0 | S30: ห่ออัดเบลแบน500 | T30: 45969 | U30: 5000 | V30: 0 | W30: 5000 | X30: 5350 | Y30: 0 | Z30: WSWT1921720 | AA30: 0 | AB30: 0 | AC30: 0 | AD30: 0 | AE30: 0 | AF30: PDR250358 | AG30: พร้อมส่ง | AH30: P7 | AI30: 2 | AJ30: 45969 | AK30: 0 | AL30: 45960 | AM30: 45967 | AN30: 45968 | AO30: 45968 | AP30: 45964 | AQ30: 0 | AR30: 0 | AS30: 0 | AT30: 0 | AU30: 0 | AV30: 0 | AW30: งานพิมพ์ | AX30: / | AY30: 0 | AZ30: 0 | BA30: 0 | BB30: 0 | BC30: WRWT21720/WRWT25800 | BD30: 0
A31: 45953 | B31: MK68-001271 | C31: บจก.เคอรี่ฟลาวมิลล์ | D31: BS | E31: 19 | F31: 32 | G31: ขาว | H31: 0 | I31: 67 | J31: + | K31: 5 | L31: ไม่ | M31: ไม่สวมถุงใน | N31: 0 | O31: 0 | P31: 0 | Q31: 0 | R31: 0 | S31: ห่ออัดเบลแบน500 | T31: 45969 | U31: 5000 | V31: 5000 | W31: 0 | X31: 5400 | Y31: 0 | Z31: WSWT1921720 | AA31: 0 | AB31: 0 | AC31: 0 | AD31: 0 | AE31: 0 | AF31: PDR250358 | AG31: ยังไม่ได้พิมพ์ | AH31: P7 | AI31: 2 | AJ31: 45969 | AK31: 0 | AL31: 45960 | AM31: 45967 | AN31: 45968 | AO31: 45968 | AP31: 45964 | AQ31: 0 | AR31: 0 | AS31: 0 | AT31: 0 | AU31: 0 | AV31: 0 | AW31: งานพิมพ์ | AX31: / | AY31: 0 | AZ31: 0 | BA31: 0 | BB31: 0 | BC31: WRWT21720/WRWT25800 | BD31: 0
A32: 45953 | B32: MK68-001271 | C32: บจก.เคอรี่ฟลาวมิลล์ | D32: BS(แต้มฟ้า) | E32: 19 | F32: 32 | G32: ขาว | H32: 0 | I32: 67 | J32: + | K32: 5 | L32: บิด | M32: ไม่สวมถุงใน | N32: 0 | O32: 0 | P32: 0 | Q32: 0 | R32: 0 | S32: ห่ออัดเบลแบน500 | T32: 45969 | U32: 5000 | V32: 5000 | W32: 0 | X32: 5400 | Y32: 0 | Z32: WSWT1921720 | AA32: 0 | AB32: 0 | AC32: 0 | AD32: 0 | AE32: 0 | AF32: PDR250358 | AG32: ยังไม่ได้พิมพ์ | AH32: P7 | AI32: 2 | AJ32: 45969 | AK32: 0 | AL32: 45960 | AM32: 45967 | AN32: 45968 | AO32: 45968 | AP32: 45964 | AQ32: 0 | AR32: 0 | AS32: 0 | AT32: 0 | AU32: 0 | AV32: 0 | AW32: งานพิมพ์ | AX32: / | AY32: 0 | AZ32: 0 | BA32: 0 | BB32: 0 | BC32: WRWT21720/WRWT25800 | BD32: 0
A33: 45953 | B33: MK68-001271 | C33: บจก.เคอรี่ฟลาวมิลล์ | D33: กุ้งแดง | E33: 19 | F33: 32 | G33: ขาว | H33: 0 | I33: 67 | J33: + | K33: 5 | L33: บิด | M33: ไม่สวมถุงใน | N33: 0 | O33: 0 | P33: 0 | Q33: 0 | R33: 0 | S33: ห่ออัดเบลแบน500 | T33: 45969 | U33: 10000 | V33: 10000 | W33: 0 | X33: 10450 | Y33: 0 | Z33: WSWT1921720 | AA33: 0 | AB33: 0 | AC33: 0 | AD33: 0 | AE33: 0 | AF33: PDR250358 | AG33: ยังไม่ได้พิมพ์ | AH33: P7 | AI33: 2 | AJ33: 45969 | AK33: 0 | AL33: 45960 | AM33: 45967 | AN33: 45968 | AO33: 45968 | AP33: 45964 | AQ33: 0 | AR33: 0 | AS33: 0 | AT33: 0 | AU33: 0 | AV33: 0 | AW33: งานพิมพ์ | AX33: / | AY33: 0 | AZ33: 0 | BA33: 0 | BB33: 0 | BC33: WRWT21720/WRWT25800 | BD33: 0
A34: 45966 | B34: MK68-001329 | C34: บจก.เคอรี่ฟลาวมิลล์ | D34: ปลาโลมาเทา | E34: 19 | F34: 32 | G34: ขาว | H34: 0 | I34: 67 | J34: + | K34: 5 | L34: บิด | M34: ไม่สวมถุงใน | N34: 0 | O34: 0 | P34: 0 | Q34: 0 | R34: 0 | S34: ห่ออัดเบลแบน500 | T34: 45974 | U34: 5000 | V34: 0 | W34: 5000 | X34: 0 | Y34: 5250 | Z34: WSWT1921720 | AA34: 4679.95 | AB34: 4679.95 | AC34: 0 | AD34: 0 | AE34: 0 | AF34: PDR250362 | AG34: ยังไม่ได้พิมพ์ | AH34: P7 | AI34: 2 | AJ34: 45974 | AK34: 0 | AL34: 45965 | AM34: 45972 | AN34: 45973 | AO34: 45973 | AP34: 45969 | AQ34: 0 | AR34: 0 | AS34: 0 | AT34: 0 | AU34: 0 | AV34: 0 | AW34: งานพิมพ์ | AX34: รอART | AY34: 0 | AZ34: 0 | BA34: 0 | BB34: 0 | BC34: WRWT21720/WRWT25800 | BD34: 0
A35: 45966 | B35: MK68-001329 | C35: บจก.เคอรี่ฟลาวมิลล์ | D35: ถุงเงิน | E35: 19 | F35: 32 | G35: ขาว | H35: 0 | I35: 67 | J35: + | K35: 5 | L35: บิด | M35: ไม่สวมถุงใน | N35: 0 | O35: 0 | P35: 0 | Q35: 0 | R35: 0 | S35: ห่ออัดเบลแบน500 | T35: 45974 | U35: 5000 | V35: 0 | W35: 5000 | X35: 0 | Y35: 5250 | Z35: WSWT1921720 | AA35: 4679.95 | AB35: 4679.95 | AC35: 0 | AD35: 0 | AE35: 0 | AF35: PDR250362 | AG35: ยังไม่ได้พิมพ์ | AH35: P7 | AI35: 2 | AJ35: 45974 | AK35: 0 | AL35: 45965 | AM35: 45972 | AN35: 45973 | AO35: 45973 | AP35: 45969 | AQ35: 0 | AR35: 0 | AS35: 0 | AT35: 0 | AU35: 0 | AV35: 0 | AW35: งานพิมพ์ | AX35: รอART | AY35: 0 | AZ35: 0 | BA35: 0 | BB35: 0 | BC35: WRWT21720/WRWT25800 | BD35: 0
A36: 45966 | B36: MK68-001329 | C36: บจก.เคอรี่ฟลาวมิลล์ | D36: โบว์น้ำเงิน | E36: 19 | F36: 32 | G36: ขาว | H36: 0 | I36: 67 | J36: + | K36: 5 | L36: บิด | M36: ไม่สวมถุงใน | N36: 0 | O36: 0 | P36: 0 | Q36: 0 | R36: 0 | S36: ห่ออัดเบลแบน500 | T36: 45974 | U36: 5000 | V36: 0 | W36: 5000 | X36: 0 | Y36: 5250 | Z36: WSWT1921720 | AA36: 4679.95 | AB36: 1899 | AC36: 2780.95 | AD36: 0 | AE36: 0 | AF36: PDR250362 | AG36: ยังไม่ได้พิมพ์ | AH36: P7 | AI36: 2 | AJ36: 45974 | AK36: 0 | AL36: 45965 | AM36: 45972 | AN36: 45973 | AO36: 45973 | AP36: 45969 | AQ36: 0 | AR36: 0 | AS36: 0 | AT36: 0 | AU36: 0 | AV36: 0 | AW36: งานพิมพ์ | AX36: รอART | AY36: 0 | AZ36: 0 | BA36: 0 | BB36: 0 | BC36: WRWT21720/WRWT25800 | BD36: 209.47351
A37: 45966 | B37: MK68-001329 | C37: บจก.เคอรี่ฟลาวมิลล์ | D37: โบว์แดง | E37: 19 | F37: 32 | G37: ขาว | H37: 0 | I37: 67 | J37: + | K37: 5 | L37: บิด | M37: ไม่สวมถุงใน | N37: 0 | O37: 0 | P37: 0 | Q37: 0 | R37: 0 | S37: ห่ออัดเบลแบน500 | T37: 45974 | U37: 5000 | V37: 0 | W37: 5000 | X37: 0 | Y37: 5250 | Z37: WSWT1921720 | AA37: 4679.95 | AB37: 0 | AC37: 4679.95 | AD37: 0 | AE37: 0 | AF37: PDR250362 | AG37: ยังไม่ได้พิมพ์ | AH37: P7 | AI37: 2 | AJ37: 45974 | AK37: 0 | AL37: 45965 | AM37: 45972 | AN37: 45973 | AO37: 45973 | AP37: 45969 | AQ37: 0 | AR37: 0 | AS37: 0 | AT37: 0 | AU37: 0 | AV37: 0 | AW37: งานพิมพ์ | AX37: รอART | AY37: 0 | AZ37: 0 | BA37: 0 | BB37: 0 | BC37: WRWT21720/WRWT25800 | BD37: 352.51463
A38: 45966 | B38: MK68-001329 | C38: บจก.เคอรี่ฟลาวมิลล์ | D38: 913 | E38: 19 | F38: 32 | G38: ขาว | H38: 0 | I38: 67 | J38: + | K38: 5 | L38: ไม่ | M38: ไม่สวมถุงใน | N38: 0 | O38: 0 | P38: 0 | Q38: 0 | R38: 0 | S38: ห่ออัดเบลแบน500 | T38: 45974 | U38: 5000 | V38: 0 | W38: 5000 | X38: 0 | Y38: 5250 | Z38: WSWT1921720 | AA38: 4679.95 | AB38: 0 | AC38: 4679.95 | AD38: 0 | AE38: 0 | AF38: PDR250362 | AG38: ยังไม่ได้พิมพ์ | AH38: P7 | AI38: 2 | AJ38: 45974 | AK38: 0 | AL38: 45965 | AM38: 45972 | AN38: 45973 | AO38: 45973 | AP38: 45969 | AQ38: 0 | AR38: 0 | AS38: 0 | AT38: 0 | AU38: 0 | AV38: 0 | AW38: งานพิมพ์ | AX38: รอART | AY38: 0 | AZ38: 0 | BA38: 0 | BB38: 0 | BC38: WRWT21720/WRWT25800 | BD38: 352.51463
A39: 45966 | B39: MK68-001330 | C39: บจก.เคอรี่ฟลาวมิลล์ | D39: ถุงเขียว | E39: 19 | F39: 32 | G39: ขาว | H39: 0 | I39: 67 | J39: + | K39: 5 | L39: บิด | M39: ไม่สวมถุงใน | N39: 0 | O39: 0 | P39: 0 | Q39: 0 | R39: 0 | S39: ห่ออัดเบลแบน500 | T39: 45974 | U39: 10000 | V39: 0 | W39: 10000 | X39: 0 | Y39: 10500 | Z39: WSWT1921720 | AA39: 9359.9 | AB39: 0 | AC39: 9359.9 | AD39: 0 | AE39: 0 | AF39: PDR250363 | AG39: ยังไม่ได้พิมพ์ | AH39: P7 | AI39: 2 | AJ39: 45974 | AK39: 0 | AL39: 45965 | AM39: 45972 | AN39: 45973 | AO39: 45973 | AP39: 45969 | AQ39: 0 | AR39: 0 | AS39: 0 | AT39: 0 | AU39: 0 | AV39: 0 | AW39: งานพิมพ์ | AX39: รอART | AY39: 0 | AZ39: 0 | BA39: 0 | BB39: 0 | BC39: WRWT21720/WRWT25800 | BD39: 705.02927
A40: 45966 | B40: MK68-001330 | C40: บจก.เคอรี่ฟลาวมิลล์ | D40: ถุงทองแซนวิช | E40: 19 | F40: 32 | G40: ขาว | H40: 0 | I40: 67 | J40: + | K40: 5 | L40: บิด | M40: ไม่สวมถุงใน | N40: 0 | O40: 0 | P40: 0 | Q40: 0 | R40: 0 | S40: ห่ออัดเบลแบน500 | T40: 45974 | U40: 10000 | V40: 0 | W40: 10000 | X40: 0 | Y40: 10500 | Z40: WSWT1921720 | AA40: 9359.9 | AB40: 0 | AC40: 9359.9 | AD40: 0 | AE40: 0 | AF40: PDR250363 | AG40: ยังไม่ได้พิมพ์ | AH40: P7 | AI40: 2 | AJ40: 45974 | AK40: 0 | AL40: 45965 | AM40: 45972 | AN40: 45973 | AO40: 45973 | AP40: 45969 | AQ40: 0 | AR40: 0 | AS40: 0 | AT40: 0 | AU40: 0 | AV40: 0 | AW40: งานพิมพ์ | AX40: รอART | AY40: 0 | AZ40: 0 | BA40: 0 | BB40: 0 | BC40: WRWT21720/WRWT25800 | BD40: 705.02927
A41: 45966 | B41: MK68-001330 | C41: บจก.เคอรี่ฟลาวมิลล์ | D41: ปลาโลมาแดง | E41: 19 | F41: 32 | G41: ขาว | H41: 0 | I41: 67 | J41: + | K41: 5 | L41: บิด | M41: ไม่สวมถุงใน | N41: 0 | O41: 0 | P41: 0 | Q41: 0 | R41: 0 | S41: ห่ออัดเบลแบน500 | T41: 45974 | U41: 5000 | V41: 0 | W41: 5000 | X41: 0 | Y41: 5250 | Z41: WSWT1921720 | AA41: 4679.95 | AB41: 0 | AC41: 4679.95 | AD41: 0 | AE41: 0 | AF41: PDR250363 | AG41: ยังไม่ได้พิมพ์ | AH41: P7 | AI41: 2 | AJ41: 45974 | AK41: 0 | AL41: 45965 | AM41: 45972 | AN41: 45973 | AO41: 45973 | AP41: 45969 | AQ41: 0 | AR41: 0 | AS41: 0 | AT41: 0 | AU41: 0 | AV41: 0 | AW41: งานพิมพ์ | AX41: รอART | AY41: 0 | AZ41: 0 | BA41: 0 | BB41: 0 | BC41: WRWT21720/WRWT25800 | BD41: 352.51463
A42: 45966 | B42: MK68-001329 | C42: บจก.เคอรี่ฟลาวมิลล์ | D42: เคเอ็ม | E42: 19 | F42: 32 | G42: ขาว | H42: 0 | I42: 67 | J42: + | K42: 5 | L42: บิด | M42: ไม่สวมถุงใน | N42: 0 | O42: 0 | P42: 0 | Q42: 0 | R42: 0 | S42: ห่ออัดเบลแบน500 | T42: 45976 | U42: 5000 | V42: 0 | W42: 5000 | X42: 0 | Y42: 5250 | Z42: WSWT1921720 | AA42: 4679.95 | AB42: 0 | AC42: 4679.95 | AD42: 0 | AE42: 0 | AF42: PDR250364 | AG42: ยังไม่ได้พิมพ์ | AH42: P7 | AI42: 2 | AJ42: 45976 | AK42: 0 | AL42: 45967 | AM42: 45974 | AN42: 45975 | AO42: 45975 | AP42: 45971 | AQ42: 0 | AR42: 0 | AS42: 0 | AT42: 0 | AU42: 0 | AV42: 0 | AW42: งานพิมพ์ | AX42: รอART | AY42: 0 | AZ42: 0 | BA42: 0 | BB42: 0 | BC42: WRWT21720/WRWT25800 | BD42: 352.51463
A43: 45966 | B43: MK68-001329 | C43: บจก.เคอรี่ฟลาวมิลล์ | D43: HARD FLOUR | E43: 19 | F43: 32 | G43: ขาว | H43: 0 | I43: 67 | J43: + | K43: 5 | L43: บิด | M43: ไม่สวมถุงใน | N43: 0 | O43: 0 | P43: 0 | Q43: 0 | R43: 0 | S43: ห่ออัดเบลแบน500 | T43: 45976 | U43: 5000 | V43: 0 | W43: 5000 | X43: 0 | Y43: 5250 | Z43: WSWT1921720 | AA43: 4679.95 | AB43: 0 | AC43: 4679.95 | AD43: 0 | AE43: 0 | AF43: PDR250364 | AG43: ผ้าขาว | AH43: P7 | AI43: 2 | AJ43: 45976 | AK43: 0 | AL43: 45967 | AM43: 45974 | AN43: 45975 | AO43: 45975 | AP43: 45971 | AQ43: 0 | AR43: 0 | AS43: 0 | AT43: 0 | AU43: 0 | AV43: 0 | AW43: งานพิมพ์ | AX43: รอART | AY43: 0 | AZ43: 0 | BA43: 0 | BB43: 0 | BC43: WRWT21720/WRWT25800 | BD43: 352.51463
A44: 45966 | B44: MK68-001329 | C44: บจก.เคอรี่ฟลาวมิลล์ | D44: หีบเพลงฟ้า | E44: 19 | F44: 32 | G44: ขาว | H44: 0 | I44: 67 | J44: + | K44: 5 | L44: บิด | M44: ไม่สวมถุงใน | N44: 0 | O44: 0 | P44: 0 | Q44: 0 | R44: 0 | S44: ห่ออัดเบลแบน500 | T44: 45976 | U44: 5000 | V44: 0 | W44: 5000 | X44: 0 | Y44: 5250 | Z44: WSWT1921720 | AA44: 4679.95 | AB44: 0 | AC44: 4679.95 | AD44: 0 | AE44: 0 | AF44: PDR250364 | AG44: ยังไม่ได้พิมพ์ | AH44: P7 | AI44: 2 | AJ44: 45976 | AK44: 0 | AL44: 45967 | AM44: 45974 | AN44: 45975 | AO44: 45975 | AP44: 45971 | AQ44: 0 | AR44: 0 | AS44: 0 | AT44: 0 | AU44: 0 | AV44: 0 | AW44: งานพิมพ์ | AX44: รอART | AY44: 0 | AZ44: 0 | BA44: 0 | BB44: 0 | BC44: WRWT21720/WRWT25800 | BD44: 352.51463
A45: 45966 | B45: MK68-001329 | C45: บจก.เคอรี่ฟลาวมิลล์ | D45: แต้มแดง | E45: 19 | F45: 32 | G45: ขาว | H45: 0 | I45: 67 | J45: + | K45: 5 | L45: บิด | M45: ไม่สวมถุงใน | N45: 0 | O45: 0 | P45: 0 | Q45: 0 | R45: 0 | S45: ห่ออัดเบลแบน500 | T45: 45976 | U45: 5000 | V45: 0 | W45: 5000 | X45: 0 | Y45: 5250 | Z45: WSWT1921720 | AA45: 4679.95 | AB45: 0 | AC45: 4679.95 | AD45: 0 | AE45: 0 | AF45: PDR250364 | AG45: ยังไม่ได้พิมพ์ | AH45: P7 | AI45: 2 | AJ45: 45976 | AK45: 0 | AL45: 45967 | AM45: 45974 | AN45: 45975 | AO45: 45975 | AP45: 45971 | AQ45: 0 | AR45: 0 | AS45: 0 | AT45: 0 | AU45: 0 | AV45: 0 | AW45: งานพิมพ์ | AX45: รอART | AY45: 0 | AZ45: 0 | BA45: 0 | BB45: 0 | BC45: WRWT21720/WRWT25800 | BD45: 352.51463
A46: 45966 | B46: MK68-001331 | C46: บจก.เคอรี่ฟลาวมิลล์ | D46: ไม่พิมพ์ | E46: 19 | F46: 36 | G46: ขาว | H46: 0 | I46: 75 | J46: + | K46: 5 | L46: ไม่ | M46: ไม่สวมถุงใน | N46: 0 | O46: 0 | P46: 0 | Q46: 0 | R46: 0 | S46: ห่ออัดเบลแบน500 | T46: 45976 | U46: 5000 | V46: 0 | W46: 5000 | X46: 0 | Y46: 0 | Z46: WSWT1921720 | AA46: 5238.75 | AB46: 0 | AC46: 5238.75 | AD46: 0 | AE46: 0 | AF46: PDR250364 | AG46: ยังไม่ได้พิมพ์ | AH46: P7 | AI46: 2 | AJ46: 45976 | AK46: 0 | AL46: 45967 | AM46: 45974 | AN46: 45975 | AO46: 45975 | AP46: 45971 | AQ46: 0 | AR46: 0 | AS46: 0 | AT46: 0 | AU46: 0 | AV46: 0 | AW46: งานพิมพ์ | AX46: รอART | AY46: 0 | AZ46: 0 | BA46: 0 | BB46: 0 | BC46: WRWT21720/WRWT25800 | BD46: 394.60593
A47: 45966 | B47: MK68-001330 | C47: บจก.เคอรี่ฟลาวมิลล์ | D47: ปลาโลมาแดง | E47: 19 | F47: 32 | G47: ขาว | H47: 0 | I47: 67 | J47: + | K47: 5 | L47: บิด | M47: ไม่สวมถุงใน | N47: 0 | O47: 0 | P47: 0 | Q47: 0 | R47: 0 | S47: ห่ออัดเบลแบน500 | T47: 45976 | U47: 5000 | V47: 0 | W47: 5000 | X47: 0 | Y47: 5250 | Z47: WSWT1921720 | AA47: 4679.95 | AB47: 0 | AC47: 4679.95 | AD47: 0 | AE47: 0 | AF47: PDR250365 | AG47: ยังไม่ได้พิมพ์ | AH47: P7 | AI47: 2 | AJ47: 45976 | AK47: 0 | AL47: 45967 | AM47: 45974 | AN47: 45975 | AO47: 45975 | AP47: 45971 | AQ47: 0 | AR47: 0 | AS47: 0 | AT47: 0 | AU47: 0 | AV47: 0 | AW47: งานพิมพ์ | AX47: รอART | AY47: 0 | AZ47: 0 | BA47: 0 | BB47: 0 | BC47: WRWT21720/WRWT25800 | BD47: 352.51463
A48: 45966 | B48: MK68-001330 | C48: บจก.เคอรี่ฟลาวมิลล์ | D48: ดอกไม้เหลือง | E48: 19 | F48: 32 | G48: ขาว | H48: 0 | I48: 67 | J48: + | K48: 5 | L48: บิด | M48: ไม่สวมถุงใน | N48: 0 | O48: 0 | P48: 0 | Q48: 0 | R48: 0 | S48: ห่ออัดเบลแบน500 | T48: 45976 | U48: 5000 | V48: 0 | W48: 5000 | X48: 0 | Y48: 5250 | Z48: WSWT1921720 | AA48: 4679.95 | AB48: 0 | AC48: 4679.95 | AD48: 0 | AE48: 0 | AF48: PDR250365 | AG48: ยังไม่ได้พิมพ์ | AH48: P7 | AI48: 2 | AJ48: 45976 | AK48: 0 | AL48: 45967 | AM48: 45974 | AN48: 45975 | AO48: 45975 | AP48: 45971 | AQ48: 0 | AR48: 0 | AS48: 0 | AT48: 0 | AU48: 0 | AV48: 0 | AW48: งานพิมพ์ | AX48: รอART | AY48: 0 | AZ48: 0 | BA48: 0 | BB48: 0 | BC48: WRWT21720/WRWT25800 | BD48: 352.51463
A49: 45966 | B49: MK68-001330 | C49: บจก.เคอรี่ฟลาวมิลล์ | D49: BS(แต้มฟ้า) | E49: 19 | F49: 32 | G49: ขาว | H49: 0 | I49: 67 | J49: + | K49: 5 | L49: บิด | M49: ไม่สวมถุงใน | N49: 0 | O49: 0 | P49: 0 | Q49: 0 | R49: 0 | S49: ห่ออัดเบลแบน500 | T49: 45976 | U49: 5000 | V49: 0 | W49: 5000 | X49: 0 | Y49: 5250 | Z49: WSWT1921720 | AA49: 4679.95 | AB49: 0 | AC49: 4679.95 | AD49: 0 | AE49: 0 | AF49: PDR250365 | AG49: รอแบบ | AH49: P7 | AI49: 2 | AJ49: 45976 | AK49: 0 | AL49: 45967 | AM49: 45974 | AN49: 45975 | AO49: 45975 | AP49: 45971 | AQ49: 0 | AR49: 0 | AS49: 0 | AT49: 0 | AU49: 0 | AV49: 0 | AW49: งานพิมพ์ | AX49: รอART | AY49: 0 | AZ49: 0 | BA49: 0 | BB49: 0 | BC49: WRWT21720/WRWT25800 | BD49: 352.51463
A50: 45966 | B50: MK68-001330 | C50: บจก.เคอรี่ฟลาวมิลล์ | D50: หีบเพลงเหลือง | E50: 19 | F50: 32 | G50: ขาว | H50: 0 | I50: 67 | J50: + | K50: 5 | L50: บิด | M50: ไม่สวมถุงใน | N50: 0 | O50: 0 | P50: 0 | Q50: 0 | R50: 0 | S50: ห่ออัดเบลแบน500 | T50: 45976 | U50: 5000 | V50: 0 | W50: 5000 | X50: 0 | Y50: 5250 | Z50: WSWT1921720 | AA50: 4679.95 | AB50: 0 | AC50: 4679.95 | AD50: 0 | AE50: 0 | AF50: PDR250365 | AG50: พร้อมส่ง | AH50: P7 | AI50: 2 | AJ50: 45976 | AK50: 0 | AL50: 45967 | AM50: 45974 | AN50: 45975 | AO50: 45975 | AP50: 45971 | AQ50: 0 | AR50: 0 | AS50: 0 | AT50: 0 | AU50: 0 | AV50: 0 | AW50: งานพิมพ์ | AX50: รอART | AY50: 0 | AZ50: 0 | BA50: 0 | BB50: 0 | BC50: WRWT21720/WRWT25800 | BD50: 352.51463
A51: 45966 | B51: MK68-001330 | C51: บจก.เคอรี่ฟลาวมิลล์ | D51: WHOLE WHEAT | E51: 19 | F51: 32 | G51: ขาว | H51: 0 | I51: 67 | J51: + | K51: 5 | L51: บิด | M51: ไม่สวมถุงใน | N51: 0 | O51: 0 | P51: 0 | Q51: 0 | R51: 0 | S51: ห่ออัดเบลแบน500 | T51: 45976 | U51: 5000 | V51: 0 | W51: 5000 | X51: 0 | Y51: 5250 | Z51: WSWT1921720 | AA51: 4679.95 | AB51: 0 | AC51: 4679.95 | AD51: 0 | AE51: 0 | AF51: PDR250365 | AG51: ยังไม่ได้พิมพ์ | AH51: P7 | AI51: 2 | AJ51: 45976 | AK51: 0 | AL51: 45967 | AM51: 45974 | AN51: 45975 | AO51: 45975 | AP51: 45971 | AQ51: 0 | AR51: 0 | AS51: 0 | AT51: 0 | AU51: 0 | AV51: 0 | AW51: งานพิมพ์ | AX51: รอART | AY51: 0 | AZ51: 0 | BA51: 0 | BB51: 0 | BC51: WRWT21720/WRWT25800 | BD51: 352.51463
A52: ประมาณการ | B52: ประมาณการ | C52: บจก.เคอรี่ฟลาวมิลล์ | D52: รอแบบ | E52: 19 | F52: 32 | G52: ขาว | H52: 0 | I52: 67 | J52: + | K52: 5 | L52: บิด | M52: ไม่สวมถุงใน | N52: 0 | O52: 0 | P52: 0 | Q52: 0 | R52: 0 | S52: ห่ออัดเบลแบน500 | T52: 45991 | U52: 375000 | V52: 0 | W52: 375000 | X52: 0 | Y52: 393750 | Z52: WSWT1921720 | AA52: 335041.88 | AB52: 0 | AC52: 335041.88 | AD52: 0 | AE52: 0 | AF52: 0 | AG52: ยังไม่ได้พิมพ์ | AH52: P7 | AI52: 2 | AJ52: 45991 | AK52: 0 | AL52: 45982 | AM52: 45989 | AN52: 45990 | AO52: 45990 | AP52: 45986 | AQ52: 0 | AR52: 0 | AS52: 0 | AT52: 0 | AU52: 0 | AV52: 0 | AW52: งานพิมพ์ | AX52: รอART | AY52: 0 | AZ52: 0 | BA52: 0 | BB52: 0 | BC52: WRWT21720/WRWT25800 | BD52: 8812.8658
A53: 0 | B53: 0 | C53: 0 | D53: 0 | E53: 19 | F53: 30 | G53: 0 | H53: 0 | I53: 63 | J53: + | K53: 5 | L53: 0 | M53: 0 | N53: 0 | O53: 0 | P53: 0 | Q53: 0 | R53: 0 | S53: 0 | U53: 0 | V53: 0 | W53: 0 | X53: 0 | Y53: 0 | Z53: WSWT1921720 | AA53: 211156.55 | AB53: 11258.9 | AC53: 199897.65 | AD53: 0 | AE53: 0 | AF53: ระบุในSD | AG53: พร้อมส่ง | AH53: 0 | AI53: Lead time | AJ53: 0 | AK53: 0 | AL53: 0 | AM53: 0 | AN53: 0 | AO53: 0 | AP53: 0 | AQ53: 0 | AR53: 0 | AS53: 0 | AT53: 0 | AU53: 0 | AV53: 0 | AW53: 0 | AX53: 0 | AY53: 0 | AZ53: 0 | BA53: 0 | BB53: 0 | BC53: WRWT190720/WRWT25800 | BD53: 0
A54: 0 | B54: ใบรับคำสั่งซื้อ | C54: บจก.เอเชี่ยนเคมิคัล | D54: A.C.C.ภาษาอังกฤษ 8-118 | E54: 19 | F54: 26 | G54: ขาว | H54: ด้าน | I54: 70 | J54: ± | K54: 5 | L54: ไม่ | M54: 20 | N54: 28 | O54: 50 | P54: 172.69643 | Q54: 0 | R54: 172.69643 | S54: มัด100 | T54: 45978 | U54: 10000 | V54: 0 | W54: 10000 | X54: 0 | Y54: 10500 | Z54: WSWT1925800SM | AA54: 7683.5 | AB54: 7033 | AC54: 650.5 | AD54: 2971 | AE54: 4712.5 | AF54: 0 | AG54: พร้อมส่ง | AH54: P8 | AI54: 4 | AJ54: 45978 | AK54: 45974 | AL54: 45968 | AM54: 45975 | AN54: 45976 | AO54: 45976 | AP54: 45973 | AQ54: 45977 | AR54: 0 | AS54: 0 | AT54: 0 | AU54: 0 | AV54: 0 | AW54: งานเคลือบ+พิมพ์ | AX54: รอART | AY54: เย็น17/11 | AZ54: 0 | BA54: 0 | BB54: 0 | BC54: WRWT25800/WRWT25800 | BD54: 43.944889
A55: 0 | B55: ใบรับคำสั่งซื้อ | C55: บจก.เอเชี่ยนเคมิคัล | D55: A.C.C.ภาษาอังกฤษ 8-111-131 | E55: 19 | F55: 26 | G55: ขาว | H55: ด้าน | I55: 70 | J55: ± | K55: 5 | L55: ไม่ | M55: 20 | N55: 28 | O55: 50 | P55: 172.69643 | Q55: 0 | R55: 172.69643 | S55: มัด100 | T55: 45978 | U55: 10000 | V55: 0 | W55: 10000 | X55: 0 | Y55: 10500 | Z55: WSWT1925800SM | AA55: 7683.5 | AB55: 0 | AC55: 7683.5 | AD55: 0 | AE55: 7683.5 | AF55: 0 | AG55: พร้อมส่ง | AH55: P8 | AI55: 4 | AJ55: 45978 | AK55: 45974 | AL55: 45968 | AM55: 45975 | AN55: 45976 | AO55: 45976 | AP55: 45973 | AQ55: 45977 | AR55: 0 | AS55: 0 | AT55: 0 | AU55: 0 | AV55: 0 | AW55: งานเคลือบ+พิมพ์ | AX55: รอART | AY55: เย็น17/11 | AZ55: 0 | BA55: 0 | BB55: 0 | BC55: WRWT25800/WRWT25800 | BD55: 519.06311
A56: 0 | B56: 0 | C56: 0 | D56: 0 | E56: 19 | F56: 30 | G56: 0 | H56: 0 | I56: 56 | J56: ± | K56: 5 | L56: 0 | M56: 0 | N56: 0 | O56: 0 | P56: 0 | Q56: 0 | R56: 0 | S56: 0 | U56: 0 | W56: 0 | X56: 0 | Y56: 0 | Z56: WSWT1925800SM | AA56: 15367 | AB56: 7033 | AC56: 8334 | AD56: 2971 | AE56: 12396 | AF56: ระบุในSD | AG56: ผ้าขาว | AH56: 0 | AI56: Lead time | AJ56: 0 | AK56: 0 | AL56: 0 | AM56: 0 | AN56: 0 | AO56: 0 | AP56: 0 | AQ56: 0 | AR56: 0 | AS56: 0 | AT56: 0 | AU56: 0 | AV56: 0 | AW56: 0 | AX56: 0 | AY56: 0 | AZ56: 0 | BA56: 0 | BB56: 0 | BC56: WRWT190800/WRWT25800 | BD56: 0
A57: 45905 | B57: MK68-001080 | C57: บจก.อินเทคค์ โกลบอล | D57: เพอเฟคค์104 โกลด์ | E57: 19 | F57: 34 | G57: ขาว | H57: ด้าน | I57: 100 | J57: ± | K57: 5 | L57: จับจีบ4" | M57: ไม่สวมถุงใน | N57: 0 | O57: 0 | P57: 0 | Q57: 0 | R57: 0 | S57: มัด80 ใช้สายรัด | T57: รอแจ้ง | U57: 109 | V57: 0 | W57: 109 | X57: 6124 | Y57: 0 | Z57: WSWT19251000SM | AA57: 0 | AB57: 0 | AC57: 0 | AD57: 0 | AE57: 0 | AF57: 0 | AG57: พร้อมส่ง | AH57: P6 | AI57: 4 | AJ57: รอแจ้ง | AK57: #VALUE! | AL57: #VALUE! | AM57: #VALUE! | AN57: #VALUE! | AO57: #VALUE! | AP57: #VALUE! | AQ57: 0 | AR57: 0 | AS57: 0 | AT57: 0 | AU57: 0 | AV57: 0 | AW57: งานเคลือบ+พิมพ์ | AX57: / | AY57: 0 | AZ57: 0 | BA57: 0 | BB57: 0 | BC57: WRWT251000/WRWT251000 | BD57: 0
A58: 0 | B58: 0 | C58: 0 | D58: 0 | E58: 19 | F58: 34 | G58: ขาว | H58: 0 | I58: 80 | J58: ± | K58: 5 | L58: 0 | M58: 0 | N58: 0 | O58: 0 | P58: 0 | Q58: 0 | R58: 0 | S58: 0 | U58: 0 | V58: 0 | W58: 0 | X58: 0 | Y58: 0 | Z58: WSWT19251000SM | AA58: 0 | AB58: 0 | AC58: 0 | AD58: 0 | AE58: 0 | AF58: ระบุในSD | AG58: พร้อมส่ง | AH58: 0 | AI58: Lead time | AJ58: 0 | AK58: 0 | AL58: 0 | AM58: 0 | AN58: 0 | AO58: 0 | AP58: 0 | AQ58: 0 | AR58: 0 | AS58: 0 | AT58: 0 | AU58: 0 | AV58: 0 | AW58: 0 | AX58: 0 | AY58: 0 | AZ58: 0 | BA58: 0 | BB58: 0 | BC58: WRWT251000/WRYL251000 | BD58: 0
A59: 45962 | B59: MK68-001316 | C59: บจก.หนองบัวฟีดมิลล์ | D59: ไม่พิมพ์ | E59: 20 | F59: 30 | G59: ขาว | H59: 0 | I59: 53 | J59: ± | K59: 5 | L59: ไม่ | M59: ไม่สวมถุงใน | N59: 0 | O59: 0 | P59: 0 | Q59: 0 | R59: 0 | S59: 500กระสอบ | T59: 45967 | U59: 5000 | V59: 0 | W59: 5000 | X59: 0 | Y59: 0 | Z59: WSWT2025650 | AA59: 4400.55 | AB59: 4400.55 | AC59: 0 | AD59: 0 | AE59: 0 | AF59: 0 | AG59: พร้อมส่ง | AH59: P3 | AI59: 1 | AJ59: 45967 | AK59: 0 | AL59: 0 | AM59: 0 | AN59: 0 | AO59: 45966 | AP59: 45962 | AQ59: 0 | AR59: 0 | AS59: 0 | AT59: 0 | AU59: 0 | AV59: 0 | AW59: ตัด | AX59: 0 | AY59: 0 | AZ59: 0 | BA59: 0 | BB59: 0 | BC59: WRWT25650/WRWT25650 | BD59: 0
A60: 0 | B60: 0 | C60: 0 | D60: 0 | E60: 20 | F60: 37 | G60: ขาว | H60: 0 | I60: 65 | J60: ± | K60: 5 | L60: 0 | M60: 0 | N60: 0 | O60: 0 | P60: 0 | Q60: 0 | R60: 0 | S60: 0 | U60: 0 | V60: 0 | W60: 0 | X60: 0 | Y60: 0 | Z60: WSWT2025650 | AA60: 4400.55 | AB60: 4400.55 | AC60: 0 | AD60: 0 | AE60: 0 | AF60: ระบุในSD | AG60: พิมพ์ไม่ครบ | AH60: 0 | AI60: Lead time | AJ60: 0 | AK60: 0 | AL60: 0 | AM60: 0 | AN60: 0 | AO60: 0 | AP60: 0 | AQ60: 0 | AR60: 0 | AS60: 0 | AT60: 0 | AU60: 0 | AV60: 0 | AW60: 0 | AX60: 0 | AY60: 0 | AZ60: 0 | BA60: 0 | BB60: 0 | BC60: WRWT25650/WRWT25650 | BD60: 0
A61: 45951 | B61: MK68-001257 | C61: บจก.อินเทคค์ โกลบอล | D61: เพอเฟคค์ 913 | E61: 20 | F61: 36 | G61: ขาว | H61: ด้าน | I61: 100 | J61: ± | K61: 5 | L61: จับจีบ4" | M61: ไม่สวมถุงใน | N61: 0 | O61: 0 | P61: 0 | Q61: 0 | R61: 0 | S61: มัด80 ใช้สายรัด | T61: 45967 | U61: 2880 | V61: 2880 | W61: 0 | X61: 33609 | Y61: 0 | Z61: WSWT2025800SM | AA61: 0 | AB61: 0 | AC61: 0 | AD61: 0 | AE61: 0 | AF61: รอเก็บ | AG61: พร้อมส่ง | AH61: P6 | AI61: 4 | AJ61: 45967 | AK61: 45963 | AL61: 45956 | AM61: 45964 | AN61: 45965 | AO61: 45966 | AP61: 45962 | AQ61: 0 | AR61: 0 | AS61: 0 | AT61: 0 | AU61: 0 | AV61: 0 | AW61: งานเคลือบ+พิมพ์ | AX61: / | AY61: 3/11,10000 10/11,10000 17/11 ,10000 | AZ61: 0 | BA61: 0 | BB61: 0 | BC61: WRWT25850/WRWT25850 | BD61: 0
A62: 45951 | B62: MK68-001256 | C62: บจก.อินเทคค์ โกลบอล | D62: เพอเฟคค์ 912 | E62: 20 | F62: 36 | G62: ขาว | H62: ด้าน | I62: 100 | J62: ± | K62: 5 | L62: จับจีบ4" | M62: ไม่สวมถุงใน | N62: 0 | O62: 0 | P62: 0 | Q62: 0 | R62: 0 | S62: มัด80 ใช้สายรัด | T62: 45967 | U62: 10000 | V62: 0 | W62: 10000 | X62: 1940 | Y62: 8463 | Z62: WSWT2025800SM | AA62: 8867.1083 | AB62: 8867.1083 | AC62: 0 | AD62: 8867.1083 | AE62: 0 | AF62: บล๊อกแตกเนื่องจากโดนมีดพนักงาน | AG62: พร้อมส่ง | AH62: P6 | AI62: 4 | AJ62: 45967 | AK62: 45963 | AL62: 45956 | AM62: 45964 | AN62: 45965 | AO62: 45966 | AP62: 45962 | AQ62: 0 | AR62: 0 | AS62: 0 | AT62: 0 | AU62: 0 | AV62: 0 | AW62: งานเคลือบ+พิมพ์ | AX62: / | AY62: 0 | AZ62: 0 | BA62: 0 | BB62: 0 | BC62: WRWT25850/WRWT25850 | BD62: 0
A63: 45919 | B63: MK68-001123 | C63: บจก.อินเทคค์ โกลบอล | D63: เพอเฟคค์ 912 | E63: 20 | F63: 36 | G63: ขาว | H63: ด้าน | I63: 100 | J63: ± | K63: 5 | L63: จับจีบ4" | M63: ไม่สวมถุงใน | N63: 0 | O63: 0 | P63: 0 | Q63: 0 | R63: 0 | S63: มัด80 ใช้สายรัด | T63: 45967 | U63: 928 | V63: 880 | W63: 48 | X63: 0 | Y63: 50.4 | Z63: WSWT2025800SM | AA63: 50.292 | AB63: 50.292 | AC63: 0 | AD63: 50.292 | AE63: 0 | AF63: 0 | AG63: พร้อมส่ง | AH63: P6 | AI63: 4 | AJ63: 45967 | AK63: 45963 | AL63: 45956 | AM63: 45964 | AN63: 45965 | AO63: 45966 | AP63: 45962 | AQ63: 0 | AR63: 0 | AS63: 0 | AT63: 0 | AU63: 0 | AV63: 0 | AW63: งานเคลือบ+พิมพ์ | AX63: / | AY63: ลบสีจำนวนมาก | AZ63: 0 | BA63: 0 | BB63: 0 | BC63: WRWT25850/WRWT25850 | BD63: 0
A64: 45916 | B64: MK68-001119 | C64: บจก.ซันฟีด | D64: 952 | E64: 20 | F64: 38 | G64: ขาว | H64: ด้าน | I64: 100 | J64: + | K64: 0 | L64: ไม่ | M64: ไม่สวมถุงใน | N64: 0 | O64: 0 | P64: 0 | Q64: 0 | R64: 0 | S64: 300กระสอบแบนเต็มใบ | T64: 45968 | U64: 5000 | V64: 4667 | W64: 333 | X64: 5250 | Y64: 0 | Z64: WSWT2025800SM | AA64: 0 | AB64: 0 | AC64: 0 | AD64: 0 | AE64: 0 | AF64: 0 | AG64: พร้อมส่ง | AH64: P6 | AI64: 4 | AJ64: 45968 | AK64: 45964 | AL64: 45957 | AM64: 45965 | AN64: 45966 | AO64: 45967 | AP64: 45963 | AQ64: 0 | AR64: 0 | AS64: 0 | AT64: 0 | AU64: 0 | AV64: 0 | AW64: งานเคลือบ+พิมพ์ | AX64: / | AY64: 0 | AZ64: 0 | BA64: 0 | BB64: 0 | BC64: WRWT25850/WRWT25850 | BD64: 0
A65: 45916 | B65: MK68-001119 | C65: บจก.ซันฟีด | D65: ขุนศึกเบอร์ 1 | E65: 20 | F65: 38 | G65: ขาว | H65: ด้าน | I65: 100 | J65: + | K65: 0 | L65: บิด | M65: ไม่สวมถุงใน | N65: 0 | O65: 0 | P65: 0 | Q65: 0 | R65: 0 | S65: 300กระสอบแบนเต็มใบ | T65: 45971 | U65: 5000 | V65: 5100 | W65: 0 | X65: 5100 | Y65: 0 | Z65: WSWT2025800SM | AA65: 0 | AB65: 0 | AC65: 0 | AD65: 0 | AE65: 0 | AF65: 0 | AG65: พร้อมส่ง | AH65: P6 | AI65: 4 | AJ65: 45971 | AK65: 45967 | AL65: 45960 | AM65: 45968 | AN65: 45969 | AO65: 45970 | AP65: 45966 | AQ65: 0 | AR65: 0 | AS65: 0 | AT65: 0 | AU65: 0 | AV65: 0 | AW65: งานเคลือบ+พิมพ์ | AX65: / | AY65: 0 | AZ65: 0 | BA65: 0 | BB65: 0 | BC65: WRWT25850/WRWT25850 | BD65: 0
A66: 45916 | B66: MK68-001119 | C66: บจก.ซันฟีด | D66: 007 | E66: 20 | F66: 38 | G66: ขาว | H66: ด้าน | I66: 100 | J66: + | K66: 0 | L66: ไม่ | M66: ไม่สวมถุงใน | N66: 0 | O66: 0 | P66: 0 | Q66: 0 | R66: 0 | S66: 300กระสอบแบนเต็มใบ | T66: 45971 | U66: 2500 | V66: 2500 | W66: 0 | X66: 2543 | Y66: 0 | Z66: WSWT2025800SM | AA66: 0 | AB66: 0 | AC66: 0 | AD66: 0 | AE66: 0 | AF66: 0 | AG66: ยังไม่ได้พิมพ์ | AH66: P6 | AI66: 4 | AJ66: 45971 | AK66: 45967 | AL66: 45960 | AM66: 45968 | AN66: 45969 | AO66: 45970 | AP66: 45966 | AQ66: 0 | AR66: 0 | AS66: 0 | AT66: 0 | AU66: 0 | AV66: 0 | AW66: งานเคลือบ+พิมพ์ | AX66: / | AY66: 0 | AZ66: 0 | BA66: 0 | BB66: 0 | BC66: WRWT25850/WRWT25850 | BD66: 0
A67: 45916 | B67: MK68-001119 | C67: บจก.ซันฟีด | D67: ขุนศึกเบอร์ 1 | E67: 20 | F67: 38 | G67: ขาว | H67: ด้าน | I67: 100 | J67: + | K67: 0 | L67: บิด | M67: ไม่สวมถุงใน | N67: 0 | O67: 0 | P67: 0 | Q67: 0 | R67: 0 | S67: 300กระสอบแบนเต็มใบ | T67: 45971 | U67: 5000 | V67: 5100 | W67: 0 | X67: 5100 | Y67: 0 | Z67: WSWT2025800SM | AA67: 0 | AB67: 0 | AC67: 0 | AD67: 0 | AE67: 0 | AF67: 0 | AG67: ยังไม่ได้พิมพ์ | AH67: P6 | AI67: 4 | AJ67: 45971 | AK67: 45967 | AL67: 45960 | AM67: 45968 | AN67: 45969 | AO67: 45970 | AP67: 45966 | AQ67: 0 | AR67: 0 | AS67: 0 | AT67: 0 | AU67: 0 | AV67: 0 | AW67: งานเคลือบ+พิมพ์ | AX67: / | AY67: 0 | AZ67: 0 | BA67: 0 | BB67: 0 | BC67: WRWT25850/WRWT25850 | BD67: 0
A68: 45916 | B68: MK68-001119 | C68: บจก.ซันฟีด | D68: 953 | E68: 20 | F68: 38 | G68: ขาว | H68: ด้าน | I68: 100 | J68: + | K68: 0 | L68: ไม่ | M68: ไม่สวมถุงใน | N68: 0 | O68: 0 | P68: 0 | Q68: 0 | R68: 0 | S68: 300กระสอบแบนเต็มใบ | T68: 45972 | U68: 5000 | V68: 4489 | W68: 511 | X68: 5000 | Y68: 0 | Z68: WSWT2025800SM | AA68: 0 | AB68: 0 | AC68: 0 | AD68: 0 | AE68: 0 | AF68: 0 | AG68: ยังไม่ได้พิมพ์ | AH68: P6 | AI68: 4 | AJ68: 45972 | AK68: 45968 | AL68: 45961 | AM68: 45969 | AN68: 45970 | AO68: 45971 | AP68: 45967 | AQ68: 0 | AR68: 0 | AS68: 0 | AT68: 0 | AU68: 0 | AV68: 0 | AW68: งานเคลือบ+พิมพ์ | AX68: / | AY68: 0 | AZ68: 0 | BA68: 0 | BB68: 0 | BC68: WRWT25850/WRWT25850 | BD68: 0
A69: 45916 | B69: MK68-001119 | C69: บจก.ซันฟีด | D69: 953 | E69: 20 | F69: 38 | G69: ขาว | H69: ด้าน | I69: 100 | J69: + | K69: 0 | L69: ไม่ | M69: ไม่สวมถุงใน | N69: 0 | O69: 0 | P69: 0 | Q69: 0 | R69: 0 | S69: 300กระสอบแบนเต็มใบ | T69: 45972 | U69: 5000 | V69: 0 | W69: 5000 | X69: 0 | Y69: 5250 | Z69: WSWT2025800SM | AA69: 5518.15 | AB69: 5518.15 | AC69: 0 | AD69: 5518.15 | AE69: 0 | AF69: 0 | AG69: พร้อมส่ง | AH69: P6 | AI69: 4 | AJ69: 45972 | AK69: 45968 | AL69: 45961 | AM69: 45969 | AN69: 45970 | AO69: 45971 | AP69: 45967 | AQ69: 0 | AR69: 0 | AS69: 0 | AT69: 0 | AU69: 0 | AV69: 0 | AW69: งานเคลือบ+พิมพ์ | AX69: / | AY69: 0 | AZ69: 0 | BA69: 0 | BB69: 0 | BC69: WRWT25850/WRWT25850 | BD69: 0
A70: 45916 | B70: MK68-001119 | C70: บจก.ซันฟีด | D70: 964 | E70: 20 | F70: 39 | G70: ขาว | H70: ด้าน | I70: 102 | J70: + | K70: 0 | L70: บิด | M70: ไม่สวมถุงใน | N70: 0 | O70: 0 | P70: 0 | Q70: 0 | R70: 0 | S70: 300กระสอบแบนเต็มใบ | T70: 45972 | U70: 3500 | V70: 0 | W70: 3500 | X70: 0 | Y70: 3675 | Z70: WSWT2025800SM | AA70: 3960.495 | AB70: 3960.495 | AC70: 0 | AD70: 3960.495 | AE70: 0 | AF70: 0 | AG70: ยังไม่ได้พิมพ์ | AH70: P6 | AI70: 4 | AJ70: 45972 | AK70: 45968 | AL70: 45961 | AM70: 45969 | AN70: 45970 | AO70: 45971 | AP70: 45967 | AQ70: 0 | AR70: 0 | AS70: 0 | AT70: 0 | AU70: 0 | AV70: 0 | AW70: งานเคลือบ+พิมพ์ | AX70: / | AY70: 0 | AZ70: 0 | BA70: 0 | BB70: 0 | BC70: WRWT25850/WRWT25850 | BD70: 0
A71: 45916 | B71: MK68-001119 | C71: บจก.ซันฟีด | D71: ขุนศึกเบอร์ 2 | E71: 20 | F71: 38 | G71: ขาว | H71: ด้าน | I71: 100 | J71: + | K71: 0 | L71: บิด | M71: ไม่สวมถุงใน | N71: 0 | O71: 0 | P71: 0 | Q71: 0 | R71: 0 | S71: 300กระสอบแบนเต็มใบ | T71: 45972 | U71: 5000 | V71: 0 | W71: 5000 | X71: 0 | Y71: 5250 | Z71: WSWT2025800SM | AA71: 5518.15 | AB71: 5518.15 | AC71: 0 | AD71: 5518.15 | AE71: 0 | AF71: 0 | AG71: พร้อมส่ง | AH71: P6 | AI71: 4 | AJ71: 45972 | AK71: 45968 | AL71: 45961 | AM71: 45969 | AN71: 45970 | AO71: 45971 | AP71: 45967 | AQ71: 0 | AR71: 0 | AS71: 0 | AT71: 0 | AU71: 0 | AV71: 0 | AW71: งานเคลือบ+พิมพ์ | AX71: / | AY71: 0 | AZ71: 0 | BA71: 0 | BB71: 0 | BC71: WRWT25850/WRWT25850 | BD71: 0
A72: 45923 | B72: MK68-001158 | C72: บจก.เอสพีเอ็ม อาหารสัตว์ | D72: SW 441 | E72: 20 | F72: 38 | G72: ขาว | H72: ใส | I72: 100 | J72: ± | K72: 5 | L72: บิด | M72: ไม่สวมถุงใน | N72: 0 | O72: 0 | P72: 0 | Q72: 0 | R72: 0 | S72: 500กระสอบแบน | T72: 45972 | U72: 12000 | V72: 12000 | W72: 0 | X72: 12440 | Y72: 0 | Z72: WSWT2025800SM | AA72: 0 | AB72: 0 | AC72: 0 | AD72: 0 | AE72: 0 | AF72: 0 | AG72: ยังไม่ได้พิมพ์ | AH72: P6 | AI72: 4 | AJ72: 45972 | AK72: 45968 | AL72: 45961 | AM72: 45969 | AN72: 45970 | AO72: 45971 | AP72: 45967 | AQ72: 0 | AR72: 0 | AS72: 0 | AT72: 0 | AU72: 0 | AV72: 0 | AW72: งานเคลือบ+พิมพ์ | AX72: / | AY72: 0 | AZ72: 0 | BA72: 0 | BB72: 0 | BC72: WRWT25850/WRWT25850 | BD72: 0
A73: 45916 | B73: MK68-001119 | C73: บจก.ซันฟีด | D73: 952 | E73: 20 | F73: 38 | G73: ขาว | H73: ด้าน | I73: 100 | J73: + | K73: 0 | L73: ไม่ | M73: ไม่สวมถุงใน | N73: 0 | O73: 0 | P73: 0 | Q73: 0 | R73: 0 | S73: 300กระสอบแบนเต็มใบ | T73: 45974 | U73: 5000 | V73: 0 | W73: 5000 | X73: 0 | Y73: 5250 | Z73: WSWT2025800SM | AA73: 5518.15 | AB73: 5518.15 | AC73: 0 | AD73: 5518.15 | AE73: 0 | AF73: 0 | AG73: พร้อมส่ง | AH73: P6 | AI73: 4 | AJ73: 45974 | AK73: 45970 | AL73: 45963 | AM73: 45971 | AN73: 45972 | AO73: 45973 | AP73: 45969 | AQ73: 0 | AR73: 0 | AS73: 0 | AT73: 0 | AU73: 0 | AV73: 0 | AW73: งานเคลือบ+พิมพ์ | AX73: / | AY73: 0 | AZ73: 0 | BA73: 0 | BB73: 0 | BC73: WRWT25850/WRWT25850 | BD73: 0
A74: 45916 | B74: MK68-001119 | C74: บจก.ซันฟีด | D74: 007 | E74: 20 | F74: 38 | G74: ขาว | H74: ด้าน | I74: 100 | J74: + | K74: 0 | L74: ไม่ | M74: ไม่สวมถุงใน | N74: 0 | O74: 0 | P74: 0 | Q74: 0 | R74: 0 | S74: 300กระสอบแบนเต็มใบ | T74: 45975 | U74: 2500 | V74: 2500 | W74: 0 | X74: 2543 | Y74: 0 | Z74: WSWT2025800SM | AA74: 0 | AB74: 0 | AC74: 0 | AD74: 0 | AE74: 0 | AF74: 0 | AG74: ยังไม่ได้พิมพ์ | AH74: P6 | AI74: 4 | AJ74: 45975 | AK74: 45971 | AL74: 45964 | AM74: 45972 | AN74: 45973 | AO74: 45974 | AP74: 45970 | AQ74: 0 | AR74: 0 | AS74: 0 | AT74: 0 | AU74: 0 | AV74: 0 | AW74: งานเคลือบ+พิมพ์ | AX74: / | AY74: 0 | AZ74: 0 | BA74: 0 | BB74: 0 | BC74: WRWT25850/WRWT25850 | BD74: 0
A75: 45941 | B75: MK68-001226 | C75: บจก.เอพีเอ็ม อะโกร | D75: APM 914 | E75: 20 | F75: 38 | G75: ขาว | H75: ใส | I75: 100 | J75: ± | K75: 5 | L75: บิด | M75: ไม่สวมถุงใน | N75: 0 | O75: 0 | P75: 0 | Q75: 0 | R75: 0 | S75: 500กระสอบแบน | T75: 45989 | U75: 3000 | V75: 0 | W75: 3000 | X75: 0 | Y75: 3150 | Z75: WSWT2025800SM | AA75: 3310.89 | AB75: 3310.89 | AC75: 0 | AD75: 3310.89 | AE75: 0 | AF75: 0 | AG75: รอตัด | AH75: P6 | AI75: 4 | AJ75: 45989 | AK75: 45985 | AL75: 45978 | AM75: 45986 | AN75: 45987 | AO75: 45988 | AP75: 45984 | AQ75: 0 | AR75: 0 | AS75: 0 | AT75: 0 | AU75: 0 | AV75: 0 | AW75: งานเคลือบ+พิมพ์ | AX75: รอART | AY75: 0 | AZ75: 0 | BA75: 0 | BB75: 0 | BC75: WRWT25850/WRWT25850 | BD75: 0
A76: 45896 | B76: MK68-001040 | C76: บจก.เอสพีเอ็ม อาหารสัตว์ | D76: ฟิล กู๊ด พี4 | E76: 20 | F76: 38 | G76: ขาว | H76: ใส | I76: 100 | J76: ± | K76: 5 | L76: บิด | M76: ไม่สวมถุงใน | N76: 0 | O76: 0 | P76: 0 | Q76: 0 | R76: 0 | S76: 500กระสอบแบน | T76: 45975 | U76: 3000 | V76: 3194 | W76: 0 | X76: 8100 | Y76: 0 | Z76: WSWT2025800SM | AA76: 0 | AB76: 0 | AC76: 0 | AD76: 0 | AE76: 0 | AF76: 0 | AG76: ยังไม่ได้พิมพ์ | AH76: P6 | AI76: 5 | AJ76: 45975 | AK76: 45970 | AL76: 45963 | AM76: 45971 | AN76: 45972 | AO76: 45973 | AP76: 45970 | AQ76: 0 | AR76: 0 | AS76: 0 | AT76: 0 | AU76: 0 | AV76: 0 | AW76: งานเคลือบ+พิมพ์ | AX76: / | AY76: 0 | AZ76: 0 | BA76: 0 | BB76: 0 | BC76: WRWT25850/WRWT25850 | BD76: 0
A77: 45958 | B77: MK68-001296 | C77: บจก.เอสพีเอ็ม อาหารสัตว์ | D77: NOVA S2 | E77: 20 | F77: 38 | G77: ขาว | H77: ด้าน | I77: 100 | J77: ± | K77: 5 | L77: บิด | M77: ไม่สวมถุงใน | N77: 0 | O77: 0 | P77: 0 | Q77: 0 | R77: 0 | S77: 500กระสอบแบน | T77: 45977 | U77: 3000 | V77: 0 | W77: 3000 | X77: 0 | Y77: 3150 | Z77: WSWT2025800SM | AA77: 3310.89 | AB77: 3310.89 | AC77: 0 | AD77: 3310.89 | AE77: 0 | AF77: 0 | AG77: ยังไม่ได้พิมพ์ | AH77: P6 | AI77: 4 | AJ77: 45977 | AK77: 45973 | AL77: 45966 | AM77: 45974 | AN77: 45975 | AO77: 45976 | AP77: 45972 | AQ77: 0 | AR77: 0 | AS77: 0 | AT77: 0 | AU77: 0 | AV77: 0 | AW77: งานเคลือบ+พิมพ์ | AX77: รอART | AY77: 0 | AZ77: 0 | BA77: 0 | BB77: 0 | BC77: WRWT25850/WRWT25850 | BD77: 0
A78: 45916 | B78: MK68-001119 | C78: บจก.ซันฟีด | D78: ขุนศึกเบอร์ 1 | E78: 20 | F78: 38 | G78: ขาว | H78: ด้าน | I78: 100 | J78: + | K78: 0 | L78: บิด | M78: ไม่สวมถุงใน | N78: 0 | O78: 0 | P78: 0 | Q78: 0 | R78: 0 | S78: 300กระสอบแบนเต็มใบ | T78: 45978 | U78: 5000 | V78: 4000 | W78: 1000 | X78: 6000 | Y78: 0 | Z78: WSWT2025800SM | AA78: 0 | AB78: 0 | AC78: 0 | AD78: 0 | AE78: 0 | AF78: 0 | AG78: ยังไม่ได้พิมพ์ | AH78: P6 | AI78: 4 | AJ78: 45978 | AK78: 45974 | AL78: 45967 | AM78: 45975 | AN78: 45976 | AO78: 45977 | AP78: 45973 | AQ78: 0 | AR78: 0 | AS78: 0 | AT78: 0 | AU78: 0 | AV78: 0 | AW78: งานเคลือบ+พิมพ์ | AX78: / | AY78: 0 | AZ78: 0 | BA78: 0 | BB78: 0 | BC78: WRWT25850/WRWT25850 | BD78: 0
A79: 45916 | B79: MK68-001119 | C79: บจก.ซันฟีด | D79: 952 | E79: 20 | F79: 38 | G79: ขาว | H79: ด้าน | I79: 100 | J79: + | K79: 0 | L79: ไม่ | M79: ไม่สวมถุงใน | N79: 0 | O79: 0 | P79: 0 | Q79: 0 | R79: 0 | S79: 300กระสอบแบนเต็มใบ | T79: 45978 | U79: 5000 | V79: 0 | W79: 5000 | X79: 0 | Y79: 5250 | Z79: WSWT2025800SM | AA79: 5518.15 | AB79: 5518.15 | AC79: 0 | AD79: 0 | AE79: 5518.15 | AF79: 0 | AG79: พร้อมส่ง | AH79: P6 | AI79: 4 | AJ79: 45978 | AK79: 45974 | AL79: 45967 | AM79: 45975 | AN79: 45976 | AO79: 45977 | AP79: 45973 | AQ79: 0 | AR79: 0 | AS79: 0 | AT79: 0 | AU79: 0 | AV79: 0 | AW79: งานเคลือบ+พิมพ์ | AX79: / | AY79: 0 | AZ79: 0 | BA79: 0 | BB79: 0 | BC79: WRWT25850/WRWT25850 | BD79: 0
A80: 45948 | B80: MK68-001249 | C80: บจก.เอพีเอ็ม อะโกร | D80: U-FEED U4(เอส) | E80: 20 | F80: 38 | G80: ขาว | H80: ใส | I80: 100 | J80: ± | K80: 5 | L80: บิด | M80: ไม่สวมถุงใน | N80: 0 | O80: 0 | P80: 0 | Q80: 0 | R80: 0 | S80: 500กระสอบแบน | T80: 45978 | U80: 6000 | V80: 0 | W80: 6000 | X80: 0 | Y80: 6300 | Z80: WSWT2025800SM | AA80: 6621.78 | AB80: 6621.78 | AC80: 0 | AD80: 6621.78 | AE80: 0 | AF80: 0 | AG80: ยังไม่ได้พิมพ์ | AH80: P6 | AI80: 4 | AJ80: 45978 | AK80: 45974 | AL80: 45967 | AM80: 45975 | AN80: 45976 | AO80: 45977 | AP80: 45973 | AQ80: 0 | AR80: 0 | AS80: 0 | AT80: 0 | AU80: 0 | AV80: 0 | AW80: งานเคลือบ+พิมพ์ | AX80: / | AY80: 0 | AZ80: 0 | BA80: 0 | BB80: 0 | BC80: WRWT25850/WRWT25850 | BD80: 0
A81: 45958 | B81: MK68-001293 | C81: บจก.เอสพีเอ็ม อาหารสัตว์ | D81: นีโอ ดีอาร์ 03 | E81: 20 | F81: 38 | G81: ขาว | H81: ด้าน | I81: 100 | J81: ± | K81: 5 | L81: ไม่ | M81: ไม่สวมถุงใน | N81: 0 | O81: 0 | P81: 0 | Q81: 0 | R81: 0 | S81: 500กระสอบแบน | T81: 45979 | U81: 3000 | V81: 0 | W81: 3000 | X81: 0 | Y81: 3150 | Z81: WSWT2025800SM | AA81: 3310.89 | AB81: 3310.89 | AC81: 0 | AD81: 0 | AE81: 3310.89 | AF81: 0 | AG81: ยังไม่ได้พิมพ์ | AH81: P6 | AI81: 4 | AJ81: 45979 | AK81: 45975 | AL81: 45968 | AM81: 45976 | AN81: 45977 | AO81: 45978 | AP81: 45974 | AQ81: 0 | AR81: 0 | AS81: 0 | AT81: 0 | AU81: 0 | AV81: 0 | AW81: งานเคลือบ+พิมพ์ | AX81: รอART | AY81: 0 | AZ81: 0 | BA81: 0 | BB81: 0 | BC81: WRWT25850/WRWT25850 | BD81: 0
A82: 45916 | B82: MK68-001119 | C82: บจก.ซันฟีด | D82: 956 | E82: 20 | F82: 38 | G82: ขาว | H82: ด้าน | I82: 100 | J82: + | K82: 0 | L82: ไม่ | M82: ไม่สวมถุงใน | N82: 0 | O82: 0 | P82: 0 | Q82: 0 | R82: 0 | S82: 300กระสอบแบนเต็มใบ | T82: 45979 | U82: 2500 | V82: 1728 | W82: 772 | X82: 2600 | Y82: 0 | Z82: WSWT2025800SM | AA82: 0 | AB82: 0 | AC82: 0 | AD82: 0 | AE82: 0 | AF82: 0 | AG82: ยังไม่ได้พิมพ์ | AH82: P6 | AI82: 4 | AJ82: 45979 | AK82: 45975 | AL82: 45968 | AM82: 45976 | AN82: 45977 | AO82: 45978 | AP82: 45974 | AQ82: 0 | AR82: 0 | AS82: 0 | AT82: 0 | AU82: 0 | AV82: 0 | AW82: งานเคลือบ+พิมพ์ | AX82: / | AY82: 0 | AZ82: 0 | BA82: 0 | BB82: 0 | BC82: WRWT25850/WRWT25850 | BD82: 0
A83: 45916 | B83: MK68-001119 | C83: บจก.ซันฟีด | D83: 953 | E83: 20 | F83: 38 | G83: ขาว | H83: ด้าน | I83: 100 | J83: + | K83: 0 | L83: ไม่ | M83: ไม่สวมถุงใน | N83: 0 | O83: 0 | P83: 0 | Q83: 0 | R83: 0 | S83: 300กระสอบแบนเต็มใบ | T83: 45979 | U83: 5000 | V83: 0 | W83: 5000 | X83: 0 | Y83: 5250 | Z83: WSWT2025800SM | AA83: 5518.15 | AB83: 5518.15 | AC83: 0 | AD83: 0 | AE83: 5518.15 | AF83: 0 | AG83: ยังไม่ได้พิมพ์ | AH83: P6 | AI83: 4 | AJ83: 45979 | AK83: 45975 | AL83: 45968 | AM83: 45976 | AN83: 45977 | AO83: 45978 | AP83: 45974 | AQ83: 0 | AR83: 0 | AS83: 0 | AT83: 0 | AU83: 0 | AV83: 0 | AW83: งานเคลือบ+พิมพ์ | AX83: / | AY83: 0 | AZ83: 0 | BA83: 0 | BB83: 0 | BC83: WRWT25850/WRWT25850 | BD83: 0
A84: 45916 | B84: MK68-001119 | C84: บจก.ซันฟีด | D84: ขุนศึกเบอร์ 2 | E84: 20 | F84: 38 | G84: ขาว | H84: ด้าน | I84: 100 | J84: + | K84: 0 | L84: บิด | M84: ไม่สวมถุงใน | N84: 0 | O84: 0 | P84: 0 | Q84: 0 | R84: 0 | S84: 300กระสอบแบนเต็มใบ | T84: 45979 | U84: 5000 | V84: 0 | W84: 5000 | X84: 0 | Y84: 5250 | Z84: WSWT2025800SM | AA84: 5518.15 | AB84: 5518.15 | AC84: 0 | AD84: 0 | AE84: 5518.15 | AF84: 0 | AG84: ยังไม่ได้พิมพ์ | AH84: P6 | AI84: 4 | AJ84: 45979 | AK84: 45975 | AL84: 45968 | AM84: 45976 | AN84: 45977 | AO84: 45978 | AP84: 45974 | AQ84: 0 | AR84: 0 | AS84: 0 | AT84: 0 | AU84: 0 | AV84: 0 | AW84: งานเคลือบ+พิมพ์ | AX84: / | AY84: 0 | AZ84: 0 | BA84: 0 | BB84: 0 | BC84: WRWT25850/WRWT25850 | BD84: 0
A85: 45964 | B85: MK68-001317 | C85: บจก.วีซีเอฟ | D85: VC 105 | E85: 20 | F85: 38 | G85: ขาว | H85: ใส | I85: 100 | J85: ± | K85: 5 | L85: บิด | M85: ไม่สวมถุงใน | N85: 0 | O85: 0 | P85: 0 | Q85: 0 | R85: 0 | S85: 500กระสอบแบน | T85: 45980 | U85: 10000 | V85: 0 | W85: 10000 | X85: 0 | Y85: 10500 | Z85: WSWT2025800SM | AA85: 11036.3 | AB85: 11036.3 | AC85: 0 | AD85: 0 | AE85: 11036.3 | AF85: 0 | AG85: ยังไม่ได้พิมพ์ | AH85: P6 | AI85: 5 | AJ85: 45980 | AK85: 45975 | AL85: 45968 | AM85: 45976 | AN85: 45977 | AO85: 45978 | AP85: 45975 | AQ85: 0 | AR85: 0 | AS85: 0 | AT85: 0 | AU85: 0 | AV85: 0 | AW85: งานเคลือบ+พิมพ์ | AX85: รอART | AY85: 0 | AZ85: 0 | BA85: 0 | BB85: 0 | BC85: WRWT25850/WRWT25850 | BD85: 0
A86: 45964 | B86: MK68-001317 | C86: บจก.วีซีเอฟ | D86: VC 108 | E86: 20 | F86: 38 | G86: ขาว | H86: ใส | I86: 100 | J86: ± | K86: 5 | L86: บิด | M86: ไม่สวมถุงใน | N86: 0 | O86: 0 | P86: 0 | Q86: 0 | R86: 0 | S86: 500กระสอบแบน | T86: 45980 | U86: 10000 | V86: 0 | W86: 10000 | X86: 0 | Y86: 10500 | Z86: WSWT2025800SM | AA86: 11036.3 | AB86: 11036.3 | AC86: 0 | AD86: 0 | AE86: 11036.3 | AF86: 0 | AG86: รอตัด | AH86: P6 | AI86: 5 | AJ86: 45980 | AK86: 45975 | AL86: 45968 | AM86: 45976 | AN86: 45977 | AO86: 45978 | AP86: 45975 | AQ86: 0 | AR86: 0 | AS86: 0 | AT86: 0 | AU86: 0 | AV86: 0 | AW86: งานเคลือบ+พิมพ์ | AX86: รอART | AY86: 0 | AZ86: 0 | BA86: 0 | BB86: 0 | BC86: WRWT25850/WRWT25850 | BD86: 0
A87: 45964 | B87: MK68-001317 | C87: บจก.วีซีเอฟ | D87: JET 153 | E87: 20 | F87: 38 | G87: ขาว | H87: ใส | I87: 100 | J87: ± | K87: 5 | L87: ไม่ | M87: ไม่สวมถุงใน | N87: 0 | O87: 0 | P87: 0 | Q87: 0 | R87: 0 | S87: 500กระสอบแบน | T87: 45980 | U87: 5000 | V87: 0 | W87: 5000 | X87: 0 | Y87: 5250 | Z87: WSWT2025800SM | AA87: 5518.15 | AB87: 5518.15 | AC87: 0 | AD87: 0 | AE87: 5518.15 | AF87: 0 | AG87: ยังไม่ได้พิมพ์ | AH87: P6 | AI87: 5 | AJ87: 45980 | AK87: 45975 | AL87: 45968 | AM87: 45976 | AN87: 45977 | AO87: 45978 | AP87: 45975 | AQ87: 0 | AR87: 0 | AS87: 0 | AT87: 0 | AU87: 0 | AV87: 0 | AW87: งานเคลือบ+พิมพ์ | AX87: รอART | AY87: 0 | AZ87: 0 | BA87: 0 | BB87: 0 | BC87: WRWT25850/WRWT25850 | BD87: 0
A88: 45916 | B88: MK68-001119 | C88: บจก.ซันฟีด | D88: 952 | E88: 20 | F88: 38 | G88: ขาว | H88: ด้าน | I88: 100 | J88: + | K88: 0 | L88: ไม่ | M88: ไม่สวมถุงใน | N88: 0 | O88: 0 | P88: 0 | Q88: 0 | R88: 0 | S88: 300กระสอบแบนเต็มใบ | T88: 45981 | U88: 5000 | V88: 0 | W88: 5000 | X88: 0 | Y88: 5250 | Z88: WSWT2025800SM | AA88: 5518.15 | AB88: 0 | AC88: 5518.15 | AD88: 0 | AE88: 5518.15 | AF88: 0 | AG88: ยังไม่ได้พิมพ์ | AH88: P6 | AI88: 4 | AJ88: 45981 | AK88: 45977 | AL88: 45970 | AM88: 45978 | AN88: 45979 | AO88: 45980 | AP88: 45976 | AQ88: 0 | AR88: 0 | AS88: 0 | AT88: 0 | AU88: 0 | AV88: 0 | AW88: งานเคลือบ+พิมพ์ | AX88: / | AY88: 0 | AZ88: 0 | BA88: 0 | BB88: 0 | BC88: WRWT25850/WRWT25850 | BD88: 416.92689
A89: 45916 | B89: MK68-001119 | C89: บจก.ซันฟีด | D89: ขุนศึกเบอร์ 1 | E89: 20 | F89: 38 | G89: ขาว | H89: ด้าน | I89: 100 | J89: + | K89: 0 | L89: บิด | M89: ไม่สวมถุงใน | N89: 0 | O89: 0 | P89: 0 | Q89: 0 | R89: 0 | S89: 300กระสอบแบนเต็มใบ | T89: 45982 | U89: 5000 | V89: 0 | W89: 5000 | X89: 6000 | Y89: 0 | Z89: WSWT2025800SM | AA89: 0 | AB89: 0 | AC89: 0 | AD89: 0 | AE89: 0 | AF89: 0 | AG89: ยังไม่ได้พิมพ์ | AH89: P6 | AI89: 4 | AJ89: 45982 | AK89: 45978 | AL89: 45971 | AM89: 45979 | AN89: 45980 | AO89: 45981 | AP89: 45977 | AQ89: 0 | AR89: 0 | AS89: 0 | AT89: 0 | AU89: 0 | AV89: 0 | AW89: งานเคลือบ+พิมพ์ | AX89: / | AY89: 0 | AZ89: 0 | BA89: 0 | BB89: 0 | BC89: WRWT25850/WRWT25850 | BD89: 0
A90: 45916 | B90: MK68-001119 | C90: บจก.ซันฟีด | D90: 575 | E90: 20 | F90: 38 | G90: ขาว | H90: ด้าน | I90: 100 | J90: + | K90: 0 | L90: ไม่ | M90: ไม่สวมถุงใน | N90: 0 | O90: 0 | P90: 0 | Q90: 0 | R90: 0 | S90: 300กระสอบแบนเต็มใบ | T90: 45982 | U90: 3500 | V90: 0 | W90: 3500 | X90: 0 | Y90: 3675 | Z90: WSWT2025800SM | AA90: 3862.705 | AB90: 0 | AC90: 3862.705 | AD90: 0 | AE90: 3862.705 | AF90: 0 | AG90: ยังไม่ได้พิมพ์ | AH90: P6 | AI90: 4 | AJ90: 45982 | AK90: 45978 | AL90: 45971 | AM90: 45979 | AN90: 45980 | AO90: 45981 | AP90: 45977 | AQ90: 0 | AR90: 0 | AS90: 0 | AT90: 0 | AU90: 0 | AV90: 0 | AW90: งานเคลือบ+พิมพ์ | AX90: / | AY90: 0 | AZ90: 0 | BA90: 0 | BB90: 0 | BC90: WRWT25850/WRWT25850 | BD90: 291.84882
A91: 45933 | B91: MK68-001202 | C91: บจก.เอพีเอ็ม อะโกร | D91: ยู-ฟีด รวมหมู | E91: 20 | F91: 38 | G91: ขาว | H91: ใส | I91: 100 | J91: ± | K91: 5 | L91: บิด | M91: ไม่สวมถุงใน | N91: 0 | O91: 0 | P91: 0 | Q91: 0 | R91: 0 | S91: 500กระสอบแบน | T91: 45985 | U91: 3000 | V91: 0 | W91: 3000 | X91: 0 | Y91: 3150 | Z91: WSWT2025800SM | AA91: 3310.89 | AB91: 3310.89 | AC91: 0 | AD91: 3310.89 | AE91: 0 | AF91: 0 | AG91: พร้อมส่ง | AH91: P6 | AI91: 4 | AJ91: 45985 | AK91: 45981 | AL91: 45974 | AM91: 45982 | AN91: 45983 | AO91: 45984 | AP91: 45980 | AQ91: 0 | AR91: 0 | AS91: 0 | AT91: 0 | AU91: 0 | AV91: 0 | AW91: งานเคลือบ+พิมพ์ | AX91: / | AY91: 0 | AZ91: 0 | BA91: 0 | BB91: 0 | BC91: WRWT25850/WRWT25850 | BD91: 0
A92: 45896 | B92: MK68-001039 | C92: บจก.เอสพีเอ็ม อาหารสัตว์ | D92: U-GOAT14 | E92: 20 | F92: 38 | G92: ขาว | H92: ใส | I92: 100 | J92: ± | K92: 5 | L92: บิด | M92: ไม่สวมถุงใน | N92: 0 | O92: 0 | P92: 0 | Q92: 0 | R92: 0 | S92: 500กระสอบแบน | T92: 45985 | U92: 3000 | V92: 0 | W92: 3000 | X92: 0 | Y92: 3150 | Z92: WSWT2025800SM | AA92: 3310.89 | AB92: 3310.89 | AC92: 0 | AD92: 3310.89 | AE92: 0 | AF92: 0 | AG92: ยังไม่ได้พิมพ์ | AH92: P6 | AI92: 5 | AJ92: 45985 | AK92: 45980 | AL92: 45973 | AM92: 45981 | AN92: 45982 | AO92: 45983 | AP92: 45980 | AQ92: 0 | AR92: 0 | AS92: 0 | AT92: 0 | AU92: 0 | AV92: 0 | AW92: งานเคลือบ+พิมพ์ | AX92: / | AY92: 0 | AZ92: 0 | BA92: 0 | BB92: 0 | BC92: WRWT25850/WRWT25850 | BD92: 0
A93: 45916 | B93: MK68-001119 | C93: บจก.ซันฟีด | D93: ขุนศึกเบอร์ 1 | E93: 20 | F93: 38 | G93: ขาว | H93: ด้าน | I93: 100 | J93: + | K93: 0 | L93: บิด | M93: ไม่สวมถุงใน | N93: 0 | O93: 0 | P93: 0 | Q93: 0 | R93: 0 | S93: 300กระสอบแบนเต็มใบ | T93: 45986 | U93: 5000 | V93: 0 | W93: 5000 | X93: 0 | Y93: 5250 | Z93: WSWT2025800SM | AA93: 5518.15 | AB93: 0 | AC93: 5518.15 | AD93: 0 | AE93: 5518.15 | AF93: 0 | AG93: ยังไม่ได้พิมพ์ | AH93: P6 | AI93: 4 | AJ93: 45986 | AK93: 45982 | AL93: 45975 | AM93: 45983 | AN93: 45984 | AO93: 45985 | AP93: 45981 | AQ93: 0 | AR93: 0 | AS93: 0 | AT93: 0 | AU93: 0 | AV93: 0 | AW93: งานเคลือบ+พิมพ์ | AX93: / | AY93: 0 | AZ93: 0 | BA93: 0 | BB93: 0 | BC93: WRWT25850/WRWT25850 | BD93: 416.92689
A94: 45909 | B94: MK68-001093 | C94: บจก.เอสพีเอ็ม อาหารสัตว์ | D94: เอส ฟาร์ม115 | E94: 20 | F94: 38 | G94: ขาว | H94: ด้าน | I94: 100 | J94: ± | K94: 5 | L94: บิด | M94: ไม่สวมถุงใน | N94: 0 | O94: 0 | P94: 0 | Q94: 0 | R94: 0 | S94: 500กระสอบแบน | T94: 45986 | U94: 3179 | V94: 2531 | W94: 648 | X94: 6100 | Y94: 0 | Z94: WSWT2025800SM | AA94: 0 | AB94: 0 | AC94: 0 | AD94: 0 | AE94: 0 | AF94: 0 | AG94: ยังไม่ได้พิมพ์ | AH94: P6 | AI94: 4 | AJ94: 45986 | AK94: 45982 | AL94: 45975 | AM94: 45983 | AN94: 45984 | AO94: 45985 | AP94: 45981 | AQ94: 0 | AR94: 0 | AS94: 0 | AT94: 0 | AU94: 0 | AV94: 0 | AW94: งานเคลือบ+พิมพ์ | AX94: / | AY94: 0 | AZ94: 0 | BA94: 0 | BB94: 0 | BC94: WRWT25850/WRWT25850 | BD94: 0
A95: 45916 | B95: MK68-001119 | C95: บจก.ซันฟีด | D95: 952 | E95: 20 | F95: 38 | G95: ขาว | H95: ด้าน | I95: 100 | J95: + | K95: 0 | L95: ไม่ | M95: ไม่สวมถุงใน | N95: 0 | O95: 0 | P95: 0 | Q95: 0 | R95: 0 | S95: 300กระสอบแบนเต็มใบ | T95: 45986 | U95: 5000 | V95: 0 | W95: 5000 | X95: 0 | Y95: 5250 | Z95: WSWT2025800SM | AA95: 5518.15 | AB95: 0 | AC95: 5518.15 | AD95: 0 | AE95: 5518.15 | AF95: 0 | AG95: ยังไม่ได้พิมพ์ | AH95: P6 | AI95: 4 | AJ95: 45986 | AK95: 45982 | AL95: 45975 | AM95: 45983 | AN95: 45984 | AO95: 45985 | AP95: 45981 | AQ95: 0 | AR95: 0 | AS95: 0 | AT95: 0 | AU95: 0 | AV95: 0 | AW95: งานเคลือบ+พิมพ์ | AX95: / | AY95: 0 | AZ95: 0 | BA95: 0 | BB95: 0 | BC95: WRWT25850/WRWT25850 | BD95: 416.92689
A96: 45916 | B96: MK68-001119 | C96: บจก.ซันฟีด | D96: ขุนศึกเบอร์ 2 | E96: 20 | F96: 38 | G96: ขาว | H96: ด้าน | I96: 100 | J96: + | K96: 0 | L96: บิด | M96: ไม่สวมถุงใน | N96: 0 | O96: 0 | P96: 0 | Q96: 0 | R96: 0 | S96: 300กระสอบแบนเต็มใบ | T96: 45986 | U96: 5000 | V96: 0 | W96: 5000 | X96: 0 | Y96: 5250 | Z96: WSWT2025800SM | AA96: 5518.15 | AB96: 0 | AC96: 5518.15 | AD96: 0 | AE96: 5518.15 | AF96: 0 | AG96: ยังไม่ได้พิมพ์ | AH96: P6 | AI96: 4 | AJ96: 45986 | AK96: 45982 | AL96: 45975 | AM96: 45983 | AN96: 45984 | AO96: 45985 | AP96: 45981 | AQ96: 0 | AR96: 0 | AS96: 0 | AT96: 0 | AU96: 0 | AV96: 0 | AW96: งานเคลือบ+พิมพ์ | AX96: / | AY96: 0 | AZ96: 0 | BA96: 0 | BB96: 0 | BC96: WRWT25850/WRWT25850 | BD96: 416.92689
A97: 45916 | B97: MK68-001119 | C97: บจก.ซันฟีด | D97: 953 | E97: 20 | F97: 38 | G97: ขาว | H97: ด้าน | I97: 100 | J97: + | K97: 0 | L97: ไม่ | M97: ไม่สวมถุงใน | N97: 0 | O97: 0 | P97: 0 | Q97: 0 | R97: 0 | S97: 300กระสอบแบนเต็มใบ | T97: 45987 | U97: 5000 | V97: 0 | W97: 5000 | X97: 0 | Y97: 5250 | Z97: WSWT2025800SM | AA97: 5518.15 | AB97: 0 | AC97: 5518.15 | AD97: 0 | AE97: 5518.15 | AF97: 0 | AG97: พร้อมส่ง | AH97: P6 | AI97: 4 | AJ97: 45987 | AK97: 45983 | AL97: 45976 | AM97: 45984 | AN97: 45985 | AO97: 45986 | AP97: 45982 | AQ97: 0 | AR97: 0 | AS97: 0 | AT97: 0 | AU97: 0 | AV97: 0 | AW97: งานเคลือบ+พิมพ์ | AX97: / | AY97: 0 | AZ97: 0 | BA97: 0 | BB97: 0 | BC97: WRWT25850/WRWT25850 | BD97: 416.92689
A98: 45933 | B98: MK68-001204 | C98: บจก.เอพีเอ็ม อะโกร | D98: นีโอ พี3 | E98: 20 | F98: 38 | G98: ขาว | H98: ใส | I98: 100 | J98: ± | K98: 5 | L98: บิด | M98: ไม่สวมถุงใน | N98: 0 | O98: 0 | P98: 0 | Q98: 0 | R98: 0 | S98: 500กระสอบแบน | T98: 45978 | U98: 3000 | V98: 0 | W98: 3000 | X98: 0 | Y98: 3150 | Z98: WSWT2025800SM | AA98: 3310.89 | AB98: 3310.89 | AC98: 0 | AD98: 3310.89 | AE98: 0 | AF98: 0 | AG98: รอตัด | AH98: P6 | AI98: 4 | AJ98: 45978 | AK98: 45974 | AL98: 45967 | AM98: 45975 | AN98: 45976 | AO98: 45977 | AP98: 45973 | AQ98: 0 | AR98: 0 | AS98: 0 | AT98: 0 | AU98: 0 | AV98: 0 | AW98: งานเคลือบ+พิมพ์ | AX98: / | AY98: 0 | AZ98: 0 | BA98: 0 | BB98: 0 | BC98: WRWT25850/WRWT25850 | BD98: 0
A99: 45933 | B99: MK68-001203 | C99: บจก.เอพีเอ็ม อะโกร | D99: SPM190 GOAL | E99: 20 | F99: 38 | G99: ขาว | H99: ใส | I99: 100 | J99: ± | K99: 5 | L99: บิด | M99: ไม่สวมถุงใน | N99: 0 | O99: 0 | P99: 0 | Q99: 0 | R99: 0 | S99: 500กระสอบแบน | T99: 45987 | U99: 4000 | V99: 0 | W99: 4000 | X99: 0 | Y99: 4200 | Z99: WSWT2025800SM | AA99: 4414.52 | AB99: 4414.52 | AC99: 0 | AD99: 4414.52 | AE99: 0 | AF99: 0 | AG99: ยังไม่ได้พิมพ์ | AH99: P6 | AI99: 4 | AJ99: 45987 | AK99: 45983 | AL99: 45976 | AM99: 45984 | AN99: 45985 | AO99: 45986 | AP99: 45982 | AQ99: 0 | AR99: 0 | AS99: 0 | AT99: 0 | AU99: 0 | AV99: 0 | AW99: งานเคลือบ+พิมพ์ | AX99: / | AY99: 0 | AZ99: 0 | BA99: 0 | BB99: 0 | BC99: WRWT25850/WRWT25850 | BD99: 0
A100: 45891 | B100: MK68-001033 | C100: บจก.เอสพีเอ็ม อาหารสัตว์ | D100: นาโน 03 | E100: 20 | F100: 38 | G100: ขาว | H100: ด้าน | I100: 100 | J100: ± | K100: 5 | L100: บิด | M100: ไม่สวมถุงใน | N100: 0 | O100: 0 | P100: 0 | Q100: 0 | R100: 0 | S100: 500กระสอบแบน | T100: 45988 | U100: 3000 | V100: 3000 | W100: 0 | X100: 9150 | Y100: 0 | Z100: WSWT2025800SM | AA100: 0 | AB100: 0 | AC100: 0 | AD100: 0 | AE100: 0 | AF100: 0 | AG100: รอตัด | AH100: P6 | AI100: 5 | AJ100: 45988 | AK100: 45983 | AL100: 45976 | AM100: 45984 | AN100: 45985 | AO100: 45986 | AP100: 45983 | AQ100: 0 | AR100: 0 | AS100: 0 | AT100: 0 | AU100: 0 | AV100: 0 | AW100: งานเคลือบ+พิมพ์ | AX100: / | AY100: 8447 | AZ100: 0 | BA100: 0 | BB100: 0 | BC100: WRWT25850/WRWT25850 | BD100: 0
A101: 45916 | B101: MK68-001119 | C101: บจก.ซันฟีด | D101: 956 | E101: 20 | F101: 38 | G101: ขาว | H101: ด้าน | I101: 100 | J101: + | K101: 0 | L101: ไม่ | M101: ไม่สวมถุงใน | N101: 0 | O101: 0 | P101: 0 | Q101: 0 | R101: 0 | S101: 300กระสอบแบนเต็มใบ | T101: 45989 | U101: 2500 | V101: 1671 | W101: 829 | X101: 2600 | Y101: 0 | Z101: WSWT2025800SM | AA101: 0 | AB101: 0 | AC101: 0 | AD101: 0 | AE101: 0 | AF101: 0 | AG101: พร้อมส่ง | AH101: P6 | AI101: 4 | AJ101: 45989 | AK101: 45985 | AL101: 45978 | AM101: 45986 | AN101: 45987 | AO101: 45988 | AP101: 45984 | AQ101: 0 | AR101: 0 | AS101: 0 | AT101: 0 | AU101: 0 | AV101: 0 | AW101: งานเคลือบ+พิมพ์ | AX101: / | AY101: 0 | AZ101: 0 | BA101: 0 | BB101: 0 | BC101: WRWT25850/WRWT25850 | BD101: 0
...

Sheet 5-11-68
B2: เรียงกำหนดส่ง | D2: ลบ 0 | T2: เรียง 1
B3: ข้อมูลUpdate ณ. วันที่ | D3: 45966 | E3: เวลา | G3: 9.42
A4: วันรับออร์เดอร์/แบบ | B4: เลขที่ SO | C4: ชื่อลูกค้า | E4: 10.3 | I4: น้ำหนัก | L4: บิด/จับจีบ | M4: ถุงใน | Q4: 44873 | S4: วิธีบรรจุ | T4: วันส่ง | U4: จำนวนส่ง | V4: ตัดเย็บ (ใบ) | W4: 44873 | X4: พิมพ์ (ใบ) | Y4: 44876 | Z4: ผ้าทอ (เมตร) Updateณ | AB4: 44876 | AD4: ผ้าเคลือบ(เมตร) | AF4: หมายเหตุ | AG4: เครื่อง
B5: เลขที่ SO | C5: ชื่อลูกค้า | D5: ตรา | E5: กว้าง | F5: ยาว | G5: สี | H5: เคลือบ | I5: กรัม/ใบ | J5: * | K5: aw | L5: บิด/จับจีบ | M5: กว้าง | N5: ยาว | O5: หนา | P5: ใช้(กก.) | Q5: Stock(กก.) | R5: ผลิต(กก.) | S5: วิธีบรรจุ | T5: วันส่ง | U5: จำนวนส่ง | V5: StockFG | W5: ค้างตัด | X5: พิมพ์แล้ว | Y5: ค้างพิมพ์ | Z5: ประเภท | AA5: ใช้ | AB5: Stock | AC5: ค้างทอ | AD5: Stock | AE5: ค้างเคลือบ | AF5: หมายเหตุ | AG5: ที่พิมพ์ได้ | AH5: process | AI5: Lead time | AJ5: วันที่ส่งPL | AK5: เคลือบ | AL5: ได้ ART | AM5: พิมพ์ | AN5: จีบ-บิด | AO5: ตัด-เย็บ | AP5: ทอ | AQ5: สวมถุง | AR5: เย็บปาก | AS5: PT | AT5: ม้วน | AU5: ตัด | AV5: ตอกตาไก่ | AW5: GROUP | AX5: ART | AY5: หมายเหตุปัญหา | AZ5: ราคา/ใบ | BA5: ราคารวม | BB5: workweek | BC5: เส้นเทป | BD5: จำนวน
A6: ประมาณการ | B6: ประมาณการ | C6: บจก.เคอรี่ฟลาวมิลล์ | D6: โบว์แดง 10กก | E6: 16 | F6: 25 | G6: ขาว | H6: 0 | I6: 45 | J6: ± | K6: 5 | L6: ไม่ | M6: ไม่สวมถุงใน | N6: 0 | O6: 0 | P6: 0 | Q6: 0 | R6: 0 | S6: ห่ออัดเบลแบน500 | T6: รอแจ้ง | U6: 5000 | V6: 5000 | W6: 0 | X6: 5370 | Y6: 0 | Z6: WSWT1625800 | AA6: 0 | AB6: 0 | AC6: 0 | AD6: 0 | AE6: 0 | AF6: 0 | AG6: พร้อมส่ง | AH6: P7 | AI6: 2 | AJ6: รอแจ้ง | AK6: 0 | AL6: #VALUE! | AM6: #VALUE! | AN6: #VALUE! | AO6: #VALUE! | AP6: #VALUE! | AQ6: 0 | AR6: 0 | AS6: 0 | AT6: 0 | AU6: 0 | AV6: 0 | AW6: งานพิมพ์ | AX6: / | AY6: รอเก็บลบสีผสม | AZ6: 0 | BA6: 0 | BB6: 0 | BC6: WRWT25800/WRWT25800 | BD6: 0
A7: 0 | B7: 0 | C7: 0 | D7: 0 | E7: 16 | F7: 25 | G7: ขาว | H7: 0 | I7: 45 | J7: ± | K7: 5 | L7: 0 | M7: 0 | N7: 0 | O7: 0 | P7: 0 | Q7: 0 | R7: 0 | S7: 0 | U7: 0 | V7: 0 | W7: 0 | X7: 0 | Y7: 0 | Z7: WSWT1625800 | AA7: 0 | AB7: 0 | AC7: 0 | AD7: 0 | AE7: 0 | AF7: ระบุในSD | AG7: พร้อมส่ง | AH7: 0 | AI7: Lead time | AJ7: 0 | AK7: 0 | AL7: 0 | AM7: 0 | AN7: 0 | AO7: 0 | AP7: 0 | AQ7: 0 | AR7: 0 | AS7: 0 | AT7: 0 | AU7: 0 | AV7: 0 | AW7: 0 | AX7: 0 | AY7: 0 | AZ7: 0 | BA7: 0 | BB7: 0 | BC7: WRWT160800/WRWT25800 | BD7: 0
A8: 45950 | B8: MK68-001247 | C8: บจก.ฟาเธอร์ส วิง ซัพพลาย | D8: รถไฟฟ้า | E8: 18 | F8: 30 | G8: ขาว | H8: 0 | I8: 54 | J8: ± | K8: 5 | L8: บิด | M8: 19 | N8: 33 | O8: 40 | P8: 0 | Q8: 0 | R8: 0 | S8: 500กระสอบ | T8: 45968 | U8: 5000 | V8: 5000 | W8: 0 | X8: 5400 | Y8: 0 | Z8: WSWT1825800 | AA8: 0 | AB8: 0 | AC8: 0 | AD8: 0 | AE8: 0 | AF8: 0 | AG8: ยังไม่ได้พิมพ์ | AH8: P9 | AI8: 3 | AJ8: 45968 | AK8: 0 | AL8: 45958 | AM8: 45965 | AN8: 45966 | AO8: 45966 | AP8: 45963 | AQ8: 45967 | AR8: 0 | AS8: 0 | AT8: 0 | AU8: 0 | AV8: 0 | AW8: งานพิมพ์ | AX8: / | AY8: รอส่ง ลูกค้ารับเอง | AZ8: 0 | BA8: 0 | BB8: 0 | BC8: WRWT25800/WRWT25800 | BD8: 0
A9: 45950 | B9: MK68-001247 | C9: บจก.ฟาเธอร์ส วิง ซัพพลาย | D9: รถไฟฟ้าปูนขาวเย็น | E9: 18 | F9: 30 | G9: ขาว | H9: 0 | I9: 54 | J9: ± | K9: 5 | L9: บิด | M9: 19 | N9: 33 | O9: 40 | P9: 0 | Q9: 0 | R9: 0 | S9: 500กระสอบ | T9: 45968 | U9: 20000 | V9: 20057 | W9: 0 | X9: 20800 | Y9: 0 | Z9: WSWT1825800 | AA9: 0 | AB9: 0 | AC9: 0 | AD9: 0 | AE9: 0 | AF9: 0 | AG9: ยังไม่ได้พิมพ์ | AH9: P9 | AI9: 3 | AJ9: 45968 | AK9: 0 | AL9: 45958 | AM9: 45965 | AN9: 45966 | AO9: 45966 | AP9: 45963 | AQ9: 45967 | AR9: 0 | AS9: 0 | AT9: 0 | AU9: 0 | AV9: 0 | AW9: งานพิมพ์ | AX9: / | AY9: รอส่ง ลูกค้ารับเอง | AZ9: 0 | BA9: 0 | BB9: 0 | BC9: WRWT25800/WRWT25800 | BD9: 0
A10: 45950 | B10: MK68-001247 | C10: บจก.ฟาเธอร์ส วิง ซัพพลาย | D10: ไม่พิมพ์ | E10: 18 | F10: 30 | G10: ขาว | H10: 0 | I10: 54 | J10: ± | K10: 5 | L10: ไม่ | M10: 19 | N10: 33 | O10: 40 | P10: 0 | Q10: 0 | R10: 0 | S10: 500กระสอบ | T10: 45968 | U10: 3000 | V10: 3064 | W10: 0 | X10: 0 | Y10: 0 | Z10: WSWT1825800 | AA10: 0 | AB10: 0 | AC10: 0 | AD10: 0 | AE10: 0 | AF10: 0 | AG10: ยังไม่ได้พิมพ์ | AH10: P9 | AI10: 3 | AJ10: 45968 | AK10: 0 | AL10: 0 | AM10: 0 | AN10: 0 | AO10: 45964 | AP10: 45963 | AQ10: 45965 | AR10: 0 | AS10: 0 | AT10: 0 | AU10: 0 | AV10: 0 | AW10: ตัด | AX10: 0 | AY10: รอส่ง ลูกค้ารับเอง | AZ10: 0 | BA10: 0 | BB10: 0 | BC10: WRWT25800/WRWT25800 | BD10: 0
A11: 45923 | B11: MK68-001162 | C11: หจก.อนนท์อุตสาหกรรม | D11: ดาว 20 กก. | E11: 18 | F11: 28 | G11: ขาว | H11: 0 | I11: 50 | J11: ± | K11: 5 | L11: ไม่ | M11: 19 | N11: 31 | O11: 40 | P11: 363.27927 | Q11: 0 | R11: 363.27927 | S11: 500กระสอบแบน | T11: 45978 | U11: 25000 | V11: 0 | W11: 25000 | X11: 0 | Y11: 26250 | Z11: WSWT1825800 | AA11: 20605.75 | AB11: 20605.75 | AC11: 0 | AD11: 0 | AE11: 0 | AF11: 0 | AG11: ยังไม่ได้พิมพ์ | AH11: P9 | AI11: 3 | AJ11: 45978 | AK11: 0 | AL11: 45968 | AM11: 45975 | AN11: 45976 | AO11: 45976 | AP11: 45973 | AQ11: 45977 | AR11: 0 | AS11: 0 | AT11: 0 | AU11: 0 | AV11: 0 | AW11: งานพิมพ์ | AX11: / | AY11: 0 | AZ11: 0 | BA11: 0 | BB11: 0 | BC11: WRWT25800/WRWT25800 | BD11: 0
A12: 45923 | B12: MK68-001162 | C12: หจก.อนนท์อุตสาหกรรม | D12: ดาว 20 กก. | E12: 18 | F12: 28 | G12: ขาว | H12: 0 | I12: 50 | J12: ± | K12: 5 | L12: ไม่ | M12: 19 | N12: 31 | O12: 40 | P12: 363.27927 | Q12: 0 | R12: 363.27927 | S12: 500กระสอบแบน | T12: 45981 | U12: 25000 | V12: 0 | W12: 25000 | X12: 0 | Y12: 26250 | Z12: WSWT1825800 | AA12: 20605.75 | AB12: 20605.75 | AC12: 0 | AD12: 0 | AE12: 0 | AF12: 0 | AG12: พร้อมส่ง | AH12: P9 | AI12: 3 | AJ12: 45981 | AK12: 0 | AL12: 45971 | AM12: 45978 | AN12: 45979 | AO12: 45979 | AP12: 45976 | AQ12: 45980 | AR12: 0 | AS12: 0 | AT12: 0 | AU12: 0 | AV12: 0 | AW12: งานพิมพ์ | AX12: / | AY12: 0 | AZ12: 0 | BA12: 0 | BB12: 0 | BC12: WRWT25800/WRWT25800 | BD12: 0
A13: 45923 | B13: MK68-001162 | C13: หจก.อนนท์อุตสาหกรรม | D13: ดาว 20 กก. | E13: 18 | F13: 28 | G13: ขาว | H13: 0 | I13: 50 | J13: ± | K13: 5 | L13: ไม่ | M13: 19 | N13: 31 | O13: 40 | P13: 363.27927 | Q13: 0 | R13: 363.27927 | S13: 500กระสอบแบน | T13: 45985 | U13: 25000 | V13: 0 | W13: 25000 | X13: 0 | Y13: 26250 | Z13: WSWT1825800 | AA13: 20605.75 | AB13: 13750 | AC13: 6855.75 | AD13: 0 | AE13: 0 | AF13: 0 | AG13: ยังไม่ได้พิมพ์ | AH13: P9 | AI13: 3 | AJ13: 45985 | AK13: 0 | AL13: 45975 | AM13: 45982 | AN13: 45983 | AO13: 45983 | AP13: 45980 | AQ13: 45984 | AR13: 0 | AS13: 0 | AT13: 0 | AU13: 0 | AV13: 0 | AW13: งานพิมพ์ | AX13: / | AY13: 0 | AZ13: 0 | BA13: 0 | BB13: 0 | BC13: WRWT25800/WRWT25800 | BD13: 471.6756
A14: 45923 | B14: MK68-001162 | C14: หจก.อนนท์อุตสาหกรรม | D14: ดาว 20 กก. | E14: 18 | F14: 28 | G14: ขาว | H14: 0 | I14: 50 | J14: ± | K14: 5 | L14: ไม่ | M14: 19 | N14: 31 | O14: 40 | P14: 363.27927 | Q14: 0 | R14: 363.27927 | S14: 500กระสอบแบน | T14: 45989 | U14: 25000 | V14: 0 | W14: 25000 | X14: 0 | Y14: 26250 | Z14: WSWT1825800 | AA14: 20605.75 | AB14: 0 | AC14: 20605.75 | AD14: 0 | AE14: 0 | AF14: 0 | AG14: ยังไม่ได้พิมพ์ | AH14: P9 | AI14: 3 | AJ14: 45989 | AK14: 0 | AL14: 45979 | AM14: 45986 | AN14: 45987 | AO14: 45987 | AP14: 45984 | AQ14: 45988 | AR14: 0 | AS14: 0 | AT14: 0 | AU14: 0 | AV14: 0 | AW14: งานพิมพ์ | AX14: / | AY14: 0 | AZ14: 0 | BA14: 0 | BB14: 0 | BC14: WRWT25800/WRWT25800 | BD14: 1417.6756
A15: 0 | B15: 0 | E15: 18 | F15: 30 | G15: ขาว | H15: 0 | I15: 54 | J15: ± | K15: 5 | L15: 0 | M15: 0 | N15: 0 | O15: 0 | P15: 0 | Q15: 0 | R15: 0 | S15: 0 | U15: 0 | V15: 0 | W15: 0 | X15: 0 | Y15: 0 | Z15: WSWT1825800 | AA15: 82423 | AB15: 54961.5 | AC15: 27461.5 | AD15: 0 | AE15: 0 | AF15: ระบุในSD | AG15: พร้อมส่ง | AH15: 0 | AI15: Lead time | AJ15: 0 | AK15: 0 | AL15: 0 | AM15: 0 | AN15: 0 | AO15: 0 | AP15: 0 | AQ15: 0 | AR15: 0 | AS15: 0 | AT15: 0 | AU15: 0 | AV15: 0 | AW15: 0 | AX15: 0 | AY15: 0 | AZ15: 0 | BA15: 0 | BB15: 0 | BC15: WRWT25800/WRWT25800 | BD15: 0
A16: 45965 | B16: ใบรับคำสั่งซื้อ | C16: บจก.ซิเบลโก้(บางเลน) | D16: FELDSPAR K200BL | E16: 18 | F16: 30 | G16: ขาว | H16: ใส | I16: 74 | J16: ± | K16: 5 | L16: ไม่ | M16: ไม่สวมถุงใน | N16: 0 | O16: 0 | P16: 0 | Q16: 0 | R16: 0 | S16: 500กระสอบแบนเต็มใบ | T16: 45994 | U16: 5000 | V16: 0 | W16: 5000 | X16: 0 | Y16: 5250 | Z16: WSWT1825800SM | AA16: 4400.55 | AB16: 0 | AC16: 4400.55 | AD16: 0 | AE16: 4400.55 | AF16: ห้ามเกิน-ขาดได้5% | AG16: ยังไม่ได้พิมพ์ | AH16: P6 | AI16: 4 | AJ16: 45994 | AK16: 45990 | AL16: 45983 | AM16: 45991 | AN16: 45992 | AO16: 45993 | AP16: 45989 | AQ16: 0 | AR16: 0 | AS16: 0 | AT16: 0 | AU16: 0 | AV16: 0 | AW16: งานเคลือบ+พิมพ์ | AX16: รอART | AY16: 0 | AZ16: 0 | BA16: 0 | BB16: 0 | BC16: WRWT25800/WRWT25800 | BD16: 281.6352
A17: 45965 | B17: ใบรับคำสั่งซื้อ | C17: บจก.ซิเบลโก้(บางเลน) | D17: PORTARYTE | E17: 18 | F17: 30 | G17: ขาว | H17: ใส | I17: 74 | J17: ± | K17: 5 | L17: ไม่ | M17: ไม่สวมถุงใน | N17: 0 | O17: 0 | P17: 0 | Q17: 0 | R17: 0 | S17: 500กระสอบแบนเต็มใบ | T17: 46027 | U17: 5000 | V17: 0 | W17: 5000 | X17: 0 | Y17: 5250 | Z17: WSWT1825800SM | AA17: 4400.55 | AB17: 0 | AC17: 4400.55 | AD17: 0 | AE17: 4400.55 | AF17: ห้ามเกิน-ขาดได้5% | AG17: ยังไม่ได้พิมพ์ | AH17: P6 | AI17: 4 | AJ17: 46027 | AK17: 46023 | AL17: 46016 | AM17: 46024 | AN17: 46025 | AO17: 46026 | AP17: 46022 | AQ17: 0 | AR17: 0 | AS17: 0 | AT17: 0 | AU17: 0 | AV17: 0 | AW17: งานเคลือบ+พิมพ์ | AX17: รอART | AY17: 0 | AZ17: 0 | BA17: 0 | BB17: 0 | BC17: WRWT25800/WRWT25800 | BD17: 281.6352
A18: 0 | B18: 0 | C18: 0 | E18: 18 | F18: 25 | G18: ขาว | H18: 0 | I18: 50 | J18: ± | K18: 5 | L18: 0 | M18: 0 | N18: 0 | O18: 0 | P18: 0 | Q18: 0 | R18: 0 | S18: 0 | U18: 0 | V18: 0 | W18: 0 | X18: 0 | Y18: 0 | Z18: WSWT1825800SM | AA18: 8801.1 | AB18: 0 | AC18: 8801.1 | AD18: 0 | AE18: 8801.1 | AF18: ระบุในSD | AG18: ยังไม่ได้พิมพ์ | AH18: 0 | AI18: Lead time | AJ18: 0 | AK18: 0 | AL18: 0 | AM18: 0 | AN18: 0 | AO18: 0 | AP18: 0 | AQ18: 0 | AR18: 0 | AS18: 0 | AT18: 0 | AU18: 0 | AV18: 0 | AW18: 0 | AX18: 0 | AY18: 0 | AZ18: 0 | BA18: 0 | BB18: 0 | BC18: WRWT180800/WRWT25800 | BD18: 0
A19: 45952 | B19: MK68-001268 | C19: บจก.เพรซิเดนท์ฟลาวมิลล์ | D19: ผึ้งเหลือง | E19: 19 | F19: 30 | G19: ขาว | H19: 0 | I19: 60 | J19: ± | K19: 5 | L19: บิด | M19: ไม่สวมถุงใน | N19: 0 | O19: 0 | P19: 0 | Q19: 0 | R19: 0 | S19: 500กระสอบ | T19: 45969 | U19: 50000 | V19: 2563 | W19: 47437 | X19: 0 | Y19: 49808.85 | Z19: WSWT1925800 | AA19: 41749.778 | AB19: 41749.778 | AC19: 0 | AD19: 0 | AE19: 0 | AF19: 0 | AG19: ยังไม่ได้พิมพ์ | AH19: P7 | AI19: 2 | AJ19: 45969 | AK19: 0 | AL19: 45960 | AM19: 45967 | AN19: 45968 | AO19: 45968 | AP19: 45964 | AQ19: 0 | AR19: 0 | AS19: 0 | AT19: 0 | AU19: 0 | AV19: 0 | AW19: งานพิมพ์ | AX19: / | AY19: จาก12/11 มา7/11เย็น | AZ19: 0 | BA19: 0 | BB19: 0 | BC19: WRWT25800/WRWT25800 | BD19: 0
A20: 45952 | B20: MK68-001269 | C20: บจก.เพรซิเดนท์ฟลาวมิลล์ | D20: ผึ้งชมพู | E20: 19 | F20: 30 | G20: ขาว | H20: 0 | I20: 60 | J20: ± | K20: 5 | L20: บิด | M20: ไม่สวมถุงใน | N20: 0 | O20: 0 | P20: 0 | Q20: 0 | R20: 0 | S20: 500กระสอบ | T20: 45969 | U20: 20000 | V20: 4519 | W20: 15481 | X20: 0 | Y20: 16255.05 | Z20: WSWT1925800 | AA20: 13624.983 | AB20: 8612 | AC20: 5012.9829 | AD20: 0 | AE20: 0 | AF20: 0 | AG20: รอแบบ | AH20: P7 | AI20: 2 | AJ20: 45969 | AK20: 0 | AL20: 45960 | AM20: 45967 | AN20: 45968 | AO20: 45968 | AP20: 45964 | AQ20: 0 | AR20: 0 | AS20: 0 | AT20: 0 | AU20: 0 | AV20: 0 | AW20: งานพิมพ์ | AX20: / | AY20: จาก12/11 มา7/11เย็น | AZ20: 0 | BA20: 0 | BB20: 0 | BC20: WRWT25800/WRWT25800 | BD20: 364.05396
A21: 45952 | B21: MK68-001269 | C21: บจก.เพรซิเดนท์ฟลาวมิลล์ | D21: ผึ้งชมพู | E21: 19 | F21: 30 | G21: ขาว | H21: 0 | I21: 60 | J21: ± | K21: 5 | L21: บิด | M21: ไม่สวมถุงใน | N21: 0 | O21: 0 | P21: 0 | Q21: 0 | R21: 0 | S21: 500กระสอบ | T21: 45980 | U21: 40000 | V21: 0 | W21: 40000 | X21: 0 | Y21: 42000 | Z21: WSWT1925800 | AA21: 35204.4 | AB21: 0 | AC21: 35204.4 | AD21: 0 | AE21: 0 | AF21: 0 | AG21: พร้อมส่ง | AH21: P7 | AI21: 2 | AJ21: 45980 | AK21: 0 | AL21: 45971 | AM21: 45978 | AN21: 45979 | AO21: 45979 | AP21: 45975 | AQ21: 0 | AR21: 0 | AS21: 0 | AT21: 0 | AU21: 0 | AV21: 0 | AW21: งานพิมพ์ | AX21: / | AY21: 0 | AZ21: 0 | BA21: 0 | BB21: 0 | BC21: WRWT25800/WRWT25800 | BD21: 2556.6218
A22: ประมาณการ | B22: ประมาณการ | C22: บจก.ไลม์มาสเตอร์ | D22: LMC 25 kg | E22: 19 | F22: 32 | G22: ขาว | H22: 0 | I22: 64 | J22: ± | K22: 5 | L22: ไม่ | M22: 20 | N22: 35 | O22: 40 | P22: 341.36903 | Q22: 0 | R22: 341.36903 | S22: 500กระสอบแบน | T22: 45991 | U22: 20000 | V22: 233 | W22: 19767 | X22: 0 | Y22: 20755.35 | Z22: WSWT1925800 | AA22: 18501.714 | AB22: 0 | AC22: 18501.714 | AD22: 0 | AE22: 0 | AF22: 0 | AG22: ผ้าขาว | AH22: P9 | AI22: 3 | AJ22: 45991 | AK22: 0 | AL22: 45981 | AM22: 45988 | AN22: 45989 | AO22: 45989 | AP22: 45986 | AQ22: 45990 | AR22: 0 | AS22: 0 | AT22: 0 | AU22: 0 | AV22: 0 | AW22: งานพิมพ์ | AX22: รอART | AY22: 0 | AZ22: 0 | BA22: 0 | BB22: 0 | BC22: WRWT25800/WRWT25800 | BD22: 1343.6356
A23: ประมาณการ | B23: ประมาณการ | C23: บจก.เอ็กเซลเล้นท์ | D23: รอแบบ | E23: 19 | F23: 30 | G23: ขาว | H23: 0 | I23: 60 | J23: ± | K23: 5 | L23: บิด | M23: ไม่สวมถุงใน | N23: 0 | O23: 0 | P23: 0 | Q23: 0 | R23: 0 | S23: 500กระสอบ | T23: 45991 | U23: 40000 | V23: 0 | W23: 40000 | X23: 0 | Y23: 42000 | Z23: WSWT1925800 | AA23: 35204.4 | AB23: 0 | AC23: 35204.4 | AD23: 0 | AE23: 0 | AF23: 0 | AG23: ผ้าขาว | AH23: P7 | AI23: 2 | AJ23: 45991 | AK23: 0 | AL23: 45982 | AM23: 45989 | AN23: 45990 | AO23: 45990 | AP23: 45986 | AQ23: 0 | AR23: 0 | AS23: 0 | AT23: 0 | AU23: 0 | AV23: 0 | AW23: งานพิมพ์ | AX23: รอART | AY23: 0 | AZ23: 0 | BA23: 0 | BB23: 0 | BC23: WRWT25800/WRWT25800 | BD23: 2556.6218
A24: 0 | B24: 0 | C24: 0 | D24: 0 | E24: 19 | F24: 30 | G24: ขาว | H24: 0 | I24: 60 | J24: ± | K24: 5 | L24: 0 | M24: 0 | N24: 0 | O24: 0 | P24: 0 | Q24: 0 | R24: 0 | S24: 0 | U24: 0 | V24: 0 | W24: 0 | X24: 0 | Y24: 0 | Z24: WSWT1925800 | AA24: 144285.28 | AB24: 50361.778 | AC24: 93923.497 | AD24: 0 | AE24: 0 | AF24: ระบุในSD | AG24: รอตัด | AH24: 0 | AI24: Lead time | AJ24: 0 | AK24: 0 | AL24: 0 | AM24: 0 | AN24: 0 | AO24: 0 | AP24: 0 | AQ24: 0 | AR24: 0 | AS24: 0 | AT24: 0 | AU24: 0 | AV24: 0 | AW24: 0 | AX24: 0 | AY24: 0 | AZ24: 0 | BA24: 0 | BB24: 0 | BC24: WRWT25800/WRWT25800 | BD24: 0
A25: 45919 | B25: MK68-001143 | C25: บจก.เคอรี่ฟลาวมิลล์ | D25: ไม่พิมพ์ | E25: 19 | F25: 32 | G25: ขาว | H25: 0 | I25: 67 | J25: + | K25: 5 | L25: ไม่ | M25: ไม่สวมถุงใน | N25: 0 | O25: 0 | P25: 0 | Q25: 0 | R25: 0 | S25: ห่ออัดเบลแบน501 | T25: 45968 | U25: 20000 | V25: 21000 | W25: 0 | X25: 0 | Y25: 0 | Z25: WSWT1921720 | AA25: 0 | AB25: 0 | AC25: 0 | AD25: 0 | AE25: 0 | AF25: PDR250323 | AG25: พร้อมส่ง | AH25: P3 | AI25: 1 | AJ25: 45968 | AK25: 0 | AL25: 0 | AM25: 0 | AN25: 0 | AO25: 45967 | AP25: 45963 | AQ25: 0 | AR25: 0 | AS25: 0 | AT25: 0 | AU25: 0 | AV25: 0 | AW25: ตัด | AX25: 0 | AY25: 0 | AZ25: 0 | BA25: 0 | BB25: 0 | BC25: WRWT21720/WRWT25800 | BD25: 0
A26: 45941 | B26: MK68-001231 | C26: บจก.เคอรี่ฟลาวมิลล์ | D26: ไม่พิมพ์ | E26: 19 | F26: 32 | G26: ขาว | H26: 0 | I26: 67 | J26: + | K26: 5 | L26: ไม่ | M26: ไม่สวมถุงใน | N26: 0 | O26: 0 | P26: 0 | Q26: 0 | R26: 0 | S26: ห่ออัดเบลแบน501 | T26: 45968 | U26: 20000 | V26: 20775 | W26: 0 | X26: 0 | Y26: 0 | Z26: WSWT1921720 | AA26: 0 | AB26: 0 | AC26: 0 | AD26: 0 | AE26: 0 | AF26: PDR250350 | AG26: พร้อมส่ง | AH26: P3 | AI26: 1 | AJ26: 45968 | AK26: 0 | AL26: 0 | AM26: 0 | AN26: 0 | AO26: 45967 | AP26: 45963 | AQ26: 0 | AR26: 0 | AS26: 0 | AT26: 0 | AU26: 0 | AV26: 0 | AW26: ตัด | AX26: 0 | AY26: 0 | AZ26: 0 | BA26: 0 | BB26: 0 | BC26: WRWT21720/WRWT25800 | BD26: 0
A27: 0 | B27: ใบรับคำสั่งซื้อ | C27: บจก.เคอรี่ฟลาวมิลล์ | D27: บลูทีมเหลือง | E27: 19 | F27: 32 | G27: ขาว | H27: 0 | I27: 67 | J27: + | K27: 5 | L27: บิด | M27: ไม่สวมถุงใน | N27: 0 | O27: 0 | P27: 0 | Q27: 0 | R27: 0 | S27: ห่ออัดเบลแบน500 | T27: รอแจ้ง | U27: 5000 | V27: 0 | W27: 5000 | X27: 5400 | Y27: 0 | Z27: WSWT1921720 | AA27: 0 | AB27: 0 | AC27: 0 | AD27: 0 | AE27: 0 | AF27: 0 | AG27: พร้อมส่ง | AH27: P7 | AI27: 2 | AJ27: รอแจ้ง | AK27: 0 | AL27: #VALUE! | AM27: #VALUE! | AN27: #VALUE! | AO27: #VALUE! | AP27: #VALUE! | AQ27: 0 | AR27: 0 | AS27: 0 | AT27: 0 | AU27: 0 | AV27: 0 | AW27: งานพิมพ์ | AX27: / | AY27: 0 | AZ27: 0 | BA27: 0 | BB27: 0 | BC27: WRWT21720/WRWT25800 | BD27: 0
A28: 45953 | B28: MK68-001270 | C28: บจก.เคอรี่ฟลาวมิลล์ | D28: ปลาโลมาเทา | E28: 19 | F28: 32 | G28: ขาว | H28: 0 | I28: 67 | J28: + | K28: 5 | L28: บิด | M28: ไม่สวมถุงใน | N28: 0 | O28: 0 | P28: 0 | Q28: 0 | R28: 0 | S28: ห่ออัดเบลแบน500 | T28: 45967 | U28: 5000 | V28: 5000 | W28: 0 | X28: 5403 | Y28: 0 | Z28: WSWT1921720 | AA28: 0 | AB28: 0 | AC28: 0 | AD28: 0 | AE28: 0 | AF28: PDR250356 | AG28: พร้อมส่ง | AH28: P7 | AI28: 2 | AJ28: 45967 | AK28: 0 | AL28: 45958 | AM28: 45965 | AN28: 45966 | AO28: 45966 | AP28: 45962 | AQ28: 0 | AR28: 0 | AS28: 0 | AT28: 0 | AU28: 0 | AV28: 0 | AW28: งานพิมพ์ | AX28: / | AY28: 0 | AZ28: 0 | BA28: 0 | BB28: 0 | BC28: WRWT21720/WRWT25800 | BD28: 0
A29: 45953 | B29: MK68-001270 | C29: บจก.เคอรี่ฟลาวมิลล์ | D29: ปลาโลมาแดง | E29: 19 | F29: 32 | G29: ขาว | H29: 0 | I29: 67 | J29: + | K29: 5 | L29: บิด | M29: ไม่สวมถุงใน | N29: 0 | O29: 0 | P29: 0 | Q29: 0 | R29: 0 | S29: ห่ออัดเบลแบน500 | T29: 45967 | U29: 5000 | V29: 5000 | W29: 0 | X29: 5515 | Y29: 0 | Z29: WSWT1921720 | AA29: 0 | AB29: 0 | AC29: 0 | AD29: 0 | AE29: 0 | AF29: PDR250356 | AG29: พร้อมส่ง | AH29: P7 | AI29: 2 | AJ29: 45967 | AK29: 0 | AL29: 45958 | AM29: 45965 | AN29: 45966 | AO29: 45966 | AP29: 45962 | AQ29: 0 | AR29: 0 | AS29: 0 | AT29: 0 | AU29: 0 | AV29: 0 | AW29: งานพิมพ์ | AX29: / | AY29: 0 | AZ29: 0 | BA29: 0 | BB29: 0 | BC29: WRWT21720/WRWT25800 | BD29: 0
A30: 45953 | B30: MK68-001270 | C30: บจก.เคอรี่ฟลาวมิลล์ | D30: FW-Y | E30: 19 | F30: 32 | G30: ขาว | H30: 0 | I30: 67 | J30: + | K30: 5 | L30: ไม่ | M30: ไม่สวมถุงใน | N30: 0 | O30: 0 | P30: 0 | Q30: 0 | R30: 0 | S30: ห่ออัดเบลแบน500 | T30: 45967 | U30: 5000 | V30: 5000 | W30: 0 | X30: 5400 | Y30: 0 | Z30: WSWT1921720 | AA30: 0 | AB30: 0 | AC30: 0 | AD30: 0 | AE30: 0 | AF30: PDR250356 | AG30: รอตัด | AH30: P7 | AI30: 2 | AJ30: 45967 | AK30: 0 | AL30: 45958 | AM30: 45965 | AN30: 45966 | AO30: 45966 | AP30: 45962 | AQ30: 0 | AR30: 0 | AS30: 0 | AT30: 0 | AU30: 0 | AV30: 0 | AW30: งานพิมพ์ | AX30: / | AY30: 0 | AZ30: 0 | BA30: 0 | BB30: 0 | BC30: WRWT21720/WRWT25800 | BD30: 0
A31: 45953 | B31: MK68-001270 | C31: บจก.เคอรี่ฟลาวมิลล์ | D31: แปดแต้มแดง | E31: 19 | F31: 32 | G31: ขาว | H31: 0 | I31: 67 | J31: + | K31: 5 | L31: บิด | M31: ไม่สวมถุงใน | N31: 0 | O31: 0 | P31: 0 | Q31: 0 | R31: 0 | S31: ห่ออัดเบลแบน500 | T31: 45967 | U31: 5000 | V31: 5000 | W31: 0 | X31: 5630 | Y31: 0 | Z31: WSWT1921720 | AA31: 0 | AB31: 0 | AC31: 0 | AD31: 0 | AE31: 0 | AF31: PDR250356 | AG31: พร้อมส่ง | AH31: P7 | AI31: 2 | AJ31: 45967 | AK31: 0 | AL31: 45958 | AM31: 45965 | AN31: 45966 | AO31: 45966 | AP31: 45962 | AQ31: 0 | AR31: 0 | AS31: 0 | AT31: 0 | AU31: 0 | AV31: 0 | AW31: งานพิมพ์ | AX31: / | AY31: 0 | AZ31: 0 | BA31: 0 | BB31: 0 | BC31: WRWT21720/WRWT25800 | BD31: 0
A32: 45953 | B32: MK68-001270 | C32: บจก.เคอรี่ฟลาวมิลล์ | D32: KFM | E32: 19 | F32: 32 | G32: ขาว | H32: 0 | I32: 67 | J32: + | K32: 5 | L32: บิด | M32: ไม่สวมถุงใน | N32: 0 | O32: 0 | P32: 0 | Q32: 0 | R32: 0 | S32: ห่ออัดเบลแบน500 | T32: 45967 | U32: 5000 | V32: 5000 | W32: 0 | X32: 5400 | Y32: 0 | Z32: WSWT1921720 | AA32: 0 | AB32: 0 | AC32: 0 | AD32: 0 | AE32: 0 | AF32: PDR250356 | AG32: พร้อมส่ง | AH32: P7 | AI32: 2 | AJ32: 45967 | AK32: 0 | AL32: 45958 | AM32: 45965 | AN32: 45966 | AO32: 45966 | AP32: 45962 | AQ32: 0 | AR32: 0 | AS32: 0 | AT32: 0 | AU32: 0 | AV32: 0 | AW32: งานพิมพ์ | AX32: / | AY32: 0 | AZ32: 0 | BA32: 0 | BB32: 0 | BC32: WRWT21720/WRWT25800 | BD32: 0
A33: 45953 | B33: MK68-001270 | C33: บจก.เคอรี่ฟลาวมิลล์ | D33: เคเอ็ม | E33: 19 | F33: 32 | G33: ขาว | H33: 0 | I33: 67 | J33: + | K33: 5 | L33: บิด | M33: ไม่สวมถุงใน | N33: 0 | O33: 0 | P33: 0 | Q33: 0 | R33: 0 | S33: ห่ออัดเบลแบน500 | T33: 45969 | U33: 5000 | V33: 0 | W33: 5000 | X33: 5400 | Y33: 0 | Z33: WSWT1921720 | AA33: 0 | AB33: 0 | AC33: 0 | AD33: 0 | AE33: 0 | AF33: PDR250357 | AG33: รอตัด | AH33: P7 | AI33: 2 | AJ33: 45969 | AK33: 0 | AL33: 45960 | AM33: 45967 | AN33: 45968 | AO33: 45968 | AP33: 45964 | AQ33: 0 | AR33: 0 | AS33: 0 | AT33: 0 | AU33: 0 | AV33: 0 | AW33: งานพิมพ์ | AX33: / | AY33: 0 | AZ33: 0 | BA33: 0 | BB33: 0 | BC33: WRWT21720/WRWT25800 | BD33: 0
A34: 45953 | B34: MK68-001270 | C34: บจก.เคอรี่ฟลาวมิลล์ | D34: แต้มแดง | E34: 19 | F34: 32 | G34: ขาว | H34: 0 | I34: 67 | J34: + | K34: 5 | L34: บิด | M34: ไม่สวมถุงใน | N34: 0 | O34: 0 | P34: 0 | Q34: 0 | R34: 0 | S34: ห่ออัดเบลแบน500 | T34: 45969 | U34: 5000 | V34: 5232 | W34: 0 | X34: 5400 | Y34: 0 | Z34: WSWT1921720 | AA34: 0 | AB34: 0 | AC34: 0 | AD34: 0 | AE34: 0 | AF34: PDR250357 | AG34: พิมพ์ไม่ครบ | AH34: P7 | AI34: 2 | AJ34: 45969 | AK34: 0 | AL34: 45960 | AM34: 45967 | AN34: 45968 | AO34: 45968 | AP34: 45964 | AQ34: 0 | AR34: 0 | AS34: 0 | AT34: 0 | AU34: 0 | AV34: 0 | AW34: งานพิมพ์ | AX34: / | AY34: 0 | AZ34: 0 | BA34: 0 | BB34: 0 | BC34: WRWT21720/WRWT25800 | BD34: 0
A35: 45953 | B35: MK68-001270 | C35: บจก.เคอรี่ฟลาวมิลล์ | D35: 913 | E35: 19 | F35: 32 | G35: ขาว | H35: 0 | I35: 67 | J35: + | K35: 5 | L35: ไม่ | M35: ไม่สวมถุงใน | N35: 0 | O35: 0 | P35: 0 | Q35: 0 | R35: 0 | S35: ห่ออัดเบลแบน500 | T35: 45969 | U35: 5000 | V35: 5000 | W35: 0 | X35: 5400 | Y35: 0 | Z35: WSWT1921720 | AA35: 0 | AB35: 0 | AC35: 0 | AD35: 0 | AE35: 0 | AF35: PDR250357 | AG35: รอตัด | AH35: P7 | AI35: 2 | AJ35: 45969 | AK35: 0 | AL35: 45960 | AM35: 45967 | AN35: 45968 | AO35: 45968 | AP35: 45964 | AQ35: 0 | AR35: 0 | AS35: 0 | AT35: 0 | AU35: 0 | AV35: 0 | AW35: งานพิมพ์ | AX35: / | AY35: 0 | AZ35: 0 | BA35: 0 | BB35: 0 | BC35: WRWT21720/WRWT25800 | BD35: 0
A36: 45953 | B36: MK68-001270 | C36: บจก.เคอรี่ฟลาวมิลล์ | D36: ถุงเขียว | E36: 19 | F36: 32 | G36: ขาว | H36: 0 | I36: 67 | J36: + | K36: 5 | L36: บิด | M36: ไม่สวมถุงใน | N36: 0 | O36: 0 | P36: 0 | Q36: 0 | R36: 0 | S36: ห่ออัดเบลแบน500 | T36: 45969 | U36: 10000 | V36: 0 | W36: 10000 | X36: 10400 | Y36: 0 | Z36: WSWT1921720 | AA36: 0 | AB36: 0 | AC36: 0 | AD36: 0 | AE36: 0 | AF36: PDR250357 | AG36: รอตัด | AH36: P7 | AI36: 2 | AJ36: 45969 | AK36: 0 | AL36: 45960 | AM36: 45967 | AN36: 45968 | AO36: 45968 | AP36: 45964 | AQ36: 0 | AR36: 0 | AS36: 0 | AT36: 0 | AU36: 0 | AV36: 0 | AW36: งานพิมพ์ | AX36: / | AY36: 0 | AZ36: 0 | BA36: 0 | BB36: 0 | BC36: WRWT21720/WRWT25800 | BD36: 0
A37: 45953 | B37: MK68-001271 | C37: บจก.เคอรี่ฟลาวมิลล์ | D37: ถุงเขียว | E37: 19 | F37: 32 | G37: ขาว | H37: 0 | I37: 67 | J37: + | K37: 5 | L37: บิด | M37: ไม่สวมถุงใน | N37: 0 | O37: 0 | P37: 0 | Q37: 0 | R37: 0 | S37: ห่ออัดเบลแบน500 | T37: 45969 | U37: 5000 | V37: 0 | W37: 5000 | X37: 2520 | Y37: 2604 | Z37: WSWT1921720 | AA37: 2437.318 | AB37: 0 | AC37: 2437.318 | AD37: 0 | AE37: 0 | AF37: PDR250358 | AG37: พร้อมส่ง | AH37: P7 | AI37: 2 | AJ37: 45969 | AK37: 0 | AL37: 45960 | AM37: 45967 | AN37: 45968 | AO37: 45968 | AP37: 45964 | AQ37: 0 | AR37: 0 | AS37: 0 | AT37: 0 | AU37: 0 | AV37: 0 | AW37: งานพิมพ์ | AX37: / | AY37: 0 | AZ37: 0 | BA37: 0 | BB37: 0 | BC37: WRWT21720/WRWT25800 | BD37: 183.58962
A38: 45953 | B38: MK68-001271 | C38: บจก.เคอรี่ฟลาวมิลล์ | D38: BS | E38: 19 | F38: 32 | G38: ขาว | H38: 0 | I38: 67 | J38: + | K38: 5 | L38: ไม่ | M38: ไม่สวมถุงใน | N38: 0 | O38: 0 | P38: 0 | Q38: 0 | R38: 0 | S38: ห่ออัดเบลแบน500 | T38: 45969 | U38: 5000 | V38: 0 | W38: 5000 | X38: 5400 | Y38: 0 | Z38: WSWT1921720 | AA38: 0 | AB38: 0 | AC38: 0 | AD38: 0 | AE38: 0 | AF38: PDR250358 | AG38: รอแบบ | AH38: P7 | AI38: 2 | AJ38: 45969 | AK38: 0 | AL38: 45960 | AM38: 45967 | AN38: 45968 | AO38: 45968 | AP38: 45964 | AQ38: 0 | AR38: 0 | AS38: 0 | AT38: 0 | AU38: 0 | AV38: 0 | AW38: งานพิมพ์ | AX38: / | AY38: 0 | AZ38: 0 | BA38: 0 | BB38: 0 | BC38: WRWT21720/WRWT25800 | BD38: 0
A39: 45953 | B39: MK68-001271 | C39: บจก.เคอรี่ฟลาวมิลล์ | D39: BS(แต้มฟ้า) | E39: 19 | F39: 32 | G39: ขาว | H39: 0 | I39: 67 | J39: + | K39: 5 | L39: บิด | M39: ไม่สวมถุงใน | N39: 0 | O39: 0 | P39: 0 | Q39: 0 | R39: 0 | S39: ห่ออัดเบลแบน500 | T39: 45969 | U39: 5000 | V39: 0 | W39: 5000 | X39: 5400 | Y39: 0 | Z39: WSWT1921720 | AA39: 0 | AB39: 0 | AC39: 0 | AD39: 0 | AE39: 0 | AF39: PDR250358 | AG39: พร้อมส่ง | AH39: P7 | AI39: 2 | AJ39: 45969 | AK39: 0 | AL39: 45960 | AM39: 45967 | AN39: 45968 | AO39: 45968 | AP39: 45964 | AQ39: 0 | AR39: 0 | AS39: 0 | AT39: 0 | AU39: 0 | AV39: 0 | AW39: งานพิมพ์ | AX39: / | AY39: 0 | AZ39: 0 | BA39: 0 | BB39: 0 | BC39: WRWT21720/WRWT25800 | BD39: 0
A40: 45953 | B40: MK68-001271 | C40: บจก.เคอรี่ฟลาวมิลล์ | D40: กุ้งแดง | E40: 19 | F40: 32 | G40: ขาว | H40: 0 | I40: 67 | J40: + | K40: 5 | L40: บิด | M40: ไม่สวมถุงใน | N40: 0 | O40: 0 | P40: 0 | Q40: 0 | R40: 0 | S40: ห่ออัดเบลแบน500 | T40: 45969 | U40: 10000 | V40: 10000 | W40: 0 | X40: 10450 | Y40: 0 | Z40: WSWT1921720 | AA40: 0 | AB40: 0 | AC40: 0 | AD40: 0 | AE40: 0 | AF40: PDR250358 | AG40: ยังไม่ได้พิมพ์ | AH40: P7 | AI40: 2 | AJ40: 45969 | AK40: 0 | AL40: 45960 | AM40: 45967 | AN40: 45968 | AO40: 45968 | AP40: 45964 | AQ40: 0 | AR40: 0 | AS40: 0 | AT40: 0 | AU40: 0 | AV40: 0 | AW40: งานพิมพ์ | AX40: / | AY40: 0 | AZ40: 0 | BA40: 0 | BB40: 0 | BC40: WRWT21720/WRWT25800 | BD40: 0
A41: ประมาณการ | B41: ประมาณการ | C41: บจก.เคอรี่ฟลาวมิลล์ | D41: รอแบบ | E41: 19 | F41: 32 | G41: ขาว | H41: 0 | I41: 67 | J41: + | K41: 5 | L41: บิด | M41: ไม่สวมถุงใน | N41: 0 | O41: 0 | P41: 0 | Q41: 0 | R41: 0 | S41: ห่ออัดเบลแบน500 | T41: 45991 | U41: 225000 | V41: 0 | W41: 225000 | X41: 0 | Y41: 236250 | Z41: WSWT1921720 | AA41: 210597.75 | AB41: 0 | AC41: 210597.75 | AD41: 0 | AE41: 0 | AF41: 0 | AG41: ยังไม่ได้พิมพ์ | AH41: P7 | AI41: 2 | AJ41: 45991 | AK41: 0 | AL41: 45982 | AM41: 45989 | AN41: 45990 | AO41: 45990 | AP41: 45986 | AQ41: 0 | AR41: 0 | AS41: 0 | AT41: 0 | AU41: 0 | AV41: 0 | AW41: งานพิมพ์ | AX41: รอART | AY41: 0 | AZ41: 0 | BA41: 0 | BB41: 0 | BC41: WRWT21720/WRWT25800 | BD41: 15863.159
A42: 0 | B42: 0 | C42: 0 | D42: 0 | E42: 19 | F42: 30 | G42: 0 | H42: 0 | I42: 63 | J42: + | K42: 5 | L42: 0 | M42: 0 | N42: 0 | O42: 0 | P42: 0 | Q42: 0 | R42: 0 | S42: 0 | U42: 0 | V42: 0 | W42: 0 | X42: 0 | Y42: 0 | Z42: WSWT1921720 | AA42: 213035.07 | AB42: 0 | AC42: 213035.07 | AD42: 0 | AE42: 0 | AF42: ระบุในSD | AG42: พร้อมส่ง | AH42: 0 | AI42: Lead time | AJ42: 0 | AK42: 0 | AL42: 0 | AM42: 0 | AN42: 0 | AO42: 0 | AP42: 0 | AQ42: 0 | AR42: 0 | AS42: 0 | AT42: 0 | AU42: 0 | AV42: 0 | AW42: 0 | AX42: 0 | AY42: 0 | AZ42: 0 | BA42: 0 | BB42: 0 | BC42: WRWT190720/WRWT25800 | BD42: 0
A43: 0 | B43: ใบรับคำสั่งซื้อ | C43: บจก.เอเชี่ยนเคมิคัล | D43: A.C.C.ภาษาอังกฤษ 8-118 | E43: 19 | F43: 26 | G43: ขาว | H43: ด้าน | I43: 70 | J43: ± | K43: 5 | L43: ไม่ | M43: 20 | N43: 28 | O43: 50 | P43: 172.69643 | Q43: 0 | R43: 172.69643 | S43: มัด100 | T43: 45978 | U43: 10000 | V43: 0 | W43: 10000 | X43: 0 | Y43: 10500 | Z43: WSWT1925800SM | AA43: 7683.5 | AB43: 7033 | AC43: 650.5 | AD43: 2971 | AE43: 4712.5 | AF43: 0 | AG43: พร้อมส่ง | AH43: P8 | AI43: 4 | AJ43: 45978 | AK43: 45974 | AL43: 45968 | AM43: 45975 | AN43: 45976 | AO43: 45976 | AP43: 45973 | AQ43: 45977 | AR43: 0 | AS43: 0 | AT43: 0 | AU43: 0 | AV43: 0 | AW43: งานเคลือบ+พิมพ์ | AX43: รอART | AY43: เย็น17/11 | AZ43: 0 | BA43: 0 | BB43: 0 | BC43: WRWT25800/WRWT25800 | BD43: 43.944889
A44: 0 | B44: ใบรับคำสั่งซื้อ | C44: บจก.เอเชี่ยนเคมิคัล | D44: A.C.C.ภาษาอังกฤษ 8-111-131 | E44: 19 | F44: 26 | G44: ขาว | H44: ด้าน | I44: 70 | J44: ± | K44: 5 | L44: ไม่ | M44: 20 | N44: 28 | O44: 50 | P44: 172.69643 | Q44: 0 | R44: 172.69643 | S44: มัด100 | T44: 45978 | U44: 10000 | V44: 0 | W44: 10000 | X44: 0 | Y44: 10500 | Z44: WSWT1925800SM | AA44: 7683.5 | AB44: 0 | AC44: 7683.5 | AD44: 0 | AE44: 7683.5 | AF44: 0 | AG44: พร้อมส่ง | AH44: P8 | AI44: 4 | AJ44: 45978 | AK44: 45974 | AL44: 45968 | AM44: 45975 | AN44: 45976 | AO44: 45976 | AP44: 45973 | AQ44: 45977 | AR44: 0 | AS44: 0 | AT44: 0 | AU44: 0 | AV44: 0 | AW44: งานเคลือบ+พิมพ์ | AX44: รอART | AY44: เย็น17/11 | AZ44: 0 | BA44: 0 | BB44: 0 | BC44: WRWT25800/WRWT25800 | BD44: 519.06311
A45: 0 | B45: 0 | C45: 0 | D45: 0 | E45: 19 | F45: 30 | G45: 0 | H45: 0 | I45: 56 | J45: ± | K45: 5 | L45: 0 | M45: 0 | N45: 0 | O45: 0 | P45: 0 | Q45: 0 | R45: 0 | S45: 0 | U45: 0 | W45: 0 | X45: 0 | Y45: 0 | Z45: WSWT1925800SM | AA45: 15367 | AB45: 7033 | AC45: 8334 | AD45: 2971 | AE45: 12396 | AF45: ระบุในSD | AG45: ผ้าขาว | AH45: 0 | AI45: Lead time | AJ45: 0 | AK45: 0 | AL45: 0 | AM45: 0 | AN45: 0 | AO45: 0 | AP45: 0 | AQ45: 0 | AR45: 0 | AS45: 0 | AT45: 0 | AU45: 0 | AV45: 0 | AW45: 0 | AX45: 0 | AY45: 0 | AZ45: 0 | BA45: 0 | BB45: 0 | BC45: WRWT190800/WRWT25800 | BD45: 0
A46: 45905 | B46: MK68-001080 | C46: บจก.อินเทคค์ โกลบอล | D46: เพอเฟคค์104 โกลด์ | E46: 19 | F46: 34 | G46: ขาว | H46: ด้าน | I46: 100 | J46: ± | K46: 5 | L46: จับจีบ4" | M46: ไม่สวมถุงใน | N46: 0 | O46: 0 | P46: 0 | Q46: 0 | R46: 0 | S46: มัด80 ใช้สายรัด | T46: รอแจ้ง | U46: 109 | V46: 0 | W46: 109 | X46: 6124 | Y46: 0 | Z46: WSWT19251000SM | AA46: 0 | AB46: 0 | AC46: 0 | AD46: 0 | AE46: 0 | AF46: 0 | AG46: พร้อมส่ง | AH46: P6 | AI46: 4 | AJ46: รอแจ้ง | AK46: #VALUE! | AL46: #VALUE! | AM46: #VALUE! | AN46: #VALUE! | AO46: #VALUE! | AP46: #VALUE! | AQ46: 0 | AR46: 0 | AS46: 0 | AT46: 0 | AU46: 0 | AV46: 0 | AW46: งานเคลือบ+พิมพ์ | AX46: / | AY46: 0 | AZ46: 0 | BA46: 0 | BB46: 0 | BC46: WRWT251000/WRWT251000 | BD46: 0
A47: 0 | B47: 0 | C47: 0 | D47: 0 | E47: 19 | F47: 34 | G47: ขาว | H47: 0 | I47: 80 | J47: ± | K47: 5 | L47: 0 | M47: 0 | N47: 0 | O47: 0 | P47: 0 | Q47: 0 | R47: 0 | S47: 0 | U47: 0 | V47: 0 | W47: 0 | X47: 0 | Y47: 0 | Z47: WSWT19251000SM | AA47: 0 | AB47: 0 | AC47: 0 | AD47: 0 | AE47: 0 | AF47: ระบุในSD | AG47: พร้อมส่ง | AH47: 0 | AI47: Lead time | AJ47: 0 | AK47: 0 | AL47: 0 | AM47: 0 | AN47: 0 | AO47: 0 | AP47: 0 | AQ47: 0 | AR47: 0 | AS47: 0 | AT47: 0 | AU47: 0 | AV47: 0 | AW47: 0 | AX47: 0 | AY47: 0 | AZ47: 0 | BA47: 0 | BB47: 0 | BC47: WRWT251000/WRYL251000 | BD47: 0
A48: 45962 | B48: MK68-001316 | C48: บจก.หนองบัวฟีดมิลล์ | D48: ไม่พิมพ์ | E48: 20 | F48: 30 | G48: ขาว | H48: 0 | I48: 53 | J48: ± | K48: 5 | L48: ไม่ | M48: ไม่สวมถุงใน | N48: 0 | O48: 0 | P48: 0 | Q48: 0 | R48: 0 | S48: 500กระสอบ | T48: 45967 | U48: 10000 | V48: 0 | W48: 10000 | X48: 0 | Y48: 0 | Z48: WSWT2025650 | AA48: 8801.1 | AB48: 4087 | AC48: 4714.1 | AD48: 0 | AE48: 0 | AF48: 0 | AG48: พร้อมส่ง | AH48: P3 | AI48: 1 | AJ48: 45967 | AK48: 0 | AL48: 0 | AM48: 0 | AN48: 0 | AO48: 45966 | AP48: 45962 | AQ48: 0 | AR48: 0 | AS48: 0 | AT48: 0 | AU48: 0 | AV48: 0 | AW48: ตัด | AX48: 0 | AY48: 0 | AZ48: 0 | BA48: 0 | BB48: 0 | BC48: WRWT25650/WRWT25650 | BD48: 289.39336
A49: 0 | B49: 0 | C49: 0 | D49: 0 | E49: 20 | F49: 37 | G49: ขาว | H49: 0 | I49: 65 | J49: ± | K49: 5 | L49: 0 | M49: 0 | N49: 0 | O49: 0 | P49: 0 | Q49: 0 | R49: 0 | S49: 0 | U49: 0 | V49: 0 | W49: 0 | X49: 0 | Y49: 0 | Z49: WSWT2025650 | AA49: 8801.1 | AB49: 4087 | AC49: 4714.1 | AD49: 0 | AE49: 0 | AF49: ระบุในSD | AG49: พิมพ์ไม่ครบ | AH49: 0 | AI49: Lead time | AJ49: 0 | AK49: 0 | AL49: 0 | AM49: 0 | AN49: 0 | AO49: 0 | AP49: 0 | AQ49: 0 | AR49: 0 | AS49: 0 | AT49: 0 | AU49: 0 | AV49: 0 | AW49: 0 | AX49: 0 | AY49: 0 | AZ49: 0 | BA49: 0 | BB49: 0 | BC49: WRWT25650/WRWT25650 | BD49: 0
A50: 45951 | B50: MK68-001257 | C50: บจก.อินเทคค์ โกลบอล | D50: เพอเฟคค์ 913 | E50: 20 | F50: 36 | G50: ขาว | H50: ด้าน | I50: 100 | J50: ± | K50: 5 | L50: จับจีบ4" | M50: ไม่สวมถุงใน | N50: 0 | O50: 0 | P50: 0 | Q50: 0 | R50: 0 | S50: มัด80 ใช้สายรัด | T50: 45967 | U50: 2880 | V50: 2880 | W50: 0 | X50: 33609 | Y50: 0 | Z50: WSWT2025800SM | AA50: 0 | AB50: 0 | AC50: 0 | AD50: 0 | AE50: 0 | AF50: รอเก็บ | AG50: พร้อมส่ง | AH50: P6 | AI50: 4 | AJ50: 45967 | AK50: 45963 | AL50: 45956 | AM50: 45964 | AN50: 45965 | AO50: 45966 | AP50: 45962 | AQ50: 0 | AR50: 0 | AS50: 0 | AT50: 0 | AU50: 0 | AV50: 0 | AW50: งานเคลือบ+พิมพ์ | AX50: / | AY50: 3/11,10000 10/11,10000 17/11 ,10000 | AZ50: 0 | BA50: 0 | BB50: 0 | BC50: WRWT25850/WRWT25850 | BD50: 0
A51: 45951 | B51: MK68-001256 | C51: บจก.อินเทคค์ โกลบอล | D51: เพอเฟคค์ 912 | E51: 20 | F51: 36 | G51: ขาว | H51: ด้าน | I51: 100 | J51: ± | K51: 5 | L51: จับจีบ4" | M51: ไม่สวมถุงใน | N51: 0 | O51: 0 | P51: 0 | Q51: 0 | R51: 0 | S51: มัด80 ใช้สายรัด | T51: 45967 | U51: 10000 | V51: 0 | W51: 10000 | X51: 1940 | Y51: 8463 | Z51: WSWT2025800SM | AA51: 8867.1083 | AB51: 8867.1083 | AC51: 0 | AD51: 8867.1083 | AE51: 0 | AF51: บล๊อกแตกเนื่องจากโดนมีดพนักงาน | AG51: พร้อมส่ง | AH51: P6 | AI51: 4 | AJ51: 45967 | AK51: 45963 | AL51: 45956 | AM51: 45964 | AN51: 45965 | AO51: 45966 | AP51: 45962 | AQ51: 0 | AR51: 0 | AS51: 0 | AT51: 0 | AU51: 0 | AV51: 0 | AW51: งานเคลือบ+พิมพ์ | AX51: / | AY51: 0 | AZ51: 0 | BA51: 0 | BB51: 0 | BC51: WRWT25850/WRWT25850 | BD51: 0
A52: 45919 | B52: MK68-001123 | C52: บจก.อินเทคค์ โกลบอล | D52: เพอเฟคค์ 912 | E52: 20 | F52: 36 | G52: ขาว | H52: ด้าน | I52: 100 | J52: ± | K52: 5 | L52: จับจีบ4" | M52: ไม่สวมถุงใน | N52: 0 | O52: 0 | P52: 0 | Q52: 0 | R52: 0 | S52: มัด80 ใช้สายรัด | T52: 45967 | U52: 928 | V52: 880 | W52: 48 | X52: 0 | Y52: 50.4 | Z52: WSWT2025800SM | AA52: 50.292 | AB52: 50.292 | AC52: 0 | AD52: 50.292 | AE52: 0 | AF52: 0 | AG52: รอตัด | AH52: P6 | AI52: 4 | AJ52: 45967 | AK52: 45963 | AL52: 45956 | AM52: 45964 | AN52: 45965 | AO52: 45966 | AP52: 45962 | AQ52: 0 | AR52: 0 | AS52: 0 | AT52: 0 | AU52: 0 | AV52: 0 | AW52: งานเคลือบ+พิมพ์ | AX52: / | AY52: ลบสีจำนวนมาก | AZ52: 0 | BA52: 0 | BB52: 0 | BC52: WRWT25850/WRWT25850 | BD52: 0
A53: 45916 | B53: MK68-001119 | C53: บจก.ซันฟีด | D53: 952 | E53: 20 | F53: 38 | G53: ขาว | H53: ด้าน | I53: 100 | J53: + | K53: 0 | L53: ไม่ | M53: ไม่สวมถุงใน | N53: 0 | O53: 0 | P53: 0 | Q53: 0 | R53: 0 | S53: 300กระสอบแบนเต็มใบ | T53: 45968 | U53: 5000 | V53: 4667 | W53: 333 | X53: 5250 | Y53: 0 | Z53: WSWT2025800SM | AA53: 0 | AB53: 0 | AC53: 0 | AD53: 0 | AE53: 0 | AF53: 0 | AG53: พร้อมส่ง | AH53: P6 | AI53: 4 | AJ53: 45968 | AK53: 45964 | AL53: 45957 | AM53: 45965 | AN53: 45966 | AO53: 45967 | AP53: 45963 | AQ53: 0 | AR53: 0 | AS53: 0 | AT53: 0 | AU53: 0 | AV53: 0 | AW53: งานเคลือบ+พิมพ์ | AX53: / | AY53: 0 | AZ53: 0 | BA53: 0 | BB53: 0 | BC53: WRWT25850/WRWT25850 | BD53: 0
A54: 45916 | B54: MK68-001119 | C54: บจก.ซันฟีด | D54: ขุนศึกเบอร์ 1 | E54: 20 | F54: 38 | G54: ขาว | H54: ด้าน | I54: 100 | J54: + | K54: 0 | L54: บิด | M54: ไม่สวมถุงใน | N54: 0 | O54: 0 | P54: 0 | Q54: 0 | R54: 0 | S54: 300กระสอบแบนเต็มใบ | T54: 45971 | U54: 5000 | V54: 5100 | W54: 0 | X54: 5100 | Y54: 0 | Z54: WSWT2025800SM | AA54: 0 | AB54: 0 | AC54: 0 | AD54: 0 | AE54: 0 | AF54: 0 | AG54: พร้อมส่ง | AH54: P6 | AI54: 4 | AJ54: 45971 | AK54: 45967 | AL54: 45960 | AM54: 45968 | AN54: 45969 | AO54: 45970 | AP54: 45966 | AQ54: 0 | AR54: 0 | AS54: 0 | AT54: 0 | AU54: 0 | AV54: 0 | AW54: งานเคลือบ+พิมพ์ | AX54: / | AY54: 0 | AZ54: 0 | BA54: 0 | BB54: 0 | BC54: WRWT25850/WRWT25850 | BD54: 0
A55: 45916 | B55: MK68-001119 | C55: บจก.ซันฟีด | D55: 007 | E55: 20 | F55: 38 | G55: ขาว | H55: ด้าน | I55: 100 | J55: + | K55: 0 | L55: ไม่ | M55: ไม่สวมถุงใน | N55: 0 | O55: 0 | P55: 0 | Q55: 0 | R55: 0 | S55: 300กระสอบแบนเต็มใบ | T55: 45971 | U55: 2500 | V55: 729 | W55: 1771 | X55: 2543 | Y55: 0 | Z55: WSWT2025800SM | AA55: 0 | AB55: 0 | AC55: 0 | AD55: 0 | AE55: 0 | AF55: 0 | AG55: ยังไม่ได้พิมพ์ | AH55: P6 | AI55: 4 | AJ55: 45971 | AK55: 45967 | AL55: 45960 | AM55: 45968 | AN55: 45969 | AO55: 45970 | AP55: 45966 | AQ55: 0 | AR55: 0 | AS55: 0 | AT55: 0 | AU55: 0 | AV55: 0 | AW55: งานเคลือบ+พิมพ์ | AX55: / | AY55: 0 | AZ55: 0 | BA55: 0 | BB55: 0 | BC55: WRWT25850/WRWT25850 | BD55: 0
A56: 45916 | B56: MK68-001119 | C56: บจก.ซันฟีด | D56: ขุนศึกเบอร์ 1 | E56: 20 | F56: 38 | G56: ขาว | H56: ด้าน | I56: 100 | J56: + | K56: 0 | L56: บิด | M56: ไม่สวมถุงใน | N56: 0 | O56: 0 | P56: 0 | Q56: 0 | R56: 0 | S56: 300กระสอบแบนเต็มใบ | T56: 45972 | U56: 5000 | V56: 5100 | W56: 0 | X56: 5100 | Y56: 0 | Z56: WSWT2025800SM | AA56: 0 | AB56: 0 | AC56: 0 | AD56: 0 | AE56: 0 | AF56: 0 | AG56: ยังไม่ได้พิมพ์ | AH56: P6 | AI56: 4 | AJ56: 45972 | AK56: 45968 | AL56: 45961 | AM56: 45969 | AN56: 45970 | AO56: 45971 | AP56: 45967 | AQ56: 0 | AR56: 0 | AS56: 0 | AT56: 0 | AU56: 0 | AV56: 0 | AW56: งานเคลือบ+พิมพ์ | AX56: / | AY56: 0 | AZ56: 0 | BA56: 0 | BB56: 0 | BC56: WRWT25850/WRWT25850 | BD56: 0
A57: 45916 | B57: MK68-001119 | C57: บจก.ซันฟีด | D57: 953 | E57: 20 | F57: 38 | G57: ขาว | H57: ด้าน | I57: 100 | J57: + | K57: 0 | L57: ไม่ | M57: ไม่สวมถุงใน | N57: 0 | O57: 0 | P57: 0 | Q57: 0 | R57: 0 | S57: 300กระสอบแบนเต็มใบ | T57: 45972 | U57: 5000 | V57: 4489 | W57: 511 | X57: 5000 | Y57: 0 | Z57: WSWT2025800SM | AA57: 0 | AB57: 0 | AC57: 0 | AD57: 0 | AE57: 0 | AF57: 0 | AG57: ยังไม่ได้พิมพ์ | AH57: P6 | AI57: 4 | AJ57: 45972 | AK57: 45968 | AL57: 45961 | AM57: 45969 | AN57: 45970 | AO57: 45971 | AP57: 45967 | AQ57: 0 | AR57: 0 | AS57: 0 | AT57: 0 | AU57: 0 | AV57: 0 | AW57: งานเคลือบ+พิมพ์ | AX57: / | AY57: 0 | AZ57: 0 | BA57: 0 | BB57: 0 | BC57: WRWT25850/WRWT25850 | BD57: 0
A58: 45916 | B58: MK68-001119 | C58: บจก.ซันฟีด | D58: 953 | E58: 20 | F58: 38 | G58: ขาว | H58: ด้าน | I58: 100 | J58: + | K58: 0 | L58: ไม่ | M58: ไม่สวมถุงใน | N58: 0 | O58: 0 | P58: 0 | Q58: 0 | R58: 0 | S58: 300กระสอบแบนเต็มใบ | T58: 45972 | U58: 5000 | V58: 0 | W58: 5000 | X58: 0 | Y58: 5250 | Z58: WSWT2025800SM | AA58: 5518.15 | AB58: 5518.15 | AC58: 0 | AD58: 5518.15 | AE58: 0 | AF58: 0 | AG58: พร้อมส่ง | AH58: P6 | AI58: 4 | AJ58: 45972 | AK58: 45968 | AL58: 45961 | AM58: 45969 | AN58: 45970 | AO58: 45971 | AP58: 45967 | AQ58: 0 | AR58: 0 | AS58: 0 | AT58: 0 | AU58: 0 | AV58: 0 | AW58: งานเคลือบ+พิมพ์ | AX58: / | AY58: 0 | AZ58: 0 | BA58: 0 | BB58: 0 | BC58: WRWT25850/WRWT25850 | BD58: 0
A59: 45916 | B59: MK68-001119 | C59: บจก.ซันฟีด | D59: 964 | E59: 20 | F59: 39 | G59: ขาว | H59: ด้าน | I59: 102 | J59: + | K59: 0 | L59: บิด | M59: ไม่สวมถุงใน | N59: 0 | O59: 0 | P59: 0 | Q59: 0 | R59: 0 | S59: 300กระสอบแบนเต็มใบ | T59: 45972 | U59: 3500 | V59: 0 | W59: 3500 | X59: 0 | Y59: 3675 | Z59: WSWT2025800SM | AA59: 3960.495 | AB59: 3960.495 | AC59: 0 | AD59: 3960.495 | AE59: 0 | AF59: 0 | AG59: ยังไม่ได้พิมพ์ | AH59: P6 | AI59: 4 | AJ59: 45972 | AK59: 45968 | AL59: 45961 | AM59: 45969 | AN59: 45970 | AO59: 45971 | AP59: 45967 | AQ59: 0 | AR59: 0 | AS59: 0 | AT59: 0 | AU59: 0 | AV59: 0 | AW59: งานเคลือบ+พิมพ์ | AX59: / | AY59: 0 | AZ59: 0 | BA59: 0 | BB59: 0 | BC59: WRWT25850/WRWT25850 | BD59: 0
A60: 45916 | B60: MK68-001119 | C60: บจก.ซันฟีด | D60: ขุนศึกเบอร์ 2 | E60: 20 | F60: 38 | G60: ขาว | H60: ด้าน | I60: 100 | J60: + | K60: 0 | L60: บิด | M60: ไม่สวมถุงใน | N60: 0 | O60: 0 | P60: 0 | Q60: 0 | R60: 0 | S60: 300กระสอบแบนเต็มใบ | T60: 45972 | U60: 5000 | V60: 0 | W60: 5000 | X60: 0 | Y60: 5250 | Z60: WSWT2025800SM | AA60: 5518.15 | AB60: 5518.15 | AC60: 0 | AD60: 5518.15 | AE60: 0 | AF60: 0 | AG60: รอตัด | AH60: P6 | AI60: 4 | AJ60: 45972 | AK60: 45968 | AL60: 45961 | AM60: 45969 | AN60: 45970 | AO60: 45971 | AP60: 45967 | AQ60: 0 | AR60: 0 | AS60: 0 | AT60: 0 | AU60: 0 | AV60: 0 | AW60: งานเคลือบ+พิมพ์ | AX60: / | AY60: 0 | AZ60: 0 | BA60: 0 | BB60: 0 | BC60: WRWT25850/WRWT25850 | BD60: 0
A61: 45923 | B61: MK68-001158 | C61: บจก.เอสพีเอ็ม อาหารสัตว์ | D61: SW 441 | E61: 20 | F61: 38 | G61: ขาว | H61: ใส | I61: 100 | J61: ± | K61: 5 | L61: บิด | M61: ไม่สวมถุงใน | N61: 0 | O61: 0 | P61: 0 | Q61: 0 | R61: 0 | S61: 500กระสอบแบน | T61: 45972 | U61: 12000 | V61: 12000 | W61: 0 | X61: 12440 | Y61: 0 | Z61: WSWT2025800SM | AA61: 0 | AB61: 0 | AC61: 0 | AD61: 0 | AE61: 0 | AF61: 0 | AG61: ยังไม่ได้พิมพ์ | AH61: P6 | AI61: 4 | AJ61: 45972 | AK61: 45968 | AL61: 45961 | AM61: 45969 | AN61: 45970 | AO61: 45971 | AP61: 45967 | AQ61: 0 | AR61: 0 | AS61: 0 | AT61: 0 | AU61: 0 | AV61: 0 | AW61: งานเคลือบ+พิมพ์ | AX61: / | AY61: 0 | AZ61: 0 | BA61: 0 | BB61: 0 | BC61: WRWT25850/WRWT25850 | BD61: 0
A62: 45916 | B62: MK68-001119 | C62: บจก.ซันฟีด | D62: 952 | E62: 20 | F62: 38 | G62: ขาว | H62: ด้าน | I62: 100 | J62: + | K62: 0 | L62: ไม่ | M62: ไม่สวมถุงใน | N62: 0 | O62: 0 | P62: 0 | Q62: 0 | R62: 0 | S62: 300กระสอบแบนเต็มใบ | T62: 45974 | U62: 5000 | V62: 0 | W62: 5000 | X62: 0 | Y62: 5250 | Z62: WSWT2025800SM | AA62: 5518.15 | AB62: 5518.15 | AC62: 0 | AD62: 5518.15 | AE62: 0 | AF62: 0 | AG62: พร้อมส่ง | AH62: P6 | AI62: 4 | AJ62: 45974 | AK62: 45970 | AL62: 45963 | AM62: 45971 | AN62: 45972 | AO62: 45973 | AP62: 45969 | AQ62: 0 | AR62: 0 | AS62: 0 | AT62: 0 | AU62: 0 | AV62: 0 | AW62: งานเคลือบ+พิมพ์ | AX62: / | AY62: 0 | AZ62: 0 | BA62: 0 | BB62: 0 | BC62: WRWT25850/WRWT25850 | BD62: 0
A63: 45916 | B63: MK68-001119 | C63: บจก.ซันฟีด | D63: 007 | E63: 20 | F63: 38 | G63: ขาว | H63: ด้าน | I63: 100 | J63: + | K63: 0 | L63: ไม่ | M63: ไม่สวมถุงใน | N63: 0 | O63: 0 | P63: 0 | Q63: 0 | R63: 0 | S63: 300กระสอบแบนเต็มใบ | T63: 45974 | U63: 2500 | V63: 0 | W63: 2500 | X63: 2543 | Y63: 0 | Z63: WSWT2025800SM | AA63: 0 | AB63: 0 | AC63: 0 | AD63: 0 | AE63: 0 | AF63: 0 | AG63: ยังไม่ได้พิมพ์ | AH63: P6 | AI63: 4 | AJ63: 45974 | AK63: 45970 | AL63: 45963 | AM63: 45971 | AN63: 45972 | AO63: 45973 | AP63: 45969 | AQ63: 0 | AR63: 0 | AS63: 0 | AT63: 0 | AU63: 0 | AV63: 0 | AW63: งานเคลือบ+พิมพ์ | AX63: / | AY63: 0 | AZ63: 0 | BA63: 0 | BB63: 0 | BC63: WRWT25850/WRWT25850 | BD63: 0
A64: 45941 | B64: MK68-001226 | C64: บจก.เอพีเอ็ม อะโกร | D64: APM 914 | E64: 20 | F64: 38 | G64: ขาว | H64: ใส | I64: 100 | J64: ± | K64: 5 | L64: บิด | M64: ไม่สวมถุงใน | N64: 0 | O64: 0 | P64: 0 | Q64: 0 | R64: 0 | S64: 500กระสอบแบน | T64: 45975 | U64: 3000 | V64: 0 | W64: 3000 | X64: 0 | Y64: 3150 | Z64: WSWT2025800SM | AA64: 3310.89 | AB64: 3310.89 | AC64: 0 | AD64: 3310.89 | AE64: 0 | AF64: 0 | AG64: รอตัด | AH64: P6 | AI64: 4 | AJ64: 45975 | AK64: 45971 | AL64: 45964 | AM64: 45972 | AN64: 45973 | AO64: 45974 | AP64: 45970 | AQ64: 0 | AR64: 0 | AS64: 0 | AT64: 0 | AU64: 0 | AV64: 0 | AW64: งานเคลือบ+พิมพ์ | AX64: รอART | AY64: 0 | AZ64: 0 | BA64: 0 | BB64: 0 | BC64: WRWT25850/WRWT25850 | BD64: 0
A65: 45896 | B65: MK68-001040 | C65: บจก.เอสพีเอ็ม อาหารสัตว์ | D65: ฟิล กู๊ด พี4 | E65: 20 | F65: 38 | G65: ขาว | H65: ใส | I65: 100 | J65: ± | K65: 5 | L65: บิด | M65: ไม่สวมถุงใน | N65: 0 | O65: 0 | P65: 0 | Q65: 0 | R65: 0 | S65: 500กระสอบแบน | T65: 45975 | U65: 3000 | V65: 3194 | W65: 0 | X65: 8100 | Y65: 0 | Z65: WSWT2025800SM | AA65: 0 | AB65: 0 | AC65: 0 | AD65: 0 | AE65: 0 | AF65: 0 | AG65: ยังไม่ได้พิมพ์ | AH65: P6 | AI65: 5 | AJ65: 45975 | AK65: 45970 | AL65: 45963 | AM65: 45971 | AN65: 45972 | AO65: 45973 | AP65: 45970 | AQ65: 0 | AR65: 0 | AS65: 0 | AT65: 0 | AU65: 0 | AV65: 0 | AW65: งานเคลือบ+พิมพ์ | AX65: / | AY65: 0 | AZ65: 0 | BA65: 0 | BB65: 0 | BC65: WRWT25850/WRWT25850 | BD65: 0
A66: 45958 | B66: MK68-001296 | C66: บจก.เอสพีเอ็ม อาหารสัตว์ | D66: NOVA S2 | E66: 20 | F66: 38 | G66: ขาว | H66: ด้าน | I66: 100 | J66: ± | K66: 5 | L66: บิด | M66: ไม่สวมถุงใน | N66: 0 | O66: 0 | P66: 0 | Q66: 0 | R66: 0 | S66: 500กระสอบแบน | T66: 45977 | U66: 3000 | V66: 0 | W66: 3000 | X66: 0 | Y66: 3150 | Z66: WSWT2025800SM | AA66: 3310.89 | AB66: 3310.89 | AC66: 0 | AD66: 3310.89 | AE66: 0 | AF66: 0 | AG66: ยังไม่ได้พิมพ์ | AH66: P6 | AI66: 4 | AJ66: 45977 | AK66: 45973 | AL66: 45966 | AM66: 45974 | AN66: 45975 | AO66: 45976 | AP66: 45972 | AQ66: 0 | AR66: 0 | AS66: 0 | AT66: 0 | AU66: 0 | AV66: 0 | AW66: งานเคลือบ+พิมพ์ | AX66: รอART | AY66: 0 | AZ66: 0 | BA66: 0 | BB66: 0 | BC66: WRWT25850/WRWT25850 | BD66: 0
A67: 45916 | B67: MK68-001119 | C67: บจก.ซันฟีด | D67: ขุนศึกเบอร์ 1 | E67: 20 | F67: 38 | G67: ขาว | H67: ด้าน | I67: 100 | J67: + | K67: 0 | L67: บิด | M67: ไม่สวมถุงใน | N67: 0 | O67: 0 | P67: 0 | Q67: 0 | R67: 0 | S67: 300กระสอบแบนเต็มใบ | T67: 45978 | U67: 5000 | V67: 0 | W67: 5000 | X67: 6000 | Y67: 0 | Z67: WSWT2025800SM | AA67: 0 | AB67: 0 | AC67: 0 | AD67: 0 | AE67: 0 | AF67: 0 | AG67: ยังไม่ได้พิมพ์ | AH67: P6 | AI67: 4 | AJ67: 45978 | AK67: 45974 | AL67: 45967 | AM67: 45975 | AN67: 45976 | AO67: 45977 | AP67: 45973 | AQ67: 0 | AR67: 0 | AS67: 0 | AT67: 0 | AU67: 0 | AV67: 0 | AW67: งานเคลือบ+พิมพ์ | AX67: / | AY67: 0 | AZ67: 0 | BA67: 0 | BB67: 0 | BC67: WRWT25850/WRWT25850 | BD67: 0
A68: 45916 | B68: MK68-001119 | C68: บจก.ซันฟีด | D68: 952 | E68: 20 | F68: 38 | G68: ขาว | H68: ด้าน | I68: 100 | J68: + | K68: 0 | L68: ไม่ | M68: ไม่สวมถุงใน | N68: 0 | O68: 0 | P68: 0 | Q68: 0 | R68: 0 | S68: 300กระสอบแบนเต็มใบ | T68: 45978 | U68: 5000 | V68: 0 | W68: 5000 | X68: 0 | Y68: 5250 | Z68: WSWT2025800SM | AA68: 5518.15 | AB68: 5518.15 | AC68: 0 | AD68: 0 | AE68: 5518.15 | AF68: 0 | AG68: พร้อมส่ง | AH68: P6 | AI68: 4 | AJ68: 45978 | AK68: 45974 | AL68: 45967 | AM68: 45975 | AN68: 45976 | AO68: 45977 | AP68: 45973 | AQ68: 0 | AR68: 0 | AS68: 0 | AT68: 0 | AU68: 0 | AV68: 0 | AW68: งานเคลือบ+พิมพ์ | AX68: / | AY68: 0 | AZ68: 0 | BA68: 0 | BB68: 0 | BC68: WRWT25850/WRWT25850 | BD68: 0
A69: 45948 | B69: MK68-001249 | C69: บจก.เอพีเอ็ม อะโกร | D69: U-FEED U4(เอส) | E69: 20 | F69: 38 | G69: ขาว | H69: ใส | I69: 100 | J69: ± | K69: 5 | L69: บิด | M69: ไม่สวมถุงใน | N69: 0 | O69: 0 | P69: 0 | Q69: 0 | R69: 0 | S69: 500กระสอบแบน | T69: 45978 | U69: 6000 | V69: 0 | W69: 6000 | X69: 0 | Y69: 6300 | Z69: WSWT2025800SM | AA69: 6621.78 | AB69: 6621.78 | AC69: 0 | AD69: 6621.78 | AE69: 0 | AF69: 0 | AG69: ยังไม่ได้พิมพ์ | AH69: P6 | AI69: 4 | AJ69: 45978 | AK69: 45974 | AL69: 45967 | AM69: 45975 | AN69: 45976 | AO69: 45977 | AP69: 45973 | AQ69: 0 | AR69: 0 | AS69: 0 | AT69: 0 | AU69: 0 | AV69: 0 | AW69: งานเคลือบ+พิมพ์ | AX69: / | AY69: 0 | AZ69: 0 | BA69: 0 | BB69: 0 | BC69: WRWT25850/WRWT25850 | BD69: 0
A70: 45958 | B70: MK68-001293 | C70: บจก.เอสพีเอ็ม อาหารสัตว์ | D70: นีโอ ดีอาร์ 03 | E70: 20 | F70: 38 | G70: ขาว | H70: ด้าน | I70: 100 | J70: ± | K70: 5 | L70: ไม่ | M70: ไม่สวมถุงใน | N70: 0 | O70: 0 | P70: 0 | Q70: 0 | R70: 0 | S70: 500กระสอบแบน | T70: 45979 | U70: 3000 | V70: 0 | W70: 3000 | X70: 0 | Y70: 3150 | Z70: WSWT2025800SM | AA70: 3310.89 | AB70: 3310.89 | AC70: 0 | AD70: 0 | AE70: 3310.89 | AF70: 0 | AG70: ยังไม่ได้พิมพ์ | AH70: P6 | AI70: 4 | AJ70: 45979 | AK70: 45975 | AL70: 45968 | AM70: 45976 | AN70: 45977 | AO70: 45978 | AP70: 45974 | AQ70: 0 | AR70: 0 | AS70: 0 | AT70: 0 | AU70: 0 | AV70: 0 | AW70: งานเคลือบ+พิมพ์ | AX70: รอART | AY70: 0 | AZ70: 0 | BA70: 0 | BB70: 0 | BC70: WRWT25850/WRWT25850 | BD70: 0
A71: 45916 | B71: MK68-001119 | C71: บจก.ซันฟีด | D71: 956 | E71: 20 | F71: 38 | G71: ขาว | H71: ด้าน | I71: 100 | J71: + | K71: 0 | L71: ไม่ | M71: ไม่สวมถุงใน | N71: 0 | O71: 0 | P71: 0 | Q71: 0 | R71: 0 | S71: 300กระสอบแบนเต็มใบ | T71: 45979 | U71: 2500 | V71: 1728 | W71: 772 | X71: 2600 | Y71: 0 | Z71: WSWT2025800SM | AA71: 0 | AB71: 0 | AC71: 0 | AD71: 0 | AE71: 0 | AF71: 0 | AG71: ยังไม่ได้พิมพ์ | AH71: P6 | AI71: 4 | AJ71: 45979 | AK71: 45975 | AL71: 45968 | AM71: 45976 | AN71: 45977 | AO71: 45978 | AP71: 45974 | AQ71: 0 | AR71: 0 | AS71: 0 | AT71: 0 | AU71: 0 | AV71: 0 | AW71: งานเคลือบ+พิมพ์ | AX71: / | AY71: 0 | AZ71: 0 | BA71: 0 | BB71: 0 | BC71: WRWT25850/WRWT25850 | BD71: 0
A72: 45916 | B72: MK68-001119 | C72: บจก.ซันฟีด | D72: 953 | E72: 20 | F72: 38 | G72: ขาว | H72: ด้าน | I72: 100 | J72: + | K72: 0 | L72: ไม่ | M72: ไม่สวมถุงใน | N72: 0 | O72: 0 | P72: 0 | Q72: 0 | R72: 0 | S72: 300กระสอบแบนเต็มใบ | T72: 45979 | U72: 5000 | V72: 0 | W72: 5000 | X72: 0 | Y72: 5250 | Z72: WSWT2025800SM | AA72: 5518.15 | AB72: 5518.15 | AC72: 0 | AD72: 0 | AE72: 5518.15 | AF72: 0 | AG72: ยังไม่ได้พิมพ์ | AH72: P6 | AI72: 4 | AJ72: 45979 | AK72: 45975 | AL72: 45968 | AM72: 45976 | AN72: 45977 | AO72: 45978 | AP72: 45974 | AQ72: 0 | AR72: 0 | AS72: 0 | AT72: 0 | AU72: 0 | AV72: 0 | AW72: งานเคลือบ+พิมพ์ | AX72: / | AY72: 0 | AZ72: 0 | BA72: 0 | BB72: 0 | BC72: WRWT25850/WRWT25850 | BD72: 0
A73: 45916 | B73: MK68-001119 | C73: บจก.ซันฟีด | D73: ขุนศึกเบอร์ 2 | E73: 20 | F73: 38 | G73: ขาว | H73: ด้าน | I73: 100 | J73: + | K73: 0 | L73: บิด | M73: ไม่สวมถุงใน | N73: 0 | O73: 0 | P73: 0 | Q73: 0 | R73: 0 | S73: 300กระสอบแบนเต็มใบ | T73: 45979 | U73: 5000 | V73: 0 | W73: 5000 | X73: 0 | Y73: 5250 | Z73: WSWT2025800SM | AA73: 5518.15 | AB73: 0 | AC73: 5518.15 | AD73: 0 | AE73: 5518.15 | AF73: 0 | AG73: ยังไม่ได้พิมพ์ | AH73: P6 | AI73: 4 | AJ73: 45979 | AK73: 45975 | AL73: 45968 | AM73: 45976 | AN73: 45977 | AO73: 45978 | AP73: 45974 | AQ73: 0 | AR73: 0 | AS73: 0 | AT73: 0 | AU73: 0 | AV73: 0 | AW73: งานเคลือบ+พิมพ์ | AX73: / | AY73: 0 | AZ73: 0 | BA73: 0 | BB73: 0 | BC73: WRWT25850/WRWT25850 | BD73: 416.92689
A74: 45964 | B74: MK68-001317 | C74: บจก.วีซีเอฟ | D74: VC 105 | E74: 20 | F74: 38 | G74: ขาว | H74: ใส | I74: 100 | J74: ± | K74: 5 | L74: บิด | M74: ไม่สวมถุงใน | N74: 0 | O74: 0 | P74: 0 | Q74: 0 | R74: 0 | S74: 500กระสอบแบน | T74: 45980 | U74: 10000 | V74: 0 | W74: 10000 | X74: 0 | Y74: 10500 | Z74: WSWT2025800SM | AA74: 11036.3 | AB74: 0 | AC74: 11036.3 | AD74: 0 | AE74: 11036.3 | AF74: 0 | AG74: ยังไม่ได้พิมพ์ | AH74: P6 | AI74: 5 | AJ74: 45980 | AK74: 45975 | AL74: 45968 | AM74: 45976 | AN74: 45977 | AO74: 45978 | AP74: 45975 | AQ74: 0 | AR74: 0 | AS74: 0 | AT74: 0 | AU74: 0 | AV74: 0 | AW74: งานเคลือบ+พิมพ์ | AX74: รอART | AY74: 0 | AZ74: 0 | BA74: 0 | BB74: 0 | BC74: WRWT25850/WRWT25850 | BD74: 833.85378
A75: 45964 | B75: MK68-001317 | C75: บจก.วีซีเอฟ | D75: VC 108 | E75: 20 | F75: 38 | G75: ขาว | H75: ใส | I75: 100 | J75: ± | K75: 5 | L75: บิด | M75: ไม่สวมถุงใน | N75: 0 | O75: 0 | P75: 0 | Q75: 0 | R75: 0 | S75: 500กระสอบแบน | T75: 45980 | U75: 10000 | V75: 0 | W75: 10000 | X75: 0 | Y75: 10500 | Z75: WSWT2025800SM | AA75: 11036.3 | AB75: 0 | AC75: 11036.3 | AD75: 0 | AE75: 11036.3 | AF75: 0 | AG75: รอตัด | AH75: P6 | AI75: 5 | AJ75: 45980 | AK75: 45975 | AL75: 45968 | AM75: 45976 | AN75: 45977 | AO75: 45978 | AP75: 45975 | AQ75: 0 | AR75: 0 | AS75: 0 | AT75: 0 | AU75: 0 | AV75: 0 | AW75: งานเคลือบ+พิมพ์ | AX75: รอART | AY75: 0 | AZ75: 0 | BA75: 0 | BB75: 0 | BC75: WRWT25850/WRWT25850 | BD75: 833.85378
A76: 45964 | B76: MK68-001317 | C76: บจก.วีซีเอฟ | D76: JET 153 | E76: 20 | F76: 38 | G76: ขาว | H76: ใส | I76: 100 | J76: ± | K76: 5 | L76: ไม่ | M76: ไม่สวมถุงใน | N76: 0 | O76: 0 | P76: 0 | Q76: 0 | R76: 0 | S76: 500กระสอบแบน | T76: 45980 | U76: 5000 | V76: 0 | W76: 5000 | X76: 0 | Y76: 5250 | Z76: WSWT2025800SM | AA76: 5518.15 | AB76: 0 | AC76: 5518.15 | AD76: 0 | AE76: 5518.15 | AF76: 0 | AG76: ยังไม่ได้พิมพ์ | AH76: P6 | AI76: 5 | AJ76: 45980 | AK76: 45975 | AL76: 45968 | AM76: 45976 | AN76: 45977 | AO76: 45978 | AP76: 45975 | AQ76: 0 | AR76: 0 | AS76: 0 | AT76: 0 | AU76: 0 | AV76: 0 | AW76: งานเคลือบ+พิมพ์ | AX76: รอART | AY76: 0 | AZ76: 0 | BA76: 0 | BB76: 0 | BC76: WRWT25850/WRWT25850 | BD76: 416.92689
A77: 45916 | B77: MK68-001119 | C77: บจก.ซันฟีด | D77: 952 | E77: 20 | F77: 38 | G77: ขาว | H77: ด้าน | I77: 100 | J77: + | K77: 0 | L77: ไม่ | M77: ไม่สวมถุงใน | N77: 0 | O77: 0 | P77: 0 | Q77: 0 | R77: 0 | S77: 300กระสอบแบนเต็มใบ | T77: 45981 | U77: 5000 | V77: 0 | W77: 5000 | X77: 0 | Y77: 5250 | Z77: WSWT2025800SM | AA77: 5518.15 | AB77: 0 | AC77: 5518.15 | AD77: 0 | AE77: 5518.15 | AF77: 0 | AG77: ยังไม่ได้พิมพ์ | AH77: P6 | AI77: 4 | AJ77: 45981 | AK77: 45977 | AL77: 45970 | AM77: 45978 | AN77: 45979 | AO77: 45980 | AP77: 45976 | AQ77: 0 | AR77: 0 | AS77: 0 | AT77: 0 | AU77: 0 | AV77: 0 | AW77: งานเคลือบ+พิมพ์ | AX77: / | AY77: 0 | AZ77: 0 | BA77: 0 | BB77: 0 | BC77: WRWT25850/WRWT25850 | BD77: 416.92689
A78: 45916 | B78: MK68-001119 | C78: บจก.ซันฟีด | D78: ขุนศึกเบอร์ 1 | E78: 20 | F78: 38 | G78: ขาว | H78: ด้าน | I78: 100 | J78: + | K78: 0 | L78: บิด | M78: ไม่สวมถุงใน | N78: 0 | O78: 0 | P78: 0 | Q78: 0 | R78: 0 | S78: 300กระสอบแบนเต็มใบ | T78: 45982 | U78: 5000 | V78: 0 | W78: 5000 | X78: 6000 | Y78: 0 | Z78: WSWT2025800SM | AA78: 0 | AB78: 0 | AC78: 0 | AD78: 0 | AE78: 0 | AF78: 0 | AG78: ยังไม่ได้พิมพ์ | AH78: P6 | AI78: 4 | AJ78: 45982 | AK78: 45978 | AL78: 45971 | AM78: 45979 | AN78: 45980 | AO78: 45981 | AP78: 45977 | AQ78: 0 | AR78: 0 | AS78: 0 | AT78: 0 | AU78: 0 | AV78: 0 | AW78: งานเคลือบ+พิมพ์ | AX78: / | AY78: 0 | AZ78: 0 | BA78: 0 | BB78: 0 | BC78: WRWT25850/WRWT25850 | BD78: 0
A79: 45916 | B79: MK68-001119 | C79: บจก.ซันฟีด | D79: 575 | E79: 20 | F79: 38 | G79: ขาว | H79: ด้าน | I79: 100 | J79: + | K79: 0 | L79: ไม่ | M79: ไม่สวมถุงใน | N79: 0 | O79: 0 | P79: 0 | Q79: 0 | R79: 0 | S79: 300กระสอบแบนเต็มใบ | T79: 45982 | U79: 3500 | V79: 0 | W79: 3500 | X79: 0 | Y79: 3675 | Z79: WSWT2025800SM | AA79: 3862.705 | AB79: 0 | AC79: 3862.705 | AD79: 0 | AE79: 3862.705 | AF79: 0 | AG79: ยังไม่ได้พิมพ์ | AH79: P6 | AI79: 4 | AJ79: 45982 | AK79: 45978 | AL79: 45971 | AM79: 45979 | AN79: 45980 | AO79: 45981 | AP79: 45977 | AQ79: 0 | AR79: 0 | AS79: 0 | AT79: 0 | AU79: 0 | AV79: 0 | AW79: งานเคลือบ+พิมพ์ | AX79: / | AY79: 0 | AZ79: 0 | BA79: 0 | BB79: 0 | BC79: WRWT25850/WRWT25850 | BD79: 291.84882
A80: 45933 | B80: MK68-001202 | C80: บจก.เอพีเอ็ม อะโกร | D80: ยู-ฟีด รวมหมู | E80: 20 | F80: 38 | G80: ขาว | H80: ใส | I80: 100 | J80: ± | K80: 5 | L80: บิด | M80: ไม่สวมถุงใน | N80: 0 | O80: 0 | P80: 0 | Q80: 0 | R80: 0 | S80: 500กระสอบแบน | T80: 45985 | U80: 3000 | V80: 0 | W80: 3000 | X80: 0 | Y80: 3150 | Z80: WSWT2025800SM | AA80: 3310.89 | AB80: 3310.89 | AC80: 0 | AD80: 3310.89 | AE80: 0 | AF80: 0 | AG80: พร้อมส่ง | AH80: P6 | AI80: 4 | AJ80: 45985 | AK80: 45981 | AL80: 45974 | AM80: 45982 | AN80: 45983 | AO80: 45984 | AP80: 45980 | AQ80: 0 | AR80: 0 | AS80: 0 | AT80: 0 | AU80: 0 | AV80: 0 | AW80: งานเคลือบ+พิมพ์ | AX80: / | AY80: 0 | AZ80: 0 | BA80: 0 | BB80: 0 | BC80: WRWT25850/WRWT25850 | BD80: 0
A81: 45896 | B81: MK68-001039 | C81: บจก.เอสพีเอ็ม อาหารสัตว์ | D81: U-GOAT14 | E81: 20 | F81: 38 | G81: ขาว | H81: ใส | I81: 100 | J81: ± | K81: 5 | L81: บิด | M81: ไม่สวมถุงใน | N81: 0 | O81: 0 | P81: 0 | Q81: 0 | R81: 0 | S81: 500กระสอบแบน | T81: 45985 | U81: 3000 | V81: 0 | W81: 3000 | X81: 0 | Y81: 3150 | Z81: WSWT2025800SM | AA81: 3310.89 | AB81: 3310.89 | AC81: 0 | AD81: 3310.89 | AE81: 0 | AF81: 0 | AG81: ยังไม่ได้พิมพ์ | AH81: P6 | AI81: 5 | AJ81: 45985 | AK81: 45980 | AL81: 45973 | AM81: 45981 | AN81: 45982 | AO81: 45983 | AP81: 45980 | AQ81: 0 | AR81: 0 | AS81: 0 | AT81: 0 | AU81: 0 | AV81: 0 | AW81: งานเคลือบ+พิมพ์ | AX81: / | AY81: 0 | AZ81: 0 | BA81: 0 | BB81: 0 | BC81: WRWT25850/WRWT25850 | BD81: 0
A82: 45916 | B82: MK68-001119 | C82: บจก.ซันฟีด | D82: ขุนศึกเบอร์ 1 | E82: 20 | F82: 38 | G82: ขาว | H82: ด้าน | I82: 100 | J82: + | K82: 0 | L82: บิด | M82: ไม่สวมถุงใน | N82: 0 | O82: 0 | P82: 0 | Q82: 0 | R82: 0 | S82: 300กระสอบแบนเต็มใบ | T82: 45986 | U82: 5000 | V82: 0 | W82: 5000 | X82: 0 | Y82: 5250 | Z82: WSWT2025800SM | AA82: 5518.15 | AB82: 0 | AC82: 5518.15 | AD82: 0 | AE82: 5518.15 | AF82: 0 | AG82: ยังไม่ได้พิมพ์ | AH82: P6 | AI82: 4 | AJ82: 45986 | AK82: 45982 | AL82: 45975 | AM82: 45983 | AN82: 45984 | AO82: 45985 | AP82: 45981 | AQ82: 0 | AR82: 0 | AS82: 0 | AT82: 0 | AU82: 0 | AV82: 0 | AW82: งานเคลือบ+พิมพ์ | AX82: / | AY82: 0 | AZ82: 0 | BA82: 0 | BB82: 0 | BC82: WRWT25850/WRWT25850 | BD82: 416.92689
A83: 45909 | B83: MK68-001093 | C83: บจก.เอสพีเอ็ม อาหารสัตว์ | D83: เอส ฟาร์ม115 | E83: 20 | F83: 38 | G83: ขาว | H83: ด้าน | I83: 100 | J83: ± | K83: 5 | L83: บิด | M83: ไม่สวมถุงใน | N83: 0 | O83: 0 | P83: 0 | Q83: 0 | R83: 0 | S83: 500กระสอบแบน | T83: 45986 | U83: 3179 | V83: 2531 | W83: 648 | X83: 6100 | Y83: 0 | Z83: WSWT2025800SM | AA83: 0 | AB83: 0 | AC83: 0 | AD83: 0 | AE83: 0 | AF83: 0 | AG83: ยังไม่ได้พิมพ์ | AH83: P6 | AI83: 4 | AJ83: 45986 | AK83: 45982 | AL83: 45975 | AM83: 45983 | AN83: 45984 | AO83: 45985 | AP83: 45981 | AQ83: 0 | AR83: 0 | AS83: 0 | AT83: 0 | AU83: 0 | AV83: 0 | AW83: งานเคลือบ+พิมพ์ | AX83: / | AY83: 0 | AZ83: 0 | BA83: 0 | BB83: 0 | BC83: WRWT25850/WRWT25850 | BD83: 0
A84: 45916 | B84: MK68-001119 | C84: บจก.ซันฟีด | D84: 952 | E84: 20 | F84: 38 | G84: ขาว | H84: ด้าน | I84: 100 | J84: + | K84: 0 | L84: ไม่ | M84: ไม่สวมถุงใน | N84: 0 | O84: 0 | P84: 0 | Q84: 0 | R84: 0 | S84: 300กระสอบแบนเต็มใบ | T84: 45986 | U84: 5000 | V84: 0 | W84: 5000 | X84: 0 | Y84: 5250 | Z84: WSWT2025800SM | AA84: 5518.15 | AB84: 0 | AC84: 5518.15 | AD84: 0 | AE84: 5518.15 | AF84: 0 | AG84: ยังไม่ได้พิมพ์ | AH84: P6 | AI84: 4 | AJ84: 45986 | AK84: 45982 | AL84: 45975 | AM84: 45983 | AN84: 45984 | AO84: 45985 | AP84: 45981 | AQ84: 0 | AR84: 0 | AS84: 0 | AT84: 0 | AU84: 0 | AV84: 0 | AW84: งานเคลือบ+พิมพ์ | AX84: / | AY84: 0 | AZ84: 0 | BA84: 0 | BB84: 0 | BC84: WRWT25850/WRWT25850 | BD84: 416.92689
A85: 45916 | B85: MK68-001119 | C85: บจก.ซันฟีด | D85: ขุนศึกเบอร์ 2 | E85: 20 | F85: 38 | G85: ขาว | H85: ด้าน | I85: 100 | J85: + | K85: 0 | L85: บิด | M85: ไม่สวมถุงใน | N85: 0 | O85: 0 | P85: 0 | Q85: 0 | R85: 0 | S85: 300กระสอบแบนเต็มใบ | T85: 45986 | U85: 5000 | V85: 0 | W85: 5000 | X85: 0 | Y85: 5250 | Z85: WSWT2025800SM | AA85: 5518.15 | AB85: 0 | AC85: 5518.15 | AD85: 0 | AE85: 5518.15 | AF85: 0 | AG85: ยังไม่ได้พิมพ์ | AH85: P6 | AI85: 4 | AJ85: 45986 | AK85: 45982 | AL85: 45975 | AM85: 45983 | AN85: 45984 | AO85: 45985 | AP85: 45981 | AQ85: 0 | AR85: 0 | AS85: 0 | AT85: 0 | AU85: 0 | AV85: 0 | AW85: งานเคลือบ+พิมพ์ | AX85: / | AY85: 0 | AZ85: 0 | BA85: 0 | BB85: 0 | BC85: WRWT25850/WRWT25850 | BD85: 416.92689
A86: 45916 | B86: MK68-001119 | C86: บจก.ซันฟีด | D86: 953 | E86: 20 | F86: 38 | G86: ขาว | H86: ด้าน | I86: 100 | J86: + | K86: 0 | L86: ไม่ | M86: ไม่สวมถุงใน | N86: 0 | O86: 0 | P86: 0 | Q86: 0 | R86: 0 | S86: 300กระสอบแบนเต็มใบ | T86: 45987 | U86: 5000 | V86: 0 | W86: 5000 | X86: 0 | Y86: 5250 | Z86: WSWT2025800SM | AA86: 5518.15 | AB86: 0 | AC86: 5518.15 | AD86: 0 | AE86: 5518.15 | AF86: 0 | AG86: พร้อมส่ง | AH86: P6 | AI86: 4 | AJ86: 45987 | AK86: 45983 | AL86: 45976 | AM86: 45984 | AN86: 45985 | AO86: 45986 | AP86: 45982 | AQ86: 0 | AR86: 0 | AS86: 0 | AT86: 0 | AU86: 0 | AV86: 0 | AW86: งานเคลือบ+พิมพ์ | AX86: / | AY86: 0 | AZ86: 0 | BA86: 0 | BB86: 0 | BC86: WRWT25850/WRWT25850 | BD86: 416.92689
A87: 45933 | B87: MK68-001204 | C87: บจก.เอพีเอ็ม อะโกร | D87: นีโอ พี3 | E87: 20 | F87: 38 | G87: ขาว | H87: ใส | I87: 100 | J87: ± | K87: 5 | L87: บิด | M87: ไม่สวมถุงใน | N87: 0 | O87: 0 | P87: 0 | Q87: 0 | R87: 0 | S87: 500กระสอบแบน | T87: 45987 | U87: 3000 | V87: 0 | W87: 3000 | X87: 0 | Y87: 3150 | Z87: WSWT2025800SM | AA87: 3310.89 | AB87: 3310.89 | AC87: 0 | AD87: 3310.89 | AE87: 0 | AF87: 0 | AG87: รอตัด | AH87: P6 | AI87: 4 | AJ87: 45987 | AK87: 45983 | AL87: 45976 | AM87: 45984 | AN87: 45985 | AO87: 45986 | AP87: 45982 | AQ87: 0 | AR87: 0 | AS87: 0 | AT87: 0 | AU87: 0 | AV87: 0 | AW87: งานเคลือบ+พิมพ์ | AX87: / | AY87: 0 | AZ87: 0 | BA87: 0 | BB87: 0 | BC87: WRWT25850/WRWT25850 | BD87: 0
A88: 45933 | B88: MK68-001203 | C88: บจก.เอพีเอ็ม อะโกร | D88: SPM190 GOAL | E88: 20 | F88: 38 | G88: ขาว | H88: ใส | I88: 100 | J88: ± | K88: 5 | L88: บิด | M88: ไม่สวมถุงใน | N88: 0 | O88: 0 | P88: 0 | Q88: 0 | R88: 0 | S88: 500กระสอบแบน | T88: 45987 | U88: 4000 | V88: 0 | W88: 4000 | X88: 0 | Y88: 4200 | Z88: WSWT2025800SM | AA88: 4414.52 | AB88: 4414.52 | AC88: 0 | AD88: 4414.52 | AE88: 0 | AF88: 0 | AG88: ยังไม่ได้พิมพ์ | AH88: P6 | AI88: 4 | AJ88: 45987 | AK88: 45983 | AL88: 45976 | AM88: 45984 | AN88: 45985 | AO88: 45986 | AP88: 45982 | AQ88: 0 | AR88: 0 | AS88: 0 | AT88: 0 | AU88: 0 | AV88: 0 | AW88: งานเคลือบ+พิมพ์ | AX88: / | AY88: 0 | AZ88: 0 | BA88: 0 | BB88: 0 | BC88: WRWT25850/WRWT25850 | BD88: 0
A89: 45891 | B89: MK68-001033 | C89: บจก.เอสพีเอ็ม อาหารสัตว์ | D89: นาโน 03 | E89: 20 | F89: 38 | G89: ขาว | H89: ด้าน | I89: 100 | J89: ± | K89: 5 | L89: บิด | M89: ไม่สวมถุงใน | N89: 0 | O89: 0 | P89: 0 | Q89: 0 | R89: 0 | S89: 500กระสอบแบน | T89: 45988 | U89: 3000 | V89: 3000 | W89: 0 | X89: 9150 | Y89: 0 | Z89: WSWT2025800SM | AA89: 0 | AB89: 0 | AC89: 0 | AD89: 0 | AE89: 0 | AF89: 0 | AG89: รอตัด | AH89: P6 | AI89: 5 | AJ89: 45988 | AK89: 45983 | AL89: 45976 | AM89: 45984 | AN89: 45985 | AO89: 45986 | AP89: 45983 | AQ89: 0 | AR89: 0 | AS89: 0 | AT89: 0 | AU89: 0 | AV89: 0 | AW89: งานเคลือบ+พิมพ์ | AX89: / | AY89: 8447 | AZ89: 0 | BA89: 0 | BB89: 0 | BC89: WRWT25850/WRWT25850 | BD89: 0
A90: 45916 | B90: MK68-001119 | C90: บจก.ซันฟีด | D90: 956 | E90: 20 | F90: 38 | G90: ขาว | H90: ด้าน | I90: 100 | J90: + | K90: 0 | L90: ไม่ | M90: ไม่สวมถุงใน | N90: 0 | O90: 0 | P90: 0 | Q90: 0 | R90: 0 | S90: 300กระสอบแบนเต็มใบ | T90: 45989 | U90: 2500 | V90: 1671 | W90: 829 | X90: 2600 | Y90: 0 | Z90: WSWT2025800SM | AA90: 0 | AB90: 0 | AC90: 0 | AD90: 0 | AE90: 0 | AF90: 0 | AG90: พร้อมส่ง | AH90: P6 | AI90: 4 | AJ90: 45989 | AK90: 45985 | AL90: 45978 | AM90: 45986 | AN90: 45987 | AO90: 45988 | AP90: 45984 | AQ90: 0 | AR90: 0 | AS90: 0 | AT90: 0 | AU90: 0 | AV90: 0 | AW90: งานเคลือบ+พิมพ์ | AX90: / | AY90: 0 | AZ90: 0 | BA90: 0 | BB90: 0 | BC90: WRWT25850/WRWT25850 | BD90: 0
A91: 45916 | B91: MK68-001119 | C91: บจก.ซันฟีด | D91: 952 | E91: 20 | F91: 38 | G91: ขาว | H91: ด้าน | I91: 100 | J91: + | K91: 0 | L91: ไม่ | M91: ไม่สวมถุงใน | N91: 0 | O91: 0 | P91: 0 | Q91: 0 | R91: 0 | S91: 300กระสอบแบนเต็มใบ | T91: 45989 | U91: 5000 | V91: 0 | W91: 5000 | X91: 0 | Y91: 5250 | Z91: WSWT2025800SM | AA91: 5518.15 | AB91: 0 | AC91: 5518.15 | AD91: 0 | AE91: 5518.15 | AF91: 0 | AG91: พร้อมส่ง | AH91: P6 | AI91: 4 | AJ91: 45989 | AK91: 45985 | AL91: 45978 | AM91: 45986 | AN91: 45987 | AO91: 45988 | AP91: 45984 | AQ91: 0 | AR91: 0 | AS91: 0 | AT91: 0 | AU91: 0 | AV91: 0 | AW91: งานเคลือบ+พิมพ์ | AX91: / | AY91: 0 | AZ91: 0 | BA91: 0 | BB91: 0 | BC91: WRWT25850/WRWT25850 | BD91: 416.92689
A92: 45916 | B92: MK68-001119 | C92: บจก.ซันฟีด | D92: 007 | E92: 20 | F92: 38 | G92: ขาว | H92: ด้าน | I92: 100 | J92: + | K92: 0 | L92: ไม่ | M92: ไม่สวมถุงใน | N92: 0 | O92: 0 | P92: 0 | Q92: 0 | R92: 0 | S92: 300กระสอบแบนเต็มใบ | T92: 45989 | U92: 2500 | V92: 0 | W92: 2500 | X92: 2543 | Y92: 0 | Z92: WSWT2025800SM | AA92: 0 | AB92: 0 | AC92: 0 | AD92: 0 | AE92: 0 | AF92: 0 | AG92: พร้อมส่ง | AH92: P6 | AI92: 4 | AJ92: 45989 | AK92: 45985 | AL92: 45978 | AM92: 45986 | AN92: 45987 | AO92: 45988 | AP92: 45984 | AQ92: 0 | AR92: 0 | AS92: 0 | AT92: 0 | AU92: 0 | AV92: 0 | AW92: งานเคลือบ+พิมพ์ | AX92: / | AY92: 0 | AZ92: 0 | BA92: 0 | BB92: 0 | BC92: WRWT25850/WRWT25850 | BD92: 0
A93: 45916 | B93: MK68-001119 | C93: บจก.ซันฟีด | D93: 957 | E93: 20 | F93: 38 | G93: ขาว | H93: ด้าน | I93: 100 | J93: + | K93: 0 | L93: ไม่ | M93: ไม่สวมถุงใน | N93: 0 | O93: 0 | P93: 0 | Q93: 0 | R93: 0 | S93: 300กระสอบแบนเต็มใบ | T93: 45989 | U93: 2500 | V93: 2500 | W93: 0 | X93: 2500 | Y93: 0 | Z93: WSWT2025800SM | AA93: 0 | AB93: 0 | AC93: 0 | AD93: 0 | AE93: 0 | AF93: 2000 | AG93: พร้อมส่ง | AH93: P6 | AI93: 4 | AJ93: 45989 | AK93: 45985 | AL93: 45978 | AM93: 45986 | AN93: 45987 | AO93: 45988 | AP93: 45984 | AQ93: 0 | AR93: 0 | AS93: 0 | AT93: 0 | AU93: 0 | AV93: 0 | AW93: งานเคลือบ+พิมพ์ | AX93: / | AY93: 0 | AZ93: 0 | BA93: 0 | BB93: 0 | BC93: WRWT25850/WRWT25850 | BD93: 0
A94: 45891 | B94: MK68-001035 | C94: บจก.เอสพีเอ็ม อาหารสัตว์ | D94: นาโน 02 | E94: 20 | F94: 38 | G94: ขาว | H94: ด้าน | I94: 100 | J94: ± | K94: 5 | L94: บิด | M94: ไม่สวมถุงใน | N94: 0 | O94: 0 | P94: 0 | Q94: 0 | R94: 0 | S94: 500กระสอบแบน | T94: 45990 | U94: 3000 | V94: 2500 | W94: 500 | X94: 9455 | Y94: 0 | Z94: WSWT2025800SM | AA94: 0 | AB94: 0 | AC94: 0 | AD94: 0 | AE94: 0 | AF94: 0 | AG94: พร้อมส่ง | AH94: P6 | AI94: 5 | AJ94: 45990 | AK94: 45985 | AL94: 45978 | AM94: 45986 | AN94: 45987 | AO94: 45988 | AP94: 45985 | AQ94: 0 | AR94: 0 | AS94: 0 | AT94: 0 | AU94: 0 | AV94: 0 | AW94: งานเคลือบ+พิมพ์ | AX94: / | AY94: 0 | AZ94: 0 | BA94: 0 | BB94: 0 | BC94: WRWT25850/WRWT25850 | BD94: 0
A95: 45951 | B95: MK68-001256 | C95: บจก.อินเทคค์ โกลบอล | D95: เพอเฟคค์ 914 | E95: 20 | F95: 36 | G95: ขาว | H95: ด้าน | I95: 100 | J95: ± | K95: 5 | L95: จับจีบ4" | M95: ไม่สวมถุงใน | N95: 0 | O95: 0 | P95: 0 | Q95: 0 | R95: 0 | S95: มัด80 ใช้สายรัด | T95: รอแจ้ง | U95: 304 | V95: 0 | W95: 304 | X95: 22300 | Y95: 0 | Z95: WSWT2025800SM | AA95: 0 | AB95: 0 | AC95: 0 | AD95: 0 | AE95: 0 | AF95: รอเก็บ | AG95: รอตัด | AH95: P6 | AI95: 4 | AJ95: รอแจ้ง | AK95: #VALUE! | AL95: #VALUE! | AM95: #VALUE! | AN95: #VALUE! | AO95: #VALUE! | AP95: #VALUE! | AQ95: 0 | AR95: 0 | AS95: 0 | AT95: 0 | AU95: 0 | AV95: 0 | AW95: งานเคลือบ+พิมพ์ | AX95: / | AY95: 3/11 10000 10/11 10000 | AZ95: 0 | BA95: 0 | BB95: 0 | BC95: WRWT25850/WRWT25850 | BD95: 0
A96: 45951 | B96: MK68-001254 | C96: บจก.อินเทคค์ โกลบอล | D96: เฟิร์สช้อย 913 | E96: 20 | F96: 36 | G96: ขาว | H96: ด้าน | I96: 100 | J96: ± | K96: 5 | L96: จับจีบ4" | M96: ไม่สวมถุงใน | N96: 0 | O96: 0 | P96: 0 | Q96: 0 | R96: 0 | S96: มัด80 ใช้สายรัด | T96: รอแจ้ง | U96: 229 | V96: 0 | W96: 229 | X96: 11095 | Y96: 0 | Z96: WSWT2025800SM | AA96: 0 | AB96: 0 | AC96: 0 | AD96: 0 | AE96: 0 | AF96: 0 | AG96: ยังไม่ได้พิมพ์ | AH96: P6 | AI96: 4 | AJ96: รอแจ้ง | AK96: #VALUE! | AL96: #VALUE! | AM96: #VALUE! | AN96: #VALUE! | AO96: #VALUE! | AP96: #VALUE! | AQ96: 0 | AR96: 0 | AS96: 0 | AT96: 0 | AU96: 0 | AV96: 0 | AW96: งานเคลือบ+พิมพ์ | AX96: / | AY96: 0 | AZ96: 0 | BA96: 0 | BB96: 0 | BC96: WRWT25850/WRWT25850 | BD96: 0
A97: 45892 | B97: MK68-001027 | C97: บจก.เอสพีเอ็ม อาหารสัตว์ | D97: นีโอ 05 | E97: 20 | F97: 38 | G97: ขาว | H97: ด้าน | I97: 100 | J97: ± | K97: 5 | L97: ไม่ | M97: ไม่สวมถุงใน | N97: 0 | O97: 0 | P97: 0 | Q97: 0 | R97: 0 | S97: 500กระสอบแบน | T97: รอแจ้ง | U97: 3000 | V97: 3000 | W97: 0 | X97: 6100 | Y97: 0 | Z97: WSWT2025800SM | AA97: 0 | AB97: 0 | AC97: 0 | AD97: 0 | AE97: 0 | AF97: 0 | AG97: ยังไม่ได้พิมพ์ | AH97: P6 | AI97: 4 | AJ97: รอแจ้ง | AK97: #VALUE! | AL97: #VALUE! | AM97: #VALUE! | AN97: #VALUE! | AO97: #VALUE! | AP97: #VALUE! | AQ97: 0 | AR97: 0 | AS97: 0 | AT97: 0 | AU97: 0 | AV97: 0 | AW97: งานเคลือบ+พิมพ์ | AX97: / | AY97: 3000 | AZ97: 0 | BA97: 0 | BB97: 0 | BC97: WRWT25850/WRWT25850 | BD97: 0
A98: 45951 | B98: MK68-001254 | C98: บจก.อินเทคค์ โกลบอล | D98: เฟิร์สช้อย 912 | E98: 20 | F98: 36 | G98: ขาว | H98: ด้าน | I98: 100 | J98: ± | K98: 5 | L98: จับจีบ4" | M98: ไม่สวมถุงใน | N98: 0 | O98: 0 | P98: 0 | Q98: 0 | R98: 0 | S98: มัด80 ใช้สายรัด | T98: รอแจ้ง | U98: 886 | V98: 0 | W98: 886 | X98: 21560 | Y98: 0 | Z98: WSWT2025800SM | AA98: 0 | AB98: 0 | AC98: 0 | AD98: 0 | AE98: 0 | AF98: 0 | AG98: พร้อมส่ง | AH98: P6 | AI98: 4 | AJ98: รอแจ้ง | AK98: #VALUE! | AL98: #VALUE! | AM98: #VALUE! | AN98: #VALUE! | AO98: #VALUE! | AP98: #VALUE! | AQ98: 0 | AR98: 0 | AS98: 0 | AT98: 0 | AU98: 0 | AV98: 0 | AW98: งานเคลือบ+พิมพ์ | AX98: / | AY98: 4/11 10000 10/11 10000 | AZ98: 0 | BA98: 0 | BB98: 0 | BC98: WRWT25850/WRWT25850 | BD98: 0
