Workbook

Sheet Linkสูตรออร์เดอร์  (2)
B2: เรียงกำหนดส่ง | D2: ลบ 0 | T2: เรียง 1
B3: ข้อมูลUpdate ณ. วันที่ | D3: 45969 | E3: เวลา | G3: 9.19
A4: วันรับออร์เดอร์/แบบ | B4: เลขที่ SO | C4: ชื่อลูกค้า | E4: 10.3 | I4: น้ำหนัก | L4: บิด/จับจีบ | M4: ถุงใน | Q4: =[1]หน้าผ้า!$AC$13 -> 44873 | S4: วิธีบรรจุ | T4: วันส่ง | U4: จำนวนส่ง | V4: ตัดเย็บ (ใบ) | W4: =[1]หน้าผ้า!$AJ$13 -> 44873 | X4: พิมพ์ (ใบ) | Y4: =[1]หน้าผ้า!$AM$13 -> 44876 | Z4: ผ้าทอ (เมตร) Updateณ | AB4: =[1]หน้าผ้า!$AR$12 -> 44876 | AD4: ผ้าเคลือบ(เมตร) | AF4: หมายเหตุ | AG4: เครื่อง
B5: เลขที่ SO | C5: ชื่อลูกค้า | D5: ตรา | E5: กว้าง | F5: ยาว | G5: สี | H5: เคลือบ | I5: กรัม/ใบ | J5: * | K5: aw | L5: บิด/จับจีบ | M5: กว้าง | N5: ยาว | O5: หนา | P5: ใช้(กก.) | Q5: Stock(กก.) | R5: ผลิต(กก.) | S5: วิธีบรรจุ | T5: วันส่ง | U5: จำนวนส่ง | V5: StockFG | W5: ค้างตัด | X5: พิมพ์แล้ว | Y5: ค้างพิมพ์ | Z5: ประเภท | AA5: ใช้ | AB5: Stock | AC5: ค้างทอ | AD5: Stock | AE5: ค้างเคลือบ | AF5: หมายเหตุ | AG5: ที่พิมพ์ได้ | AH5: process | AI5: Lead time | AJ5: วันที่ส่งPL | AK5: เคลือบ | AL5: ได้ ART | AM5: พิมพ์ | AN5: จีบ-บิด | AO5: ตัด-เย็บ | AP5: ทอ | AQ5: สวมถุง | AR5: เย็บปาก | AS5: PT | AT5: ม้วน | AU5: ตัด | AV5: ตอกตาไก่ | AW5: GROUP | AX5: ART | AY5: หมายเหตุปัญหา | AZ5: ราคา/ใบ | BA5: ราคารวม | BB5: workweek | BC5: เส้นเทป | BD5: จำนวน
A6: =[2]หน้าผ้า!C15 -> 0 | B6: =[2]หน้าผ้า!B15 -> 0 | C6: =[2]หน้าผ้า!E15 -> 0 | D6: =[2]หน้าผ้า!F15 -> 0 | E6: =[2]หน้าผ้า!G15 -> 12 | F6: =[2]หน้าผ้า!H15 -> 16 | G6: =[2]หน้าผ้า!I15 -> ขาว | H6: =[2]หน้าผ้า!J15 -> 0 | I6: =[2]หน้าผ้า!L15 -> 25 | J6: =[2]หน้าผ้า!M15 -> ± | K6: =[2]หน้าผ้า!N15 -> 5 | L6: =[2]หน้าผ้า!R15 -> 0 | M6: =[2]หน้าผ้า!T15 -> 0 | N6: =[2]หน้าผ้า!U15 -> 0 | O6: =[2]หน้าผ้า!V15 -> 0 | P6: =[2]หน้าผ้า!AB15 -> 0 | Q6: =[2]หน้าผ้า!AC15 -> 0 | R6: =[2]หน้าผ้า!AD15 -> 0 | S6: =[2]หน้าผ้า!Z15 -> 0 | T6: =[2]หน้าผ้า!X15 -> 0 | U6: =[2]หน้าผ้า!AA15 -> 0 | V6: =[2]หน้าผ้า!AJ15 -> 0 | W6: =[2]หน้าผ้า!AL15 -> 0 | X6: =[2]หน้าผ้า!AM15 -> 0 | Y6: =[2]หน้าผ้า!AN15 -> 0 | Z6: =[2]หน้าผ้า!AO15 -> WSWT1221750 | AA6: =[2]หน้าผ้า!AQ15 -> #REF! | AB6: =[2]หน้าผ้า!AR15 -> #REF! | AC6: =[2]หน้าผ้า!AS15 -> #REF! | AD6: =[2]หน้าผ้า!AT15 -> #REF! | AE6: =[2]หน้าผ้า!AU15 -> #REF! | AF6: =[2]หน้าผ้า!AI15 -> ระบุในSD | AG6: =[3]หน้าผ้า!DC18 -> < Ord 20,000 | AH6: =[2]หน้าผ้า!DL15 -> 0 | AI6: =[2]หน้าผ้า!DM15 -> 0 | AJ6: =[2]หน้าผ้า!DN15 -> 0 | AK6: =[2]หน้าผ้า!DQ15 -> 0 | AL6: =[2]หน้าผ้า!DR15 -> 0 | AM6: =[2]หน้าผ้า!DS15 -> 0 | AN6: =[2]หน้าผ้า!DT15 -> 0 | AO6: =[2]หน้าผ้า!DU15 -> 0 | AP6: =[2]หน้าผ้า!DP15 -> 0 | AQ6: =[2]หน้าผ้า!DW15 -> 0 | AR6: =[2]หน้าผ้า!DX15 -> 0 | AS6: =[2]หน้าผ้า!DY15 -> 0 | AT6: =[2]หน้าผ้า!DZ15 -> 0 | AU6: =[2]หน้าผ้า!EA15 -> 0 | AV6: =[2]หน้าผ้า!EB15 -> 0 | AW6: =[2]หน้าผ้า!EC15 -> 0 | AX6: =[2]หน้าผ้า!ED15 -> 0 | AY6: =[2]หน้าผ้า!AG15 -> 0 | AZ6: =[2]หน้าผ้า!EG15 -> 0 | BA6: =[2]หน้าผ้า!EH15 -> 0 | BB6: =[2]หน้าผ้า!EI15 -> 0 | BC6: =[2]หน้าผ้า!BZ15 -> WRWT120750/WRWT21750 | BD6: =[2]หน้าผ้า!CA15 -> 0
A7: =[2]หน้าผ้า!C16 -> 0 | B7: =[2]หน้าผ้า!B16 -> 0 | C7: =[2]หน้าผ้า!E16 -> 0 | D7: =[2]หน้าผ้า!F16 -> 0 | E7: =[2]หน้าผ้า!G16 -> 14 | F7: =[2]หน้าผ้า!H16 -> 22 | G7: =[2]หน้าผ้า!I16 -> ขาว | H7: =[2]หน้าผ้า!J16 -> 0 | I7: =[2]หน้าผ้า!L16 -> 36 | J7: =[2]หน้าผ้า!M16 -> ± | K7: =[2]หน้าผ้า!N16 -> 5 | L7: =[2]หน้าผ้า!R16 -> 0 | M7: =[2]หน้าผ้า!T16 -> 0 | N7: =[2]หน้าผ้า!U16 -> 0 | O7: =[2]หน้าผ้า!V16 -> 0 | P7: =[2]หน้าผ้า!AB16 -> 0 | Q7: =[2]หน้าผ้า!AC16 -> 0 | R7: =[2]หน้าผ้า!AD16 -> 0 | S7: =[2]หน้าผ้า!Z16 -> 0 | T7: =[2]หน้าผ้า!X16 -> 0 | U7: =[2]หน้าผ้า!AA16 -> 0 | V7: =[2]หน้าผ้า!AJ16 -> 0 | W7: =[2]หน้าผ้า!AL16 -> 0 | X7: =[2]หน้าผ้า!AM16 -> 0 | Y7: =[2]หน้าผ้า!AN16 -> 0 | Z7: =[2]หน้าผ้า!AO16 -> WSWT1425800 | AA7: =[2]หน้าผ้า!AQ16 -> #REF! | AB7: =[2]หน้าผ้า!AR16 -> #REF! | AC7: =[2]หน้าผ้า!AS16 -> #REF! | AD7: =[2]หน้าผ้า!AT16 -> #REF! | AE7: =[2]หน้าผ้า!AU16 -> #REF! | AF7: =[2]หน้าผ้า!AI16 -> ระบุในSD | AG7: =[3]หน้าผ้า!DC19 -> พร้อมส่ง | AH7: =[2]หน้าผ้า!DL16 -> 0 | AI7: =[2]หน้าผ้า!DM16 -> Lead time | AJ7: =[2]หน้าผ้า!DN16 -> 0 | AK7: =[2]หน้าผ้า!DQ16 -> 0 | AL7: =[2]หน้าผ้า!DR16 -> 0 | AM7: =[2]หน้าผ้า!DS16 -> 0 | AN7: =[2]หน้าผ้า!DT16 -> 0 | AO7: =[2]หน้าผ้า!DU16 -> 0 | AP7: =[2]หน้าผ้า!DP16 -> 0 | AQ7: =[2]หน้าผ้า!DW16 -> 0 | AR7: =[2]หน้าผ้า!DX16 -> 0 | AS7: =[2]หน้าผ้า!DY16 -> 0 | AT7: =[2]หน้าผ้า!DZ16 -> 0 | AU7: =[2]หน้าผ้า!EA16 -> 0 | AV7: =[2]หน้าผ้า!EB16 -> 0 | AW7: =[2]หน้าผ้า!EC16 -> 0 | AX7: =[2]หน้าผ้า!ED16 -> 0 | AY7: =[2]หน้าผ้า!AG16 -> 0 | AZ7: =[2]หน้าผ้า!EG16 -> 0 | BA7: =[2]หน้าผ้า!EH16 -> 0 | BB7: =[2]หน้าผ้า!EI16 -> 0 | BC7: =[2]หน้าผ้า!BZ16 -> WRWT140800/WRWT25800 | BD7: =[2]หน้าผ้า!CA16 -> 0
A8: =[2]หน้าผ้า!C17 -> 0 | B8: =[2]หน้าผ้า!B17 -> 0 | C8: =[2]หน้าผ้า!E17 -> 0 | D8: =[2]หน้าผ้า!F17 | E8: =[2]หน้าผ้า!G17 -> 16 | F8: =[2]หน้าผ้า!H17 -> 25 | G8: =[2]หน้าผ้า!I17 -> ขาว | H8: =[2]หน้าผ้า!J17 -> 0 | I8: =[2]หน้าผ้า!L17 -> 45 | J8: =[2]หน้าผ้า!M17 -> ± | K8: =[2]หน้าผ้า!N17 -> 5 | L8: =[2]หน้าผ้า!R17 -> 0 | M8: =[2]หน้าผ้า!T17 -> 0 | N8: =[2]หน้าผ้า!U17 -> 0 | O8: =[2]หน้าผ้า!V17 -> 0 | P8: =[2]หน้าผ้า!AB17 -> 0 | Q8: =[2]หน้าผ้า!AC17 -> 0 | R8: =[2]หน้าผ้า!AD17 -> 0 | S8: =[2]หน้าผ้า!Z17 -> 0 | T8: =[2]หน้าผ้า!X17 -> 0 | U8: =[2]หน้าผ้า!AA17 -> 0 | V8: =[2]หน้าผ้า!AJ17 -> 0 | W8: =[2]หน้าผ้า!AL17 -> 0 | X8: =[2]หน้าผ้า!AM17 -> 0 | Y8: =[2]หน้าผ้า!AN17 -> 0 | Z8: =[2]หน้าผ้า!AO17 -> WSWT1625800SM | AA8: =[2]หน้าผ้า!AQ17 -> #REF! | AB8: =[2]หน้าผ้า!AR17 -> #REF! | AC8: =[2]หน้าผ้า!AS17 -> #REF! | AD8: =[2]หน้าผ้า!AT17 -> #REF! | AE8: =[2]หน้าผ้า!AU17 -> #REF! | AF8: =[2]หน้าผ้า!AI17 -> ระบุในSD | AG8: =[3]หน้าผ้า!DC20 -> พร้อมส่ง | AH8: =[2]หน้าผ้า!DL17 -> 0 | AI8: =[2]หน้าผ้า!DM17 -> Lead time | AJ8: =[2]หน้าผ้า!DN17 -> 0 | AK8: =[2]หน้าผ้า!DQ17 -> 0 | AL8: =[2]หน้าผ้า!DR17 -> 0 | AM8: =[2]หน้าผ้า!DS17 -> 0 | AN8: =[2]หน้าผ้า!DT17 -> 0 | AO8: =[2]หน้าผ้า!DU17 -> 0 | AP8: =[2]หน้าผ้า!DP17 -> 0 | AQ8: =[2]หน้าผ้า!DW17 -> 0 | AR8: =[2]หน้าผ้า!DX17 -> 0 | AS8: =[2]หน้าผ้า!DY17 -> 0 | AT8: =[2]หน้าผ้า!DZ17 -> 0 | AU8: =[2]หน้าผ้า!EA17 -> 0 | AV8: =[2]หน้าผ้า!EB17 -> 0 | AW8: =[2]หน้าผ้า!EC17 -> 0 | AX8: =[2]หน้าผ้า!ED17 -> 0 | AY8: =[2]หน้าผ้า!AG17 -> 0 | AZ8: =[2]หน้าผ้า!EG17 -> 0 | BA8: =[2]หน้าผ้า!EH17 -> 0 | BB8: =[2]หน้าผ้า!EI17 -> 0 | BC8: =[2]หน้าผ้า!BZ17 -> WRWT160800/WRWT25800 | BD8: =[2]หน้าผ้า!CA17 -> 0
A9: =[2]หน้าผ้า!C18 -> ประมาณการ | B9: =[2]หน้าผ้า!B18 -> ประมาณการ | C9: =[2]หน้าผ้า!E18 -> บจก.เคอรี่ฟลาวมิลล์ | D9: =[2]หน้าผ้า!F18 -> โบว์แดง 10กก | E9: =[2]หน้าผ้า!G18 -> 16 | F9: =[2]หน้าผ้า!H18 -> 25 | G9: =[2]หน้าผ้า!I18 -> ขาว | H9: =[2]หน้าผ้า!J18 -> 0 | I9: =[2]หน้าผ้า!L18 -> 45 | J9: =[2]หน้าผ้า!M18 -> ± | K9: =[2]หน้าผ้า!N18 -> 5 | L9: =[2]หน้าผ้า!R18 -> ไม่ | M9: =[2]หน้าผ้า!T18 -> ไม่สวมถุงใน | N9: =[2]หน้าผ้า!U18 -> 0 | O9: =[2]หน้าผ้า!V18 -> 0 | P9: =[2]หน้าผ้า!AB18 -> 0 | Q9: =[2]หน้าผ้า!AC18 -> 0 | R9: =[2]หน้าผ้า!AD18 -> 0 | S9: =[2]หน้าผ้า!Z18 -> ห่ออัดเบลแบน500 | T9: =[2]หน้าผ้า!X18 -> รอแจ้ง | U9: =[2]หน้าผ้า!AA18 -> 5000 | V9: =[2]หน้าผ้า!AJ18 -> 5333 | W9: =[2]หน้าผ้า!AL18 -> 0 | X9: =[2]หน้าผ้า!AM18 -> 5370 | Y9: =[2]หน้าผ้า!AN18 -> 0 | Z9: =[2]หน้าผ้า!AO18 -> WSWT1625800 | AA9: =[2]หน้าผ้า!AQ18 -> 0 | AB9: =[2]หน้าผ้า!AR18 -> 0 | AC9: =[2]หน้าผ้า!AS18 -> 0 | AD9: =[2]หน้าผ้า!AT18 -> 0 | AE9: =[2]หน้าผ้า!AU18 -> 0 | AF9: =[2]หน้าผ้า!AI18 -> 0 | AG9: =[3]หน้าผ้า!DC21 -> ยังไม่ได้พิมพ์ | AH9: =[2]หน้าผ้า!DL18 -> P7 | AI9: =[2]หน้าผ้า!DM18 -> 2 | AJ9: =[2]หน้าผ้า!DN18 -> รอแจ้ง | AK9: =[2]หน้าผ้า!DQ18 -> 0 | AL9: =[2]หน้าผ้า!DR18 -> #VALUE! | AM9: =[2]หน้าผ้า!DS18 -> #VALUE! | AN9: =[2]หน้าผ้า!DT18 -> #VALUE! | AO9: =[2]หน้าผ้า!DU18 -> #VALUE! | AP9: =[2]หน้าผ้า!DP18 -> #VALUE! | AQ9: =[2]หน้าผ้า!DW18 -> 0 | AR9: =[2]หน้าผ้า!DX18 -> 0 | AS9: =[2]หน้าผ้า!DY18 -> 0 | AT9: =[2]หน้าผ้า!DZ18 -> 0 | AU9: =[2]หน้าผ้า!EA18 -> 0 | AV9: =[2]หน้าผ้า!EB18 -> 0 | AW9: =[2]หน้าผ้า!EC18 -> งานพิมพ์ | AX9: =[2]หน้าผ้า!ED18 -> / | AY9: =[2]หน้าผ้า!AG18 -> รอเก็บลบสีผสม | AZ9: =[2]หน้าผ้า!EG18 -> 0 | BA9: =[2]หน้าผ้า!EH18 -> 0 | BB9: =[2]หน้าผ้า!EI18 -> 0 | BC9: =[2]หน้าผ้า!BZ18 -> WRWT25800/WRWT25800 | BD9: =[2]หน้าผ้า!CA18 -> 0
A10: =[2]หน้าผ้า!C19 -> 0 | B10: =[2]หน้าผ้า!B19 -> 0 | C10: =[2]หน้าผ้า!E19 -> 0 | D10: =[2]หน้าผ้า!F19 -> 0 | E10: =[2]หน้าผ้า!G19 -> 16 | F10: =[2]หน้าผ้า!H19 -> 25 | G10: =[2]หน้าผ้า!I19 -> ขาว | H10: =[2]หน้าผ้า!J19 -> 0 | I10: =[2]หน้าผ้า!L19 -> 45 | J10: =[2]หน้าผ้า!M19 -> ± | K10: =[2]หน้าผ้า!N19 -> 5 | L10: =[2]หน้าผ้า!R19 -> 0 | M10: =[2]หน้าผ้า!T19 -> 0 | N10: =[2]หน้าผ้า!U19 -> 0 | O10: =[2]หน้าผ้า!V19 -> 0 | P10: =[2]หน้าผ้า!AB19 -> 0 | Q10: =[2]หน้าผ้า!AC19 -> 0 | R10: =[2]หน้าผ้า!AD19 -> 0 | S10: =[2]หน้าผ้า!Z19 -> 0 | T10: =[2]หน้าผ้า!X19 -> 0 | U10: =[2]หน้าผ้า!AA19 -> 0 | V10: =[2]หน้าผ้า!AJ19 -> 0 | W10: =[2]หน้าผ้า!AL19 -> 0 | X10: =[2]หน้าผ้า!AM19 -> 0 | Y10: =[2]หน้าผ้า!AN19 -> 0 | Z10: =[2]หน้าผ้า!AO19 -> WSWT1625800 | AA10: =[2]หน้าผ้า!AQ19 -> 0 | AB10: =[2]หน้าผ้า!AR19 -> 0 | AC10: =[2]หน้าผ้า!AS19 -> 0 | AD10: =[2]หน้าผ้า!AT19 -> 0 | AE10: =[2]หน้าผ้า!AU19 -> 0 | AF10: =[2]หน้าผ้า!AI19 -> ระบุในSD | AG10: =[3]หน้าผ้า!DC22 -> พร้อมส่ง | AH10: =[2]หน้าผ้า!DL19 -> 0 | AI10: =[2]หน้าผ้า!DM19 -> Lead time | AJ10: =[2]หน้าผ้า!DN19 -> 0 | AK10: =[2]หน้าผ้า!DQ19 -> 0 | AL10: =[2]หน้าผ้า!DR19 -> 0 | AM10: =[2]หน้าผ้า!DS19 -> 0 | AN10: =[2]หน้าผ้า!DT19 -> 0 | AO10: =[2]หน้าผ้า!DU19 -> 0 | AP10: =[2]หน้าผ้า!DP19 -> 0 | AQ10: =[2]หน้าผ้า!DW19 -> 0 | AR10: =[2]หน้าผ้า!DX19 -> 0 | AS10: =[2]หน้าผ้า!DY19 -> 0 | AT10: =[2]หน้าผ้า!DZ19 -> 0 | AU10: =[2]หน้าผ้า!EA19 -> 0 | AV10: =[2]หน้าผ้า!EB19 -> 0 | AW10: =[2]หน้าผ้า!EC19 -> 0 | AX10: =[2]หน้าผ้า!ED19 -> 0 | AY10: =[2]หน้าผ้า!AG19 -> 0 | AZ10: =[2]หน้าผ้า!EG19 -> 0 | BA10: =[2]หน้าผ้า!EH19 -> 0 | BB10: =[2]หน้าผ้า!EI19 -> 0 | BC10: =[2]หน้าผ้า!BZ19 -> WRWT160800/WRWT25800 | BD10: =[2]หน้าผ้า!CA19 -> 0
A11: =[2]หน้าผ้า!C20 -> 0 | B11: =[2]หน้าผ้า!B20 -> 0 | C11: =[2]หน้าผ้า!E20 -> 0 | D11: =[2]หน้าผ้า!F20 -> 0 | E11: =[2]หน้าผ้า!G20 -> 16 | F11: =[2]หน้าผ้า!H20 -> 25 | G11: =[2]หน้าผ้า!I20 -> 0 | H11: =[2]หน้าผ้า!J20 -> 0 | I11: =[2]หน้าผ้า!L20 -> 47 | J11: =[2]หน้าผ้า!M20 -> ± | K11: =[2]หน้าผ้า!N20 -> 5 | L11: =[2]หน้าผ้า!R20 -> 0 | M11: =[2]หน้าผ้า!T20 -> 0 | N11: =[2]หน้าผ้า!U20 -> 0 | O11: =[2]หน้าผ้า!V20 -> 0 | P11: =[2]หน้าผ้า!AB20 -> 0 | Q11: =[2]หน้าผ้า!AC20 -> 0 | R11: =[2]หน้าผ้า!AD20 -> 0 | S11: =[2]หน้าผ้า!Z20 -> 0 | T11: =[2]หน้าผ้า!X20 -> 0 | U11: =[2]หน้าผ้า!AA20 -> 0 | V11: =[2]หน้าผ้า!AJ20 -> 0 | W11: =[2]หน้าผ้า!AL20 -> 0 | X11: =[2]หน้าผ้า!AM20 -> 0 | Y11: =[2]หน้าผ้า!AN20 -> 0 | Z11: =[2]หน้าผ้า!AO20 -> WSWT1621720SMFX | AA11: =[2]หน้าผ้า!AQ20 -> #REF! | AB11: =[2]หน้าผ้า!AR20 -> #REF! | AC11: =[2]หน้าผ้า!AS20 -> #REF! | AD11: =[2]หน้าผ้า!AT20 -> #REF! | AE11: =[2]หน้าผ้า!AU20 -> #REF! | AF11: =[2]หน้าผ้า!AI20 -> ระบุในSD | AG11: =[3]หน้าผ้า!DC23 -> พร้อมส่ง | AH11: =[2]หน้าผ้า!DL20 -> 0 | AI11: =[2]หน้าผ้า!DM20 -> 0 | AJ11: =[2]หน้าผ้า!DN20 -> 0 | AK11: =[2]หน้าผ้า!DQ20 -> 0 | AL11: =[2]หน้าผ้า!DR20 -> 0 | AM11: =[2]หน้าผ้า!DS20 -> 0 | AN11: =[2]หน้าผ้า!DT20 -> 0 | AO11: =[2]หน้าผ้า!DU20 -> 0 | AP11: =[2]หน้าผ้า!DP20 -> 0 | AQ11: =[2]หน้าผ้า!DW20 -> 0 | AR11: =[2]หน้าผ้า!DX20 -> 0 | AS11: =[2]หน้าผ้า!DY20 -> 0 | AT11: =[2]หน้าผ้า!DZ20 -> 0 | AU11: =[2]หน้าผ้า!EA20 -> 0 | AV11: =[2]หน้าผ้า!EB20 -> 0 | AW11: =[2]หน้าผ้า!EC20 -> 0 | AX11: =[2]หน้าผ้า!ED20 -> 0 | AY11: =[2]หน้าผ้า!AG20 -> 0 | AZ11: =[2]หน้าผ้า!EG20 -> 0 | BA11: =[2]หน้าผ้า!EH20 -> 0 | BB11: =[2]หน้าผ้า!EI20 -> 0 | BC11: =[2]หน้าผ้า!BZ20 -> WRWT160720/WRWT21720 | BD11: =[2]หน้าผ้า!CA20 -> 0
A12: =[2]หน้าผ้า!C21 -> 0 | B12: =[2]หน้าผ้า!B21 -> ใบรับคำสั่งซื้อ | C12: =[2]หน้าผ้า!E21 -> โรงสีข้าวธัญญาวัฒน์ | D12: =[2]หน้าผ้า!F21 -> LUNG SHIN 12kg | E12: =[2]หน้าผ้า!G21 -> 17 | F12: =[2]หน้าผ้า!H21 -> 26 | G12: =[2]หน้าผ้า!I21 -> ขาว | H12: =[2]หน้าผ้า!J21 -> 0 | I12: =[2]หน้าผ้า!L21 -> 48 | J12: =[2]หน้าผ้า!M21 -> ± | K12: =[2]หน้าผ้า!N21 -> 5 | L12: =[2]หน้าผ้า!R21 -> ไม่ | M12: =[2]หน้าผ้า!T21 -> ไม่สวมถุงใน | N12: =[2]หน้าผ้า!U21 -> 0 | O12: =[2]หน้าผ้า!V21 -> 0 | P12: =[2]หน้าผ้า!AB21 -> 0 | Q12: =[2]หน้าผ้า!AC21 -> 0 | R12: =[2]หน้าผ้า!AD21 -> 0 | S12: =[2]หน้าผ้า!Z21 -> 500กระสอบแบน | T12: =[2]หน้าผ้า!X21 -> 45980 | U12: =[2]หน้าผ้า!AA21 -> 12100 | V12: =[2]หน้าผ้า!AJ21 -> 0 | W12: =[2]หน้าผ้า!AL21 -> 12100 | X12: =[2]หน้าผ้า!AM21 -> 0 | Y12: =[2]หน้าผ้า!AN21 -> 12705 | Z12: =[2]หน้าผ้า!AO21 -> WSWT1725800 | AA12: =[2]หน้าผ้า!AQ21 -> 9297.035 | AB12: =[2]หน้าผ้า!AR21 -> 0 | AC12: =[2]หน้าผ้า!AS21 -> 9297.035 | AD12: =[2]หน้าผ้า!AT21 -> 0 | AE12: =[2]หน้าผ้า!AU21 -> 0 | AF12: =[2]หน้าผ้า!AI21 -> 0 | AG12: =[3]หน้าผ้า!DC24 -> พร้อมส่ง | AH12: =[2]หน้าผ้า!DL21 -> P7 | AI12: =[2]หน้าผ้า!DM21 -> 2 | AJ12: =[2]หน้าผ้า!DN21 -> 45980 | AK12: =[2]หน้าผ้า!DQ21 -> 0 | AL12: =[2]หน้าผ้า!DR21 -> 45971 | AM12: =[2]หน้าผ้า!DS21 -> 45978 | AN12: =[2]หน้าผ้า!DT21 -> 45979 | AO12: =[2]หน้าผ้า!DU21 -> 45979 | AP12: =[2]หน้าผ้า!DP21 -> 45975 | AQ12: =[2]หน้าผ้า!DW21 -> 0 | AR12: =[2]หน้าผ้า!DX21 -> 0 | AS12: =[2]หน้าผ้า!DY21 -> 0 | AT12: =[2]หน้าผ้า!DZ21 -> 0 | AU12: =[2]หน้าผ้า!EA21 -> 0 | AV12: =[2]หน้าผ้า!EB21 -> 0 | AW12: =[2]หน้าผ้า!EC21 -> งานพิมพ์ | AX12: =[2]หน้าผ้า!ED21 -> รอART | AY12: =[2]หน้าผ้า!AG21 -> 0 | AZ12: =[2]หน้าผ้า!EG21 -> 0 | BA12: =[2]หน้าผ้า!EH21 -> 0 | BB12: =[2]หน้าผ้า!EI21 -> 0 | BC12: =[2]หน้าผ้า!BZ21 -> WRWT25800/WRWT25800 | BD12: =[2]หน้าผ้า!CA21 -> 604.10067
A13: =[2]หน้าผ้า!C22 -> 0 | B13: =[2]หน้าผ้า!B22 -> 0 | C13: =[2]หน้าผ้า!E22 -> 0 | D13: =[2]หน้าผ้า!F22 -> 0 | E13: =[2]หน้าผ้า!G22 -> 17 | F13: =[2]หน้าผ้า!H22 -> 26 | G13: =[2]หน้าผ้า!I22 -> 0 | H13: =[2]หน้าผ้า!J22 -> 0 | I13: =[2]หน้าผ้า!L22 -> 48 | J13: =[2]หน้าผ้า!M22 -> ± | K13: =[2]หน้าผ้า!N22 -> 5 | L13: =[2]หน้าผ้า!R22 -> 0 | M13: =[2]หน้าผ้า!T22 -> 0 | N13: =[2]หน้าผ้า!U22 -> 0 | O13: =[2]หน้าผ้า!V22 -> 0 | P13: =[2]หน้าผ้า!AB22 -> 0 | Q13: =[2]หน้าผ้า!AC22 -> 0 | R13: =[2]หน้าผ้า!AD22 -> 0 | S13: =[2]หน้าผ้า!Z22 -> 0 | T13: =[2]หน้าผ้า!X22 -> 0 | U13: =[2]หน้าผ้า!AA22 -> 0 | V13: =[2]หน้าผ้า!AJ22 -> 0 | W13: =[2]หน้าผ้า!AL22 -> 0 | X13: =[2]หน้าผ้า!AM22 -> 0 | Y13: =[2]หน้าผ้า!AN22 -> 0 | Z13: =[2]หน้าผ้า!AO22 -> WSWT1725800 | AA13: =[2]หน้าผ้า!AQ22 -> 9297.035 | AB13: =[2]หน้าผ้า!AR22 -> 0 | AC13: =[2]หน้าผ้า!AS22 -> 9297.035 | AD13: =[2]หน้าผ้า!AT22 -> 0 | AE13: =[2]หน้าผ้า!AU22 -> 0 | AF13: =[2]หน้าผ้า!AI22 -> ระบุในSD | AG13: =[3]หน้าผ้า!DC25 -> ผ้าขาว | AH13: =[2]หน้าผ้า!DL22 -> 0 | AI13: =[2]หน้าผ้า!DM22 -> 0 | AJ13: =[2]หน้าผ้า!DN22 -> 0 | AK13: =[2]หน้าผ้า!DQ22 -> 0 | AL13: =[2]หน้าผ้า!DR22 -> 0 | AM13: =[2]หน้าผ้า!DS22 -> 0 | AN13: =[2]หน้าผ้า!DT22 -> 0 | AO13: =[2]หน้าผ้า!DU22 -> 0 | AP13: =[2]หน้าผ้า!DP22 -> 0 | AQ13: =[2]หน้าผ้า!DW22 -> 0 | AR13: =[2]หน้าผ้า!DX22 -> 0 | AS13: =[2]หน้าผ้า!DY22 -> 0 | AT13: =[2]หน้าผ้า!DZ22 -> 0 | AU13: =[2]หน้าผ้า!EA22 -> 0 | AV13: =[2]หน้าผ้า!EB22 -> 0 | AW13: =[2]หน้าผ้า!EC22 -> 0 | AX13: =[2]หน้าผ้า!ED22 -> 0 | AY13: =[2]หน้าผ้า!AG22 -> 0 | AZ13: =[2]หน้าผ้า!EG22 -> 0 | BA13: =[2]หน้าผ้า!EH22 -> 0 | BB13: =[2]หน้าผ้า!EI22 -> 0 | BC13: =[2]หน้าผ้า!BZ22 -> WRWT170800/WRWT25800 | BD13: =[2]หน้าผ้า!CA22 -> 0
A14: =[2]หน้าผ้า!C23 -> 45950 | B14: =[2]หน้าผ้า!B23 -> MK68-001247 | C14: =[2]หน้าผ้า!E23 -> บจก.ฟาเธอร์ส วิง ซัพพลาย | D14: =[2]หน้าผ้า!F23 -> รถไฟฟ้า | E14: =[2]หน้าผ้า!G23 -> 18 | F14: =[2]หน้าผ้า!H23 -> 30 | G14: =[2]หน้าผ้า!I23 -> ขาว | H14: =[2]หน้าผ้า!J23 -> 0 | I14: =[2]หน้าผ้า!L23 -> 54 | J14: =[2]หน้าผ้า!M23 -> ± | K14: =[2]หน้าผ้า!N23 -> 5 | L14: =[2]หน้าผ้า!R23 -> บิด | M14: =[2]หน้าผ้า!T23 -> 19 | N14: =[2]หน้าผ้า!U23 -> 33 | O14: =[2]หน้าผ้า!V23 -> 40 | P14: =[2]หน้าผ้า!AB23 -> 0 | Q14: =[2]หน้าผ้า!AC23 -> 0 | R14: =[2]หน้าผ้า!AD23 -> 0 | S14: =[2]หน้าผ้า!Z23 -> 500กระสอบ | T14: =[2]หน้าผ้า!X23 -> 45968 | U14: =[2]หน้าผ้า!AA23 -> 5000 | V14: =[2]หน้าผ้า!AJ23 -> 5000 | W14: =[2]หน้าผ้า!AL23 -> 0 | X14: =[2]หน้าผ้า!AM23 -> 5400 | Y14: =[2]หน้าผ้า!AN23 -> 0 | Z14: =[2]หน้าผ้า!AO23 -> WSWT1825800 | AA14: =[2]หน้าผ้า!AQ23 -> 0 | AB14: =[2]หน้าผ้า!AR23 -> 0 | AC14: =[2]หน้าผ้า!AS23 -> 0 | AD14: =[2]หน้าผ้า!AT23 -> 0 | AE14: =[2]หน้าผ้า!AU23 -> 0 | AF14: =[2]หน้าผ้า!AI23 -> 0 | AG14: =[3]หน้าผ้า!DC26 -> ยังไม่ได้พิมพ์ | AH14: =[2]หน้าผ้า!DL23 -> P9 | AI14: =[2]หน้าผ้า!DM23 -> 3 | AJ14: =[2]หน้าผ้า!DN23 -> 45968 | AK14: =[2]หน้าผ้า!DQ23 -> 0 | AL14: =[2]หน้าผ้า!DR23 -> 45958 | AM14: =[2]หน้าผ้า!DS23 -> 45965 | AN14: =[2]หน้าผ้า!DT23 -> 45966 | AO14: =[2]หน้าผ้า!DU23 -> 45966 | AP14: =[2]หน้าผ้า!DP23 -> 45963 | AQ14: =[2]หน้าผ้า!DW23 -> 45967 | AR14: =[2]หน้าผ้า!DX23 -> 0 | AS14: =[2]หน้าผ้า!DY23 -> 0 | AT14: =[2]หน้าผ้า!DZ23 -> 0 | AU14: =[2]หน้าผ้า!EA23 -> 0 | AV14: =[2]หน้าผ้า!EB23 -> 0 | AW14: =[2]หน้าผ้า!EC23 -> งานพิมพ์ | AX14: =[2]หน้าผ้า!ED23 -> / | AY14: =[2]หน้าผ้า!AG23 -> รอส่ง ลูกค้ารับเอง | AZ14: =[2]หน้าผ้า!EG23 -> 0 | BA14: =[2]หน้าผ้า!EH23 -> 0 | BB14: =[2]หน้าผ้า!EI23 -> 0 | BC14: =[2]หน้าผ้า!BZ23 -> WRWT25800/WRWT25800 | BD14: =[2]หน้าผ้า!CA23 -> 0
A15: =[2]หน้าผ้า!C24 -> 45950 | B15: =[2]หน้าผ้า!B24 -> MK68-001247 | C15: =[2]หน้าผ้า!E24 -> บจก.ฟาเธอร์ส วิง ซัพพลาย | D15: =[2]หน้าผ้า!F24 -> รถไฟฟ้าปูนขาวเย็น | E15: =[2]หน้าผ้า!G24 -> 18 | F15: =[2]หน้าผ้า!H24 -> 30 | G15: =[2]หน้าผ้า!I24 -> ขาว | H15: =[2]หน้าผ้า!J24 -> 0 | I15: =[2]หน้าผ้า!L24 -> 54 | J15: =[2]หน้าผ้า!M24 -> ± | K15: =[2]หน้าผ้า!N24 -> 5 | L15: =[2]หน้าผ้า!R24 -> บิด | M15: =[2]หน้าผ้า!T24 -> 19 | N15: =[2]หน้าผ้า!U24 -> 33 | O15: =[2]หน้าผ้า!V24 -> 40 | P15: =[2]หน้าผ้า!AB24 -> 0 | Q15: =[2]หน้าผ้า!AC24 -> 0 | R15: =[2]หน้าผ้า!AD24 -> 0 | S15: =[2]หน้าผ้า!Z24 -> 500กระสอบ | T15: =[2]หน้าผ้า!X24 -> 45968 | U15: =[2]หน้าผ้า!AA24 -> 20000 | V15: =[2]หน้าผ้า!AJ24 -> 20057 | W15: =[2]หน้าผ้า!AL24 -> 0 | X15: =[2]หน้าผ้า!AM24 -> 20800 | Y15: =[2]หน้าผ้า!AN24 -> 0 | Z15: =[2]หน้าผ้า!AO24 -> WSWT1825800 | AA15: =[2]หน้าผ้า!AQ24 -> 0 | AB15: =[2]หน้าผ้า!AR24 -> 0 | AC15: =[2]หน้าผ้า!AS24 -> 0 | AD15: =[2]หน้าผ้า!AT24 -> 0 | AE15: =[2]หน้าผ้า!AU24 -> 0 | AF15: =[2]หน้าผ้า!AI24 -> 0 | AG15: =[3]หน้าผ้า!DC27 -> พร้อมส่ง | AH15: =[2]หน้าผ้า!DL24 -> P9 | AI15: =[2]หน้าผ้า!DM24 -> 3 | AJ15: =[2]หน้าผ้า!DN24 -> 45968 | AK15: =[2]หน้าผ้า!DQ24 -> 0 | AL15: =[2]หน้าผ้า!DR24 -> 45958 | AM15: =[2]หน้าผ้า!DS24 -> 45965 | AN15: =[2]หน้าผ้า!DT24 -> 45966 | AO15: =[2]หน้าผ้า!DU24 -> 45966 | AP15: =[2]หน้าผ้า!DP24 -> 45963 | AQ15: =[2]หน้าผ้า!DW24 -> 45967 | AR15: =[2]หน้าผ้า!DX24 -> 0 | AS15: =[2]หน้าผ้า!DY24 -> 0 | AT15: =[2]หน้าผ้า!DZ24 -> 0 | AU15: =[2]หน้าผ้า!EA24 -> 0 | AV15: =[2]หน้าผ้า!EB24 -> 0 | AW15: =[2]หน้าผ้า!EC24 -> งานพิมพ์ | AX15: =[2]หน้าผ้า!ED24 -> / | AY15: =[2]หน้าผ้า!AG24 -> รอส่ง ลูกค้ารับเอง | AZ15: =[2]หน้าผ้า!EG24 -> 0 | BA15: =[2]หน้าผ้า!EH24 -> 0 | BB15: =[2]หน้าผ้า!EI24 -> 0 | BC15: =[2]หน้าผ้า!BZ24 -> WRWT25800/WRWT25800 | BD15: =[2]หน้าผ้า!CA24 -> 0
A16: =[2]หน้าผ้า!C25 -> 45950 | B16: =[2]หน้าผ้า!B25 -> MK68-001247 | C16: =[2]หน้าผ้า!E25 -> บจก.ฟาเธอร์ส วิง ซัพพลาย | D16: =[2]หน้าผ้า!F25 -> ไม่พิมพ์ | E16: =[2]หน้าผ้า!G25 -> 18 | F16: =[2]หน้าผ้า!H25 -> 30 | G16: =[2]หน้าผ้า!I25 -> ขาว | H16: =[2]หน้าผ้า!J25 -> 0 | I16: =[2]หน้าผ้า!L25 -> 54 | J16: =[2]หน้าผ้า!M25 -> ± | K16: =[2]หน้าผ้า!N25 -> 5 | L16: =[2]หน้าผ้า!R25 -> ไม่ | M16: =[2]หน้าผ้า!T25 -> 19 | N16: =[2]หน้าผ้า!U25 -> 33 | O16: =[2]หน้าผ้า!V25 -> 40 | P16: =[2]หน้าผ้า!AB25 -> 0 | Q16: =[2]หน้าผ้า!AC25 -> 0 | R16: =[2]หน้าผ้า!AD25 -> 0 | S16: =[2]หน้าผ้า!Z25 -> 500กระสอบ | T16: =[2]หน้าผ้า!X25 -> 45968 | U16: =[2]หน้าผ้า!AA25 -> 3000 | V16: =[2]หน้าผ้า!AJ25 -> 3064 | W16: =[2]หน้าผ้า!AL25 -> 0 | X16: =[2]หน้าผ้า!AM25 -> 0 | Y16: =[2]หน้าผ้า!AN25 -> 0 | Z16: =[2]หน้าผ้า!AO25 -> WSWT1825800 | AA16: =[2]หน้าผ้า!AQ25 -> 0 | AB16: =[2]หน้าผ้า!AR25 -> 0 | AC16: =[2]หน้าผ้า!AS25 -> 0 | AD16: =[2]หน้าผ้า!AT25 -> 0 | AE16: =[2]หน้าผ้า!AU25 -> 0 | AF16: =[2]หน้าผ้า!AI25 -> 0 | AG16: =[3]หน้าผ้า!DC28 -> ยังไม่ได้พิมพ์ | AH16: =[2]หน้าผ้า!DL25 -> P9 | AI16: =[2]หน้าผ้า!DM25 -> 3 | AJ16: =[2]หน้าผ้า!DN25 -> 45968 | AK16: =[2]หน้าผ้า!DQ25 -> 0 | AL16: =[2]หน้าผ้า!DR25 -> 0 | AM16: =[2]หน้าผ้า!DS25 -> 0 | AN16: =[2]หน้าผ้า!DT25 -> 0 | AO16: =[2]หน้าผ้า!DU25 -> 45964 | AP16: =[2]หน้าผ้า!DP25 -> 45963 | AQ16: =[2]หน้าผ้า!DW25 -> 45965 | AR16: =[2]หน้าผ้า!DX25 -> 0 | AS16: =[2]หน้าผ้า!DY25 -> 0 | AT16: =[2]หน้าผ้า!DZ25 -> 0 | AU16: =[2]หน้าผ้า!EA25 -> 0 | AV16: =[2]หน้าผ้า!EB25 -> 0 | AW16: =[2]หน้าผ้า!EC25 -> ตัด | AX16: =[2]หน้าผ้า!ED25 -> 0 | AY16: =[2]หน้าผ้า!AG25 -> รอส่ง ลูกค้ารับเอง | AZ16: =[2]หน้าผ้า!EG25 -> 0 | BA16: =[2]หน้าผ้า!EH25 -> 0 | BB16: =[2]หน้าผ้า!EI25 -> 0 | BC16: =[2]หน้าผ้า!BZ25 -> WRWT25800/WRWT25800 | BD16: =[2]หน้าผ้า!CA25 -> 0
A17: =[2]หน้าผ้า!C26 -> 45923 | B17: =[2]หน้าผ้า!B26 -> MK68-001162 | C17: =[2]หน้าผ้า!E26 -> หจก.อนนท์อุตสาหกรรม | D17: =[2]หน้าผ้า!F26 -> ดาว 20 กก. | E17: =[2]หน้าผ้า!G26 -> 18 | F17: =[2]หน้าผ้า!H26 -> 28 | G17: =[2]หน้าผ้า!I26 -> ขาว | H17: =[2]หน้าผ้า!J26 -> 0 | I17: =[2]หน้าผ้า!L26 -> 50 | J17: =[2]หน้าผ้า!M26 -> ± | K17: =[2]หน้าผ้า!N26 -> 5 | L17: =[2]หน้าผ้า!R26 -> ไม่ | M17: =[2]หน้าผ้า!T26 -> 19 | N17: =[2]หน้าผ้า!U26 -> 31 | O17: =[2]หน้าผ้า!V26 -> 40 | P17: =[2]หน้าผ้า!AB26 -> 1453.1171 | Q17: =[2]หน้าผ้า!AC26 -> 0 | R17: =[2]หน้าผ้า!AD26 -> 1453.1171 | S17: =[2]หน้าผ้า!Z26 -> 500กระสอบแบน | T17: =[2]หน้าผ้า!X26 -> 45989 | U17: =[2]หน้าผ้า!AA26 -> 100000 | V17: =[2]หน้าผ้า!AJ26 -> 0 | W17: =[2]หน้าผ้า!AL26 -> 100000 | X17: =[2]หน้าผ้า!AM26 -> 0 | Y17: =[2]หน้าผ้า!AN26 -> 105000 | Z17: =[2]หน้าผ้า!AO26 -> WSWT1825800 | AA17: =[2]หน้าผ้า!AQ26 -> 82423 | AB17: =[2]หน้าผ้า!AR26 -> 49747 | AC17: =[2]หน้าผ้า!AS26 -> 32676 | AD17: =[2]หน้าผ้า!AT26 -> 0 | AE17: =[2]หน้าผ้า!AU26 -> 0 | AF17: =[2]หน้าผ้า!AI26 -> 0 | AG17: =[3]หน้าผ้า!DC29 -> ยังไม่ได้พิมพ์ | AH17: =[2]หน้าผ้า!DL26 -> P9 | AI17: =[2]หน้าผ้า!DM26 -> 3 | AJ17: =[2]หน้าผ้า!DN26 -> 45989 | AK17: =[2]หน้าผ้า!DQ26 -> 0 | AL17: =[2]หน้าผ้า!DR26 -> 45979 | AM17: =[2]หน้าผ้า!DS26 -> 45986 | AN17: =[2]หน้าผ้า!DT26 -> 45987 | AO17: =[2]หน้าผ้า!DU26 -> 45987 | AP17: =[2]หน้าผ้า!DP26 -> 45984 | AQ17: =[2]หน้าผ้า!DW26 -> 45988 | AR17: =[2]หน้าผ้า!DX26 -> 0 | AS17: =[2]หน้าผ้า!DY26 -> 0 | AT17: =[2]หน้าผ้า!DZ26 -> 0 | AU17: =[2]หน้าผ้า!EA26 -> 0 | AV17: =[2]หน้าผ้า!EB26 -> 0 | AW17: =[2]หน้าผ้า!EC26 -> งานพิมพ์ | AX17: =[2]หน้าผ้า!ED26 -> / | AY17: =[2]หน้าผ้า!AG26 -> 0 | AZ17: =[2]หน้าผ้า!EG26 -> 0 | BA17: =[2]หน้าผ้า!EH26 -> 0 | BB17: =[2]หน้าผ้า!EI26 -> 0 | BC17: =[2]หน้าผ้า!BZ26 -> WRWT25800/WRWT25800 | BD17: =[2]หน้าผ้า!CA26 -> 2248.1088
... A575: =[2]หน้าผ้า!C584 -> 0 | B575: =[2]หน้าผ้า!B584 -> 0 | C575: =[2]หน้าผ้า!E584 -> 0 | D575: =[2]หน้าผ้า!F584 -> 0 | E575: =[2]หน้าผ้า!G584 -> 0 | F575: =[2]หน้าผ้า!H584 -> 0 | G575: =[2]หน้าผ้า!I584 -> 0 | H575: =[2]หน้าผ้า!J584 -> 0 | I575: =[2]หน้าผ้า!L584 -> 0 | J575: =[2]หน้าผ้า!M584 -> 0 | K575: =[2]หน้าผ้า!N584 -> 0 | L575: =[2]หน้าผ้า!R584 -> 0 | M575: =[2]หน้าผ้า!T584 -> 0 | N575: =[2]หน้าผ้า!U584 -> 0 | O575: =[2]หน้าผ้า!V584 -> 0 | P575: =[2]หน้าผ้า!AB584 -> 0 | Q575: =[2]หน้าผ้า!AC584 -> 0 | R575: =[2]หน้าผ้า!AD584 -> 0 | S575: =[2]หน้าผ้า!Z584 -> 0 | T575: =[2]หน้าผ้า!X584 -> 0 | U575: =[2]หน้าผ้า!AA584 -> 0 | V575: =[2]หน้าผ้า!AJ584 -> 0 | W575: =[2]หน้าผ้า!AL584 -> 0 | X575: =[2]หน้าผ้า!AM584 -> 0 | Y575: =[2]หน้าผ้า!AN584 -> 0 | Z575: =[2]หน้าผ้า!AO584 -> 0 | AA575: =[2]หน้าผ้า!AQ584 -> 0 | AB575: =[2]หน้าผ้า!AR584 -> 0 | AC575: =[2]หน้าผ้า!AS584 -> 0 | AD575: =[2]หน้าผ้า!AT584 -> 0 | AE575: =[2]หน้าผ้า!AU584 -> 0 | AF575: =[2]หน้าผ้า!AI584 -> 0 | AG575: =[3]หน้าผ้า!DC587 -> 0 | AH575: =[2]หน้าผ้า!DL584 -> 0 | AI575: =[2]หน้าผ้า!DM584 -> 0 | AJ575: =[2]หน้าผ้า!DN584 -> 0 | AK575: =[2]หน้าผ้า!DQ584 -> 0 | AL575: =[2]หน้าผ้า!DR584 -> 0 | AM575: =[2]หน้าผ้า!DS584 -> 0 | AN575: =[2]หน้าผ้า!DT584 -> 0 | AO575: =[2]หน้าผ้า!DU584 -> 0 | AP575: =[2]หน้าผ้า!DP584 -> 0 | AQ575: =[2]หน้าผ้า!DW584 -> 0 | AR575: =[2]หน้าผ้า!DX584 -> 0 | AS575: =[2]หน้าผ้า!DY584 -> 0 | AT575: =[2]หน้าผ้า!DZ584 -> 0 | AU575: =[2]หน้าผ้า!EA584 -> 0 | AV575: =[2]หน้าผ้า!EB584 -> 0 | AW575: =[2]หน้าผ้า!EC584 -> 0 | AX575: =[2]หน้าผ้า!ED584 -> 0 | AY575: =[2]หน้าผ้า!AG584 -> 0 | AZ575: =[2]หน้าผ้า!EG584 -> 0 | BA575: =[2]หน้าผ้า!EH584 -> 0 | BB575: =[2]หน้าผ้า!EI584 -> 0 | BC575: =[2]หน้าผ้า!BZ584 -> 0 | BD575: =[2]หน้าผ้า!CA584 -> 0

Sheet 11(Order+FC)
A2: เลขที่ SO | B2: (ทั้งหมด)
A3: วันส่ง | B3: (หลายรายการ)
A4: ชื่อลูกค้า | B4: (ทั้งหมด)
K5: 9
A6: ประเภท | B6: ผลรวม ของ จำนวนส่ง | C6: ผลรวม ของ ค้างพิมพ์ | D6: ผลรวม ของ ค้างตัด | E6: ผลรวม ของ ใช้ | F6: ผลรวม ของ Stock | G6: ผลรวม ของ ค้างทอ
A7: WSWT1825800 | B7: 130000 | C7: 136500 | D7: 130000 | E7: 104635.3 | F7: 77173.8 | G7: 27461.5 | H7: =+J7-I7 -> 27461.5 | J7: =G7 -> 27461.5
A8: WSWT1921720 | B8: 390000 | C8: 362250 | D8: 345000 | E8: 322916.55 | F8: 78141.2 | G8: 244775.35 | H8: =+J8-I8 -> 244775.35 | J8: =G8 -> 244775.35
A9: WSWT1925800 | B9: 170000 | C9: 170819.25 | D9: 162685 | E9: 144285.28 | F9: 89787.475 | G9: 54497.8 | H9: =+J9-I9 -> 54497.8 | J9: =G9 -> 54497.8
A10: WSWT2025800SM | B10: 186381 | C10: 149865.45 | D10: 153812 | E10: 157650.91 | F10: 49255.007 | G10: 108395.9 | H10: =+J10-I10 -> 108395.9 | J10: =G10 -> 108395.9
A11: WSWT2025850 | B11: 428000 | C11: 320528.25 | D11: 319182 | E11: 337667.66 | F11: 0 | G11: 337667.66 | H11: =+J11-I11 -> 337667.66 | J11: =G11 -> 337667.66
A12: WSWT2121670SM | B12: 120000 | C12: 126000 | D12: 120000 | E12: 129082.8 | F12: 129082.8 | G12: 0 | H12: =+J12-I12 -> 0 | J12: =G12 -> 0 | K12: 40000 | L12: =+K5*K12 -> 360000 | M12: =+L12-J12 -> 360000
A13: WSWT23211125120SMFX | B13: 10000 | C13: 10500 | D13: 10000 | E13: 10756.9 | F13: 4270 | G13: 6486.9 | H13: =+J13-I13 -> 6486.9 | J13: =G13 -> 6486.9 | K13: 14000 | L13: =+K13*K5 -> 126000 | M13: =+L13-J13 -> 119513.1
A14: WSWT2325650 | B14: 30000 | C14: 31500 | D14: 30000 | E14: 29756.1 | F14: 4911 | G14: 24845.1 | H14: =+J14-I14 -> 24845.1 | J14: =G14 -> 24845.1
A15: WSWT2825850 | B15: 50000 | C15: 52500 | D15: 50000 | E15: 59372.5 | F15: 3504 | G15: 55868.5 | H15: =+J15-I15 -> 55868.5 | J15: =G15 -> 55868.5 | K15: 20000 | L15: =+K15*K5 -> 180000 | M15: =+L15-J15 -> 124131.5
A16: WSWTFCL022325650 | B16: 13000 | C16: 13650 | D16: 13000 | E16: 12894.31 | F16: 12894.31 | G16: 0 | H16: =+J16-I16 -> 0 | J16: =G16 -> 0
A17: WSWTSCL052325650 | B17: 5000 | C17: 5250 | D17: 5000 | E17: 4959.35 | F17: 0 | G17: 4959.35 | H17: =+J17-I17 -> 4959.35 | J17: =G17 -> 4959.35
A18: ผลรวมทั้งหมด | B18: 1532381 | C18: 1379362.9 | D18: 1338679 | E18: 1313977.6 | F18: 449019.59 | G18: 864958.06 | H18: =+J18-I18 -> 864958.06 | J18: =G18 -> 864958.06
H19: 0 | I19: 54000 | J19: =G19 -> 0
H20: =+J20-I20 -> 0 | J20: =G20 -> 0
H21: =+J21-I21 -> 0 | J21: =G21 -> 0
H22: =+J22-I22 -> 0 | J22: =G22 -> 0
H23: =+J23-I23 -> 0 | J23: =G23 -> 0
H24: =+J24-I24 -> 0 | J24: =G24 -> 0
H25: =+J25-I25 -> 0 | J25: =G25 -> 0
H26: =+J26-I26 -> 0 | J26: =G26 -> 0
H27: =+J27-I27 -> 0 | J27: =G27 -> 0
H28: =+J28-I28 -> 0 | J28: =G28 -> 0 | M28: =+GETPIVOTDATA("ผลรวม ของ ใช้",$A$6)+H29+H33 -> 3133893.8
H29: =SUM(H7:H28) -> 1729916.1 | I29: =SUM(I7:I28) -> 54000 | J29: =SUM(J7:J28) -> 1729916.1
H32: =+H26 -> 0 | I32: 85 | J32: =+(H32+H29)*I32 -> 1.4704287e+08 | K32: =+J32/1000 -> 147042.87
H33: 90000 | I33: 95 | J33: =+H33*I33 -> 8550000 | K33: =+J33/1000 -> 8550
H35: =+H32+H33+H29 -> 1819916.1 | K35: =+K32+K33 -> 155592.87
N36: 705222
A37: ยอดส่ง 1/2/68 - 17/2/68 | B37: 1565717 | H37: 15 | I37: =+H35/H37 -> 121327.74
N38: =+H35+N36 -> 2525138.1
I39: =+H37*110000 -> 1650000
B41: =+B29+B37+B31-110000 -> 1455717 | C41: =+C29+C37+C31 -> 0 | D41: =+D29+D37+D31-110000 -> -110000 | E41: =+E29+E37+E31 -> 0 | F41: =+F29+F37+F31 -> 0 | G41: =+G29+G37+G31 -> 0
B43: 3218150
B45: =+B43-B41 -> 1762433
C47: =+C41/9 -> 0 | D47: =+D41/9 -> -12222.222

Sheet 11(Order)
A2: เลขที่ SO | B2: (หลายรายการ)
A3: วันส่ง | B3: (หลายรายการ)
A4: ชื่อลูกค้า | B4: (ทั้งหมด)
A6: ประเภท | B6: ผลรวม ของ จำนวนส่ง | C6: ผลรวม ของ ค้างพิมพ์ | D6: ผลรวม ของ ค้างตัด | E6: ผลรวม ของ ใช้ | F6: ผลรวม ของ Stock | G6: ผลรวม ของ ค้างทอ
A7: WSWT1825800 | B7: 130000 | C7: 136500 | D7: 130000 | E7: 104635.3 | F7: 77173.8 | G7: 27461.5
A8: WSWT1921720 | B8: 165000 | C8: 126000 | D8: 120000 | E8: 112318.8 | F8: 78141.2 | G8: 34177.6
A9: WSWT1925800 | B9: 110000 | C9: 108063.9 | D9: 102918 | E9: 90579.161 | F9: 71285.761 | G9: 19293.4
A10: WSWT2025800SM | B10: 175679 | C10: 149865.45 | D10: 146998 | E10: 157650.91 | F10: 49255.007 | G10: 108395.9
A11: WSWT2025850 | B11: 428000 | C11: 320528.25 | D11: 319182 | E11: 337667.66 | F11: 0 | G11: 337667.66
A12: WSWT2121670SM | B12: 120000 | C12: 126000 | D12: 120000 | E12: 129082.8 | F12: 129082.8 | G12: 0
A13: WSWT23211125120SMFX | B13: 10000 | C13: 10500 | D13: 10000 | E13: 10756.9 | F13: 4270 | G13: 6486.9
A14: WSWTFCL022325650 | B14: 13000 | C14: 13650 | D14: 13000 | E14: 12894.31 | F14: 12894.31 | G14: 0
A15: WSWTSCL052325650 | B15: 5000 | C15: 5250 | D15: 5000 | E15: 4959.35 | F15: 0 | G15: 4959.35
A16: ผลรวมทั้งหมด | B16: 1156679 | C16: 996357.6 | D16: 967098 | E16: 960545.18 | F16: 422102.88 | G16: 538442.31
D34: =D18 -> 0
D36: =D20 -> 0
A37: ยอดส่ง 1/4/68 - 12/4/68 | B37: 887615
A38: Order+ส่ง | B38: =++B25+B37 -> 887615
A39: ประมาณการ | B39: 262000 | C39: 238350 | D39: 262000 | E39: 279847.04 | F39: 60825.09 | G39: 219021.95
A41: Order+ส่ง+ประมาณการ | B41: =+B25+B37+B39+B33 -> 1149615 | C41: =+C25+C37+C39+C33 -> 238350 | D41: =+D25+D37+D39+D33 -> 262000 | E41: =+E25+E37+E39+E33 -> 279847.04 | F41: =+F25+F37+F39+F33 -> 60825.09 | G41: =+G25+G37+G39+G33 -> 219021.95
B43: 3171376
B45: =+B41-B43 -> -2021761 | C45: =+$B$45 -> -2021761 | D45: =+$B$45 -> -2021761 | F45: =+$B$45 -> -2021761
D47: =+D41/6 -> 43666.667

Sheet 11(Order) แยกลูกค้า
A1: เลขที่ SO | B1: (หลายรายการ)
A2: วันส่ง | B2: (หลายรายการ)
A4: ประเภท | B4: ชื่อลูกค้า | C4: ผลรวม ของ จำนวนส่ง | D4: ผลรวม ของ ค้างพิมพ์ | E4: ผลรวม ของ ค้างตัด | F4: ผลรวม ของ Stock | G4: ผลรวม ของ ค้างทอ | I4: vn
A5: WSWT1825800 | B5: หจก.อนนท์อุตสาหกรรม | C5: 50000 | D5: 52500 | E5: 50000 | F5: 41211.5 | G5: 0 | H5: =G5 -> 0
A6: WSWT1825800 ผลรวม | C6: 50000 | D6: 52500 | E6: 50000 | F6: 41211.5 | G6: 0 | H6: =G6 -> 0
A7: WSWT1925800 | B7: บจก.เพรซิเดนท์ฟลาวมิลล์ | C7: 110000 | D7: 112808.85 | E7: 107437 | F7: 0 | G7: 94556.378 | H7: =G7 -> 94556.378
A8: WSWT1925800 ผลรวม | C8: 110000 | D8: 112808.85 | E8: 107437 | F8: 0 | G8: 94556.378 | H8: =G8 -> 94556.378
A9: WSWT2025800SM | B9: บจก.เอพีเอ็ม อะโกร | C9: 13000 | D9: 13650 | E9: 13000 | F9: 14347.19 | G9: 0 | H9: =G9 -> 0
B10: บจก.เอสพีเอ็ม อาหารสัตว์ | C10: 27000 | D10: 18900 | E10: 18500 | F10: 16554.45 | G10: 3310.89 | H10: =G10 -> 3310.89
B11: บจก.ซันฟีด | C11: 129500 | D11: 119415.45 | E11: 116600 | F11: 6213.4369 | G11: 119432.2 | H11: =G11 -> 119432.2
A12: WSWT2025800SM ผลรวม | C12: 169500 | D12: 151965.45 | E12: 148100 | F12: 37115.077 | G12: 122743.09 | H12: =G12 -> 122743.09
A13: WSWT2025850 | B13: บจก.ซันฟีด | C13: 436000 | D13: 381675 | E13: 395697 | F13: 39046.15 | G13: 362682.16 | H13: =G13 -> 362682.16
A14: WSWT2025850 ผลรวม | C14: 436000 | D14: 381675 | E14: 395697 | F14: 39046.15 | G14: 362682.16 | H14: =G14 -> 362682.16
A15: WSWT2825850 | B15: บจก.ไทยร่วมใจน้ำมันพืช | C15: 50000 | D15: 52500 | E15: 50000 | F15: 59372.5 | G15: 0 | H15: =G15 -> 0
A16: WSWT2825850 ผลรวม | C16: 50000 | D16: 52500 | E16: 50000 | F16: 59372.5 | G16: 0 | H16: =G16 -> 0
A17: WSWTFCL022325650 | B17: คุณปราสาท เจริญธรรมรักษา | C17: 13000 | D17: 13650 | E17: 13000 | F17: 2255 | G17: 10639.31 | H17: =G17 -> 10639.31
A18: WSWTFCL022325650 ผลรวม | C18: 13000 | D18: 13650 | E18: 13000 | F18: 2255 | G18: 10639.31 | H18: =G18 -> 10639.31
A19: WSWTSCL052325650 | B19: คุณปราสาท เจริญธรรมรักษา | C19: 5000 | D19: 5250 | E19: 5000 | F19: 3294 | G19: 1665.35 | H19: =G19 -> 1665.35
A20: WSWTSCL052325650 ผลรวม | C20: 5000 | D20: 5250 | E20: 5000 | F20: 3294 | G20: 1665.35 | H20: =G20 -> 1665.35
A21: ผลรวมทั้งหมด | C21: 833500 | D21: 770349.3 | E21: 769234 | F21: 182294.23 | G21: 592286.28 | H21: =G21 -> 592286.28
H22: =G22 -> 0
H23: =G23 -> 0
H24: =G24 -> 0
H25: =G25 -> 0
H26: =G26 -> 0
H27: =G27 -> 0
H28: =G28 -> 0
H29: =G29 -> 0
H30: =G30 -> 0
H31: =G31 -> 0
H32: =G32 -> 0
H33: =G33 -> 0
... H65: =G65 -> 0
H70: =SUM(H5:H69) -> 1776858.8
D119: Cap พิมพ์ | E119: Cap ตัด | F119: Stock 16/7 บ่าย | G119: Cap ทอ | I119: วันทงาน
B120: lส่ง | C120: 1-16/7 | D120: 160000 | E120: 160000 | G120: 120000 | I120: 12
C121: 1975256 | D121: =+D120*I120 -> 1920000 | E121: =+E120*I120 -> 1920000 | F121: 825147 | G121: =+G120*I120 -> 1440000
A122: เบทาโกรส่งแล้ว | B122: 20700 | C122: 424374
A123: เบทาโกรส่งแล้ว | B123: 20800 | C123: 155973
C126: รวมส่ง+ค้างส่ง | D126: ส่วนต่างCapคงเหลือ | E126: ส่วนต่างCapคงเหลือ | F126: คงเหลือ
C127: =+C50+C121 -> 1975256 | D127: =+D121-D50 -> 1920000 | E127: =+E121-E50 -> 1920000 | F127: =+F121-F50 -> 825147 | G127: =+G121-G50 -> 1440000
B129: 20700VN 20/7 | G129: 350000

Sheet 9(Fc) แยกลูกค้า
A1: เลขที่ SO | B1: ประมาณการ
A2: วันส่ง | B2: (หลายรายการ) | D2: 12
A4: ประเภท | B4: ชื่อลูกค้า | C4: ผลรวม ของ จำนวนส่ง | D4: ผลรวม ของ ค้างพิมพ์ | E4: ผลรวม ของ ค้างตัด | F4: ผลรวม ของ ใช้ | G4: ผลรวม ของ Stock | H4: ผลรวม ของ ค้างทอ
A5: WSWT1921720 | B5: บจก.เคอรี่ฟลาวมิลล์ | C5: 225000 | D5: 236250 | E5: 225000 | F5: 210597.75 | G5: 0 | H5: 210597.75
A6: WSWT1921720 ผลรวม | C6: 225000 | D6: 236250 | E6: 225000 | F6: 210597.75 | G6: 0 | H6: 210597.75
A7: WSWT1925800 | B7: บจก.เพรซิเดนท์ฟลาวมิลล์ | C7: 140000 | D7: 147000 | E7: 140000 | F7: 123215.4 | G7: 0 | H7: 123215.4
B8: บจก.ไลม์มาสเตอร์ | C8: 20000 | D8: 20755.35 | E8: 19767 | F8: 18501.714 | G8: 0 | H8: 18501.714
B9: บจก.เอ็กเซลเล้นท์ | C9: 40000 | D9: 42000 | E9: 40000 | F9: 35204.4 | G9: 0 | H9: 35204.4
A10: WSWT1925800 ผลรวม | C10: 200000 | D10: 209755.35 | E10: 199767 | F10: 176921.51 | G10: 0 | H10: 176921.51
A11: WSWT2025800 | B11: บจก.อินเทคค์ โกลบอล | C11: 290000 | D11: 304500 | E11: 290000 | F11: 303847.5 | G11: 0 | H11: 303847.5
A12: WSWT2025800 ผลรวม | C12: 290000 | D12: 304500 | E12: 290000 | F12: 303847.5 | G12: 0 | H12: 303847.5
A13: WSWT2025800SM | B13: บจก.ไทยธรรมดี | C13: 20000 | D13: 21000 | E13: 20000 | F13: 21513.8 | G13: 0 | H13: 21513.8
B14: บจก.อินเทคค์ โกลบอล | C14: 100000 | D14: 105000 | E14: 100000 | F14: 104775 | G14: 0 | H14: 104775
B15: บจก.เอสพีเอ็ม อาหารสัตว์ | C15: 20000 | D15: 21000 | E15: 20000 | F15: 22072.6 | G15: 0 | H15: 22072.6
B16: บจก.ซันฟีด | C16: 305000 | D16: 320250 | E16: 305000 | F16: 336607.15 | G16: 0 | H16: 336607.15
A17: WSWT2025800SM ผลรวม | C17: 445000 | D17: 467250 | E17: 445000 | F17: 484968.55 | G17: 0 | H17: 484968.55
A18: WSWT2325650 | B18: พันธุ์ข้าว | C18: 30000 | D18: 31500 | E18: 30000 | F18: 29756.1 | G18: 29756.1 | H18: 0
A19: WSWT2325650 ผลรวม | C19: 30000 | D19: 31500 | E19: 30000 | F19: 29756.1 | G19: 29756.1 | H19: 0
A20: WSWT2625800 | B20: บจก.ที.ซี.ยูเนี่ยน อโกรเทค | C20: 10000 | D20: 0 | E20: 10000 | F20: 12433.3 | G20: 12433.3 | H20: 0
A21: WSWT2625800 ผลรวม | C21: 10000 | D21: 0 | E21: 10000 | F21: 12433.3 | G21: 12433.3 | H21: 0
A22: WSWT2825850 | B22: บจก.ที.ซี.ยูเนี่ยน อโกรเทค | C22: 5000 | D22: 0 | E22: 5000 | F22: 6775.45 | G22: 0 | H22: 6775.45
A23: WSWT2825850 ผลรวม | C23: 5000 | D23: 0 | E23: 5000 | F23: 6775.45 | G23: 0 | H23: 6775.45
A24: ผลรวมทั้งหมด | C24: 1205000 | D24: 1249255.4 | E24: 1204767 | F24: 1225300.2 | G24: 42189.4 | H24: 1183110.8
D119: Cap พิมพ์ | E119: Cap ตัด | F119: Stock 16/7 บ่าย | G119: Cap ทอ | I119: วันทงาน
B120: lส่ง | C120: 1-16/7 | D120: 160000 | E120: 160000 | G120: 120000 | I120: 12
C121: 1975256 | D121: =+D120*I120 -> 1920000 | E121: =+E120*I120 -> 1920000 | F121: 825147 | G121: =+G120*I120 -> 1440000
A122: เบทาโกรส่งแล้ว | B122: 20700 | C122: 424374
A123: เบทาโกรส่งแล้ว | B123: 20800 | C123: 155973
C126: รวมส่ง+ค้างส่ง | D126: ส่วนต่างCapคงเหลือ | E126: ส่วนต่างCapคงเหลือ | F126: คงเหลือ
C127: =+C50+C121 -> 1975256 | D127: =+D121-D50 -> 1920000 | E127: =+E121-E50 -> 1920000 | F127: =+F121-F50 -> 825147 | G127: =+G121-G50 -> 1440000
B129: 20700VN 20/7 | G129: 350000

Sheet 10(Order+Fc) แยกลูกค้า
A1: เลขที่ SO | B1: (หลายรายการ)
A2: วันส่ง | B2: (หลายรายการ) | D2: 12 | I2: เมตร | J2: vn | K2: ใบ | P2: วัน
A4: ประเภท | B4: ชื่อลูกค้า | C4: ผลรวม ของ จำนวนส่ง | D4: ผลรวม ของ ค้างพิมพ์ | E4: ผลรวม ของ ค้างตัด | F4: ผลรวม ของ ใช้ | G4: ผลรวม ของ Stock | H4: ผลรวม ของ ค้างทอ
A5: WSWT1425800 | B5: หจก.ปึงเป้งน้ำ | C5: 10000 | D5: 10500 | E5: 10000 | F5: 6565.9 | G5: 3028 | H5: 3537.9 | I5: =H5 -> 3537.9
A6: WSWT1425800 ผลรวม | C6: 10000 | D6: 10500 | E6: 10000 | F6: 6565.9 | G6: 3028 | H6: 3537.9
A7: WSWT1625800 | B7: บจก.เคอรี่ฟลาวมิลล์ | C7: 5000 | D7: 0 | E7: 5000 | F7: 0 | G7: 0 | H7: 0 | I7: =H7 -> 0
A8: WSWT1625800 ผลรวม | C8: 5000 | D8: 0 | E8: 5000 | F8: 0 | G8: 0 | H8: 0 | I8: =H8 -> 0
A9: WSWT1825800 | B9: หจก.อนนท์อุตสาหกรรม | C9: 50000 | D9: 52500 | E9: 50000 | F9: 41211.5 | G9: 41211.5 | H9: 0 | I9: =H9 -> 0
A10: WSWT1825800 ผลรวม | C10: 50000 | D10: 52500 | E10: 50000 | F10: 41211.5 | G10: 41211.5 | H10: 0 | I10: =H10 -> 0
A11: WSWT1921720 | B11: บจก.เคอรี่ฟลาวมิลล์ | C11: 395000 | D11: 236250 | E11: 254200 | F11: 210597.75 | G11: 51686 | H11: 158911.75
A12: WSWT1921720 ผลรวม | C12: 395000 | D12: 236250 | E12: 254200 | F12: 210597.75 | G12: 51686 | H12: 158911.75
A13: WSWT1925800 | B13: บจก.เพรซิเดนท์ฟลาวมิลล์ | C13: 20000 | D13: 0 | E13: 0 | F13: 0 | G13: 0 | H13: 0 | I13: =H13 -> 0
B14: บจก.ไลม์มาสเตอร์ | C14: 20000 | D14: 20755.35 | E14: 19767 | F14: 18501.714 | G14: 0 | H14: 18501.714 | I14: =H14 -> 18501.714 | P14: 15000 | Q14: =+K14/P14 -> 0
B15: บจก.เอ็กเซลเล้นท์ | C15: 20000 | D15: 21000 | E15: 20000 | F15: 17602.2 | G15: 12640 | H15: 4962.2 | I15: =H15 -> 4962.2
A16: WSWT1925800 ผลรวม | C16: 60000 | D16: 41755.35 | E16: 39767 | F16: 36103.914 | G16: 12640 | H16: 23463.914
A17: WSWT2025700 | B17: บจก.หนองบัวฟีด | C17: 5000 | D17: 0 | E17: 5000 | F17: 4400.55 | G17: 0 | H17: 4400.55 | I17: =H17 -> 4400.55
A18: WSWT2025700 ผลรวม | C18: 5000 | D18: 0 | E18: 5000 | F18: 4400.55 | G18: 0 | H18: 4400.55 | K18: =7*2000 -> 14000
A19: WSWT2025800 | B19: บจก.เคอรี่ฟลาวมิลล์ | C19: 15000 | D19: 0 | E19: 12000 | F19: 0 | G19: 0 | H19: 0 | I19: =H19 -> 0 | K19: 7000
B20: บจก.อินเทคค์ โกลบอล | C20: 296826 | D20: 304500 | E20: 290000 | F20: 303847.5 | G20: 36749 | H20: 267098.5 | I20: =H20-100000 -> 167098.5 | K20: 9000 | P20: 16000 | Q20: =+K20/P20 -> 0.5625
B21: โรงสีข้าวธัญญาวัฒน์ | C21: 4000 | D21: 0 | E21: 1555 | F21: 0 | G21: 0 | H21: 0 | I21: =H21 -> 0
A22: WSWT2025800 ผลรวม | C22: 315826 | D22: 304500 | E22: 303555 | F22: 303847.5 | G22: 36749 | H22: 267098.5
A23: WSWT2025800SM | B23: บจก.อินเทคค์ โกลบอล | C23: 100000 | D23: 105000 | E23: 100000 | F23: 104775 | G23: 21900 | H23: 82875 | I23: =H23 -> 82875
B24: บจก.เอพีเอ็ม อะโกร | C24: 9000 | D24: 6300 | E24: 9000 | F24: 6789.42 | G24: 6789.42 | H24: 0 | I24: =H24 -> 0
B25: บจก.เอสพีเอ็ม อาหารสัตว์ | C25: 15179 | D25: 3150 | E25: 4020 | F25: 3310.89 | G25: 3310.89 | H25: 0 | I25: =H25 -> 0
B26: บจก.ซันฟีด | C26: 50755 | D26: 8925 | E26: 9079 | F26: 9380.855 | G26: 9380.855 | H26: 0 | I26: =H26 -> 0
A27: WSWT2025800SM ผลรวม | C27: 174934 | D27: 123375 | E27: 122099 | F27: 124256.17 | G27: 41381.165 | H27: 82875
A28: WSWT2025850 | B28: บจก.ซันฟีด | C28: 158300 | D28: 24675 | E28: 38517 | F28: 26116.915 | G28: 26116.915 | H28: 0 | I28: =H28 -> 0
A29: WSWT2025850 ผลรวม | C29: 158300 | D29: 24675 | E29: 38517 | F29: 26116.915 | G29: 26116.915 | H29: 0 | I29: =H29 -> 0
A30: WSWT2121670SM | B30: บจก.เอสพีเอ็ม อาหารสัตว์ | C30: 3000 | D30: 0 | E30: 0 | F30: 0 | G30: 0 | H30: 0 | I30: =H30 -> 0
B31: บจก.แอมโก้เวท | C31: 65000 | D31: 10500 | E31: 26000 | F31: 11832.59 | G31: 11832.59 | H31: 0 | I31: =H31 -> 0 | P31: 15000 | Q31: =+K31/P31 -> 0
B32: คุณนพวินทร์ รัตนเศรษฐ์เมธา | C32: 5000 | D32: 0 | E32: 263 | F32: 0 | G32: 0 | H32: 0 | I32: =H32 -> 0
A33: WSWT2121670SM ผลรวม | C33: 73000 | D33: 10500 | E33: 26263 | F33: 11832.59 | G33: 11832.59 | H33: 0 | I33: =H33 -> 0
A34: WSWT2125650 | B34: บจก.ไลม์มาสเตอร์ | C34: 20000 | D34: 0 | E34: 20000 | F34: 0 | G34: 0 | H34: 0 | I34: =H34 -> 0
B35: บจก.หนองบัวฟีด | C35: 15000 | D35: 0 | E35: 15000 | F35: 16554.45 | G35: 16554.45 | H35: 0 | I35: =H35 -> 0
A36: WSWT2125650 ผลรวม | C36: 35000 | D36: 0 | E36: 35000 | F36: 16554.45 | G36: 16554.45 | H36: 0 | I36: =H36 -> 0
A37: WSWT2321750 | B37: บจก.แอมโก้เวท | C37: 5000 | D37: 0 | E37: 0 | F37: 0 | G37: 0 | H37: 0 | I37: =H37 -> 0
A38: WSWT2321750 ผลรวม | C38: 5000 | D38: 0 | E38: 0 | F38: 0 | G38: 0 | H38: 0 | I38: =H38 -> 0
A39: WSWT2325650 | B39: พันธุ์ข้าว | C39: 30000 | D39: 31500 | E39: 30000 | F39: 29756.1 | G39: 29756.1 | H39: 0 | I39: =H39 -> 0
B40: บจก.ซิเบลโก้(บางเลน) | C40: 5000 | D40: 0 | E40: 0 | F40: 0 | G40: 0 | H40: 0 | I40: =H40 -> 0
A41: WSWT2325650 ผลรวม | C41: 35000 | D41: 31500 | E41: 30000 | F41: 29756.1 | G41: 29756.1 | H41: 0 | I41: =H41 -> 0
A42: WSWT262575051 | B42: คุณธนนท์ | C42: 5000 | D42: 0 | E42: 0 | F42: 0 | G42: 0 | H42: 0 | I42: =H42 -> 0
B43: บจก.อันดามันซูริมิ | C43: 5000 | D43: 0 | E43: 5000 | F43: 6216.65 | G43: 4573 | H43: 1643.65 | I43: =H43 -> 1643.65
A44: WSWT262575051 ผลรวม | C44: 10000 | D44: 0 | E44: 5000 | F44: 6216.65 | G44: 4573 | H44: 1643.65
A45: WSWT2625800 | B45: บจก.แลบอินเตอร์ | C45: 10000 | D45: 10500 | E45: 10000 | F45: 11595.1 | G45: 11595.1 | H45: 0 | I45: =H45 -> 0
A46: WSWT2625800 ผลรวม | C46: 10000 | D46: 10500 | E46: 10000 | F46: 11595.1 | G46: 11595.1 | H46: 0 | I46: =H46 -> 0 | J46: 74000
A47: WSWT2625850SM | B47: บจก.ที.ซี.ยูเนี่ยน อโกรเทค | C47: 30000 | D47: 0 | E47: 0 | F47: 0 | G47: 0 | H47: 0 | I47: =H47 -> 0
A48: WSWT2625850SM ผลรวม | C48: 30000 | D48: 0 | E48: 0 | F48: 0 | G48: 0 | H48: 0 | I48: =H48 -> 0
A49: WSWT2825850 | B49: บจก.ที.ซี.ยูเนี่ยน อโกรเทค | C49: 5000 | D49: 0 | E49: 5000 | F49: 6775.45 | G49: 6775.45 | H49: 0 | I49: =H49 -> 0
A50: WSWT2825850 ผลรวม | C50: 5000 | D50: 0 | E50: 5000 | F50: 6775.45 | G50: 6775.45 | H50: 0 | I50: =H50 -> 0
A51: WSWTSCL052325650 | B51: ร้านท่าข้าวมะลิพันธุ์ข้าว | C51: 20000 | D51: 21000 | E51: 20000 | F51: 19837.4 | G51: 0 | H51: 19837.4 | I51: =H51 -> 19837.4 | K51: =+I51*85 -> 1686179 | M51: 102.14
A52: WSWTSCL052325650 ผลรวม | C52: 20000 | D52: 21000 | E52: 20000 | F52: 19837.4 | G52: 0 | H52: 19837.4 | K52: =+K51/1000 -> 1686.179 | M52: 3300
A53: ผลรวมทั้งหมด | C53: 1397060 | D53: 867055.35 | E53: 959401 | F53: 855667.93 | G53: 293899.27 | H53: 561768.66 | I53: =SUM(I5:I52) -> 302856.91 | M53: =+M52/M51 -> 32.308596
M55: 114.47
J56: 166000 | M56: =+M55*32.2 -> 3685.934
M57: =+M56-3300 -> 385.934
I58: =H58 -> 0
I59: =H59 -> 0
I60: =H60 -> 0
I61: =H61 -> 0
I62: =H62 -> 0
I64: =H64 -> 0
I65: =H65 -> 0
I66: =H66 -> 0
I68: =H68 -> 0
I70: =H70 -> 0
I72: =H72 -> 0
I73: =H73 -> 0
I75: =SUM(I5:I74) -> 605713.83
I79: =I75+I77 -> 605713.83 | J79: 16 | K79: =+I79*0.9779 -> 592327.55
I81: =+I79/J79 -> 37857.114 | K81: =+K79*85 -> 50347842
K83: =+K81/1000 -> 50347.842
D119: Cap พิมพ์ | E119: Cap ตัด | F119: Stock 16/7 บ่าย | G119: Cap ทอ | I119: วันทงาน
B120: lส่ง | C120: 1-16/7 | D120: 160000 | E120: 160000 | G120: 120000 | I120: 12
C121: 1975256 | D121: =+D120*I120 -> 1920000 | E121: =+E120*I120 -> 1920000 | F121: 825147 | G121: =+G120*I120 -> 1440000
A122: เบทาโกรส่งแล้ว | B122: 20700 | C122: 424374
A123: เบทาโกรส่งแล้ว | B123: 20800 | C123: 155973
C126: รวมส่ง+ค้างส่ง | D126: ส่วนต่างCapคงเหลือ | E126: ส่วนต่างCapคงเหลือ | F126: คงเหลือ
C127: =+C50+C121 -> 1980256 | D127: =+D121-D50 -> 1920000 | E127: =+E121-E50 -> 1915000 | F127: =+F121-F50 -> 818371.55 | G127: =+G121-G50 -> 1433224.6
B129: 20700VN 20/7 | G129: 350000

Sheet 10(Order)
A2: เลขที่ SO | B2: (ทั้งหมด)
A3: วันส่ง | B3: (หลายรายการ)
A4: ชื่อลูกค้า | B4: (ทั้งหมด)
A6: ประเภท | B6: ผลรวม ของ จำนวนส่ง | C6: ผลรวม ของ ค้างพิมพ์ | D6: ผลรวม ของ ค้างตัด | E6: ผลรวม ของ ใช้ | F6: ผลรวม ของ Stock | G6: ผลรวม ของ ค้างทอ
A7: WSWT1425800 | B7: 10000 | C7: 10500 | D7: 10000 | E7: 6565.9 | F7: 6565.9 | G7: 0
A8: WSWT1825800 | B8: 38000 | C8: 12915 | D8: 35700 | E8: 10145.643 | F8: 10145.643 | G8: 0
A9: WSWT1921720 | B9: 25000 | C9: 0 | D9: 0 | E9: 0 | F9: 0 | G9: 0
A10: WSWT19251000SM | B10: 10080 | C10: 5292 | D10: 10080 | E10: 4999.0248 | F10: 4999.0248 | G10: 0 | K10: =25*32.24 -> 806
A11: WSWT1925800 | B11: 10000 | C11: 10500 | D11: 10000 | E11: 8801.1 | F11: 8801.1 | G11: 0 | L11: =76*2500 -> 190000
A12: WSWT2025800 | B12: 198408 | C12: 148547.7 | D12: 161160 | E12: 150854 | F12: 124440.5 | G12: 26413.5
A13: WSWT2025800SM | B13: 168284 | C13: 120794.1 | D13: 122260 | E13: 120535.26 | F13: 99652.755 | G13: 20882.5
A14: WSWT2025850 | B14: 99000 | C14: 750.75 | D14: 2518 | E14: 809.07255 | F14: 809.07255 | G14: 0
A15: WSWT2121670SM | B15: 98000 | C15: 91476 | D15: 93263 | E15: 94019.525 | F15: 94019.525 | G15: 0
A16: WSWT2321750 | B16: 25000 | C16: 26250 | D16: 25000 | E16: 26892.25 | F16: 9620 | G16: 17272.25
A17: WSWT2625800 | B17: 10000 | C17: 10500 | D17: 10000 | E17: 11595.1 | F17: 11595.1 | G17: 0
A18: WSWT2625850SM | B18: 25000 | C18: 10500 | D18: 10000 | E18: 12433.3 | F18: 12433.3 | G18: 0
A19: WSWTSCL052325650 | B19: 20000 | C19: 15750 | D19: 20000 | E19: 14878.05 | F19: 12502.7 | G19: 2375.35
A20: ผลรวมทั้งหมด | B20: 736772 | C20: 463775.55 | D20: 509981 | E20: 462528.22 | F20: 395584.62 | G20: 66943.6
A37: ยอดส่ง 1/1/68 - 17/1/68 | B37: 1287052
A38: Order+ส่ง | B38: =++B22+B37 -> 1287052
A39: ประมาณการ | I39: 0
A41: Order+ส่ง+ประมาณการ | B41: =+B22+B37+B39+B29 -> 1287052 | C41: =+C22+C37+C39+C29 -> 0 | D41: =+D22+D37+D39+D29 -> 0 | E41: =+E22+E37+E39+E29 -> 0 | F41: =+F22+F37+F39+F29 -> 0 | G41: =+G22+G37+G39+G29 -> 0
B43: 3000000 | I43: 9
B45: =+B41-B43 -> -1712948
D46: =+D22/I43 -> 0
C47: =+C41/I43 -> 0 | D47: =+D41/I43 -> 0 | G47: =+G41/I43 -> 0

Sheet 10(Order) แยกลูกค้า
A1: เลขที่ SO | B1: (หลายรายการ)
A2: วันส่ง | B2: (หลายรายการ)
A4: ประเภท | B4: ชื่อลูกค้า | C4: ผลรวม ของ จำนวนส่ง | D4: ผลรวม ของ ค้างพิมพ์ | E4: ผลรวม ของ ค้างตัด | F4: ผลรวม ของ Stock | G4: ผลรวม ของ ค้างทอ | I4: vn
A5: WSWT1425800 | B5: หจก.ปึงเป้งน้ำ | C5: 10000 | D5: 10500 | E5: 10000 | F5: 3028 | G5: 3537.9 | H5: =G5 -> 3537.9
A6: WSWT1425800 ผลรวม | C6: 10000 | D6: 10500 | E6: 10000 | F6: 3028 | G6: 3537.9 | H6: =G6 -> 3537.9
A7: WSWT1625800 | B7: บจก.เคอรี่ฟลาวมิลล์ | C7: 5000 | D7: 0 | E7: 5000 | F7: 0 | G7: 0 | H7: =G7 -> 0
A8: WSWT1625800 ผลรวม | C8: 5000 | D8: 0 | E8: 5000 | F8: 0 | G8: 0
A9: WSWT1825800 | B9: หจก.อนนท์อุตสาหกรรม | C9: 50000 | D9: 52500 | E9: 50000 | F9: 41211.5 | G9: 0 | H9: =G9 -> 0
A10: WSWT1825800 ผลรวม | C10: 50000 | D10: 52500 | E10: 50000 | F10: 41211.5 | G10: 0 | H10: =G10 -> 0
A11: WSWT1921720 | B11: บจก.เคอรี่ฟลาวมิลล์ | C11: 395000 | D11: 236250 | E11: 254200 | F11: 51686 | G11: 158911.75
A12: WSWT1921720 ผลรวม | C12: 395000 | D12: 236250 | E12: 254200 | F12: 51686 | G12: 158911.75 | H12: =G12 -> 158911.75
A13: WSWT1925800 | B13: บจก.เพรซิเดนท์ฟลาวมิลล์ | C13: 20000 | D13: 0 | E13: 0 | F13: 0 | G13: 0 | H13: =G13 -> 0
B14: บจก.ไลม์มาสเตอร์ | C14: 20000 | D14: 20755.35 | E14: 19767 | F14: 0 | G14: 18501.714 | H14: =G14 -> 18501.714
B15: บจก.เอ็กเซลเล้นท์ | C15: 20000 | D15: 21000 | E15: 20000 | F15: 12640 | G15: 4962.2
A16: WSWT1925800 ผลรวม | C16: 60000 | D16: 41755.35 | E16: 39767 | F16: 12640 | G16: 23463.914 | H16: =G16 -> 23463.914
A17: WSWT2025700 | B17: บจก.หนองบัวฟีด | C17: 5000 | D17: 0 | E17: 5000 | F17: 0 | G17: 4400.55
A18: WSWT2025700 ผลรวม | C18: 5000 | D18: 0 | E18: 5000 | F18: 0 | G18: 4400.55 | H18: =G18 -> 4400.55
A19: WSWT2025800 | B19: บจก.เคอรี่ฟลาวมิลล์ | C19: 15000 | D19: 0 | E19: 12000 | F19: 0 | G19: 0 | H19: =G19 -> 0
B20: บจก.อินเทคค์ โกลบอล | C20: 296826 | D20: 304500 | E20: 290000 | F20: 36749 | G20: 267098.5 | H20: =G20 -> 267098.5
B21: โรงสีข้าวธัญญาวัฒน์ | C21: 4000 | D21: 0 | E21: 1555 | F21: 0 | G21: 0 | H21: =G21 -> 0
A22: WSWT2025800 ผลรวม | C22: 315826 | D22: 304500 | E22: 303555 | F22: 36749 | G22: 267098.5
A23: WSWT2025800SM | B23: บจก.อินเทคค์ โกลบอล | C23: 100000 | D23: 105000 | E23: 100000 | F23: 21900 | G23: 82875 | H23: =G23 -> 82875
B24: บจก.เอพีเอ็ม อะโกร | C24: 9000 | D24: 6300 | E24: 9000 | F24: 6789.42 | G24: 0
B25: บจก.เอสพีเอ็ม อาหารสัตว์ | C25: 15179 | D25: 3150 | E25: 4020 | F25: 3310.89 | G25: 0 | H25: =G25 -> 0
B26: บจก.ซันฟีด | C26: 50755 | D26: 8925 | E26: 9079 | F26: 9380.855 | G26: 0
A27: WSWT2025800SM ผลรวม | C27: 174934 | D27: 123375 | E27: 122099 | F27: 41381.165 | G27: 82875 | H27: =G27 -> 82875
A28: WSWT2025850 | B28: บจก.ซันฟีด | C28: 158300 | D28: 24675 | E28: 38517 | F28: 26116.915 | G28: 0 | H28: =G28 -> 0
A29: WSWT2025850 ผลรวม | C29: 158300 | D29: 24675 | E29: 38517 | F29: 26116.915 | G29: 0 | H29: =G29 -> 0
A30: WSWT2121670SM | B30: บจก.เอสพีเอ็ม อาหารสัตว์ | C30: 3000 | D30: 0 | E30: 0 | F30: 0 | G30: 0
B31: บจก.แอมโก้เวท | C31: 65000 | D31: 10500 | E31: 26000 | F31: 11832.59 | G31: 0 | H31: =G31 -> 0
B32: คุณนพวินทร์ รัตนเศรษฐ์เมธา | C32: 5000 | D32: 0 | E32: 263 | F32: 0 | G32: 0 | H32: =G32 -> 0
A33: WSWT2121670SM ผลรวม | C33: 73000 | D33: 10500 | E33: 26263 | F33: 11832.59 | G33: 0 | H33: =G33 -> 0
A34: WSWT2125650 | B34: บจก.ไลม์มาสเตอร์ | C34: 20000 | D34: 0 | E34: 20000 | F34: 0 | G34: 0 | H34: =G34 -> 0
B35: บจก.หนองบัวฟีด | C35: 15000 | D35: 0 | E35: 15000 | F35: 16554.45 | G35: 0 | H35: =G35 -> 0
A36: WSWT2125650 ผลรวม | C36: 35000 | D36: 0 | E36: 35000 | F36: 16554.45 | G36: 0 | H36: =G36 -> 0
A37: WSWT2321750 | B37: บจก.แอมโก้เวท | C37: 5000 | D37: 0 | E37: 0 | F37: 0 | G37: 0 | H37: =G37 -> 0
A38: WSWT2321750 ผลรวม | C38: 5000 | D38: 0 | E38: 0 | F38: 0 | G38: 0 | H38: =G38 -> 0
A39: WSWT2325650 | B39: พันธุ์ข้าว | C39: 30000 | D39: 31500 | E39: 30000 | F39: 29756.1 | G39: 0 | H39: =G39 -> 0
B40: บจก.ซิเบลโก้(บางเลน) | C40: 5000 | D40: 0 | E40: 0 | F40: 0 | G40: 0
A41: WSWT2325650 ผลรวม | C41: 35000 | D41: 31500 | E41: 30000 | F41: 29756.1 | G41: 0 | H41: =G41 -> 0
A42: WSWT262575051 | B42: คุณธนนท์ | C42: 5000 | D42: 0 | E42: 0 | F42: 0 | G42: 0 | H42: =G42 -> 0
B43: บจก.อันดามันซูริมิ | C43: 5000 | D43: 0 | E43: 5000 | F43: 4573 | G43: 1643.65
A44: WSWT262575051 ผลรวม | C44: 10000 | D44: 0 | E44: 5000 | F44: 4573 | G44: 1643.65 | H44: =G44 -> 1643.65
A45: WSWT2625800 | B45: บจก.แลบอินเตอร์ | C45: 10000 | D45: 10500 | E45: 10000 | F45: 11595.1 | G45: 0 | H45: =G45 -> 0
A46: WSWT2625800 ผลรวม | C46: 10000 | D46: 10500 | E46: 10000 | F46: 11595.1 | G46: 0 | H46: =G46 -> 0
A47: WSWT2625850SM | B47: บจก.ที.ซี.ยูเนี่ยน อโกรเทค | C47: 30000 | D47: 0 | E47: 0 | F47: 0 | G47: 0 | H47: =G47 -> 0
A48: WSWT2625850SM ผลรวม | C48: 30000 | D48: 0 | E48: 0 | F48: 0 | G48: 0 | H48: =G48 -> 0
A49: WSWT2825850 | B49: บจก.ที.ซี.ยูเนี่ยน อโกรเทค | C49: 5000 | D49: 0 | E49: 5000 | F49: 6775.45 | G49: 0 | J49: 2500000 | K49: =+J49*1.05 -> 2625000
A50: WSWT2825850 ผลรวม | C50: 5000 | D50: 0 | E50: 5000 | F50: 6775.45 | G50: 0 | H50: =G50 -> 0
A51: WSWTSCL052325650 | B51: ร้านท่าข้าวมะลิพันธุ์ข้าว | C51: 20000 | D51: 21000 | E51: 20000 | F51: 0 | G51: 19837.4 | H51: =G51 -> 19837.4
A52: WSWTSCL052325650 ผลรวม | C52: 20000 | D52: 21000 | E52: 20000 | F52: 0 | G52: 19837.4 | H52: =G52 -> 19837.4
A53: ผลรวมทั้งหมด | C53: 1397060 | D53: 867055.35 | E53: 959401 | F53: 293899.27 | G53: 561768.66 | I53: 120000 | J53: =+I53*22 -> 2640000
H54: =G54 -> 0
H56: =G56 -> 0
H58: =G58 -> 0
H59: =G59 -> 0
H60: =G60 -> 0
H61: =G61 -> 0
H63: =G63 -> 0
H65: =G65 -> 0
H67: =G67 -> 0
H68: =G68 -> 0
H70: =SUM(H5:H69) -> 686520.68
D119: Cap พิมพ์ | E119: Cap ตัด | F119: Stock 16/7 บ่าย | G119: Cap ทอ | I119: วันทงาน
B120: lส่ง | C120: 1-16/7 | D120: 160000 | E120: 160000 | G120: 120000 | I120: 12
C121: 1975256 | D121: =+D120*I120 -> 1920000 | E121: =+E120*I120 -> 1920000 | F121: 825147 | G121: =+G120*I120 -> 1440000
A122: เบทาโกรส่งแล้ว | B122: 20700 | C122: 424374
A123: เบทาโกรส่งแล้ว | B123: 20800 | C123: 155973
C126: รวมส่ง+ค้างส่ง | D126: ส่วนต่างCapคงเหลือ | E126: ส่วนต่างCapคงเหลือ | F126: คงเหลือ
C127: =+C50+C121 -> 1980256 | D127: =+D121-D50 -> 1920000 | E127: =+E121-E58 -> 1920000 | F127: =+F121-F50 -> 818371.55 | G127: =+G121-G50 -> 1440000
B129: 20700VN 20/7 | G129: 350000

Sheet 10(Fc) แยกลูกค้
A1: เลขที่ SO | B1: ประมาณการ
A2: วันส่ง | B2: (หลายรายการ) | D2: 12
A4: ประเภท | B4: ชื่อลูกค้า | C4: ผลรวม ของ จำนวนส่ง | D4: ผลรวม ของ ค้างพิมพ์ | E4: ผลรวม ของ ค้างตัด | F4: ผลรวม ของ ใช้ | G4: ผลรวม ของ Stock | H4: ผลรวม ของ ค้างทอ
A5: WSWT1921720 | B5: บจก.เคอรี่ฟลาวมิลล์ | C5: 225000 | D5: 236250 | E5: 225000 | F5: 210597.75 | G5: 51686 | H5: 158911.75
A6: WSWT1921720 ผลรวม | C6: 225000 | D6: 236250 | E6: 225000 | F6: 210597.75 | G6: 51686 | H6: 158911.75
A7: WSWT1925800 | B7: บจก.ไลม์มาสเตอร์ | C7: 20000 | D7: 20755.35 | E7: 19767 | F7: 18501.714 | G7: 0 | H7: 18501.714
A8: WSWT1925800 ผลรวม | C8: 20000 | D8: 20755.35 | E8: 19767 | F8: 18501.714 | G8: 0 | H8: 18501.714
A9: WSWT2025800 | B9: บจก.อินเทคค์ โกลบอล | C9: 290000 | D9: 304500 | E9: 290000 | F9: 303847.5 | G9: 36749 | H9: 267098.5
A10: WSWT2025800 ผลรวม | C10: 290000 | D10: 304500 | E10: 290000 | F10: 303847.5 | G10: 36749 | H10: 267098.5
A11: WSWT2025800SM | B11: บจก.อินเทคค์ โกลบอล | C11: 100000 | D11: 105000 | E11: 100000 | F11: 104775 | G11: 21900 | H11: 82875
A12: WSWT2025800SM ผลรวม | C12: 100000 | D12: 105000 | E12: 100000 | F12: 104775 | G12: 21900 | H12: 82875
A13: WSWT2325650 | B13: พันธุ์ข้าว | C13: 30000 | D13: 31500 | E13: 30000 | F13: 29756.1 | G13: 29756.1 | H13: 0
A14: WSWT2325650 ผลรวม | C14: 30000 | D14: 31500 | E14: 30000 | F14: 29756.1 | G14: 29756.1 | H14: 0
A15: WSWT2825850 | B15: บจก.ที.ซี.ยูเนี่ยน อโกรเทค | C15: 5000 | D15: 0 | E15: 5000 | F15: 6775.45 | G15: 6775.45 | H15: 0
A16: WSWT2825850 ผลรวม | C16: 5000 | D16: 0 | E16: 5000 | F16: 6775.45 | G16: 6775.45 | H16: 0
A17: ผลรวมทั้งหมด | C17: 670000 | D17: 698005.35 | E17: 669767 | F17: 674253.51 | G17: 146866.55 | H17: 527386.96
I119: วันทงาน
I120: 12
C121: 1975256 | D121: =+D120*I120 -> 0 | E121: =+E120*I120 -> 0 | F121: 825147 | G121: =+G120*I120 -> 0
A122: เบทาโกรส่งแล้ว | B122: 20700 | C122: 424374
A123: เบทาโกรส่งแล้ว | B123: 20800 | C123: 155973
C126: รวมส่ง+ค้างส่ง | D126: ส่วนต่างCapคงเหลือ | E126: ส่วนต่างCapคงเหลือ | F126: คงเหลือ
C127: =+C50+C121 -> 1975256 | D127: =+D121-D50 -> 0 | E127: =+E121-E50 -> 0 | F127: =+F121-F50 -> 825147 | G127: =+G121-G50 -> 0
B129: 20700VN 20/7 | G129: 350000

Sheet ค้างตัดเดือน11
A2: งานรอตัด 8/11 | B2: 99615
A3: ผลรวม ของ ค้างตัด
A4: ป้ายชื่อแถว | B4: 45969 | C4: 45971 | D4: 45972 | E4: 45973 | F4: 45974 | G4: 45975 | H4: 45976 | I4: 45977 | J4: 45978 | K4: 45979 | L4: 45980 | M4: 45981 | N4: 45982 | O4: 45985 | P4: 45986 | Q4: 45987 | R4: 45988 | S4: 45989 | T4: 45990 | U4: 45991 | V4: ผลรวมทั้งหมด
A5: 21 | D5: 0 | N5: 0 | S5: 2500 | V5: =SUM(B5:U5) -> 2500
A6: 331 | C6: 2500 | S6: 2500 | V6: =SUM(B6:U6) -> 5000
A7: 575 | N7: 3500 | V7: =SUM(B7:U7) -> 3500
A8: 913 | F8: 5000 | V8: =SUM(B8:U8) -> 5000
A9: 931 | P9: 5000 | V9: =SUM(B9:U9) -> 5000
A10: 932 | D10: 2500 | O10: 2500 | V10: =SUM(B10:U10) -> 5000
A11: 935 | D11: 10000 | G11: 5000 | K11: 5000 | M11: 10000 | P11: 5000 | Q11: 5000 | S11: 5000 | V11: =SUM(B11:U11) -> 45000
A12: 952 | E12: 5000 | J12: 5000 | M12: 5000 | P12: 5000 | S12: 5000 | V12: =SUM(B12:U12) -> 25000
A13: 953 | D13: 0 | K13: 10000 | Q13: 5000 | V13: =SUM(B13:U13) -> 15000
A14: 964 | D14: 3500 | V14: =SUM(B14:U14) -> 3500
A15: 915 พี | C15: 0 | G15: 5000 | J15: 5000 | M15: 5000 | O15: 5000 | S15: 5000 | V15: =SUM(B15:U15) -> 25000
A16: 915 เอ็ม | C16: 0 | D16: 0 | G16: 0 | J16: 10000 | L16: 5000 | N16: 5000 | O16: 5000 | Q16: 10000 | S16: 5000 | V16: =SUM(B16:U16) -> 40000
A17: 935 เอ | C17: 0 | G17: 0 | J17: 6075 | L17: 10000 | N17: 5000 | O17: 5000 | Q17: 10000 | S17: 5000 | V17: =SUM(B17:U17) -> 41075
A18: 935 แอล | E18: 0 | G18: 5000 | K18: 5000 | N18: 5000 | Q18: 7500 | V18: =SUM(B18:U18) -> 22500
A19: 952 เอส | G19: 0 | K19: 0 | Q19: 1800 | V19: =SUM(B19:U19) -> 1800
A20: 953 เอส | G20: 2500 | S20: 2500 | V20: =SUM(B20:U20) -> 5000
A21: A.C.C.ภาษาอังกฤษ | J21: 10000 | V21: =SUM(B21:U21) -> 10000
A22: A.C.C.ภาษาอังกฤษ 8-118 | J22: 10000 | V22: =SUM(B22:U22) -> 10000
A23: APM 914 | S23: 3000 | V23: =SUM(B23:U23) -> 3000
A24: BS(แต้มฟ้า) | H24: 5000 | V24: =SUM(B24:U24) -> 5000
A25: Green for white sugar | G25: 48600 | N25: 50100 | S25: 50100 | V25: =SUM(B25:U25) -> 148800
A26: HARD FLOUR | H26: 5000 | V26: =SUM(B26:U26) -> 5000
A27: JET 002 | L27: 5000 | V27: =SUM(B27:U27) -> 5000
A28: JET 153 | L28: 5000 | V28: =SUM(B28:U28) -> 5000
A29: JET 333 | D29: 20000 | V29: =SUM(B29:U29) -> 20000
A30: JET 405โปรตีน 18% | L30: 10000 | V30: =SUM(B30:U30) -> 10000
A31: LUNG SHIN 12kg | L31: 12100 | V31: =SUM(B31:U31) -> 12100
A32: LUNG SHIN 30kg | F32: 3250 | V32: =SUM(B32:U32) -> 3250
A33: NOVA S2 | I33: 3000 | V33: =SUM(B33:U33) -> 3000
A34: SPEED PLUS 222ลาว | H34: 5000 | V34: =SUM(B34:U34) -> 5000
A35: SPEED PLUS 333ลาว | H35: 5000 | V35: =SUM(B35:U35) -> 5000
A36: SPM190 GOAL | Q36: 4000 | V36: =SUM(B36:U36) -> 4000
A37: TRJ | F37: 45472 | V37: =SUM(B37:U37) -> 45472
A38: U-FEED U2(เอส) | S38: 3000 | V38: =SUM(B38:U38) -> 3000
A39: U-FEED U4(เอส) | J39: 6000 | V39: =SUM(B39:U39) -> 6000
A40: U-GOAT14 | O40: 3000 | V40: =SUM(B40:U40) -> 3000
A41: VC 105 | G41: 10000 | V41: =SUM(B41:U41) -> 10000
A42: VC 108 | G42: 10000 | V42: =SUM(B42:U42) -> 10000
A43: WHOLE WHEAT | H43: 5000 | V43: =SUM(B43:U43) -> 5000
A44: เกษตรสุริยา(แดง) | E44: 14000 | V44: =SUM(B44:U44) -> 14000
A45: ไก่ไข่ | E45: 5000 | J45: 5000 | O45: 4000 | V45: =SUM(B45:U45) -> 14000
A46: ไก่เนื้อ เบอร์1 | D46: 0 | M46: 0 | Q46: 3500 | V46: =SUM(B46:U46) -> 3500
A47: ขุนศึกเบอร์ 1 | C47: 0 | J47: 0 | N47: 0 | P47: 5000 | V47: =SUM(B47:U47) -> 5000
A48: ขุนศึกเบอร์ 2 | D48: 0 | K48: 5000 | P48: 5000 | V48: =SUM(B48:U48) -> 10000
A49: เคเอ็ม | H49: 5000 | V49: =SUM(B49:U49) -> 5000
A50: ดอกไม้เหลือง | H50: 5000 | V50: =SUM(B50:U50) -> 5000
A51: ดาว 20 กก. | S51: 100000 | V51: =SUM(B51:U51) -> 100000
A52: แดนโกรวบรีดเดอร์70 | E52: 5000 | V52: =SUM(B52:U52) -> 5000
A53: แต้มแดง | H53: 5000 | V53: =SUM(B53:U53) -> 5000
A54: ถุงเขียว | F54: 10000 | V54: =SUM(B54:U54) -> 10000
A55: ถุงเขียว(คัดพิเศษ) | G55: 5000 | V55: =SUM(B55:U55) -> 5000
A56: ถุงเงิน | F56: 5000 | V56: =SUM(B56:U56) -> 5000
A57: ถุงชมพู | G57: 3000 | V57: =SUM(B57:U57) -> 3000
A58: ถุงทองแซนวิช | F58: 10000 | V58: =SUM(B58:U58) -> 10000
A59: ถุงม่วง | G59: 10000 | V59: =SUM(B59:U59) -> 10000
A60: ถุงม่วง(คัดพิเศษ) | G60: 10000 | V60: =SUM(B60:U60) -> 10000
A61: แถบเขียว | G61: 0 | S61: 5000 | V61: =SUM(B61:U61) -> 5000
A62: แถบส้ม | L62: 5000 | V62: =SUM(B62:U62) -> 5000
A63: นิค 101S | K63: 3000 | V63: =SUM(B63:U63) -> 3000
A64: นีโอ ดีอาร์ 03 | K64: 3000 | V64: =SUM(B64:U64) -> 3000
A65: นีโอ พี3 | J65: 3000 | V65: =SUM(B65:U65) -> 3000
A66: โบว์แดง | F66: 5000 | V66: =SUM(B66:U66) -> 5000
A67: โบว์น้ำเงิน | F67: 5000 | V67: =SUM(B67:U67) -> 5000
A68: ปลาโลมาแดง | H68: 5000 | V68: =SUM(B68:U68) -> 5000
A69: ปลาโลมาแดง | F69: 5000 | V69: =SUM(B69:U69) -> 5000
A70: ปลาโลมาเทา | F70: 5000 | V70: =SUM(B70:U70) -> 5000
A71: เป็ด | G71: 3500 | V71: =SUM(B71:U71) -> 3500
A72: ผึ้งชมพู | L72: 38426 | V72: =SUM(B72:U72) -> 38426
A73: พร้อมชน 25 กก.(เขียว) | G73: 5000 | V73: =SUM(B73:U73) -> 5000
A74: พระเอกในดวงใจ 14-7-28 | K74: 5000 | V74: =SUM(B74:U74) -> 5000
A75: เพอเฟคค์ 000 | M75: 10000 | V75: =SUM(B75:U75) -> 10000
A76: เพอเฟคค์ 664HP | M76: 30000 | V76: =SUM(B76:U76) -> 30000
A77: มาซู ฟีดพี040 | T77: 3000 | V77: =SUM(B77:U77) -> 3000
A78: ไม่พิมพ์ | B78: 6903 | D78: 10000 | E78: 6000 | H78: 15000 | V78: =SUM(B78:U78) -> 37903
A79: ไม่พิมพ์ | J79: 5000 | V79: =SUM(B79:U79) -> 5000
A80: ยูนิคอร์นฟีช 101-102 | K80: 5000 | V80: =SUM(B80:U80) -> 5000
A81: ยูนิคอร์นฟีช 202 | M81: 10000 | V81: =SUM(B81:U81) -> 10000
A82: ยู-ฟีด รวมหมู | O82: 3000 | V82: =SUM(B82:U82) -> 3000
A83: วีโว่ 300 | E83: 1000 | V83: =SUM(B83:U83) -> 1000
A84: หีบเพลงฟ้า | H84: 5000 | V84: =SUM(B84:U84) -> 5000
A85: หีบเพลงเหลือง | H85: 5000 | V85: =SUM(B85:U85) -> 5000
A86: โอดิน 103M | K86: 5000 | V86: =SUM(B86:U86) -> 5000
A87: ผลรวมทั้งหมด | B87: =SUM(B5:B86) -> 6903 | C87: =SUM(C5:C86) -> 2500 | D87: =SUM(D5:D86) -> 46000 | E87: =SUM(E5:E86) -> 36000 | F87: =SUM(F5:F86) -> 98722 | G87: =SUM(G5:G86) -> 122600 | H87: =SUM(H5:H86) -> 70000 | I87: =SUM(I5:I86) -> 3000 | ... V87: =SUM(V5:V86) -> 1021826

Sheet ค้างทอ8-11-68
A3: ค้างทอ 8/11
A4: ผลรวม ของ ค้างทอ
A5: ป้ายชื่อแถว | B5: 45964 | C5: 45966 | D5: 45967 | E5: 45968 | F5: 45969 | G5: 45970 | H5: 45971 | I5: 45973 | J5: 45974 | K5: 45975 | L5: 45976 | M5: 45977 | N5: 45980 | O5: 45981 | P5: 45982 | Q5: 45983 | R5: 45984 | S5: ผลรวมทั้งหมด | T5: ประมาณการ
A6: WSWT1725800 | K6: 9297.035 | S6: =SUM(B6:R6) -> 9297.035
A7: WSWT1825800 | R7: 32676 | S7: =SUM(B7:R7) -> 32676
A8: WSWT1825800SM | J8: 3899.55 | S8: =SUM(B8:R8) -> 3899.55
A9: WSWT1921720 | F9: 0 | H9: 39488.35 | S9: =SUM(B9:R9) -> 39488.35
A10: WSWT1925800 | K10: 22598.107 | S10: =SUM(B10:R10) -> 22598.107
A11: WSWT1925800SM | I11: 334.5 | S11: =SUM(B11:R11) -> 334.5
A12: WSWT2025800 | D12: 0 | L12: 14349.5 | S12: =SUM(B12:R12) -> 14349.5 | T12: 73342.5
A13: WSWT2025800SM | C13: 0 | D13: 0 | E13: 0 | G13: 0 | I13: 0 | J13: 0 | K13: 0 | L13: 0 | M13: 0 | N13: 0 | O13: 0 | P13: 0 | Q13: 0 | R13: 0 | S13: =SUM(B13:R13) -> 0 | T13: 94297.5
A14: WSWT2025850 | C14: 0 | D14: 0 | E14: 5657.85 | G14: 17727.93 | I14: 28009.85 | J14: 5378.45 | K14: 21932.9 | L14: 16414.75 | M14: 16414.75 | N14: 21220.43 | O14: 11036.3 | P14: 35518.725 | R14: 33248.6 | S14: =SUM(B14:R14) -> 212560.54
A15: WSWT2121670SM | D15: 0 | E15: 0 | H15: 0 | J15: 0 | K15: 0 | L15: 4756.9 | S15: =SUM(B15:R15) -> 4756.9
A16: WSWT2125650 | D16: 0 | I16: 0 | S16: =SUM(B16:R16) -> 0
A17: WSWT2125800 | F17: 0 | S17: =SUM(B17:R17) -> 0
A18: WSWT2321112512551 | G18: 34588.495 | M18: 53892.069 | R18: 53892.069 | S18: =SUM(B18:R18) -> 142372.63
A19: WSWT2325650 | E19: 0 | S19: =SUM(B19:R19) -> 0
A20: WSWT262575051 | B20: 1911.2277 | S20: =SUM(B20:R20) -> 1911.2277
A21: WSWT2625800 | D21: 7059.3 | H21: 12433.3 | S21: =SUM(B21:R21) -> 19492.6
A22: WSWT2825850 | F22: 12860.726 | S22: =SUM(B22:R22) -> 12860.726
A23: WSWTFCL022325650 | G23: 3439.35 | S23: =SUM(B23:R23) -> 3439.35
A24: WSWTSCL052325650 | G24: 0 | S24: =SUM(B24:R24) -> 0
A25: ผลรวมทั้งหมด | B25: =SUM(B6:B24) -> 1911.2277 | C25: =SUM(C6:C24) -> 0 | D25: =SUM(D6:D24) -> 7059.3 | E25: =SUM(E6:E24) -> 5657.85 | F25: =SUM(F6:F24) -> 12860.726 | G25: =SUM(G6:G24) -> 55755.775 | H25: =SUM(H6:H24) -> 51921.65 | I25: =SUM(I6:I24) -> 28344.35 | ... S25: =SUM(S6:S24) -> 520037.01

Sheet 8-11-68
B2: เรียงกำหนดส่ง | D2: ลบ 0 | T2: เรียง 1
B3: ข้อมูลUpdate ณ. วันที่ | D3: 45969 | E3: เวลา | G3: 9.19
A4: วันรับออร์เดอร์/แบบ | B4: เลขที่ SO | C4: ชื่อลูกค้า | E4: 10.3 | I4: น้ำหนัก | L4: บิด/จับจีบ | M4: ถุงใน | Q4: 44873 | S4: วิธีบรรจุ | T4: วันส่ง | U4: จำนวนส่ง | V4: ตัดเย็บ (ใบ) | W4: 44873 | X4: พิมพ์ (ใบ) | Y4: 44876 | Z4: ผ้าทอ (เมตร) Updateณ | AB4: 44876 | AD4: ผ้าเคลือบ(เมตร) | AF4: หมายเหตุ | AG4: เครื่อง
B5: เลขที่ SO | C5: ชื่อลูกค้า | D5: ตรา | E5: กว้าง | F5: ยาว | G5: สี | H5: เคลือบ | I5: กรัม/ใบ | J5: * | K5: aw | L5: บิด/จับจีบ | M5: กว้าง | N5: ยาว | O5: หนา | P5: ใช้(กก.) | Q5: Stock(กก.) | R5: ผลิต(กก.) | S5: วิธีบรรจุ | T5: วันส่ง | U5: จำนวนส่ง | V5: StockFG | W5: ค้างตัด | X5: พิมพ์แล้ว | Y5: ค้างพิมพ์ | Z5: ประเภท | AA5: ใช้ | AB5: Stock | AC5: ค้างทอ | AD5: Stock | AE5: ค้างเคลือบ | AF5: หมายเหตุ | AG5: ที่พิมพ์ได้ | AH5: process | AI5: Lead time | AJ5: วันที่ส่งPL | AK5: เคลือบ | AL5: ได้ ART | AM5: พิมพ์ | AN5: จีบ-บิด | AO5: ตัด-เย็บ | AP5: ทอ | AQ5: สวมถุง | AR5: เย็บปาก | AS5: PT | AT5: ม้วน | AU5: ตัด | AV5: ตอกตาไก่ | AW5: GROUP | AX5: ART | AY5: หมายเหตุปัญหา | AZ5: ราคา/ใบ | BA5: ราคารวม | BB5: workweek | BC5: เส้นเทป | BD5: จำนวน
A6: ประมาณการ | B6: ประมาณการ | C6: บจก.เคอรี่ฟลาวมิลล์ | D6: โบว์แดง 10กก | E6: 16 | F6: 25 | G6: ขาว | H6: 0 | I6: 45 | J6: ± | K6: 5 | L6: ไม่ | M6: ไม่สวมถุงใน | N6: 0 | O6: 0 | P6: 0 | Q6: 0 | R6: 0 | S6: ห่ออัดเบลแบน500 | T6: รอแจ้ง | U6: 5000 | V6: 5333 | W6: 0 | X6: 5370 | Y6: 0 | Z6: WSWT1625800 | AA6: 0 | AB6: 0 | AC6: 0 | AD6: 0 | AE6: 0 | AF6: 0 | AG6: ยังไม่ได้พิมพ์ | AH6: P7 | AI6: 2 | AJ6: รอแจ้ง | AK6: 0 | AL6: #VALUE! | AM6: #VALUE! | AN6: #VALUE! | AO6: #VALUE! | AP6: #VALUE! | AQ6: 0 | AR6: 0 | AS6: 0 | AT6: 0 | AU6: 0 | AV6: 0 | AW6: งานพิมพ์ | AX6: / | AY6: รอเก็บลบสีผสม | AZ6: 0 | BA6: 0 | BB6: 0 | BC6: WRWT25800/WRWT25800 | BD6: 0
A7: 0 | B7: 0 | C7: 0 | D7: 0 | E7: 16 | F7: 25 | G7: ขาว | H7: 0 | I7: 45 | J7: ± | K7: 5 | L7: 0 | M7: 0 | N7: 0 | O7: 0 | P7: 0 | Q7: 0 | R7: 0 | S7: 0 | U7: 0 | V7: 0 | W7: 0 | X7: 0 | Y7: 0 | Z7: WSWT1625800 | AA7: 0 | AB7: 0 | AC7: 0 | AD7: 0 | AE7: 0 | AF7: ระบุในSD | AG7: พร้อมส่ง | AH7: 0 | AI7: Lead time | AJ7: 0 | AK7: 0 | AL7: 0 | AM7: 0 | AN7: 0 | AO7: 0 | AP7: 0 | AQ7: 0 | AR7: 0 | AS7: 0 | AT7: 0 | AU7: 0 | AV7: 0 | AW7: 0 | AX7: 0 | AY7: 0 | AZ7: 0 | BA7: 0 | BB7: 0 | BC7: WRWT160800/WRWT25800 | BD7: 0
A8: 0 | B8: ใบรับคำสั่งซื้อ | C8: โรงสีข้าวธัญญาวัฒน์ | D8: LUNG SHIN 12kg | E8: 17 | F8: 26 | G8: ขาว | H8: 0 | I8: 48 | J8: ± | K8: 5 | L8: ไม่ | M8: ไม่สวมถุงใน | N8: 0 | O8: 0 | P8: 0 | Q8: 0 | R8: 0 | S8: 500กระสอบแบน | T8: 45980 | U8: 12100 | V8: 0 | W8: 12100 | X8: 0 | Y8: 12705 | Z8: WSWT1725800 | AA8: 9297.035 | AB8: 0 | AC8: 9297.035 | AD8: 0 | AE8: 0 | AF8: 0 | AG8: พร้อมส่ง | AH8: P7 | AI8: 2 | AJ8: 45980 | AK8: 0 | AL8: 45971 | AM8: 45978 | AN8: 45979 | AO8: 45979 | AP8: 45975 | AQ8: 0 | AR8: 0 | AS8: 0 | AT8: 0 | AU8: 0 | AV8: 0 | AW8: งานพิมพ์ | AX8: รอART | AY8: 0 | AZ8: 0 | BA8: 0 | BB8: 0 | BC8: WRWT25800/WRWT25800 | BD8: 604.10067
A9: 0 | B9: 0 | C9: 0 | D9: 0 | E9: 17 | F9: 26 | G9: 0 | H9: 0 | I9: 48 | J9: ± | K9: 5 | L9: 0 | M9: 0 | N9: 0 | O9: 0 | P9: 0 | Q9: 0 | R9: 0 | S9: 0 | U9: 0 | V9: 0 | W9: 0 | X9: 0 | Y9: 0 | Z9: WSWT1725800 | AA9: 9297.035 | AB9: 0 | AC9: 9297.035 | AD9: 0 | AE9: 0 | AF9: ระบุในSD | AG9: ผ้าขาว | AH9: 0 | AI9: 0 | AJ9: 0 | AK9: 0 | AL9: 0 | AM9: 0 | AN9: 0 | AO9: 0 | AP9: 0 | AQ9: 0 | AR9: 0 | AS9: 0 | AT9: 0 | AU9: 0 | AV9: 0 | AW9: 0 | AX9: 0 | AY9: 0 | AZ9: 0 | BA9: 0 | BB9: 0 | BC9: WRWT170800/WRWT25800 | BD9: 0
A10: 45950 | B10: MK68-001247 | C10: บจก.ฟาเธอร์ส วิง ซัพพลาย | D10: รถไฟฟ้า | E10: 18 | F10: 30 | G10: ขาว | H10: 0 | I10: 54 | J10: ± | K10: 5 | L10: บิด | M10: 19 | N10: 33 | O10: 40 | P10: 0 | Q10: 0 | R10: 0 | S10: 500กระสอบ | T10: 45968 | U10: 5000 | V10: 5000 | W10: 0 | X10: 5400 | Y10: 0 | Z10: WSWT1825800 | AA10: 0 | AB10: 0 | AC10: 0 | AD10: 0 | AE10: 0 | AF10: 0 | AG10: ยังไม่ได้พิมพ์ | AH10: P9 | AI10: 3 | AJ10: 45968 | AK10: 0 | AL10: 45958 | AM10: 45965 | AN10: 45966 | AO10: 45966 | AP10: 45963 | AQ10: 45967 | AR10: 0 | AS10: 0 | AT10: 0 | AU10: 0 | AV10: 0 | AW10: งานพิมพ์ | AX10: / | AY10: รอส่ง ลูกค้ารับเอง | AZ10: 0 | BA10: 0 | BB10: 0 | BC10: WRWT25800/WRWT25800 | BD10: 0
A11: 45950 | B11: MK68-001247 | C11: บจก.ฟาเธอร์ส วิง ซัพพลาย | D11: รถไฟฟ้าปูนขาวเย็น | E11: 18 | F11: 30 | G11: ขาว | H11: 0 | I11: 54 | J11: ± | K11: 5 | L11: บิด | M11: 19 | N11: 33 | O11: 40 | P11: 0 | Q11: 0 | R11: 0 | S11: 500กระสอบ | T11: 45968 | U11: 20000 | V11: 20057 | W11: 0 | X11: 20800 | Y11: 0 | Z11: WSWT1825800 | AA11: 0 | AB11: 0 | AC11: 0 | AD11: 0 | AE11: 0 | AF11: 0 | AG11: พร้อมส่ง | AH11: P9 | AI11: 3 | AJ11: 45968 | AK11: 0 | AL11: 45958 | AM11: 45965 | AN11: 45966 | AO11: 45966 | AP11: 45963 | AQ11: 45967 | AR11: 0 | AS11: 0 | AT11: 0 | AU11: 0 | AV11: 0 | AW11: งานพิมพ์ | AX11: / | AY11: รอส่ง ลูกค้ารับเอง | AZ11: 0 | BA11: 0 | BB11: 0 | BC11: WRWT25800/WRWT25800 | BD11: 0
A12: 45950 | B12: MK68-001247 | C12: บจก.ฟาเธอร์ส วิง ซัพพลาย | D12: ไม่พิมพ์ | E12: 18 | F12: 30 | G12: ขาว | H12: 0 | I12: 54 | J12: ± | K12: 5 | L12: ไม่ | M12: 19 | N12: 33 | O12: 40 | P12: 0 | Q12: 0 | R12: 0 | S12: 500กระสอบ | T12: 45968 | U12: 3000 | V12: 3064 | W12: 0 | X12: 0 | Y12: 0 | Z12: WSWT1825800 | AA12: 0 | AB12: 0 | AC12: 0 | AD12: 0 | AE12: 0 | AF12: 0 | AG12: ยังไม่ได้พิมพ์ | AH12: P9 | AI12: 3 | AJ12: 45968 | AK12: 0 | AL12: 0 | AM12: 0 | AN12: 0 | AO12: 45964 | AP12: 45963 | AQ12: 45965 | AR12: 0 | AS12: 0 | AT12: 0 | AU12: 0 | AV12: 0 | AW12: ตัด | AX12: 0 | AY12: รอส่ง ลูกค้ารับเอง | AZ12: 0 | BA12: 0 | BB12: 0 | BC12: WRWT25800/WRWT25800 | BD12: 0
A13: 45923 | B13: MK68-001162 | C13: หจก.อนนท์อุตสาหกรรม | D13: ดาว 20 กก. | E13: 18 | F13: 28 | G13: ขาว | H13: 0 | I13: 50 | J13: ± | K13: 5 | L13: ไม่ | M13: 19 | N13: 31 | O13: 40 | P13: 1453.1171 | Q13: 0 | R13: 1453.1171 | S13: 500กระสอบแบน | T13: 45989 | U13: 100000 | V13: 0 | W13: 100000 | X13: 0 | Y13: 105000 | Z13: WSWT1825800 | AA13: 82423 | AB13: 49747 | AC13: 32676 | AD13: 0 | AE13: 0 | AF13: 0 | AG13: ยังไม่ได้พิมพ์ | AH13: P9 | AI13: 3 | AJ13: 45989 | AK13: 0 | AL13: 45979 | AM13: 45986 | AN13: 45987 | AO13: 45987 | AP13: 45984 | AQ13: 45988 | AR13: 0 | AS13: 0 | AT13: 0 | AU13: 0 | AV13: 0 | AW13: งานพิมพ์ | AX13: / | AY13: 0 | AZ13: 0 | BA13: 0 | BB13: 0 | BC13: WRWT25800/WRWT25800 | BD13: 2248.1088
A14: 0 | B14: 0 | E14: 18 | F14: 30 | G14: ขาว | H14: 0 | I14: 54 | J14: ± | K14: 5 | L14: 0 | M14: 0 | N14: 0 | O14: 0 | P14: 0 | Q14: 0 | R14: 0 | S14: 0 | U14: 0 | V14: 0 | W14: 0 | X14: 0 | Y14: 0 | Z14: WSWT1825800 | AA14: 82423 | AB14: 49747 | AC14: 32676 | AD14: 0 | AE14: 0 | AF14: ระบุในSD | AG14: ยังไม่ได้พิมพ์ | AH14: 0 | AI14: Lead time | AJ14: 0 | AK14: 0 | AL14: 0 | AM14: 0 | AN14: 0 | AO14: 0 | AP14: 0 | AQ14: 0 | AR14: 0 | AS14: 0 | AT14: 0 | AU14: 0 | AV14: 0 | AW14: 0 | AX14: 0 | AY14: 0 | AZ14: 0 | BA14: 0 | BB14: 0 | BC14: WRWT25800/WRWT25800 | BD14: 0
A15: 45967 | B15: MK68-001337 | C15: บจก.2 เอ็ม อโกร | D15: พระเอกในดวงใจ 14-7-28 | E15: 18 | F15: 30 | G15: ขาว | H15: ใส | I15: 74 | J15: ± | K15: 5 | L15: บิด | M15: 19 | N15: 33 | O15: 70 | P15: 135.35083 | Q15: 0 | R15: 135.35083 | S15: 500กระสอบ | T15: 45979 | U15: 5000 | V15: 0 | W15: 5000 | X15: 0 | Y15: 5250 | Z15: WSWT1825800SM | AA15: 4400.55 | AB15: 501 | AC15: 3899.55 | AD15: 501 | AE15: 3899.55 | AF15: 0 | AG15: ยังไม่ได้พิมพ์ | AH15: P8 | AI15: 4 | AJ15: 45979 | AK15: 45975 | AL15: 45969 | AM15: 45976 | AN15: 45977 | AO15: 45977 | AP15: 45974 | AQ15: 45978 | AR15: 0 | AS15: 0 | AT15: 0 | AU15: 0 | AV15: 0 | AW15: งานเคลือบ+พิมพ์ | AX15: / | AY15: 0 | AZ15: 0 | BA15: 0 | BB15: 0 | BC15: WRWT25800/WRWT25800 | BD15: 249.5712
A16: 45968 | B16: ใบรับคำสั่งซื้อ | C16: บจก.ซิเบลโก้(บางเลน) | D16: PORTARYTE B15 | E16: 18 | F16: 30 | G16: ขาว | H16: ใส | I16: 74 | J16: ± | K16: 5 | L16: ไม่ | M16: ไม่สวมถุงใน | N16: 0 | O16: 0 | P16: 0 | Q16: 0 | R16: 0 | S16: 500กระสอบแบนเต็มใบ | T16: 45994 | U16: 5000 | V16: 0 | W16: 5000 | X16: 0 | Y16: 5250 | Z16: WSWT1825800SM | AA16: 4400.55 | AB16: 0 | AC16: 4400.55 | AD16: 0 | AE16: 4400.55 | AF16: 0 | AG16: พร้อมส่ง | AH16: P6 | AI16: 4 | AJ16: 45994 | AK16: 45990 | AL16: 45983 | AM16: 45991 | AN16: 45992 | AO16: 45993 | AP16: 45989 | AQ16: 0 | AR16: 0 | AS16: 0 | AT16: 0 | AU16: 0 | AV16: 0 | AW16: งานเคลือบ+พิมพ์ | AX16: รอART | AY16: 0 | AZ16: 0 | BA16: 0 | BB16: 0 | BC16: WRWT25800/WRWT25800 | BD16: 281.6352
A17: 45965 | B17: MK68-001334 | C17: บจก.ซิเบลโก้(บางเลน) | D17: FELDSPAR K200BL | E17: 18 | F17: 30 | G17: ขาว | H17: ใส | I17: 74 | J17: ± | K17: 5 | L17: ไม่ | M17: ไม่สวมถุงใน | N17: 0 | O17: 0 | P17: 0 | Q17: 0 | R17: 0 | S17: 500กระสอบแบนเต็มใบ | T17: 45994 | U17: 5000 | V17: 0 | W17: 5000 | X17: 0 | Y17: 5250 | Z17: WSWT1825800SM | AA17: 4400.55 | AB17: 0 | AC17: 4400.55 | AD17: 0 | AE17: 4400.55 | AF17: ห้ามเกิน-ขาดได้5% | AG17: ยังไม่ได้พิมพ์ | AH17: P6 | AI17: 4 | AJ17: 45994 | AK17: 45990 | AL17: 45983 | AM17: 45991 | AN17: 45992 | AO17: 45993 | AP17: 45989 | AQ17: 0 | AR17: 0 | AS17: 0 | AT17: 0 | AU17: 0 | AV17: 0 | AW17: งานเคลือบ+พิมพ์ | AX17: รอART | AY17: 0 | AZ17: 0 | BA17: 0 | BB17: 0 | BC17: WRWT25800/WRWT25800 | BD17: 281.6352
A18: 45965 | B18: MK68-001335 | C18: บจก.ซิเบลโก้(บางเลน) | D18: PORTARYTE | E18: 18 | F18: 30 | G18: ขาว | H18: ใส | I18: 74 | J18: ± | K18: 5 | L18: ไม่ | M18: ไม่สวมถุงใน | N18: 0 | O18: 0 | P18: 0 | Q18: 0 | R18: 0 | S18: 500กระสอบแบนเต็มใบ | T18: 46027 | U18: 5000 | V18: 0 | W18: 5000 | X18: 0 | Y18: 5250 | Z18: WSWT1825800SM | AA18: 4400.55 | AB18: 0 | AC18: 4400.55 | AD18: 0 | AE18: 4400.55 | AF18: ห้ามเกิน-ขาดได้5% | AG18: ยังไม่ได้พิมพ์ | AH18: P6 | AI18: 4 | AJ18: 46027 | AK18: 46023 | AL18: 46016 | AM18: 46024 | AN18: 46025 | AO18: 46026 | AP18: 46022 | AQ18: 0 | AR18: 0 | AS18: 0 | AT18: 0 | AU18: 0 | AV18: 0 | AW18: งานเคลือบ+พิมพ์ | AX18: รอART | AY18: 0 | AZ18: 0 | BA18: 0 | BB18: 0 | BC18: WRWT25800/WRWT25800 | BD18: 281.6352
A19: 0 | B19: 0 | C19: 0 | E19: 18 | F19: 25 | G19: ขาว | H19: 0 | I19: 50 | J19: ± | K19: 5 | L19: 0 | M19: 0 | N19: 0 | O19: 0 | P19: 0 | Q19: 0 | R19: 0 | S19: 0 | U19: 0 | V19: 0 | W19: 0 | X19: 0 | Y19: 0 | Z19: WSWT1825800SM | AA19: 17602.2 | AB19: 501 | AC19: 17101.2 | AD19: 501 | AE19: 17101.2 | AF19: ระบุในSD | AG19: รอแบบ | AH19: 0 | AI19: Lead time | AJ19: 0 | AK19: 0 | AL19: 0 | AM19: 0 | AN19: 0 | AO19: 0 | AP19: 0 | AQ19: 0 | AR19: 0 | AS19: 0 | AT19: 0 | AU19: 0 | AV19: 0 | AW19: 0 | AX19: 0 | AY19: 0 | AZ19: 0 | BA19: 0 | BB19: 0 | BC19: WRWT180800/WRWT25800 | BD19: 0
A20: 45952 | B20: MK68-001269 | C20: บจก.เพรซิเดนท์ฟลาวมิลล์ | D20: ผึ้งชมพู | E20: 19 | F20: 30 | G20: ขาว | H20: 0 | I20: 60 | J20: ± | K20: 5 | L20: บิด | M20: ไม่สวมถุงใน | N20: 0 | O20: 0 | P20: 0 | Q20: 0 | R20: 0 | S20: 500กระสอบ | T20: 45980 | U20: 40000 | V20: 1574 | W20: 38426 | X20: 0 | Y20: 40347.3 | Z20: WSWT1925800 | AA20: 33819.107 | AB20: 11221 | AC20: 22598.107 | AD20: 0 | AE20: 0 | AF20: 0 | AG20: พร้อมส่ง | AH20: P7 | AI20: 2 | AJ20: 45980 | AK20: 0 | AL20: 45971 | AM20: 45978 | AN20: 45979 | AO20: 45979 | AP20: 45975 | AQ20: 0 | AR20: 0 | AS20: 0 | AT20: 0 | AU20: 0 | AV20: 0 | AW20: งานพิมพ์ | AX20: / | AY20: 0 | AZ20: 0 | BA20: 0 | BB20: 0 | BC20: WRWT25800/WRWT25800 | BD20: 1641.1247
A21: ประมาณการ | B21: ประมาณการ | C21: บจก.ไลม์มาสเตอร์ | D21: LMC 25 kg | E21: 19 | F21: 32 | G21: ขาว | H21: 0 | I21: 64 | J21: ± | K21: 5 | L21: ไม่ | M21: 20 | N21: 35 | O21: 40 | P21: 341.36903 | Q21: 0 | R21: 341.36903 | S21: 500กระสอบแบน | T21: 45991 | U21: 20000 | V21: 233 | W21: 19767 | X21: 0 | Y21: 20755.35 | Z21: WSWT1925800 | AA21: 18501.714 | AB21: 0 | AC21: 18501.714 | AD21: 0 | AE21: 0 | AF21: 0 | AG21: รอตัด | AH21: P9 | AI21: 3 | AJ21: 45991 | AK21: 0 | AL21: 45981 | AM21: 45988 | AN21: 45989 | AO21: 45989 | AP21: 45986 | AQ21: 45990 | AR21: 0 | AS21: 0 | AT21: 0 | AU21: 0 | AV21: 0 | AW21: งานพิมพ์ | AX21: รอART | AY21: 0 | AZ21: 0 | BA21: 0 | BB21: 0 | BC21: WRWT25800/WRWT25800 | BD21: 1343.6356
A22: ประมาณการ | B22: ประมาณการ | C22: บจก.เอ็กเซลเล้นท์ | D22: รอแบบ | E22: 19 | F22: 30 | G22: ขาว | H22: 0 | I22: 60 | J22: ± | K22: 5 | L22: บิด | M22: ไม่สวมถุงใน | N22: 0 | O22: 0 | P22: 0 | Q22: 0 | R22: 0 | S22: 500กระสอบ | T22: 45991 | U22: 40000 | V22: 0 | W22: 40000 | X22: 0 | Y22: 42000 | Z22: WSWT1925800 | AA22: 35204.4 | AB22: 0 | AC22: 35204.4 | AD22: 0 | AE22: 0 | AF22: 0 | AG22: รอตัด | AH22: P7 | AI22: 2 | AJ22: 45991 | AK22: 0 | AL22: 45982 | AM22: 45989 | AN22: 45990 | AO22: 45990 | AP22: 45986 | AQ22: 0 | AR22: 0 | AS22: 0 | AT22: 0 | AU22: 0 | AV22: 0 | AW22: งานพิมพ์ | AX22: รอART | AY22: 0 | AZ22: 0 | BA22: 0 | BB22: 0 | BC22: WRWT25800/WRWT25800 | BD22: 2556.6218
A23: 0 | B23: 0 | C23: 0 | D23: 0 | E23: 19 | F23: 30 | G23: ขาว | H23: 0 | I23: 60 | J23: ± | K23: 5 | L23: 0 | M23: 0 | N23: 0 | O23: 0 | P23: 0 | Q23: 0 | R23: 0 | S23: 0 | U23: 0 | V23: 0 | W23: 0 | X23: 0 | Y23: 0 | Z23: WSWT1925800 | AA23: 87525.221 | AB23: 11221 | AC23: 76304.221 | AD23: 0 | AE23: 0 | AF23: ระบุในSD | AG23: รอตัด | AH23: 0 | AI23: Lead time | AJ23: 0 | AK23: 0 | AL23: 0 | AM23: 0 | AN23: 0 | AO23: 0 | AP23: 0 | AQ23: 0 | AR23: 0 | AS23: 0 | AT23: 0 | AU23: 0 | AV23: 0 | AW23: 0 | AX23: 0 | AY23: 0 | AZ23: 0 | BA23: 0 | BB23: 0 | BC23: WRWT25800/WRWT25800 | BD23: 0
A24: 0 | B24: ใบรับคำสั่งซื้อ | C24: บจก.เคอรี่ฟลาวมิลล์ | D24: บลูทีมเหลือง | E24: 19 | F24: 32 | G24: ขาว | H24: 0 | I24: 67 | J24: + | K24: 5 | L24: บิด | M24: ไม่สวมถุงใน | N24: 0 | O24: 0 | P24: 0 | Q24: 0 | R24: 0 | S24: ห่ออัดเบลแบน500 | T24: รอแจ้ง | U24: 5000 | V24: 0 | W24: 5000 | X24: 5400 | Y24: 0 | Z24: WSWT1921720 | AA24: 0 | AB24: 0 | AC24: 0 | AD24: 0 | AE24: 0 | AF24: 0 | AG24: ยังไม่ได้พิมพ์ | AH24: P7 | AI24: 2 | AJ24: รอแจ้ง | AK24: 0 | AL24: #VALUE! | AM24: #VALUE! | AN24: #VALUE! | AO24: #VALUE! | AP24: #VALUE! | AQ24: 0 | AR24: 0 | AS24: 0 | AT24: 0 | AU24: 0 | AV24: 0 | AW24: งานพิมพ์ | AX24: / | AY24: 0 | AZ24: 0 | BA24: 0 | BB24: 0 | BC24: WRWT21720/WRWT25800 | BD24: 0
A25: 45966 | B25: MK68-001329 | C25: บจก.เคอรี่ฟลาวมิลล์ | D25: ปลาโลมาเทา | E25: 19 | F25: 32 | G25: ขาว | H25: 0 | I25: 67 | J25: + | K25: 5 | L25: บิด | M25: ไม่สวมถุงใน | N25: 0 | O25: 0 | P25: 0 | Q25: 0 | R25: 0 | S25: ห่ออัดเบลแบน500 | T25: 45974 | U25: 5000 | V25: 0 | W25: 5000 | X25: 5380 | Y25: 0 | Z25: WSWT1921720 | AA25: 0 | AB25: 0 | AC25: 0 | AD25: 0 | AE25: 0 | AF25: PDR250362 | AG25: ยังไม่ได้พิมพ์ | AH25: P7 | AI25: 2 | AJ25: 45974 | AK25: 0 | AL25: 45965 | AM25: 45972 | AN25: 45973 | AO25: 45973 | AP25: 45969 | AQ25: 0 | AR25: 0 | AS25: 0 | AT25: 0 | AU25: 0 | AV25: 0 | AW25: งานพิมพ์ | AX25: / | AY25: 0 | AZ25: 0 | BA25: 0 | BB25: 0 | BC25: WRWT21720/WRWT25800 | BD25: 0
A26: 45966 | B26: MK68-001329 | C26: บจก.เคอรี่ฟลาวมิลล์ | D26: ถุงเงิน | E26: 19 | F26: 32 | G26: ขาว | H26: 0 | I26: 67 | J26: + | K26: 5 | L26: บิด | M26: ไม่สวมถุงใน | N26: 0 | O26: 0 | P26: 0 | Q26: 0 | R26: 0 | S26: ห่ออัดเบลแบน500 | T26: 45974 | U26: 5000 | V26: 0 | W26: 5000 | X26: 5580 | Y26: 0 | Z26: WSWT1921720 | AA26: 0 | AB26: 0 | AC26: 0 | AD26: 0 | AE26: 0 | AF26: PDR250362 | AG26: ยังไม่ได้พิมพ์ | AH26: P7 | AI26: 2 | AJ26: 45974 | AK26: 0 | AL26: 45965 | AM26: 45972 | AN26: 45973 | AO26: 45973 | AP26: 45969 | AQ26: 0 | AR26: 0 | AS26: 0 | AT26: 0 | AU26: 0 | AV26: 0 | AW26: งานพิมพ์ | AX26: / | AY26: 0 | AZ26: 0 | BA26: 0 | BB26: 0 | BC26: WRWT21720/WRWT25800 | BD26: 0
A27: 45966 | B27: MK68-001329 | C27: บจก.เคอรี่ฟลาวมิลล์ | D27: โบว์น้ำเงิน | E27: 19 | F27: 32 | G27: ขาว | H27: 0 | I27: 67 | J27: + | K27: 5 | L27: บิด | M27: ไม่สวมถุงใน | N27: 0 | O27: 0 | P27: 0 | Q27: 0 | R27: 0 | S27: ห่ออัดเบลแบน500 | T27: 45974 | U27: 5000 | V27: 0 | W27: 5000 | X27: 0 | Y27: 5250 | Z27: WSWT1921720 | AA27: 4679.95 | AB27: 4679.95 | AC27: 0 | AD27: 0 | AE27: 0 | AF27: PDR250362 | AG27: ยังไม่ได้พิมพ์ | AH27: P7 | AI27: 2 | AJ27: 45974 | AK27: 0 | AL27: 45965 | AM27: 45972 | AN27: 45973 | AO27: 45973 | AP27: 45969 | AQ27: 0 | AR27: 0 | AS27: 0 | AT27: 0 | AU27: 0 | AV27: 0 | AW27: งานพิมพ์ | AX27: / | AY27: 0 | AZ27: 0 | BA27: 0 | BB27: 0 | BC27: WRWT21720/WRWT25800 | BD27: 0
A28: 45966 | B28: MK68-001329 | C28: บจก.เคอรี่ฟลาวมิลล์ | D28: โบว์แดง | E28: 19 | F28: 32 | G28: ขาว | H28: 0 | I28: 67 | J28: + | K28: 5 | L28: บิด | M28: ไม่สวมถุงใน | N28: 0 | O28: 0 | P28: 0 | Q28: 0 | R28: 0 | S28: ห่ออัดเบลแบน500 | T28: 45974 | U28: 5000 | V28: 0 | W28: 5000 | X28: 0 | Y28: 5250 | Z28: WSWT1921720 | AA28: 4679.95 | AB28: 4679.95 | AC28: 0 | AD28: 0 | AE28: 0 | AF28: PDR250362 | AG28: ยังไม่ได้พิมพ์ | AH28: P7 | AI28: 2 | AJ28: 45974 | AK28: 0 | AL28: 45965 | AM28: 45972 | AN28: 45973 | AO28: 45973 | AP28: 45969 | AQ28: 0 | AR28: 0 | AS28: 0 | AT28: 0 | AU28: 0 | AV28: 0 | AW28: งานพิมพ์ | AX28: / | AY28: 0 | AZ28: 0 | BA28: 0 | BB28: 0 | BC28: WRWT21720/WRWT25800 | BD28: 0
A29: 45966 | B29: MK68-001329 | C29: บจก.เคอรี่ฟลาวมิลล์ | D29: 913 | E29: 19 | F29: 32 | G29: ขาว | H29: 0 | I29: 67 | J29: + | K29: 5 | L29: ไม่ | M29: ไม่สวมถุงใน | N29: 0 | O29: 0 | P29: 0 | Q29: 0 | R29: 0 | S29: ห่ออัดเบลแบน500 | T29: 45974 | U29: 5000 | V29: 0 | W29: 5000 | X29: 0 | Y29: 5250 | Z29: WSWT1921720 | AA29: 4679.95 | AB29: 4679.95 | AC29: 0 | AD29: 0 | AE29: 0 | AF29: PDR250362 | AG29: ยังไม่ได้พิมพ์ | AH29: P7 | AI29: 2 | AJ29: 45974 | AK29: 0 | AL29: 45965 | AM29: 45972 | AN29: 45973 | AO29: 45973 | AP29: 45969 | AQ29: 0 | AR29: 0 | AS29: 0 | AT29: 0 | AU29: 0 | AV29: 0 | AW29: งานพิมพ์ | AX29: / | AY29: 0 | AZ29: 0 | BA29: 0 | BB29: 0 | BC29: WRWT21720/WRWT25800 | BD29: 0
A30: 45966 | B30: MK68-001330 | C30: บจก.เคอรี่ฟลาวมิลล์ | D30: ถุงเขียว | E30: 19 | F30: 32 | G30: ขาว | H30: 0 | I30: 67 | J30: + | K30: 5 | L30: บิด | M30: ไม่สวมถุงใน | N30: 0 | O30: 0 | P30: 0 | Q30: 0 | R30: 0 | S30: ห่ออัดเบลแบน500 | T30: 45974 | U30: 10000 | V30: 0 | W30: 10000 | X30: 0 | Y30: 10500 | Z30: WSWT1921720 | AA30: 9359.9 | AB30: 9359.9 | AC30: 0 | AD30: 0 | AE30: 0 | AF30: PDR250363 | AG30: ยังไม่ได้พิมพ์ | AH30: P7 | AI30: 2 | AJ30: 45974 | AK30: 0 | AL30: 45965 | AM30: 45972 | AN30: 45973 | AO30: 45973 | AP30: 45969 | AQ30: 0 | AR30: 0 | AS30: 0 | AT30: 0 | AU30: 0 | AV30: 0 | AW30: งานพิมพ์ | AX30: / | AY30: 0 | AZ30: 0 | BA30: 0 | BB30: 0 | BC30: WRWT21720/WRWT25800 | BD30: 0
A31: 45966 | B31: MK68-001330 | C31: บจก.เคอรี่ฟลาวมิลล์ | D31: ถุงทองแซนวิช | E31: 19 | F31: 32 | G31: ขาว | H31: 0 | I31: 67 | J31: + | K31: 5 | L31: บิด | M31: ไม่สวมถุงใน | N31: 0 | O31: 0 | P31: 0 | Q31: 0 | R31: 0 | S31: ห่ออัดเบลแบน500 | T31: 45974 | U31: 10000 | V31: 0 | W31: 10000 | X31: 0 | Y31: 10500 | Z31: WSWT1921720 | AA31: 9359.9 | AB31: 9359.9 | AC31: 0 | AD31: 0 | AE31: 0 | AF31: PDR250363 | AG31: ยังไม่ได้พิมพ์ | AH31: P7 | AI31: 2 | AJ31: 45974 | AK31: 0 | AL31: 45965 | AM31: 45972 | AN31: 45973 | AO31: 45973 | AP31: 45969 | AQ31: 0 | AR31: 0 | AS31: 0 | AT31: 0 | AU31: 0 | AV31: 0 | AW31: งานพิมพ์ | AX31: / | AY31: 0 | AZ31: 0 | BA31: 0 | BB31: 0 | BC31: WRWT21720/WRWT25800 | BD31: 0
A32: 45966 | B32: MK68-001330 | C32: บจก.เคอรี่ฟลาวมิลล์ | D32: ปลาโลมาแดง | E32: 19 | F32: 32 | G32: ขาว | H32: 0 | I32: 67 | J32: + | K32: 5 | L32: บิด | M32: ไม่สวมถุงใน | N32: 0 | O32: 0 | P32: 0 | Q32: 0 | R32: 0 | S32: ห่ออัดเบลแบน500 | T32: 45974 | U32: 5000 | V32: 0 | W32: 5000 | X32: 0 | Y32: 5250 | Z32: WSWT1921720 | AA32: 4679.95 | AB32: 4679.95 | AC32: 0 | AD32: 0 | AE32: 0 | AF32: PDR250363 | AG32: ยังไม่ได้พิมพ์ | AH32: P7 | AI32: 2 | AJ32: 45974 | AK32: 0 | AL32: 45965 | AM32: 45972 | AN32: 45973 | AO32: 45973 | AP32: 45969 | AQ32: 0 | AR32: 0 | AS32: 0 | AT32: 0 | AU32: 0 | AV32: 0 | AW32: งานพิมพ์ | AX32: / | AY32: 0 | AZ32: 0 | BA32: 0 | BB32: 0 | BC32: WRWT21720/WRWT25800 | BD32: 0
A33: 45966 | B33: MK68-001329 | C33: บจก.เคอรี่ฟลาวมิลล์ | D33: เคเอ็ม | E33: 19 | F33: 32 | G33: ขาว | H33: 0 | I33: 67 | J33: + | K33: 5 | L33: บิด | M33: ไม่สวมถุงใน | N33: 0 | O33: 0 | P33: 0 | Q33: 0 | R33: 0 | S33: ห่ออัดเบลแบน500 | T33: 45976 | U33: 5000 | V33: 0 | W33: 5000 | X33: 0 | Y33: 5250 | Z33: WSWT1921720 | AA33: 4679.95 | AB33: 4679.95 | AC33: 0 | AD33: 0 | AE33: 0 | AF33: PDR250364 | AG33: ยังไม่ได้พิมพ์ | AH33: P7 | AI33: 2 | AJ33: 45976 | AK33: 0 | AL33: 45967 | AM33: 45974 | AN33: 45975 | AO33: 45975 | AP33: 45971 | AQ33: 0 | AR33: 0 | AS33: 0 | AT33: 0 | AU33: 0 | AV33: 0 | AW33: งานพิมพ์ | AX33: / | AY33: 0 | AZ33: 0 | BA33: 0 | BB33: 0 | BC33: WRWT21720/WRWT25800 | BD33: 0
A34: 45966 | B34: MK68-001329 | C34: บจก.เคอรี่ฟลาวมิลล์ | D34: HARD FLOUR | E34: 19 | F34: 32 | G34: ขาว | H34: 0 | I34: 67 | J34: + | K34: 5 | L34: บิด | M34: ไม่สวมถุงใน | N34: 0 | O34: 0 | P34: 0 | Q34: 0 | R34: 0 | S34: ห่ออัดเบลแบน500 | T34: 45976 | U34: 5000 | V34: 0 | W34: 5000 | X34: 0 | Y34: 5250 | Z34: WSWT1921720 | AA34: 4679.95 | AB34: 3190 | AC34: 1489.95 | AD34: 0 | AE34: 0 | AF34: PDR250364 | AG34: ผ้าขาว | AH34: P7 | AI34: 2 | AJ34: 45976 | AK34: 0 | AL34: 45967 | AM34: 45974 | AN34: 45975 | AO34: 45975 | AP34: 45971 | AQ34: 0 | AR34: 0 | AS34: 0 | AT34: 0 | AU34: 0 | AV34: 0 | AW34: งานพิมพ์ | AX34: / | AY34: 0 | AZ34: 0 | BA34: 0 | BB34: 0 | BC34: WRWT21720/WRWT25800 | BD34: 112.22966
A35: 45966 | B35: MK68-001329 | C35: บจก.เคอรี่ฟลาวมิลล์ | D35: หีบเพลงฟ้า | E35: 19 | F35: 32 | G35: ขาว | H35: 0 | I35: 67 | J35: + | K35: 5 | L35: บิด | M35: ไม่สวมถุงใน | N35: 0 | O35: 0 | P35: 0 | Q35: 0 | R35: 0 | S35: ห่ออัดเบลแบน500 | T35: 45976 | U35: 5000 | V35: 0 | W35: 5000 | X35: 0 | Y35: 5250 | Z35: WSWT1921720 | AA35: 4679.95 | AB35: 0 | AC35: 4679.95 | AD35: 0 | AE35: 0 | AF35: PDR250364 | AG35: ยังไม่ได้พิมพ์ | AH35: P7 | AI35: 2 | AJ35: 45976 | AK35: 0 | AL35: 45967 | AM35: 45974 | AN35: 45975 | AO35: 45975 | AP35: 45971 | AQ35: 0 | AR35: 0 | AS35: 0 | AT35: 0 | AU35: 0 | AV35: 0 | AW35: งานพิมพ์ | AX35: / | AY35: 0 | AZ35: 0 | BA35: 0 | BB35: 0 | BC35: WRWT21720/WRWT25800 | BD35: 352.51463
A36: 45966 | B36: MK68-001329 | C36: บจก.เคอรี่ฟลาวมิลล์ | D36: แต้มแดง | E36: 19 | F36: 32 | G36: ขาว | H36: 0 | I36: 67 | J36: + | K36: 5 | L36: บิด | M36: ไม่สวมถุงใน | N36: 0 | O36: 0 | P36: 0 | Q36: 0 | R36: 0 | S36: ห่ออัดเบลแบน500 | T36: 45976 | U36: 5000 | V36: 0 | W36: 5000 | X36: 0 | Y36: 5250 | Z36: WSWT1921720 | AA36: 4679.95 | AB36: 0 | AC36: 4679.95 | AD36: 0 | AE36: 0 | AF36: PDR250364 | AG36: ยังไม่ได้พิมพ์ | AH36: P7 | AI36: 2 | AJ36: 45976 | AK36: 0 | AL36: 45967 | AM36: 45974 | AN36: 45975 | AO36: 45975 | AP36: 45971 | AQ36: 0 | AR36: 0 | AS36: 0 | AT36: 0 | AU36: 0 | AV36: 0 | AW36: งานพิมพ์ | AX36: / | AY36: 0 | AZ36: 0 | BA36: 0 | BB36: 0 | BC36: WRWT21720/WRWT25800 | BD36: 352.51463
A37: 45966 | B37: MK68-001331 | C37: บจก.เคอรี่ฟลาวมิลล์ | D37: ไม่พิมพ์ | E37: 19 | F37: 36 | G37: ขาว | H37: 0 | I37: 75 | J37: + | K37: 5 | L37: ไม่ | M37: ไม่สวมถุงใน | N37: 0 | O37: 0 | P37: 0 | Q37: 0 | R37: 0 | S37: ห่ออัดเบลแบน500 | T37: 45976 | U37: 5000 | V37: 0 | W37: 5000 | X37: 0 | Y37: 0 | Z37: WSWT1921720 | AA37: 5238.75 | AB37: 0 | AC37: 5238.75 | AD37: 0 | AE37: 0 | AF37: PDR250364 | AG37: ยังไม่ได้พิมพ์ | AH37: P7 | AI37: 2 | AJ37: 45976 | AK37: 0 | AL37: 45967 | AM37: 45974 | AN37: 45975 | AO37: 45975 | AP37: 45971 | AQ37: 0 | AR37: 0 | AS37: 0 | AT37: 0 | AU37: 0 | AV37: 0 | AW37: ตัด | AX37: / | AY37: 0 | AZ37: 0 | BA37: 0 | BB37: 0 | BC37: WRWT21720/WRWT25800 | BD37: 394.60593
A38: 45966 | B38: MK68-001330 | C38: บจก.เคอรี่ฟลาวมิลล์ | D38: ปลาโลมาแดง | E38: 19 | F38: 32 | G38: ขาว | H38: 0 | I38: 67 | J38: + | K38: 5 | L38: บิด | M38: ไม่สวมถุงใน | N38: 0 | O38: 0 | P38: 0 | Q38: 0 | R38: 0 | S38: ห่ออัดเบลแบน500 | T38: 45976 | U38: 5000 | V38: 0 | W38: 5000 | X38: 0 | Y38: 5250 | Z38: WSWT1921720 | AA38: 4679.95 | AB38: 0 | AC38: 4679.95 | AD38: 0 | AE38: 0 | AF38: PDR250365 | AG38: ยังไม่ได้พิมพ์ | AH38: P7 | AI38: 2 | AJ38: 45976 | AK38: 0 | AL38: 45967 | AM38: 45974 | AN38: 45975 | AO38: 45975 | AP38: 45971 | AQ38: 0 | AR38: 0 | AS38: 0 | AT38: 0 | AU38: 0 | AV38: 0 | AW38: งานพิมพ์ | AX38: / | AY38: 0 | AZ38: 0 | BA38: 0 | BB38: 0 | BC38: WRWT21720/WRWT25800 | BD38: 352.51463
A39: 45966 | B39: MK68-001330 | C39: บจก.เคอรี่ฟลาวมิลล์ | D39: ดอกไม้เหลือง | E39: 19 | F39: 32 | G39: ขาว | H39: 0 | I39: 67 | J39: + | K39: 5 | L39: บิด | M39: ไม่สวมถุงใน | N39: 0 | O39: 0 | P39: 0 | Q39: 0 | R39: 0 | S39: ห่ออัดเบลแบน500 | T39: 45976 | U39: 5000 | V39: 0 | W39: 5000 | X39: 0 | Y39: 5250 | Z39: WSWT1921720 | AA39: 4679.95 | AB39: 0 | AC39: 4679.95 | AD39: 0 | AE39: 0 | AF39: PDR250365 | AG39: ยังไม่ได้พิมพ์ | AH39: P7 | AI39: 2 | AJ39: 45976 | AK39: 0 | AL39: 45967 | AM39: 45974 | AN39: 45975 | AO39: 45975 | AP39: 45971 | AQ39: 0 | AR39: 0 | AS39: 0 | AT39: 0 | AU39: 0 | AV39: 0 | AW39: งานพิมพ์ | AX39: / | AY39: 0 | AZ39: 0 | BA39: 0 | BB39: 0 | BC39: WRWT21720/WRWT25800 | BD39: 352.51463
A40: 45966 | B40: MK68-001330 | C40: บจก.เคอรี่ฟลาวมิลล์ | D40: BS(แต้มฟ้า) | E40: 19 | F40: 32 | G40: ขาว | H40: 0 | I40: 67 | J40: + | K40: 5 | L40: บิด | M40: ไม่สวมถุงใน | N40: 0 | O40: 0 | P40: 0 | Q40: 0 | R40: 0 | S40: ห่ออัดเบลแบน500 | T40: 45976 | U40: 5000 | V40: 0 | W40: 5000 | X40: 0 | Y40: 5250 | Z40: WSWT1921720 | AA40: 4679.95 | AB40: 0 | AC40: 4679.95 | AD40: 0 | AE40: 0 | AF40: PDR250365 | AG40: รอแบบ | AH40: P7 | AI40: 2 | AJ40: 45976 | AK40: 0 | AL40: 45967 | AM40: 45974 | AN40: 45975 | AO40: 45975 | AP40: 45971 | AQ40: 0 | AR40: 0 | AS40: 0 | AT40: 0 | AU40: 0 | AV40: 0 | AW40: งานพิมพ์ | AX40: / | AY40: 0 | AZ40: 0 | BA40: 0 | BB40: 0 | BC40: WRWT21720/WRWT25800 | BD40: 352.51463
A41: 45966 | B41: MK68-001330 | C41: บจก.เคอรี่ฟลาวมิลล์ | D41: หีบเพลงเหลือง | E41: 19 | F41: 32 | G41: ขาว | H41: 0 | I41: 67 | J41: + | K41: 5 | L41: บิด | M41: ไม่สวมถุงใน | N41: 0 | O41: 0 | P41: 0 | Q41: 0 | R41: 0 | S41: ห่ออัดเบลแบน500 | T41: 45976 | U41: 5000 | V41: 0 | W41: 5000 | X41: 0 | Y41: 5250 | Z41: WSWT1921720 | AA41: 4679.95 | AB41: 0 | AC41: 4679.95 | AD41: 0 | AE41: 0 | AF41: PDR250365 | AG41: พร้อมส่ง | AH41: P7 | AI41: 2 | AJ41: 45976 | AK41: 0 | AL41: 45967 | AM41: 45974 | AN41: 45975 | AO41: 45975 | AP41: 45971 | AQ41: 0 | AR41: 0 | AS41: 0 | AT41: 0 | AU41: 0 | AV41: 0 | AW41: งานพิมพ์ | AX41: / | AY41: 0 | AZ41: 0 | BA41: 0 | BB41: 0 | BC41: WRWT21720/WRWT25800 | BD41: 352.51463
A42: 45966 | B42: MK68-001330 | C42: บจก.เคอรี่ฟลาวมิลล์ | D42: WHOLE WHEAT | E42: 19 | F42: 32 | G42: ขาว | H42: 0 | I42: 67 | J42: + | K42: 5 | L42: บิด | M42: ไม่สวมถุงใน | N42: 0 | O42: 0 | P42: 0 | Q42: 0 | R42: 0 | S42: ห่ออัดเบลแบน500 | T42: 45976 | U42: 5000 | V42: 0 | W42: 5000 | X42: 0 | Y42: 5250 | Z42: WSWT1921720 | AA42: 4679.95 | AB42: 0 | AC42: 4679.95 | AD42: 0 | AE42: 0 | AF42: PDR250365 | AG42: ยังไม่ได้พิมพ์ | AH42: P7 | AI42: 2 | AJ42: 45976 | AK42: 0 | AL42: 45967 | AM42: 45974 | AN42: 45975 | AO42: 45975 | AP42: 45971 | AQ42: 0 | AR42: 0 | AS42: 0 | AT42: 0 | AU42: 0 | AV42: 0 | AW42: งานพิมพ์ | AX42: / | AY42: 0 | AZ42: 0 | BA42: 0 | BB42: 0 | BC42: WRWT21720/WRWT25800 | BD42: 352.51463
A43: ประมาณการ | B43: ประมาณการ | C43: บจก.เคอรี่ฟลาวมิลล์ | D43: รอแบบ | E43: 19 | F43: 32 | G43: ขาว | H43: 0 | I43: 67 | J43: + | K43: 5 | L43: บิด | M43: ไม่สวมถุงใน | N43: 0 | O43: 0 | P43: 0 | Q43: 0 | R43: 0 | S43: ห่ออัดเบลแบน500 | T43: 45991 | U43: 125000 | V43: 0 | W43: 125000 | X43: 0 | Y43: 131250 | Z43: WSWT1921720 | AA43: 116998.75 | AB43: 0 | AC43: 116998.75 | AD43: 0 | AE43: 0 | AF43: 0 | AG43: ยังไม่ได้พิมพ์ | AH43: P7 | AI43: 2 | AJ43: 45991 | AK43: 0 | AL43: 45982 | AM43: 45989 | AN43: 45990 | AO43: 45990 | AP43: 45986 | AQ43: 0 | AR43: 0 | AS43: 0 | AT43: 0 | AU43: 0 | AV43: 0 | AW43: งานพิมพ์ | AX43: รอART | AY43: 0 | AZ43: 0 | BA43: 0 | BB43: 0 | BC43: WRWT21720/WRWT25800 | BD43: 8812.8658
A44: 0 | B44: 0 | C44: 0 | D44: 0 | E44: 19 | F44: 30 | G44: 0 | H44: 0 | I44: 63 | J44: + | K44: 5 | L44: 0 | M44: 0 | N44: 0 | O44: 0 | P44: 0 | Q44: 0 | R44: 0 | S44: 0 | U44: 0 | V44: 0 | W44: 0 | X44: 0 | Y44: 0 | Z44: WSWT1921720 | AA44: 201796.65 | AB44: 45309.55 | AC44: 156487.1 | AD44: 0 | AE44: 0 | AF44: ระบุในSD | AG44: พร้อมส่ง | AH44: 0 | AI44: Lead time | AJ44: 0 | AK44: 0 | AL44: 0 | AM44: 0 | AN44: 0 | AO44: 0 | AP44: 0 | AQ44: 0 | AR44: 0 | AS44: 0 | AT44: 0 | AU44: 0 | AV44: 0 | AW44: 0 | AX44: 0 | AY44: 0 | AZ44: 0 | BA44: 0 | BB44: 0 | BC44: WRWT190720/WRWT25800 | BD44: 0
A45: 45967 | B45: MK68-001338 | C45: บจก.เอเชี่ยนเคมิคัล | D45: A.C.C.ภาษาอังกฤษ 8-118 | E45: 19 | F45: 26 | G45: ขาว | H45: ด้าน | I45: 70 | J45: ± | K45: 5 | L45: ไม่ | M45: 20 | N45: 28 | O45: 50 | P45: 172.69643 | Q45: 0 | R45: 172.69643 | S45: มัด100 | T45: 45978 | U45: 10000 | V45: 0 | W45: 10000 | X45: 0 | Y45: 10500 | Z45: WSWT1925800SM | AA45: 7683.5 | AB45: 7683.5 | AC45: 0 | AD45: 2971 | AE45: 4712.5 | AF45: 0 | AG45: พร้อมส่ง | AH45: P8 | AI45: 4 | AJ45: 45978 | AK45: 45974 | AL45: 45968 | AM45: 45975 | AN45: 45976 | AO45: 45976 | AP45: 45973 | AQ45: 45977 | AR45: 0 | AS45: 0 | AT45: 0 | AU45: 0 | AV45: 0 | AW45: งานเคลือบ+พิมพ์ | AX45: / | AY45: เย็น17/11 | AZ45: 0 | BA45: 0 | BB45: 0 | BC45: WRWT25800/WRWT25800 | BD45: 0
A46: 45967 | B46: MK68-001338 | C46: บจก.เอเชี่ยนเคมิคัล | D46: A.C.C.ภาษาอังกฤษ | E46: 19 | F46: 26 | G46: ขาว | H46: ด้าน | I46: 70 | J46: ± | K46: 5 | L46: ไม่ | M46: 20 | N46: 28 | O46: 50 | P46: 172.69643 | Q46: 0 | R46: 172.69643 | S46: มัด100 | T46: 45978 | U46: 10000 | V46: 0 | W46: 10000 | X46: 0 | Y46: 10500 | Z46: WSWT1925800SM | AA46: 7683.5 | AB46: 7349 | AC46: 334.5 | AD46: 0 | AE46: 7683.5 | AF46: 8-111-131 | AG46: พร้อมส่ง | AH46: P8 | AI46: 4 | AJ46: 45978 | AK46: 45974 | AL46: 45968 | AM46: 45975 | AN46: 45976 | AO46: 45976 | AP46: 45973 | AQ46: 45977 | AR46: 0 | AS46: 0 | AT46: 0 | AU46: 0 | AV46: 0 | AW46: งานเคลือบ+พิมพ์ | AX46: / | AY46: เย็น17/11 | AZ46: 0 | BA46: 0 | BB46: 0 | BC46: WRWT25800/WRWT25800 | BD46: 22.597333
A47: 0 | B47: 0 | C47: 0 | D47: 0 | E47: 19 | F47: 30 | G47: 0 | H47: 0 | I47: 56 | J47: ± | K47: 5 | L47: 0 | M47: 0 | N47: 0 | O47: 0 | P47: 0 | Q47: 0 | R47: 0 | S47: 0 | U47: 0 | W47: 0 | X47: 0 | Y47: 0 | Z47: WSWT1925800SM | AA47: 15367 | AB47: 15032.5 | AC47: 334.5 | AD47: 2971 | AE47: 12396 | AF47: ระบุในSD | AG47: พร้อมส่ง | AH47: 0 | AI47: Lead time | AJ47: 0 | AK47: 0 | AL47: 0 | AM47: 0 | AN47: 0 | AO47: 0 | AP47: 0 | AQ47: 0 | AR47: 0 | AS47: 0 | AT47: 0 | AU47: 0 | AV47: 0 | AW47: 0 | AX47: 0 | AY47: 0 | AZ47: 0 | BA47: 0 | BB47: 0 | BC47: WRWT190800/WRWT25800 | BD47: 0
A48: 45905 | B48: MK68-001080 | C48: บจก.อินเทคค์ โกลบอล | D48: เพอเฟคค์104 โกลด์ | E48: 19 | F48: 34 | G48: ขาว | H48: ด้าน | I48: 100 | J48: ± | K48: 5 | L48: จับจีบ4" | M48: ไม่สวมถุงใน | N48: 0 | O48: 0 | P48: 0 | Q48: 0 | R48: 0 | S48: มัด80 ใช้สายรัด | T48: รอแจ้ง | U48: 109 | V48: 0 | W48: 109 | X48: 6124 | Y48: 0 | Z48: WSWT19251000SM | AA48: 0 | AB48: 0 | AC48: 0 | AD48: 0 | AE48: 0 | AF48: 0 | AG48: พร้อมส่ง | AH48: P6 | AI48: 4 | AJ48: รอแจ้ง | AK48: #VALUE! | AL48: #VALUE! | AM48: #VALUE! | AN48: #VALUE! | AO48: #VALUE! | AP48: #VALUE! | AQ48: 0 | AR48: 0 | AS48: 0 | AT48: 0 | AU48: 0 | AV48: 0 | AW48: งานเคลือบ+พิมพ์ | AX48: / | AY48: 0 | AZ48: 0 | BA48: 0 | BB48: 0 | BC48: WRWT251000/WRWT251000 | BD48: 0
A49: 0 | B49: 0 | C49: 0 | D49: 0 | E49: 19 | F49: 34 | G49: ขาว | H49: 0 | I49: 80 | J49: ± | K49: 5 | L49: 0 | M49: 0 | N49: 0 | O49: 0 | P49: 0 | Q49: 0 | R49: 0 | S49: 0 | U49: 0 | V49: 0 | W49: 0 | X49: 0 | Y49: 0 | Z49: WSWT19251000SM | AA49: 0 | AB49: 0 | AC49: 0 | AD49: 0 | AE49: 0 | AF49: ระบุในSD | AG49: ยังไม่ได้พิมพ์ | AH49: 0 | AI49: Lead time | AJ49: 0 | AK49: 0 | AL49: 0 | AM49: 0 | AN49: 0 | AO49: 0 | AP49: 0 | AQ49: 0 | AR49: 0 | AS49: 0 | AT49: 0 | AU49: 0 | AV49: 0 | AW49: 0 | AX49: 0 | AY49: 0 | AZ49: 0 | BA49: 0 | BB49: 0 | BC49: WRWT251000/WRYL251000 | BD49: 0
A50: 45951 | B50: MK68-001257 | C50: บจก.อินเทคค์ โกลบอล | D50: เพอเฟคค์ 913 | E50: 20 | F50: 36 | G50: ขาว | H50: ด้าน | I50: 100 | J50: ± | K50: 5 | L50: จับจีบ4" | M50: ไม่สวมถุงใน | N50: 0 | O50: 0 | P50: 0 | Q50: 0 | R50: 0 | S50: มัด80 ใช้สายรัด | T50: รอแจ้ง | U50: 2880 | V50: 0 | W50: 2880 | X50: 0 | Y50: 3024 | Z50: WSWT2025800SM | AA50: 3017.52 | AB50: 3017.52 | AC50: 0 | AD50: 3017.52 | AE50: 0 | AF50: รอเก็บ | AG50: พร้อมส่ง | AH50: P6 | AI50: 4 | AJ50: รอแจ้ง | AK50: #VALUE! | AL50: #VALUE! | AM50: #VALUE! | AN50: #VALUE! | AO50: #VALUE! | AP50: #VALUE! | AQ50: 0 | AR50: 0 | AS50: 0 | AT50: 0 | AU50: 0 | AV50: 0 | AW50: งานเคลือบ+พิมพ์ | AX50: / | AY50: 3/11,10000 10/11,10000 17/11 ,10000 | AZ50: 0 | BA50: 0 | BB50: 0 | BC50: WRWT25850/WRWT25850 | BD50: 0
A51: 45951 | B51: MK68-001256 | C51: บจก.อินเทคค์ โกลบอล | D51: เพอเฟคค์ 912 | E51: 20 | F51: 36 | G51: ขาว | H51: ด้าน | I51: 100 | J51: ± | K51: 5 | L51: จับจีบ4" | M51: ไม่สวมถุงใน | N51: 0 | O51: 0 | P51: 0 | Q51: 0 | R51: 0 | S51: มัด80 ใช้สายรัด | T51: รอแจ้ง | U51: 535 | V51: 0 | W51: 535 | X51: 11205 | Y51: 0 | Z51: WSWT2025800SM | AA51: 0 | AB51: 0 | AC51: 0 | AD51: 0 | AE51: 0 | AF51: บล๊อกแตกเนื่องจากโดนมีดพนักงาน | AG51: พร้อมส่ง | AH51: P6 | AI51: 4 | AJ51: รอแจ้ง | AK51: #VALUE! | AL51: #VALUE! | AM51: #VALUE! | AN51: #VALUE! | AO51: #VALUE! | AP51: #VALUE! | AQ51: 0 | AR51: 0 | AS51: 0 | AT51: 0 | AU51: 0 | AV51: 0 | AW51: งานเคลือบ+พิมพ์ | AX51: / | AY51: 0 | AZ51: 0 | BA51: 0 | BB51: 0 | BC51: WRWT25850/WRWT25850 | BD51: 0
A52: 45916 | B52: MK68-001119 | C52: บจก.ซันฟีด | D52: 007 | E52: 20 | F52: 38 | G52: ขาว | H52: ด้าน | I52: 100 | J52: + | K52: 0 | L52: ไม่ | M52: ไม่สวมถุงใน | N52: 0 | O52: 0 | P52: 0 | Q52: 0 | R52: 0 | S52: 300กระสอบแบนเต็มใบ | T52: 45975 | U52: 2500 | V52: 2500 | W52: 0 | X52: 2543 | Y52: 0 | Z52: WSWT2025800SM | AA52: 0 | AB52: 0 | AC52: 0 | AD52: 0 | AE52: 0 | AF52: 0 | AG52: ยังไม่ได้พิมพ์ | AH52: P6 | AI52: 4 | AJ52: 45975 | AK52: 45971 | AL52: 45964 | AM52: 45972 | AN52: 45973 | AO52: 45974 | AP52: 45970 | AQ52: 0 | AR52: 0 | AS52: 0 | AT52: 0 | AU52: 0 | AV52: 0 | AW52: งานเคลือบ+พิมพ์ | AX52: / | AY52: 0 | AZ52: 0 | BA52: 0 | BB52: 0 | BC52: WRWT25850/WRWT25850 | BD52: 0
A53: 45916 | B53: MK68-001119 | C53: บจก.ซันฟีด | D53: ขุนศึกเบอร์ 1 | E53: 20 | F53: 38 | G53: ขาว | H53: ด้าน | I53: 100 | J53: + | K53: 0 | L53: บิด | M53: ไม่สวมถุงใน | N53: 0 | O53: 0 | P53: 0 | Q53: 0 | R53: 0 | S53: 300กระสอบแบนเต็มใบ | T53: 45971 | U53: 2500 | V53: 2500 | W53: 0 | X53: 5100 | Y53: 0 | Z53: WSWT2025800SM | AA53: 0 | AB53: 0 | AC53: 0 | AD53: 0 | AE53: 0 | AF53: 0 | AG53: พร้อมส่ง | AH53: P6 | AI53: 4 | AJ53: 45971 | AK53: 45967 | AL53: 45960 | AM53: 45968 | AN53: 45969 | AO53: 45970 | AP53: 45966 | AQ53: 0 | AR53: 0 | AS53: 0 | AT53: 0 | AU53: 0 | AV53: 0 | AW53: งานเคลือบ+พิมพ์ | AX53: / | AY53: 0 | AZ53: 0 | BA53: 0 | BB53: 0 | BC53: WRWT25850/WRWT25850 | BD53: 0
A54: 45916 | B54: MK68-001119 | C54: บจก.ซันฟีด | D54: 953 | E54: 20 | F54: 38 | G54: ขาว | H54: ด้าน | I54: 100 | J54: + | K54: 0 | L54: ไม่ | M54: ไม่สวมถุงใน | N54: 0 | O54: 0 | P54: 0 | Q54: 0 | R54: 0 | S54: 300กระสอบแบนเต็มใบ | T54: 45972 | U54: 5000 | V54: 4489 | W54: 511 | X54: 5000 | Y54: 0 | Z54: WSWT2025800SM | AA54: 0 | AB54: 0 | AC54: 0 | AD54: 0 | AE54: 0 | AF54: 0 | AG54: พร้อมส่ง | AH54: P6 | AI54: 4 | AJ54: 45972 | AK54: 45968 | AL54: 45961 | AM54: 45969 | AN54: 45970 | AO54: 45971 | AP54: 45967 | AQ54: 0 | AR54: 0 | AS54: 0 | AT54: 0 | AU54: 0 | AV54: 0 | AW54: งานเคลือบ+พิมพ์ | AX54: / | AY54: 0 | AZ54: 0 | BA54: 0 | BB54: 0 | BC54: WRWT25850/WRWT25850 | BD54: 0
A55: 45916 | B55: MK68-001119 | C55: บจก.ซันฟีด | D55: 964 | E55: 20 | F55: 39 | G55: ขาว | H55: ด้าน | I55: 102 | J55: + | K55: 0 | L55: บิด | M55: ไม่สวมถุงใน | N55: 0 | O55: 0 | P55: 0 | Q55: 0 | R55: 0 | S55: 300กระสอบแบนเต็มใบ | T55: 45972 | U55: 3500 | V55: 0 | W55: 3500 | X55: 0 | Y55: 3675 | Z55: WSWT2025800SM | AA55: 3960.495 | AB55: 3960.495 | AC55: 0 | AD55: 3960.495 | AE55: 0 | AF55: 0 | AG55: รอตัด | AH55: P6 | AI55: 4 | AJ55: 45972 | AK55: 45968 | AL55: 45961 | AM55: 45969 | AN55: 45970 | AO55: 45971 | AP55: 45967 | AQ55: 0 | AR55: 0 | AS55: 0 | AT55: 0 | AU55: 0 | AV55: 0 | AW55: งานเคลือบ+พิมพ์ | AX55: / | AY55: 0 | AZ55: 0 | BA55: 0 | BB55: 0 | BC55: WRWT25850/WRWT25850 | BD55: 0
A56: 45916 | B56: MK68-001119 | C56: บจก.ซันฟีด | D56: ขุนศึกเบอร์ 2 | E56: 20 | F56: 38 | G56: ขาว | H56: ด้าน | I56: 100 | J56: + | K56: 0 | L56: บิด | M56: ไม่สวมถุงใน | N56: 0 | O56: 0 | P56: 0 | Q56: 0 | R56: 0 | S56: 300กระสอบแบนเต็มใบ | T56: 45972 | U56: 5000 | V56: 5000 | W56: 0 | X56: 5363 | Y56: 0 | Z56: WSWT2025800SM | AA56: 0 | AB56: 0 | AC56: 0 | AD56: 0 | AE56: 0 | AF56: 0 | AG56: พร้อมส่ง | AH56: P6 | AI56: 4 | AJ56: 45972 | AK56: 45968 | AL56: 45961 | AM56: 45969 | AN56: 45970 | AO56: 45971 | AP56: 45967 | AQ56: 0 | AR56: 0 | AS56: 0 | AT56: 0 | AU56: 0 | AV56: 0 | AW56: งานเคลือบ+พิมพ์ | AX56: / | AY56: 0 | AZ56: 0 | BA56: 0 | BB56: 0 | BC56: WRWT25850/WRWT25850 | BD56: 0
A57: 45923 | B57: MK68-001158 | C57: บจก.เอสพีเอ็ม อาหารสัตว์ | D57: SW 441 | E57: 20 | F57: 38 | G57: ขาว | H57: ใส | I57: 100 | J57: ± | K57: 5 | L57: บิด | M57: ไม่สวมถุงใน | N57: 0 | O57: 0 | P57: 0 | Q57: 0 | R57: 0 | S57: 500กระสอบแบน | T57: 45972 | U57: 12000 | V57: 12000 | W57: 0 | X57: 12440 | Y57: 0 | Z57: WSWT2025800SM | AA57: 0 | AB57: 0 | AC57: 0 | AD57: 0 | AE57: 0 | AF57: 0 | AG57: พร้อมส่ง | AH57: P6 | AI57: 4 | AJ57: 45972 | AK57: 45968 | AL57: 45961 | AM57: 45969 | AN57: 45970 | AO57: 45971 | AP57: 45967 | AQ57: 0 | AR57: 0 | AS57: 0 | AT57: 0 | AU57: 0 | AV57: 0 | AW57: งานเคลือบ+พิมพ์ | AX57: / | AY57: 0 | AZ57: 0 | BA57: 0 | BB57: 0 | BC57: WRWT25850/WRWT25850 | BD57: 0
A58: 45916 | B58: MK68-001119 | C58: บจก.ซันฟีด | D58: 952 | E58: 20 | F58: 38 | G58: ขาว | H58: ด้าน | I58: 100 | J58: + | K58: 0 | L58: ไม่ | M58: ไม่สวมถุงใน | N58: 0 | O58: 0 | P58: 0 | Q58: 0 | R58: 0 | S58: 300กระสอบแบนเต็มใบ | T58: 45973 | U58: 5000 | V58: 0 | W58: 5000 | X58: 5286 | Y58: 0 | Z58: WSWT2025800SM | AA58: 0 | AB58: 0 | AC58: 0 | AD58: 0 | AE58: 0 | AF58: 0 | AG58: ยังไม่ได้พิมพ์ | AH58: P6 | AI58: 4 | AJ58: 45973 | AK58: 45969 | AL58: 45962 | AM58: 45970 | AN58: 45971 | AO58: 45972 | AP58: 45968 | AQ58: 0 | AR58: 0 | AS58: 0 | AT58: 0 | AU58: 0 | AV58: 0 | AW58: งานเคลือบ+พิมพ์ | AX58: / | AY58: 0 | AZ58: 0 | BA58: 0 | BB58: 0 | BC58: WRWT25850/WRWT25850 | BD58: 0
A59: 45916 | B59: MK68-001119 | C59: บจก.ซันฟีด | D59: 007 | E59: 20 | F59: 38 | G59: ขาว | H59: ด้าน | I59: 100 | J59: + | K59: 0 | L59: ไม่ | M59: ไม่สวมถุงใน | N59: 0 | O59: 0 | P59: 0 | Q59: 0 | R59: 0 | S59: 300กระสอบแบนเต็มใบ | T59: 45979 | U59: 2500 | V59: 2500 | W59: 0 | X59: 2543 | Y59: 0 | Z59: WSWT2025800SM | AA59: 0 | AB59: 0 | AC59: 0 | AD59: 0 | AE59: 0 | AF59: 0 | AG59: ยังไม่ได้พิมพ์ | AH59: P6 | AI59: 4 | AJ59: 45979 | AK59: 45975 | AL59: 45968 | AM59: 45976 | AN59: 45977 | AO59: 45978 | AP59: 45974 | AQ59: 0 | AR59: 0 | AS59: 0 | AT59: 0 | AU59: 0 | AV59: 0 | AW59: งานเคลือบ+พิมพ์ | AX59: / | AY59: 0 | AZ59: 0 | BA59: 0 | BB59: 0 | BC59: WRWT25850/WRWT25850 | BD59: 0
A60: 45896 | B60: MK68-001040 | C60: บจก.เอสพีเอ็ม อาหารสัตว์ | D60: ฟิล กู๊ด พี4 | E60: 20 | F60: 38 | G60: ขาว | H60: ใส | I60: 100 | J60: ± | K60: 5 | L60: บิด | M60: ไม่สวมถุงใน | N60: 0 | O60: 0 | P60: 0 | Q60: 0 | R60: 0 | S60: 500กระสอบแบน | T60: 45975 | U60: 3000 | V60: 3194 | W60: 0 | X60: 8100 | Y60: 0 | Z60: WSWT2025800SM | AA60: 0 | AB60: 0 | AC60: 0 | AD60: 0 | AE60: 0 | AF60: 0 | AG60: ยังไม่ได้พิมพ์ | AH60: P6 | AI60: 5 | AJ60: 45975 | AK60: 45970 | AL60: 45963 | AM60: 45971 | AN60: 45972 | AO60: 45973 | AP60: 45970 | AQ60: 0 | AR60: 0 | AS60: 0 | AT60: 0 | AU60: 0 | AV60: 0 | AW60: งานเคลือบ+พิมพ์ | AX60: / | AY60: 0 | AZ60: 0 | BA60: 0 | BB60: 0 | BC60: WRWT25850/WRWT25850 | BD60: 0
A61: 45964 | B61: MK68-001317 | C61: บจก.วีซีเอฟ | D61: VC 105 | E61: 20 | F61: 38 | G61: ขาว | H61: ใส | I61: 100 | J61: ± | K61: 5 | L61: บิด | M61: ไม่สวมถุงใน | N61: 0 | O61: 0 | P61: 0 | Q61: 0 | R61: 0 | S61: 500กระสอบแบน | T61: 45975 | U61: 10000 | V61: 0 | W61: 10000 | X61: 0 | Y61: 10500 | Z61: WSWT2025800SM | AA61: 11036.3 | AB61: 11036.3 | AC61: 0 | AD61: 11036.3 | AE61: 0 | AF61: 0 | AG61: พร้อมส่ง | AH61: P6 | AI61: 5 | AJ61: 45975 | AK61: 45970 | AL61: 45963 | AM61: 45971 | AN61: 45972 | AO61: 45973 | AP61: 45970 | AQ61: 0 | AR61: 0 | AS61: 0 | AT61: 0 | AU61: 0 | AV61: 0 | AW61: งานเคลือบ+พิมพ์ | AX61: / | AY61: 0 | AZ61: 0 | BA61: 0 | BB61: 0 | BC61: WRWT25850/WRWT25850 | BD61: 0
A62: 45964 | B62: MK68-001317 | C62: บจก.วีซีเอฟ | D62: VC 108 | E62: 20 | F62: 38 | G62: ขาว | H62: ใส | I62: 100 | J62: ± | K62: 5 | L62: บิด | M62: ไม่สวมถุงใน | N62: 0 | O62: 0 | P62: 0 | Q62: 0 | R62: 0 | S62: 500กระสอบแบน | T62: 45975 | U62: 10000 | V62: 0 | W62: 10000 | X62: 0 | Y62: 10500 | Z62: WSWT2025800SM | AA62: 11036.3 | AB62: 11036.3 | AC62: 0 | AD62: 11036.3 | AE62: 0 | AF62: 0 | AG62: รอตัด | AH62: P6 | AI62: 5 | AJ62: 45975 | AK62: 45970 | AL62: 45963 | AM62: 45971 | AN62: 45972 | AO62: 45973 | AP62: 45970 | AQ62: 0 | AR62: 0 | AS62: 0 | AT62: 0 | AU62: 0 | AV62: 0 | AW62: งานเคลือบ+พิมพ์ | AX62: / | AY62: 0 | AZ62: 0 | BA62: 0 | BB62: 0 | BC62: WRWT25850/WRWT25850 | BD62: 0
A63: 45958 | B63: MK68-001296 | C63: บจก.เอสพีเอ็ม อาหารสัตว์ | D63: NOVA S2 | E63: 20 | F63: 38 | G63: ขาว | H63: ด้าน | I63: 100 | J63: ± | K63: 5 | L63: บิด | M63: ไม่สวมถุงใน | N63: 0 | O63: 0 | P63: 0 | Q63: 0 | R63: 0 | S63: 500กระสอบแบน | T63: 45977 | U63: 3000 | V63: 0 | W63: 3000 | X63: 0 | Y63: 3150 | Z63: WSWT2025800SM | AA63: 3310.89 | AB63: 3310.89 | AC63: 0 | AD63: 3310.89 | AE63: 0 | AF63: 0 | AG63: ยังไม่ได้พิมพ์ | AH63: P6 | AI63: 4 | AJ63: 45977 | AK63: 45973 | AL63: 45966 | AM63: 45974 | AN63: 45975 | AO63: 45976 | AP63: 45972 | AQ63: 0 | AR63: 0 | AS63: 0 | AT63: 0 | AU63: 0 | AV63: 0 | AW63: งานเคลือบ+พิมพ์ | AX63: / | AY63: 0 | AZ63: 0 | BA63: 0 | BB63: 0 | BC63: WRWT25850/WRWT25850 | BD63: 0
A64: 45916 | B64: MK68-001119 | C64: บจก.ซันฟีด | D64: ขุนศึกเบอร์ 1 | E64: 20 | F64: 38 | G64: ขาว | H64: ด้าน | I64: 100 | J64: + | K64: 0 | L64: บิด | M64: ไม่สวมถุงใน | N64: 0 | O64: 0 | P64: 0 | Q64: 0 | R64: 0 | S64: 300กระสอบแบนเต็มใบ | T64: 45978 | U64: 5000 | V64: 5000 | W64: 0 | X64: 6000 | Y64: 0 | Z64: WSWT2025800SM | AA64: 0 | AB64: 0 | AC64: 0 | AD64: 0 | AE64: 0 | AF64: 0 | AG64: ยังไม่ได้พิมพ์ | AH64: P6 | AI64: 4 | AJ64: 45978 | AK64: 45974 | AL64: 45967 | AM64: 45975 | AN64: 45976 | AO64: 45977 | AP64: 45973 | AQ64: 0 | AR64: 0 | AS64: 0 | AT64: 0 | AU64: 0 | AV64: 0 | AW64: งานเคลือบ+พิมพ์ | AX64: / | AY64: 0 | AZ64: 0 | BA64: 0 | BB64: 0 | BC64: WRWT25850/WRWT25850 | BD64: 0
A65: 45916 | B65: MK68-001119 | C65: บจก.ซันฟีด | D65: 952 | E65: 20 | F65: 38 | G65: ขาว | H65: ด้าน | I65: 100 | J65: + | K65: 0 | L65: ไม่ | M65: ไม่สวมถุงใน | N65: 0 | O65: 0 | P65: 0 | Q65: 0 | R65: 0 | S65: 300กระสอบแบนเต็มใบ | T65: 45978 | U65: 5000 | V65: 0 | W65: 5000 | X65: 5286 | Y65: 0 | Z65: WSWT2025800SM | AA65: 0 | AB65: 0 | AC65: 0 | AD65: 0 | AE65: 0 | AF65: 0 | AG65: รอตัด | AH65: P6 | AI65: 4 | AJ65: 45978 | AK65: 45974 | AL65: 45967 | AM65: 45975 | AN65: 45976 | AO65: 45977 | AP65: 45973 | AQ65: 0 | AR65: 0 | AS65: 0 | AT65: 0 | AU65: 0 | AV65: 0 | AW65: งานเคลือบ+พิมพ์ | AX65: / | AY65: 0 | AZ65: 0 | BA65: 0 | BB65: 0 | BC65: WRWT25850/WRWT25850 | BD65: 0
A66: 45948 | B66: MK68-001249 | C66: บจก.เอพีเอ็ม อะโกร | D66: U-FEED U4(เอส) | E66: 20 | F66: 38 | G66: ขาว | H66: ใส | I66: 100 | J66: ± | K66: 5 | L66: บิด | M66: ไม่สวมถุงใน | N66: 0 | O66: 0 | P66: 0 | Q66: 0 | R66: 0 | S66: 500กระสอบแบน | T66: 45978 | U66: 6000 | V66: 0 | W66: 6000 | X66: 0 | Y66: 6300 | Z66: WSWT2025800SM | AA66: 6621.78 | AB66: 6621.78 | AC66: 0 | AD66: 6621.78 | AE66: 0 | AF66: 0 | AG66: ยังไม่ได้พิมพ์ | AH66: P6 | AI66: 4 | AJ66: 45978 | AK66: 45974 | AL66: 45967 | AM66: 45975 | AN66: 45976 | AO66: 45977 | AP66: 45973 | AQ66: 0 | AR66: 0 | AS66: 0 | AT66: 0 | AU66: 0 | AV66: 0 | AW66: งานเคลือบ+พิมพ์ | AX66: / | AY66: 0 | AZ66: 0 | BA66: 0 | BB66: 0 | BC66: WRWT25850/WRWT25850 | BD66: 0
A67: 45933 | B67: MK68-001204 | C67: บจก.เอพีเอ็ม อะโกร | D67: นีโอ พี3 | E67: 20 | F67: 38 | G67: ขาว | H67: ใส | I67: 100 | J67: ± | K67: 5 | L67: บิด | M67: ไม่สวมถุงใน | N67: 0 | O67: 0 | P67: 0 | Q67: 0 | R67: 0 | S67: 500กระสอบแบน | T67: 45978 | U67: 3000 | V67: 0 | W67: 3000 | X67: 0 | Y67: 3150 | Z67: WSWT2025800SM | AA67: 3310.89 | AB67: 3310.89 | AC67: 0 | AD67: 3310.89 | AE67: 0 | AF67: 0 | AG67: พร้อมส่ง | AH67: P6 | AI67: 4 | AJ67: 45978 | AK67: 45974 | AL67: 45967 | AM67: 45975 | AN67: 45976 | AO67: 45977 | AP67: 45973 | AQ67: 0 | AR67: 0 | AS67: 0 | AT67: 0 | AU67: 0 | AV67: 0 | AW67: งานเคลือบ+พิมพ์ | AX67: / | AY67: 0 | AZ67: 0 | BA67: 0 | BB67: 0 | BC67: WRWT25850/WRWT25850 | BD67: 0
A68: 45916 | B68: MK68-001119 | C68: บจก.ซันฟีด | D68: 953 | E68: 20 | F68: 38 | G68: ขาว | H68: ด้าน | I68: 100 | J68: + | K68: 0 | L68: ไม่ | M68: ไม่สวมถุงใน | N68: 0 | O68: 0 | P68: 0 | Q68: 0 | R68: 0 | S68: 300กระสอบแบนเต็มใบ | T68: 45979 | U68: 5000 | V68: 0 | W68: 5000 | X68: 5333 | Y68: 0 | Z68: WSWT2025800SM | AA68: 0 | AB68: 0 | AC68: 0 | AD68: 0 | AE68: 0 | AF68: 0 | AG68: รอตัด | AH68: P6 | AI68: 4 | AJ68: 45979 | AK68: 45975 | AL68: 45968 | AM68: 45976 | AN68: 45977 | AO68: 45978 | AP68: 45974 | AQ68: 0 | AR68: 0 | AS68: 0 | AT68: 0 | AU68: 0 | AV68: 0 | AW68: งานเคลือบ+พิมพ์ | AX68: / | AY68: 0 | AZ68: 0 | BA68: 0 | BB68: 0 | BC68: WRWT25850/WRWT25850 | BD68: 0
A69: 45958 | B69: MK68-001293 | C69: บจก.เอสพีเอ็ม อาหารสัตว์ | D69: นีโอ ดีอาร์ 03 | E69: 20 | F69: 38 | G69: ขาว | H69: ด้าน | I69: 100 | J69: ± | K69: 5 | L69: ไม่ | M69: ไม่สวมถุงใน | N69: 0 | O69: 0 | P69: 0 | Q69: 0 | R69: 0 | S69: 500กระสอบแบน | T69: 45979 | U69: 3000 | V69: 0 | W69: 3000 | X69: 0 | Y69: 3150 | Z69: WSWT2025800SM | AA69: 3310.89 | AB69: 3310.89 | AC69: 0 | AD69: 3310.89 | AE69: 0 | AF69: 0 | AG69: รอตัด | AH69: P6 | AI69: 4 | AJ69: 45979 | AK69: 45975 | AL69: 45968 | AM69: 45976 | AN69: 45977 | AO69: 45978 | AP69: 45974 | AQ69: 0 | AR69: 0 | AS69: 0 | AT69: 0 | AU69: 0 | AV69: 0 | AW69: งานเคลือบ+พิมพ์ | AX69: / | AY69: 0 | AZ69: 0 | BA69: 0 | BB69: 0 | BC69: WRWT25850/WRWT25850 | BD69: 0
A70: 45916 | B70: MK68-001119 | C70: บจก.ซันฟีด | D70: 956 | E70: 20 | F70: 38 | G70: ขาว | H70: ด้าน | I70: 100 | J70: + | K70: 0 | L70: ไม่ | M70: ไม่สวมถุงใน | N70: 0 | O70: 0 | P70: 0 | Q70: 0 | R70: 0 | S70: 300กระสอบแบนเต็มใบ | T70: 45979 | U70: 2500 | V70: 1728 | W70: 772 | X70: 2600 | Y70: 0 | Z70: WSWT2025800SM | AA70: 0 | AB70: 0 | AC70: 0 | AD70: 0 | AE70: 0 | AF70: 0 | AG70: ยังไม่ได้พิมพ์ | AH70: P6 | AI70: 4 | AJ70: 45979 | AK70: 45975 | AL70: 45968 | AM70: 45976 | AN70: 45977 | AO70: 45978 | AP70: 45974 | AQ70: 0 | AR70: 0 | AS70: 0 | AT70: 0 | AU70: 0 | AV70: 0 | AW70: งานเคลือบ+พิมพ์ | AX70: / | AY70: 0 | AZ70: 0 | BA70: 0 | BB70: 0 | BC70: WRWT25850/WRWT25850 | BD70: 0
A71: 45916 | B71: MK68-001119 | C71: บจก.ซันฟีด | D71: 953 | E71: 20 | F71: 38 | G71: ขาว | H71: ด้าน | I71: 100 | J71: + | K71: 0 | L71: ไม่ | M71: ไม่สวมถุงใน | N71: 0 | O71: 0 | P71: 0 | Q71: 0 | R71: 0 | S71: 300กระสอบแบนเต็มใบ | T71: 45979 | U71: 5000 | V71: 0 | W71: 5000 | X71: 5333 | Y71: 0 | Z71: WSWT2025800SM | AA71: 0 | AB71: 0 | AC71: 0 | AD71: 0 | AE71: 0 | AF71: 0 | AG71: รอตัด | AH71: P6 | AI71: 4 | AJ71: 45979 | AK71: 45975 | AL71: 45968 | AM71: 45976 | AN71: 45977 | AO71: 45978 | AP71: 45974 | AQ71: 0 | AR71: 0 | AS71: 0 | AT71: 0 | AU71: 0 | AV71: 0 | AW71: งานเคลือบ+พิมพ์ | AX71: / | AY71: 0 | AZ71: 0 | BA71: 0 | BB71: 0 | BC71: WRWT25850/WRWT25850 | BD71: 0
A72: 45916 | B72: MK68-001119 | C72: บจก.ซันฟีด | D72: ขุนศึกเบอร์ 2 | E72: 20 | F72: 38 | G72: ขาว | H72: ด้าน | I72: 100 | J72: + | K72: 0 | L72: บิด | M72: ไม่สวมถุงใน | N72: 0 | O72: 0 | P72: 0 | Q72: 0 | R72: 0 | S72: 300กระสอบแบนเต็มใบ | T72: 45979 | U72: 5000 | V72: 0 | W72: 5000 | X72: 5363 | Y72: 0 | Z72: WSWT2025800SM | AA72: 0 | AB72: 0 | AC72: 0 | AD72: 0 | AE72: 0 | AF72: 0 | AG72: พร้อมส่ง | AH72: P6 | AI72: 4 | AJ72: 45979 | AK72: 45975 | AL72: 45968 | AM72: 45976 | AN72: 45977 | AO72: 45978 | AP72: 45974 | AQ72: 0 | AR72: 0 | AS72: 0 | AT72: 0 | AU72: 0 | AV72: 0 | AW72: งานเคลือบ+พิมพ์ | AX72: / | AY72: 0 | AZ72: 0 | BA72: 0 | BB72: 0 | BC72: WRWT25850/WRWT25850 | BD72: 0
A73: 45964 | B73: MK68-001317 | C73: บจก.วีซีเอฟ | D73: JET 153 | E73: 20 | F73: 38 | G73: ขาว | H73: ใส | I73: 100 | J73: ± | K73: 5 | L73: ไม่ | M73: ไม่สวมถุงใน | N73: 0 | O73: 0 | P73: 0 | Q73: 0 | R73: 0 | S73: 500กระสอบแบน | T73: 45980 | U73: 5000 | V73: 0 | W73: 5000 | X73: 0 | Y73: 5250 | Z73: WSWT2025800SM | AA73: 5518.15 | AB73: 5518.15 | AC73: 0 | AD73: 0 | AE73: 5518.15 | AF73: 0 | AG73: ยังไม่ได้พิมพ์ | AH73: P6 | AI73: 5 | AJ73: 45980 | AK73: 45975 | AL73: 45968 | AM73: 45976 | AN73: 45977 | AO73: 45978 | AP73: 45975 | AQ73: 0 | AR73: 0 | AS73: 0 | AT73: 0 | AU73: 0 | AV73: 0 | AW73: งานเคลือบ+พิมพ์ | AX73: / | AY73: 0 | AZ73: 0 | BA73: 0 | BB73: 0 | BC73: WRWT25850/WRWT25850 | BD73: 0
A74: 45916 | B74: MK68-001119 | C74: บจก.ซันฟีด | D74: 952 | E74: 20 | F74: 38 | G74: ขาว | H74: ด้าน | I74: 100 | J74: + | K74: 0 | L74: ไม่ | M74: ไม่สวมถุงใน | N74: 0 | O74: 0 | P74: 0 | Q74: 0 | R74: 0 | S74: 300กระสอบแบนเต็มใบ | T74: 45981 | U74: 5000 | V74: 0 | W74: 5000 | X74: 5286 | Y74: 0 | Z74: WSWT2025800SM | AA74: 0 | AB74: 0 | AC74: 0 | AD74: 0 | AE74: 0 | AF74: 0 | AG74: ยังไม่ได้พิมพ์ | AH74: P6 | AI74: 4 | AJ74: 45981 | AK74: 45977 | AL74: 45970 | AM74: 45978 | AN74: 45979 | AO74: 45980 | AP74: 45976 | AQ74: 0 | AR74: 0 | AS74: 0 | AT74: 0 | AU74: 0 | AV74: 0 | AW74: งานเคลือบ+พิมพ์ | AX74: / | AY74: 0 | AZ74: 0 | BA74: 0 | BB74: 0 | BC74: WRWT25850/WRWT25850 | BD74: 0
A75: 45916 | B75: MK68-001119 | C75: บจก.ซันฟีด | D75: ขุนศึกเบอร์ 1 | E75: 20 | F75: 38 | G75: ขาว | H75: ด้าน | I75: 100 | J75: + | K75: 0 | L75: บิด | M75: ไม่สวมถุงใน | N75: 0 | O75: 0 | P75: 0 | Q75: 0 | R75: 0 | S75: 300กระสอบแบนเต็มใบ | T75: 45982 | U75: 5000 | V75: 5000 | W75: 0 | X75: 6000 | Y75: 0 | Z75: WSWT2025800SM | AA75: 0 | AB75: 0 | AC75: 0 | AD75: 0 | AE75: 0 | AF75: 0 | AG75: ยังไม่ได้พิมพ์ | AH75: P6 | AI75: 4 | AJ75: 45982 | AK75: 45978 | AL75: 45971 | AM75: 45979 | AN75: 45980 | AO75: 45981 | AP75: 45977 | AQ75: 0 | AR75: 0 | AS75: 0 | AT75: 0 | AU75: 0 | AV75: 0 | AW75: งานเคลือบ+พิมพ์ | AX75: / | AY75: 0 | AZ75: 0 | BA75: 0 | BB75: 0 | BC75: WRWT25850/WRWT25850 | BD75: 0
A76: 45916 | B76: MK68-001119 | C76: บจก.ซันฟีด | D76: 575 | E76: 20 | F76: 38 | G76: ขาว | H76: ด้าน | I76: 100 | J76: + | K76: 0 | L76: ไม่ | M76: ไม่สวมถุงใน | N76: 0 | O76: 0 | P76: 0 | Q76: 0 | R76: 0 | S76: 300กระสอบแบนเต็มใบ | T76: 45982 | U76: 3500 | V76: 0 | W76: 3500 | X76: 0 | Y76: 3675 | Z76: WSWT2025800SM | AA76: 3862.705 | AB76: 3862.705 | AC76: 0 | AD76: 0 | AE76: 3862.705 | AF76: 0 | AG76: ยังไม่ได้พิมพ์ | AH76: P6 | AI76: 4 | AJ76: 45982 | AK76: 45978 | AL76: 45971 | AM76: 45979 | AN76: 45980 | AO76: 45981 | AP76: 45977 | AQ76: 0 | AR76: 0 | AS76: 0 | AT76: 0 | AU76: 0 | AV76: 0 | AW76: งานเคลือบ+พิมพ์ | AX76: / | AY76: 0 | AZ76: 0 | BA76: 0 | BB76: 0 | BC76: WRWT25850/WRWT25850 | BD76: 0
A77: 45933 | B77: MK68-001202 | C77: บจก.เอพีเอ็ม อะโกร | D77: ยู-ฟีด รวมหมู | E77: 20 | F77: 38 | G77: ขาว | H77: ใส | I77: 100 | J77: ± | K77: 5 | L77: บิด | M77: ไม่สวมถุงใน | N77: 0 | O77: 0 | P77: 0 | Q77: 0 | R77: 0 | S77: 500กระสอบแบน | T77: 45985 | U77: 3000 | V77: 0 | W77: 3000 | X77: 0 | Y77: 3150 | Z77: WSWT2025800SM | AA77: 3310.89 | AB77: 3310.89 | AC77: 0 | AD77: 0 | AE77: 3310.89 | AF77: 0 | AG77: พร้อมส่ง | AH77: P6 | AI77: 4 | AJ77: 45985 | AK77: 45981 | AL77: 45974 | AM77: 45982 | AN77: 45983 | AO77: 45984 | AP77: 45980 | AQ77: 0 | AR77: 0 | AS77: 0 | AT77: 0 | AU77: 0 | AV77: 0 | AW77: งานเคลือบ+พิมพ์ | AX77: / | AY77: 0 | AZ77: 0 | BA77: 0 | BB77: 0 | BC77: WRWT25850/WRWT25850 | BD77: 0
A78: 45896 | B78: MK68-001039 | C78: บจก.เอสพีเอ็ม อาหารสัตว์ | D78: U-GOAT14 | E78: 20 | F78: 38 | G78: ขาว | H78: ใส | I78: 100 | J78: ± | K78: 5 | L78: บิด | M78: ไม่สวมถุงใน | N78: 0 | O78: 0 | P78: 0 | Q78: 0 | R78: 0 | S78: 500กระสอบแบน | T78: 45985 | U78: 3000 | V78: 0 | W78: 3000 | X78: 0 | Y78: 3150 | Z78: WSWT2025800SM | AA78: 3310.89 | AB78: 3310.89 | AC78: 0 | AD78: 0 | AE78: 3310.89 | AF78: 0 | AG78: ยังไม่ได้พิมพ์ | AH78: P6 | AI78: 5 | AJ78: 45985 | AK78: 45980 | AL78: 45973 | AM78: 45981 | AN78: 45982 | AO78: 45983 | AP78: 45980 | AQ78: 0 | AR78: 0 | AS78: 0 | AT78: 0 | AU78: 0 | AV78: 0 | AW78: งานเคลือบ+พิมพ์ | AX78: / | AY78: 0 | AZ78: 0 | BA78: 0 | BB78: 0 | BC78: WRWT25850/WRWT25850 | BD78: 0
A79: 45916 | B79: MK68-001119 | C79: บจก.ซันฟีด | D79: ขุนศึกเบอร์ 1 | E79: 20 | F79: 38 | G79: ขาว | H79: ด้าน | I79: 100 | J79: + | K79: 0 | L79: บิด | M79: ไม่สวมถุงใน | N79: 0 | O79: 0 | P79: 0 | Q79: 0 | R79: 0 | S79: 300กระสอบแบนเต็มใบ | T79: 45986 | U79: 5000 | V79: 0 | W79: 5000 | X79: 0 | Y79: 5250 | Z79: WSWT2025800SM | AA79: 5518.15 | AB79: 5518.15 | AC79: 0 | AD79: 0 | AE79: 5518.15 | AF79: 0 | AG79: รอตัด | AH79: P6 | AI79: 4 | AJ79: 45986 | AK79: 45982 | AL79: 45975 | AM79: 45983 | AN79: 45984 | AO79: 45985 | AP79: 45981 | AQ79: 0 | AR79: 0 | AS79: 0 | AT79: 0 | AU79: 0 | AV79: 0 | AW79: งานเคลือบ+พิมพ์ | AX79: / | AY79: 0 | AZ79: 0 | BA79: 0 | BB79: 0 | BC79: WRWT25850/WRWT25850 | BD79: 0
A80: 45909 | B80: MK68-001093 | C80: บจก.เอสพีเอ็ม อาหารสัตว์ | D80: เอส ฟาร์ม115 | E80: 20 | F80: 38 | G80: ขาว | H80: ด้าน | I80: 100 | J80: ± | K80: 5 | L80: บิด | M80: ไม่สวมถุงใน | N80: 0 | O80: 0 | P80: 0 | Q80: 0 | R80: 0 | S80: 500กระสอบแบน | T80: 45986 | U80: 3179 | V80: 2531 | W80: 648 | X80: 6100 | Y80: 0 | Z80: WSWT2025800SM | AA80: 0 | AB80: 0 | AC80: 0 | AD80: 0 | AE80: 0 | AF80: 0 | AG80: รอตัด | AH80: P6 | AI80: 4 | AJ80: 45986 | AK80: 45982 | AL80: 45975 | AM80: 45983 | AN80: 45984 | AO80: 45985 | AP80: 45981 | AQ80: 0 | AR80: 0 | AS80: 0 | AT80: 0 | AU80: 0 | AV80: 0 | AW80: งานเคลือบ+พิมพ์ | AX80: / | AY80: 0 | AZ80: 0 | BA80: 0 | BB80: 0 | BC80: WRWT25850/WRWT25850 | BD80: 0
A81: 45916 | B81: MK68-001119 | C81: บจก.ซันฟีด | D81: 952 | E81: 20 | F81: 38 | G81: ขาว | H81: ด้าน | I81: 100 | J81: + | K81: 0 | L81: ไม่ | M81: ไม่สวมถุงใน | N81: 0 | O81: 0 | P81: 0 | Q81: 0 | R81: 0 | S81: 300กระสอบแบนเต็มใบ | T81: 45986 | U81: 5000 | V81: 0 | W81: 5000 | X81: 0 | Y81: 5250 | Z81: WSWT2025800SM | AA81: 5518.15 | AB81: 5518.15 | AC81: 0 | AD81: 5518.15 | AE81: 0 | AF81: 0 | AG81: ยังไม่ได้พิมพ์ | AH81: P6 | AI81: 4 | AJ81: 45986 | AK81: 45982 | AL81: 45975 | AM81: 45983 | AN81: 45984 | AO81: 45985 | AP81: 45981 | AQ81: 0 | AR81: 0 | AS81: 0 | AT81: 0 | AU81: 0 | AV81: 0 | AW81: งานเคลือบ+พิมพ์ | AX81: / | AY81: 0 | AZ81: 0 | BA81: 0 | BB81: 0 | BC81: WRWT25850/WRWT25850 | BD81: 0
A82: 45916 | B82: MK68-001119 | C82: บจก.ซันฟีด | D82: ขุนศึกเบอร์ 2 | E82: 20 | F82: 38 | G82: ขาว | H82: ด้าน | I82: 100 | J82: + | K82: 0 | L82: บิด | M82: ไม่สวมถุงใน | N82: 0 | O82: 0 | P82: 0 | Q82: 0 | R82: 0 | S82: 300กระสอบแบนเต็มใบ | T82: 45986 | U82: 5000 | V82: 0 | W82: 5000 | X82: 5363 | Y82: 0 | Z82: WSWT2025800SM | AA82: 0 | AB82: 0 | AC82: 0 | AD82: 0 | AE82: 0 | AF82: 0 | AG82: พร้อมส่ง | AH82: P6 | AI82: 4 | AJ82: 45986 | AK82: 45982 | AL82: 45975 | AM82: 45983 | AN82: 45984 | AO82: 45985 | AP82: 45981 | AQ82: 0 | AR82: 0 | AS82: 0 | AT82: 0 | AU82: 0 | AV82: 0 | AW82: งานเคลือบ+พิมพ์ | AX82: / | AY82: 0 | AZ82: 0 | BA82: 0 | BB82: 0 | BC82: WRWT25850/WRWT25850 | BD82: 0
A83: 45916 | B83: MK68-001119 | C83: บจก.ซันฟีด | D83: 953 | E83: 20 | F83: 38 | G83: ขาว | H83: ด้าน | I83: 100 | J83: + | K83: 0 | L83: ไม่ | M83: ไม่สวมถุงใน | N83: 0 | O83: 0 | P83: 0 | Q83: 0 | R83: 0 | S83: 300กระสอบแบนเต็มใบ | T83: 45987 | U83: 5000 | V83: 0 | W83: 5000 | X83: 5333 | Y83: 0 | Z83: WSWT2025800SM | AA83: 0 | AB83: 0 | AC83: 0 | AD83: 0 | AE83: 0 | AF83: 0 | AG83: ยังไม่ได้พิมพ์ | AH83: P6 | AI83: 4 | AJ83: 45987 | AK83: 45983 | AL83: 45976 | AM83: 45984 | AN83: 45985 | AO83: 45986 | AP83: 45982 | AQ83: 0 | AR83: 0 | AS83: 0 | AT83: 0 | AU83: 0 | AV83: 0 | AW83: งานเคลือบ+พิมพ์ | AX83: / | AY83: 0 | AZ83: 0 | BA83: 0 | BB83: 0 | BC83: WRWT25850/WRWT25850 | BD83: 0
A84: 45933 | B84: MK68-001203 | C84: บจก.เอพีเอ็ม อะโกร | D84: SPM190 GOAL | E84: 20 | F84: 38 | G84: ขาว | H84: ใส | I84: 100 | J84: ± | K84: 5 | L84: บิด | M84: ไม่สวมถุงใน | N84: 0 | O84: 0 | P84: 0 | Q84: 0 | R84: 0 | S84: 500กระสอบแบน | T84: 45987 | U84: 4000 | V84: 0 | W84: 4000 | X84: 0 | Y84: 4200 | Z84: WSWT2025800SM | AA84: 4414.52 | AB84: 4414.52 | AC84: 0 | AD84: 0 | AE84: 4414.52 | AF84: 0 | AG84: รอตัด | AH84: P6 | AI84: 4 | AJ84: 45987 | AK84: 45983 | AL84: 45976 | AM84: 45984 | AN84: 45985 | AO84: 45986 | AP84: 45982 | AQ84: 0 | AR84: 0 | AS84: 0 | AT84: 0 | AU84: 0 | AV84: 0 | AW84: งานเคลือบ+พิมพ์ | AX84: / | AY84: 0 | AZ84: 0 | BA84: 0 | BB84: 0 | BC84: WRWT25850/WRWT25850 | BD84: 0
A85: 45891 | B85: MK68-001033 | C85: บจก.เอสพีเอ็ม อาหารสัตว์ | D85: นาโน 03 | E85: 20 | F85: 38 | G85: ขาว | H85: ด้าน | I85: 100 | J85: ± | K85: 5 | L85: บิด | M85: ไม่สวมถุงใน | N85: 0 | O85: 0 | P85: 0 | Q85: 0 | R85: 0 | S85: 500กระสอบแบน | T85: 45988 | U85: 3000 | V85: 3000 | W85: 0 | X85: 9150 | Y85: 0 | Z85: WSWT2025800SM | AA85: 0 | AB85: 0 | AC85: 0 | AD85: 0 | AE85: 0 | AF85: 0 | AG85: ยังไม่ได้พิมพ์ | AH85: P6 | AI85: 5 | AJ85: 45988 | AK85: 45983 | AL85: 45976 | AM85: 45984 | AN85: 45985 | AO85: 45986 | AP85: 45983 | AQ85: 0 | AR85: 0 | AS85: 0 | AT85: 0 | AU85: 0 | AV85: 0 | AW85: งานเคลือบ+พิมพ์ | AX85: / | AY85: 8447 | AZ85: 0 | BA85: 0 | BB85: 0 | BC85: WRWT25850/WRWT25850 | BD85: 0
A86: 45941 | B86: MK68-001226 | C86: บจก.เอพีเอ็ม อะโกร | D86: APM 914 | E86: 20 | F86: 38 | G86: ขาว | H86: ใส | I86: 100 | J86: ± | K86: 5 | L86: บิด | M86: ไม่สวมถุงใน | N86: 0 | O86: 0 | P86: 0 | Q86: 0 | R86: 0 | S86: 500กระสอบแบน | T86: 45989 | U86: 3000 | V86: 0 | W86: 3000 | X86: 0 | Y86: 3150 | Z86: WSWT2025800SM | AA86: 3310.89 | AB86: 3310.89 | AC86: 0 | AD86: 0 | AE86: 3310.89 | AF86: 0 | AG86: พร้อมส่ง | AH86: P6 | AI86: 4 | AJ86: 45989 | AK86: 45985 | AL86: 45978 | AM86: 45986 | AN86: 45987 | AO86: 45988 | AP86: 45984 | AQ86: 0 | AR86: 0 | AS86: 0 | AT86: 0 | AU86: 0 | AV86: 0 | AW86: งานเคลือบ+พิมพ์ | AX86: / | AY86: 0 | AZ86: 0 | BA86: 0 | BB86: 0 | BC86: WRWT25850/WRWT25850 | BD86: 0
A87: 45916 | B87: MK68-001119 | C87: บจก.ซันฟีด | D87: 956 | E87: 20 | F87: 38 | G87: ขาว | H87: ด้าน | I87: 100 | J87: + | K87: 0 | L87: ไม่ | M87: ไม่สวมถุงใน | N87: 0 | O87: 0 | P87: 0 | Q87: 0 | R87: 0 | S87: 300กระสอบแบนเต็มใบ | T87: 45989 | U87: 2500 | V87: 1671 | W87: 829 | X87: 2600 | Y87: 0 | Z87: WSWT2025800SM | AA87: 0 | AB87: 0 | AC87: 0 | AD87: 0 | AE87: 0 | AF87: 0 | AG87: พร้อมส่ง | AH87: P6 | AI87: 4 | AJ87: 45989 | AK87: 45985 | AL87: 45978 | AM87: 45986 | AN87: 45987 | AO87: 45988 | AP87: 45984 | AQ87: 0 | AR87: 0 | AS87: 0 | AT87: 0 | AU87: 0 | AV87: 0 | AW87: งานเคลือบ+พิมพ์ | AX87: / | AY87: 0 | AZ87: 0 | BA87: 0 | BB87: 0 | BC87: WRWT25850/WRWT25850 | BD87: 0
A88: 45916 | B88: MK68-001119 | C88: บจก.ซันฟีด | D88: 952 | E88: 20 | F88: 38 | G88: ขาว | H88: ด้าน | I88: 100 | J88: + | K88: 0 | L88: ไม่ | M88: ไม่สวมถุงใน | N88: 0 | O88: 0 | P88: 0 | Q88: 0 | R88: 0 | S88: 300กระสอบแบนเต็มใบ | T88: 45989 | U88: 5000 | V88: 0 | W88: 5000 | X88: 0 | Y88: 5250 | Z88: WSWT2025800SM | AA88: 5518.15 | AB88: 5518.15 | AC88: 0 | AD88: 5518.15 | AE88: 0 | AF88: 0 | AG88: ยังไม่ได้พิมพ์ | AH88: P6 | AI88: 4 | AJ88: 45989 | AK88: 45985 | AL88: 45978 | AM88: 45986 | AN88: 45987 | AO88: 45988 | AP88: 45984 | AQ88: 0 | AR88: 0 | AS88: 0 | AT88: 0 | AU88: 0 | AV88: 0 | AW88: งานเคลือบ+พิมพ์ | AX88: / | AY88: 0 | AZ88: 0 | BA88: 0 | BB88: 0 | BC88: WRWT25850/WRWT25850 | BD88: 0
A89: 45916 | B89: MK68-001119 | C89: บจก.ซันฟีด | D89: 007 | E89: 20 | F89: 38 | G89: ขาว | H89: ด้าน | I89: 100 | J89: + | K89: 0 | L89: ไม่ | M89: ไม่สวมถุงใน | N89: 0 | O89: 0 | P89: 0 | Q89: 0 | R89: 0 | S89: 300กระสอบแบนเต็มใบ | T89: 45989 | U89: 2500 | V89: 2181 | W89: 319 | X89: 2543 | Y89: 0 | Z89: WSWT2025800SM | AA89: 0 | AB89: 0 | AC89: 0 | AD89: 0 | AE89: 0 | AF89: 0 | AG89: พร้อมส่ง | AH89: P6 | AI89: 4 | AJ89: 45989 | AK89: 45985 | AL89: 45978 | AM89: 45986 | AN89: 45987 | AO89: 45988 | AP89: 45984 | AQ89: 0 | AR89: 0 | AS89: 0 | AT89: 0 | AU89: 0 | AV89: 0 | AW89: งานเคลือบ+พิมพ์ | AX89: / | AY89: 0 | AZ89: 0 | BA89: 0 | BB89: 0 | BC89: WRWT25850/WRWT25850 | BD89: 0
A90: 45916 | B90: MK68-001119 | C90: บจก.ซันฟีด | D90: 957 | E90: 20 | F90: 38 | G90: ขาว | H90: ด้าน | I90: 100 | J90: + | K90: 0 | L90: ไม่ | M90: ไม่สวมถุงใน | N90: 0 | O90: 0 | P90: 0 | Q90: 0 | R90: 0 | S90: 300กระสอบแบนเต็มใบ | T90: 45989 | U90: 2500 | V90: 2500 | W90: 0 | X90: 2500 | Y90: 0 | Z90: WSWT2025800SM | AA90: 0 | AB90: 0 | AC90: 0 | AD90: 0 | AE90: 0 | AF90: 2000 | AG90: พร้อมส่ง | AH90: P6 | AI90: 4 | AJ90: 45989 | AK90: 45985 | AL90: 45978 | AM90: 45986 | AN90: 45987 | AO90: 45988 | AP90: 45984 | AQ90: 0 | AR90: 0 | AS90: 0 | AT90: 0 | AU90: 0 | AV90: 0 | AW90: งานเคลือบ+พิมพ์ | AX90: / | AY90: 0 | AZ90: 0 | BA90: 0 | BB90: 0 | BC90: WRWT25850/WRWT25850 | BD90: 0
A91: 45958 | B91: MK68-001285 | C91: บจก.เอพีเอ็ม อะโกร | D91: U-FEED U2(เอส) | E91: 20 | F91: 38 | G91: ขาว | H91: ใส | I91: 100 | J91: ± | K91: 5 | L91: บิด | M91: ไม่สวมถุงใน | N91: 0 | O91: 0 | P91: 0 | Q91: 0 | R91: 0 | S91: 500กระสอบแบน | T91: 45989 | U91: 3000 | V91: 0 | W91: 3000 | X91: 0 | Y91: 3150 | Z91: WSWT2025800SM | AA91: 3310.89 | AB91: 3310.89 | AC91: 0 | AD91: 0 | AE91: 3310.89 | AF91: 0 | AG91: พร้อมส่ง | AH91: P6 | AI91: 4 | AJ91: 45989 | AK91: 45985 | AL91: 45978 | AM91: 45986 | AN91: 45987 | AO91: 45988 | AP91: 45984 | AQ91: 0 | AR91: 0 | AS91: 0 | AT91: 0 | AU91: 0 | AV91: 0 | AW91: งานเคลือบ+พิมพ์ | AX91: / | AY91: 0 | AZ91: 0 | BA91: 0 | BB91: 0 | BC91: WRWT25850/WRWT25850 | BD91: 0
A92: 45891 | B92: MK68-001035 | C92: บจก.เอสพีเอ็ม อาหารสัตว์ | D92: นาโน 02 | E92: 20 | F92: 38 | G92: ขาว | H92: ด้าน | I92: 100 | J92: ± | K92: 5 | L92: บิด | M92: ไม่สวมถุงใน | N92: 0 | O92: 0 | P92: 0 | Q92: 0 | R92: 0 | S92: 500กระสอบแบน | T92: 45990 | U92: 3000 | V92: 2500 | W92: 500 | X92: 9455 | Y92: 0 | Z92: WSWT2025800SM | AA92: 0 | AB92: 0 | AC92: 0 | AD92: 0 | AE92: 0 | AF92: 0 | AG92: พร้อมส่ง | AH92: P6 | AI92: 5 | AJ92: 45990 | AK92: 45985 | AL92: 45978 | AM92: 45986 | AN92: 45987 | AO92: 45988 | AP92: 45985 | AQ92: 0 | AR92: 0 | AS92: 0 | AT92: 0 | AU92: 0 | AV92: 0 | AW92: งานเคลือบ+พิมพ์ | AX92: / | AY92: 0 | AZ92: 0 | BA92: 0 | BB92: 0 | BC92: WRWT25850/WRWT25850 | BD92: 0
A93: 45951 | B93: MK68-001256 | C93: บจก.อินเทคค์ โกลบอล | D93: เพอเฟคค์ 914 | E93: 20 | F93: 36 | G93: ขาว | H93: ด้าน | I93: 100 | J93: ± | K93: 5 | L93: จับจีบ4" | M93: ไม่สวมถุงใน | N93: 0 | O93: 0 | P93: 0 | Q93: 0 | R93: 0 | S93: มัด80 ใช้สายรัด | T93: รอแจ้ง | U93: 304 | V93: 0 | W93: 304 | X93: 22300 | Y93: 0 | Z93: WSWT2025800SM | AA93: 0 | AB93: 0 | AC93: 0 | AD93: 0 | AE93: 0 | AF93: รอเก็บ | AG93: รอตัด | AH93: P6 | AI93: 4 | AJ93: รอแจ้ง | AK93: #VALUE! | AL93: #VALUE! | AM93: #VALUE! | AN93: #VALUE! | AO93: #VALUE! | AP93: #VALUE! | AQ93: 0 | AR93: 0 | AS93: 0 | AT93: 0 | AU93: 0 | AV93: 0 | AW93: งานเคลือบ+พิมพ์ | AX93: / | AY93: 3/11 10000 10/11 10000 | AZ93: 0 | BA93: 0 | BB93: 0 | BC93: WRWT25850/WRWT25850 | BD93: 0
A94: 45951 | B94: MK68-001254 | C94: บจก.อินเทคค์ โกลบอล | D94: เฟิร์สช้อย 913 | E94: 20 | F94: 36 | G94: ขาว | H94: ด้าน | I94: 100 | J94: ± | K94: 5 | L94: จับจีบ4" | M94: ไม่สวมถุงใน | N94: 0 | O94: 0 | P94: 0 | Q94: 0 | R94: 0 | S94: มัด80 ใช้สายรัด | T94: รอแจ้ง | U94: 229 | V94: 0 | W94: 229 | X94: 11095 | Y94: 0 | Z94: WSWT2025800SM | AA94: 0 | AB94: 0 | AC94: 0 | AD94: 0 | AE94: 0 | AF94: 0 | AG94: ยังไม่ได้พิมพ์ | AH94: P6 | AI94: 4 | AJ94: รอแจ้ง | AK94: #VALUE! | AL94: #VALUE! | AM94: #VALUE! | AN94: #VALUE! | AO94: #VALUE! | AP94: #VALUE! | AQ94: 0 | AR94: 0 | AS94: 0 | AT94: 0 | AU94: 0 | AV94: 0 | AW94: งานเคลือบ+พิมพ์ | AX94: / | AY94: 0 | AZ94: 0 | BA94: 0 | BB94: 0 | BC94: WRWT25850/WRWT25850 | BD94: 0
A95: 45892 | B95: MK68-001027 | C95: บจก.เอสพีเอ็ม อาหารสัตว์ | D95: นีโอ 05 | E95: 20 | F95: 38 | G95: ขาว | H95: ด้าน | I95: 100 | J95: ± | K95: 5 | L95: ไม่ | M95: ไม่สวมถุงใน | N95: 0 | O95: 0 | P95: 0 | Q95: 0 | R95: 0 | S95: 500กระสอบแบน | T95: รอแจ้ง | U95: 3000 | V95: 3000 | W95: 0 | X95: 6100 | Y95: 0 | Z95: WSWT2025800SM | AA95: 0 | AB95: 0 | AC95: 0 | AD95: 0 | AE95: 0 | AF95: 0 | AG95: พร้อมส่ง | AH95: P6 | AI95: 4 | AJ95: รอแจ้ง | AK95: #VALUE! | AL95: #VALUE! | AM95: #VALUE! | AN95: #VALUE! | AO95: #VALUE! | AP95: #VALUE! | AQ95: 0 | AR95: 0 | AS95: 0 | AT95: 0 | AU95: 0 | AV95: 0 | AW95: งานเคลือบ+พิมพ์ | AX95: / | AY95: 3000 | AZ95: 0 | BA95: 0 | BB95: 0 | BC95: WRWT25850/WRWT25850 | BD95: 0
A96: 45951 | B96: MK68-001254 | C96: บจก.อินเทคค์ โกลบอล | D96: เฟิร์สช้อย 912 | E96: 20 | F96: 36 | G96: ขาว | H96: ด้าน | I96: 100 | J96: ± | K96: 5 | L96: จับจีบ4" | M96: ไม่สวมถุงใน | N96: 0 | O96: 0 | P96: 0 | Q96: 0 | R96: 0 | S96: มัด80 ใช้สายรัด | T96: รอแจ้ง | U96: 886 | V96: 0 | W96: 886 | X96: 21560 | Y96: 0 | Z96: WSWT2025800SM | AA96: 0 | AB96: 0 | AC96: 0 | AD96: 0 | AE96: 0 | AF96: 0 | AG96: ยังไม่ได้พิมพ์ | AH96: P6 | AI96: 4 | AJ96: รอแจ้ง | AK96: #VALUE! | AL96: #VALUE! | AM96: #VALUE! | AN96: #VALUE! | AO96: #VALUE! | AP96: #VALUE! | AQ96: 0 | AR96: 0 | AS96: 0 | AT96: 0 | AU96: 0 | AV96: 0 | AW96: งานเคลือบ+พิมพ์ | AX96: / | AY96: 4/11 10000 10/11 10000 | AZ96: 0 | BA96: 0 | BB96: 0 | BC96: WRWT25850/WRWT25850 | BD96: 0
A97: 45958 | B97: MK68-001295 | C97: บจก.เอสพีเอ็ม อาหารสัตว์ | D97: SPM 312 | E97: 20 | F97: 37 | G97: ขาว | H97: ด้าน | I97: 97 | J97: ± | K97: 5 | L97: บิด | M97: ไม่สวมถุงใน | N97: 0 | O97: 0 | P97: 0 | Q97: 0 | R97: 0 | S97: 500กระสอบแบน | T97: รอแจ้ง | U97: 3000 | V97: 0 | W97: 3000 | X97: 0 | Y97: 3150 | Z97: WSWT2025800SM | AA97: 3227.07 | AB97: 3227.07 | AC97: 0 | AD97: 0 | AE97: 3227.07 | AF97: 0 | AG97: รอแบบ | AH97: P6 | AI97: 4 | AJ97: รอแจ้ง | AK97: #VALUE! | AL97: #VALUE! | AM97: #VALUE! | AN97: #VALUE! | AO97: #VALUE! | AP97: #VALUE! | AQ97: 0 | AR97: 0 | AS97: 0 | AT97: 0 | AU97: 0 | AV97: 0 | AW97: งานเคลือบ+พิมพ์ | AX97: รอART | AY97: 0 | AZ97: 0 | BA97: 0 | BB97: 0 | BC97: WRWT25850/WRWT25850 | BD97: 0
A98: 45891 | B98: MK68-001033 | C98: บจก.เอสพีเอ็ม อาหารสัตว์ | D98: นาโน 03 | E98: 20 | F98: 38 | G98: ขาว | H98: ด้าน | I98: 100 | J98: ± | K98: 5 | L98: บิด | M98: ไม่สวมถุงใน | N98: 0 | O98: 0 | P98: 0 | Q98: 0 | R98: 0 | S98: 500กระสอบแบน | T98: รอแจ้ง | U98: 3000 | V98: 2447 | W98: 553 | X98: 3000 | Y98: 0 | Z98: WSWT2025800SM | AA98: 0 | AB98: 0 | AC98: 0 | AD98: 0 | AE98: 0 | AF98: 0 | AG98: ยังไม่ได้พิมพ์ | AH98: P6 | AI98: 5 | AJ98: รอแจ้ง | AK98: #VALUE! | AL98: #VALUE! | AM98: #VALUE! | AN98: #VALUE! | AO98: #VALUE! | AP98: #VALUE! | AQ98: 0 | AR98: 0 | AS98: 0 | AT98: 0 | AU98: 0 | AV98: 0 | AW98: งานเคลือบ+พิมพ์ | AX98: / | AY98: 8447 | AZ98: 0 | BA98: 0 | BB98: 0 | BC98: WRWT25850/WRWT25850 | BD98: 0
A99: 45969 | B99: ใบรับคำสั่งซื้อ | C99: บจก.อินเทคค์ โกลบอล | D99: เพอเฟคค์ 000 | E99: 20 | F99: 36 | G99: ขาว | H99: ด้าน | I99: 100 | J99: ± | K99: 5 | L99: จับจีบ | M99: ไม่สวมถุงใน | N99: 0 | O99: 0 | P99: 0 | Q99: 0 | R99: 0 | S99: มัด80 ใช้สายรัด | T99: 45981 | U99: 10000 | V99: 0 | W99: 10000 | X99: 0 | Y99: 10500 | Z99: WSWT2025800SM | AA99: 10477.5 | AB99: 10477.5 | AC99: 0 | AD99: 0 | AE99: 10477.5 | AF99: 0 | AG99: รอแบบ | AH99: P6 | AI99: 4 | AJ99: 45981 | AK99: 45977 | AL99: 45970 | AM99: 45978 | AN99: 45979 | AO99: 45980 | AP99: 45976 | AQ99: 0 | AR99: 0 | AS99: 0 | AT99: 0 | AU99: 0 | AV99: 0 | AW99: งานเคลือบ+พิมพ์ | AX99: รอART | AY99: 0 | AZ99: 0 | BA99: 0 | BB99: 0 | BC99: WRWT25850/WRWT25850 | BD99: 0
A100: ประมาณการ | B100: ประมาณการ | C100: บจก.อินเทคค์ โกลบอล | D100: รอแบบ | E100: 20 | F100: 36 | G100: ขาว | H100: ด้าน | I100: 100 | J100: ± | K100: 5 | L100: จับจีบ | M100: ไม่สวมถุงใน | N100: 0 | O100: 0 | P100: 0 | Q100: 0 | R100: 0 | S100: มัด80 ใช้สายรัด | T100: 45991 | U100: 90000 | V100: 0 | W100: 90000 | X100: 0 | Y100: 94500 | Z100: WSWT2025800SM | AA100: 94297.5 | AB100: 12346 | AC100: 81951.5 | AD100: 0 | AE100: 94297.5 | AF100: 0 | AG100: รอแบบ | AH100: P6 | AI100: 4 | AJ100: 45991 | AK100: 45987 | AL100: 45980 | AM100: 45988 | AN100: 45989 | AO100: 45990 | AP100: 45986 | AQ100: 0 | AR100: 0 | AS100: 0 | AT100: 0 | AU100: 0 | AV100: 0 | AW100: งานเคลือบ+พิมพ์ | AX100: รอART | AY100: 0 | AZ100: 0 | BA100: 0 | BB100: 0 | BC100: WRWT25850/WRWT25850 | BD100: 6191.8911
A101: 45933 | B101: MK68-001206 | C101: บจก.เอสพีเอ็ม อาหารสัตว์ | D101: นาโน 06 | E101: 20 | F101: 38 | G101: ขาว | H101: ด้าน | I101: 100 | J101: ± | K101: 5 | L101: บิด | M101: ไม่สวมถุงใน | N101: 0 | O101: 0 | P101: 0 | Q101: 0 | R101: 0 | S101: 500กระสอบแบน | T101: รอแจ้ง | U101: 3000 | V101: 0 | W101: 3000 | X101: 0 | Y101: 3150 | Z101: WSWT2025800SM | AA101: 3310.89 | AB101: 0 | AC101: 3310.89 | AD101: 0 | AE101: 3310.89 | AF101: 0 | AG101: รอแบบ | AH101: P6 | AI101: 4 | AJ101: รอแจ้ง | AK101: #VALUE! | AL101: #VALUE! | AM101: #VALUE! | AN101: #VALUE! | AO101: #VALUE! | AP101: #VALUE! | AQ101: 0 | AR101: 0 | AS101: 0 | AT101: 0 | AU101: 0 | AV101: 0 | AW101: งานเคลือบ+พิมพ์ | AX101: / | AY101: 0 | AZ101: 0 | BA101: 0 | BB101: 0 | BC101: WRWT25850/WRWT25850 | BD101: 250.15613
...

Sheet 7-11-68-rev
B2: เรียงกำหนดส่ง | D2: ลบ 0 | T2: เรียง 1
B3: ข้อมูลUpdate ณ. วันที่ | D3: 45968 | E3: เวลา | G3: 15.47
A4: วันรับออร์เดอร์/แบบ | B4: เลขที่ SO | C4: ชื่อลูกค้า | E4: 10.3 | I4: น้ำหนัก | L4: บิด/จับจีบ | M4: ถุงใน | Q4: 44873 | S4: วิธีบรรจุ | T4: วันส่ง | U4: จำนวนส่ง | V4: ตัดเย็บ (ใบ) | W4: 44873 | X4: พิมพ์ (ใบ) | Y4: 44876 | Z4: ผ้าทอ (เมตร) Updateณ | AB4: 44876 | AD4: ผ้าเคลือบ(เมตร) | AF4: หมายเหตุ | AG4: เครื่อง
B5: เลขที่ SO | C5: ชื่อลูกค้า | D5: ตรา | E5: กว้าง | F5: ยาว | G5: สี | H5: เคลือบ | I5: กรัม/ใบ | J5: * | K5: aw | L5: บิด/จับจีบ | M5: กว้าง | N5: ยาว | O5: หนา | P5: ใช้(กก.) | Q5: Stock(กก.) | R5: ผลิต(กก.) | S5: วิธีบรรจุ | T5: วันส่ง | U5: จำนวนส่ง | V5: StockFG | W5: ค้างตัด | X5: พิมพ์แล้ว | Y5: ค้างพิมพ์ | Z5: ประเภท | AA5: ใช้ | AB5: Stock | AC5: ค้างทอ | AD5: Stock | AE5: ค้างเคลือบ | AF5: หมายเหตุ | AG5: ที่พิมพ์ได้ | AH5: process | AI5: Lead time | AJ5: วันที่ส่งPL | AK5: เคลือบ | AL5: ได้ ART | AM5: พิมพ์ | AN5: จีบ-บิด | AO5: ตัด-เย็บ | AP5: ทอ | AQ5: สวมถุง | AR5: เย็บปาก | AS5: PT | AT5: ม้วน | AU5: ตัด | AV5: ตอกตาไก่ | AW5: GROUP | AX5: ART | AY5: หมายเหตุปัญหา | AZ5: ราคา/ใบ | BA5: ราคารวม | BB5: workweek | BC5: เส้นเทป | BD5: จำนวน
A6: ประมาณการ | B6: ประมาณการ | C6: บจก.เคอรี่ฟลาวมิลล์ | D6: โบว์แดง 10กก | E6: 16 | F6: 25 | G6: ขาว | H6: 0 | I6: 45 | J6: ± | K6: 5 | L6: ไม่ | M6: ไม่สวมถุงใน | N6: 0 | O6: 0 | P6: 0 | Q6: 0 | R6: 0 | S6: ห่ออัดเบลแบน500 | T6: รอแจ้ง | U6: 5000 | V6: 5333 | W6: 0 | X6: 5370 | Y6: 0 | Z6: WSWT1625800 | AA6: 0 | AB6: 0 | AC6: 0 | AD6: 0 | AE6: 0 | AF6: 0 | AG6: ยังไม่ได้พิมพ์ | AH6: P7 | AI6: 2 | AJ6: รอแจ้ง | AK6: 0 | AL6: #VALUE! | AM6: #VALUE! | AN6: #VALUE! | AO6: #VALUE! | AP6: #VALUE! | AQ6: 0 | AR6: 0 | AS6: 0 | AT6: 0 | AU6: 0 | AV6: 0 | AW6: งานพิมพ์ | AX6: / | AY6: รอเก็บลบสีผสม | AZ6: 0 | BA6: 0 | BB6: 0 | BC6: WRWT25800/WRWT25800 | BD6: 0
A7: 0 | B7: 0 | C7: 0 | D7: 0 | E7: 16 | F7: 25 | G7: ขาว | H7: 0 | I7: 45 | J7: ± | K7: 5 | L7: 0 | M7: 0 | N7: 0 | O7: 0 | P7: 0 | Q7: 0 | R7: 0 | S7: 0 | U7: 0 | V7: 0 | W7: 0 | X7: 0 | Y7: 0 | Z7: WSWT1625800 | AA7: 0 | AB7: 0 | AC7: 0 | AD7: 0 | AE7: 0 | AF7: ระบุในSD | AG7: พร้อมส่ง | AH7: 0 | AI7: Lead time | AJ7: 0 | AK7: 0 | AL7: 0 | AM7: 0 | AN7: 0 | AO7: 0 | AP7: 0 | AQ7: 0 | AR7: 0 | AS7: 0 | AT7: 0 | AU7: 0 | AV7: 0 | AW7: 0 | AX7: 0 | AY7: 0 | AZ7: 0 | BA7: 0 | BB7: 0 | BC7: WRWT160800/WRWT25800 | BD7: 0
A8: 0 | B8: ใบรับคำสั่งซื้อ | C8: โรงสีข้าวธัญญาวัฒน์ | D8: LUNG SHIN 12kg | E8: 17 | F8: 26 | G8: ขาว | H8: 0 | I8: 48 | J8: ± | K8: 5 | L8: ไม่ | M8: ไม่สวมถุงใน | N8: 0 | O8: 0 | P8: 0 | Q8: 0 | R8: 0 | S8: 500กระสอบแบน | T8: 45980 | U8: 12100 | V8: 0 | W8: 12100 | X8: 0 | Y8: 12705 | Z8: WSWT1725800 | AA8: 9297.035 | AB8: 0 | AC8: 9297.035 | AD8: 0 | AE8: 0 | AF8: 0 | AG8: พร้อมส่ง | AH8: P7 | AI8: 2 | AJ8: 45980 | AK8: 0 | AL8: 45971 | AM8: 45978 | AN8: 45979 | AO8: 45979 | AP8: 45975 | AQ8: 0 | AR8: 0 | AS8: 0 | AT8: 0 | AU8: 0 | AV8: 0 | AW8: งานพิมพ์ | AX8: รอART | AY8: 0 | AZ8: 0 | BA8: 0 | BB8: 0 | BC8: WRWT25800/WRWT25800 | BD8: 604.10067
A9: 0 | B9: 0 | C9: 0 | D9: 0 | E9: 17 | F9: 26 | G9: 0 | H9: 0 | I9: 48 | J9: ± | K9: 5 | L9: 0 | M9: 0 | N9: 0 | O9: 0 | P9: 0 | Q9: 0 | R9: 0 | S9: 0 | U9: 0 | V9: 0 | W9: 0 | X9: 0 | Y9: 0 | Z9: WSWT1725800 | AA9: 9297.035 | AB9: 0 | AC9: 9297.035 | AD9: 0 | AE9: 0 | AF9: ระบุในSD | AG9: ผ้าขาว | AH9: 0 | AI9: 0 | AJ9: 0 | AK9: 0 | AL9: 0 | AM9: 0 | AN9: 0 | AO9: 0 | AP9: 0 | AQ9: 0 | AR9: 0 | AS9: 0 | AT9: 0 | AU9: 0 | AV9: 0 | AW9: 0 | AX9: 0 | AY9: 0 | AZ9: 0 | BA9: 0 | BB9: 0 | BC9: WRWT170800/WRWT25800 | BD9: 0
A10: 45950 | B10: MK68-001247 | C10: บจก.ฟาเธอร์ส วิง ซัพพลาย | D10: รถไฟฟ้า | E10: 18 | F10: 30 | G10: ขาว | H10: 0 | I10: 54 | J10: ± | K10: 5 | L10: บิด | M10: 19 | N10: 33 | O10: 40 | P10: 0 | Q10: 0 | R10: 0 | S10: 500กระสอบ | T10: 45968 | U10: 5000 | V10: 5000 | W10: 0 | X10: 5400 | Y10: 0 | Z10: WSWT1825800 | AA10: 0 | AB10: 0 | AC10: 0 | AD10: 0 | AE10: 0 | AF10: 0 | AG10: ยังไม่ได้พิมพ์ | AH10: P9 | AI10: 3 | AJ10: 45968 | AK10: 0 | AL10: 45958 | AM10: 45965 | AN10: 45966 | AO10: 45966 | AP10: 45963 | AQ10: 45967 | AR10: 0 | AS10: 0 | AT10: 0 | AU10: 0 | AV10: 0 | AW10: งานพิมพ์ | AX10: / | AY10: รอส่ง ลูกค้ารับเอง | AZ10: 0 | BA10: 0 | BB10: 0 | BC10: WRWT25800/WRWT25800 | BD10: 0
A11: 45950 | B11: MK68-001247 | C11: บจก.ฟาเธอร์ส วิง ซัพพลาย | D11: รถไฟฟ้าปูนขาวเย็น | E11: 18 | F11: 30 | G11: ขาว | H11: 0 | I11: 54 | J11: ± | K11: 5 | L11: บิด | M11: 19 | N11: 33 | O11: 40 | P11: 0 | Q11: 0 | R11: 0 | S11: 500กระสอบ | T11: 45968 | U11: 20000 | V11: 20057 | W11: 0 | X11: 20800 | Y11: 0 | Z11: WSWT1825800 | AA11: 0 | AB11: 0 | AC11: 0 | AD11: 0 | AE11: 0 | AF11: 0 | AG11: พร้อมส่ง | AH11: P9 | AI11: 3 | AJ11: 45968 | AK11: 0 | AL11: 45958 | AM11: 45965 | AN11: 45966 | AO11: 45966 | AP11: 45963 | AQ11: 45967 | AR11: 0 | AS11: 0 | AT11: 0 | AU11: 0 | AV11: 0 | AW11: งานพิมพ์ | AX11: / | AY11: รอส่ง ลูกค้ารับเอง | AZ11: 0 | BA11: 0 | BB11: 0 | BC11: WRWT25800/WRWT25800 | BD11: 0
A12: 45950 | B12: MK68-001247 | C12: บจก.ฟาเธอร์ส วิง ซัพพลาย | D12: ไม่พิมพ์ | E12: 18 | F12: 30 | G12: ขาว | H12: 0 | I12: 54 | J12: ± | K12: 5 | L12: ไม่ | M12: 19 | N12: 33 | O12: 40 | P12: 0 | Q12: 0 | R12: 0 | S12: 500กระสอบ | T12: 45968 | U12: 3000 | V12: 3064 | W12: 0 | X12: 0 | Y12: 0 | Z12: WSWT1825800 | AA12: 0 | AB12: 0 | AC12: 0 | AD12: 0 | AE12: 0 | AF12: 0 | AG12: ยังไม่ได้พิมพ์ | AH12: P9 | AI12: 3 | AJ12: 45968 | AK12: 0 | AL12: 0 | AM12: 0 | AN12: 0 | AO12: 45964 | AP12: 45963 | AQ12: 45965 | AR12: 0 | AS12: 0 | AT12: 0 | AU12: 0 | AV12: 0 | AW12: ตัด | AX12: 0 | AY12: รอส่ง ลูกค้ารับเอง | AZ12: 0 | BA12: 0 | BB12: 0 | BC12: WRWT25800/WRWT25800 | BD12: 0
A13: 45923 | B13: MK68-001162 | C13: หจก.อนนท์อุตสาหกรรม | D13: ดาว 20 กก. | E13: 18 | F13: 28 | G13: ขาว | H13: 0 | I13: 50 | J13: ± | K13: 5 | L13: ไม่ | M13: 19 | N13: 31 | O13: 40 | P13: 1453.1171 | Q13: 0 | R13: 1453.1171 | S13: 500กระสอบแบน | T13: 45989 | U13: 100000 | V13: 0 | W13: 100000 | X13: 0 | Y13: 105000 | Z13: WSWT1825800 | AA13: 82423 | AB13: 49747 | AC13: 32676 | AD13: 0 | AE13: 0 | AF13: 0 | AG13: ยังไม่ได้พิมพ์ | AH13: P9 | AI13: 3 | AJ13: 45989 | AK13: 0 | AL13: 45979 | AM13: 45986 | AN13: 45987 | AO13: 45987 | AP13: 45984 | AQ13: 45988 | AR13: 0 | AS13: 0 | AT13: 0 | AU13: 0 | AV13: 0 | AW13: งานพิมพ์ | AX13: / | AY13: 0 | AZ13: 0 | BA13: 0 | BB13: 0 | BC13: WRWT25800/WRWT25800 | BD13: 2248.1088
A14: 0 | B14: 0 | E14: 18 | F14: 30 | G14: ขาว | H14: 0 | I14: 54 | J14: ± | K14: 5 | L14: 0 | M14: 0 | N14: 0 | O14: 0 | P14: 0 | Q14: 0 | R14: 0 | S14: 0 | U14: 0 | V14: 0 | W14: 0 | X14: 0 | Y14: 0 | Z14: WSWT1825800 | AA14: 82423 | AB14: 49747 | AC14: 32676 | AD14: 0 | AE14: 0 | AF14: ระบุในSD | AG14: ยังไม่ได้พิมพ์ | AH14: 0 | AI14: Lead time | AJ14: 0 | AK14: 0 | AL14: 0 | AM14: 0 | AN14: 0 | AO14: 0 | AP14: 0 | AQ14: 0 | AR14: 0 | AS14: 0 | AT14: 0 | AU14: 0 | AV14: 0 | AW14: 0 | AX14: 0 | AY14: 0 | AZ14: 0 | BA14: 0 | BB14: 0 | BC14: WRWT25800/WRWT25800 | BD14: 0
A15: 45967 | B15: MK68-001337 | C15: บจก.2 เอ็ม อโกร | D15: พระเอกในดวงใจ 14-7-28 | E15: 18 | F15: 30 | G15: ขาว | H15: ใส | I15: 74 | J15: ± | K15: 5 | L15: บิด | M15: 19 | N15: 33 | O15: 70 | P15: 135.35083 | Q15: 0 | R15: 135.35083 | S15: 500กระสอบ | T15: 45979 | U15: 5000 | V15: 0 | W15: 5000 | X15: 0 | Y15: 5250 | Z15: WSWT1825800SM | AA15: 4400.55 | AB15: 501 | AC15: 3899.55 | AD15: 501 | AE15: 3899.55 | AF15: 0 | AG15: ยังไม่ได้พิมพ์ | AH15: P8 | AI15: 4 | AJ15: 45979 | AK15: 45975 | AL15: 45969 | AM15: 45976 | AN15: 45977 | AO15: 45977 | AP15: 45974 | AQ15: 45978 | AR15: 0 | AS15: 0 | AT15: 0 | AU15: 0 | AV15: 0 | AW15: งานเคลือบ+พิมพ์ | AX15: / | AY15: 0 | AZ15: 0 | BA15: 0 | BB15: 0 | BC15: WRWT25800/WRWT25800 | BD15: 249.5712
A16: 45968 | B16: ใบรับคำสั่งซื้อ | C16: บจก.ซิเบลโก้(บางเลน) | D16: PORTARYTE B15 | E16: 18 | F16: 30 | G16: ขาว | H16: ใส | I16: 74 | J16: ± | K16: 5 | L16: ไม่ | M16: ไม่สวมถุงใน | N16: 0 | O16: 0 | P16: 0 | Q16: 0 | R16: 0 | S16: 500กระสอบแบนเต็มใบ | T16: 45994 | U16: 5000 | V16: 0 | W16: 5000 | X16: 0 | Y16: 5250 | Z16: WSWT1825800SM | AA16: 4400.55 | AB16: 0 | AC16: 4400.55 | AD16: 0 | AE16: 4400.55 | AF16: 0 | AG16: พร้อมส่ง | AH16: P6 | AI16: 4 | AJ16: 45994 | AK16: 45990 | AL16: 45983 | AM16: 45991 | AN16: 45992 | AO16: 45993 | AP16: 45989 | AQ16: 0 | AR16: 0 | AS16: 0 | AT16: 0 | AU16: 0 | AV16: 0 | AW16: งานเคลือบ+พิมพ์ | AX16: รอART | AY16: 0 | AZ16: 0 | BA16: 0 | BB16: 0 | BC16: WRWT25800/WRWT25800 | BD16: 281.6352
A17: 45965 | B17: MK68-001334 | C17: บจก.ซิเบลโก้(บางเลน) | D17: FELDSPAR K200BL | E17: 18 | F17: 30 | G17: ขาว | H17: ใส | I17: 74 | J17: ± | K17: 5 | L17: ไม่ | M17: ไม่สวมถุงใน | N17: 0 | O17: 0 | P17: 0 | Q17: 0 | R17: 0 | S17: 500กระสอบแบนเต็มใบ | T17: 45994 | U17: 5000 | V17: 0 | W17: 5000 | X17: 0 | Y17: 5250 | Z17: WSWT1825800SM | AA17: 4400.55 | AB17: 0 | AC17: 4400.55 | AD17: 0 | AE17: 4400.55 | AF17: ห้ามเกิน-ขาดได้5% | AG17: พร้อมส่ง | AH17: P6 | AI17: 4 | AJ17: 45994 | AK17: 45990 | AL17: 45983 | AM17: 45991 | AN17: 45992 | AO17: 45993 | AP17: 45989 | AQ17: 0 | AR17: 0 | AS17: 0 | AT17: 0 | AU17: 0 | AV17: 0 | AW17: งานเคลือบ+พิมพ์ | AX17: รอART | AY17: 0 | AZ17: 0 | BA17: 0 | BB17: 0 | BC17: WRWT25800/WRWT25800 | BD17: 281.6352
A18: 45965 | B18: MK68-001335 | C18: บจก.ซิเบลโก้(บางเลน) | D18: PORTARYTE | E18: 18 | F18: 30 | G18: ขาว | H18: ใส | I18: 74 | J18: ± | K18: 5 | L18: ไม่ | M18: ไม่สวมถุงใน | N18: 0 | O18: 0 | P18: 0 | Q18: 0 | R18: 0 | S18: 500กระสอบแบนเต็มใบ | T18: 46027 | U18: 5000 | V18: 0 | W18: 5000 | X18: 0 | Y18: 5250 | Z18: WSWT1825800SM | AA18: 4400.55 | AB18: 0 | AC18: 4400.55 | AD18: 0 | AE18: 4400.55 | AF18: ห้ามเกิน-ขาดได้5% | AG18: พร้อมส่ง | AH18: P6 | AI18: 4 | AJ18: 46027 | AK18: 46023 | AL18: 46016 | AM18: 46024 | AN18: 46025 | AO18: 46026 | AP18: 46022 | AQ18: 0 | AR18: 0 | AS18: 0 | AT18: 0 | AU18: 0 | AV18: 0 | AW18: งานเคลือบ+พิมพ์ | AX18: รอART | AY18: 0 | AZ18: 0 | BA18: 0 | BB18: 0 | BC18: WRWT25800/WRWT25800 | BD18: 281.6352
A19: 0 | B19: 0 | C19: 0 | E19: 18 | F19: 25 | G19: ขาว | H19: 0 | I19: 50 | J19: ± | K19: 5 | L19: 0 | M19: 0 | N19: 0 | O19: 0 | P19: 0 | Q19: 0 | R19: 0 | S19: 0 | U19: 0 | V19: 0 | W19: 0 | X19: 0 | Y19: 0 | Z19: WSWT1825800SM | AA19: 17602.2 | AB19: 501 | AC19: 17101.2 | AD19: 501 | AE19: 17101.2 | AF19: ระบุในSD | AG19: ยังไม่ได้พิมพ์ | AH19: 0 | AI19: Lead time | AJ19: 0 | AK19: 0 | AL19: 0 | AM19: 0 | AN19: 0 | AO19: 0 | AP19: 0 | AQ19: 0 | AR19: 0 | AS19: 0 | AT19: 0 | AU19: 0 | AV19: 0 | AW19: 0 | AX19: 0 | AY19: 0 | AZ19: 0 | BA19: 0 | BB19: 0 | BC19: WRWT180800/WRWT25800 | BD19: 0
A20: 45952 | B20: MK68-001268 | C20: บจก.เพรซิเดนท์ฟลาวมิลล์ | D20: ผึ้งเหลือง | E20: 19 | F20: 30 | G20: ขาว | H20: 0 | I20: 60 | J20: ± | K20: 5 | L20: บิด | M20: ไม่สวมถุงใน | N20: 0 | O20: 0 | P20: 0 | Q20: 0 | R20: 0 | S20: 500กระสอบ | T20: 45969 | U20: 50000 | V20: 50000 | W20: 0 | X20: 50000 | Y20: 0 | Z20: WSWT1925800 | AA20: 0 | AB20: 0 | AC20: 0 | AD20: 0 | AE20: 0 | AF20: 0 | AG20: ยังไม่ได้พิมพ์ | AH20: P7 | AI20: 2 | AJ20: 45969 | AK20: 0 | AL20: 45960 | AM20: 45967 | AN20: 45968 | AO20: 45968 | AP20: 45964 | AQ20: 0 | AR20: 0 | AS20: 0 | AT20: 0 | AU20: 0 | AV20: 0 | AW20: งานพิมพ์ | AX20: / | AY20: จาก12/11 มา7/11เย็น | AZ20: 0 | BA20: 0 | BB20: 0 | BC20: WRWT25800/WRWT25800 | BD20: 0
A21: 45952 | B21: MK68-001269 | C21: บจก.เพรซิเดนท์ฟลาวมิลล์ | D21: ผึ้งชมพู | E21: 19 | F21: 30 | G21: ขาว | H21: 0 | I21: 60 | J21: ± | K21: 5 | L21: บิด | M21: ไม่สวมถุงใน | N21: 0 | O21: 0 | P21: 0 | Q21: 0 | R21: 0 | S21: 500กระสอบ | T21: 45969 | U21: 20000 | V21: 20000 | W21: 0 | X21: 22519 | Y21: 0 | Z21: WSWT1925800 | AA21: 0 | AB21: 0 | AC21: 0 | AD21: 0 | AE21: 0 | AF21: 0 | AG21: รอแบบ | AH21: P7 | AI21: 2 | AJ21: 45969 | AK21: 0 | AL21: 45960 | AM21: 45967 | AN21: 45968 | AO21: 45968 | AP21: 45964 | AQ21: 0 | AR21: 0 | AS21: 0 | AT21: 0 | AU21: 0 | AV21: 0 | AW21: งานพิมพ์ | AX21: / | AY21: จาก12/11 มา7/11เย็น | AZ21: 0 | BA21: 0 | BB21: 0 | BC21: WRWT25800/WRWT25800 | BD21: 0
A22: 45952 | B22: MK68-001269 | C22: บจก.เพรซิเดนท์ฟลาวมิลล์ | D22: ผึ้งชมพู | E22: 19 | F22: 30 | G22: ขาว | H22: 0 | I22: 60 | J22: ± | K22: 5 | L22: บิด | M22: ไม่สวมถุงใน | N22: 0 | O22: 0 | P22: 0 | Q22: 0 | R22: 0 | S22: 500กระสอบ | T22: 45980 | U22: 40000 | V22: 1574 | W22: 38426 | X22: 0 | Y22: 40347.3 | Z22: WSWT1925800 | AA22: 33819.107 | AB22: 5223 | AC22: 28596.107 | AD22: 0 | AE22: 0 | AF22: 0 | AG22: พร้อมส่ง | AH22: P7 | AI22: 2 | AJ22: 45980 | AK22: 0 | AL22: 45971 | AM22: 45978 | AN22: 45979 | AO22: 45979 | AP22: 45975 | AQ22: 0 | AR22: 0 | AS22: 0 | AT22: 0 | AU22: 0 | AV22: 0 | AW22: งานพิมพ์ | AX22: / | AY22: 0 | AZ22: 0 | BA22: 0 | BB22: 0 | BC22: WRWT25800/WRWT25800 | BD22: 2076.7128
A23: ประมาณการ | B23: ประมาณการ | C23: บจก.ไลม์มาสเตอร์ | D23: LMC 25 kg | E23: 19 | F23: 32 | G23: ขาว | H23: 0 | I23: 64 | J23: ± | K23: 5 | L23: ไม่ | M23: 20 | N23: 35 | O23: 40 | P23: 341.36903 | Q23: 0 | R23: 341.36903 | S23: 500กระสอบแบน | T23: 45991 | U23: 20000 | V23: 233 | W23: 19767 | X23: 0 | Y23: 20755.35 | Z23: WSWT1925800 | AA23: 18501.714 | AB23: 0 | AC23: 18501.714 | AD23: 0 | AE23: 0 | AF23: 0 | AG23: รอตัด | AH23: P9 | AI23: 3 | AJ23: 45991 | AK23: 0 | AL23: 45981 | AM23: 45988 | AN23: 45989 | AO23: 45989 | AP23: 45986 | AQ23: 45990 | AR23: 0 | AS23: 0 | AT23: 0 | AU23: 0 | AV23: 0 | AW23: งานพิมพ์ | AX23: รอART | AY23: 0 | AZ23: 0 | BA23: 0 | BB23: 0 | BC23: WRWT25800/WRWT25800 | BD23: 1343.6356
A24: ประมาณการ | B24: ประมาณการ | C24: บจก.เอ็กเซลเล้นท์ | D24: รอแบบ | E24: 19 | F24: 30 | G24: ขาว | H24: 0 | I24: 60 | J24: ± | K24: 5 | L24: บิด | M24: ไม่สวมถุงใน | N24: 0 | O24: 0 | P24: 0 | Q24: 0 | R24: 0 | S24: 500กระสอบ | T24: 45991 | U24: 40000 | V24: 0 | W24: 40000 | X24: 0 | Y24: 42000 | Z24: WSWT1925800 | AA24: 35204.4 | AB24: 0 | AC24: 35204.4 | AD24: 0 | AE24: 0 | AF24: 0 | AG24: พร้อมส่ง | AH24: P7 | AI24: 2 | AJ24: 45991 | AK24: 0 | AL24: 45982 | AM24: 45989 | AN24: 45990 | AO24: 45990 | AP24: 45986 | AQ24: 0 | AR24: 0 | AS24: 0 | AT24: 0 | AU24: 0 | AV24: 0 | AW24: งานพิมพ์ | AX24: รอART | AY24: 0 | AZ24: 0 | BA24: 0 | BB24: 0 | BC24: WRWT25800/WRWT25800 | BD24: 2556.6218
A25: 0 | B25: 0 | C25: 0 | D25: 0 | E25: 19 | F25: 30 | G25: ขาว | H25: 0 | I25: 60 | J25: ± | K25: 5 | L25: 0 | M25: 0 | N25: 0 | O25: 0 | P25: 0 | Q25: 0 | R25: 0 | S25: 0 | U25: 0 | V25: 0 | W25: 0 | X25: 0 | Y25: 0 | Z25: WSWT1925800 | AA25: 87525.221 | AB25: 5223 | AC25: 82302.221 | AD25: 0 | AE25: 0 | AF25: ระบุในSD | AG25: พร้อมส่ง | AH25: 0 | AI25: Lead time | AJ25: 0 | AK25: 0 | AL25: 0 | AM25: 0 | AN25: 0 | AO25: 0 | AP25: 0 | AQ25: 0 | AR25: 0 | AS25: 0 | AT25: 0 | AU25: 0 | AV25: 0 | AW25: 0 | AX25: 0 | AY25: 0 | AZ25: 0 | BA25: 0 | BB25: 0 | BC25: WRWT25800/WRWT25800 | BD25: 0
A26: 0 | B26: ใบรับคำสั่งซื้อ | C26: บจก.เคอรี่ฟลาวมิลล์ | D26: บลูทีมเหลือง | E26: 19 | F26: 32 | G26: ขาว | H26: 0 | I26: 67 | J26: + | K26: 5 | L26: บิด | M26: ไม่สวมถุงใน | N26: 0 | O26: 0 | P26: 0 | Q26: 0 | R26: 0 | S26: ห่ออัดเบลแบน500 | T26: รอแจ้ง | U26: 5000 | V26: 0 | W26: 5000 | X26: 5400 | Y26: 0 | Z26: WSWT1921720 | AA26: 0 | AB26: 0 | AC26: 0 | AD26: 0 | AE26: 0 | AF26: 0 | AG26: พร้อมส่ง | AH26: P7 | AI26: 2 | AJ26: รอแจ้ง | AK26: 0 | AL26: #VALUE! | AM26: #VALUE! | AN26: #VALUE! | AO26: #VALUE! | AP26: #VALUE! | AQ26: 0 | AR26: 0 | AS26: 0 | AT26: 0 | AU26: 0 | AV26: 0 | AW26: งานพิมพ์ | AX26: / | AY26: 0 | AZ26: 0 | BA26: 0 | BB26: 0 | BC26: WRWT21720/WRWT25800 | BD26: 0
A27: 45953 | B27: MK68-001270 | C27: บจก.เคอรี่ฟลาวมิลล์ | D27: เคเอ็ม | E27: 19 | F27: 32 | G27: ขาว | H27: 0 | I27: 67 | J27: + | K27: 5 | L27: บิด | M27: ไม่สวมถุงใน | N27: 0 | O27: 0 | P27: 0 | Q27: 0 | R27: 0 | S27: ห่ออัดเบลแบน500 | T27: 45969 | U27: 5000 | V27: 5114 | W27: 0 | X27: 5400 | Y27: 0 | Z27: WSWT1921720 | AA27: 0 | AB27: 0 | AC27: 0 | AD27: 0 | AE27: 0 | AF27: PDR250357 | AG27: พร้อมส่ง | AH27: P7 | AI27: 2 | AJ27: 45969 | AK27: 0 | AL27: 45960 | AM27: 45967 | AN27: 45968 | AO27: 45968 | AP27: 45964 | AQ27: 0 | AR27: 0 | AS27: 0 | AT27: 0 | AU27: 0 | AV27: 0 | AW27: งานพิมพ์ | AX27: / | AY27: 0 | AZ27: 0 | BA27: 0 | BB27: 0 | BC27: WRWT21720/WRWT25800 | BD27: 0
A28: 45953 | B28: MK68-001270 | C28: บจก.เคอรี่ฟลาวมิลล์ | D28: แต้มแดง | E28: 19 | F28: 32 | G28: ขาว | H28: 0 | I28: 67 | J28: + | K28: 5 | L28: บิด | M28: ไม่สวมถุงใน | N28: 0 | O28: 0 | P28: 0 | Q28: 0 | R28: 0 | S28: ห่ออัดเบลแบน500 | T28: 45969 | U28: 5000 | V28: 5182 | W28: 0 | X28: 5400 | Y28: 0 | Z28: WSWT1921720 | AA28: 0 | AB28: 0 | AC28: 0 | AD28: 0 | AE28: 0 | AF28: PDR250357 | AG28: พร้อมส่ง | AH28: P7 | AI28: 2 | AJ28: 45969 | AK28: 0 | AL28: 45960 | AM28: 45967 | AN28: 45968 | AO28: 45968 | AP28: 45964 | AQ28: 0 | AR28: 0 | AS28: 0 | AT28: 0 | AU28: 0 | AV28: 0 | AW28: งานพิมพ์ | AX28: / | AY28: 0 | AZ28: 0 | BA28: 0 | BB28: 0 | BC28: WRWT21720/WRWT25800 | BD28: 0
A29: 45953 | B29: MK68-001270 | C29: บจก.เคอรี่ฟลาวมิลล์ | D29: 913 | E29: 19 | F29: 32 | G29: ขาว | H29: 0 | I29: 67 | J29: + | K29: 5 | L29: ไม่ | M29: ไม่สวมถุงใน | N29: 0 | O29: 0 | P29: 0 | Q29: 0 | R29: 0 | S29: ห่ออัดเบลแบน500 | T29: 45969 | U29: 5000 | V29: 5000 | W29: 0 | X29: 5400 | Y29: 0 | Z29: WSWT1921720 | AA29: 0 | AB29: 0 | AC29: 0 | AD29: 0 | AE29: 0 | AF29: PDR250357 | AG29: พร้อมส่ง | AH29: P7 | AI29: 2 | AJ29: 45969 | AK29: 0 | AL29: 45960 | AM29: 45967 | AN29: 45968 | AO29: 45968 | AP29: 45964 | AQ29: 0 | AR29: 0 | AS29: 0 | AT29: 0 | AU29: 0 | AV29: 0 | AW29: งานพิมพ์ | AX29: / | AY29: 0 | AZ29: 0 | BA29: 0 | BB29: 0 | BC29: WRWT21720/WRWT25800 | BD29: 0
A30: 45953 | B30: MK68-001270 | C30: บจก.เคอรี่ฟลาวมิลล์ | D30: ถุงเขียว | E30: 19 | F30: 32 | G30: ขาว | H30: 0 | I30: 67 | J30: + | K30: 5 | L30: บิด | M30: ไม่สวมถุงใน | N30: 0 | O30: 0 | P30: 0 | Q30: 0 | R30: 0 | S30: ห่ออัดเบลแบน500 | T30: 45969 | U30: 10000 | V30: 10000 | W30: 0 | X30: 10400 | Y30: 0 | Z30: WSWT1921720 | AA30: 0 | AB30: 0 | AC30: 0 | AD30: 0 | AE30: 0 | AF30: PDR250357 | AG30: พร้อมส่ง | AH30: P7 | AI30: 2 | AJ30: 45969 | AK30: 0 | AL30: 45960 | AM30: 45967 | AN30: 45968 | AO30: 45968 | AP30: 45964 | AQ30: 0 | AR30: 0 | AS30: 0 | AT30: 0 | AU30: 0 | AV30: 0 | AW30: งานพิมพ์ | AX30: / | AY30: 0 | AZ30: 0 | BA30: 0 | BB30: 0 | BC30: WRWT21720/WRWT25800 | BD30: 0
A31: 45953 | B31: MK68-001271 | C31: บจก.เคอรี่ฟลาวมิลล์ | D31: ถุงเขียว | E31: 19 | F31: 32 | G31: ขาว | H31: 0 | I31: 67 | J31: + | K31: 5 | L31: บิด | M31: ไม่สวมถุงใน | N31: 0 | O31: 0 | P31: 0 | Q31: 0 | R31: 0 | S31: ห่ออัดเบลแบน500 | T31: 45969 | U31: 5000 | V31: 4703 | W31: 297 | X31: 5350 | Y31: 0 | Z31: WSWT1921720 | AA31: 0 | AB31: 0 | AC31: 0 | AD31: 0 | AE31: 0 | AF31: PDR250358 | AG31: พร้อมส่ง | AH31: P7 | AI31: 2 | AJ31: 45969 | AK31: 0 | AL31: 45960 | AM31: 45967 | AN31: 45968 | AO31: 45968 | AP31: 45964 | AQ31: 0 | AR31: 0 | AS31: 0 | AT31: 0 | AU31: 0 | AV31: 0 | AW31: งานพิมพ์ | AX31: / | AY31: 0 | AZ31: 0 | BA31: 0 | BB31: 0 | BC31: WRWT21720/WRWT25800 | BD31: 0
A32: 45953 | B32: MK68-001271 | C32: บจก.เคอรี่ฟลาวมิลล์ | D32: BS | E32: 19 | F32: 32 | G32: ขาว | H32: 0 | I32: 67 | J32: + | K32: 5 | L32: ไม่ | M32: ไม่สวมถุงใน | N32: 0 | O32: 0 | P32: 0 | Q32: 0 | R32: 0 | S32: ห่ออัดเบลแบน500 | T32: 45969 | U32: 5000 | V32: 5000 | W32: 0 | X32: 5400 | Y32: 0 | Z32: WSWT1921720 | AA32: 0 | AB32: 0 | AC32: 0 | AD32: 0 | AE32: 0 | AF32: PDR250358 | AG32: ยังไม่ได้พิมพ์ | AH32: P7 | AI32: 2 | AJ32: 45969 | AK32: 0 | AL32: 45960 | AM32: 45967 | AN32: 45968 | AO32: 45968 | AP32: 45964 | AQ32: 0 | AR32: 0 | AS32: 0 | AT32: 0 | AU32: 0 | AV32: 0 | AW32: งานพิมพ์ | AX32: / | AY32: 0 | AZ32: 0 | BA32: 0 | BB32: 0 | BC32: WRWT21720/WRWT25800 | BD32: 0
A33: 45953 | B33: MK68-001271 | C33: บจก.เคอรี่ฟลาวมิลล์ | D33: BS(แต้มฟ้า) | E33: 19 | F33: 32 | G33: ขาว | H33: 0 | I33: 67 | J33: + | K33: 5 | L33: บิด | M33: ไม่สวมถุงใน | N33: 0 | O33: 0 | P33: 0 | Q33: 0 | R33: 0 | S33: ห่ออัดเบลแบน500 | T33: 45969 | U33: 5000 | V33: 5000 | W33: 0 | X33: 5400 | Y33: 0 | Z33: WSWT1921720 | AA33: 0 | AB33: 0 | AC33: 0 | AD33: 0 | AE33: 0 | AF33: PDR250358 | AG33: ยังไม่ได้พิมพ์ | AH33: P7 | AI33: 2 | AJ33: 45969 | AK33: 0 | AL33: 45960 | AM33: 45967 | AN33: 45968 | AO33: 45968 | AP33: 45964 | AQ33: 0 | AR33: 0 | AS33: 0 | AT33: 0 | AU33: 0 | AV33: 0 | AW33: งานพิมพ์ | AX33: / | AY33: 0 | AZ33: 0 | BA33: 0 | BB33: 0 | BC33: WRWT21720/WRWT25800 | BD33: 0
A34: 45953 | B34: MK68-001271 | C34: บจก.เคอรี่ฟลาวมิลล์ | D34: กุ้งแดง | E34: 19 | F34: 32 | G34: ขาว | H34: 0 | I34: 67 | J34: + | K34: 5 | L34: บิด | M34: ไม่สวมถุงใน | N34: 0 | O34: 0 | P34: 0 | Q34: 0 | R34: 0 | S34: ห่ออัดเบลแบน500 | T34: 45969 | U34: 10000 | V34: 10000 | W34: 0 | X34: 10450 | Y34: 0 | Z34: WSWT1921720 | AA34: 0 | AB34: 0 | AC34: 0 | AD34: 0 | AE34: 0 | AF34: PDR250358 | AG34: ยังไม่ได้พิมพ์ | AH34: P7 | AI34: 2 | AJ34: 45969 | AK34: 0 | AL34: 45960 | AM34: 45967 | AN34: 45968 | AO34: 45968 | AP34: 45964 | AQ34: 0 | AR34: 0 | AS34: 0 | AT34: 0 | AU34: 0 | AV34: 0 | AW34: งานพิมพ์ | AX34: / | AY34: 0 | AZ34: 0 | BA34: 0 | BB34: 0 | BC34: WRWT21720/WRWT25800 | BD34: 0
A35: 45966 | B35: MK68-001329 | C35: บจก.เคอรี่ฟลาวมิลล์ | D35: ปลาโลมาเทา | E35: 19 | F35: 32 | G35: ขาว | H35: 0 | I35: 67 | J35: + | K35: 5 | L35: บิด | M35: ไม่สวมถุงใน | N35: 0 | O35: 0 | P35: 0 | Q35: 0 | R35: 0 | S35: ห่ออัดเบลแบน500 | T35: 45974 | U35: 5000 | V35: 0 | W35: 5000 | X35: 0 | Y35: 5250 | Z35: WSWT1921720 | AA35: 4679.95 | AB35: 4679.95 | AC35: 0 | AD35: 0 | AE35: 0 | AF35: PDR250362 | AG35: ยังไม่ได้พิมพ์ | AH35: P7 | AI35: 2 | AJ35: 45974 | AK35: 0 | AL35: 45965 | AM35: 45972 | AN35: 45973 | AO35: 45973 | AP35: 45969 | AQ35: 0 | AR35: 0 | AS35: 0 | AT35: 0 | AU35: 0 | AV35: 0 | AW35: งานพิมพ์ | AX35: / | AY35: 0 | AZ35: 0 | BA35: 0 | BB35: 0 | BC35: WRWT21720/WRWT25800 | BD35: 0
A36: 45966 | B36: MK68-001329 | C36: บจก.เคอรี่ฟลาวมิลล์ | D36: ถุงเงิน | E36: 19 | F36: 32 | G36: ขาว | H36: 0 | I36: 67 | J36: + | K36: 5 | L36: บิด | M36: ไม่สวมถุงใน | N36: 0 | O36: 0 | P36: 0 | Q36: 0 | R36: 0 | S36: ห่ออัดเบลแบน500 | T36: 45974 | U36: 5000 | V36: 0 | W36: 5000 | X36: 0 | Y36: 5250 | Z36: WSWT1921720 | AA36: 4679.95 | AB36: 4679.95 | AC36: 0 | AD36: 0 | AE36: 0 | AF36: PDR250362 | AG36: ยังไม่ได้พิมพ์ | AH36: P7 | AI36: 2 | AJ36: 45974 | AK36: 0 | AL36: 45965 | AM36: 45972 | AN36: 45973 | AO36: 45973 | AP36: 45969 | AQ36: 0 | AR36: 0 | AS36: 0 | AT36: 0 | AU36: 0 | AV36: 0 | AW36: งานพิมพ์ | AX36: / | AY36: 0 | AZ36: 0 | BA36: 0 | BB36: 0 | BC36: WRWT21720/WRWT25800 | BD36: 0
A37: 45966 | B37: MK68-001329 | C37: บจก.เคอรี่ฟลาวมิลล์ | D37: โบว์น้ำเงิน | E37: 19 | F37: 32 | G37: ขาว | H37: 0 | I37: 67 | J37: + | K37: 5 | L37: บิด | M37: ไม่สวมถุงใน | N37: 0 | O37: 0 | P37: 0 | Q37: 0 | R37: 0 | S37: ห่ออัดเบลแบน500 | T37: 45974 | U37: 5000 | V37: 0 | W37: 5000 | X37: 0 | Y37: 5250 | Z37: WSWT1921720 | AA37: 4679.95 | AB37: 4679.95 | AC37: 0 | AD37: 0 | AE37: 0 | AF37: PDR250362 | AG37: ยังไม่ได้พิมพ์ | AH37: P7 | AI37: 2 | AJ37: 45974 | AK37: 0 | AL37: 45965 | AM37: 45972 | AN37: 45973 | AO37: 45973 | AP37: 45969 | AQ37: 0 | AR37: 0 | AS37: 0 | AT37: 0 | AU37: 0 | AV37: 0 | AW37: งานพิมพ์ | AX37: / | AY37: 0 | AZ37: 0 | BA37: 0 | BB37: 0 | BC37: WRWT21720/WRWT25800 | BD37: 0
A38: 45966 | B38: MK68-001329 | C38: บจก.เคอรี่ฟลาวมิลล์ | D38: โบว์แดง | E38: 19 | F38: 32 | G38: ขาว | H38: 0 | I38: 67 | J38: + | K38: 5 | L38: บิด | M38: ไม่สวมถุงใน | N38: 0 | O38: 0 | P38: 0 | Q38: 0 | R38: 0 | S38: ห่ออัดเบลแบน500 | T38: 45974 | U38: 5000 | V38: 0 | W38: 5000 | X38: 0 | Y38: 5250 | Z38: WSWT1921720 | AA38: 4679.95 | AB38: 4679.95 | AC38: 0 | AD38: 0 | AE38: 0 | AF38: PDR250362 | AG38: ยังไม่ได้พิมพ์ | AH38: P7 | AI38: 2 | AJ38: 45974 | AK38: 0 | AL38: 45965 | AM38: 45972 | AN38: 45973 | AO38: 45973 | AP38: 45969 | AQ38: 0 | AR38: 0 | AS38: 0 | AT38: 0 | AU38: 0 | AV38: 0 | AW38: งานพิมพ์ | AX38: / | AY38: 0 | AZ38: 0 | BA38: 0 | BB38: 0 | BC38: WRWT21720/WRWT25800 | BD38: 0
A39: 45966 | B39: MK68-001329 | C39: บจก.เคอรี่ฟลาวมิลล์ | D39: 913 | E39: 19 | F39: 32 | G39: ขาว | H39: 0 | I39: 67 | J39: + | K39: 5 | L39: ไม่ | M39: ไม่สวมถุงใน | N39: 0 | O39: 0 | P39: 0 | Q39: 0 | R39: 0 | S39: ห่ออัดเบลแบน500 | T39: 45974 | U39: 5000 | V39: 0 | W39: 5000 | X39: 0 | Y39: 5250 | Z39: WSWT1921720 | AA39: 4679.95 | AB39: 4679.95 | AC39: 0 | AD39: 0 | AE39: 0 | AF39: PDR250362 | AG39: ยังไม่ได้พิมพ์ | AH39: P7 | AI39: 2 | AJ39: 45974 | AK39: 0 | AL39: 45965 | AM39: 45972 | AN39: 45973 | AO39: 45973 | AP39: 45969 | AQ39: 0 | AR39: 0 | AS39: 0 | AT39: 0 | AU39: 0 | AV39: 0 | AW39: งานพิมพ์ | AX39: / | AY39: 0 | AZ39: 0 | BA39: 0 | BB39: 0 | BC39: WRWT21720/WRWT25800 | BD39: 0
A40: 45966 | B40: MK68-001330 | C40: บจก.เคอรี่ฟลาวมิลล์ | D40: ถุงเขียว | E40: 19 | F40: 32 | G40: ขาว | H40: 0 | I40: 67 | J40: + | K40: 5 | L40: บิด | M40: ไม่สวมถุงใน | N40: 0 | O40: 0 | P40: 0 | Q40: 0 | R40: 0 | S40: ห่ออัดเบลแบน500 | T40: 45974 | U40: 10000 | V40: 0 | W40: 10000 | X40: 0 | Y40: 10500 | Z40: WSWT1921720 | AA40: 9359.9 | AB40: 0 | AC40: 9359.9 | AD40: 0 | AE40: 0 | AF40: PDR250363 | AG40: ยังไม่ได้พิมพ์ | AH40: P7 | AI40: 2 | AJ40: 45974 | AK40: 0 | AL40: 45965 | AM40: 45972 | AN40: 45973 | AO40: 45973 | AP40: 45969 | AQ40: 0 | AR40: 0 | AS40: 0 | AT40: 0 | AU40: 0 | AV40: 0 | AW40: งานพิมพ์ | AX40: / | AY40: 0 | AZ40: 0 | BA40: 0 | BB40: 0 | BC40: WRWT21720/WRWT25800 | BD40: 705.02927
A41: 45966 | B41: MK68-001330 | C41: บจก.เคอรี่ฟลาวมิลล์ | D41: ถุงทองแซนวิช | E41: 19 | F41: 32 | G41: ขาว | H41: 0 | I41: 67 | J41: + | K41: 5 | L41: บิด | M41: ไม่สวมถุงใน | N41: 0 | O41: 0 | P41: 0 | Q41: 0 | R41: 0 | S41: ห่ออัดเบลแบน500 | T41: 45974 | U41: 10000 | V41: 0 | W41: 10000 | X41: 0 | Y41: 10500 | Z41: WSWT1921720 | AA41: 9359.9 | AB41: 0 | AC41: 9359.9 | AD41: 0 | AE41: 0 | AF41: PDR250363 | AG41: ยังไม่ได้พิมพ์ | AH41: P7 | AI41: 2 | AJ41: 45974 | AK41: 0 | AL41: 45965 | AM41: 45972 | AN41: 45973 | AO41: 45973 | AP41: 45969 | AQ41: 0 | AR41: 0 | AS41: 0 | AT41: 0 | AU41: 0 | AV41: 0 | AW41: งานพิมพ์ | AX41: / | AY41: 0 | AZ41: 0 | BA41: 0 | BB41: 0 | BC41: WRWT21720/WRWT25800 | BD41: 705.02927
A42: 45966 | B42: MK68-001330 | C42: บจก.เคอรี่ฟลาวมิลล์ | D42: ปลาโลมาแดง | E42: 19 | F42: 32 | G42: ขาว | H42: 0 | I42: 67 | J42: + | K42: 5 | L42: บิด | M42: ไม่สวมถุงใน | N42: 0 | O42: 0 | P42: 0 | Q42: 0 | R42: 0 | S42: ห่ออัดเบลแบน500 | T42: 45974 | U42: 5000 | V42: 0 | W42: 5000 | X42: 0 | Y42: 5250 | Z42: WSWT1921720 | AA42: 4679.95 | AB42: 0 | AC42: 4679.95 | AD42: 0 | AE42: 0 | AF42: PDR250363 | AG42: ยังไม่ได้พิมพ์ | AH42: P7 | AI42: 2 | AJ42: 45974 | AK42: 0 | AL42: 45965 | AM42: 45972 | AN42: 45973 | AO42: 45973 | AP42: 45969 | AQ42: 0 | AR42: 0 | AS42: 0 | AT42: 0 | AU42: 0 | AV42: 0 | AW42: งานพิมพ์ | AX42: / | AY42: 0 | AZ42: 0 | BA42: 0 | BB42: 0 | BC42: WRWT21720/WRWT25800 | BD42: 352.51463
A43: 45966 | B43: MK68-001329 | C43: บจก.เคอรี่ฟลาวมิลล์ | D43: เคเอ็ม | E43: 19 | F43: 32 | G43: ขาว | H43: 0 | I43: 67 | J43: + | K43: 5 | L43: บิด | M43: ไม่สวมถุงใน | N43: 0 | O43: 0 | P43: 0 | Q43: 0 | R43: 0 | S43: ห่ออัดเบลแบน500 | T43: 45976 | U43: 5000 | V43: 0 | W43: 5000 | X43: 0 | Y43: 5250 | Z43: WSWT1921720 | AA43: 4679.95 | AB43: 0 | AC43: 4679.95 | AD43: 0 | AE43: 0 | AF43: PDR250364 | AG43: ยังไม่ได้พิมพ์ | AH43: P7 | AI43: 2 | AJ43: 45976 | AK43: 0 | AL43: 45967 | AM43: 45974 | AN43: 45975 | AO43: 45975 | AP43: 45971 | AQ43: 0 | AR43: 0 | AS43: 0 | AT43: 0 | AU43: 0 | AV43: 0 | AW43: งานพิมพ์ | AX43: / | AY43: 0 | AZ43: 0 | BA43: 0 | BB43: 0 | BC43: WRWT21720/WRWT25800 | BD43: 352.51463
A44: 45966 | B44: MK68-001329 | C44: บจก.เคอรี่ฟลาวมิลล์ | D44: HARD FLOUR | E44: 19 | F44: 32 | G44: ขาว | H44: 0 | I44: 67 | J44: + | K44: 5 | L44: บิด | M44: ไม่สวมถุงใน | N44: 0 | O44: 0 | P44: 0 | Q44: 0 | R44: 0 | S44: ห่ออัดเบลแบน500 | T44: 45976 | U44: 5000 | V44: 0 | W44: 5000 | X44: 0 | Y44: 5250 | Z44: WSWT1921720 | AA44: 4679.95 | AB44: 0 | AC44: 4679.95 | AD44: 0 | AE44: 0 | AF44: PDR250364 | AG44: ผ้าขาว | AH44: P7 | AI44: 2 | AJ44: 45976 | AK44: 0 | AL44: 45967 | AM44: 45974 | AN44: 45975 | AO44: 45975 | AP44: 45971 | AQ44: 0 | AR44: 0 | AS44: 0 | AT44: 0 | AU44: 0 | AV44: 0 | AW44: งานพิมพ์ | AX44: / | AY44: 0 | AZ44: 0 | BA44: 0 | BB44: 0 | BC44: WRWT21720/WRWT25800 | BD44: 352.51463
A45: 45966 | B45: MK68-001329 | C45: บจก.เคอรี่ฟลาวมิลล์ | D45: หีบเพลงฟ้า | E45: 19 | F45: 32 | G45: ขาว | H45: 0 | I45: 67 | J45: + | K45: 5 | L45: บิด | M45: ไม่สวมถุงใน | N45: 0 | O45: 0 | P45: 0 | Q45: 0 | R45: 0 | S45: ห่ออัดเบลแบน500 | T45: 45976 | U45: 5000 | V45: 0 | W45: 5000 | X45: 0 | Y45: 5250 | Z45: WSWT1921720 | AA45: 4679.95 | AB45: 0 | AC45: 4679.95 | AD45: 0 | AE45: 0 | AF45: PDR250364 | AG45: ยังไม่ได้พิมพ์ | AH45: P7 | AI45: 2 | AJ45: 45976 | AK45: 0 | AL45: 45967 | AM45: 45974 | AN45: 45975 | AO45: 45975 | AP45: 45971 | AQ45: 0 | AR45: 0 | AS45: 0 | AT45: 0 | AU45: 0 | AV45: 0 | AW45: งานพิมพ์ | AX45: / | AY45: 0 | AZ45: 0 | BA45: 0 | BB45: 0 | BC45: WRWT21720/WRWT25800 | BD45: 352.51463
A46: 45966 | B46: MK68-001329 | C46: บจก.เคอรี่ฟลาวมิลล์ | D46: แต้มแดง | E46: 19 | F46: 32 | G46: ขาว | H46: 0 | I46: 67 | J46: + | K46: 5 | L46: บิด | M46: ไม่สวมถุงใน | N46: 0 | O46: 0 | P46: 0 | Q46: 0 | R46: 0 | S46: ห่ออัดเบลแบน500 | T46: 45976 | U46: 5000 | V46: 0 | W46: 5000 | X46: 0 | Y46: 5250 | Z46: WSWT1921720 | AA46: 4679.95 | AB46: 0 | AC46: 4679.95 | AD46: 0 | AE46: 0 | AF46: PDR250364 | AG46: ยังไม่ได้พิมพ์ | AH46: P7 | AI46: 2 | AJ46: 45976 | AK46: 0 | AL46: 45967 | AM46: 45974 | AN46: 45975 | AO46: 45975 | AP46: 45971 | AQ46: 0 | AR46: 0 | AS46: 0 | AT46: 0 | AU46: 0 | AV46: 0 | AW46: งานพิมพ์ | AX46: / | AY46: 0 | AZ46: 0 | BA46: 0 | BB46: 0 | BC46: WRWT21720/WRWT25800 | BD46: 352.51463
A47: 45966 | B47: MK68-001331 | C47: บจก.เคอรี่ฟลาวมิลล์ | D47: ไม่พิมพ์ | E47: 19 | F47: 36 | G47: ขาว | H47: 0 | I47: 75 | J47: + | K47: 5 | L47: ไม่ | M47: ไม่สวมถุงใน | N47: 0 | O47: 0 | P47: 0 | Q47: 0 | R47: 0 | S47: ห่ออัดเบลแบน500 | T47: 45976 | U47: 5000 | V47: 0 | W47: 5000 | X47: 0 | Y47: 0 | Z47: WSWT1921720 | AA47: 5238.75 | AB47: 0 | AC47: 5238.75 | AD47: 0 | AE47: 0 | AF47: PDR250364 | AG47: ยังไม่ได้พิมพ์ | AH47: P7 | AI47: 2 | AJ47: 45976 | AK47: 0 | AL47: 45967 | AM47: 45974 | AN47: 45975 | AO47: 45975 | AP47: 45971 | AQ47: 0 | AR47: 0 | AS47: 0 | AT47: 0 | AU47: 0 | AV47: 0 | AW47: ตัด | AX47: / | AY47: 0 | AZ47: 0 | BA47: 0 | BB47: 0 | BC47: WRWT21720/WRWT25800 | BD47: 394.60593
A48: 45966 | B48: MK68-001330 | C48: บจก.เคอรี่ฟลาวมิลล์ | D48: ปลาโลมาแดง | E48: 19 | F48: 32 | G48: ขาว | H48: 0 | I48: 67 | J48: + | K48: 5 | L48: บิด | M48: ไม่สวมถุงใน | N48: 0 | O48: 0 | P48: 0 | Q48: 0 | R48: 0 | S48: ห่ออัดเบลแบน500 | T48: 45976 | U48: 5000 | V48: 0 | W48: 5000 | X48: 0 | Y48: 5250 | Z48: WSWT1921720 | AA48: 4679.95 | AB48: 0 | AC48: 4679.95 | AD48: 0 | AE48: 0 | AF48: PDR250365 | AG48: ยังไม่ได้พิมพ์ | AH48: P7 | AI48: 2 | AJ48: 45976 | AK48: 0 | AL48: 45967 | AM48: 45974 | AN48: 45975 | AO48: 45975 | AP48: 45971 | AQ48: 0 | AR48: 0 | AS48: 0 | AT48: 0 | AU48: 0 | AV48: 0 | AW48: งานพิมพ์ | AX48: / | AY48: 0 | AZ48: 0 | BA48: 0 | BB48: 0 | BC48: WRWT21720/WRWT25800 | BD48: 352.51463
A49: 45966 | B49: MK68-001330 | C49: บจก.เคอรี่ฟลาวมิลล์ | D49: ดอกไม้เหลือง | E49: 19 | F49: 32 | G49: ขาว | H49: 0 | I49: 67 | J49: + | K49: 5 | L49: บิด | M49: ไม่สวมถุงใน | N49: 0 | O49: 0 | P49: 0 | Q49: 0 | R49: 0 | S49: ห่ออัดเบลแบน500 | T49: 45976 | U49: 5000 | V49: 0 | W49: 5000 | X49: 0 | Y49: 5250 | Z49: WSWT1921720 | AA49: 4679.95 | AB49: 0 | AC49: 4679.95 | AD49: 0 | AE49: 0 | AF49: PDR250365 | AG49: ยังไม่ได้พิมพ์ | AH49: P7 | AI49: 2 | AJ49: 45976 | AK49: 0 | AL49: 45967 | AM49: 45974 | AN49: 45975 | AO49: 45975 | AP49: 45971 | AQ49: 0 | AR49: 0 | AS49: 0 | AT49: 0 | AU49: 0 | AV49: 0 | AW49: งานพิมพ์ | AX49: / | AY49: 0 | AZ49: 0 | BA49: 0 | BB49: 0 | BC49: WRWT21720/WRWT25800 | BD49: 352.51463
A50: 45966 | B50: MK68-001330 | C50: บจก.เคอรี่ฟลาวมิลล์ | D50: BS(แต้มฟ้า) | E50: 19 | F50: 32 | G50: ขาว | H50: 0 | I50: 67 | J50: + | K50: 5 | L50: บิด | M50: ไม่สวมถุงใน | N50: 0 | O50: 0 | P50: 0 | Q50: 0 | R50: 0 | S50: ห่ออัดเบลแบน500 | T50: 45976 | U50: 5000 | V50: 0 | W50: 5000 | X50: 0 | Y50: 5250 | Z50: WSWT1921720 | AA50: 4679.95 | AB50: 0 | AC50: 4679.95 | AD50: 0 | AE50: 0 | AF50: PDR250365 | AG50: รอแบบ | AH50: P7 | AI50: 2 | AJ50: 45976 | AK50: 0 | AL50: 45967 | AM50: 45974 | AN50: 45975 | AO50: 45975 | AP50: 45971 | AQ50: 0 | AR50: 0 | AS50: 0 | AT50: 0 | AU50: 0 | AV50: 0 | AW50: งานพิมพ์ | AX50: / | AY50: 0 | AZ50: 0 | BA50: 0 | BB50: 0 | BC50: WRWT21720/WRWT25800 | BD50: 352.51463
A51: 45966 | B51: MK68-001330 | C51: บจก.เคอรี่ฟลาวมิลล์ | D51: หีบเพลงเหลือง | E51: 19 | F51: 32 | G51: ขาว | H51: 0 | I51: 67 | J51: + | K51: 5 | L51: บิด | M51: ไม่สวมถุงใน | N51: 0 | O51: 0 | P51: 0 | Q51: 0 | R51: 0 | S51: ห่ออัดเบลแบน500 | T51: 45976 | U51: 5000 | V51: 0 | W51: 5000 | X51: 0 | Y51: 5250 | Z51: WSWT1921720 | AA51: 4679.95 | AB51: 0 | AC51: 4679.95 | AD51: 0 | AE51: 0 | AF51: PDR250365 | AG51: พร้อมส่ง | AH51: P7 | AI51: 2 | AJ51: 45976 | AK51: 0 | AL51: 45967 | AM51: 45974 | AN51: 45975 | AO51: 45975 | AP51: 45971 | AQ51: 0 | AR51: 0 | AS51: 0 | AT51: 0 | AU51: 0 | AV51: 0 | AW51: งานพิมพ์ | AX51: / | AY51: 0 | AZ51: 0 | BA51: 0 | BB51: 0 | BC51: WRWT21720/WRWT25800 | BD51: 352.51463
A52: 45966 | B52: MK68-001330 | C52: บจก.เคอรี่ฟลาวมิลล์ | D52: WHOLE WHEAT | E52: 19 | F52: 32 | G52: ขาว | H52: 0 | I52: 67 | J52: + | K52: 5 | L52: บิด | M52: ไม่สวมถุงใน | N52: 0 | O52: 0 | P52: 0 | Q52: 0 | R52: 0 | S52: ห่ออัดเบลแบน500 | T52: 45976 | U52: 5000 | V52: 0 | W52: 5000 | X52: 0 | Y52: 5250 | Z52: WSWT1921720 | AA52: 4679.95 | AB52: 0 | AC52: 4679.95 | AD52: 0 | AE52: 0 | AF52: PDR250365 | AG52: ยังไม่ได้พิมพ์ | AH52: P7 | AI52: 2 | AJ52: 45976 | AK52: 0 | AL52: 45967 | AM52: 45974 | AN52: 45975 | AO52: 45975 | AP52: 45971 | AQ52: 0 | AR52: 0 | AS52: 0 | AT52: 0 | AU52: 0 | AV52: 0 | AW52: งานพิมพ์ | AX52: / | AY52: 0 | AZ52: 0 | BA52: 0 | BB52: 0 | BC52: WRWT21720/WRWT25800 | BD52: 352.51463
A53: ประมาณการ | B53: ประมาณการ | C53: บจก.เคอรี่ฟลาวมิลล์ | D53: รอแบบ | E53: 19 | F53: 32 | G53: ขาว | H53: 0 | I53: 67 | J53: + | K53: 5 | L53: บิด | M53: ไม่สวมถุงใน | N53: 0 | O53: 0 | P53: 0 | Q53: 0 | R53: 0 | S53: ห่ออัดเบลแบน500 | T53: 45991 | U53: 125000 | V53: 0 | W53: 125000 | X53: 0 | Y53: 131250 | Z53: WSWT1921720 | AA53: 116998.75 | AB53: 0 | AC53: 116998.75 | AD53: 0 | AE53: 0 | AF53: 0 | AG53: ยังไม่ได้พิมพ์ | AH53: P7 | AI53: 2 | AJ53: 45991 | AK53: 0 | AL53: 45982 | AM53: 45989 | AN53: 45990 | AO53: 45990 | AP53: 45986 | AQ53: 0 | AR53: 0 | AS53: 0 | AT53: 0 | AU53: 0 | AV53: 0 | AW53: งานพิมพ์ | AX53: รอART | AY53: 0 | AZ53: 0 | BA53: 0 | BB53: 0 | BC53: WRWT21720/WRWT25800 | BD53: 8812.8658
A54: 0 | B54: 0 | C54: 0 | D54: 0 | E54: 19 | F54: 30 | G54: 0 | H54: 0 | I54: 63 | J54: + | K54: 5 | L54: 0 | M54: 0 | N54: 0 | O54: 0 | P54: 0 | Q54: 0 | R54: 0 | S54: 0 | U54: 0 | V54: 0 | W54: 0 | X54: 0 | Y54: 0 | Z54: WSWT1921720 | AA54: 211156.55 | AB54: 23399.75 | AC54: 187756.8 | AD54: 0 | AE54: 0 | AF54: ระบุในSD | AG54: พร้อมส่ง | AH54: 0 | AI54: Lead time | AJ54: 0 | AK54: 0 | AL54: 0 | AM54: 0 | AN54: 0 | AO54: 0 | AP54: 0 | AQ54: 0 | AR54: 0 | AS54: 0 | AT54: 0 | AU54: 0 | AV54: 0 | AW54: 0 | AX54: 0 | AY54: 0 | AZ54: 0 | BA54: 0 | BB54: 0 | BC54: WRWT190720/WRWT25800 | BD54: 0
A55: 45967 | B55: MK68-001338 | C55: บจก.เอเชี่ยนเคมิคัล | D55: A.C.C.ภาษาอังกฤษ 8-118 | E55: 19 | F55: 26 | G55: ขาว | H55: ด้าน | I55: 70 | J55: ± | K55: 5 | L55: ไม่ | M55: 20 | N55: 28 | O55: 50 | P55: 172.69643 | Q55: 0 | R55: 172.69643 | S55: มัด100 | T55: 45978 | U55: 10000 | V55: 0 | W55: 10000 | X55: 0 | Y55: 10500 | Z55: WSWT1925800SM | AA55: 7683.5 | AB55: 7683.5 | AC55: 0 | AD55: 2971 | AE55: 4712.5 | AF55: 0 | AG55: พร้อมส่ง | AH55: P8 | AI55: 4 | AJ55: 45978 | AK55: 45974 | AL55: 45968 | AM55: 45975 | AN55: 45976 | AO55: 45976 | AP55: 45973 | AQ55: 45977 | AR55: 0 | AS55: 0 | AT55: 0 | AU55: 0 | AV55: 0 | AW55: งานเคลือบ+พิมพ์ | AX55: / | AY55: เย็น17/11 | AZ55: 0 | BA55: 0 | BB55: 0 | BC55: WRWT25800/WRWT25800 | BD55: 0
A56: 45967 | B56: MK68-001338 | C56: บจก.เอเชี่ยนเคมิคัล | D56: A.C.C.ภาษาอังกฤษ | E56: 19 | F56: 26 | G56: ขาว | H56: ด้าน | I56: 70 | J56: ± | K56: 5 | L56: ไม่ | M56: 20 | N56: 28 | O56: 50 | P56: 172.69643 | Q56: 0 | R56: 172.69643 | S56: มัด100 | T56: 45978 | U56: 10000 | V56: 0 | W56: 10000 | X56: 0 | Y56: 10500 | Z56: WSWT1925800SM | AA56: 7683.5 | AB56: 3349 | AC56: 4334.5 | AD56: 0 | AE56: 7683.5 | AF56: 8-111-131 | AG56: พร้อมส่ง | AH56: P8 | AI56: 4 | AJ56: 45978 | AK56: 45974 | AL56: 45968 | AM56: 45975 | AN56: 45976 | AO56: 45976 | AP56: 45973 | AQ56: 45977 | AR56: 0 | AS56: 0 | AT56: 0 | AU56: 0 | AV56: 0 | AW56: งานเคลือบ+พิมพ์ | AX56: / | AY56: เย็น17/11 | AZ56: 0 | BA56: 0 | BB56: 0 | BC56: WRWT25800/WRWT25800 | BD56: 292.81956
A57: 0 | B57: 0 | C57: 0 | D57: 0 | E57: 19 | F57: 30 | G57: 0 | H57: 0 | I57: 56 | J57: ± | K57: 5 | L57: 0 | M57: 0 | N57: 0 | O57: 0 | P57: 0 | Q57: 0 | R57: 0 | S57: 0 | U57: 0 | W57: 0 | X57: 0 | Y57: 0 | Z57: WSWT1925800SM | AA57: 15367 | AB57: 11032.5 | AC57: 4334.5 | AD57: 2971 | AE57: 12396 | AF57: ระบุในSD | AG57: พร้อมส่ง | AH57: 0 | AI57: Lead time | AJ57: 0 | AK57: 0 | AL57: 0 | AM57: 0 | AN57: 0 | AO57: 0 | AP57: 0 | AQ57: 0 | AR57: 0 | AS57: 0 | AT57: 0 | AU57: 0 | AV57: 0 | AW57: 0 | AX57: 0 | AY57: 0 | AZ57: 0 | BA57: 0 | BB57: 0 | BC57: WRWT190800/WRWT25800 | BD57: 0
A58: 45905 | B58: MK68-001080 | C58: บจก.อินเทคค์ โกลบอล | D58: เพอเฟคค์104 โกลด์ | E58: 19 | F58: 34 | G58: ขาว | H58: ด้าน | I58: 100 | J58: ± | K58: 5 | L58: จับจีบ4" | M58: ไม่สวมถุงใน | N58: 0 | O58: 0 | P58: 0 | Q58: 0 | R58: 0 | S58: มัด80 ใช้สายรัด | T58: รอแจ้ง | U58: 109 | V58: 0 | W58: 109 | X58: 6124 | Y58: 0 | Z58: WSWT19251000SM | AA58: 0 | AB58: 0 | AC58: 0 | AD58: 0 | AE58: 0 | AF58: 0 | AG58: พร้อมส่ง | AH58: P6 | AI58: 4 | AJ58: รอแจ้ง | AK58: #VALUE! | AL58: #VALUE! | AM58: #VALUE! | AN58: #VALUE! | AO58: #VALUE! | AP58: #VALUE! | AQ58: 0 | AR58: 0 | AS58: 0 | AT58: 0 | AU58: 0 | AV58: 0 | AW58: งานเคลือบ+พิมพ์ | AX58: / | AY58: 0 | AZ58: 0 | BA58: 0 | BB58: 0 | BC58: WRWT251000/WRWT251000 | BD58: 0
A59: 0 | B59: 0 | C59: 0 | D59: 0 | E59: 19 | F59: 34 | G59: ขาว | H59: 0 | I59: 80 | J59: ± | K59: 5 | L59: 0 | M59: 0 | N59: 0 | O59: 0 | P59: 0 | Q59: 0 | R59: 0 | S59: 0 | U59: 0 | V59: 0 | W59: 0 | X59: 0 | Y59: 0 | Z59: WSWT19251000SM | AA59: 0 | AB59: 0 | AC59: 0 | AD59: 0 | AE59: 0 | AF59: ระบุในSD | AG59: ยังไม่ได้พิมพ์ | AH59: 0 | AI59: Lead time | AJ59: 0 | AK59: 0 | AL59: 0 | AM59: 0 | AN59: 0 | AO59: 0 | AP59: 0 | AQ59: 0 | AR59: 0 | AS59: 0 | AT59: 0 | AU59: 0 | AV59: 0 | AW59: 0 | AX59: 0 | AY59: 0 | AZ59: 0 | BA59: 0 | BB59: 0 | BC59: WRWT251000/WRYL251000 | BD59: 0
A60: 45951 | B60: MK68-001257 | C60: บจก.อินเทคค์ โกลบอล | D60: เพอเฟคค์ 913 | E60: 20 | F60: 36 | G60: ขาว | H60: ด้าน | I60: 100 | J60: ± | K60: 5 | L60: จับจีบ4" | M60: ไม่สวมถุงใน | N60: 0 | O60: 0 | P60: 0 | Q60: 0 | R60: 0 | S60: มัด80 ใช้สายรัด | T60: รอแจ้ง | U60: 2880 | V60: 0 | W60: 2880 | X60: 0 | Y60: 3024 | Z60: WSWT2025800SM | AA60: 3017.52 | AB60: 3017.52 | AC60: 0 | AD60: 3017.52 | AE60: 0 | AF60: รอเก็บ | AG60: พร้อมส่ง | AH60: P6 | AI60: 4 | AJ60: รอแจ้ง | AK60: #VALUE! | AL60: #VALUE! | AM60: #VALUE! | AN60: #VALUE! | AO60: #VALUE! | AP60: #VALUE! | AQ60: 0 | AR60: 0 | AS60: 0 | AT60: 0 | AU60: 0 | AV60: 0 | AW60: งานเคลือบ+พิมพ์ | AX60: / | AY60: 3/11,10000 10/11,10000 17/11 ,10000 | AZ60: 0 | BA60: 0 | BB60: 0 | BC60: WRWT25850/WRWT25850 | BD60: 0
A61: 45951 | B61: MK68-001256 | C61: บจก.อินเทคค์ โกลบอล | D61: เพอเฟคค์ 912 | E61: 20 | F61: 36 | G61: ขาว | H61: ด้าน | I61: 100 | J61: ± | K61: 5 | L61: จับจีบ4" | M61: ไม่สวมถุงใน | N61: 0 | O61: 0 | P61: 0 | Q61: 0 | R61: 0 | S61: มัด80 ใช้สายรัด | T61: รอแจ้ง | U61: 535 | V61: 0 | W61: 535 | X61: 11205 | Y61: 0 | Z61: WSWT2025800SM | AA61: 0 | AB61: 0 | AC61: 0 | AD61: 0 | AE61: 0 | AF61: บล๊อกแตกเนื่องจากโดนมีดพนักงาน | AG61: พร้อมส่ง | AH61: P6 | AI61: 4 | AJ61: รอแจ้ง | AK61: #VALUE! | AL61: #VALUE! | AM61: #VALUE! | AN61: #VALUE! | AO61: #VALUE! | AP61: #VALUE! | AQ61: 0 | AR61: 0 | AS61: 0 | AT61: 0 | AU61: 0 | AV61: 0 | AW61: งานเคลือบ+พิมพ์ | AX61: / | AY61: 0 | AZ61: 0 | BA61: 0 | BB61: 0 | BC61: WRWT25850/WRWT25850 | BD61: 0
A62: 45916 | B62: MK68-001119 | C62: บจก.ซันฟีด | D62: 007 | E62: 20 | F62: 38 | G62: ขาว | H62: ด้าน | I62: 100 | J62: + | K62: 0 | L62: ไม่ | M62: ไม่สวมถุงใน | N62: 0 | O62: 0 | P62: 0 | Q62: 0 | R62: 0 | S62: 300กระสอบแบนเต็มใบ | T62: 45975 | U62: 2500 | V62: 2500 | W62: 0 | X62: 2543 | Y62: 0 | Z62: WSWT2025800SM | AA62: 0 | AB62: 0 | AC62: 0 | AD62: 0 | AE62: 0 | AF62: 0 | AG62: ยังไม่ได้พิมพ์ | AH62: P6 | AI62: 4 | AJ62: 45975 | AK62: 45971 | AL62: 45964 | AM62: 45972 | AN62: 45973 | AO62: 45974 | AP62: 45970 | AQ62: 0 | AR62: 0 | AS62: 0 | AT62: 0 | AU62: 0 | AV62: 0 | AW62: งานเคลือบ+พิมพ์ | AX62: / | AY62: 0 | AZ62: 0 | BA62: 0 | BB62: 0 | BC62: WRWT25850/WRWT25850 | BD62: 0
A63: 45916 | B63: MK68-001119 | C63: บจก.ซันฟีด | D63: ขุนศึกเบอร์ 1 | E63: 20 | F63: 38 | G63: ขาว | H63: ด้าน | I63: 100 | J63: + | K63: 0 | L63: บิด | M63: ไม่สวมถุงใน | N63: 0 | O63: 0 | P63: 0 | Q63: 0 | R63: 0 | S63: 300กระสอบแบนเต็มใบ | T63: 45971 | U63: 2500 | V63: 2500 | W63: 0 | X63: 5100 | Y63: 0 | Z63: WSWT2025800SM | AA63: 0 | AB63: 0 | AC63: 0 | AD63: 0 | AE63: 0 | AF63: 0 | AG63: รอตัด | AH63: P6 | AI63: 4 | AJ63: 45971 | AK63: 45967 | AL63: 45960 | AM63: 45968 | AN63: 45969 | AO63: 45970 | AP63: 45966 | AQ63: 0 | AR63: 0 | AS63: 0 | AT63: 0 | AU63: 0 | AV63: 0 | AW63: งานเคลือบ+พิมพ์ | AX63: / | AY63: 0 | AZ63: 0 | BA63: 0 | BB63: 0 | BC63: WRWT25850/WRWT25850 | BD63: 0
A64: 45916 | B64: MK68-001119 | C64: บจก.ซันฟีด | D64: 953 | E64: 20 | F64: 38 | G64: ขาว | H64: ด้าน | I64: 100 | J64: + | K64: 0 | L64: ไม่ | M64: ไม่สวมถุงใน | N64: 0 | O64: 0 | P64: 0 | Q64: 0 | R64: 0 | S64: 300กระสอบแบนเต็มใบ | T64: 45972 | U64: 5000 | V64: 4489 | W64: 511 | X64: 5000 | Y64: 0 | Z64: WSWT2025800SM | AA64: 0 | AB64: 0 | AC64: 0 | AD64: 0 | AE64: 0 | AF64: 0 | AG64: พร้อมส่ง | AH64: P6 | AI64: 4 | AJ64: 45972 | AK64: 45968 | AL64: 45961 | AM64: 45969 | AN64: 45970 | AO64: 45971 | AP64: 45967 | AQ64: 0 | AR64: 0 | AS64: 0 | AT64: 0 | AU64: 0 | AV64: 0 | AW64: งานเคลือบ+พิมพ์ | AX64: / | AY64: 0 | AZ64: 0 | BA64: 0 | BB64: 0 | BC64: WRWT25850/WRWT25850 | BD64: 0
A65: 45916 | B65: MK68-001119 | C65: บจก.ซันฟีด | D65: 964 | E65: 20 | F65: 39 | G65: ขาว | H65: ด้าน | I65: 102 | J65: + | K65: 0 | L65: บิด | M65: ไม่สวมถุงใน | N65: 0 | O65: 0 | P65: 0 | Q65: 0 | R65: 0 | S65: 300กระสอบแบนเต็มใบ | T65: 45972 | U65: 3500 | V65: 0 | W65: 3500 | X65: 0 | Y65: 3675 | Z65: WSWT2025800SM | AA65: 3960.495 | AB65: 3960.495 | AC65: 0 | AD65: 3960.495 | AE65: 0 | AF65: 0 | AG65: ยังไม่ได้พิมพ์ | AH65: P6 | AI65: 4 | AJ65: 45972 | AK65: 45968 | AL65: 45961 | AM65: 45969 | AN65: 45970 | AO65: 45971 | AP65: 45967 | AQ65: 0 | AR65: 0 | AS65: 0 | AT65: 0 | AU65: 0 | AV65: 0 | AW65: งานเคลือบ+พิมพ์ | AX65: / | AY65: 0 | AZ65: 0 | BA65: 0 | BB65: 0 | BC65: WRWT25850/WRWT25850 | BD65: 0
A66: 45916 | B66: MK68-001119 | C66: บจก.ซันฟีด | D66: ขุนศึกเบอร์ 2 | E66: 20 | F66: 38 | G66: ขาว | H66: ด้าน | I66: 100 | J66: + | K66: 0 | L66: บิด | M66: ไม่สวมถุงใน | N66: 0 | O66: 0 | P66: 0 | Q66: 0 | R66: 0 | S66: 300กระสอบแบนเต็มใบ | T66: 45972 | U66: 5000 | V66: 0 | W66: 5000 | X66: 5363 | Y66: 0 | Z66: WSWT2025800SM | AA66: 0 | AB66: 0 | AC66: 0 | AD66: 0 | AE66: 0 | AF66: 0 | AG66: พร้อมส่ง | AH66: P6 | AI66: 4 | AJ66: 45972 | AK66: 45968 | AL66: 45961 | AM66: 45969 | AN66: 45970 | AO66: 45971 | AP66: 45967 | AQ66: 0 | AR66: 0 | AS66: 0 | AT66: 0 | AU66: 0 | AV66: 0 | AW66: งานเคลือบ+พิมพ์ | AX66: / | AY66: 0 | AZ66: 0 | BA66: 0 | BB66: 0 | BC66: WRWT25850/WRWT25850 | BD66: 0
A67: 45923 | B67: MK68-001158 | C67: บจก.เอสพีเอ็ม อาหารสัตว์ | D67: SW 441 | E67: 20 | F67: 38 | G67: ขาว | H67: ใส | I67: 100 | J67: ± | K67: 5 | L67: บิด | M67: ไม่สวมถุงใน | N67: 0 | O67: 0 | P67: 0 | Q67: 0 | R67: 0 | S67: 500กระสอบแบน | T67: 45972 | U67: 12000 | V67: 12000 | W67: 0 | X67: 12440 | Y67: 0 | Z67: WSWT2025800SM | AA67: 0 | AB67: 0 | AC67: 0 | AD67: 0 | AE67: 0 | AF67: 0 | AG67: พร้อมส่ง | AH67: P6 | AI67: 4 | AJ67: 45972 | AK67: 45968 | AL67: 45961 | AM67: 45969 | AN67: 45970 | AO67: 45971 | AP67: 45967 | AQ67: 0 | AR67: 0 | AS67: 0 | AT67: 0 | AU67: 0 | AV67: 0 | AW67: งานเคลือบ+พิมพ์ | AX67: / | AY67: 0 | AZ67: 0 | BA67: 0 | BB67: 0 | BC67: WRWT25850/WRWT25850 | BD67: 0
A68: 45916 | B68: MK68-001119 | C68: บจก.ซันฟีด | D68: 952 | E68: 20 | F68: 38 | G68: ขาว | H68: ด้าน | I68: 100 | J68: + | K68: 0 | L68: ไม่ | M68: ไม่สวมถุงใน | N68: 0 | O68: 0 | P68: 0 | Q68: 0 | R68: 0 | S68: 300กระสอบแบนเต็มใบ | T68: 45973 | U68: 5000 | V68: 0 | W68: 5000 | X68: 0 | Y68: 5250 | Z68: WSWT2025800SM | AA68: 5518.15 | AB68: 5518.15 | AC68: 0 | AD68: 5518.15 | AE68: 0 | AF68: 0 | AG68: ยังไม่ได้พิมพ์ | AH68: P6 | AI68: 4 | AJ68: 45973 | AK68: 45969 | AL68: 45962 | AM68: 45970 | AN68: 45971 | AO68: 45972 | AP68: 45968 | AQ68: 0 | AR68: 0 | AS68: 0 | AT68: 0 | AU68: 0 | AV68: 0 | AW68: งานเคลือบ+พิมพ์ | AX68: / | AY68: 0 | AZ68: 0 | BA68: 0 | BB68: 0 | BC68: WRWT25850/WRWT25850 | BD68: 0
A69: 45916 | B69: MK68-001119 | C69: บจก.ซันฟีด | D69: 007 | E69: 20 | F69: 38 | G69: ขาว | H69: ด้าน | I69: 100 | J69: + | K69: 0 | L69: ไม่ | M69: ไม่สวมถุงใน | N69: 0 | O69: 0 | P69: 0 | Q69: 0 | R69: 0 | S69: 300กระสอบแบนเต็มใบ | T69: 45979 | U69: 2500 | V69: 2500 | W69: 0 | X69: 2543 | Y69: 0 | Z69: WSWT2025800SM | AA69: 0 | AB69: 0 | AC69: 0 | AD69: 0 | AE69: 0 | AF69: 0 | AG69: ยังไม่ได้พิมพ์ | AH69: P6 | AI69: 4 | AJ69: 45979 | AK69: 45975 | AL69: 45968 | AM69: 45976 | AN69: 45977 | AO69: 45978 | AP69: 45974 | AQ69: 0 | AR69: 0 | AS69: 0 | AT69: 0 | AU69: 0 | AV69: 0 | AW69: งานเคลือบ+พิมพ์ | AX69: / | AY69: 0 | AZ69: 0 | BA69: 0 | BB69: 0 | BC69: WRWT25850/WRWT25850 | BD69: 0
A70: 45896 | B70: MK68-001040 | C70: บจก.เอสพีเอ็ม อาหารสัตว์ | D70: ฟิล กู๊ด พี4 | E70: 20 | F70: 38 | G70: ขาว | H70: ใส | I70: 100 | J70: ± | K70: 5 | L70: บิด | M70: ไม่สวมถุงใน | N70: 0 | O70: 0 | P70: 0 | Q70: 0 | R70: 0 | S70: 500กระสอบแบน | T70: 45975 | U70: 3000 | V70: 3194 | W70: 0 | X70: 8100 | Y70: 0 | Z70: WSWT2025800SM | AA70: 0 | AB70: 0 | AC70: 0 | AD70: 0 | AE70: 0 | AF70: 0 | AG70: ยังไม่ได้พิมพ์ | AH70: P6 | AI70: 5 | AJ70: 45975 | AK70: 45970 | AL70: 45963 | AM70: 45971 | AN70: 45972 | AO70: 45973 | AP70: 45970 | AQ70: 0 | AR70: 0 | AS70: 0 | AT70: 0 | AU70: 0 | AV70: 0 | AW70: งานเคลือบ+พิมพ์ | AX70: / | AY70: 0 | AZ70: 0 | BA70: 0 | BB70: 0 | BC70: WRWT25850/WRWT25850 | BD70: 0
A71: 45964 | B71: MK68-001317 | C71: บจก.วีซีเอฟ | D71: VC 105 | E71: 20 | F71: 38 | G71: ขาว | H71: ใส | I71: 100 | J71: ± | K71: 5 | L71: บิด | M71: ไม่สวมถุงใน | N71: 0 | O71: 0 | P71: 0 | Q71: 0 | R71: 0 | S71: 500กระสอบแบน | T71: 45975 | U71: 10000 | V71: 0 | W71: 10000 | X71: 0 | Y71: 10500 | Z71: WSWT2025800SM | AA71: 11036.3 | AB71: 11036.3 | AC71: 0 | AD71: 11036.3 | AE71: 0 | AF71: 0 | AG71: พร้อมส่ง | AH71: P6 | AI71: 5 | AJ71: 45975 | AK71: 45970 | AL71: 45963 | AM71: 45971 | AN71: 45972 | AO71: 45973 | AP71: 45970 | AQ71: 0 | AR71: 0 | AS71: 0 | AT71: 0 | AU71: 0 | AV71: 0 | AW71: งานเคลือบ+พิมพ์ | AX71: / | AY71: 0 | AZ71: 0 | BA71: 0 | BB71: 0 | BC71: WRWT25850/WRWT25850 | BD71: 0
A72: 45964 | B72: MK68-001317 | C72: บจก.วีซีเอฟ | D72: VC 108 | E72: 20 | F72: 38 | G72: ขาว | H72: ใส | I72: 100 | J72: ± | K72: 5 | L72: บิด | M72: ไม่สวมถุงใน | N72: 0 | O72: 0 | P72: 0 | Q72: 0 | R72: 0 | S72: 500กระสอบแบน | T72: 45975 | U72: 10000 | V72: 0 | W72: 10000 | X72: 0 | Y72: 10500 | Z72: WSWT2025800SM | AA72: 11036.3 | AB72: 11036.3 | AC72: 0 | AD72: 11036.3 | AE72: 0 | AF72: 0 | AG72: ยังไม่ได้พิมพ์ | AH72: P6 | AI72: 5 | AJ72: 45975 | AK72: 45970 | AL72: 45963 | AM72: 45971 | AN72: 45972 | AO72: 45973 | AP72: 45970 | AQ72: 0 | AR72: 0 | AS72: 0 | AT72: 0 | AU72: 0 | AV72: 0 | AW72: งานเคลือบ+พิมพ์ | AX72: / | AY72: 0 | AZ72: 0 | BA72: 0 | BB72: 0 | BC72: WRWT25850/WRWT25850 | BD72: 0
A73: 45958 | B73: MK68-001296 | C73: บจก.เอสพีเอ็ม อาหารสัตว์ | D73: NOVA S2 | E73: 20 | F73: 38 | G73: ขาว | H73: ด้าน | I73: 100 | J73: ± | K73: 5 | L73: บิด | M73: ไม่สวมถุงใน | N73: 0 | O73: 0 | P73: 0 | Q73: 0 | R73: 0 | S73: 500กระสอบแบน | T73: 45977 | U73: 3000 | V73: 0 | W73: 3000 | X73: 0 | Y73: 3150 | Z73: WSWT2025800SM | AA73: 3310.89 | AB73: 3310.89 | AC73: 0 | AD73: 3310.89 | AE73: 0 | AF73: 0 | AG73: ยังไม่ได้พิมพ์ | AH73: P6 | AI73: 4 | AJ73: 45977 | AK73: 45973 | AL73: 45966 | AM73: 45974 | AN73: 45975 | AO73: 45976 | AP73: 45972 | AQ73: 0 | AR73: 0 | AS73: 0 | AT73: 0 | AU73: 0 | AV73: 0 | AW73: งานเคลือบ+พิมพ์ | AX73: / | AY73: 0 | AZ73: 0 | BA73: 0 | BB73: 0 | BC73: WRWT25850/WRWT25850 | BD73: 0
A74: 45916 | B74: MK68-001119 | C74: บจก.ซันฟีด | D74: ขุนศึกเบอร์ 1 | E74: 20 | F74: 38 | G74: ขาว | H74: ด้าน | I74: 100 | J74: + | K74: 0 | L74: บิด | M74: ไม่สวมถุงใน | N74: 0 | O74: 0 | P74: 0 | Q74: 0 | R74: 0 | S74: 300กระสอบแบนเต็มใบ | T74: 45978 | U74: 5000 | V74: 5000 | W74: 0 | X74: 6000 | Y74: 0 | Z74: WSWT2025800SM | AA74: 0 | AB74: 0 | AC74: 0 | AD74: 0 | AE74: 0 | AF74: 0 | AG74: ยังไม่ได้พิมพ์ | AH74: P6 | AI74: 4 | AJ74: 45978 | AK74: 45974 | AL74: 45967 | AM74: 45975 | AN74: 45976 | AO74: 45977 | AP74: 45973 | AQ74: 0 | AR74: 0 | AS74: 0 | AT74: 0 | AU74: 0 | AV74: 0 | AW74: งานเคลือบ+พิมพ์ | AX74: / | AY74: 0 | AZ74: 0 | BA74: 0 | BB74: 0 | BC74: WRWT25850/WRWT25850 | BD74: 0
A75: 45916 | B75: MK68-001119 | C75: บจก.ซันฟีด | D75: 952 | E75: 20 | F75: 38 | G75: ขาว | H75: ด้าน | I75: 100 | J75: + | K75: 0 | L75: ไม่ | M75: ไม่สวมถุงใน | N75: 0 | O75: 0 | P75: 0 | Q75: 0 | R75: 0 | S75: 300กระสอบแบนเต็มใบ | T75: 45978 | U75: 5000 | V75: 0 | W75: 5000 | X75: 0 | Y75: 5250 | Z75: WSWT2025800SM | AA75: 5518.15 | AB75: 5518.15 | AC75: 0 | AD75: 5518.15 | AE75: 0 | AF75: 0 | AG75: ยังไม่ได้พิมพ์ | AH75: P6 | AI75: 4 | AJ75: 45978 | AK75: 45974 | AL75: 45967 | AM75: 45975 | AN75: 45976 | AO75: 45977 | AP75: 45973 | AQ75: 0 | AR75: 0 | AS75: 0 | AT75: 0 | AU75: 0 | AV75: 0 | AW75: งานเคลือบ+พิมพ์ | AX75: / | AY75: 0 | AZ75: 0 | BA75: 0 | BB75: 0 | BC75: WRWT25850/WRWT25850 | BD75: 0
A76: 45948 | B76: MK68-001249 | C76: บจก.เอพีเอ็ม อะโกร | D76: U-FEED U4(เอส) | E76: 20 | F76: 38 | G76: ขาว | H76: ใส | I76: 100 | J76: ± | K76: 5 | L76: บิด | M76: ไม่สวมถุงใน | N76: 0 | O76: 0 | P76: 0 | Q76: 0 | R76: 0 | S76: 500กระสอบแบน | T76: 45978 | U76: 6000 | V76: 0 | W76: 6000 | X76: 0 | Y76: 6300 | Z76: WSWT2025800SM | AA76: 6621.78 | AB76: 6621.78 | AC76: 0 | AD76: 6621.78 | AE76: 0 | AF76: 0 | AG76: ยังไม่ได้พิมพ์ | AH76: P6 | AI76: 4 | AJ76: 45978 | AK76: 45974 | AL76: 45967 | AM76: 45975 | AN76: 45976 | AO76: 45977 | AP76: 45973 | AQ76: 0 | AR76: 0 | AS76: 0 | AT76: 0 | AU76: 0 | AV76: 0 | AW76: งานเคลือบ+พิมพ์ | AX76: / | AY76: 0 | AZ76: 0 | BA76: 0 | BB76: 0 | BC76: WRWT25850/WRWT25850 | BD76: 0
A77: 45933 | B77: MK68-001204 | C77: บจก.เอพีเอ็ม อะโกร | D77: นีโอ พี3 | E77: 20 | F77: 38 | G77: ขาว | H77: ใส | I77: 100 | J77: ± | K77: 5 | L77: บิด | M77: ไม่สวมถุงใน | N77: 0 | O77: 0 | P77: 0 | Q77: 0 | R77: 0 | S77: 500กระสอบแบน | T77: 45978 | U77: 3000 | V77: 0 | W77: 3000 | X77: 0 | Y77: 3150 | Z77: WSWT2025800SM | AA77: 3310.89 | AB77: 3310.89 | AC77: 0 | AD77: 3310.89 | AE77: 0 | AF77: 0 | AG77: พร้อมส่ง | AH77: P6 | AI77: 4 | AJ77: 45978 | AK77: 45974 | AL77: 45967 | AM77: 45975 | AN77: 45976 | AO77: 45977 | AP77: 45973 | AQ77: 0 | AR77: 0 | AS77: 0 | AT77: 0 | AU77: 0 | AV77: 0 | AW77: งานเคลือบ+พิมพ์ | AX77: / | AY77: 0 | AZ77: 0 | BA77: 0 | BB77: 0 | BC77: WRWT25850/WRWT25850 | BD77: 0
A78: 45916 | B78: MK68-001119 | C78: บจก.ซันฟีด | D78: 953 | E78: 20 | F78: 38 | G78: ขาว | H78: ด้าน | I78: 100 | J78: + | K78: 0 | L78: ไม่ | M78: ไม่สวมถุงใน | N78: 0 | O78: 0 | P78: 0 | Q78: 0 | R78: 0 | S78: 300กระสอบแบนเต็มใบ | T78: 45979 | U78: 5000 | V78: 0 | W78: 5000 | X78: 0 | Y78: 5250 | Z78: WSWT2025800SM | AA78: 5518.15 | AB78: 5518.15 | AC78: 0 | AD78: 5518.15 | AE78: 0 | AF78: 0 | AG78: ยังไม่ได้พิมพ์ | AH78: P6 | AI78: 4 | AJ78: 45979 | AK78: 45975 | AL78: 45968 | AM78: 45976 | AN78: 45977 | AO78: 45978 | AP78: 45974 | AQ78: 0 | AR78: 0 | AS78: 0 | AT78: 0 | AU78: 0 | AV78: 0 | AW78: งานเคลือบ+พิมพ์ | AX78: / | AY78: 0 | AZ78: 0 | BA78: 0 | BB78: 0 | BC78: WRWT25850/WRWT25850 | BD78: 0
A79: 45958 | B79: MK68-001293 | C79: บจก.เอสพีเอ็ม อาหารสัตว์ | D79: นีโอ ดีอาร์ 03 | E79: 20 | F79: 38 | G79: ขาว | H79: ด้าน | I79: 100 | J79: ± | K79: 5 | L79: ไม่ | M79: ไม่สวมถุงใน | N79: 0 | O79: 0 | P79: 0 | Q79: 0 | R79: 0 | S79: 500กระสอบแบน | T79: 45979 | U79: 3000 | V79: 0 | W79: 3000 | X79: 0 | Y79: 3150 | Z79: WSWT2025800SM | AA79: 3310.89 | AB79: 3310.89 | AC79: 0 | AD79: 3310.89 | AE79: 0 | AF79: 0 | AG79: รอตัด | AH79: P6 | AI79: 4 | AJ79: 45979 | AK79: 45975 | AL79: 45968 | AM79: 45976 | AN79: 45977 | AO79: 45978 | AP79: 45974 | AQ79: 0 | AR79: 0 | AS79: 0 | AT79: 0 | AU79: 0 | AV79: 0 | AW79: งานเคลือบ+พิมพ์ | AX79: / | AY79: 0 | AZ79: 0 | BA79: 0 | BB79: 0 | BC79: WRWT25850/WRWT25850 | BD79: 0
A80: 45916 | B80: MK68-001119 | C80: บจก.ซันฟีด | D80: 956 | E80: 20 | F80: 38 | G80: ขาว | H80: ด้าน | I80: 100 | J80: + | K80: 0 | L80: ไม่ | M80: ไม่สวมถุงใน | N80: 0 | O80: 0 | P80: 0 | Q80: 0 | R80: 0 | S80: 300กระสอบแบนเต็มใบ | T80: 45979 | U80: 2500 | V80: 1728 | W80: 772 | X80: 2600 | Y80: 0 | Z80: WSWT2025800SM | AA80: 0 | AB80: 0 | AC80: 0 | AD80: 0 | AE80: 0 | AF80: 0 | AG80: ยังไม่ได้พิมพ์ | AH80: P6 | AI80: 4 | AJ80: 45979 | AK80: 45975 | AL80: 45968 | AM80: 45976 | AN80: 45977 | AO80: 45978 | AP80: 45974 | AQ80: 0 | AR80: 0 | AS80: 0 | AT80: 0 | AU80: 0 | AV80: 0 | AW80: งานเคลือบ+พิมพ์ | AX80: / | AY80: 0 | AZ80: 0 | BA80: 0 | BB80: 0 | BC80: WRWT25850/WRWT25850 | BD80: 0
A81: 45916 | B81: MK68-001119 | C81: บจก.ซันฟีด | D81: 953 | E81: 20 | F81: 38 | G81: ขาว | H81: ด้าน | I81: 100 | J81: + | K81: 0 | L81: ไม่ | M81: ไม่สวมถุงใน | N81: 0 | O81: 0 | P81: 0 | Q81: 0 | R81: 0 | S81: 300กระสอบแบนเต็มใบ | T81: 45979 | U81: 5000 | V81: 0 | W81: 5000 | X81: 0 | Y81: 5250 | Z81: WSWT2025800SM | AA81: 5518.15 | AB81: 5518.15 | AC81: 0 | AD81: 5518.15 | AE81: 0 | AF81: 0 | AG81: ยังไม่ได้พิมพ์ | AH81: P6 | AI81: 4 | AJ81: 45979 | AK81: 45975 | AL81: 45968 | AM81: 45976 | AN81: 45977 | AO81: 45978 | AP81: 45974 | AQ81: 0 | AR81: 0 | AS81: 0 | AT81: 0 | AU81: 0 | AV81: 0 | AW81: งานเคลือบ+พิมพ์ | AX81: / | AY81: 0 | AZ81: 0 | BA81: 0 | BB81: 0 | BC81: WRWT25850/WRWT25850 | BD81: 0
A82: 45916 | B82: MK68-001119 | C82: บจก.ซันฟีด | D82: ขุนศึกเบอร์ 2 | E82: 20 | F82: 38 | G82: ขาว | H82: ด้าน | I82: 100 | J82: + | K82: 0 | L82: บิด | M82: ไม่สวมถุงใน | N82: 0 | O82: 0 | P82: 0 | Q82: 0 | R82: 0 | S82: 300กระสอบแบนเต็มใบ | T82: 45979 | U82: 5000 | V82: 0 | W82: 5000 | X82: 5363 | Y82: 0 | Z82: WSWT2025800SM | AA82: 0 | AB82: 0 | AC82: 0 | AD82: 0 | AE82: 0 | AF82: 0 | AG82: พร้อมส่ง | AH82: P6 | AI82: 4 | AJ82: 45979 | AK82: 45975 | AL82: 45968 | AM82: 45976 | AN82: 45977 | AO82: 45978 | AP82: 45974 | AQ82: 0 | AR82: 0 | AS82: 0 | AT82: 0 | AU82: 0 | AV82: 0 | AW82: งานเคลือบ+พิมพ์ | AX82: / | AY82: 0 | AZ82: 0 | BA82: 0 | BB82: 0 | BC82: WRWT25850/WRWT25850 | BD82: 0
A83: 45964 | B83: MK68-001317 | C83: บจก.วีซีเอฟ | D83: JET 153 | E83: 20 | F83: 38 | G83: ขาว | H83: ใส | I83: 100 | J83: ± | K83: 5 | L83: ไม่ | M83: ไม่สวมถุงใน | N83: 0 | O83: 0 | P83: 0 | Q83: 0 | R83: 0 | S83: 500กระสอบแบน | T83: 45980 | U83: 5000 | V83: 0 | W83: 5000 | X83: 0 | Y83: 5250 | Z83: WSWT2025800SM | AA83: 5518.15 | AB83: 5518.15 | AC83: 0 | AD83: 0 | AE83: 5518.15 | AF83: 0 | AG83: ยังไม่ได้พิมพ์ | AH83: P6 | AI83: 5 | AJ83: 45980 | AK83: 45975 | AL83: 45968 | AM83: 45976 | AN83: 45977 | AO83: 45978 | AP83: 45975 | AQ83: 0 | AR83: 0 | AS83: 0 | AT83: 0 | AU83: 0 | AV83: 0 | AW83: งานเคลือบ+พิมพ์ | AX83: / | AY83: 0 | AZ83: 0 | BA83: 0 | BB83: 0 | BC83: WRWT25850/WRWT25850 | BD83: 0
A84: 45916 | B84: MK68-001119 | C84: บจก.ซันฟีด | D84: 952 | E84: 20 | F84: 38 | G84: ขาว | H84: ด้าน | I84: 100 | J84: + | K84: 0 | L84: ไม่ | M84: ไม่สวมถุงใน | N84: 0 | O84: 0 | P84: 0 | Q84: 0 | R84: 0 | S84: 300กระสอบแบนเต็มใบ | T84: 45981 | U84: 5000 | V84: 0 | W84: 5000 | X84: 0 | Y84: 5250 | Z84: WSWT2025800SM | AA84: 5518.15 | AB84: 5518.15 | AC84: 0 | AD84: 5518.15 | AE84: 0 | AF84: 0 | AG84: ยังไม่ได้พิมพ์ | AH84: P6 | AI84: 4 | AJ84: 45981 | AK84: 45977 | AL84: 45970 | AM84: 45978 | AN84: 45979 | AO84: 45980 | AP84: 45976 | AQ84: 0 | AR84: 0 | AS84: 0 | AT84: 0 | AU84: 0 | AV84: 0 | AW84: งานเคลือบ+พิมพ์ | AX84: / | AY84: 0 | AZ84: 0 | BA84: 0 | BB84: 0 | BC84: WRWT25850/WRWT25850 | BD84: 0
A85: 45916 | B85: MK68-001119 | C85: บจก.ซันฟีด | D85: ขุนศึกเบอร์ 1 | E85: 20 | F85: 38 | G85: ขาว | H85: ด้าน | I85: 100 | J85: + | K85: 0 | L85: บิด | M85: ไม่สวมถุงใน | N85: 0 | O85: 0 | P85: 0 | Q85: 0 | R85: 0 | S85: 300กระสอบแบนเต็มใบ | T85: 45982 | U85: 5000 | V85: 5000 | W85: 0 | X85: 6000 | Y85: 0 | Z85: WSWT2025800SM | AA85: 0 | AB85: 0 | AC85: 0 | AD85: 0 | AE85: 0 | AF85: 0 | AG85: ยังไม่ได้พิมพ์ | AH85: P6 | AI85: 4 | AJ85: 45982 | AK85: 45978 | AL85: 45971 | AM85: 45979 | AN85: 45980 | AO85: 45981 | AP85: 45977 | AQ85: 0 | AR85: 0 | AS85: 0 | AT85: 0 | AU85: 0 | AV85: 0 | AW85: งานเคลือบ+พิมพ์ | AX85: / | AY85: 0 | AZ85: 0 | BA85: 0 | BB85: 0 | BC85: WRWT25850/WRWT25850 | BD85: 0
A86: 45916 | B86: MK68-001119 | C86: บจก.ซันฟีด | D86: 575 | E86: 20 | F86: 38 | G86: ขาว | H86: ด้าน | I86: 100 | J86: + | K86: 0 | L86: ไม่ | M86: ไม่สวมถุงใน | N86: 0 | O86: 0 | P86: 0 | Q86: 0 | R86: 0 | S86: 300กระสอบแบนเต็มใบ | T86: 45982 | U86: 3500 | V86: 0 | W86: 3500 | X86: 0 | Y86: 3675 | Z86: WSWT2025800SM | AA86: 3862.705 | AB86: 3862.705 | AC86: 0 | AD86: 0 | AE86: 3862.705 | AF86: 0 | AG86: ยังไม่ได้พิมพ์ | AH86: P6 | AI86: 4 | AJ86: 45982 | AK86: 45978 | AL86: 45971 | AM86: 45979 | AN86: 45980 | AO86: 45981 | AP86: 45977 | AQ86: 0 | AR86: 0 | AS86: 0 | AT86: 0 | AU86: 0 | AV86: 0 | AW86: งานเคลือบ+พิมพ์ | AX86: / | AY86: 0 | AZ86: 0 | BA86: 0 | BB86: 0 | BC86: WRWT25850/WRWT25850 | BD86: 0
A87: 45933 | B87: MK68-001202 | C87: บจก.เอพีเอ็ม อะโกร | D87: ยู-ฟีด รวมหมู | E87: 20 | F87: 38 | G87: ขาว | H87: ใส | I87: 100 | J87: ± | K87: 5 | L87: บิด | M87: ไม่สวมถุงใน | N87: 0 | O87: 0 | P87: 0 | Q87: 0 | R87: 0 | S87: 500กระสอบแบน | T87: 45985 | U87: 3000 | V87: 0 | W87: 3000 | X87: 0 | Y87: 3150 | Z87: WSWT2025800SM | AA87: 3310.89 | AB87: 3310.89 | AC87: 0 | AD87: 0 | AE87: 3310.89 | AF87: 0 | AG87: พร้อมส่ง | AH87: P6 | AI87: 4 | AJ87: 45985 | AK87: 45981 | AL87: 45974 | AM87: 45982 | AN87: 45983 | AO87: 45984 | AP87: 45980 | AQ87: 0 | AR87: 0 | AS87: 0 | AT87: 0 | AU87: 0 | AV87: 0 | AW87: งานเคลือบ+พิมพ์ | AX87: / | AY87: 0 | AZ87: 0 | BA87: 0 | BB87: 0 | BC87: WRWT25850/WRWT25850 | BD87: 0
A88: 45896 | B88: MK68-001039 | C88: บจก.เอสพีเอ็ม อาหารสัตว์ | D88: U-GOAT14 | E88: 20 | F88: 38 | G88: ขาว | H88: ใส | I88: 100 | J88: ± | K88: 5 | L88: บิด | M88: ไม่สวมถุงใน | N88: 0 | O88: 0 | P88: 0 | Q88: 0 | R88: 0 | S88: 500กระสอบแบน | T88: 45985 | U88: 3000 | V88: 0 | W88: 3000 | X88: 0 | Y88: 3150 | Z88: WSWT2025800SM | AA88: 3310.89 | AB88: 3310.89 | AC88: 0 | AD88: 0 | AE88: 3310.89 | AF88: 0 | AG88: ยังไม่ได้พิมพ์ | AH88: P6 | AI88: 5 | AJ88: 45985 | AK88: 45980 | AL88: 45973 | AM88: 45981 | AN88: 45982 | AO88: 45983 | AP88: 45980 | AQ88: 0 | AR88: 0 | AS88: 0 | AT88: 0 | AU88: 0 | AV88: 0 | AW88: งานเคลือบ+พิมพ์ | AX88: / | AY88: 0 | AZ88: 0 | BA88: 0 | BB88: 0 | BC88: WRWT25850/WRWT25850 | BD88: 0
A89: 45916 | B89: MK68-001119 | C89: บจก.ซันฟีด | D89: ขุนศึกเบอร์ 1 | E89: 20 | F89: 38 | G89: ขาว | H89: ด้าน | I89: 100 | J89: + | K89: 0 | L89: บิด | M89: ไม่สวมถุงใน | N89: 0 | O89: 0 | P89: 0 | Q89: 0 | R89: 0 | S89: 300กระสอบแบนเต็มใบ | T89: 45986 | U89: 5000 | V89: 0 | W89: 5000 | X89: 0 | Y89: 5250 | Z89: WSWT2025800SM | AA89: 5518.15 | AB89: 5518.15 | AC89: 0 | AD89: 0 | AE89: 5518.15 | AF89: 0 | AG89: รอตัด | AH89: P6 | AI89: 4 | AJ89: 45986 | AK89: 45982 | AL89: 45975 | AM89: 45983 | AN89: 45984 | AO89: 45985 | AP89: 45981 | AQ89: 0 | AR89: 0 | AS89: 0 | AT89: 0 | AU89: 0 | AV89: 0 | AW89: งานเคลือบ+พิมพ์ | AX89: / | AY89: 0 | AZ89: 0 | BA89: 0 | BB89: 0 | BC89: WRWT25850/WRWT25850 | BD89: 0
A90: 45909 | B90: MK68-001093 | C90: บจก.เอสพีเอ็ม อาหารสัตว์ | D90: เอส ฟาร์ม115 | E90: 20 | F90: 38 | G90: ขาว | H90: ด้าน | I90: 100 | J90: ± | K90: 5 | L90: บิด | M90: ไม่สวมถุงใน | N90: 0 | O90: 0 | P90: 0 | Q90: 0 | R90: 0 | S90: 500กระสอบแบน | T90: 45986 | U90: 3179 | V90: 2531 | W90: 648 | X90: 6100 | Y90: 0 | Z90: WSWT2025800SM | AA90: 0 | AB90: 0 | AC90: 0 | AD90: 0 | AE90: 0 | AF90: 0 | AG90: ยังไม่ได้พิมพ์ | AH90: P6 | AI90: 4 | AJ90: 45986 | AK90: 45982 | AL90: 45975 | AM90: 45983 | AN90: 45984 | AO90: 45985 | AP90: 45981 | AQ90: 0 | AR90: 0 | AS90: 0 | AT90: 0 | AU90: 0 | AV90: 0 | AW90: งานเคลือบ+พิมพ์ | AX90: / | AY90: 0 | AZ90: 0 | BA90: 0 | BB90: 0 | BC90: WRWT25850/WRWT25850 | BD90: 0
A91: 45916 | B91: MK68-001119 | C91: บจก.ซันฟีด | D91: 952 | E91: 20 | F91: 38 | G91: ขาว | H91: ด้าน | I91: 100 | J91: + | K91: 0 | L91: ไม่ | M91: ไม่สวมถุงใน | N91: 0 | O91: 0 | P91: 0 | Q91: 0 | R91: 0 | S91: 300กระสอบแบนเต็มใบ | T91: 45986 | U91: 5000 | V91: 0 | W91: 5000 | X91: 0 | Y91: 5250 | Z91: WSWT2025800SM | AA91: 5518.15 | AB91: 5518.15 | AC91: 0 | AD91: 5518.15 | AE91: 0 | AF91: 0 | AG91: ยังไม่ได้พิมพ์ | AH91: P6 | AI91: 4 | AJ91: 45986 | AK91: 45982 | AL91: 45975 | AM91: 45983 | AN91: 45984 | AO91: 45985 | AP91: 45981 | AQ91: 0 | AR91: 0 | AS91: 0 | AT91: 0 | AU91: 0 | AV91: 0 | AW91: งานเคลือบ+พิมพ์ | AX91: / | AY91: 0 | AZ91: 0 | BA91: 0 | BB91: 0 | BC91: WRWT25850/WRWT25850 | BD91: 0
A92: 45916 | B92: MK68-001119 | C92: บจก.ซันฟีด | D92: ขุนศึกเบอร์ 2 | E92: 20 | F92: 38 | G92: ขาว | H92: ด้าน | I92: 100 | J92: + | K92: 0 | L92: บิด | M92: ไม่สวมถุงใน | N92: 0 | O92: 0 | P92: 0 | Q92: 0 | R92: 0 | S92: 300กระสอบแบนเต็มใบ | T92: 45986 | U92: 5000 | V92: 0 | W92: 5000 | X92: 5363 | Y92: 0 | Z92: WSWT2025800SM | AA92: 0 | AB92: 0 | AC92: 0 | AD92: 0 | AE92: 0 | AF92: 0 | AG92: พร้อมส่ง | AH92: P6 | AI92: 4 | AJ92: 45986 | AK92: 45982 | AL92: 45975 | AM92: 45983 | AN92: 45984 | AO92: 45985 | AP92: 45981 | AQ92: 0 | AR92: 0 | AS92: 0 | AT92: 0 | AU92: 0 | AV92: 0 | AW92: งานเคลือบ+พิมพ์ | AX92: / | AY92: 0 | AZ92: 0 | BA92: 0 | BB92: 0 | BC92: WRWT25850/WRWT25850 | BD92: 0
A93: 45916 | B93: MK68-001119 | C93: บจก.ซันฟีด | D93: 953 | E93: 20 | F93: 38 | G93: ขาว | H93: ด้าน | I93: 100 | J93: + | K93: 0 | L93: ไม่ | M93: ไม่สวมถุงใน | N93: 0 | O93: 0 | P93: 0 | Q93: 0 | R93: 0 | S93: 300กระสอบแบนเต็มใบ | T93: 45987 | U93: 5000 | V93: 0 | W93: 5000 | X93: 0 | Y93: 5250 | Z93: WSWT2025800SM | AA93: 5518.15 | AB93: 5518.15 | AC93: 0 | AD93: 5518.15 | AE93: 0 | AF93: 0 | AG93: ยังไม่ได้พิมพ์ | AH93: P6 | AI93: 4 | AJ93: 45987 | AK93: 45983 | AL93: 45976 | AM93: 45984 | AN93: 45985 | AO93: 45986 | AP93: 45982 | AQ93: 0 | AR93: 0 | AS93: 0 | AT93: 0 | AU93: 0 | AV93: 0 | AW93: งานเคลือบ+พิมพ์ | AX93: / | AY93: 0 | AZ93: 0 | BA93: 0 | BB93: 0 | BC93: WRWT25850/WRWT25850 | BD93: 0
A94: 45933 | B94: MK68-001203 | C94: บจก.เอพีเอ็ม อะโกร | D94: SPM190 GOAL | E94: 20 | F94: 38 | G94: ขาว | H94: ใส | I94: 100 | J94: ± | K94: 5 | L94: บิด | M94: ไม่สวมถุงใน | N94: 0 | O94: 0 | P94: 0 | Q94: 0 | R94: 0 | S94: 500กระสอบแบน | T94: 45987 | U94: 4000 | V94: 0 | W94: 4000 | X94: 0 | Y94: 4200 | Z94: WSWT2025800SM | AA94: 4414.52 | AB94: 0 | AC94: 4414.52 | AD94: 0 | AE94: 4414.52 | AF94: 0 | AG94: รอตัด | AH94: P6 | AI94: 4 | AJ94: 45987 | AK94: 45983 | AL94: 45976 | AM94: 45984 | AN94: 45985 | AO94: 45986 | AP94: 45982 | AQ94: 0 | AR94: 0 | AS94: 0 | AT94: 0 | AU94: 0 | AV94: 0 | AW94: งานเคลือบ+พิมพ์ | AX94: / | AY94: 0 | AZ94: 0 | BA94: 0 | BB94: 0 | BC94: WRWT25850/WRWT25850 | BD94: 333.54151
A95: 45891 | B95: MK68-001033 | C95: บจก.เอสพีเอ็ม อาหารสัตว์ | D95: นาโน 03 | E95: 20 | F95: 38 | G95: ขาว | H95: ด้าน | I95: 100 | J95: ± | K95: 5 | L95: บิด | M95: ไม่สวมถุงใน | N95: 0 | O95: 0 | P95: 0 | Q95: 0 | R95: 0 | S95: 500กระสอบแบน | T95: 45988 | U95: 3000 | V95: 3000 | W95: 0 | X95: 9150 | Y95: 0 | Z95: WSWT2025800SM | AA95: 0 | AB95: 0 | AC95: 0 | AD95: 0 | AE95: 0 | AF95: 0 | AG95: ยังไม่ได้พิมพ์ | AH95: P6 | AI95: 5 | AJ95: 45988 | AK95: 45983 | AL95: 45976 | AM95: 45984 | AN95: 45985 | AO95: 45986 | AP95: 45983 | AQ95: 0 | AR95: 0 | AS95: 0 | AT95: 0 | AU95: 0 | AV95: 0 | AW95: งานเคลือบ+พิมพ์ | AX95: / | AY95: 8447 | AZ95: 0 | BA95: 0 | BB95: 0 | BC95: WRWT25850/WRWT25850 | BD95: 0
A96: 45941 | B96: MK68-001226 | C96: บจก.เอพีเอ็ม อะโกร | D96: APM 914 | E96: 20 | F96: 38 | G96: ขาว | H96: ใส | I96: 100 | J96: ± | K96: 5 | L96: บิด | M96: ไม่สวมถุงใน | N96: 0 | O96: 0 | P96: 0 | Q96: 0 | R96: 0 | S96: 500กระสอบแบน | T96: 45989 | U96: 3000 | V96: 0 | W96: 3000 | X96: 0 | Y96: 3150 | Z96: WSWT2025800SM | AA96: 3310.89 | AB96: 0 | AC96: 3310.89 | AD96: 0 | AE96: 3310.89 | AF96: 0 | AG96: พร้อมส่ง | AH96: P6 | AI96: 4 | AJ96: 45989 | AK96: 45985 | AL96: 45978 | AM96: 45986 | AN96: 45987 | AO96: 45988 | AP96: 45984 | AQ96: 0 | AR96: 0 | AS96: 0 | AT96: 0 | AU96: 0 | AV96: 0 | AW96: งานเคลือบ+พิมพ์ | AX96: / | AY96: 0 | AZ96: 0 | BA96: 0 | BB96: 0 | BC96: WRWT25850/WRWT25850 | BD96: 250.15613
A97: 45916 | B97: MK68-001119 | C97: บจก.ซันฟีด | D97: 956 | E97: 20 | F97: 38 | G97: ขาว | H97: ด้าน | I97: 100 | J97: + | K97: 0 | L97: ไม่ | M97: ไม่สวมถุงใน | N97: 0 | O97: 0 | P97: 0 | Q97: 0 | R97: 0 | S97: 300กระสอบแบนเต็มใบ | T97: 45989 | U97: 2500 | V97: 1671 | W97: 829 | X97: 2600 | Y97: 0 | Z97: WSWT2025800SM | AA97: 0 | AB97: 0 | AC97: 0 | AD97: 0 | AE97: 0 | AF97: 0 | AG97: พร้อมส่ง | AH97: P6 | AI97: 4 | AJ97: 45989 | AK97: 45985 | AL97: 45978 | AM97: 45986 | AN97: 45987 | AO97: 45988 | AP97: 45984 | AQ97: 0 | AR97: 0 | AS97: 0 | AT97: 0 | AU97: 0 | AV97: 0 | AW97: งานเคลือบ+พิมพ์ | AX97: / | AY97: 0 | AZ97: 0 | BA97: 0 | BB97: 0 | BC97: WRWT25850/WRWT25850 | BD97: 0
A98: 45916 | B98: MK68-001119 | C98: บจก.ซันฟีด | D98: 952 | E98: 20 | F98: 38 | G98: ขาว | H98: ด้าน | I98: 100 | J98: + | K98: 0 | L98: ไม่ | M98: ไม่สวมถุงใน | N98: 0 | O98: 0 | P98: 0 | Q98: 0 | R98: 0 | S98: 300กระสอบแบนเต็มใบ | T98: 45989 | U98: 5000 | V98: 0 | W98: 5000 | X98: 0 | Y98: 5250 | Z98: WSWT2025800SM | AA98: 5518.15 | AB98: 5518.15 | AC98: 0 | AD98: 5518.15 | AE98: 0 | AF98: 0 | AG98: ยังไม่ได้พิมพ์ | AH98: P6 | AI98: 4 | AJ98: 45989 | AK98: 45985 | AL98: 45978 | AM98: 45986 | AN98: 45987 | AO98: 45988 | AP98: 45984 | AQ98: 0 | AR98: 0 | AS98: 0 | AT98: 0 | AU98: 0 | AV98: 0 | AW98: งานเคลือบ+พิมพ์ | AX98: / | AY98: 0 | AZ98: 0 | BA98: 0 | BB98: 0 | BC98: WRWT25850/WRWT25850 | BD98: 0
A99: 45916 | B99: MK68-001119 | C99: บจก.ซันฟีด | D99: 007 | E99: 20 | F99: 38 | G99: ขาว | H99: ด้าน | I99: 100 | J99: + | K99: 0 | L99: ไม่ | M99: ไม่สวมถุงใน | N99: 0 | O99: 0 | P99: 0 | Q99: 0 | R99: 0 | S99: 300กระสอบแบนเต็มใบ | T99: 45989 | U99: 2500 | V99: 2181 | W99: 319 | X99: 2543 | Y99: 0 | Z99: WSWT2025800SM | AA99: 0 | AB99: 0 | AC99: 0 | AD99: 0 | AE99: 0 | AF99: 0 | AG99: พร้อมส่ง | AH99: P6 | AI99: 4 | AJ99: 45989 | AK99: 45985 | AL99: 45978 | AM99: 45986 | AN99: 45987 | AO99: 45988 | AP99: 45984 | AQ99: 0 | AR99: 0 | AS99: 0 | AT99: 0 | AU99: 0 | AV99: 0 | AW99: งานเคลือบ+พิมพ์ | AX99: / | AY99: 0 | AZ99: 0 | BA99: 0 | BB99: 0 | BC99: WRWT25850/WRWT25850 | BD99: 0
A100: 45916 | B100: MK68-001119 | C100: บจก.ซันฟีด | D100: 957 | E100: 20 | F100: 38 | G100: ขาว | H100: ด้าน | I100: 100 | J100: + | K100: 0 | L100: ไม่ | M100: ไม่สวมถุงใน | N100: 0 | O100: 0 | P100: 0 | Q100: 0 | R100: 0 | S100: 300กระสอบแบนเต็มใบ | T100: 45989 | U100: 2500 | V100: 2500 | W100: 0 | X100: 2500 | Y100: 0 | Z100: WSWT2025800SM | AA100: 0 | AB100: 0 | AC100: 0 | AD100: 0 | AE100: 0 | AF100: 2000 | AG100: พร้อมส่ง | AH100: P6 | AI100: 4 | AJ100: 45989 | AK100: 45985 | AL100: 45978 | AM100: 45986 | AN100: 45987 | AO100: 45988 | AP100: 45984 | AQ100: 0 | AR100: 0 | AS100: 0 | AT100: 0 | AU100: 0 | AV100: 0 | AW100: งานเคลือบ+พิมพ์ | AX100: / | AY100: 0 | AZ100: 0 | BA100: 0 | BB100: 0 | BC100: WRWT25850/WRWT25850 | BD100: 0
A101: 45958 | B101: MK68-001285 | C101: บจก.เอพีเอ็ม อะโกร | D101: U-FEED U2(เอส) | E101: 20 | F101: 38 | G101: ขาว | H101: ใส | I101: 100 | J101: ± | K101: 5 | L101: บิด | M101: ไม่สวมถุงใน | N101: 0 | O101: 0 | P101: 0 | Q101: 0 | R101: 0 | S101: 500กระสอบแบน | T101: 45989 | U101: 3000 | V101: 0 | W101: 3000 | X101: 0 | Y101: 3150 | Z101: WSWT2025800SM | AA101: 3310.89 | AB101: 0 | AC101: 3310.89 | AD101: 0 | AE101: 3310.89 | AF101: 0 | AG101: พร้อมส่ง | AH101: P6 | AI101: 4 | AJ101: 45989 | AK101: 45985 | AL101: 45978 | AM101: 45986 | AN101: 45987 | AO101: 45988 | AP101: 45984 | AQ101: 0 | AR101: 0 | AS101: 0 | AT101: 0 | AU101: 0 | AV101: 0 | AW101: งานเคลือบ+พิมพ์ | AX101: / | AY101: 0 | AZ101: 0 | BA101: 0 | BB101: 0 | BC101: WRWT25850/WRWT25850 | BD101: 250.15613
...

Sheet 6-11-68
B2: เรียงกำหนดส่ง | D2: ลบ 0 | T2: เรียง 1
B3: ข้อมูลUpdate ณ. วันที่ | D3: 45967 | E3: เวลา | G3: 10.1
A4: วันรับออร์เดอร์/แบบ | B4: เลขที่ SO | C4: ชื่อลูกค้า | E4: 10.3 | I4: น้ำหนัก | L4: บิด/จับจีบ | M4: ถุงใน | Q4: 44873 | S4: วิธีบรรจุ | T4: วันส่ง | U4: จำนวนส่ง | V4: ตัดเย็บ (ใบ) | W4: 44873 | X4: พิมพ์ (ใบ) | Y4: 44876 | Z4: ผ้าทอ (เมตร) Updateณ | AB4: 44876 | AD4: ผ้าเคลือบ(เมตร) | AF4: หมายเหตุ | AG4: เครื่อง
