Workbook

Sheet Linkสูตรออร์เดอร์  (2)
B2: เรียงกำหนดส่ง | D2: ลบ 0 | T2: เรียง 1
B3: ข้อมูลUpdate ณ. วันที่ | D3: 45875 | E3: เวลา | G3: 10.31
A4: วันรับออร์เดอร์/แบบ | B4: เลขที่ SO | C4: ชื่อลูกค้า | E4: 10.3 | I4: น้ำหนัก | L4: บิด/จับจีบ | M4: ถุงใน | Q4: =[1]หน้าผ้า!$AC$13 -> 44873 | S4: วิธีบรรจุ | T4: วันส่ง | U4: จำนวนส่ง | V4: ตัดเย็บ (ใบ) | W4: =[1]หน้าผ้า!$AJ$13 -> 44873 | X4: พิมพ์ (ใบ) | Y4: =[1]หน้าผ้า!$AM$13 -> 44876 | Z4: ผ้าทอ (เมตร) Updateณ | AB4: =[1]หน้าผ้า!$AR$12 -> 44876 | AD4: ผ้าเคลือบ(เมตร) | AF4: หมายเหตุ | AG4: เครื่อง
B5: เลขที่ SO | C5: ชื่อลูกค้า | D5: ตรา | E5: กว้าง | F5: ยาว | G5: สี | H5: เคลือบ | I5: กรัม/ใบ | J5: * | K5: aw | L5: บิด/จับจีบ | M5: กว้าง | N5: ยาว | O5: หนา | P5: ใช้(กก.) | Q5: Stock(กก.) | R5: ผลิต(กก.) | S5: วิธีบรรจุ | T5: วันส่ง | U5: จำนวนส่ง | V5: StockFG | W5: ค้างตัด | X5: พิมพ์แล้ว | Y5: ค้างพิมพ์ | Z5: ประเภท | AA5: ใช้ | AB5: Stock | AC5: ค้างทอ | AD5: Stock | AE5: ค้างเคลือบ | AF5: หมายเหตุ | AG5: ที่พิมพ์ได้ | AH5: process | AI5: Lead time | AJ5: วันที่ส่งPL | AK5: เคลือบ | AL5: ได้ ART | AM5: พิมพ์ | AN5: จีบ-บิด | AO5: ตัด-เย็บ | AP5: ทอ | AQ5: สวมถุง | AR5: เย็บปาก | AS5: PT | AT5: ม้วน | AU5: ตัด | AV5: ตอกตาไก่ | AW5: GROUP | AX5: ART | AY5: หมายเหตุปัญหา | AZ5: ราคา/ใบ | BA5: ราคารวม | BB5: workweek | BC5: เส้นเทป | BD5: จำนวน
A6: =[2]หน้าผ้า!C15 -> 0 | B6: =[2]หน้าผ้า!B15 -> 0 | C6: =[2]หน้าผ้า!E15 -> 0 | D6: =[2]หน้าผ้า!F15 -> 0 | E6: =[2]หน้าผ้า!G15 -> 12 | F6: =[2]หน้าผ้า!H15 -> 16 | G6: =[2]หน้าผ้า!I15 -> ขาว | H6: =[2]หน้าผ้า!J15 -> 0 | I6: =[2]หน้าผ้า!L15 -> 25 | J6: =[2]หน้าผ้า!M15 -> ± | K6: =[2]หน้าผ้า!N15 -> 5 | L6: =[2]หน้าผ้า!R15 -> 0 | M6: =[2]หน้าผ้า!T15 -> 0 | N6: =[2]หน้าผ้า!U15 -> 0 | O6: =[2]หน้าผ้า!V15 -> 0 | P6: =[2]หน้าผ้า!AB15 -> 0 | Q6: =[2]หน้าผ้า!AC15 -> 0 | R6: =[2]หน้าผ้า!AD15 -> 0 | S6: =[2]หน้าผ้า!Z15 -> 0 | T6: =[2]หน้าผ้า!X15 -> 0 | U6: =[2]หน้าผ้า!AA15 -> 0 | V6: =[2]หน้าผ้า!AJ15 -> 0 | W6: =[2]หน้าผ้า!AL15 -> 0 | X6: =[2]หน้าผ้า!AM15 -> 0 | Y6: =[2]หน้าผ้า!AN15 -> 0 | Z6: =[2]หน้าผ้า!AO15 -> WSWT1221750 | AA6: =[2]หน้าผ้า!AQ15 -> #REF! | AB6: =[2]หน้าผ้า!AR15 -> #REF! | AC6: =[2]หน้าผ้า!AS15 -> #REF! | AD6: =[2]หน้าผ้า!AT15 -> #REF! | AE6: =[2]หน้าผ้า!AU15 -> #REF! | AF6: =[2]หน้าผ้า!AI15 -> ระบุในSD | AG6: =[3]หน้าผ้า!DC18 -> < Ord 20,000 | AH6: =[2]หน้าผ้า!DL15 -> 0 | AI6: =[2]หน้าผ้า!DM15 -> 0 | AJ6: =[2]หน้าผ้า!DN15 -> 0 | AK6: =[2]หน้าผ้า!DQ15 -> 0 | AL6: =[2]หน้าผ้า!DR15 -> 0 | AM6: =[2]หน้าผ้า!DS15 -> 0 | AN6: =[2]หน้าผ้า!DT15 -> 0 | AO6: =[2]หน้าผ้า!DU15 -> 0 | AP6: =[2]หน้าผ้า!DP15 -> 0 | AQ6: =[2]หน้าผ้า!DW15 -> 0 | AR6: =[2]หน้าผ้า!DX15 -> 0 | AS6: =[2]หน้าผ้า!DY15 -> 0 | AT6: =[2]หน้าผ้า!DZ15 -> 0 | AU6: =[2]หน้าผ้า!EA15 -> 0 | AV6: =[2]หน้าผ้า!EB15 -> 0 | AW6: =[2]หน้าผ้า!EC15 -> 0 | AX6: =[2]หน้าผ้า!ED15 -> 0 | AY6: =[2]หน้าผ้า!AG15 -> 0 | AZ6: =[2]หน้าผ้า!EG15 -> 0 | BA6: =[2]หน้าผ้า!EH15 -> 0 | BB6: =[2]หน้าผ้า!EI15 -> 0 | BC6: =[2]หน้าผ้า!BZ15 -> WRWT120750/WRWT21750 | BD6: =[2]หน้าผ้า!CA15 -> 0
A7: =[2]หน้าผ้า!C16 -> 45868 | B7: =[2]หน้าผ้า!B16 -> MK68-000933 | C7: =[2]หน้าผ้า!E16 -> บจก.มารีน ลีดเดอร์ | D7: =[2]หน้าผ้า!F16 -> ไม่พิมพ์ | E7: =[2]หน้าผ้า!G16 -> 14 | F7: =[2]หน้าผ้า!H16 -> 22 | G7: =[2]หน้าผ้า!I16 -> ขาว | H7: =[2]หน้าผ้า!J16 -> ใส | I7: =[2]หน้าผ้า!L16 -> 42 | J7: =[2]หน้าผ้า!M16 -> ± | K7: =[2]หน้าผ้า!N16 -> 5 | L7: =[2]หน้าผ้า!R16 -> ไม่ | M7: =[2]หน้าผ้า!T16 -> 15 | N7: =[2]หน้าผ้า!U16 -> 24 | O7: =[2]หน้าผ้า!V16 -> 40 | P7: =[2]หน้าผ้า!AB16 -> 71.052245 | Q7: =[2]หน้าผ้า!AC16 -> 0 | R7: =[2]หน้าผ้า!AD16 -> 71.052245 | S7: =[2]หน้าผ้า!Z16 -> 500กระสอบแบน | T7: =[2]หน้าผ้า!X16 -> 45882 | U7: =[2]หน้าผ้า!AA16 -> 8000 | V7: =[2]หน้าผ้า!AJ16 -> 0 | W7: =[2]หน้าผ้า!AL16 -> 8000 | X7: =[2]หน้าผ้า!AM16 -> 0 | Y7: =[2]หน้าผ้า!AN16 -> 0 | Z7: =[2]หน้าผ้า!AO16 -> WSWT1425800 | AA7: =[2]หน้าผ้า!AQ16 -> 5252.72 | AB7: =[2]หน้าผ้า!AR16 -> 5252.72 | AC7: =[2]หน้าผ้า!AS16 -> 0 | AD7: =[2]หน้าผ้า!AT16 -> 0 | AE7: =[2]หน้าผ้า!AU16 -> 5252.72 | AF7: =[2]หน้าผ้า!AI16 -> 0 | AG7: =[3]หน้าผ้า!DC19 -> พร้อมส่ง | AH7: =[2]หน้าผ้า!DL16 -> P9 | AI7: =[2]หน้าผ้า!DM16 -> 3 | AJ7: =[2]หน้าผ้า!DN16 -> 45882 | AK7: =[2]หน้าผ้า!DQ16 -> 45878 | AL7: =[2]หน้าผ้า!DR16 -> 0 | AM7: =[2]หน้าผ้า!DS16 -> 0 | AN7: =[2]หน้าผ้า!DT16 -> 0 | AO7: =[2]หน้าผ้า!DU16 -> 45879 | AP7: =[2]หน้าผ้า!DP16 -> 45877 | AQ7: =[2]หน้าผ้า!DW16 -> 45880 | AR7: =[2]หน้าผ้า!DX16 -> 0 | AS7: =[2]หน้าผ้า!DY16 -> 0 | AT7: =[2]หน้าผ้า!DZ16 -> 0 | AU7: =[2]หน้าผ้า!EA16 -> 0 | AV7: =[2]หน้าผ้า!EB16 -> 0 | AW7: =[2]หน้าผ้า!EC16 -> งานเคลือบ+ตัด | AX7: =[2]หน้าผ้า!ED16 -> 0 | AY7: =[2]หน้าผ้า!AG16 -> 0 | AZ7: =[2]หน้าผ้า!EG16 -> 0 | BA7: =[2]หน้าผ้า!EH16 -> 0 | BB7: =[2]หน้าผ้า!EI16 -> 0 | BC7: =[2]หน้าผ้า!BZ16 -> WRWT25800/WRWT25800 | BD7: =[2]หน้าผ้า!CA16 -> 0
A8: =[2]หน้าผ้า!C17 -> 45860 | B8: =[2]หน้าผ้า!B17 -> MK68-000920 | C8: =[2]หน้าผ้า!E17 -> หจก.ปึงเป้งน้ำ | D8: =[2]หน้าผ้า!F17 -> เกลือตรามือ 10กก. | E8: =[2]หน้าผ้า!G17 -> 14 | F8: =[2]หน้าผ้า!H17 -> 22 | G8: =[2]หน้าผ้า!I17 -> ขาว | H8: =[2]หน้าผ้า!J17 -> ใส | I8: =[2]หน้าผ้า!L17 -> 42 | J8: =[2]หน้าผ้า!M17 -> ± | K8: =[2]หน้าผ้า!N17 -> 5 | L8: =[2]หน้าผ้า!R17 -> ไม่ | M8: =[2]หน้าผ้า!T17 -> ไม่สวมถุงใน | N8: =[2]หน้าผ้า!U17 -> 0 | O8: =[2]หน้าผ้า!V17 -> 0 | P8: =[2]หน้าผ้า!AB17 -> 0 | Q8: =[2]หน้าผ้า!AC17 -> 0 | R8: =[2]หน้าผ้า!AD17 -> 0 | S8: =[2]หน้าผ้า!Z17 -> 500กระสอบแบน | T8: =[2]หน้าผ้า!X17 -> 45884 | U8: =[2]หน้าผ้า!AA17 -> 10000 | V8: =[2]หน้าผ้า!AJ17 -> 0 | W8: =[2]หน้าผ้า!AL17 -> 10000 | X8: =[2]หน้าผ้า!AM17 -> 0 | Y8: =[2]หน้าผ้า!AN17 -> 10500 | Z8: =[2]หน้าผ้า!AO17 -> WSWT1425800 | AA8: =[2]หน้าผ้า!AQ17 -> 6565.9 | AB8: =[2]หน้าผ้า!AR17 -> 6565.9 | AC8: =[2]หน้าผ้า!AS17 -> 0 | AD8: =[2]หน้าผ้า!AT17 -> 0 | AE8: =[2]หน้าผ้า!AU17 -> 6565.9 | AF8: =[2]หน้าผ้า!AI17 -> 0 | AG8: =[3]หน้าผ้า!DC20 -> ยังไม่ได้พิมพ์ | AH8: =[2]หน้าผ้า!DL17 -> P6 | AI8: =[2]หน้าผ้า!DM17 -> 4 | AJ8: =[2]หน้าผ้า!DN17 -> 45884 | AK8: =[2]หน้าผ้า!DQ17 -> 45880 | AL8: =[2]หน้าผ้า!DR17 -> 45873 | AM8: =[2]หน้าผ้า!DS17 -> 45881 | AN8: =[2]หน้าผ้า!DT17 -> 45882 | AO8: =[2]หน้าผ้า!DU17 -> 45883 | AP8: =[2]หน้าผ้า!DP17 -> 45879 | AQ8: =[2]หน้าผ้า!DW17 -> 0 | AR8: =[2]หน้าผ้า!DX17 -> 0 | AS8: =[2]หน้าผ้า!DY17 -> 0 | AT8: =[2]หน้าผ้า!DZ17 -> 0 | AU8: =[2]หน้าผ้า!EA17 -> 0 | AV8: =[2]หน้าผ้า!EB17 -> 0 | AW8: =[2]หน้าผ้า!EC17 -> งานเคลือบ+พิมพ์ | AX8: =[2]หน้าผ้า!ED17 -> / | AY8: =[2]หน้าผ้า!AG17 -> 0 | AZ8: =[2]หน้าผ้า!EG17 -> 0 | BA8: =[2]หน้าผ้า!EH17 -> 0 | BB8: =[2]หน้าผ้า!EI17 -> 0 | BC8: =[2]หน้าผ้า!BZ17 -> WRWT25800/WRWT25800 | BD8: =[2]หน้าผ้า!CA17 -> 0
A9: =[2]หน้าผ้า!C18 -> 0 | B9: =[2]หน้าผ้า!B18 -> 0 | C9: =[2]หน้าผ้า!E18 -> 0 | D9: =[2]หน้าผ้า!F18 -> 0 | E9: =[2]หน้าผ้า!G18 -> 14 | F9: =[2]หน้าผ้า!H18 -> 22 | G9: =[2]หน้าผ้า!I18 -> ขาว | H9: =[2]หน้าผ้า!J18 -> 0 | I9: =[2]หน้าผ้า!L18 -> 36 | J9: =[2]หน้าผ้า!M18 -> ± | K9: =[2]หน้าผ้า!N18 -> 5 | L9: =[2]หน้าผ้า!R18 -> 0 | M9: =[2]หน้าผ้า!T18 -> 0 | N9: =[2]หน้าผ้า!U18 -> 0 | O9: =[2]หน้าผ้า!V18 -> 0 | P9: =[2]หน้าผ้า!AB18 -> 0 | Q9: =[2]หน้าผ้า!AC18 -> 0 | R9: =[2]หน้าผ้า!AD18 -> 0 | S9: =[2]หน้าผ้า!Z18 -> 0 | T9: =[2]หน้าผ้า!X18 -> 0 | U9: =[2]หน้าผ้า!AA18 -> 0 | V9: =[2]หน้าผ้า!AJ18 -> 0 | W9: =[2]หน้าผ้า!AL18 -> 0 | X9: =[2]หน้าผ้า!AM18 -> 0 | Y9: =[2]หน้าผ้า!AN18 -> 0 | Z9: =[2]หน้าผ้า!AO18 -> WSWT1425800 | AA9: =[2]หน้าผ้า!AQ18 -> 11818.62 | AB9: =[2]หน้าผ้า!AR18 -> 11818.62 | AC9: =[2]หน้าผ้า!AS18 -> 0 | AD9: =[2]หน้าผ้า!AT18 -> 0 | AE9: =[2]หน้าผ้า!AU18 -> 11818.62 | AF9: =[2]หน้าผ้า!AI18 -> ระบุในSD | AG9: =[3]หน้าผ้า!DC21 -> พร้อมส่ง | AH9: =[2]หน้าผ้า!DL18 -> 0 | AI9: =[2]หน้าผ้า!DM18 -> Lead time | AJ9: =[2]หน้าผ้า!DN18 -> 0 | AK9: =[2]หน้าผ้า!DQ18 -> 0 | AL9: =[2]หน้าผ้า!DR18 -> 0 | AM9: =[2]หน้าผ้า!DS18 -> 0 | AN9: =[2]หน้าผ้า!DT18 -> 0 | AO9: =[2]หน้าผ้า!DU18 -> 0 | AP9: =[2]หน้าผ้า!DP18 -> 0 | AQ9: =[2]หน้าผ้า!DW18 -> 0 | AR9: =[2]หน้าผ้า!DX18 -> 0 | AS9: =[2]หน้าผ้า!DY18 -> 0 | AT9: =[2]หน้าผ้า!DZ18 -> 0 | AU9: =[2]หน้าผ้า!EA18 -> 0 | AV9: =[2]หน้าผ้า!EB18 -> 0 | AW9: =[2]หน้าผ้า!EC18 -> 0 | AX9: =[2]หน้าผ้า!ED18 -> 0 | AY9: =[2]หน้าผ้า!AG18 -> 0 | AZ9: =[2]หน้าผ้า!EG18 -> 0 | BA9: =[2]หน้าผ้า!EH18 -> 0 | BB9: =[2]หน้าผ้า!EI18 -> 0 | BC9: =[2]หน้าผ้า!BZ18 -> WRWT140800/WRWT25800 | BD9: =[2]หน้าผ้า!CA18 -> 0
A10: =[2]หน้าผ้า!C19 -> 45842 | B10: =[2]หน้าผ้า!B19 -> MK68-000868 | C10: =[2]หน้าผ้า!E19 -> พีมินเนอร์ | D10: =[2]หน้าผ้า!F19 -> พี-มินเนอร์ นิวพลัส | E10: =[2]หน้าผ้า!G19 -> 16 | F10: =[2]หน้าผ้า!H19 -> 28 | G10: =[2]หน้าผ้า!I19 -> ขาว | H10: =[2]หน้าผ้า!J19 -> ใส | I10: =[2]หน้าผ้า!L19 -> 56 | J10: =[2]หน้าผ้า!M19 -> ± | K10: =[2]หน้าผ้า!N19 -> 5 | L10: =[2]หน้าผ้า!R19 -> ไม่ | M10: =[2]หน้าผ้า!T19 -> 19 | N10: =[2]หน้าผ้า!U19 -> 31 | O10: =[2]หน้าผ้า!V19 -> 40 | P10: =[2]หน้าผ้า!AB19 -> 1.1334313 | Q10: =[2]หน้าผ้า!AC19 -> 0 | R10: =[2]หน้าผ้า!AD19 -> 1.1334313 | S10: =[2]หน้าผ้า!Z19 -> 500กระสอบ | T10: =[2]หน้าผ้า!X19 -> รอส่ง | U10: =[2]หน้าผ้า!AA19 -> 4000 | V10: =[2]หน้าผ้า!AJ19 -> 3922 | W10: =[2]หน้าผ้า!AL19 -> 78 | X10: =[2]หน้าผ้า!AM19 -> 5295 | Y10: =[2]หน้าผ้า!AN19 -> 0 | Z10: =[2]หน้าผ้า!AO19 -> WSWT1625800SM | AA10: =[2]หน้าผ้า!AQ19 -> 0 | AB10: =[2]หน้าผ้า!AR19 -> 0 | AC10: =[2]หน้าผ้า!AS19 -> 0 | AD10: =[2]หน้าผ้า!AT19 -> 0 | AE10: =[2]หน้าผ้า!AU19 -> 0 | AF10: =[2]หน้าผ้า!AI19 -> รอส่ง รอลูกค้ามารับเอง | AG10: =[3]หน้าผ้า!DC22 -> พร้อมส่ง | AH10: =[2]หน้าผ้า!DL19 -> P8 | AI10: =[2]หน้าผ้า!DM19 -> 4 | AJ10: =[2]หน้าผ้า!DN19 -> รอส่ง | AK10: =[2]หน้าผ้า!DQ19 -> #VALUE! | AL10: =[2]หน้าผ้า!DR19 -> #VALUE! | AM10: =[2]หน้าผ้า!DS19 -> #VALUE! | AN10: =[2]หน้าผ้า!DT19 -> #VALUE! | AO10: =[2]หน้าผ้า!DU19 -> #VALUE! | AP10: =[2]หน้าผ้า!DP19 -> #VALUE! | AQ10: =[2]หน้าผ้า!DW19 -> #VALUE! | AR10: =[2]หน้าผ้า!DX19 -> 0 | AS10: =[2]หน้าผ้า!DY19 -> 0 | AT10: =[2]หน้าผ้า!DZ19 -> 0 | AU10: =[2]หน้าผ้า!EA19 -> 0 | AV10: =[2]หน้าผ้า!EB19 -> 0 | AW10: =[2]หน้าผ้า!EC19 -> งานเคลือบ+พิมพ์ | AX10: =[2]หน้าผ้า!ED19 -> / | AY10: =[2]หน้าผ้า!AG19 -> 0 | AZ10: =[2]หน้าผ้า!EG19 -> 0 | BA10: =[2]หน้าผ้า!EH19 -> 0 | BB10: =[2]หน้าผ้า!EI19 -> 0 | BC10: =[2]หน้าผ้า!BZ19 -> WRWT25800/WRWT25800 | BD10: =[2]หน้าผ้า!CA19 -> 0
A11: =[2]หน้าผ้า!C20 -> ประมาณการ | B11: =[2]หน้าผ้า!B20 -> ประมาณการ | C11: =[2]หน้าผ้า!E20 -> บจก.ซัน ซีเมนต์ โพรเซส | D11: =[2]หน้าผ้า!F20 -> พระอาทิตย์(ปูนนอน-ชริงค์) | E11: =[2]หน้าผ้า!G20 -> 16 | F11: =[2]หน้าผ้า!H20 -> 25 | G11: =[2]หน้าผ้า!I20 -> ขาว | H11: =[2]หน้าผ้า!J20 -> ใส | I11: =[2]หน้าผ้า!L20 -> 50 | J11: =[2]หน้าผ้า!M20 -> ± | K11: =[2]หน้าผ้า!N20 -> 5 | L11: =[2]หน้าผ้า!R20 -> บิด | M11: =[2]หน้าผ้า!T20 -> 19 | N11: =[2]หน้าผ้า!U20 -> 28 | O11: =[2]หน้าผ้า!V20 -> 40 | P11: =[2]หน้าผ้า!AB20 -> 65.624643 | Q11: =[2]หน้าผ้า!AC20 -> 0 | R11: =[2]หน้าผ้า!AD20 -> 65.624643 | S11: =[2]หน้าผ้า!Z20 -> 500กระสอบ | T11: =[2]หน้าผ้า!X20 -> รอแจ้ง | U11: =[2]หน้าผ้า!AA20 -> 5000 | V11: =[2]หน้าผ้า!AJ20 -> 0 | W11: =[2]หน้าผ้า!AL20 -> 5000 | X11: =[2]หน้าผ้า!AM20 -> 0 | Y11: =[2]หน้าผ้า!AN20 -> 5250 | Z11: =[2]หน้าผ้า!AO20 -> WSWT1625800SM | AA11: =[2]หน้าผ้า!AQ20 -> 3702.05 | AB11: =[2]หน้าผ้า!AR20 -> 0 | AC11: =[2]หน้าผ้า!AS20 -> 3702.05 | AD11: =[2]หน้าผ้า!AT20 -> 0 | AE11: =[2]หน้าผ้า!AU20 -> 3702.05 | AF11: =[2]หน้าผ้า!AI20 -> 0 | AG11: =[3]หน้าผ้า!DC23 -> พร้อมส่ง | AH11: =[2]หน้าผ้า!DL20 -> P8 | AI11: =[2]หน้าผ้า!DM20 -> 4 | AJ11: =[2]หน้าผ้า!DN20 -> รอแจ้ง | AK11: =[2]หน้าผ้า!DQ20 -> #VALUE! | AL11: =[2]หน้าผ้า!DR20 -> #VALUE! | AM11: =[2]หน้าผ้า!DS20 -> #VALUE! | AN11: =[2]หน้าผ้า!DT20 -> #VALUE! | AO11: =[2]หน้าผ้า!DU20 -> #VALUE! | AP11: =[2]หน้าผ้า!DP20 -> #VALUE! | AQ11: =[2]หน้าผ้า!DW20 -> #VALUE! | AR11: =[2]หน้าผ้า!DX20 -> 0 | AS11: =[2]หน้าผ้า!DY20 -> 0 | AT11: =[2]หน้าผ้า!DZ20 -> 0 | AU11: =[2]หน้าผ้า!EA20 -> 0 | AV11: =[2]หน้าผ้า!EB20 -> 0 | AW11: =[2]หน้าผ้า!EC20 -> งานเคลือบ+พิมพ์ | AX11: =[2]หน้าผ้า!ED20 -> รอART | AY11: =[2]หน้าผ้า!AG20 -> 0 | AZ11: =[2]หน้าผ้า!EG20 -> 0 | BA11: =[2]หน้าผ้า!EH20 -> 0 | BB11: =[2]หน้าผ้า!EI20 -> 0 | BC11: =[2]หน้าผ้า!BZ20 -> WRWT25800/WRWT25800 | BD11: =[2]หน้าผ้า!CA20 -> 210.60551
A12: =[2]หน้าผ้า!C21 -> 0 | B12: =[2]หน้าผ้า!B21 -> 0 | C12: =[2]หน้าผ้า!E21 -> 0 | D12: =[2]หน้าผ้า!F21 | E12: =[2]หน้าผ้า!G21 -> 16 | F12: =[2]หน้าผ้า!H21 -> 25 | G12: =[2]หน้าผ้า!I21 -> ขาว | H12: =[2]หน้าผ้า!J21 -> 0 | I12: =[2]หน้าผ้า!L21 -> 45 | J12: =[2]หน้าผ้า!M21 -> ± | K12: =[2]หน้าผ้า!N21 -> 5 | L12: =[2]หน้าผ้า!R21 -> 0 | M12: =[2]หน้าผ้า!T21 -> 0 | N12: =[2]หน้าผ้า!U21 -> 0 | O12: =[2]หน้าผ้า!V21 -> 0 | P12: =[2]หน้าผ้า!AB21 -> 0 | Q12: =[2]หน้าผ้า!AC21 -> 0 | R12: =[2]หน้าผ้า!AD21 -> 0 | S12: =[2]หน้าผ้า!Z21 -> 0 | T12: =[2]หน้าผ้า!X21 -> 0 | U12: =[2]หน้าผ้า!AA21 -> 0 | V12: =[2]หน้าผ้า!AJ21 -> 0 | W12: =[2]หน้าผ้า!AL21 -> 0 | X12: =[2]หน้าผ้า!AM21 -> 0 | Y12: =[2]หน้าผ้า!AN21 -> 0 | Z12: =[2]หน้าผ้า!AO21 -> WSWT1625800SM | AA12: =[2]หน้าผ้า!AQ21 -> 3702.05 | AB12: =[2]หน้าผ้า!AR21 -> 0 | AC12: =[2]หน้าผ้า!AS21 -> 3702.05 | AD12: =[2]หน้าผ้า!AT21 -> 0 | AE12: =[2]หน้าผ้า!AU21 -> 3702.05 | AF12: =[2]หน้าผ้า!AI21 -> ระบุในSD | AG12: =[3]หน้าผ้า!DC24 -> พร้อมส่ง | AH12: =[2]หน้าผ้า!DL21 -> 0 | AI12: =[2]หน้าผ้า!DM21 -> Lead time | AJ12: =[2]หน้าผ้า!DN21 -> 0 | AK12: =[2]หน้าผ้า!DQ21 -> 0 | AL12: =[2]หน้าผ้า!DR21 -> 0 | AM12: =[2]หน้าผ้า!DS21 -> 0 | AN12: =[2]หน้าผ้า!DT21 -> 0 | AO12: =[2]หน้าผ้า!DU21 -> 0 | AP12: =[2]หน้าผ้า!DP21 -> 0 | AQ12: =[2]หน้าผ้า!DW21 -> 0 | AR12: =[2]หน้าผ้า!DX21 -> 0 | AS12: =[2]หน้าผ้า!DY21 -> 0 | AT12: =[2]หน้าผ้า!DZ21 -> 0 | AU12: =[2]หน้าผ้า!EA21 -> 0 | AV12: =[2]หน้าผ้า!EB21 -> 0 | AW12: =[2]หน้าผ้า!EC21 -> 0 | AX12: =[2]หน้าผ้า!ED21 -> 0 | AY12: =[2]หน้าผ้า!AG21 -> 0 | AZ12: =[2]หน้าผ้า!EG21 -> 0 | BA12: =[2]หน้าผ้า!EH21 -> 0 | BB12: =[2]หน้าผ้า!EI21 -> 0 | BC12: =[2]หน้าผ้า!BZ21 -> WRWT160800/WRWT25800 | BD12: =[2]หน้าผ้า!CA21 -> 0
A13: =[2]หน้าผ้า!C22 -> 0 | B13: =[2]หน้าผ้า!B22 -> 0 | C13: =[2]หน้าผ้า!E22 -> 0 | D13: =[2]หน้าผ้า!F22 -> 0 | E13: =[2]หน้าผ้า!G22 -> 16 | F13: =[2]หน้าผ้า!H22 -> 25 | G13: =[2]หน้าผ้า!I22 -> ขาว | H13: =[2]หน้าผ้า!J22 -> 0 | I13: =[2]หน้าผ้า!L22 -> 45 | J13: =[2]หน้าผ้า!M22 -> ± | K13: =[2]หน้าผ้า!N22 -> 5 | L13: =[2]หน้าผ้า!R22 -> 0 | M13: =[2]หน้าผ้า!T22 -> 0 | N13: =[2]หน้าผ้า!U22 -> 0 | O13: =[2]หน้าผ้า!V22 -> 0 | P13: =[2]หน้าผ้า!AB22 -> 0 | Q13: =[2]หน้าผ้า!AC22 -> 0 | R13: =[2]หน้าผ้า!AD22 -> 0 | S13: =[2]หน้าผ้า!Z22 -> 0 | T13: =[2]หน้าผ้า!X22 -> 0 | U13: =[2]หน้าผ้า!AA22 -> 0 | V13: =[2]หน้าผ้า!AJ22 -> 0 | W13: =[2]หน้าผ้า!AL22 -> 0 | X13: =[2]หน้าผ้า!AM22 -> 0 | Y13: =[2]หน้าผ้า!AN22 -> 0 | Z13: =[2]หน้าผ้า!AO22 -> WSWT1625800 | AA13: =[2]หน้าผ้า!AQ22 -> #REF! | AB13: =[2]หน้าผ้า!AR22 -> #REF! | AC13: =[2]หน้าผ้า!AS22 -> #REF! | AD13: =[2]หน้าผ้า!AT22 -> #REF! | AE13: =[2]หน้าผ้า!AU22 -> #REF! | AF13: =[2]หน้าผ้า!AI22 -> ระบุในSD | AG13: =[3]หน้าผ้า!DC25 -> ยังไม่ได้พิมพ์ | AH13: =[2]หน้าผ้า!DL22 -> 0 | AI13: =[2]หน้าผ้า!DM22 -> Lead time | AJ13: =[2]หน้าผ้า!DN22 -> 0 | AK13: =[2]หน้าผ้า!DQ22 -> 0 | AL13: =[2]หน้าผ้า!DR22 -> 0 | AM13: =[2]หน้าผ้า!DS22 -> 0 | AN13: =[2]หน้าผ้า!DT22 -> 0 | AO13: =[2]หน้าผ้า!DU22 -> 0 | AP13: =[2]หน้าผ้า!DP22 -> 0 | AQ13: =[2]หน้าผ้า!DW22 -> 0 | AR13: =[2]หน้าผ้า!DX22 -> 0 | AS13: =[2]หน้าผ้า!DY22 -> 0 | AT13: =[2]หน้าผ้า!DZ22 -> 0 | AU13: =[2]หน้าผ้า!EA22 -> 0 | AV13: =[2]หน้าผ้า!EB22 -> 0 | AW13: =[2]หน้าผ้า!EC22 -> 0 | AX13: =[2]หน้าผ้า!ED22 -> 0 | AY13: =[2]หน้าผ้า!AG22 -> 0 | AZ13: =[2]หน้าผ้า!EG22 -> 0 | BA13: =[2]หน้าผ้า!EH22 -> 0 | BB13: =[2]หน้าผ้า!EI22 -> 0 | BC13: =[2]หน้าผ้า!BZ22 -> WRWT160800/WRWT25800 | BD13: =[2]หน้าผ้า!CA22 -> 0
A14: =[2]หน้าผ้า!C23 -> 0 | B14: =[2]หน้าผ้า!B23 -> 0 | C14: =[2]หน้าผ้า!E23 -> 0 | D14: =[2]หน้าผ้า!F23 -> 0 | E14: =[2]หน้าผ้า!G23 -> 16 | F14: =[2]หน้าผ้า!H23 -> 25 | G14: =[2]หน้าผ้า!I23 -> 0 | H14: =[2]หน้าผ้า!J23 -> 0 | I14: =[2]หน้าผ้า!L23 -> 47 | J14: =[2]หน้าผ้า!M23 -> ± | K14: =[2]หน้าผ้า!N23 -> 5 | L14: =[2]หน้าผ้า!R23 -> 0 | M14: =[2]หน้าผ้า!T23 -> 0 | N14: =[2]หน้าผ้า!U23 -> 0 | O14: =[2]หน้าผ้า!V23 -> 0 | P14: =[2]หน้าผ้า!AB23 -> 0 | Q14: =[2]หน้าผ้า!AC23 -> 0 | R14: =[2]หน้าผ้า!AD23 -> 0 | S14: =[2]หน้าผ้า!Z23 -> 0 | T14: =[2]หน้าผ้า!X23 -> 0 | U14: =[2]หน้าผ้า!AA23 -> 0 | V14: =[2]หน้าผ้า!AJ23 -> 0 | W14: =[2]หน้าผ้า!AL23 -> 0 | X14: =[2]หน้าผ้า!AM23 -> 0 | Y14: =[2]หน้าผ้า!AN23 -> 0 | Z14: =[2]หน้าผ้า!AO23 -> WSWT1621720SMFX | AA14: =[2]หน้าผ้า!AQ23 -> #REF! | AB14: =[2]หน้าผ้า!AR23 -> #REF! | AC14: =[2]หน้าผ้า!AS23 -> #REF! | AD14: =[2]หน้าผ้า!AT23 -> #REF! | AE14: =[2]หน้าผ้า!AU23 -> #REF! | AF14: =[2]หน้าผ้า!AI23 -> ระบุในSD | AG14: =[3]หน้าผ้า!DC26 -> ยังไม่ได้พิมพ์ | AH14: =[2]หน้าผ้า!DL23 -> 0 | AI14: =[2]หน้าผ้า!DM23 -> 0 | AJ14: =[2]หน้าผ้า!DN23 -> 0 | AK14: =[2]หน้าผ้า!DQ23 -> 0 | AL14: =[2]หน้าผ้า!DR23 -> 0 | AM14: =[2]หน้าผ้า!DS23 -> 0 | AN14: =[2]หน้าผ้า!DT23 -> 0 | AO14: =[2]หน้าผ้า!DU23 -> 0 | AP14: =[2]หน้าผ้า!DP23 -> 0 | AQ14: =[2]หน้าผ้า!DW23 -> 0 | AR14: =[2]หน้าผ้า!DX23 -> 0 | AS14: =[2]หน้าผ้า!DY23 -> 0 | AT14: =[2]หน้าผ้า!DZ23 -> 0 | AU14: =[2]หน้าผ้า!EA23 -> 0 | AV14: =[2]หน้าผ้า!EB23 -> 0 | AW14: =[2]หน้าผ้า!EC23 -> 0 | AX14: =[2]หน้าผ้า!ED23 -> 0 | AY14: =[2]หน้าผ้า!AG23 -> 0 | AZ14: =[2]หน้าผ้า!EG23 -> 0 | BA14: =[2]หน้าผ้า!EH23 -> 0 | BB14: =[2]หน้าผ้า!EI23 -> 0 | BC14: =[2]หน้าผ้า!BZ23 -> WRWT160720/WRWT21720 | BD14: =[2]หน้าผ้า!CA23 -> 0
A15: =[2]หน้าผ้า!C24 -> 0 | B15: =[2]หน้าผ้า!B24 -> 0 | C15: =[2]หน้าผ้า!E24 -> 0 | D15: =[2]หน้าผ้า!F24 -> 0 | E15: =[2]หน้าผ้า!G24 -> 17 | F15: =[2]หน้าผ้า!H24 -> 26 | G15: =[2]หน้าผ้า!I24 -> 0 | H15: =[2]หน้าผ้า!J24 -> 0 | I15: =[2]หน้าผ้า!L24 -> 48 | J15: =[2]หน้าผ้า!M24 -> ± | K15: =[2]หน้าผ้า!N24 -> 5 | L15: =[2]หน้าผ้า!R24 -> 0 | M15: =[2]หน้าผ้า!T24 -> 0 | N15: =[2]หน้าผ้า!U24 -> 0 | O15: =[2]หน้าผ้า!V24 -> 0 | P15: =[2]หน้าผ้า!AB24 -> 0 | Q15: =[2]หน้าผ้า!AC24 -> 0 | R15: =[2]หน้าผ้า!AD24 -> 0 | S15: =[2]หน้าผ้า!Z24 -> 0 | T15: =[2]หน้าผ้า!X24 -> 0 | U15: =[2]หน้าผ้า!AA24 -> 0 | V15: =[2]หน้าผ้า!AJ24 -> 0 | W15: =[2]หน้าผ้า!AL24 -> 0 | X15: =[2]หน้าผ้า!AM24 -> 0 | Y15: =[2]หน้าผ้า!AN24 -> 0 | Z15: =[2]หน้าผ้า!AO24 -> WSWT1725800 | AA15: =[2]หน้าผ้า!AQ24 -> #REF! | AB15: =[2]หน้าผ้า!AR24 -> #REF! | AC15: =[2]หน้าผ้า!AS24 -> #REF! | AD15: =[2]หน้าผ้า!AT24 -> #REF! | AE15: =[2]หน้าผ้า!AU24 -> #REF! | AF15: =[2]หน้าผ้า!AI24 -> ระบุในSD | AG15: =[3]หน้าผ้า!DC27 -> พร้อมส่ง | AH15: =[2]หน้าผ้า!DL24 -> 0 | AI15: =[2]หน้าผ้า!DM24 -> 0 | AJ15: =[2]หน้าผ้า!DN24 -> 0 | AK15: =[2]หน้าผ้า!DQ24 -> 0 | AL15: =[2]หน้าผ้า!DR24 -> 0 | AM15: =[2]หน้าผ้า!DS24 -> 0 | AN15: =[2]หน้าผ้า!DT24 -> 0 | AO15: =[2]หน้าผ้า!DU24 -> 0 | AP15: =[2]หน้าผ้า!DP24 -> 0 | AQ15: =[2]หน้าผ้า!DW24 -> 0 | AR15: =[2]หน้าผ้า!DX24 -> 0 | AS15: =[2]หน้าผ้า!DY24 -> 0 | AT15: =[2]หน้าผ้า!DZ24 -> 0 | AU15: =[2]หน้าผ้า!EA24 -> 0 | AV15: =[2]หน้าผ้า!EB24 -> 0 | AW15: =[2]หน้าผ้า!EC24 -> 0 | AX15: =[2]หน้าผ้า!ED24 -> 0 | AY15: =[2]หน้าผ้า!AG24 -> 0 | AZ15: =[2]หน้าผ้า!EG24 -> 0 | BA15: =[2]หน้าผ้า!EH24 -> 0 | BB15: =[2]หน้าผ้า!EI24 -> 0 | BC15: =[2]หน้าผ้า!BZ24 -> WRWT170800/WRWT25800 | BD15: =[2]หน้าผ้า!CA24 -> 0
A16: =[2]หน้าผ้า!C25 -> 45873 | B16: =[2]หน้าผ้า!B25 -> MK68-000958 | C16: =[2]หน้าผ้า!E25 -> คุณสมยศ กิตตินราภรณ์ | D16: =[2]หน้าผ้า!F25 -> กุ้งปลา | E16: =[2]หน้าผ้า!G25 -> 18 | F16: =[2]หน้าผ้า!H25 -> 25 | G16: =[2]หน้าผ้า!I25 -> ขาว | H16: =[2]หน้าผ้า!J25 -> 0 | I16: =[2]หน้าผ้า!L25 -> 45 | J16: =[2]หน้าผ้า!M25 -> ± | K16: =[2]หน้าผ้า!N25 -> 5 | L16: =[2]หน้าผ้า!R25 -> ไม่ | M16: =[2]หน้าผ้า!T25 -> 19 | N16: =[2]หน้าผ้า!U25 -> 28 | O16: =[2]หน้าผ้า!V25 -> 40 | P16: =[2]หน้าผ้า!AB25 -> 65.624643 | Q16: =[2]หน้าผ้า!AC25 -> 0 | R16: =[2]หน้าผ้า!AD25 -> 65.624643 | S16: =[2]หน้าผ้า!Z25 -> 500กระสอบ | T16: =[2]หน้าผ้า!X25 -> 45883 | U16: =[2]หน้าผ้า!AA25 -> 5000 | V16: =[2]หน้าผ้า!AJ25 -> 0 | W16: =[2]หน้าผ้า!AL25 -> 5000 | X16: =[2]หน้าผ้า!AM25 -> 0 | Y16: =[2]หน้าผ้า!AN25 -> 5250 | Z16: =[2]หน้าผ้า!AO25 -> WSWT1825800 | AA16: =[2]หน้าผ้า!AQ25 -> 3702.05 | AB16: =[2]หน้าผ้า!AR25 -> 3702.05 | AC16: =[2]หน้าผ้า!AS25 -> 0 | AD16: =[2]หน้าผ้า!AT25 -> 0 | AE16: =[2]หน้าผ้า!AU25 -> 0 | AF16: =[2]หน้าผ้า!AI25 -> 0 | AG16: =[3]หน้าผ้า!DC28 -> ยังไม่ได้พิมพ์ | AH16: =[2]หน้าผ้า!DL25 -> P9 | AI16: =[2]หน้าผ้า!DM25 -> 3 | AJ16: =[2]หน้าผ้า!DN25 -> 45883 | AK16: =[2]หน้าผ้า!DQ25 -> 0 | AL16: =[2]หน้าผ้า!DR25 -> 45873 | AM16: =[2]หน้าผ้า!DS25 -> 45880 | AN16: =[2]หน้าผ้า!DT25 -> 45881 | AO16: =[2]หน้าผ้า!DU25 -> 45881 | AP16: =[2]หน้าผ้า!DP25 -> 45878 | AQ16: =[2]หน้าผ้า!DW25 -> 45882 | AR16: =[2]หน้าผ้า!DX25 -> 0 | AS16: =[2]หน้าผ้า!DY25 -> 0 | AT16: =[2]หน้าผ้า!DZ25 -> 0 | AU16: =[2]หน้าผ้า!EA25 -> 0 | AV16: =[2]หน้าผ้า!EB25 -> 0 | AW16: =[2]หน้าผ้า!EC25 -> งานพิมพ์ | AX16: =[2]หน้าผ้า!ED25 -> รอART | AY16: =[2]หน้าผ้า!AG25 -> 0 | AZ16: =[2]หน้าผ้า!EG25 -> 0 | BA16: =[2]หน้าผ้า!EH25 -> 0 | BB16: =[2]หน้าผ้า!EI25 -> 0 | BC16: =[2]หน้าผ้า!BZ25 -> WRWT25800/WRWT25800 | BD16: =[2]หน้าผ้า!CA25 -> 0
A17: =[2]หน้าผ้า!C26 -> ประมาณการ | B17: =[2]หน้าผ้า!B26 -> ประมาณการ | C17: =[2]หน้าผ้า!E26 -> บจก.ฟาร์เธอร์ส วิง ซัพพลาย | D17: =[2]หน้าผ้า!F26 -> รถไฟ | E17: =[2]หน้าผ้า!G26 -> 18 | F17: =[2]หน้าผ้า!H26 -> 30 | G17: =[2]หน้าผ้า!I26 -> ขาว | H17: =[2]หน้าผ้า!J26 -> 0 | I17: =[2]หน้าผ้า!L26 -> 54 | J17: =[2]หน้าผ้า!M26 -> ± | K17: =[2]หน้าผ้า!N26 -> 5 | L17: =[2]หน้าผ้า!R26 -> บิด | M17: =[2]หน้าผ้า!T26 -> 19 | N17: =[2]หน้าผ้า!U26 -> 33 | O17: =[2]หน้าผ้า!V26 -> 40 | P17: =[2]หน้าผ้า!AB26 -> 232.02999 | Q17: =[2]หน้าผ้า!AC26 -> 0 | R17: =[2]หน้าผ้า!AD26 -> 232.02999 | S17: =[2]หน้าผ้า!Z26 -> 500กระสอบ | T17: =[2]หน้าผ้า!X26 -> รอแจ้ง | U17: =[2]หน้าผ้า!AA26 -> 15000 | V17: =[2]หน้าผ้า!AJ26 -> 0 | W17: =[2]หน้าผ้า!AL26 -> 15000 | X17: =[2]หน้าผ้า!AM26 -> 0 | Y17: =[2]หน้าผ้า!AN26 -> 15750 | Z17: =[2]หน้าผ้า!AO26 -> WSWT1825800 | AA17: =[2]หน้าผ้า!AQ26 -> 13201.65 | AB17: =[2]หน้าผ้า!AR26 -> 2599 | AC17: =[2]หน้าผ้า!AS26 -> 10602.65 | AD17: =[2]หน้าผ้า!AT26 -> 0 | AE17: =[2]หน้าผ้า!AU26 -> 0 | AF17: =[2]หน้าผ้า!AI26 -> 0 | AG17: =[3]หน้าผ้า!DC29 -> พร้อมส่ง | AH17: =[2]หน้าผ้า!DL26 -> P9 | AI17: =[2]หน้าผ้า!DM26 -> 3 | AJ17: =[2]หน้าผ้า!DN26 -> รอแจ้ง | AK17: =[2]หน้าผ้า!DQ26 -> 0 | AL17: =[2]หน้าผ้า!DR26 -> #VALUE! | AM17: =[2]หน้าผ้า!DS26 -> #VALUE! | AN17: =[2]หน้าผ้า!DT26 -> #VALUE! | AO17: =[2]หน้าผ้า!DU26 -> #VALUE! | AP17: =[2]หน้าผ้า!DP26 -> #VALUE! | AQ17: =[2]หน้าผ้า!DW26 -> #VALUE! | AR17: =[2]หน้าผ้า!DX26 -> 0 | AS17: =[2]หน้าผ้า!DY26 -> 0 | AT17: =[2]หน้าผ้า!DZ26 -> 0 | AU17: =[2]หน้าผ้า!EA26 -> 0 | AV17: =[2]หน้าผ้า!EB26 -> 0 | AW17: =[2]หน้าผ้า!EC26 -> งานพิมพ์ | AX17: =[2]หน้าผ้า!ED26 -> รอART | AY17: =[2]หน้าผ้า!AG26 -> 0 | AZ17: =[2]หน้าผ้า!EG26 -> 0 | BA17: =[2]หน้าผ้า!EH26 -> 0 | BB17: =[2]หน้าผ้า!EI26 -> 0 | BC17: =[2]หน้าผ้า!BZ26 -> WRWT25800/WRWT25800 | BD17: =[2]หน้าผ้า!CA26 -> 729.46232
... A575: =[2]หน้าผ้า!C584 -> 0 | B575: =[2]หน้าผ้า!B584 -> 0 | C575: =[2]หน้าผ้า!E584 -> 0 | D575: =[2]หน้าผ้า!F584 -> 0 | E575: =[2]หน้าผ้า!G584 -> 0 | F575: =[2]หน้าผ้า!H584 -> 0 | G575: =[2]หน้าผ้า!I584 -> 0 | H575: =[2]หน้าผ้า!J584 -> 0 | I575: =[2]หน้าผ้า!L584 -> 0 | J575: =[2]หน้าผ้า!M584 -> 0 | K575: =[2]หน้าผ้า!N584 -> 0 | L575: =[2]หน้าผ้า!R584 -> 0 | M575: =[2]หน้าผ้า!T584 -> 0 | N575: =[2]หน้าผ้า!U584 -> 0 | O575: =[2]หน้าผ้า!V584 -> 0 | P575: =[2]หน้าผ้า!AB584 -> 0 | Q575: =[2]หน้าผ้า!AC584 -> 0 | R575: =[2]หน้าผ้า!AD584 -> 0 | S575: =[2]หน้าผ้า!Z584 -> 0 | T575: =[2]หน้าผ้า!X584 -> 0 | U575: =[2]หน้าผ้า!AA584 -> 0 | V575: =[2]หน้าผ้า!AJ584 -> 0 | W575: =[2]หน้าผ้า!AL584 -> 0 | X575: =[2]หน้าผ้า!AM584 -> 0 | Y575: =[2]หน้าผ้า!AN584 -> 0 | Z575: =[2]หน้าผ้า!AO584 -> 0 | AA575: =[2]หน้าผ้า!AQ584 -> 0 | AB575: =[2]หน้าผ้า!AR584 -> 0 | AC575: =[2]หน้าผ้า!AS584 -> 0 | AD575: =[2]หน้าผ้า!AT584 -> 0 | AE575: =[2]หน้าผ้า!AU584 -> 0 | AF575: =[2]หน้าผ้า!AI584 -> 0 | AG575: =[3]หน้าผ้า!DC587 -> 0 | AH575: =[2]หน้าผ้า!DL584 -> 0 | AI575: =[2]หน้าผ้า!DM584 -> 0 | AJ575: =[2]หน้าผ้า!DN584 -> 0 | AK575: =[2]หน้าผ้า!DQ584 -> 0 | AL575: =[2]หน้าผ้า!DR584 -> 0 | AM575: =[2]หน้าผ้า!DS584 -> 0 | AN575: =[2]หน้าผ้า!DT584 -> 0 | AO575: =[2]หน้าผ้า!DU584 -> 0 | AP575: =[2]หน้าผ้า!DP584 -> 0 | AQ575: =[2]หน้าผ้า!DW584 -> 0 | AR575: =[2]หน้าผ้า!DX584 -> 0 | AS575: =[2]หน้าผ้า!DY584 -> 0 | AT575: =[2]หน้าผ้า!DZ584 -> 0 | AU575: =[2]หน้าผ้า!EA584 -> 0 | AV575: =[2]หน้าผ้า!EB584 -> 0 | AW575: =[2]หน้าผ้า!EC584 -> 0 | AX575: =[2]หน้าผ้า!ED584 -> 0 | AY575: =[2]หน้าผ้า!AG584 -> 0 | AZ575: =[2]หน้าผ้า!EG584 -> 0 | BA575: =[2]หน้าผ้า!EH584 -> 0 | BB575: =[2]หน้าผ้า!EI584 -> 0 | BC575: =[2]หน้าผ้า!BZ584 -> 0 | BD575: =[2]หน้าผ้า!CA584 -> 0

Sheet 4(Order+FC)
A2: เลขที่ SO | B2: (หลายรายการ)
A3: วันส่ง | B3: (หลายรายการ)
A4: ชื่อลูกค้า | B4: (ทั้งหมด)
K5: 9
A6: ประเภท | B6: ผลรวม ของ จำนวนส่ง | C6: ผลรวม ของ ค้างพิมพ์ | D6: ผลรวม ของ ค้างตัด | E6: ผลรวม ของ ใช้ | F6: ผลรวม ของ Stock | G6: ผลรวม ของ ค้างทอ
A7: WSWT1625800SM | B7: 5000 | C7: 5250 | D7: 5000 | E7: 4121.15 | F7: 3175 | G7: 946.15 | H7: =+J7-I7 -> 946.15 | J7: =G7 -> 946.15
A8: WSWT1825800 | B8: 15000 | C8: 15750 | D8: 15000 | E8: 13201.65 | F8: 6301 | G8: 6900.65 | H8: =+J8-I8 -> 6900.65 | J8: =G8 -> 6900.65
A9: WSWT1825800SM | B9: 5000 | C9: 0 | D9: 5000 | E9: 0 | F9: 0 | G9: 0 | H9: =+J9-I9 -> 0 | J9: =G9 -> 0
A10: WSWT1921720 | B10: 660000 | C10: 642600 | D10: 652206 | E10: 608030.28 | F10: 67964.05 | G10: 540066.23 | H10: =+J10-I10 -> 540066.23 | J10: =G10 -> 540066.23
A11: WSWT1925800 | B11: 190000 | C11: 156905.7 | D11: 187450 | E11: 130578.42 | F11: 32419.416 | G11: 98159 | H11: =+J11-I11 -> 98159 | J11: =G11 -> 98159
A12: WSWT2025650 | B12: 30000 | C12: 10500 | D12: 30000 | E12: 28359.1 | F12: 0 | G12: 28359.1 | H12: =+J12-I12 -> 28359.1 | J12: =G12 -> 28359.1 | K12: 40000 | L12: =+K5*K12 -> 360000 | M12: =+L12-J12 -> 331640.9
A13: WSWT2025800 | B13: 358907 | C13: 283092.6 | D13: 353907 | E13: 288507.63 | F13: 76716.989 | G13: 211790.64 | H13: =+J13-I13 -> 211790.64 | J13: =G13 -> 211790.64 | K13: 14000 | L13: =+K13*K5 -> 126000 | M13: =+L13-J13 -> -85790.644
A14: WSWT2025800SM | B14: 296127 | C14: 284550 | D14: 292809 | E14: 292238.43 | F14: 17378.68 | G14: 274859.75 | H14: =+J14-I14 -> 274859.75 | J14: =G14 -> 274859.75
A15: WSWT2121670SM | B15: 359000 | C15: 367500 | D15: 353179 | E15: 376491.5 | F15: 80270.7 | G15: 296220.8 | H15: =+J15-I15 -> 296220.8 | J15: =G15 -> 296220.8 | K15: 20000 | L15: =+K15*K5 -> 180000 | M15: =+L15-J15 -> -116220.8
A16: WSWT2125650 | B16: 50000 | C16: 10500 | D16: 49900 | E16: 53953.537 | F16: 18812.7 | G16: 35140.837 | H16: =+J16-I16 -> 35140.837 | J16: =G16 -> 35140.837
A17: WSWT2321112512551 | B17: 96600 | C17: 44967.3 | D17: 46311 | E17: 46067.5 | F17: 46067.5 | G17: 0 | H17: =+J17-I17 -> 0 | J17: =G17 -> 0
A18: WSWT2321112512551VN | B18: 100000 | C18: 0 | D18: 0 | E18: 0 | F18: 0 | G18: 0 | H18: =+J18-I18 -> 0 | J18: =G18 -> 0
A19: WSWT2321750 | B19: 15000 | C19: 15750 | D19: 15000 | E19: 16135.35 | F19: 7327 | G19: 8808.35 | H19: 0 | I19: 54000 | J19: =G19 -> 8808.35
A20: WSWT2325650 | B20: 90000 | C20: 73500 | D20: 77754 | E20: 69430.9 | F20: 29756.1 | G20: 39674.8 | H20: =+J20-I20 -> 39674.8 | J20: =G20 -> 39674.8
A21: WSWT2625650 | B21: 8000 | C21: 8400 | D21: 8000 | E21: 9499.6 | F21: 0 | G21: 9499.6 | H21: =+J21-I21 -> 9499.6 | J21: =G21 -> 9499.6
A22: WSWT262575051 | B22: 10000 | C22: 0 | D22: 10000 | E22: 11315.7 | F22: 6000 | G22: 5315.7 | H22: =+J22-I22 -> 5315.7 | J22: =G22 -> 5315.7
A23: WSWT2625800 | B23: 10000 | C23: 0 | D23: 10000 | E23: 12433.3 | F23: 12433.3 | G23: 0 | H23: =+J23-I23 -> 0 | J23: =G23 -> 0
A24: WSWT2625850SM | B24: 106500 | C24: 85575 | D24: 99114 | E24: 119981.34 | F24: 9788 | G24: 110193.34 | H24: =+J24-I24 -> 110193.34 | J24: =G24 -> 110193.34
A25: WSWT2825850 | B25: 55000 | C25: 52500 | D25: 55000 | E25: 66147.95 | F25: 11275.45 | G25: 54872.5 | H25: =+J25-I25 -> 54872.5 | J25: =G25 -> 54872.5
A26: ผลรวมทั้งหมด | B26: 2460134 | C26: 2057340.6 | D26: 2265630 | E26: 2146493.3 | F26: 425685.88 | G26: 1720807.5 | H26: =+J26-I26 -> 1720807.5 | J26: =G26 -> 1720807.5
H27: =+J27-I27 -> 0 | J27: =G27 -> 0
H28: =+J28-I28 -> 0 | J28: =G28 -> 0 | M28: =+GETPIVOTDATA("ผลรวม ของ ใช้",$A$6)+H29+H33 -> 5669299.9
H29: =SUM(H7:H28) -> 3432806.6 | I29: =SUM(I7:I28) -> 54000 | J29: =SUM(J7:J28) -> 3441614.9
H32: =+H26 -> 1720807.5 | I32: 85 | J32: =+(H32+H29)*I32 -> 4.3805719e+08 | K32: =+J32/1000 -> 438057.19
H33: 90000 | I33: 95 | J33: =+H33*I33 -> 8550000 | K33: =+J33/1000 -> 8550
H35: =+H32+H33+H29 -> 5243614 | K35: =+K32+K33 -> 446607.19
N36: 705222
A37: ยอดส่ง 1/2/68 - 17/2/68 | B37: 1565717 | H37: 15 | I37: =+H35/H37 -> 349574.27
N38: =+H35+N36 -> 5948836
I39: =+H37*110000 -> 1650000
B41: =+B29+B37+B31-110000 -> 1455717 | C41: =+C29+C37+C31 -> 0 | D41: =+D29+D37+D31-110000 -> -110000 | E41: =+E29+E37+E31 -> 0 | F41: =+F29+F37+F31 -> 0 | G41: =+G29+G37+G31 -> 0
B43: 3218150
B45: =+B43-B41 -> 1762433
C47: =+C41/9 -> 0 | D47: =+D41/9 -> -12222.222

Sheet 7(Order)
A2: เลขที่ SO | B2: (ทั้งหมด)
A3: วันส่ง | B3: 45869
A4: ชื่อลูกค้า | B4: (ทั้งหมด)
A6: ประเภท | B6: ผลรวม ของ จำนวนส่ง | C6: ผลรวม ของ ค้างพิมพ์ | D6: ผลรวม ของ ค้างตัด | E6: ผลรวม ของ ใช้ | F6: ผลรวม ของ Stock | G6: ผลรวม ของ ค้างทอ
A7: WSWT1625800SM | B7: 4000 | C7: 0 | D7: 78 | E7: 0 | F7: 0 | G7: 0 | I7: =+K7-J7 -> 0 | K7: =G7 -> 0
A8: WSWT1921720 | B8: 25000 | C8: 0 | D8: 0 | E8: 0 | F8: 0 | G8: 0 | I8: =+K8-J8 -> 0 | K8: =G8 -> 0
A9: WSWT1925800SM | B9: 15000 | C9: 0 | D9: 0 | E9: 0 | F9: 0 | G9: 0 | I9: =+K9-J9 -> 0 | K9: =G9 -> 0
A10: WSWT2025800 | B10: 124720 | C10: 65620.8 | D10: 72480 | E10: 65481.022 | F10: 65481.022 | G10: 0 | I10: =+K10-J10 -> 0 | K10: =G10 -> 0
A11: WSWT2025800SM | B11: 39152 | C11: 0 | D11: 120 | E11: 0 | F11: 0 | G11: 0 | I11: =+K11-J11 -> 0 | K11: =G11 -> 0
A12: WSWT262575051 | B12: 5000 | C12: 0 | D12: 0 | E12: 0 | F12: 0 | G12: 0 | I12: =+K12-J12 -> 0 | K12: =G12 -> 0
A13: WSWT2625850SM | B13: 15000 | C13: 0 | D13: 0 | E13: 0 | F13: 0 | G13: 0 | I13: =+K13-J13 -> 0 | K13: =G13 -> 0
A14: ผลรวมทั้งหมด | B14: 227872 | C14: 65620.8 | D14: 72678 | E14: 65481.022 | F14: 65481.022 | G14: 0 | I14: =+K14-J14 -> 0 | K14: =G14 -> 0
I15: =+K15-J15 -> 0 | K15: =G15 -> 0
I16: =+K16-J16 -> 0 | K16: =G16 -> 0
I17: 0 | J17: 54000 | K17: =G17 -> 0
I18: =+K18-J18 -> 0 | K18: =G18 -> 0
I19: =+K19-J19 -> 0 | K19: =G19 -> 0
I20: =+K20-J20 -> 0 | K20: =G20 -> 0
I21: =+K21-J21 -> 0 | K21: =G21 -> 0
I22: =+K22-J22 -> 0 | K22: =G22 -> 0
I23: =+K23-J23 -> 0 | K23: =G23 -> 0
I24: =+K24-J24 -> 0 | K24: =G24 -> 0
I25: =+K25-J25 -> 0 | K25: =G25 -> 0
I26: =SUM(I7:I25) -> 0 | J26: =SUM(J7:J25) -> 54000 | K26: =SUM(K7:K25) -> 0
D34: =D18 -> 0
D36: =D20 -> 0
A37: ยอดส่ง 1/4/68 - 12/4/68 | B37: 887615
A38: Order+ส่ง | B38: =++B25+B37 -> 887615
A39: ประมาณการ | B39: 262000 | C39: 238350 | D39: 262000 | E39: 279847.04 | F39: 60825.09 | G39: 219021.95
A41: Order+ส่ง+ประมาณการ | B41: =+B25+B37+B39+B33 -> 1149615 | C41: =+C25+C37+C39+C33 -> 238350 | D41: =+D25+D37+D39+D33 -> 262000 | E41: =+E25+E37+E39+E33 -> 279847.04 | F41: =+F25+F37+F39+F33 -> 60825.09 | G41: =+G25+G37+G39+G33 -> 219021.95
B43: 3171376
B45: =+B41-B43 -> -2021761 | C45: =+$B$45 -> -2021761 | D45: =+$B$45 -> -2021761 | F45: =+$B$45 -> -2021761
D47: =+D41/6 -> 43666.667

Sheet 7(Order) แยกลูกค้า
A1: เลขที่ SO | B1: (หลายรายการ)
A2: วันส่ง | B2: (หลายรายการ)
A4: ประเภท | B4: ชื่อลูกค้า | C4: ผลรวม ของ จำนวนส่ง | D4: ผลรวม ของ ค้างพิมพ์ | E4: ผลรวม ของ ค้างตัด | F4: ผลรวม ของ Stock | G4: ผลรวม ของ ค้างทอ | I4: vn
A5: WSWT1625800SM | B5: พีมินเนอร์ | C5: 4000 | D5: 0 | E5: 78 | F5: 0 | G5: 0 | H5: =G5 -> 0
A6: WSWT1625800SM ผลรวม | C6: 4000 | D6: 0 | E6: 78 | F6: 0 | G6: 0 | H6: =G6 -> 0
A7: WSWT1725800 | B7: โรงสีข้าวธัญญาวัฒน์ | C7: 30250 | D7: 31762.5 | E7: 30250 | F7: 23242.588 | G7: 0 | H7: =G7 -> 0
A8: WSWT1725800 ผลรวม | C8: 30250 | D8: 31762.5 | E8: 30250 | F8: 23242.588 | G8: 0 | H8: =G8 -> 0
A9: WSWT1921720 | B9: บจก.เคอรี่ฟลาวมิลล์ | C9: 60000 | D9: 0 | E9: 715 | F9: 0 | G9: 0 | H9: =G9 -> 0
A10: WSWT1921720 ผลรวม | C10: 60000 | D10: 0 | E10: 715 | F10: 0 | G10: 0 | H10: =G10 -> 0
A11: WSWT1925800SM | B11: บจก.เอเชี่ยนเคมิคัล | C11: 15000 | D11: 15750 | E11: 15000 | F11: 11525.25 | G11: 0 | H11: =G11 -> 0
A12: WSWT1925800SM ผลรวม | C12: 15000 | D12: 15750 | E12: 15000 | F12: 11525.25 | G12: 0 | H12: =G12 -> 0
A13: WSWT2021750 | B13: คุณสมบัติ นิมวชิรวัฒนา | C13: 5000 | D13: 0 | E13: 0 | F13: 0 | G13: 0 | H13: =G13 -> 0
A14: WSWT2021750 ผลรวม | C14: 5000 | D14: 0 | E14: 0 | F14: 0 | G14: 0 | H14: =G14 -> 0
A15: WSWT2025800 | B15: บจก.เคอรี่ฟลาวมิลล์ | C15: 5000 | D15: 0 | E15: 0 | F15: 0 | G15: 0 | H15: =G15 -> 0
B16: บจก.อินเทคค์ โกลบอล | C16: 239360 | D16: 187027.05 | E16: 193360 | F16: 195810.91 | G16: 0 | H16: =G16 -> 0
A17: WSWT2025800 ผลรวม | C17: 244360 | D17: 187027.05 | E17: 193360 | F17: 195810.91 | G17: 0 | H17: =G17 -> 0
A18: WSWT2025800SM | B18: บจก.อินเทคค์ โกลบอล | C18: 49152 | D18: 15876 | E18: 35299 | F18: 15841.98 | G18: 0 | H18: =G18 -> 0
B19: บจก.วีซีเอฟ | C19: 25000 | D19: 0 | E19: 122 | F19: 0 | G19: 0 | H19: =G19 -> 0
A20: WSWT2025800SM ผลรวม | C20: 74152 | D20: 15876 | E20: 35421 | F20: 15841.98 | G20: 0 | H20: =G20 -> 0
A21: WSWT2121670SM | B21: บจก.เอ็นบี ดิสทริบิวชั่น | C21: 20000 | D21: 1827 | E21: 2000 | F21: 1965.2856 | G21: 0 | H21: =G21 -> 0
A22: WSWT2121670SM ผลรวม | C22: 20000 | D22: 1827 | E22: 2000 | F22: 1965.2856 | G22: 0 | H22: =G22 -> 0
A23: WSWT2125800 | B23: โรงสีข้าวธัญญาวัฒน์ | C23: 4100 | D23: 0 | E23: 4100 | F23: 0 | G23: 0 | H23: =G23 -> 0
A24: WSWT2125800 ผลรวม | C24: 4100 | D24: 0 | E24: 4100 | F24: 0 | G24: 0 | H24: =G24 -> 0
A25: WSWT262575051 | B25: คุณธนนท์ อุทัยไพศาลวงศ์ | C25: 10000 | D25: 0 | E25: 0 | F25: 0 | G25: 0 | H25: =G25 -> 0
A26: WSWT262575051 ผลรวม | C26: 10000 | D26: 0 | E26: 0 | F26: 0 | G26: 0 | H26: =G26 -> 0
A27: WSWT2625850SM | B27: บจก.ที.ซี.ยูเนี่ยน อโกรเทค | C27: 15000 | D27: 0 | E27: 15000 | F27: 18649.95 | G27: 0 | H27: =G27 -> 0
A28: WSWT2625850SM ผลรวม | C28: 15000 | D28: 0 | E28: 15000 | F28: 18649.95 | G28: 0 | H28: =G28 -> 0
A29: ผลรวมทั้งหมด | C29: 481862 | D29: 252242.55 | E29: 295924 | F29: 267035.96 | G29: 0 | H29: =G29 -> 0
H30: =G30 -> 0
H31: =G31 -> 0
H32: =G32 -> 0
H33: =G33 -> 0
H34: =G34 -> 0
H35: =G35 -> 0
H36: =G36 -> 0
H37: =G37 -> 0
H38: =G38 -> 0
H39: =G39 -> 0
H40: =G40 -> 0
H41: =G41 -> 0
... H65: =G65 -> 0
H70: =SUM(H5:H69) -> 0
D119: Cap พิมพ์ | E119: Cap ตัด | F119: Stock 16/7 บ่าย | G119: Cap ทอ | I119: วันทงาน
B120: lส่ง | C120: 1-16/7 | D120: 160000 | E120: 160000 | G120: 120000 | I120: 12
C121: 1975256 | D121: =+D120*I120 -> 1920000 | E121: =+E120*I120 -> 1920000 | F121: 825147 | G121: =+G120*I120 -> 1440000
A122: เบทาโกรส่งแล้ว | B122: 20700 | C122: 424374
A123: เบทาโกรส่งแล้ว | B123: 20800 | C123: 155973
C126: รวมส่ง+ค้างส่ง | D126: ส่วนต่างCapคงเหลือ | E126: ส่วนต่างCapคงเหลือ | F126: คงเหลือ
C127: =+C50+C121 -> 1975256 | D127: =+D121-D50 -> 1920000 | E127: =+E121-E50 -> 1920000 | F127: =+F121-F50 -> 825147 | G127: =+G121-G50 -> 1440000
B129: 20700VN 20/7 | G129: 350000

Sheet 7(Fc) แยกลูกค้า
A1: เลขที่ SO | B1: ประมาณการ
A2: วันส่ง | B2: (หลายรายการ) | D2: 12
A4: ประเภท | B4: ชื่อลูกค้า | C4: ผลรวม ของ จำนวนส่ง | D4: ผลรวม ของ ค้างพิมพ์ | E4: ผลรวม ของ ค้างตัด | F4: ผลรวม ของ ใช้ | G4: ผลรวม ของ Stock | H4: ผลรวม ของ ค้างทอ
A5: WSWT1625800SM | B5: บจก.ซัน ซีเมนต์ โพรเซส | C5: 5000 | D5: 5250 | E5: 5000 | F5: 3702.05 | G5: 0 | H5: 3702.05
A6: WSWT1625800SM ผลรวม | C6: 5000 | D6: 5250 | E6: 5000 | F6: 3702.05 | G6: 0 | H6: 3702.05
A7: WSWT1825800 | B7: บจก.ฟาร์เธอร์ส วิง ซัพพลาย | C7: 15000 | D7: 15750 | E7: 15000 | F7: 13201.65 | G7: 6301 | H7: 6900.65
A8: WSWT1825800 ผลรวม | C8: 15000 | D8: 15750 | E8: 15000 | F8: 13201.65 | G8: 6301 | H8: 6900.65
A9: WSWT1921720 | B9: บจก.เคอรี่ฟลาวมิลล์ | C9: 572000 | D9: 600600 | E9: 572000 | F9: 503422.92 | G9: 17840 | H9: 485582.92
A10: WSWT1921720 ผลรวม | C10: 572000 | D10: 600600 | E10: 572000 | F10: 503422.92 | G10: 17840 | H10: 485582.92
A11: WSWT1925800 | B11: บจก.ไลม์มาสเตอร์ | C11: 20000 | D11: 21000 | E11: 20000 | F11: 18719.8 | G11: 0 | H11: 18719.8
B12: บจก.เอ็กเซลเล้นท์ | C12: 40000 | D12: 42000 | E12: 40000 | F12: 35204.4 | G12: 0 | H12: 35204.4
B13: บจก.ซีแมน | C13: 60000 | D13: 63000 | E13: 60000 | F13: 49453.8 | G13: 0 | H13: 49453.8
A14: WSWT1925800 ผลรวม | C14: 120000 | D14: 126000 | E14: 120000 | F14: 103378 | G14: 0 | H14: 103378
A15: WSWT1925800SM | B15: บจก.เอเชี่ยนเคมิคัล | C15: 15000 | D15: 15750 | E15: 15000 | F15: 11525.25 | G15: 11525.25 | H15: 0
A16: WSWT1925800SM ผลรวม | C16: 15000 | D16: 15750 | E16: 15000 | F16: 11525.25 | G16: 11525.25 | H16: 0
A17: WSWT2025650 | B17: บจก.หนองบัวฟีดมิลล์ | C17: 20000 | D17: 0 | E17: 20000 | F17: 17602.2 | G17: 0 | H17: 17602.2
A18: WSWT2025650 ผลรวม | C18: 20000 | D18: 0 | E18: 20000 | F18: 17602.2 | G18: 0 | H18: 17602.2
A19: WSWT2025800 | B19: บจก.อินเทคค์ โกลบอล | C19: 55000 | D19: 57750 | E19: 55000 | F19: 57626.25 | G19: 0 | H19: 57626.25
A20: WSWT2025800 ผลรวม | C20: 55000 | D20: 57750 | E20: 55000 | F20: 57626.25 | G20: 0 | H20: 57626.25
A21: WSWT2025800SM | B21: บจก.ไทยธรรมดี | C21: 20000 | D21: 21000 | E21: 20000 | F21: 21513.8 | G21: 0 | H21: 21513.8
B22: บจก.อินเทคค์ โกลบอล | C22: 100000 | D22: 105000 | E22: 100000 | F22: 104775 | G22: 0 | H22: 104775
B23: บจก.เอสพีเอ็ม อาหารสัตว์ | C23: 20000 | D23: 21000 | E23: 20000 | F23: 22072.6 | G23: 0 | H23: 22072.6
B24: บจก.ซันฟีด | C24: 100000 | D24: 105000 | E24: 100000 | F24: 110363 | G24: 0 | H24: 110363
A25: WSWT2025800SM ผลรวม | C25: 240000 | D25: 252000 | E25: 240000 | F25: 258724.4 | G25: 0 | H25: 258724.4
A26: WSWT2025850 | B26: บจก.ซันฟีด | C26: 100000 | D26: 105000 | E26: 100000 | F26: 113157 | G26: 0 | H26: 113157
A27: WSWT2025850 ผลรวม | C27: 100000 | D27: 105000 | E27: 100000 | F27: 113157 | G27: 0 | H27: 113157
A28: WSWT2121670SM | B28: บจก.ที.ซี.ยูเนี่ยน อโกรเทค | C28: 10000 | D28: 10500 | E28: 10000 | F28: 10756.9 | G28: 10756.9 | H28: 0
B29: บจก.แอมโก้เวท | C29: 300000 | D29: 315000 | E29: 300000 | F29: 322707 | G29: 0 | H29: 322707
B30: บจก.เอ็นบี | C30: 20000 | D30: 21000 | E30: 20000 | F30: 21513.8 | G30: 0 | H30: 21513.8
A31: WSWT2121670SM ผลรวม | C31: 330000 | D31: 346500 | E31: 330000 | F31: 354977.7 | G31: 10756.9 | H31: 344220.8
A32: WSWT2125650 | B32: บจก.หนองบัวฟีดมิลล์ | C32: 30000 | D32: 0 | E32: 30000 | F32: 33108.9 | G32: 4212 | H32: 28896.9
B33: บจก.ไลม์มาสเตอร์ | C33: 10000 | D33: 10500 | E33: 10000 | F33: 9918.7 | G33: 9918.7 | H33: 0
A34: WSWT2125650 ผลรวม | C34: 40000 | D34: 10500 | E34: 40000 | F34: 43027.6 | G34: 14130.7 | H34: 28896.9
A35: WSWT2325650 | B35: พันธุ์ข้าว | C35: 40000 | D35: 42000 | E35: 40000 | F35: 39674.8 | G35: 0 | H35: 39674.8
B36: บจก.ซิเบลโก้(สบปราบ) | C36: 30000 | D36: 31500 | E36: 30000 | F36: 29756.1 | G36: 29756.1 | H36: 0
A37: WSWT2325650 ผลรวม | C37: 70000 | D37: 73500 | E37: 70000 | F37: 69430.9 | G37: 29756.1 | H37: 39674.8
A38: WSWT2625650 | B38: บจก.กบินทร์อินทรีย์ | C38: 8000 | D38: 8400 | E38: 8000 | F38: 9499.6 | G38: 0 | H38: 9499.6
A39: WSWT2625650 ผลรวม | C39: 8000 | D39: 8400 | E39: 8000 | F39: 9499.6 | G39: 0 | H39: 9499.6
A40: WSWT2625800 | B40: บจก.ที.ซี.ยูเนี่ยน อโกรเทค | C40: 10000 | D40: 0 | E40: 10000 | F40: 12433.3 | G40: 12433.3 | H40: 0
A41: WSWT2625800 ผลรวม | C41: 10000 | D41: 0 | E41: 10000 | F41: 12433.3 | G41: 12433.3 | H41: 0
A42: WSWT2625850SM | B42: บจก.ที.ซี.ยูเนี่ยน อโกรเทค | C42: 20000 | D42: 21000 | E42: 20000 | F42: 24866.6 | G42: 0 | H42: 24866.6
A43: WSWT2625850SM ผลรวม | C43: 20000 | D43: 21000 | E43: 20000 | F43: 24866.6 | G43: 0 | H43: 24866.6
A44: WSWT2825850 | B44: บจก.ที.ซี.ยูเนี่ยน อโกรเทค | C44: 5000 | D44: 0 | E44: 5000 | F44: 6775.45 | G44: 7020 | H44: 0
B45: บจก.ไทยร่วมใจน้ำมันพืช | C45: 50000 | D45: 52500 | E45: 50000 | F45: 59372.5 | G45: 0 | H45: 59372.5
A46: WSWT2825850 ผลรวม | C46: 55000 | D46: 52500 | E46: 55000 | F46: 66147.95 | G46: 7020 | H46: 59372.5
A47: WSWTSCL052325650 | B47: พันธุ์ข้าว | C47: 10000 | D47: 10500 | E47: 10000 | F47: 9918.7 | G47: 0 | H47: 9918.7
A48: WSWTSCL052325650 ผลรวม | C48: 10000 | D48: 10500 | E48: 10000 | F48: 9918.7 | G48: 0 | H48: 9918.7
A49: ผลรวมทั้งหมด | C49: 1685000 | D49: 1701000 | E49: 1685000 | F49: 1672642.1 | G49: 109763.25 | H49: 1563123.4
D119: Cap พิมพ์ | E119: Cap ตัด | F119: Stock 16/7 บ่าย | G119: Cap ทอ | I119: วันทงาน
B120: lส่ง | C120: 1-16/7 | D120: 160000 | E120: 160000 | G120: 120000 | I120: 12
C121: 1975256 | D121: =+D120*I120 -> 1920000 | E121: =+E120*I120 -> 1920000 | F121: 825147 | G121: =+G120*I120 -> 1440000
A122: เบทาโกรส่งแล้ว | B122: 20700 | C122: 424374
A123: เบทาโกรส่งแล้ว | B123: 20800 | C123: 155973
C126: รวมส่ง+ค้างส่ง | D126: ส่วนต่างCapคงเหลือ | E126: ส่วนต่างCapคงเหลือ | F126: คงเหลือ
C127: =+C50+C121 -> 1975256 | D127: =+D121-D50 -> 1920000 | E127: =+E121-E50 -> 1920000 | F127: =+F121-F50 -> 825147 | G127: =+G121-G50 -> 1440000
B129: 20700VN 20/7 | G129: 350000

Sheet 6(Order+Fc) แยกลูกค้า
A1: เลขที่ SO | B1: (หลายรายการ)
A2: วันส่ง | B2: รอแจ้ง | D2: 12 | I2: เมตร | J2: vn | K2: ใบ | P2: วัน
A4: ประเภท | B4: ชื่อลูกค้า | C4: ผลรวม ของ จำนวนส่ง | D4: ผลรวม ของ ค้างพิมพ์ | E4: ผลรวม ของ ค้างตัด | F4: ผลรวม ของ Stock | G4: ผลรวม ของ ใช้ | H4: ผลรวม ของ ค้างทอ
A5: WSWT1625800SM | B5: พีมินเนอร์ | C5: 5000 | D5: 5250 | E5: 5000 | F5: 3175 | G5: 4121.15 | H5: 946.15 | I5: =H5 -> 946.15
A6: WSWT1625800SM ผลรวม | C6: 5000 | D6: 5250 | E6: 5000 | F6: 3175 | G6: 4121.15 | H6: 946.15
A7: WSWT1921720 | B7: บจก.เคอรี่ฟลาวมิลล์ | C7: 5000 | D7: 0 | E7: 5000 | F7: 0 | G7: 0 | H7: 0 | I7: =H7 -> 0
A8: WSWT1921720 ผลรวม | C8: 5000 | D8: 0 | E8: 5000 | F8: 0 | G8: 0 | H8: 0 | I8: =H8 -> 0
A9: WSWT19251000SM | B9: บจก.อินเทคค์ โกลบอล | C9: 503 | D9: 0 | E9: 503 | F9: 0 | G9: 0 | H9: 0 | I9: =H9 -> 0
A10: WSWT19251000SM ผลรวม | C10: 503 | D10: 0 | E10: 503 | F10: 0 | G10: 0 | H10: 0 | I10: =H10 -> 0
A11: WSWT2025800SM | B11: บจก.อินเทคค์ โกลบอล | C11: 12392 | D11: 0 | E11: 12325 | F11: 0 | G11: 0 | H11: 0
B12: บจก.เอพีเอ็ม อะโกร | C12: 5000 | D12: 5250 | E12: 5000 | F12: 0 | G12: 5518.15 | H12: 5518.15 | I12: =H12 -> 5518.15
B13: บจก.เอสพีเอ็ม อาหารสัตว์ | C13: 18000 | D13: 18900 | E13: 18000 | F13: 0 | G13: 20032.98 | H13: 20032.98
A14: WSWT2025800SM ผลรวม | C14: 35392 | D14: 24150 | E14: 35325 | F14: 0 | G14: 25551.13 | H14: 25551.13 | I14: =H14 -> 25551.13 | P14: 15000 | Q14: =+K14/P14 -> 0
A15: WSWT2121670SM | B15: บจก.ที.ซี.ยูเนี่ยน อโกรเทค | C15: 40000 | D15: 42000 | E15: 40000 | F15: 43027.6 | G15: 43027.6 | H15: 0
B16: บจก.เอพีเอ็ม อะโกร | C16: 10000 | D16: 10500 | E16: 10000 | F16: 0 | G16: 11595.1 | H16: 11595.1 | I16: =H16 -> 11595.1
B17: บจก.เอสพีเอ็ม อาหารสัตว์ | C17: 5000 | D17: 5250 | E17: 5000 | F17: 0 | G17: 5518.15 | H17: 5518.15 | I17: =H17 -> 5518.15
A18: WSWT2121670SM ผลรวม | C18: 55000 | D18: 57750 | E18: 55000 | F18: 43027.6 | G18: 60140.85 | H18: 17113.25 | I18: =H18 -> 17113.25
A19: WSWT2321112512551 | B19: บจก.น้ำตาลทิพย์สุโขทัย | C19: 436278 | D19: 458091.9 | E19: 436278 | F19: 0 | G19: 469299.88 | H19: 469299.88 | I19: =H19 -> 469299.88
A20: WSWT2321112512551 ผลรวม | C20: 436278 | D20: 458091.9 | E20: 436278 | F20: 0 | G20: 469299.88 | H20: 469299.88 | I20: =H20 -> 469299.88 | P20: 16000 | Q20: =+K20/P20 -> 0
A21: WSWT2321750 | B21: บจก.แอมโก้เวท | C21: 1000 | D21: 0 | E21: 1000 | F21: 1159.51 | G21: 1159.51 | H21: 0
A22: WSWT2321750 ผลรวม | C22: 1000 | D22: 0 | E22: 1000 | F22: 1159.51 | G22: 1159.51 | H22: 0 | I22: =H22 -> 0
A23: ผลรวมทั้งหมด | C23: 538173 | D23: 545241.9 | E23: 538106 | F23: 47362.11 | G23: 560272.52 | H23: 512910.41
I24: =H24 -> 0
I26: =H26 -> 0
I28: =H28 -> 0
I29: =H29 -> 0
I30: =H30 -> 0
P31: 15000 | Q31: =+K31/P31 -> 0
I32: =H32 -> 0
I33: =H33 -> 0
I34: =H34 -> 0
I35: =H35 -> 0
I36: =H36 -> 0
I37: =H37 -> 0
I38: =H38 -> 0
I39: =H39 -> 0
I40: =H40 -> 0
I42: =H42 -> 0
I44: =H44 -> 0
I45: =H45 -> 0
J46: 74000
I47: =H47 -> 0
I48: =H48 -> 0
I51: =H51 -> 0
I52: =H52 -> 0
I54: =H54 -> 0
I55: =H55 -> 0
I56: =H56-J56 -> -166000 | J56: 166000
I58: =H58 -> 0
I59: =H59 -> 0
I60: =H60 -> 0
I61: =H61 -> 0
I62: =H62 -> 0
I64: =H64 -> 0
I65: =H65 -> 0
I66: =H66 -> 0
I68: =H68 -> 0
I70: =H70 -> 0
I72: =H72 -> 0
I73: =H73 -> 0
I75: =SUM(I5:I74) -> 838841.69
I79: =I75+I77 -> 838841.69 | J79: 16 | K79: =+I79*0.9779 -> 820303.29
I81: =+I79/J79 -> 52427.606 | K81: =+K79*85 -> 69725780
K83: =+K81/1000 -> 69725.78
D119: Cap พิมพ์ | E119: Cap ตัด | F119: Stock 16/7 บ่าย | G119: Cap ทอ | I119: วันทงาน
B120: lส่ง | C120: 1-16/7 | D120: 160000 | E120: 160000 | G120: 120000 | I120: 12
C121: 1975256 | D121: =+D120*I120 -> 1920000 | E121: =+E120*I120 -> 1920000 | F121: 825147 | G121: =+G120*I120 -> 1440000
A122: เบทาโกรส่งแล้ว | B122: 20700 | C122: 424374
A123: เบทาโกรส่งแล้ว | B123: 20800 | C123: 155973
C126: รวมส่ง+ค้างส่ง | D126: ส่วนต่างCapคงเหลือ | E126: ส่วนต่างCapคงเหลือ | F126: คงเหลือ
C127: =+C50+C121 -> 1975256 | D127: =+D121-D50 -> 1920000 | E127: =+E121-E50 -> 1920000 | F127: =+F121-F50 -> 825147 | G127: =+G121-G50 -> 1440000
B129: 20700VN 20/7 | G129: 350000

Sheet 8(Order)
A2: เลขที่ SO | B2: (หลายรายการ)
A3: วันส่ง | B3: (หลายรายการ)
A4: ชื่อลูกค้า | B4: (ทั้งหมด)
A6: ประเภท | B6: ผลรวม ของ จำนวนส่ง | C6: ผลรวม ของ ค้างพิมพ์ | D6: ผลรวม ของ ค้างตัด | E6: ผลรวม ของ ใช้ | F6: ผลรวม ของ Stock | G6: ผลรวม ของ ค้างทอ
A7: WSWT1425800 | B7: 10000 | C7: 10500 | D7: 10000 | E7: 6565.9 | F7: 6565.9 | G7: 0
A8: WSWT1825800SM | B8: 10000 | C8: 10500 | D8: 10000 | E8: 8801.1 | F8: 6990 | G8: 1811.1
A9: WSWT1921720 | B9: 280000 | C9: 154980 | D9: 200077 | E9: 148751.3 | F9: 20156.103 | G9: 128595.2
A10: WSWT2025800 | B10: 185000 | C10: 194250 | D10: 185000 | E10: 199002.65 | F10: 62295 | G10: 136707.65
A11: WSWT2025800SM | B11: 65000 | C11: 68250 | D11: 65000 | E11: 70366.89 | F11: 11203.94 | G11: 59162.95 | L11: =76*2500 -> 190000
A12: WSWT2121670SM | B12: 20000 | C12: 21000 | D12: 20000 | E12: 21513.8 | F12: 21513.8 | G12: 0
A13: WSWT2321112512551 | B13: 100000 | C13: 93792.3 | D13: 89326 | E13: 96087.085 | F13: 27186 | G13: 68901.085
A14: WSWT2325650 | B14: 5000 | C14: 5250 | D14: 5000 | E14: 5518.15 | F14: 5518.15 | G14: 0
A15: WSWT2625850SM | B15: 45000 | C15: 23821.35 | D15: 40709 | E15: 47210.919 | F15: 28778.359 | G15: 18432.56
A16: WSWT2825850 | B16: 50000 | C16: 52500 | D16: 50000 | E16: 59372.5 | F16: 23669 | G16: 35703.5
A17: ผลรวมทั้งหมด | B17: 770000 | C17: 634843.65 | D17: 675112 | E17: 663190.3 | F17: 213876.25 | G17: 449314.04
A37: ยอดส่ง 1/1/68 - 17/1/68 | B37: 1287052
A38: Order+ส่ง | B38: =++B22+B37 -> 1287052
A39: ประมาณการ | I39: 0
A41: Order+ส่ง+ประมาณการ | B41: =+B22+B37+B39+B29 -> 1287052 | C41: =+C22+C37+C39+C29 -> 0 | D41: =+D22+D37+D39+D29 -> 0 | E41: =+E22+E37+E39+E29 -> 0 | F41: =+F22+F37+F39+F29 -> 0 | G41: =+G22+G37+G39+G29 -> 0
B43: 3000000 | I43: 9
B45: =+B41-B43 -> -1712948
D46: =+D22/I43 -> 0
C47: =+C41/I43 -> 0 | D47: =+D41/I43 -> 0 | G47: =+G41/I43 -> 0

Sheet 6(Order) แยกลูกค้า
A1: เลขที่ SO | B1: (หลายรายการ)
A2: วันส่ง | B2: รอแจ้ง
A4: ประเภท | B4: ชื่อลูกค้า | C4: ผลรวม ของ จำนวนส่ง | D4: ผลรวม ของ ค้างพิมพ์ | E4: ผลรวม ของ ค้างตัด | F4: ผลรวม ของ Stock | G4: ผลรวม ของ ค้างทอ | I4: vn
A5: WSWT1921720 | B5: บจก.เคอรี่ฟลาวมิลล์ | C5: 5000 | D5: 0 | E5: 5000 | F5: 0 | G5: 0 | H5: =G5 -> 0
A6: WSWT1921720 ผลรวม | C6: 5000 | D6: 0 | E6: 5000 | F6: 0 | G6: 0 | H6: =G6 -> 0
A7: WSWT19251000SM | B7: บจก.อินเทคค์ โกลบอล | C7: 503 | D7: 0 | E7: 503 | F7: 0 | G7: 0 | H7: =G7 -> 0
A8: WSWT19251000SM ผลรวม | C8: 503 | D8: 0 | E8: 503 | F8: 0 | G8: 0
A9: WSWT2025800SM | B9: บจก.อินเทคค์ โกลบอล | C9: 13286 | D9: 0 | E9: 13219 | F9: 0 | G9: 0 | H9: =G9 -> 0
B10: บจก.เอพีเอ็ม อะโกร | C10: 5000 | D10: 5250 | E10: 5000 | F10: 0 | G10: 5518.15 | H10: =G10 -> 5518.15
B11: บจก.เอสพีเอ็ม อาหารสัตว์ | C11: 23000 | D11: 24150 | E11: 23000 | F11: 0 | G11: 25551.13
A12: WSWT2025800SM ผลรวม | C12: 41286 | D12: 29400 | E12: 41219 | F12: 0 | G12: 31069.28 | H12: =G12 -> 31069.28
A13: WSWT2121670SM | B13: บจก.ที.ซี.ยูเนี่ยน อโกรเทค | C13: 40000 | D13: 42000 | E13: 40000 | F13: 43027.6 | G13: 0 | H13: =G13 -> 0
B14: บจก.เอพีเอ็ม อะโกร | C14: 7000 | D14: 7350 | E14: 7000 | F14: 7725.41 | G14: 0 | H14: =G14 -> 0
B15: บจก.เอสพีเอ็ม อาหารสัตว์ | C15: 5000 | D15: 5250 | E15: 5000 | F15: 0 | G15: 5518.15
A16: WSWT2121670SM ผลรวม | C16: 52000 | D16: 54600 | E16: 52000 | F16: 50753.01 | G16: 5518.15 | H16: =G16 -> 5518.15
A17: WSWT2321112512551 | B17: บจก.น้ำตาลทิพย์สุโขทัย | C17: 436278 | D17: 458091.9 | E17: 436278 | F17: 0 | G17: 469299.88
A18: WSWT2321112512551 ผลรวม | C18: 436278 | D18: 458091.9 | E18: 436278 | F18: 0 | G18: 469299.88 | H18: =G18 -> 469299.88
A19: WSWT2321750 | B19: บจก.แอมโก้เวท | C19: 1000 | D19: 0 | E19: 1000 | F19: 1159.51 | G19: 0 | H19: =G19 -> 0
A20: WSWT2321750 ผลรวม | C20: 1000 | D20: 0 | E20: 1000 | F20: 1159.51 | G20: 0 | H20: =G20 -> 0
A21: ผลรวมทั้งหมด | C21: 536067 | D21: 542091.9 | E21: 536000 | F21: 51912.52 | G21: 505887.31 | H21: =G21 -> 505887.31
H23: =G23 -> 0
H25: =G25 -> 0
H27: =G27 -> 0
H28: =G28 -> 0
H29: =G29 -> 0
H31: =G31 -> 0
H32: =G32 -> 0
H33: =G33 -> 0
H34: =G34 -> 0
H35: =G35 -> 0
H36: =G36 -> 0
H37: =G37 -> 0
... H68: =G68 -> 0
H70: =SUM(H5:H69) -> 1017292.8
D119: Cap พิมพ์ | E119: Cap ตัด | F119: Stock 16/7 บ่าย | G119: Cap ทอ | I119: วันทงาน
B120: lส่ง | C120: 1-16/7 | D120: 160000 | E120: 160000 | G120: 120000 | I120: 12
C121: 1975256 | D121: =+D120*I120 -> 1920000 | E121: =+E120*I120 -> 1920000 | F121: 825147 | G121: =+G120*I120 -> 1440000
A122: เบทาโกรส่งแล้ว | B122: 20700 | C122: 424374
A123: เบทาโกรส่งแล้ว | B123: 20800 | C123: 155973
C126: รวมส่ง+ค้างส่ง | D126: ส่วนต่างCapคงเหลือ | E126: ส่วนต่างCapคงเหลือ | F126: คงเหลือ
C127: =+C50+C121 -> 1975256 | D127: =+D121-D50 -> 1920000 | E127: =+E121-E50 -> 1920000 | F127: =+F121-F50 -> 825147 | G127: =+G121-G50 -> 1440000
B129: 20700VN 20/7 | G129: 350000

Sheet 6(Fc) แยกลูกค้
A1: เลขที่ SO | B1: ประมาณการ
A2: วันส่ง | B2: (หลายรายการ) | D2: 12
A4: ประเภท | B4: ชื่อลูกค้า | C4: ผลรวม ของ จำนวนส่ง | D4: ผลรวม ของ ค้างพิมพ์ | E4: ผลรวม ของ ค้างตัด | F4: ผลรวม ของ Stock | G4: ผลรวม ของ ใช้ | H4: ผลรวม ของ ค้างทอ
A5: WSWT1921720 | B5: บจก.เคอรี่ฟลาวมิลล์ | C5: 250000 | D5: 262500 | E5: 250000 | F5: 0 | G5: 233997.5 | H5: 233997.5
A6: WSWT1921720 ผลรวม | C6: 250000 | D6: 262500 | E6: 250000 | F6: 0 | G6: 233997.5 | H6: 233997.5
A7: WSWT1925800 | B7: บจก.เพรซิเดนท์ฟลาวมิลล์ | C7: 140000 | D7: 147000 | E7: 140000 | F7: 56115 | G7: 123215.4 | H7: 67100.4
B8: บจก.ไลม์มาสเตอร์ | C8: 20000 | D8: 20755.35 | E8: 19767 | F8: 18501.714 | G8: 18501.714 | H8: 0
B9: บจก.เอ็กเซลเล้นท์ | C9: 40000 | D9: 42000 | E9: 40000 | F9: 0 | G9: 35204.4 | H9: 35204.4
A10: WSWT1925800 ผลรวม | C10: 200000 | D10: 209755.35 | E10: 199767 | F10: 74616.714 | G10: 176921.51 | H10: 102304.8
A11: WSWT2025800 | B11: บจก.อินเทคค์ โกลบอล | C11: 250000 | D11: 262500 | E11: 250000 | F11: 0 | G11: 261937.5 | H11: 261937.5
A12: WSWT2025800 ผลรวม | C12: 250000 | D12: 262500 | E12: 250000 | F12: 0 | G12: 261937.5 | H12: 261937.5
A13: WSWT2025800SM | B13: บจก.ไทยธรรมดี | C13: 20000 | D13: 21000 | E13: 20000 | F13: 0 | G13: 21513.8 | H13: 21513.8
B14: บจก.อินเทคค์ โกลบอล | C14: 100000 | D14: 105000 | E14: 100000 | F14: 56666 | G14: 104775 | H14: 48109
B15: บจก.เอสพีเอ็ม อาหารสัตว์ | C15: 20000 | D15: 21000 | E15: 20000 | F15: 0 | G15: 22072.6 | H15: 22072.6
A16: WSWT2025800SM ผลรวม | C16: 140000 | D16: 147000 | E16: 140000 | F16: 56666 | G16: 148361.4 | H16: 91695.4
A17: WSWT2121670SM | B17: บจก.แอมโก้เวท | C17: 300000 | D17: 315000 | E17: 300000 | F17: 159370 | G17: 322707 | H17: 163337
B18: บจก.เอ็นบี ดิสทริบิวชั่น | C18: 40000 | D18: 42000 | E18: 40000 | F18: 43027.6 | G18: 43027.6 | H18: 0
A19: WSWT2121670SM ผลรวม | C19: 340000 | D19: 357000 | E19: 340000 | F19: 202397.6 | G19: 365734.6 | H19: 163337
A20: ผลรวมทั้งหมด | C20: 1180000 | D20: 1238755.4 | E20: 1179767 | F20: 333680.31 | G20: 1186952.5 | H20: 853272.2
H43: =+GETPIVOTDATA("ผลรวม ของ ค้างทอ",$A$4)+H41 -> 853272.2
I119: วันทงาน
I120: 12
C121: 1975256 | D121: =+D120*I120 -> 0 | E121: =+E120*I120 -> 0 | F121: 825147 | G121: =+G120*I120 -> 0
A122: เบทาโกรส่งแล้ว | B122: 20700 | C122: 424374
A123: เบทาโกรส่งแล้ว | B123: 20800 | C123: 155973
C126: รวมส่ง+ค้างส่ง | D126: ส่วนต่างCapคงเหลือ | E126: ส่วนต่างCapคงเหลือ | F126: คงเหลือ
C127: =+C50+C121 -> 1975256 | D127: =+D121-D50 -> 0 | E127: =+E121-E50 -> 0 | F127: =+F121-F50 -> 825147 | G127: =+G121-G50 -> 0
B129: 20700VN 20/7 | G129: 350000

Sheet ค้างทอ2-8-68
A3: ผลรวม ของ ค้างทอ
A4: ป้ายชื่อแถว | B4: 45870 | C4: 45871 | D4: 45872 | E4: 45873 | F4: 45875 | G4: 45877 | H4: 45878 | I4: 45879 | J4: 45880 | K4: 45882 | L4: 45883 | M4: 45884 | N4: 45885 | O4: 45887 | P4: 45889 | Q4: 45890 | R4: 45892 | S4: 45893 | T4: ผลรวมทั้งหมด
A5: WSWT1425800 | G5: 2699.72 | I5: 0 | T5: =SUM(B5:S5) -> 2699.72
A6: WSWT1825800SM | H6: 1160.1 | T6: =SUM(B6:S6) -> 1160.1
A7: WSWT1921720 | B7: 5001.9 | C7: 28079.7 | D7: 37439.6 | E7: 14039.85 | H7: 19837.4 | J7: 14039.85 | L7: 23399.75 | N7: 23958.55 | O7: 23399.75 | Q7: 23399.75 | R7: 23958.55 | S7: 37439.6 | T7: =SUM(B7:S7) -> 273994.25
A8: WSWT1925800 | M8: 32969.2 | T8: =SUM(B8:S8) -> 32969.2
A9: WSWT2025800 | M9: 61976.09 | P9: 26892.25 | T9: =SUM(B9:S9) -> 88868.34
A10: WSWT2025800SM | C10: 0 | M10: 0 | P10: 2497.45 | T10: =SUM(B10:S10) -> 2497.45
A11: WSWT2121670SM | D11: 0 | F11: 0 | T11: =SUM(B11:S11) -> 0
A12: WSWT2321112512551 | H12: 0 | K12: 47828.5 | T12: =SUM(B12:S12) -> 47828.5
A13: WSWT2325650 | H13: 0 | T13: =SUM(B13:S13) -> 0
A14: WSWT2625850SM | B14: 0 | H14: 0 | K14: 4019.95 | T14: =SUM(B14:S14) -> 4019.95
A15: WSWT2825850 | H15: 21379.051 | T15: =SUM(B15:S15) -> 21379.051
A16: ผลรวมทั้งหมด | B16: =SUM(B5:B15) -> 5001.9 | C16: =SUM(C5:C15) -> 28079.7 | D16: =SUM(D5:D15) -> 37439.6 | E16: =SUM(E5:E15) -> 14039.85 | F16: =SUM(F5:F15) -> 0 | G16: =SUM(G5:G15) -> 2699.72 | H16: =SUM(H5:H15) -> 42376.551 | I16: =SUM(I5:I15) -> 0 | ... T16: =SUM(T5:T15) -> 475416.56

Sheet 6-8-68
B2: เรียงกำหนดส่ง | D2: ลบ 0 | T2: เรียง 1
B3: ข้อมูลUpdate ณ. วันที่ | D3: 45875 | E3: เวลา | G3: 10.31
A4: วันรับออร์เดอร์/แบบ | B4: เลขที่ SO | C4: ชื่อลูกค้า | E4: 10.3 | I4: น้ำหนัก | L4: บิด/จับจีบ | M4: ถุงใน | Q4: 44873 | S4: วิธีบรรจุ | T4: วันส่ง | U4: จำนวนส่ง | V4: ตัดเย็บ (ใบ) | W4: 44873 | X4: พิมพ์ (ใบ) | Y4: 44876 | Z4: ผ้าทอ (เมตร) Updateณ | AB4: 44876 | AD4: ผ้าเคลือบ(เมตร) | AF4: หมายเหตุ | AG4: เครื่อง
B5: เลขที่ SO | C5: ชื่อลูกค้า | D5: ตรา | E5: กว้าง | F5: ยาว | G5: สี | H5: เคลือบ | I5: กรัม/ใบ | J5: * | K5: aw | L5: บิด/จับจีบ | M5: กว้าง | N5: ยาว | O5: หนา | P5: ใช้(กก.) | Q5: Stock(กก.) | R5: ผลิต(กก.) | S5: วิธีบรรจุ | T5: วันส่ง | U5: จำนวนส่ง | V5: StockFG | W5: ค้างตัด | X5: พิมพ์แล้ว | Y5: ค้างพิมพ์ | Z5: ประเภท | AA5: ใช้ | AB5: Stock | AC5: ค้างทอ | AD5: Stock | AE5: ค้างเคลือบ | AF5: หมายเหตุ | AG5: ที่พิมพ์ได้ | AH5: process | AI5: Lead time | AJ5: วันที่ส่งPL | AK5: เคลือบ | AL5: ได้ ART | AM5: พิมพ์ | AN5: จีบ-บิด | AO5: ตัด-เย็บ | AP5: ทอ | AQ5: สวมถุง | AR5: เย็บปาก | AS5: PT | AT5: ม้วน | AU5: ตัด | AV5: ตอกตาไก่ | AW5: GROUP | AX5: ART | AY5: หมายเหตุปัญหา | AZ5: ราคา/ใบ | BA5: ราคารวม | BB5: workweek | BC5: เส้นเทป | BD5: จำนวน
A6: 45868 | B6: MK68-000933 | C6: บจก.มารีน ลีดเดอร์ | D6: ไม่พิมพ์ | E6: 14 | F6: 22 | G6: ขาว | H6: ใส | I6: 42 | J6: ± | K6: 5 | L6: ไม่ | M6: 15 | N6: 24 | O6: 40 | P6: 71.052245 | Q6: 0 | R6: 71.052245 | S6: 500กระสอบแบน | T6: 45882 | U6: 8000 | V6: 0 | W6: 8000 | X6: 0 | Y6: 0 | Z6: WSWT1425800 | AA6: 5252.72 | AB6: 5252.72 | AC6: 0 | AD6: 0 | AE6: 5252.72 | AF6: 0 | AG6: พร้อมส่ง | AH6: P9 | AI6: 3 | AJ6: 45882 | AK6: 45878 | AL6: 0 | AM6: 0 | AN6: 0 | AO6: 45879 | AP6: 45877 | AQ6: 45880 | AR6: 0 | AS6: 0 | AT6: 0 | AU6: 0 | AV6: 0 | AW6: งานเคลือบ+ตัด | AX6: 0 | AY6: 0 | AZ6: 0 | BA6: 0 | BB6: 0 | BC6: WRWT25800/WRWT25800 | BD6: 0
A7: 45860 | B7: MK68-000920 | C7: หจก.ปึงเป้งน้ำ | D7: เกลือตรามือ 10กก. | E7: 14 | F7: 22 | G7: ขาว | H7: ใส | I7: 42 | J7: ± | K7: 5 | L7: ไม่ | M7: ไม่สวมถุงใน | N7: 0 | O7: 0 | P7: 0 | Q7: 0 | R7: 0 | S7: 500กระสอบแบน | T7: 45884 | U7: 10000 | V7: 0 | W7: 10000 | X7: 0 | Y7: 10500 | Z7: WSWT1425800 | AA7: 6565.9 | AB7: 6565.9 | AC7: 0 | AD7: 0 | AE7: 6565.9 | AF7: 0 | AG7: ยังไม่ได้พิมพ์ | AH7: P6 | AI7: 4 | AJ7: 45884 | AK7: 45880 | AL7: 45873 | AM7: 45881 | AN7: 45882 | AO7: 45883 | AP7: 45879 | AQ7: 0 | AR7: 0 | AS7: 0 | AT7: 0 | AU7: 0 | AV7: 0 | AW7: งานเคลือบ+พิมพ์ | AX7: / | AY7: 0 | AZ7: 0 | BA7: 0 | BB7: 0 | BC7: WRWT25800/WRWT25800 | BD7: 0
A8: 0 | B8: 0 | C8: 0 | D8: 0 | E8: 14 | F8: 22 | G8: ขาว | H8: 0 | I8: 36 | J8: ± | K8: 5 | L8: 0 | M8: 0 | N8: 0 | O8: 0 | P8: 0 | Q8: 0 | R8: 0 | S8: 0 | U8: 0 | V8: 0 | W8: 0 | X8: 0 | Y8: 0 | Z8: WSWT1425800 | AA8: 11818.62 | AB8: 11818.62 | AC8: 0 | AD8: 0 | AE8: 11818.62 | AF8: ระบุในSD | AG8: พร้อมส่ง | AH8: 0 | AI8: Lead time | AJ8: 0 | AK8: 0 | AL8: 0 | AM8: 0 | AN8: 0 | AO8: 0 | AP8: 0 | AQ8: 0 | AR8: 0 | AS8: 0 | AT8: 0 | AU8: 0 | AV8: 0 | AW8: 0 | AX8: 0 | AY8: 0 | AZ8: 0 | BA8: 0 | BB8: 0 | BC8: WRWT140800/WRWT25800 | BD8: 0
A9: 45842 | B9: MK68-000868 | C9: พีมินเนอร์ | D9: พี-มินเนอร์ นิวพลัส | E9: 16 | F9: 28 | G9: ขาว | H9: ใส | I9: 56 | J9: ± | K9: 5 | L9: ไม่ | M9: 19 | N9: 31 | O9: 40 | P9: 1.1334313 | Q9: 0 | R9: 1.1334313 | S9: 500กระสอบ | T9: รอส่ง | U9: 4000 | V9: 3922 | W9: 78 | X9: 5295 | Y9: 0 | Z9: WSWT1625800SM | AA9: 0 | AB9: 0 | AC9: 0 | AD9: 0 | AE9: 0 | AF9: รอส่ง รอลูกค้ามารับเอง | AG9: พร้อมส่ง | AH9: P8 | AI9: 4 | AJ9: รอส่ง | AK9: #VALUE! | AL9: #VALUE! | AM9: #VALUE! | AN9: #VALUE! | AO9: #VALUE! | AP9: #VALUE! | AQ9: #VALUE! | AR9: 0 | AS9: 0 | AT9: 0 | AU9: 0 | AV9: 0 | AW9: งานเคลือบ+พิมพ์ | AX9: / | AY9: 0 | AZ9: 0 | BA9: 0 | BB9: 0 | BC9: WRWT25800/WRWT25800 | BD9: 0
A10: ประมาณการ | B10: ประมาณการ | C10: บจก.ซัน ซีเมนต์ โพรเซส | D10: พระอาทิตย์(ปูนนอน-ชริงค์) | E10: 16 | F10: 25 | G10: ขาว | H10: ใส | I10: 50 | J10: ± | K10: 5 | L10: บิด | M10: 19 | N10: 28 | O10: 40 | P10: 65.624643 | Q10: 0 | R10: 65.624643 | S10: 500กระสอบ | T10: รอแจ้ง | U10: 5000 | V10: 0 | W10: 5000 | X10: 0 | Y10: 5250 | Z10: WSWT1625800SM | AA10: 3702.05 | AB10: 0 | AC10: 3702.05 | AD10: 0 | AE10: 3702.05 | AF10: 0 | AG10: พร้อมส่ง | AH10: P8 | AI10: 4 | AJ10: รอแจ้ง | AK10: #VALUE! | AL10: #VALUE! | AM10: #VALUE! | AN10: #VALUE! | AO10: #VALUE! | AP10: #VALUE! | AQ10: #VALUE! | AR10: 0 | AS10: 0 | AT10: 0 | AU10: 0 | AV10: 0 | AW10: งานเคลือบ+พิมพ์ | AX10: รอART | AY10: 0 | AZ10: 0 | BA10: 0 | BB10: 0 | BC10: WRWT25800/WRWT25800 | BD10: 210.60551
A11: 0 | B11: 0 | C11: 0 | E11: 16 | F11: 25 | G11: ขาว | H11: 0 | I11: 45 | J11: ± | K11: 5 | L11: 0 | M11: 0 | N11: 0 | O11: 0 | P11: 0 | Q11: 0 | R11: 0 | S11: 0 | U11: 0 | V11: 0 | W11: 0 | X11: 0 | Y11: 0 | Z11: WSWT1625800SM | AA11: 3702.05 | AB11: 0 | AC11: 3702.05 | AD11: 0 | AE11: 3702.05 | AF11: ระบุในSD | AG11: พร้อมส่ง | AH11: 0 | AI11: Lead time | AJ11: 0 | AK11: 0 | AL11: 0 | AM11: 0 | AN11: 0 | AO11: 0 | AP11: 0 | AQ11: 0 | AR11: 0 | AS11: 0 | AT11: 0 | AU11: 0 | AV11: 0 | AW11: 0 | AX11: 0 | AY11: 0 | AZ11: 0 | BA11: 0 | BB11: 0 | BC11: WRWT160800/WRWT25800 | BD11: 0
A12: 45873 | B12: MK68-000958 | C12: คุณสมยศ กิตตินราภรณ์ | D12: กุ้งปลา | E12: 18 | F12: 25 | G12: ขาว | H12: 0 | I12: 45 | J12: ± | K12: 5 | L12: ไม่ | M12: 19 | N12: 28 | O12: 40 | P12: 65.624643 | Q12: 0 | R12: 65.624643 | S12: 500กระสอบ | T12: 45883 | U12: 5000 | V12: 0 | W12: 5000 | X12: 0 | Y12: 5250 | Z12: WSWT1825800 | AA12: 3702.05 | AB12: 3702.05 | AC12: 0 | AD12: 0 | AE12: 0 | AF12: 0 | AG12: ยังไม่ได้พิมพ์ | AH12: P9 | AI12: 3 | AJ12: 45883 | AK12: 0 | AL12: 45873 | AM12: 45880 | AN12: 45881 | AO12: 45881 | AP12: 45878 | AQ12: 45882 | AR12: 0 | AS12: 0 | AT12: 0 | AU12: 0 | AV12: 0 | AW12: งานพิมพ์ | AX12: รอART | AY12: 0 | AZ12: 0 | BA12: 0 | BB12: 0 | BC12: WRWT25800/WRWT25800 | BD12: 0
A13: ประมาณการ | B13: ประมาณการ | C13: บจก.ฟาร์เธอร์ส วิง ซัพพลาย | D13: รถไฟ | E13: 18 | F13: 30 | G13: ขาว | H13: 0 | I13: 54 | J13: ± | K13: 5 | L13: บิด | M13: 19 | N13: 33 | O13: 40 | P13: 232.02999 | Q13: 0 | R13: 232.02999 | S13: 500กระสอบ | T13: รอแจ้ง | U13: 15000 | V13: 0 | W13: 15000 | X13: 0 | Y13: 15750 | Z13: WSWT1825800 | AA13: 13201.65 | AB13: 2599 | AC13: 10602.65 | AD13: 0 | AE13: 0 | AF13: 0 | AG13: พร้อมส่ง | AH13: P9 | AI13: 3 | AJ13: รอแจ้ง | AK13: 0 | AL13: #VALUE! | AM13: #VALUE! | AN13: #VALUE! | AO13: #VALUE! | AP13: #VALUE! | AQ13: #VALUE! | AR13: 0 | AS13: 0 | AT13: 0 | AU13: 0 | AV13: 0 | AW13: งานพิมพ์ | AX13: รอART | AY13: 0 | AZ13: 0 | BA13: 0 | BB13: 0 | BC13: WRWT25800/WRWT25800 | BD13: 729.46232
A14: 0 | B14: 0 | E14: 18 | F14: 30 | G14: ขาว | H14: 0 | I14: 54 | J14: ± | K14: 5 | L14: 0 | M14: 0 | N14: 0 | O14: 0 | P14: 0 | Q14: 0 | R14: 0 | S14: 0 | U14: 0 | V14: 0 | W14: 0 | X14: 0 | Y14: 0 | Z14: WSWT1825800 | AA14: 16903.7 | AB14: 6301.05 | AC14: 10602.65 | AD14: 0 | AE14: 0 | AF14: ระบุในSD | AG14: ยังไม่ได้พิมพ์ | AH14: 0 | AI14: Lead time | AJ14: 0 | AK14: 0 | AL14: 0 | AM14: 0 | AN14: 0 | AO14: 0 | AP14: 0 | AQ14: 0 | AR14: 0 | AS14: 0 | AT14: 0 | AU14: 0 | AV14: 0 | AW14: 0 | AX14: 0 | AY14: 0 | AZ14: 0 | BA14: 0 | BB14: 0 | BC14: WRWT25800/WRWT25800 | BD14: 0
A15: 45860 | B15: MK68-000917 | C15: บจก.ซิเบลโก้(บางเลน) | D15: PORTARYTE B15 | E15: 18 | F15: 30 | G15: ขาว | H15: ใส | I15: 74 | J15: ± | K15: 5 | L15: ไม่ | M15: ไม่สวมถุงใน | N15: 0 | O15: 0 | P15: 0 | Q15: 0 | R15: 0 | S15: 500กระสอบแบน | T15: 45883 | U15: 10000 | V15: 0 | W15: 10000 | X15: 0 | Y15: 10500 | Z15: WSWT1825800SM | AA15: 8801.1 | AB15: 8801.1 | AC15: 0 | AD15: 2648 | AE15: 6153.1 | AF15: 0 | AG15: ยังไม่ได้พิมพ์ | AH15: P6 | AI15: 4 | AJ15: 45883 | AK15: 45879 | AL15: 45872 | AM15: 45880 | AN15: 45881 | AO15: 45882 | AP15: 45878 | AQ15: 0 | AR15: 0 | AS15: 0 | AT15: 0 | AU15: 0 | AV15: 0 | AW15: งานเคลือบ+พิมพ์ | AX15: / | AY15: 0 | AZ15: 0 | BA15: 0 | BB15: 0 | BC15: WRWT25800/WRWT25800 | BD15: 0
A16: 0 | B16: 0 | C16: 0 | E16: 18 | F16: 25 | G16: ขาว | H16: 0 | I16: 50 | J16: ± | K16: 5 | L16: 0 | M16: 0 | N16: 0 | O16: 0 | P16: 0 | Q16: 0 | R16: 0 | S16: 0 | U16: 0 | V16: 0 | W16: 0 | X16: 0 | Y16: 0 | Z16: WSWT1825800SM | AA16: 8801.1 | AB16: 8801.1 | AC16: 0 | AD16: 2648 | AE16: 6153.1 | AF16: ระบุในSD | AG16: ยังไม่ได้พิมพ์ | AH16: 0 | AI16: Lead time | AJ16: 0 | AK16: 0 | AL16: 0 | AM16: 0 | AN16: 0 | AO16: 0 | AP16: 0 | AQ16: 0 | AR16: 0 | AS16: 0 | AT16: 0 | AU16: 0 | AV16: 0 | AW16: 0 | AX16: 0 | AY16: 0 | AZ16: 0 | BA16: 0 | BB16: 0 | BC16: WRWT180800/WRWT25800 | BD16: 0
A17: 45870 | B17: MK68-000951 | C17: บจก.ซีแมน | D17: W30 | E17: 19 | F17: 28 | G17: ขาว | H17: 0 | I17: 56 | J17: ± | K17: 5 | L17: ไม่ | M17: 20 | N17: 30 | O17: 90 | P17: 1332.2296 | Q17: 0 | R17: 1332.2296 | S17: มัด100 | T17: 45889 | U17: 40000 | V17: 0 | W17: 40000 | X17: 0 | Y17: 42000 | Z17: WSWT1925800 | AA17: 32969.2 | AB17: 32969.2 | AC17: 0 | AD17: 0 | AE17: 0 | AF17: 0 | AG17: รอแบบ | AH17: P9 | AI17: 3 | AJ17: 45889 | AK17: 0 | AL17: 45879 | AM17: 45886 | AN17: 45887 | AO17: 45887 | AP17: 45884 | AQ17: 45888 | AR17: 0 | AS17: 0 | AT17: 0 | AU17: 0 | AV17: 0 | AW17: งานพิมพ์ | AX17: / | AY17: 0 | AZ17: 0 | BA17: 0 | BB17: 0 | BC17: WRWT25800/WRWT25800 | BD17: 0
A18: ประมาณการ | B18: ประมาณการ | C18: บจก.เพรซิเดนท์ฟลาวมิลล์ | D18: ผึ้งเหลือง | E18: 19 | F18: 30 | G18: ขาว | H18: 0 | I18: 60 | J18: ± | K18: 5 | L18: บิด | M18: ไม่สวมถุงใน | N18: 0 | O18: 0 | P18: 0 | Q18: 0 | R18: 0 | S18: 500กระสอบ | T18: 45894 | U18: 100000 | V18: 0 | W18: 100000 | X18: 0 | Y18: 105000 | Z18: WSWT1925800 | AA18: 88011 | AB18: 56993 | AC18: 31018 | AD18: 0 | AE18: 0 | AF18: 0 | AG18: ยังไม่ได้พิมพ์ | AH18: P7 | AI18: 2 | AJ18: 45894 | AK18: 0 | AL18: 45885 | AM18: 45892 | AN18: 45893 | AO18: 45893 | AP18: 45889 | AQ18: 0 | AR18: 0 | AS18: 0 | AT18: 0 | AU18: 0 | AV18: 0 | AW18: งานพิมพ์ | AX18: รอART | AY18: 0 | AZ18: 0 | BA18: 0 | BB18: 0 | BC18: WRWT25800/WRWT25800 | BD18: 2252.5961
A19: ประมาณการ | B19: ประมาณการ | C19: บจก.เพรซิเดนท์ฟลาวมิลล์ | D19: ผึ้งชมพู | E19: 19 | F19: 30 | G19: ขาว | H19: 0 | I19: 60 | J19: ± | K19: 5 | L19: บิด | M19: ไม่สวมถุงใน | N19: 0 | O19: 0 | P19: 0 | Q19: 0 | R19: 0 | S19: 500กระสอบ | T19: 45894 | U19: 40000 | V19: 0 | W19: 40000 | X19: 0 | Y19: 42000 | Z19: WSWT1925800 | AA19: 35204.4 | AB19: 0 | AC19: 35204.4 | AD19: 0 | AE19: 0 | AF19: 0 | AG19: พร้อมส่ง | AH19: P7 | AI19: 2 | AJ19: 45894 | AK19: 0 | AL19: 45885 | AM19: 45892 | AN19: 45893 | AO19: 45893 | AP19: 45889 | AQ19: 0 | AR19: 0 | AS19: 0 | AT19: 0 | AU19: 0 | AV19: 0 | AW19: งานพิมพ์ | AX19: รอART | AY19: 0 | AZ19: 0 | BA19: 0 | BB19: 0 | BC19: WRWT25800/WRWT25800 | BD19: 2556.6218
A20: ประมาณการ | B20: ประมาณการ | C20: บจก.เอ็กเซลเล้นท์ | D20: รอแบบ | E20: 19 | F20: 30 | G20: ขาว | H20: 0 | I20: 60 | J20: ± | K20: 5 | L20: บิด | M20: ไม่สวมถุงใน | N20: 0 | O20: 0 | P20: 0 | Q20: 0 | R20: 0 | S20: 500กระสอบ | T20: 45894 | U20: 40000 | V20: 0 | W20: 40000 | X20: 0 | Y20: 42000 | Z20: WSWT1925800 | AA20: 35204.4 | AB20: 0 | AC20: 35204.4 | AD20: 0 | AE20: 0 | AF20: 0 | AG20: รอตัด | AH20: P7 | AI20: 2 | AJ20: 45894 | AK20: 0 | AL20: 45885 | AM20: 45892 | AN20: 45893 | AO20: 45893 | AP20: 45889 | AQ20: 0 | AR20: 0 | AS20: 0 | AT20: 0 | AU20: 0 | AV20: 0 | AW20: งานพิมพ์ | AX20: รอART | AY20: 0 | AZ20: 0 | BA20: 0 | BB20: 0 | BC20: WRWT25800/WRWT25800 | BD20: 2556.6218
A21: ประมาณการ | B21: ประมาณการ | C21: บจก.ไลม์มาสเตอร์ | D21: LMC 25 kg | E21: 19 | F21: 32 | G21: ขาว | H21: 0 | I21: 64 | J21: ± | K21: 5 | L21: ไม่ | M21: 20 | N21: 35 | O21: 40 | P21: 341.36903 | Q21: 0 | R21: 341.36903 | S21: 500กระสอบแบน | T21: รอแจ้ง | U21: 20000 | V21: 233 | W21: 19767 | X21: 0 | Y21: 20755.35 | Z21: WSWT1925800 | AA21: 18501.714 | AB21: 0 | AC21: 18501.714 | AD21: 0 | AE21: 0 | AF21: 0 | AG21: ยังไม่ได้พิมพ์ | AH21: P9 | AI21: 3 | AJ21: 45894 | AK21: 0 | AL21: 45884 | AM21: 45891 | AN21: 45892 | AO21: 45892 | AP21: 45889 | AQ21: 45893 | AR21: 0 | AS21: 0 | AT21: 0 | AU21: 0 | AV21: 0 | AW21: งานพิมพ์ | AX21: รอART | AY21: 0 | AZ21: 0 | BA21: 0 | BB21: 0 | BC21: WRWT25800/WRWT25800 | BD21: 1343.6356
A22: 0 | B22: 0 | C22: 0 | D22: 0 | E22: 19 | F22: 30 | G22: ขาว | H22: 0 | I22: 60 | J22: ± | K22: 5 | L22: 0 | M22: 0 | N22: 0 | O22: 0 | P22: 0 | Q22: 0 | R22: 0 | S22: 0 | U22: 0 | V22: 0 | W22: 0 | X22: 0 | Y22: 0 | Z22: WSWT1925800 | AA22: 209890.71 | AB22: 89962.2 | AC22: 119928.51 | AD22: 0 | AE22: 0 | AF22: ระบุในSD | AG22: พร้อมส่ง | AH22: 0 | AI22: Lead time | AJ22: 0 | AK22: 0 | AL22: 0 | AM22: 0 | AN22: 0 | AO22: 0 | AP22: 0 | AQ22: 0 | AR22: 0 | AS22: 0 | AT22: 0 | AU22: 0 | AV22: 0 | AW22: 0 | AX22: 0 | AY22: 0 | AZ22: 0 | BA22: 0 | BB22: 0 | BC22: WRWT25800/WRWT25800 | BD22: 0
A23: 45854 | B23: MK68-000890 | C23: บจก.เคอรี่ฟลาวมิลล์ | D23: ปลาโลมาเทา | E23: 19 | F23: 32 | G23: ขาว | H23: 0 | I23: 67 | J23: + | K23: 5 | L23: บิด | M23: ไม่สวมถุงใน | N23: 0 | O23: 0 | P23: 0 | Q23: 0 | R23: 0 | S23: ห่ออัดเบลแบน500 | T23: 45876 | U23: 5000 | V23: 0 | W23: 5000 | X23: 5400 | Y23: 0 | Z23: WSWT1921720 | AA23: 0 | AB23: 0 | AC23: 0 | AD23: 0 | AE23: 0 | AF23: PDR250232 | AG23: พร้อมส่ง | AH23: P7 | AI23: 2 | AJ23: 45876 | AK23: 0 | AL23: 45867 | AM23: 45874 | AN23: 45875 | AO23: 45875 | AP23: 45871 | AQ23: 0 | AR23: 0 | AS23: 0 | AT23: 0 | AU23: 0 | AV23: 0 | AW23: งานพิมพ์ | AX23: / | AY23: 0 | AZ23: 0 | BA23: 0 | BB23: 0 | BC23: WRWT21720/WRWT25800 | BD23: 0
A24: 45854 | B24: MK68-000890 | C24: บจก.เคอรี่ฟลาวมิลล์ | D24: NHR-1 | E24: 19 | F24: 32 | G24: ขาว | H24: 0 | I24: 67 | J24: + | K24: 5 | L24: บิด | M24: ไม่สวมถุงใน | N24: 0 | O24: 0 | P24: 0 | Q24: 0 | R24: 0 | S24: ห่ออัดเบลแบน500 | T24: 45876 | U24: 5000 | V24: 0 | W24: 5000 | X24: 0 | Y24: 5250 | Z24: WSWT1921720 | AA24: 4679.95 | AB24: 4679.95 | AC24: 0 | AD24: 0 | AE24: 0 | AF24: PDR250232 | AG24: พร้อมส่ง | AH24: P7 | AI24: 2 | AJ24: 45876 | AK24: 0 | AL24: 45867 | AM24: 45874 | AN24: 45875 | AO24: 45875 | AP24: 45871 | AQ24: 0 | AR24: 0 | AS24: 0 | AT24: 0 | AU24: 0 | AV24: 0 | AW24: งานพิมพ์ | AX24: / | AY24: 0 | AZ24: 0 | BA24: 0 | BB24: 0 | BC24: WRWT21720/WRWT25800 | BD24: 0
A25: 45854 | B25: MK68-000890 | C25: บจก.เคอรี่ฟลาวมิลล์ | D25: ถุงเงิน | E25: 19 | F25: 32 | G25: ขาว | H25: 0 | I25: 67 | J25: + | K25: 5 | L25: บิด | M25: ไม่สวมถุงใน | N25: 0 | O25: 0 | P25: 0 | Q25: 0 | R25: 0 | S25: ห่ออัดเบลแบน500 | T25: 45876 | U25: 5000 | V25: 5000 | W25: 0 | X25: 5250 | Y25: 0 | Z25: WSWT1921720 | AA25: 0 | AB25: 0 | AC25: 0 | AD25: 0 | AE25: 0 | AF25: PDR250232 | AG25: พร้อมส่ง | AH25: P7 | AI25: 2 | AJ25: 45876 | AK25: 0 | AL25: 45867 | AM25: 45874 | AN25: 45875 | AO25: 45875 | AP25: 45871 | AQ25: 0 | AR25: 0 | AS25: 0 | AT25: 0 | AU25: 0 | AV25: 0 | AW25: งานพิมพ์ | AX25: / | AY25: 0 | AZ25: 0 | BA25: 0 | BB25: 0 | BC25: WRWT21720/WRWT25800 | BD25: 0
A26: 45857 | B26: MK68-000910 | C26: บจก.เคอรี่ฟลาวมิลล์ | D26: ถุงทองแซนวิช | E26: 19 | F26: 32 | G26: ขาว | H26: 0 | I26: 67 | J26: + | K26: 5 | L26: บิด | M26: ไม่สวมถุงใน | N26: 0 | O26: 0 | P26: 0 | Q26: 0 | R26: 0 | S26: ห่ออัดเบลแบน500 | T26: 45876 | U26: 10000 | V26: 10000 | W26: 0 | X26: 10400 | Y26: 0 | Z26: WSWT1921720 | AA26: 0 | AB26: 0 | AC26: 0 | AD26: 0 | AE26: 0 | AF26: PDR250236 | AG26: พร้อมส่ง | AH26: P7 | AI26: 2 | AJ26: 45876 | AK26: 0 | AL26: 45867 | AM26: 45874 | AN26: 45875 | AO26: 45875 | AP26: 45871 | AQ26: 0 | AR26: 0 | AS26: 0 | AT26: 0 | AU26: 0 | AV26: 0 | AW26: งานพิมพ์ | AX26: / | AY26: 0 | AZ26: 0 | BA26: 0 | BB26: 0 | BC26: WRWT21720/WRWT25800 | BD26: 0
A27: 45857 | B27: MK68-000909 | C27: บจก.เคอรี่ฟลาวมิลล์ | D27: HARD FLOUR | E27: 19 | F27: 32 | G27: ขาว | H27: 0 | I27: 67 | J27: + | K27: 5 | L27: บิด | M27: ไม่สวมถุงใน | N27: 0 | O27: 0 | P27: 0 | Q27: 0 | R27: 0 | S27: ห่ออัดเบลแบน500 | T27: 45876 | U27: 5000 | V27: 5000 | W27: 0 | X27: 5400 | Y27: 0 | Z27: WSWT1921720 | AA27: 0 | AB27: 0 | AC27: 0 | AD27: 0 | AE27: 0 | AF27: PDR250237 | AG27: พร้อมส่ง | AH27: P7 | AI27: 2 | AJ27: 45876 | AK27: 0 | AL27: 45867 | AM27: 45874 | AN27: 45875 | AO27: 45875 | AP27: 45871 | AQ27: 0 | AR27: 0 | AS27: 0 | AT27: 0 | AU27: 0 | AV27: 0 | AW27: งานพิมพ์ | AX27: / | AY27: 0 | AZ27: 0 | BA27: 0 | BB27: 0 | BC27: WRWT21720/WRWT25800 | BD27: 0
A28: 45857 | B28: MK68-000909 | C28: บจก.เคอรี่ฟลาวมิลล์ | D28: ปลาโลมาแดง | E28: 19 | F28: 32 | G28: ขาว | H28: 0 | I28: 67 | J28: + | K28: 5 | L28: บิด | M28: ไม่สวมถุงใน | N28: 0 | O28: 0 | P28: 0 | Q28: 0 | R28: 0 | S28: ห่ออัดเบลแบน500 | T28: 45876 | U28: 5000 | V28: 5000 | W28: 0 | X28: 5200 | Y28: 0 | Z28: WSWT1921720 | AA28: 0 | AB28: 0 | AC28: 0 | AD28: 0 | AE28: 0 | AF28: PDR250237 | AG28: ยังไม่ได้พิมพ์ | AH28: P7 | AI28: 2 | AJ28: 45876 | AK28: 0 | AL28: 45867 | AM28: 45874 | AN28: 45875 | AO28: 45875 | AP28: 45871 | AQ28: 0 | AR28: 0 | AS28: 0 | AT28: 0 | AU28: 0 | AV28: 0 | AW28: งานพิมพ์ | AX28: / | AY28: 0 | AZ28: 0 | BA28: 0 | BB28: 0 | BC28: WRWT21720/WRWT25800 | BD28: 0
A29: 45857 | B29: MK68-000909 | C29: บจก.เคอรี่ฟลาวมิลล์ | D29: FW-Y | E29: 19 | F29: 32 | G29: ขาว | H29: 0 | I29: 67 | J29: + | K29: 5 | L29: ไม่ | M29: ไม่สวมถุงใน | N29: 0 | O29: 0 | P29: 0 | Q29: 0 | R29: 0 | S29: ห่ออัดเบลแบน500 | T29: 45876 | U29: 5000 | V29: 5000 | W29: 0 | X29: 5200 | Y29: 0 | Z29: WSWT1921720 | AA29: 0 | AB29: 0 | AC29: 0 | AD29: 0 | AE29: 0 | AF29: PDR250237 | AG29: ผ้าขาว | AH29: P7 | AI29: 2 | AJ29: 45876 | AK29: 0 | AL29: 45867 | AM29: 45874 | AN29: 45875 | AO29: 45875 | AP29: 45871 | AQ29: 0 | AR29: 0 | AS29: 0 | AT29: 0 | AU29: 0 | AV29: 0 | AW29: งานพิมพ์ | AX29: / | AY29: 0 | AZ29: 0 | BA29: 0 | BB29: 0 | BC29: WRWT21720/WRWT25800 | BD29: 0
A30: 45857 | B30: MK68-000909 | C30: บจก.เคอรี่ฟลาวมิลล์ | D30: WHOLE WHEAT | E30: 19 | F30: 32 | G30: ขาว | H30: 0 | I30: 67 | J30: + | K30: 5 | L30: บิด | M30: ไม่สวมถุงใน | N30: 0 | O30: 0 | P30: 0 | Q30: 0 | R30: 0 | S30: ห่ออัดเบลแบน500 | T30: 45876 | U30: 5000 | V30: 5000 | W30: 0 | X30: 5500 | Y30: 0 | Z30: WSWT1921720 | AA30: 0 | AB30: 0 | AC30: 0 | AD30: 0 | AE30: 0 | AF30: PDR250237 | AG30: ผ้าขาว | AH30: P7 | AI30: 2 | AJ30: 45876 | AK30: 0 | AL30: 45867 | AM30: 45874 | AN30: 45875 | AO30: 45875 | AP30: 45871 | AQ30: 0 | AR30: 0 | AS30: 0 | AT30: 0 | AU30: 0 | AV30: 0 | AW30: งานพิมพ์ | AX30: / | AY30: 0 | AZ30: 0 | BA30: 0 | BB30: 0 | BC30: WRWT21720/WRWT25800 | BD30: 0
A31: 45854 | B31: MK68-000890 | C31: บจก.เคอรี่ฟลาวมิลล์ | D31: ดอกไม้เขียว | E31: 19 | F31: 32 | G31: ขาว | H31: 0 | I31: 67 | J31: + | K31: 5 | L31: บิด | M31: ไม่สวมถุงใน | N31: 0 | O31: 0 | P31: 0 | Q31: 0 | R31: 0 | S31: ห่ออัดเบลแบน500 | T31: 45876 | U31: 5000 | V31: 0 | W31: 5000 | X31: 0 | Y31: 5250 | Z31: WSWT1921720 | AA31: 4679.95 | AB31: 4679.95 | AC31: 0 | AD31: 0 | AE31: 0 | AF31: PDR250233 | AG31: พร้อมส่ง | AH31: P7 | AI31: 2 | AJ31: 45876 | AK31: 0 | AL31: 45867 | AM31: 45874 | AN31: 45875 | AO31: 45875 | AP31: 45871 | AQ31: 0 | AR31: 0 | AS31: 0 | AT31: 0 | AU31: 0 | AV31: 0 | AW31: งานพิมพ์ | AX31: / | AY31: 0 | AZ31: 0 | BA31: 0 | BB31: 0 | BC31: WRWT21720/WRWT25800 | BD31: 0
A32: 45870 | B32: MK68-000953 | C32: บจก.เคอรี่ฟลาวมิลล์ | D32: ไม่พิมพ์ | E32: 19 | F32: 32 | G32: ขาว | H32: 0 | I32: 67 | J32: + | K32: 5 | L32: บิด | M32: ไม่สวมถุงใน | N32: 0 | O32: 0 | P32: 0 | Q32: 0 | R32: 0 | S32: ห่ออัดเบลแบน500 | T32: 45877 | U32: 20000 | V32: 20000 | W32: 0 | X32: 0 | Y32: 0 | Z32: WSWT1921720 | AA32: 0 | AB32: 0 | AC32: 0 | AD32: 0 | AE32: 0 | AF32: 0 | AG32: พร้อมส่ง | AH32: P3 | AI32: 1 | AJ32: 45877 | AK32: 0 | AL32: 0 | AM32: 0 | AN32: 0 | AO32: 45876 | AP32: 45872 | AQ32: 0 | AR32: 0 | AS32: 0 | AT32: 0 | AU32: 0 | AV32: 0 | AW32: ตัด | AX32: 0 | AY32: 0 | AZ32: 0 | BA32: 0 | BB32: 0 | BC32: WRWT21720/WRWT25800 | BD32: 0
A33: 45870 | B33: MK68-000954 | C33: บจก.เคอรี่ฟลาวมิลล์ | D33: ไม่พิมพ์ | E33: 19 | F33: 32 | G33: ขาว | H33: 0 | I33: 67 | J33: + | K33: 5 | L33: บิด | M33: ไม่สวมถุงใน | N33: 0 | O33: 0 | P33: 0 | Q33: 0 | R33: 0 | S33: ห่ออัดเบลแบน500 | T33: 45877 | U33: 20000 | V33: 10000 | W33: 10000 | X33: 0 | Y33: 0 | Z33: WSWT1921720 | AA33: 9359.9 | AB33: 9359.9 | AC33: 0 | AD33: 0 | AE33: 0 | AF33: 0 | AG33: ยังไม่ได้พิมพ์ | AH33: P3 | AI33: 1 | AJ33: 45877 | AK33: 0 | AL33: 0 | AM33: 0 | AN33: 0 | AO33: 45876 | AP33: 45872 | AQ33: 0 | AR33: 0 | AS33: 0 | AT33: 0 | AU33: 0 | AV33: 0 | AW33: ตัด | AX33: 0 | AY33: 0 | AZ33: 0 | BA33: 0 | BB33: 0 | BC33: WRWT21720/WRWT25800 | BD33: 0
A34: 45857 | B34: MK68-000909 | C34: บจก.เคอรี่ฟลาวมิลล์ | D34: BS | E34: 19 | F34: 32 | G34: ขาว | H34: 0 | I34: 67 | J34: + | K34: 5 | L34: บิด | M34: ไม่สวมถุงใน | N34: 0 | O34: 0 | P34: 0 | Q34: 0 | R34: 0 | S34: ห่ออัดเบลแบน500 | T34: 45878 | U34: 5000 | V34: 4923 | W34: 77 | X34: 5250 | Y34: 0 | Z34: WSWT1921720 | AA34: 0 | AB34: 0 | AC34: 0 | AD34: 0 | AE34: 0 | AF34: PDR250243 | AG34: ยังไม่ได้พิมพ์ | AH34: P7 | AI34: 2 | AJ34: 45878 | AK34: 0 | AL34: 45869 | AM34: 45876 | AN34: 45877 | AO34: 45877 | AP34: 45873 | AQ34: 0 | AR34: 0 | AS34: 0 | AT34: 0 | AU34: 0 | AV34: 0 | AW34: งานพิมพ์ | AX34: 0 | AY34: 0 | AZ34: 0 | BA34: 0 | BB34: 0 | BC34: WRWT21720/WRWT25800 | BD34: 0
A35: 45854 | B35: MK68-000890 | C35: บจก.เคอรี่ฟลาวมิลล์ | D35: ถุงเขียว | E35: 19 | F35: 32 | G35: ขาว | H35: 0 | I35: 67 | J35: + | K35: 5 | L35: บิด | M35: ไม่สวมถุงใน | N35: 0 | O35: 0 | P35: 0 | Q35: 0 | R35: 0 | S35: ห่ออัดเบลแบน500 | T35: 45878 | U35: 10000 | V35: 9367 | W35: 633 | X35: 10300 | Y35: 0 | Z35: WSWT1921720 | AA35: 0 | AB35: 0 | AC35: 0 | AD35: 0 | AE35: 0 | AF35: PDR250233 | AG35: ผ้าขาว | AH35: P7 | AI35: 2 | AJ35: 45878 | AK35: 0 | AL35: 45869 | AM35: 45876 | AN35: 45877 | AO35: 45877 | AP35: 45873 | AQ35: 0 | AR35: 0 | AS35: 0 | AT35: 0 | AU35: 0 | AV35: 0 | AW35: งานพิมพ์ | AX35: / | AY35: 0 | AZ35: 0 | BA35: 0 | BB35: 0 | BC35: WRWT21720/WRWT25800 | BD35: 0
A36: 45857 | B36: MK68-000909 | C36: บจก.เคอรี่ฟลาวมิลล์ | D36: บะหมี่เตี๊ยว | E36: 19 | F36: 32 | G36: ขาว | H36: 0 | I36: 67 | J36: + | K36: 5 | L36: บิด | M36: ไม่สวมถุงใน | N36: 0 | O36: 0 | P36: 0 | Q36: 0 | R36: 0 | S36: ห่ออัดเบลแบน500 | T36: 45878 | U36: 5000 | V36: 0 | W36: 5000 | X36: 0 | Y36: 5250 | Z36: WSWT1921720 | AA36: 4679.95 | AB36: 4679.95 | AC36: 0 | AD36: 0 | AE36: 0 | AF36: PDR250238 | AG36: ยังไม่ได้พิมพ์ | AH36: P7 | AI36: 2 | AJ36: 45878 | AK36: 0 | AL36: 45869 | AM36: 45876 | AN36: 45877 | AO36: 45877 | AP36: 45873 | AQ36: 0 | AR36: 0 | AS36: 0 | AT36: 0 | AU36: 0 | AV36: 0 | AW36: งานพิมพ์ | AX36: / | AY36: 0 | AZ36: 0 | BA36: 0 | BB36: 0 | BC36: WRWT21720/WRWT25800 | BD36: 0
A37: 45857 | B37: MK68-000909 | C37: บจก.เคอรี่ฟลาวมิลล์ | D37: ถุงทองแซนวิช | E37: 19 | F37: 32 | G37: ขาว | H37: 0 | I37: 67 | J37: + | K37: 5 | L37: บิด | M37: ไม่สวมถุงใน | N37: 0 | O37: 0 | P37: 0 | Q37: 0 | R37: 0 | S37: ห่ออัดเบลแบน500 | T37: 45878 | U37: 10000 | V37: 0 | W37: 10000 | X37: 0 | Y37: 10500 | Z37: WSWT1921720 | AA37: 9359.9 | AB37: 9359.9 | AC37: 0 | AD37: 0 | AE37: 0 | AF37: PDR250238 | AG37: พร้อมส่ง | AH37: P7 | AI37: 2 | AJ37: 45878 | AK37: 0 | AL37: 45869 | AM37: 45876 | AN37: 45877 | AO37: 45877 | AP37: 45873 | AQ37: 0 | AR37: 0 | AS37: 0 | AT37: 0 | AU37: 0 | AV37: 0 | AW37: งานพิมพ์ | AX37: / | AY37: 0 | AZ37: 0 | BA37: 0 | BB37: 0 | BC37: WRWT21720/WRWT25800 | BD37: 0
A38: 45857 | B38: MK68-000911 | C38: บจก.เคอรี่ฟลาวมิลล์ | D38: ไม่พิมพ์ | E38: 19 | F38: 36 | G38: ขาว | H38: 0 | I38: 75 | J38: + | K38: 5 | L38: ไม่ | M38: ไม่สวมถุงใน | N38: 0 | O38: 0 | P38: 0 | Q38: 0 | R38: 0 | S38: ห่ออัดเบลแบน500 | T38: 45883 | U38: 10000 | V38: 10000 | W38: 0 | X38: 0 | Y38: 0 | Z38: WSWT1921720 | AA38: 0 | AB38: 0 | AC38: 0 | AD38: 0 | AE38: 0 | AF38: PDR250239 | AG38: พร้อมส่ง | AH38: P3 | AI38: 1 | AJ38: 45883 | AK38: 0 | AL38: 0 | AM38: 0 | AN38: 0 | AO38: 45882 | AP38: 45878 | AQ38: 0 | AR38: 0 | AS38: 0 | AT38: 0 | AU38: 0 | AV38: 0 | AW38: ตัด | AX38: 0 | AY38: 0 | AZ38: 0 | BA38: 0 | BB38: 0 | BC38: WRWT21720/WRWT25800 | BD38: 0
A39: 45857 | B39: MK68-000910 | C39: บจก.เคอรี่ฟลาวมิลล์ | D39: ดอกไม้ม่วง | E39: 19 | F39: 32 | G39: ขาว | H39: 0 | I39: 67 | J39: + | K39: 5 | L39: บิด | M39: ไม่สวมถุงใน | N39: 0 | O39: 0 | P39: 0 | Q39: 0 | R39: 0 | S39: ห่ออัดเบลแบน500 | T39: 45883 | U39: 5000 | V39: 0 | W39: 5000 | X39: 0 | Y39: 5250 | Z39: WSWT1921720 | AA39: 4679.95 | AB39: 0 | AC39: 4679.95 | AD39: 0 | AE39: 0 | AF39: PDR250239 | AG39: ยังไม่ได้พิมพ์ | AH39: P7 | AI39: 2 | AJ39: 45883 | AK39: 0 | AL39: 45874 | AM39: 45881 | AN39: 45882 | AO39: 45882 | AP39: 45878 | AQ39: 0 | AR39: 0 | AS39: 0 | AT39: 0 | AU39: 0 | AV39: 0 | AW39: งานพิมพ์ | AX39: / | AY39: 0 | AZ39: 0 | BA39: 0 | BB39: 0 | BC39: WRWT21720/WRWT25800 | BD39: 352.51463
A40: 45857 | B40: MK68-000910 | C40: บจก.เคอรี่ฟลาวมิลล์ | D40: ดอกไม้แดง | E40: 19 | F40: 32 | G40: ขาว | H40: 0 | I40: 67 | J40: + | K40: 5 | L40: บิด | M40: ไม่สวมถุงใน | N40: 0 | O40: 0 | P40: 0 | Q40: 0 | R40: 0 | S40: ห่ออัดเบลแบน500 | T40: 45883 | U40: 5000 | V40: 5000 | W40: 0 | X40: 5199 | Y40: 0 | Z40: WSWT1921720 | AA40: 0 | AB40: 0 | AC40: 0 | AD40: 0 | AE40: 0 | AF40: PDR250239 | AG40: พร้อมส่ง | AH40: P7 | AI40: 2 | AJ40: 45883 | AK40: 0 | AL40: 45874 | AM40: 45881 | AN40: 45882 | AO40: 45882 | AP40: 45878 | AQ40: 0 | AR40: 0 | AS40: 0 | AT40: 0 | AU40: 0 | AV40: 0 | AW40: งานพิมพ์ | AX40: / | AY40: 0 | AZ40: 0 | BA40: 0 | BB40: 0 | BC40: WRWT21720/WRWT25800 | BD40: 0
A41: 45857 | B41: MK68-000910 | C41: บจก.เคอรี่ฟลาวมิลล์ | D41: KFM | E41: 19 | F41: 32 | G41: ขาว | H41: 0 | I41: 67 | J41: + | K41: 5 | L41: ไม่ | M41: ไม่สวมถุงใน | N41: 0 | O41: 0 | P41: 0 | Q41: 0 | R41: 0 | S41: ห่ออัดเบลแบน500 | T41: 45883 | U41: 5000 | V41: 5000 | W41: 0 | X41: 5300 | Y41: 0 | Z41: WSWT1921720 | AA41: 0 | AB41: 0 | AC41: 0 | AD41: 0 | AE41: 0 | AF41: PDR250239 | AG41: พร้อมส่ง | AH41: P7 | AI41: 2 | AJ41: 45883 | AK41: 0 | AL41: 45874 | AM41: 45881 | AN41: 45882 | AO41: 45882 | AP41: 45878 | AQ41: 0 | AR41: 0 | AS41: 0 | AT41: 0 | AU41: 0 | AV41: 0 | AW41: งานพิมพ์ | AX41: / | AY41: 0 | AZ41: 0 | BA41: 0 | BB41: 0 | BC41: WRWT21720/WRWT25800 | BD41: 0
A42: 45857 | B42: MK68-000910 | C42: บจก.เคอรี่ฟลาวมิลล์ | D42: ถุงทองแซนวิช | E42: 19 | F42: 32 | G42: ขาว | H42: 0 | I42: 67 | J42: + | K42: 5 | L42: บิด | M42: ไม่สวมถุงใน | N42: 0 | O42: 0 | P42: 0 | Q42: 0 | R42: 0 | S42: ห่ออัดเบลแบน500 | T42: 45885 | U42: 10000 | V42: 0 | W42: 10000 | X42: 0 | Y42: 10500 | Z42: WSWT1921720 | AA42: 9359.9 | AB42: 0 | AC42: 9359.9 | AD42: 0 | AE42: 0 | AF42: PDR250240 | AG42: พร้อมส่ง | AH42: P7 | AI42: 2 | AJ42: 45885 | AK42: 0 | AL42: 45876 | AM42: 45883 | AN42: 45884 | AO42: 45884 | AP42: 45880 | AQ42: 0 | AR42: 0 | AS42: 0 | AT42: 0 | AU42: 0 | AV42: 0 | AW42: งานพิมพ์ | AX42: / | AY42: 0 | AZ42: 0 | BA42: 0 | BB42: 0 | BC42: WRWT21720/WRWT25800 | BD42: 705.02927
A43: 45857 | B43: MK68-000910 | C43: บจก.เคอรี่ฟลาวมิลล์ | D43: ถุงเงิน | E43: 19 | F43: 32 | G43: ขาว | H43: 0 | I43: 67 | J43: + | K43: 5 | L43: บิด | M43: ไม่สวมถุงใน | N43: 0 | O43: 0 | P43: 0 | Q43: 0 | R43: 0 | S43: ห่ออัดเบลแบน500 | T43: 45885 | U43: 5000 | V43: 5000 | W43: 0 | X43: 5250 | Y43: 0 | Z43: WSWT1921720 | AA43: 0 | AB43: 0 | AC43: 0 | AD43: 0 | AE43: 0 | AF43: PDR250240 | AG43: ยังไม่ได้พิมพ์ | AH43: P7 | AI43: 2 | AJ43: 45885 | AK43: 0 | AL43: 45876 | AM43: 45883 | AN43: 45884 | AO43: 45884 | AP43: 45880 | AQ43: 0 | AR43: 0 | AS43: 0 | AT43: 0 | AU43: 0 | AV43: 0 | AW43: งานพิมพ์ | AX43: / | AY43: 0 | AZ43: 0 | BA43: 0 | BB43: 0 | BC43: WRWT21720/WRWT25800 | BD43: 0
A44: 45857 | B44: MK68-000910 | C44: บจก.เคอรี่ฟลาวมิลล์ | D44: ปลาโลมาแดง | E44: 19 | F44: 32 | G44: ขาว | H44: 0 | I44: 67 | J44: + | K44: 5 | L44: บิด | M44: ไม่สวมถุงใน | N44: 0 | O44: 0 | P44: 0 | Q44: 0 | R44: 0 | S44: ห่ออัดเบลแบน500 | T44: 45885 | U44: 5000 | V44: 5000 | W44: 0 | X44: 5200 | Y44: 0 | Z44: WSWT1921720 | AA44: 0 | AB44: 0 | AC44: 0 | AD44: 0 | AE44: 0 | AF44: PDR250240 | AG44: ยังไม่ได้พิมพ์ | AH44: P7 | AI44: 2 | AJ44: 45885 | AK44: 0 | AL44: 45876 | AM44: 45883 | AN44: 45884 | AO44: 45884 | AP44: 45880 | AQ44: 0 | AR44: 0 | AS44: 0 | AT44: 0 | AU44: 0 | AV44: 0 | AW44: งานพิมพ์ | AX44: / | AY44: 0 | AZ44: 0 | BA44: 0 | BB44: 0 | BC44: WRWT21720/WRWT25800 | BD44: 0
A45: 45857 | B45: MK68-000910 | C45: บจก.เคอรี่ฟลาวมิลล์ | D45: FW-Y | E45: 19 | F45: 32 | G45: ขาว | H45: 0 | I45: 67 | J45: + | K45: 5 | L45: ไม่ | M45: ไม่สวมถุงใน | N45: 0 | O45: 0 | P45: 0 | Q45: 0 | R45: 0 | S45: ห่ออัดเบลแบน500 | T45: 45885 | U45: 5000 | V45: 5000 | W45: 0 | X45: 5200 | Y45: 0 | Z45: WSWT1921720 | AA45: 0 | AB45: 0 | AC45: 0 | AD45: 0 | AE45: 0 | AF45: PDR250240 | AG45: ยังไม่ได้พิมพ์ | AH45: P7 | AI45: 2 | AJ45: 45885 | AK45: 0 | AL45: 45876 | AM45: 45883 | AN45: 45884 | AO45: 45884 | AP45: 45880 | AQ45: 0 | AR45: 0 | AS45: 0 | AT45: 0 | AU45: 0 | AV45: 0 | AW45: งานพิมพ์ | AX45: / | AY45: 0 | AZ45: 0 | BA45: 0 | BB45: 0 | BC45: WRWT21720/WRWT25800 | BD45: 0
A46: 45857 | B46: MK68-000910 | C46: บจก.เคอรี่ฟลาวมิลล์ | D46: เคเอ็ม | E46: 19 | F46: 32 | G46: ขาว | H46: 0 | I46: 67 | J46: + | K46: 5 | L46: บิด | M46: ไม่สวมถุงใน | N46: 0 | O46: 0 | P46: 0 | Q46: 0 | R46: 0 | S46: ห่ออัดเบลแบน500 | T46: 45888 | U46: 5000 | V46: 0 | W46: 5000 | X46: 0 | Y46: 5250 | Z46: WSWT1921720 | AA46: 4679.95 | AB46: 4679.95 | AC46: 0 | AD46: 0 | AE46: 0 | AF46: PDR250241 | AG46: ยังไม่ได้พิมพ์ | AH46: P7 | AI46: 2 | AJ46: 45888 | AK46: 0 | AL46: 45879 | AM46: 45886 | AN46: 45887 | AO46: 45887 | AP46: 45883 | AQ46: 0 | AR46: 0 | AS46: 0 | AT46: 0 | AU46: 0 | AV46: 0 | AW46: งานพิมพ์ | AX46: / | AY46: 0 | AZ46: 0 | BA46: 0 | BB46: 0 | BC46: WRWT21720/WRWT25800 | BD46: 0
A47: 45857 | B47: MK68-000910 | C47: บจก.เคอรี่ฟลาวมิลล์ | D47: แต้มแดง | E47: 19 | F47: 32 | G47: ขาว | H47: 0 | I47: 67 | J47: + | K47: 5 | L47: บิด | M47: ไม่สวมถุงใน | N47: 0 | O47: 0 | P47: 0 | Q47: 0 | R47: 0 | S47: ห่ออัดเบลแบน500 | T47: 45888 | U47: 5000 | V47: 0 | W47: 5000 | X47: 0 | Y47: 5250 | Z47: WSWT1921720 | AA47: 4679.95 | AB47: 0 | AC47: 4679.95 | AD47: 0 | AE47: 0 | AF47: PDR250241 | AG47: ยังไม่ได้พิมพ์ | AH47: P7 | AI47: 2 | AJ47: 45888 | AK47: 0 | AL47: 45879 | AM47: 45886 | AN47: 45887 | AO47: 45887 | AP47: 45883 | AQ47: 0 | AR47: 0 | AS47: 0 | AT47: 0 | AU47: 0 | AV47: 0 | AW47: งานพิมพ์ | AX47: / | AY47: 0 | AZ47: 0 | BA47: 0 | BB47: 0 | BC47: WRWT21720/WRWT25800 | BD47: 352.51463
A48: 45857 | B48: MK68-000910 | C48: บจก.เคอรี่ฟลาวมิลล์ | D48: ดอกไม้เขียว | E48: 19 | F48: 32 | G48: ขาว | H48: 0 | I48: 67 | J48: + | K48: 5 | L48: บิด | M48: ไม่สวมถุงใน | N48: 0 | O48: 0 | P48: 0 | Q48: 0 | R48: 0 | S48: ห่ออัดเบลแบน500 | T48: 45888 | U48: 5000 | V48: 0 | W48: 5000 | X48: 0 | Y48: 5250 | Z48: WSWT1921720 | AA48: 4679.95 | AB48: 0 | AC48: 4679.95 | AD48: 0 | AE48: 0 | AF48: PDR250241 | AG48: ยังไม่ได้พิมพ์ | AH48: P7 | AI48: 2 | AJ48: 45888 | AK48: 0 | AL48: 45879 | AM48: 45886 | AN48: 45887 | AO48: 45887 | AP48: 45883 | AQ48: 0 | AR48: 0 | AS48: 0 | AT48: 0 | AU48: 0 | AV48: 0 | AW48: งานพิมพ์ | AX48: / | AY48: 0 | AZ48: 0 | BA48: 0 | BB48: 0 | BC48: WRWT21720/WRWT25800 | BD48: 352.51463
A49: 45857 | B49: MK68-000910 | C49: บจก.เคอรี่ฟลาวมิลล์ | D49: ถุงเขียว | E49: 19 | F49: 32 | G49: ขาว | H49: 0 | I49: 67 | J49: + | K49: 5 | L49: บิด | M49: ไม่สวมถุงใน | N49: 0 | O49: 0 | P49: 0 | Q49: 0 | R49: 0 | S49: ห่ออัดเบลแบน500 | T49: 45888 | U49: 10000 | V49: 0 | W49: 10000 | X49: 0 | Y49: 10500 | Z49: WSWT1921720 | AA49: 9359.9 | AB49: 0 | AC49: 9359.9 | AD49: 0 | AE49: 0 | AF49: PDR250241 | AG49: ยังไม่ได้พิมพ์ | AH49: P7 | AI49: 2 | AJ49: 45888 | AK49: 0 | AL49: 45879 | AM49: 45886 | AN49: 45887 | AO49: 45887 | AP49: 45883 | AQ49: 0 | AR49: 0 | AS49: 0 | AT49: 0 | AU49: 0 | AV49: 0 | AW49: งานพิมพ์ | AX49: / | AY49: 0 | AZ49: 0 | BA49: 0 | BB49: 0 | BC49: WRWT21720/WRWT25800 | BD49: 705.02927
A50: 45869 | B50: MK68-000944 | C50: บจก.เคอรี่ฟลาวมิลล์ | D50: บะหมี่เตี๊ยว | E50: 19 | F50: 32 | G50: ขาว | H50: 0 | I50: 67 | J50: + | K50: 5 | L50: บิด | M50: ไม่สวมถุงใน | N50: 0 | O50: 0 | P50: 0 | Q50: 0 | R50: 0 | S50: ห่ออัดเบลแบน500 | T50: 45890 | U50: 5000 | V50: 0 | W50: 5000 | X50: 0 | Y50: 5250 | Z50: WSWT1921720 | AA50: 4679.95 | AB50: 0 | AC50: 4679.95 | AD50: 0 | AE50: 0 | AF50: PDR250250 | AG50: ยังไม่ได้พิมพ์ | AH50: P7 | AI50: 2 | AJ50: 45890 | AK50: 0 | AL50: 45881 | AM50: 45888 | AN50: 45889 | AO50: 45889 | AP50: 45885 | AQ50: 0 | AR50: 0 | AS50: 0 | AT50: 0 | AU50: 0 | AV50: 0 | AW50: งานพิมพ์ | AX50: / | AY50: 0 | AZ50: 0 | BA50: 0 | BB50: 0 | BC50: WRWT21720/WRWT25800 | BD50: 352.51463
... A63: 45869 | B63: MK68-000944 | C63: บจก.เคอรี่ฟลาวมิลล์ | D63: ดอกไม้เขียว | E63: 19 | F63: 32 | G63: ขาว | H63: 0 | I63: 67 | J63: + | K63: 5 | L63: บิด | M63: ไม่สวมถุงใน | N63: 0 | O63: 0 | P63: 0 | Q63: 0 | R63: 0 | S63: ห่ออัดเบลแบน500 | T63: 45895 | U63: 5000 | V63: 0 | W63: 5000 | X63: 0 | Y63: 5250 | Z63: WSWT1921720 | AA63: 4679.95 | AB63: 0 | AC63: 4679.95 | AD63: 0 | AE63: 0 | AF63: PDR250252 | AG63: ยังไม่ได้พิมพ์ | AH63: P7 | AI63: 2 | AJ63: 45895 | AK63: 0 | AL63: 45886 | AM63: 45893 | AN63: 45894 | AO63: 45894 | AP63: 45890 | AQ63: 0 | AR63: 0 | AS63: 0 | AT63: 0 | AU63: 0 | AV63: 0 | AW63: งานพิมพ์ | AX63: / | AY63: 0 | AZ63: 0 | BA63: 0 | BB63: 0 | BC63: WRWT21720/WRWT25800 | BD63: 352.51463
A64: 45869 | B64: MK68-000944 | C64: บจก.เคอรี่ฟลาวมิลล์ | D64: 997 | E64: 19 | F64: 32 | G64: ขาว | H64: 0 | I64: 67 | J64: + | K64: 5 | L64: ไม่ | M64: ไม่สวมถุงใน | N64: 0 | O64: 0 | P64: 0 | Q64: 0 | R64: 0 | S64: ห่ออัดเบลแบน500 | T64: 45895 | U64: 5000 | V64: 0 | W64: 5000 | X64: 0 | Y64: 5250 | Z64: WSWT1921720 | AA64: 4679.95 | AB64: 0 | AC64: 4679.95 | AD64: 0 | AE64: 0 | AF64: PDR250252 | AG64: ยังไม่ได้พิมพ์ | AH64: P7 | AI64: 2 | AJ64: 45895 | AK64: 0 | AL64: 45886 | AM64: 45893 | AN64: 45894 | AO64: 45894 | AP64: 45890 | AQ64: 0 | AR64: 0 | AS64: 0 | AT64: 0 | AU64: 0 | AV64: 0 | AW64: งานพิมพ์ | AX64: / | AY64: 0 | AZ64: 0 | BA64: 0 | BB64: 0 | BC64: WRWT21720/WRWT25800 | BD64: 352.51463
A65: 45869 | B65: MK68-000944 | C65: บจก.เคอรี่ฟลาวมิลล์ | D65: ถุงทองแซนวิช | E65: 19 | F65: 32 | G65: ขาว | H65: 0 | I65: 67 | J65: + | K65: 5 | L65: บิด | M65: ไม่สวมถุงใน | N65: 0 | O65: 0 | P65: 0 | Q65: 0 | R65: 0 | S65: ห่ออัดเบลแบน500 | T65: 45897 | U65: 5000 | V65: 0 | W65: 5000 | X65: 0 | Y65: 5250 | Z65: WSWT1921720 | AA65: 4679.95 | AB65: 0 | AC65: 4679.95 | AD65: 0 | AE65: 0 | AF65: PDR250253 | AG65: ยังไม่ได้พิมพ์ | AH65: P7 | AI65: 2 | AJ65: 45897 | AK65: 0 | AL65: 45888 | AM65: 45895 | AN65: 45896 | AO65: 45896 | AP65: 45892 | AQ65: 0 | AR65: 0 | AS65: 0 | AT65: 0 | AU65: 0 | AV65: 0 | AW65: งานพิมพ์ | AX65: / | AY65: 0 | AZ65: 0 | BA65: 0 | BB65: 0 | BC65: WRWT21720/WRWT25800 | BD65: 352.51463
A66: 45869 | B66: MK68-000944 | C66: บจก.เคอรี่ฟลาวมิลล์ | D66: แต้มฟ้า | E66: 19 | F66: 32 | G66: ขาว | H66: 0 | I66: 67 | J66: + | K66: 5 | L66: บิด | M66: ไม่สวมถุงใน | N66: 0 | O66: 0 | P66: 0 | Q66: 0 | R66: 0 | S66: ห่ออัดเบลแบน500 | T66: 45897 | U66: 5000 | V66: 0 | W66: 5000 | X66: 0 | Y66: 5250 | Z66: WSWT1921720 | AA66: 4679.95 | AB66: 0 | AC66: 4679.95 | AD66: 0 | AE66: 0 | AF66: PDR250253 | AG66: ผ้าขาว | AH66: P7 | AI66: 2 | AJ66: 45897 | AK66: 0 | AL66: 45888 | AM66: 45895 | AN66: 45896 | AO66: 45896 | AP66: 45892 | AQ66: 0 | AR66: 0 | AS66: 0 | AT66: 0 | AU66: 0 | AV66: 0 | AW66: งานพิมพ์ | AX66: / | AY66: 0 | AZ66: 0 | BA66: 0 | BB66: 0 | BC66: WRWT21720/WRWT25800 | BD66: 352.51463
A67: 45869 | B67: MK68-000944 | C67: บจก.เคอรี่ฟลาวมิลล์ | D67: หีบเพลงฟ้า | E67: 19 | F67: 32 | G67: ขาว | H67: 0 | I67: 67 | J67: + | K67: 5 | L67: บิด | M67: ไม่สวมถุงใน | N67: 0 | O67: 0 | P67: 0 | Q67: 0 | R67: 0 | S67: ห่ออัดเบลแบน500 | T67: 45897 | U67: 5000 | V67: 0 | W67: 5000 | X67: 0 | Y67: 5250 | Z67: WSWT1921720 | AA67: 4679.95 | AB67: 0 | AC67: 4679.95 | AD67: 0 | AE67: 0 | AF67: PDR250253 | AG67: ผ้าขาว | AH67: P7 | AI67: 2 | AJ67: 45897 | AK67: 0 | AL67: 45888 | AM67: 45895 | AN67: 45896 | AO67: 45896 | AP67: 45892 | AQ67: 0 | AR67: 0 | AS67: 0 | AT67: 0 | AU67: 0 | AV67: 0 | AW67: งานพิมพ์ | AX67: / | AY67: 0 | AZ67: 0 | BA67: 0 | BB67: 0 | BC67: WRWT21720/WRWT25800 | BD67: 352.51463
A68: 45869 | B68: MK68-000944 | C68: บจก.เคอรี่ฟลาวมิลล์ | D68: หีบเพลงเหลือง | E68: 19 | F68: 32 | G68: ขาว | H68: 0 | I68: 67 | J68: + | K68: 5 | L68: บิด | M68: ไม่สวมถุงใน | N68: 0 | O68: 0 | P68: 0 | Q68: 0 | R68: 0 | S68: ห่ออัดเบลแบน500 | T68: 45897 | U68: 5000 | V68: 0 | W68: 5000 | X68: 0 | Y68: 5250 | Z68: WSWT1921720 | AA68: 4679.95 | AB68: 0 | AC68: 4679.95 | AD68: 0 | AE68: 0 | AF68: PDR250253 | AG68: ผ้าขาว | AH68: P7 | AI68: 2 | AJ68: 45897 | AK68: 0 | AL68: 45888 | AM68: 45895 | AN68: 45896 | AO68: 45896 | AP68: 45892 | AQ68: 0 | AR68: 0 | AS68: 0 | AT68: 0 | AU68: 0 | AV68: 0 | AW68: งานพิมพ์ | AX68: / | AY68: 0 | AZ68: 0 | BA68: 0 | BB68: 0 | BC68: WRWT21720/WRWT25800 | BD68: 352.51463
A69: 45869 | B69: MK68-000945 | C69: บจก.เคอรี่ฟลาวมิลล์ | D69: ไม่พิมพ์ | E69: 19 | F69: 36 | G69: ขาว | H69: 0 | I69: 75 | J69: + | K69: 5 | L69: ไม่ | M69: ไม่สวมถุงใน | N69: 0 | O69: 0 | P69: 0 | Q69: 0 | R69: 0 | S69: ห่ออัดเบลแบน500 | T69: 45897 | U69: 5000 | V69: 0 | W69: 5000 | X69: 0 | Y69: 0 | Z69: WSWT1921720 | AA69: 5238.75 | AB69: 0 | AC69: 5238.75 | AD69: 0 | AE69: 0 | AF69: PDR250253 | AG69: พร้อมส่ง | AH69: P7 | AI69: 2 | AJ69: 45897 | AK69: 0 | AL69: 45888 | AM69: 45895 | AN69: 45896 | AO69: 45896 | AP69: 45892 | AQ69: 0 | AR69: 0 | AS69: 0 | AT69: 0 | AU69: 0 | AV69: 0 | AW69: งานพิมพ์ | AX69: / | AY69: 0 | AZ69: 0 | BA69: 0 | BB69: 0 | BC69: WRWT21720/WRWT25800 | BD69: 394.60593
A70: 45870 | B70: MK68-000953 | C70: บจก.เคอรี่ฟลาวมิลล์ | D70: ไม่พิมพ์ | E70: 19 | F70: 32 | G70: ขาว | H70: 0 | I70: 67 | J70: + | K70: 5 | L70: บิด | M70: ไม่สวมถุงใน | N70: 0 | O70: 0 | P70: 0 | Q70: 0 | R70: 0 | S70: ห่ออัดเบลแบน500 | T70: 45898 | U70: 20000 | V70: 0 | W70: 20000 | X70: 0 | Y70: 0 | Z70: WSWT1921720 | AA70: 18719.8 | AB70: 0 | AC70: 18719.8 | AD70: 0 | AE70: 0 | AF70: 0 | AG70: ยังไม่ได้พิมพ์ | AH70: P3 | AI70: 1 | AJ70: 45898 | AK70: 0 | AL70: 0 | AM70: 0 | AN70: 0 | AO70: 45897 | AP70: 45893 | AQ70: 0 | AR70: 0 | AS70: 0 | AT70: 0 | AU70: 0 | AV70: 0 | AW70: ตัด | AX70: 0 | AY70: 0 | AZ70: 0 | BA70: 0 | BB70: 0 | BC70: WRWT21720/WRWT25800 | BD70: 1410.0585
A71: 45870 | B71: MK68-000954 | C71: บจก.เคอรี่ฟลาวมิลล์ | D71: ไม่พิมพ์ | E71: 19 | F71: 32 | G71: ขาว | H71: 0 | I71: 67 | J71: + | K71: 5 | L71: บิด | M71: ไม่สวมถุงใน | N71: 0 | O71: 0 | P71: 0 | Q71: 0 | R71: 0 | S71: ห่ออัดเบลแบน500 | T71: 45898 | U71: 20000 | V71: 0 | W71: 20000 | X71: 0 | Y71: 0 | Z71: WSWT1921720 | AA71: 18719.8 | AB71: 0 | AC71: 18719.8 | AD71: 0 | AE71: 0 | AF71: 0 | AG71: พร้อมส่ง | AH71: P3 | AI71: 1 | AJ71: 45898 | AK71: 0 | AL71: 0 | AM71: 0 | AN71: 0 | AO71: 45897 | AP71: 45893 | AQ71: 0 | AR71: 0 | AS71: 0 | AT71: 0 | AU71: 0 | AV71: 0 | AW71: ตัด | AX71: 0 | AY71: 0 | AZ71: 0 | BA71: 0 | BB71: 0 | BC71: WRWT21720/WRWT25800 | BD71: 1410.0585
A72: 0 | B72: 0 | C72: 0 | D72: 0 | E72: 19 | F72: 30 | G72: 0 | H72: 0 | I72: 63 | J72: + | K72: 5 | L72: 0 | M72: 0 | N72: 0 | O72: 0 | P72: 0 | Q72: 0 | R72: 0 | S72: 0 | U72: 0 | V72: 0 | W72: 0 | X72: 0 | Y72: 0 | Z72: WSWT1921720 | AA72: 202355.45 | AB72: 37439.6 | AC72: 164915.85 | AD72: 0 | AE72: 0 | AF72: ระบุในSD | AG72: ยังไม่ได้พิมพ์ | AH72: 0 | AI72: Lead time | AJ72: 0 | AK72: 0 | AL72: 0 | AM72: 0 | AN72: 0 | AO72: 0 | AP72: 0 | AQ72: 0 | AR72: 0 | AS72: 0 | AT72: 0 | AU72: 0 | AV72: 0 | AW72: 0 | AX72: 0 | AY72: 0 | AZ72: 0 | BA72: 0 | BB72: 0 | BC72: WRWT190720/WRWT25800 | BD72: 0
A73: 45874 | B73: MK68-000959 | C73: บจก.เอเชี่ยนเคมิคัล | D73: A.C.C.ภาษาอังกฤษ | E73: 19 | F73: 26 | G73: ขาว | H73: ด้าน | I73: 70 | J73: ± | K73: 5 | L73: ไม่ | M73: 20 | N73: 28 | O73: 50 | P73: 172.69643 | Q73: 0 | R73: 172.69643 | S73: มัด100 | T73: 45887 | U73: 10000 | V73: 0 | W73: 10000 | X73: 0 | Y73: 10500 | Z73: WSWT1925800SM | AA73: 7683.5 | AB73: 7683.5 | AC73: 0 | AD73: 0 | AE73: 7683.5 | AF73: 0 | AG73: พร้อมส่ง | AH73: P8 | AI73: 4 | AJ73: 45887 | AK73: 45883 | AL73: 45877 | AM73: 45884 | AN73: 45885 | AO73: 45885 | AP73: 45882 | AQ73: 45886 | AR73: 0 | AS73: 0 | AT73: 0 | AU73: 0 | AV73: 0 | AW73: งานเคลือบ+พิมพ์ | AX73: รอART | AY73: 0 | AZ73: 0 | BA73: 0 | BB73: 0 | BC73: WRWT25800/WRWT25800 | BD73: 0
A74: 0 | B74: 0 | C74: 0 | D74: 0 | E74: 19 | F74: 30 | G74: 0 | H74: 0 | I74: 56 | J74: ± | K74: 5 | L74: 0 | M74: 0 | N74: 0 | O74: 0 | P74: 0 | Q74: 0 | R74: 0 | S74: 0 | U74: 0 | W74: 0 | X74: 0 | Y74: 0 | Z74: WSWT1925800SM | AA74: 7683.5 | AB74: 7683.5 | AC74: 0 | AD74: 0 | AE74: 7683.5 | AF74: ระบุในSD | AG74: พร้อมส่ง | AH74: 0 | AI74: Lead time | AJ74: 0 | AK74: 0 | AL74: 0 | AM74: 0 | AN74: 0 | AO74: 0 | AP74: 0 | AQ74: 0 | AR74: 0 | AS74: 0 | AT74: 0 | AU74: 0 | AV74: 0 | AW74: 0 | AX74: 0 | AY74: 0 | AZ74: 0 | BA74: 0 | BB74: 0 | BC74: WRWT190800/WRWT25800 | BD74: 0
A75: 45874 | B75: ใบรับคำสั่งซื้อ | C75: บจก.อินเทคค์ โกลบอล | D75: เพอเฟคค์ 104Sโกลด์ | E75: 19 | F75: 34 | G75: ขาว | H75: ด้าน | I75: 100 | J75: ± | K75: 5 | L75: จับจีบ4" | M75: ไม่สวมถุงใน | N75: 0 | O75: 0 | P75: 0 | Q75: 0 | R75: 0 | S75: มัด80 ใช้สายรัด | T75: 45889 | U75: 5040 | V75: 0 | W75: 5040 | X75: 0 | Y75: 5292 | Z75: WSWT19251000SM | AA75: 4999.0248 | AB75: 0 | AC75: 4999.0248 | AD75: 0 | AE75: 4999.0248 | AF75: 0 | AG75: พร้อมส่ง | AH75: P6 | AI75: 4 | AJ75: 45889 | AK75: 45885 | AL75: 45878 | AM75: 45886 | AN75: 45887 | AO75: 45888 | AP75: 45884 | AQ75: 0 | AR75: 0 | AS75: 0 | AT75: 0 | AU75: 0 | AV75: 0 | AW75: งานเคลือบ+พิมพ์ | AX75: รอART | AY75: 0 | AZ75: 0 | BA75: 0 | BB75: 0 | BC75: WRWT251000/WRWT251000 | BD75: 422.13987
A76: 45796 | B76: MK68-000680 | C76: บจก.อินเทคค์ โกลบอล | D76: เพอเฟคค์103P โกลด์ | E76: 19 | F76: 34 | G76: ขาว | H76: ด้าน | I76: 100 | J76: ± | K76: 5 | L76: จับจีบ4" | M76: ไม่สวมถุงใน | N76: 0 | O76: 0 | P76: 0 | Q76: 0 | R76: 0 | S76: มัด80 ใช้สายรัด | T76: รอแจ้ง | U76: 503 | V76: 0 | W76: 503 | X76: 5250 | Y76: 0 | Z76: WSWT19251000SM | AA76: 0 | AB76: 0 | AC76: 0 | AD76: 0 | AE76: 0 | AF76: 0 | AG76: พร้อมส่ง | AH76: P6 | AI76: 4 | AJ76: รอแจ้ง | AK76: #VALUE! | AL76: #VALUE! | AM76: #VALUE! | AN76: #VALUE! | AO76: #VALUE! | AP76: #VALUE! | AQ76: 0 | AR76: 0 | AS76: 0 | AT76: 0 | AU76: 0 | AV76: 0 | AW76: งานเคลือบ+พิมพ์ | AX76: / | AY76: 0 | AZ76: 0 | BA76: 0 | BB76: 0 | BC76: WRWT251000/WRWT251000 | BD76: 0
A77: 0 | B77: 0 | C77: 0 | D77: 0 | E77: 19 | F77: 34 | G77: ขาว | H77: 0 | I77: 80 | J77: ± | K77: 5 | L77: 0 | M77: 0 | N77: 0 | O77: 0 | P77: 0 | Q77: 0 | R77: 0 | S77: 0 | U77: 0 | V77: 0 | W77: 0 | X77: 0 | Y77: 0 | Z77: WSWT19251000SM | AA77: 4999.0248 | AB77: 0 | AC77: 4999.0248 | AD77: 0 | AE77: 4999.0248 | AF77: ระบุในSD | AG77: พร้อมส่ง | AH77: 0 | AI77: Lead time | AJ77: 0 | AK77: 0 | AL77: 0 | AM77: 0 | AN77: 0 | AO77: 0 | AP77: 0 | AQ77: 0 | AR77: 0 | AS77: 0 | AT77: 0 | AU77: 0 | AV77: 0 | AW77: 0 | AX77: 0 | AY77: 0 | AZ77: 0 | BA77: 0 | BB77: 0 | BC77: WRWT251000/WRYL251000 | BD77: 0
A78: 45857 | B78: MK68-000902 | C78: บจก.อินเทคค์ โกลบอล | D78: เพอเฟคค์ 000 | E78: 20 | F78: 36 | G78: ขาว | H78: ด้าน | I78: 100 | J78: ± | K78: 5 | L78: จับจีบ | M78: ไม่สวมถุงใน | N78: 0 | O78: 0 | P78: 0 | Q78: 0 | R78: 0 | S78: มัด80 ใช้สายรัด | T78: รอแจ้ง | U78: 120 | V78: 0 | W78: 120 | X78: 11000 | Y78: 0 | Z78: WSWT2025800SM | AA78: 0 | AB78: 0 | AC78: 0 | AD78: 0 | AE78: 0 | AF78: 0 | AG78: พร้อมส่ง | AH78: P6 | AI78: 4 | AJ78: รอแจ้ง | AK78: #VALUE! | AL78: #VALUE! | AM78: #VALUE! | AN78: #VALUE! | AO78: #VALUE! | AP78: #VALUE! | AQ78: 0 | AR78: 0 | AS78: 0 | AT78: 0 | AU78: 0 | AV78: 0 | AW78: งานเคลือบ+พิมพ์ | AX78: / | AY78: 0 | AZ78: 0 | BA78: 0 | BB78: 0 | BC78: WRWT25850/WRWT25850 | BD78: 0
A79: 45810 | B79: MK68-000742 | C79: บจก.เอสพีเอ็ม อาหารสัตว์ | D79: นีโอ 05 | E79: 20 | F79: 38 | G79: ขาว | H79: ด้าน | I79: 100 | J79: ± | K79: 5 | L79: ไม่ | M79: ไม่สวมถุงใน | N79: 0 | O79: 0 | P79: 0 | Q79: 0 | R79: 0 | S79: 500กระสอบแบน | T79: รอส่ง | U79: 2500 | V79: 2500 | W79: 0 | X79: 5560 | Y79: 0 | Z79: WSWT2025800SM | AA79: 0 | AB79: 0 | AC79: 0 | AD79: 0 | AE79: 0 | AF79: 0 | AG79: พร้อมส่ง | AH79: P6 | AI79: 4 | AJ79: รอส่ง | AK79: #VALUE! | AL79: #VALUE! | AM79: #VALUE! | AN79: #VALUE! | AO79: #VALUE! | AP79: #VALUE! | AQ79: 0 | AR79: 0 | AS79: 0 | AT79: 0 | AU79: 0 | AV79: 0 | AW79: งานเคลือบ+พิมพ์ | AX79: / | AY79: 0 | AZ79: 0 | BA79: 0 | BB79: 0 | BC79: WRWT25850/WRWT25850 | BD79: 0
A80: 45847 | B80: MK68-000874 | C80: บจก.เอสพีเอ็ม อาหารสัตว์ | D80: SPM 912 | E80: 20 | F80: 38 | G80: ขาว | H80: ด้าน | I80: 100 | J80: ± | K80: 5 | L80: บิด | M80: ไม่สวมถุงใน | N80: 0 | O80: 0 | P80: 0 | Q80: 0 | R80: 0 | S80: 500กระสอบแบน | T80: 45876 | U80: 3000 | V80: 3000 | W80: 0 | X80: 3841 | Y80: 0 | Z80: WSWT2025800SM | AA80: 0 | AB80: 0 | AC80: 0 | AD80: 0 | AE80: 0 | AF80: 0 | AG80: รอตัด | AH80: P6 | AI80: 4 | AJ80: 45876 | AK80: 45872 | AL80: 45865 | AM80: 45873 | AN80: 45874 | AO80: 45875 | AP80: 45871 | AQ80: 0 | AR80: 0 | AS80: 0 | AT80: 0 | AU80: 0 | AV80: 0 | AW80: งานเคลือบ+พิมพ์ | AX80: / | AY80: 0 | AZ80: 0 | BA80: 0 | BB80: 0 | BC80: WRWT25850/WRWT25850 | BD80: 0
A81: 45870 | B81: MK68-000948 | C81: บจก.เอสพีเอ็ม อาหารสัตว์ | D81: SPM 202 | E81: 20 | F81: 40 | G81: ขาว | H81: ด้าน | I81: 108 | J81: ± | K81: 5 | L81: บิด | M81: ไม่สวมถุงใน | N81: 0 | O81: 0 | P81: 0 | Q81: 0 | R81: 0 | S81: 500กระสอบแบน | T81: 45876 | U81: 3000 | V81: 3000 | W81: 0 | X81: 3300 | Y81: 0 | Z81: WSWT2025800SM | AA81: 0 | AB81: 0 | AC81: 0 | AD81: 0 | AE81: 0 | AF81: 0 | AG81: พิมพ์ไม่ครบ | AH81: P6 | AI81: 4 | AJ81: 45876 | AK81: 45872 | AL81: 45865 | AM81: 45873 | AN81: 45874 | AO81: 45875 | AP81: 45871 | AQ81: 0 | AR81: 0 | AS81: 0 | AT81: 0 | AU81: 0 | AV81: 0 | AW81: งานเคลือบ+พิมพ์ | AX81: / | AY81: 0 | AZ81: 0 | BA81: 0 | BB81: 0 | BC81: WRWT25850/WRWT25850 | BD81: 0
A82: 45870 | B82: MK68-000947 | C82: บจก.เอสพีเอ็ม อาหารสัตว์ | D82: SPM 914 | E82: 20 | F82: 38 | G82: ขาว | H82: ด้าน | I82: 100 | J82: ± | K82: 5 | L82: บิด | M82: ไม่สวมถุงใน | N82: 0 | O82: 0 | P82: 0 | Q82: 0 | R82: 0 | S82: 500กระสอบแบน | T82: 45876 | U82: 3000 | V82: 2631 | W82: 369 | X82: 3480 | Y82: 0 | Z82: WSWT2025800SM | AA82: 0 | AB82: 0 | AC82: 0 | AD82: 0 | AE82: 0 | AF82: 0 | AG82: พร้อมส่ง | AH82: P6 | AI82: 4 | AJ82: 45876 | AK82: 45872 | AL82: 45865 | AM82: 45873 | AN82: 45874 | AO82: 45875 | AP82: 45871 | AQ82: 0 | AR82: 0 | AS82: 0 | AT82: 0 | AU82: 0 | AV82: 0 | AW82: งานเคลือบ+พิมพ์ | AX82: / | AY82: 0 | AZ82: 0 | BA82: 0 | BB82: 0 | BC82: WRWT25850/WRWT25850 | BD82: 0
A83: 45850 | B83: MK68-000880 | C83: บจก.เอพีเอ็ม อะโกร | D83: SPM195 GOAL | E83: 20 | F83: 38 | G83: ขาว | H83: ใส | I83: 100 | J83: ± | K83: 5 | L83: บิด | M83: ไม่สวมถุงใน | N83: 0 | O83: 0 | P83: 0 | Q83: 0 | R83: 0 | S83: 500กระสอบแบน | T83: 45883 | U83: 4000 | V83: 0 | W83: 4000 | X83: 4100 | Y83: 0 | Z83: WSWT2025800SM | AA83: 0 | AB83: 0 | AC83: 0 | AD83: 0 | AE83: 0 | AF83: 0 | AG83: ยังไม่ได้พิมพ์ | AH83: P6 | AI83: 4 | AJ83: 45883 | AK83: 45879 | AL83: 45872 | AM83: 45880 | AN83: 45881 | AO83: 45882 | AP83: 45878 | AQ83: 0 | AR83: 0 | AS83: 0 | AT83: 0 | AU83: 0 | AV83: 0 | AW83: งานเคลือบ+พิมพ์ | AX83: / | AY83: 0 | AZ83: 0 | BA83: 0 | BB83: 0 | BC83: WRWT25850/WRWT25850 | BD83: 0
A84: 45868 | B84: MK68-000952 | C84: บจก.วีซีเอฟ | D84: VC 100 | E84: 20 | F84: 37 | G84: ขาว | H84: ใส | I84: 100 | J84: ± | K84: 5 | L84: บิด | M84: ไม่สวมถุงใน | N84: 0 | O84: 0 | P84: 0 | Q84: 0 | R84: 0 | S84: 500กระสอบแบน | T84: 45894 | U84: 30000 | V84: 10000 | W84: 20000 | X84: 24370 | Y84: 5911.5 | Z84: WSWT2025800SM | AA84: 6358.9414 | AB84: 6358.9414 | AC84: 0 | AD84: 0 | AE84: 6358.9414 | AF84: 0 | AG84: ยังไม่ได้พิมพ์ | AH84: P6 | AI84: 4 | AJ84: 45894 | AK84: 45890 | AL84: 45883 | AM84: 45891 | AN84: 45892 | AO84: 45893 | AP84: 45889 | AQ84: 0 | AR84: 0 | AS84: 0 | AT84: 0 | AU84: 0 | AV84: 0 | AW84: งานเคลือบ+พิมพ์ | AX84: / | AY84: 0 | AZ84: 0 | BA84: 0 | BB84: 0 | BC84: WRWT25850/WRWT25850 | BD84: 0
A85: 45868 | B85: MK68-000952 | C85: บจก.วีซีเอฟ | D85: VC 193 | E85: 20 | F85: 37 | G85: ขาว | H85: ใส | I85: 100 | J85: ± | K85: 5 | L85: บิด | M85: ไม่สวมถุงใน | N85: 0 | O85: 0 | P85: 0 | Q85: 0 | R85: 0 | S85: 500กระสอบแบน | T85: 45894 | U85: 20000 | V85: 20000 | W85: 0 | X85: 20197 | Y85: 0 | Z85: WSWT2025800SM | AA85: 0 | AB85: 0 | AC85: 0 | AD85: 0 | AE85: 0 | AF85: 0 | AG85: ยังไม่ได้พิมพ์ | AH85: P6 | AI85: 4 | AJ85: 45894 | AK85: 45890 | AL85: 45883 | AM85: 45891 | AN85: 45892 | AO85: 45893 | AP85: 45889 | AQ85: 0 | AR85: 0 | AS85: 0 | AT85: 0 | AU85: 0 | AV85: 0 | AW85: งานเคลือบ+พิมพ์ | AX85: / | AY85: 0 | AZ85: 0 | BA85: 0 | BB85: 0 | BC85: WRWT25850/WRWT25850 | BD85: 0
A86: 45868 | B86: MK68-000952 | C86: บจก.วีซีเอฟ | D86: JET 180 | E86: 20 | F86: 37 | G86: ขาว | H86: ใส | I86: 100 | J86: ± | K86: 5 | L86: ไม่ | M86: ไม่สวมถุงใน | N86: 0 | O86: 0 | P86: 0 | Q86: 0 | R86: 0 | S86: 500กระสอบแบน | T86: 45894 | U86: 5000 | V86: 0 | W86: 5000 | X86: 0 | Y86: 5250 | Z86: WSWT2025800SM | AA86: 5378.45 | AB86: 5378.45 | AC86: 0 | AD86: 0 | AE86: 5378.45 | AF86: 0 | AG86: ยังไม่ได้พิมพ์ | AH86: P6 | AI86: 4 | AJ86: 45894 | AK86: 45890 | AL86: 45883 | AM86: 45891 | AN86: 45892 | AO86: 45893 | AP86: 45889 | AQ86: 0 | AR86: 0 | AS86: 0 | AT86: 0 | AU86: 0 | AV86: 0 | AW86: งานเคลือบ+พิมพ์ | AX86: / | AY86: 0 | AZ86: 0 | BA86: 0 | BB86: 0 | BC86: WRWT25850/WRWT25850 | BD86: 0
A87: 45873 | B87: MK68-000957 | C87: บจก.วีซีเอฟ | D87: JET 405โปรตีน16% | E87: 20 | F87: 37 | G87: ขาว | H87: ใส | I87: 100 | J87: ± | K87: 5 | L87: ไม่ | M87: ไม่สวมถุงใน | N87: 0 | O87: 0 | P87: 0 | Q87: 0 | R87: 0 | S87: 500กระสอบแบน | T87: 45894 | U87: 10000 | V87: 0 | W87: 10000 | X87: 0 | Y87: 10500 | Z87: WSWT2025800SM | AA87: 10756.9 | AB87: 1503 | AC87: 9253.9 | AD87: 0 | AE87: 10756.9 | AF87: 0 | AG87: ยังไม่ได้พิมพ์ | AH87: P6 | AI87: 4 | AJ87: 45894 | AK87: 45890 | AL87: 45883 | AM87: 45891 | AN87: 45892 | AO87: 45893 | AP87: 45889 | AQ87: 0 | AR87: 0 | AS87: 0 | AT87: 0 | AU87: 0 | AV87: 0 | AW87: งานเคลือบ+พิมพ์ | AX87: / | AY87: 0 | AZ87: 0 | BA87: 0 | BB87: 0 | BC87: WRWT25850/WRWT25850 | BD87: 699.18356
A88: 45873 | B88: MK68-000957 | C88: บจก.วีซีเอฟ | D88: JET 405โปรตีน18% | E88: 20 | F88: 37 | G88: ขาว | H88: ใส | I88: 100 | J88: ± | K88: 5 | L88: ไม่ | M88: ไม่สวมถุงใน | N88: 0 | O88: 0 | P88: 0 | Q88: 0 | R88: 0 | S88: 500กระสอบแบน | T88: 45894 | U88: 20000 | V88: 0 | W88: 20000 | X88: 0 | Y88: 21000 | Z88: WSWT2025800SM | AA88: 21513.8 | AB88: 0 | AC88: 21513.8 | AD88: 0 | AE88: 21513.8 | AF88: 0 | AG88: ยังไม่ได้พิมพ์ | AH88: P6 | AI88: 4 | AJ88: 45894 | AK88: 45890 | AL88: 45883 | AM88: 45891 | AN88: 45892 | AO88: 45893 | AP88: 45889 | AQ88: 0 | AR88: 0 | AS88: 0 | AT88: 0 | AU88: 0 | AV88: 0 | AW88: งานเคลือบ+พิมพ์ | AX88: / | AY88: 0 | AZ88: 0 | BA88: 0 | BB88: 0 | BC88: WRWT25850/WRWT25850 | BD88: 1625.4871
A89: 45873 | B89: MK68-000956 | C89: บจก.วีซีเอฟ | D89: R FEED 405A | E89: 20 | F89: 37 | G89: ขาว | H89: ใส | I89: 100 | J89: ± | K89: 5 | L89: ไม่ | M89: ไม่สวมถุงใน | N89: 0 | O89: 0 | P89: 0 | Q89: 0 | R89: 0 | S89: 500กระสอบแบน | T89: 45894 | U89: 10000 | V89: 0 | W89: 10000 | X89: 0 | Y89: 10500 | Z89: WSWT2025800SM | AA89: 10756.9 | AB89: 0 | AC89: 10756.9 | AD89: 0 | AE89: 10756.9 | AF89: 0 | AG89: ยังไม่ได้พิมพ์ | AH89: P6 | AI89: 4 | AJ89: 45894 | AK89: 45890 | AL89: 45883 | AM89: 45891 | AN89: 45892 | AO89: 45893 | AP89: 45889 | AQ89: 0 | AR89: 0 | AS89: 0 | AT89: 0 | AU89: 0 | AV89: 0 | AW89: งานเคลือบ+พิมพ์ | AX89: / | AY89: 0 | AZ89: 0 | BA89: 0 | BB89: 0 | BC89: WRWT25850/WRWT25850 | BD89: 812.74356
A90: 45873 | B90: MK68-000956 | C90: บจก.วีซีเอฟ | D90: SPEED PLUS 999 ENG | E90: 20 | F90: 37 | G90: ขาว | H90: ใส | I90: 100 | J90: ± | K90: 5 | L90: ไม่ | M90: ไม่สวมถุงใน | N90: 0 | O90: 0 | P90: 0 | Q90: 0 | R90: 0 | S90: 500กระสอบแบน | T90: 45894 | U90: 5000 | V90: 0 | W90: 5000 | X90: 0 | Y90: 5250 | Z90: WSWT2025800SM | AA90: 5378.45 | AB90: 0 | AC90: 5378.45 | AD90: 0 | AE90: 5378.45 | AF90: 0 | AG90: พร้อมส่ง | AH90: P6 | AI90: 4 | AJ90: 45894 | AK90: 45890 | AL90: 45883 | AM90: 45891 | AN90: 45892 | AO90: 45893 | AP90: 45889 | AQ90: 0 | AR90: 0 | AS90: 0 | AT90: 0 | AU90: 0 | AV90: 0 | AW90: งานเคลือบ+พิมพ์ | AX90: / | AY90: 0 | AZ90: 0 | BA90: 0 | BB90: 0 | BC90: WRWT25850/WRWT25850 | BD90: 406.37178
A91: 45874 | B91: ใบรับคำสั่งซื้อ | C91: บจก.อินเทคค์ โกลบอล | D91: เพอเฟคค์ 912 | E91: 20 | F91: 36 | G91: ขาว | H91: ด้าน | I91: 100 | J91: ± | K91: 5 | L91: จับจีบ | M91: ไม่สวมถุงใน | N91: 0 | O91: 0 | P91: 0 | Q91: 0 | R91: 0 | S91: มัด80 ใช้สายรัด | T91: 45888 | U91: 10000 | V91: 0 | W91: 10000 | X91: 0 | Y91: 10500 | Z91: WSWT2025800SM | AA91: 10477.5 | AB91: 0 | AC91: 10477.5 | AD91: 0 | AE91: 10477.5 | AF91: 0 | AG91: ยังไม่ได้พิมพ์ | AH91: P6 | AI91: 4 | AJ91: 45888 | AK91: 45884 | AL91: 45877 | AM91: 45885 | AN91: 45886 | AO91: 45887 | AP91: 45883 | AQ91: 0 | AR91: 0 | AS91: 0 | AT91: 0 | AU91: 0 | AV91: 0 | AW91: งานเคลือบ+พิมพ์ | AX91: รอART | AY91: 0 | AZ91: 0 | BA91: 0 | BB91: 0 | BC91: WRWT25850/WRWT25850 | BD91: 791.63333
... A95: 45827 | B95: MK68-000810 | C95: บจก.อินเทคค์ โกลบอล | D95: เฟิร์สคลาส 912 | E95: 20 | F95: 35 | G95: ขาว | H95: ด้าน | I95: 97 | J95: ± | K95: 5 | L95: จับจีบ4" | M95: ไม่สวมถุงใน | N95: 0 | O95: 0 | P95: 0 | Q95: 0 | R95: 0 | S95: มัด80 ใช้สายรัด | T95: 45887 | U95: 455 | V95: 0 | W95: 455 | X95: 0 | Y95: 477.75 | Z95: WSWT2025800SM | AA95: 464.01355 | AB95: 0 | AC95: 464.01355 | AD95: 0 | AE95: 464.01355 | AF95: 0 | AG95: ยังไม่ได้พิมพ์ | AH95: P6 | AI95: 4 | AJ95: 45887 | AK95: 45883 | AL95: 45876 | AM95: 45884 | AN95: 45885 | AO95: 45886 | AP95: 45882 | AQ95: 0 | AR95: 0 | AS95: 0 | AT95: 0 | AU95: 0 | AV95: 0 | AW95: งานเคลือบ+พิมพ์ | AX95: / | AY95: 0 | AZ95: 0 | BA95: 0 | BB95: 0 | BC95: WRWT25850/WRWT25850 | BD95: 35.058802
A96: 45873 | B96: MK68-000960 | C96: บจก.เอพีเอ็ม อะโกร | D96: U-FEED U4(เอส) | E96: 20 | F96: 38 | G96: ขาว | H96: ใส | I96: 100 | J96: ± | K96: 5 | L96: บิด | M96: ไม่สวมถุงใน | N96: 0 | O96: 0 | P96: 0 | Q96: 0 | R96: 0 | S96: 500กระสอบแบน | T96: รอแจ้ง | U96: 4000 | V96: 0 | W96: 4000 | X96: 0 | Y96: 4200 | Z96: WSWT2025800SM | AA96: 4414.52 | AB96: 0 | AC96: 4414.52 | AD96: 0 | AE96: 4414.52 | AF96: ห้ามเกิน-ขาดได้5% | AG96: ยังไม่ได้พิมพ์ | AH96: P6 | AI96: 4 | AJ96: รอแจ้ง | AK96: #VALUE! | AL96: #VALUE! | AM96: #VALUE! | AN96: #VALUE! | AO96: #VALUE! | AP96: #VALUE! | AQ96: 0 | AR96: 0 | AS96: 0 | AT96: 0 | AU96: 0 | AV96: 0 | AW96: งานเคลือบ+พิมพ์ | AX96: / | AY96: 0 | AZ96: 0 | BA96: 0 | BB96: 0 | BC96: WRWT25850/WRWT25850 | BD96: 333.54151
A97: 45873 | B97: MK68-000961 | C97: บจก.เอพีเอ็ม อะโกร | D97: U-FEED U2(เอส) | E97: 20 | F97: 38 | G97: ขาว | H97: ใส | I97: 100 | J97: ± | K97: 5 | L97: บิด | M97: ไม่สวมถุงใน | N97: 0 | O97: 0 | P97: 0 | Q97: 0 | R97: 0 | S97: 500กระสอบแบน | T97: รอแจ้ง | U97: 4000 | V97: 0 | W97: 4000 | X97: 0 | Y97: 4200 | Z97: WSWT2025800SM | AA97: 4414.52 | AB97: 0 | AC97: 4414.52 | AD97: 0 | AE97: 4414.52 | AF97: ห้ามเกิน-ขาดได้5% | AG97: รอแบบ | AH97: P6 | AI97: 4 | AJ97: รอแจ้ง | AK97: #VALUE! | AL97: #VALUE! | AM97: #VALUE! | AN97: #VALUE! | AO97: #VALUE! | AP97: #VALUE! | AQ97: 0 | AR97: 0 | AS97: 0 | AT97: 0 | AU97: 0 | AV97: 0 | AW97: งานเคลือบ+พิมพ์ | AX97: / | AY97: 0 | AZ97: 0 | BA97: 0 | BB97: 0 | BC97: WRWT25850/WRWT25850 | BD97: 333.54151
A98: 45873 | B98: MK68-000963 | C98: บจก.เอพีเอ็ม อะโกร | D98: ยู-ฟีด ดี3 | E98: 20 | F98: 38 | G98: ขาว | H98: ใส | I98: 100 | J98: ± | K98: 5 | L98: บิด | M98: ไม่สวมถุงใน | N98: 0 | O98: 0 | P98: 0 | Q98: 0 | R98: 0 | S98: 500กระสอบแบน | T98: รอแจ้ง | U98: 4000 | V98: 0 | W98: 4000 | X98: 0 | Y98: 4200 | Z98: WSWT2025800SM | AA98: 4414.52 | AB98: 0 | AC98: 4414.52 | AD98: 0 | AE98: 4414.52 | AF98: ห้ามเกิน-ขาดได้5% | AG98: รอแบบ | AH98: P6 | AI98: 4 | AJ98: รอแจ้ง | AK98: #VALUE! | AL98: #VALUE! | AM98: #VALUE! | AN98: #VALUE! | AO98: #VALUE! | AP98: #VALUE! | AQ98: 0 | AR98: 0 | AS98: 0 | AT98: 0 | AU98: 0 | AV98: 0 | AW98: งานเคลือบ+พิมพ์ | AX98: / | AY98: 0 | AZ98: 0 | BA98: 0 | BB98: 0 | BC98: WRWT25850/WRWT25850 | BD98: 333.54151
A99: 45873 | B99: MK68-000962 | C99: บจก.เอพีเอ็ม อะโกร | D99: SPM190 GOAL | E99: 20 | F99: 38 | G99: ขาว | H99: ใส | I99: 100 | J99: ± | K99: 5 | L99: บิด | M99: ไม่สวมถุงใน | N99: 0 | O99: 0 | P99: 0 | Q99: 0 | R99: 0 | S99: 500กระสอบแบน | T99: รอแจ้ง | U99: 4000 | V99: 0 | W99: 4000 | X99: 0 | Y99: 4200 | Z99: WSWT2025800SM | AA99: 4414.52 | AB99: 0 | AC99: 4414.52 | AD99: 0 | AE99: 4414.52 | AF99: ห้ามเกิน-ขาดได้5% | AG99: รอแบบ | AH99: P6 | AI99: 4 | AJ99: รอแจ้ง | AK99: #VALUE! | AL99: #VALUE! | AM99: #VALUE! | AN99: #VALUE! | AO99: #VALUE! | AP99: #VALUE! | AQ99: 0 | AR99: 0 | AS99: 0 | AT99: 0 | AU99: 0 | AV99: 0 | AW99: งานเคลือบ+พิมพ์ | AX99: / | AY99: 0 | AZ99: 0 | BA99: 0 | BB99: 0 | BC99: WRWT25850/WRWT25850 | BD99: 333.54151
A100: ประมาณการ | B100: ประมาณการ | C100: บจก.อินเทคค์ โกลบอล | D100: รอแบบ | E100: 20 | F100: 36 | G100: ขาว | H100: ด้าน | I100: 100 | J100: ± | K100: 5 | L100: จับจีบ | M100: ไม่สวมถุงใน | N100: 0 | O100: 0 | P100: 0 | Q100: 0 | R100: 0 | S100: มัด80 ใช้สายรัด | T100: 45899 | U100: 100000 | V100: 0 | W100: 100000 | X100: 0 | Y100: 105000 | Z100: WSWT2025800SM | AA100: 104775 | AB100: 0 | AC100: 104775 | AD100: 0 | AE100: 104775 | AF100: 0 | AG100: รอแบบ | AH100: P6 | AI100: 4 | AJ100: 45899 | AK100: 45895 | AL100: 45888 | AM100: 45896 | AN100: 45897 | AO100: 45898 | AP100: 45894 | AQ100: 0 | AR100: 0 | AS100: 0 | AT100: 0 | AU100: 0 | AV100: 0 | AW100: งานเคลือบ+พิมพ์ | AX100: รอART | AY100: 0 | AZ100: 0 | BA100: 0 | BB100: 0 | BC100: WRWT25850/WRWT25850 | BD100: 7916.3333
A101: ประมาณการ | B101: ประมาณการ | C101: บจก.เอสพีเอ็ม อาหารสัตว์ | D101: รอแบบ | E101: 20 | F101: 38 | G101: ขาว | H101: ใส | I101: 100 | J101: ± | K101: 5 | L101: บิด | M101: ไม่สวมถุงใน | N101: 0 | O101: 0 | P101: 0 | Q101: 0 | R101: 0 | S101: 500กระสอบแบน | T101: 45899 | U101: 20000 | V101: 0 | W101: 20000 | X101: 0 | Y101: 21000 | Z101: WSWT2025800SM | AA101: 22072.6 | AB101: 0 | AC101: 22072.6 | AD101: 0 | AE101: 22072.6 | AF101: 0 | AG101: พร้อมส่ง | AH101: P6 | AI101: 4 | AJ101: 45899 | AK101: 45895 | AL101: 45888 | AM101: 45896 | AN101: 45897 | AO101: 45898 | AP101: 45894 | AQ101: 0 | AR101: 0 | AS101: 0 | AT101: 0 | AU101: 0 | AV101: 0 | AW101: งานเคลือบ+พิมพ์ | AX101: รอART | AY101: 0 | AZ101: 0 | BA101: 0 | BB101: 0 | BC101: WRWT25850/WRWT25850 | BD101: 1667.7076
A102: ประมาณการ | B102: ประมาณการ | C102: บจก.ไทยธรรมดี | D102: รอแบบ | E102: 20 | F102: 37 | G102: ขาว | H102: ด้าน | I102: 97 | J102: ± | K102: 5 | L102: บิด | M102: ไม่สวมถุงใน | N102: 0 | O102: 0 | P102: 0 | Q102: 0 | R102: 0 | S102: 500กระสอบ | T102: 45899 | U102: 20000 | V102: 0 | W102: 20000 | X102: 0 | Y102: 21000 | Z102: WSWT2025800SM | AA102: 21513.8 | AB102: 0 | AC102: 21513.8 | AD102: 0 | AE102: 21513.8 | AF102: 0 | AG102: พร้อมส่ง | AH102: P6 | AI102: 4 | AJ102: 45899 | AK102: 45895 | AL102: 45888 | AM102: 45896 | AN102: 45897 | AO102: 45898 | AP102: 45894 | AQ102: 0 | AR102: 0 | AS102: 0 | AT102: 0 | AU102: 0 | AV102: 0 | AW102: งานเคลือบ+พิมพ์ | AX102: รอART | AY102: 0 | AZ102: 0 | BA102: 0 | BB102: 0 | BC102: WRWT25850/WRWT25850 | BD102: 1625.4871
A103: ประมาณการ | B103: ประมาณการ | C103: บจก.ซันฟีด | D103: รอแบบ | E103: 20 | F103: 38 | G103: ขาว | H103: ด้าน | I103: 100 | J103: + | K103: 0 | L103: บิด | M103: ไม่สวมถุงใน | N103: 0 | O103: 0 | P103: 0 | Q103: 0 | R103: 0 | S103: 300กระสอบแบนเต็มใบ | T103: รอแจ้ง | U103: 100000 | V103: 0 | W103: 100000 | X103: 0 | Y103: 105000 | Z103: WSWT2025800SM | AA103: 110363 | AB103: 0 | AC103: 110363 | AD103: 0 | AE103: 110363 | AF103: 0 | AG103: รอตัด | AH103: P6 | AI103: 4 | AJ103: รอแจ้ง | AK103: #VALUE! | AL103: #VALUE! | AM103: #VALUE! | AN103: #VALUE! | AO103: #VALUE! | AP103: #VALUE! | AQ103: 0 | AR103: 0 | AS103: 0 | AT103: 0 | AU103: 0 | AV103: 0 | AW103: งานเคลือบ+พิมพ์ | AX103: รอART | AY103: 0 | AZ103: 0 | BA103: 0 | BB103: 0 | BC103: WRWT25850/WRWT25850 | BD103: 8338.5378
A104: 45825 | B104: MK68-000796 | C104: บจก.อินเทคค์ โกลบอล | D104: เฟิร์สช้อย 911 | E104: 20 | F104: 36 | G104: ขาว | H104: ด้าน | I104: 100 | J104: ± | K104: 5 | L104: จับจีบ4" | M104: ไม่สวมถุงใน | N104: 0 | O104: 0 | P104: 0 | Q104: 0 | R104: 0 | S104: มัด80 ใช้สายรัด | T104: รอแจ้ง | U104: 127 | V104: 0 | W104: 127 | X104: 6000 | Y104: 0 | Z104: WSWT2025800SM | AA104: 0 | AB104: 0 | AC104: 0 | AD104: 0 | AE104: 0 | AF104: 0 | AG104: พร้อมส่ง | AH104: P6 | AI104: 4 | AJ104: รอแจ้ง | AK104: #VALUE! | AL104: #VALUE! | AM104: #VALUE! | AN104: #VALUE! | AO104: #VALUE! | AP104: #VALUE! | AQ104: 0 | AR104: 0 | AS104: 0 | AT104: 0 | AU104: 0 | AV104: 0 | AW104: งานเคลือบ+พิมพ์ | AX104: / | AY104: 0 | AZ104: 0 | BA104: 0 | BB104: 0 | BC104: WRWT25850/WRWT25850 | BD104: 0
A105: 45825 | B105: MK68-000801 | C105: บจก.อินเทคค์ โกลบอล | D105: สุบรรณ 111 | E105: 20 | F105: 36 | G105: ขาว | H105: ด้าน | I105: 100 | J105: ± | K105: 5 | L105: จับจีบ3.5" | M105: ไม่สวมถุงใน | N105: 0 | O105: 0 | P105: 0 | Q105: 0 | R105: 0 | S105: มัด80 ใช้สายรัด | T105: รอแจ้ง | U105: 894 | V105: 525 | W105: 369 | X105: 6000 | Y105: 0 | Z105: WSWT2025800SM | AA105: 0 | AB105: 0 | AC105: 0 | AD105: 0 | AE105: 0 | AF105: 0 | AG105: พร้อมส่ง | AH105: P6 | AI105: 4 | AJ105: รอแจ้ง | AK105: #VALUE! | AL105: #VALUE! | AM105: #VALUE! | AN105: #VALUE! | AO105: #VALUE! | AP105: #VALUE! | AQ105: 0 | AR105: 0 | AS105: 0 | AT105: 0 | AU105: 0 | AV105: 0 | AW105: งานเคลือบ+พิมพ์ | AX105: / | AY105: 0 | AZ105: 0 | BA105: 0 | BB105: 0 | BC105: WRWT25850/WRWT25850 | BD105: 0
A106: 45796 | B106: MK68-000675 | C106: บจก.อินเทคค์ โกลบอล | D106: เพอเฟคค์ 914 | E106: 20 | F106: 36 | G106: ขาว | H106: ด้าน | I106: 100 | J106: ± | K106: 5 | L106: จับจีบ | M106: ไม่สวมถุงใน | N106: 0 | O106: 0 | P106: 0 | Q106: 0 | R106: 0 | S106: มัด80 ใช้สายรัด | T106: รอแจ้ง | U106: 3360 | V106: 0 | W106: 3360 | X106: 35200 | Y106: 0 | Z106: WSWT2025800SM | AA106: 0 | AB106: 0 | AC106: 0 | AD106: 0 | AE106: 0 | AF106: 0 | AG106: รอตัด | AH106: P6 | AI106: 4 | AJ106: รอแจ้ง | AK106: #VALUE! | AL106: #VALUE! | AM106: #VALUE! | AN106: #VALUE! | AO106: #VALUE! | AP106: #VALUE! | AQ106: 0 | AR106: 0 | AS106: 0 | AT106: 0 | AU106: 0 | AV106: 0 | AW106: งานเคลือบ+พิมพ์ | AX106: / | AY106: 2/6---6/6 | AZ106: 0 | BA106: 0 | BB106: 0 | BC106: WRWT25850/WRWT25850 | BD106: 0
A107: 45796 | B107: MK68-000671 | C107: บจก.อินเทคค์ โกลบอล | D107: เฟิร์สช้อย 902 | E107: 20 | F107: 36 | G107: ขาว | H107: ด้าน | I107: 100 | J107: ± | K107: 5 | L107: จับจีบ | M107: ไม่สวมถุงใน | N107: 0 | O107: 0 | P107: 0 | Q107: 0 | R107: 0 | S107: มัด80 ใช้สายรัด | T107: รอแจ้ง | U107: 366 | V107: 0 | W107: 366 | X107: 5113 | Y107: 0 | Z107: WSWT2025800SM | AA107: 0 | AB107: 0 | AC107: 0 | AD107: 0 | AE107: 0 | AF107: 0 | AG107: ยังไม่ได้พิมพ์ | AH107: P6 | AI107: 4 | AJ107: รอแจ้ง | AK107: #VALUE! | AL107: #VALUE! | AM107: #VALUE! | AN107: #VALUE! | AO107: #VALUE! | AP107: #VALUE! | AQ107: 0 | AR107: 0 | AS107: 0 | AT107: 0 | AU107: 0 | AV107: 0 | AW107: งานเคลือบ+พิมพ์ | AX107: / | AY107: 0 | AZ107: 0 | BA107: 0 | BB107: 0 | BC107: WRWT25850/WRWT25850 | BD107: 0
A108: 45796 | B108: MK68-000673 | C108: บจก.อินเทคค์ โกลบอล | D108: เพอเฟคค์ 902 | E108: 20 | F108: 36 | G108: ขาว | H108: ด้าน | I108: 100 | J108: ± | K108: 5 | L108: จับจีบ | M108: ไม่สวมถุงใน | N108: 0 | O108: 0 | P108: 0 | Q108: 0 | R108: 0 | S108: มัด80 ใช้สายรัด | T108: รอแจ้ง | U108: 302 | V108: 0 | W108: 302 | X108: 5300 | Y108: 0 | Z108: WSWT2025800SM | AA108: 0 | AB108: 0 | AC108: 0 | AD108: 0 | AE108: 0 | AF108: 0 | AG108: ยังไม่ได้พิมพ์ | AH108: P6 | AI108: 4 | AJ108: รอแจ้ง | AK108: #VALUE! | AL108: #VALUE! | AM108: #VALUE! | AN108: #VALUE! | AO108: #VALUE! | AP108: #VALUE! | AQ108: 0 | AR108: 0 | AS108: 0 | AT108: 0 | AU108: 0 | AV108: 0 | AW108: งานเคลือบ+พิมพ์ | AX108: / | AY108: 0 | AZ108: 0 | BA108: 0 | BB108: 0 | BC108: WRWT25850/WRWT25850 | BD108: 0
A109: 45796 | B109: MK68-000674 | C109: บจก.อินเทคค์ โกลบอล | D109: เพอเฟคค์ 913 | E109: 20 | F109: 36 | G109: ขาว | H109: ด้าน | I109: 100 | J109: ± | K109: 5 | L109: จับจีบ | M109: ไม่สวมถุงใน | N109: 0 | O109: 0 | P109: 0 | Q109: 0 | R109: 0 | S109: มัด80 ใช้สายรัด | T109: รอแจ้ง | U109: 1200 | V109: 0 | W109: 1200 | X109: 10700 | Y109: 0 | Z109: WSWT2025800SM | AA109: 0 | AB109: 0 | AC109: 0 | AD109: 0 | AE109: 0 | AF109: 0 | AG109: พร้อมส่ง | AH109: P6 | AI109: 4 | AJ109: รอแจ้ง | AK109: #VALUE! | AL109: #VALUE! | AM109: #VALUE! | AN109: #VALUE! | AO109: #VALUE! | AP109: #VALUE! | AQ109: 0 | AR109: 0 | AS109: 0 | AT109: 0 | AU109: 0 | AV109: 0 | AW109: งานเคลือบ+พิมพ์ | AX109: / | AY109: 0 | AZ109: 0 | BA109: 0 | BB109: 0 | BC109: WRWT25850/WRWT25850 | BD109: 0
A110: 45850 | B110: MK68-000877 | C110: บจก.เอพีเอ็ม อะโกร | D110: ยู-ฟีด รวมหมู | E110: 20 | F110: 38 | G110: ขาว | H110: ใส | I110: 100 | J110: ± | K110: 5 | L110: บิด | M110: ไม่สวมถุงใน | N110: 0 | O110: 0 | P110: 0 | Q110: 0 | R110: 0 | S110: 500กระสอบแบน | T110: รอแจ้ง | U110: 3000 | V110: 0 | W110: 3000 | X110: 0 | Y110: 3150 | Z110: WSWT2025800SM | AA110: 3310.89 | AB110: 0 | AC110: 3310.89 | AD110: 0 | AE110: 3310.89 | AF110: 0 | AG110: ยังไม่ได้พิมพ์ | AH110: P6 | AI110: 4 | AJ110: รอแจ้ง | AK110: #VALUE! | AL110: #VALUE! | AM110: #VALUE! | AN110: #VALUE! | AO110: #VALUE! | AP110: #VALUE! | AQ110: 0 | AR110: 0 | AS110: 0 | AT110: 0 | AU110: 0 | AV110: 0 | AW110: งานเคลือบ+พิมพ์ | AX110: / | AY110: 0 | AZ110: 0 | BA110: 0 | BB110: 0 | BC110: WRWT25850/WRWT25850 | BD110: 250.15613
A111: 45782 | B111: MK68-000609 | C111: บจก.เอสพีเอ็ม อาหารสัตว์ | D111: SW 441 | E111: 20 | F111: 38 | G111: ขาว | H111: ใส | I111: 100 | J111: ± | K111: 5 | L111: บิด | M111: ไม่สวมถุงใน | N111: 0 | O111: 0 | P111: 0 | Q111: 0 | R111: 0 | S111: 500กระสอบแบน | T111: รอแจ้ง | U111: 10000 | V111: 0 | W111: 10000 | X111: 0 | Y111: 10500 | Z111: WSWT2025800SM | AA111: 11036.3 | AB111: 0 | AC111: 11036.3 | AD111: 0 | AE111: 11036.3 | AF111: 0 | AG111: ยังไม่ได้พิมพ์ | AH111: P6 | AI111: 4 | AJ111: รอแจ้ง | AK111: #VALUE! | AL111: #VALUE! | AM111: #VALUE! | AN111: #VALUE! | AO111: #VALUE! | AP111: #VALUE! | AQ111: 0 | AR111: 0 | AS111: 0 | AT111: 0 | AU111: 0 | AV111: 0 | AW111: งานเคลือบ+พิมพ์ | AX111: / | AY111: 0 | AZ111: 0 | BA111: 0 | BB111: 0 | BC111: WRWT25850/WRWT25850 | BD111: 833.85378
A112: 45799 | B112: MK68-000694 | C112: บจก.เอ.เจ.ฟาร์ม่าแล็บ | D112: เบส-มิน | E112: 20 | F112: 34 | G112: ขาว | H112: ใส | I112: 95 | J112: ± | K112: 5 | L112: จับจีบ | M112: ไม่สวมถุงใน | N112: 0 | O112: 0 | P112: 0 | Q112: 0 | R112: 0 | S112: 500กระสอบ | T112: รอส่ง | U112: 4000 | V112: 3840 | W112: 160 | X112: 8450 | Y112: 0 | Z112: WSWT2025800SM | AA112: 0 | AB112: 0 | AC112: 0 | AD112: 0 | AE112: 0 | AF112: ห้ามขาด-ห้ามเกิน | AG112: พร้อมส่ง | AH112: P6 | AI112: 4 | AJ112: รอส่ง | AK112: #VALUE! | AL112: #VALUE! | AM112: #VALUE! | AN112: #VALUE! | AO112: #VALUE! | AP112: #VALUE! | AQ112: 0 | AR112: 0 | AS112: 0 | AT112: 0 | AU112: 0 | AV112: 0 | AW112: งานเคลือบ+พิมพ์ | AX112: / | AY112: 0 | AZ112: 0 | BA112: 0 | BB112: 0 | BC112: WRWT25850/WRWT25850 | BD112: 0
A113: 45850 | B113: MK68-000879 | C113: บจก.เอพีเอ็ม อะโกร | D113: ฟีล กู๊ด พี6 | E113: 20 | F113: 38 | G113: ขาว | H113: ใส | I113: 100 | J113: ± | K113: 5 | L113: บิด | M113: ไม่สวมถุงใน | N113: 0 | O113: 0 | P113: 0 | Q113: 0 | R113: 0 | S113: 500กระสอบแบน | T113: รอแจ้ง | U113: 4000 | V113: 0 | W113: 4000 | X113: 0 | Y113: 4200 | Z113: WSWT2025800SM | AA113: 4414.52 | AB113: 0 | AC113: 4414.52 | AD113: 0 | AE113: 4414.52 | AF113: 0 | AG113: พร้อมส่ง | AH113: P6 | AI113: 4 | AJ113: รอแจ้ง | AK113: #VALUE! | AL113: #VALUE! | AM113: #VALUE! | AN113: #VALUE! | AO113: #VALUE! | AP113: #VALUE! | AQ113: 0 | AR113: 0 | AS113: 0 | AT113: 0 | AU113: 0 | AV113: 0 | AW113: งานเคลือบ+พิมพ์ | AX113: / | AY113: 0 | AZ113: 0 | BA113: 0 | BB113: 0 | BC113: WRWT25850/WRWT25850 | BD113: 333.54151
A114: 45798 | B114: MK68-000693 | C114: บจก.เอพีเอ็ม อะโกร | D114: ฟีล กู๊ด พี07 | E114: 20 | F114: 38 | G114: ขาว | H114: ใส | I114: 100 | J114: ± | K114: 5 | L114: บิด | M114: ไม่สวมถุงใน | N114: 0 | O114: 0 | P114: 0 | Q114: 0 | R114: 0 | S114: 500กระสอบแบน | T114: รอแจ้ง | U114: 5000 | V114: 0 | W114: 5000 | X114: 0 | Y114: 5250 | Z114: WSWT2025800SM | AA114: 5518.15 | AB114: 0 | AC114: 5518.15 | AD114: 0 | AE114: 5518.15 | AF114: 0 | AG114: รอตัด | AH114: P6 | AI114: 4 | AJ114: รอแจ้ง | AK114: #VALUE! | AL114: #VALUE! | AM114: #VALUE! | AN114: #VALUE! | AO114: #VALUE! | AP114: #VALUE! | AQ114: 0 | AR114: 0 | AS114: 0 | AT114: 0 | AU114: 0 | AV114: 0 | AW114: งานเคลือบ+พิมพ์ | AX114: / | AY114: 0 | AZ114: 0 | BA114: 0 | BB114: 0 | BC114: WRWT25850/WRWT25850 | BD114: 416.92689
A115: 45674 | B115: MK68-000093 | C115: บจก.อินเทคค์ โกลบอล | D115: เฟิร์สคลาส 902 | E115: 20 | F115: 35 | G115: ขาว | H115: ด้าน | I115: 97 | J115: ± | K115: 5 | L115: จับจีบ4" | M115: ไม่สวมถุงใน | N115: 0 | O115: 0 | P115: 0 | Q115: 0 | R115: 0 | S115: มัด80 ใช้สายรัด | T115: รอแจ้ง | U115: 152 | V115: 0 | W115: 152 | X115: 6000 | Y115: 0 | Z115: WSWT2025800SM | AA115: 0 | AB115: 0 | AC115: 0 | AD115: 0 | AE115: 0 | AF115: 5987 | AG115: พร้อมส่ง | AH115: P6 | AI115: 4 | AJ115: รอแจ้ง | AK115: #VALUE! | AL115: #VALUE! | AM115: #VALUE! | AN115: #VALUE! | AO115: #VALUE! | AP115: #VALUE! | AQ115: 0 | AR115: 0 | AS115: 0 | AT115: 0 | AU115: 0 | AV115: 0 | AW115: งานเคลือบ+พิมพ์ | AX115: / | AY115: ลบสี 5040 | AZ115: 0 | BA115: 0 | BB115: 0 | BC115: WRWT25850/WRWT25850 | BD115: 0
A116: 45611 | B116: MK67-001532 | C116: บจก.อินเทคค์ โกลบอล | D116: เฟิร์สช้อย 903 | E116: 20 | F116: 36 | G116: ขาว | H116: ด้าน | I116: 100 | J116: ± | K116: 5 | L116: จับจีบ | M116: ไม่สวมถุงใน | N116: 0 | O116: 0 | P116: 0 | Q116: 0 | R116: 0 | S116: มัด80 ใช้สายรัด | T116: รอแจ้ง | U116: 117 | V116: 0 | W116: 117 | X116: 10065 | Y116: 0 | Z116: WSWT2025800SM | AA116: 0 | AB116: 0 | AC116: 0 | AD116: 0 | AE116: 0 | AF116: 0 | AG116: พร้อมส่ง | AH116: P6 | AI116: 4 | AJ116: รอแจ้ง | AK116: #VALUE! | AL116: #VALUE! | AM116: #VALUE! | AN116: #VALUE! | AO116: #VALUE! | AP116: #VALUE! | AQ116: 0 | AR116: 0 | AS116: 0 | AT116: 0 | AU116: 0 | AV116: 0 | AW116: งานเคลือบ+พิมพ์ | AX116: / | AY116: 0 | AZ116: 0 | BA116: 0 | BB116: 0 | BC116: WRWT25850/WRWT25850 | BD116: 0
...

Sheet 5-8-68
B2: เรียงกำหนดส่ง | D2: ลบ 0 | T2: เรียง 1
B3: ข้อมูลUpdate ณ. วันที่ | D3: 45874 | E3: เวลา | G3: 11.12
A4: วันรับออร์เดอร์/แบบ | B4: เลขที่ SO | C4: ชื่อลูกค้า | E4: 10.3 | I4: น้ำหนัก | L4: บิด/จับจีบ | M4: ถุงใน | Q4: 44873 | S4: วิธีบรรจุ | T4: วันส่ง | U4: จำนวนส่ง | V4: ตัดเย็บ (ใบ) | W4: 44873 | X4: พิมพ์ (ใบ) | Y4: 44876 | Z4: ผ้าทอ (เมตร) Updateณ | AB4: 44876 | AD4: ผ้าเคลือบ(เมตร) | AF4: หมายเหตุ | AG4: เครื่อง
B5: เลขที่ SO | C5: ชื่อลูกค้า | D5: ตรา | E5: กว้าง | F5: ยาว | G5: สี | H5: เคลือบ | I5: กรัม/ใบ | J5: * | K5: aw | L5: บิด/จับจีบ | M5: กว้าง | N5: ยาว | O5: หนา | P5: ใช้(กก.) | Q5: Stock(กก.) | R5: ผลิต(กก.) | S5: วิธีบรรจุ | T5: วันส่ง | U5: จำนวนส่ง | V5: StockFG | W5: ค้างตัด | X5: พิมพ์แล้ว | Y5: ค้างพิมพ์ | Z5: ประเภท | AA5: ใช้ | AB5: Stock | AC5: ค้างทอ | AD5: Stock | AE5: ค้างเคลือบ | AF5: หมายเหตุ | AG5: ที่พิมพ์ได้ | AH5: process | AI5: Lead time | AJ5: วันที่ส่งPL | AK5: เคลือบ | AL5: ได้ ART | AM5: พิมพ์ | AN5: จีบ-บิด | AO5: ตัด-เย็บ | AP5: ทอ | AQ5: สวมถุง | AR5: เย็บปาก | AS5: PT | AT5: ม้วน | AU5: ตัด | AV5: ตอกตาไก่ | AW5: GROUP | AX5: ART | AY5: หมายเหตุปัญหา | AZ5: ราคา/ใบ | BA5: ราคารวม | BB5: workweek | BC5: เส้นเทป | BD5: จำนวน
A6: 45868 | B6: MK68-000933 | C6: บจก.มารีน ลีดเดอร์ | D6: ไม่พิมพ์ | E6: 14 | F6: 22 | G6: ขาว | H6: ใส | I6: 42 | J6: ± | K6: 5 | L6: ไม่ | M6: 15 | N6: 24 | O6: 40 | P6: 71.052245 | Q6: 0 | R6: 71.052245 | S6: 500กระสอบแบน | T6: 45882 | U6: 8000 | V6: 0 | W6: 8000 | X6: 0 | Y6: 0 | Z6: WSWT1425800 | AA6: 5252.72 | AB6: 5252.72 | AC6: 0 | AD6: 0 | AE6: 5252.72 | AF6: 0 | AG6: พร้อมส่ง | AH6: P9 | AI6: 3 | AJ6: 45882 | AK6: 45878 | AL6: 0 | AM6: 0 | AN6: 0 | AO6: 45879 | AP6: 45877 | AQ6: 45880 | AR6: 0 | AS6: 0 | AT6: 0 | AU6: 0 | AV6: 0 | AW6: งานเคลือบ+ตัด | AX6: 0 | AY6: 0 | AZ6: 0 | BA6: 0 | BB6: 0 | BC6: WRWT25800/WRWT25800 | BD6: 0
A7: 45860 | B7: MK68-000920 | C7: หจก.ปึงเป้งน้ำ | D7: เกลือตรามือ 10กก. | E7: 14 | F7: 22 | G7: ขาว | H7: ใส | I7: 42 | J7: ± | K7: 5 | L7: ไม่ | M7: ไม่สวมถุงใน | N7: 0 | O7: 0 | P7: 0 | Q7: 0 | R7: 0 | S7: 500กระสอบแบน | T7: 45884 | U7: 10000 | V7: 0 | W7: 10000 | X7: 0 | Y7: 10500 | Z7: WSWT1425800 | AA7: 6565.9 | AB7: 6565.9 | AC7: 0 | AD7: 0 | AE7: 6565.9 | AF7: 0 | AG7: ยังไม่ได้พิมพ์ | AH7: P6 | AI7: 4 | AJ7: 45884 | AK7: 45880 | AL7: 45873 | AM7: 45881 | AN7: 45882 | AO7: 45883 | AP7: 45879 | AQ7: 0 | AR7: 0 | AS7: 0 | AT7: 0 | AU7: 0 | AV7: 0 | AW7: งานเคลือบ+พิมพ์ | AX7: / | AY7: 0 | AZ7: 0 | BA7: 0 | BB7: 0 | BC7: WRWT25800/WRWT25800 | BD7: 0
A8: 0 | B8: 0 | C8: 0 | D8: 0 | E8: 14 | F8: 22 | G8: ขาว | H8: 0 | I8: 36 | J8: ± | K8: 5 | L8: 0 | M8: 0 | N8: 0 | O8: 0 | P8: 0 | Q8: 0 | R8: 0 | S8: 0 | U8: 0 | V8: 0 | W8: 0 | X8: 0 | Y8: 0 | Z8: WSWT1425800 | AA8: 11818.62 | AB8: 11818.62 | AC8: 0 | AD8: 0 | AE8: 11818.62 | AF8: ระบุในSD | AG8: พร้อมส่ง | AH8: 0 | AI8: Lead time | AJ8: 0 | AK8: 0 | AL8: 0 | AM8: 0 | AN8: 0 | AO8: 0 | AP8: 0 | AQ8: 0 | AR8: 0 | AS8: 0 | AT8: 0 | AU8: 0 | AV8: 0 | AW8: 0 | AX8: 0 | AY8: 0 | AZ8: 0 | BA8: 0 | BB8: 0 | BC8: WRWT140800/WRWT25800 | BD8: 0
A9: 45842 | B9: MK68-000868 | C9: พีมินเนอร์ | D9: พี-มินเนอร์ นิวพลัส | E9: 16 | F9: 28 | G9: ขาว | H9: ใส | I9: 56 | J9: ± | K9: 5 | L9: ไม่ | M9: 19 | N9: 31 | O9: 40 | P9: 1.1334313 | Q9: 0 | R9: 1.1334313 | S9: 500กระสอบ | T9: รอส่ง | U9: 4000 | V9: 3922 | W9: 78 | X9: 5295 | Y9: 0 | Z9: WSWT1625800SM | AA9: 0 | AB9: 0 | AC9: 0 | AD9: 0 | AE9: 0 | AF9: รอส่ง รอลูกค้ามารับเอง | AG9: พร้อมส่ง | AH9: P8 | AI9: 4 | AJ9: รอส่ง | AK9: #VALUE! | AL9: #VALUE! | AM9: #VALUE! | AN9: #VALUE! | AO9: #VALUE! | AP9: #VALUE! | AQ9: #VALUE! | AR9: 0 | AS9: 0 | AT9: 0 | AU9: 0 | AV9: 0 | AW9: งานเคลือบ+พิมพ์ | AX9: / | AY9: 0 | AZ9: 0 | BA9: 0 | BB9: 0 | BC9: WRWT25800/WRWT25800 | BD9: 0
A10: ประมาณการ | B10: ประมาณการ | C10: บจก.ซัน ซีเมนต์ โพรเซส | D10: พระอาทิตย์(ปูนนอน-ชริงค์) | E10: 16 | F10: 25 | G10: ขาว | H10: ใส | I10: 50 | J10: ± | K10: 5 | L10: บิด | M10: 19 | N10: 28 | O10: 40 | P10: 65.624643 | Q10: 0 | R10: 65.624643 | S10: 500กระสอบ | T10: รอแจ้ง | U10: 5000 | V10: 0 | W10: 5000 | X10: 0 | Y10: 5250 | Z10: WSWT1625800SM | AA10: 3702.05 | AB10: 0 | AC10: 3702.05 | AD10: 0 | AE10: 3702.05 | AF10: 0 | AG10: พร้อมส่ง | AH10: P8 | AI10: 4 | AJ10: รอแจ้ง | AK10: #VALUE! | AL10: #VALUE! | AM10: #VALUE! | AN10: #VALUE! | AO10: #VALUE! | AP10: #VALUE! | AQ10: #VALUE! | AR10: 0 | AS10: 0 | AT10: 0 | AU10: 0 | AV10: 0 | AW10: งานเคลือบ+พิมพ์ | AX10: รอART | AY10: 0 | AZ10: 0 | BA10: 0 | BB10: 0 | BC10: WRWT25800/WRWT25800 | BD10: 210.60551
A11: 0 | B11: 0 | C11: 0 | E11: 16 | F11: 25 | G11: ขาว | H11: 0 | I11: 45 | J11: ± | K11: 5 | L11: 0 | M11: 0 | N11: 0 | O11: 0 | P11: 0 | Q11: 0 | R11: 0 | S11: 0 | U11: 0 | V11: 0 | W11: 0 | X11: 0 | Y11: 0 | Z11: WSWT1625800SM | AA11: 3702.05 | AB11: 0 | AC11: 3702.05 | AD11: 0 | AE11: 3702.05 | AF11: ระบุในSD | AG11: พร้อมส่ง | AH11: 0 | AI11: Lead time | AJ11: 0 | AK11: 0 | AL11: 0 | AM11: 0 | AN11: 0 | AO11: 0 | AP11: 0 | AQ11: 0 | AR11: 0 | AS11: 0 | AT11: 0 | AU11: 0 | AV11: 0 | AW11: 0 | AX11: 0 | AY11: 0 | AZ11: 0 | BA11: 0 | BB11: 0 | BC11: WRWT160800/WRWT25800 | BD11: 0
A12: 45873 | B12: ใบรับคำสั่งซื้อ | C12: คุณสมยศ กิตตินราภรณ์ | D12: กุ้งปลา | E12: 18 | F12: 25 | G12: ขาว | H12: 0 | I12: 45 | J12: ± | K12: 5 | L12: ไม่ | M12: 19 | N12: 28 | O12: 40 | P12: 65.624643 | Q12: 0 | R12: 65.624643 | S12: 500กระสอบ | T12: 45883 | U12: 5000 | V12: 0 | W12: 5000 | X12: 0 | Y12: 5250 | Z12: WSWT1825800 | AA12: 3702.05 | AB12: 3702.05 | AC12: 0 | AD12: 0 | AE12: 0 | AF12: 0 | AG12: ยังไม่ได้พิมพ์ | AH12: P9 | AI12: 3 | AJ12: 45883 | AK12: 0 | AL12: 45873 | AM12: 45880 | AN12: 45881 | AO12: 45881 | AP12: 45878 | AQ12: 45882 | AR12: 0 | AS12: 0 | AT12: 0 | AU12: 0 | AV12: 0 | AW12: งานพิมพ์ | AX12: รอART | AY12: 0 | AZ12: 0 | BA12: 0 | BB12: 0 | BC12: WRWT25800/WRWT25800 | BD12: 0
A13: ประมาณการ | B13: ประมาณการ | C13: บจก.ฟาร์เธอร์ส วิง ซัพพลาย | D13: รถไฟ | E13: 18 | F13: 30 | G13: ขาว | H13: 0 | I13: 54 | J13: ± | K13: 5 | L13: บิด | M13: 19 | N13: 33 | O13: 40 | P13: 232.02999 | Q13: 0 | R13: 232.02999 | S13: 500กระสอบ | T13: รอแจ้ง | U13: 15000 | V13: 0 | W13: 15000 | X13: 0 | Y13: 15750 | Z13: WSWT1825800 | AA13: 13201.65 | AB13: 2599 | AC13: 10602.65 | AD13: 0 | AE13: 0 | AF13: 0 | AG13: พร้อมส่ง | AH13: P9 | AI13: 3 | AJ13: รอแจ้ง | AK13: 0 | AL13: #VALUE! | AM13: #VALUE! | AN13: #VALUE! | AO13: #VALUE! | AP13: #VALUE! | AQ13: #VALUE! | AR13: 0 | AS13: 0 | AT13: 0 | AU13: 0 | AV13: 0 | AW13: งานพิมพ์ | AX13: รอART | AY13: 0 | AZ13: 0 | BA13: 0 | BB13: 0 | BC13: WRWT25800/WRWT25800 | BD13: 729.46232
A14: 0 | B14: 0 | E14: 18 | F14: 30 | G14: ขาว | H14: 0 | I14: 54 | J14: ± | K14: 5 | L14: 0 | M14: 0 | N14: 0 | O14: 0 | P14: 0 | Q14: 0 | R14: 0 | S14: 0 | U14: 0 | V14: 0 | W14: 0 | X14: 0 | Y14: 0 | Z14: WSWT1825800 | AA14: 16903.7 | AB14: 6301.05 | AC14: 10602.65 | AD14: 0 | AE14: 0 | AF14: ระบุในSD | AG14: ยังไม่ได้พิมพ์ | AH14: 0 | AI14: Lead time | AJ14: 0 | AK14: 0 | AL14: 0 | AM14: 0 | AN14: 0 | AO14: 0 | AP14: 0 | AQ14: 0 | AR14: 0 | AS14: 0 | AT14: 0 | AU14: 0 | AV14: 0 | AW14: 0 | AX14: 0 | AY14: 0 | AZ14: 0 | BA14: 0 | BB14: 0 | BC14: WRWT25800/WRWT25800 | BD14: 0
A15: 45860 | B15: MK68-000917 | C15: บจก.ซิเบลโก้(บางเลน) | D15: PORTARYTE B15 | E15: 18 | F15: 30 | G15: ขาว | H15: ใส | I15: 74 | J15: ± | K15: 5 | L15: ไม่ | M15: ไม่สวมถุงใน | N15: 0 | O15: 0 | P15: 0 | Q15: 0 | R15: 0 | S15: 500กระสอบแบน | T15: 45883 | U15: 10000 | V15: 0 | W15: 10000 | X15: 0 | Y15: 10500 | Z15: WSWT1825800SM | AA15: 8801.1 | AB15: 8801.1 | AC15: 0 | AD15: 2648 | AE15: 6153.1 | AF15: 0 | AG15: ยังไม่ได้พิมพ์ | AH15: P6 | AI15: 4 | AJ15: 45883 | AK15: 45879 | AL15: 45872 | AM15: 45880 | AN15: 45881 | AO15: 45882 | AP15: 45878 | AQ15: 0 | AR15: 0 | AS15: 0 | AT15: 0 | AU15: 0 | AV15: 0 | AW15: งานเคลือบ+พิมพ์ | AX15: / | AY15: 0 | AZ15: 0 | BA15: 0 | BB15: 0 | BC15: WRWT25800/WRWT25800 | BD15: 0
A16: 0 | B16: 0 | C16: 0 | E16: 18 | F16: 25 | G16: ขาว | H16: 0 | I16: 50 | J16: ± | K16: 5 | L16: 0 | M16: 0 | N16: 0 | O16: 0 | P16: 0 | Q16: 0 | R16: 0 | S16: 0 | U16: 0 | V16: 0 | W16: 0 | X16: 0 | Y16: 0 | Z16: WSWT1825800SM | AA16: 8801.1 | AB16: 8801.1 | AC16: 0 | AD16: 2648 | AE16: 6153.1 | AF16: ระบุในSD | AG16: ยังไม่ได้พิมพ์ | AH16: 0 | AI16: Lead time | AJ16: 0 | AK16: 0 | AL16: 0 | AM16: 0 | AN16: 0 | AO16: 0 | AP16: 0 | AQ16: 0 | AR16: 0 | AS16: 0 | AT16: 0 | AU16: 0 | AV16: 0 | AW16: 0 | AX16: 0 | AY16: 0 | AZ16: 0 | BA16: 0 | BB16: 0 | BC16: WRWT180800/WRWT25800 | BD16: 0
A17: 45870 | B17: MK68-000951 | C17: บจก.ซีแมน | D17: W30 | E17: 19 | F17: 28 | G17: ขาว | H17: 0 | I17: 56 | J17: ± | K17: 5 | L17: ไม่ | M17: 20 | N17: 30 | O17: 90 | P17: 1332.2296 | Q17: 0 | R17: 1332.2296 | S17: มัด100 | T17: 45889 | U17: 40000 | V17: 0 | W17: 40000 | X17: 0 | Y17: 42000 | Z17: WSWT1925800 | AA17: 32969.2 | AB17: 32969.2 | AC17: 0 | AD17: 0 | AE17: 0 | AF17: 0 | AG17: รอแบบ | AH17: P9 | AI17: 3 | AJ17: 45889 | AK17: 0 | AL17: 45879 | AM17: 45886 | AN17: 45887 | AO17: 45887 | AP17: 45884 | AQ17: 45888 | AR17: 0 | AS17: 0 | AT17: 0 | AU17: 0 | AV17: 0 | AW17: งานพิมพ์ | AX17: / | AY17: 0 | AZ17: 0 | BA17: 0 | BB17: 0 | BC17: WRWT25800/WRWT25800 | BD17: 0
A18: ประมาณการ | B18: ประมาณการ | C18: บจก.เพรซิเดนท์ฟลาวมิลล์ | D18: ผึ้งเหลือง | E18: 19 | F18: 30 | G18: ขาว | H18: 0 | I18: 60 | J18: ± | K18: 5 | L18: บิด | M18: ไม่สวมถุงใน | N18: 0 | O18: 0 | P18: 0 | Q18: 0 | R18: 0 | S18: 500กระสอบ | T18: 45894 | U18: 100000 | V18: 0 | W18: 100000 | X18: 0 | Y18: 105000 | Z18: WSWT1925800 | AA18: 88011 | AB18: 56993 | AC18: 31018 | AD18: 0 | AE18: 0 | AF18: 0 | AG18: ยังไม่ได้พิมพ์ | AH18: P7 | AI18: 2 | AJ18: 45894 | AK18: 0 | AL18: 45885 | AM18: 45892 | AN18: 45893 | AO18: 45893 | AP18: 45889 | AQ18: 0 | AR18: 0 | AS18: 0 | AT18: 0 | AU18: 0 | AV18: 0 | AW18: งานพิมพ์ | AX18: รอART | AY18: 0 | AZ18: 0 | BA18: 0 | BB18: 0 | BC18: WRWT25800/WRWT25800 | BD18: 2252.5961
A19: ประมาณการ | B19: ประมาณการ | C19: บจก.เพรซิเดนท์ฟลาวมิลล์ | D19: ผึ้งชมพู | E19: 19 | F19: 30 | G19: ขาว | H19: 0 | I19: 60 | J19: ± | K19: 5 | L19: บิด | M19: ไม่สวมถุงใน | N19: 0 | O19: 0 | P19: 0 | Q19: 0 | R19: 0 | S19: 500กระสอบ | T19: 45894 | U19: 40000 | V19: 0 | W19: 40000 | X19: 0 | Y19: 42000 | Z19: WSWT1925800 | AA19: 35204.4 | AB19: 0 | AC19: 35204.4 | AD19: 0 | AE19: 0 | AF19: 0 | AG19: พร้อมส่ง | AH19: P7 | AI19: 2 | AJ19: 45894 | AK19: 0 | AL19: 45885 | AM19: 45892 | AN19: 45893 | AO19: 45893 | AP19: 45889 | AQ19: 0 | AR19: 0 | AS19: 0 | AT19: 0 | AU19: 0 | AV19: 0 | AW19: งานพิมพ์ | AX19: รอART | AY19: 0 | AZ19: 0 | BA19: 0 | BB19: 0 | BC19: WRWT25800/WRWT25800 | BD19: 2556.6218
A20: ประมาณการ | B20: ประมาณการ | C20: บจก.เอ็กเซลเล้นท์ | D20: รอแบบ | E20: 19 | F20: 30 | G20: ขาว | H20: 0 | I20: 60 | J20: ± | K20: 5 | L20: บิด | M20: ไม่สวมถุงใน | N20: 0 | O20: 0 | P20: 0 | Q20: 0 | R20: 0 | S20: 500กระสอบ | T20: 45894 | U20: 40000 | V20: 0 | W20: 40000 | X20: 0 | Y20: 42000 | Z20: WSWT1925800 | AA20: 35204.4 | AB20: 0 | AC20: 35204.4 | AD20: 0 | AE20: 0 | AF20: 0 | AG20: ยังไม่ได้พิมพ์ | AH20: P7 | AI20: 2 | AJ20: 45894 | AK20: 0 | AL20: 45885 | AM20: 45892 | AN20: 45893 | AO20: 45893 | AP20: 45889 | AQ20: 0 | AR20: 0 | AS20: 0 | AT20: 0 | AU20: 0 | AV20: 0 | AW20: งานพิมพ์ | AX20: รอART | AY20: 0 | AZ20: 0 | BA20: 0 | BB20: 0 | BC20: WRWT25800/WRWT25800 | BD20: 2556.6218
A21: ประมาณการ | B21: ประมาณการ | C21: บจก.ไลม์มาสเตอร์ | D21: LMC 25 kg | E21: 19 | F21: 32 | G21: ขาว | H21: 0 | I21: 64 | J21: ± | K21: 5 | L21: ไม่ | M21: 20 | N21: 35 | O21: 40 | P21: 341.36903 | Q21: 0 | R21: 341.36903 | S21: 500กระสอบแบน | T21: 45894 | U21: 20000 | V21: 233 | W21: 19767 | X21: 0 | Y21: 20755.35 | Z21: WSWT1925800 | AA21: 18501.714 | AB21: 0 | AC21: 18501.714 | AD21: 0 | AE21: 0 | AF21: 0 | AG21: ยังไม่ได้พิมพ์ | AH21: P9 | AI21: 3 | AJ21: 45894 | AK21: 0 | AL21: 45884 | AM21: 45891 | AN21: 45892 | AO21: 45892 | AP21: 45889 | AQ21: 45893 | AR21: 0 | AS21: 0 | AT21: 0 | AU21: 0 | AV21: 0 | AW21: งานพิมพ์ | AX21: รอART | AY21: 0 | AZ21: 0 | BA21: 0 | BB21: 0 | BC21: WRWT25800/WRWT25800 | BD21: 1343.6356
A22: 0 | B22: 0 | C22: 0 | D22: 0 | E22: 19 | F22: 30 | G22: ขาว | H22: 0 | I22: 60 | J22: ± | K22: 5 | L22: 0 | M22: 0 | N22: 0 | O22: 0 | P22: 0 | Q22: 0 | R22: 0 | S22: 0 | U22: 0 | V22: 0 | W22: 0 | X22: 0 | Y22: 0 | Z22: WSWT1925800 | AA22: 209890.71 | AB22: 89962.2 | AC22: 119928.51 | AD22: 0 | AE22: 0 | AF22: ระบุในSD | AG22: พร้อมส่ง | AH22: 0 | AI22: Lead time | AJ22: 0 | AK22: 0 | AL22: 0 | AM22: 0 | AN22: 0 | AO22: 0 | AP22: 0 | AQ22: 0 | AR22: 0 | AS22: 0 | AT22: 0 | AU22: 0 | AV22: 0 | AW22: 0 | AX22: 0 | AY22: 0 | AZ22: 0 | BA22: 0 | BB22: 0 | BC22: WRWT25800/WRWT25800 | BD22: 0
A23: 45854 | B23: MK68-000890 | C23: บจก.เคอรี่ฟลาวมิลล์ | D23: ปลาโลมาเทา | E23: 19 | F23: 32 | G23: ขาว | H23: 0 | I23: 67 | J23: + | K23: 5 | L23: บิด | M23: ไม่สวมถุงใน | N23: 0 | O23: 0 | P23: 0 | Q23: 0 | R23: 0 | S23: ห่ออัดเบลแบน500 | T23: 45876 | U23: 5000 | V23: 0 | W23: 5000 | X23: 0 | Y23: 5250 | Z23: WSWT1921720 | AA23: 4679.95 | AB23: 4679.95 | AC23: 0 | AD23: 0 | AE23: 0 | AF23: PDR250232 | AG23: รอตัด | AH23: P7 | AI23: 2 | AJ23: 45876 | AK23: 0 | AL23: 45867 | AM23: 45874 | AN23: 45875 | AO23: 45875 | AP23: 45871 | AQ23: 0 | AR23: 0 | AS23: 0 | AT23: 0 | AU23: 0 | AV23: 0 | AW23: งานพิมพ์ | AX23: / | AY23: 0 | AZ23: 0 | BA23: 0 | BB23: 0 | BC23: WRWT21720/WRWT25800 | BD23: 0
A24: 45854 | B24: MK68-000890 | C24: บจก.เคอรี่ฟลาวมิลล์ | D24: NHR-1 | E24: 19 | F24: 32 | G24: ขาว | H24: 0 | I24: 67 | J24: + | K24: 5 | L24: บิด | M24: ไม่สวมถุงใน | N24: 0 | O24: 0 | P24: 0 | Q24: 0 | R24: 0 | S24: ห่ออัดเบลแบน500 | T24: 45876 | U24: 5000 | V24: 0 | W24: 5000 | X24: 0 | Y24: 5250 | Z24: WSWT1921720 | AA24: 4679.95 | AB24: 4679.95 | AC24: 0 | AD24: 0 | AE24: 0 | AF24: PDR250232 | AG24: พิมพ์ไม่ครบ | AH24: P7 | AI24: 2 | AJ24: 45876 | AK24: 0 | AL24: 45867 | AM24: 45874 | AN24: 45875 | AO24: 45875 | AP24: 45871 | AQ24: 0 | AR24: 0 | AS24: 0 | AT24: 0 | AU24: 0 | AV24: 0 | AW24: งานพิมพ์ | AX24: / | AY24: 0 | AZ24: 0 | BA24: 0 | BB24: 0 | BC24: WRWT21720/WRWT25800 | BD24: 0
A25: 45854 | B25: MK68-000890 | C25: บจก.เคอรี่ฟลาวมิลล์ | D25: ถุงเงิน | E25: 19 | F25: 32 | G25: ขาว | H25: 0 | I25: 67 | J25: + | K25: 5 | L25: บิด | M25: ไม่สวมถุงใน | N25: 0 | O25: 0 | P25: 0 | Q25: 0 | R25: 0 | S25: ห่ออัดเบลแบน500 | T25: 45876 | U25: 5000 | V25: 5000 | W25: 0 | X25: 5250 | Y25: 0 | Z25: WSWT1921720 | AA25: 0 | AB25: 0 | AC25: 0 | AD25: 0 | AE25: 0 | AF25: PDR250232 | AG25: ยังไม่ได้พิมพ์ | AH25: P7 | AI25: 2 | AJ25: 45876 | AK25: 0 | AL25: 45867 | AM25: 45874 | AN25: 45875 | AO25: 45875 | AP25: 45871 | AQ25: 0 | AR25: 0 | AS25: 0 | AT25: 0 | AU25: 0 | AV25: 0 | AW25: งานพิมพ์ | AX25: / | AY25: 0 | AZ25: 0 | BA25: 0 | BB25: 0 | BC25: WRWT21720/WRWT25800 | BD25: 0
A26: 45857 | B26: MK68-000910 | C26: บจก.เคอรี่ฟลาวมิลล์ | D26: ถุงทองแซนวิช | E26: 19 | F26: 32 | G26: ขาว | H26: 0 | I26: 67 | J26: + | K26: 5 | L26: บิด | M26: ไม่สวมถุงใน | N26: 0 | O26: 0 | P26: 0 | Q26: 0 | R26: 0 | S26: ห่ออัดเบลแบน500 | T26: 45876 | U26: 10000 | V26: 5000 | W26: 5000 | X26: 10400 | Y26: 0 | Z26: WSWT1921720 | AA26: 0 | AB26: 0 | AC26: 0 | AD26: 0 | AE26: 0 | AF26: PDR250236 | AG26: พร้อมส่ง | AH26: P7 | AI26: 2 | AJ26: 45876 | AK26: 0 | AL26: 45867 | AM26: 45874 | AN26: 45875 | AO26: 45875 | AP26: 45871 | AQ26: 0 | AR26: 0 | AS26: 0 | AT26: 0 | AU26: 0 | AV26: 0 | AW26: งานพิมพ์ | AX26: / | AY26: 0 | AZ26: 0 | BA26: 0 | BB26: 0 | BC26: WRWT21720/WRWT25800 | BD26: 0
A27: 45857 | B27: MK68-000909 | C27: บจก.เคอรี่ฟลาวมิลล์ | D27: HARD FLOUR | E27: 19 | F27: 32 | G27: ขาว | H27: 0 | I27: 67 | J27: + | K27: 5 | L27: บิด | M27: ไม่สวมถุงใน | N27: 0 | O27: 0 | P27: 0 | Q27: 0 | R27: 0 | S27: ห่ออัดเบลแบน500 | T27: 45876 | U27: 5000 | V27: 0 | W27: 5000 | X27: 3350 | Y27: 1732.5 | Z27: WSWT1921720 | AA27: 1621.6027 | AB27: 1621.6027 | AC27: 0 | AD27: 0 | AE27: 0 | AF27: PDR250237 | AG27: ยังไม่ได้พิมพ์ | AH27: P7 | AI27: 2 | AJ27: 45876 | AK27: 0 | AL27: 45867 | AM27: 45874 | AN27: 45875 | AO27: 45875 | AP27: 45871 | AQ27: 0 | AR27: 0 | AS27: 0 | AT27: 0 | AU27: 0 | AV27: 0 | AW27: งานพิมพ์ | AX27: / | AY27: 0 | AZ27: 0 | BA27: 0 | BB27: 0 | BC27: WRWT21720/WRWT25800 | BD27: 0
A28: 45857 | B28: MK68-000909 | C28: บจก.เคอรี่ฟลาวมิลล์ | D28: ปลาโลมาแดง | E28: 19 | F28: 32 | G28: ขาว | H28: 0 | I28: 67 | J28: + | K28: 5 | L28: บิด | M28: ไม่สวมถุงใน | N28: 0 | O28: 0 | P28: 0 | Q28: 0 | R28: 0 | S28: ห่ออัดเบลแบน500 | T28: 45876 | U28: 5000 | V28: 0 | W28: 5000 | X28: 0 | Y28: 5250 | Z28: WSWT1921720 | AA28: 4679.95 | AB28: 4679.95 | AC28: 0 | AD28: 0 | AE28: 0 | AF28: PDR250237 | AG28: ยังไม่ได้พิมพ์ | AH28: P7 | AI28: 2 | AJ28: 45876 | AK28: 0 | AL28: 45867 | AM28: 45874 | AN28: 45875 | AO28: 45875 | AP28: 45871 | AQ28: 0 | AR28: 0 | AS28: 0 | AT28: 0 | AU28: 0 | AV28: 0 | AW28: งานพิมพ์ | AX28: / | AY28: 0 | AZ28: 0 | BA28: 0 | BB28: 0 | BC28: WRWT21720/WRWT25800 | BD28: 0
A29: 45857 | B29: MK68-000909 | C29: บจก.เคอรี่ฟลาวมิลล์ | D29: FW-Y | E29: 19 | F29: 32 | G29: ขาว | H29: 0 | I29: 67 | J29: + | K29: 5 | L29: ไม่ | M29: ไม่สวมถุงใน | N29: 0 | O29: 0 | P29: 0 | Q29: 0 | R29: 0 | S29: ห่ออัดเบลแบน500 | T29: 45876 | U29: 5000 | V29: 5000 | W29: 0 | X29: 5200 | Y29: 0 | Z29: WSWT1921720 | AA29: 0 | AB29: 0 | AC29: 0 | AD29: 0 | AE29: 0 | AF29: PDR250237 | AG29: ผ้าขาว | AH29: P7 | AI29: 2 | AJ29: 45876 | AK29: 0 | AL29: 45867 | AM29: 45874 | AN29: 45875 | AO29: 45875 | AP29: 45871 | AQ29: 0 | AR29: 0 | AS29: 0 | AT29: 0 | AU29: 0 | AV29: 0 | AW29: งานพิมพ์ | AX29: / | AY29: 0 | AZ29: 0 | BA29: 0 | BB29: 0 | BC29: WRWT21720/WRWT25800 | BD29: 0
A30: 45857 | B30: MK68-000909 | C30: บจก.เคอรี่ฟลาวมิลล์ | D30: WHOLE WHEAT | E30: 19 | F30: 32 | G30: ขาว | H30: 0 | I30: 67 | J30: + | K30: 5 | L30: บิด | M30: ไม่สวมถุงใน | N30: 0 | O30: 0 | P30: 0 | Q30: 0 | R30: 0 | S30: ห่ออัดเบลแบน500 | T30: 45876 | U30: 5000 | V30: 0 | W30: 5000 | X30: 0 | Y30: 5250 | Z30: WSWT1921720 | AA30: 4679.95 | AB30: 4679.95 | AC30: 0 | AD30: 0 | AE30: 0 | AF30: PDR250237 | AG30: ผ้าขาว | AH30: P7 | AI30: 2 | AJ30: 45876 | AK30: 0 | AL30: 45867 | AM30: 45874 | AN30: 45875 | AO30: 45875 | AP30: 45871 | AQ30: 0 | AR30: 0 | AS30: 0 | AT30: 0 | AU30: 0 | AV30: 0 | AW30: งานพิมพ์ | AX30: / | AY30: 0 | AZ30: 0 | BA30: 0 | BB30: 0 | BC30: WRWT21720/WRWT25800 | BD30: 0
A31: 45854 | B31: MK68-000890 | C31: บจก.เคอรี่ฟลาวมิลล์ | D31: ดอกไม้เขียว | E31: 19 | F31: 32 | G31: ขาว | H31: 0 | I31: 67 | J31: + | K31: 5 | L31: บิด | M31: ไม่สวมถุงใน | N31: 0 | O31: 0 | P31: 0 | Q31: 0 | R31: 0 | S31: ห่ออัดเบลแบน500 | T31: 45876 | U31: 5000 | V31: 0 | W31: 5000 | X31: 0 | Y31: 5250 | Z31: WSWT1921720 | AA31: 4679.95 | AB31: 4679.95 | AC31: 0 | AD31: 0 | AE31: 0 | AF31: PDR250233 | AG31: พร้อมส่ง | AH31: P7 | AI31: 2 | AJ31: 45876 | AK31: 0 | AL31: 45867 | AM31: 45874 | AN31: 45875 | AO31: 45875 | AP31: 45871 | AQ31: 0 | AR31: 0 | AS31: 0 | AT31: 0 | AU31: 0 | AV31: 0 | AW31: งานพิมพ์ | AX31: / | AY31: 0 | AZ31: 0 | BA31: 0 | BB31: 0 | BC31: WRWT21720/WRWT25800 | BD31: 0
A32: 45870 | B32: MK68-000953 | C32: บจก.เคอรี่ฟลาวมิลล์ | D32: ไม่พิมพ์ | E32: 19 | F32: 32 | G32: ขาว | H32: 0 | I32: 67 | J32: + | K32: 5 | L32: บิด | M32: ไม่สวมถุงใน | N32: 0 | O32: 0 | P32: 0 | Q32: 0 | R32: 0 | S32: ห่ออัดเบลแบน500 | T32: 45877 | U32: 20000 | V32: 0 | W32: 20000 | X32: 0 | Y32: 0 | Z32: WSWT1921720 | AA32: 18719.8 | AB32: 15500 | AC32: 3219.8 | AD32: 0 | AE32: 0 | AF32: 0 | AG32: พร้อมส่ง | AH32: P3 | AI32: 1 | AJ32: 45877 | AK32: 0 | AL32: 0 | AM32: 0 | AN32: 0 | AO32: 45876 | AP32: 45872 | AQ32: 0 | AR32: 0 | AS32: 0 | AT32: 0 | AU32: 0 | AV32: 0 | AW32: ตัด | AX32: 0 | AY32: 0 | AZ32: 0 | BA32: 0 | BB32: 0 | BC32: WRWT21720/WRWT25800 | BD32: 242.52965
A33: 45870 | B33: MK68-000954 | C33: บจก.เคอรี่ฟลาวมิลล์ | D33: ไม่พิมพ์ | E33: 19 | F33: 32 | G33: ขาว | H33: 0 | I33: 67 | J33: + | K33: 5 | L33: บิด | M33: ไม่สวมถุงใน | N33: 0 | O33: 0 | P33: 0 | Q33: 0 | R33: 0 | S33: ห่ออัดเบลแบน500 | T33: 45877 | U33: 20000 | V33: 0 | W33: 20000 | X33: 0 | Y33: 0 | Z33: WSWT1921720 | AA33: 18719.8 | AB33: 0 | AC33: 18719.8 | AD33: 0 | AE33: 0 | AF33: 0 | AG33: ยังไม่ได้พิมพ์ | AH33: P3 | AI33: 1 | AJ33: 45877 | AK33: 0 | AL33: 0 | AM33: 0 | AN33: 0 | AO33: 45876 | AP33: 45872 | AQ33: 0 | AR33: 0 | AS33: 0 | AT33: 0 | AU33: 0 | AV33: 0 | AW33: ตัด | AX33: 0 | AY33: 0 | AZ33: 0 | BA33: 0 | BB33: 0 | BC33: WRWT21720/WRWT25800 | BD33: 1410.0585
A34: 45857 | B34: MK68-000909 | C34: บจก.เคอรี่ฟลาวมิลล์ | D34: BS | E34: 19 | F34: 32 | G34: ขาว | H34: 0 | I34: 67 | J34: + | K34: 5 | L34: บิด | M34: ไม่สวมถุงใน | N34: 0 | O34: 0 | P34: 0 | Q34: 0 | R34: 0 | S34: ห่ออัดเบลแบน500 | T34: 45878 | U34: 5000 | V34: 4923 | W34: 77 | X34: 5250 | Y34: 0 | Z34: WSWT1921720 | AA34: 0 | AB34: 0 | AC34: 0 | AD34: 0 | AE34: 0 | AF34: PDR250243 | AG34: ยังไม่ได้พิมพ์ | AH34: P7 | AI34: 2 | AJ34: 45878 | AK34: 0 | AL34: 45869 | AM34: 45876 | AN34: 45877 | AO34: 45877 | AP34: 45873 | AQ34: 0 | AR34: 0 | AS34: 0 | AT34: 0 | AU34: 0 | AV34: 0 | AW34: งานพิมพ์ | AX34: 0 | AY34: 0 | AZ34: 0 | BA34: 0 | BB34: 0 | BC34: WRWT21720/WRWT25800 | BD34: 0
A35: 45854 | B35: MK68-000890 | C35: บจก.เคอรี่ฟลาวมิลล์ | D35: ถุงเขียว | E35: 19 | F35: 32 | G35: ขาว | H35: 0 | I35: 67 | J35: + | K35: 5 | L35: บิด | M35: ไม่สวมถุงใน | N35: 0 | O35: 0 | P35: 0 | Q35: 0 | R35: 0 | S35: ห่ออัดเบลแบน500 | T35: 45878 | U35: 10000 | V35: 9367 | W35: 633 | X35: 10300 | Y35: 0 | Z35: WSWT1921720 | AA35: 0 | AB35: 0 | AC35: 0 | AD35: 0 | AE35: 0 | AF35: PDR250233 | AG35: ผ้าขาว | AH35: P7 | AI35: 2 | AJ35: 45878 | AK35: 0 | AL35: 45869 | AM35: 45876 | AN35: 45877 | AO35: 45877 | AP35: 45873 | AQ35: 0 | AR35: 0 | AS35: 0 | AT35: 0 | AU35: 0 | AV35: 0 | AW35: งานพิมพ์ | AX35: / | AY35: 0 | AZ35: 0 | BA35: 0 | BB35: 0 | BC35: WRWT21720/WRWT25800 | BD35: 0
A36: 45857 | B36: MK68-000909 | C36: บจก.เคอรี่ฟลาวมิลล์ | D36: บะหมี่เตี๊ยว | E36: 19 | F36: 32 | G36: ขาว | H36: 0 | I36: 67 | J36: + | K36: 5 | L36: บิด | M36: ไม่สวมถุงใน | N36: 0 | O36: 0 | P36: 0 | Q36: 0 | R36: 0 | S36: ห่ออัดเบลแบน500 | T36: 45878 | U36: 5000 | V36: 0 | W36: 5000 | X36: 0 | Y36: 5250 | Z36: WSWT1921720 | AA36: 4679.95 | AB36: 4679.95 | AC36: 0 | AD36: 0 | AE36: 0 | AF36: PDR250238 | AG36: ยังไม่ได้พิมพ์ | AH36: P7 | AI36: 2 | AJ36: 45878 | AK36: 0 | AL36: 45869 | AM36: 45876 | AN36: 45877 | AO36: 45877 | AP36: 45873 | AQ36: 0 | AR36: 0 | AS36: 0 | AT36: 0 | AU36: 0 | AV36: 0 | AW36: งานพิมพ์ | AX36: / | AY36: 0 | AZ36: 0 | BA36: 0 | BB36: 0 | BC36: WRWT21720/WRWT25800 | BD36: 0
A37: 45857 | B37: MK68-000909 | C37: บจก.เคอรี่ฟลาวมิลล์ | D37: ถุงทองแซนวิช | E37: 19 | F37: 32 | G37: ขาว | H37: 0 | I37: 67 | J37: + | K37: 5 | L37: บิด | M37: ไม่สวมถุงใน | N37: 0 | O37: 0 | P37: 0 | Q37: 0 | R37: 0 | S37: ห่ออัดเบลแบน500 | T37: 45878 | U37: 10000 | V37: 0 | W37: 10000 | X37: 0 | Y37: 10500 | Z37: WSWT1921720 | AA37: 9359.9 | AB37: 8417 | AC37: 942.9 | AD37: 0 | AE37: 0 | AF37: PDR250238 | AG37: พร้อมส่ง | AH37: P7 | AI37: 2 | AJ37: 45878 | AK37: 0 | AL37: 45869 | AM37: 45876 | AN37: 45877 | AO37: 45877 | AP37: 45873 | AQ37: 0 | AR37: 0 | AS37: 0 | AT37: 0 | AU37: 0 | AV37: 0 | AW37: งานพิมพ์ | AX37: / | AY37: 0 | AZ37: 0 | BA37: 0 | BB37: 0 | BC37: WRWT21720/WRWT25800 | BD37: 71.023419
A38: 45857 | B38: MK68-000911 | C38: บจก.เคอรี่ฟลาวมิลล์ | D38: ไม่พิมพ์ | E38: 19 | F38: 36 | G38: ขาว | H38: 0 | I38: 75 | J38: + | K38: 5 | L38: ไม่ | M38: ไม่สวมถุงใน | N38: 0 | O38: 0 | P38: 0 | Q38: 0 | R38: 0 | S38: ห่ออัดเบลแบน500 | T38: 45883 | U38: 10000 | V38: 0 | W38: 10000 | X38: 0 | Y38: 0 | Z38: WSWT1921720 | AA38: 10477.5 | AB38: 0 | AC38: 10477.5 | AD38: 0 | AE38: 0 | AF38: PDR250239 | AG38: รอตัด | AH38: P3 | AI38: 1 | AJ38: 45883 | AK38: 0 | AL38: 0 | AM38: 0 | AN38: 0 | AO38: 45882 | AP38: 45878 | AQ38: 0 | AR38: 0 | AS38: 0 | AT38: 0 | AU38: 0 | AV38: 0 | AW38: ตัด | AX38: 0 | AY38: 0 | AZ38: 0 | BA38: 0 | BB38: 0 | BC38: WRWT21720/WRWT25800 | BD38: 789.21187
A39: 45857 | B39: MK68-000910 | C39: บจก.เคอรี่ฟลาวมิลล์ | D39: ดอกไม้ม่วง | E39: 19 | F39: 32 | G39: ขาว | H39: 0 | I39: 67 | J39: + | K39: 5 | L39: บิด | M39: ไม่สวมถุงใน | N39: 0 | O39: 0 | P39: 0 | Q39: 0 | R39: 0 | S39: ห่ออัดเบลแบน500 | T39: 45883 | U39: 5000 | V39: 0 | W39: 5000 | X39: 0 | Y39: 5250 | Z39: WSWT1921720 | AA39: 4679.95 | AB39: 0 | AC39: 4679.95 | AD39: 0 | AE39: 0 | AF39: PDR250239 | AG39: ยังไม่ได้พิมพ์ | AH39: P7 | AI39: 2 | AJ39: 45883 | AK39: 0 | AL39: 45874 | AM39: 45881 | AN39: 45882 | AO39: 45882 | AP39: 45878 | AQ39: 0 | AR39: 0 | AS39: 0 | AT39: 0 | AU39: 0 | AV39: 0 | AW39: งานพิมพ์ | AX39: / | AY39: 0 | AZ39: 0 | BA39: 0 | BB39: 0 | BC39: WRWT21720/WRWT25800 | BD39: 352.51463
A40: 45857 | B40: MK68-000910 | C40: บจก.เคอรี่ฟลาวมิลล์ | D40: ดอกไม้แดง | E40: 19 | F40: 32 | G40: ขาว | H40: 0 | I40: 67 | J40: + | K40: 5 | L40: บิด | M40: ไม่สวมถุงใน | N40: 0 | O40: 0 | P40: 0 | Q40: 0 | R40: 0 | S40: ห่ออัดเบลแบน500 | T40: 45883 | U40: 5000 | V40: 5000 | W40: 0 | X40: 5199 | Y40: 0 | Z40: WSWT1921720 | AA40: 0 | AB40: 0 | AC40: 0 | AD40: 0 | AE40: 0 | AF40: PDR250239 | AG40: พร้อมส่ง | AH40: P7 | AI40: 2 | AJ40: 45883 | AK40: 0 | AL40: 45874 | AM40: 45881 | AN40: 45882 | AO40: 45882 | AP40: 45878 | AQ40: 0 | AR40: 0 | AS40: 0 | AT40: 0 | AU40: 0 | AV40: 0 | AW40: งานพิมพ์ | AX40: / | AY40: 0 | AZ40: 0 | BA40: 0 | BB40: 0 | BC40: WRWT21720/WRWT25800 | BD40: 0
A41: 45857 | B41: MK68-000910 | C41: บจก.เคอรี่ฟลาวมิลล์ | D41: KFM | E41: 19 | F41: 32 | G41: ขาว | H41: 0 | I41: 67 | J41: + | K41: 5 | L41: ไม่ | M41: ไม่สวมถุงใน | N41: 0 | O41: 0 | P41: 0 | Q41: 0 | R41: 0 | S41: ห่ออัดเบลแบน500 | T41: 45883 | U41: 5000 | V41: 0 | W41: 5000 | X41: 5300 | Y41: 0 | Z41: WSWT1921720 | AA41: 0 | AB41: 0 | AC41: 0 | AD41: 0 | AE41: 0 | AF41: PDR250239 | AG41: ยังไม่ได้พิมพ์ | AH41: P7 | AI41: 2 | AJ41: 45883 | AK41: 0 | AL41: 45874 | AM41: 45881 | AN41: 45882 | AO41: 45882 | AP41: 45878 | AQ41: 0 | AR41: 0 | AS41: 0 | AT41: 0 | AU41: 0 | AV41: 0 | AW41: งานพิมพ์ | AX41: / | AY41: 0 | AZ41: 0 | BA41: 0 | BB41: 0 | BC41: WRWT21720/WRWT25800 | BD41: 0
A42: 45857 | B42: MK68-000910 | C42: บจก.เคอรี่ฟลาวมิลล์ | D42: ถุงทองแซนวิช | E42: 19 | F42: 32 | G42: ขาว | H42: 0 | I42: 67 | J42: + | K42: 5 | L42: บิด | M42: ไม่สวมถุงใน | N42: 0 | O42: 0 | P42: 0 | Q42: 0 | R42: 0 | S42: ห่ออัดเบลแบน500 | T42: 45885 | U42: 10000 | V42: 0 | W42: 10000 | X42: 0 | Y42: 10500 | Z42: WSWT1921720 | AA42: 9359.9 | AB42: 0 | AC42: 9359.9 | AD42: 0 | AE42: 0 | AF42: PDR250240 | AG42: พร้อมส่ง | AH42: P7 | AI42: 2 | AJ42: 45885 | AK42: 0 | AL42: 45876 | AM42: 45883 | AN42: 45884 | AO42: 45884 | AP42: 45880 | AQ42: 0 | AR42: 0 | AS42: 0 | AT42: 0 | AU42: 0 | AV42: 0 | AW42: งานพิมพ์ | AX42: / | AY42: 0 | AZ42: 0 | BA42: 0 | BB42: 0 | BC42: WRWT21720/WRWT25800 | BD42: 705.02927
A43: 45857 | B43: MK68-000910 | C43: บจก.เคอรี่ฟลาวมิลล์ | D43: ถุงเงิน | E43: 19 | F43: 32 | G43: ขาว | H43: 0 | I43: 67 | J43: + | K43: 5 | L43: บิด | M43: ไม่สวมถุงใน | N43: 0 | O43: 0 | P43: 0 | Q43: 0 | R43: 0 | S43: ห่ออัดเบลแบน500 | T43: 45885 | U43: 5000 | V43: 5000 | W43: 0 | X43: 5250 | Y43: 0 | Z43: WSWT1921720 | AA43: 0 | AB43: 0 | AC43: 0 | AD43: 0 | AE43: 0 | AF43: PDR250240 | AG43: ยังไม่ได้พิมพ์ | AH43: P7 | AI43: 2 | AJ43: 45885 | AK43: 0 | AL43: 45876 | AM43: 45883 | AN43: 45884 | AO43: 45884 | AP43: 45880 | AQ43: 0 | AR43: 0 | AS43: 0 | AT43: 0 | AU43: 0 | AV43: 0 | AW43: งานพิมพ์ | AX43: / | AY43: 0 | AZ43: 0 | BA43: 0 | BB43: 0 | BC43: WRWT21720/WRWT25800 | BD43: 0
A44: 45857 | B44: MK68-000910 | C44: บจก.เคอรี่ฟลาวมิลล์ | D44: ปลาโลมาแดง | E44: 19 | F44: 32 | G44: ขาว | H44: 0 | I44: 67 | J44: + | K44: 5 | L44: บิด | M44: ไม่สวมถุงใน | N44: 0 | O44: 0 | P44: 0 | Q44: 0 | R44: 0 | S44: ห่ออัดเบลแบน500 | T44: 45885 | U44: 5000 | V44: 0 | W44: 5000 | X44: 0 | Y44: 5250 | Z44: WSWT1921720 | AA44: 4679.95 | AB44: 0 | AC44: 4679.95 | AD44: 0 | AE44: 0 | AF44: PDR250240 | AG44: ยังไม่ได้พิมพ์ | AH44: P7 | AI44: 2 | AJ44: 45885 | AK44: 0 | AL44: 45876 | AM44: 45883 | AN44: 45884 | AO44: 45884 | AP44: 45880 | AQ44: 0 | AR44: 0 | AS44: 0 | AT44: 0 | AU44: 0 | AV44: 0 | AW44: งานพิมพ์ | AX44: / | AY44: 0 | AZ44: 0 | BA44: 0 | BB44: 0 | BC44: WRWT21720/WRWT25800 | BD44: 352.51463
A45: 45857 | B45: MK68-000910 | C45: บจก.เคอรี่ฟลาวมิลล์ | D45: FW-Y | E45: 19 | F45: 32 | G45: ขาว | H45: 0 | I45: 67 | J45: + | K45: 5 | L45: ไม่ | M45: ไม่สวมถุงใน | N45: 0 | O45: 0 | P45: 0 | Q45: 0 | R45: 0 | S45: ห่ออัดเบลแบน500 | T45: 45885 | U45: 5000 | V45: 5000 | W45: 0 | X45: 5200 | Y45: 0 | Z45: WSWT1921720 | AA45: 0 | AB45: 0 | AC45: 0 | AD45: 0 | AE45: 0 | AF45: PDR250240 | AG45: ยังไม่ได้พิมพ์ | AH45: P7 | AI45: 2 | AJ45: 45885 | AK45: 0 | AL45: 45876 | AM45: 45883 | AN45: 45884 | AO45: 45884 | AP45: 45880 | AQ45: 0 | AR45: 0 | AS45: 0 | AT45: 0 | AU45: 0 | AV45: 0 | AW45: งานพิมพ์ | AX45: / | AY45: 0 | AZ45: 0 | BA45: 0 | BB45: 0 | BC45: WRWT21720/WRWT25800 | BD45: 0
A46: 45857 | B46: MK68-000910 | C46: บจก.เคอรี่ฟลาวมิลล์ | D46: เคเอ็ม | E46: 19 | F46: 32 | G46: ขาว | H46: 0 | I46: 67 | J46: + | K46: 5 | L46: บิด | M46: ไม่สวมถุงใน | N46: 0 | O46: 0 | P46: 0 | Q46: 0 | R46: 0 | S46: ห่ออัดเบลแบน500 | T46: 45888 | U46: 5000 | V46: 0 | W46: 5000 | X46: 0 | Y46: 5250 | Z46: WSWT1921720 | AA46: 4679.95 | AB46: 0 | AC46: 4679.95 | AD46: 0 | AE46: 0 | AF46: PDR250241 | AG46: ยังไม่ได้พิมพ์ | AH46: P7 | AI46: 2 | AJ46: 45888 | AK46: 0 | AL46: 45879 | AM46: 45886 | AN46: 45887 | AO46: 45887 | AP46: 45883 | AQ46: 0 | AR46: 0 | AS46: 0 | AT46: 0 | AU46: 0 | AV46: 0 | AW46: งานพิมพ์ | AX46: / | AY46: 0 | AZ46: 0 | BA46: 0 | BB46: 0 | BC46: WRWT21720/WRWT25800 | BD46: 352.51463
A47: 45857 | B47: MK68-000910 | C47: บจก.เคอรี่ฟลาวมิลล์ | D47: แต้มแดง | E47: 19 | F47: 32 | G47: ขาว | H47: 0 | I47: 67 | J47: + | K47: 5 | L47: บิด | M47: ไม่สวมถุงใน | N47: 0 | O47: 0 | P47: 0 | Q47: 0 | R47: 0 | S47: ห่ออัดเบลแบน500 | T47: 45888 | U47: 5000 | V47: 0 | W47: 5000 | X47: 0 | Y47: 5250 | Z47: WSWT1921720 | AA47: 4679.95 | AB47: 0 | AC47: 4679.95 | AD47: 0 | AE47: 0 | AF47: PDR250241 | AG47: ยังไม่ได้พิมพ์ | AH47: P7 | AI47: 2 | AJ47: 45888 | AK47: 0 | AL47: 45879 | AM47: 45886 | AN47: 45887 | AO47: 45887 | AP47: 45883 | AQ47: 0 | AR47: 0 | AS47: 0 | AT47: 0 | AU47: 0 | AV47: 0 | AW47: งานพิมพ์ | AX47: / | AY47: 0 | AZ47: 0 | BA47: 0 | BB47: 0 | BC47: WRWT21720/WRWT25800 | BD47: 352.51463
A48: 45857 | B48: MK68-000910 | C48: บจก.เคอรี่ฟลาวมิลล์ | D48: ดอกไม้เขียว | E48: 19 | F48: 32 | G48: ขาว | H48: 0 | I48: 67 | J48: + | K48: 5 | L48: บิด | M48: ไม่สวมถุงใน | N48: 0 | O48: 0 | P48: 0 | Q48: 0 | R48: 0 | S48: ห่ออัดเบลแบน500 | T48: 45888 | U48: 5000 | V48: 0 | W48: 5000 | X48: 0 | Y48: 5250 | Z48: WSWT1921720 | AA48: 4679.95 | AB48: 0 | AC48: 4679.95 | AD48: 0 | AE48: 0 | AF48: PDR250241 | AG48: ยังไม่ได้พิมพ์ | AH48: P7 | AI48: 2 | AJ48: 45888 | AK48: 0 | AL48: 45879 | AM48: 45886 | AN48: 45887 | AO48: 45887 | AP48: 45883 | AQ48: 0 | AR48: 0 | AS48: 0 | AT48: 0 | AU48: 0 | AV48: 0 | AW48: งานพิมพ์ | AX48: / | AY48: 0 | AZ48: 0 | BA48: 0 | BB48: 0 | BC48: WRWT21720/WRWT25800 | BD48: 352.51463
A49: 45857 | B49: MK68-000910 | C49: บจก.เคอรี่ฟลาวมิลล์ | D49: ถุงเขียว | E49: 19 | F49: 32 | G49: ขาว | H49: 0 | I49: 67 | J49: + | K49: 5 | L49: บิด | M49: ไม่สวมถุงใน | N49: 0 | O49: 0 | P49: 0 | Q49: 0 | R49: 0 | S49: ห่ออัดเบลแบน500 | T49: 45888 | U49: 10000 | V49: 0 | W49: 10000 | X49: 0 | Y49: 10500 | Z49: WSWT1921720 | AA49: 9359.9 | AB49: 0 | AC49: 9359.9 | AD49: 0 | AE49: 0 | AF49: PDR250241 | AG49: ยังไม่ได้พิมพ์ | AH49: P7 | AI49: 2 | AJ49: 45888 | AK49: 0 | AL49: 45879 | AM49: 45886 | AN49: 45887 | AO49: 45887 | AP49: 45883 | AQ49: 0 | AR49: 0 | AS49: 0 | AT49: 0 | AU49: 0 | AV49: 0 | AW49: งานพิมพ์ | AX49: / | AY49: 0 | AZ49: 0 | BA49: 0 | BB49: 0 | BC49: WRWT21720/WRWT25800 | BD49: 705.02927
A50: 45869 | B50: MK68-000944 | C50: บจก.เคอรี่ฟลาวมิลล์ | D50: บะหมี่เตี๊ยว | E50: 19 | F50: 32 | G50: ขาว | H50: 0 | I50: 67 | J50: + | K50: 5 | L50: บิด | M50: ไม่สวมถุงใน | N50: 0 | O50: 0 | P50: 0 | Q50: 0 | R50: 0 | S50: ห่ออัดเบลแบน500 | T50: 45890 | U50: 5000 | V50: 0 | W50: 5000 | X50: 0 | Y50: 5250 | Z50: WSWT1921720 | AA50: 4679.95 | AB50: 0 | AC50: 4679.95 | AD50: 0 | AE50: 0 | AF50: PDR250250 | AG50: ยังไม่ได้พิมพ์ | AH50: P7 | AI50: 2 | AJ50: 45890 | AK50: 0 | AL50: 45881 | AM50: 45888 | AN50: 45889 | AO50: 45889 | AP50: 45885 | AQ50: 0 | AR50: 0 | AS50: 0 | AT50: 0 | AU50: 0 | AV50: 0 | AW50: งานพิมพ์ | AX50: / | AY50: 0 | AZ50: 0 | BA50: 0 | BB50: 0 | BC50: WRWT21720/WRWT25800 | BD50: 352.51463
... A63: 45869 | B63: MK68-000944 | C63: บจก.เคอรี่ฟลาวมิลล์ | D63: ดอกไม้เขียว | E63: 19 | F63: 32 | G63: ขาว | H63: 0 | I63: 67 | J63: + | K63: 5 | L63: บิด | M63: ไม่สวมถุงใน | N63: 0 | O63: 0 | P63: 0 | Q63: 0 | R63: 0 | S63: ห่ออัดเบลแบน500 | T63: 45895 | U63: 5000 | V63: 0 | W63: 5000 | X63: 0 | Y63: 5250 | Z63: WSWT1921720 | AA63: 4679.95 | AB63: 0 | AC63: 4679.95 | AD63: 0 | AE63: 0 | AF63: PDR250252 | AG63: ยังไม่ได้พิมพ์ | AH63: P7 | AI63: 2 | AJ63: 45895 | AK63: 0 | AL63: 45886 | AM63: 45893 | AN63: 45894 | AO63: 45894 | AP63: 45890 | AQ63: 0 | AR63: 0 | AS63: 0 | AT63: 0 | AU63: 0 | AV63: 0 | AW63: งานพิมพ์ | AX63: / | AY63: 0 | AZ63: 0 | BA63: 0 | BB63: 0 | BC63: WRWT21720/WRWT25800 | BD63: 352.51463
A64: 45869 | B64: MK68-000944 | C64: บจก.เคอรี่ฟลาวมิลล์ | D64: 997 | E64: 19 | F64: 32 | G64: ขาว | H64: 0 | I64: 67 | J64: + | K64: 5 | L64: ไม่ | M64: ไม่สวมถุงใน | N64: 0 | O64: 0 | P64: 0 | Q64: 0 | R64: 0 | S64: ห่ออัดเบลแบน500 | T64: 45895 | U64: 5000 | V64: 0 | W64: 5000 | X64: 0 | Y64: 5250 | Z64: WSWT1921720 | AA64: 4679.95 | AB64: 0 | AC64: 4679.95 | AD64: 0 | AE64: 0 | AF64: PDR250252 | AG64: ยังไม่ได้พิมพ์ | AH64: P7 | AI64: 2 | AJ64: 45895 | AK64: 0 | AL64: 45886 | AM64: 45893 | AN64: 45894 | AO64: 45894 | AP64: 45890 | AQ64: 0 | AR64: 0 | AS64: 0 | AT64: 0 | AU64: 0 | AV64: 0 | AW64: งานพิมพ์ | AX64: / | AY64: 0 | AZ64: 0 | BA64: 0 | BB64: 0 | BC64: WRWT21720/WRWT25800 | BD64: 352.51463
A65: 45869 | B65: MK68-000944 | C65: บจก.เคอรี่ฟลาวมิลล์ | D65: ถุงทองแซนวิช | E65: 19 | F65: 32 | G65: ขาว | H65: 0 | I65: 67 | J65: + | K65: 5 | L65: บิด | M65: ไม่สวมถุงใน | N65: 0 | O65: 0 | P65: 0 | Q65: 0 | R65: 0 | S65: ห่ออัดเบลแบน500 | T65: 45897 | U65: 5000 | V65: 0 | W65: 5000 | X65: 0 | Y65: 5250 | Z65: WSWT1921720 | AA65: 4679.95 | AB65: 0 | AC65: 4679.95 | AD65: 0 | AE65: 0 | AF65: PDR250253 | AG65: ยังไม่ได้พิมพ์ | AH65: P7 | AI65: 2 | AJ65: 45897 | AK65: 0 | AL65: 45888 | AM65: 45895 | AN65: 45896 | AO65: 45896 | AP65: 45892 | AQ65: 0 | AR65: 0 | AS65: 0 | AT65: 0 | AU65: 0 | AV65: 0 | AW65: งานพิมพ์ | AX65: / | AY65: 0 | AZ65: 0 | BA65: 0 | BB65: 0 | BC65: WRWT21720/WRWT25800 | BD65: 352.51463
A66: 45869 | B66: MK68-000944 | C66: บจก.เคอรี่ฟลาวมิลล์ | D66: แต้มฟ้า | E66: 19 | F66: 32 | G66: ขาว | H66: 0 | I66: 67 | J66: + | K66: 5 | L66: บิด | M66: ไม่สวมถุงใน | N66: 0 | O66: 0 | P66: 0 | Q66: 0 | R66: 0 | S66: ห่ออัดเบลแบน500 | T66: 45897 | U66: 5000 | V66: 0 | W66: 5000 | X66: 0 | Y66: 5250 | Z66: WSWT1921720 | AA66: 4679.95 | AB66: 0 | AC66: 4679.95 | AD66: 0 | AE66: 0 | AF66: PDR250253 | AG66: ผ้าขาว | AH66: P7 | AI66: 2 | AJ66: 45897 | AK66: 0 | AL66: 45888 | AM66: 45895 | AN66: 45896 | AO66: 45896 | AP66: 45892 | AQ66: 0 | AR66: 0 | AS66: 0 | AT66: 0 | AU66: 0 | AV66: 0 | AW66: งานพิมพ์ | AX66: / | AY66: 0 | AZ66: 0 | BA66: 0 | BB66: 0 | BC66: WRWT21720/WRWT25800 | BD66: 352.51463
A67: 45869 | B67: MK68-000944 | C67: บจก.เคอรี่ฟลาวมิลล์ | D67: หีบเพลงฟ้า | E67: 19 | F67: 32 | G67: ขาว | H67: 0 | I67: 67 | J67: + | K67: 5 | L67: บิด | M67: ไม่สวมถุงใน | N67: 0 | O67: 0 | P67: 0 | Q67: 0 | R67: 0 | S67: ห่ออัดเบลแบน500 | T67: 45897 | U67: 5000 | V67: 0 | W67: 5000 | X67: 0 | Y67: 5250 | Z67: WSWT1921720 | AA67: 4679.95 | AB67: 0 | AC67: 4679.95 | AD67: 0 | AE67: 0 | AF67: PDR250253 | AG67: ผ้าขาว | AH67: P7 | AI67: 2 | AJ67: 45897 | AK67: 0 | AL67: 45888 | AM67: 45895 | AN67: 45896 | AO67: 45896 | AP67: 45892 | AQ67: 0 | AR67: 0 | AS67: 0 | AT67: 0 | AU67: 0 | AV67: 0 | AW67: งานพิมพ์ | AX67: / | AY67: 0 | AZ67: 0 | BA67: 0 | BB67: 0 | BC67: WRWT21720/WRWT25800 | BD67: 352.51463
A68: 45869 | B68: MK68-000944 | C68: บจก.เคอรี่ฟลาวมิลล์ | D68: หีบเพลงเหลือง | E68: 19 | F68: 32 | G68: ขาว | H68: 0 | I68: 67 | J68: + | K68: 5 | L68: บิด | M68: ไม่สวมถุงใน | N68: 0 | O68: 0 | P68: 0 | Q68: 0 | R68: 0 | S68: ห่ออัดเบลแบน500 | T68: 45897 | U68: 5000 | V68: 0 | W68: 5000 | X68: 0 | Y68: 5250 | Z68: WSWT1921720 | AA68: 4679.95 | AB68: 0 | AC68: 4679.95 | AD68: 0 | AE68: 0 | AF68: PDR250253 | AG68: ผ้าขาว | AH68: P7 | AI68: 2 | AJ68: 45897 | AK68: 0 | AL68: 45888 | AM68: 45895 | AN68: 45896 | AO68: 45896 | AP68: 45892 | AQ68: 0 | AR68: 0 | AS68: 0 | AT68: 0 | AU68: 0 | AV68: 0 | AW68: งานพิมพ์ | AX68: / | AY68: 0 | AZ68: 0 | BA68: 0 | BB68: 0 | BC68: WRWT21720/WRWT25800 | BD68: 352.51463
A69: 45869 | B69: MK68-000945 | C69: บจก.เคอรี่ฟลาวมิลล์ | D69: ไม่พิมพ์ | E69: 19 | F69: 36 | G69: ขาว | H69: 0 | I69: 75 | J69: + | K69: 5 | L69: ไม่ | M69: ไม่สวมถุงใน | N69: 0 | O69: 0 | P69: 0 | Q69: 0 | R69: 0 | S69: ห่ออัดเบลแบน500 | T69: 45897 | U69: 5000 | V69: 0 | W69: 5000 | X69: 0 | Y69: 0 | Z69: WSWT1921720 | AA69: 5238.75 | AB69: 0 | AC69: 5238.75 | AD69: 0 | AE69: 0 | AF69: PDR250253 | AG69: พร้อมส่ง | AH69: P7 | AI69: 2 | AJ69: 45897 | AK69: 0 | AL69: 45888 | AM69: 45895 | AN69: 45896 | AO69: 45896 | AP69: 45892 | AQ69: 0 | AR69: 0 | AS69: 0 | AT69: 0 | AU69: 0 | AV69: 0 | AW69: งานพิมพ์ | AX69: / | AY69: 0 | AZ69: 0 | BA69: 0 | BB69: 0 | BC69: WRWT21720/WRWT25800 | BD69: 394.60593
A70: 45870 | B70: MK68-000953 | C70: บจก.เคอรี่ฟลาวมิลล์ | D70: ไม่พิมพ์ | E70: 19 | F70: 32 | G70: ขาว | H70: 0 | I70: 67 | J70: + | K70: 5 | L70: บิด | M70: ไม่สวมถุงใน | N70: 0 | O70: 0 | P70: 0 | Q70: 0 | R70: 0 | S70: ห่ออัดเบลแบน500 | T70: 45898 | U70: 20000 | V70: 0 | W70: 20000 | X70: 0 | Y70: 0 | Z70: WSWT1921720 | AA70: 18719.8 | AB70: 0 | AC70: 18719.8 | AD70: 0 | AE70: 0 | AF70: 0 | AG70: ยังไม่ได้พิมพ์ | AH70: P3 | AI70: 1 | AJ70: 45898 | AK70: 0 | AL70: 0 | AM70: 0 | AN70: 0 | AO70: 45897 | AP70: 45893 | AQ70: 0 | AR70: 0 | AS70: 0 | AT70: 0 | AU70: 0 | AV70: 0 | AW70: ตัด | AX70: 0 | AY70: 0 | AZ70: 0 | BA70: 0 | BB70: 0 | BC70: WRWT21720/WRWT25800 | BD70: 1410.0585
A71: 45870 | B71: MK68-000954 | C71: บจก.เคอรี่ฟลาวมิลล์ | D71: ไม่พิมพ์ | E71: 19 | F71: 32 | G71: ขาว | H71: 0 | I71: 67 | J71: + | K71: 5 | L71: บิด | M71: ไม่สวมถุงใน | N71: 0 | O71: 0 | P71: 0 | Q71: 0 | R71: 0 | S71: ห่ออัดเบลแบน500 | T71: 45898 | U71: 20000 | V71: 0 | W71: 20000 | X71: 0 | Y71: 0 | Z71: WSWT1921720 | AA71: 18719.8 | AB71: 0 | AC71: 18719.8 | AD71: 0 | AE71: 0 | AF71: 0 | AG71: พร้อมส่ง | AH71: P3 | AI71: 1 | AJ71: 45898 | AK71: 0 | AL71: 0 | AM71: 0 | AN71: 0 | AO71: 45897 | AP71: 45893 | AQ71: 0 | AR71: 0 | AS71: 0 | AT71: 0 | AU71: 0 | AV71: 0 | AW71: ตัด | AX71: 0 | AY71: 0 | AZ71: 0 | BA71: 0 | BB71: 0 | BC71: WRWT21720/WRWT25800 | BD71: 1410.0585
A72: 0 | B72: 0 | C72: 0 | D72: 0 | E72: 19 | F72: 30 | G72: 0 | H72: 0 | I72: 63 | J72: + | K72: 5 | L72: 0 | M72: 0 | N72: 0 | O72: 0 | P72: 0 | Q72: 0 | R72: 0 | S72: 0 | U72: 0 | V72: 0 | W72: 0 | X72: 0 | Y72: 0 | Z72: WSWT1921720 | AA72: 261254.05 | AB72: 53618.303 | AC72: 207635.75 | AD72: 0 | AE72: 0 | AF72: ระบุในSD | AG72: ยังไม่ได้พิมพ์ | AH72: 0 | AI72: Lead time | AJ72: 0 | AK72: 0 | AL72: 0 | AM72: 0 | AN72: 0 | AO72: 0 | AP72: 0 | AQ72: 0 | AR72: 0 | AS72: 0 | AT72: 0 | AU72: 0 | AV72: 0 | AW72: 0 | AX72: 0 | AY72: 0 | AZ72: 0 | BA72: 0 | BB72: 0 | BC72: WRWT190720/WRWT25800 | BD72: 0
A73: 45874 | B73: ใบรับคำสั่งซื้อ | C73: บจก.เอเชี่ยนเคมิคัล | D73: A.C.C.ภาษาอังกฤษ | E73: 19 | F73: 26 | G73: ขาว | H73: ด้าน | I73: 70 | J73: ± | K73: 5 | L73: ไม่ | M73: 20 | N73: 28 | O73: 50 | P73: 172.69643 | Q73: 0 | R73: 172.69643 | S73: มัด100 | T73: 45887 | U73: 10000 | V73: 0 | W73: 10000 | X73: 0 | Y73: 10500 | Z73: WSWT1925800SM | AA73: 7683.5 | AB73: 7683.5 | AC73: 0 | AD73: 0 | AE73: 7683.5 | AF73: 0 | AG73: พร้อมส่ง | AH73: P8 | AI73: 4 | AJ73: 45887 | AK73: 45883 | AL73: 45877 | AM73: 45884 | AN73: 45885 | AO73: 45885 | AP73: 45882 | AQ73: 45886 | AR73: 0 | AS73: 0 | AT73: 0 | AU73: 0 | AV73: 0 | AW73: งานเคลือบ+พิมพ์ | AX73: รอART | AY73: 0 | AZ73: 0 | BA73: 0 | BB73: 0 | BC73: WRWT25800/WRWT25800 | BD73: 0
A74: 0 | B74: 0 | C74: 0 | D74: 0 | E74: 19 | F74: 30 | G74: 0 | H74: 0 | I74: 56 | J74: ± | K74: 5 | L74: 0 | M74: 0 | N74: 0 | O74: 0 | P74: 0 | Q74: 0 | R74: 0 | S74: 0 | U74: 0 | W74: 0 | X74: 0 | Y74: 0 | Z74: WSWT1925800SM | AA74: 7683.5 | AB74: 7683.5 | AC74: 0 | AD74: 0 | AE74: 7683.5 | AF74: ระบุในSD | AG74: พร้อมส่ง | AH74: 0 | AI74: Lead time | AJ74: 0 | AK74: 0 | AL74: 0 | AM74: 0 | AN74: 0 | AO74: 0 | AP74: 0 | AQ74: 0 | AR74: 0 | AS74: 0 | AT74: 0 | AU74: 0 | AV74: 0 | AW74: 0 | AX74: 0 | AY74: 0 | AZ74: 0 | BA74: 0 | BB74: 0 | BC74: WRWT190800/WRWT25800 | BD74: 0
A75: 45874 | B75: ใบรับคำสั่งซื้อ | C75: บจก.อินเทคค์ โกลบอล | D75: เพอเฟคค์ 104Sโกลด์ | E75: 19 | F75: 34 | G75: ขาว | H75: ด้าน | I75: 100 | J75: ± | K75: 5 | L75: จับจีบ4" | M75: ไม่สวมถุงใน | N75: 0 | O75: 0 | P75: 0 | Q75: 0 | R75: 0 | S75: มัด80 ใช้สายรัด | T75: 45889 | U75: 5040 | V75: 0 | W75: 5040 | X75: 0 | Y75: 5292 | Z75: WSWT19251000SM | AA75: 4999.0248 | AB75: 0 | AC75: 4999.0248 | AD75: 0 | AE75: 4999.0248 | AF75: 0 | AG75: พร้อมส่ง | AH75: P6 | AI75: 4 | AJ75: 45889 | AK75: 45885 | AL75: 45878 | AM75: 45886 | AN75: 45887 | AO75: 45888 | AP75: 45884 | AQ75: 0 | AR75: 0 | AS75: 0 | AT75: 0 | AU75: 0 | AV75: 0 | AW75: งานเคลือบ+พิมพ์ | AX75: รอART | AY75: 0 | AZ75: 0 | BA75: 0 | BB75: 0 | BC75: WRWT251000/WRWT251000 | BD75: 422.13987
A76: 45796 | B76: MK68-000680 | C76: บจก.อินเทคค์ โกลบอล | D76: เพอเฟคค์103P โกลด์ | E76: 19 | F76: 34 | G76: ขาว | H76: ด้าน | I76: 100 | J76: ± | K76: 5 | L76: จับจีบ4" | M76: ไม่สวมถุงใน | N76: 0 | O76: 0 | P76: 0 | Q76: 0 | R76: 0 | S76: มัด80 ใช้สายรัด | T76: รอแจ้ง | U76: 503 | V76: 0 | W76: 503 | X76: 5250 | Y76: 0 | Z76: WSWT19251000SM | AA76: 0 | AB76: 0 | AC76: 0 | AD76: 0 | AE76: 0 | AF76: 0 | AG76: พร้อมส่ง | AH76: P6 | AI76: 4 | AJ76: รอแจ้ง | AK76: #VALUE! | AL76: #VALUE! | AM76: #VALUE! | AN76: #VALUE! | AO76: #VALUE! | AP76: #VALUE! | AQ76: 0 | AR76: 0 | AS76: 0 | AT76: 0 | AU76: 0 | AV76: 0 | AW76: งานเคลือบ+พิมพ์ | AX76: / | AY76: 0 | AZ76: 0 | BA76: 0 | BB76: 0 | BC76: WRWT251000/WRWT251000 | BD76: 0
A77: 0 | B77: 0 | C77: 0 | D77: 0 | E77: 19 | F77: 34 | G77: ขาว | H77: 0 | I77: 80 | J77: ± | K77: 5 | L77: 0 | M77: 0 | N77: 0 | O77: 0 | P77: 0 | Q77: 0 | R77: 0 | S77: 0 | U77: 0 | V77: 0 | W77: 0 | X77: 0 | Y77: 0 | Z77: WSWT19251000SM | AA77: 4999.0248 | AB77: 0 | AC77: 4999.0248 | AD77: 0 | AE77: 4999.0248 | AF77: ระบุในSD | AG77: พร้อมส่ง | AH77: 0 | AI77: Lead time | AJ77: 0 | AK77: 0 | AL77: 0 | AM77: 0 | AN77: 0 | AO77: 0 | AP77: 0 | AQ77: 0 | AR77: 0 | AS77: 0 | AT77: 0 | AU77: 0 | AV77: 0 | AW77: 0 | AX77: 0 | AY77: 0 | AZ77: 0 | BA77: 0 | BB77: 0 | BC77: WRWT251000/WRYL251000 | BD77: 0
A78: 45857 | B78: MK68-000902 | C78: บจก.อินเทคค์ โกลบอล | D78: เพอเฟคค์ 000 | E78: 20 | F78: 36 | G78: ขาว | H78: ด้าน | I78: 100 | J78: ± | K78: 5 | L78: จับจีบ | M78: ไม่สวมถุงใน | N78: 0 | O78: 0 | P78: 0 | Q78: 0 | R78: 0 | S78: มัด80 ใช้สายรัด | T78: รอแจ้ง | U78: 120 | V78: 0 | W78: 120 | X78: 11000 | Y78: 0 | Z78: WSWT2025800SM | AA78: 0 | AB78: 0 | AC78: 0 | AD78: 0 | AE78: 0 | AF78: 0 | AG78: พร้อมส่ง | AH78: P6 | AI78: 4 | AJ78: รอแจ้ง | AK78: #VALUE! | AL78: #VALUE! | AM78: #VALUE! | AN78: #VALUE! | AO78: #VALUE! | AP78: #VALUE! | AQ78: 0 | AR78: 0 | AS78: 0 | AT78: 0 | AU78: 0 | AV78: 0 | AW78: งานเคลือบ+พิมพ์ | AX78: / | AY78: 0 | AZ78: 0 | BA78: 0 | BB78: 0 | BC78: WRWT25850/WRWT25850 | BD78: 0
A79: 45810 | B79: MK68-000742 | C79: บจก.เอสพีเอ็ม อาหารสัตว์ | D79: นีโอ 05 | E79: 20 | F79: 38 | G79: ขาว | H79: ด้าน | I79: 100 | J79: ± | K79: 5 | L79: ไม่ | M79: ไม่สวมถุงใน | N79: 0 | O79: 0 | P79: 0 | Q79: 0 | R79: 0 | S79: 500กระสอบแบน | T79: รอส่ง | U79: 2500 | V79: 2500 | W79: 0 | X79: 5560 | Y79: 0 | Z79: WSWT2025800SM | AA79: 0 | AB79: 0 | AC79: 0 | AD79: 0 | AE79: 0 | AF79: 0 | AG79: รอตัด | AH79: P6 | AI79: 4 | AJ79: รอส่ง | AK79: #VALUE! | AL79: #VALUE! | AM79: #VALUE! | AN79: #VALUE! | AO79: #VALUE! | AP79: #VALUE! | AQ79: 0 | AR79: 0 | AS79: 0 | AT79: 0 | AU79: 0 | AV79: 0 | AW79: งานเคลือบ+พิมพ์ | AX79: / | AY79: 0 | AZ79: 0 | BA79: 0 | BB79: 0 | BC79: WRWT25850/WRWT25850 | BD79: 0
A80: 45847 | B80: MK68-000874 | C80: บจก.เอสพีเอ็ม อาหารสัตว์ | D80: SPM 912 | E80: 20 | F80: 38 | G80: ขาว | H80: ด้าน | I80: 100 | J80: ± | K80: 5 | L80: บิด | M80: ไม่สวมถุงใน | N80: 0 | O80: 0 | P80: 0 | Q80: 0 | R80: 0 | S80: 500กระสอบแบน | T80: 45876 | U80: 3000 | V80: 0 | W80: 3000 | X80: 0 | Y80: 3150 | Z80: WSWT2025800SM | AA80: 3310.89 | AB80: 3310.89 | AC80: 0 | AD80: 3310.89 | AE80: 0 | AF80: 0 | AG80: ยังไม่ได้พิมพ์ | AH80: P6 | AI80: 4 | AJ80: 45876 | AK80: 45872 | AL80: 45865 | AM80: 45873 | AN80: 45874 | AO80: 45875 | AP80: 45871 | AQ80: 0 | AR80: 0 | AS80: 0 | AT80: 0 | AU80: 0 | AV80: 0 | AW80: งานเคลือบ+พิมพ์ | AX80: / | AY80: 0 | AZ80: 0 | BA80: 0 | BB80: 0 | BC80: WRWT25850/WRWT25850 | BD80: 0
A81: 45870 | B81: MK68-000948 | C81: บจก.เอสพีเอ็ม อาหารสัตว์ | D81: SPM 202 | E81: 20 | F81: 40 | G81: ขาว | H81: ด้าน | I81: 108 | J81: ± | K81: 5 | L81: บิด | M81: ไม่สวมถุงใน | N81: 0 | O81: 0 | P81: 0 | Q81: 0 | R81: 0 | S81: 500กระสอบแบน | T81: 45876 | U81: 3000 | V81: 3000 | W81: 0 | X81: 3300 | Y81: 0 | Z81: WSWT2025800SM | AA81: 0 | AB81: 0 | AC81: 0 | AD81: 0 | AE81: 0 | AF81: 0 | AG81: ยังไม่ได้พิมพ์ | AH81: P6 | AI81: 4 | AJ81: 45876 | AK81: 45872 | AL81: 45865 | AM81: 45873 | AN81: 45874 | AO81: 45875 | AP81: 45871 | AQ81: 0 | AR81: 0 | AS81: 0 | AT81: 0 | AU81: 0 | AV81: 0 | AW81: งานเคลือบ+พิมพ์ | AX81: / | AY81: 0 | AZ81: 0 | BA81: 0 | BB81: 0 | BC81: WRWT25850/WRWT25850 | BD81: 0
A82: 45870 | B82: MK68-000947 | C82: บจก.เอสพีเอ็ม อาหารสัตว์ | D82: SPM 914 | E82: 20 | F82: 38 | G82: ขาว | H82: ด้าน | I82: 100 | J82: ± | K82: 5 | L82: บิด | M82: ไม่สวมถุงใน | N82: 0 | O82: 0 | P82: 0 | Q82: 0 | R82: 0 | S82: 500กระสอบแบน | T82: 45876 | U82: 3000 | V82: 0 | W82: 3000 | X82: 3480 | Y82: 0 | Z82: WSWT2025800SM | AA82: 0 | AB82: 0 | AC82: 0 | AD82: 0 | AE82: 0 | AF82: 0 | AG82: พร้อมส่ง | AH82: P6 | AI82: 4 | AJ82: 45876 | AK82: 45872 | AL82: 45865 | AM82: 45873 | AN82: 45874 | AO82: 45875 | AP82: 45871 | AQ82: 0 | AR82: 0 | AS82: 0 | AT82: 0 | AU82: 0 | AV82: 0 | AW82: งานเคลือบ+พิมพ์ | AX82: / | AY82: 0 | AZ82: 0 | BA82: 0 | BB82: 0 | BC82: WRWT25850/WRWT25850 | BD82: 0
A83: 45850 | B83: MK68-000880 | C83: บจก.เอพีเอ็ม อะโกร | D83: SPM195 GOAL | E83: 20 | F83: 38 | G83: ขาว | H83: ใส | I83: 100 | J83: ± | K83: 5 | L83: บิด | M83: ไม่สวมถุงใน | N83: 0 | O83: 0 | P83: 0 | Q83: 0 | R83: 0 | S83: 500กระสอบแบน | T83: 45883 | U83: 4000 | V83: 0 | W83: 4000 | X83: 0 | Y83: 4200 | Z83: WSWT2025800SM | AA83: 4414.52 | AB83: 4414.52 | AC83: 0 | AD83: 4414.52 | AE83: 0 | AF83: 0 | AG83: ยังไม่ได้พิมพ์ | AH83: P6 | AI83: 4 | AJ83: 45883 | AK83: 45879 | AL83: 45872 | AM83: 45880 | AN83: 45881 | AO83: 45882 | AP83: 45878 | AQ83: 0 | AR83: 0 | AS83: 0 | AT83: 0 | AU83: 0 | AV83: 0 | AW83: งานเคลือบ+พิมพ์ | AX83: / | AY83: 0 | AZ83: 0 | BA83: 0 | BB83: 0 | BC83: WRWT25850/WRWT25850 | BD83: 0
A84: 45868 | B84: MK68-000952 | C84: บจก.วีซีเอฟ | D84: VC 100 | E84: 20 | F84: 37 | G84: ขาว | H84: ใส | I84: 100 | J84: ± | K84: 5 | L84: บิด | M84: ไม่สวมถุงใน | N84: 0 | O84: 0 | P84: 0 | Q84: 0 | R84: 0 | S84: 500กระสอบแบน | T84: 45894 | U84: 30000 | V84: 0 | W84: 30000 | X84: 0 | Y84: 31500 | Z84: WSWT2025800SM | AA84: 32270.7 | AB84: 25152 | AC84: 7118.7 | AD84: 4300 | AE84: 27970.7 | AF84: 0 | AG84: ยังไม่ได้พิมพ์ | AH84: P6 | AI84: 4 | AJ84: 45894 | AK84: 45890 | AL84: 45883 | AM84: 45891 | AN84: 45892 | AO84: 45893 | AP84: 45889 | AQ84: 0 | AR84: 0 | AS84: 0 | AT84: 0 | AU84: 0 | AV84: 0 | AW84: งานเคลือบ+พิมพ์ | AX84: / | AY84: 0 | AZ84: 0 | BA84: 0 | BB84: 0 | BC84: WRWT25850/WRWT25850 | BD84: 537.85733
A85: 45868 | B85: MK68-000952 | C85: บจก.วีซีเอฟ | D85: VC 193 | E85: 20 | F85: 37 | G85: ขาว | H85: ใส | I85: 100 | J85: ± | K85: 5 | L85: บิด | M85: ไม่สวมถุงใน | N85: 0 | O85: 0 | P85: 0 | Q85: 0 | R85: 0 | S85: 500กระสอบแบน | T85: 45894 | U85: 20000 | V85: 20000 | W85: 0 | X85: 20197 | Y85: 0 | Z85: WSWT2025800SM | AA85: 0 | AB85: 0 | AC85: 0 | AD85: 0 | AE85: 0 | AF85: 0 | AG85: ยังไม่ได้พิมพ์ | AH85: P6 | AI85: 4 | AJ85: 45894 | AK85: 45890 | AL85: 45883 | AM85: 45891 | AN85: 45892 | AO85: 45893 | AP85: 45889 | AQ85: 0 | AR85: 0 | AS85: 0 | AT85: 0 | AU85: 0 | AV85: 0 | AW85: งานเคลือบ+พิมพ์ | AX85: / | AY85: 0 | AZ85: 0 | BA85: 0 | BB85: 0 | BC85: WRWT25850/WRWT25850 | BD85: 0
A86: 45868 | B86: MK68-000952 | C86: บจก.วีซีเอฟ | D86: JET 180 | E86: 20 | F86: 37 | G86: ขาว | H86: ใส | I86: 100 | J86: ± | K86: 5 | L86: ไม่ | M86: ไม่สวมถุงใน | N86: 0 | O86: 0 | P86: 0 | Q86: 0 | R86: 0 | S86: 500กระสอบแบน | T86: 45894 | U86: 5000 | V86: 0 | W86: 5000 | X86: 0 | Y86: 5250 | Z86: WSWT2025800SM | AA86: 5378.45 | AB86: 0 | AC86: 5378.45 | AD86: 0 | AE86: 5378.45 | AF86: 0 | AG86: ยังไม่ได้พิมพ์ | AH86: P6 | AI86: 4 | AJ86: 45894 | AK86: 45890 | AL86: 45883 | AM86: 45891 | AN86: 45892 | AO86: 45893 | AP86: 45889 | AQ86: 0 | AR86: 0 | AS86: 0 | AT86: 0 | AU86: 0 | AV86: 0 | AW86: งานเคลือบ+พิมพ์ | AX86: / | AY86: 0 | AZ86: 0 | BA86: 0 | BB86: 0 | BC86: WRWT25850/WRWT25850 | BD86: 406.37178
A87: 45873 | B87: ใบรับคำสั่งซื้อ | C87: บจก.วีซีเอฟ | D87: JET 405โปรตีน16% | E87: 20 | F87: 37 | G87: ขาว | H87: ใส | I87: 100 | J87: ± | K87: 5 | L87: ไม่ | M87: ไม่สวมถุงใน | N87: 0 | O87: 0 | P87: 0 | Q87: 0 | R87: 0 | S87: 500กระสอบแบน | T87: 45894 | U87: 10000 | V87: 0 | W87: 10000 | X87: 0 | Y87: 10500 | Z87: WSWT2025800SM | AA87: 10756.9 | AB87: 0 | AC87: 10756.9 | AD87: 0 | AE87: 10756.9 | AF87: 0 | AG87: ยังไม่ได้พิมพ์ | AH87: P6 | AI87: 4 | AJ87: 45894 | AK87: 45890 | AL87: 45883 | AM87: 45891 | AN87: 45892 | AO87: 45893 | AP87: 45889 | AQ87: 0 | AR87: 0 | AS87: 0 | AT87: 0 | AU87: 0 | AV87: 0 | AW87: งานเคลือบ+พิมพ์ | AX87: 0 | AY87: 0 | AZ87: 0 | BA87: 0 | BB87: 0 | BC87: WRWT25850/WRWT25850 | BD87: 812.74356
A88: 45873 | B88: ใบรับคำสั่งซื้อ | C88: บจก.วีซีเอฟ | D88: JET 405โปรตีน18% | E88: 20 | F88: 37 | G88: ขาว | H88: ใส | I88: 100 | J88: ± | K88: 5 | L88: ไม่ | M88: ไม่สวมถุงใน | N88: 0 | O88: 0 | P88: 0 | Q88: 0 | R88: 0 | S88: 500กระสอบแบน | T88: 45894 | U88: 20000 | V88: 0 | W88: 20000 | X88: 0 | Y88: 21000 | Z88: WSWT2025800SM | AA88: 21513.8 | AB88: 0 | AC88: 21513.8 | AD88: 0 | AE88: 21513.8 | AF88: 0 | AG88: ยังไม่ได้พิมพ์ | AH88: P6 | AI88: 4 | AJ88: 45894 | AK88: 45890 | AL88: 45883 | AM88: 45891 | AN88: 45892 | AO88: 45893 | AP88: 45889 | AQ88: 0 | AR88: 0 | AS88: 0 | AT88: 0 | AU88: 0 | AV88: 0 | AW88: งานเคลือบ+พิมพ์ | AX88: 0 | AY88: 0 | AZ88: 0 | BA88: 0 | BB88: 0 | BC88: WRWT25850/WRWT25850 | BD88: 1625.4871
A89: 45873 | B89: ใบรับคำสั่งซื้อ | C89: บจก.วีซีเอฟ | D89: R FEED 405A | E89: 20 | F89: 37 | G89: ขาว | H89: ใส | I89: 100 | J89: ± | K89: 5 | L89: ไม่ | M89: ไม่สวมถุงใน | N89: 0 | O89: 0 | P89: 0 | Q89: 0 | R89: 0 | S89: 500กระสอบแบน | T89: 45894 | U89: 10000 | V89: 0 | W89: 10000 | X89: 0 | Y89: 10500 | Z89: WSWT2025800SM | AA89: 10756.9 | AB89: 0 | AC89: 10756.9 | AD89: 0 | AE89: 10756.9 | AF89: 0 | AG89: ยังไม่ได้พิมพ์ | AH89: P6 | AI89: 4 | AJ89: 45894 | AK89: 45890 | AL89: 45883 | AM89: 45891 | AN89: 45892 | AO89: 45893 | AP89: 45889 | AQ89: 0 | AR89: 0 | AS89: 0 | AT89: 0 | AU89: 0 | AV89: 0 | AW89: งานเคลือบ+พิมพ์ | AX89: 0 | AY89: 0 | AZ89: 0 | BA89: 0 | BB89: 0 | BC89: WRWT25850/WRWT25850 | BD89: 812.74356
A90: 45873 | B90: ใบรับคำสั่งซื้อ | C90: บจก.วีซีเอฟ | D90: SPEED PLUS 999 ENG | E90: 20 | F90: 37 | G90: ขาว | H90: ใส | I90: 100 | J90: ± | K90: 5 | L90: ไม่ | M90: ไม่สวมถุงใน | N90: 0 | O90: 0 | P90: 0 | Q90: 0 | R90: 0 | S90: 500กระสอบแบน | T90: 45894 | U90: 5000 | V90: 0 | W90: 5000 | X90: 0 | Y90: 5250 | Z90: WSWT2025800SM | AA90: 5378.45 | AB90: 0 | AC90: 5378.45 | AD90: 0 | AE90: 5378.45 | AF90: 0 | AG90: พร้อมส่ง | AH90: P6 | AI90: 4 | AJ90: 45894 | AK90: 45890 | AL90: 45883 | AM90: 45891 | AN90: 45892 | AO90: 45893 | AP90: 45889 | AQ90: 0 | AR90: 0 | AS90: 0 | AT90: 0 | AU90: 0 | AV90: 0 | AW90: งานเคลือบ+พิมพ์ | AX90: 0 | AY90: 0 | AZ90: 0 | BA90: 0 | BB90: 0 | BC90: WRWT25850/WRWT25850 | BD90: 406.37178
A91: 45874 | B91: ใบรับคำสั่งซื้อ | C91: บจก.อินเทคค์ โกลบอล | D91: เพอเฟคค์ 912 | E91: 20 | F91: 36 | G91: ขาว | H91: ด้าน | I91: 100 | J91: ± | K91: 5 | L91: จับจีบ | M91: ไม่สวมถุงใน | N91: 0 | O91: 0 | P91: 0 | Q91: 0 | R91: 0 | S91: มัด80 ใช้สายรัด | T91: 45888 | U91: 10000 | V91: 0 | W91: 10000 | X91: 0 | Y91: 10500 | Z91: WSWT2025800SM | AA91: 10477.5 | AB91: 0 | AC91: 10477.5 | AD91: 0 | AE91: 10477.5 | AF91: 0 | AG91: ยังไม่ได้พิมพ์ | AH91: P6 | AI91: 4 | AJ91: 45888 | AK91: 45884 | AL91: 45877 | AM91: 45885 | AN91: 45886 | AO91: 45887 | AP91: 45883 | AQ91: 0 | AR91: 0 | AS91: 0 | AT91: 0 | AU91: 0 | AV91: 0 | AW91: งานเคลือบ+พิมพ์ | AX91: รอART | AY91: 0 | AZ91: 0 | BA91: 0 | BB91: 0 | BC91: WRWT25850/WRWT25850 | BD91: 791.63333
A92: 45874 | B92: ใบรับคำสั่งซื้อ | C92: บจก.อินเทคค์ โกลบอล | D92: เพอเฟคค์ 916 | E92: 20 | F92: 36 | G92: ขาว | H92: ด้าน | I92: 100 | J92: ± | K92: 5 | L92: จับจีบ | M92: ไม่สวมถุงใน | N92: 0 | O92: 0 | P92: 0 | Q92: 0 | R92: 0 | S92: มัด80 ใช้สายรัด | T92: 45887 | U92: 10000 | V92: 0 | W92: 10000 | X92: 0 | Y92: 10500 | Z92: WSWT2025800SM | AA92: 10477.5 | AB92: 0 | AC92: 10477.5 | AD92: 0 | AE92: 10477.5 | AF92: 0 | AG92: พร้อมส่ง | AH92: P6 | AI92: 4 | AJ92: 45887 | AK92: 45883 | AL92: 45876 | AM92: 45884 | AN92: 45885 | AO92: 45886 | AP92: 45882 | AQ92: 0 | AR92: 0 | AS92: 0 | AT92: 0 | AU92: 0 | AV92: 0 | AW92: งานเคลือบ+พิมพ์ | AX92: รอART | AY92: 0 | AZ92: 0 | BA92: 0 | BB92: 0 | BC92: WRWT25850/WRWT25850 | BD92: 791.63333
A93: 45796 | B93: MK68-000676 | C93: บจก.อินเทคค์ โกลบอล | D93: เพอเฟคค์ 916 | E93: 20 | F93: 36 | G93: ขาว | H93: ด้าน | I93: 100 | J93: ± | K93: 5 | L93: จับจีบ | M93: ไม่สวมถุงใน | N93: 0 | O93: 0 | P93: 0 | Q93: 0 | R93: 0 | S93: มัด80 ใช้สายรัด | T93: 45887 | U93: 614 | V93: 0 | W93: 614 | X93: 0 | Y93: 644.7 | Z93: WSWT2025800SM | AA93: 643.3185 | AB93: 0 | AC93: 643.3185 | AD93: 0 | AE93: 643.3185 | AF93: 0 | AG93: รอแบบ | AH93: P6 | AI93: 4 | AJ93: 45887 | AK93: 45883 | AL93: 45876 | AM93: 45884 | AN93: 45885 | AO93: 45886 | AP93: 45882 | AQ93: 0 | AR93: 0 | AS93: 0 | AT93: 0 | AU93: 0 | AV93: 0 | AW93: งานเคลือบ+พิมพ์ | AX93: / | AY93: 0 | AZ93: 0 | BA93: 0 | BB93: 0 | BC93: WRWT25850/WRWT25850 | BD93: 48.606287
A94: 45874 | B94: ใบรับคำสั่งซื้อ | C94: บจก.อินเทคค์ โกลบอล | D94: เฟิร์สคลาส 912 | E94: 20 | F94: 35 | G94: ขาว | H94: ด้าน | I94: 97 | J94: ± | K94: 5 | L94: จับจีบ | M94: ไม่สวมถุงใน | N94: 0 | O94: 0 | P94: 0 | Q94: 0 | R94: 0 | S94: มัด80 ใช้สายรัด | T94: 45887 | U94: 5040 | V94: 0 | W94: 5040 | X94: 0 | Y94: 5292 | Z94: WSWT2025800SM | AA94: 5139.8424 | AB94: 0 | AC94: 5139.8424 | AD94: 0 | AE94: 5139.8424 | AF94: 0 | AG94: รอแบบ | AH94: P6 | AI94: 4 | AJ94: 45887 | AK94: 45883 | AL94: 45876 | AM94: 45884 | AN94: 45885 | AO94: 45886 | AP94: 45882 | AQ94: 0 | AR94: 0 | AS94: 0 | AT94: 0 | AU94: 0 | AV94: 0 | AW94: งานเคลือบ+พิมพ์ | AX94: รอART | AY94: 0 | AZ94: 0 | BA94: 0 | BB94: 0 | BC94: WRWT25850/WRWT25850 | BD94: 388.34365
A95: 45827 | B95: MK68-000810 | C95: บจก.อินเทคค์ โกลบอล | D95: เฟิร์สคลาส 912 | E95: 20 | F95: 35 | G95: ขาว | H95: ด้าน | I95: 97 | J95: ± | K95: 5 | L95: จับจีบ4" | M95: ไม่สวมถุงใน | N95: 0 | O95: 0 | P95: 0 | Q95: 0 | R95: 0 | S95: มัด80 ใช้สายรัด | T95: 45887 | U95: 455 | V95: 0 | W95: 455 | X95: 0 | Y95: 477.75 | Z95: WSWT2025800SM | AA95: 464.01355 | AB95: 0 | AC95: 464.01355 | AD95: 0 | AE95: 464.01355 | AF95: 0 | AG95: รอแบบ | AH95: P6 | AI95: 4 | AJ95: 45887 | AK95: 45883 | AL95: 45876 | AM95: 45884 | AN95: 45885 | AO95: 45886 | AP95: 45882 | AQ95: 0 | AR95: 0 | AS95: 0 | AT95: 0 | AU95: 0 | AV95: 0 | AW95: งานเคลือบ+พิมพ์ | AX95: / | AY95: 0 | AZ95: 0 | BA95: 0 | BB95: 0 | BC95: WRWT25850/WRWT25850 | BD95: 35.058802
A96: ประมาณการ | B96: ประมาณการ | C96: บจก.อินเทคค์ โกลบอล | D96: รอแบบ | E96: 20 | F96: 36 | G96: ขาว | H96: ด้าน | I96: 100 | J96: ± | K96: 5 | L96: จับจีบ | M96: ไม่สวมถุงใน | N96: 0 | O96: 0 | P96: 0 | Q96: 0 | R96: 0 | S96: มัด80 ใช้สายรัด | T96: 45899 | U96: 65000 | V96: 0 | W96: 65000 | X96: 0 | Y96: 68250 | Z96: WSWT2025800SM | AA96: 66246 | AB96: 0 | AC96: 66246 | AD96: 0 | AE96: 66246 | AF96: 0 | AG96: รอแบบ | AH96: P6 | AI96: 4 | AJ96: 45899 | AK96: 45895 | AL96: 45888 | AM96: 45896 | AN96: 45897 | AO96: 45898 | AP96: 45894 | AQ96: 0 | AR96: 0 | AS96: 0 | AT96: 0 | AU96: 0 | AV96: 0 | AW96: งานเคลือบ+พิมพ์ | AX96: รอART | AY96: 0 | AZ96: 0 | BA96: 0 | BB96: 0 | BC96: WRWT25850/WRWT25850 | BD96: 7916.3333
A97: ประมาณการ | B97: ประมาณการ | C97: บจก.เอสพีเอ็ม อาหารสัตว์ | D97: รอแบบ | E97: 20 | F97: 38 | G97: ขาว | H97: ใส | I97: 100 | J97: ± | K97: 5 | L97: บิด | M97: ไม่สวมถุงใน | N97: 0 | O97: 0 | P97: 0 | Q97: 0 | R97: 0 | S97: 500กระสอบแบน | T97: 45899 | U97: 20000 | V97: 0 | W97: 20000 | X97: 0 | Y97: 21000 | Z97: WSWT2025800SM | AA97: 22072.6 | AB97: 0 | AC97: 22072.6 | AD97: 0 | AE97: 22072.6 | AF97: 0 | AG97: พร้อมส่ง | AH97: P6 | AI97: 4 | AJ97: 45899 | AK97: 45895 | AL97: 45888 | AM97: 45896 | AN97: 45897 | AO97: 45898 | AP97: 45894 | AQ97: 0 | AR97: 0 | AS97: 0 | AT97: 0 | AU97: 0 | AV97: 0 | AW97: งานเคลือบ+พิมพ์ | AX97: รอART | AY97: 0 | AZ97: 0 | BA97: 0 | BB97: 0 | BC97: WRWT25850/WRWT25850 | BD97: 1667.7076
A98: ประมาณการ | B98: ประมาณการ | C98: บจก.ไทยธรรมดี | D98: รอแบบ | E98: 20 | F98: 37 | G98: ขาว | H98: ด้าน | I98: 97 | J98: ± | K98: 5 | L98: บิด | M98: ไม่สวมถุงใน | N98: 0 | O98: 0 | P98: 0 | Q98: 0 | R98: 0 | S98: 500กระสอบ | T98: 45899 | U98: 20000 | V98: 0 | W98: 20000 | X98: 0 | Y98: 21000 | Z98: WSWT2025800SM | AA98: 21513.8 | AB98: 0 | AC98: 21513.8 | AD98: 0 | AE98: 21513.8 | AF98: 0 | AG98: พร้อมส่ง | AH98: P6 | AI98: 4 | AJ98: 45899 | AK98: 45895 | AL98: 45888 | AM98: 45896 | AN98: 45897 | AO98: 45898 | AP98: 45894 | AQ98: 0 | AR98: 0 | AS98: 0 | AT98: 0 | AU98: 0 | AV98: 0 | AW98: งานเคลือบ+พิมพ์ | AX98: รอART | AY98: 0 | AZ98: 0 | BA98: 0 | BB98: 0 | BC98: WRWT25850/WRWT25850 | BD98: 1625.4871
A99: ประมาณการ | B99: ประมาณการ | C99: บจก.ซันฟีด | D99: รอแบบ | E99: 20 | F99: 38 | G99: ขาว | H99: ด้าน | I99: 100 | J99: + | K99: 0 | L99: บิด | M99: ไม่สวมถุงใน | N99: 0 | O99: 0 | P99: 0 | Q99: 0 | R99: 0 | S99: 300กระสอบแบนเต็มใบ | T99: รอแจ้ง | U99: 100000 | V99: 0 | W99: 100000 | X99: 0 | Y99: 105000 | Z99: WSWT2025800SM | AA99: 110363 | AB99: 0 | AC99: 110363 | AD99: 0 | AE99: 110363 | AF99: 0 | AG99: รอตัด | AH99: P6 | AI99: 4 | AJ99: รอแจ้ง | AK99: #VALUE! | AL99: #VALUE! | AM99: #VALUE! | AN99: #VALUE! | AO99: #VALUE! | AP99: #VALUE! | AQ99: 0 | AR99: 0 | AS99: 0 | AT99: 0 | AU99: 0 | AV99: 0 | AW99: งานเคลือบ+พิมพ์ | AX99: รอART | AY99: 0 | AZ99: 0 | BA99: 0 | BB99: 0 | BC99: WRWT25850/WRWT25850 | BD99: 8338.5378
A100: 45825 | B100: MK68-000796 | C100: บจก.อินเทคค์ โกลบอล | D100: เฟิร์สช้อย 911 | E100: 20 | F100: 36 | G100: ขาว | H100: ด้าน | I100: 100 | J100: ± | K100: 5 | L100: จับจีบ4" | M100: ไม่สวมถุงใน | N100: 0 | O100: 0 | P100: 0 | Q100: 0 | R100: 0 | S100: มัด80 ใช้สายรัด | T100: รอแจ้ง | U100: 127 | V100: 0 | W100: 127 | X100: 6000 | Y100: 0 | Z100: WSWT2025800SM | AA100: 0 | AB100: 0 | AC100: 0 | AD100: 0 | AE100: 0 | AF100: 0 | AG100: พร้อมส่ง | AH100: P6 | AI100: 4 | AJ100: รอแจ้ง | AK100: #VALUE! | AL100: #VALUE! | AM100: #VALUE! | AN100: #VALUE! | AO100: #VALUE! | AP100: #VALUE! | AQ100: 0 | AR100: 0 | AS100: 0 | AT100: 0 | AU100: 0 | AV100: 0 | AW100: งานเคลือบ+พิมพ์ | AX100: / | AY100: 0 | AZ100: 0 | BA100: 0 | BB100: 0 | BC100: WRWT25850/WRWT25850 | BD100: 0
A101: 45825 | B101: MK68-000801 | C101: บจก.อินเทคค์ โกลบอล | D101: สุบรรณ 111 | E101: 20 | F101: 36 | G101: ขาว | H101: ด้าน | I101: 100 | J101: ± | K101: 5 | L101: จับจีบ3.5" | M101: ไม่สวมถุงใน | N101: 0 | O101: 0 | P101: 0 | Q101: 0 | R101: 0 | S101: มัด80 ใช้สายรัด | T101: รอแจ้ง | U101: 894 | V101: 525 | W101: 369 | X101: 6000 | Y101: 0 | Z101: WSWT2025800SM | AA101: 0 | AB101: 0 | AC101: 0 | AD101: 0 | AE101: 0 | AF101: 0 | AG101: พร้อมส่ง | AH101: P6 | AI101: 4 | AJ101: รอแจ้ง | AK101: #VALUE! | AL101: #VALUE! | AM101: #VALUE! | AN101: #VALUE! | AO101: #VALUE! | AP101: #VALUE! | AQ101: 0 | AR101: 0 | AS101: 0 | AT101: 0 | AU101: 0 | AV101: 0 | AW101: งานเคลือบ+พิมพ์ | AX101: / | AY101: 0 | AZ101: 0 | BA101: 0 | BB101: 0 | BC101: WRWT25850/WRWT25850 | BD101: 0
A102: 45796 | B102: MK68-000675 | C102: บจก.อินเทคค์ โกลบอล | D102: เพอเฟคค์ 914 | E102: 20 | F102: 36 | G102: ขาว | H102: ด้าน | I102: 100 | J102: ± | K102: 5 | L102: จับจีบ | M102: ไม่สวมถุงใน | N102: 0 | O102: 0 | P102: 0 | Q102: 0 | R102: 0 | S102: มัด80 ใช้สายรัด | T102: รอแจ้ง | U102: 3360 | V102: 0 | W102: 3360 | X102: 35200 | Y102: 0 | Z102: WSWT2025800SM | AA102: 0 | AB102: 0 | AC102: 0 | AD102: 0 | AE102: 0 | AF102: 0 | AG102: รอตัด | AH102: P6 | AI102: 4 | AJ102: รอแจ้ง | AK102: #VALUE! | AL102: #VALUE! | AM102: #VALUE! | AN102: #VALUE! | AO102: #VALUE! | AP102: #VALUE! | AQ102: 0 | AR102: 0 | AS102: 0 | AT102: 0 | AU102: 0 | AV102: 0 | AW102: งานเคลือบ+พิมพ์ | AX102: / | AY102: 2/6---6/6 | AZ102: 0 | BA102: 0 | BB102: 0 | BC102: WRWT25850/WRWT25850 | BD102: 0
A103: 45796 | B103: MK68-000671 | C103: บจก.อินเทคค์ โกลบอล | D103: เฟิร์สช้อย 902 | E103: 20 | F103: 36 | G103: ขาว | H103: ด้าน | I103: 100 | J103: ± | K103: 5 | L103: จับจีบ | M103: ไม่สวมถุงใน | N103: 0 | O103: 0 | P103: 0 | Q103: 0 | R103: 0 | S103: มัด80 ใช้สายรัด | T103: รอแจ้ง | U103: 366 | V103: 0 | W103: 366 | X103: 5113 | Y103: 0 | Z103: WSWT2025800SM | AA103: 0 | AB103: 0 | AC103: 0 | AD103: 0 | AE103: 0 | AF103: 0 | AG103: ยังไม่ได้พิมพ์ | AH103: P6 | AI103: 4 | AJ103: รอแจ้ง | AK103: #VALUE! | AL103: #VALUE! | AM103: #VALUE! | AN103: #VALUE! | AO103: #VALUE! | AP103: #VALUE! | AQ103: 0 | AR103: 0 | AS103: 0 | AT103: 0 | AU103: 0 | AV103: 0 | AW103: งานเคลือบ+พิมพ์ | AX103: / | AY103: 0 | AZ103: 0 | BA103: 0 | BB103: 0 | BC103: WRWT25850/WRWT25850 | BD103: 0
A104: 45796 | B104: MK68-000673 | C104: บจก.อินเทคค์ โกลบอล | D104: เพอเฟคค์ 902 | E104: 20 | F104: 36 | G104: ขาว | H104: ด้าน | I104: 100 | J104: ± | K104: 5 | L104: จับจีบ | M104: ไม่สวมถุงใน | N104: 0 | O104: 0 | P104: 0 | Q104: 0 | R104: 0 | S104: มัด80 ใช้สายรัด | T104: รอแจ้ง | U104: 302 | V104: 0 | W104: 302 | X104: 5300 | Y104: 0 | Z104: WSWT2025800SM | AA104: 0 | AB104: 0 | AC104: 0 | AD104: 0 | AE104: 0 | AF104: 0 | AG104: พร้อมส่ง | AH104: P6 | AI104: 4 | AJ104: รอแจ้ง | AK104: #VALUE! | AL104: #VALUE! | AM104: #VALUE! | AN104: #VALUE! | AO104: #VALUE! | AP104: #VALUE! | AQ104: 0 | AR104: 0 | AS104: 0 | AT104: 0 | AU104: 0 | AV104: 0 | AW104: งานเคลือบ+พิมพ์ | AX104: / | AY104: 0 | AZ104: 0 | BA104: 0 | BB104: 0 | BC104: WRWT25850/WRWT25850 | BD104: 0
A105: 45796 | B105: MK68-000674 | C105: บจก.อินเทคค์ โกลบอล | D105: เพอเฟคค์ 913 | E105: 20 | F105: 36 | G105: ขาว | H105: ด้าน | I105: 100 | J105: ± | K105: 5 | L105: จับจีบ | M105: ไม่สวมถุงใน | N105: 0 | O105: 0 | P105: 0 | Q105: 0 | R105: 0 | S105: มัด80 ใช้สายรัด | T105: รอแจ้ง | U105: 1200 | V105: 0 | W105: 1200 | X105: 10700 | Y105: 0 | Z105: WSWT2025800SM | AA105: 0 | AB105: 0 | AC105: 0 | AD105: 0 | AE105: 0 | AF105: 0 | AG105: ยังไม่ได้พิมพ์ | AH105: P6 | AI105: 4 | AJ105: รอแจ้ง | AK105: #VALUE! | AL105: #VALUE! | AM105: #VALUE! | AN105: #VALUE! | AO105: #VALUE! | AP105: #VALUE! | AQ105: 0 | AR105: 0 | AS105: 0 | AT105: 0 | AU105: 0 | AV105: 0 | AW105: งานเคลือบ+พิมพ์ | AX105: / | AY105: 0 | AZ105: 0 | BA105: 0 | BB105: 0 | BC105: WRWT25850/WRWT25850 | BD105: 0
A106: 45850 | B106: MK68-000877 | C106: บจก.เอพีเอ็ม อะโกร | D106: ยู-ฟีด รวมหมู | E106: 20 | F106: 38 | G106: ขาว | H106: ใส | I106: 100 | J106: ± | K106: 5 | L106: บิด | M106: ไม่สวมถุงใน | N106: 0 | O106: 0 | P106: 0 | Q106: 0 | R106: 0 | S106: 500กระสอบแบน | T106: รอแจ้ง | U106: 3000 | V106: 0 | W106: 3000 | X106: 0 | Y106: 3150 | Z106: WSWT2025800SM | AA106: 3310.89 | AB106: 0 | AC106: 3310.89 | AD106: 0 | AE106: 3310.89 | AF106: 0 | AG106: ยังไม่ได้พิมพ์ | AH106: P6 | AI106: 4 | AJ106: รอแจ้ง | AK106: #VALUE! | AL106: #VALUE! | AM106: #VALUE! | AN106: #VALUE! | AO106: #VALUE! | AP106: #VALUE! | AQ106: 0 | AR106: 0 | AS106: 0 | AT106: 0 | AU106: 0 | AV106: 0 | AW106: งานเคลือบ+พิมพ์ | AX106: / | AY106: 0 | AZ106: 0 | BA106: 0 | BB106: 0 | BC106: WRWT25850/WRWT25850 | BD106: 250.15613
A107: 45799 | B107: MK68-000694 | C107: บจก.เอ.เจ.ฟาร์ม่าแล็บ | D107: เบส-มิน | E107: 20 | F107: 34 | G107: ขาว | H107: ใส | I107: 95 | J107: ± | K107: 5 | L107: จับจีบ | M107: ไม่สวมถุงใน | N107: 0 | O107: 0 | P107: 0 | Q107: 0 | R107: 0 | S107: 500กระสอบ | T107: รอส่ง | U107: 4000 | V107: 3840 | W107: 160 | X107: 8450 | Y107: 0 | Z107: WSWT2025800SM | AA107: 0 | AB107: 0 | AC107: 0 | AD107: 0 | AE107: 0 | AF107: ห้ามขาด-ห้ามเกิน | AG107: ยังไม่ได้พิมพ์ | AH107: P6 | AI107: 4 | AJ107: รอส่ง | AK107: #VALUE! | AL107: #VALUE! | AM107: #VALUE! | AN107: #VALUE! | AO107: #VALUE! | AP107: #VALUE! | AQ107: 0 | AR107: 0 | AS107: 0 | AT107: 0 | AU107: 0 | AV107: 0 | AW107: งานเคลือบ+พิมพ์ | AX107: / | AY107: 0 | AZ107: 0 | BA107: 0 | BB107: 0 | BC107: WRWT25850/WRWT25850 | BD107: 0
A108: 45850 | B108: MK68-000879 | C108: บจก.เอพีเอ็ม อะโกร | D108: ฟีล กู๊ด พี6 | E108: 20 | F108: 38 | G108: ขาว | H108: ใส | I108: 100 | J108: ± | K108: 5 | L108: บิด | M108: ไม่สวมถุงใน | N108: 0 | O108: 0 | P108: 0 | Q108: 0 | R108: 0 | S108: 500กระสอบแบน | T108: รอแจ้ง | U108: 4000 | V108: 0 | W108: 4000 | X108: 0 | Y108: 4200 | Z108: WSWT2025800SM | AA108: 4414.52 | AB108: 0 | AC108: 4414.52 | AD108: 0 | AE108: 4414.52 | AF108: 0 | AG108: พร้อมส่ง | AH108: P6 | AI108: 4 | AJ108: รอแจ้ง | AK108: #VALUE! | AL108: #VALUE! | AM108: #VALUE! | AN108: #VALUE! | AO108: #VALUE! | AP108: #VALUE! | AQ108: 0 | AR108: 0 | AS108: 0 | AT108: 0 | AU108: 0 | AV108: 0 | AW108: งานเคลือบ+พิมพ์ | AX108: / | AY108: 0 | AZ108: 0 | BA108: 0 | BB108: 0 | BC108: WRWT25850/WRWT25850 | BD108: 333.54151
A109: 45798 | B109: MK68-000693 | C109: บจก.เอพีเอ็ม อะโกร | D109: ฟีล กู๊ด พี07 | E109: 20 | F109: 38 | G109: ขาว | H109: ใส | I109: 100 | J109: ± | K109: 5 | L109: บิด | M109: ไม่สวมถุงใน | N109: 0 | O109: 0 | P109: 0 | Q109: 0 | R109: 0 | S109: 500กระสอบแบน | T109: รอแจ้ง | U109: 5000 | V109: 0 | W109: 5000 | X109: 0 | Y109: 5250 | Z109: WSWT2025800SM | AA109: 5518.15 | AB109: 0 | AC109: 5518.15 | AD109: 0 | AE109: 5518.15 | AF109: 0 | AG109: พร้อมส่ง | AH109: P6 | AI109: 4 | AJ109: รอแจ้ง | AK109: #VALUE! | AL109: #VALUE! | AM109: #VALUE! | AN109: #VALUE! | AO109: #VALUE! | AP109: #VALUE! | AQ109: 0 | AR109: 0 | AS109: 0 | AT109: 0 | AU109: 0 | AV109: 0 | AW109: งานเคลือบ+พิมพ์ | AX109: / | AY109: 0 | AZ109: 0 | BA109: 0 | BB109: 0 | BC109: WRWT25850/WRWT25850 | BD109: 416.92689
A110: 45782 | B110: MK68-000609 | C110: บจก.เอสพีเอ็ม อาหารสัตว์ | D110: SW 441 | E110: 20 | F110: 38 | G110: ขาว | H110: ใส | I110: 100 | J110: ± | K110: 5 | L110: บิด | M110: ไม่สวมถุงใน | N110: 0 | O110: 0 | P110: 0 | Q110: 0 | R110: 0 | S110: 500กระสอบแบน | T110: รอแจ้ง | U110: 10000 | V110: 0 | W110: 10000 | X110: 0 | Y110: 10500 | Z110: WSWT2025800SM | AA110: 11036.3 | AB110: 0 | AC110: 11036.3 | AD110: 0 | AE110: 11036.3 | AF110: 0 | AG110: รอตัด | AH110: P6 | AI110: 4 | AJ110: รอแจ้ง | AK110: #VALUE! | AL110: #VALUE! | AM110: #VALUE! | AN110: #VALUE! | AO110: #VALUE! | AP110: #VALUE! | AQ110: 0 | AR110: 0 | AS110: 0 | AT110: 0 | AU110: 0 | AV110: 0 | AW110: งานเคลือบ+พิมพ์ | AX110: / | AY110: 0 | AZ110: 0 | BA110: 0 | BB110: 0 | BC110: WRWT25850/WRWT25850 | BD110: 833.85378
A111: 45674 | B111: MK68-000093 | C111: บจก.อินเทคค์ โกลบอล | D111: เฟิร์สคลาส 902 | E111: 20 | F111: 35 | G111: ขาว | H111: ด้าน | I111: 97 | J111: ± | K111: 5 | L111: จับจีบ4" | M111: ไม่สวมถุงใน | N111: 0 | O111: 0 | P111: 0 | Q111: 0 | R111: 0 | S111: มัด80 ใช้สายรัด | T111: รอแจ้ง | U111: 152 | V111: 0 | W111: 152 | X111: 6000 | Y111: 0 | Z111: WSWT2025800SM | AA111: 0 | AB111: 0 | AC111: 0 | AD111: 0 | AE111: 0 | AF111: 5987 | AG111: พร้อมส่ง | AH111: P6 | AI111: 4 | AJ111: รอแจ้ง | AK111: #VALUE! | AL111: #VALUE! | AM111: #VALUE! | AN111: #VALUE! | AO111: #VALUE! | AP111: #VALUE! | AQ111: 0 | AR111: 0 | AS111: 0 | AT111: 0 | AU111: 0 | AV111: 0 | AW111: งานเคลือบ+พิมพ์ | AX111: / | AY111: ลบสี 5040 | AZ111: 0 | BA111: 0 | BB111: 0 | BC111: WRWT25850/WRWT25850 | BD111: 0
A112: 45611 | B112: MK67-001532 | C112: บจก.อินเทคค์ โกลบอล | D112: เฟิร์สช้อย 903 | E112: 20 | F112: 36 | G112: ขาว | H112: ด้าน | I112: 100 | J112: ± | K112: 5 | L112: จับจีบ | M112: ไม่สวมถุงใน | N112: 0 | O112: 0 | P112: 0 | Q112: 0 | R112: 0 | S112: มัด80 ใช้สายรัด | T112: รอแจ้ง | U112: 117 | V112: 0 | W112: 117 | X112: 10065 | Y112: 0 | Z112: WSWT2025800SM | AA112: 0 | AB112: 0 | AC112: 0 | AD112: 0 | AE112: 0 | AF112: 0 | AG112: พร้อมส่ง | AH112: P6 | AI112: 4 | AJ112: รอแจ้ง | AK112: #VALUE! | AL112: #VALUE! | AM112: #VALUE! | AN112: #VALUE! | AO112: #VALUE! | AP112: #VALUE! | AQ112: 0 | AR112: 0 | AS112: 0 | AT112: 0 | AU112: 0 | AV112: 0 | AW112: งานเคลือบ+พิมพ์ | AX112: / | AY112: 0 | AZ112: 0 | BA112: 0 | BB112: 0 | BC112: WRWT25850/WRWT25850 | BD112: 0
A113: 45523 | B113: MK67-001153 | C113: บจก.อินเทคค์ โกลบอล | D113: สุบรรณ 777 | E113: 20 | F113: 36 | G113: ขาว | H113: ด้าน | I113: 100 | J113: ± | K113: 5 | L113: จับจีบ | M113: ไม่สวมถุงใน | N113: 0 | O113: 0 | P113: 0 | Q113: 0 | R113: 0 | S113: มัด80 ใช้สายรัด | T113: รอแจ้ง | U113: 1260 | V113: 0 | W113: 1260 | X113: 11095 | Y113: 0 | Z113: WSWT2025800SM | AA113: 0 | AB113: 0 | AC113: 0 | AD113: 0 | AE113: 0 | AF113: 0 | AG113: พร้อมส่ง | AH113: P6 | AI113: 4 | AJ113: รอแจ้ง | AK113: #VALUE! | AL113: #VALUE! | AM113: #VALUE! | AN113: #VALUE! | AO113: #VALUE! | AP113: #VALUE! | AQ113: 0 | AR113: 0 | AS113: 0 | AT113: 0 | AU113: 0 | AV113: 0 | AW113: งานเคลือบ+พิมพ์ | AX113: / | AY113: 0 | AZ113: 0 | BA113: 0 | BB113: 0 | BC113: WRWT25850/WRWT25850 | BD113: 0
...

Sheet 4-8-68
B2: เรียงกำหนดส่ง | D2: ลบ 0 | T2: เรียง 1
B3: ข้อมูลUpdate ณ. วันที่ | D3: 45873 | E3: เวลา | G3: 10.27
A4: วันรับออร์เดอร์/แบบ | B4: เลขที่ SO | C4: ชื่อลูกค้า | E4: 10.3 | I4: น้ำหนัก | L4: บิด/จับจีบ | M4: ถุงใน | Q4: 44873 | S4: วิธีบรรจุ | T4: วันส่ง | U4: จำนวนส่ง | V4: ตัดเย็บ (ใบ) | W4: 44873 | X4: พิมพ์ (ใบ) | Y4: 44876 | Z4: ผ้าทอ (เมตร) Updateณ | AB4: 44876 | AD4: ผ้าเคลือบ(เมตร) | AF4: หมายเหตุ | AG4: เครื่อง
B5: เลขที่ SO | C5: ชื่อลูกค้า | D5: ตรา | E5: กว้าง | F5: ยาว | G5: สี | H5: เคลือบ | I5: กรัม/ใบ | J5: * | K5: aw | L5: บิด/จับจีบ | M5: กว้าง | N5: ยาว | O5: หนา | P5: ใช้(กก.) | Q5: Stock(กก.) | R5: ผลิต(กก.) | S5: วิธีบรรจุ | T5: วันส่ง | U5: จำนวนส่ง | V5: StockFG | W5: ค้างตัด | X5: พิมพ์แล้ว | Y5: ค้างพิมพ์ | Z5: ประเภท | AA5: ใช้ | AB5: Stock | AC5: ค้างทอ | AD5: Stock | AE5: ค้างเคลือบ | AF5: หมายเหตุ | AG5: ที่พิมพ์ได้ | AH5: process | AI5: Lead time | AJ5: วันที่ส่งPL | AK5: เคลือบ | AL5: ได้ ART | AM5: พิมพ์ | AN5: จีบ-บิด | AO5: ตัด-เย็บ | AP5: ทอ | AQ5: สวมถุง | AR5: เย็บปาก | AS5: PT | AT5: ม้วน | AU5: ตัด | AV5: ตอกตาไก่ | AW5: GROUP | AX5: ART | AY5: หมายเหตุปัญหา | AZ5: ราคา/ใบ | BA5: ราคารวม | BB5: workweek | BC5: เส้นเทป | BD5: จำนวน
A6: 45868 | B6: MK68-000933 | C6: บจก.มารีน ลีดเดอร์ | D6: ไม่พิมพ์ | E6: 14 | F6: 22 | G6: ขาว | H6: ใส | I6: 42 | J6: ± | K6: 5 | L6: ไม่ | M6: 15 | N6: 24 | O6: 40 | P6: 71.052245 | Q6: 0 | R6: 71.052245 | S6: 500กระสอบแบน | T6: 45882 | U6: 8000 | V6: 0 | W6: 8000 | X6: 0 | Y6: 0 | Z6: WSWT1425800 | AA6: 5252.72 | AB6: 2553 | AC6: 2699.72 | AD6: 0 | AE6: 5252.72 | AF6: 0 | AG6: พร้อมส่ง | AH6: P9 | AI6: 3 | AJ6: 45882 | AK6: 45878 | AL6: 0 | AM6: 0 | AN6: 0 | AO6: 45879 | AP6: 45877 | AQ6: 45880 | AR6: 0 | AS6: 0 | AT6: 0 | AU6: 0 | AV6: 0 | AW6: งานเคลือบ+ตัด | AX6: 0 | AY6: 0 | AZ6: 0 | BA6: 0 | BB6: 0 | BC6: WRWT25800/WRWT25800 | BD6: 151.18432
A7: 45860 | B7: MK68-000920 | C7: หจก.ปึงเป้งน้ำ | D7: เกลือตรามือ 10กก. | E7: 14 | F7: 22 | G7: ขาว | H7: ใส | I7: 42 | J7: ± | K7: 5 | L7: ไม่ | M7: ไม่สวมถุงใน | N7: 0 | O7: 0 | P7: 0 | Q7: 0 | R7: 0 | S7: 500กระสอบแบน | T7: 45884 | U7: 10000 | V7: 0 | W7: 10000 | X7: 0 | Y7: 10500 | Z7: WSWT1425800 | AA7: 6565.9 | AB7: 6565.9 | AC7: 0 | AD7: 0 | AE7: 6565.9 | AF7: 0 | AG7: ยังไม่ได้พิมพ์ | AH7: P6 | AI7: 4 | AJ7: 45884 | AK7: 45880 | AL7: 45873 | AM7: 45881 | AN7: 45882 | AO7: 45883 | AP7: 45879 | AQ7: 0 | AR7: 0 | AS7: 0 | AT7: 0 | AU7: 0 | AV7: 0 | AW7: งานเคลือบ+พิมพ์ | AX7: / | AY7: 0 | AZ7: 0 | BA7: 0 | BB7: 0 | BC7: WRWT25800/WRWT25800 | BD7: 0
A8: 0 | B8: 0 | C8: 0 | D8: 0 | E8: 14 | F8: 22 | G8: ขาว | H8: 0 | I8: 36 | J8: ± | K8: 5 | L8: 0 | M8: 0 | N8: 0 | O8: 0 | P8: 0 | Q8: 0 | R8: 0 | S8: 0 | U8: 0 | V8: 0 | W8: 0 | X8: 0 | Y8: 0 | Z8: WSWT1425800 | AA8: 11818.62 | AB8: 9118.9 | AC8: 2699.72 | AD8: 0 | AE8: 11818.62 | AF8: ระบุในSD | AG8: พร้อมส่ง | AH8: 0 | AI8: Lead time | AJ8: 0 | AK8: 0 | AL8: 0 | AM8: 0 | AN8: 0 | AO8: 0 | AP8: 0 | AQ8: 0 | AR8: 0 | AS8: 0 | AT8: 0 | AU8: 0 | AV8: 0 | AW8: 0 | AX8: 0 | AY8: 0 | AZ8: 0 | BA8: 0 | BB8: 0 | BC8: WRWT140800/WRWT25800 | BD8: 0
A9: 45842 | B9: MK68-000868 | C9: พีมินเนอร์ | D9: พี-มินเนอร์ นิวพลัส | E9: 16 | F9: 28 | G9: ขาว | H9: ใส | I9: 56 | J9: ± | K9: 5 | L9: ไม่ | M9: 19 | N9: 31 | O9: 40 | P9: 1.1334313 | Q9: 0 | R9: 1.1334313 | S9: 500กระสอบ | T9: รอแจ้ง | U9: 4000 | V9: 3922 | W9: 78 | X9: 5295 | Y9: 0 | Z9: WSWT1625800SM | AA9: 0 | AB9: 0 | AC9: 0 | AD9: 0 | AE9: 0 | AF9: รอส่ง รอลูกค้ามารับเอง | AG9: พร้อมส่ง | AH9: P8 | AI9: 4 | AJ9: รอแจ้ง | AK9: #VALUE! | AL9: #VALUE! | AM9: #VALUE! | AN9: #VALUE! | AO9: #VALUE! | AP9: #VALUE! | AQ9: #VALUE! | AR9: 0 | AS9: 0 | AT9: 0 | AU9: 0 | AV9: 0 | AW9: งานเคลือบ+พิมพ์ | AX9: / | AY9: 0 | AZ9: 0 | BA9: 0 | BB9: 0 | BC9: WRWT25800/WRWT25800 | BD9: 0
A10: ประมาณการ | B10: ประมาณการ | C10: บจก.ซัน ซีเมนต์ โพรเซส | D10: พระอาทิตย์(ปูนนอน-ชริงค์) | E10: 16 | F10: 25 | G10: ขาว | H10: ใส | I10: 50 | J10: ± | K10: 5 | L10: บิด | M10: 19 | N10: 28 | O10: 40 | P10: 65.624643 | Q10: 0 | R10: 65.624643 | S10: 500กระสอบ | T10: รอแจ้ง | U10: 5000 | V10: 0 | W10: 5000 | X10: 0 | Y10: 5250 | Z10: WSWT1625800SM | AA10: 3702.05 | AB10: 0 | AC10: 3702.05 | AD10: 0 | AE10: 3702.05 | AF10: 0 | AG10: พร้อมส่ง | AH10: P8 | AI10: 4 | AJ10: รอแจ้ง | AK10: #VALUE! | AL10: #VALUE! | AM10: #VALUE! | AN10: #VALUE! | AO10: #VALUE! | AP10: #VALUE! | AQ10: #VALUE! | AR10: 0 | AS10: 0 | AT10: 0 | AU10: 0 | AV10: 0 | AW10: งานเคลือบ+พิมพ์ | AX10: รอART | AY10: 0 | AZ10: 0 | BA10: 0 | BB10: 0 | BC10: WRWT25800/WRWT25800 | BD10: 210.60551
A11: 0 | B11: 0 | C11: 0 | E11: 16 | F11: 25 | G11: ขาว | H11: 0 | I11: 45 | J11: ± | K11: 5 | L11: 0 | M11: 0 | N11: 0 | O11: 0 | P11: 0 | Q11: 0 | R11: 0 | S11: 0 | U11: 0 | V11: 0 | W11: 0 | X11: 0 | Y11: 0 | Z11: WSWT1625800SM | AA11: 3702.05 | AB11: 0 | AC11: 3702.05 | AD11: 0 | AE11: 3702.05 | AF11: ระบุในSD | AG11: พร้อมส่ง | AH11: 0 | AI11: Lead time | AJ11: 0 | AK11: 0 | AL11: 0 | AM11: 0 | AN11: 0 | AO11: 0 | AP11: 0 | AQ11: 0 | AR11: 0 | AS11: 0 | AT11: 0 | AU11: 0 | AV11: 0 | AW11: 0 | AX11: 0 | AY11: 0 | AZ11: 0 | BA11: 0 | BB11: 0 | BC11: WRWT160800/WRWT25800 | BD11: 0
A12: ประมาณการ | B12: ประมาณการ | C12: บจก.ฟาร์เธอร์ส วิง ซัพพลาย | D12: รถไฟ | E12: 18 | F12: 30 | G12: ขาว | H12: 0 | I12: 54 | J12: ± | K12: 5 | L12: บิด | M12: 19 | N12: 33 | O12: 40 | P12: 232.02999 | Q12: 0 | R12: 232.02999 | S12: 500กระสอบ | T12: รอแจ้ง | U12: 15000 | V12: 0 | W12: 15000 | X12: 0 | Y12: 15750 | Z12: WSWT1825800 | AA12: 13201.65 | AB12: 6301 | AC12: 6900.65 | AD12: 0 | AE12: 0 | AF12: 0 | AG12: พร้อมส่ง | AH12: P9 | AI12: 3 | AJ12: รอแจ้ง | AK12: 0 | AL12: #VALUE! | AM12: #VALUE! | AN12: #VALUE! | AO12: #VALUE! | AP12: #VALUE! | AQ12: #VALUE! | AR12: 0 | AS12: 0 | AT12: 0 | AU12: 0 | AV12: 0 | AW12: งานพิมพ์ | AX12: รอART | AY12: 0 | AZ12: 0 | BA12: 0 | BB12: 0 | BC12: WRWT25800/WRWT25800 | BD12: 474.76472
A13: 0 | B13: 0 | E13: 18 | F13: 30 | G13: ขาว | H13: 0 | I13: 54 | J13: ± | K13: 5 | L13: 0 | M13: 0 | N13: 0 | O13: 0 | P13: 0 | Q13: 0 | R13: 0 | S13: 0 | U13: 0 | V13: 0 | W13: 0 | X13: 0 | Y13: 0 | Z13: WSWT1825800 | AA13: 13201.65 | AB13: 6301 | AC13: 6900.65 | AD13: 0 | AE13: 0 | AF13: ระบุในSD | AG13: ยังไม่ได้พิมพ์ | AH13: 0 | AI13: Lead time | AJ13: 0 | AK13: 0 | AL13: 0 | AM13: 0 | AN13: 0 | AO13: 0 | AP13: 0 | AQ13: 0 | AR13: 0 | AS13: 0 | AT13: 0 | AU13: 0 | AV13: 0 | AW13: 0 | AX13: 0 | AY13: 0 | AZ13: 0 | BA13: 0 | BB13: 0 | BC13: WRWT25800/WRWT25800 | BD13: 0
A14: 45860 | B14: MK68-000917 | C14: บจก.ซิเบลโก้(บางเลน) | D14: PORTARYTE B15 | E14: 18 | F14: 30 | G14: ขาว | H14: ใส | I14: 74 | J14: ± | K14: 5 | L14: ไม่ | M14: ไม่สวมถุงใน | N14: 0 | O14: 0 | P14: 0 | Q14: 0 | R14: 0 | S14: 500กระสอบแบน | T14: 45883 | U14: 10000 | V14: 0 | W14: 10000 | X14: 0 | Y14: 10500 | Z14: WSWT1825800SM | AA14: 8801.1 | AB14: 8801.1 | AC14: 0 | AD14: 2648 | AE14: 6153.1 | AF14: 0 | AG14: ยังไม่ได้พิมพ์ | AH14: P6 | AI14: 4 | AJ14: 45883 | AK14: 45879 | AL14: 45872 | AM14: 45880 | AN14: 45881 | AO14: 45882 | AP14: 45878 | AQ14: 0 | AR14: 0 | AS14: 0 | AT14: 0 | AU14: 0 | AV14: 0 | AW14: งานเคลือบ+พิมพ์ | AX14: / | AY14: 0 | AZ14: 0 | BA14: 0 | BB14: 0 | BC14: WRWT25800/WRWT25800 | BD14: 0
