Workbook

Sheet Linkสูตรออร์เดอร์  (2)
B2: เรียงกำหนดส่ง | D2: ลบ 0 | T2: เรียง 1
B3: ข้อมูลUpdate ณ. วันที่ | D3: 45878 | E3: เวลา | G3: 9.57
A4: วันรับออร์เดอร์/แบบ | B4: เลขที่ SO | C4: ชื่อลูกค้า | E4: 10.3 | I4: น้ำหนัก | L4: บิด/จับจีบ | M4: ถุงใน | Q4: =[1]หน้าผ้า!$AC$13 -> 44873 | S4: วิธีบรรจุ | T4: วันส่ง | U4: จำนวนส่ง | V4: ตัดเย็บ (ใบ) | W4: =[1]หน้าผ้า!$AJ$13 -> 44873 | X4: พิมพ์ (ใบ) | Y4: =[1]หน้าผ้า!$AM$13 -> 44876 | Z4: ผ้าทอ (เมตร) Updateณ | AB4: =[1]หน้าผ้า!$AR$12 -> 44876 | AD4: ผ้าเคลือบ(เมตร) | AF4: หมายเหตุ | AG4: เครื่อง
B5: เลขที่ SO | C5: ชื่อลูกค้า | D5: ตรา | E5: กว้าง | F5: ยาว | G5: สี | H5: เคลือบ | I5: กรัม/ใบ | J5: * | K5: aw | L5: บิด/จับจีบ | M5: กว้าง | N5: ยาว | O5: หนา | P5: ใช้(กก.) | Q5: Stock(กก.) | R5: ผลิต(กก.) | S5: วิธีบรรจุ | T5: วันส่ง | U5: จำนวนส่ง | V5: StockFG | W5: ค้างตัด | X5: พิมพ์แล้ว | Y5: ค้างพิมพ์ | Z5: ประเภท | AA5: ใช้ | AB5: Stock | AC5: ค้างทอ | AD5: Stock | AE5: ค้างเคลือบ | AF5: หมายเหตุ | AG5: ที่พิมพ์ได้ | AH5: process | AI5: Lead time | AJ5: วันที่ส่งPL | AK5: เคลือบ | AL5: ได้ ART | AM5: พิมพ์ | AN5: จีบ-บิด | AO5: ตัด-เย็บ | AP5: ทอ | AQ5: สวมถุง | AR5: เย็บปาก | AS5: PT | AT5: ม้วน | AU5: ตัด | AV5: ตอกตาไก่ | AW5: GROUP | AX5: ART | AY5: หมายเหตุปัญหา | AZ5: ราคา/ใบ | BA5: ราคารวม | BB5: workweek | BC5: เส้นเทป | BD5: จำนวน
A6: =[2]หน้าผ้า!C15 -> 0 | B6: =[2]หน้าผ้า!B15 -> 0 | C6: =[2]หน้าผ้า!E15 -> 0 | D6: =[2]หน้าผ้า!F15 -> 0 | E6: =[2]หน้าผ้า!G15 -> 12 | F6: =[2]หน้าผ้า!H15 -> 16 | G6: =[2]หน้าผ้า!I15 -> ขาว | H6: =[2]หน้าผ้า!J15 -> 0 | I6: =[2]หน้าผ้า!L15 -> 25 | J6: =[2]หน้าผ้า!M15 -> ± | K6: =[2]หน้าผ้า!N15 -> 5 | L6: =[2]หน้าผ้า!R15 -> 0 | M6: =[2]หน้าผ้า!T15 -> 0 | N6: =[2]หน้าผ้า!U15 -> 0 | O6: =[2]หน้าผ้า!V15 -> 0 | P6: =[2]หน้าผ้า!AB15 -> 0 | Q6: =[2]หน้าผ้า!AC15 -> 0 | R6: =[2]หน้าผ้า!AD15 -> 0 | S6: =[2]หน้าผ้า!Z15 -> 0 | T6: =[2]หน้าผ้า!X15 -> 0 | U6: =[2]หน้าผ้า!AA15 -> 0 | V6: =[2]หน้าผ้า!AJ15 -> 0 | W6: =[2]หน้าผ้า!AL15 -> 0 | X6: =[2]หน้าผ้า!AM15 -> 0 | Y6: =[2]หน้าผ้า!AN15 -> 0 | Z6: =[2]หน้าผ้า!AO15 -> WSWT1221750 | AA6: =[2]หน้าผ้า!AQ15 -> #REF! | AB6: =[2]หน้าผ้า!AR15 -> #REF! | AC6: =[2]หน้าผ้า!AS15 -> #REF! | AD6: =[2]หน้าผ้า!AT15 -> #REF! | AE6: =[2]หน้าผ้า!AU15 -> #REF! | AF6: =[2]หน้าผ้า!AI15 -> ระบุในSD | AG6: =[3]หน้าผ้า!DC18 -> < Ord 20,000 | AH6: =[2]หน้าผ้า!DL15 -> 0 | AI6: =[2]หน้าผ้า!DM15 -> 0 | AJ6: =[2]หน้าผ้า!DN15 -> 0 | AK6: =[2]หน้าผ้า!DQ15 -> 0 | AL6: =[2]หน้าผ้า!DR15 -> 0 | AM6: =[2]หน้าผ้า!DS15 -> 0 | AN6: =[2]หน้าผ้า!DT15 -> 0 | AO6: =[2]หน้าผ้า!DU15 -> 0 | AP6: =[2]หน้าผ้า!DP15 -> 0 | AQ6: =[2]หน้าผ้า!DW15 -> 0 | AR6: =[2]หน้าผ้า!DX15 -> 0 | AS6: =[2]หน้าผ้า!DY15 -> 0 | AT6: =[2]หน้าผ้า!DZ15 -> 0 | AU6: =[2]หน้าผ้า!EA15 -> 0 | AV6: =[2]หน้าผ้า!EB15 -> 0 | AW6: =[2]หน้าผ้า!EC15 -> 0 | AX6: =[2]หน้าผ้า!ED15 -> 0 | AY6: =[2]หน้าผ้า!AG15 -> 0 | AZ6: =[2]หน้าผ้า!EG15 -> 0 | BA6: =[2]หน้าผ้า!EH15 -> 0 | BB6: =[2]หน้าผ้า!EI15 -> 0 | BC6: =[2]หน้าผ้า!BZ15 -> WRWT120750/WRWT21750 | BD6: =[2]หน้าผ้า!CA15 -> 0
A7: =[2]หน้าผ้า!C16 -> 45868 | B7: =[2]หน้าผ้า!B16 -> MK68-000933 | C7: =[2]หน้าผ้า!E16 -> บจก.มารีน ลีดเดอร์ | D7: =[2]หน้าผ้า!F16 -> ไม่พิมพ์ | E7: =[2]หน้าผ้า!G16 -> 14 | F7: =[2]หน้าผ้า!H16 -> 22 | G7: =[2]หน้าผ้า!I16 -> ขาว | H7: =[2]หน้าผ้า!J16 -> ใส | I7: =[2]หน้าผ้า!L16 -> 42 | J7: =[2]หน้าผ้า!M16 -> ± | K7: =[2]หน้าผ้า!N16 -> 5 | L7: =[2]หน้าผ้า!R16 -> ไม่ | M7: =[2]หน้าผ้า!T16 -> 15 | N7: =[2]หน้าผ้า!U16 -> 24 | O7: =[2]หน้าผ้า!V16 -> 40 | P7: =[2]หน้าผ้า!AB16 -> 71.052245 | Q7: =[2]หน้าผ้า!AC16 -> 0 | R7: =[2]หน้าผ้า!AD16 -> 71.052245 | S7: =[2]หน้าผ้า!Z16 -> 500กระสอบแบน | T7: =[2]หน้าผ้า!X16 -> 45883 | U7: =[2]หน้าผ้า!AA16 -> 8000 | V7: =[2]หน้าผ้า!AJ16 -> 0 | W7: =[2]หน้าผ้า!AL16 -> 8000 | X7: =[2]หน้าผ้า!AM16 -> 0 | Y7: =[2]หน้าผ้า!AN16 -> 0 | Z7: =[2]หน้าผ้า!AO16 -> WSWT1425800 | AA7: =[2]หน้าผ้า!AQ16 -> 5252.72 | AB7: =[2]หน้าผ้า!AR16 -> 5252.72 | AC7: =[2]หน้าผ้า!AS16 -> 0 | AD7: =[2]หน้าผ้า!AT16 -> 5252.72 | AE7: =[2]หน้าผ้า!AU16 -> 0 | AF7: =[2]หน้าผ้า!AI16 -> 0 | AG7: =[3]หน้าผ้า!DC19 -> พร้อมส่ง | AH7: =[2]หน้าผ้า!DL16 -> P9 | AI7: =[2]หน้าผ้า!DM16 -> 3 | AJ7: =[2]หน้าผ้า!DN16 -> 45883 | AK7: =[2]หน้าผ้า!DQ16 -> 45879 | AL7: =[2]หน้าผ้า!DR16 -> 0 | AM7: =[2]หน้าผ้า!DS16 -> 0 | AN7: =[2]หน้าผ้า!DT16 -> 0 | AO7: =[2]หน้าผ้า!DU16 -> 45880 | AP7: =[2]หน้าผ้า!DP16 -> 45878 | AQ7: =[2]หน้าผ้า!DW16 -> 45881 | AR7: =[2]หน้าผ้า!DX16 -> 0 | AS7: =[2]หน้าผ้า!DY16 -> 0 | AT7: =[2]หน้าผ้า!DZ16 -> 0 | AU7: =[2]หน้าผ้า!EA16 -> 0 | AV7: =[2]หน้าผ้า!EB16 -> 0 | AW7: =[2]หน้าผ้า!EC16 -> งานเคลือบ+ตัด | AX7: =[2]หน้าผ้า!ED16 -> 0 | AY7: =[2]หน้าผ้า!AG16 -> สลับกับหนองบัว | AZ7: =[2]หน้าผ้า!EG16 -> 0 | BA7: =[2]หน้าผ้า!EH16 -> 0 | BB7: =[2]หน้าผ้า!EI16 -> 0 | BC7: =[2]หน้าผ้า!BZ16 -> WRWT25800/WRWT25800 | BD7: =[2]หน้าผ้า!CA16 -> 0
A8: =[2]หน้าผ้า!C17 -> 45860 | B8: =[2]หน้าผ้า!B17 -> MK68-000920 | C8: =[2]หน้าผ้า!E17 -> หจก.ปึงเป้งน้ำ | D8: =[2]หน้าผ้า!F17 -> เกลือตรามือ 10กก. | E8: =[2]หน้าผ้า!G17 -> 14 | F8: =[2]หน้าผ้า!H17 -> 22 | G8: =[2]หน้าผ้า!I17 -> ขาว | H8: =[2]หน้าผ้า!J17 -> ใส | I8: =[2]หน้าผ้า!L17 -> 42 | J8: =[2]หน้าผ้า!M17 -> ± | K8: =[2]หน้าผ้า!N17 -> 5 | L8: =[2]หน้าผ้า!R17 -> ไม่ | M8: =[2]หน้าผ้า!T17 -> ไม่สวมถุงใน | N8: =[2]หน้าผ้า!U17 -> 0 | O8: =[2]หน้าผ้า!V17 -> 0 | P8: =[2]หน้าผ้า!AB17 -> 0 | Q8: =[2]หน้าผ้า!AC17 -> 0 | R8: =[2]หน้าผ้า!AD17 -> 0 | S8: =[2]หน้าผ้า!Z17 -> 500กระสอบแบน | T8: =[2]หน้าผ้า!X17 -> 45884 | U8: =[2]หน้าผ้า!AA17 -> 10000 | V8: =[2]หน้าผ้า!AJ17 -> 0 | W8: =[2]หน้าผ้า!AL17 -> 10000 | X8: =[2]หน้าผ้า!AM17 -> 10710 | Y8: =[2]หน้าผ้า!AN17 -> 0 | Z8: =[2]หน้าผ้า!AO17 -> WSWT1425800 | AA8: =[2]หน้าผ้า!AQ17 -> 0 | AB8: =[2]หน้าผ้า!AR17 -> 0 | AC8: =[2]หน้าผ้า!AS17 -> 0 | AD8: =[2]หน้าผ้า!AT17 -> 0 | AE8: =[2]หน้าผ้า!AU17 -> 0 | AF8: =[2]หน้าผ้า!AI17 -> 0 | AG8: =[3]หน้าผ้า!DC20 -> ยังไม่ได้พิมพ์ | AH8: =[2]หน้าผ้า!DL17 -> P6 | AI8: =[2]หน้าผ้า!DM17 -> 4 | AJ8: =[2]หน้าผ้า!DN17 -> 45884 | AK8: =[2]หน้าผ้า!DQ17 -> 45880 | AL8: =[2]หน้าผ้า!DR17 -> 45873 | AM8: =[2]หน้าผ้า!DS17 -> 45881 | AN8: =[2]หน้าผ้า!DT17 -> 45882 | AO8: =[2]หน้าผ้า!DU17 -> 45883 | AP8: =[2]หน้าผ้า!DP17 -> 45879 | AQ8: =[2]หน้าผ้า!DW17 -> 0 | AR8: =[2]หน้าผ้า!DX17 -> 0 | AS8: =[2]หน้าผ้า!DY17 -> 0 | AT8: =[2]หน้าผ้า!DZ17 -> 0 | AU8: =[2]หน้าผ้า!EA17 -> 0 | AV8: =[2]หน้าผ้า!EB17 -> 0 | AW8: =[2]หน้าผ้า!EC17 -> งานเคลือบ+พิมพ์ | AX8: =[2]หน้าผ้า!ED17 -> / | AY8: =[2]หน้าผ้า!AG17 -> 0 | AZ8: =[2]หน้าผ้า!EG17 -> 0 | BA8: =[2]หน้าผ้า!EH17 -> 0 | BB8: =[2]หน้าผ้า!EI17 -> 0 | BC8: =[2]หน้าผ้า!BZ17 -> WRWT25800/WRWT25800 | BD8: =[2]หน้าผ้า!CA17 -> 0
A9: =[2]หน้าผ้า!C18 -> 0 | B9: =[2]หน้าผ้า!B18 -> 0 | C9: =[2]หน้าผ้า!E18 -> 0 | D9: =[2]หน้าผ้า!F18 -> 0 | E9: =[2]หน้าผ้า!G18 -> 14 | F9: =[2]หน้าผ้า!H18 -> 22 | G9: =[2]หน้าผ้า!I18 -> ขาว | H9: =[2]หน้าผ้า!J18 -> 0 | I9: =[2]หน้าผ้า!L18 -> 36 | J9: =[2]หน้าผ้า!M18 -> ± | K9: =[2]หน้าผ้า!N18 -> 5 | L9: =[2]หน้าผ้า!R18 -> 0 | M9: =[2]หน้าผ้า!T18 -> 0 | N9: =[2]หน้าผ้า!U18 -> 0 | O9: =[2]หน้าผ้า!V18 -> 0 | P9: =[2]หน้าผ้า!AB18 -> 0 | Q9: =[2]หน้าผ้า!AC18 -> 0 | R9: =[2]หน้าผ้า!AD18 -> 0 | S9: =[2]หน้าผ้า!Z18 -> 0 | T9: =[2]หน้าผ้า!X18 -> 0 | U9: =[2]หน้าผ้า!AA18 -> 0 | V9: =[2]หน้าผ้า!AJ18 -> 0 | W9: =[2]หน้าผ้า!AL18 -> 0 | X9: =[2]หน้าผ้า!AM18 -> 0 | Y9: =[2]หน้าผ้า!AN18 -> 0 | Z9: =[2]หน้าผ้า!AO18 -> WSWT1425800 | AA9: =[2]หน้าผ้า!AQ18 -> 5252.72 | AB9: =[2]หน้าผ้า!AR18 -> 5252.72 | AC9: =[2]หน้าผ้า!AS18 -> 0 | AD9: =[2]หน้าผ้า!AT18 -> 5252.72 | AE9: =[2]หน้าผ้า!AU18 -> 0 | AF9: =[2]หน้าผ้า!AI18 -> ระบุในSD | AG9: =[3]หน้าผ้า!DC21 -> พร้อมส่ง | AH9: =[2]หน้าผ้า!DL18 -> 0 | AI9: =[2]หน้าผ้า!DM18 -> Lead time | AJ9: =[2]หน้าผ้า!DN18 -> 0 | AK9: =[2]หน้าผ้า!DQ18 -> 0 | AL9: =[2]หน้าผ้า!DR18 -> 0 | AM9: =[2]หน้าผ้า!DS18 -> 0 | AN9: =[2]หน้าผ้า!DT18 -> 0 | AO9: =[2]หน้าผ้า!DU18 -> 0 | AP9: =[2]หน้าผ้า!DP18 -> 0 | AQ9: =[2]หน้าผ้า!DW18 -> 0 | AR9: =[2]หน้าผ้า!DX18 -> 0 | AS9: =[2]หน้าผ้า!DY18 -> 0 | AT9: =[2]หน้าผ้า!DZ18 -> 0 | AU9: =[2]หน้าผ้า!EA18 -> 0 | AV9: =[2]หน้าผ้า!EB18 -> 0 | AW9: =[2]หน้าผ้า!EC18 -> 0 | AX9: =[2]หน้าผ้า!ED18 -> 0 | AY9: =[2]หน้าผ้า!AG18 -> 0 | AZ9: =[2]หน้าผ้า!EG18 -> 0 | BA9: =[2]หน้าผ้า!EH18 -> 0 | BB9: =[2]หน้าผ้า!EI18 -> 0 | BC9: =[2]หน้าผ้า!BZ18 -> WRWT140800/WRWT25800 | BD9: =[2]หน้าผ้า!CA18 -> 0
A10: =[2]หน้าผ้า!C19 -> 45842 | B10: =[2]หน้าผ้า!B19 -> MK68-000868 | C10: =[2]หน้าผ้า!E19 -> พีมินเนอร์ | D10: =[2]หน้าผ้า!F19 -> พี-มินเนอร์ นิวพลัส | E10: =[2]หน้าผ้า!G19 -> 16 | F10: =[2]หน้าผ้า!H19 -> 28 | G10: =[2]หน้าผ้า!I19 -> ขาว | H10: =[2]หน้าผ้า!J19 -> ใส | I10: =[2]หน้าผ้า!L19 -> 56 | J10: =[2]หน้าผ้า!M19 -> ± | K10: =[2]หน้าผ้า!N19 -> 5 | L10: =[2]หน้าผ้า!R19 -> ไม่ | M10: =[2]หน้าผ้า!T19 -> 19 | N10: =[2]หน้าผ้า!U19 -> 31 | O10: =[2]หน้าผ้า!V19 -> 40 | P10: =[2]หน้าผ้า!AB19 -> 1.1334313 | Q10: =[2]หน้าผ้า!AC19 -> 0 | R10: =[2]หน้าผ้า!AD19 -> 1.1334313 | S10: =[2]หน้าผ้า!Z19 -> 500กระสอบ | T10: =[2]หน้าผ้า!X19 -> รอส่ง | U10: =[2]หน้าผ้า!AA19 -> 4000 | V10: =[2]หน้าผ้า!AJ19 -> 3922 | W10: =[2]หน้าผ้า!AL19 -> 78 | X10: =[2]หน้าผ้า!AM19 -> 5295 | Y10: =[2]หน้าผ้า!AN19 -> 0 | Z10: =[2]หน้าผ้า!AO19 -> WSWT1625800SM | AA10: =[2]หน้าผ้า!AQ19 -> 0 | AB10: =[2]หน้าผ้า!AR19 -> 0 | AC10: =[2]หน้าผ้า!AS19 -> 0 | AD10: =[2]หน้าผ้า!AT19 -> 0 | AE10: =[2]หน้าผ้า!AU19 -> 0 | AF10: =[2]หน้าผ้า!AI19 -> รอส่ง รอลูกค้ามารับเอง | AG10: =[3]หน้าผ้า!DC22 -> พร้อมส่ง | AH10: =[2]หน้าผ้า!DL19 -> P8 | AI10: =[2]หน้าผ้า!DM19 -> 4 | AJ10: =[2]หน้าผ้า!DN19 -> รอส่ง | AK10: =[2]หน้าผ้า!DQ19 -> #VALUE! | AL10: =[2]หน้าผ้า!DR19 -> #VALUE! | AM10: =[2]หน้าผ้า!DS19 -> #VALUE! | AN10: =[2]หน้าผ้า!DT19 -> #VALUE! | AO10: =[2]หน้าผ้า!DU19 -> #VALUE! | AP10: =[2]หน้าผ้า!DP19 -> #VALUE! | AQ10: =[2]หน้าผ้า!DW19 -> #VALUE! | AR10: =[2]หน้าผ้า!DX19 -> 0 | AS10: =[2]หน้าผ้า!DY19 -> 0 | AT10: =[2]หน้าผ้า!DZ19 -> 0 | AU10: =[2]หน้าผ้า!EA19 -> 0 | AV10: =[2]หน้าผ้า!EB19 -> 0 | AW10: =[2]หน้าผ้า!EC19 -> งานเคลือบ+พิมพ์ | AX10: =[2]หน้าผ้า!ED19 -> / | AY10: =[2]หน้าผ้า!AG19 -> 0 | AZ10: =[2]หน้าผ้า!EG19 -> 0 | BA10: =[2]หน้าผ้า!EH19 -> 0 | BB10: =[2]หน้าผ้า!EI19 -> 0 | BC10: =[2]หน้าผ้า!BZ19 -> WRWT25800/WRWT25800 | BD10: =[2]หน้าผ้า!CA19 -> 0
A11: =[2]หน้าผ้า!C20 -> ประมาณการ | B11: =[2]หน้าผ้า!B20 -> ประมาณการ | C11: =[2]หน้าผ้า!E20 -> บจก.ซัน ซีเมนต์ โพรเซส | D11: =[2]หน้าผ้า!F20 -> พระอาทิตย์(ปูนนอน-ชริงค์) | E11: =[2]หน้าผ้า!G20 -> 16 | F11: =[2]หน้าผ้า!H20 -> 25 | G11: =[2]หน้าผ้า!I20 -> ขาว | H11: =[2]หน้าผ้า!J20 -> ใส | I11: =[2]หน้าผ้า!L20 -> 50 | J11: =[2]หน้าผ้า!M20 -> ± | K11: =[2]หน้าผ้า!N20 -> 5 | L11: =[2]หน้าผ้า!R20 -> บิด | M11: =[2]หน้าผ้า!T20 -> 19 | N11: =[2]หน้าผ้า!U20 -> 28 | O11: =[2]หน้าผ้า!V20 -> 40 | P11: =[2]หน้าผ้า!AB20 -> 65.624643 | Q11: =[2]หน้าผ้า!AC20 -> 0 | R11: =[2]หน้าผ้า!AD20 -> 65.624643 | S11: =[2]หน้าผ้า!Z20 -> 500กระสอบ | T11: =[2]หน้าผ้า!X20 -> รอแจ้ง | U11: =[2]หน้าผ้า!AA20 -> 5000 | V11: =[2]หน้าผ้า!AJ20 -> 0 | W11: =[2]หน้าผ้า!AL20 -> 5000 | X11: =[2]หน้าผ้า!AM20 -> 0 | Y11: =[2]หน้าผ้า!AN20 -> 5250 | Z11: =[2]หน้าผ้า!AO20 -> WSWT1625800SM | AA11: =[2]หน้าผ้า!AQ20 -> 3702.05 | AB11: =[2]หน้าผ้า!AR20 -> 0 | AC11: =[2]หน้าผ้า!AS20 -> 3702.05 | AD11: =[2]หน้าผ้า!AT20 -> 0 | AE11: =[2]หน้าผ้า!AU20 -> 3702.05 | AF11: =[2]หน้าผ้า!AI20 -> 0 | AG11: =[3]หน้าผ้า!DC23 -> พร้อมส่ง | AH11: =[2]หน้าผ้า!DL20 -> P8 | AI11: =[2]หน้าผ้า!DM20 -> 4 | AJ11: =[2]หน้าผ้า!DN20 -> รอแจ้ง | AK11: =[2]หน้าผ้า!DQ20 -> #VALUE! | AL11: =[2]หน้าผ้า!DR20 -> #VALUE! | AM11: =[2]หน้าผ้า!DS20 -> #VALUE! | AN11: =[2]หน้าผ้า!DT20 -> #VALUE! | AO11: =[2]หน้าผ้า!DU20 -> #VALUE! | AP11: =[2]หน้าผ้า!DP20 -> #VALUE! | AQ11: =[2]หน้าผ้า!DW20 -> #VALUE! | AR11: =[2]หน้าผ้า!DX20 -> 0 | AS11: =[2]หน้าผ้า!DY20 -> 0 | AT11: =[2]หน้าผ้า!DZ20 -> 0 | AU11: =[2]หน้าผ้า!EA20 -> 0 | AV11: =[2]หน้าผ้า!EB20 -> 0 | AW11: =[2]หน้าผ้า!EC20 -> งานเคลือบ+พิมพ์ | AX11: =[2]หน้าผ้า!ED20 -> รอART | AY11: =[2]หน้าผ้า!AG20 -> 0 | AZ11: =[2]หน้าผ้า!EG20 -> 0 | BA11: =[2]หน้าผ้า!EH20 -> 0 | BB11: =[2]หน้าผ้า!EI20 -> 0 | BC11: =[2]หน้าผ้า!BZ20 -> WRWT25800/WRWT25800 | BD11: =[2]หน้าผ้า!CA20 -> 210.60551
A12: =[2]หน้าผ้า!C21 -> 0 | B12: =[2]หน้าผ้า!B21 -> 0 | C12: =[2]หน้าผ้า!E21 -> 0 | D12: =[2]หน้าผ้า!F21 | E12: =[2]หน้าผ้า!G21 -> 16 | F12: =[2]หน้าผ้า!H21 -> 25 | G12: =[2]หน้าผ้า!I21 -> ขาว | H12: =[2]หน้าผ้า!J21 -> 0 | I12: =[2]หน้าผ้า!L21 -> 45 | J12: =[2]หน้าผ้า!M21 -> ± | K12: =[2]หน้าผ้า!N21 -> 5 | L12: =[2]หน้าผ้า!R21 -> 0 | M12: =[2]หน้าผ้า!T21 -> 0 | N12: =[2]หน้าผ้า!U21 -> 0 | O12: =[2]หน้าผ้า!V21 -> 0 | P12: =[2]หน้าผ้า!AB21 -> 0 | Q12: =[2]หน้าผ้า!AC21 -> 0 | R12: =[2]หน้าผ้า!AD21 -> 0 | S12: =[2]หน้าผ้า!Z21 -> 0 | T12: =[2]หน้าผ้า!X21 -> 0 | U12: =[2]หน้าผ้า!AA21 -> 0 | V12: =[2]หน้าผ้า!AJ21 -> 0 | W12: =[2]หน้าผ้า!AL21 -> 0 | X12: =[2]หน้าผ้า!AM21 -> 0 | Y12: =[2]หน้าผ้า!AN21 -> 0 | Z12: =[2]หน้าผ้า!AO21 -> WSWT1625800SM | AA12: =[2]หน้าผ้า!AQ21 -> 3702.05 | AB12: =[2]หน้าผ้า!AR21 -> 0 | AC12: =[2]หน้าผ้า!AS21 -> 3702.05 | AD12: =[2]หน้าผ้า!AT21 -> 0 | AE12: =[2]หน้าผ้า!AU21 -> 3702.05 | AF12: =[2]หน้าผ้า!AI21 -> ระบุในSD | AG12: =[3]หน้าผ้า!DC24 -> พร้อมส่ง | AH12: =[2]หน้าผ้า!DL21 -> 0 | AI12: =[2]หน้าผ้า!DM21 -> Lead time | AJ12: =[2]หน้าผ้า!DN21 -> 0 | AK12: =[2]หน้าผ้า!DQ21 -> 0 | AL12: =[2]หน้าผ้า!DR21 -> 0 | AM12: =[2]หน้าผ้า!DS21 -> 0 | AN12: =[2]หน้าผ้า!DT21 -> 0 | AO12: =[2]หน้าผ้า!DU21 -> 0 | AP12: =[2]หน้าผ้า!DP21 -> 0 | AQ12: =[2]หน้าผ้า!DW21 -> 0 | AR12: =[2]หน้าผ้า!DX21 -> 0 | AS12: =[2]หน้าผ้า!DY21 -> 0 | AT12: =[2]หน้าผ้า!DZ21 -> 0 | AU12: =[2]หน้าผ้า!EA21 -> 0 | AV12: =[2]หน้าผ้า!EB21 -> 0 | AW12: =[2]หน้าผ้า!EC21 -> 0 | AX12: =[2]หน้าผ้า!ED21 -> 0 | AY12: =[2]หน้าผ้า!AG21 -> 0 | AZ12: =[2]หน้าผ้า!EG21 -> 0 | BA12: =[2]หน้าผ้า!EH21 -> 0 | BB12: =[2]หน้าผ้า!EI21 -> 0 | BC12: =[2]หน้าผ้า!BZ21 -> WRWT160800/WRWT25800 | BD12: =[2]หน้าผ้า!CA21 -> 0
A13: =[2]หน้าผ้า!C22 -> 0 | B13: =[2]หน้าผ้า!B22 -> 0 | C13: =[2]หน้าผ้า!E22 -> 0 | D13: =[2]หน้าผ้า!F22 -> 0 | E13: =[2]หน้าผ้า!G22 -> 16 | F13: =[2]หน้าผ้า!H22 -> 25 | G13: =[2]หน้าผ้า!I22 -> ขาว | H13: =[2]หน้าผ้า!J22 -> 0 | I13: =[2]หน้าผ้า!L22 -> 45 | J13: =[2]หน้าผ้า!M22 -> ± | K13: =[2]หน้าผ้า!N22 -> 5 | L13: =[2]หน้าผ้า!R22 -> 0 | M13: =[2]หน้าผ้า!T22 -> 0 | N13: =[2]หน้าผ้า!U22 -> 0 | O13: =[2]หน้าผ้า!V22 -> 0 | P13: =[2]หน้าผ้า!AB22 -> 0 | Q13: =[2]หน้าผ้า!AC22 -> 0 | R13: =[2]หน้าผ้า!AD22 -> 0 | S13: =[2]หน้าผ้า!Z22 -> 0 | T13: =[2]หน้าผ้า!X22 -> 0 | U13: =[2]หน้าผ้า!AA22 -> 0 | V13: =[2]หน้าผ้า!AJ22 -> 0 | W13: =[2]หน้าผ้า!AL22 -> 0 | X13: =[2]หน้าผ้า!AM22 -> 0 | Y13: =[2]หน้าผ้า!AN22 -> 0 | Z13: =[2]หน้าผ้า!AO22 -> WSWT1625800 | AA13: =[2]หน้าผ้า!AQ22 -> #REF! | AB13: =[2]หน้าผ้า!AR22 -> #REF! | AC13: =[2]หน้าผ้า!AS22 -> #REF! | AD13: =[2]หน้าผ้า!AT22 -> #REF! | AE13: =[2]หน้าผ้า!AU22 -> #REF! | AF13: =[2]หน้าผ้า!AI22 -> ระบุในSD | AG13: =[3]หน้าผ้า!DC25 -> ยังไม่ได้พิมพ์ | AH13: =[2]หน้าผ้า!DL22 -> 0 | AI13: =[2]หน้าผ้า!DM22 -> Lead time | AJ13: =[2]หน้าผ้า!DN22 -> 0 | AK13: =[2]หน้าผ้า!DQ22 -> 0 | AL13: =[2]หน้าผ้า!DR22 -> 0 | AM13: =[2]หน้าผ้า!DS22 -> 0 | AN13: =[2]หน้าผ้า!DT22 -> 0 | AO13: =[2]หน้าผ้า!DU22 -> 0 | AP13: =[2]หน้าผ้า!DP22 -> 0 | AQ13: =[2]หน้าผ้า!DW22 -> 0 | AR13: =[2]หน้าผ้า!DX22 -> 0 | AS13: =[2]หน้าผ้า!DY22 -> 0 | AT13: =[2]หน้าผ้า!DZ22 -> 0 | AU13: =[2]หน้าผ้า!EA22 -> 0 | AV13: =[2]หน้าผ้า!EB22 -> 0 | AW13: =[2]หน้าผ้า!EC22 -> 0 | AX13: =[2]หน้าผ้า!ED22 -> 0 | AY13: =[2]หน้าผ้า!AG22 -> 0 | AZ13: =[2]หน้าผ้า!EG22 -> 0 | BA13: =[2]หน้าผ้า!EH22 -> 0 | BB13: =[2]หน้าผ้า!EI22 -> 0 | BC13: =[2]หน้าผ้า!BZ22 -> WRWT160800/WRWT25800 | BD13: =[2]หน้าผ้า!CA22 -> 0
A14: =[2]หน้าผ้า!C23 -> 0 | B14: =[2]หน้าผ้า!B23 -> 0 | C14: =[2]หน้าผ้า!E23 -> 0 | D14: =[2]หน้าผ้า!F23 -> 0 | E14: =[2]หน้าผ้า!G23 -> 16 | F14: =[2]หน้าผ้า!H23 -> 25 | G14: =[2]หน้าผ้า!I23 -> 0 | H14: =[2]หน้าผ้า!J23 -> 0 | I14: =[2]หน้าผ้า!L23 -> 47 | J14: =[2]หน้าผ้า!M23 -> ± | K14: =[2]หน้าผ้า!N23 -> 5 | L14: =[2]หน้าผ้า!R23 -> 0 | M14: =[2]หน้าผ้า!T23 -> 0 | N14: =[2]หน้าผ้า!U23 -> 0 | O14: =[2]หน้าผ้า!V23 -> 0 | P14: =[2]หน้าผ้า!AB23 -> 0 | Q14: =[2]หน้าผ้า!AC23 -> 0 | R14: =[2]หน้าผ้า!AD23 -> 0 | S14: =[2]หน้าผ้า!Z23 -> 0 | T14: =[2]หน้าผ้า!X23 -> 0 | U14: =[2]หน้าผ้า!AA23 -> 0 | V14: =[2]หน้าผ้า!AJ23 -> 0 | W14: =[2]หน้าผ้า!AL23 -> 0 | X14: =[2]หน้าผ้า!AM23 -> 0 | Y14: =[2]หน้าผ้า!AN23 -> 0 | Z14: =[2]หน้าผ้า!AO23 -> WSWT1621720SMFX | AA14: =[2]หน้าผ้า!AQ23 -> #REF! | AB14: =[2]หน้าผ้า!AR23 -> #REF! | AC14: =[2]หน้าผ้า!AS23 -> #REF! | AD14: =[2]หน้าผ้า!AT23 -> #REF! | AE14: =[2]หน้าผ้า!AU23 -> #REF! | AF14: =[2]หน้าผ้า!AI23 -> ระบุในSD | AG14: =[3]หน้าผ้า!DC26 -> ยังไม่ได้พิมพ์ | AH14: =[2]หน้าผ้า!DL23 -> 0 | AI14: =[2]หน้าผ้า!DM23 -> 0 | AJ14: =[2]หน้าผ้า!DN23 -> 0 | AK14: =[2]หน้าผ้า!DQ23 -> 0 | AL14: =[2]หน้าผ้า!DR23 -> 0 | AM14: =[2]หน้าผ้า!DS23 -> 0 | AN14: =[2]หน้าผ้า!DT23 -> 0 | AO14: =[2]หน้าผ้า!DU23 -> 0 | AP14: =[2]หน้าผ้า!DP23 -> 0 | AQ14: =[2]หน้าผ้า!DW23 -> 0 | AR14: =[2]หน้าผ้า!DX23 -> 0 | AS14: =[2]หน้าผ้า!DY23 -> 0 | AT14: =[2]หน้าผ้า!DZ23 -> 0 | AU14: =[2]หน้าผ้า!EA23 -> 0 | AV14: =[2]หน้าผ้า!EB23 -> 0 | AW14: =[2]หน้าผ้า!EC23 -> 0 | AX14: =[2]หน้าผ้า!ED23 -> 0 | AY14: =[2]หน้าผ้า!AG23 -> 0 | AZ14: =[2]หน้าผ้า!EG23 -> 0 | BA14: =[2]หน้าผ้า!EH23 -> 0 | BB14: =[2]หน้าผ้า!EI23 -> 0 | BC14: =[2]หน้าผ้า!BZ23 -> WRWT160720/WRWT21720 | BD14: =[2]หน้าผ้า!CA23 -> 0
A15: =[2]หน้าผ้า!C24 -> 0 | B15: =[2]หน้าผ้า!B24 -> 0 | C15: =[2]หน้าผ้า!E24 -> 0 | D15: =[2]หน้าผ้า!F24 -> 0 | E15: =[2]หน้าผ้า!G24 -> 17 | F15: =[2]หน้าผ้า!H24 -> 26 | G15: =[2]หน้าผ้า!I24 -> 0 | H15: =[2]หน้าผ้า!J24 -> 0 | I15: =[2]หน้าผ้า!L24 -> 48 | J15: =[2]หน้าผ้า!M24 -> ± | K15: =[2]หน้าผ้า!N24 -> 5 | L15: =[2]หน้าผ้า!R24 -> 0 | M15: =[2]หน้าผ้า!T24 -> 0 | N15: =[2]หน้าผ้า!U24 -> 0 | O15: =[2]หน้าผ้า!V24 -> 0 | P15: =[2]หน้าผ้า!AB24 -> 0 | Q15: =[2]หน้าผ้า!AC24 -> 0 | R15: =[2]หน้าผ้า!AD24 -> 0 | S15: =[2]หน้าผ้า!Z24 -> 0 | T15: =[2]หน้าผ้า!X24 -> 0 | U15: =[2]หน้าผ้า!AA24 -> 0 | V15: =[2]หน้าผ้า!AJ24 -> 0 | W15: =[2]หน้าผ้า!AL24 -> 0 | X15: =[2]หน้าผ้า!AM24 -> 0 | Y15: =[2]หน้าผ้า!AN24 -> 0 | Z15: =[2]หน้าผ้า!AO24 -> WSWT1725800 | AA15: =[2]หน้าผ้า!AQ24 -> #REF! | AB15: =[2]หน้าผ้า!AR24 -> #REF! | AC15: =[2]หน้าผ้า!AS24 -> #REF! | AD15: =[2]หน้าผ้า!AT24 -> #REF! | AE15: =[2]หน้าผ้า!AU24 -> #REF! | AF15: =[2]หน้าผ้า!AI24 -> ระบุในSD | AG15: =[3]หน้าผ้า!DC27 -> พร้อมส่ง | AH15: =[2]หน้าผ้า!DL24 -> 0 | AI15: =[2]หน้าผ้า!DM24 -> 0 | AJ15: =[2]หน้าผ้า!DN24 -> 0 | AK15: =[2]หน้าผ้า!DQ24 -> 0 | AL15: =[2]หน้าผ้า!DR24 -> 0 | AM15: =[2]หน้าผ้า!DS24 -> 0 | AN15: =[2]หน้าผ้า!DT24 -> 0 | AO15: =[2]หน้าผ้า!DU24 -> 0 | AP15: =[2]หน้าผ้า!DP24 -> 0 | AQ15: =[2]หน้าผ้า!DW24 -> 0 | AR15: =[2]หน้าผ้า!DX24 -> 0 | AS15: =[2]หน้าผ้า!DY24 -> 0 | AT15: =[2]หน้าผ้า!DZ24 -> 0 | AU15: =[2]หน้าผ้า!EA24 -> 0 | AV15: =[2]หน้าผ้า!EB24 -> 0 | AW15: =[2]หน้าผ้า!EC24 -> 0 | AX15: =[2]หน้าผ้า!ED24 -> 0 | AY15: =[2]หน้าผ้า!AG24 -> 0 | AZ15: =[2]หน้าผ้า!EG24 -> 0 | BA15: =[2]หน้าผ้า!EH24 -> 0 | BB15: =[2]หน้าผ้า!EI24 -> 0 | BC15: =[2]หน้าผ้า!BZ24 -> WRWT170800/WRWT25800 | BD15: =[2]หน้าผ้า!CA24 -> 0
A16: =[2]หน้าผ้า!C25 -> 45873 | B16: =[2]หน้าผ้า!B25 -> MK68-000958 | C16: =[2]หน้าผ้า!E25 -> คุณสมยศ กิตตินราภรณ์ | D16: =[2]หน้าผ้า!F25 -> กุ้งปลา | E16: =[2]หน้าผ้า!G25 -> 18 | F16: =[2]หน้าผ้า!H25 -> 25 | G16: =[2]หน้าผ้า!I25 -> ขาว | H16: =[2]หน้าผ้า!J25 -> 0 | I16: =[2]หน้าผ้า!L25 -> 45 | J16: =[2]หน้าผ้า!M25 -> ± | K16: =[2]หน้าผ้า!N25 -> 5 | L16: =[2]หน้าผ้า!R25 -> ไม่ | M16: =[2]หน้าผ้า!T25 -> 19 | N16: =[2]หน้าผ้า!U25 -> 28 | O16: =[2]หน้าผ้า!V25 -> 40 | P16: =[2]หน้าผ้า!AB25 -> 65.624643 | Q16: =[2]หน้าผ้า!AC25 -> 0 | R16: =[2]หน้าผ้า!AD25 -> 65.624643 | S16: =[2]หน้าผ้า!Z25 -> 500กระสอบ | T16: =[2]หน้าผ้า!X25 -> 45883 | U16: =[2]หน้าผ้า!AA25 -> 5000 | V16: =[2]หน้าผ้า!AJ25 -> 0 | W16: =[2]หน้าผ้า!AL25 -> 5000 | X16: =[2]หน้าผ้า!AM25 -> 0 | Y16: =[2]หน้าผ้า!AN25 -> 5250 | Z16: =[2]หน้าผ้า!AO25 -> WSWT1825800 | AA16: =[2]หน้าผ้า!AQ25 -> 3702.05 | AB16: =[2]หน้าผ้า!AR25 -> 3702.05 | AC16: =[2]หน้าผ้า!AS25 -> 0 | AD16: =[2]หน้าผ้า!AT25 -> 0 | AE16: =[2]หน้าผ้า!AU25 -> 0 | AF16: =[2]หน้าผ้า!AI25 -> 0 | AG16: =[3]หน้าผ้า!DC28 -> รอตัด | AH16: =[2]หน้าผ้า!DL25 -> P9 | AI16: =[2]หน้าผ้า!DM25 -> 3 | AJ16: =[2]หน้าผ้า!DN25 -> 45883 | AK16: =[2]หน้าผ้า!DQ25 -> 0 | AL16: =[2]หน้าผ้า!DR25 -> 45873 | AM16: =[2]หน้าผ้า!DS25 -> 45880 | AN16: =[2]หน้าผ้า!DT25 -> 45881 | AO16: =[2]หน้าผ้า!DU25 -> 45881 | AP16: =[2]หน้าผ้า!DP25 -> 45878 | AQ16: =[2]หน้าผ้า!DW25 -> 45882 | AR16: =[2]หน้าผ้า!DX25 -> 0 | AS16: =[2]หน้าผ้า!DY25 -> 0 | AT16: =[2]หน้าผ้า!DZ25 -> 0 | AU16: =[2]หน้าผ้า!EA25 -> 0 | AV16: =[2]หน้าผ้า!EB25 -> 0 | AW16: =[2]หน้าผ้า!EC25 -> งานพิมพ์ | AX16: =[2]หน้าผ้า!ED25 -> รอART | AY16: =[2]หน้าผ้า!AG25 -> 0 | AZ16: =[2]หน้าผ้า!EG25 -> 0 | BA16: =[2]หน้าผ้า!EH25 -> 0 | BB16: =[2]หน้าผ้า!EI25 -> 0 | BC16: =[2]หน้าผ้า!BZ25 -> WRWT25800/WRWT25800 | BD16: =[2]หน้าผ้า!CA25 -> 0
A17: =[2]หน้าผ้า!C26 -> ประมาณการ | B17: =[2]หน้าผ้า!B26 -> ประมาณการ | C17: =[2]หน้าผ้า!E26 -> บจก.ฟาร์เธอร์ส วิง ซัพพลาย | D17: =[2]หน้าผ้า!F26 -> รถไฟ | E17: =[2]หน้าผ้า!G26 -> 18 | F17: =[2]หน้าผ้า!H26 -> 30 | G17: =[2]หน้าผ้า!I26 -> ขาว | H17: =[2]หน้าผ้า!J26 -> 0 | I17: =[2]หน้าผ้า!L26 -> 54 | J17: =[2]หน้าผ้า!M26 -> ± | K17: =[2]หน้าผ้า!N26 -> 5 | L17: =[2]หน้าผ้า!R26 -> บิด | M17: =[2]หน้าผ้า!T26 -> 19 | N17: =[2]หน้าผ้า!U26 -> 33 | O17: =[2]หน้าผ้า!V26 -> 40 | P17: =[2]หน้าผ้า!AB26 -> 232.02999 | Q17: =[2]หน้าผ้า!AC26 -> 0 | R17: =[2]หน้าผ้า!AD26 -> 232.02999 | S17: =[2]หน้าผ้า!Z26 -> 500กระสอบ | T17: =[2]หน้าผ้า!X26 -> รอแจ้ง | U17: =[2]หน้าผ้า!AA26 -> 15000 | V17: =[2]หน้าผ้า!AJ26 -> 0 | W17: =[2]หน้าผ้า!AL26 -> 15000 | X17: =[2]หน้าผ้า!AM26 -> 0 | Y17: =[2]หน้าผ้า!AN26 -> 15750 | Z17: =[2]หน้าผ้า!AO26 -> WSWT1825800 | AA17: =[2]หน้าผ้า!AQ26 -> 13201.65 | AB17: =[2]หน้าผ้า!AR26 -> 2599 | AC17: =[2]หน้าผ้า!AS26 -> 10602.65 | AD17: =[2]หน้าผ้า!AT26 -> 0 | AE17: =[2]หน้าผ้า!AU26 -> 0 | AF17: =[2]หน้าผ้า!AI26 -> 0 | AG17: =[3]หน้าผ้า!DC29 -> พร้อมส่ง | AH17: =[2]หน้าผ้า!DL26 -> P9 | AI17: =[2]หน้าผ้า!DM26 -> 3 | AJ17: =[2]หน้าผ้า!DN26 -> รอแจ้ง | AK17: =[2]หน้าผ้า!DQ26 -> 0 | AL17: =[2]หน้าผ้า!DR26 -> #VALUE! | AM17: =[2]หน้าผ้า!DS26 -> #VALUE! | AN17: =[2]หน้าผ้า!DT26 -> #VALUE! | AO17: =[2]หน้าผ้า!DU26 -> #VALUE! | AP17: =[2]หน้าผ้า!DP26 -> #VALUE! | AQ17: =[2]หน้าผ้า!DW26 -> #VALUE! | AR17: =[2]หน้าผ้า!DX26 -> 0 | AS17: =[2]หน้าผ้า!DY26 -> 0 | AT17: =[2]หน้าผ้า!DZ26 -> 0 | AU17: =[2]หน้าผ้า!EA26 -> 0 | AV17: =[2]หน้าผ้า!EB26 -> 0 | AW17: =[2]หน้าผ้า!EC26 -> งานพิมพ์ | AX17: =[2]หน้าผ้า!ED26 -> รอART | AY17: =[2]หน้าผ้า!AG26 -> 0 | AZ17: =[2]หน้าผ้า!EG26 -> 0 | BA17: =[2]หน้าผ้า!EH26 -> 0 | BB17: =[2]หน้าผ้า!EI26 -> 0 | BC17: =[2]หน้าผ้า!BZ26 -> WRWT25800/WRWT25800 | BD17: =[2]หน้าผ้า!CA26 -> 729.46232
... A575: =[2]หน้าผ้า!C584 -> 0 | B575: =[2]หน้าผ้า!B584 -> 0 | C575: =[2]หน้าผ้า!E584 -> 0 | D575: =[2]หน้าผ้า!F584 -> 0 | E575: =[2]หน้าผ้า!G584 -> 0 | F575: =[2]หน้าผ้า!H584 -> 0 | G575: =[2]หน้าผ้า!I584 -> 0 | H575: =[2]หน้าผ้า!J584 -> 0 | I575: =[2]หน้าผ้า!L584 -> 0 | J575: =[2]หน้าผ้า!M584 -> 0 | K575: =[2]หน้าผ้า!N584 -> 0 | L575: =[2]หน้าผ้า!R584 -> 0 | M575: =[2]หน้าผ้า!T584 -> 0 | N575: =[2]หน้าผ้า!U584 -> 0 | O575: =[2]หน้าผ้า!V584 -> 0 | P575: =[2]หน้าผ้า!AB584 -> 0 | Q575: =[2]หน้าผ้า!AC584 -> 0 | R575: =[2]หน้าผ้า!AD584 -> 0 | S575: =[2]หน้าผ้า!Z584 -> 0 | T575: =[2]หน้าผ้า!X584 -> 0 | U575: =[2]หน้าผ้า!AA584 -> 0 | V575: =[2]หน้าผ้า!AJ584 -> 0 | W575: =[2]หน้าผ้า!AL584 -> 0 | X575: =[2]หน้าผ้า!AM584 -> 0 | Y575: =[2]หน้าผ้า!AN584 -> 0 | Z575: =[2]หน้าผ้า!AO584 -> 0 | AA575: =[2]หน้าผ้า!AQ584 -> 0 | AB575: =[2]หน้าผ้า!AR584 -> 0 | AC575: =[2]หน้าผ้า!AS584 -> 0 | AD575: =[2]หน้าผ้า!AT584 -> 0 | AE575: =[2]หน้าผ้า!AU584 -> 0 | AF575: =[2]หน้าผ้า!AI584 -> 0 | AG575: =[3]หน้าผ้า!DC587 -> 0 | AH575: =[2]หน้าผ้า!DL584 -> 0 | AI575: =[2]หน้าผ้า!DM584 -> 0 | AJ575: =[2]หน้าผ้า!DN584 -> 0 | AK575: =[2]หน้าผ้า!DQ584 -> 0 | AL575: =[2]หน้าผ้า!DR584 -> 0 | AM575: =[2]หน้าผ้า!DS584 -> 0 | AN575: =[2]หน้าผ้า!DT584 -> 0 | AO575: =[2]หน้าผ้า!DU584 -> 0 | AP575: =[2]หน้าผ้า!DP584 -> 0 | AQ575: =[2]หน้าผ้า!DW584 -> 0 | AR575: =[2]หน้าผ้า!DX584 -> 0 | AS575: =[2]หน้าผ้า!DY584 -> 0 | AT575: =[2]หน้าผ้า!DZ584 -> 0 | AU575: =[2]หน้าผ้า!EA584 -> 0 | AV575: =[2]หน้าผ้า!EB584 -> 0 | AW575: =[2]หน้าผ้า!EC584 -> 0 | AX575: =[2]หน้าผ้า!ED584 -> 0 | AY575: =[2]หน้าผ้า!AG584 -> 0 | AZ575: =[2]หน้าผ้า!EG584 -> 0 | BA575: =[2]หน้าผ้า!EH584 -> 0 | BB575: =[2]หน้าผ้า!EI584 -> 0 | BC575: =[2]หน้าผ้า!BZ584 -> 0 | BD575: =[2]หน้าผ้า!CA584 -> 0

Sheet 4(Order+FC)
A2: เลขที่ SO | B2: (หลายรายการ)
A3: วันส่ง | B3: (หลายรายการ)
A4: ชื่อลูกค้า | B4: (ทั้งหมด)
K5: 9
A6: ประเภท | B6: ผลรวม ของ จำนวนส่ง | C6: ผลรวม ของ ค้างพิมพ์ | D6: ผลรวม ของ ค้างตัด | E6: ผลรวม ของ ใช้ | F6: ผลรวม ของ Stock | G6: ผลรวม ของ ค้างทอ
A7: WSWT1625800SM | B7: 5000 | C7: 5250 | D7: 5000 | E7: 4121.15 | F7: 3175 | G7: 946.15 | H7: =+J7-I7 -> 946.15 | J7: =G7 -> 946.15
A8: WSWT1825800 | B8: 15000 | C8: 15750 | D8: 15000 | E8: 13201.65 | F8: 6301 | G8: 6900.65 | H8: =+J8-I8 -> 6900.65 | J8: =G8 -> 6900.65
A9: WSWT1825800SM | B9: 5000 | C9: 0 | D9: 5000 | E9: 0 | F9: 0 | G9: 0 | H9: =+J9-I9 -> 0 | J9: =G9 -> 0
A10: WSWT1921720 | B10: 660000 | C10: 642600 | D10: 652206 | E10: 608030.28 | F10: 67964.05 | G10: 540066.23 | H10: =+J10-I10 -> 540066.23 | J10: =G10 -> 540066.23
A11: WSWT1925800 | B11: 190000 | C11: 156905.7 | D11: 187450 | E11: 130578.42 | F11: 32419.416 | G11: 98159 | H11: =+J11-I11 -> 98159 | J11: =G11 -> 98159
A12: WSWT2025650 | B12: 30000 | C12: 10500 | D12: 30000 | E12: 28359.1 | F12: 0 | G12: 28359.1 | H12: =+J12-I12 -> 28359.1 | J12: =G12 -> 28359.1 | K12: 40000 | L12: =+K5*K12 -> 360000 | M12: =+L12-J12 -> 331640.9
A13: WSWT2025800 | B13: 358907 | C13: 283092.6 | D13: 353907 | E13: 288507.63 | F13: 76716.989 | G13: 211790.64 | H13: =+J13-I13 -> 211790.64 | J13: =G13 -> 211790.64 | K13: 14000 | L13: =+K13*K5 -> 126000 | M13: =+L13-J13 -> -85790.644
A14: WSWT2025800SM | B14: 296127 | C14: 284550 | D14: 292809 | E14: 292238.43 | F14: 17378.68 | G14: 274859.75 | H14: =+J14-I14 -> 274859.75 | J14: =G14 -> 274859.75
A15: WSWT2121670SM | B15: 359000 | C15: 367500 | D15: 353179 | E15: 376491.5 | F15: 80270.7 | G15: 296220.8 | H15: =+J15-I15 -> 296220.8 | J15: =G15 -> 296220.8 | K15: 20000 | L15: =+K15*K5 -> 180000 | M15: =+L15-J15 -> -116220.8
A16: WSWT2125650 | B16: 50000 | C16: 10500 | D16: 49900 | E16: 53953.537 | F16: 18812.7 | G16: 35140.837 | H16: =+J16-I16 -> 35140.837 | J16: =G16 -> 35140.837
A17: WSWT2321112512551 | B17: 96600 | C17: 44967.3 | D17: 46311 | E17: 46067.5 | F17: 46067.5 | G17: 0 | H17: =+J17-I17 -> 0 | J17: =G17 -> 0
A18: WSWT2321112512551VN | B18: 100000 | C18: 0 | D18: 0 | E18: 0 | F18: 0 | G18: 0 | H18: =+J18-I18 -> 0 | J18: =G18 -> 0
A19: WSWT2321750 | B19: 15000 | C19: 15750 | D19: 15000 | E19: 16135.35 | F19: 7327 | G19: 8808.35 | H19: 0 | I19: 54000 | J19: =G19 -> 8808.35
A20: WSWT2325650 | B20: 90000 | C20: 73500 | D20: 77754 | E20: 69430.9 | F20: 29756.1 | G20: 39674.8 | H20: =+J20-I20 -> 39674.8 | J20: =G20 -> 39674.8
A21: WSWT2625650 | B21: 8000 | C21: 8400 | D21: 8000 | E21: 9499.6 | F21: 0 | G21: 9499.6 | H21: =+J21-I21 -> 9499.6 | J21: =G21 -> 9499.6
A22: WSWT262575051 | B22: 10000 | C22: 0 | D22: 10000 | E22: 11315.7 | F22: 6000 | G22: 5315.7 | H22: =+J22-I22 -> 5315.7 | J22: =G22 -> 5315.7
A23: WSWT2625800 | B23: 10000 | C23: 0 | D23: 10000 | E23: 12433.3 | F23: 12433.3 | G23: 0 | H23: =+J23-I23 -> 0 | J23: =G23 -> 0
A24: WSWT2625850SM | B24: 106500 | C24: 85575 | D24: 99114 | E24: 119981.34 | F24: 9788 | G24: 110193.34 | H24: =+J24-I24 -> 110193.34 | J24: =G24 -> 110193.34
A25: WSWT2825850 | B25: 55000 | C25: 52500 | D25: 55000 | E25: 66147.95 | F25: 11275.45 | G25: 54872.5 | H25: =+J25-I25 -> 54872.5 | J25: =G25 -> 54872.5
A26: ผลรวมทั้งหมด | B26: 2460134 | C26: 2057340.6 | D26: 2265630 | E26: 2146493.3 | F26: 425685.88 | G26: 1720807.5 | H26: =+J26-I26 -> 1720807.5 | J26: =G26 -> 1720807.5
H27: =+J27-I27 -> 0 | J27: =G27 -> 0
H28: =+J28-I28 -> 0 | J28: =G28 -> 0 | M28: =+GETPIVOTDATA("ผลรวม ของ ใช้",$A$6)+H29+H33 -> 5669299.9
H29: =SUM(H7:H28) -> 3432806.6 | I29: =SUM(I7:I28) -> 54000 | J29: =SUM(J7:J28) -> 3441614.9
H32: =+H26 -> 1720807.5 | I32: 85 | J32: =+(H32+H29)*I32 -> 4.3805719e+08 | K32: =+J32/1000 -> 438057.19
H33: 90000 | I33: 95 | J33: =+H33*I33 -> 8550000 | K33: =+J33/1000 -> 8550
H35: =+H32+H33+H29 -> 5243614 | K35: =+K32+K33 -> 446607.19
N36: 705222
A37: ยอดส่ง 1/2/68 - 17/2/68 | B37: 1565717 | H37: 15 | I37: =+H35/H37 -> 349574.27
N38: =+H35+N36 -> 5948836
I39: =+H37*110000 -> 1650000
B41: =+B29+B37+B31-110000 -> 1455717 | C41: =+C29+C37+C31 -> 0 | D41: =+D29+D37+D31-110000 -> -110000 | E41: =+E29+E37+E31 -> 0 | F41: =+F29+F37+F31 -> 0 | G41: =+G29+G37+G31 -> 0
B43: 3218150
B45: =+B43-B41 -> 1762433
C47: =+C41/9 -> 0 | D47: =+D41/9 -> -12222.222

Sheet 9(Order)
A2: เลขที่ SO | B2: (หลายรายการ)
A3: วันส่ง | B3: (หลายรายการ)
A4: ชื่อลูกค้า | B4: (ทั้งหมด)
A6: ประเภท | B6: ผลรวม ของ จำนวนส่ง | C6: ผลรวม ของ ค้างพิมพ์ | D6: ผลรวม ของ ค้างตัด | E6: ผลรวม ของ ใช้ | F6: ผลรวม ของ Stock | G6: ผลรวม ของ ค้างทอ
A7: WSWT2321112512551 | B7: 100000 | C7: 105000 | D7: 100000 | E7: 107569 | F7: 0 | G7: 107569 | I7: =+K7-J7 -> 107569 | K7: =G7 -> 107569
A8: WSWT2325650 | B8: 5000 | C8: 5250 | D8: 5000 | E8: 5518.15 | F8: 0 | G8: 5518.15 | I8: =+K8-J8 -> 5518.15 | K8: =G8 -> 5518.15
A9: ผลรวมทั้งหมด | B9: 105000 | C9: 110250 | D9: 105000 | E9: 113087.15 | F9: 0 | G9: 113087.15 | I9: =+K9-J9 -> 113087.15 | K9: =G9 -> 113087.15
I10: =+K10-J10 -> 0 | K10: =G10 -> 0
I11: =+K11-J11 -> 0 | K11: =G11 -> 0
I12: =+K12-J12 -> 0 | K12: =G12 -> 0
I13: =+K13-J13 -> 0 | K13: =G13 -> 0
I14: =+K14-J14 -> 0 | K14: =G14 -> 0
I15: =+K15-J15 -> 0 | K15: =G15 -> 0
I16: =+K16-J16 -> 0 | K16: =G16 -> 0
I17: 0 | J17: 54000 | K17: =G17 -> 0
I18: =+K18-J18 -> 0 | K18: =G18 -> 0
I19: =+K19-J19 -> 0 | K19: =G19 -> 0
I20: =+K20-J20 -> 0 | K20: =G20 -> 0
I21: =+K21-J21 -> 0 | K21: =G21 -> 0
I22: =+K22-J22 -> 0 | K22: =G22 -> 0
I23: =+K23-J23 -> 0 | K23: =G23 -> 0
I24: =+K24-J24 -> 0 | K24: =G24 -> 0
I25: =+K25-J25 -> 0 | K25: =G25 -> 0
I26: =SUM(I7:I25) -> 226174.3 | J26: =SUM(J7:J25) -> 54000 | K26: =SUM(K7:K25) -> 226174.3
D34: =D18 -> 0
D36: =D20 -> 0
A37: ยอดส่ง 1/4/68 - 12/4/68 | B37: 887615
A38: Order+ส่ง | B38: =++B25+B37 -> 887615
A39: ประมาณการ | B39: 262000 | C39: 238350 | D39: 262000 | E39: 279847.04 | F39: 60825.09 | G39: 219021.95
A41: Order+ส่ง+ประมาณการ | B41: =+B25+B37+B39+B33 -> 1149615 | C41: =+C25+C37+C39+C33 -> 238350 | D41: =+D25+D37+D39+D33 -> 262000 | E41: =+E25+E37+E39+E33 -> 279847.04 | F41: =+F25+F37+F39+F33 -> 60825.09 | G41: =+G25+G37+G39+G33 -> 219021.95
B43: 3171376
B45: =+B41-B43 -> -2021761 | C45: =+$B$45 -> -2021761 | D45: =+$B$45 -> -2021761 | F45: =+$B$45 -> -2021761
D47: =+D41/6 -> 43666.667

Sheet 7(Order) แยกลูกค้า
A1: เลขที่ SO | B1: (หลายรายการ)
A2: วันส่ง | B2: (หลายรายการ)
A4: ประเภท | B4: ชื่อลูกค้า | C4: ผลรวม ของ จำนวนส่ง | D4: ผลรวม ของ ค้างพิมพ์ | E4: ผลรวม ของ ค้างตัด | F4: ผลรวม ของ Stock | G4: ผลรวม ของ ค้างทอ | I4: vn
A5: WSWT1625800SM | B5: พีมินเนอร์ | C5: 4000 | D5: 0 | E5: 78 | F5: 0 | G5: 0 | H5: =G5 -> 0
A6: WSWT1625800SM ผลรวม | C6: 4000 | D6: 0 | E6: 78 | F6: 0 | G6: 0 | H6: =G6 -> 0
A7: WSWT1725800 | B7: โรงสีข้าวธัญญาวัฒน์ | C7: 30250 | D7: 31762.5 | E7: 30250 | F7: 23242.588 | G7: 0 | H7: =G7 -> 0
A8: WSWT1725800 ผลรวม | C8: 30250 | D8: 31762.5 | E8: 30250 | F8: 23242.588 | G8: 0 | H8: =G8 -> 0
A9: WSWT1921720 | B9: บจก.เคอรี่ฟลาวมิลล์ | C9: 60000 | D9: 0 | E9: 715 | F9: 0 | G9: 0 | H9: =G9 -> 0
A10: WSWT1921720 ผลรวม | C10: 60000 | D10: 0 | E10: 715 | F10: 0 | G10: 0 | H10: =G10 -> 0
A11: WSWT1925800SM | B11: บจก.เอเชี่ยนเคมิคัล | C11: 15000 | D11: 15750 | E11: 15000 | F11: 11525.25 | G11: 0 | H11: =G11 -> 0
A12: WSWT1925800SM ผลรวม | C12: 15000 | D12: 15750 | E12: 15000 | F12: 11525.25 | G12: 0 | H12: =G12 -> 0
A13: WSWT2021750 | B13: คุณสมบัติ นิมวชิรวัฒนา | C13: 5000 | D13: 0 | E13: 0 | F13: 0 | G13: 0 | H13: =G13 -> 0
A14: WSWT2021750 ผลรวม | C14: 5000 | D14: 0 | E14: 0 | F14: 0 | G14: 0 | H14: =G14 -> 0
A15: WSWT2025800 | B15: บจก.เคอรี่ฟลาวมิลล์ | C15: 5000 | D15: 0 | E15: 0 | F15: 0 | G15: 0 | H15: =G15 -> 0
B16: บจก.อินเทคค์ โกลบอล | C16: 239360 | D16: 187027.05 | E16: 193360 | F16: 195810.91 | G16: 0 | H16: =G16 -> 0
A17: WSWT2025800 ผลรวม | C17: 244360 | D17: 187027.05 | E17: 193360 | F17: 195810.91 | G17: 0 | H17: =G17 -> 0
A18: WSWT2025800SM | B18: บจก.อินเทคค์ โกลบอล | C18: 49152 | D18: 15876 | E18: 35299 | F18: 15841.98 | G18: 0 | H18: =G18 -> 0
B19: บจก.วีซีเอฟ | C19: 25000 | D19: 0 | E19: 122 | F19: 0 | G19: 0 | H19: =G19 -> 0
A20: WSWT2025800SM ผลรวม | C20: 74152 | D20: 15876 | E20: 35421 | F20: 15841.98 | G20: 0 | H20: =G20 -> 0
A21: WSWT2121670SM | B21: บจก.เอ็นบี ดิสทริบิวชั่น | C21: 20000 | D21: 1827 | E21: 2000 | F21: 1965.2856 | G21: 0 | H21: =G21 -> 0
A22: WSWT2121670SM ผลรวม | C22: 20000 | D22: 1827 | E22: 2000 | F22: 1965.2856 | G22: 0 | H22: =G22 -> 0
A23: WSWT2125800 | B23: โรงสีข้าวธัญญาวัฒน์ | C23: 4100 | D23: 0 | E23: 4100 | F23: 0 | G23: 0 | H23: =G23 -> 0
A24: WSWT2125800 ผลรวม | C24: 4100 | D24: 0 | E24: 4100 | F24: 0 | G24: 0 | H24: =G24 -> 0
A25: WSWT262575051 | B25: คุณธนนท์ อุทัยไพศาลวงศ์ | C25: 10000 | D25: 0 | E25: 0 | F25: 0 | G25: 0 | H25: =G25 -> 0
A26: WSWT262575051 ผลรวม | C26: 10000 | D26: 0 | E26: 0 | F26: 0 | G26: 0 | H26: =G26 -> 0
A27: WSWT2625850SM | B27: บจก.ที.ซี.ยูเนี่ยน อโกรเทค | C27: 15000 | D27: 0 | E27: 15000 | F27: 18649.95 | G27: 0 | H27: =G27 -> 0
A28: WSWT2625850SM ผลรวม | C28: 15000 | D28: 0 | E28: 15000 | F28: 18649.95 | G28: 0 | H28: =G28 -> 0
A29: ผลรวมทั้งหมด | C29: 481862 | D29: 252242.55 | E29: 295924 | F29: 267035.96 | G29: 0 | H29: =G29 -> 0
H30: =G30 -> 0
H31: =G31 -> 0
H32: =G32 -> 0
H33: =G33 -> 0
H34: =G34 -> 0
H35: =G35 -> 0
H36: =G36 -> 0
H37: =G37 -> 0
H38: =G38 -> 0
H39: =G39 -> 0
H40: =G40 -> 0
H41: =G41 -> 0
... H65: =G65 -> 0
H70: =SUM(H5:H69) -> 0
D119: Cap พิมพ์ | E119: Cap ตัด | F119: Stock 16/7 บ่าย | G119: Cap ทอ | I119: วันทงาน
B120: lส่ง | C120: 1-16/7 | D120: 160000 | E120: 160000 | G120: 120000 | I120: 12
C121: 1975256 | D121: =+D120*I120 -> 1920000 | E121: =+E120*I120 -> 1920000 | F121: 825147 | G121: =+G120*I120 -> 1440000
A122: เบทาโกรส่งแล้ว | B122: 20700 | C122: 424374
A123: เบทาโกรส่งแล้ว | B123: 20800 | C123: 155973
C126: รวมส่ง+ค้างส่ง | D126: ส่วนต่างCapคงเหลือ | E126: ส่วนต่างCapคงเหลือ | F126: คงเหลือ
C127: =+C50+C121 -> 1975256 | D127: =+D121-D50 -> 1920000 | E127: =+E121-E50 -> 1920000 | F127: =+F121-F50 -> 825147 | G127: =+G121-G50 -> 1440000
B129: 20700VN 20/7 | G129: 350000

Sheet 7(Fc) แยกลูกค้า
A1: เลขที่ SO | B1: ประมาณการ
A2: วันส่ง | B2: (หลายรายการ) | D2: 12
A4: ประเภท | B4: ชื่อลูกค้า | C4: ผลรวม ของ จำนวนส่ง | D4: ผลรวม ของ ค้างพิมพ์ | E4: ผลรวม ของ ค้างตัด | F4: ผลรวม ของ ใช้ | G4: ผลรวม ของ Stock | H4: ผลรวม ของ ค้างทอ
A5: WSWT1625800SM | B5: บจก.ซัน ซีเมนต์ โพรเซส | C5: 5000 | D5: 5250 | E5: 5000 | F5: 3702.05 | G5: 0 | H5: 3702.05
A6: WSWT1625800SM ผลรวม | C6: 5000 | D6: 5250 | E6: 5000 | F6: 3702.05 | G6: 0 | H6: 3702.05
A7: WSWT1825800 | B7: บจก.ฟาร์เธอร์ส วิง ซัพพลาย | C7: 15000 | D7: 15750 | E7: 15000 | F7: 13201.65 | G7: 6301 | H7: 6900.65
A8: WSWT1825800 ผลรวม | C8: 15000 | D8: 15750 | E8: 15000 | F8: 13201.65 | G8: 6301 | H8: 6900.65
A9: WSWT1921720 | B9: บจก.เคอรี่ฟลาวมิลล์ | C9: 572000 | D9: 600600 | E9: 572000 | F9: 503422.92 | G9: 17840 | H9: 485582.92
A10: WSWT1921720 ผลรวม | C10: 572000 | D10: 600600 | E10: 572000 | F10: 503422.92 | G10: 17840 | H10: 485582.92
A11: WSWT1925800 | B11: บจก.ไลม์มาสเตอร์ | C11: 20000 | D11: 21000 | E11: 20000 | F11: 18719.8 | G11: 0 | H11: 18719.8
B12: บจก.เอ็กเซลเล้นท์ | C12: 40000 | D12: 42000 | E12: 40000 | F12: 35204.4 | G12: 0 | H12: 35204.4
B13: บจก.ซีแมน | C13: 60000 | D13: 63000 | E13: 60000 | F13: 49453.8 | G13: 0 | H13: 49453.8
A14: WSWT1925800 ผลรวม | C14: 120000 | D14: 126000 | E14: 120000 | F14: 103378 | G14: 0 | H14: 103378
A15: WSWT1925800SM | B15: บจก.เอเชี่ยนเคมิคัล | C15: 15000 | D15: 15750 | E15: 15000 | F15: 11525.25 | G15: 11525.25 | H15: 0
A16: WSWT1925800SM ผลรวม | C16: 15000 | D16: 15750 | E16: 15000 | F16: 11525.25 | G16: 11525.25 | H16: 0
A17: WSWT2025650 | B17: บจก.หนองบัวฟีดมิลล์ | C17: 20000 | D17: 0 | E17: 20000 | F17: 17602.2 | G17: 0 | H17: 17602.2
A18: WSWT2025650 ผลรวม | C18: 20000 | D18: 0 | E18: 20000 | F18: 17602.2 | G18: 0 | H18: 17602.2
A19: WSWT2025800 | B19: บจก.อินเทคค์ โกลบอล | C19: 55000 | D19: 57750 | E19: 55000 | F19: 57626.25 | G19: 0 | H19: 57626.25
A20: WSWT2025800 ผลรวม | C20: 55000 | D20: 57750 | E20: 55000 | F20: 57626.25 | G20: 0 | H20: 57626.25
A21: WSWT2025800SM | B21: บจก.ไทยธรรมดี | C21: 20000 | D21: 21000 | E21: 20000 | F21: 21513.8 | G21: 0 | H21: 21513.8
B22: บจก.อินเทคค์ โกลบอล | C22: 100000 | D22: 105000 | E22: 100000 | F22: 104775 | G22: 0 | H22: 104775
B23: บจก.เอสพีเอ็ม อาหารสัตว์ | C23: 20000 | D23: 21000 | E23: 20000 | F23: 22072.6 | G23: 0 | H23: 22072.6
B24: บจก.ซันฟีด | C24: 100000 | D24: 105000 | E24: 100000 | F24: 110363 | G24: 0 | H24: 110363
A25: WSWT2025800SM ผลรวม | C25: 240000 | D25: 252000 | E25: 240000 | F25: 258724.4 | G25: 0 | H25: 258724.4
A26: WSWT2025850 | B26: บจก.ซันฟีด | C26: 100000 | D26: 105000 | E26: 100000 | F26: 113157 | G26: 0 | H26: 113157
A27: WSWT2025850 ผลรวม | C27: 100000 | D27: 105000 | E27: 100000 | F27: 113157 | G27: 0 | H27: 113157
A28: WSWT2121670SM | B28: บจก.ที.ซี.ยูเนี่ยน อโกรเทค | C28: 10000 | D28: 10500 | E28: 10000 | F28: 10756.9 | G28: 10756.9 | H28: 0
B29: บจก.แอมโก้เวท | C29: 300000 | D29: 315000 | E29: 300000 | F29: 322707 | G29: 0 | H29: 322707
B30: บจก.เอ็นบี | C30: 20000 | D30: 21000 | E30: 20000 | F30: 21513.8 | G30: 0 | H30: 21513.8
A31: WSWT2121670SM ผลรวม | C31: 330000 | D31: 346500 | E31: 330000 | F31: 354977.7 | G31: 10756.9 | H31: 344220.8
A32: WSWT2125650 | B32: บจก.หนองบัวฟีดมิลล์ | C32: 30000 | D32: 0 | E32: 30000 | F32: 33108.9 | G32: 4212 | H32: 28896.9
B33: บจก.ไลม์มาสเตอร์ | C33: 10000 | D33: 10500 | E33: 10000 | F33: 9918.7 | G33: 9918.7 | H33: 0
A34: WSWT2125650 ผลรวม | C34: 40000 | D34: 10500 | E34: 40000 | F34: 43027.6 | G34: 14130.7 | H34: 28896.9
A35: WSWT2325650 | B35: พันธุ์ข้าว | C35: 40000 | D35: 42000 | E35: 40000 | F35: 39674.8 | G35: 0 | H35: 39674.8
B36: บจก.ซิเบลโก้(สบปราบ) | C36: 30000 | D36: 31500 | E36: 30000 | F36: 29756.1 | G36: 29756.1 | H36: 0
A37: WSWT2325650 ผลรวม | C37: 70000 | D37: 73500 | E37: 70000 | F37: 69430.9 | G37: 29756.1 | H37: 39674.8
A38: WSWT2625650 | B38: บจก.กบินทร์อินทรีย์ | C38: 8000 | D38: 8400 | E38: 8000 | F38: 9499.6 | G38: 0 | H38: 9499.6
A39: WSWT2625650 ผลรวม | C39: 8000 | D39: 8400 | E39: 8000 | F39: 9499.6 | G39: 0 | H39: 9499.6
A40: WSWT2625800 | B40: บจก.ที.ซี.ยูเนี่ยน อโกรเทค | C40: 10000 | D40: 0 | E40: 10000 | F40: 12433.3 | G40: 12433.3 | H40: 0
A41: WSWT2625800 ผลรวม | C41: 10000 | D41: 0 | E41: 10000 | F41: 12433.3 | G41: 12433.3 | H41: 0
A42: WSWT2625850SM | B42: บจก.ที.ซี.ยูเนี่ยน อโกรเทค | C42: 20000 | D42: 21000 | E42: 20000 | F42: 24866.6 | G42: 0 | H42: 24866.6
A43: WSWT2625850SM ผลรวม | C43: 20000 | D43: 21000 | E43: 20000 | F43: 24866.6 | G43: 0 | H43: 24866.6
A44: WSWT2825850 | B44: บจก.ที.ซี.ยูเนี่ยน อโกรเทค | C44: 5000 | D44: 0 | E44: 5000 | F44: 6775.45 | G44: 7020 | H44: 0
B45: บจก.ไทยร่วมใจน้ำมันพืช | C45: 50000 | D45: 52500 | E45: 50000 | F45: 59372.5 | G45: 0 | H45: 59372.5
A46: WSWT2825850 ผลรวม | C46: 55000 | D46: 52500 | E46: 55000 | F46: 66147.95 | G46: 7020 | H46: 59372.5
A47: WSWTSCL052325650 | B47: พันธุ์ข้าว | C47: 10000 | D47: 10500 | E47: 10000 | F47: 9918.7 | G47: 0 | H47: 9918.7
A48: WSWTSCL052325650 ผลรวม | C48: 10000 | D48: 10500 | E48: 10000 | F48: 9918.7 | G48: 0 | H48: 9918.7
A49: ผลรวมทั้งหมด | C49: 1685000 | D49: 1701000 | E49: 1685000 | F49: 1672642.1 | G49: 109763.25 | H49: 1563123.4
D119: Cap พิมพ์ | E119: Cap ตัด | F119: Stock 16/7 บ่าย | G119: Cap ทอ | I119: วันทงาน
B120: lส่ง | C120: 1-16/7 | D120: 160000 | E120: 160000 | G120: 120000 | I120: 12
C121: 1975256 | D121: =+D120*I120 -> 1920000 | E121: =+E120*I120 -> 1920000 | F121: 825147 | G121: =+G120*I120 -> 1440000
A122: เบทาโกรส่งแล้ว | B122: 20700 | C122: 424374
A123: เบทาโกรส่งแล้ว | B123: 20800 | C123: 155973
C126: รวมส่ง+ค้างส่ง | D126: ส่วนต่างCapคงเหลือ | E126: ส่วนต่างCapคงเหลือ | F126: คงเหลือ
C127: =+C50+C121 -> 1975256 | D127: =+D121-D50 -> 1920000 | E127: =+E121-E50 -> 1920000 | F127: =+F121-F50 -> 825147 | G127: =+G121-G50 -> 1440000
B129: 20700VN 20/7 | G129: 350000

Sheet 8(Order+Fc) แยกลูกค้า
A1: เลขที่ SO | B1: (หลายรายการ)
A2: วันส่ง | B2: (หลายรายการ) | D2: 12 | I2: เมตร | J2: vn | K2: ใบ | P2: วัน
A4: ประเภท | B4: ชื่อลูกค้า | C4: ผลรวม ของ จำนวนส่ง | D4: ผลรวม ของ ค้างพิมพ์ | E4: ผลรวม ของ ค้างตัด | F4: ผลรวม ของ Stock | G4: ผลรวม ของ ใช้ | H4: ผลรวม ของ ค้างทอ
A5: WSWT1425800 | B5: บจก.มารีน ลีดเดอร์ | C5: 8000 | D5: 0 | E5: 8000 | F5: 5252.72 | G5: 5252.72 | H5: 0 | I5: =H5 -> 0
B6: หจก.ปึงเป้งน้ำ | C6: 10000 | D6: 10500 | E6: 10000 | F6: 6565.9 | G6: 6565.9 | H6: 0
A7: WSWT1425800 ผลรวม | C7: 18000 | D7: 10500 | E7: 18000 | F7: 11818.62 | G7: 11818.62 | H7: 0 | I7: =H7 -> 0
A8: WSWT1825800 | B8: คุณสมยศ กิตตินราภรณ์ | C8: 5000 | D8: 5250 | E8: 5000 | F8: 3702.05 | G8: 3702.05 | H8: 0 | I8: =H8 -> 0
A9: WSWT1825800 ผลรวม | C9: 5000 | D9: 5250 | E9: 5000 | F9: 3702.05 | G9: 3702.05 | H9: 0 | I9: =H9 -> 0
A10: WSWT1825800SM | B10: บจก.ซิเบลโก้(บางเลน) | C10: 10000 | D10: 10500 | E10: 10000 | F10: 8801.1 | G10: 8801.1 | H10: 0 | I10: =H10 -> 0
A11: WSWT1825800SM ผลรวม | C11: 10000 | D11: 10500 | E11: 10000 | F11: 8801.1 | G11: 8801.1 | H11: 0
A12: WSWT1921720 | B12: บจก.เคอรี่ฟลาวมิลล์ | C12: 285000 | D12: 133145.25 | E12: 190077 | F12: 25173.685 | G12: 166689.79 | H12: 141516.1 | I12: =H12 -> 141516.1
A13: WSWT1921720 ผลรวม | C13: 285000 | D13: 133145.25 | E13: 190077 | F13: 25173.685 | G13: 166689.79 | H13: 141516.1
A14: WSWT19251000SM | B14: บจก.อินเทคค์ โกลบอล | C14: 5040 | D14: 5292 | E14: 5040 | F14: 2000 | G14: 4999.0248 | H14: 2999.0248 | I14: =H14 -> 2999.0248 | P14: 15000 | Q14: =+K14/P14 -> 0
A15: WSWT19251000SM ผลรวม | C15: 5040 | D15: 5292 | E15: 5040 | F15: 2000 | G15: 4999.0248 | H15: 2999.0248
A16: WSWT1925800 | B16: บจก.เพรซิเดนท์ฟลาวมิลล์ | C16: 140000 | D16: 147000 | E16: 140000 | F16: 26190 | G16: 123215.4 | H16: 97025.4 | I16: =H16 -> 97025.4
B17: บจก.ซีแมน | C17: 40000 | D17: 42000 | E17: 40000 | F17: 32969.2 | G17: 32969.2 | H17: 0 | I17: =H17 -> 0
B18: บจก.เอ็กเซลเล้นท์ | C18: 25000 | D18: 26250 | E18: 25000 | F18: 22002.75 | G18: 22002.75 | H18: 0 | I18: =H18 -> 0
B19: บจก.เอ็มทีเอส | C19: 10000 | D19: 10500 | E19: 10000 | F19: 8801.1 | G19: 8801.1 | H19: 0 | I19: =H19 -> 0
A20: WSWT1925800 ผลรวม | C20: 215000 | D20: 225750 | E20: 215000 | F20: 89963.05 | G20: 186988.45 | H20: 97025.4 | I20: =H20 -> 97025.4 | P20: 16000 | Q20: =+K20/P20 -> 0
A21: WSWT1925800SM | B21: บจก.เอเชี่ยนเคมิคัล | C21: 10000 | D21: 10500 | E21: 10000 | F21: 7683.5 | G21: 7683.5 | H21: 0
A22: WSWT1925800SM ผลรวม | C22: 10000 | D22: 10500 | E22: 10000 | F22: 7683.5 | G22: 7683.5 | H22: 0 | I22: =H22 -> 0
A23: WSWT2025650 | B23: บจก.หนองบัวฟีดมิลล์ | C23: 10000 | D23: 0 | E23: 10000 | F23: 8801.1 | G23: 8801.1 | H23: 0
A24: WSWT2025650 ผลรวม | C24: 10000 | D24: 0 | E24: 10000 | F24: 8801.1 | G24: 8801.1 | H24: 0 | I24: =H24 -> 0
A25: WSWT2025700 | B25: บจก.เอ็มทีเอส | C25: 5000 | D25: 5250 | E25: 5000 | F25: 5378.45 | G25: 5378.45 | H25: 0
A26: WSWT2025700 ผลรวม | C26: 5000 | D26: 5250 | E26: 5000 | F26: 5378.45 | G26: 5378.45 | H26: 0 | I26: =H26 -> 0
A27: WSWT2025800 | B27: บจก.เบทาโกร | C27: 210000 | D27: 145509 | E27: 190000 | F27: 151897.11 | G27: 151897.11 | H27: 0
B28: บจก.อินเทคค์ โกลบอล | C28: 227120 | D28: 210000 | E28: 201680 | F28: 18343 | G28: 209550 | H28: 191207 | I28: =H28 -> 191207
A29: WSWT2025800 ผลรวม | C29: 437120 | D29: 355509 | E29: 391680 | F29: 170240.11 | G29: 361447.11 | H29: 191207 | I29: =H29 -> 191207
A30: WSWT2025800SM | B30: บจก.อินเทคค์ โกลบอล | C30: 126109 | D30: 132414.45 | E30: 126109 | F30: 0 | G30: 131977.17 | H30: 131977.17 | I30: =H30 -> 131977.17
B31: บจก.เอพีเอ็ม อะโกร | C31: 30000 | D31: 27300 | E31: 26000 | F31: 3490 | G31: 28694.38 | H31: 25204.38 | P31: 15000 | Q31: =+K31/P31 -> 0
B32: บจก.วีซีเอฟ | C32: 100000 | D32: 47250 | E32: 45000 | F32: 20000 | G32: 48406.05 | H32: 28406.05 | I32: =H32 -> 28406.05
A33: WSWT2025800SM ผลรวม | C33: 256109 | D33: 206964.45 | E33: 197109 | F33: 23490 | G33: 209077.6 | H33: 185587.6 | I33: =H33 -> 185587.6
A34: WSWT2025850 | B34: บจก.ไทยธรรมดี | C34: 30000 | D34: 0 | E34: 24000 | F34: 25816.56 | G34: 25816.56 | H34: 0 | I34: =H34 -> 0
A35: WSWT2025850 ผลรวม | C35: 30000 | D35: 0 | E35: 24000 | F35: 25816.56 | G35: 25816.56 | H35: 0 | I35: =H35 -> 0
A36: WSWT2121670SM | B36: บจก.เอพีเอ็ม อะโกร | C36: 7000 | D36: 4200 | E36: 4000 | F36: 0 | G36: 4414.52 | H36: 4414.52 | I36: =H36 -> 4414.52
B37: บจก.เอสพีเอ็ม อาหารสัตว์ | C37: 11500 | D37: 12075 | E37: 11500 | F37: 13166.725 | G37: 13166.725 | H37: 0 | I37: =H37 -> 0
B38: บจก.แอมโก้เวท | C38: 35000 | D38: 36750 | E38: 35000 | F38: 37649.15 | G38: 37649.15 | H38: 0 | I38: =H38 -> 0
B39: บจก.บลูฟาโล่ | C39: 5000 | D39: 0 | E39: 0 | F39: 0 | G39: 0 | H39: 0 | I39: =H39 -> 0
B40: บจก.เอ็นบี ดิสทริบิวชั่น | C40: 30000 | D40: 31500 | E40: 30000 | F40: 32270.7 | G40: 32270.7 | H40: 0 | I40: =H40 -> 0
A41: WSWT2121670SM ผลรวม | C41: 88500 | D41: 84525 | E41: 80500 | F41: 83086.575 | G41: 87501.095 | H41: 4414.52
A42: WSWT2125650 | B42: บจก.หนองบัวฟีดมิลล์ | C42: 15000 | D42: 0 | E42: 15000 | F42: 16554.45 | G42: 16554.45 | H42: 0 | I42: =H42 -> 0
B43: บจก.ไลม์มาสเตอร์ | C43: 20000 | D43: 21000 | E43: 20000 | F43: 19837.4 | G43: 19837.4 | H43: 0
A44: WSWT2125650 ผลรวม | C44: 35000 | D44: 21000 | E44: 35000 | F44: 36391.85 | G44: 36391.85 | H44: 0 | I44: =H44 -> 0
A45: WSWT2321112512551 | B45: บจก.น้ำตาลทิพย์สุโขทัย | C45: 100000 | D45: 81612.3 | E45: 77726 | F45: 51004.581 | G45: 83609.081 | H45: 32604.5 | I45: =H45 -> 32604.5
A46: WSWT2321112512551 ผลรวม | C46: 100000 | D46: 81612.3 | E46: 77726 | F46: 51004.581 | G46: 83609.081 | H46: 32604.5 | J46: 74000
A47: WSWT2325650 | B47: พันธุ์ข้าว | C47: 30000 | D47: 31500 | E47: 30000 | F47: 26403 | G47: 29756.1 | H47: 3353.1 | I47: =H47 -> 3353.1
B48: บจก.ซิเบลโก้(สบปราบ) | C48: 30000 | D48: 31500 | E48: 30000 | F48: 0 | G48: 29756.1 | H48: 29756.1 | I48: =H48 -> 29756.1
B49: บจก.ซิเบลโก้(บางเลน) | C49: 15000 | D49: 15750 | E49: 15000 | F49: 16554.45 | G49: 16554.45 | H49: 0
A50: WSWT2325650 ผลรวม | C50: 75000 | D50: 78750 | E50: 75000 | F50: 42957.45 | G50: 76066.65 | H50: 33109.2
A51: WSWT2625650 | B51: บจก.กบินทร์อินทรีย์ | C51: 8000 | D51: 8400 | E51: 8000 | F51: 1765 | G51: 9499.6 | H51: 7734.6 | I51: =H51 -> 7734.6 | M51: 102.14
A52: WSWT2625650 ผลรวม | C52: 8000 | D52: 8400 | E52: 8000 | F52: 1765 | G52: 9499.6 | H52: 7734.6 | I52: =H52 -> 7734.6 | M52: 3300
A53: WSWT262575051 | B53: คุณธนนท์ อุทัยไพศาลวงศ์ | C53: 10000 | D53: 0 | E53: 0 | F53: 0 | G53: 0 | H53: 0 | M53: =+M52/M51 -> 32.308596
B54: บจก.ทีพีเค แอ็ดวานซ์ สตาร์ซ | C54: 10000 | D54: 10500 | E54: 10000 | F54: 7202 | G54: 12433.3 | H54: 5231.3 | I54: =H54 -> 5231.3
A55: WSWT262575051 ผลรวม | C55: 20000 | D55: 10500 | E55: 10000 | F55: 7202 | G55: 12433.3 | H55: 5231.3 | I55: =H55 -> 5231.3 | M55: 114.47
A56: WSWT2625850SM | B56: บจก.ที.ซี.ยูเนี่ยน อโกรเทค | C56: 35000 | D56: 4299.75 | E56: 16172 | F56: 13019.841 | G56: 13019.841 | H56: 0 | I56: =H56-J56 -> -166000 | J56: 166000 | M56: =+M55*32.2 -> 3685.934
A57: WSWT2625850SM ผลรวม | C57: 35000 | D57: 4299.75 | E57: 16172 | F57: 13019.841 | G57: 13019.841 | H57: 0 | M57: =+M56-3300 -> 385.934
A58: WSWT2825850 | B58: บจก.ไทยร่วมใจน้ำมันพืช | C58: 84000 | D58: 73584 | E58: 71000 | F58: 21480 | G58: 84408.696 | H58: 62928.696 | I58: =H58 -> 62928.696
A59: WSWT2825850 ผลรวม | C59: 84000 | D59: 73584 | E59: 71000 | F59: 21480 | G59: 84408.696 | H59: 62928.696 | I59: =H59 -> 62928.696
A60: WSWTSCL052325650 | B60: กลุ่มผู้ผลิตเมล็ดพันธุ์ข้าวศรีนคร | C60: 10000 | D60: 10500 | E60: 10000 | F60: 0 | G60: 9918.7 | H60: 9918.7 | I60: =H60 -> 9918.7
A61: WSWTSCL052325650 ผลรวม | C61: 10000 | D61: 10500 | E61: 10000 | F61: 0 | G61: 9918.7 | H61: 9918.7 | I61: =H61 -> 9918.7
A62: ผลรวมทั้งหมด | C62: 1741769 | D62: 1341831.8 | E62: 1464304 | F62: 639775.52 | G62: 1414052.2 | H62: 774276.65 | I62: =H62 -> 774276.65
I64: =H64 -> 0
C65: 330899 | I65: =H65 -> 0
I66: =H66 -> 0
I68: =H68 -> 0
C70: =+GETPIVOTDATA("ผลรวม ของ จำนวนส่ง",$A$4)+C65 -> 2072668 | I70: =H70 -> 0
I72: =H72 -> 0
I73: =H73 -> 0
I75: =SUM(I5:I74) -> 1916982.2
I79: =I75+I77 -> 1916982.2 | J79: 16 | K79: =+I79*0.9779 -> 1874616.9
I81: =+I79/J79 -> 119811.39 | K81: =+K79*85 -> 1.5934244e+08
K83: =+K81/1000 -> 159342.44
D119: Cap พิมพ์ | E119: Cap ตัด | F119: Stock 16/7 บ่าย | G119: Cap ทอ | I119: วันทงาน
B120: lส่ง | C120: 1-16/7 | D120: 160000 | E120: 160000 | G120: 120000 | I120: 12
C121: 1975256 | D121: =+D120*I120 -> 1920000 | E121: =+E120*I120 -> 1920000 | F121: 825147 | G121: =+G120*I120 -> 1440000
A122: เบทาโกรส่งแล้ว | B122: 20700 | C122: 424374
A123: เบทาโกรส่งแล้ว | B123: 20800 | C123: 155973
C126: รวมส่ง+ค้างส่ง | D126: ส่วนต่างCapคงเหลือ | E126: ส่วนต่างCapคงเหลือ | F126: คงเหลือ
C127: =+C50+C121 -> 2050256 | D127: =+D121-D50 -> 1841250 | E127: =+E121-E50 -> 1845000 | F127: =+F121-F50 -> 782189.55 | G127: =+G121-G50 -> 1363933.4
B129: 20700VN 20/7 | G129: 350000

Sheet 8(Order)
A2: เลขที่ SO | B2: (หลายรายการ)
A3: วันส่ง | B3: (หลายรายการ)
A4: ชื่อลูกค้า | B4: (ทั้งหมด)
A6: ประเภท | B6: ผลรวม ของ จำนวนส่ง | C6: ผลรวม ของ ค้างพิมพ์ | D6: ผลรวม ของ ค้างตัด | E6: ผลรวม ของ ใช้ | F6: ผลรวม ของ Stock | G6: ผลรวม ของ ค้างทอ
A7: WSWT1425800 | B7: 18000 | C7: 10500 | D7: 18000 | E7: 11818.62 | F7: 11818.62 | G7: 0
A8: WSWT1825800 | B8: 5000 | C8: 5250 | D8: 5000 | E8: 3702.05 | F8: 3702.05 | G8: 0
A9: WSWT1825800SM | B9: 10000 | C9: 10500 | D9: 10000 | E9: 8801.1 | F9: 8801.1 | G9: 0
A10: WSWT1921720 | B10: 285000 | C10: 133145.25 | D10: 190077 | E10: 166689.79 | F10: 25173.685 | G10: 141516.1
A11: WSWT19251000SM | B11: 5040 | C11: 5292 | D11: 5040 | E11: 4999.0248 | F11: 2000 | G11: 2999.0248 | L11: =76*2500 -> 190000
A12: WSWT1925800 | B12: 75000 | C12: 78750 | D12: 75000 | E12: 63773.05 | F12: 63773.05 | G12: 0
A13: WSWT1925800SM | B13: 10000 | C13: 10500 | D13: 10000 | E13: 7683.5 | F13: 7683.5 | G13: 0
A14: WSWT2025650 | B14: 10000 | C14: 0 | D14: 10000 | E14: 8801.1 | F14: 8801.1 | G14: 0
A15: WSWT2025700 | B15: 5000 | C15: 5250 | D15: 5000 | E15: 5378.45 | F15: 5378.45 | G15: 0
A16: WSWT2025800 | B16: 267120 | C16: 177009 | D16: 221680 | E16: 183329.61 | F16: 170240.11 | G16: 13089.5
A17: WSWT2025800SM | B17: 156109 | C17: 101964.45 | D17: 97109 | E17: 104302.6 | F17: 23490 | G17: 80812.604
A18: WSWT2025850 | B18: 30000 | C18: 0 | D18: 24000 | E18: 25816.56 | F18: 25816.56 | G18: 0
A19: WSWT2121670SM | B19: 88500 | C19: 84525 | D19: 80500 | E19: 87501.095 | F19: 83086.575 | G19: 4414.52
A20: WSWT2125650 | B20: 35000 | C20: 21000 | D20: 35000 | E20: 36391.85 | F20: 36391.85 | G20: 0
A21: WSWT2321112512551 | B21: 100000 | C21: 81612.3 | D21: 77726 | E21: 83609.081 | F21: 51004.581 | G21: 32604.5
A22: WSWT2325650 | B22: 15000 | C22: 15750 | D22: 15000 | E22: 16554.45 | F22: 16554.45 | G22: 0
A23: WSWT262575051 | B23: 20000 | C23: 10500 | D23: 10000 | E23: 12433.3 | F23: 7202 | G23: 5231.3
... A27: ผลรวมทั้งหมด | B27: 1263769 | C27: 839931.75 | D27: 986304 | E27: 938932.47 | F27: 585417.52 | G27: 353514.95
A37: ยอดส่ง 1/1/68 - 17/1/68 | B37: 1287052
A38: Order+ส่ง | B38: =++B22+B37 -> 1302052
A39: ประมาณการ | I39: 0
A41: Order+ส่ง+ประมาณการ | B41: =+B22+B37+B39+B29 -> 1302052 | C41: =+C22+C37+C39+C29 -> 15750 | D41: =+D22+D37+D39+D29 -> 15000 | E41: =+E22+E37+E39+E29 -> 16554.45 | F41: =+F22+F37+F39+F29 -> 16554.45 | G41: =+G22+G37+G39+G29 -> 0
B43: 3000000 | I43: 9
B45: =+B41-B43 -> -1697948
D46: =+D22/I43 -> 1666.6667
C47: =+C41/I43 -> 1750 | D47: =+D41/I43 -> 1666.6667 | G47: =+G41/I43 -> 0

Sheet 6(Order) แยกลูกค้า
A1: เลขที่ SO | B1: (หลายรายการ)
A2: วันส่ง | B2: รอแจ้ง
A4: ประเภท | B4: ชื่อลูกค้า | C4: ผลรวม ของ จำนวนส่ง | D4: ผลรวม ของ ค้างพิมพ์ | E4: ผลรวม ของ ค้างตัด | F4: ผลรวม ของ Stock | G4: ผลรวม ของ ค้างทอ | I4: vn
A5: WSWT1921720 | B5: บจก.เคอรี่ฟลาวมิลล์ | C5: 5000 | D5: 0 | E5: 5000 | F5: 0 | G5: 0 | H5: =G5 -> 0
A6: WSWT1921720 ผลรวม | C6: 5000 | D6: 0 | E6: 5000 | F6: 0 | G6: 0 | H6: =G6 -> 0
A7: WSWT19251000SM | B7: บจก.อินเทคค์ โกลบอล | C7: 503 | D7: 0 | E7: 503 | F7: 0 | G7: 0 | H7: =G7 -> 0
A8: WSWT19251000SM ผลรวม | C8: 503 | D8: 0 | E8: 503 | F8: 0 | G8: 0
A9: WSWT2025800SM | B9: บจก.อินเทคค์ โกลบอล | C9: 13286 | D9: 0 | E9: 13219 | F9: 0 | G9: 0 | H9: =G9 -> 0
B10: บจก.เอพีเอ็ม อะโกร | C10: 5000 | D10: 5250 | E10: 5000 | F10: 0 | G10: 5518.15 | H10: =G10 -> 5518.15
B11: บจก.เอสพีเอ็ม อาหารสัตว์ | C11: 23000 | D11: 24150 | E11: 23000 | F11: 0 | G11: 25551.13
A12: WSWT2025800SM ผลรวม | C12: 41286 | D12: 29400 | E12: 41219 | F12: 0 | G12: 31069.28 | H12: =G12 -> 31069.28
A13: WSWT2121670SM | B13: บจก.ที.ซี.ยูเนี่ยน อโกรเทค | C13: 40000 | D13: 42000 | E13: 40000 | F13: 43027.6 | G13: 0 | H13: =G13 -> 0
B14: บจก.เอพีเอ็ม อะโกร | C14: 7000 | D14: 7350 | E14: 7000 | F14: 7725.41 | G14: 0 | H14: =G14 -> 0
B15: บจก.เอสพีเอ็ม อาหารสัตว์ | C15: 5000 | D15: 5250 | E15: 5000 | F15: 0 | G15: 5518.15
A16: WSWT2121670SM ผลรวม | C16: 52000 | D16: 54600 | E16: 52000 | F16: 50753.01 | G16: 5518.15 | H16: =G16 -> 5518.15
A17: WSWT2321112512551 | B17: บจก.น้ำตาลทิพย์สุโขทัย | C17: 436278 | D17: 458091.9 | E17: 436278 | F17: 0 | G17: 469299.88
A18: WSWT2321112512551 ผลรวม | C18: 436278 | D18: 458091.9 | E18: 436278 | F18: 0 | G18: 469299.88 | H18: =G18 -> 469299.88
A19: WSWT2321750 | B19: บจก.แอมโก้เวท | C19: 1000 | D19: 0 | E19: 1000 | F19: 1159.51 | G19: 0 | H19: =G19 -> 0
A20: WSWT2321750 ผลรวม | C20: 1000 | D20: 0 | E20: 1000 | F20: 1159.51 | G20: 0 | H20: =G20 -> 0
A21: ผลรวมทั้งหมด | C21: 536067 | D21: 542091.9 | E21: 536000 | F21: 51912.52 | G21: 505887.31 | H21: =G21 -> 505887.31
H23: =G23 -> 0
H25: =G25 -> 0
H27: =G27 -> 0
H28: =G28 -> 0
H29: =G29 -> 0
H31: =G31 -> 0
H32: =G32 -> 0
H33: =G33 -> 0
H34: =G34 -> 0
H35: =G35 -> 0
H36: =G36 -> 0
H37: =G37 -> 0
... H68: =G68 -> 0
H70: =SUM(H5:H69) -> 1017292.8
D119: Cap พิมพ์ | E119: Cap ตัด | F119: Stock 16/7 บ่าย | G119: Cap ทอ | I119: วันทงาน
B120: lส่ง | C120: 1-16/7 | D120: 160000 | E120: 160000 | G120: 120000 | I120: 12
C121: 1975256 | D121: =+D120*I120 -> 1920000 | E121: =+E120*I120 -> 1920000 | F121: 825147 | G121: =+G120*I120 -> 1440000
A122: เบทาโกรส่งแล้ว | B122: 20700 | C122: 424374
A123: เบทาโกรส่งแล้ว | B123: 20800 | C123: 155973
C126: รวมส่ง+ค้างส่ง | D126: ส่วนต่างCapคงเหลือ | E126: ส่วนต่างCapคงเหลือ | F126: คงเหลือ
C127: =+C50+C121 -> 1975256 | D127: =+D121-D50 -> 1920000 | E127: =+E121-E50 -> 1920000 | F127: =+F121-F50 -> 825147 | G127: =+G121-G50 -> 1440000
B129: 20700VN 20/7 | G129: 350000

Sheet 6(Fc) แยกลูกค้
A1: เลขที่ SO | B1: ประมาณการ
A2: วันส่ง | B2: (หลายรายการ) | D2: 12
A4: ประเภท | B4: ชื่อลูกค้า | C4: ผลรวม ของ จำนวนส่ง | D4: ผลรวม ของ ค้างพิมพ์ | E4: ผลรวม ของ ค้างตัด | F4: ผลรวม ของ Stock | G4: ผลรวม ของ ใช้ | H4: ผลรวม ของ ค้างทอ
A5: WSWT1921720 | B5: บจก.เคอรี่ฟลาวมิลล์ | C5: 250000 | D5: 262500 | E5: 250000 | F5: 0 | G5: 233997.5 | H5: 233997.5
A6: WSWT1921720 ผลรวม | C6: 250000 | D6: 262500 | E6: 250000 | F6: 0 | G6: 233997.5 | H6: 233997.5
A7: WSWT1925800 | B7: บจก.เพรซิเดนท์ฟลาวมิลล์ | C7: 140000 | D7: 147000 | E7: 140000 | F7: 56115 | G7: 123215.4 | H7: 67100.4
B8: บจก.ไลม์มาสเตอร์ | C8: 20000 | D8: 20755.35 | E8: 19767 | F8: 18501.714 | G8: 18501.714 | H8: 0
B9: บจก.เอ็กเซลเล้นท์ | C9: 40000 | D9: 42000 | E9: 40000 | F9: 0 | G9: 35204.4 | H9: 35204.4
A10: WSWT1925800 ผลรวม | C10: 200000 | D10: 209755.35 | E10: 199767 | F10: 74616.714 | G10: 176921.51 | H10: 102304.8
A11: WSWT2025800 | B11: บจก.อินเทคค์ โกลบอล | C11: 250000 | D11: 262500 | E11: 250000 | F11: 0 | G11: 261937.5 | H11: 261937.5
A12: WSWT2025800 ผลรวม | C12: 250000 | D12: 262500 | E12: 250000 | F12: 0 | G12: 261937.5 | H12: 261937.5
A13: WSWT2025800SM | B13: บจก.ไทยธรรมดี | C13: 20000 | D13: 21000 | E13: 20000 | F13: 0 | G13: 21513.8 | H13: 21513.8
B14: บจก.อินเทคค์ โกลบอล | C14: 100000 | D14: 105000 | E14: 100000 | F14: 56666 | G14: 104775 | H14: 48109
B15: บจก.เอสพีเอ็ม อาหารสัตว์ | C15: 20000 | D15: 21000 | E15: 20000 | F15: 0 | G15: 22072.6 | H15: 22072.6
A16: WSWT2025800SM ผลรวม | C16: 140000 | D16: 147000 | E16: 140000 | F16: 56666 | G16: 148361.4 | H16: 91695.4
A17: WSWT2121670SM | B17: บจก.แอมโก้เวท | C17: 300000 | D17: 315000 | E17: 300000 | F17: 159370 | G17: 322707 | H17: 163337
B18: บจก.เอ็นบี ดิสทริบิวชั่น | C18: 40000 | D18: 42000 | E18: 40000 | F18: 43027.6 | G18: 43027.6 | H18: 0
A19: WSWT2121670SM ผลรวม | C19: 340000 | D19: 357000 | E19: 340000 | F19: 202397.6 | G19: 365734.6 | H19: 163337
A20: ผลรวมทั้งหมด | C20: 1180000 | D20: 1238755.4 | E20: 1179767 | F20: 333680.31 | G20: 1186952.5 | H20: 853272.2
H43: =+GETPIVOTDATA("ผลรวม ของ ค้างทอ",$A$4)+H41 -> 853272.2
I119: วันทงาน
I120: 12
C121: 1975256 | D121: =+D120*I120 -> 0 | E121: =+E120*I120 -> 0 | F121: 825147 | G121: =+G120*I120 -> 0
A122: เบทาโกรส่งแล้ว | B122: 20700 | C122: 424374
A123: เบทาโกรส่งแล้ว | B123: 20800 | C123: 155973
C126: รวมส่ง+ค้างส่ง | D126: ส่วนต่างCapคงเหลือ | E126: ส่วนต่างCapคงเหลือ | F126: คงเหลือ
C127: =+C50+C121 -> 1975256 | D127: =+D121-D50 -> 0 | E127: =+E121-E50 -> 0 | F127: =+F121-F50 -> 825147 | G127: =+G121-G50 -> 0
B129: 20700VN 20/7 | G129: 350000

Sheet ค้างทอ2-8-68
A3: ผลรวม ของ ค้างทอ
A4: ป้ายชื่อแถว | B4: 45870 | C4: 45871 | D4: 45872 | E4: 45873 | F4: 45875 | G4: 45877 | H4: 45878 | I4: 45879 | J4: 45880 | K4: 45882 | L4: 45883 | M4: 45884 | N4: 45885 | O4: 45887 | P4: 45889 | Q4: 45890 | R4: 45892 | S4: 45893 | T4: ผลรวมทั้งหมด
A5: WSWT1425800 | G5: 2699.72 | I5: 0 | T5: =SUM(B5:S5) -> 2699.72
A6: WSWT1825800SM | H6: 1160.1 | T6: =SUM(B6:S6) -> 1160.1
A7: WSWT1921720 | B7: 5001.9 | C7: 28079.7 | D7: 37439.6 | E7: 14039.85 | H7: 19837.4 | J7: 14039.85 | L7: 23399.75 | N7: 23958.55 | O7: 23399.75 | Q7: 23399.75 | R7: 23958.55 | S7: 37439.6 | T7: =SUM(B7:S7) -> 273994.25
A8: WSWT1925800 | M8: 32969.2 | T8: =SUM(B8:S8) -> 32969.2
A9: WSWT2025800 | M9: 61976.09 | P9: 26892.25 | T9: =SUM(B9:S9) -> 88868.34
A10: WSWT2025800SM | C10: 0 | M10: 0 | P10: 2497.45 | T10: =SUM(B10:S10) -> 2497.45
A11: WSWT2121670SM | D11: 0 | F11: 0 | T11: =SUM(B11:S11) -> 0
A12: WSWT2321112512551 | H12: 0 | K12: 47828.5 | T12: =SUM(B12:S12) -> 47828.5
A13: WSWT2325650 | H13: 0 | T13: =SUM(B13:S13) -> 0
A14: WSWT2625850SM | B14: 0 | H14: 0 | K14: 4019.95 | T14: =SUM(B14:S14) -> 4019.95
A15: WSWT2825850 | H15: 21379.051 | T15: =SUM(B15:S15) -> 21379.051
A16: ผลรวมทั้งหมด | B16: =SUM(B5:B15) -> 5001.9 | C16: =SUM(C5:C15) -> 28079.7 | D16: =SUM(D5:D15) -> 37439.6 | E16: =SUM(E5:E15) -> 14039.85 | F16: =SUM(F5:F15) -> 0 | G16: =SUM(G5:G15) -> 2699.72 | H16: =SUM(H5:H15) -> 42376.551 | I16: =SUM(I5:I15) -> 0 | ... T16: =SUM(T5:T15) -> 475416.56

Sheet 9-8-68
B2: เรียงกำหนดส่ง | D2: ลบ 0 | T2: เรียง 1
B3: ข้อมูลUpdate ณ. วันที่ | D3: 45878 | E3: เวลา | G3: 9.57
A4: วันรับออร์เดอร์/แบบ | B4: เลขที่ SO | C4: ชื่อลูกค้า | E4: 10.3 | I4: น้ำหนัก | L4: บิด/จับจีบ | M4: ถุงใน | Q4: 44873 | S4: วิธีบรรจุ | T4: วันส่ง | U4: จำนวนส่ง | V4: ตัดเย็บ (ใบ) | W4: 44873 | X4: พิมพ์ (ใบ) | Y4: 44876 | Z4: ผ้าทอ (เมตร) Updateณ | AB4: 44876 | AD4: ผ้าเคลือบ(เมตร) | AF4: หมายเหตุ | AG4: เครื่อง
B5: เลขที่ SO | C5: ชื่อลูกค้า | D5: ตรา | E5: กว้าง | F5: ยาว | G5: สี | H5: เคลือบ | I5: กรัม/ใบ | J5: * | K5: aw | L5: บิด/จับจีบ | M5: กว้าง | N5: ยาว | O5: หนา | P5: ใช้(กก.) | Q5: Stock(กก.) | R5: ผลิต(กก.) | S5: วิธีบรรจุ | T5: วันส่ง | U5: จำนวนส่ง | V5: StockFG | W5: ค้างตัด | X5: พิมพ์แล้ว | Y5: ค้างพิมพ์ | Z5: ประเภท | AA5: ใช้ | AB5: Stock | AC5: ค้างทอ | AD5: Stock | AE5: ค้างเคลือบ | AF5: หมายเหตุ | AG5: ที่พิมพ์ได้ | AH5: process | AI5: Lead time | AJ5: วันที่ส่งPL | AK5: เคลือบ | AL5: ได้ ART | AM5: พิมพ์ | AN5: จีบ-บิด | AO5: ตัด-เย็บ | AP5: ทอ | AQ5: สวมถุง | AR5: เย็บปาก | AS5: PT | AT5: ม้วน | AU5: ตัด | AV5: ตอกตาไก่ | AW5: GROUP | AX5: ART | AY5: หมายเหตุปัญหา | AZ5: ราคา/ใบ | BA5: ราคารวม | BB5: workweek | BC5: เส้นเทป | BD5: จำนวน
A6: 45868 | B6: MK68-000933 | C6: บจก.มารีน ลีดเดอร์ | D6: ไม่พิมพ์ | E6: 14 | F6: 22 | G6: ขาว | H6: ใส | I6: 42 | J6: ± | K6: 5 | L6: ไม่ | M6: 15 | N6: 24 | O6: 40 | P6: 71.052245 | Q6: 0 | R6: 71.052245 | S6: 500กระสอบแบน | T6: 45883 | U6: 8000 | V6: 0 | W6: 8000 | X6: 0 | Y6: 0 | Z6: WSWT1425800 | AA6: 5252.72 | AB6: 5252.72 | AC6: 0 | AD6: 5252.72 | AE6: 0 | AF6: 0 | AG6: พร้อมส่ง | AH6: P9 | AI6: 3 | AJ6: 45883 | AK6: 45879 | AL6: 0 | AM6: 0 | AN6: 0 | AO6: 45880 | AP6: 45878 | AQ6: 45881 | AR6: 0 | AS6: 0 | AT6: 0 | AU6: 0 | AV6: 0 | AW6: งานเคลือบ+ตัด | AX6: 0 | AY6: สลับกับหนองบัว | AZ6: 0 | BA6: 0 | BB6: 0 | BC6: WRWT25800/WRWT25800 | BD6: 0
A7: 45860 | B7: MK68-000920 | C7: หจก.ปึงเป้งน้ำ | D7: เกลือตรามือ 10กก. | E7: 14 | F7: 22 | G7: ขาว | H7: ใส | I7: 42 | J7: ± | K7: 5 | L7: ไม่ | M7: ไม่สวมถุงใน | N7: 0 | O7: 0 | P7: 0 | Q7: 0 | R7: 0 | S7: 500กระสอบแบน | T7: 45884 | U7: 10000 | V7: 0 | W7: 10000 | X7: 10710 | Y7: 0 | Z7: WSWT1425800 | AA7: 0 | AB7: 0 | AC7: 0 | AD7: 0 | AE7: 0 | AF7: 0 | AG7: ยังไม่ได้พิมพ์ | AH7: P6 | AI7: 4 | AJ7: 45884 | AK7: 45880 | AL7: 45873 | AM7: 45881 | AN7: 45882 | AO7: 45883 | AP7: 45879 | AQ7: 0 | AR7: 0 | AS7: 0 | AT7: 0 | AU7: 0 | AV7: 0 | AW7: งานเคลือบ+พิมพ์ | AX7: / | AY7: 0 | AZ7: 0 | BA7: 0 | BB7: 0 | BC7: WRWT25800/WRWT25800 | BD7: 0
A8: 0 | B8: 0 | C8: 0 | D8: 0 | E8: 14 | F8: 22 | G8: ขาว | H8: 0 | I8: 36 | J8: ± | K8: 5 | L8: 0 | M8: 0 | N8: 0 | O8: 0 | P8: 0 | Q8: 0 | R8: 0 | S8: 0 | U8: 0 | V8: 0 | W8: 0 | X8: 0 | Y8: 0 | Z8: WSWT1425800 | AA8: 5252.72 | AB8: 5252.72 | AC8: 0 | AD8: 5252.72 | AE8: 0 | AF8: ระบุในSD | AG8: พร้อมส่ง | AH8: 0 | AI8: Lead time | AJ8: 0 | AK8: 0 | AL8: 0 | AM8: 0 | AN8: 0 | AO8: 0 | AP8: 0 | AQ8: 0 | AR8: 0 | AS8: 0 | AT8: 0 | AU8: 0 | AV8: 0 | AW8: 0 | AX8: 0 | AY8: 0 | AZ8: 0 | BA8: 0 | BB8: 0 | BC8: WRWT140800/WRWT25800 | BD8: 0
A9: 45842 | B9: MK68-000868 | C9: พีมินเนอร์ | D9: พี-มินเนอร์ นิวพลัส | E9: 16 | F9: 28 | G9: ขาว | H9: ใส | I9: 56 | J9: ± | K9: 5 | L9: ไม่ | M9: 19 | N9: 31 | O9: 40 | P9: 1.1334313 | Q9: 0 | R9: 1.1334313 | S9: 500กระสอบ | T9: รอส่ง | U9: 4000 | V9: 3922 | W9: 78 | X9: 5295 | Y9: 0 | Z9: WSWT1625800SM | AA9: 0 | AB9: 0 | AC9: 0 | AD9: 0 | AE9: 0 | AF9: รอส่ง รอลูกค้ามารับเอง | AG9: พร้อมส่ง | AH9: P8 | AI9: 4 | AJ9: รอส่ง | AK9: #VALUE! | AL9: #VALUE! | AM9: #VALUE! | AN9: #VALUE! | AO9: #VALUE! | AP9: #VALUE! | AQ9: #VALUE! | AR9: 0 | AS9: 0 | AT9: 0 | AU9: 0 | AV9: 0 | AW9: งานเคลือบ+พิมพ์ | AX9: / | AY9: 0 | AZ9: 0 | BA9: 0 | BB9: 0 | BC9: WRWT25800/WRWT25800 | BD9: 0
A10: ประมาณการ | B10: ประมาณการ | C10: บจก.ซัน ซีเมนต์ โพรเซส | D10: พระอาทิตย์(ปูนนอน-ชริงค์) | E10: 16 | F10: 25 | G10: ขาว | H10: ใส | I10: 50 | J10: ± | K10: 5 | L10: บิด | M10: 19 | N10: 28 | O10: 40 | P10: 65.624643 | Q10: 0 | R10: 65.624643 | S10: 500กระสอบ | T10: รอแจ้ง | U10: 5000 | V10: 0 | W10: 5000 | X10: 0 | Y10: 5250 | Z10: WSWT1625800SM | AA10: 3702.05 | AB10: 0 | AC10: 3702.05 | AD10: 0 | AE10: 3702.05 | AF10: 0 | AG10: พร้อมส่ง | AH10: P8 | AI10: 4 | AJ10: รอแจ้ง | AK10: #VALUE! | AL10: #VALUE! | AM10: #VALUE! | AN10: #VALUE! | AO10: #VALUE! | AP10: #VALUE! | AQ10: #VALUE! | AR10: 0 | AS10: 0 | AT10: 0 | AU10: 0 | AV10: 0 | AW10: งานเคลือบ+พิมพ์ | AX10: รอART | AY10: 0 | AZ10: 0 | BA10: 0 | BB10: 0 | BC10: WRWT25800/WRWT25800 | BD10: 210.60551
A11: 0 | B11: 0 | C11: 0 | E11: 16 | F11: 25 | G11: ขาว | H11: 0 | I11: 45 | J11: ± | K11: 5 | L11: 0 | M11: 0 | N11: 0 | O11: 0 | P11: 0 | Q11: 0 | R11: 0 | S11: 0 | U11: 0 | V11: 0 | W11: 0 | X11: 0 | Y11: 0 | Z11: WSWT1625800SM | AA11: 3702.05 | AB11: 0 | AC11: 3702.05 | AD11: 0 | AE11: 3702.05 | AF11: ระบุในSD | AG11: พร้อมส่ง | AH11: 0 | AI11: Lead time | AJ11: 0 | AK11: 0 | AL11: 0 | AM11: 0 | AN11: 0 | AO11: 0 | AP11: 0 | AQ11: 0 | AR11: 0 | AS11: 0 | AT11: 0 | AU11: 0 | AV11: 0 | AW11: 0 | AX11: 0 | AY11: 0 | AZ11: 0 | BA11: 0 | BB11: 0 | BC11: WRWT160800/WRWT25800 | BD11: 0
A12: 45873 | B12: MK68-000958 | C12: คุณสมยศ กิตตินราภรณ์ | D12: กุ้งปลา | E12: 18 | F12: 25 | G12: ขาว | H12: 0 | I12: 45 | J12: ± | K12: 5 | L12: ไม่ | M12: 19 | N12: 28 | O12: 40 | P12: 65.624643 | Q12: 0 | R12: 65.624643 | S12: 500กระสอบ | T12: 45883 | U12: 5000 | V12: 0 | W12: 5000 | X12: 0 | Y12: 5250 | Z12: WSWT1825800 | AA12: 3702.05 | AB12: 3702.05 | AC12: 0 | AD12: 0 | AE12: 0 | AF12: 0 | AG12: รอตัด | AH12: P9 | AI12: 3 | AJ12: 45883 | AK12: 0 | AL12: 45873 | AM12: 45880 | AN12: 45881 | AO12: 45881 | AP12: 45878 | AQ12: 45882 | AR12: 0 | AS12: 0 | AT12: 0 | AU12: 0 | AV12: 0 | AW12: งานพิมพ์ | AX12: รอART | AY12: 0 | AZ12: 0 | BA12: 0 | BB12: 0 | BC12: WRWT25800/WRWT25800 | BD12: 0
A13: ประมาณการ | B13: ประมาณการ | C13: บจก.ฟาร์เธอร์ส วิง ซัพพลาย | D13: รถไฟ | E13: 18 | F13: 30 | G13: ขาว | H13: 0 | I13: 54 | J13: ± | K13: 5 | L13: บิด | M13: 19 | N13: 33 | O13: 40 | P13: 232.02999 | Q13: 0 | R13: 232.02999 | S13: 500กระสอบ | T13: รอแจ้ง | U13: 15000 | V13: 0 | W13: 15000 | X13: 0 | Y13: 15750 | Z13: WSWT1825800 | AA13: 13201.65 | AB13: 2599 | AC13: 10602.65 | AD13: 0 | AE13: 0 | AF13: 0 | AG13: พร้อมส่ง | AH13: P9 | AI13: 3 | AJ13: รอแจ้ง | AK13: 0 | AL13: #VALUE! | AM13: #VALUE! | AN13: #VALUE! | AO13: #VALUE! | AP13: #VALUE! | AQ13: #VALUE! | AR13: 0 | AS13: 0 | AT13: 0 | AU13: 0 | AV13: 0 | AW13: งานพิมพ์ | AX13: รอART | AY13: 0 | AZ13: 0 | BA13: 0 | BB13: 0 | BC13: WRWT25800/WRWT25800 | BD13: 729.46232
A14: 0 | B14: 0 | E14: 18 | F14: 30 | G14: ขาว | H14: 0 | I14: 54 | J14: ± | K14: 5 | L14: 0 | M14: 0 | N14: 0 | O14: 0 | P14: 0 | Q14: 0 | R14: 0 | S14: 0 | U14: 0 | V14: 0 | W14: 0 | X14: 0 | Y14: 0 | Z14: WSWT1825800 | AA14: 16903.7 | AB14: 6301.05 | AC14: 10602.65 | AD14: 0 | AE14: 0 | AF14: ระบุในSD | AG14: ยังไม่ได้พิมพ์ | AH14: 0 | AI14: Lead time | AJ14: 0 | AK14: 0 | AL14: 0 | AM14: 0 | AN14: 0 | AO14: 0 | AP14: 0 | AQ14: 0 | AR14: 0 | AS14: 0 | AT14: 0 | AU14: 0 | AV14: 0 | AW14: 0 | AX14: 0 | AY14: 0 | AZ14: 0 | BA14: 0 | BB14: 0 | BC14: WRWT25800/WRWT25800 | BD14: 0
A15: 45860 | B15: MK68-000917 | C15: บจก.ซิเบลโก้(บางเลน) | D15: PORTARYTE B15 | E15: 18 | F15: 30 | G15: ขาว | H15: ใส | I15: 74 | J15: ± | K15: 5 | L15: ไม่ | M15: ไม่สวมถุงใน | N15: 0 | O15: 0 | P15: 0 | Q15: 0 | R15: 0 | S15: 500กระสอบแบน | T15: 45883 | U15: 10000 | V15: 0 | W15: 10000 | X15: 10100 | Y15: 0 | Z15: WSWT1825800SM | AA15: 0 | AB15: 0 | AC15: 0 | AD15: 0 | AE15: 0 | AF15: 0 | AG15: ยังไม่ได้พิมพ์ | AH15: P6 | AI15: 4 | AJ15: 45883 | AK15: 45879 | AL15: 45872 | AM15: 45880 | AN15: 45881 | AO15: 45882 | AP15: 45878 | AQ15: 0 | AR15: 0 | AS15: 0 | AT15: 0 | AU15: 0 | AV15: 0 | AW15: งานเคลือบ+พิมพ์ | AX15: / | AY15: 0 | AZ15: 0 | BA15: 0 | BB15: 0 | BC15: WRWT25800/WRWT25800 | BD15: 0
A16: 0 | B16: 0 | C16: 0 | E16: 18 | F16: 25 | G16: ขาว | H16: 0 | I16: 50 | J16: ± | K16: 5 | L16: 0 | M16: 0 | N16: 0 | O16: 0 | P16: 0 | Q16: 0 | R16: 0 | S16: 0 | U16: 0 | V16: 0 | W16: 0 | X16: 0 | Y16: 0 | Z16: WSWT1825800SM | AA16: 0 | AB16: 0 | AC16: 0 | AD16: 0 | AE16: 0 | AF16: ระบุในSD | AG16: ยังไม่ได้พิมพ์ | AH16: 0 | AI16: Lead time | AJ16: 0 | AK16: 0 | AL16: 0 | AM16: 0 | AN16: 0 | AO16: 0 | AP16: 0 | AQ16: 0 | AR16: 0 | AS16: 0 | AT16: 0 | AU16: 0 | AV16: 0 | AW16: 0 | AX16: 0 | AY16: 0 | AZ16: 0 | BA16: 0 | BB16: 0 | BC16: WRWT180800/WRWT25800 | BD16: 0
A17: 45875 | B17: MK68-000973 | C17: บจก.เอ็มทีเอส | D17: มังกรเหลือง MTS | E17: 19 | F17: 30 | G17: ขาว | H17: 0 | I17: 60 | J17: ± | K17: 5 | L17: บิด | M17: ไม่สวมถุงใน | N17: 0 | O17: 0 | P17: 0 | Q17: 0 | R17: 0 | S17: 500กระสอบ | T17: 45884 | U17: 5000 | V17: 0 | W17: 5000 | X17: 0 | Y17: 5250 | Z17: WSWT1925800 | AA17: 4400.55 | AB17: 4400.55 | AC17: 0 | AD17: 0 | AE17: 0 | AF17: 0 | AG17: ยังไม่ได้พิมพ์ | AH17: P7 | AI17: 2 | AJ17: 45884 | AK17: 0 | AL17: 45875 | AM17: 45882 | AN17: 45883 | AO17: 45883 | AP17: 45879 | AQ17: 0 | AR17: 0 | AS17: 0 | AT17: 0 | AU17: 0 | AV17: 0 | AW17: งานพิมพ์ | AX17: / | AY17: 0 | AZ17: 0 | BA17: 0 | BB17: 0 | BC17: WRWT25800/WRWT25800 | BD17: 0
A18: 45875 | B18: MK68-000973 | C18: บจก.เอ็มทีเอส | D18: มังกรส้ม MTS | E18: 19 | F18: 30 | G18: ขาว | H18: 0 | I18: 60 | J18: ± | K18: 5 | L18: บิด | M18: ไม่สวมถุงใน | N18: 0 | O18: 0 | P18: 0 | Q18: 0 | R18: 0 | S18: 500กระสอบ | T18: 45884 | U18: 5000 | V18: 0 | W18: 5000 | X18: 0 | Y18: 5250 | Z18: WSWT1925800 | AA18: 4400.55 | AB18: 4400.55 | AC18: 0 | AD18: 0 | AE18: 0 | AF18: 0 | AG18: ยังไม่ได้พิมพ์ | AH18: P7 | AI18: 2 | AJ18: 45884 | AK18: 0 | AL18: 45875 | AM18: 45882 | AN18: 45883 | AO18: 45883 | AP18: 45879 | AQ18: 0 | AR18: 0 | AS18: 0 | AT18: 0 | AU18: 0 | AV18: 0 | AW18: งานพิมพ์ | AX18: / | AY18: 0 | AZ18: 0 | BA18: 0 | BB18: 0 | BC18: WRWT25800/WRWT25800 | BD18: 0
A19: 45875 | B19: MK68-000974 | C19: บจก.เอ็กเซลเล้นท์ | D19: นกทอง | E19: 19 | F19: 30 | G19: ขาว | H19: 0 | I19: 60 | J19: ± | K19: 5 | L19: บิด | M19: ไม่สวมถุงใน | N19: 0 | O19: 0 | P19: 0 | Q19: 0 | R19: 0 | S19: 500กระสอบ | T19: 45885 | U19: 20000 | V19: 0 | W19: 20000 | X19: 0 | Y19: 21000 | Z19: WSWT1925800 | AA19: 17602.2 | AB19: 17602.2 | AC19: 0 | AD19: 0 | AE19: 0 | AF19: 0 | AG19: ยังไม่ได้พิมพ์ | AH19: P7 | AI19: 2 | AJ19: 45885 | AK19: 0 | AL19: 45876 | AM19: 45883 | AN19: 45884 | AO19: 45884 | AP19: 45880 | AQ19: 0 | AR19: 0 | AS19: 0 | AT19: 0 | AU19: 0 | AV19: 0 | AW19: งานพิมพ์ | AX19: / | AY19: 0 | AZ19: 0 | BA19: 0 | BB19: 0 | BC19: WRWT25800/WRWT25800 | BD19: 0
A20: 45875 | B20: MK68-000974 | C20: บจก.เอ็กเซลเล้นท์ | D20: แชมป์เปี้ยนเหลือง | E20: 19 | F20: 30 | G20: ขาว | H20: 0 | I20: 60 | J20: ± | K20: 5 | L20: บิด | M20: ไม่สวมถุงใน | N20: 0 | O20: 0 | P20: 0 | Q20: 0 | R20: 0 | S20: 500กระสอบ | T20: 45885 | U20: 5000 | V20: 0 | W20: 5000 | X20: 0 | Y20: 5250 | Z20: WSWT1925800 | AA20: 4400.55 | AB20: 4400.55 | AC20: 0 | AD20: 0 | AE20: 0 | AF20: 0 | AG20: ยังไม่ได้พิมพ์ | AH20: P7 | AI20: 2 | AJ20: 45885 | AK20: 0 | AL20: 45876 | AM20: 45883 | AN20: 45884 | AO20: 45884 | AP20: 45880 | AQ20: 0 | AR20: 0 | AS20: 0 | AT20: 0 | AU20: 0 | AV20: 0 | AW20: งานพิมพ์ | AX20: / | AY20: 0 | AZ20: 0 | BA20: 0 | BB20: 0 | BC20: WRWT25800/WRWT25800 | BD20: 0
A21: 45870 | B21: MK68-000951 | C21: บจก.ซีแมน | D21: W30 | E21: 19 | F21: 28 | G21: ขาว | H21: 0 | I21: 56 | J21: ± | K21: 5 | L21: ไม่ | M21: 20 | N21: 30 | O21: 90 | P21: 1332.2296 | Q21: 0 | R21: 1332.2296 | S21: มัด100 | T21: 45889 | U21: 40000 | V21: 0 | W21: 40000 | X21: 0 | Y21: 42000 | Z21: WSWT1925800 | AA21: 32969.2 | AB21: 32969.2 | AC21: 0 | AD21: 0 | AE21: 0 | AF21: 0 | AG21: รอแบบ | AH21: P9 | AI21: 3 | AJ21: 45889 | AK21: 0 | AL21: 45879 | AM21: 45886 | AN21: 45887 | AO21: 45887 | AP21: 45884 | AQ21: 45888 | AR21: 0 | AS21: 0 | AT21: 0 | AU21: 0 | AV21: 0 | AW21: งานพิมพ์ | AX21: / | AY21: 0 | AZ21: 0 | BA21: 0 | BB21: 0 | BC21: WRWT25800/WRWT25800 | BD21: 0
A22: ประมาณการ | B22: ประมาณการ | C22: บจก.เพรซิเดนท์ฟลาวมิลล์ | D22: ผึ้งเหลือง | E22: 19 | F22: 30 | G22: ขาว | H22: 0 | I22: 60 | J22: ± | K22: 5 | L22: บิด | M22: ไม่สวมถุงใน | N22: 0 | O22: 0 | P22: 0 | Q22: 0 | R22: 0 | S22: 500กระสอบ | T22: 45894 | U22: 100000 | V22: 0 | W22: 100000 | X22: 0 | Y22: 105000 | Z22: WSWT1925800 | AA22: 88011 | AB22: 26190 | AC22: 61821 | AD22: 0 | AE22: 0 | AF22: 0 | AG22: ยังไม่ได้พิมพ์ | AH22: P7 | AI22: 2 | AJ22: 45894 | AK22: 0 | AL22: 45885 | AM22: 45892 | AN22: 45893 | AO22: 45893 | AP22: 45889 | AQ22: 0 | AR22: 0 | AS22: 0 | AT22: 0 | AU22: 0 | AV22: 0 | AW22: งานพิมพ์ | AX22: รอART | AY22: 0 | AZ22: 0 | BA22: 0 | BB22: 0 | BC22: WRWT25800/WRWT25800 | BD22: 4489.5784
A23: ประมาณการ | B23: ประมาณการ | C23: บจก.เพรซิเดนท์ฟลาวมิลล์ | D23: ผึ้งชมพู | E23: 19 | F23: 30 | G23: ขาว | H23: 0 | I23: 60 | J23: ± | K23: 5 | L23: บิด | M23: ไม่สวมถุงใน | N23: 0 | O23: 0 | P23: 0 | Q23: 0 | R23: 0 | S23: 500กระสอบ | T23: 45894 | U23: 40000 | V23: 0 | W23: 40000 | X23: 0 | Y23: 42000 | Z23: WSWT1925800 | AA23: 35204.4 | AB23: 0 | AC23: 35204.4 | AD23: 0 | AE23: 0 | AF23: 0 | AG23: พร้อมส่ง | AH23: P7 | AI23: 2 | AJ23: 45894 | AK23: 0 | AL23: 45885 | AM23: 45892 | AN23: 45893 | AO23: 45893 | AP23: 45889 | AQ23: 0 | AR23: 0 | AS23: 0 | AT23: 0 | AU23: 0 | AV23: 0 | AW23: งานพิมพ์ | AX23: รอART | AY23: 0 | AZ23: 0 | BA23: 0 | BB23: 0 | BC23: WRWT25800/WRWT25800 | BD23: 2556.6218
A24: ประมาณการ | B24: ประมาณการ | C24: บจก.เอ็กเซลเล้นท์ | D24: รอแบบ | E24: 19 | F24: 30 | G24: ขาว | H24: 0 | I24: 60 | J24: ± | K24: 5 | L24: บิด | M24: ไม่สวมถุงใน | N24: 0 | O24: 0 | P24: 0 | Q24: 0 | R24: 0 | S24: 500กระสอบ | T24: 45925 | U24: 25000 | V24: 0 | W24: 25000 | X24: 0 | Y24: 26250 | Z24: WSWT1925800 | AA24: 22002.75 | AB24: 0 | AC24: 22002.75 | AD24: 0 | AE24: 0 | AF24: 0 | AG24: พร้อมส่ง | AH24: P7 | AI24: 2 | AJ24: 45925 | AK24: 0 | AL24: 45916 | AM24: 45923 | AN24: 45924 | AO24: 45924 | AP24: 45920 | AQ24: 0 | AR24: 0 | AS24: 0 | AT24: 0 | AU24: 0 | AV24: 0 | AW24: งานพิมพ์ | AX24: รอART | AY24: 0 | AZ24: 0 | BA24: 0 | BB24: 0 | BC24: WRWT25800/WRWT25800 | BD24: 1597.8886
A25: ประมาณการ | B25: ประมาณการ | C25: บจก.ไลม์มาสเตอร์ | D25: LMC 25 kg | E25: 19 | F25: 32 | G25: ขาว | H25: 0 | I25: 64 | J25: ± | K25: 5 | L25: ไม่ | M25: 20 | N25: 35 | O25: 40 | P25: 341.36903 | Q25: 0 | R25: 341.36903 | S25: 500กระสอบแบน | T25: 45925 | U25: 20000 | V25: 233 | W25: 19767 | X25: 0 | Y25: 20755.35 | Z25: WSWT1925800 | AA25: 18501.714 | AB25: 0 | AC25: 18501.714 | AD25: 0 | AE25: 0 | AF25: 0 | AG25: พร้อมส่ง | AH25: P9 | AI25: 3 | AJ25: 45925 | AK25: 0 | AL25: 45915 | AM25: 45922 | AN25: 45923 | AO25: 45923 | AP25: 45920 | AQ25: 45924 | AR25: 0 | AS25: 0 | AT25: 0 | AU25: 0 | AV25: 0 | AW25: งานพิมพ์ | AX25: รอART | AY25: 0 | AZ25: 0 | BA25: 0 | BB25: 0 | BC25: WRWT25800/WRWT25800 | BD25: 1343.6356
A26: 0 | B26: 0 | C26: 0 | D26: 0 | E26: 19 | F26: 30 | G26: ขาว | H26: 0 | I26: 60 | J26: ± | K26: 5 | L26: 0 | M26: 0 | N26: 0 | O26: 0 | P26: 0 | Q26: 0 | R26: 0 | S26: 0 | U26: 0 | V26: 0 | W26: 0 | X26: 0 | Y26: 0 | Z26: WSWT1925800 | AA26: 227492.91 | AB26: 89963.05 | AC26: 137529.86 | AD26: 0 | AE26: 0 | AF26: ระบุในSD | AG26: พร้อมส่ง | AH26: 0 | AI26: Lead time | AJ26: 0 | AK26: 0 | AL26: 0 | AM26: 0 | AN26: 0 | AO26: 0 | AP26: 0 | AQ26: 0 | AR26: 0 | AS26: 0 | AT26: 0 | AU26: 0 | AV26: 0 | AW26: 0 | AX26: 0 | AY26: 0 | AZ26: 0 | BA26: 0 | BB26: 0 | BC26: WRWT25800/WRWT25800 | BD26: 0
A27: 45857 | B27: MK68-000910 | C27: บจก.เคอรี่ฟลาวมิลล์ | D27: ดอกไม้ม่วง | E27: 19 | F27: 32 | G27: ขาว | H27: 0 | I27: 67 | J27: + | K27: 5 | L27: บิด | M27: ไม่สวมถุงใน | N27: 0 | O27: 0 | P27: 0 | Q27: 0 | R27: 0 | S27: ห่ออัดเบลแบน500 | T27: 45883 | U27: 5000 | V27: 5000 | W27: 0 | X27: 5400 | Y27: 0 | Z27: WSWT1921720 | AA27: 0 | AB27: 0 | AC27: 0 | AD27: 0 | AE27: 0 | AF27: PDR250239 | AG27: รอตัด | AH27: P7 | AI27: 2 | AJ27: 45883 | AK27: 0 | AL27: 45874 | AM27: 45881 | AN27: 45882 | AO27: 45882 | AP27: 45878 | AQ27: 0 | AR27: 0 | AS27: 0 | AT27: 0 | AU27: 0 | AV27: 0 | AW27: งานพิมพ์ | AX27: / | AY27: 0 | AZ27: 0 | BA27: 0 | BB27: 0 | BC27: WRWT21720/WRWT25800 | BD27: 0
A28: 45857 | B28: MK68-000910 | C28: บจก.เคอรี่ฟลาวมิลล์ | D28: ดอกไม้แดง | E28: 19 | F28: 32 | G28: ขาว | H28: 0 | I28: 67 | J28: + | K28: 5 | L28: บิด | M28: ไม่สวมถุงใน | N28: 0 | O28: 0 | P28: 0 | Q28: 0 | R28: 0 | S28: ห่ออัดเบลแบน500 | T28: 45883 | U28: 5000 | V28: 5000 | W28: 0 | X28: 5199 | Y28: 0 | Z28: WSWT1921720 | AA28: 0 | AB28: 0 | AC28: 0 | AD28: 0 | AE28: 0 | AF28: PDR250239 | AG28: รอตัด | AH28: P7 | AI28: 2 | AJ28: 45883 | AK28: 0 | AL28: 45874 | AM28: 45881 | AN28: 45882 | AO28: 45882 | AP28: 45878 | AQ28: 0 | AR28: 0 | AS28: 0 | AT28: 0 | AU28: 0 | AV28: 0 | AW28: งานพิมพ์ | AX28: / | AY28: 0 | AZ28: 0 | BA28: 0 | BB28: 0 | BC28: WRWT21720/WRWT25800 | BD28: 0
A29: 45857 | B29: MK68-000910 | C29: บจก.เคอรี่ฟลาวมิลล์ | D29: KFM | E29: 19 | F29: 32 | G29: ขาว | H29: 0 | I29: 67 | J29: + | K29: 5 | L29: ไม่ | M29: ไม่สวมถุงใน | N29: 0 | O29: 0 | P29: 0 | Q29: 0 | R29: 0 | S29: ห่ออัดเบลแบน500 | T29: 45883 | U29: 5000 | V29: 5000 | W29: 0 | X29: 5300 | Y29: 0 | Z29: WSWT1921720 | AA29: 0 | AB29: 0 | AC29: 0 | AD29: 0 | AE29: 0 | AF29: PDR250239 | AG29: พร้อมส่ง | AH29: P7 | AI29: 2 | AJ29: 45883 | AK29: 0 | AL29: 45874 | AM29: 45881 | AN29: 45882 | AO29: 45882 | AP29: 45878 | AQ29: 0 | AR29: 0 | AS29: 0 | AT29: 0 | AU29: 0 | AV29: 0 | AW29: งานพิมพ์ | AX29: / | AY29: 0 | AZ29: 0 | BA29: 0 | BB29: 0 | BC29: WRWT21720/WRWT25800 | BD29: 0
A30: 45877 | B30: MK68-000988 | C30: บจก.เคอรี่ฟลาวมิลล์ | D30: FW-Y | E30: 19 | F30: 32 | G30: ขาว | H30: 0 | I30: 67 | J30: + | K30: 5 | L30: ไม่ | M30: ไม่สวมถุงใน | N30: 0 | O30: 0 | P30: 0 | Q30: 0 | R30: 0 | S30: ห่ออัดเบลแบน501 | T30: 45883 | U30: 10000 | V30: 0 | W30: 10000 | X30: 10410 | Y30: 0 | Z30: WSWT1921720 | AA30: 0 | AB30: 0 | AC30: 0 | AD30: 0 | AE30: 0 | AF30: 0 | AG30: พร้อมส่ง | AH30: P7 | AI30: 2 | AJ30: 45883 | AK30: 0 | AL30: 45874 | AM30: 45881 | AN30: 45882 | AO30: 45882 | AP30: 45878 | AQ30: 0 | AR30: 0 | AS30: 0 | AT30: 0 | AU30: 0 | AV30: 0 | AW30: งานพิมพ์ | AX30: 0 | AY30: 0 | AZ30: 0 | BA30: 0 | BB30: 0 | BC30: WRWT21720/WRWT25800 | BD30: 0
A31: 45857 | B31: MK68-000910 | C31: บจก.เคอรี่ฟลาวมิลล์ | D31: ถุงทองแซนวิช | E31: 19 | F31: 32 | G31: ขาว | H31: 0 | I31: 67 | J31: + | K31: 5 | L31: บิด | M31: ไม่สวมถุงใน | N31: 0 | O31: 0 | P31: 0 | Q31: 0 | R31: 0 | S31: ห่ออัดเบลแบน500 | T31: 45885 | U31: 10000 | V31: 0 | W31: 10000 | X31: 10300 | Y31: 0 | Z31: WSWT1921720 | AA31: 0 | AB31: 0 | AC31: 0 | AD31: 0 | AE31: 0 | AF31: PDR250240 | AG31: พร้อมส่ง | AH31: P7 | AI31: 2 | AJ31: 45885 | AK31: 0 | AL31: 45876 | AM31: 45883 | AN31: 45884 | AO31: 45884 | AP31: 45880 | AQ31: 0 | AR31: 0 | AS31: 0 | AT31: 0 | AU31: 0 | AV31: 0 | AW31: งานพิมพ์ | AX31: / | AY31: 0 | AZ31: 0 | BA31: 0 | BB31: 0 | BC31: WRWT21720/WRWT25800 | BD31: 0
A32: 45857 | B32: MK68-000910 | C32: บจก.เคอรี่ฟลาวมิลล์ | D32: ถุงเงิน | E32: 19 | F32: 32 | G32: ขาว | H32: 0 | I32: 67 | J32: + | K32: 5 | L32: บิด | M32: ไม่สวมถุงใน | N32: 0 | O32: 0 | P32: 0 | Q32: 0 | R32: 0 | S32: ห่ออัดเบลแบน500 | T32: 45885 | U32: 5000 | V32: 5000 | W32: 0 | X32: 5250 | Y32: 0 | Z32: WSWT1921720 | AA32: 0 | AB32: 0 | AC32: 0 | AD32: 0 | AE32: 0 | AF32: PDR250240 | AG32: ยังไม่ได้พิมพ์ | AH32: P7 | AI32: 2 | AJ32: 45885 | AK32: 0 | AL32: 45876 | AM32: 45883 | AN32: 45884 | AO32: 45884 | AP32: 45880 | AQ32: 0 | AR32: 0 | AS32: 0 | AT32: 0 | AU32: 0 | AV32: 0 | AW32: งานพิมพ์ | AX32: / | AY32: 0 | AZ32: 0 | BA32: 0 | BB32: 0 | BC32: WRWT21720/WRWT25800 | BD32: 0
A33: 45857 | B33: MK68-000910 | C33: บจก.เคอรี่ฟลาวมิลล์ | D33: ปลาโลมาแดง | E33: 19 | F33: 32 | G33: ขาว | H33: 0 | I33: 67 | J33: + | K33: 5 | L33: บิด | M33: ไม่สวมถุงใน | N33: 0 | O33: 0 | P33: 0 | Q33: 0 | R33: 0 | S33: ห่ออัดเบลแบน500 | T33: 45885 | U33: 5000 | V33: 5000 | W33: 0 | X33: 5200 | Y33: 0 | Z33: WSWT1921720 | AA33: 0 | AB33: 0 | AC33: 0 | AD33: 0 | AE33: 0 | AF33: PDR250240 | AG33: ยังไม่ได้พิมพ์ | AH33: P7 | AI33: 2 | AJ33: 45885 | AK33: 0 | AL33: 45876 | AM33: 45883 | AN33: 45884 | AO33: 45884 | AP33: 45880 | AQ33: 0 | AR33: 0 | AS33: 0 | AT33: 0 | AU33: 0 | AV33: 0 | AW33: งานพิมพ์ | AX33: / | AY33: 0 | AZ33: 0 | BA33: 0 | BB33: 0 | BC33: WRWT21720/WRWT25800 | BD33: 0
A34: 45857 | B34: MK68-000910 | C34: บจก.เคอรี่ฟลาวมิลล์ | D34: FW-Y | E34: 19 | F34: 32 | G34: ขาว | H34: 0 | I34: 67 | J34: + | K34: 5 | L34: ไม่ | M34: ไม่สวมถุงใน | N34: 0 | O34: 0 | P34: 0 | Q34: 0 | R34: 0 | S34: ห่ออัดเบลแบน500 | T34: 45885 | U34: 5000 | V34: 5000 | W34: 0 | X34: 5200 | Y34: 0 | Z34: WSWT1921720 | AA34: 0 | AB34: 0 | AC34: 0 | AD34: 0 | AE34: 0 | AF34: PDR250240 | AG34: ยังไม่ได้พิมพ์ | AH34: P7 | AI34: 2 | AJ34: 45885 | AK34: 0 | AL34: 45876 | AM34: 45883 | AN34: 45884 | AO34: 45884 | AP34: 45880 | AQ34: 0 | AR34: 0 | AS34: 0 | AT34: 0 | AU34: 0 | AV34: 0 | AW34: งานพิมพ์ | AX34: / | AY34: 0 | AZ34: 0 | BA34: 0 | BB34: 0 | BC34: WRWT21720/WRWT25800 | BD34: 0
A35: 45877 | B35: MK68-000989 | C35: บจก.เคอรี่ฟลาวมิลล์ | D35: เคเอ็ม | E35: 19 | F35: 32 | G35: ขาว | H35: 0 | I35: 67 | J35: + | K35: 5 | L35: ไม่ | M35: ไม่สวมถุงใน | N35: 0 | O35: 0 | P35: 0 | Q35: 0 | R35: 0 | S35: ห่ออัดเบลแบน501 | T35: 45888 | U35: 5000 | V35: 0 | W35: 5000 | X35: 0 | Y35: 5250 | Z35: WSWT1921720 | AA35: 4679.95 | AB35: 4679.95 | AC35: 0 | AD35: 0 | AE35: 0 | AF35: 0 | AG35: พร้อมส่ง | AH35: P7 | AI35: 2 | AJ35: 45888 | AK35: 0 | AL35: 45879 | AM35: 45886 | AN35: 45887 | AO35: 45887 | AP35: 45883 | AQ35: 0 | AR35: 0 | AS35: 0 | AT35: 0 | AU35: 0 | AV35: 0 | AW35: งานพิมพ์ | AX35: 0 | AY35: 0 | AZ35: 0 | BA35: 0 | BB35: 0 | BC35: WRWT21720/WRWT25800 | BD35: 0
A36: 45857 | B36: MK68-000910 | C36: บจก.เคอรี่ฟลาวมิลล์ | D36: แต้มแดง | E36: 19 | F36: 32 | G36: ขาว | H36: 0 | I36: 67 | J36: + | K36: 5 | L36: บิด | M36: ไม่สวมถุงใน | N36: 0 | O36: 0 | P36: 0 | Q36: 0 | R36: 0 | S36: ห่ออัดเบลแบน500 | T36: 45888 | U36: 5000 | V36: 0 | W36: 5000 | X36: 0 | Y36: 5250 | Z36: WSWT1921720 | AA36: 4679.95 | AB36: 4679.95 | AC36: 0 | AD36: 0 | AE36: 0 | AF36: PDR250241 | AG36: ยังไม่ได้พิมพ์ | AH36: P7 | AI36: 2 | AJ36: 45888 | AK36: 0 | AL36: 45879 | AM36: 45886 | AN36: 45887 | AO36: 45887 | AP36: 45883 | AQ36: 0 | AR36: 0 | AS36: 0 | AT36: 0 | AU36: 0 | AV36: 0 | AW36: งานพิมพ์ | AX36: / | AY36: 0 | AZ36: 0 | BA36: 0 | BB36: 0 | BC36: WRWT21720/WRWT25800 | BD36: 0
A37: 45857 | B37: MK68-000910 | C37: บจก.เคอรี่ฟลาวมิลล์ | D37: ดอกไม้เขียว | E37: 19 | F37: 32 | G37: ขาว | H37: 0 | I37: 67 | J37: + | K37: 5 | L37: บิด | M37: ไม่สวมถุงใน | N37: 0 | O37: 0 | P37: 0 | Q37: 0 | R37: 0 | S37: ห่ออัดเบลแบน500 | T37: 45888 | U37: 5000 | V37: 0 | W37: 5000 | X37: 0 | Y37: 5250 | Z37: WSWT1921720 | AA37: 4679.95 | AB37: 4679.95 | AC37: 0 | AD37: 0 | AE37: 0 | AF37: PDR250241 | AG37: ยังไม่ได้พิมพ์ | AH37: P7 | AI37: 2 | AJ37: 45888 | AK37: 0 | AL37: 45879 | AM37: 45886 | AN37: 45887 | AO37: 45887 | AP37: 45883 | AQ37: 0 | AR37: 0 | AS37: 0 | AT37: 0 | AU37: 0 | AV37: 0 | AW37: งานพิมพ์ | AX37: / | AY37: 0 | AZ37: 0 | BA37: 0 | BB37: 0 | BC37: WRWT21720/WRWT25800 | BD37: 0
A38: 45857 | B38: MK68-000910 | C38: บจก.เคอรี่ฟลาวมิลล์ | D38: ถุงเขียว | E38: 19 | F38: 32 | G38: ขาว | H38: 0 | I38: 67 | J38: + | K38: 5 | L38: บิด | M38: ไม่สวมถุงใน | N38: 0 | O38: 0 | P38: 0 | Q38: 0 | R38: 0 | S38: ห่ออัดเบลแบน500 | T38: 45888 | U38: 10000 | V38: 10000 | W38: 0 | X38: 11100 | Y38: 0 | Z38: WSWT1921720 | AA38: 0 | AB38: 0 | AC38: 0 | AD38: 0 | AE38: 0 | AF38: PDR250241 | AG38: ยังไม่ได้พิมพ์ | AH38: P7 | AI38: 2 | AJ38: 45888 | AK38: 0 | AL38: 45879 | AM38: 45886 | AN38: 45887 | AO38: 45887 | AP38: 45883 | AQ38: 0 | AR38: 0 | AS38: 0 | AT38: 0 | AU38: 0 | AV38: 0 | AW38: งานพิมพ์ | AX38: / | AY38: 0 | AZ38: 0 | BA38: 0 | BB38: 0 | BC38: WRWT21720/WRWT25800 | BD38: 0
A39: 45869 | B39: MK68-000944 | C39: บจก.เคอรี่ฟลาวมิลล์ | D39: บะหมี่เตี๊ยว | E39: 19 | F39: 32 | G39: ขาว | H39: 0 | I39: 67 | J39: + | K39: 5 | L39: บิด | M39: ไม่สวมถุงใน | N39: 0 | O39: 0 | P39: 0 | Q39: 0 | R39: 0 | S39: ห่ออัดเบลแบน500 | T39: 45890 | U39: 5000 | V39: 0 | W39: 5000 | X39: 0 | Y39: 5250 | Z39: WSWT1921720 | AA39: 4679.95 | AB39: 4679.95 | AC39: 0 | AD39: 0 | AE39: 0 | AF39: PDR250250 | AG39: ยังไม่ได้พิมพ์ | AH39: P7 | AI39: 2 | AJ39: 45890 | AK39: 0 | AL39: 45881 | AM39: 45888 | AN39: 45889 | AO39: 45889 | AP39: 45885 | AQ39: 0 | AR39: 0 | AS39: 0 | AT39: 0 | AU39: 0 | AV39: 0 | AW39: งานพิมพ์ | AX39: / | AY39: 0 | AZ39: 0 | BA39: 0 | BB39: 0 | BC39: WRWT21720/WRWT25800 | BD39: 0
A40: 45869 | B40: MK68-000944 | C40: บจก.เคอรี่ฟลาวมิลล์ | D40: ดอกไม้แดง | E40: 19 | F40: 32 | G40: ขาว | H40: 0 | I40: 67 | J40: + | K40: 5 | L40: บิด | M40: ไม่สวมถุงใน | N40: 0 | O40: 0 | P40: 0 | Q40: 0 | R40: 0 | S40: ห่ออัดเบลแบน500 | T40: 45890 | U40: 5000 | V40: 0 | W40: 5000 | X40: 0 | Y40: 5250 | Z40: WSWT1921720 | AA40: 4679.95 | AB40: 4679.95 | AC40: 0 | AD40: 0 | AE40: 0 | AF40: PDR250250 | AG40: ผ้าขาว | AH40: P7 | AI40: 2 | AJ40: 45890 | AK40: 0 | AL40: 45881 | AM40: 45888 | AN40: 45889 | AO40: 45889 | AP40: 45885 | AQ40: 0 | AR40: 0 | AS40: 0 | AT40: 0 | AU40: 0 | AV40: 0 | AW40: งานพิมพ์ | AX40: / | AY40: 0 | AZ40: 0 | BA40: 0 | BB40: 0 | BC40: WRWT21720/WRWT25800 | BD40: 0
A41: 45869 | B41: MK68-000944 | C41: บจก.เคอรี่ฟลาวมิลล์ | D41: โบว์น้ำเงิน | E41: 19 | F41: 32 | G41: ขาว | H41: 0 | I41: 67 | J41: + | K41: 5 | L41: บิด | M41: ไม่สวมถุงใน | N41: 0 | O41: 0 | P41: 0 | Q41: 0 | R41: 0 | S41: ห่ออัดเบลแบน500 | T41: 45890 | U41: 5000 | V41: 0 | W41: 5000 | X41: 0 | Y41: 5250 | Z41: WSWT1921720 | AA41: 4679.95 | AB41: 4679.95 | AC41: 0 | AD41: 0 | AE41: 0 | AF41: PDR250250 | AG41: ยังไม่ได้พิมพ์ | AH41: P7 | AI41: 2 | AJ41: 45890 | AK41: 0 | AL41: 45881 | AM41: 45888 | AN41: 45889 | AO41: 45889 | AP41: 45885 | AQ41: 0 | AR41: 0 | AS41: 0 | AT41: 0 | AU41: 0 | AV41: 0 | AW41: งานพิมพ์ | AX41: / | AY41: 0 | AZ41: 0 | BA41: 0 | BB41: 0 | BC41: WRWT21720/WRWT25800 | BD41: 0
A42: 45869 | B42: MK68-000944 | C42: บจก.เคอรี่ฟลาวมิลล์ | D42: บลูทีมเหลือง | E42: 19 | F42: 32 | G42: ขาว | H42: 0 | I42: 67 | J42: + | K42: 5 | L42: บิด | M42: ไม่สวมถุงใน | N42: 0 | O42: 0 | P42: 0 | Q42: 0 | R42: 0 | S42: ห่ออัดเบลแบน500 | T42: 45890 | U42: 5000 | V42: 0 | W42: 5000 | X42: 0 | Y42: 5250 | Z42: WSWT1921720 | AA42: 4679.95 | AB42: 4679.95 | AC42: 0 | AD42: 0 | AE42: 0 | AF42: PDR250250 | AG42: ยังไม่ได้พิมพ์ | AH42: P7 | AI42: 2 | AJ42: 45890 | AK42: 0 | AL42: 45881 | AM42: 45888 | AN42: 45889 | AO42: 45889 | AP42: 45885 | AQ42: 0 | AR42: 0 | AS42: 0 | AT42: 0 | AU42: 0 | AV42: 0 | AW42: งานพิมพ์ | AX42: / | AY42: 0 | AZ42: 0 | BA42: 0 | BB42: 0 | BC42: WRWT21720/WRWT25800 | BD42: 0
A43: 45869 | B43: MK68-000945 | C43: บจก.เคอรี่ฟลาวมิลล์ | D43: ไม่พิมพ์ | E43: 19 | F43: 36 | G43: ขาว | H43: 0 | I43: 75 | J43: + | K43: 5 | L43: ไม่ | M43: ไม่สวมถุงใน | N43: 0 | O43: 0 | P43: 0 | Q43: 0 | R43: 0 | S43: ห่ออัดเบลแบน500 | T43: 45890 | U43: 5000 | V43: 0 | W43: 5000 | X43: 0 | Y43: 0 | Z43: WSWT1921720 | AA43: 5238.75 | AB43: 5238.75 | AC43: 0 | AD43: 0 | AE43: 0 | AF43: PDR250250 | AG43: ยังไม่ได้พิมพ์ | AH43: P7 | AI43: 2 | AJ43: 45890 | AK43: 0 | AL43: 45881 | AM43: 45888 | AN43: 45889 | AO43: 45889 | AP43: 45885 | AQ43: 0 | AR43: 0 | AS43: 0 | AT43: 0 | AU43: 0 | AV43: 0 | AW43: งานพิมพ์ | AX43: / | AY43: 0 | AZ43: 0 | BA43: 0 | BB43: 0 | BC43: WRWT21720/WRWT25800 | BD43: 0
A44: 45869 | B44: MK68-000944 | C44: บจก.เคอรี่ฟลาวมิลล์ | D44: ชามแดง | E44: 19 | F44: 32 | G44: ขาว | H44: 0 | I44: 67 | J44: + | K44: 5 | L44: บิด | M44: ไม่สวมถุงใน | N44: 0 | O44: 0 | P44: 0 | Q44: 0 | R44: 0 | S44: ห่ออัดเบลแบน500 | T44: 45892 | U44: 5000 | V44: 0 | W44: 5000 | X44: 0 | Y44: 5250 | Z44: WSWT1921720 | AA44: 4679.95 | AB44: 4679.95 | AC44: 0 | AD44: 0 | AE44: 0 | AF44: PDR250251 | AG44: ยังไม่ได้พิมพ์ | AH44: P7 | AI44: 2 | AJ44: 45892 | AK44: 0 | AL44: 45883 | AM44: 45890 | AN44: 45891 | AO44: 45891 | AP44: 45887 | AQ44: 0 | AR44: 0 | AS44: 0 | AT44: 0 | AU44: 0 | AV44: 0 | AW44: งานพิมพ์ | AX44: / | AY44: 0 | AZ44: 0 | BA44: 0 | BB44: 0 | BC44: WRWT21720/WRWT25800 | BD44: 0
A45: 45869 | B45: MK68-000944 | C45: บจก.เคอรี่ฟลาวมิลล์ | D45: ปลาโลมาเทา | E45: 19 | F45: 32 | G45: ขาว | H45: 0 | I45: 67 | J45: + | K45: 5 | L45: บิด | M45: ไม่สวมถุงใน | N45: 0 | O45: 0 | P45: 0 | Q45: 0 | R45: 0 | S45: ห่ออัดเบลแบน500 | T45: 45892 | U45: 5000 | V45: 0 | W45: 5000 | X45: 0 | Y45: 5250 | Z45: WSWT1921720 | AA45: 4679.95 | AB45: 4679.95 | AC45: 0 | AD45: 0 | AE45: 0 | AF45: PDR250251 | AG45: ยังไม่ได้พิมพ์ | AH45: P7 | AI45: 2 | AJ45: 45892 | AK45: 0 | AL45: 45883 | AM45: 45890 | AN45: 45891 | AO45: 45891 | AP45: 45887 | AQ45: 0 | AR45: 0 | AS45: 0 | AT45: 0 | AU45: 0 | AV45: 0 | AW45: งานพิมพ์ | AX45: / | AY45: 0 | AZ45: 0 | BA45: 0 | BB45: 0 | BC45: WRWT21720/WRWT25800 | BD45: 0
A46: 45869 | B46: MK68-000944 | C46: บจก.เคอรี่ฟลาวมิลล์ | D46: ปลาโลมาแดง | E46: 19 | F46: 32 | G46: ขาว | H46: 0 | I46: 67 | J46: + | K46: 5 | L46: บิด | M46: ไม่สวมถุงใน | N46: 0 | O46: 0 | P46: 0 | Q46: 0 | R46: 0 | S46: ห่ออัดเบลแบน500 | T46: 45892 | U46: 5000 | V46: 0 | W46: 5000 | X46: 0 | Y46: 5250 | Z46: WSWT1921720 | AA46: 4679.95 | AB46: 4679.95 | AC46: 0 | AD46: 0 | AE46: 0 | AF46: PDR250251 | AG46: ยังไม่ได้พิมพ์ | AH46: P7 | AI46: 2 | AJ46: 45892 | AK46: 0 | AL46: 45883 | AM46: 45890 | AN46: 45891 | AO46: 45891 | AP46: 45887 | AQ46: 0 | AR46: 0 | AS46: 0 | AT46: 0 | AU46: 0 | AV46: 0 | AW46: งานพิมพ์ | AX46: / | AY46: 0 | AZ46: 0 | BA46: 0 | BB46: 0 | BC46: WRWT21720/WRWT25800 | BD46: 0
A47: 45869 | B47: MK68-000944 | C47: บจก.เคอรี่ฟลาวมิลล์ | D47: KFM-HF | E47: 19 | F47: 32 | G47: ขาว | H47: 0 | I47: 67 | J47: + | K47: 5 | L47: บิด | M47: ไม่สวมถุงใน | N47: 0 | O47: 0 | P47: 0 | Q47: 0 | R47: 0 | S47: ห่ออัดเบลแบน500 | T47: 45892 | U47: 5000 | V47: 0 | W47: 5000 | X47: 0 | Y47: 5250 | Z47: WSWT1921720 | AA47: 4679.95 | AB47: 4679.95 | AC47: 0 | AD47: 0 | AE47: 0 | AF47: PDR250251 | AG47: ยังไม่ได้พิมพ์ | AH47: P7 | AI47: 2 | AJ47: 45892 | AK47: 0 | AL47: 45883 | AM47: 45890 | AN47: 45891 | AO47: 45891 | AP47: 45887 | AQ47: 0 | AR47: 0 | AS47: 0 | AT47: 0 | AU47: 0 | AV47: 0 | AW47: งานพิมพ์ | AX47: / | AY47: 0 | AZ47: 0 | BA47: 0 | BB47: 0 | BC47: WRWT21720/WRWT25800 | BD47: 0
... A52: 45869 | B52: MK68-000944 | C52: บจก.เคอรี่ฟลาวมิลล์ | D52: ดอกไม้เขียว | E52: 19 | F52: 32 | G52: ขาว | H52: 0 | I52: 67 | J52: + | K52: 5 | L52: บิด | M52: ไม่สวมถุงใน | N52: 0 | O52: 0 | P52: 0 | Q52: 0 | R52: 0 | S52: ห่ออัดเบลแบน500 | T52: 45895 | U52: 5000 | V52: 0 | W52: 5000 | X52: 0 | Y52: 5250 | Z52: WSWT1921720 | AA52: 4679.95 | AB52: 0 | AC52: 4679.95 | AD52: 0 | AE52: 0 | AF52: PDR250252 | AG52: ยังไม่ได้พิมพ์ | AH52: P7 | AI52: 2 | AJ52: 45895 | AK52: 0 | AL52: 45886 | AM52: 45893 | AN52: 45894 | AO52: 45894 | AP52: 45890 | AQ52: 0 | AR52: 0 | AS52: 0 | AT52: 0 | AU52: 0 | AV52: 0 | AW52: งานพิมพ์ | AX52: / | AY52: 0 | AZ52: 0 | BA52: 0 | BB52: 0 | BC52: WRWT21720/WRWT25800 | BD52: 352.51463
A53: 45869 | B53: MK68-000944 | C53: บจก.เคอรี่ฟลาวมิลล์ | D53: 997 | E53: 19 | F53: 32 | G53: ขาว | H53: 0 | I53: 67 | J53: + | K53: 5 | L53: ไม่ | M53: ไม่สวมถุงใน | N53: 0 | O53: 0 | P53: 0 | Q53: 0 | R53: 0 | S53: ห่ออัดเบลแบน500 | T53: 45895 | U53: 5000 | V53: 0 | W53: 5000 | X53: 0 | Y53: 5250 | Z53: WSWT1921720 | AA53: 4679.95 | AB53: 0 | AC53: 4679.95 | AD53: 0 | AE53: 0 | AF53: PDR250252 | AG53: ยังไม่ได้พิมพ์ | AH53: P7 | AI53: 2 | AJ53: 45895 | AK53: 0 | AL53: 45886 | AM53: 45893 | AN53: 45894 | AO53: 45894 | AP53: 45890 | AQ53: 0 | AR53: 0 | AS53: 0 | AT53: 0 | AU53: 0 | AV53: 0 | AW53: งานพิมพ์ | AX53: / | AY53: 0 | AZ53: 0 | BA53: 0 | BB53: 0 | BC53: WRWT21720/WRWT25800 | BD53: 352.51463
A54: 45869 | B54: MK68-000944 | C54: บจก.เคอรี่ฟลาวมิลล์ | D54: ถุงทองแซนวิช | E54: 19 | F54: 32 | G54: ขาว | H54: 0 | I54: 67 | J54: + | K54: 5 | L54: บิด | M54: ไม่สวมถุงใน | N54: 0 | O54: 0 | P54: 0 | Q54: 0 | R54: 0 | S54: ห่ออัดเบลแบน500 | T54: 45897 | U54: 5000 | V54: 0 | W54: 5000 | X54: 0 | Y54: 5250 | Z54: WSWT1921720 | AA54: 4679.95 | AB54: 0 | AC54: 4679.95 | AD54: 0 | AE54: 0 | AF54: PDR250253 | AG54: ยังไม่ได้พิมพ์ | AH54: P7 | AI54: 2 | AJ54: 45897 | AK54: 0 | AL54: 45888 | AM54: 45895 | AN54: 45896 | AO54: 45896 | AP54: 45892 | AQ54: 0 | AR54: 0 | AS54: 0 | AT54: 0 | AU54: 0 | AV54: 0 | AW54: งานพิมพ์ | AX54: / | AY54: 0 | AZ54: 0 | BA54: 0 | BB54: 0 | BC54: WRWT21720/WRWT25800 | BD54: 352.51463
A55: 45869 | B55: MK68-000944 | C55: บจก.เคอรี่ฟลาวมิลล์ | D55: แต้มฟ้า | E55: 19 | F55: 32 | G55: ขาว | H55: 0 | I55: 67 | J55: + | K55: 5 | L55: บิด | M55: ไม่สวมถุงใน | N55: 0 | O55: 0 | P55: 0 | Q55: 0 | R55: 0 | S55: ห่ออัดเบลแบน500 | T55: 45897 | U55: 5000 | V55: 0 | W55: 5000 | X55: 0 | Y55: 5250 | Z55: WSWT1921720 | AA55: 4679.95 | AB55: 0 | AC55: 4679.95 | AD55: 0 | AE55: 0 | AF55: PDR250253 | AG55: ผ้าขาว | AH55: P7 | AI55: 2 | AJ55: 45897 | AK55: 0 | AL55: 45888 | AM55: 45895 | AN55: 45896 | AO55: 45896 | AP55: 45892 | AQ55: 0 | AR55: 0 | AS55: 0 | AT55: 0 | AU55: 0 | AV55: 0 | AW55: งานพิมพ์ | AX55: / | AY55: 0 | AZ55: 0 | BA55: 0 | BB55: 0 | BC55: WRWT21720/WRWT25800 | BD55: 352.51463
A56: 45869 | B56: MK68-000944 | C56: บจก.เคอรี่ฟลาวมิลล์ | D56: หีบเพลงฟ้า | E56: 19 | F56: 32 | G56: ขาว | H56: 0 | I56: 67 | J56: + | K56: 5 | L56: บิด | M56: ไม่สวมถุงใน | N56: 0 | O56: 0 | P56: 0 | Q56: 0 | R56: 0 | S56: ห่ออัดเบลแบน500 | T56: 45897 | U56: 5000 | V56: 0 | W56: 5000 | X56: 0 | Y56: 5250 | Z56: WSWT1921720 | AA56: 4679.95 | AB56: 0 | AC56: 4679.95 | AD56: 0 | AE56: 0 | AF56: PDR250253 | AG56: ผ้าขาว | AH56: P7 | AI56: 2 | AJ56: 45897 | AK56: 0 | AL56: 45888 | AM56: 45895 | AN56: 45896 | AO56: 45896 | AP56: 45892 | AQ56: 0 | AR56: 0 | AS56: 0 | AT56: 0 | AU56: 0 | AV56: 0 | AW56: งานพิมพ์ | AX56: / | AY56: 0 | AZ56: 0 | BA56: 0 | BB56: 0 | BC56: WRWT21720/WRWT25800 | BD56: 352.51463
A57: 45869 | B57: MK68-000944 | C57: บจก.เคอรี่ฟลาวมิลล์ | D57: หีบเพลงเหลือง | E57: 19 | F57: 32 | G57: ขาว | H57: 0 | I57: 67 | J57: + | K57: 5 | L57: บิด | M57: ไม่สวมถุงใน | N57: 0 | O57: 0 | P57: 0 | Q57: 0 | R57: 0 | S57: ห่ออัดเบลแบน500 | T57: 45897 | U57: 5000 | V57: 0 | W57: 5000 | X57: 0 | Y57: 5250 | Z57: WSWT1921720 | AA57: 4679.95 | AB57: 0 | AC57: 4679.95 | AD57: 0 | AE57: 0 | AF57: PDR250253 | AG57: ผ้าขาว | AH57: P7 | AI57: 2 | AJ57: 45897 | AK57: 0 | AL57: 45888 | AM57: 45895 | AN57: 45896 | AO57: 45896 | AP57: 45892 | AQ57: 0 | AR57: 0 | AS57: 0 | AT57: 0 | AU57: 0 | AV57: 0 | AW57: งานพิมพ์ | AX57: / | AY57: 0 | AZ57: 0 | BA57: 0 | BB57: 0 | BC57: WRWT21720/WRWT25800 | BD57: 352.51463
A58: 45869 | B58: MK68-000945 | C58: บจก.เคอรี่ฟลาวมิลล์ | D58: ไม่พิมพ์ | E58: 19 | F58: 36 | G58: ขาว | H58: 0 | I58: 75 | J58: + | K58: 5 | L58: ไม่ | M58: ไม่สวมถุงใน | N58: 0 | O58: 0 | P58: 0 | Q58: 0 | R58: 0 | S58: ห่ออัดเบลแบน500 | T58: 45897 | U58: 5000 | V58: 0 | W58: 5000 | X58: 0 | Y58: 0 | Z58: WSWT1921720 | AA58: 5238.75 | AB58: 0 | AC58: 5238.75 | AD58: 0 | AE58: 0 | AF58: PDR250253 | AG58: พร้อมส่ง | AH58: P7 | AI58: 2 | AJ58: 45897 | AK58: 0 | AL58: 45888 | AM58: 45895 | AN58: 45896 | AO58: 45896 | AP58: 45892 | AQ58: 0 | AR58: 0 | AS58: 0 | AT58: 0 | AU58: 0 | AV58: 0 | AW58: งานพิมพ์ | AX58: / | AY58: 0 | AZ58: 0 | BA58: 0 | BB58: 0 | BC58: WRWT21720/WRWT25800 | BD58: 394.60593
A59: 45870 | B59: MK68-000953 | C59: บจก.เคอรี่ฟลาวมิลล์ | D59: ไม่พิมพ์ | E59: 19 | F59: 32 | G59: ขาว | H59: 0 | I59: 67 | J59: + | K59: 5 | L59: บิด | M59: ไม่สวมถุงใน | N59: 0 | O59: 0 | P59: 0 | Q59: 0 | R59: 0 | S59: ห่ออัดเบลแบน500 | T59: 45898 | U59: 20000 | V59: 0 | W59: 20000 | X59: 0 | Y59: 0 | Z59: WSWT1921720 | AA59: 18719.8 | AB59: 0 | AC59: 18719.8 | AD59: 0 | AE59: 0 | AF59: 0 | AG59: ยังไม่ได้พิมพ์ | AH59: P3 | AI59: 1 | AJ59: 45898 | AK59: 0 | AL59: 0 | AM59: 0 | AN59: 0 | AO59: 45897 | AP59: 45893 | AQ59: 0 | AR59: 0 | AS59: 0 | AT59: 0 | AU59: 0 | AV59: 0 | AW59: ตัด | AX59: 0 | AY59: 0 | AZ59: 0 | BA59: 0 | BB59: 0 | BC59: WRWT21720/WRWT25800 | BD59: 1410.0585
A60: 45870 | B60: MK68-000954 | C60: บจก.เคอรี่ฟลาวมิลล์ | D60: ไม่พิมพ์ | E60: 19 | F60: 32 | G60: ขาว | H60: 0 | I60: 67 | J60: + | K60: 5 | L60: บิด | M60: ไม่สวมถุงใน | N60: 0 | O60: 0 | P60: 0 | Q60: 0 | R60: 0 | S60: ห่ออัดเบลแบน500 | T60: 45898 | U60: 20000 | V60: 0 | W60: 20000 | X60: 0 | Y60: 0 | Z60: WSWT1921720 | AA60: 18719.8 | AB60: 0 | AC60: 18719.8 | AD60: 0 | AE60: 0 | AF60: 0 | AG60: พร้อมส่ง | AH60: P3 | AI60: 1 | AJ60: 45898 | AK60: 0 | AL60: 0 | AM60: 0 | AN60: 0 | AO60: 45897 | AP60: 45893 | AQ60: 0 | AR60: 0 | AS60: 0 | AT60: 0 | AU60: 0 | AV60: 0 | AW60: ตัด | AX60: 0 | AY60: 0 | AZ60: 0 | BA60: 0 | BB60: 0 | BC60: WRWT21720/WRWT25800 | BD60: 1410.0585
A61: 0 | B61: 0 | C61: 0 | D61: 0 | E61: 19 | F61: 30 | G61: 0 | H61: 0 | I61: 63 | J61: + | K61: 5 | L61: 0 | M61: 0 | N61: 0 | O61: 0 | P61: 0 | Q61: 0 | R61: 0 | S61: 0 | U61: 0 | V61: 0 | W61: 0 | X61: 0 | Y61: 0 | Z61: WSWT1921720 | AA61: 146196.05 | AB61: 59113.2 | AC61: 87082.85 | AD61: 0 | AE61: 0 | AF61: ระบุในSD | AG61: ยังไม่ได้พิมพ์ | AH61: 0 | AI61: Lead time | AJ61: 0 | AK61: 0 | AL61: 0 | AM61: 0 | AN61: 0 | AO61: 0 | AP61: 0 | AQ61: 0 | AR61: 0 | AS61: 0 | AT61: 0 | AU61: 0 | AV61: 0 | AW61: 0 | AX61: 0 | AY61: 0 | AZ61: 0 | BA61: 0 | BB61: 0 | BC61: WRWT190720/WRWT25800 | BD61: 0
A62: 45874 | B62: MK68-000959 | C62: บจก.เอเชี่ยนเคมิคัล | D62: A.C.C.ภาษาอังกฤษ | E62: 19 | F62: 26 | G62: ขาว | H62: ด้าน | I62: 70 | J62: ± | K62: 5 | L62: ไม่ | M62: 20 | N62: 28 | O62: 50 | P62: 172.69643 | Q62: 0 | R62: 172.69643 | S62: มัด100 | T62: 45887 | U62: 10000 | V62: 0 | W62: 10000 | X62: 0 | Y62: 10500 | Z62: WSWT1925800SM | AA62: 7683.5 | AB62: 7683.5 | AC62: 0 | AD62: 0 | AE62: 7683.5 | AF62: 0 | AG62: พร้อมส่ง | AH62: P8 | AI62: 4 | AJ62: 45887 | AK62: 45883 | AL62: 45877 | AM62: 45884 | AN62: 45885 | AO62: 45885 | AP62: 45882 | AQ62: 45886 | AR62: 0 | AS62: 0 | AT62: 0 | AU62: 0 | AV62: 0 | AW62: งานเคลือบ+พิมพ์ | AX62: รอART | AY62: 0 | AZ62: 0 | BA62: 0 | BB62: 0 | BC62: WRWT25800/WRWT25800 | BD62: 0
A63: 0 | B63: 0 | C63: 0 | D63: 0 | E63: 19 | F63: 30 | G63: 0 | H63: 0 | I63: 56 | J63: ± | K63: 5 | L63: 0 | M63: 0 | N63: 0 | O63: 0 | P63: 0 | Q63: 0 | R63: 0 | S63: 0 | U63: 0 | W63: 0 | X63: 0 | Y63: 0 | Z63: WSWT1925800SM | AA63: 7683.5 | AB63: 7683.5 | AC63: 0 | AD63: 0 | AE63: 7683.5 | AF63: ระบุในSD | AG63: พร้อมส่ง | AH63: 0 | AI63: Lead time | AJ63: 0 | AK63: 0 | AL63: 0 | AM63: 0 | AN63: 0 | AO63: 0 | AP63: 0 | AQ63: 0 | AR63: 0 | AS63: 0 | AT63: 0 | AU63: 0 | AV63: 0 | AW63: 0 | AX63: 0 | AY63: 0 | AZ63: 0 | BA63: 0 | BB63: 0 | BC63: WRWT190800/WRWT25800 | BD63: 0
A64: 45874 | B64: MK68-000967 | C64: บจก.อินเทคค์ โกลบอล | D64: เพอเฟคค์ 104Sโกลด์ | E64: 19 | F64: 34 | G64: ขาว | H64: ด้าน | I64: 100 | J64: ± | K64: 5 | L64: จับจีบ4" | M64: ไม่สวมถุงใน | N64: 0 | O64: 0 | P64: 0 | Q64: 0 | R64: 0 | S64: มัด80 ใช้สายรัด | T64: 45889 | U64: 5040 | V64: 0 | W64: 5040 | X64: 0 | Y64: 5292 | Z64: WSWT19251000SM | AA64: 4999.0248 | AB64: 4999.0248 | AC64: 0 | AD64: 0 | AE64: 4999.0248 | AF64: 0 | AG64: พร้อมส่ง | AH64: P6 | AI64: 4 | AJ64: 45889 | AK64: 45885 | AL64: 45878 | AM64: 45886 | AN64: 45887 | AO64: 45888 | AP64: 45884 | AQ64: 0 | AR64: 0 | AS64: 0 | AT64: 0 | AU64: 0 | AV64: 0 | AW64: งานเคลือบ+พิมพ์ | AX64: รอART | AY64: 0 | AZ64: 0 | BA64: 0 | BB64: 0 | BC64: WRWT251000/WRWT251000 | BD64: 0
A65: 45796 | B65: MK68-000680 | C65: บจก.อินเทคค์ โกลบอล | D65: เพอเฟคค์103P โกลด์ | E65: 19 | F65: 34 | G65: ขาว | H65: ด้าน | I65: 100 | J65: ± | K65: 5 | L65: จับจีบ4" | M65: ไม่สวมถุงใน | N65: 0 | O65: 0 | P65: 0 | Q65: 0 | R65: 0 | S65: มัด80 ใช้สายรัด | T65: รอแจ้ง | U65: 503 | V65: 0 | W65: 503 | X65: 5250 | Y65: 0 | Z65: WSWT19251000SM | AA65: 0 | AB65: 0 | AC65: 0 | AD65: 0 | AE65: 0 | AF65: 0 | AG65: ยังไม่ได้พิมพ์ | AH65: P6 | AI65: 4 | AJ65: รอแจ้ง | AK65: #VALUE! | AL65: #VALUE! | AM65: #VALUE! | AN65: #VALUE! | AO65: #VALUE! | AP65: #VALUE! | AQ65: 0 | AR65: 0 | AS65: 0 | AT65: 0 | AU65: 0 | AV65: 0 | AW65: งานเคลือบ+พิมพ์ | AX65: / | AY65: 0 | AZ65: 0 | BA65: 0 | BB65: 0 | BC65: WRWT251000/WRWT251000 | BD65: 0
A66: 0 | B66: 0 | C66: 0 | D66: 0 | E66: 19 | F66: 34 | G66: ขาว | H66: 0 | I66: 80 | J66: ± | K66: 5 | L66: 0 | M66: 0 | N66: 0 | O66: 0 | P66: 0 | Q66: 0 | R66: 0 | S66: 0 | U66: 0 | V66: 0 | W66: 0 | X66: 0 | Y66: 0 | Z66: WSWT19251000SM | AA66: 4999.0248 | AB66: 4999.0248 | AC66: 0 | AD66: 0 | AE66: 4999.0248 | AF66: ระบุในSD | AG66: พร้อมส่ง | AH66: 0 | AI66: Lead time | AJ66: 0 | AK66: 0 | AL66: 0 | AM66: 0 | AN66: 0 | AO66: 0 | AP66: 0 | AQ66: 0 | AR66: 0 | AS66: 0 | AT66: 0 | AU66: 0 | AV66: 0 | AW66: 0 | AX66: 0 | AY66: 0 | AZ66: 0 | BA66: 0 | BB66: 0 | BC66: WRWT251000/WRYL251000 | BD66: 0
A67: 45875 | B67: MK68-000973 | C67: บจก.เอ็มทีเอส | D67: แป้งหมักไก่แดงMTS(ถุงในเจาะรู) | E67: 20 | F67: 37 | G67: ขาว | H67: 0 | I67: 70 | J67: ± | K67: 5 | L67: ไม่ | M67: 21 | N67: 40 | O67: 40 | P67: 103.61786 | Q67: 0 | R67: 103.61786 | S67: 500กระสอบ | T67: 45890 | U67: 5000 | V67: 0 | W67: 5000 | X67: 0 | Y67: 5250 | Z67: WSWT2025700 | AA67: 5378.45 | AB67: 5378.45 | AC67: 0 | AD67: 0 | AE67: 0 | AF67: 0 | AG67: ยังไม่ได้พิมพ์ | AH67: P9 | AI67: 3 | AJ67: 45890 | AK67: 0 | AL67: 45880 | AM67: 45887 | AN67: 45888 | AO67: 45888 | AP67: 45885 | AQ67: 45889 | AR67: 0 | AS67: 0 | AT67: 0 | AU67: 0 | AV67: 0 | AW67: งานพิมพ์ | AX67: รอART | AY67: 0 | AZ67: 0 | BA67: 0 | BB67: 0 | BC67: WRWT25800/WRWT25650 | BD67: 0
A68: 0 | B68: 0 | C68: 0 | D68: 0 | E68: 20 | F68: 37 | G68: ขาว | H68: 0 | I68: 70 | J68: ± | K68: 5 | L68: 0 | M68: 0 | N68: 0 | O68: 0 | P68: 0 | Q68: 0 | R68: 0 | S68: 0 | U68: 0 | V68: 0 | W68: 0 | X68: 0 | Y68: 0 | Z68: WSWT2025700 | AA68: 5378.45 | AB68: 5378.45 | AC68: 0 | AD68: 0 | AE68: 0 | AF68: ระบุในSD | AG68: ยังไม่ได้พิมพ์ | AH68: 0 | AI68: Lead time | AJ68: 0 | AK68: 0 | AL68: 0 | AM68: 0 | AN68: 0 | AO68: 0 | AP68: 0 | AQ68: 0 | AR68: 0 | AS68: 0 | AT68: 0 | AU68: 0 | AV68: 0 | AW68: 0 | AX68: 0 | AY68: 0 | AZ68: 0 | BA68: 0 | BB68: 0 | BC68: WRWT25800/WRWT25650 | BD68: 0
A69: 45873 | B69: MK68-000960 | C69: บจก.เอพีเอ็ม อะโกร | D69: U-FEED U4(เอส) | E69: 20 | F69: 38 | G69: ขาว | H69: ใส | I69: 100 | J69: ± | K69: 5 | L69: บิด | M69: ไม่สวมถุงใน | N69: 0 | O69: 0 | P69: 0 | Q69: 0 | R69: 0 | S69: 500กระสอบแบน | T69: 45884 | U69: 4000 | V69: 0 | W69: 4000 | X69: 0 | Y69: 4200 | Z69: WSWT2025800SM | AA69: 4414.52 | AB69: 4414.52 | AC69: 0 | AD69: 3490 | AE69: 924.52 | AF69: ห้ามเกิน-ขาดได้5% | AG69: ยังไม่ได้พิมพ์ | AH69: P6 | AI69: 4 | AJ69: 45884 | AK69: 45880 | AL69: 45873 | AM69: 45881 | AN69: 45882 | AO69: 45883 | AP69: 45879 | AQ69: 0 | AR69: 0 | AS69: 0 | AT69: 0 | AU69: 0 | AV69: 0 | AW69: งานเคลือบ+พิมพ์ | AX69: / | AY69: 0 | AZ69: 0 | BA69: 0 | BB69: 0 | BC69: WRWT25850/WRWT25850 | BD69: 0
A70: 45876 | B70: MK68-000975 | C70: บจก.เอพีเอ็ม อะโกร | D70: U-GOAT14 | E70: 20 | F70: 38 | G70: ขาว | H70: ใส | I70: 100 | J70: ± | K70: 5 | L70: บิด | M70: ไม่สวมถุงใน | N70: 0 | O70: 0 | P70: 0 | Q70: 0 | R70: 0 | S70: 500กระสอบแบน | T70: 45884 | U70: 4000 | V70: 0 | W70: 4000 | X70: 0 | Y70: 4200 | Z70: WSWT2025800SM | AA70: 4414.52 | AB70: 4414.52 | AC70: 0 | AD70: 0 | AE70: 4414.52 | AF70: ห้ามเกิน-ขาดได้5% | AG70: ยังไม่ได้พิมพ์ | AH70: P6 | AI70: 4 | AJ70: 45884 | AK70: 45880 | AL70: 45873 | AM70: 45881 | AN70: 45882 | AO70: 45883 | AP70: 45879 | AQ70: 0 | AR70: 0 | AS70: 0 | AT70: 0 | AU70: 0 | AV70: 0 | AW70: งานเคลือบ+พิมพ์ | AX70: / | AY70: 0 | AZ70: 0 | BA70: 0 | BB70: 0 | BC70: WRWT25850/WRWT25850 | BD70: 0
A71: 45873 | B71: MK68-000957 | C71: บจก.วีซีเอฟ | D71: JET 405โปรตีน18% | E71: 20 | F71: 37 | G71: ขาว | H71: ใส | I71: 100 | J71: ± | K71: 5 | L71: ไม่ | M71: ไม่สวมถุงใน | N71: 0 | O71: 0 | P71: 0 | Q71: 0 | R71: 0 | S71: 500กระสอบแบน | T71: 45884 | U71: 20000 | V71: 0 | W71: 20000 | X71: 0 | Y71: 21000 | Z71: WSWT2025800SM | AA71: 21513.8 | AB71: 21513.8 | AC71: 0 | AD71: 0 | AE71: 21513.8 | AF71: 0 | AG71: พร้อมส่ง | AH71: P6 | AI71: 4 | AJ71: 45884 | AK71: 45880 | AL71: 45873 | AM71: 45881 | AN71: 45882 | AO71: 45883 | AP71: 45879 | AQ71: 0 | AR71: 0 | AS71: 0 | AT71: 0 | AU71: 0 | AV71: 0 | AW71: งานเคลือบ+พิมพ์ | AX71: / | AY71: 0 | AZ71: 0 | BA71: 0 | BB71: 0 | BC71: WRWT25850/WRWT25850 | BD71: 0
A72: 45873 | B72: MK68-000956 | C72: บจก.วีซีเอฟ | D72: SPEED PLUS 999 ENG | E72: 20 | F72: 37 | G72: ขาว | H72: ใส | I72: 100 | J72: ± | K72: 5 | L72: ไม่ | M72: ไม่สวมถุงใน | N72: 0 | O72: 0 | P72: 0 | Q72: 0 | R72: 0 | S72: 500กระสอบแบน | T72: 45884 | U72: 5000 | V72: 0 | W72: 5000 | X72: 0 | Y72: 5250 | Z72: WSWT2025800SM | AA72: 5378.45 | AB72: 5378.45 | AC72: 0 | AD72: 0 | AE72: 5378.45 | AF72: 0 | AG72: ยังไม่ได้พิมพ์ | AH72: P6 | AI72: 4 | AJ72: 45884 | AK72: 45880 | AL72: 45873 | AM72: 45881 | AN72: 45882 | AO72: 45883 | AP72: 45879 | AQ72: 0 | AR72: 0 | AS72: 0 | AT72: 0 | AU72: 0 | AV72: 0 | AW72: งานเคลือบ+พิมพ์ | AX72: / | AY72: 0 | AZ72: 0 | BA72: 0 | BB72: 0 | BC72: WRWT25850/WRWT25850 | BD72: 0
A73: 45874 | B73: MK68-000966 | C73: บจก.อินเทคค์ โกลบอล | D73: เพอเฟคค์ 916 | E73: 20 | F73: 36 | G73: ขาว | H73: ด้าน | I73: 100 | J73: ± | K73: 5 | L73: จับจีบ | M73: ไม่สวมถุงใน | N73: 0 | O73: 0 | P73: 0 | Q73: 0 | R73: 0 | S73: มัด80 ใช้สายรัด | T73: 45887 | U73: 10000 | V73: 0 | W73: 10000 | X73: 0 | Y73: 10500 | Z73: WSWT2025800SM | AA73: 10477.5 | AB73: 10477.5 | AC73: 0 | AD73: 0 | AE73: 10477.5 | AF73: 0 | AG73: พร้อมส่ง | AH73: P6 | AI73: 4 | AJ73: 45887 | AK73: 45883 | AL73: 45876 | AM73: 45884 | AN73: 45885 | AO73: 45886 | AP73: 45882 | AQ73: 0 | AR73: 0 | AS73: 0 | AT73: 0 | AU73: 0 | AV73: 0 | AW73: งานเคลือบ+พิมพ์ | AX73: รอART | AY73: 0 | AZ73: 0 | BA73: 0 | BB73: 0 | BC73: WRWT25850/WRWT25850 | BD73: 0
A74: 45796 | B74: MK68-000676 | C74: บจก.อินเทคค์ โกลบอล | D74: เพอเฟคค์ 916 | E74: 20 | F74: 36 | G74: ขาว | H74: ด้าน | I74: 100 | J74: ± | K74: 5 | L74: จับจีบ | M74: ไม่สวมถุงใน | N74: 0 | O74: 0 | P74: 0 | Q74: 0 | R74: 0 | S74: มัด80 ใช้สายรัด | T74: 45887 | U74: 614 | V74: 0 | W74: 614 | X74: 0 | Y74: 644.7 | Z74: WSWT2025800SM | AA74: 643.3185 | AB74: 643.3185 | AC74: 0 | AD74: 0 | AE74: 643.3185 | AF74: 0 | AG74: ยังไม่ได้พิมพ์ | AH74: P6 | AI74: 4 | AJ74: 45887 | AK74: 45883 | AL74: 45876 | AM74: 45884 | AN74: 45885 | AO74: 45886 | AP74: 45882 | AQ74: 0 | AR74: 0 | AS74: 0 | AT74: 0 | AU74: 0 | AV74: 0 | AW74: งานเคลือบ+พิมพ์ | AX74: / | AY74: 0 | AZ74: 0 | BA74: 0 | BB74: 0 | BC74: WRWT25850/WRWT25850 | BD74: 0
A75: 45874 | B75: MK68-000967 | C75: บจก.อินเทคค์ โกลบอล | D75: เฟิร์สคลาส 912 | E75: 20 | F75: 35 | G75: ขาว | H75: ด้าน | I75: 97 | J75: ± | K75: 5 | L75: จับจีบ | M75: ไม่สวมถุงใน | N75: 0 | O75: 0 | P75: 0 | Q75: 0 | R75: 0 | S75: มัด80 ใช้สายรัด | T75: 45887 | U75: 5040 | V75: 0 | W75: 5040 | X75: 0 | Y75: 5292 | Z75: WSWT2025800SM | AA75: 5139.8424 | AB75: 5139.8424 | AC75: 0 | AD75: 0 | AE75: 5139.8424 | AF75: 0 | AG75: ยังไม่ได้พิมพ์ | AH75: P6 | AI75: 4 | AJ75: 45887 | AK75: 45883 | AL75: 45876 | AM75: 45884 | AN75: 45885 | AO75: 45886 | AP75: 45882 | AQ75: 0 | AR75: 0 | AS75: 0 | AT75: 0 | AU75: 0 | AV75: 0 | AW75: งานเคลือบ+พิมพ์ | AX75: รอART | AY75: 0 | AZ75: 0 | BA75: 0 | BB75: 0 | BC75: WRWT25850/WRWT25850 | BD75: 0
A76: 45827 | B76: MK68-000810 | C76: บจก.อินเทคค์ โกลบอล | D76: เฟิร์สคลาส 912 | E76: 20 | F76: 35 | G76: ขาว | H76: ด้าน | I76: 97 | J76: ± | K76: 5 | L76: จับจีบ4" | M76: ไม่สวมถุงใน | N76: 0 | O76: 0 | P76: 0 | Q76: 0 | R76: 0 | S76: มัด80 ใช้สายรัด | T76: 45887 | U76: 455 | V76: 0 | W76: 455 | X76: 0 | Y76: 477.75 | Z76: WSWT2025800SM | AA76: 464.01355 | AB76: 464.01355 | AC76: 0 | AD76: 0 | AE76: 464.01355 | AF76: 0 | AG76: ยังไม่ได้พิมพ์ | AH76: P6 | AI76: 4 | AJ76: 45887 | AK76: 45883 | AL76: 45876 | AM76: 45884 | AN76: 45885 | AO76: 45886 | AP76: 45882 | AQ76: 0 | AR76: 0 | AS76: 0 | AT76: 0 | AU76: 0 | AV76: 0 | AW76: งานเคลือบ+พิมพ์ | AX76: / | AY76: 0 | AZ76: 0 | BA76: 0 | BB76: 0 | BC76: WRWT25850/WRWT25850 | BD76: 0
A77: 45874 | B77: MK68-000966 | C77: บจก.อินเทคค์ โกลบอล | D77: เพอเฟคค์ 912 | E77: 20 | F77: 36 | G77: ขาว | H77: ด้าน | I77: 100 | J77: ± | K77: 5 | L77: จับจีบ | M77: ไม่สวมถุงใน | N77: 0 | O77: 0 | P77: 0 | Q77: 0 | R77: 0 | S77: มัด80 ใช้สายรัด | T77: 45888 | U77: 10000 | V77: 0 | W77: 10000 | X77: 0 | Y77: 10500 | Z77: WSWT2025800SM | AA77: 10477.5 | AB77: 3044 | AC77: 7433.5 | AD77: 0 | AE77: 10477.5 | AF77: 0 | AG77: พร้อมส่ง | AH77: P6 | AI77: 4 | AJ77: 45888 | AK77: 45884 | AL77: 45877 | AM77: 45885 | AN77: 45886 | AO77: 45887 | AP77: 45883 | AQ77: 0 | AR77: 0 | AS77: 0 | AT77: 0 | AU77: 0 | AV77: 0 | AW77: งานเคลือบ+พิมพ์ | AX77: รอART | AY77: 0 | AZ77: 0 | BA77: 0 | BB77: 0 | BC77: WRWT25850/WRWT25850 | BD77: 561.64222
A78: 45873 | B78: MK68-000957 | C78: บจก.วีซีเอฟ | D78: JET 405โปรตีน16% | E78: 20 | F78: 37 | G78: ขาว | H78: ใส | I78: 100 | J78: ± | K78: 5 | L78: ไม่ | M78: ไม่สวมถุงใน | N78: 0 | O78: 0 | P78: 0 | Q78: 0 | R78: 0 | S78: 500กระสอบแบน | T78: 45889 | U78: 10000 | V78: 0 | W78: 10000 | X78: 0 | Y78: 10500 | Z78: WSWT2025800SM | AA78: 10756.9 | AB78: 0 | AC78: 10756.9 | AD78: 0 | AE78: 10756.9 | AF78: 0 | AG78: พร้อมส่ง | AH78: P6 | AI78: 4 | AJ78: 45889 | AK78: 45885 | AL78: 45878 | AM78: 45886 | AN78: 45887 | AO78: 45888 | AP78: 45884 | AQ78: 0 | AR78: 0 | AS78: 0 | AT78: 0 | AU78: 0 | AV78: 0 | AW78: งานเคลือบ+พิมพ์ | AX78: / | AY78: 0 | AZ78: 0 | BA78: 0 | BB78: 0 | BC78: WRWT25850/WRWT25850 | BD78: 812.74356
A79: 45873 | B79: MK68-000956 | C79: บจก.วีซีเอฟ | D79: R FEED 405A | E79: 20 | F79: 37 | G79: ขาว | H79: ใส | I79: 100 | J79: ± | K79: 5 | L79: ไม่ | M79: ไม่สวมถุงใน | N79: 0 | O79: 0 | P79: 0 | Q79: 0 | R79: 0 | S79: 500กระสอบแบน | T79: 45889 | U79: 10000 | V79: 0 | W79: 10000 | X79: 0 | Y79: 10500 | Z79: WSWT2025800SM | AA79: 10756.9 | AB79: 0 | AC79: 10756.9 | AD79: 0 | AE79: 10756.9 | AF79: 0 | AG79: พร้อมส่ง | AH79: P6 | AI79: 4 | AJ79: 45889 | AK79: 45885 | AL79: 45878 | AM79: 45886 | AN79: 45887 | AO79: 45888 | AP79: 45884 | AQ79: 0 | AR79: 0 | AS79: 0 | AT79: 0 | AU79: 0 | AV79: 0 | AW79: งานเคลือบ+พิมพ์ | AX79: / | AY79: 0 | AZ79: 0 | BA79: 0 | BB79: 0 | BC79: WRWT25850/WRWT25850 | BD79: 812.74356
A80: 45868 | B80: MK68-000952 | C80: บจก.วีซีเอฟ | D80: VC 100 | E80: 20 | F80: 37 | G80: ขาว | H80: ใส | I80: 100 | J80: ± | K80: 5 | L80: บิด | M80: ไม่สวมถุงใน | N80: 0 | O80: 0 | P80: 0 | Q80: 0 | R80: 0 | S80: 500กระสอบแบน | T80: 45894 | U80: 30000 | V80: 30000 | W80: 0 | X80: 30900 | Y80: 0 | Z80: WSWT2025800SM | AA80: 0 | AB80: 0 | AC80: 0 | AD80: 0 | AE80: 0 | AF80: 0 | AG80: พร้อมส่ง | AH80: P6 | AI80: 4 | AJ80: 45894 | AK80: 45890 | AL80: 45883 | AM80: 45891 | AN80: 45892 | AO80: 45893 | AP80: 45889 | AQ80: 0 | AR80: 0 | AS80: 0 | AT80: 0 | AU80: 0 | AV80: 0 | AW80: งานเคลือบ+พิมพ์ | AX80: / | AY80: 0 | AZ80: 0 | BA80: 0 | BB80: 0 | BC80: WRWT25850/WRWT25850 | BD80: 0
A81: 45868 | B81: MK68-000952 | C81: บจก.วีซีเอฟ | D81: VC 193 | E81: 20 | F81: 37 | G81: ขาว | H81: ใส | I81: 100 | J81: ± | K81: 5 | L81: บิด | M81: ไม่สวมถุงใน | N81: 0 | O81: 0 | P81: 0 | Q81: 0 | R81: 0 | S81: 500กระสอบแบน | T81: 45894 | U81: 20000 | V81: 20000 | W81: 0 | X81: 20197 | Y81: 0 | Z81: WSWT2025800SM | AA81: 0 | AB81: 0 | AC81: 0 | AD81: 0 | AE81: 0 | AF81: 0 | AG81: ยังไม่ได้พิมพ์ | AH81: P6 | AI81: 4 | AJ81: 45894 | AK81: 45890 | AL81: 45883 | AM81: 45891 | AN81: 45892 | AO81: 45893 | AP81: 45889 | AQ81: 0 | AR81: 0 | AS81: 0 | AT81: 0 | AU81: 0 | AV81: 0 | AW81: งานเคลือบ+พิมพ์ | AX81: / | AY81: ลบสี | AZ81: 0 | BA81: 0 | BB81: 0 | BC81: WRWT25850/WRWT25850 | BD81: 0
A82: 45868 | B82: MK68-000952 | C82: บจก.วีซีเอฟ | D82: JET 180 | E82: 20 | F82: 37 | G82: ขาว | H82: ใส | I82: 100 | J82: ± | K82: 5 | L82: ไม่ | M82: ไม่สวมถุงใน | N82: 0 | O82: 0 | P82: 0 | Q82: 0 | R82: 0 | S82: 500กระสอบแบน | T82: 45894 | U82: 5000 | V82: 5000 | W82: 0 | X82: 5200 | Y82: 0 | Z82: WSWT2025800SM | AA82: 0 | AB82: 0 | AC82: 0 | AD82: 0 | AE82: 0 | AF82: 0 | AG82: ยังไม่ได้พิมพ์ | AH82: P6 | AI82: 4 | AJ82: 45894 | AK82: 45890 | AL82: 45883 | AM82: 45891 | AN82: 45892 | AO82: 45893 | AP82: 45889 | AQ82: 0 | AR82: 0 | AS82: 0 | AT82: 0 | AU82: 0 | AV82: 0 | AW82: งานเคลือบ+พิมพ์ | AX82: / | AY82: 0 | AZ82: 0 | BA82: 0 | BB82: 0 | BC82: WRWT25850/WRWT25850 | BD82: 0
A83: 45850 | B83: MK68-000880 | C83: บจก.เอพีเอ็ม อะโกร | D83: SPM195 GOAL | E83: 20 | F83: 38 | G83: ขาว | H83: ใส | I83: 100 | J83: ± | K83: 5 | L83: บิด | M83: ไม่สวมถุงใน | N83: 0 | O83: 0 | P83: 0 | Q83: 0 | R83: 0 | S83: 500กระสอบแบน | T83: 45898 | U83: 4000 | V83: 4000 | W83: 0 | X83: 4100 | Y83: 0 | Z83: WSWT2025800SM | AA83: 0 | AB83: 0 | AC83: 0 | AD83: 0 | AE83: 0 | AF83: 0 | AG83: ยังไม่ได้พิมพ์ | AH83: P6 | AI83: 4 | AJ83: 45898 | AK83: 45894 | AL83: 45887 | AM83: 45895 | AN83: 45896 | AO83: 45897 | AP83: 45893 | AQ83: 0 | AR83: 0 | AS83: 0 | AT83: 0 | AU83: 0 | AV83: 0 | AW83: งานเคลือบ+พิมพ์ | AX83: / | AY83: ลบสี | AZ83: 0 | BA83: 0 | BB83: 0 | BC83: WRWT25850/WRWT25850 | BD83: 0
A84: 45873 | B84: MK68-000962 | C84: บจก.เอพีเอ็ม อะโกร | D84: SPM190 GOAL | E84: 20 | F84: 38 | G84: ขาว | H84: ใส | I84: 100 | J84: ± | K84: 5 | L84: บิด | M84: ไม่สวมถุงใน | N84: 0 | O84: 0 | P84: 0 | Q84: 0 | R84: 0 | S84: 500กระสอบแบน | T84: 45898 | U84: 4000 | V84: 0 | W84: 4000 | X84: 0 | Y84: 4200 | Z84: WSWT2025800SM | AA84: 4414.52 | AB84: 0 | AC84: 4414.52 | AD84: 0 | AE84: 4414.52 | AF84: ห้ามเกิน-ขาดได้5% | AG84: ยังไม่ได้พิมพ์ | AH84: P6 | AI84: 4 | AJ84: 45898 | AK84: 45894 | AL84: 45887 | AM84: 45895 | AN84: 45896 | AO84: 45897 | AP84: 45893 | AQ84: 0 | AR84: 0 | AS84: 0 | AT84: 0 | AU84: 0 | AV84: 0 | AW84: งานเคลือบ+พิมพ์ | AX84: / | AY84: 0 | AZ84: 0 | BA84: 0 | BB84: 0 | BC84: WRWT25850/WRWT25850 | BD84: 333.54151
A85: 45876 | B85: ใบรับคำสั่งซื้อ | C85: บจก.เอพีเอ็ม อะโกร | D85: นีโอ พี06 | E85: 20 | F85: 38 | G85: ขาว | H85: ใส | I85: 100 | J85: ± | K85: 5 | L85: บิด | M85: ไม่สวมถุงใน | N85: 0 | O85: 0 | P85: 0 | Q85: 0 | R85: 0 | S85: 500กระสอบแบน | T85: 45898 | U85: 3000 | V85: 0 | W85: 3000 | X85: 0 | Y85: 3150 | Z85: WSWT2025800SM | AA85: 3310.89 | AB85: 0 | AC85: 3310.89 | AD85: 0 | AE85: 3310.89 | AF85: ห้ามเกิน-ขาดได้5% | AG85: พร้อมส่ง | AH85: P6 | AI85: 4 | AJ85: 45898 | AK85: 45894 | AL85: 45887 | AM85: 45895 | AN85: 45896 | AO85: 45897 | AP85: 45893 | AQ85: 0 | AR85: 0 | AS85: 0 | AT85: 0 | AU85: 0 | AV85: 0 | AW85: งานเคลือบ+พิมพ์ | AX85: / | AY85: 0 | AZ85: 0 | BA85: 0 | BB85: 0 | BC85: WRWT25850/WRWT25850 | BD85: 250.15613
A86: 45876 | B86: ใบรับคำสั่งซื้อ | C86: บจก.เอพีเอ็ม อะโกร | D86: วี-ฟีด วี18 | E86: 20 | F86: 38 | G86: ขาว | H86: ใส | I86: 100 | J86: ± | K86: 5 | L86: บิด | M86: ไม่สวมถุงใน | N86: 0 | O86: 0 | P86: 0 | Q86: 0 | R86: 0 | S86: 500กระสอบแบน | T86: 45898 | U86: 3000 | V86: 0 | W86: 3000 | X86: 0 | Y86: 3150 | Z86: WSWT2025800SM | AA86: 3310.89 | AB86: 0 | AC86: 3310.89 | AD86: 0 | AE86: 3310.89 | AF86: ห้ามเกิน-ขาดได้5% | AG86: ยังไม่ได้พิมพ์ | AH86: P6 | AI86: 4 | AJ86: 45898 | AK86: 45894 | AL86: 45887 | AM86: 45895 | AN86: 45896 | AO86: 45897 | AP86: 45893 | AQ86: 0 | AR86: 0 | AS86: 0 | AT86: 0 | AU86: 0 | AV86: 0 | AW86: งานเคลือบ+พิมพ์ | AX86: / | AY86: 0 | AZ86: 0 | BA86: 0 | BB86: 0 | BC86: WRWT25850/WRWT25850 | BD86: 250.15613
A87: 45876 | B87: ใบรับคำสั่งซื้อ | C87: บจก.เอพีเอ็ม อะโกร | D87: นีโอ พี2 | E87: 20 | F87: 38 | G87: ขาว | H87: ใส | I87: 100 | J87: ± | K87: 5 | L87: บิด | M87: ไม่สวมถุงใน | N87: 0 | O87: 0 | P87: 0 | Q87: 0 | R87: 0 | S87: 500กระสอบแบน | T87: รอแจ้ง | U87: 4000 | V87: 0 | W87: 4000 | X87: 0 | Y87: 4200 | Z87: WSWT2025800SM | AA87: 4414.52 | AB87: 0 | AC87: 4414.52 | AD87: 0 | AE87: 4414.52 | AF87: 0 | AG87: ยังไม่ได้พิมพ์ | AH87: P6 | AI87: 4 | AJ87: รอแจ้ง | AK87: #VALUE! | AL87: #VALUE! | AM87: #VALUE! | AN87: #VALUE! | AO87: #VALUE! | AP87: #VALUE! | AQ87: 0 | AR87: 0 | AS87: 0 | AT87: 0 | AU87: 0 | AV87: 0 | AW87: งานเคลือบ+พิมพ์ | AX87: รอART | AY87: 0 | AZ87: 0 | BA87: 0 | BB87: 0 | BC87: WRWT25850/WRWT25850 | BD87: 333.54151
A88: 45876 | B88: ใบรับคำสั่งซื้อ | C88: บจก.เอพีเอ็ม อะโกร | D88: ยูฟีด บี2 | E88: 20 | F88: 40 | G88: ขาว | H88: ใส | I88: 108 | J88: ± | K88: 5 | L88: บิด | M88: ไม่สวมถุงใน | N88: 0 | O88: 0 | P88: 0 | Q88: 0 | R88: 0 | S88: 500กระสอบแบน | T88: รอแจ้ง | U88: 3000 | V88: 3075 | W88: 0 | X88: 0 | Y88: 0 | Z88: WSWT2025800SM | AA88: 0 | AB88: 0 | AC88: 0 | AD88: 0 | AE88: 0 | AF88: 0 | AG88: รอแบบ | AH88: P6 | AI88: 4 | AJ88: รอแจ้ง | AK88: #VALUE! | AL88: #VALUE! | AM88: #VALUE! | AN88: #VALUE! | AO88: #VALUE! | AP88: #VALUE! | AQ88: 0 | AR88: 0 | AS88: 0 | AT88: 0 | AU88: 0 | AV88: 0 | AW88: งานเคลือบ+พิมพ์ | AX88: รอART | AY88: 0 | AZ88: 0 | BA88: 0 | BB88: 0 | BC88: WRWT25850/WRWT25850 | BD88: 0
A89: 45850 | B89: MK68-000879 | C89: บจก.เอพีเอ็ม อะโกร | D89: ฟีล กู๊ด พี6 | E89: 20 | F89: 38 | G89: ขาว | H89: ใส | I89: 100 | J89: ± | K89: 5 | L89: บิด | M89: ไม่สวมถุงใน | N89: 0 | O89: 0 | P89: 0 | Q89: 0 | R89: 0 | S89: 500กระสอบแบน | T89: 45898 | U89: 4000 | V89: 0 | W89: 4000 | X89: 0 | Y89: 4200 | Z89: WSWT2025800SM | AA89: 4414.52 | AB89: 0 | AC89: 4414.52 | AD89: 0 | AE89: 4414.52 | AF89: 0 | AG89: รอแบบ | AH89: P6 | AI89: 4 | AJ89: 45898 | AK89: 45894 | AL89: 45887 | AM89: 45895 | AN89: 45896 | AO89: 45897 | AP89: 45893 | AQ89: 0 | AR89: 0 | AS89: 0 | AT89: 0 | AU89: 0 | AV89: 0 | AW89: งานเคลือบ+พิมพ์ | AX89: / | AY89: 0 | AZ89: 0 | BA89: 0 | BB89: 0 | BC89: WRWT25850/WRWT25850 | BD89: 333.54151
A90: 45873 | B90: MK68-000963 | C90: บจก.เอพีเอ็ม อะโกร | D90: ยู-ฟีด ดี3 | E90: 20 | F90: 38 | G90: ขาว | H90: ใส | I90: 100 | J90: ± | K90: 5 | L90: บิด | M90: ไม่สวมถุงใน | N90: 0 | O90: 0 | P90: 0 | Q90: 0 | R90: 0 | S90: 500กระสอบแบน | T90: 45898 | U90: 4000 | V90: 0 | W90: 4000 | X90: 0 | Y90: 4200 | Z90: WSWT2025800SM | AA90: 4414.52 | AB90: 0 | AC90: 4414.52 | AD90: 0 | AE90: 4414.52 | AF90: ห้ามเกิน-ขาดได้5% | AG90: รอแบบ | AH90: P6 | AI90: 4 | AJ90: 45898 | AK90: 45894 | AL90: 45887 | AM90: 45895 | AN90: 45896 | AO90: 45897 | AP90: 45893 | AQ90: 0 | AR90: 0 | AS90: 0 | AT90: 0 | AU90: 0 | AV90: 0 | AW90: งานเคลือบ+พิมพ์ | AX90: / | AY90: 0 | AZ90: 0 | BA90: 0 | BB90: 0 | BC90: WRWT25850/WRWT25850 | BD90: 333.54151
A91: ประมาณการ | B91: ประมาณการ | C91: บจก.อินเทคค์ โกลบอล | D91: รอแบบ | E91: 20 | F91: 36 | G91: ขาว | H91: ด้าน | I91: 100 | J91: ± | K91: 5 | L91: จับจีบ | M91: ไม่สวมถุงใน | N91: 0 | O91: 0 | P91: 0 | Q91: 0 | R91: 0 | S91: มัด80 ใช้สายรัด | T91: 45899 | U91: 100000 | V91: 0 | W91: 100000 | X91: 0 | Y91: 105000 | Z91: WSWT2025800SM | AA91: 104775 | AB91: 0 | AC91: 104775 | AD91: 0 | AE91: 104775 | AF91: 0 | AG91: ยังไม่ได้พิมพ์ | AH91: P6 | AI91: 4 | AJ91: 45899 | AK91: 45895 | AL91: 45888 | AM91: 45896 | AN91: 45897 | AO91: 45898 | AP91: 45894 | AQ91: 0 | AR91: 0 | AS91: 0 | AT91: 0 | AU91: 0 | AV91: 0 | AW91: งานเคลือบ+พิมพ์ | AX91: รอART | AY91: 0 | AZ91: 0 | BA91: 0 | BB91: 0 | BC91: WRWT25850/WRWT25850 | BD91: 7916.3333
A92: ประมาณการ | B92: ประมาณการ | C92: บจก.เอสพีเอ็ม อาหารสัตว์ | D92: รอแบบ | E92: 20 | F92: 38 | G92: ขาว | H92: ใส | I92: 100 | J92: ± | K92: 5 | L92: บิด | M92: ไม่สวมถุงใน | N92: 0 | O92: 0 | P92: 0 | Q92: 0 | R92: 0 | S92: 500กระสอบแบน | T92: 45925 | U92: 20000 | V92: 0 | W92: 20000 | X92: 0 | Y92: 21000 | Z92: WSWT2025800SM | AA92: 22072.6 | AB92: 0 | AC92: 22072.6 | AD92: 0 | AE92: 22072.6 | AF92: 0 | AG92: พร้อมส่ง | AH92: P6 | AI92: 4 | AJ92: 45925 | AK92: 45921 | AL92: 45914 | AM92: 45922 | AN92: 45923 | AO92: 45924 | AP92: 45920 | AQ92: 0 | AR92: 0 | AS92: 0 | AT92: 0 | AU92: 0 | AV92: 0 | AW92: งานเคลือบ+พิมพ์ | AX92: รอART | AY92: 0 | AZ92: 0 | BA92: 0 | BB92: 0 | BC92: WRWT25850/WRWT25850 | BD92: 1667.7076
A93: ประมาณการ | B93: ประมาณการ | C93: บจก.ไทยธรรมดี | D93: รอแบบ | E93: 20 | F93: 37 | G93: ขาว | H93: ด้าน | I93: 97 | J93: ± | K93: 5 | L93: บิด | M93: ไม่สวมถุงใน | N93: 0 | O93: 0 | P93: 0 | Q93: 0 | R93: 0 | S93: 500กระสอบ | T93: 45925 | U93: 20000 | V93: 0 | W93: 20000 | X93: 0 | Y93: 21000 | Z93: WSWT2025800SM | AA93: 21513.8 | AB93: 0 | AC93: 21513.8 | AD93: 0 | AE93: 21513.8 | AF93: 0 | AG93: ยังไม่ได้พิมพ์ | AH93: P6 | AI93: 4 | AJ93: 45925 | AK93: 45921 | AL93: 45914 | AM93: 45922 | AN93: 45923 | AO93: 45924 | AP93: 45920 | AQ93: 0 | AR93: 0 | AS93: 0 | AT93: 0 | AU93: 0 | AV93: 0 | AW93: งานเคลือบ+พิมพ์ | AX93: รอART | AY93: 0 | AZ93: 0 | BA93: 0 | BB93: 0 | BC93: WRWT25850/WRWT25850 | BD93: 1625.4871
A94: 45877 | B94: MK68-000990 | C94: บจก.เอสพีเอ็ม อาหารสัตว์ | D94: SW 441 PLUS | E94: 20 | F94: 38 | G94: ขาว | H94: ใส | I94: 100 | J94: ± | K94: 5 | L94: บิด | M94: ไม่สวมถุงใน | N94: 0 | O94: 0 | P94: 0 | Q94: 0 | R94: 0 | S94: 500กระสอบแบน | T94: รอแจ้ง | U94: 10000 | V94: 0 | W94: 10000 | X94: 0 | Y94: 10500 | Z94: WSWT2025800SM | AA94: 11036.3 | AB94: 0 | AC94: 11036.3 | AD94: 0 | AE94: 11036.3 | AF94: 0 | AG94: รอแบบ | AH94: P6 | AI94: 4 | AJ94: รอแจ้ง | AK94: #VALUE! | AL94: #VALUE! | AM94: #VALUE! | AN94: #VALUE! | AO94: #VALUE! | AP94: #VALUE! | AQ94: 0 | AR94: 0 | AS94: 0 | AT94: 0 | AU94: 0 | AV94: 0 | AW94: งานเคลือบ+พิมพ์ | AX94: รอART | AY94: 0 | AZ94: 0 | BA94: 0 | BB94: 0 | BC94: WRWT25850/WRWT25850 | BD94: 833.85378
A95: 45857 | B95: MK68-000902 | C95: บจก.อินเทคค์ โกลบอล | D95: เพอเฟคค์ 000 | E95: 20 | F95: 36 | G95: ขาว | H95: ด้าน | I95: 100 | J95: ± | K95: 5 | L95: จับจีบ | M95: ไม่สวมถุงใน | N95: 0 | O95: 0 | P95: 0 | Q95: 0 | R95: 0 | S95: มัด80 ใช้สายรัด | T95: รอแจ้ง | U95: 120 | V95: 0 | W95: 120 | X95: 11000 | Y95: 0 | Z95: WSWT2025800SM | AA95: 0 | AB95: 0 | AC95: 0 | AD95: 0 | AE95: 0 | AF95: 0 | AG95: พร้อมส่ง | AH95: P6 | AI95: 4 | AJ95: รอแจ้ง | AK95: #VALUE! | AL95: #VALUE! | AM95: #VALUE! | AN95: #VALUE! | AO95: #VALUE! | AP95: #VALUE! | AQ95: 0 | AR95: 0 | AS95: 0 | AT95: 0 | AU95: 0 | AV95: 0 | AW95: งานเคลือบ+พิมพ์ | AX95: / | AY95: 0 | AZ95: 0 | BA95: 0 | BB95: 0 | BC95: WRWT25850/WRWT25850 | BD95: 0
A96: 45873 | B96: MK68-000961 | C96: บจก.เอพีเอ็ม อะโกร | D96: U-FEED U2(เอส) | E96: 20 | F96: 38 | G96: ขาว | H96: ใส | I96: 100 | J96: ± | K96: 5 | L96: บิด | M96: ไม่สวมถุงใน | N96: 0 | O96: 0 | P96: 0 | Q96: 0 | R96: 0 | S96: 500กระสอบแบน | T96: รอแจ้ง | U96: 4000 | V96: 0 | W96: 4000 | X96: 0 | Y96: 4200 | Z96: WSWT2025800SM | AA96: 4414.52 | AB96: 0 | AC96: 4414.52 | AD96: 0 | AE96: 4414.52 | AF96: ห้ามเกิน-ขาดได้5% | AG96: พร้อมส่ง | AH96: P6 | AI96: 4 | AJ96: รอแจ้ง | AK96: #VALUE! | AL96: #VALUE! | AM96: #VALUE! | AN96: #VALUE! | AO96: #VALUE! | AP96: #VALUE! | AQ96: 0 | AR96: 0 | AS96: 0 | AT96: 0 | AU96: 0 | AV96: 0 | AW96: งานเคลือบ+พิมพ์ | AX96: / | AY96: 0 | AZ96: 0 | BA96: 0 | BB96: 0 | BC96: WRWT25850/WRWT25850 | BD96: 333.54151
A97: ประมาณการ | B97: ประมาณการ | C97: บจก.ซันฟีด | D97: รอแบบ | E97: 20 | F97: 38 | G97: ขาว | H97: ด้าน | I97: 100 | J97: + | K97: 0 | L97: บิด | M97: ไม่สวมถุงใน | N97: 0 | O97: 0 | P97: 0 | Q97: 0 | R97: 0 | S97: 300กระสอบแบนเต็มใบ | T97: รอแจ้ง | U97: 100000 | V97: 0 | W97: 100000 | X97: 0 | Y97: 105000 | Z97: WSWT2025800SM | AA97: 110363 | AB97: 0 | AC97: 110363 | AD97: 0 | AE97: 110363 | AF97: 0 | AG97: รอตัด | AH97: P6 | AI97: 4 | AJ97: รอแจ้ง | AK97: #VALUE! | AL97: #VALUE! | AM97: #VALUE! | AN97: #VALUE! | AO97: #VALUE! | AP97: #VALUE! | AQ97: 0 | AR97: 0 | AS97: 0 | AT97: 0 | AU97: 0 | AV97: 0 | AW97: งานเคลือบ+พิมพ์ | AX97: รอART | AY97: 0 | AZ97: 0 | BA97: 0 | BB97: 0 | BC97: WRWT25850/WRWT25850 | BD97: 8338.5378
A98: 45825 | B98: MK68-000796 | C98: บจก.อินเทคค์ โกลบอล | D98: เฟิร์สช้อย 911 | E98: 20 | F98: 36 | G98: ขาว | H98: ด้าน | I98: 100 | J98: ± | K98: 5 | L98: จับจีบ4" | M98: ไม่สวมถุงใน | N98: 0 | O98: 0 | P98: 0 | Q98: 0 | R98: 0 | S98: มัด80 ใช้สายรัด | T98: รอแจ้ง | U98: 127 | V98: 0 | W98: 127 | X98: 6000 | Y98: 0 | Z98: WSWT2025800SM | AA98: 0 | AB98: 0 | AC98: 0 | AD98: 0 | AE98: 0 | AF98: 0 | AG98: พร้อมส่ง | AH98: P6 | AI98: 4 | AJ98: รอแจ้ง | AK98: #VALUE! | AL98: #VALUE! | AM98: #VALUE! | AN98: #VALUE! | AO98: #VALUE! | AP98: #VALUE! | AQ98: 0 | AR98: 0 | AS98: 0 | AT98: 0 | AU98: 0 | AV98: 0 | AW98: งานเคลือบ+พิมพ์ | AX98: / | AY98: 0 | AZ98: 0 | BA98: 0 | BB98: 0 | BC98: WRWT25850/WRWT25850 | BD98: 0
A99: 45825 | B99: MK68-000801 | C99: บจก.อินเทคค์ โกลบอล | D99: สุบรรณ 111 | E99: 20 | F99: 36 | G99: ขาว | H99: ด้าน | I99: 100 | J99: ± | K99: 5 | L99: จับจีบ3.5" | M99: ไม่สวมถุงใน | N99: 0 | O99: 0 | P99: 0 | Q99: 0 | R99: 0 | S99: มัด80 ใช้สายรัด | T99: รอแจ้ง | U99: 894 | V99: 525 | W99: 369 | X99: 6000 | Y99: 0 | Z99: WSWT2025800SM | AA99: 0 | AB99: 0 | AC99: 0 | AD99: 0 | AE99: 0 | AF99: 0 | AG99: พร้อมส่ง | AH99: P6 | AI99: 4 | AJ99: รอแจ้ง | AK99: #VALUE! | AL99: #VALUE! | AM99: #VALUE! | AN99: #VALUE! | AO99: #VALUE! | AP99: #VALUE! | AQ99: 0 | AR99: 0 | AS99: 0 | AT99: 0 | AU99: 0 | AV99: 0 | AW99: งานเคลือบ+พิมพ์ | AX99: / | AY99: 0 | AZ99: 0 | BA99: 0 | BB99: 0 | BC99: WRWT25850/WRWT25850 | BD99: 0
A100: 45796 | B100: MK68-000675 | C100: บจก.อินเทคค์ โกลบอล | D100: เพอเฟคค์ 914 | E100: 20 | F100: 36 | G100: ขาว | H100: ด้าน | I100: 100 | J100: ± | K100: 5 | L100: จับจีบ | M100: ไม่สวมถุงใน | N100: 0 | O100: 0 | P100: 0 | Q100: 0 | R100: 0 | S100: มัด80 ใช้สายรัด | T100: รอแจ้ง | U100: 3360 | V100: 0 | W100: 3360 | X100: 35200 | Y100: 0 | Z100: WSWT2025800SM | AA100: 0 | AB100: 0 | AC100: 0 | AD100: 0 | AE100: 0 | AF100: 0 | AG100: รอตัด | AH100: P6 | AI100: 4 | AJ100: รอแจ้ง | AK100: #VALUE! | AL100: #VALUE! | AM100: #VALUE! | AN100: #VALUE! | AO100: #VALUE! | AP100: #VALUE! | AQ100: 0 | AR100: 0 | AS100: 0 | AT100: 0 | AU100: 0 | AV100: 0 | AW100: งานเคลือบ+พิมพ์ | AX100: / | AY100: 2/6---6/6 | AZ100: 0 | BA100: 0 | BB100: 0 | BC100: WRWT25850/WRWT25850 | BD100: 0
A101: 45796 | B101: MK68-000671 | C101: บจก.อินเทคค์ โกลบอล | D101: เฟิร์สช้อย 902 | E101: 20 | F101: 36 | G101: ขาว | H101: ด้าน | I101: 100 | J101: ± | K101: 5 | L101: จับจีบ | M101: ไม่สวมถุงใน | N101: 0 | O101: 0 | P101: 0 | Q101: 0 | R101: 0 | S101: มัด80 ใช้สายรัด | T101: รอแจ้ง | U101: 366 | V101: 0 | W101: 366 | X101: 5113 | Y101: 0 | Z101: WSWT2025800SM | AA101: 0 | AB101: 0 | AC101: 0 | AD101: 0 | AE101: 0 | AF101: 0 | AG101: ยังไม่ได้พิมพ์ | AH101: P6 | AI101: 4 | AJ101: รอแจ้ง | AK101: #VALUE! | AL101: #VALUE! | AM101: #VALUE! | AN101: #VALUE! | AO101: #VALUE! | AP101: #VALUE! | AQ101: 0 | AR101: 0 | AS101: 0 | AT101: 0 | AU101: 0 | AV101: 0 | AW101: งานเคลือบ+พิมพ์ | AX101: / | AY101: 0 | AZ101: 0 | BA101: 0 | BB101: 0 | BC101: WRWT25850/WRWT25850 | BD101: 0
A102: 45796 | B102: MK68-000673 | C102: บจก.อินเทคค์ โกลบอล | D102: เพอเฟคค์ 902 | E102: 20 | F102: 36 | G102: ขาว | H102: ด้าน | I102: 100 | J102: ± | K102: 5 | L102: จับจีบ | M102: ไม่สวมถุงใน | N102: 0 | O102: 0 | P102: 0 | Q102: 0 | R102: 0 | S102: มัด80 ใช้สายรัด | T102: รอแจ้ง | U102: 302 | V102: 0 | W102: 302 | X102: 5300 | Y102: 0 | Z102: WSWT2025800SM | AA102: 0 | AB102: 0 | AC102: 0 | AD102: 0 | AE102: 0 | AF102: 0 | AG102: ยังไม่ได้พิมพ์ | AH102: P6 | AI102: 4 | AJ102: รอแจ้ง | AK102: #VALUE! | AL102: #VALUE! | AM102: #VALUE! | AN102: #VALUE! | AO102: #VALUE! | AP102: #VALUE! | AQ102: 0 | AR102: 0 | AS102: 0 | AT102: 0 | AU102: 0 | AV102: 0 | AW102: งานเคลือบ+พิมพ์ | AX102: / | AY102: 0 | AZ102: 0 | BA102: 0 | BB102: 0 | BC102: WRWT25850/WRWT25850 | BD102: 0
A103: 45796 | B103: MK68-000674 | C103: บจก.อินเทคค์ โกลบอล | D103: เพอเฟคค์ 913 | E103: 20 | F103: 36 | G103: ขาว | H103: ด้าน | I103: 100 | J103: ± | K103: 5 | L103: จับจีบ | M103: ไม่สวมถุงใน | N103: 0 | O103: 0 | P103: 0 | Q103: 0 | R103: 0 | S103: มัด80 ใช้สายรัด | T103: รอแจ้ง | U103: 1200 | V103: 0 | W103: 1200 | X103: 10700 | Y103: 0 | Z103: WSWT2025800SM | AA103: 0 | AB103: 0 | AC103: 0 | AD103: 0 | AE103: 0 | AF103: 0 | AG103: ยังไม่ได้พิมพ์ | AH103: P6 | AI103: 4 | AJ103: รอแจ้ง | AK103: #VALUE! | AL103: #VALUE! | AM103: #VALUE! | AN103: #VALUE! | AO103: #VALUE! | AP103: #VALUE! | AQ103: 0 | AR103: 0 | AS103: 0 | AT103: 0 | AU103: 0 | AV103: 0 | AW103: งานเคลือบ+พิมพ์ | AX103: / | AY103: 0 | AZ103: 0 | BA103: 0 | BB103: 0 | BC103: WRWT25850/WRWT25850 | BD103: 0
A104: 45850 | B104: MK68-000877 | C104: บจก.เอพีเอ็ม อะโกร | D104: ยู-ฟีด รวมหมู | E104: 20 | F104: 38 | G104: ขาว | H104: ใส | I104: 100 | J104: ± | K104: 5 | L104: บิด | M104: ไม่สวมถุงใน | N104: 0 | O104: 0 | P104: 0 | Q104: 0 | R104: 0 | S104: 500กระสอบแบน | T104: รอแจ้ง | U104: 3000 | V104: 0 | W104: 3000 | X104: 0 | Y104: 3150 | Z104: WSWT2025800SM | AA104: 3310.89 | AB104: 0 | AC104: 3310.89 | AD104: 0 | AE104: 3310.89 | AF104: 0 | AG104: พร้อมส่ง | AH104: P6 | AI104: 4 | AJ104: รอแจ้ง | AK104: #VALUE! | AL104: #VALUE! | AM104: #VALUE! | AN104: #VALUE! | AO104: #VALUE! | AP104: #VALUE! | AQ104: 0 | AR104: 0 | AS104: 0 | AT104: 0 | AU104: 0 | AV104: 0 | AW104: งานเคลือบ+พิมพ์ | AX104: / | AY104: 0 | AZ104: 0 | BA104: 0 | BB104: 0 | BC104: WRWT25850/WRWT25850 | BD104: 250.15613
A105: 45782 | B105: MK68-000609 | C105: บจก.เอสพีเอ็ม อาหารสัตว์ | D105: SW 441 | E105: 20 | F105: 38 | G105: ขาว | H105: ใส | I105: 100 | J105: ± | K105: 5 | L105: บิด | M105: ไม่สวมถุงใน | N105: 0 | O105: 0 | P105: 0 | Q105: 0 | R105: 0 | S105: 500กระสอบแบน | T105: รอแจ้ง | U105: 10000 | V105: 0 | W105: 10000 | X105: 0 | Y105: 10500 | Z105: WSWT2025800SM | AA105: 11036.3 | AB105: 0 | AC105: 11036.3 | AD105: 0 | AE105: 11036.3 | AF105: 0 | AG105: พร้อมส่ง | AH105: P6 | AI105: 4 | AJ105: รอแจ้ง | AK105: #VALUE! | AL105: #VALUE! | AM105: #VALUE! | AN105: #VALUE! | AO105: #VALUE! | AP105: #VALUE! | AQ105: 0 | AR105: 0 | AS105: 0 | AT105: 0 | AU105: 0 | AV105: 0 | AW105: งานเคลือบ+พิมพ์ | AX105: / | AY105: 0 | AZ105: 0 | BA105: 0 | BB105: 0 | BC105: WRWT25850/WRWT25850 | BD105: 833.85378
...

Sheet 8-8-68
B2: เรียงกำหนดส่ง | D2: ลบ 0 | T2: เรียง 1
B3: ข้อมูลUpdate ณ. วันที่ | D3: 45877 | E3: เวลา | G3: 10.09
A4: วันรับออร์เดอร์/แบบ | B4: เลขที่ SO | C4: ชื่อลูกค้า | E4: 10.3 | I4: น้ำหนัก | L4: บิด/จับจีบ | M4: ถุงใน | Q4: 44873 | S4: วิธีบรรจุ | T4: วันส่ง | U4: จำนวนส่ง | V4: ตัดเย็บ (ใบ) | W4: 44873 | X4: พิมพ์ (ใบ) | Y4: 44876 | Z4: ผ้าทอ (เมตร) Updateณ | AB4: 44876 | AD4: ผ้าเคลือบ(เมตร) | AF4: หมายเหตุ | AG4: เครื่อง
B5: เลขที่ SO | C5: ชื่อลูกค้า | D5: ตรา | E5: กว้าง | F5: ยาว | G5: สี | H5: เคลือบ | I5: กรัม/ใบ | J5: * | K5: aw | L5: บิด/จับจีบ | M5: กว้าง | N5: ยาว | O5: หนา | P5: ใช้(กก.) | Q5: Stock(กก.) | R5: ผลิต(กก.) | S5: วิธีบรรจุ | T5: วันส่ง | U5: จำนวนส่ง | V5: StockFG | W5: ค้างตัด | X5: พิมพ์แล้ว | Y5: ค้างพิมพ์ | Z5: ประเภท | AA5: ใช้ | AB5: Stock | AC5: ค้างทอ | AD5: Stock | AE5: ค้างเคลือบ | AF5: หมายเหตุ | AG5: ที่พิมพ์ได้ | AH5: process | AI5: Lead time | AJ5: วันที่ส่งPL | AK5: เคลือบ | AL5: ได้ ART | AM5: พิมพ์ | AN5: จีบ-บิด | AO5: ตัด-เย็บ | AP5: ทอ | AQ5: สวมถุง | AR5: เย็บปาก | AS5: PT | AT5: ม้วน | AU5: ตัด | AV5: ตอกตาไก่ | AW5: GROUP | AX5: ART | AY5: หมายเหตุปัญหา | AZ5: ราคา/ใบ | BA5: ราคารวม | BB5: workweek | BC5: เส้นเทป | BD5: จำนวน
A6: 45868 | B6: MK68-000933 | C6: บจก.มารีน ลีดเดอร์ | D6: ไม่พิมพ์ | E6: 14 | F6: 22 | G6: ขาว | H6: ใส | I6: 42 | J6: ± | K6: 5 | L6: ไม่ | M6: 15 | N6: 24 | O6: 40 | P6: 71.052245 | Q6: 0 | R6: 71.052245 | S6: 500กระสอบแบน | T6: 45883 | U6: 8000 | V6: 0 | W6: 8000 | X6: 0 | Y6: 0 | Z6: WSWT1425800 | AA6: 5252.72 | AB6: 5252.72 | AC6: 0 | AD6: 0 | AE6: 5252.72 | AF6: 0 | AG6: พร้อมส่ง | AH6: P9 | AI6: 3 | AJ6: 45883 | AK6: 45879 | AL6: 0 | AM6: 0 | AN6: 0 | AO6: 45880 | AP6: 45878 | AQ6: 45881 | AR6: 0 | AS6: 0 | AT6: 0 | AU6: 0 | AV6: 0 | AW6: งานเคลือบ+ตัด | AX6: 0 | AY6: สลับกับหนองบัว | AZ6: 0 | BA6: 0 | BB6: 0 | BC6: WRWT25800/WRWT25800 | BD6: 0
A7: 45860 | B7: MK68-000920 | C7: หจก.ปึงเป้งน้ำ | D7: เกลือตรามือ 10กก. | E7: 14 | F7: 22 | G7: ขาว | H7: ใส | I7: 42 | J7: ± | K7: 5 | L7: ไม่ | M7: ไม่สวมถุงใน | N7: 0 | O7: 0 | P7: 0 | Q7: 0 | R7: 0 | S7: 500กระสอบแบน | T7: 45884 | U7: 10000 | V7: 0 | W7: 10000 | X7: 0 | Y7: 10500 | Z7: WSWT1425800 | AA7: 6565.9 | AB7: 6565.9 | AC7: 0 | AD7: 0 | AE7: 6565.9 | AF7: 0 | AG7: ยังไม่ได้พิมพ์ | AH7: P6 | AI7: 4 | AJ7: 45884 | AK7: 45880 | AL7: 45873 | AM7: 45881 | AN7: 45882 | AO7: 45883 | AP7: 45879 | AQ7: 0 | AR7: 0 | AS7: 0 | AT7: 0 | AU7: 0 | AV7: 0 | AW7: งานเคลือบ+พิมพ์ | AX7: / | AY7: 0 | AZ7: 0 | BA7: 0 | BB7: 0 | BC7: WRWT25800/WRWT25800 | BD7: 0
A8: 0 | B8: 0 | C8: 0 | D8: 0 | E8: 14 | F8: 22 | G8: ขาว | H8: 0 | I8: 36 | J8: ± | K8: 5 | L8: 0 | M8: 0 | N8: 0 | O8: 0 | P8: 0 | Q8: 0 | R8: 0 | S8: 0 | U8: 0 | V8: 0 | W8: 0 | X8: 0 | Y8: 0 | Z8: WSWT1425800 | AA8: 11818.62 | AB8: 11818.62 | AC8: 0 | AD8: 0 | AE8: 11818.62 | AF8: ระบุในSD | AG8: พร้อมส่ง | AH8: 0 | AI8: Lead time | AJ8: 0 | AK8: 0 | AL8: 0 | AM8: 0 | AN8: 0 | AO8: 0 | AP8: 0 | AQ8: 0 | AR8: 0 | AS8: 0 | AT8: 0 | AU8: 0 | AV8: 0 | AW8: 0 | AX8: 0 | AY8: 0 | AZ8: 0 | BA8: 0 | BB8: 0 | BC8: WRWT140800/WRWT25800 | BD8: 0
A9: 45842 | B9: MK68-000868 | C9: พีมินเนอร์ | D9: พี-มินเนอร์ นิวพลัส | E9: 16 | F9: 28 | G9: ขาว | H9: ใส | I9: 56 | J9: ± | K9: 5 | L9: ไม่ | M9: 19 | N9: 31 | O9: 40 | P9: 1.1334313 | Q9: 0 | R9: 1.1334313 | S9: 500กระสอบ | T9: รอส่ง | U9: 4000 | V9: 3922 | W9: 78 | X9: 5295 | Y9: 0 | Z9: WSWT1625800SM | AA9: 0 | AB9: 0 | AC9: 0 | AD9: 0 | AE9: 0 | AF9: รอส่ง รอลูกค้ามารับเอง | AG9: พร้อมส่ง | AH9: P8 | AI9: 4 | AJ9: รอส่ง | AK9: #VALUE! | AL9: #VALUE! | AM9: #VALUE! | AN9: #VALUE! | AO9: #VALUE! | AP9: #VALUE! | AQ9: #VALUE! | AR9: 0 | AS9: 0 | AT9: 0 | AU9: 0 | AV9: 0 | AW9: งานเคลือบ+พิมพ์ | AX9: / | AY9: 0 | AZ9: 0 | BA9: 0 | BB9: 0 | BC9: WRWT25800/WRWT25800 | BD9: 0
A10: ประมาณการ | B10: ประมาณการ | C10: บจก.ซัน ซีเมนต์ โพรเซส | D10: พระอาทิตย์(ปูนนอน-ชริงค์) | E10: 16 | F10: 25 | G10: ขาว | H10: ใส | I10: 50 | J10: ± | K10: 5 | L10: บิด | M10: 19 | N10: 28 | O10: 40 | P10: 65.624643 | Q10: 0 | R10: 65.624643 | S10: 500กระสอบ | T10: รอแจ้ง | U10: 5000 | V10: 0 | W10: 5000 | X10: 0 | Y10: 5250 | Z10: WSWT1625800SM | AA10: 3702.05 | AB10: 0 | AC10: 3702.05 | AD10: 0 | AE10: 3702.05 | AF10: 0 | AG10: พร้อมส่ง | AH10: P8 | AI10: 4 | AJ10: รอแจ้ง | AK10: #VALUE! | AL10: #VALUE! | AM10: #VALUE! | AN10: #VALUE! | AO10: #VALUE! | AP10: #VALUE! | AQ10: #VALUE! | AR10: 0 | AS10: 0 | AT10: 0 | AU10: 0 | AV10: 0 | AW10: งานเคลือบ+พิมพ์ | AX10: รอART | AY10: 0 | AZ10: 0 | BA10: 0 | BB10: 0 | BC10: WRWT25800/WRWT25800 | BD10: 210.60551
A11: 0 | B11: 0 | C11: 0 | E11: 16 | F11: 25 | G11: ขาว | H11: 0 | I11: 45 | J11: ± | K11: 5 | L11: 0 | M11: 0 | N11: 0 | O11: 0 | P11: 0 | Q11: 0 | R11: 0 | S11: 0 | U11: 0 | V11: 0 | W11: 0 | X11: 0 | Y11: 0 | Z11: WSWT1625800SM | AA11: 3702.05 | AB11: 0 | AC11: 3702.05 | AD11: 0 | AE11: 3702.05 | AF11: ระบุในSD | AG11: พร้อมส่ง | AH11: 0 | AI11: Lead time | AJ11: 0 | AK11: 0 | AL11: 0 | AM11: 0 | AN11: 0 | AO11: 0 | AP11: 0 | AQ11: 0 | AR11: 0 | AS11: 0 | AT11: 0 | AU11: 0 | AV11: 0 | AW11: 0 | AX11: 0 | AY11: 0 | AZ11: 0 | BA11: 0 | BB11: 0 | BC11: WRWT160800/WRWT25800 | BD11: 0
A12: 45873 | B12: MK68-000958 | C12: คุณสมยศ กิตตินราภรณ์ | D12: กุ้งปลา | E12: 18 | F12: 25 | G12: ขาว | H12: 0 | I12: 45 | J12: ± | K12: 5 | L12: ไม่ | M12: 19 | N12: 28 | O12: 40 | P12: 65.624643 | Q12: 0 | R12: 65.624643 | S12: 500กระสอบ | T12: 45883 | U12: 5000 | V12: 0 | W12: 5000 | X12: 0 | Y12: 5250 | Z12: WSWT1825800 | AA12: 3702.05 | AB12: 3702.05 | AC12: 0 | AD12: 0 | AE12: 0 | AF12: 0 | AG12: ยังไม่ได้พิมพ์ | AH12: P9 | AI12: 3 | AJ12: 45883 | AK12: 0 | AL12: 45873 | AM12: 45880 | AN12: 45881 | AO12: 45881 | AP12: 45878 | AQ12: 45882 | AR12: 0 | AS12: 0 | AT12: 0 | AU12: 0 | AV12: 0 | AW12: งานพิมพ์ | AX12: รอART | AY12: 0 | AZ12: 0 | BA12: 0 | BB12: 0 | BC12: WRWT25800/WRWT25800 | BD12: 0
A13: ประมาณการ | B13: ประมาณการ | C13: บจก.ฟาร์เธอร์ส วิง ซัพพลาย | D13: รถไฟ | E13: 18 | F13: 30 | G13: ขาว | H13: 0 | I13: 54 | J13: ± | K13: 5 | L13: บิด | M13: 19 | N13: 33 | O13: 40 | P13: 232.02999 | Q13: 0 | R13: 232.02999 | S13: 500กระสอบ | T13: รอแจ้ง | U13: 15000 | V13: 0 | W13: 15000 | X13: 0 | Y13: 15750 | Z13: WSWT1825800 | AA13: 13201.65 | AB13: 2599 | AC13: 10602.65 | AD13: 0 | AE13: 0 | AF13: 0 | AG13: พร้อมส่ง | AH13: P9 | AI13: 3 | AJ13: รอแจ้ง | AK13: 0 | AL13: #VALUE! | AM13: #VALUE! | AN13: #VALUE! | AO13: #VALUE! | AP13: #VALUE! | AQ13: #VALUE! | AR13: 0 | AS13: 0 | AT13: 0 | AU13: 0 | AV13: 0 | AW13: งานพิมพ์ | AX13: รอART | AY13: 0 | AZ13: 0 | BA13: 0 | BB13: 0 | BC13: WRWT25800/WRWT25800 | BD13: 729.46232
A14: 0 | B14: 0 | E14: 18 | F14: 30 | G14: ขาว | H14: 0 | I14: 54 | J14: ± | K14: 5 | L14: 0 | M14: 0 | N14: 0 | O14: 0 | P14: 0 | Q14: 0 | R14: 0 | S14: 0 | U14: 0 | V14: 0 | W14: 0 | X14: 0 | Y14: 0 | Z14: WSWT1825800 | AA14: 16903.7 | AB14: 6301.05 | AC14: 10602.65 | AD14: 0 | AE14: 0 | AF14: ระบุในSD | AG14: ยังไม่ได้พิมพ์ | AH14: 0 | AI14: Lead time | AJ14: 0 | AK14: 0 | AL14: 0 | AM14: 0 | AN14: 0 | AO14: 0 | AP14: 0 | AQ14: 0 | AR14: 0 | AS14: 0 | AT14: 0 | AU14: 0 | AV14: 0 | AW14: 0 | AX14: 0 | AY14: 0 | AZ14: 0 | BA14: 0 | BB14: 0 | BC14: WRWT25800/WRWT25800 | BD14: 0
A15: 45860 | B15: MK68-000917 | C15: บจก.ซิเบลโก้(บางเลน) | D15: PORTARYTE B15 | E15: 18 | F15: 30 | G15: ขาว | H15: ใส | I15: 74 | J15: ± | K15: 5 | L15: ไม่ | M15: ไม่สวมถุงใน | N15: 0 | O15: 0 | P15: 0 | Q15: 0 | R15: 0 | S15: 500กระสอบแบน | T15: 45883 | U15: 10000 | V15: 0 | W15: 10000 | X15: 0 | Y15: 10500 | Z15: WSWT1825800SM | AA15: 8801.1 | AB15: 8801.1 | AC15: 0 | AD15: 2648 | AE15: 6153.1 | AF15: 0 | AG15: ยังไม่ได้พิมพ์ | AH15: P6 | AI15: 4 | AJ15: 45883 | AK15: 45879 | AL15: 45872 | AM15: 45880 | AN15: 45881 | AO15: 45882 | AP15: 45878 | AQ15: 0 | AR15: 0 | AS15: 0 | AT15: 0 | AU15: 0 | AV15: 0 | AW15: งานเคลือบ+พิมพ์ | AX15: / | AY15: 0 | AZ15: 0 | BA15: 0 | BB15: 0 | BC15: WRWT25800/WRWT25800 | BD15: 0
A16: 0 | B16: 0 | C16: 0 | E16: 18 | F16: 25 | G16: ขาว | H16: 0 | I16: 50 | J16: ± | K16: 5 | L16: 0 | M16: 0 | N16: 0 | O16: 0 | P16: 0 | Q16: 0 | R16: 0 | S16: 0 | U16: 0 | V16: 0 | W16: 0 | X16: 0 | Y16: 0 | Z16: WSWT1825800SM | AA16: 8801.1 | AB16: 8801.1 | AC16: 0 | AD16: 2648 | AE16: 6153.1 | AF16: ระบุในSD | AG16: ยังไม่ได้พิมพ์ | AH16: 0 | AI16: Lead time | AJ16: 0 | AK16: 0 | AL16: 0 | AM16: 0 | AN16: 0 | AO16: 0 | AP16: 0 | AQ16: 0 | AR16: 0 | AS16: 0 | AT16: 0 | AU16: 0 | AV16: 0 | AW16: 0 | AX16: 0 | AY16: 0 | AZ16: 0 | BA16: 0 | BB16: 0 | BC16: WRWT180800/WRWT25800 | BD16: 0
A17: 45875 | B17: MK68-000973 | C17: บจก.เอ็มทีเอส | D17: มังกรเหลือง MTS | E17: 19 | F17: 30 | G17: ขาว | H17: 0 | I17: 60 | J17: ± | K17: 5 | L17: บิด | M17: ไม่สวมถุงใน | N17: 0 | O17: 0 | P17: 0 | Q17: 0 | R17: 0 | S17: 500กระสอบ | T17: 45884 | U17: 5000 | V17: 0 | W17: 5000 | X17: 0 | Y17: 5250 | Z17: WSWT1925800 | AA17: 4400.55 | AB17: 4400.55 | AC17: 0 | AD17: 0 | AE17: 0 | AF17: 0 | AG17: ยังไม่ได้พิมพ์ | AH17: P7 | AI17: 2 | AJ17: 45884 | AK17: 0 | AL17: 45875 | AM17: 45882 | AN17: 45883 | AO17: 45883 | AP17: 45879 | AQ17: 0 | AR17: 0 | AS17: 0 | AT17: 0 | AU17: 0 | AV17: 0 | AW17: งานพิมพ์ | AX17: / | AY17: 0 | AZ17: 0 | BA17: 0 | BB17: 0 | BC17: WRWT25800/WRWT25800 | BD17: 0
A18: 45875 | B18: MK68-000973 | C18: บจก.เอ็มทีเอส | D18: มังกรส้ม MTS | E18: 19 | F18: 30 | G18: ขาว | H18: 0 | I18: 60 | J18: ± | K18: 5 | L18: บิด | M18: ไม่สวมถุงใน | N18: 0 | O18: 0 | P18: 0 | Q18: 0 | R18: 0 | S18: 500กระสอบ | T18: 45884 | U18: 5000 | V18: 0 | W18: 5000 | X18: 0 | Y18: 5250 | Z18: WSWT1925800 | AA18: 4400.55 | AB18: 4400.55 | AC18: 0 | AD18: 0 | AE18: 0 | AF18: 0 | AG18: ยังไม่ได้พิมพ์ | AH18: P7 | AI18: 2 | AJ18: 45884 | AK18: 0 | AL18: 45875 | AM18: 45882 | AN18: 45883 | AO18: 45883 | AP18: 45879 | AQ18: 0 | AR18: 0 | AS18: 0 | AT18: 0 | AU18: 0 | AV18: 0 | AW18: งานพิมพ์ | AX18: / | AY18: 0 | AZ18: 0 | BA18: 0 | BB18: 0 | BC18: WRWT25800/WRWT25800 | BD18: 0
A19: 45875 | B19: MK68-000974 | C19: บจก.เอ็กเซลเล้นท์ | D19: นกทอง | E19: 19 | F19: 30 | G19: ขาว | H19: 0 | I19: 60 | J19: ± | K19: 5 | L19: บิด | M19: ไม่สวมถุงใน | N19: 0 | O19: 0 | P19: 0 | Q19: 0 | R19: 0 | S19: 500กระสอบ | T19: 45885 | U19: 20000 | V19: 0 | W19: 20000 | X19: 0 | Y19: 21000 | Z19: WSWT1925800 | AA19: 17602.2 | AB19: 17602.2 | AC19: 0 | AD19: 0 | AE19: 0 | AF19: 0 | AG19: ยังไม่ได้พิมพ์ | AH19: P7 | AI19: 2 | AJ19: 45885 | AK19: 0 | AL19: 45876 | AM19: 45883 | AN19: 45884 | AO19: 45884 | AP19: 45880 | AQ19: 0 | AR19: 0 | AS19: 0 | AT19: 0 | AU19: 0 | AV19: 0 | AW19: งานพิมพ์ | AX19: / | AY19: 0 | AZ19: 0 | BA19: 0 | BB19: 0 | BC19: WRWT25800/WRWT25800 | BD19: 0
A20: 45875 | B20: MK68-000974 | C20: บจก.เอ็กเซลเล้นท์ | D20: แชมป์เปี้ยนเหลือง | E20: 19 | F20: 30 | G20: ขาว | H20: 0 | I20: 60 | J20: ± | K20: 5 | L20: บิด | M20: ไม่สวมถุงใน | N20: 0 | O20: 0 | P20: 0 | Q20: 0 | R20: 0 | S20: 500กระสอบ | T20: 45885 | U20: 5000 | V20: 0 | W20: 5000 | X20: 0 | Y20: 5250 | Z20: WSWT1925800 | AA20: 4400.55 | AB20: 4400.55 | AC20: 0 | AD20: 0 | AE20: 0 | AF20: 0 | AG20: ยังไม่ได้พิมพ์ | AH20: P7 | AI20: 2 | AJ20: 45885 | AK20: 0 | AL20: 45876 | AM20: 45883 | AN20: 45884 | AO20: 45884 | AP20: 45880 | AQ20: 0 | AR20: 0 | AS20: 0 | AT20: 0 | AU20: 0 | AV20: 0 | AW20: งานพิมพ์ | AX20: / | AY20: 0 | AZ20: 0 | BA20: 0 | BB20: 0 | BC20: WRWT25800/WRWT25800 | BD20: 0
A21: 45870 | B21: MK68-000951 | C21: บจก.ซีแมน | D21: W30 | E21: 19 | F21: 28 | G21: ขาว | H21: 0 | I21: 56 | J21: ± | K21: 5 | L21: ไม่ | M21: 20 | N21: 30 | O21: 90 | P21: 1332.2296 | Q21: 0 | R21: 1332.2296 | S21: มัด100 | T21: 45889 | U21: 40000 | V21: 0 | W21: 40000 | X21: 0 | Y21: 42000 | Z21: WSWT1925800 | AA21: 32969.2 | AB21: 32969.2 | AC21: 0 | AD21: 0 | AE21: 0 | AF21: 0 | AG21: รอแบบ | AH21: P9 | AI21: 3 | AJ21: 45889 | AK21: 0 | AL21: 45879 | AM21: 45886 | AN21: 45887 | AO21: 45887 | AP21: 45884 | AQ21: 45888 | AR21: 0 | AS21: 0 | AT21: 0 | AU21: 0 | AV21: 0 | AW21: งานพิมพ์ | AX21: / | AY21: 0 | AZ21: 0 | BA21: 0 | BB21: 0 | BC21: WRWT25800/WRWT25800 | BD21: 0
A22: ประมาณการ | B22: ประมาณการ | C22: บจก.เพรซิเดนท์ฟลาวมิลล์ | D22: ผึ้งเหลือง | E22: 19 | F22: 30 | G22: ขาว | H22: 0 | I22: 60 | J22: ± | K22: 5 | L22: บิด | M22: ไม่สวมถุงใน | N22: 0 | O22: 0 | P22: 0 | Q22: 0 | R22: 0 | S22: 500กระสอบ | T22: 45894 | U22: 100000 | V22: 0 | W22: 100000 | X22: 0 | Y22: 105000 | Z22: WSWT1925800 | AA22: 88011 | AB22: 26190 | AC22: 61821 | AD22: 0 | AE22: 0 | AF22: 0 | AG22: ยังไม่ได้พิมพ์ | AH22: P7 | AI22: 2 | AJ22: 45894 | AK22: 0 | AL22: 45885 | AM22: 45892 | AN22: 45893 | AO22: 45893 | AP22: 45889 | AQ22: 0 | AR22: 0 | AS22: 0 | AT22: 0 | AU22: 0 | AV22: 0 | AW22: งานพิมพ์ | AX22: รอART | AY22: 0 | AZ22: 0 | BA22: 0 | BB22: 0 | BC22: WRWT25800/WRWT25800 | BD22: 4489.5784
A23: ประมาณการ | B23: ประมาณการ | C23: บจก.เพรซิเดนท์ฟลาวมิลล์ | D23: ผึ้งชมพู | E23: 19 | F23: 30 | G23: ขาว | H23: 0 | I23: 60 | J23: ± | K23: 5 | L23: บิด | M23: ไม่สวมถุงใน | N23: 0 | O23: 0 | P23: 0 | Q23: 0 | R23: 0 | S23: 500กระสอบ | T23: 45894 | U23: 40000 | V23: 0 | W23: 40000 | X23: 0 | Y23: 42000 | Z23: WSWT1925800 | AA23: 35204.4 | AB23: 0 | AC23: 35204.4 | AD23: 0 | AE23: 0 | AF23: 0 | AG23: พร้อมส่ง | AH23: P7 | AI23: 2 | AJ23: 45894 | AK23: 0 | AL23: 45885 | AM23: 45892 | AN23: 45893 | AO23: 45893 | AP23: 45889 | AQ23: 0 | AR23: 0 | AS23: 0 | AT23: 0 | AU23: 0 | AV23: 0 | AW23: งานพิมพ์ | AX23: รอART | AY23: 0 | AZ23: 0 | BA23: 0 | BB23: 0 | BC23: WRWT25800/WRWT25800 | BD23: 2556.6218
A24: ประมาณการ | B24: ประมาณการ | C24: บจก.เอ็กเซลเล้นท์ | D24: รอแบบ | E24: 19 | F24: 30 | G24: ขาว | H24: 0 | I24: 60 | J24: ± | K24: 5 | L24: บิด | M24: ไม่สวมถุงใน | N24: 0 | O24: 0 | P24: 0 | Q24: 0 | R24: 0 | S24: 500กระสอบ | T24: 45925 | U24: 25000 | V24: 0 | W24: 25000 | X24: 0 | Y24: 26250 | Z24: WSWT1925800 | AA24: 22002.75 | AB24: 0 | AC24: 22002.75 | AD24: 0 | AE24: 0 | AF24: 0 | AG24: พร้อมส่ง | AH24: P7 | AI24: 2 | AJ24: 45925 | AK24: 0 | AL24: 45916 | AM24: 45923 | AN24: 45924 | AO24: 45924 | AP24: 45920 | AQ24: 0 | AR24: 0 | AS24: 0 | AT24: 0 | AU24: 0 | AV24: 0 | AW24: งานพิมพ์ | AX24: รอART | AY24: 0 | AZ24: 0 | BA24: 0 | BB24: 0 | BC24: WRWT25800/WRWT25800 | BD24: 1597.8886
A25: ประมาณการ | B25: ประมาณการ | C25: บจก.ไลม์มาสเตอร์ | D25: LMC 25 kg | E25: 19 | F25: 32 | G25: ขาว | H25: 0 | I25: 64 | J25: ± | K25: 5 | L25: ไม่ | M25: 20 | N25: 35 | O25: 40 | P25: 341.36903 | Q25: 0 | R25: 341.36903 | S25: 500กระสอบแบน | T25: 45925 | U25: 20000 | V25: 233 | W25: 19767 | X25: 0 | Y25: 20755.35 | Z25: WSWT1925800 | AA25: 18501.714 | AB25: 0 | AC25: 18501.714 | AD25: 0 | AE25: 0 | AF25: 0 | AG25: พร้อมส่ง | AH25: P9 | AI25: 3 | AJ25: 45925 | AK25: 0 | AL25: 45915 | AM25: 45922 | AN25: 45923 | AO25: 45923 | AP25: 45920 | AQ25: 45924 | AR25: 0 | AS25: 0 | AT25: 0 | AU25: 0 | AV25: 0 | AW25: งานพิมพ์ | AX25: รอART | AY25: 0 | AZ25: 0 | BA25: 0 | BB25: 0 | BC25: WRWT25800/WRWT25800 | BD25: 1343.6356
A26: 0 | B26: 0 | C26: 0 | D26: 0 | E26: 19 | F26: 30 | G26: ขาว | H26: 0 | I26: 60 | J26: ± | K26: 5 | L26: 0 | M26: 0 | N26: 0 | O26: 0 | P26: 0 | Q26: 0 | R26: 0 | S26: 0 | U26: 0 | V26: 0 | W26: 0 | X26: 0 | Y26: 0 | Z26: WSWT1925800 | AA26: 227492.91 | AB26: 89963.05 | AC26: 137529.86 | AD26: 0 | AE26: 0 | AF26: ระบุในSD | AG26: รอตัด | AH26: 0 | AI26: Lead time | AJ26: 0 | AK26: 0 | AL26: 0 | AM26: 0 | AN26: 0 | AO26: 0 | AP26: 0 | AQ26: 0 | AR26: 0 | AS26: 0 | AT26: 0 | AU26: 0 | AV26: 0 | AW26: 0 | AX26: 0 | AY26: 0 | AZ26: 0 | BA26: 0 | BB26: 0 | BC26: WRWT25800/WRWT25800 | BD26: 0
A27: 45857 | B27: MK68-000909 | C27: บจก.เคอรี่ฟลาวมิลล์ | D27: BS | E27: 19 | F27: 32 | G27: ขาว | H27: 0 | I27: 67 | J27: + | K27: 5 | L27: บิด | M27: ไม่สวมถุงใน | N27: 0 | O27: 0 | P27: 0 | Q27: 0 | R27: 0 | S27: ห่ออัดเบลแบน500 | T27: 45878 | U27: 5000 | V27: 4923 | W27: 77 | X27: 5250 | Y27: 0 | Z27: WSWT1921720 | AA27: 0 | AB27: 0 | AC27: 0 | AD27: 0 | AE27: 0 | AF27: PDR250243 | AG27: พร้อมส่ง | AH27: P7 | AI27: 2 | AJ27: 45878 | AK27: 0 | AL27: 45869 | AM27: 45876 | AN27: 45877 | AO27: 45877 | AP27: 45873 | AQ27: 0 | AR27: 0 | AS27: 0 | AT27: 0 | AU27: 0 | AV27: 0 | AW27: งานพิมพ์ | AX27: 0 | AY27: 0 | AZ27: 0 | BA27: 0 | BB27: 0 | BC27: WRWT21720/WRWT25800 | BD27: 0
A28: 45854 | B28: MK68-000890 | C28: บจก.เคอรี่ฟลาวมิลล์ | D28: ถุงเขียว | E28: 19 | F28: 32 | G28: ขาว | H28: 0 | I28: 67 | J28: + | K28: 5 | L28: บิด | M28: ไม่สวมถุงใน | N28: 0 | O28: 0 | P28: 0 | Q28: 0 | R28: 0 | S28: ห่ออัดเบลแบน500 | T28: 45878 | U28: 10000 | V28: 10000 | W28: 0 | X28: 10300 | Y28: 0 | Z28: WSWT1921720 | AA28: 0 | AB28: 0 | AC28: 0 | AD28: 0 | AE28: 0 | AF28: PDR250233 | AG28: พร้อมส่ง | AH28: P7 | AI28: 2 | AJ28: 45878 | AK28: 0 | AL28: 45869 | AM28: 45876 | AN28: 45877 | AO28: 45877 | AP28: 45873 | AQ28: 0 | AR28: 0 | AS28: 0 | AT28: 0 | AU28: 0 | AV28: 0 | AW28: งานพิมพ์ | AX28: / | AY28: 0 | AZ28: 0 | BA28: 0 | BB28: 0 | BC28: WRWT21720/WRWT25800 | BD28: 0
A29: 45857 | B29: MK68-000909 | C29: บจก.เคอรี่ฟลาวมิลล์ | D29: บะหมี่เตี๊ยว | E29: 19 | F29: 32 | G29: ขาว | H29: 0 | I29: 67 | J29: + | K29: 5 | L29: บิด | M29: ไม่สวมถุงใน | N29: 0 | O29: 0 | P29: 0 | Q29: 0 | R29: 0 | S29: ห่ออัดเบลแบน500 | T29: 45878 | U29: 5000 | V29: 0 | W29: 5000 | X29: 5400 | Y29: 0 | Z29: WSWT1921720 | AA29: 0 | AB29: 0 | AC29: 0 | AD29: 0 | AE29: 0 | AF29: PDR250238 | AG29: ผ้าขาว | AH29: P7 | AI29: 2 | AJ29: 45878 | AK29: 0 | AL29: 45869 | AM29: 45876 | AN29: 45877 | AO29: 45877 | AP29: 45873 | AQ29: 0 | AR29: 0 | AS29: 0 | AT29: 0 | AU29: 0 | AV29: 0 | AW29: งานพิมพ์ | AX29: / | AY29: 0 | AZ29: 0 | BA29: 0 | BB29: 0 | BC29: WRWT21720/WRWT25800 | BD29: 0
A30: 45857 | B30: MK68-000909 | C30: บจก.เคอรี่ฟลาวมิลล์ | D30: ถุงทองแซนวิช | E30: 19 | F30: 32 | G30: ขาว | H30: 0 | I30: 67 | J30: + | K30: 5 | L30: บิด | M30: ไม่สวมถุงใน | N30: 0 | O30: 0 | P30: 0 | Q30: 0 | R30: 0 | S30: ห่ออัดเบลแบน500 | T30: 45878 | U30: 10000 | V30: 10000 | W30: 0 | X30: 10500 | Y30: 0 | Z30: WSWT1921720 | AA30: 0 | AB30: 0 | AC30: 0 | AD30: 0 | AE30: 0 | AF30: PDR250238 | AG30: รอตัด | AH30: P7 | AI30: 2 | AJ30: 45878 | AK30: 0 | AL30: 45869 | AM30: 45876 | AN30: 45877 | AO30: 45877 | AP30: 45873 | AQ30: 0 | AR30: 0 | AS30: 0 | AT30: 0 | AU30: 0 | AV30: 0 | AW30: งานพิมพ์ | AX30: / | AY30: 0 | AZ30: 0 | BA30: 0 | BB30: 0 | BC30: WRWT21720/WRWT25800 | BD30: 0
A31: 45857 | B31: MK68-000910 | C31: บจก.เคอรี่ฟลาวมิลล์ | D31: เคเอ็ม | E31: 19 | F31: 32 | G31: ขาว | H31: 0 | I31: 67 | J31: + | K31: 5 | L31: บิด | M31: ไม่สวมถุงใน | N31: 0 | O31: 0 | P31: 0 | Q31: 0 | R31: 0 | S31: ห่ออัดเบลแบน500 | T31: 45878 | U31: 5000 | V31: 5000 | W31: 0 | X31: 5400 | Y31: 0 | Z31: WSWT1921720 | AA31: 0 | AB31: 0 | AC31: 0 | AD31: 0 | AE31: 0 | AF31: PDR250241 | AG31: พร้อมส่ง | AH31: P7 | AI31: 2 | AJ31: 45878 | AK31: 0 | AL31: 45869 | AM31: 45876 | AN31: 45877 | AO31: 45877 | AP31: 45873 | AQ31: 0 | AR31: 0 | AS31: 0 | AT31: 0 | AU31: 0 | AV31: 0 | AW31: งานพิมพ์ | AX31: / | AY31: 0 | AZ31: 0 | BA31: 0 | BB31: 0 | BC31: WRWT21720/WRWT25800 | BD31: 0
A32: 45857 | B32: MK68-000911 | C32: บจก.เคอรี่ฟลาวมิลล์ | D32: ไม่พิมพ์ | E32: 19 | F32: 36 | G32: ขาว | H32: 0 | I32: 75 | J32: + | K32: 5 | L32: ไม่ | M32: ไม่สวมถุงใน | N32: 0 | O32: 0 | P32: 0 | Q32: 0 | R32: 0 | S32: ห่ออัดเบลแบน500 | T32: 45883 | U32: 10000 | V32: 10000 | W32: 0 | X32: 0 | Y32: 0 | Z32: WSWT1921720 | AA32: 0 | AB32: 0 | AC32: 0 | AD32: 0 | AE32: 0 | AF32: PDR250239 | AG32: พร้อมส่ง | AH32: P3 | AI32: 1 | AJ32: 45883 | AK32: 0 | AL32: 0 | AM32: 0 | AN32: 0 | AO32: 45882 | AP32: 45878 | AQ32: 0 | AR32: 0 | AS32: 0 | AT32: 0 | AU32: 0 | AV32: 0 | AW32: ตัด | AX32: 0 | AY32: 0 | AZ32: 0 | BA32: 0 | BB32: 0 | BC32: WRWT21720/WRWT25800 | BD32: 0
A33: 45857 | B33: MK68-000910 | C33: บจก.เคอรี่ฟลาวมิลล์ | D33: ดอกไม้ม่วง | E33: 19 | F33: 32 | G33: ขาว | H33: 0 | I33: 67 | J33: + | K33: 5 | L33: บิด | M33: ไม่สวมถุงใน | N33: 0 | O33: 0 | P33: 0 | Q33: 0 | R33: 0 | S33: ห่ออัดเบลแบน500 | T33: 45883 | U33: 5000 | V33: 0 | W33: 5000 | X33: 5400 | Y33: 0 | Z33: WSWT1921720 | AA33: 0 | AB33: 0 | AC33: 0 | AD33: 0 | AE33: 0 | AF33: PDR250239 | AG33: ยังไม่ได้พิมพ์ | AH33: P7 | AI33: 2 | AJ33: 45883 | AK33: 0 | AL33: 45874 | AM33: 45881 | AN33: 45882 | AO33: 45882 | AP33: 45878 | AQ33: 0 | AR33: 0 | AS33: 0 | AT33: 0 | AU33: 0 | AV33: 0 | AW33: งานพิมพ์ | AX33: / | AY33: 0 | AZ33: 0 | BA33: 0 | BB33: 0 | BC33: WRWT21720/WRWT25800 | BD33: 0
A34: 45857 | B34: MK68-000910 | C34: บจก.เคอรี่ฟลาวมิลล์ | D34: ดอกไม้แดง | E34: 19 | F34: 32 | G34: ขาว | H34: 0 | I34: 67 | J34: + | K34: 5 | L34: บิด | M34: ไม่สวมถุงใน | N34: 0 | O34: 0 | P34: 0 | Q34: 0 | R34: 0 | S34: ห่ออัดเบลแบน500 | T34: 45883 | U34: 5000 | V34: 5000 | W34: 0 | X34: 5199 | Y34: 0 | Z34: WSWT1921720 | AA34: 0 | AB34: 0 | AC34: 0 | AD34: 0 | AE34: 0 | AF34: PDR250239 | AG34: รอตัด | AH34: P7 | AI34: 2 | AJ34: 45883 | AK34: 0 | AL34: 45874 | AM34: 45881 | AN34: 45882 | AO34: 45882 | AP34: 45878 | AQ34: 0 | AR34: 0 | AS34: 0 | AT34: 0 | AU34: 0 | AV34: 0 | AW34: งานพิมพ์ | AX34: / | AY34: 0 | AZ34: 0 | BA34: 0 | BB34: 0 | BC34: WRWT21720/WRWT25800 | BD34: 0
A35: 45857 | B35: MK68-000910 | C35: บจก.เคอรี่ฟลาวมิลล์ | D35: KFM | E35: 19 | F35: 32 | G35: ขาว | H35: 0 | I35: 67 | J35: + | K35: 5 | L35: ไม่ | M35: ไม่สวมถุงใน | N35: 0 | O35: 0 | P35: 0 | Q35: 0 | R35: 0 | S35: ห่ออัดเบลแบน500 | T35: 45883 | U35: 5000 | V35: 5000 | W35: 0 | X35: 5300 | Y35: 0 | Z35: WSWT1921720 | AA35: 0 | AB35: 0 | AC35: 0 | AD35: 0 | AE35: 0 | AF35: PDR250239 | AG35: พร้อมส่ง | AH35: P7 | AI35: 2 | AJ35: 45883 | AK35: 0 | AL35: 45874 | AM35: 45881 | AN35: 45882 | AO35: 45882 | AP35: 45878 | AQ35: 0 | AR35: 0 | AS35: 0 | AT35: 0 | AU35: 0 | AV35: 0 | AW35: งานพิมพ์ | AX35: / | AY35: 0 | AZ35: 0 | BA35: 0 | BB35: 0 | BC35: WRWT21720/WRWT25800 | BD35: 0
A36: 45877 | B36: MK68-000988 | C36: บจก.เคอรี่ฟลาวมิลล์ | D36: FW-Y | E36: 19 | F36: 32 | G36: ขาว | H36: 0 | I36: 67 | J36: + | K36: 5 | L36: ไม่ | M36: ไม่สวมถุงใน | N36: 0 | O36: 0 | P36: 0 | Q36: 0 | R36: 0 | S36: ห่ออัดเบลแบน501 | T36: 45883 | U36: 10000 | V36: 0 | W36: 10000 | X36: 0 | Y36: 10500 | Z36: WSWT1921720 | AA36: 9359.9 | AB36: 9359.9 | AC36: 0 | AD36: 0 | AE36: 0 | AF36: 0 | AG36: พร้อมส่ง | AH36: P7 | AI36: 2 | AJ36: 45883 | AK36: 0 | AL36: 45874 | AM36: 45881 | AN36: 45882 | AO36: 45882 | AP36: 45878 | AQ36: 0 | AR36: 0 | AS36: 0 | AT36: 0 | AU36: 0 | AV36: 0 | AW36: งานพิมพ์ | AX36: 0 | AY36: 0 | AZ36: 0 | BA36: 0 | BB36: 0 | BC36: WRWT21720/WRWT25800 | BD36: 0
A37: 45857 | B37: MK68-000910 | C37: บจก.เคอรี่ฟลาวมิลล์ | D37: ถุงทองแซนวิช | E37: 19 | F37: 32 | G37: ขาว | H37: 0 | I37: 67 | J37: + | K37: 5 | L37: บิด | M37: ไม่สวมถุงใน | N37: 0 | O37: 0 | P37: 0 | Q37: 0 | R37: 0 | S37: ห่ออัดเบลแบน500 | T37: 45885 | U37: 10000 | V37: 0 | W37: 10000 | X37: 10300 | Y37: 0 | Z37: WSWT1921720 | AA37: 0 | AB37: 0 | AC37: 0 | AD37: 0 | AE37: 0 | AF37: PDR250240 | AG37: พร้อมส่ง | AH37: P7 | AI37: 2 | AJ37: 45885 | AK37: 0 | AL37: 45876 | AM37: 45883 | AN37: 45884 | AO37: 45884 | AP37: 45880 | AQ37: 0 | AR37: 0 | AS37: 0 | AT37: 0 | AU37: 0 | AV37: 0 | AW37: งานพิมพ์ | AX37: / | AY37: 0 | AZ37: 0 | BA37: 0 | BB37: 0 | BC37: WRWT21720/WRWT25800 | BD37: 0
A38: 45857 | B38: MK68-000910 | C38: บจก.เคอรี่ฟลาวมิลล์ | D38: ถุงเงิน | E38: 19 | F38: 32 | G38: ขาว | H38: 0 | I38: 67 | J38: + | K38: 5 | L38: บิด | M38: ไม่สวมถุงใน | N38: 0 | O38: 0 | P38: 0 | Q38: 0 | R38: 0 | S38: ห่ออัดเบลแบน500 | T38: 45885 | U38: 5000 | V38: 5000 | W38: 0 | X38: 5250 | Y38: 0 | Z38: WSWT1921720 | AA38: 0 | AB38: 0 | AC38: 0 | AD38: 0 | AE38: 0 | AF38: PDR250240 | AG38: ยังไม่ได้พิมพ์ | AH38: P7 | AI38: 2 | AJ38: 45885 | AK38: 0 | AL38: 45876 | AM38: 45883 | AN38: 45884 | AO38: 45884 | AP38: 45880 | AQ38: 0 | AR38: 0 | AS38: 0 | AT38: 0 | AU38: 0 | AV38: 0 | AW38: งานพิมพ์ | AX38: / | AY38: 0 | AZ38: 0 | BA38: 0 | BB38: 0 | BC38: WRWT21720/WRWT25800 | BD38: 0
A39: 45857 | B39: MK68-000910 | C39: บจก.เคอรี่ฟลาวมิลล์ | D39: ปลาโลมาแดง | E39: 19 | F39: 32 | G39: ขาว | H39: 0 | I39: 67 | J39: + | K39: 5 | L39: บิด | M39: ไม่สวมถุงใน | N39: 0 | O39: 0 | P39: 0 | Q39: 0 | R39: 0 | S39: ห่ออัดเบลแบน500 | T39: 45885 | U39: 5000 | V39: 5000 | W39: 0 | X39: 5200 | Y39: 0 | Z39: WSWT1921720 | AA39: 0 | AB39: 0 | AC39: 0 | AD39: 0 | AE39: 0 | AF39: PDR250240 | AG39: ยังไม่ได้พิมพ์ | AH39: P7 | AI39: 2 | AJ39: 45885 | AK39: 0 | AL39: 45876 | AM39: 45883 | AN39: 45884 | AO39: 45884 | AP39: 45880 | AQ39: 0 | AR39: 0 | AS39: 0 | AT39: 0 | AU39: 0 | AV39: 0 | AW39: งานพิมพ์ | AX39: / | AY39: 0 | AZ39: 0 | BA39: 0 | BB39: 0 | BC39: WRWT21720/WRWT25800 | BD39: 0
A40: 45857 | B40: MK68-000910 | C40: บจก.เคอรี่ฟลาวมิลล์ | D40: FW-Y | E40: 19 | F40: 32 | G40: ขาว | H40: 0 | I40: 67 | J40: + | K40: 5 | L40: ไม่ | M40: ไม่สวมถุงใน | N40: 0 | O40: 0 | P40: 0 | Q40: 0 | R40: 0 | S40: ห่ออัดเบลแบน500 | T40: 45885 | U40: 5000 | V40: 5000 | W40: 0 | X40: 5200 | Y40: 0 | Z40: WSWT1921720 | AA40: 0 | AB40: 0 | AC40: 0 | AD40: 0 | AE40: 0 | AF40: PDR250240 | AG40: ยังไม่ได้พิมพ์ | AH40: P7 | AI40: 2 | AJ40: 45885 | AK40: 0 | AL40: 45876 | AM40: 45883 | AN40: 45884 | AO40: 45884 | AP40: 45880 | AQ40: 0 | AR40: 0 | AS40: 0 | AT40: 0 | AU40: 0 | AV40: 0 | AW40: งานพิมพ์ | AX40: / | AY40: 0 | AZ40: 0 | BA40: 0 | BB40: 0 | BC40: WRWT21720/WRWT25800 | BD40: 0
A41: 45877 | B41: MK68-000989 | C41: บจก.เคอรี่ฟลาวมิลล์ | D41: เคเอ็ม | E41: 19 | F41: 32 | G41: ขาว | H41: 0 | I41: 67 | J41: + | K41: 5 | L41: ไม่ | M41: ไม่สวมถุงใน | N41: 0 | O41: 0 | P41: 0 | Q41: 0 | R41: 0 | S41: ห่ออัดเบลแบน501 | T41: 45888 | U41: 5000 | V41: 0 | W41: 5000 | X41: 0 | Y41: 5250 | Z41: WSWT1921720 | AA41: 4679.95 | AB41: 4679.95 | AC41: 0 | AD41: 0 | AE41: 0 | AF41: 0 | AG41: รอตัด | AH41: P7 | AI41: 2 | AJ41: 45888 | AK41: 0 | AL41: 45879 | AM41: 45886 | AN41: 45887 | AO41: 45887 | AP41: 45883 | AQ41: 0 | AR41: 0 | AS41: 0 | AT41: 0 | AU41: 0 | AV41: 0 | AW41: งานพิมพ์ | AX41: 0 | AY41: 0 | AZ41: 0 | BA41: 0 | BB41: 0 | BC41: WRWT21720/WRWT25800 | BD41: 0
A42: 45857 | B42: MK68-000910 | C42: บจก.เคอรี่ฟลาวมิลล์ | D42: แต้มแดง | E42: 19 | F42: 32 | G42: ขาว | H42: 0 | I42: 67 | J42: + | K42: 5 | L42: บิด | M42: ไม่สวมถุงใน | N42: 0 | O42: 0 | P42: 0 | Q42: 0 | R42: 0 | S42: ห่ออัดเบลแบน500 | T42: 45888 | U42: 5000 | V42: 0 | W42: 5000 | X42: 0 | Y42: 5250 | Z42: WSWT1921720 | AA42: 4679.95 | AB42: 4679.95 | AC42: 0 | AD42: 0 | AE42: 0 | AF42: PDR250241 | AG42: ยังไม่ได้พิมพ์ | AH42: P7 | AI42: 2 | AJ42: 45888 | AK42: 0 | AL42: 45879 | AM42: 45886 | AN42: 45887 | AO42: 45887 | AP42: 45883 | AQ42: 0 | AR42: 0 | AS42: 0 | AT42: 0 | AU42: 0 | AV42: 0 | AW42: งานพิมพ์ | AX42: / | AY42: 0 | AZ42: 0 | BA42: 0 | BB42: 0 | BC42: WRWT21720/WRWT25800 | BD42: 0
A43: 45857 | B43: MK68-000910 | C43: บจก.เคอรี่ฟลาวมิลล์ | D43: ดอกไม้เขียว | E43: 19 | F43: 32 | G43: ขาว | H43: 0 | I43: 67 | J43: + | K43: 5 | L43: บิด | M43: ไม่สวมถุงใน | N43: 0 | O43: 0 | P43: 0 | Q43: 0 | R43: 0 | S43: ห่ออัดเบลแบน500 | T43: 45888 | U43: 5000 | V43: 0 | W43: 5000 | X43: 0 | Y43: 5250 | Z43: WSWT1921720 | AA43: 4679.95 | AB43: 4679.95 | AC43: 0 | AD43: 0 | AE43: 0 | AF43: PDR250241 | AG43: ยังไม่ได้พิมพ์ | AH43: P7 | AI43: 2 | AJ43: 45888 | AK43: 0 | AL43: 45879 | AM43: 45886 | AN43: 45887 | AO43: 45887 | AP43: 45883 | AQ43: 0 | AR43: 0 | AS43: 0 | AT43: 0 | AU43: 0 | AV43: 0 | AW43: งานพิมพ์ | AX43: / | AY43: 0 | AZ43: 0 | BA43: 0 | BB43: 0 | BC43: WRWT21720/WRWT25800 | BD43: 0
A44: 45857 | B44: MK68-000910 | C44: บจก.เคอรี่ฟลาวมิลล์ | D44: ถุงเขียว | E44: 19 | F44: 32 | G44: ขาว | H44: 0 | I44: 67 | J44: + | K44: 5 | L44: บิด | M44: ไม่สวมถุงใน | N44: 0 | O44: 0 | P44: 0 | Q44: 0 | R44: 0 | S44: ห่ออัดเบลแบน500 | T44: 45888 | U44: 10000 | V44: 5000 | W44: 5000 | X44: 11100 | Y44: 0 | Z44: WSWT1921720 | AA44: 0 | AB44: 0 | AC44: 0 | AD44: 0 | AE44: 0 | AF44: PDR250241 | AG44: ยังไม่ได้พิมพ์ | AH44: P7 | AI44: 2 | AJ44: 45888 | AK44: 0 | AL44: 45879 | AM44: 45886 | AN44: 45887 | AO44: 45887 | AP44: 45883 | AQ44: 0 | AR44: 0 | AS44: 0 | AT44: 0 | AU44: 0 | AV44: 0 | AW44: งานพิมพ์ | AX44: / | AY44: 0 | AZ44: 0 | BA44: 0 | BB44: 0 | BC44: WRWT21720/WRWT25800 | BD44: 0
A45: 45869 | B45: MK68-000944 | C45: บจก.เคอรี่ฟลาวมิลล์ | D45: บะหมี่เตี๊ยว | E45: 19 | F45: 32 | G45: ขาว | H45: 0 | I45: 67 | J45: + | K45: 5 | L45: บิด | M45: ไม่สวมถุงใน | N45: 0 | O45: 0 | P45: 0 | Q45: 0 | R45: 0 | S45: ห่ออัดเบลแบน500 | T45: 45890 | U45: 5000 | V45: 0 | W45: 5000 | X45: 0 | Y45: 5250 | Z45: WSWT1921720 | AA45: 4679.95 | AB45: 4679.95 | AC45: 0 | AD45: 0 | AE45: 0 | AF45: PDR250250 | AG45: ยังไม่ได้พิมพ์ | AH45: P7 | AI45: 2 | AJ45: 45890 | AK45: 0 | AL45: 45881 | AM45: 45888 | AN45: 45889 | AO45: 45889 | AP45: 45885 | AQ45: 0 | AR45: 0 | AS45: 0 | AT45: 0 | AU45: 0 | AV45: 0 | AW45: งานพิมพ์ | AX45: / | AY45: 0 | AZ45: 0 | BA45: 0 | BB45: 0 | BC45: WRWT21720/WRWT25800 | BD45: 0
A46: 45869 | B46: MK68-000944 | C46: บจก.เคอรี่ฟลาวมิลล์ | D46: ดอกไม้แดง | E46: 19 | F46: 32 | G46: ขาว | H46: 0 | I46: 67 | J46: + | K46: 5 | L46: บิด | M46: ไม่สวมถุงใน | N46: 0 | O46: 0 | P46: 0 | Q46: 0 | R46: 0 | S46: ห่ออัดเบลแบน500 | T46: 45890 | U46: 5000 | V46: 0 | W46: 5000 | X46: 0 | Y46: 5250 | Z46: WSWT1921720 | AA46: 4679.95 | AB46: 4679.95 | AC46: 0 | AD46: 0 | AE46: 0 | AF46: PDR250250 | AG46: ผ้าขาว | AH46: P7 | AI46: 2 | AJ46: 45890 | AK46: 0 | AL46: 45881 | AM46: 45888 | AN46: 45889 | AO46: 45889 | AP46: 45885 | AQ46: 0 | AR46: 0 | AS46: 0 | AT46: 0 | AU46: 0 | AV46: 0 | AW46: งานพิมพ์ | AX46: / | AY46: 0 | AZ46: 0 | BA46: 0 | BB46: 0 | BC46: WRWT21720/WRWT25800 | BD46: 0
A47: 45869 | B47: MK68-000944 | C47: บจก.เคอรี่ฟลาวมิลล์ | D47: โบว์น้ำเงิน | E47: 19 | F47: 32 | G47: ขาว | H47: 0 | I47: 67 | J47: + | K47: 5 | L47: บิด | M47: ไม่สวมถุงใน | N47: 0 | O47: 0 | P47: 0 | Q47: 0 | R47: 0 | S47: ห่ออัดเบลแบน500 | T47: 45890 | U47: 5000 | V47: 0 | W47: 5000 | X47: 0 | Y47: 5250 | Z47: WSWT1921720 | AA47: 4679.95 | AB47: 4679.95 | AC47: 0 | AD47: 0 | AE47: 0 | AF47: PDR250250 | AG47: ยังไม่ได้พิมพ์ | AH47: P7 | AI47: 2 | AJ47: 45890 | AK47: 0 | AL47: 45881 | AM47: 45888 | AN47: 45889 | AO47: 45889 | AP47: 45885 | AQ47: 0 | AR47: 0 | AS47: 0 | AT47: 0 | AU47: 0 | AV47: 0 | AW47: งานพิมพ์ | AX47: / | AY47: 0 | AZ47: 0 | BA47: 0 | BB47: 0 | BC47: WRWT21720/WRWT25800 | BD47: 0
A48: 45869 | B48: MK68-000944 | C48: บจก.เคอรี่ฟลาวมิลล์ | D48: บลูทีมเหลือง | E48: 19 | F48: 32 | G48: ขาว | H48: 0 | I48: 67 | J48: + | K48: 5 | L48: บิด | M48: ไม่สวมถุงใน | N48: 0 | O48: 0 | P48: 0 | Q48: 0 | R48: 0 | S48: ห่ออัดเบลแบน500 | T48: 45890 | U48: 5000 | V48: 0 | W48: 5000 | X48: 0 | Y48: 5250 | Z48: WSWT1921720 | AA48: 4679.95 | AB48: 0 | AC48: 4679.95 | AD48: 0 | AE48: 0 | AF48: PDR250250 | AG48: ยังไม่ได้พิมพ์ | AH48: P7 | AI48: 2 | AJ48: 45890 | AK48: 0 | AL48: 45881 | AM48: 45888 | AN48: 45889 | AO48: 45889 | AP48: 45885 | AQ48: 0 | AR48: 0 | AS48: 0 | AT48: 0 | AU48: 0 | AV48: 0 | AW48: งานพิมพ์ | AX48: / | AY48: 0 | AZ48: 0 | BA48: 0 | BB48: 0 | BC48: WRWT21720/WRWT25800 | BD48: 352.51463
A49: 45869 | B49: MK68-000945 | C49: บจก.เคอรี่ฟลาวมิลล์ | D49: ไม่พิมพ์ | E49: 19 | F49: 36 | G49: ขาว | H49: 0 | I49: 75 | J49: + | K49: 5 | L49: ไม่ | M49: ไม่สวมถุงใน | N49: 0 | O49: 0 | P49: 0 | Q49: 0 | R49: 0 | S49: ห่ออัดเบลแบน500 | T49: 45890 | U49: 5000 | V49: 0 | W49: 5000 | X49: 0 | Y49: 0 | Z49: WSWT1921720 | AA49: 5238.75 | AB49: 0 | AC49: 5238.75 | AD49: 0 | AE49: 0 | AF49: PDR250250 | AG49: ยังไม่ได้พิมพ์ | AH49: P7 | AI49: 2 | AJ49: 45890 | AK49: 0 | AL49: 45881 | AM49: 45888 | AN49: 45889 | AO49: 45889 | AP49: 45885 | AQ49: 0 | AR49: 0 | AS49: 0 | AT49: 0 | AU49: 0 | AV49: 0 | AW49: งานพิมพ์ | AX49: / | AY49: 0 | AZ49: 0 | BA49: 0 | BB49: 0 | BC49: WRWT21720/WRWT25800 | BD49: 394.60593
A50: 45869 | B50: MK68-000944 | C50: บจก.เคอรี่ฟลาวมิลล์ | D50: ชามแดง | E50: 19 | F50: 32 | G50: ขาว | H50: 0 | I50: 67 | J50: + | K50: 5 | L50: บิด | M50: ไม่สวมถุงใน | N50: 0 | O50: 0 | P50: 0 | Q50: 0 | R50: 0 | S50: ห่ออัดเบลแบน500 | T50: 45892 | U50: 5000 | V50: 0 | W50: 5000 | X50: 0 | Y50: 5250 | Z50: WSWT1921720 | AA50: 4679.95 | AB50: 0 | AC50: 4679.95 | AD50: 0 | AE50: 0 | AF50: PDR250251 | AG50: ยังไม่ได้พิมพ์ | AH50: P7 | AI50: 2 | AJ50: 45892 | AK50: 0 | AL50: 45883 | AM50: 45890 | AN50: 45891 | AO50: 45891 | AP50: 45887 | AQ50: 0 | AR50: 0 | AS50: 0 | AT50: 0 | AU50: 0 | AV50: 0 | AW50: งานพิมพ์ | AX50: / | AY50: 0 | AZ50: 0 | BA50: 0 | BB50: 0 | BC50: WRWT21720/WRWT25800 | BD50: 352.51463
A51: 45869 | B51: MK68-000944 | C51: บจก.เคอรี่ฟลาวมิลล์ | D51: ปลาโลมาเทา | E51: 19 | F51: 32 | G51: ขาว | H51: 0 | I51: 67 | J51: + | K51: 5 | L51: บิด | M51: ไม่สวมถุงใน | N51: 0 | O51: 0 | P51: 0 | Q51: 0 | R51: 0 | S51: ห่ออัดเบลแบน500 | T51: 45892 | U51: 5000 | V51: 0 | W51: 5000 | X51: 0 | Y51: 5250 | Z51: WSWT1921720 | AA51: 4679.95 | AB51: 0 | AC51: 4679.95 | AD51: 0 | AE51: 0 | AF51: PDR250251 | AG51: ยังไม่ได้พิมพ์ | AH51: P7 | AI51: 2 | AJ51: 45892 | AK51: 0 | AL51: 45883 | AM51: 45890 | AN51: 45891 | AO51: 45891 | AP51: 45887 | AQ51: 0 | AR51: 0 | AS51: 0 | AT51: 0 | AU51: 0 | AV51: 0 | AW51: งานพิมพ์ | AX51: / | AY51: 0 | AZ51: 0 | BA51: 0 | BB51: 0 | BC51: WRWT21720/WRWT25800 | BD51: 352.51463
A52: 45869 | B52: MK68-000944 | C52: บจก.เคอรี่ฟลาวมิลล์ | D52: ปลาโลมาแดง | E52: 19 | F52: 32 | G52: ขาว | H52: 0 | I52: 67 | J52: + | K52: 5 | L52: บิด | M52: ไม่สวมถุงใน | N52: 0 | O52: 0 | P52: 0 | Q52: 0 | R52: 0 | S52: ห่ออัดเบลแบน500 | T52: 45892 | U52: 5000 | V52: 0 | W52: 5000 | X52: 0 | Y52: 5250 | Z52: WSWT1921720 | AA52: 4679.95 | AB52: 0 | AC52: 4679.95 | AD52: 0 | AE52: 0 | AF52: PDR250251 | AG52: ยังไม่ได้พิมพ์ | AH52: P7 | AI52: 2 | AJ52: 45892 | AK52: 0 | AL52: 45883 | AM52: 45890 | AN52: 45891 | AO52: 45891 | AP52: 45887 | AQ52: 0 | AR52: 0 | AS52: 0 | AT52: 0 | AU52: 0 | AV52: 0 | AW52: งานพิมพ์ | AX52: / | AY52: 0 | AZ52: 0 | BA52: 0 | BB52: 0 | BC52: WRWT21720/WRWT25800 | BD52: 352.51463
A53: 45869 | B53: MK68-000944 | C53: บจก.เคอรี่ฟลาวมิลล์ | D53: KFM-HF | E53: 19 | F53: 32 | G53: ขาว | H53: 0 | I53: 67 | J53: + | K53: 5 | L53: บิด | M53: ไม่สวมถุงใน | N53: 0 | O53: 0 | P53: 0 | Q53: 0 | R53: 0 | S53: ห่ออัดเบลแบน500 | T53: 45892 | U53: 5000 | V53: 0 | W53: 5000 | X53: 0 | Y53: 5250 | Z53: WSWT1921720 | AA53: 4679.95 | AB53: 0 | AC53: 4679.95 | AD53: 0 | AE53: 0 | AF53: PDR250251 | AG53: ยังไม่ได้พิมพ์ | AH53: P7 | AI53: 2 | AJ53: 45892 | AK53: 0 | AL53: 45883 | AM53: 45890 | AN53: 45891 | AO53: 45891 | AP53: 45887 | AQ53: 0 | AR53: 0 | AS53: 0 | AT53: 0 | AU53: 0 | AV53: 0 | AW53: งานพิมพ์ | AX53: / | AY53: 0 | AZ53: 0 | BA53: 0 | BB53: 0 | BC53: WRWT21720/WRWT25800 | BD53: 352.51463
... A58: 45869 | B58: MK68-000944 | C58: บจก.เคอรี่ฟลาวมิลล์ | D58: ดอกไม้เขียว | E58: 19 | F58: 32 | G58: ขาว | H58: 0 | I58: 67 | J58: + | K58: 5 | L58: บิด | M58: ไม่สวมถุงใน | N58: 0 | O58: 0 | P58: 0 | Q58: 0 | R58: 0 | S58: ห่ออัดเบลแบน500 | T58: 45895 | U58: 5000 | V58: 0 | W58: 5000 | X58: 0 | Y58: 5250 | Z58: WSWT1921720 | AA58: 4679.95 | AB58: 0 | AC58: 4679.95 | AD58: 0 | AE58: 0 | AF58: PDR250252 | AG58: ยังไม่ได้พิมพ์ | AH58: P7 | AI58: 2 | AJ58: 45895 | AK58: 0 | AL58: 45886 | AM58: 45893 | AN58: 45894 | AO58: 45894 | AP58: 45890 | AQ58: 0 | AR58: 0 | AS58: 0 | AT58: 0 | AU58: 0 | AV58: 0 | AW58: งานพิมพ์ | AX58: / | AY58: 0 | AZ58: 0 | BA58: 0 | BB58: 0 | BC58: WRWT21720/WRWT25800 | BD58: 352.51463
A59: 45869 | B59: MK68-000944 | C59: บจก.เคอรี่ฟลาวมิลล์ | D59: 997 | E59: 19 | F59: 32 | G59: ขาว | H59: 0 | I59: 67 | J59: + | K59: 5 | L59: ไม่ | M59: ไม่สวมถุงใน | N59: 0 | O59: 0 | P59: 0 | Q59: 0 | R59: 0 | S59: ห่ออัดเบลแบน500 | T59: 45895 | U59: 5000 | V59: 0 | W59: 5000 | X59: 0 | Y59: 5250 | Z59: WSWT1921720 | AA59: 4679.95 | AB59: 0 | AC59: 4679.95 | AD59: 0 | AE59: 0 | AF59: PDR250252 | AG59: ยังไม่ได้พิมพ์ | AH59: P7 | AI59: 2 | AJ59: 45895 | AK59: 0 | AL59: 45886 | AM59: 45893 | AN59: 45894 | AO59: 45894 | AP59: 45890 | AQ59: 0 | AR59: 0 | AS59: 0 | AT59: 0 | AU59: 0 | AV59: 0 | AW59: งานพิมพ์ | AX59: / | AY59: 0 | AZ59: 0 | BA59: 0 | BB59: 0 | BC59: WRWT21720/WRWT25800 | BD59: 352.51463
A60: 45869 | B60: MK68-000944 | C60: บจก.เคอรี่ฟลาวมิลล์ | D60: ถุงทองแซนวิช | E60: 19 | F60: 32 | G60: ขาว | H60: 0 | I60: 67 | J60: + | K60: 5 | L60: บิด | M60: ไม่สวมถุงใน | N60: 0 | O60: 0 | P60: 0 | Q60: 0 | R60: 0 | S60: ห่ออัดเบลแบน500 | T60: 45897 | U60: 5000 | V60: 0 | W60: 5000 | X60: 0 | Y60: 5250 | Z60: WSWT1921720 | AA60: 4679.95 | AB60: 0 | AC60: 4679.95 | AD60: 0 | AE60: 0 | AF60: PDR250253 | AG60: ยังไม่ได้พิมพ์ | AH60: P7 | AI60: 2 | AJ60: 45897 | AK60: 0 | AL60: 45888 | AM60: 45895 | AN60: 45896 | AO60: 45896 | AP60: 45892 | AQ60: 0 | AR60: 0 | AS60: 0 | AT60: 0 | AU60: 0 | AV60: 0 | AW60: งานพิมพ์ | AX60: / | AY60: 0 | AZ60: 0 | BA60: 0 | BB60: 0 | BC60: WRWT21720/WRWT25800 | BD60: 352.51463
A61: 45869 | B61: MK68-000944 | C61: บจก.เคอรี่ฟลาวมิลล์ | D61: แต้มฟ้า | E61: 19 | F61: 32 | G61: ขาว | H61: 0 | I61: 67 | J61: + | K61: 5 | L61: บิด | M61: ไม่สวมถุงใน | N61: 0 | O61: 0 | P61: 0 | Q61: 0 | R61: 0 | S61: ห่ออัดเบลแบน500 | T61: 45897 | U61: 5000 | V61: 0 | W61: 5000 | X61: 0 | Y61: 5250 | Z61: WSWT1921720 | AA61: 4679.95 | AB61: 0 | AC61: 4679.95 | AD61: 0 | AE61: 0 | AF61: PDR250253 | AG61: ผ้าขาว | AH61: P7 | AI61: 2 | AJ61: 45897 | AK61: 0 | AL61: 45888 | AM61: 45895 | AN61: 45896 | AO61: 45896 | AP61: 45892 | AQ61: 0 | AR61: 0 | AS61: 0 | AT61: 0 | AU61: 0 | AV61: 0 | AW61: งานพิมพ์ | AX61: / | AY61: 0 | AZ61: 0 | BA61: 0 | BB61: 0 | BC61: WRWT21720/WRWT25800 | BD61: 352.51463
A62: 45869 | B62: MK68-000944 | C62: บจก.เคอรี่ฟลาวมิลล์ | D62: หีบเพลงฟ้า | E62: 19 | F62: 32 | G62: ขาว | H62: 0 | I62: 67 | J62: + | K62: 5 | L62: บิด | M62: ไม่สวมถุงใน | N62: 0 | O62: 0 | P62: 0 | Q62: 0 | R62: 0 | S62: ห่ออัดเบลแบน500 | T62: 45897 | U62: 5000 | V62: 0 | W62: 5000 | X62: 0 | Y62: 5250 | Z62: WSWT1921720 | AA62: 4679.95 | AB62: 0 | AC62: 4679.95 | AD62: 0 | AE62: 0 | AF62: PDR250253 | AG62: ผ้าขาว | AH62: P7 | AI62: 2 | AJ62: 45897 | AK62: 0 | AL62: 45888 | AM62: 45895 | AN62: 45896 | AO62: 45896 | AP62: 45892 | AQ62: 0 | AR62: 0 | AS62: 0 | AT62: 0 | AU62: 0 | AV62: 0 | AW62: งานพิมพ์ | AX62: / | AY62: 0 | AZ62: 0 | BA62: 0 | BB62: 0 | BC62: WRWT21720/WRWT25800 | BD62: 352.51463
A63: 45869 | B63: MK68-000944 | C63: บจก.เคอรี่ฟลาวมิลล์ | D63: หีบเพลงเหลือง | E63: 19 | F63: 32 | G63: ขาว | H63: 0 | I63: 67 | J63: + | K63: 5 | L63: บิด | M63: ไม่สวมถุงใน | N63: 0 | O63: 0 | P63: 0 | Q63: 0 | R63: 0 | S63: ห่ออัดเบลแบน500 | T63: 45897 | U63: 5000 | V63: 0 | W63: 5000 | X63: 0 | Y63: 5250 | Z63: WSWT1921720 | AA63: 4679.95 | AB63: 0 | AC63: 4679.95 | AD63: 0 | AE63: 0 | AF63: PDR250253 | AG63: ผ้าขาว | AH63: P7 | AI63: 2 | AJ63: 45897 | AK63: 0 | AL63: 45888 | AM63: 45895 | AN63: 45896 | AO63: 45896 | AP63: 45892 | AQ63: 0 | AR63: 0 | AS63: 0 | AT63: 0 | AU63: 0 | AV63: 0 | AW63: งานพิมพ์ | AX63: / | AY63: 0 | AZ63: 0 | BA63: 0 | BB63: 0 | BC63: WRWT21720/WRWT25800 | BD63: 352.51463
A64: 45869 | B64: MK68-000945 | C64: บจก.เคอรี่ฟลาวมิลล์ | D64: ไม่พิมพ์ | E64: 19 | F64: 36 | G64: ขาว | H64: 0 | I64: 75 | J64: + | K64: 5 | L64: ไม่ | M64: ไม่สวมถุงใน | N64: 0 | O64: 0 | P64: 0 | Q64: 0 | R64: 0 | S64: ห่ออัดเบลแบน500 | T64: 45897 | U64: 5000 | V64: 0 | W64: 5000 | X64: 0 | Y64: 0 | Z64: WSWT1921720 | AA64: 5238.75 | AB64: 0 | AC64: 5238.75 | AD64: 0 | AE64: 0 | AF64: PDR250253 | AG64: พร้อมส่ง | AH64: P7 | AI64: 2 | AJ64: 45897 | AK64: 0 | AL64: 45888 | AM64: 45895 | AN64: 45896 | AO64: 45896 | AP64: 45892 | AQ64: 0 | AR64: 0 | AS64: 0 | AT64: 0 | AU64: 0 | AV64: 0 | AW64: งานพิมพ์ | AX64: / | AY64: 0 | AZ64: 0 | BA64: 0 | BB64: 0 | BC64: WRWT21720/WRWT25800 | BD64: 394.60593
A65: 45870 | B65: MK68-000953 | C65: บจก.เคอรี่ฟลาวมิลล์ | D65: ไม่พิมพ์ | E65: 19 | F65: 32 | G65: ขาว | H65: 0 | I65: 67 | J65: + | K65: 5 | L65: บิด | M65: ไม่สวมถุงใน | N65: 0 | O65: 0 | P65: 0 | Q65: 0 | R65: 0 | S65: ห่ออัดเบลแบน500 | T65: 45898 | U65: 20000 | V65: 0 | W65: 20000 | X65: 0 | Y65: 0 | Z65: WSWT1921720 | AA65: 18719.8 | AB65: 0 | AC65: 18719.8 | AD65: 0 | AE65: 0 | AF65: 0 | AG65: ยังไม่ได้พิมพ์ | AH65: P3 | AI65: 1 | AJ65: 45898 | AK65: 0 | AL65: 0 | AM65: 0 | AN65: 0 | AO65: 45897 | AP65: 45893 | AQ65: 0 | AR65: 0 | AS65: 0 | AT65: 0 | AU65: 0 | AV65: 0 | AW65: ตัด | AX65: 0 | AY65: 0 | AZ65: 0 | BA65: 0 | BB65: 0 | BC65: WRWT21720/WRWT25800 | BD65: 1410.0585
A66: 45870 | B66: MK68-000954 | C66: บจก.เคอรี่ฟลาวมิลล์ | D66: ไม่พิมพ์ | E66: 19 | F66: 32 | G66: ขาว | H66: 0 | I66: 67 | J66: + | K66: 5 | L66: บิด | M66: ไม่สวมถุงใน | N66: 0 | O66: 0 | P66: 0 | Q66: 0 | R66: 0 | S66: ห่ออัดเบลแบน500 | T66: 45898 | U66: 20000 | V66: 0 | W66: 20000 | X66: 0 | Y66: 0 | Z66: WSWT1921720 | AA66: 18719.8 | AB66: 0 | AC66: 18719.8 | AD66: 0 | AE66: 0 | AF66: 0 | AG66: พร้อมส่ง | AH66: P3 | AI66: 1 | AJ66: 45898 | AK66: 0 | AL66: 0 | AM66: 0 | AN66: 0 | AO66: 45897 | AP66: 45893 | AQ66: 0 | AR66: 0 | AS66: 0 | AT66: 0 | AU66: 0 | AV66: 0 | AW66: ตัด | AX66: 0 | AY66: 0 | AZ66: 0 | BA66: 0 | BB66: 0 | BC66: WRWT21720/WRWT25800 | BD66: 1410.0585
A67: 0 | B67: 0 | C67: 0 | D67: 0 | E67: 19 | F67: 30 | G67: 0 | H67: 0 | I67: 63 | J67: + | K67: 5 | L67: 0 | M67: 0 | N67: 0 | O67: 0 | P67: 0 | Q67: 0 | R67: 0 | S67: 0 | U67: 0 | V67: 0 | W67: 0 | X67: 0 | Y67: 0 | Z67: WSWT1921720 | AA67: 155555.95 | AB67: 37439.6 | AC67: 118116.35 | AD67: 0 | AE67: 0 | AF67: ระบุในSD | AG67: ยังไม่ได้พิมพ์ | AH67: 0 | AI67: Lead time | AJ67: 0 | AK67: 0 | AL67: 0 | AM67: 0 | AN67: 0 | AO67: 0 | AP67: 0 | AQ67: 0 | AR67: 0 | AS67: 0 | AT67: 0 | AU67: 0 | AV67: 0 | AW67: 0 | AX67: 0 | AY67: 0 | AZ67: 0 | BA67: 0 | BB67: 0 | BC67: WRWT190720/WRWT25800 | BD67: 0
A68: 45874 | B68: MK68-000959 | C68: บจก.เอเชี่ยนเคมิคัล | D68: A.C.C.ภาษาอังกฤษ | E68: 19 | F68: 26 | G68: ขาว | H68: ด้าน | I68: 70 | J68: ± | K68: 5 | L68: ไม่ | M68: 20 | N68: 28 | O68: 50 | P68: 172.69643 | Q68: 0 | R68: 172.69643 | S68: มัด100 | T68: 45887 | U68: 10000 | V68: 0 | W68: 10000 | X68: 0 | Y68: 10500 | Z68: WSWT1925800SM | AA68: 7683.5 | AB68: 7683.5 | AC68: 0 | AD68: 0 | AE68: 7683.5 | AF68: 0 | AG68: พร้อมส่ง | AH68: P8 | AI68: 4 | AJ68: 45887 | AK68: 45883 | AL68: 45877 | AM68: 45884 | AN68: 45885 | AO68: 45885 | AP68: 45882 | AQ68: 45886 | AR68: 0 | AS68: 0 | AT68: 0 | AU68: 0 | AV68: 0 | AW68: งานเคลือบ+พิมพ์ | AX68: รอART | AY68: 0 | AZ68: 0 | BA68: 0 | BB68: 0 | BC68: WRWT25800/WRWT25800 | BD68: 0
A69: 0 | B69: 0 | C69: 0 | D69: 0 | E69: 19 | F69: 30 | G69: 0 | H69: 0 | I69: 56 | J69: ± | K69: 5 | L69: 0 | M69: 0 | N69: 0 | O69: 0 | P69: 0 | Q69: 0 | R69: 0 | S69: 0 | U69: 0 | W69: 0 | X69: 0 | Y69: 0 | Z69: WSWT1925800SM | AA69: 7683.5 | AB69: 7683.5 | AC69: 0 | AD69: 0 | AE69: 7683.5 | AF69: ระบุในSD | AG69: พร้อมส่ง | AH69: 0 | AI69: Lead time | AJ69: 0 | AK69: 0 | AL69: 0 | AM69: 0 | AN69: 0 | AO69: 0 | AP69: 0 | AQ69: 0 | AR69: 0 | AS69: 0 | AT69: 0 | AU69: 0 | AV69: 0 | AW69: 0 | AX69: 0 | AY69: 0 | AZ69: 0 | BA69: 0 | BB69: 0 | BC69: WRWT190800/WRWT25800 | BD69: 0
A70: 45874 | B70: MK68-000967 | C70: บจก.อินเทคค์ โกลบอล | D70: เพอเฟคค์ 104Sโกลด์ | E70: 19 | F70: 34 | G70: ขาว | H70: ด้าน | I70: 100 | J70: ± | K70: 5 | L70: จับจีบ4" | M70: ไม่สวมถุงใน | N70: 0 | O70: 0 | P70: 0 | Q70: 0 | R70: 0 | S70: มัด80 ใช้สายรัด | T70: 45889 | U70: 5040 | V70: 0 | W70: 5040 | X70: 0 | Y70: 5292 | Z70: WSWT19251000SM | AA70: 4999.0248 | AB70: 4000 | AC70: 999.0248 | AD70: 0 | AE70: 4999.0248 | AF70: 0 | AG70: ผ้าขาว | AH70: P6 | AI70: 4 | AJ70: 45889 | AK70: 45885 | AL70: 45878 | AM70: 45886 | AN70: 45887 | AO70: 45888 | AP70: 45884 | AQ70: 0 | AR70: 0 | AS70: 0 | AT70: 0 | AU70: 0 | AV70: 0 | AW70: งานเคลือบ+พิมพ์ | AX70: รอART | AY70: 0 | AZ70: 0 | BA70: 0 | BB70: 0 | BC70: WRWT251000/WRWT251000 | BD70: 84.362094
A71: 45796 | B71: MK68-000680 | C71: บจก.อินเทคค์ โกลบอล | D71: เพอเฟคค์103P โกลด์ | E71: 19 | F71: 34 | G71: ขาว | H71: ด้าน | I71: 100 | J71: ± | K71: 5 | L71: จับจีบ4" | M71: ไม่สวมถุงใน | N71: 0 | O71: 0 | P71: 0 | Q71: 0 | R71: 0 | S71: มัด80 ใช้สายรัด | T71: รอแจ้ง | U71: 503 | V71: 0 | W71: 503 | X71: 5250 | Y71: 0 | Z71: WSWT19251000SM | AA71: 0 | AB71: 0 | AC71: 0 | AD71: 0 | AE71: 0 | AF71: 0 | AG71: พร้อมส่ง | AH71: P6 | AI71: 4 | AJ71: รอแจ้ง | AK71: #VALUE! | AL71: #VALUE! | AM71: #VALUE! | AN71: #VALUE! | AO71: #VALUE! | AP71: #VALUE! | AQ71: 0 | AR71: 0 | AS71: 0 | AT71: 0 | AU71: 0 | AV71: 0 | AW71: งานเคลือบ+พิมพ์ | AX71: / | AY71: 0 | AZ71: 0 | BA71: 0 | BB71: 0 | BC71: WRWT251000/WRWT251000 | BD71: 0
A72: 0 | B72: 0 | C72: 0 | D72: 0 | E72: 19 | F72: 34 | G72: ขาว | H72: 0 | I72: 80 | J72: ± | K72: 5 | L72: 0 | M72: 0 | N72: 0 | O72: 0 | P72: 0 | Q72: 0 | R72: 0 | S72: 0 | U72: 0 | V72: 0 | W72: 0 | X72: 0 | Y72: 0 | Z72: WSWT19251000SM | AA72: 4999.0248 | AB72: 4000 | AC72: 999.0248 | AD72: 0 | AE72: 4999.0248 | AF72: ระบุในSD | AG72: ยังไม่ได้พิมพ์ | AH72: 0 | AI72: Lead time | AJ72: 0 | AK72: 0 | AL72: 0 | AM72: 0 | AN72: 0 | AO72: 0 | AP72: 0 | AQ72: 0 | AR72: 0 | AS72: 0 | AT72: 0 | AU72: 0 | AV72: 0 | AW72: 0 | AX72: 0 | AY72: 0 | AZ72: 0 | BA72: 0 | BB72: 0 | BC72: WRWT251000/WRYL251000 | BD72: 0
A73: 45876 | B73: MK68-000987 | C73: บจก.หนองบัวฟีดมิลล์ | D73: ไม่พิมพ์ | E73: 20 | F73: 30 | G73: ขาว | H73: 0 | I73: 53 | J73: ± | K73: 5 | L73: ไม่ | M73: ไม่สวมถุงใน | N73: 0 | O73: 0 | P73: 0 | Q73: 0 | R73: 0 | S73: 500กระสอบ | T73: 45878 | U73: 10000 | V73: 10000 | W73: 0 | X73: 0 | Y73: 0 | Z73: WSWT2025650 | AA73: 0 | AB73: 0 | AC73: 0 | AD73: 0 | AE73: 0 | AF73: 0 | AG73: พร้อมส่ง | AH73: P3 | AI73: 1 | AJ73: 45878 | AK73: 0 | AL73: 0 | AM73: 0 | AN73: 0 | AO73: 45877 | AP73: 45873 | AQ73: 0 | AR73: 0 | AS73: 0 | AT73: 0 | AU73: 0 | AV73: 0 | AW73: ตัด | AX73: 0 | AY73: 0 | AZ73: 0 | BA73: 0 | BB73: 0 | BC73: WRWT25650/WRWT25650 | BD73: 0
A74: 0 | B74: 0 | C74: 0 | D74: 0 | E74: 20 | F74: 37 | G74: ขาว | H74: 0 | I74: 65 | J74: ± | K74: 5 | L74: 0 | M74: 0 | N74: 0 | O74: 0 | P74: 0 | Q74: 0 | R74: 0 | S74: 0 | U74: 0 | V74: 0 | W74: 0 | X74: 0 | Y74: 0 | Z74: WSWT2025650 | AA74: 0 | AB74: 0 | AC74: 0 | AD74: 0 | AE74: 0 | AF74: ระบุในSD | AG74: ยังไม่ได้พิมพ์ | AH74: 0 | AI74: Lead time | AJ74: 0 | AK74: 0 | AL74: 0 | AM74: 0 | AN74: 0 | AO74: 0 | AP74: 0 | AQ74: 0 | AR74: 0 | AS74: 0 | AT74: 0 | AU74: 0 | AV74: 0 | AW74: 0 | AX74: 0 | AY74: 0 | AZ74: 0 | BA74: 0 | BB74: 0 | BC74: WRWT25650/WRWT25650 | BD74: 0
A75: 45875 | B75: MK68-000973 | C75: บจก.เอ็มทีเอส | D75: แป้งหมักไก่แดงMTS(ถุงในเจาะรู) | E75: 20 | F75: 37 | G75: ขาว | H75: 0 | I75: 70 | J75: ± | K75: 5 | L75: ไม่ | M75: 21 | N75: 40 | O75: 40 | P75: 103.61786 | Q75: 0 | R75: 103.61786 | S75: 500กระสอบ | T75: 45890 | U75: 5000 | V75: 0 | W75: 5000 | X75: 0 | Y75: 5250 | Z75: WSWT2025700 | AA75: 5378.45 | AB75: 5378.45 | AC75: 0 | AD75: 0 | AE75: 0 | AF75: 0 | AG75: ยังไม่ได้พิมพ์ | AH75: P9 | AI75: 3 | AJ75: 45890 | AK75: 0 | AL75: 45880 | AM75: 45887 | AN75: 45888 | AO75: 45888 | AP75: 45885 | AQ75: 45889 | AR75: 0 | AS75: 0 | AT75: 0 | AU75: 0 | AV75: 0 | AW75: งานพิมพ์ | AX75: รอART | AY75: 0 | AZ75: 0 | BA75: 0 | BB75: 0 | BC75: WRWT25800/WRWT25650 | BD75: 0
A76: 0 | B76: 0 | C76: 0 | D76: 0 | E76: 20 | F76: 37 | G76: ขาว | H76: 0 | I76: 70 | J76: ± | K76: 5 | L76: 0 | M76: 0 | N76: 0 | O76: 0 | P76: 0 | Q76: 0 | R76: 0 | S76: 0 | U76: 0 | V76: 0 | W76: 0 | X76: 0 | Y76: 0 | Z76: WSWT2025700 | AA76: 5378.45 | AB76: 5378.45 | AC76: 0 | AD76: 0 | AE76: 0 | AF76: ระบุในSD | AG76: ยังไม่ได้พิมพ์ | AH76: 0 | AI76: Lead time | AJ76: 0 | AK76: 0 | AL76: 0 | AM76: 0 | AN76: 0 | AO76: 0 | AP76: 0 | AQ76: 0 | AR76: 0 | AS76: 0 | AT76: 0 | AU76: 0 | AV76: 0 | AW76: 0 | AX76: 0 | AY76: 0 | AZ76: 0 | BA76: 0 | BB76: 0 | BC76: WRWT25800/WRWT25650 | BD76: 0
A77: 45873 | B77: MK68-000960 | C77: บจก.เอพีเอ็ม อะโกร | D77: U-FEED U4(เอส) | E77: 20 | F77: 38 | G77: ขาว | H77: ใส | I77: 100 | J77: ± | K77: 5 | L77: บิด | M77: ไม่สวมถุงใน | N77: 0 | O77: 0 | P77: 0 | Q77: 0 | R77: 0 | S77: 500กระสอบแบน | T77: 45884 | U77: 4000 | V77: 0 | W77: 4000 | X77: 0 | Y77: 4200 | Z77: WSWT2025800SM | AA77: 4414.52 | AB77: 4414.52 | AC77: 0 | AD77: 3490 | AE77: 924.52 | AF77: ห้ามเกิน-ขาดได้5% | AG77: ยังไม่ได้พิมพ์ | AH77: P6 | AI77: 4 | AJ77: 45884 | AK77: 45880 | AL77: 45873 | AM77: 45881 | AN77: 45882 | AO77: 45883 | AP77: 45879 | AQ77: 0 | AR77: 0 | AS77: 0 | AT77: 0 | AU77: 0 | AV77: 0 | AW77: งานเคลือบ+พิมพ์ | AX77: / | AY77: 0 | AZ77: 0 | BA77: 0 | BB77: 0 | BC77: WRWT25850/WRWT25850 | BD77: 0
A78: 45876 | B78: MK68-000975 | C78: บจก.เอพีเอ็ม อะโกร | D78: U-GOAT14 | E78: 20 | F78: 38 | G78: ขาว | H78: ใส | I78: 100 | J78: ± | K78: 5 | L78: บิด | M78: ไม่สวมถุงใน | N78: 0 | O78: 0 | P78: 0 | Q78: 0 | R78: 0 | S78: 500กระสอบแบน | T78: 45884 | U78: 4000 | V78: 0 | W78: 4000 | X78: 0 | Y78: 4200 | Z78: WSWT2025800SM | AA78: 4414.52 | AB78: 4414.52 | AC78: 0 | AD78: 0 | AE78: 4414.52 | AF78: ห้ามเกิน-ขาดได้5% | AG78: ยังไม่ได้พิมพ์ | AH78: P6 | AI78: 4 | AJ78: 45884 | AK78: 45880 | AL78: 45873 | AM78: 45881 | AN78: 45882 | AO78: 45883 | AP78: 45879 | AQ78: 0 | AR78: 0 | AS78: 0 | AT78: 0 | AU78: 0 | AV78: 0 | AW78: งานเคลือบ+พิมพ์ | AX78: / | AY78: 0 | AZ78: 0 | BA78: 0 | BB78: 0 | BC78: WRWT25850/WRWT25850 | BD78: 0
A79: 45873 | B79: MK68-000957 | C79: บจก.วีซีเอฟ | D79: JET 405โปรตีน18% | E79: 20 | F79: 37 | G79: ขาว | H79: ใส | I79: 100 | J79: ± | K79: 5 | L79: ไม่ | M79: ไม่สวมถุงใน | N79: 0 | O79: 0 | P79: 0 | Q79: 0 | R79: 0 | S79: 500กระสอบแบน | T79: 45884 | U79: 20000 | V79: 0 | W79: 20000 | X79: 0 | Y79: 21000 | Z79: WSWT2025800SM | AA79: 21513.8 | AB79: 21513.8 | AC79: 0 | AD79: 0 | AE79: 21513.8 | AF79: 0 | AG79: พร้อมส่ง | AH79: P6 | AI79: 4 | AJ79: 45884 | AK79: 45880 | AL79: 45873 | AM79: 45881 | AN79: 45882 | AO79: 45883 | AP79: 45879 | AQ79: 0 | AR79: 0 | AS79: 0 | AT79: 0 | AU79: 0 | AV79: 0 | AW79: งานเคลือบ+พิมพ์ | AX79: / | AY79: 0 | AZ79: 0 | BA79: 0 | BB79: 0 | BC79: WRWT25850/WRWT25850 | BD79: 0
A80: 45873 | B80: MK68-000956 | C80: บจก.วีซีเอฟ | D80: SPEED PLUS 999 ENG | E80: 20 | F80: 37 | G80: ขาว | H80: ใส | I80: 100 | J80: ± | K80: 5 | L80: ไม่ | M80: ไม่สวมถุงใน | N80: 0 | O80: 0 | P80: 0 | Q80: 0 | R80: 0 | S80: 500กระสอบแบน | T80: 45884 | U80: 5000 | V80: 0 | W80: 5000 | X80: 0 | Y80: 5250 | Z80: WSWT2025800SM | AA80: 5378.45 | AB80: 5378.45 | AC80: 0 | AD80: 0 | AE80: 5378.45 | AF80: 0 | AG80: ยังไม่ได้พิมพ์ | AH80: P6 | AI80: 4 | AJ80: 45884 | AK80: 45880 | AL80: 45873 | AM80: 45881 | AN80: 45882 | AO80: 45883 | AP80: 45879 | AQ80: 0 | AR80: 0 | AS80: 0 | AT80: 0 | AU80: 0 | AV80: 0 | AW80: งานเคลือบ+พิมพ์ | AX80: / | AY80: 0 | AZ80: 0 | BA80: 0 | BB80: 0 | BC80: WRWT25850/WRWT25850 | BD80: 0
A81: 45874 | B81: MK68-000966 | C81: บจก.อินเทคค์ โกลบอล | D81: เพอเฟคค์ 916 | E81: 20 | F81: 36 | G81: ขาว | H81: ด้าน | I81: 100 | J81: ± | K81: 5 | L81: จับจีบ | M81: ไม่สวมถุงใน | N81: 0 | O81: 0 | P81: 0 | Q81: 0 | R81: 0 | S81: มัด80 ใช้สายรัด | T81: 45887 | U81: 10000 | V81: 0 | W81: 10000 | X81: 0 | Y81: 10500 | Z81: WSWT2025800SM | AA81: 10477.5 | AB81: 3769 | AC81: 6708.5 | AD81: 0 | AE81: 10477.5 | AF81: 0 | AG81: พร้อมส่ง | AH81: P6 | AI81: 4 | AJ81: 45887 | AK81: 45883 | AL81: 45876 | AM81: 45884 | AN81: 45885 | AO81: 45886 | AP81: 45882 | AQ81: 0 | AR81: 0 | AS81: 0 | AT81: 0 | AU81: 0 | AV81: 0 | AW81: งานเคลือบ+พิมพ์ | AX81: รอART | AY81: 0 | AZ81: 0 | BA81: 0 | BB81: 0 | BC81: WRWT25850/WRWT25850 | BD81: 506.86444
A82: 45796 | B82: MK68-000676 | C82: บจก.อินเทคค์ โกลบอล | D82: เพอเฟคค์ 916 | E82: 20 | F82: 36 | G82: ขาว | H82: ด้าน | I82: 100 | J82: ± | K82: 5 | L82: จับจีบ | M82: ไม่สวมถุงใน | N82: 0 | O82: 0 | P82: 0 | Q82: 0 | R82: 0 | S82: มัด80 ใช้สายรัด | T82: 45887 | U82: 614 | V82: 0 | W82: 614 | X82: 0 | Y82: 644.7 | Z82: WSWT2025800SM | AA82: 643.3185 | AB82: 0 | AC82: 643.3185 | AD82: 0 | AE82: 643.3185 | AF82: 0 | AG82: ยังไม่ได้พิมพ์ | AH82: P6 | AI82: 4 | AJ82: 45887 | AK82: 45883 | AL82: 45876 | AM82: 45884 | AN82: 45885 | AO82: 45886 | AP82: 45882 | AQ82: 0 | AR82: 0 | AS82: 0 | AT82: 0 | AU82: 0 | AV82: 0 | AW82: งานเคลือบ+พิมพ์ | AX82: / | AY82: 0 | AZ82: 0 | BA82: 0 | BB82: 0 | BC82: WRWT25850/WRWT25850 | BD82: 48.606287
A83: 45874 | B83: MK68-000967 | C83: บจก.อินเทคค์ โกลบอล | D83: เฟิร์สคลาส 912 | E83: 20 | F83: 35 | G83: ขาว | H83: ด้าน | I83: 97 | J83: ± | K83: 5 | L83: จับจีบ | M83: ไม่สวมถุงใน | N83: 0 | O83: 0 | P83: 0 | Q83: 0 | R83: 0 | S83: มัด80 ใช้สายรัด | T83: 45887 | U83: 5040 | V83: 0 | W83: 5040 | X83: 0 | Y83: 5292 | Z83: WSWT2025800SM | AA83: 5139.8424 | AB83: 0 | AC83: 5139.8424 | AD83: 0 | AE83: 5139.8424 | AF83: 0 | AG83: ยังไม่ได้พิมพ์ | AH83: P6 | AI83: 4 | AJ83: 45887 | AK83: 45883 | AL83: 45876 | AM83: 45884 | AN83: 45885 | AO83: 45886 | AP83: 45882 | AQ83: 0 | AR83: 0 | AS83: 0 | AT83: 0 | AU83: 0 | AV83: 0 | AW83: งานเคลือบ+พิมพ์ | AX83: รอART | AY83: 0 | AZ83: 0 | BA83: 0 | BB83: 0 | BC83: WRWT25850/WRWT25850 | BD83: 388.34365
A84: 45827 | B84: MK68-000810 | C84: บจก.อินเทคค์ โกลบอล | D84: เฟิร์สคลาส 912 | E84: 20 | F84: 35 | G84: ขาว | H84: ด้าน | I84: 97 | J84: ± | K84: 5 | L84: จับจีบ4" | M84: ไม่สวมถุงใน | N84: 0 | O84: 0 | P84: 0 | Q84: 0 | R84: 0 | S84: มัด80 ใช้สายรัด | T84: 45887 | U84: 455 | V84: 0 | W84: 455 | X84: 0 | Y84: 477.75 | Z84: WSWT2025800SM | AA84: 464.01355 | AB84: 0 | AC84: 464.01355 | AD84: 0 | AE84: 464.01355 | AF84: 0 | AG84: ยังไม่ได้พิมพ์ | AH84: P6 | AI84: 4 | AJ84: 45887 | AK84: 45883 | AL84: 45876 | AM84: 45884 | AN84: 45885 | AO84: 45886 | AP84: 45882 | AQ84: 0 | AR84: 0 | AS84: 0 | AT84: 0 | AU84: 0 | AV84: 0 | AW84: งานเคลือบ+พิมพ์ | AX84: / | AY84: 0 | AZ84: 0 | BA84: 0 | BB84: 0 | BC84: WRWT25850/WRWT25850 | BD84: 35.058802
A85: 45874 | B85: MK68-000966 | C85: บจก.อินเทคค์ โกลบอล | D85: เพอเฟคค์ 912 | E85: 20 | F85: 36 | G85: ขาว | H85: ด้าน | I85: 100 | J85: ± | K85: 5 | L85: จับจีบ | M85: ไม่สวมถุงใน | N85: 0 | O85: 0 | P85: 0 | Q85: 0 | R85: 0 | S85: มัด80 ใช้สายรัด | T85: 45888 | U85: 10000 | V85: 0 | W85: 10000 | X85: 0 | Y85: 10500 | Z85: WSWT2025800SM | AA85: 10477.5 | AB85: 0 | AC85: 10477.5 | AD85: 0 | AE85: 10477.5 | AF85: 0 | AG85: พร้อมส่ง | AH85: P6 | AI85: 4 | AJ85: 45888 | AK85: 45884 | AL85: 45877 | AM85: 45885 | AN85: 45886 | AO85: 45887 | AP85: 45883 | AQ85: 0 | AR85: 0 | AS85: 0 | AT85: 0 | AU85: 0 | AV85: 0 | AW85: งานเคลือบ+พิมพ์ | AX85: รอART | AY85: 0 | AZ85: 0 | BA85: 0 | BB85: 0 | BC85: WRWT25850/WRWT25850 | BD85: 791.63333
A86: 45873 | B86: MK68-000957 | C86: บจก.วีซีเอฟ | D86: JET 405โปรตีน16% | E86: 20 | F86: 37 | G86: ขาว | H86: ใส | I86: 100 | J86: ± | K86: 5 | L86: ไม่ | M86: ไม่สวมถุงใน | N86: 0 | O86: 0 | P86: 0 | Q86: 0 | R86: 0 | S86: 500กระสอบแบน | T86: 45889 | U86: 10000 | V86: 0 | W86: 10000 | X86: 0 | Y86: 10500 | Z86: WSWT2025800SM | AA86: 10756.9 | AB86: 0 | AC86: 10756.9 | AD86: 0 | AE86: 10756.9 | AF86: 0 | AG86: พร้อมส่ง | AH86: P6 | AI86: 4 | AJ86: 45889 | AK86: 45885 | AL86: 45878 | AM86: 45886 | AN86: 45887 | AO86: 45888 | AP86: 45884 | AQ86: 0 | AR86: 0 | AS86: 0 | AT86: 0 | AU86: 0 | AV86: 0 | AW86: งานเคลือบ+พิมพ์ | AX86: / | AY86: 0 | AZ86: 0 | BA86: 0 | BB86: 0 | BC86: WRWT25850/WRWT25850 | BD86: 812.74356
A87: 45873 | B87: MK68-000956 | C87: บจก.วีซีเอฟ | D87: R FEED 405A | E87: 20 | F87: 37 | G87: ขาว | H87: ใส | I87: 100 | J87: ± | K87: 5 | L87: ไม่ | M87: ไม่สวมถุงใน | N87: 0 | O87: 0 | P87: 0 | Q87: 0 | R87: 0 | S87: 500กระสอบแบน | T87: 45889 | U87: 10000 | V87: 0 | W87: 10000 | X87: 0 | Y87: 10500 | Z87: WSWT2025800SM | AA87: 10756.9 | AB87: 0 | AC87: 10756.9 | AD87: 0 | AE87: 10756.9 | AF87: 0 | AG87: พร้อมส่ง | AH87: P6 | AI87: 4 | AJ87: 45889 | AK87: 45885 | AL87: 45878 | AM87: 45886 | AN87: 45887 | AO87: 45888 | AP87: 45884 | AQ87: 0 | AR87: 0 | AS87: 0 | AT87: 0 | AU87: 0 | AV87: 0 | AW87: งานเคลือบ+พิมพ์ | AX87: / | AY87: 0 | AZ87: 0 | BA87: 0 | BB87: 0 | BC87: WRWT25850/WRWT25850 | BD87: 812.74356
A88: 45868 | B88: MK68-000952 | C88: บจก.วีซีเอฟ | D88: VC 100 | E88: 20 | F88: 37 | G88: ขาว | H88: ใส | I88: 100 | J88: ± | K88: 5 | L88: บิด | M88: ไม่สวมถุงใน | N88: 0 | O88: 0 | P88: 0 | Q88: 0 | R88: 0 | S88: 500กระสอบแบน | T88: 45894 | U88: 30000 | V88: 30000 | W88: 0 | X88: 30900 | Y88: 0 | Z88: WSWT2025800SM | AA88: 0 | AB88: 0 | AC88: 0 | AD88: 0 | AE88: 0 | AF88: 0 | AG88: พร้อมส่ง | AH88: P6 | AI88: 4 | AJ88: 45894 | AK88: 45890 | AL88: 45883 | AM88: 45891 | AN88: 45892 | AO88: 45893 | AP88: 45889 | AQ88: 0 | AR88: 0 | AS88: 0 | AT88: 0 | AU88: 0 | AV88: 0 | AW88: งานเคลือบ+พิมพ์ | AX88: / | AY88: 0 | AZ88: 0 | BA88: 0 | BB88: 0 | BC88: WRWT25850/WRWT25850 | BD88: 0
A89: 45868 | B89: MK68-000952 | C89: บจก.วีซีเอฟ | D89: VC 193 | E89: 20 | F89: 37 | G89: ขาว | H89: ใส | I89: 100 | J89: ± | K89: 5 | L89: บิด | M89: ไม่สวมถุงใน | N89: 0 | O89: 0 | P89: 0 | Q89: 0 | R89: 0 | S89: 500กระสอบแบน | T89: 45894 | U89: 20000 | V89: 20000 | W89: 0 | X89: 20197 | Y89: 0 | Z89: WSWT2025800SM | AA89: 0 | AB89: 0 | AC89: 0 | AD89: 0 | AE89: 0 | AF89: 0 | AG89: ยังไม่ได้พิมพ์ | AH89: P6 | AI89: 4 | AJ89: 45894 | AK89: 45890 | AL89: 45883 | AM89: 45891 | AN89: 45892 | AO89: 45893 | AP89: 45889 | AQ89: 0 | AR89: 0 | AS89: 0 | AT89: 0 | AU89: 0 | AV89: 0 | AW89: งานเคลือบ+พิมพ์ | AX89: / | AY89: ลบสี | AZ89: 0 | BA89: 0 | BB89: 0 | BC89: WRWT25850/WRWT25850 | BD89: 0
A90: 45868 | B90: MK68-000952 | C90: บจก.วีซีเอฟ | D90: JET 180 | E90: 20 | F90: 37 | G90: ขาว | H90: ใส | I90: 100 | J90: ± | K90: 5 | L90: ไม่ | M90: ไม่สวมถุงใน | N90: 0 | O90: 0 | P90: 0 | Q90: 0 | R90: 0 | S90: 500กระสอบแบน | T90: 45894 | U90: 5000 | V90: 5000 | W90: 0 | X90: 5200 | Y90: 0 | Z90: WSWT2025800SM | AA90: 0 | AB90: 0 | AC90: 0 | AD90: 0 | AE90: 0 | AF90: 0 | AG90: ยังไม่ได้พิมพ์ | AH90: P6 | AI90: 4 | AJ90: 45894 | AK90: 45890 | AL90: 45883 | AM90: 45891 | AN90: 45892 | AO90: 45893 | AP90: 45889 | AQ90: 0 | AR90: 0 | AS90: 0 | AT90: 0 | AU90: 0 | AV90: 0 | AW90: งานเคลือบ+พิมพ์ | AX90: / | AY90: 0 | AZ90: 0 | BA90: 0 | BB90: 0 | BC90: WRWT25850/WRWT25850 | BD90: 0
A91: 45850 | B91: MK68-000880 | C91: บจก.เอพีเอ็ม อะโกร | D91: SPM195 GOAL | E91: 20 | F91: 38 | G91: ขาว | H91: ใส | I91: 100 | J91: ± | K91: 5 | L91: บิด | M91: ไม่สวมถุงใน | N91: 0 | O91: 0 | P91: 0 | Q91: 0 | R91: 0 | S91: 500กระสอบแบน | T91: 45898 | U91: 4000 | V91: 4000 | W91: 0 | X91: 4100 | Y91: 0 | Z91: WSWT2025800SM | AA91: 0 | AB91: 0 | AC91: 0 | AD91: 0 | AE91: 0 | AF91: 0 | AG91: ยังไม่ได้พิมพ์ | AH91: P6 | AI91: 4 | AJ91: 45898 | AK91: 45894 | AL91: 45887 | AM91: 45895 | AN91: 45896 | AO91: 45897 | AP91: 45893 | AQ91: 0 | AR91: 0 | AS91: 0 | AT91: 0 | AU91: 0 | AV91: 0 | AW91: งานเคลือบ+พิมพ์ | AX91: / | AY91: ลบสี | AZ91: 0 | BA91: 0 | BB91: 0 | BC91: WRWT25850/WRWT25850 | BD91: 0
A92: 45873 | B92: MK68-000962 | C92: บจก.เอพีเอ็ม อะโกร | D92: SPM190 GOAL | E92: 20 | F92: 38 | G92: ขาว | H92: ใส | I92: 100 | J92: ± | K92: 5 | L92: บิด | M92: ไม่สวมถุงใน | N92: 0 | O92: 0 | P92: 0 | Q92: 0 | R92: 0 | S92: 500กระสอบแบน | T92: 45898 | U92: 4000 | V92: 0 | W92: 4000 | X92: 0 | Y92: 4200 | Z92: WSWT2025800SM | AA92: 4414.52 | AB92: 0 | AC92: 4414.52 | AD92: 0 | AE92: 4414.52 | AF92: ห้ามเกิน-ขาดได้5% | AG92: ยังไม่ได้พิมพ์ | AH92: P6 | AI92: 4 | AJ92: 45898 | AK92: 45894 | AL92: 45887 | AM92: 45895 | AN92: 45896 | AO92: 45897 | AP92: 45893 | AQ92: 0 | AR92: 0 | AS92: 0 | AT92: 0 | AU92: 0 | AV92: 0 | AW92: งานเคลือบ+พิมพ์ | AX92: / | AY92: 0 | AZ92: 0 | BA92: 0 | BB92: 0 | BC92: WRWT25850/WRWT25850 | BD92: 333.54151
A93: 45876 | B93: ใบรับคำสั่งซื้อ | C93: บจก.เอพีเอ็ม อะโกร | D93: นีโอ พี06 | E93: 20 | F93: 38 | G93: ขาว | H93: ใส | I93: 100 | J93: ± | K93: 5 | L93: บิด | M93: ไม่สวมถุงใน | N93: 0 | O93: 0 | P93: 0 | Q93: 0 | R93: 0 | S93: 500กระสอบแบน | T93: 45898 | U93: 3000 | V93: 0 | W93: 3000 | X93: 0 | Y93: 3150 | Z93: WSWT2025800SM | AA93: 3310.89 | AB93: 0 | AC93: 3310.89 | AD93: 0 | AE93: 3310.89 | AF93: ห้ามเกิน-ขาดได้5% | AG93: พร้อมส่ง | AH93: P6 | AI93: 4 | AJ93: 45898 | AK93: 45894 | AL93: 45887 | AM93: 45895 | AN93: 45896 | AO93: 45897 | AP93: 45893 | AQ93: 0 | AR93: 0 | AS93: 0 | AT93: 0 | AU93: 0 | AV93: 0 | AW93: งานเคลือบ+พิมพ์ | AX93: / | AY93: 0 | AZ93: 0 | BA93: 0 | BB93: 0 | BC93: WRWT25850/WRWT25850 | BD93: 250.15613
A94: 45876 | B94: ใบรับคำสั่งซื้อ | C94: บจก.เอพีเอ็ม อะโกร | D94: วี-ฟีด วี18 | E94: 20 | F94: 38 | G94: ขาว | H94: ใส | I94: 100 | J94: ± | K94: 5 | L94: บิด | M94: ไม่สวมถุงใน | N94: 0 | O94: 0 | P94: 0 | Q94: 0 | R94: 0 | S94: 500กระสอบแบน | T94: 45898 | U94: 3000 | V94: 0 | W94: 3000 | X94: 0 | Y94: 3150 | Z94: WSWT2025800SM | AA94: 3310.89 | AB94: 0 | AC94: 3310.89 | AD94: 0 | AE94: 3310.89 | AF94: ห้ามเกิน-ขาดได้5% | AG94: ยังไม่ได้พิมพ์ | AH94: P6 | AI94: 4 | AJ94: 45898 | AK94: 45894 | AL94: 45887 | AM94: 45895 | AN94: 45896 | AO94: 45897 | AP94: 45893 | AQ94: 0 | AR94: 0 | AS94: 0 | AT94: 0 | AU94: 0 | AV94: 0 | AW94: งานเคลือบ+พิมพ์ | AX94: / | AY94: 0 | AZ94: 0 | BA94: 0 | BB94: 0 | BC94: WRWT25850/WRWT25850 | BD94: 250.15613
A95: 45876 | B95: ใบรับคำสั่งซื้อ | C95: บจก.เอพีเอ็ม อะโกร | D95: นีโอ พี2 | E95: 20 | F95: 38 | G95: ขาว | H95: ใส | I95: 100 | J95: ± | K95: 5 | L95: บิด | M95: ไม่สวมถุงใน | N95: 0 | O95: 0 | P95: 0 | Q95: 0 | R95: 0 | S95: 500กระสอบแบน | T95: รอแจ้ง | U95: 4000 | V95: 0 | W95: 4000 | X95: 0 | Y95: 4200 | Z95: WSWT2025800SM | AA95: 4414.52 | AB95: 0 | AC95: 4414.52 | AD95: 0 | AE95: 4414.52 | AF95: 0 | AG95: ยังไม่ได้พิมพ์ | AH95: P6 | AI95: 4 | AJ95: รอแจ้ง | AK95: #VALUE! | AL95: #VALUE! | AM95: #VALUE! | AN95: #VALUE! | AO95: #VALUE! | AP95: #VALUE! | AQ95: 0 | AR95: 0 | AS95: 0 | AT95: 0 | AU95: 0 | AV95: 0 | AW95: งานเคลือบ+พิมพ์ | AX95: รอART | AY95: 0 | AZ95: 0 | BA95: 0 | BB95: 0 | BC95: WRWT25850/WRWT25850 | BD95: 333.54151
A96: 45876 | B96: ใบรับคำสั่งซื้อ | C96: บจก.เอพีเอ็ม อะโกร | D96: ยูฟีด บี2 | E96: 20 | F96: 40 | G96: ขาว | H96: ใส | I96: 108 | J96: ± | K96: 5 | L96: บิด | M96: ไม่สวมถุงใน | N96: 0 | O96: 0 | P96: 0 | Q96: 0 | R96: 0 | S96: 500กระสอบแบน | T96: รอแจ้ง | U96: 3000 | V96: 3075 | W96: 0 | X96: 0 | Y96: 0 | Z96: WSWT2025800SM | AA96: 0 | AB96: 0 | AC96: 0 | AD96: 0 | AE96: 0 | AF96: 0 | AG96: รอแบบ | AH96: P6 | AI96: 4 | AJ96: รอแจ้ง | AK96: #VALUE! | AL96: #VALUE! | AM96: #VALUE! | AN96: #VALUE! | AO96: #VALUE! | AP96: #VALUE! | AQ96: 0 | AR96: 0 | AS96: 0 | AT96: 0 | AU96: 0 | AV96: 0 | AW96: งานเคลือบ+พิมพ์ | AX96: รอART | AY96: 0 | AZ96: 0 | BA96: 0 | BB96: 0 | BC96: WRWT25850/WRWT25850 | BD96: 0
A97: 45850 | B97: MK68-000879 | C97: บจก.เอพีเอ็ม อะโกร | D97: ฟีล กู๊ด พี6 | E97: 20 | F97: 38 | G97: ขาว | H97: ใส | I97: 100 | J97: ± | K97: 5 | L97: บิด | M97: ไม่สวมถุงใน | N97: 0 | O97: 0 | P97: 0 | Q97: 0 | R97: 0 | S97: 500กระสอบแบน | T97: 45898 | U97: 4000 | V97: 0 | W97: 4000 | X97: 0 | Y97: 4200 | Z97: WSWT2025800SM | AA97: 4414.52 | AB97: 0 | AC97: 4414.52 | AD97: 0 | AE97: 4414.52 | AF97: 0 | AG97: รอแบบ | AH97: P6 | AI97: 4 | AJ97: 45898 | AK97: 45894 | AL97: 45887 | AM97: 45895 | AN97: 45896 | AO97: 45897 | AP97: 45893 | AQ97: 0 | AR97: 0 | AS97: 0 | AT97: 0 | AU97: 0 | AV97: 0 | AW97: งานเคลือบ+พิมพ์ | AX97: / | AY97: 0 | AZ97: 0 | BA97: 0 | BB97: 0 | BC97: WRWT25850/WRWT25850 | BD97: 333.54151
A98: 45873 | B98: MK68-000963 | C98: บจก.เอพีเอ็ม อะโกร | D98: ยู-ฟีด ดี3 | E98: 20 | F98: 38 | G98: ขาว | H98: ใส | I98: 100 | J98: ± | K98: 5 | L98: บิด | M98: ไม่สวมถุงใน | N98: 0 | O98: 0 | P98: 0 | Q98: 0 | R98: 0 | S98: 500กระสอบแบน | T98: 45898 | U98: 4000 | V98: 0 | W98: 4000 | X98: 0 | Y98: 4200 | Z98: WSWT2025800SM | AA98: 4414.52 | AB98: 0 | AC98: 4414.52 | AD98: 0 | AE98: 4414.52 | AF98: ห้ามเกิน-ขาดได้5% | AG98: รอแบบ | AH98: P6 | AI98: 4 | AJ98: 45898 | AK98: 45894 | AL98: 45887 | AM98: 45895 | AN98: 45896 | AO98: 45897 | AP98: 45893 | AQ98: 0 | AR98: 0 | AS98: 0 | AT98: 0 | AU98: 0 | AV98: 0 | AW98: งานเคลือบ+พิมพ์ | AX98: / | AY98: 0 | AZ98: 0 | BA98: 0 | BB98: 0 | BC98: WRWT25850/WRWT25850 | BD98: 333.54151
A99: ประมาณการ | B99: ประมาณการ | C99: บจก.อินเทคค์ โกลบอล | D99: รอแบบ | E99: 20 | F99: 36 | G99: ขาว | H99: ด้าน | I99: 100 | J99: ± | K99: 5 | L99: จับจีบ | M99: ไม่สวมถุงใน | N99: 0 | O99: 0 | P99: 0 | Q99: 0 | R99: 0 | S99: มัด80 ใช้สายรัด | T99: 45899 | U99: 100000 | V99: 0 | W99: 100000 | X99: 0 | Y99: 105000 | Z99: WSWT2025800SM | AA99: 104775 | AB99: 0 | AC99: 104775 | AD99: 0 | AE99: 104775 | AF99: 0 | AG99: พร้อมส่ง | AH99: P6 | AI99: 4 | AJ99: 45899 | AK99: 45895 | AL99: 45888 | AM99: 45896 | AN99: 45897 | AO99: 45898 | AP99: 45894 | AQ99: 0 | AR99: 0 | AS99: 0 | AT99: 0 | AU99: 0 | AV99: 0 | AW99: งานเคลือบ+พิมพ์ | AX99: รอART | AY99: 0 | AZ99: 0 | BA99: 0 | BB99: 0 | BC99: WRWT25850/WRWT25850 | BD99: 7916.3333
A100: ประมาณการ | B100: ประมาณการ | C100: บจก.เอสพีเอ็ม อาหารสัตว์ | D100: รอแบบ | E100: 20 | F100: 38 | G100: ขาว | H100: ใส | I100: 100 | J100: ± | K100: 5 | L100: บิด | M100: ไม่สวมถุงใน | N100: 0 | O100: 0 | P100: 0 | Q100: 0 | R100: 0 | S100: 500กระสอบแบน | T100: 45925 | U100: 20000 | V100: 0 | W100: 20000 | X100: 0 | Y100: 21000 | Z100: WSWT2025800SM | AA100: 22072.6 | AB100: 0 | AC100: 22072.6 | AD100: 0 | AE100: 22072.6 | AF100: 0 | AG100: ยังไม่ได้พิมพ์ | AH100: P6 | AI100: 4 | AJ100: 45925 | AK100: 45921 | AL100: 45914 | AM100: 45922 | AN100: 45923 | AO100: 45924 | AP100: 45920 | AQ100: 0 | AR100: 0 | AS100: 0 | AT100: 0 | AU100: 0 | AV100: 0 | AW100: งานเคลือบ+พิมพ์ | AX100: รอART | AY100: 0 | AZ100: 0 | BA100: 0 | BB100: 0 | BC100: WRWT25850/WRWT25850 | BD100: 1667.7076
A101: ประมาณการ | B101: ประมาณการ | C101: บจก.ไทยธรรมดี | D101: รอแบบ | E101: 20 | F101: 37 | G101: ขาว | H101: ด้าน | I101: 97 | J101: ± | K101: 5 | L101: บิด | M101: ไม่สวมถุงใน | N101: 0 | O101: 0 | P101: 0 | Q101: 0 | R101: 0 | S101: 500กระสอบ | T101: 45925 | U101: 20000 | V101: 0 | W101: 20000 | X101: 0 | Y101: 21000 | Z101: WSWT2025800SM | AA101: 21513.8 | AB101: 0 | AC101: 21513.8 | AD101: 0 | AE101: 21513.8 | AF101: 0 | AG101: รอแบบ | AH101: P6 | AI101: 4 | AJ101: 45925 | AK101: 45921 | AL101: 45914 | AM101: 45922 | AN101: 45923 | AO101: 45924 | AP101: 45920 | AQ101: 0 | AR101: 0 | AS101: 0 | AT101: 0 | AU101: 0 | AV101: 0 | AW101: งานเคลือบ+พิมพ์ | AX101: รอART | AY101: 0 | AZ101: 0 | BA101: 0 | BB101: 0 | BC101: WRWT25850/WRWT25850 | BD101: 1625.4871
A102: 45857 | B102: MK68-000902 | C102: บจก.อินเทคค์ โกลบอล | D102: เพอเฟคค์ 000 | E102: 20 | F102: 36 | G102: ขาว | H102: ด้าน | I102: 100 | J102: ± | K102: 5 | L102: จับจีบ | M102: ไม่สวมถุงใน | N102: 0 | O102: 0 | P102: 0 | Q102: 0 | R102: 0 | S102: มัด80 ใช้สายรัด | T102: รอแจ้ง | U102: 120 | V102: 0 | W102: 120 | X102: 11000 | Y102: 0 | Z102: WSWT2025800SM | AA102: 0 | AB102: 0 | AC102: 0 | AD102: 0 | AE102: 0 | AF102: 0 | AG102: พร้อมส่ง | AH102: P6 | AI102: 4 | AJ102: รอแจ้ง | AK102: #VALUE! | AL102: #VALUE! | AM102: #VALUE! | AN102: #VALUE! | AO102: #VALUE! | AP102: #VALUE! | AQ102: 0 | AR102: 0 | AS102: 0 | AT102: 0 | AU102: 0 | AV102: 0 | AW102: งานเคลือบ+พิมพ์ | AX102: / | AY102: 0 | AZ102: 0 | BA102: 0 | BB102: 0 | BC102: WRWT25850/WRWT25850 | BD102: 0
A103: 45873 | B103: MK68-000961 | C103: บจก.เอพีเอ็ม อะโกร | D103: U-FEED U2(เอส) | E103: 20 | F103: 38 | G103: ขาว | H103: ใส | I103: 100 | J103: ± | K103: 5 | L103: บิด | M103: ไม่สวมถุงใน | N103: 0 | O103: 0 | P103: 0 | Q103: 0 | R103: 0 | S103: 500กระสอบแบน | T103: รอแจ้ง | U103: 4000 | V103: 0 | W103: 4000 | X103: 0 | Y103: 4200 | Z103: WSWT2025800SM | AA103: 4414.52 | AB103: 0 | AC103: 4414.52 | AD103: 0 | AE103: 4414.52 | AF103: ห้ามเกิน-ขาดได้5% | AG103: พร้อมส่ง | AH103: P6 | AI103: 4 | AJ103: รอแจ้ง | AK103: #VALUE! | AL103: #VALUE! | AM103: #VALUE! | AN103: #VALUE! | AO103: #VALUE! | AP103: #VALUE! | AQ103: 0 | AR103: 0 | AS103: 0 | AT103: 0 | AU103: 0 | AV103: 0 | AW103: งานเคลือบ+พิมพ์ | AX103: / | AY103: 0 | AZ103: 0 | BA103: 0 | BB103: 0 | BC103: WRWT25850/WRWT25850 | BD103: 333.54151
A104: ประมาณการ | B104: ประมาณการ | C104: บจก.ซันฟีด | D104: รอแบบ | E104: 20 | F104: 38 | G104: ขาว | H104: ด้าน | I104: 100 | J104: + | K104: 0 | L104: บิด | M104: ไม่สวมถุงใน | N104: 0 | O104: 0 | P104: 0 | Q104: 0 | R104: 0 | S104: 300กระสอบแบนเต็มใบ | T104: รอแจ้ง | U104: 100000 | V104: 0 | W104: 100000 | X104: 0 | Y104: 105000 | Z104: WSWT2025800SM | AA104: 110363 | AB104: 0 | AC104: 110363 | AD104: 0 | AE104: 110363 | AF104: 0 | AG104: รอตัด | AH104: P6 | AI104: 4 | AJ104: รอแจ้ง | AK104: #VALUE! | AL104: #VALUE! | AM104: #VALUE! | AN104: #VALUE! | AO104: #VALUE! | AP104: #VALUE! | AQ104: 0 | AR104: 0 | AS104: 0 | AT104: 0 | AU104: 0 | AV104: 0 | AW104: งานเคลือบ+พิมพ์ | AX104: รอART | AY104: 0 | AZ104: 0 | BA104: 0 | BB104: 0 | BC104: WRWT25850/WRWT25850 | BD104: 8338.5378
A105: 45825 | B105: MK68-000796 | C105: บจก.อินเทคค์ โกลบอล | D105: เฟิร์สช้อย 911 | E105: 20 | F105: 36 | G105: ขาว | H105: ด้าน | I105: 100 | J105: ± | K105: 5 | L105: จับจีบ4" | M105: ไม่สวมถุงใน | N105: 0 | O105: 0 | P105: 0 | Q105: 0 | R105: 0 | S105: มัด80 ใช้สายรัด | T105: รอแจ้ง | U105: 127 | V105: 0 | W105: 127 | X105: 6000 | Y105: 0 | Z105: WSWT2025800SM | AA105: 0 | AB105: 0 | AC105: 0 | AD105: 0 | AE105: 0 | AF105: 0 | AG105: พร้อมส่ง | AH105: P6 | AI105: 4 | AJ105: รอแจ้ง | AK105: #VALUE! | AL105: #VALUE! | AM105: #VALUE! | AN105: #VALUE! | AO105: #VALUE! | AP105: #VALUE! | AQ105: 0 | AR105: 0 | AS105: 0 | AT105: 0 | AU105: 0 | AV105: 0 | AW105: งานเคลือบ+พิมพ์ | AX105: / | AY105: 0 | AZ105: 0 | BA105: 0 | BB105: 0 | BC105: WRWT25850/WRWT25850 | BD105: 0
...

Sheet 7-8-68
B2: เรียงกำหนดส่ง | D2: ลบ 0 | T2: เรียง 1
B3: ข้อมูลUpdate ณ. วันที่ | D3: 45876 | E3: เวลา | G3: 11.59
A4: วันรับออร์เดอร์/แบบ | B4: เลขที่ SO | C4: ชื่อลูกค้า | E4: 10.3 | I4: น้ำหนัก | L4: บิด/จับจีบ | M4: ถุงใน | Q4: 44873 | S4: วิธีบรรจุ | T4: วันส่ง | U4: จำนวนส่ง | V4: ตัดเย็บ (ใบ) | W4: 44873 | X4: พิมพ์ (ใบ) | Y4: 44876 | Z4: ผ้าทอ (เมตร) Updateณ | AB4: 44876 | AD4: ผ้าเคลือบ(เมตร) | AF4: หมายเหตุ | AG4: เครื่อง
A5: วันรับออร์เดอร์/แบบ | B5: เลขที่ SO | C5: ชื่อลูกค้า | D5: ตรา | E5: กว้าง | F5: ยาว | G5: สี | H5: เคลือบ | I5: กรัม/ใบ | J5: * | K5: aw | L5: บิด/จับจีบ | M5: กว้าง | N5: ยาว | O5: หนา | P5: ใช้(กก.) | Q5: Stock(กก.) | R5: ผลิต(กก.) | S5: วิธีบรรจุ | T5: วันส่ง | U5: จำนวนส่ง | V5: StockFG | W5: ค้างตัด | X5: พิมพ์แล้ว | Y5: ค้างพิมพ์ | Z5: ประเภท | AA5: ใช้ | AB5: Stock | AC5: ค้างทอ | AD5: Stock | AE5: ค้างเคลือบ | AF5: หมายเหตุ | AG5: ที่พิมพ์ได้ | AH5: process | AI5: Lead time | AJ5: วันที่ส่งPL | AK5: เคลือบ | AL5: ได้ ART | AM5: พิมพ์ | AN5: จีบ-บิด | AO5: ตัด-เย็บ | AP5: ทอ | AQ5: สวมถุง | AR5: เย็บปาก | AS5: PT | AT5: ม้วน | AU5: ตัด | AV5: ตอกตาไก่ | AW5: GROUP | AX5: ART | AY5: หมายเหตุปัญหา | AZ5: ราคา/ใบ | BA5: ราคารวม | BB5: workweek | BC5: เส้นเทป | BD5: จำนวน
A6: 45868 | B6: MK68-000933 | C6: บจก.มารีน ลีดเดอร์ | D6: ไม่พิมพ์ | E6: 14 | F6: 22 | G6: ขาว | H6: ใส | I6: 42 | J6: ± | K6: 5 | L6: ไม่ | M6: 15 | N6: 24 | O6: 40 | P6: 71.052245 | Q6: 0 | R6: 71.052245 | S6: 500กระสอบแบน | T6: 45883 | U6: 8000 | V6: 0 | W6: 8000 | X6: 0 | Y6: 0 | Z6: WSWT1425800 | AA6: 5252.72 | AB6: 5252.72 | AC6: 0 | AD6: 0 | AE6: 5252.72 | AF6: 0 | AG6: พร้อมส่ง | AH6: P9 | AI6: 3 | AJ6: 45883 | AK6: 45879 | AL6: 0 | AM6: 0 | AN6: 0 | AO6: 45880 | AP6: 45878 | AQ6: 45881 | AR6: 0 | AS6: 0 | AT6: 0 | AU6: 0 | AV6: 0 | AW6: งานเคลือบ+ตัด | AX6: 0 | AY6: สลับกับหนองบัว | AZ6: 0 | BA6: 0 | BB6: 0 | BC6: WRWT25800/WRWT25800 | BD6: 0
A7: 45860 | B7: MK68-000920 | C7: หจก.ปึงเป้งน้ำ | D7: เกลือตรามือ 10กก. | E7: 14 | F7: 22 | G7: ขาว | H7: ใส | I7: 42 | J7: ± | K7: 5 | L7: ไม่ | M7: ไม่สวมถุงใน | N7: 0 | O7: 0 | P7: 0 | Q7: 0 | R7: 0 | S7: 500กระสอบแบน | T7: 45884 | U7: 10000 | V7: 0 | W7: 10000 | X7: 0 | Y7: 10500 | Z7: WSWT1425800 | AA7: 6565.9 | AB7: 6565.9 | AC7: 0 | AD7: 0 | AE7: 6565.9 | AF7: 0 | AG7: ยังไม่ได้พิมพ์ | AH7: P6 | AI7: 4 | AJ7: 45884 | AK7: 45880 | AL7: 45873 | AM7: 45881 | AN7: 45882 | AO7: 45883 | AP7: 45879 | AQ7: 0 | AR7: 0 | AS7: 0 | AT7: 0 | AU7: 0 | AV7: 0 | AW7: งานเคลือบ+พิมพ์ | AX7: / | AY7: 0 | AZ7: 0 | BA7: 0 | BB7: 0 | BC7: WRWT25800/WRWT25800 | BD7: 0
A8: 0 | B8: 0 | C8: 0 | D8: 0 | E8: 14 | F8: 22 | G8: ขาว | H8: 0 | I8: 36 | J8: ± | K8: 5 | L8: 0 | M8: 0 | N8: 0 | O8: 0 | P8: 0 | Q8: 0 | R8: 0 | S8: 0 | U8: 0 | V8: 0 | W8: 0 | X8: 0 | Y8: 0 | Z8: WSWT1425800 | AA8: 11818.62 | AB8: 11818.62 | AC8: 0 | AD8: 0 | AE8: 11818.62 | AF8: ระบุในSD | AG8: พร้อมส่ง | AH8: 0 | AI8: Lead time | AJ8: 0 | AK8: 0 | AL8: 0 | AM8: 0 | AN8: 0 | AO8: 0 | AP8: 0 | AQ8: 0 | AR8: 0 | AS8: 0 | AT8: 0 | AU8: 0 | AV8: 0 | AW8: 0 | AX8: 0 | AY8: 0 | AZ8: 0 | BA8: 0 | BB8: 0 | BC8: WRWT140800/WRWT25800 | BD8: 0
