Workbook

Sheet Linkสูตรออร์เดอร์  (2)
B2: เรียงกำหนดส่ง | D2: ลบ 0 | T2: เรียง 1
B3: ข้อมูลUpdate ณ. วันที่ | D3: 45843 | E3: เวลา | G3: 11.24
A4: วันรับออร์เดอร์/แบบ | B4: เลขที่ SO | C4: ชื่อลูกค้า | E4: 10.3 | I4: น้ำหนัก | L4: บิด/จับจีบ | M4: ถุงใน | Q4: =[1]หน้าผ้า!$AC$13 -> 44873 | S4: วิธีบรรจุ | T4: วันส่ง | U4: จำนวนส่ง | V4: ตัดเย็บ (ใบ) | W4: =[1]หน้าผ้า!$AJ$13 -> 44873 | X4: พิมพ์ (ใบ) | Y4: =[1]หน้าผ้า!$AM$13 -> 44876 | Z4: ผ้าทอ (เมตร) Updateณ | AB4: =[1]หน้าผ้า!$AR$12 -> 44876 | AD4: ผ้าเคลือบ(เมตร) | AF4: หมายเหตุ | AG4: เครื่อง
B5: เลขที่ SO | C5: ชื่อลูกค้า | D5: ตรา | E5: กว้าง | F5: ยาว | G5: สี | H5: เคลือบ | I5: กรัม/ใบ | J5: * | K5: aw | L5: บิด/จับจีบ | M5: กว้าง | N5: ยาว | O5: หนา | P5: ใช้(กก.) | Q5: Stock(กก.) | R5: ผลิต(กก.) | S5: วิธีบรรจุ | T5: วันส่ง | U5: จำนวนส่ง | V5: StockFG | W5: ค้างตัด | X5: พิมพ์แล้ว | Y5: ค้างพิมพ์ | Z5: ประเภท | AA5: ใช้ | AB5: Stock | AC5: ค้างทอ | AD5: Stock | AE5: ค้างเคลือบ | AF5: หมายเหตุ | AG5: ที่พิมพ์ได้ | AH5: process | AI5: Lead time | AJ5: วันที่ส่งPL | AK5: เคลือบ | AL5: ได้ ART | AM5: พิมพ์ | AN5: จีบ-บิด | AO5: ตัด-เย็บ | AP5: ทอ | AQ5: สวมถุง | AR5: เย็บปาก | AS5: PT | AT5: ม้วน | AU5: ตัด | AV5: ตอกตาไก่ | AW5: GROUP | AX5: ART | AY5: หมายเหตุปัญหา | AZ5: ราคา/ใบ | BA5: ราคารวม | BB5: workweek | BC5: เส้นเทป | BD5: จำนวน
A6: =[2]หน้าผ้า!C15 -> 0 | B6: =[2]หน้าผ้า!B15 -> 0 | C6: =[2]หน้าผ้า!E15 -> 0 | D6: =[2]หน้าผ้า!F15 -> 0 | E6: =[2]หน้าผ้า!G15 -> 12 | F6: =[2]หน้าผ้า!H15 -> 16 | G6: =[2]หน้าผ้า!I15 -> ขาว | H6: =[2]หน้าผ้า!J15 -> 0 | I6: =[2]หน้าผ้า!L15 -> 25 | J6: =[2]หน้าผ้า!M15 -> ± | K6: =[2]หน้าผ้า!N15 -> 5 | L6: =[2]หน้าผ้า!R15 -> 0 | M6: =[2]หน้าผ้า!T15 -> 0 | N6: =[2]หน้าผ้า!U15 -> 0 | O6: =[2]หน้าผ้า!V15 -> 0 | P6: =[2]หน้าผ้า!AB15 -> 0 | Q6: =[2]หน้าผ้า!AC15 -> 0 | R6: =[2]หน้าผ้า!AD15 -> 0 | S6: =[2]หน้าผ้า!Z15 -> 0 | T6: =[2]หน้าผ้า!X15 -> 0 | U6: =[2]หน้าผ้า!AA15 -> 0 | V6: =[2]หน้าผ้า!AJ15 -> 0 | W6: =[2]หน้าผ้า!AL15 -> 0 | X6: =[2]หน้าผ้า!AM15 -> 0 | Y6: =[2]หน้าผ้า!AN15 -> 0 | Z6: =[2]หน้าผ้า!AO15 -> WSWT1221750 | AA6: =[2]หน้าผ้า!AQ15 -> #REF! | AB6: =[2]หน้าผ้า!AR15 -> #REF! | AC6: =[2]หน้าผ้า!AS15 -> #REF! | AD6: =[2]หน้าผ้า!AT15 -> #REF! | AE6: =[2]หน้าผ้า!AU15 -> #REF! | AF6: =[2]หน้าผ้า!AI15 -> ระบุในSD | AG6: =[3]หน้าผ้า!DC18 -> < Ord 20,000 | AH6: =[2]หน้าผ้า!DL15 -> 0 | AI6: =[2]หน้าผ้า!DM15 -> 0 | AJ6: =[2]หน้าผ้า!DN15 -> 0 | AK6: =[2]หน้าผ้า!DQ15 -> 0 | AL6: =[2]หน้าผ้า!DR15 -> 0 | AM6: =[2]หน้าผ้า!DS15 -> 0 | AN6: =[2]หน้าผ้า!DT15 -> 0 | AO6: =[2]หน้าผ้า!DU15 -> 0 | AP6: =[2]หน้าผ้า!DP15 -> 0 | AQ6: =[2]หน้าผ้า!DW15 -> 0 | AR6: =[2]หน้าผ้า!DX15 -> 0 | AS6: =[2]หน้าผ้า!DY15 -> 0 | AT6: =[2]หน้าผ้า!DZ15 -> 0 | AU6: =[2]หน้าผ้า!EA15 -> 0 | AV6: =[2]หน้าผ้า!EB15 -> 0 | AW6: =[2]หน้าผ้า!EC15 -> 0 | AX6: =[2]หน้าผ้า!ED15 -> 0 | AY6: =[2]หน้าผ้า!AG15 -> 0 | AZ6: =[2]หน้าผ้า!EG15 -> 0 | BA6: =[2]หน้าผ้า!EH15 -> 0 | BB6: =[2]หน้าผ้า!EI15 -> 0 | BC6: =[2]หน้าผ้า!BZ15 -> WRWT120750/WRWT21750 | BD6: =[2]หน้าผ้า!CA15 -> 0
A7: =[2]หน้าผ้า!C16 -> 45833 | B7: =[2]หน้าผ้า!B16 -> MK68-000834 | C7: =[2]หน้าผ้า!E16 -> บจก.น้ำตาลทิพย์สุโขทัย | D7: =[2]หน้าผ้า!F16 -> ไม่พิมพ์ | E7: =[2]หน้าผ้า!G16 -> 14 | F7: =[2]หน้าผ้า!H16 -> 20 | G7: =[2]หน้าผ้า!I16 -> ขาว | H7: =[2]หน้าผ้า!J16 -> 0 | I7: =[2]หน้าผ้า!L16 -> 32 | J7: =[2]หน้าผ้า!M16 -> ± | K7: =[2]หน้าผ้า!N16 -> 5 | L7: =[2]หน้าผ้า!R16 -> ไม่ | M7: =[2]หน้าผ้า!T16 -> 15 | N7: =[2]หน้าผ้า!U16 -> 22 | O7: =[2]หน้าผ้า!V16 -> 40 | P7: =[2]หน้าผ้า!AB16 -> 48.848418 | Q7: =[2]หน้าผ้า!AC16 -> 0 | R7: =[2]หน้าผ้า!AD16 -> 48.848418 | S7: =[2]หน้าผ้า!Z16 -> 500กระสอบแบน | T7: =[2]หน้าผ้า!X16 -> 45848 | U7: =[2]หน้าผ้า!AA16 -> 6000 | V7: =[2]หน้าผ้า!AJ16 -> 0 | W7: =[2]หน้าผ้า!AL16 -> 6000 | X7: =[2]หน้าผ้า!AM16 -> 0 | Y7: =[2]หน้าผ้า!AN16 -> 0 | Z7: =[2]หน้าผ้า!AO16 -> WSWT1425800 | AA7: =[2]หน้าผ้า!AQ16 -> 3604.26 | AB7: =[2]หน้าผ้า!AR16 -> 3604.26 | AC7: =[2]หน้าผ้า!AS16 -> 0 | AD7: =[2]หน้าผ้า!AT16 -> 0 | AE7: =[2]หน้าผ้า!AU16 -> 0 | AF7: =[2]หน้าผ้า!AI16 -> 0 | AG7: =[3]หน้าผ้า!DC19 -> ยังไม่ได้พิมพ์ | AH7: =[2]หน้าผ้า!DL16 -> P13 | AI7: =[2]หน้าผ้า!DM16 -> 2 | AJ7: =[2]หน้าผ้า!DN16 -> 45848 | AK7: =[2]หน้าผ้า!DQ16 -> 0 | AL7: =[2]หน้าผ้า!DR16 -> 0 | AM7: =[2]หน้าผ้า!DS16 -> 0 | AN7: =[2]หน้าผ้า!DT16 -> 0 | AO7: =[2]หน้าผ้า!DU16 -> 45846 | AP7: =[2]หน้าผ้า!DP16 -> 45843 | AQ7: =[2]หน้าผ้า!DW16 -> 45847 | AR7: =[2]หน้าผ้า!DX16 -> 0 | AS7: =[2]หน้าผ้า!DY16 -> 0 | AT7: =[2]หน้าผ้า!DZ16 -> 0 | AU7: =[2]หน้าผ้า!EA16 -> 0 | AV7: =[2]หน้าผ้า!EB16 -> 0 | AW7: =[2]หน้าผ้า!EC16 -> ตัด | AX7: =[2]หน้าผ้า!ED16 -> 0 | AY7: =[2]หน้าผ้า!AG16 -> 0 | AZ7: =[2]หน้าผ้า!EG16 -> 0 | BA7: =[2]หน้าผ้า!EH16 -> 0 | BB7: =[2]หน้าผ้า!EI16 -> 0 | BC7: =[2]หน้าผ้า!BZ16 -> WRWT25800/WRWT25800 | BD7: =[2]หน้าผ้า!CA16 -> 0
A8: =[2]หน้าผ้า!C17 -> 0 | B8: =[2]หน้าผ้า!B17 -> 0 | C8: =[2]หน้าผ้า!E17 -> 0 | D8: =[2]หน้าผ้า!F17 -> 0 | E8: =[2]หน้าผ้า!G17 -> 14 | F8: =[2]หน้าผ้า!H17 -> 22 | G8: =[2]หน้าผ้า!I17 -> ขาว | H8: =[2]หน้าผ้า!J17 -> 0 | I8: =[2]หน้าผ้า!L17 -> 36 | J8: =[2]หน้าผ้า!M17 -> ± | K8: =[2]หน้าผ้า!N17 -> 5 | L8: =[2]หน้าผ้า!R17 -> 0 | M8: =[2]หน้าผ้า!T17 -> 0 | N8: =[2]หน้าผ้า!U17 -> 0 | O8: =[2]หน้าผ้า!V17 -> 0 | P8: =[2]หน้าผ้า!AB17 -> 0 | Q8: =[2]หน้าผ้า!AC17 -> 0 | R8: =[2]หน้าผ้า!AD17 -> 0 | S8: =[2]หน้าผ้า!Z17 -> 0 | T8: =[2]หน้าผ้า!X17 -> 0 | U8: =[2]หน้าผ้า!AA17 -> 0 | V8: =[2]หน้าผ้า!AJ17 -> 0 | W8: =[2]หน้าผ้า!AL17 -> 0 | X8: =[2]หน้าผ้า!AM17 -> 0 | Y8: =[2]หน้าผ้า!AN17 -> 0 | Z8: =[2]หน้าผ้า!AO17 -> WSWT1425800 | AA8: =[2]หน้าผ้า!AQ17 -> 3604.26 | AB8: =[2]หน้าผ้า!AR17 -> 3604.26 | AC8: =[2]หน้าผ้า!AS17 -> 0 | AD8: =[2]หน้าผ้า!AT17 -> 0 | AE8: =[2]หน้าผ้า!AU17 -> 0 | AF8: =[2]หน้าผ้า!AI17 -> ระบุในSD | AG8: =[3]หน้าผ้า!DC20 -> พร้อมส่ง | AH8: =[2]หน้าผ้า!DL17 -> 0 | AI8: =[2]หน้าผ้า!DM17 -> Lead time | AJ8: =[2]หน้าผ้า!DN17 -> 0 | AK8: =[2]หน้าผ้า!DQ17 -> 0 | AL8: =[2]หน้าผ้า!DR17 -> 0 | AM8: =[2]หน้าผ้า!DS17 -> 0 | AN8: =[2]หน้าผ้า!DT17 -> 0 | AO8: =[2]หน้าผ้า!DU17 -> 0 | AP8: =[2]หน้าผ้า!DP17 -> 0 | AQ8: =[2]หน้าผ้า!DW17 -> 0 | AR8: =[2]หน้าผ้า!DX17 -> 0 | AS8: =[2]หน้าผ้า!DY17 -> 0 | AT8: =[2]หน้าผ้า!DZ17 -> 0 | AU8: =[2]หน้าผ้า!EA17 -> 0 | AV8: =[2]หน้าผ้า!EB17 -> 0 | AW8: =[2]หน้าผ้า!EC17 -> 0 | AX8: =[2]หน้าผ้า!ED17 -> 0 | AY8: =[2]หน้าผ้า!AG17 -> 0 | AZ8: =[2]หน้าผ้า!EG17 -> 0 | BA8: =[2]หน้าผ้า!EH17 -> 0 | BB8: =[2]หน้าผ้า!EI17 -> 0 | BC8: =[2]หน้าผ้า!BZ17 -> WRWT140800/WRWT25800 | BD8: =[2]หน้าผ้า!CA17 -> 0
A9: =[2]หน้าผ้า!C18 -> 45842 | B9: =[2]หน้าผ้า!B18 -> ใบรับคำสั่งซื้อ | C9: =[2]หน้าผ้า!E18 -> พีมินเนอร์ | D9: =[2]หน้าผ้า!F18 -> พี-มินเนอร์ นิวพลัส | E9: =[2]หน้าผ้า!G18 -> 16 | F9: =[2]หน้าผ้า!H18 -> 28 | G9: =[2]หน้าผ้า!I18 -> ขาว | H9: =[2]หน้าผ้า!J18 -> ใส | I9: =[2]หน้าผ้า!L18 -> 56 | J9: =[2]หน้าผ้า!M18 -> ± | K9: =[2]หน้าผ้า!N18 -> 5 | L9: =[2]หน้าผ้า!R18 -> ไม่ | M9: =[2]หน้าผ้า!T18 -> 19 | N9: =[2]หน้าผ้า!U18 -> 31 | O9: =[2]หน้าผ้า!V18 -> 40 | P9: =[2]หน้าผ้า!AB18 -> 72.655855 | Q9: =[2]หน้าผ้า!AC18 -> 0 | R9: =[2]หน้าผ้า!AD18 -> 72.655855 | S9: =[2]หน้าผ้า!Z18 -> 500กระสอบ | T9: =[2]หน้าผ้า!X18 -> 45855 | U9: =[2]หน้าผ้า!AA18 -> 5000 | V9: =[2]หน้าผ้า!AJ18 -> 0 | W9: =[2]หน้าผ้า!AL18 -> 5000 | X9: =[2]หน้าผ้า!AM18 -> 0 | Y9: =[2]หน้าผ้า!AN18 -> 5250 | Z9: =[2]หน้าผ้า!AO18 -> WSWT1625800SM | AA9: =[2]หน้าผ้า!AQ18 -> 4121.15 | AB9: =[2]หน้าผ้า!AR18 -> 3175 | AC9: =[2]หน้าผ้า!AS18 -> 946.15 | AD9: =[2]หน้าผ้า!AT18 -> 3175 | AE9: =[2]หน้าผ้า!AU18 -> 946.15 | AF9: =[2]หน้าผ้า!AI18 -> 0 | AG9: =[3]หน้าผ้า!DC21 -> พร้อมส่ง | AH9: =[2]หน้าผ้า!DL18 -> P8 | AI9: =[2]หน้าผ้า!DM18 -> 4 | AJ9: =[2]หน้าผ้า!DN18 -> 45855 | AK9: =[2]หน้าผ้า!DQ18 -> 45851 | AL9: =[2]หน้าผ้า!DR18 -> 45845 | AM9: =[2]หน้าผ้า!DS18 -> 45852 | AN9: =[2]หน้าผ้า!DT18 -> 45853 | AO9: =[2]หน้าผ้า!DU18 -> 45853 | AP9: =[2]หน้าผ้า!DP18 -> 45850 | AQ9: =[2]หน้าผ้า!DW18 -> 45854 | AR9: =[2]หน้าผ้า!DX18 -> 0 | AS9: =[2]หน้าผ้า!DY18 -> 0 | AT9: =[2]หน้าผ้า!DZ18 -> 0 | AU9: =[2]หน้าผ้า!EA18 -> 0 | AV9: =[2]หน้าผ้า!EB18 -> 0 | AW9: =[2]หน้าผ้า!EC18 -> งานเคลือบ+พิมพ์ | AX9: =[2]หน้าผ้า!ED18 -> รอART | AY9: =[2]หน้าผ้า!AG18 -> 0 | AZ9: =[2]หน้าผ้า!EG18 -> 0 | BA9: =[2]หน้าผ้า!EH18 -> 0 | BB9: =[2]หน้าผ้า!EI18 -> 0 | BC9: =[2]หน้าผ้า!BZ18 -> WRWT25800/WRWT25800 | BD9: =[2]หน้าผ้า!CA18 -> 53.825422
A10: =[2]หน้าผ้า!C19 -> ประมาณการ | B10: =[2]หน้าผ้า!B19 -> ประมาณการ | C10: =[2]หน้าผ้า!E19 -> บจก.ซัน ซีเมนต์ โพรเซส | D10: =[2]หน้าผ้า!F19 -> พระอาทิตย์(ปูนนอน-ชริงค์) | E10: =[2]หน้าผ้า!G19 -> 16 | F10: =[2]หน้าผ้า!H19 -> 25 | G10: =[2]หน้าผ้า!I19 -> ขาว | H10: =[2]หน้าผ้า!J19 -> ใส | I10: =[2]หน้าผ้า!L19 -> 50 | J10: =[2]หน้าผ้า!M19 -> ± | K10: =[2]หน้าผ้า!N19 -> 5 | L10: =[2]หน้าผ้า!R19 -> บิด | M10: =[2]หน้าผ้า!T19 -> 19 | N10: =[2]หน้าผ้า!U19 -> 28 | O10: =[2]หน้าผ้า!V19 -> 40 | P10: =[2]หน้าผ้า!AB19 -> 65.624643 | Q10: =[2]หน้าผ้า!AC19 -> 0 | R10: =[2]หน้าผ้า!AD19 -> 65.624643 | S10: =[2]หน้าผ้า!Z19 -> 500กระสอบ | T10: =[2]หน้าผ้า!X19 -> รอแจ้ง | U10: =[2]หน้าผ้า!AA19 -> 5000 | V10: =[2]หน้าผ้า!AJ19 -> 0 | W10: =[2]หน้าผ้า!AL19 -> 5000 | X10: =[2]หน้าผ้า!AM19 -> 0 | Y10: =[2]หน้าผ้า!AN19 -> 5250 | Z10: =[2]หน้าผ้า!AO19 -> WSWT1625800SM | AA10: =[2]หน้าผ้า!AQ19 -> 3702.05 | AB10: =[2]หน้าผ้า!AR19 -> 0 | AC10: =[2]หน้าผ้า!AS19 -> 3702.05 | AD10: =[2]หน้าผ้า!AT19 -> 0 | AE10: =[2]หน้าผ้า!AU19 -> 3702.05 | AF10: =[2]หน้าผ้า!AI19 -> 0 | AG10: =[3]หน้าผ้า!DC22 -> พร้อมส่ง | AH10: =[2]หน้าผ้า!DL19 -> P8 | AI10: =[2]หน้าผ้า!DM19 -> 4 | AJ10: =[2]หน้าผ้า!DN19 -> รอแจ้ง | AK10: =[2]หน้าผ้า!DQ19 -> #VALUE! | AL10: =[2]หน้าผ้า!DR19 -> #VALUE! | AM10: =[2]หน้าผ้า!DS19 -> #VALUE! | AN10: =[2]หน้าผ้า!DT19 -> #VALUE! | AO10: =[2]หน้าผ้า!DU19 -> #VALUE! | AP10: =[2]หน้าผ้า!DP19 -> #VALUE! | AQ10: =[2]หน้าผ้า!DW19 -> #VALUE! | AR10: =[2]หน้าผ้า!DX19 -> 0 | AS10: =[2]หน้าผ้า!DY19 -> 0 | AT10: =[2]หน้าผ้า!DZ19 -> 0 | AU10: =[2]หน้าผ้า!EA19 -> 0 | AV10: =[2]หน้าผ้า!EB19 -> 0 | AW10: =[2]หน้าผ้า!EC19 -> งานเคลือบ+พิมพ์ | AX10: =[2]หน้าผ้า!ED19 -> รอART | AY10: =[2]หน้าผ้า!AG19 -> 0 | AZ10: =[2]หน้าผ้า!EG19 -> 0 | BA10: =[2]หน้าผ้า!EH19 -> 0 | BB10: =[2]หน้าผ้า!EI19 -> 0 | BC10: =[2]หน้าผ้า!BZ19 -> WRWT25800/WRWT25800 | BD10: =[2]หน้าผ้า!CA19 -> 210.60551
A11: =[2]หน้าผ้า!C20 -> 0 | B11: =[2]หน้าผ้า!B20 -> 0 | C11: =[2]หน้าผ้า!E20 -> 0 | D11: =[2]หน้าผ้า!F20 | E11: =[2]หน้าผ้า!G20 -> 16 | F11: =[2]หน้าผ้า!H20 -> 25 | G11: =[2]หน้าผ้า!I20 -> ขาว | H11: =[2]หน้าผ้า!J20 -> 0 | I11: =[2]หน้าผ้า!L20 -> 45 | J11: =[2]หน้าผ้า!M20 -> ± | K11: =[2]หน้าผ้า!N20 -> 5 | L11: =[2]หน้าผ้า!R20 -> 0 | M11: =[2]หน้าผ้า!T20 -> 0 | N11: =[2]หน้าผ้า!U20 -> 0 | O11: =[2]หน้าผ้า!V20 -> 0 | P11: =[2]หน้าผ้า!AB20 -> 0 | Q11: =[2]หน้าผ้า!AC20 -> 0 | R11: =[2]หน้าผ้า!AD20 -> 0 | S11: =[2]หน้าผ้า!Z20 -> 0 | T11: =[2]หน้าผ้า!X20 -> 0 | U11: =[2]หน้าผ้า!AA20 -> 0 | V11: =[2]หน้าผ้า!AJ20 -> 0 | W11: =[2]หน้าผ้า!AL20 -> 0 | X11: =[2]หน้าผ้า!AM20 -> 0 | Y11: =[2]หน้าผ้า!AN20 -> 0 | Z11: =[2]หน้าผ้า!AO20 -> WSWT1625800SM | AA11: =[2]หน้าผ้า!AQ20 -> 7823.2 | AB11: =[2]หน้าผ้า!AR20 -> 3175 | AC11: =[2]หน้าผ้า!AS20 -> 4648.2 | AD11: =[2]หน้าผ้า!AT20 -> 3175 | AE11: =[2]หน้าผ้า!AU20 -> 4648.2 | AF11: =[2]หน้าผ้า!AI20 -> ระบุในSD | AG11: =[3]หน้าผ้า!DC23 -> พร้อมส่ง | AH11: =[2]หน้าผ้า!DL20 -> 0 | AI11: =[2]หน้าผ้า!DM20 -> Lead time | AJ11: =[2]หน้าผ้า!DN20 -> 0 | AK11: =[2]หน้าผ้า!DQ20 -> 0 | AL11: =[2]หน้าผ้า!DR20 -> 0 | AM11: =[2]หน้าผ้า!DS20 -> 0 | AN11: =[2]หน้าผ้า!DT20 -> 0 | AO11: =[2]หน้าผ้า!DU20 -> 0 | AP11: =[2]หน้าผ้า!DP20 -> 0 | AQ11: =[2]หน้าผ้า!DW20 -> 0 | AR11: =[2]หน้าผ้า!DX20 -> 0 | AS11: =[2]หน้าผ้า!DY20 -> 0 | AT11: =[2]หน้าผ้า!DZ20 -> 0 | AU11: =[2]หน้าผ้า!EA20 -> 0 | AV11: =[2]หน้าผ้า!EB20 -> 0 | AW11: =[2]หน้าผ้า!EC20 -> 0 | AX11: =[2]หน้าผ้า!ED20 -> 0 | AY11: =[2]หน้าผ้า!AG20 -> 0 | AZ11: =[2]หน้าผ้า!EG20 -> 0 | BA11: =[2]หน้าผ้า!EH20 -> 0 | BB11: =[2]หน้าผ้า!EI20 -> 0 | BC11: =[2]หน้าผ้า!BZ20 -> WRWT160800/WRWT25800 | BD11: =[2]หน้าผ้า!CA20 -> 0
A12: =[2]หน้าผ้า!C21 -> 0 | B12: =[2]หน้าผ้า!B21 -> 0 | C12: =[2]หน้าผ้า!E21 -> 0 | D12: =[2]หน้าผ้า!F21 -> 0 | E12: =[2]หน้าผ้า!G21 -> 16 | F12: =[2]หน้าผ้า!H21 -> 25 | G12: =[2]หน้าผ้า!I21 -> ขาว | H12: =[2]หน้าผ้า!J21 -> 0 | I12: =[2]หน้าผ้า!L21 -> 45 | J12: =[2]หน้าผ้า!M21 -> ± | K12: =[2]หน้าผ้า!N21 -> 5 | L12: =[2]หน้าผ้า!R21 -> 0 | M12: =[2]หน้าผ้า!T21 -> 0 | N12: =[2]หน้าผ้า!U21 -> 0 | O12: =[2]หน้าผ้า!V21 -> 0 | P12: =[2]หน้าผ้า!AB21 -> 0 | Q12: =[2]หน้าผ้า!AC21 -> 0 | R12: =[2]หน้าผ้า!AD21 -> 0 | S12: =[2]หน้าผ้า!Z21 -> 0 | T12: =[2]หน้าผ้า!X21 -> 0 | U12: =[2]หน้าผ้า!AA21 -> 0 | V12: =[2]หน้าผ้า!AJ21 -> 0 | W12: =[2]หน้าผ้า!AL21 -> 0 | X12: =[2]หน้าผ้า!AM21 -> 0 | Y12: =[2]หน้าผ้า!AN21 -> 0 | Z12: =[2]หน้าผ้า!AO21 -> WSWT1625800 | AA12: =[2]หน้าผ้า!AQ21 -> #REF! | AB12: =[2]หน้าผ้า!AR21 -> #REF! | AC12: =[2]หน้าผ้า!AS21 -> #REF! | AD12: =[2]หน้าผ้า!AT21 -> #REF! | AE12: =[2]หน้าผ้า!AU21 -> #REF! | AF12: =[2]หน้าผ้า!AI21 -> ระบุในSD | AG12: =[3]หน้าผ้า!DC24 -> ยังไม่ได้พิมพ์ | AH12: =[2]หน้าผ้า!DL21 -> 0 | AI12: =[2]หน้าผ้า!DM21 -> Lead time | AJ12: =[2]หน้าผ้า!DN21 -> 0 | AK12: =[2]หน้าผ้า!DQ21 -> 0 | AL12: =[2]หน้าผ้า!DR21 -> 0 | AM12: =[2]หน้าผ้า!DS21 -> 0 | AN12: =[2]หน้าผ้า!DT21 -> 0 | AO12: =[2]หน้าผ้า!DU21 -> 0 | AP12: =[2]หน้าผ้า!DP21 -> 0 | AQ12: =[2]หน้าผ้า!DW21 -> 0 | AR12: =[2]หน้าผ้า!DX21 -> 0 | AS12: =[2]หน้าผ้า!DY21 -> 0 | AT12: =[2]หน้าผ้า!DZ21 -> 0 | AU12: =[2]หน้าผ้า!EA21 -> 0 | AV12: =[2]หน้าผ้า!EB21 -> 0 | AW12: =[2]หน้าผ้า!EC21 -> 0 | AX12: =[2]หน้าผ้า!ED21 -> 0 | AY12: =[2]หน้าผ้า!AG21 -> 0 | AZ12: =[2]หน้าผ้า!EG21 -> 0 | BA12: =[2]หน้าผ้า!EH21 -> 0 | BB12: =[2]หน้าผ้า!EI21 -> 0 | BC12: =[2]หน้าผ้า!BZ21 -> WRWT160800/WRWT25800 | BD12: =[2]หน้าผ้า!CA21 -> 0
A13: =[2]หน้าผ้า!C22 -> 0 | B13: =[2]หน้าผ้า!B22 -> 0 | C13: =[2]หน้าผ้า!E22 -> 0 | D13: =[2]หน้าผ้า!F22 -> 0 | E13: =[2]หน้าผ้า!G22 -> 16 | F13: =[2]หน้าผ้า!H22 -> 25 | G13: =[2]หน้าผ้า!I22 -> 0 | H13: =[2]หน้าผ้า!J22 -> 0 | I13: =[2]หน้าผ้า!L22 -> 47 | J13: =[2]หน้าผ้า!M22 -> ± | K13: =[2]หน้าผ้า!N22 -> 5 | L13: =[2]หน้าผ้า!R22 -> 0 | M13: =[2]หน้าผ้า!T22 -> 0 | N13: =[2]หน้าผ้า!U22 -> 0 | O13: =[2]หน้าผ้า!V22 -> 0 | P13: =[2]หน้าผ้า!AB22 -> 0 | Q13: =[2]หน้าผ้า!AC22 -> 0 | R13: =[2]หน้าผ้า!AD22 -> 0 | S13: =[2]หน้าผ้า!Z22 -> 0 | T13: =[2]หน้าผ้า!X22 -> 0 | U13: =[2]หน้าผ้า!AA22 -> 0 | V13: =[2]หน้าผ้า!AJ22 -> 0 | W13: =[2]หน้าผ้า!AL22 -> 0 | X13: =[2]หน้าผ้า!AM22 -> 0 | Y13: =[2]หน้าผ้า!AN22 -> 0 | Z13: =[2]หน้าผ้า!AO22 -> WSWT1621720SMFX | AA13: =[2]หน้าผ้า!AQ22 -> #REF! | AB13: =[2]หน้าผ้า!AR22 -> #REF! | AC13: =[2]หน้าผ้า!AS22 -> #REF! | AD13: =[2]หน้าผ้า!AT22 -> #REF! | AE13: =[2]หน้าผ้า!AU22 -> #REF! | AF13: =[2]หน้าผ้า!AI22 -> ระบุในSD | AG13: =[3]หน้าผ้า!DC25 -> พร้อมส่ง | AH13: =[2]หน้าผ้า!DL22 -> 0 | AI13: =[2]หน้าผ้า!DM22 -> 0 | AJ13: =[2]หน้าผ้า!DN22 -> 0 | AK13: =[2]หน้าผ้า!DQ22 -> 0 | AL13: =[2]หน้าผ้า!DR22 -> 0 | AM13: =[2]หน้าผ้า!DS22 -> 0 | AN13: =[2]หน้าผ้า!DT22 -> 0 | AO13: =[2]หน้าผ้า!DU22 -> 0 | AP13: =[2]หน้าผ้า!DP22 -> 0 | AQ13: =[2]หน้าผ้า!DW22 -> 0 | AR13: =[2]หน้าผ้า!DX22 -> 0 | AS13: =[2]หน้าผ้า!DY22 -> 0 | AT13: =[2]หน้าผ้า!DZ22 -> 0 | AU13: =[2]หน้าผ้า!EA22 -> 0 | AV13: =[2]หน้าผ้า!EB22 -> 0 | AW13: =[2]หน้าผ้า!EC22 -> 0 | AX13: =[2]หน้าผ้า!ED22 -> 0 | AY13: =[2]หน้าผ้า!AG22 -> 0 | AZ13: =[2]หน้าผ้า!EG22 -> 0 | BA13: =[2]หน้าผ้า!EH22 -> 0 | BB13: =[2]หน้าผ้า!EI22 -> 0 | BC13: =[2]หน้าผ้า!BZ22 -> WRWT160720/WRWT21720 | BD13: =[2]หน้าผ้า!CA22 -> 0
A14: =[2]หน้าผ้า!C23 -> 0 | B14: =[2]หน้าผ้า!B23 -> 0 | C14: =[2]หน้าผ้า!E23 -> 0 | D14: =[2]หน้าผ้า!F23 -> 0 | E14: =[2]หน้าผ้า!G23 -> 17 | F14: =[2]หน้าผ้า!H23 -> 26 | G14: =[2]หน้าผ้า!I23 -> 0 | H14: =[2]หน้าผ้า!J23 -> 0 | I14: =[2]หน้าผ้า!L23 -> 48 | J14: =[2]หน้าผ้า!M23 -> ± | K14: =[2]หน้าผ้า!N23 -> 5 | L14: =[2]หน้าผ้า!R23 -> 0 | M14: =[2]หน้าผ้า!T23 -> 0 | N14: =[2]หน้าผ้า!U23 -> 0 | O14: =[2]หน้าผ้า!V23 -> 0 | P14: =[2]หน้าผ้า!AB23 -> 0 | Q14: =[2]หน้าผ้า!AC23 -> 0 | R14: =[2]หน้าผ้า!AD23 -> 0 | S14: =[2]หน้าผ้า!Z23 -> 0 | T14: =[2]หน้าผ้า!X23 -> 0 | U14: =[2]หน้าผ้า!AA23 -> 0 | V14: =[2]หน้าผ้า!AJ23 -> 0 | W14: =[2]หน้าผ้า!AL23 -> 0 | X14: =[2]หน้าผ้า!AM23 -> 0 | Y14: =[2]หน้าผ้า!AN23 -> 0 | Z14: =[2]หน้าผ้า!AO23 -> WSWT1725800 | AA14: =[2]หน้าผ้า!AQ23 -> #REF! | AB14: =[2]หน้าผ้า!AR23 -> #REF! | AC14: =[2]หน้าผ้า!AS23 -> #REF! | AD14: =[2]หน้าผ้า!AT23 -> #REF! | AE14: =[2]หน้าผ้า!AU23 -> #REF! | AF14: =[2]หน้าผ้า!AI23 -> ระบุในSD | AG14: =[3]หน้าผ้า!DC26 -> รอตัด | AH14: =[2]หน้าผ้า!DL23 -> 0 | AI14: =[2]หน้าผ้า!DM23 -> 0 | AJ14: =[2]หน้าผ้า!DN23 -> 0 | AK14: =[2]หน้าผ้า!DQ23 -> 0 | AL14: =[2]หน้าผ้า!DR23 -> 0 | AM14: =[2]หน้าผ้า!DS23 -> 0 | AN14: =[2]หน้าผ้า!DT23 -> 0 | AO14: =[2]หน้าผ้า!DU23 -> 0 | AP14: =[2]หน้าผ้า!DP23 -> 0 | AQ14: =[2]หน้าผ้า!DW23 -> 0 | AR14: =[2]หน้าผ้า!DX23 -> 0 | AS14: =[2]หน้าผ้า!DY23 -> 0 | AT14: =[2]หน้าผ้า!DZ23 -> 0 | AU14: =[2]หน้าผ้า!EA23 -> 0 | AV14: =[2]หน้าผ้า!EB23 -> 0 | AW14: =[2]หน้าผ้า!EC23 -> 0 | AX14: =[2]หน้าผ้า!ED23 -> 0 | AY14: =[2]หน้าผ้า!AG23 -> 0 | AZ14: =[2]หน้าผ้า!EG23 -> 0 | BA14: =[2]หน้าผ้า!EH23 -> 0 | BB14: =[2]หน้าผ้า!EI23 -> 0 | BC14: =[2]หน้าผ้า!BZ23 -> WRWT170800/WRWT25800 | BD14: =[2]หน้าผ้า!CA23 -> 0
A15: =[2]หน้าผ้า!C24 -> ประมาณการ | B15: =[2]หน้าผ้า!B24 -> ประมาณการ | C15: =[2]หน้าผ้า!E24 -> บจก.ฟาร์เธอร์ส วิง ซัพพลาย | D15: =[2]หน้าผ้า!F24 -> รถไฟ | E15: =[2]หน้าผ้า!G24 -> 18 | F15: =[2]หน้าผ้า!H24 -> 30 | G15: =[2]หน้าผ้า!I24 -> ขาว | H15: =[2]หน้าผ้า!J24 -> 0 | I15: =[2]หน้าผ้า!L24 -> 54 | J15: =[2]หน้าผ้า!M24 -> ± | K15: =[2]หน้าผ้า!N24 -> 5 | L15: =[2]หน้าผ้า!R24 -> บิด | M15: =[2]หน้าผ้า!T24 -> 19 | N15: =[2]หน้าผ้า!U24 -> 33 | O15: =[2]หน้าผ้า!V24 -> 40 | P15: =[2]หน้าผ้า!AB24 -> 232.02999 | Q15: =[2]หน้าผ้า!AC24 -> 0 | R15: =[2]หน้าผ้า!AD24 -> 232.02999 | S15: =[2]หน้าผ้า!Z24 -> 500กระสอบ | T15: =[2]หน้าผ้า!X24 -> 45868 | U15: =[2]หน้าผ้า!AA24 -> 15000 | V15: =[2]หน้าผ้า!AJ24 -> 0 | W15: =[2]หน้าผ้า!AL24 -> 15000 | X15: =[2]หน้าผ้า!AM24 -> 0 | Y15: =[2]หน้าผ้า!AN24 -> 15750 | Z15: =[2]หน้าผ้า!AO24 -> WSWT1825800 | AA15: =[2]หน้าผ้า!AQ24 -> 13201.65 | AB15: =[2]หน้าผ้า!AR24 -> 6301 | AC15: =[2]หน้าผ้า!AS24 -> 6900.65 | AD15: =[2]หน้าผ้า!AT24 -> 0 | AE15: =[2]หน้าผ้า!AU24 -> 0 | AF15: =[2]หน้าผ้า!AI24 -> 0 | AG15: =[3]หน้าผ้า!DC27 -> พร้อมส่ง | AH15: =[2]หน้าผ้า!DL24 -> P9 | AI15: =[2]หน้าผ้า!DM24 -> 3 | AJ15: =[2]หน้าผ้า!DN24 -> 45868 | AK15: =[2]หน้าผ้า!DQ24 -> 0 | AL15: =[2]หน้าผ้า!DR24 -> 45858 | AM15: =[2]หน้าผ้า!DS24 -> 45865 | AN15: =[2]หน้าผ้า!DT24 -> 45866 | AO15: =[2]หน้าผ้า!DU24 -> 45866 | AP15: =[2]หน้าผ้า!DP24 -> 45863 | AQ15: =[2]หน้าผ้า!DW24 -> 45867 | AR15: =[2]หน้าผ้า!DX24 -> 0 | AS15: =[2]หน้าผ้า!DY24 -> 0 | AT15: =[2]หน้าผ้า!DZ24 -> 0 | AU15: =[2]หน้าผ้า!EA24 -> 0 | AV15: =[2]หน้าผ้า!EB24 -> 0 | AW15: =[2]หน้าผ้า!EC24 -> งานพิมพ์ | AX15: =[2]หน้าผ้า!ED24 -> รอART | AY15: =[2]หน้าผ้า!AG24 -> 0 | AZ15: =[2]หน้าผ้า!EG24 -> 0 | BA15: =[2]หน้าผ้า!EH24 -> 0 | BB15: =[2]หน้าผ้า!EI24 -> 0 | BC15: =[2]หน้าผ้า!BZ24 -> WRWT25800/WRWT25800 | BD15: =[2]หน้าผ้า!CA24 -> 474.76472
A16: =[2]หน้าผ้า!C25 -> 0 | B16: =[2]หน้าผ้า!B25 -> 0 | C16: =[2]หน้าผ้า!E25 | D16: =[2]หน้าผ้า!F25 | E16: =[2]หน้าผ้า!G25 -> 18 | F16: =[2]หน้าผ้า!H25 -> 30 | G16: =[2]หน้าผ้า!I25 -> ขาว | H16: =[2]หน้าผ้า!J25 -> 0 | I16: =[2]หน้าผ้า!L25 -> 54 | J16: =[2]หน้าผ้า!M25 -> ± | K16: =[2]หน้าผ้า!N25 -> 5 | L16: =[2]หน้าผ้า!R25 -> 0 | M16: =[2]หน้าผ้า!T25 -> 0 | N16: =[2]หน้าผ้า!U25 -> 0 | O16: =[2]หน้าผ้า!V25 -> 0 | P16: =[2]หน้าผ้า!AB25 -> 0 | Q16: =[2]หน้าผ้า!AC25 -> 0 | R16: =[2]หน้าผ้า!AD25 -> 0 | S16: =[2]หน้าผ้า!Z25 -> 0 | T16: =[2]หน้าผ้า!X25 -> 0 | U16: =[2]หน้าผ้า!AA25 -> 0 | V16: =[2]หน้าผ้า!AJ25 -> 0 | W16: =[2]หน้าผ้า!AL25 -> 0 | X16: =[2]หน้าผ้า!AM25 -> 0 | Y16: =[2]หน้าผ้า!AN25 -> 0 | Z16: =[2]หน้าผ้า!AO25 -> WSWT1825800 | AA16: =[2]หน้าผ้า!AQ25 -> 13201.65 | AB16: =[2]หน้าผ้า!AR25 -> 6301 | AC16: =[2]หน้าผ้า!AS25 -> 6900.65 | AD16: =[2]หน้าผ้า!AT25 -> 0 | AE16: =[2]หน้าผ้า!AU25 -> 0 | AF16: =[2]หน้าผ้า!AI25 -> ระบุในSD | AG16: =[3]หน้าผ้า!DC28 -> พิมพ์ไม่ครบ | AH16: =[2]หน้าผ้า!DL25 -> 0 | AI16: =[2]หน้าผ้า!DM25 -> Lead time | AJ16: =[2]หน้าผ้า!DN25 -> 0 | AK16: =[2]หน้าผ้า!DQ25 -> 0 | AL16: =[2]หน้าผ้า!DR25 -> 0 | AM16: =[2]หน้าผ้า!DS25 -> 0 | AN16: =[2]หน้าผ้า!DT25 -> 0 | AO16: =[2]หน้าผ้า!DU25 -> 0 | AP16: =[2]หน้าผ้า!DP25 -> 0 | AQ16: =[2]หน้าผ้า!DW25 -> 0 | AR16: =[2]หน้าผ้า!DX25 -> 0 | AS16: =[2]หน้าผ้า!DY25 -> 0 | AT16: =[2]หน้าผ้า!DZ25 -> 0 | AU16: =[2]หน้าผ้า!EA25 -> 0 | AV16: =[2]หน้าผ้า!EB25 -> 0 | AW16: =[2]หน้าผ้า!EC25 -> 0 | AX16: =[2]หน้าผ้า!ED25 -> 0 | AY16: =[2]หน้าผ้า!AG25 -> 0 | AZ16: =[2]หน้าผ้า!EG25 -> 0 | BA16: =[2]หน้าผ้า!EH25 -> 0 | BB16: =[2]หน้าผ้า!EI25 -> 0 | BC16: =[2]หน้าผ้า!BZ25 -> WRWT25800/WRWT25800 | BD16: =[2]หน้าผ้า!CA25 -> 0
A17: =[2]หน้าผ้า!C26 -> 45831 | B17: =[2]หน้าผ้า!B26 -> MK68-000830 | C17: =[2]หน้าผ้า!E26 -> บจก.2เอ็ม อโกร เท็ค | D17: =[2]หน้าผ้า!F26 -> เลิฟซอยล์26-6-6 | E17: =[2]หน้าผ้า!G26 -> 18 | F17: =[2]หน้าผ้า!H26 -> 30 | G17: =[2]หน้าผ้า!I26 -> ขาว | H17: =[2]หน้าผ้า!J26 -> ใส | I17: =[2]หน้าผ้า!L26 -> 74 | J17: =[2]หน้าผ้า!M26 -> ± | K17: =[2]หน้าผ้า!N26 -> 5 | L17: =[2]หน้าผ้า!R26 -> บิด | M17: =[2]หน้าผ้า!T26 -> 19 | N17: =[2]หน้าผ้า!U26 -> 33 | O17: =[2]หน้าผ้า!V26 -> 70 | P17: =[2]หน้าผ้า!AB26 -> 135.35083 | Q17: =[2]หน้าผ้า!AC26 -> 0 | R17: =[2]หน้าผ้า!AD26 -> 135.35083 | S17: =[2]หน้าผ้า!Z26 -> 500กระสอบ | T17: =[2]หน้าผ้า!X26 -> 45846 | U17: =[2]หน้าผ้า!AA26 -> 5000 | V17: =[2]หน้าผ้า!AJ26 -> 0 | W17: =[2]หน้าผ้า!AL26 -> 5000 | X17: =[2]หน้าผ้า!AM26 -> 5404 | Y17: =[2]หน้าผ้า!AN26 -> 0 | Z17: =[2]หน้าผ้า!AO26 -> WSWT1825800SM | AA17: =[2]หน้าผ้า!AQ26 -> 0 | AB17: =[2]หน้าผ้า!AR26 -> 0 | AC17: =[2]หน้าผ้า!AS26 -> 0 | AD17: =[2]หน้าผ้า!AT26 -> 0 | AE17: =[2]หน้าผ้า!AU26 -> 0 | AF17: =[2]หน้าผ้า!AI26 -> ขาด-เกินได้5% | AG17: =[3]หน้าผ้า!DC29 -> รอตัด | AH17: =[2]หน้าผ้า!DL26 -> P8 | AI17: =[2]หน้าผ้า!DM26 -> 4 | AJ17: =[2]หน้าผ้า!DN26 -> 45846 | AK17: =[2]หน้าผ้า!DQ26 -> 45842 | AL17: =[2]หน้าผ้า!DR26 -> 45836 | AM17: =[2]หน้าผ้า!DS26 -> 45843 | AN17: =[2]หน้าผ้า!DT26 -> 45844 | AO17: =[2]หน้าผ้า!DU26 -> 45844 | AP17: =[2]หน้าผ้า!DP26 -> 45841 | AQ17: =[2]หน้าผ้า!DW26 -> 45845 | AR17: =[2]หน้าผ้า!DX26 -> 0 | AS17: =[2]หน้าผ้า!DY26 -> 0 | AT17: =[2]หน้าผ้า!DZ26 -> 0 | AU17: =[2]หน้าผ้า!EA26 -> 0 | AV17: =[2]หน้าผ้า!EB26 -> 0 | AW17: =[2]หน้าผ้า!EC26 -> งานเคลือบ+พิมพ์ | AX17: =[2]หน้าผ้า!ED26 -> รอART | AY17: =[2]หน้าผ้า!AG26 -> 0 | AZ17: =[2]หน้าผ้า!EG26 -> 0 | BA17: =[2]หน้าผ้า!EH26 -> 0 | BB17: =[2]หน้าผ้า!EI26 -> 0 | BC17: =[2]หน้าผ้า!BZ26 -> WRWT25800/WRWT25800 | BD17: =[2]หน้าผ้า!CA26 -> 0
... A575: =[2]หน้าผ้า!C584 -> 0 | B575: =[2]หน้าผ้า!B584 -> 0 | C575: =[2]หน้าผ้า!E584 -> 0 | D575: =[2]หน้าผ้า!F584 -> 0 | E575: =[2]หน้าผ้า!G584 -> 0 | F575: =[2]หน้าผ้า!H584 -> 0 | G575: =[2]หน้าผ้า!I584 -> 0 | H575: =[2]หน้าผ้า!J584 -> 0 | I575: =[2]หน้าผ้า!L584 -> 0 | J575: =[2]หน้าผ้า!M584 -> 0 | K575: =[2]หน้าผ้า!N584 -> 0 | L575: =[2]หน้าผ้า!R584 -> 0 | M575: =[2]หน้าผ้า!T584 -> 0 | N575: =[2]หน้าผ้า!U584 -> 0 | O575: =[2]หน้าผ้า!V584 -> 0 | P575: =[2]หน้าผ้า!AB584 -> 0 | Q575: =[2]หน้าผ้า!AC584 -> 0 | R575: =[2]หน้าผ้า!AD584 -> 0 | S575: =[2]หน้าผ้า!Z584 -> 0 | T575: =[2]หน้าผ้า!X584 -> 0 | U575: =[2]หน้าผ้า!AA584 -> 0 | V575: =[2]หน้าผ้า!AJ584 -> 0 | W575: =[2]หน้าผ้า!AL584 -> 0 | X575: =[2]หน้าผ้า!AM584 -> 0 | Y575: =[2]หน้าผ้า!AN584 -> 0 | Z575: =[2]หน้าผ้า!AO584 -> 0 | AA575: =[2]หน้าผ้า!AQ584 -> 0 | AB575: =[2]หน้าผ้า!AR584 -> 0 | AC575: =[2]หน้าผ้า!AS584 -> 0 | AD575: =[2]หน้าผ้า!AT584 -> 0 | AE575: =[2]หน้าผ้า!AU584 -> 0 | AF575: =[2]หน้าผ้า!AI584 -> 0 | AG575: =[3]หน้าผ้า!DC587 -> 0 | AH575: =[2]หน้าผ้า!DL584 -> 0 | AI575: =[2]หน้าผ้า!DM584 -> 0 | AJ575: =[2]หน้าผ้า!DN584 -> 0 | AK575: =[2]หน้าผ้า!DQ584 -> 0 | AL575: =[2]หน้าผ้า!DR584 -> 0 | AM575: =[2]หน้าผ้า!DS584 -> 0 | AN575: =[2]หน้าผ้า!DT584 -> 0 | AO575: =[2]หน้าผ้า!DU584 -> 0 | AP575: =[2]หน้าผ้า!DP584 -> 0 | AQ575: =[2]หน้าผ้า!DW584 -> 0 | AR575: =[2]หน้าผ้า!DX584 -> 0 | AS575: =[2]หน้าผ้า!DY584 -> 0 | AT575: =[2]หน้าผ้า!DZ584 -> 0 | AU575: =[2]หน้าผ้า!EA584 -> 0 | AV575: =[2]หน้าผ้า!EB584 -> 0 | AW575: =[2]หน้าผ้า!EC584 -> 0 | AX575: =[2]หน้าผ้า!ED584 -> 0 | AY575: =[2]หน้าผ้า!AG584 -> 0 | AZ575: =[2]หน้าผ้า!EG584 -> 0 | BA575: =[2]หน้าผ้า!EH584 -> 0 | BB575: =[2]หน้าผ้า!EI584 -> 0 | BC575: =[2]หน้าผ้า!BZ584 -> 0 | BD575: =[2]หน้าผ้า!CA584 -> 0

Sheet 4(Order+FC)
A2: เลขที่ SO | B2: (หลายรายการ)
A3: วันส่ง | B3: (หลายรายการ)
A4: ชื่อลูกค้า | B4: (ทั้งหมด)
K5: 9
A6: ประเภท | B6: ผลรวม ของ จำนวนส่ง | C6: ผลรวม ของ ค้างพิมพ์ | D6: ผลรวม ของ ค้างตัด | E6: ผลรวม ของ ใช้ | F6: ผลรวม ของ Stock | G6: ผลรวม ของ ค้างทอ
A7: WSWT1625800SM | B7: 5000 | C7: 5250 | D7: 5000 | E7: 4121.15 | F7: 3175 | G7: 946.15 | H7: =+J7-I7 -> 946.15 | J7: =G7 -> 946.15
A8: WSWT1825800 | B8: 15000 | C8: 15750 | D8: 15000 | E8: 13201.65 | F8: 6301 | G8: 6900.65 | H8: =+J8-I8 -> 6900.65 | J8: =G8 -> 6900.65
A9: WSWT1825800SM | B9: 5000 | C9: 0 | D9: 5000 | E9: 0 | F9: 0 | G9: 0 | H9: =+J9-I9 -> 0 | J9: =G9 -> 0
A10: WSWT1921720 | B10: 660000 | C10: 642600 | D10: 652206 | E10: 608030.28 | F10: 67964.05 | G10: 540066.23 | H10: =+J10-I10 -> 540066.23 | J10: =G10 -> 540066.23
A11: WSWT1925800 | B11: 190000 | C11: 156905.7 | D11: 187450 | E11: 130578.42 | F11: 32419.416 | G11: 98159 | H11: =+J11-I11 -> 98159 | J11: =G11 -> 98159
A12: WSWT2025650 | B12: 30000 | C12: 10500 | D12: 30000 | E12: 28359.1 | F12: 0 | G12: 28359.1 | H12: =+J12-I12 -> 28359.1 | J12: =G12 -> 28359.1 | K12: 40000 | L12: =+K5*K12 -> 360000 | M12: =+L12-J12 -> 331640.9
A13: WSWT2025800 | B13: 358907 | C13: 283092.6 | D13: 353907 | E13: 288507.63 | F13: 76716.989 | G13: 211790.64 | H13: =+J13-I13 -> 211790.64 | J13: =G13 -> 211790.64 | K13: 14000 | L13: =+K13*K5 -> 126000 | M13: =+L13-J13 -> -85790.644
A14: WSWT2025800SM | B14: 296127 | C14: 284550 | D14: 292809 | E14: 292238.43 | F14: 17378.68 | G14: 274859.75 | H14: =+J14-I14 -> 274859.75 | J14: =G14 -> 274859.75
A15: WSWT2121670SM | B15: 359000 | C15: 367500 | D15: 353179 | E15: 376491.5 | F15: 80270.7 | G15: 296220.8 | H15: =+J15-I15 -> 296220.8 | J15: =G15 -> 296220.8 | K15: 20000 | L15: =+K15*K5 -> 180000 | M15: =+L15-J15 -> -116220.8
A16: WSWT2125650 | B16: 50000 | C16: 10500 | D16: 49900 | E16: 53953.537 | F16: 18812.7 | G16: 35140.837 | H16: =+J16-I16 -> 35140.837 | J16: =G16 -> 35140.837
A17: WSWT2321112512551 | B17: 96600 | C17: 44967.3 | D17: 46311 | E17: 46067.5 | F17: 46067.5 | G17: 0 | H17: =+J17-I17 -> 0 | J17: =G17 -> 0
A18: WSWT2321112512551VN | B18: 100000 | C18: 0 | D18: 0 | E18: 0 | F18: 0 | G18: 0 | H18: =+J18-I18 -> 0 | J18: =G18 -> 0
A19: WSWT2321750 | B19: 15000 | C19: 15750 | D19: 15000 | E19: 16135.35 | F19: 7327 | G19: 8808.35 | H19: 0 | I19: 54000 | J19: =G19 -> 8808.35
A20: WSWT2325650 | B20: 90000 | C20: 73500 | D20: 77754 | E20: 69430.9 | F20: 29756.1 | G20: 39674.8 | H20: =+J20-I20 -> 39674.8 | J20: =G20 -> 39674.8
A21: WSWT2625650 | B21: 8000 | C21: 8400 | D21: 8000 | E21: 9499.6 | F21: 0 | G21: 9499.6 | H21: =+J21-I21 -> 9499.6 | J21: =G21 -> 9499.6
A22: WSWT262575051 | B22: 10000 | C22: 0 | D22: 10000 | E22: 11315.7 | F22: 6000 | G22: 5315.7 | H22: =+J22-I22 -> 5315.7 | J22: =G22 -> 5315.7
A23: WSWT2625800 | B23: 10000 | C23: 0 | D23: 10000 | E23: 12433.3 | F23: 12433.3 | G23: 0 | H23: =+J23-I23 -> 0 | J23: =G23 -> 0
A24: WSWT2625850SM | B24: 106500 | C24: 85575 | D24: 99114 | E24: 119981.34 | F24: 9788 | G24: 110193.34 | H24: =+J24-I24 -> 110193.34 | J24: =G24 -> 110193.34
A25: WSWT2825850 | B25: 55000 | C25: 52500 | D25: 55000 | E25: 66147.95 | F25: 11275.45 | G25: 54872.5 | H25: =+J25-I25 -> 54872.5 | J25: =G25 -> 54872.5
A26: ผลรวมทั้งหมด | B26: 2460134 | C26: 2057340.6 | D26: 2265630 | E26: 2146493.3 | F26: 425685.88 | G26: 1720807.5 | H26: =+J26-I26 -> 1720807.5 | J26: =G26 -> 1720807.5
H27: =+J27-I27 -> 0 | J27: =G27 -> 0
H28: =+J28-I28 -> 0 | J28: =G28 -> 0 | M28: =+GETPIVOTDATA("ผลรวม ของ ใช้",$A$6)+H29+H33 -> 5669299.9
H29: =SUM(H7:H28) -> 3432806.6 | I29: =SUM(I7:I28) -> 54000 | J29: =SUM(J7:J28) -> 3441614.9
H32: =+H26 -> 1720807.5 | I32: 85 | J32: =+(H32+H29)*I32 -> 4.3805719e+08 | K32: =+J32/1000 -> 438057.19
H33: 90000 | I33: 95 | J33: =+H33*I33 -> 8550000 | K33: =+J33/1000 -> 8550
H35: =+H32+H33+H29 -> 5243614 | K35: =+K32+K33 -> 446607.19
N36: 705222
A37: ยอดส่ง 1/2/68 - 17/2/68 | B37: 1565717 | H37: 15 | I37: =+H35/H37 -> 349574.27
N38: =+H35+N36 -> 5948836
I39: =+H37*110000 -> 1650000
B41: =+B29+B37+B31-110000 -> 1455717 | C41: =+C29+C37+C31 -> 0 | D41: =+D29+D37+D31-110000 -> -110000 | E41: =+E29+E37+E31 -> 0 | F41: =+F29+F37+F31 -> 0 | G41: =+G29+G37+G31 -> 0
B43: 3218150
B45: =+B43-B41 -> 1762433
C47: =+C41/9 -> 0 | D47: =+D41/9 -> -12222.222

Sheet 7(Order)
A2: เลขที่ SO | B2: (หลายรายการ)
A3: วันส่ง | B3: (หลายรายการ)
A4: ชื่อลูกค้า | B4: (ทั้งหมด)
A6: ประเภท | B6: ผลรวม ของ จำนวนส่ง | C6: ผลรวม ของ ค้างพิมพ์ | D6: ผลรวม ของ ค้างตัด | E6: ผลรวม ของ ใช้ | F6: ผลรวม ของ Stock | G6: ผลรวม ของ ค้างทอ
A7: WSWT1425800 | B7: 6000 | C7: 0 | D7: 6000 | E7: 3604.26 | F7: 3604.26 | G7: 0 | I7: =+K7-J7 -> 0 | K7: =G7 -> 0
A8: WSWT1625800SM | B8: 5000 | C8: 5250 | D8: 5000 | E8: 4121.15 | F8: 3175 | G8: 946.15 | I8: =+K8-J8 -> 946.15 | K8: =G8 -> 946.15
A9: WSWT1825800SM | B9: 5000 | C9: 0 | D9: 5000 | E9: 0 | F9: 0 | G9: 0 | I9: =+K9-J9 -> 0 | K9: =G9 -> 0
A10: WSWT1921720 | B10: 88000 | C10: 42000 | D10: 80206 | E10: 72644 | F10: 67964.05 | G10: 4679.95 | I10: =+K10-J10 -> 4679.95 | K10: =G10 -> 4679.95
A11: WSWT1925800 | B11: 70000 | C11: 30905.7 | D11: 67450 | E11: 27200.416 | F11: 27200.416 | G11: 0 | I11: =+K11-J11 -> 0 | K11: =G11 -> 0
A12: WSWT2025650 | B12: 10000 | C12: 10500 | D12: 10000 | E12: 10756.9 | F12: 0 | G12: 10756.9 | I12: =+K12-J12 -> 10756.9 | K12: =G12 -> 10756.9
A13: WSWT2025800 | B13: 303907 | C13: 225342.6 | D13: 298907 | E13: 230881.38 | F13: 76716.989 | G13: 154164.39 | I13: =+K13-J13 -> 154164.39 | K13: =G13 -> 154164.39
A14: WSWT2025800SM | B14: 56127 | C14: 32550 | D14: 52809 | E14: 33514.03 | F14: 17378.68 | G14: 16135.35 | I14: =+K14-J14 -> 16135.35 | K14: =G14 -> 16135.35
A15: WSWT2121670SM | B15: 29000 | C15: 21000 | D15: 23179 | E15: 21513.8 | F15: 21513.8 | G15: 0 | I15: =+K15-J15 -> 0 | K15: =G15 -> 0
A16: WSWT2125650 | B16: 35000 | C16: 10500 | D16: 34900 | E16: 37399.087 | F16: 18812.7 | G16: 18586.387 | I16: =+K16-J16 -> 18586.387 | K16: =G16 -> 18586.387
A17: WSWT2125800 | B17: 6000 | C17: 6300 | D17: 6000 | E17: 5951.22 | F17: 5951.22 | G17: 0 | I17: 0 | J17: 54000 | K17: =G17 -> 0
A18: WSWT2321112512551 | B18: 96600 | C18: 44967.3 | D18: 46311 | E18: 46067.5 | F18: 46067.5 | G18: 0 | I18: =+K18-J18 -> 0 | K18: =G18 -> 0
A19: WSWT2321112512551VN | B19: 100000 | C19: 0 | D19: 0 | E19: 0 | F19: 0 | G19: 0 | I19: =+K19-J19 -> 0 | K19: =G19 -> 0
A20: WSWT2321750 | B20: 15000 | C20: 15750 | D20: 15000 | E20: 16135.35 | F20: 7327 | G20: 8808.35 | I20: =+K20-J20 -> 8808.35 | K20: =G20 -> 8808.35
A21: WSWT2325650 | B21: 20000 | C21: 0 | D21: 7754 | E21: 0 | F21: 0 | G21: 0 | I21: =+K21-J21 -> 0 | K21: =G21 -> 0
A22: WSWT262575051 | B22: 10000 | C22: 0 | D22: 10000 | E22: 11315.7 | F22: 6000 | G22: 5315.7 | I22: =+K22-J22 -> 5315.7 | K22: =G22 -> 5315.7
A23: WSWT2625850SM | B23: 86500 | C23: 64575 | D23: 79114 | E23: 95114.745 | F23: 9788 | G23: 85326.745 | I23: =+K23-J23 -> 85326.745 | K23: =G23 -> 85326.745
A24: ผลรวมทั้งหมด | B24: 942134 | C24: 509640.6 | D24: 747630 | E24: 616219.54 | F24: 311499.61 | G24: 304719.93 | I24: =+K24-J24 -> 304719.93 | K24: =G24 -> 304719.93
I25: =+K25-J25 -> 0 | K25: =G25 -> 0
I26: =SUM(I7:I25) -> 609439.85 | J26: =SUM(J7:J25) -> 54000 | K26: =SUM(K7:K25) -> 609439.85
K30: 3000000 | L30: 25 | M30: 10
K32: =+L32*M30 -> 1200000 | L32: =+K30/L30 -> 120000
D34: =D18 -> 46311
D36: =D20 -> 15000
A37: ยอดส่ง 1/4/68 - 12/4/68 | B37: 887615
A38: Order+ส่ง | B38: =++B25+B37 -> 887615
A39: ประมาณการ | B39: 262000 | C39: 238350 | D39: 262000 | E39: 279847.04 | F39: 60825.09 | G39: 219021.95
A41: Order+ส่ง+ประมาณการ | B41: =+B25+B37+B39+B33 -> 1149615 | C41: =+C25+C37+C39+C33 -> 238350 | D41: =+D25+D37+D39+D33 -> 262000 | E41: =+E25+E37+E39+E33 -> 279847.04 | F41: =+F25+F37+F39+F33 -> 60825.09 | G41: =+G25+G37+G39+G33 -> 219021.95
B43: 3171376
B45: =+B41-B43 -> -2021761 | C45: =+$B$45 -> -2021761 | D45: =+$B$45 -> -2021761 | F45: =+$B$45 -> -2021761
D47: =+D41/6 -> 43666.667

Sheet 7(Order) แยกลูกค้า
A1: เลขที่ SO | B1: (หลายรายการ)
A2: วันส่ง | B2: รอแจ้ง
A4: ประเภท | B4: ชื่อลูกค้า | C4: ผลรวม ของ จำนวนส่ง | D4: ผลรวม ของ ค้างพิมพ์ | E4: ผลรวม ของ ค้างตัด | F4: ผลรวม ของ Stock | G4: ผลรวม ของ ค้างทอ | I4: vn
A5: WSWT1921720 | B5: บจก.เคอรี่ฟลาวมิลล์ | C5: 5000 | D5: 0 | E5: 5000 | F5: 0 | G5: 0 | H5: =G5 -> 0
A6: WSWT1921720 ผลรวม | C6: 5000 | D6: 0 | E6: 5000 | F6: 0 | G6: 0 | H6: =G6 -> 0
A7: WSWT2025800SM | B7: บจก.อินเทคค์ โกลบอล | C7: 1685 | D7: 0 | E7: 1618 | F7: 0 | G7: 0 | H7: =G7 -> 0
B8: บจก.เอสพีเอ็ม อาหารสัตว์ | C8: 3000 | D8: 3150 | E8: 3000 | F8: 0 | G8: 3478.53 | H8: =G8 -> 3478.53
A9: WSWT2025800SM ผลรวม | C9: 4685 | D9: 3150 | E9: 4618 | F9: 0 | G9: 3478.53 | H9: =G9 -> 3478.53
A10: WSWT2121670SM | B10: บจก.ที.ซี.ยูเนี่ยน อโกรเทค | C10: 40000 | D10: 42000 | E10: 40000 | F10: 43027.6 | G10: 0 | H10: =G10 -> 0
B11: บจก.เอสพีเอ็ม อาหารสัตว์ | C11: 5000 | D11: 5250 | E11: 5000 | F11: 0 | G11: 5518.15 | H11: =G11 -> 5518.15
A12: WSWT2121670SM ผลรวม | C12: 45000 | D12: 47250 | E12: 45000 | F12: 43027.6 | G12: 5518.15 | H12: =G12 -> 5518.15
A13: WSWT2321112512551 | B13: บจก.น้ำตาลทิพย์สุโขทัย | C13: 436278 | D13: 458091.9 | E13: 436278 | F13: 0 | G13: 469299.88 | H13: =G13 -> 469299.88
A14: WSWT2321112512551 ผลรวม | C14: 436278 | D14: 458091.9 | E14: 436278 | F14: 0 | G14: 469299.88 | H14: =G14 -> 469299.88
A15: WSWT2321750 | B15: บจก.แอมโก้เวท | C15: 1000 | D15: 0 | E15: 1000 | F15: 1159.51 | G15: 0 | H15: =G15 -> 0
A16: WSWT2321750 ผลรวม | C16: 1000 | D16: 0 | E16: 1000 | F16: 1159.51 | G16: 0 | H16: =G16 -> 0
A17: ผลรวมทั้งหมด | C17: 491963 | D17: 508491.9 | E17: 491896 | F17: 44187.11 | G17: 478296.56 | H17: =G17 -> 478296.56
H18: =G18 -> 0
H19: =G19 -> 0
H20: =G20 -> 0
H21: =G21 -> 0
H22: =G22 -> 0
H23: =G23 -> 0
H24: =G24 -> 0
H25: =G25 -> 0
H26: =G26 -> 0
H27: =G27 -> 0
H28: =G28 -> 0
H29: =G29 -> 0
... H65: =G65 -> 0
H70: =SUM(H5:H69) -> 1434889.7
D119: Cap พิมพ์ | E119: Cap ตัด | F119: Stock 16/7 บ่าย | G119: Cap ทอ | I119: วันทงาน
B120: lส่ง | C120: 1-16/7 | D120: 160000 | E120: 160000 | G120: 120000 | I120: 12
C121: 1975256 | D121: =+D120*I120 -> 1920000 | E121: =+E120*I120 -> 1920000 | F121: 825147 | G121: =+G120*I120 -> 1440000
A122: เบทาโกรส่งแล้ว | B122: 20700 | C122: 424374
A123: เบทาโกรส่งแล้ว | B123: 20800 | C123: 155973
C126: รวมส่ง+ค้างส่ง | D126: ส่วนต่างCapคงเหลือ | E126: ส่วนต่างCapคงเหลือ | F126: คงเหลือ
C127: =+C50+C121 -> 1975256 | D127: =+D121-D50 -> 1920000 | E127: =+E121-E50 -> 1920000 | F127: =+F121-F50 -> 825147 | G127: =+G121-G50 -> 1440000
B129: 20700VN 20/7 | G129: 350000

Sheet 7(Fc) แยกลูกค้า
A1: เลขที่ SO | B1: ประมาณการ
A2: วันส่ง | B2: (หลายรายการ) | D2: 12
A4: ประเภท | B4: ชื่อลูกค้า | C4: ผลรวม ของ จำนวนส่ง | D4: ผลรวม ของ ค้างพิมพ์ | E4: ผลรวม ของ ค้างตัด | F4: ผลรวม ของ ใช้ | G4: ผลรวม ของ Stock | H4: ผลรวม ของ ค้างทอ
A5: WSWT1625800SM | B5: บจก.ซัน ซีเมนต์ โพรเซส | C5: 5000 | D5: 5250 | E5: 5000 | F5: 3702.05 | G5: 0 | H5: 3702.05
A6: WSWT1625800SM ผลรวม | C6: 5000 | D6: 5250 | E6: 5000 | F6: 3702.05 | G6: 0 | H6: 3702.05
A7: WSWT1825800 | B7: บจก.ฟาร์เธอร์ส วิง ซัพพลาย | C7: 15000 | D7: 15750 | E7: 15000 | F7: 13201.65 | G7: 6301 | H7: 6900.65
A8: WSWT1825800 ผลรวม | C8: 15000 | D8: 15750 | E8: 15000 | F8: 13201.65 | G8: 6301 | H8: 6900.65
A9: WSWT1921720 | B9: บจก.เคอรี่ฟลาวมิลล์ | C9: 572000 | D9: 600600 | E9: 572000 | F9: 503422.92 | G9: 17840 | H9: 485582.92
A10: WSWT1921720 ผลรวม | C10: 572000 | D10: 600600 | E10: 572000 | F10: 503422.92 | G10: 17840 | H10: 485582.92
A11: WSWT1925800 | B11: บจก.ไลม์มาสเตอร์ | C11: 20000 | D11: 21000 | E11: 20000 | F11: 18719.8 | G11: 0 | H11: 18719.8
B12: บจก.เอ็กเซลเล้นท์ | C12: 40000 | D12: 42000 | E12: 40000 | F12: 35204.4 | G12: 0 | H12: 35204.4
B13: บจก.ซีแมน | C13: 60000 | D13: 63000 | E13: 60000 | F13: 49453.8 | G13: 0 | H13: 49453.8
A14: WSWT1925800 ผลรวม | C14: 120000 | D14: 126000 | E14: 120000 | F14: 103378 | G14: 0 | H14: 103378
A15: WSWT1925800SM | B15: บจก.เอเชี่ยนเคมิคัล | C15: 15000 | D15: 15750 | E15: 15000 | F15: 11525.25 | G15: 11525.25 | H15: 0
A16: WSWT1925800SM ผลรวม | C16: 15000 | D16: 15750 | E16: 15000 | F16: 11525.25 | G16: 11525.25 | H16: 0
A17: WSWT2025650 | B17: บจก.หนองบัวฟีดมิลล์ | C17: 20000 | D17: 0 | E17: 20000 | F17: 17602.2 | G17: 0 | H17: 17602.2
A18: WSWT2025650 ผลรวม | C18: 20000 | D18: 0 | E18: 20000 | F18: 17602.2 | G18: 0 | H18: 17602.2
A19: WSWT2025800 | B19: บจก.อินเทคค์ โกลบอล | C19: 55000 | D19: 57750 | E19: 55000 | F19: 57626.25 | G19: 0 | H19: 57626.25
A20: WSWT2025800 ผลรวม | C20: 55000 | D20: 57750 | E20: 55000 | F20: 57626.25 | G20: 0 | H20: 57626.25
A21: WSWT2025800SM | B21: บจก.ไทยธรรมดี | C21: 20000 | D21: 21000 | E21: 20000 | F21: 21513.8 | G21: 0 | H21: 21513.8
B22: บจก.อินเทคค์ โกลบอล | C22: 100000 | D22: 105000 | E22: 100000 | F22: 104775 | G22: 0 | H22: 104775
B23: บจก.เอสพีเอ็ม อาหารสัตว์ | C23: 20000 | D23: 21000 | E23: 20000 | F23: 22072.6 | G23: 0 | H23: 22072.6
B24: บจก.ซันฟีด | C24: 100000 | D24: 105000 | E24: 100000 | F24: 110363 | G24: 0 | H24: 110363
A25: WSWT2025800SM ผลรวม | C25: 240000 | D25: 252000 | E25: 240000 | F25: 258724.4 | G25: 0 | H25: 258724.4
A26: WSWT2025850 | B26: บจก.ซันฟีด | C26: 100000 | D26: 105000 | E26: 100000 | F26: 113157 | G26: 0 | H26: 113157
A27: WSWT2025850 ผลรวม | C27: 100000 | D27: 105000 | E27: 100000 | F27: 113157 | G27: 0 | H27: 113157
A28: WSWT2121670SM | B28: บจก.ที.ซี.ยูเนี่ยน อโกรเทค | C28: 10000 | D28: 10500 | E28: 10000 | F28: 10756.9 | G28: 10756.9 | H28: 0
B29: บจก.แอมโก้เวท | C29: 300000 | D29: 315000 | E29: 300000 | F29: 322707 | G29: 0 | H29: 322707
B30: บจก.เอ็นบี | C30: 20000 | D30: 21000 | E30: 20000 | F30: 21513.8 | G30: 0 | H30: 21513.8
A31: WSWT2121670SM ผลรวม | C31: 330000 | D31: 346500 | E31: 330000 | F31: 354977.7 | G31: 10756.9 | H31: 344220.8
A32: WSWT2125650 | B32: บจก.หนองบัวฟีดมิลล์ | C32: 30000 | D32: 0 | E32: 30000 | F32: 33108.9 | G32: 4212 | H32: 28896.9
B33: บจก.ไลม์มาสเตอร์ | C33: 10000 | D33: 10500 | E33: 10000 | F33: 9918.7 | G33: 9918.7 | H33: 0
A34: WSWT2125650 ผลรวม | C34: 40000 | D34: 10500 | E34: 40000 | F34: 43027.6 | G34: 14130.7 | H34: 28896.9
A35: WSWT2325650 | B35: พันธุ์ข้าว | C35: 40000 | D35: 42000 | E35: 40000 | F35: 39674.8 | G35: 0 | H35: 39674.8
B36: บจก.ซิเบลโก้(สบปราบ) | C36: 30000 | D36: 31500 | E36: 30000 | F36: 29756.1 | G36: 29756.1 | H36: 0
A37: WSWT2325650 ผลรวม | C37: 70000 | D37: 73500 | E37: 70000 | F37: 69430.9 | G37: 29756.1 | H37: 39674.8
A38: WSWT2625650 | B38: บจก.กบินทร์อินทรีย์ | C38: 8000 | D38: 8400 | E38: 8000 | F38: 9499.6 | G38: 0 | H38: 9499.6
A39: WSWT2625650 ผลรวม | C39: 8000 | D39: 8400 | E39: 8000 | F39: 9499.6 | G39: 0 | H39: 9499.6
A40: WSWT2625800 | B40: บจก.ที.ซี.ยูเนี่ยน อโกรเทค | C40: 10000 | D40: 0 | E40: 10000 | F40: 12433.3 | G40: 12433.3 | H40: 0
A41: WSWT2625800 ผลรวม | C41: 10000 | D41: 0 | E41: 10000 | F41: 12433.3 | G41: 12433.3 | H41: 0
A42: WSWT2625850SM | B42: บจก.ที.ซี.ยูเนี่ยน อโกรเทค | C42: 20000 | D42: 21000 | E42: 20000 | F42: 24866.6 | G42: 0 | H42: 24866.6
A43: WSWT2625850SM ผลรวม | C43: 20000 | D43: 21000 | E43: 20000 | F43: 24866.6 | G43: 0 | H43: 24866.6
A44: WSWT2825850 | B44: บจก.ที.ซี.ยูเนี่ยน อโกรเทค | C44: 5000 | D44: 0 | E44: 5000 | F44: 6775.45 | G44: 7020 | H44: 0
B45: บจก.ไทยร่วมใจน้ำมันพืช | C45: 50000 | D45: 52500 | E45: 50000 | F45: 59372.5 | G45: 0 | H45: 59372.5
A46: WSWT2825850 ผลรวม | C46: 55000 | D46: 52500 | E46: 55000 | F46: 66147.95 | G46: 7020 | H46: 59372.5
A47: WSWTSCL052325650 | B47: พันธุ์ข้าว | C47: 10000 | D47: 10500 | E47: 10000 | F47: 9918.7 | G47: 0 | H47: 9918.7
A48: WSWTSCL052325650 ผลรวม | C48: 10000 | D48: 10500 | E48: 10000 | F48: 9918.7 | G48: 0 | H48: 9918.7
A49: ผลรวมทั้งหมด | C49: 1685000 | D49: 1701000 | E49: 1685000 | F49: 1672642.1 | G49: 109763.25 | H49: 1563123.4
D119: Cap พิมพ์ | E119: Cap ตัด | F119: Stock 16/7 บ่าย | G119: Cap ทอ | I119: วันทงาน
B120: lส่ง | C120: 1-16/7 | D120: 160000 | E120: 160000 | G120: 120000 | I120: 12
C121: 1975256 | D121: =+D120*I120 -> 1920000 | E121: =+E120*I120 -> 1920000 | F121: 825147 | G121: =+G120*I120 -> 1440000
A122: เบทาโกรส่งแล้ว | B122: 20700 | C122: 424374
A123: เบทาโกรส่งแล้ว | B123: 20800 | C123: 155973
C126: รวมส่ง+ค้างส่ง | D126: ส่วนต่างCapคงเหลือ | E126: ส่วนต่างCapคงเหลือ | F126: คงเหลือ
C127: =+C50+C121 -> 1975256 | D127: =+D121-D50 -> 1920000 | E127: =+E121-E50 -> 1920000 | F127: =+F121-F50 -> 825147 | G127: =+G121-G50 -> 1440000
B129: 20700VN 20/7 | G129: 350000

Sheet 6(Order+Fc) แยกลูกค้า
A1: เลขที่ SO | B1: (หลายรายการ)
A2: วันส่ง | B2: รอแจ้ง | D2: 12 | I2: เมตร | J2: vn | K2: ใบ | P2: วัน
A4: ประเภท | B4: ชื่อลูกค้า | C4: ผลรวม ของ จำนวนส่ง | D4: ผลรวม ของ ค้างพิมพ์ | E4: ผลรวม ของ ค้างตัด | F4: ผลรวม ของ Stock | G4: ผลรวม ของ ใช้ | H4: ผลรวม ของ ค้างทอ
A5: WSWT1625800SM | B5: พีมินเนอร์ | C5: 5000 | D5: 5250 | E5: 5000 | F5: 3175 | G5: 4121.15 | H5: 946.15 | I5: =H5 -> 946.15
A6: WSWT1625800SM ผลรวม | C6: 5000 | D6: 5250 | E6: 5000 | F6: 3175 | G6: 4121.15 | H6: 946.15
A7: WSWT1921720 | B7: บจก.เคอรี่ฟลาวมิลล์ | C7: 5000 | D7: 0 | E7: 5000 | F7: 0 | G7: 0 | H7: 0 | I7: =H7 -> 0
A8: WSWT1921720 ผลรวม | C8: 5000 | D8: 0 | E8: 5000 | F8: 0 | G8: 0 | H8: 0 | I8: =H8 -> 0
A9: WSWT19251000SM | B9: บจก.อินเทคค์ โกลบอล | C9: 503 | D9: 0 | E9: 503 | F9: 0 | G9: 0 | H9: 0 | I9: =H9 -> 0
A10: WSWT19251000SM ผลรวม | C10: 503 | D10: 0 | E10: 503 | F10: 0 | G10: 0 | H10: 0 | I10: =H10 -> 0
A11: WSWT2025800SM | B11: บจก.อินเทคค์ โกลบอล | C11: 12392 | D11: 0 | E11: 12325 | F11: 0 | G11: 0 | H11: 0
B12: บจก.เอพีเอ็ม อะโกร | C12: 5000 | D12: 5250 | E12: 5000 | F12: 0 | G12: 5518.15 | H12: 5518.15 | I12: =H12 -> 5518.15
B13: บจก.เอสพีเอ็ม อาหารสัตว์ | C13: 18000 | D13: 18900 | E13: 18000 | F13: 0 | G13: 20032.98 | H13: 20032.98
A14: WSWT2025800SM ผลรวม | C14: 35392 | D14: 24150 | E14: 35325 | F14: 0 | G14: 25551.13 | H14: 25551.13 | I14: =H14 -> 25551.13 | P14: 15000 | Q14: =+K14/P14 -> 0
A15: WSWT2121670SM | B15: บจก.ที.ซี.ยูเนี่ยน อโกรเทค | C15: 40000 | D15: 42000 | E15: 40000 | F15: 43027.6 | G15: 43027.6 | H15: 0
B16: บจก.เอพีเอ็ม อะโกร | C16: 10000 | D16: 10500 | E16: 10000 | F16: 0 | G16: 11595.1 | H16: 11595.1 | I16: =H16 -> 11595.1
B17: บจก.เอสพีเอ็ม อาหารสัตว์ | C17: 5000 | D17: 5250 | E17: 5000 | F17: 0 | G17: 5518.15 | H17: 5518.15 | I17: =H17 -> 5518.15
A18: WSWT2121670SM ผลรวม | C18: 55000 | D18: 57750 | E18: 55000 | F18: 43027.6 | G18: 60140.85 | H18: 17113.25 | I18: =H18 -> 17113.25
A19: WSWT2321112512551 | B19: บจก.น้ำตาลทิพย์สุโขทัย | C19: 436278 | D19: 458091.9 | E19: 436278 | F19: 0 | G19: 469299.88 | H19: 469299.88 | I19: =H19 -> 469299.88
A20: WSWT2321112512551 ผลรวม | C20: 436278 | D20: 458091.9 | E20: 436278 | F20: 0 | G20: 469299.88 | H20: 469299.88 | I20: =H20 -> 469299.88 | P20: 16000 | Q20: =+K20/P20 -> 0
A21: WSWT2321750 | B21: บจก.แอมโก้เวท | C21: 1000 | D21: 0 | E21: 1000 | F21: 1159.51 | G21: 1159.51 | H21: 0
A22: WSWT2321750 ผลรวม | C22: 1000 | D22: 0 | E22: 1000 | F22: 1159.51 | G22: 1159.51 | H22: 0 | I22: =H22 -> 0
A23: ผลรวมทั้งหมด | C23: 538173 | D23: 545241.9 | E23: 538106 | F23: 47362.11 | G23: 560272.52 | H23: 512910.41
I24: =H24 -> 0
I26: =H26 -> 0
I28: =H28 -> 0
I29: =H29 -> 0
I30: =H30 -> 0
P31: 15000 | Q31: =+K31/P31 -> 0
I32: =H32 -> 0
I33: =H33 -> 0
I34: =H34 -> 0
I35: =H35 -> 0
I36: =H36 -> 0
I37: =H37 -> 0
I38: =H38 -> 0
I39: =H39 -> 0
I40: =H40 -> 0
I42: =H42 -> 0
I44: =H44 -> 0
I45: =H45 -> 0
J46: 74000
I47: =H47 -> 0
I48: =H48 -> 0
I51: =H51 -> 0
I52: =H52 -> 0
I54: =H54 -> 0
I55: =H55 -> 0
I56: =H56-J56 -> -166000 | J56: 166000
I58: =H58 -> 0
I59: =H59 -> 0
I60: =H60 -> 0
I61: =H61 -> 0
I62: =H62 -> 0
I64: =H64 -> 0
I65: =H65 -> 0
I66: =H66 -> 0
I68: =H68 -> 0
I70: =H70 -> 0
I72: =H72 -> 0
I73: =H73 -> 0
I75: =SUM(I5:I74) -> 838841.69
I79: =I75+I77 -> 838841.69 | J79: 16 | K79: =+I79*0.9779 -> 820303.29
I81: =+I79/J79 -> 52427.606 | K81: =+K79*85 -> 69725780
K83: =+K81/1000 -> 69725.78
D119: Cap พิมพ์ | E119: Cap ตัด | F119: Stock 16/7 บ่าย | G119: Cap ทอ | I119: วันทงาน
B120: lส่ง | C120: 1-16/7 | D120: 160000 | E120: 160000 | G120: 120000 | I120: 12
C121: 1975256 | D121: =+D120*I120 -> 1920000 | E121: =+E120*I120 -> 1920000 | F121: 825147 | G121: =+G120*I120 -> 1440000
A122: เบทาโกรส่งแล้ว | B122: 20700 | C122: 424374
A123: เบทาโกรส่งแล้ว | B123: 20800 | C123: 155973
C126: รวมส่ง+ค้างส่ง | D126: ส่วนต่างCapคงเหลือ | E126: ส่วนต่างCapคงเหลือ | F126: คงเหลือ
C127: =+C50+C121 -> 1975256 | D127: =+D121-D50 -> 1920000 | E127: =+E121-E50 -> 1920000 | F127: =+F121-F50 -> 825147 | G127: =+G121-G50 -> 1440000
B129: 20700VN 20/7 | G129: 350000

Sheet 6(Order)
A2: เลขที่ SO | B2: (หลายรายการ)
A3: วันส่ง | B3: รอแจ้ง
A4: ชื่อลูกค้า | B4: (ทั้งหมด)
A6: ประเภท | B6: ผลรวม ของ จำนวนส่ง | C6: ผลรวม ของ ค้างพิมพ์ | D6: ผลรวม ของ ค้างตัด | E6: ผลรวม ของ ใช้ | F6: ผลรวม ของ Stock | G6: ผลรวม ของ ค้างทอ
A7: WSWT1921720 | B7: 5000 | C7: 0 | D7: 5000 | E7: 0 | F7: 0 | G7: 0
A8: WSWT19251000SM | B8: 503 | C8: 0 | D8: 503 | E8: 0 | F8: 0 | G8: 0
A9: WSWT2025800SM | B9: 41286 | C9: 29400 | D9: 41219 | E9: 31069.28 | F9: 0 | G9: 31069.28
A10: WSWT2121670SM | B10: 52000 | C10: 54600 | D10: 52000 | E10: 56271.16 | F10: 50753.01 | G10: 5518.15
A11: WSWT2321112512551 | B11: 436278 | C11: 458091.9 | D11: 436278 | E11: 469299.88 | F11: 0 | G11: 469299.88 | L11: =76*2500 -> 190000
A12: WSWT2321750 | B12: 1000 | C12: 0 | D12: 1000 | E12: 1159.51 | F12: 1159.51 | G12: 0
A13: ผลรวมทั้งหมด | B13: 536067 | C13: 542091.9 | D13: 536000 | E13: 557799.83 | F13: 51912.52 | G13: 505887.31
A37: ยอดส่ง 1/1/68 - 17/1/68 | B37: 1287052
A38: Order+ส่ง | B38: =++B22+B37 -> 1287052
A39: ประมาณการ | I39: 0
A41: Order+ส่ง+ประมาณการ | B41: =+B22+B37+B39+B29 -> 1287052 | C41: =+C22+C37+C39+C29 -> 0 | D41: =+D22+D37+D39+D29 -> 0 | E41: =+E22+E37+E39+E29 -> 0 | F41: =+F22+F37+F39+F29 -> 0 | G41: =+G22+G37+G39+G29 -> 0
B43: 3000000 | I43: 9
B45: =+B41-B43 -> -1712948
D46: =+D22/I43 -> 0
C47: =+C41/I43 -> 0 | D47: =+D41/I43 -> 0 | G47: =+G41/I43 -> 0

Sheet 6(Order) แยกลูกค้า
A1: เลขที่ SO | B1: (หลายรายการ)
A2: วันส่ง | B2: รอแจ้ง
A4: ประเภท | B4: ชื่อลูกค้า | C4: ผลรวม ของ จำนวนส่ง | D4: ผลรวม ของ ค้างพิมพ์ | E4: ผลรวม ของ ค้างตัด | F4: ผลรวม ของ Stock | G4: ผลรวม ของ ค้างทอ | I4: vn
A5: WSWT1921720 | B5: บจก.เคอรี่ฟลาวมิลล์ | C5: 5000 | D5: 0 | E5: 5000 | F5: 0 | G5: 0 | H5: =G5 -> 0
A6: WSWT1921720 ผลรวม | C6: 5000 | D6: 0 | E6: 5000 | F6: 0 | G6: 0 | H6: =G6 -> 0
A7: WSWT19251000SM | B7: บจก.อินเทคค์ โกลบอล | C7: 503 | D7: 0 | E7: 503 | F7: 0 | G7: 0 | H7: =G7 -> 0
A8: WSWT19251000SM ผลรวม | C8: 503 | D8: 0 | E8: 503 | F8: 0 | G8: 0
A9: WSWT2025800SM | B9: บจก.อินเทคค์ โกลบอล | C9: 13286 | D9: 0 | E9: 13219 | F9: 0 | G9: 0 | H9: =G9 -> 0
B10: บจก.เอพีเอ็ม อะโกร | C10: 5000 | D10: 5250 | E10: 5000 | F10: 0 | G10: 5518.15 | H10: =G10 -> 5518.15
B11: บจก.เอสพีเอ็ม อาหารสัตว์ | C11: 23000 | D11: 24150 | E11: 23000 | F11: 0 | G11: 25551.13
A12: WSWT2025800SM ผลรวม | C12: 41286 | D12: 29400 | E12: 41219 | F12: 0 | G12: 31069.28 | H12: =G12 -> 31069.28
A13: WSWT2121670SM | B13: บจก.ที.ซี.ยูเนี่ยน อโกรเทค | C13: 40000 | D13: 42000 | E13: 40000 | F13: 43027.6 | G13: 0 | H13: =G13 -> 0
B14: บจก.เอพีเอ็ม อะโกร | C14: 7000 | D14: 7350 | E14: 7000 | F14: 7725.41 | G14: 0 | H14: =G14 -> 0
B15: บจก.เอสพีเอ็ม อาหารสัตว์ | C15: 5000 | D15: 5250 | E15: 5000 | F15: 0 | G15: 5518.15
A16: WSWT2121670SM ผลรวม | C16: 52000 | D16: 54600 | E16: 52000 | F16: 50753.01 | G16: 5518.15 | H16: =G16 -> 5518.15
A17: WSWT2321112512551 | B17: บจก.น้ำตาลทิพย์สุโขทัย | C17: 436278 | D17: 458091.9 | E17: 436278 | F17: 0 | G17: 469299.88
A18: WSWT2321112512551 ผลรวม | C18: 436278 | D18: 458091.9 | E18: 436278 | F18: 0 | G18: 469299.88 | H18: =G18 -> 469299.88
A19: WSWT2321750 | B19: บจก.แอมโก้เวท | C19: 1000 | D19: 0 | E19: 1000 | F19: 1159.51 | G19: 0 | H19: =G19 -> 0
A20: WSWT2321750 ผลรวม | C20: 1000 | D20: 0 | E20: 1000 | F20: 1159.51 | G20: 0 | H20: =G20 -> 0
A21: ผลรวมทั้งหมด | C21: 536067 | D21: 542091.9 | E21: 536000 | F21: 51912.52 | G21: 505887.31 | H21: =G21 -> 505887.31
H23: =G23 -> 0
H25: =G25 -> 0
H27: =G27 -> 0
H28: =G28 -> 0
H29: =G29 -> 0
H31: =G31 -> 0
H32: =G32 -> 0
H33: =G33 -> 0
H34: =G34 -> 0
H35: =G35 -> 0
H36: =G36 -> 0
H37: =G37 -> 0
... H68: =G68 -> 0
H70: =SUM(H5:H69) -> 1017292.8
D119: Cap พิมพ์ | E119: Cap ตัด | F119: Stock 16/7 บ่าย | G119: Cap ทอ | I119: วันทงาน
B120: lส่ง | C120: 1-16/7 | D120: 160000 | E120: 160000 | G120: 120000 | I120: 12
C121: 1975256 | D121: =+D120*I120 -> 1920000 | E121: =+E120*I120 -> 1920000 | F121: 825147 | G121: =+G120*I120 -> 1440000
A122: เบทาโกรส่งแล้ว | B122: 20700 | C122: 424374
A123: เบทาโกรส่งแล้ว | B123: 20800 | C123: 155973
C126: รวมส่ง+ค้างส่ง | D126: ส่วนต่างCapคงเหลือ | E126: ส่วนต่างCapคงเหลือ | F126: คงเหลือ
C127: =+C50+C121 -> 1975256 | D127: =+D121-D50 -> 1920000 | E127: =+E121-E50 -> 1920000 | F127: =+F121-F50 -> 825147 | G127: =+G121-G50 -> 1440000
B129: 20700VN 20/7 | G129: 350000

Sheet 6(Fc) แยกลูกค้
A1: เลขที่ SO | B1: ประมาณการ
A2: วันส่ง | B2: รอแจ้ง | D2: 12
A4: ประเภท | B4: ชื่อลูกค้า | C4: ผลรวม ของ จำนวนส่ง | D4: ผลรวม ของ ค้างพิมพ์ | E4: ผลรวม ของ ค้างตัด | F4: ผลรวม ของ Stock | G4: ผลรวม ของ ใช้ | H4: ผลรวม ของ ค้างทอ
A5: WSWT1625800SM | B5: พีมินเนอร์ | C5: 5000 | D5: 5250 | E5: 5000 | F5: 3175 | G5: 4121.15 | H5: 946.15
A6: WSWT1625800SM ผลรวม | C6: 5000 | D6: 5250 | E6: 5000 | F6: 3175 | G6: 4121.15 | H6: 946.15
A7: WSWT2121670SM | B7: บจก.เอพีเอ็ม อะโกร | C7: 10000 | D7: 10500 | E7: 10000 | F7: 0 | G7: 11595.1 | H7: 11595.1
A8: WSWT2121670SM ผลรวม | C8: 10000 | D8: 10500 | E8: 10000 | F8: 0 | G8: 11595.1 | H8: 11595.1
A9: ผลรวมทั้งหมด | C9: 15000 | D9: 15750 | E9: 15000 | F9: 3175 | G9: 15716.25 | H9: 12541.25
H41: 296578.28
H43: =+GETPIVOTDATA("ผลรวม ของ ค้างทอ",$A$4)+H41 -> 309119.53
I119: วันทงาน
I120: 12
C121: 1975256 | D121: =+D120*I120 -> 0 | E121: =+E120*I120 -> 0 | F121: 825147 | G121: =+G120*I120 -> 0
A122: เบทาโกรส่งแล้ว | B122: 20700 | C122: 424374
A123: เบทาโกรส่งแล้ว | B123: 20800 | C123: 155973
C126: รวมส่ง+ค้างส่ง | D126: ส่วนต่างCapคงเหลือ | E126: ส่วนต่างCapคงเหลือ | F126: คงเหลือ
C127: =+C50+C121 -> 1975256 | D127: =+D121-D50 -> 0 | E127: =+E121-E50 -> 0 | F127: =+F121-F50 -> 825147 | G127: =+G121-G50 -> 0
B129: 20700VN 20/7 | G129: 350000

Sheet ค้างทอ3-7-68
A3: ผลรวม ของ ค้างทอ | B3: ป้ายชื่อคอลัมน์
A4: ป้ายชื่อแถว | B4: 45842 | C4: 45843 | D4: 45844 | E4: 45847 | F4: 45850 | G4: 45854 | H4: 45855 | I4: 45856 | J4: 45857 | K4: 45858 | L4: 45863 | M4: 45870 | N4: 45878 | O4: 45892 | P4: ผลรวมทั้งหมด
A5: WSWT1425800 | C5: 0 | P5: =SUM(B5:O5) -> 0
A6: WSWT1925800 | B6: 2993.574 | F6: 17325.845 | P6: =SUM(B6:O6) -> 20319.419
A7: WSWT2025650 | B7: 10756.9 | P7: =SUM(B7:O7) -> 10756.9
A8: WSWT2025800 | B8: 0 | C8: 0 | D8: 0 | E8: 59540.248 | G8: 86055.2 | J8: 48406.05 | M8: 13983.97 | O8: 10756.9 | P8: =SUM(B8:O8) -> 218742.37
A9: WSWT2025800SM | B9: 7593.8 | E9: 16135.35 | I9: 10756.9 | L9: 0 | P9: =SUM(B9:O9) -> 34486.05
A10: WSWT2121670SM | B10: 10756.9 | C10: 0 | L10: 0 | P10: =SUM(B10:O10) -> 10756.9
A11: WSWT2125650 | E11: 23696.75 | P11: =SUM(B11:O11) -> 23696.75
A12: WSWT2125800 | B12: 0 | P12: =SUM(B12:O12) -> 0
A13: WSWT2321112512551 | L13: 13443.5 | P13: =SUM(B13:O13) -> 13443.5
A14: WSWT2321112512551VN | E14: 0 | H14: 0 | P14: =SUM(B14:O14) -> 0
A15: WSWT2321750 | E15: 8808.35 | P15: =SUM(B15:O15) -> 8808.35
A16: WSWT262575051 | B16: 8315.7 | P16: =SUM(B16:O16) -> 8315.7
A17: WSWT2625850SM | B17: 14861.95 | E17: 37299.9 | K17: 37299.9 | N17: 24866.6 | P17: =SUM(B17:O17) -> 114328.35
A18: ผลรวมทั้งหมด | B18: =SUM(B5:B17) -> 55278.824 | C18: =SUM(C5:C17) -> 0 | D18: =SUM(D5:D17) -> 0 | E18: =SUM(E5:E17) -> 145480.6 | F18: =SUM(F5:F17) -> 17325.845 | G18: =SUM(G5:G17) -> 86055.2 | H18: =SUM(H5:H17) -> 0 | I18: =SUM(I5:I17) -> 10756.9 | ... P18: =SUM(P5:P17) -> 463654.29
A23: ป้ายชื่อแถว | B23: 45863
A24: WSWT1825800 | B24: 6900.65
A25: WSWT1921720 | B25: 470322.92
A26: WSWT1925800 | B26: 103378
A27: WSWT1925800SM | B27: 0
A28: WSWT2025650 | B28: 17602.2
A29: WSWT2025800 | B29: 57626.25
A30: WSWT2025800SM | B30: 258724.4
A31: WSWT2025850 | B31: 113157
A32: WSWT2121670SM | B32: 334220.8
A33: WSWT2125650 | B33: 16554.45
A34: WSWT2325650 | B34: 39674.8
... A39: WSWTSCL052325650 | B39: 9918.7
A40: ผลรวมทั้งหมด | B40: =SUM(B24:B39) -> 1520318.9

Sheet 5-7-68
B2: เรียงกำหนดส่ง | D2: ลบ 0 | T2: เรียง 1
B3: ข้อมูลUpdate ณ. วันที่ | D3: 45843 | E3: เวลา | G3: 11.24
A4: วันรับออร์เดอร์/แบบ | B4: เลขที่ SO | C4: ชื่อลูกค้า | E4: 10.3 | I4: น้ำหนัก | L4: บิด/จับจีบ | M4: ถุงใน | Q4: 44873 | S4: วิธีบรรจุ | T4: วันส่ง | U4: จำนวนส่ง | V4: ตัดเย็บ (ใบ) | W4: 44873 | X4: พิมพ์ (ใบ) | Y4: 44876 | Z4: ผ้าทอ (เมตร) Updateณ | AB4: 44876 | AD4: ผ้าเคลือบ(เมตร) | AF4: หมายเหตุ | AG4: เครื่อง
A5: วันรับออร์เดอร์/แบบ | B5: เลขที่ SO | C5: ชื่อลูกค้า | D5: ตรา | E5: กว้าง | F5: ยาว | G5: สี | H5: เคลือบ | I5: กรัม/ใบ | J5: * | K5: aw | L5: บิด/จับจีบ | M5: กว้าง | N5: ยาว | O5: หนา | P5: ใช้(กก.) | Q5: Stock(กก.) | R5: ผลิต(กก.) | S5: วิธีบรรจุ | T5: วันส่ง | U5: จำนวนส่ง | V5: StockFG | W5: ค้างตัด | X5: พิมพ์แล้ว | Y5: ค้างพิมพ์ | Z5: ประเภท | AA5: ใช้ | AB5: Stock | AC5: ค้างทอ | AD5: Stock | AE5: ค้างเคลือบ | AF5: หมายเหตุ | AG5: ที่พิมพ์ได้ | AH5: process | AI5: Lead time | AJ5: วันที่ส่งPL | AK5: เคลือบ | AL5: ได้ ART | AM5: พิมพ์ | AN5: จีบ-บิด | AO5: ตัด-เย็บ | AP5: ทอ | AQ5: สวมถุง | AR5: เย็บปาก | AS5: PT | AT5: ม้วน | AU5: ตัด | AV5: ตอกตาไก่ | AW5: GROUP | AX5: ART | AY5: หมายเหตุปัญหา | AZ5: ราคา/ใบ | BA5: ราคารวม | BB5: workweek | BC5: เส้นเทป | BD5: จำนวน
A6: 45833 | B6: MK68-000834 | C6: บจก.น้ำตาลทิพย์สุโขทัย | D6: ไม่พิมพ์ | E6: 14 | F6: 20 | G6: ขาว | H6: 0 | I6: 32 | J6: ± | K6: 5 | L6: ไม่ | M6: 15 | N6: 22 | O6: 40 | P6: 48.848418 | Q6: 0 | R6: 48.848418 | S6: 500กระสอบแบน | T6: 45848 | U6: 6000 | V6: 0 | W6: 6000 | X6: 0 | Y6: 0 | Z6: WSWT1425800 | AA6: 3604.26 | AB6: 3604.26 | AC6: 0 | AD6: 0 | AE6: 0 | AF6: 0 | AG6: ยังไม่ได้พิมพ์ | AH6: P13 | AI6: 2 | AJ6: 45848 | AK6: 0 | AL6: 0 | AM6: 0 | AN6: 0 | AO6: 45846 | AP6: 45843 | AQ6: 45847 | AR6: 0 | AS6: 0 | AT6: 0 | AU6: 0 | AV6: 0 | AW6: ตัด | AX6: 0 | AY6: 0 | AZ6: 0 | BA6: 0 | BB6: 0 | BC6: WRWT25800/WRWT25800 | BD6: 0
A7: 0 | B7: 0 | C7: 0 | D7: 0 | E7: 14 | F7: 22 | G7: ขาว | H7: 0 | I7: 36 | J7: ± | K7: 5 | L7: 0 | M7: 0 | N7: 0 | O7: 0 | P7: 0 | Q7: 0 | R7: 0 | S7: 0 | U7: 0 | V7: 0 | W7: 0 | X7: 0 | Y7: 0 | Z7: WSWT1425800 | AA7: 3604.26 | AB7: 3604.26 | AC7: 0 | AD7: 0 | AE7: 0 | AF7: ระบุในSD | AG7: พร้อมส่ง | AH7: 0 | AI7: Lead time | AJ7: 0 | AK7: 0 | AL7: 0 | AM7: 0 | AN7: 0 | AO7: 0 | AP7: 0 | AQ7: 0 | AR7: 0 | AS7: 0 | AT7: 0 | AU7: 0 | AV7: 0 | AW7: 0 | AX7: 0 | AY7: 0 | AZ7: 0 | BA7: 0 | BB7: 0 | BC7: WRWT140800/WRWT25800 | BD7: 0
A8: 45842 | B8: ใบรับคำสั่งซื้อ | C8: พีมินเนอร์ | D8: พี-มินเนอร์ นิวพลัส | E8: 16 | F8: 28 | G8: ขาว | H8: ใส | I8: 56 | J8: ± | K8: 5 | L8: ไม่ | M8: 19 | N8: 31 | O8: 40 | P8: 72.655855 | Q8: 0 | R8: 72.655855 | S8: 500กระสอบ | T8: 45855 | U8: 5000 | V8: 0 | W8: 5000 | X8: 0 | Y8: 5250 | Z8: WSWT1625800SM | AA8: 4121.15 | AB8: 3175 | AC8: 946.15 | AD8: 3175 | AE8: 946.15 | AF8: 0 | AG8: พร้อมส่ง | AH8: P8 | AI8: 4 | AJ8: 45855 | AK8: 45851 | AL8: 45845 | AM8: 45852 | AN8: 45853 | AO8: 45853 | AP8: 45850 | AQ8: 45854 | AR8: 0 | AS8: 0 | AT8: 0 | AU8: 0 | AV8: 0 | AW8: งานเคลือบ+พิมพ์ | AX8: รอART | AY8: 0 | AZ8: 0 | BA8: 0 | BB8: 0 | BC8: WRWT25800/WRWT25800 | BD8: 53.825422
A9: ประมาณการ | B9: ประมาณการ | C9: บจก.ซัน ซีเมนต์ โพรเซส | D9: พระอาทิตย์(ปูนนอน-ชริงค์) | E9: 16 | F9: 25 | G9: ขาว | H9: ใส | I9: 50 | J9: ± | K9: 5 | L9: บิด | M9: 19 | N9: 28 | O9: 40 | P9: 65.624643 | Q9: 0 | R9: 65.624643 | S9: 500กระสอบ | T9: รอแจ้ง | U9: 5000 | V9: 0 | W9: 5000 | X9: 0 | Y9: 5250 | Z9: WSWT1625800SM | AA9: 3702.05 | AB9: 0 | AC9: 3702.05 | AD9: 0 | AE9: 3702.05 | AF9: 0 | AG9: พร้อมส่ง | AH9: P8 | AI9: 4 | AJ9: รอแจ้ง | AK9: #VALUE! | AL9: #VALUE! | AM9: #VALUE! | AN9: #VALUE! | AO9: #VALUE! | AP9: #VALUE! | AQ9: #VALUE! | AR9: 0 | AS9: 0 | AT9: 0 | AU9: 0 | AV9: 0 | AW9: งานเคลือบ+พิมพ์ | AX9: รอART | AY9: 0 | AZ9: 0 | BA9: 0 | BB9: 0 | BC9: WRWT25800/WRWT25800 | BD9: 210.60551
A10: 0 | B10: 0 | C10: 0 | E10: 16 | F10: 25 | G10: ขาว | H10: 0 | I10: 45 | J10: ± | K10: 5 | L10: 0 | M10: 0 | N10: 0 | O10: 0 | P10: 0 | Q10: 0 | R10: 0 | S10: 0 | U10: 0 | V10: 0 | W10: 0 | X10: 0 | Y10: 0 | Z10: WSWT1625800SM | AA10: 7823.2 | AB10: 3175 | AC10: 4648.2 | AD10: 3175 | AE10: 4648.2 | AF10: ระบุในSD | AG10: พร้อมส่ง | AH10: 0 | AI10: Lead time | AJ10: 0 | AK10: 0 | AL10: 0 | AM10: 0 | AN10: 0 | AO10: 0 | AP10: 0 | AQ10: 0 | AR10: 0 | AS10: 0 | AT10: 0 | AU10: 0 | AV10: 0 | AW10: 0 | AX10: 0 | AY10: 0 | AZ10: 0 | BA10: 0 | BB10: 0 | BC10: WRWT160800/WRWT25800 | BD10: 0
A11: ประมาณการ | B11: ประมาณการ | C11: บจก.ฟาร์เธอร์ส วิง ซัพพลาย | D11: รถไฟ | E11: 18 | F11: 30 | G11: ขาว | H11: 0 | I11: 54 | J11: ± | K11: 5 | L11: บิด | M11: 19 | N11: 33 | O11: 40 | P11: 232.02999 | Q11: 0 | R11: 232.02999 | S11: 500กระสอบ | T11: 45868 | U11: 15000 | V11: 0 | W11: 15000 | X11: 0 | Y11: 15750 | Z11: WSWT1825800 | AA11: 13201.65 | AB11: 6301 | AC11: 6900.65 | AD11: 0 | AE11: 0 | AF11: 0 | AG11: พร้อมส่ง | AH11: P9 | AI11: 3 | AJ11: 45868 | AK11: 0 | AL11: 45858 | AM11: 45865 | AN11: 45866 | AO11: 45866 | AP11: 45863 | AQ11: 45867 | AR11: 0 | AS11: 0 | AT11: 0 | AU11: 0 | AV11: 0 | AW11: งานพิมพ์ | AX11: รอART | AY11: 0 | AZ11: 0 | BA11: 0 | BB11: 0 | BC11: WRWT25800/WRWT25800 | BD11: 474.76472
A12: 0 | B12: 0 | E12: 18 | F12: 30 | G12: ขาว | H12: 0 | I12: 54 | J12: ± | K12: 5 | L12: 0 | M12: 0 | N12: 0 | O12: 0 | P12: 0 | Q12: 0 | R12: 0 | S12: 0 | U12: 0 | V12: 0 | W12: 0 | X12: 0 | Y12: 0 | Z12: WSWT1825800 | AA12: 13201.65 | AB12: 6301 | AC12: 6900.65 | AD12: 0 | AE12: 0 | AF12: ระบุในSD | AG12: พิมพ์ไม่ครบ | AH12: 0 | AI12: Lead time | AJ12: 0 | AK12: 0 | AL12: 0 | AM12: 0 | AN12: 0 | AO12: 0 | AP12: 0 | AQ12: 0 | AR12: 0 | AS12: 0 | AT12: 0 | AU12: 0 | AV12: 0 | AW12: 0 | AX12: 0 | AY12: 0 | AZ12: 0 | BA12: 0 | BB12: 0 | BC12: WRWT25800/WRWT25800 | BD12: 0
A13: 45831 | B13: MK68-000830 | C13: บจก.2เอ็ม อโกร เท็ค | D13: เลิฟซอยล์26-6-6 | E13: 18 | F13: 30 | G13: ขาว | H13: ใส | I13: 74 | J13: ± | K13: 5 | L13: บิด | M13: 19 | N13: 33 | O13: 70 | P13: 135.35083 | Q13: 0 | R13: 135.35083 | S13: 500กระสอบ | T13: 45846 | U13: 5000 | V13: 0 | W13: 5000 | X13: 5404 | Y13: 0 | Z13: WSWT1825800SM | AA13: 0 | AB13: 0 | AC13: 0 | AD13: 0 | AE13: 0 | AF13: ขาด-เกินได้5% | AG13: รอตัด | AH13: P8 | AI13: 4 | AJ13: 45846 | AK13: 45842 | AL13: 45836 | AM13: 45843 | AN13: 45844 | AO13: 45844 | AP13: 45841 | AQ13: 45845 | AR13: 0 | AS13: 0 | AT13: 0 | AU13: 0 | AV13: 0 | AW13: งานเคลือบ+พิมพ์ | AX13: รอART | AY13: 0 | AZ13: 0 | BA13: 0 | BB13: 0 | BC13: WRWT25800/WRWT25800 | BD13: 0
A14: 0 | B14: 0 | C14: 0 | E14: 18 | F14: 25 | G14: ขาว | H14: 0 | I14: 50 | J14: ± | K14: 5 | L14: 0 | M14: 0 | N14: 0 | O14: 0 | P14: 0 | Q14: 0 | R14: 0 | S14: 0 | U14: 0 | V14: 0 | W14: 0 | X14: 0 | Y14: 0 | Z14: WSWT1825800SM | AA14: 0 | AB14: 0 | AC14: 0 | AD14: 0 | AE14: 0 | AF14: ระบุในSD | AG14: รอแบบ | AH14: 0 | AI14: Lead time | AJ14: 0 | AK14: 0 | AL14: 0 | AM14: 0 | AN14: 0 | AO14: 0 | AP14: 0 | AQ14: 0 | AR14: 0 | AS14: 0 | AT14: 0 | AU14: 0 | AV14: 0 | AW14: 0 | AX14: 0 | AY14: 0 | AZ14: 0 | BA14: 0 | BB14: 0 | BC14: WRWT180800/WRWT25800 | BD14: 0
A15: 45827 | B15: MK68-000811 | C15: บจก.เพรซิเดนท์ฟลาวมิลล์ | D15: ผึ้งเหลือง | E15: 19 | F15: 30 | G15: ขาว | H15: 0 | I15: 60 | J15: ± | K15: 5 | L15: บิด | M15: ไม่สวมถุงใน | N15: 0 | O15: 0 | P15: 0 | Q15: 0 | R15: 0 | S15: 500กระสอบแบน | T15: 45847 | U15: 50000 | V15: 2236 | W15: 47764 | X15: 20566 | Y15: 30905.7 | Z15: WSWT1925800 | AA15: 27200.416 | AB15: 27200.416 | AC15: 0 | AD15: 0 | AE15: 0 | AF15: 0 | AG15: รอแบบ | AH15: P7 | AI15: 2 | AJ15: 45847 | AK15: 0 | AL15: 45838 | AM15: 45845 | AN15: 45846 | AO15: 45846 | AP15: 45842 | AQ15: 0 | AR15: 0 | AS15: 0 | AT15: 0 | AU15: 0 | AV15: 0 | AW15: งานพิมพ์ | AX15: / | AY15: เย็น8/7 | AZ15: 0 | BA15: 0 | BB15: 0 | BC15: WRWT25800/WRWT25800 | BD15: 0
A16: 45827 | B16: MK68-000812 | C16: บจก.เพรซิเดนท์ฟลาวมิลล์ | D16: ผึ้งชมพู | E16: 19 | F16: 30 | G16: ขาว | H16: 0 | I16: 60 | J16: ± | K16: 5 | L16: บิด | M16: ไม่สวมถุงใน | N16: 0 | O16: 0 | P16: 0 | Q16: 0 | R16: 0 | S16: 500กระสอบแบน | T16: 45855 | U16: 20000 | V16: 314 | W16: 19686 | X16: 20900 | Y16: 0 | Z16: WSWT1925800 | AA16: 0 | AB16: 0 | AC16: 0 | AD16: 0 | AE16: 0 | AF16: 0 | AG16: ยังไม่ได้พิมพ์ | AH16: P7 | AI16: 2 | AJ16: 45855 | AK16: 0 | AL16: 45846 | AM16: 45853 | AN16: 45854 | AO16: 45854 | AP16: 45850 | AQ16: 0 | AR16: 0 | AS16: 0 | AT16: 0 | AU16: 0 | AV16: 0 | AW16: งานพิมพ์ | AX16: / | AY16: เย็น16/7 | AZ16: 0 | BA16: 0 | BB16: 0 | BC16: WRWT25800/WRWT25800 | BD16: 0
A17: ประมาณการ | B17: ประมาณการ | C17: บจก.ซีแมน | D17: รอแบบ | E17: 19 | F17: 28 | G17: ขาว | H17: 0 | I17: 56 | J17: ± | K17: 5 | L17: ไม่ | M17: 20 | N17: 30 | O17: 90 | P17: 1998.3444 | Q17: 0 | R17: 1998.3444 | S17: มัด100 | T17: 45868 | U17: 60000 | V17: 0 | W17: 60000 | X17: 0 | Y17: 63000 | Z17: WSWT1925800 | AA17: 49453.8 | AB17: 5219 | AC17: 44234.8 | AD17: 0 | AE17: 0 | AF17: 0 | AG17: พร้อมส่ง | AH17: P9 | AI17: 3 | AJ17: 45868 | AK17: 0 | AL17: 45858 | AM17: 45865 | AN17: 45866 | AO17: 45866 | AP17: 45863 | AQ17: 45867 | AR17: 0 | AS17: 0 | AT17: 0 | AU17: 0 | AV17: 0 | AW17: งานพิมพ์ | AX17: รอART | AY17: 0 | AZ17: 0 | BA17: 0 | BB17: 0 | BC17: WRWT25800/WRWT25800 | BD17: 3212.4295
A18: ประมาณการ | B18: ประมาณการ | C18: บจก.เอ็กเซลเล้นท์ | D18: รอแบบ | E18: 19 | F18: 30 | G18: ขาว | H18: 0 | I18: 60 | J18: ± | K18: 5 | L18: บิด | M18: ไม่สวมถุงใน | N18: 0 | O18: 0 | P18: 0 | Q18: 0 | R18: 0 | S18: 500กระสอบ | T18: 45868 | U18: 40000 | V18: 0 | W18: 40000 | X18: 0 | Y18: 42000 | Z18: WSWT1925800 | AA18: 35204.4 | AB18: 0 | AC18: 35204.4 | AD18: 0 | AE18: 0 | AF18: 0 | AG18: พร้อมส่ง | AH18: P7 | AI18: 2 | AJ18: 45868 | AK18: 0 | AL18: 45859 | AM18: 45866 | AN18: 45867 | AO18: 45867 | AP18: 45863 | AQ18: 0 | AR18: 0 | AS18: 0 | AT18: 0 | AU18: 0 | AV18: 0 | AW18: งานพิมพ์ | AX18: รอART | AY18: 0 | AZ18: 0 | BA18: 0 | BB18: 0 | BC18: WRWT25800/WRWT25800 | BD18: 2556.6218
A19: ประมาณการ | B19: ประมาณการ | C19: บจก.ไลม์มาสเตอร์ | D19: LMC 25 kg | E19: 19 | F19: 32 | G19: ขาว | H19: 0 | I19: 64 | J19: ± | K19: 5 | L19: ไม่ | M19: 20 | N19: 35 | O19: 40 | P19: 345.39286 | Q19: 0 | R19: 345.39286 | S19: 500กระสอบแบน | T19: 45868 | U19: 20000 | V19: 0 | W19: 20000 | X19: 0 | Y19: 21000 | Z19: WSWT1925800 | AA19: 18719.8 | AB19: 0 | AC19: 18719.8 | AD19: 0 | AE19: 0 | AF19: 0 | AG19: พร้อมส่ง | AH19: P9 | AI19: 3 | AJ19: 45868 | AK19: 0 | AL19: 45858 | AM19: 45865 | AN19: 45866 | AO19: 45866 | AP19: 45863 | AQ19: 45867 | AR19: 0 | AS19: 0 | AT19: 0 | AU19: 0 | AV19: 0 | AW19: งานพิมพ์ | AX19: รอART | AY19: 0 | AZ19: 0 | BA19: 0 | BB19: 0 | BC19: WRWT25800/WRWT25800 | BD19: 1359.4735
A20: 0 | B20: 0 | C20: 0 | D20: 0 | E20: 19 | F20: 30 | G20: ขาว | H20: 0 | I20: 60 | J20: ± | K20: 5 | L20: 0 | M20: 0 | N20: 0 | O20: 0 | P20: 0 | Q20: 0 | R20: 0 | S20: 0 | U20: 0 | V20: 0 | W20: 0 | X20: 0 | Y20: 0 | Z20: WSWT1925800 | AA20: 130578.42 | AB20: 32419.416 | AC20: 98159 | AD20: 0 | AE20: 0 | AF20: ระบุในSD | AG20: ผ้าขาว | AH20: 0 | AI20: Lead time | AJ20: 0 | AK20: 0 | AL20: 0 | AM20: 0 | AN20: 0 | AO20: 0 | AP20: 0 | AQ20: 0 | AR20: 0 | AS20: 0 | AT20: 0 | AU20: 0 | AV20: 0 | AW20: 0 | AX20: 0 | AY20: 0 | AZ20: 0 | BA20: 0 | BB20: 0 | BC20: WRWT25800/WRWT25800 | BD20: 0
A21: 45833 | B21: MK68-000831 | C21: บจก.เคอรี่ฟลาวมิลล์ | D21: BS | E21: 19 | F21: 32 | G21: ขาว | H21: 0 | I21: 67 | J21: + | K21: 5 | L21: บิด | M21: ไม่สวมถุงใน | N21: 0 | O21: 0 | P21: 0 | Q21: 0 | R21: 0 | S21: ห่ออัดเบลแบน500 | T21: 45845 | U21: 3000 | V21: 2794 | W21: 206 | X21: 3300 | Y21: 0 | Z21: WSWT1921720 | AA21: 0 | AB21: 0 | AC21: 0 | AD21: 0 | AE21: 0 | AF21: PDR250207 | AG21: ผ้าขาว | AH21: P7 | AI21: 2 | AJ21: 45845 | AK21: 0 | AL21: 45836 | AM21: 45843 | AN21: 45844 | AO21: 45844 | AP21: 45840 | AQ21: 0 | AR21: 0 | AS21: 0 | AT21: 0 | AU21: 0 | AV21: 0 | AW21: งานพิมพ์ | AX21: 0 | AY21: 0 | AZ21: 0 | BA21: 0 | BB21: 0 | BC21: WRWT21720/WRWT25800 | BD21: 0
A22: 45842 | B22: MK68-000864 | C22: บจก.เคอรี่ฟลาวมิลล์ | D22: บะหมี่เตี๊ยว | E22: 19 | F22: 30 | G22: ขาว | H22: 0 | I22: 63 | J22: + | K22: 5 | L22: บิด | M22: ไม่สวมถุงใน | N22: 0 | O22: 0 | P22: 0 | Q22: 0 | R22: 0 | S22: ห่ออัดเบลแบน500 | T22: 45845 | U22: 5000 | V22: 5091 | W22: 0 | X22: 5800 | Y22: 0 | Z22: WSWT1921720 | AA22: 0 | AB22: 0 | AC22: 0 | AD22: 0 | AE22: 0 | AF22: 0 | AG22: ยังไม่ได้พิมพ์ | AH22: P7 | AI22: 2 | AJ22: 45845 | AK22: 0 | AL22: 45836 | AM22: 45843 | AN22: 45844 | AO22: 45844 | AP22: 45840 | AQ22: 0 | AR22: 0 | AS22: 0 | AT22: 0 | AU22: 0 | AV22: 0 | AW22: งานพิมพ์ | AX22: 0 | AY22: 0 | AZ22: 0 | BA22: 0 | BB22: 0 | BC22: WRWT21720/WRWT25800 | BD22: 0
A23: 45842 | B23: MK68-000861 | C23: บจก.เคอรี่ฟลาวมิลล์ | D23: ไม่พิมพ์ | E23: 19 | F23: 30 | G23: ขาว | H23: 0 | I23: 63 | J23: + | K23: 5 | L23: ไม่ | M23: ไม่สวมถุงใน | N23: 0 | O23: 0 | P23: 0 | Q23: 0 | R23: 0 | S23: ห่ออัดเบลแบน501 | T23: 45853 | U23: 20000 | V23: 0 | W23: 20000 | X23: 0 | Y23: 0 | Z23: WSWT1921720 | AA23: 17602.2 | AB23: 17602.2 | AC23: 0 | AD23: 0 | AE23: 0 | AF23: 0 | AG23: ยังไม่ได้พิมพ์ | AH23: P3 | AI23: 1 | AJ23: 45853 | AK23: 0 | AL23: 0 | AM23: 0 | AN23: 0 | AO23: 45852 | AP23: 45848 | AQ23: 0 | AR23: 0 | AS23: 0 | AT23: 0 | AU23: 0 | AV23: 0 | AW23: งานพิมพ์ | AX23: 0 | AY23: 0 | AZ23: 0 | BA23: 0 | BB23: 0 | BC23: WRWT21720/WRWT25800 | BD23: 0
A24: 45842 | B24: MK68-000862 | C24: บจก.เคอรี่ฟลาวมิลล์ | D24: ไม่พิมพ์ | E24: 19 | F24: 30 | G24: ขาว | H24: 0 | I24: 63 | J24: + | K24: 5 | L24: ไม่ | M24: ไม่สวมถุงใน | N24: 0 | O24: 0 | P24: 0 | Q24: 0 | R24: 0 | S24: ห่ออัดเบลแบน501 | T24: 45853 | U24: 20000 | V24: 0 | W24: 20000 | X24: 0 | Y24: 0 | Z24: WSWT1921720 | AA24: 17602.2 | AB24: 17602.2 | AC24: 0 | AD24: 0 | AE24: 0 | AF24: 0 | AG24: ยังไม่ได้พิมพ์ | AH24: P3 | AI24: 1 | AJ24: 45853 | AK24: 0 | AL24: 0 | AM24: 0 | AN24: 0 | AO24: 45852 | AP24: 45848 | AQ24: 0 | AR24: 0 | AS24: 0 | AT24: 0 | AU24: 0 | AV24: 0 | AW24: งานพิมพ์ | AX24: 0 | AY24: 0 | AZ24: 0 | BA24: 0 | BB24: 0 | BC24: WRWT21720/WRWT25800 | BD24: 0
A25: 45843 | B25: MK68-000866 | C25: บจก.เคอรี่ฟลาวมิลล์ | D25: ปลาโลมาเทา | E25: 19 | F25: 32 | G25: ขาว | H25: 0 | I25: 67 | J25: + | K25: 5 | L25: บิด | M25: ไม่สวมถุงใน | N25: 0 | O25: 0 | P25: 0 | Q25: 0 | R25: 0 | S25: ห่ออัดเบลแบน500 | T25: 45864 | U25: 5000 | V25: 0 | W25: 5000 | X25: 0 | Y25: 5250 | Z25: WSWT1921720 | AA25: 4679.95 | AB25: 4679.95 | AC25: 0 | AD25: 0 | AE25: 0 | AF25: PDR250212 | AG25: ยังไม่ได้พิมพ์ | AH25: P7 | AI25: 2 | AJ25: 45864 | AK25: 0 | AL25: 45855 | AM25: 45862 | AN25: 45863 | AO25: 45863 | AP25: 45859 | AQ25: 0 | AR25: 0 | AS25: 0 | AT25: 0 | AU25: 0 | AV25: 0 | AW25: งานพิมพ์ | AX25: รอART | AY25: 0 | AZ25: 0 | BA25: 0 | BB25: 0 | BC25: WRWT21720/WRWT25800 | BD25: 0
A26: 45843 | B26: MK68-000866 | C26: บจก.เคอรี่ฟลาวมิลล์ | D26: ถุงเงิน | E26: 19 | F26: 32 | G26: ขาว | H26: 0 | I26: 67 | J26: + | K26: 5 | L26: บิด | M26: ไม่สวมถุงใน | N26: 0 | O26: 0 | P26: 0 | Q26: 0 | R26: 0 | S26: ห่ออัดเบลแบน500 | T26: 45864 | U26: 5000 | V26: 0 | W26: 5000 | X26: 0 | Y26: 5250 | Z26: WSWT1921720 | AA26: 4679.95 | AB26: 4679.95 | AC26: 0 | AD26: 0 | AE26: 0 | AF26: PDR250212 | AG26: ยังไม่ได้พิมพ์ | AH26: P7 | AI26: 2 | AJ26: 45864 | AK26: 0 | AL26: 45855 | AM26: 45862 | AN26: 45863 | AO26: 45863 | AP26: 45859 | AQ26: 0 | AR26: 0 | AS26: 0 | AT26: 0 | AU26: 0 | AV26: 0 | AW26: งานพิมพ์ | AX26: รอART | AY26: 0 | AZ26: 0 | BA26: 0 | BB26: 0 | BC26: WRWT21720/WRWT25800 | BD26: 0
A27: 45843 | B27: MK68-000866 | C27: บจก.เคอรี่ฟลาวมิลล์ | D27: ปลาโลมาแดง | E27: 19 | F27: 32 | G27: ขาว | H27: 0 | I27: 67 | J27: + | K27: 5 | L27: บิด | M27: ไม่สวมถุงใน | N27: 0 | O27: 0 | P27: 0 | Q27: 0 | R27: 0 | S27: ห่ออัดเบลแบน500 | T27: 45864 | U27: 5000 | V27: 0 | W27: 5000 | X27: 0 | Y27: 5250 | Z27: WSWT1921720 | AA27: 4679.95 | AB27: 4679.95 | AC27: 0 | AD27: 0 | AE27: 0 | AF27: PDR250212 | AG27: ยังไม่ได้พิมพ์ | AH27: P7 | AI27: 2 | AJ27: 45864 | AK27: 0 | AL27: 45855 | AM27: 45862 | AN27: 45863 | AO27: 45863 | AP27: 45859 | AQ27: 0 | AR27: 0 | AS27: 0 | AT27: 0 | AU27: 0 | AV27: 0 | AW27: งานพิมพ์ | AX27: รอART | AY27: 0 | AZ27: 0 | BA27: 0 | BB27: 0 | BC27: WRWT21720/WRWT25800 | BD27: 0
A28: 45843 | B28: MK68-000866 | C28: บจก.เคอรี่ฟลาวมิลล์ | D28: แปดแต้มแดง | E28: 19 | F28: 32 | G28: ขาว | H28: 0 | I28: 67 | J28: + | K28: 5 | L28: บิด | M28: ไม่สวมถุงใน | N28: 0 | O28: 0 | P28: 0 | Q28: 0 | R28: 0 | S28: ห่ออัดเบลแบน500 | T28: 45864 | U28: 5000 | V28: 0 | W28: 5000 | X28: 0 | Y28: 5250 | Z28: WSWT1921720 | AA28: 4679.95 | AB28: 4679.95 | AC28: 0 | AD28: 0 | AE28: 0 | AF28: PDR250212 | AG28: ยังไม่ได้พิมพ์ | AH28: P7 | AI28: 2 | AJ28: 45864 | AK28: 0 | AL28: 45855 | AM28: 45862 | AN28: 45863 | AO28: 45863 | AP28: 45859 | AQ28: 0 | AR28: 0 | AS28: 0 | AT28: 0 | AU28: 0 | AV28: 0 | AW28: งานพิมพ์ | AX28: รอART | AY28: 0 | AZ28: 0 | BA28: 0 | BB28: 0 | BC28: WRWT21720/WRWT25800 | BD28: 0
A29: 45843 | B29: MK68-000866 | C29: บจก.เคอรี่ฟลาวมิลล์ | D29: ดอกไม้เขียว | E29: 19 | F29: 32 | G29: ขาว | H29: 0 | I29: 67 | J29: + | K29: 5 | L29: บิด | M29: ไม่สวมถุงใน | N29: 0 | O29: 0 | P29: 0 | Q29: 0 | R29: 0 | S29: ห่ออัดเบลแบน500 | T29: 45864 | U29: 5000 | V29: 0 | W29: 5000 | X29: 0 | Y29: 5250 | Z29: WSWT1921720 | AA29: 4679.95 | AB29: 4679.95 | AC29: 0 | AD29: 0 | AE29: 0 | AF29: PDR250212 | AG29: ยังไม่ได้พิมพ์ | AH29: P7 | AI29: 2 | AJ29: 45864 | AK29: 0 | AL29: 45855 | AM29: 45862 | AN29: 45863 | AO29: 45863 | AP29: 45859 | AQ29: 0 | AR29: 0 | AS29: 0 | AT29: 0 | AU29: 0 | AV29: 0 | AW29: งานพิมพ์ | AX29: รอART | AY29: 0 | AZ29: 0 | BA29: 0 | BB29: 0 | BC29: WRWT21720/WRWT25800 | BD29: 0
A30: 45843 | B30: MK68-000866 | C30: บจก.เคอรี่ฟลาวมิลล์ | D30: แต้มแดง | E30: 19 | F30: 32 | G30: ขาว | H30: 0 | I30: 67 | J30: + | K30: 5 | L30: บิด | M30: ไม่สวมถุงใน | N30: 0 | O30: 0 | P30: 0 | Q30: 0 | R30: 0 | S30: ห่ออัดเบลแบน500 | T30: 45867 | U30: 5000 | V30: 0 | W30: 5000 | X30: 0 | Y30: 5250 | Z30: WSWT1921720 | AA30: 4679.95 | AB30: 4679.95 | AC30: 0 | AD30: 0 | AE30: 0 | AF30: PDR250213 | AG30: รอแบบ | AH30: P7 | AI30: 2 | AJ30: 45867 | AK30: 0 | AL30: 45858 | AM30: 45865 | AN30: 45866 | AO30: 45866 | AP30: 45862 | AQ30: 0 | AR30: 0 | AS30: 0 | AT30: 0 | AU30: 0 | AV30: 0 | AW30: งานพิมพ์ | AX30: รอART | AY30: 0 | AZ30: 0 | BA30: 0 | BB30: 0 | BC30: WRWT21720/WRWT25800 | BD30: 0
A31: 45843 | B31: MK68-000866 | C31: บจก.เคอรี่ฟลาวมิลล์ | D31: ดอกไม้แดง | E31: 19 | F31: 32 | G31: ขาว | H31: 0 | I31: 67 | J31: + | K31: 5 | L31: บิด | M31: ไม่สวมถุงใน | N31: 0 | O31: 0 | P31: 0 | Q31: 0 | R31: 0 | S31: ห่ออัดเบลแบน500 | T31: 45867 | U31: 5000 | V31: 0 | W31: 5000 | X31: 0 | Y31: 5250 | Z31: WSWT1921720 | AA31: 4679.95 | AB31: 4679.95 | AC31: 0 | AD31: 0 | AE31: 0 | AF31: PDR250213 | AG31: พร้อมส่ง | AH31: P7 | AI31: 2 | AJ31: 45867 | AK31: 0 | AL31: 45858 | AM31: 45865 | AN31: 45866 | AO31: 45866 | AP31: 45862 | AQ31: 0 | AR31: 0 | AS31: 0 | AT31: 0 | AU31: 0 | AV31: 0 | AW31: งานพิมพ์ | AX31: รอART | AY31: 0 | AZ31: 0 | BA31: 0 | BB31: 0 | BC31: WRWT21720/WRWT25800 | BD31: 0
A32: 45843 | B32: MK68-000866 | C32: บจก.เคอรี่ฟลาวมิลล์ | D32: หีบเพลงฟ้า | E32: 19 | F32: 32 | G32: ขาว | H32: 0 | I32: 67 | J32: + | K32: 5 | L32: บิด | M32: ไม่สวมถุงใน | N32: 0 | O32: 0 | P32: 0 | Q32: 0 | R32: 0 | S32: ห่ออัดเบลแบน500 | T32: 45867 | U32: 5000 | V32: 0 | W32: 5000 | X32: 0 | Y32: 5250 | Z32: WSWT1921720 | AA32: 4679.95 | AB32: 0 | AC32: 4679.95 | AD32: 0 | AE32: 0 | AF32: PDR250213 | AG32: ยังไม่ได้พิมพ์ | AH32: P7 | AI32: 2 | AJ32: 45867 | AK32: 0 | AL32: 45858 | AM32: 45865 | AN32: 45866 | AO32: 45866 | AP32: 45862 | AQ32: 0 | AR32: 0 | AS32: 0 | AT32: 0 | AU32: 0 | AV32: 0 | AW32: งานพิมพ์ | AX32: รอART | AY32: 0 | AZ32: 0 | BA32: 0 | BB32: 0 | BC32: WRWT21720/WRWT25800 | BD32: 352.51463
A33: ประมาณการ | B33: ประมาณการ | C33: บจก.เคอรี่ฟลาวมิลล์ | D33: รอแบบ | E33: 19 | F33: 32 | G33: ขาว | H33: 0 | I33: 67 | J33: + | K33: 5 | L33: บิด | M33: ไม่สวมถุงใน | N33: 0 | O33: 0 | P33: 0 | Q33: 0 | R33: 0 | S33: ห่ออัดเบลแบน500 | T33: 45868 | U33: 572000 | V33: 0 | W33: 572000 | X33: 0 | Y33: 600600 | Z33: WSWT1921720 | AA33: 535386.28 | AB33: 0 | AC33: 535386.28 | AD33: 0 | AE33: 0 | AF33: 0 | AG33: พร้อมส่ง | AH33: P7 | AI33: 2 | AJ33: 45868 | AK33: 0 | AL33: 45859 | AM33: 45866 | AN33: 45867 | AO33: 45867 | AP33: 45863 | AQ33: 0 | AR33: 0 | AS33: 0 | AT33: 0 | AU33: 0 | AV33: 0 | AW33: งานพิมพ์ | AX33: / | AY33: 0 | AZ33: 0 | BA33: 0 | BB33: 0 | BC33: WRWT21720/WRWT25800 | BD33: 40327.674
A34: 0 | B34: 0 | C34: 0 | D34: 0 | E34: 19 | F34: 30 | G34: 0 | H34: 0 | I34: 63 | J34: + | K34: 5 | L34: 0 | M34: 0 | N34: 0 | O34: 0 | P34: 0 | Q34: 0 | R34: 0 | S34: 0 | U34: 0 | V34: 0 | W34: 0 | X34: 0 | Y34: 0 | Z34: WSWT1921720 | AA34: 608030.28 | AB34: 67964.05 | AC34: 540066.23 | AD34: 0 | AE34: 0 | AF34: ระบุในSD | AG34: พร้อมส่ง | AH34: 0 | AI34: Lead time | AJ34: 0 | AK34: 0 | AL34: 0 | AM34: 0 | AN34: 0 | AO34: 0 | AP34: 0 | AQ34: 0 | AR34: 0 | AS34: 0 | AT34: 0 | AU34: 0 | AV34: 0 | AW34: 0 | AX34: 0 | AY34: 0 | AZ34: 0 | BA34: 0 | BB34: 0 | BC34: WRWT190720/WRWT25800 | BD34: 0
A35: ประมาณการ | B35: ประมาณการ | C35: บจก.เอเชี่ยนเคมิคัล | D35: A.C.C. | E35: 19 | F35: 26 | G35: ขาว | H35: ด้าน | I35: 70 | J35: ± | K35: 5 | L35: ไม่ | M35: 20 | N35: 28 | O35: 50 | P35: 259.04464 | Q35: 0 | R35: 259.04464 | S35: มัด100 | T35: 45868 | U35: 15000 | V35: 0 | W35: 15000 | X35: 0 | Y35: 15750 | Z35: WSWT1925800SM | AA35: 11525.25 | AB35: 11525.25 | AC35: 0 | AD35: 0 | AE35: 11525.25 | AF35: 0 | AG35: พร้อมส่ง | AH35: P8 | AI35: 4 | AJ35: 45868 | AK35: 45864 | AL35: 45858 | AM35: 45865 | AN35: 45866 | AO35: 45866 | AP35: 45863 | AQ35: 45867 | AR35: 0 | AS35: 0 | AT35: 0 | AU35: 0 | AV35: 0 | AW35: งานเคลือบ+พิมพ์ | AX35: 0 | AY35: 0 | AZ35: 0 | BA35: 0 | BB35: 0 | BC35: WRWT25800/WRWT25800 | BD35: 0
A36: 0 | B36: 0 | C36: 0 | D36: 0 | E36: 19 | F36: 30 | G36: 0 | H36: 0 | I36: 56 | J36: ± | K36: 5 | L36: 0 | M36: 0 | N36: 0 | O36: 0 | P36: 0 | Q36: 0 | R36: 0 | S36: 0 | U36: 0 | W36: 0 | X36: 0 | Y36: 0 | Z36: WSWT1925800SM | AA36: 11525.25 | AB36: 11525.25 | AC36: 0 | AD36: 0 | AE36: 11525.25 | AF36: ระบุในSD | AG36: ผ้าขาว | AH36: 0 | AI36: Lead time | AJ36: 0 | AK36: 0 | AL36: 0 | AM36: 0 | AN36: 0 | AO36: 0 | AP36: 0 | AQ36: 0 | AR36: 0 | AS36: 0 | AT36: 0 | AU36: 0 | AV36: 0 | AW36: 0 | AX36: 0 | AY36: 0 | AZ36: 0 | BA36: 0 | BB36: 0 | BC36: WRWT190800/WRWT25800 | BD36: 0
A37: 45796 | B37: MK68-000680 | C37: บจก.อินเทคค์ โกลบอล | D37: เพอเฟคค์103P โกลด์ | E37: 19 | F37: 34 | G37: ขาว | H37: ด้าน | I37: 100 | J37: ± | K37: 5 | L37: จับจีบ4" | M37: ไม่สวมถุงใน | N37: 0 | O37: 0 | P37: 0 | Q37: 0 | R37: 0 | S37: มัด80 ใช้สายรัด | T37: รอแจ้ง | U37: 503 | V37: 0 | W37: 503 | X37: 5250 | Y37: 0 | Z37: WSWT19251000SM | AA37: 0 | AB37: 0 | AC37: 0 | AD37: 0 | AE37: 0 | AF37: 0 | AG37: ยังไม่ได้พิมพ์ | AH37: P6 | AI37: 4 | AJ37: รอแจ้ง | AK37: #VALUE! | AL37: #VALUE! | AM37: #VALUE! | AN37: #VALUE! | AO37: #VALUE! | AP37: #VALUE! | AQ37: 0 | AR37: 0 | AS37: 0 | AT37: 0 | AU37: 0 | AV37: 0 | AW37: งานเคลือบ+พิมพ์ | AX37: / | AY37: 0 | AZ37: 0 | BA37: 0 | BB37: 0 | BC37: WRWT251000/WRWT251000 | BD37: 0
A38: 0 | B38: 0 | C38: 0 | D38: 0 | E38: 19 | F38: 34 | G38: ขาว | H38: 0 | I38: 80 | J38: ± | K38: 5 | L38: 0 | M38: 0 | N38: 0 | O38: 0 | P38: 0 | Q38: 0 | R38: 0 | S38: 0 | U38: 0 | V38: 0 | W38: 0 | X38: 0 | Y38: 0 | Z38: WSWT19251000SM | AA38: 0 | AB38: 0 | AC38: 0 | AD38: 0 | AE38: 0 | AF38: ระบุในSD | AG38: พร้อมส่ง | AH38: 0 | AI38: Lead time | AJ38: 0 | AK38: 0 | AL38: 0 | AM38: 0 | AN38: 0 | AO38: 0 | AP38: 0 | AQ38: 0 | AR38: 0 | AS38: 0 | AT38: 0 | AU38: 0 | AV38: 0 | AW38: 0 | AX38: 0 | AY38: 0 | AZ38: 0 | BA38: 0 | BB38: 0 | BC38: WRWT251000/WRYL251000 | BD38: 0
A39: ประมาณการ | B39: ประมาณการ | C39: บจก.หนองบัวฟีดมิลล์ | D39: ไม่พิมพ์ | E39: 20 | F39: 30 | G39: ขาว | H39: 0 | I39: 53 | J39: ± | K39: 5 | L39: ไม่ | M39: ไม่สวมถุงใน | N39: 0 | O39: 0 | P39: 0 | Q39: 0 | R39: 0 | S39: 500กระสอบ | T39: 45868 | U39: 20000 | V39: 0 | W39: 20000 | X39: 0 | Y39: 0 | Z39: WSWT2025650 | AA39: 17602.2 | AB39: 0 | AC39: 17602.2 | AD39: 0 | AE39: 0 | AF39: 0 | AG39: พร้อมส่ง | AH39: P3 | AI39: 1 | AJ39: 45868 | AK39: 0 | AL39: 0 | AM39: 0 | AN39: 0 | AO39: 45867 | AP39: 45863 | AQ39: 0 | AR39: 0 | AS39: 0 | AT39: 0 | AU39: 0 | AV39: 0 | AW39: ตัด | AX39: 0 | AY39: 0 | AZ39: 0 | BA39: 0 | BB39: 0 | BC39: WRWT25650/WRWT25650 | BD39: 1080.5795
A40: 45839 | B40: MK68-000851 | C40: สหกรณ์โคนมพิมาย | D40: พ.ม.21 ผงใช้ในฟาร์ม(แถบบานเย็น) | E40: 20 | F40: 37 | G40: ขาว | H40: 0 | I40: 65 | J40: ± | K40: 5 | L40: บิด | M40: ไม่สวมถุงใน | N40: 0 | O40: 0 | P40: 0 | Q40: 0 | R40: 0 | S40: 500กระสอบ | T40: 45847 | U40: 10000 | V40: 0 | W40: 10000 | X40: 0 | Y40: 10500 | Z40: WSWT2025650 | AA40: 10756.9 | AB40: 0 | AC40: 10756.9 | AD40: 0 | AE40: 0 | AF40: 0 | AG40: พร้อมส่ง | AH40: P7 | AI40: 2 | AJ40: 45847 | AK40: 0 | AL40: 45838 | AM40: 45845 | AN40: 45846 | AO40: 45846 | AP40: 45842 | AQ40: 0 | AR40: 0 | AS40: 0 | AT40: 0 | AU40: 0 | AV40: 0 | AW40: งานพิมพ์ | AX40: 0 | AY40: 0 | AZ40: 0 | BA40: 0 | BB40: 0 | BC40: WRWT25650/WRWT25650 | BD40: 660.35414
A41: 0 | B41: 0 | C41: 0 | D41: 0 | E41: 20 | F41: 37 | G41: ขาว | H41: 0 | I41: 65 | J41: ± | K41: 5 | L41: 0 | M41: 0 | N41: 0 | O41: 0 | P41: 0 | Q41: 0 | R41: 0 | S41: 0 | U41: 0 | V41: 0 | W41: 0 | X41: 0 | Y41: 0 | Z41: WSWT2025650 | AA41: 28359.1 | AB41: 0 | AC41: 28359.1 | AD41: 0 | AE41: 0 | AF41: ระบุในSD | AG41: รอตัด | AH41: 0 | AI41: Lead time | AJ41: 0 | AK41: 0 | AL41: 0 | AM41: 0 | AN41: 0 | AO41: 0 | AP41: 0 | AQ41: 0 | AR41: 0 | AS41: 0 | AT41: 0 | AU41: 0 | AV41: 0 | AW41: 0 | AX41: 0 | AY41: 0 | AZ41: 0 | BA41: 0 | BB41: 0 | BC41: WRWT25650/WRWT25650 | BD41: 0
A42: 45825 | B42: MK68-000796 | C42: บจก.อินเทคค์ โกลบอล | D42: เฟิร์สช้อย 911 | E42: 20 | F42: 36 | G42: ขาว | H42: ด้าน | I42: 100 | J42: ± | K42: 5 | L42: จับจีบ4" | M42: ไม่สวมถุงใน | N42: 0 | O42: 0 | P42: 0 | Q42: 0 | R42: 0 | S42: มัด80 ใช้สายรัด | T42: 45843 | U42: 127 | V42: 0 | W42: 127 | X42: 6000 | Y42: 0 | Z42: WSWT2025800SM | AA42: 0 | AB42: 0 | AC42: 0 | AD42: 0 | AE42: 0 | AF42: 0 | AG42: รอตัด | AH42: P6 | AI42: 4 | AJ42: 45843 | AK42: 45839 | AL42: 45832 | AM42: 45840 | AN42: 45841 | AO42: 45842 | AP42: 45838 | AQ42: 0 | AR42: 0 | AS42: 0 | AT42: 0 | AU42: 0 | AV42: 0 | AW42: งานเคลือบ+พิมพ์ | AX42: / | AY42: 0 | AZ42: 0 | BA42: 0 | BB42: 0 | BC42: WRWT25850/WRWT25850 | BD42: 0
A43: 45782 | B43: MK68-000609 | C43: บจก.เอสพีเอ็ม อาหารสัตว์ | D43: SW 441 | E43: 20 | F43: 38 | G43: ขาว | H43: ใส | I43: 100 | J43: ± | K43: 5 | L43: บิด | M43: ไม่สวมถุงใน | N43: 0 | O43: 0 | P43: 0 | Q43: 0 | R43: 0 | S43: 500กระสอบแบน | T43: 45846 | U43: 5000 | V43: 3318 | W43: 1682 | X43: 5538 | Y43: 0 | Z43: WSWT2025800SM | AA43: 0 | AB43: 0 | AC43: 0 | AD43: 0 | AE43: 0 | AF43: 0 | AG43: ยังไม่ได้พิมพ์ | AH43: P6 | AI43: 4 | AJ43: 45846 | AK43: 45842 | AL43: 45835 | AM43: 45843 | AN43: 45844 | AO43: 45845 | AP43: 45841 | AQ43: 0 | AR43: 0 | AS43: 0 | AT43: 0 | AU43: 0 | AV43: 0 | AW43: งานเคลือบ+พิมพ์ | AX43: / | AY43: 0 | AZ43: 0 | BA43: 0 | BB43: 0 | BC43: WRWT25850/WRWT25850 | BD43: 0
A44: 45810 | B44: MK68-000741 | C44: บจก.เอสพีเอ็ม อาหารสัตว์ | D44: SPM 915 | E44: 20 | F44: 38 | G44: ขาว | H44: ด้าน | I44: 100 | J44: ± | K44: 5 | L44: บิด | M44: ไม่สวมถุงใน | N44: 0 | O44: 0 | P44: 0 | Q44: 0 | R44: 0 | S44: 500กระสอบแบน | T44: 45846 | U44: 3000 | V44: 0 | W44: 3000 | X44: 0 | Y44: 3150 | Z44: WSWT2025800SM | AA44: 3310.89 | AB44: 3310.89 | AC44: 0 | AD44: 3310.89 | AE44: 0 | AF44: 0 | AG44: ยังไม่ได้พิมพ์ | AH44: P6 | AI44: 4 | AJ44: 45846 | AK44: 45842 | AL44: 45835 | AM44: 45843 | AN44: 45844 | AO44: 45845 | AP44: 45841 | AQ44: 0 | AR44: 0 | AS44: 0 | AT44: 0 | AU44: 0 | AV44: 0 | AW44: งานเคลือบ+พิมพ์ | AX44: / | AY44: 0 | AZ44: 0 | BA44: 0 | BB44: 0 | BC44: WRWT25850/WRWT25850 | BD44: 0
A45: 45839 | B45: MK68-000854 | C45: บจก.วีซีเอฟ | D45: VC 181 | E45: 20 | F45: 37 | G45: ขาว | H45: ใส | I45: 100 | J45: ± | K45: 5 | L45: บิด | M45: ไม่สวมถุงใน | N45: 0 | O45: 0 | P45: 0 | Q45: 0 | R45: 0 | S45: 500กระสอบแบน | T45: 45847 | U45: 20000 | V45: 0 | W45: 20000 | X45: 20200 | Y45: 0 | Z45: WSWT2025800SM | AA45: 0 | AB45: 0 | AC45: 0 | AD45: 0 | AE45: 0 | AF45: 0 | AG45: ยังไม่ได้พิมพ์ | AH45: P6 | AI45: 4 | AJ45: 45847 | AK45: 45843 | AL45: 45836 | AM45: 45844 | AN45: 45845 | AO45: 45846 | AP45: 45842 | AQ45: 0 | AR45: 0 | AS45: 0 | AT45: 0 | AU45: 0 | AV45: 0 | AW45: งานเคลือบ+พิมพ์ | AX45: รอART | AY45: 0 | AZ45: 0 | BA45: 0 | BB45: 0 | BC45: WRWT25850/WRWT25850 | BD45: 0
A46: 45839 | B46: MK68-000853 | C46: บจก.วีซีเอฟ | D46: JET 153 | E46: 20 | F46: 37 | G46: ขาว | H46: ใส | I46: 100 | J46: ± | K46: 5 | L46: ไม่ | M46: ไม่สวมถุงใน | N46: 0 | O46: 0 | P46: 0 | Q46: 0 | R46: 0 | S46: 500กระสอบแบน | T46: 45852 | U46: 10000 | V46: 0 | W46: 10000 | X46: 0 | Y46: 10500 | Z46: WSWT2025800SM | AA46: 10756.9 | AB46: 10756.9 | AC46: 0 | AD46: 0 | AE46: 10756.9 | AF46: 0 | AG46: ยังไม่ได้พิมพ์ | AH46: P6 | AI46: 4 | AJ46: 45852 | AK46: 45848 | AL46: 45841 | AM46: 45849 | AN46: 45850 | AO46: 45851 | AP46: 45847 | AQ46: 0 | AR46: 0 | AS46: 0 | AT46: 0 | AU46: 0 | AV46: 0 | AW46: งานเคลือบ+พิมพ์ | AX46: รอART | AY46: 0 | AZ46: 0 | BA46: 0 | BB46: 0 | BC46: WRWT25850/WRWT25850 | BD46: 0
A47: 45839 | B47: MK68-000853 | C47: บจก.วีซีเอฟ | D47: SPEED PLUS 333 เขมร | E47: 20 | F47: 37 | G47: ขาว | H47: ใส | I47: 100 | J47: ± | K47: 5 | L47: ไม่ | M47: ไม่สวมถุงใน | N47: 0 | O47: 0 | P47: 0 | Q47: 0 | R47: 0 | S47: 500กระสอบแบน | T47: 45852 | U47: 5000 | V47: 0 | W47: 5000 | X47: 0 | Y47: 5250 | Z47: WSWT2025800SM | AA47: 5378.45 | AB47: 0 | AC47: 5378.45 | AD47: 0 | AE47: 5378.45 | AF47: 0 | AG47: รอแบบ | AH47: P6 | AI47: 4 | AJ47: 45852 | AK47: 45848 | AL47: 45841 | AM47: 45849 | AN47: 45850 | AO47: 45851 | AP47: 45847 | AQ47: 0 | AR47: 0 | AS47: 0 | AT47: 0 | AU47: 0 | AV47: 0 | AW47: งานเคลือบ+พิมพ์ | AX47: รอART | AY47: 0 | AZ47: 0 | BA47: 0 | BB47: 0 | BC47: WRWT25850/WRWT25850 | BD47: 406.37178
A48: 45826 | B48: MK68-000806 | C48: บจก.เอพีเอ็ม อะโกร | D48: ฟีล กู๊ด พี6 | E48: 20 | F48: 38 | G48: ขาว | H48: ใส | I48: 100 | J48: ± | K48: 5 | L48: บิด | M48: ไม่สวมถุงใน | N48: 0 | O48: 0 | P48: 0 | Q48: 0 | R48: 0 | S48: 500กระสอบแบน | T48: 45856 | U48: 3000 | V48: 0 | W48: 3000 | X48: 0 | Y48: 3150 | Z48: WSWT2025800SM | AA48: 3310.89 | AB48: 3310.89 | AC48: 0 | AD48: 3310.89 | AE48: 0 | AF48: 0 | AG48: รอแบบ | AH48: P6 | AI48: 4 | AJ48: 45856 | AK48: 45852 | AL48: 45845 | AM48: 45853 | AN48: 45854 | AO48: 45855 | AP48: 45851 | AQ48: 0 | AR48: 0 | AS48: 0 | AT48: 0 | AU48: 0 | AV48: 0 | AW48: งานเคลือบ+พิมพ์ | AX48: / | AY48: 0 | AZ48: 0 | BA48: 0 | BB48: 0 | BC48: WRWT25850/WRWT25850 | BD48: 0
A49: 45839 | B49: MK68-000853 | C49: บจก.วีซีเอฟ | D49: R FEED 405A | E49: 20 | F49: 37 | G49: ขาว | H49: ใส | I49: 100 | J49: ± | K49: 5 | L49: ไม่ | M49: ไม่สวมถุงใน | N49: 0 | O49: 0 | P49: 0 | Q49: 0 | R49: 0 | S49: 500กระสอบแบน | T49: 45861 | U49: 10000 | V49: 0 | W49: 10000 | X49: 0 | Y49: 10500 | Z49: WSWT2025800SM | AA49: 10756.9 | AB49: 0 | AC49: 10756.9 | AD49: 0 | AE49: 10756.9 | AF49: 0 | AG49: รอแบบ | AH49: P6 | AI49: 4 | AJ49: 45861 | AK49: 45857 | AL49: 45850 | AM49: 45858 | AN49: 45859 | AO49: 45860 | AP49: 45856 | AQ49: 0 | AR49: 0 | AS49: 0 | AT49: 0 | AU49: 0 | AV49: 0 | AW49: งานเคลือบ+พิมพ์ | AX49: รอART | AY49: 0 | AZ49: 0 | BA49: 0 | BB49: 0 | BC49: WRWT25850/WRWT25850 | BD49: 812.74356
A50: ประมาณการ | B50: ประมาณการ | C50: บจก.อินเทคค์ โกลบอล | D50: รอแบบ | E50: 20 | F50: 36 | G50: ขาว | H50: ด้าน | I50: 100 | J50: ± | K50: 5 | L50: จับจีบ | M50: ไม่สวมถุงใน | N50: 0 | O50: 0 | P50: 0 | Q50: 0 | R50: 0 | S50: มัด80 ใช้สายรัด | T50: 45868 | U50: 100000 | V50: 0 | W50: 100000 | X50: 0 | Y50: 105000 | Z50: WSWT2025800SM | AA50: 104775 | AB50: 0 | AC50: 104775 | AD50: 0 | AE50: 104775 | AF50: 0 | AG50: รอแบบ | AH50: P6 | AI50: 4 | AJ50: 45868 | AK50: 45864 | AL50: 45857 | AM50: 45865 | AN50: 45866 | AO50: 45867 | AP50: 45863 | AQ50: 0 | AR50: 0 | AS50: 0 | AT50: 0 | AU50: 0 | AV50: 0 | AW50: งานเคลือบ+พิมพ์ | AX50: รอART | AY50: 0 | AZ50: 0 | BA50: 0 | BB50: 0 | BC50: WRWT25850/WRWT25850 | BD50: 7916.3333
A51: ประมาณการ | B51: ประมาณการ | C51: บจก.เอสพีเอ็ม อาหารสัตว์ | D51: รอแบบ | E51: 20 | F51: 38 | G51: ขาว | H51: ใส | I51: 100 | J51: ± | K51: 5 | L51: บิด | M51: ไม่สวมถุงใน | N51: 0 | O51: 0 | P51: 0 | Q51: 0 | R51: 0 | S51: 500กระสอบแบน | T51: 45868 | U51: 20000 | V51: 0 | W51: 20000 | X51: 0 | Y51: 21000 | Z51: WSWT2025800SM | AA51: 22072.6 | AB51: 0 | AC51: 22072.6 | AD51: 0 | AE51: 22072.6 | AF51: 0 | AG51: รอตัด | AH51: P6 | AI51: 4 | AJ51: 45868 | AK51: 45864 | AL51: 45857 | AM51: 45865 | AN51: 45866 | AO51: 45867 | AP51: 45863 | AQ51: 0 | AR51: 0 | AS51: 0 | AT51: 0 | AU51: 0 | AV51: 0 | AW51: งานเคลือบ+พิมพ์ | AX51: รอART | AY51: 0 | AZ51: 0 | BA51: 0 | BB51: 0 | BC51: WRWT25850/WRWT25850 | BD51: 1667.7076
A52: ประมาณการ | B52: ประมาณการ | C52: บจก.ไทยธรรมดี | D52: รอแบบ | E52: 20 | F52: 37 | G52: ขาว | H52: ด้าน | I52: 97 | J52: ± | K52: 5 | L52: บิด | M52: ไม่สวมถุงใน | N52: 0 | O52: 0 | P52: 0 | Q52: 0 | R52: 0 | S52: 500กระสอบ | T52: 45868 | U52: 20000 | V52: 0 | W52: 20000 | X52: 0 | Y52: 21000 | Z52: WSWT2025800SM | AA52: 21513.8 | AB52: 0 | AC52: 21513.8 | AD52: 0 | AE52: 21513.8 | AF52: 0 | AG52: พร้อมส่ง | AH52: P6 | AI52: 4 | AJ52: 45868 | AK52: 45864 | AL52: 45857 | AM52: 45865 | AN52: 45866 | AO52: 45867 | AP52: 45863 | AQ52: 0 | AR52: 0 | AS52: 0 | AT52: 0 | AU52: 0 | AV52: 0 | AW52: งานเคลือบ+พิมพ์ | AX52: รอART | AY52: 0 | AZ52: 0 | BA52: 0 | BB52: 0 | BC52: WRWT25850/WRWT25850 | BD52: 1625.4871
A53: ประมาณการ | B53: ประมาณการ | C53: บจก.ซันฟีด | D53: รอแบบ | E53: 20 | F53: 38 | G53: ขาว | H53: ด้าน | I53: 100 | J53: + | K53: 0 | L53: บิด | M53: ไม่สวมถุงใน | N53: 0 | O53: 0 | P53: 0 | Q53: 0 | R53: 0 | S53: 300กระสอบแบนเต็มใบ | T53: 45868 | U53: 100000 | V53: 0 | W53: 100000 | X53: 0 | Y53: 105000 | Z53: WSWT2025800SM | AA53: 110363 | AB53: 0 | AC53: 110363 | AD53: 0 | AE53: 110363 | AF53: 0 | AG53: รอตัด | AH53: P6 | AI53: 4 | AJ53: 45868 | AK53: 45864 | AL53: 45857 | AM53: 45865 | AN53: 45866 | AO53: 45867 | AP53: 45863 | AQ53: 0 | AR53: 0 | AS53: 0 | AT53: 0 | AU53: 0 | AV53: 0 | AW53: งานเคลือบ+พิมพ์ | AX53: รอART | AY53: 0 | AZ53: 0 | BA53: 0 | BB53: 0 | BC53: WRWT25850/WRWT25850 | BD53: 8338.5378
A54: 45825 | B54: MK68-000801 | C54: บจก.อินเทคค์ โกลบอล | D54: สุบรรณ 111 | E54: 20 | F54: 36 | G54: ขาว | H54: ด้าน | I54: 100 | J54: ± | K54: 5 | L54: จับจีบ3.5" | M54: ไม่สวมถุงใน | N54: 0 | O54: 0 | P54: 0 | Q54: 0 | R54: 0 | S54: มัด80 ใช้สายรัด | T54: รอแจ้ง | U54: 894 | V54: 0 | W54: 894 | X54: 6000 | Y54: 0 | Z54: WSWT2025800SM | AA54: 0 | AB54: 0 | AC54: 0 | AD54: 0 | AE54: 0 | AF54: 0 | AG54: พร้อมส่ง | AH54: P6 | AI54: 4 | AJ54: รอแจ้ง | AK54: #VALUE! | AL54: #VALUE! | AM54: #VALUE! | AN54: #VALUE! | AO54: #VALUE! | AP54: #VALUE! | AQ54: 0 | AR54: 0 | AS54: 0 | AT54: 0 | AU54: 0 | AV54: 0 | AW54: งานเคลือบ+พิมพ์ | AX54: / | AY54: 0 | AZ54: 0 | BA54: 0 | BB54: 0 | BC54: WRWT25850/WRWT25850 | BD54: 0
A55: 45827 | B55: MK68-000810 | C55: บจก.อินเทคค์ โกลบอล | D55: เฟิร์สคลาส 912 | E55: 20 | F55: 35 | G55: ขาว | H55: ด้าน | I55: 97 | J55: ± | K55: 5 | L55: จับจีบ4" | M55: ไม่สวมถุงใน | N55: 0 | O55: 0 | P55: 0 | Q55: 0 | R55: 0 | S55: มัด80 ใช้สายรัด | T55: รอแจ้ง | U55: 455 | V55: 0 | W55: 455 | X55: 6000 | Y55: 0 | Z55: WSWT2025800SM | AA55: 0 | AB55: 0 | AC55: 0 | AD55: 0 | AE55: 0 | AF55: 0 | AG55: รอตัด | AH55: P6 | AI55: 4 | AJ55: รอแจ้ง | AK55: #VALUE! | AL55: #VALUE! | AM55: #VALUE! | AN55: #VALUE! | AO55: #VALUE! | AP55: #VALUE! | AQ55: 0 | AR55: 0 | AS55: 0 | AT55: 0 | AU55: 0 | AV55: 0 | AW55: งานเคลือบ+พิมพ์ | AX55: / | AY55: 0 | AZ55: 0 | BA55: 0 | BB55: 0 | BC55: WRWT25850/WRWT25850 | BD55: 0
A56: 45782 | B56: MK68-000609 | C56: บจก.เอสพีเอ็ม อาหารสัตว์ | D56: SW 441 | E56: 20 | F56: 38 | G56: ขาว | H56: ใส | I56: 100 | J56: ± | K56: 5 | L56: บิด | M56: ไม่สวมถุงใน | N56: 0 | O56: 0 | P56: 0 | Q56: 0 | R56: 0 | S56: 500กระสอบแบน | T56: รอแจ้ง | U56: 5000 | V56: 0 | W56: 5000 | X56: 5250 | Y56: 0 | Z56: WSWT2025800SM | AA56: 0 | AB56: 0 | AC56: 0 | AD56: 0 | AE56: 0 | AF56: 0 | AG56: รอตัด | AH56: P6 | AI56: 4 | AJ56: รอแจ้ง | AK56: #VALUE! | AL56: #VALUE! | AM56: #VALUE! | AN56: #VALUE! | AO56: #VALUE! | AP56: #VALUE! | AQ56: 0 | AR56: 0 | AS56: 0 | AT56: 0 | AU56: 0 | AV56: 0 | AW56: งานเคลือบ+พิมพ์ | AX56: / | AY56: 0 | AZ56: 0 | BA56: 0 | BB56: 0 | BC56: WRWT25850/WRWT25850 | BD56: 0
A57: 45799 | B57: MK68-000694 | C57: บจก.เอ.เจ.ฟาร์ม่าแล็บ | D57: เบส-มิน | E57: 20 | F57: 34 | G57: ขาว | H57: ใส | I57: 95 | J57: ± | K57: 5 | L57: จับจีบ | M57: ไม่สวมถุงใน | N57: 0 | O57: 0 | P57: 0 | Q57: 0 | R57: 0 | S57: 500กระสอบ | T57: รอส่ง | U57: 8000 | V57: 7840 | W57: 160 | X57: 8450 | Y57: 0 | Z57: WSWT2025800SM | AA57: 0 | AB57: 0 | AC57: 0 | AD57: 0 | AE57: 0 | AF57: ห้ามขาด-ห้ามเกิน | AG57: พร้อมส่ง | AH57: P6 | AI57: 4 | AJ57: รอส่ง | AK57: #VALUE! | AL57: #VALUE! | AM57: #VALUE! | AN57: #VALUE! | AO57: #VALUE! | AP57: #VALUE! | AQ57: 0 | AR57: 0 | AS57: 0 | AT57: 0 | AU57: 0 | AV57: 0 | AW57: งานเคลือบ+พิมพ์ | AX57: / | AY57: 0 | AZ57: 0 | BA57: 0 | BB57: 0 | BC57: WRWT25850/WRWT25850 | BD57: 0
A58: 45796 | B58: MK68-000672 | C58: บจก.อินเทคค์ โกลบอล | D58: เฟิร์สช้อย 912 | E58: 20 | F58: 36 | G58: ขาว | H58: ด้าน | I58: 100 | J58: ± | K58: 5 | L58: จับจีบ | M58: ไม่สวมถุงใน | N58: 0 | O58: 0 | P58: 0 | Q58: 0 | R58: 0 | S58: มัด80 ใช้สายรัด | T58: รอแจ้ง | U58: 3853 | V58: 0 | W58: 3853 | X58: 15401 | Y58: 0 | Z58: WSWT2025800SM | AA58: 0 | AB58: 0 | AC58: 0 | AD58: 0 | AE58: 0 | AF58: 0 | AG58: พร้อมส่ง | AH58: P6 | AI58: 4 | AJ58: รอแจ้ง | AK58: #VALUE! | AL58: #VALUE! | AM58: #VALUE! | AN58: #VALUE! | AO58: #VALUE! | AP58: #VALUE! | AQ58: 0 | AR58: 0 | AS58: 0 | AT58: 0 | AU58: 0 | AV58: 0 | AW58: งานเคลือบ+พิมพ์ | AX58: / | AY58: 0 | AZ58: 0 | BA58: 0 | BB58: 0 | BC58: WRWT25850/WRWT25850 | BD58: 0
A59: 45796 | B59: MK68-000675 | C59: บจก.อินเทคค์ โกลบอล | D59: เพอเฟคค์ 914 | E59: 20 | F59: 36 | G59: ขาว | H59: ด้าน | I59: 100 | J59: ± | K59: 5 | L59: จับจีบ | M59: ไม่สวมถุงใน | N59: 0 | O59: 0 | P59: 0 | Q59: 0 | R59: 0 | S59: มัด80 ใช้สายรัด | T59: รอแจ้ง | U59: 3360 | V59: 0 | W59: 3360 | X59: 35200 | Y59: 0 | Z59: WSWT2025800SM | AA59: 0 | AB59: 0 | AC59: 0 | AD59: 0 | AE59: 0 | AF59: 0 | AG59: พร้อมส่ง | AH59: P6 | AI59: 4 | AJ59: รอแจ้ง | AK59: #VALUE! | AL59: #VALUE! | AM59: #VALUE! | AN59: #VALUE! | AO59: #VALUE! | AP59: #VALUE! | AQ59: 0 | AR59: 0 | AS59: 0 | AT59: 0 | AU59: 0 | AV59: 0 | AW59: งานเคลือบ+พิมพ์ | AX59: / | AY59: 2/6---6/6 | AZ59: 0 | BA59: 0 | BB59: 0 | BC59: WRWT25850/WRWT25850 | BD59: 0
A60: 45796 | B60: MK68-000676 | C60: บจก.อินเทคค์ โกลบอล | D60: เพอเฟคค์ 916 | E60: 20 | F60: 36 | G60: ขาว | H60: ด้าน | I60: 100 | J60: ± | K60: 5 | L60: จับจีบ | M60: ไม่สวมถุงใน | N60: 0 | O60: 0 | P60: 0 | Q60: 0 | R60: 0 | S60: มัด80 ใช้สายรัด | T60: รอแจ้ง | U60: 614 | V60: 0 | W60: 614 | X60: 12101 | Y60: 0 | Z60: WSWT2025800SM | AA60: 0 | AB60: 0 | AC60: 0 | AD60: 0 | AE60: 0 | AF60: 0 | AG60: พร้อมส่ง | AH60: P6 | AI60: 4 | AJ60: รอแจ้ง | AK60: #VALUE! | AL60: #VALUE! | AM60: #VALUE! | AN60: #VALUE! | AO60: #VALUE! | AP60: #VALUE! | AQ60: 0 | AR60: 0 | AS60: 0 | AT60: 0 | AU60: 0 | AV60: 0 | AW60: งานเคลือบ+พิมพ์ | AX60: / | AY60: 0 | AZ60: 0 | BA60: 0 | BB60: 0 | BC60: WRWT25850/WRWT25850 | BD60: 0
A61: 45796 | B61: MK68-000671 | C61: บจก.อินเทคค์ โกลบอล | D61: เฟิร์สช้อย 902 | E61: 20 | F61: 36 | G61: ขาว | H61: ด้าน | I61: 100 | J61: ± | K61: 5 | L61: จับจีบ | M61: ไม่สวมถุงใน | N61: 0 | O61: 0 | P61: 0 | Q61: 0 | R61: 0 | S61: มัด80 ใช้สายรัด | T61: รอแจ้ง | U61: 366 | V61: 0 | W61: 366 | X61: 5113 | Y61: 0 | Z61: WSWT2025800SM | AA61: 0 | AB61: 0 | AC61: 0 | AD61: 0 | AE61: 0 | AF61: 0 | AG61: รอตัด | AH61: P6 | AI61: 4 | AJ61: รอแจ้ง | AK61: #VALUE! | AL61: #VALUE! | AM61: #VALUE! | AN61: #VALUE! | AO61: #VALUE! | AP61: #VALUE! | AQ61: 0 | AR61: 0 | AS61: 0 | AT61: 0 | AU61: 0 | AV61: 0 | AW61: งานเคลือบ+พิมพ์ | AX61: / | AY61: 0 | AZ61: 0 | BA61: 0 | BB61: 0 | BC61: WRWT25850/WRWT25850 | BD61: 0
A62: 45796 | B62: MK68-000673 | C62: บจก.อินเทคค์ โกลบอล | D62: เพอเฟคค์ 000 | E62: 20 | F62: 36 | G62: ขาว | H62: ด้าน | I62: 100 | J62: ± | K62: 5 | L62: จับจีบ | M62: ไม่สวมถุงใน | N62: 0 | O62: 0 | P62: 0 | Q62: 0 | R62: 0 | S62: มัด80 ใช้สายรัด | T62: รอแจ้ง | U62: 179 | V62: 0 | W62: 179 | X62: 11000 | Y62: 0 | Z62: WSWT2025800SM | AA62: 0 | AB62: 0 | AC62: 0 | AD62: 0 | AE62: 0 | AF62: 0 | AG62: ยังไม่ได้พิมพ์ | AH62: P6 | AI62: 4 | AJ62: รอแจ้ง | AK62: #VALUE! | AL62: #VALUE! | AM62: #VALUE! | AN62: #VALUE! | AO62: #VALUE! | AP62: #VALUE! | AQ62: 0 | AR62: 0 | AS62: 0 | AT62: 0 | AU62: 0 | AV62: 0 | AW62: งานเคลือบ+พิมพ์ | AX62: / | AY62: 0 | AZ62: 0 | BA62: 0 | BB62: 0 | BC62: WRWT25850/WRWT25850 | BD62: 0
A63: 45796 | B63: MK68-000673 | C63: บจก.อินเทคค์ โกลบอล | D63: เพอเฟคค์ 902 | E63: 20 | F63: 36 | G63: ขาว | H63: ด้าน | I63: 100 | J63: ± | K63: 5 | L63: จับจีบ | M63: ไม่สวมถุงใน | N63: 0 | O63: 0 | P63: 0 | Q63: 0 | R63: 0 | S63: มัด80 ใช้สายรัด | T63: รอแจ้ง | U63: 302 | V63: 0 | W63: 302 | X63: 5300 | Y63: 0 | Z63: WSWT2025800SM | AA63: 0 | AB63: 0 | AC63: 0 | AD63: 0 | AE63: 0 | AF63: 0 | AG63: ยังไม่ได้พิมพ์ | AH63: P6 | AI63: 4 | AJ63: รอแจ้ง | AK63: #VALUE! | AL63: #VALUE! | AM63: #VALUE! | AN63: #VALUE! | AO63: #VALUE! | AP63: #VALUE! | AQ63: 0 | AR63: 0 | AS63: 0 | AT63: 0 | AU63: 0 | AV63: 0 | AW63: งานเคลือบ+พิมพ์ | AX63: / | AY63: 0 | AZ63: 0 | BA63: 0 | BB63: 0 | BC63: WRWT25850/WRWT25850 | BD63: 0
A64: 45796 | B64: MK68-000674 | C64: บจก.อินเทคค์ โกลบอล | D64: เพอเฟคค์ 913 | E64: 20 | F64: 36 | G64: ขาว | H64: ด้าน | I64: 100 | J64: ± | K64: 5 | L64: จับจีบ | M64: ไม่สวมถุงใน | N64: 0 | O64: 0 | P64: 0 | Q64: 0 | R64: 0 | S64: มัด80 ใช้สายรัด | T64: รอแจ้ง | U64: 1200 | V64: 0 | W64: 1200 | X64: 10700 | Y64: 0 | Z64: WSWT2025800SM | AA64: 0 | AB64: 0 | AC64: 0 | AD64: 0 | AE64: 0 | AF64: 0 | AG64: ยังไม่ได้พิมพ์ | AH64: P6 | AI64: 4 | AJ64: รอแจ้ง | AK64: #VALUE! | AL64: #VALUE! | AM64: #VALUE! | AN64: #VALUE! | AO64: #VALUE! | AP64: #VALUE! | AQ64: 0 | AR64: 0 | AS64: 0 | AT64: 0 | AU64: 0 | AV64: 0 | AW64: งานเคลือบ+พิมพ์ | AX64: / | AY64: 0 | AZ64: 0 | BA64: 0 | BB64: 0 | BC64: WRWT25850/WRWT25850 | BD64: 0
A65: 45798 | B65: MK68-000693 | C65: บจก.เอพีเอ็ม อะโกร | D65: ฟีล กู๊ด พี07 | E65: 20 | F65: 38 | G65: ขาว | H65: ใส | I65: 100 | J65: ± | K65: 5 | L65: บิด | M65: ไม่สวมถุงใน | N65: 0 | O65: 0 | P65: 0 | Q65: 0 | R65: 0 | S65: 500กระสอบแบน | T65: รอแจ้ง | U65: 5000 | V65: 0 | W65: 5000 | X65: 0 | Y65: 5250 | Z65: WSWT2025800SM | AA65: 5518.15 | AB65: 0 | AC65: 5518.15 | AD65: 0 | AE65: 5518.15 | AF65: 0 | AG65: ยังไม่ได้พิมพ์ | AH65: P6 | AI65: 4 | AJ65: รอแจ้ง | AK65: #VALUE! | AL65: #VALUE! | AM65: #VALUE! | AN65: #VALUE! | AO65: #VALUE! | AP65: #VALUE! | AQ65: 0 | AR65: 0 | AS65: 0 | AT65: 0 | AU65: 0 | AV65: 0 | AW65: งานเคลือบ+พิมพ์ | AX65: / | AY65: 0 | AZ65: 0 | BA65: 0 | BB65: 0 | BC65: WRWT25850/WRWT25850 | BD65: 416.92689
A66: 45782 | B66: MK68-000609 | C66: บจก.เอสพีเอ็ม อาหารสัตว์ | D66: SW 441 | E66: 20 | F66: 38 | G66: ขาว | H66: ใส | I66: 100 | J66: ± | K66: 5 | L66: บิด | M66: ไม่สวมถุงใน | N66: 0 | O66: 0 | P66: 0 | Q66: 0 | R66: 0 | S66: 500กระสอบแบน | T66: รอแจ้ง | U66: 10000 | V66: 0 | W66: 10000 | X66: 0 | Y66: 10500 | Z66: WSWT2025800SM | AA66: 11036.3 | AB66: 0 | AC66: 11036.3 | AD66: 0 | AE66: 11036.3 | AF66: 0 | AG66: พร้อมส่ง | AH66: P6 | AI66: 4 | AJ66: รอแจ้ง | AK66: #VALUE! | AL66: #VALUE! | AM66: #VALUE! | AN66: #VALUE! | AO66: #VALUE! | AP66: #VALUE! | AQ66: 0 | AR66: 0 | AS66: 0 | AT66: 0 | AU66: 0 | AV66: 0 | AW66: งานเคลือบ+พิมพ์ | AX66: / | AY66: 0 | AZ66: 0 | BA66: 0 | BB66: 0 | BC66: WRWT25850/WRWT25850 | BD66: 833.85378
A67: 45810 | B67: MK68-000742 | C67: บจก.เอสพีเอ็ม อาหารสัตว์ | D67: นีโอ 05 | E67: 20 | F67: 38 | G67: ขาว | H67: ด้าน | I67: 100 | J67: ± | K67: 5 | L67: ไม่ | M67: ไม่สวมถุงใน | N67: 0 | O67: 0 | P67: 0 | Q67: 0 | R67: 0 | S67: 500กระสอบแบน | T67: รอแจ้ง | U67: 5000 | V67: 0 | W67: 5000 | X67: 0 | Y67: 5250 | Z67: WSWT2025800SM | AA67: 5518.15 | AB67: 0 | AC67: 5518.15 | AD67: 0 | AE67: 5518.15 | AF67: 0 | AG67: พร้อมส่ง | AH67: P6 | AI67: 4 | AJ67: รอแจ้ง | AK67: #VALUE! | AL67: #VALUE! | AM67: #VALUE! | AN67: #VALUE! | AO67: #VALUE! | AP67: #VALUE! | AQ67: 0 | AR67: 0 | AS67: 0 | AT67: 0 | AU67: 0 | AV67: 0 | AW67: งานเคลือบ+พิมพ์ | AX67: รอART | AY67: 0 | AZ67: 0 | BA67: 0 | BB67: 0 | BC67: WRWT25850/WRWT25850 | BD67: 416.92689
A68: 45681 | B68: MK68-000122 | C68: บจก.เอสพีเอ็ม อาหารสัตว์ | D68: SPM 212 | E68: 20 | F68: 40 | G68: ขาว | H68: ด้าน | I68: 108 | J68: ± | K68: 5 | L68: บิด | M68: ไม่สวมถุงใน | N68: 0 | O68: 0 | P68: 0 | Q68: 0 | R68: 0 | S68: 500กระสอบแบน | T68: รอแจ้ง | U68: 3000 | V68: 0 | W68: 3000 | X68: 0 | Y68: 3150 | Z68: WSWT2025800SM | AA68: 3478.53 | AB68: 0 | AC68: 3478.53 | AD68: 0 | AE68: 3478.53 | AF68: 0 | AG68: รอตัด | AH68: P6 | AI68: 4 | AJ68: รอแจ้ง | AK68: #VALUE! | AL68: #VALUE! | AM68: #VALUE! | AN68: #VALUE! | AO68: #VALUE! | AP68: #VALUE! | AQ68: 0 | AR68: 0 | AS68: 0 | AT68: 0 | AU68: 0 | AV68: 0 | AW68: งานเคลือบ+พิมพ์ | AX68: / | AY68: 0 | AZ68: 0 | BA68: 0 | BB68: 0 | BC68: WRWT25850/WRWT25850 | BD68: 262.82227
A69: 45674 | B69: MK68-000093 | C69: บจก.อินเทคค์ โกลบอล | D69: เฟิร์สคลาส 902 | E69: 20 | F69: 35 | G69: ขาว | H69: ด้าน | I69: 97 | J69: ± | K69: 5 | L69: จับจีบ4" | M69: ไม่สวมถุงใน | N69: 0 | O69: 0 | P69: 0 | Q69: 0 | R69: 0 | S69: มัด80 ใช้สายรัด | T69: รอแจ้ง | U69: 152 | V69: 0 | W69: 152 | X69: 6000 | Y69: 0 | Z69: WSWT2025800SM | AA69: 0 | AB69: 0 | AC69: 0 | AD69: 0 | AE69: 0 | AF69: 5987 | AG69: พร้อมส่ง | AH69: P6 | AI69: 4 | AJ69: รอแจ้ง | AK69: #VALUE! | AL69: #VALUE! | AM69: #VALUE! | AN69: #VALUE! | AO69: #VALUE! | AP69: #VALUE! | AQ69: 0 | AR69: 0 | AS69: 0 | AT69: 0 | AU69: 0 | AV69: 0 | AW69: งานเคลือบ+พิมพ์ | AX69: / | AY69: ลบสี 5040 | AZ69: 0 | BA69: 0 | BB69: 0 | BC69: WRWT25850/WRWT25850 | BD69: 0
A70: 45611 | B70: MK67-001532 | C70: บจก.อินเทคค์ โกลบอล | D70: เฟิร์สช้อย 903 | E70: 20 | F70: 36 | G70: ขาว | H70: ด้าน | I70: 100 | J70: ± | K70: 5 | L70: จับจีบ | M70: ไม่สวมถุงใน | N70: 0 | O70: 0 | P70: 0 | Q70: 0 | R70: 0 | S70: มัด80 ใช้สายรัด | T70: รอแจ้ง | U70: 117 | V70: 0 | W70: 117 | X70: 10065 | Y70: 0 | Z70: WSWT2025800SM | AA70: 0 | AB70: 0 | AC70: 0 | AD70: 0 | AE70: 0 | AF70: 0 | AG70: พร้อมส่ง | AH70: P6 | AI70: 4 | AJ70: รอแจ้ง | AK70: #VALUE! | AL70: #VALUE! | AM70: #VALUE! | AN70: #VALUE! | AO70: #VALUE! | AP70: #VALUE! | AQ70: 0 | AR70: 0 | AS70: 0 | AT70: 0 | AU70: 0 | AV70: 0 | AW70: งานเคลือบ+พิมพ์ | AX70: / | AY70: 0 | AZ70: 0 | BA70: 0 | BB70: 0 | BC70: WRWT25850/WRWT25850 | BD70: 0
A71: 45523 | B71: MK67-001153 | C71: บจก.อินเทคค์ โกลบอล | D71: สุบรรณ 777 | E71: 20 | F71: 36 | G71: ขาว | H71: ด้าน | I71: 100 | J71: ± | K71: 5 | L71: จับจีบ | M71: ไม่สวมถุงใน | N71: 0 | O71: 0 | P71: 0 | Q71: 0 | R71: 0 | S71: มัด80 ใช้สายรัด | T71: รอแจ้ง | U71: 1260 | V71: 0 | W71: 1260 | X71: 11095 | Y71: 0 | Z71: WSWT2025800SM | AA71: 0 | AB71: 0 | AC71: 0 | AD71: 0 | AE71: 0 | AF71: 0 | AG71: พร้อมส่ง | AH71: P6 | AI71: 4 | AJ71: รอแจ้ง | AK71: #VALUE! | AL71: #VALUE! | AM71: #VALUE! | AN71: #VALUE! | AO71: #VALUE! | AP71: #VALUE! | AQ71: 0 | AR71: 0 | AS71: 0 | AT71: 0 | AU71: 0 | AV71: 0 | AW71: งานเคลือบ+พิมพ์ | AX71: / | AY71: 0 | AZ71: 0 | BA71: 0 | BB71: 0 | BC71: WRWT25850/WRWT25850 | BD71: 0
A72: 45523 | B72: MK67-001153 | C72: บจก.อินเทคค์ โกลบอล | D72: สุบรรณ 666 | E72: 20 | F72: 36 | G72: ขาว | H72: ด้าน | I72: 100 | J72: ± | K72: 5 | L72: จับจีบ | M72: ไม่สวมถุงใน | N72: 0 | O72: 0 | P72: 0 | Q72: 0 | R72: 0 | S72: มัด80 ใช้สายรัด | T72: รอแจ้ง | U72: 89 | V72: 0 | W72: 89 | X72: 11180 | Y72: 0 | Z72: WSWT2025800SM | AA72: 0 | AB72: 0 | AC72: 0 | AD72: 0 | AE72: 0 | AF72: 0 | AG72: พร้อมส่ง | AH72: P6 | AI72: 4 | AJ72: รอแจ้ง | AK72: #VALUE! | AL72: #VALUE! | AM72: #VALUE! | AN72: #VALUE! | AO72: #VALUE! | AP72: #VALUE! | AQ72: 0 | AR72: 0 | AS72: 0 | AT72: 0 | AU72: 0 | AV72: 0 | AW72: งานเคลือบ+พิมพ์ | AX72: / | AY72: 0 | AZ72: 0 | BA72: 0 | BB72: 0 | BC72: WRWT25850/WRWT25850 | BD72: 0
A73: 45741 | B73: MK68-000452 | C73: บจก.เอพีเอ็ม อะโกร | D73: วี-ฟีด วี 07 | E73: 20 | F73: 38 | G73: ขาว | H73: ใส | I73: 100 | J73: ± | K73: 5 | L73: บิด | M73: ไม่สวมถุงใน | N73: 0 | O73: 0 | P73: 0 | Q73: 0 | R73: 0 | S73: 500กระสอบแบน | T73: รอส่ง | U73: 4000 | V73: 3857 | W73: 143 | X73: 4200 | Y73: 0 | Z73: WSWT2025800SM | AA73: 0 | AB73: 0 | AC73: 0 | AD73: 0 | AE73: 0 | AF73: 0 | AG73: พร้อมส่ง | AH73: P6 | AI73: 4 | AJ73: รอส่ง | AK73: #VALUE! | AL73: #VALUE! | AM73: #VALUE! | AN73: #VALUE! | AO73: #VALUE! | AP73: #VALUE! | AQ73: 0 | AR73: 0 | AS73: 0 | AT73: 0 | AU73: 0 | AV73: 0 | AW73: งานเคลือบ+พิมพ์ | AX73: / | AY73: มีลบสี | AZ73: 0 | BA73: 0 | BB73: 0 | BC73: WRWT25850/WRWT25850 | BD73: 0
A74: 45720 | B74: ใบรับคำสั่งซื้อ | C74: บจก.เอพีเอ็ม อะโกร | D74: นีโอ พี3(เอส) | E74: 20 | F74: 38 | G74: ขาว | H74: ด้าน | I74: 100 | J74: ± | K74: 5 | L74: บิด | M74: ไม่สวมถุงใน | N74: 0 | O74: 0 | P74: 0 | Q74: 0 | R74: 0 | S74: 500กระสอบแบน | T74: รอส่ง | U74: 4000 | V74: 4010 | W74: 0 | X74: 4470 | Y74: 0 | Z74: WSWT2025800SM | AA74: 0 | AB74: 0 | AC74: 0 | AD74: 0 | AE74: 0 | AF74: 0 | AG74: พร้อมส่ง | AH74: P6 | AI74: 4 | AJ74: รอส่ง | AK74: #VALUE! | AL74: #VALUE! | AM74: #VALUE! | AN74: #VALUE! | AO74: #VALUE! | AP74: #VALUE! | AQ74: 0 | AR74: 0 | AS74: 0 | AT74: 0 | AU74: 0 | AV74: 0 | AW74: งานเคลือบ+พิมพ์ | AX74: / | AY74: 0 | AZ74: 0 | BA74: 0 | BB74: 0 | BC74: WRWT25850/WRWT25850 | BD74: 0
A75: 45720 | B75: ใบรับคำสั่งซื้อ | C75: บจก.เอพีเอ็ม อะโกร | D75: นีโอ พี4(เอส) | E75: 20 | F75: 38 | G75: ขาว | H75: ด้าน | I75: 100 | J75: ± | K75: 5 | L75: บิด | M75: ไม่สวมถุงใน | N75: 0 | O75: 0 | P75: 0 | Q75: 0 | R75: 0 | S75: 500กระสอบแบน | T75: รอส่ง | U75: 3000 | V75: 3065 | W75: 0 | X75: 3300 | Y75: 0 | Z75: WSWT2025800SM | AA75: 0 | AB75: 0 | AC75: 0 | AD75: 0 | AE75: 0 | AF75: 0 | AG75: พร้อมส่ง | AH75: P6 | AI75: 4 | AJ75: รอส่ง | AK75: #VALUE! | AL75: #VALUE! | AM75: #VALUE! | AN75: #VALUE! | AO75: #VALUE! | AP75: #VALUE! | AQ75: 0 | AR75: 0 | AS75: 0 | AT75: 0 | AU75: 0 | AV75: 0 | AW75: งานเคลือบ+พิมพ์ | AX75: / | AY75: 0 | AZ75: 0 | BA75: 0 | BB75: 0 | BC75: WRWT25850/WRWT25850 | BD75: 0
A76: 45541 | B76: MK67-001236 | C76: บจก.เอพีเอ็ม อะโกร | D76: ยูฟีด รวมไก่ วัว | E76: 20 | F76: 40 | G76: ขาว | H76: ด้าน | I76: 108 | J76: ± | K76: 5 | L76: บิด | M76: ไม่สวมถุงใน | N76: 0 | O76: 0 | P76: 0 | Q76: 0 | R76: 0 | S76: 500กระสอบแบน | T76: รอส่ง | U76: 3000 | V76: 3318 | W76: 0 | X76: 0 | Y76: 0 | Z76: WSWT2025800SM | AA76: 0 | AB76: 0 | AC76: 0 | AD76: 0 | AE76: 0 | AF76: ลูกค้าสั่งผิดเอาไปส่งเดือน10 | AG76: รอแบบ | AH76: P6 | AI76: 4 | AJ76: รอส่ง | AK76: #VALUE! | AL76: #VALUE! | AM76: #VALUE! | AN76: #VALUE! | AO76: #VALUE! | AP76: #VALUE! | AQ76: 0 | AR76: 0 | AS76: 0 | AT76: 0 | AU76: 0 | AV76: 0 | AW76: งานเคลือบ+พิมพ์ | AX76: 0 | AY76: ลูกค้าต้องการเคลือบใส แต่เปิดมาเคลือบด้าน | AZ76: 0 | BA76: 0 | BB76: 0 | BC76: WRWT25850/WRWT25850 | BD76: 0
A77: 45581 | B77: MK67-001396 | C77: บจก.เอพีเอ็ม อะโกร | D77: นีโอ พี4 | E77: 20 | F77: 38 | G77: ขาว | H77: ด้าน | I77: 100 | J77: ± | K77: 5 | L77: บิด | M77: ไม่สวมถุงใน | N77: 0 | O77: 0 | P77: 0 | Q77: 0 | R77: 0 | S77: 500กระสอบแบน | T77: รอส่ง | U77: 3000 | V77: 3194 | W77: 0 | X77: 5632 | Y77: 0 | Z77: WSWT2025800SM | AA77: 0 | AB77: 0 | AC77: 0 | AD77: 0 | AE77: 0 | AF77: 0 | AG77: พร้อมส่ง | AH77: P6 | AI77: 4 | AJ77: รอส่ง | AK77: #VALUE! | AL77: #VALUE! | AM77: #VALUE! | AN77: #VALUE! | AO77: #VALUE! | AP77: #VALUE! | AQ77: 0 | AR77: 0 | AS77: 0 | AT77: 0 | AU77: 0 | AV77: 0 | AW77: งานเคลือบ+พิมพ์ | AX77: / | AY77: 0 | AZ77: 0 | BA77: 0 | BB77: 0 | BC77: WRWT25850/WRWT25850 | BD77: 0
A78: 0 | B78: 0 | C78: 0 | D78: 0 | E78: 20 | F78: 38 | G78: 0 | H78: 0 | I78: 84 | J78: ± | K78: 5 | L78: 0 | M78: 0 | N78: 0 | O78: 0 | P78: 0 | Q78: 0 | R78: 0 | S78: 0 | U78: 0 | V78: 0 | W78: 0 | X78: 0 | Y78: 0 | Z78: WSWT2025800SM | AA78: 317789.56 | AB78: 17378.68 | AC78: 300410.88 | AD78: 6621.78 | AE78: 311167.78 | AF78: ระบุในSD | AG78: พร้อมส่ง | AH78: 0 | AI78: Lead time | AJ78: 0 | AK78: 0 | AL78: 0 | AM78: 0 | AN78: 0 | AO78: 0 | AP78: 0 | AQ78: 0 | AR78: 0 | AS78: 0 | AT78: 0 | AU78: 0 | AV78: 0 | AW78: 0 | AX78: 0 | AY78: 0 | AZ78: 0 | BA78: 0 | BB78: 0 | BC78: WRWT25850/WRWT25850 | BD78: 0
A79: ประมาณการ | B79: ประมาณการ | C79: บจก.ซันฟีด | D79: รอแบบ | E79: 20 | F79: 39 | G79: ขาว | H79: 0 | I79: 84 | J79: + | K79: 0 | L79: บิด | M79: ไม่สวมถุงใน | N79: 0 | O79: 0 | P79: 0 | Q79: 0 | R79: 0 | S79: 300กระสอบแบนเต็มใบ | T79: 45868 | U79: 100000 | V79: 0 | W79: 100000 | X79: 0 | Y79: 105000 | Z79: WSWT2025850 | AA79: 113157 | AB79: 7720 | AC79: 105437 | AD79: 0 | AE79: 0 | AF79: 0 | AG79: รอตัด | AH79: P7 | AI79: 2 | AJ79: 45868 | AK79: 0 | AL79: 45859 | AM79: 45866 | AN79: 45867 | AO79: 45867 | AP79: 45863 | AQ79: 0 | AR79: 0 | AS79: 0 | AT79: 0 | AU79: 0 | AV79: 0 | AW79: งานพิมพ์ | AX79: รอART | AY79: 0 | AZ79: 0 | BA79: 0 | BB79: 0 | BC79: WRWT25850/WRWT25800 | BD79: 8306.0926
A80: 0 | B80: 0 | C80: 0 | D80: 0 | E80: 20 | F80: 38 | G80: 0 | H80: 0 | I80: 82 | J80: + | K80: 2 | L80: 0 | M80: 0 | N80: 0 | O80: 0 | P80: 0 | Q80: 0 | R80: 0 | S80: 0 | U80: 0 | V80: 0 | W80: 0 | X80: 0 | Y80: 0 | Z80: WSWT2025850 | AA80: 113157 | AB80: 7720 | AC80: 105437 | AD80: 0 | AE80: 0 | AF80: ระบุในSD | AG80: ยังไม่ได้พิมพ์ | AH80: 0 | AI80: Lead time | AJ80: 0 | AK80: 0 | AL80: 0 | AM80: 0 | AN80: 0 | AO80: 0 | AP80: 0 | AQ80: 0 | AR80: 0 | AS80: 0 | AT80: 0 | AU80: 0 | AV80: 0 | AW80: 0 | AX80: 0 | AY80: 0 | AZ80: 0 | BA80: 0 | BB80: 0 | BC80: WRWT200850/WRWT25800 | BD80: 0
A81: 45825 | B81: MK68-000798 | C81: บจก.อินเทคค์ โกลบอล | D81: เพอเฟคค์ 664 | E81: 20 | F81: 36 | G81: ขาว | H81: 0 | I81: 78 | J81: ± | K81: 5 | L81: จับจีบ4" | M81: ไม่สวมถุงใน | N81: 0 | O81: 0 | P81: 0 | Q81: 0 | R81: 0 | S81: มัด80 ใช้สายรัด | T81: 45845 | U81: 2080 | V81: 0 | W81: 2080 | X81: 52080 | Y81: 0 | Z81: WSWT2025800 | AA81: 0 | AB81: 0 | AC81: 0 | AD81: 0 | AE81: 0 | AF81: ห้ามขาด-ห้ามเกิน | AG81: รอตัด | AH81: P7 | AI81: 2 | AJ81: 45845 | AK81: 0 | AL81: 45836 | AM81: 45843 | AN81: 45844 | AO81: 45844 | AP81: 45840 | AQ81: 0 | AR81: 0 | AS81: 0 | AT81: 0 | AU81: 0 | AV81: 0 | AW81: งานพิมพ์ | AX81: / | AY81: 0 | AZ81: 0 | BA81: 0 | BB81: 0 | BC81: WRWT25800/WRWT25800 | BD81: 0
A82: 45825 | B82: MK68-000798 | C82: บจก.อินเทคค์ โกลบอล | D82: เพอเฟคค์ 664 | E82: 20 | F82: 36 | G82: ขาว | H82: 0 | I82: 78 | J82: ± | K82: 5 | L82: จับจีบ4" | M82: ไม่สวมถุงใน | N82: 0 | O82: 0 | P82: 0 | Q82: 0 | R82: 0 | S82: มัด80 ใช้สายรัด | T82: 45845 | U82: 40000 | V82: 0 | W82: 40000 | X82: 0 | Y82: 42000 | Z82: WSWT2025800 | AA82: 41910 | AB82: 41910 | AC82: 0 | AD82: 0 | AE82: 0 | AF82: ห้ามขาด-ห้ามเกิน | AG82: รอตัด | AH82: P7 | AI82: 2 | AJ82: 45845 | AK82: 0 | AL82: 45836 | AM82: 45843 | AN82: 45844 | AO82: 45844 | AP82: 45840 | AQ82: 0 | AR82: 0 | AS82: 0 | AT82: 0 | AU82: 0 | AV82: 0 | AW82: งานพิมพ์ | AX82: / | AY82: 3/7 5/7 9/7 12/7 | AZ82: 0 | BA82: 0 | BB82: 0 | BC82: WRWT25800/WRWT25800 | BD82: 0
A83: 45825 | B83: MK68-000799 | C83: บจก.อินเทคค์ โกลบอล | D83: เพอเฟคค์ 664HP | E83: 20 | F83: 36 | G83: ขาว | H83: 0 | I83: 78 | J83: ± | K83: 5 | L83: จับจีบ4" | M83: ไม่สวมถุงใน | N83: 0 | O83: 0 | P83: 0 | Q83: 0 | R83: 0 | S83: มัด80 ใช้สายรัด | T83: 45845 | U83: 6827 | V83: 0 | W83: 6827 | X83: 0 | Y83: 7168.35 | Z83: WSWT2025800 | AA83: 7152.9893 | AB83: 7152.9893 | AC83: 0 | AD83: 0 | AE83: 0 | AF83: ห้ามขาด-ห้ามเกิน | AG83: รอตัด | AH83: P7 | AI83: 2 | AJ83: 45845 | AK83: 0 | AL83: 45836 | AM83: 45843 | AN83: 45844 | AO83: 45844 | AP83: 45840 | AQ83: 0 | AR83: 0 | AS83: 0 | AT83: 0 | AU83: 0 | AV83: 0 | AW83: งานพิมพ์ | AX83: / | AY83: 1/7 5/7 7/7 12/7 14/7 19/7 | AZ83: 0 | BA83: 0 | BB83: 0 | BC83: WRWT25800/WRWT25800 | BD83: 0
A84: 45818 | B84: MK68-000768 | C84: บจก.เบทาโกร | D84: WB ฟาร์ม F931L 30kg | E84: 20 | F84: 37 | G84: ขาว | H84: 0 | I84: 80 | J84: ± | K84: 3 | L84: ไม่ | M84: ไม่สวมถุงใน | N84: 0 | O84: 0 | P84: 0 | Q84: 0 | R84: 0 | S84: 500กระสอบแบน พร้อมระบุชื่อบริษัท รายการสินค้า จำนวนแต่ละแพ็ค | T84: 45847 | U84: 30000 | V84: 0 | W84: 30000 | X84: 31500 | Y84: 0 | Z84: WSWT2025800 | AA84: 0 | AB84: 0 | AC84: 0 | AD84: 0 | AE84: 0 | AF84: ลพบุรี1 | AG84: พร้อมส่ง | AH84: P7 | AI84: 2 | AJ84: 45847 | AK84: 0 | AL84: 45838 | AM84: 45845 | AN84: 45846 | AO84: 45846 | AP84: 45842 | AQ84: 0 | AR84: 0 | AS84: 0 | AT84: 0 | AU84: 0 | AV84: 0 | AW84: งานพิมพ์ | AX84: / | AY84: 0 | AZ84: 0 | BA84: 0 | BB84: 0 | BC84: WRWT25800/WRWT25800 | BD84: 0
A85: 45821 | B85: MK68-000790 | C85: บจก.เบทาโกร | D85: บาลานส์ 945 | E85: 20 | F85: 37 | G85: ขาว | H85: 0 | I85: 80 | J85: ± | K85: 3 | L85: ไม่ | M85: ไม่สวมถุงใน | N85: 0 | O85: 0 | P85: 0 | Q85: 0 | R85: 0 | S85: 500กระสอบแบน พร้อมระบุชื่อบริษัท รายการสินค้า จำนวนแต่ละแพ็ค | T85: 45848 | U85: 5000 | V85: 0 | W85: 5000 | X85: 5500 | Y85: 0 | Z85: WSWT2025800 | AA85: 0 | AB85: 0 | AC85: 0 | AD85: 0 | AE85: 0 | AF85: ลพบุรี3 | AG85: พิมพ์ไม่ครบ | AH85: P7 | AI85: 2 | AJ85: 45848 | AK85: 0 | AL85: 45839 | AM85: 45846 | AN85: 45847 | AO85: 45847 | AP85: 45843 | AQ85: 0 | AR85: 0 | AS85: 0 | AT85: 0 | AU85: 0 | AV85: 0 | AW85: งานพิมพ์ | AX85: / | AY85: 0 | AZ85: 0 | BA85: 0 | BB85: 0 | BC85: WRWT25800/WRWT25800 | BD85: 0
A86: 45821 | B86: MK68-000790 | C86: บจก.เบทาโกร | D86: เบทาโกร 327 | E86: 20 | F86: 37 | G86: ขาว | H86: 0 | I86: 80 | J86: ± | K86: 3 | L86: ไม่ | M86: ไม่สวมถุงใน | N86: 0 | O86: 0 | P86: 0 | Q86: 0 | R86: 0 | S86: 500กระสอบแบน พร้อมระบุชื่อบริษัท รายการสินค้า จำนวนแต่ละแพ็ค | T86: 45848 | U86: 5000 | V86: 0 | W86: 5000 | X86: 5300 | Y86: 0 | Z86: WSWT2025800 | AA86: 0 | AB86: 0 | AC86: 0 | AD86: 0 | AE86: 0 | AF86: ลพบุรี3 | AG86: ยังไม่ได้พิมพ์ | AH86: P7 | AI86: 2 | AJ86: 45848 | AK86: 0 | AL86: 45839 | AM86: 45846 | AN86: 45847 | AO86: 45847 | AP86: 45843 | AQ86: 0 | AR86: 0 | AS86: 0 | AT86: 0 | AU86: 0 | AV86: 0 | AW86: งานพิมพ์ | AX86: / | AY86: 0 | AZ86: 0 | BA86: 0 | BB86: 0 | BC86: WRWT25800/WRWT25800 | BD86: 0
A87: 45818 | B87: MK68-000770 | C87: บจก.เบทาโกร | D87: WB ฟาร์ม F992 30kg LP | E87: 20 | F87: 37 | G87: ขาว | H87: 0 | I87: 80 | J87: ± | K87: 3 | L87: ไม่ | M87: ไม่สวมถุงใน | N87: 0 | O87: 0 | P87: 0 | Q87: 0 | R87: 0 | S87: 500กระสอบแบน พร้อมระบุชื่อบริษัท รายการสินค้า จำนวนแต่ละแพ็ค | T87: 45849 | U87: 5000 | V87: 5072 | W87: 0 | X87: 5435 | Y87: 0 | Z87: WSWT2025800 | AA87: 0 | AB87: 0 | AC87: 0 | AD87: 0 | AE87: 0 | AF87: ลำพูน | AG87: ยังไม่ได้พิมพ์ | AH87: P7 | AI87: 2 | AJ87: 45849 | AK87: 0 | AL87: 45840 | AM87: 45847 | AN87: 45848 | AO87: 45848 | AP87: 45844 | AQ87: 0 | AR87: 0 | AS87: 0 | AT87: 0 | AU87: 0 | AV87: 0 | AW87: งานพิมพ์ | AX87: / | AY87: 0 | AZ87: 0 | BA87: 0 | BB87: 0 | BC87: WRWT25800/WRWT25800 | BD87: 0
A88: 45821 | B88: MK68-000789 | C88: บจก.เบทาโกร | D88: WB ฟาร์ม F992 30kg LR | E88: 20 | F88: 37 | G88: ขาว | H88: 0 | I88: 80 | J88: ± | K88: 3 | L88: ไม่ | M88: ไม่สวมถุงใน | N88: 0 | O88: 0 | P88: 0 | Q88: 0 | R88: 0 | S88: 500กระสอบแบน พร้อมระบุชื่อบริษัท รายการสินค้า จำนวนแต่ละแพ็ค | T88: 45852 | U88: 80000 | V88: 0 | W88: 80000 | X88: 42215 | Y88: 39674.25 | Z88: WSWT2025800 | AA88: 42677.194 | AB88: 27654 | AC88: 15023.194 | AD88: 0 | AE88: 0 | AF88: ลพบุรี3 | AG88: ยังไม่ได้พิมพ์ | AH88: P7 | AI88: 2 | AJ88: 45852 | AK88: 0 | AL88: 45843 | AM88: 45850 | AN88: 45851 | AO88: 45851 | AP88: 45847 | AQ88: 0 | AR88: 0 | AS88: 0 | AT88: 0 | AU88: 0 | AV88: 0 | AW88: งานพิมพ์ | AX88: / | AY88: 0 | AZ88: 0 | BA88: 0 | BB88: 0 | BC88: WRWT25800/WRWT25800 | BD88: 1148.4397
A89: 45818 | B89: MK68-000768 | C89: บจก.เบทาโกร | D89: WB ฟาร์ม F992 30kg LR | E89: 20 | F89: 37 | G89: ขาว | H89: 0 | I89: 80 | J89: ± | K89: 3 | L89: ไม่ | M89: ไม่สวมถุงใน | N89: 0 | O89: 0 | P89: 0 | Q89: 0 | R89: 0 | S89: 500กระสอบแบน พร้อมระบุชื่อบริษัท รายการสินค้า จำนวนแต่ละแพ็ค | T89: 45859 | U89: 50000 | V89: 0 | W89: 50000 | X89: 0 | Y89: 52500 | Z89: WSWT2025800 | AA89: 53784.5 | AB89: 0 | AC89: 53784.5 | AD89: 0 | AE89: 0 | AF89: ลพบุรี1 | AG89: ยังไม่ได้พิมพ์ | AH89: P7 | AI89: 2 | AJ89: 45859 | AK89: 0 | AL89: 45850 | AM89: 45857 | AN89: 45858 | AO89: 45858 | AP89: 45854 | AQ89: 0 | AR89: 0 | AS89: 0 | AT89: 0 | AU89: 0 | AV89: 0 | AW89: งานพิมพ์ | AX89: / | AY89: 0 | AZ89: 0 | BA89: 0 | BB89: 0 | BC89: WRWT25800/WRWT25800 | BD89: 4111.5262
A90: 45818 | B90: MK68-000769 | C90: บจก.เบทาโกร | D90: WB ฟาร์ม F931L 30kg | E90: 20 | F90: 37 | G90: ขาว | H90: 0 | I90: 80 | J90: ± | K90: 3 | L90: ไม่ | M90: ไม่สวมถุงใน | N90: 0 | O90: 0 | P90: 0 | Q90: 0 | R90: 0 | S90: 500กระสอบแบน พร้อมระบุชื่อบริษัท รายการสินค้า จำนวนแต่ละแพ็ค | T90: 45859 | U90: 30000 | V90: 0 | W90: 30000 | X90: 0 | Y90: 31500 | Z90: WSWT2025800 | AA90: 32270.7 | AB90: 0 | AC90: 32270.7 | AD90: 0 | AE90: 0 | AF90: ลพบุรี1 | AG90: ยังไม่ได้พิมพ์ | AH90: P7 | AI90: 2 | AJ90: 45859 | AK90: 0 | AL90: 45850 | AM90: 45857 | AN90: 45858 | AO90: 45858 | AP90: 45854 | AQ90: 0 | AR90: 0 | AS90: 0 | AT90: 0 | AU90: 0 | AV90: 0 | AW90: งานพิมพ์ | AX90: / | AY90: 0 | AZ90: 0 | BA90: 0 | BB90: 0 | BC90: WRWT25800/WRWT25800 | BD90: 2466.9157
A91: 45831 | B91: MK68-000827 | C91: บจก.เบทาโกร | D91: มาสเตอร์ 5556 | E91: 20 | F91: 37 | G91: ขาว | H91: 0 | I91: 80 | J91: ± | K91: 3 | L91: ไม่ | M91: ไม่สวมถุงใน | N91: 0 | O91: 0 | P91: 0 | Q91: 0 | R91: 0 | S91: 500กระสอบแบน พร้อมระบุชื่อบริษัท รายการสินค้า จำนวนแต่ละแพ็ค | T91: 45862 | U91: 5000 | V91: 0 | W91: 5000 | X91: 0 | Y91: 5250 | Z91: WSWT2025800 | AA91: 5378.45 | AB91: 0 | AC91: 5378.45 | AD91: 0 | AE91: 0 | AF91: ลพบุรี3 | AG91: ยังไม่ได้พิมพ์ | AH91: P7 | AI91: 2 | AJ91: 45862 | AK91: 0 | AL91: 45853 | AM91: 45860 | AN91: 45861 | AO91: 45861 | AP91: 45857 | AQ91: 0 | AR91: 0 | AS91: 0 | AT91: 0 | AU91: 0 | AV91: 0 | AW91: งานพิมพ์ | AX91: / | AY91: 0 | AZ91: 0 | BA91: 0 | BB91: 0 | BC91: WRWT25800/WRWT25800 | BD91: 411.15262
A92: 45831 | B92: MK68-000827 | C92: บจก.เบทาโกร | D92: เบทาโกร 405 | E92: 20 | F92: 37 | G92: ขาว | H92: 0 | I92: 80 | J92: ± | K92: 3 | L92: ไม่ | M92: ไม่สวมถุงใน | N92: 0 | O92: 0 | P92: 0 | Q92: 0 | R92: 0 | S92: 500กระสอบแบน พร้อมระบุชื่อบริษัท รายการสินค้า จำนวนแต่ละแพ็ค | T92: 45862 | U92: 40000 | V92: 0 | W92: 40000 | X92: 0 | Y92: 42000 | Z92: WSWT2025800 | AA92: 43027.6 | AB92: 0 | AC92: 43027.6 | AD92: 0 | AE92: 0 | AF92: ลพบุรี3 | AG92: ยังไม่ได้พิมพ์ | AH92: P7 | AI92: 2 | AJ92: 45862 | AK92: 0 | AL92: 45853 | AM92: 45860 | AN92: 45861 | AO92: 45861 | AP92: 45857 | AQ92: 0 | AR92: 0 | AS92: 0 | AT92: 0 | AU92: 0 | AV92: 0 | AW92: งานพิมพ์ | AX92: / | AY92: 0 | AZ92: 0 | BA92: 0 | BB92: 0 | BC92: WRWT25800/WRWT25800 | BD92: 3289.221
A93: 45842 | B93: MK68-000867 | C93: บจก.เคอรี่ฟลาวมิลล์ | D93: แปดแต้มแดง 25กก. | E93: 20 | F93: 32 | G93: ขาว | H93: 0 | I93: 72 | J93: ± | K93: 5 | L93: บิด | M93: ไม่สวมถุงใน | N93: 0 | O93: 0 | P93: 0 | Q93: 0 | R93: 0 | S93: ห่ออัดเบลแบน500 | T93: 45867 | U93: 5000 | V93: 0 | W93: 5000 | X93: 0 | Y93: 5250 | Z93: WSWT2025800 | AA93: 4679.95 | AB93: 0 | AC93: 4679.95 | AD93: 0 | AE93: 0 | AF93: 0 | AG93: ยังไม่ได้พิมพ์ | AH93: P7 | AI93: 2 | AJ93: 45867 | AK93: 0 | AL93: 45858 | AM93: 45865 | AN93: 45866 | AO93: 45866 | AP93: 45862 | AQ93: 0 | AR93: 0 | AS93: 0 | AT93: 0 | AU93: 0 | AV93: 0 | AW93: งานพิมพ์ | AX93: รอART | AY93: 0 | AZ93: 0 | BA93: 0 | BB93: 0 | BC93: WRWT25800/WRWT25800 | BD93: 357.75618
A94: 45840 | B94: MK68-000857 | C94: บจก.เบทาโกร | D94: WB ฟาร์ม F914M 30kg.NM | E94: 20 | F94: 37 | G94: ขาว | H94: 0 | I94: 80 | J94: ± | K94: 3 | L94: ไม่ | M94: ไม่สวมถุงใน | N94: 0 | O94: 0 | P94: 0 | Q94: 0 | R94: 0 | S94: 500กระสอบแบน พร้อมระบุชื่อบริษัท รายการสินค้า จำนวนแต่ละแพ็ค | T94: 45875 | U94: 13000 | V94: 0 | W94: 13000 | X94: 0 | Y94: 13650 | Z94: WSWT2025800 | AA94: 13983.97 | AB94: 0 | AC94: 13983.97 | AD94: 0 | AE94: 0 | AF94: หนองบุญมาก | AG94: รอแบบ | AH94: P7 | AI94: 2 | AJ94: 45875 | AK94: 0 | AL94: 45866 | AM94: 45873 | AN94: 45874 | AO94: 45874 | AP94: 45870 | AQ94: 0 | AR94: 0 | AS94: 0 | AT94: 0 | AU94: 0 | AV94: 0 | AW94: งานพิมพ์ | AX94: / | AY94: 0 | AZ94: 0 | BA94: 0 | BB94: 0 | BC94: WRWT25800/WRWT25800 | BD94: 1068.9968
A95: 45834 | B95: MK68-000838 | C95: บจก.เบทาโกร | D95: WB ฟาร์ม F914M 30kg. | E95: 20 | F95: 37 | G95: ขาว | H95: 0 | I95: 80 | J95: ± | K95: 3 | L95: ไม่ | M95: ไม่สวมถุงใน | N95: 0 | O95: 0 | P95: 0 | Q95: 0 | R95: 0 | S95: 500กระสอบ พร้อมระบุชื่อบริษัท รายการสินค้า จำนวนแต่ละแพ็ค | T95: 45897 | U95: 5000 | V95: 0 | W95: 5000 | X95: 0 | Y95: 5250 | Z95: WSWT2025800 | AA95: 5378.45 | AB95: 0 | AC95: 5378.45 | AD95: 0 | AE95: 0 | AF95: พระประแดง | AG95: พร้อมส่ง | AH95: P7 | AI95: 2 | AJ95: 45897 | AK95: 0 | AL95: 45888 | AM95: 45895 | AN95: 45896 | AO95: 45896 | AP95: 45892 | AQ95: 0 | AR95: 0 | AS95: 0 | AT95: 0 | AU95: 0 | AV95: 0 | AW95: งานพิมพ์ | AX95: / | AY95: 0 | AZ95: 0 | BA95: 0 | BB95: 0 | BC95: WRWT25800/WRWT25800 | BD95: 411.15262
A96: 45834 | B96: MK68-000838 | C96: บจก.เบทาโกร | D96: WB ฟาร์ม F911 30kg. | E96: 20 | F96: 37 | G96: ขาว | H96: 0 | I96: 80 | J96: ± | K96: 3 | L96: ไม่ | M96: ไม่สวมถุงใน | N96: 0 | O96: 0 | P96: 0 | Q96: 0 | R96: 0 | S96: 500กระสอบ พร้อมระบุชื่อบริษัท รายการสินค้า จำนวนแต่ละแพ็ค | T96: 45897 | U96: 5000 | V96: 0 | W96: 5000 | X96: 0 | Y96: 5250 | Z96: WSWT2025800 | AA96: 5378.45 | AB96: 0 | AC96: 5378.45 | AD96: 0 | AE96: 0 | AF96: พระประแดง | AG96: พร้อมส่ง | AH96: P7 | AI96: 2 | AJ96: 45897 | AK96: 0 | AL96: 45888 | AM96: 45895 | AN96: 45896 | AO96: 45896 | AP96: 45892 | AQ96: 0 | AR96: 0 | AS96: 0 | AT96: 0 | AU96: 0 | AV96: 0 | AW96: งานพิมพ์ | AX96: / | AY96: 0 | AZ96: 0 | BA96: 0 | BB96: 0 | BC96: WRWT25800/WRWT25800 | BD96: 411.15262
A97: ประมาณการ | B97: ประมาณการ | C97: บจก.อินเทคค์ โกลบอล | D97: รอแบบ | E97: 20 | F97: 36 | G97: ขาว | H97: 0 | I97: 78 | J97: ± | K97: 5 | L97: จับจีบ4" | M97: ไม่สวมถุงใน | N97: 0 | O97: 0 | P97: 0 | Q97: 0 | R97: 0 | S97: มัด80 ใช้สายรัด | T97: 45868 | U97: 55000 | V97: 0 | W97: 55000 | X97: 0 | Y97: 57750 | Z97: WSWT2025800 | AA97: 57626.25 | AB97: 0 | AC97: 57626.25 | AD97: 0 | AE97: 0 | AF97: ห้ามขาด-ห้ามเกิน | AG97: พร้อมส่ง | AH97: P7 | AI97: 2 | AJ97: 45868 | AK97: 0 | AL97: 45859 | AM97: 45866 | AN97: 45867 | AO97: 45867 | AP97: 45863 | AQ97: 0 | AR97: 0 | AS97: 0 | AT97: 0 | AU97: 0 | AV97: 0 | AW97: งานพิมพ์ | AX97: / | AY97: 0 | AZ97: 0 | BA97: 0 | BB97: 0 | BC97: WRWT25800/WRWT25800 | BD97: 4405.2067
A98: 0 | B98: 0 | C98: 0 | D98: 0 | E98: 20 | F98: 37 | G98: 0 | H98: 0 | I98: 80 | J98: ± | K98: 3 | L98: 0 | M98: 0 | N98: 0 | O98: 0 | P98: 0 | Q98: 0 | R98: 0 | S98: 0 | U98: 0 | V98: 0 | W98: 0 | X98: 0 | Y98: 0 | Z98: WSWT2025800 | AA98: 313248.5 | AB98: 76716.989 | AC98: 236531.51 | AD98: 0 | AE98: 0 | AF98: ระบุในSD | AG98: พร้อมส่ง | AH98: 0 | AI98: Lead time | AJ98: 0 | AK98: 0 | AL98: 0 | AM98: 0 | AN98: 0 | AO98: 0 | AP98: 0 | AQ98: 0 | AR98: 0 | AS98: 0 | AT98: 0 | AU98: 0 | AV98: 0 | AW98: 0 | AX98: 0 | AY98: 0 | AZ98: 0 | BA98: 0 | BB98: 0 | BC98: WRWT25800/WRWT25800 | BD98: 0
A99: 45841 | B99: MK68-000860 | C99: บจก.หนองบัวฟีดมิลล์ | D99: ไม่พิมพ์ | E99: 21 | F99: 38 | G99: ขาว | H99: 0 | I99: 69 | J99: ± | K99: 5 | L99: ไม่ | M99: 22 | N99: 41 | O99: 40 | P99: 554.10389 | Q99: 0 | R99: 554.10389 | S99: 500กระสอบ | T99: 45852 | U99: 25000 | V99: 100 | W99: 24900 | X99: 0 | Y99: 0 | Z99: WSWT2125650 | AA99: 27480.387 | AB99: 8894 | AC99: 18586.387 | AD99: 0 | AE99: 0 | AF99: 0 | AG99: พร้อมส่ง | AH99: P13 | AI99: 2 | AJ99: 45852 | AK99: 0 | AL99: 0 | AM99: 0 | AN99: 0 | AO99: 45850 | AP99: 45847 | AQ99: 45851 | AR99: 0 | AS99: 0 | AT99: 0 | AU99: 0 | AV99: 0 | AW99: ตัด | AX99: 0 | AY99: 0 | AZ99: 0 | BA99: 0 | BB99: 0 | BC99: WRWT25650/WRWT25650 | BD99: 1268.5209
A100: ประมาณการ | B100: ประมาณการ | C100: บจก.หนองบัวฟีดมิลล์ | D100: ไม่พิมพ์ | E100: 21 | F100: 38 | G100: ขาว | H100: 0 | I100: 69 | J100: ± | K100: 5 | L100: ไม่ | M100: ไม่สวมถุงใน | N100: 0 | O100: 0 | P100: 0 | Q100: 0 | R100: 0 | S100: 500กระสอบ | T100: 45868 | U100: 15000 | V100: 0 | W100: 15000 | X100: 0 | Y100: 0 | Z100: WSWT2125650 | AA100: 16554.45 | AB100: 0 | AC100: 16554.45 | AD100: 0 | AE100: 0 | AF100: 0 | AG100: พร้อมส่ง | AH100: P3 | AI100: 1 | AJ100: 45868 | AK100: 0 | AL100: 0 | AM100: 0 | AN100: 0 | AO100: 45867 | AP100: 45863 | AQ100: 0 | AR100: 0 | AS100: 0 | AT100: 0 | AU100: 0 | AV100: 0 | AW100: ตัด | AX100: 0 | AY100: 0 | AZ100: 0 | BA100: 0 | BB100: 0 | BC100: WRWT25650/WRWT25650 | BD100: 1129.8412
A101: 45842 | B101: MK68-000865 | C101: บจก.ไลม์มาสเตอร์ | D101: LMC 20 kg | E101: 21 | F101: 34 | G101: ขาว | H101: 0 | I101: 60 | J101: ± | K101: 5 | L101: ไม่ | M101: 22 | N101: 36 | O101: 40 | P101: 195.39367 | Q101: 0 | R101: 195.39367 | S101: 500กระสอบ | T101: 45852 | U101: 10000 | V101: 0 | W101: 10000 | X101: 0 | Y101: 10500 | Z101: WSWT2125650 | AA101: 9918.7 | AB101: 9918.7 | AC101: 0 | AD101: 0 | AE101: 0 | AF101: 0 | AG101: ยังไม่ได้พิมพ์ | AH101: P9 | AI101: 3 | AJ101: 45852 | AK101: 0 | AL101: 45842 | AM101: 45849 | AN101: 45850 | AO101: 45850 | AP101: 45847 | AQ101: 45851 | AR101: 0 | AS101: 0 | AT101: 0 | AU101: 0 | AV101: 0 | AW101: งานพิมพ์ | AX101: รอART | AY101: 0 | AZ101: 0 | BA101: 0 | BB101: 0 | BC101: WRWT25650/WRWT25650 | BD101: 0
...

Sheet 4-7-68
B2: เรียงกำหนดส่ง | D2: ลบ 0 | T2: เรียง 1
B3: ข้อมูลUpdate ณ. วันที่ | D3: 45842 | E3: เวลา | G3: 11.55
A4: วันรับออร์เดอร์/แบบ | B4: เลขที่ SO | C4: ชื่อลูกค้า | E4: 10.3 | I4: น้ำหนัก | L4: บิด/จับจีบ | M4: ถุงใน | Q4: 44873 | S4: วิธีบรรจุ | T4: วันส่ง | U4: จำนวนส่ง | V4: ตัดเย็บ (ใบ) | W4: 44873 | X4: พิมพ์ (ใบ) | Y4: 44876 | Z4: ผ้าทอ (เมตร) Updateณ | AB4: 44876 | AD4: ผ้าเคลือบ(เมตร) | AF4: หมายเหตุ | AG4: เครื่อง
B5: เลขที่ SO | C5: ชื่อลูกค้า | D5: ตรา | E5: กว้าง | F5: ยาว | G5: สี | H5: เคลือบ | I5: กรัม/ใบ | J5: * | K5: aw | L5: บิด/จับจีบ | M5: กว้าง | N5: ยาว | O5: หนา | P5: ใช้(กก.) | Q5: Stock(กก.) | R5: ผลิต(กก.) | S5: วิธีบรรจุ | T5: วันส่ง | U5: จำนวนส่ง | V5: StockFG | W5: ค้างตัด | X5: พิมพ์แล้ว | Y5: ค้างพิมพ์ | Z5: ประเภท | AA5: ใช้ | AB5: Stock | AC5: ค้างทอ | AD5: Stock | AE5: ค้างเคลือบ | AF5: หมายเหตุ | AG5: ที่พิมพ์ได้ | AH5: process | AI5: Lead time | AJ5: วันที่ส่งPL | AK5: เคลือบ | AL5: ได้ ART | AM5: พิมพ์ | AN5: จีบ-บิด | AO5: ตัด-เย็บ | AP5: ทอ | AQ5: สวมถุง | AR5: เย็บปาก | AS5: PT | AT5: ม้วน | AU5: ตัด | AV5: ตอกตาไก่ | AW5: GROUP | AX5: ART | AY5: หมายเหตุปัญหา | AZ5: ราคา/ใบ | BA5: ราคารวม | BB5: workweek | BC5: เส้นเทป | BD5: จำนวน
A6: 45833 | B6: MK68-000834 | C6: บจก.น้ำตาลทิพย์สุโขทัย | D6: ไม่พิมพ์ | E6: 14 | F6: 20 | G6: ขาว | H6: 0 | I6: 32 | J6: ± | K6: 5 | L6: ไม่ | M6: 15 | N6: 22 | O6: 40 | P6: 48.848418 | Q6: 0 | R6: 48.848418 | S6: 500กระสอบแบน | T6: 45848 | U6: 6000 | V6: 0 | W6: 6000 | X6: 0 | Y6: 0 | Z6: WSWT1425800 | AA6: 3604.26 | AB6: 3604.26 | AC6: 0 | AD6: 0 | AE6: 0 | AF6: 0 | AG6: ยังไม่ได้พิมพ์ | AH6: P13 | AI6: 2 | AJ6: 45848 | AK6: 0 | AL6: 0 | AM6: 0 | AN6: 0 | AO6: 45846 | AP6: 45843 | AQ6: 45847 | AR6: 0 | AS6: 0 | AT6: 0 | AU6: 0 | AV6: 0 | AW6: ตัด | AX6: 0 | AY6: 0 | AZ6: 0 | BA6: 0 | BB6: 0 | BC6: WRWT25800/WRWT25800 | BD6: 0
A7: 0 | B7: 0 | C7: 0 | D7: 0 | E7: 14 | F7: 22 | G7: ขาว | H7: 0 | I7: 36 | J7: ± | K7: 5 | L7: 0 | M7: 0 | N7: 0 | O7: 0 | P7: 0 | Q7: 0 | R7: 0 | S7: 0 | U7: 0 | V7: 0 | W7: 0 | X7: 0 | Y7: 0 | Z7: WSWT1425800 | AA7: 3604.26 | AB7: 3604.26 | AC7: 0 | AD7: 0 | AE7: 0 | AF7: ระบุในSD | AG7: พร้อมส่ง | AH7: 0 | AI7: Lead time | AJ7: 0 | AK7: 0 | AL7: 0 | AM7: 0 | AN7: 0 | AO7: 0 | AP7: 0 | AQ7: 0 | AR7: 0 | AS7: 0 | AT7: 0 | AU7: 0 | AV7: 0 | AW7: 0 | AX7: 0 | AY7: 0 | AZ7: 0 | BA7: 0 | BB7: 0 | BC7: WRWT140800/WRWT25800 | BD7: 0
A8: ประมาณการ | B8: ประมาณการ | C8: พีมินเนอร์ | D8: พี-มินเนอร์ นิวพลัส | E8: 16 | F8: 28 | G8: ขาว | H8: ใส | I8: 56 | J8: ± | K8: 5 | L8: บิด | M8: 19 | N8: 31 | O8: 40 | P8: 72.655855 | Q8: 0 | R8: 72.655855 | S8: 500กระสอบ | T8: รอแจ้ง | U8: 5000 | V8: 0 | W8: 5000 | X8: 0 | Y8: 5250 | Z8: WSWT1625800SM | AA8: 4121.15 | AB8: 3175 | AC8: 946.15 | AD8: 3175 | AE8: 946.15 | AF8: 0 | AG8: พร้อมส่ง | AH8: P8 | AI8: 4 | AJ8: รอแจ้ง | AK8: #VALUE! | AL8: #VALUE! | AM8: #VALUE! | AN8: #VALUE! | AO8: #VALUE! | AP8: #VALUE! | AQ8: #VALUE! | AR8: 0 | AS8: 0 | AT8: 0 | AU8: 0 | AV8: 0 | AW8: งานเคลือบ+พิมพ์ | AX8: รอART | AY8: 0 | AZ8: 0 | BA8: 0 | BB8: 0 | BC8: WRWT25800/WRWT25800 | BD8: 53.825422
A9: ประมาณการ | B9: ประมาณการ | C9: บจก.ซัน ซีเมนต์ โพรเซส | D9: พระอาทิตย์(ปูนนอน-ชริงค์) | E9: 16 | F9: 25 | G9: ขาว | H9: ใส | I9: 50 | J9: ± | K9: 5 | L9: บิด | M9: 19 | N9: 28 | O9: 40 | P9: 65.624643 | Q9: 0 | R9: 65.624643 | S9: 500กระสอบ | T9: รอแจ้ง | U9: 5000 | V9: 0 | W9: 5000 | X9: 0 | Y9: 5250 | Z9: WSWT1625800SM | AA9: 3702.05 | AB9: 0 | AC9: 3702.05 | AD9: 0 | AE9: 3702.05 | AF9: 0 | AG9: พร้อมส่ง | AH9: P8 | AI9: 4 | AJ9: รอแจ้ง | AK9: #VALUE! | AL9: #VALUE! | AM9: #VALUE! | AN9: #VALUE! | AO9: #VALUE! | AP9: #VALUE! | AQ9: #VALUE! | AR9: 0 | AS9: 0 | AT9: 0 | AU9: 0 | AV9: 0 | AW9: งานเคลือบ+พิมพ์ | AX9: รอART | AY9: 0 | AZ9: 0 | BA9: 0 | BB9: 0 | BC9: WRWT25800/WRWT25800 | BD9: 210.60551
A10: 0 | B10: 0 | C10: 0 | E10: 16 | F10: 25 | G10: ขาว | H10: 0 | I10: 45 | J10: ± | K10: 5 | L10: 0 | M10: 0 | N10: 0 | O10: 0 | P10: 0 | Q10: 0 | R10: 0 | S10: 0 | U10: 0 | V10: 0 | W10: 0 | X10: 0 | Y10: 0 | Z10: WSWT1625800SM | AA10: 7823.2 | AB10: 3175 | AC10: 4648.2 | AD10: 3175 | AE10: 4648.2 | AF10: ระบุในSD | AG10: พร้อมส่ง | AH10: 0 | AI10: Lead time | AJ10: 0 | AK10: 0 | AL10: 0 | AM10: 0 | AN10: 0 | AO10: 0 | AP10: 0 | AQ10: 0 | AR10: 0 | AS10: 0 | AT10: 0 | AU10: 0 | AV10: 0 | AW10: 0 | AX10: 0 | AY10: 0 | AZ10: 0 | BA10: 0 | BB10: 0 | BC10: WRWT160800/WRWT25800 | BD10: 0
A11: ประมาณการ | B11: ประมาณการ | C11: บจก.ฟาร์เธอร์ส วิง ซัพพลาย | D11: รถไฟ | E11: 18 | F11: 30 | G11: ขาว | H11: 0 | I11: 54 | J11: ± | K11: 5 | L11: บิด | M11: 19 | N11: 33 | O11: 40 | P11: 232.02999 | Q11: 0 | R11: 232.02999 | S11: 500กระสอบ | T11: 45868 | U11: 15000 | V11: 0 | W11: 15000 | X11: 0 | Y11: 15750 | Z11: WSWT1825800 | AA11: 13201.65 | AB11: 6301 | AC11: 6900.65 | AD11: 0 | AE11: 0 | AF11: 0 | AG11: พร้อมส่ง | AH11: P9 | AI11: 3 | AJ11: 45868 | AK11: 0 | AL11: 45858 | AM11: 45865 | AN11: 45866 | AO11: 45866 | AP11: 45863 | AQ11: 45867 | AR11: 0 | AS11: 0 | AT11: 0 | AU11: 0 | AV11: 0 | AW11: งานพิมพ์ | AX11: รอART | AY11: 0 | AZ11: 0 | BA11: 0 | BB11: 0 | BC11: WRWT25800/WRWT25800 | BD11: 474.76472
A12: 0 | B12: 0 | E12: 18 | F12: 30 | G12: ขาว | H12: 0 | I12: 54 | J12: ± | K12: 5 | L12: 0 | M12: 0 | N12: 0 | O12: 0 | P12: 0 | Q12: 0 | R12: 0 | S12: 0 | U12: 0 | V12: 0 | W12: 0 | X12: 0 | Y12: 0 | Z12: WSWT1825800 | AA12: 13201.65 | AB12: 6301 | AC12: 6900.65 | AD12: 0 | AE12: 0 | AF12: ระบุในSD | AG12: ยังไม่ได้พิมพ์ | AH12: 0 | AI12: Lead time | AJ12: 0 | AK12: 0 | AL12: 0 | AM12: 0 | AN12: 0 | AO12: 0 | AP12: 0 | AQ12: 0 | AR12: 0 | AS12: 0 | AT12: 0 | AU12: 0 | AV12: 0 | AW12: 0 | AX12: 0 | AY12: 0 | AZ12: 0 | BA12: 0 | BB12: 0 | BC12: WRWT25800/WRWT25800 | BD12: 0
A13: 45831 | B13: MK68-000830 | C13: บจก.2เอ็ม อโกร เท็ค | D13: เลิฟซอยล์26-6-6 | E13: 18 | F13: 30 | G13: ขาว | H13: ใส | I13: 74 | J13: ± | K13: 5 | L13: บิด | M13: 19 | N13: 33 | O13: 70 | P13: 135.35083 | Q13: 0 | R13: 135.35083 | S13: 500กระสอบ | T13: 45846 | U13: 5000 | V13: 0 | W13: 5000 | X13: 5404 | Y13: 0 | Z13: WSWT1825800SM | AA13: 0 | AB13: 0 | AC13: 0 | AD13: 0 | AE13: 0 | AF13: ขาด-เกินได้5% | AG13: พิมพ์ไม่ครบ | AH13: P8 | AI13: 4 | AJ13: 45846 | AK13: 45842 | AL13: 45836 | AM13: 45843 | AN13: 45844 | AO13: 45844 | AP13: 45841 | AQ13: 45845 | AR13: 0 | AS13: 0 | AT13: 0 | AU13: 0 | AV13: 0 | AW13: งานเคลือบ+พิมพ์ | AX13: รอART | AY13: 0 | AZ13: 0 | BA13: 0 | BB13: 0 | BC13: WRWT25800/WRWT25800 | BD13: 0
A14: 0 | B14: 0 | C14: 0 | E14: 18 | F14: 25 | G14: ขาว | H14: 0 | I14: 50 | J14: ± | K14: 5 | L14: 0 | M14: 0 | N14: 0 | O14: 0 | P14: 0 | Q14: 0 | R14: 0 | S14: 0 | U14: 0 | V14: 0 | W14: 0 | X14: 0 | Y14: 0 | Z14: WSWT1825800SM | AA14: 0 | AB14: 0 | AC14: 0 | AD14: 0 | AE14: 0 | AF14: ระบุในSD | AG14: รอแบบ | AH14: 0 | AI14: Lead time | AJ14: 0 | AK14: 0 | AL14: 0 | AM14: 0 | AN14: 0 | AO14: 0 | AP14: 0 | AQ14: 0 | AR14: 0 | AS14: 0 | AT14: 0 | AU14: 0 | AV14: 0 | AW14: 0 | AX14: 0 | AY14: 0 | AZ14: 0 | BA14: 0 | BB14: 0 | BC14: WRWT180800/WRWT25800 | BD14: 0
A15: 45827 | B15: MK68-000811 | C15: บจก.เพรซิเดนท์ฟลาวมิลล์ | D15: ผึ้งเหลือง | E15: 19 | F15: 30 | G15: ขาว | H15: 0 | I15: 60 | J15: ± | K15: 5 | L15: บิด | M15: ไม่สวมถุงใน | N15: 0 | O15: 0 | P15: 0 | Q15: 0 | R15: 0 | S15: 500กระสอบแบน | T15: 45847 | U15: 50000 | V15: 2236 | W15: 47764 | X15: 0 | Y15: 50152.2 | Z15: WSWT1925800 | AA15: 42037.574 | AB15: 42037.574 | AC15: 0 | AD15: 0 | AE15: 0 | AF15: 0 | AG15: รอแบบ | AH15: P7 | AI15: 2 | AJ15: 45847 | AK15: 0 | AL15: 45838 | AM15: 45845 | AN15: 45846 | AO15: 45846 | AP15: 45842 | AQ15: 0 | AR15: 0 | AS15: 0 | AT15: 0 | AU15: 0 | AV15: 0 | AW15: งานพิมพ์ | AX15: / | AY15: เย็น8/7 | AZ15: 0 | BA15: 0 | BB15: 0 | BC15: WRWT25800/WRWT25800 | BD15: 0
A16: 45827 | B16: MK68-000812 | C16: บจก.เพรซิเดนท์ฟลาวมิลล์ | D16: ผึ้งชมพู | E16: 19 | F16: 30 | G16: ขาว | H16: 0 | I16: 60 | J16: ± | K16: 5 | L16: บิด | M16: ไม่สวมถุงใน | N16: 0 | O16: 0 | P16: 0 | Q16: 0 | R16: 0 | S16: 500กระสอบแบน | T16: 45855 | U16: 20000 | V16: 314 | W16: 19686 | X16: 14810 | Y16: 5449.5 | Z16: WSWT1925800 | AA16: 4796.1594 | AB16: 4796.1594 | AC16: 0 | AD16: 0 | AE16: 0 | AF16: 0 | AG16: ยังไม่ได้พิมพ์ | AH16: P7 | AI16: 2 | AJ16: 45855 | AK16: 0 | AL16: 45846 | AM16: 45853 | AN16: 45854 | AO16: 45854 | AP16: 45850 | AQ16: 0 | AR16: 0 | AS16: 0 | AT16: 0 | AU16: 0 | AV16: 0 | AW16: งานพิมพ์ | AX16: / | AY16: เย็น16/7 | AZ16: 0 | BA16: 0 | BB16: 0 | BC16: WRWT25800/WRWT25800 | BD16: 0
A17: ประมาณการ | B17: ประมาณการ | C17: บจก.ซีแมน | D17: รอแบบ | E17: 19 | F17: 28 | G17: ขาว | H17: 0 | I17: 56 | J17: ± | K17: 5 | L17: ไม่ | M17: 20 | N17: 30 | O17: 90 | P17: 1998.3444 | Q17: 0 | R17: 1998.3444 | S17: มัด100 | T17: 45868 | U17: 60000 | V17: 0 | W17: 60000 | X17: 0 | Y17: 63000 | Z17: WSWT1925800 | AA17: 49453.8 | AB17: 4071 | AC17: 45382.8 | AD17: 0 | AE17: 0 | AF17: 0 | AG17: พร้อมส่ง | AH17: P9 | AI17: 3 | AJ17: 45868 | AK17: 0 | AL17: 45858 | AM17: 45865 | AN17: 45866 | AO17: 45866 | AP17: 45863 | AQ17: 45867 | AR17: 0 | AS17: 0 | AT17: 0 | AU17: 0 | AV17: 0 | AW17: งานพิมพ์ | AX17: รอART | AY17: 0 | AZ17: 0 | BA17: 0 | BB17: 0 | BC17: WRWT25800/WRWT25800 | BD17: 3295.7998
A18: ประมาณการ | B18: ประมาณการ | C18: บจก.เอ็กเซลเล้นท์ | D18: รอแบบ | E18: 19 | F18: 30 | G18: ขาว | H18: 0 | I18: 60 | J18: ± | K18: 5 | L18: บิด | M18: ไม่สวมถุงใน | N18: 0 | O18: 0 | P18: 0 | Q18: 0 | R18: 0 | S18: 500กระสอบ | T18: 45868 | U18: 40000 | V18: 0 | W18: 40000 | X18: 0 | Y18: 42000 | Z18: WSWT1925800 | AA18: 35204.4 | AB18: 0 | AC18: 35204.4 | AD18: 0 | AE18: 0 | AF18: 0 | AG18: รอตัด | AH18: P7 | AI18: 2 | AJ18: 45868 | AK18: 0 | AL18: 45859 | AM18: 45866 | AN18: 45867 | AO18: 45867 | AP18: 45863 | AQ18: 0 | AR18: 0 | AS18: 0 | AT18: 0 | AU18: 0 | AV18: 0 | AW18: งานพิมพ์ | AX18: รอART | AY18: 0 | AZ18: 0 | BA18: 0 | BB18: 0 | BC18: WRWT25800/WRWT25800 | BD18: 2556.6218
A19: ประมาณการ | B19: ประมาณการ | C19: บจก.ไลม์มาสเตอร์ | D19: LMC 25 kg | E19: 19 | F19: 32 | G19: ขาว | H19: 0 | I19: 64 | J19: ± | K19: 5 | L19: ไม่ | M19: 20 | N19: 35 | O19: 40 | P19: 345.39286 | Q19: 0 | R19: 345.39286 | S19: 500กระสอบแบน | T19: 45868 | U19: 20000 | V19: 0 | W19: 20000 | X19: 0 | Y19: 21000 | Z19: WSWT1925800 | AA19: 18719.8 | AB19: 0 | AC19: 18719.8 | AD19: 0 | AE19: 0 | AF19: 0 | AG19: พร้อมส่ง | AH19: P9 | AI19: 3 | AJ19: 45868 | AK19: 0 | AL19: 45858 | AM19: 45865 | AN19: 45866 | AO19: 45866 | AP19: 45863 | AQ19: 45867 | AR19: 0 | AS19: 0 | AT19: 0 | AU19: 0 | AV19: 0 | AW19: งานพิมพ์ | AX19: รอART | AY19: 0 | AZ19: 0 | BA19: 0 | BB19: 0 | BC19: WRWT25800/WRWT25800 | BD19: 1359.4735
A20: 0 | B20: 0 | C20: 0 | D20: 0 | E20: 19 | F20: 30 | G20: ขาว | H20: 0 | I20: 60 | J20: ± | K20: 5 | L20: 0 | M20: 0 | N20: 0 | O20: 0 | P20: 0 | Q20: 0 | R20: 0 | S20: 0 | U20: 0 | V20: 0 | W20: 0 | X20: 0 | Y20: 0 | Z20: WSWT1925800 | AA20: 150211.73 | AB20: 50904.733 | AC20: 99307 | AD20: 0 | AE20: 0 | AF20: ระบุในSD | AG20: ผ้าขาว | AH20: 0 | AI20: Lead time | AJ20: 0 | AK20: 0 | AL20: 0 | AM20: 0 | AN20: 0 | AO20: 0 | AP20: 0 | AQ20: 0 | AR20: 0 | AS20: 0 | AT20: 0 | AU20: 0 | AV20: 0 | AW20: 0 | AX20: 0 | AY20: 0 | AZ20: 0 | BA20: 0 | BB20: 0 | BC20: WRWT25800/WRWT25800 | BD20: 0
A21: 45833 | B21: MK68-000831 | C21: บจก.เคอรี่ฟลาวมิลล์ | D21: BS | E21: 19 | F21: 32 | G21: ขาว | H21: 0 | I21: 67 | J21: + | K21: 5 | L21: บิด | M21: ไม่สวมถุงใน | N21: 0 | O21: 0 | P21: 0 | Q21: 0 | R21: 0 | S21: ห่ออัดเบลแบน500 | T21: 45845 | U21: 3000 | V21: 0 | W21: 3000 | X21: 3300 | Y21: 0 | Z21: WSWT1921720 | AA21: 0 | AB21: 0 | AC21: 0 | AD21: 0 | AE21: 0 | AF21: PDR250207 | AG21: ผ้าขาว | AH21: P7 | AI21: 2 | AJ21: 45845 | AK21: 0 | AL21: 45836 | AM21: 45843 | AN21: 45844 | AO21: 45844 | AP21: 45840 | AQ21: 0 | AR21: 0 | AS21: 0 | AT21: 0 | AU21: 0 | AV21: 0 | AW21: งานพิมพ์ | AX21: 0 | AY21: 0 | AZ21: 0 | BA21: 0 | BB21: 0 | BC21: WRWT21720/WRWT25800 | BD21: 0
A22: 45842 | B22: MK68-000864 | C22: บจก.เคอรี่ฟลาวมิลล์ | D22: บะหมี่เตี๊ยว | E22: 19 | F22: 30 | G22: ขาว | H22: 0 | I22: 63 | J22: + | K22: 5 | L22: บิด | M22: ไม่สวมถุงใน | N22: 0 | O22: 0 | P22: 0 | Q22: 0 | R22: 0 | S22: ห่ออัดเบลแบน500 | T22: 45845 | U22: 5000 | V22: 5091 | W22: 0 | X22: 5800 | Y22: 0 | Z22: WSWT1921720 | AA22: 0 | AB22: 0 | AC22: 0 | AD22: 0 | AE22: 0 | AF22: 0 | AG22: รอแบบ | AH22: P7 | AI22: 2 | AJ22: 45845 | AK22: 0 | AL22: 45836 | AM22: 45843 | AN22: 45844 | AO22: 45844 | AP22: 45840 | AQ22: 0 | AR22: 0 | AS22: 0 | AT22: 0 | AU22: 0 | AV22: 0 | AW22: งานพิมพ์ | AX22: 0 | AY22: 0 | AZ22: 0 | BA22: 0 | BB22: 0 | BC22: WRWT21720/WRWT25800 | BD22: 0
A23: 45842 | B23: MK68-000861 | C23: บจก.เคอรี่ฟลาวมิลล์ | D23: ไม่พิมพ์ | E23: 19 | F23: 30 | G23: ขาว | H23: 0 | I23: 63 | J23: + | K23: 5 | L23: ไม่ | M23: ไม่สวมถุงใน | N23: 0 | O23: 0 | P23: 0 | Q23: 0 | R23: 0 | S23: ห่ออัดเบลแบน501 | T23: 45853 | U23: 20000 | V23: 0 | W23: 20000 | X23: 0 | Y23: 0 | Z23: WSWT1921720 | AA23: 17602.2 | AB23: 17602.2 | AC23: 0 | AD23: 0 | AE23: 0 | AF23: 0 | AG23: พร้อมส่ง | AH23: P3 | AI23: 1 | AJ23: 45853 | AK23: 0 | AL23: 0 | AM23: 0 | AN23: 0 | AO23: 45852 | AP23: 45848 | AQ23: 0 | AR23: 0 | AS23: 0 | AT23: 0 | AU23: 0 | AV23: 0 | AW23: งานพิมพ์ | AX23: 0 | AY23: 0 | AZ23: 0 | BA23: 0 | BB23: 0 | BC23: WRWT21720/WRWT25800 | BD23: 0
A24: 45842 | B24: MK68-000862 | C24: บจก.เคอรี่ฟลาวมิลล์ | D24: ไม่พิมพ์ | E24: 19 | F24: 30 | G24: ขาว | H24: 0 | I24: 63 | J24: + | K24: 5 | L24: ไม่ | M24: ไม่สวมถุงใน | N24: 0 | O24: 0 | P24: 0 | Q24: 0 | R24: 0 | S24: ห่ออัดเบลแบน501 | T24: 45853 | U24: 20000 | V24: 0 | W24: 20000 | X24: 0 | Y24: 0 | Z24: WSWT1921720 | AA24: 17602.2 | AB24: 17602.2 | AC24: 0 | AD24: 0 | AE24: 0 | AF24: 0 | AG24: ยังไม่ได้พิมพ์ | AH24: P3 | AI24: 1 | AJ24: 45853 | AK24: 0 | AL24: 0 | AM24: 0 | AN24: 0 | AO24: 45852 | AP24: 45848 | AQ24: 0 | AR24: 0 | AS24: 0 | AT24: 0 | AU24: 0 | AV24: 0 | AW24: งานพิมพ์ | AX24: 0 | AY24: 0 | AZ24: 0 | BA24: 0 | BB24: 0 | BC24: WRWT21720/WRWT25800 | BD24: 0
A25: ประมาณการ | B25: ประมาณการ | C25: บจก.เคอรี่ฟลาวมิลล์ | D25: รอแบบ | E25: 19 | F25: 30 | G25: ขาว | H25: 0 | I25: 63 | J25: + | K25: 5 | L25: บิด | M25: ไม่สวมถุงใน | N25: 0 | O25: 0 | P25: 0 | Q25: 0 | R25: 0 | S25: ห่ออัดเบลแบน500 | T25: 45868 | U25: 572000 | V25: 0 | W25: 572000 | X25: 0 | Y25: 600600 | Z25: WSWT1921720 | AA25: 503422.92 | AB25: 27895 | AC25: 475527.92 | AD25: 0 | AE25: 0 | AF25: 0 | AG25: พร้อมส่ง | AH25: P7 | AI25: 2 | AJ25: 45868 | AK25: 0 | AL25: 45859 | AM25: 45866 | AN25: 45867 | AO25: 45867 | AP25: 45863 | AQ25: 0 | AR25: 0 | AS25: 0 | AT25: 0 | AU25: 0 | AV25: 0 | AW25: งานพิมพ์ | AX25: / | AY25: 0 | AZ25: 0 | BA25: 0 | BB25: 0 | BC25: WRWT21720/WRWT25800 | BD25: 35818.876
A26: 0 | B26: 0 | C26: 0 | D26: 0 | E26: 19 | F26: 30 | G26: 0 | H26: 0 | I26: 63 | J26: + | K26: 5 | L26: 0 | M26: 0 | N26: 0 | O26: 0 | P26: 0 | Q26: 0 | R26: 0 | S26: 0 | U26: 0 | V26: 0 | W26: 0 | X26: 0 | Y26: 0 | Z26: WSWT1921720 | AA26: 538627.32 | AB26: 63099.4 | AC26: 475527.92 | AD26: 0 | AE26: 0 | AF26: ระบุในSD | AG26: ยังไม่ได้พิมพ์ | AH26: 0 | AI26: Lead time | AJ26: 0 | AK26: 0 | AL26: 0 | AM26: 0 | AN26: 0 | AO26: 0 | AP26: 0 | AQ26: 0 | AR26: 0 | AS26: 0 | AT26: 0 | AU26: 0 | AV26: 0 | AW26: 0 | AX26: 0 | AY26: 0 | AZ26: 0 | BA26: 0 | BB26: 0 | BC26: WRWT190720/WRWT25800 | BD26: 0
A27: ประมาณการ | B27: ประมาณการ | C27: บจก.เอเชี่ยนเคมิคัล | D27: A.C.C. | E27: 19 | F27: 26 | G27: ขาว | H27: ด้าน | I27: 70 | J27: ± | K27: 5 | L27: ไม่ | M27: 20 | N27: 28 | O27: 50 | P27: 259.04464 | Q27: 0 | R27: 259.04464 | S27: มัด100 | T27: 45868 | U27: 15000 | V27: 0 | W27: 15000 | X27: 0 | Y27: 15750 | Z27: WSWT1925800SM | AA27: 11525.25 | AB27: 11525.25 | AC27: 0 | AD27: 0 | AE27: 11525.25 | AF27: 0 | AG27: พร้อมส่ง | AH27: P8 | AI27: 4 | AJ27: 45868 | AK27: 45864 | AL27: 45858 | AM27: 45865 | AN27: 45866 | AO27: 45866 | AP27: 45863 | AQ27: 45867 | AR27: 0 | AS27: 0 | AT27: 0 | AU27: 0 | AV27: 0 | AW27: งานเคลือบ+พิมพ์ | AX27: 0 | AY27: 0 | AZ27: 0 | BA27: 0 | BB27: 0 | BC27: WRWT25800/WRWT25800 | BD27: 0
A28: 0 | B28: 0 | C28: 0 | D28: 0 | E28: 19 | F28: 30 | G28: 0 | H28: 0 | I28: 56 | J28: ± | K28: 5 | L28: 0 | M28: 0 | N28: 0 | O28: 0 | P28: 0 | Q28: 0 | R28: 0 | S28: 0 | U28: 0 | W28: 0 | X28: 0 | Y28: 0 | Z28: WSWT1925800SM | AA28: 11525.25 | AB28: 11525.25 | AC28: 0 | AD28: 0 | AE28: 11525.25 | AF28: ระบุในSD | AG28: พร้อมส่ง | AH28: 0 | AI28: Lead time | AJ28: 0 | AK28: 0 | AL28: 0 | AM28: 0 | AN28: 0 | AO28: 0 | AP28: 0 | AQ28: 0 | AR28: 0 | AS28: 0 | AT28: 0 | AU28: 0 | AV28: 0 | AW28: 0 | AX28: 0 | AY28: 0 | AZ28: 0 | BA28: 0 | BB28: 0 | BC28: WRWT190800/WRWT25800 | BD28: 0
A29: 45825 | B29: MK68-000800 | C29: บจก.อินเทคค์ โกลบอล | D29: เพอเฟคค์104 โกลด์ | E29: 19 | F29: 34 | G29: ขาว | H29: ด้าน | I29: 100 | J29: ± | K29: 5 | L29: จับจีบ4" | M29: ไม่สวมถุงใน | N29: 0 | O29: 0 | P29: 0 | Q29: 0 | R29: 0 | S29: มัด80 ใช้สายรัด | T29: 45843 | U29: 5040 | V29: 0 | W29: 5040 | X29: 0 | Y29: 5292 | Z29: WSWT19251000SM | AA29: 4999.0248 | AB29: 4999.0248 | AC29: 0 | AD29: 1971 | AE29: 3028.0248 | AF29: 0 | AG29: ผ้าขาว | AH29: P6 | AI29: 4 | AJ29: 45843 | AK29: 45839 | AL29: 45832 | AM29: 45840 | AN29: 45841 | AO29: 45842 | AP29: 45838 | AQ29: 0 | AR29: 0 | AS29: 0 | AT29: 0 | AU29: 0 | AV29: 0 | AW29: งานเคลือบ+พิมพ์ | AX29: / | AY29: 0 | AZ29: 0 | BA29: 0 | BB29: 0 | BC29: WRWT251000/WRWT251000 | BD29: 0
A30: 45796 | B30: MK68-000680 | C30: บจก.อินเทคค์ โกลบอล | D30: เพอเฟคค์103P โกลด์ | E30: 19 | F30: 34 | G30: ขาว | H30: ด้าน | I30: 100 | J30: ± | K30: 5 | L30: จับจีบ4" | M30: ไม่สวมถุงใน | N30: 0 | O30: 0 | P30: 0 | Q30: 0 | R30: 0 | S30: มัด80 ใช้สายรัด | T30: รอแจ้ง | U30: 503 | V30: 0 | W30: 503 | X30: 5250 | Y30: 0 | Z30: WSWT19251000SM | AA30: 0 | AB30: 0 | AC30: 0 | AD30: 0 | AE30: 0 | AF30: 0 | AG30: ยังไม่ได้พิมพ์ | AH30: P6 | AI30: 4 | AJ30: รอแจ้ง | AK30: #VALUE! | AL30: #VALUE! | AM30: #VALUE! | AN30: #VALUE! | AO30: #VALUE! | AP30: #VALUE! | AQ30: 0 | AR30: 0 | AS30: 0 | AT30: 0 | AU30: 0 | AV30: 0 | AW30: งานเคลือบ+พิมพ์ | AX30: / | AY30: 0 | AZ30: 0 | BA30: 0 | BB30: 0 | BC30: WRWT251000/WRWT251000 | BD30: 0
A31: 0 | B31: 0 | C31: 0 | D31: 0 | E31: 19 | F31: 34 | G31: ขาว | H31: 0 | I31: 80 | J31: ± | K31: 5 | L31: 0 | M31: 0 | N31: 0 | O31: 0 | P31: 0 | Q31: 0 | R31: 0 | S31: 0 | U31: 0 | V31: 0 | W31: 0 | X31: 0 | Y31: 0 | Z31: WSWT19251000SM | AA31: 4999.0248 | AB31: 4999.0248 | AC31: 0 | AD31: 1971 | AE31: 3028.0248 | AF31: ระบุในSD | AG31: พร้อมส่ง | AH31: 0 | AI31: Lead time | AJ31: 0 | AK31: 0 | AL31: 0 | AM31: 0 | AN31: 0 | AO31: 0 | AP31: 0 | AQ31: 0 | AR31: 0 | AS31: 0 | AT31: 0 | AU31: 0 | AV31: 0 | AW31: 0 | AX31: 0 | AY31: 0 | AZ31: 0 | BA31: 0 | BB31: 0 | BC31: WRWT251000/WRYL251000 | BD31: 0
A32: ประมาณการ | B32: ประมาณการ | C32: บจก.หนองบัวฟีดมิลล์ | D32: ไม่พิมพ์ | E32: 20 | F32: 30 | G32: ขาว | H32: 0 | I32: 53 | J32: ± | K32: 5 | L32: ไม่ | M32: ไม่สวมถุงใน | N32: 0 | O32: 0 | P32: 0 | Q32: 0 | R32: 0 | S32: 500กระสอบ | T32: 45868 | U32: 20000 | V32: 0 | W32: 20000 | X32: 0 | Y32: 0 | Z32: WSWT2025650 | AA32: 17602.2 | AB32: 0 | AC32: 17602.2 | AD32: 0 | AE32: 0 | AF32: 0 | AG32: พร้อมส่ง | AH32: P3 | AI32: 1 | AJ32: 45868 | AK32: 0 | AL32: 0 | AM32: 0 | AN32: 0 | AO32: 45867 | AP32: 45863 | AQ32: 0 | AR32: 0 | AS32: 0 | AT32: 0 | AU32: 0 | AV32: 0 | AW32: ตัด | AX32: 0 | AY32: 0 | AZ32: 0 | BA32: 0 | BB32: 0 | BC32: WRWT25650/WRWT25650 | BD32: 1080.5795
A33: 45839 | B33: MK68-000851 | C33: สหกรณ์โคนมพิมาย | D33: พ.ม.21 ผงใช้ในฟาร์ม(แถบบานเย็น) | E33: 20 | F33: 37 | G33: ขาว | H33: 0 | I33: 65 | J33: ± | K33: 5 | L33: บิด | M33: ไม่สวมถุงใน | N33: 0 | O33: 0 | P33: 0 | Q33: 0 | R33: 0 | S33: 500กระสอบ | T33: 45847 | U33: 10000 | V33: 0 | W33: 10000 | X33: 0 | Y33: 10500 | Z33: WSWT2025650 | AA33: 10756.9 | AB33: 0 | AC33: 10756.9 | AD33: 0 | AE33: 0 | AF33: 0 | AG33: รอตัด | AH33: P7 | AI33: 2 | AJ33: 45847 | AK33: 0 | AL33: 45838 | AM33: 45845 | AN33: 45846 | AO33: 45846 | AP33: 45842 | AQ33: 0 | AR33: 0 | AS33: 0 | AT33: 0 | AU33: 0 | AV33: 0 | AW33: งานพิมพ์ | AX33: 0 | AY33: 0 | AZ33: 0 | BA33: 0 | BB33: 0 | BC33: WRWT25650/WRWT25650 | BD33: 660.35414
A34: 0 | B34: 0 | C34: 0 | D34: 0 | E34: 20 | F34: 37 | G34: ขาว | H34: 0 | I34: 65 | J34: ± | K34: 5 | L34: 0 | M34: 0 | N34: 0 | O34: 0 | P34: 0 | Q34: 0 | R34: 0 | S34: 0 | U34: 0 | V34: 0 | W34: 0 | X34: 0 | Y34: 0 | Z34: WSWT2025650 | AA34: 28359.1 | AB34: 0 | AC34: 28359.1 | AD34: 0 | AE34: 0 | AF34: ระบุในSD | AG34: พร้อมส่ง | AH34: 0 | AI34: Lead time | AJ34: 0 | AK34: 0 | AL34: 0 | AM34: 0 | AN34: 0 | AO34: 0 | AP34: 0 | AQ34: 0 | AR34: 0 | AS34: 0 | AT34: 0 | AU34: 0 | AV34: 0 | AW34: 0 | AX34: 0 | AY34: 0 | AZ34: 0 | BA34: 0 | BB34: 0 | BC34: WRWT25650/WRWT25650 | BD34: 0
A35: 45825 | B35: MK68-000801 | C35: บจก.อินเทคค์ โกลบอล | D35: สุบรรณ 111 | E35: 20 | F35: 36 | G35: ขาว | H35: ด้าน | I35: 100 | J35: ± | K35: 5 | L35: จับจีบ3.5" | M35: ไม่สวมถุงใน | N35: 0 | O35: 0 | P35: 0 | Q35: 0 | R35: 0 | S35: มัด80 ใช้สายรัด | T35: รอแจ้ง | U35: 894 | V35: 0 | W35: 894 | X35: 6000 | Y35: 0 | Z35: WSWT2025800SM | AA35: 0 | AB35: 0 | AC35: 0 | AD35: 0 | AE35: 0 | AF35: 0 | AG35: พร้อมส่ง | AH35: P6 | AI35: 4 | AJ35: รอแจ้ง | AK35: #VALUE! | AL35: #VALUE! | AM35: #VALUE! | AN35: #VALUE! | AO35: #VALUE! | AP35: #VALUE! | AQ35: 0 | AR35: 0 | AS35: 0 | AT35: 0 | AU35: 0 | AV35: 0 | AW35: งานเคลือบ+พิมพ์ | AX35: / | AY35: 0 | AZ35: 0 | BA35: 0 | BB35: 0 | BC35: WRWT25850/WRWT25850 | BD35: 0
A36: 45825 | B36: MK68-000796 | C36: บจก.อินเทคค์ โกลบอล | D36: เฟิร์สช้อย 911 | E36: 20 | F36: 36 | G36: ขาว | H36: ด้าน | I36: 100 | J36: ± | K36: 5 | L36: จับจีบ4" | M36: ไม่สวมถุงใน | N36: 0 | O36: 0 | P36: 0 | Q36: 0 | R36: 0 | S36: มัด80 ใช้สายรัด | T36: 45843 | U36: 127 | V36: 0 | W36: 127 | X36: 6000 | Y36: 0 | Z36: WSWT2025800SM | AA36: 0 | AB36: 0 | AC36: 0 | AD36: 0 | AE36: 0 | AF36: 0 | AG36: รอตัด | AH36: P6 | AI36: 4 | AJ36: 45843 | AK36: 45839 | AL36: 45832 | AM36: 45840 | AN36: 45841 | AO36: 45842 | AP36: 45838 | AQ36: 0 | AR36: 0 | AS36: 0 | AT36: 0 | AU36: 0 | AV36: 0 | AW36: งานเคลือบ+พิมพ์ | AX36: / | AY36: 0 | AZ36: 0 | BA36: 0 | BB36: 0 | BC36: WRWT25850/WRWT25850 | BD36: 0
A37: 45825 | B37: MK68-000796 | C37: บจก.อินเทคค์ โกลบอล | D37: เฟิร์สช้อย 913 | E37: 20 | F37: 36 | G37: ขาว | H37: ด้าน | I37: 100 | J37: ± | K37: 5 | L37: จับจีบ4" | M37: ไม่สวมถุงใน | N37: 0 | O37: 0 | P37: 0 | Q37: 0 | R37: 0 | S37: มัด80 ใช้สายรัด | T37: 45843 | U37: 5040 | V37: 0 | W37: 5040 | X37: 1410 | Y37: 3811.5 | Z37: WSWT2025800SM | AA37: 3993.4991 | AB37: 3993.4991 | AC37: 0 | AD37: 0 | AE37: 3993.4991 | AF37: 0 | AG37: ยังไม่ได้พิมพ์ | AH37: P6 | AI37: 4 | AJ37: 45843 | AK37: 45839 | AL37: 45832 | AM37: 45840 | AN37: 45841 | AO37: 45842 | AP37: 45838 | AQ37: 0 | AR37: 0 | AS37: 0 | AT37: 0 | AU37: 0 | AV37: 0 | AW37: งานเคลือบ+พิมพ์ | AX37: / | AY37: 0 | AZ37: 0 | BA37: 0 | BB37: 0 | BC37: WRWT25850/WRWT25850 | BD37: 0
A38: 45827 | B38: MK68-000810 | C38: บจก.อินเทคค์ โกลบอล | D38: เฟิร์สคลาส 912 | E38: 20 | F38: 35 | G38: ขาว | H38: ด้าน | I38: 97 | J38: ± | K38: 5 | L38: จับจีบ4" | M38: ไม่สวมถุงใน | N38: 0 | O38: 0 | P38: 0 | Q38: 0 | R38: 0 | S38: มัด80 ใช้สายรัด | T38: รอแจ้ง | U38: 455 | V38: 0 | W38: 455 | X38: 6000 | Y38: 0 | Z38: WSWT2025800SM | AA38: 0 | AB38: 0 | AC38: 0 | AD38: 0 | AE38: 0 | AF38: 0 | AG38: ยังไม่ได้พิมพ์ | AH38: P6 | AI38: 4 | AJ38: รอแจ้ง | AK38: #VALUE! | AL38: #VALUE! | AM38: #VALUE! | AN38: #VALUE! | AO38: #VALUE! | AP38: #VALUE! | AQ38: 0 | AR38: 0 | AS38: 0 | AT38: 0 | AU38: 0 | AV38: 0 | AW38: งานเคลือบ+พิมพ์ | AX38: / | AY38: 0 | AZ38: 0 | BA38: 0 | BB38: 0 | BC38: WRWT25850/WRWT25850 | BD38: 0
A39: 45782 | B39: MK68-000609 | C39: บจก.เอสพีเอ็ม อาหารสัตว์ | D39: SW 441 | E39: 20 | F39: 38 | G39: ขาว | H39: ใส | I39: 100 | J39: ± | K39: 5 | L39: บิด | M39: ไม่สวมถุงใน | N39: 0 | O39: 0 | P39: 0 | Q39: 0 | R39: 0 | S39: 500กระสอบแบน | T39: 45846 | U39: 5000 | V39: 3318 | W39: 1682 | X39: 4748 | Y39: 264.6 | Z39: WSWT2025800SM | AA39: 292.0205 | AB39: 292.0205 | AC39: 0 | AD39: 0 | AE39: 292.0205 | AF39: 0 | AG39: พิมพ์ไม่ครบ | AH39: P6 | AI39: 4 | AJ39: 45846 | AK39: 45842 | AL39: 45835 | AM39: 45843 | AN39: 45844 | AO39: 45845 | AP39: 45841 | AQ39: 0 | AR39: 0 | AS39: 0 | AT39: 0 | AU39: 0 | AV39: 0 | AW39: งานเคลือบ+พิมพ์ | AX39: / | AY39: 0 | AZ39: 0 | BA39: 0 | BB39: 0 | BC39: WRWT25850/WRWT25850 | BD39: 0
A40: 45810 | B40: MK68-000741 | C40: บจก.เอสพีเอ็ม อาหารสัตว์ | D40: SPM 915 | E40: 20 | F40: 38 | G40: ขาว | H40: ด้าน | I40: 100 | J40: ± | K40: 5 | L40: บิด | M40: ไม่สวมถุงใน | N40: 0 | O40: 0 | P40: 0 | Q40: 0 | R40: 0 | S40: 500กระสอบแบน | T40: 45846 | U40: 3000 | V40: 0 | W40: 3000 | X40: 0 | Y40: 3150 | Z40: WSWT2025800SM | AA40: 3310.89 | AB40: 3310.89 | AC40: 0 | AD40: 0 | AE40: 3310.89 | AF40: 0 | AG40: ยังไม่ได้พิมพ์ | AH40: P6 | AI40: 4 | AJ40: 45846 | AK40: 45842 | AL40: 45835 | AM40: 45843 | AN40: 45844 | AO40: 45845 | AP40: 45841 | AQ40: 0 | AR40: 0 | AS40: 0 | AT40: 0 | AU40: 0 | AV40: 0 | AW40: งานเคลือบ+พิมพ์ | AX40: / | AY40: 0 | AZ40: 0 | BA40: 0 | BB40: 0 | BC40: WRWT25850/WRWT25850 | BD40: 0
A41: 45826 | B41: MK68-000806 | C41: บจก.เอพีเอ็ม อะโกร | D41: ฟีล กู๊ด พี6 | E41: 20 | F41: 38 | G41: ขาว | H41: ใส | I41: 100 | J41: ± | K41: 5 | L41: บิด | M41: ไม่สวมถุงใน | N41: 0 | O41: 0 | P41: 0 | Q41: 0 | R41: 0 | S41: 500กระสอบแบน | T41: 45856 | U41: 3000 | V41: 0 | W41: 3000 | X41: 0 | Y41: 3150 | Z41: WSWT2025800SM | AA41: 3310.89 | AB41: 3310.89 | AC41: 0 | AD41: 0 | AE41: 3310.89 | AF41: 0 | AG41: ยังไม่ได้พิมพ์ | AH41: P6 | AI41: 4 | AJ41: 45856 | AK41: 45852 | AL41: 45845 | AM41: 45853 | AN41: 45854 | AO41: 45855 | AP41: 45851 | AQ41: 0 | AR41: 0 | AS41: 0 | AT41: 0 | AU41: 0 | AV41: 0 | AW41: งานเคลือบ+พิมพ์ | AX41: / | AY41: 0 | AZ41: 0 | BA41: 0 | BB41: 0 | BC41: WRWT25850/WRWT25850 | BD41: 0
A42: 45839 | B42: MK68-000854 | C42: บจก.วีซีเอฟ | D42: VC 181 | E42: 20 | F42: 37 | G42: ขาว | H42: ใส | I42: 100 | J42: ± | K42: 5 | L42: บิด | M42: ไม่สวมถุงใน | N42: 0 | O42: 0 | P42: 0 | Q42: 0 | R42: 0 | S42: 500กระสอบแบน | T42: 45847 | U42: 20000 | V42: 0 | W42: 20000 | X42: 1895 | Y42: 19010.25 | Z42: WSWT2025800SM | AA42: 20449.136 | AB42: 20449.136 | AC42: 0 | AD42: 20449.136 | AE42: 0 | AF42: 0 | AG42: ยังไม่ได้พิมพ์ | AH42: P6 | AI42: 4 | AJ42: 45847 | AK42: 45843 | AL42: 45836 | AM42: 45844 | AN42: 45845 | AO42: 45846 | AP42: 45842 | AQ42: 0 | AR42: 0 | AS42: 0 | AT42: 0 | AU42: 0 | AV42: 0 | AW42: งานเคลือบ+พิมพ์ | AX42: รอART | AY42: 0 | AZ42: 0 | BA42: 0 | BB42: 0 | BC42: WRWT25850/WRWT25850 | BD42: 0
A43: 45839 | B43: MK68-000853 | C43: บจก.วีซีเอฟ | D43: R FEED 405A | E43: 20 | F43: 37 | G43: ขาว | H43: ใส | I43: 100 | J43: ± | K43: 5 | L43: ไม่ | M43: ไม่สวมถุงใน | N43: 0 | O43: 0 | P43: 0 | Q43: 0 | R43: 0 | S43: 500กระสอบแบน | T43: 45861 | U43: 10000 | V43: 0 | W43: 10000 | X43: 0 | Y43: 10500 | Z43: WSWT2025800SM | AA43: 10756.9 | AB43: 0 | AC43: 10756.9 | AD43: 0 | AE43: 10756.9 | AF43: 0 | AG43: รอแบบ | AH43: P6 | AI43: 4 | AJ43: 45861 | AK43: 45857 | AL43: 45850 | AM43: 45858 | AN43: 45859 | AO43: 45860 | AP43: 45856 | AQ43: 0 | AR43: 0 | AS43: 0 | AT43: 0 | AU43: 0 | AV43: 0 | AW43: งานเคลือบ+พิมพ์ | AX43: รอART | AY43: 0 | AZ43: 0 | BA43: 0 | BB43: 0 | BC43: WRWT25850/WRWT25850 | BD43: 812.74356
A44: 45839 | B44: MK68-000853 | C44: บจก.วีซีเอฟ | D44: JET 153 | E44: 20 | F44: 37 | G44: ขาว | H44: ใส | I44: 100 | J44: ± | K44: 5 | L44: ไม่ | M44: ไม่สวมถุงใน | N44: 0 | O44: 0 | P44: 0 | Q44: 0 | R44: 0 | S44: 500กระสอบแบน | T44: 45852 | U44: 10000 | V44: 0 | W44: 10000 | X44: 0 | Y44: 10500 | Z44: WSWT2025800SM | AA44: 10756.9 | AB44: 0 | AC44: 10756.9 | AD44: 0 | AE44: 10756.9 | AF44: 0 | AG44: รอแบบ | AH44: P6 | AI44: 4 | AJ44: 45852 | AK44: 45848 | AL44: 45841 | AM44: 45849 | AN44: 45850 | AO44: 45851 | AP44: 45847 | AQ44: 0 | AR44: 0 | AS44: 0 | AT44: 0 | AU44: 0 | AV44: 0 | AW44: งานเคลือบ+พิมพ์ | AX44: รอART | AY44: 0 | AZ44: 0 | BA44: 0 | BB44: 0 | BC44: WRWT25850/WRWT25850 | BD44: 812.74356
A45: 45839 | B45: MK68-000853 | C45: บจก.วีซีเอฟ | D45: SPEED PLUS 333 เขมร | E45: 20 | F45: 37 | G45: ขาว | H45: ใส | I45: 100 | J45: ± | K45: 5 | L45: ไม่ | M45: ไม่สวมถุงใน | N45: 0 | O45: 0 | P45: 0 | Q45: 0 | R45: 0 | S45: 500กระสอบแบน | T45: 45852 | U45: 5000 | V45: 0 | W45: 5000 | X45: 0 | Y45: 5250 | Z45: WSWT2025800SM | AA45: 5378.45 | AB45: 0 | AC45: 5378.45 | AD45: 0 | AE45: 5378.45 | AF45: 0 | AG45: รอแบบ | AH45: P6 | AI45: 4 | AJ45: 45852 | AK45: 45848 | AL45: 45841 | AM45: 45849 | AN45: 45850 | AO45: 45851 | AP45: 45847 | AQ45: 0 | AR45: 0 | AS45: 0 | AT45: 0 | AU45: 0 | AV45: 0 | AW45: งานเคลือบ+พิมพ์ | AX45: รอART | AY45: 0 | AZ45: 0 | BA45: 0 | BB45: 0 | BC45: WRWT25850/WRWT25850 | BD45: 406.37178
A46: ประมาณการ | B46: ประมาณการ | C46: บจก.อินเทคค์ โกลบอล | D46: รอแบบ | E46: 20 | F46: 36 | G46: ขาว | H46: ด้าน | I46: 100 | J46: ± | K46: 5 | L46: จับจีบ | M46: ไม่สวมถุงใน | N46: 0 | O46: 0 | P46: 0 | Q46: 0 | R46: 0 | S46: มัด80 ใช้สายรัด | T46: 45868 | U46: 100000 | V46: 0 | W46: 100000 | X46: 0 | Y46: 105000 | Z46: WSWT2025800SM | AA46: 104775 | AB46: 0 | AC46: 104775 | AD46: 0 | AE46: 104775 | AF46: 0 | AG46: รอแบบ | AH46: P6 | AI46: 4 | AJ46: 45868 | AK46: 45864 | AL46: 45857 | AM46: 45865 | AN46: 45866 | AO46: 45867 | AP46: 45863 | AQ46: 0 | AR46: 0 | AS46: 0 | AT46: 0 | AU46: 0 | AV46: 0 | AW46: งานเคลือบ+พิมพ์ | AX46: รอART | AY46: 0 | AZ46: 0 | BA46: 0 | BB46: 0 | BC46: WRWT25850/WRWT25850 | BD46: 7916.3333
A47: ประมาณการ | B47: ประมาณการ | C47: บจก.เอสพีเอ็ม อาหารสัตว์ | D47: รอแบบ | E47: 20 | F47: 38 | G47: ขาว | H47: ใส | I47: 100 | J47: ± | K47: 5 | L47: บิด | M47: ไม่สวมถุงใน | N47: 0 | O47: 0 | P47: 0 | Q47: 0 | R47: 0 | S47: 500กระสอบแบน | T47: 45868 | U47: 20000 | V47: 0 | W47: 20000 | X47: 0 | Y47: 21000 | Z47: WSWT2025800SM | AA47: 22072.6 | AB47: 0 | AC47: 22072.6 | AD47: 0 | AE47: 22072.6 | AF47: 0 | AG47: พร้อมส่ง | AH47: P6 | AI47: 4 | AJ47: 45868 | AK47: 45864 | AL47: 45857 | AM47: 45865 | AN47: 45866 | AO47: 45867 | AP47: 45863 | AQ47: 0 | AR47: 0 | AS47: 0 | AT47: 0 | AU47: 0 | AV47: 0 | AW47: งานเคลือบ+พิมพ์ | AX47: รอART | AY47: 0 | AZ47: 0 | BA47: 0 | BB47: 0 | BC47: WRWT25850/WRWT25850 | BD47: 1667.7076
A48: ประมาณการ | B48: ประมาณการ | C48: บจก.ไทยธรรมดี | D48: รอแบบ | E48: 20 | F48: 37 | G48: ขาว | H48: ด้าน | I48: 97 | J48: ± | K48: 5 | L48: บิด | M48: ไม่สวมถุงใน | N48: 0 | O48: 0 | P48: 0 | Q48: 0 | R48: 0 | S48: 500กระสอบ | T48: 45868 | U48: 20000 | V48: 0 | W48: 20000 | X48: 0 | Y48: 21000 | Z48: WSWT2025800SM | AA48: 21513.8 | AB48: 0 | AC48: 21513.8 | AD48: 0 | AE48: 21513.8 | AF48: 0 | AG48: รอตัด | AH48: P6 | AI48: 4 | AJ48: 45868 | AK48: 45864 | AL48: 45857 | AM48: 45865 | AN48: 45866 | AO48: 45867 | AP48: 45863 | AQ48: 0 | AR48: 0 | AS48: 0 | AT48: 0 | AU48: 0 | AV48: 0 | AW48: งานเคลือบ+พิมพ์ | AX48: รอART | AY48: 0 | AZ48: 0 | BA48: 0 | BB48: 0 | BC48: WRWT25850/WRWT25850 | BD48: 1625.4871
A49: ประมาณการ | B49: ประมาณการ | C49: บจก.ซันฟีด | D49: รอแบบ | E49: 20 | F49: 38 | G49: ขาว | H49: ด้าน | I49: 100 | J49: + | K49: 0 | L49: บิด | M49: ไม่สวมถุงใน | N49: 0 | O49: 0 | P49: 0 | Q49: 0 | R49: 0 | S49: 300กระสอบแบนเต็มใบ | T49: 45868 | U49: 100000 | V49: 0 | W49: 100000 | X49: 0 | Y49: 105000 | Z49: WSWT2025800SM | AA49: 110363 | AB49: 0 | AC49: 110363 | AD49: 0 | AE49: 110363 | AF49: 0 | AG49: รอตัด | AH49: P6 | AI49: 4 | AJ49: 45868 | AK49: 45864 | AL49: 45857 | AM49: 45865 | AN49: 45866 | AO49: 45867 | AP49: 45863 | AQ49: 0 | AR49: 0 | AS49: 0 | AT49: 0 | AU49: 0 | AV49: 0 | AW49: งานเคลือบ+พิมพ์ | AX49: รอART | AY49: 0 | AZ49: 0 | BA49: 0 | BB49: 0 | BC49: WRWT25850/WRWT25850 | BD49: 8338.5378
A50: 45799 | B50: MK68-000694 | C50: บจก.เอ.เจ.ฟาร์ม่าแล็บ | D50: เบส-มิน | E50: 20 | F50: 34 | G50: ขาว | H50: ใส | I50: 95 | J50: ± | K50: 5 | L50: จับจีบ | M50: ไม่สวมถุงใน | N50: 0 | O50: 0 | P50: 0 | Q50: 0 | R50: 0 | S50: 500กระสอบ | T50: รอส่ง | U50: 8000 | V50: 7840 | W50: 160 | X50: 8450 | Y50: 0 | Z50: WSWT2025800SM | AA50: 0 | AB50: 0 | AC50: 0 | AD50: 0 | AE50: 0 | AF50: ห้ามขาด-ห้ามเกิน | AG50: พร้อมส่ง | AH50: P6 | AI50: 4 | AJ50: รอส่ง | AK50: #VALUE! | AL50: #VALUE! | AM50: #VALUE! | AN50: #VALUE! | AO50: #VALUE! | AP50: #VALUE! | AQ50: 0 | AR50: 0 | AS50: 0 | AT50: 0 | AU50: 0 | AV50: 0 | AW50: งานเคลือบ+พิมพ์ | AX50: / | AY50: 0 | AZ50: 0 | BA50: 0 | BB50: 0 | BC50: WRWT25850/WRWT25850 | BD50: 0
A51: 45796 | B51: MK68-000672 | C51: บจก.อินเทคค์ โกลบอล | D51: เฟิร์สช้อย 912 | E51: 20 | F51: 36 | G51: ขาว | H51: ด้าน | I51: 100 | J51: ± | K51: 5 | L51: จับจีบ | M51: ไม่สวมถุงใน | N51: 0 | O51: 0 | P51: 0 | Q51: 0 | R51: 0 | S51: มัด80 ใช้สายรัด | T51: รอแจ้ง | U51: 3853 | V51: 0 | W51: 3853 | X51: 15401 | Y51: 0 | Z51: WSWT2025800SM | AA51: 0 | AB51: 0 | AC51: 0 | AD51: 0 | AE51: 0 | AF51: 0 | AG51: พร้อมส่ง | AH51: P6 | AI51: 4 | AJ51: รอแจ้ง | AK51: #VALUE! | AL51: #VALUE! | AM51: #VALUE! | AN51: #VALUE! | AO51: #VALUE! | AP51: #VALUE! | AQ51: 0 | AR51: 0 | AS51: 0 | AT51: 0 | AU51: 0 | AV51: 0 | AW51: งานเคลือบ+พิมพ์ | AX51: / | AY51: 0 | AZ51: 0 | BA51: 0 | BB51: 0 | BC51: WRWT25850/WRWT25850 | BD51: 0
A52: 45796 | B52: MK68-000675 | C52: บจก.อินเทคค์ โกลบอล | D52: เพอเฟคค์ 914 | E52: 20 | F52: 36 | G52: ขาว | H52: ด้าน | I52: 100 | J52: ± | K52: 5 | L52: จับจีบ | M52: ไม่สวมถุงใน | N52: 0 | O52: 0 | P52: 0 | Q52: 0 | R52: 0 | S52: มัด80 ใช้สายรัด | T52: รอแจ้ง | U52: 3360 | V52: 0 | W52: 3360 | X52: 35200 | Y52: 0 | Z52: WSWT2025800SM | AA52: 0 | AB52: 0 | AC52: 0 | AD52: 0 | AE52: 0 | AF52: 0 | AG52: พร้อมส่ง | AH52: P6 | AI52: 4 | AJ52: รอแจ้ง | AK52: #VALUE! | AL52: #VALUE! | AM52: #VALUE! | AN52: #VALUE! | AO52: #VALUE! | AP52: #VALUE! | AQ52: 0 | AR52: 0 | AS52: 0 | AT52: 0 | AU52: 0 | AV52: 0 | AW52: งานเคลือบ+พิมพ์ | AX52: / | AY52: 2/6---6/6 | AZ52: 0 | BA52: 0 | BB52: 0 | BC52: WRWT25850/WRWT25850 | BD52: 0
A53: 45796 | B53: MK68-000676 | C53: บจก.อินเทคค์ โกลบอล | D53: เพอเฟคค์ 916 | E53: 20 | F53: 36 | G53: ขาว | H53: ด้าน | I53: 100 | J53: ± | K53: 5 | L53: จับจีบ | M53: ไม่สวมถุงใน | N53: 0 | O53: 0 | P53: 0 | Q53: 0 | R53: 0 | S53: มัด80 ใช้สายรัด | T53: รอแจ้ง | U53: 614 | V53: 0 | W53: 614 | X53: 12101 | Y53: 0 | Z53: WSWT2025800SM | AA53: 0 | AB53: 0 | AC53: 0 | AD53: 0 | AE53: 0 | AF53: 0 | AG53: พร้อมส่ง | AH53: P6 | AI53: 4 | AJ53: รอแจ้ง | AK53: #VALUE! | AL53: #VALUE! | AM53: #VALUE! | AN53: #VALUE! | AO53: #VALUE! | AP53: #VALUE! | AQ53: 0 | AR53: 0 | AS53: 0 | AT53: 0 | AU53: 0 | AV53: 0 | AW53: งานเคลือบ+พิมพ์ | AX53: / | AY53: 0 | AZ53: 0 | BA53: 0 | BB53: 0 | BC53: WRWT25850/WRWT25850 | BD53: 0
A54: 45796 | B54: MK68-000671 | C54: บจก.อินเทคค์ โกลบอล | D54: เฟิร์สช้อย 902 | E54: 20 | F54: 36 | G54: ขาว | H54: ด้าน | I54: 100 | J54: ± | K54: 5 | L54: จับจีบ | M54: ไม่สวมถุงใน | N54: 0 | O54: 0 | P54: 0 | Q54: 0 | R54: 0 | S54: มัด80 ใช้สายรัด | T54: รอแจ้ง | U54: 366 | V54: 0 | W54: 366 | X54: 5113 | Y54: 0 | Z54: WSWT2025800SM | AA54: 0 | AB54: 0 | AC54: 0 | AD54: 0 | AE54: 0 | AF54: 0 | AG54: รอตัด | AH54: P6 | AI54: 4 | AJ54: รอแจ้ง | AK54: #VALUE! | AL54: #VALUE! | AM54: #VALUE! | AN54: #VALUE! | AO54: #VALUE! | AP54: #VALUE! | AQ54: 0 | AR54: 0 | AS54: 0 | AT54: 0 | AU54: 0 | AV54: 0 | AW54: งานเคลือบ+พิมพ์ | AX54: / | AY54: 0 | AZ54: 0 | BA54: 0 | BB54: 0 | BC54: WRWT25850/WRWT25850 | BD54: 0
A55: 45796 | B55: MK68-000673 | C55: บจก.อินเทคค์ โกลบอล | D55: เพอเฟคค์ 000 | E55: 20 | F55: 36 | G55: ขาว | H55: ด้าน | I55: 100 | J55: ± | K55: 5 | L55: จับจีบ | M55: ไม่สวมถุงใน | N55: 0 | O55: 0 | P55: 0 | Q55: 0 | R55: 0 | S55: มัด80 ใช้สายรัด | T55: รอแจ้ง | U55: 179 | V55: 0 | W55: 179 | X55: 11000 | Y55: 0 | Z55: WSWT2025800SM | AA55: 0 | AB55: 0 | AC55: 0 | AD55: 0 | AE55: 0 | AF55: 0 | AG55: ยังไม่ได้พิมพ์ | AH55: P6 | AI55: 4 | AJ55: รอแจ้ง | AK55: #VALUE! | AL55: #VALUE! | AM55: #VALUE! | AN55: #VALUE! | AO55: #VALUE! | AP55: #VALUE! | AQ55: 0 | AR55: 0 | AS55: 0 | AT55: 0 | AU55: 0 | AV55: 0 | AW55: งานเคลือบ+พิมพ์ | AX55: / | AY55: 0 | AZ55: 0 | BA55: 0 | BB55: 0 | BC55: WRWT25850/WRWT25850 | BD55: 0
A56: 45796 | B56: MK68-000673 | C56: บจก.อินเทคค์ โกลบอล | D56: เพอเฟคค์ 902 | E56: 20 | F56: 36 | G56: ขาว | H56: ด้าน | I56: 100 | J56: ± | K56: 5 | L56: จับจีบ | M56: ไม่สวมถุงใน | N56: 0 | O56: 0 | P56: 0 | Q56: 0 | R56: 0 | S56: มัด80 ใช้สายรัด | T56: รอแจ้ง | U56: 302 | V56: 0 | W56: 302 | X56: 5300 | Y56: 0 | Z56: WSWT2025800SM | AA56: 0 | AB56: 0 | AC56: 0 | AD56: 0 | AE56: 0 | AF56: 0 | AG56: ยังไม่ได้พิมพ์ | AH56: P6 | AI56: 4 | AJ56: รอแจ้ง | AK56: #VALUE! | AL56: #VALUE! | AM56: #VALUE! | AN56: #VALUE! | AO56: #VALUE! | AP56: #VALUE! | AQ56: 0 | AR56: 0 | AS56: 0 | AT56: 0 | AU56: 0 | AV56: 0 | AW56: งานเคลือบ+พิมพ์ | AX56: / | AY56: 0 | AZ56: 0 | BA56: 0 | BB56: 0 | BC56: WRWT25850/WRWT25850 | BD56: 0
A57: 45796 | B57: MK68-000674 | C57: บจก.อินเทคค์ โกลบอล | D57: เพอเฟคค์ 913 | E57: 20 | F57: 36 | G57: ขาว | H57: ด้าน | I57: 100 | J57: ± | K57: 5 | L57: จับจีบ | M57: ไม่สวมถุงใน | N57: 0 | O57: 0 | P57: 0 | Q57: 0 | R57: 0 | S57: มัด80 ใช้สายรัด | T57: รอแจ้ง | U57: 1200 | V57: 0 | W57: 1200 | X57: 10700 | Y57: 0 | Z57: WSWT2025800SM | AA57: 0 | AB57: 0 | AC57: 0 | AD57: 0 | AE57: 0 | AF57: 0 | AG57: ยังไม่ได้พิมพ์ | AH57: P6 | AI57: 4 | AJ57: รอแจ้ง | AK57: #VALUE! | AL57: #VALUE! | AM57: #VALUE! | AN57: #VALUE! | AO57: #VALUE! | AP57: #VALUE! | AQ57: 0 | AR57: 0 | AS57: 0 | AT57: 0 | AU57: 0 | AV57: 0 | AW57: งานเคลือบ+พิมพ์ | AX57: / | AY57: 0 | AZ57: 0 | BA57: 0 | BB57: 0 | BC57: WRWT25850/WRWT25850 | BD57: 0
A58: 45798 | B58: MK68-000693 | C58: บจก.เอพีเอ็ม อะโกร | D58: ฟีล กู๊ด พี07 | E58: 20 | F58: 38 | G58: ขาว | H58: ใส | I58: 100 | J58: ± | K58: 5 | L58: บิด | M58: ไม่สวมถุงใน | N58: 0 | O58: 0 | P58: 0 | Q58: 0 | R58: 0 | S58: 500กระสอบแบน | T58: รอแจ้ง | U58: 5000 | V58: 0 | W58: 5000 | X58: 0 | Y58: 5250 | Z58: WSWT2025800SM | AA58: 5518.15 | AB58: 0 | AC58: 5518.15 | AD58: 0 | AE58: 5518.15 | AF58: 0 | AG58: พร้อมส่ง | AH58: P6 | AI58: 4 | AJ58: รอแจ้ง | AK58: #VALUE! | AL58: #VALUE! | AM58: #VALUE! | AN58: #VALUE! | AO58: #VALUE! | AP58: #VALUE! | AQ58: 0 | AR58: 0 | AS58: 0 | AT58: 0 | AU58: 0 | AV58: 0 | AW58: งานเคลือบ+พิมพ์ | AX58: / | AY58: 0 | AZ58: 0 | BA58: 0 | BB58: 0 | BC58: WRWT25850/WRWT25850 | BD58: 416.92689
A59: 45782 | B59: MK68-000609 | C59: บจก.เอสพีเอ็ม อาหารสัตว์ | D59: SW 441 | E59: 20 | F59: 38 | G59: ขาว | H59: ใส | I59: 100 | J59: ± | K59: 5 | L59: บิด | M59: ไม่สวมถุงใน | N59: 0 | O59: 0 | P59: 0 | Q59: 0 | R59: 0 | S59: 500กระสอบแบน | T59: รอแจ้ง | U59: 15000 | V59: 0 | W59: 15000 | X59: 0 | Y59: 15750 | Z59: WSWT2025800SM | AA59: 16554.45 | AB59: 0 | AC59: 16554.45 | AD59: 0 | AE59: 16554.45 | AF59: 0 | AG59: ยังไม่ได้พิมพ์ | AH59: P6 | AI59: 4 | AJ59: รอแจ้ง | AK59: #VALUE! | AL59: #VALUE! | AM59: #VALUE! | AN59: #VALUE! | AO59: #VALUE! | AP59: #VALUE! | AQ59: 0 | AR59: 0 | AS59: 0 | AT59: 0 | AU59: 0 | AV59: 0 | AW59: งานเคลือบ+พิมพ์ | AX59: / | AY59: 0 | AZ59: 0 | BA59: 0 | BB59: 0 | BC59: WRWT25850/WRWT25850 | BD59: 1250.7807
A60: 45810 | B60: MK68-000742 | C60: บจก.เอสพีเอ็ม อาหารสัตว์ | D60: นีโอ 05 | E60: 20 | F60: 38 | G60: ขาว | H60: ด้าน | I60: 100 | J60: ± | K60: 5 | L60: ไม่ | M60: ไม่สวมถุงใน | N60: 0 | O60: 0 | P60: 0 | Q60: 0 | R60: 0 | S60: 500กระสอบแบน | T60: รอแจ้ง | U60: 5000 | V60: 0 | W60: 5000 | X60: 0 | Y60: 5250 | Z60: WSWT2025800SM | AA60: 5518.15 | AB60: 0 | AC60: 5518.15 | AD60: 0 | AE60: 5518.15 | AF60: 0 | AG60: พร้อมส่ง | AH60: P6 | AI60: 4 | AJ60: รอแจ้ง | AK60: #VALUE! | AL60: #VALUE! | AM60: #VALUE! | AN60: #VALUE! | AO60: #VALUE! | AP60: #VALUE! | AQ60: 0 | AR60: 0 | AS60: 0 | AT60: 0 | AU60: 0 | AV60: 0 | AW60: งานเคลือบ+พิมพ์ | AX60: รอART | AY60: 0 | AZ60: 0 | BA60: 0 | BB60: 0 | BC60: WRWT25850/WRWT25850 | BD60: 416.92689
A61: 45611 | B61: MK67-001533 | C61: บจก.อินเทคค์ โกลบอล | D61: เฟิร์สช้อย 914 | E61: 20 | F61: 36 | G61: ขาว | H61: ด้าน | I61: 100 | J61: ± | K61: 5 | L61: จับจีบ | M61: ไม่สวมถุงใน | N61: 0 | O61: 0 | P61: 0 | Q61: 0 | R61: 0 | S61: มัด80 ใช้สายรัด | T61: รอแจ้ง | U61: 67 | V61: 67 | W61: 0 | X61: 80 | Y61: 0 | Z61: WSWT2025800SM | AA61: 0 | AB61: 0 | AC61: 0 | AD61: 0 | AE61: 0 | AF61: 0 | AG61: พร้อมส่ง | AH61: P6 | AI61: 4 | AJ61: รอแจ้ง | AK61: #VALUE! | AL61: #VALUE! | AM61: #VALUE! | AN61: #VALUE! | AO61: #VALUE! | AP61: #VALUE! | AQ61: 0 | AR61: 0 | AS61: 0 | AT61: 0 | AU61: 0 | AV61: 0 | AW61: งานเคลือบ+พิมพ์ | AX61: / | AY61: 0 | AZ61: 0 | BA61: 0 | BB61: 0 | BC61: WRWT25850/WRWT25850 | BD61: 0
A62: 45681 | B62: MK68-000122 | C62: บจก.เอสพีเอ็ม อาหารสัตว์ | D62: SPM 212 | E62: 20 | F62: 40 | G62: ขาว | H62: ด้าน | I62: 108 | J62: ± | K62: 5 | L62: บิด | M62: ไม่สวมถุงใน | N62: 0 | O62: 0 | P62: 0 | Q62: 0 | R62: 0 | S62: 500กระสอบแบน | T62: รอแจ้ง | U62: 3000 | V62: 0 | W62: 3000 | X62: 0 | Y62: 3150 | Z62: WSWT2025800SM | AA62: 3478.53 | AB62: 0 | AC62: 3478.53 | AD62: 0 | AE62: 3478.53 | AF62: 0 | AG62: รอตัด | AH62: P6 | AI62: 4 | AJ62: รอแจ้ง | AK62: #VALUE! | AL62: #VALUE! | AM62: #VALUE! | AN62: #VALUE! | AO62: #VALUE! | AP62: #VALUE! | AQ62: 0 | AR62: 0 | AS62: 0 | AT62: 0 | AU62: 0 | AV62: 0 | AW62: งานเคลือบ+พิมพ์ | AX62: / | AY62: 0 | AZ62: 0 | BA62: 0 | BB62: 0 | BC62: WRWT25850/WRWT25850 | BD62: 262.82227
A63: 45674 | B63: MK68-000093 | C63: บจก.อินเทคค์ โกลบอล | D63: เฟิร์สคลาส 902 | E63: 20 | F63: 35 | G63: ขาว | H63: ด้าน | I63: 97 | J63: ± | K63: 5 | L63: จับจีบ4" | M63: ไม่สวมถุงใน | N63: 0 | O63: 0 | P63: 0 | Q63: 0 | R63: 0 | S63: มัด80 ใช้สายรัด | T63: รอแจ้ง | U63: 152 | V63: 0 | W63: 152 | X63: 6000 | Y63: 0 | Z63: WSWT2025800SM | AA63: 0 | AB63: 0 | AC63: 0 | AD63: 0 | AE63: 0 | AF63: 5987 | AG63: พร้อมส่ง | AH63: P6 | AI63: 4 | AJ63: รอแจ้ง | AK63: #VALUE! | AL63: #VALUE! | AM63: #VALUE! | AN63: #VALUE! | AO63: #VALUE! | AP63: #VALUE! | AQ63: 0 | AR63: 0 | AS63: 0 | AT63: 0 | AU63: 0 | AV63: 0 | AW63: งานเคลือบ+พิมพ์ | AX63: / | AY63: ลบสี 5040 | AZ63: 0 | BA63: 0 | BB63: 0 | BC63: WRWT25850/WRWT25850 | BD63: 0
A64: 45611 | B64: MK67-001532 | C64: บจก.อินเทคค์ โกลบอล | D64: เฟิร์สช้อย 903 | E64: 20 | F64: 36 | G64: ขาว | H64: ด้าน | I64: 100 | J64: ± | K64: 5 | L64: จับจีบ | M64: ไม่สวมถุงใน | N64: 0 | O64: 0 | P64: 0 | Q64: 0 | R64: 0 | S64: มัด80 ใช้สายรัด | T64: รอแจ้ง | U64: 117 | V64: 0 | W64: 117 | X64: 10065 | Y64: 0 | Z64: WSWT2025800SM | AA64: 0 | AB64: 0 | AC64: 0 | AD64: 0 | AE64: 0 | AF64: 0 | AG64: พร้อมส่ง | AH64: P6 | AI64: 4 | AJ64: รอแจ้ง | AK64: #VALUE! | AL64: #VALUE! | AM64: #VALUE! | AN64: #VALUE! | AO64: #VALUE! | AP64: #VALUE! | AQ64: 0 | AR64: 0 | AS64: 0 | AT64: 0 | AU64: 0 | AV64: 0 | AW64: งานเคลือบ+พิมพ์ | AX64: / | AY64: 0 | AZ64: 0 | BA64: 0 | BB64: 0 | BC64: WRWT25850/WRWT25850 | BD64: 0
A65: 45523 | B65: MK67-001153 | C65: บจก.อินเทคค์ โกลบอล | D65: สุบรรณ 777 | E65: 20 | F65: 36 | G65: ขาว | H65: ด้าน | I65: 100 | J65: ± | K65: 5 | L65: จับจีบ | M65: ไม่สวมถุงใน | N65: 0 | O65: 0 | P65: 0 | Q65: 0 | R65: 0 | S65: มัด80 ใช้สายรัด | T65: รอแจ้ง | U65: 1260 | V65: 0 | W65: 1260 | X65: 11095 | Y65: 0 | Z65: WSWT2025800SM | AA65: 0 | AB65: 0 | AC65: 0 | AD65: 0 | AE65: 0 | AF65: 0 | AG65: พร้อมส่ง | AH65: P6 | AI65: 4 | AJ65: รอแจ้ง | AK65: #VALUE! | AL65: #VALUE! | AM65: #VALUE! | AN65: #VALUE! | AO65: #VALUE! | AP65: #VALUE! | AQ65: 0 | AR65: 0 | AS65: 0 | AT65: 0 | AU65: 0 | AV65: 0 | AW65: งานเคลือบ+พิมพ์ | AX65: / | AY65: 0 | AZ65: 0 | BA65: 0 | BB65: 0 | BC65: WRWT25850/WRWT25850 | BD65: 0
A66: 45523 | B66: MK67-001153 | C66: บจก.อินเทคค์ โกลบอล | D66: สุบรรณ 666 | E66: 20 | F66: 36 | G66: ขาว | H66: ด้าน | I66: 100 | J66: ± | K66: 5 | L66: จับจีบ | M66: ไม่สวมถุงใน | N66: 0 | O66: 0 | P66: 0 | Q66: 0 | R66: 0 | S66: มัด80 ใช้สายรัด | T66: รอแจ้ง | U66: 89 | V66: 0 | W66: 89 | X66: 11180 | Y66: 0 | Z66: WSWT2025800SM | AA66: 0 | AB66: 0 | AC66: 0 | AD66: 0 | AE66: 0 | AF66: 0 | AG66: พร้อมส่ง | AH66: P6 | AI66: 4 | AJ66: รอแจ้ง | AK66: #VALUE! | AL66: #VALUE! | AM66: #VALUE! | AN66: #VALUE! | AO66: #VALUE! | AP66: #VALUE! | AQ66: 0 | AR66: 0 | AS66: 0 | AT66: 0 | AU66: 0 | AV66: 0 | AW66: งานเคลือบ+พิมพ์ | AX66: / | AY66: 0 | AZ66: 0 | BA66: 0 | BB66: 0 | BC66: WRWT25850/WRWT25850 | BD66: 0
A67: 45741 | B67: MK68-000452 | C67: บจก.เอพีเอ็ม อะโกร | D67: วี-ฟีด วี 07 | E67: 20 | F67: 38 | G67: ขาว | H67: ใส | I67: 100 | J67: ± | K67: 5 | L67: บิด | M67: ไม่สวมถุงใน | N67: 0 | O67: 0 | P67: 0 | Q67: 0 | R67: 0 | S67: 500กระสอบแบน | T67: รอส่ง | U67: 4000 | V67: 3857 | W67: 143 | X67: 4200 | Y67: 0 | Z67: WSWT2025800SM | AA67: 0 | AB67: 0 | AC67: 0 | AD67: 0 | AE67: 0 | AF67: 0 | AG67: พร้อมส่ง | AH67: P6 | AI67: 4 | AJ67: รอส่ง | AK67: #VALUE! | AL67: #VALUE! | AM67: #VALUE! | AN67: #VALUE! | AO67: #VALUE! | AP67: #VALUE! | AQ67: 0 | AR67: 0 | AS67: 0 | AT67: 0 | AU67: 0 | AV67: 0 | AW67: งานเคลือบ+พิมพ์ | AX67: / | AY67: มีลบสี | AZ67: 0 | BA67: 0 | BB67: 0 | BC67: WRWT25850/WRWT25850 | BD67: 0
A68: 45720 | B68: ใบรับคำสั่งซื้อ | C68: บจก.เอพีเอ็ม อะโกร | D68: นีโอ พี3(เอส) | E68: 20 | F68: 38 | G68: ขาว | H68: ด้าน | I68: 100 | J68: ± | K68: 5 | L68: บิด | M68: ไม่สวมถุงใน | N68: 0 | O68: 0 | P68: 0 | Q68: 0 | R68: 0 | S68: 500กระสอบแบน | T68: รอส่ง | U68: 4000 | V68: 4010 | W68: 0 | X68: 4470 | Y68: 0 | Z68: WSWT2025800SM | AA68: 0 | AB68: 0 | AC68: 0 | AD68: 0 | AE68: 0 | AF68: 0 | AG68: พร้อมส่ง | AH68: P6 | AI68: 4 | AJ68: รอส่ง | AK68: #VALUE! | AL68: #VALUE! | AM68: #VALUE! | AN68: #VALUE! | AO68: #VALUE! | AP68: #VALUE! | AQ68: 0 | AR68: 0 | AS68: 0 | AT68: 0 | AU68: 0 | AV68: 0 | AW68: งานเคลือบ+พิมพ์ | AX68: / | AY68: 0 | AZ68: 0 | BA68: 0 | BB68: 0 | BC68: WRWT25850/WRWT25850 | BD68: 0
A69: 45720 | B69: ใบรับคำสั่งซื้อ | C69: บจก.เอพีเอ็ม อะโกร | D69: นีโอ พี4(เอส) | E69: 20 | F69: 38 | G69: ขาว | H69: ด้าน | I69: 100 | J69: ± | K69: 5 | L69: บิด | M69: ไม่สวมถุงใน | N69: 0 | O69: 0 | P69: 0 | Q69: 0 | R69: 0 | S69: 500กระสอบแบน | T69: รอส่ง | U69: 3000 | V69: 3065 | W69: 0 | X69: 3300 | Y69: 0 | Z69: WSWT2025800SM | AA69: 0 | AB69: 0 | AC69: 0 | AD69: 0 | AE69: 0 | AF69: 0 | AG69: พร้อมส่ง | AH69: P6 | AI69: 4 | AJ69: รอส่ง | AK69: #VALUE! | AL69: #VALUE! | AM69: #VALUE! | AN69: #VALUE! | AO69: #VALUE! | AP69: #VALUE! | AQ69: 0 | AR69: 0 | AS69: 0 | AT69: 0 | AU69: 0 | AV69: 0 | AW69: งานเคลือบ+พิมพ์ | AX69: / | AY69: 0 | AZ69: 0 | BA69: 0 | BB69: 0 | BC69: WRWT25850/WRWT25850 | BD69: 0
A70: 45541 | B70: MK67-001236 | C70: บจก.เอพีเอ็ม อะโกร | D70: ยูฟีด รวมไก่ วัว | E70: 20 | F70: 40 | G70: ขาว | H70: ด้าน | I70: 108 | J70: ± | K70: 5 | L70: บิด | M70: ไม่สวมถุงใน | N70: 0 | O70: 0 | P70: 0 | Q70: 0 | R70: 0 | S70: 500กระสอบแบน | T70: รอส่ง | U70: 3000 | V70: 3318 | W70: 0 | X70: 0 | Y70: 0 | Z70: WSWT2025800SM | AA70: 0 | AB70: 0 | AC70: 0 | AD70: 0 | AE70: 0 | AF70: ลูกค้าสั่งผิดเอาไปส่งเดือน10 | AG70: รอแบบ | AH70: P6 | AI70: 4 | AJ70: รอส่ง | AK70: #VALUE! | AL70: #VALUE! | AM70: #VALUE! | AN70: #VALUE! | AO70: #VALUE! | AP70: #VALUE! | AQ70: 0 | AR70: 0 | AS70: 0 | AT70: 0 | AU70: 0 | AV70: 0 | AW70: งานเคลือบ+พิมพ์ | AX70: 0 | AY70: ลูกค้าต้องการเคลือบใส แต่เปิดมาเคลือบด้าน | AZ70: 0 | BA70: 0 | BB70: 0 | BC70: WRWT25850/WRWT25850 | BD70: 0
A71: 45581 | B71: MK67-001396 | C71: บจก.เอพีเอ็ม อะโกร | D71: นีโอ พี4 | E71: 20 | F71: 38 | G71: ขาว | H71: ด้าน | I71: 100 | J71: ± | K71: 5 | L71: บิด | M71: ไม่สวมถุงใน | N71: 0 | O71: 0 | P71: 0 | Q71: 0 | R71: 0 | S71: 500กระสอบแบน | T71: รอส่ง | U71: 3000 | V71: 3194 | W71: 0 | X71: 5632 | Y71: 0 | Z71: WSWT2025800SM | AA71: 0 | AB71: 0 | AC71: 0 | AD71: 0 | AE71: 0 | AF71: 0 | AG71: พร้อมส่ง | AH71: P6 | AI71: 4 | AJ71: รอส่ง | AK71: #VALUE! | AL71: #VALUE! | AM71: #VALUE! | AN71: #VALUE! | AO71: #VALUE! | AP71: #VALUE! | AQ71: 0 | AR71: 0 | AS71: 0 | AT71: 0 | AU71: 0 | AV71: 0 | AW71: งานเคลือบ+พิมพ์ | AX71: / | AY71: 0 | AZ71: 0 | BA71: 0 | BB71: 0 | BC71: WRWT25850/WRWT25850 | BD71: 0
A72: 0 | B72: 0 | C72: 0 | D72: 0 | E72: 20 | F72: 38 | G72: 0 | H72: 0 | I72: 84 | J72: ± | K72: 5 | L72: 0 | M72: 0 | N72: 0 | O72: 0 | P72: 0 | Q72: 0 | R72: 0 | S72: 0 | U72: 0 | V72: 0 | W72: 0 | X72: 0 | Y72: 0 | Z72: WSWT2025800SM | AA72: 348042.37 | AB72: 31356.435 | AC72: 316685.93 | AD72: 20449.136 | AE72: 327593.23 | AF72: ระบุในSD | AG72: พร้อมส่ง | AH72: 0 | AI72: Lead time | AJ72: 0 | AK72: 0 | AL72: 0 | AM72: 0 | AN72: 0 | AO72: 0 | AP72: 0 | AQ72: 0 | AR72: 0 | AS72: 0 | AT72: 0 | AU72: 0 | AV72: 0 | AW72: 0 | AX72: 0 | AY72: 0 | AZ72: 0 | BA72: 0 | BB72: 0 | BC72: WRWT25850/WRWT25850 | BD72: 0
A73: ประมาณการ | B73: ประมาณการ | C73: บจก.ซันฟีด | D73: รอแบบ | E73: 20 | F73: 39 | G73: ขาว | H73: 0 | I73: 84 | J73: + | K73: 0 | L73: บิด | M73: ไม่สวมถุงใน | N73: 0 | O73: 0 | P73: 0 | Q73: 0 | R73: 0 | S73: 300กระสอบแบนเต็มใบ | T73: 45868 | U73: 100000 | V73: 0 | W73: 100000 | X73: 0 | Y73: 105000 | Z73: WSWT2025850 | AA73: 113157 | AB73: 7720 | AC73: 105437 | AD73: 0 | AE73: 0 | AF73: 0 | AG73: รอตัด | AH73: P7 | AI73: 2 | AJ73: 45868 | AK73: 0 | AL73: 45859 | AM73: 45866 | AN73: 45867 | AO73: 45867 | AP73: 45863 | AQ73: 0 | AR73: 0 | AS73: 0 | AT73: 0 | AU73: 0 | AV73: 0 | AW73: งานพิมพ์ | AX73: รอART | AY73: 0 | AZ73: 0 | BA73: 0 | BB73: 0 | BC73: WRWT25850/WRWT25800 | BD73: 8306.0926
A74: 0 | B74: 0 | C74: 0 | D74: 0 | E74: 20 | F74: 38 | G74: 0 | H74: 0 | I74: 82 | J74: + | K74: 2 | L74: 0 | M74: 0 | N74: 0 | O74: 0 | P74: 0 | Q74: 0 | R74: 0 | S74: 0 | U74: 0 | V74: 0 | W74: 0 | X74: 0 | Y74: 0 | Z74: WSWT2025850 | AA74: 113157 | AB74: 7720 | AC74: 105437 | AD74: 0 | AE74: 0 | AF74: ระบุในSD | AG74: ยังไม่ได้พิมพ์ | AH74: 0 | AI74: Lead time | AJ74: 0 | AK74: 0 | AL74: 0 | AM74: 0 | AN74: 0 | AO74: 0 | AP74: 0 | AQ74: 0 | AR74: 0 | AS74: 0 | AT74: 0 | AU74: 0 | AV74: 0 | AW74: 0 | AX74: 0 | AY74: 0 | AZ74: 0 | BA74: 0 | BB74: 0 | BC74: WRWT200850/WRWT25800 | BD74: 0
A75: 45825 | B75: MK68-000798 | C75: บจก.อินเทคค์ โกลบอล | D75: เพอเฟคค์ 664 | E75: 20 | F75: 36 | G75: ขาว | H75: 0 | I75: 78 | J75: ± | K75: 5 | L75: จับจีบ4" | M75: ไม่สวมถุงใน | N75: 0 | O75: 0 | P75: 0 | Q75: 0 | R75: 0 | S75: มัด80 ใช้สายรัด | T75: 45843 | U75: 2080 | V75: 0 | W75: 2080 | X75: 52080 | Y75: 0 | Z75: WSWT2025800 | AA75: 0 | AB75: 0 | AC75: 0 | AD75: 0 | AE75: 0 | AF75: ห้ามขาด-ห้ามเกิน | AG75: รอตัด | AH75: P7 | AI75: 2 | AJ75: 45843 | AK75: 0 | AL75: 45834 | AM75: 45841 | AN75: 45842 | AO75: 45842 | AP75: 45838 | AQ75: 0 | AR75: 0 | AS75: 0 | AT75: 0 | AU75: 0 | AV75: 0 | AW75: งานพิมพ์ | AX75: / | AY75: 0 | AZ75: 0 | BA75: 0 | BB75: 0 | BC75: WRWT25800/WRWT25800 | BD75: 0
A76: 45825 | B76: MK68-000798 | C76: บจก.อินเทคค์ โกลบอล | D76: เพอเฟคค์ 664 | E76: 20 | F76: 36 | G76: ขาว | H76: 0 | I76: 78 | J76: ± | K76: 5 | L76: จับจีบ4" | M76: ไม่สวมถุงใน | N76: 0 | O76: 0 | P76: 0 | Q76: 0 | R76: 0 | S76: มัด80 ใช้สายรัด | T76: 45843 | U76: 40000 | V76: 0 | W76: 40000 | X76: 0 | Y76: 42000 | Z76: WSWT2025800 | AA76: 41910 | AB76: 41910 | AC76: 0 | AD76: 0 | AE76: 0 | AF76: ห้ามขาด-ห้ามเกิน | AG76: รอตัด | AH76: P7 | AI76: 2 | AJ76: 45843 | AK76: 0 | AL76: 45834 | AM76: 45841 | AN76: 45842 | AO76: 45842 | AP76: 45838 | AQ76: 0 | AR76: 0 | AS76: 0 | AT76: 0 | AU76: 0 | AV76: 0 | AW76: งานพิมพ์ | AX76: / | AY76: 3/7 5/7 9/7 12/7 | AZ76: 0 | BA76: 0 | BB76: 0 | BC76: WRWT25800/WRWT25800 | BD76: 0
A77: 45825 | B77: MK68-000799 | C77: บจก.อินเทคค์ โกลบอล | D77: เพอเฟคค์ 664HP | E77: 20 | F77: 36 | G77: ขาว | H77: 0 | I77: 78 | J77: ± | K77: 5 | L77: จับจีบ4" | M77: ไม่สวมถุงใน | N77: 0 | O77: 0 | P77: 0 | Q77: 0 | R77: 0 | S77: มัด80 ใช้สายรัด | T77: 45843 | U77: 55307 | V77: 0 | W77: 55307 | X77: 53873 | Y77: 1505.7 | Z77: WSWT2025800 | AA77: 1577.5972 | AB77: 1577.5972 | AC77: 0 | AD77: 0 | AE77: 0 | AF77: ห้ามขาด-ห้ามเกิน | AG77: รอตัด | AH77: P7 | AI77: 2 | AJ77: 45843 | AK77: 0 | AL77: 45834 | AM77: 45841 | AN77: 45842 | AO77: 45842 | AP77: 45838 | AQ77: 0 | AR77: 0 | AS77: 0 | AT77: 0 | AU77: 0 | AV77: 0 | AW77: งานพิมพ์ | AX77: / | AY77: 1/7 5/7 7/7 12/7 14/7 19/7 | AZ77: 0 | BA77: 0 | BB77: 0 | BC77: WRWT25800/WRWT25800 | BD77: 0
A78: 45818 | B78: MK68-000768 | C78: บจก.เบทาโกร | D78: WB ฟาร์ม F931L 30kg | E78: 20 | F78: 37 | G78: ขาว | H78: 0 | I78: 80 | J78: ± | K78: 3 | L78: ไม่ | M78: ไม่สวมถุงใน | N78: 0 | O78: 0 | P78: 0 | Q78: 0 | R78: 0 | S78: 500กระสอบแบน พร้อมระบุชื่อบริษัท รายการสินค้า จำนวนแต่ละแพ็ค | T78: 45847 | U78: 30000 | V78: 0 | W78: 30000 | X78: 31500 | Y78: 0 | Z78: WSWT2025800 | AA78: 0 | AB78: 0 | AC78: 0 | AD78: 0 | AE78: 0 | AF78: ลพบุรี1 | AG78: พร้อมส่ง | AH78: P7 | AI78: 2 | AJ78: 45847 | AK78: 0 | AL78: 45838 | AM78: 45845 | AN78: 45846 | AO78: 45846 | AP78: 45842 | AQ78: 0 | AR78: 0 | AS78: 0 | AT78: 0 | AU78: 0 | AV78: 0 | AW78: งานพิมพ์ | AX78: / | AY78: 0 | AZ78: 0 | BA78: 0 | BB78: 0 | BC78: WRWT25800/WRWT25800 | BD78: 0
A79: 45821 | B79: MK68-000790 | C79: บจก.เบทาโกร | D79: บาลานส์ 945 | E79: 20 | F79: 37 | G79: ขาว | H79: 0 | I79: 80 | J79: ± | K79: 3 | L79: ไม่ | M79: ไม่สวมถุงใน | N79: 0 | O79: 0 | P79: 0 | Q79: 0 | R79: 0 | S79: 500กระสอบแบน พร้อมระบุชื่อบริษัท รายการสินค้า จำนวนแต่ละแพ็ค | T79: 45848 | U79: 5000 | V79: 0 | W79: 5000 | X79: 5500 | Y79: 0 | Z79: WSWT2025800 | AA79: 0 | AB79: 0 | AC79: 0 | AD79: 0 | AE79: 0 | AF79: ลพบุรี3 | AG79: พิมพ์ไม่ครบ | AH79: P7 | AI79: 2 | AJ79: 45848 | AK79: 0 | AL79: 45839 | AM79: 45846 | AN79: 45847 | AO79: 45847 | AP79: 45843 | AQ79: 0 | AR79: 0 | AS79: 0 | AT79: 0 | AU79: 0 | AV79: 0 | AW79: งานพิมพ์ | AX79: / | AY79: 0 | AZ79: 0 | BA79: 0 | BB79: 0 | BC79: WRWT25800/WRWT25800 | BD79: 0
A80: 45821 | B80: MK68-000790 | C80: บจก.เบทาโกร | D80: เบทาโกร 327 | E80: 20 | F80: 37 | G80: ขาว | H80: 0 | I80: 80 | J80: ± | K80: 3 | L80: ไม่ | M80: ไม่สวมถุงใน | N80: 0 | O80: 0 | P80: 0 | Q80: 0 | R80: 0 | S80: 500กระสอบแบน พร้อมระบุชื่อบริษัท รายการสินค้า จำนวนแต่ละแพ็ค | T80: 45848 | U80: 5000 | V80: 0 | W80: 5000 | X80: 5300 | Y80: 0 | Z80: WSWT2025800 | AA80: 0 | AB80: 0 | AC80: 0 | AD80: 0 | AE80: 0 | AF80: ลพบุรี3 | AG80: ยังไม่ได้พิมพ์ | AH80: P7 | AI80: 2 | AJ80: 45848 | AK80: 0 | AL80: 45839 | AM80: 45846 | AN80: 45847 | AO80: 45847 | AP80: 45843 | AQ80: 0 | AR80: 0 | AS80: 0 | AT80: 0 | AU80: 0 | AV80: 0 | AW80: งานพิมพ์ | AX80: / | AY80: 0 | AZ80: 0 | BA80: 0 | BB80: 0 | BC80: WRWT25800/WRWT25800 | BD80: 0
A81: 45818 | B81: MK68-000770 | C81: บจก.เบทาโกร | D81: WB ฟาร์ม F992 30kg LP | E81: 20 | F81: 37 | G81: ขาว | H81: 0 | I81: 80 | J81: ± | K81: 3 | L81: ไม่ | M81: ไม่สวมถุงใน | N81: 0 | O81: 0 | P81: 0 | Q81: 0 | R81: 0 | S81: 500กระสอบแบน พร้อมระบุชื่อบริษัท รายการสินค้า จำนวนแต่ละแพ็ค | T81: 45849 | U81: 5000 | V81: 5072 | W81: 0 | X81: 5435 | Y81: 0 | Z81: WSWT2025800 | AA81: 0 | AB81: 0 | AC81: 0 | AD81: 0 | AE81: 0 | AF81: ลำพูน | AG81: ยังไม่ได้พิมพ์ | AH81: P7 | AI81: 2 | AJ81: 45849 | AK81: 0 | AL81: 45840 | AM81: 45847 | AN81: 45848 | AO81: 45848 | AP81: 45844 | AQ81: 0 | AR81: 0 | AS81: 0 | AT81: 0 | AU81: 0 | AV81: 0 | AW81: งานพิมพ์ | AX81: / | AY81: 0 | AZ81: 0 | BA81: 0 | BB81: 0 | BC81: WRWT25800/WRWT25800 | BD81: 0
A82: 45821 | B82: MK68-000789 | C82: บจก.เบทาโกร | D82: WB ฟาร์ม F992 30kg LR | E82: 20 | F82: 37 | G82: ขาว | H82: 0 | I82: 80 | J82: ± | K82: 3 | L82: ไม่ | M82: ไม่สวมถุงใน | N82: 0 | O82: 0 | P82: 0 | Q82: 0 | R82: 0 | S82: 500กระสอบแบน พร้อมระบุชื่อบริษัท รายการสินค้า จำนวนแต่ละแพ็ค | T82: 45852 | U82: 80000 | V82: 0 | W82: 80000 | X82: 37285 | Y82: 44850.75 | Z82: WSWT2025800 | AA82: 48245.503 | AB82: 22646 | AC82: 25599.503 | AD82: 0 | AE82: 0 | AF82: ลพบุรี3 | AG82: ยังไม่ได้พิมพ์ | AH82: P7 | AI82: 2 | AJ82: 45852 | AK82: 0 | AL82: 45843 | AM82: 45850 | AN82: 45851 | AO82: 45851 | AP82: 45847 | AQ82: 0 | AR82: 0 | AS82: 0 | AT82: 0 | AU82: 0 | AV82: 0 | AW82: งานพิมพ์ | AX82: / | AY82: 0 | AZ82: 0 | BA82: 0 | BB82: 0 | BC82: WRWT25800/WRWT25800 | BD82: 1956.9398
A83: 45818 | B83: MK68-000768 | C83: บจก.เบทาโกร | D83: WB ฟาร์ม F992 30kg LR | E83: 20 | F83: 37 | G83: ขาว | H83: 0 | I83: 80 | J83: ± | K83: 3 | L83: ไม่ | M83: ไม่สวมถุงใน | N83: 0 | O83: 0 | P83: 0 | Q83: 0 | R83: 0 | S83: 500กระสอบแบน พร้อมระบุชื่อบริษัท รายการสินค้า จำนวนแต่ละแพ็ค | T83: 45859 | U83: 50000 | V83: 0 | W83: 50000 | X83: 0 | Y83: 52500 | Z83: WSWT2025800 | AA83: 53784.5 | AB83: 0 | AC83: 53784.5 | AD83: 0 | AE83: 0 | AF83: ลพบุรี1 | AG83: ยังไม่ได้พิมพ์ | AH83: P7 | AI83: 2 | AJ83: 45859 | AK83: 0 | AL83: 45850 | AM83: 45857 | AN83: 45858 | AO83: 45858 | AP83: 45854 | AQ83: 0 | AR83: 0 | AS83: 0 | AT83: 0 | AU83: 0 | AV83: 0 | AW83: งานพิมพ์ | AX83: / | AY83: 0 | AZ83: 0 | BA83: 0 | BB83: 0 | BC83: WRWT25800/WRWT25800 | BD83: 4111.5262
A84: 45818 | B84: MK68-000769 | C84: บจก.เบทาโกร | D84: WB ฟาร์ม F931L 30kg | E84: 20 | F84: 37 | G84: ขาว | H84: 0 | I84: 80 | J84: ± | K84: 3 | L84: ไม่ | M84: ไม่สวมถุงใน | N84: 0 | O84: 0 | P84: 0 | Q84: 0 | R84: 0 | S84: 500กระสอบแบน พร้อมระบุชื่อบริษัท รายการสินค้า จำนวนแต่ละแพ็ค | T84: 45859 | U84: 30000 | V84: 0 | W84: 30000 | X84: 0 | Y84: 31500 | Z84: WSWT2025800 | AA84: 32270.7 | AB84: 0 | AC84: 32270.7 | AD84: 0 | AE84: 0 | AF84: ลพบุรี1 | AG84: ยังไม่ได้พิมพ์ | AH84: P7 | AI84: 2 | AJ84: 45859 | AK84: 0 | AL84: 45850 | AM84: 45857 | AN84: 45858 | AO84: 45858 | AP84: 45854 | AQ84: 0 | AR84: 0 | AS84: 0 | AT84: 0 | AU84: 0 | AV84: 0 | AW84: งานพิมพ์ | AX84: / | AY84: 0 | AZ84: 0 | BA84: 0 | BB84: 0 | BC84: WRWT25800/WRWT25800 | BD84: 2466.9157
A85: 45831 | B85: MK68-000827 | C85: บจก.เบทาโกร | D85: มาสเตอร์ 5556 | E85: 20 | F85: 37 | G85: ขาว | H85: 0 | I85: 80 | J85: ± | K85: 3 | L85: ไม่ | M85: ไม่สวมถุงใน | N85: 0 | O85: 0 | P85: 0 | Q85: 0 | R85: 0 | S85: 500กระสอบแบน พร้อมระบุชื่อบริษัท รายการสินค้า จำนวนแต่ละแพ็ค | T85: 45862 | U85: 5000 | V85: 0 | W85: 5000 | X85: 0 | Y85: 5250 | Z85: WSWT2025800 | AA85: 5378.45 | AB85: 0 | AC85: 5378.45 | AD85: 0 | AE85: 0 | AF85: ลพบุรี3 | AG85: ยังไม่ได้พิมพ์ | AH85: P7 | AI85: 2 | AJ85: 45862 | AK85: 0 | AL85: 45853 | AM85: 45860 | AN85: 45861 | AO85: 45861 | AP85: 45857 | AQ85: 0 | AR85: 0 | AS85: 0 | AT85: 0 | AU85: 0 | AV85: 0 | AW85: งานพิมพ์ | AX85: / | AY85: 0 | AZ85: 0 | BA85: 0 | BB85: 0 | BC85: WRWT25800/WRWT25800 | BD85: 411.15262
A86: 45831 | B86: MK68-000827 | C86: บจก.เบทาโกร | D86: เบทาโกร 405 | E86: 20 | F86: 37 | G86: ขาว | H86: 0 | I86: 80 | J86: ± | K86: 3 | L86: ไม่ | M86: ไม่สวมถุงใน | N86: 0 | O86: 0 | P86: 0 | Q86: 0 | R86: 0 | S86: 500กระสอบแบน พร้อมระบุชื่อบริษัท รายการสินค้า จำนวนแต่ละแพ็ค | T86: 45862 | U86: 40000 | V86: 0 | W86: 40000 | X86: 0 | Y86: 42000 | Z86: WSWT2025800 | AA86: 43027.6 | AB86: 0 | AC86: 43027.6 | AD86: 0 | AE86: 0 | AF86: ลพบุรี3 | AG86: ยังไม่ได้พิมพ์ | AH86: P7 | AI86: 2 | AJ86: 45862 | AK86: 0 | AL86: 45853 | AM86: 45860 | AN86: 45861 | AO86: 45861 | AP86: 45857 | AQ86: 0 | AR86: 0 | AS86: 0 | AT86: 0 | AU86: 0 | AV86: 0 | AW86: งานพิมพ์ | AX86: / | AY86: 0 | AZ86: 0 | BA86: 0 | BB86: 0 | BC86: WRWT25800/WRWT25800 | BD86: 3289.221
A87: 45840 | B87: MK68-000857 | C87: บจก.เบทาโกร | D87: WB ฟาร์ม F914M 30kg.NM | E87: 20 | F87: 37 | G87: ขาว | H87: 0 | I87: 80 | J87: ± | K87: 3 | L87: ไม่ | M87: ไม่สวมถุงใน | N87: 0 | O87: 0 | P87: 0 | Q87: 0 | R87: 0 | S87: 500กระสอบแบน พร้อมระบุชื่อบริษัท รายการสินค้า จำนวนแต่ละแพ็ค | T87: 45875 | U87: 13000 | V87: 0 | W87: 13000 | X87: 0 | Y87: 13650 | Z87: WSWT2025800 | AA87: 13983.97 | AB87: 0 | AC87: 13983.97 | AD87: 0 | AE87: 0 | AF87: หนองบุญมาก | AG87: รอแบบ | AH87: P7 | AI87: 2 | AJ87: 45875 | AK87: 0 | AL87: 45866 | AM87: 45873 | AN87: 45874 | AO87: 45874 | AP87: 45870 | AQ87: 0 | AR87: 0 | AS87: 0 | AT87: 0 | AU87: 0 | AV87: 0 | AW87: งานพิมพ์ | AX87: / | AY87: 0 | AZ87: 0 | BA87: 0 | BB87: 0 | BC87: WRWT25800/WRWT25800 | BD87: 1068.9968
A88: 45834 | B88: MK68-000838 | C88: บจก.เบทาโกร | D88: WB ฟาร์ม F914M 30kg. | E88: 20 | F88: 37 | G88: ขาว | H88: 0 | I88: 80 | J88: ± | K88: 3 | L88: ไม่ | M88: ไม่สวมถุงใน | N88: 0 | O88: 0 | P88: 0 | Q88: 0 | R88: 0 | S88: 500กระสอบ พร้อมระบุชื่อบริษัท รายการสินค้า จำนวนแต่ละแพ็ค | T88: 45897 | U88: 5000 | V88: 0 | W88: 5000 | X88: 0 | Y88: 5250 | Z88: WSWT2025800 | AA88: 5378.45 | AB88: 0 | AC88: 5378.45 | AD88: 0 | AE88: 0 | AF88: พระประแดง | AG88: พร้อมส่ง | AH88: P7 | AI88: 2 | AJ88: 45897 | AK88: 0 | AL88: 45888 | AM88: 45895 | AN88: 45896 | AO88: 45896 | AP88: 45892 | AQ88: 0 | AR88: 0 | AS88: 0 | AT88: 0 | AU88: 0 | AV88: 0 | AW88: งานพิมพ์ | AX88: / | AY88: 0 | AZ88: 0 | BA88: 0 | BB88: 0 | BC88: WRWT25800/WRWT25800 | BD88: 411.15262
A89: 45834 | B89: MK68-000838 | C89: บจก.เบทาโกร | D89: WB ฟาร์ม F911 30kg. | E89: 20 | F89: 37 | G89: ขาว | H89: 0 | I89: 80 | J89: ± | K89: 3 | L89: ไม่ | M89: ไม่สวมถุงใน | N89: 0 | O89: 0 | P89: 0 | Q89: 0 | R89: 0 | S89: 500กระสอบ พร้อมระบุชื่อบริษัท รายการสินค้า จำนวนแต่ละแพ็ค | T89: 45897 | U89: 5000 | V89: 0 | W89: 5000 | X89: 0 | Y89: 5250 | Z89: WSWT2025800 | AA89: 5378.45 | AB89: 0 | AC89: 5378.45 | AD89: 0 | AE89: 0 | AF89: พระประแดง | AG89: พร้อมส่ง | AH89: P7 | AI89: 2 | AJ89: 45897 | AK89: 0 | AL89: 45888 | AM89: 45895 | AN89: 45896 | AO89: 45896 | AP89: 45892 | AQ89: 0 | AR89: 0 | AS89: 0 | AT89: 0 | AU89: 0 | AV89: 0 | AW89: งานพิมพ์ | AX89: / | AY89: 0 | AZ89: 0 | BA89: 0 | BB89: 0 | BC89: WRWT25800/WRWT25800 | BD89: 411.15262
A90: ประมาณการ | B90: ประมาณการ | C90: บจก.อินเทคค์ โกลบอล | D90: รอแบบ | E90: 20 | F90: 36 | G90: ขาว | H90: 0 | I90: 78 | J90: ± | K90: 5 | L90: จับจีบ4" | M90: ไม่สวมถุงใน | N90: 0 | O90: 0 | P90: 0 | Q90: 0 | R90: 0 | S90: มัด80 ใช้สายรัด | T90: 45868 | U90: 55000 | V90: 0 | W90: 55000 | X90: 0 | Y90: 57750 | Z90: WSWT2025800 | AA90: 57626.25 | AB90: 0 | AC90: 57626.25 | AD90: 0 | AE90: 0 | AF90: ห้ามขาด-ห้ามเกิน | AG90: พร้อมส่ง | AH90: P7 | AI90: 2 | AJ90: 45868 | AK90: 0 | AL90: 45859 | AM90: 45866 | AN90: 45867 | AO90: 45867 | AP90: 45863 | AQ90: 0 | AR90: 0 | AS90: 0 | AT90: 0 | AU90: 0 | AV90: 0 | AW90: งานพิมพ์ | AX90: / | AY90: 0 | AZ90: 0 | BA90: 0 | BB90: 0 | BC90: WRWT25800/WRWT25800 | BD90: 4405.2067
A91: 0 | B91: 0 | C91: 0 | D91: 0 | E91: 20 | F91: 37 | G91: 0 | H91: 0 | I91: 80 | J91: ± | K91: 3 | L91: 0 | M91: 0 | N91: 0 | O91: 0 | P91: 0 | Q91: 0 | R91: 0 | S91: 0 | U91: 0 | V91: 0 | W91: 0 | X91: 0 | Y91: 0 | Z91: WSWT2025800 | AA91: 308561.47 | AB91: 66133.597 | AC91: 242427.87 | AD91: 0 | AE91: 0 | AF91: ระบุในSD | AG91: พร้อมส่ง | AH91: 0 | AI91: Lead time | AJ91: 0 | AK91: 0 | AL91: 0 | AM91: 0 | AN91: 0 | AO91: 0 | AP91: 0 | AQ91: 0 | AR91: 0 | AS91: 0 | AT91: 0 | AU91: 0 | AV91: 0 | AW91: 0 | AX91: 0 | AY91: 0 | AZ91: 0 | BA91: 0 | BB91: 0 | BC91: WRWT25800/WRWT25800 | BD91: 0
A92: 45841 | B92: MK68-000860 | C92: บจก.หนองบัวฟีดมิลล์ | D92: ไม่พิมพ์ | E92: 21 | F92: 38 | G92: ขาว | H92: 0 | I92: 69 | J92: ± | K92: 5 | L92: ไม่ | M92: 22 | N92: 41 | O92: 40 | P92: 111.26584 | Q92: 0 | R92: 111.26584 | S92: 500กระสอบ | T92: 45843 | U92: 5000 | V92: 0 | W92: 5000 | X92: 0 | Y92: 0 | Z92: WSWT2125650 | AA92: 5518.15 | AB92: 5518.15 | AC92: 0 | AD92: 0 | AE92: 0 | AF92: 0 | AG92: ยังไม่ได้พิมพ์ | AH92: P13 | AI92: 2 | AJ92: 45843 | AK92: 0 | AL92: 0 | AM92: 0 | AN92: 0 | AO92: 45841 | AP92: 45838 | AQ92: 45842 | AR92: 0 | AS92: 0 | AT92: 0 | AU92: 0 | AV92: 0 | AW92: ตัด | AX92: 0 | AY92: 0 | AZ92: 0 | BA92: 0 | BB92: 0 | BC92: WRWT25650/WRWT25650 | BD92: 0
A93: 45841 | B93: MK68-000860 | C93: บจก.หนองบัวฟีดมิลล์ | D93: ไม่พิมพ์ | E93: 21 | F93: 38 | G93: ขาว | H93: 0 | I93: 69 | J93: ± | K93: 5 | L93: ไม่ | M93: 22 | N93: 41 | O93: 40 | P93: 556.32921 | Q93: 0 | R93: 556.32921 | S93: 500กระสอบ | T93: 45852 | U93: 25000 | V93: 0 | W93: 25000 | X93: 0 | Y93: 0 | Z93: WSWT2125650 | AA93: 27590.75 | AB93: 6394 | AC93: 21196.75 | AD93: 0 | AE93: 0 | AF93: 0 | AG93: พร้อมส่ง | AH93: P13 | AI93: 2 | AJ93: 45852 | AK93: 0 | AL93: 0 | AM93: 0 | AN93: 0 | AO93: 45850 | AP93: 45847 | AQ93: 45851 | AR93: 0 | AS93: 0 | AT93: 0 | AU93: 0 | AV93: 0 | AW93: ตัด | AX93: 0 | AY93: 0 | AZ93: 0 | BA93: 0 | BB93: 0 | BC93: WRWT25650/WRWT25650 | BD93: 1446.6782
A94: ประมาณการ | B94: ประมาณการ | C94: บจก.หนองบัวฟีดมิลล์ | D94: ไม่พิมพ์ | E94: 21 | F94: 38 | G94: ขาว | H94: 0 | I94: 69 | J94: ± | K94: 5 | L94: ไม่ | M94: ไม่สวมถุงใน | N94: 0 | O94: 0 | P94: 0 | Q94: 0 | R94: 0 | S94: 500กระสอบ | T94: 45868 | U94: 15000 | V94: 0 | W94: 15000 | X94: 0 | Y94: 0 | Z94: WSWT2125650 | AA94: 16554.45 | AB94: 0 | AC94: 16554.45 | AD94: 0 | AE94: 0 | AF94: 0 | AG94: พร้อมส่ง | AH94: P3 | AI94: 1 | AJ94: 45868 | AK94: 0 | AL94: 0 | AM94: 0 | AN94: 0 | AO94: 45867 | AP94: 45863 | AQ94: 0 | AR94: 0 | AS94: 0 | AT94: 0 | AU94: 0 | AV94: 0 | AW94: ตัด | AX94: 0 | AY94: 0 | AZ94: 0 | BA94: 0 | BB94: 0 | BC94: WRWT25650/WRWT25650 | BD94: 1129.8412
A95: 45842 | B95: MK68-000865 | C95: บจก.ไลม์มาสเตอร์ | D95: LMC 20 kg | E95: 21 | F95: 34 | G95: ขาว | H95: 0 | I95: 60 | J95: ± | K95: 5 | L95: ไม่ | M95: 22 | N95: 36 | O95: 40 | P95: 195.39367 | Q95: 0 | R95: 195.39367 | S95: 500กระสอบ | T95: 45852 | U95: 10000 | V95: 0 | W95: 10000 | X95: 0 | Y95: 10500 | Z95: WSWT2125650 | AA95: 9918.7 | AB95: 9918.7 | AC95: 0 | AD95: 0 | AE95: 0 | AF95: 0 | AG95: ยังไม่ได้พิมพ์ | AH95: P9 | AI95: 3 | AJ95: 45852 | AK95: 0 | AL95: 45842 | AM95: 45849 | AN95: 45850 | AO95: 45850 | AP95: 45847 | AQ95: 45851 | AR95: 0 | AS95: 0 | AT95: 0 | AU95: 0 | AV95: 0 | AW95: งานพิมพ์ | AX95: รอART | AY95: 0 | AZ95: 0 | BA95: 0 | BB95: 0 | BC95: WRWT25650/WRWT25650 | BD95: 0
A96: 0 | B96: 0 | C96: 0 | D96: 0 | E96: 21 | F96: 37 | G96: ขาว | H96: 0 | I96: 67 | J96: ± | K96: 5 | L96: 0 | M96: 0 | N96: 0 | O96: 0 | P96: 0 | Q96: 0 | R96: 0 | S96: 0 | U96: 0 | V96: 0 | W96: 0 | X96: 0 | Y96: 0 | Z96: WSWT2125650 | AA96: 59582.05 | AB96: 21830.85 | AC96: 37751.2 | AD96: 0 | AE96: 0 | AF96: ระบุในSD | AG96: พร้อมส่ง | AH96: 0 | AI96: Lead time | AJ96: 0 | AK96: 0 | AL96: 0 | AM96: 0 | AN96: 0 | AO96: 0 | AP96: 0 | AQ96: 0 | AR96: 0 | AS96: 0 | AT96: 0 | AU96: 0 | AV96: 0 | AW96: 0 | AX96: 0 | AY96: 0 | AZ96: 0 | BA96: 0 | BB96: 0 | BC96: WRWT25650/WRWT25650 | BD96: 0
A97: 45841 | B97: MK68-000859 | C97: ร้านสมคิดพันธุ์ข้าว | D97: ทองทั้งทุ่ง | E97: 21 | F97: 34 | G97: ขาว | H97: 0 | I97: 76 | J97: ± | K97: 5 | L97: บิด | M97: ไม่สวมถุงใน | N97: 0 | O97: 0 | P97: 0 | Q97: 0 | R97: 0 | S97: 500กระสอบ | T97: 45847 | U97: 6000 | V97: 0 | W97: 6000 | X97: 0 | Y97: 6300 | Z97: WSWT2125800 | AA97: 5951.22 | AB97: 5951.22 | AC97: 0 | AD97: 0 | AE97: 0 | AF97: 0 | AG97: รอตัด | AH97: P7 | AI97: 2 | AJ97: 45847 | AK97: 0 | AL97: 45838 | AM97: 45845 | AN97: 45846 | AO97: 45846 | AP97: 45842 | AQ97: 0 | AR97: 0 | AS97: 0 | AT97: 0 | AU97: 0 | AV97: 0 | AW97: งานพิมพ์ | AX97: รอART | AY97: 0 | AZ97: 0 | BA97: 0 | BB97: 0 | BC97: WRWT25800/WRWT25800 | BD97: 0
A98: 0 | B98: 0 | C98: 0 | D98: 0 | E98: 21 | F98: 37 | G98: ขาว | H98: 0 | I98: 83 | J98: ± | K98: 5 | L98: 0 | M98: 0 | N98: 0 | O98: 0 | P98: 0 | Q98: 0 | R98: 0 | S98: 0 | U98: 0 | V98: 0 | W98: 0 | X98: 0 | Y98: 0 | Z98: WSWT2125800 | AA98: 5951.22 | AB98: 5951.22 | AC98: 0 | AD98: 0 | AE98: 0 | AF98: ระบุในSD | AG98: รอตัด | AH98: 0 | AI98: 0 | AJ98: 0 | AK98: 0 | AL98: 0 | AM98: 0 | AN98: 0 | AO98: 0 | AP98: 0 | AQ98: 0 | AR98: 0 | AS98: 0 | AT98: 0 | AU98: 0 | AV98: 0 | AW98: 0 | AX98: 0 | AY98: 0 | AZ98: 0 | BA98: 0 | BB98: 0 | BC98: WRWT210800/WRWT25800 | BD98: 0
A99: 45831 | B99: MK68-000828 | C99: บจก.หนองบัวฟีดมิลล์ | D99: นิค103B | E99: 21 | F99: 37 | G99: ขาว | H99: ใส | I99: 100 | J99: ± | K99: 5 | L99: บิด | M99: 22 | N99: 40 | O99: 40 | P99: 108.55204 | Q99: 0 | R99: 108.55204 | S99: 500กระสอบ | T99: 45842 | U99: 5000 | V99: 0 | W99: 5000 | X99: 5400 | Y99: 0 | Z99: WSWT2121670SM | AA99: 0 | AB99: 0 | AC99: 0 | AD99: 0 | AE99: 0 | AF99: 0 | AG99: รอตัด | AH99: P8 | AI99: 4 | AJ99: 45842 | AK99: 45838 | AL99: 45832 | AM99: 45839 | AN99: 45840 | AO99: 45840 | AP99: 45837 | AQ99: 45841 | AR99: 0 | AS99: 0 | AT99: 0 | AU99: 0 | AV99: 0 | AW99: งานเคลือบ+พิมพ์ | AX99: / | AY99: 0 | AZ99: 0 | BA99: 0 | BB99: 0 | BC99: WRWT21670/WRWT21670 | BD99: 0
A100: 45839 | B100: MK68-000850 | C100: บจก.เอพีเอ็ม อะโกร | D100: โมโม่ 402 | E100: 21 | F100: 38 | G100: ขาว | H100: ใส | I100: 100 | J100: ± | K100: 5 | L100: จับจีบ | M100: 22 | N100: 40 | O100: 40 | P100: 108.55204 | Q100: 0 | R100: 108.55204 | S100: 500กระสอบแบน | T100: 45845 | U100: 5000 | V100: 0 | W100: 5000 | X100: 5400 | Y100: 0 | Z100: WSWT2121670SM | AA100: 0 | AB100: 0 | AC100: 0 | AD100: 0 | AE100: 0 | AF100: 0 | AG100: ยังไม่ได้พิมพ์ | AH100: P8 | AI100: 4 | AJ100: 45845 | AK100: 45841 | AL100: 45835 | AM100: 45842 | AN100: 45843 | AO100: 45843 | AP100: 45840 | AQ100: 45844 | AR100: 0 | AS100: 0 | AT100: 0 | AU100: 0 | AV100: 0 | AW100: งานเคลือบ+พิมพ์ | AX100: / | AY100: 0 | AZ100: 0 | BA100: 0 | BB100: 0 | BC100: WRWT21670/WRWT21670 | BD100: 0
A101: 45826 | B101: MK68-000804 | C101: บจก.เอพีเอ็ม อะโกร | D101: ฟีล กู๊ด 802 | E101: 21 | F101: 38 | G101: ขาว | H101: ใส | I101: 102 | J101: ± | K101: 5 | L101: บิด | M101: 22 | N101: 40 | O101: 40 | P101: 21.710408 | Q101: 0 | R101: 21.710408 | S101: 500กระสอบแบน | T101: 45847 | U101: 1000 | V101: 0 | W101: 1000 | X101: 8250 | Y101: 0 | Z101: WSWT2121670SM | AA101: 0 | AB101: 0 | AC101: 0 | AD101: 0 | AE101: 0 | AF101: 0 | AG101: รอตัด | AH101: P8 | AI101: 4 | AJ101: 45847 | AK101: 45843 | AL101: 45837 | AM101: 45844 | AN101: 45845 | AO101: 45845 | AP101: 45842 | AQ101: 45846 | AR101: 0 | AS101: 0 | AT101: 0 | AU101: 0 | AV101: 0 | AW101: งานเคลือบ+พิมพ์ | AX101: / | AY101: 0 | AZ101: 0 | BA101: 0 | BB101: 0 | BC101: WRWT21670/WRWT21670 | BD101: 0
...

Sheet 3-7-68.1
B2: เรียงกำหนดส่ง | D2: ลบ 0 | T2: เรียง 1
B3: ข้อมูลUpdate ณ. วันที่ | D3: 45841 | E3: เวลา | G3: 9.57
A4: วันรับออร์เดอร์/แบบ | B4: เลขที่ SO | C4: ชื่อลูกค้า | E4: 10.3 | I4: น้ำหนัก | L4: บิด/จับจีบ | M4: ถุงใน | Q4: 44873 | S4: วิธีบรรจุ | T4: วันส่ง | U4: จำนวนส่ง | V4: ตัดเย็บ (ใบ) | W4: 44873 | X4: พิมพ์ (ใบ) | Y4: 44876 | Z4: ผ้าทอ (เมตร) Updateณ | AB4: 44876 | AD4: ผ้าเคลือบ(เมตร) | AF4: หมายเหตุ | AG4: เครื่อง
B5: เลขที่ SO | C5: ชื่อลูกค้า | D5: ตรา | E5: กว้าง | F5: ยาว | G5: สี | H5: เคลือบ | I5: กรัม/ใบ | J5: * | K5: aw | L5: บิด/จับจีบ | M5: กว้าง | N5: ยาว | O5: หนา | P5: ใช้(กก.) | Q5: Stock(กก.) | R5: ผลิต(กก.) | S5: วิธีบรรจุ | T5: วันส่ง | U5: จำนวนส่ง | V5: StockFG | W5: ค้างตัด | X5: พิมพ์แล้ว | Y5: ค้างพิมพ์ | Z5: ประเภท | AA5: ใช้ | AB5: Stock | AC5: ค้างทอ | AD5: Stock | AE5: ค้างเคลือบ | AF5: หมายเหตุ | AG5: ที่พิมพ์ได้ | AH5: process | AI5: Lead time | AJ5: วันที่ส่งPL | AK5: เคลือบ | AL5: ได้ ART | AM5: พิมพ์ | AN5: จีบ-บิด | AO5: ตัด-เย็บ | AP5: ทอ | AQ5: สวมถุง | AR5: เย็บปาก | AS5: PT | AT5: ม้วน | AU5: ตัด | AV5: ตอกตาไก่ | AW5: GROUP | AX5: ART | AY5: หมายเหตุปัญหา | AZ5: ราคา/ใบ | BA5: ราคารวม | BB5: workweek | BC5: เส้นเทป | BD5: จำนวน
A6: 45833 | B6: MK68-000834 | C6: บจก.น้ำตาลทิพย์สุโขทัย | D6: ไม่พิมพ์ | E6: 14 | F6: 20 | G6: ขาว | H6: 0 | I6: 32 | J6: ± | K6: 5 | L6: ไม่ | M6: 15 | N6: 22 | O6: 40 | P6: 48.848418 | Q6: 0 | R6: 48.848418 | S6: 500กระสอบแบน | T6: 45848 | U6: 6000 | V6: 0 | W6: 6000 | X6: 0 | Y6: 0 | Z6: WSWT1425800 | AA6: 3604.26 | AB6: 3604.26 | AC6: 0 | AD6: 0 | AE6: 0 | AF6: 0 | AG6: ยังไม่ได้พิมพ์ | AH6: P13 | AI6: 2 | AJ6: 45848 | AK6: 0 | AL6: 0 | AM6: 0 | AN6: 0 | AO6: 45846 | AP6: 45843 | AQ6: 45847 | AR6: 0 | AS6: 0 | AT6: 0 | AU6: 0 | AV6: 0 | AW6: ตัด | AX6: 0 | AY6: 0 | AZ6: 0 | BA6: 0 | BB6: 0 | BC6: WRWT25800/WRWT25800 | BD6: 0
A7: 0 | B7: 0 | C7: 0 | D7: 0 | E7: 14 | F7: 22 | G7: ขาว | H7: 0 | I7: 36 | J7: ± | K7: 5 | L7: 0 | M7: 0 | N7: 0 | O7: 0 | P7: 0 | Q7: 0 | R7: 0 | S7: 0 | U7: 0 | V7: 0 | W7: 0 | X7: 0 | Y7: 0 | Z7: WSWT1425800 | AA7: 3604.26 | AB7: 3604.26 | AC7: 0 | AD7: 0 | AE7: 0 | AF7: ระบุในSD | AG7: พร้อมส่ง | AH7: 0 | AI7: Lead time | AJ7: 0 | AK7: 0 | AL7: 0 | AM7: 0 | AN7: 0 | AO7: 0 | AP7: 0 | AQ7: 0 | AR7: 0 | AS7: 0 | AT7: 0 | AU7: 0 | AV7: 0 | AW7: 0 | AX7: 0 | AY7: 0 | AZ7: 0 | BA7: 0 | BB7: 0 | BC7: WRWT140800/WRWT25800 | BD7: 0
A8: ประมาณการ | B8: ประมาณการ | C8: พีมินเนอร์ | D8: พี-มินเนอร์ นิวพลัส | E8: 16 | F8: 28 | G8: ขาว | H8: ใส | I8: 56 | J8: ± | K8: 5 | L8: บิด | M8: 19 | N8: 31 | O8: 40 | P8: 72.655855 | Q8: 0 | R8: 72.655855 | S8: 500กระสอบ | T8: รอแจ้ง | U8: 5000 | V8: 0 | W8: 5000 | X8: 0 | Y8: 5250 | Z8: WSWT1625800SM | AA8: 4121.15 | AB8: 3175 | AC8: 946.15 | AD8: 3175 | AE8: 946.15 | AF8: 0 | AG8: พร้อมส่ง | AH8: P8 | AI8: 4 | AJ8: รอแจ้ง | AK8: #VALUE! | AL8: #VALUE! | AM8: #VALUE! | AN8: #VALUE! | AO8: #VALUE! | AP8: #VALUE! | AQ8: #VALUE! | AR8: 0 | AS8: 0 | AT8: 0 | AU8: 0 | AV8: 0 | AW8: งานเคลือบ+พิมพ์ | AX8: รอART | AY8: 0 | AZ8: 0 | BA8: 0 | BB8: 0 | BC8: WRWT25800/WRWT25800 | BD8: 53.825422
A9: ประมาณการ | B9: ประมาณการ | C9: บจก.ซัน ซีเมนต์ โพรเซส | D9: พระอาทิตย์(ปูนนอน-ชริงค์) | E9: 16 | F9: 25 | G9: ขาว | H9: ใส | I9: 50 | J9: ± | K9: 5 | L9: บิด | M9: 19 | N9: 28 | O9: 40 | P9: 65.624643 | Q9: 0 | R9: 65.624643 | S9: 500กระสอบ | T9: รอแจ้ง | U9: 5000 | V9: 0 | W9: 5000 | X9: 0 | Y9: 5250 | Z9: WSWT1625800SM | AA9: 3702.05 | AB9: 0 | AC9: 3702.05 | AD9: 0 | AE9: 3702.05 | AF9: 0 | AG9: พร้อมส่ง | AH9: P8 | AI9: 4 | AJ9: รอแจ้ง | AK9: #VALUE! | AL9: #VALUE! | AM9: #VALUE! | AN9: #VALUE! | AO9: #VALUE! | AP9: #VALUE! | AQ9: #VALUE! | AR9: 0 | AS9: 0 | AT9: 0 | AU9: 0 | AV9: 0 | AW9: งานเคลือบ+พิมพ์ | AX9: รอART | AY9: 0 | AZ9: 0 | BA9: 0 | BB9: 0 | BC9: WRWT25800/WRWT25800 | BD9: 210.60551
A10: 0 | B10: 0 | C10: 0 | E10: 16 | F10: 25 | G10: ขาว | H10: 0 | I10: 45 | J10: ± | K10: 5 | L10: 0 | M10: 0 | N10: 0 | O10: 0 | P10: 0 | Q10: 0 | R10: 0 | S10: 0 | U10: 0 | V10: 0 | W10: 0 | X10: 0 | Y10: 0 | Z10: WSWT1625800SM | AA10: 7823.2 | AB10: 3175 | AC10: 4648.2 | AD10: 3175 | AE10: 4648.2 | AF10: ระบุในSD | AG10: พร้อมส่ง | AH10: 0 | AI10: Lead time | AJ10: 0 | AK10: 0 | AL10: 0 | AM10: 0 | AN10: 0 | AO10: 0 | AP10: 0 | AQ10: 0 | AR10: 0 | AS10: 0 | AT10: 0 | AU10: 0 | AV10: 0 | AW10: 0 | AX10: 0 | AY10: 0 | AZ10: 0 | BA10: 0 | BB10: 0 | BC10: WRWT160800/WRWT25800 | BD10: 0
A11: ประมาณการ | B11: ประมาณการ | C11: บจก.ฟาร์เธอร์ส วิง ซัพพลาย | D11: รถไฟ | E11: 18 | F11: 30 | G11: ขาว | H11: 0 | I11: 54 | J11: ± | K11: 5 | L11: บิด | M11: 19 | N11: 33 | O11: 40 | P11: 232.02999 | Q11: 0 | R11: 232.02999 | S11: 500กระสอบ | T11: 45868 | U11: 15000 | V11: 0 | W11: 15000 | X11: 0 | Y11: 15750 | Z11: WSWT1825800 | AA11: 13201.65 | AB11: 6301 | AC11: 6900.65 | AD11: 0 | AE11: 0 | AF11: 0 | AG11: พร้อมส่ง | AH11: P9 | AI11: 3 | AJ11: 45868 | AK11: 0 | AL11: 45858 | AM11: 45865 | AN11: 45866 | AO11: 45866 | AP11: 45863 | AQ11: 45867 | AR11: 0 | AS11: 0 | AT11: 0 | AU11: 0 | AV11: 0 | AW11: งานพิมพ์ | AX11: รอART | AY11: 0 | AZ11: 0 | BA11: 0 | BB11: 0 | BC11: WRWT25800/WRWT25800 | BD11: 474.76472
A12: 0 | B12: 0 | E12: 18 | F12: 30 | G12: ขาว | H12: 0 | I12: 54 | J12: ± | K12: 5 | L12: 0 | M12: 0 | N12: 0 | O12: 0 | P12: 0 | Q12: 0 | R12: 0 | S12: 0 | U12: 0 | V12: 0 | W12: 0 | X12: 0 | Y12: 0 | Z12: WSWT1825800 | AA12: 13201.65 | AB12: 6301 | AC12: 6900.65 | AD12: 0 | AE12: 0 | AF12: ระบุในSD | AG12: ยังไม่ได้พิมพ์ | AH12: 0 | AI12: Lead time | AJ12: 0 | AK12: 0 | AL12: 0 | AM12: 0 | AN12: 0 | AO12: 0 | AP12: 0 | AQ12: 0 | AR12: 0 | AS12: 0 | AT12: 0 | AU12: 0 | AV12: 0 | AW12: 0 | AX12: 0 | AY12: 0 | AZ12: 0 | BA12: 0 | BB12: 0 | BC12: WRWT25800/WRWT25800 | BD12: 0
A13: 45831 | B13: MK68-000830 | C13: บจก.2เอ็ม อโกร เท็ค | D13: เลิฟซอยล์26-6-6 | E13: 18 | F13: 30 | G13: ขาว | H13: ใส | I13: 74 | J13: ± | K13: 5 | L13: บิด | M13: 19 | N13: 33 | O13: 70 | P13: 135.35083 | Q13: 0 | R13: 135.35083 | S13: 500กระสอบ | T13: 45846 | U13: 5000 | V13: 0 | W13: 5000 | X13: 0 | Y13: 5250 | Z13: WSWT1825800SM | AA13: 4400.55 | AB13: 4400.55 | AC13: 0 | AD13: 0 | AE13: 4400.55 | AF13: ขาด-เกินได้5% | AG13: ยังไม่ได้พิมพ์ | AH13: P8 | AI13: 4 | AJ13: 45846 | AK13: 45842 | AL13: 45836 | AM13: 45843 | AN13: 45844 | AO13: 45844 | AP13: 45841 | AQ13: 45845 | AR13: 0 | AS13: 0 | AT13: 0 | AU13: 0 | AV13: 0 | AW13: งานเคลือบ+พิมพ์ | AX13: รอART | AY13: 0 | AZ13: 0 | BA13: 0 | BB13: 0 | BC13: WRWT25800/WRWT25800 | BD13: 0
A14: 0 | B14: 0 | C14: 0 | E14: 18 | F14: 25 | G14: ขาว | H14: 0 | I14: 50 | J14: ± | K14: 5 | L14: 0 | M14: 0 | N14: 0 | O14: 0 | P14: 0 | Q14: 0 | R14: 0 | S14: 0 | U14: 0 | V14: 0 | W14: 0 | X14: 0 | Y14: 0 | Z14: WSWT1825800SM | AA14: 4400.55 | AB14: 4400.55 | AC14: 0 | AD14: 0 | AE14: 4400.55 | AF14: ระบุในSD | AG14: รอแบบ | AH14: 0 | AI14: Lead time | AJ14: 0 | AK14: 0 | AL14: 0 | AM14: 0 | AN14: 0 | AO14: 0 | AP14: 0 | AQ14: 0 | AR14: 0 | AS14: 0 | AT14: 0 | AU14: 0 | AV14: 0 | AW14: 0 | AX14: 0 | AY14: 0 | AZ14: 0 | BA14: 0 | BB14: 0 | BC14: WRWT180800/WRWT25800 | BD14: 0
A15: 45827 | B15: MK68-000811 | C15: บจก.เพรซิเดนท์ฟลาวมิลล์ | D15: ผึ้งเหลือง | E15: 19 | F15: 30 | G15: ขาว | H15: 0 | I15: 60 | J15: ± | K15: 5 | L15: บิด | M15: ไม่สวมถุงใน | N15: 0 | O15: 0 | P15: 0 | Q15: 0 | R15: 0 | S15: 500กระสอบแบน | T15: 45847 | U15: 50000 | V15: 2236 | W15: 47764 | X15: 0 | Y15: 50152.2 | Z15: WSWT1925800 | AA15: 42037.574 | AB15: 39044 | AC15: 2993.574 | AD15: 0 | AE15: 0 | AF15: 0 | AG15: รอแบบ | AH15: P7 | AI15: 2 | AJ15: 45847 | AK15: 0 | AL15: 45838 | AM15: 45845 | AN15: 45846 | AO15: 45846 | AP15: 45842 | AQ15: 0 | AR15: 0 | AS15: 0 | AT15: 0 | AU15: 0 | AV15: 0 | AW15: งานพิมพ์ | AX15: / | AY15: เย็น8/7 | AZ15: 0 | BA15: 0 | BB15: 0 | BC15: WRWT25800/WRWT25800 | BD15: 217.4
A16: 45827 | B16: MK68-000812 | C16: บจก.เพรซิเดนท์ฟลาวมิลล์ | D16: ผึ้งชมพู | E16: 19 | F16: 30 | G16: ขาว | H16: 0 | I16: 60 | J16: ± | K16: 5 | L16: บิด | M16: ไม่สวมถุงใน | N16: 0 | O16: 0 | P16: 0 | Q16: 0 | R16: 0 | S16: 500กระสอบแบน | T16: 45855 | U16: 20000 | V16: 314 | W16: 19686 | X16: 0 | Y16: 20670.3 | Z16: WSWT1925800 | AA16: 17325.845 | AB16: 0 | AC16: 17325.845 | AD16: 0 | AE16: 0 | AF16: 0 | AG16: ยังไม่ได้พิมพ์ | AH16: P7 | AI16: 2 | AJ16: 45855 | AK16: 0 | AL16: 45846 | AM16: 45853 | AN16: 45854 | AO16: 45854 | AP16: 45850 | AQ16: 0 | AR16: 0 | AS16: 0 | AT16: 0 | AU16: 0 | AV16: 0 | AW16: งานพิมพ์ | AX16: / | AY16: เย็น16/7 | AZ16: 0 | BA16: 0 | BB16: 0 | BC16: WRWT25800/WRWT25800 | BD16: 1258.2414
A17: ประมาณการ | B17: ประมาณการ | C17: บจก.ซีแมน | D17: รอแบบ | E17: 19 | F17: 28 | G17: ขาว | H17: 0 | I17: 56 | J17: ± | K17: 5 | L17: ไม่ | M17: 20 | N17: 30 | O17: 90 | P17: 1998.3444 | Q17: 0 | R17: 1998.3444 | S17: มัด100 | T17: 45868 | U17: 60000 | V17: 0 | W17: 60000 | X17: 0 | Y17: 63000 | Z17: WSWT1925800 | AA17: 49453.8 | AB17: 0 | AC17: 49453.8 | AD17: 0 | AE17: 0 | AF17: 0 | AG17: พร้อมส่ง | AH17: P9 | AI17: 3 | AJ17: 45868 | AK17: 0 | AL17: 45858 | AM17: 45865 | AN17: 45866 | AO17: 45866 | AP17: 45863 | AQ17: 45867 | AR17: 0 | AS17: 0 | AT17: 0 | AU17: 0 | AV17: 0 | AW17: งานพิมพ์ | AX17: รอART | AY17: 0 | AZ17: 0 | BA17: 0 | BB17: 0 | BC17: WRWT25800/WRWT25800 | BD17: 3591.4449
A18: ประมาณการ | B18: ประมาณการ | C18: บจก.เอ็กเซลเล้นท์ | D18: รอแบบ | E18: 19 | F18: 30 | G18: ขาว | H18: 0 | I18: 60 | J18: ± | K18: 5 | L18: บิด | M18: ไม่สวมถุงใน | N18: 0 | O18: 0 | P18: 0 | Q18: 0 | R18: 0 | S18: 500กระสอบ | T18: 45868 | U18: 40000 | V18: 0 | W18: 40000 | X18: 0 | Y18: 42000 | Z18: WSWT1925800 | AA18: 35204.4 | AB18: 0 | AC18: 35204.4 | AD18: 0 | AE18: 0 | AF18: 0 | AG18: รอตัด | AH18: P7 | AI18: 2 | AJ18: 45868 | AK18: 0 | AL18: 45859 | AM18: 45866 | AN18: 45867 | AO18: 45867 | AP18: 45863 | AQ18: 0 | AR18: 0 | AS18: 0 | AT18: 0 | AU18: 0 | AV18: 0 | AW18: งานพิมพ์ | AX18: รอART | AY18: 0 | AZ18: 0 | BA18: 0 | BB18: 0 | BC18: WRWT25800/WRWT25800 | BD18: 2556.6218
