Workbook

Sheet Linkสูตรออร์เดอร์  (2)
B2: เรียงกำหนดส่ง | D2: ลบ 0 | T2: เรียง 1
B3: ข้อมูลUpdate ณ. วันที่ | D3: 45867 | E3: เวลา | G3: 9.13
A4: วันรับออร์เดอร์/แบบ | B4: เลขที่ SO | C4: ชื่อลูกค้า | E4: 10.3 | I4: น้ำหนัก | L4: บิด/จับจีบ | M4: ถุงใน | Q4: =[1]หน้าผ้า!$AC$13 -> 44873 | S4: วิธีบรรจุ | T4: วันส่ง | U4: จำนวนส่ง | V4: ตัดเย็บ (ใบ) | W4: =[1]หน้าผ้า!$AJ$13 -> 44873 | X4: พิมพ์ (ใบ) | Y4: =[1]หน้าผ้า!$AM$13 -> 44876 | Z4: ผ้าทอ (เมตร) Updateณ | AB4: =[1]หน้าผ้า!$AR$12 -> 44876 | AD4: ผ้าเคลือบ(เมตร) | AF4: หมายเหตุ | AG4: เครื่อง
B5: เลขที่ SO | C5: ชื่อลูกค้า | D5: ตรา | E5: กว้าง | F5: ยาว | G5: สี | H5: เคลือบ | I5: กรัม/ใบ | J5: * | K5: aw | L5: บิด/จับจีบ | M5: กว้าง | N5: ยาว | O5: หนา | P5: ใช้(กก.) | Q5: Stock(กก.) | R5: ผลิต(กก.) | S5: วิธีบรรจุ | T5: วันส่ง | U5: จำนวนส่ง | V5: StockFG | W5: ค้างตัด | X5: พิมพ์แล้ว | Y5: ค้างพิมพ์ | Z5: ประเภท | AA5: ใช้ | AB5: Stock | AC5: ค้างทอ | AD5: Stock | AE5: ค้างเคลือบ | AF5: หมายเหตุ | AG5: ที่พิมพ์ได้ | AH5: process | AI5: Lead time | AJ5: วันที่ส่งPL | AK5: เคลือบ | AL5: ได้ ART | AM5: พิมพ์ | AN5: จีบ-บิด | AO5: ตัด-เย็บ | AP5: ทอ | AQ5: สวมถุง | AR5: เย็บปาก | AS5: PT | AT5: ม้วน | AU5: ตัด | AV5: ตอกตาไก่ | AW5: GROUP | AX5: ART | AY5: หมายเหตุปัญหา | AZ5: ราคา/ใบ | BA5: ราคารวม | BB5: workweek | BC5: เส้นเทป | BD5: จำนวน
A6: =[2]หน้าผ้า!C15 -> 0 | B6: =[2]หน้าผ้า!B15 -> 0 | C6: =[2]หน้าผ้า!E15 -> 0 | D6: =[2]หน้าผ้า!F15 -> 0 | E6: =[2]หน้าผ้า!G15 -> 12 | F6: =[2]หน้าผ้า!H15 -> 16 | G6: =[2]หน้าผ้า!I15 -> ขาว | H6: =[2]หน้าผ้า!J15 -> 0 | I6: =[2]หน้าผ้า!L15 -> 25 | J6: =[2]หน้าผ้า!M15 -> ± | K6: =[2]หน้าผ้า!N15 -> 5 | L6: =[2]หน้าผ้า!R15 -> 0 | M6: =[2]หน้าผ้า!T15 -> 0 | N6: =[2]หน้าผ้า!U15 -> 0 | O6: =[2]หน้าผ้า!V15 -> 0 | P6: =[2]หน้าผ้า!AB15 -> 0 | Q6: =[2]หน้าผ้า!AC15 -> 0 | R6: =[2]หน้าผ้า!AD15 -> 0 | S6: =[2]หน้าผ้า!Z15 -> 0 | T6: =[2]หน้าผ้า!X15 -> 0 | U6: =[2]หน้าผ้า!AA15 -> 0 | V6: =[2]หน้าผ้า!AJ15 -> 0 | W6: =[2]หน้าผ้า!AL15 -> 0 | X6: =[2]หน้าผ้า!AM15 -> 0 | Y6: =[2]หน้าผ้า!AN15 -> 0 | Z6: =[2]หน้าผ้า!AO15 -> WSWT1221750 | AA6: =[2]หน้าผ้า!AQ15 -> #REF! | AB6: =[2]หน้าผ้า!AR15 -> #REF! | AC6: =[2]หน้าผ้า!AS15 -> #REF! | AD6: =[2]หน้าผ้า!AT15 -> #REF! | AE6: =[2]หน้าผ้า!AU15 -> #REF! | AF6: =[2]หน้าผ้า!AI15 -> ระบุในSD | AG6: =[3]หน้าผ้า!DC18 -> < Ord 20,000 | AH6: =[2]หน้าผ้า!DL15 -> 0 | AI6: =[2]หน้าผ้า!DM15 -> 0 | AJ6: =[2]หน้าผ้า!DN15 -> 0 | AK6: =[2]หน้าผ้า!DQ15 -> 0 | AL6: =[2]หน้าผ้า!DR15 -> 0 | AM6: =[2]หน้าผ้า!DS15 -> 0 | AN6: =[2]หน้าผ้า!DT15 -> 0 | AO6: =[2]หน้าผ้า!DU15 -> 0 | AP6: =[2]หน้าผ้า!DP15 -> 0 | AQ6: =[2]หน้าผ้า!DW15 -> 0 | AR6: =[2]หน้าผ้า!DX15 -> 0 | AS6: =[2]หน้าผ้า!DY15 -> 0 | AT6: =[2]หน้าผ้า!DZ15 -> 0 | AU6: =[2]หน้าผ้า!EA15 -> 0 | AV6: =[2]หน้าผ้า!EB15 -> 0 | AW6: =[2]หน้าผ้า!EC15 -> 0 | AX6: =[2]หน้าผ้า!ED15 -> 0 | AY6: =[2]หน้าผ้า!AG15 -> 0 | AZ6: =[2]หน้าผ้า!EG15 -> 0 | BA6: =[2]หน้าผ้า!EH15 -> 0 | BB6: =[2]หน้าผ้า!EI15 -> 0 | BC6: =[2]หน้าผ้า!BZ15 -> WRWT120750/WRWT21750 | BD6: =[2]หน้าผ้า!CA15 -> 0
A7: =[2]หน้าผ้า!C16 -> 45860 | B7: =[2]หน้าผ้า!B16 -> MK68-000920 | C7: =[2]หน้าผ้า!E16 -> หจก.ปึงเป้งน้ำ | D7: =[2]หน้าผ้า!F16 -> เกลือตรามือ 10กก. | E7: =[2]หน้าผ้า!G16 -> 14 | F7: =[2]หน้าผ้า!H16 -> 22 | G7: =[2]หน้าผ้า!I16 -> ขาว | H7: =[2]หน้าผ้า!J16 -> ใส | I7: =[2]หน้าผ้า!L16 -> 42 | J7: =[2]หน้าผ้า!M16 -> ± | K7: =[2]หน้าผ้า!N16 -> 5 | L7: =[2]หน้าผ้า!R16 -> ไม่ | M7: =[2]หน้าผ้า!T16 -> ไม่สวมถุงใน | N7: =[2]หน้าผ้า!U16 -> 0 | O7: =[2]หน้าผ้า!V16 -> 0 | P7: =[2]หน้าผ้า!AB16 -> 0 | Q7: =[2]หน้าผ้า!AC16 -> 0 | R7: =[2]หน้าผ้า!AD16 -> 0 | S7: =[2]หน้าผ้า!Z16 -> 500กระสอบแบน | T7: =[2]หน้าผ้า!X16 -> 45884 | U7: =[2]หน้าผ้า!AA16 -> 10000 | V7: =[2]หน้าผ้า!AJ16 -> 0 | W7: =[2]หน้าผ้า!AL16 -> 10000 | X7: =[2]หน้าผ้า!AM16 -> 0 | Y7: =[2]หน้าผ้า!AN16 -> 10500 | Z7: =[2]หน้าผ้า!AO16 -> WSWT1425800 | AA7: =[2]หน้าผ้า!AQ16 -> 6565.9 | AB7: =[2]หน้าผ้า!AR16 -> 6565.9 | AC7: =[2]หน้าผ้า!AS16 -> 0 | AD7: =[2]หน้าผ้า!AT16 -> 0 | AE7: =[2]หน้าผ้า!AU16 -> 6565.9 | AF7: =[2]หน้าผ้า!AI16 -> 0 | AG7: =[3]หน้าผ้า!DC19 -> ยังไม่ได้พิมพ์ | AH7: =[2]หน้าผ้า!DL16 -> P6 | AI7: =[2]หน้าผ้า!DM16 -> 4 | AJ7: =[2]หน้าผ้า!DN16 -> 45884 | AK7: =[2]หน้าผ้า!DQ16 -> 45880 | AL7: =[2]หน้าผ้า!DR16 -> 45873 | AM7: =[2]หน้าผ้า!DS16 -> 45881 | AN7: =[2]หน้าผ้า!DT16 -> 45882 | AO7: =[2]หน้าผ้า!DU16 -> 45883 | AP7: =[2]หน้าผ้า!DP16 -> 45879 | AQ7: =[2]หน้าผ้า!DW16 -> 0 | AR7: =[2]หน้าผ้า!DX16 -> 0 | AS7: =[2]หน้าผ้า!DY16 -> 0 | AT7: =[2]หน้าผ้า!DZ16 -> 0 | AU7: =[2]หน้าผ้า!EA16 -> 0 | AV7: =[2]หน้าผ้า!EB16 -> 0 | AW7: =[2]หน้าผ้า!EC16 -> งานเคลือบ+พิมพ์ | AX7: =[2]หน้าผ้า!ED16 -> / | AY7: =[2]หน้าผ้า!AG16 -> 0 | AZ7: =[2]หน้าผ้า!EG16 -> 0 | BA7: =[2]หน้าผ้า!EH16 -> 0 | BB7: =[2]หน้าผ้า!EI16 -> 0 | BC7: =[2]หน้าผ้า!BZ16 -> WRWT25800/WRWT25800 | BD7: =[2]หน้าผ้า!CA16 -> 0
A8: =[2]หน้าผ้า!C17 -> 0 | B8: =[2]หน้าผ้า!B17 -> 0 | C8: =[2]หน้าผ้า!E17 -> 0 | D8: =[2]หน้าผ้า!F17 -> 0 | E8: =[2]หน้าผ้า!G17 -> 14 | F8: =[2]หน้าผ้า!H17 -> 22 | G8: =[2]หน้าผ้า!I17 -> ขาว | H8: =[2]หน้าผ้า!J17 -> 0 | I8: =[2]หน้าผ้า!L17 -> 36 | J8: =[2]หน้าผ้า!M17 -> ± | K8: =[2]หน้าผ้า!N17 -> 5 | L8: =[2]หน้าผ้า!R17 -> 0 | M8: =[2]หน้าผ้า!T17 -> 0 | N8: =[2]หน้าผ้า!U17 -> 0 | O8: =[2]หน้าผ้า!V17 -> 0 | P8: =[2]หน้าผ้า!AB17 -> 0 | Q8: =[2]หน้าผ้า!AC17 -> 0 | R8: =[2]หน้าผ้า!AD17 -> 0 | S8: =[2]หน้าผ้า!Z17 -> 0 | T8: =[2]หน้าผ้า!X17 -> 0 | U8: =[2]หน้าผ้า!AA17 -> 0 | V8: =[2]หน้าผ้า!AJ17 -> 0 | W8: =[2]หน้าผ้า!AL17 -> 0 | X8: =[2]หน้าผ้า!AM17 -> 0 | Y8: =[2]หน้าผ้า!AN17 -> 0 | Z8: =[2]หน้าผ้า!AO17 -> WSWT1425800 | AA8: =[2]หน้าผ้า!AQ17 -> 6565.9 | AB8: =[2]หน้าผ้า!AR17 -> 6565.9 | AC8: =[2]หน้าผ้า!AS17 -> 0 | AD8: =[2]หน้าผ้า!AT17 -> 0 | AE8: =[2]หน้าผ้า!AU17 -> 6565.9 | AF8: =[2]หน้าผ้า!AI17 -> ระบุในSD | AG8: =[3]หน้าผ้า!DC20 -> พร้อมส่ง | AH8: =[2]หน้าผ้า!DL17 -> 0 | AI8: =[2]หน้าผ้า!DM17 -> Lead time | AJ8: =[2]หน้าผ้า!DN17 -> 0 | AK8: =[2]หน้าผ้า!DQ17 -> 0 | AL8: =[2]หน้าผ้า!DR17 -> 0 | AM8: =[2]หน้าผ้า!DS17 -> 0 | AN8: =[2]หน้าผ้า!DT17 -> 0 | AO8: =[2]หน้าผ้า!DU17 -> 0 | AP8: =[2]หน้าผ้า!DP17 -> 0 | AQ8: =[2]หน้าผ้า!DW17 -> 0 | AR8: =[2]หน้าผ้า!DX17 -> 0 | AS8: =[2]หน้าผ้า!DY17 -> 0 | AT8: =[2]หน้าผ้า!DZ17 -> 0 | AU8: =[2]หน้าผ้า!EA17 -> 0 | AV8: =[2]หน้าผ้า!EB17 -> 0 | AW8: =[2]หน้าผ้า!EC17 -> 0 | AX8: =[2]หน้าผ้า!ED17 -> 0 | AY8: =[2]หน้าผ้า!AG17 -> 0 | AZ8: =[2]หน้าผ้า!EG17 -> 0 | BA8: =[2]หน้าผ้า!EH17 -> 0 | BB8: =[2]หน้าผ้า!EI17 -> 0 | BC8: =[2]หน้าผ้า!BZ17 -> WRWT140800/WRWT25800 | BD8: =[2]หน้าผ้า!CA17 -> 0
A9: =[2]หน้าผ้า!C18 -> 45842 | B9: =[2]หน้าผ้า!B18 -> MK68-000868 | C9: =[2]หน้าผ้า!E18 -> พีมินเนอร์ | D9: =[2]หน้าผ้า!F18 -> พี-มินเนอร์ นิวพลัส | E9: =[2]หน้าผ้า!G18 -> 16 | F9: =[2]หน้าผ้า!H18 -> 28 | G9: =[2]หน้าผ้า!I18 -> ขาว | H9: =[2]หน้าผ้า!J18 -> ใส | I9: =[2]หน้าผ้า!L18 -> 56 | J9: =[2]หน้าผ้า!M18 -> ± | K9: =[2]หน้าผ้า!N18 -> 5 | L9: =[2]หน้าผ้า!R18 -> ไม่ | M9: =[2]หน้าผ้า!T18 -> 19 | N9: =[2]หน้าผ้า!U18 -> 31 | O9: =[2]หน้าผ้า!V18 -> 40 | P9: =[2]หน้าผ้า!AB18 -> 1.1334313 | Q9: =[2]หน้าผ้า!AC18 -> 0 | R9: =[2]หน้าผ้า!AD18 -> 1.1334313 | S9: =[2]หน้าผ้า!Z18 -> 500กระสอบ | T9: =[2]หน้าผ้า!X18 -> 45868 | U9: =[2]หน้าผ้า!AA18 -> 4000 | V9: =[2]หน้าผ้า!AJ18 -> 3922 | W9: =[2]หน้าผ้า!AL18 -> 78 | X9: =[2]หน้าผ้า!AM18 -> 5295 | Y9: =[2]หน้าผ้า!AN18 -> 0 | Z9: =[2]หน้าผ้า!AO18 -> WSWT1625800SM | AA9: =[2]หน้าผ้า!AQ18 -> 0 | AB9: =[2]หน้าผ้า!AR18 -> 0 | AC9: =[2]หน้าผ้า!AS18 -> 0 | AD9: =[2]หน้าผ้า!AT18 -> 0 | AE9: =[2]หน้าผ้า!AU18 -> 0 | AF9: =[2]หน้าผ้า!AI18 -> รอส่ง รอลูกค้ามารับเอง | AG9: =[3]หน้าผ้า!DC21 -> พร้อมส่ง | AH9: =[2]หน้าผ้า!DL18 -> P8 | AI9: =[2]หน้าผ้า!DM18 -> 4 | AJ9: =[2]หน้าผ้า!DN18 -> 45868 | AK9: =[2]หน้าผ้า!DQ18 -> 45864 | AL9: =[2]หน้าผ้า!DR18 -> 45858 | AM9: =[2]หน้าผ้า!DS18 -> 45865 | AN9: =[2]หน้าผ้า!DT18 -> 45866 | AO9: =[2]หน้าผ้า!DU18 -> 45866 | AP9: =[2]หน้าผ้า!DP18 -> 45863 | AQ9: =[2]หน้าผ้า!DW18 -> 45867 | AR9: =[2]หน้าผ้า!DX18 -> 0 | AS9: =[2]หน้าผ้า!DY18 -> 0 | AT9: =[2]หน้าผ้า!DZ18 -> 0 | AU9: =[2]หน้าผ้า!EA18 -> 0 | AV9: =[2]หน้าผ้า!EB18 -> 0 | AW9: =[2]หน้าผ้า!EC18 -> งานเคลือบ+พิมพ์ | AX9: =[2]หน้าผ้า!ED18 -> / | AY9: =[2]หน้าผ้า!AG18 -> 0 | AZ9: =[2]หน้าผ้า!EG18 -> 0 | BA9: =[2]หน้าผ้า!EH18 -> 0 | BB9: =[2]หน้าผ้า!EI18 -> 0 | BC9: =[2]หน้าผ้า!BZ18 -> WRWT25800/WRWT25800 | BD9: =[2]หน้าผ้า!CA18 -> 0
A10: =[2]หน้าผ้า!C19 -> ประมาณการ | B10: =[2]หน้าผ้า!B19 -> ประมาณการ | C10: =[2]หน้าผ้า!E19 -> บจก.ซัน ซีเมนต์ โพรเซส | D10: =[2]หน้าผ้า!F19 -> พระอาทิตย์(ปูนนอน-ชริงค์) | E10: =[2]หน้าผ้า!G19 -> 16 | F10: =[2]หน้าผ้า!H19 -> 25 | G10: =[2]หน้าผ้า!I19 -> ขาว | H10: =[2]หน้าผ้า!J19 -> ใส | I10: =[2]หน้าผ้า!L19 -> 50 | J10: =[2]หน้าผ้า!M19 -> ± | K10: =[2]หน้าผ้า!N19 -> 5 | L10: =[2]หน้าผ้า!R19 -> บิด | M10: =[2]หน้าผ้า!T19 -> 19 | N10: =[2]หน้าผ้า!U19 -> 28 | O10: =[2]หน้าผ้า!V19 -> 40 | P10: =[2]หน้าผ้า!AB19 -> 65.624643 | Q10: =[2]หน้าผ้า!AC19 -> 0 | R10: =[2]หน้าผ้า!AD19 -> 65.624643 | S10: =[2]หน้าผ้า!Z19 -> 500กระสอบ | T10: =[2]หน้าผ้า!X19 -> รอแจ้ง | U10: =[2]หน้าผ้า!AA19 -> 5000 | V10: =[2]หน้าผ้า!AJ19 -> 0 | W10: =[2]หน้าผ้า!AL19 -> 5000 | X10: =[2]หน้าผ้า!AM19 -> 0 | Y10: =[2]หน้าผ้า!AN19 -> 5250 | Z10: =[2]หน้าผ้า!AO19 -> WSWT1625800SM | AA10: =[2]หน้าผ้า!AQ19 -> 3702.05 | AB10: =[2]หน้าผ้า!AR19 -> 0 | AC10: =[2]หน้าผ้า!AS19 -> 3702.05 | AD10: =[2]หน้าผ้า!AT19 -> 0 | AE10: =[2]หน้าผ้า!AU19 -> 3702.05 | AF10: =[2]หน้าผ้า!AI19 -> 0 | AG10: =[3]หน้าผ้า!DC22 -> พร้อมส่ง | AH10: =[2]หน้าผ้า!DL19 -> P8 | AI10: =[2]หน้าผ้า!DM19 -> 4 | AJ10: =[2]หน้าผ้า!DN19 -> รอแจ้ง | AK10: =[2]หน้าผ้า!DQ19 -> #VALUE! | AL10: =[2]หน้าผ้า!DR19 -> #VALUE! | AM10: =[2]หน้าผ้า!DS19 -> #VALUE! | AN10: =[2]หน้าผ้า!DT19 -> #VALUE! | AO10: =[2]หน้าผ้า!DU19 -> #VALUE! | AP10: =[2]หน้าผ้า!DP19 -> #VALUE! | AQ10: =[2]หน้าผ้า!DW19 -> #VALUE! | AR10: =[2]หน้าผ้า!DX19 -> 0 | AS10: =[2]หน้าผ้า!DY19 -> 0 | AT10: =[2]หน้าผ้า!DZ19 -> 0 | AU10: =[2]หน้าผ้า!EA19 -> 0 | AV10: =[2]หน้าผ้า!EB19 -> 0 | AW10: =[2]หน้าผ้า!EC19 -> งานเคลือบ+พิมพ์ | AX10: =[2]หน้าผ้า!ED19 -> รอART | AY10: =[2]หน้าผ้า!AG19 -> 0 | AZ10: =[2]หน้าผ้า!EG19 -> 0 | BA10: =[2]หน้าผ้า!EH19 -> 0 | BB10: =[2]หน้าผ้า!EI19 -> 0 | BC10: =[2]หน้าผ้า!BZ19 -> WRWT25800/WRWT25800 | BD10: =[2]หน้าผ้า!CA19 -> 210.60551
A11: =[2]หน้าผ้า!C20 -> 0 | B11: =[2]หน้าผ้า!B20 -> 0 | C11: =[2]หน้าผ้า!E20 -> 0 | D11: =[2]หน้าผ้า!F20 | E11: =[2]หน้าผ้า!G20 -> 16 | F11: =[2]หน้าผ้า!H20 -> 25 | G11: =[2]หน้าผ้า!I20 -> ขาว | H11: =[2]หน้าผ้า!J20 -> 0 | I11: =[2]หน้าผ้า!L20 -> 45 | J11: =[2]หน้าผ้า!M20 -> ± | K11: =[2]หน้าผ้า!N20 -> 5 | L11: =[2]หน้าผ้า!R20 -> 0 | M11: =[2]หน้าผ้า!T20 -> 0 | N11: =[2]หน้าผ้า!U20 -> 0 | O11: =[2]หน้าผ้า!V20 -> 0 | P11: =[2]หน้าผ้า!AB20 -> 0 | Q11: =[2]หน้าผ้า!AC20 -> 0 | R11: =[2]หน้าผ้า!AD20 -> 0 | S11: =[2]หน้าผ้า!Z20 -> 0 | T11: =[2]หน้าผ้า!X20 -> 0 | U11: =[2]หน้าผ้า!AA20 -> 0 | V11: =[2]หน้าผ้า!AJ20 -> 0 | W11: =[2]หน้าผ้า!AL20 -> 0 | X11: =[2]หน้าผ้า!AM20 -> 0 | Y11: =[2]หน้าผ้า!AN20 -> 0 | Z11: =[2]หน้าผ้า!AO20 -> WSWT1625800SM | AA11: =[2]หน้าผ้า!AQ20 -> 3702.05 | AB11: =[2]หน้าผ้า!AR20 -> 0 | AC11: =[2]หน้าผ้า!AS20 -> 3702.05 | AD11: =[2]หน้าผ้า!AT20 -> 0 | AE11: =[2]หน้าผ้า!AU20 -> 3702.05 | AF11: =[2]หน้าผ้า!AI20 -> ระบุในSD | AG11: =[3]หน้าผ้า!DC23 -> รอตัด | AH11: =[2]หน้าผ้า!DL20 -> 0 | AI11: =[2]หน้าผ้า!DM20 -> Lead time | AJ11: =[2]หน้าผ้า!DN20 -> 0 | AK11: =[2]หน้าผ้า!DQ20 -> 0 | AL11: =[2]หน้าผ้า!DR20 -> 0 | AM11: =[2]หน้าผ้า!DS20 -> 0 | AN11: =[2]หน้าผ้า!DT20 -> 0 | AO11: =[2]หน้าผ้า!DU20 -> 0 | AP11: =[2]หน้าผ้า!DP20 -> 0 | AQ11: =[2]หน้าผ้า!DW20 -> 0 | AR11: =[2]หน้าผ้า!DX20 -> 0 | AS11: =[2]หน้าผ้า!DY20 -> 0 | AT11: =[2]หน้าผ้า!DZ20 -> 0 | AU11: =[2]หน้าผ้า!EA20 -> 0 | AV11: =[2]หน้าผ้า!EB20 -> 0 | AW11: =[2]หน้าผ้า!EC20 -> 0 | AX11: =[2]หน้าผ้า!ED20 -> 0 | AY11: =[2]หน้าผ้า!AG20 -> 0 | AZ11: =[2]หน้าผ้า!EG20 -> 0 | BA11: =[2]หน้าผ้า!EH20 -> 0 | BB11: =[2]หน้าผ้า!EI20 -> 0 | BC11: =[2]หน้าผ้า!BZ20 -> WRWT160800/WRWT25800 | BD11: =[2]หน้าผ้า!CA20 -> 0
A12: =[2]หน้าผ้า!C21 -> 0 | B12: =[2]หน้าผ้า!B21 -> 0 | C12: =[2]หน้าผ้า!E21 -> 0 | D12: =[2]หน้าผ้า!F21 -> 0 | E12: =[2]หน้าผ้า!G21 -> 16 | F12: =[2]หน้าผ้า!H21 -> 25 | G12: =[2]หน้าผ้า!I21 -> ขาว | H12: =[2]หน้าผ้า!J21 -> 0 | I12: =[2]หน้าผ้า!L21 -> 45 | J12: =[2]หน้าผ้า!M21 -> ± | K12: =[2]หน้าผ้า!N21 -> 5 | L12: =[2]หน้าผ้า!R21 -> 0 | M12: =[2]หน้าผ้า!T21 -> 0 | N12: =[2]หน้าผ้า!U21 -> 0 | O12: =[2]หน้าผ้า!V21 -> 0 | P12: =[2]หน้าผ้า!AB21 -> 0 | Q12: =[2]หน้าผ้า!AC21 -> 0 | R12: =[2]หน้าผ้า!AD21 -> 0 | S12: =[2]หน้าผ้า!Z21 -> 0 | T12: =[2]หน้าผ้า!X21 -> 0 | U12: =[2]หน้าผ้า!AA21 -> 0 | V12: =[2]หน้าผ้า!AJ21 -> 0 | W12: =[2]หน้าผ้า!AL21 -> 0 | X12: =[2]หน้าผ้า!AM21 -> 0 | Y12: =[2]หน้าผ้า!AN21 -> 0 | Z12: =[2]หน้าผ้า!AO21 -> WSWT1625800 | AA12: =[2]หน้าผ้า!AQ21 -> #REF! | AB12: =[2]หน้าผ้า!AR21 -> #REF! | AC12: =[2]หน้าผ้า!AS21 -> #REF! | AD12: =[2]หน้าผ้า!AT21 -> #REF! | AE12: =[2]หน้าผ้า!AU21 -> #REF! | AF12: =[2]หน้าผ้า!AI21 -> ระบุในSD | AG12: =[3]หน้าผ้า!DC24 -> พร้อมส่ง | AH12: =[2]หน้าผ้า!DL21 -> 0 | AI12: =[2]หน้าผ้า!DM21 -> Lead time | AJ12: =[2]หน้าผ้า!DN21 -> 0 | AK12: =[2]หน้าผ้า!DQ21 -> 0 | AL12: =[2]หน้าผ้า!DR21 -> 0 | AM12: =[2]หน้าผ้า!DS21 -> 0 | AN12: =[2]หน้าผ้า!DT21 -> 0 | AO12: =[2]หน้าผ้า!DU21 -> 0 | AP12: =[2]หน้าผ้า!DP21 -> 0 | AQ12: =[2]หน้าผ้า!DW21 -> 0 | AR12: =[2]หน้าผ้า!DX21 -> 0 | AS12: =[2]หน้าผ้า!DY21 -> 0 | AT12: =[2]หน้าผ้า!DZ21 -> 0 | AU12: =[2]หน้าผ้า!EA21 -> 0 | AV12: =[2]หน้าผ้า!EB21 -> 0 | AW12: =[2]หน้าผ้า!EC21 -> 0 | AX12: =[2]หน้าผ้า!ED21 -> 0 | AY12: =[2]หน้าผ้า!AG21 -> 0 | AZ12: =[2]หน้าผ้า!EG21 -> 0 | BA12: =[2]หน้าผ้า!EH21 -> 0 | BB12: =[2]หน้าผ้า!EI21 -> 0 | BC12: =[2]หน้าผ้า!BZ21 -> WRWT160800/WRWT25800 | BD12: =[2]หน้าผ้า!CA21 -> 0
A13: =[2]หน้าผ้า!C22 -> 0 | B13: =[2]หน้าผ้า!B22 -> 0 | C13: =[2]หน้าผ้า!E22 -> 0 | D13: =[2]หน้าผ้า!F22 -> 0 | E13: =[2]หน้าผ้า!G22 -> 16 | F13: =[2]หน้าผ้า!H22 -> 25 | G13: =[2]หน้าผ้า!I22 -> 0 | H13: =[2]หน้าผ้า!J22 -> 0 | I13: =[2]หน้าผ้า!L22 -> 47 | J13: =[2]หน้าผ้า!M22 -> ± | K13: =[2]หน้าผ้า!N22 -> 5 | L13: =[2]หน้าผ้า!R22 -> 0 | M13: =[2]หน้าผ้า!T22 -> 0 | N13: =[2]หน้าผ้า!U22 -> 0 | O13: =[2]หน้าผ้า!V22 -> 0 | P13: =[2]หน้าผ้า!AB22 -> 0 | Q13: =[2]หน้าผ้า!AC22 -> 0 | R13: =[2]หน้าผ้า!AD22 -> 0 | S13: =[2]หน้าผ้า!Z22 -> 0 | T13: =[2]หน้าผ้า!X22 -> 0 | U13: =[2]หน้าผ้า!AA22 -> 0 | V13: =[2]หน้าผ้า!AJ22 -> 0 | W13: =[2]หน้าผ้า!AL22 -> 0 | X13: =[2]หน้าผ้า!AM22 -> 0 | Y13: =[2]หน้าผ้า!AN22 -> 0 | Z13: =[2]หน้าผ้า!AO22 -> WSWT1621720SMFX | AA13: =[2]หน้าผ้า!AQ22 -> #REF! | AB13: =[2]หน้าผ้า!AR22 -> #REF! | AC13: =[2]หน้าผ้า!AS22 -> #REF! | AD13: =[2]หน้าผ้า!AT22 -> #REF! | AE13: =[2]หน้าผ้า!AU22 -> #REF! | AF13: =[2]หน้าผ้า!AI22 -> ระบุในSD | AG13: =[3]หน้าผ้า!DC25 -> ยังไม่ได้พิมพ์ | AH13: =[2]หน้าผ้า!DL22 -> 0 | AI13: =[2]หน้าผ้า!DM22 -> 0 | AJ13: =[2]หน้าผ้า!DN22 -> 0 | AK13: =[2]หน้าผ้า!DQ22 -> 0 | AL13: =[2]หน้าผ้า!DR22 -> 0 | AM13: =[2]หน้าผ้า!DS22 -> 0 | AN13: =[2]หน้าผ้า!DT22 -> 0 | AO13: =[2]หน้าผ้า!DU22 -> 0 | AP13: =[2]หน้าผ้า!DP22 -> 0 | AQ13: =[2]หน้าผ้า!DW22 -> 0 | AR13: =[2]หน้าผ้า!DX22 -> 0 | AS13: =[2]หน้าผ้า!DY22 -> 0 | AT13: =[2]หน้าผ้า!DZ22 -> 0 | AU13: =[2]หน้าผ้า!EA22 -> 0 | AV13: =[2]หน้าผ้า!EB22 -> 0 | AW13: =[2]หน้าผ้า!EC22 -> 0 | AX13: =[2]หน้าผ้า!ED22 -> 0 | AY13: =[2]หน้าผ้า!AG22 -> 0 | AZ13: =[2]หน้าผ้า!EG22 -> 0 | BA13: =[2]หน้าผ้า!EH22 -> 0 | BB13: =[2]หน้าผ้า!EI22 -> 0 | BC13: =[2]หน้าผ้า!BZ22 -> WRWT160720/WRWT21720 | BD13: =[2]หน้าผ้า!CA22 -> 0
A14: =[2]หน้าผ้า!C23 -> 45857 | B14: =[2]หน้าผ้า!B23 -> MK68-000914 | C14: =[2]หน้าผ้า!E23 -> โรงสีข้าวธัญญาวัฒน์ | D14: =[2]หน้าผ้า!F23 -> LUNG SHIN 12 kg | E14: =[2]หน้าผ้า!G23 -> 17 | F14: =[2]หน้าผ้า!H23 -> 26 | G14: =[2]หน้าผ้า!I23 -> ขาว | H14: =[2]หน้าผ้า!J23 -> 0 | I14: =[2]หน้าผ้า!L23 -> 48 | J14: =[2]หน้าผ้า!M23 -> ± | K14: =[2]หน้าผ้า!N23 -> 5 | L14: =[2]หน้าผ้า!R23 -> ไม่ | M14: =[2]หน้าผ้า!T23 -> ไม่สวมถุงใน | N14: =[2]หน้าผ้า!U23 -> 0 | O14: =[2]หน้าผ้า!V23 -> 0 | P14: =[2]หน้าผ้า!AB23 -> 0 | Q14: =[2]หน้าผ้า!AC23 -> 0 | R14: =[2]หน้าผ้า!AD23 -> 0 | S14: =[2]หน้าผ้า!Z23 -> 500กระสอบแบน | T14: =[2]หน้าผ้า!X23 -> 45868 | U14: =[2]หน้าผ้า!AA23 -> 30250 | V14: =[2]หน้าผ้า!AJ23 -> 18000 | W14: =[2]หน้าผ้า!AL23 -> 12250 | X14: =[2]หน้าผ้า!AM23 -> 31700 | Y14: =[2]หน้าผ้า!AN23 -> 0 | Z14: =[2]หน้าผ้า!AO23 -> WSWT1725800 | AA14: =[2]หน้าผ้า!AQ23 -> 0 | AB14: =[2]หน้าผ้า!AR23 -> 0 | AC14: =[2]หน้าผ้า!AS23 -> 0 | AD14: =[2]หน้าผ้า!AT23 -> 0 | AE14: =[2]หน้าผ้า!AU23 -> 0 | AF14: =[2]หน้าผ้า!AI23 -> ห้ามขาด-ห้ามเกิน | AG14: =[3]หน้าผ้า!DC26 -> พร้อมส่ง | AH14: =[2]หน้าผ้า!DL23 -> P7 | AI14: =[2]หน้าผ้า!DM23 -> 2 | AJ14: =[2]หน้าผ้า!DN23 -> 45868 | AK14: =[2]หน้าผ้า!DQ23 -> 0 | AL14: =[2]หน้าผ้า!DR23 -> 45859 | AM14: =[2]หน้าผ้า!DS23 -> 45866 | AN14: =[2]หน้าผ้า!DT23 -> 45867 | AO14: =[2]หน้าผ้า!DU23 -> 45867 | AP14: =[2]หน้าผ้า!DP23 -> 45863 | AQ14: =[2]หน้าผ้า!DW23 -> 0 | AR14: =[2]หน้าผ้า!DX23 -> 0 | AS14: =[2]หน้าผ้า!DY23 -> 0 | AT14: =[2]หน้าผ้า!DZ23 -> 0 | AU14: =[2]หน้าผ้า!EA23 -> 0 | AV14: =[2]หน้าผ้า!EB23 -> 0 | AW14: =[2]หน้าผ้า!EC23 -> งานพิมพ์ | AX14: =[2]หน้าผ้า!ED23 -> / | AY14: =[2]หน้าผ้า!AG23 -> 0 | AZ14: =[2]หน้าผ้า!EG23 -> 0 | BA14: =[2]หน้าผ้า!EH23 -> 0 | BB14: =[2]หน้าผ้า!EI23 -> 0 | BC14: =[2]หน้าผ้า!BZ23 -> WRWT25800/WRWT25800 | BD14: =[2]หน้าผ้า!CA23 -> 0
A15: =[2]หน้าผ้า!C24 -> 0 | B15: =[2]หน้าผ้า!B24 -> 0 | C15: =[2]หน้าผ้า!E24 -> 0 | D15: =[2]หน้าผ้า!F24 -> 0 | E15: =[2]หน้าผ้า!G24 -> 17 | F15: =[2]หน้าผ้า!H24 -> 26 | G15: =[2]หน้าผ้า!I24 -> 0 | H15: =[2]หน้าผ้า!J24 -> 0 | I15: =[2]หน้าผ้า!L24 -> 48 | J15: =[2]หน้าผ้า!M24 -> ± | K15: =[2]หน้าผ้า!N24 -> 5 | L15: =[2]หน้าผ้า!R24 -> 0 | M15: =[2]หน้าผ้า!T24 -> 0 | N15: =[2]หน้าผ้า!U24 -> 0 | O15: =[2]หน้าผ้า!V24 -> 0 | P15: =[2]หน้าผ้า!AB24 -> 0 | Q15: =[2]หน้าผ้า!AC24 -> 0 | R15: =[2]หน้าผ้า!AD24 -> 0 | S15: =[2]หน้าผ้า!Z24 -> 0 | T15: =[2]หน้าผ้า!X24 -> 0 | U15: =[2]หน้าผ้า!AA24 -> 0 | V15: =[2]หน้าผ้า!AJ24 -> 0 | W15: =[2]หน้าผ้า!AL24 -> 0 | X15: =[2]หน้าผ้า!AM24 -> 0 | Y15: =[2]หน้าผ้า!AN24 -> 0 | Z15: =[2]หน้าผ้า!AO24 -> WSWT1725800 | AA15: =[2]หน้าผ้า!AQ24 -> 0 | AB15: =[2]หน้าผ้า!AR24 -> 0 | AC15: =[2]หน้าผ้า!AS24 -> 0 | AD15: =[2]หน้าผ้า!AT24 -> 0 | AE15: =[2]หน้าผ้า!AU24 -> 0 | AF15: =[2]หน้าผ้า!AI24 -> ระบุในSD | AG15: =[3]หน้าผ้า!DC27 -> ยังไม่ได้พิมพ์ | AH15: =[2]หน้าผ้า!DL24 -> 0 | AI15: =[2]หน้าผ้า!DM24 -> 0 | AJ15: =[2]หน้าผ้า!DN24 -> 0 | AK15: =[2]หน้าผ้า!DQ24 -> 0 | AL15: =[2]หน้าผ้า!DR24 -> 0 | AM15: =[2]หน้าผ้า!DS24 -> 0 | AN15: =[2]หน้าผ้า!DT24 -> 0 | AO15: =[2]หน้าผ้า!DU24 -> 0 | AP15: =[2]หน้าผ้า!DP24 -> 0 | AQ15: =[2]หน้าผ้า!DW24 -> 0 | AR15: =[2]หน้าผ้า!DX24 -> 0 | AS15: =[2]หน้าผ้า!DY24 -> 0 | AT15: =[2]หน้าผ้า!DZ24 -> 0 | AU15: =[2]หน้าผ้า!EA24 -> 0 | AV15: =[2]หน้าผ้า!EB24 -> 0 | AW15: =[2]หน้าผ้า!EC24 -> 0 | AX15: =[2]หน้าผ้า!ED24 -> 0 | AY15: =[2]หน้าผ้า!AG24 -> 0 | AZ15: =[2]หน้าผ้า!EG24 -> 0 | BA15: =[2]หน้าผ้า!EH24 -> 0 | BB15: =[2]หน้าผ้า!EI24 -> 0 | BC15: =[2]หน้าผ้า!BZ24 -> WRWT170800/WRWT25800 | BD15: =[2]หน้าผ้า!CA24 -> 0
A16: =[2]หน้าผ้า!C25 -> ประมาณการ | B16: =[2]หน้าผ้า!B25 -> ประมาณการ | C16: =[2]หน้าผ้า!E25 -> บจก.ฟาร์เธอร์ส วิง ซัพพลาย | D16: =[2]หน้าผ้า!F25 -> รถไฟ | E16: =[2]หน้าผ้า!G25 -> 18 | F16: =[2]หน้าผ้า!H25 -> 30 | G16: =[2]หน้าผ้า!I25 -> ขาว | H16: =[2]หน้าผ้า!J25 -> 0 | I16: =[2]หน้าผ้า!L25 -> 54 | J16: =[2]หน้าผ้า!M25 -> ± | K16: =[2]หน้าผ้า!N25 -> 5 | L16: =[2]หน้าผ้า!R25 -> บิด | M16: =[2]หน้าผ้า!T25 -> 19 | N16: =[2]หน้าผ้า!U25 -> 33 | O16: =[2]หน้าผ้า!V25 -> 40 | P16: =[2]หน้าผ้า!AB25 -> 232.02999 | Q16: =[2]หน้าผ้า!AC25 -> 0 | R16: =[2]หน้าผ้า!AD25 -> 232.02999 | S16: =[2]หน้าผ้า!Z25 -> 500กระสอบ | T16: =[2]หน้าผ้า!X25 -> รอแจ้ง | U16: =[2]หน้าผ้า!AA25 -> 15000 | V16: =[2]หน้าผ้า!AJ25 -> 0 | W16: =[2]หน้าผ้า!AL25 -> 15000 | X16: =[2]หน้าผ้า!AM25 -> 0 | Y16: =[2]หน้าผ้า!AN25 -> 15750 | Z16: =[2]หน้าผ้า!AO25 -> WSWT1825800 | AA16: =[2]หน้าผ้า!AQ25 -> 13201.65 | AB16: =[2]หน้าผ้า!AR25 -> 6301 | AC16: =[2]หน้าผ้า!AS25 -> 6900.65 | AD16: =[2]หน้าผ้า!AT25 -> 0 | AE16: =[2]หน้าผ้า!AU25 -> 0 | AF16: =[2]หน้าผ้า!AI25 -> 0 | AG16: =[3]หน้าผ้า!DC28 -> พร้อมส่ง | AH16: =[2]หน้าผ้า!DL25 -> P9 | AI16: =[2]หน้าผ้า!DM25 -> 3 | AJ16: =[2]หน้าผ้า!DN25 -> รอแจ้ง | AK16: =[2]หน้าผ้า!DQ25 -> 0 | AL16: =[2]หน้าผ้า!DR25 -> #VALUE! | AM16: =[2]หน้าผ้า!DS25 -> #VALUE! | AN16: =[2]หน้าผ้า!DT25 -> #VALUE! | AO16: =[2]หน้าผ้า!DU25 -> #VALUE! | AP16: =[2]หน้าผ้า!DP25 -> #VALUE! | AQ16: =[2]หน้าผ้า!DW25 -> #VALUE! | AR16: =[2]หน้าผ้า!DX25 -> 0 | AS16: =[2]หน้าผ้า!DY25 -> 0 | AT16: =[2]หน้าผ้า!DZ25 -> 0 | AU16: =[2]หน้าผ้า!EA25 -> 0 | AV16: =[2]หน้าผ้า!EB25 -> 0 | AW16: =[2]หน้าผ้า!EC25 -> งานพิมพ์ | AX16: =[2]หน้าผ้า!ED25 -> รอART | AY16: =[2]หน้าผ้า!AG25 -> 0 | AZ16: =[2]หน้าผ้า!EG25 -> 0 | BA16: =[2]หน้าผ้า!EH25 -> 0 | BB16: =[2]หน้าผ้า!EI25 -> 0 | BC16: =[2]หน้าผ้า!BZ25 -> WRWT25800/WRWT25800 | BD16: =[2]หน้าผ้า!CA25 -> 474.76472
A17: =[2]หน้าผ้า!C26 -> 0 | B17: =[2]หน้าผ้า!B26 -> 0 | C17: =[2]หน้าผ้า!E26 | D17: =[2]หน้าผ้า!F26 | E17: =[2]หน้าผ้า!G26 -> 18 | F17: =[2]หน้าผ้า!H26 -> 30 | G17: =[2]หน้าผ้า!I26 -> ขาว | H17: =[2]หน้าผ้า!J26 -> 0 | I17: =[2]หน้าผ้า!L26 -> 54 | J17: =[2]หน้าผ้า!M26 -> ± | K17: =[2]หน้าผ้า!N26 -> 5 | L17: =[2]หน้าผ้า!R26 -> 0 | M17: =[2]หน้าผ้า!T26 -> 0 | N17: =[2]หน้าผ้า!U26 -> 0 | O17: =[2]หน้าผ้า!V26 -> 0 | P17: =[2]หน้าผ้า!AB26 -> 0 | Q17: =[2]หน้าผ้า!AC26 -> 0 | R17: =[2]หน้าผ้า!AD26 -> 0 | S17: =[2]หน้าผ้า!Z26 -> 0 | T17: =[2]หน้าผ้า!X26 -> 0 | U17: =[2]หน้าผ้า!AA26 -> 0 | V17: =[2]หน้าผ้า!AJ26 -> 0 | W17: =[2]หน้าผ้า!AL26 -> 0 | X17: =[2]หน้าผ้า!AM26 -> 0 | Y17: =[2]หน้าผ้า!AN26 -> 0 | Z17: =[2]หน้าผ้า!AO26 -> WSWT1825800 | AA17: =[2]หน้าผ้า!AQ26 -> 13201.65 | AB17: =[2]หน้าผ้า!AR26 -> 6301 | AC17: =[2]หน้าผ้า!AS26 -> 6900.65 | AD17: =[2]หน้าผ้า!AT26 -> 0 | AE17: =[2]หน้าผ้า!AU26 -> 0 | AF17: =[2]หน้าผ้า!AI26 -> ระบุในSD | AG17: =[3]หน้าผ้า!DC29 -> ยังไม่ได้พิมพ์ | AH17: =[2]หน้าผ้า!DL26 -> 0 | AI17: =[2]หน้าผ้า!DM26 -> Lead time | AJ17: =[2]หน้าผ้า!DN26 -> 0 | AK17: =[2]หน้าผ้า!DQ26 -> 0 | AL17: =[2]หน้าผ้า!DR26 -> 0 | AM17: =[2]หน้าผ้า!DS26 -> 0 | AN17: =[2]หน้าผ้า!DT26 -> 0 | AO17: =[2]หน้าผ้า!DU26 -> 0 | AP17: =[2]หน้าผ้า!DP26 -> 0 | AQ17: =[2]หน้าผ้า!DW26 -> 0 | AR17: =[2]หน้าผ้า!DX26 -> 0 | AS17: =[2]หน้าผ้า!DY26 -> 0 | AT17: =[2]หน้าผ้า!DZ26 -> 0 | AU17: =[2]หน้าผ้า!EA26 -> 0 | AV17: =[2]หน้าผ้า!EB26 -> 0 | AW17: =[2]หน้าผ้า!EC26 -> 0 | AX17: =[2]หน้าผ้า!ED26 -> 0 | AY17: =[2]หน้าผ้า!AG26 -> 0 | AZ17: =[2]หน้าผ้า!EG26 -> 0 | BA17: =[2]หน้าผ้า!EH26 -> 0 | BB17: =[2]หน้าผ้า!EI26 -> 0 | BC17: =[2]หน้าผ้า!BZ26 -> WRWT25800/WRWT25800 | BD17: =[2]หน้าผ้า!CA26 -> 0
... A575: =[2]หน้าผ้า!C584 -> 0 | B575: =[2]หน้าผ้า!B584 -> 0 | C575: =[2]หน้าผ้า!E584 -> 0 | D575: =[2]หน้าผ้า!F584 -> 0 | E575: =[2]หน้าผ้า!G584 -> 0 | F575: =[2]หน้าผ้า!H584 -> 0 | G575: =[2]หน้าผ้า!I584 -> 0 | H575: =[2]หน้าผ้า!J584 -> 0 | I575: =[2]หน้าผ้า!L584 -> 0 | J575: =[2]หน้าผ้า!M584 -> 0 | K575: =[2]หน้าผ้า!N584 -> 0 | L575: =[2]หน้าผ้า!R584 -> 0 | M575: =[2]หน้าผ้า!T584 -> 0 | N575: =[2]หน้าผ้า!U584 -> 0 | O575: =[2]หน้าผ้า!V584 -> 0 | P575: =[2]หน้าผ้า!AB584 -> 0 | Q575: =[2]หน้าผ้า!AC584 -> 0 | R575: =[2]หน้าผ้า!AD584 -> 0 | S575: =[2]หน้าผ้า!Z584 -> 0 | T575: =[2]หน้าผ้า!X584 -> 0 | U575: =[2]หน้าผ้า!AA584 -> 0 | V575: =[2]หน้าผ้า!AJ584 -> 0 | W575: =[2]หน้าผ้า!AL584 -> 0 | X575: =[2]หน้าผ้า!AM584 -> 0 | Y575: =[2]หน้าผ้า!AN584 -> 0 | Z575: =[2]หน้าผ้า!AO584 -> 0 | AA575: =[2]หน้าผ้า!AQ584 -> 0 | AB575: =[2]หน้าผ้า!AR584 -> 0 | AC575: =[2]หน้าผ้า!AS584 -> 0 | AD575: =[2]หน้าผ้า!AT584 -> 0 | AE575: =[2]หน้าผ้า!AU584 -> 0 | AF575: =[2]หน้าผ้า!AI584 -> 0 | AG575: =[3]หน้าผ้า!DC587 -> 0 | AH575: =[2]หน้าผ้า!DL584 -> 0 | AI575: =[2]หน้าผ้า!DM584 -> 0 | AJ575: =[2]หน้าผ้า!DN584 -> 0 | AK575: =[2]หน้าผ้า!DQ584 -> 0 | AL575: =[2]หน้าผ้า!DR584 -> 0 | AM575: =[2]หน้าผ้า!DS584 -> 0 | AN575: =[2]หน้าผ้า!DT584 -> 0 | AO575: =[2]หน้าผ้า!DU584 -> 0 | AP575: =[2]หน้าผ้า!DP584 -> 0 | AQ575: =[2]หน้าผ้า!DW584 -> 0 | AR575: =[2]หน้าผ้า!DX584 -> 0 | AS575: =[2]หน้าผ้า!DY584 -> 0 | AT575: =[2]หน้าผ้า!DZ584 -> 0 | AU575: =[2]หน้าผ้า!EA584 -> 0 | AV575: =[2]หน้าผ้า!EB584 -> 0 | AW575: =[2]หน้าผ้า!EC584 -> 0 | AX575: =[2]หน้าผ้า!ED584 -> 0 | AY575: =[2]หน้าผ้า!AG584 -> 0 | AZ575: =[2]หน้าผ้า!EG584 -> 0 | BA575: =[2]หน้าผ้า!EH584 -> 0 | BB575: =[2]หน้าผ้า!EI584 -> 0 | BC575: =[2]หน้าผ้า!BZ584 -> 0 | BD575: =[2]หน้าผ้า!CA584 -> 0

Sheet 4(Order+FC)
A2: เลขที่ SO | B2: (หลายรายการ)
A3: วันส่ง | B3: (หลายรายการ)
A4: ชื่อลูกค้า | B4: (ทั้งหมด)
K5: 9
A6: ประเภท | B6: ผลรวม ของ จำนวนส่ง | C6: ผลรวม ของ ค้างพิมพ์ | D6: ผลรวม ของ ค้างตัด | E6: ผลรวม ของ ใช้ | F6: ผลรวม ของ Stock | G6: ผลรวม ของ ค้างทอ
A7: WSWT1625800SM | B7: 5000 | C7: 5250 | D7: 5000 | E7: 4121.15 | F7: 3175 | G7: 946.15 | H7: =+J7-I7 -> 946.15 | J7: =G7 -> 946.15
A8: WSWT1825800 | B8: 15000 | C8: 15750 | D8: 15000 | E8: 13201.65 | F8: 6301 | G8: 6900.65 | H8: =+J8-I8 -> 6900.65 | J8: =G8 -> 6900.65
A9: WSWT1825800SM | B9: 5000 | C9: 0 | D9: 5000 | E9: 0 | F9: 0 | G9: 0 | H9: =+J9-I9 -> 0 | J9: =G9 -> 0
A10: WSWT1921720 | B10: 660000 | C10: 642600 | D10: 652206 | E10: 608030.28 | F10: 67964.05 | G10: 540066.23 | H10: =+J10-I10 -> 540066.23 | J10: =G10 -> 540066.23
A11: WSWT1925800 | B11: 190000 | C11: 156905.7 | D11: 187450 | E11: 130578.42 | F11: 32419.416 | G11: 98159 | H11: =+J11-I11 -> 98159 | J11: =G11 -> 98159
A12: WSWT2025650 | B12: 30000 | C12: 10500 | D12: 30000 | E12: 28359.1 | F12: 0 | G12: 28359.1 | H12: =+J12-I12 -> 28359.1 | J12: =G12 -> 28359.1 | K12: 40000 | L12: =+K5*K12 -> 360000 | M12: =+L12-J12 -> 331640.9
A13: WSWT2025800 | B13: 358907 | C13: 283092.6 | D13: 353907 | E13: 288507.63 | F13: 76716.989 | G13: 211790.64 | H13: =+J13-I13 -> 211790.64 | J13: =G13 -> 211790.64 | K13: 14000 | L13: =+K13*K5 -> 126000 | M13: =+L13-J13 -> -85790.644
A14: WSWT2025800SM | B14: 296127 | C14: 284550 | D14: 292809 | E14: 292238.43 | F14: 17378.68 | G14: 274859.75 | H14: =+J14-I14 -> 274859.75 | J14: =G14 -> 274859.75
A15: WSWT2121670SM | B15: 359000 | C15: 367500 | D15: 353179 | E15: 376491.5 | F15: 80270.7 | G15: 296220.8 | H15: =+J15-I15 -> 296220.8 | J15: =G15 -> 296220.8 | K15: 20000 | L15: =+K15*K5 -> 180000 | M15: =+L15-J15 -> -116220.8
A16: WSWT2125650 | B16: 50000 | C16: 10500 | D16: 49900 | E16: 53953.537 | F16: 18812.7 | G16: 35140.837 | H16: =+J16-I16 -> 35140.837 | J16: =G16 -> 35140.837
A17: WSWT2321112512551 | B17: 96600 | C17: 44967.3 | D17: 46311 | E17: 46067.5 | F17: 46067.5 | G17: 0 | H17: =+J17-I17 -> 0 | J17: =G17 -> 0
A18: WSWT2321112512551VN | B18: 100000 | C18: 0 | D18: 0 | E18: 0 | F18: 0 | G18: 0 | H18: =+J18-I18 -> 0 | J18: =G18 -> 0
A19: WSWT2321750 | B19: 15000 | C19: 15750 | D19: 15000 | E19: 16135.35 | F19: 7327 | G19: 8808.35 | H19: 0 | I19: 54000 | J19: =G19 -> 8808.35
A20: WSWT2325650 | B20: 90000 | C20: 73500 | D20: 77754 | E20: 69430.9 | F20: 29756.1 | G20: 39674.8 | H20: =+J20-I20 -> 39674.8 | J20: =G20 -> 39674.8
A21: WSWT2625650 | B21: 8000 | C21: 8400 | D21: 8000 | E21: 9499.6 | F21: 0 | G21: 9499.6 | H21: =+J21-I21 -> 9499.6 | J21: =G21 -> 9499.6
A22: WSWT262575051 | B22: 10000 | C22: 0 | D22: 10000 | E22: 11315.7 | F22: 6000 | G22: 5315.7 | H22: =+J22-I22 -> 5315.7 | J22: =G22 -> 5315.7
A23: WSWT2625800 | B23: 10000 | C23: 0 | D23: 10000 | E23: 12433.3 | F23: 12433.3 | G23: 0 | H23: =+J23-I23 -> 0 | J23: =G23 -> 0
A24: WSWT2625850SM | B24: 106500 | C24: 85575 | D24: 99114 | E24: 119981.34 | F24: 9788 | G24: 110193.34 | H24: =+J24-I24 -> 110193.34 | J24: =G24 -> 110193.34
A25: WSWT2825850 | B25: 55000 | C25: 52500 | D25: 55000 | E25: 66147.95 | F25: 11275.45 | G25: 54872.5 | H25: =+J25-I25 -> 54872.5 | J25: =G25 -> 54872.5
A26: ผลรวมทั้งหมด | B26: 2460134 | C26: 2057340.6 | D26: 2265630 | E26: 2146493.3 | F26: 425685.88 | G26: 1720807.5 | H26: =+J26-I26 -> 1720807.5 | J26: =G26 -> 1720807.5
H27: =+J27-I27 -> 0 | J27: =G27 -> 0
H28: =+J28-I28 -> 0 | J28: =G28 -> 0 | M28: =+GETPIVOTDATA("ผลรวม ของ ใช้",$A$6)+H29+H33 -> 5669299.9
H29: =SUM(H7:H28) -> 3432806.6 | I29: =SUM(I7:I28) -> 54000 | J29: =SUM(J7:J28) -> 3441614.9
H32: =+H26 -> 1720807.5 | I32: 85 | J32: =+(H32+H29)*I32 -> 4.3805719e+08 | K32: =+J32/1000 -> 438057.19
H33: 90000 | I33: 95 | J33: =+H33*I33 -> 8550000 | K33: =+J33/1000 -> 8550
H35: =+H32+H33+H29 -> 5243614 | K35: =+K32+K33 -> 446607.19
N36: 705222
A37: ยอดส่ง 1/2/68 - 17/2/68 | B37: 1565717 | H37: 15 | I37: =+H35/H37 -> 349574.27
N38: =+H35+N36 -> 5948836
I39: =+H37*110000 -> 1650000
B41: =+B29+B37+B31-110000 -> 1455717 | C41: =+C29+C37+C31 -> 0 | D41: =+D29+D37+D31-110000 -> -110000 | E41: =+E29+E37+E31 -> 0 | F41: =+F29+F37+F31 -> 0 | G41: =+G29+G37+G31 -> 0
B43: 3218150
B45: =+B43-B41 -> 1762433
C47: =+C41/9 -> 0 | D47: =+D41/9 -> -12222.222

Sheet 7(Order)
A2: เลขที่ SO | B2: (หลายรายการ)
A3: วันส่ง | B3: (หลายรายการ)
A4: ชื่อลูกค้า | B4: (ทั้งหมด)
A6: ประเภท | B6: ผลรวม ของ จำนวนส่ง | C6: ผลรวม ของ ค้างพิมพ์ | D6: ผลรวม ของ ค้างตัด | E6: ผลรวม ของ ใช้ | F6: ผลรวม ของ Stock | G6: ผลรวม ของ ค้างทอ
A7: WSWT1425800 | B7: 6000 | C7: 0 | D7: 6000 | E7: 3604.26 | F7: 3604.26 | G7: 0 | I7: =+K7-J7 -> 0 | K7: =G7 -> 0
A8: WSWT1625800SM | B8: 5000 | C8: 5250 | D8: 5000 | E8: 4121.15 | F8: 3175 | G8: 946.15 | I8: =+K8-J8 -> 946.15 | K8: =G8 -> 946.15
A9: WSWT1825800SM | B9: 5000 | C9: 0 | D9: 5000 | E9: 0 | F9: 0 | G9: 0 | I9: =+K9-J9 -> 0 | K9: =G9 -> 0
A10: WSWT1921720 | B10: 88000 | C10: 42000 | D10: 80206 | E10: 72644 | F10: 67964.05 | G10: 4679.95 | I10: =+K10-J10 -> 4679.95 | K10: =G10 -> 4679.95
A11: WSWT1925800 | B11: 70000 | C11: 30905.7 | D11: 67450 | E11: 27200.416 | F11: 27200.416 | G11: 0 | I11: =+K11-J11 -> 0 | K11: =G11 -> 0
A12: WSWT2025650 | B12: 10000 | C12: 10500 | D12: 10000 | E12: 10756.9 | F12: 0 | G12: 10756.9 | I12: =+K12-J12 -> 10756.9 | K12: =G12 -> 10756.9
A13: WSWT2025800 | B13: 303907 | C13: 225342.6 | D13: 298907 | E13: 230881.38 | F13: 76716.989 | G13: 154164.39 | I13: =+K13-J13 -> 154164.39 | K13: =G13 -> 154164.39
A14: WSWT2025800SM | B14: 56127 | C14: 32550 | D14: 52809 | E14: 33514.03 | F14: 17378.68 | G14: 16135.35 | I14: =+K14-J14 -> 16135.35 | K14: =G14 -> 16135.35
A15: WSWT2121670SM | B15: 29000 | C15: 21000 | D15: 23179 | E15: 21513.8 | F15: 21513.8 | G15: 0 | I15: =+K15-J15 -> 0 | K15: =G15 -> 0
A16: WSWT2125650 | B16: 35000 | C16: 10500 | D16: 34900 | E16: 37399.087 | F16: 18812.7 | G16: 18586.387 | I16: =+K16-J16 -> 18586.387 | K16: =G16 -> 18586.387
A17: WSWT2125800 | B17: 6000 | C17: 6300 | D17: 6000 | E17: 5951.22 | F17: 5951.22 | G17: 0 | I17: 0 | J17: 54000 | K17: =G17 -> 0
A18: WSWT2321112512551 | B18: 96600 | C18: 44967.3 | D18: 46311 | E18: 46067.5 | F18: 46067.5 | G18: 0 | I18: =+K18-J18 -> 0 | K18: =G18 -> 0
A19: WSWT2321112512551VN | B19: 100000 | C19: 0 | D19: 0 | E19: 0 | F19: 0 | G19: 0 | I19: =+K19-J19 -> 0 | K19: =G19 -> 0
A20: WSWT2321750 | B20: 15000 | C20: 15750 | D20: 15000 | E20: 16135.35 | F20: 7327 | G20: 8808.35 | I20: =+K20-J20 -> 8808.35 | K20: =G20 -> 8808.35
A21: WSWT2325650 | B21: 20000 | C21: 0 | D21: 7754 | E21: 0 | F21: 0 | G21: 0 | I21: =+K21-J21 -> 0 | K21: =G21 -> 0
A22: WSWT262575051 | B22: 10000 | C22: 0 | D22: 10000 | E22: 11315.7 | F22: 6000 | G22: 5315.7 | I22: =+K22-J22 -> 5315.7 | K22: =G22 -> 5315.7
A23: WSWT2625850SM | B23: 86500 | C23: 64575 | D23: 79114 | E23: 95114.745 | F23: 9788 | G23: 85326.745 | I23: =+K23-J23 -> 85326.745 | K23: =G23 -> 85326.745
A24: ผลรวมทั้งหมด | B24: 942134 | C24: 509640.6 | D24: 747630 | E24: 616219.54 | F24: 311499.61 | G24: 304719.93 | I24: =+K24-J24 -> 304719.93 | K24: =G24 -> 304719.93
I25: =+K25-J25 -> 0 | K25: =G25 -> 0
I26: =SUM(I7:I25) -> 609439.85 | J26: =SUM(J7:J25) -> 54000 | K26: =SUM(K7:K25) -> 609439.85
D34: =D18 -> 46311
D36: =D20 -> 15000
A37: ยอดส่ง 1/4/68 - 12/4/68 | B37: 887615
A38: Order+ส่ง | B38: =++B25+B37 -> 887615
A39: ประมาณการ | B39: 262000 | C39: 238350 | D39: 262000 | E39: 279847.04 | F39: 60825.09 | G39: 219021.95
A41: Order+ส่ง+ประมาณการ | B41: =+B25+B37+B39+B33 -> 1149615 | C41: =+C25+C37+C39+C33 -> 238350 | D41: =+D25+D37+D39+D33 -> 262000 | E41: =+E25+E37+E39+E33 -> 279847.04 | F41: =+F25+F37+F39+F33 -> 60825.09 | G41: =+G25+G37+G39+G33 -> 219021.95
B43: 3171376
B45: =+B41-B43 -> -2021761 | C45: =+$B$45 -> -2021761 | D45: =+$B$45 -> -2021761 | F45: =+$B$45 -> -2021761
D47: =+D41/6 -> 43666.667

Sheet 7(Order) แยกลูกค้า
A1: เลขที่ SO | B1: (หลายรายการ)
A2: วันส่ง | B2: รอแจ้ง
A4: ประเภท | B4: ชื่อลูกค้า | C4: ผลรวม ของ จำนวนส่ง | D4: ผลรวม ของ ค้างพิมพ์ | E4: ผลรวม ของ ค้างตัด | F4: ผลรวม ของ Stock | G4: ผลรวม ของ ค้างทอ | I4: vn
A5: WSWT1921720 | B5: บจก.เคอรี่ฟลาวมิลล์ | C5: 5000 | D5: 0 | E5: 5000 | F5: 0 | G5: 0 | H5: =G5 -> 0
A6: WSWT1921720 ผลรวม | C6: 5000 | D6: 0 | E6: 5000 | F6: 0 | G6: 0 | H6: =G6 -> 0
A7: WSWT2025800SM | B7: บจก.อินเทคค์ โกลบอล | C7: 1685 | D7: 0 | E7: 1618 | F7: 0 | G7: 0 | H7: =G7 -> 0
B8: บจก.เอสพีเอ็ม อาหารสัตว์ | C8: 3000 | D8: 3150 | E8: 3000 | F8: 0 | G8: 3478.53 | H8: =G8 -> 3478.53
A9: WSWT2025800SM ผลรวม | C9: 4685 | D9: 3150 | E9: 4618 | F9: 0 | G9: 3478.53 | H9: =G9 -> 3478.53
A10: WSWT2121670SM | B10: บจก.ที.ซี.ยูเนี่ยน อโกรเทค | C10: 40000 | D10: 42000 | E10: 40000 | F10: 43027.6 | G10: 0 | H10: =G10 -> 0
B11: บจก.เอสพีเอ็ม อาหารสัตว์ | C11: 5000 | D11: 5250 | E11: 5000 | F11: 0 | G11: 5518.15 | H11: =G11 -> 5518.15
A12: WSWT2121670SM ผลรวม | C12: 45000 | D12: 47250 | E12: 45000 | F12: 43027.6 | G12: 5518.15 | H12: =G12 -> 5518.15
A13: WSWT2321112512551 | B13: บจก.น้ำตาลทิพย์สุโขทัย | C13: 436278 | D13: 458091.9 | E13: 436278 | F13: 0 | G13: 469299.88 | H13: =G13 -> 469299.88
A14: WSWT2321112512551 ผลรวม | C14: 436278 | D14: 458091.9 | E14: 436278 | F14: 0 | G14: 469299.88 | H14: =G14 -> 469299.88
A15: WSWT2321750 | B15: บจก.แอมโก้เวท | C15: 1000 | D15: 0 | E15: 1000 | F15: 1159.51 | G15: 0 | H15: =G15 -> 0
A16: WSWT2321750 ผลรวม | C16: 1000 | D16: 0 | E16: 1000 | F16: 1159.51 | G16: 0 | H16: =G16 -> 0
A17: ผลรวมทั้งหมด | C17: 491963 | D17: 508491.9 | E17: 491896 | F17: 44187.11 | G17: 478296.56 | H17: =G17 -> 478296.56
H18: =G18 -> 0
H19: =G19 -> 0
H20: =G20 -> 0
H21: =G21 -> 0
H22: =G22 -> 0
H23: =G23 -> 0
H24: =G24 -> 0
H25: =G25 -> 0
H26: =G26 -> 0
H27: =G27 -> 0
H28: =G28 -> 0
H29: =G29 -> 0
... H65: =G65 -> 0
H70: =SUM(H5:H69) -> 1434889.7
D119: Cap พิมพ์ | E119: Cap ตัด | F119: Stock 16/7 บ่าย | G119: Cap ทอ | I119: วันทงาน
B120: lส่ง | C120: 1-16/7 | D120: 160000 | E120: 160000 | G120: 120000 | I120: 12
C121: 1975256 | D121: =+D120*I120 -> 1920000 | E121: =+E120*I120 -> 1920000 | F121: 825147 | G121: =+G120*I120 -> 1440000
A122: เบทาโกรส่งแล้ว | B122: 20700 | C122: 424374
A123: เบทาโกรส่งแล้ว | B123: 20800 | C123: 155973
C126: รวมส่ง+ค้างส่ง | D126: ส่วนต่างCapคงเหลือ | E126: ส่วนต่างCapคงเหลือ | F126: คงเหลือ
C127: =+C50+C121 -> 1975256 | D127: =+D121-D50 -> 1920000 | E127: =+E121-E50 -> 1920000 | F127: =+F121-F50 -> 825147 | G127: =+G121-G50 -> 1440000
B129: 20700VN 20/7 | G129: 350000

Sheet 7(Fc) แยกลูกค้า
A1: เลขที่ SO | B1: ประมาณการ
A2: วันส่ง | B2: (หลายรายการ) | D2: 12
A4: ประเภท | B4: ชื่อลูกค้า | C4: ผลรวม ของ จำนวนส่ง | D4: ผลรวม ของ ค้างพิมพ์ | E4: ผลรวม ของ ค้างตัด | F4: ผลรวม ของ ใช้ | G4: ผลรวม ของ Stock | H4: ผลรวม ของ ค้างทอ
A5: WSWT1625800SM | B5: บจก.ซัน ซีเมนต์ โพรเซส | C5: 5000 | D5: 5250 | E5: 5000 | F5: 3702.05 | G5: 0 | H5: 3702.05
A6: WSWT1625800SM ผลรวม | C6: 5000 | D6: 5250 | E6: 5000 | F6: 3702.05 | G6: 0 | H6: 3702.05
A7: WSWT1825800 | B7: บจก.ฟาร์เธอร์ส วิง ซัพพลาย | C7: 15000 | D7: 15750 | E7: 15000 | F7: 13201.65 | G7: 6301 | H7: 6900.65
A8: WSWT1825800 ผลรวม | C8: 15000 | D8: 15750 | E8: 15000 | F8: 13201.65 | G8: 6301 | H8: 6900.65
A9: WSWT1921720 | B9: บจก.เคอรี่ฟลาวมิลล์ | C9: 572000 | D9: 600600 | E9: 572000 | F9: 503422.92 | G9: 17840 | H9: 485582.92
A10: WSWT1921720 ผลรวม | C10: 572000 | D10: 600600 | E10: 572000 | F10: 503422.92 | G10: 17840 | H10: 485582.92
A11: WSWT1925800 | B11: บจก.ไลม์มาสเตอร์ | C11: 20000 | D11: 21000 | E11: 20000 | F11: 18719.8 | G11: 0 | H11: 18719.8
B12: บจก.เอ็กเซลเล้นท์ | C12: 40000 | D12: 42000 | E12: 40000 | F12: 35204.4 | G12: 0 | H12: 35204.4
B13: บจก.ซีแมน | C13: 60000 | D13: 63000 | E13: 60000 | F13: 49453.8 | G13: 0 | H13: 49453.8
A14: WSWT1925800 ผลรวม | C14: 120000 | D14: 126000 | E14: 120000 | F14: 103378 | G14: 0 | H14: 103378
A15: WSWT1925800SM | B15: บจก.เอเชี่ยนเคมิคัล | C15: 15000 | D15: 15750 | E15: 15000 | F15: 11525.25 | G15: 11525.25 | H15: 0
A16: WSWT1925800SM ผลรวม | C16: 15000 | D16: 15750 | E16: 15000 | F16: 11525.25 | G16: 11525.25 | H16: 0
A17: WSWT2025650 | B17: บจก.หนองบัวฟีดมิลล์ | C17: 20000 | D17: 0 | E17: 20000 | F17: 17602.2 | G17: 0 | H17: 17602.2
A18: WSWT2025650 ผลรวม | C18: 20000 | D18: 0 | E18: 20000 | F18: 17602.2 | G18: 0 | H18: 17602.2
A19: WSWT2025800 | B19: บจก.อินเทคค์ โกลบอล | C19: 55000 | D19: 57750 | E19: 55000 | F19: 57626.25 | G19: 0 | H19: 57626.25
A20: WSWT2025800 ผลรวม | C20: 55000 | D20: 57750 | E20: 55000 | F20: 57626.25 | G20: 0 | H20: 57626.25
A21: WSWT2025800SM | B21: บจก.ไทยธรรมดี | C21: 20000 | D21: 21000 | E21: 20000 | F21: 21513.8 | G21: 0 | H21: 21513.8
B22: บจก.อินเทคค์ โกลบอล | C22: 100000 | D22: 105000 | E22: 100000 | F22: 104775 | G22: 0 | H22: 104775
B23: บจก.เอสพีเอ็ม อาหารสัตว์ | C23: 20000 | D23: 21000 | E23: 20000 | F23: 22072.6 | G23: 0 | H23: 22072.6
B24: บจก.ซันฟีด | C24: 100000 | D24: 105000 | E24: 100000 | F24: 110363 | G24: 0 | H24: 110363
A25: WSWT2025800SM ผลรวม | C25: 240000 | D25: 252000 | E25: 240000 | F25: 258724.4 | G25: 0 | H25: 258724.4
A26: WSWT2025850 | B26: บจก.ซันฟีด | C26: 100000 | D26: 105000 | E26: 100000 | F26: 113157 | G26: 0 | H26: 113157
A27: WSWT2025850 ผลรวม | C27: 100000 | D27: 105000 | E27: 100000 | F27: 113157 | G27: 0 | H27: 113157
A28: WSWT2121670SM | B28: บจก.ที.ซี.ยูเนี่ยน อโกรเทค | C28: 10000 | D28: 10500 | E28: 10000 | F28: 10756.9 | G28: 10756.9 | H28: 0
B29: บจก.แอมโก้เวท | C29: 300000 | D29: 315000 | E29: 300000 | F29: 322707 | G29: 0 | H29: 322707
B30: บจก.เอ็นบี | C30: 20000 | D30: 21000 | E30: 20000 | F30: 21513.8 | G30: 0 | H30: 21513.8
A31: WSWT2121670SM ผลรวม | C31: 330000 | D31: 346500 | E31: 330000 | F31: 354977.7 | G31: 10756.9 | H31: 344220.8
A32: WSWT2125650 | B32: บจก.หนองบัวฟีดมิลล์ | C32: 30000 | D32: 0 | E32: 30000 | F32: 33108.9 | G32: 4212 | H32: 28896.9
B33: บจก.ไลม์มาสเตอร์ | C33: 10000 | D33: 10500 | E33: 10000 | F33: 9918.7 | G33: 9918.7 | H33: 0
A34: WSWT2125650 ผลรวม | C34: 40000 | D34: 10500 | E34: 40000 | F34: 43027.6 | G34: 14130.7 | H34: 28896.9
A35: WSWT2325650 | B35: พันธุ์ข้าว | C35: 40000 | D35: 42000 | E35: 40000 | F35: 39674.8 | G35: 0 | H35: 39674.8
B36: บจก.ซิเบลโก้(สบปราบ) | C36: 30000 | D36: 31500 | E36: 30000 | F36: 29756.1 | G36: 29756.1 | H36: 0
A37: WSWT2325650 ผลรวม | C37: 70000 | D37: 73500 | E37: 70000 | F37: 69430.9 | G37: 29756.1 | H37: 39674.8
A38: WSWT2625650 | B38: บจก.กบินทร์อินทรีย์ | C38: 8000 | D38: 8400 | E38: 8000 | F38: 9499.6 | G38: 0 | H38: 9499.6
A39: WSWT2625650 ผลรวม | C39: 8000 | D39: 8400 | E39: 8000 | F39: 9499.6 | G39: 0 | H39: 9499.6
A40: WSWT2625800 | B40: บจก.ที.ซี.ยูเนี่ยน อโกรเทค | C40: 10000 | D40: 0 | E40: 10000 | F40: 12433.3 | G40: 12433.3 | H40: 0
A41: WSWT2625800 ผลรวม | C41: 10000 | D41: 0 | E41: 10000 | F41: 12433.3 | G41: 12433.3 | H41: 0
A42: WSWT2625850SM | B42: บจก.ที.ซี.ยูเนี่ยน อโกรเทค | C42: 20000 | D42: 21000 | E42: 20000 | F42: 24866.6 | G42: 0 | H42: 24866.6
A43: WSWT2625850SM ผลรวม | C43: 20000 | D43: 21000 | E43: 20000 | F43: 24866.6 | G43: 0 | H43: 24866.6
A44: WSWT2825850 | B44: บจก.ที.ซี.ยูเนี่ยน อโกรเทค | C44: 5000 | D44: 0 | E44: 5000 | F44: 6775.45 | G44: 7020 | H44: 0
B45: บจก.ไทยร่วมใจน้ำมันพืช | C45: 50000 | D45: 52500 | E45: 50000 | F45: 59372.5 | G45: 0 | H45: 59372.5
A46: WSWT2825850 ผลรวม | C46: 55000 | D46: 52500 | E46: 55000 | F46: 66147.95 | G46: 7020 | H46: 59372.5
A47: WSWTSCL052325650 | B47: พันธุ์ข้าว | C47: 10000 | D47: 10500 | E47: 10000 | F47: 9918.7 | G47: 0 | H47: 9918.7
A48: WSWTSCL052325650 ผลรวม | C48: 10000 | D48: 10500 | E48: 10000 | F48: 9918.7 | G48: 0 | H48: 9918.7
A49: ผลรวมทั้งหมด | C49: 1685000 | D49: 1701000 | E49: 1685000 | F49: 1672642.1 | G49: 109763.25 | H49: 1563123.4
D119: Cap พิมพ์ | E119: Cap ตัด | F119: Stock 16/7 บ่าย | G119: Cap ทอ | I119: วันทงาน
B120: lส่ง | C120: 1-16/7 | D120: 160000 | E120: 160000 | G120: 120000 | I120: 12
C121: 1975256 | D121: =+D120*I120 -> 1920000 | E121: =+E120*I120 -> 1920000 | F121: 825147 | G121: =+G120*I120 -> 1440000
A122: เบทาโกรส่งแล้ว | B122: 20700 | C122: 424374
A123: เบทาโกรส่งแล้ว | B123: 20800 | C123: 155973
C126: รวมส่ง+ค้างส่ง | D126: ส่วนต่างCapคงเหลือ | E126: ส่วนต่างCapคงเหลือ | F126: คงเหลือ
C127: =+C50+C121 -> 1975256 | D127: =+D121-D50 -> 1920000 | E127: =+E121-E50 -> 1920000 | F127: =+F121-F50 -> 825147 | G127: =+G121-G50 -> 1440000
B129: 20700VN 20/7 | G129: 350000

Sheet 6(Order+Fc) แยกลูกค้า
A1: เลขที่ SO | B1: (หลายรายการ)
A2: วันส่ง | B2: รอแจ้ง | D2: 12 | I2: เมตร | J2: vn | K2: ใบ | P2: วัน
A4: ประเภท | B4: ชื่อลูกค้า | C4: ผลรวม ของ จำนวนส่ง | D4: ผลรวม ของ ค้างพิมพ์ | E4: ผลรวม ของ ค้างตัด | F4: ผลรวม ของ Stock | G4: ผลรวม ของ ใช้ | H4: ผลรวม ของ ค้างทอ
A5: WSWT1625800SM | B5: พีมินเนอร์ | C5: 5000 | D5: 5250 | E5: 5000 | F5: 3175 | G5: 4121.15 | H5: 946.15 | I5: =H5 -> 946.15
A6: WSWT1625800SM ผลรวม | C6: 5000 | D6: 5250 | E6: 5000 | F6: 3175 | G6: 4121.15 | H6: 946.15
A7: WSWT1921720 | B7: บจก.เคอรี่ฟลาวมิลล์ | C7: 5000 | D7: 0 | E7: 5000 | F7: 0 | G7: 0 | H7: 0 | I7: =H7 -> 0
A8: WSWT1921720 ผลรวม | C8: 5000 | D8: 0 | E8: 5000 | F8: 0 | G8: 0 | H8: 0 | I8: =H8 -> 0
A9: WSWT19251000SM | B9: บจก.อินเทคค์ โกลบอล | C9: 503 | D9: 0 | E9: 503 | F9: 0 | G9: 0 | H9: 0 | I9: =H9 -> 0
A10: WSWT19251000SM ผลรวม | C10: 503 | D10: 0 | E10: 503 | F10: 0 | G10: 0 | H10: 0 | I10: =H10 -> 0
A11: WSWT2025800SM | B11: บจก.อินเทคค์ โกลบอล | C11: 12392 | D11: 0 | E11: 12325 | F11: 0 | G11: 0 | H11: 0
B12: บจก.เอพีเอ็ม อะโกร | C12: 5000 | D12: 5250 | E12: 5000 | F12: 0 | G12: 5518.15 | H12: 5518.15 | I12: =H12 -> 5518.15
B13: บจก.เอสพีเอ็ม อาหารสัตว์ | C13: 18000 | D13: 18900 | E13: 18000 | F13: 0 | G13: 20032.98 | H13: 20032.98
A14: WSWT2025800SM ผลรวม | C14: 35392 | D14: 24150 | E14: 35325 | F14: 0 | G14: 25551.13 | H14: 25551.13 | I14: =H14 -> 25551.13 | P14: 15000 | Q14: =+K14/P14 -> 0
A15: WSWT2121670SM | B15: บจก.ที.ซี.ยูเนี่ยน อโกรเทค | C15: 40000 | D15: 42000 | E15: 40000 | F15: 43027.6 | G15: 43027.6 | H15: 0
B16: บจก.เอพีเอ็ม อะโกร | C16: 10000 | D16: 10500 | E16: 10000 | F16: 0 | G16: 11595.1 | H16: 11595.1 | I16: =H16 -> 11595.1
B17: บจก.เอสพีเอ็ม อาหารสัตว์ | C17: 5000 | D17: 5250 | E17: 5000 | F17: 0 | G17: 5518.15 | H17: 5518.15 | I17: =H17 -> 5518.15
A18: WSWT2121670SM ผลรวม | C18: 55000 | D18: 57750 | E18: 55000 | F18: 43027.6 | G18: 60140.85 | H18: 17113.25 | I18: =H18 -> 17113.25
A19: WSWT2321112512551 | B19: บจก.น้ำตาลทิพย์สุโขทัย | C19: 436278 | D19: 458091.9 | E19: 436278 | F19: 0 | G19: 469299.88 | H19: 469299.88 | I19: =H19 -> 469299.88
A20: WSWT2321112512551 ผลรวม | C20: 436278 | D20: 458091.9 | E20: 436278 | F20: 0 | G20: 469299.88 | H20: 469299.88 | I20: =H20 -> 469299.88 | P20: 16000 | Q20: =+K20/P20 -> 0
A21: WSWT2321750 | B21: บจก.แอมโก้เวท | C21: 1000 | D21: 0 | E21: 1000 | F21: 1159.51 | G21: 1159.51 | H21: 0
A22: WSWT2321750 ผลรวม | C22: 1000 | D22: 0 | E22: 1000 | F22: 1159.51 | G22: 1159.51 | H22: 0 | I22: =H22 -> 0
A23: ผลรวมทั้งหมด | C23: 538173 | D23: 545241.9 | E23: 538106 | F23: 47362.11 | G23: 560272.52 | H23: 512910.41
I24: =H24 -> 0
I26: =H26 -> 0
I28: =H28 -> 0
I29: =H29 -> 0
I30: =H30 -> 0
P31: 15000 | Q31: =+K31/P31 -> 0
I32: =H32 -> 0
I33: =H33 -> 0
I34: =H34 -> 0
I35: =H35 -> 0
I36: =H36 -> 0
I37: =H37 -> 0
I38: =H38 -> 0
I39: =H39 -> 0
I40: =H40 -> 0
I42: =H42 -> 0
I44: =H44 -> 0
I45: =H45 -> 0
J46: 74000
I47: =H47 -> 0
I48: =H48 -> 0
I51: =H51 -> 0
I52: =H52 -> 0
I54: =H54 -> 0
I55: =H55 -> 0
I56: =H56-J56 -> -166000 | J56: 166000
I58: =H58 -> 0
I59: =H59 -> 0
I60: =H60 -> 0
I61: =H61 -> 0
I62: =H62 -> 0
I64: =H64 -> 0
I65: =H65 -> 0
I66: =H66 -> 0
I68: =H68 -> 0
I70: =H70 -> 0
I72: =H72 -> 0
I73: =H73 -> 0
I75: =SUM(I5:I74) -> 838841.69
I79: =I75+I77 -> 838841.69 | J79: 16 | K79: =+I79*0.9779 -> 820303.29
I81: =+I79/J79 -> 52427.606 | K81: =+K79*85 -> 69725780
K83: =+K81/1000 -> 69725.78
D119: Cap พิมพ์ | E119: Cap ตัด | F119: Stock 16/7 บ่าย | G119: Cap ทอ | I119: วันทงาน
B120: lส่ง | C120: 1-16/7 | D120: 160000 | E120: 160000 | G120: 120000 | I120: 12
C121: 1975256 | D121: =+D120*I120 -> 1920000 | E121: =+E120*I120 -> 1920000 | F121: 825147 | G121: =+G120*I120 -> 1440000
A122: เบทาโกรส่งแล้ว | B122: 20700 | C122: 424374
A123: เบทาโกรส่งแล้ว | B123: 20800 | C123: 155973
C126: รวมส่ง+ค้างส่ง | D126: ส่วนต่างCapคงเหลือ | E126: ส่วนต่างCapคงเหลือ | F126: คงเหลือ
C127: =+C50+C121 -> 1975256 | D127: =+D121-D50 -> 1920000 | E127: =+E121-E50 -> 1920000 | F127: =+F121-F50 -> 825147 | G127: =+G121-G50 -> 1440000
B129: 20700VN 20/7 | G129: 350000

Sheet 6(Order)
A2: เลขที่ SO | B2: (หลายรายการ)
A3: วันส่ง | B3: รอแจ้ง
A4: ชื่อลูกค้า | B4: (ทั้งหมด)
A6: ประเภท | B6: ผลรวม ของ จำนวนส่ง | C6: ผลรวม ของ ค้างพิมพ์ | D6: ผลรวม ของ ค้างตัด | E6: ผลรวม ของ ใช้ | F6: ผลรวม ของ Stock | G6: ผลรวม ของ ค้างทอ
A7: WSWT1921720 | B7: 5000 | C7: 0 | D7: 5000 | E7: 0 | F7: 0 | G7: 0
A8: WSWT19251000SM | B8: 503 | C8: 0 | D8: 503 | E8: 0 | F8: 0 | G8: 0
A9: WSWT2025800SM | B9: 41286 | C9: 29400 | D9: 41219 | E9: 31069.28 | F9: 0 | G9: 31069.28
A10: WSWT2121670SM | B10: 52000 | C10: 54600 | D10: 52000 | E10: 56271.16 | F10: 50753.01 | G10: 5518.15
A11: WSWT2321112512551 | B11: 436278 | C11: 458091.9 | D11: 436278 | E11: 469299.88 | F11: 0 | G11: 469299.88 | L11: =76*2500 -> 190000
A12: WSWT2321750 | B12: 1000 | C12: 0 | D12: 1000 | E12: 1159.51 | F12: 1159.51 | G12: 0
A13: ผลรวมทั้งหมด | B13: 536067 | C13: 542091.9 | D13: 536000 | E13: 557799.83 | F13: 51912.52 | G13: 505887.31
A37: ยอดส่ง 1/1/68 - 17/1/68 | B37: 1287052
A38: Order+ส่ง | B38: =++B22+B37 -> 1287052
A39: ประมาณการ | I39: 0
A41: Order+ส่ง+ประมาณการ | B41: =+B22+B37+B39+B29 -> 1287052 | C41: =+C22+C37+C39+C29 -> 0 | D41: =+D22+D37+D39+D29 -> 0 | E41: =+E22+E37+E39+E29 -> 0 | F41: =+F22+F37+F39+F29 -> 0 | G41: =+G22+G37+G39+G29 -> 0
B43: 3000000 | I43: 9
B45: =+B41-B43 -> -1712948
D46: =+D22/I43 -> 0
C47: =+C41/I43 -> 0 | D47: =+D41/I43 -> 0 | G47: =+G41/I43 -> 0

Sheet 6(Order) แยกลูกค้า
A1: เลขที่ SO | B1: (หลายรายการ)
A2: วันส่ง | B2: รอแจ้ง
A4: ประเภท | B4: ชื่อลูกค้า | C4: ผลรวม ของ จำนวนส่ง | D4: ผลรวม ของ ค้างพิมพ์ | E4: ผลรวม ของ ค้างตัด | F4: ผลรวม ของ Stock | G4: ผลรวม ของ ค้างทอ | I4: vn
A5: WSWT1921720 | B5: บจก.เคอรี่ฟลาวมิลล์ | C5: 5000 | D5: 0 | E5: 5000 | F5: 0 | G5: 0 | H5: =G5 -> 0
A6: WSWT1921720 ผลรวม | C6: 5000 | D6: 0 | E6: 5000 | F6: 0 | G6: 0 | H6: =G6 -> 0
A7: WSWT19251000SM | B7: บจก.อินเทคค์ โกลบอล | C7: 503 | D7: 0 | E7: 503 | F7: 0 | G7: 0 | H7: =G7 -> 0
A8: WSWT19251000SM ผลรวม | C8: 503 | D8: 0 | E8: 503 | F8: 0 | G8: 0
A9: WSWT2025800SM | B9: บจก.อินเทคค์ โกลบอล | C9: 13286 | D9: 0 | E9: 13219 | F9: 0 | G9: 0 | H9: =G9 -> 0
B10: บจก.เอพีเอ็ม อะโกร | C10: 5000 | D10: 5250 | E10: 5000 | F10: 0 | G10: 5518.15 | H10: =G10 -> 5518.15
B11: บจก.เอสพีเอ็ม อาหารสัตว์ | C11: 23000 | D11: 24150 | E11: 23000 | F11: 0 | G11: 25551.13
A12: WSWT2025800SM ผลรวม | C12: 41286 | D12: 29400 | E12: 41219 | F12: 0 | G12: 31069.28 | H12: =G12 -> 31069.28
A13: WSWT2121670SM | B13: บจก.ที.ซี.ยูเนี่ยน อโกรเทค | C13: 40000 | D13: 42000 | E13: 40000 | F13: 43027.6 | G13: 0 | H13: =G13 -> 0
B14: บจก.เอพีเอ็ม อะโกร | C14: 7000 | D14: 7350 | E14: 7000 | F14: 7725.41 | G14: 0 | H14: =G14 -> 0
B15: บจก.เอสพีเอ็ม อาหารสัตว์ | C15: 5000 | D15: 5250 | E15: 5000 | F15: 0 | G15: 5518.15
A16: WSWT2121670SM ผลรวม | C16: 52000 | D16: 54600 | E16: 52000 | F16: 50753.01 | G16: 5518.15 | H16: =G16 -> 5518.15
A17: WSWT2321112512551 | B17: บจก.น้ำตาลทิพย์สุโขทัย | C17: 436278 | D17: 458091.9 | E17: 436278 | F17: 0 | G17: 469299.88
A18: WSWT2321112512551 ผลรวม | C18: 436278 | D18: 458091.9 | E18: 436278 | F18: 0 | G18: 469299.88 | H18: =G18 -> 469299.88
A19: WSWT2321750 | B19: บจก.แอมโก้เวท | C19: 1000 | D19: 0 | E19: 1000 | F19: 1159.51 | G19: 0 | H19: =G19 -> 0
A20: WSWT2321750 ผลรวม | C20: 1000 | D20: 0 | E20: 1000 | F20: 1159.51 | G20: 0 | H20: =G20 -> 0
A21: ผลรวมทั้งหมด | C21: 536067 | D21: 542091.9 | E21: 536000 | F21: 51912.52 | G21: 505887.31 | H21: =G21 -> 505887.31
H23: =G23 -> 0
H25: =G25 -> 0
H27: =G27 -> 0
H28: =G28 -> 0
H29: =G29 -> 0
H31: =G31 -> 0
H32: =G32 -> 0
H33: =G33 -> 0
H34: =G34 -> 0
H35: =G35 -> 0
H36: =G36 -> 0
H37: =G37 -> 0
... H68: =G68 -> 0
H70: =SUM(H5:H69) -> 1017292.8
D119: Cap พิมพ์ | E119: Cap ตัด | F119: Stock 16/7 บ่าย | G119: Cap ทอ | I119: วันทงาน
B120: lส่ง | C120: 1-16/7 | D120: 160000 | E120: 160000 | G120: 120000 | I120: 12
C121: 1975256 | D121: =+D120*I120 -> 1920000 | E121: =+E120*I120 -> 1920000 | F121: 825147 | G121: =+G120*I120 -> 1440000
A122: เบทาโกรส่งแล้ว | B122: 20700 | C122: 424374
A123: เบทาโกรส่งแล้ว | B123: 20800 | C123: 155973
C126: รวมส่ง+ค้างส่ง | D126: ส่วนต่างCapคงเหลือ | E126: ส่วนต่างCapคงเหลือ | F126: คงเหลือ
C127: =+C50+C121 -> 1975256 | D127: =+D121-D50 -> 1920000 | E127: =+E121-E50 -> 1920000 | F127: =+F121-F50 -> 825147 | G127: =+G121-G50 -> 1440000
B129: 20700VN 20/7 | G129: 350000

Sheet 6(Fc) แยกลูกค้
A1: เลขที่ SO | B1: ประมาณการ
A2: วันส่ง | B2: รอแจ้ง | D2: 12
A4: ประเภท | B4: ชื่อลูกค้า | C4: ผลรวม ของ จำนวนส่ง | D4: ผลรวม ของ ค้างพิมพ์ | E4: ผลรวม ของ ค้างตัด | F4: ผลรวม ของ Stock | G4: ผลรวม ของ ใช้ | H4: ผลรวม ของ ค้างทอ
A5: WSWT1625800SM | B5: พีมินเนอร์ | C5: 5000 | D5: 5250 | E5: 5000 | F5: 3175 | G5: 4121.15 | H5: 946.15
A6: WSWT1625800SM ผลรวม | C6: 5000 | D6: 5250 | E6: 5000 | F6: 3175 | G6: 4121.15 | H6: 946.15
A7: WSWT2121670SM | B7: บจก.เอพีเอ็ม อะโกร | C7: 10000 | D7: 10500 | E7: 10000 | F7: 0 | G7: 11595.1 | H7: 11595.1
A8: WSWT2121670SM ผลรวม | C8: 10000 | D8: 10500 | E8: 10000 | F8: 0 | G8: 11595.1 | H8: 11595.1
A9: ผลรวมทั้งหมด | C9: 15000 | D9: 15750 | E9: 15000 | F9: 3175 | G9: 15716.25 | H9: 12541.25
H41: 296578.28
H43: =+GETPIVOTDATA("ผลรวม ของ ค้างทอ",$A$4)+H41 -> 309119.53
I119: วันทงาน
I120: 12
C121: 1975256 | D121: =+D120*I120 -> 0 | E121: =+E120*I120 -> 0 | F121: 825147 | G121: =+G120*I120 -> 0
A122: เบทาโกรส่งแล้ว | B122: 20700 | C122: 424374
A123: เบทาโกรส่งแล้ว | B123: 20800 | C123: 155973
C126: รวมส่ง+ค้างส่ง | D126: ส่วนต่างCapคงเหลือ | E126: ส่วนต่างCapคงเหลือ | F126: คงเหลือ
C127: =+C50+C121 -> 1975256 | D127: =+D121-D50 -> 0 | E127: =+E121-E50 -> 0 | F127: =+F121-F50 -> 825147 | G127: =+G121-G50 -> 0
B129: 20700VN 20/7 | G129: 350000

Sheet ค้างทอ25-7-68
A3: ผลรวม ของ ค้างทอ
A4: ป้ายชื่อแถว | B4: 45869 | C4: 45870 | D4: 45871 | E4: 45873 | F4: 45878 | G4: 45879 | H4: 45880 | I4: 45882 | J4: 45883 | K4: 45884 | L4: 45889 | M4: ผลรวมทั้งหมด
A5: WSWT1825800SM | F5: 1811.1 | M5: =SUM(B5:L5) -> 1811.1
A6: WSWT1921720 | B6: 9359.9 | D6: 29445.65 | E6: 42119.55 | F6: 19837.4 | H6: 14039.85 | J6: 23399.75 | M6: =SUM(B6:L6) -> 138202.1
A7: WSWT2025800 | K7: 179643.65 | M7: =SUM(B7:L7) -> 179643.65
A8: WSWT2025800SM | D8: 3478.53 | K8: 0 | M8: =SUM(B8:L8) -> 3478.53
A9: WSWT2321112512551 | L9: 69626.1 | M9: =SUM(B9:L9) -> 69626.1
A10: WSWT2625850SM | C10: 0 | F10: 3339.6 | I10: 18649.95 | M10: =SUM(B10:L10) -> 21989.55
A11: WSWT2825850 | F11: 36803.5 | M11: =SUM(B11:L11) -> 36803.5
A12: ผลรวมทั้งหมด | B12: =SUM(B5:B11) -> 9359.9 | C12: =SUM(C5:C11) -> 0 | D12: =SUM(D5:D11) -> 32924.18 | E12: =SUM(E5:E11) -> 42119.55 | F12: =SUM(F5:F11) -> 61791.6 | G12: =SUM(G5:G11) -> 0 | H12: =SUM(H5:H11) -> 14039.85 | I12: =SUM(I5:I11) -> 18649.95 | ... M12: =SUM(M5:M11) -> 451554.53

Sheet 29-7-68
B2: เรียงกำหนดส่ง | D2: ลบ 0 | T2: เรียง 1
B3: ข้อมูลUpdate ณ. วันที่ | D3: 45867 | E3: เวลา | G3: 9.13
A4: วันรับออร์เดอร์/แบบ | B4: เลขที่ SO | C4: ชื่อลูกค้า | E4: 10.3 | I4: น้ำหนัก | L4: บิด/จับจีบ | M4: ถุงใน | Q4: 44873 | S4: วิธีบรรจุ | T4: วันส่ง | U4: จำนวนส่ง | V4: ตัดเย็บ (ใบ) | W4: 44873 | X4: พิมพ์ (ใบ) | Y4: 44876 | Z4: ผ้าทอ (เมตร) Updateณ | AB4: 44876 | AD4: ผ้าเคลือบ(เมตร) | AF4: หมายเหตุ | AG4: เครื่อง
B5: เลขที่ SO | C5: ชื่อลูกค้า | D5: ตรา | E5: กว้าง | F5: ยาว | G5: สี | H5: เคลือบ | I5: กรัม/ใบ | J5: * | K5: aw | L5: บิด/จับจีบ | M5: กว้าง | N5: ยาว | O5: หนา | P5: ใช้(กก.) | Q5: Stock(กก.) | R5: ผลิต(กก.) | S5: วิธีบรรจุ | T5: วันส่ง | U5: จำนวนส่ง | V5: StockFG | W5: ค้างตัด | X5: พิมพ์แล้ว | Y5: ค้างพิมพ์ | Z5: ประเภท | AA5: ใช้ | AB5: Stock | AC5: ค้างทอ | AD5: Stock | AE5: ค้างเคลือบ | AF5: หมายเหตุ | AG5: ที่พิมพ์ได้ | AH5: process | AI5: Lead time | AJ5: วันที่ส่งPL | AK5: เคลือบ | AL5: ได้ ART | AM5: พิมพ์ | AN5: จีบ-บิด | AO5: ตัด-เย็บ | AP5: ทอ | AQ5: สวมถุง | AR5: เย็บปาก | AS5: PT | AT5: ม้วน | AU5: ตัด | AV5: ตอกตาไก่ | AW5: GROUP | AX5: ART | AY5: หมายเหตุปัญหา | AZ5: ราคา/ใบ | BA5: ราคารวม | BB5: workweek | BC5: เส้นเทป | BD5: จำนวน
A6: 45860 | B6: MK68-000920 | C6: หจก.ปึงเป้งน้ำ | D6: เกลือตรามือ 10กก. | E6: 14 | F6: 22 | G6: ขาว | H6: ใส | I6: 42 | J6: ± | K6: 5 | L6: ไม่ | M6: ไม่สวมถุงใน | N6: 0 | O6: 0 | P6: 0 | Q6: 0 | R6: 0 | S6: 500กระสอบแบน | T6: 45884 | U6: 10000 | V6: 0 | W6: 10000 | X6: 0 | Y6: 10500 | Z6: WSWT1425800 | AA6: 6565.9 | AB6: 6565.9 | AC6: 0 | AD6: 0 | AE6: 6565.9 | AF6: 0 | AG6: ยังไม่ได้พิมพ์ | AH6: P6 | AI6: 4 | AJ6: 45884 | AK6: 45880 | AL6: 45873 | AM6: 45881 | AN6: 45882 | AO6: 45883 | AP6: 45879 | AQ6: 0 | AR6: 0 | AS6: 0 | AT6: 0 | AU6: 0 | AV6: 0 | AW6: งานเคลือบ+พิมพ์ | AX6: / | AY6: 0 | AZ6: 0 | BA6: 0 | BB6: 0 | BC6: WRWT25800/WRWT25800 | BD6: 0
A7: 0 | B7: 0 | C7: 0 | D7: 0 | E7: 14 | F7: 22 | G7: ขาว | H7: 0 | I7: 36 | J7: ± | K7: 5 | L7: 0 | M7: 0 | N7: 0 | O7: 0 | P7: 0 | Q7: 0 | R7: 0 | S7: 0 | U7: 0 | V7: 0 | W7: 0 | X7: 0 | Y7: 0 | Z7: WSWT1425800 | AA7: 6565.9 | AB7: 6565.9 | AC7: 0 | AD7: 0 | AE7: 6565.9 | AF7: ระบุในSD | AG7: พร้อมส่ง | AH7: 0 | AI7: Lead time | AJ7: 0 | AK7: 0 | AL7: 0 | AM7: 0 | AN7: 0 | AO7: 0 | AP7: 0 | AQ7: 0 | AR7: 0 | AS7: 0 | AT7: 0 | AU7: 0 | AV7: 0 | AW7: 0 | AX7: 0 | AY7: 0 | AZ7: 0 | BA7: 0 | BB7: 0 | BC7: WRWT140800/WRWT25800 | BD7: 0
A8: 45842 | B8: MK68-000868 | C8: พีมินเนอร์ | D8: พี-มินเนอร์ นิวพลัส | E8: 16 | F8: 28 | G8: ขาว | H8: ใส | I8: 56 | J8: ± | K8: 5 | L8: ไม่ | M8: 19 | N8: 31 | O8: 40 | P8: 1.1334313 | Q8: 0 | R8: 1.1334313 | S8: 500กระสอบ | T8: 45868 | U8: 4000 | V8: 3922 | W8: 78 | X8: 5295 | Y8: 0 | Z8: WSWT1625800SM | AA8: 0 | AB8: 0 | AC8: 0 | AD8: 0 | AE8: 0 | AF8: รอส่ง รอลูกค้ามารับเอง | AG8: พร้อมส่ง | AH8: P8 | AI8: 4 | AJ8: 45868 | AK8: 45864 | AL8: 45858 | AM8: 45865 | AN8: 45866 | AO8: 45866 | AP8: 45863 | AQ8: 45867 | AR8: 0 | AS8: 0 | AT8: 0 | AU8: 0 | AV8: 0 | AW8: งานเคลือบ+พิมพ์ | AX8: / | AY8: 0 | AZ8: 0 | BA8: 0 | BB8: 0 | BC8: WRWT25800/WRWT25800 | BD8: 0
A9: ประมาณการ | B9: ประมาณการ | C9: บจก.ซัน ซีเมนต์ โพรเซส | D9: พระอาทิตย์(ปูนนอน-ชริงค์) | E9: 16 | F9: 25 | G9: ขาว | H9: ใส | I9: 50 | J9: ± | K9: 5 | L9: บิด | M9: 19 | N9: 28 | O9: 40 | P9: 65.624643 | Q9: 0 | R9: 65.624643 | S9: 500กระสอบ | T9: รอแจ้ง | U9: 5000 | V9: 0 | W9: 5000 | X9: 0 | Y9: 5250 | Z9: WSWT1625800SM | AA9: 3702.05 | AB9: 0 | AC9: 3702.05 | AD9: 0 | AE9: 3702.05 | AF9: 0 | AG9: พร้อมส่ง | AH9: P8 | AI9: 4 | AJ9: รอแจ้ง | AK9: #VALUE! | AL9: #VALUE! | AM9: #VALUE! | AN9: #VALUE! | AO9: #VALUE! | AP9: #VALUE! | AQ9: #VALUE! | AR9: 0 | AS9: 0 | AT9: 0 | AU9: 0 | AV9: 0 | AW9: งานเคลือบ+พิมพ์ | AX9: รอART | AY9: 0 | AZ9: 0 | BA9: 0 | BB9: 0 | BC9: WRWT25800/WRWT25800 | BD9: 210.60551
A10: 0 | B10: 0 | C10: 0 | E10: 16 | F10: 25 | G10: ขาว | H10: 0 | I10: 45 | J10: ± | K10: 5 | L10: 0 | M10: 0 | N10: 0 | O10: 0 | P10: 0 | Q10: 0 | R10: 0 | S10: 0 | U10: 0 | V10: 0 | W10: 0 | X10: 0 | Y10: 0 | Z10: WSWT1625800SM | AA10: 3702.05 | AB10: 0 | AC10: 3702.05 | AD10: 0 | AE10: 3702.05 | AF10: ระบุในSD | AG10: รอตัด | AH10: 0 | AI10: Lead time | AJ10: 0 | AK10: 0 | AL10: 0 | AM10: 0 | AN10: 0 | AO10: 0 | AP10: 0 | AQ10: 0 | AR10: 0 | AS10: 0 | AT10: 0 | AU10: 0 | AV10: 0 | AW10: 0 | AX10: 0 | AY10: 0 | AZ10: 0 | BA10: 0 | BB10: 0 | BC10: WRWT160800/WRWT25800 | BD10: 0
A11: 45857 | B11: MK68-000914 | C11: โรงสีข้าวธัญญาวัฒน์ | D11: LUNG SHIN 12 kg | E11: 17 | F11: 26 | G11: ขาว | H11: 0 | I11: 48 | J11: ± | K11: 5 | L11: ไม่ | M11: ไม่สวมถุงใน | N11: 0 | O11: 0 | P11: 0 | Q11: 0 | R11: 0 | S11: 500กระสอบแบน | T11: 45868 | U11: 30250 | V11: 18000 | W11: 12250 | X11: 31700 | Y11: 0 | Z11: WSWT1725800 | AA11: 0 | AB11: 0 | AC11: 0 | AD11: 0 | AE11: 0 | AF11: ห้ามขาด-ห้ามเกิน | AG11: พร้อมส่ง | AH11: P7 | AI11: 2 | AJ11: 45868 | AK11: 0 | AL11: 45859 | AM11: 45866 | AN11: 45867 | AO11: 45867 | AP11: 45863 | AQ11: 0 | AR11: 0 | AS11: 0 | AT11: 0 | AU11: 0 | AV11: 0 | AW11: งานพิมพ์ | AX11: / | AY11: 0 | AZ11: 0 | BA11: 0 | BB11: 0 | BC11: WRWT25800/WRWT25800 | BD11: 0
A12: 0 | B12: 0 | C12: 0 | D12: 0 | E12: 17 | F12: 26 | G12: 0 | H12: 0 | I12: 48 | J12: ± | K12: 5 | L12: 0 | M12: 0 | N12: 0 | O12: 0 | P12: 0 | Q12: 0 | R12: 0 | S12: 0 | U12: 0 | V12: 0 | W12: 0 | X12: 0 | Y12: 0 | Z12: WSWT1725800 | AA12: 0 | AB12: 0 | AC12: 0 | AD12: 0 | AE12: 0 | AF12: ระบุในSD | AG12: ยังไม่ได้พิมพ์ | AH12: 0 | AI12: 0 | AJ12: 0 | AK12: 0 | AL12: 0 | AM12: 0 | AN12: 0 | AO12: 0 | AP12: 0 | AQ12: 0 | AR12: 0 | AS12: 0 | AT12: 0 | AU12: 0 | AV12: 0 | AW12: 0 | AX12: 0 | AY12: 0 | AZ12: 0 | BA12: 0 | BB12: 0 | BC12: WRWT170800/WRWT25800 | BD12: 0
A13: ประมาณการ | B13: ประมาณการ | C13: บจก.ฟาร์เธอร์ส วิง ซัพพลาย | D13: รถไฟ | E13: 18 | F13: 30 | G13: ขาว | H13: 0 | I13: 54 | J13: ± | K13: 5 | L13: บิด | M13: 19 | N13: 33 | O13: 40 | P13: 232.02999 | Q13: 0 | R13: 232.02999 | S13: 500กระสอบ | T13: รอแจ้ง | U13: 15000 | V13: 0 | W13: 15000 | X13: 0 | Y13: 15750 | Z13: WSWT1825800 | AA13: 13201.65 | AB13: 6301 | AC13: 6900.65 | AD13: 0 | AE13: 0 | AF13: 0 | AG13: พร้อมส่ง | AH13: P9 | AI13: 3 | AJ13: รอแจ้ง | AK13: 0 | AL13: #VALUE! | AM13: #VALUE! | AN13: #VALUE! | AO13: #VALUE! | AP13: #VALUE! | AQ13: #VALUE! | AR13: 0 | AS13: 0 | AT13: 0 | AU13: 0 | AV13: 0 | AW13: งานพิมพ์ | AX13: รอART | AY13: 0 | AZ13: 0 | BA13: 0 | BB13: 0 | BC13: WRWT25800/WRWT25800 | BD13: 474.76472
A14: 0 | B14: 0 | E14: 18 | F14: 30 | G14: ขาว | H14: 0 | I14: 54 | J14: ± | K14: 5 | L14: 0 | M14: 0 | N14: 0 | O14: 0 | P14: 0 | Q14: 0 | R14: 0 | S14: 0 | U14: 0 | V14: 0 | W14: 0 | X14: 0 | Y14: 0 | Z14: WSWT1825800 | AA14: 13201.65 | AB14: 6301 | AC14: 6900.65 | AD14: 0 | AE14: 0 | AF14: ระบุในSD | AG14: ยังไม่ได้พิมพ์ | AH14: 0 | AI14: Lead time | AJ14: 0 | AK14: 0 | AL14: 0 | AM14: 0 | AN14: 0 | AO14: 0 | AP14: 0 | AQ14: 0 | AR14: 0 | AS14: 0 | AT14: 0 | AU14: 0 | AV14: 0 | AW14: 0 | AX14: 0 | AY14: 0 | AZ14: 0 | BA14: 0 | BB14: 0 | BC14: WRWT25800/WRWT25800 | BD14: 0
A15: 45860 | B15: MK68-000917 | C15: บจก.ซิเบลโก้(บางเลน) | D15: PORTARYTE B15 | E15: 18 | F15: 30 | G15: ขาว | H15: ใส | I15: 74 | J15: ± | K15: 5 | L15: ไม่ | M15: ไม่สวมถุงใน | N15: 0 | O15: 0 | P15: 0 | Q15: 0 | R15: 0 | S15: 500กระสอบแบน | T15: 45883 | U15: 10000 | V15: 0 | W15: 10000 | X15: 0 | Y15: 10500 | Z15: WSWT1825800SM | AA15: 8801.1 | AB15: 6990 | AC15: 1811.1 | AD15: 1997 | AE15: 6804.1 | AF15: 0 | AG15: ยังไม่ได้พิมพ์ | AH15: P6 | AI15: 4 | AJ15: 45883 | AK15: 45879 | AL15: 45872 | AM15: 45880 | AN15: 45881 | AO15: 45882 | AP15: 45878 | AQ15: 0 | AR15: 0 | AS15: 0 | AT15: 0 | AU15: 0 | AV15: 0 | AW15: งานเคลือบ+พิมพ์ | AX15: / | AY15: 0 | AZ15: 0 | BA15: 0 | BB15: 0 | BC15: WRWT25800/WRWT25800 | BD15: 115.9104
A16: 0 | B16: 0 | C16: 0 | E16: 18 | F16: 25 | G16: ขาว | H16: 0 | I16: 50 | J16: ± | K16: 5 | L16: 0 | M16: 0 | N16: 0 | O16: 0 | P16: 0 | Q16: 0 | R16: 0 | S16: 0 | U16: 0 | V16: 0 | W16: 0 | X16: 0 | Y16: 0 | Z16: WSWT1825800SM | AA16: 8801.1 | AB16: 6990 | AC16: 1811.1 | AD16: 1997 | AE16: 6804.1 | AF16: ระบุในSD | AG16: รอแบบ | AH16: 0 | AI16: Lead time | AJ16: 0 | AK16: 0 | AL16: 0 | AM16: 0 | AN16: 0 | AO16: 0 | AP16: 0 | AQ16: 0 | AR16: 0 | AS16: 0 | AT16: 0 | AU16: 0 | AV16: 0 | AW16: 0 | AX16: 0 | AY16: 0 | AZ16: 0 | BA16: 0 | BB16: 0 | BC16: WRWT180800/WRWT25800 | BD16: 0
A17: ประมาณการ | B17: ประมาณการ | C17: บจก.เพรซิเดนท์ฟลาวมิลล์ | D17: ผึ้งเหลือง | E17: 19 | F17: 30 | G17: ขาว | H17: 0 | I17: 60 | J17: ± | K17: 5 | L17: บิด | M17: ไม่สวมถุงใน | N17: 0 | O17: 0 | P17: 0 | Q17: 0 | R17: 0 | S17: 500กระสอบ | T17: 45894 | U17: 100000 | V17: 0 | W17: 100000 | X17: 0 | Y17: 105000 | Z17: WSWT1925800 | AA17: 88011 | AB17: 56115 | AC17: 31896 | AD17: 0 | AE17: 0 | AF17: 0 | AG17: ยังไม่ได้พิมพ์ | AH17: P7 | AI17: 2 | AJ17: 45894 | AK17: 0 | AL17: 45885 | AM17: 45892 | AN17: 45893 | AO17: 45893 | AP17: 45889 | AQ17: 0 | AR17: 0 | AS17: 0 | AT17: 0 | AU17: 0 | AV17: 0 | AW17: งานพิมพ์ | AX17: รอART | AY17: 0 | AZ17: 0 | BA17: 0 | BB17: 0 | BC17: WRWT25800/WRWT25800 | BD17: 2316.3584
A18: ประมาณการ | B18: ประมาณการ | C18: บจก.เพรซิเดนท์ฟลาวมิลล์ | D18: ผึ้งชมพู | E18: 19 | F18: 30 | G18: ขาว | H18: 0 | I18: 60 | J18: ± | K18: 5 | L18: บิด | M18: ไม่สวมถุงใน | N18: 0 | O18: 0 | P18: 0 | Q18: 0 | R18: 0 | S18: 500กระสอบ | T18: 45894 | U18: 40000 | V18: 0 | W18: 40000 | X18: 0 | Y18: 42000 | Z18: WSWT1925800 | AA18: 35204.4 | AB18: 0 | AC18: 35204.4 | AD18: 0 | AE18: 0 | AF18: 0 | AG18: พร้อมส่ง | AH18: P7 | AI18: 2 | AJ18: 45894 | AK18: 0 | AL18: 45885 | AM18: 45892 | AN18: 45893 | AO18: 45893 | AP18: 45889 | AQ18: 0 | AR18: 0 | AS18: 0 | AT18: 0 | AU18: 0 | AV18: 0 | AW18: งานพิมพ์ | AX18: รอART | AY18: 0 | AZ18: 0 | BA18: 0 | BB18: 0 | BC18: WRWT25800/WRWT25800 | BD18: 2556.6218
A19: ประมาณการ | B19: ประมาณการ | C19: บจก.เอ็กเซลเล้นท์ | D19: รอแบบ | E19: 19 | F19: 30 | G19: ขาว | H19: 0 | I19: 60 | J19: ± | K19: 5 | L19: บิด | M19: ไม่สวมถุงใน | N19: 0 | O19: 0 | P19: 0 | Q19: 0 | R19: 0 | S19: 500กระสอบ | T19: 45894 | U19: 40000 | V19: 0 | W19: 40000 | X19: 0 | Y19: 42000 | Z19: WSWT1925800 | AA19: 35204.4 | AB19: 0 | AC19: 35204.4 | AD19: 0 | AE19: 0 | AF19: 0 | AG19: พร้อมส่ง | AH19: P7 | AI19: 2 | AJ19: 45894 | AK19: 0 | AL19: 45885 | AM19: 45892 | AN19: 45893 | AO19: 45893 | AP19: 45889 | AQ19: 0 | AR19: 0 | AS19: 0 | AT19: 0 | AU19: 0 | AV19: 0 | AW19: งานพิมพ์ | AX19: / | AY19: 0 | AZ19: 0 | BA19: 0 | BB19: 0 | BC19: WRWT25800/WRWT25800 | BD19: 2556.6218
A20: ประมาณการ | B20: ประมาณการ | C20: บจก.ไลม์มาสเตอร์ | D20: LMC 25 kg | E20: 19 | F20: 32 | G20: ขาว | H20: 0 | I20: 64 | J20: ± | K20: 5 | L20: ไม่ | M20: 20 | N20: 35 | O20: 40 | P20: 341.36903 | Q20: 0 | R20: 341.36903 | S20: 500กระสอบแบน | T20: 45894 | U20: 20000 | V20: 233 | W20: 19767 | X20: 0 | Y20: 20755.35 | Z20: WSWT1925800 | AA20: 18501.714 | AB20: 18501.714 | AC20: 0 | AD20: 0 | AE20: 0 | AF20: 0 | AG20: พร้อมส่ง | AH20: P9 | AI20: 3 | AJ20: 45894 | AK20: 0 | AL20: 45884 | AM20: 45891 | AN20: 45892 | AO20: 45892 | AP20: 45889 | AQ20: 45893 | AR20: 0 | AS20: 0 | AT20: 0 | AU20: 0 | AV20: 0 | AW20: งานพิมพ์ | AX20: รอART | AY20: 0 | AZ20: 0 | BA20: 0 | BB20: 0 | BC20: WRWT25800/WRWT25800 | BD20: 0
A21: 0 | B21: 0 | C21: 0 | D21: 0 | E21: 19 | F21: 30 | G21: ขาว | H21: 0 | I21: 60 | J21: ± | K21: 5 | L21: 0 | M21: 0 | N21: 0 | O21: 0 | P21: 0 | Q21: 0 | R21: 0 | S21: 0 | U21: 0 | V21: 0 | W21: 0 | X21: 0 | Y21: 0 | Z21: WSWT1925800 | AA21: 176921.51 | AB21: 74616.714 | AC21: 102304.8 | AD21: 0 | AE21: 0 | AF21: ระบุในSD | AG21: พร้อมส่ง | AH21: 0 | AI21: Lead time | AJ21: 0 | AK21: 0 | AL21: 0 | AM21: 0 | AN21: 0 | AO21: 0 | AP21: 0 | AQ21: 0 | AR21: 0 | AS21: 0 | AT21: 0 | AU21: 0 | AV21: 0 | AW21: 0 | AX21: 0 | AY21: 0 | AZ21: 0 | BA21: 0 | BB21: 0 | BC21: WRWT25800/WRWT25800 | BD21: 0
A22: 45854 | B22: MK68-000890 | C22: บจก.เคอรี่ฟลาวมิลล์ | D22: HARD FLOUR | E22: 19 | F22: 32 | G22: ขาว | H22: 0 | I22: 67 | J22: + | K22: 5 | L22: บิด | M22: ไม่สวมถุงใน | N22: 0 | O22: 0 | P22: 0 | Q22: 0 | R22: 0 | S22: ห่ออัดเบลแบน500 | T22: 45869 | U22: 5000 | V22: 5220 | W22: 0 | X22: 5400 | Y22: 0 | Z22: WSWT1921720 | AA22: 0 | AB22: 0 | AC22: 0 | AD22: 0 | AE22: 0 | AF22: PDR250226 | AG22: พร้อมส่ง | AH22: P7 | AI22: 2 | AJ22: 45869 | AK22: 0 | AL22: 45860 | AM22: 45867 | AN22: 45868 | AO22: 45868 | AP22: 45864 | AQ22: 0 | AR22: 0 | AS22: 0 | AT22: 0 | AU22: 0 | AV22: 0 | AW22: งานพิมพ์ | AX22: / | AY22: 0 | AZ22: 0 | BA22: 0 | BB22: 0 | BC22: WRWT21720/WRWT25800 | BD22: 0
A23: 45854 | B23: MK68-000890 | C23: บจก.เคอรี่ฟลาวมิลล์ | D23: ดอกไม้เขียว | E23: 19 | F23: 32 | G23: ขาว | H23: 0 | I23: 67 | J23: + | K23: 5 | L23: บิด | M23: ไม่สวมถุงใน | N23: 0 | O23: 0 | P23: 0 | Q23: 0 | R23: 0 | S23: ห่ออัดเบลแบน500 | T23: 45869 | U23: 5000 | V23: 5000 | W23: 0 | X23: 5198 | Y23: 0 | Z23: WSWT1921720 | AA23: 0 | AB23: 0 | AC23: 0 | AD23: 0 | AE23: 0 | AF23: PDR250226 | AG23: รอตัด | AH23: P7 | AI23: 2 | AJ23: 45869 | AK23: 0 | AL23: 45860 | AM23: 45867 | AN23: 45868 | AO23: 45868 | AP23: 45864 | AQ23: 0 | AR23: 0 | AS23: 0 | AT23: 0 | AU23: 0 | AV23: 0 | AW23: งานพิมพ์ | AX23: / | AY23: 0 | AZ23: 0 | BA23: 0 | BB23: 0 | BC23: WRWT21720/WRWT25800 | BD23: 0
A24: 45854 | B24: MK68-000890 | C24: บจก.เคอรี่ฟลาวมิลล์ | D24: 997 | E24: 19 | F24: 32 | G24: ขาว | H24: 0 | I24: 67 | J24: + | K24: 5 | L24: ไม่ | M24: ไม่สวมถุงใน | N24: 0 | O24: 0 | P24: 0 | Q24: 0 | R24: 0 | S24: ห่ออัดเบลแบน500 | T24: 45869 | U24: 5000 | V24: 5124 | W24: 0 | X24: 5300 | Y24: 0 | Z24: WSWT1921720 | AA24: 0 | AB24: 0 | AC24: 0 | AD24: 0 | AE24: 0 | AF24: PDR250226 | AG24: พร้อมส่ง | AH24: P7 | AI24: 2 | AJ24: 45869 | AK24: 0 | AL24: 45860 | AM24: 45867 | AN24: 45868 | AO24: 45868 | AP24: 45864 | AQ24: 0 | AR24: 0 | AS24: 0 | AT24: 0 | AU24: 0 | AV24: 0 | AW24: งานพิมพ์ | AX24: / | AY24: 0 | AZ24: 0 | BA24: 0 | BB24: 0 | BC24: WRWT21720/WRWT25800 | BD24: 0
A25: 45854 | B25: MK68-000891 | C25: บจก.เคอรี่ฟลาวมิลล์ | D25: ถุงเขียว | E25: 19 | F25: 32 | G25: ขาว | H25: 0 | I25: 67 | J25: + | K25: 5 | L25: บิด | M25: ไม่สวมถุงใน | N25: 0 | O25: 0 | P25: 0 | Q25: 0 | R25: 0 | S25: ห่ออัดเบลแบน500 | T25: 45869 | U25: 10000 | V25: 10000 | W25: 0 | X25: 10300 | Y25: 0 | Z25: WSWT1921720 | AA25: 0 | AB25: 0 | AC25: 0 | AD25: 0 | AE25: 0 | AF25: PDR250227 | AG25: พร้อมส่ง | AH25: P7 | AI25: 2 | AJ25: 45869 | AK25: 0 | AL25: 45860 | AM25: 45867 | AN25: 45868 | AO25: 45868 | AP25: 45864 | AQ25: 0 | AR25: 0 | AS25: 0 | AT25: 0 | AU25: 0 | AV25: 0 | AW25: งานพิมพ์ | AX25: / | AY25: 0 | AZ25: 0 | BA25: 0 | BB25: 0 | BC25: WRWT21720/WRWT25800 | BD25: 0
A26: 45854 | B26: MK68-000890 | C26: บจก.เคอรี่ฟลาวมิลล์ | D26: ปลาโลมาเทา | E26: 19 | F26: 32 | G26: ขาว | H26: 0 | I26: 67 | J26: + | K26: 5 | L26: บิด | M26: ไม่สวมถุงใน | N26: 0 | O26: 0 | P26: 0 | Q26: 0 | R26: 0 | S26: ห่ออัดเบลแบน500 | T26: 45871 | U26: 5000 | V26: 0 | W26: 5000 | X26: 5200 | Y26: 0 | Z26: WSWT1921720 | AA26: 0 | AB26: 0 | AC26: 0 | AD26: 0 | AE26: 0 | AF26: PDR250228 | AG26: พร้อมส่ง | AH26: P7 | AI26: 2 | AJ26: 45871 | AK26: 0 | AL26: 45862 | AM26: 45869 | AN26: 45870 | AO26: 45870 | AP26: 45866 | AQ26: 0 | AR26: 0 | AS26: 0 | AT26: 0 | AU26: 0 | AV26: 0 | AW26: งานพิมพ์ | AX26: / | AY26: 0 | AZ26: 0 | BA26: 0 | BB26: 0 | BC26: WRWT21720/WRWT25800 | BD26: 0
A27: 45854 | B27: MK68-000890 | C27: บจก.เคอรี่ฟลาวมิลล์ | D27: ถุงเขียว | E27: 19 | F27: 32 | G27: ขาว | H27: 0 | I27: 67 | J27: + | K27: 5 | L27: บิด | M27: ไม่สวมถุงใน | N27: 0 | O27: 0 | P27: 0 | Q27: 0 | R27: 0 | S27: ห่ออัดเบลแบน500 | T27: 45871 | U27: 10000 | V27: 10000 | W27: 0 | X27: 11110 | Y27: 0 | Z27: WSWT1921720 | AA27: 0 | AB27: 0 | AC27: 0 | AD27: 0 | AE27: 0 | AF27: PDR250228 | AG27: รอตัด | AH27: P7 | AI27: 2 | AJ27: 45871 | AK27: 0 | AL27: 45862 | AM27: 45869 | AN27: 45870 | AO27: 45870 | AP27: 45866 | AQ27: 0 | AR27: 0 | AS27: 0 | AT27: 0 | AU27: 0 | AV27: 0 | AW27: งานพิมพ์ | AX27: / | AY27: 0 | AZ27: 0 | BA27: 0 | BB27: 0 | BC27: WRWT21720/WRWT25800 | BD27: 0
A28: 45854 | B28: MK68-000890 | C28: บจก.เคอรี่ฟลาวมิลล์ | D28: ถุงทองแซนวิช | E28: 19 | F28: 32 | G28: ขาว | H28: 0 | I28: 67 | J28: + | K28: 5 | L28: บิด | M28: ไม่สวมถุงใน | N28: 0 | O28: 0 | P28: 0 | Q28: 0 | R28: 0 | S28: ห่ออัดเบลแบน500 | T28: 45871 | U28: 5000 | V28: 5000 | W28: 0 | X28: 5500 | Y28: 0 | Z28: WSWT1921720 | AA28: 0 | AB28: 0 | AC28: 0 | AD28: 0 | AE28: 0 | AF28: PDR250228 | AG28: ยังไม่ได้พิมพ์ | AH28: P7 | AI28: 2 | AJ28: 45871 | AK28: 0 | AL28: 45862 | AM28: 45869 | AN28: 45870 | AO28: 45870 | AP28: 45866 | AQ28: 0 | AR28: 0 | AS28: 0 | AT28: 0 | AU28: 0 | AV28: 0 | AW28: งานพิมพ์ | AX28: / | AY28: รอผสม 1200 | AZ28: 0 | BA28: 0 | BB28: 0 | BC28: WRWT21720/WRWT25800 | BD28: 0
A29: 45854 | B29: MK68-000890 | C29: บจก.เคอรี่ฟลาวมิลล์ | D29: ถุงเงิน | E29: 19 | F29: 32 | G29: ขาว | H29: 0 | I29: 67 | J29: + | K29: 5 | L29: บิด | M29: ไม่สวมถุงใน | N29: 0 | O29: 0 | P29: 0 | Q29: 0 | R29: 0 | S29: ห่ออัดเบลแบน500 | T29: 45871 | U29: 5000 | V29: 5000 | W29: 0 | X29: 5250 | Y29: 0 | Z29: WSWT1921720 | AA29: 0 | AB29: 0 | AC29: 0 | AD29: 0 | AE29: 0 | AF29: PDR250228 | AG29: พร้อมส่ง | AH29: P7 | AI29: 2 | AJ29: 45871 | AK29: 0 | AL29: 45862 | AM29: 45869 | AN29: 45870 | AO29: 45870 | AP29: 45866 | AQ29: 0 | AR29: 0 | AS29: 0 | AT29: 0 | AU29: 0 | AV29: 0 | AW29: งานพิมพ์ | AX29: / | AY29: 0 | AZ29: 0 | BA29: 0 | BB29: 0 | BC29: WRWT21720/WRWT25800 | BD29: 0
A30: 45854 | B30: MK68-000891 | C30: บจก.เคอรี่ฟลาวมิลล์ | D30: ปลาโลมาแดง | E30: 19 | F30: 32 | G30: ขาว | H30: 0 | I30: 67 | J30: + | K30: 5 | L30: บิด | M30: ไม่สวมถุงใน | N30: 0 | O30: 0 | P30: 0 | Q30: 0 | R30: 0 | S30: ห่ออัดเบลแบน500 | T30: 45871 | U30: 5000 | V30: 0 | W30: 5000 | X30: 5250 | Y30: 0 | Z30: WSWT1921720 | AA30: 0 | AB30: 0 | AC30: 0 | AD30: 0 | AE30: 0 | AF30: PDR250229 | AG30: รอตัด | AH30: P7 | AI30: 2 | AJ30: 45871 | AK30: 0 | AL30: 45862 | AM30: 45869 | AN30: 45870 | AO30: 45870 | AP30: 45866 | AQ30: 0 | AR30: 0 | AS30: 0 | AT30: 0 | AU30: 0 | AV30: 0 | AW30: งานพิมพ์ | AX30: / | AY30: 0 | AZ30: 0 | BA30: 0 | BB30: 0 | BC30: WRWT21720/WRWT25800 | BD30: 0
A31: 45854 | B31: MK68-000891 | C31: บจก.เคอรี่ฟลาวมิลล์ | D31: ดอกไม้เหลือง | E31: 19 | F31: 32 | G31: ขาว | H31: 0 | I31: 67 | J31: + | K31: 5 | L31: บิด | M31: ไม่สวมถุงใน | N31: 0 | O31: 0 | P31: 0 | Q31: 0 | R31: 0 | S31: ห่ออัดเบลแบน500 | T31: 45871 | U31: 5000 | V31: 0 | W31: 5000 | X31: 0 | Y31: 5250 | Z31: WSWT1921720 | AA31: 4679.95 | AB31: 4679.95 | AC31: 0 | AD31: 0 | AE31: 0 | AF31: PDR250229 | AG31: รอตัด | AH31: P7 | AI31: 2 | AJ31: 45871 | AK31: 0 | AL31: 45862 | AM31: 45869 | AN31: 45870 | AO31: 45870 | AP31: 45866 | AQ31: 0 | AR31: 0 | AS31: 0 | AT31: 0 | AU31: 0 | AV31: 0 | AW31: งานพิมพ์ | AX31: / | AY31: 0 | AZ31: 0 | BA31: 0 | BB31: 0 | BC31: WRWT21720/WRWT25800 | BD31: 0
A32: 45854 | B32: MK68-000891 | C32: บจก.เคอรี่ฟลาวมิลล์ | D32: FW-Y | E32: 19 | F32: 32 | G32: ขาว | H32: 0 | I32: 67 | J32: + | K32: 5 | L32: ไม่ | M32: ไม่สวมถุงใน | N32: 0 | O32: 0 | P32: 0 | Q32: 0 | R32: 0 | S32: ห่ออัดเบลแบน500 | T32: 45871 | U32: 5000 | V32: 5000 | W32: 0 | X32: 5250 | Y32: 0 | Z32: WSWT1921720 | AA32: 0 | AB32: 0 | AC32: 0 | AD32: 0 | AE32: 0 | AF32: PDR250229 | AG32: ยังไม่ได้พิมพ์ | AH32: P7 | AI32: 2 | AJ32: 45871 | AK32: 0 | AL32: 45862 | AM32: 45869 | AN32: 45870 | AO32: 45870 | AP32: 45866 | AQ32: 0 | AR32: 0 | AS32: 0 | AT32: 0 | AU32: 0 | AV32: 0 | AW32: งานพิมพ์ | AX32: / | AY32: 0 | AZ32: 0 | BA32: 0 | BB32: 0 | BC32: WRWT21720/WRWT25800 | BD32: 0
A33: 45854 | B33: MK68-000891 | C33: บจก.เคอรี่ฟลาวมิลล์ | D33: 8S | E33: 19 | F33: 32 | G33: ขาว | H33: 0 | I33: 67 | J33: + | K33: 5 | L33: ไม่ | M33: ไม่สวมถุงใน | N33: 0 | O33: 0 | P33: 0 | Q33: 0 | R33: 0 | S33: ห่ออัดเบลแบน500 | T33: 45871 | U33: 5000 | V33: 0 | W33: 5000 | X33: 5300 | Y33: 0 | Z33: WSWT1921720 | AA33: 0 | AB33: 0 | AC33: 0 | AD33: 0 | AE33: 0 | AF33: PDR250229 | AG33: พร้อมส่ง | AH33: P7 | AI33: 2 | AJ33: 45871 | AK33: 0 | AL33: 45862 | AM33: 45869 | AN33: 45870 | AO33: 45870 | AP33: 45866 | AQ33: 0 | AR33: 0 | AS33: 0 | AT33: 0 | AU33: 0 | AV33: 0 | AW33: งานพิมพ์ | AX33: / | AY33: 0 | AZ33: 0 | BA33: 0 | BB33: 0 | BC33: WRWT21720/WRWT25800 | BD33: 0
A34: 45854 | B34: MK68-000891 | C34: บจก.เคอรี่ฟลาวมิลล์ | D34: หีบเพลงแดง | E34: 19 | F34: 32 | G34: ขาว | H34: 0 | I34: 67 | J34: + | K34: 5 | L34: บิด | M34: ไม่สวมถุงใน | N34: 0 | O34: 0 | P34: 0 | Q34: 0 | R34: 0 | S34: ห่ออัดเบลแบน500 | T34: 45871 | U34: 5000 | V34: 0 | W34: 5000 | X34: 5400 | Y34: 0 | Z34: WSWT1921720 | AA34: 0 | AB34: 0 | AC34: 0 | AD34: 0 | AE34: 0 | AF34: PDR250229 | AG34: รอตัด | AH34: P7 | AI34: 2 | AJ34: 45871 | AK34: 0 | AL34: 45862 | AM34: 45869 | AN34: 45870 | AO34: 45870 | AP34: 45866 | AQ34: 0 | AR34: 0 | AS34: 0 | AT34: 0 | AU34: 0 | AV34: 0 | AW34: งานพิมพ์ | AX34: / | AY34: 0 | AZ34: 0 | BA34: 0 | BB34: 0 | BC34: WRWT21720/WRWT25800 | BD34: 0
A35: 45854 | B35: MK68-000890 | C35: บจก.เคอรี่ฟลาวมิลล์ | D35: ถุงเขียว | E35: 19 | F35: 32 | G35: ขาว | H35: 0 | I35: 67 | J35: + | K35: 5 | L35: บิด | M35: ไม่สวมถุงใน | N35: 0 | O35: 0 | P35: 0 | Q35: 0 | R35: 0 | S35: ห่ออัดเบลแบน500 | T35: 45874 | U35: 10000 | V35: 0 | W35: 10000 | X35: 0 | Y35: 10500 | Z35: WSWT1921720 | AA35: 9359.9 | AB35: 9359.9 | AC35: 0 | AD35: 0 | AE35: 0 | AF35: PDR250230 | AG35: ยังไม่ได้พิมพ์ | AH35: P7 | AI35: 2 | AJ35: 45874 | AK35: 0 | AL35: 45865 | AM35: 45872 | AN35: 45873 | AO35: 45873 | AP35: 45869 | AQ35: 0 | AR35: 0 | AS35: 0 | AT35: 0 | AU35: 0 | AV35: 0 | AW35: งานพิมพ์ | AX35: / | AY35: 0 | AZ35: 0 | BA35: 0 | BB35: 0 | BC35: WRWT21720/WRWT25800 | BD35: 0
A36: 45854 | B36: MK68-000890 | C36: บจก.เคอรี่ฟลาวมิลล์ | D36: แต้มแดง | E36: 19 | F36: 32 | G36: ขาว | H36: 0 | I36: 67 | J36: + | K36: 5 | L36: บิด | M36: ไม่สวมถุงใน | N36: 0 | O36: 0 | P36: 0 | Q36: 0 | R36: 0 | S36: ห่ออัดเบลแบน500 | T36: 45874 | U36: 5000 | V36: 5000 | W36: 0 | X36: 5800 | Y36: 0 | Z36: WSWT1921720 | AA36: 0 | AB36: 0 | AC36: 0 | AD36: 0 | AE36: 0 | AF36: PDR250230 | AG36: ยังไม่ได้พิมพ์ | AH36: P7 | AI36: 2 | AJ36: 45874 | AK36: 0 | AL36: 45865 | AM36: 45872 | AN36: 45873 | AO36: 45873 | AP36: 45869 | AQ36: 0 | AR36: 0 | AS36: 0 | AT36: 0 | AU36: 0 | AV36: 0 | AW36: งานพิมพ์ | AX36: / | AY36: 0 | AZ36: 0 | BA36: 0 | BB36: 0 | BC36: WRWT21720/WRWT25800 | BD36: 0
A37: 45854 | B37: MK68-000890 | C37: บจก.เคอรี่ฟลาวมิลล์ | D37: ปลาโลมาแดง | E37: 19 | F37: 32 | G37: ขาว | H37: 0 | I37: 67 | J37: + | K37: 5 | L37: บิด | M37: ไม่สวมถุงใน | N37: 0 | O37: 0 | P37: 0 | Q37: 0 | R37: 0 | S37: ห่ออัดเบลแบน500 | T37: 45874 | U37: 5000 | V37: 0 | W37: 5000 | X37: 5250 | Y37: 0 | Z37: WSWT1921720 | AA37: 0 | AB37: 0 | AC37: 0 | AD37: 0 | AE37: 0 | AF37: PDR250230 | AG37: ยังไม่ได้พิมพ์ | AH37: P7 | AI37: 2 | AJ37: 45874 | AK37: 0 | AL37: 45865 | AM37: 45872 | AN37: 45873 | AO37: 45873 | AP37: 45869 | AQ37: 0 | AR37: 0 | AS37: 0 | AT37: 0 | AU37: 0 | AV37: 0 | AW37: งานพิมพ์ | AX37: / | AY37: 0 | AZ37: 0 | BA37: 0 | BB37: 0 | BC37: WRWT21720/WRWT25800 | BD37: 0
A38: 45854 | B38: MK68-000890 | C38: บจก.เคอรี่ฟลาวมิลล์ | D38: ดอกไม้เหลือง | E38: 19 | F38: 32 | G38: ขาว | H38: 0 | I38: 67 | J38: + | K38: 5 | L38: บิด | M38: ไม่สวมถุงใน | N38: 0 | O38: 0 | P38: 0 | Q38: 0 | R38: 0 | S38: ห่ออัดเบลแบน500 | T38: 45874 | U38: 5000 | V38: 0 | W38: 5000 | X38: 0 | Y38: 5250 | Z38: WSWT1921720 | AA38: 4679.95 | AB38: 4679.95 | AC38: 0 | AD38: 0 | AE38: 0 | AF38: PDR250230 | AG38: ยังไม่ได้พิมพ์ | AH38: P7 | AI38: 2 | AJ38: 45874 | AK38: 0 | AL38: 45865 | AM38: 45872 | AN38: 45873 | AO38: 45873 | AP38: 45869 | AQ38: 0 | AR38: 0 | AS38: 0 | AT38: 0 | AU38: 0 | AV38: 0 | AW38: งานพิมพ์ | AX38: / | AY38: 0 | AZ38: 0 | BA38: 0 | BB38: 0 | BC38: WRWT21720/WRWT25800 | BD38: 0
A39: 45854 | B39: MK68-000891 | C39: บจก.เคอรี่ฟลาวมิลล์ | D39: ดอกไม้ม่วง | E39: 19 | F39: 32 | G39: ขาว | H39: 0 | I39: 67 | J39: + | K39: 5 | L39: บิด | M39: ไม่สวมถุงใน | N39: 0 | O39: 0 | P39: 0 | Q39: 0 | R39: 0 | S39: ห่ออัดเบลแบน500 | T39: 45874 | U39: 5000 | V39: 0 | W39: 5000 | X39: 0 | Y39: 5250 | Z39: WSWT1921720 | AA39: 4679.95 | AB39: 4679.95 | AC39: 0 | AD39: 0 | AE39: 0 | AF39: PDR250231 | AG39: ยังไม่ได้พิมพ์ | AH39: P7 | AI39: 2 | AJ39: 45874 | AK39: 0 | AL39: 45865 | AM39: 45872 | AN39: 45873 | AO39: 45873 | AP39: 45869 | AQ39: 0 | AR39: 0 | AS39: 0 | AT39: 0 | AU39: 0 | AV39: 0 | AW39: งานพิมพ์ | AX39: / | AY39: 0 | AZ39: 0 | BA39: 0 | BB39: 0 | BC39: WRWT21720/WRWT25800 | BD39: 0
A40: 45854 | B40: MK68-000891 | C40: บจก.เคอรี่ฟลาวมิลล์ | D40: ดอกไม้แดง | E40: 19 | F40: 32 | G40: ขาว | H40: 0 | I40: 67 | J40: + | K40: 5 | L40: บิด | M40: ไม่สวมถุงใน | N40: 0 | O40: 0 | P40: 0 | Q40: 0 | R40: 0 | S40: ห่ออัดเบลแบน500 | T40: 45874 | U40: 5000 | V40: 0 | W40: 5000 | X40: 0 | Y40: 5250 | Z40: WSWT1921720 | AA40: 4679.95 | AB40: 4679.95 | AC40: 0 | AD40: 0 | AE40: 0 | AF40: PDR250231 | AG40: รอตัด | AH40: P7 | AI40: 2 | AJ40: 45874 | AK40: 0 | AL40: 45865 | AM40: 45872 | AN40: 45873 | AO40: 45873 | AP40: 45869 | AQ40: 0 | AR40: 0 | AS40: 0 | AT40: 0 | AU40: 0 | AV40: 0 | AW40: งานพิมพ์ | AX40: / | AY40: 0 | AZ40: 0 | BA40: 0 | BB40: 0 | BC40: WRWT21720/WRWT25800 | BD40: 0
... A52: 45857 | B52: MK68-000909 | C52: บจก.เคอรี่ฟลาวมิลล์ | D52: WHOLE WHEAT | E52: 19 | F52: 32 | G52: ขาว | H52: 0 | I52: 67 | J52: + | K52: 5 | L52: บิด | M52: ไม่สวมถุงใน | N52: 0 | O52: 0 | P52: 0 | Q52: 0 | R52: 0 | S52: ห่ออัดเบลแบน500 | T52: 45876 | U52: 5000 | V52: 0 | W52: 5000 | X52: 0 | Y52: 5250 | Z52: WSWT1921720 | AA52: 4679.95 | AB52: 0 | AC52: 4679.95 | AD52: 0 | AE52: 0 | AF52: PDR250237 | AG52: ยังไม่ได้พิมพ์ | AH52: P7 | AI52: 2 | AJ52: 45876 | AK52: 0 | AL52: 45867 | AM52: 45874 | AN52: 45875 | AO52: 45875 | AP52: 45871 | AQ52: 0 | AR52: 0 | AS52: 0 | AT52: 0 | AU52: 0 | AV52: 0 | AW52: งานพิมพ์ | AX52: / | AY52: 0 | AZ52: 0 | BA52: 0 | BB52: 0 | BC52: WRWT21720/WRWT25800 | BD52: 352.51463
A53: 45857 | B53: MK68-000909 | C53: บจก.เคอรี่ฟลาวมิลล์ | D53: BS | E53: 19 | F53: 32 | G53: ขาว | H53: 0 | I53: 67 | J53: + | K53: 5 | L53: บิด | M53: ไม่สวมถุงใน | N53: 0 | O53: 0 | P53: 0 | Q53: 0 | R53: 0 | S53: ห่ออัดเบลแบน500 | T53: 45878 | U53: 5000 | V53: 4923 | W53: 77 | X53: 5250 | Y53: 0 | Z53: WSWT1921720 | AA53: 0 | AB53: 0 | AC53: 0 | AD53: 0 | AE53: 0 | AF53: PDR250243 | AG53: รอตัด | AH53: P7 | AI53: 2 | AJ53: 45878 | AK53: 0 | AL53: 45869 | AM53: 45876 | AN53: 45877 | AO53: 45877 | AP53: 45873 | AQ53: 0 | AR53: 0 | AS53: 0 | AT53: 0 | AU53: 0 | AV53: 0 | AW53: งานพิมพ์ | AX53: 0 | AY53: 0 | AZ53: 0 | BA53: 0 | BB53: 0 | BC53: WRWT21720/WRWT25800 | BD53: 0
A54: 45854 | B54: MK68-000890 | C54: บจก.เคอรี่ฟลาวมิลล์ | D54: ถุงเขียว | E54: 19 | F54: 32 | G54: ขาว | H54: 0 | I54: 67 | J54: + | K54: 5 | L54: บิด | M54: ไม่สวมถุงใน | N54: 0 | O54: 0 | P54: 0 | Q54: 0 | R54: 0 | S54: ห่ออัดเบลแบน500 | T54: 45878 | U54: 10000 | V54: 0 | W54: 10000 | X54: 0 | Y54: 10500 | Z54: WSWT1921720 | AA54: 9359.9 | AB54: 0 | AC54: 9359.9 | AD54: 0 | AE54: 0 | AF54: PDR250233 | AG54: ยังไม่ได้พิมพ์ | AH54: P7 | AI54: 2 | AJ54: 45878 | AK54: 0 | AL54: 45869 | AM54: 45876 | AN54: 45877 | AO54: 45877 | AP54: 45873 | AQ54: 0 | AR54: 0 | AS54: 0 | AT54: 0 | AU54: 0 | AV54: 0 | AW54: งานพิมพ์ | AX54: / | AY54: 0 | AZ54: 0 | BA54: 0 | BB54: 0 | BC54: WRWT21720/WRWT25800 | BD54: 705.02927
A55: 45854 | B55: MK68-000890 | C55: บจก.เคอรี่ฟลาวมิลล์ | D55: ดอกไม้เขียว | E55: 19 | F55: 32 | G55: ขาว | H55: 0 | I55: 67 | J55: + | K55: 5 | L55: บิด | M55: ไม่สวมถุงใน | N55: 0 | O55: 0 | P55: 0 | Q55: 0 | R55: 0 | S55: ห่ออัดเบลแบน500 | T55: 45878 | U55: 5000 | V55: 0 | W55: 5000 | X55: 0 | Y55: 5250 | Z55: WSWT1921720 | AA55: 4679.95 | AB55: 0 | AC55: 4679.95 | AD55: 0 | AE55: 0 | AF55: PDR250233 | AG55: ยังไม่ได้พิมพ์ | AH55: P7 | AI55: 2 | AJ55: 45878 | AK55: 0 | AL55: 45869 | AM55: 45876 | AN55: 45877 | AO55: 45877 | AP55: 45873 | AQ55: 0 | AR55: 0 | AS55: 0 | AT55: 0 | AU55: 0 | AV55: 0 | AW55: งานพิมพ์ | AX55: / | AY55: 0 | AZ55: 0 | BA55: 0 | BB55: 0 | BC55: WRWT21720/WRWT25800 | BD55: 352.51463
A56: 45854 | B56: MK68-000890 | C56: บจก.เคอรี่ฟลาวมิลล์ | D56: FW-Y | E56: 19 | F56: 32 | G56: ขาว | H56: 0 | I56: 67 | J56: + | K56: 5 | L56: ไม่ | M56: ไม่สวมถุงใน | N56: 0 | O56: 0 | P56: 0 | Q56: 0 | R56: 0 | S56: ห่ออัดเบลแบน500 | T56: 45878 | U56: 5000 | V56: 0 | W56: 5000 | X56: 5250 | Y56: 0 | Z56: WSWT1921720 | AA56: 0 | AB56: 0 | AC56: 0 | AD56: 0 | AE56: 0 | AF56: PDR250233 | AG56: ยังไม่ได้พิมพ์ | AH56: P7 | AI56: 2 | AJ56: 45878 | AK56: 0 | AL56: 45869 | AM56: 45876 | AN56: 45877 | AO56: 45877 | AP56: 45873 | AQ56: 0 | AR56: 0 | AS56: 0 | AT56: 0 | AU56: 0 | AV56: 0 | AW56: งานพิมพ์ | AX56: / | AY56: 0 | AZ56: 0 | BA56: 0 | BB56: 0 | BC56: WRWT21720/WRWT25800 | BD56: 0
A57: 45854 | B57: MK68-000890 | C57: บจก.เคอรี่ฟลาวมิลล์ | D57: บลูทีมเหลือง | E57: 19 | F57: 32 | G57: ขาว | H57: 0 | I57: 67 | J57: + | K57: 5 | L57: บิด | M57: ไม่สวมถุงใน | N57: 0 | O57: 0 | P57: 0 | Q57: 0 | R57: 0 | S57: ห่ออัดเบลแบน500 | T57: 45878 | U57: 5000 | V57: 0 | W57: 5000 | X57: 0 | Y57: 5250 | Z57: WSWT1921720 | AA57: 4679.95 | AB57: 0 | AC57: 4679.95 | AD57: 0 | AE57: 0 | AF57: PDR250233 | AG57: ยังไม่ได้พิมพ์ | AH57: P7 | AI57: 2 | AJ57: 45878 | AK57: 0 | AL57: 45869 | AM57: 45876 | AN57: 45877 | AO57: 45877 | AP57: 45873 | AQ57: 0 | AR57: 0 | AS57: 0 | AT57: 0 | AU57: 0 | AV57: 0 | AW57: งานพิมพ์ | AX57: / | AY57: 0 | AZ57: 0 | BA57: 0 | BB57: 0 | BC57: WRWT21720/WRWT25800 | BD57: 352.51463
A58: 45857 | B58: MK68-000909 | C58: บจก.เคอรี่ฟลาวมิลล์ | D58: บะหมี่เตี๊ยว | E58: 19 | F58: 32 | G58: ขาว | H58: 0 | I58: 67 | J58: + | K58: 5 | L58: บิด | M58: ไม่สวมถุงใน | N58: 0 | O58: 0 | P58: 0 | Q58: 0 | R58: 0 | S58: ห่ออัดเบลแบน500 | T58: 45878 | U58: 5000 | V58: 0 | W58: 5000 | X58: 0 | Y58: 5250 | Z58: WSWT1921720 | AA58: 4679.95 | AB58: 0 | AC58: 4679.95 | AD58: 0 | AE58: 0 | AF58: PDR250238 | AG58: ผ้าขาว | AH58: P7 | AI58: 2 | AJ58: 45878 | AK58: 0 | AL58: 45869 | AM58: 45876 | AN58: 45877 | AO58: 45877 | AP58: 45873 | AQ58: 0 | AR58: 0 | AS58: 0 | AT58: 0 | AU58: 0 | AV58: 0 | AW58: งานพิมพ์ | AX58: / | AY58: 0 | AZ58: 0 | BA58: 0 | BB58: 0 | BC58: WRWT21720/WRWT25800 | BD58: 352.51463
A59: 45857 | B59: MK68-000909 | C59: บจก.เคอรี่ฟลาวมิลล์ | D59: ถุงเขียว | E59: 19 | F59: 32 | G59: ขาว | H59: 0 | I59: 67 | J59: + | K59: 5 | L59: บิด | M59: ไม่สวมถุงใน | N59: 0 | O59: 0 | P59: 0 | Q59: 0 | R59: 0 | S59: ห่ออัดเบลแบน500 | T59: 45878 | U59: 10000 | V59: 0 | W59: 10000 | X59: 0 | Y59: 10500 | Z59: WSWT1921720 | AA59: 9359.9 | AB59: 0 | AC59: 9359.9 | AD59: 0 | AE59: 0 | AF59: PDR250238 | AG59: ยังไม่ได้พิมพ์ | AH59: P7 | AI59: 2 | AJ59: 45878 | AK59: 0 | AL59: 45869 | AM59: 45876 | AN59: 45877 | AO59: 45877 | AP59: 45873 | AQ59: 0 | AR59: 0 | AS59: 0 | AT59: 0 | AU59: 0 | AV59: 0 | AW59: งานพิมพ์ | AX59: / | AY59: 0 | AZ59: 0 | BA59: 0 | BB59: 0 | BC59: WRWT21720/WRWT25800 | BD59: 705.02927
A60: 45857 | B60: MK68-000909 | C60: บจก.เคอรี่ฟลาวมิลล์ | D60: ถุงทองแซนวิช | E60: 19 | F60: 32 | G60: ขาว | H60: 0 | I60: 67 | J60: + | K60: 5 | L60: บิด | M60: ไม่สวมถุงใน | N60: 0 | O60: 0 | P60: 0 | Q60: 0 | R60: 0 | S60: ห่ออัดเบลแบน500 | T60: 45878 | U60: 10000 | V60: 0 | W60: 10000 | X60: 0 | Y60: 10500 | Z60: WSWT1921720 | AA60: 9359.9 | AB60: 0 | AC60: 9359.9 | AD60: 0 | AE60: 0 | AF60: PDR250238 | AG60: ยังไม่ได้พิมพ์ | AH60: P7 | AI60: 2 | AJ60: 45878 | AK60: 0 | AL60: 45869 | AM60: 45876 | AN60: 45877 | AO60: 45877 | AP60: 45873 | AQ60: 0 | AR60: 0 | AS60: 0 | AT60: 0 | AU60: 0 | AV60: 0 | AW60: งานพิมพ์ | AX60: / | AY60: 0 | AZ60: 0 | BA60: 0 | BB60: 0 | BC60: WRWT21720/WRWT25800 | BD60: 705.02927
A61: 45857 | B61: MK68-000911 | C61: บจก.เคอรี่ฟลาวมิลล์ | D61: ไม่พิมพ์ | E61: 19 | F61: 36 | G61: ขาว | H61: 0 | I61: 75 | J61: + | K61: 5 | L61: ไม่ | M61: ไม่สวมถุงใน | N61: 0 | O61: 0 | P61: 0 | Q61: 0 | R61: 0 | S61: ห่ออัดเบลแบน500 | T61: 45883 | U61: 10000 | V61: 0 | W61: 10000 | X61: 0 | Y61: 0 | Z61: WSWT1921720 | AA61: 10477.5 | AB61: 0 | AC61: 10477.5 | AD61: 0 | AE61: 0 | AF61: PDR250239 | AG61: รอตัด | AH61: P3 | AI61: 1 | AJ61: 45883 | AK61: 0 | AL61: 0 | AM61: 0 | AN61: 0 | AO61: 45882 | AP61: 45878 | AQ61: 0 | AR61: 0 | AS61: 0 | AT61: 0 | AU61: 0 | AV61: 0 | AW61: ตัด | AX61: 0 | AY61: 0 | AZ61: 0 | BA61: 0 | BB61: 0 | BC61: WRWT21720/WRWT25800 | BD61: 789.21187
A62: 45857 | B62: MK68-000910 | C62: บจก.เคอรี่ฟลาวมิลล์ | D62: ดอกไม้ม่วง | E62: 19 | F62: 32 | G62: ขาว | H62: 0 | I62: 67 | J62: + | K62: 5 | L62: บิด | M62: ไม่สวมถุงใน | N62: 0 | O62: 0 | P62: 0 | Q62: 0 | R62: 0 | S62: ห่ออัดเบลแบน500 | T62: 45883 | U62: 5000 | V62: 0 | W62: 5000 | X62: 0 | Y62: 5250 | Z62: WSWT1921720 | AA62: 4679.95 | AB62: 0 | AC62: 4679.95 | AD62: 0 | AE62: 0 | AF62: PDR250239 | AG62: ยังไม่ได้พิมพ์ | AH62: P7 | AI62: 2 | AJ62: 45883 | AK62: 0 | AL62: 45874 | AM62: 45881 | AN62: 45882 | AO62: 45882 | AP62: 45878 | AQ62: 0 | AR62: 0 | AS62: 0 | AT62: 0 | AU62: 0 | AV62: 0 | AW62: งานพิมพ์ | AX62: / | AY62: 0 | AZ62: 0 | BA62: 0 | BB62: 0 | BC62: WRWT21720/WRWT25800 | BD62: 352.51463
A63: 45857 | B63: MK68-000910 | C63: บจก.เคอรี่ฟลาวมิลล์ | D63: ดอกไม้แดง | E63: 19 | F63: 32 | G63: ขาว | H63: 0 | I63: 67 | J63: + | K63: 5 | L63: บิด | M63: ไม่สวมถุงใน | N63: 0 | O63: 0 | P63: 0 | Q63: 0 | R63: 0 | S63: ห่ออัดเบลแบน500 | T63: 45883 | U63: 5000 | V63: 0 | W63: 5000 | X63: 0 | Y63: 5250 | Z63: WSWT1921720 | AA63: 4679.95 | AB63: 0 | AC63: 4679.95 | AD63: 0 | AE63: 0 | AF63: PDR250239 | AG63: พร้อมส่ง | AH63: P7 | AI63: 2 | AJ63: 45883 | AK63: 0 | AL63: 45874 | AM63: 45881 | AN63: 45882 | AO63: 45882 | AP63: 45878 | AQ63: 0 | AR63: 0 | AS63: 0 | AT63: 0 | AU63: 0 | AV63: 0 | AW63: งานพิมพ์ | AX63: / | AY63: 0 | AZ63: 0 | BA63: 0 | BB63: 0 | BC63: WRWT21720/WRWT25800 | BD63: 352.51463
A64: 45857 | B64: MK68-000910 | C64: บจก.เคอรี่ฟลาวมิลล์ | D64: KFM | E64: 19 | F64: 32 | G64: ขาว | H64: 0 | I64: 67 | J64: + | K64: 5 | L64: ไม่ | M64: ไม่สวมถุงใน | N64: 0 | O64: 0 | P64: 0 | Q64: 0 | R64: 0 | S64: ห่ออัดเบลแบน500 | T64: 45883 | U64: 5000 | V64: 0 | W64: 5000 | X64: 5300 | Y64: 0 | Z64: WSWT1921720 | AA64: 0 | AB64: 0 | AC64: 0 | AD64: 0 | AE64: 0 | AF64: PDR250239 | AG64: ยังไม่ได้พิมพ์ | AH64: P7 | AI64: 2 | AJ64: 45883 | AK64: 0 | AL64: 45874 | AM64: 45881 | AN64: 45882 | AO64: 45882 | AP64: 45878 | AQ64: 0 | AR64: 0 | AS64: 0 | AT64: 0 | AU64: 0 | AV64: 0 | AW64: งานพิมพ์ | AX64: / | AY64: 0 | AZ64: 0 | BA64: 0 | BB64: 0 | BC64: WRWT21720/WRWT25800 | BD64: 0
A65: 45857 | B65: MK68-000910 | C65: บจก.เคอรี่ฟลาวมิลล์ | D65: ถุงทองแซนวิช | E65: 19 | F65: 32 | G65: ขาว | H65: 0 | I65: 67 | J65: + | K65: 5 | L65: บิด | M65: ไม่สวมถุงใน | N65: 0 | O65: 0 | P65: 0 | Q65: 0 | R65: 0 | S65: ห่ออัดเบลแบน500 | T65: 45885 | U65: 10000 | V65: 0 | W65: 10000 | X65: 0 | Y65: 10500 | Z65: WSWT1921720 | AA65: 9359.9 | AB65: 0 | AC65: 9359.9 | AD65: 0 | AE65: 0 | AF65: PDR250240 | AG65: รอตัด | AH65: P7 | AI65: 2 | AJ65: 45885 | AK65: 0 | AL65: 45876 | AM65: 45883 | AN65: 45884 | AO65: 45884 | AP65: 45880 | AQ65: 0 | AR65: 0 | AS65: 0 | AT65: 0 | AU65: 0 | AV65: 0 | AW65: งานพิมพ์ | AX65: / | AY65: 0 | AZ65: 0 | BA65: 0 | BB65: 0 | BC65: WRWT21720/WRWT25800 | BD65: 705.02927
A66: 45857 | B66: MK68-000910 | C66: บจก.เคอรี่ฟลาวมิลล์ | D66: ถุงเงิน | E66: 19 | F66: 32 | G66: ขาว | H66: 0 | I66: 67 | J66: + | K66: 5 | L66: บิด | M66: ไม่สวมถุงใน | N66: 0 | O66: 0 | P66: 0 | Q66: 0 | R66: 0 | S66: ห่ออัดเบลแบน500 | T66: 45885 | U66: 5000 | V66: 5000 | W66: 0 | X66: 5250 | Y66: 0 | Z66: WSWT1921720 | AA66: 0 | AB66: 0 | AC66: 0 | AD66: 0 | AE66: 0 | AF66: PDR250240 | AG66: ยังไม่ได้พิมพ์ | AH66: P7 | AI66: 2 | AJ66: 45885 | AK66: 0 | AL66: 45876 | AM66: 45883 | AN66: 45884 | AO66: 45884 | AP66: 45880 | AQ66: 0 | AR66: 0 | AS66: 0 | AT66: 0 | AU66: 0 | AV66: 0 | AW66: งานพิมพ์ | AX66: / | AY66: 0 | AZ66: 0 | BA66: 0 | BB66: 0 | BC66: WRWT21720/WRWT25800 | BD66: 0
A67: 45857 | B67: MK68-000910 | C67: บจก.เคอรี่ฟลาวมิลล์ | D67: ปลาโลมาแดง | E67: 19 | F67: 32 | G67: ขาว | H67: 0 | I67: 67 | J67: + | K67: 5 | L67: บิด | M67: ไม่สวมถุงใน | N67: 0 | O67: 0 | P67: 0 | Q67: 0 | R67: 0 | S67: ห่ออัดเบลแบน500 | T67: 45885 | U67: 5000 | V67: 0 | W67: 5000 | X67: 0 | Y67: 5250 | Z67: WSWT1921720 | AA67: 4679.95 | AB67: 0 | AC67: 4679.95 | AD67: 0 | AE67: 0 | AF67: PDR250240 | AG67: ยังไม่ได้พิมพ์ | AH67: P7 | AI67: 2 | AJ67: 45885 | AK67: 0 | AL67: 45876 | AM67: 45883 | AN67: 45884 | AO67: 45884 | AP67: 45880 | AQ67: 0 | AR67: 0 | AS67: 0 | AT67: 0 | AU67: 0 | AV67: 0 | AW67: งานพิมพ์ | AX67: / | AY67: 0 | AZ67: 0 | BA67: 0 | BB67: 0 | BC67: WRWT21720/WRWT25800 | BD67: 352.51463
A68: 45857 | B68: MK68-000910 | C68: บจก.เคอรี่ฟลาวมิลล์ | D68: FW-Y | E68: 19 | F68: 32 | G68: ขาว | H68: 0 | I68: 67 | J68: + | K68: 5 | L68: ไม่ | M68: ไม่สวมถุงใน | N68: 0 | O68: 0 | P68: 0 | Q68: 0 | R68: 0 | S68: ห่ออัดเบลแบน500 | T68: 45885 | U68: 5000 | V68: 0 | W68: 5000 | X68: 5200 | Y68: 0 | Z68: WSWT1921720 | AA68: 0 | AB68: 0 | AC68: 0 | AD68: 0 | AE68: 0 | AF68: PDR250240 | AG68: ยังไม่ได้พิมพ์ | AH68: P7 | AI68: 2 | AJ68: 45885 | AK68: 0 | AL68: 45876 | AM68: 45883 | AN68: 45884 | AO68: 45884 | AP68: 45880 | AQ68: 0 | AR68: 0 | AS68: 0 | AT68: 0 | AU68: 0 | AV68: 0 | AW68: งานพิมพ์ | AX68: / | AY68: 0 | AZ68: 0 | BA68: 0 | BB68: 0 | BC68: WRWT21720/WRWT25800 | BD68: 0
A69: 45857 | B69: MK68-000910 | C69: บจก.เคอรี่ฟลาวมิลล์ | D69: เคเอ็ม | E69: 19 | F69: 32 | G69: ขาว | H69: 0 | I69: 67 | J69: + | K69: 5 | L69: บิด | M69: ไม่สวมถุงใน | N69: 0 | O69: 0 | P69: 0 | Q69: 0 | R69: 0 | S69: ห่ออัดเบลแบน500 | T69: 45888 | U69: 5000 | V69: 0 | W69: 5000 | X69: 0 | Y69: 5250 | Z69: WSWT1921720 | AA69: 4679.95 | AB69: 0 | AC69: 4679.95 | AD69: 0 | AE69: 0 | AF69: PDR250241 | AG69: ยังไม่ได้พิมพ์ | AH69: P7 | AI69: 2 | AJ69: 45888 | AK69: 0 | AL69: 45879 | AM69: 45886 | AN69: 45887 | AO69: 45887 | AP69: 45883 | AQ69: 0 | AR69: 0 | AS69: 0 | AT69: 0 | AU69: 0 | AV69: 0 | AW69: งานพิมพ์ | AX69: / | AY69: 0 | AZ69: 0 | BA69: 0 | BB69: 0 | BC69: WRWT21720/WRWT25800 | BD69: 352.51463
A70: 45857 | B70: MK68-000910 | C70: บจก.เคอรี่ฟลาวมิลล์ | D70: แต้มแดง | E70: 19 | F70: 32 | G70: ขาว | H70: 0 | I70: 67 | J70: + | K70: 5 | L70: บิด | M70: ไม่สวมถุงใน | N70: 0 | O70: 0 | P70: 0 | Q70: 0 | R70: 0 | S70: ห่ออัดเบลแบน500 | T70: 45888 | U70: 5000 | V70: 0 | W70: 5000 | X70: 0 | Y70: 5250 | Z70: WSWT1921720 | AA70: 4679.95 | AB70: 0 | AC70: 4679.95 | AD70: 0 | AE70: 0 | AF70: PDR250241 | AG70: รอแบบ | AH70: P7 | AI70: 2 | AJ70: 45888 | AK70: 0 | AL70: 45879 | AM70: 45886 | AN70: 45887 | AO70: 45887 | AP70: 45883 | AQ70: 0 | AR70: 0 | AS70: 0 | AT70: 0 | AU70: 0 | AV70: 0 | AW70: งานพิมพ์ | AX70: / | AY70: 0 | AZ70: 0 | BA70: 0 | BB70: 0 | BC70: WRWT21720/WRWT25800 | BD70: 352.51463
A71: 45857 | B71: MK68-000910 | C71: บจก.เคอรี่ฟลาวมิลล์ | D71: ดอกไม้เขียว | E71: 19 | F71: 32 | G71: ขาว | H71: 0 | I71: 67 | J71: + | K71: 5 | L71: บิด | M71: ไม่สวมถุงใน | N71: 0 | O71: 0 | P71: 0 | Q71: 0 | R71: 0 | S71: ห่ออัดเบลแบน500 | T71: 45888 | U71: 5000 | V71: 0 | W71: 5000 | X71: 0 | Y71: 5250 | Z71: WSWT1921720 | AA71: 4679.95 | AB71: 0 | AC71: 4679.95 | AD71: 0 | AE71: 0 | AF71: PDR250241 | AG71: พร้อมส่ง | AH71: P7 | AI71: 2 | AJ71: 45888 | AK71: 0 | AL71: 45879 | AM71: 45886 | AN71: 45887 | AO71: 45887 | AP71: 45883 | AQ71: 0 | AR71: 0 | AS71: 0 | AT71: 0 | AU71: 0 | AV71: 0 | AW71: งานพิมพ์ | AX71: / | AY71: 0 | AZ71: 0 | BA71: 0 | BB71: 0 | BC71: WRWT21720/WRWT25800 | BD71: 352.51463
A72: 45857 | B72: MK68-000910 | C72: บจก.เคอรี่ฟลาวมิลล์ | D72: ถุงเขียว | E72: 19 | F72: 32 | G72: ขาว | H72: 0 | I72: 67 | J72: + | K72: 5 | L72: บิด | M72: ไม่สวมถุงใน | N72: 0 | O72: 0 | P72: 0 | Q72: 0 | R72: 0 | S72: ห่ออัดเบลแบน500 | T72: 45888 | U72: 10000 | V72: 0 | W72: 10000 | X72: 0 | Y72: 10500 | Z72: WSWT1921720 | AA72: 9359.9 | AB72: 0 | AC72: 9359.9 | AD72: 0 | AE72: 0 | AF72: PDR250241 | AG72: พร้อมส่ง | AH72: P7 | AI72: 2 | AJ72: 45888 | AK72: 0 | AL72: 45879 | AM72: 45886 | AN72: 45887 | AO72: 45887 | AP72: 45883 | AQ72: 0 | AR72: 0 | AS72: 0 | AT72: 0 | AU72: 0 | AV72: 0 | AW72: งานพิมพ์ | AX72: / | AY72: 0 | AZ72: 0 | BA72: 0 | BB72: 0 | BC72: WRWT21720/WRWT25800 | BD72: 705.02927
A73: ประมาณการ | B73: ประมาณการ | C73: บจก.เคอรี่ฟลาวมิลล์ | D73: รอแบบ | E73: 19 | F73: 32 | G73: ขาว | H73: 0 | I73: 67 | J73: + | K73: 5 | L73: บิด | M73: ไม่สวมถุงใน | N73: 0 | O73: 0 | P73: 0 | Q73: 0 | R73: 0 | S73: ห่ออัดเบลแบน500 | T73: 45899 | U73: 250000 | V73: 0 | W73: 250000 | X73: 0 | Y73: 262500 | Z73: WSWT1921720 | AA73: 233997.5 | AB73: 0 | AC73: 233997.5 | AD73: 0 | AE73: 0 | AF73: 0 | AG73: พร้อมส่ง | AH73: P7 | AI73: 2 | AJ73: 45899 | AK73: 0 | AL73: 45890 | AM73: 45897 | AN73: 45898 | AO73: 45898 | AP73: 45894 | AQ73: 0 | AR73: 0 | AS73: 0 | AT73: 0 | AU73: 0 | AV73: 0 | AW73: งานพิมพ์ | AX73: / | AY73: 0 | AZ73: 0 | BA73: 0 | BB73: 0 | BC73: WRWT21720/WRWT25800 | BD73: 17625.732
A74: 0 | B74: 0 | C74: 0 | D74: 0 | E74: 19 | F74: 30 | G74: 0 | H74: 0 | I74: 63 | J74: + | K74: 5 | L74: 0 | M74: 0 | N74: 0 | O74: 0 | P74: 0 | Q74: 0 | R74: 0 | S74: 0 | U74: 0 | V74: 0 | W74: 0 | X74: 0 | Y74: 0 | Z74: WSWT1921720 | AA74: 403275.06 | AB74: 41000.6 | AC74: 362274.46 | AD74: 0 | AE74: 0 | AF74: ระบุในSD | AG74: พร้อมส่ง | AH74: 0 | AI74: Lead time | AJ74: 0 | AK74: 0 | AL74: 0 | AM74: 0 | AN74: 0 | AO74: 0 | AP74: 0 | AQ74: 0 | AR74: 0 | AS74: 0 | AT74: 0 | AU74: 0 | AV74: 0 | AW74: 0 | AX74: 0 | AY74: 0 | AZ74: 0 | BA74: 0 | BB74: 0 | BC74: WRWT190720/WRWT25800 | BD74: 0
A75: 45855 | B75: MK68-000898 | C75: บจก.เอเชี่ยนเคมิคัล | D75: A.C.C.ภาษาอังกฤษ 8-118 | E75: 19 | F75: 26 | G75: ขาว | H75: ด้าน | I75: 70 | J75: ± | K75: 5 | L75: ไม่ | M75: 20 | N75: 28 | O75: 50 | P75: 0 | Q75: 0 | R75: 0 | S75: มัด100 | T75: 45868 | U75: 15000 | V75: 15000 | W75: 0 | X75: 15978 | Y75: 0 | Z75: WSWT1925800SM | AA75: 0 | AB75: 0 | AC75: 0 | AD75: 0 | AE75: 0 | AF75: 0 | AG75: พร้อมส่ง | AH75: P8 | AI75: 4 | AJ75: 45868 | AK75: 45864 | AL75: 45858 | AM75: 45865 | AN75: 45866 | AO75: 45866 | AP75: 45863 | AQ75: 45867 | AR75: 0 | AS75: 0 | AT75: 0 | AU75: 0 | AV75: 0 | AW75: งานเคลือบ+พิมพ์ | AX75: / | AY75: 0 | AZ75: 0 | BA75: 0 | BB75: 0 | BC75: WRWT25800/WRWT25800 | BD75: 0
A76: 0 | B76: 0 | C76: 0 | D76: 0 | E76: 19 | F76: 30 | G76: 0 | H76: 0 | I76: 56 | J76: ± | K76: 5 | L76: 0 | M76: 0 | N76: 0 | O76: 0 | P76: 0 | Q76: 0 | R76: 0 | S76: 0 | U76: 0 | W76: 0 | X76: 0 | Y76: 0 | Z76: WSWT1925800SM | AA76: 0 | AB76: 0 | AC76: 0 | AD76: 0 | AE76: 0 | AF76: ระบุในSD | AG76: พร้อมส่ง | AH76: 0 | AI76: Lead time | AJ76: 0 | AK76: 0 | AL76: 0 | AM76: 0 | AN76: 0 | AO76: 0 | AP76: 0 | AQ76: 0 | AR76: 0 | AS76: 0 | AT76: 0 | AU76: 0 | AV76: 0 | AW76: 0 | AX76: 0 | AY76: 0 | AZ76: 0 | BA76: 0 | BB76: 0 | BC76: WRWT190800/WRWT25800 | BD76: 0
A77: 45796 | B77: MK68-000680 | C77: บจก.อินเทคค์ โกลบอล | D77: เพอเฟคค์103P โกลด์ | E77: 19 | F77: 34 | G77: ขาว | H77: ด้าน | I77: 100 | J77: ± | K77: 5 | L77: จับจีบ4" | M77: ไม่สวมถุงใน | N77: 0 | O77: 0 | P77: 0 | Q77: 0 | R77: 0 | S77: มัด80 ใช้สายรัด | T77: รอแจ้ง | U77: 503 | V77: 0 | W77: 503 | X77: 5250 | Y77: 0 | Z77: WSWT19251000SM | AA77: 0 | AB77: 0 | AC77: 0 | AD77: 0 | AE77: 0 | AF77: 0 | AG77: พร้อมส่ง | AH77: P6 | AI77: 4 | AJ77: รอแจ้ง | AK77: #VALUE! | AL77: #VALUE! | AM77: #VALUE! | AN77: #VALUE! | AO77: #VALUE! | AP77: #VALUE! | AQ77: 0 | AR77: 0 | AS77: 0 | AT77: 0 | AU77: 0 | AV77: 0 | AW77: งานเคลือบ+พิมพ์ | AX77: / | AY77: 0 | AZ77: 0 | BA77: 0 | BB77: 0 | BC77: WRWT251000/WRWT251000 | BD77: 0
A78: 0 | B78: 0 | C78: 0 | D78: 0 | E78: 19 | F78: 34 | G78: ขาว | H78: 0 | I78: 80 | J78: ± | K78: 5 | L78: 0 | M78: 0 | N78: 0 | O78: 0 | P78: 0 | Q78: 0 | R78: 0 | S78: 0 | U78: 0 | V78: 0 | W78: 0 | X78: 0 | Y78: 0 | Z78: WSWT19251000SM | AA78: 0 | AB78: 0 | AC78: 0 | AD78: 0 | AE78: 0 | AF78: ระบุในSD | AG78: พร้อมส่ง | AH78: 0 | AI78: Lead time | AJ78: 0 | AK78: 0 | AL78: 0 | AM78: 0 | AN78: 0 | AO78: 0 | AP78: 0 | AQ78: 0 | AR78: 0 | AS78: 0 | AT78: 0 | AU78: 0 | AV78: 0 | AW78: 0 | AX78: 0 | AY78: 0 | AZ78: 0 | BA78: 0 | BB78: 0 | BC78: WRWT251000/WRYL251000 | BD78: 0
A79: 45796 | B79: MK68-000672 | C79: บจก.อินเทคค์ โกลบอล | D79: เฟิร์สช้อย 912 | E79: 20 | F79: 36 | G79: ขาว | H79: ด้าน | I79: 100 | J79: ± | K79: 5 | L79: จับจีบ | M79: ไม่สวมถุงใน | N79: 0 | O79: 0 | P79: 0 | Q79: 0 | R79: 0 | S79: มัด80 ใช้สายรัด | T79: 45868 | U79: 3853 | V79: 3853 | W79: 0 | X79: 4500 | Y79: 0 | Z79: WSWT2025800SM | AA79: 0 | AB79: 0 | AC79: 0 | AD79: 0 | AE79: 0 | AF79: ลบสี | AG79: พร้อมส่ง | AH79: P6 | AI79: 4 | AJ79: 45868 | AK79: 45864 | AL79: 45857 | AM79: 45865 | AN79: 45866 | AO79: 45867 | AP79: 45863 | AQ79: 0 | AR79: 0 | AS79: 0 | AT79: 0 | AU79: 0 | AV79: 0 | AW79: งานเคลือบ+พิมพ์ | AX79: / | AY79: 0 | AZ79: 0 | BA79: 0 | BB79: 0 | BC79: WRWT25850/WRWT25850 | BD79: 0
A80: 45857 | B80: MK68-000901 | C80: บจก.อินเทคค์ โกลบอล | D80: เฟิร์สช้อย 912 | E80: 20 | F80: 36 | G80: ขาว | H80: ด้าน | I80: 100 | J80: ± | K80: 5 | L80: จับจีบ | M80: ไม่สวมถุงใน | N80: 0 | O80: 0 | P80: 0 | Q80: 0 | R80: 0 | S80: มัด80 ใช้สายรัด | T80: 45868 | U80: 10000 | V80: 10000 | W80: 0 | X80: 10500 | Y80: 0 | Z80: WSWT2025800SM | AA80: 0 | AB80: 0 | AC80: 0 | AD80: 0 | AE80: 0 | AF80: ลบสี | AG80: พร้อมส่ง | AH80: P6 | AI80: 4 | AJ80: 45868 | AK80: 45864 | AL80: 45857 | AM80: 45865 | AN80: 45866 | AO80: 45867 | AP80: 45863 | AQ80: 0 | AR80: 0 | AS80: 0 | AT80: 0 | AU80: 0 | AV80: 0 | AW80: งานเคลือบ+พิมพ์ | AX80: รอART | AY80: 0 | AZ80: 0 | BA80: 0 | BB80: 0 | BC80: WRWT25850/WRWT25850 | BD80: 0
A81: 45857 | B81: MK68-000902 | C81: บจก.อินเทคค์ โกลบอล | D81: เพอเฟคค์ 000 | E81: 20 | F81: 36 | G81: ขาว | H81: ด้าน | I81: 100 | J81: ± | K81: 5 | L81: จับจีบ | M81: ไม่สวมถุงใน | N81: 0 | O81: 0 | P81: 0 | Q81: 0 | R81: 0 | S81: มัด80 ใช้สายรัด | T81: 45868 | U81: 10000 | V81: 10000 | W81: 0 | X81: 11000 | Y81: 0 | Z81: WSWT2025800SM | AA81: 0 | AB81: 0 | AC81: 0 | AD81: 0 | AE81: 0 | AF81: 0 | AG81: พร้อมส่ง | AH81: P6 | AI81: 4 | AJ81: 45868 | AK81: 45864 | AL81: 45857 | AM81: 45865 | AN81: 45866 | AO81: 45867 | AP81: 45863 | AQ81: 0 | AR81: 0 | AS81: 0 | AT81: 0 | AU81: 0 | AV81: 0 | AW81: งานเคลือบ+พิมพ์ | AX81: รอART | AY81: 0 | AZ81: 0 | BA81: 0 | BB81: 0 | BC81: WRWT25850/WRWT25850 | BD81: 0
A82: 45796 | B82: MK68-000673 | C82: บจก.อินเทคค์ โกลบอล | D82: เพอเฟคค์ 000 | E82: 20 | F82: 36 | G82: ขาว | H82: ด้าน | I82: 100 | J82: ± | K82: 5 | L82: จับจีบ | M82: ไม่สวมถุงใน | N82: 0 | O82: 0 | P82: 0 | Q82: 0 | R82: 0 | S82: มัด80 ใช้สายรัด | T82: 45868 | U82: 179 | V82: 179 | W82: 0 | X82: 200 | Y82: 0 | Z82: WSWT2025800SM | AA82: 0 | AB82: 0 | AC82: 0 | AD82: 0 | AE82: 0 | AF82: 0 | AG82: รอตัด | AH82: P6 | AI82: 4 | AJ82: 45868 | AK82: 45864 | AL82: 45857 | AM82: 45865 | AN82: 45866 | AO82: 45867 | AP82: 45863 | AQ82: 0 | AR82: 0 | AS82: 0 | AT82: 0 | AU82: 0 | AV82: 0 | AW82: งานเคลือบ+พิมพ์ | AX82: / | AY82: 0 | AZ82: 0 | BA82: 0 | BB82: 0 | BC82: WRWT25850/WRWT25850 | BD82: 0
A83: 45857 | B83: MK68-000902 | C83: บจก.อินเทคค์ โกลบอล | D83: เพอเฟคค์911 | E83: 20 | F83: 36 | G83: ขาว | H83: ด้าน | I83: 100 | J83: ± | K83: 5 | L83: จับจีบ | M83: ไม่สวมถุงใน | N83: 0 | O83: 0 | P83: 0 | Q83: 0 | R83: 0 | S83: มัด80 ใช้สายรัด | T83: 45868 | U83: 5040 | V83: 5040 | W83: 0 | X83: 6010 | Y83: 0 | Z83: WSWT2025800SM | AA83: 0 | AB83: 0 | AC83: 0 | AD83: 0 | AE83: 0 | AF83: 0 | AG83: ยังไม่ได้พิมพ์ | AH83: P6 | AI83: 4 | AJ83: 45868 | AK83: 45864 | AL83: 45857 | AM83: 45865 | AN83: 45866 | AO83: 45867 | AP83: 45863 | AQ83: 0 | AR83: 0 | AS83: 0 | AT83: 0 | AU83: 0 | AV83: 0 | AW83: งานเคลือบ+พิมพ์ | AX83: รอART | AY83: 0 | AZ83: 0 | BA83: 0 | BB83: 0 | BC83: WRWT25850/WRWT25850 | BD83: 0
A84: 45857 | B84: MK68-000902 | C84: บจก.อินเทคค์ โกลบอล | D84: เพอเฟคค์912 | E84: 20 | F84: 36 | G84: ขาว | H84: ด้าน | I84: 100 | J84: ± | K84: 5 | L84: จับจีบ | M84: ไม่สวมถุงใน | N84: 0 | O84: 0 | P84: 0 | Q84: 0 | R84: 0 | S84: มัด80 ใช้สายรัด | T84: 45868 | U84: 5040 | V84: 5040 | W84: 0 | X84: 6145 | Y84: 0 | Z84: WSWT2025800SM | AA84: 0 | AB84: 0 | AC84: 0 | AD84: 0 | AE84: 0 | AF84: 0 | AG84: ยังไม่ได้พิมพ์ | AH84: P6 | AI84: 4 | AJ84: 45868 | AK84: 45864 | AL84: 45857 | AM84: 45865 | AN84: 45866 | AO84: 45867 | AP84: 45863 | AQ84: 0 | AR84: 0 | AS84: 0 | AT84: 0 | AU84: 0 | AV84: 0 | AW84: งานเคลือบ+พิมพ์ | AX84: รอART | AY84: 0 | AZ84: 0 | BA84: 0 | BB84: 0 | BC84: WRWT25850/WRWT25850 | BD84: 0
A85: 45857 | B85: MK68-000906 | C85: บจก.อินเทคค์ โกลบอล | D85: สุบรรณ 333 | E85: 20 | F85: 36 | G85: ขาว | H85: ด้าน | I85: 100 | J85: ± | K85: 5 | L85: จับจีบ3.5" | M85: ไม่สวมถุงใน | N85: 0 | O85: 0 | P85: 0 | Q85: 0 | R85: 0 | S85: มัด80 ใช้สายรัด | T85: 45868 | U85: 5040 | V85: 447 | W85: 4593 | X85: 6000 | Y85: 0 | Z85: WSWT2025800SM | AA85: 0 | AB85: 0 | AC85: 0 | AD85: 0 | AE85: 0 | AF85: 0 | AG85: ยังไม่ได้พิมพ์ | AH85: P6 | AI85: 4 | AJ85: 45868 | AK85: 45864 | AL85: 45857 | AM85: 45865 | AN85: 45866 | AO85: 45867 | AP85: 45863 | AQ85: 0 | AR85: 0 | AS85: 0 | AT85: 0 | AU85: 0 | AV85: 0 | AW85: งานเคลือบ+พิมพ์ | AX85: รอART | AY85: 0 | AZ85: 0 | BA85: 0 | BB85: 0 | BC85: WRWT25850/WRWT25850 | BD85: 0
A86: 45847 | B86: MK68-000874 | C86: บจก.เอสพีเอ็ม อาหารสัตว์ | D86: SPM 912 | E86: 20 | F86: 38 | G86: ขาว | H86: ด้าน | I86: 100 | J86: ± | K86: 5 | L86: บิด | M86: ไม่สวมถุงใน | N86: 0 | O86: 0 | P86: 0 | Q86: 0 | R86: 0 | S86: 500กระสอบแบน | T86: 45876 | U86: 3000 | V86: 0 | W86: 3000 | X86: 0 | Y86: 3150 | Z86: WSWT2025800SM | AA86: 3310.89 | AB86: 3310.89 | AC86: 0 | AD86: 3310.89 | AE86: 0 | AF86: 0 | AG86: รอแบบ | AH86: P6 | AI86: 4 | AJ86: 45876 | AK86: 45872 | AL86: 45865 | AM86: 45873 | AN86: 45874 | AO86: 45875 | AP86: 45871 | AQ86: 0 | AR86: 0 | AS86: 0 | AT86: 0 | AU86: 0 | AV86: 0 | AW86: งานเคลือบ+พิมพ์ | AX86: รอART | AY86: 0 | AZ86: 0 | BA86: 0 | BB86: 0 | BC86: WRWT25850/WRWT25850 | BD86: 0
A87: 45863 | B87: MK68-000928 | C87: บจก.เอสพีเอ็ม อาหารสัตว์ | D87: SPM 212 | E87: 20 | F87: 40 | G87: ขาว | H87: ด้าน | I87: 108 | J87: ± | K87: 5 | L87: บิด | M87: ไม่สวมถุงใน | N87: 0 | O87: 0 | P87: 0 | Q87: 0 | R87: 0 | S87: 500กระสอบแบน | T87: 45876 | U87: 3000 | V87: 0 | W87: 3000 | X87: 0 | Y87: 3150 | Z87: WSWT2025800SM | AA87: 3478.53 | AB87: 3478.53 | AC87: 0 | AD87: 3478.53 | AE87: 0 | AF87: 0 | AG87: รอแบบ | AH87: P6 | AI87: 4 | AJ87: 45876 | AK87: 45872 | AL87: 45865 | AM87: 45873 | AN87: 45874 | AO87: 45875 | AP87: 45871 | AQ87: 0 | AR87: 0 | AS87: 0 | AT87: 0 | AU87: 0 | AV87: 0 | AW87: งานเคลือบ+พิมพ์ | AX87: / | AY87: 0 | AZ87: 0 | BA87: 0 | BB87: 0 | BC87: WRWT25850/WRWT25850 | BD87: 0
A88: 45850 | B88: MK68-000880 | C88: บจก.เอพีเอ็ม อะโกร | D88: SPM195 GOAL | E88: 20 | F88: 38 | G88: ขาว | H88: ใส | I88: 100 | J88: ± | K88: 5 | L88: บิด | M88: ไม่สวมถุงใน | N88: 0 | O88: 0 | P88: 0 | Q88: 0 | R88: 0 | S88: 500กระสอบแบน | T88: 45889 | U88: 4000 | V88: 0 | W88: 4000 | X88: 0 | Y88: 4200 | Z88: WSWT2025800SM | AA88: 4414.52 | AB88: 4414.52 | AC88: 0 | AD88: 4414.52 | AE88: 0 | AF88: 0 | AG88: รอแบบ | AH88: P6 | AI88: 4 | AJ88: 45889 | AK88: 45885 | AL88: 45878 | AM88: 45886 | AN88: 45887 | AO88: 45888 | AP88: 45884 | AQ88: 0 | AR88: 0 | AS88: 0 | AT88: 0 | AU88: 0 | AV88: 0 | AW88: งานเคลือบ+พิมพ์ | AX88: / | AY88: 0 | AZ88: 0 | BA88: 0 | BB88: 0 | BC88: WRWT25850/WRWT25850 | BD88: 0
A89: ประมาณการ | B89: ประมาณการ | C89: บจก.อินเทคค์ โกลบอล | D89: รอแบบ | E89: 20 | F89: 36 | G89: ขาว | H89: ด้าน | I89: 100 | J89: ± | K89: 5 | L89: จับจีบ | M89: ไม่สวมถุงใน | N89: 0 | O89: 0 | P89: 0 | Q89: 0 | R89: 0 | S89: มัด80 ใช้สายรัด | T89: 45899 | U89: 100000 | V89: 0 | W89: 100000 | X89: 0 | Y89: 105000 | Z89: WSWT2025800SM | AA89: 104775 | AB89: 56666 | AC89: 48109 | AD89: 0 | AE89: 104775 | AF89: 0 | AG89: รอแบบ | AH89: P6 | AI89: 4 | AJ89: 45899 | AK89: 45895 | AL89: 45888 | AM89: 45896 | AN89: 45897 | AO89: 45898 | AP89: 45894 | AQ89: 0 | AR89: 0 | AS89: 0 | AT89: 0 | AU89: 0 | AV89: 0 | AW89: งานเคลือบ+พิมพ์ | AX89: รอART | AY89: 0 | AZ89: 0 | BA89: 0 | BB89: 0 | BC89: WRWT25850/WRWT25850 | BD89: 3634.9022
A90: ประมาณการ | B90: ประมาณการ | C90: บจก.เอสพีเอ็ม อาหารสัตว์ | D90: รอแบบ | E90: 20 | F90: 38 | G90: ขาว | H90: ใส | I90: 100 | J90: ± | K90: 5 | L90: บิด | M90: ไม่สวมถุงใน | N90: 0 | O90: 0 | P90: 0 | Q90: 0 | R90: 0 | S90: 500กระสอบแบน | T90: 45899 | U90: 20000 | V90: 0 | W90: 20000 | X90: 0 | Y90: 21000 | Z90: WSWT2025800SM | AA90: 22072.6 | AB90: 0 | AC90: 22072.6 | AD90: 0 | AE90: 22072.6 | AF90: 0 | AG90: พร้อมส่ง | AH90: P6 | AI90: 4 | AJ90: 45899 | AK90: 45895 | AL90: 45888 | AM90: 45896 | AN90: 45897 | AO90: 45898 | AP90: 45894 | AQ90: 0 | AR90: 0 | AS90: 0 | AT90: 0 | AU90: 0 | AV90: 0 | AW90: งานเคลือบ+พิมพ์ | AX90: รอART | AY90: 0 | AZ90: 0 | BA90: 0 | BB90: 0 | BC90: WRWT25850/WRWT25850 | BD90: 1667.7076
A91: ประมาณการ | B91: ประมาณการ | C91: บจก.ไทยธรรมดี | D91: รอแบบ | E91: 20 | F91: 37 | G91: ขาว | H91: ด้าน | I91: 97 | J91: ± | K91: 5 | L91: บิด | M91: ไม่สวมถุงใน | N91: 0 | O91: 0 | P91: 0 | Q91: 0 | R91: 0 | S91: 500กระสอบ | T91: 45899 | U91: 20000 | V91: 0 | W91: 20000 | X91: 0 | Y91: 21000 | Z91: WSWT2025800SM | AA91: 21513.8 | AB91: 0 | AC91: 21513.8 | AD91: 0 | AE91: 21513.8 | AF91: 0 | AG91: พร้อมส่ง | AH91: P6 | AI91: 4 | AJ91: 45899 | AK91: 45895 | AL91: 45888 | AM91: 45896 | AN91: 45897 | AO91: 45898 | AP91: 45894 | AQ91: 0 | AR91: 0 | AS91: 0 | AT91: 0 | AU91: 0 | AV91: 0 | AW91: งานเคลือบ+พิมพ์ | AX91: รอART | AY91: 0 | AZ91: 0 | BA91: 0 | BB91: 0 | BC91: WRWT25850/WRWT25850 | BD91: 1625.4871
A92: ประมาณการ | B92: ประมาณการ | C92: บจก.ซันฟีด | D92: รอแบบ | E92: 20 | F92: 38 | G92: ขาว | H92: ด้าน | I92: 100 | J92: + | K92: 0 | L92: บิด | M92: ไม่สวมถุงใน | N92: 0 | O92: 0 | P92: 0 | Q92: 0 | R92: 0 | S92: 300กระสอบแบนเต็มใบ | T92: รอแจ้ง | U92: 100000 | V92: 0 | W92: 100000 | X92: 0 | Y92: 105000 | Z92: WSWT2025800SM | AA92: 110363 | AB92: 0 | AC92: 110363 | AD92: 0 | AE92: 110363 | AF92: 0 | AG92: พร้อมส่ง | AH92: P6 | AI92: 4 | AJ92: รอแจ้ง | AK92: #VALUE! | AL92: #VALUE! | AM92: #VALUE! | AN92: #VALUE! | AO92: #VALUE! | AP92: #VALUE! | AQ92: 0 | AR92: 0 | AS92: 0 | AT92: 0 | AU92: 0 | AV92: 0 | AW92: งานเคลือบ+พิมพ์ | AX92: รอART | AY92: 0 | AZ92: 0 | BA92: 0 | BB92: 0 | BC92: WRWT25850/WRWT25850 | BD92: 8338.5378
A93: 45825 | B93: MK68-000796 | C93: บจก.อินเทคค์ โกลบอล | D93: เฟิร์สช้อย 911 | E93: 20 | F93: 36 | G93: ขาว | H93: ด้าน | I93: 100 | J93: ± | K93: 5 | L93: จับจีบ4" | M93: ไม่สวมถุงใน | N93: 0 | O93: 0 | P93: 0 | Q93: 0 | R93: 0 | S93: มัด80 ใช้สายรัด | T93: รอแจ้ง | U93: 127 | V93: 0 | W93: 127 | X93: 6000 | Y93: 0 | Z93: WSWT2025800SM | AA93: 0 | AB93: 0 | AC93: 0 | AD93: 0 | AE93: 0 | AF93: 0 | AG93: รอตัด | AH93: P6 | AI93: 4 | AJ93: รอแจ้ง | AK93: #VALUE! | AL93: #VALUE! | AM93: #VALUE! | AN93: #VALUE! | AO93: #VALUE! | AP93: #VALUE! | AQ93: 0 | AR93: 0 | AS93: 0 | AT93: 0 | AU93: 0 | AV93: 0 | AW93: งานเคลือบ+พิมพ์ | AX93: / | AY93: 0 | AZ93: 0 | BA93: 0 | BB93: 0 | BC93: WRWT25850/WRWT25850 | BD93: 0
A94: 45825 | B94: MK68-000801 | C94: บจก.อินเทคค์ โกลบอล | D94: สุบรรณ 111 | E94: 20 | F94: 36 | G94: ขาว | H94: ด้าน | I94: 100 | J94: ± | K94: 5 | L94: จับจีบ3.5" | M94: ไม่สวมถุงใน | N94: 0 | O94: 0 | P94: 0 | Q94: 0 | R94: 0 | S94: มัด80 ใช้สายรัด | T94: รอแจ้ง | U94: 894 | V94: 525 | W94: 369 | X94: 6000 | Y94: 0 | Z94: WSWT2025800SM | AA94: 0 | AB94: 0 | AC94: 0 | AD94: 0 | AE94: 0 | AF94: 0 | AG94: พร้อมส่ง | AH94: P6 | AI94: 4 | AJ94: รอแจ้ง | AK94: #VALUE! | AL94: #VALUE! | AM94: #VALUE! | AN94: #VALUE! | AO94: #VALUE! | AP94: #VALUE! | AQ94: 0 | AR94: 0 | AS94: 0 | AT94: 0 | AU94: 0 | AV94: 0 | AW94: งานเคลือบ+พิมพ์ | AX94: / | AY94: 0 | AZ94: 0 | BA94: 0 | BB94: 0 | BC94: WRWT25850/WRWT25850 | BD94: 0
A95: 45827 | B95: MK68-000810 | C95: บจก.อินเทคค์ โกลบอล | D95: เฟิร์สคลาส 912 | E95: 20 | F95: 35 | G95: ขาว | H95: ด้าน | I95: 97 | J95: ± | K95: 5 | L95: จับจีบ4" | M95: ไม่สวมถุงใน | N95: 0 | O95: 0 | P95: 0 | Q95: 0 | R95: 0 | S95: มัด80 ใช้สายรัด | T95: รอแจ้ง | U95: 455 | V95: 0 | W95: 455 | X95: 6000 | Y95: 0 | Z95: WSWT2025800SM | AA95: 0 | AB95: 0 | AC95: 0 | AD95: 0 | AE95: 0 | AF95: 0 | AG95: พร้อมส่ง | AH95: P6 | AI95: 4 | AJ95: รอแจ้ง | AK95: #VALUE! | AL95: #VALUE! | AM95: #VALUE! | AN95: #VALUE! | AO95: #VALUE! | AP95: #VALUE! | AQ95: 0 | AR95: 0 | AS95: 0 | AT95: 0 | AU95: 0 | AV95: 0 | AW95: งานเคลือบ+พิมพ์ | AX95: / | AY95: 0 | AZ95: 0 | BA95: 0 | BB95: 0 | BC95: WRWT25850/WRWT25850 | BD95: 0
A96: 45796 | B96: MK68-000675 | C96: บจก.อินเทคค์ โกลบอล | D96: เพอเฟคค์ 914 | E96: 20 | F96: 36 | G96: ขาว | H96: ด้าน | I96: 100 | J96: ± | K96: 5 | L96: จับจีบ | M96: ไม่สวมถุงใน | N96: 0 | O96: 0 | P96: 0 | Q96: 0 | R96: 0 | S96: มัด80 ใช้สายรัด | T96: รอแจ้ง | U96: 3360 | V96: 0 | W96: 3360 | X96: 35200 | Y96: 0 | Z96: WSWT2025800SM | AA96: 0 | AB96: 0 | AC96: 0 | AD96: 0 | AE96: 0 | AF96: 0 | AG96: พร้อมส่ง | AH96: P6 | AI96: 4 | AJ96: รอแจ้ง | AK96: #VALUE! | AL96: #VALUE! | AM96: #VALUE! | AN96: #VALUE! | AO96: #VALUE! | AP96: #VALUE! | AQ96: 0 | AR96: 0 | AS96: 0 | AT96: 0 | AU96: 0 | AV96: 0 | AW96: งานเคลือบ+พิมพ์ | AX96: / | AY96: 2/6---6/6 | AZ96: 0 | BA96: 0 | BB96: 0 | BC96: WRWT25850/WRWT25850 | BD96: 0
A97: 45796 | B97: MK68-000676 | C97: บจก.อินเทคค์ โกลบอล | D97: เพอเฟคค์ 916 | E97: 20 | F97: 36 | G97: ขาว | H97: ด้าน | I97: 100 | J97: ± | K97: 5 | L97: จับจีบ | M97: ไม่สวมถุงใน | N97: 0 | O97: 0 | P97: 0 | Q97: 0 | R97: 0 | S97: มัด80 ใช้สายรัด | T97: รอแจ้ง | U97: 614 | V97: 0 | W97: 614 | X97: 12101 | Y97: 0 | Z97: WSWT2025800SM | AA97: 0 | AB97: 0 | AC97: 0 | AD97: 0 | AE97: 0 | AF97: 0 | AG97: รอตัด | AH97: P6 | AI97: 4 | AJ97: รอแจ้ง | AK97: #VALUE! | AL97: #VALUE! | AM97: #VALUE! | AN97: #VALUE! | AO97: #VALUE! | AP97: #VALUE! | AQ97: 0 | AR97: 0 | AS97: 0 | AT97: 0 | AU97: 0 | AV97: 0 | AW97: งานเคลือบ+พิมพ์ | AX97: / | AY97: 0 | AZ97: 0 | BA97: 0 | BB97: 0 | BC97: WRWT25850/WRWT25850 | BD97: 0
A98: 45796 | B98: MK68-000671 | C98: บจก.อินเทคค์ โกลบอล | D98: เฟิร์สช้อย 902 | E98: 20 | F98: 36 | G98: ขาว | H98: ด้าน | I98: 100 | J98: ± | K98: 5 | L98: จับจีบ | M98: ไม่สวมถุงใน | N98: 0 | O98: 0 | P98: 0 | Q98: 0 | R98: 0 | S98: มัด80 ใช้สายรัด | T98: รอแจ้ง | U98: 366 | V98: 0 | W98: 366 | X98: 5113 | Y98: 0 | Z98: WSWT2025800SM | AA98: 0 | AB98: 0 | AC98: 0 | AD98: 0 | AE98: 0 | AF98: 0 | AG98: ยังไม่ได้พิมพ์ | AH98: P6 | AI98: 4 | AJ98: รอแจ้ง | AK98: #VALUE! | AL98: #VALUE! | AM98: #VALUE! | AN98: #VALUE! | AO98: #VALUE! | AP98: #VALUE! | AQ98: 0 | AR98: 0 | AS98: 0 | AT98: 0 | AU98: 0 | AV98: 0 | AW98: งานเคลือบ+พิมพ์ | AX98: / | AY98: 0 | AZ98: 0 | BA98: 0 | BB98: 0 | BC98: WRWT25850/WRWT25850 | BD98: 0
A99: 45796 | B99: MK68-000673 | C99: บจก.อินเทคค์ โกลบอล | D99: เพอเฟคค์ 902 | E99: 20 | F99: 36 | G99: ขาว | H99: ด้าน | I99: 100 | J99: ± | K99: 5 | L99: จับจีบ | M99: ไม่สวมถุงใน | N99: 0 | O99: 0 | P99: 0 | Q99: 0 | R99: 0 | S99: มัด80 ใช้สายรัด | T99: รอแจ้ง | U99: 302 | V99: 0 | W99: 302 | X99: 5300 | Y99: 0 | Z99: WSWT2025800SM | AA99: 0 | AB99: 0 | AC99: 0 | AD99: 0 | AE99: 0 | AF99: 0 | AG99: พร้อมส่ง | AH99: P6 | AI99: 4 | AJ99: รอแจ้ง | AK99: #VALUE! | AL99: #VALUE! | AM99: #VALUE! | AN99: #VALUE! | AO99: #VALUE! | AP99: #VALUE! | AQ99: 0 | AR99: 0 | AS99: 0 | AT99: 0 | AU99: 0 | AV99: 0 | AW99: งานเคลือบ+พิมพ์ | AX99: / | AY99: 0 | AZ99: 0 | BA99: 0 | BB99: 0 | BC99: WRWT25850/WRWT25850 | BD99: 0
A100: 45796 | B100: MK68-000674 | C100: บจก.อินเทคค์ โกลบอล | D100: เพอเฟคค์ 913 | E100: 20 | F100: 36 | G100: ขาว | H100: ด้าน | I100: 100 | J100: ± | K100: 5 | L100: จับจีบ | M100: ไม่สวมถุงใน | N100: 0 | O100: 0 | P100: 0 | Q100: 0 | R100: 0 | S100: มัด80 ใช้สายรัด | T100: รอแจ้ง | U100: 1200 | V100: 0 | W100: 1200 | X100: 10700 | Y100: 0 | Z100: WSWT2025800SM | AA100: 0 | AB100: 0 | AC100: 0 | AD100: 0 | AE100: 0 | AF100: 0 | AG100: พร้อมส่ง | AH100: P6 | AI100: 4 | AJ100: รอแจ้ง | AK100: #VALUE! | AL100: #VALUE! | AM100: #VALUE! | AN100: #VALUE! | AO100: #VALUE! | AP100: #VALUE! | AQ100: 0 | AR100: 0 | AS100: 0 | AT100: 0 | AU100: 0 | AV100: 0 | AW100: งานเคลือบ+พิมพ์ | AX100: / | AY100: 0 | AZ100: 0 | BA100: 0 | BB100: 0 | BC100: WRWT25850/WRWT25850 | BD100: 0
A101: 45850 | B101: MK68-000877 | C101: บจก.เอพีเอ็ม อะโกร | D101: ยู-ฟีด รวมหมู | E101: 20 | F101: 38 | G101: ขาว | H101: ใส | I101: 100 | J101: ± | K101: 5 | L101: บิด | M101: ไม่สวมถุงใน | N101: 0 | O101: 0 | P101: 0 | Q101: 0 | R101: 0 | S101: 500กระสอบแบน | T101: รอแจ้ง | U101: 3000 | V101: 0 | W101: 3000 | X101: 0 | Y101: 3150 | Z101: WSWT2025800SM | AA101: 3310.89 | AB101: 0 | AC101: 3310.89 | AD101: 0 | AE101: 3310.89 | AF101: 0 | AG101: ยังไม่ได้พิมพ์ | AH101: P6 | AI101: 4 | AJ101: รอแจ้ง | AK101: #VALUE! | AL101: #VALUE! | AM101: #VALUE! | AN101: #VALUE! | AO101: #VALUE! | AP101: #VALUE! | AQ101: 0 | AR101: 0 | AS101: 0 | AT101: 0 | AU101: 0 | AV101: 0 | AW101: งานเคลือบ+พิมพ์ | AX101: / | AY101: 0 | AZ101: 0 | BA101: 0 | BB101: 0 | BC101: WRWT25850/WRWT25850 | BD101: 250.15613
A102: 45782 | B102: MK68-000609 | C102: บจก.เอสพีเอ็ม อาหารสัตว์ | D102: SW 441 | E102: 20 | F102: 38 | G102: ขาว | H102: ใส | I102: 100 | J102: ± | K102: 5 | L102: บิด | M102: ไม่สวมถุงใน | N102: 0 | O102: 0 | P102: 0 | Q102: 0 | R102: 0 | S102: 500กระสอบแบน | T102: รอส่ง | U102: 5000 | V102: 5041 | W102: 0 | X102: 5250 | Y102: 0 | Z102: WSWT2025800SM | AA102: 0 | AB102: 0 | AC102: 0 | AD102: 0 | AE102: 0 | AF102: 0 | AG102: ยังไม่ได้พิมพ์ | AH102: P6 | AI102: 4 | AJ102: รอส่ง | AK102: #VALUE! | AL102: #VALUE! | AM102: #VALUE! | AN102: #VALUE! | AO102: #VALUE! | AP102: #VALUE! | AQ102: 0 | AR102: 0 | AS102: 0 | AT102: 0 | AU102: 0 | AV102: 0 | AW102: งานเคลือบ+พิมพ์ | AX102: / | AY102: 0 | AZ102: 0 | BA102: 0 | BB102: 0 | BC102: WRWT25850/WRWT25850 | BD102: 0
A103: 45799 | B103: MK68-000694 | C103: บจก.เอ.เจ.ฟาร์ม่าแล็บ | D103: เบส-มิน | E103: 20 | F103: 34 | G103: ขาว | H103: ใส | I103: 95 | J103: ± | K103: 5 | L103: จับจีบ | M103: ไม่สวมถุงใน | N103: 0 | O103: 0 | P103: 0 | Q103: 0 | R103: 0 | S103: 500กระสอบ | T103: รอส่ง | U103: 4000 | V103: 3840 | W103: 160 | X103: 8450 | Y103: 0 | Z103: WSWT2025800SM | AA103: 0 | AB103: 0 | AC103: 0 | AD103: 0 | AE103: 0 | AF103: ห้ามขาด-ห้ามเกิน | AG103: ยังไม่ได้พิมพ์ | AH103: P6 | AI103: 4 | AJ103: รอส่ง | AK103: #VALUE! | AL103: #VALUE! | AM103: #VALUE! | AN103: #VALUE! | AO103: #VALUE! | AP103: #VALUE! | AQ103: 0 | AR103: 0 | AS103: 0 | AT103: 0 | AU103: 0 | AV103: 0 | AW103: งานเคลือบ+พิมพ์ | AX103: / | AY103: 0 | AZ103: 0 | BA103: 0 | BB103: 0 | BC103: WRWT25850/WRWT25850 | BD103: 0
A104: 45850 | B104: MK68-000879 | C104: บจก.เอพีเอ็ม อะโกร | D104: ฟีล กู๊ด พี6 | E104: 20 | F104: 38 | G104: ขาว | H104: ใส | I104: 100 | J104: ± | K104: 5 | L104: บิด | M104: ไม่สวมถุงใน | N104: 0 | O104: 0 | P104: 0 | Q104: 0 | R104: 0 | S104: 500กระสอบแบน | T104: รอแจ้ง | U104: 4000 | V104: 0 | W104: 4000 | X104: 0 | Y104: 4200 | Z104: WSWT2025800SM | AA104: 4414.52 | AB104: 0 | AC104: 4414.52 | AD104: 0 | AE104: 4414.52 | AF104: 0 | AG104: ยังไม่ได้พิมพ์ | AH104: P6 | AI104: 4 | AJ104: รอแจ้ง | AK104: #VALUE! | AL104: #VALUE! | AM104: #VALUE! | AN104: #VALUE! | AO104: #VALUE! | AP104: #VALUE! | AQ104: 0 | AR104: 0 | AS104: 0 | AT104: 0 | AU104: 0 | AV104: 0 | AW104: งานเคลือบ+พิมพ์ | AX104: / | AY104: 0 | AZ104: 0 | BA104: 0 | BB104: 0 | BC104: WRWT25850/WRWT25850 | BD104: 333.54151
A105: 45798 | B105: MK68-000693 | C105: บจก.เอพีเอ็ม อะโกร | D105: ฟีล กู๊ด พี07 | E105: 20 | F105: 38 | G105: ขาว | H105: ใส | I105: 100 | J105: ± | K105: 5 | L105: บิด | M105: ไม่สวมถุงใน | N105: 0 | O105: 0 | P105: 0 | Q105: 0 | R105: 0 | S105: 500กระสอบแบน | T105: รอแจ้ง | U105: 5000 | V105: 0 | W105: 5000 | X105: 0 | Y105: 5250 | Z105: WSWT2025800SM | AA105: 5518.15 | AB105: 0 | AC105: 5518.15 | AD105: 0 | AE105: 5518.15 | AF105: 0 | AG105: พร้อมส่ง | AH105: P6 | AI105: 4 | AJ105: รอแจ้ง | AK105: #VALUE! | AL105: #VALUE! | AM105: #VALUE! | AN105: #VALUE! | AO105: #VALUE! | AP105: #VALUE! | AQ105: 0 | AR105: 0 | AS105: 0 | AT105: 0 | AU105: 0 | AV105: 0 | AW105: งานเคลือบ+พิมพ์ | AX105: / | AY105: 0 | AZ105: 0 | BA105: 0 | BB105: 0 | BC105: WRWT25850/WRWT25850 | BD105: 416.92689
A106: 45782 | B106: MK68-000609 | C106: บจก.เอสพีเอ็ม อาหารสัตว์ | D106: SW 441 | E106: 20 | F106: 38 | G106: ขาว | H106: ใส | I106: 100 | J106: ± | K106: 5 | L106: บิด | M106: ไม่สวมถุงใน | N106: 0 | O106: 0 | P106: 0 | Q106: 0 | R106: 0 | S106: 500กระสอบแบน | T106: รอแจ้ง | U106: 10000 | V106: 0 | W106: 10000 | X106: 0 | Y106: 10500 | Z106: WSWT2025800SM | AA106: 11036.3 | AB106: 0 | AC106: 11036.3 | AD106: 0 | AE106: 11036.3 | AF106: 0 | AG106: พร้อมส่ง | AH106: P6 | AI106: 4 | AJ106: รอแจ้ง | AK106: #VALUE! | AL106: #VALUE! | AM106: #VALUE! | AN106: #VALUE! | AO106: #VALUE! | AP106: #VALUE! | AQ106: 0 | AR106: 0 | AS106: 0 | AT106: 0 | AU106: 0 | AV106: 0 | AW106: งานเคลือบ+พิมพ์ | AX106: / | AY106: 0 | AZ106: 0 | BA106: 0 | BB106: 0 | BC106: WRWT25850/WRWT25850 | BD106: 833.85378
A107: 45810 | B107: MK68-000742 | C107: บจก.เอสพีเอ็ม อาหารสัตว์ | D107: นีโอ 05 | E107: 20 | F107: 38 | G107: ขาว | H107: ด้าน | I107: 100 | J107: ± | K107: 5 | L107: ไม่ | M107: ไม่สวมถุงใน | N107: 0 | O107: 0 | P107: 0 | Q107: 0 | R107: 0 | S107: 500กระสอบแบน | T107: รอแจ้ง | U107: 5000 | V107: 0 | W107: 5000 | X107: 0 | Y107: 5250 | Z107: WSWT2025800SM | AA107: 5518.15 | AB107: 0 | AC107: 5518.15 | AD107: 0 | AE107: 5518.15 | AF107: 0 | AG107: รอตัด | AH107: P6 | AI107: 4 | AJ107: รอแจ้ง | AK107: #VALUE! | AL107: #VALUE! | AM107: #VALUE! | AN107: #VALUE! | AO107: #VALUE! | AP107: #VALUE! | AQ107: 0 | AR107: 0 | AS107: 0 | AT107: 0 | AU107: 0 | AV107: 0 | AW107: งานเคลือบ+พิมพ์ | AX107: รอART | AY107: 0 | AZ107: 0 | BA107: 0 | BB107: 0 | BC107: WRWT25850/WRWT25850 | BD107: 416.92689
A108: 45674 | B108: MK68-000093 | C108: บจก.อินเทคค์ โกลบอล | D108: เฟิร์สคลาส 902 | E108: 20 | F108: 35 | G108: ขาว | H108: ด้าน | I108: 97 | J108: ± | K108: 5 | L108: จับจีบ4" | M108: ไม่สวมถุงใน | N108: 0 | O108: 0 | P108: 0 | Q108: 0 | R108: 0 | S108: มัด80 ใช้สายรัด | T108: รอแจ้ง | U108: 152 | V108: 0 | W108: 152 | X108: 6000 | Y108: 0 | Z108: WSWT2025800SM | AA108: 0 | AB108: 0 | AC108: 0 | AD108: 0 | AE108: 0 | AF108: 5987 | AG108: พร้อมส่ง | AH108: P6 | AI108: 4 | AJ108: รอแจ้ง | AK108: #VALUE! | AL108: #VALUE! | AM108: #VALUE! | AN108: #VALUE! | AO108: #VALUE! | AP108: #VALUE! | AQ108: 0 | AR108: 0 | AS108: 0 | AT108: 0 | AU108: 0 | AV108: 0 | AW108: งานเคลือบ+พิมพ์ | AX108: / | AY108: ลบสี 5040 | AZ108: 0 | BA108: 0 | BB108: 0 | BC108: WRWT25850/WRWT25850 | BD108: 0
A109: 45611 | B109: MK67-001532 | C109: บจก.อินเทคค์ โกลบอล | D109: เฟิร์สช้อย 903 | E109: 20 | F109: 36 | G109: ขาว | H109: ด้าน | I109: 100 | J109: ± | K109: 5 | L109: จับจีบ | M109: ไม่สวมถุงใน | N109: 0 | O109: 0 | P109: 0 | Q109: 0 | R109: 0 | S109: มัด80 ใช้สายรัด | T109: รอแจ้ง | U109: 117 | V109: 0 | W109: 117 | X109: 10065 | Y109: 0 | Z109: WSWT2025800SM | AA109: 0 | AB109: 0 | AC109: 0 | AD109: 0 | AE109: 0 | AF109: 0 | AG109: พร้อมส่ง | AH109: P6 | AI109: 4 | AJ109: รอแจ้ง | AK109: #VALUE! | AL109: #VALUE! | AM109: #VALUE! | AN109: #VALUE! | AO109: #VALUE! | AP109: #VALUE! | AQ109: 0 | AR109: 0 | AS109: 0 | AT109: 0 | AU109: 0 | AV109: 0 | AW109: งานเคลือบ+พิมพ์ | AX109: / | AY109: 0 | AZ109: 0 | BA109: 0 | BB109: 0 | BC109: WRWT25850/WRWT25850 | BD109: 0
A110: 45523 | B110: MK67-001153 | C110: บจก.อินเทคค์ โกลบอล | D110: สุบรรณ 777 | E110: 20 | F110: 36 | G110: ขาว | H110: ด้าน | I110: 100 | J110: ± | K110: 5 | L110: จับจีบ | M110: ไม่สวมถุงใน | N110: 0 | O110: 0 | P110: 0 | Q110: 0 | R110: 0 | S110: มัด80 ใช้สายรัด | T110: รอแจ้ง | U110: 1260 | V110: 0 | W110: 1260 | X110: 11095 | Y110: 0 | Z110: WSWT2025800SM | AA110: 0 | AB110: 0 | AC110: 0 | AD110: 0 | AE110: 0 | AF110: 0 | AG110: พร้อมส่ง | AH110: P6 | AI110: 4 | AJ110: รอแจ้ง | AK110: #VALUE! | AL110: #VALUE! | AM110: #VALUE! | AN110: #VALUE! | AO110: #VALUE! | AP110: #VALUE! | AQ110: 0 | AR110: 0 | AS110: 0 | AT110: 0 | AU110: 0 | AV110: 0 | AW110: งานเคลือบ+พิมพ์ | AX110: / | AY110: 0 | AZ110: 0 | BA110: 0 | BB110: 0 | BC110: WRWT25850/WRWT25850 | BD110: 0
A111: 45523 | B111: MK67-001153 | C111: บจก.อินเทคค์ โกลบอล | D111: สุบรรณ 666 | E111: 20 | F111: 36 | G111: ขาว | H111: ด้าน | I111: 100 | J111: ± | K111: 5 | L111: จับจีบ | M111: ไม่สวมถุงใน | N111: 0 | O111: 0 | P111: 0 | Q111: 0 | R111: 0 | S111: มัด80 ใช้สายรัด | T111: รอแจ้ง | U111: 89 | V111: 0 | W111: 89 | X111: 11180 | Y111: 0 | Z111: WSWT2025800SM | AA111: 0 | AB111: 0 | AC111: 0 | AD111: 0 | AE111: 0 | AF111: 0 | AG111: พร้อมส่ง | AH111: P6 | AI111: 4 | AJ111: รอแจ้ง | AK111: #VALUE! | AL111: #VALUE! | AM111: #VALUE! | AN111: #VALUE! | AO111: #VALUE! | AP111: #VALUE! | AQ111: 0 | AR111: 0 | AS111: 0 | AT111: 0 | AU111: 0 | AV111: 0 | AW111: งานเคลือบ+พิมพ์ | AX111: / | AY111: 0 | AZ111: 0 | BA111: 0 | BB111: 0 | BC111: WRWT25850/WRWT25850 | BD111: 0
A112: 45741 | B112: MK68-000452 | C112: บจก.เอพีเอ็ม อะโกร | D112: วี-ฟีด วี 07 | E112: 20 | F112: 38 | G112: ขาว | H112: ใส | I112: 100 | J112: ± | K112: 5 | L112: บิด | M112: ไม่สวมถุงใน | N112: 0 | O112: 0 | P112: 0 | Q112: 0 | R112: 0 | S112: 500กระสอบแบน | T112: รอส่ง | U112: 4000 | V112: 3857 | W112: 143 | X112: 4200 | Y112: 0 | Z112: WSWT2025800SM | AA112: 0 | AB112: 0 | AC112: 0 | AD112: 0 | AE112: 0 | AF112: 0 | AG112: พร้อมส่ง | AH112: P6 | AI112: 4 | AJ112: รอส่ง | AK112: #VALUE! | AL112: #VALUE! | AM112: #VALUE! | AN112: #VALUE! | AO112: #VALUE! | AP112: #VALUE! | AQ112: 0 | AR112: 0 | AS112: 0 | AT112: 0 | AU112: 0 | AV112: 0 | AW112: งานเคลือบ+พิมพ์ | AX112: / | AY112: มีลบสี | AZ112: 0 | BA112: 0 | BB112: 0 | BC112: WRWT25850/WRWT25850 | BD112: 0
...

Sheet 25-7-68
B2: เรียงกำหนดส่ง | D2: ลบ 0 | T2: เรียง 1
B3: ข้อมูลUpdate ณ. วันที่ | D3: 45863 | E3: เวลา | G3: 9.13
A4: วันรับออร์เดอร์/แบบ | B4: เลขที่ SO | C4: ชื่อลูกค้า | E4: 10.3 | I4: น้ำหนัก | L4: บิด/จับจีบ | M4: ถุงใน | Q4: 44873 | S4: วิธีบรรจุ | T4: วันส่ง | U4: จำนวนส่ง | V4: ตัดเย็บ (ใบ) | W4: 44873 | X4: พิมพ์ (ใบ) | Y4: 44876 | Z4: ผ้าทอ (เมตร) Updateณ | AB4: 44876 | AD4: ผ้าเคลือบ(เมตร) | AF4: หมายเหตุ | AG4: เครื่อง
B5: เลขที่ SO | C5: ชื่อลูกค้า | D5: ตรา | E5: กว้าง | F5: ยาว | G5: สี | H5: เคลือบ | I5: กรัม/ใบ | J5: * | K5: aw | L5: บิด/จับจีบ | M5: กว้าง | N5: ยาว | O5: หนา | P5: ใช้(กก.) | Q5: Stock(กก.) | R5: ผลิต(กก.) | S5: วิธีบรรจุ | T5: วันส่ง | U5: จำนวนส่ง | V5: StockFG | W5: ค้างตัด | X5: พิมพ์แล้ว | Y5: ค้างพิมพ์ | Z5: ประเภท | AA5: ใช้ | AB5: Stock | AC5: ค้างทอ | AD5: Stock | AE5: ค้างเคลือบ | AF5: หมายเหตุ | AG5: ที่พิมพ์ได้ | AH5: process | AI5: Lead time | AJ5: วันที่ส่งPL | AK5: เคลือบ | AL5: ได้ ART | AM5: พิมพ์ | AN5: จีบ-บิด | AO5: ตัด-เย็บ | AP5: ทอ | AQ5: สวมถุง | AR5: เย็บปาก | AS5: PT | AT5: ม้วน | AU5: ตัด | AV5: ตอกตาไก่ | AW5: GROUP | AX5: ART | AY5: หมายเหตุปัญหา | AZ5: ราคา/ใบ | BA5: ราคารวม | BB5: workweek | BC5: เส้นเทป | BD5: จำนวน
A6: 45860 | B6: MK68-000920 | C6: หจก.ปึงเป้งน้ำ | D6: เกลือตรามือ 10กก. | E6: 14 | F6: 22 | G6: ขาว | H6: ใส | I6: 42 | J6: ± | K6: 5 | L6: ไม่ | M6: ไม่สวมถุงใน | N6: 0 | O6: 0 | P6: 0 | Q6: 0 | R6: 0 | S6: 500กระสอบแบน | T6: 45884 | U6: 10000 | V6: 0 | W6: 10000 | X6: 0 | Y6: 10500 | Z6: WSWT1425800 | AA6: 6565.9 | AB6: 6565.9 | AC6: 0 | AD6: 0 | AE6: 6565.9 | AF6: 0 | AG6: ยังไม่ได้พิมพ์ | AH6: P6 | AI6: 4 | AJ6: 45884 | AK6: 45880 | AL6: 45873 | AM6: 45881 | AN6: 45882 | AO6: 45883 | AP6: 45879 | AQ6: 0 | AR6: 0 | AS6: 0 | AT6: 0 | AU6: 0 | AV6: 0 | AW6: งานเคลือบ+พิมพ์ | AX6: / | AY6: 0 | AZ6: 0 | BA6: 0 | BB6: 0 | BC6: WRWT25800/WRWT25800 | BD6: 0
A7: 0 | B7: 0 | C7: 0 | D7: 0 | E7: 14 | F7: 22 | G7: ขาว | H7: 0 | I7: 36 | J7: ± | K7: 5 | L7: 0 | M7: 0 | N7: 0 | O7: 0 | P7: 0 | Q7: 0 | R7: 0 | S7: 0 | U7: 0 | V7: 0 | W7: 0 | X7: 0 | Y7: 0 | Z7: WSWT1425800 | AA7: 6565.9 | AB7: 6565.9 | AC7: 0 | AD7: 0 | AE7: 6565.9 | AF7: ระบุในSD | AG7: พร้อมส่ง | AH7: 0 | AI7: Lead time | AJ7: 0 | AK7: 0 | AL7: 0 | AM7: 0 | AN7: 0 | AO7: 0 | AP7: 0 | AQ7: 0 | AR7: 0 | AS7: 0 | AT7: 0 | AU7: 0 | AV7: 0 | AW7: 0 | AX7: 0 | AY7: 0 | AZ7: 0 | BA7: 0 | BB7: 0 | BC7: WRWT140800/WRWT25800 | BD7: 0
A8: 45842 | B8: MK68-000868 | C8: พีมินเนอร์ | D8: พี-มินเนอร์ นิวพลัส | E8: 16 | F8: 28 | G8: ขาว | H8: ใส | I8: 56 | J8: ± | K8: 5 | L8: ไม่ | M8: 19 | N8: 31 | O8: 40 | P8: 1.1334313 | Q8: 0 | R8: 1.1334313 | S8: 500กระสอบ | T8: 45868 | U8: 4000 | V8: 3922 | W8: 78 | X8: 5295 | Y8: 0 | Z8: WSWT1625800SM | AA8: 0 | AB8: 0 | AC8: 0 | AD8: 0 | AE8: 0 | AF8: รอส่ง รอลูกค้ามารับเอง | AG8: พร้อมส่ง | AH8: P8 | AI8: 4 | AJ8: 45868 | AK8: 45864 | AL8: 45858 | AM8: 45865 | AN8: 45866 | AO8: 45866 | AP8: 45863 | AQ8: 45867 | AR8: 0 | AS8: 0 | AT8: 0 | AU8: 0 | AV8: 0 | AW8: งานเคลือบ+พิมพ์ | AX8: / | AY8: 0 | AZ8: 0 | BA8: 0 | BB8: 0 | BC8: WRWT25800/WRWT25800 | BD8: 0
A9: ประมาณการ | B9: ประมาณการ | C9: บจก.ซัน ซีเมนต์ โพรเซส | D9: พระอาทิตย์(ปูนนอน-ชริงค์) | E9: 16 | F9: 25 | G9: ขาว | H9: ใส | I9: 50 | J9: ± | K9: 5 | L9: บิด | M9: 19 | N9: 28 | O9: 40 | P9: 65.624643 | Q9: 0 | R9: 65.624643 | S9: 500กระสอบ | T9: รอแจ้ง | U9: 5000 | V9: 0 | W9: 5000 | X9: 0 | Y9: 5250 | Z9: WSWT1625800SM | AA9: 3702.05 | AB9: 0 | AC9: 3702.05 | AD9: 0 | AE9: 3702.05 | AF9: 0 | AG9: พร้อมส่ง | AH9: P8 | AI9: 4 | AJ9: รอแจ้ง | AK9: #VALUE! | AL9: #VALUE! | AM9: #VALUE! | AN9: #VALUE! | AO9: #VALUE! | AP9: #VALUE! | AQ9: #VALUE! | AR9: 0 | AS9: 0 | AT9: 0 | AU9: 0 | AV9: 0 | AW9: งานเคลือบ+พิมพ์ | AX9: รอART | AY9: 0 | AZ9: 0 | BA9: 0 | BB9: 0 | BC9: WRWT25800/WRWT25800 | BD9: 210.60551
A10: 0 | B10: 0 | C10: 0 | E10: 16 | F10: 25 | G10: ขาว | H10: 0 | I10: 45 | J10: ± | K10: 5 | L10: 0 | M10: 0 | N10: 0 | O10: 0 | P10: 0 | Q10: 0 | R10: 0 | S10: 0 | U10: 0 | V10: 0 | W10: 0 | X10: 0 | Y10: 0 | Z10: WSWT1625800SM | AA10: 3702.05 | AB10: 0 | AC10: 3702.05 | AD10: 0 | AE10: 3702.05 | AF10: ระบุในSD | AG10: ยังไม่ได้พิมพ์ | AH10: 0 | AI10: Lead time | AJ10: 0 | AK10: 0 | AL10: 0 | AM10: 0 | AN10: 0 | AO10: 0 | AP10: 0 | AQ10: 0 | AR10: 0 | AS10: 0 | AT10: 0 | AU10: 0 | AV10: 0 | AW10: 0 | AX10: 0 | AY10: 0 | AZ10: 0 | BA10: 0 | BB10: 0 | BC10: WRWT160800/WRWT25800 | BD10: 0
A11: 45857 | B11: MK68-000914 | C11: โรงสีข้าวธัญญาวัฒน์ | D11: LUNG SHIN 12 kg | E11: 17 | F11: 26 | G11: ขาว | H11: 0 | I11: 48 | J11: ± | K11: 5 | L11: ไม่ | M11: ไม่สวมถุงใน | N11: 0 | O11: 0 | P11: 0 | Q11: 0 | R11: 0 | S11: 500กระสอบแบน | T11: 45868 | U11: 30250 | V11: 0 | W11: 30250 | X11: 0 | Y11: 31762.5 | Z11: WSWT1725800 | AA11: 23242.588 | AB11: 23242.588 | AC11: 0 | AD11: 0 | AE11: 0 | AF11: ห้ามขาด-ห้ามเกิน | AG11: พร้อมส่ง | AH11: P7 | AI11: 2 | AJ11: 45868 | AK11: 0 | AL11: 45859 | AM11: 45866 | AN11: 45867 | AO11: 45867 | AP11: 45863 | AQ11: 0 | AR11: 0 | AS11: 0 | AT11: 0 | AU11: 0 | AV11: 0 | AW11: งานพิมพ์ | AX11: / | AY11: 0 | AZ11: 0 | BA11: 0 | BB11: 0 | BC11: WRWT25800/WRWT25800 | BD11: 0
A12: 0 | B12: 0 | C12: 0 | D12: 0 | E12: 17 | F12: 26 | G12: 0 | H12: 0 | I12: 48 | J12: ± | K12: 5 | L12: 0 | M12: 0 | N12: 0 | O12: 0 | P12: 0 | Q12: 0 | R12: 0 | S12: 0 | U12: 0 | V12: 0 | W12: 0 | X12: 0 | Y12: 0 | Z12: WSWT1725800 | AA12: 23242.588 | AB12: 23242.588 | AC12: 0 | AD12: 0 | AE12: 0 | AF12: ระบุในSD | AG12: ยังไม่ได้พิมพ์ | AH12: 0 | AI12: 0 | AJ12: 0 | AK12: 0 | AL12: 0 | AM12: 0 | AN12: 0 | AO12: 0 | AP12: 0 | AQ12: 0 | AR12: 0 | AS12: 0 | AT12: 0 | AU12: 0 | AV12: 0 | AW12: 0 | AX12: 0 | AY12: 0 | AZ12: 0 | BA12: 0 | BB12: 0 | BC12: WRWT170800/WRWT25800 | BD12: 0
A13: ประมาณการ | B13: ประมาณการ | C13: บจก.ฟาร์เธอร์ส วิง ซัพพลาย | D13: รถไฟ | E13: 18 | F13: 30 | G13: ขาว | H13: 0 | I13: 54 | J13: ± | K13: 5 | L13: บิด | M13: 19 | N13: 33 | O13: 40 | P13: 232.02999 | Q13: 0 | R13: 232.02999 | S13: 500กระสอบ | T13: รอแจ้ง | U13: 15000 | V13: 0 | W13: 15000 | X13: 0 | Y13: 15750 | Z13: WSWT1825800 | AA13: 13201.65 | AB13: 6301 | AC13: 6900.65 | AD13: 0 | AE13: 0 | AF13: 0 | AG13: พร้อมส่ง | AH13: P9 | AI13: 3 | AJ13: รอแจ้ง | AK13: 0 | AL13: #VALUE! | AM13: #VALUE! | AN13: #VALUE! | AO13: #VALUE! | AP13: #VALUE! | AQ13: #VALUE! | AR13: 0 | AS13: 0 | AT13: 0 | AU13: 0 | AV13: 0 | AW13: งานพิมพ์ | AX13: รอART | AY13: 0 | AZ13: 0 | BA13: 0 | BB13: 0 | BC13: WRWT25800/WRWT25800 | BD13: 474.76472
A14: 0 | B14: 0 | E14: 18 | F14: 30 | G14: ขาว | H14: 0 | I14: 54 | J14: ± | K14: 5 | L14: 0 | M14: 0 | N14: 0 | O14: 0 | P14: 0 | Q14: 0 | R14: 0 | S14: 0 | U14: 0 | V14: 0 | W14: 0 | X14: 0 | Y14: 0 | Z14: WSWT1825800 | AA14: 13201.65 | AB14: 6301 | AC14: 6900.65 | AD14: 0 | AE14: 0 | AF14: ระบุในSD | AG14: ยังไม่ได้พิมพ์ | AH14: 0 | AI14: Lead time | AJ14: 0 | AK14: 0 | AL14: 0 | AM14: 0 | AN14: 0 | AO14: 0 | AP14: 0 | AQ14: 0 | AR14: 0 | AS14: 0 | AT14: 0 | AU14: 0 | AV14: 0 | AW14: 0 | AX14: 0 | AY14: 0 | AZ14: 0 | BA14: 0 | BB14: 0 | BC14: WRWT25800/WRWT25800 | BD14: 0
A15: 45860 | B15: MK68-000917 | C15: บจก.ซิเบลโก้(บางเลน) | D15: PORTARYTE B15 | E15: 18 | F15: 30 | G15: ขาว | H15: ใส | I15: 74 | J15: ± | K15: 5 | L15: ไม่ | M15: ไม่สวมถุงใน | N15: 0 | O15: 0 | P15: 0 | Q15: 0 | R15: 0 | S15: 500กระสอบแบน | T15: 45883 | U15: 10000 | V15: 0 | W15: 10000 | X15: 0 | Y15: 10500 | Z15: WSWT1825800SM | AA15: 8801.1 | AB15: 6990 | AC15: 1811.1 | AD15: 1997 | AE15: 6804.1 | AF15: 0 | AG15: ยังไม่ได้พิมพ์ | AH15: P6 | AI15: 4 | AJ15: 45883 | AK15: 45879 | AL15: 45872 | AM15: 45880 | AN15: 45881 | AO15: 45882 | AP15: 45878 | AQ15: 0 | AR15: 0 | AS15: 0 | AT15: 0 | AU15: 0 | AV15: 0 | AW15: งานเคลือบ+พิมพ์ | AX15: / | AY15: 0 | AZ15: 0 | BA15: 0 | BB15: 0 | BC15: WRWT25800/WRWT25800 | BD15: 115.9104
A16: 0 | B16: 0 | C16: 0 | E16: 18 | F16: 25 | G16: ขาว | H16: 0 | I16: 50 | J16: ± | K16: 5 | L16: 0 | M16: 0 | N16: 0 | O16: 0 | P16: 0 | Q16: 0 | R16: 0 | S16: 0 | U16: 0 | V16: 0 | W16: 0 | X16: 0 | Y16: 0 | Z16: WSWT1825800SM | AA16: 8801.1 | AB16: 6990 | AC16: 1811.1 | AD16: 1997 | AE16: 6804.1 | AF16: ระบุในSD | AG16: รอแบบ | AH16: 0 | AI16: Lead time | AJ16: 0 | AK16: 0 | AL16: 0 | AM16: 0 | AN16: 0 | AO16: 0 | AP16: 0 | AQ16: 0 | AR16: 0 | AS16: 0 | AT16: 0 | AU16: 0 | AV16: 0 | AW16: 0 | AX16: 0 | AY16: 0 | AZ16: 0 | BA16: 0 | BB16: 0 | BC16: WRWT180800/WRWT25800 | BD16: 0
A17: ประมาณการ | B17: ประมาณการ | C17: บจก.เพรซิเดนท์ฟลาวมิลล์ | D17: ผึ้งเหลือง | E17: 19 | F17: 30 | G17: ขาว | H17: 0 | I17: 60 | J17: ± | K17: 5 | L17: บิด | M17: ไม่สวมถุงใน | N17: 0 | O17: 0 | P17: 0 | Q17: 0 | R17: 0 | S17: 500กระสอบ | T17: 45894 | U17: 100000 | V17: 0 | W17: 100000 | X17: 0 | Y17: 105000 | Z17: WSWT1925800 | AA17: 88011 | AB17: 56115 | AC17: 31896 | AD17: 0 | AE17: 0 | AF17: 0 | AG17: ยังไม่ได้พิมพ์ | AH17: P7 | AI17: 2 | AJ17: 45894 | AK17: 0 | AL17: 45885 | AM17: 45892 | AN17: 45893 | AO17: 45893 | AP17: 45889 | AQ17: 0 | AR17: 0 | AS17: 0 | AT17: 0 | AU17: 0 | AV17: 0 | AW17: งานพิมพ์ | AX17: รอART | AY17: 0 | AZ17: 0 | BA17: 0 | BB17: 0 | BC17: WRWT25800/WRWT25800 | BD17: 2316.3584
A18: ประมาณการ | B18: ประมาณการ | C18: บจก.เพรซิเดนท์ฟลาวมิลล์ | D18: ผึ้งชมพู | E18: 19 | F18: 30 | G18: ขาว | H18: 0 | I18: 60 | J18: ± | K18: 5 | L18: บิด | M18: ไม่สวมถุงใน | N18: 0 | O18: 0 | P18: 0 | Q18: 0 | R18: 0 | S18: 500กระสอบ | T18: 45894 | U18: 40000 | V18: 0 | W18: 40000 | X18: 0 | Y18: 42000 | Z18: WSWT1925800 | AA18: 35204.4 | AB18: 0 | AC18: 35204.4 | AD18: 0 | AE18: 0 | AF18: 0 | AG18: พร้อมส่ง | AH18: P7 | AI18: 2 | AJ18: 45894 | AK18: 0 | AL18: 45885 | AM18: 45892 | AN18: 45893 | AO18: 45893 | AP18: 45889 | AQ18: 0 | AR18: 0 | AS18: 0 | AT18: 0 | AU18: 0 | AV18: 0 | AW18: งานพิมพ์ | AX18: รอART | AY18: 0 | AZ18: 0 | BA18: 0 | BB18: 0 | BC18: WRWT25800/WRWT25800 | BD18: 2556.6218
A19: ประมาณการ | B19: ประมาณการ | C19: บจก.เอ็กเซลเล้นท์ | D19: รอแบบ | E19: 19 | F19: 30 | G19: ขาว | H19: 0 | I19: 60 | J19: ± | K19: 5 | L19: บิด | M19: ไม่สวมถุงใน | N19: 0 | O19: 0 | P19: 0 | Q19: 0 | R19: 0 | S19: 500กระสอบ | T19: 45894 | U19: 40000 | V19: 0 | W19: 40000 | X19: 0 | Y19: 42000 | Z19: WSWT1925800 | AA19: 35204.4 | AB19: 0 | AC19: 35204.4 | AD19: 0 | AE19: 0 | AF19: 0 | AG19: พร้อมส่ง | AH19: P7 | AI19: 2 | AJ19: 45894 | AK19: 0 | AL19: 45885 | AM19: 45892 | AN19: 45893 | AO19: 45893 | AP19: 45889 | AQ19: 0 | AR19: 0 | AS19: 0 | AT19: 0 | AU19: 0 | AV19: 0 | AW19: งานพิมพ์ | AX19: / | AY19: 0 | AZ19: 0 | BA19: 0 | BB19: 0 | BC19: WRWT25800/WRWT25800 | BD19: 2556.6218
A20: ประมาณการ | B20: ประมาณการ | C20: บจก.ไลม์มาสเตอร์ | D20: LMC 25 kg | E20: 19 | F20: 32 | G20: ขาว | H20: 0 | I20: 64 | J20: ± | K20: 5 | L20: ไม่ | M20: 20 | N20: 35 | O20: 40 | P20: 341.36903 | Q20: 0 | R20: 341.36903 | S20: 500กระสอบแบน | T20: 45894 | U20: 20000 | V20: 233 | W20: 19767 | X20: 0 | Y20: 20755.35 | Z20: WSWT1925800 | AA20: 18501.714 | AB20: 18501.714 | AC20: 0 | AD20: 0 | AE20: 0 | AF20: 0 | AG20: พร้อมส่ง | AH20: P9 | AI20: 3 | AJ20: 45894 | AK20: 0 | AL20: 45884 | AM20: 45891 | AN20: 45892 | AO20: 45892 | AP20: 45889 | AQ20: 45893 | AR20: 0 | AS20: 0 | AT20: 0 | AU20: 0 | AV20: 0 | AW20: งานพิมพ์ | AX20: รอART | AY20: 0 | AZ20: 0 | BA20: 0 | BB20: 0 | BC20: WRWT25800/WRWT25800 | BD20: 0
A21: 0 | B21: 0 | C21: 0 | D21: 0 | E21: 19 | F21: 30 | G21: ขาว | H21: 0 | I21: 60 | J21: ± | K21: 5 | L21: 0 | M21: 0 | N21: 0 | O21: 0 | P21: 0 | Q21: 0 | R21: 0 | S21: 0 | U21: 0 | V21: 0 | W21: 0 | X21: 0 | Y21: 0 | Z21: WSWT1925800 | AA21: 176921.51 | AB21: 74616.714 | AC21: 102304.8 | AD21: 0 | AE21: 0 | AF21: ระบุในSD | AG21: พร้อมส่ง | AH21: 0 | AI21: Lead time | AJ21: 0 | AK21: 0 | AL21: 0 | AM21: 0 | AN21: 0 | AO21: 0 | AP21: 0 | AQ21: 0 | AR21: 0 | AS21: 0 | AT21: 0 | AU21: 0 | AV21: 0 | AW21: 0 | AX21: 0 | AY21: 0 | AZ21: 0 | BA21: 0 | BB21: 0 | BC21: WRWT25800/WRWT25800 | BD21: 0
A22: 45843 | B22: MK68-000866 | C22: บจก.เคอรี่ฟลาวมิลล์ | D22: ถุงเงิน | E22: 19 | F22: 32 | G22: ขาว | H22: 0 | I22: 67 | J22: + | K22: 5 | L22: บิด | M22: ไม่สวมถุงใน | N22: 0 | O22: 0 | P22: 0 | Q22: 0 | R22: 0 | S22: ห่ออัดเบลแบน500 | T22: 45864 | U22: 5000 | V22: 5000 | W22: 0 | X22: 5400 | Y22: 0 | Z22: WSWT1921720 | AA22: 0 | AB22: 0 | AC22: 0 | AD22: 0 | AE22: 0 | AF22: PDR250212 | AG22: พร้อมส่ง | AH22: P7 | AI22: 2 | AJ22: 45864 | AK22: 0 | AL22: 45855 | AM22: 45862 | AN22: 45863 | AO22: 45863 | AP22: 45859 | AQ22: 0 | AR22: 0 | AS22: 0 | AT22: 0 | AU22: 0 | AV22: 0 | AW22: งานพิมพ์ | AX22: / | AY22: 0 | AZ22: 0 | BA22: 0 | BB22: 0 | BC22: WRWT21720/WRWT25800 | BD22: 0
A23: 45843 | B23: MK68-000866 | C23: บจก.เคอรี่ฟลาวมิลล์ | D23: ปลาโลมาแดง | E23: 19 | F23: 32 | G23: ขาว | H23: 0 | I23: 67 | J23: + | K23: 5 | L23: บิด | M23: ไม่สวมถุงใน | N23: 0 | O23: 0 | P23: 0 | Q23: 0 | R23: 0 | S23: ห่ออัดเบลแบน500 | T23: 45864 | U23: 5000 | V23: 5128 | W23: 0 | X23: 5400 | Y23: 0 | Z23: WSWT1921720 | AA23: 0 | AB23: 0 | AC23: 0 | AD23: 0 | AE23: 0 | AF23: PDR250212 | AG23: พร้อมส่ง | AH23: P7 | AI23: 2 | AJ23: 45864 | AK23: 0 | AL23: 45855 | AM23: 45862 | AN23: 45863 | AO23: 45863 | AP23: 45859 | AQ23: 0 | AR23: 0 | AS23: 0 | AT23: 0 | AU23: 0 | AV23: 0 | AW23: งานพิมพ์ | AX23: / | AY23: 0 | AZ23: 0 | BA23: 0 | BB23: 0 | BC23: WRWT21720/WRWT25800 | BD23: 0
A24: 45843 | B24: MK68-000866 | C24: บจก.เคอรี่ฟลาวมิลล์ | D24: แปดแต้มแดง | E24: 19 | F24: 32 | G24: ขาว | H24: 0 | I24: 67 | J24: + | K24: 5 | L24: บิด | M24: ไม่สวมถุงใน | N24: 0 | O24: 0 | P24: 0 | Q24: 0 | R24: 0 | S24: ห่ออัดเบลแบน500 | T24: 45864 | U24: 5000 | V24: 5049 | W24: 0 | X24: 5400 | Y24: 0 | Z24: WSWT1921720 | AA24: 0 | AB24: 0 | AC24: 0 | AD24: 0 | AE24: 0 | AF24: PDR250212 | AG24: พร้อมส่ง | AH24: P7 | AI24: 2 | AJ24: 45864 | AK24: 0 | AL24: 45855 | AM24: 45862 | AN24: 45863 | AO24: 45863 | AP24: 45859 | AQ24: 0 | AR24: 0 | AS24: 0 | AT24: 0 | AU24: 0 | AV24: 0 | AW24: งานพิมพ์ | AX24: / | AY24: 0 | AZ24: 0 | BA24: 0 | BB24: 0 | BC24: WRWT21720/WRWT25800 | BD24: 0
A25: 45843 | B25: MK68-000866 | C25: บจก.เคอรี่ฟลาวมิลล์ | D25: ดอกไม้เขียว | E25: 19 | F25: 32 | G25: ขาว | H25: 0 | I25: 67 | J25: + | K25: 5 | L25: บิด | M25: ไม่สวมถุงใน | N25: 0 | O25: 0 | P25: 0 | Q25: 0 | R25: 0 | S25: ห่ออัดเบลแบน500 | T25: 45864 | U25: 5000 | V25: 5072 | W25: 0 | X25: 5400 | Y25: 0 | Z25: WSWT1921720 | AA25: 0 | AB25: 0 | AC25: 0 | AD25: 0 | AE25: 0 | AF25: PDR250212 | AG25: พร้อมส่ง | AH25: P7 | AI25: 2 | AJ25: 45864 | AK25: 0 | AL25: 45855 | AM25: 45862 | AN25: 45863 | AO25: 45863 | AP25: 45859 | AQ25: 0 | AR25: 0 | AS25: 0 | AT25: 0 | AU25: 0 | AV25: 0 | AW25: งานพิมพ์ | AX25: / | AY25: 0 | AZ25: 0 | BA25: 0 | BB25: 0 | BC25: WRWT21720/WRWT25800 | BD25: 0
A26: 45843 | B26: MK68-000866 | C26: บจก.เคอรี่ฟลาวมิลล์ | D26: แต้มแดง | E26: 19 | F26: 32 | G26: ขาว | H26: 0 | I26: 67 | J26: + | K26: 5 | L26: บิด | M26: ไม่สวมถุงใน | N26: 0 | O26: 0 | P26: 0 | Q26: 0 | R26: 0 | S26: ห่ออัดเบลแบน500 | T26: 45867 | U26: 5000 | V26: 4597 | W26: 403 | X26: 5380 | Y26: 0 | Z26: WSWT1921720 | AA26: 0 | AB26: 0 | AC26: 0 | AD26: 0 | AE26: 0 | AF26: PDR250213 | AG26: พร้อมส่ง | AH26: P7 | AI26: 2 | AJ26: 45867 | AK26: 0 | AL26: 45858 | AM26: 45865 | AN26: 45866 | AO26: 45866 | AP26: 45862 | AQ26: 0 | AR26: 0 | AS26: 0 | AT26: 0 | AU26: 0 | AV26: 0 | AW26: งานพิมพ์ | AX26: / | AY26: 0 | AZ26: 0 | BA26: 0 | BB26: 0 | BC26: WRWT21720/WRWT25800 | BD26: 0
A27: 45843 | B27: MK68-000866 | C27: บจก.เคอรี่ฟลาวมิลล์ | D27: ดอกไม้แดง | E27: 19 | F27: 32 | G27: ขาว | H27: 0 | I27: 67 | J27: + | K27: 5 | L27: บิด | M27: ไม่สวมถุงใน | N27: 0 | O27: 0 | P27: 0 | Q27: 0 | R27: 0 | S27: ห่ออัดเบลแบน500 | T27: 45867 | U27: 5000 | V27: 5072 | W27: 0 | X27: 5400 | Y27: 0 | Z27: WSWT1921720 | AA27: 0 | AB27: 0 | AC27: 0 | AD27: 0 | AE27: 0 | AF27: PDR250213 | AG27: พร้อมส่ง | AH27: P7 | AI27: 2 | AJ27: 45867 | AK27: 0 | AL27: 45858 | AM27: 45865 | AN27: 45866 | AO27: 45866 | AP27: 45862 | AQ27: 0 | AR27: 0 | AS27: 0 | AT27: 0 | AU27: 0 | AV27: 0 | AW27: งานพิมพ์ | AX27: / | AY27: 0 | AZ27: 0 | BA27: 0 | BB27: 0 | BC27: WRWT21720/WRWT25800 | BD27: 0
A28: 45843 | B28: MK68-000866 | C28: บจก.เคอรี่ฟลาวมิลล์ | D28: หีบเพลงฟ้า | E28: 19 | F28: 32 | G28: ขาว | H28: 0 | I28: 67 | J28: + | K28: 5 | L28: บิด | M28: ไม่สวมถุงใน | N28: 0 | O28: 0 | P28: 0 | Q28: 0 | R28: 0 | S28: ห่ออัดเบลแบน500 | T28: 45867 | U28: 5000 | V28: 4688 | W28: 312 | X28: 5400 | Y28: 0 | Z28: WSWT1921720 | AA28: 0 | AB28: 0 | AC28: 0 | AD28: 0 | AE28: 0 | AF28: PDR250213 | AG28: พร้อมส่ง | AH28: P7 | AI28: 2 | AJ28: 45867 | AK28: 0 | AL28: 45858 | AM28: 45865 | AN28: 45866 | AO28: 45866 | AP28: 45862 | AQ28: 0 | AR28: 0 | AS28: 0 | AT28: 0 | AU28: 0 | AV28: 0 | AW28: งานพิมพ์ | AX28: / | AY28: 0 | AZ28: 0 | BA28: 0 | BB28: 0 | BC28: WRWT21720/WRWT25800 | BD28: 0
A29: 45854 | B29: MK68-000890 | C29: บจก.เคอรี่ฟลาวมิลล์ | D29: HARD FLOUR | E29: 19 | F29: 32 | G29: ขาว | H29: 0 | I29: 67 | J29: + | K29: 5 | L29: บิด | M29: ไม่สวมถุงใน | N29: 0 | O29: 0 | P29: 0 | Q29: 0 | R29: 0 | S29: ห่ออัดเบลแบน500 | T29: 45869 | U29: 5000 | V29: 5220 | W29: 0 | X29: 5400 | Y29: 0 | Z29: WSWT1921720 | AA29: 0 | AB29: 0 | AC29: 0 | AD29: 0 | AE29: 0 | AF29: PDR250226 | AG29: พร้อมส่ง | AH29: P7 | AI29: 2 | AJ29: 45869 | AK29: 0 | AL29: 45860 | AM29: 45867 | AN29: 45868 | AO29: 45868 | AP29: 45864 | AQ29: 0 | AR29: 0 | AS29: 0 | AT29: 0 | AU29: 0 | AV29: 0 | AW29: งานพิมพ์ | AX29: / | AY29: 0 | AZ29: 0 | BA29: 0 | BB29: 0 | BC29: WRWT21720/WRWT25800 | BD29: 0
A30: 45854 | B30: MK68-000890 | C30: บจก.เคอรี่ฟลาวมิลล์ | D30: ดอกไม้เขียว | E30: 19 | F30: 32 | G30: ขาว | H30: 0 | I30: 67 | J30: + | K30: 5 | L30: บิด | M30: ไม่สวมถุงใน | N30: 0 | O30: 0 | P30: 0 | Q30: 0 | R30: 0 | S30: ห่ออัดเบลแบน500 | T30: 45869 | U30: 5000 | V30: 5000 | W30: 0 | X30: 5198 | Y30: 0 | Z30: WSWT1921720 | AA30: 0 | AB30: 0 | AC30: 0 | AD30: 0 | AE30: 0 | AF30: PDR250226 | AG30: รอตัด | AH30: P7 | AI30: 2 | AJ30: 45869 | AK30: 0 | AL30: 45860 | AM30: 45867 | AN30: 45868 | AO30: 45868 | AP30: 45864 | AQ30: 0 | AR30: 0 | AS30: 0 | AT30: 0 | AU30: 0 | AV30: 0 | AW30: งานพิมพ์ | AX30: / | AY30: 0 | AZ30: 0 | BA30: 0 | BB30: 0 | BC30: WRWT21720/WRWT25800 | BD30: 0
A31: 45854 | B31: MK68-000890 | C31: บจก.เคอรี่ฟลาวมิลล์ | D31: 997 | E31: 19 | F31: 32 | G31: ขาว | H31: 0 | I31: 67 | J31: + | K31: 5 | L31: ไม่ | M31: ไม่สวมถุงใน | N31: 0 | O31: 0 | P31: 0 | Q31: 0 | R31: 0 | S31: ห่ออัดเบลแบน500 | T31: 45869 | U31: 5000 | V31: 5124 | W31: 0 | X31: 5300 | Y31: 0 | Z31: WSWT1921720 | AA31: 0 | AB31: 0 | AC31: 0 | AD31: 0 | AE31: 0 | AF31: PDR250226 | AG31: พร้อมส่ง | AH31: P7 | AI31: 2 | AJ31: 45869 | AK31: 0 | AL31: 45860 | AM31: 45867 | AN31: 45868 | AO31: 45868 | AP31: 45864 | AQ31: 0 | AR31: 0 | AS31: 0 | AT31: 0 | AU31: 0 | AV31: 0 | AW31: งานพิมพ์ | AX31: / | AY31: 0 | AZ31: 0 | BA31: 0 | BB31: 0 | BC31: WRWT21720/WRWT25800 | BD31: 0
A32: 45854 | B32: MK68-000891 | C32: บจก.เคอรี่ฟลาวมิลล์ | D32: ถุงเขียว | E32: 19 | F32: 32 | G32: ขาว | H32: 0 | I32: 67 | J32: + | K32: 5 | L32: บิด | M32: ไม่สวมถุงใน | N32: 0 | O32: 0 | P32: 0 | Q32: 0 | R32: 0 | S32: ห่ออัดเบลแบน500 | T32: 45869 | U32: 10000 | V32: 10000 | W32: 0 | X32: 10300 | Y32: 0 | Z32: WSWT1921720 | AA32: 0 | AB32: 0 | AC32: 0 | AD32: 0 | AE32: 0 | AF32: PDR250227 | AG32: พร้อมส่ง | AH32: P7 | AI32: 2 | AJ32: 45869 | AK32: 0 | AL32: 45860 | AM32: 45867 | AN32: 45868 | AO32: 45868 | AP32: 45864 | AQ32: 0 | AR32: 0 | AS32: 0 | AT32: 0 | AU32: 0 | AV32: 0 | AW32: งานพิมพ์ | AX32: / | AY32: 0 | AZ32: 0 | BA32: 0 | BB32: 0 | BC32: WRWT21720/WRWT25800 | BD32: 0
A33: 45854 | B33: MK68-000890 | C33: บจก.เคอรี่ฟลาวมิลล์ | D33: ปลาโลมาเทา | E33: 19 | F33: 32 | G33: ขาว | H33: 0 | I33: 67 | J33: + | K33: 5 | L33: บิด | M33: ไม่สวมถุงใน | N33: 0 | O33: 0 | P33: 0 | Q33: 0 | R33: 0 | S33: ห่ออัดเบลแบน500 | T33: 45871 | U33: 5000 | V33: 0 | W33: 5000 | X33: 5200 | Y33: 0 | Z33: WSWT1921720 | AA33: 0 | AB33: 0 | AC33: 0 | AD33: 0 | AE33: 0 | AF33: PDR250228 | AG33: พร้อมส่ง | AH33: P7 | AI33: 2 | AJ33: 45871 | AK33: 0 | AL33: 45862 | AM33: 45869 | AN33: 45870 | AO33: 45870 | AP33: 45866 | AQ33: 0 | AR33: 0 | AS33: 0 | AT33: 0 | AU33: 0 | AV33: 0 | AW33: งานพิมพ์ | AX33: / | AY33: 0 | AZ33: 0 | BA33: 0 | BB33: 0 | BC33: WRWT21720/WRWT25800 | BD33: 0
A34: 45854 | B34: MK68-000890 | C34: บจก.เคอรี่ฟลาวมิลล์ | D34: ถุงเขียว | E34: 19 | F34: 32 | G34: ขาว | H34: 0 | I34: 67 | J34: + | K34: 5 | L34: บิด | M34: ไม่สวมถุงใน | N34: 0 | O34: 0 | P34: 0 | Q34: 0 | R34: 0 | S34: ห่ออัดเบลแบน500 | T34: 45871 | U34: 10000 | V34: 10000 | W34: 0 | X34: 11110 | Y34: 0 | Z34: WSWT1921720 | AA34: 0 | AB34: 0 | AC34: 0 | AD34: 0 | AE34: 0 | AF34: PDR250228 | AG34: รอตัด | AH34: P7 | AI34: 2 | AJ34: 45871 | AK34: 0 | AL34: 45862 | AM34: 45869 | AN34: 45870 | AO34: 45870 | AP34: 45866 | AQ34: 0 | AR34: 0 | AS34: 0 | AT34: 0 | AU34: 0 | AV34: 0 | AW34: งานพิมพ์ | AX34: / | AY34: 0 | AZ34: 0 | BA34: 0 | BB34: 0 | BC34: WRWT21720/WRWT25800 | BD34: 0
A35: 45854 | B35: MK68-000890 | C35: บจก.เคอรี่ฟลาวมิลล์ | D35: ถุงทองแซนวิช | E35: 19 | F35: 32 | G35: ขาว | H35: 0 | I35: 67 | J35: + | K35: 5 | L35: บิด | M35: ไม่สวมถุงใน | N35: 0 | O35: 0 | P35: 0 | Q35: 0 | R35: 0 | S35: ห่ออัดเบลแบน500 | T35: 45871 | U35: 5000 | V35: 5000 | W35: 0 | X35: 5500 | Y35: 0 | Z35: WSWT1921720 | AA35: 0 | AB35: 0 | AC35: 0 | AD35: 0 | AE35: 0 | AF35: PDR250228 | AG35: ยังไม่ได้พิมพ์ | AH35: P7 | AI35: 2 | AJ35: 45871 | AK35: 0 | AL35: 45862 | AM35: 45869 | AN35: 45870 | AO35: 45870 | AP35: 45866 | AQ35: 0 | AR35: 0 | AS35: 0 | AT35: 0 | AU35: 0 | AV35: 0 | AW35: งานพิมพ์ | AX35: / | AY35: รอผสม 1200 | AZ35: 0 | BA35: 0 | BB35: 0 | BC35: WRWT21720/WRWT25800 | BD35: 0
A36: 45854 | B36: MK68-000890 | C36: บจก.เคอรี่ฟลาวมิลล์ | D36: ถุงเงิน | E36: 19 | F36: 32 | G36: ขาว | H36: 0 | I36: 67 | J36: + | K36: 5 | L36: บิด | M36: ไม่สวมถุงใน | N36: 0 | O36: 0 | P36: 0 | Q36: 0 | R36: 0 | S36: ห่ออัดเบลแบน500 | T36: 45871 | U36: 5000 | V36: 5000 | W36: 0 | X36: 5250 | Y36: 0 | Z36: WSWT1921720 | AA36: 0 | AB36: 0 | AC36: 0 | AD36: 0 | AE36: 0 | AF36: PDR250228 | AG36: รอตัด | AH36: P7 | AI36: 2 | AJ36: 45871 | AK36: 0 | AL36: 45862 | AM36: 45869 | AN36: 45870 | AO36: 45870 | AP36: 45866 | AQ36: 0 | AR36: 0 | AS36: 0 | AT36: 0 | AU36: 0 | AV36: 0 | AW36: งานพิมพ์ | AX36: / | AY36: 0 | AZ36: 0 | BA36: 0 | BB36: 0 | BC36: WRWT21720/WRWT25800 | BD36: 0
A37: 45854 | B37: MK68-000891 | C37: บจก.เคอรี่ฟลาวมิลล์ | D37: ปลาโลมาแดง | E37: 19 | F37: 32 | G37: ขาว | H37: 0 | I37: 67 | J37: + | K37: 5 | L37: บิด | M37: ไม่สวมถุงใน | N37: 0 | O37: 0 | P37: 0 | Q37: 0 | R37: 0 | S37: ห่ออัดเบลแบน500 | T37: 45871 | U37: 5000 | V37: 0 | W37: 5000 | X37: 5250 | Y37: 0 | Z37: WSWT1921720 | AA37: 0 | AB37: 0 | AC37: 0 | AD37: 0 | AE37: 0 | AF37: PDR250229 | AG37: รอตัด | AH37: P7 | AI37: 2 | AJ37: 45871 | AK37: 0 | AL37: 45862 | AM37: 45869 | AN37: 45870 | AO37: 45870 | AP37: 45866 | AQ37: 0 | AR37: 0 | AS37: 0 | AT37: 0 | AU37: 0 | AV37: 0 | AW37: งานพิมพ์ | AX37: / | AY37: 0 | AZ37: 0 | BA37: 0 | BB37: 0 | BC37: WRWT21720/WRWT25800 | BD37: 0
A38: 45854 | B38: MK68-000891 | C38: บจก.เคอรี่ฟลาวมิลล์ | D38: ดอกไม้เหลือง | E38: 19 | F38: 32 | G38: ขาว | H38: 0 | I38: 67 | J38: + | K38: 5 | L38: บิด | M38: ไม่สวมถุงใน | N38: 0 | O38: 0 | P38: 0 | Q38: 0 | R38: 0 | S38: ห่ออัดเบลแบน500 | T38: 45871 | U38: 5000 | V38: 0 | W38: 5000 | X38: 0 | Y38: 5250 | Z38: WSWT1921720 | AA38: 4679.95 | AB38: 4679.95 | AC38: 0 | AD38: 0 | AE38: 0 | AF38: PDR250229 | AG38: ยังไม่ได้พิมพ์ | AH38: P7 | AI38: 2 | AJ38: 45871 | AK38: 0 | AL38: 45862 | AM38: 45869 | AN38: 45870 | AO38: 45870 | AP38: 45866 | AQ38: 0 | AR38: 0 | AS38: 0 | AT38: 0 | AU38: 0 | AV38: 0 | AW38: งานพิมพ์ | AX38: / | AY38: 0 | AZ38: 0 | BA38: 0 | BB38: 0 | BC38: WRWT21720/WRWT25800 | BD38: 0
A39: 45854 | B39: MK68-000891 | C39: บจก.เคอรี่ฟลาวมิลล์ | D39: FW-Y | E39: 19 | F39: 32 | G39: ขาว | H39: 0 | I39: 67 | J39: + | K39: 5 | L39: ไม่ | M39: ไม่สวมถุงใน | N39: 0 | O39: 0 | P39: 0 | Q39: 0 | R39: 0 | S39: ห่ออัดเบลแบน500 | T39: 45871 | U39: 5000 | V39: 0 | W39: 5000 | X39: 5250 | Y39: 0 | Z39: WSWT1921720 | AA39: 0 | AB39: 0 | AC39: 0 | AD39: 0 | AE39: 0 | AF39: PDR250229 | AG39: ยังไม่ได้พิมพ์ | AH39: P7 | AI39: 2 | AJ39: 45871 | AK39: 0 | AL39: 45862 | AM39: 45869 | AN39: 45870 | AO39: 45870 | AP39: 45866 | AQ39: 0 | AR39: 0 | AS39: 0 | AT39: 0 | AU39: 0 | AV39: 0 | AW39: งานพิมพ์ | AX39: / | AY39: 0 | AZ39: 0 | BA39: 0 | BB39: 0 | BC39: WRWT21720/WRWT25800 | BD39: 0
A40: 45854 | B40: MK68-000891 | C40: บจก.เคอรี่ฟลาวมิลล์ | D40: 8S | E40: 19 | F40: 32 | G40: ขาว | H40: 0 | I40: 67 | J40: + | K40: 5 | L40: ไม่ | M40: ไม่สวมถุงใน | N40: 0 | O40: 0 | P40: 0 | Q40: 0 | R40: 0 | S40: ห่ออัดเบลแบน500 | T40: 45871 | U40: 5000 | V40: 0 | W40: 5000 | X40: 5300 | Y40: 0 | Z40: WSWT1921720 | AA40: 0 | AB40: 0 | AC40: 0 | AD40: 0 | AE40: 0 | AF40: PDR250229 | AG40: พร้อมส่ง | AH40: P7 | AI40: 2 | AJ40: 45871 | AK40: 0 | AL40: 45862 | AM40: 45869 | AN40: 45870 | AO40: 45870 | AP40: 45866 | AQ40: 0 | AR40: 0 | AS40: 0 | AT40: 0 | AU40: 0 | AV40: 0 | AW40: งานพิมพ์ | AX40: / | AY40: 0 | AZ40: 0 | BA40: 0 | BB40: 0 | BC40: WRWT21720/WRWT25800 | BD40: 0
A41: 45854 | B41: MK68-000891 | C41: บจก.เคอรี่ฟลาวมิลล์ | D41: หีบเพลงแดง | E41: 19 | F41: 32 | G41: ขาว | H41: 0 | I41: 67 | J41: + | K41: 5 | L41: บิด | M41: ไม่สวมถุงใน | N41: 0 | O41: 0 | P41: 0 | Q41: 0 | R41: 0 | S41: ห่ออัดเบลแบน500 | T41: 45871 | U41: 5000 | V41: 0 | W41: 5000 | X41: 0 | Y41: 5250 | Z41: WSWT1921720 | AA41: 4679.95 | AB41: 4679.95 | AC41: 0 | AD41: 0 | AE41: 0 | AF41: PDR250229 | AG41: รอตัด | AH41: P7 | AI41: 2 | AJ41: 45871 | AK41: 0 | AL41: 45862 | AM41: 45869 | AN41: 45870 | AO41: 45870 | AP41: 45866 | AQ41: 0 | AR41: 0 | AS41: 0 | AT41: 0 | AU41: 0 | AV41: 0 | AW41: งานพิมพ์ | AX41: / | AY41: 0 | AZ41: 0 | BA41: 0 | BB41: 0 | BC41: WRWT21720/WRWT25800 | BD41: 0
A42: 45854 | B42: MK68-000890 | C42: บจก.เคอรี่ฟลาวมิลล์ | D42: ถุงเขียว | E42: 19 | F42: 32 | G42: ขาว | H42: 0 | I42: 67 | J42: + | K42: 5 | L42: บิด | M42: ไม่สวมถุงใน | N42: 0 | O42: 0 | P42: 0 | Q42: 0 | R42: 0 | S42: ห่ออัดเบลแบน500 | T42: 45874 | U42: 10000 | V42: 0 | W42: 10000 | X42: 0 | Y42: 10500 | Z42: WSWT1921720 | AA42: 9359.9 | AB42: 9359.9 | AC42: 0 | AD42: 0 | AE42: 0 | AF42: PDR250230 | AG42: ยังไม่ได้พิมพ์ | AH42: P7 | AI42: 2 | AJ42: 45874 | AK42: 0 | AL42: 45865 | AM42: 45872 | AN42: 45873 | AO42: 45873 | AP42: 45869 | AQ42: 0 | AR42: 0 | AS42: 0 | AT42: 0 | AU42: 0 | AV42: 0 | AW42: งานพิมพ์ | AX42: / | AY42: 0 | AZ42: 0 | BA42: 0 | BB42: 0 | BC42: WRWT21720/WRWT25800 | BD42: 0
A43: 45854 | B43: MK68-000890 | C43: บจก.เคอรี่ฟลาวมิลล์ | D43: แต้มแดง | E43: 19 | F43: 32 | G43: ขาว | H43: 0 | I43: 67 | J43: + | K43: 5 | L43: บิด | M43: ไม่สวมถุงใน | N43: 0 | O43: 0 | P43: 0 | Q43: 0 | R43: 0 | S43: ห่ออัดเบลแบน500 | T43: 45874 | U43: 5000 | V43: 5000 | W43: 0 | X43: 5800 | Y43: 0 | Z43: WSWT1921720 | AA43: 0 | AB43: 0 | AC43: 0 | AD43: 0 | AE43: 0 | AF43: PDR250230 | AG43: ยังไม่ได้พิมพ์ | AH43: P7 | AI43: 2 | AJ43: 45874 | AK43: 0 | AL43: 45865 | AM43: 45872 | AN43: 45873 | AO43: 45873 | AP43: 45869 | AQ43: 0 | AR43: 0 | AS43: 0 | AT43: 0 | AU43: 0 | AV43: 0 | AW43: งานพิมพ์ | AX43: / | AY43: 0 | AZ43: 0 | BA43: 0 | BB43: 0 | BC43: WRWT21720/WRWT25800 | BD43: 0
A44: 45854 | B44: MK68-000890 | C44: บจก.เคอรี่ฟลาวมิลล์ | D44: ปลาโลมาแดง | E44: 19 | F44: 32 | G44: ขาว | H44: 0 | I44: 67 | J44: + | K44: 5 | L44: บิด | M44: ไม่สวมถุงใน | N44: 0 | O44: 0 | P44: 0 | Q44: 0 | R44: 0 | S44: ห่ออัดเบลแบน500 | T44: 45874 | U44: 5000 | V44: 0 | W44: 5000 | X44: 5250 | Y44: 0 | Z44: WSWT1921720 | AA44: 0 | AB44: 0 | AC44: 0 | AD44: 0 | AE44: 0 | AF44: PDR250230 | AG44: ยังไม่ได้พิมพ์ | AH44: P7 | AI44: 2 | AJ44: 45874 | AK44: 0 | AL44: 45865 | AM44: 45872 | AN44: 45873 | AO44: 45873 | AP44: 45869 | AQ44: 0 | AR44: 0 | AS44: 0 | AT44: 0 | AU44: 0 | AV44: 0 | AW44: งานพิมพ์ | AX44: / | AY44: 0 | AZ44: 0 | BA44: 0 | BB44: 0 | BC44: WRWT21720/WRWT25800 | BD44: 0
A45: 45854 | B45: MK68-000890 | C45: บจก.เคอรี่ฟลาวมิลล์ | D45: ดอกไม้เหลือง | E45: 19 | F45: 32 | G45: ขาว | H45: 0 | I45: 67 | J45: + | K45: 5 | L45: บิด | M45: ไม่สวมถุงใน | N45: 0 | O45: 0 | P45: 0 | Q45: 0 | R45: 0 | S45: ห่ออัดเบลแบน500 | T45: 45874 | U45: 5000 | V45: 0 | W45: 5000 | X45: 0 | Y45: 5250 | Z45: WSWT1921720 | AA45: 4679.95 | AB45: 4679.95 | AC45: 0 | AD45: 0 | AE45: 0 | AF45: PDR250230 | AG45: ยังไม่ได้พิมพ์ | AH45: P7 | AI45: 2 | AJ45: 45874 | AK45: 0 | AL45: 45865 | AM45: 45872 | AN45: 45873 | AO45: 45873 | AP45: 45869 | AQ45: 0 | AR45: 0 | AS45: 0 | AT45: 0 | AU45: 0 | AV45: 0 | AW45: งานพิมพ์ | AX45: / | AY45: 0 | AZ45: 0 | BA45: 0 | BB45: 0 | BC45: WRWT21720/WRWT25800 | BD45: 0
A46: 45854 | B46: MK68-000891 | C46: บจก.เคอรี่ฟลาวมิลล์ | D46: ดอกไม้ม่วง | E46: 19 | F46: 32 | G46: ขาว | H46: 0 | I46: 67 | J46: + | K46: 5 | L46: บิด | M46: ไม่สวมถุงใน | N46: 0 | O46: 0 | P46: 0 | Q46: 0 | R46: 0 | S46: ห่ออัดเบลแบน500 | T46: 45874 | U46: 5000 | V46: 0 | W46: 5000 | X46: 0 | Y46: 5250 | Z46: WSWT1921720 | AA46: 4679.95 | AB46: 4679.95 | AC46: 0 | AD46: 0 | AE46: 0 | AF46: PDR250231 | AG46: ยังไม่ได้พิมพ์ | AH46: P7 | AI46: 2 | AJ46: 45874 | AK46: 0 | AL46: 45865 | AM46: 45872 | AN46: 45873 | AO46: 45873 | AP46: 45869 | AQ46: 0 | AR46: 0 | AS46: 0 | AT46: 0 | AU46: 0 | AV46: 0 | AW46: งานพิมพ์ | AX46: / | AY46: 0 | AZ46: 0 | BA46: 0 | BB46: 0 | BC46: WRWT21720/WRWT25800 | BD46: 0
A47: 45854 | B47: MK68-000891 | C47: บจก.เคอรี่ฟลาวมิลล์ | D47: ดอกไม้แดง | E47: 19 | F47: 32 | G47: ขาว | H47: 0 | I47: 67 | J47: + | K47: 5 | L47: บิด | M47: ไม่สวมถุงใน | N47: 0 | O47: 0 | P47: 0 | Q47: 0 | R47: 0 | S47: ห่ออัดเบลแบน500 | T47: 45874 | U47: 5000 | V47: 0 | W47: 5000 | X47: 0 | Y47: 5250 | Z47: WSWT1921720 | AA47: 4679.95 | AB47: 4679.95 | AC47: 0 | AD47: 0 | AE47: 0 | AF47: PDR250231 | AG47: รอตัด | AH47: P7 | AI47: 2 | AJ47: 45874 | AK47: 0 | AL47: 45865 | AM47: 45872 | AN47: 45873 | AO47: 45873 | AP47: 45869 | AQ47: 0 | AR47: 0 | AS47: 0 | AT47: 0 | AU47: 0 | AV47: 0 | AW47: งานพิมพ์ | AX47: / | AY47: 0 | AZ47: 0 | BA47: 0 | BB47: 0 | BC47: WRWT21720/WRWT25800 | BD47: 0
... A59: 45857 | B59: MK68-000909 | C59: บจก.เคอรี่ฟลาวมิลล์ | D59: WHOLE WHEAT | E59: 19 | F59: 32 | G59: ขาว | H59: 0 | I59: 67 | J59: + | K59: 5 | L59: บิด | M59: ไม่สวมถุงใน | N59: 0 | O59: 0 | P59: 0 | Q59: 0 | R59: 0 | S59: ห่ออัดเบลแบน500 | T59: 45876 | U59: 5000 | V59: 0 | W59: 5000 | X59: 0 | Y59: 5250 | Z59: WSWT1921720 | AA59: 4679.95 | AB59: 0 | AC59: 4679.95 | AD59: 0 | AE59: 0 | AF59: PDR250237 | AG59: ยังไม่ได้พิมพ์ | AH59: P7 | AI59: 2 | AJ59: 45876 | AK59: 0 | AL59: 45867 | AM59: 45874 | AN59: 45875 | AO59: 45875 | AP59: 45871 | AQ59: 0 | AR59: 0 | AS59: 0 | AT59: 0 | AU59: 0 | AV59: 0 | AW59: งานพิมพ์ | AX59: / | AY59: 0 | AZ59: 0 | BA59: 0 | BB59: 0 | BC59: WRWT21720/WRWT25800 | BD59: 352.51463
A60: 45857 | B60: MK68-000909 | C60: บจก.เคอรี่ฟลาวมิลล์ | D60: BS | E60: 19 | F60: 32 | G60: ขาว | H60: 0 | I60: 67 | J60: + | K60: 5 | L60: บิด | M60: ไม่สวมถุงใน | N60: 0 | O60: 0 | P60: 0 | Q60: 0 | R60: 0 | S60: ห่ออัดเบลแบน500 | T60: 45878 | U60: 5000 | V60: 5000 | W60: 0 | X60: 5250 | Y60: 0 | Z60: WSWT1921720 | AA60: 0 | AB60: 0 | AC60: 0 | AD60: 0 | AE60: 0 | AF60: PDR250243 | AG60: รอตัด | AH60: P7 | AI60: 2 | AJ60: 45878 | AK60: 0 | AL60: 45869 | AM60: 45876 | AN60: 45877 | AO60: 45877 | AP60: 45873 | AQ60: 0 | AR60: 0 | AS60: 0 | AT60: 0 | AU60: 0 | AV60: 0 | AW60: งานพิมพ์ | AX60: 0 | AY60: 0 | AZ60: 0 | BA60: 0 | BB60: 0 | BC60: WRWT21720/WRWT25800 | BD60: 0
A61: 45854 | B61: MK68-000890 | C61: บจก.เคอรี่ฟลาวมิลล์ | D61: ถุงเขียว | E61: 19 | F61: 32 | G61: ขาว | H61: 0 | I61: 67 | J61: + | K61: 5 | L61: บิด | M61: ไม่สวมถุงใน | N61: 0 | O61: 0 | P61: 0 | Q61: 0 | R61: 0 | S61: ห่ออัดเบลแบน500 | T61: 45878 | U61: 10000 | V61: 0 | W61: 10000 | X61: 0 | Y61: 10500 | Z61: WSWT1921720 | AA61: 9359.9 | AB61: 0 | AC61: 9359.9 | AD61: 0 | AE61: 0 | AF61: PDR250233 | AG61: ยังไม่ได้พิมพ์ | AH61: P7 | AI61: 2 | AJ61: 45878 | AK61: 0 | AL61: 45869 | AM61: 45876 | AN61: 45877 | AO61: 45877 | AP61: 45873 | AQ61: 0 | AR61: 0 | AS61: 0 | AT61: 0 | AU61: 0 | AV61: 0 | AW61: งานพิมพ์ | AX61: / | AY61: 0 | AZ61: 0 | BA61: 0 | BB61: 0 | BC61: WRWT21720/WRWT25800 | BD61: 705.02927
A62: 45854 | B62: MK68-000890 | C62: บจก.เคอรี่ฟลาวมิลล์ | D62: ดอกไม้เขียว | E62: 19 | F62: 32 | G62: ขาว | H62: 0 | I62: 67 | J62: + | K62: 5 | L62: บิด | M62: ไม่สวมถุงใน | N62: 0 | O62: 0 | P62: 0 | Q62: 0 | R62: 0 | S62: ห่ออัดเบลแบน500 | T62: 45878 | U62: 5000 | V62: 0 | W62: 5000 | X62: 0 | Y62: 5250 | Z62: WSWT1921720 | AA62: 4679.95 | AB62: 0 | AC62: 4679.95 | AD62: 0 | AE62: 0 | AF62: PDR250233 | AG62: ยังไม่ได้พิมพ์ | AH62: P7 | AI62: 2 | AJ62: 45878 | AK62: 0 | AL62: 45869 | AM62: 45876 | AN62: 45877 | AO62: 45877 | AP62: 45873 | AQ62: 0 | AR62: 0 | AS62: 0 | AT62: 0 | AU62: 0 | AV62: 0 | AW62: งานพิมพ์ | AX62: / | AY62: 0 | AZ62: 0 | BA62: 0 | BB62: 0 | BC62: WRWT21720/WRWT25800 | BD62: 352.51463
A63: 45854 | B63: MK68-000890 | C63: บจก.เคอรี่ฟลาวมิลล์ | D63: FW-Y | E63: 19 | F63: 32 | G63: ขาว | H63: 0 | I63: 67 | J63: + | K63: 5 | L63: ไม่ | M63: ไม่สวมถุงใน | N63: 0 | O63: 0 | P63: 0 | Q63: 0 | R63: 0 | S63: ห่ออัดเบลแบน500 | T63: 45878 | U63: 5000 | V63: 0 | W63: 5000 | X63: 5250 | Y63: 0 | Z63: WSWT1921720 | AA63: 0 | AB63: 0 | AC63: 0 | AD63: 0 | AE63: 0 | AF63: PDR250233 | AG63: ยังไม่ได้พิมพ์ | AH63: P7 | AI63: 2 | AJ63: 45878 | AK63: 0 | AL63: 45869 | AM63: 45876 | AN63: 45877 | AO63: 45877 | AP63: 45873 | AQ63: 0 | AR63: 0 | AS63: 0 | AT63: 0 | AU63: 0 | AV63: 0 | AW63: งานพิมพ์ | AX63: / | AY63: 0 | AZ63: 0 | BA63: 0 | BB63: 0 | BC63: WRWT21720/WRWT25800 | BD63: 0
A64: 45854 | B64: MK68-000890 | C64: บจก.เคอรี่ฟลาวมิลล์ | D64: บลูทีมเหลือง | E64: 19 | F64: 32 | G64: ขาว | H64: 0 | I64: 67 | J64: + | K64: 5 | L64: บิด | M64: ไม่สวมถุงใน | N64: 0 | O64: 0 | P64: 0 | Q64: 0 | R64: 0 | S64: ห่ออัดเบลแบน500 | T64: 45878 | U64: 5000 | V64: 0 | W64: 5000 | X64: 0 | Y64: 5250 | Z64: WSWT1921720 | AA64: 4679.95 | AB64: 0 | AC64: 4679.95 | AD64: 0 | AE64: 0 | AF64: PDR250233 | AG64: ยังไม่ได้พิมพ์ | AH64: P7 | AI64: 2 | AJ64: 45878 | AK64: 0 | AL64: 45869 | AM64: 45876 | AN64: 45877 | AO64: 45877 | AP64: 45873 | AQ64: 0 | AR64: 0 | AS64: 0 | AT64: 0 | AU64: 0 | AV64: 0 | AW64: งานพิมพ์ | AX64: / | AY64: 0 | AZ64: 0 | BA64: 0 | BB64: 0 | BC64: WRWT21720/WRWT25800 | BD64: 352.51463
A65: 45857 | B65: MK68-000909 | C65: บจก.เคอรี่ฟลาวมิลล์ | D65: บะหมี่เตี๊ยว | E65: 19 | F65: 32 | G65: ขาว | H65: 0 | I65: 67 | J65: + | K65: 5 | L65: บิด | M65: ไม่สวมถุงใน | N65: 0 | O65: 0 | P65: 0 | Q65: 0 | R65: 0 | S65: ห่ออัดเบลแบน500 | T65: 45878 | U65: 5000 | V65: 0 | W65: 5000 | X65: 0 | Y65: 5250 | Z65: WSWT1921720 | AA65: 4679.95 | AB65: 0 | AC65: 4679.95 | AD65: 0 | AE65: 0 | AF65: PDR250238 | AG65: ผ้าขาว | AH65: P7 | AI65: 2 | AJ65: 45878 | AK65: 0 | AL65: 45869 | AM65: 45876 | AN65: 45877 | AO65: 45877 | AP65: 45873 | AQ65: 0 | AR65: 0 | AS65: 0 | AT65: 0 | AU65: 0 | AV65: 0 | AW65: งานพิมพ์ | AX65: / | AY65: 0 | AZ65: 0 | BA65: 0 | BB65: 0 | BC65: WRWT21720/WRWT25800 | BD65: 352.51463
A66: 45857 | B66: MK68-000909 | C66: บจก.เคอรี่ฟลาวมิลล์ | D66: ถุงเขียว | E66: 19 | F66: 32 | G66: ขาว | H66: 0 | I66: 67 | J66: + | K66: 5 | L66: บิด | M66: ไม่สวมถุงใน | N66: 0 | O66: 0 | P66: 0 | Q66: 0 | R66: 0 | S66: ห่ออัดเบลแบน500 | T66: 45878 | U66: 10000 | V66: 0 | W66: 10000 | X66: 0 | Y66: 10500 | Z66: WSWT1921720 | AA66: 9359.9 | AB66: 0 | AC66: 9359.9 | AD66: 0 | AE66: 0 | AF66: PDR250238 | AG66: ยังไม่ได้พิมพ์ | AH66: P7 | AI66: 2 | AJ66: 45878 | AK66: 0 | AL66: 45869 | AM66: 45876 | AN66: 45877 | AO66: 45877 | AP66: 45873 | AQ66: 0 | AR66: 0 | AS66: 0 | AT66: 0 | AU66: 0 | AV66: 0 | AW66: งานพิมพ์ | AX66: / | AY66: 0 | AZ66: 0 | BA66: 0 | BB66: 0 | BC66: WRWT21720/WRWT25800 | BD66: 705.02927
A67: 45857 | B67: MK68-000909 | C67: บจก.เคอรี่ฟลาวมิลล์ | D67: ถุงทองแซนวิช | E67: 19 | F67: 32 | G67: ขาว | H67: 0 | I67: 67 | J67: + | K67: 5 | L67: บิด | M67: ไม่สวมถุงใน | N67: 0 | O67: 0 | P67: 0 | Q67: 0 | R67: 0 | S67: ห่ออัดเบลแบน500 | T67: 45878 | U67: 10000 | V67: 0 | W67: 10000 | X67: 0 | Y67: 10500 | Z67: WSWT1921720 | AA67: 9359.9 | AB67: 0 | AC67: 9359.9 | AD67: 0 | AE67: 0 | AF67: PDR250238 | AG67: ยังไม่ได้พิมพ์ | AH67: P7 | AI67: 2 | AJ67: 45878 | AK67: 0 | AL67: 45869 | AM67: 45876 | AN67: 45877 | AO67: 45877 | AP67: 45873 | AQ67: 0 | AR67: 0 | AS67: 0 | AT67: 0 | AU67: 0 | AV67: 0 | AW67: งานพิมพ์ | AX67: / | AY67: 0 | AZ67: 0 | BA67: 0 | BB67: 0 | BC67: WRWT21720/WRWT25800 | BD67: 705.02927
A68: 45857 | B68: MK68-000911 | C68: บจก.เคอรี่ฟลาวมิลล์ | D68: ไม่พิมพ์ | E68: 19 | F68: 36 | G68: ขาว | H68: 0 | I68: 75 | J68: + | K68: 5 | L68: ไม่ | M68: ไม่สวมถุงใน | N68: 0 | O68: 0 | P68: 0 | Q68: 0 | R68: 0 | S68: ห่ออัดเบลแบน500 | T68: 45883 | U68: 10000 | V68: 0 | W68: 10000 | X68: 0 | Y68: 0 | Z68: WSWT1921720 | AA68: 10477.5 | AB68: 0 | AC68: 10477.5 | AD68: 0 | AE68: 0 | AF68: PDR250239 | AG68: รอตัด | AH68: P3 | AI68: 1 | AJ68: 45883 | AK68: 0 | AL68: 0 | AM68: 0 | AN68: 0 | AO68: 45882 | AP68: 45878 | AQ68: 0 | AR68: 0 | AS68: 0 | AT68: 0 | AU68: 0 | AV68: 0 | AW68: ตัด | AX68: 0 | AY68: 0 | AZ68: 0 | BA68: 0 | BB68: 0 | BC68: WRWT21720/WRWT25800 | BD68: 789.21187
A69: 45857 | B69: MK68-000910 | C69: บจก.เคอรี่ฟลาวมิลล์ | D69: ดอกไม้ม่วง | E69: 19 | F69: 32 | G69: ขาว | H69: 0 | I69: 67 | J69: + | K69: 5 | L69: บิด | M69: ไม่สวมถุงใน | N69: 0 | O69: 0 | P69: 0 | Q69: 0 | R69: 0 | S69: ห่ออัดเบลแบน500 | T69: 45883 | U69: 5000 | V69: 0 | W69: 5000 | X69: 0 | Y69: 5250 | Z69: WSWT1921720 | AA69: 4679.95 | AB69: 0 | AC69: 4679.95 | AD69: 0 | AE69: 0 | AF69: PDR250239 | AG69: ยังไม่ได้พิมพ์ | AH69: P7 | AI69: 2 | AJ69: 45883 | AK69: 0 | AL69: 45874 | AM69: 45881 | AN69: 45882 | AO69: 45882 | AP69: 45878 | AQ69: 0 | AR69: 0 | AS69: 0 | AT69: 0 | AU69: 0 | AV69: 0 | AW69: งานพิมพ์ | AX69: / | AY69: 0 | AZ69: 0 | BA69: 0 | BB69: 0 | BC69: WRWT21720/WRWT25800 | BD69: 352.51463
A70: 45857 | B70: MK68-000910 | C70: บจก.เคอรี่ฟลาวมิลล์ | D70: ดอกไม้แดง | E70: 19 | F70: 32 | G70: ขาว | H70: 0 | I70: 67 | J70: + | K70: 5 | L70: บิด | M70: ไม่สวมถุงใน | N70: 0 | O70: 0 | P70: 0 | Q70: 0 | R70: 0 | S70: ห่ออัดเบลแบน500 | T70: 45883 | U70: 5000 | V70: 0 | W70: 5000 | X70: 0 | Y70: 5250 | Z70: WSWT1921720 | AA70: 4679.95 | AB70: 0 | AC70: 4679.95 | AD70: 0 | AE70: 0 | AF70: PDR250239 | AG70: พร้อมส่ง | AH70: P7 | AI70: 2 | AJ70: 45883 | AK70: 0 | AL70: 45874 | AM70: 45881 | AN70: 45882 | AO70: 45882 | AP70: 45878 | AQ70: 0 | AR70: 0 | AS70: 0 | AT70: 0 | AU70: 0 | AV70: 0 | AW70: งานพิมพ์ | AX70: / | AY70: 0 | AZ70: 0 | BA70: 0 | BB70: 0 | BC70: WRWT21720/WRWT25800 | BD70: 352.51463
A71: 45857 | B71: MK68-000910 | C71: บจก.เคอรี่ฟลาวมิลล์ | D71: KFM | E71: 19 | F71: 32 | G71: ขาว | H71: 0 | I71: 67 | J71: + | K71: 5 | L71: ไม่ | M71: ไม่สวมถุงใน | N71: 0 | O71: 0 | P71: 0 | Q71: 0 | R71: 0 | S71: ห่ออัดเบลแบน500 | T71: 45883 | U71: 5000 | V71: 0 | W71: 5000 | X71: 5300 | Y71: 0 | Z71: WSWT1921720 | AA71: 0 | AB71: 0 | AC71: 0 | AD71: 0 | AE71: 0 | AF71: PDR250239 | AG71: ยังไม่ได้พิมพ์ | AH71: P7 | AI71: 2 | AJ71: 45883 | AK71: 0 | AL71: 45874 | AM71: 45881 | AN71: 45882 | AO71: 45882 | AP71: 45878 | AQ71: 0 | AR71: 0 | AS71: 0 | AT71: 0 | AU71: 0 | AV71: 0 | AW71: งานพิมพ์ | AX71: / | AY71: 0 | AZ71: 0 | BA71: 0 | BB71: 0 | BC71: WRWT21720/WRWT25800 | BD71: 0
A72: 45857 | B72: MK68-000910 | C72: บจก.เคอรี่ฟลาวมิลล์ | D72: ถุงทองแซนวิช | E72: 19 | F72: 32 | G72: ขาว | H72: 0 | I72: 67 | J72: + | K72: 5 | L72: บิด | M72: ไม่สวมถุงใน | N72: 0 | O72: 0 | P72: 0 | Q72: 0 | R72: 0 | S72: ห่ออัดเบลแบน500 | T72: 45885 | U72: 10000 | V72: 0 | W72: 10000 | X72: 0 | Y72: 10500 | Z72: WSWT1921720 | AA72: 9359.9 | AB72: 0 | AC72: 9359.9 | AD72: 0 | AE72: 0 | AF72: PDR250240 | AG72: รอตัด | AH72: P7 | AI72: 2 | AJ72: 45885 | AK72: 0 | AL72: 45876 | AM72: 45883 | AN72: 45884 | AO72: 45884 | AP72: 45880 | AQ72: 0 | AR72: 0 | AS72: 0 | AT72: 0 | AU72: 0 | AV72: 0 | AW72: งานพิมพ์ | AX72: / | AY72: 0 | AZ72: 0 | BA72: 0 | BB72: 0 | BC72: WRWT21720/WRWT25800 | BD72: 705.02927
A73: 45857 | B73: MK68-000910 | C73: บจก.เคอรี่ฟลาวมิลล์ | D73: ถุงเงิน | E73: 19 | F73: 32 | G73: ขาว | H73: 0 | I73: 67 | J73: + | K73: 5 | L73: บิด | M73: ไม่สวมถุงใน | N73: 0 | O73: 0 | P73: 0 | Q73: 0 | R73: 0 | S73: ห่ออัดเบลแบน500 | T73: 45885 | U73: 5000 | V73: 5000 | W73: 0 | X73: 5250 | Y73: 0 | Z73: WSWT1921720 | AA73: 0 | AB73: 0 | AC73: 0 | AD73: 0 | AE73: 0 | AF73: PDR250240 | AG73: ยังไม่ได้พิมพ์ | AH73: P7 | AI73: 2 | AJ73: 45885 | AK73: 0 | AL73: 45876 | AM73: 45883 | AN73: 45884 | AO73: 45884 | AP73: 45880 | AQ73: 0 | AR73: 0 | AS73: 0 | AT73: 0 | AU73: 0 | AV73: 0 | AW73: งานพิมพ์ | AX73: / | AY73: 0 | AZ73: 0 | BA73: 0 | BB73: 0 | BC73: WRWT21720/WRWT25800 | BD73: 0
A74: 45857 | B74: MK68-000910 | C74: บจก.เคอรี่ฟลาวมิลล์ | D74: ปลาโลมาแดง | E74: 19 | F74: 32 | G74: ขาว | H74: 0 | I74: 67 | J74: + | K74: 5 | L74: บิด | M74: ไม่สวมถุงใน | N74: 0 | O74: 0 | P74: 0 | Q74: 0 | R74: 0 | S74: ห่ออัดเบลแบน500 | T74: 45885 | U74: 5000 | V74: 0 | W74: 5000 | X74: 0 | Y74: 5250 | Z74: WSWT1921720 | AA74: 4679.95 | AB74: 0 | AC74: 4679.95 | AD74: 0 | AE74: 0 | AF74: PDR250240 | AG74: ยังไม่ได้พิมพ์ | AH74: P7 | AI74: 2 | AJ74: 45885 | AK74: 0 | AL74: 45876 | AM74: 45883 | AN74: 45884 | AO74: 45884 | AP74: 45880 | AQ74: 0 | AR74: 0 | AS74: 0 | AT74: 0 | AU74: 0 | AV74: 0 | AW74: งานพิมพ์ | AX74: / | AY74: 0 | AZ74: 0 | BA74: 0 | BB74: 0 | BC74: WRWT21720/WRWT25800 | BD74: 352.51463
A75: 45857 | B75: MK68-000910 | C75: บจก.เคอรี่ฟลาวมิลล์ | D75: FW-Y | E75: 19 | F75: 32 | G75: ขาว | H75: 0 | I75: 67 | J75: + | K75: 5 | L75: ไม่ | M75: ไม่สวมถุงใน | N75: 0 | O75: 0 | P75: 0 | Q75: 0 | R75: 0 | S75: ห่ออัดเบลแบน500 | T75: 45885 | U75: 5000 | V75: 0 | W75: 5000 | X75: 5200 | Y75: 0 | Z75: WSWT1921720 | AA75: 0 | AB75: 0 | AC75: 0 | AD75: 0 | AE75: 0 | AF75: PDR250240 | AG75: ยังไม่ได้พิมพ์ | AH75: P7 | AI75: 2 | AJ75: 45885 | AK75: 0 | AL75: 45876 | AM75: 45883 | AN75: 45884 | AO75: 45884 | AP75: 45880 | AQ75: 0 | AR75: 0 | AS75: 0 | AT75: 0 | AU75: 0 | AV75: 0 | AW75: งานพิมพ์ | AX75: / | AY75: 0 | AZ75: 0 | BA75: 0 | BB75: 0 | BC75: WRWT21720/WRWT25800 | BD75: 0
A76: 45857 | B76: MK68-000910 | C76: บจก.เคอรี่ฟลาวมิลล์ | D76: เคเอ็ม | E76: 19 | F76: 32 | G76: ขาว | H76: 0 | I76: 67 | J76: + | K76: 5 | L76: บิด | M76: ไม่สวมถุงใน | N76: 0 | O76: 0 | P76: 0 | Q76: 0 | R76: 0 | S76: ห่ออัดเบลแบน500 | T76: 45888 | U76: 5000 | V76: 0 | W76: 5000 | X76: 0 | Y76: 5250 | Z76: WSWT1921720 | AA76: 4679.95 | AB76: 0 | AC76: 4679.95 | AD76: 0 | AE76: 0 | AF76: PDR250241 | AG76: ยังไม่ได้พิมพ์ | AH76: P7 | AI76: 2 | AJ76: 45888 | AK76: 0 | AL76: 45879 | AM76: 45886 | AN76: 45887 | AO76: 45887 | AP76: 45883 | AQ76: 0 | AR76: 0 | AS76: 0 | AT76: 0 | AU76: 0 | AV76: 0 | AW76: งานพิมพ์ | AX76: / | AY76: 0 | AZ76: 0 | BA76: 0 | BB76: 0 | BC76: WRWT21720/WRWT25800 | BD76: 352.51463
A77: 45857 | B77: MK68-000910 | C77: บจก.เคอรี่ฟลาวมิลล์ | D77: แต้มแดง | E77: 19 | F77: 32 | G77: ขาว | H77: 0 | I77: 67 | J77: + | K77: 5 | L77: บิด | M77: ไม่สวมถุงใน | N77: 0 | O77: 0 | P77: 0 | Q77: 0 | R77: 0 | S77: ห่ออัดเบลแบน500 | T77: 45888 | U77: 5000 | V77: 0 | W77: 5000 | X77: 0 | Y77: 5250 | Z77: WSWT1921720 | AA77: 4679.95 | AB77: 0 | AC77: 4679.95 | AD77: 0 | AE77: 0 | AF77: PDR250241 | AG77: รอแบบ | AH77: P7 | AI77: 2 | AJ77: 45888 | AK77: 0 | AL77: 45879 | AM77: 45886 | AN77: 45887 | AO77: 45887 | AP77: 45883 | AQ77: 0 | AR77: 0 | AS77: 0 | AT77: 0 | AU77: 0 | AV77: 0 | AW77: งานพิมพ์ | AX77: / | AY77: 0 | AZ77: 0 | BA77: 0 | BB77: 0 | BC77: WRWT21720/WRWT25800 | BD77: 352.51463
A78: 45857 | B78: MK68-000910 | C78: บจก.เคอรี่ฟลาวมิลล์ | D78: ดอกไม้เขียว | E78: 19 | F78: 32 | G78: ขาว | H78: 0 | I78: 67 | J78: + | K78: 5 | L78: บิด | M78: ไม่สวมถุงใน | N78: 0 | O78: 0 | P78: 0 | Q78: 0 | R78: 0 | S78: ห่ออัดเบลแบน500 | T78: 45888 | U78: 5000 | V78: 0 | W78: 5000 | X78: 0 | Y78: 5250 | Z78: WSWT1921720 | AA78: 4679.95 | AB78: 0 | AC78: 4679.95 | AD78: 0 | AE78: 0 | AF78: PDR250241 | AG78: พร้อมส่ง | AH78: P7 | AI78: 2 | AJ78: 45888 | AK78: 0 | AL78: 45879 | AM78: 45886 | AN78: 45887 | AO78: 45887 | AP78: 45883 | AQ78: 0 | AR78: 0 | AS78: 0 | AT78: 0 | AU78: 0 | AV78: 0 | AW78: งานพิมพ์ | AX78: / | AY78: 0 | AZ78: 0 | BA78: 0 | BB78: 0 | BC78: WRWT21720/WRWT25800 | BD78: 352.51463
A79: 45857 | B79: MK68-000910 | C79: บจก.เคอรี่ฟลาวมิลล์ | D79: ถุงเขียว | E79: 19 | F79: 32 | G79: ขาว | H79: 0 | I79: 67 | J79: + | K79: 5 | L79: บิด | M79: ไม่สวมถุงใน | N79: 0 | O79: 0 | P79: 0 | Q79: 0 | R79: 0 | S79: ห่ออัดเบลแบน500 | T79: 45888 | U79: 10000 | V79: 0 | W79: 10000 | X79: 0 | Y79: 10500 | Z79: WSWT1921720 | AA79: 9359.9 | AB79: 0 | AC79: 9359.9 | AD79: 0 | AE79: 0 | AF79: PDR250241 | AG79: ยังไม่ได้พิมพ์ | AH79: P7 | AI79: 2 | AJ79: 45888 | AK79: 0 | AL79: 45879 | AM79: 45886 | AN79: 45887 | AO79: 45887 | AP79: 45883 | AQ79: 0 | AR79: 0 | AS79: 0 | AT79: 0 | AU79: 0 | AV79: 0 | AW79: งานพิมพ์ | AX79: / | AY79: 0 | AZ79: 0 | BA79: 0 | BB79: 0 | BC79: WRWT21720/WRWT25800 | BD79: 705.02927
A80: ประมาณการ | B80: ประมาณการ | C80: บจก.เคอรี่ฟลาวมิลล์ | D80: รอแบบ | E80: 19 | F80: 32 | G80: ขาว | H80: 0 | I80: 67 | J80: + | K80: 5 | L80: บิด | M80: ไม่สวมถุงใน | N80: 0 | O80: 0 | P80: 0 | Q80: 0 | R80: 0 | S80: ห่ออัดเบลแบน500 | T80: 45899 | U80: 250000 | V80: 0 | W80: 250000 | X80: 0 | Y80: 262500 | Z80: WSWT1921720 | AA80: 233997.5 | AB80: 0 | AC80: 233997.5 | AD80: 0 | AE80: 0 | AF80: 0 | AG80: พร้อมส่ง | AH80: P7 | AI80: 2 | AJ80: 45899 | AK80: 0 | AL80: 45890 | AM80: 45897 | AN80: 45898 | AO80: 45898 | AP80: 45894 | AQ80: 0 | AR80: 0 | AS80: 0 | AT80: 0 | AU80: 0 | AV80: 0 | AW80: งานพิมพ์ | AX80: / | AY80: 0 | AZ80: 0 | BA80: 0 | BB80: 0 | BC80: WRWT21720/WRWT25800 | BD80: 17625.732
A81: 0 | B81: 0 | C81: 0 | D81: 0 | E81: 19 | F81: 30 | G81: 0 | H81: 0 | I81: 63 | J81: + | K81: 5 | L81: 0 | M81: 0 | N81: 0 | O81: 0 | P81: 0 | Q81: 0 | R81: 0 | S81: 0 | U81: 0 | V81: 0 | W81: 0 | X81: 0 | Y81: 0 | Z81: WSWT1921720 | AA81: 408273.25 | AB81: 36073.65 | AC81: 372199.6 | AD81: 0 | AE81: 0 | AF81: ระบุในSD | AG81: พร้อมส่ง | AH81: 0 | AI81: Lead time | AJ81: 0 | AK81: 0 | AL81: 0 | AM81: 0 | AN81: 0 | AO81: 0 | AP81: 0 | AQ81: 0 | AR81: 0 | AS81: 0 | AT81: 0 | AU81: 0 | AV81: 0 | AW81: 0 | AX81: 0 | AY81: 0 | AZ81: 0 | BA81: 0 | BB81: 0 | BC81: WRWT190720/WRWT25800 | BD81: 0
A82: 45855 | B82: MK68-000898 | C82: บจก.เอเชี่ยนเคมิคัล | D82: A.C.C.ภาษาอังกฤษ 8-118 | E82: 19 | F82: 26 | G82: ขาว | H82: ด้าน | I82: 70 | J82: ± | K82: 5 | L82: ไม่ | M82: 20 | N82: 28 | O82: 50 | P82: 259.04464 | Q82: 0 | R82: 259.04464 | S82: มัด100 | T82: 45868 | U82: 15000 | V82: 0 | W82: 15000 | X82: 0 | Y82: 15750 | Z82: WSWT1925800SM | AA82: 11525.25 | AB82: 11525.25 | AC82: 0 | AD82: 0 | AE82: 11525.25 | AF82: 0 | AG82: พร้อมส่ง | AH82: P8 | AI82: 4 | AJ82: 45868 | AK82: 45864 | AL82: 45858 | AM82: 45865 | AN82: 45866 | AO82: 45866 | AP82: 45863 | AQ82: 45867 | AR82: 0 | AS82: 0 | AT82: 0 | AU82: 0 | AV82: 0 | AW82: งานเคลือบ+พิมพ์ | AX82: / | AY82: 0 | AZ82: 0 | BA82: 0 | BB82: 0 | BC82: WRWT25800/WRWT25800 | BD82: 0
A83: 0 | B83: 0 | C83: 0 | D83: 0 | E83: 19 | F83: 30 | G83: 0 | H83: 0 | I83: 56 | J83: ± | K83: 5 | L83: 0 | M83: 0 | N83: 0 | O83: 0 | P83: 0 | Q83: 0 | R83: 0 | S83: 0 | U83: 0 | W83: 0 | X83: 0 | Y83: 0 | Z83: WSWT1925800SM | AA83: 11525.25 | AB83: 11525.25 | AC83: 0 | AD83: 0 | AE83: 11525.25 | AF83: ระบุในSD | AG83: พร้อมส่ง | AH83: 0 | AI83: Lead time | AJ83: 0 | AK83: 0 | AL83: 0 | AM83: 0 | AN83: 0 | AO83: 0 | AP83: 0 | AQ83: 0 | AR83: 0 | AS83: 0 | AT83: 0 | AU83: 0 | AV83: 0 | AW83: 0 | AX83: 0 | AY83: 0 | AZ83: 0 | BA83: 0 | BB83: 0 | BC83: WRWT190800/WRWT25800 | BD83: 0
A84: 45796 | B84: MK68-000680 | C84: บจก.อินเทคค์ โกลบอล | D84: เพอเฟคค์103P โกลด์ | E84: 19 | F84: 34 | G84: ขาว | H84: ด้าน | I84: 100 | J84: ± | K84: 5 | L84: จับจีบ4" | M84: ไม่สวมถุงใน | N84: 0 | O84: 0 | P84: 0 | Q84: 0 | R84: 0 | S84: มัด80 ใช้สายรัด | T84: รอแจ้ง | U84: 503 | V84: 0 | W84: 503 | X84: 5250 | Y84: 0 | Z84: WSWT19251000SM | AA84: 0 | AB84: 0 | AC84: 0 | AD84: 0 | AE84: 0 | AF84: 0 | AG84: พร้อมส่ง | AH84: P6 | AI84: 4 | AJ84: รอแจ้ง | AK84: #VALUE! | AL84: #VALUE! | AM84: #VALUE! | AN84: #VALUE! | AO84: #VALUE! | AP84: #VALUE! | AQ84: 0 | AR84: 0 | AS84: 0 | AT84: 0 | AU84: 0 | AV84: 0 | AW84: งานเคลือบ+พิมพ์ | AX84: / | AY84: 0 | AZ84: 0 | BA84: 0 | BB84: 0 | BC84: WRWT251000/WRWT251000 | BD84: 0
A85: 0 | B85: 0 | C85: 0 | D85: 0 | E85: 19 | F85: 34 | G85: ขาว | H85: 0 | I85: 80 | J85: ± | K85: 5 | L85: 0 | M85: 0 | N85: 0 | O85: 0 | P85: 0 | Q85: 0 | R85: 0 | S85: 0 | U85: 0 | V85: 0 | W85: 0 | X85: 0 | Y85: 0 | Z85: WSWT19251000SM | AA85: 0 | AB85: 0 | AC85: 0 | AD85: 0 | AE85: 0 | AF85: ระบุในSD | AG85: พร้อมส่ง | AH85: 0 | AI85: Lead time | AJ85: 0 | AK85: 0 | AL85: 0 | AM85: 0 | AN85: 0 | AO85: 0 | AP85: 0 | AQ85: 0 | AR85: 0 | AS85: 0 | AT85: 0 | AU85: 0 | AV85: 0 | AW85: 0 | AX85: 0 | AY85: 0 | AZ85: 0 | BA85: 0 | BB85: 0 | BC85: WRWT251000/WRYL251000 | BD85: 0
A86: 45853 | B86: MK68-000886 | C86: บจก.วีซีเอฟ | D86: VC 100 | E86: 20 | F86: 37 | G86: ขาว | H86: ใส | I86: 100 | J86: ± | K86: 5 | L86: บิด | M86: ไม่สวมถุงใน | N86: 0 | O86: 0 | P86: 0 | Q86: 0 | R86: 0 | S86: 500กระสอบแบน | T86: 45864 | U86: 20000 | V86: 20000 | W86: 0 | X86: 22975 | Y86: 0 | Z86: WSWT2025800SM | AA86: 0 | AB86: 0 | AC86: 0 | AD86: 0 | AE86: 0 | AF86: 0 | AG86: พร้อมส่ง | AH86: P6 | AI86: 4 | AJ86: 45864 | AK86: 45860 | AL86: 45853 | AM86: 45861 | AN86: 45862 | AO86: 45863 | AP86: 45859 | AQ86: 0 | AR86: 0 | AS86: 0 | AT86: 0 | AU86: 0 | AV86: 0 | AW86: งานเคลือบ+พิมพ์ | AX86: / | AY86: 0 | AZ86: 0 | BA86: 0 | BB86: 0 | BC86: WRWT25850/WRWT25850 | BD86: 0
A87: 45853 | B87: MK68-000886 | C87: บจก.วีซีเอฟ | D87: JET 888 | E87: 20 | F87: 37 | G87: ขาว | H87: ใส | I87: 100 | J87: ± | K87: 5 | L87: บิด | M87: ไม่สวมถุงใน | N87: 0 | O87: 0 | P87: 0 | Q87: 0 | R87: 0 | S87: 500กระสอบแบน | T87: 45864 | U87: 5000 | V87: 4878 | W87: 122 | X87: 5050 | Y87: 0 | Z87: WSWT2025800SM | AA87: 0 | AB87: 0 | AC87: 0 | AD87: 0 | AE87: 0 | AF87: 0 | AG87: รอตัด | AH87: P6 | AI87: 4 | AJ87: 45864 | AK87: 45860 | AL87: 45853 | AM87: 45861 | AN87: 45862 | AO87: 45863 | AP87: 45859 | AQ87: 0 | AR87: 0 | AS87: 0 | AT87: 0 | AU87: 0 | AV87: 0 | AW87: งานเคลือบ+พิมพ์ | AX87: / | AY87: 0 | AZ87: 0 | BA87: 0 | BB87: 0 | BC87: WRWT25850/WRWT25850 | BD87: 0
A88: 45796 | B88: MK68-000672 | C88: บจก.อินเทคค์ โกลบอล | D88: เฟิร์สช้อย 912 | E88: 20 | F88: 36 | G88: ขาว | H88: ด้าน | I88: 100 | J88: ± | K88: 5 | L88: จับจีบ | M88: ไม่สวมถุงใน | N88: 0 | O88: 0 | P88: 0 | Q88: 0 | R88: 0 | S88: มัด80 ใช้สายรัด | T88: 45868 | U88: 3853 | V88: 3853 | W88: 0 | X88: 4500 | Y88: 0 | Z88: WSWT2025800SM | AA88: 0 | AB88: 0 | AC88: 0 | AD88: 0 | AE88: 0 | AF88: ลบสี | AG88: รอตัด | AH88: P6 | AI88: 4 | AJ88: 45868 | AK88: 45864 | AL88: 45857 | AM88: 45865 | AN88: 45866 | AO88: 45867 | AP88: 45863 | AQ88: 0 | AR88: 0 | AS88: 0 | AT88: 0 | AU88: 0 | AV88: 0 | AW88: งานเคลือบ+พิมพ์ | AX88: / | AY88: 0 | AZ88: 0 | BA88: 0 | BB88: 0 | BC88: WRWT25850/WRWT25850 | BD88: 0
A89: 45857 | B89: MK68-000901 | C89: บจก.อินเทคค์ โกลบอล | D89: เฟิร์สช้อย 912 | E89: 20 | F89: 36 | G89: ขาว | H89: ด้าน | I89: 100 | J89: ± | K89: 5 | L89: จับจีบ | M89: ไม่สวมถุงใน | N89: 0 | O89: 0 | P89: 0 | Q89: 0 | R89: 0 | S89: มัด80 ใช้สายรัด | T89: 45868 | U89: 10000 | V89: 10000 | W89: 0 | X89: 10500 | Y89: 0 | Z89: WSWT2025800SM | AA89: 0 | AB89: 0 | AC89: 0 | AD89: 0 | AE89: 0 | AF89: ลบสี | AG89: พร้อมส่ง | AH89: P6 | AI89: 4 | AJ89: 45868 | AK89: 45864 | AL89: 45857 | AM89: 45865 | AN89: 45866 | AO89: 45867 | AP89: 45863 | AQ89: 0 | AR89: 0 | AS89: 0 | AT89: 0 | AU89: 0 | AV89: 0 | AW89: งานเคลือบ+พิมพ์ | AX89: รอART | AY89: 0 | AZ89: 0 | BA89: 0 | BB89: 0 | BC89: WRWT25850/WRWT25850 | BD89: 0
A90: 45857 | B90: MK68-000901 | C90: บจก.อินเทคค์ โกลบอล | D90: เฟิร์สช้อย 913 | E90: 20 | F90: 36 | G90: ขาว | H90: ด้าน | I90: 100 | J90: ± | K90: 5 | L90: จับจีบ | M90: ไม่สวมถุงใน | N90: 0 | O90: 0 | P90: 0 | Q90: 0 | R90: 0 | S90: มัด80 ใช้สายรัด | T90: 45868 | U90: 10000 | V90: 0 | W90: 10000 | X90: 11409 | Y90: 0 | Z90: WSWT2025800SM | AA90: 0 | AB90: 0 | AC90: 0 | AD90: 0 | AE90: 0 | AF90: 0 | AG90: ยังไม่ได้พิมพ์ | AH90: P6 | AI90: 4 | AJ90: 45868 | AK90: 45864 | AL90: 45857 | AM90: 45865 | AN90: 45866 | AO90: 45867 | AP90: 45863 | AQ90: 0 | AR90: 0 | AS90: 0 | AT90: 0 | AU90: 0 | AV90: 0 | AW90: งานเคลือบ+พิมพ์ | AX90: รอART | AY90: 0 | AZ90: 0 | BA90: 0 | BB90: 0 | BC90: WRWT25850/WRWT25850 | BD90: 0
A91: 45857 | B91: MK68-000902 | C91: บจก.อินเทคค์ โกลบอล | D91: เพอเฟคค์ 000 | E91: 20 | F91: 36 | G91: ขาว | H91: ด้าน | I91: 100 | J91: ± | K91: 5 | L91: จับจีบ | M91: ไม่สวมถุงใน | N91: 0 | O91: 0 | P91: 0 | Q91: 0 | R91: 0 | S91: มัด80 ใช้สายรัด | T91: 45868 | U91: 10000 | V91: 0 | W91: 10000 | X91: 11000 | Y91: 0 | Z91: WSWT2025800SM | AA91: 0 | AB91: 0 | AC91: 0 | AD91: 0 | AE91: 0 | AF91: 0 | AG91: ยังไม่ได้พิมพ์ | AH91: P6 | AI91: 4 | AJ91: 45868 | AK91: 45864 | AL91: 45857 | AM91: 45865 | AN91: 45866 | AO91: 45867 | AP91: 45863 | AQ91: 0 | AR91: 0 | AS91: 0 | AT91: 0 | AU91: 0 | AV91: 0 | AW91: งานเคลือบ+พิมพ์ | AX91: รอART | AY91: 0 | AZ91: 0 | BA91: 0 | BB91: 0 | BC91: WRWT25850/WRWT25850 | BD91: 0
A92: 45796 | B92: MK68-000673 | C92: บจก.อินเทคค์ โกลบอล | D92: เพอเฟคค์ 000 | E92: 20 | F92: 36 | G92: ขาว | H92: ด้าน | I92: 100 | J92: ± | K92: 5 | L92: จับจีบ | M92: ไม่สวมถุงใน | N92: 0 | O92: 0 | P92: 0 | Q92: 0 | R92: 0 | S92: มัด80 ใช้สายรัด | T92: 45868 | U92: 179 | V92: 0 | W92: 179 | X92: 200 | Y92: 0 | Z92: WSWT2025800SM | AA92: 0 | AB92: 0 | AC92: 0 | AD92: 0 | AE92: 0 | AF92: 0 | AG92: ยังไม่ได้พิมพ์ | AH92: P6 | AI92: 4 | AJ92: 45868 | AK92: 45864 | AL92: 45857 | AM92: 45865 | AN92: 45866 | AO92: 45867 | AP92: 45863 | AQ92: 0 | AR92: 0 | AS92: 0 | AT92: 0 | AU92: 0 | AV92: 0 | AW92: งานเคลือบ+พิมพ์ | AX92: / | AY92: 0 | AZ92: 0 | BA92: 0 | BB92: 0 | BC92: WRWT25850/WRWT25850 | BD92: 0
A93: 45857 | B93: MK68-000902 | C93: บจก.อินเทคค์ โกลบอล | D93: เพอเฟคค์911 | E93: 20 | F93: 36 | G93: ขาว | H93: ด้าน | I93: 100 | J93: ± | K93: 5 | L93: จับจีบ | M93: ไม่สวมถุงใน | N93: 0 | O93: 0 | P93: 0 | Q93: 0 | R93: 0 | S93: มัด80 ใช้สายรัด | T93: 45868 | U93: 5040 | V93: 0 | W93: 5040 | X93: 0 | Y93: 5292 | Z93: WSWT2025800SM | AA93: 5280.66 | AB93: 5280.66 | AC93: 0 | AD93: 5280.66 | AE93: 0 | AF93: 0 | AG93: ยังไม่ได้พิมพ์ | AH93: P6 | AI93: 4 | AJ93: 45868 | AK93: 45864 | AL93: 45857 | AM93: 45865 | AN93: 45866 | AO93: 45867 | AP93: 45863 | AQ93: 0 | AR93: 0 | AS93: 0 | AT93: 0 | AU93: 0 | AV93: 0 | AW93: งานเคลือบ+พิมพ์ | AX93: รอART | AY93: 0 | AZ93: 0 | BA93: 0 | BB93: 0 | BC93: WRWT25850/WRWT25850 | BD93: 0
A94: 45857 | B94: MK68-000902 | C94: บจก.อินเทคค์ โกลบอล | D94: เพอเฟคค์912 | E94: 20 | F94: 36 | G94: ขาว | H94: ด้าน | I94: 100 | J94: ± | K94: 5 | L94: จับจีบ | M94: ไม่สวมถุงใน | N94: 0 | O94: 0 | P94: 0 | Q94: 0 | R94: 0 | S94: มัด80 ใช้สายรัด | T94: 45868 | U94: 5040 | V94: 0 | W94: 5040 | X94: 0 | Y94: 5292 | Z94: WSWT2025800SM | AA94: 5280.66 | AB94: 5280.66 | AC94: 0 | AD94: 5280.66 | AE94: 0 | AF94: 0 | AG94: ยังไม่ได้พิมพ์ | AH94: P6 | AI94: 4 | AJ94: 45868 | AK94: 45864 | AL94: 45857 | AM94: 45865 | AN94: 45866 | AO94: 45867 | AP94: 45863 | AQ94: 0 | AR94: 0 | AS94: 0 | AT94: 0 | AU94: 0 | AV94: 0 | AW94: งานเคลือบ+พิมพ์ | AX94: รอART | AY94: 0 | AZ94: 0 | BA94: 0 | BB94: 0 | BC94: WRWT25850/WRWT25850 | BD94: 0
A95: 45857 | B95: MK68-000906 | C95: บจก.อินเทคค์ โกลบอล | D95: สุบรรณ 333 | E95: 20 | F95: 36 | G95: ขาว | H95: ด้าน | I95: 100 | J95: ± | K95: 5 | L95: จับจีบ3.5" | M95: ไม่สวมถุงใน | N95: 0 | O95: 0 | P95: 0 | Q95: 0 | R95: 0 | S95: มัด80 ใช้สายรัด | T95: 45868 | U95: 5040 | V95: 0 | W95: 5040 | X95: 0 | Y95: 5292 | Z95: WSWT2025800SM | AA95: 5280.66 | AB95: 5280.66 | AC95: 0 | AD95: 0 | AE95: 5280.66 | AF95: 0 | AG95: ยังไม่ได้พิมพ์ | AH95: P6 | AI95: 4 | AJ95: 45868 | AK95: 45864 | AL95: 45857 | AM95: 45865 | AN95: 45866 | AO95: 45867 | AP95: 45863 | AQ95: 0 | AR95: 0 | AS95: 0 | AT95: 0 | AU95: 0 | AV95: 0 | AW95: งานเคลือบ+พิมพ์ | AX95: รอART | AY95: 0 | AZ95: 0 | BA95: 0 | BB95: 0 | BC95: WRWT25850/WRWT25850 | BD95: 0
A96: 45847 | B96: MK68-000874 | C96: บจก.เอสพีเอ็ม อาหารสัตว์ | D96: SPM 912 | E96: 20 | F96: 38 | G96: ขาว | H96: ด้าน | I96: 100 | J96: ± | K96: 5 | L96: บิด | M96: ไม่สวมถุงใน | N96: 0 | O96: 0 | P96: 0 | Q96: 0 | R96: 0 | S96: 500กระสอบแบน | T96: 45876 | U96: 3000 | V96: 0 | W96: 3000 | X96: 0 | Y96: 3150 | Z96: WSWT2025800SM | AA96: 3310.89 | AB96: 3310.89 | AC96: 0 | AD96: 0 | AE96: 3310.89 | AF96: 0 | AG96: รอแบบ | AH96: P6 | AI96: 4 | AJ96: 45876 | AK96: 45872 | AL96: 45865 | AM96: 45873 | AN96: 45874 | AO96: 45875 | AP96: 45871 | AQ96: 0 | AR96: 0 | AS96: 0 | AT96: 0 | AU96: 0 | AV96: 0 | AW96: งานเคลือบ+พิมพ์ | AX96: รอART | AY96: 0 | AZ96: 0 | BA96: 0 | BB96: 0 | BC96: WRWT25850/WRWT25850 | BD96: 0
A97: 45681 | B97: MK68-000122 | C97: บจก.เอสพีเอ็ม อาหารสัตว์ | D97: SPM 212 | E97: 20 | F97: 40 | G97: ขาว | H97: ด้าน | I97: 108 | J97: ± | K97: 5 | L97: บิด | M97: ไม่สวมถุงใน | N97: 0 | O97: 0 | P97: 0 | Q97: 0 | R97: 0 | S97: 500กระสอบแบน | T97: 45876 | U97: 3000 | V97: 0 | W97: 3000 | X97: 0 | Y97: 3150 | Z97: WSWT2025800SM | AA97: 3478.53 | AB97: 0 | AC97: 3478.53 | AD97: 0 | AE97: 3478.53 | AF97: 0 | AG97: รอแบบ | AH97: P6 | AI97: 4 | AJ97: 45876 | AK97: 45872 | AL97: 45865 | AM97: 45873 | AN97: 45874 | AO97: 45875 | AP97: 45871 | AQ97: 0 | AR97: 0 | AS97: 0 | AT97: 0 | AU97: 0 | AV97: 0 | AW97: งานเคลือบ+พิมพ์ | AX97: / | AY97: 0 | AZ97: 0 | BA97: 0 | BB97: 0 | BC97: WRWT25850/WRWT25850 | BD97: 262.82227
A98: 45850 | B98: MK68-000880 | C98: บจก.เอพีเอ็ม อะโกร | D98: SPM195 GOAL | E98: 20 | F98: 38 | G98: ขาว | H98: ใส | I98: 100 | J98: ± | K98: 5 | L98: บิด | M98: ไม่สวมถุงใน | N98: 0 | O98: 0 | P98: 0 | Q98: 0 | R98: 0 | S98: 500กระสอบแบน | T98: 45889 | U98: 4000 | V98: 0 | W98: 4000 | X98: 0 | Y98: 4200 | Z98: WSWT2025800SM | AA98: 4414.52 | AB98: 4414.52 | AC98: 0 | AD98: 0 | AE98: 4414.52 | AF98: 0 | AG98: รอแบบ | AH98: P6 | AI98: 4 | AJ98: 45889 | AK98: 45885 | AL98: 45878 | AM98: 45886 | AN98: 45887 | AO98: 45888 | AP98: 45884 | AQ98: 0 | AR98: 0 | AS98: 0 | AT98: 0 | AU98: 0 | AV98: 0 | AW98: งานเคลือบ+พิมพ์ | AX98: / | AY98: 0 | AZ98: 0 | BA98: 0 | BB98: 0 | BC98: WRWT25850/WRWT25850 | BD98: 0
A99: ประมาณการ | B99: ประมาณการ | C99: บจก.อินเทคค์ โกลบอล | D99: รอแบบ | E99: 20 | F99: 36 | G99: ขาว | H99: ด้าน | I99: 100 | J99: ± | K99: 5 | L99: จับจีบ | M99: ไม่สวมถุงใน | N99: 0 | O99: 0 | P99: 0 | Q99: 0 | R99: 0 | S99: มัด80 ใช้สายรัด | T99: 45899 | U99: 100000 | V99: 0 | W99: 100000 | X99: 0 | Y99: 105000 | Z99: WSWT2025800SM | AA99: 104775 | AB99: 62750 | AC99: 42025 | AD99: 0 | AE99: 104775 | AF99: 0 | AG99: รอแบบ | AH99: P6 | AI99: 4 | AJ99: 45899 | AK99: 45895 | AL99: 45888 | AM99: 45896 | AN99: 45897 | AO99: 45898 | AP99: 45894 | AQ99: 0 | AR99: 0 | AS99: 0 | AT99: 0 | AU99: 0 | AV99: 0 | AW99: งานเคลือบ+พิมพ์ | AX99: รอART | AY99: 0 | AZ99: 0 | BA99: 0 | BB99: 0 | BC99: WRWT25850/WRWT25850 | BD99: 3175.2222
A100: ประมาณการ | B100: ประมาณการ | C100: บจก.เอสพีเอ็ม อาหารสัตว์ | D100: รอแบบ | E100: 20 | F100: 38 | G100: ขาว | H100: ใส | I100: 100 | J100: ± | K100: 5 | L100: บิด | M100: ไม่สวมถุงใน | N100: 0 | O100: 0 | P100: 0 | Q100: 0 | R100: 0 | S100: 500กระสอบแบน | T100: 45899 | U100: 20000 | V100: 0 | W100: 20000 | X100: 0 | Y100: 21000 | Z100: WSWT2025800SM | AA100: 22072.6 | AB100: 0 | AC100: 22072.6 | AD100: 0 | AE100: 22072.6 | AF100: 0 | AG100: พร้อมส่ง | AH100: P6 | AI100: 4 | AJ100: 45899 | AK100: 45895 | AL100: 45888 | AM100: 45896 | AN100: 45897 | AO100: 45898 | AP100: 45894 | AQ100: 0 | AR100: 0 | AS100: 0 | AT100: 0 | AU100: 0 | AV100: 0 | AW100: งานเคลือบ+พิมพ์ | AX100: รอART | AY100: 0 | AZ100: 0 | BA100: 0 | BB100: 0 | BC100: WRWT25850/WRWT25850 | BD100: 1667.7076
A101: ประมาณการ | B101: ประมาณการ | C101: บจก.ไทยธรรมดี | D101: รอแบบ | E101: 20 | F101: 37 | G101: ขาว | H101: ด้าน | I101: 97 | J101: ± | K101: 5 | L101: บิด | M101: ไม่สวมถุงใน | N101: 0 | O101: 0 | P101: 0 | Q101: 0 | R101: 0 | S101: 500กระสอบ | T101: 45899 | U101: 20000 | V101: 0 | W101: 20000 | X101: 0 | Y101: 21000 | Z101: WSWT2025800SM | AA101: 21513.8 | AB101: 0 | AC101: 21513.8 | AD101: 0 | AE101: 21513.8 | AF101: 0 | AG101: พร้อมส่ง | AH101: P6 | AI101: 4 | AJ101: 45899 | AK101: 45895 | AL101: 45888 | AM101: 45896 | AN101: 45897 | AO101: 45898 | AP101: 45894 | AQ101: 0 | AR101: 0 | AS101: 0 | AT101: 0 | AU101: 0 | AV101: 0 | AW101: งานเคลือบ+พิมพ์ | AX101: รอART | AY101: 0 | AZ101: 0 | BA101: 0 | BB101: 0 | BC101: WRWT25850/WRWT25850 | BD101: 1625.4871
A102: ประมาณการ | B102: ประมาณการ | C102: บจก.ซันฟีด | D102: รอแบบ | E102: 20 | F102: 38 | G102: ขาว | H102: ด้าน | I102: 100 | J102: + | K102: 0 | L102: บิด | M102: ไม่สวมถุงใน | N102: 0 | O102: 0 | P102: 0 | Q102: 0 | R102: 0 | S102: 300กระสอบแบนเต็มใบ | T102: รอแจ้ง | U102: 100000 | V102: 0 | W102: 100000 | X102: 0 | Y102: 105000 | Z102: WSWT2025800SM | AA102: 110363 | AB102: 0 | AC102: 110363 | AD102: 0 | AE102: 110363 | AF102: 0 | AG102: พร้อมส่ง | AH102: P6 | AI102: 4 | AJ102: รอแจ้ง | AK102: #VALUE! | AL102: #VALUE! | AM102: #VALUE! | AN102: #VALUE! | AO102: #VALUE! | AP102: #VALUE! | AQ102: 0 | AR102: 0 | AS102: 0 | AT102: 0 | AU102: 0 | AV102: 0 | AW102: งานเคลือบ+พิมพ์ | AX102: รอART | AY102: 0 | AZ102: 0 | BA102: 0 | BB102: 0 | BC102: WRWT25850/WRWT25850 | BD102: 8338.5378
A103: 45825 | B103: MK68-000796 | C103: บจก.อินเทคค์ โกลบอล | D103: เฟิร์สช้อย 911 | E103: 20 | F103: 36 | G103: ขาว | H103: ด้าน | I103: 100 | J103: ± | K103: 5 | L103: จับจีบ4" | M103: ไม่สวมถุงใน | N103: 0 | O103: 0 | P103: 0 | Q103: 0 | R103: 0 | S103: มัด80 ใช้สายรัด | T103: รอแจ้ง | U103: 127 | V103: 0 | W103: 127 | X103: 6000 | Y103: 0 | Z103: WSWT2025800SM | AA103: 0 | AB103: 0 | AC103: 0 | AD103: 0 | AE103: 0 | AF103: 0 | AG103: รอตัด | AH103: P6 | AI103: 4 | AJ103: รอแจ้ง | AK103: #VALUE! | AL103: #VALUE! | AM103: #VALUE! | AN103: #VALUE! | AO103: #VALUE! | AP103: #VALUE! | AQ103: 0 | AR103: 0 | AS103: 0 | AT103: 0 | AU103: 0 | AV103: 0 | AW103: งานเคลือบ+พิมพ์ | AX103: / | AY103: 0 | AZ103: 0 | BA103: 0 | BB103: 0 | BC103: WRWT25850/WRWT25850 | BD103: 0
A104: 45825 | B104: MK68-000801 | C104: บจก.อินเทคค์ โกลบอล | D104: สุบรรณ 111 | E104: 20 | F104: 36 | G104: ขาว | H104: ด้าน | I104: 100 | J104: ± | K104: 5 | L104: จับจีบ3.5" | M104: ไม่สวมถุงใน | N104: 0 | O104: 0 | P104: 0 | Q104: 0 | R104: 0 | S104: มัด80 ใช้สายรัด | T104: รอแจ้ง | U104: 894 | V104: 525 | W104: 369 | X104: 6000 | Y104: 0 | Z104: WSWT2025800SM | AA104: 0 | AB104: 0 | AC104: 0 | AD104: 0 | AE104: 0 | AF104: 0 | AG104: พร้อมส่ง | AH104: P6 | AI104: 4 | AJ104: รอแจ้ง | AK104: #VALUE! | AL104: #VALUE! | AM104: #VALUE! | AN104: #VALUE! | AO104: #VALUE! | AP104: #VALUE! | AQ104: 0 | AR104: 0 | AS104: 0 | AT104: 0 | AU104: 0 | AV104: 0 | AW104: งานเคลือบ+พิมพ์ | AX104: / | AY104: 0 | AZ104: 0 | BA104: 0 | BB104: 0 | BC104: WRWT25850/WRWT25850 | BD104: 0
A105: 45827 | B105: MK68-000810 | C105: บจก.อินเทคค์ โกลบอล | D105: เฟิร์สคลาส 912 | E105: 20 | F105: 35 | G105: ขาว | H105: ด้าน | I105: 97 | J105: ± | K105: 5 | L105: จับจีบ4" | M105: ไม่สวมถุงใน | N105: 0 | O105: 0 | P105: 0 | Q105: 0 | R105: 0 | S105: มัด80 ใช้สายรัด | T105: รอแจ้ง | U105: 455 | V105: 0 | W105: 455 | X105: 6000 | Y105: 0 | Z105: WSWT2025800SM | AA105: 0 | AB105: 0 | AC105: 0 | AD105: 0 | AE105: 0 | AF105: 0 | AG105: พร้อมส่ง | AH105: P6 | AI105: 4 | AJ105: รอแจ้ง | AK105: #VALUE! | AL105: #VALUE! | AM105: #VALUE! | AN105: #VALUE! | AO105: #VALUE! | AP105: #VALUE! | AQ105: 0 | AR105: 0 | AS105: 0 | AT105: 0 | AU105: 0 | AV105: 0 | AW105: งานเคลือบ+พิมพ์ | AX105: / | AY105: 0 | AZ105: 0 | BA105: 0 | BB105: 0 | BC105: WRWT25850/WRWT25850 | BD105: 0
A106: 45796 | B106: MK68-000675 | C106: บจก.อินเทคค์ โกลบอล | D106: เพอเฟคค์ 914 | E106: 20 | F106: 36 | G106: ขาว | H106: ด้าน | I106: 100 | J106: ± | K106: 5 | L106: จับจีบ | M106: ไม่สวมถุงใน | N106: 0 | O106: 0 | P106: 0 | Q106: 0 | R106: 0 | S106: มัด80 ใช้สายรัด | T106: รอแจ้ง | U106: 3360 | V106: 0 | W106: 3360 | X106: 35200 | Y106: 0 | Z106: WSWT2025800SM | AA106: 0 | AB106: 0 | AC106: 0 | AD106: 0 | AE106: 0 | AF106: 0 | AG106: พร้อมส่ง | AH106: P6 | AI106: 4 | AJ106: รอแจ้ง | AK106: #VALUE! | AL106: #VALUE! | AM106: #VALUE! | AN106: #VALUE! | AO106: #VALUE! | AP106: #VALUE! | AQ106: 0 | AR106: 0 | AS106: 0 | AT106: 0 | AU106: 0 | AV106: 0 | AW106: งานเคลือบ+พิมพ์ | AX106: / | AY106: 2/6---6/6 | AZ106: 0 | BA106: 0 | BB106: 0 | BC106: WRWT25850/WRWT25850 | BD106: 0
A107: 45796 | B107: MK68-000676 | C107: บจก.อินเทคค์ โกลบอล | D107: เพอเฟคค์ 916 | E107: 20 | F107: 36 | G107: ขาว | H107: ด้าน | I107: 100 | J107: ± | K107: 5 | L107: จับจีบ | M107: ไม่สวมถุงใน | N107: 0 | O107: 0 | P107: 0 | Q107: 0 | R107: 0 | S107: มัด80 ใช้สายรัด | T107: รอแจ้ง | U107: 614 | V107: 0 | W107: 614 | X107: 12101 | Y107: 0 | Z107: WSWT2025800SM | AA107: 0 | AB107: 0 | AC107: 0 | AD107: 0 | AE107: 0 | AF107: 0 | AG107: รอตัด | AH107: P6 | AI107: 4 | AJ107: รอแจ้ง | AK107: #VALUE! | AL107: #VALUE! | AM107: #VALUE! | AN107: #VALUE! | AO107: #VALUE! | AP107: #VALUE! | AQ107: 0 | AR107: 0 | AS107: 0 | AT107: 0 | AU107: 0 | AV107: 0 | AW107: งานเคลือบ+พิมพ์ | AX107: / | AY107: 0 | AZ107: 0 | BA107: 0 | BB107: 0 | BC107: WRWT25850/WRWT25850 | BD107: 0
A108: 45796 | B108: MK68-000671 | C108: บจก.อินเทคค์ โกลบอล | D108: เฟิร์สช้อย 902 | E108: 20 | F108: 36 | G108: ขาว | H108: ด้าน | I108: 100 | J108: ± | K108: 5 | L108: จับจีบ | M108: ไม่สวมถุงใน | N108: 0 | O108: 0 | P108: 0 | Q108: 0 | R108: 0 | S108: มัด80 ใช้สายรัด | T108: รอแจ้ง | U108: 366 | V108: 0 | W108: 366 | X108: 5113 | Y108: 0 | Z108: WSWT2025800SM | AA108: 0 | AB108: 0 | AC108: 0 | AD108: 0 | AE108: 0 | AF108: 0 | AG108: ยังไม่ได้พิมพ์ | AH108: P6 | AI108: 4 | AJ108: รอแจ้ง | AK108: #VALUE! | AL108: #VALUE! | AM108: #VALUE! | AN108: #VALUE! | AO108: #VALUE! | AP108: #VALUE! | AQ108: 0 | AR108: 0 | AS108: 0 | AT108: 0 | AU108: 0 | AV108: 0 | AW108: งานเคลือบ+พิมพ์ | AX108: / | AY108: 0 | AZ108: 0 | BA108: 0 | BB108: 0 | BC108: WRWT25850/WRWT25850 | BD108: 0
A109: 45796 | B109: MK68-000673 | C109: บจก.อินเทคค์ โกลบอล | D109: เพอเฟคค์ 902 | E109: 20 | F109: 36 | G109: ขาว | H109: ด้าน | I109: 100 | J109: ± | K109: 5 | L109: จับจีบ | M109: ไม่สวมถุงใน | N109: 0 | O109: 0 | P109: 0 | Q109: 0 | R109: 0 | S109: มัด80 ใช้สายรัด | T109: รอแจ้ง | U109: 302 | V109: 0 | W109: 302 | X109: 5300 | Y109: 0 | Z109: WSWT2025800SM | AA109: 0 | AB109: 0 | AC109: 0 | AD109: 0 | AE109: 0 | AF109: 0 | AG109: พร้อมส่ง | AH109: P6 | AI109: 4 | AJ109: รอแจ้ง | AK109: #VALUE! | AL109: #VALUE! | AM109: #VALUE! | AN109: #VALUE! | AO109: #VALUE! | AP109: #VALUE! | AQ109: 0 | AR109: 0 | AS109: 0 | AT109: 0 | AU109: 0 | AV109: 0 | AW109: งานเคลือบ+พิมพ์ | AX109: / | AY109: 0 | AZ109: 0 | BA109: 0 | BB109: 0 | BC109: WRWT25850/WRWT25850 | BD109: 0
A110: 45796 | B110: MK68-000674 | C110: บจก.อินเทคค์ โกลบอล | D110: เพอเฟคค์ 913 | E110: 20 | F110: 36 | G110: ขาว | H110: ด้าน | I110: 100 | J110: ± | K110: 5 | L110: จับจีบ | M110: ไม่สวมถุงใน | N110: 0 | O110: 0 | P110: 0 | Q110: 0 | R110: 0 | S110: มัด80 ใช้สายรัด | T110: รอแจ้ง | U110: 1200 | V110: 0 | W110: 1200 | X110: 10700 | Y110: 0 | Z110: WSWT2025800SM | AA110: 0 | AB110: 0 | AC110: 0 | AD110: 0 | AE110: 0 | AF110: 0 | AG110: พร้อมส่ง | AH110: P6 | AI110: 4 | AJ110: รอแจ้ง | AK110: #VALUE! | AL110: #VALUE! | AM110: #VALUE! | AN110: #VALUE! | AO110: #VALUE! | AP110: #VALUE! | AQ110: 0 | AR110: 0 | AS110: 0 | AT110: 0 | AU110: 0 | AV110: 0 | AW110: งานเคลือบ+พิมพ์ | AX110: / | AY110: 0 | AZ110: 0 | BA110: 0 | BB110: 0 | BC110: WRWT25850/WRWT25850 | BD110: 0
A111: 45850 | B111: MK68-000877 | C111: บจก.เอพีเอ็ม อะโกร | D111: ยู-ฟีด รวมหมู | E111: 20 | F111: 38 | G111: ขาว | H111: ใส | I111: 100 | J111: ± | K111: 5 | L111: บิด | M111: ไม่สวมถุงใน | N111: 0 | O111: 0 | P111: 0 | Q111: 0 | R111: 0 | S111: 500กระสอบแบน | T111: รอแจ้ง | U111: 3000 | V111: 0 | W111: 3000 | X111: 0 | Y111: 3150 | Z111: WSWT2025800SM | AA111: 3310.89 | AB111: 0 | AC111: 3310.89 | AD111: 0 | AE111: 3310.89 | AF111: 0 | AG111: ยังไม่ได้พิมพ์ | AH111: P6 | AI111: 4 | AJ111: รอแจ้ง | AK111: #VALUE! | AL111: #VALUE! | AM111: #VALUE! | AN111: #VALUE! | AO111: #VALUE! | AP111: #VALUE! | AQ111: 0 | AR111: 0 | AS111: 0 | AT111: 0 | AU111: 0 | AV111: 0 | AW111: งานเคลือบ+พิมพ์ | AX111: / | AY111: 0 | AZ111: 0 | BA111: 0 | BB111: 0 | BC111: WRWT25850/WRWT25850 | BD111: 250.15613
A112: 45782 | B112: MK68-000609 | C112: บจก.เอสพีเอ็ม อาหารสัตว์ | D112: SW 441 | E112: 20 | F112: 38 | G112: ขาว | H112: ใส | I112: 100 | J112: ± | K112: 5 | L112: บิด | M112: ไม่สวมถุงใน | N112: 0 | O112: 0 | P112: 0 | Q112: 0 | R112: 0 | S112: 500กระสอบแบน | T112: รอส่ง | U112: 5000 | V112: 5041 | W112: 0 | X112: 5250 | Y112: 0 | Z112: WSWT2025800SM | AA112: 0 | AB112: 0 | AC112: 0 | AD112: 0 | AE112: 0 | AF112: 0 | AG112: ยังไม่ได้พิมพ์ | AH112: P6 | AI112: 4 | AJ112: รอส่ง | AK112: #VALUE! | AL112: #VALUE! | AM112: #VALUE! | AN112: #VALUE! | AO112: #VALUE! | AP112: #VALUE! | AQ112: 0 | AR112: 0 | AS112: 0 | AT112: 0 | AU112: 0 | AV112: 0 | AW112: งานเคลือบ+พิมพ์ | AX112: / | AY112: 0 | AZ112: 0 | BA112: 0 | BB112: 0 | BC112: WRWT25850/WRWT25850 | BD112: 0
...

Sheet 24-7-68
B2: เรียงกำหนดส่ง | D2: ลบ 0 | T2: เรียง 1
B3: ข้อมูลUpdate ณ. วันที่ | D3: 45862 | E3: เวลา | G3: 10.24
A4: วันรับออร์เดอร์/แบบ | B4: เลขที่ SO | C4: ชื่อลูกค้า | E4: 10.3 | I4: น้ำหนัก | L4: บิด/จับจีบ | M4: ถุงใน | Q4: 44873 | S4: วิธีบรรจุ | T4: วันส่ง | U4: จำนวนส่ง | V4: ตัดเย็บ (ใบ) | W4: 44873 | X4: พิมพ์ (ใบ) | Y4: 44876 | Z4: ผ้าทอ (เมตร) Updateณ | AB4: 44876 | AD4: ผ้าเคลือบ(เมตร) | AF4: หมายเหตุ | AG4: เครื่อง
B5: เลขที่ SO | C5: ชื่อลูกค้า | D5: ตรา | E5: กว้าง | F5: ยาว | G5: สี | H5: เคลือบ | I5: กรัม/ใบ | J5: * | K5: aw | L5: บิด/จับจีบ | M5: กว้าง | N5: ยาว | O5: หนา | P5: ใช้(กก.) | Q5: Stock(กก.) | R5: ผลิต(กก.) | S5: วิธีบรรจุ | T5: วันส่ง | U5: จำนวนส่ง | V5: StockFG | W5: ค้างตัด | X5: พิมพ์แล้ว | Y5: ค้างพิมพ์ | Z5: ประเภท | AA5: ใช้ | AB5: Stock | AC5: ค้างทอ | AD5: Stock | AE5: ค้างเคลือบ | AF5: หมายเหตุ | AG5: ที่พิมพ์ได้ | AH5: process | AI5: Lead time | AJ5: วันที่ส่งPL | AK5: เคลือบ | AL5: ได้ ART | AM5: พิมพ์ | AN5: จีบ-บิด | AO5: ตัด-เย็บ | AP5: ทอ | AQ5: สวมถุง | AR5: เย็บปาก | AS5: PT | AT5: ม้วน | AU5: ตัด | AV5: ตอกตาไก่ | AW5: GROUP | AX5: ART | AY5: หมายเหตุปัญหา | AZ5: ราคา/ใบ | BA5: ราคารวม | BB5: workweek | BC5: เส้นเทป | BD5: จำนวน
A6: 45860 | B6: MK68-000920 | C6: หจก.ปึงเป้งน้ำ | D6: เกลือตรามือ 10กก. | E6: 14 | F6: 22 | G6: ขาว | H6: ใส | I6: 42 | J6: ± | K6: 5 | L6: ไม่ | M6: ไม่สวมถุงใน | N6: 0 | O6: 0 | P6: 0 | Q6: 0 | R6: 0 | S6: 500กระสอบแบน | T6: 45884 | U6: 10000 | V6: 0 | W6: 10000 | X6: 0 | Y6: 10500 | Z6: WSWT1425800 | AA6: 6565.9 | AB6: 4837 | AC6: 1728.9 | AD6: 0 | AE6: 6565.9 | AF6: 0 | AG6: ยังไม่ได้พิมพ์ | AH6: P6 | AI6: 4 | AJ6: 45884 | AK6: 45880 | AL6: 45873 | AM6: 45881 | AN6: 45882 | AO6: 45883 | AP6: 45879 | AQ6: 0 | AR6: 0 | AS6: 0 | AT6: 0 | AU6: 0 | AV6: 0 | AW6: งานเคลือบ+พิมพ์ | AX6: / | AY6: 0 | AZ6: 0 | BA6: 0 | BB6: 0 | BC6: WRWT25800/WRWT25800 | BD6: 96.8184
A7: 0 | B7: 0 | C7: 0 | D7: 0 | E7: 14 | F7: 22 | G7: ขาว | H7: 0 | I7: 36 | J7: ± | K7: 5 | L7: 0 | M7: 0 | N7: 0 | O7: 0 | P7: 0 | Q7: 0 | R7: 0 | S7: 0 | U7: 0 | V7: 0 | W7: 0 | X7: 0 | Y7: 0 | Z7: WSWT1425800 | AA7: 6565.9 | AB7: 4837 | AC7: 1728.9 | AD7: 0 | AE7: 6565.9 | AF7: ระบุในSD | AG7: พร้อมส่ง | AH7: 0 | AI7: Lead time | AJ7: 0 | AK7: 0 | AL7: 0 | AM7: 0 | AN7: 0 | AO7: 0 | AP7: 0 | AQ7: 0 | AR7: 0 | AS7: 0 | AT7: 0 | AU7: 0 | AV7: 0 | AW7: 0 | AX7: 0 | AY7: 0 | AZ7: 0 | BA7: 0 | BB7: 0 | BC7: WRWT140800/WRWT25800 | BD7: 0
A8: 45842 | B8: MK68-000868 | C8: พีมินเนอร์ | D8: พี-มินเนอร์ นิวพลัส | E8: 16 | F8: 28 | G8: ขาว | H8: ใส | I8: 56 | J8: ± | K8: 5 | L8: ไม่ | M8: 19 | N8: 31 | O8: 40 | P8: 1.1334313 | Q8: 0 | R8: 1.1334313 | S8: 500กระสอบ | T8: 45860 | U8: 4000 | V8: 3922 | W8: 78 | X8: 5295 | Y8: 0 | Z8: WSWT1625800SM | AA8: 0 | AB8: 0 | AC8: 0 | AD8: 0 | AE8: 0 | AF8: รอส่ง รอลูกค้ามารับเอง | AG8: พร้อมส่ง | AH8: P8 | AI8: 4 | AJ8: 45860 | AK8: 45856 | AL8: 45850 | AM8: 45857 | AN8: 45858 | AO8: 45858 | AP8: 45855 | AQ8: 45859 | AR8: 0 | AS8: 0 | AT8: 0 | AU8: 0 | AV8: 0 | AW8: งานเคลือบ+พิมพ์ | AX8: / | AY8: 0 | AZ8: 0 | BA8: 0 | BB8: 0 | BC8: WRWT25800/WRWT25800 | BD8: 0
A9: ประมาณการ | B9: ประมาณการ | C9: บจก.ซัน ซีเมนต์ โพรเซส | D9: พระอาทิตย์(ปูนนอน-ชริงค์) | E9: 16 | F9: 25 | G9: ขาว | H9: ใส | I9: 50 | J9: ± | K9: 5 | L9: บิด | M9: 19 | N9: 28 | O9: 40 | P9: 65.624643 | Q9: 0 | R9: 65.624643 | S9: 500กระสอบ | T9: รอแจ้ง | U9: 5000 | V9: 0 | W9: 5000 | X9: 0 | Y9: 5250 | Z9: WSWT1625800SM | AA9: 3702.05 | AB9: 0 | AC9: 3702.05 | AD9: 0 | AE9: 3702.05 | AF9: 0 | AG9: พร้อมส่ง | AH9: P8 | AI9: 4 | AJ9: รอแจ้ง | AK9: #VALUE! | AL9: #VALUE! | AM9: #VALUE! | AN9: #VALUE! | AO9: #VALUE! | AP9: #VALUE! | AQ9: #VALUE! | AR9: 0 | AS9: 0 | AT9: 0 | AU9: 0 | AV9: 0 | AW9: งานเคลือบ+พิมพ์ | AX9: รอART | AY9: 0 | AZ9: 0 | BA9: 0 | BB9: 0 | BC9: WRWT25800/WRWT25800 | BD9: 210.60551
A10: 0 | B10: 0 | C10: 0 | E10: 16 | F10: 25 | G10: ขาว | H10: 0 | I10: 45 | J10: ± | K10: 5 | L10: 0 | M10: 0 | N10: 0 | O10: 0 | P10: 0 | Q10: 0 | R10: 0 | S10: 0 | U10: 0 | V10: 0 | W10: 0 | X10: 0 | Y10: 0 | Z10: WSWT1625800SM | AA10: 3702.05 | AB10: 0 | AC10: 3702.05 | AD10: 0 | AE10: 3702.05 | AF10: ระบุในSD | AG10: ยังไม่ได้พิมพ์ | AH10: 0 | AI10: Lead time | AJ10: 0 | AK10: 0 | AL10: 0 | AM10: 0 | AN10: 0 | AO10: 0 | AP10: 0 | AQ10: 0 | AR10: 0 | AS10: 0 | AT10: 0 | AU10: 0 | AV10: 0 | AW10: 0 | AX10: 0 | AY10: 0 | AZ10: 0 | BA10: 0 | BB10: 0 | BC10: WRWT160800/WRWT25800 | BD10: 0
A11: 45857 | B11: MK68-000914 | C11: โรงสีข้าวธัญญาวัฒน์ | D11: LUNG SHIN 12 kg | E11: 17 | F11: 26 | G11: ขาว | H11: 0 | I11: 48 | J11: ± | K11: 5 | L11: ไม่ | M11: ไม่สวมถุงใน | N11: 0 | O11: 0 | P11: 0 | Q11: 0 | R11: 0 | S11: 500กระสอบแบน | T11: 45868 | U11: 30250 | V11: 0 | W11: 30250 | X11: 0 | Y11: 31762.5 | Z11: WSWT1725800 | AA11: 23242.588 | AB11: 21505 | AC11: 1737.5875 | AD11: 0 | AE11: 0 | AF11: ห้ามขาด-ห้ามเกิน | AG11: พร้อมส่ง | AH11: P7 | AI11: 2 | AJ11: 45868 | AK11: 0 | AL11: 45859 | AM11: 45866 | AN11: 45867 | AO11: 45867 | AP11: 45863 | AQ11: 0 | AR11: 0 | AS11: 0 | AT11: 0 | AU11: 0 | AV11: 0 | AW11: งานพิมพ์ | AX11: / | AY11: 0 | AZ11: 0 | BA11: 0 | BB11: 0 | BC11: WRWT25800/WRWT25800 | BD11: 112.90457
A12: 0 | B12: 0 | C12: 0 | D12: 0 | E12: 17 | F12: 26 | G12: 0 | H12: 0 | I12: 48 | J12: ± | K12: 5 | L12: 0 | M12: 0 | N12: 0 | O12: 0 | P12: 0 | Q12: 0 | R12: 0 | S12: 0 | U12: 0 | V12: 0 | W12: 0 | X12: 0 | Y12: 0 | Z12: WSWT1725800 | AA12: 23242.588 | AB12: 21505 | AC12: 1737.5875 | AD12: 0 | AE12: 0 | AF12: ระบุในSD | AG12: ยังไม่ได้พิมพ์ | AH12: 0 | AI12: 0 | AJ12: 0 | AK12: 0 | AL12: 0 | AM12: 0 | AN12: 0 | AO12: 0 | AP12: 0 | AQ12: 0 | AR12: 0 | AS12: 0 | AT12: 0 | AU12: 0 | AV12: 0 | AW12: 0 | AX12: 0 | AY12: 0 | AZ12: 0 | BA12: 0 | BB12: 0 | BC12: WRWT170800/WRWT25800 | BD12: 0
A13: ประมาณการ | B13: ประมาณการ | C13: บจก.ฟาร์เธอร์ส วิง ซัพพลาย | D13: รถไฟ | E13: 18 | F13: 30 | G13: ขาว | H13: 0 | I13: 54 | J13: ± | K13: 5 | L13: บิด | M13: 19 | N13: 33 | O13: 40 | P13: 232.02999 | Q13: 0 | R13: 232.02999 | S13: 500กระสอบ | T13: รอแจ้ง | U13: 15000 | V13: 0 | W13: 15000 | X13: 0 | Y13: 15750 | Z13: WSWT1825800 | AA13: 13201.65 | AB13: 6301 | AC13: 6900.65 | AD13: 0 | AE13: 0 | AF13: 0 | AG13: พร้อมส่ง | AH13: P9 | AI13: 3 | AJ13: รอแจ้ง | AK13: 0 | AL13: #VALUE! | AM13: #VALUE! | AN13: #VALUE! | AO13: #VALUE! | AP13: #VALUE! | AQ13: #VALUE! | AR13: 0 | AS13: 0 | AT13: 0 | AU13: 0 | AV13: 0 | AW13: งานพิมพ์ | AX13: รอART | AY13: 0 | AZ13: 0 | BA13: 0 | BB13: 0 | BC13: WRWT25800/WRWT25800 | BD13: 474.76472
A14: 0 | B14: 0 | E14: 18 | F14: 30 | G14: ขาว | H14: 0 | I14: 54 | J14: ± | K14: 5 | L14: 0 | M14: 0 | N14: 0 | O14: 0 | P14: 0 | Q14: 0 | R14: 0 | S14: 0 | U14: 0 | V14: 0 | W14: 0 | X14: 0 | Y14: 0 | Z14: WSWT1825800 | AA14: 13201.65 | AB14: 6301 | AC14: 6900.65 | AD14: 0 | AE14: 0 | AF14: ระบุในSD | AG14: ยังไม่ได้พิมพ์ | AH14: 0 | AI14: Lead time | AJ14: 0 | AK14: 0 | AL14: 0 | AM14: 0 | AN14: 0 | AO14: 0 | AP14: 0 | AQ14: 0 | AR14: 0 | AS14: 0 | AT14: 0 | AU14: 0 | AV14: 0 | AW14: 0 | AX14: 0 | AY14: 0 | AZ14: 0 | BA14: 0 | BB14: 0 | BC14: WRWT25800/WRWT25800 | BD14: 0
A15: 45860 | B15: MK68-000917 | C15: บจก.ซิเบลโก้(บางเลน) | D15: PORTARYTE B15 | E15: 18 | F15: 30 | G15: ขาว | H15: ใส | I15: 74 | J15: ± | K15: 5 | L15: ไม่ | M15: ไม่สวมถุงใน | N15: 0 | O15: 0 | P15: 0 | Q15: 0 | R15: 0 | S15: 500กระสอบแบน | T15: 45883 | U15: 10000 | V15: 0 | W15: 10000 | X15: 0 | Y15: 10500 | Z15: WSWT1825800SM | AA15: 8801.1 | AB15: 6990 | AC15: 1811.1 | AD15: 1997 | AE15: 6804.1 | AF15: 0 | AG15: ยังไม่ได้พิมพ์ | AH15: P6 | AI15: 4 | AJ15: 45883 | AK15: 45879 | AL15: 45872 | AM15: 45880 | AN15: 45881 | AO15: 45882 | AP15: 45878 | AQ15: 0 | AR15: 0 | AS15: 0 | AT15: 0 | AU15: 0 | AV15: 0 | AW15: งานเคลือบ+พิมพ์ | AX15: / | AY15: 0 | AZ15: 0 | BA15: 0 | BB15: 0 | BC15: WRWT25800/WRWT25800 | BD15: 115.9104
A16: 0 | B16: 0 | C16: 0 | E16: 18 | F16: 25 | G16: ขาว | H16: 0 | I16: 50 | J16: ± | K16: 5 | L16: 0 | M16: 0 | N16: 0 | O16: 0 | P16: 0 | Q16: 0 | R16: 0 | S16: 0 | U16: 0 | V16: 0 | W16: 0 | X16: 0 | Y16: 0 | Z16: WSWT1825800SM | AA16: 8801.1 | AB16: 6990 | AC16: 1811.1 | AD16: 1997 | AE16: 6804.1 | AF16: ระบุในSD | AG16: รอแบบ | AH16: 0 | AI16: Lead time | AJ16: 0 | AK16: 0 | AL16: 0 | AM16: 0 | AN16: 0 | AO16: 0 | AP16: 0 | AQ16: 0 | AR16: 0 | AS16: 0 | AT16: 0 | AU16: 0 | AV16: 0 | AW16: 0 | AX16: 0 | AY16: 0 | AZ16: 0 | BA16: 0 | BB16: 0 | BC16: WRWT180800/WRWT25800 | BD16: 0
A17: ประมาณการ | B17: ประมาณการ | C17: บจก.เพรซิเดนท์ฟลาวมิลล์ | D17: ผึ้งเหลือง | E17: 19 | F17: 30 | G17: ขาว | H17: 0 | I17: 60 | J17: ± | K17: 5 | L17: บิด | M17: ไม่สวมถุงใน | N17: 0 | O17: 0 | P17: 0 | Q17: 0 | R17: 0 | S17: 500กระสอบ | T17: 45894 | U17: 100000 | V17: 0 | W17: 100000 | X17: 0 | Y17: 105000 | Z17: WSWT1925800 | AA17: 88011 | AB17: 56115 | AC17: 31896 | AD17: 0 | AE17: 0 | AF17: 0 | AG17: ยังไม่ได้พิมพ์ | AH17: P7 | AI17: 2 | AJ17: 45894 | AK17: 0 | AL17: 45885 | AM17: 45892 | AN17: 45893 | AO17: 45893 | AP17: 45889 | AQ17: 0 | AR17: 0 | AS17: 0 | AT17: 0 | AU17: 0 | AV17: 0 | AW17: งานพิมพ์ | AX17: รอART | AY17: 0 | AZ17: 0 | BA17: 0 | BB17: 0 | BC17: WRWT25800/WRWT25800 | BD17: 2316.3584
A18: ประมาณการ | B18: ประมาณการ | C18: บจก.เพรซิเดนท์ฟลาวมิลล์ | D18: ผึ้งชมพู | E18: 19 | F18: 30 | G18: ขาว | H18: 0 | I18: 60 | J18: ± | K18: 5 | L18: บิด | M18: ไม่สวมถุงใน | N18: 0 | O18: 0 | P18: 0 | Q18: 0 | R18: 0 | S18: 500กระสอบ | T18: 45894 | U18: 40000 | V18: 0 | W18: 40000 | X18: 0 | Y18: 42000 | Z18: WSWT1925800 | AA18: 35204.4 | AB18: 0 | AC18: 35204.4 | AD18: 0 | AE18: 0 | AF18: 0 | AG18: พร้อมส่ง | AH18: P7 | AI18: 2 | AJ18: 45894 | AK18: 0 | AL18: 45885 | AM18: 45892 | AN18: 45893 | AO18: 45893 | AP18: 45889 | AQ18: 0 | AR18: 0 | AS18: 0 | AT18: 0 | AU18: 0 | AV18: 0 | AW18: งานพิมพ์ | AX18: รอART | AY18: 0 | AZ18: 0 | BA18: 0 | BB18: 0 | BC18: WRWT25800/WRWT25800 | BD18: 2556.6218
A19: ประมาณการ | B19: ประมาณการ | C19: บจก.เอ็กเซลเล้นท์ | D19: รอแบบ | E19: 19 | F19: 30 | G19: ขาว | H19: 0 | I19: 60 | J19: ± | K19: 5 | L19: บิด | M19: ไม่สวมถุงใน | N19: 0 | O19: 0 | P19: 0 | Q19: 0 | R19: 0 | S19: 500กระสอบ | T19: 45894 | U19: 40000 | V19: 0 | W19: 40000 | X19: 0 | Y19: 42000 | Z19: WSWT1925800 | AA19: 35204.4 | AB19: 0 | AC19: 35204.4 | AD19: 0 | AE19: 0 | AF19: 0 | AG19: พร้อมส่ง | AH19: P7 | AI19: 2 | AJ19: 45894 | AK19: 0 | AL19: 45885 | AM19: 45892 | AN19: 45893 | AO19: 45893 | AP19: 45889 | AQ19: 0 | AR19: 0 | AS19: 0 | AT19: 0 | AU19: 0 | AV19: 0 | AW19: งานพิมพ์ | AX19: / | AY19: 0 | AZ19: 0 | BA19: 0 | BB19: 0 | BC19: WRWT25800/WRWT25800 | BD19: 2556.6218
