Workbook

Sheet Linkสูตรออร์เดอร์  (2)
B2: เรียงกำหนดส่ง | D2: ลบ 0 | T2: เรียง 1
B3: ข้อมูลUpdate ณ. วันที่ | D3: 45860 | E3: เวลา | G3: 9.46
A4: วันรับออร์เดอร์/แบบ | B4: เลขที่ SO | C4: ชื่อลูกค้า | E4: 10.3 | I4: น้ำหนัก | L4: บิด/จับจีบ | M4: ถุงใน | Q4: =[1]หน้าผ้า!$AC$13 -> 44873 | S4: วิธีบรรจุ | T4: วันส่ง | U4: จำนวนส่ง | V4: ตัดเย็บ (ใบ) | W4: =[1]หน้าผ้า!$AJ$13 -> 44873 | X4: พิมพ์ (ใบ) | Y4: =[1]หน้าผ้า!$AM$13 -> 44876 | Z4: ผ้าทอ (เมตร) Updateณ | AB4: =[1]หน้าผ้า!$AR$12 -> 44876 | AD4: ผ้าเคลือบ(เมตร) | AF4: หมายเหตุ | AG4: เครื่อง
B5: เลขที่ SO | C5: ชื่อลูกค้า | D5: ตรา | E5: กว้าง | F5: ยาว | G5: สี | H5: เคลือบ | I5: กรัม/ใบ | J5: * | K5: aw | L5: บิด/จับจีบ | M5: กว้าง | N5: ยาว | O5: หนา | P5: ใช้(กก.) | Q5: Stock(กก.) | R5: ผลิต(กก.) | S5: วิธีบรรจุ | T5: วันส่ง | U5: จำนวนส่ง | V5: StockFG | W5: ค้างตัด | X5: พิมพ์แล้ว | Y5: ค้างพิมพ์ | Z5: ประเภท | AA5: ใช้ | AB5: Stock | AC5: ค้างทอ | AD5: Stock | AE5: ค้างเคลือบ | AF5: หมายเหตุ | AG5: ที่พิมพ์ได้ | AH5: process | AI5: Lead time | AJ5: วันที่ส่งPL | AK5: เคลือบ | AL5: ได้ ART | AM5: พิมพ์ | AN5: จีบ-บิด | AO5: ตัด-เย็บ | AP5: ทอ | AQ5: สวมถุง | AR5: เย็บปาก | AS5: PT | AT5: ม้วน | AU5: ตัด | AV5: ตอกตาไก่ | AW5: GROUP | AX5: ART | AY5: หมายเหตุปัญหา | AZ5: ราคา/ใบ | BA5: ราคารวม | BB5: workweek | BC5: เส้นเทป | BD5: จำนวน
A6: =[2]หน้าผ้า!C15 -> 0 | B6: =[2]หน้าผ้า!B15 -> 0 | C6: =[2]หน้าผ้า!E15 -> 0 | D6: =[2]หน้าผ้า!F15 -> 0 | E6: =[2]หน้าผ้า!G15 -> 12 | F6: =[2]หน้าผ้า!H15 -> 16 | G6: =[2]หน้าผ้า!I15 -> ขาว | H6: =[2]หน้าผ้า!J15 -> 0 | I6: =[2]หน้าผ้า!L15 -> 25 | J6: =[2]หน้าผ้า!M15 -> ± | K6: =[2]หน้าผ้า!N15 -> 5 | L6: =[2]หน้าผ้า!R15 -> 0 | M6: =[2]หน้าผ้า!T15 -> 0 | N6: =[2]หน้าผ้า!U15 -> 0 | O6: =[2]หน้าผ้า!V15 -> 0 | P6: =[2]หน้าผ้า!AB15 -> 0 | Q6: =[2]หน้าผ้า!AC15 -> 0 | R6: =[2]หน้าผ้า!AD15 -> 0 | S6: =[2]หน้าผ้า!Z15 -> 0 | T6: =[2]หน้าผ้า!X15 -> 0 | U6: =[2]หน้าผ้า!AA15 -> 0 | V6: =[2]หน้าผ้า!AJ15 -> 0 | W6: =[2]หน้าผ้า!AL15 -> 0 | X6: =[2]หน้าผ้า!AM15 -> 0 | Y6: =[2]หน้าผ้า!AN15 -> 0 | Z6: =[2]หน้าผ้า!AO15 -> WSWT1221750 | AA6: =[2]หน้าผ้า!AQ15 -> #REF! | AB6: =[2]หน้าผ้า!AR15 -> #REF! | AC6: =[2]หน้าผ้า!AS15 -> #REF! | AD6: =[2]หน้าผ้า!AT15 -> #REF! | AE6: =[2]หน้าผ้า!AU15 -> #REF! | AF6: =[2]หน้าผ้า!AI15 -> ระบุในSD | AG6: =[3]หน้าผ้า!DC18 -> < Ord 20,000 | AH6: =[2]หน้าผ้า!DL15 -> 0 | AI6: =[2]หน้าผ้า!DM15 -> 0 | AJ6: =[2]หน้าผ้า!DN15 -> 0 | AK6: =[2]หน้าผ้า!DQ15 -> 0 | AL6: =[2]หน้าผ้า!DR15 -> 0 | AM6: =[2]หน้าผ้า!DS15 -> 0 | AN6: =[2]หน้าผ้า!DT15 -> 0 | AO6: =[2]หน้าผ้า!DU15 -> 0 | AP6: =[2]หน้าผ้า!DP15 -> 0 | AQ6: =[2]หน้าผ้า!DW15 -> 0 | AR6: =[2]หน้าผ้า!DX15 -> 0 | AS6: =[2]หน้าผ้า!DY15 -> 0 | AT6: =[2]หน้าผ้า!DZ15 -> 0 | AU6: =[2]หน้าผ้า!EA15 -> 0 | AV6: =[2]หน้าผ้า!EB15 -> 0 | AW6: =[2]หน้าผ้า!EC15 -> 0 | AX6: =[2]หน้าผ้า!ED15 -> 0 | AY6: =[2]หน้าผ้า!AG15 -> 0 | AZ6: =[2]หน้าผ้า!EG15 -> 0 | BA6: =[2]หน้าผ้า!EH15 -> 0 | BB6: =[2]หน้าผ้า!EI15 -> 0 | BC6: =[2]หน้าผ้า!BZ15 -> WRWT120750/WRWT21750 | BD6: =[2]หน้าผ้า!CA15 -> 0
A7: =[2]หน้าผ้า!C16 -> 45860 | B7: =[2]หน้าผ้า!B16 -> MK68-000920 | C7: =[2]หน้าผ้า!E16 -> หจก.ปึงเป้งน้ำ | D7: =[2]หน้าผ้า!F16 -> เกลือตรามือ 10กก. | E7: =[2]หน้าผ้า!G16 -> 14 | F7: =[2]หน้าผ้า!H16 -> 22 | G7: =[2]หน้าผ้า!I16 -> ขาว | H7: =[2]หน้าผ้า!J16 -> ใส | I7: =[2]หน้าผ้า!L16 -> 42 | J7: =[2]หน้าผ้า!M16 -> ± | K7: =[2]หน้าผ้า!N16 -> 5 | L7: =[2]หน้าผ้า!R16 -> ไม่ | M7: =[2]หน้าผ้า!T16 -> ไม่สวมถุงใน | N7: =[2]หน้าผ้า!U16 -> 0 | O7: =[2]หน้าผ้า!V16 -> 0 | P7: =[2]หน้าผ้า!AB16 -> 0 | Q7: =[2]หน้าผ้า!AC16 -> 0 | R7: =[2]หน้าผ้า!AD16 -> 0 | S7: =[2]หน้าผ้า!Z16 -> 500กระสอบแบน | T7: =[2]หน้าผ้า!X16 -> 45884 | U7: =[2]หน้าผ้า!AA16 -> 10000 | V7: =[2]หน้าผ้า!AJ16 -> 0 | W7: =[2]หน้าผ้า!AL16 -> 10000 | X7: =[2]หน้าผ้า!AM16 -> 0 | Y7: =[2]หน้าผ้า!AN16 -> 10500 | Z7: =[2]หน้าผ้า!AO16 -> WSWT1425800 | AA7: =[2]หน้าผ้า!AQ16 -> 6565.9 | AB7: =[2]หน้าผ้า!AR16 -> 4837 | AC7: =[2]หน้าผ้า!AS16 -> 1728.9 | AD7: =[2]หน้าผ้า!AT16 -> 0 | AE7: =[2]หน้าผ้า!AU16 -> 6565.9 | AF7: =[2]หน้าผ้า!AI16 -> 0 | AG7: =[3]หน้าผ้า!DC19 -> ยังไม่ได้พิมพ์ | AH7: =[2]หน้าผ้า!DL16 -> P6 | AI7: =[2]หน้าผ้า!DM16 -> 4 | AJ7: =[2]หน้าผ้า!DN16 -> 45884 | AK7: =[2]หน้าผ้า!DQ16 -> 45880 | AL7: =[2]หน้าผ้า!DR16 -> 45873 | AM7: =[2]หน้าผ้า!DS16 -> 45881 | AN7: =[2]หน้าผ้า!DT16 -> 45882 | AO7: =[2]หน้าผ้า!DU16 -> 45883 | AP7: =[2]หน้าผ้า!DP16 -> 45879 | AQ7: =[2]หน้าผ้า!DW16 -> 0 | AR7: =[2]หน้าผ้า!DX16 -> 0 | AS7: =[2]หน้าผ้า!DY16 -> 0 | AT7: =[2]หน้าผ้า!DZ16 -> 0 | AU7: =[2]หน้าผ้า!EA16 -> 0 | AV7: =[2]หน้าผ้า!EB16 -> 0 | AW7: =[2]หน้าผ้า!EC16 -> งานเคลือบ+พิมพ์ | AX7: =[2]หน้าผ้า!ED16 -> / | AY7: =[2]หน้าผ้า!AG16 -> 0 | AZ7: =[2]หน้าผ้า!EG16 -> 0 | BA7: =[2]หน้าผ้า!EH16 -> 0 | BB7: =[2]หน้าผ้า!EI16 -> 0 | BC7: =[2]หน้าผ้า!BZ16 -> WRWT25800/WRWT25800 | BD7: =[2]หน้าผ้า!CA16 -> 96.8184
A8: =[2]หน้าผ้า!C17 -> 0 | B8: =[2]หน้าผ้า!B17 -> 0 | C8: =[2]หน้าผ้า!E17 -> 0 | D8: =[2]หน้าผ้า!F17 -> 0 | E8: =[2]หน้าผ้า!G17 -> 14 | F8: =[2]หน้าผ้า!H17 -> 22 | G8: =[2]หน้าผ้า!I17 -> ขาว | H8: =[2]หน้าผ้า!J17 -> 0 | I8: =[2]หน้าผ้า!L17 -> 36 | J8: =[2]หน้าผ้า!M17 -> ± | K8: =[2]หน้าผ้า!N17 -> 5 | L8: =[2]หน้าผ้า!R17 -> 0 | M8: =[2]หน้าผ้า!T17 -> 0 | N8: =[2]หน้าผ้า!U17 -> 0 | O8: =[2]หน้าผ้า!V17 -> 0 | P8: =[2]หน้าผ้า!AB17 -> 0 | Q8: =[2]หน้าผ้า!AC17 -> 0 | R8: =[2]หน้าผ้า!AD17 -> 0 | S8: =[2]หน้าผ้า!Z17 -> 0 | T8: =[2]หน้าผ้า!X17 -> 0 | U8: =[2]หน้าผ้า!AA17 -> 0 | V8: =[2]หน้าผ้า!AJ17 -> 0 | W8: =[2]หน้าผ้า!AL17 -> 0 | X8: =[2]หน้าผ้า!AM17 -> 0 | Y8: =[2]หน้าผ้า!AN17 -> 0 | Z8: =[2]หน้าผ้า!AO17 -> WSWT1425800 | AA8: =[2]หน้าผ้า!AQ17 -> 6565.9 | AB8: =[2]หน้าผ้า!AR17 -> 4837 | AC8: =[2]หน้าผ้า!AS17 -> 1728.9 | AD8: =[2]หน้าผ้า!AT17 -> 0 | AE8: =[2]หน้าผ้า!AU17 -> 6565.9 | AF8: =[2]หน้าผ้า!AI17 -> ระบุในSD | AG8: =[3]หน้าผ้า!DC20 -> พร้อมส่ง | AH8: =[2]หน้าผ้า!DL17 -> 0 | AI8: =[2]หน้าผ้า!DM17 -> Lead time | AJ8: =[2]หน้าผ้า!DN17 -> 0 | AK8: =[2]หน้าผ้า!DQ17 -> 0 | AL8: =[2]หน้าผ้า!DR17 -> 0 | AM8: =[2]หน้าผ้า!DS17 -> 0 | AN8: =[2]หน้าผ้า!DT17 -> 0 | AO8: =[2]หน้าผ้า!DU17 -> 0 | AP8: =[2]หน้าผ้า!DP17 -> 0 | AQ8: =[2]หน้าผ้า!DW17 -> 0 | AR8: =[2]หน้าผ้า!DX17 -> 0 | AS8: =[2]หน้าผ้า!DY17 -> 0 | AT8: =[2]หน้าผ้า!DZ17 -> 0 | AU8: =[2]หน้าผ้า!EA17 -> 0 | AV8: =[2]หน้าผ้า!EB17 -> 0 | AW8: =[2]หน้าผ้า!EC17 -> 0 | AX8: =[2]หน้าผ้า!ED17 -> 0 | AY8: =[2]หน้าผ้า!AG17 -> 0 | AZ8: =[2]หน้าผ้า!EG17 -> 0 | BA8: =[2]หน้าผ้า!EH17 -> 0 | BB8: =[2]หน้าผ้า!EI17 -> 0 | BC8: =[2]หน้าผ้า!BZ17 -> WRWT140800/WRWT25800 | BD8: =[2]หน้าผ้า!CA17 -> 0
A9: =[2]หน้าผ้า!C18 -> 45842 | B9: =[2]หน้าผ้า!B18 -> MK68-000868 | C9: =[2]หน้าผ้า!E18 -> พีมินเนอร์ | D9: =[2]หน้าผ้า!F18 -> พี-มินเนอร์ นิวพลัส | E9: =[2]หน้าผ้า!G18 -> 16 | F9: =[2]หน้าผ้า!H18 -> 28 | G9: =[2]หน้าผ้า!I18 -> ขาว | H9: =[2]หน้าผ้า!J18 -> ใส | I9: =[2]หน้าผ้า!L18 -> 56 | J9: =[2]หน้าผ้า!M18 -> ± | K9: =[2]หน้าผ้า!N18 -> 5 | L9: =[2]หน้าผ้า!R18 -> ไม่ | M9: =[2]หน้าผ้า!T18 -> 19 | N9: =[2]หน้าผ้า!U18 -> 31 | O9: =[2]หน้าผ้า!V18 -> 40 | P9: =[2]หน้าผ้า!AB18 -> 1.1334313 | Q9: =[2]หน้าผ้า!AC18 -> 0 | R9: =[2]หน้าผ้า!AD18 -> 1.1334313 | S9: =[2]หน้าผ้า!Z18 -> 500กระสอบ | T9: =[2]หน้าผ้า!X18 -> 45860 | U9: =[2]หน้าผ้า!AA18 -> 4000 | V9: =[2]หน้าผ้า!AJ18 -> 3922 | W9: =[2]หน้าผ้า!AL18 -> 78 | X9: =[2]หน้าผ้า!AM18 -> 5295 | Y9: =[2]หน้าผ้า!AN18 -> 0 | Z9: =[2]หน้าผ้า!AO18 -> WSWT1625800SM | AA9: =[2]หน้าผ้า!AQ18 -> 0 | AB9: =[2]หน้าผ้า!AR18 -> 0 | AC9: =[2]หน้าผ้า!AS18 -> 0 | AD9: =[2]หน้าผ้า!AT18 -> 0 | AE9: =[2]หน้าผ้า!AU18 -> 0 | AF9: =[2]หน้าผ้า!AI18 -> รอส่ง รอลูกค้ามารับเอง | AG9: =[3]หน้าผ้า!DC21 -> พร้อมส่ง | AH9: =[2]หน้าผ้า!DL18 -> P8 | AI9: =[2]หน้าผ้า!DM18 -> 4 | AJ9: =[2]หน้าผ้า!DN18 -> 45860 | AK9: =[2]หน้าผ้า!DQ18 -> 45856 | AL9: =[2]หน้าผ้า!DR18 -> 45850 | AM9: =[2]หน้าผ้า!DS18 -> 45857 | AN9: =[2]หน้าผ้า!DT18 -> 45858 | AO9: =[2]หน้าผ้า!DU18 -> 45858 | AP9: =[2]หน้าผ้า!DP18 -> 45855 | AQ9: =[2]หน้าผ้า!DW18 -> 45859 | AR9: =[2]หน้าผ้า!DX18 -> 0 | AS9: =[2]หน้าผ้า!DY18 -> 0 | AT9: =[2]หน้าผ้า!DZ18 -> 0 | AU9: =[2]หน้าผ้า!EA18 -> 0 | AV9: =[2]หน้าผ้า!EB18 -> 0 | AW9: =[2]หน้าผ้า!EC18 -> งานเคลือบ+พิมพ์ | AX9: =[2]หน้าผ้า!ED18 -> / | AY9: =[2]หน้าผ้า!AG18 -> 0 | AZ9: =[2]หน้าผ้า!EG18 -> 0 | BA9: =[2]หน้าผ้า!EH18 -> 0 | BB9: =[2]หน้าผ้า!EI18 -> 0 | BC9: =[2]หน้าผ้า!BZ18 -> WRWT25800/WRWT25800 | BD9: =[2]หน้าผ้า!CA18 -> 0
A10: =[2]หน้าผ้า!C19 -> ประมาณการ | B10: =[2]หน้าผ้า!B19 -> ประมาณการ | C10: =[2]หน้าผ้า!E19 -> บจก.ซัน ซีเมนต์ โพรเซส | D10: =[2]หน้าผ้า!F19 -> พระอาทิตย์(ปูนนอน-ชริงค์) | E10: =[2]หน้าผ้า!G19 -> 16 | F10: =[2]หน้าผ้า!H19 -> 25 | G10: =[2]หน้าผ้า!I19 -> ขาว | H10: =[2]หน้าผ้า!J19 -> ใส | I10: =[2]หน้าผ้า!L19 -> 50 | J10: =[2]หน้าผ้า!M19 -> ± | K10: =[2]หน้าผ้า!N19 -> 5 | L10: =[2]หน้าผ้า!R19 -> บิด | M10: =[2]หน้าผ้า!T19 -> 19 | N10: =[2]หน้าผ้า!U19 -> 28 | O10: =[2]หน้าผ้า!V19 -> 40 | P10: =[2]หน้าผ้า!AB19 -> 65.624643 | Q10: =[2]หน้าผ้า!AC19 -> 0 | R10: =[2]หน้าผ้า!AD19 -> 65.624643 | S10: =[2]หน้าผ้า!Z19 -> 500กระสอบ | T10: =[2]หน้าผ้า!X19 -> รอแจ้ง | U10: =[2]หน้าผ้า!AA19 -> 5000 | V10: =[2]หน้าผ้า!AJ19 -> 0 | W10: =[2]หน้าผ้า!AL19 -> 5000 | X10: =[2]หน้าผ้า!AM19 -> 0 | Y10: =[2]หน้าผ้า!AN19 -> 5250 | Z10: =[2]หน้าผ้า!AO19 -> WSWT1625800SM | AA10: =[2]หน้าผ้า!AQ19 -> 3702.05 | AB10: =[2]หน้าผ้า!AR19 -> 0 | AC10: =[2]หน้าผ้า!AS19 -> 3702.05 | AD10: =[2]หน้าผ้า!AT19 -> 0 | AE10: =[2]หน้าผ้า!AU19 -> 3702.05 | AF10: =[2]หน้าผ้า!AI19 -> 0 | AG10: =[3]หน้าผ้า!DC22 -> พร้อมส่ง | AH10: =[2]หน้าผ้า!DL19 -> P8 | AI10: =[2]หน้าผ้า!DM19 -> 4 | AJ10: =[2]หน้าผ้า!DN19 -> รอแจ้ง | AK10: =[2]หน้าผ้า!DQ19 -> #VALUE! | AL10: =[2]หน้าผ้า!DR19 -> #VALUE! | AM10: =[2]หน้าผ้า!DS19 -> #VALUE! | AN10: =[2]หน้าผ้า!DT19 -> #VALUE! | AO10: =[2]หน้าผ้า!DU19 -> #VALUE! | AP10: =[2]หน้าผ้า!DP19 -> #VALUE! | AQ10: =[2]หน้าผ้า!DW19 -> #VALUE! | AR10: =[2]หน้าผ้า!DX19 -> 0 | AS10: =[2]หน้าผ้า!DY19 -> 0 | AT10: =[2]หน้าผ้า!DZ19 -> 0 | AU10: =[2]หน้าผ้า!EA19 -> 0 | AV10: =[2]หน้าผ้า!EB19 -> 0 | AW10: =[2]หน้าผ้า!EC19 -> งานเคลือบ+พิมพ์ | AX10: =[2]หน้าผ้า!ED19 -> รอART | AY10: =[2]หน้าผ้า!AG19 -> 0 | AZ10: =[2]หน้าผ้า!EG19 -> 0 | BA10: =[2]หน้าผ้า!EH19 -> 0 | BB10: =[2]หน้าผ้า!EI19 -> 0 | BC10: =[2]หน้าผ้า!BZ19 -> WRWT25800/WRWT25800 | BD10: =[2]หน้าผ้า!CA19 -> 210.60551
A11: =[2]หน้าผ้า!C20 -> 0 | B11: =[2]หน้าผ้า!B20 -> 0 | C11: =[2]หน้าผ้า!E20 -> 0 | D11: =[2]หน้าผ้า!F20 | E11: =[2]หน้าผ้า!G20 -> 16 | F11: =[2]หน้าผ้า!H20 -> 25 | G11: =[2]หน้าผ้า!I20 -> ขาว | H11: =[2]หน้าผ้า!J20 -> 0 | I11: =[2]หน้าผ้า!L20 -> 45 | J11: =[2]หน้าผ้า!M20 -> ± | K11: =[2]หน้าผ้า!N20 -> 5 | L11: =[2]หน้าผ้า!R20 -> 0 | M11: =[2]หน้าผ้า!T20 -> 0 | N11: =[2]หน้าผ้า!U20 -> 0 | O11: =[2]หน้าผ้า!V20 -> 0 | P11: =[2]หน้าผ้า!AB20 -> 0 | Q11: =[2]หน้าผ้า!AC20 -> 0 | R11: =[2]หน้าผ้า!AD20 -> 0 | S11: =[2]หน้าผ้า!Z20 -> 0 | T11: =[2]หน้าผ้า!X20 -> 0 | U11: =[2]หน้าผ้า!AA20 -> 0 | V11: =[2]หน้าผ้า!AJ20 -> 0 | W11: =[2]หน้าผ้า!AL20 -> 0 | X11: =[2]หน้าผ้า!AM20 -> 0 | Y11: =[2]หน้าผ้า!AN20 -> 0 | Z11: =[2]หน้าผ้า!AO20 -> WSWT1625800SM | AA11: =[2]หน้าผ้า!AQ20 -> 3702.05 | AB11: =[2]หน้าผ้า!AR20 -> 0 | AC11: =[2]หน้าผ้า!AS20 -> 3702.05 | AD11: =[2]หน้าผ้า!AT20 -> 0 | AE11: =[2]หน้าผ้า!AU20 -> 3702.05 | AF11: =[2]หน้าผ้า!AI20 -> ระบุในSD | AG11: =[3]หน้าผ้า!DC23 -> ยังไม่ได้พิมพ์ | AH11: =[2]หน้าผ้า!DL20 -> 0 | AI11: =[2]หน้าผ้า!DM20 -> Lead time | AJ11: =[2]หน้าผ้า!DN20 -> 0 | AK11: =[2]หน้าผ้า!DQ20 -> 0 | AL11: =[2]หน้าผ้า!DR20 -> 0 | AM11: =[2]หน้าผ้า!DS20 -> 0 | AN11: =[2]หน้าผ้า!DT20 -> 0 | AO11: =[2]หน้าผ้า!DU20 -> 0 | AP11: =[2]หน้าผ้า!DP20 -> 0 | AQ11: =[2]หน้าผ้า!DW20 -> 0 | AR11: =[2]หน้าผ้า!DX20 -> 0 | AS11: =[2]หน้าผ้า!DY20 -> 0 | AT11: =[2]หน้าผ้า!DZ20 -> 0 | AU11: =[2]หน้าผ้า!EA20 -> 0 | AV11: =[2]หน้าผ้า!EB20 -> 0 | AW11: =[2]หน้าผ้า!EC20 -> 0 | AX11: =[2]หน้าผ้า!ED20 -> 0 | AY11: =[2]หน้าผ้า!AG20 -> 0 | AZ11: =[2]หน้าผ้า!EG20 -> 0 | BA11: =[2]หน้าผ้า!EH20 -> 0 | BB11: =[2]หน้าผ้า!EI20 -> 0 | BC11: =[2]หน้าผ้า!BZ20 -> WRWT160800/WRWT25800 | BD11: =[2]หน้าผ้า!CA20 -> 0
A12: =[2]หน้าผ้า!C21 -> 0 | B12: =[2]หน้าผ้า!B21 -> 0 | C12: =[2]หน้าผ้า!E21 -> 0 | D12: =[2]หน้าผ้า!F21 -> 0 | E12: =[2]หน้าผ้า!G21 -> 16 | F12: =[2]หน้าผ้า!H21 -> 25 | G12: =[2]หน้าผ้า!I21 -> ขาว | H12: =[2]หน้าผ้า!J21 -> 0 | I12: =[2]หน้าผ้า!L21 -> 45 | J12: =[2]หน้าผ้า!M21 -> ± | K12: =[2]หน้าผ้า!N21 -> 5 | L12: =[2]หน้าผ้า!R21 -> 0 | M12: =[2]หน้าผ้า!T21 -> 0 | N12: =[2]หน้าผ้า!U21 -> 0 | O12: =[2]หน้าผ้า!V21 -> 0 | P12: =[2]หน้าผ้า!AB21 -> 0 | Q12: =[2]หน้าผ้า!AC21 -> 0 | R12: =[2]หน้าผ้า!AD21 -> 0 | S12: =[2]หน้าผ้า!Z21 -> 0 | T12: =[2]หน้าผ้า!X21 -> 0 | U12: =[2]หน้าผ้า!AA21 -> 0 | V12: =[2]หน้าผ้า!AJ21 -> 0 | W12: =[2]หน้าผ้า!AL21 -> 0 | X12: =[2]หน้าผ้า!AM21 -> 0 | Y12: =[2]หน้าผ้า!AN21 -> 0 | Z12: =[2]หน้าผ้า!AO21 -> WSWT1625800 | AA12: =[2]หน้าผ้า!AQ21 -> #REF! | AB12: =[2]หน้าผ้า!AR21 -> #REF! | AC12: =[2]หน้าผ้า!AS21 -> #REF! | AD12: =[2]หน้าผ้า!AT21 -> #REF! | AE12: =[2]หน้าผ้า!AU21 -> #REF! | AF12: =[2]หน้าผ้า!AI21 -> ระบุในSD | AG12: =[3]หน้าผ้า!DC24 -> พร้อมส่ง | AH12: =[2]หน้าผ้า!DL21 -> 0 | AI12: =[2]หน้าผ้า!DM21 -> Lead time | AJ12: =[2]หน้าผ้า!DN21 -> 0 | AK12: =[2]หน้าผ้า!DQ21 -> 0 | AL12: =[2]หน้าผ้า!DR21 -> 0 | AM12: =[2]หน้าผ้า!DS21 -> 0 | AN12: =[2]หน้าผ้า!DT21 -> 0 | AO12: =[2]หน้าผ้า!DU21 -> 0 | AP12: =[2]หน้าผ้า!DP21 -> 0 | AQ12: =[2]หน้าผ้า!DW21 -> 0 | AR12: =[2]หน้าผ้า!DX21 -> 0 | AS12: =[2]หน้าผ้า!DY21 -> 0 | AT12: =[2]หน้าผ้า!DZ21 -> 0 | AU12: =[2]หน้าผ้า!EA21 -> 0 | AV12: =[2]หน้าผ้า!EB21 -> 0 | AW12: =[2]หน้าผ้า!EC21 -> 0 | AX12: =[2]หน้าผ้า!ED21 -> 0 | AY12: =[2]หน้าผ้า!AG21 -> 0 | AZ12: =[2]หน้าผ้า!EG21 -> 0 | BA12: =[2]หน้าผ้า!EH21 -> 0 | BB12: =[2]หน้าผ้า!EI21 -> 0 | BC12: =[2]หน้าผ้า!BZ21 -> WRWT160800/WRWT25800 | BD12: =[2]หน้าผ้า!CA21 -> 0
A13: =[2]หน้าผ้า!C22 -> 0 | B13: =[2]หน้าผ้า!B22 -> 0 | C13: =[2]หน้าผ้า!E22 -> 0 | D13: =[2]หน้าผ้า!F22 -> 0 | E13: =[2]หน้าผ้า!G22 -> 16 | F13: =[2]หน้าผ้า!H22 -> 25 | G13: =[2]หน้าผ้า!I22 -> 0 | H13: =[2]หน้าผ้า!J22 -> 0 | I13: =[2]หน้าผ้า!L22 -> 47 | J13: =[2]หน้าผ้า!M22 -> ± | K13: =[2]หน้าผ้า!N22 -> 5 | L13: =[2]หน้าผ้า!R22 -> 0 | M13: =[2]หน้าผ้า!T22 -> 0 | N13: =[2]หน้าผ้า!U22 -> 0 | O13: =[2]หน้าผ้า!V22 -> 0 | P13: =[2]หน้าผ้า!AB22 -> 0 | Q13: =[2]หน้าผ้า!AC22 -> 0 | R13: =[2]หน้าผ้า!AD22 -> 0 | S13: =[2]หน้าผ้า!Z22 -> 0 | T13: =[2]หน้าผ้า!X22 -> 0 | U13: =[2]หน้าผ้า!AA22 -> 0 | V13: =[2]หน้าผ้า!AJ22 -> 0 | W13: =[2]หน้าผ้า!AL22 -> 0 | X13: =[2]หน้าผ้า!AM22 -> 0 | Y13: =[2]หน้าผ้า!AN22 -> 0 | Z13: =[2]หน้าผ้า!AO22 -> WSWT1621720SMFX | AA13: =[2]หน้าผ้า!AQ22 -> #REF! | AB13: =[2]หน้าผ้า!AR22 -> #REF! | AC13: =[2]หน้าผ้า!AS22 -> #REF! | AD13: =[2]หน้าผ้า!AT22 -> #REF! | AE13: =[2]หน้าผ้า!AU22 -> #REF! | AF13: =[2]หน้าผ้า!AI22 -> ระบุในSD | AG13: =[3]หน้าผ้า!DC25 -> ยังไม่ได้พิมพ์ | AH13: =[2]หน้าผ้า!DL22 -> 0 | AI13: =[2]หน้าผ้า!DM22 -> 0 | AJ13: =[2]หน้าผ้า!DN22 -> 0 | AK13: =[2]หน้าผ้า!DQ22 -> 0 | AL13: =[2]หน้าผ้า!DR22 -> 0 | AM13: =[2]หน้าผ้า!DS22 -> 0 | AN13: =[2]หน้าผ้า!DT22 -> 0 | AO13: =[2]หน้าผ้า!DU22 -> 0 | AP13: =[2]หน้าผ้า!DP22 -> 0 | AQ13: =[2]หน้าผ้า!DW22 -> 0 | AR13: =[2]หน้าผ้า!DX22 -> 0 | AS13: =[2]หน้าผ้า!DY22 -> 0 | AT13: =[2]หน้าผ้า!DZ22 -> 0 | AU13: =[2]หน้าผ้า!EA22 -> 0 | AV13: =[2]หน้าผ้า!EB22 -> 0 | AW13: =[2]หน้าผ้า!EC22 -> 0 | AX13: =[2]หน้าผ้า!ED22 -> 0 | AY13: =[2]หน้าผ้า!AG22 -> 0 | AZ13: =[2]หน้าผ้า!EG22 -> 0 | BA13: =[2]หน้าผ้า!EH22 -> 0 | BB13: =[2]หน้าผ้า!EI22 -> 0 | BC13: =[2]หน้าผ้า!BZ22 -> WRWT160720/WRWT21720 | BD13: =[2]หน้าผ้า!CA22 -> 0
A14: =[2]หน้าผ้า!C23 -> 45857 | B14: =[2]หน้าผ้า!B23 -> MK68-000914 | C14: =[2]หน้าผ้า!E23 -> โรงสีข้าวธัญญาวัฒน์ | D14: =[2]หน้าผ้า!F23 -> LUNG SHIN 12 kg | E14: =[2]หน้าผ้า!G23 -> 17 | F14: =[2]หน้าผ้า!H23 -> 26 | G14: =[2]หน้าผ้า!I23 -> ขาว | H14: =[2]หน้าผ้า!J23 -> 0 | I14: =[2]หน้าผ้า!L23 -> 48 | J14: =[2]หน้าผ้า!M23 -> ± | K14: =[2]หน้าผ้า!N23 -> 5 | L14: =[2]หน้าผ้า!R23 -> ไม่ | M14: =[2]หน้าผ้า!T23 -> ไม่สวมถุงใน | N14: =[2]หน้าผ้า!U23 -> 0 | O14: =[2]หน้าผ้า!V23 -> 0 | P14: =[2]หน้าผ้า!AB23 -> 0 | Q14: =[2]หน้าผ้า!AC23 -> 0 | R14: =[2]หน้าผ้า!AD23 -> 0 | S14: =[2]หน้าผ้า!Z23 -> 500กระสอบแบน | T14: =[2]หน้าผ้า!X23 -> 45868 | U14: =[2]หน้าผ้า!AA23 -> 30250 | V14: =[2]หน้าผ้า!AJ23 -> 0 | W14: =[2]หน้าผ้า!AL23 -> 30250 | X14: =[2]หน้าผ้า!AM23 -> 0 | Y14: =[2]หน้าผ้า!AN23 -> 31762.5 | Z14: =[2]หน้าผ้า!AO23 -> WSWT1725800 | AA14: =[2]หน้าผ้า!AQ23 -> 23242.588 | AB14: =[2]หน้าผ้า!AR23 -> 16351 | AC14: =[2]หน้าผ้า!AS23 -> 6891.5875 | AD14: =[2]หน้าผ้า!AT23 -> 0 | AE14: =[2]หน้าผ้า!AU23 -> 0 | AF14: =[2]หน้าผ้า!AI23 -> ห้ามขาด-ห้ามเกิน | AG14: =[3]หน้าผ้า!DC26 -> พร้อมส่ง | AH14: =[2]หน้าผ้า!DL23 -> P7 | AI14: =[2]หน้าผ้า!DM23 -> 2 | AJ14: =[2]หน้าผ้า!DN23 -> 45868 | AK14: =[2]หน้าผ้า!DQ23 -> 0 | AL14: =[2]หน้าผ้า!DR23 -> 45859 | AM14: =[2]หน้าผ้า!DS23 -> 45866 | AN14: =[2]หน้าผ้า!DT23 -> 45867 | AO14: =[2]หน้าผ้า!DU23 -> 45867 | AP14: =[2]หน้าผ้า!DP23 -> 45863 | AQ14: =[2]หน้าผ้า!DW23 -> 0 | AR14: =[2]หน้าผ้า!DX23 -> 0 | AS14: =[2]หน้าผ้า!DY23 -> 0 | AT14: =[2]หน้าผ้า!DZ23 -> 0 | AU14: =[2]หน้าผ้า!EA23 -> 0 | AV14: =[2]หน้าผ้า!EB23 -> 0 | AW14: =[2]หน้าผ้า!EC23 -> งานพิมพ์ | AX14: =[2]หน้าผ้า!ED23 -> / | AY14: =[2]หน้าผ้า!AG23 -> 0 | AZ14: =[2]หน้าผ้า!EG23 -> 0 | BA14: =[2]หน้าผ้า!EH23 -> 0 | BB14: =[2]หน้าผ้า!EI23 -> 0 | BC14: =[2]หน้าผ้า!BZ23 -> WRWT25800/WRWT25800 | BD14: =[2]หน้าผ้า!CA23 -> 447.80004
A15: =[2]หน้าผ้า!C24 -> 0 | B15: =[2]หน้าผ้า!B24 -> 0 | C15: =[2]หน้าผ้า!E24 -> 0 | D15: =[2]หน้าผ้า!F24 -> 0 | E15: =[2]หน้าผ้า!G24 -> 17 | F15: =[2]หน้าผ้า!H24 -> 26 | G15: =[2]หน้าผ้า!I24 -> 0 | H15: =[2]หน้าผ้า!J24 -> 0 | I15: =[2]หน้าผ้า!L24 -> 48 | J15: =[2]หน้าผ้า!M24 -> ± | K15: =[2]หน้าผ้า!N24 -> 5 | L15: =[2]หน้าผ้า!R24 -> 0 | M15: =[2]หน้าผ้า!T24 -> 0 | N15: =[2]หน้าผ้า!U24 -> 0 | O15: =[2]หน้าผ้า!V24 -> 0 | P15: =[2]หน้าผ้า!AB24 -> 0 | Q15: =[2]หน้าผ้า!AC24 -> 0 | R15: =[2]หน้าผ้า!AD24 -> 0 | S15: =[2]หน้าผ้า!Z24 -> 0 | T15: =[2]หน้าผ้า!X24 -> 0 | U15: =[2]หน้าผ้า!AA24 -> 0 | V15: =[2]หน้าผ้า!AJ24 -> 0 | W15: =[2]หน้าผ้า!AL24 -> 0 | X15: =[2]หน้าผ้า!AM24 -> 0 | Y15: =[2]หน้าผ้า!AN24 -> 0 | Z15: =[2]หน้าผ้า!AO24 -> WSWT1725800 | AA15: =[2]หน้าผ้า!AQ24 -> 23242.588 | AB15: =[2]หน้าผ้า!AR24 -> 16351 | AC15: =[2]หน้าผ้า!AS24 -> 6891.5875 | AD15: =[2]หน้าผ้า!AT24 -> 0 | AE15: =[2]หน้าผ้า!AU24 -> 0 | AF15: =[2]หน้าผ้า!AI24 -> ระบุในSD | AG15: =[3]หน้าผ้า!DC27 -> ยังไม่ได้พิมพ์ | AH15: =[2]หน้าผ้า!DL24 -> 0 | AI15: =[2]หน้าผ้า!DM24 -> 0 | AJ15: =[2]หน้าผ้า!DN24 -> 0 | AK15: =[2]หน้าผ้า!DQ24 -> 0 | AL15: =[2]หน้าผ้า!DR24 -> 0 | AM15: =[2]หน้าผ้า!DS24 -> 0 | AN15: =[2]หน้าผ้า!DT24 -> 0 | AO15: =[2]หน้าผ้า!DU24 -> 0 | AP15: =[2]หน้าผ้า!DP24 -> 0 | AQ15: =[2]หน้าผ้า!DW24 -> 0 | AR15: =[2]หน้าผ้า!DX24 -> 0 | AS15: =[2]หน้าผ้า!DY24 -> 0 | AT15: =[2]หน้าผ้า!DZ24 -> 0 | AU15: =[2]หน้าผ้า!EA24 -> 0 | AV15: =[2]หน้าผ้า!EB24 -> 0 | AW15: =[2]หน้าผ้า!EC24 -> 0 | AX15: =[2]หน้าผ้า!ED24 -> 0 | AY15: =[2]หน้าผ้า!AG24 -> 0 | AZ15: =[2]หน้าผ้า!EG24 -> 0 | BA15: =[2]หน้าผ้า!EH24 -> 0 | BB15: =[2]หน้าผ้า!EI24 -> 0 | BC15: =[2]หน้าผ้า!BZ24 -> WRWT170800/WRWT25800 | BD15: =[2]หน้าผ้า!CA24 -> 0
A16: =[2]หน้าผ้า!C25 -> ประมาณการ | B16: =[2]หน้าผ้า!B25 -> ประมาณการ | C16: =[2]หน้าผ้า!E25 -> บจก.ฟาร์เธอร์ส วิง ซัพพลาย | D16: =[2]หน้าผ้า!F25 -> รถไฟ | E16: =[2]หน้าผ้า!G25 -> 18 | F16: =[2]หน้าผ้า!H25 -> 30 | G16: =[2]หน้าผ้า!I25 -> ขาว | H16: =[2]หน้าผ้า!J25 -> 0 | I16: =[2]หน้าผ้า!L25 -> 54 | J16: =[2]หน้าผ้า!M25 -> ± | K16: =[2]หน้าผ้า!N25 -> 5 | L16: =[2]หน้าผ้า!R25 -> บิด | M16: =[2]หน้าผ้า!T25 -> 19 | N16: =[2]หน้าผ้า!U25 -> 33 | O16: =[2]หน้าผ้า!V25 -> 40 | P16: =[2]หน้าผ้า!AB25 -> 232.02999 | Q16: =[2]หน้าผ้า!AC25 -> 0 | R16: =[2]หน้าผ้า!AD25 -> 232.02999 | S16: =[2]หน้าผ้า!Z25 -> 500กระสอบ | T16: =[2]หน้าผ้า!X25 -> รอแจ้ง | U16: =[2]หน้าผ้า!AA25 -> 15000 | V16: =[2]หน้าผ้า!AJ25 -> 0 | W16: =[2]หน้าผ้า!AL25 -> 15000 | X16: =[2]หน้าผ้า!AM25 -> 0 | Y16: =[2]หน้าผ้า!AN25 -> 15750 | Z16: =[2]หน้าผ้า!AO25 -> WSWT1825800 | AA16: =[2]หน้าผ้า!AQ25 -> 13201.65 | AB16: =[2]หน้าผ้า!AR25 -> 6301 | AC16: =[2]หน้าผ้า!AS25 -> 6900.65 | AD16: =[2]หน้าผ้า!AT25 -> 0 | AE16: =[2]หน้าผ้า!AU25 -> 0 | AF16: =[2]หน้าผ้า!AI25 -> 0 | AG16: =[3]หน้าผ้า!DC28 -> พร้อมส่ง | AH16: =[2]หน้าผ้า!DL25 -> P9 | AI16: =[2]หน้าผ้า!DM25 -> 3 | AJ16: =[2]หน้าผ้า!DN25 -> รอแจ้ง | AK16: =[2]หน้าผ้า!DQ25 -> 0 | AL16: =[2]หน้าผ้า!DR25 -> #VALUE! | AM16: =[2]หน้าผ้า!DS25 -> #VALUE! | AN16: =[2]หน้าผ้า!DT25 -> #VALUE! | AO16: =[2]หน้าผ้า!DU25 -> #VALUE! | AP16: =[2]หน้าผ้า!DP25 -> #VALUE! | AQ16: =[2]หน้าผ้า!DW25 -> #VALUE! | AR16: =[2]หน้าผ้า!DX25 -> 0 | AS16: =[2]หน้าผ้า!DY25 -> 0 | AT16: =[2]หน้าผ้า!DZ25 -> 0 | AU16: =[2]หน้าผ้า!EA25 -> 0 | AV16: =[2]หน้าผ้า!EB25 -> 0 | AW16: =[2]หน้าผ้า!EC25 -> งานพิมพ์ | AX16: =[2]หน้าผ้า!ED25 -> รอART | AY16: =[2]หน้าผ้า!AG25 -> 0 | AZ16: =[2]หน้าผ้า!EG25 -> 0 | BA16: =[2]หน้าผ้า!EH25 -> 0 | BB16: =[2]หน้าผ้า!EI25 -> 0 | BC16: =[2]หน้าผ้า!BZ25 -> WRWT25800/WRWT25800 | BD16: =[2]หน้าผ้า!CA25 -> 474.76472
A17: =[2]หน้าผ้า!C26 -> 0 | B17: =[2]หน้าผ้า!B26 -> 0 | C17: =[2]หน้าผ้า!E26 | D17: =[2]หน้าผ้า!F26 | E17: =[2]หน้าผ้า!G26 -> 18 | F17: =[2]หน้าผ้า!H26 -> 30 | G17: =[2]หน้าผ้า!I26 -> ขาว | H17: =[2]หน้าผ้า!J26 -> 0 | I17: =[2]หน้าผ้า!L26 -> 54 | J17: =[2]หน้าผ้า!M26 -> ± | K17: =[2]หน้าผ้า!N26 -> 5 | L17: =[2]หน้าผ้า!R26 -> 0 | M17: =[2]หน้าผ้า!T26 -> 0 | N17: =[2]หน้าผ้า!U26 -> 0 | O17: =[2]หน้าผ้า!V26 -> 0 | P17: =[2]หน้าผ้า!AB26 -> 0 | Q17: =[2]หน้าผ้า!AC26 -> 0 | R17: =[2]หน้าผ้า!AD26 -> 0 | S17: =[2]หน้าผ้า!Z26 -> 0 | T17: =[2]หน้าผ้า!X26 -> 0 | U17: =[2]หน้าผ้า!AA26 -> 0 | V17: =[2]หน้าผ้า!AJ26 -> 0 | W17: =[2]หน้าผ้า!AL26 -> 0 | X17: =[2]หน้าผ้า!AM26 -> 0 | Y17: =[2]หน้าผ้า!AN26 -> 0 | Z17: =[2]หน้าผ้า!AO26 -> WSWT1825800 | AA17: =[2]หน้าผ้า!AQ26 -> 13201.65 | AB17: =[2]หน้าผ้า!AR26 -> 6301 | AC17: =[2]หน้าผ้า!AS26 -> 6900.65 | AD17: =[2]หน้าผ้า!AT26 -> 0 | AE17: =[2]หน้าผ้า!AU26 -> 0 | AF17: =[2]หน้าผ้า!AI26 -> ระบุในSD | AG17: =[3]หน้าผ้า!DC29 -> พร้อมส่ง | AH17: =[2]หน้าผ้า!DL26 -> 0 | AI17: =[2]หน้าผ้า!DM26 -> Lead time | AJ17: =[2]หน้าผ้า!DN26 -> 0 | AK17: =[2]หน้าผ้า!DQ26 -> 0 | AL17: =[2]หน้าผ้า!DR26 -> 0 | AM17: =[2]หน้าผ้า!DS26 -> 0 | AN17: =[2]หน้าผ้า!DT26 -> 0 | AO17: =[2]หน้าผ้า!DU26 -> 0 | AP17: =[2]หน้าผ้า!DP26 -> 0 | AQ17: =[2]หน้าผ้า!DW26 -> 0 | AR17: =[2]หน้าผ้า!DX26 -> 0 | AS17: =[2]หน้าผ้า!DY26 -> 0 | AT17: =[2]หน้าผ้า!DZ26 -> 0 | AU17: =[2]หน้าผ้า!EA26 -> 0 | AV17: =[2]หน้าผ้า!EB26 -> 0 | AW17: =[2]หน้าผ้า!EC26 -> 0 | AX17: =[2]หน้าผ้า!ED26 -> 0 | AY17: =[2]หน้าผ้า!AG26 -> 0 | AZ17: =[2]หน้าผ้า!EG26 -> 0 | BA17: =[2]หน้าผ้า!EH26 -> 0 | BB17: =[2]หน้าผ้า!EI26 -> 0 | BC17: =[2]หน้าผ้า!BZ26 -> WRWT25800/WRWT25800 | BD17: =[2]หน้าผ้า!CA26 -> 0
... A575: =[2]หน้าผ้า!C584 -> 0 | B575: =[2]หน้าผ้า!B584 -> 0 | C575: =[2]หน้าผ้า!E584 -> 0 | D575: =[2]หน้าผ้า!F584 -> 0 | E575: =[2]หน้าผ้า!G584 -> 0 | F575: =[2]หน้าผ้า!H584 -> 0 | G575: =[2]หน้าผ้า!I584 -> 0 | H575: =[2]หน้าผ้า!J584 -> 0 | I575: =[2]หน้าผ้า!L584 -> 0 | J575: =[2]หน้าผ้า!M584 -> 0 | K575: =[2]หน้าผ้า!N584 -> 0 | L575: =[2]หน้าผ้า!R584 -> 0 | M575: =[2]หน้าผ้า!T584 -> 0 | N575: =[2]หน้าผ้า!U584 -> 0 | O575: =[2]หน้าผ้า!V584 -> 0 | P575: =[2]หน้าผ้า!AB584 -> 0 | Q575: =[2]หน้าผ้า!AC584 -> 0 | R575: =[2]หน้าผ้า!AD584 -> 0 | S575: =[2]หน้าผ้า!Z584 -> 0 | T575: =[2]หน้าผ้า!X584 -> 0 | U575: =[2]หน้าผ้า!AA584 -> 0 | V575: =[2]หน้าผ้า!AJ584 -> 0 | W575: =[2]หน้าผ้า!AL584 -> 0 | X575: =[2]หน้าผ้า!AM584 -> 0 | Y575: =[2]หน้าผ้า!AN584 -> 0 | Z575: =[2]หน้าผ้า!AO584 -> 0 | AA575: =[2]หน้าผ้า!AQ584 -> 0 | AB575: =[2]หน้าผ้า!AR584 -> 0 | AC575: =[2]หน้าผ้า!AS584 -> 0 | AD575: =[2]หน้าผ้า!AT584 -> 0 | AE575: =[2]หน้าผ้า!AU584 -> 0 | AF575: =[2]หน้าผ้า!AI584 -> 0 | AG575: =[3]หน้าผ้า!DC587 -> 0 | AH575: =[2]หน้าผ้า!DL584 -> 0 | AI575: =[2]หน้าผ้า!DM584 -> 0 | AJ575: =[2]หน้าผ้า!DN584 -> 0 | AK575: =[2]หน้าผ้า!DQ584 -> 0 | AL575: =[2]หน้าผ้า!DR584 -> 0 | AM575: =[2]หน้าผ้า!DS584 -> 0 | AN575: =[2]หน้าผ้า!DT584 -> 0 | AO575: =[2]หน้าผ้า!DU584 -> 0 | AP575: =[2]หน้าผ้า!DP584 -> 0 | AQ575: =[2]หน้าผ้า!DW584 -> 0 | AR575: =[2]หน้าผ้า!DX584 -> 0 | AS575: =[2]หน้าผ้า!DY584 -> 0 | AT575: =[2]หน้าผ้า!DZ584 -> 0 | AU575: =[2]หน้าผ้า!EA584 -> 0 | AV575: =[2]หน้าผ้า!EB584 -> 0 | AW575: =[2]หน้าผ้า!EC584 -> 0 | AX575: =[2]หน้าผ้า!ED584 -> 0 | AY575: =[2]หน้าผ้า!AG584 -> 0 | AZ575: =[2]หน้าผ้า!EG584 -> 0 | BA575: =[2]หน้าผ้า!EH584 -> 0 | BB575: =[2]หน้าผ้า!EI584 -> 0 | BC575: =[2]หน้าผ้า!BZ584 -> 0 | BD575: =[2]หน้าผ้า!CA584 -> 0

Sheet 4(Order+FC)
A2: เลขที่ SO | B2: (หลายรายการ)
A3: วันส่ง | B3: (หลายรายการ)
A4: ชื่อลูกค้า | B4: (ทั้งหมด)
K5: 9
A6: ประเภท | B6: ผลรวม ของ จำนวนส่ง | C6: ผลรวม ของ ค้างพิมพ์ | D6: ผลรวม ของ ค้างตัด | E6: ผลรวม ของ ใช้ | F6: ผลรวม ของ Stock | G6: ผลรวม ของ ค้างทอ
A7: WSWT1625800SM | B7: 5000 | C7: 5250 | D7: 5000 | E7: 4121.15 | F7: 3175 | G7: 946.15 | H7: =+J7-I7 -> 946.15 | J7: =G7 -> 946.15
A8: WSWT1825800 | B8: 15000 | C8: 15750 | D8: 15000 | E8: 13201.65 | F8: 6301 | G8: 6900.65 | H8: =+J8-I8 -> 6900.65 | J8: =G8 -> 6900.65
A9: WSWT1825800SM | B9: 5000 | C9: 0 | D9: 5000 | E9: 0 | F9: 0 | G9: 0 | H9: =+J9-I9 -> 0 | J9: =G9 -> 0
A10: WSWT1921720 | B10: 660000 | C10: 642600 | D10: 652206 | E10: 608030.28 | F10: 67964.05 | G10: 540066.23 | H10: =+J10-I10 -> 540066.23 | J10: =G10 -> 540066.23
A11: WSWT1925800 | B11: 190000 | C11: 156905.7 | D11: 187450 | E11: 130578.42 | F11: 32419.416 | G11: 98159 | H11: =+J11-I11 -> 98159 | J11: =G11 -> 98159
A12: WSWT2025650 | B12: 30000 | C12: 10500 | D12: 30000 | E12: 28359.1 | F12: 0 | G12: 28359.1 | H12: =+J12-I12 -> 28359.1 | J12: =G12 -> 28359.1 | K12: 40000 | L12: =+K5*K12 -> 360000 | M12: =+L12-J12 -> 331640.9
A13: WSWT2025800 | B13: 358907 | C13: 283092.6 | D13: 353907 | E13: 288507.63 | F13: 76716.989 | G13: 211790.64 | H13: =+J13-I13 -> 211790.64 | J13: =G13 -> 211790.64 | K13: 14000 | L13: =+K13*K5 -> 126000 | M13: =+L13-J13 -> -85790.644
A14: WSWT2025800SM | B14: 296127 | C14: 284550 | D14: 292809 | E14: 292238.43 | F14: 17378.68 | G14: 274859.75 | H14: =+J14-I14 -> 274859.75 | J14: =G14 -> 274859.75
A15: WSWT2121670SM | B15: 359000 | C15: 367500 | D15: 353179 | E15: 376491.5 | F15: 80270.7 | G15: 296220.8 | H15: =+J15-I15 -> 296220.8 | J15: =G15 -> 296220.8 | K15: 20000 | L15: =+K15*K5 -> 180000 | M15: =+L15-J15 -> -116220.8
A16: WSWT2125650 | B16: 50000 | C16: 10500 | D16: 49900 | E16: 53953.537 | F16: 18812.7 | G16: 35140.837 | H16: =+J16-I16 -> 35140.837 | J16: =G16 -> 35140.837
A17: WSWT2321112512551 | B17: 96600 | C17: 44967.3 | D17: 46311 | E17: 46067.5 | F17: 46067.5 | G17: 0 | H17: =+J17-I17 -> 0 | J17: =G17 -> 0
A18: WSWT2321112512551VN | B18: 100000 | C18: 0 | D18: 0 | E18: 0 | F18: 0 | G18: 0 | H18: =+J18-I18 -> 0 | J18: =G18 -> 0
A19: WSWT2321750 | B19: 15000 | C19: 15750 | D19: 15000 | E19: 16135.35 | F19: 7327 | G19: 8808.35 | H19: 0 | I19: 54000 | J19: =G19 -> 8808.35
A20: WSWT2325650 | B20: 90000 | C20: 73500 | D20: 77754 | E20: 69430.9 | F20: 29756.1 | G20: 39674.8 | H20: =+J20-I20 -> 39674.8 | J20: =G20 -> 39674.8
A21: WSWT2625650 | B21: 8000 | C21: 8400 | D21: 8000 | E21: 9499.6 | F21: 0 | G21: 9499.6 | H21: =+J21-I21 -> 9499.6 | J21: =G21 -> 9499.6
A22: WSWT262575051 | B22: 10000 | C22: 0 | D22: 10000 | E22: 11315.7 | F22: 6000 | G22: 5315.7 | H22: =+J22-I22 -> 5315.7 | J22: =G22 -> 5315.7
A23: WSWT2625800 | B23: 10000 | C23: 0 | D23: 10000 | E23: 12433.3 | F23: 12433.3 | G23: 0 | H23: =+J23-I23 -> 0 | J23: =G23 -> 0
A24: WSWT2625850SM | B24: 106500 | C24: 85575 | D24: 99114 | E24: 119981.34 | F24: 9788 | G24: 110193.34 | H24: =+J24-I24 -> 110193.34 | J24: =G24 -> 110193.34
A25: WSWT2825850 | B25: 55000 | C25: 52500 | D25: 55000 | E25: 66147.95 | F25: 11275.45 | G25: 54872.5 | H25: =+J25-I25 -> 54872.5 | J25: =G25 -> 54872.5
A26: ผลรวมทั้งหมด | B26: 2460134 | C26: 2057340.6 | D26: 2265630 | E26: 2146493.3 | F26: 425685.88 | G26: 1720807.5 | H26: =+J26-I26 -> 1720807.5 | J26: =G26 -> 1720807.5
H27: =+J27-I27 -> 0 | J27: =G27 -> 0
H28: =+J28-I28 -> 0 | J28: =G28 -> 0 | M28: =+GETPIVOTDATA("ผลรวม ของ ใช้",$A$6)+H29+H33 -> 5669299.9
H29: =SUM(H7:H28) -> 3432806.6 | I29: =SUM(I7:I28) -> 54000 | J29: =SUM(J7:J28) -> 3441614.9
H32: =+H26 -> 1720807.5 | I32: 85 | J32: =+(H32+H29)*I32 -> 4.3805719e+08 | K32: =+J32/1000 -> 438057.19
H33: 90000 | I33: 95 | J33: =+H33*I33 -> 8550000 | K33: =+J33/1000 -> 8550
H35: =+H32+H33+H29 -> 5243614 | K35: =+K32+K33 -> 446607.19
N36: 705222
A37: ยอดส่ง 1/2/68 - 17/2/68 | B37: 1565717 | H37: 15 | I37: =+H35/H37 -> 349574.27
N38: =+H35+N36 -> 5948836
I39: =+H37*110000 -> 1650000
B41: =+B29+B37+B31-110000 -> 1455717 | C41: =+C29+C37+C31 -> 0 | D41: =+D29+D37+D31-110000 -> -110000 | E41: =+E29+E37+E31 -> 0 | F41: =+F29+F37+F31 -> 0 | G41: =+G29+G37+G31 -> 0
B43: 3218150
B45: =+B43-B41 -> 1762433
C47: =+C41/9 -> 0 | D47: =+D41/9 -> -12222.222

Sheet 7(Order)
A2: เลขที่ SO | B2: (หลายรายการ)
A3: วันส่ง | B3: (หลายรายการ)
A4: ชื่อลูกค้า | B4: (ทั้งหมด)
A6: ประเภท | B6: ผลรวม ของ จำนวนส่ง | C6: ผลรวม ของ ค้างพิมพ์ | D6: ผลรวม ของ ค้างตัด | E6: ผลรวม ของ ใช้ | F6: ผลรวม ของ Stock | G6: ผลรวม ของ ค้างทอ
A7: WSWT1425800 | B7: 6000 | C7: 0 | D7: 6000 | E7: 3604.26 | F7: 3604.26 | G7: 0 | I7: =+K7-J7 -> 0 | K7: =G7 -> 0
A8: WSWT1625800SM | B8: 5000 | C8: 5250 | D8: 5000 | E8: 4121.15 | F8: 3175 | G8: 946.15 | I8: =+K8-J8 -> 946.15 | K8: =G8 -> 946.15
A9: WSWT1825800SM | B9: 5000 | C9: 0 | D9: 5000 | E9: 0 | F9: 0 | G9: 0 | I9: =+K9-J9 -> 0 | K9: =G9 -> 0
A10: WSWT1921720 | B10: 88000 | C10: 42000 | D10: 80206 | E10: 72644 | F10: 67964.05 | G10: 4679.95 | I10: =+K10-J10 -> 4679.95 | K10: =G10 -> 4679.95
A11: WSWT1925800 | B11: 70000 | C11: 30905.7 | D11: 67450 | E11: 27200.416 | F11: 27200.416 | G11: 0 | I11: =+K11-J11 -> 0 | K11: =G11 -> 0
A12: WSWT2025650 | B12: 10000 | C12: 10500 | D12: 10000 | E12: 10756.9 | F12: 0 | G12: 10756.9 | I12: =+K12-J12 -> 10756.9 | K12: =G12 -> 10756.9
A13: WSWT2025800 | B13: 303907 | C13: 225342.6 | D13: 298907 | E13: 230881.38 | F13: 76716.989 | G13: 154164.39 | I13: =+K13-J13 -> 154164.39 | K13: =G13 -> 154164.39
A14: WSWT2025800SM | B14: 56127 | C14: 32550 | D14: 52809 | E14: 33514.03 | F14: 17378.68 | G14: 16135.35 | I14: =+K14-J14 -> 16135.35 | K14: =G14 -> 16135.35
A15: WSWT2121670SM | B15: 29000 | C15: 21000 | D15: 23179 | E15: 21513.8 | F15: 21513.8 | G15: 0 | I15: =+K15-J15 -> 0 | K15: =G15 -> 0
A16: WSWT2125650 | B16: 35000 | C16: 10500 | D16: 34900 | E16: 37399.087 | F16: 18812.7 | G16: 18586.387 | I16: =+K16-J16 -> 18586.387 | K16: =G16 -> 18586.387
A17: WSWT2125800 | B17: 6000 | C17: 6300 | D17: 6000 | E17: 5951.22 | F17: 5951.22 | G17: 0 | I17: 0 | J17: 54000 | K17: =G17 -> 0
A18: WSWT2321112512551 | B18: 96600 | C18: 44967.3 | D18: 46311 | E18: 46067.5 | F18: 46067.5 | G18: 0 | I18: =+K18-J18 -> 0 | K18: =G18 -> 0
A19: WSWT2321112512551VN | B19: 100000 | C19: 0 | D19: 0 | E19: 0 | F19: 0 | G19: 0 | I19: =+K19-J19 -> 0 | K19: =G19 -> 0
A20: WSWT2321750 | B20: 15000 | C20: 15750 | D20: 15000 | E20: 16135.35 | F20: 7327 | G20: 8808.35 | I20: =+K20-J20 -> 8808.35 | K20: =G20 -> 8808.35
A21: WSWT2325650 | B21: 20000 | C21: 0 | D21: 7754 | E21: 0 | F21: 0 | G21: 0 | I21: =+K21-J21 -> 0 | K21: =G21 -> 0
A22: WSWT262575051 | B22: 10000 | C22: 0 | D22: 10000 | E22: 11315.7 | F22: 6000 | G22: 5315.7 | I22: =+K22-J22 -> 5315.7 | K22: =G22 -> 5315.7
A23: WSWT2625850SM | B23: 86500 | C23: 64575 | D23: 79114 | E23: 95114.745 | F23: 9788 | G23: 85326.745 | I23: =+K23-J23 -> 85326.745 | K23: =G23 -> 85326.745
A24: ผลรวมทั้งหมด | B24: 942134 | C24: 509640.6 | D24: 747630 | E24: 616219.54 | F24: 311499.61 | G24: 304719.93 | I24: =+K24-J24 -> 304719.93 | K24: =G24 -> 304719.93
I25: =+K25-J25 -> 0 | K25: =G25 -> 0
I26: =SUM(I7:I25) -> 609439.85 | J26: =SUM(J7:J25) -> 54000 | K26: =SUM(K7:K25) -> 609439.85
D34: =D18 -> 46311
D36: =D20 -> 15000
A37: ยอดส่ง 1/4/68 - 12/4/68 | B37: 887615
A38: Order+ส่ง | B38: =++B25+B37 -> 887615
A39: ประมาณการ | B39: 262000 | C39: 238350 | D39: 262000 | E39: 279847.04 | F39: 60825.09 | G39: 219021.95
A41: Order+ส่ง+ประมาณการ | B41: =+B25+B37+B39+B33 -> 1149615 | C41: =+C25+C37+C39+C33 -> 238350 | D41: =+D25+D37+D39+D33 -> 262000 | E41: =+E25+E37+E39+E33 -> 279847.04 | F41: =+F25+F37+F39+F33 -> 60825.09 | G41: =+G25+G37+G39+G33 -> 219021.95
B43: 3171376
B45: =+B41-B43 -> -2021761 | C45: =+$B$45 -> -2021761 | D45: =+$B$45 -> -2021761 | F45: =+$B$45 -> -2021761
D47: =+D41/6 -> 43666.667

Sheet 7(Order) แยกลูกค้า
A1: เลขที่ SO | B1: (หลายรายการ)
A2: วันส่ง | B2: รอแจ้ง
A4: ประเภท | B4: ชื่อลูกค้า | C4: ผลรวม ของ จำนวนส่ง | D4: ผลรวม ของ ค้างพิมพ์ | E4: ผลรวม ของ ค้างตัด | F4: ผลรวม ของ Stock | G4: ผลรวม ของ ค้างทอ | I4: vn
A5: WSWT1921720 | B5: บจก.เคอรี่ฟลาวมิลล์ | C5: 5000 | D5: 0 | E5: 5000 | F5: 0 | G5: 0 | H5: =G5 -> 0
A6: WSWT1921720 ผลรวม | C6: 5000 | D6: 0 | E6: 5000 | F6: 0 | G6: 0 | H6: =G6 -> 0
A7: WSWT2025800SM | B7: บจก.อินเทคค์ โกลบอล | C7: 1685 | D7: 0 | E7: 1618 | F7: 0 | G7: 0 | H7: =G7 -> 0
B8: บจก.เอสพีเอ็ม อาหารสัตว์ | C8: 3000 | D8: 3150 | E8: 3000 | F8: 0 | G8: 3478.53 | H8: =G8 -> 3478.53
A9: WSWT2025800SM ผลรวม | C9: 4685 | D9: 3150 | E9: 4618 | F9: 0 | G9: 3478.53 | H9: =G9 -> 3478.53
A10: WSWT2121670SM | B10: บจก.ที.ซี.ยูเนี่ยน อโกรเทค | C10: 40000 | D10: 42000 | E10: 40000 | F10: 43027.6 | G10: 0 | H10: =G10 -> 0
B11: บจก.เอสพีเอ็ม อาหารสัตว์ | C11: 5000 | D11: 5250 | E11: 5000 | F11: 0 | G11: 5518.15 | H11: =G11 -> 5518.15
A12: WSWT2121670SM ผลรวม | C12: 45000 | D12: 47250 | E12: 45000 | F12: 43027.6 | G12: 5518.15 | H12: =G12 -> 5518.15
A13: WSWT2321112512551 | B13: บจก.น้ำตาลทิพย์สุโขทัย | C13: 436278 | D13: 458091.9 | E13: 436278 | F13: 0 | G13: 469299.88 | H13: =G13 -> 469299.88
A14: WSWT2321112512551 ผลรวม | C14: 436278 | D14: 458091.9 | E14: 436278 | F14: 0 | G14: 469299.88 | H14: =G14 -> 469299.88
A15: WSWT2321750 | B15: บจก.แอมโก้เวท | C15: 1000 | D15: 0 | E15: 1000 | F15: 1159.51 | G15: 0 | H15: =G15 -> 0
A16: WSWT2321750 ผลรวม | C16: 1000 | D16: 0 | E16: 1000 | F16: 1159.51 | G16: 0 | H16: =G16 -> 0
A17: ผลรวมทั้งหมด | C17: 491963 | D17: 508491.9 | E17: 491896 | F17: 44187.11 | G17: 478296.56 | H17: =G17 -> 478296.56
H18: =G18 -> 0
H19: =G19 -> 0
H20: =G20 -> 0
H21: =G21 -> 0
H22: =G22 -> 0
H23: =G23 -> 0
H24: =G24 -> 0
H25: =G25 -> 0
H26: =G26 -> 0
H27: =G27 -> 0
H28: =G28 -> 0
H29: =G29 -> 0
... H65: =G65 -> 0
H70: =SUM(H5:H69) -> 1434889.7
D119: Cap พิมพ์ | E119: Cap ตัด | F119: Stock 16/7 บ่าย | G119: Cap ทอ | I119: วันทงาน
B120: lส่ง | C120: 1-16/7 | D120: 160000 | E120: 160000 | G120: 120000 | I120: 12
C121: 1975256 | D121: =+D120*I120 -> 1920000 | E121: =+E120*I120 -> 1920000 | F121: 825147 | G121: =+G120*I120 -> 1440000
A122: เบทาโกรส่งแล้ว | B122: 20700 | C122: 424374
A123: เบทาโกรส่งแล้ว | B123: 20800 | C123: 155973
C126: รวมส่ง+ค้างส่ง | D126: ส่วนต่างCapคงเหลือ | E126: ส่วนต่างCapคงเหลือ | F126: คงเหลือ
C127: =+C50+C121 -> 1975256 | D127: =+D121-D50 -> 1920000 | E127: =+E121-E50 -> 1920000 | F127: =+F121-F50 -> 825147 | G127: =+G121-G50 -> 1440000
B129: 20700VN 20/7 | G129: 350000

Sheet 7(Fc) แยกลูกค้า
A1: เลขที่ SO | B1: ประมาณการ
A2: วันส่ง | B2: (หลายรายการ) | D2: 12
A4: ประเภท | B4: ชื่อลูกค้า | C4: ผลรวม ของ จำนวนส่ง | D4: ผลรวม ของ ค้างพิมพ์ | E4: ผลรวม ของ ค้างตัด | F4: ผลรวม ของ ใช้ | G4: ผลรวม ของ Stock | H4: ผลรวม ของ ค้างทอ
A5: WSWT1625800SM | B5: บจก.ซัน ซีเมนต์ โพรเซส | C5: 5000 | D5: 5250 | E5: 5000 | F5: 3702.05 | G5: 0 | H5: 3702.05
A6: WSWT1625800SM ผลรวม | C6: 5000 | D6: 5250 | E6: 5000 | F6: 3702.05 | G6: 0 | H6: 3702.05
A7: WSWT1825800 | B7: บจก.ฟาร์เธอร์ส วิง ซัพพลาย | C7: 15000 | D7: 15750 | E7: 15000 | F7: 13201.65 | G7: 6301 | H7: 6900.65
A8: WSWT1825800 ผลรวม | C8: 15000 | D8: 15750 | E8: 15000 | F8: 13201.65 | G8: 6301 | H8: 6900.65
A9: WSWT1921720 | B9: บจก.เคอรี่ฟลาวมิลล์ | C9: 572000 | D9: 600600 | E9: 572000 | F9: 503422.92 | G9: 17840 | H9: 485582.92
A10: WSWT1921720 ผลรวม | C10: 572000 | D10: 600600 | E10: 572000 | F10: 503422.92 | G10: 17840 | H10: 485582.92
A11: WSWT1925800 | B11: บจก.ไลม์มาสเตอร์ | C11: 20000 | D11: 21000 | E11: 20000 | F11: 18719.8 | G11: 0 | H11: 18719.8
B12: บจก.เอ็กเซลเล้นท์ | C12: 40000 | D12: 42000 | E12: 40000 | F12: 35204.4 | G12: 0 | H12: 35204.4
B13: บจก.ซีแมน | C13: 60000 | D13: 63000 | E13: 60000 | F13: 49453.8 | G13: 0 | H13: 49453.8
A14: WSWT1925800 ผลรวม | C14: 120000 | D14: 126000 | E14: 120000 | F14: 103378 | G14: 0 | H14: 103378
A15: WSWT1925800SM | B15: บจก.เอเชี่ยนเคมิคัล | C15: 15000 | D15: 15750 | E15: 15000 | F15: 11525.25 | G15: 11525.25 | H15: 0
A16: WSWT1925800SM ผลรวม | C16: 15000 | D16: 15750 | E16: 15000 | F16: 11525.25 | G16: 11525.25 | H16: 0
A17: WSWT2025650 | B17: บจก.หนองบัวฟีดมิลล์ | C17: 20000 | D17: 0 | E17: 20000 | F17: 17602.2 | G17: 0 | H17: 17602.2
A18: WSWT2025650 ผลรวม | C18: 20000 | D18: 0 | E18: 20000 | F18: 17602.2 | G18: 0 | H18: 17602.2
A19: WSWT2025800 | B19: บจก.อินเทคค์ โกลบอล | C19: 55000 | D19: 57750 | E19: 55000 | F19: 57626.25 | G19: 0 | H19: 57626.25
A20: WSWT2025800 ผลรวม | C20: 55000 | D20: 57750 | E20: 55000 | F20: 57626.25 | G20: 0 | H20: 57626.25
A21: WSWT2025800SM | B21: บจก.ไทยธรรมดี | C21: 20000 | D21: 21000 | E21: 20000 | F21: 21513.8 | G21: 0 | H21: 21513.8
B22: บจก.อินเทคค์ โกลบอล | C22: 100000 | D22: 105000 | E22: 100000 | F22: 104775 | G22: 0 | H22: 104775
B23: บจก.เอสพีเอ็ม อาหารสัตว์ | C23: 20000 | D23: 21000 | E23: 20000 | F23: 22072.6 | G23: 0 | H23: 22072.6
B24: บจก.ซันฟีด | C24: 100000 | D24: 105000 | E24: 100000 | F24: 110363 | G24: 0 | H24: 110363
A25: WSWT2025800SM ผลรวม | C25: 240000 | D25: 252000 | E25: 240000 | F25: 258724.4 | G25: 0 | H25: 258724.4
A26: WSWT2025850 | B26: บจก.ซันฟีด | C26: 100000 | D26: 105000 | E26: 100000 | F26: 113157 | G26: 0 | H26: 113157
A27: WSWT2025850 ผลรวม | C27: 100000 | D27: 105000 | E27: 100000 | F27: 113157 | G27: 0 | H27: 113157
A28: WSWT2121670SM | B28: บจก.ที.ซี.ยูเนี่ยน อโกรเทค | C28: 10000 | D28: 10500 | E28: 10000 | F28: 10756.9 | G28: 10756.9 | H28: 0
B29: บจก.แอมโก้เวท | C29: 300000 | D29: 315000 | E29: 300000 | F29: 322707 | G29: 0 | H29: 322707
B30: บจก.เอ็นบี | C30: 20000 | D30: 21000 | E30: 20000 | F30: 21513.8 | G30: 0 | H30: 21513.8
A31: WSWT2121670SM ผลรวม | C31: 330000 | D31: 346500 | E31: 330000 | F31: 354977.7 | G31: 10756.9 | H31: 344220.8
A32: WSWT2125650 | B32: บจก.หนองบัวฟีดมิลล์ | C32: 30000 | D32: 0 | E32: 30000 | F32: 33108.9 | G32: 4212 | H32: 28896.9
B33: บจก.ไลม์มาสเตอร์ | C33: 10000 | D33: 10500 | E33: 10000 | F33: 9918.7 | G33: 9918.7 | H33: 0
A34: WSWT2125650 ผลรวม | C34: 40000 | D34: 10500 | E34: 40000 | F34: 43027.6 | G34: 14130.7 | H34: 28896.9
A35: WSWT2325650 | B35: พันธุ์ข้าว | C35: 40000 | D35: 42000 | E35: 40000 | F35: 39674.8 | G35: 0 | H35: 39674.8
B36: บจก.ซิเบลโก้(สบปราบ) | C36: 30000 | D36: 31500 | E36: 30000 | F36: 29756.1 | G36: 29756.1 | H36: 0
A37: WSWT2325650 ผลรวม | C37: 70000 | D37: 73500 | E37: 70000 | F37: 69430.9 | G37: 29756.1 | H37: 39674.8
A38: WSWT2625650 | B38: บจก.กบินทร์อินทรีย์ | C38: 8000 | D38: 8400 | E38: 8000 | F38: 9499.6 | G38: 0 | H38: 9499.6
A39: WSWT2625650 ผลรวม | C39: 8000 | D39: 8400 | E39: 8000 | F39: 9499.6 | G39: 0 | H39: 9499.6
A40: WSWT2625800 | B40: บจก.ที.ซี.ยูเนี่ยน อโกรเทค | C40: 10000 | D40: 0 | E40: 10000 | F40: 12433.3 | G40: 12433.3 | H40: 0
A41: WSWT2625800 ผลรวม | C41: 10000 | D41: 0 | E41: 10000 | F41: 12433.3 | G41: 12433.3 | H41: 0
A42: WSWT2625850SM | B42: บจก.ที.ซี.ยูเนี่ยน อโกรเทค | C42: 20000 | D42: 21000 | E42: 20000 | F42: 24866.6 | G42: 0 | H42: 24866.6
A43: WSWT2625850SM ผลรวม | C43: 20000 | D43: 21000 | E43: 20000 | F43: 24866.6 | G43: 0 | H43: 24866.6
A44: WSWT2825850 | B44: บจก.ที.ซี.ยูเนี่ยน อโกรเทค | C44: 5000 | D44: 0 | E44: 5000 | F44: 6775.45 | G44: 7020 | H44: 0
B45: บจก.ไทยร่วมใจน้ำมันพืช | C45: 50000 | D45: 52500 | E45: 50000 | F45: 59372.5 | G45: 0 | H45: 59372.5
A46: WSWT2825850 ผลรวม | C46: 55000 | D46: 52500 | E46: 55000 | F46: 66147.95 | G46: 7020 | H46: 59372.5
A47: WSWTSCL052325650 | B47: พันธุ์ข้าว | C47: 10000 | D47: 10500 | E47: 10000 | F47: 9918.7 | G47: 0 | H47: 9918.7
A48: WSWTSCL052325650 ผลรวม | C48: 10000 | D48: 10500 | E48: 10000 | F48: 9918.7 | G48: 0 | H48: 9918.7
A49: ผลรวมทั้งหมด | C49: 1685000 | D49: 1701000 | E49: 1685000 | F49: 1672642.1 | G49: 109763.25 | H49: 1563123.4
D119: Cap พิมพ์ | E119: Cap ตัด | F119: Stock 16/7 บ่าย | G119: Cap ทอ | I119: วันทงาน
B120: lส่ง | C120: 1-16/7 | D120: 160000 | E120: 160000 | G120: 120000 | I120: 12
C121: 1975256 | D121: =+D120*I120 -> 1920000 | E121: =+E120*I120 -> 1920000 | F121: 825147 | G121: =+G120*I120 -> 1440000
A122: เบทาโกรส่งแล้ว | B122: 20700 | C122: 424374
A123: เบทาโกรส่งแล้ว | B123: 20800 | C123: 155973
C126: รวมส่ง+ค้างส่ง | D126: ส่วนต่างCapคงเหลือ | E126: ส่วนต่างCapคงเหลือ | F126: คงเหลือ
C127: =+C50+C121 -> 1975256 | D127: =+D121-D50 -> 1920000 | E127: =+E121-E50 -> 1920000 | F127: =+F121-F50 -> 825147 | G127: =+G121-G50 -> 1440000
B129: 20700VN 20/7 | G129: 350000

Sheet 6(Order+Fc) แยกลูกค้า
A1: เลขที่ SO | B1: (หลายรายการ)
A2: วันส่ง | B2: รอแจ้ง | D2: 12 | I2: เมตร | J2: vn | K2: ใบ | P2: วัน
A4: ประเภท | B4: ชื่อลูกค้า | C4: ผลรวม ของ จำนวนส่ง | D4: ผลรวม ของ ค้างพิมพ์ | E4: ผลรวม ของ ค้างตัด | F4: ผลรวม ของ Stock | G4: ผลรวม ของ ใช้ | H4: ผลรวม ของ ค้างทอ
A5: WSWT1625800SM | B5: พีมินเนอร์ | C5: 5000 | D5: 5250 | E5: 5000 | F5: 3175 | G5: 4121.15 | H5: 946.15 | I5: =H5 -> 946.15
A6: WSWT1625800SM ผลรวม | C6: 5000 | D6: 5250 | E6: 5000 | F6: 3175 | G6: 4121.15 | H6: 946.15
A7: WSWT1921720 | B7: บจก.เคอรี่ฟลาวมิลล์ | C7: 5000 | D7: 0 | E7: 5000 | F7: 0 | G7: 0 | H7: 0 | I7: =H7 -> 0
A8: WSWT1921720 ผลรวม | C8: 5000 | D8: 0 | E8: 5000 | F8: 0 | G8: 0 | H8: 0 | I8: =H8 -> 0
A9: WSWT19251000SM | B9: บจก.อินเทคค์ โกลบอล | C9: 503 | D9: 0 | E9: 503 | F9: 0 | G9: 0 | H9: 0 | I9: =H9 -> 0
A10: WSWT19251000SM ผลรวม | C10: 503 | D10: 0 | E10: 503 | F10: 0 | G10: 0 | H10: 0 | I10: =H10 -> 0
A11: WSWT2025800SM | B11: บจก.อินเทคค์ โกลบอล | C11: 12392 | D11: 0 | E11: 12325 | F11: 0 | G11: 0 | H11: 0
B12: บจก.เอพีเอ็ม อะโกร | C12: 5000 | D12: 5250 | E12: 5000 | F12: 0 | G12: 5518.15 | H12: 5518.15 | I12: =H12 -> 5518.15
B13: บจก.เอสพีเอ็ม อาหารสัตว์ | C13: 18000 | D13: 18900 | E13: 18000 | F13: 0 | G13: 20032.98 | H13: 20032.98
A14: WSWT2025800SM ผลรวม | C14: 35392 | D14: 24150 | E14: 35325 | F14: 0 | G14: 25551.13 | H14: 25551.13 | I14: =H14 -> 25551.13 | P14: 15000 | Q14: =+K14/P14 -> 0
A15: WSWT2121670SM | B15: บจก.ที.ซี.ยูเนี่ยน อโกรเทค | C15: 40000 | D15: 42000 | E15: 40000 | F15: 43027.6 | G15: 43027.6 | H15: 0
B16: บจก.เอพีเอ็ม อะโกร | C16: 10000 | D16: 10500 | E16: 10000 | F16: 0 | G16: 11595.1 | H16: 11595.1 | I16: =H16 -> 11595.1
B17: บจก.เอสพีเอ็ม อาหารสัตว์ | C17: 5000 | D17: 5250 | E17: 5000 | F17: 0 | G17: 5518.15 | H17: 5518.15 | I17: =H17 -> 5518.15
A18: WSWT2121670SM ผลรวม | C18: 55000 | D18: 57750 | E18: 55000 | F18: 43027.6 | G18: 60140.85 | H18: 17113.25 | I18: =H18 -> 17113.25
A19: WSWT2321112512551 | B19: บจก.น้ำตาลทิพย์สุโขทัย | C19: 436278 | D19: 458091.9 | E19: 436278 | F19: 0 | G19: 469299.88 | H19: 469299.88 | I19: =H19 -> 469299.88
A20: WSWT2321112512551 ผลรวม | C20: 436278 | D20: 458091.9 | E20: 436278 | F20: 0 | G20: 469299.88 | H20: 469299.88 | I20: =H20 -> 469299.88 | P20: 16000 | Q20: =+K20/P20 -> 0
A21: WSWT2321750 | B21: บจก.แอมโก้เวท | C21: 1000 | D21: 0 | E21: 1000 | F21: 1159.51 | G21: 1159.51 | H21: 0
A22: WSWT2321750 ผลรวม | C22: 1000 | D22: 0 | E22: 1000 | F22: 1159.51 | G22: 1159.51 | H22: 0 | I22: =H22 -> 0
A23: ผลรวมทั้งหมด | C23: 538173 | D23: 545241.9 | E23: 538106 | F23: 47362.11 | G23: 560272.52 | H23: 512910.41
I24: =H24 -> 0
I26: =H26 -> 0
I28: =H28 -> 0
I29: =H29 -> 0
I30: =H30 -> 0
P31: 15000 | Q31: =+K31/P31 -> 0
I32: =H32 -> 0
I33: =H33 -> 0
I34: =H34 -> 0
I35: =H35 -> 0
I36: =H36 -> 0
I37: =H37 -> 0
I38: =H38 -> 0
I39: =H39 -> 0
I40: =H40 -> 0
I42: =H42 -> 0
I44: =H44 -> 0
I45: =H45 -> 0
J46: 74000
I47: =H47 -> 0
I48: =H48 -> 0
I51: =H51 -> 0
I52: =H52 -> 0
I54: =H54 -> 0
I55: =H55 -> 0
I56: =H56-J56 -> -166000 | J56: 166000
I58: =H58 -> 0
I59: =H59 -> 0
I60: =H60 -> 0
I61: =H61 -> 0
I62: =H62 -> 0
I64: =H64 -> 0
I65: =H65 -> 0
I66: =H66 -> 0
I68: =H68 -> 0
I70: =H70 -> 0
I72: =H72 -> 0
I73: =H73 -> 0
I75: =SUM(I5:I74) -> 838841.69
I79: =I75+I77 -> 838841.69 | J79: 16 | K79: =+I79*0.9779 -> 820303.29
I81: =+I79/J79 -> 52427.606 | K81: =+K79*85 -> 69725780
K83: =+K81/1000 -> 69725.78
D119: Cap พิมพ์ | E119: Cap ตัด | F119: Stock 16/7 บ่าย | G119: Cap ทอ | I119: วันทงาน
B120: lส่ง | C120: 1-16/7 | D120: 160000 | E120: 160000 | G120: 120000 | I120: 12
C121: 1975256 | D121: =+D120*I120 -> 1920000 | E121: =+E120*I120 -> 1920000 | F121: 825147 | G121: =+G120*I120 -> 1440000
A122: เบทาโกรส่งแล้ว | B122: 20700 | C122: 424374
A123: เบทาโกรส่งแล้ว | B123: 20800 | C123: 155973
C126: รวมส่ง+ค้างส่ง | D126: ส่วนต่างCapคงเหลือ | E126: ส่วนต่างCapคงเหลือ | F126: คงเหลือ
C127: =+C50+C121 -> 1975256 | D127: =+D121-D50 -> 1920000 | E127: =+E121-E50 -> 1920000 | F127: =+F121-F50 -> 825147 | G127: =+G121-G50 -> 1440000
B129: 20700VN 20/7 | G129: 350000

Sheet 6(Order)
A2: เลขที่ SO | B2: (หลายรายการ)
A3: วันส่ง | B3: รอแจ้ง
A4: ชื่อลูกค้า | B4: (ทั้งหมด)
A6: ประเภท | B6: ผลรวม ของ จำนวนส่ง | C6: ผลรวม ของ ค้างพิมพ์ | D6: ผลรวม ของ ค้างตัด | E6: ผลรวม ของ ใช้ | F6: ผลรวม ของ Stock | G6: ผลรวม ของ ค้างทอ
A7: WSWT1921720 | B7: 5000 | C7: 0 | D7: 5000 | E7: 0 | F7: 0 | G7: 0
A8: WSWT19251000SM | B8: 503 | C8: 0 | D8: 503 | E8: 0 | F8: 0 | G8: 0
A9: WSWT2025800SM | B9: 41286 | C9: 29400 | D9: 41219 | E9: 31069.28 | F9: 0 | G9: 31069.28
A10: WSWT2121670SM | B10: 52000 | C10: 54600 | D10: 52000 | E10: 56271.16 | F10: 50753.01 | G10: 5518.15
A11: WSWT2321112512551 | B11: 436278 | C11: 458091.9 | D11: 436278 | E11: 469299.88 | F11: 0 | G11: 469299.88 | L11: =76*2500 -> 190000
A12: WSWT2321750 | B12: 1000 | C12: 0 | D12: 1000 | E12: 1159.51 | F12: 1159.51 | G12: 0
A13: ผลรวมทั้งหมด | B13: 536067 | C13: 542091.9 | D13: 536000 | E13: 557799.83 | F13: 51912.52 | G13: 505887.31
A37: ยอดส่ง 1/1/68 - 17/1/68 | B37: 1287052
A38: Order+ส่ง | B38: =++B22+B37 -> 1287052
A39: ประมาณการ | I39: 0
A41: Order+ส่ง+ประมาณการ | B41: =+B22+B37+B39+B29 -> 1287052 | C41: =+C22+C37+C39+C29 -> 0 | D41: =+D22+D37+D39+D29 -> 0 | E41: =+E22+E37+E39+E29 -> 0 | F41: =+F22+F37+F39+F29 -> 0 | G41: =+G22+G37+G39+G29 -> 0
B43: 3000000 | I43: 9
B45: =+B41-B43 -> -1712948
D46: =+D22/I43 -> 0
C47: =+C41/I43 -> 0 | D47: =+D41/I43 -> 0 | G47: =+G41/I43 -> 0

Sheet 6(Order) แยกลูกค้า
A1: เลขที่ SO | B1: (หลายรายการ)
A2: วันส่ง | B2: รอแจ้ง
A4: ประเภท | B4: ชื่อลูกค้า | C4: ผลรวม ของ จำนวนส่ง | D4: ผลรวม ของ ค้างพิมพ์ | E4: ผลรวม ของ ค้างตัด | F4: ผลรวม ของ Stock | G4: ผลรวม ของ ค้างทอ | I4: vn
A5: WSWT1921720 | B5: บจก.เคอรี่ฟลาวมิลล์ | C5: 5000 | D5: 0 | E5: 5000 | F5: 0 | G5: 0 | H5: =G5 -> 0
A6: WSWT1921720 ผลรวม | C6: 5000 | D6: 0 | E6: 5000 | F6: 0 | G6: 0 | H6: =G6 -> 0
A7: WSWT19251000SM | B7: บจก.อินเทคค์ โกลบอล | C7: 503 | D7: 0 | E7: 503 | F7: 0 | G7: 0 | H7: =G7 -> 0
A8: WSWT19251000SM ผลรวม | C8: 503 | D8: 0 | E8: 503 | F8: 0 | G8: 0
A9: WSWT2025800SM | B9: บจก.อินเทคค์ โกลบอล | C9: 13286 | D9: 0 | E9: 13219 | F9: 0 | G9: 0 | H9: =G9 -> 0
B10: บจก.เอพีเอ็ม อะโกร | C10: 5000 | D10: 5250 | E10: 5000 | F10: 0 | G10: 5518.15 | H10: =G10 -> 5518.15
B11: บจก.เอสพีเอ็ม อาหารสัตว์ | C11: 23000 | D11: 24150 | E11: 23000 | F11: 0 | G11: 25551.13
A12: WSWT2025800SM ผลรวม | C12: 41286 | D12: 29400 | E12: 41219 | F12: 0 | G12: 31069.28 | H12: =G12 -> 31069.28
A13: WSWT2121670SM | B13: บจก.ที.ซี.ยูเนี่ยน อโกรเทค | C13: 40000 | D13: 42000 | E13: 40000 | F13: 43027.6 | G13: 0 | H13: =G13 -> 0
B14: บจก.เอพีเอ็ม อะโกร | C14: 7000 | D14: 7350 | E14: 7000 | F14: 7725.41 | G14: 0 | H14: =G14 -> 0
B15: บจก.เอสพีเอ็ม อาหารสัตว์ | C15: 5000 | D15: 5250 | E15: 5000 | F15: 0 | G15: 5518.15
A16: WSWT2121670SM ผลรวม | C16: 52000 | D16: 54600 | E16: 52000 | F16: 50753.01 | G16: 5518.15 | H16: =G16 -> 5518.15
A17: WSWT2321112512551 | B17: บจก.น้ำตาลทิพย์สุโขทัย | C17: 436278 | D17: 458091.9 | E17: 436278 | F17: 0 | G17: 469299.88
A18: WSWT2321112512551 ผลรวม | C18: 436278 | D18: 458091.9 | E18: 436278 | F18: 0 | G18: 469299.88 | H18: =G18 -> 469299.88
A19: WSWT2321750 | B19: บจก.แอมโก้เวท | C19: 1000 | D19: 0 | E19: 1000 | F19: 1159.51 | G19: 0 | H19: =G19 -> 0
A20: WSWT2321750 ผลรวม | C20: 1000 | D20: 0 | E20: 1000 | F20: 1159.51 | G20: 0 | H20: =G20 -> 0
A21: ผลรวมทั้งหมด | C21: 536067 | D21: 542091.9 | E21: 536000 | F21: 51912.52 | G21: 505887.31 | H21: =G21 -> 505887.31
H23: =G23 -> 0
H25: =G25 -> 0
H27: =G27 -> 0
H28: =G28 -> 0
H29: =G29 -> 0
H31: =G31 -> 0
H32: =G32 -> 0
H33: =G33 -> 0
H34: =G34 -> 0
H35: =G35 -> 0
H36: =G36 -> 0
H37: =G37 -> 0
... H68: =G68 -> 0
H70: =SUM(H5:H69) -> 1017292.8
D119: Cap พิมพ์ | E119: Cap ตัด | F119: Stock 16/7 บ่าย | G119: Cap ทอ | I119: วันทงาน
B120: lส่ง | C120: 1-16/7 | D120: 160000 | E120: 160000 | G120: 120000 | I120: 12
C121: 1975256 | D121: =+D120*I120 -> 1920000 | E121: =+E120*I120 -> 1920000 | F121: 825147 | G121: =+G120*I120 -> 1440000
A122: เบทาโกรส่งแล้ว | B122: 20700 | C122: 424374
A123: เบทาโกรส่งแล้ว | B123: 20800 | C123: 155973
C126: รวมส่ง+ค้างส่ง | D126: ส่วนต่างCapคงเหลือ | E126: ส่วนต่างCapคงเหลือ | F126: คงเหลือ
C127: =+C50+C121 -> 1975256 | D127: =+D121-D50 -> 1920000 | E127: =+E121-E50 -> 1920000 | F127: =+F121-F50 -> 825147 | G127: =+G121-G50 -> 1440000
B129: 20700VN 20/7 | G129: 350000

Sheet 6(Fc) แยกลูกค้
A1: เลขที่ SO | B1: ประมาณการ
A2: วันส่ง | B2: รอแจ้ง | D2: 12
A4: ประเภท | B4: ชื่อลูกค้า | C4: ผลรวม ของ จำนวนส่ง | D4: ผลรวม ของ ค้างพิมพ์ | E4: ผลรวม ของ ค้างตัด | F4: ผลรวม ของ Stock | G4: ผลรวม ของ ใช้ | H4: ผลรวม ของ ค้างทอ
A5: WSWT1625800SM | B5: พีมินเนอร์ | C5: 5000 | D5: 5250 | E5: 5000 | F5: 3175 | G5: 4121.15 | H5: 946.15
A6: WSWT1625800SM ผลรวม | C6: 5000 | D6: 5250 | E6: 5000 | F6: 3175 | G6: 4121.15 | H6: 946.15
A7: WSWT2121670SM | B7: บจก.เอพีเอ็ม อะโกร | C7: 10000 | D7: 10500 | E7: 10000 | F7: 0 | G7: 11595.1 | H7: 11595.1
A8: WSWT2121670SM ผลรวม | C8: 10000 | D8: 10500 | E8: 10000 | F8: 0 | G8: 11595.1 | H8: 11595.1
A9: ผลรวมทั้งหมด | C9: 15000 | D9: 15750 | E9: 15000 | F9: 3175 | G9: 15716.25 | H9: 12541.25
H41: 296578.28
H43: =+GETPIVOTDATA("ผลรวม ของ ค้างทอ",$A$4)+H41 -> 309119.53
I119: วันทงาน
I120: 12
C121: 1975256 | D121: =+D120*I120 -> 0 | E121: =+E120*I120 -> 0 | F121: 825147 | G121: =+G120*I120 -> 0
A122: เบทาโกรส่งแล้ว | B122: 20700 | C122: 424374
A123: เบทาโกรส่งแล้ว | B123: 20800 | C123: 155973
C126: รวมส่ง+ค้างส่ง | D126: ส่วนต่างCapคงเหลือ | E126: ส่วนต่างCapคงเหลือ | F126: คงเหลือ
C127: =+C50+C121 -> 1975256 | D127: =+D121-D50 -> 0 | E127: =+E121-E50 -> 0 | F127: =+F121-F50 -> 825147 | G127: =+G121-G50 -> 0
B129: 20700VN 20/7 | G129: 350000

Sheet ค้างทอ21-7-68
A3: ผลรวม ของ ค้างทอ | B3: ป้ายชื่อคอลัมน์ | L3: ผลรวม ของ ค้างทอ
A4: ป้ายชื่อแถว | B4: 45857 | C4: 45858 | D4: 45859 | E4: 45862 | F4: 45863 | G4: 45864 | H4: 45866 | I4: 45869 | J4: ค้างทอ | L4: ป้ายชื่อแถว | M4: 45870 | N4: 45871 | O4: 45873 | P4: 45878 | Q4: 45880 | R4: 45883 | S4: 45884 | T4: 45889 | U4: 45892 | V4: ผลรวมทั้งหมด
A5: WSWT1725800 | F5: 10748.588 | J5: =SUM(B5:I5) -> 10748.588 | L5: WSWT1725800 | V5: =SUM(M5:U5) -> 0
A6: WSWT1921720 | B6: 0 | D6: 0 | E6: 0 | G6: 0 | H6: 0 | I6: 4679.95 | J6: =SUM(B6:I6) -> 4679.95 | L6: WSWT1921720 | N6: 37439.6 | O6: 46799.5 | P6: 24517.35 | Q6: 23399.75 | R6: 23399.75 | V6: =SUM(M6:U6) -> 155555.95
A7: WSWT1925800 | B7: 0 | C7: 0 | J7: =SUM(B7:I7) -> 0 | L7: WSWT1925800 | V7: =SUM(M7:U7) -> 0
A8: WSWT1925800SM | F8: 0 | J8: =SUM(B8:I8) -> 0 | L8: WSWT1925800SM | V8: =SUM(M8:U8) -> 0
A9: WSWT2021750 | C9: 0 | J9: =SUM(B9:I9) -> 0 | L9: WSWT2021750 | V9: =SUM(M9:U9) -> 0
A10: WSWT2025700 | C10: 0 | J10: =SUM(B10:I10) -> 0 | L10: WSWT2025700 | V10: =SUM(M10:U10) -> 0
A11: WSWT2025800 | B11: 0 | E11: 0 | F11: 245049.41 | J11: =SUM(B11:I11) -> 245049.41 | L11: WSWT2025800 | M11: 0 | U11: 0 | V11: =SUM(M11:U11) -> 0
A12: WSWT2025800SM | F12: 0 | J12: =SUM(B12:I12) -> 0 | L12: WSWT2025800SM | N12: 0 | S12: 0 | V12: =SUM(M12:U12) -> 0
A13: WSWT2125650 | B13: 5002.909 | D13: 4959.35 | J13: =SUM(B13:I13) -> 9962.259 | L13: WSWT2125650 | V13: =SUM(M13:U13) -> 0
A14: WSWT2125800 | B14: 0 | F14: 0 | J14: =SUM(B14:I14) -> 0 | L14: WSWT2125800 | V14: =SUM(M14:U14) -> 0
A15: WSWT2321112512551 | J15: =SUM(B15:I15) -> 0 | L15: WSWT2321112512551 | T15: 80383 | V15: =SUM(M15:U15) -> 80383
A16: WSWT2325650 | B16: 13334.05 | J16: =SUM(B16:I16) -> 13334.05 | L16: WSWT2325650 | V16: =SUM(M16:U16) -> 0
A17: WSWT2625850SM | C17: 0 | J17: =SUM(B17:I17) -> 0 | L17: WSWT2625850SM | P17: 16866.6 | V17: =SUM(M17:U17) -> 16866.6
A18: WSWT2825850 | J18: =SUM(B18:I18) -> 0 | L18: WSWT2825850 | P18: 41303.5 | V18: =SUM(M18:U18) -> 41303.5
A19: WSWTFCL022325650 | B19: 0 | J19: =SUM(B19:I19) -> 0 | L19: WSWTFCL022325650 | V19: =SUM(M19:U19) -> 0
A20: ผลรวมทั้งหมด | B20: =SUM(B5:B19) -> 18336.959 | C20: =SUM(C5:C19) -> 0 | D20: =SUM(D5:D19) -> 4959.35 | E20: =SUM(E5:E19) -> 0 | F20: =SUM(F5:F19) -> 255797.99 | G20: =SUM(G5:G19) -> 0 | H20: =SUM(H5:H19) -> 0 | I20: =SUM(I5:I19) -> 4679.95 | J20: =SUM(B20:I20) -> 283774.25 | L20: ผลรวมทั้งหมด | M20: =SUM(M5:M19) -> 0 | N20: =SUM(N5:N19) -> 37439.6 | O20: =SUM(O5:O19) -> 46799.5 | P20: =SUM(P5:P19) -> 82687.45 | Q20: =SUM(Q5:Q19) -> 23399.75 | R20: =SUM(R5:R19) -> 23399.75 | S20: =SUM(S5:S19) -> 0 | T20: =SUM(T5:T19) -> 80383 | ... V20: =SUM(V5:V19) -> 294109.05

Sheet 23-7-68
B2: เรียงกำหนดส่ง | D2: ลบ 0 | T2: เรียง 1
B3: ข้อมูลUpdate ณ. วันที่ | D3: 45860 | E3: เวลา | G3: 9.46
A4: วันรับออร์เดอร์/แบบ | B4: เลขที่ SO | C4: ชื่อลูกค้า | E4: 10.3 | I4: น้ำหนัก | L4: บิด/จับจีบ | M4: ถุงใน | Q4: 44873 | S4: วิธีบรรจุ | T4: วันส่ง | U4: จำนวนส่ง | V4: ตัดเย็บ (ใบ) | W4: 44873 | X4: พิมพ์ (ใบ) | Y4: 44876 | Z4: ผ้าทอ (เมตร) Updateณ | AB4: 44876 | AD4: ผ้าเคลือบ(เมตร) | AF4: หมายเหตุ | AG4: เครื่อง
B5: เลขที่ SO | C5: ชื่อลูกค้า | D5: ตรา | E5: กว้าง | F5: ยาว | G5: สี | H5: เคลือบ | I5: กรัม/ใบ | J5: * | K5: aw | L5: บิด/จับจีบ | M5: กว้าง | N5: ยาว | O5: หนา | P5: ใช้(กก.) | Q5: Stock(กก.) | R5: ผลิต(กก.) | S5: วิธีบรรจุ | T5: วันส่ง | U5: จำนวนส่ง | V5: StockFG | W5: ค้างตัด | X5: พิมพ์แล้ว | Y5: ค้างพิมพ์ | Z5: ประเภท | AA5: ใช้ | AB5: Stock | AC5: ค้างทอ | AD5: Stock | AE5: ค้างเคลือบ | AF5: หมายเหตุ | AG5: ที่พิมพ์ได้ | AH5: process | AI5: Lead time | AJ5: วันที่ส่งPL | AK5: เคลือบ | AL5: ได้ ART | AM5: พิมพ์ | AN5: จีบ-บิด | AO5: ตัด-เย็บ | AP5: ทอ | AQ5: สวมถุง | AR5: เย็บปาก | AS5: PT | AT5: ม้วน | AU5: ตัด | AV5: ตอกตาไก่ | AW5: GROUP | AX5: ART | AY5: หมายเหตุปัญหา | AZ5: ราคา/ใบ | BA5: ราคารวม | BB5: workweek | BC5: เส้นเทป | BD5: จำนวน
A6: 45860 | B6: MK68-000920 | C6: หจก.ปึงเป้งน้ำ | D6: เกลือตรามือ 10กก. | E6: 14 | F6: 22 | G6: ขาว | H6: ใส | I6: 42 | J6: ± | K6: 5 | L6: ไม่ | M6: ไม่สวมถุงใน | N6: 0 | O6: 0 | P6: 0 | Q6: 0 | R6: 0 | S6: 500กระสอบแบน | T6: 45884 | U6: 10000 | V6: 0 | W6: 10000 | X6: 0 | Y6: 10500 | Z6: WSWT1425800 | AA6: 6565.9 | AB6: 4837 | AC6: 1728.9 | AD6: 0 | AE6: 6565.9 | AF6: 0 | AG6: ยังไม่ได้พิมพ์ | AH6: P6 | AI6: 4 | AJ6: 45884 | AK6: 45880 | AL6: 45873 | AM6: 45881 | AN6: 45882 | AO6: 45883 | AP6: 45879 | AQ6: 0 | AR6: 0 | AS6: 0 | AT6: 0 | AU6: 0 | AV6: 0 | AW6: งานเคลือบ+พิมพ์ | AX6: / | AY6: 0 | AZ6: 0 | BA6: 0 | BB6: 0 | BC6: WRWT25800/WRWT25800 | BD6: 96.8184
A7: 0 | B7: 0 | C7: 0 | D7: 0 | E7: 14 | F7: 22 | G7: ขาว | H7: 0 | I7: 36 | J7: ± | K7: 5 | L7: 0 | M7: 0 | N7: 0 | O7: 0 | P7: 0 | Q7: 0 | R7: 0 | S7: 0 | U7: 0 | V7: 0 | W7: 0 | X7: 0 | Y7: 0 | Z7: WSWT1425800 | AA7: 6565.9 | AB7: 4837 | AC7: 1728.9 | AD7: 0 | AE7: 6565.9 | AF7: ระบุในSD | AG7: พร้อมส่ง | AH7: 0 | AI7: Lead time | AJ7: 0 | AK7: 0 | AL7: 0 | AM7: 0 | AN7: 0 | AO7: 0 | AP7: 0 | AQ7: 0 | AR7: 0 | AS7: 0 | AT7: 0 | AU7: 0 | AV7: 0 | AW7: 0 | AX7: 0 | AY7: 0 | AZ7: 0 | BA7: 0 | BB7: 0 | BC7: WRWT140800/WRWT25800 | BD7: 0
A8: 45842 | B8: MK68-000868 | C8: พีมินเนอร์ | D8: พี-มินเนอร์ นิวพลัส | E8: 16 | F8: 28 | G8: ขาว | H8: ใส | I8: 56 | J8: ± | K8: 5 | L8: ไม่ | M8: 19 | N8: 31 | O8: 40 | P8: 1.1334313 | Q8: 0 | R8: 1.1334313 | S8: 500กระสอบ | T8: 45860 | U8: 4000 | V8: 3922 | W8: 78 | X8: 5295 | Y8: 0 | Z8: WSWT1625800SM | AA8: 0 | AB8: 0 | AC8: 0 | AD8: 0 | AE8: 0 | AF8: รอส่ง รอลูกค้ามารับเอง | AG8: พร้อมส่ง | AH8: P8 | AI8: 4 | AJ8: 45860 | AK8: 45856 | AL8: 45850 | AM8: 45857 | AN8: 45858 | AO8: 45858 | AP8: 45855 | AQ8: 45859 | AR8: 0 | AS8: 0 | AT8: 0 | AU8: 0 | AV8: 0 | AW8: งานเคลือบ+พิมพ์ | AX8: / | AY8: 0 | AZ8: 0 | BA8: 0 | BB8: 0 | BC8: WRWT25800/WRWT25800 | BD8: 0
A9: ประมาณการ | B9: ประมาณการ | C9: บจก.ซัน ซีเมนต์ โพรเซส | D9: พระอาทิตย์(ปูนนอน-ชริงค์) | E9: 16 | F9: 25 | G9: ขาว | H9: ใส | I9: 50 | J9: ± | K9: 5 | L9: บิด | M9: 19 | N9: 28 | O9: 40 | P9: 65.624643 | Q9: 0 | R9: 65.624643 | S9: 500กระสอบ | T9: รอแจ้ง | U9: 5000 | V9: 0 | W9: 5000 | X9: 0 | Y9: 5250 | Z9: WSWT1625800SM | AA9: 3702.05 | AB9: 0 | AC9: 3702.05 | AD9: 0 | AE9: 3702.05 | AF9: 0 | AG9: พร้อมส่ง | AH9: P8 | AI9: 4 | AJ9: รอแจ้ง | AK9: #VALUE! | AL9: #VALUE! | AM9: #VALUE! | AN9: #VALUE! | AO9: #VALUE! | AP9: #VALUE! | AQ9: #VALUE! | AR9: 0 | AS9: 0 | AT9: 0 | AU9: 0 | AV9: 0 | AW9: งานเคลือบ+พิมพ์ | AX9: รอART | AY9: 0 | AZ9: 0 | BA9: 0 | BB9: 0 | BC9: WRWT25800/WRWT25800 | BD9: 210.60551
A10: 0 | B10: 0 | C10: 0 | E10: 16 | F10: 25 | G10: ขาว | H10: 0 | I10: 45 | J10: ± | K10: 5 | L10: 0 | M10: 0 | N10: 0 | O10: 0 | P10: 0 | Q10: 0 | R10: 0 | S10: 0 | U10: 0 | V10: 0 | W10: 0 | X10: 0 | Y10: 0 | Z10: WSWT1625800SM | AA10: 3702.05 | AB10: 0 | AC10: 3702.05 | AD10: 0 | AE10: 3702.05 | AF10: ระบุในSD | AG10: ยังไม่ได้พิมพ์ | AH10: 0 | AI10: Lead time | AJ10: 0 | AK10: 0 | AL10: 0 | AM10: 0 | AN10: 0 | AO10: 0 | AP10: 0 | AQ10: 0 | AR10: 0 | AS10: 0 | AT10: 0 | AU10: 0 | AV10: 0 | AW10: 0 | AX10: 0 | AY10: 0 | AZ10: 0 | BA10: 0 | BB10: 0 | BC10: WRWT160800/WRWT25800 | BD10: 0
A11: 45857 | B11: MK68-000914 | C11: โรงสีข้าวธัญญาวัฒน์ | D11: LUNG SHIN 12 kg | E11: 17 | F11: 26 | G11: ขาว | H11: 0 | I11: 48 | J11: ± | K11: 5 | L11: ไม่ | M11: ไม่สวมถุงใน | N11: 0 | O11: 0 | P11: 0 | Q11: 0 | R11: 0 | S11: 500กระสอบแบน | T11: 45868 | U11: 30250 | V11: 0 | W11: 30250 | X11: 0 | Y11: 31762.5 | Z11: WSWT1725800 | AA11: 23242.588 | AB11: 16351 | AC11: 6891.5875 | AD11: 0 | AE11: 0 | AF11: ห้ามขาด-ห้ามเกิน | AG11: พร้อมส่ง | AH11: P7 | AI11: 2 | AJ11: 45868 | AK11: 0 | AL11: 45859 | AM11: 45866 | AN11: 45867 | AO11: 45867 | AP11: 45863 | AQ11: 0 | AR11: 0 | AS11: 0 | AT11: 0 | AU11: 0 | AV11: 0 | AW11: งานพิมพ์ | AX11: / | AY11: 0 | AZ11: 0 | BA11: 0 | BB11: 0 | BC11: WRWT25800/WRWT25800 | BD11: 447.80004
A12: 0 | B12: 0 | C12: 0 | D12: 0 | E12: 17 | F12: 26 | G12: 0 | H12: 0 | I12: 48 | J12: ± | K12: 5 | L12: 0 | M12: 0 | N12: 0 | O12: 0 | P12: 0 | Q12: 0 | R12: 0 | S12: 0 | U12: 0 | V12: 0 | W12: 0 | X12: 0 | Y12: 0 | Z12: WSWT1725800 | AA12: 23242.588 | AB12: 16351 | AC12: 6891.5875 | AD12: 0 | AE12: 0 | AF12: ระบุในSD | AG12: ยังไม่ได้พิมพ์ | AH12: 0 | AI12: 0 | AJ12: 0 | AK12: 0 | AL12: 0 | AM12: 0 | AN12: 0 | AO12: 0 | AP12: 0 | AQ12: 0 | AR12: 0 | AS12: 0 | AT12: 0 | AU12: 0 | AV12: 0 | AW12: 0 | AX12: 0 | AY12: 0 | AZ12: 0 | BA12: 0 | BB12: 0 | BC12: WRWT170800/WRWT25800 | BD12: 0
A13: ประมาณการ | B13: ประมาณการ | C13: บจก.ฟาร์เธอร์ส วิง ซัพพลาย | D13: รถไฟ | E13: 18 | F13: 30 | G13: ขาว | H13: 0 | I13: 54 | J13: ± | K13: 5 | L13: บิด | M13: 19 | N13: 33 | O13: 40 | P13: 232.02999 | Q13: 0 | R13: 232.02999 | S13: 500กระสอบ | T13: รอแจ้ง | U13: 15000 | V13: 0 | W13: 15000 | X13: 0 | Y13: 15750 | Z13: WSWT1825800 | AA13: 13201.65 | AB13: 6301 | AC13: 6900.65 | AD13: 0 | AE13: 0 | AF13: 0 | AG13: พร้อมส่ง | AH13: P9 | AI13: 3 | AJ13: รอแจ้ง | AK13: 0 | AL13: #VALUE! | AM13: #VALUE! | AN13: #VALUE! | AO13: #VALUE! | AP13: #VALUE! | AQ13: #VALUE! | AR13: 0 | AS13: 0 | AT13: 0 | AU13: 0 | AV13: 0 | AW13: งานพิมพ์ | AX13: รอART | AY13: 0 | AZ13: 0 | BA13: 0 | BB13: 0 | BC13: WRWT25800/WRWT25800 | BD13: 474.76472
A14: 0 | B14: 0 | E14: 18 | F14: 30 | G14: ขาว | H14: 0 | I14: 54 | J14: ± | K14: 5 | L14: 0 | M14: 0 | N14: 0 | O14: 0 | P14: 0 | Q14: 0 | R14: 0 | S14: 0 | U14: 0 | V14: 0 | W14: 0 | X14: 0 | Y14: 0 | Z14: WSWT1825800 | AA14: 13201.65 | AB14: 6301 | AC14: 6900.65 | AD14: 0 | AE14: 0 | AF14: ระบุในSD | AG14: พร้อมส่ง | AH14: 0 | AI14: Lead time | AJ14: 0 | AK14: 0 | AL14: 0 | AM14: 0 | AN14: 0 | AO14: 0 | AP14: 0 | AQ14: 0 | AR14: 0 | AS14: 0 | AT14: 0 | AU14: 0 | AV14: 0 | AW14: 0 | AX14: 0 | AY14: 0 | AZ14: 0 | BA14: 0 | BB14: 0 | BC14: WRWT25800/WRWT25800 | BD14: 0
A15: 45860 | B15: MK68-000917 | C15: บจก.ซิเบลโก้(บางเลน) | D15: PORTARYTE B15 | E15: 18 | F15: 30 | G15: ขาว | H15: ใส | I15: 74 | J15: ± | K15: 5 | L15: ไม่ | M15: ไม่สวมถุงใน | N15: 0 | O15: 0 | P15: 0 | Q15: 0 | R15: 0 | S15: 500กระสอบแบน | T15: 45883 | U15: 10000 | V15: 0 | W15: 10000 | X15: 0 | Y15: 10500 | Z15: WSWT1825800SM | AA15: 8801.1 | AB15: 8801.1 | AC15: 0 | AD15: 0 | AE15: 8801.1 | AF15: 0 | AG15: พร้อมส่ง | AH15: P6 | AI15: 4 | AJ15: 45883 | AK15: 45879 | AL15: 45872 | AM15: 45880 | AN15: 45881 | AO15: 45882 | AP15: 45878 | AQ15: 0 | AR15: 0 | AS15: 0 | AT15: 0 | AU15: 0 | AV15: 0 | AW15: งานเคลือบ+พิมพ์ | AX15: / | AY15: 0 | AZ15: 0 | BA15: 0 | BB15: 0 | BC15: WRWT25800/WRWT25800 | BD15: 0
A16: 0 | B16: 0 | C16: 0 | E16: 18 | F16: 25 | G16: ขาว | H16: 0 | I16: 50 | J16: ± | K16: 5 | L16: 0 | M16: 0 | N16: 0 | O16: 0 | P16: 0 | Q16: 0 | R16: 0 | S16: 0 | U16: 0 | V16: 0 | W16: 0 | X16: 0 | Y16: 0 | Z16: WSWT1825800SM | AA16: 8801.1 | AB16: 8801.1 | AC16: 0 | AD16: 0 | AE16: 8801.1 | AF16: ระบุในSD | AG16: พิมพ์ไม่ครบ | AH16: 0 | AI16: Lead time | AJ16: 0 | AK16: 0 | AL16: 0 | AM16: 0 | AN16: 0 | AO16: 0 | AP16: 0 | AQ16: 0 | AR16: 0 | AS16: 0 | AT16: 0 | AU16: 0 | AV16: 0 | AW16: 0 | AX16: 0 | AY16: 0 | AZ16: 0 | BA16: 0 | BB16: 0 | BC16: WRWT180800/WRWT25800 | BD16: 0
A17: 45846 | B17: MK68-000873 | C17: บจก.ซีแมน | D17: W30 | E17: 19 | F17: 28 | G17: ขาว | H17: 0 | I17: 56 | J17: ± | K17: 5 | L17: ไม่ | M17: 20 | N17: 30 | O17: 90 | P17: 0 | Q17: 0 | R17: 0 | S17: มัด100 | T17: 45862 | U17: 19000 | V17: 19000 | W17: 0 | X17: 42190 | Y17: 0 | Z17: WSWT1925800 | AA17: 0 | AB17: 0 | AC17: 0 | AD17: 0 | AE17: 0 | AF17: 0 | AG17: ยังไม่ได้พิมพ์ | AH17: P9 | AI17: 3 | AJ17: 45862 | AK17: 0 | AL17: 45852 | AM17: 45859 | AN17: 45860 | AO17: 45860 | AP17: 45857 | AQ17: 45861 | AR17: 0 | AS17: 0 | AT17: 0 | AU17: 0 | AV17: 0 | AW17: งานพิมพ์ | AX17: / | AY17: 0 | AZ17: 0 | BA17: 0 | BB17: 0 | BC17: WRWT25800/WRWT25800 | BD17: 0
A18: 45854 | B18: MK68-000896 | C18: บจก.เอ็กเซลเล้นท์ | D18: รวงข้าวส้ม | E18: 19 | F18: 30 | G18: ขาว | H18: 0 | I18: 60 | J18: ± | K18: 5 | L18: บิด | M18: ไม่สวมถุงใน | N18: 0 | O18: 0 | P18: 0 | Q18: 0 | R18: 0 | S18: 500กระสอบ | T18: 45863 | U18: 10000 | V18: 10000 | W18: 0 | X18: 10400 | Y18: 0 | Z18: WSWT1925800 | AA18: 0 | AB18: 0 | AC18: 0 | AD18: 0 | AE18: 0 | AF18: 0 | AG18: ยังไม่ได้พิมพ์ | AH18: P7 | AI18: 2 | AJ18: 45863 | AK18: 0 | AL18: 45854 | AM18: 45861 | AN18: 45862 | AO18: 45862 | AP18: 45858 | AQ18: 0 | AR18: 0 | AS18: 0 | AT18: 0 | AU18: 0 | AV18: 0 | AW18: งานพิมพ์ | AX18: / | AY18: 0 | AZ18: 0 | BA18: 0 | BB18: 0 | BC18: WRWT25800/WRWT25800 | BD18: 0
A19: 45854 | B19: MK68-000896 | C19: บจก.เอ็กเซลเล้นท์ | D19: แป้งสาลีพรีเมี่ยม | E19: 19 | F19: 30 | G19: ขาว | H19: 0 | I19: 60 | J19: ± | K19: 5 | L19: บิด | M19: ไม่สวมถุงใน | N19: 0 | O19: 0 | P19: 0 | Q19: 0 | R19: 0 | S19: 500กระสอบ | T19: 45863 | U19: 10000 | V19: 0 | W19: 10000 | X19: 4790 | Y19: 5470.5 | Z19: WSWT1925800 | AA19: 4814.6418 | AB19: 4814.6418 | AC19: 0 | AD19: 0 | AE19: 0 | AF19: 0 | AG19: รอแบบ | AH19: P7 | AI19: 2 | AJ19: 45863 | AK19: 0 | AL19: 45854 | AM19: 45861 | AN19: 45862 | AO19: 45862 | AP19: 45858 | AQ19: 0 | AR19: 0 | AS19: 0 | AT19: 0 | AU19: 0 | AV19: 0 | AW19: งานพิมพ์ | AX19: / | AY19: 0 | AZ19: 0 | BA19: 0 | BB19: 0 | BC19: WRWT25800/WRWT25800 | BD19: 0
A20: ประมาณการ | B20: ประมาณการ | C20: บจก.เพรซิเดนท์ฟลาวมิลล์ | D20: ผึ้งเหลือง | E20: 19 | F20: 30 | G20: ขาว | H20: 0 | I20: 60 | J20: ± | K20: 5 | L20: บิด | M20: ไม่สวมถุงใน | N20: 0 | O20: 0 | P20: 0 | Q20: 0 | R20: 0 | S20: 500กระสอบ | T20: 45894 | U20: 100000 | V20: 0 | W20: 100000 | X20: 0 | Y20: 105000 | Z20: WSWT1925800 | AA20: 88011 | AB20: 40033 | AC20: 47978 | AD20: 0 | AE20: 0 | AF20: 0 | AG20: ยังไม่ได้พิมพ์ | AH20: P7 | AI20: 2 | AJ20: 45894 | AK20: 0 | AL20: 45885 | AM20: 45892 | AN20: 45893 | AO20: 45893 | AP20: 45889 | AQ20: 0 | AR20: 0 | AS20: 0 | AT20: 0 | AU20: 0 | AV20: 0 | AW20: งานพิมพ์ | AX20: รอART | AY20: 0 | AZ20: 0 | BA20: 0 | BB20: 0 | BC20: WRWT25800/WRWT25800 | BD20: 3484.269
A21: ประมาณการ | B21: ประมาณการ | C21: บจก.เพรซิเดนท์ฟลาวมิลล์ | D21: ผึ้งชมพู | E21: 19 | F21: 30 | G21: ขาว | H21: 0 | I21: 60 | J21: ± | K21: 5 | L21: บิด | M21: ไม่สวมถุงใน | N21: 0 | O21: 0 | P21: 0 | Q21: 0 | R21: 0 | S21: 500กระสอบ | T21: 45894 | U21: 40000 | V21: 0 | W21: 40000 | X21: 0 | Y21: 42000 | Z21: WSWT1925800 | AA21: 35204.4 | AB21: 0 | AC21: 35204.4 | AD21: 0 | AE21: 0 | AF21: 0 | AG21: พร้อมส่ง | AH21: P7 | AI21: 2 | AJ21: 45894 | AK21: 0 | AL21: 45885 | AM21: 45892 | AN21: 45893 | AO21: 45893 | AP21: 45889 | AQ21: 0 | AR21: 0 | AS21: 0 | AT21: 0 | AU21: 0 | AV21: 0 | AW21: งานพิมพ์ | AX21: รอART | AY21: 0 | AZ21: 0 | BA21: 0 | BB21: 0 | BC21: WRWT25800/WRWT25800 | BD21: 2556.6218
A22: ประมาณการ | B22: ประมาณการ | C22: บจก.เอ็กเซลเล้นท์ | D22: รอแบบ | E22: 19 | F22: 30 | G22: ขาว | H22: 0 | I22: 60 | J22: ± | K22: 5 | L22: บิด | M22: ไม่สวมถุงใน | N22: 0 | O22: 0 | P22: 0 | Q22: 0 | R22: 0 | S22: 500กระสอบ | T22: 45894 | U22: 40000 | V22: 0 | W22: 40000 | X22: 0 | Y22: 42000 | Z22: WSWT1925800 | AA22: 35204.4 | AB22: 0 | AC22: 35204.4 | AD22: 0 | AE22: 0 | AF22: 0 | AG22: พร้อมส่ง | AH22: P7 | AI22: 2 | AJ22: 45894 | AK22: 0 | AL22: 45885 | AM22: 45892 | AN22: 45893 | AO22: 45893 | AP22: 45889 | AQ22: 0 | AR22: 0 | AS22: 0 | AT22: 0 | AU22: 0 | AV22: 0 | AW22: งานพิมพ์ | AX22: / | AY22: 0 | AZ22: 0 | BA22: 0 | BB22: 0 | BC22: WRWT25800/WRWT25800 | BD22: 2556.6218
A23: ประมาณการ | B23: ประมาณการ | C23: บจก.ไลม์มาสเตอร์ | D23: LMC 25 kg | E23: 19 | F23: 32 | G23: ขาว | H23: 0 | I23: 64 | J23: ± | K23: 5 | L23: ไม่ | M23: 20 | N23: 35 | O23: 40 | P23: 341.36903 | Q23: 0 | R23: 341.36903 | S23: 500กระสอบแบน | T23: 45894 | U23: 20000 | V23: 233 | W23: 19767 | X23: 0 | Y23: 20755.35 | Z23: WSWT1925800 | AA23: 18501.714 | AB23: 18501.714 | AC23: 0 | AD23: 0 | AE23: 0 | AF23: 0 | AG23: รอตัด | AH23: P9 | AI23: 3 | AJ23: 45894 | AK23: 0 | AL23: 45884 | AM23: 45891 | AN23: 45892 | AO23: 45892 | AP23: 45889 | AQ23: 45893 | AR23: 0 | AS23: 0 | AT23: 0 | AU23: 0 | AV23: 0 | AW23: งานพิมพ์ | AX23: รอART | AY23: 0 | AZ23: 0 | BA23: 0 | BB23: 0 | BC23: WRWT25800/WRWT25800 | BD23: 0
A24: 0 | B24: 0 | C24: 0 | D24: 0 | E24: 19 | F24: 30 | G24: ขาว | H24: 0 | I24: 60 | J24: ± | K24: 5 | L24: 0 | M24: 0 | N24: 0 | O24: 0 | P24: 0 | Q24: 0 | R24: 0 | S24: 0 | U24: 0 | V24: 0 | W24: 0 | X24: 0 | Y24: 0 | Z24: WSWT1925800 | AA24: 181736.16 | AB24: 63349.356 | AC24: 118386.8 | AD24: 0 | AE24: 0 | AF24: ระบุในSD | AG24: พร้อมส่ง | AH24: 0 | AI24: Lead time | AJ24: 0 | AK24: 0 | AL24: 0 | AM24: 0 | AN24: 0 | AO24: 0 | AP24: 0 | AQ24: 0 | AR24: 0 | AS24: 0 | AT24: 0 | AU24: 0 | AV24: 0 | AW24: 0 | AX24: 0 | AY24: 0 | AZ24: 0 | BA24: 0 | BB24: 0 | BC24: WRWT25800/WRWT25800 | BD24: 0
A25: 45857 | B25: MK68-000909 | C25: บจก.เคอรี่ฟลาวมิลล์ | D25: BS | E25: 19 | F25: 32 | G25: ขาว | H25: 0 | I25: 67 | J25: + | K25: 5 | L25: บิด | M25: ไม่สวมถุงใน | N25: 0 | O25: 0 | P25: 0 | Q25: 0 | R25: 0 | S25: ห่ออัดเบลแบน500 | T25: 45862 | U25: 5000 | V25: 5000 | W25: 0 | X25: 5250 | Y25: 0 | Z25: WSWT1921720 | AA25: 0 | AB25: 0 | AC25: 0 | AD25: 0 | AE25: 0 | AF25: PDR250242 | AG25: พร้อมส่ง | AH25: P7 | AI25: 2 | AJ25: 45862 | AK25: 0 | AL25: 45853 | AM25: 45860 | AN25: 45861 | AO25: 45861 | AP25: 45857 | AQ25: 0 | AR25: 0 | AS25: 0 | AT25: 0 | AU25: 0 | AV25: 0 | AW25: งานพิมพ์ | AX25: 0 | AY25: 0 | AZ25: 0 | BA25: 0 | BB25: 0 | BC25: WRWT21720/WRWT25800 | BD25: 0
A26: 45857 | B26: MK68-000909 | C26: บจก.เคอรี่ฟลาวมิลล์ | D26: BS | E26: 19 | F26: 32 | G26: ขาว | H26: 0 | I26: 67 | J26: + | K26: 5 | L26: บิด | M26: ไม่สวมถุงใน | N26: 0 | O26: 0 | P26: 0 | Q26: 0 | R26: 0 | S26: ห่ออัดเบลแบน500 | T26: 45878 | U26: 5000 | V26: 0 | W26: 5000 | X26: 5250 | Y26: 0 | Z26: WSWT1921720 | AA26: 0 | AB26: 0 | AC26: 0 | AD26: 0 | AE26: 0 | AF26: PDR250243 | AG26: พร้อมส่ง | AH26: P7 | AI26: 2 | AJ26: 45878 | AK26: 0 | AL26: 45869 | AM26: 45876 | AN26: 45877 | AO26: 45877 | AP26: 45873 | AQ26: 0 | AR26: 0 | AS26: 0 | AT26: 0 | AU26: 0 | AV26: 0 | AW26: งานพิมพ์ | AX26: 0 | AY26: 0 | AZ26: 0 | BA26: 0 | BB26: 0 | BC26: WRWT21720/WRWT25800 | BD26: 0
A27: 45843 | B27: MK68-000866 | C27: บจก.เคอรี่ฟลาวมิลล์ | D27: ถุงเงิน | E27: 19 | F27: 32 | G27: ขาว | H27: 0 | I27: 67 | J27: + | K27: 5 | L27: บิด | M27: ไม่สวมถุงใน | N27: 0 | O27: 0 | P27: 0 | Q27: 0 | R27: 0 | S27: ห่ออัดเบลแบน500 | T27: 45864 | U27: 5000 | V27: 5189 | W27: 0 | X27: 5400 | Y27: 0 | Z27: WSWT1921720 | AA27: 0 | AB27: 0 | AC27: 0 | AD27: 0 | AE27: 0 | AF27: PDR250212 | AG27: พร้อมส่ง | AH27: P7 | AI27: 2 | AJ27: 45864 | AK27: 0 | AL27: 45855 | AM27: 45862 | AN27: 45863 | AO27: 45863 | AP27: 45859 | AQ27: 0 | AR27: 0 | AS27: 0 | AT27: 0 | AU27: 0 | AV27: 0 | AW27: งานพิมพ์ | AX27: / | AY27: 0 | AZ27: 0 | BA27: 0 | BB27: 0 | BC27: WRWT21720/WRWT25800 | BD27: 0
A28: 45843 | B28: MK68-000866 | C28: บจก.เคอรี่ฟลาวมิลล์ | D28: ปลาโลมาแดง | E28: 19 | F28: 32 | G28: ขาว | H28: 0 | I28: 67 | J28: + | K28: 5 | L28: บิด | M28: ไม่สวมถุงใน | N28: 0 | O28: 0 | P28: 0 | Q28: 0 | R28: 0 | S28: ห่ออัดเบลแบน500 | T28: 45864 | U28: 5000 | V28: 5128 | W28: 0 | X28: 5400 | Y28: 0 | Z28: WSWT1921720 | AA28: 0 | AB28: 0 | AC28: 0 | AD28: 0 | AE28: 0 | AF28: PDR250212 | AG28: พร้อมส่ง | AH28: P7 | AI28: 2 | AJ28: 45864 | AK28: 0 | AL28: 45855 | AM28: 45862 | AN28: 45863 | AO28: 45863 | AP28: 45859 | AQ28: 0 | AR28: 0 | AS28: 0 | AT28: 0 | AU28: 0 | AV28: 0 | AW28: งานพิมพ์ | AX28: / | AY28: 0 | AZ28: 0 | BA28: 0 | BB28: 0 | BC28: WRWT21720/WRWT25800 | BD28: 0
A29: 45843 | B29: MK68-000866 | C29: บจก.เคอรี่ฟลาวมิลล์ | D29: แปดแต้มแดง | E29: 19 | F29: 32 | G29: ขาว | H29: 0 | I29: 67 | J29: + | K29: 5 | L29: บิด | M29: ไม่สวมถุงใน | N29: 0 | O29: 0 | P29: 0 | Q29: 0 | R29: 0 | S29: ห่ออัดเบลแบน500 | T29: 45864 | U29: 5000 | V29: 5049 | W29: 0 | X29: 5400 | Y29: 0 | Z29: WSWT1921720 | AA29: 0 | AB29: 0 | AC29: 0 | AD29: 0 | AE29: 0 | AF29: PDR250212 | AG29: พร้อมส่ง | AH29: P7 | AI29: 2 | AJ29: 45864 | AK29: 0 | AL29: 45855 | AM29: 45862 | AN29: 45863 | AO29: 45863 | AP29: 45859 | AQ29: 0 | AR29: 0 | AS29: 0 | AT29: 0 | AU29: 0 | AV29: 0 | AW29: งานพิมพ์ | AX29: / | AY29: 0 | AZ29: 0 | BA29: 0 | BB29: 0 | BC29: WRWT21720/WRWT25800 | BD29: 0
A30: 45843 | B30: MK68-000866 | C30: บจก.เคอรี่ฟลาวมิลล์ | D30: ดอกไม้เขียว | E30: 19 | F30: 32 | G30: ขาว | H30: 0 | I30: 67 | J30: + | K30: 5 | L30: บิด | M30: ไม่สวมถุงใน | N30: 0 | O30: 0 | P30: 0 | Q30: 0 | R30: 0 | S30: ห่ออัดเบลแบน500 | T30: 45864 | U30: 5000 | V30: 5072 | W30: 0 | X30: 5400 | Y30: 0 | Z30: WSWT1921720 | AA30: 0 | AB30: 0 | AC30: 0 | AD30: 0 | AE30: 0 | AF30: PDR250212 | AG30: พร้อมส่ง | AH30: P7 | AI30: 2 | AJ30: 45864 | AK30: 0 | AL30: 45855 | AM30: 45862 | AN30: 45863 | AO30: 45863 | AP30: 45859 | AQ30: 0 | AR30: 0 | AS30: 0 | AT30: 0 | AU30: 0 | AV30: 0 | AW30: งานพิมพ์ | AX30: / | AY30: 0 | AZ30: 0 | BA30: 0 | BB30: 0 | BC30: WRWT21720/WRWT25800 | BD30: 0
A31: 45843 | B31: MK68-000866 | C31: บจก.เคอรี่ฟลาวมิลล์ | D31: แต้มแดง | E31: 19 | F31: 32 | G31: ขาว | H31: 0 | I31: 67 | J31: + | K31: 5 | L31: บิด | M31: ไม่สวมถุงใน | N31: 0 | O31: 0 | P31: 0 | Q31: 0 | R31: 0 | S31: ห่ออัดเบลแบน500 | T31: 45867 | U31: 5000 | V31: 4597 | W31: 403 | X31: 5380 | Y31: 0 | Z31: WSWT1921720 | AA31: 0 | AB31: 0 | AC31: 0 | AD31: 0 | AE31: 0 | AF31: PDR250213 | AG31: พร้อมส่ง | AH31: P7 | AI31: 2 | AJ31: 45867 | AK31: 0 | AL31: 45858 | AM31: 45865 | AN31: 45866 | AO31: 45866 | AP31: 45862 | AQ31: 0 | AR31: 0 | AS31: 0 | AT31: 0 | AU31: 0 | AV31: 0 | AW31: งานพิมพ์ | AX31: / | AY31: 0 | AZ31: 0 | BA31: 0 | BB31: 0 | BC31: WRWT21720/WRWT25800 | BD31: 0
A32: 45843 | B32: MK68-000866 | C32: บจก.เคอรี่ฟลาวมิลล์ | D32: ดอกไม้แดง | E32: 19 | F32: 32 | G32: ขาว | H32: 0 | I32: 67 | J32: + | K32: 5 | L32: บิด | M32: ไม่สวมถุงใน | N32: 0 | O32: 0 | P32: 0 | Q32: 0 | R32: 0 | S32: ห่ออัดเบลแบน500 | T32: 45867 | U32: 5000 | V32: 5072 | W32: 0 | X32: 5400 | Y32: 0 | Z32: WSWT1921720 | AA32: 0 | AB32: 0 | AC32: 0 | AD32: 0 | AE32: 0 | AF32: PDR250213 | AG32: ยังไม่ได้พิมพ์ | AH32: P7 | AI32: 2 | AJ32: 45867 | AK32: 0 | AL32: 45858 | AM32: 45865 | AN32: 45866 | AO32: 45866 | AP32: 45862 | AQ32: 0 | AR32: 0 | AS32: 0 | AT32: 0 | AU32: 0 | AV32: 0 | AW32: งานพิมพ์ | AX32: / | AY32: 0 | AZ32: 0 | BA32: 0 | BB32: 0 | BC32: WRWT21720/WRWT25800 | BD32: 0
A33: 45843 | B33: MK68-000866 | C33: บจก.เคอรี่ฟลาวมิลล์ | D33: หีบเพลงฟ้า | E33: 19 | F33: 32 | G33: ขาว | H33: 0 | I33: 67 | J33: + | K33: 5 | L33: บิด | M33: ไม่สวมถุงใน | N33: 0 | O33: 0 | P33: 0 | Q33: 0 | R33: 0 | S33: ห่ออัดเบลแบน500 | T33: 45867 | U33: 5000 | V33: 4688 | W33: 312 | X33: 5400 | Y33: 0 | Z33: WSWT1921720 | AA33: 0 | AB33: 0 | AC33: 0 | AD33: 0 | AE33: 0 | AF33: PDR250213 | AG33: พร้อมส่ง | AH33: P7 | AI33: 2 | AJ33: 45867 | AK33: 0 | AL33: 45858 | AM33: 45865 | AN33: 45866 | AO33: 45866 | AP33: 45862 | AQ33: 0 | AR33: 0 | AS33: 0 | AT33: 0 | AU33: 0 | AV33: 0 | AW33: งานพิมพ์ | AX33: / | AY33: 0 | AZ33: 0 | BA33: 0 | BB33: 0 | BC33: WRWT21720/WRWT25800 | BD33: 0
A34: 45854 | B34: MK68-000890 | C34: บจก.เคอรี่ฟลาวมิลล์ | D34: HARD FLOUR | E34: 19 | F34: 32 | G34: ขาว | H34: 0 | I34: 67 | J34: + | K34: 5 | L34: บิด | M34: ไม่สวมถุงใน | N34: 0 | O34: 0 | P34: 0 | Q34: 0 | R34: 0 | S34: ห่ออัดเบลแบน500 | T34: 45869 | U34: 5000 | V34: 5000 | W34: 0 | X34: 5400 | Y34: 0 | Z34: WSWT1921720 | AA34: 0 | AB34: 0 | AC34: 0 | AD34: 0 | AE34: 0 | AF34: PDR250226 | AG34: พร้อมส่ง | AH34: P7 | AI34: 2 | AJ34: 45869 | AK34: 0 | AL34: 45860 | AM34: 45867 | AN34: 45868 | AO34: 45868 | AP34: 45864 | AQ34: 0 | AR34: 0 | AS34: 0 | AT34: 0 | AU34: 0 | AV34: 0 | AW34: งานพิมพ์ | AX34: / | AY34: 0 | AZ34: 0 | BA34: 0 | BB34: 0 | BC34: WRWT21720/WRWT25800 | BD34: 0
A35: 45854 | B35: MK68-000890 | C35: บจก.เคอรี่ฟลาวมิลล์ | D35: ดอกไม้เขียว | E35: 19 | F35: 32 | G35: ขาว | H35: 0 | I35: 67 | J35: + | K35: 5 | L35: บิด | M35: ไม่สวมถุงใน | N35: 0 | O35: 0 | P35: 0 | Q35: 0 | R35: 0 | S35: ห่ออัดเบลแบน500 | T35: 45869 | U35: 5000 | V35: 0 | W35: 5000 | X35: 0 | Y35: 5250 | Z35: WSWT1921720 | AA35: 4679.95 | AB35: 4679.95 | AC35: 0 | AD35: 0 | AE35: 0 | AF35: PDR250226 | AG35: ยังไม่ได้พิมพ์ | AH35: P7 | AI35: 2 | AJ35: 45869 | AK35: 0 | AL35: 45860 | AM35: 45867 | AN35: 45868 | AO35: 45868 | AP35: 45864 | AQ35: 0 | AR35: 0 | AS35: 0 | AT35: 0 | AU35: 0 | AV35: 0 | AW35: งานพิมพ์ | AX35: / | AY35: 0 | AZ35: 0 | BA35: 0 | BB35: 0 | BC35: WRWT21720/WRWT25800 | BD35: 0
A36: 45854 | B36: MK68-000890 | C36: บจก.เคอรี่ฟลาวมิลล์ | D36: 997 | E36: 19 | F36: 32 | G36: ขาว | H36: 0 | I36: 67 | J36: + | K36: 5 | L36: ไม่ | M36: ไม่สวมถุงใน | N36: 0 | O36: 0 | P36: 0 | Q36: 0 | R36: 0 | S36: ห่ออัดเบลแบน500 | T36: 45869 | U36: 5000 | V36: 5000 | W36: 0 | X36: 5300 | Y36: 0 | Z36: WSWT1921720 | AA36: 0 | AB36: 0 | AC36: 0 | AD36: 0 | AE36: 0 | AF36: PDR250226 | AG36: พร้อมส่ง | AH36: P7 | AI36: 2 | AJ36: 45869 | AK36: 0 | AL36: 45860 | AM36: 45867 | AN36: 45868 | AO36: 45868 | AP36: 45864 | AQ36: 0 | AR36: 0 | AS36: 0 | AT36: 0 | AU36: 0 | AV36: 0 | AW36: งานพิมพ์ | AX36: / | AY36: 0 | AZ36: 0 | BA36: 0 | BB36: 0 | BC36: WRWT21720/WRWT25800 | BD36: 0
A37: 45854 | B37: MK68-000891 | C37: บจก.เคอรี่ฟลาวมิลล์ | D37: ถุงเขียว | E37: 19 | F37: 32 | G37: ขาว | H37: 0 | I37: 67 | J37: + | K37: 5 | L37: บิด | M37: ไม่สวมถุงใน | N37: 0 | O37: 0 | P37: 0 | Q37: 0 | R37: 0 | S37: ห่ออัดเบลแบน500 | T37: 45869 | U37: 10000 | V37: 10000 | W37: 0 | X37: 10300 | Y37: 0 | Z37: WSWT1921720 | AA37: 0 | AB37: 0 | AC37: 0 | AD37: 0 | AE37: 0 | AF37: PDR250227 | AG37: พร้อมส่ง | AH37: P7 | AI37: 2 | AJ37: 45869 | AK37: 0 | AL37: 45860 | AM37: 45867 | AN37: 45868 | AO37: 45868 | AP37: 45864 | AQ37: 0 | AR37: 0 | AS37: 0 | AT37: 0 | AU37: 0 | AV37: 0 | AW37: งานพิมพ์ | AX37: / | AY37: 0 | AZ37: 0 | BA37: 0 | BB37: 0 | BC37: WRWT21720/WRWT25800 | BD37: 0
A38: 45854 | B38: MK68-000890 | C38: บจก.เคอรี่ฟลาวมิลล์ | D38: ปลาโลมาเทา | E38: 19 | F38: 32 | G38: ขาว | H38: 0 | I38: 67 | J38: + | K38: 5 | L38: บิด | M38: ไม่สวมถุงใน | N38: 0 | O38: 0 | P38: 0 | Q38: 0 | R38: 0 | S38: ห่ออัดเบลแบน500 | T38: 45871 | U38: 5000 | V38: 0 | W38: 5000 | X38: 0 | Y38: 5250 | Z38: WSWT1921720 | AA38: 4679.95 | AB38: 4679.95 | AC38: 0 | AD38: 0 | AE38: 0 | AF38: PDR250228 | AG38: พร้อมส่ง | AH38: P7 | AI38: 2 | AJ38: 45871 | AK38: 0 | AL38: 45862 | AM38: 45869 | AN38: 45870 | AO38: 45870 | AP38: 45866 | AQ38: 0 | AR38: 0 | AS38: 0 | AT38: 0 | AU38: 0 | AV38: 0 | AW38: งานพิมพ์ | AX38: / | AY38: 0 | AZ38: 0 | BA38: 0 | BB38: 0 | BC38: WRWT21720/WRWT25800 | BD38: 0
A39: 45854 | B39: MK68-000890 | C39: บจก.เคอรี่ฟลาวมิลล์ | D39: ถุงเขียว | E39: 19 | F39: 32 | G39: ขาว | H39: 0 | I39: 67 | J39: + | K39: 5 | L39: บิด | M39: ไม่สวมถุงใน | N39: 0 | O39: 0 | P39: 0 | Q39: 0 | R39: 0 | S39: ห่ออัดเบลแบน500 | T39: 45871 | U39: 10000 | V39: 10000 | W39: 0 | X39: 11110 | Y39: 0 | Z39: WSWT1921720 | AA39: 0 | AB39: 0 | AC39: 0 | AD39: 0 | AE39: 0 | AF39: PDR250228 | AG39: ยังไม่ได้พิมพ์ | AH39: P7 | AI39: 2 | AJ39: 45871 | AK39: 0 | AL39: 45862 | AM39: 45869 | AN39: 45870 | AO39: 45870 | AP39: 45866 | AQ39: 0 | AR39: 0 | AS39: 0 | AT39: 0 | AU39: 0 | AV39: 0 | AW39: งานพิมพ์ | AX39: / | AY39: 0 | AZ39: 0 | BA39: 0 | BB39: 0 | BC39: WRWT21720/WRWT25800 | BD39: 0
A40: 45854 | B40: MK68-000890 | C40: บจก.เคอรี่ฟลาวมิลล์ | D40: ถุงทองแซนวิช | E40: 19 | F40: 32 | G40: ขาว | H40: 0 | I40: 67 | J40: + | K40: 5 | L40: บิด | M40: ไม่สวมถุงใน | N40: 0 | O40: 0 | P40: 0 | Q40: 0 | R40: 0 | S40: ห่ออัดเบลแบน500 | T40: 45871 | U40: 5000 | V40: 5000 | W40: 0 | X40: 5500 | Y40: 0 | Z40: WSWT1921720 | AA40: 0 | AB40: 0 | AC40: 0 | AD40: 0 | AE40: 0 | AF40: PDR250228 | AG40: ยังไม่ได้พิมพ์ | AH40: P7 | AI40: 2 | AJ40: 45871 | AK40: 0 | AL40: 45862 | AM40: 45869 | AN40: 45870 | AO40: 45870 | AP40: 45866 | AQ40: 0 | AR40: 0 | AS40: 0 | AT40: 0 | AU40: 0 | AV40: 0 | AW40: งานพิมพ์ | AX40: / | AY40: รอผสม 1200 | AZ40: 0 | BA40: 0 | BB40: 0 | BC40: WRWT21720/WRWT25800 | BD40: 0
A41: 45854 | B41: MK68-000890 | C41: บจก.เคอรี่ฟลาวมิลล์ | D41: ถุงเงิน | E41: 19 | F41: 32 | G41: ขาว | H41: 0 | I41: 67 | J41: + | K41: 5 | L41: บิด | M41: ไม่สวมถุงใน | N41: 0 | O41: 0 | P41: 0 | Q41: 0 | R41: 0 | S41: ห่ออัดเบลแบน500 | T41: 45871 | U41: 5000 | V41: 5000 | W41: 0 | X41: 5250 | Y41: 0 | Z41: WSWT1921720 | AA41: 0 | AB41: 0 | AC41: 0 | AD41: 0 | AE41: 0 | AF41: PDR250228 | AG41: ยังไม่ได้พิมพ์ | AH41: P7 | AI41: 2 | AJ41: 45871 | AK41: 0 | AL41: 45862 | AM41: 45869 | AN41: 45870 | AO41: 45870 | AP41: 45866 | AQ41: 0 | AR41: 0 | AS41: 0 | AT41: 0 | AU41: 0 | AV41: 0 | AW41: งานพิมพ์ | AX41: / | AY41: 0 | AZ41: 0 | BA41: 0 | BB41: 0 | BC41: WRWT21720/WRWT25800 | BD41: 0
A42: 45854 | B42: MK68-000891 | C42: บจก.เคอรี่ฟลาวมิลล์ | D42: ปลาโลมาแดง | E42: 19 | F42: 32 | G42: ขาว | H42: 0 | I42: 67 | J42: + | K42: 5 | L42: บิด | M42: ไม่สวมถุงใน | N42: 0 | O42: 0 | P42: 0 | Q42: 0 | R42: 0 | S42: ห่ออัดเบลแบน500 | T42: 45871 | U42: 5000 | V42: 0 | W42: 5000 | X42: 0 | Y42: 5250 | Z42: WSWT1921720 | AA42: 4679.95 | AB42: 4679.95 | AC42: 0 | AD42: 0 | AE42: 0 | AF42: PDR250229 | AG42: ยังไม่ได้พิมพ์ | AH42: P7 | AI42: 2 | AJ42: 45871 | AK42: 0 | AL42: 45862 | AM42: 45869 | AN42: 45870 | AO42: 45870 | AP42: 45866 | AQ42: 0 | AR42: 0 | AS42: 0 | AT42: 0 | AU42: 0 | AV42: 0 | AW42: งานพิมพ์ | AX42: / | AY42: 0 | AZ42: 0 | BA42: 0 | BB42: 0 | BC42: WRWT21720/WRWT25800 | BD42: 0
A43: 45854 | B43: MK68-000891 | C43: บจก.เคอรี่ฟลาวมิลล์ | D43: ดอกไม้เหลือง | E43: 19 | F43: 32 | G43: ขาว | H43: 0 | I43: 67 | J43: + | K43: 5 | L43: บิด | M43: ไม่สวมถุงใน | N43: 0 | O43: 0 | P43: 0 | Q43: 0 | R43: 0 | S43: ห่ออัดเบลแบน500 | T43: 45871 | U43: 5000 | V43: 0 | W43: 5000 | X43: 0 | Y43: 5250 | Z43: WSWT1921720 | AA43: 4679.95 | AB43: 4679.95 | AC43: 0 | AD43: 0 | AE43: 0 | AF43: PDR250229 | AG43: ยังไม่ได้พิมพ์ | AH43: P7 | AI43: 2 | AJ43: 45871 | AK43: 0 | AL43: 45862 | AM43: 45869 | AN43: 45870 | AO43: 45870 | AP43: 45866 | AQ43: 0 | AR43: 0 | AS43: 0 | AT43: 0 | AU43: 0 | AV43: 0 | AW43: งานพิมพ์ | AX43: / | AY43: 0 | AZ43: 0 | BA43: 0 | BB43: 0 | BC43: WRWT21720/WRWT25800 | BD43: 0
A44: 45854 | B44: MK68-000891 | C44: บจก.เคอรี่ฟลาวมิลล์ | D44: FW-Y | E44: 19 | F44: 32 | G44: ขาว | H44: 0 | I44: 67 | J44: + | K44: 5 | L44: ไม่ | M44: ไม่สวมถุงใน | N44: 0 | O44: 0 | P44: 0 | Q44: 0 | R44: 0 | S44: ห่ออัดเบลแบน500 | T44: 45871 | U44: 5000 | V44: 0 | W44: 5000 | X44: 0 | Y44: 5250 | Z44: WSWT1921720 | AA44: 4679.95 | AB44: 4679.95 | AC44: 0 | AD44: 0 | AE44: 0 | AF44: PDR250229 | AG44: ยังไม่ได้พิมพ์ | AH44: P7 | AI44: 2 | AJ44: 45871 | AK44: 0 | AL44: 45862 | AM44: 45869 | AN44: 45870 | AO44: 45870 | AP44: 45866 | AQ44: 0 | AR44: 0 | AS44: 0 | AT44: 0 | AU44: 0 | AV44: 0 | AW44: งานพิมพ์ | AX44: / | AY44: 0 | AZ44: 0 | BA44: 0 | BB44: 0 | BC44: WRWT21720/WRWT25800 | BD44: 0
A45: 45854 | B45: MK68-000891 | C45: บจก.เคอรี่ฟลาวมิลล์ | D45: 8S | E45: 19 | F45: 32 | G45: ขาว | H45: 0 | I45: 67 | J45: + | K45: 5 | L45: ไม่ | M45: ไม่สวมถุงใน | N45: 0 | O45: 0 | P45: 0 | Q45: 0 | R45: 0 | S45: ห่ออัดเบลแบน500 | T45: 45871 | U45: 5000 | V45: 0 | W45: 5000 | X45: 0 | Y45: 5250 | Z45: WSWT1921720 | AA45: 4679.95 | AB45: 4679.95 | AC45: 0 | AD45: 0 | AE45: 0 | AF45: PDR250229 | AG45: พร้อมส่ง | AH45: P7 | AI45: 2 | AJ45: 45871 | AK45: 0 | AL45: 45862 | AM45: 45869 | AN45: 45870 | AO45: 45870 | AP45: 45866 | AQ45: 0 | AR45: 0 | AS45: 0 | AT45: 0 | AU45: 0 | AV45: 0 | AW45: งานพิมพ์ | AX45: / | AY45: 0 | AZ45: 0 | BA45: 0 | BB45: 0 | BC45: WRWT21720/WRWT25800 | BD45: 0
A46: 45854 | B46: MK68-000891 | C46: บจก.เคอรี่ฟลาวมิลล์ | D46: หีบเพลงแดง | E46: 19 | F46: 32 | G46: ขาว | H46: 0 | I46: 67 | J46: + | K46: 5 | L46: บิด | M46: ไม่สวมถุงใน | N46: 0 | O46: 0 | P46: 0 | Q46: 0 | R46: 0 | S46: ห่ออัดเบลแบน500 | T46: 45871 | U46: 5000 | V46: 0 | W46: 5000 | X46: 0 | Y46: 5250 | Z46: WSWT1921720 | AA46: 4679.95 | AB46: 4679.95 | AC46: 0 | AD46: 0 | AE46: 0 | AF46: PDR250229 | AG46: ยังไม่ได้พิมพ์ | AH46: P7 | AI46: 2 | AJ46: 45871 | AK46: 0 | AL46: 45862 | AM46: 45869 | AN46: 45870 | AO46: 45870 | AP46: 45866 | AQ46: 0 | AR46: 0 | AS46: 0 | AT46: 0 | AU46: 0 | AV46: 0 | AW46: งานพิมพ์ | AX46: / | AY46: 0 | AZ46: 0 | BA46: 0 | BB46: 0 | BC46: WRWT21720/WRWT25800 | BD46: 0
A47: 45854 | B47: MK68-000890 | C47: บจก.เคอรี่ฟลาวมิลล์ | D47: ถุงเขียว | E47: 19 | F47: 32 | G47: ขาว | H47: 0 | I47: 67 | J47: + | K47: 5 | L47: บิด | M47: ไม่สวมถุงใน | N47: 0 | O47: 0 | P47: 0 | Q47: 0 | R47: 0 | S47: ห่ออัดเบลแบน500 | T47: 45874 | U47: 10000 | V47: 0 | W47: 10000 | X47: 0 | Y47: 10500 | Z47: WSWT1921720 | AA47: 9359.9 | AB47: 9359.9 | AC47: 0 | AD47: 0 | AE47: 0 | AF47: PDR250230 | AG47: ยังไม่ได้พิมพ์ | AH47: P7 | AI47: 2 | AJ47: 45874 | AK47: 0 | AL47: 45865 | AM47: 45872 | AN47: 45873 | AO47: 45873 | AP47: 45869 | AQ47: 0 | AR47: 0 | AS47: 0 | AT47: 0 | AU47: 0 | AV47: 0 | AW47: งานพิมพ์ | AX47: / | AY47: 0 | AZ47: 0 | BA47: 0 | BB47: 0 | BC47: WRWT21720/WRWT25800 | BD47: 0
A48: 45854 | B48: MK68-000890 | C48: บจก.เคอรี่ฟลาวมิลล์ | D48: แต้มแดง | E48: 19 | F48: 32 | G48: ขาว | H48: 0 | I48: 67 | J48: + | K48: 5 | L48: บิด | M48: ไม่สวมถุงใน | N48: 0 | O48: 0 | P48: 0 | Q48: 0 | R48: 0 | S48: ห่ออัดเบลแบน500 | T48: 45874 | U48: 5000 | V48: 5000 | W48: 0 | X48: 5800 | Y48: 0 | Z48: WSWT1921720 | AA48: 0 | AB48: 0 | AC48: 0 | AD48: 0 | AE48: 0 | AF48: PDR250230 | AG48: ยังไม่ได้พิมพ์ | AH48: P7 | AI48: 2 | AJ48: 45874 | AK48: 0 | AL48: 45865 | AM48: 45872 | AN48: 45873 | AO48: 45873 | AP48: 45869 | AQ48: 0 | AR48: 0 | AS48: 0 | AT48: 0 | AU48: 0 | AV48: 0 | AW48: งานพิมพ์ | AX48: / | AY48: 0 | AZ48: 0 | BA48: 0 | BB48: 0 | BC48: WRWT21720/WRWT25800 | BD48: 0
A49: 45854 | B49: MK68-000890 | C49: บจก.เคอรี่ฟลาวมิลล์ | D49: ปลาโลมาแดง | E49: 19 | F49: 32 | G49: ขาว | H49: 0 | I49: 67 | J49: + | K49: 5 | L49: บิด | M49: ไม่สวมถุงใน | N49: 0 | O49: 0 | P49: 0 | Q49: 0 | R49: 0 | S49: ห่ออัดเบลแบน500 | T49: 45874 | U49: 5000 | V49: 0 | W49: 5000 | X49: 0 | Y49: 5250 | Z49: WSWT1921720 | AA49: 4679.95 | AB49: 4679.95 | AC49: 0 | AD49: 0 | AE49: 0 | AF49: PDR250230 | AG49: ยังไม่ได้พิมพ์ | AH49: P7 | AI49: 2 | AJ49: 45874 | AK49: 0 | AL49: 45865 | AM49: 45872 | AN49: 45873 | AO49: 45873 | AP49: 45869 | AQ49: 0 | AR49: 0 | AS49: 0 | AT49: 0 | AU49: 0 | AV49: 0 | AW49: งานพิมพ์ | AX49: / | AY49: 0 | AZ49: 0 | BA49: 0 | BB49: 0 | BC49: WRWT21720/WRWT25800 | BD49: 0
A50: 45854 | B50: MK68-000890 | C50: บจก.เคอรี่ฟลาวมิลล์ | D50: ดอกไม้เหลือง | E50: 19 | F50: 32 | G50: ขาว | H50: 0 | I50: 67 | J50: + | K50: 5 | L50: บิด | M50: ไม่สวมถุงใน | N50: 0 | O50: 0 | P50: 0 | Q50: 0 | R50: 0 | S50: ห่ออัดเบลแบน500 | T50: 45874 | U50: 5000 | V50: 0 | W50: 5000 | X50: 0 | Y50: 5250 | Z50: WSWT1921720 | AA50: 4679.95 | AB50: 4679.95 | AC50: 0 | AD50: 0 | AE50: 0 | AF50: PDR250230 | AG50: ยังไม่ได้พิมพ์ | AH50: P7 | AI50: 2 | AJ50: 45874 | AK50: 0 | AL50: 45865 | AM50: 45872 | AN50: 45873 | AO50: 45873 | AP50: 45869 | AQ50: 0 | AR50: 0 | AS50: 0 | AT50: 0 | AU50: 0 | AV50: 0 | AW50: งานพิมพ์ | AX50: / | AY50: 0 | AZ50: 0 | BA50: 0 | BB50: 0 | BC50: WRWT21720/WRWT25800 | BD50: 0
A51: 45854 | B51: MK68-000891 | C51: บจก.เคอรี่ฟลาวมิลล์ | D51: ดอกไม้ม่วง | E51: 19 | F51: 32 | G51: ขาว | H51: 0 | I51: 67 | J51: + | K51: 5 | L51: บิด | M51: ไม่สวมถุงใน | N51: 0 | O51: 0 | P51: 0 | Q51: 0 | R51: 0 | S51: ห่ออัดเบลแบน500 | T51: 45874 | U51: 5000 | V51: 0 | W51: 5000 | X51: 0 | Y51: 5250 | Z51: WSWT1921720 | AA51: 4679.95 | AB51: 4679.95 | AC51: 0 | AD51: 0 | AE51: 0 | AF51: PDR250231 | AG51: ยังไม่ได้พิมพ์ | AH51: P7 | AI51: 2 | AJ51: 45874 | AK51: 0 | AL51: 45865 | AM51: 45872 | AN51: 45873 | AO51: 45873 | AP51: 45869 | AQ51: 0 | AR51: 0 | AS51: 0 | AT51: 0 | AU51: 0 | AV51: 0 | AW51: งานพิมพ์ | AX51: / | AY51: 0 | AZ51: 0 | BA51: 0 | BB51: 0 | BC51: WRWT21720/WRWT25800 | BD51: 0
A52: 45854 | B52: MK68-000891 | C52: บจก.เคอรี่ฟลาวมิลล์ | D52: ดอกไม้แดง | E52: 19 | F52: 32 | G52: ขาว | H52: 0 | I52: 67 | J52: + | K52: 5 | L52: บิด | M52: ไม่สวมถุงใน | N52: 0 | O52: 0 | P52: 0 | Q52: 0 | R52: 0 | S52: ห่ออัดเบลแบน500 | T52: 45874 | U52: 5000 | V52: 0 | W52: 5000 | X52: 0 | Y52: 5250 | Z52: WSWT1921720 | AA52: 4679.95 | AB52: 4679.95 | AC52: 0 | AD52: 0 | AE52: 0 | AF52: PDR250231 | AG52: ยังไม่ได้พิมพ์ | AH52: P7 | AI52: 2 | AJ52: 45874 | AK52: 0 | AL52: 45865 | AM52: 45872 | AN52: 45873 | AO52: 45873 | AP52: 45869 | AQ52: 0 | AR52: 0 | AS52: 0 | AT52: 0 | AU52: 0 | AV52: 0 | AW52: งานพิมพ์ | AX52: / | AY52: 0 | AZ52: 0 | BA52: 0 | BB52: 0 | BC52: WRWT21720/WRWT25800 | BD52: 0
... A61: 45854 | B61: MK68-000890 | C61: บจก.เคอรี่ฟลาวมิลล์ | D61: บลูทีมเหลือง | E61: 19 | F61: 32 | G61: ขาว | H61: 0 | I61: 67 | J61: + | K61: 5 | L61: บิด | M61: ไม่สวมถุงใน | N61: 0 | O61: 0 | P61: 0 | Q61: 0 | R61: 0 | S61: ห่ออัดเบลแบน500 | T61: 45878 | U61: 5000 | V61: 0 | W61: 5000 | X61: 0 | Y61: 5250 | Z61: WSWT1921720 | AA61: 4679.95 | AB61: 0 | AC61: 4679.95 | AD61: 0 | AE61: 0 | AF61: PDR250233 | AG61: ยังไม่ได้พิมพ์ | AH61: P7 | AI61: 2 | AJ61: 45878 | AK61: 0 | AL61: 45869 | AM61: 45876 | AN61: 45877 | AO61: 45877 | AP61: 45873 | AQ61: 0 | AR61: 0 | AS61: 0 | AT61: 0 | AU61: 0 | AV61: 0 | AW61: งานพิมพ์ | AX61: / | AY61: 0 | AZ61: 0 | BA61: 0 | BB61: 0 | BC61: WRWT21720/WRWT25800 | BD61: 352.51463
A62: 45857 | B62: MK68-000911 | C62: บจก.เคอรี่ฟลาวมิลล์ | D62: ไม่พิมพ์ | E62: 19 | F62: 36 | G62: ขาว | H62: 0 | I62: 75 | J62: + | K62: 5 | L62: ไม่ | M62: ไม่สวมถุงใน | N62: 0 | O62: 0 | P62: 0 | Q62: 0 | R62: 0 | S62: ห่ออัดเบลแบน500 | T62: 45883 | U62: 10000 | V62: 0 | W62: 10000 | X62: 0 | Y62: 0 | Z62: WSWT1921720 | AA62: 10477.5 | AB62: 0 | AC62: 10477.5 | AD62: 0 | AE62: 0 | AF62: PDR250239 | AG62: ยังไม่ได้พิมพ์ | AH62: P3 | AI62: 1 | AJ62: 45883 | AK62: 0 | AL62: 0 | AM62: 0 | AN62: 0 | AO62: 45882 | AP62: 45878 | AQ62: 0 | AR62: 0 | AS62: 0 | AT62: 0 | AU62: 0 | AV62: 0 | AW62: ตัด | AX62: 0 | AY62: 0 | AZ62: 0 | BA62: 0 | BB62: 0 | BC62: WRWT21720/WRWT25800 | BD62: 789.21187
A63: 45857 | B63: MK68-000909 | C63: บจก.เคอรี่ฟลาวมิลล์ | D63: ปลาโลมาเทา | E63: 19 | F63: 32 | G63: ขาว | H63: 0 | I63: 67 | J63: + | K63: 5 | L63: บิด | M63: ไม่สวมถุงใน | N63: 0 | O63: 0 | P63: 0 | Q63: 0 | R63: 0 | S63: ห่ออัดเบลแบน500 | T63: 45874 | U63: 5000 | V63: 0 | W63: 5000 | X63: 0 | Y63: 5250 | Z63: WSWT1921720 | AA63: 4679.95 | AB63: 0 | AC63: 4679.95 | AD63: 0 | AE63: 0 | AF63: PDR250235 | AG63: ยังไม่ได้พิมพ์ | AH63: P7 | AI63: 2 | AJ63: 45874 | AK63: 0 | AL63: 45865 | AM63: 45872 | AN63: 45873 | AO63: 45873 | AP63: 45869 | AQ63: 0 | AR63: 0 | AS63: 0 | AT63: 0 | AU63: 0 | AV63: 0 | AW63: งานพิมพ์ | AX63: / | AY63: 0 | AZ63: 0 | BA63: 0 | BB63: 0 | BC63: WRWT21720/WRWT25800 | BD63: 352.51463
A64: 45857 | B64: MK68-000910 | C64: บจก.เคอรี่ฟลาวมิลล์ | D64: ถุงทองแซนวิช | E64: 19 | F64: 32 | G64: ขาว | H64: 0 | I64: 67 | J64: + | K64: 5 | L64: บิด | M64: ไม่สวมถุงใน | N64: 0 | O64: 0 | P64: 0 | Q64: 0 | R64: 0 | S64: ห่ออัดเบลแบน500 | T64: 45876 | U64: 10000 | V64: 0 | W64: 10000 | X64: 0 | Y64: 10500 | Z64: WSWT1921720 | AA64: 9359.9 | AB64: 0 | AC64: 9359.9 | AD64: 0 | AE64: 0 | AF64: PDR250236 | AG64: ยังไม่ได้พิมพ์ | AH64: P7 | AI64: 2 | AJ64: 45876 | AK64: 0 | AL64: 45867 | AM64: 45874 | AN64: 45875 | AO64: 45875 | AP64: 45871 | AQ64: 0 | AR64: 0 | AS64: 0 | AT64: 0 | AU64: 0 | AV64: 0 | AW64: งานพิมพ์ | AX64: / | AY64: 0 | AZ64: 0 | BA64: 0 | BB64: 0 | BC64: WRWT21720/WRWT25800 | BD64: 705.02927
A65: 45857 | B65: MK68-000909 | C65: บจก.เคอรี่ฟลาวมิลล์ | D65: HARD FLOUR | E65: 19 | F65: 32 | G65: ขาว | H65: 0 | I65: 67 | J65: + | K65: 5 | L65: บิด | M65: ไม่สวมถุงใน | N65: 0 | O65: 0 | P65: 0 | Q65: 0 | R65: 0 | S65: ห่ออัดเบลแบน500 | T65: 45876 | U65: 5000 | V65: 0 | W65: 5000 | X65: 0 | Y65: 5250 | Z65: WSWT1921720 | AA65: 4679.95 | AB65: 0 | AC65: 4679.95 | AD65: 0 | AE65: 0 | AF65: PDR250237 | AG65: ยังไม่ได้พิมพ์ | AH65: P7 | AI65: 2 | AJ65: 45876 | AK65: 0 | AL65: 45867 | AM65: 45874 | AN65: 45875 | AO65: 45875 | AP65: 45871 | AQ65: 0 | AR65: 0 | AS65: 0 | AT65: 0 | AU65: 0 | AV65: 0 | AW65: งานพิมพ์ | AX65: / | AY65: 0 | AZ65: 0 | BA65: 0 | BB65: 0 | BC65: WRWT21720/WRWT25800 | BD65: 352.51463
A66: 45857 | B66: MK68-000909 | C66: บจก.เคอรี่ฟลาวมิลล์ | D66: ปลาโลมาแดง | E66: 19 | F66: 32 | G66: ขาว | H66: 0 | I66: 67 | J66: + | K66: 5 | L66: บิด | M66: ไม่สวมถุงใน | N66: 0 | O66: 0 | P66: 0 | Q66: 0 | R66: 0 | S66: ห่ออัดเบลแบน500 | T66: 45876 | U66: 5000 | V66: 0 | W66: 5000 | X66: 0 | Y66: 5250 | Z66: WSWT1921720 | AA66: 4679.95 | AB66: 0 | AC66: 4679.95 | AD66: 0 | AE66: 0 | AF66: PDR250237 | AG66: ยังไม่ได้พิมพ์ | AH66: P7 | AI66: 2 | AJ66: 45876 | AK66: 0 | AL66: 45867 | AM66: 45874 | AN66: 45875 | AO66: 45875 | AP66: 45871 | AQ66: 0 | AR66: 0 | AS66: 0 | AT66: 0 | AU66: 0 | AV66: 0 | AW66: งานพิมพ์ | AX66: / | AY66: 0 | AZ66: 0 | BA66: 0 | BB66: 0 | BC66: WRWT21720/WRWT25800 | BD66: 352.51463
A67: 45857 | B67: MK68-000909 | C67: บจก.เคอรี่ฟลาวมิลล์ | D67: FW-Y | E67: 19 | F67: 32 | G67: ขาว | H67: 0 | I67: 67 | J67: + | K67: 5 | L67: ไม่ | M67: ไม่สวมถุงใน | N67: 0 | O67: 0 | P67: 0 | Q67: 0 | R67: 0 | S67: ห่ออัดเบลแบน500 | T67: 45876 | U67: 5000 | V67: 0 | W67: 5000 | X67: 0 | Y67: 5250 | Z67: WSWT1921720 | AA67: 4679.95 | AB67: 0 | AC67: 4679.95 | AD67: 0 | AE67: 0 | AF67: PDR250237 | AG67: ยังไม่ได้พิมพ์ | AH67: P7 | AI67: 2 | AJ67: 45876 | AK67: 0 | AL67: 45867 | AM67: 45874 | AN67: 45875 | AO67: 45875 | AP67: 45871 | AQ67: 0 | AR67: 0 | AS67: 0 | AT67: 0 | AU67: 0 | AV67: 0 | AW67: งานพิมพ์ | AX67: / | AY67: 0 | AZ67: 0 | BA67: 0 | BB67: 0 | BC67: WRWT21720/WRWT25800 | BD67: 352.51463
A68: 45857 | B68: MK68-000909 | C68: บจก.เคอรี่ฟลาวมิลล์ | D68: ดอกไม้เขียว | E68: 19 | F68: 32 | G68: ขาว | H68: 0 | I68: 67 | J68: + | K68: 5 | L68: บิด | M68: ไม่สวมถุงใน | N68: 0 | O68: 0 | P68: 0 | Q68: 0 | R68: 0 | S68: ห่ออัดเบลแบน500 | T68: 45876 | U68: 5000 | V68: 0 | W68: 5000 | X68: 0 | Y68: 5250 | Z68: WSWT1921720 | AA68: 4679.95 | AB68: 0 | AC68: 4679.95 | AD68: 0 | AE68: 0 | AF68: PDR250237 | AG68: ยังไม่ได้พิมพ์ | AH68: P7 | AI68: 2 | AJ68: 45876 | AK68: 0 | AL68: 45867 | AM68: 45874 | AN68: 45875 | AO68: 45875 | AP68: 45871 | AQ68: 0 | AR68: 0 | AS68: 0 | AT68: 0 | AU68: 0 | AV68: 0 | AW68: งานพิมพ์ | AX68: / | AY68: 0 | AZ68: 0 | BA68: 0 | BB68: 0 | BC68: WRWT21720/WRWT25800 | BD68: 352.51463
A69: 45857 | B69: MK68-000909 | C69: บจก.เคอรี่ฟลาวมิลล์ | D69: WHOLE WHEAT | E69: 19 | F69: 32 | G69: ขาว | H69: 0 | I69: 67 | J69: + | K69: 5 | L69: บิด | M69: ไม่สวมถุงใน | N69: 0 | O69: 0 | P69: 0 | Q69: 0 | R69: 0 | S69: ห่ออัดเบลแบน500 | T69: 45876 | U69: 5000 | V69: 0 | W69: 5000 | X69: 0 | Y69: 5250 | Z69: WSWT1921720 | AA69: 4679.95 | AB69: 0 | AC69: 4679.95 | AD69: 0 | AE69: 0 | AF69: PDR250237 | AG69: ยังไม่ได้พิมพ์ | AH69: P7 | AI69: 2 | AJ69: 45876 | AK69: 0 | AL69: 45867 | AM69: 45874 | AN69: 45875 | AO69: 45875 | AP69: 45871 | AQ69: 0 | AR69: 0 | AS69: 0 | AT69: 0 | AU69: 0 | AV69: 0 | AW69: งานพิมพ์ | AX69: / | AY69: 0 | AZ69: 0 | BA69: 0 | BB69: 0 | BC69: WRWT21720/WRWT25800 | BD69: 352.51463
A70: 45857 | B70: MK68-000909 | C70: บจก.เคอรี่ฟลาวมิลล์ | D70: บะหมี่เตี๊ยว | E70: 19 | F70: 32 | G70: ขาว | H70: 0 | I70: 67 | J70: + | K70: 5 | L70: บิด | M70: ไม่สวมถุงใน | N70: 0 | O70: 0 | P70: 0 | Q70: 0 | R70: 0 | S70: ห่ออัดเบลแบน500 | T70: 45878 | U70: 5000 | V70: 0 | W70: 5000 | X70: 0 | Y70: 5250 | Z70: WSWT1921720 | AA70: 4679.95 | AB70: 0 | AC70: 4679.95 | AD70: 0 | AE70: 0 | AF70: PDR250238 | AG70: ยังไม่ได้พิมพ์ | AH70: P7 | AI70: 2 | AJ70: 45878 | AK70: 0 | AL70: 45869 | AM70: 45876 | AN70: 45877 | AO70: 45877 | AP70: 45873 | AQ70: 0 | AR70: 0 | AS70: 0 | AT70: 0 | AU70: 0 | AV70: 0 | AW70: งานพิมพ์ | AX70: / | AY70: 0 | AZ70: 0 | BA70: 0 | BB70: 0 | BC70: WRWT21720/WRWT25800 | BD70: 352.51463
A71: 45857 | B71: MK68-000909 | C71: บจก.เคอรี่ฟลาวมิลล์ | D71: ถุงเขียว | E71: 19 | F71: 32 | G71: ขาว | H71: 0 | I71: 67 | J71: + | K71: 5 | L71: บิด | M71: ไม่สวมถุงใน | N71: 0 | O71: 0 | P71: 0 | Q71: 0 | R71: 0 | S71: ห่ออัดเบลแบน500 | T71: 45878 | U71: 10000 | V71: 0 | W71: 10000 | X71: 0 | Y71: 10500 | Z71: WSWT1921720 | AA71: 9359.9 | AB71: 0 | AC71: 9359.9 | AD71: 0 | AE71: 0 | AF71: PDR250238 | AG71: ยังไม่ได้พิมพ์ | AH71: P7 | AI71: 2 | AJ71: 45878 | AK71: 0 | AL71: 45869 | AM71: 45876 | AN71: 45877 | AO71: 45877 | AP71: 45873 | AQ71: 0 | AR71: 0 | AS71: 0 | AT71: 0 | AU71: 0 | AV71: 0 | AW71: งานพิมพ์ | AX71: / | AY71: 0 | AZ71: 0 | BA71: 0 | BB71: 0 | BC71: WRWT21720/WRWT25800 | BD71: 705.02927
A72: 45857 | B72: MK68-000909 | C72: บจก.เคอรี่ฟลาวมิลล์ | D72: ถุงทองแซนวิช | E72: 19 | F72: 32 | G72: ขาว | H72: 0 | I72: 67 | J72: + | K72: 5 | L72: บิด | M72: ไม่สวมถุงใน | N72: 0 | O72: 0 | P72: 0 | Q72: 0 | R72: 0 | S72: ห่ออัดเบลแบน500 | T72: 45878 | U72: 10000 | V72: 0 | W72: 10000 | X72: 0 | Y72: 10500 | Z72: WSWT1921720 | AA72: 9359.9 | AB72: 0 | AC72: 9359.9 | AD72: 0 | AE72: 0 | AF72: PDR250238 | AG72: ยังไม่ได้พิมพ์ | AH72: P7 | AI72: 2 | AJ72: 45878 | AK72: 0 | AL72: 45869 | AM72: 45876 | AN72: 45877 | AO72: 45877 | AP72: 45873 | AQ72: 0 | AR72: 0 | AS72: 0 | AT72: 0 | AU72: 0 | AV72: 0 | AW72: งานพิมพ์ | AX72: / | AY72: 0 | AZ72: 0 | BA72: 0 | BB72: 0 | BC72: WRWT21720/WRWT25800 | BD72: 705.02927
A73: 45857 | B73: MK68-000910 | C73: บจก.เคอรี่ฟลาวมิลล์ | D73: ดอกไม้ม่วง | E73: 19 | F73: 32 | G73: ขาว | H73: 0 | I73: 67 | J73: + | K73: 5 | L73: บิด | M73: ไม่สวมถุงใน | N73: 0 | O73: 0 | P73: 0 | Q73: 0 | R73: 0 | S73: ห่ออัดเบลแบน500 | T73: 45883 | U73: 5000 | V73: 0 | W73: 5000 | X73: 0 | Y73: 5250 | Z73: WSWT1921720 | AA73: 4679.95 | AB73: 0 | AC73: 4679.95 | AD73: 0 | AE73: 0 | AF73: PDR250239 | AG73: ยังไม่ได้พิมพ์ | AH73: P7 | AI73: 2 | AJ73: 45883 | AK73: 0 | AL73: 45874 | AM73: 45881 | AN73: 45882 | AO73: 45882 | AP73: 45878 | AQ73: 0 | AR73: 0 | AS73: 0 | AT73: 0 | AU73: 0 | AV73: 0 | AW73: งานพิมพ์ | AX73: / | AY73: 0 | AZ73: 0 | BA73: 0 | BB73: 0 | BC73: WRWT21720/WRWT25800 | BD73: 352.51463
A74: 45857 | B74: MK68-000910 | C74: บจก.เคอรี่ฟลาวมิลล์ | D74: ดอกไม้แดง | E74: 19 | F74: 32 | G74: ขาว | H74: 0 | I74: 67 | J74: + | K74: 5 | L74: บิด | M74: ไม่สวมถุงใน | N74: 0 | O74: 0 | P74: 0 | Q74: 0 | R74: 0 | S74: ห่ออัดเบลแบน500 | T74: 45883 | U74: 5000 | V74: 0 | W74: 5000 | X74: 0 | Y74: 5250 | Z74: WSWT1921720 | AA74: 4679.95 | AB74: 0 | AC74: 4679.95 | AD74: 0 | AE74: 0 | AF74: PDR250239 | AG74: ยังไม่ได้พิมพ์ | AH74: P7 | AI74: 2 | AJ74: 45883 | AK74: 0 | AL74: 45874 | AM74: 45881 | AN74: 45882 | AO74: 45882 | AP74: 45878 | AQ74: 0 | AR74: 0 | AS74: 0 | AT74: 0 | AU74: 0 | AV74: 0 | AW74: งานพิมพ์ | AX74: / | AY74: 0 | AZ74: 0 | BA74: 0 | BB74: 0 | BC74: WRWT21720/WRWT25800 | BD74: 352.51463
... A83: 45857 | B83: MK68-000910 | C83: บจก.เคอรี่ฟลาวมิลล์ | D83: ถุงเขียว | E83: 19 | F83: 32 | G83: ขาว | H83: 0 | I83: 67 | J83: + | K83: 5 | L83: บิด | M83: ไม่สวมถุงใน | N83: 0 | O83: 0 | P83: 0 | Q83: 0 | R83: 0 | S83: ห่ออัดเบลแบน500 | T83: 45888 | U83: 10000 | V83: 0 | W83: 10000 | X83: 0 | Y83: 10500 | Z83: WSWT1921720 | AA83: 9359.9 | AB83: 0 | AC83: 9359.9 | AD83: 0 | AE83: 0 | AF83: PDR250241 | AG83: ยังไม่ได้พิมพ์ | AH83: P7 | AI83: 2 | AJ83: 45888 | AK83: 0 | AL83: 45879 | AM83: 45886 | AN83: 45887 | AO83: 45887 | AP83: 45883 | AQ83: 0 | AR83: 0 | AS83: 0 | AT83: 0 | AU83: 0 | AV83: 0 | AW83: งานพิมพ์ | AX83: / | AY83: 0 | AZ83: 0 | BA83: 0 | BB83: 0 | BC83: WRWT21720/WRWT25800 | BD83: 705.02927
A84: ประมาณการ | B84: ประมาณการ | C84: บจก.เคอรี่ฟลาวมิลล์ | D84: รอแบบ | E84: 19 | F84: 32 | G84: ขาว | H84: 0 | I84: 67 | J84: + | K84: 5 | L84: บิด | M84: ไม่สวมถุงใน | N84: 0 | O84: 0 | P84: 0 | Q84: 0 | R84: 0 | S84: ห่ออัดเบลแบน500 | T84: 45899 | U84: 250000 | V84: 0 | W84: 250000 | X84: 0 | Y84: 262500 | Z84: WSWT1921720 | AA84: 233997.5 | AB84: 0 | AC84: 233997.5 | AD84: 0 | AE84: 0 | AF84: 0 | AG84: พร้อมส่ง | AH84: P7 | AI84: 2 | AJ84: 45899 | AK84: 0 | AL84: 45890 | AM84: 45897 | AN84: 45898 | AO84: 45898 | AP84: 45894 | AQ84: 0 | AR84: 0 | AS84: 0 | AT84: 0 | AU84: 0 | AV84: 0 | AW84: งานพิมพ์ | AX84: / | AY84: 0 | AZ84: 0 | BA84: 0 | BB84: 0 | BC84: WRWT21720/WRWT25800 | BD84: 17625.732
A85: 0 | B85: 0 | C85: 0 | D85: 0 | E85: 19 | F85: 30 | G85: 0 | H85: 0 | I85: 63 | J85: + | K85: 5 | L85: 0 | M85: 0 | N85: 0 | O85: 0 | P85: 0 | Q85: 0 | R85: 0 | S85: 0 | U85: 0 | V85: 0 | W85: 0 | X85: 0 | Y85: 0 | Z85: WSWT1921720 | AA85: 469112.6 | AB85: 81799.15 | AC85: 387313.45 | AD85: 0 | AE85: 0 | AF85: ระบุในSD | AG85: พร้อมส่ง | AH85: 0 | AI85: Lead time | AJ85: 0 | AK85: 0 | AL85: 0 | AM85: 0 | AN85: 0 | AO85: 0 | AP85: 0 | AQ85: 0 | AR85: 0 | AS85: 0 | AT85: 0 | AU85: 0 | AV85: 0 | AW85: 0 | AX85: 0 | AY85: 0 | AZ85: 0 | BA85: 0 | BB85: 0 | BC85: WRWT190720/WRWT25800 | BD85: 0
A86: 45855 | B86: MK68-000898 | C86: บจก.เอเชี่ยนเคมิคัล | D86: A.C.C.ภาษาอังกฤษ 8-118 | E86: 19 | F86: 26 | G86: ขาว | H86: ด้าน | I86: 70 | J86: ± | K86: 5 | L86: ไม่ | M86: 20 | N86: 28 | O86: 50 | P86: 259.04464 | Q86: 0 | R86: 259.04464 | S86: มัด100 | T86: 45868 | U86: 15000 | V86: 0 | W86: 15000 | X86: 0 | Y86: 15750 | Z86: WSWT1925800SM | AA86: 11525.25 | AB86: 11525.25 | AC86: 0 | AD86: 0 | AE86: 11525.25 | AF86: 0 | AG86: พร้อมส่ง | AH86: P8 | AI86: 4 | AJ86: 45868 | AK86: 45864 | AL86: 45858 | AM86: 45865 | AN86: 45866 | AO86: 45866 | AP86: 45863 | AQ86: 45867 | AR86: 0 | AS86: 0 | AT86: 0 | AU86: 0 | AV86: 0 | AW86: งานเคลือบ+พิมพ์ | AX86: / | AY86: 0 | AZ86: 0 | BA86: 0 | BB86: 0 | BC86: WRWT25800/WRWT25800 | BD86: 0
A87: 0 | B87: 0 | C87: 0 | D87: 0 | E87: 19 | F87: 30 | G87: 0 | H87: 0 | I87: 56 | J87: ± | K87: 5 | L87: 0 | M87: 0 | N87: 0 | O87: 0 | P87: 0 | Q87: 0 | R87: 0 | S87: 0 | U87: 0 | W87: 0 | X87: 0 | Y87: 0 | Z87: WSWT1925800SM | AA87: 11525.25 | AB87: 11525.25 | AC87: 0 | AD87: 0 | AE87: 11525.25 | AF87: ระบุในSD | AG87: พร้อมส่ง | AH87: 0 | AI87: Lead time | AJ87: 0 | AK87: 0 | AL87: 0 | AM87: 0 | AN87: 0 | AO87: 0 | AP87: 0 | AQ87: 0 | AR87: 0 | AS87: 0 | AT87: 0 | AU87: 0 | AV87: 0 | AW87: 0 | AX87: 0 | AY87: 0 | AZ87: 0 | BA87: 0 | BB87: 0 | BC87: WRWT190800/WRWT25800 | BD87: 0
A88: 45796 | B88: MK68-000680 | C88: บจก.อินเทคค์ โกลบอล | D88: เพอเฟคค์103P โกลด์ | E88: 19 | F88: 34 | G88: ขาว | H88: ด้าน | I88: 100 | J88: ± | K88: 5 | L88: จับจีบ4" | M88: ไม่สวมถุงใน | N88: 0 | O88: 0 | P88: 0 | Q88: 0 | R88: 0 | S88: มัด80 ใช้สายรัด | T88: รอแจ้ง | U88: 503 | V88: 0 | W88: 503 | X88: 5250 | Y88: 0 | Z88: WSWT19251000SM | AA88: 0 | AB88: 0 | AC88: 0 | AD88: 0 | AE88: 0 | AF88: 0 | AG88: พร้อมส่ง | AH88: P6 | AI88: 4 | AJ88: รอแจ้ง | AK88: #VALUE! | AL88: #VALUE! | AM88: #VALUE! | AN88: #VALUE! | AO88: #VALUE! | AP88: #VALUE! | AQ88: 0 | AR88: 0 | AS88: 0 | AT88: 0 | AU88: 0 | AV88: 0 | AW88: งานเคลือบ+พิมพ์ | AX88: / | AY88: 0 | AZ88: 0 | BA88: 0 | BB88: 0 | BC88: WRWT251000/WRWT251000 | BD88: 0
A89: 0 | B89: 0 | C89: 0 | D89: 0 | E89: 19 | F89: 34 | G89: ขาว | H89: 0 | I89: 80 | J89: ± | K89: 5 | L89: 0 | M89: 0 | N89: 0 | O89: 0 | P89: 0 | Q89: 0 | R89: 0 | S89: 0 | U89: 0 | V89: 0 | W89: 0 | X89: 0 | Y89: 0 | Z89: WSWT19251000SM | AA89: 0 | AB89: 0 | AC89: 0 | AD89: 0 | AE89: 0 | AF89: ระบุในSD | AG89: พร้อมส่ง | AH89: 0 | AI89: Lead time | AJ89: 0 | AK89: 0 | AL89: 0 | AM89: 0 | AN89: 0 | AO89: 0 | AP89: 0 | AQ89: 0 | AR89: 0 | AS89: 0 | AT89: 0 | AU89: 0 | AV89: 0 | AW89: 0 | AX89: 0 | AY89: 0 | AZ89: 0 | BA89: 0 | BB89: 0 | BC89: WRWT251000/WRYL251000 | BD89: 0
A90: 45853 | B90: MK68-000886 | C90: บจก.วีซีเอฟ | D90: VC 100 | E90: 20 | F90: 37 | G90: ขาว | H90: ใส | I90: 100 | J90: ± | K90: 5 | L90: บิด | M90: ไม่สวมถุงใน | N90: 0 | O90: 0 | P90: 0 | Q90: 0 | R90: 0 | S90: 500กระสอบแบน | T90: 45868 | U90: 20000 | V90: 20000 | W90: 0 | X90: 22975 | Y90: 0 | Z90: WSWT2025800SM | AA90: 0 | AB90: 0 | AC90: 0 | AD90: 0 | AE90: 0 | AF90: 0 | AG90: ยังไม่ได้พิมพ์ | AH90: P6 | AI90: 4 | AJ90: 45868 | AK90: 45864 | AL90: 45857 | AM90: 45865 | AN90: 45866 | AO90: 45867 | AP90: 45863 | AQ90: 0 | AR90: 0 | AS90: 0 | AT90: 0 | AU90: 0 | AV90: 0 | AW90: งานเคลือบ+พิมพ์ | AX90: / | AY90: 0 | AZ90: 0 | BA90: 0 | BB90: 0 | BC90: WRWT25850/WRWT25850 | BD90: 0
A91: 45853 | B91: MK68-000886 | C91: บจก.วีซีเอฟ | D91: JET 888 | E91: 20 | F91: 37 | G91: ขาว | H91: ใส | I91: 100 | J91: ± | K91: 5 | L91: บิด | M91: ไม่สวมถุงใน | N91: 0 | O91: 0 | P91: 0 | Q91: 0 | R91: 0 | S91: 500กระสอบแบน | T91: 45868 | U91: 5000 | V91: 4878 | W91: 122 | X91: 5050 | Y91: 0 | Z91: WSWT2025800SM | AA91: 0 | AB91: 0 | AC91: 0 | AD91: 0 | AE91: 0 | AF91: 0 | AG91: ยังไม่ได้พิมพ์ | AH91: P6 | AI91: 4 | AJ91: 45868 | AK91: 45864 | AL91: 45857 | AM91: 45865 | AN91: 45866 | AO91: 45867 | AP91: 45863 | AQ91: 0 | AR91: 0 | AS91: 0 | AT91: 0 | AU91: 0 | AV91: 0 | AW91: งานเคลือบ+พิมพ์ | AX91: / | AY91: 0 | AZ91: 0 | BA91: 0 | BB91: 0 | BC91: WRWT25850/WRWT25850 | BD91: 0
A92: 45796 | B92: MK68-000672 | C92: บจก.อินเทคค์ โกลบอล | D92: เฟิร์สช้อย 912 | E92: 20 | F92: 36 | G92: ขาว | H92: ด้าน | I92: 100 | J92: ± | K92: 5 | L92: จับจีบ | M92: ไม่สวมถุงใน | N92: 0 | O92: 0 | P92: 0 | Q92: 0 | R92: 0 | S92: มัด80 ใช้สายรัด | T92: 45868 | U92: 3853 | V92: 0 | W92: 3853 | X92: 0 | Y92: 4045.65 | Z92: WSWT2025800SM | AA92: 4036.9808 | AB92: 4036.9808 | AC92: 0 | AD92: 0 | AE92: 4036.9808 | AF92: 0 | AG92: ยังไม่ได้พิมพ์ | AH92: P6 | AI92: 4 | AJ92: 45868 | AK92: 45864 | AL92: 45857 | AM92: 45865 | AN92: 45866 | AO92: 45867 | AP92: 45863 | AQ92: 0 | AR92: 0 | AS92: 0 | AT92: 0 | AU92: 0 | AV92: 0 | AW92: งานเคลือบ+พิมพ์ | AX92: / | AY92: 0 | AZ92: 0 | BA92: 0 | BB92: 0 | BC92: WRWT25850/WRWT25850 | BD92: 0
A93: 45857 | B93: MK68-000901 | C93: บจก.อินเทคค์ โกลบอล | D93: เฟิร์สช้อย 912 | E93: 20 | F93: 36 | G93: ขาว | H93: ด้าน | I93: 100 | J93: ± | K93: 5 | L93: จับจีบ | M93: ไม่สวมถุงใน | N93: 0 | O93: 0 | P93: 0 | Q93: 0 | R93: 0 | S93: มัด80 ใช้สายรัด | T93: 45868 | U93: 10000 | V93: 0 | W93: 10000 | X93: 0 | Y93: 10500 | Z93: WSWT2025800SM | AA93: 10477.5 | AB93: 10477.5 | AC93: 0 | AD93: 0 | AE93: 10477.5 | AF93: 0 | AG93: พร้อมส่ง | AH93: P6 | AI93: 4 | AJ93: 45868 | AK93: 45864 | AL93: 45857 | AM93: 45865 | AN93: 45866 | AO93: 45867 | AP93: 45863 | AQ93: 0 | AR93: 0 | AS93: 0 | AT93: 0 | AU93: 0 | AV93: 0 | AW93: งานเคลือบ+พิมพ์ | AX93: รอART | AY93: 0 | AZ93: 0 | BA93: 0 | BB93: 0 | BC93: WRWT25850/WRWT25850 | BD93: 0
A94: 45857 | B94: MK68-000901 | C94: บจก.อินเทคค์ โกลบอล | D94: เฟิร์สช้อย 913 | E94: 20 | F94: 36 | G94: ขาว | H94: ด้าน | I94: 100 | J94: ± | K94: 5 | L94: จับจีบ | M94: ไม่สวมถุงใน | N94: 0 | O94: 0 | P94: 0 | Q94: 0 | R94: 0 | S94: มัด80 ใช้สายรัด | T94: 45868 | U94: 10000 | V94: 0 | W94: 10000 | X94: 0 | Y94: 10500 | Z94: WSWT2025800SM | AA94: 10477.5 | AB94: 10477.5 | AC94: 0 | AD94: 0 | AE94: 10477.5 | AF94: 0 | AG94: ยังไม่ได้พิมพ์ | AH94: P6 | AI94: 4 | AJ94: 45868 | AK94: 45864 | AL94: 45857 | AM94: 45865 | AN94: 45866 | AO94: 45867 | AP94: 45863 | AQ94: 0 | AR94: 0 | AS94: 0 | AT94: 0 | AU94: 0 | AV94: 0 | AW94: งานเคลือบ+พิมพ์ | AX94: รอART | AY94: 0 | AZ94: 0 | BA94: 0 | BB94: 0 | BC94: WRWT25850/WRWT25850 | BD94: 0
A95: 45857 | B95: MK68-000902 | C95: บจก.อินเทคค์ โกลบอล | D95: เพอเฟคค์ 000 | E95: 20 | F95: 36 | G95: ขาว | H95: ด้าน | I95: 100 | J95: ± | K95: 5 | L95: จับจีบ | M95: ไม่สวมถุงใน | N95: 0 | O95: 0 | P95: 0 | Q95: 0 | R95: 0 | S95: มัด80 ใช้สายรัด | T95: 45868 | U95: 10000 | V95: 0 | W95: 10000 | X95: 0 | Y95: 10500 | Z95: WSWT2025800SM | AA95: 10477.5 | AB95: 10477.5 | AC95: 0 | AD95: 0 | AE95: 10477.5 | AF95: 0 | AG95: ยังไม่ได้พิมพ์ | AH95: P6 | AI95: 4 | AJ95: 45868 | AK95: 45864 | AL95: 45857 | AM95: 45865 | AN95: 45866 | AO95: 45867 | AP95: 45863 | AQ95: 0 | AR95: 0 | AS95: 0 | AT95: 0 | AU95: 0 | AV95: 0 | AW95: งานเคลือบ+พิมพ์ | AX95: รอART | AY95: 0 | AZ95: 0 | BA95: 0 | BB95: 0 | BC95: WRWT25850/WRWT25850 | BD95: 0
A96: 45796 | B96: MK68-000673 | C96: บจก.อินเทคค์ โกลบอล | D96: เพอเฟคค์ 000 | E96: 20 | F96: 36 | G96: ขาว | H96: ด้าน | I96: 100 | J96: ± | K96: 5 | L96: จับจีบ | M96: ไม่สวมถุงใน | N96: 0 | O96: 0 | P96: 0 | Q96: 0 | R96: 0 | S96: มัด80 ใช้สายรัด | T96: 45868 | U96: 179 | V96: 0 | W96: 179 | X96: 0 | Y96: 187.95 | Z96: WSWT2025800SM | AA96: 187.54725 | AB96: 187.54725 | AC96: 0 | AD96: 0 | AE96: 187.54725 | AF96: 0 | AG96: ยังไม่ได้พิมพ์ | AH96: P6 | AI96: 4 | AJ96: 45868 | AK96: 45864 | AL96: 45857 | AM96: 45865 | AN96: 45866 | AO96: 45867 | AP96: 45863 | AQ96: 0 | AR96: 0 | AS96: 0 | AT96: 0 | AU96: 0 | AV96: 0 | AW96: งานเคลือบ+พิมพ์ | AX96: / | AY96: 0 | AZ96: 0 | BA96: 0 | BB96: 0 | BC96: WRWT25850/WRWT25850 | BD96: 0
A97: 45857 | B97: MK68-000902 | C97: บจก.อินเทคค์ โกลบอล | D97: เพอเฟคค์911 | E97: 20 | F97: 36 | G97: ขาว | H97: ด้าน | I97: 100 | J97: ± | K97: 5 | L97: จับจีบ | M97: ไม่สวมถุงใน | N97: 0 | O97: 0 | P97: 0 | Q97: 0 | R97: 0 | S97: มัด80 ใช้สายรัด | T97: 45868 | U97: 5040 | V97: 0 | W97: 5040 | X97: 0 | Y97: 5292 | Z97: WSWT2025800SM | AA97: 5280.66 | AB97: 5280.66 | AC97: 0 | AD97: 0 | AE97: 5280.66 | AF97: 0 | AG97: ยังไม่ได้พิมพ์ | AH97: P6 | AI97: 4 | AJ97: 45868 | AK97: 45864 | AL97: 45857 | AM97: 45865 | AN97: 45866 | AO97: 45867 | AP97: 45863 | AQ97: 0 | AR97: 0 | AS97: 0 | AT97: 0 | AU97: 0 | AV97: 0 | AW97: งานเคลือบ+พิมพ์ | AX97: รอART | AY97: 0 | AZ97: 0 | BA97: 0 | BB97: 0 | BC97: WRWT25850/WRWT25850 | BD97: 0
A98: 45857 | B98: MK68-000902 | C98: บจก.อินเทคค์ โกลบอล | D98: เพอเฟคค์912 | E98: 20 | F98: 36 | G98: ขาว | H98: ด้าน | I98: 100 | J98: ± | K98: 5 | L98: จับจีบ | M98: ไม่สวมถุงใน | N98: 0 | O98: 0 | P98: 0 | Q98: 0 | R98: 0 | S98: มัด80 ใช้สายรัด | T98: 45868 | U98: 5040 | V98: 0 | W98: 5040 | X98: 0 | Y98: 5292 | Z98: WSWT2025800SM | AA98: 5280.66 | AB98: 5280.66 | AC98: 0 | AD98: 0 | AE98: 5280.66 | AF98: 0 | AG98: ยังไม่ได้พิมพ์ | AH98: P6 | AI98: 4 | AJ98: 45868 | AK98: 45864 | AL98: 45857 | AM98: 45865 | AN98: 45866 | AO98: 45867 | AP98: 45863 | AQ98: 0 | AR98: 0 | AS98: 0 | AT98: 0 | AU98: 0 | AV98: 0 | AW98: งานเคลือบ+พิมพ์ | AX98: รอART | AY98: 0 | AZ98: 0 | BA98: 0 | BB98: 0 | BC98: WRWT25850/WRWT25850 | BD98: 0
A99: 45857 | B99: MK68-000906 | C99: บจก.อินเทคค์ โกลบอล | D99: สุบรรณ 333 | E99: 20 | F99: 36 | G99: ขาว | H99: ด้าน | I99: 100 | J99: ± | K99: 5 | L99: จับจีบ3.5" | M99: ไม่สวมถุงใน | N99: 0 | O99: 0 | P99: 0 | Q99: 0 | R99: 0 | S99: มัด80 ใช้สายรัด | T99: 45868 | U99: 5040 | V99: 0 | W99: 5040 | X99: 0 | Y99: 5292 | Z99: WSWT2025800SM | AA99: 5280.66 | AB99: 5280.66 | AC99: 0 | AD99: 0 | AE99: 5280.66 | AF99: 0 | AG99: รอแบบ | AH99: P6 | AI99: 4 | AJ99: 45868 | AK99: 45864 | AL99: 45857 | AM99: 45865 | AN99: 45866 | AO99: 45867 | AP99: 45863 | AQ99: 0 | AR99: 0 | AS99: 0 | AT99: 0 | AU99: 0 | AV99: 0 | AW99: งานเคลือบ+พิมพ์ | AX99: รอART | AY99: 0 | AZ99: 0 | BA99: 0 | BB99: 0 | BC99: WRWT25850/WRWT25850 | BD99: 0
A100: 45681 | B100: MK68-000122 | C100: บจก.เอสพีเอ็ม อาหารสัตว์ | D100: SPM 212 | E100: 20 | F100: 40 | G100: ขาว | H100: ด้าน | I100: 108 | J100: ± | K100: 5 | L100: บิด | M100: ไม่สวมถุงใน | N100: 0 | O100: 0 | P100: 0 | Q100: 0 | R100: 0 | S100: 500กระสอบแบน | T100: 45876 | U100: 3000 | V100: 0 | W100: 3000 | X100: 0 | Y100: 3150 | Z100: WSWT2025800SM | AA100: 3478.53 | AB100: 3479 | AC100: 0 | AD100: 0 | AE100: 3478.53 | AF100: 0 | AG100: รอตัด | AH100: P6 | AI100: 4 | AJ100: รอแจ้ง | AK100: #VALUE! | AL100: #VALUE! | AM100: #VALUE! | AN100: #VALUE! | AO100: #VALUE! | AP100: #VALUE! | AQ100: 0 | AR100: 0 | AS100: 0 | AT100: 0 | AU100: 0 | AV100: 0 | AW100: งานเคลือบ+พิมพ์ | AX100: / | AY100: 0 | AZ100: 0 | BA100: 0 | BB100: 0 | BC100: WRWT25850/WRWT25850 | BD100: 262.82227
A101: 45847 | B101: MK68-000874 | C101: บจก.เอสพีเอ็ม อาหารสัตว์ | D101: SPM 912 | E101: 20 | F101: 38 | G101: ขาว | H101: ด้าน | I101: 100 | J101: ± | K101: 5 | L101: บิด | M101: ไม่สวมถุงใน | N101: 0 | O101: 0 | P101: 0 | Q101: 0 | R101: 0 | S101: 500กระสอบแบน | T101: 45876 | U101: 3000 | V101: 0 | W101: 3000 | X101: 0 | Y101: 3150 | Z101: WSWT2025800SM | AA101: 3310.89 | AB101: 3310.89 | AC101: 0 | AD101: 0 | AE101: 3310.89 | AF101: 0 | AG101: รอแบบ | AH101: P6 | AI101: 4 | AJ101: 45876 | AK101: 45872 | AL101: 45865 | AM101: 45873 | AN101: 45874 | AO101: 45875 | AP101: 45871 | AQ101: 0 | AR101: 0 | AS101: 0 | AT101: 0 | AU101: 0 | AV101: 0 | AW101: งานเคลือบ+พิมพ์ | AX101: รอART | AY101: 0 | AZ101: 0 | BA101: 0 | BB101: 0 | BC101: WRWT25850/WRWT25850 | BD101: 0
A102: 45850 | B102: MK68-000880 | C102: บจก.เอพีเอ็ม อะโกร | D102: SPM195 GOAL | E102: 20 | F102: 38 | G102: ขาว | H102: ใส | I102: 100 | J102: ± | K102: 5 | L102: บิด | M102: ไม่สวมถุงใน | N102: 0 | O102: 0 | P102: 0 | Q102: 0 | R102: 0 | S102: 500กระสอบแบน | T102: 45889 | U102: 4000 | V102: 0 | W102: 4000 | X102: 0 | Y102: 4200 | Z102: WSWT2025800SM | AA102: 4414.52 | AB102: 4414.52 | AC102: 0 | AD102: 0 | AE102: 4414.52 | AF102: 0 | AG102: รอแบบ | AH102: P6 | AI102: 4 | AJ102: 45889 | AK102: 45885 | AL102: 45878 | AM102: 45886 | AN102: 45887 | AO102: 45888 | AP102: 45884 | AQ102: 0 | AR102: 0 | AS102: 0 | AT102: 0 | AU102: 0 | AV102: 0 | AW102: งานเคลือบ+พิมพ์ | AX102: / | AY102: 0 | AZ102: 0 | BA102: 0 | BB102: 0 | BC102: WRWT25850/WRWT25850 | BD102: 0
A103: ประมาณการ | B103: ประมาณการ | C103: บจก.อินเทคค์ โกลบอล | D103: รอแบบ | E103: 20 | F103: 36 | G103: ขาว | H103: ด้าน | I103: 100 | J103: ± | K103: 5 | L103: จับจีบ | M103: ไม่สวมถุงใน | N103: 0 | O103: 0 | P103: 0 | Q103: 0 | R103: 0 | S103: มัด80 ใช้สายรัด | T103: 45899 | U103: 100000 | V103: 0 | W103: 100000 | X103: 0 | Y103: 105000 | Z103: WSWT2025800SM | AA103: 104775 | AB103: 62750 | AC103: 42025 | AD103: 0 | AE103: 104775 | AF103: 0 | AG103: รอแบบ | AH103: P6 | AI103: 4 | AJ103: 45899 | AK103: 45895 | AL103: 45888 | AM103: 45896 | AN103: 45897 | AO103: 45898 | AP103: 45894 | AQ103: 0 | AR103: 0 | AS103: 0 | AT103: 0 | AU103: 0 | AV103: 0 | AW103: งานเคลือบ+พิมพ์ | AX103: รอART | AY103: 0 | AZ103: 0 | BA103: 0 | BB103: 0 | BC103: WRWT25850/WRWT25850 | BD103: 3175.2222
A104: ประมาณการ | B104: ประมาณการ | C104: บจก.เอสพีเอ็ม อาหารสัตว์ | D104: รอแบบ | E104: 20 | F104: 38 | G104: ขาว | H104: ใส | I104: 100 | J104: ± | K104: 5 | L104: บิด | M104: ไม่สวมถุงใน | N104: 0 | O104: 0 | P104: 0 | Q104: 0 | R104: 0 | S104: 500กระสอบแบน | T104: รอแจ้ง | U104: 20000 | V104: 0 | W104: 20000 | X104: 0 | Y104: 21000 | Z104: WSWT2025800SM | AA104: 22072.6 | AB104: 0 | AC104: 22072.6 | AD104: 0 | AE104: 22072.6 | AF104: 0 | AG104: พร้อมส่ง | AH104: P6 | AI104: 4 | AJ104: รอแจ้ง | AK104: #VALUE! | AL104: #VALUE! | AM104: #VALUE! | AN104: #VALUE! | AO104: #VALUE! | AP104: #VALUE! | AQ104: 0 | AR104: 0 | AS104: 0 | AT104: 0 | AU104: 0 | AV104: 0 | AW104: งานเคลือบ+พิมพ์ | AX104: รอART | AY104: 0 | AZ104: 0 | BA104: 0 | BB104: 0 | BC104: WRWT25850/WRWT25850 | BD104: 1667.7076
A105: ประมาณการ | B105: ประมาณการ | C105: บจก.ไทยธรรมดี | D105: รอแบบ | E105: 20 | F105: 37 | G105: ขาว | H105: ด้าน | I105: 97 | J105: ± | K105: 5 | L105: บิด | M105: ไม่สวมถุงใน | N105: 0 | O105: 0 | P105: 0 | Q105: 0 | R105: 0 | S105: 500กระสอบ | T105: รอแจ้ง | U105: 20000 | V105: 0 | W105: 20000 | X105: 0 | Y105: 21000 | Z105: WSWT2025800SM | AA105: 21513.8 | AB105: 0 | AC105: 21513.8 | AD105: 0 | AE105: 21513.8 | AF105: 0 | AG105: พร้อมส่ง | AH105: P6 | AI105: 4 | AJ105: รอแจ้ง | AK105: #VALUE! | AL105: #VALUE! | AM105: #VALUE! | AN105: #VALUE! | AO105: #VALUE! | AP105: #VALUE! | AQ105: 0 | AR105: 0 | AS105: 0 | AT105: 0 | AU105: 0 | AV105: 0 | AW105: งานเคลือบ+พิมพ์ | AX105: รอART | AY105: 0 | AZ105: 0 | BA105: 0 | BB105: 0 | BC105: WRWT25850/WRWT25850 | BD105: 1625.4871
A106: ประมาณการ | B106: ประมาณการ | C106: บจก.ซันฟีด | D106: รอแบบ | E106: 20 | F106: 38 | G106: ขาว | H106: ด้าน | I106: 100 | J106: + | K106: 0 | L106: บิด | M106: ไม่สวมถุงใน | N106: 0 | O106: 0 | P106: 0 | Q106: 0 | R106: 0 | S106: 300กระสอบแบนเต็มใบ | T106: รอแจ้ง | U106: 100000 | V106: 0 | W106: 100000 | X106: 0 | Y106: 105000 | Z106: WSWT2025800SM | AA106: 110363 | AB106: 0 | AC106: 110363 | AD106: 0 | AE106: 110363 | AF106: 0 | AG106: พร้อมส่ง | AH106: P6 | AI106: 4 | AJ106: รอแจ้ง | AK106: #VALUE! | AL106: #VALUE! | AM106: #VALUE! | AN106: #VALUE! | AO106: #VALUE! | AP106: #VALUE! | AQ106: 0 | AR106: 0 | AS106: 0 | AT106: 0 | AU106: 0 | AV106: 0 | AW106: งานเคลือบ+พิมพ์ | AX106: รอART | AY106: 0 | AZ106: 0 | BA106: 0 | BB106: 0 | BC106: WRWT25850/WRWT25850 | BD106: 8338.5378
A107: 45825 | B107: MK68-000796 | C107: บจก.อินเทคค์ โกลบอล | D107: เฟิร์สช้อย 911 | E107: 20 | F107: 36 | G107: ขาว | H107: ด้าน | I107: 100 | J107: ± | K107: 5 | L107: จับจีบ4" | M107: ไม่สวมถุงใน | N107: 0 | O107: 0 | P107: 0 | Q107: 0 | R107: 0 | S107: มัด80 ใช้สายรัด | T107: รอแจ้ง | U107: 127 | V107: 0 | W107: 127 | X107: 6000 | Y107: 0 | Z107: WSWT2025800SM | AA107: 0 | AB107: 0 | AC107: 0 | AD107: 0 | AE107: 0 | AF107: 0 | AG107: รอตัด | AH107: P6 | AI107: 4 | AJ107: รอแจ้ง | AK107: #VALUE! | AL107: #VALUE! | AM107: #VALUE! | AN107: #VALUE! | AO107: #VALUE! | AP107: #VALUE! | AQ107: 0 | AR107: 0 | AS107: 0 | AT107: 0 | AU107: 0 | AV107: 0 | AW107: งานเคลือบ+พิมพ์ | AX107: / | AY107: 0 | AZ107: 0 | BA107: 0 | BB107: 0 | BC107: WRWT25850/WRWT25850 | BD107: 0
A108: 45825 | B108: MK68-000801 | C108: บจก.อินเทคค์ โกลบอล | D108: สุบรรณ 111 | E108: 20 | F108: 36 | G108: ขาว | H108: ด้าน | I108: 100 | J108: ± | K108: 5 | L108: จับจีบ3.5" | M108: ไม่สวมถุงใน | N108: 0 | O108: 0 | P108: 0 | Q108: 0 | R108: 0 | S108: มัด80 ใช้สายรัด | T108: รอแจ้ง | U108: 894 | V108: 525 | W108: 369 | X108: 6000 | Y108: 0 | Z108: WSWT2025800SM | AA108: 0 | AB108: 0 | AC108: 0 | AD108: 0 | AE108: 0 | AF108: 0 | AG108: พร้อมส่ง | AH108: P6 | AI108: 4 | AJ108: รอแจ้ง | AK108: #VALUE! | AL108: #VALUE! | AM108: #VALUE! | AN108: #VALUE! | AO108: #VALUE! | AP108: #VALUE! | AQ108: 0 | AR108: 0 | AS108: 0 | AT108: 0 | AU108: 0 | AV108: 0 | AW108: งานเคลือบ+พิมพ์ | AX108: / | AY108: 0 | AZ108: 0 | BA108: 0 | BB108: 0 | BC108: WRWT25850/WRWT25850 | BD108: 0
A109: 45827 | B109: MK68-000810 | C109: บจก.อินเทคค์ โกลบอล | D109: เฟิร์สคลาส 912 | E109: 20 | F109: 35 | G109: ขาว | H109: ด้าน | I109: 97 | J109: ± | K109: 5 | L109: จับจีบ4" | M109: ไม่สวมถุงใน | N109: 0 | O109: 0 | P109: 0 | Q109: 0 | R109: 0 | S109: มัด80 ใช้สายรัด | T109: รอแจ้ง | U109: 455 | V109: 0 | W109: 455 | X109: 6000 | Y109: 0 | Z109: WSWT2025800SM | AA109: 0 | AB109: 0 | AC109: 0 | AD109: 0 | AE109: 0 | AF109: 0 | AG109: พร้อมส่ง | AH109: P6 | AI109: 4 | AJ109: รอแจ้ง | AK109: #VALUE! | AL109: #VALUE! | AM109: #VALUE! | AN109: #VALUE! | AO109: #VALUE! | AP109: #VALUE! | AQ109: 0 | AR109: 0 | AS109: 0 | AT109: 0 | AU109: 0 | AV109: 0 | AW109: งานเคลือบ+พิมพ์ | AX109: / | AY109: 0 | AZ109: 0 | BA109: 0 | BB109: 0 | BC109: WRWT25850/WRWT25850 | BD109: 0
A110: 45796 | B110: MK68-000675 | C110: บจก.อินเทคค์ โกลบอล | D110: เพอเฟคค์ 914 | E110: 20 | F110: 36 | G110: ขาว | H110: ด้าน | I110: 100 | J110: ± | K110: 5 | L110: จับจีบ | M110: ไม่สวมถุงใน | N110: 0 | O110: 0 | P110: 0 | Q110: 0 | R110: 0 | S110: มัด80 ใช้สายรัด | T110: รอแจ้ง | U110: 3360 | V110: 0 | W110: 3360 | X110: 35200 | Y110: 0 | Z110: WSWT2025800SM | AA110: 0 | AB110: 0 | AC110: 0 | AD110: 0 | AE110: 0 | AF110: 0 | AG110: พร้อมส่ง | AH110: P6 | AI110: 4 | AJ110: รอแจ้ง | AK110: #VALUE! | AL110: #VALUE! | AM110: #VALUE! | AN110: #VALUE! | AO110: #VALUE! | AP110: #VALUE! | AQ110: 0 | AR110: 0 | AS110: 0 | AT110: 0 | AU110: 0 | AV110: 0 | AW110: งานเคลือบ+พิมพ์ | AX110: / | AY110: 2/6---6/6 | AZ110: 0 | BA110: 0 | BB110: 0 | BC110: WRWT25850/WRWT25850 | BD110: 0
A111: 45796 | B111: MK68-000676 | C111: บจก.อินเทคค์ โกลบอล | D111: เพอเฟคค์ 916 | E111: 20 | F111: 36 | G111: ขาว | H111: ด้าน | I111: 100 | J111: ± | K111: 5 | L111: จับจีบ | M111: ไม่สวมถุงใน | N111: 0 | O111: 0 | P111: 0 | Q111: 0 | R111: 0 | S111: มัด80 ใช้สายรัด | T111: รอแจ้ง | U111: 614 | V111: 0 | W111: 614 | X111: 12101 | Y111: 0 | Z111: WSWT2025800SM | AA111: 0 | AB111: 0 | AC111: 0 | AD111: 0 | AE111: 0 | AF111: 0 | AG111: รอตัด | AH111: P6 | AI111: 4 | AJ111: รอแจ้ง | AK111: #VALUE! | AL111: #VALUE! | AM111: #VALUE! | AN111: #VALUE! | AO111: #VALUE! | AP111: #VALUE! | AQ111: 0 | AR111: 0 | AS111: 0 | AT111: 0 | AU111: 0 | AV111: 0 | AW111: งานเคลือบ+พิมพ์ | AX111: / | AY111: 0 | AZ111: 0 | BA111: 0 | BB111: 0 | BC111: WRWT25850/WRWT25850 | BD111: 0
A112: 45796 | B112: MK68-000671 | C112: บจก.อินเทคค์ โกลบอล | D112: เฟิร์สช้อย 902 | E112: 20 | F112: 36 | G112: ขาว | H112: ด้าน | I112: 100 | J112: ± | K112: 5 | L112: จับจีบ | M112: ไม่สวมถุงใน | N112: 0 | O112: 0 | P112: 0 | Q112: 0 | R112: 0 | S112: มัด80 ใช้สายรัด | T112: รอแจ้ง | U112: 366 | V112: 0 | W112: 366 | X112: 5113 | Y112: 0 | Z112: WSWT2025800SM | AA112: 0 | AB112: 0 | AC112: 0 | AD112: 0 | AE112: 0 | AF112: 0 | AG112: ยังไม่ได้พิมพ์ | AH112: P6 | AI112: 4 | AJ112: รอแจ้ง | AK112: #VALUE! | AL112: #VALUE! | AM112: #VALUE! | AN112: #VALUE! | AO112: #VALUE! | AP112: #VALUE! | AQ112: 0 | AR112: 0 | AS112: 0 | AT112: 0 | AU112: 0 | AV112: 0 | AW112: งานเคลือบ+พิมพ์ | AX112: / | AY112: 0 | AZ112: 0 | BA112: 0 | BB112: 0 | BC112: WRWT25850/WRWT25850 | BD112: 0
A113: 45796 | B113: MK68-000673 | C113: บจก.อินเทคค์ โกลบอล | D113: เพอเฟคค์ 902 | E113: 20 | F113: 36 | G113: ขาว | H113: ด้าน | I113: 100 | J113: ± | K113: 5 | L113: จับจีบ | M113: ไม่สวมถุงใน | N113: 0 | O113: 0 | P113: 0 | Q113: 0 | R113: 0 | S113: มัด80 ใช้สายรัด | T113: รอแจ้ง | U113: 302 | V113: 0 | W113: 302 | X113: 5300 | Y113: 0 | Z113: WSWT2025800SM | AA113: 0 | AB113: 0 | AC113: 0 | AD113: 0 | AE113: 0 | AF113: 0 | AG113: พร้อมส่ง | AH113: P6 | AI113: 4 | AJ113: รอแจ้ง | AK113: #VALUE! | AL113: #VALUE! | AM113: #VALUE! | AN113: #VALUE! | AO113: #VALUE! | AP113: #VALUE! | AQ113: 0 | AR113: 0 | AS113: 0 | AT113: 0 | AU113: 0 | AV113: 0 | AW113: งานเคลือบ+พิมพ์ | AX113: / | AY113: 0 | AZ113: 0 | BA113: 0 | BB113: 0 | BC113: WRWT25850/WRWT25850 | BD113: 0
A114: 45796 | B114: MK68-000674 | C114: บจก.อินเทคค์ โกลบอล | D114: เพอเฟคค์ 913 | E114: 20 | F114: 36 | G114: ขาว | H114: ด้าน | I114: 100 | J114: ± | K114: 5 | L114: จับจีบ | M114: ไม่สวมถุงใน | N114: 0 | O114: 0 | P114: 0 | Q114: 0 | R114: 0 | S114: มัด80 ใช้สายรัด | T114: รอแจ้ง | U114: 1200 | V114: 0 | W114: 1200 | X114: 10700 | Y114: 0 | Z114: WSWT2025800SM | AA114: 0 | AB114: 0 | AC114: 0 | AD114: 0 | AE114: 0 | AF114: 0 | AG114: พร้อมส่ง | AH114: P6 | AI114: 4 | AJ114: รอแจ้ง | AK114: #VALUE! | AL114: #VALUE! | AM114: #VALUE! | AN114: #VALUE! | AO114: #VALUE! | AP114: #VALUE! | AQ114: 0 | AR114: 0 | AS114: 0 | AT114: 0 | AU114: 0 | AV114: 0 | AW114: งานเคลือบ+พิมพ์ | AX114: / | AY114: 0 | AZ114: 0 | BA114: 0 | BB114: 0 | BC114: WRWT25850/WRWT25850 | BD114: 0
A115: 45850 | B115: MK68-000877 | C115: บจก.เอพีเอ็ม อะโกร | D115: ยู-ฟีด รวมหมู | E115: 20 | F115: 38 | G115: ขาว | H115: ใส | I115: 100 | J115: ± | K115: 5 | L115: บิด | M115: ไม่สวมถุงใน | N115: 0 | O115: 0 | P115: 0 | Q115: 0 | R115: 0 | S115: 500กระสอบแบน | T115: รอแจ้ง | U115: 3000 | V115: 0 | W115: 3000 | X115: 0 | Y115: 3150 | Z115: WSWT2025800SM | AA115: 3310.89 | AB115: 0 | AC115: 3310.89 | AD115: 0 | AE115: 3310.89 | AF115: 0 | AG115: ยังไม่ได้พิมพ์ | AH115: P6 | AI115: 4 | AJ115: รอแจ้ง | AK115: #VALUE! | AL115: #VALUE! | AM115: #VALUE! | AN115: #VALUE! | AO115: #VALUE! | AP115: #VALUE! | AQ115: 0 | AR115: 0 | AS115: 0 | AT115: 0 | AU115: 0 | AV115: 0 | AW115: งานเคลือบ+พิมพ์ | AX115: / | AY115: 0 | AZ115: 0 | BA115: 0 | BB115: 0 | BC115: WRWT25850/WRWT25850 | BD115: 250.15613
A116: 45782 | B116: MK68-000609 | C116: บจก.เอสพีเอ็ม อาหารสัตว์ | D116: SW 441 | E116: 20 | F116: 38 | G116: ขาว | H116: ใส | I116: 100 | J116: ± | K116: 5 | L116: บิด | M116: ไม่สวมถุงใน | N116: 0 | O116: 0 | P116: 0 | Q116: 0 | R116: 0 | S116: 500กระสอบแบน | T116: รอส่ง | U116: 5000 | V116: 5041 | W116: 0 | X116: 5250 | Y116: 0 | Z116: WSWT2025800SM | AA116: 0 | AB116: 0 | AC116: 0 | AD116: 0 | AE116: 0 | AF116: 0 | AG116: ยังไม่ได้พิมพ์ | AH116: P6 | AI116: 4 | AJ116: รอส่ง | AK116: #VALUE! | AL116: #VALUE! | AM116: #VALUE! | AN116: #VALUE! | AO116: #VALUE! | AP116: #VALUE! | AQ116: 0 | AR116: 0 | AS116: 0 | AT116: 0 | AU116: 0 | AV116: 0 | AW116: งานเคลือบ+พิมพ์ | AX116: / | AY116: 0 | AZ116: 0 | BA116: 0 | BB116: 0 | BC116: WRWT25850/WRWT25850 | BD116: 0
A117: 45799 | B117: MK68-000694 | C117: บจก.เอ.เจ.ฟาร์ม่าแล็บ | D117: เบส-มิน | E117: 20 | F117: 34 | G117: ขาว | H117: ใส | I117: 95 | J117: ± | K117: 5 | L117: จับจีบ | M117: ไม่สวมถุงใน | N117: 0 | O117: 0 | P117: 0 | Q117: 0 | R117: 0 | S117: 500กระสอบ | T117: รอส่ง | U117: 4000 | V117: 3840 | W117: 160 | X117: 8450 | Y117: 0 | Z117: WSWT2025800SM | AA117: 0 | AB117: 0 | AC117: 0 | AD117: 0 | AE117: 0 | AF117: ห้ามขาด-ห้ามเกิน | AG117: ยังไม่ได้พิมพ์ | AH117: P6 | AI117: 4 | AJ117: รอส่ง | AK117: #VALUE! | AL117: #VALUE! | AM117: #VALUE! | AN117: #VALUE! | AO117: #VALUE! | AP117: #VALUE! | AQ117: 0 | AR117: 0 | AS117: 0 | AT117: 0 | AU117: 0 | AV117: 0 | AW117: งานเคลือบ+พิมพ์ | AX117: / | AY117: 0 | AZ117: 0 | BA117: 0 | BB117: 0 | BC117: WRWT25850/WRWT25850 | BD117: 0
...

Sheet 21-7-68
B2: เรียงกำหนดส่ง | D2: ลบ 0 | T2: เรียง 1
B3: ข้อมูลUpdate ณ. วันที่ | D3: 45859 | E3: เวลา | G3: 10.23
A4: วันรับออร์เดอร์/แบบ | B4: เลขที่ SO | C4: ชื่อลูกค้า | E4: 10.3 | I4: น้ำหนัก | L4: บิด/จับจีบ | M4: ถุงใน | Q4: 44873 | S4: วิธีบรรจุ | T4: วันส่ง | U4: จำนวนส่ง | V4: ตัดเย็บ (ใบ) | W4: 44873 | X4: พิมพ์ (ใบ) | Y4: 44876 | Z4: ผ้าทอ (เมตร) Updateณ | AB4: 44876 | AD4: ผ้าเคลือบ(เมตร) | AF4: หมายเหตุ | AG4: เครื่อง
B5: เลขที่ SO | C5: ชื่อลูกค้า | D5: ตรา | E5: กว้าง | F5: ยาว | G5: สี | H5: เคลือบ | I5: กรัม/ใบ | J5: * | K5: aw | L5: บิด/จับจีบ | M5: กว้าง | N5: ยาว | O5: หนา | P5: ใช้(กก.) | Q5: Stock(กก.) | R5: ผลิต(กก.) | S5: วิธีบรรจุ | T5: วันส่ง | U5: จำนวนส่ง | V5: StockFG | W5: ค้างตัด | X5: พิมพ์แล้ว | Y5: ค้างพิมพ์ | Z5: ประเภท | AA5: ใช้ | AB5: Stock | AC5: ค้างทอ | AD5: Stock | AE5: ค้างเคลือบ | AF5: หมายเหตุ | AG5: ที่พิมพ์ได้ | AH5: process | AI5: Lead time | AJ5: วันที่ส่งPL | AK5: เคลือบ | AL5: ได้ ART | AM5: พิมพ์ | AN5: จีบ-บิด | AO5: ตัด-เย็บ | AP5: ทอ | AQ5: สวมถุง | AR5: เย็บปาก | AS5: PT | AT5: ม้วน | AU5: ตัด | AV5: ตอกตาไก่ | AW5: GROUP | AX5: ART | AY5: หมายเหตุปัญหา | AZ5: ราคา/ใบ | BA5: ราคารวม | BB5: workweek | BC5: เส้นเทป | BD5: จำนวน
A6: 45842 | B6: MK68-000868 | C6: พีมินเนอร์ | D6: พี-มินเนอร์ นิวพลัส | E6: 16 | F6: 28 | G6: ขาว | H6: ใส | I6: 56 | J6: ± | K6: 5 | L6: ไม่ | M6: 19 | N6: 31 | O6: 40 | P6: 1.1334313 | Q6: 0 | R6: 1.1334313 | S6: 500กระสอบ | T6: 45860 | U6: 4000 | V6: 3922 | W6: 78 | X6: 5295 | Y6: 0 | Z6: WSWT1625800SM | AA6: 0 | AB6: 0 | AC6: 0 | AD6: 0 | AE6: 0 | AF6: รอส่ง รอลูกค้ามารับเอง | AG6: พร้อมส่ง | AH6: P8 | AI6: 4 | AJ6: 45860 | AK6: 45856 | AL6: 45850 | AM6: 45857 | AN6: 45858 | AO6: 45858 | AP6: 45855 | AQ6: 45859 | AR6: 0 | AS6: 0 | AT6: 0 | AU6: 0 | AV6: 0 | AW6: งานเคลือบ+พิมพ์ | AX6: / | AY6: 0 | AZ6: 0 | BA6: 0 | BB6: 0 | BC6: WRWT25800/WRWT25800 | BD6: 0
A7: ประมาณการ | B7: ประมาณการ | C7: บจก.ซัน ซีเมนต์ โพรเซส | D7: พระอาทิตย์(ปูนนอน-ชริงค์) | E7: 16 | F7: 25 | G7: ขาว | H7: ใส | I7: 50 | J7: ± | K7: 5 | L7: บิด | M7: 19 | N7: 28 | O7: 40 | P7: 65.624643 | Q7: 0 | R7: 65.624643 | S7: 500กระสอบ | T7: รอแจ้ง | U7: 5000 | V7: 0 | W7: 5000 | X7: 0 | Y7: 5250 | Z7: WSWT1625800SM | AA7: 3702.05 | AB7: 0 | AC7: 3702.05 | AD7: 0 | AE7: 3702.05 | AF7: 0 | AG7: พร้อมส่ง | AH7: P8 | AI7: 4 | AJ7: รอแจ้ง | AK7: #VALUE! | AL7: #VALUE! | AM7: #VALUE! | AN7: #VALUE! | AO7: #VALUE! | AP7: #VALUE! | AQ7: #VALUE! | AR7: 0 | AS7: 0 | AT7: 0 | AU7: 0 | AV7: 0 | AW7: งานเคลือบ+พิมพ์ | AX7: รอART | AY7: 0 | AZ7: 0 | BA7: 0 | BB7: 0 | BC7: WRWT25800/WRWT25800 | BD7: 210.60551
A8: 0 | B8: 0 | C8: 0 | E8: 16 | F8: 25 | G8: ขาว | H8: 0 | I8: 45 | J8: ± | K8: 5 | L8: 0 | M8: 0 | N8: 0 | O8: 0 | P8: 0 | Q8: 0 | R8: 0 | S8: 0 | U8: 0 | V8: 0 | W8: 0 | X8: 0 | Y8: 0 | Z8: WSWT1625800SM | AA8: 3702.05 | AB8: 0 | AC8: 3702.05 | AD8: 0 | AE8: 3702.05 | AF8: ระบุในSD | AG8: ยังไม่ได้พิมพ์ | AH8: 0 | AI8: Lead time | AJ8: 0 | AK8: 0 | AL8: 0 | AM8: 0 | AN8: 0 | AO8: 0 | AP8: 0 | AQ8: 0 | AR8: 0 | AS8: 0 | AT8: 0 | AU8: 0 | AV8: 0 | AW8: 0 | AX8: 0 | AY8: 0 | AZ8: 0 | BA8: 0 | BB8: 0 | BC8: WRWT160800/WRWT25800 | BD8: 0
A9: 45857 | B9: ใบรับคำสั่งซื้อ | C9: โรงสีข้าวธัญญาวัฒน์ | D9: LUNG SHIN 12 kg | E9: 17 | F9: 26 | G9: ขาว | H9: 0 | I9: 48 | J9: ± | K9: 5 | L9: ไม่ | M9: ไม่สวมถุงใน | N9: 0 | O9: 0 | P9: 0 | Q9: 0 | R9: 0 | S9: 500กระสอบแบน | T9: 45868 | U9: 30250 | V9: 0 | W9: 30250 | X9: 0 | Y9: 31762.5 | Z9: WSWT1725800 | AA9: 23242.588 | AB9: 12494 | AC9: 10748.588 | AD9: 0 | AE9: 0 | AF9: ห้ามขาด-ห้ามเกิน | AG9: พร้อมส่ง | AH9: P7 | AI9: 2 | AJ9: 45868 | AK9: 0 | AL9: 45859 | AM9: 45866 | AN9: 45867 | AO9: 45867 | AP9: 45863 | AQ9: 0 | AR9: 0 | AS9: 0 | AT9: 0 | AU9: 0 | AV9: 0 | AW9: งานพิมพ์ | AX9: รอART | AY9: 0 | AZ9: 0 | BA9: 0 | BB9: 0 | BC9: WRWT25800/WRWT25800 | BD9: 698.41933
A10: 0 | B10: 0 | C10: 0 | D10: 0 | E10: 17 | F10: 26 | G10: 0 | H10: 0 | I10: 48 | J10: ± | K10: 5 | L10: 0 | M10: 0 | N10: 0 | O10: 0 | P10: 0 | Q10: 0 | R10: 0 | S10: 0 | U10: 0 | V10: 0 | W10: 0 | X10: 0 | Y10: 0 | Z10: WSWT1725800 | AA10: 23242.588 | AB10: 12494 | AC10: 10748.588 | AD10: 0 | AE10: 0 | AF10: ระบุในSD | AG10: พร้อมส่ง | AH10: 0 | AI10: 0 | AJ10: 0 | AK10: 0 | AL10: 0 | AM10: 0 | AN10: 0 | AO10: 0 | AP10: 0 | AQ10: 0 | AR10: 0 | AS10: 0 | AT10: 0 | AU10: 0 | AV10: 0 | AW10: 0 | AX10: 0 | AY10: 0 | AZ10: 0 | BA10: 0 | BB10: 0 | BC10: WRWT170800/WRWT25800 | BD10: 0
A11: ประมาณการ | B11: ประมาณการ | C11: บจก.ฟาร์เธอร์ส วิง ซัพพลาย | D11: รถไฟ | E11: 18 | F11: 30 | G11: ขาว | H11: 0 | I11: 54 | J11: ± | K11: 5 | L11: บิด | M11: 19 | N11: 33 | O11: 40 | P11: 232.02999 | Q11: 0 | R11: 232.02999 | S11: 500กระสอบ | T11: รอแจ้ง | U11: 15000 | V11: 0 | W11: 15000 | X11: 0 | Y11: 15750 | Z11: WSWT1825800 | AA11: 13201.65 | AB11: 6301 | AC11: 6900.65 | AD11: 0 | AE11: 0 | AF11: 0 | AG11: พร้อมส่ง | AH11: P9 | AI11: 3 | AJ11: รอแจ้ง | AK11: 0 | AL11: #VALUE! | AM11: #VALUE! | AN11: #VALUE! | AO11: #VALUE! | AP11: #VALUE! | AQ11: #VALUE! | AR11: 0 | AS11: 0 | AT11: 0 | AU11: 0 | AV11: 0 | AW11: งานพิมพ์ | AX11: รอART | AY11: 0 | AZ11: 0 | BA11: 0 | BB11: 0 | BC11: WRWT25800/WRWT25800 | BD11: 474.76472
A12: 0 | B12: 0 | E12: 18 | F12: 30 | G12: ขาว | H12: 0 | I12: 54 | J12: ± | K12: 5 | L12: 0 | M12: 0 | N12: 0 | O12: 0 | P12: 0 | Q12: 0 | R12: 0 | S12: 0 | U12: 0 | V12: 0 | W12: 0 | X12: 0 | Y12: 0 | Z12: WSWT1825800 | AA12: 13201.65 | AB12: 6301 | AC12: 6900.65 | AD12: 0 | AE12: 0 | AF12: ระบุในSD | AG12: ยังไม่ได้พิมพ์ | AH12: 0 | AI12: Lead time | AJ12: 0 | AK12: 0 | AL12: 0 | AM12: 0 | AN12: 0 | AO12: 0 | AP12: 0 | AQ12: 0 | AR12: 0 | AS12: 0 | AT12: 0 | AU12: 0 | AV12: 0 | AW12: 0 | AX12: 0 | AY12: 0 | AZ12: 0 | BA12: 0 | BB12: 0 | BC12: WRWT25800/WRWT25800 | BD12: 0
A13: 45846 | B13: MK68-000873 | C13: บจก.ซีแมน | D13: W30 | E13: 19 | F13: 28 | G13: ขาว | H13: 0 | I13: 56 | J13: ± | K13: 5 | L13: ไม่ | M13: 20 | N13: 30 | O13: 90 | P13: 0 | Q13: 0 | R13: 0 | S13: มัด100 | T13: 45862 | U13: 40000 | V13: 40000 | W13: 0 | X13: 42190 | Y13: 0 | Z13: WSWT1925800 | AA13: 0 | AB13: 0 | AC13: 0 | AD13: 0 | AE13: 0 | AF13: 0 | AG13: ยังไม่ได้พิมพ์ | AH13: P9 | AI13: 3 | AJ13: 45862 | AK13: 0 | AL13: 45852 | AM13: 45859 | AN13: 45860 | AO13: 45860 | AP13: 45857 | AQ13: 45861 | AR13: 0 | AS13: 0 | AT13: 0 | AU13: 0 | AV13: 0 | AW13: งานพิมพ์ | AX13: / | AY13: 0 | AZ13: 0 | BA13: 0 | BB13: 0 | BC13: WRWT25800/WRWT25800 | BD13: 0
A14: 45854 | B14: MK68-000896 | C14: บจก.เอ็กเซลเล้นท์ | D14: รวงข้าวส้ม | E14: 19 | F14: 30 | G14: ขาว | H14: 0 | I14: 60 | J14: ± | K14: 5 | L14: บิด | M14: ไม่สวมถุงใน | N14: 0 | O14: 0 | P14: 0 | Q14: 0 | R14: 0 | S14: 500กระสอบ | T14: 45863 | U14: 10000 | V14: 0 | W14: 10000 | X14: 0 | Y14: 10500 | Z14: WSWT1925800 | AA14: 8801.1 | AB14: 8801.1 | AC14: 0 | AD14: 0 | AE14: 0 | AF14: 0 | AG14: ยังไม่ได้พิมพ์ | AH14: P7 | AI14: 2 | AJ14: 45863 | AK14: 0 | AL14: 45854 | AM14: 45861 | AN14: 45862 | AO14: 45862 | AP14: 45858 | AQ14: 0 | AR14: 0 | AS14: 0 | AT14: 0 | AU14: 0 | AV14: 0 | AW14: งานพิมพ์ | AX14: / | AY14: 0 | AZ14: 0 | BA14: 0 | BB14: 0 | BC14: WRWT25800/WRWT25800 | BD14: 0
A15: 45854 | B15: MK68-000896 | C15: บจก.เอ็กเซลเล้นท์ | D15: แป้งสาลีพรีเมี่ยม | E15: 19 | F15: 30 | G15: ขาว | H15: 0 | I15: 60 | J15: ± | K15: 5 | L15: บิด | M15: ไม่สวมถุงใน | N15: 0 | O15: 0 | P15: 0 | Q15: 0 | R15: 0 | S15: 500กระสอบ | T15: 45863 | U15: 10000 | V15: 0 | W15: 10000 | X15: 0 | Y15: 10500 | Z15: WSWT1925800 | AA15: 8801.1 | AB15: 8801.1 | AC15: 0 | AD15: 0 | AE15: 0 | AF15: 0 | AG15: ยังไม่ได้พิมพ์ | AH15: P7 | AI15: 2 | AJ15: 45863 | AK15: 0 | AL15: 45854 | AM15: 45861 | AN15: 45862 | AO15: 45862 | AP15: 45858 | AQ15: 0 | AR15: 0 | AS15: 0 | AT15: 0 | AU15: 0 | AV15: 0 | AW15: งานพิมพ์ | AX15: / | AY15: 0 | AZ15: 0 | BA15: 0 | BB15: 0 | BC15: WRWT25800/WRWT25800 | BD15: 0
A16: 45854 | B16: MK68-000895 | C16: บจก.เอ็กเซลเล้นท์ | D16: นกทอง | E16: 19 | F16: 30 | G16: ขาว | H16: 0 | I16: 60 | J16: ± | K16: 5 | L16: บิด | M16: ไม่สวมถุงใน | N16: 0 | O16: 0 | P16: 0 | Q16: 0 | R16: 0 | S16: 500กระสอบ | T16: 45863 | U16: 20000 | V16: 0 | W16: 20000 | X16: 0 | Y16: 21000 | Z16: WSWT1925800 | AA16: 17602.2 | AB16: 17602.2 | AC16: 0 | AD16: 0 | AE16: 0 | AF16: 0 | AG16: รอแบบ | AH16: P7 | AI16: 2 | AJ16: 45863 | AK16: 0 | AL16: 45854 | AM16: 45861 | AN16: 45862 | AO16: 45862 | AP16: 45858 | AQ16: 0 | AR16: 0 | AS16: 0 | AT16: 0 | AU16: 0 | AV16: 0 | AW16: งานพิมพ์ | AX16: / | AY16: 0 | AZ16: 0 | BA16: 0 | BB16: 0 | BC16: WRWT25800/WRWT25800 | BD16: 0
A17: ประมาณการ | B17: ประมาณการ | C17: บจก.เพรซิเดนท์ฟลาวมิลล์ | D17: ผึ้งเหลือง | E17: 19 | F17: 30 | G17: ขาว | H17: 0 | I17: 60 | J17: ± | K17: 5 | L17: บิด | M17: ไม่สวมถุงใน | N17: 0 | O17: 0 | P17: 0 | Q17: 0 | R17: 0 | S17: 500กระสอบ | T17: 45894 | U17: 100000 | V17: 0 | W17: 100000 | X17: 0 | Y17: 105000 | Z17: WSWT1925800 | AA17: 88011 | AB17: 33949 | AC17: 54062 | AD17: 0 | AE17: 0 | AF17: 0 | AG17: ยังไม่ได้พิมพ์ | AH17: P7 | AI17: 2 | AJ17: 45894 | AK17: 0 | AL17: 45885 | AM17: 45892 | AN17: 45893 | AO17: 45893 | AP17: 45889 | AQ17: 0 | AR17: 0 | AS17: 0 | AT17: 0 | AU17: 0 | AV17: 0 | AW17: งานพิมพ์ | AX17: รอART | AY17: 0 | AZ17: 0 | BA17: 0 | BB17: 0 | BC17: WRWT25800/WRWT25800 | BD17: 3926.1026
A18: ประมาณการ | B18: ประมาณการ | C18: บจก.เพรซิเดนท์ฟลาวมิลล์ | D18: ผึ้งชมพู | E18: 19 | F18: 30 | G18: ขาว | H18: 0 | I18: 60 | J18: ± | K18: 5 | L18: บิด | M18: ไม่สวมถุงใน | N18: 0 | O18: 0 | P18: 0 | Q18: 0 | R18: 0 | S18: 500กระสอบ | T18: 45894 | U18: 40000 | V18: 0 | W18: 40000 | X18: 0 | Y18: 42000 | Z18: WSWT1925800 | AA18: 35204.4 | AB18: 0 | AC18: 35204.4 | AD18: 0 | AE18: 0 | AF18: 0 | AG18: พร้อมส่ง | AH18: P7 | AI18: 2 | AJ18: 45894 | AK18: 0 | AL18: 45885 | AM18: 45892 | AN18: 45893 | AO18: 45893 | AP18: 45889 | AQ18: 0 | AR18: 0 | AS18: 0 | AT18: 0 | AU18: 0 | AV18: 0 | AW18: งานพิมพ์ | AX18: รอART | AY18: 0 | AZ18: 0 | BA18: 0 | BB18: 0 | BC18: WRWT25800/WRWT25800 | BD18: 2556.6218
A19: ประมาณการ | B19: ประมาณการ | C19: บจก.เอ็กเซลเล้นท์ | D19: รอแบบ | E19: 19 | F19: 30 | G19: ขาว | H19: 0 | I19: 60 | J19: ± | K19: 5 | L19: บิด | M19: ไม่สวมถุงใน | N19: 0 | O19: 0 | P19: 0 | Q19: 0 | R19: 0 | S19: 500กระสอบ | T19: 45894 | U19: 40000 | V19: 0 | W19: 40000 | X19: 0 | Y19: 42000 | Z19: WSWT1925800 | AA19: 35204.4 | AB19: 0 | AC19: 35204.4 | AD19: 0 | AE19: 0 | AF19: 0 | AG19: พร้อมส่ง | AH19: P7 | AI19: 2 | AJ19: 45894 | AK19: 0 | AL19: 45885 | AM19: 45892 | AN19: 45893 | AO19: 45893 | AP19: 45889 | AQ19: 0 | AR19: 0 | AS19: 0 | AT19: 0 | AU19: 0 | AV19: 0 | AW19: งานพิมพ์ | AX19: / | AY19: 0 | AZ19: 0 | BA19: 0 | BB19: 0 | BC19: WRWT25800/WRWT25800 | BD19: 2556.6218
A20: ประมาณการ | B20: ประมาณการ | C20: บจก.ไลม์มาสเตอร์ | D20: LMC 25 kg | E20: 19 | F20: 32 | G20: ขาว | H20: 0 | I20: 64 | J20: ± | K20: 5 | L20: ไม่ | M20: 20 | N20: 35 | O20: 40 | P20: 341.36903 | Q20: 0 | R20: 341.36903 | S20: 500กระสอบแบน | T20: 45894 | U20: 20000 | V20: 233 | W20: 19767 | X20: 0 | Y20: 20755.35 | Z20: WSWT1925800 | AA20: 18501.714 | AB20: 18501.714 | AC20: 0 | AD20: 0 | AE20: 0 | AF20: 0 | AG20: พร้อมส่ง | AH20: P9 | AI20: 3 | AJ20: 45894 | AK20: 0 | AL20: 45884 | AM20: 45891 | AN20: 45892 | AO20: 45892 | AP20: 45889 | AQ20: 45893 | AR20: 0 | AS20: 0 | AT20: 0 | AU20: 0 | AV20: 0 | AW20: งานพิมพ์ | AX20: รอART | AY20: 0 | AZ20: 0 | BA20: 0 | BB20: 0 | BC20: WRWT25800/WRWT25800 | BD20: 0
A21: 0 | B21: 0 | C21: 0 | D21: 0 | E21: 19 | F21: 30 | G21: ขาว | H21: 0 | I21: 60 | J21: ± | K21: 5 | L21: 0 | M21: 0 | N21: 0 | O21: 0 | P21: 0 | Q21: 0 | R21: 0 | S21: 0 | U21: 0 | V21: 0 | W21: 0 | X21: 0 | Y21: 0 | Z21: WSWT1925800 | AA21: 212125.91 | AB21: 87655.114 | AC21: 124470.8 | AD21: 0 | AE21: 0 | AF21: ระบุในSD | AG21: ยังไม่ได้พิมพ์ | AH21: 0 | AI21: Lead time | AJ21: 0 | AK21: 0 | AL21: 0 | AM21: 0 | AN21: 0 | AO21: 0 | AP21: 0 | AQ21: 0 | AR21: 0 | AS21: 0 | AT21: 0 | AU21: 0 | AV21: 0 | AW21: 0 | AX21: 0 | AY21: 0 | AZ21: 0 | BA21: 0 | BB21: 0 | BC21: WRWT25800/WRWT25800 | BD21: 0
A22: 45854 | B22: MK68-000891 | C22: บจก.เคอรี่ฟลาวมิลล์ | D22: ถุงทองแซนวิช | E22: 19 | F22: 32 | G22: ขาว | H22: 0 | I22: 67 | J22: + | K22: 5 | L22: บิด | M22: ไม่สวมถุงใน | N22: 0 | O22: 0 | P22: 0 | Q22: 0 | R22: 0 | S22: ห่ออัดเบลแบน500 | T22: 45860 | U22: 10000 | V22: 10000 | W22: 0 | X22: 10400 | Y22: 0 | Z22: WSWT1921720 | AA22: 0 | AB22: 0 | AC22: 0 | AD22: 0 | AE22: 0 | AF22: PDR250227 | AG22: ยังไม่ได้พิมพ์ | AH22: P7 | AI22: 2 | AJ22: 45860 | AK22: 0 | AL22: 45851 | AM22: 45858 | AN22: 45859 | AO22: 45859 | AP22: 45855 | AQ22: 0 | AR22: 0 | AS22: 0 | AT22: 0 | AU22: 0 | AV22: 0 | AW22: งานพิมพ์ | AX22: / | AY22: 0 | AZ22: 0 | BA22: 0 | BB22: 0 | BC22: WRWT21720/WRWT25800 | BD22: 0
A23: 45854 | B23: MK68-000891 | C23: บจก.เคอรี่ฟลาวมิลล์ | D23: ถุงเงิน | E23: 19 | F23: 32 | G23: ขาว | H23: 0 | I23: 67 | J23: + | K23: 5 | L23: บิด | M23: ไม่สวมถุงใน | N23: 0 | O23: 0 | P23: 0 | Q23: 0 | R23: 0 | S23: ห่ออัดเบลแบน500 | T23: 45860 | U23: 5000 | V23: 5189 | W23: 0 | X23: 5250 | Y23: 0 | Z23: WSWT1921720 | AA23: 0 | AB23: 0 | AC23: 0 | AD23: 0 | AE23: 0 | AF23: PDR250227 | AG23: ยังไม่ได้พิมพ์ | AH23: P7 | AI23: 2 | AJ23: 45860 | AK23: 0 | AL23: 45851 | AM23: 45858 | AN23: 45859 | AO23: 45859 | AP23: 45855 | AQ23: 0 | AR23: 0 | AS23: 0 | AT23: 0 | AU23: 0 | AV23: 0 | AW23: งานพิมพ์ | AX23: / | AY23: 0 | AZ23: 0 | BA23: 0 | BB23: 0 | BC23: WRWT21720/WRWT25800 | BD23: 0
A24: 45854 | B24: MK68-000891 | C24: บจก.เคอรี่ฟลาวมิลล์ | D24: WHOLE WHEAT | E24: 19 | F24: 32 | G24: ขาว | H24: 0 | I24: 67 | J24: + | K24: 5 | L24: บิด | M24: ไม่สวมถุงใน | N24: 0 | O24: 0 | P24: 0 | Q24: 0 | R24: 0 | S24: ห่ออัดเบลแบน500 | T24: 45860 | U24: 5000 | V24: 0 | W24: 5000 | X24: 0 | Y24: 5250 | Z24: WSWT1921720 | AA24: 4679.95 | AB24: 4679.95 | AC24: 0 | AD24: 0 | AE24: 0 | AF24: PDR250231 | AG24: พร้อมส่ง | AH24: P7 | AI24: 2 | AJ24: 45860 | AK24: 0 | AL24: 45851 | AM24: 45858 | AN24: 45859 | AO24: 45859 | AP24: 45855 | AQ24: 0 | AR24: 0 | AS24: 0 | AT24: 0 | AU24: 0 | AV24: 0 | AW24: งานพิมพ์ | AX24: / | AY24: 0 | AZ24: 0 | BA24: 0 | BB24: 0 | BC24: WRWT21720/WRWT25800 | BD24: 0
A25: 45857 | B25: MK68-000909 | C25: บจก.เคอรี่ฟลาวมิลล์ | D25: BS | E25: 19 | F25: 32 | G25: ขาว | H25: 0 | I25: 67 | J25: + | K25: 5 | L25: บิด | M25: ไม่สวมถุงใน | N25: 0 | O25: 0 | P25: 0 | Q25: 0 | R25: 0 | S25: ห่ออัดเบลแบน500 | T25: 45862 | U25: 5000 | V25: 0 | W25: 5000 | X25: 0 | Y25: 5250 | Z25: WSWT1921720 | AA25: 4679.95 | AB25: 4679.95 | AC25: 0 | AD25: 0 | AE25: 0 | AF25: PDR250242 | AG25: พร้อมส่ง | AH25: P7 | AI25: 2 | AJ25: 45862 | AK25: 0 | AL25: 45853 | AM25: 45860 | AN25: 45861 | AO25: 45861 | AP25: 45857 | AQ25: 0 | AR25: 0 | AS25: 0 | AT25: 0 | AU25: 0 | AV25: 0 | AW25: งานพิมพ์ | AX25: 0 | AY25: 0 | AZ25: 0 | BA25: 0 | BB25: 0 | BC25: WRWT21720/WRWT25800 | BD25: 0
A26: 45857 | B26: MK68-000909 | C26: บจก.เคอรี่ฟลาวมิลล์ | D26: BS | E26: 19 | F26: 32 | G26: ขาว | H26: 0 | I26: 67 | J26: + | K26: 5 | L26: บิด | M26: ไม่สวมถุงใน | N26: 0 | O26: 0 | P26: 0 | Q26: 0 | R26: 0 | S26: ห่ออัดเบลแบน500 | T26: 45878 | U26: 5000 | V26: 0 | W26: 5000 | X26: 0 | Y26: 5250 | Z26: WSWT1921720 | AA26: 4679.95 | AB26: 4679.95 | AC26: 0 | AD26: 0 | AE26: 0 | AF26: PDR250243 | AG26: พร้อมส่ง | AH26: P7 | AI26: 2 | AJ26: 45878 | AK26: 0 | AL26: 45869 | AM26: 45876 | AN26: 45877 | AO26: 45877 | AP26: 45873 | AQ26: 0 | AR26: 0 | AS26: 0 | AT26: 0 | AU26: 0 | AV26: 0 | AW26: งานพิมพ์ | AX26: 0 | AY26: 0 | AZ26: 0 | BA26: 0 | BB26: 0 | BC26: WRWT21720/WRWT25800 | BD26: 0
A27: 45843 | B27: MK68-000866 | C27: บจก.เคอรี่ฟลาวมิลล์ | D27: ถุงเงิน | E27: 19 | F27: 32 | G27: ขาว | H27: 0 | I27: 67 | J27: + | K27: 5 | L27: บิด | M27: ไม่สวมถุงใน | N27: 0 | O27: 0 | P27: 0 | Q27: 0 | R27: 0 | S27: ห่ออัดเบลแบน500 | T27: 45864 | U27: 5000 | V27: 5189 | W27: 0 | X27: 5400 | Y27: 0 | Z27: WSWT1921720 | AA27: 0 | AB27: 0 | AC27: 0 | AD27: 0 | AE27: 0 | AF27: PDR250212 | AG27: พร้อมส่ง | AH27: P7 | AI27: 2 | AJ27: 45864 | AK27: 0 | AL27: 45855 | AM27: 45862 | AN27: 45863 | AO27: 45863 | AP27: 45859 | AQ27: 0 | AR27: 0 | AS27: 0 | AT27: 0 | AU27: 0 | AV27: 0 | AW27: งานพิมพ์ | AX27: / | AY27: 0 | AZ27: 0 | BA27: 0 | BB27: 0 | BC27: WRWT21720/WRWT25800 | BD27: 0
A28: 45843 | B28: MK68-000866 | C28: บจก.เคอรี่ฟลาวมิลล์ | D28: ปลาโลมาแดง | E28: 19 | F28: 32 | G28: ขาว | H28: 0 | I28: 67 | J28: + | K28: 5 | L28: บิด | M28: ไม่สวมถุงใน | N28: 0 | O28: 0 | P28: 0 | Q28: 0 | R28: 0 | S28: ห่ออัดเบลแบน500 | T28: 45864 | U28: 5000 | V28: 5128 | W28: 0 | X28: 5400 | Y28: 0 | Z28: WSWT1921720 | AA28: 0 | AB28: 0 | AC28: 0 | AD28: 0 | AE28: 0 | AF28: PDR250212 | AG28: พร้อมส่ง | AH28: P7 | AI28: 2 | AJ28: 45864 | AK28: 0 | AL28: 45855 | AM28: 45862 | AN28: 45863 | AO28: 45863 | AP28: 45859 | AQ28: 0 | AR28: 0 | AS28: 0 | AT28: 0 | AU28: 0 | AV28: 0 | AW28: งานพิมพ์ | AX28: / | AY28: 0 | AZ28: 0 | BA28: 0 | BB28: 0 | BC28: WRWT21720/WRWT25800 | BD28: 0
A29: 45843 | B29: MK68-000866 | C29: บจก.เคอรี่ฟลาวมิลล์ | D29: แปดแต้มแดง | E29: 19 | F29: 32 | G29: ขาว | H29: 0 | I29: 67 | J29: + | K29: 5 | L29: บิด | M29: ไม่สวมถุงใน | N29: 0 | O29: 0 | P29: 0 | Q29: 0 | R29: 0 | S29: ห่ออัดเบลแบน500 | T29: 45864 | U29: 5000 | V29: 5049 | W29: 0 | X29: 5400 | Y29: 0 | Z29: WSWT1921720 | AA29: 0 | AB29: 0 | AC29: 0 | AD29: 0 | AE29: 0 | AF29: PDR250212 | AG29: พร้อมส่ง | AH29: P7 | AI29: 2 | AJ29: 45864 | AK29: 0 | AL29: 45855 | AM29: 45862 | AN29: 45863 | AO29: 45863 | AP29: 45859 | AQ29: 0 | AR29: 0 | AS29: 0 | AT29: 0 | AU29: 0 | AV29: 0 | AW29: งานพิมพ์ | AX29: / | AY29: 0 | AZ29: 0 | BA29: 0 | BB29: 0 | BC29: WRWT21720/WRWT25800 | BD29: 0
A30: 45843 | B30: MK68-000866 | C30: บจก.เคอรี่ฟลาวมิลล์ | D30: ดอกไม้เขียว | E30: 19 | F30: 32 | G30: ขาว | H30: 0 | I30: 67 | J30: + | K30: 5 | L30: บิด | M30: ไม่สวมถุงใน | N30: 0 | O30: 0 | P30: 0 | Q30: 0 | R30: 0 | S30: ห่ออัดเบลแบน500 | T30: 45864 | U30: 5000 | V30: 5072 | W30: 0 | X30: 5400 | Y30: 0 | Z30: WSWT1921720 | AA30: 0 | AB30: 0 | AC30: 0 | AD30: 0 | AE30: 0 | AF30: PDR250212 | AG30: พร้อมส่ง | AH30: P7 | AI30: 2 | AJ30: 45864 | AK30: 0 | AL30: 45855 | AM30: 45862 | AN30: 45863 | AO30: 45863 | AP30: 45859 | AQ30: 0 | AR30: 0 | AS30: 0 | AT30: 0 | AU30: 0 | AV30: 0 | AW30: งานพิมพ์ | AX30: / | AY30: 0 | AZ30: 0 | BA30: 0 | BB30: 0 | BC30: WRWT21720/WRWT25800 | BD30: 0
A31: 45843 | B31: MK68-000866 | C31: บจก.เคอรี่ฟลาวมิลล์ | D31: แต้มแดง | E31: 19 | F31: 32 | G31: ขาว | H31: 0 | I31: 67 | J31: + | K31: 5 | L31: บิด | M31: ไม่สวมถุงใน | N31: 0 | O31: 0 | P31: 0 | Q31: 0 | R31: 0 | S31: ห่ออัดเบลแบน500 | T31: 45867 | U31: 5000 | V31: 4597 | W31: 403 | X31: 5380 | Y31: 0 | Z31: WSWT1921720 | AA31: 0 | AB31: 0 | AC31: 0 | AD31: 0 | AE31: 0 | AF31: PDR250213 | AG31: รอตัด | AH31: P7 | AI31: 2 | AJ31: 45867 | AK31: 0 | AL31: 45858 | AM31: 45865 | AN31: 45866 | AO31: 45866 | AP31: 45862 | AQ31: 0 | AR31: 0 | AS31: 0 | AT31: 0 | AU31: 0 | AV31: 0 | AW31: งานพิมพ์ | AX31: / | AY31: 0 | AZ31: 0 | BA31: 0 | BB31: 0 | BC31: WRWT21720/WRWT25800 | BD31: 0
A32: 45843 | B32: MK68-000866 | C32: บจก.เคอรี่ฟลาวมิลล์ | D32: ดอกไม้แดง | E32: 19 | F32: 32 | G32: ขาว | H32: 0 | I32: 67 | J32: + | K32: 5 | L32: บิด | M32: ไม่สวมถุงใน | N32: 0 | O32: 0 | P32: 0 | Q32: 0 | R32: 0 | S32: ห่ออัดเบลแบน500 | T32: 45867 | U32: 5000 | V32: 5072 | W32: 0 | X32: 5400 | Y32: 0 | Z32: WSWT1921720 | AA32: 0 | AB32: 0 | AC32: 0 | AD32: 0 | AE32: 0 | AF32: PDR250213 | AG32: ยังไม่ได้พิมพ์ | AH32: P7 | AI32: 2 | AJ32: 45867 | AK32: 0 | AL32: 45858 | AM32: 45865 | AN32: 45866 | AO32: 45866 | AP32: 45862 | AQ32: 0 | AR32: 0 | AS32: 0 | AT32: 0 | AU32: 0 | AV32: 0 | AW32: งานพิมพ์ | AX32: / | AY32: 0 | AZ32: 0 | BA32: 0 | BB32: 0 | BC32: WRWT21720/WRWT25800 | BD32: 0
A33: 45843 | B33: MK68-000866 | C33: บจก.เคอรี่ฟลาวมิลล์ | D33: หีบเพลงฟ้า | E33: 19 | F33: 32 | G33: ขาว | H33: 0 | I33: 67 | J33: + | K33: 5 | L33: บิด | M33: ไม่สวมถุงใน | N33: 0 | O33: 0 | P33: 0 | Q33: 0 | R33: 0 | S33: ห่ออัดเบลแบน500 | T33: 45867 | U33: 5000 | V33: 4688 | W33: 312 | X33: 5400 | Y33: 0 | Z33: WSWT1921720 | AA33: 0 | AB33: 0 | AC33: 0 | AD33: 0 | AE33: 0 | AF33: PDR250213 | AG33: รอตัด | AH33: P7 | AI33: 2 | AJ33: 45867 | AK33: 0 | AL33: 45858 | AM33: 45865 | AN33: 45866 | AO33: 45866 | AP33: 45862 | AQ33: 0 | AR33: 0 | AS33: 0 | AT33: 0 | AU33: 0 | AV33: 0 | AW33: งานพิมพ์ | AX33: / | AY33: 0 | AZ33: 0 | BA33: 0 | BB33: 0 | BC33: WRWT21720/WRWT25800 | BD33: 0
A34: 45854 | B34: MK68-000890 | C34: บจก.เคอรี่ฟลาวมิลล์ | D34: HARD FLOUR | E34: 19 | F34: 32 | G34: ขาว | H34: 0 | I34: 67 | J34: + | K34: 5 | L34: บิด | M34: ไม่สวมถุงใน | N34: 0 | O34: 0 | P34: 0 | Q34: 0 | R34: 0 | S34: ห่ออัดเบลแบน500 | T34: 45869 | U34: 5000 | V34: 0 | W34: 5000 | X34: 5400 | Y34: 0 | Z34: WSWT1921720 | AA34: 0 | AB34: 0 | AC34: 0 | AD34: 0 | AE34: 0 | AF34: PDR250226 | AG34: พร้อมส่ง | AH34: P7 | AI34: 2 | AJ34: 45869 | AK34: 0 | AL34: 45860 | AM34: 45867 | AN34: 45868 | AO34: 45868 | AP34: 45864 | AQ34: 0 | AR34: 0 | AS34: 0 | AT34: 0 | AU34: 0 | AV34: 0 | AW34: งานพิมพ์ | AX34: / | AY34: 0 | AZ34: 0 | BA34: 0 | BB34: 0 | BC34: WRWT21720/WRWT25800 | BD34: 0
A35: 45854 | B35: MK68-000890 | C35: บจก.เคอรี่ฟลาวมิลล์ | D35: ดอกไม้เขียว | E35: 19 | F35: 32 | G35: ขาว | H35: 0 | I35: 67 | J35: + | K35: 5 | L35: บิด | M35: ไม่สวมถุงใน | N35: 0 | O35: 0 | P35: 0 | Q35: 0 | R35: 0 | S35: ห่ออัดเบลแบน500 | T35: 45869 | U35: 5000 | V35: 0 | W35: 5000 | X35: 0 | Y35: 5250 | Z35: WSWT1921720 | AA35: 4679.95 | AB35: 4679.95 | AC35: 0 | AD35: 0 | AE35: 0 | AF35: PDR250226 | AG35: ยังไม่ได้พิมพ์ | AH35: P7 | AI35: 2 | AJ35: 45869 | AK35: 0 | AL35: 45860 | AM35: 45867 | AN35: 45868 | AO35: 45868 | AP35: 45864 | AQ35: 0 | AR35: 0 | AS35: 0 | AT35: 0 | AU35: 0 | AV35: 0 | AW35: งานพิมพ์ | AX35: / | AY35: 0 | AZ35: 0 | BA35: 0 | BB35: 0 | BC35: WRWT21720/WRWT25800 | BD35: 0
A36: 45854 | B36: MK68-000890 | C36: บจก.เคอรี่ฟลาวมิลล์ | D36: 997 | E36: 19 | F36: 32 | G36: ขาว | H36: 0 | I36: 67 | J36: + | K36: 5 | L36: ไม่ | M36: ไม่สวมถุงใน | N36: 0 | O36: 0 | P36: 0 | Q36: 0 | R36: 0 | S36: ห่ออัดเบลแบน500 | T36: 45869 | U36: 5000 | V36: 0 | W36: 5000 | X36: 5300 | Y36: 0 | Z36: WSWT1921720 | AA36: 0 | AB36: 0 | AC36: 0 | AD36: 0 | AE36: 0 | AF36: PDR250226 | AG36: พร้อมส่ง | AH36: P7 | AI36: 2 | AJ36: 45869 | AK36: 0 | AL36: 45860 | AM36: 45867 | AN36: 45868 | AO36: 45868 | AP36: 45864 | AQ36: 0 | AR36: 0 | AS36: 0 | AT36: 0 | AU36: 0 | AV36: 0 | AW36: งานพิมพ์ | AX36: / | AY36: 0 | AZ36: 0 | BA36: 0 | BB36: 0 | BC36: WRWT21720/WRWT25800 | BD36: 0
A37: 45854 | B37: MK68-000891 | C37: บจก.เคอรี่ฟลาวมิลล์ | D37: ถุงเขียว | E37: 19 | F37: 32 | G37: ขาว | H37: 0 | I37: 67 | J37: + | K37: 5 | L37: บิด | M37: ไม่สวมถุงใน | N37: 0 | O37: 0 | P37: 0 | Q37: 0 | R37: 0 | S37: ห่ออัดเบลแบน500 | T37: 45869 | U37: 10000 | V37: 10000 | W37: 0 | X37: 10300 | Y37: 0 | Z37: WSWT1921720 | AA37: 0 | AB37: 0 | AC37: 0 | AD37: 0 | AE37: 0 | AF37: PDR250227 | AG37: รอตัด | AH37: P7 | AI37: 2 | AJ37: 45869 | AK37: 0 | AL37: 45860 | AM37: 45867 | AN37: 45868 | AO37: 45868 | AP37: 45864 | AQ37: 0 | AR37: 0 | AS37: 0 | AT37: 0 | AU37: 0 | AV37: 0 | AW37: งานพิมพ์ | AX37: / | AY37: 0 | AZ37: 0 | BA37: 0 | BB37: 0 | BC37: WRWT21720/WRWT25800 | BD37: 0
A38: 45854 | B38: MK68-000890 | C38: บจก.เคอรี่ฟลาวมิลล์ | D38: ปลาโลมาเทา | E38: 19 | F38: 32 | G38: ขาว | H38: 0 | I38: 67 | J38: + | K38: 5 | L38: บิด | M38: ไม่สวมถุงใน | N38: 0 | O38: 0 | P38: 0 | Q38: 0 | R38: 0 | S38: ห่ออัดเบลแบน500 | T38: 45871 | U38: 5000 | V38: 0 | W38: 5000 | X38: 0 | Y38: 5250 | Z38: WSWT1921720 | AA38: 4679.95 | AB38: 4679.95 | AC38: 0 | AD38: 0 | AE38: 0 | AF38: PDR250228 | AG38: รอตัด | AH38: P7 | AI38: 2 | AJ38: 45871 | AK38: 0 | AL38: 45862 | AM38: 45869 | AN38: 45870 | AO38: 45870 | AP38: 45866 | AQ38: 0 | AR38: 0 | AS38: 0 | AT38: 0 | AU38: 0 | AV38: 0 | AW38: งานพิมพ์ | AX38: / | AY38: 0 | AZ38: 0 | BA38: 0 | BB38: 0 | BC38: WRWT21720/WRWT25800 | BD38: 0
A39: 45854 | B39: MK68-000890 | C39: บจก.เคอรี่ฟลาวมิลล์ | D39: ถุงเขียว | E39: 19 | F39: 32 | G39: ขาว | H39: 0 | I39: 67 | J39: + | K39: 5 | L39: บิด | M39: ไม่สวมถุงใน | N39: 0 | O39: 0 | P39: 0 | Q39: 0 | R39: 0 | S39: ห่ออัดเบลแบน500 | T39: 45871 | U39: 10000 | V39: 10000 | W39: 0 | X39: 11110 | Y39: 0 | Z39: WSWT1921720 | AA39: 0 | AB39: 0 | AC39: 0 | AD39: 0 | AE39: 0 | AF39: PDR250228 | AG39: ยังไม่ได้พิมพ์ | AH39: P7 | AI39: 2 | AJ39: 45871 | AK39: 0 | AL39: 45862 | AM39: 45869 | AN39: 45870 | AO39: 45870 | AP39: 45866 | AQ39: 0 | AR39: 0 | AS39: 0 | AT39: 0 | AU39: 0 | AV39: 0 | AW39: งานพิมพ์ | AX39: / | AY39: 0 | AZ39: 0 | BA39: 0 | BB39: 0 | BC39: WRWT21720/WRWT25800 | BD39: 0
A40: 45854 | B40: MK68-000890 | C40: บจก.เคอรี่ฟลาวมิลล์ | D40: ถุงทองแซนวิช | E40: 19 | F40: 32 | G40: ขาว | H40: 0 | I40: 67 | J40: + | K40: 5 | L40: บิด | M40: ไม่สวมถุงใน | N40: 0 | O40: 0 | P40: 0 | Q40: 0 | R40: 0 | S40: ห่ออัดเบลแบน500 | T40: 45871 | U40: 5000 | V40: 0 | W40: 5000 | X40: 5500 | Y40: 0 | Z40: WSWT1921720 | AA40: 0 | AB40: 0 | AC40: 0 | AD40: 0 | AE40: 0 | AF40: PDR250228 | AG40: ยังไม่ได้พิมพ์ | AH40: P7 | AI40: 2 | AJ40: 45871 | AK40: 0 | AL40: 45862 | AM40: 45869 | AN40: 45870 | AO40: 45870 | AP40: 45866 | AQ40: 0 | AR40: 0 | AS40: 0 | AT40: 0 | AU40: 0 | AV40: 0 | AW40: งานพิมพ์ | AX40: / | AY40: 0 | AZ40: 0 | BA40: 0 | BB40: 0 | BC40: WRWT21720/WRWT25800 | BD40: 0
A41: 45854 | B41: MK68-000890 | C41: บจก.เคอรี่ฟลาวมิลล์ | D41: ถุงเงิน | E41: 19 | F41: 32 | G41: ขาว | H41: 0 | I41: 67 | J41: + | K41: 5 | L41: บิด | M41: ไม่สวมถุงใน | N41: 0 | O41: 0 | P41: 0 | Q41: 0 | R41: 0 | S41: ห่ออัดเบลแบน500 | T41: 45871 | U41: 5000 | V41: 0 | W41: 5000 | X41: 5250 | Y41: 0 | Z41: WSWT1921720 | AA41: 0 | AB41: 0 | AC41: 0 | AD41: 0 | AE41: 0 | AF41: PDR250228 | AG41: ยังไม่ได้พิมพ์ | AH41: P7 | AI41: 2 | AJ41: 45871 | AK41: 0 | AL41: 45862 | AM41: 45869 | AN41: 45870 | AO41: 45870 | AP41: 45866 | AQ41: 0 | AR41: 0 | AS41: 0 | AT41: 0 | AU41: 0 | AV41: 0 | AW41: งานพิมพ์ | AX41: / | AY41: 0 | AZ41: 0 | BA41: 0 | BB41: 0 | BC41: WRWT21720/WRWT25800 | BD41: 0
A42: 45854 | B42: MK68-000891 | C42: บจก.เคอรี่ฟลาวมิลล์ | D42: ปลาโลมาแดง | E42: 19 | F42: 32 | G42: ขาว | H42: 0 | I42: 67 | J42: + | K42: 5 | L42: บิด | M42: ไม่สวมถุงใน | N42: 0 | O42: 0 | P42: 0 | Q42: 0 | R42: 0 | S42: ห่ออัดเบลแบน500 | T42: 45871 | U42: 5000 | V42: 0 | W42: 5000 | X42: 0 | Y42: 5250 | Z42: WSWT1921720 | AA42: 4679.95 | AB42: 4679.95 | AC42: 0 | AD42: 0 | AE42: 0 | AF42: PDR250229 | AG42: ยังไม่ได้พิมพ์ | AH42: P7 | AI42: 2 | AJ42: 45871 | AK42: 0 | AL42: 45862 | AM42: 45869 | AN42: 45870 | AO42: 45870 | AP42: 45866 | AQ42: 0 | AR42: 0 | AS42: 0 | AT42: 0 | AU42: 0 | AV42: 0 | AW42: งานพิมพ์ | AX42: / | AY42: 0 | AZ42: 0 | BA42: 0 | BB42: 0 | BC42: WRWT21720/WRWT25800 | BD42: 0
A43: 45854 | B43: MK68-000891 | C43: บจก.เคอรี่ฟลาวมิลล์ | D43: ดอกไม้เหลือง | E43: 19 | F43: 32 | G43: ขาว | H43: 0 | I43: 67 | J43: + | K43: 5 | L43: บิด | M43: ไม่สวมถุงใน | N43: 0 | O43: 0 | P43: 0 | Q43: 0 | R43: 0 | S43: ห่ออัดเบลแบน500 | T43: 45871 | U43: 5000 | V43: 0 | W43: 5000 | X43: 0 | Y43: 5250 | Z43: WSWT1921720 | AA43: 4679.95 | AB43: 4679.95 | AC43: 0 | AD43: 0 | AE43: 0 | AF43: PDR250229 | AG43: ยังไม่ได้พิมพ์ | AH43: P7 | AI43: 2 | AJ43: 45871 | AK43: 0 | AL43: 45862 | AM43: 45869 | AN43: 45870 | AO43: 45870 | AP43: 45866 | AQ43: 0 | AR43: 0 | AS43: 0 | AT43: 0 | AU43: 0 | AV43: 0 | AW43: งานพิมพ์ | AX43: / | AY43: 0 | AZ43: 0 | BA43: 0 | BB43: 0 | BC43: WRWT21720/WRWT25800 | BD43: 0
A44: 45854 | B44: MK68-000891 | C44: บจก.เคอรี่ฟลาวมิลล์ | D44: FW-Y | E44: 19 | F44: 32 | G44: ขาว | H44: 0 | I44: 67 | J44: + | K44: 5 | L44: ไม่ | M44: ไม่สวมถุงใน | N44: 0 | O44: 0 | P44: 0 | Q44: 0 | R44: 0 | S44: ห่ออัดเบลแบน500 | T44: 45871 | U44: 5000 | V44: 0 | W44: 5000 | X44: 0 | Y44: 5250 | Z44: WSWT1921720 | AA44: 4679.95 | AB44: 4679.95 | AC44: 0 | AD44: 0 | AE44: 0 | AF44: PDR250229 | AG44: ยังไม่ได้พิมพ์ | AH44: P7 | AI44: 2 | AJ44: 45871 | AK44: 0 | AL44: 45862 | AM44: 45869 | AN44: 45870 | AO44: 45870 | AP44: 45866 | AQ44: 0 | AR44: 0 | AS44: 0 | AT44: 0 | AU44: 0 | AV44: 0 | AW44: งานพิมพ์ | AX44: / | AY44: 0 | AZ44: 0 | BA44: 0 | BB44: 0 | BC44: WRWT21720/WRWT25800 | BD44: 0
A45: 45854 | B45: MK68-000891 | C45: บจก.เคอรี่ฟลาวมิลล์ | D45: 8S | E45: 19 | F45: 32 | G45: ขาว | H45: 0 | I45: 67 | J45: + | K45: 5 | L45: ไม่ | M45: ไม่สวมถุงใน | N45: 0 | O45: 0 | P45: 0 | Q45: 0 | R45: 0 | S45: ห่ออัดเบลแบน500 | T45: 45871 | U45: 5000 | V45: 0 | W45: 5000 | X45: 0 | Y45: 5250 | Z45: WSWT1921720 | AA45: 4679.95 | AB45: 4679.95 | AC45: 0 | AD45: 0 | AE45: 0 | AF45: PDR250229 | AG45: ยังไม่ได้พิมพ์ | AH45: P7 | AI45: 2 | AJ45: 45871 | AK45: 0 | AL45: 45862 | AM45: 45869 | AN45: 45870 | AO45: 45870 | AP45: 45866 | AQ45: 0 | AR45: 0 | AS45: 0 | AT45: 0 | AU45: 0 | AV45: 0 | AW45: งานพิมพ์ | AX45: / | AY45: 0 | AZ45: 0 | BA45: 0 | BB45: 0 | BC45: WRWT21720/WRWT25800 | BD45: 0
A46: 45854 | B46: MK68-000891 | C46: บจก.เคอรี่ฟลาวมิลล์ | D46: หีบเพลงแดง | E46: 19 | F46: 32 | G46: ขาว | H46: 0 | I46: 67 | J46: + | K46: 5 | L46: บิด | M46: ไม่สวมถุงใน | N46: 0 | O46: 0 | P46: 0 | Q46: 0 | R46: 0 | S46: ห่ออัดเบลแบน500 | T46: 45871 | U46: 5000 | V46: 0 | W46: 5000 | X46: 0 | Y46: 5250 | Z46: WSWT1921720 | AA46: 4679.95 | AB46: 4679.95 | AC46: 0 | AD46: 0 | AE46: 0 | AF46: PDR250229 | AG46: ยังไม่ได้พิมพ์ | AH46: P7 | AI46: 2 | AJ46: 45871 | AK46: 0 | AL46: 45862 | AM46: 45869 | AN46: 45870 | AO46: 45870 | AP46: 45866 | AQ46: 0 | AR46: 0 | AS46: 0 | AT46: 0 | AU46: 0 | AV46: 0 | AW46: งานพิมพ์ | AX46: / | AY46: 0 | AZ46: 0 | BA46: 0 | BB46: 0 | BC46: WRWT21720/WRWT25800 | BD46: 0
A47: 45854 | B47: MK68-000890 | C47: บจก.เคอรี่ฟลาวมิลล์ | D47: ถุงเขียว | E47: 19 | F47: 32 | G47: ขาว | H47: 0 | I47: 67 | J47: + | K47: 5 | L47: บิด | M47: ไม่สวมถุงใน | N47: 0 | O47: 0 | P47: 0 | Q47: 0 | R47: 0 | S47: ห่ออัดเบลแบน500 | T47: 45874 | U47: 10000 | V47: 0 | W47: 10000 | X47: 0 | Y47: 10500 | Z47: WSWT1921720 | AA47: 9359.9 | AB47: 9359.9 | AC47: 0 | AD47: 0 | AE47: 0 | AF47: PDR250230 | AG47: ยังไม่ได้พิมพ์ | AH47: P7 | AI47: 2 | AJ47: 45874 | AK47: 0 | AL47: 45865 | AM47: 45872 | AN47: 45873 | AO47: 45873 | AP47: 45869 | AQ47: 0 | AR47: 0 | AS47: 0 | AT47: 0 | AU47: 0 | AV47: 0 | AW47: งานพิมพ์ | AX47: / | AY47: 0 | AZ47: 0 | BA47: 0 | BB47: 0 | BC47: WRWT21720/WRWT25800 | BD47: 0
A48: 45854 | B48: MK68-000890 | C48: บจก.เคอรี่ฟลาวมิลล์ | D48: แต้มแดง | E48: 19 | F48: 32 | G48: ขาว | H48: 0 | I48: 67 | J48: + | K48: 5 | L48: บิด | M48: ไม่สวมถุงใน | N48: 0 | O48: 0 | P48: 0 | Q48: 0 | R48: 0 | S48: ห่ออัดเบลแบน500 | T48: 45874 | U48: 5000 | V48: 0 | W48: 5000 | X48: 0 | Y48: 5250 | Z48: WSWT1921720 | AA48: 4679.95 | AB48: 4679.95 | AC48: 0 | AD48: 0 | AE48: 0 | AF48: PDR250230 | AG48: ยังไม่ได้พิมพ์ | AH48: P7 | AI48: 2 | AJ48: 45874 | AK48: 0 | AL48: 45865 | AM48: 45872 | AN48: 45873 | AO48: 45873 | AP48: 45869 | AQ48: 0 | AR48: 0 | AS48: 0 | AT48: 0 | AU48: 0 | AV48: 0 | AW48: งานพิมพ์ | AX48: / | AY48: 0 | AZ48: 0 | BA48: 0 | BB48: 0 | BC48: WRWT21720/WRWT25800 | BD48: 0
... A61: 45854 | B61: MK68-000890 | C61: บจก.เคอรี่ฟลาวมิลล์ | D61: บลูทีมเหลือง | E61: 19 | F61: 32 | G61: ขาว | H61: 0 | I61: 67 | J61: + | K61: 5 | L61: บิด | M61: ไม่สวมถุงใน | N61: 0 | O61: 0 | P61: 0 | Q61: 0 | R61: 0 | S61: ห่ออัดเบลแบน500 | T61: 45878 | U61: 5000 | V61: 0 | W61: 5000 | X61: 0 | Y61: 5250 | Z61: WSWT1921720 | AA61: 4679.95 | AB61: 0 | AC61: 4679.95 | AD61: 0 | AE61: 0 | AF61: PDR250233 | AG61: ยังไม่ได้พิมพ์ | AH61: P7 | AI61: 2 | AJ61: 45878 | AK61: 0 | AL61: 45869 | AM61: 45876 | AN61: 45877 | AO61: 45877 | AP61: 45873 | AQ61: 0 | AR61: 0 | AS61: 0 | AT61: 0 | AU61: 0 | AV61: 0 | AW61: งานพิมพ์ | AX61: / | AY61: 0 | AZ61: 0 | BA61: 0 | BB61: 0 | BC61: WRWT21720/WRWT25800 | BD61: 352.51463
A62: 45857 | B62: MK68-000911 | C62: บจก.เคอรี่ฟลาวมิลล์ | D62: ไม่พิมพ์ | E62: 19 | F62: 36 | G62: ขาว | H62: 0 | I62: 75 | J62: + | K62: 5 | L62: ไม่ | M62: ไม่สวมถุงใน | N62: 0 | O62: 0 | P62: 0 | Q62: 0 | R62: 0 | S62: ห่ออัดเบลแบน500 | T62: 45883 | U62: 10000 | V62: 0 | W62: 10000 | X62: 0 | Y62: 0 | Z62: WSWT1921720 | AA62: 10477.5 | AB62: 0 | AC62: 10477.5 | AD62: 0 | AE62: 0 | AF62: PDR250239 | AG62: ยังไม่ได้พิมพ์ | AH62: P3 | AI62: 1 | AJ62: 45883 | AK62: 0 | AL62: 0 | AM62: 0 | AN62: 0 | AO62: 45882 | AP62: 45878 | AQ62: 0 | AR62: 0 | AS62: 0 | AT62: 0 | AU62: 0 | AV62: 0 | AW62: ตัด | AX62: 0 | AY62: 0 | AZ62: 0 | BA62: 0 | BB62: 0 | BC62: WRWT21720/WRWT25800 | BD62: 789.21187
A63: 45857 | B63: MK68-000909 | C63: บจก.เคอรี่ฟลาวมิลล์ | D63: ปลาโลมาเทา | E63: 19 | F63: 32 | G63: ขาว | H63: 0 | I63: 67 | J63: + | K63: 5 | L63: บิด | M63: ไม่สวมถุงใน | N63: 0 | O63: 0 | P63: 0 | Q63: 0 | R63: 0 | S63: ห่ออัดเบลแบน500 | T63: 45874 | U63: 5000 | V63: 0 | W63: 5000 | X63: 0 | Y63: 5250 | Z63: WSWT1921720 | AA63: 4679.95 | AB63: 0 | AC63: 4679.95 | AD63: 0 | AE63: 0 | AF63: PDR250235 | AG63: ยังไม่ได้พิมพ์ | AH63: P7 | AI63: 2 | AJ63: 45874 | AK63: 0 | AL63: 45865 | AM63: 45872 | AN63: 45873 | AO63: 45873 | AP63: 45869 | AQ63: 0 | AR63: 0 | AS63: 0 | AT63: 0 | AU63: 0 | AV63: 0 | AW63: งานพิมพ์ | AX63: / | AY63: 0 | AZ63: 0 | BA63: 0 | BB63: 0 | BC63: WRWT21720/WRWT25800 | BD63: 352.51463
A64: 45857 | B64: MK68-000910 | C64: บจก.เคอรี่ฟลาวมิลล์ | D64: ถุงทองแซนวิช | E64: 19 | F64: 32 | G64: ขาว | H64: 0 | I64: 67 | J64: + | K64: 5 | L64: บิด | M64: ไม่สวมถุงใน | N64: 0 | O64: 0 | P64: 0 | Q64: 0 | R64: 0 | S64: ห่ออัดเบลแบน500 | T64: 45876 | U64: 10000 | V64: 0 | W64: 10000 | X64: 0 | Y64: 10500 | Z64: WSWT1921720 | AA64: 9359.9 | AB64: 0 | AC64: 9359.9 | AD64: 0 | AE64: 0 | AF64: PDR250236 | AG64: ยังไม่ได้พิมพ์ | AH64: P7 | AI64: 2 | AJ64: 45876 | AK64: 0 | AL64: 45867 | AM64: 45874 | AN64: 45875 | AO64: 45875 | AP64: 45871 | AQ64: 0 | AR64: 0 | AS64: 0 | AT64: 0 | AU64: 0 | AV64: 0 | AW64: งานพิมพ์ | AX64: / | AY64: 0 | AZ64: 0 | BA64: 0 | BB64: 0 | BC64: WRWT21720/WRWT25800 | BD64: 705.02927
A65: 45857 | B65: MK68-000909 | C65: บจก.เคอรี่ฟลาวมิลล์ | D65: HARD FLOUR | E65: 19 | F65: 32 | G65: ขาว | H65: 0 | I65: 67 | J65: + | K65: 5 | L65: บิด | M65: ไม่สวมถุงใน | N65: 0 | O65: 0 | P65: 0 | Q65: 0 | R65: 0 | S65: ห่ออัดเบลแบน500 | T65: 45876 | U65: 5000 | V65: 0 | W65: 5000 | X65: 0 | Y65: 5250 | Z65: WSWT1921720 | AA65: 4679.95 | AB65: 0 | AC65: 4679.95 | AD65: 0 | AE65: 0 | AF65: PDR250237 | AG65: ยังไม่ได้พิมพ์ | AH65: P7 | AI65: 2 | AJ65: 45876 | AK65: 0 | AL65: 45867 | AM65: 45874 | AN65: 45875 | AO65: 45875 | AP65: 45871 | AQ65: 0 | AR65: 0 | AS65: 0 | AT65: 0 | AU65: 0 | AV65: 0 | AW65: งานพิมพ์ | AX65: / | AY65: 0 | AZ65: 0 | BA65: 0 | BB65: 0 | BC65: WRWT21720/WRWT25800 | BD65: 352.51463
A66: 45857 | B66: MK68-000909 | C66: บจก.เคอรี่ฟลาวมิลล์ | D66: ปลาโลมาแดง | E66: 19 | F66: 32 | G66: ขาว | H66: 0 | I66: 67 | J66: + | K66: 5 | L66: บิด | M66: ไม่สวมถุงใน | N66: 0 | O66: 0 | P66: 0 | Q66: 0 | R66: 0 | S66: ห่ออัดเบลแบน500 | T66: 45876 | U66: 5000 | V66: 0 | W66: 5000 | X66: 0 | Y66: 5250 | Z66: WSWT1921720 | AA66: 4679.95 | AB66: 0 | AC66: 4679.95 | AD66: 0 | AE66: 0 | AF66: PDR250237 | AG66: ยังไม่ได้พิมพ์ | AH66: P7 | AI66: 2 | AJ66: 45876 | AK66: 0 | AL66: 45867 | AM66: 45874 | AN66: 45875 | AO66: 45875 | AP66: 45871 | AQ66: 0 | AR66: 0 | AS66: 0 | AT66: 0 | AU66: 0 | AV66: 0 | AW66: งานพิมพ์ | AX66: / | AY66: 0 | AZ66: 0 | BA66: 0 | BB66: 0 | BC66: WRWT21720/WRWT25800 | BD66: 352.51463
A67: 45857 | B67: MK68-000909 | C67: บจก.เคอรี่ฟลาวมิลล์ | D67: FW-Y | E67: 19 | F67: 32 | G67: ขาว | H67: 0 | I67: 67 | J67: + | K67: 5 | L67: ไม่ | M67: ไม่สวมถุงใน | N67: 0 | O67: 0 | P67: 0 | Q67: 0 | R67: 0 | S67: ห่ออัดเบลแบน500 | T67: 45876 | U67: 5000 | V67: 0 | W67: 5000 | X67: 0 | Y67: 5250 | Z67: WSWT1921720 | AA67: 4679.95 | AB67: 0 | AC67: 4679.95 | AD67: 0 | AE67: 0 | AF67: PDR250237 | AG67: ยังไม่ได้พิมพ์ | AH67: P7 | AI67: 2 | AJ67: 45876 | AK67: 0 | AL67: 45867 | AM67: 45874 | AN67: 45875 | AO67: 45875 | AP67: 45871 | AQ67: 0 | AR67: 0 | AS67: 0 | AT67: 0 | AU67: 0 | AV67: 0 | AW67: งานพิมพ์ | AX67: / | AY67: 0 | AZ67: 0 | BA67: 0 | BB67: 0 | BC67: WRWT21720/WRWT25800 | BD67: 352.51463
A68: 45857 | B68: MK68-000909 | C68: บจก.เคอรี่ฟลาวมิลล์ | D68: ดอกไม้เขียว | E68: 19 | F68: 32 | G68: ขาว | H68: 0 | I68: 67 | J68: + | K68: 5 | L68: บิด | M68: ไม่สวมถุงใน | N68: 0 | O68: 0 | P68: 0 | Q68: 0 | R68: 0 | S68: ห่ออัดเบลแบน500 | T68: 45876 | U68: 5000 | V68: 0 | W68: 5000 | X68: 0 | Y68: 5250 | Z68: WSWT1921720 | AA68: 4679.95 | AB68: 0 | AC68: 4679.95 | AD68: 0 | AE68: 0 | AF68: PDR250237 | AG68: ยังไม่ได้พิมพ์ | AH68: P7 | AI68: 2 | AJ68: 45876 | AK68: 0 | AL68: 45867 | AM68: 45874 | AN68: 45875 | AO68: 45875 | AP68: 45871 | AQ68: 0 | AR68: 0 | AS68: 0 | AT68: 0 | AU68: 0 | AV68: 0 | AW68: งานพิมพ์ | AX68: / | AY68: 0 | AZ68: 0 | BA68: 0 | BB68: 0 | BC68: WRWT21720/WRWT25800 | BD68: 352.51463
A69: 45857 | B69: MK68-000909 | C69: บจก.เคอรี่ฟลาวมิลล์ | D69: WHOLE WHEAT | E69: 19 | F69: 32 | G69: ขาว | H69: 0 | I69: 67 | J69: + | K69: 5 | L69: บิด | M69: ไม่สวมถุงใน | N69: 0 | O69: 0 | P69: 0 | Q69: 0 | R69: 0 | S69: ห่ออัดเบลแบน500 | T69: 45876 | U69: 5000 | V69: 0 | W69: 5000 | X69: 0 | Y69: 5250 | Z69: WSWT1921720 | AA69: 4679.95 | AB69: 0 | AC69: 4679.95 | AD69: 0 | AE69: 0 | AF69: PDR250237 | AG69: ยังไม่ได้พิมพ์ | AH69: P7 | AI69: 2 | AJ69: 45876 | AK69: 0 | AL69: 45867 | AM69: 45874 | AN69: 45875 | AO69: 45875 | AP69: 45871 | AQ69: 0 | AR69: 0 | AS69: 0 | AT69: 0 | AU69: 0 | AV69: 0 | AW69: งานพิมพ์ | AX69: / | AY69: 0 | AZ69: 0 | BA69: 0 | BB69: 0 | BC69: WRWT21720/WRWT25800 | BD69: 352.51463
A70: 45857 | B70: MK68-000909 | C70: บจก.เคอรี่ฟลาวมิลล์ | D70: บะหมี่เตี๊ยว | E70: 19 | F70: 32 | G70: ขาว | H70: 0 | I70: 67 | J70: + | K70: 5 | L70: บิด | M70: ไม่สวมถุงใน | N70: 0 | O70: 0 | P70: 0 | Q70: 0 | R70: 0 | S70: ห่ออัดเบลแบน500 | T70: 45878 | U70: 5000 | V70: 0 | W70: 5000 | X70: 0 | Y70: 5250 | Z70: WSWT1921720 | AA70: 4679.95 | AB70: 0 | AC70: 4679.95 | AD70: 0 | AE70: 0 | AF70: PDR250238 | AG70: ยังไม่ได้พิมพ์ | AH70: P7 | AI70: 2 | AJ70: 45878 | AK70: 0 | AL70: 45869 | AM70: 45876 | AN70: 45877 | AO70: 45877 | AP70: 45873 | AQ70: 0 | AR70: 0 | AS70: 0 | AT70: 0 | AU70: 0 | AV70: 0 | AW70: งานพิมพ์ | AX70: / | AY70: 0 | AZ70: 0 | BA70: 0 | BB70: 0 | BC70: WRWT21720/WRWT25800 | BD70: 352.51463
A71: 45857 | B71: MK68-000909 | C71: บจก.เคอรี่ฟลาวมิลล์ | D71: ถุงเขียว | E71: 19 | F71: 32 | G71: ขาว | H71: 0 | I71: 67 | J71: + | K71: 5 | L71: บิด | M71: ไม่สวมถุงใน | N71: 0 | O71: 0 | P71: 0 | Q71: 0 | R71: 0 | S71: ห่ออัดเบลแบน500 | T71: 45878 | U71: 10000 | V71: 0 | W71: 10000 | X71: 0 | Y71: 10500 | Z71: WSWT1921720 | AA71: 9359.9 | AB71: 0 | AC71: 9359.9 | AD71: 0 | AE71: 0 | AF71: PDR250238 | AG71: ยังไม่ได้พิมพ์ | AH71: P7 | AI71: 2 | AJ71: 45878 | AK71: 0 | AL71: 45869 | AM71: 45876 | AN71: 45877 | AO71: 45877 | AP71: 45873 | AQ71: 0 | AR71: 0 | AS71: 0 | AT71: 0 | AU71: 0 | AV71: 0 | AW71: งานพิมพ์ | AX71: / | AY71: 0 | AZ71: 0 | BA71: 0 | BB71: 0 | BC71: WRWT21720/WRWT25800 | BD71: 705.02927
A72: 45857 | B72: MK68-000909 | C72: บจก.เคอรี่ฟลาวมิลล์ | D72: ถุงทองแซนวิช | E72: 19 | F72: 32 | G72: ขาว | H72: 0 | I72: 67 | J72: + | K72: 5 | L72: บิด | M72: ไม่สวมถุงใน | N72: 0 | O72: 0 | P72: 0 | Q72: 0 | R72: 0 | S72: ห่ออัดเบลแบน500 | T72: 45878 | U72: 10000 | V72: 0 | W72: 10000 | X72: 0 | Y72: 10500 | Z72: WSWT1921720 | AA72: 9359.9 | AB72: 0 | AC72: 9359.9 | AD72: 0 | AE72: 0 | AF72: PDR250238 | AG72: ยังไม่ได้พิมพ์ | AH72: P7 | AI72: 2 | AJ72: 45878 | AK72: 0 | AL72: 45869 | AM72: 45876 | AN72: 45877 | AO72: 45877 | AP72: 45873 | AQ72: 0 | AR72: 0 | AS72: 0 | AT72: 0 | AU72: 0 | AV72: 0 | AW72: งานพิมพ์ | AX72: / | AY72: 0 | AZ72: 0 | BA72: 0 | BB72: 0 | BC72: WRWT21720/WRWT25800 | BD72: 705.02927
A73: 45857 | B73: MK68-000910 | C73: บจก.เคอรี่ฟลาวมิลล์ | D73: ดอกไม้ม่วง | E73: 19 | F73: 32 | G73: ขาว | H73: 0 | I73: 67 | J73: + | K73: 5 | L73: บิด | M73: ไม่สวมถุงใน | N73: 0 | O73: 0 | P73: 0 | Q73: 0 | R73: 0 | S73: ห่ออัดเบลแบน500 | T73: 45883 | U73: 5000 | V73: 0 | W73: 5000 | X73: 0 | Y73: 5250 | Z73: WSWT1921720 | AA73: 4679.95 | AB73: 0 | AC73: 4679.95 | AD73: 0 | AE73: 0 | AF73: PDR250239 | AG73: ยังไม่ได้พิมพ์ | AH73: P7 | AI73: 2 | AJ73: 45883 | AK73: 0 | AL73: 45874 | AM73: 45881 | AN73: 45882 | AO73: 45882 | AP73: 45878 | AQ73: 0 | AR73: 0 | AS73: 0 | AT73: 0 | AU73: 0 | AV73: 0 | AW73: งานพิมพ์ | AX73: / | AY73: 0 | AZ73: 0 | BA73: 0 | BB73: 0 | BC73: WRWT21720/WRWT25800 | BD73: 352.51463
A74: 45857 | B74: MK68-000910 | C74: บจก.เคอรี่ฟลาวมิลล์ | D74: ดอกไม้แดง | E74: 19 | F74: 32 | G74: ขาว | H74: 0 | I74: 67 | J74: + | K74: 5 | L74: บิด | M74: ไม่สวมถุงใน | N74: 0 | O74: 0 | P74: 0 | Q74: 0 | R74: 0 | S74: ห่ออัดเบลแบน500 | T74: 45883 | U74: 5000 | V74: 0 | W74: 5000 | X74: 0 | Y74: 5250 | Z74: WSWT1921720 | AA74: 4679.95 | AB74: 0 | AC74: 4679.95 | AD74: 0 | AE74: 0 | AF74: PDR250239 | AG74: ยังไม่ได้พิมพ์ | AH74: P7 | AI74: 2 | AJ74: 45883 | AK74: 0 | AL74: 45874 | AM74: 45881 | AN74: 45882 | AO74: 45882 | AP74: 45878 | AQ74: 0 | AR74: 0 | AS74: 0 | AT74: 0 | AU74: 0 | AV74: 0 | AW74: งานพิมพ์ | AX74: / | AY74: 0 | AZ74: 0 | BA74: 0 | BB74: 0 | BC74: WRWT21720/WRWT25800 | BD74: 352.51463
... A83: 45857 | B83: MK68-000910 | C83: บจก.เคอรี่ฟลาวมิลล์ | D83: ถุงเขียว | E83: 19 | F83: 32 | G83: ขาว | H83: 0 | I83: 67 | J83: + | K83: 5 | L83: บิด | M83: ไม่สวมถุงใน | N83: 0 | O83: 0 | P83: 0 | Q83: 0 | R83: 0 | S83: ห่ออัดเบลแบน500 | T83: 45888 | U83: 10000 | V83: 0 | W83: 10000 | X83: 0 | Y83: 10500 | Z83: WSWT1921720 | AA83: 9359.9 | AB83: 0 | AC83: 9359.9 | AD83: 0 | AE83: 0 | AF83: PDR250241 | AG83: ยังไม่ได้พิมพ์ | AH83: P7 | AI83: 2 | AJ83: 45888 | AK83: 0 | AL83: 45879 | AM83: 45886 | AN83: 45887 | AO83: 45887 | AP83: 45883 | AQ83: 0 | AR83: 0 | AS83: 0 | AT83: 0 | AU83: 0 | AV83: 0 | AW83: งานพิมพ์ | AX83: / | AY83: 0 | AZ83: 0 | BA83: 0 | BB83: 0 | BC83: WRWT21720/WRWT25800 | BD83: 705.02927
A84: ประมาณการ | B84: ประมาณการ | C84: บจก.เคอรี่ฟลาวมิลล์ | D84: รอแบบ | E84: 19 | F84: 32 | G84: ขาว | H84: 0 | I84: 67 | J84: + | K84: 5 | L84: บิด | M84: ไม่สวมถุงใน | N84: 0 | O84: 0 | P84: 0 | Q84: 0 | R84: 0 | S84: ห่ออัดเบลแบน500 | T84: 45899 | U84: 250000 | V84: 0 | W84: 250000 | X84: 0 | Y84: 262500 | Z84: WSWT1921720 | AA84: 233997.5 | AB84: 0 | AC84: 233997.5 | AD84: 0 | AE84: 0 | AF84: 0 | AG84: พร้อมส่ง | AH84: P7 | AI84: 2 | AJ84: 45899 | AK84: 0 | AL84: 45890 | AM84: 45897 | AN84: 45898 | AO84: 45898 | AP84: 45894 | AQ84: 0 | AR84: 0 | AS84: 0 | AT84: 0 | AU84: 0 | AV84: 0 | AW84: งานพิมพ์ | AX84: / | AY84: 0 | AZ84: 0 | BA84: 0 | BB84: 0 | BC84: WRWT21720/WRWT25800 | BD84: 17625.732
A85: 0 | B85: 0 | C85: 0 | D85: 0 | E85: 19 | F85: 30 | G85: 0 | H85: 0 | I85: 63 | J85: + | K85: 5 | L85: 0 | M85: 0 | N85: 0 | O85: 0 | P85: 0 | Q85: 0 | R85: 0 | S85: 0 | U85: 0 | V85: 0 | W85: 0 | X85: 0 | Y85: 0 | Z85: WSWT1921720 | AA85: 487832.4 | AB85: 93599 | AC85: 394233.4 | AD85: 0 | AE85: 0 | AF85: ระบุในSD | AG85: พร้อมส่ง | AH85: 0 | AI85: Lead time | AJ85: 0 | AK85: 0 | AL85: 0 | AM85: 0 | AN85: 0 | AO85: 0 | AP85: 0 | AQ85: 0 | AR85: 0 | AS85: 0 | AT85: 0 | AU85: 0 | AV85: 0 | AW85: 0 | AX85: 0 | AY85: 0 | AZ85: 0 | BA85: 0 | BB85: 0 | BC85: WRWT190720/WRWT25800 | BD85: 0
A86: 45855 | B86: MK68-000898 | C86: บจก.เอเชี่ยนเคมิคัล | D86: A.C.C.ภาษาอังกฤษ 8-118 | E86: 19 | F86: 26 | G86: ขาว | H86: ด้าน | I86: 70 | J86: ± | K86: 5 | L86: ไม่ | M86: 20 | N86: 28 | O86: 50 | P86: 259.04464 | Q86: 0 | R86: 259.04464 | S86: มัด100 | T86: 45868 | U86: 15000 | V86: 0 | W86: 15000 | X86: 0 | Y86: 15750 | Z86: WSWT1925800SM | AA86: 11525.25 | AB86: 11525.25 | AC86: 0 | AD86: 0 | AE86: 11525.25 | AF86: 0 | AG86: พร้อมส่ง | AH86: P8 | AI86: 4 | AJ86: 45868 | AK86: 45864 | AL86: 45858 | AM86: 45865 | AN86: 45866 | AO86: 45866 | AP86: 45863 | AQ86: 45867 | AR86: 0 | AS86: 0 | AT86: 0 | AU86: 0 | AV86: 0 | AW86: งานเคลือบ+พิมพ์ | AX86: รอART | AY86: 0 | AZ86: 0 | BA86: 0 | BB86: 0 | BC86: WRWT25800/WRWT25800 | BD86: 0
A87: 0 | B87: 0 | C87: 0 | D87: 0 | E87: 19 | F87: 30 | G87: 0 | H87: 0 | I87: 56 | J87: ± | K87: 5 | L87: 0 | M87: 0 | N87: 0 | O87: 0 | P87: 0 | Q87: 0 | R87: 0 | S87: 0 | U87: 0 | W87: 0 | X87: 0 | Y87: 0 | Z87: WSWT1925800SM | AA87: 11525.25 | AB87: 11525.25 | AC87: 0 | AD87: 0 | AE87: 11525.25 | AF87: ระบุในSD | AG87: ผ้าขาว | AH87: 0 | AI87: Lead time | AJ87: 0 | AK87: 0 | AL87: 0 | AM87: 0 | AN87: 0 | AO87: 0 | AP87: 0 | AQ87: 0 | AR87: 0 | AS87: 0 | AT87: 0 | AU87: 0 | AV87: 0 | AW87: 0 | AX87: 0 | AY87: 0 | AZ87: 0 | BA87: 0 | BB87: 0 | BC87: WRWT190800/WRWT25800 | BD87: 0
A88: 45796 | B88: MK68-000680 | C88: บจก.อินเทคค์ โกลบอล | D88: เพอเฟคค์103P โกลด์ | E88: 19 | F88: 34 | G88: ขาว | H88: ด้าน | I88: 100 | J88: ± | K88: 5 | L88: จับจีบ4" | M88: ไม่สวมถุงใน | N88: 0 | O88: 0 | P88: 0 | Q88: 0 | R88: 0 | S88: มัด80 ใช้สายรัด | T88: รอแจ้ง | U88: 503 | V88: 0 | W88: 503 | X88: 5250 | Y88: 0 | Z88: WSWT19251000SM | AA88: 0 | AB88: 0 | AC88: 0 | AD88: 0 | AE88: 0 | AF88: 0 | AG88: พร้อมส่ง | AH88: P6 | AI88: 4 | AJ88: รอแจ้ง | AK88: #VALUE! | AL88: #VALUE! | AM88: #VALUE! | AN88: #VALUE! | AO88: #VALUE! | AP88: #VALUE! | AQ88: 0 | AR88: 0 | AS88: 0 | AT88: 0 | AU88: 0 | AV88: 0 | AW88: งานเคลือบ+พิมพ์ | AX88: / | AY88: 0 | AZ88: 0 | BA88: 0 | BB88: 0 | BC88: WRWT251000/WRWT251000 | BD88: 0
A89: 0 | B89: 0 | C89: 0 | D89: 0 | E89: 19 | F89: 34 | G89: ขาว | H89: 0 | I89: 80 | J89: ± | K89: 5 | L89: 0 | M89: 0 | N89: 0 | O89: 0 | P89: 0 | Q89: 0 | R89: 0 | S89: 0 | U89: 0 | V89: 0 | W89: 0 | X89: 0 | Y89: 0 | Z89: WSWT19251000SM | AA89: 0 | AB89: 0 | AC89: 0 | AD89: 0 | AE89: 0 | AF89: ระบุในSD | AG89: พร้อมส่ง | AH89: 0 | AI89: Lead time | AJ89: 0 | AK89: 0 | AL89: 0 | AM89: 0 | AN89: 0 | AO89: 0 | AP89: 0 | AQ89: 0 | AR89: 0 | AS89: 0 | AT89: 0 | AU89: 0 | AV89: 0 | AW89: 0 | AX89: 0 | AY89: 0 | AZ89: 0 | BA89: 0 | BB89: 0 | BC89: WRWT251000/WRYL251000 | BD89: 0
A90: ประมาณการ | B90: ประมาณการ | C90: บจก.หนองบัวฟีดมิลล์ | D90: ไม่พิมพ์ | E90: 20 | F90: 30 | G90: ขาว | H90: 0 | I90: 53 | J90: ± | K90: 5 | L90: ไม่ | M90: ไม่สวมถุงใน | N90: 0 | O90: 0 | P90: 0 | Q90: 0 | R90: 0 | S90: 500กระสอบ | T90: 45868 | U90: 20000 | V90: 0 | W90: 20000 | X90: 0 | Y90: 0 | Z90: WSWT2025650 | AA90: 17602.2 | AB90: 11246 | AC90: 6356.2 | AD90: 0 | AE90: 0 | AF90: 0 | AG90: พร้อมส่ง | AH90: P3 | AI90: 1 | AJ90: 45868 | AK90: 0 | AL90: 0 | AM90: 0 | AN90: 0 | AO90: 45867 | AP90: 45863 | AQ90: 0 | AR90: 0 | AS90: 0 | AT90: 0 | AU90: 0 | AV90: 0 | AW90: ตัด | AX90: 0 | AY90: 0 | AZ90: 0 | BA90: 0 | BB90: 0 | BC90: WRWT25650/WRWT25650 | BD90: 390.20006
A91: 0 | B91: 0 | C91: 0 | D91: 0 | E91: 20 | F91: 37 | G91: ขาว | H91: 0 | I91: 65 | J91: ± | K91: 5 | L91: 0 | M91: 0 | N91: 0 | O91: 0 | P91: 0 | Q91: 0 | R91: 0 | S91: 0 | U91: 0 | V91: 0 | W91: 0 | X91: 0 | Y91: 0 | Z91: WSWT2025650 | AA91: 17602.2 | AB91: 11246 | AC91: 6356.2 | AD91: 0 | AE91: 0 | AF91: ระบุในSD | AG91: พร้อมส่ง | AH91: 0 | AI91: Lead time | AJ91: 0 | AK91: 0 | AL91: 0 | AM91: 0 | AN91: 0 | AO91: 0 | AP91: 0 | AQ91: 0 | AR91: 0 | AS91: 0 | AT91: 0 | AU91: 0 | AV91: 0 | AW91: 0 | AX91: 0 | AY91: 0 | AZ91: 0 | BA91: 0 | BB91: 0 | BC91: WRWT25650/WRWT25650 | BD91: 0
A92: 45854 | B92: MK68-000895 | C92: บจก.เอ็กซ์เซลเล้นท์ไพโอเนียร์ | D92: แป้งมันหมัก(ม่วง)(ถุงในเจาะรู) | E92: 20 | F92: 37 | G92: ขาว | H92: 0 | I92: 70 | J92: ± | K92: 5 | L92: บิด | M92: 21 | N92: 40 | O92: 40 | P92: 0 | Q92: 0 | R92: 0 | S92: 500กระสอบ | T92: 45863 | U92: 5000 | V92: 5000 | W92: 0 | X92: 5605 | Y92: 0 | Z92: WSWT2025700 | AA92: 0 | AB92: 0 | AC92: 0 | AD92: 0 | AE92: 0 | AF92: ขาด-เกินได้5% | AG92: พร้อมส่ง | AH92: P9 | AI92: 3 | AJ92: 45863 | AK92: 0 | AL92: 45853 | AM92: 45860 | AN92: 45861 | AO92: 45861 | AP92: 45858 | AQ92: 45862 | AR92: 0 | AS92: 0 | AT92: 0 | AU92: 0 | AV92: 0 | AW92: งานพิมพ์ | AX92: 0 | AY92: 0 | AZ92: 0 | BA92: 0 | BB92: 0 | BC92: WRWT25800/WRWT25650 | BD92: 0
A93: 0 | B93: 0 | C93: 0 | D93: 0 | E93: 20 | F93: 37 | G93: ขาว | H93: 0 | I93: 70 | J93: ± | K93: 5 | L93: 0 | M93: 0 | N93: 0 | O93: 0 | P93: 0 | Q93: 0 | R93: 0 | S93: 0 | U93: 0 | V93: 0 | W93: 0 | X93: 0 | Y93: 0 | Z93: WSWT2025700 | AA93: 0 | AB93: 0 | AC93: 0 | AD93: 0 | AE93: 0 | AF93: ระบุในSD | AG93: พร้อมส่ง | AH93: 0 | AI93: Lead time | AJ93: 0 | AK93: 0 | AL93: 0 | AM93: 0 | AN93: 0 | AO93: 0 | AP93: 0 | AQ93: 0 | AR93: 0 | AS93: 0 | AT93: 0 | AU93: 0 | AV93: 0 | AW93: 0 | AX93: 0 | AY93: 0 | AZ93: 0 | BA93: 0 | BB93: 0 | BC93: WRWT25800/WRWT25650 | BD93: 0
A94: 45839 | B94: MK68-000853 | C94: บจก.วีซีเอฟ | D94: R FEED 405A | E94: 20 | F94: 37 | G94: ขาว | H94: ใส | I94: 100 | J94: ± | K94: 5 | L94: ไม่ | M94: ไม่สวมถุงใน | N94: 0 | O94: 0 | P94: 0 | Q94: 0 | R94: 0 | S94: 500กระสอบแบน | T94: 45861 | U94: 10000 | V94: 10000 | W94: 0 | X94: 10100 | Y94: 0 | Z94: WSWT2025800SM | AA94: 0 | AB94: 0 | AC94: 0 | AD94: 0 | AE94: 0 | AF94: 0 | AG94: พร้อมส่ง | AH94: P6 | AI94: 4 | AJ94: 45861 | AK94: 45857 | AL94: 45850 | AM94: 45858 | AN94: 45859 | AO94: 45860 | AP94: 45856 | AQ94: 0 | AR94: 0 | AS94: 0 | AT94: 0 | AU94: 0 | AV94: 0 | AW94: งานเคลือบ+พิมพ์ | AX94: / | AY94: 0 | AZ94: 0 | BA94: 0 | BB94: 0 | BC94: WRWT25850/WRWT25850 | BD94: 0
A95: 45853 | B95: MK68-000886 | C95: บจก.วีซีเอฟ | D95: VC 100 | E95: 20 | F95: 37 | G95: ขาว | H95: ใส | I95: 100 | J95: ± | K95: 5 | L95: บิด | M95: ไม่สวมถุงใน | N95: 0 | O95: 0 | P95: 0 | Q95: 0 | R95: 0 | S95: 500กระสอบแบน | T95: 45868 | U95: 20000 | V95: 20000 | W95: 0 | X95: 22975 | Y95: 0 | Z95: WSWT2025800SM | AA95: 0 | AB95: 0 | AC95: 0 | AD95: 0 | AE95: 0 | AF95: 0 | AG95: ยังไม่ได้พิมพ์ | AH95: P6 | AI95: 4 | AJ95: 45868 | AK95: 45864 | AL95: 45857 | AM95: 45865 | AN95: 45866 | AO95: 45867 | AP95: 45863 | AQ95: 0 | AR95: 0 | AS95: 0 | AT95: 0 | AU95: 0 | AV95: 0 | AW95: งานเคลือบ+พิมพ์ | AX95: / | AY95: 0 | AZ95: 0 | BA95: 0 | BB95: 0 | BC95: WRWT25850/WRWT25850 | BD95: 0
A96: 45853 | B96: MK68-000886 | C96: บจก.วีซีเอฟ | D96: VC 193 | E96: 20 | F96: 37 | G96: ขาว | H96: ใส | I96: 100 | J96: ± | K96: 5 | L96: บิด | M96: ไม่สวมถุงใน | N96: 0 | O96: 0 | P96: 0 | Q96: 0 | R96: 0 | S96: 500กระสอบแบน | T96: 45868 | U96: 10000 | V96: 9582 | W96: 418 | X96: 10100 | Y96: 0 | Z96: WSWT2025800SM | AA96: 0 | AB96: 0 | AC96: 0 | AD96: 0 | AE96: 0 | AF96: 0 | AG96: ยังไม่ได้พิมพ์ | AH96: P6 | AI96: 4 | AJ96: 45868 | AK96: 45864 | AL96: 45857 | AM96: 45865 | AN96: 45866 | AO96: 45867 | AP96: 45863 | AQ96: 0 | AR96: 0 | AS96: 0 | AT96: 0 | AU96: 0 | AV96: 0 | AW96: งานเคลือบ+พิมพ์ | AX96: / | AY96: 0 | AZ96: 0 | BA96: 0 | BB96: 0 | BC96: WRWT25850/WRWT25850 | BD96: 0
A97: 45853 | B97: MK68-000886 | C97: บจก.วีซีเอฟ | D97: JET 888 | E97: 20 | F97: 37 | G97: ขาว | H97: ใส | I97: 100 | J97: ± | K97: 5 | L97: บิด | M97: ไม่สวมถุงใน | N97: 0 | O97: 0 | P97: 0 | Q97: 0 | R97: 0 | S97: 500กระสอบแบน | T97: 45868 | U97: 5000 | V97: 4878 | W97: 122 | X97: 5050 | Y97: 0 | Z97: WSWT2025800SM | AA97: 0 | AB97: 0 | AC97: 0 | AD97: 0 | AE97: 0 | AF97: 0 | AG97: ยังไม่ได้พิมพ์ | AH97: P6 | AI97: 4 | AJ97: 45868 | AK97: 45864 | AL97: 45857 | AM97: 45865 | AN97: 45866 | AO97: 45867 | AP97: 45863 | AQ97: 0 | AR97: 0 | AS97: 0 | AT97: 0 | AU97: 0 | AV97: 0 | AW97: งานเคลือบ+พิมพ์ | AX97: / | AY97: 0 | AZ97: 0 | BA97: 0 | BB97: 0 | BC97: WRWT25850/WRWT25850 | BD97: 0
A98: 45796 | B98: MK68-000672 | C98: บจก.อินเทคค์ โกลบอล | D98: เฟิร์สช้อย 912 | E98: 20 | F98: 36 | G98: ขาว | H98: ด้าน | I98: 100 | J98: ± | K98: 5 | L98: จับจีบ | M98: ไม่สวมถุงใน | N98: 0 | O98: 0 | P98: 0 | Q98: 0 | R98: 0 | S98: มัด80 ใช้สายรัด | T98: 45868 | U98: 3853 | V98: 0 | W98: 3853 | X98: 0 | Y98: 4045.65 | Z98: WSWT2025800SM | AA98: 4036.9808 | AB98: 4036.9808 | AC98: 0 | AD98: 0 | AE98: 4036.9808 | AF98: 0 | AG98: ยังไม่ได้พิมพ์ | AH98: P6 | AI98: 4 | AJ98: 45868 | AK98: 45864 | AL98: 45857 | AM98: 45865 | AN98: 45866 | AO98: 45867 | AP98: 45863 | AQ98: 0 | AR98: 0 | AS98: 0 | AT98: 0 | AU98: 0 | AV98: 0 | AW98: งานเคลือบ+พิมพ์ | AX98: / | AY98: 0 | AZ98: 0 | BA98: 0 | BB98: 0 | BC98: WRWT25850/WRWT25850 | BD98: 0
A99: 45857 | B99: MK68-000901 | C99: บจก.อินเทคค์ โกลบอล | D99: เฟิร์สช้อย 912 | E99: 20 | F99: 36 | G99: ขาว | H99: ด้าน | I99: 100 | J99: ± | K99: 5 | L99: จับจีบ | M99: ไม่สวมถุงใน | N99: 0 | O99: 0 | P99: 0 | Q99: 0 | R99: 0 | S99: มัด80 ใช้สายรัด | T99: 45868 | U99: 10000 | V99: 0 | W99: 10000 | X99: 0 | Y99: 10500 | Z99: WSWT2025800SM | AA99: 10477.5 | AB99: 10477.5 | AC99: 0 | AD99: 0 | AE99: 10477.5 | AF99: 0 | AG99: พร้อมส่ง | AH99: P6 | AI99: 4 | AJ99: 45868 | AK99: 45864 | AL99: 45857 | AM99: 45865 | AN99: 45866 | AO99: 45867 | AP99: 45863 | AQ99: 0 | AR99: 0 | AS99: 0 | AT99: 0 | AU99: 0 | AV99: 0 | AW99: งานเคลือบ+พิมพ์ | AX99: รอART | AY99: 0 | AZ99: 0 | BA99: 0 | BB99: 0 | BC99: WRWT25850/WRWT25850 | BD99: 0
A100: 45857 | B100: MK68-000901 | C100: บจก.อินเทคค์ โกลบอล | D100: เฟิร์สช้อย 913 | E100: 20 | F100: 36 | G100: ขาว | H100: ด้าน | I100: 100 | J100: ± | K100: 5 | L100: จับจีบ | M100: ไม่สวมถุงใน | N100: 0 | O100: 0 | P100: 0 | Q100: 0 | R100: 0 | S100: มัด80 ใช้สายรัด | T100: 45868 | U100: 10000 | V100: 0 | W100: 10000 | X100: 0 | Y100: 10500 | Z100: WSWT2025800SM | AA100: 10477.5 | AB100: 10477.5 | AC100: 0 | AD100: 0 | AE100: 10477.5 | AF100: 0 | AG100: ยังไม่ได้พิมพ์ | AH100: P6 | AI100: 4 | AJ100: 45868 | AK100: 45864 | AL100: 45857 | AM100: 45865 | AN100: 45866 | AO100: 45867 | AP100: 45863 | AQ100: 0 | AR100: 0 | AS100: 0 | AT100: 0 | AU100: 0 | AV100: 0 | AW100: งานเคลือบ+พิมพ์ | AX100: รอART | AY100: 0 | AZ100: 0 | BA100: 0 | BB100: 0 | BC100: WRWT25850/WRWT25850 | BD100: 0
A101: 45857 | B101: MK68-000902 | C101: บจก.อินเทคค์ โกลบอล | D101: เพอเฟคค์ 000 | E101: 20 | F101: 36 | G101: ขาว | H101: ด้าน | I101: 100 | J101: ± | K101: 5 | L101: จับจีบ | M101: ไม่สวมถุงใน | N101: 0 | O101: 0 | P101: 0 | Q101: 0 | R101: 0 | S101: มัด80 ใช้สายรัด | T101: 45868 | U101: 10000 | V101: 0 | W101: 10000 | X101: 0 | Y101: 10500 | Z101: WSWT2025800SM | AA101: 10477.5 | AB101: 10477.5 | AC101: 0 | AD101: 0 | AE101: 10477.5 | AF101: 0 | AG101: ยังไม่ได้พิมพ์ | AH101: P6 | AI101: 4 | AJ101: 45868 | AK101: 45864 | AL101: 45857 | AM101: 45865 | AN101: 45866 | AO101: 45867 | AP101: 45863 | AQ101: 0 | AR101: 0 | AS101: 0 | AT101: 0 | AU101: 0 | AV101: 0 | AW101: งานเคลือบ+พิมพ์ | AX101: รอART | AY101: 0 | AZ101: 0 | BA101: 0 | BB101: 0 | BC101: WRWT25850/WRWT25850 | BD101: 0
A102: 45796 | B102: MK68-000673 | C102: บจก.อินเทคค์ โกลบอล | D102: เพอเฟคค์ 000 | E102: 20 | F102: 36 | G102: ขาว | H102: ด้าน | I102: 100 | J102: ± | K102: 5 | L102: จับจีบ | M102: ไม่สวมถุงใน | N102: 0 | O102: 0 | P102: 0 | Q102: 0 | R102: 0 | S102: มัด80 ใช้สายรัด | T102: 45868 | U102: 179 | V102: 0 | W102: 179 | X102: 0 | Y102: 187.95 | Z102: WSWT2025800SM | AA102: 187.54725 | AB102: 187.54725 | AC102: 0 | AD102: 0 | AE102: 187.54725 | AF102: 0 | AG102: ยังไม่ได้พิมพ์ | AH102: P6 | AI102: 4 | AJ102: 45868 | AK102: 45864 | AL102: 45857 | AM102: 45865 | AN102: 45866 | AO102: 45867 | AP102: 45863 | AQ102: 0 | AR102: 0 | AS102: 0 | AT102: 0 | AU102: 0 | AV102: 0 | AW102: งานเคลือบ+พิมพ์ | AX102: / | AY102: 0 | AZ102: 0 | BA102: 0 | BB102: 0 | BC102: WRWT25850/WRWT25850 | BD102: 0
A103: 45857 | B103: MK68-000902 | C103: บจก.อินเทคค์ โกลบอล | D103: เพอเฟคค์911 | E103: 20 | F103: 36 | G103: ขาว | H103: ด้าน | I103: 100 | J103: ± | K103: 5 | L103: จับจีบ | M103: ไม่สวมถุงใน | N103: 0 | O103: 0 | P103: 0 | Q103: 0 | R103: 0 | S103: มัด80 ใช้สายรัด | T103: 45868 | U103: 5040 | V103: 0 | W103: 5040 | X103: 0 | Y103: 5292 | Z103: WSWT2025800SM | AA103: 5280.66 | AB103: 5280.66 | AC103: 0 | AD103: 0 | AE103: 5280.66 | AF103: 0 | AG103: ยังไม่ได้พิมพ์ | AH103: P6 | AI103: 4 | AJ103: 45868 | AK103: 45864 | AL103: 45857 | AM103: 45865 | AN103: 45866 | AO103: 45867 | AP103: 45863 | AQ103: 0 | AR103: 0 | AS103: 0 | AT103: 0 | AU103: 0 | AV103: 0 | AW103: งานเคลือบ+พิมพ์ | AX103: รอART | AY103: 0 | AZ103: 0 | BA103: 0 | BB103: 0 | BC103: WRWT25850/WRWT25850 | BD103: 0
A104: 45857 | B104: MK68-000902 | C104: บจก.อินเทคค์ โกลบอล | D104: เพอเฟคค์912 | E104: 20 | F104: 36 | G104: ขาว | H104: ด้าน | I104: 100 | J104: ± | K104: 5 | L104: จับจีบ | M104: ไม่สวมถุงใน | N104: 0 | O104: 0 | P104: 0 | Q104: 0 | R104: 0 | S104: มัด80 ใช้สายรัด | T104: 45868 | U104: 5040 | V104: 0 | W104: 5040 | X104: 0 | Y104: 5292 | Z104: WSWT2025800SM | AA104: 5280.66 | AB104: 5280.66 | AC104: 0 | AD104: 0 | AE104: 5280.66 | AF104: 0 | AG104: ยังไม่ได้พิมพ์ | AH104: P6 | AI104: 4 | AJ104: 45868 | AK104: 45864 | AL104: 45857 | AM104: 45865 | AN104: 45866 | AO104: 45867 | AP104: 45863 | AQ104: 0 | AR104: 0 | AS104: 0 | AT104: 0 | AU104: 0 | AV104: 0 | AW104: งานเคลือบ+พิมพ์ | AX104: รอART | AY104: 0 | AZ104: 0 | BA104: 0 | BB104: 0 | BC104: WRWT25850/WRWT25850 | BD104: 0
A105: 45857 | B105: MK68-000906 | C105: บจก.อินเทคค์ โกลบอล | D105: สุบรรณ 333 | E105: 20 | F105: 36 | G105: ขาว | H105: ด้าน | I105: 100 | J105: ± | K105: 5 | L105: จับจีบ3.5" | M105: ไม่สวมถุงใน | N105: 0 | O105: 0 | P105: 0 | Q105: 0 | R105: 0 | S105: มัด80 ใช้สายรัด | T105: 45868 | U105: 5040 | V105: 0 | W105: 5040 | X105: 0 | Y105: 5292 | Z105: WSWT2025800SM | AA105: 5280.66 | AB105: 5280.66 | AC105: 0 | AD105: 0 | AE105: 5280.66 | AF105: 0 | AG105: รอแบบ | AH105: P6 | AI105: 4 | AJ105: 45868 | AK105: 45864 | AL105: 45857 | AM105: 45865 | AN105: 45866 | AO105: 45867 | AP105: 45863 | AQ105: 0 | AR105: 0 | AS105: 0 | AT105: 0 | AU105: 0 | AV105: 0 | AW105: งานเคลือบ+พิมพ์ | AX105: รอART | AY105: 0 | AZ105: 0 | BA105: 0 | BB105: 0 | BC105: WRWT25850/WRWT25850 | BD105: 0
... A107: 45850 | B107: MK68-000880 | C107: บจก.เอพีเอ็ม อะโกร | D107: SPM195 GOAL | E107: 20 | F107: 38 | G107: ขาว | H107: ใส | I107: 100 | J107: ± | K107: 5 | L107: บิด | M107: ไม่สวมถุงใน | N107: 0 | O107: 0 | P107: 0 | Q107: 0 | R107: 0 | S107: 500กระสอบแบน | T107: 45889 | U107: 4000 | V107: 0 | W107: 4000 | X107: 0 | Y107: 4200 | Z107: WSWT2025800SM | AA107: 4414.52 | AB107: 4414.52 | AC107: 0 | AD107: 0 | AE107: 4414.52 | AF107: 0 | AG107: รอแบบ | AH107: P6 | AI107: 4 | AJ107: 45889 | AK107: 45885 | AL107: 45878 | AM107: 45886 | AN107: 45887 | AO107: 45888 | AP107: 45884 | AQ107: 0 | AR107: 0 | AS107: 0 | AT107: 0 | AU107: 0 | AV107: 0 | AW107: งานเคลือบ+พิมพ์ | AX107: / | AY107: 0 | AZ107: 0 | BA107: 0 | BB107: 0 | BC107: WRWT25850/WRWT25850 | BD107: 0
A108: ประมาณการ | B108: ประมาณการ | C108: บจก.อินเทคค์ โกลบอล | D108: รอแบบ | E108: 20 | F108: 36 | G108: ขาว | H108: ด้าน | I108: 100 | J108: ± | K108: 5 | L108: จับจีบ | M108: ไม่สวมถุงใน | N108: 0 | O108: 0 | P108: 0 | Q108: 0 | R108: 0 | S108: มัด80 ใช้สายรัด | T108: 45899 | U108: 100000 | V108: 0 | W108: 100000 | X108: 0 | Y108: 105000 | Z108: WSWT2025800SM | AA108: 104775 | AB108: 62750 | AC108: 42025 | AD108: 0 | AE108: 104775 | AF108: 0 | AG108: รอแบบ | AH108: P6 | AI108: 4 | AJ108: 45899 | AK108: 45895 | AL108: 45888 | AM108: 45896 | AN108: 45897 | AO108: 45898 | AP108: 45894 | AQ108: 0 | AR108: 0 | AS108: 0 | AT108: 0 | AU108: 0 | AV108: 0 | AW108: งานเคลือบ+พิมพ์ | AX108: รอART | AY108: 0 | AZ108: 0 | BA108: 0 | BB108: 0 | BC108: WRWT25850/WRWT25850 | BD108: 3175.2222
A109: ประมาณการ | B109: ประมาณการ | C109: บจก.เอสพีเอ็ม อาหารสัตว์ | D109: รอแบบ | E109: 20 | F109: 38 | G109: ขาว | H109: ใส | I109: 100 | J109: ± | K109: 5 | L109: บิด | M109: ไม่สวมถุงใน | N109: 0 | O109: 0 | P109: 0 | Q109: 0 | R109: 0 | S109: 500กระสอบแบน | T109: รอแจ้ง | U109: 20000 | V109: 0 | W109: 20000 | X109: 0 | Y109: 21000 | Z109: WSWT2025800SM | AA109: 22072.6 | AB109: 0 | AC109: 22072.6 | AD109: 0 | AE109: 22072.6 | AF109: 0 | AG109: พร้อมส่ง | AH109: P6 | AI109: 4 | AJ109: รอแจ้ง | AK109: #VALUE! | AL109: #VALUE! | AM109: #VALUE! | AN109: #VALUE! | AO109: #VALUE! | AP109: #VALUE! | AQ109: 0 | AR109: 0 | AS109: 0 | AT109: 0 | AU109: 0 | AV109: 0 | AW109: งานเคลือบ+พิมพ์ | AX109: รอART | AY109: 0 | AZ109: 0 | BA109: 0 | BB109: 0 | BC109: WRWT25850/WRWT25850 | BD109: 1667.7076
A110: ประมาณการ | B110: ประมาณการ | C110: บจก.ไทยธรรมดี | D110: รอแบบ | E110: 20 | F110: 37 | G110: ขาว | H110: ด้าน | I110: 97 | J110: ± | K110: 5 | L110: บิด | M110: ไม่สวมถุงใน | N110: 0 | O110: 0 | P110: 0 | Q110: 0 | R110: 0 | S110: 500กระสอบ | T110: รอแจ้ง | U110: 20000 | V110: 0 | W110: 20000 | X110: 0 | Y110: 21000 | Z110: WSWT2025800SM | AA110: 21513.8 | AB110: 0 | AC110: 21513.8 | AD110: 0 | AE110: 21513.8 | AF110: 0 | AG110: พร้อมส่ง | AH110: P6 | AI110: 4 | AJ110: รอแจ้ง | AK110: #VALUE! | AL110: #VALUE! | AM110: #VALUE! | AN110: #VALUE! | AO110: #VALUE! | AP110: #VALUE! | AQ110: 0 | AR110: 0 | AS110: 0 | AT110: 0 | AU110: 0 | AV110: 0 | AW110: งานเคลือบ+พิมพ์ | AX110: รอART | AY110: 0 | AZ110: 0 | BA110: 0 | BB110: 0 | BC110: WRWT25850/WRWT25850 | BD110: 1625.4871
A111: ประมาณการ | B111: ประมาณการ | C111: บจก.ซันฟีด | D111: รอแบบ | E111: 20 | F111: 38 | G111: ขาว | H111: ด้าน | I111: 100 | J111: + | K111: 0 | L111: บิด | M111: ไม่สวมถุงใน | N111: 0 | O111: 0 | P111: 0 | Q111: 0 | R111: 0 | S111: 300กระสอบแบนเต็มใบ | T111: รอแจ้ง | U111: 100000 | V111: 0 | W111: 100000 | X111: 0 | Y111: 105000 | Z111: WSWT2025800SM | AA111: 110363 | AB111: 0 | AC111: 110363 | AD111: 0 | AE111: 110363 | AF111: 0 | AG111: พร้อมส่ง | AH111: P6 | AI111: 4 | AJ111: รอแจ้ง | AK111: #VALUE! | AL111: #VALUE! | AM111: #VALUE! | AN111: #VALUE! | AO111: #VALUE! | AP111: #VALUE! | AQ111: 0 | AR111: 0 | AS111: 0 | AT111: 0 | AU111: 0 | AV111: 0 | AW111: งานเคลือบ+พิมพ์ | AX111: รอART | AY111: 0 | AZ111: 0 | BA111: 0 | BB111: 0 | BC111: WRWT25850/WRWT25850 | BD111: 8338.5378
A112: 45825 | B112: MK68-000796 | C112: บจก.อินเทคค์ โกลบอล | D112: เฟิร์สช้อย 911 | E112: 20 | F112: 36 | G112: ขาว | H112: ด้าน | I112: 100 | J112: ± | K112: 5 | L112: จับจีบ4" | M112: ไม่สวมถุงใน | N112: 0 | O112: 0 | P112: 0 | Q112: 0 | R112: 0 | S112: มัด80 ใช้สายรัด | T112: รอแจ้ง | U112: 127 | V112: 0 | W112: 127 | X112: 6000 | Y112: 0 | Z112: WSWT2025800SM | AA112: 0 | AB112: 0 | AC112: 0 | AD112: 0 | AE112: 0 | AF112: 0 | AG112: รอตัด | AH112: P6 | AI112: 4 | AJ112: รอแจ้ง | AK112: #VALUE! | AL112: #VALUE! | AM112: #VALUE! | AN112: #VALUE! | AO112: #VALUE! | AP112: #VALUE! | AQ112: 0 | AR112: 0 | AS112: 0 | AT112: 0 | AU112: 0 | AV112: 0 | AW112: งานเคลือบ+พิมพ์ | AX112: / | AY112: 0 | AZ112: 0 | BA112: 0 | BB112: 0 | BC112: WRWT25850/WRWT25850 | BD112: 0
A113: 45825 | B113: MK68-000801 | C113: บจก.อินเทคค์ โกลบอล | D113: สุบรรณ 111 | E113: 20 | F113: 36 | G113: ขาว | H113: ด้าน | I113: 100 | J113: ± | K113: 5 | L113: จับจีบ3.5" | M113: ไม่สวมถุงใน | N113: 0 | O113: 0 | P113: 0 | Q113: 0 | R113: 0 | S113: มัด80 ใช้สายรัด | T113: รอแจ้ง | U113: 894 | V113: 525 | W113: 369 | X113: 6000 | Y113: 0 | Z113: WSWT2025800SM | AA113: 0 | AB113: 0 | AC113: 0 | AD113: 0 | AE113: 0 | AF113: 0 | AG113: พร้อมส่ง | AH113: P6 | AI113: 4 | AJ113: รอแจ้ง | AK113: #VALUE! | AL113: #VALUE! | AM113: #VALUE! | AN113: #VALUE! | AO113: #VALUE! | AP113: #VALUE! | AQ113: 0 | AR113: 0 | AS113: 0 | AT113: 0 | AU113: 0 | AV113: 0 | AW113: งานเคลือบ+พิมพ์ | AX113: / | AY113: 0 | AZ113: 0 | BA113: 0 | BB113: 0 | BC113: WRWT25850/WRWT25850 | BD113: 0
A114: 45827 | B114: MK68-000810 | C114: บจก.อินเทคค์ โกลบอล | D114: เฟิร์สคลาส 912 | E114: 20 | F114: 35 | G114: ขาว | H114: ด้าน | I114: 97 | J114: ± | K114: 5 | L114: จับจีบ4" | M114: ไม่สวมถุงใน | N114: 0 | O114: 0 | P114: 0 | Q114: 0 | R114: 0 | S114: มัด80 ใช้สายรัด | T114: รอแจ้ง | U114: 455 | V114: 0 | W114: 455 | X114: 6000 | Y114: 0 | Z114: WSWT2025800SM | AA114: 0 | AB114: 0 | AC114: 0 | AD114: 0 | AE114: 0 | AF114: 0 | AG114: พร้อมส่ง | AH114: P6 | AI114: 4 | AJ114: รอแจ้ง | AK114: #VALUE! | AL114: #VALUE! | AM114: #VALUE! | AN114: #VALUE! | AO114: #VALUE! | AP114: #VALUE! | AQ114: 0 | AR114: 0 | AS114: 0 | AT114: 0 | AU114: 0 | AV114: 0 | AW114: งานเคลือบ+พิมพ์ | AX114: / | AY114: 0 | AZ114: 0 | BA114: 0 | BB114: 0 | BC114: WRWT25850/WRWT25850 | BD114: 0
A115: 45796 | B115: MK68-000675 | C115: บจก.อินเทคค์ โกลบอล | D115: เพอเฟคค์ 914 | E115: 20 | F115: 36 | G115: ขาว | H115: ด้าน | I115: 100 | J115: ± | K115: 5 | L115: จับจีบ | M115: ไม่สวมถุงใน | N115: 0 | O115: 0 | P115: 0 | Q115: 0 | R115: 0 | S115: มัด80 ใช้สายรัด | T115: รอแจ้ง | U115: 3360 | V115: 0 | W115: 3360 | X115: 35200 | Y115: 0 | Z115: WSWT2025800SM | AA115: 0 | AB115: 0 | AC115: 0 | AD115: 0 | AE115: 0 | AF115: 0 | AG115: พร้อมส่ง | AH115: P6 | AI115: 4 | AJ115: รอแจ้ง | AK115: #VALUE! | AL115: #VALUE! | AM115: #VALUE! | AN115: #VALUE! | AO115: #VALUE! | AP115: #VALUE! | AQ115: 0 | AR115: 0 | AS115: 0 | AT115: 0 | AU115: 0 | AV115: 0 | AW115: งานเคลือบ+พิมพ์ | AX115: / | AY115: 2/6---6/6 | AZ115: 0 | BA115: 0 | BB115: 0 | BC115: WRWT25850/WRWT25850 | BD115: 0
A116: 45796 | B116: MK68-000676 | C116: บจก.อินเทคค์ โกลบอล | D116: เพอเฟคค์ 916 | E116: 20 | F116: 36 | G116: ขาว | H116: ด้าน | I116: 100 | J116: ± | K116: 5 | L116: จับจีบ | M116: ไม่สวมถุงใน | N116: 0 | O116: 0 | P116: 0 | Q116: 0 | R116: 0 | S116: มัด80 ใช้สายรัด | T116: รอแจ้ง | U116: 614 | V116: 0 | W116: 614 | X116: 12101 | Y116: 0 | Z116: WSWT2025800SM | AA116: 0 | AB116: 0 | AC116: 0 | AD116: 0 | AE116: 0 | AF116: 0 | AG116: รอตัด | AH116: P6 | AI116: 4 | AJ116: รอแจ้ง | AK116: #VALUE! | AL116: #VALUE! | AM116: #VALUE! | AN116: #VALUE! | AO116: #VALUE! | AP116: #VALUE! | AQ116: 0 | AR116: 0 | AS116: 0 | AT116: 0 | AU116: 0 | AV116: 0 | AW116: งานเคลือบ+พิมพ์ | AX116: / | AY116: 0 | AZ116: 0 | BA116: 0 | BB116: 0 | BC116: WRWT25850/WRWT25850 | BD116: 0
A117: 45796 | B117: MK68-000671 | C117: บจก.อินเทคค์ โกลบอล | D117: เฟิร์สช้อย 902 | E117: 20 | F117: 36 | G117: ขาว | H117: ด้าน | I117: 100 | J117: ± | K117: 5 | L117: จับจีบ | M117: ไม่สวมถุงใน | N117: 0 | O117: 0 | P117: 0 | Q117: 0 | R117: 0 | S117: มัด80 ใช้สายรัด | T117: รอแจ้ง | U117: 366 | V117: 0 | W117: 366 | X117: 5113 | Y117: 0 | Z117: WSWT2025800SM | AA117: 0 | AB117: 0 | AC117: 0 | AD117: 0 | AE117: 0 | AF117: 0 | AG117: ยังไม่ได้พิมพ์ | AH117: P6 | AI117: 4 | AJ117: รอแจ้ง | AK117: #VALUE! | AL117: #VALUE! | AM117: #VALUE! | AN117: #VALUE! | AO117: #VALUE! | AP117: #VALUE! | AQ117: 0 | AR117: 0 | AS117: 0 | AT117: 0 | AU117: 0 | AV117: 0 | AW117: งานเคลือบ+พิมพ์ | AX117: / | AY117: 0 | AZ117: 0 | BA117: 0 | BB117: 0 | BC117: WRWT25850/WRWT25850 | BD117: 0
A118: 45796 | B118: MK68-000673 | C118: บจก.อินเทคค์ โกลบอล | D118: เพอเฟคค์ 902 | E118: 20 | F118: 36 | G118: ขาว | H118: ด้าน | I118: 100 | J118: ± | K118: 5 | L118: จับจีบ | M118: ไม่สวมถุงใน | N118: 0 | O118: 0 | P118: 0 | Q118: 0 | R118: 0 | S118: มัด80 ใช้สายรัด | T118: รอแจ้ง | U118: 302 | V118: 0 | W118: 302 | X118: 5300 | Y118: 0 | Z118: WSWT2025800SM | AA118: 0 | AB118: 0 | AC118: 0 | AD118: 0 | AE118: 0 | AF118: 0 | AG118: พร้อมส่ง | AH118: P6 | AI118: 4 | AJ118: รอแจ้ง | AK118: #VALUE! | AL118: #VALUE! | AM118: #VALUE! | AN118: #VALUE! | AO118: #VALUE! | AP118: #VALUE! | AQ118: 0 | AR118: 0 | AS118: 0 | AT118: 0 | AU118: 0 | AV118: 0 | AW118: งานเคลือบ+พิมพ์ | AX118: / | AY118: 0 | AZ118: 0 | BA118: 0 | BB118: 0 | BC118: WRWT25850/WRWT25850 | BD118: 0
A119: 45796 | B119: MK68-000674 | C119: บจก.อินเทคค์ โกลบอล | D119: เพอเฟคค์ 913 | E119: 20 | F119: 36 | G119: ขาว | H119: ด้าน | I119: 100 | J119: ± | K119: 5 | L119: จับจีบ | M119: ไม่สวมถุงใน | N119: 0 | O119: 0 | P119: 0 | Q119: 0 | R119: 0 | S119: มัด80 ใช้สายรัด | T119: รอแจ้ง | U119: 1200 | V119: 0 | W119: 1200 | X119: 10700 | Y119: 0 | Z119: WSWT2025800SM | AA119: 0 | AB119: 0 | AC119: 0 | AD119: 0 | AE119: 0 | AF119: 0 | AG119: พร้อมส่ง | AH119: P6 | AI119: 4 | AJ119: รอแจ้ง | AK119: #VALUE! | AL119: #VALUE! | AM119: #VALUE! | AN119: #VALUE! | AO119: #VALUE! | AP119: #VALUE! | AQ119: 0 | AR119: 0 | AS119: 0 | AT119: 0 | AU119: 0 | AV119: 0 | AW119: งานเคลือบ+พิมพ์ | AX119: / | AY119: 0 | AZ119: 0 | BA119: 0 | BB119: 0 | BC119: WRWT25850/WRWT25850 | BD119: 0
A120: 45850 | B120: MK68-000877 | C120: บจก.เอพีเอ็ม อะโกร | D120: ยู-ฟีด รวมหมู | E120: 20 | F120: 38 | G120: ขาว | H120: ใส | I120: 100 | J120: ± | K120: 5 | L120: บิด | M120: ไม่สวมถุงใน | N120: 0 | O120: 0 | P120: 0 | Q120: 0 | R120: 0 | S120: 500กระสอบแบน | T120: รอแจ้ง | U120: 3000 | V120: 0 | W120: 3000 | X120: 0 | Y120: 3150 | Z120: WSWT2025800SM | AA120: 3310.89 | AB120: 0 | AC120: 3310.89 | AD120: 0 | AE120: 3310.89 | AF120: 0 | AG120: ยังไม่ได้พิมพ์ | AH120: P6 | AI120: 4 | AJ120: รอแจ้ง | AK120: #VALUE! | AL120: #VALUE! | AM120: #VALUE! | AN120: #VALUE! | AO120: #VALUE! | AP120: #VALUE! | AQ120: 0 | AR120: 0 | AS120: 0 | AT120: 0 | AU120: 0 | AV120: 0 | AW120: งานเคลือบ+พิมพ์ | AX120: / | AY120: 0 | AZ120: 0 | BA120: 0 | BB120: 0 | BC120: WRWT25850/WRWT25850 | BD120: 250.15613
A121: 45782 | B121: MK68-000609 | C121: บจก.เอสพีเอ็ม อาหารสัตว์ | D121: SW 441 | E121: 20 | F121: 38 | G121: ขาว | H121: ใส | I121: 100 | J121: ± | K121: 5 | L121: บิด | M121: ไม่สวมถุงใน | N121: 0 | O121: 0 | P121: 0 | Q121: 0 | R121: 0 | S121: 500กระสอบแบน | T121: รอส่ง | U121: 5000 | V121: 5041 | W121: 0 | X121: 5250 | Y121: 0 | Z121: WSWT2025800SM | AA121: 0 | AB121: 0 | AC121: 0 | AD121: 0 | AE121: 0 | AF121: 0 | AG121: ยังไม่ได้พิมพ์ | AH121: P6 | AI121: 4 | AJ121: รอส่ง | AK121: #VALUE! | AL121: #VALUE! | AM121: #VALUE! | AN121: #VALUE! | AO121: #VALUE! | AP121: #VALUE! | AQ121: 0 | AR121: 0 | AS121: 0 | AT121: 0 | AU121: 0 | AV121: 0 | AW121: งานเคลือบ+พิมพ์ | AX121: / | AY121: 0 | AZ121: 0 | BA121: 0 | BB121: 0 | BC121: WRWT25850/WRWT25850 | BD121: 0
A122: 45799 | B122: MK68-000694 | C122: บจก.เอ.เจ.ฟาร์ม่าแล็บ | D122: เบส-มิน | E122: 20 | F122: 34 | G122: ขาว | H122: ใส | I122: 95 | J122: ± | K122: 5 | L122: จับจีบ | M122: ไม่สวมถุงใน | N122: 0 | O122: 0 | P122: 0 | Q122: 0 | R122: 0 | S122: 500กระสอบ | T122: รอส่ง | U122: 8000 | V122: 7840 | W122: 160 | X122: 8450 | Y122: 0 | Z122: WSWT2025800SM | AA122: 0 | AB122: 0 | AC122: 0 | AD122: 0 | AE122: 0 | AF122: ห้ามขาด-ห้ามเกิน | AG122: ยังไม่ได้พิมพ์ | AH122: P6 | AI122: 4 | AJ122: รอส่ง | AK122: #VALUE! | AL122: #VALUE! | AM122: #VALUE! | AN122: #VALUE! | AO122: #VALUE! | AP122: #VALUE! | AQ122: 0 | AR122: 0 | AS122: 0 | AT122: 0 | AU122: 0 | AV122: 0 | AW122: งานเคลือบ+พิมพ์ | AX122: / | AY122: 0 | AZ122: 0 | BA122: 0 | BB122: 0 | BC122: WRWT25850/WRWT25850 | BD122: 0
...

Sheet 19-7-68
B2: เรียงกำหนดส่ง | D2: ลบ 0 | T2: เรียง 1
B3: ข้อมูลUpdate ณ. วันที่ | D3: 45857 | E3: เวลา | G3: 11.34
A4: วันรับออร์เดอร์/แบบ | B4: เลขที่ SO | C4: ชื่อลูกค้า | E4: 10.3 | I4: น้ำหนัก | L4: บิด/จับจีบ | M4: ถุงใน | Q4: 44873 | S4: วิธีบรรจุ | T4: วันส่ง | U4: จำนวนส่ง | V4: ตัดเย็บ (ใบ) | W4: 44873 | X4: พิมพ์ (ใบ) | Y4: 44876 | Z4: ผ้าทอ (เมตร) Updateณ | AB4: 44876 | AD4: ผ้าเคลือบ(เมตร) | AF4: หมายเหตุ | AG4: เครื่อง
B5: เลขที่ SO | C5: ชื่อลูกค้า | D5: ตรา | E5: กว้าง | F5: ยาว | G5: สี | H5: เคลือบ | I5: กรัม/ใบ | J5: * | K5: aw | L5: บิด/จับจีบ | M5: กว้าง | N5: ยาว | O5: หนา | P5: ใช้(กก.) | Q5: Stock(กก.) | R5: ผลิต(กก.) | S5: วิธีบรรจุ | T5: วันส่ง | U5: จำนวนส่ง | V5: StockFG | W5: ค้างตัด | X5: พิมพ์แล้ว | Y5: ค้างพิมพ์ | Z5: ประเภท | AA5: ใช้ | AB5: Stock | AC5: ค้างทอ | AD5: Stock | AE5: ค้างเคลือบ | AF5: หมายเหตุ | AG5: ที่พิมพ์ได้ | AH5: process | AI5: Lead time | AJ5: วันที่ส่งPL | AK5: เคลือบ | AL5: ได้ ART | AM5: พิมพ์ | AN5: จีบ-บิด | AO5: ตัด-เย็บ | AP5: ทอ | AQ5: สวมถุง | AR5: เย็บปาก | AS5: PT | AT5: ม้วน | AU5: ตัด | AV5: ตอกตาไก่ | AW5: GROUP | AX5: ART | AY5: หมายเหตุปัญหา | AZ5: ราคา/ใบ | BA5: ราคารวม | BB5: workweek | BC5: เส้นเทป | BD5: จำนวน
A6: 45842 | B6: MK68-000868 | C6: พีมินเนอร์ | D6: พี-มินเนอร์ นิวพลัส | E6: 16 | F6: 28 | G6: ขาว | H6: ใส | I6: 56 | J6: ± | K6: 5 | L6: ไม่ | M6: 19 | N6: 31 | O6: 40 | P6: 1.1334313 | Q6: 0 | R6: 1.1334313 | S6: 500กระสอบ | T6: 45860 | U6: 4000 | V6: 3922 | W6: 78 | X6: 5295 | Y6: 0 | Z6: WSWT1625800SM | AA6: 0 | AB6: 0 | AC6: 0 | AD6: 0 | AE6: 0 | AF6: รอส่ง รอลูกค้ามารับเอง | AG6: พร้อมส่ง | AH6: P8 | AI6: 4 | AJ6: 45860 | AK6: 45856 | AL6: 45850 | AM6: 45857 | AN6: 45858 | AO6: 45858 | AP6: 45855 | AQ6: 45859 | AR6: 0 | AS6: 0 | AT6: 0 | AU6: 0 | AV6: 0 | AW6: งานเคลือบ+พิมพ์ | AX6: / | AY6: 0 | AZ6: 0 | BA6: 0 | BB6: 0 | BC6: WRWT25800/WRWT25800 | BD6: 0
A7: ประมาณการ | B7: ประมาณการ | C7: บจก.ซัน ซีเมนต์ โพรเซส | D7: พระอาทิตย์(ปูนนอน-ชริงค์) | E7: 16 | F7: 25 | G7: ขาว | H7: ใส | I7: 50 | J7: ± | K7: 5 | L7: บิด | M7: 19 | N7: 28 | O7: 40 | P7: 65.624643 | Q7: 0 | R7: 65.624643 | S7: 500กระสอบ | T7: รอแจ้ง | U7: 5000 | V7: 0 | W7: 5000 | X7: 0 | Y7: 5250 | Z7: WSWT1625800SM | AA7: 3702.05 | AB7: 0 | AC7: 3702.05 | AD7: 0 | AE7: 3702.05 | AF7: 0 | AG7: พร้อมส่ง | AH7: P8 | AI7: 4 | AJ7: รอแจ้ง | AK7: #VALUE! | AL7: #VALUE! | AM7: #VALUE! | AN7: #VALUE! | AO7: #VALUE! | AP7: #VALUE! | AQ7: #VALUE! | AR7: 0 | AS7: 0 | AT7: 0 | AU7: 0 | AV7: 0 | AW7: งานเคลือบ+พิมพ์ | AX7: รอART | AY7: 0 | AZ7: 0 | BA7: 0 | BB7: 0 | BC7: WRWT25800/WRWT25800 | BD7: 210.60551
A8: 0 | B8: 0 | C8: 0 | E8: 16 | F8: 25 | G8: ขาว | H8: 0 | I8: 45 | J8: ± | K8: 5 | L8: 0 | M8: 0 | N8: 0 | O8: 0 | P8: 0 | Q8: 0 | R8: 0 | S8: 0 | U8: 0 | V8: 0 | W8: 0 | X8: 0 | Y8: 0 | Z8: WSWT1625800SM | AA8: 3702.05 | AB8: 0 | AC8: 3702.05 | AD8: 0 | AE8: 3702.05 | AF8: ระบุในSD | AG8: ยังไม่ได้พิมพ์ | AH8: 0 | AI8: Lead time | AJ8: 0 | AK8: 0 | AL8: 0 | AM8: 0 | AN8: 0 | AO8: 0 | AP8: 0 | AQ8: 0 | AR8: 0 | AS8: 0 | AT8: 0 | AU8: 0 | AV8: 0 | AW8: 0 | AX8: 0 | AY8: 0 | AZ8: 0 | BA8: 0 | BB8: 0 | BC8: WRWT160800/WRWT25800 | BD8: 0
A9: 45857 | B9: ใบรับคำสั่งซื้อ | C9: โรงสีข้าวธัญญาวัฒน์ | D9: LUNG SHIN 12 kg | E9: 17 | F9: 26 | G9: ขาว | H9: 0 | I9: 48 | J9: ± | K9: 5 | L9: ไม่ | M9: ไม่สวมถุงใน | N9: 0 | O9: 0 | P9: 0 | Q9: 0 | R9: 0 | S9: 500กระสอบแบน | T9: 45868 | U9: 30250 | V9: 0 | W9: 30250 | X9: 0 | Y9: 31762.5 | Z9: WSWT1725800 | AA9: 23242.588 | AB9: 7398 | AC9: 15844.588 | AD9: 0 | AE9: 0 | AF9: ห้ามขาด-ห้ามเกิน | AG9: พร้อมส่ง | AH9: P7 | AI9: 2 | AJ9: 45868 | AK9: 0 | AL9: 45859 | AM9: 45866 | AN9: 45867 | AO9: 45867 | AP9: 45863 | AQ9: 0 | AR9: 0 | AS9: 0 | AT9: 0 | AU9: 0 | AV9: 0 | AW9: งานพิมพ์ | AX9: รอART | AY9: 0 | AZ9: 0 | BA9: 0 | BB9: 0 | BC9: WRWT25800/WRWT25800 | BD9: 1029.5461
A10: 0 | B10: 0 | C10: 0 | D10: 0 | E10: 17 | F10: 26 | G10: 0 | H10: 0 | I10: 48 | J10: ± | K10: 5 | L10: 0 | M10: 0 | N10: 0 | O10: 0 | P10: 0 | Q10: 0 | R10: 0 | S10: 0 | U10: 0 | V10: 0 | W10: 0 | X10: 0 | Y10: 0 | Z10: WSWT1725800 | AA10: 23242.588 | AB10: 7398 | AC10: 15844.588 | AD10: 0 | AE10: 0 | AF10: ระบุในSD | AG10: พร้อมส่ง | AH10: 0 | AI10: 0 | AJ10: 0 | AK10: 0 | AL10: 0 | AM10: 0 | AN10: 0 | AO10: 0 | AP10: 0 | AQ10: 0 | AR10: 0 | AS10: 0 | AT10: 0 | AU10: 0 | AV10: 0 | AW10: 0 | AX10: 0 | AY10: 0 | AZ10: 0 | BA10: 0 | BB10: 0 | BC10: WRWT170800/WRWT25800 | BD10: 0
A11: ประมาณการ | B11: ประมาณการ | C11: บจก.ฟาร์เธอร์ส วิง ซัพพลาย | D11: รถไฟ | E11: 18 | F11: 30 | G11: ขาว | H11: 0 | I11: 54 | J11: ± | K11: 5 | L11: บิด | M11: 19 | N11: 33 | O11: 40 | P11: 232.02999 | Q11: 0 | R11: 232.02999 | S11: 500กระสอบ | T11: รอแจ้ง | U11: 15000 | V11: 0 | W11: 15000 | X11: 0 | Y11: 15750 | Z11: WSWT1825800 | AA11: 13201.65 | AB11: 6301 | AC11: 6900.65 | AD11: 0 | AE11: 0 | AF11: 0 | AG11: พร้อมส่ง | AH11: P9 | AI11: 3 | AJ11: รอแจ้ง | AK11: 0 | AL11: #VALUE! | AM11: #VALUE! | AN11: #VALUE! | AO11: #VALUE! | AP11: #VALUE! | AQ11: #VALUE! | AR11: 0 | AS11: 0 | AT11: 0 | AU11: 0 | AV11: 0 | AW11: งานพิมพ์ | AX11: รอART | AY11: 0 | AZ11: 0 | BA11: 0 | BB11: 0 | BC11: WRWT25800/WRWT25800 | BD11: 474.76472
A12: 0 | B12: 0 | E12: 18 | F12: 30 | G12: ขาว | H12: 0 | I12: 54 | J12: ± | K12: 5 | L12: 0 | M12: 0 | N12: 0 | O12: 0 | P12: 0 | Q12: 0 | R12: 0 | S12: 0 | U12: 0 | V12: 0 | W12: 0 | X12: 0 | Y12: 0 | Z12: WSWT1825800 | AA12: 13201.65 | AB12: 6301 | AC12: 6900.65 | AD12: 0 | AE12: 0 | AF12: ระบุในSD | AG12: ยังไม่ได้พิมพ์ | AH12: 0 | AI12: Lead time | AJ12: 0 | AK12: 0 | AL12: 0 | AM12: 0 | AN12: 0 | AO12: 0 | AP12: 0 | AQ12: 0 | AR12: 0 | AS12: 0 | AT12: 0 | AU12: 0 | AV12: 0 | AW12: 0 | AX12: 0 | AY12: 0 | AZ12: 0 | BA12: 0 | BB12: 0 | BC12: WRWT25800/WRWT25800 | BD12: 0
A13: 45846 | B13: MK68-000873 | C13: บจก.ซีแมน | D13: W30 | E13: 19 | F13: 28 | G13: ขาว | H13: 0 | I13: 56 | J13: ± | K13: 5 | L13: ไม่ | M13: 20 | N13: 30 | O13: 90 | P13: 0 | Q13: 0 | R13: 0 | S13: มัด100 | T13: 45862 | U13: 40000 | V13: 40000 | W13: 0 | X13: 42190 | Y13: 0 | Z13: WSWT1925800 | AA13: 0 | AB13: 0 | AC13: 0 | AD13: 0 | AE13: 0 | AF13: 0 | AG13: ยังไม่ได้พิมพ์ | AH13: P9 | AI13: 3 | AJ13: 45862 | AK13: 0 | AL13: 45852 | AM13: 45859 | AN13: 45860 | AO13: 45860 | AP13: 45857 | AQ13: 45861 | AR13: 0 | AS13: 0 | AT13: 0 | AU13: 0 | AV13: 0 | AW13: งานพิมพ์ | AX13: / | AY13: 0 | AZ13: 0 | BA13: 0 | BB13: 0 | BC13: WRWT25800/WRWT25800 | BD13: 0
A14: 45854 | B14: MK68-000896 | C14: บจก.เอ็กเซลเล้นท์ | D14: รวงข้าวส้ม | E14: 19 | F14: 30 | G14: ขาว | H14: 0 | I14: 60 | J14: ± | K14: 5 | L14: บิด | M14: ไม่สวมถุงใน | N14: 0 | O14: 0 | P14: 0 | Q14: 0 | R14: 0 | S14: 500กระสอบ | T14: 45863 | U14: 10000 | V14: 0 | W14: 10000 | X14: 0 | Y14: 10500 | Z14: WSWT1925800 | AA14: 8801.1 | AB14: 8801.1 | AC14: 0 | AD14: 0 | AE14: 0 | AF14: 0 | AG14: ยังไม่ได้พิมพ์ | AH14: P7 | AI14: 2 | AJ14: 45863 | AK14: 0 | AL14: 45854 | AM14: 45861 | AN14: 45862 | AO14: 45862 | AP14: 45858 | AQ14: 0 | AR14: 0 | AS14: 0 | AT14: 0 | AU14: 0 | AV14: 0 | AW14: งานพิมพ์ | AX14: / | AY14: 0 | AZ14: 0 | BA14: 0 | BB14: 0 | BC14: WRWT25800/WRWT25800 | BD14: 0
A15: 45854 | B15: MK68-000896 | C15: บจก.เอ็กเซลเล้นท์ | D15: แป้งสาลีพรีเมี่ยม | E15: 19 | F15: 30 | G15: ขาว | H15: 0 | I15: 60 | J15: ± | K15: 5 | L15: บิด | M15: ไม่สวมถุงใน | N15: 0 | O15: 0 | P15: 0 | Q15: 0 | R15: 0 | S15: 500กระสอบ | T15: 45863 | U15: 10000 | V15: 0 | W15: 10000 | X15: 0 | Y15: 10500 | Z15: WSWT1925800 | AA15: 8801.1 | AB15: 8801.1 | AC15: 0 | AD15: 0 | AE15: 0 | AF15: 0 | AG15: ยังไม่ได้พิมพ์ | AH15: P7 | AI15: 2 | AJ15: 45863 | AK15: 0 | AL15: 45854 | AM15: 45861 | AN15: 45862 | AO15: 45862 | AP15: 45858 | AQ15: 0 | AR15: 0 | AS15: 0 | AT15: 0 | AU15: 0 | AV15: 0 | AW15: งานพิมพ์ | AX15: / | AY15: 0 | AZ15: 0 | BA15: 0 | BB15: 0 | BC15: WRWT25800/WRWT25800 | BD15: 0
