Workbook

Sheet 30-7-68
B2: เรียงกำหนดส่ง | D2: ลบ 0 | T2: เรียง 1
B3: ข้อมูลUpdate ณ. วันที่ | D3: 45868 | E3: เวลา | G3: 10.38
A4: วันรับออร์เดอร์/แบบ | B4: เลขที่ SO | C4: ชื่อลูกค้า | E4: 10.3 | I4: น้ำหนัก | L4: บิด/จับจีบ | M4: ถุงใน | Q4: 44873 | S4: วิธีบรรจุ | T4: วันส่ง | U4: จำนวนส่ง | V4: ตัดเย็บ (ใบ) | W4: 44873 | X4: พิมพ์ (ใบ) | Y4: 44876 | Z4: ผ้าทอ (เมตร) Updateณ | AB4: 44876 | AD4: ผ้าเคลือบ(เมตร) | AF4: หมายเหตุ | AG4: เครื่อง
A5: วันรับออร์เดอร์/แบบ | B5: เลขที่ SO | C5: ชื่อลูกค้า | D5: ตรา | E5: กว้าง | F5: ยาว | G5: สี | H5: เคลือบ | I5: กรัม/ใบ | J5: * | K5: aw | L5: บิด/จับจีบ | M5: กว้าง | N5: ยาว | O5: หนา | P5: ใช้(กก.) | Q5: Stock(กก.) | R5: ผลิต(กก.) | S5: วิธีบรรจุ | T5: วันส่ง | U5: จำนวนส่ง | V5: StockFG | W5: ค้างตัด | X5: พิมพ์แล้ว | Y5: ค้างพิมพ์ | Z5: ประเภท | AA5: ใช้ | AB5: Stock | AC5: ค้างทอ | AD5: Stock | AE5: ค้างเคลือบ | AF5: หมายเหตุ | AG5: ที่พิมพ์ได้ | AH5: process | AI5: Lead time | AJ5: วันที่ส่งPL | AK5: เคลือบ | AL5: ได้ ART | AM5: พิมพ์ | AN5: จีบ-บิด | AO5: ตัด-เย็บ | AP5: ทอ | AQ5: สวมถุง | AR5: เย็บปาก | AS5: PT | AT5: ม้วน | AU5: ตัด | AV5: ตอกตาไก่ | AW5: GROUP | AX5: ART | AY5: หมายเหตุปัญหา | AZ5: ราคา/ใบ | BA5: ราคารวม | BB5: workweek | BC5: เส้นเทป | BD5: จำนวน
A6: 45860 | B6: MK68-000920 | C6: หจก.ปึงเป้งน้ำ | D6: เกลือตรามือ 10กก. | E6: 14 | F6: 22 | G6: ขาว | H6: ใส | I6: 42 | J6: ± | K6: 5 | L6: ไม่ | M6: ไม่สวมถุงใน | N6: 0 | O6: 0 | P6: 0 | Q6: 0 | R6: 0 | S6: 500กระสอบแบน | T6: 45884 | U6: 10000 | V6: 0 | W6: 10000 | X6: 0 | Y6: 10500 | Z6: WSWT1425800 | AA6: 6565.9 | AB6: 6565.9 | AC6: 0 | AD6: 0 | AE6: 6565.9 | AF6: 0 | AG6: ยังไม่ได้พิมพ์ | AH6: P6 | AI6: 4 | AJ6: 45884 | AK6: 45880 | AL6: 45873 | AM6: 45881 | AN6: 45882 | AO6: 45883 | AP6: 45879 | AQ6: 0 | AR6: 0 | AS6: 0 | AT6: 0 | AU6: 0 | AV6: 0 | AW6: งานเคลือบ+พิมพ์ | AX6: / | AY6: 0 | AZ6: 0 | BA6: 0 | BB6: 0 | BC6: WRWT25800/WRWT25800 | BD6: 0
A7: 0 | B7: 0 | C7: 0 | D7: 0 | E7: 14 | F7: 22 | G7: ขาว | H7: 0 | I7: 36 | J7: ± | K7: 5 | L7: 0 | M7: 0 | N7: 0 | O7: 0 | P7: 0 | Q7: 0 | R7: 0 | S7: 0 | U7: 0 | V7: 0 | W7: 0 | X7: 0 | Y7: 0 | Z7: WSWT1425800 | AA7: 6565.9 | AB7: 6565.9 | AC7: 0 | AD7: 0 | AE7: 6565.9 | AF7: ระบุในSD | AG7: พร้อมส่ง | AH7: 0 | AI7: Lead time | AJ7: 0 | AK7: 0 | AL7: 0 | AM7: 0 | AN7: 0 | AO7: 0 | AP7: 0 | AQ7: 0 | AR7: 0 | AS7: 0 | AT7: 0 | AU7: 0 | AV7: 0 | AW7: 0 | AX7: 0 | AY7: 0 | AZ7: 0 | BA7: 0 | BB7: 0 | BC7: WRWT140800/WRWT25800 | BD7: 0
A8: 45842 | B8: MK68-000868 | C8: พีมินเนอร์ | D8: พี-มินเนอร์ นิวพลัส | E8: 16 | F8: 28 | G8: ขาว | H8: ใส | I8: 56 | J8: ± | K8: 5 | L8: ไม่ | M8: 19 | N8: 31 | O8: 40 | P8: 1.1334313 | Q8: 0 | R8: 1.1334313 | S8: 500กระสอบ | T8: 45869 | U8: 4000 | V8: 3922 | W8: 78 | X8: 5295 | Y8: 0 | Z8: WSWT1625800SM | AA8: 0 | AB8: 0 | AC8: 0 | AD8: 0 | AE8: 0 | AF8: รอส่ง รอลูกค้ามารับเอง | AG8: พร้อมส่ง | AH8: P8 | AI8: 4 | AJ8: 45869 | AK8: 45865 | AL8: 45859 | AM8: 45866 | AN8: 45867 | AO8: 45867 | AP8: 45864 | AQ8: 45868 | AR8: 0 | AS8: 0 | AT8: 0 | AU8: 0 | AV8: 0 | AW8: งานเคลือบ+พิมพ์ | AX8: / | AY8: 0 | AZ8: 0 | BA8: 0 | BB8: 0 | BC8: WRWT25800/WRWT25800 | BD8: 0
A9: ประมาณการ | B9: ประมาณการ | C9: บจก.ซัน ซีเมนต์ โพรเซส | D9: พระอาทิตย์(ปูนนอน-ชริงค์) | E9: 16 | F9: 25 | G9: ขาว | H9: ใส | I9: 50 | J9: ± | K9: 5 | L9: บิด | M9: 19 | N9: 28 | O9: 40 | P9: 65.624643 | Q9: 0 | R9: 65.624643 | S9: 500กระสอบ | T9: รอแจ้ง | U9: 5000 | V9: 0 | W9: 5000 | X9: 0 | Y9: 5250 | Z9: WSWT1625800SM | AA9: 3702.05 | AB9: 0 | AC9: 3702.05 | AD9: 0 | AE9: 3702.05 | AF9: 0 | AG9: พร้อมส่ง | AH9: P8 | AI9: 4 | AJ9: รอแจ้ง | AK9: #VALUE! | AL9: #VALUE! | AM9: #VALUE! | AN9: #VALUE! | AO9: #VALUE! | AP9: #VALUE! | AQ9: #VALUE! | AR9: 0 | AS9: 0 | AT9: 0 | AU9: 0 | AV9: 0 | AW9: งานเคลือบ+พิมพ์ | AX9: รอART | AY9: 0 | AZ9: 0 | BA9: 0 | BB9: 0 | BC9: WRWT25800/WRWT25800 | BD9: 210.60551
A10: 0 | B10: 0 | C10: 0 | E10: 16 | F10: 25 | G10: ขาว | H10: 0 | I10: 45 | J10: ± | K10: 5 | L10: 0 | M10: 0 | N10: 0 | O10: 0 | P10: 0 | Q10: 0 | R10: 0 | S10: 0 | U10: 0 | V10: 0 | W10: 0 | X10: 0 | Y10: 0 | Z10: WSWT1625800SM | AA10: 3702.05 | AB10: 0 | AC10: 3702.05 | AD10: 0 | AE10: 3702.05 | AF10: ระบุในSD | AG10: พร้อมส่ง | AH10: 0 | AI10: Lead time | AJ10: 0 | AK10: 0 | AL10: 0 | AM10: 0 | AN10: 0 | AO10: 0 | AP10: 0 | AQ10: 0 | AR10: 0 | AS10: 0 | AT10: 0 | AU10: 0 | AV10: 0 | AW10: 0 | AX10: 0 | AY10: 0 | AZ10: 0 | BA10: 0 | BB10: 0 | BC10: WRWT160800/WRWT25800 | BD10: 0
A11: ประมาณการ | B11: ประมาณการ | C11: บจก.ฟาร์เธอร์ส วิง ซัพพลาย | D11: รถไฟ | E11: 18 | F11: 30 | G11: ขาว | H11: 0 | I11: 54 | J11: ± | K11: 5 | L11: บิด | M11: 19 | N11: 33 | O11: 40 | P11: 232.02999 | Q11: 0 | R11: 232.02999 | S11: 500กระสอบ | T11: รอแจ้ง | U11: 15000 | V11: 0 | W11: 15000 | X11: 0 | Y11: 15750 | Z11: WSWT1825800 | AA11: 13201.65 | AB11: 6301 | AC11: 6900.65 | AD11: 0 | AE11: 0 | AF11: 0 | AG11: พร้อมส่ง | AH11: P9 | AI11: 3 | AJ11: รอแจ้ง | AK11: 0 | AL11: #VALUE! | AM11: #VALUE! | AN11: #VALUE! | AO11: #VALUE! | AP11: #VALUE! | AQ11: #VALUE! | AR11: 0 | AS11: 0 | AT11: 0 | AU11: 0 | AV11: 0 | AW11: งานพิมพ์ | AX11: รอART | AY11: 0 | AZ11: 0 | BA11: 0 | BB11: 0 | BC11: WRWT25800/WRWT25800 | BD11: 474.76472
A12: 0 | B12: 0 | E12: 18 | F12: 30 | G12: ขาว | H12: 0 | I12: 54 | J12: ± | K12: 5 | L12: 0 | M12: 0 | N12: 0 | O12: 0 | P12: 0 | Q12: 0 | R12: 0 | S12: 0 | U12: 0 | V12: 0 | W12: 0 | X12: 0 | Y12: 0 | Z12: WSWT1825800 | AA12: 13201.65 | AB12: 6301 | AC12: 6900.65 | AD12: 0 | AE12: 0 | AF12: ระบุในSD | AG12: ยังไม่ได้พิมพ์ | AH12: 0 | AI12: Lead time | AJ12: 0 | AK12: 0 | AL12: 0 | AM12: 0 | AN12: 0 | AO12: 0 | AP12: 0 | AQ12: 0 | AR12: 0 | AS12: 0 | AT12: 0 | AU12: 0 | AV12: 0 | AW12: 0 | AX12: 0 | AY12: 0 | AZ12: 0 | BA12: 0 | BB12: 0 | BC12: WRWT25800/WRWT25800 | BD12: 0
A13: 45860 | B13: MK68-000917 | C13: บจก.ซิเบลโก้(บางเลน) | D13: PORTARYTE B15 | E13: 18 | F13: 30 | G13: ขาว | H13: ใส | I13: 74 | J13: ± | K13: 5 | L13: ไม่ | M13: ไม่สวมถุงใน | N13: 0 | O13: 0 | P13: 0 | Q13: 0 | R13: 0 | S13: 500กระสอบแบน | T13: 45883 | U13: 10000 | V13: 0 | W13: 10000 | X13: 0 | Y13: 10500 | Z13: WSWT1825800SM | AA13: 8801.1 | AB13: 6990 | AC13: 1811.1 | AD13: 1997 | AE13: 6804.1 | AF13: 0 | AG13: ยังไม่ได้พิมพ์ | AH13: P6 | AI13: 4 | AJ13: 45883 | AK13: 45879 | AL13: 45872 | AM13: 45880 | AN13: 45881 | AO13: 45882 | AP13: 45878 | AQ13: 0 | AR13: 0 | AS13: 0 | AT13: 0 | AU13: 0 | AV13: 0 | AW13: งานเคลือบ+พิมพ์ | AX13: / | AY13: 0 | AZ13: 0 | BA13: 0 | BB13: 0 | BC13: WRWT25800/WRWT25800 | BD13: 115.9104
A14: 0 | B14: 0 | C14: 0 | E14: 18 | F14: 25 | G14: ขาว | H14: 0 | I14: 50 | J14: ± | K14: 5 | L14: 0 | M14: 0 | N14: 0 | O14: 0 | P14: 0 | Q14: 0 | R14: 0 | S14: 0 | U14: 0 | V14: 0 | W14: 0 | X14: 0 | Y14: 0 | Z14: WSWT1825800SM | AA14: 8801.1 | AB14: 6990 | AC14: 1811.1 | AD14: 1997 | AE14: 6804.1 | AF14: ระบุในSD | AG14: รอแบบ | AH14: 0 | AI14: Lead time | AJ14: 0 | AK14: 0 | AL14: 0 | AM14: 0 | AN14: 0 | AO14: 0 | AP14: 0 | AQ14: 0 | AR14: 0 | AS14: 0 | AT14: 0 | AU14: 0 | AV14: 0 | AW14: 0 | AX14: 0 | AY14: 0 | AZ14: 0 | BA14: 0 | BB14: 0 | BC14: WRWT180800/WRWT25800 | BD14: 0
A15: ประมาณการ | B15: ประมาณการ | C15: บจก.เพรซิเดนท์ฟลาวมิลล์ | D15: ผึ้งเหลือง | E15: 19 | F15: 30 | G15: ขาว | H15: 0 | I15: 60 | J15: ± | K15: 5 | L15: บิด | M15: ไม่สวมถุงใน | N15: 0 | O15: 0 | P15: 0 | Q15: 0 | R15: 0 | S15: 500กระสอบ | T15: 45894 | U15: 100000 | V15: 0 | W15: 100000 | X15: 0 | Y15: 105000 | Z15: WSWT1925800 | AA15: 88011 | AB15: 56115 | AC15: 31896 | AD15: 0 | AE15: 0 | AF15: 0 | AG15: ยังไม่ได้พิมพ์ | AH15: P7 | AI15: 2 | AJ15: 45894 | AK15: 0 | AL15: 45885 | AM15: 45892 | AN15: 45893 | AO15: 45893 | AP15: 45889 | AQ15: 0 | AR15: 0 | AS15: 0 | AT15: 0 | AU15: 0 | AV15: 0 | AW15: งานพิมพ์ | AX15: รอART | AY15: 0 | AZ15: 0 | BA15: 0 | BB15: 0 | BC15: WRWT25800/WRWT25800 | BD15: 2316.3584
A16: ประมาณการ | B16: ประมาณการ | C16: บจก.เพรซิเดนท์ฟลาวมิลล์ | D16: ผึ้งชมพู | E16: 19 | F16: 30 | G16: ขาว | H16: 0 | I16: 60 | J16: ± | K16: 5 | L16: บิด | M16: ไม่สวมถุงใน | N16: 0 | O16: 0 | P16: 0 | Q16: 0 | R16: 0 | S16: 500กระสอบ | T16: 45894 | U16: 40000 | V16: 0 | W16: 40000 | X16: 0 | Y16: 42000 | Z16: WSWT1925800 | AA16: 35204.4 | AB16: 0 | AC16: 35204.4 | AD16: 0 | AE16: 0 | AF16: 0 | AG16: พร้อมส่ง | AH16: P7 | AI16: 2 | AJ16: 45894 | AK16: 0 | AL16: 45885 | AM16: 45892 | AN16: 45893 | AO16: 45893 | AP16: 45889 | AQ16: 0 | AR16: 0 | AS16: 0 | AT16: 0 | AU16: 0 | AV16: 0 | AW16: งานพิมพ์ | AX16: รอART | AY16: 0 | AZ16: 0 | BA16: 0 | BB16: 0 | BC16: WRWT25800/WRWT25800 | BD16: 2556.6218
A17: ประมาณการ | B17: ประมาณการ | C17: บจก.เอ็กเซลเล้นท์ | D17: รอแบบ | E17: 19 | F17: 30 | G17: ขาว | H17: 0 | I17: 60 | J17: ± | K17: 5 | L17: บิด | M17: ไม่สวมถุงใน | N17: 0 | O17: 0 | P17: 0 | Q17: 0 | R17: 0 | S17: 500กระสอบ | T17: 45894 | U17: 40000 | V17: 0 | W17: 40000 | X17: 0 | Y17: 42000 | Z17: WSWT1925800 | AA17: 35204.4 | AB17: 0 | AC17: 35204.4 | AD17: 0 | AE17: 0 | AF17: 0 | AG17: พร้อมส่ง | AH17: P7 | AI17: 2 | AJ17: 45894 | AK17: 0 | AL17: 45885 | AM17: 45892 | AN17: 45893 | AO17: 45893 | AP17: 45889 | AQ17: 0 | AR17: 0 | AS17: 0 | AT17: 0 | AU17: 0 | AV17: 0 | AW17: งานพิมพ์ | AX17: / | AY17: 0 | AZ17: 0 | BA17: 0 | BB17: 0 | BC17: WRWT25800/WRWT25800 | BD17: 2556.6218
A18: ประมาณการ | B18: ประมาณการ | C18: บจก.ไลม์มาสเตอร์ | D18: LMC 25 kg | E18: 19 | F18: 32 | G18: ขาว | H18: 0 | I18: 64 | J18: ± | K18: 5 | L18: ไม่ | M18: 20 | N18: 35 | O18: 40 | P18: 341.36903 | Q18: 0 | R18: 341.36903 | S18: 500กระสอบแบน | T18: 45894 | U18: 20000 | V18: 233 | W18: 19767 | X18: 0 | Y18: 20755.35 | Z18: WSWT1925800 | AA18: 18501.714 | AB18: 18501.714 | AC18: 0 | AD18: 0 | AE18: 0 | AF18: 0 | AG18: พร้อมส่ง | AH18: P9 | AI18: 3 | AJ18: 45894 | AK18: 0 | AL18: 45884 | AM18: 45891 | AN18: 45892 | AO18: 45892 | AP18: 45889 | AQ18: 45893 | AR18: 0 | AS18: 0 | AT18: 0 | AU18: 0 | AV18: 0 | AW18: งานพิมพ์ | AX18: รอART | AY18: 0 | AZ18: 0 | BA18: 0 | BB18: 0 | BC18: WRWT25800/WRWT25800 | BD18: 0
A19: 0 | B19: 0 | C19: 0 | D19: 0 | E19: 19 | F19: 30 | G19: ขาว | H19: 0 | I19: 60 | J19: ± | K19: 5 | L19: 0 | M19: 0 | N19: 0 | O19: 0 | P19: 0 | Q19: 0 | R19: 0 | S19: 0 | U19: 0 | V19: 0 | W19: 0 | X19: 0 | Y19: 0 | Z19: WSWT1925800 | AA19: 176921.51 | AB19: 74616.714 | AC19: 102304.8 | AD19: 0 | AE19: 0 | AF19: ระบุในSD | AG19: พร้อมส่ง | AH19: 0 | AI19: Lead time | AJ19: 0 | AK19: 0 | AL19: 0 | AM19: 0 | AN19: 0 | AO19: 0 | AP19: 0 | AQ19: 0 | AR19: 0 | AS19: 0 | AT19: 0 | AU19: 0 | AV19: 0 | AW19: 0 | AX19: 0 | AY19: 0 | AZ19: 0 | BA19: 0 | BB19: 0 | BC19: WRWT25800/WRWT25800 | BD19: 0
A20: 45854 | B20: MK68-000890 | C20: บจก.เคอรี่ฟลาวมิลล์ | D20: HARD FLOUR | E20: 19 | F20: 32 | G20: ขาว | H20: 0 | I20: 67 | J20: + | K20: 5 | L20: บิด | M20: ไม่สวมถุงใน | N20: 0 | O20: 0 | P20: 0 | Q20: 0 | R20: 0 | S20: ห่ออัดเบลแบน500 | T20: 45869 | U20: 5000 | V20: 5220 | W20: 0 | X20: 5400 | Y20: 0 | Z20: WSWT1921720 | AA20: 0 | AB20: 0 | AC20: 0 | AD20: 0 | AE20: 0 | AF20: PDR250226 | AG20: พร้อมส่ง | AH20: P7 | AI20: 2 | AJ20: 45869 | AK20: 0 | AL20: 45860 | AM20: 45867 | AN20: 45868 | AO20: 45868 | AP20: 45864 | AQ20: 0 | AR20: 0 | AS20: 0 | AT20: 0 | AU20: 0 | AV20: 0 | AW20: งานพิมพ์ | AX20: / | AY20: 0 | AZ20: 0 | BA20: 0 | BB20: 0 | BC20: WRWT21720/WRWT25800 | BD20: 0
A21: 45854 | B21: MK68-000890 | C21: บจก.เคอรี่ฟลาวมิลล์ | D21: ดอกไม้เขียว | E21: 19 | F21: 32 | G21: ขาว | H21: 0 | I21: 67 | J21: + | K21: 5 | L21: บิด | M21: ไม่สวมถุงใน | N21: 0 | O21: 0 | P21: 0 | Q21: 0 | R21: 0 | S21: ห่ออัดเบลแบน500 | T21: 45869 | U21: 5000 | V21: 5000 | W21: 0 | X21: 5198 | Y21: 0 | Z21: WSWT1921720 | AA21: 0 | AB21: 0 | AC21: 0 | AD21: 0 | AE21: 0 | AF21: PDR250226 | AG21: พร้อมส่ง | AH21: P7 | AI21: 2 | AJ21: 45869 | AK21: 0 | AL21: 45860 | AM21: 45867 | AN21: 45868 | AO21: 45868 | AP21: 45864 | AQ21: 0 | AR21: 0 | AS21: 0 | AT21: 0 | AU21: 0 | AV21: 0 | AW21: งานพิมพ์ | AX21: / | AY21: 0 | AZ21: 0 | BA21: 0 | BB21: 0 | BC21: WRWT21720/WRWT25800 | BD21: 0
A22: 45854 | B22: MK68-000890 | C22: บจก.เคอรี่ฟลาวมิลล์ | D22: 997 | E22: 19 | F22: 32 | G22: ขาว | H22: 0 | I22: 67 | J22: + | K22: 5 | L22: ไม่ | M22: ไม่สวมถุงใน | N22: 0 | O22: 0 | P22: 0 | Q22: 0 | R22: 0 | S22: ห่ออัดเบลแบน500 | T22: 45869 | U22: 5000 | V22: 5124 | W22: 0 | X22: 5300 | Y22: 0 | Z22: WSWT1921720 | AA22: 0 | AB22: 0 | AC22: 0 | AD22: 0 | AE22: 0 | AF22: PDR250226 | AG22: พร้อมส่ง | AH22: P7 | AI22: 2 | AJ22: 45869 | AK22: 0 | AL22: 45860 | AM22: 45867 | AN22: 45868 | AO22: 45868 | AP22: 45864 | AQ22: 0 | AR22: 0 | AS22: 0 | AT22: 0 | AU22: 0 | AV22: 0 | AW22: งานพิมพ์ | AX22: / | AY22: 0 | AZ22: 0 | BA22: 0 | BB22: 0 | BC22: WRWT21720/WRWT25800 | BD22: 0
A23: 45854 | B23: MK68-000891 | C23: บจก.เคอรี่ฟลาวมิลล์ | D23: ถุงเขียว | E23: 19 | F23: 32 | G23: ขาว | H23: 0 | I23: 67 | J23: + | K23: 5 | L23: บิด | M23: ไม่สวมถุงใน | N23: 0 | O23: 0 | P23: 0 | Q23: 0 | R23: 0 | S23: ห่ออัดเบลแบน500 | T23: 45869 | U23: 10000 | V23: 10000 | W23: 0 | X23: 10300 | Y23: 0 | Z23: WSWT1921720 | AA23: 0 | AB23: 0 | AC23: 0 | AD23: 0 | AE23: 0 | AF23: PDR250227 | AG23: พร้อมส่ง | AH23: P7 | AI23: 2 | AJ23: 45869 | AK23: 0 | AL23: 45860 | AM23: 45867 | AN23: 45868 | AO23: 45868 | AP23: 45864 | AQ23: 0 | AR23: 0 | AS23: 0 | AT23: 0 | AU23: 0 | AV23: 0 | AW23: งานพิมพ์ | AX23: / | AY23: 0 | AZ23: 0 | BA23: 0 | BB23: 0 | BC23: WRWT21720/WRWT25800 | BD23: 0
A24: 45854 | B24: MK68-000890 | C24: บจก.เคอรี่ฟลาวมิลล์ | D24: ปลาโลมาเทา | E24: 19 | F24: 32 | G24: ขาว | H24: 0 | I24: 67 | J24: + | K24: 5 | L24: บิด | M24: ไม่สวมถุงใน | N24: 0 | O24: 0 | P24: 0 | Q24: 0 | R24: 0 | S24: ห่ออัดเบลแบน500 | T24: 45871 | U24: 5000 | V24: 5000 | W24: 0 | X24: 5200 | Y24: 0 | Z24: WSWT1921720 | AA24: 0 | AB24: 0 | AC24: 0 | AD24: 0 | AE24: 0 | AF24: PDR250228 | AG24: พร้อมส่ง | AH24: P7 | AI24: 2 | AJ24: 45871 | AK24: 0 | AL24: 45862 | AM24: 45869 | AN24: 45870 | AO24: 45870 | AP24: 45866 | AQ24: 0 | AR24: 0 | AS24: 0 | AT24: 0 | AU24: 0 | AV24: 0 | AW24: งานพิมพ์ | AX24: / | AY24: 0 | AZ24: 0 | BA24: 0 | BB24: 0 | BC24: WRWT21720/WRWT25800 | BD24: 0
A25: 45854 | B25: MK68-000890 | C25: บจก.เคอรี่ฟลาวมิลล์ | D25: ถุงเขียว | E25: 19 | F25: 32 | G25: ขาว | H25: 0 | I25: 67 | J25: + | K25: 5 | L25: บิด | M25: ไม่สวมถุงใน | N25: 0 | O25: 0 | P25: 0 | Q25: 0 | R25: 0 | S25: ห่ออัดเบลแบน500 | T25: 45871 | U25: 10000 | V25: 10000 | W25: 0 | X25: 11110 | Y25: 0 | Z25: WSWT1921720 | AA25: 0 | AB25: 0 | AC25: 0 | AD25: 0 | AE25: 0 | AF25: PDR250228 | AG25: พร้อมส่ง | AH25: P7 | AI25: 2 | AJ25: 45871 | AK25: 0 | AL25: 45862 | AM25: 45869 | AN25: 45870 | AO25: 45870 | AP25: 45866 | AQ25: 0 | AR25: 0 | AS25: 0 | AT25: 0 | AU25: 0 | AV25: 0 | AW25: งานพิมพ์ | AX25: / | AY25: 0 | AZ25: 0 | BA25: 0 | BB25: 0 | BC25: WRWT21720/WRWT25800 | BD25: 0
A26: 45854 | B26: MK68-000890 | C26: บจก.เคอรี่ฟลาวมิลล์ | D26: ถุงทองแซนวิช | E26: 19 | F26: 32 | G26: ขาว | H26: 0 | I26: 67 | J26: + | K26: 5 | L26: บิด | M26: ไม่สวมถุงใน | N26: 0 | O26: 0 | P26: 0 | Q26: 0 | R26: 0 | S26: ห่ออัดเบลแบน500 | T26: 45871 | U26: 5000 | V26: 5000 | W26: 0 | X26: 5500 | Y26: 0 | Z26: WSWT1921720 | AA26: 0 | AB26: 0 | AC26: 0 | AD26: 0 | AE26: 0 | AF26: PDR250228 | AG26: รอตัด | AH26: P7 | AI26: 2 | AJ26: 45871 | AK26: 0 | AL26: 45862 | AM26: 45869 | AN26: 45870 | AO26: 45870 | AP26: 45866 | AQ26: 0 | AR26: 0 | AS26: 0 | AT26: 0 | AU26: 0 | AV26: 0 | AW26: งานพิมพ์ | AX26: / | AY26: รอผสม 1200 | AZ26: 0 | BA26: 0 | BB26: 0 | BC26: WRWT21720/WRWT25800 | BD26: 0
A27: 45854 | B27: MK68-000890 | C27: บจก.เคอรี่ฟลาวมิลล์ | D27: ถุงเงิน | E27: 19 | F27: 32 | G27: ขาว | H27: 0 | I27: 67 | J27: + | K27: 5 | L27: บิด | M27: ไม่สวมถุงใน | N27: 0 | O27: 0 | P27: 0 | Q27: 0 | R27: 0 | S27: ห่ออัดเบลแบน500 | T27: 45871 | U27: 5000 | V27: 5000 | W27: 0 | X27: 5250 | Y27: 0 | Z27: WSWT1921720 | AA27: 0 | AB27: 0 | AC27: 0 | AD27: 0 | AE27: 0 | AF27: PDR250228 | AG27: พร้อมส่ง | AH27: P7 | AI27: 2 | AJ27: 45871 | AK27: 0 | AL27: 45862 | AM27: 45869 | AN27: 45870 | AO27: 45870 | AP27: 45866 | AQ27: 0 | AR27: 0 | AS27: 0 | AT27: 0 | AU27: 0 | AV27: 0 | AW27: งานพิมพ์ | AX27: / | AY27: 0 | AZ27: 0 | BA27: 0 | BB27: 0 | BC27: WRWT21720/WRWT25800 | BD27: 0
A28: 45854 | B28: MK68-000891 | C28: บจก.เคอรี่ฟลาวมิลล์ | D28: ปลาโลมาแดง | E28: 19 | F28: 32 | G28: ขาว | H28: 0 | I28: 67 | J28: + | K28: 5 | L28: บิด | M28: ไม่สวมถุงใน | N28: 0 | O28: 0 | P28: 0 | Q28: 0 | R28: 0 | S28: ห่ออัดเบลแบน500 | T28: 45871 | U28: 5000 | V28: 5000 | W28: 0 | X28: 5250 | Y28: 0 | Z28: WSWT1921720 | AA28: 0 | AB28: 0 | AC28: 0 | AD28: 0 | AE28: 0 | AF28: PDR250229 | AG28: พร้อมส่ง | AH28: P7 | AI28: 2 | AJ28: 45871 | AK28: 0 | AL28: 45862 | AM28: 45869 | AN28: 45870 | AO28: 45870 | AP28: 45866 | AQ28: 0 | AR28: 0 | AS28: 0 | AT28: 0 | AU28: 0 | AV28: 0 | AW28: งานพิมพ์ | AX28: / | AY28: 0 | AZ28: 0 | BA28: 0 | BB28: 0 | BC28: WRWT21720/WRWT25800 | BD28: 0
A29: 45854 | B29: MK68-000891 | C29: บจก.เคอรี่ฟลาวมิลล์ | D29: ดอกไม้เหลือง | E29: 19 | F29: 32 | G29: ขาว | H29: 0 | I29: 67 | J29: + | K29: 5 | L29: บิด | M29: ไม่สวมถุงใน | N29: 0 | O29: 0 | P29: 0 | Q29: 0 | R29: 0 | S29: ห่ออัดเบลแบน500 | T29: 45871 | U29: 5000 | V29: 0 | W29: 5000 | X29: 5200 | Y29: 0 | Z29: WSWT1921720 | AA29: 0 | AB29: 0 | AC29: 0 | AD29: 0 | AE29: 0 | AF29: PDR250229 | AG29: รอตัด | AH29: P7 | AI29: 2 | AJ29: 45871 | AK29: 0 | AL29: 45862 | AM29: 45869 | AN29: 45870 | AO29: 45870 | AP29: 45866 | AQ29: 0 | AR29: 0 | AS29: 0 | AT29: 0 | AU29: 0 | AV29: 0 | AW29: งานพิมพ์ | AX29: / | AY29: 0 | AZ29: 0 | BA29: 0 | BB29: 0 | BC29: WRWT21720/WRWT25800 | BD29: 0
A30: 45854 | B30: MK68-000891 | C30: บจก.เคอรี่ฟลาวมิลล์ | D30: FW-Y | E30: 19 | F30: 32 | G30: ขาว | H30: 0 | I30: 67 | J30: + | K30: 5 | L30: ไม่ | M30: ไม่สวมถุงใน | N30: 0 | O30: 0 | P30: 0 | Q30: 0 | R30: 0 | S30: ห่ออัดเบลแบน500 | T30: 45871 | U30: 5000 | V30: 5000 | W30: 0 | X30: 5250 | Y30: 0 | Z30: WSWT1921720 | AA30: 0 | AB30: 0 | AC30: 0 | AD30: 0 | AE30: 0 | AF30: PDR250229 | AG30: ยังไม่ได้พิมพ์ | AH30: P7 | AI30: 2 | AJ30: 45871 | AK30: 0 | AL30: 45862 | AM30: 45869 | AN30: 45870 | AO30: 45870 | AP30: 45866 | AQ30: 0 | AR30: 0 | AS30: 0 | AT30: 0 | AU30: 0 | AV30: 0 | AW30: งานพิมพ์ | AX30: / | AY30: 0 | AZ30: 0 | BA30: 0 | BB30: 0 | BC30: WRWT21720/WRWT25800 | BD30: 0
A31: 45854 | B31: MK68-000891 | C31: บจก.เคอรี่ฟลาวมิลล์ | D31: 8S | E31: 19 | F31: 32 | G31: ขาว | H31: 0 | I31: 67 | J31: + | K31: 5 | L31: ไม่ | M31: ไม่สวมถุงใน | N31: 0 | O31: 0 | P31: 0 | Q31: 0 | R31: 0 | S31: ห่ออัดเบลแบน500 | T31: 45871 | U31: 5000 | V31: 5000 | W31: 0 | X31: 5300 | Y31: 0 | Z31: WSWT1921720 | AA31: 0 | AB31: 0 | AC31: 0 | AD31: 0 | AE31: 0 | AF31: PDR250229 | AG31: พร้อมส่ง | AH31: P7 | AI31: 2 | AJ31: 45871 | AK31: 0 | AL31: 45862 | AM31: 45869 | AN31: 45870 | AO31: 45870 | AP31: 45866 | AQ31: 0 | AR31: 0 | AS31: 0 | AT31: 0 | AU31: 0 | AV31: 0 | AW31: งานพิมพ์ | AX31: / | AY31: 0 | AZ31: 0 | BA31: 0 | BB31: 0 | BC31: WRWT21720/WRWT25800 | BD31: 0
A32: 45854 | B32: MK68-000891 | C32: บจก.เคอรี่ฟลาวมิลล์ | D32: หีบเพลงแดง | E32: 19 | F32: 32 | G32: ขาว | H32: 0 | I32: 67 | J32: + | K32: 5 | L32: บิด | M32: ไม่สวมถุงใน | N32: 0 | O32: 0 | P32: 0 | Q32: 0 | R32: 0 | S32: ห่ออัดเบลแบน500 | T32: 45871 | U32: 5000 | V32: 0 | W32: 5000 | X32: 5400 | Y32: 0 | Z32: WSWT1921720 | AA32: 0 | AB32: 0 | AC32: 0 | AD32: 0 | AE32: 0 | AF32: PDR250229 | AG32: รอตัด | AH32: P7 | AI32: 2 | AJ32: 45871 | AK32: 0 | AL32: 45862 | AM32: 45869 | AN32: 45870 | AO32: 45870 | AP32: 45866 | AQ32: 0 | AR32: 0 | AS32: 0 | AT32: 0 | AU32: 0 | AV32: 0 | AW32: งานพิมพ์ | AX32: / | AY32: 0 | AZ32: 0 | BA32: 0 | BB32: 0 | BC32: WRWT21720/WRWT25800 | BD32: 0
A33: 45854 | B33: MK68-000890 | C33: บจก.เคอรี่ฟลาวมิลล์ | D33: ถุงเขียว | E33: 19 | F33: 32 | G33: ขาว | H33: 0 | I33: 67 | J33: + | K33: 5 | L33: บิด | M33: ไม่สวมถุงใน | N33: 0 | O33: 0 | P33: 0 | Q33: 0 | R33: 0 | S33: ห่ออัดเบลแบน500 | T33: 45874 | U33: 10000 | V33: 0 | W33: 10000 | X33: 0 | Y33: 10500 | Z33: WSWT1921720 | AA33: 9359.9 | AB33: 9359.9 | AC33: 0 | AD33: 0 | AE33: 0 | AF33: PDR250230 | AG33: รอตัด | AH33: P7 | AI33: 2 | AJ33: 45874 | AK33: 0 | AL33: 45865 | AM33: 45872 | AN33: 45873 | AO33: 45873 | AP33: 45869 | AQ33: 0 | AR33: 0 | AS33: 0 | AT33: 0 | AU33: 0 | AV33: 0 | AW33: งานพิมพ์ | AX33: / | AY33: 0 | AZ33: 0 | BA33: 0 | BB33: 0 | BC33: WRWT21720/WRWT25800 | BD33: 0
A34: 45854 | B34: MK68-000890 | C34: บจก.เคอรี่ฟลาวมิลล์ | D34: แต้มแดง | E34: 19 | F34: 32 | G34: ขาว | H34: 0 | I34: 67 | J34: + | K34: 5 | L34: บิด | M34: ไม่สวมถุงใน | N34: 0 | O34: 0 | P34: 0 | Q34: 0 | R34: 0 | S34: ห่ออัดเบลแบน500 | T34: 45874 | U34: 5000 | V34: 5000 | W34: 0 | X34: 5800 | Y34: 0 | Z34: WSWT1921720 | AA34: 0 | AB34: 0 | AC34: 0 | AD34: 0 | AE34: 0 | AF34: PDR250230 | AG34: ยังไม่ได้พิมพ์ | AH34: P7 | AI34: 2 | AJ34: 45874 | AK34: 0 | AL34: 45865 | AM34: 45872 | AN34: 45873 | AO34: 45873 | AP34: 45869 | AQ34: 0 | AR34: 0 | AS34: 0 | AT34: 0 | AU34: 0 | AV34: 0 | AW34: งานพิมพ์ | AX34: / | AY34: 0 | AZ34: 0 | BA34: 0 | BB34: 0 | BC34: WRWT21720/WRWT25800 | BD34: 0
A35: 45854 | B35: MK68-000890 | C35: บจก.เคอรี่ฟลาวมิลล์ | D35: ปลาโลมาแดง | E35: 19 | F35: 32 | G35: ขาว | H35: 0 | I35: 67 | J35: + | K35: 5 | L35: บิด | M35: ไม่สวมถุงใน | N35: 0 | O35: 0 | P35: 0 | Q35: 0 | R35: 0 | S35: ห่ออัดเบลแบน500 | T35: 45874 | U35: 5000 | V35: 0 | W35: 5000 | X35: 5250 | Y35: 0 | Z35: WSWT1921720 | AA35: 0 | AB35: 0 | AC35: 0 | AD35: 0 | AE35: 0 | AF35: PDR250230 | AG35: ยังไม่ได้พิมพ์ | AH35: P7 | AI35: 2 | AJ35: 45874 | AK35: 0 | AL35: 45865 | AM35: 45872 | AN35: 45873 | AO35: 45873 | AP35: 45869 | AQ35: 0 | AR35: 0 | AS35: 0 | AT35: 0 | AU35: 0 | AV35: 0 | AW35: งานพิมพ์ | AX35: / | AY35: 0 | AZ35: 0 | BA35: 0 | BB35: 0 | BC35: WRWT21720/WRWT25800 | BD35: 0
A36: 45854 | B36: MK68-000890 | C36: บจก.เคอรี่ฟลาวมิลล์ | D36: ดอกไม้เหลือง | E36: 19 | F36: 32 | G36: ขาว | H36: 0 | I36: 67 | J36: + | K36: 5 | L36: บิด | M36: ไม่สวมถุงใน | N36: 0 | O36: 0 | P36: 0 | Q36: 0 | R36: 0 | S36: ห่ออัดเบลแบน500 | T36: 45874 | U36: 5000 | V36: 0 | W36: 5000 | X36: 5200 | Y36: 0 | Z36: WSWT1921720 | AA36: 0 | AB36: 0 | AC36: 0 | AD36: 0 | AE36: 0 | AF36: PDR250230 | AG36: ยังไม่ได้พิมพ์ | AH36: P7 | AI36: 2 | AJ36: 45874 | AK36: 0 | AL36: 45865 | AM36: 45872 | AN36: 45873 | AO36: 45873 | AP36: 45869 | AQ36: 0 | AR36: 0 | AS36: 0 | AT36: 0 | AU36: 0 | AV36: 0 | AW36: งานพิมพ์ | AX36: / | AY36: 0 | AZ36: 0 | BA36: 0 | BB36: 0 | BC36: WRWT21720/WRWT25800 | BD36: 0
A37: 45854 | B37: MK68-000891 | C37: บจก.เคอรี่ฟลาวมิลล์ | D37: ดอกไม้ม่วง | E37: 19 | F37: 32 | G37: ขาว | H37: 0 | I37: 67 | J37: + | K37: 5 | L37: บิด | M37: ไม่สวมถุงใน | N37: 0 | O37: 0 | P37: 0 | Q37: 0 | R37: 0 | S37: ห่ออัดเบลแบน500 | T37: 45874 | U37: 5000 | V37: 0 | W37: 5000 | X37: 0 | Y37: 5250 | Z37: WSWT1921720 | AA37: 4679.95 | AB37: 4679.95 | AC37: 0 | AD37: 0 | AE37: 0 | AF37: PDR250231 | AG37: พิมพ์ไม่ครบ | AH37: P7 | AI37: 2 | AJ37: 45874 | AK37: 0 | AL37: 45865 | AM37: 45872 | AN37: 45873 | AO37: 45873 | AP37: 45869 | AQ37: 0 | AR37: 0 | AS37: 0 | AT37: 0 | AU37: 0 | AV37: 0 | AW37: งานพิมพ์ | AX37: / | AY37: 0 | AZ37: 0 | BA37: 0 | BB37: 0 | BC37: WRWT21720/WRWT25800 | BD37: 0
A38: 45854 | B38: MK68-000891 | C38: บจก.เคอรี่ฟลาวมิลล์ | D38: ดอกไม้แดง | E38: 19 | F38: 32 | G38: ขาว | H38: 0 | I38: 67 | J38: + | K38: 5 | L38: บิด | M38: ไม่สวมถุงใน | N38: 0 | O38: 0 | P38: 0 | Q38: 0 | R38: 0 | S38: ห่ออัดเบลแบน500 | T38: 45874 | U38: 5000 | V38: 0 | W38: 5000 | X38: 0 | Y38: 5250 | Z38: WSWT1921720 | AA38: 4679.95 | AB38: 3561 | AC38: 1118.95 | AD38: 0 | AE38: 0 | AF38: PDR250231 | AG38: พร้อมส่ง | AH38: P7 | AI38: 2 | AJ38: 45874 | AK38: 0 | AL38: 45865 | AM38: 45872 | AN38: 45873 | AO38: 45873 | AP38: 45869 | AQ38: 0 | AR38: 0 | AS38: 0 | AT38: 0 | AU38: 0 | AV38: 0 | AW38: งานพิมพ์ | AX38: / | AY38: 0 | AZ38: 0 | BA38: 0 | BB38: 0 | BC38: WRWT21720/WRWT25800 | BD38: 84.284287
... A40: 45854 | B40: MK68-000891 | C40: บจก.เคอรี่ฟลาวมิลล์ | D40: หีบเพลงเหลือง | E40: 19 | F40: 32 | G40: ขาว | H40: 0 | I40: 67 | J40: + | K40: 5 | L40: บิด | M40: ไม่สวมถุงใน | N40: 0 | O40: 0 | P40: 0 | Q40: 0 | R40: 0 | S40: ห่ออัดเบลแบน500 | T40: 45874 | U40: 5000 | V40: 0 | W40: 5000 | X40: 2400 | Y40: 2730 | Z40: WSWT1921720 | AA40: 2555.2527 | AB40: 2555.2527 | AC40: 0 | AD40: 0 | AE40: 0 | AF40: PDR250231 | AG40: ยังไม่ได้พิมพ์ | AH40: P7 | AI40: 2 | AJ40: 45874 | AK40: 0 | AL40: 45865 | AM40: 45872 | AN40: 45873 | AO40: 45873 | AP40: 45869 | AQ40: 0 | AR40: 0 | AS40: 0 | AT40: 0 | AU40: 0 | AV40: 0 | AW40: งานพิมพ์ | AX40: / | AY40: 0 | AZ40: 0 | BA40: 0 | BB40: 0 | BC40: WRWT21720/WRWT25800 | BD40: 0
A41: 45857 | B41: MK68-000909 | C41: บจก.เคอรี่ฟลาวมิลล์ | D41: ปลาโลมาเทา | E41: 19 | F41: 32 | G41: ขาว | H41: 0 | I41: 67 | J41: + | K41: 5 | L41: บิด | M41: ไม่สวมถุงใน | N41: 0 | O41: 0 | P41: 0 | Q41: 0 | R41: 0 | S41: ห่ออัดเบลแบน500 | T41: 45874 | U41: 5000 | V41: 5000 | W41: 0 | X41: 5200 | Y41: 0 | Z41: WSWT1921720 | AA41: 0 | AB41: 0 | AC41: 0 | AD41: 0 | AE41: 0 | AF41: PDR250235 | AG41: พร้อมส่ง | AH41: P7 | AI41: 2 | AJ41: 45874 | AK41: 0 | AL41: 45865 | AM41: 45872 | AN41: 45873 | AO41: 45873 | AP41: 45869 | AQ41: 0 | AR41: 0 | AS41: 0 | AT41: 0 | AU41: 0 | AV41: 0 | AW41: งานพิมพ์ | AX41: / | AY41: ลบสี | AZ41: 0 | BA41: 0 | BB41: 0 | BC41: WRWT21720/WRWT25800 | BD41: 0
A42: 45854 | B42: MK68-000890 | C42: บจก.เคอรี่ฟลาวมิลล์ | D42: ปลาโลมาเทา | E42: 19 | F42: 32 | G42: ขาว | H42: 0 | I42: 67 | J42: + | K42: 5 | L42: บิด | M42: ไม่สวมถุงใน | N42: 0 | O42: 0 | P42: 0 | Q42: 0 | R42: 0 | S42: ห่ออัดเบลแบน500 | T42: 45876 | U42: 5000 | V42: 0 | W42: 5000 | X42: 0 | Y42: 5250 | Z42: WSWT1921720 | AA42: 4679.95 | AB42: 0 | AC42: 4679.95 | AD42: 0 | AE42: 0 | AF42: PDR250232 | AG42: รอตัด | AH42: P7 | AI42: 2 | AJ42: 45876 | AK42: 0 | AL42: 45867 | AM42: 45874 | AN42: 45875 | AO42: 45875 | AP42: 45871 | AQ42: 0 | AR42: 0 | AS42: 0 | AT42: 0 | AU42: 0 | AV42: 0 | AW42: งานพิมพ์ | AX42: / | AY42: 0 | AZ42: 0 | BA42: 0 | BB42: 0 | BC42: WRWT21720/WRWT25800 | BD42: 352.51463
A43: 45854 | B43: MK68-000890 | C43: บจก.เคอรี่ฟลาวมิลล์ | D43: NHR-1 | E43: 19 | F43: 32 | G43: ขาว | H43: 0 | I43: 67 | J43: + | K43: 5 | L43: บิด | M43: ไม่สวมถุงใน | N43: 0 | O43: 0 | P43: 0 | Q43: 0 | R43: 0 | S43: ห่ออัดเบลแบน500 | T43: 45876 | U43: 5000 | V43: 0 | W43: 5000 | X43: 0 | Y43: 5250 | Z43: WSWT1921720 | AA43: 4679.95 | AB43: 0 | AC43: 4679.95 | AD43: 0 | AE43: 0 | AF43: PDR250232 | AG43: ยังไม่ได้พิมพ์ | AH43: P7 | AI43: 2 | AJ43: 45876 | AK43: 0 | AL43: 45867 | AM43: 45874 | AN43: 45875 | AO43: 45875 | AP43: 45871 | AQ43: 0 | AR43: 0 | AS43: 0 | AT43: 0 | AU43: 0 | AV43: 0 | AW43: งานพิมพ์ | AX43: / | AY43: 0 | AZ43: 0 | BA43: 0 | BB43: 0 | BC43: WRWT21720/WRWT25800 | BD43: 352.51463
A44: 45854 | B44: MK68-000890 | C44: บจก.เคอรี่ฟลาวมิลล์ | D44: ถุงเงิน | E44: 19 | F44: 32 | G44: ขาว | H44: 0 | I44: 67 | J44: + | K44: 5 | L44: บิด | M44: ไม่สวมถุงใน | N44: 0 | O44: 0 | P44: 0 | Q44: 0 | R44: 0 | S44: ห่ออัดเบลแบน500 | T44: 45876 | U44: 5000 | V44: 5000 | W44: 0 | X44: 5250 | Y44: 0 | Z44: WSWT1921720 | AA44: 0 | AB44: 0 | AC44: 0 | AD44: 0 | AE44: 0 | AF44: PDR250232 | AG44: ยังไม่ได้พิมพ์ | AH44: P7 | AI44: 2 | AJ44: 45876 | AK44: 0 | AL44: 45867 | AM44: 45874 | AN44: 45875 | AO44: 45875 | AP44: 45871 | AQ44: 0 | AR44: 0 | AS44: 0 | AT44: 0 | AU44: 0 | AV44: 0 | AW44: งานพิมพ์ | AX44: / | AY44: 0 | AZ44: 0 | BA44: 0 | BB44: 0 | BC44: WRWT21720/WRWT25800 | BD44: 0
A45: 45857 | B45: MK68-000910 | C45: บจก.เคอรี่ฟลาวมิลล์ | D45: ถุงทองแซนวิช | E45: 19 | F45: 32 | G45: ขาว | H45: 0 | I45: 67 | J45: + | K45: 5 | L45: บิด | M45: ไม่สวมถุงใน | N45: 0 | O45: 0 | P45: 0 | Q45: 0 | R45: 0 | S45: ห่ออัดเบลแบน500 | T45: 45876 | U45: 10000 | V45: 5000 | W45: 5000 | X45: 10400 | Y45: 0 | Z45: WSWT1921720 | AA45: 0 | AB45: 0 | AC45: 0 | AD45: 0 | AE45: 0 | AF45: PDR250236 | AG45: พร้อมส่ง | AH45: P7 | AI45: 2 | AJ45: 45876 | AK45: 0 | AL45: 45867 | AM45: 45874 | AN45: 45875 | AO45: 45875 | AP45: 45871 | AQ45: 0 | AR45: 0 | AS45: 0 | AT45: 0 | AU45: 0 | AV45: 0 | AW45: งานพิมพ์ | AX45: / | AY45: 0 | AZ45: 0 | BA45: 0 | BB45: 0 | BC45: WRWT21720/WRWT25800 | BD45: 0
A46: 45857 | B46: MK68-000909 | C46: บจก.เคอรี่ฟลาวมิลล์ | D46: HARD FLOUR | E46: 19 | F46: 32 | G46: ขาว | H46: 0 | I46: 67 | J46: + | K46: 5 | L46: บิด | M46: ไม่สวมถุงใน | N46: 0 | O46: 0 | P46: 0 | Q46: 0 | R46: 0 | S46: ห่ออัดเบลแบน500 | T46: 45876 | U46: 5000 | V46: 0 | W46: 5000 | X46: 0 | Y46: 5250 | Z46: WSWT1921720 | AA46: 4679.95 | AB46: 0 | AC46: 4679.95 | AD46: 0 | AE46: 0 | AF46: PDR250237 | AG46: พร้อมส่ง | AH46: P7 | AI46: 2 | AJ46: 45876 | AK46: 0 | AL46: 45867 | AM46: 45874 | AN46: 45875 | AO46: 45875 | AP46: 45871 | AQ46: 0 | AR46: 0 | AS46: 0 | AT46: 0 | AU46: 0 | AV46: 0 | AW46: งานพิมพ์ | AX46: / | AY46: 0 | AZ46: 0 | BA46: 0 | BB46: 0 | BC46: WRWT21720/WRWT25800 | BD46: 352.51463
A47: 45857 | B47: MK68-000909 | C47: บจก.เคอรี่ฟลาวมิลล์ | D47: ปลาโลมาแดง | E47: 19 | F47: 32 | G47: ขาว | H47: 0 | I47: 67 | J47: + | K47: 5 | L47: บิด | M47: ไม่สวมถุงใน | N47: 0 | O47: 0 | P47: 0 | Q47: 0 | R47: 0 | S47: ห่ออัดเบลแบน500 | T47: 45876 | U47: 5000 | V47: 0 | W47: 5000 | X47: 0 | Y47: 5250 | Z47: WSWT1921720 | AA47: 4679.95 | AB47: 0 | AC47: 4679.95 | AD47: 0 | AE47: 0 | AF47: PDR250237 | AG47: ยังไม่ได้พิมพ์ | AH47: P7 | AI47: 2 | AJ47: 45876 | AK47: 0 | AL47: 45867 | AM47: 45874 | AN47: 45875 | AO47: 45875 | AP47: 45871 | AQ47: 0 | AR47: 0 | AS47: 0 | AT47: 0 | AU47: 0 | AV47: 0 | AW47: งานพิมพ์ | AX47: / | AY47: 0 | AZ47: 0 | BA47: 0 | BB47: 0 | BC47: WRWT21720/WRWT25800 | BD47: 352.51463
A48: 45857 | B48: MK68-000909 | C48: บจก.เคอรี่ฟลาวมิลล์ | D48: FW-Y | E48: 19 | F48: 32 | G48: ขาว | H48: 0 | I48: 67 | J48: + | K48: 5 | L48: ไม่ | M48: ไม่สวมถุงใน | N48: 0 | O48: 0 | P48: 0 | Q48: 0 | R48: 0 | S48: ห่ออัดเบลแบน500 | T48: 45876 | U48: 5000 | V48: 5000 | W48: 0 | X48: 5200 | Y48: 0 | Z48: WSWT1921720 | AA48: 0 | AB48: 0 | AC48: 0 | AD48: 0 | AE48: 0 | AF48: PDR250237 | AG48: พร้อมส่ง | AH48: P7 | AI48: 2 | AJ48: 45876 | AK48: 0 | AL48: 45867 | AM48: 45874 | AN48: 45875 | AO48: 45875 | AP48: 45871 | AQ48: 0 | AR48: 0 | AS48: 0 | AT48: 0 | AU48: 0 | AV48: 0 | AW48: งานพิมพ์ | AX48: / | AY48: 0 | AZ48: 0 | BA48: 0 | BB48: 0 | BC48: WRWT21720/WRWT25800 | BD48: 0
A49: 45857 | B49: MK68-000909 | C49: บจก.เคอรี่ฟลาวมิลล์ | D49: ดอกไม้เขียว | E49: 19 | F49: 32 | G49: ขาว | H49: 0 | I49: 67 | J49: + | K49: 5 | L49: บิด | M49: ไม่สวมถุงใน | N49: 0 | O49: 0 | P49: 0 | Q49: 0 | R49: 0 | S49: ห่ออัดเบลแบน500 | T49: 45876 | U49: 5000 | V49: 5000 | W49: 0 | X49: 5198 | Y49: 0 | Z49: WSWT1921720 | AA49: 0 | AB49: 0 | AC49: 0 | AD49: 0 | AE49: 0 | AF49: PDR250237 | AG49: ยังไม่ได้พิมพ์ | AH49: P7 | AI49: 2 | AJ49: 45876 | AK49: 0 | AL49: 45867 | AM49: 45874 | AN49: 45875 | AO49: 45875 | AP49: 45871 | AQ49: 0 | AR49: 0 | AS49: 0 | AT49: 0 | AU49: 0 | AV49: 0 | AW49: งานพิมพ์ | AX49: / | AY49: 0 | AZ49: 0 | BA49: 0 | BB49: 0 | BC49: WRWT21720/WRWT25800 | BD49: 0
A50: 45857 | B50: MK68-000909 | C50: บจก.เคอรี่ฟลาวมิลล์ | D50: WHOLE WHEAT | E50: 19 | F50: 32 | G50: ขาว | H50: 0 | I50: 67 | J50: + | K50: 5 | L50: บิด | M50: ไม่สวมถุงใน | N50: 0 | O50: 0 | P50: 0 | Q50: 0 | R50: 0 | S50: ห่ออัดเบลแบน500 | T50: 45876 | U50: 5000 | V50: 0 | W50: 5000 | X50: 0 | Y50: 5250 | Z50: WSWT1921720 | AA50: 4679.95 | AB50: 0 | AC50: 4679.95 | AD50: 0 | AE50: 0 | AF50: PDR250237 | AG50: ยังไม่ได้พิมพ์ | AH50: P7 | AI50: 2 | AJ50: 45876 | AK50: 0 | AL50: 45867 | AM50: 45874 | AN50: 45875 | AO50: 45875 | AP50: 45871 | AQ50: 0 | AR50: 0 | AS50: 0 | AT50: 0 | AU50: 0 | AV50: 0 | AW50: งานพิมพ์ | AX50: / | AY50: 0 | AZ50: 0 | BA50: 0 | BB50: 0 | BC50: WRWT21720/WRWT25800 | BD50: 352.51463
A51: 45857 | B51: MK68-000909 | C51: บจก.เคอรี่ฟลาวมิลล์ | D51: BS | E51: 19 | F51: 32 | G51: ขาว | H51: 0 | I51: 67 | J51: + | K51: 5 | L51: บิด | M51: ไม่สวมถุงใน | N51: 0 | O51: 0 | P51: 0 | Q51: 0 | R51: 0 | S51: ห่ออัดเบลแบน500 | T51: 45878 | U51: 5000 | V51: 4923 | W51: 77 | X51: 5250 | Y51: 0 | Z51: WSWT1921720 | AA51: 0 | AB51: 0 | AC51: 0 | AD51: 0 | AE51: 0 | AF51: PDR250243 | AG51: รอตัด | AH51: P7 | AI51: 2 | AJ51: 45878 | AK51: 0 | AL51: 45869 | AM51: 45876 | AN51: 45877 | AO51: 45877 | AP51: 45873 | AQ51: 0 | AR51: 0 | AS51: 0 | AT51: 0 | AU51: 0 | AV51: 0 | AW51: งานพิมพ์ | AX51: 0 | AY51: 0 | AZ51: 0 | BA51: 0 | BB51: 0 | BC51: WRWT21720/WRWT25800 | BD51: 0
A52: 45854 | B52: MK68-000890 | C52: บจก.เคอรี่ฟลาวมิลล์ | D52: ถุงเขียว | E52: 19 | F52: 32 | G52: ขาว | H52: 0 | I52: 67 | J52: + | K52: 5 | L52: บิด | M52: ไม่สวมถุงใน | N52: 0 | O52: 0 | P52: 0 | Q52: 0 | R52: 0 | S52: ห่ออัดเบลแบน500 | T52: 45878 | U52: 10000 | V52: 0 | W52: 10000 | X52: 0 | Y52: 10500 | Z52: WSWT1921720 | AA52: 9359.9 | AB52: 0 | AC52: 9359.9 | AD52: 0 | AE52: 0 | AF52: PDR250233 | AG52: ยังไม่ได้พิมพ์ | AH52: P7 | AI52: 2 | AJ52: 45878 | AK52: 0 | AL52: 45869 | AM52: 45876 | AN52: 45877 | AO52: 45877 | AP52: 45873 | AQ52: 0 | AR52: 0 | AS52: 0 | AT52: 0 | AU52: 0 | AV52: 0 | AW52: งานพิมพ์ | AX52: / | AY52: 0 | AZ52: 0 | BA52: 0 | BB52: 0 | BC52: WRWT21720/WRWT25800 | BD52: 705.02927
A53: 45854 | B53: MK68-000890 | C53: บจก.เคอรี่ฟลาวมิลล์ | D53: ดอกไม้เขียว | E53: 19 | F53: 32 | G53: ขาว | H53: 0 | I53: 67 | J53: + | K53: 5 | L53: บิด | M53: ไม่สวมถุงใน | N53: 0 | O53: 0 | P53: 0 | Q53: 0 | R53: 0 | S53: ห่ออัดเบลแบน500 | T53: 45878 | U53: 5000 | V53: 0 | W53: 5000 | X53: 0 | Y53: 5250 | Z53: WSWT1921720 | AA53: 4679.95 | AB53: 0 | AC53: 4679.95 | AD53: 0 | AE53: 0 | AF53: PDR250233 | AG53: ยังไม่ได้พิมพ์ | AH53: P7 | AI53: 2 | AJ53: 45878 | AK53: 0 | AL53: 45869 | AM53: 45876 | AN53: 45877 | AO53: 45877 | AP53: 45873 | AQ53: 0 | AR53: 0 | AS53: 0 | AT53: 0 | AU53: 0 | AV53: 0 | AW53: งานพิมพ์ | AX53: / | AY53: 0 | AZ53: 0 | BA53: 0 | BB53: 0 | BC53: WRWT21720/WRWT25800 | BD53: 352.51463
A54: 45854 | B54: MK68-000890 | C54: บจก.เคอรี่ฟลาวมิลล์ | D54: FW-Y | E54: 19 | F54: 32 | G54: ขาว | H54: 0 | I54: 67 | J54: + | K54: 5 | L54: ไม่ | M54: ไม่สวมถุงใน | N54: 0 | O54: 0 | P54: 0 | Q54: 0 | R54: 0 | S54: ห่ออัดเบลแบน500 | T54: 45878 | U54: 5000 | V54: 0 | W54: 5000 | X54: 5250 | Y54: 0 | Z54: WSWT1921720 | AA54: 0 | AB54: 0 | AC54: 0 | AD54: 0 | AE54: 0 | AF54: PDR250233 | AG54: ยังไม่ได้พิมพ์ | AH54: P7 | AI54: 2 | AJ54: 45878 | AK54: 0 | AL54: 45869 | AM54: 45876 | AN54: 45877 | AO54: 45877 | AP54: 45873 | AQ54: 0 | AR54: 0 | AS54: 0 | AT54: 0 | AU54: 0 | AV54: 0 | AW54: งานพิมพ์ | AX54: / | AY54: 0 | AZ54: 0 | BA54: 0 | BB54: 0 | BC54: WRWT21720/WRWT25800 | BD54: 0
A55: 45854 | B55: MK68-000890 | C55: บจก.เคอรี่ฟลาวมิลล์ | D55: บลูทีมเหลือง | E55: 19 | F55: 32 | G55: ขาว | H55: 0 | I55: 67 | J55: + | K55: 5 | L55: บิด | M55: ไม่สวมถุงใน | N55: 0 | O55: 0 | P55: 0 | Q55: 0 | R55: 0 | S55: ห่ออัดเบลแบน500 | T55: 45878 | U55: 5000 | V55: 0 | W55: 5000 | X55: 0 | Y55: 5250 | Z55: WSWT1921720 | AA55: 4679.95 | AB55: 0 | AC55: 4679.95 | AD55: 0 | AE55: 0 | AF55: PDR250233 | AG55: ยังไม่ได้พิมพ์ | AH55: P7 | AI55: 2 | AJ55: 45878 | AK55: 0 | AL55: 45869 | AM55: 45876 | AN55: 45877 | AO55: 45877 | AP55: 45873 | AQ55: 0 | AR55: 0 | AS55: 0 | AT55: 0 | AU55: 0 | AV55: 0 | AW55: งานพิมพ์ | AX55: / | AY55: 0 | AZ55: 0 | BA55: 0 | BB55: 0 | BC55: WRWT21720/WRWT25800 | BD55: 352.51463
A56: 45857 | B56: MK68-000909 | C56: บจก.เคอรี่ฟลาวมิลล์ | D56: บะหมี่เตี๊ยว | E56: 19 | F56: 32 | G56: ขาว | H56: 0 | I56: 67 | J56: + | K56: 5 | L56: บิด | M56: ไม่สวมถุงใน | N56: 0 | O56: 0 | P56: 0 | Q56: 0 | R56: 0 | S56: ห่ออัดเบลแบน500 | T56: 45878 | U56: 5000 | V56: 0 | W56: 5000 | X56: 0 | Y56: 5250 | Z56: WSWT1921720 | AA56: 4679.95 | AB56: 0 | AC56: 4679.95 | AD56: 0 | AE56: 0 | AF56: PDR250238 | AG56: ผ้าขาว | AH56: P7 | AI56: 2 | AJ56: 45878 | AK56: 0 | AL56: 45869 | AM56: 45876 | AN56: 45877 | AO56: 45877 | AP56: 45873 | AQ56: 0 | AR56: 0 | AS56: 0 | AT56: 0 | AU56: 0 | AV56: 0 | AW56: งานพิมพ์ | AX56: / | AY56: 0 | AZ56: 0 | BA56: 0 | BB56: 0 | BC56: WRWT21720/WRWT25800 | BD56: 352.51463
A57: 45857 | B57: MK68-000909 | C57: บจก.เคอรี่ฟลาวมิลล์ | D57: ถุงเขียว | E57: 19 | F57: 32 | G57: ขาว | H57: 0 | I57: 67 | J57: + | K57: 5 | L57: บิด | M57: ไม่สวมถุงใน | N57: 0 | O57: 0 | P57: 0 | Q57: 0 | R57: 0 | S57: ห่ออัดเบลแบน500 | T57: 45878 | U57: 10000 | V57: 0 | W57: 10000 | X57: 0 | Y57: 10500 | Z57: WSWT1921720 | AA57: 9359.9 | AB57: 0 | AC57: 9359.9 | AD57: 0 | AE57: 0 | AF57: PDR250238 | AG57: ยังไม่ได้พิมพ์ | AH57: P7 | AI57: 2 | AJ57: 45878 | AK57: 0 | AL57: 45869 | AM57: 45876 | AN57: 45877 | AO57: 45877 | AP57: 45873 | AQ57: 0 | AR57: 0 | AS57: 0 | AT57: 0 | AU57: 0 | AV57: 0 | AW57: งานพิมพ์ | AX57: / | AY57: 0 | AZ57: 0 | BA57: 0 | BB57: 0 | BC57: WRWT21720/WRWT25800 | BD57: 705.02927
A58: 45857 | B58: MK68-000909 | C58: บจก.เคอรี่ฟลาวมิลล์ | D58: ถุงทองแซนวิช | E58: 19 | F58: 32 | G58: ขาว | H58: 0 | I58: 67 | J58: + | K58: 5 | L58: บิด | M58: ไม่สวมถุงใน | N58: 0 | O58: 0 | P58: 0 | Q58: 0 | R58: 0 | S58: ห่ออัดเบลแบน500 | T58: 45878 | U58: 10000 | V58: 0 | W58: 10000 | X58: 0 | Y58: 10500 | Z58: WSWT1921720 | AA58: 9359.9 | AB58: 0 | AC58: 9359.9 | AD58: 0 | AE58: 0 | AF58: PDR250238 | AG58: ยังไม่ได้พิมพ์ | AH58: P7 | AI58: 2 | AJ58: 45878 | AK58: 0 | AL58: 45869 | AM58: 45876 | AN58: 45877 | AO58: 45877 | AP58: 45873 | AQ58: 0 | AR58: 0 | AS58: 0 | AT58: 0 | AU58: 0 | AV58: 0 | AW58: งานพิมพ์ | AX58: / | AY58: 0 | AZ58: 0 | BA58: 0 | BB58: 0 | BC58: WRWT21720/WRWT25800 | BD58: 705.02927
A59: 45857 | B59: MK68-000911 | C59: บจก.เคอรี่ฟลาวมิลล์ | D59: ไม่พิมพ์ | E59: 19 | F59: 36 | G59: ขาว | H59: 0 | I59: 75 | J59: + | K59: 5 | L59: ไม่ | M59: ไม่สวมถุงใน | N59: 0 | O59: 0 | P59: 0 | Q59: 0 | R59: 0 | S59: ห่ออัดเบลแบน500 | T59: 45883 | U59: 10000 | V59: 0 | W59: 10000 | X59: 0 | Y59: 0 | Z59: WSWT1921720 | AA59: 10477.5 | AB59: 0 | AC59: 10477.5 | AD59: 0 | AE59: 0 | AF59: PDR250239 | AG59: รอตัด | AH59: P3 | AI59: 1 | AJ59: 45883 | AK59: 0 | AL59: 0 | AM59: 0 | AN59: 0 | AO59: 45882 | AP59: 45878 | AQ59: 0 | AR59: 0 | AS59: 0 | AT59: 0 | AU59: 0 | AV59: 0 | AW59: ตัด | AX59: 0 | AY59: 0 | AZ59: 0 | BA59: 0 | BB59: 0 | BC59: WRWT21720/WRWT25800 | BD59: 789.21187
A60: 45857 | B60: MK68-000910 | C60: บจก.เคอรี่ฟลาวมิลล์ | D60: ดอกไม้ม่วง | E60: 19 | F60: 32 | G60: ขาว | H60: 0 | I60: 67 | J60: + | K60: 5 | L60: บิด | M60: ไม่สวมถุงใน | N60: 0 | O60: 0 | P60: 0 | Q60: 0 | R60: 0 | S60: ห่ออัดเบลแบน500 | T60: 45883 | U60: 5000 | V60: 0 | W60: 5000 | X60: 0 | Y60: 5250 | Z60: WSWT1921720 | AA60: 4679.95 | AB60: 0 | AC60: 4679.95 | AD60: 0 | AE60: 0 | AF60: PDR250239 | AG60: ยังไม่ได้พิมพ์ | AH60: P7 | AI60: 2 | AJ60: 45883 | AK60: 0 | AL60: 45874 | AM60: 45881 | AN60: 45882 | AO60: 45882 | AP60: 45878 | AQ60: 0 | AR60: 0 | AS60: 0 | AT60: 0 | AU60: 0 | AV60: 0 | AW60: งานพิมพ์ | AX60: / | AY60: 0 | AZ60: 0 | BA60: 0 | BB60: 0 | BC60: WRWT21720/WRWT25800 | BD60: 352.51463
A61: 45857 | B61: MK68-000910 | C61: บจก.เคอรี่ฟลาวมิลล์ | D61: ดอกไม้แดง | E61: 19 | F61: 32 | G61: ขาว | H61: 0 | I61: 67 | J61: + | K61: 5 | L61: บิด | M61: ไม่สวมถุงใน | N61: 0 | O61: 0 | P61: 0 | Q61: 0 | R61: 0 | S61: ห่ออัดเบลแบน500 | T61: 45883 | U61: 5000 | V61: 0 | W61: 5000 | X61: 0 | Y61: 5250 | Z61: WSWT1921720 | AA61: 4679.95 | AB61: 0 | AC61: 4679.95 | AD61: 0 | AE61: 0 | AF61: PDR250239 | AG61: พร้อมส่ง | AH61: P7 | AI61: 2 | AJ61: 45883 | AK61: 0 | AL61: 45874 | AM61: 45881 | AN61: 45882 | AO61: 45882 | AP61: 45878 | AQ61: 0 | AR61: 0 | AS61: 0 | AT61: 0 | AU61: 0 | AV61: 0 | AW61: งานพิมพ์ | AX61: / | AY61: 0 | AZ61: 0 | BA61: 0 | BB61: 0 | BC61: WRWT21720/WRWT25800 | BD61: 352.51463
A62: 45857 | B62: MK68-000910 | C62: บจก.เคอรี่ฟลาวมิลล์ | D62: KFM | E62: 19 | F62: 32 | G62: ขาว | H62: 0 | I62: 67 | J62: + | K62: 5 | L62: ไม่ | M62: ไม่สวมถุงใน | N62: 0 | O62: 0 | P62: 0 | Q62: 0 | R62: 0 | S62: ห่ออัดเบลแบน500 | T62: 45883 | U62: 5000 | V62: 0 | W62: 5000 | X62: 5300 | Y62: 0 | Z62: WSWT1921720 | AA62: 0 | AB62: 0 | AC62: 0 | AD62: 0 | AE62: 0 | AF62: PDR250239 | AG62: ยังไม่ได้พิมพ์ | AH62: P7 | AI62: 2 | AJ62: 45883 | AK62: 0 | AL62: 45874 | AM62: 45881 | AN62: 45882 | AO62: 45882 | AP62: 45878 | AQ62: 0 | AR62: 0 | AS62: 0 | AT62: 0 | AU62: 0 | AV62: 0 | AW62: งานพิมพ์ | AX62: / | AY62: 0 | AZ62: 0 | BA62: 0 | BB62: 0 | BC62: WRWT21720/WRWT25800 | BD62: 0
A63: 45857 | B63: MK68-000910 | C63: บจก.เคอรี่ฟลาวมิลล์ | D63: ถุงทองแซนวิช | E63: 19 | F63: 32 | G63: ขาว | H63: 0 | I63: 67 | J63: + | K63: 5 | L63: บิด | M63: ไม่สวมถุงใน | N63: 0 | O63: 0 | P63: 0 | Q63: 0 | R63: 0 | S63: ห่ออัดเบลแบน500 | T63: 45885 | U63: 10000 | V63: 0 | W63: 10000 | X63: 0 | Y63: 10500 | Z63: WSWT1921720 | AA63: 9359.9 | AB63: 0 | AC63: 9359.9 | AD63: 0 | AE63: 0 | AF63: PDR250240 | AG63: รอตัด | AH63: P7 | AI63: 2 | AJ63: 45885 | AK63: 0 | AL63: 45876 | AM63: 45883 | AN63: 45884 | AO63: 45884 | AP63: 45880 | AQ63: 0 | AR63: 0 | AS63: 0 | AT63: 0 | AU63: 0 | AV63: 0 | AW63: งานพิมพ์ | AX63: / | AY63: 0 | AZ63: 0 | BA63: 0 | BB63: 0 | BC63: WRWT21720/WRWT25800 | BD63: 705.02927
A64: 45857 | B64: MK68-000910 | C64: บจก.เคอรี่ฟลาวมิลล์ | D64: ถุงเงิน | E64: 19 | F64: 32 | G64: ขาว | H64: 0 | I64: 67 | J64: + | K64: 5 | L64: บิด | M64: ไม่สวมถุงใน | N64: 0 | O64: 0 | P64: 0 | Q64: 0 | R64: 0 | S64: ห่ออัดเบลแบน500 | T64: 45885 | U64: 5000 | V64: 5000 | W64: 0 | X64: 5250 | Y64: 0 | Z64: WSWT1921720 | AA64: 0 | AB64: 0 | AC64: 0 | AD64: 0 | AE64: 0 | AF64: PDR250240 | AG64: ยังไม่ได้พิมพ์ | AH64: P7 | AI64: 2 | AJ64: 45885 | AK64: 0 | AL64: 45876 | AM64: 45883 | AN64: 45884 | AO64: 45884 | AP64: 45880 | AQ64: 0 | AR64: 0 | AS64: 0 | AT64: 0 | AU64: 0 | AV64: 0 | AW64: งานพิมพ์ | AX64: / | AY64: 0 | AZ64: 0 | BA64: 0 | BB64: 0 | BC64: WRWT21720/WRWT25800 | BD64: 0
A65: 45857 | B65: MK68-000910 | C65: บจก.เคอรี่ฟลาวมิลล์ | D65: ปลาโลมาแดง | E65: 19 | F65: 32 | G65: ขาว | H65: 0 | I65: 67 | J65: + | K65: 5 | L65: บิด | M65: ไม่สวมถุงใน | N65: 0 | O65: 0 | P65: 0 | Q65: 0 | R65: 0 | S65: ห่ออัดเบลแบน500 | T65: 45885 | U65: 5000 | V65: 0 | W65: 5000 | X65: 0 | Y65: 5250 | Z65: WSWT1921720 | AA65: 4679.95 | AB65: 0 | AC65: 4679.95 | AD65: 0 | AE65: 0 | AF65: PDR250240 | AG65: ยังไม่ได้พิมพ์ | AH65: P7 | AI65: 2 | AJ65: 45885 | AK65: 0 | AL65: 45876 | AM65: 45883 | AN65: 45884 | AO65: 45884 | AP65: 45880 | AQ65: 0 | AR65: 0 | AS65: 0 | AT65: 0 | AU65: 0 | AV65: 0 | AW65: งานพิมพ์ | AX65: / | AY65: 0 | AZ65: 0 | BA65: 0 | BB65: 0 | BC65: WRWT21720/WRWT25800 | BD65: 352.51463
A66: 45857 | B66: MK68-000910 | C66: บจก.เคอรี่ฟลาวมิลล์ | D66: FW-Y | E66: 19 | F66: 32 | G66: ขาว | H66: 0 | I66: 67 | J66: + | K66: 5 | L66: ไม่ | M66: ไม่สวมถุงใน | N66: 0 | O66: 0 | P66: 0 | Q66: 0 | R66: 0 | S66: ห่ออัดเบลแบน500 | T66: 45885 | U66: 5000 | V66: 0 | W66: 5000 | X66: 5200 | Y66: 0 | Z66: WSWT1921720 | AA66: 0 | AB66: 0 | AC66: 0 | AD66: 0 | AE66: 0 | AF66: PDR250240 | AG66: ยังไม่ได้พิมพ์ | AH66: P7 | AI66: 2 | AJ66: 45885 | AK66: 0 | AL66: 45876 | AM66: 45883 | AN66: 45884 | AO66: 45884 | AP66: 45880 | AQ66: 0 | AR66: 0 | AS66: 0 | AT66: 0 | AU66: 0 | AV66: 0 | AW66: งานพิมพ์ | AX66: / | AY66: 0 | AZ66: 0 | BA66: 0 | BB66: 0 | BC66: WRWT21720/WRWT25800 | BD66: 0
A67: 45857 | B67: MK68-000910 | C67: บจก.เคอรี่ฟลาวมิลล์ | D67: เคเอ็ม | E67: 19 | F67: 32 | G67: ขาว | H67: 0 | I67: 67 | J67: + | K67: 5 | L67: บิด | M67: ไม่สวมถุงใน | N67: 0 | O67: 0 | P67: 0 | Q67: 0 | R67: 0 | S67: ห่ออัดเบลแบน500 | T67: 45888 | U67: 5000 | V67: 0 | W67: 5000 | X67: 0 | Y67: 5250 | Z67: WSWT1921720 | AA67: 4679.95 | AB67: 0 | AC67: 4679.95 | AD67: 0 | AE67: 0 | AF67: PDR250241 | AG67: ยังไม่ได้พิมพ์ | AH67: P7 | AI67: 2 | AJ67: 45888 | AK67: 0 | AL67: 45879 | AM67: 45886 | AN67: 45887 | AO67: 45887 | AP67: 45883 | AQ67: 0 | AR67: 0 | AS67: 0 | AT67: 0 | AU67: 0 | AV67: 0 | AW67: งานพิมพ์ | AX67: / | AY67: 0 | AZ67: 0 | BA67: 0 | BB67: 0 | BC67: WRWT21720/WRWT25800 | BD67: 352.51463
A68: 45857 | B68: MK68-000910 | C68: บจก.เคอรี่ฟลาวมิลล์ | D68: แต้มแดง | E68: 19 | F68: 32 | G68: ขาว | H68: 0 | I68: 67 | J68: + | K68: 5 | L68: บิด | M68: ไม่สวมถุงใน | N68: 0 | O68: 0 | P68: 0 | Q68: 0 | R68: 0 | S68: ห่ออัดเบลแบน500 | T68: 45888 | U68: 5000 | V68: 0 | W68: 5000 | X68: 0 | Y68: 5250 | Z68: WSWT1921720 | AA68: 4679.95 | AB68: 0 | AC68: 4679.95 | AD68: 0 | AE68: 0 | AF68: PDR250241 | AG68: รอแบบ | AH68: P7 | AI68: 2 | AJ68: 45888 | AK68: 0 | AL68: 45879 | AM68: 45886 | AN68: 45887 | AO68: 45887 | AP68: 45883 | AQ68: 0 | AR68: 0 | AS68: 0 | AT68: 0 | AU68: 0 | AV68: 0 | AW68: งานพิมพ์ | AX68: / | AY68: 0 | AZ68: 0 | BA68: 0 | BB68: 0 | BC68: WRWT21720/WRWT25800 | BD68: 352.51463
A69: 45857 | B69: MK68-000910 | C69: บจก.เคอรี่ฟลาวมิลล์ | D69: ดอกไม้เขียว | E69: 19 | F69: 32 | G69: ขาว | H69: 0 | I69: 67 | J69: + | K69: 5 | L69: บิด | M69: ไม่สวมถุงใน | N69: 0 | O69: 0 | P69: 0 | Q69: 0 | R69: 0 | S69: ห่ออัดเบลแบน500 | T69: 45888 | U69: 5000 | V69: 0 | W69: 5000 | X69: 0 | Y69: 5250 | Z69: WSWT1921720 | AA69: 4679.95 | AB69: 0 | AC69: 4679.95 | AD69: 0 | AE69: 0 | AF69: PDR250241 | AG69: พร้อมส่ง | AH69: P7 | AI69: 2 | AJ69: 45888 | AK69: 0 | AL69: 45879 | AM69: 45886 | AN69: 45887 | AO69: 45887 | AP69: 45883 | AQ69: 0 | AR69: 0 | AS69: 0 | AT69: 0 | AU69: 0 | AV69: 0 | AW69: งานพิมพ์ | AX69: / | AY69: 0 | AZ69: 0 | BA69: 0 | BB69: 0 | BC69: WRWT21720/WRWT25800 | BD69: 352.51463
A70: 45857 | B70: MK68-000910 | C70: บจก.เคอรี่ฟลาวมิลล์ | D70: ถุงเขียว | E70: 19 | F70: 32 | G70: ขาว | H70: 0 | I70: 67 | J70: + | K70: 5 | L70: บิด | M70: ไม่สวมถุงใน | N70: 0 | O70: 0 | P70: 0 | Q70: 0 | R70: 0 | S70: ห่ออัดเบลแบน500 | T70: 45888 | U70: 10000 | V70: 0 | W70: 10000 | X70: 0 | Y70: 10500 | Z70: WSWT1921720 | AA70: 9359.9 | AB70: 0 | AC70: 9359.9 | AD70: 0 | AE70: 0 | AF70: PDR250241 | AG70: พร้อมส่ง | AH70: P7 | AI70: 2 | AJ70: 45888 | AK70: 0 | AL70: 45879 | AM70: 45886 | AN70: 45887 | AO70: 45887 | AP70: 45883 | AQ70: 0 | AR70: 0 | AS70: 0 | AT70: 0 | AU70: 0 | AV70: 0 | AW70: งานพิมพ์ | AX70: / | AY70: 0 | AZ70: 0 | BA70: 0 | BB70: 0 | BC70: WRWT21720/WRWT25800 | BD70: 705.02927
A71: ประมาณการ | B71: ประมาณการ | C71: บจก.เคอรี่ฟลาวมิลล์ | D71: รอแบบ | E71: 19 | F71: 32 | G71: ขาว | H71: 0 | I71: 67 | J71: + | K71: 5 | L71: บิด | M71: ไม่สวมถุงใน | N71: 0 | O71: 0 | P71: 0 | Q71: 0 | R71: 0 | S71: ห่ออัดเบลแบน500 | T71: 45899 | U71: 250000 | V71: 0 | W71: 250000 | X71: 0 | Y71: 262500 | Z71: WSWT1921720 | AA71: 233997.5 | AB71: 0 | AC71: 233997.5 | AD71: 0 | AE71: 0 | AF71: 0 | AG71: พร้อมส่ง | AH71: P7 | AI71: 2 | AJ71: 45899 | AK71: 0 | AL71: 45890 | AM71: 45897 | AN71: 45898 | AO71: 45898 | AP71: 45894 | AQ71: 0 | AR71: 0 | AS71: 0 | AT71: 0 | AU71: 0 | AV71: 0 | AW71: งานพิมพ์ | AX71: / | AY71: 0 | AZ71: 0 | BA71: 0 | BB71: 0 | BC71: WRWT21720/WRWT25800 | BD71: 17625.732
A72: 0 | B72: 0 | C72: 0 | D72: 0 | E72: 19 | F72: 30 | G72: 0 | H72: 0 | I72: 63 | J72: + | K72: 5 | L72: 0 | M72: 0 | N72: 0 | O72: 0 | P72: 0 | Q72: 0 | R72: 0 | S72: 0 | U72: 0 | V72: 0 | W72: 0 | X72: 0 | Y72: 0 | Z72: WSWT1921720 | AA72: 382748.8 | AB72: 20156.103 | AC72: 362592.7 | AD72: 0 | AE72: 0 | AF72: ระบุในSD | AG72: พร้อมส่ง | AH72: 0 | AI72: Lead time | AJ72: 0 | AK72: 0 | AL72: 0 | AM72: 0 | AN72: 0 | AO72: 0 | AP72: 0 | AQ72: 0 | AR72: 0 | AS72: 0 | AT72: 0 | AU72: 0 | AV72: 0 | AW72: 0 | AX72: 0 | AY72: 0 | AZ72: 0 | BA72: 0 | BB72: 0 | BC72: WRWT190720/WRWT25800 | BD72: 0
A73: 45855 | B73: MK68-000898 | C73: บจก.เอเชี่ยนเคมิคัล | D73: A.C.C.ภาษาอังกฤษ 8-118 | E73: 19 | F73: 26 | G73: ขาว | H73: ด้าน | I73: 70 | J73: ± | K73: 5 | L73: ไม่ | M73: 20 | N73: 28 | O73: 50 | P73: 0 | Q73: 0 | R73: 0 | S73: มัด100 | T73: 45869 | U73: 15000 | V73: 15000 | W73: 0 | X73: 18758 | Y73: 0 | Z73: WSWT1925800SM | AA73: 0 | AB73: 0 | AC73: 0 | AD73: 0 | AE73: 0 | AF73: 0 | AG73: พร้อมส่ง | AH73: P8 | AI73: 4 | AJ73: 45869 | AK73: 45865 | AL73: 45859 | AM73: 45866 | AN73: 45867 | AO73: 45867 | AP73: 45864 | AQ73: 45868 | AR73: 0 | AS73: 0 | AT73: 0 | AU73: 0 | AV73: 0 | AW73: งานเคลือบ+พิมพ์ | AX73: / | AY73: ของเสียจำนวนมาก | AZ73: 0 | BA73: 0 | BB73: 0 | BC73: WRWT25800/WRWT25800 | BD73: 0
A74: 0 | B74: 0 | C74: 0 | D74: 0 | E74: 19 | F74: 30 | G74: 0 | H74: 0 | I74: 56 | J74: ± | K74: 5 | L74: 0 | M74: 0 | N74: 0 | O74: 0 | P74: 0 | Q74: 0 | R74: 0 | S74: 0 | U74: 0 | W74: 0 | X74: 0 | Y74: 0 | Z74: WSWT1925800SM | AA74: 0 | AB74: 0 | AC74: 0 | AD74: 0 | AE74: 0 | AF74: ระบุในSD | AG74: พร้อมส่ง | AH74: 0 | AI74: Lead time | AJ74: 0 | AK74: 0 | AL74: 0 | AM74: 0 | AN74: 0 | AO74: 0 | AP74: 0 | AQ74: 0 | AR74: 0 | AS74: 0 | AT74: 0 | AU74: 0 | AV74: 0 | AW74: 0 | AX74: 0 | AY74: 0 | AZ74: 0 | BA74: 0 | BB74: 0 | BC74: WRWT190800/WRWT25800 | BD74: 0
A75: 45796 | B75: MK68-000680 | C75: บจก.อินเทคค์ โกลบอล | D75: เพอเฟคค์103P โกลด์ | E75: 19 | F75: 34 | G75: ขาว | H75: ด้าน | I75: 100 | J75: ± | K75: 5 | L75: จับจีบ4" | M75: ไม่สวมถุงใน | N75: 0 | O75: 0 | P75: 0 | Q75: 0 | R75: 0 | S75: มัด80 ใช้สายรัด | T75: รอแจ้ง | U75: 503 | V75: 0 | W75: 503 | X75: 5250 | Y75: 0 | Z75: WSWT19251000SM | AA75: 0 | AB75: 0 | AC75: 0 | AD75: 0 | AE75: 0 | AF75: 0 | AG75: พร้อมส่ง | AH75: P6 | AI75: 4 | AJ75: รอแจ้ง | AK75: #VALUE! | AL75: #VALUE! | AM75: #VALUE! | AN75: #VALUE! | AO75: #VALUE! | AP75: #VALUE! | AQ75: 0 | AR75: 0 | AS75: 0 | AT75: 0 | AU75: 0 | AV75: 0 | AW75: งานเคลือบ+พิมพ์ | AX75: / | AY75: 0 | AZ75: 0 | BA75: 0 | BB75: 0 | BC75: WRWT251000/WRWT251000 | BD75: 0
A76: 0 | B76: 0 | C76: 0 | D76: 0 | E76: 19 | F76: 34 | G76: ขาว | H76: 0 | I76: 80 | J76: ± | K76: 5 | L76: 0 | M76: 0 | N76: 0 | O76: 0 | P76: 0 | Q76: 0 | R76: 0 | S76: 0 | U76: 0 | V76: 0 | W76: 0 | X76: 0 | Y76: 0 | Z76: WSWT19251000SM | AA76: 0 | AB76: 0 | AC76: 0 | AD76: 0 | AE76: 0 | AF76: ระบุในSD | AG76: พร้อมส่ง | AH76: 0 | AI76: Lead time | AJ76: 0 | AK76: 0 | AL76: 0 | AM76: 0 | AN76: 0 | AO76: 0 | AP76: 0 | AQ76: 0 | AR76: 0 | AS76: 0 | AT76: 0 | AU76: 0 | AV76: 0 | AW76: 0 | AX76: 0 | AY76: 0 | AZ76: 0 | BA76: 0 | BB76: 0 | BC76: WRWT251000/WRYL251000 | BD76: 0
A77: 45796 | B77: MK68-000672 | C77: บจก.อินเทคค์ โกลบอล | D77: เฟิร์สช้อย 912 | E77: 20 | F77: 36 | G77: ขาว | H77: ด้าน | I77: 100 | J77: ± | K77: 5 | L77: จับจีบ | M77: ไม่สวมถุงใน | N77: 0 | O77: 0 | P77: 0 | Q77: 0 | R77: 0 | S77: มัด80 ใช้สายรัด | T77: 45869 | U77: 3853 | V77: 3853 | W77: 0 | X77: 4500 | Y77: 0 | Z77: WSWT2025800SM | AA77: 0 | AB77: 0 | AC77: 0 | AD77: 0 | AE77: 0 | AF77: ลบสี | AG77: พร้อมส่ง | AH77: P6 | AI77: 4 | AJ77: 45869 | AK77: 45865 | AL77: 45858 | AM77: 45866 | AN77: 45867 | AO77: 45868 | AP77: 45864 | AQ77: 0 | AR77: 0 | AS77: 0 | AT77: 0 | AU77: 0 | AV77: 0 | AW77: งานเคลือบ+พิมพ์ | AX77: / | AY77: 0 | AZ77: 0 | BA77: 0 | BB77: 0 | BC77: WRWT25850/WRWT25850 | BD77: 0
A78: 45857 | B78: MK68-000901 | C78: บจก.อินเทคค์ โกลบอล | D78: เฟิร์สช้อย 912 | E78: 20 | F78: 36 | G78: ขาว | H78: ด้าน | I78: 100 | J78: ± | K78: 5 | L78: จับจีบ | M78: ไม่สวมถุงใน | N78: 0 | O78: 0 | P78: 0 | Q78: 0 | R78: 0 | S78: มัด80 ใช้สายรัด | T78: 45869 | U78: 10000 | V78: 10000 | W78: 0 | X78: 10500 | Y78: 0 | Z78: WSWT2025800SM | AA78: 0 | AB78: 0 | AC78: 0 | AD78: 0 | AE78: 0 | AF78: ลบสี | AG78: พร้อมส่ง | AH78: P6 | AI78: 4 | AJ78: 45869 | AK78: 45865 | AL78: 45858 | AM78: 45866 | AN78: 45867 | AO78: 45868 | AP78: 45864 | AQ78: 0 | AR78: 0 | AS78: 0 | AT78: 0 | AU78: 0 | AV78: 0 | AW78: งานเคลือบ+พิมพ์ | AX78: / | AY78: 0 | AZ78: 0 | BA78: 0 | BB78: 0 | BC78: WRWT25850/WRWT25850 | BD78: 0
A79: 45857 | B79: MK68-000902 | C79: บจก.อินเทคค์ โกลบอล | D79: เพอเฟคค์ 000 | E79: 20 | F79: 36 | G79: ขาว | H79: ด้าน | I79: 100 | J79: ± | K79: 5 | L79: จับจีบ | M79: ไม่สวมถุงใน | N79: 0 | O79: 0 | P79: 0 | Q79: 0 | R79: 0 | S79: มัด80 ใช้สายรัด | T79: 45869 | U79: 10000 | V79: 9880 | W79: 120 | X79: 11000 | Y79: 0 | Z79: WSWT2025800SM | AA79: 0 | AB79: 0 | AC79: 0 | AD79: 0 | AE79: 0 | AF79: 0 | AG79: พร้อมส่ง | AH79: P6 | AI79: 4 | AJ79: 45869 | AK79: 45865 | AL79: 45858 | AM79: 45866 | AN79: 45867 | AO79: 45868 | AP79: 45864 | AQ79: 0 | AR79: 0 | AS79: 0 | AT79: 0 | AU79: 0 | AV79: 0 | AW79: งานเคลือบ+พิมพ์ | AX79: / | AY79: 0 | AZ79: 0 | BA79: 0 | BB79: 0 | BC79: WRWT25850/WRWT25850 | BD79: 0
A80: 45796 | B80: MK68-000673 | C80: บจก.อินเทคค์ โกลบอล | D80: เพอเฟคค์ 000 | E80: 20 | F80: 36 | G80: ขาว | H80: ด้าน | I80: 100 | J80: ± | K80: 5 | L80: จับจีบ | M80: ไม่สวมถุงใน | N80: 0 | O80: 0 | P80: 0 | Q80: 0 | R80: 0 | S80: มัด80 ใช้สายรัด | T80: 45869 | U80: 179 | V80: 179 | W80: 0 | X80: 200 | Y80: 0 | Z80: WSWT2025800SM | AA80: 0 | AB80: 0 | AC80: 0 | AD80: 0 | AE80: 0 | AF80: 0 | AG80: พร้อมส่ง | AH80: P6 | AI80: 4 | AJ80: 45869 | AK80: 45865 | AL80: 45858 | AM80: 45866 | AN80: 45867 | AO80: 45868 | AP80: 45864 | AQ80: 0 | AR80: 0 | AS80: 0 | AT80: 0 | AU80: 0 | AV80: 0 | AW80: งานเคลือบ+พิมพ์ | AX80: / | AY80: 0 | AZ80: 0 | BA80: 0 | BB80: 0 | BC80: WRWT25850/WRWT25850 | BD80: 0
A81: 45857 | B81: MK68-000902 | C81: บจก.อินเทคค์ โกลบอล | D81: เพอเฟคค์911 | E81: 20 | F81: 36 | G81: ขาว | H81: ด้าน | I81: 100 | J81: ± | K81: 5 | L81: จับจีบ | M81: ไม่สวมถุงใน | N81: 0 | O81: 0 | P81: 0 | Q81: 0 | R81: 0 | S81: มัด80 ใช้สายรัด | T81: 45869 | U81: 5040 | V81: 5040 | W81: 0 | X81: 6010 | Y81: 0 | Z81: WSWT2025800SM | AA81: 0 | AB81: 0 | AC81: 0 | AD81: 0 | AE81: 0 | AF81: 0 | AG81: ยังไม่ได้พิมพ์ | AH81: P6 | AI81: 4 | AJ81: 45869 | AK81: 45865 | AL81: 45858 | AM81: 45866 | AN81: 45867 | AO81: 45868 | AP81: 45864 | AQ81: 0 | AR81: 0 | AS81: 0 | AT81: 0 | AU81: 0 | AV81: 0 | AW81: งานเคลือบ+พิมพ์ | AX81: / | AY81: 0 | AZ81: 0 | BA81: 0 | BB81: 0 | BC81: WRWT25850/WRWT25850 | BD81: 0
A82: 45857 | B82: MK68-000902 | C82: บจก.อินเทคค์ โกลบอล | D82: เพอเฟคค์912 | E82: 20 | F82: 36 | G82: ขาว | H82: ด้าน | I82: 100 | J82: ± | K82: 5 | L82: จับจีบ | M82: ไม่สวมถุงใน | N82: 0 | O82: 0 | P82: 0 | Q82: 0 | R82: 0 | S82: มัด80 ใช้สายรัด | T82: 45869 | U82: 5040 | V82: 5040 | W82: 0 | X82: 6145 | Y82: 0 | Z82: WSWT2025800SM | AA82: 0 | AB82: 0 | AC82: 0 | AD82: 0 | AE82: 0 | AF82: 0 | AG82: ยังไม่ได้พิมพ์ | AH82: P6 | AI82: 4 | AJ82: 45869 | AK82: 45865 | AL82: 45858 | AM82: 45866 | AN82: 45867 | AO82: 45868 | AP82: 45864 | AQ82: 0 | AR82: 0 | AS82: 0 | AT82: 0 | AU82: 0 | AV82: 0 | AW82: งานเคลือบ+พิมพ์ | AX82: / | AY82: 0 | AZ82: 0 | BA82: 0 | BB82: 0 | BC82: WRWT25850/WRWT25850 | BD82: 0
A83: 45857 | B83: MK68-000906 | C83: บจก.อินเทคค์ โกลบอล | D83: สุบรรณ 333 | E83: 20 | F83: 36 | G83: ขาว | H83: ด้าน | I83: 100 | J83: ± | K83: 5 | L83: จับจีบ3.5" | M83: ไม่สวมถุงใน | N83: 0 | O83: 0 | P83: 0 | Q83: 0 | R83: 0 | S83: มัด80 ใช้สายรัด | T83: 45869 | U83: 5040 | V83: 5040 | W83: 0 | X83: 6000 | Y83: 0 | Z83: WSWT2025800SM | AA83: 0 | AB83: 0 | AC83: 0 | AD83: 0 | AE83: 0 | AF83: 0 | AG83: ยังไม่ได้พิมพ์ | AH83: P6 | AI83: 4 | AJ83: 45869 | AK83: 45865 | AL83: 45858 | AM83: 45866 | AN83: 45867 | AO83: 45868 | AP83: 45864 | AQ83: 0 | AR83: 0 | AS83: 0 | AT83: 0 | AU83: 0 | AV83: 0 | AW83: งานเคลือบ+พิมพ์ | AX83: / | AY83: 0 | AZ83: 0 | BA83: 0 | BB83: 0 | BC83: WRWT25850/WRWT25850 | BD83: 0
A84: 45847 | B84: MK68-000874 | C84: บจก.เอสพีเอ็ม อาหารสัตว์ | D84: SPM 912 | E84: 20 | F84: 38 | G84: ขาว | H84: ด้าน | I84: 100 | J84: ± | K84: 5 | L84: บิด | M84: ไม่สวมถุงใน | N84: 0 | O84: 0 | P84: 0 | Q84: 0 | R84: 0 | S84: 500กระสอบแบน | T84: 45876 | U84: 3000 | V84: 0 | W84: 3000 | X84: 0 | Y84: 3150 | Z84: WSWT2025800SM | AA84: 3310.89 | AB84: 3310.89 | AC84: 0 | AD84: 3310.89 | AE84: 0 | AF84: 0 | AG84: ยังไม่ได้พิมพ์ | AH84: P6 | AI84: 4 | AJ84: 45876 | AK84: 45872 | AL84: 45865 | AM84: 45873 | AN84: 45874 | AO84: 45875 | AP84: 45871 | AQ84: 0 | AR84: 0 | AS84: 0 | AT84: 0 | AU84: 0 | AV84: 0 | AW84: งานเคลือบ+พิมพ์ | AX84: / | AY84: 0 | AZ84: 0 | BA84: 0 | BB84: 0 | BC84: WRWT25850/WRWT25850 | BD84: 0
A85: 45863 | B85: MK68-000928 | C85: บจก.เอสพีเอ็ม อาหารสัตว์ | D85: SPM 212 | E85: 20 | F85: 40 | G85: ขาว | H85: ด้าน | I85: 108 | J85: ± | K85: 5 | L85: บิด | M85: ไม่สวมถุงใน | N85: 0 | O85: 0 | P85: 0 | Q85: 0 | R85: 0 | S85: 500กระสอบแบน | T85: 45876 | U85: 3000 | V85: 0 | W85: 3000 | X85: 0 | Y85: 3150 | Z85: WSWT2025800SM | AA85: 3478.53 | AB85: 3478.53 | AC85: 0 | AD85: 3478.53 | AE85: 0 | AF85: 0 | AG85: ยังไม่ได้พิมพ์ | AH85: P6 | AI85: 4 | AJ85: 45876 | AK85: 45872 | AL85: 45865 | AM85: 45873 | AN85: 45874 | AO85: 45875 | AP85: 45871 | AQ85: 0 | AR85: 0 | AS85: 0 | AT85: 0 | AU85: 0 | AV85: 0 | AW85: งานเคลือบ+พิมพ์ | AX85: / | AY85: 0 | AZ85: 0 | BA85: 0 | BB85: 0 | BC85: WRWT25850/WRWT25850 | BD85: 0
A86: 45850 | B86: MK68-000880 | C86: บจก.เอพีเอ็ม อะโกร | D86: SPM195 GOAL | E86: 20 | F86: 38 | G86: ขาว | H86: ใส | I86: 100 | J86: ± | K86: 5 | L86: บิด | M86: ไม่สวมถุงใน | N86: 0 | O86: 0 | P86: 0 | Q86: 0 | R86: 0 | S86: 500กระสอบแบน | T86: 45889 | U86: 4000 | V86: 0 | W86: 4000 | X86: 0 | Y86: 4200 | Z86: WSWT2025800SM | AA86: 4414.52 | AB86: 4414.52 | AC86: 0 | AD86: 4414.52 | AE86: 0 | AF86: 0 | AG86: ยังไม่ได้พิมพ์ | AH86: P6 | AI86: 4 | AJ86: 45889 | AK86: 45885 | AL86: 45878 | AM86: 45886 | AN86: 45887 | AO86: 45888 | AP86: 45884 | AQ86: 0 | AR86: 0 | AS86: 0 | AT86: 0 | AU86: 0 | AV86: 0 | AW86: งานเคลือบ+พิมพ์ | AX86: / | AY86: 0 | AZ86: 0 | BA86: 0 | BB86: 0 | BC86: WRWT25850/WRWT25850 | BD86: 0
A87: 45868 | B87: ใบรับคำสั่งซื้อ | C87: บจก.วีซีเอฟ | D87: VC 100 | E87: 20 | F87: 37 | G87: ขาว | H87: ใส | I87: 100 | J87: ± | K87: 5 | L87: บิด | M87: ไม่สวมถุงใน | N87: 0 | O87: 0 | P87: 0 | Q87: 0 | R87: 0 | S87: 500กระสอบแบน | T87: 45894 | U87: 30000 | V87: 0 | W87: 30000 | X87: 0 | Y87: 31500 | Z87: WSWT2025800SM | AA87: 32270.7 | AB87: 0 | AC87: 32270.7 | AD87: 0 | AE87: 32270.7 | AF87: 0 | AG87: รอแบบ | AH87: P6 | AI87: 4 | AJ87: 45894 | AK87: 45890 | AL87: 45883 | AM87: 45891 | AN87: 45892 | AO87: 45893 | AP87: 45889 | AQ87: 0 | AR87: 0 | AS87: 0 | AT87: 0 | AU87: 0 | AV87: 0 | AW87: งานเคลือบ+พิมพ์ | AX87: รอART | AY87: 0 | AZ87: 0 | BA87: 0 | BB87: 0 | BC87: WRWT25850/WRWT25850 | BD87: 2438.2307
A88: 45868 | B88: ใบรับคำสั่งซื้อ | C88: บจก.วีซีเอฟ | D88: VC 193 | E88: 20 | F88: 37 | G88: ขาว | H88: ใส | I88: 100 | J88: ± | K88: 5 | L88: บิด | M88: ไม่สวมถุงใน | N88: 0 | O88: 0 | P88: 0 | Q88: 0 | R88: 0 | S88: 500กระสอบแบน | T88: 45894 | U88: 20000 | V88: 0 | W88: 20000 | X88: 0 | Y88: 21000 | Z88: WSWT2025800SM | AA88: 21513.8 | AB88: 0 | AC88: 21513.8 | AD88: 0 | AE88: 21513.8 | AF88: 0 | AG88: รอแบบ | AH88: P6 | AI88: 4 | AJ88: 45894 | AK88: 45890 | AL88: 45883 | AM88: 45891 | AN88: 45892 | AO88: 45893 | AP88: 45889 | AQ88: 0 | AR88: 0 | AS88: 0 | AT88: 0 | AU88: 0 | AV88: 0 | AW88: งานเคลือบ+พิมพ์ | AX88: รอART | AY88: 0 | AZ88: 0 | BA88: 0 | BB88: 0 | BC88: WRWT25850/WRWT25850 | BD88: 1625.4871
A89: 45868 | B89: ใบรับคำสั่งซื้อ | C89: บจก.วีซีเอฟ | D89: JET 180 | E89: 20 | F89: 37 | G89: ขาว | H89: ใส | I89: 100 | J89: ± | K89: 5 | L89: ไม่ | M89: ไม่สวมถุงใน | N89: 0 | O89: 0 | P89: 0 | Q89: 0 | R89: 0 | S89: 500กระสอบแบน | T89: 45894 | U89: 5000 | V89: 0 | W89: 5000 | X89: 0 | Y89: 5250 | Z89: WSWT2025800SM | AA89: 5378.45 | AB89: 0 | AC89: 5378.45 | AD89: 0 | AE89: 5378.45 | AF89: 0 | AG89: รอแบบ | AH89: P6 | AI89: 4 | AJ89: 45894 | AK89: 45890 | AL89: 45883 | AM89: 45891 | AN89: 45892 | AO89: 45893 | AP89: 45889 | AQ89: 0 | AR89: 0 | AS89: 0 | AT89: 0 | AU89: 0 | AV89: 0 | AW89: งานเคลือบ+พิมพ์ | AX89: รอART | AY89: 0 | AZ89: 0 | BA89: 0 | BB89: 0 | BC89: WRWT25850/WRWT25850 | BD89: 406.37178
A90: ประมาณการ | B90: ประมาณการ | C90: บจก.อินเทคค์ โกลบอล | D90: รอแบบ | E90: 20 | F90: 36 | G90: ขาว | H90: ด้าน | I90: 100 | J90: ± | K90: 5 | L90: จับจีบ | M90: ไม่สวมถุงใน | N90: 0 | O90: 0 | P90: 0 | Q90: 0 | R90: 0 | S90: มัด80 ใช้สายรัด | T90: 45899 | U90: 100000 | V90: 0 | W90: 100000 | X90: 0 | Y90: 105000 | Z90: WSWT2025800SM | AA90: 104775 | AB90: 56666 | AC90: 48109 | AD90: 0 | AE90: 104775 | AF90: 0 | AG90: รอแบบ | AH90: P6 | AI90: 4 | AJ90: 45899 | AK90: 45895 | AL90: 45888 | AM90: 45896 | AN90: 45897 | AO90: 45898 | AP90: 45894 | AQ90: 0 | AR90: 0 | AS90: 0 | AT90: 0 | AU90: 0 | AV90: 0 | AW90: งานเคลือบ+พิมพ์ | AX90: รอART | AY90: 0 | AZ90: 0 | BA90: 0 | BB90: 0 | BC90: WRWT25850/WRWT25850 | BD90: 3634.9022
A91: ประมาณการ | B91: ประมาณการ | C91: บจก.เอสพีเอ็ม อาหารสัตว์ | D91: รอแบบ | E91: 20 | F91: 38 | G91: ขาว | H91: ใส | I91: 100 | J91: ± | K91: 5 | L91: บิด | M91: ไม่สวมถุงใน | N91: 0 | O91: 0 | P91: 0 | Q91: 0 | R91: 0 | S91: 500กระสอบแบน | T91: 45899 | U91: 20000 | V91: 0 | W91: 20000 | X91: 0 | Y91: 21000 | Z91: WSWT2025800SM | AA91: 22072.6 | AB91: 0 | AC91: 22072.6 | AD91: 0 | AE91: 22072.6 | AF91: 0 | AG91: พร้อมส่ง | AH91: P6 | AI91: 4 | AJ91: 45899 | AK91: 45895 | AL91: 45888 | AM91: 45896 | AN91: 45897 | AO91: 45898 | AP91: 45894 | AQ91: 0 | AR91: 0 | AS91: 0 | AT91: 0 | AU91: 0 | AV91: 0 | AW91: งานเคลือบ+พิมพ์ | AX91: รอART | AY91: 0 | AZ91: 0 | BA91: 0 | BB91: 0 | BC91: WRWT25850/WRWT25850 | BD91: 1667.7076
A92: ประมาณการ | B92: ประมาณการ | C92: บจก.ไทยธรรมดี | D92: รอแบบ | E92: 20 | F92: 37 | G92: ขาว | H92: ด้าน | I92: 97 | J92: ± | K92: 5 | L92: บิด | M92: ไม่สวมถุงใน | N92: 0 | O92: 0 | P92: 0 | Q92: 0 | R92: 0 | S92: 500กระสอบ | T92: 45899 | U92: 20000 | V92: 0 | W92: 20000 | X92: 0 | Y92: 21000 | Z92: WSWT2025800SM | AA92: 21513.8 | AB92: 0 | AC92: 21513.8 | AD92: 0 | AE92: 21513.8 | AF92: 0 | AG92: พร้อมส่ง | AH92: P6 | AI92: 4 | AJ92: 45899 | AK92: 45895 | AL92: 45888 | AM92: 45896 | AN92: 45897 | AO92: 45898 | AP92: 45894 | AQ92: 0 | AR92: 0 | AS92: 0 | AT92: 0 | AU92: 0 | AV92: 0 | AW92: งานเคลือบ+พิมพ์ | AX92: รอART | AY92: 0 | AZ92: 0 | BA92: 0 | BB92: 0 | BC92: WRWT25850/WRWT25850 | BD92: 1625.4871
A93: ประมาณการ | B93: ประมาณการ | C93: บจก.ซันฟีด | D93: รอแบบ | E93: 20 | F93: 38 | G93: ขาว | H93: ด้าน | I93: 100 | J93: + | K93: 0 | L93: บิด | M93: ไม่สวมถุงใน | N93: 0 | O93: 0 | P93: 0 | Q93: 0 | R93: 0 | S93: 300กระสอบแบนเต็มใบ | T93: รอแจ้ง | U93: 100000 | V93: 0 | W93: 100000 | X93: 0 | Y93: 105000 | Z93: WSWT2025800SM | AA93: 110363 | AB93: 0 | AC93: 110363 | AD93: 0 | AE93: 110363 | AF93: 0 | AG93: พร้อมส่ง | AH93: P6 | AI93: 4 | AJ93: รอแจ้ง | AK93: #VALUE! | AL93: #VALUE! | AM93: #VALUE! | AN93: #VALUE! | AO93: #VALUE! | AP93: #VALUE! | AQ93: 0 | AR93: 0 | AS93: 0 | AT93: 0 | AU93: 0 | AV93: 0 | AW93: งานเคลือบ+พิมพ์ | AX93: รอART | AY93: 0 | AZ93: 0 | BA93: 0 | BB93: 0 | BC93: WRWT25850/WRWT25850 | BD93: 8338.5378
A94: 45825 | B94: MK68-000796 | C94: บจก.อินเทคค์ โกลบอล | D94: เฟิร์สช้อย 911 | E94: 20 | F94: 36 | G94: ขาว | H94: ด้าน | I94: 100 | J94: ± | K94: 5 | L94: จับจีบ4" | M94: ไม่สวมถุงใน | N94: 0 | O94: 0 | P94: 0 | Q94: 0 | R94: 0 | S94: มัด80 ใช้สายรัด | T94: รอแจ้ง | U94: 127 | V94: 0 | W94: 127 | X94: 6000 | Y94: 0 | Z94: WSWT2025800SM | AA94: 0 | AB94: 0 | AC94: 0 | AD94: 0 | AE94: 0 | AF94: 0 | AG94: รอตัด | AH94: P6 | AI94: 4 | AJ94: รอแจ้ง | AK94: #VALUE! | AL94: #VALUE! | AM94: #VALUE! | AN94: #VALUE! | AO94: #VALUE! | AP94: #VALUE! | AQ94: 0 | AR94: 0 | AS94: 0 | AT94: 0 | AU94: 0 | AV94: 0 | AW94: งานเคลือบ+พิมพ์ | AX94: / | AY94: 0 | AZ94: 0 | BA94: 0 | BB94: 0 | BC94: WRWT25850/WRWT25850 | BD94: 0
A95: 45825 | B95: MK68-000801 | C95: บจก.อินเทคค์ โกลบอล | D95: สุบรรณ 111 | E95: 20 | F95: 36 | G95: ขาว | H95: ด้าน | I95: 100 | J95: ± | K95: 5 | L95: จับจีบ3.5" | M95: ไม่สวมถุงใน | N95: 0 | O95: 0 | P95: 0 | Q95: 0 | R95: 0 | S95: มัด80 ใช้สายรัด | T95: รอแจ้ง | U95: 894 | V95: 525 | W95: 369 | X95: 6000 | Y95: 0 | Z95: WSWT2025800SM | AA95: 0 | AB95: 0 | AC95: 0 | AD95: 0 | AE95: 0 | AF95: 0 | AG95: พร้อมส่ง | AH95: P6 | AI95: 4 | AJ95: รอแจ้ง | AK95: #VALUE! | AL95: #VALUE! | AM95: #VALUE! | AN95: #VALUE! | AO95: #VALUE! | AP95: #VALUE! | AQ95: 0 | AR95: 0 | AS95: 0 | AT95: 0 | AU95: 0 | AV95: 0 | AW95: งานเคลือบ+พิมพ์ | AX95: / | AY95: 0 | AZ95: 0 | BA95: 0 | BB95: 0 | BC95: WRWT25850/WRWT25850 | BD95: 0
A96: 45827 | B96: MK68-000810 | C96: บจก.อินเทคค์ โกลบอล | D96: เฟิร์สคลาส 912 | E96: 20 | F96: 35 | G96: ขาว | H96: ด้าน | I96: 97 | J96: ± | K96: 5 | L96: จับจีบ4" | M96: ไม่สวมถุงใน | N96: 0 | O96: 0 | P96: 0 | Q96: 0 | R96: 0 | S96: มัด80 ใช้สายรัด | T96: รอแจ้ง | U96: 455 | V96: 0 | W96: 455 | X96: 6000 | Y96: 0 | Z96: WSWT2025800SM | AA96: 0 | AB96: 0 | AC96: 0 | AD96: 0 | AE96: 0 | AF96: 0 | AG96: พร้อมส่ง | AH96: P6 | AI96: 4 | AJ96: รอแจ้ง | AK96: #VALUE! | AL96: #VALUE! | AM96: #VALUE! | AN96: #VALUE! | AO96: #VALUE! | AP96: #VALUE! | AQ96: 0 | AR96: 0 | AS96: 0 | AT96: 0 | AU96: 0 | AV96: 0 | AW96: งานเคลือบ+พิมพ์ | AX96: / | AY96: 0 | AZ96: 0 | BA96: 0 | BB96: 0 | BC96: WRWT25850/WRWT25850 | BD96: 0
A97: 45796 | B97: MK68-000675 | C97: บจก.อินเทคค์ โกลบอล | D97: เพอเฟคค์ 914 | E97: 20 | F97: 36 | G97: ขาว | H97: ด้าน | I97: 100 | J97: ± | K97: 5 | L97: จับจีบ | M97: ไม่สวมถุงใน | N97: 0 | O97: 0 | P97: 0 | Q97: 0 | R97: 0 | S97: มัด80 ใช้สายรัด | T97: รอแจ้ง | U97: 3360 | V97: 0 | W97: 3360 | X97: 35200 | Y97: 0 | Z97: WSWT2025800SM | AA97: 0 | AB97: 0 | AC97: 0 | AD97: 0 | AE97: 0 | AF97: 0 | AG97: พร้อมส่ง | AH97: P6 | AI97: 4 | AJ97: รอแจ้ง | AK97: #VALUE! | AL97: #VALUE! | AM97: #VALUE! | AN97: #VALUE! | AO97: #VALUE! | AP97: #VALUE! | AQ97: 0 | AR97: 0 | AS97: 0 | AT97: 0 | AU97: 0 | AV97: 0 | AW97: งานเคลือบ+พิมพ์ | AX97: / | AY97: 2/6---6/6 | AZ97: 0 | BA97: 0 | BB97: 0 | BC97: WRWT25850/WRWT25850 | BD97: 0
A98: 45796 | B98: MK68-000676 | C98: บจก.อินเทคค์ โกลบอล | D98: เพอเฟคค์ 916 | E98: 20 | F98: 36 | G98: ขาว | H98: ด้าน | I98: 100 | J98: ± | K98: 5 | L98: จับจีบ | M98: ไม่สวมถุงใน | N98: 0 | O98: 0 | P98: 0 | Q98: 0 | R98: 0 | S98: มัด80 ใช้สายรัด | T98: รอแจ้ง | U98: 614 | V98: 0 | W98: 614 | X98: 12101 | Y98: 0 | Z98: WSWT2025800SM | AA98: 0 | AB98: 0 | AC98: 0 | AD98: 0 | AE98: 0 | AF98: 0 | AG98: รอตัด | AH98: P6 | AI98: 4 | AJ98: รอแจ้ง | AK98: #VALUE! | AL98: #VALUE! | AM98: #VALUE! | AN98: #VALUE! | AO98: #VALUE! | AP98: #VALUE! | AQ98: 0 | AR98: 0 | AS98: 0 | AT98: 0 | AU98: 0 | AV98: 0 | AW98: งานเคลือบ+พิมพ์ | AX98: / | AY98: 0 | AZ98: 0 | BA98: 0 | BB98: 0 | BC98: WRWT25850/WRWT25850 | BD98: 0
A99: 45796 | B99: MK68-000671 | C99: บจก.อินเทคค์ โกลบอล | D99: เฟิร์สช้อย 902 | E99: 20 | F99: 36 | G99: ขาว | H99: ด้าน | I99: 100 | J99: ± | K99: 5 | L99: จับจีบ | M99: ไม่สวมถุงใน | N99: 0 | O99: 0 | P99: 0 | Q99: 0 | R99: 0 | S99: มัด80 ใช้สายรัด | T99: รอแจ้ง | U99: 366 | V99: 0 | W99: 366 | X99: 5113 | Y99: 0 | Z99: WSWT2025800SM | AA99: 0 | AB99: 0 | AC99: 0 | AD99: 0 | AE99: 0 | AF99: 0 | AG99: ยังไม่ได้พิมพ์ | AH99: P6 | AI99: 4 | AJ99: รอแจ้ง | AK99: #VALUE! | AL99: #VALUE! | AM99: #VALUE! | AN99: #VALUE! | AO99: #VALUE! | AP99: #VALUE! | AQ99: 0 | AR99: 0 | AS99: 0 | AT99: 0 | AU99: 0 | AV99: 0 | AW99: งานเคลือบ+พิมพ์ | AX99: / | AY99: 0 | AZ99: 0 | BA99: 0 | BB99: 0 | BC99: WRWT25850/WRWT25850 | BD99: 0
A100: 45796 | B100: MK68-000673 | C100: บจก.อินเทคค์ โกลบอล | D100: เพอเฟคค์ 902 | E100: 20 | F100: 36 | G100: ขาว | H100: ด้าน | I100: 100 | J100: ± | K100: 5 | L100: จับจีบ | M100: ไม่สวมถุงใน | N100: 0 | O100: 0 | P100: 0 | Q100: 0 | R100: 0 | S100: มัด80 ใช้สายรัด | T100: รอแจ้ง | U100: 302 | V100: 0 | W100: 302 | X100: 5300 | Y100: 0 | Z100: WSWT2025800SM | AA100: 0 | AB100: 0 | AC100: 0 | AD100: 0 | AE100: 0 | AF100: 0 | AG100: พร้อมส่ง | AH100: P6 | AI100: 4 | AJ100: รอแจ้ง | AK100: #VALUE! | AL100: #VALUE! | AM100: #VALUE! | AN100: #VALUE! | AO100: #VALUE! | AP100: #VALUE! | AQ100: 0 | AR100: 0 | AS100: 0 | AT100: 0 | AU100: 0 | AV100: 0 | AW100: งานเคลือบ+พิมพ์ | AX100: / | AY100: 0 | AZ100: 0 | BA100: 0 | BB100: 0 | BC100: WRWT25850/WRWT25850 | BD100: 0
A101: 45796 | B101: MK68-000674 | C101: บจก.อินเทคค์ โกลบอล | D101: เพอเฟคค์ 913 | E101: 20 | F101: 36 | G101: ขาว | H101: ด้าน | I101: 100 | J101: ± | K101: 5 | L101: จับจีบ | M101: ไม่สวมถุงใน | N101: 0 | O101: 0 | P101: 0 | Q101: 0 | R101: 0 | S101: มัด80 ใช้สายรัด | T101: รอแจ้ง | U101: 1200 | V101: 0 | W101: 1200 | X101: 10700 | Y101: 0 | Z101: WSWT2025800SM | AA101: 0 | AB101: 0 | AC101: 0 | AD101: 0 | AE101: 0 | AF101: 0 | AG101: พร้อมส่ง | AH101: P6 | AI101: 4 | AJ101: รอแจ้ง | AK101: #VALUE! | AL101: #VALUE! | AM101: #VALUE! | AN101: #VALUE! | AO101: #VALUE! | AP101: #VALUE! | AQ101: 0 | AR101: 0 | AS101: 0 | AT101: 0 | AU101: 0 | AV101: 0 | AW101: งานเคลือบ+พิมพ์ | AX101: / | AY101: 0 | AZ101: 0 | BA101: 0 | BB101: 0 | BC101: WRWT25850/WRWT25850 | BD101: 0
A102: 45850 | B102: MK68-000877 | C102: บจก.เอพีเอ็ม อะโกร | D102: ยู-ฟีด รวมหมู | E102: 20 | F102: 38 | G102: ขาว | H102: ใส | I102: 100 | J102: ± | K102: 5 | L102: บิด | M102: ไม่สวมถุงใน | N102: 0 | O102: 0 | P102: 0 | Q102: 0 | R102: 0 | S102: 500กระสอบแบน | T102: รอแจ้ง | U102: 3000 | V102: 0 | W102: 3000 | X102: 0 | Y102: 3150 | Z102: WSWT2025800SM | AA102: 3310.89 | AB102: 0 | AC102: 3310.89 | AD102: 0 | AE102: 3310.89 | AF102: 0 | AG102: ยังไม่ได้พิมพ์ | AH102: P6 | AI102: 4 | AJ102: รอแจ้ง | AK102: #VALUE! | AL102: #VALUE! | AM102: #VALUE! | AN102: #VALUE! | AO102: #VALUE! | AP102: #VALUE! | AQ102: 0 | AR102: 0 | AS102: 0 | AT102: 0 | AU102: 0 | AV102: 0 | AW102: งานเคลือบ+พิมพ์ | AX102: / | AY102: 0 | AZ102: 0 | BA102: 0 | BB102: 0 | BC102: WRWT25850/WRWT25850 | BD102: 250.15613
...

Sheet 29-7-68
B2: เรียงกำหนดส่ง | D2: ลบ 0 | T2: เรียง 1
B3: ข้อมูลUpdate ณ. วันที่ | D3: 45864 | E3: เวลา | G3: 9.31
A4: วันรับออร์เดอร์/แบบ | B4: เลขที่ SO | C4: ชื่อลูกค้า | E4: 10.3 | I4: น้ำหนัก | L4: บิด/จับจีบ | M4: ถุงใน | Q4: =[1]หน้าผ้า!$AC$13 -> 44873 | S4: วิธีบรรจุ | T4: วันส่ง | U4: จำนวนส่ง | V4: ตัดเย็บ (ใบ) | W4: =[1]หน้าผ้า!$AJ$13 -> 44873 | X4: พิมพ์ (ใบ) | Y4: =[1]หน้าผ้า!$AM$13 -> 44876 | Z4: ผ้าทอ (เมตร) Updateณ | AB4: =[1]หน้าผ้า!$AR$12 -> 44876 | AD4: ผ้าเคลือบ(เมตร) | AF4: หมายเหตุ | AG4: เครื่อง
B5: เลขที่ SO | C5: ชื่อลูกค้า | D5: ตรา | E5: กว้าง | F5: ยาว | G5: สี | H5: เคลือบ | I5: กรัม/ใบ | J5: * | K5: aw | L5: บิด/จับจีบ | M5: กว้าง | N5: ยาว | O5: หนา | P5: ใช้(กก.) | Q5: Stock(กก.) | R5: ผลิต(กก.) | S5: วิธีบรรจุ | T5: วันส่ง | U5: จำนวนส่ง | V5: StockFG | W5: ค้างตัด | X5: พิมพ์แล้ว | Y5: ค้างพิมพ์ | Z5: ประเภท | AA5: ใช้ | AB5: Stock | AC5: ค้างทอ | AD5: Stock | AE5: ค้างเคลือบ | AF5: หมายเหตุ | AG5: ที่พิมพ์ได้ | AH5: process | AI5: Lead time | AJ5: วันที่ส่งPL | AK5: เคลือบ | AL5: ได้ ART | AM5: พิมพ์ | AN5: จีบ-บิด | AO5: ตัด-เย็บ | AP5: ทอ | AQ5: สวมถุง | AR5: เย็บปาก | AS5: PT | AT5: ม้วน | AU5: ตัด | AV5: ตอกตาไก่ | AW5: GROUP | AX5: ART | AY5: หมายเหตุปัญหา | AZ5: ราคา/ใบ | BA5: ราคารวม | BB5: workweek | BC5: เส้นเทป | BD5: จำนวน
A6: =[2]หน้าผ้า!C16 -> 45860 | B6: =[2]หน้าผ้า!B16 -> MK68-000920 | C6: =[2]หน้าผ้า!E16 -> หจก.ปึงเป้งน้ำ | D6: =[2]หน้าผ้า!F16 -> เกลือตรามือ 10กก. | E6: =[2]หน้าผ้า!G16 -> 14 | F6: =[2]หน้าผ้า!H16 -> 22 | G6: =[2]หน้าผ้า!I16 -> ขาว | H6: =[2]หน้าผ้า!J16 -> ใส | I6: =[2]หน้าผ้า!L16 -> 42 | J6: =[2]หน้าผ้า!M16 -> ± | K6: =[2]หน้าผ้า!N16 -> 5 | L6: =[2]หน้าผ้า!R16 -> ไม่ | M6: =[2]หน้าผ้า!T16 -> ไม่สวมถุงใน | N6: =[2]หน้าผ้า!U16 -> 0 | O6: =[2]หน้าผ้า!V16 -> 0 | P6: =[2]หน้าผ้า!AB16 -> 0 | Q6: =[2]หน้าผ้า!AC16 -> 0 | R6: =[2]หน้าผ้า!AD16 -> 0 | S6: =[2]หน้าผ้า!Z16 -> 500กระสอบแบน | T6: =[2]หน้าผ้า!X16 -> 45884 | U6: =[2]หน้าผ้า!AA16 -> 10000 | V6: =[2]หน้าผ้า!AJ16 -> 0 | W6: =[2]หน้าผ้า!AL16 -> 10000 | X6: =[2]หน้าผ้า!AM16 -> 0 | Y6: =[2]หน้าผ้า!AN16 -> 10500 | Z6: =[2]หน้าผ้า!AO16 -> WSWT1425800 | AA6: =[2]หน้าผ้า!AQ16 -> 6565.9 | AB6: =[2]หน้าผ้า!AR16 -> 6565.9 | AC6: =[2]หน้าผ้า!AS16 -> 0 | AD6: =[2]หน้าผ้า!AT16 -> 0 | AE6: =[2]หน้าผ้า!AU16 -> 6565.9 | AF6: =[2]หน้าผ้า!AI16 -> 0 | AG6: =[3]หน้าผ้า!DC19 -> ยังไม่ได้พิมพ์ | AH6: =[2]หน้าผ้า!DL16 -> P6 | AI6: =[2]หน้าผ้า!DM16 -> 4 | AJ6: =[2]หน้าผ้า!DN16 -> 45884 | AK6: =[2]หน้าผ้า!DQ16 -> 45880 | AL6: =[2]หน้าผ้า!DR16 -> 45873 | AM6: =[2]หน้าผ้า!DS16 -> 45881 | AN6: =[2]หน้าผ้า!DT16 -> 45882 | AO6: =[2]หน้าผ้า!DU16 -> 45883 | AP6: =[2]หน้าผ้า!DP16 -> 45879 | AQ6: =[2]หน้าผ้า!DW16 -> 0 | AR6: =[2]หน้าผ้า!DX16 -> 0 | AS6: =[2]หน้าผ้า!DY16 -> 0 | AT6: =[2]หน้าผ้า!DZ16 -> 0 | AU6: =[2]หน้าผ้า!EA16 -> 0 | AV6: =[2]หน้าผ้า!EB16 -> 0 | AW6: =[2]หน้าผ้า!EC16 -> งานเคลือบ+พิมพ์ | AX6: =[2]หน้าผ้า!ED16 -> / | AY6: =[2]หน้าผ้า!AG16 -> 0 | AZ6: =[2]หน้าผ้า!EG16 -> 0 | BA6: =[2]หน้าผ้า!EH16 -> 0 | BB6: =[2]หน้าผ้า!EI16 -> 0 | BC6: =[2]หน้าผ้า!BZ16 -> WRWT25800/WRWT25800 | BD6: =[2]หน้าผ้า!CA16 -> 0
A7: =[2]หน้าผ้า!C17 -> 0 | B7: =[2]หน้าผ้า!B17 -> 0 | C7: =[2]หน้าผ้า!E17 -> 0 | D7: =[2]หน้าผ้า!F17 -> 0 | E7: =[2]หน้าผ้า!G17 -> 14 | F7: =[2]หน้าผ้า!H17 -> 22 | G7: =[2]หน้าผ้า!I17 -> ขาว | H7: =[2]หน้าผ้า!J17 -> 0 | I7: =[2]หน้าผ้า!L17 -> 36 | J7: =[2]หน้าผ้า!M17 -> ± | K7: =[2]หน้าผ้า!N17 -> 5 | L7: =[2]หน้าผ้า!R17 -> 0 | M7: =[2]หน้าผ้า!T17 -> 0 | N7: =[2]หน้าผ้า!U17 -> 0 | O7: =[2]หน้าผ้า!V17 -> 0 | P7: =[2]หน้าผ้า!AB17 -> 0 | Q7: =[2]หน้าผ้า!AC17 -> 0 | R7: =[2]หน้าผ้า!AD17 -> 0 | S7: =[2]หน้าผ้า!Z17 -> 0 | U7: =[2]หน้าผ้า!AA17 -> 0 | V7: =[2]หน้าผ้า!AJ17 -> 0 | W7: =[2]หน้าผ้า!AL17 -> 0 | X7: =[2]หน้าผ้า!AM17 -> 0 | Y7: =[2]หน้าผ้า!AN17 -> 0 | Z7: =[2]หน้าผ้า!AO17 -> WSWT1425800 | AA7: =[2]หน้าผ้า!AQ17 -> 6565.9 | AB7: =[2]หน้าผ้า!AR17 -> 6565.9 | AC7: =[2]หน้าผ้า!AS17 -> 0 | AD7: =[2]หน้าผ้า!AT17 -> 0 | AE7: =[2]หน้าผ้า!AU17 -> 6565.9 | AF7: =[2]หน้าผ้า!AI17 -> ระบุในSD | AG7: =[3]หน้าผ้า!DC20 -> พร้อมส่ง | AH7: =[2]หน้าผ้า!DL17 -> 0 | AI7: =[2]หน้าผ้า!DM17 -> Lead time | AJ7: =[2]หน้าผ้า!DN17 -> 0 | AK7: =[2]หน้าผ้า!DQ17 -> 0 | AL7: =[2]หน้าผ้า!DR17 -> 0 | AM7: =[2]หน้าผ้า!DS17 -> 0 | AN7: =[2]หน้าผ้า!DT17 -> 0 | AO7: =[2]หน้าผ้า!DU17 -> 0 | AP7: =[2]หน้าผ้า!DP17 -> 0 | AQ7: =[2]หน้าผ้า!DW17 -> 0 | AR7: =[2]หน้าผ้า!DX17 -> 0 | AS7: =[2]หน้าผ้า!DY17 -> 0 | AT7: =[2]หน้าผ้า!DZ17 -> 0 | AU7: =[2]หน้าผ้า!EA17 -> 0 | AV7: =[2]หน้าผ้า!EB17 -> 0 | AW7: =[2]หน้าผ้า!EC17 -> 0 | AX7: =[2]หน้าผ้า!ED17 -> 0 | AY7: =[2]หน้าผ้า!AG17 -> 0 | AZ7: =[2]หน้าผ้า!EG17 -> 0 | BA7: =[2]หน้าผ้า!EH17 -> 0 | BB7: =[2]หน้าผ้า!EI17 -> 0 | BC7: =[2]หน้าผ้า!BZ17 -> WRWT140800/WRWT25800 | BD7: =[2]หน้าผ้า!CA17 -> 0
A8: =[2]หน้าผ้า!C18 -> 45842 | B8: =[2]หน้าผ้า!B18 -> MK68-000868 | C8: =[2]หน้าผ้า!E18 -> พีมินเนอร์ | D8: =[2]หน้าผ้า!F18 -> พี-มินเนอร์ นิวพลัส | E8: =[2]หน้าผ้า!G18 -> 16 | F8: =[2]หน้าผ้า!H18 -> 28 | G8: =[2]หน้าผ้า!I18 -> ขาว | H8: =[2]หน้าผ้า!J18 -> ใส | I8: =[2]หน้าผ้า!L18 -> 56 | J8: =[2]หน้าผ้า!M18 -> ± | K8: =[2]หน้าผ้า!N18 -> 5 | L8: =[2]หน้าผ้า!R18 -> ไม่ | M8: =[2]หน้าผ้า!T18 -> 19 | N8: =[2]หน้าผ้า!U18 -> 31 | O8: =[2]หน้าผ้า!V18 -> 40 | P8: =[2]หน้าผ้า!AB18 -> 1.1334313 | Q8: =[2]หน้าผ้า!AC18 -> 0 | R8: =[2]หน้าผ้า!AD18 -> 1.1334313 | S8: =[2]หน้าผ้า!Z18 -> 500กระสอบ | T8: =[2]หน้าผ้า!X18 -> 45869 | U8: =[2]หน้าผ้า!AA18 -> 4000 | V8: =[2]หน้าผ้า!AJ18 -> 3922 | W8: =[2]หน้าผ้า!AL18 -> 78 | X8: =[2]หน้าผ้า!AM18 -> 5295 | Y8: =[2]หน้าผ้า!AN18 -> 0 | Z8: =[2]หน้าผ้า!AO18 -> WSWT1625800SM | AA8: =[2]หน้าผ้า!AQ18 -> 0 | AB8: =[2]หน้าผ้า!AR18 -> 0 | AC8: =[2]หน้าผ้า!AS18 -> 0 | AD8: =[2]หน้าผ้า!AT18 -> 0 | AE8: =[2]หน้าผ้า!AU18 -> 0 | AF8: =[2]หน้าผ้า!AI18 -> รอส่ง รอลูกค้ามารับเอง | AG8: =[3]หน้าผ้า!DC21 -> พร้อมส่ง | AH8: =[2]หน้าผ้า!DL18 -> P8 | AI8: =[2]หน้าผ้า!DM18 -> 4 | AJ8: =[2]หน้าผ้า!DN18 -> 45869 | AK8: =[2]หน้าผ้า!DQ18 -> 45865 | AL8: =[2]หน้าผ้า!DR18 -> 45859 | AM8: =[2]หน้าผ้า!DS18 -> 45866 | AN8: =[2]หน้าผ้า!DT18 -> 45867 | AO8: =[2]หน้าผ้า!DU18 -> 45867 | AP8: =[2]หน้าผ้า!DP18 -> 45864 | AQ8: =[2]หน้าผ้า!DW18 -> 45868 | AR8: =[2]หน้าผ้า!DX18 -> 0 | AS8: =[2]หน้าผ้า!DY18 -> 0 | AT8: =[2]หน้าผ้า!DZ18 -> 0 | AU8: =[2]หน้าผ้า!EA18 -> 0 | AV8: =[2]หน้าผ้า!EB18 -> 0 | AW8: =[2]หน้าผ้า!EC18 -> งานเคลือบ+พิมพ์ | AX8: =[2]หน้าผ้า!ED18 -> / | AY8: =[2]หน้าผ้า!AG18 -> 0 | AZ8: =[2]หน้าผ้า!EG18 -> 0 | BA8: =[2]หน้าผ้า!EH18 -> 0 | BB8: =[2]หน้าผ้า!EI18 -> 0 | BC8: =[2]หน้าผ้า!BZ18 -> WRWT25800/WRWT25800 | BD8: =[2]หน้าผ้า!CA18 -> 0
A9: =[2]หน้าผ้า!C19 -> ประมาณการ | B9: =[2]หน้าผ้า!B19 -> ประมาณการ | C9: =[2]หน้าผ้า!E19 -> บจก.ซัน ซีเมนต์ โพรเซส | D9: =[2]หน้าผ้า!F19 -> พระอาทิตย์(ปูนนอน-ชริงค์) | E9: =[2]หน้าผ้า!G19 -> 16 | F9: =[2]หน้าผ้า!H19 -> 25 | G9: =[2]หน้าผ้า!I19 -> ขาว | H9: =[2]หน้าผ้า!J19 -> ใส | I9: =[2]หน้าผ้า!L19 -> 50 | J9: =[2]หน้าผ้า!M19 -> ± | K9: =[2]หน้าผ้า!N19 -> 5 | L9: =[2]หน้าผ้า!R19 -> บิด | M9: =[2]หน้าผ้า!T19 -> 19 | N9: =[2]หน้าผ้า!U19 -> 28 | O9: =[2]หน้าผ้า!V19 -> 40 | P9: =[2]หน้าผ้า!AB19 -> 65.624643 | Q9: =[2]หน้าผ้า!AC19 -> 0 | R9: =[2]หน้าผ้า!AD19 -> 65.624643 | S9: =[2]หน้าผ้า!Z19 -> 500กระสอบ | T9: =[2]หน้าผ้า!X19 -> รอแจ้ง | U9: =[2]หน้าผ้า!AA19 -> 5000 | V9: =[2]หน้าผ้า!AJ19 -> 0 | W9: =[2]หน้าผ้า!AL19 -> 5000 | X9: =[2]หน้าผ้า!AM19 -> 0 | Y9: =[2]หน้าผ้า!AN19 -> 5250 | Z9: =[2]หน้าผ้า!AO19 -> WSWT1625800SM | AA9: =[2]หน้าผ้า!AQ19 -> 3702.05 | AB9: =[2]หน้าผ้า!AR19 -> 0 | AC9: =[2]หน้าผ้า!AS19 -> 3702.05 | AD9: =[2]หน้าผ้า!AT19 -> 0 | AE9: =[2]หน้าผ้า!AU19 -> 3702.05 | AF9: =[2]หน้าผ้า!AI19 -> 0 | AG9: =[3]หน้าผ้า!DC22 -> พร้อมส่ง | AH9: =[2]หน้าผ้า!DL19 -> P8 | AI9: =[2]หน้าผ้า!DM19 -> 4 | AJ9: =[2]หน้าผ้า!DN19 -> รอแจ้ง | AK9: =[2]หน้าผ้า!DQ19 -> #VALUE! | AL9: =[2]หน้าผ้า!DR19 -> #VALUE! | AM9: =[2]หน้าผ้า!DS19 -> #VALUE! | AN9: =[2]หน้าผ้า!DT19 -> #VALUE! | AO9: =[2]หน้าผ้า!DU19 -> #VALUE! | AP9: =[2]หน้าผ้า!DP19 -> #VALUE! | AQ9: =[2]หน้าผ้า!DW19 -> #VALUE! | AR9: =[2]หน้าผ้า!DX19 -> 0 | AS9: =[2]หน้าผ้า!DY19 -> 0 | AT9: =[2]หน้าผ้า!DZ19 -> 0 | AU9: =[2]หน้าผ้า!EA19 -> 0 | AV9: =[2]หน้าผ้า!EB19 -> 0 | AW9: =[2]หน้าผ้า!EC19 -> งานเคลือบ+พิมพ์ | AX9: =[2]หน้าผ้า!ED19 -> รอART | AY9: =[2]หน้าผ้า!AG19 -> 0 | AZ9: =[2]หน้าผ้า!EG19 -> 0 | BA9: =[2]หน้าผ้า!EH19 -> 0 | BB9: =[2]หน้าผ้า!EI19 -> 0 | BC9: =[2]หน้าผ้า!BZ19 -> WRWT25800/WRWT25800 | BD9: =[2]หน้าผ้า!CA19 -> 210.60551
A10: =[2]หน้าผ้า!C20 -> 0 | B10: =[2]หน้าผ้า!B20 -> 0 | C10: =[2]หน้าผ้า!E20 -> 0 | D10: =[2]หน้าผ้า!F20 | E10: =[2]หน้าผ้า!G20 -> 16 | F10: =[2]หน้าผ้า!H20 -> 25 | G10: =[2]หน้าผ้า!I20 -> ขาว | H10: =[2]หน้าผ้า!J20 -> 0 | I10: =[2]หน้าผ้า!L20 -> 45 | J10: =[2]หน้าผ้า!M20 -> ± | K10: =[2]หน้าผ้า!N20 -> 5 | L10: =[2]หน้าผ้า!R20 -> 0 | M10: =[2]หน้าผ้า!T20 -> 0 | N10: =[2]หน้าผ้า!U20 -> 0 | O10: =[2]หน้าผ้า!V20 -> 0 | P10: =[2]หน้าผ้า!AB20 -> 0 | Q10: =[2]หน้าผ้า!AC20 -> 0 | R10: =[2]หน้าผ้า!AD20 -> 0 | S10: =[2]หน้าผ้า!Z20 -> 0 | U10: =[2]หน้าผ้า!AA20 -> 0 | V10: =[2]หน้าผ้า!AJ20 -> 0 | W10: =[2]หน้าผ้า!AL20 -> 0 | X10: =[2]หน้าผ้า!AM20 -> 0 | Y10: =[2]หน้าผ้า!AN20 -> 0 | Z10: =[2]หน้าผ้า!AO20 -> WSWT1625800SM | AA10: =[2]หน้าผ้า!AQ20 -> 3702.05 | AB10: =[2]หน้าผ้า!AR20 -> 0 | AC10: =[2]หน้าผ้า!AS20 -> 3702.05 | AD10: =[2]หน้าผ้า!AT20 -> 0 | AE10: =[2]หน้าผ้า!AU20 -> 3702.05 | AF10: =[2]หน้าผ้า!AI20 -> ระบุในSD | AG10: =[3]หน้าผ้า!DC23 -> พร้อมส่ง | AH10: =[2]หน้าผ้า!DL20 -> 0 | AI10: =[2]หน้าผ้า!DM20 -> Lead time | AJ10: =[2]หน้าผ้า!DN20 -> 0 | AK10: =[2]หน้าผ้า!DQ20 -> 0 | AL10: =[2]หน้าผ้า!DR20 -> 0 | AM10: =[2]หน้าผ้า!DS20 -> 0 | AN10: =[2]หน้าผ้า!DT20 -> 0 | AO10: =[2]หน้าผ้า!DU20 -> 0 | AP10: =[2]หน้าผ้า!DP20 -> 0 | AQ10: =[2]หน้าผ้า!DW20 -> 0 | AR10: =[2]หน้าผ้า!DX20 -> 0 | AS10: =[2]หน้าผ้า!DY20 -> 0 | AT10: =[2]หน้าผ้า!DZ20 -> 0 | AU10: =[2]หน้าผ้า!EA20 -> 0 | AV10: =[2]หน้าผ้า!EB20 -> 0 | AW10: =[2]หน้าผ้า!EC20 -> 0 | AX10: =[2]หน้าผ้า!ED20 -> 0 | AY10: =[2]หน้าผ้า!AG20 -> 0 | AZ10: =[2]หน้าผ้า!EG20 -> 0 | BA10: =[2]หน้าผ้า!EH20 -> 0 | BB10: =[2]หน้าผ้า!EI20 -> 0 | BC10: =[2]หน้าผ้า!BZ20 -> WRWT160800/WRWT25800 | BD10: =[2]หน้าผ้า!CA20 -> 0
A11: =[2]หน้าผ้า!C23 -> 0 | B11: =[2]หน้าผ้า!B23 -> 0 | C11: =[2]หน้าผ้า!E23 -> 0 | D11: =[2]หน้าผ้า!F23 -> 0 | E11: =[2]หน้าผ้า!G23 -> 17 | F11: =[2]หน้าผ้า!H23 -> 26 | G11: =[2]หน้าผ้า!I23 -> 0 | H11: =[2]หน้าผ้า!J23 -> 0 | I11: =[2]หน้าผ้า!L23 -> 48 | J11: =[2]หน้าผ้า!M23 -> ± | K11: =[2]หน้าผ้า!N23 -> 5 | L11: =[2]หน้าผ้า!R23 -> 0 | M11: =[2]หน้าผ้า!T23 -> 0 | N11: =[2]หน้าผ้า!U23 -> 0 | O11: =[2]หน้าผ้า!V23 -> 0 | P11: =[2]หน้าผ้า!AB23 -> 0 | Q11: =[2]หน้าผ้า!AC23 -> 0 | R11: =[2]หน้าผ้า!AD23 -> 0 | S11: =[2]หน้าผ้า!Z23 -> 0 | T11: =[2]หน้าผ้า!X23 -> 0 | U11: =[2]หน้าผ้า!AA23 -> 0 | V11: =[2]หน้าผ้า!AJ23 -> 0 | W11: =[2]หน้าผ้า!AL23 -> 0 | X11: =[2]หน้าผ้า!AM23 -> 0 | Y11: =[2]หน้าผ้า!AN23 -> 0 | Z11: =[2]หน้าผ้า!AO23 -> WSWT1725800 | AA11: =[2]หน้าผ้า!AQ23 -> #REF! | AB11: =[2]หน้าผ้า!AR23 -> #REF! | AC11: =[2]หน้าผ้า!AS23 -> #REF! | AD11: =[2]หน้าผ้า!AT23 -> #REF! | AE11: =[2]หน้าผ้า!AU23 -> #REF! | AF11: =[2]หน้าผ้า!AI23 -> ระบุในSD | AG11: =[3]หน้าผ้า!DC26 -> ยังไม่ได้พิมพ์ | AH11: =[2]หน้าผ้า!DL23 -> 0 | AI11: =[2]หน้าผ้า!DM23 -> 0 | AJ11: =[2]หน้าผ้า!DN23 -> 0 | AK11: =[2]หน้าผ้า!DQ23 -> 0 | AL11: =[2]หน้าผ้า!DR23 -> 0 | AM11: =[2]หน้าผ้า!DS23 -> 0 | AN11: =[2]หน้าผ้า!DT23 -> 0 | AO11: =[2]หน้าผ้า!DU23 -> 0 | AP11: =[2]หน้าผ้า!DP23 -> 0 | AQ11: =[2]หน้าผ้า!DW23 -> 0 | AR11: =[2]หน้าผ้า!DX23 -> 0 | AS11: =[2]หน้าผ้า!DY23 -> 0 | AT11: =[2]หน้าผ้า!DZ23 -> 0 | AU11: =[2]หน้าผ้า!EA23 -> 0 | AV11: =[2]หน้าผ้า!EB23 -> 0 | AW11: =[2]หน้าผ้า!EC23 -> 0 | AX11: =[2]หน้าผ้า!ED23 -> 0 | AY11: =[2]หน้าผ้า!AG23 -> 0 | AZ11: =[2]หน้าผ้า!EG23 -> 0 | BA11: =[2]หน้าผ้า!EH23 -> 0 | BB11: =[2]หน้าผ้า!EI23 -> 0 | BC11: =[2]หน้าผ้า!BZ23 -> WRWT170800/WRWT25800 | BD11: =[2]หน้าผ้า!CA23 -> 0
A12: =[2]หน้าผ้า!C24 -> ประมาณการ | B12: =[2]หน้าผ้า!B24 -> ประมาณการ | C12: =[2]หน้าผ้า!E24 -> บจก.ฟาร์เธอร์ส วิง ซัพพลาย | D12: =[2]หน้าผ้า!F24 -> รถไฟ | E12: =[2]หน้าผ้า!G24 -> 18 | F12: =[2]หน้าผ้า!H24 -> 30 | G12: =[2]หน้าผ้า!I24 -> ขาว | H12: =[2]หน้าผ้า!J24 -> 0 | I12: =[2]หน้าผ้า!L24 -> 54 | J12: =[2]หน้าผ้า!M24 -> ± | K12: =[2]หน้าผ้า!N24 -> 5 | L12: =[2]หน้าผ้า!R24 -> บิด | M12: =[2]หน้าผ้า!T24 -> 19 | N12: =[2]หน้าผ้า!U24 -> 33 | O12: =[2]หน้าผ้า!V24 -> 40 | P12: =[2]หน้าผ้า!AB24 -> 232.02999 | Q12: =[2]หน้าผ้า!AC24 -> 0 | R12: =[2]หน้าผ้า!AD24 -> 232.02999 | S12: =[2]หน้าผ้า!Z24 -> 500กระสอบ | U12: =[2]หน้าผ้า!AA24 -> 15000 | V12: =[2]หน้าผ้า!AJ24 -> 0 | W12: =[2]หน้าผ้า!AL24 -> 15000 | X12: =[2]หน้าผ้า!AM24 -> 0 | Y12: =[2]หน้าผ้า!AN24 -> 15750 | Z12: =[2]หน้าผ้า!AO24 -> WSWT1825800 | AA12: =[2]หน้าผ้า!AQ24 -> 13201.65 | AB12: =[2]หน้าผ้า!AR24 -> 6301 | AC12: =[2]หน้าผ้า!AS24 -> 6900.65 | AD12: =[2]หน้าผ้า!AT24 -> 0 | AE12: =[2]หน้าผ้า!AU24 -> 0 | AF12: =[2]หน้าผ้า!AI24 -> 0 | AG12: =[3]หน้าผ้า!DC27 -> พร้อมส่ง | AH12: =[2]หน้าผ้า!DL24 -> P9 | AI12: =[2]หน้าผ้า!DM24 -> 3 | AJ12: =[2]หน้าผ้า!DN24 -> รอแจ้ง | AK12: =[2]หน้าผ้า!DQ24 -> 0 | AL12: =[2]หน้าผ้า!DR24 -> #VALUE! | AM12: =[2]หน้าผ้า!DS24 -> #VALUE! | AN12: =[2]หน้าผ้า!DT24 -> #VALUE! | AO12: =[2]หน้าผ้า!DU24 -> #VALUE! | AP12: =[2]หน้าผ้า!DP24 -> #VALUE! | AQ12: =[2]หน้าผ้า!DW24 -> #VALUE! | AR12: =[2]หน้าผ้า!DX24 -> 0 | AS12: =[2]หน้าผ้า!DY24 -> 0 | AT12: =[2]หน้าผ้า!DZ24 -> 0 | AU12: =[2]หน้าผ้า!EA24 -> 0 | AV12: =[2]หน้าผ้า!EB24 -> 0 | AW12: =[2]หน้าผ้า!EC24 -> งานพิมพ์ | AX12: =[2]หน้าผ้า!ED24 -> รอART | AY12: =[2]หน้าผ้า!AG24 -> 0 | AZ12: =[2]หน้าผ้า!EG24 -> 0 | BA12: =[2]หน้าผ้า!EH24 -> 0 | BB12: =[2]หน้าผ้า!EI24 -> 0 | BC12: =[2]หน้าผ้า!BZ24 -> WRWT25800/WRWT25800 | BD12: =[2]หน้าผ้า!CA24 -> 474.76472
A13: =[2]หน้าผ้า!C25 -> 0 | B13: =[2]หน้าผ้า!B25 -> 0 | C13: =[2]หน้าผ้า!E25 | D13: =[2]หน้าผ้า!F25 | E13: =[2]หน้าผ้า!G25 -> 18 | F13: =[2]หน้าผ้า!H25 -> 30 | G13: =[2]หน้าผ้า!I25 -> ขาว | H13: =[2]หน้าผ้า!J25 -> 0 | I13: =[2]หน้าผ้า!L25 -> 54 | J13: =[2]หน้าผ้า!M25 -> ± | K13: =[2]หน้าผ้า!N25 -> 5 | L13: =[2]หน้าผ้า!R25 -> 0 | M13: =[2]หน้าผ้า!T25 -> 0 | N13: =[2]หน้าผ้า!U25 -> 0 | O13: =[2]หน้าผ้า!V25 -> 0 | P13: =[2]หน้าผ้า!AB25 -> 0 | Q13: =[2]หน้าผ้า!AC25 -> 0 | R13: =[2]หน้าผ้า!AD25 -> 0 | S13: =[2]หน้าผ้า!Z25 -> 0 | T13: =[2]หน้าผ้า!X25 -> 0 | U13: =[2]หน้าผ้า!AA25 -> 0 | V13: =[2]หน้าผ้า!AJ25 -> 0 | W13: =[2]หน้าผ้า!AL25 -> 0 | X13: =[2]หน้าผ้า!AM25 -> 0 | Y13: =[2]หน้าผ้า!AN25 -> 0 | Z13: =[2]หน้าผ้า!AO25 -> WSWT1825800 | AA13: =[2]หน้าผ้า!AQ25 -> 13201.65 | AB13: =[2]หน้าผ้า!AR25 -> 6301 | AC13: =[2]หน้าผ้า!AS25 -> 6900.65 | AD13: =[2]หน้าผ้า!AT25 -> 0 | AE13: =[2]หน้าผ้า!AU25 -> 0 | AF13: =[2]หน้าผ้า!AI25 -> ระบุในSD | AG13: =[3]หน้าผ้า!DC28 -> ยังไม่ได้พิมพ์ | AH13: =[2]หน้าผ้า!DL25 -> 0 | AI13: =[2]หน้าผ้า!DM25 -> Lead time | AJ13: =[2]หน้าผ้า!DN25 -> 0 | AK13: =[2]หน้าผ้า!DQ25 -> 0 | AL13: =[2]หน้าผ้า!DR25 -> 0 | AM13: =[2]หน้าผ้า!DS25 -> 0 | AN13: =[2]หน้าผ้า!DT25 -> 0 | AO13: =[2]หน้าผ้า!DU25 -> 0 | AP13: =[2]หน้าผ้า!DP25 -> 0 | AQ13: =[2]หน้าผ้า!DW25 -> 0 | AR13: =[2]หน้าผ้า!DX25 -> 0 | AS13: =[2]หน้าผ้า!DY25 -> 0 | AT13: =[2]หน้าผ้า!DZ25 -> 0 | AU13: =[2]หน้าผ้า!EA25 -> 0 | AV13: =[2]หน้าผ้า!EB25 -> 0 | AW13: =[2]หน้าผ้า!EC25 -> 0 | AX13: =[2]หน้าผ้า!ED25 -> 0 | AY13: =[2]หน้าผ้า!AG25 -> 0 | AZ13: =[2]หน้าผ้า!EG25 -> 0 | BA13: =[2]หน้าผ้า!EH25 -> 0 | BB13: =[2]หน้าผ้า!EI25 -> 0 | BC13: =[2]หน้าผ้า!BZ25 -> WRWT25800/WRWT25800 | BD13: =[2]หน้าผ้า!CA25 -> 0
A14: =[2]หน้าผ้า!C26 -> 45860 | B14: =[2]หน้าผ้า!B26 -> MK68-000917 | C14: =[2]หน้าผ้า!E26 -> บจก.ซิเบลโก้(บางเลน) | D14: =[2]หน้าผ้า!F26 -> PORTARYTE B15 | E14: =[2]หน้าผ้า!G26 -> 18 | F14: =[2]หน้าผ้า!H26 -> 30 | G14: =[2]หน้าผ้า!I26 -> ขาว | H14: =[2]หน้าผ้า!J26 -> ใส | I14: =[2]หน้าผ้า!L26 -> 74 | J14: =[2]หน้าผ้า!M26 -> ± | K14: =[2]หน้าผ้า!N26 -> 5 | L14: =[2]หน้าผ้า!R26 -> ไม่ | M14: =[2]หน้าผ้า!T26 -> ไม่สวมถุงใน | N14: =[2]หน้าผ้า!U26 -> 0 | O14: =[2]หน้าผ้า!V26 -> 0 | P14: =[2]หน้าผ้า!AB26 -> 0 | Q14: =[2]หน้าผ้า!AC26 -> 0 | R14: =[2]หน้าผ้า!AD26 -> 0 | S14: =[2]หน้าผ้า!Z26 -> 500กระสอบแบน | U14: =[2]หน้าผ้า!AA26 -> 10000 | V14: =[2]หน้าผ้า!AJ26 -> 0 | W14: =[2]หน้าผ้า!AL26 -> 10000 | X14: =[2]หน้าผ้า!AM26 -> 0 | Y14: =[2]หน้าผ้า!AN26 -> 10500 | Z14: =[2]หน้าผ้า!AO26 -> WSWT1825800SM | AA14: =[2]หน้าผ้า!AQ26 -> 8801.1 | AB14: =[2]หน้าผ้า!AR26 -> 6990 | AC14: =[2]หน้าผ้า!AS26 -> 1811.1 | AD14: =[2]หน้าผ้า!AT26 -> 1997 | AE14: =[2]หน้าผ้า!AU26 -> 6804.1 | AF14: =[2]หน้าผ้า!AI26 -> 0 | AG14: =[3]หน้าผ้า!DC29 -> ยังไม่ได้พิมพ์ | AH14: =[2]หน้าผ้า!DL26 -> P6 | AI14: =[2]หน้าผ้า!DM26 -> 4 | AJ14: =[2]หน้าผ้า!DN26 -> 45883 | AK14: =[2]หน้าผ้า!DQ26 -> 45879 | AL14: =[2]หน้าผ้า!DR26 -> 45872 | AM14: =[2]หน้าผ้า!DS26 -> 45880 | AN14: =[2]หน้าผ้า!DT26 -> 45881 | AO14: =[2]หน้าผ้า!DU26 -> 45882 | AP14: =[2]หน้าผ้า!DP26 -> 45878 | AQ14: =[2]หน้าผ้า!DW26 -> 0 | AR14: =[2]หน้าผ้า!DX26 -> 0 | AS14: =[2]หน้าผ้า!DY26 -> 0 | AT14: =[2]หน้าผ้า!DZ26 -> 0 | AU14: =[2]หน้าผ้า!EA26 -> 0 | AV14: =[2]หน้าผ้า!EB26 -> 0 | AW14: =[2]หน้าผ้า!EC26 -> งานเคลือบ+พิมพ์ | AX14: =[2]หน้าผ้า!ED26 -> / | AY14: =[2]หน้าผ้า!AG26 -> 0 | AZ14: =[2]หน้าผ้า!EG26 -> 0 | BA14: =[2]หน้าผ้า!EH26 -> 0 | BB14: =[2]หน้าผ้า!EI26 -> 0 | BC14: =[2]หน้าผ้า!BZ26 -> WRWT25800/WRWT25800 | BD14: =[2]หน้าผ้า!CA26 -> 115.9104
A15: =[2]หน้าผ้า!C27 -> 0 | B15: =[2]หน้าผ้า!B27 -> 0 | C15: =[2]หน้าผ้า!E27 -> 0 | D15: =[2]หน้าผ้า!F27 | E15: =[2]หน้าผ้า!G27 -> 18 | F15: =[2]หน้าผ้า!H27 -> 25 | G15: =[2]หน้าผ้า!I27 -> ขาว | H15: =[2]หน้าผ้า!J27 -> 0 | I15: =[2]หน้าผ้า!L27 -> 50 | J15: =[2]หน้าผ้า!M27 -> ± | K15: =[2]หน้าผ้า!N27 -> 5 | L15: =[2]หน้าผ้า!R27 -> 0 | M15: =[2]หน้าผ้า!T27 -> 0 | N15: =[2]หน้าผ้า!U27 -> 0 | O15: =[2]หน้าผ้า!V27 -> 0 | P15: =[2]หน้าผ้า!AB27 -> 0 | Q15: =[2]หน้าผ้า!AC27 -> 0 | R15: =[2]หน้าผ้า!AD27 -> 0 | S15: =[2]หน้าผ้า!Z27 -> 0 | T15: =[2]หน้าผ้า!X27 -> 0 | U15: =[2]หน้าผ้า!AA27 -> 0 | V15: =[2]หน้าผ้า!AJ27 -> 0 | W15: =[2]หน้าผ้า!AL27 -> 0 | X15: =[2]หน้าผ้า!AM27 -> 0 | Y15: =[2]หน้าผ้า!AN27 -> 0 | Z15: =[2]หน้าผ้า!AO27 -> WSWT1825800SM | AA15: =[2]หน้าผ้า!AQ27 -> 8801.1 | AB15: =[2]หน้าผ้า!AR27 -> 6990 | AC15: =[2]หน้าผ้า!AS27 -> 1811.1 | AD15: =[2]หน้าผ้า!AT27 -> 1997 | AE15: =[2]หน้าผ้า!AU27 -> 6804.1 | AF15: =[2]หน้าผ้า!AI27 -> ระบุในSD | AG15: =[3]หน้าผ้า!DC30 -> รอแบบ | AH15: =[2]หน้าผ้า!DL27 -> 0 | AI15: =[2]หน้าผ้า!DM27 -> Lead time | AJ15: =[2]หน้าผ้า!DN27 -> 0 | AK15: =[2]หน้าผ้า!DQ27 -> 0 | AL15: =[2]หน้าผ้า!DR27 -> 0 | AM15: =[2]หน้าผ้า!DS27 -> 0 | AN15: =[2]หน้าผ้า!DT27 -> 0 | AO15: =[2]หน้าผ้า!DU27 -> 0 | AP15: =[2]หน้าผ้า!DP27 -> 0 | AQ15: =[2]หน้าผ้า!DW27 -> 0 | AR15: =[2]หน้าผ้า!DX27 -> 0 | AS15: =[2]หน้าผ้า!DY27 -> 0 | AT15: =[2]หน้าผ้า!DZ27 -> 0 | AU15: =[2]หน้าผ้า!EA27 -> 0 | AV15: =[2]หน้าผ้า!EB27 -> 0 | AW15: =[2]หน้าผ้า!EC27 -> 0 | AX15: =[2]หน้าผ้า!ED27 -> 0 | AY15: =[2]หน้าผ้า!AG27 -> 0 | AZ15: =[2]หน้าผ้า!EG27 -> 0 | BA15: =[2]หน้าผ้า!EH27 -> 0 | BB15: =[2]หน้าผ้า!EI27 -> 0 | BC15: =[2]หน้าผ้า!BZ27 -> WRWT180800/WRWT25800 | BD15: =[2]หน้าผ้า!CA27 -> 0
A16: =[2]หน้าผ้า!C28 -> ประมาณการ | B16: =[2]หน้าผ้า!B28 -> ประมาณการ | C16: =[2]หน้าผ้า!E28 -> บจก.เพรซิเดนท์ฟลาวมิลล์ | D16: =[2]หน้าผ้า!F28 -> ผึ้งเหลือง | E16: =[2]หน้าผ้า!G28 -> 19 | F16: =[2]หน้าผ้า!H28 -> 30 | G16: =[2]หน้าผ้า!I28 -> ขาว | H16: =[2]หน้าผ้า!J28 -> 0 | I16: =[2]หน้าผ้า!L28 -> 60 | J16: =[2]หน้าผ้า!M28 -> ± | K16: =[2]หน้าผ้า!N28 -> 5 | L16: =[2]หน้าผ้า!R28 -> บิด | M16: =[2]หน้าผ้า!T28 -> ไม่สวมถุงใน | N16: =[2]หน้าผ้า!U28 -> 0 | O16: =[2]หน้าผ้า!V28 -> 0 | P16: =[2]หน้าผ้า!AB28 -> 0 | Q16: =[2]หน้าผ้า!AC28 -> 0 | R16: =[2]หน้าผ้า!AD28 -> 0 | S16: =[2]หน้าผ้า!Z28 -> 500กระสอบ | U16: =[2]หน้าผ้า!AA28 -> 100000 | V16: =[2]หน้าผ้า!AJ28 -> 0 | W16: =[2]หน้าผ้า!AL28 -> 100000 | X16: =[2]หน้าผ้า!AM28 -> 0 | Y16: =[2]หน้าผ้า!AN28 -> 105000 | Z16: =[2]หน้าผ้า!AO28 -> WSWT1925800 | AA16: =[2]หน้าผ้า!AQ28 -> 88011 | AB16: =[2]หน้าผ้า!AR28 -> 56115 | AC16: =[2]หน้าผ้า!AS28 -> 31896 | AD16: =[2]หน้าผ้า!AT28 -> 0 | AE16: =[2]หน้าผ้า!AU28 -> 0 | AF16: =[2]หน้าผ้า!AI28 -> 0 | AG16: =[3]หน้าผ้า!DC31 -> ยังไม่ได้พิมพ์ | AH16: =[2]หน้าผ้า!DL28 -> P7 | AI16: =[2]หน้าผ้า!DM28 -> 2 | AJ16: =[2]หน้าผ้า!DN28 -> 45894 | AK16: =[2]หน้าผ้า!DQ28 -> 0 | AL16: =[2]หน้าผ้า!DR28 -> 45885 | AM16: =[2]หน้าผ้า!DS28 -> 45892 | AN16: =[2]หน้าผ้า!DT28 -> 45893 | AO16: =[2]หน้าผ้า!DU28 -> 45893 | AP16: =[2]หน้าผ้า!DP28 -> 45889 | AQ16: =[2]หน้าผ้า!DW28 -> 0 | AR16: =[2]หน้าผ้า!DX28 -> 0 | AS16: =[2]หน้าผ้า!DY28 -> 0 | AT16: =[2]หน้าผ้า!DZ28 -> 0 | AU16: =[2]หน้าผ้า!EA28 -> 0 | AV16: =[2]หน้าผ้า!EB28 -> 0 | AW16: =[2]หน้าผ้า!EC28 -> งานพิมพ์ | AX16: =[2]หน้าผ้า!ED28 -> รอART | AY16: =[2]หน้าผ้า!AG28 -> 0 | AZ16: =[2]หน้าผ้า!EG28 -> 0 | BA16: =[2]หน้าผ้า!EH28 -> 0 | BB16: =[2]หน้าผ้า!EI28 -> 0 | BC16: =[2]หน้าผ้า!BZ28 -> WRWT25800/WRWT25800 | BD16: =[2]หน้าผ้า!CA28 -> 2316.3584
A17: =[2]หน้าผ้า!C29 -> ประมาณการ | B17: =[2]หน้าผ้า!B29 -> ประมาณการ | C17: =[2]หน้าผ้า!E29 -> บจก.เพรซิเดนท์ฟลาวมิลล์ | D17: =[2]หน้าผ้า!F29 -> ผึ้งชมพู | E17: =[2]หน้าผ้า!G29 -> 19 | F17: =[2]หน้าผ้า!H29 -> 30 | G17: =[2]หน้าผ้า!I29 -> ขาว | H17: =[2]หน้าผ้า!J29 -> 0 | I17: =[2]หน้าผ้า!L29 -> 60 | J17: =[2]หน้าผ้า!M29 -> ± | K17: =[2]หน้าผ้า!N29 -> 5 | L17: =[2]หน้าผ้า!R29 -> บิด | M17: =[2]หน้าผ้า!T29 -> ไม่สวมถุงใน | N17: =[2]หน้าผ้า!U29 -> 0 | O17: =[2]หน้าผ้า!V29 -> 0 | P17: =[2]หน้าผ้า!AB29 -> 0 | Q17: =[2]หน้าผ้า!AC29 -> 0 | R17: =[2]หน้าผ้า!AD29 -> 0 | S17: =[2]หน้าผ้า!Z29 -> 500กระสอบ | T17: =[2]หน้าผ้า!X29 -> 45894 | U17: =[2]หน้าผ้า!AA29 -> 40000 | V17: =[2]หน้าผ้า!AJ29 -> 0 | W17: =[2]หน้าผ้า!AL29 -> 40000 | X17: =[2]หน้าผ้า!AM29 -> 0 | Y17: =[2]หน้าผ้า!AN29 -> 42000 | Z17: =[2]หน้าผ้า!AO29 -> WSWT1925800 | AA17: =[2]หน้าผ้า!AQ29 -> 35204.4 | AB17: =[2]หน้าผ้า!AR29 -> 0 | AC17: =[2]หน้าผ้า!AS29 -> 35204.4 | AD17: =[2]หน้าผ้า!AT29 -> 0 | AE17: =[2]หน้าผ้า!AU29 -> 0 | AF17: =[2]หน้าผ้า!AI29 -> 0 | AG17: =[3]หน้าผ้า!DC32 -> พร้อมส่ง | AH17: =[2]หน้าผ้า!DL29 -> P7 | AI17: =[2]หน้าผ้า!DM29 -> 2 | AJ17: =[2]หน้าผ้า!DN29 -> 45894 | AK17: =[2]หน้าผ้า!DQ29 -> 0 | AL17: =[2]หน้าผ้า!DR29 -> 45885 | AM17: =[2]หน้าผ้า!DS29 -> 45892 | AN17: =[2]หน้าผ้า!DT29 -> 45893 | AO17: =[2]หน้าผ้า!DU29 -> 45893 | AP17: =[2]หน้าผ้า!DP29 -> 45889 | AQ17: =[2]หน้าผ้า!DW29 -> 0 | AR17: =[2]หน้าผ้า!DX29 -> 0 | AS17: =[2]หน้าผ้า!DY29 -> 0 | AT17: =[2]หน้าผ้า!DZ29 -> 0 | AU17: =[2]หน้าผ้า!EA29 -> 0 | AV17: =[2]หน้าผ้า!EB29 -> 0 | AW17: =[2]หน้าผ้า!EC29 -> งานพิมพ์ | AX17: =[2]หน้าผ้า!ED29 -> รอART | AY17: =[2]หน้าผ้า!AG29 -> 0 | AZ17: =[2]หน้าผ้า!EG29 -> 0 | BA17: =[2]หน้าผ้า!EH29 -> 0 | BB17: =[2]หน้าผ้า!EI29 -> 0 | BC17: =[2]หน้าผ้า!BZ29 -> WRWT25800/WRWT25800 | BD17: =[2]หน้าผ้า!CA29 -> 2556.6218
A18: =[2]หน้าผ้า!C30 -> ประมาณการ | B18: =[2]หน้าผ้า!B30 -> ประมาณการ | C18: =[2]หน้าผ้า!E30 -> บจก.เอ็กเซลเล้นท์ | D18: =[2]หน้าผ้า!F30 -> รอแบบ | E18: =[2]หน้าผ้า!G30 -> 19 | F18: =[2]หน้าผ้า!H30 -> 30 | G18: =[2]หน้าผ้า!I30 -> ขาว | H18: =[2]หน้าผ้า!J30 -> 0 | I18: =[2]หน้าผ้า!L30 -> 60 | J18: =[2]หน้าผ้า!M30 -> ± | K18: =[2]หน้าผ้า!N30 -> 5 | L18: =[2]หน้าผ้า!R30 -> บิด | M18: =[2]หน้าผ้า!T30 -> ไม่สวมถุงใน | N18: =[2]หน้าผ้า!U30 -> 0 | O18: =[2]หน้าผ้า!V30 -> 0 | P18: =[2]หน้าผ้า!AB30 -> 0 | Q18: =[2]หน้าผ้า!AC30 -> 0 | R18: =[2]หน้าผ้า!AD30 -> 0 | S18: =[2]หน้าผ้า!Z30 -> 500กระสอบ | T18: =[2]หน้าผ้า!X30 -> 45894 | U18: =[2]หน้าผ้า!AA30 -> 40000 | V18: =[2]หน้าผ้า!AJ30 -> 0 | W18: =[2]หน้าผ้า!AL30 -> 40000 | X18: =[2]หน้าผ้า!AM30 -> 0 | Y18: =[2]หน้าผ้า!AN30 -> 42000 | Z18: =[2]หน้าผ้า!AO30 -> WSWT1925800 | AA18: =[2]หน้าผ้า!AQ30 -> 35204.4 | AB18: =[2]หน้าผ้า!AR30 -> 0 | AC18: =[2]หน้าผ้า!AS30 -> 35204.4 | AD18: =[2]หน้าผ้า!AT30 -> 0 | AE18: =[2]หน้าผ้า!AU30 -> 0 | AF18: =[2]หน้าผ้า!AI30 -> 0 | AG18: =[3]หน้าผ้า!DC33 -> พร้อมส่ง | AH18: =[2]หน้าผ้า!DL30 -> P7 | AI18: =[2]หน้าผ้า!DM30 -> 2 | AJ18: =[2]หน้าผ้า!DN30 -> 45894 | AK18: =[2]หน้าผ้า!DQ30 -> 0 | AL18: =[2]หน้าผ้า!DR30 -> 45885 | AM18: =[2]หน้าผ้า!DS30 -> 45892 | AN18: =[2]หน้าผ้า!DT30 -> 45893 | AO18: =[2]หน้าผ้า!DU30 -> 45893 | AP18: =[2]หน้าผ้า!DP30 -> 45889 | AQ18: =[2]หน้าผ้า!DW30 -> 0 | AR18: =[2]หน้าผ้า!DX30 -> 0 | AS18: =[2]หน้าผ้า!DY30 -> 0 | AT18: =[2]หน้าผ้า!DZ30 -> 0 | AU18: =[2]หน้าผ้า!EA30 -> 0 | AV18: =[2]หน้าผ้า!EB30 -> 0 | AW18: =[2]หน้าผ้า!EC30 -> งานพิมพ์ | AX18: =[2]หน้าผ้า!ED30 -> / | AY18: =[2]หน้าผ้า!AG30 -> 0 | AZ18: =[2]หน้าผ้า!EG30 -> 0 | BA18: =[2]หน้าผ้า!EH30 -> 0 | BB18: =[2]หน้าผ้า!EI30 -> 0 | BC18: =[2]หน้าผ้า!BZ30 -> WRWT25800/WRWT25800 | BD18: =[2]หน้าผ้า!CA30 -> 2556.6218
A19: =[2]หน้าผ้า!C31 -> ประมาณการ | B19: =[2]หน้าผ้า!B31 -> ประมาณการ | C19: =[2]หน้าผ้า!E31 -> บจก.ไลม์มาสเตอร์ | D19: =[2]หน้าผ้า!F31 -> LMC 25 kg | E19: =[2]หน้าผ้า!G31 -> 19 | F19: =[2]หน้าผ้า!H31 -> 32 | G19: =[2]หน้าผ้า!I31 -> ขาว | H19: =[2]หน้าผ้า!J31 -> 0 | I19: =[2]หน้าผ้า!L31 -> 64 | J19: =[2]หน้าผ้า!M31 -> ± | K19: =[2]หน้าผ้า!N31 -> 5 | L19: =[2]หน้าผ้า!R31 -> ไม่ | M19: =[2]หน้าผ้า!T31 -> 20 | N19: =[2]หน้าผ้า!U31 -> 35 | O19: =[2]หน้าผ้า!V31 -> 40 | P19: =[2]หน้าผ้า!AB31 -> 341.36903 | Q19: =[2]หน้าผ้า!AC31 -> 0 | R19: =[2]หน้าผ้า!AD31 -> 341.36903 | S19: =[2]หน้าผ้า!Z31 -> 500กระสอบแบน | T19: =[2]หน้าผ้า!X31 -> 45894 | U19: =[2]หน้าผ้า!AA31 -> 20000 | V19: =[2]หน้าผ้า!AJ31 -> 233 | W19: =[2]หน้าผ้า!AL31 -> 19767 | X19: =[2]หน้าผ้า!AM31 -> 0 | Y19: =[2]หน้าผ้า!AN31 -> 20755.35 | Z19: =[2]หน้าผ้า!AO31 -> WSWT1925800 | AA19: =[2]หน้าผ้า!AQ31 -> 18501.714 | AB19: =[2]หน้าผ้า!AR31 -> 18501.714 | AC19: =[2]หน้าผ้า!AS31 -> 0 | AD19: =[2]หน้าผ้า!AT31 -> 0 | AE19: =[2]หน้าผ้า!AU31 -> 0 | AF19: =[2]หน้าผ้า!AI31 -> 0 | AG19: =[3]หน้าผ้า!DC34 -> พร้อมส่ง | AH19: =[2]หน้าผ้า!DL31 -> P9 | AI19: =[2]หน้าผ้า!DM31 -> 3 | AJ19: =[2]หน้าผ้า!DN31 -> 45894 | AK19: =[2]หน้าผ้า!DQ31 -> 0 | AL19: =[2]หน้าผ้า!DR31 -> 45884 | AM19: =[2]หน้าผ้า!DS31 -> 45891 | AN19: =[2]หน้าผ้า!DT31 -> 45892 | AO19: =[2]หน้าผ้า!DU31 -> 45892 | AP19: =[2]หน้าผ้า!DP31 -> 45889 | AQ19: =[2]หน้าผ้า!DW31 -> 45893 | AR19: =[2]หน้าผ้า!DX31 -> 0 | AS19: =[2]หน้าผ้า!DY31 -> 0 | AT19: =[2]หน้าผ้า!DZ31 -> 0 | AU19: =[2]หน้าผ้า!EA31 -> 0 | AV19: =[2]หน้าผ้า!EB31 -> 0 | AW19: =[2]หน้าผ้า!EC31 -> งานพิมพ์ | AX19: =[2]หน้าผ้า!ED31 -> รอART | AY19: =[2]หน้าผ้า!AG31 -> 0 | AZ19: =[2]หน้าผ้า!EG31 -> 0 | BA19: =[2]หน้าผ้า!EH31 -> 0 | BB19: =[2]หน้าผ้า!EI31 -> 0 | BC19: =[2]หน้าผ้า!BZ31 -> WRWT25800/WRWT25800 | BD19: =[2]หน้าผ้า!CA31 -> 0
A20: =[2]หน้าผ้า!C32 -> 0 | B20: =[2]หน้าผ้า!B32 -> 0 | C20: =[2]หน้าผ้า!E32 -> 0 | D20: =[2]หน้าผ้า!F32 -> 0 | E20: =[2]หน้าผ้า!G32 -> 19 | F20: =[2]หน้าผ้า!H32 -> 30 | G20: =[2]หน้าผ้า!I32 -> ขาว | H20: =[2]หน้าผ้า!J32 -> 0 | I20: =[2]หน้าผ้า!L32 -> 60 | J20: =[2]หน้าผ้า!M32 -> ± | K20: =[2]หน้าผ้า!N32 -> 5 | L20: =[2]หน้าผ้า!R32 -> 0 | M20: =[2]หน้าผ้า!T32 -> 0 | N20: =[2]หน้าผ้า!U32 -> 0 | O20: =[2]หน้าผ้า!V32 -> 0 | P20: =[2]หน้าผ้า!AB32 -> 0 | Q20: =[2]หน้าผ้า!AC32 -> 0 | R20: =[2]หน้าผ้า!AD32 -> 0 | S20: =[2]หน้าผ้า!Z32 -> 0 | T20: =[2]หน้าผ้า!X32 -> 0 | U20: =[2]หน้าผ้า!AA32 -> 0 | V20: =[2]หน้าผ้า!AJ32 -> 0 | W20: =[2]หน้าผ้า!AL32 -> 0 | X20: =[2]หน้าผ้า!AM32 -> 0 | Y20: =[2]หน้าผ้า!AN32 -> 0 | Z20: =[2]หน้าผ้า!AO32 -> WSWT1925800 | AA20: =[2]หน้าผ้า!AQ32 -> 176921.51 | AB20: =[2]หน้าผ้า!AR32 -> 74616.714 | AC20: =[2]หน้าผ้า!AS32 -> 102304.8 | AD20: =[2]หน้าผ้า!AT32 -> 0 | AE20: =[2]หน้าผ้า!AU32 -> 0 | AF20: =[2]หน้าผ้า!AI32 -> ระบุในSD | AG20: =[3]หน้าผ้า!DC35 -> พร้อมส่ง | AH20: =[2]หน้าผ้า!DL32 -> 0 | AI20: =[2]หน้าผ้า!DM32 -> Lead time | AJ20: =[2]หน้าผ้า!DN32 -> 0 | AK20: =[2]หน้าผ้า!DQ32 -> 0 | AL20: =[2]หน้าผ้า!DR32 -> 0 | AM20: =[2]หน้าผ้า!DS32 -> 0 | AN20: =[2]หน้าผ้า!DT32 -> 0 | AO20: =[2]หน้าผ้า!DU32 -> 0 | AP20: =[2]หน้าผ้า!DP32 -> 0 | AQ20: =[2]หน้าผ้า!DW32 -> 0 | AR20: =[2]หน้าผ้า!DX32 -> 0 | AS20: =[2]หน้าผ้า!DY32 -> 0 | AT20: =[2]หน้าผ้า!DZ32 -> 0 | AU20: =[2]หน้าผ้า!EA32 -> 0 | AV20: =[2]หน้าผ้า!EB32 -> 0 | AW20: =[2]หน้าผ้า!EC32 -> 0 | AX20: =[2]หน้าผ้า!ED32 -> 0 | AY20: =[2]หน้าผ้า!AG32 -> 0 | AZ20: =[2]หน้าผ้า!EG32 -> 0 | BA20: =[2]หน้าผ้า!EH32 -> 0 | BB20: =[2]หน้าผ้า!EI32 -> 0 | BC20: =[2]หน้าผ้า!BZ32 -> WRWT25800/WRWT25800 | BD20: =[2]หน้าผ้า!CA32 -> 0
A21: =[2]หน้าผ้า!C33 -> 45854 | B21: =[2]หน้าผ้า!B33 -> MK68-000890 | C21: =[2]หน้าผ้า!E33 -> บจก.เคอรี่ฟลาวมิลล์ | D21: =[2]หน้าผ้า!F33 -> HARD FLOUR | E21: =[2]หน้าผ้า!G33 -> 19 | F21: =[2]หน้าผ้า!H33 -> 32 | G21: =[2]หน้าผ้า!I33 -> ขาว | H21: =[2]หน้าผ้า!J33 -> 0 | I21: =[2]หน้าผ้า!L33 -> 67 | J21: =[2]หน้าผ้า!M33 -> + | K21: =[2]หน้าผ้า!N33 -> 5 | L21: =[2]หน้าผ้า!R33 -> บิด | M21: =[2]หน้าผ้า!T33 -> ไม่สวมถุงใน | N21: =[2]หน้าผ้า!U33 -> 0 | O21: =[2]หน้าผ้า!V33 -> 0 | P21: =[2]หน้าผ้า!AB33 -> 0 | Q21: =[2]หน้าผ้า!AC33 -> 0 | R21: =[2]หน้าผ้า!AD33 -> 0 | S21: =[2]หน้าผ้า!Z33 -> ห่ออัดเบลแบน500 | U21: =[2]หน้าผ้า!AA33 -> 5000 | V21: =[2]หน้าผ้า!AJ33 -> 5220 | W21: =[2]หน้าผ้า!AL33 -> 0 | X21: =[2]หน้าผ้า!AM33 -> 5400 | Y21: =[2]หน้าผ้า!AN33 -> 0 | Z21: =[2]หน้าผ้า!AO33 -> WSWT1921720 | AA21: =[2]หน้าผ้า!AQ33 -> 0 | AB21: =[2]หน้าผ้า!AR33 -> 0 | AC21: =[2]หน้าผ้า!AS33 -> 0 | AD21: =[2]หน้าผ้า!AT33 -> 0 | AE21: =[2]หน้าผ้า!AU33 -> 0 | AF21: =[2]หน้าผ้า!AI33 -> PDR250226 | AG21: =[3]หน้าผ้า!DC36 -> พร้อมส่ง | AH21: =[2]หน้าผ้า!DL33 -> P7 | AI21: =[2]หน้าผ้า!DM33 -> 2 | AJ21: =[2]หน้าผ้า!DN33 -> 45869 | AK21: =[2]หน้าผ้า!DQ33 -> 0 | AL21: =[2]หน้าผ้า!DR33 -> 45860 | AM21: =[2]หน้าผ้า!DS33 -> 45867 | AN21: =[2]หน้าผ้า!DT33 -> 45868 | AO21: =[2]หน้าผ้า!DU33 -> 45868 | AP21: =[2]หน้าผ้า!DP33 -> 45864 | AQ21: =[2]หน้าผ้า!DW33 -> 0 | AR21: =[2]หน้าผ้า!DX33 -> 0 | AS21: =[2]หน้าผ้า!DY33 -> 0 | AT21: =[2]หน้าผ้า!DZ33 -> 0 | AU21: =[2]หน้าผ้า!EA33 -> 0 | AV21: =[2]หน้าผ้า!EB33 -> 0 | AW21: =[2]หน้าผ้า!EC33 -> งานพิมพ์ | AX21: =[2]หน้าผ้า!ED33 -> / | AY21: =[2]หน้าผ้า!AG33 -> 0 | AZ21: =[2]หน้าผ้า!EG33 -> 0 | BA21: =[2]หน้าผ้า!EH33 -> 0 | BB21: =[2]หน้าผ้า!EI33 -> 0 | BC21: =[2]หน้าผ้า!BZ33 -> WRWT21720/WRWT25800 | BD21: =[2]หน้าผ้า!CA33 -> 0
A22: =[2]หน้าผ้า!C34 -> 45854 | B22: =[2]หน้าผ้า!B34 -> MK68-000890 | C22: =[2]หน้าผ้า!E34 -> บจก.เคอรี่ฟลาวมิลล์ | D22: =[2]หน้าผ้า!F34 -> ดอกไม้เขียว | E22: =[2]หน้าผ้า!G34 -> 19 | F22: =[2]หน้าผ้า!H34 -> 32 | G22: =[2]หน้าผ้า!I34 -> ขาว | H22: =[2]หน้าผ้า!J34 -> 0 | I22: =[2]หน้าผ้า!L34 -> 67 | J22: =[2]หน้าผ้า!M34 -> + | K22: =[2]หน้าผ้า!N34 -> 5 | L22: =[2]หน้าผ้า!R34 -> บิด | M22: =[2]หน้าผ้า!T34 -> ไม่สวมถุงใน | N22: =[2]หน้าผ้า!U34 -> 0 | O22: =[2]หน้าผ้า!V34 -> 0 | P22: =[2]หน้าผ้า!AB34 -> 0 | Q22: =[2]หน้าผ้า!AC34 -> 0 | R22: =[2]หน้าผ้า!AD34 -> 0 | S22: =[2]หน้าผ้า!Z34 -> ห่ออัดเบลแบน500 | T22: =[2]หน้าผ้า!X34 -> 45869 | U22: =[2]หน้าผ้า!AA34 -> 5000 | V22: =[2]หน้าผ้า!AJ34 -> 5000 | W22: =[2]หน้าผ้า!AL34 -> 0 | X22: =[2]หน้าผ้า!AM34 -> 5198 | Y22: =[2]หน้าผ้า!AN34 -> 0 | Z22: =[2]หน้าผ้า!AO34 -> WSWT1921720 | AA22: =[2]หน้าผ้า!AQ34 -> 0 | AB22: =[2]หน้าผ้า!AR34 -> 0 | AC22: =[2]หน้าผ้า!AS34 -> 0 | AD22: =[2]หน้าผ้า!AT34 -> 0 | AE22: =[2]หน้าผ้า!AU34 -> 0 | AF22: =[2]หน้าผ้า!AI34 -> PDR250226 | AG22: =[3]หน้าผ้า!DC37 -> พร้อมส่ง | AH22: =[2]หน้าผ้า!DL34 -> P7 | AI22: =[2]หน้าผ้า!DM34 -> 2 | AJ22: =[2]หน้าผ้า!DN34 -> 45869 | AK22: =[2]หน้าผ้า!DQ34 -> 0 | AL22: =[2]หน้าผ้า!DR34 -> 45860 | AM22: =[2]หน้าผ้า!DS34 -> 45867 | AN22: =[2]หน้าผ้า!DT34 -> 45868 | AO22: =[2]หน้าผ้า!DU34 -> 45868 | AP22: =[2]หน้าผ้า!DP34 -> 45864 | AQ22: =[2]หน้าผ้า!DW34 -> 0 | AR22: =[2]หน้าผ้า!DX34 -> 0 | AS22: =[2]หน้าผ้า!DY34 -> 0 | AT22: =[2]หน้าผ้า!DZ34 -> 0 | AU22: =[2]หน้าผ้า!EA34 -> 0 | AV22: =[2]หน้าผ้า!EB34 -> 0 | AW22: =[2]หน้าผ้า!EC34 -> งานพิมพ์ | AX22: =[2]หน้าผ้า!ED34 -> / | AY22: =[2]หน้าผ้า!AG34 -> 0 | AZ22: =[2]หน้าผ้า!EG34 -> 0 | BA22: =[2]หน้าผ้า!EH34 -> 0 | BB22: =[2]หน้าผ้า!EI34 -> 0 | BC22: =[2]หน้าผ้า!BZ34 -> WRWT21720/WRWT25800 | BD22: =[2]หน้าผ้า!CA34 -> 0
A23: =[2]หน้าผ้า!C35 -> 45854 | B23: =[2]หน้าผ้า!B35 -> MK68-000890 | C23: =[2]หน้าผ้า!E35 -> บจก.เคอรี่ฟลาวมิลล์ | D23: =[2]หน้าผ้า!F35 -> 997 | E23: =[2]หน้าผ้า!G35 -> 19 | F23: =[2]หน้าผ้า!H35 -> 32 | G23: =[2]หน้าผ้า!I35 -> ขาว | H23: =[2]หน้าผ้า!J35 -> 0 | I23: =[2]หน้าผ้า!L35 -> 67 | J23: =[2]หน้าผ้า!M35 -> + | K23: =[2]หน้าผ้า!N35 -> 5 | L23: =[2]หน้าผ้า!R35 -> ไม่ | M23: =[2]หน้าผ้า!T35 -> ไม่สวมถุงใน | N23: =[2]หน้าผ้า!U35 -> 0 | O23: =[2]หน้าผ้า!V35 -> 0 | P23: =[2]หน้าผ้า!AB35 -> 0 | Q23: =[2]หน้าผ้า!AC35 -> 0 | R23: =[2]หน้าผ้า!AD35 -> 0 | S23: =[2]หน้าผ้า!Z35 -> ห่ออัดเบลแบน500 | T23: =[2]หน้าผ้า!X35 -> 45869 | U23: =[2]หน้าผ้า!AA35 -> 5000 | V23: =[2]หน้าผ้า!AJ35 -> 5124 | W23: =[2]หน้าผ้า!AL35 -> 0 | X23: =[2]หน้าผ้า!AM35 -> 5300 | Y23: =[2]หน้าผ้า!AN35 -> 0 | Z23: =[2]หน้าผ้า!AO35 -> WSWT1921720 | AA23: =[2]หน้าผ้า!AQ35 -> 0 | AB23: =[2]หน้าผ้า!AR35 -> 0 | AC23: =[2]หน้าผ้า!AS35 -> 0 | AD23: =[2]หน้าผ้า!AT35 -> 0 | AE23: =[2]หน้าผ้า!AU35 -> 0 | AF23: =[2]หน้าผ้า!AI35 -> PDR250226 | AG23: =[3]หน้าผ้า!DC38 -> พร้อมส่ง | AH23: =[2]หน้าผ้า!DL35 -> P7 | AI23: =[2]หน้าผ้า!DM35 -> 2 | AJ23: =[2]หน้าผ้า!DN35 -> 45869 | AK23: =[2]หน้าผ้า!DQ35 -> 0 | AL23: =[2]หน้าผ้า!DR35 -> 45860 | AM23: =[2]หน้าผ้า!DS35 -> 45867 | AN23: =[2]หน้าผ้า!DT35 -> 45868 | AO23: =[2]หน้าผ้า!DU35 -> 45868 | AP23: =[2]หน้าผ้า!DP35 -> 45864 | AQ23: =[2]หน้าผ้า!DW35 -> 0 | AR23: =[2]หน้าผ้า!DX35 -> 0 | AS23: =[2]หน้าผ้า!DY35 -> 0 | AT23: =[2]หน้าผ้า!DZ35 -> 0 | AU23: =[2]หน้าผ้า!EA35 -> 0 | AV23: =[2]หน้าผ้า!EB35 -> 0 | AW23: =[2]หน้าผ้า!EC35 -> งานพิมพ์ | AX23: =[2]หน้าผ้า!ED35 -> / | AY23: =[2]หน้าผ้า!AG35 -> 0 | AZ23: =[2]หน้าผ้า!EG35 -> 0 | BA23: =[2]หน้าผ้า!EH35 -> 0 | BB23: =[2]หน้าผ้า!EI35 -> 0 | BC23: =[2]หน้าผ้า!BZ35 -> WRWT21720/WRWT25800 | BD23: =[2]หน้าผ้า!CA35 -> 0
A24: =[2]หน้าผ้า!C36 -> 45854 | B24: =[2]หน้าผ้า!B36 -> MK68-000891 | C24: =[2]หน้าผ้า!E36 -> บจก.เคอรี่ฟลาวมิลล์ | D24: =[2]หน้าผ้า!F36 -> ถุงเขียว | E24: =[2]หน้าผ้า!G36 -> 19 | F24: =[2]หน้าผ้า!H36 -> 32 | G24: =[2]หน้าผ้า!I36 -> ขาว | H24: =[2]หน้าผ้า!J36 -> 0 | I24: =[2]หน้าผ้า!L36 -> 67 | J24: =[2]หน้าผ้า!M36 -> + | K24: =[2]หน้าผ้า!N36 -> 5 | L24: =[2]หน้าผ้า!R36 -> บิด | M24: =[2]หน้าผ้า!T36 -> ไม่สวมถุงใน | N24: =[2]หน้าผ้า!U36 -> 0 | O24: =[2]หน้าผ้า!V36 -> 0 | P24: =[2]หน้าผ้า!AB36 -> 0 | Q24: =[2]หน้าผ้า!AC36 -> 0 | R24: =[2]หน้าผ้า!AD36 -> 0 | S24: =[2]หน้าผ้า!Z36 -> ห่ออัดเบลแบน500 | T24: =[2]หน้าผ้า!X36 -> 45869 | U24: =[2]หน้าผ้า!AA36 -> 10000 | V24: =[2]หน้าผ้า!AJ36 -> 10000 | W24: =[2]หน้าผ้า!AL36 -> 0 | X24: =[2]หน้าผ้า!AM36 -> 10300 | Y24: =[2]หน้าผ้า!AN36 -> 0 | Z24: =[2]หน้าผ้า!AO36 -> WSWT1921720 | AA24: =[2]หน้าผ้า!AQ36 -> 0 | AB24: =[2]หน้าผ้า!AR36 -> 0 | AC24: =[2]หน้าผ้า!AS36 -> 0 | AD24: =[2]หน้าผ้า!AT36 -> 0 | AE24: =[2]หน้าผ้า!AU36 -> 0 | AF24: =[2]หน้าผ้า!AI36 -> PDR250227 | AG24: =[3]หน้าผ้า!DC39 -> พร้อมส่ง | AH24: =[2]หน้าผ้า!DL36 -> P7 | AI24: =[2]หน้าผ้า!DM36 -> 2 | AJ24: =[2]หน้าผ้า!DN36 -> 45869 | AK24: =[2]หน้าผ้า!DQ36 -> 0 | AL24: =[2]หน้าผ้า!DR36 -> 45860 | AM24: =[2]หน้าผ้า!DS36 -> 45867 | AN24: =[2]หน้าผ้า!DT36 -> 45868 | AO24: =[2]หน้าผ้า!DU36 -> 45868 | AP24: =[2]หน้าผ้า!DP36 -> 45864 | AQ24: =[2]หน้าผ้า!DW36 -> 0 | AR24: =[2]หน้าผ้า!DX36 -> 0 | AS24: =[2]หน้าผ้า!DY36 -> 0 | AT24: =[2]หน้าผ้า!DZ36 -> 0 | AU24: =[2]หน้าผ้า!EA36 -> 0 | AV24: =[2]หน้าผ้า!EB36 -> 0 | AW24: =[2]หน้าผ้า!EC36 -> งานพิมพ์ | AX24: =[2]หน้าผ้า!ED36 -> / | AY24: =[2]หน้าผ้า!AG36 -> 0 | AZ24: =[2]หน้าผ้า!EG36 -> 0 | BA24: =[2]หน้าผ้า!EH36 -> 0 | BB24: =[2]หน้าผ้า!EI36 -> 0 | BC24: =[2]หน้าผ้า!BZ36 -> WRWT21720/WRWT25800 | BD24: =[2]หน้าผ้า!CA36 -> 0
A25: =[2]หน้าผ้า!C37 -> 45854 | B25: =[2]หน้าผ้า!B37 -> MK68-000890 | C25: =[2]หน้าผ้า!E37 -> บจก.เคอรี่ฟลาวมิลล์ | D25: =[2]หน้าผ้า!F37 -> ปลาโลมาเทา | E25: =[2]หน้าผ้า!G37 -> 19 | F25: =[2]หน้าผ้า!H37 -> 32 | G25: =[2]หน้าผ้า!I37 -> ขาว | H25: =[2]หน้าผ้า!J37 -> 0 | I25: =[2]หน้าผ้า!L37 -> 67 | J25: =[2]หน้าผ้า!M37 -> + | K25: =[2]หน้าผ้า!N37 -> 5 | L25: =[2]หน้าผ้า!R37 -> บิด | M25: =[2]หน้าผ้า!T37 -> ไม่สวมถุงใน | N25: =[2]หน้าผ้า!U37 -> 0 | O25: =[2]หน้าผ้า!V37 -> 0 | P25: =[2]หน้าผ้า!AB37 -> 0 | Q25: =[2]หน้าผ้า!AC37 -> 0 | R25: =[2]หน้าผ้า!AD37 -> 0 | S25: =[2]หน้าผ้า!Z37 -> ห่ออัดเบลแบน500 | T25: =[2]หน้าผ้า!X37 -> 45871 | U25: =[2]หน้าผ้า!AA37 -> 5000 | V25: =[2]หน้าผ้า!AJ37 -> 5000 | W25: =[2]หน้าผ้า!AL37 -> 0 | X25: =[2]หน้าผ้า!AM37 -> 5200 | Y25: =[2]หน้าผ้า!AN37 -> 0 | Z25: =[2]หน้าผ้า!AO37 -> WSWT1921720 | AA25: =[2]หน้าผ้า!AQ37 -> 0 | AB25: =[2]หน้าผ้า!AR37 -> 0 | AC25: =[2]หน้าผ้า!AS37 -> 0 | AD25: =[2]หน้าผ้า!AT37 -> 0 | AE25: =[2]หน้าผ้า!AU37 -> 0 | AF25: =[2]หน้าผ้า!AI37 -> PDR250228 | AG25: =[3]หน้าผ้า!DC40 -> พร้อมส่ง | AH25: =[2]หน้าผ้า!DL37 -> P7 | AI25: =[2]หน้าผ้า!DM37 -> 2 | AJ25: =[2]หน้าผ้า!DN37 -> 45871 | AK25: =[2]หน้าผ้า!DQ37 -> 0 | AL25: =[2]หน้าผ้า!DR37 -> 45862 | AM25: =[2]หน้าผ้า!DS37 -> 45869 | AN25: =[2]หน้าผ้า!DT37 -> 45870 | AO25: =[2]หน้าผ้า!DU37 -> 45870 | AP25: =[2]หน้าผ้า!DP37 -> 45866 | AQ25: =[2]หน้าผ้า!DW37 -> 0 | AR25: =[2]หน้าผ้า!DX37 -> 0 | AS25: =[2]หน้าผ้า!DY37 -> 0 | AT25: =[2]หน้าผ้า!DZ37 -> 0 | AU25: =[2]หน้าผ้า!EA37 -> 0 | AV25: =[2]หน้าผ้า!EB37 -> 0 | AW25: =[2]หน้าผ้า!EC37 -> งานพิมพ์ | AX25: =[2]หน้าผ้า!ED37 -> / | AY25: =[2]หน้าผ้า!AG37 -> 0 | AZ25: =[2]หน้าผ้า!EG37 -> 0 | BA25: =[2]หน้าผ้า!EH37 -> 0 | BB25: =[2]หน้าผ้า!EI37 -> 0 | BC25: =[2]หน้าผ้า!BZ37 -> WRWT21720/WRWT25800 | BD25: =[2]หน้าผ้า!CA37 -> 0
A26: =[2]หน้าผ้า!C38 -> 45854 | B26: =[2]หน้าผ้า!B38 -> MK68-000890 | C26: =[2]หน้าผ้า!E38 -> บจก.เคอรี่ฟลาวมิลล์ | D26: =[2]หน้าผ้า!F38 -> ถุงเขียว | E26: =[2]หน้าผ้า!G38 -> 19 | F26: =[2]หน้าผ้า!H38 -> 32 | G26: =[2]หน้าผ้า!I38 -> ขาว | H26: =[2]หน้าผ้า!J38 -> 0 | I26: =[2]หน้าผ้า!L38 -> 67 | J26: =[2]หน้าผ้า!M38 -> + | K26: =[2]หน้าผ้า!N38 -> 5 | L26: =[2]หน้าผ้า!R38 -> บิด | M26: =[2]หน้าผ้า!T38 -> ไม่สวมถุงใน | N26: =[2]หน้าผ้า!U38 -> 0 | O26: =[2]หน้าผ้า!V38 -> 0 | P26: =[2]หน้าผ้า!AB38 -> 0 | Q26: =[2]หน้าผ้า!AC38 -> 0 | R26: =[2]หน้าผ้า!AD38 -> 0 | S26: =[2]หน้าผ้า!Z38 -> ห่ออัดเบลแบน500 | T26: =[2]หน้าผ้า!X38 -> 45871 | U26: =[2]หน้าผ้า!AA38 -> 10000 | V26: =[2]หน้าผ้า!AJ38 -> 10000 | W26: =[2]หน้าผ้า!AL38 -> 0 | X26: =[2]หน้าผ้า!AM38 -> 11110 | Y26: =[2]หน้าผ้า!AN38 -> 0 | Z26: =[2]หน้าผ้า!AO38 -> WSWT1921720 | AA26: =[2]หน้าผ้า!AQ38 -> 0 | AB26: =[2]หน้าผ้า!AR38 -> 0 | AC26: =[2]หน้าผ้า!AS38 -> 0 | AD26: =[2]หน้าผ้า!AT38 -> 0 | AE26: =[2]หน้าผ้า!AU38 -> 0 | AF26: =[2]หน้าผ้า!AI38 -> PDR250228 | AG26: =[3]หน้าผ้า!DC41 -> พร้อมส่ง | AH26: =[2]หน้าผ้า!DL38 -> P7 | AI26: =[2]หน้าผ้า!DM38 -> 2 | AJ26: =[2]หน้าผ้า!DN38 -> 45871 | AK26: =[2]หน้าผ้า!DQ38 -> 0 | AL26: =[2]หน้าผ้า!DR38 -> 45862 | AM26: =[2]หน้าผ้า!DS38 -> 45869 | AN26: =[2]หน้าผ้า!DT38 -> 45870 | AO26: =[2]หน้าผ้า!DU38 -> 45870 | AP26: =[2]หน้าผ้า!DP38 -> 45866 | AQ26: =[2]หน้าผ้า!DW38 -> 0 | AR26: =[2]หน้าผ้า!DX38 -> 0 | AS26: =[2]หน้าผ้า!DY38 -> 0 | AT26: =[2]หน้าผ้า!DZ38 -> 0 | AU26: =[2]หน้าผ้า!EA38 -> 0 | AV26: =[2]หน้าผ้า!EB38 -> 0 | AW26: =[2]หน้าผ้า!EC38 -> งานพิมพ์ | AX26: =[2]หน้าผ้า!ED38 -> / | AY26: =[2]หน้าผ้า!AG38 -> 0 | AZ26: =[2]หน้าผ้า!EG38 -> 0 | BA26: =[2]หน้าผ้า!EH38 -> 0 | BB26: =[2]หน้าผ้า!EI38 -> 0 | BC26: =[2]หน้าผ้า!BZ38 -> WRWT21720/WRWT25800 | BD26: =[2]หน้าผ้า!CA38 -> 0
A27: =[2]หน้าผ้า!C39 -> 45854 | B27: =[2]หน้าผ้า!B39 -> MK68-000890 | C27: =[2]หน้าผ้า!E39 -> บจก.เคอรี่ฟลาวมิลล์ | D27: =[2]หน้าผ้า!F39 -> ถุงทองแซนวิช | E27: =[2]หน้าผ้า!G39 -> 19 | F27: =[2]หน้าผ้า!H39 -> 32 | G27: =[2]หน้าผ้า!I39 -> ขาว | H27: =[2]หน้าผ้า!J39 -> 0 | I27: =[2]หน้าผ้า!L39 -> 67 | J27: =[2]หน้าผ้า!M39 -> + | K27: =[2]หน้าผ้า!N39 -> 5 | L27: =[2]หน้าผ้า!R39 -> บิด | M27: =[2]หน้าผ้า!T39 -> ไม่สวมถุงใน | N27: =[2]หน้าผ้า!U39 -> 0 | O27: =[2]หน้าผ้า!V39 -> 0 | P27: =[2]หน้าผ้า!AB39 -> 0 | Q27: =[2]หน้าผ้า!AC39 -> 0 | R27: =[2]หน้าผ้า!AD39 -> 0 | S27: =[2]หน้าผ้า!Z39 -> ห่ออัดเบลแบน500 | T27: =[2]หน้าผ้า!X39 -> 45871 | U27: =[2]หน้าผ้า!AA39 -> 5000 | V27: =[2]หน้าผ้า!AJ39 -> 5000 | W27: =[2]หน้าผ้า!AL39 -> 0 | X27: =[2]หน้าผ้า!AM39 -> 5500 | Y27: =[2]หน้าผ้า!AN39 -> 0 | Z27: =[2]หน้าผ้า!AO39 -> WSWT1921720 | AA27: =[2]หน้าผ้า!AQ39 -> 0 | AB27: =[2]หน้าผ้า!AR39 -> 0 | AC27: =[2]หน้าผ้า!AS39 -> 0 | AD27: =[2]หน้าผ้า!AT39 -> 0 | AE27: =[2]หน้าผ้า!AU39 -> 0 | AF27: =[2]หน้าผ้า!AI39 -> PDR250228 | AG27: =[3]หน้าผ้า!DC42 -> รอตัด | AH27: =[2]หน้าผ้า!DL39 -> P7 | AI27: =[2]หน้าผ้า!DM39 -> 2 | AJ27: =[2]หน้าผ้า!DN39 -> 45871 | AK27: =[2]หน้าผ้า!DQ39 -> 0 | AL27: =[2]หน้าผ้า!DR39 -> 45862 | AM27: =[2]หน้าผ้า!DS39 -> 45869 | AN27: =[2]หน้าผ้า!DT39 -> 45870 | AO27: =[2]หน้าผ้า!DU39 -> 45870 | AP27: =[2]หน้าผ้า!DP39 -> 45866 | AQ27: =[2]หน้าผ้า!DW39 -> 0 | AR27: =[2]หน้าผ้า!DX39 -> 0 | AS27: =[2]หน้าผ้า!DY39 -> 0 | AT27: =[2]หน้าผ้า!DZ39 -> 0 | AU27: =[2]หน้าผ้า!EA39 -> 0 | AV27: =[2]หน้าผ้า!EB39 -> 0 | AW27: =[2]หน้าผ้า!EC39 -> งานพิมพ์ | AX27: =[2]หน้าผ้า!ED39 -> / | AY27: =[2]หน้าผ้า!AG39 -> รอผสม 1200 | AZ27: =[2]หน้าผ้า!EG39 -> 0 | BA27: =[2]หน้าผ้า!EH39 -> 0 | BB27: =[2]หน้าผ้า!EI39 -> 0 | BC27: =[2]หน้าผ้า!BZ39 -> WRWT21720/WRWT25800 | BD27: =[2]หน้าผ้า!CA39 -> 0
A28: =[2]หน้าผ้า!C40 -> 45854 | B28: =[2]หน้าผ้า!B40 -> MK68-000890 | C28: =[2]หน้าผ้า!E40 -> บจก.เคอรี่ฟลาวมิลล์ | D28: =[2]หน้าผ้า!F40 -> ถุงเงิน | E28: =[2]หน้าผ้า!G40 -> 19 | F28: =[2]หน้าผ้า!H40 -> 32 | G28: =[2]หน้าผ้า!I40 -> ขาว | H28: =[2]หน้าผ้า!J40 -> 0 | I28: =[2]หน้าผ้า!L40 -> 67 | J28: =[2]หน้าผ้า!M40 -> + | K28: =[2]หน้าผ้า!N40 -> 5 | L28: =[2]หน้าผ้า!R40 -> บิด | M28: =[2]หน้าผ้า!T40 -> ไม่สวมถุงใน | N28: =[2]หน้าผ้า!U40 -> 0 | O28: =[2]หน้าผ้า!V40 -> 0 | P28: =[2]หน้าผ้า!AB40 -> 0 | Q28: =[2]หน้าผ้า!AC40 -> 0 | R28: =[2]หน้าผ้า!AD40 -> 0 | S28: =[2]หน้าผ้า!Z40 -> ห่ออัดเบลแบน500 | T28: =[2]หน้าผ้า!X40 -> 45871 | U28: =[2]หน้าผ้า!AA40 -> 5000 | V28: =[2]หน้าผ้า!AJ40 -> 5000 | W28: =[2]หน้าผ้า!AL40 -> 0 | X28: =[2]หน้าผ้า!AM40 -> 5250 | Y28: =[2]หน้าผ้า!AN40 -> 0 | Z28: =[2]หน้าผ้า!AO40 -> WSWT1921720 | AA28: =[2]หน้าผ้า!AQ40 -> 0 | AB28: =[2]หน้าผ้า!AR40 -> 0 | AC28: =[2]หน้าผ้า!AS40 -> 0 | AD28: =[2]หน้าผ้า!AT40 -> 0 | AE28: =[2]หน้าผ้า!AU40 -> 0 | AF28: =[2]หน้าผ้า!AI40 -> PDR250228 | AG28: =[3]หน้าผ้า!DC43 -> พร้อมส่ง | AH28: =[2]หน้าผ้า!DL40 -> P7 | AI28: =[2]หน้าผ้า!DM40 -> 2 | AJ28: =[2]หน้าผ้า!DN40 -> 45871 | AK28: =[2]หน้าผ้า!DQ40 -> 0 | AL28: =[2]หน้าผ้า!DR40 -> 45862 | AM28: =[2]หน้าผ้า!DS40 -> 45869 | AN28: =[2]หน้าผ้า!DT40 -> 45870 | AO28: =[2]หน้าผ้า!DU40 -> 45870 | AP28: =[2]หน้าผ้า!DP40 -> 45866 | AQ28: =[2]หน้าผ้า!DW40 -> 0 | AR28: =[2]หน้าผ้า!DX40 -> 0 | AS28: =[2]หน้าผ้า!DY40 -> 0 | AT28: =[2]หน้าผ้า!DZ40 -> 0 | AU28: =[2]หน้าผ้า!EA40 -> 0 | AV28: =[2]หน้าผ้า!EB40 -> 0 | AW28: =[2]หน้าผ้า!EC40 -> งานพิมพ์ | AX28: =[2]หน้าผ้า!ED40 -> / | AY28: =[2]หน้าผ้า!AG40 -> 0 | AZ28: =[2]หน้าผ้า!EG40 -> 0 | BA28: =[2]หน้าผ้า!EH40 -> 0 | BB28: =[2]หน้าผ้า!EI40 -> 0 | BC28: =[2]หน้าผ้า!BZ40 -> WRWT21720/WRWT25800 | BD28: =[2]หน้าผ้า!CA40 -> 0
A29: =[2]หน้าผ้า!C41 -> 45854 | B29: =[2]หน้าผ้า!B41 -> MK68-000891 | C29: =[2]หน้าผ้า!E41 -> บจก.เคอรี่ฟลาวมิลล์ | D29: =[2]หน้าผ้า!F41 -> ปลาโลมาแดง | E29: =[2]หน้าผ้า!G41 -> 19 | F29: =[2]หน้าผ้า!H41 -> 32 | G29: =[2]หน้าผ้า!I41 -> ขาว | H29: =[2]หน้าผ้า!J41 -> 0 | I29: =[2]หน้าผ้า!L41 -> 67 | J29: =[2]หน้าผ้า!M41 -> + | K29: =[2]หน้าผ้า!N41 -> 5 | L29: =[2]หน้าผ้า!R41 -> บิด | M29: =[2]หน้าผ้า!T41 -> ไม่สวมถุงใน | N29: =[2]หน้าผ้า!U41 -> 0 | O29: =[2]หน้าผ้า!V41 -> 0 | P29: =[2]หน้าผ้า!AB41 -> 0 | Q29: =[2]หน้าผ้า!AC41 -> 0 | R29: =[2]หน้าผ้า!AD41 -> 0 | S29: =[2]หน้าผ้า!Z41 -> ห่ออัดเบลแบน500 | T29: =[2]หน้าผ้า!X41 -> 45871 | U29: =[2]หน้าผ้า!AA41 -> 5000 | V29: =[2]หน้าผ้า!AJ41 -> 5000 | W29: =[2]หน้าผ้า!AL41 -> 0 | X29: =[2]หน้าผ้า!AM41 -> 5250 | Y29: =[2]หน้าผ้า!AN41 -> 0 | Z29: =[2]หน้าผ้า!AO41 -> WSWT1921720 | AA29: =[2]หน้าผ้า!AQ41 -> 0 | AB29: =[2]หน้าผ้า!AR41 -> 0 | AC29: =[2]หน้าผ้า!AS41 -> 0 | AD29: =[2]หน้าผ้า!AT41 -> 0 | AE29: =[2]หน้าผ้า!AU41 -> 0 | AF29: =[2]หน้าผ้า!AI41 -> PDR250229 | AG29: =[3]หน้าผ้า!DC44 -> พร้อมส่ง | AH29: =[2]หน้าผ้า!DL41 -> P7 | AI29: =[2]หน้าผ้า!DM41 -> 2 | AJ29: =[2]หน้าผ้า!DN41 -> 45871 | AK29: =[2]หน้าผ้า!DQ41 -> 0 | AL29: =[2]หน้าผ้า!DR41 -> 45862 | AM29: =[2]หน้าผ้า!DS41 -> 45869 | AN29: =[2]หน้าผ้า!DT41 -> 45870 | AO29: =[2]หน้าผ้า!DU41 -> 45870 | AP29: =[2]หน้าผ้า!DP41 -> 45866 | AQ29: =[2]หน้าผ้า!DW41 -> 0 | AR29: =[2]หน้าผ้า!DX41 -> 0 | AS29: =[2]หน้าผ้า!DY41 -> 0 | AT29: =[2]หน้าผ้า!DZ41 -> 0 | AU29: =[2]หน้าผ้า!EA41 -> 0 | AV29: =[2]หน้าผ้า!EB41 -> 0 | AW29: =[2]หน้าผ้า!EC41 -> งานพิมพ์ | AX29: =[2]หน้าผ้า!ED41 -> / | AY29: =[2]หน้าผ้า!AG41 -> 0 | AZ29: =[2]หน้าผ้า!EG41 -> 0 | BA29: =[2]หน้าผ้า!EH41 -> 0 | BB29: =[2]หน้าผ้า!EI41 -> 0 | BC29: =[2]หน้าผ้า!BZ41 -> WRWT21720/WRWT25800 | BD29: =[2]หน้าผ้า!CA41 -> 0
A30: =[2]หน้าผ้า!C42 -> 45854 | B30: =[2]หน้าผ้า!B42 -> MK68-000891 | C30: =[2]หน้าผ้า!E42 -> บจก.เคอรี่ฟลาวมิลล์ | D30: =[2]หน้าผ้า!F42 -> ดอกไม้เหลือง | E30: =[2]หน้าผ้า!G42 -> 19 | F30: =[2]หน้าผ้า!H42 -> 32 | G30: =[2]หน้าผ้า!I42 -> ขาว | H30: =[2]หน้าผ้า!J42 -> 0 | I30: =[2]หน้าผ้า!L42 -> 67 | J30: =[2]หน้าผ้า!M42 -> + | K30: =[2]หน้าผ้า!N42 -> 5 | L30: =[2]หน้าผ้า!R42 -> บิด | M30: =[2]หน้าผ้า!T42 -> ไม่สวมถุงใน | N30: =[2]หน้าผ้า!U42 -> 0 | O30: =[2]หน้าผ้า!V42 -> 0 | P30: =[2]หน้าผ้า!AB42 -> 0 | Q30: =[2]หน้าผ้า!AC42 -> 0 | R30: =[2]หน้าผ้า!AD42 -> 0 | S30: =[2]หน้าผ้า!Z42 -> ห่ออัดเบลแบน500 | T30: =[2]หน้าผ้า!X42 -> 45871 | U30: =[2]หน้าผ้า!AA42 -> 5000 | V30: =[2]หน้าผ้า!AJ42 -> 0 | W30: =[2]หน้าผ้า!AL42 -> 5000 | X30: =[2]หน้าผ้า!AM42 -> 5200 | Y30: =[2]หน้าผ้า!AN42 -> 0 | Z30: =[2]หน้าผ้า!AO42 -> WSWT1921720 | AA30: =[2]หน้าผ้า!AQ42 -> 0 | AB30: =[2]หน้าผ้า!AR42 -> 0 | AC30: =[2]หน้าผ้า!AS42 -> 0 | AD30: =[2]หน้าผ้า!AT42 -> 0 | AE30: =[2]หน้าผ้า!AU42 -> 0 | AF30: =[2]หน้าผ้า!AI42 -> PDR250229 | AG30: =[3]หน้าผ้า!DC45 -> รอตัด | AH30: =[2]หน้าผ้า!DL42 -> P7 | AI30: =[2]หน้าผ้า!DM42 -> 2 | AJ30: =[2]หน้าผ้า!DN42 -> 45871 | AK30: =[2]หน้าผ้า!DQ42 -> 0 | AL30: =[2]หน้าผ้า!DR42 -> 45862 | AM30: =[2]หน้าผ้า!DS42 -> 45869 | AN30: =[2]หน้าผ้า!DT42 -> 45870 | AO30: =[2]หน้าผ้า!DU42 -> 45870 | AP30: =[2]หน้าผ้า!DP42 -> 45866 | AQ30: =[2]หน้าผ้า!DW42 -> 0 | AR30: =[2]หน้าผ้า!DX42 -> 0 | AS30: =[2]หน้าผ้า!DY42 -> 0 | AT30: =[2]หน้าผ้า!DZ42 -> 0 | AU30: =[2]หน้าผ้า!EA42 -> 0 | AV30: =[2]หน้าผ้า!EB42 -> 0 | AW30: =[2]หน้าผ้า!EC42 -> งานพิมพ์ | AX30: =[2]หน้าผ้า!ED42 -> / | AY30: =[2]หน้าผ้า!AG42 -> 0 | AZ30: =[2]หน้าผ้า!EG42 -> 0 | BA30: =[2]หน้าผ้า!EH42 -> 0 | BB30: =[2]หน้าผ้า!EI42 -> 0 | BC30: =[2]หน้าผ้า!BZ42 -> WRWT21720/WRWT25800 | BD30: =[2]หน้าผ้า!CA42 -> 0
A31: =[2]หน้าผ้า!C43 -> 45854 | B31: =[2]หน้าผ้า!B43 -> MK68-000891 | C31: =[2]หน้าผ้า!E43 -> บจก.เคอรี่ฟลาวมิลล์ | D31: =[2]หน้าผ้า!F43 -> FW-Y | E31: =[2]หน้าผ้า!G43 -> 19 | F31: =[2]หน้าผ้า!H43 -> 32 | G31: =[2]หน้าผ้า!I43 -> ขาว | H31: =[2]หน้าผ้า!J43 -> 0 | I31: =[2]หน้าผ้า!L43 -> 67 | J31: =[2]หน้าผ้า!M43 -> + | K31: =[2]หน้าผ้า!N43 -> 5 | L31: =[2]หน้าผ้า!R43 -> ไม่ | M31: =[2]หน้าผ้า!T43 -> ไม่สวมถุงใน | N31: =[2]หน้าผ้า!U43 -> 0 | O31: =[2]หน้าผ้า!V43 -> 0 | P31: =[2]หน้าผ้า!AB43 -> 0 | Q31: =[2]หน้าผ้า!AC43 -> 0 | R31: =[2]หน้าผ้า!AD43 -> 0 | S31: =[2]หน้าผ้า!Z43 -> ห่ออัดเบลแบน500 | T31: =[2]หน้าผ้า!X43 -> 45871 | U31: =[2]หน้าผ้า!AA43 -> 5000 | V31: =[2]หน้าผ้า!AJ43 -> 5000 | W31: =[2]หน้าผ้า!AL43 -> 0 | X31: =[2]หน้าผ้า!AM43 -> 5250 | Y31: =[2]หน้าผ้า!AN43 -> 0 | Z31: =[2]หน้าผ้า!AO43 -> WSWT1921720 | AA31: =[2]หน้าผ้า!AQ43 -> 0 | AB31: =[2]หน้าผ้า!AR43 -> 0 | AC31: =[2]หน้าผ้า!AS43 -> 0 | AD31: =[2]หน้าผ้า!AT43 -> 0 | AE31: =[2]หน้าผ้า!AU43 -> 0 | AF31: =[2]หน้าผ้า!AI43 -> PDR250229 | AG31: =[3]หน้าผ้า!DC46 -> ยังไม่ได้พิมพ์ | AH31: =[2]หน้าผ้า!DL43 -> P7 | AI31: =[2]หน้าผ้า!DM43 -> 2 | AJ31: =[2]หน้าผ้า!DN43 -> 45871 | AK31: =[2]หน้าผ้า!DQ43 -> 0 | AL31: =[2]หน้าผ้า!DR43 -> 45862 | AM31: =[2]หน้าผ้า!DS43 -> 45869 | AN31: =[2]หน้าผ้า!DT43 -> 45870 | AO31: =[2]หน้าผ้า!DU43 -> 45870 | AP31: =[2]หน้าผ้า!DP43 -> 45866 | AQ31: =[2]หน้าผ้า!DW43 -> 0 | AR31: =[2]หน้าผ้า!DX43 -> 0 | AS31: =[2]หน้าผ้า!DY43 -> 0 | AT31: =[2]หน้าผ้า!DZ43 -> 0 | AU31: =[2]หน้าผ้า!EA43 -> 0 | AV31: =[2]หน้าผ้า!EB43 -> 0 | AW31: =[2]หน้าผ้า!EC43 -> งานพิมพ์ | AX31: =[2]หน้าผ้า!ED43 -> / | AY31: =[2]หน้าผ้า!AG43 -> 0 | AZ31: =[2]หน้าผ้า!EG43 -> 0 | BA31: =[2]หน้าผ้า!EH43 -> 0 | BB31: =[2]หน้าผ้า!EI43 -> 0 | BC31: =[2]หน้าผ้า!BZ43 -> WRWT21720/WRWT25800 | BD31: =[2]หน้าผ้า!CA43 -> 0
A32: =[2]หน้าผ้า!C44 -> 45854 | B32: =[2]หน้าผ้า!B44 -> MK68-000891 | C32: =[2]หน้าผ้า!E44 -> บจก.เคอรี่ฟลาวมิลล์ | D32: =[2]หน้าผ้า!F44 -> 8S | E32: =[2]หน้าผ้า!G44 -> 19 | F32: =[2]หน้าผ้า!H44 -> 32 | G32: =[2]หน้าผ้า!I44 -> ขาว | H32: =[2]หน้าผ้า!J44 -> 0 | I32: =[2]หน้าผ้า!L44 -> 67 | J32: =[2]หน้าผ้า!M44 -> + | K32: =[2]หน้าผ้า!N44 -> 5 | L32: =[2]หน้าผ้า!R44 -> ไม่ | M32: =[2]หน้าผ้า!T44 -> ไม่สวมถุงใน | N32: =[2]หน้าผ้า!U44 -> 0 | O32: =[2]หน้าผ้า!V44 -> 0 | P32: =[2]หน้าผ้า!AB44 -> 0 | Q32: =[2]หน้าผ้า!AC44 -> 0 | R32: =[2]หน้าผ้า!AD44 -> 0 | S32: =[2]หน้าผ้า!Z44 -> ห่ออัดเบลแบน500 | T32: =[2]หน้าผ้า!X44 -> 45871 | U32: =[2]หน้าผ้า!AA44 -> 5000 | V32: =[2]หน้าผ้า!AJ44 -> 5000 | W32: =[2]หน้าผ้า!AL44 -> 0 | X32: =[2]หน้าผ้า!AM44 -> 5300 | Y32: =[2]หน้าผ้า!AN44 -> 0 | Z32: =[2]หน้าผ้า!AO44 -> WSWT1921720 | AA32: =[2]หน้าผ้า!AQ44 -> 0 | AB32: =[2]หน้าผ้า!AR44 -> 0 | AC32: =[2]หน้าผ้า!AS44 -> 0 | AD32: =[2]หน้าผ้า!AT44 -> 0 | AE32: =[2]หน้าผ้า!AU44 -> 0 | AF32: =[2]หน้าผ้า!AI44 -> PDR250229 | AG32: =[3]หน้าผ้า!DC47 -> พร้อมส่ง | AH32: =[2]หน้าผ้า!DL44 -> P7 | AI32: =[2]หน้าผ้า!DM44 -> 2 | AJ32: =[2]หน้าผ้า!DN44 -> 45871 | AK32: =[2]หน้าผ้า!DQ44 -> 0 | AL32: =[2]หน้าผ้า!DR44 -> 45862 | AM32: =[2]หน้าผ้า!DS44 -> 45869 | AN32: =[2]หน้าผ้า!DT44 -> 45870 | AO32: =[2]หน้าผ้า!DU44 -> 45870 | AP32: =[2]หน้าผ้า!DP44 -> 45866 | AQ32: =[2]หน้าผ้า!DW44 -> 0 | AR32: =[2]หน้าผ้า!DX44 -> 0 | AS32: =[2]หน้าผ้า!DY44 -> 0 | AT32: =[2]หน้าผ้า!DZ44 -> 0 | AU32: =[2]หน้าผ้า!EA44 -> 0 | AV32: =[2]หน้าผ้า!EB44 -> 0 | AW32: =[2]หน้าผ้า!EC44 -> งานพิมพ์ | AX32: =[2]หน้าผ้า!ED44 -> / | AY32: =[2]หน้าผ้า!AG44 -> 0 | AZ32: =[2]หน้าผ้า!EG44 -> 0 | BA32: =[2]หน้าผ้า!EH44 -> 0 | BB32: =[2]หน้าผ้า!EI44 -> 0 | BC32: =[2]หน้าผ้า!BZ44 -> WRWT21720/WRWT25800 | BD32: =[2]หน้าผ้า!CA44 -> 0
A33: =[2]หน้าผ้า!C45 -> 45854 | B33: =[2]หน้าผ้า!B45 -> MK68-000891 | C33: =[2]หน้าผ้า!E45 -> บจก.เคอรี่ฟลาวมิลล์ | D33: =[2]หน้าผ้า!F45 -> หีบเพลงแดง | E33: =[2]หน้าผ้า!G45 -> 19 | F33: =[2]หน้าผ้า!H45 -> 32 | G33: =[2]หน้าผ้า!I45 -> ขาว | H33: =[2]หน้าผ้า!J45 -> 0 | I33: =[2]หน้าผ้า!L45 -> 67 | J33: =[2]หน้าผ้า!M45 -> + | K33: =[2]หน้าผ้า!N45 -> 5 | L33: =[2]หน้าผ้า!R45 -> บิด | M33: =[2]หน้าผ้า!T45 -> ไม่สวมถุงใน | N33: =[2]หน้าผ้า!U45 -> 0 | O33: =[2]หน้าผ้า!V45 -> 0 | P33: =[2]หน้าผ้า!AB45 -> 0 | Q33: =[2]หน้าผ้า!AC45 -> 0 | R33: =[2]หน้าผ้า!AD45 -> 0 | S33: =[2]หน้าผ้า!Z45 -> ห่ออัดเบลแบน500 | T33: =[2]หน้าผ้า!X45 -> 45871 | U33: =[2]หน้าผ้า!AA45 -> 5000 | V33: =[2]หน้าผ้า!AJ45 -> 0 | W33: =[2]หน้าผ้า!AL45 -> 5000 | X33: =[2]หน้าผ้า!AM45 -> 5400 | Y33: =[2]หน้าผ้า!AN45 -> 0 | Z33: =[2]หน้าผ้า!AO45 -> WSWT1921720 | AA33: =[2]หน้าผ้า!AQ45 -> 0 | AB33: =[2]หน้าผ้า!AR45 -> 0 | AC33: =[2]หน้าผ้า!AS45 -> 0 | AD33: =[2]หน้าผ้า!AT45 -> 0 | AE33: =[2]หน้าผ้า!AU45 -> 0 | AF33: =[2]หน้าผ้า!AI45 -> PDR250229 | AG33: =[3]หน้าผ้า!DC48 -> รอตัด | AH33: =[2]หน้าผ้า!DL45 -> P7 | AI33: =[2]หน้าผ้า!DM45 -> 2 | AJ33: =[2]หน้าผ้า!DN45 -> 45871 | AK33: =[2]หน้าผ้า!DQ45 -> 0 | AL33: =[2]หน้าผ้า!DR45 -> 45862 | AM33: =[2]หน้าผ้า!DS45 -> 45869 | AN33: =[2]หน้าผ้า!DT45 -> 45870 | AO33: =[2]หน้าผ้า!DU45 -> 45870 | AP33: =[2]หน้าผ้า!DP45 -> 45866 | AQ33: =[2]หน้าผ้า!DW45 -> 0 | AR33: =[2]หน้าผ้า!DX45 -> 0 | AS33: =[2]หน้าผ้า!DY45 -> 0 | AT33: =[2]หน้าผ้า!DZ45 -> 0 | AU33: =[2]หน้าผ้า!EA45 -> 0 | AV33: =[2]หน้าผ้า!EB45 -> 0 | AW33: =[2]หน้าผ้า!EC45 -> งานพิมพ์ | AX33: =[2]หน้าผ้า!ED45 -> / | AY33: =[2]หน้าผ้า!AG45 -> 0 | AZ33: =[2]หน้าผ้า!EG45 -> 0 | BA33: =[2]หน้าผ้า!EH45 -> 0 | BB33: =[2]หน้าผ้า!EI45 -> 0 | BC33: =[2]หน้าผ้า!BZ45 -> WRWT21720/WRWT25800 | BD33: =[2]หน้าผ้า!CA45 -> 0
... A73: =[2]หน้าผ้า!C85 -> 0 | B73: =[2]หน้าผ้า!B85 -> 0 | C73: =[2]หน้าผ้า!E85 -> 0 | D73: =[2]หน้าผ้า!F85 -> 0 | E73: =[2]หน้าผ้า!G85 -> 19 | F73: =[2]หน้าผ้า!H85 -> 30 | G73: =[2]หน้าผ้า!I85 -> 0 | H73: =[2]หน้าผ้า!J85 -> 0 | I73: =[2]หน้าผ้า!L85 -> 63 | J73: =[2]หน้าผ้า!M85 -> + | K73: =[2]หน้าผ้า!N85 -> 5 | L73: =[2]หน้าผ้า!R85 -> 0 | M73: =[2]หน้าผ้า!T85 -> 0 | N73: =[2]หน้าผ้า!U85 -> 0 | O73: =[2]หน้าผ้า!V85 -> 0 | P73: =[2]หน้าผ้า!AB85 -> 0 | Q73: =[2]หน้าผ้า!AC85 -> 0 | R73: =[2]หน้าผ้า!AD85 -> 0 | S73: =[2]หน้าผ้า!Z85 -> 0 | T73: =[2]หน้าผ้า!X85 -> 0 | U73: =[2]หน้าผ้า!AA85 -> 0 | V73: =[2]หน้าผ้า!AJ85 -> 0 | W73: =[2]หน้าผ้า!AL85 -> 0 | X73: =[2]หน้าผ้า!AM85 -> 0 | Y73: =[2]หน้าผ้า!AN85 -> 0 | Z73: =[2]หน้าผ้า!AO85 -> WSWT1921720 | AA73: =[2]หน้าผ้า!AQ85 -> 382748.8 | AB73: =[2]หน้าผ้า!AR85 -> 20156.103 | AC73: =[2]หน้าผ้า!AS85 -> 362592.7 | AD73: =[2]หน้าผ้า!AT85 -> 0 | AE73: =[2]หน้าผ้า!AU85 -> 0 | AF73: =[2]หน้าผ้า!AI85 -> ระบุในSD | AG73: =[3]หน้าผ้า!DC88 -> พร้อมส่ง | AH73: =[2]หน้าผ้า!DL85 -> 0 | AI73: =[2]หน้าผ้า!DM85 -> Lead time | AJ73: =[2]หน้าผ้า!DN85 -> 0 | AK73: =[2]หน้าผ้า!DQ85 -> 0 | AL73: =[2]หน้าผ้า!DR85 -> 0 | AM73: =[2]หน้าผ้า!DS85 -> 0 | AN73: =[2]หน้าผ้า!DT85 -> 0 | AO73: =[2]หน้าผ้า!DU85 -> 0 | AP73: =[2]หน้าผ้า!DP85 -> 0 | AQ73: =[2]หน้าผ้า!DW85 -> 0 | AR73: =[2]หน้าผ้า!DX85 -> 0 | AS73: =[2]หน้าผ้า!DY85 -> 0 | AT73: =[2]หน้าผ้า!DZ85 -> 0 | AU73: =[2]หน้าผ้า!EA85 -> 0 | AV73: =[2]หน้าผ้า!EB85 -> 0 | AW73: =[2]หน้าผ้า!EC85 -> 0 | AX73: =[2]หน้าผ้า!ED85 -> 0 | AY73: =[2]หน้าผ้า!AG85 -> 0 | AZ73: =[2]หน้าผ้า!EG85 -> 0 | BA73: =[2]หน้าผ้า!EH85 -> 0 | BB73: =[2]หน้าผ้า!EI85 -> 0 | BC73: =[2]หน้าผ้า!BZ85 -> WRWT190720/WRWT25800 | BD73: =[2]หน้าผ้า!CA85 -> 0
A74: =[2]หน้าผ้า!C86 -> 45855 | B74: =[2]หน้าผ้า!B86 -> MK68-000898 | C74: =[2]หน้าผ้า!E86 -> บจก.เอเชี่ยนเคมิคัล | D74: =[2]หน้าผ้า!F86 -> A.C.C.ภาษาอังกฤษ 8-118 | E74: =[2]หน้าผ้า!G86 -> 19 | F74: =[2]หน้าผ้า!H86 -> 26 | G74: =[2]หน้าผ้า!I86 -> ขาว | H74: =[2]หน้าผ้า!J86 -> ด้าน | I74: =[2]หน้าผ้า!L86 -> 70 | J74: =[2]หน้าผ้า!M86 -> ± | K74: =[2]หน้าผ้า!N86 -> 5 | L74: =[2]หน้าผ้า!R86 -> ไม่ | M74: =[2]หน้าผ้า!T86 -> 20 | N74: =[2]หน้าผ้า!U86 -> 28 | O74: =[2]หน้าผ้า!V86 -> 50 | P74: =[2]หน้าผ้า!AB86 -> 0 | Q74: =[2]หน้าผ้า!AC86 -> 0 | R74: =[2]หน้าผ้า!AD86 -> 0 | S74: =[2]หน้าผ้า!Z86 -> มัด100 | U74: =[2]หน้าผ้า!AA86 -> 15000 | V74: =[2]หน้าผ้า!AJ86 -> 15000 | W74: =[2]หน้าผ้า!AL86 -> 0 | X74: =[2]หน้าผ้า!AM86 -> 18758 | Y74: =[2]หน้าผ้า!AN86 -> 0 | Z74: =[2]หน้าผ้า!AO86 -> WSWT1925800SM | AA74: =[2]หน้าผ้า!AQ86 -> 0 | AB74: =[2]หน้าผ้า!AR86 -> 0 | AC74: =[2]หน้าผ้า!AS86 -> 0 | AD74: =[2]หน้าผ้า!AT86 -> 0 | AE74: =[2]หน้าผ้า!AU86 -> 0 | AF74: =[2]หน้าผ้า!AI86 -> 0 | AG74: =[3]หน้าผ้า!DC89 -> พร้อมส่ง | AH74: =[2]หน้าผ้า!DL86 -> P8 | AI74: =[2]หน้าผ้า!DM86 -> 4 | AJ74: =[2]หน้าผ้า!DN86 -> 45869 | AK74: =[2]หน้าผ้า!DQ86 -> 45865 | AL74: =[2]หน้าผ้า!DR86 -> 45859 | AM74: =[2]หน้าผ้า!DS86 -> 45866 | AN74: =[2]หน้าผ้า!DT86 -> 45867 | AO74: =[2]หน้าผ้า!DU86 -> 45867 | AP74: =[2]หน้าผ้า!DP86 -> 45864 | AQ74: =[2]หน้าผ้า!DW86 -> 45868 | AR74: =[2]หน้าผ้า!DX86 -> 0 | AS74: =[2]หน้าผ้า!DY86 -> 0 | AT74: =[2]หน้าผ้า!DZ86 -> 0 | AU74: =[2]หน้าผ้า!EA86 -> 0 | AV74: =[2]หน้าผ้า!EB86 -> 0 | AW74: =[2]หน้าผ้า!EC86 -> งานเคลือบ+พิมพ์ | AX74: =[2]หน้าผ้า!ED86 -> / | AY74: =[2]หน้าผ้า!AG86 -> ของเสียจำนวนมาก | AZ74: =[2]หน้าผ้า!EG86 -> 0 | BA74: =[2]หน้าผ้า!EH86 -> 0 | BB74: =[2]หน้าผ้า!EI86 -> 0 | BC74: =[2]หน้าผ้า!BZ86 -> WRWT25800/WRWT25800 | BD74: =[2]หน้าผ้า!CA86 -> 0
A75: =[2]หน้าผ้า!C87 -> 0 | B75: =[2]หน้าผ้า!B87 -> 0 | C75: =[2]หน้าผ้า!E87 -> 0 | D75: =[2]หน้าผ้า!F87 -> 0 | E75: =[2]หน้าผ้า!G87 -> 19 | F75: =[2]หน้าผ้า!H87 -> 30 | G75: =[2]หน้าผ้า!I87 -> 0 | H75: =[2]หน้าผ้า!J87 -> 0 | I75: =[2]หน้าผ้า!L87 -> 56 | J75: =[2]หน้าผ้า!M87 -> ± | K75: =[2]หน้าผ้า!N87 -> 5 | L75: =[2]หน้าผ้า!R87 -> 0 | M75: =[2]หน้าผ้า!T87 -> 0 | N75: =[2]หน้าผ้า!U87 -> 0 | O75: =[2]หน้าผ้า!V87 -> 0 | P75: =[2]หน้าผ้า!AB87 -> 0 | Q75: =[2]หน้าผ้า!AC87 -> 0 | R75: =[2]หน้าผ้า!AD87 -> 0 | S75: =[2]หน้าผ้า!Z87 -> 0 | T75: =[2]หน้าผ้า!X87 -> 0 | U75: =[2]หน้าผ้า!AA87 -> 0 | V75: =[2]หน้าผ้า!AJ87 | W75: =[2]หน้าผ้า!AL87 -> 0 | X75: =[2]หน้าผ้า!AM87 -> 0 | Y75: =[2]หน้าผ้า!AN87 -> 0 | Z75: =[2]หน้าผ้า!AO87 -> WSWT1925800SM | AA75: =[2]หน้าผ้า!AQ87 -> 0 | AB75: =[2]หน้าผ้า!AR87 -> 0 | AC75: =[2]หน้าผ้า!AS87 -> 0 | AD75: =[2]หน้าผ้า!AT87 -> 0 | AE75: =[2]หน้าผ้า!AU87 -> 0 | AF75: =[2]หน้าผ้า!AI87 -> ระบุในSD | AG75: =[3]หน้าผ้า!DC90 -> พร้อมส่ง | AH75: =[2]หน้าผ้า!DL87 -> 0 | AI75: =[2]หน้าผ้า!DM87 -> Lead time | AJ75: =[2]หน้าผ้า!DN87 -> 0 | AK75: =[2]หน้าผ้า!DQ87 -> 0 | AL75: =[2]หน้าผ้า!DR87 -> 0 | AM75: =[2]หน้าผ้า!DS87 -> 0 | AN75: =[2]หน้าผ้า!DT87 -> 0 | AO75: =[2]หน้าผ้า!DU87 -> 0 | AP75: =[2]หน้าผ้า!DP87 -> 0 | AQ75: =[2]หน้าผ้า!DW87 -> 0 | AR75: =[2]หน้าผ้า!DX87 -> 0 | AS75: =[2]หน้าผ้า!DY87 -> 0 | AT75: =[2]หน้าผ้า!DZ87 -> 0 | AU75: =[2]หน้าผ้า!EA87 -> 0 | AV75: =[2]หน้าผ้า!EB87 -> 0 | AW75: =[2]หน้าผ้า!EC87 -> 0 | AX75: =[2]หน้าผ้า!ED87 -> 0 | AY75: =[2]หน้าผ้า!AG87 -> 0 | AZ75: =[2]หน้าผ้า!EG87 -> 0 | BA75: =[2]หน้าผ้า!EH87 -> 0 | BB75: =[2]หน้าผ้า!EI87 -> 0 | BC75: =[2]หน้าผ้า!BZ87 -> WRWT190800/WRWT25800 | BD75: =[2]หน้าผ้า!CA87 -> 0
A76: =[2]หน้าผ้า!C88 -> 45796 | B76: =[2]หน้าผ้า!B88 -> MK68-000680 | C76: =[2]หน้าผ้า!E88 -> บจก.อินเทคค์ โกลบอล | D76: =[2]หน้าผ้า!F88 -> เพอเฟคค์103P โกลด์ | E76: =[2]หน้าผ้า!G88 -> 19 | F76: =[2]หน้าผ้า!H88 -> 34 | G76: =[2]หน้าผ้า!I88 -> ขาว | H76: =[2]หน้าผ้า!J88 -> ด้าน | I76: =[2]หน้าผ้า!L88 -> 100 | J76: =[2]หน้าผ้า!M88 -> ± | K76: =[2]หน้าผ้า!N88 -> 5 | L76: =[2]หน้าผ้า!R88 -> จับจีบ4" | M76: =[2]หน้าผ้า!T88 -> ไม่สวมถุงใน | N76: =[2]หน้าผ้า!U88 -> 0 | O76: =[2]หน้าผ้า!V88 -> 0 | P76: =[2]หน้าผ้า!AB88 -> 0 | Q76: =[2]หน้าผ้า!AC88 -> 0 | R76: =[2]หน้าผ้า!AD88 -> 0 | S76: =[2]หน้าผ้า!Z88 -> มัด80 ใช้สายรัด | U76: =[2]หน้าผ้า!AA88 -> 503 | V76: =[2]หน้าผ้า!AJ88 -> 0 | W76: =[2]หน้าผ้า!AL88 -> 503 | X76: =[2]หน้าผ้า!AM88 -> 5250 | Y76: =[2]หน้าผ้า!AN88 -> 0 | Z76: =[2]หน้าผ้า!AO88 -> WSWT19251000SM | AA76: =[2]หน้าผ้า!AQ88 -> 0 | AB76: =[2]หน้าผ้า!AR88 -> 0 | AC76: =[2]หน้าผ้า!AS88 -> 0 | AD76: =[2]หน้าผ้า!AT88 -> 0 | AE76: =[2]หน้าผ้า!AU88 -> 0 | AF76: =[2]หน้าผ้า!AI88 -> 0 | AG76: =[3]หน้าผ้า!DC91 -> พร้อมส่ง | AH76: =[2]หน้าผ้า!DL88 -> P6 | AI76: =[2]หน้าผ้า!DM88 -> 4 | AJ76: =[2]หน้าผ้า!DN88 -> รอแจ้ง | AK76: =[2]หน้าผ้า!DQ88 -> #VALUE! | AL76: =[2]หน้าผ้า!DR88 -> #VALUE! | AM76: =[2]หน้าผ้า!DS88 -> #VALUE! | AN76: =[2]หน้าผ้า!DT88 -> #VALUE! | AO76: =[2]หน้าผ้า!DU88 -> #VALUE! | AP76: =[2]หน้าผ้า!DP88 -> #VALUE! | AQ76: =[2]หน้าผ้า!DW88 -> 0 | AR76: =[2]หน้าผ้า!DX88 -> 0 | AS76: =[2]หน้าผ้า!DY88 -> 0 | AT76: =[2]หน้าผ้า!DZ88 -> 0 | AU76: =[2]หน้าผ้า!EA88 -> 0 | AV76: =[2]หน้าผ้า!EB88 -> 0 | AW76: =[2]หน้าผ้า!EC88 -> งานเคลือบ+พิมพ์ | AX76: =[2]หน้าผ้า!ED88 -> / | AY76: =[2]หน้าผ้า!AG88 -> 0 | AZ76: =[2]หน้าผ้า!EG88 -> 0 | BA76: =[2]หน้าผ้า!EH88 -> 0 | BB76: =[2]หน้าผ้า!EI88 -> 0 | BC76: =[2]หน้าผ้า!BZ88 -> WRWT251000/WRWT251000 | BD76: =[2]หน้าผ้า!CA88 -> 0
A77: =[2]หน้าผ้า!C89 -> 0 | B77: =[2]หน้าผ้า!B89 -> 0 | C77: =[2]หน้าผ้า!E89 -> 0 | D77: =[2]หน้าผ้า!F89 -> 0 | E77: =[2]หน้าผ้า!G89 -> 19 | F77: =[2]หน้าผ้า!H89 -> 34 | G77: =[2]หน้าผ้า!I89 -> ขาว | H77: =[2]หน้าผ้า!J89 -> 0 | I77: =[2]หน้าผ้า!L89 -> 80 | J77: =[2]หน้าผ้า!M89 -> ± | K77: =[2]หน้าผ้า!N89 -> 5 | L77: =[2]หน้าผ้า!R89 -> 0 | M77: =[2]หน้าผ้า!T89 -> 0 | N77: =[2]หน้าผ้า!U89 -> 0 | O77: =[2]หน้าผ้า!V89 -> 0 | P77: =[2]หน้าผ้า!AB89 -> 0 | Q77: =[2]หน้าผ้า!AC89 -> 0 | R77: =[2]หน้าผ้า!AD89 -> 0 | S77: =[2]หน้าผ้า!Z89 -> 0 | T77: =[2]หน้าผ้า!X89 -> 0 | U77: =[2]หน้าผ้า!AA89 -> 0 | V77: =[2]หน้าผ้า!AJ89 -> 0 | W77: =[2]หน้าผ้า!AL89 -> 0 | X77: =[2]หน้าผ้า!AM89 -> 0 | Y77: =[2]หน้าผ้า!AN89 -> 0 | Z77: =[2]หน้าผ้า!AO89 -> WSWT19251000SM | AA77: =[2]หน้าผ้า!AQ89 -> 0 | AB77: =[2]หน้าผ้า!AR89 -> 0 | AC77: =[2]หน้าผ้า!AS89 -> 0 | AD77: =[2]หน้าผ้า!AT89 -> 0 | AE77: =[2]หน้าผ้า!AU89 -> 0 | AF77: =[2]หน้าผ้า!AI89 -> ระบุในSD | AG77: =[3]หน้าผ้า!DC92 -> พร้อมส่ง | AH77: =[2]หน้าผ้า!DL89 -> 0 | AI77: =[2]หน้าผ้า!DM89 -> Lead time | AJ77: =[2]หน้าผ้า!DN89 -> 0 | AK77: =[2]หน้าผ้า!DQ89 -> 0 | AL77: =[2]หน้าผ้า!DR89 -> 0 | AM77: =[2]หน้าผ้า!DS89 -> 0 | AN77: =[2]หน้าผ้า!DT89 -> 0 | AO77: =[2]หน้าผ้า!DU89 -> 0 | AP77: =[2]หน้าผ้า!DP89 -> 0 | AQ77: =[2]หน้าผ้า!DW89 -> 0 | AR77: =[2]หน้าผ้า!DX89 -> 0 | AS77: =[2]หน้าผ้า!DY89 -> 0 | AT77: =[2]หน้าผ้า!DZ89 -> 0 | AU77: =[2]หน้าผ้า!EA89 -> 0 | AV77: =[2]หน้าผ้า!EB89 -> 0 | AW77: =[2]หน้าผ้า!EC89 -> 0 | AX77: =[2]หน้าผ้า!ED89 -> 0 | AY77: =[2]หน้าผ้า!AG89 -> 0 | AZ77: =[2]หน้าผ้า!EG89 -> 0 | BA77: =[2]หน้าผ้า!EH89 -> 0 | BB77: =[2]หน้าผ้า!EI89 -> 0 | BC77: =[2]หน้าผ้า!BZ89 -> WRWT251000/WRYL251000 | BD77: =[2]หน้าผ้า!CA89 -> 0
A78: =[2]หน้าผ้า!C90 -> 0 | B78: =[2]หน้าผ้า!B90 -> 0 | C78: =[2]หน้าผ้า!E90 -> 0 | D78: =[2]หน้าผ้า!F90 -> 0 | E78: =[2]หน้าผ้า!G90 -> 20 | F78: =[2]หน้าผ้า!H90 -> 37 | G78: =[2]หน้าผ้า!I90 -> ขาว | H78: =[2]หน้าผ้า!J90 -> 0 | I78: =[2]หน้าผ้า!L90 -> 65 | J78: =[2]หน้าผ้า!M90 -> ± | K78: =[2]หน้าผ้า!N90 -> 5 | L78: =[2]หน้าผ้า!R90 -> 0 | M78: =[2]หน้าผ้า!T90 -> 0 | N78: =[2]หน้าผ้า!U90 -> 0 | O78: =[2]หน้าผ้า!V90 -> 0 | P78: =[2]หน้าผ้า!AB90 -> 0 | Q78: =[2]หน้าผ้า!AC90 -> 0 | R78: =[2]หน้าผ้า!AD90 -> 0 | S78: =[2]หน้าผ้า!Z90 -> 0 | U78: =[2]หน้าผ้า!AA90 -> 0 | V78: =[2]หน้าผ้า!AJ90 -> 0 | W78: =[2]หน้าผ้า!AL90 -> 0 | X78: =[2]หน้าผ้า!AM90 -> 0 | Y78: =[2]หน้าผ้า!AN90 -> 0 | Z78: =[2]หน้าผ้า!AO90 -> WSWT2025650 | AA78: =[2]หน้าผ้า!AQ90 -> #REF! | AB78: =[2]หน้าผ้า!AR90 -> #REF! | AC78: =[2]หน้าผ้า!AS90 -> #REF! | AD78: =[2]หน้าผ้า!AT90 -> #REF! | AE78: =[2]หน้าผ้า!AU90 -> #REF! | AF78: =[2]หน้าผ้า!AI90 -> ระบุในSD | AG78: =[3]หน้าผ้า!DC93 -> พร้อมส่ง | AH78: =[2]หน้าผ้า!DL90 -> 0 | AI78: =[2]หน้าผ้า!DM90 -> Lead time | AJ78: =[2]หน้าผ้า!DN90 -> 0 | AK78: =[2]หน้าผ้า!DQ90 -> 0 | AL78: =[2]หน้าผ้า!DR90 -> 0 | AM78: =[2]หน้าผ้า!DS90 -> 0 | AN78: =[2]หน้าผ้า!DT90 -> 0 | AO78: =[2]หน้าผ้า!DU90 -> 0 | AP78: =[2]หน้าผ้า!DP90 -> 0 | AQ78: =[2]หน้าผ้า!DW90 -> 0 | AR78: =[2]หน้าผ้า!DX90 -> 0 | AS78: =[2]หน้าผ้า!DY90 -> 0 | AT78: =[2]หน้าผ้า!DZ90 -> 0 | AU78: =[2]หน้าผ้า!EA90 -> 0 | AV78: =[2]หน้าผ้า!EB90 -> 0 | AW78: =[2]หน้าผ้า!EC90 -> 0 | AX78: =[2]หน้าผ้า!ED90 -> 0 | AY78: =[2]หน้าผ้า!AG90 -> 0 | AZ78: =[2]หน้าผ้า!EG90 -> 0 | BA78: =[2]หน้าผ้า!EH90 -> 0 | BB78: =[2]หน้าผ้า!EI90 -> 0 | BC78: =[2]หน้าผ้า!BZ90 -> WRWT25650/WRWT25650 | BD78: =[2]หน้าผ้า!CA90 -> 0
A79: =[2]หน้าผ้า!C93 -> 45857 | B79: =[2]หน้าผ้า!B93 -> MK68-000901 | C79: =[2]หน้าผ้า!E93 -> บจก.อินเทคค์ โกลบอล | D79: =[2]หน้าผ้า!F93 -> เฟิร์สช้อย 912 | E79: =[2]หน้าผ้า!G93 -> 20 | F79: =[2]หน้าผ้า!H93 -> 36 | G79: =[2]หน้าผ้า!I93 -> ขาว | H79: =[2]หน้าผ้า!J93 -> ด้าน | I79: =[2]หน้าผ้า!L93 -> 100 | J79: =[2]หน้าผ้า!M93 -> ± | K79: =[2]หน้าผ้า!N93 -> 5 | L79: =[2]หน้าผ้า!R93 -> จับจีบ | M79: =[2]หน้าผ้า!T93 -> ไม่สวมถุงใน | N79: =[2]หน้าผ้า!U93 -> 0 | O79: =[2]หน้าผ้า!V93 -> 0 | P79: =[2]หน้าผ้า!AB93 -> 0 | Q79: =[2]หน้าผ้า!AC93 -> 0 | R79: =[2]หน้าผ้า!AD93 -> 0 | S79: =[2]หน้าผ้า!Z93 -> มัด80 ใช้สายรัด | T79: =[2]หน้าผ้า!X93 -> 45869 | U79: =[2]หน้าผ้า!AA93 -> 10000 | V79: =[2]หน้าผ้า!AJ93 -> 10000 | W79: =[2]หน้าผ้า!AL93 -> 0 | X79: =[2]หน้าผ้า!AM93 -> 10500 | Y79: =[2]หน้าผ้า!AN93 -> 0 | Z79: =[2]หน้าผ้า!AO93 -> WSWT2025800SM | AA79: =[2]หน้าผ้า!AQ93 -> 0 | AB79: =[2]หน้าผ้า!AR93 -> 0 | AC79: =[2]หน้าผ้า!AS93 -> 0 | AD79: =[2]หน้าผ้า!AT93 -> 0 | AE79: =[2]หน้าผ้า!AU93 -> 0 | AF79: =[2]หน้าผ้า!AI93 -> ลบสี | AG79: =[3]หน้าผ้า!DC96 -> พร้อมส่ง | AH79: =[2]หน้าผ้า!DL93 -> P6 | AI79: =[2]หน้าผ้า!DM93 -> 4 | AJ79: =[2]หน้าผ้า!DN93 -> 45869 | AK79: =[2]หน้าผ้า!DQ93 -> 45865 | AL79: =[2]หน้าผ้า!DR93 -> 45858 | AM79: =[2]หน้าผ้า!DS93 -> 45866 | AN79: =[2]หน้าผ้า!DT93 -> 45867 | AO79: =[2]หน้าผ้า!DU93 -> 45868 | AP79: =[2]หน้าผ้า!DP93 -> 45864 | AQ79: =[2]หน้าผ้า!DW93 -> 0 | AR79: =[2]หน้าผ้า!DX93 -> 0 | AS79: =[2]หน้าผ้า!DY93 -> 0 | AT79: =[2]หน้าผ้า!DZ93 -> 0 | AU79: =[2]หน้าผ้า!EA93 -> 0 | AV79: =[2]หน้าผ้า!EB93 -> 0 | AW79: =[2]หน้าผ้า!EC93 -> งานเคลือบ+พิมพ์ | AX79: =[2]หน้าผ้า!ED93 -> / | AY79: =[2]หน้าผ้า!AG93 -> 0 | AZ79: =[2]หน้าผ้า!EG93 -> 0 | BA79: =[2]หน้าผ้า!EH93 -> 0 | BB79: =[2]หน้าผ้า!EI93 -> 0 | BC79: =[2]หน้าผ้า!BZ93 -> WRWT25850/WRWT25850 | BD79: =[2]หน้าผ้า!CA93 -> 0
A80: =[2]หน้าผ้า!C94 -> 45857 | B80: =[2]หน้าผ้า!B94 -> MK68-000902 | C80: =[2]หน้าผ้า!E94 -> บจก.อินเทคค์ โกลบอล | D80: =[2]หน้าผ้า!F94 -> เพอเฟคค์ 000 | E80: =[2]หน้าผ้า!G94 -> 20 | F80: =[2]หน้าผ้า!H94 -> 36 | G80: =[2]หน้าผ้า!I94 -> ขาว | H80: =[2]หน้าผ้า!J94 -> ด้าน | I80: =[2]หน้าผ้า!L94 -> 100 | J80: =[2]หน้าผ้า!M94 -> ± | K80: =[2]หน้าผ้า!N94 -> 5 | L80: =[2]หน้าผ้า!R94 -> จับจีบ | M80: =[2]หน้าผ้า!T94 -> ไม่สวมถุงใน | N80: =[2]หน้าผ้า!U94 -> 0 | O80: =[2]หน้าผ้า!V94 -> 0 | P80: =[2]หน้าผ้า!AB94 -> 0 | Q80: =[2]หน้าผ้า!AC94 -> 0 | R80: =[2]หน้าผ้า!AD94 -> 0 | S80: =[2]หน้าผ้า!Z94 -> มัด80 ใช้สายรัด | T80: =[2]หน้าผ้า!X94 -> 45869 | U80: =[2]หน้าผ้า!AA94 -> 10000 | V80: =[2]หน้าผ้า!AJ94 -> 9880 | W80: =[2]หน้าผ้า!AL94 -> 120 | X80: =[2]หน้าผ้า!AM94 -> 11000 | Y80: =[2]หน้าผ้า!AN94 -> 0 | Z80: =[2]หน้าผ้า!AO94 -> WSWT2025800SM | AA80: =[2]หน้าผ้า!AQ94 -> 0 | AB80: =[2]หน้าผ้า!AR94 -> 0 | AC80: =[2]หน้าผ้า!AS94 -> 0 | AD80: =[2]หน้าผ้า!AT94 -> 0 | AE80: =[2]หน้าผ้า!AU94 -> 0 | AF80: =[2]หน้าผ้า!AI94 -> 0 | AG80: =[3]หน้าผ้า!DC97 -> พร้อมส่ง | AH80: =[2]หน้าผ้า!DL94 -> P6 | AI80: =[2]หน้าผ้า!DM94 -> 4 | AJ80: =[2]หน้าผ้า!DN94 -> 45869 | AK80: =[2]หน้าผ้า!DQ94 -> 45865 | AL80: =[2]หน้าผ้า!DR94 -> 45858 | AM80: =[2]หน้าผ้า!DS94 -> 45866 | AN80: =[2]หน้าผ้า!DT94 -> 45867 | AO80: =[2]หน้าผ้า!DU94 -> 45868 | AP80: =[2]หน้าผ้า!DP94 -> 45864 | AQ80: =[2]หน้าผ้า!DW94 -> 0 | AR80: =[2]หน้าผ้า!DX94 -> 0 | AS80: =[2]หน้าผ้า!DY94 -> 0 | AT80: =[2]หน้าผ้า!DZ94 -> 0 | AU80: =[2]หน้าผ้า!EA94 -> 0 | AV80: =[2]หน้าผ้า!EB94 -> 0 | AW80: =[2]หน้าผ้า!EC94 -> งานเคลือบ+พิมพ์ | AX80: =[2]หน้าผ้า!ED94 -> / | AY80: =[2]หน้าผ้า!AG94 -> 0 | AZ80: =[2]หน้าผ้า!EG94 -> 0 | BA80: =[2]หน้าผ้า!EH94 -> 0 | BB80: =[2]หน้าผ้า!EI94 -> 0 | BC80: =[2]หน้าผ้า!BZ94 -> WRWT25850/WRWT25850 | BD80: =[2]หน้าผ้า!CA94 -> 0
A81: =[2]หน้าผ้า!C95 -> 45796 | B81: =[2]หน้าผ้า!B95 -> MK68-000673 | C81: =[2]หน้าผ้า!E95 -> บจก.อินเทคค์ โกลบอล | D81: =[2]หน้าผ้า!F95 -> เพอเฟคค์ 000 | E81: =[2]หน้าผ้า!G95 -> 20 | F81: =[2]หน้าผ้า!H95 -> 36 | G81: =[2]หน้าผ้า!I95 -> ขาว | H81: =[2]หน้าผ้า!J95 -> ด้าน | I81: =[2]หน้าผ้า!L95 -> 100 | J81: =[2]หน้าผ้า!M95 -> ± | K81: =[2]หน้าผ้า!N95 -> 5 | L81: =[2]หน้าผ้า!R95 -> จับจีบ | M81: =[2]หน้าผ้า!T95 -> ไม่สวมถุงใน | N81: =[2]หน้าผ้า!U95 -> 0 | O81: =[2]หน้าผ้า!V95 -> 0 | P81: =[2]หน้าผ้า!AB95 -> 0 | Q81: =[2]หน้าผ้า!AC95 -> 0 | R81: =[2]หน้าผ้า!AD95 -> 0 | S81: =[2]หน้าผ้า!Z95 -> มัด80 ใช้สายรัด | T81: =[2]หน้าผ้า!X95 -> 45869 | U81: =[2]หน้าผ้า!AA95 -> 179 | V81: =[2]หน้าผ้า!AJ95 -> 179 | W81: =[2]หน้าผ้า!AL95 -> 0 | X81: =[2]หน้าผ้า!AM95 -> 200 | Y81: =[2]หน้าผ้า!AN95 -> 0 | Z81: =[2]หน้าผ้า!AO95 -> WSWT2025800SM | AA81: =[2]หน้าผ้า!AQ95 -> 0 | AB81: =[2]หน้าผ้า!AR95 -> 0 | AC81: =[2]หน้าผ้า!AS95 -> 0 | AD81: =[2]หน้าผ้า!AT95 -> 0 | AE81: =[2]หน้าผ้า!AU95 -> 0 | AF81: =[2]หน้าผ้า!AI95 -> 0 | AG81: =[3]หน้าผ้า!DC98 -> พร้อมส่ง | AH81: =[2]หน้าผ้า!DL95 -> P6 | AI81: =[2]หน้าผ้า!DM95 -> 4 | AJ81: =[2]หน้าผ้า!DN95 -> 45869 | AK81: =[2]หน้าผ้า!DQ95 -> 45865 | AL81: =[2]หน้าผ้า!DR95 -> 45858 | AM81: =[2]หน้าผ้า!DS95 -> 45866 | AN81: =[2]หน้าผ้า!DT95 -> 45867 | AO81: =[2]หน้าผ้า!DU95 -> 45868 | AP81: =[2]หน้าผ้า!DP95 -> 45864 | AQ81: =[2]หน้าผ้า!DW95 -> 0 | AR81: =[2]หน้าผ้า!DX95 -> 0 | AS81: =[2]หน้าผ้า!DY95 -> 0 | AT81: =[2]หน้าผ้า!DZ95 -> 0 | AU81: =[2]หน้าผ้า!EA95 -> 0 | AV81: =[2]หน้าผ้า!EB95 -> 0 | AW81: =[2]หน้าผ้า!EC95 -> งานเคลือบ+พิมพ์ | AX81: =[2]หน้าผ้า!ED95 -> / | AY81: =[2]หน้าผ้า!AG95 -> 0 | AZ81: =[2]หน้าผ้า!EG95 -> 0 | BA81: =[2]หน้าผ้า!EH95 -> 0 | BB81: =[2]หน้าผ้า!EI95 -> 0 | BC81: =[2]หน้าผ้า!BZ95 -> WRWT25850/WRWT25850 | BD81: =[2]หน้าผ้า!CA95 -> 0
A82: =[2]หน้าผ้า!C96 -> 45857 | B82: =[2]หน้าผ้า!B96 -> MK68-000902 | C82: =[2]หน้าผ้า!E96 -> บจก.อินเทคค์ โกลบอล | D82: =[2]หน้าผ้า!F96 -> เพอเฟคค์911 | E82: =[2]หน้าผ้า!G96 -> 20 | F82: =[2]หน้าผ้า!H96 -> 36 | G82: =[2]หน้าผ้า!I96 -> ขาว | H82: =[2]หน้าผ้า!J96 -> ด้าน | I82: =[2]หน้าผ้า!L96 -> 100 | J82: =[2]หน้าผ้า!M96 -> ± | K82: =[2]หน้าผ้า!N96 -> 5 | L82: =[2]หน้าผ้า!R96 -> จับจีบ | M82: =[2]หน้าผ้า!T96 -> ไม่สวมถุงใน | N82: =[2]หน้าผ้า!U96 -> 0 | O82: =[2]หน้าผ้า!V96 -> 0 | P82: =[2]หน้าผ้า!AB96 -> 0 | Q82: =[2]หน้าผ้า!AC96 -> 0 | R82: =[2]หน้าผ้า!AD96 -> 0 | S82: =[2]หน้าผ้า!Z96 -> มัด80 ใช้สายรัด | T82: =[2]หน้าผ้า!X96 -> 45869 | U82: =[2]หน้าผ้า!AA96 -> 5040 | V82: =[2]หน้าผ้า!AJ96 -> 5040 | W82: =[2]หน้าผ้า!AL96 -> 0 | X82: =[2]หน้าผ้า!AM96 -> 6010 | Y82: =[2]หน้าผ้า!AN96 -> 0 | Z82: =[2]หน้าผ้า!AO96 -> WSWT2025800SM | AA82: =[2]หน้าผ้า!AQ96 -> 0 | AB82: =[2]หน้าผ้า!AR96 -> 0 | AC82: =[2]หน้าผ้า!AS96 -> 0 | AD82: =[2]หน้าผ้า!AT96 -> 0 | AE82: =[2]หน้าผ้า!AU96 -> 0 | AF82: =[2]หน้าผ้า!AI96 -> 0 | AG82: =[3]หน้าผ้า!DC99 -> ยังไม่ได้พิมพ์ | AH82: =[2]หน้าผ้า!DL96 -> P6 | AI82: =[2]หน้าผ้า!DM96 -> 4 | AJ82: =[2]หน้าผ้า!DN96 -> 45869 | AK82: =[2]หน้าผ้า!DQ96 -> 45865 | AL82: =[2]หน้าผ้า!DR96 -> 45858 | AM82: =[2]หน้าผ้า!DS96 -> 45866 | AN82: =[2]หน้าผ้า!DT96 -> 45867 | AO82: =[2]หน้าผ้า!DU96 -> 45868 | AP82: =[2]หน้าผ้า!DP96 -> 45864 | AQ82: =[2]หน้าผ้า!DW96 -> 0 | AR82: =[2]หน้าผ้า!DX96 -> 0 | AS82: =[2]หน้าผ้า!DY96 -> 0 | AT82: =[2]หน้าผ้า!DZ96 -> 0 | AU82: =[2]หน้าผ้า!EA96 -> 0 | AV82: =[2]หน้าผ้า!EB96 -> 0 | AW82: =[2]หน้าผ้า!EC96 -> งานเคลือบ+พิมพ์ | AX82: =[2]หน้าผ้า!ED96 -> / | AY82: =[2]หน้าผ้า!AG96 -> 0 | AZ82: =[2]หน้าผ้า!EG96 -> 0 | BA82: =[2]หน้าผ้า!EH96 -> 0 | BB82: =[2]หน้าผ้า!EI96 -> 0 | BC82: =[2]หน้าผ้า!BZ96 -> WRWT25850/WRWT25850 | BD82: =[2]หน้าผ้า!CA96 -> 0
A83: =[2]หน้าผ้า!C97 -> 45857 | B83: =[2]หน้าผ้า!B97 -> MK68-000902 | C83: =[2]หน้าผ้า!E97 -> บจก.อินเทคค์ โกลบอล | D83: =[2]หน้าผ้า!F97 -> เพอเฟคค์912 | E83: =[2]หน้าผ้า!G97 -> 20 | F83: =[2]หน้าผ้า!H97 -> 36 | G83: =[2]หน้าผ้า!I97 -> ขาว | H83: =[2]หน้าผ้า!J97 -> ด้าน | I83: =[2]หน้าผ้า!L97 -> 100 | J83: =[2]หน้าผ้า!M97 -> ± | K83: =[2]หน้าผ้า!N97 -> 5 | L83: =[2]หน้าผ้า!R97 -> จับจีบ | M83: =[2]หน้าผ้า!T97 -> ไม่สวมถุงใน | N83: =[2]หน้าผ้า!U97 -> 0 | O83: =[2]หน้าผ้า!V97 -> 0 | P83: =[2]หน้าผ้า!AB97 -> 0 | Q83: =[2]หน้าผ้า!AC97 -> 0 | R83: =[2]หน้าผ้า!AD97 -> 0 | S83: =[2]หน้าผ้า!Z97 -> มัด80 ใช้สายรัด | T83: =[2]หน้าผ้า!X97 -> 45869 | U83: =[2]หน้าผ้า!AA97 -> 5040 | V83: =[2]หน้าผ้า!AJ97 -> 5040 | W83: =[2]หน้าผ้า!AL97 -> 0 | X83: =[2]หน้าผ้า!AM97 -> 6145 | Y83: =[2]หน้าผ้า!AN97 -> 0 | Z83: =[2]หน้าผ้า!AO97 -> WSWT2025800SM | AA83: =[2]หน้าผ้า!AQ97 -> 0 | AB83: =[2]หน้าผ้า!AR97 -> 0 | AC83: =[2]หน้าผ้า!AS97 -> 0 | AD83: =[2]หน้าผ้า!AT97 -> 0 | AE83: =[2]หน้าผ้า!AU97 -> 0 | AF83: =[2]หน้าผ้า!AI97 -> 0 | AG83: =[3]หน้าผ้า!DC100 -> ยังไม่ได้พิมพ์ | AH83: =[2]หน้าผ้า!DL97 -> P6 | AI83: =[2]หน้าผ้า!DM97 -> 4 | AJ83: =[2]หน้าผ้า!DN97 -> 45869 | AK83: =[2]หน้าผ้า!DQ97 -> 45865 | AL83: =[2]หน้าผ้า!DR97 -> 45858 | AM83: =[2]หน้าผ้า!DS97 -> 45866 | AN83: =[2]หน้าผ้า!DT97 -> 45867 | AO83: =[2]หน้าผ้า!DU97 -> 45868 | AP83: =[2]หน้าผ้า!DP97 -> 45864 | AQ83: =[2]หน้าผ้า!DW97 -> 0 | AR83: =[2]หน้าผ้า!DX97 -> 0 | AS83: =[2]หน้าผ้า!DY97 -> 0 | AT83: =[2]หน้าผ้า!DZ97 -> 0 | AU83: =[2]หน้าผ้า!EA97 -> 0 | AV83: =[2]หน้าผ้า!EB97 -> 0 | AW83: =[2]หน้าผ้า!EC97 -> งานเคลือบ+พิมพ์ | AX83: =[2]หน้าผ้า!ED97 -> / | AY83: =[2]หน้าผ้า!AG97 -> 0 | AZ83: =[2]หน้าผ้า!EG97 -> 0 | BA83: =[2]หน้าผ้า!EH97 -> 0 | BB83: =[2]หน้าผ้า!EI97 -> 0 | BC83: =[2]หน้าผ้า!BZ97 -> WRWT25850/WRWT25850 | BD83: =[2]หน้าผ้า!CA97 -> 0
A84: =[2]หน้าผ้า!C98 -> 45857 | B84: =[2]หน้าผ้า!B98 -> MK68-000906 | C84: =[2]หน้าผ้า!E98 -> บจก.อินเทคค์ โกลบอล | D84: =[2]หน้าผ้า!F98 -> สุบรรณ 333 | E84: =[2]หน้าผ้า!G98 -> 20 | F84: =[2]หน้าผ้า!H98 -> 36 | G84: =[2]หน้าผ้า!I98 -> ขาว | H84: =[2]หน้าผ้า!J98 -> ด้าน | I84: =[2]หน้าผ้า!L98 -> 100 | J84: =[2]หน้าผ้า!M98 -> ± | K84: =[2]หน้าผ้า!N98 -> 5 | L84: =[2]หน้าผ้า!R98 -> จับจีบ3.5" | M84: =[2]หน้าผ้า!T98 -> ไม่สวมถุงใน | N84: =[2]หน้าผ้า!U98 -> 0 | O84: =[2]หน้าผ้า!V98 -> 0 | P84: =[2]หน้าผ้า!AB98 -> 0 | Q84: =[2]หน้าผ้า!AC98 -> 0 | R84: =[2]หน้าผ้า!AD98 -> 0 | S84: =[2]หน้าผ้า!Z98 -> มัด80 ใช้สายรัด | T84: =[2]หน้าผ้า!X98 -> 45869 | U84: =[2]หน้าผ้า!AA98 -> 5040 | V84: =[2]หน้าผ้า!AJ98 -> 5040 | W84: =[2]หน้าผ้า!AL98 -> 0 | X84: =[2]หน้าผ้า!AM98 -> 6000 | Y84: =[2]หน้าผ้า!AN98 -> 0 | Z84: =[2]หน้าผ้า!AO98 -> WSWT2025800SM | AA84: =[2]หน้าผ้า!AQ98 -> 0 | AB84: =[2]หน้าผ้า!AR98 -> 0 | AC84: =[2]หน้าผ้า!AS98 -> 0 | AD84: =[2]หน้าผ้า!AT98 -> 0 | AE84: =[2]หน้าผ้า!AU98 -> 0 | AF84: =[2]หน้าผ้า!AI98 -> 0 | AG84: =[3]หน้าผ้า!DC101 -> ยังไม่ได้พิมพ์ | AH84: =[2]หน้าผ้า!DL98 -> P6 | AI84: =[2]หน้าผ้า!DM98 -> 4 | AJ84: =[2]หน้าผ้า!DN98 -> 45869 | AK84: =[2]หน้าผ้า!DQ98 -> 45865 | AL84: =[2]หน้าผ้า!DR98 -> 45858 | AM84: =[2]หน้าผ้า!DS98 -> 45866 | AN84: =[2]หน้าผ้า!DT98 -> 45867 | AO84: =[2]หน้าผ้า!DU98 -> 45868 | AP84: =[2]หน้าผ้า!DP98 -> 45864 | AQ84: =[2]หน้าผ้า!DW98 -> 0 | AR84: =[2]หน้าผ้า!DX98 -> 0 | AS84: =[2]หน้าผ้า!DY98 -> 0 | AT84: =[2]หน้าผ้า!DZ98 -> 0 | AU84: =[2]หน้าผ้า!EA98 -> 0 | AV84: =[2]หน้าผ้า!EB98 -> 0 | AW84: =[2]หน้าผ้า!EC98 -> งานเคลือบ+พิมพ์ | AX84: =[2]หน้าผ้า!ED98 -> / | AY84: =[2]หน้าผ้า!AG98 -> 0 | AZ84: =[2]หน้าผ้า!EG98 -> 0 | BA84: =[2]หน้าผ้า!EH98 -> 0 | BB84: =[2]หน้าผ้า!EI98 -> 0 | BC84: =[2]หน้าผ้า!BZ98 -> WRWT25850/WRWT25850 | BD84: =[2]หน้าผ้า!CA98 -> 0
A85: =[2]หน้าผ้า!C99 -> 45847 | B85: =[2]หน้าผ้า!B99 -> MK68-000874 | C85: =[2]หน้าผ้า!E99 -> บจก.เอสพีเอ็ม อาหารสัตว์ | D85: =[2]หน้าผ้า!F99 -> SPM 912 | E85: =[2]หน้าผ้า!G99 -> 20 | F85: =[2]หน้าผ้า!H99 -> 38 | G85: =[2]หน้าผ้า!I99 -> ขาว | H85: =[2]หน้าผ้า!J99 -> ด้าน | I85: =[2]หน้าผ้า!L99 -> 100 | J85: =[2]หน้าผ้า!M99 -> ± | K85: =[2]หน้าผ้า!N99 -> 5 | L85: =[2]หน้าผ้า!R99 -> บิด | M85: =[2]หน้าผ้า!T99 -> ไม่สวมถุงใน | N85: =[2]หน้าผ้า!U99 -> 0 | O85: =[2]หน้าผ้า!V99 -> 0 | P85: =[2]หน้าผ้า!AB99 -> 0 | Q85: =[2]หน้าผ้า!AC99 -> 0 | R85: =[2]หน้าผ้า!AD99 -> 0 | S85: =[2]หน้าผ้า!Z99 -> 500กระสอบแบน | T85: =[2]หน้าผ้า!X99 -> 45876 | U85: =[2]หน้าผ้า!AA99 -> 3000 | V85: =[2]หน้าผ้า!AJ99 -> 0 | W85: =[2]หน้าผ้า!AL99 -> 3000 | X85: =[2]หน้าผ้า!AM99 -> 0 | Y85: =[2]หน้าผ้า!AN99 -> 3150 | Z85: =[2]หน้าผ้า!AO99 -> WSWT2025800SM | AA85: =[2]หน้าผ้า!AQ99 -> 3310.89 | AB85: =[2]หน้าผ้า!AR99 -> 3310.89 | AC85: =[2]หน้าผ้า!AS99 -> 0 | AD85: =[2]หน้าผ้า!AT99 -> 3310.89 | AE85: =[2]หน้าผ้า!AU99 -> 0 | AF85: =[2]หน้าผ้า!AI99 -> 0 | AG85: =[3]หน้าผ้า!DC102 -> ยังไม่ได้พิมพ์ | AH85: =[2]หน้าผ้า!DL99 -> P6 | AI85: =[2]หน้าผ้า!DM99 -> 4 | AJ85: =[2]หน้าผ้า!DN99 -> 45876 | AK85: =[2]หน้าผ้า!DQ99 -> 45872 | AL85: =[2]หน้าผ้า!DR99 -> 45865 | AM85: =[2]หน้าผ้า!DS99 -> 45873 | AN85: =[2]หน้าผ้า!DT99 -> 45874 | AO85: =[2]หน้าผ้า!DU99 -> 45875 | AP85: =[2]หน้าผ้า!DP99 -> 45871 | AQ85: =[2]หน้าผ้า!DW99 -> 0 | AR85: =[2]หน้าผ้า!DX99 -> 0 | AS85: =[2]หน้าผ้า!DY99 -> 0 | AT85: =[2]หน้าผ้า!DZ99 -> 0 | AU85: =[2]หน้าผ้า!EA99 -> 0 | AV85: =[2]หน้าผ้า!EB99 -> 0 | AW85: =[2]หน้าผ้า!EC99 -> งานเคลือบ+พิมพ์ | AX85: =[2]หน้าผ้า!ED99 -> / | AY85: =[2]หน้าผ้า!AG99 -> 0 | AZ85: =[2]หน้าผ้า!EG99 -> 0 | BA85: =[2]หน้าผ้า!EH99 -> 0 | BB85: =[2]หน้าผ้า!EI99 -> 0 | BC85: =[2]หน้าผ้า!BZ99 -> WRWT25850/WRWT25850 | BD85: =[2]หน้าผ้า!CA99 -> 0
A86: =[2]หน้าผ้า!C100 -> 45863 | B86: =[2]หน้าผ้า!B100 -> MK68-000928 | C86: =[2]หน้าผ้า!E100 -> บจก.เอสพีเอ็ม อาหารสัตว์ | D86: =[2]หน้าผ้า!F100 -> SPM 212 | E86: =[2]หน้าผ้า!G100 -> 20 | F86: =[2]หน้าผ้า!H100 -> 40 | G86: =[2]หน้าผ้า!I100 -> ขาว | H86: =[2]หน้าผ้า!J100 -> ด้าน | I86: =[2]หน้าผ้า!L100 -> 108 | J86: =[2]หน้าผ้า!M100 -> ± | K86: =[2]หน้าผ้า!N100 -> 5 | L86: =[2]หน้าผ้า!R100 -> บิด | M86: =[2]หน้าผ้า!T100 -> ไม่สวมถุงใน | N86: =[2]หน้าผ้า!U100 -> 0 | O86: =[2]หน้าผ้า!V100 -> 0 | P86: =[2]หน้าผ้า!AB100 -> 0 | Q86: =[2]หน้าผ้า!AC100 -> 0 | R86: =[2]หน้าผ้า!AD100 -> 0 | S86: =[2]หน้าผ้า!Z100 -> 500กระสอบแบน | T86: =[2]หน้าผ้า!X100 -> 45876 | U86: =[2]หน้าผ้า!AA100 -> 3000 | V86: =[2]หน้าผ้า!AJ100 -> 0 | W86: =[2]หน้าผ้า!AL100 -> 3000 | X86: =[2]หน้าผ้า!AM100 -> 0 | Y86: =[2]หน้าผ้า!AN100 -> 3150 | Z86: =[2]หน้าผ้า!AO100 -> WSWT2025800SM | AA86: =[2]หน้าผ้า!AQ100 -> 3478.53 | AB86: =[2]หน้าผ้า!AR100 -> 3478.53 | AC86: =[2]หน้าผ้า!AS100 -> 0 | AD86: =[2]หน้าผ้า!AT100 -> 3478.53 | AE86: =[2]หน้าผ้า!AU100 -> 0 | AF86: =[2]หน้าผ้า!AI100 -> 0 | AG86: =[3]หน้าผ้า!DC103 -> ยังไม่ได้พิมพ์ | AH86: =[2]หน้าผ้า!DL100 -> P6 | AI86: =[2]หน้าผ้า!DM100 -> 4 | AJ86: =[2]หน้าผ้า!DN100 -> 45876 | AK86: =[2]หน้าผ้า!DQ100 -> 45872 | AL86: =[2]หน้าผ้า!DR100 -> 45865 | AM86: =[2]หน้าผ้า!DS100 -> 45873 | AN86: =[2]หน้าผ้า!DT100 -> 45874 | AO86: =[2]หน้าผ้า!DU100 -> 45875 | AP86: =[2]หน้าผ้า!DP100 -> 45871 | AQ86: =[2]หน้าผ้า!DW100 -> 0 | AR86: =[2]หน้าผ้า!DX100 -> 0 | AS86: =[2]หน้าผ้า!DY100 -> 0 | AT86: =[2]หน้าผ้า!DZ100 -> 0 | AU86: =[2]หน้าผ้า!EA100 -> 0 | AV86: =[2]หน้าผ้า!EB100 -> 0 | AW86: =[2]หน้าผ้า!EC100 -> งานเคลือบ+พิมพ์ | AX86: =[2]หน้าผ้า!ED100 -> / | AY86: =[2]หน้าผ้า!AG100 -> 0 | AZ86: =[2]หน้าผ้า!EG100 -> 0 | BA86: =[2]หน้าผ้า!EH100 -> 0 | BB86: =[2]หน้าผ้า!EI100 -> 0 | BC86: =[2]หน้าผ้า!BZ100 -> WRWT25850/WRWT25850 | BD86: =[2]หน้าผ้า!CA100 -> 0
A87: =[2]หน้าผ้า!C101 -> 45850 | B87: =[2]หน้าผ้า!B101 -> MK68-000880 | C87: =[2]หน้าผ้า!E101 -> บจก.เอพีเอ็ม อะโกร | D87: =[2]หน้าผ้า!F101 -> SPM195 GOAL | E87: =[2]หน้าผ้า!G101 -> 20 | F87: =[2]หน้าผ้า!H101 -> 38 | G87: =[2]หน้าผ้า!I101 -> ขาว | H87: =[2]หน้าผ้า!J101 -> ใส | I87: =[2]หน้าผ้า!L101 -> 100 | J87: =[2]หน้าผ้า!M101 -> ± | K87: =[2]หน้าผ้า!N101 -> 5 | L87: =[2]หน้าผ้า!R101 -> บิด | M87: =[2]หน้าผ้า!T101 -> ไม่สวมถุงใน | N87: =[2]หน้าผ้า!U101 -> 0 | O87: =[2]หน้าผ้า!V101 -> 0 | P87: =[2]หน้าผ้า!AB101 -> 0 | Q87: =[2]หน้าผ้า!AC101 -> 0 | R87: =[2]หน้าผ้า!AD101 -> 0 | S87: =[2]หน้าผ้า!Z101 -> 500กระสอบแบน | T87: =[2]หน้าผ้า!X101 -> 45889 | U87: =[2]หน้าผ้า!AA101 -> 4000 | V87: =[2]หน้าผ้า!AJ101 -> 0 | W87: =[2]หน้าผ้า!AL101 -> 4000 | X87: =[2]หน้าผ้า!AM101 -> 0 | Y87: =[2]หน้าผ้า!AN101 -> 4200 | Z87: =[2]หน้าผ้า!AO101 -> WSWT2025800SM | AA87: =[2]หน้าผ้า!AQ101 -> 4414.52 | AB87: =[2]หน้าผ้า!AR101 -> 4414.52 | AC87: =[2]หน้าผ้า!AS101 -> 0 | AD87: =[2]หน้าผ้า!AT101 -> 4414.52 | AE87: =[2]หน้าผ้า!AU101 -> 0 | AF87: =[2]หน้าผ้า!AI101 -> 0 | AG87: =[3]หน้าผ้า!DC104 -> ยังไม่ได้พิมพ์ | AH87: =[2]หน้าผ้า!DL101 -> P6 | AI87: =[2]หน้าผ้า!DM101 -> 4 | AJ87: =[2]หน้าผ้า!DN101 -> 45889 | AK87: =[2]หน้าผ้า!DQ101 -> 45885 | AL87: =[2]หน้าผ้า!DR101 -> 45878 | AM87: =[2]หน้าผ้า!DS101 -> 45886 | AN87: =[2]หน้าผ้า!DT101 -> 45887 | AO87: =[2]หน้าผ้า!DU101 -> 45888 | AP87: =[2]หน้าผ้า!DP101 -> 45884 | AQ87: =[2]หน้าผ้า!DW101 -> 0 | AR87: =[2]หน้าผ้า!DX101 -> 0 | AS87: =[2]หน้าผ้า!DY101 -> 0 | AT87: =[2]หน้าผ้า!DZ101 -> 0 | AU87: =[2]หน้าผ้า!EA101 -> 0 | AV87: =[2]หน้าผ้า!EB101 -> 0 | AW87: =[2]หน้าผ้า!EC101 -> งานเคลือบ+พิมพ์ | AX87: =[2]หน้าผ้า!ED101 -> / | AY87: =[2]หน้าผ้า!AG101 -> 0 | AZ87: =[2]หน้าผ้า!EG101 -> 0 | BA87: =[2]หน้าผ้า!EH101 -> 0 | BB87: =[2]หน้าผ้า!EI101 -> 0 | BC87: =[2]หน้าผ้า!BZ101 -> WRWT25850/WRWT25850 | BD87: =[2]หน้าผ้า!CA101 -> 0
A88: =[2]หน้าผ้า!C102 -> 45868 | B88: =[2]หน้าผ้า!B102 -> ใบรับคำสั่งซื้อ | C88: =[2]หน้าผ้า!E102 -> บจก.วีซีเอฟ | D88: =[2]หน้าผ้า!F102 -> VC 100 | E88: =[2]หน้าผ้า!G102 -> 20 | F88: =[2]หน้าผ้า!H102 -> 37 | G88: =[2]หน้าผ้า!I102 -> ขาว | H88: =[2]หน้าผ้า!J102 -> ใส | I88: =[2]หน้าผ้า!L102 -> 100 | J88: =[2]หน้าผ้า!M102 -> ± | K88: =[2]หน้าผ้า!N102 -> 5 | L88: =[2]หน้าผ้า!R102 -> บิด | M88: =[2]หน้าผ้า!T102 -> ไม่สวมถุงใน | N88: =[2]หน้าผ้า!U102 -> 0 | O88: =[2]หน้าผ้า!V102 -> 0 | P88: =[2]หน้าผ้า!AB102 -> 0 | Q88: =[2]หน้าผ้า!AC102 -> 0 | R88: =[2]หน้าผ้า!AD102 -> 0 | S88: =[2]หน้าผ้า!Z102 -> 500กระสอบแบน | T88: =[2]หน้าผ้า!X102 -> 45894 | U88: =[2]หน้าผ้า!AA102 -> 30000 | V88: =[2]หน้าผ้า!AJ102 -> 0 | W88: =[2]หน้าผ้า!AL102 -> 30000 | X88: =[2]หน้าผ้า!AM102 -> 0 | Y88: =[2]หน้าผ้า!AN102 -> 31500 | Z88: =[2]หน้าผ้า!AO102 -> WSWT2025800SM | AA88: =[2]หน้าผ้า!AQ102 -> 32270.7 | AB88: =[2]หน้าผ้า!AR102 -> 0 | AC88: =[2]หน้าผ้า!AS102 -> 32270.7 | AD88: =[2]หน้าผ้า!AT102 -> 0 | AE88: =[2]หน้าผ้า!AU102 -> 32270.7 | AF88: =[2]หน้าผ้า!AI102 -> 0 | AG88: =[3]หน้าผ้า!DC105 -> รอแบบ | AH88: =[2]หน้าผ้า!DL102 -> P6 | AI88: =[2]หน้าผ้า!DM102 -> 4 | AJ88: =[2]หน้าผ้า!DN102 -> 45894 | AK88: =[2]หน้าผ้า!DQ102 -> 45890 | AL88: =[2]หน้าผ้า!DR102 -> 45883 | AM88: =[2]หน้าผ้า!DS102 -> 45891 | AN88: =[2]หน้าผ้า!DT102 -> 45892 | AO88: =[2]หน้าผ้า!DU102 -> 45893 | AP88: =[2]หน้าผ้า!DP102 -> 45889 | AQ88: =[2]หน้าผ้า!DW102 -> 0 | AR88: =[2]หน้าผ้า!DX102 -> 0 | AS88: =[2]หน้าผ้า!DY102 -> 0 | AT88: =[2]หน้าผ้า!DZ102 -> 0 | AU88: =[2]หน้าผ้า!EA102 -> 0 | AV88: =[2]หน้าผ้า!EB102 -> 0 | AW88: =[2]หน้าผ้า!EC102 -> งานเคลือบ+พิมพ์ | AX88: =[2]หน้าผ้า!ED102 -> รอART | AY88: =[2]หน้าผ้า!AG102 -> 0 | AZ88: =[2]หน้าผ้า!EG102 -> 0 | BA88: =[2]หน้าผ้า!EH102 -> 0 | BB88: =[2]หน้าผ้า!EI102 -> 0 | BC88: =[2]หน้าผ้า!BZ102 -> WRWT25850/WRWT25850 | BD88: =[2]หน้าผ้า!CA102 -> 2438.2307
A89: =[2]หน้าผ้า!C103 -> 45868 | B89: =[2]หน้าผ้า!B103 -> ใบรับคำสั่งซื้อ | C89: =[2]หน้าผ้า!E103 -> บจก.วีซีเอฟ | D89: =[2]หน้าผ้า!F103 -> VC 193 | E89: =[2]หน้าผ้า!G103 -> 20 | F89: =[2]หน้าผ้า!H103 -> 37 | G89: =[2]หน้าผ้า!I103 -> ขาว | H89: =[2]หน้าผ้า!J103 -> ใส | I89: =[2]หน้าผ้า!L103 -> 100 | J89: =[2]หน้าผ้า!M103 -> ± | K89: =[2]หน้าผ้า!N103 -> 5 | L89: =[2]หน้าผ้า!R103 -> บิด | M89: =[2]หน้าผ้า!T103 -> ไม่สวมถุงใน | N89: =[2]หน้าผ้า!U103 -> 0 | O89: =[2]หน้าผ้า!V103 -> 0 | P89: =[2]หน้าผ้า!AB103 -> 0 | Q89: =[2]หน้าผ้า!AC103 -> 0 | R89: =[2]หน้าผ้า!AD103 -> 0 | S89: =[2]หน้าผ้า!Z103 -> 500กระสอบแบน | T89: =[2]หน้าผ้า!X103 -> 45894 | U89: =[2]หน้าผ้า!AA103 -> 20000 | V89: =[2]หน้าผ้า!AJ103 -> 0 | W89: =[2]หน้าผ้า!AL103 -> 20000 | X89: =[2]หน้าผ้า!AM103 -> 0 | Y89: =[2]หน้าผ้า!AN103 -> 21000 | Z89: =[2]หน้าผ้า!AO103 -> WSWT2025800SM | AA89: =[2]หน้าผ้า!AQ103 -> 21513.8 | AB89: =[2]หน้าผ้า!AR103 -> 0 | AC89: =[2]หน้าผ้า!AS103 -> 21513.8 | AD89: =[2]หน้าผ้า!AT103 -> 0 | AE89: =[2]หน้าผ้า!AU103 -> 21513.8 | AF89: =[2]หน้าผ้า!AI103 -> 0 | AG89: =[3]หน้าผ้า!DC106 -> รอแบบ | AH89: =[2]หน้าผ้า!DL103 -> P6 | AI89: =[2]หน้าผ้า!DM103 -> 4 | AJ89: =[2]หน้าผ้า!DN103 -> 45894 | AK89: =[2]หน้าผ้า!DQ103 -> 45890 | AL89: =[2]หน้าผ้า!DR103 -> 45883 | AM89: =[2]หน้าผ้า!DS103 -> 45891 | AN89: =[2]หน้าผ้า!DT103 -> 45892 | AO89: =[2]หน้าผ้า!DU103 -> 45893 | AP89: =[2]หน้าผ้า!DP103 -> 45889 | AQ89: =[2]หน้าผ้า!DW103 -> 0 | AR89: =[2]หน้าผ้า!DX103 -> 0 | AS89: =[2]หน้าผ้า!DY103 -> 0 | AT89: =[2]หน้าผ้า!DZ103 -> 0 | AU89: =[2]หน้าผ้า!EA103 -> 0 | AV89: =[2]หน้าผ้า!EB103 -> 0 | AW89: =[2]หน้าผ้า!EC103 -> งานเคลือบ+พิมพ์ | AX89: =[2]หน้าผ้า!ED103 -> รอART | AY89: =[2]หน้าผ้า!AG103 -> 0 | AZ89: =[2]หน้าผ้า!EG103 -> 0 | BA89: =[2]หน้าผ้า!EH103 -> 0 | BB89: =[2]หน้าผ้า!EI103 -> 0 | BC89: =[2]หน้าผ้า!BZ103 -> WRWT25850/WRWT25850 | BD89: =[2]หน้าผ้า!CA103 -> 1625.4871
A90: =[2]หน้าผ้า!C104 -> 45868 | B90: =[2]หน้าผ้า!B104 -> ใบรับคำสั่งซื้อ | C90: =[2]หน้าผ้า!E104 -> บจก.วีซีเอฟ | D90: =[2]หน้าผ้า!F104 -> JET 180 | E90: =[2]หน้าผ้า!G104 -> 20 | F90: =[2]หน้าผ้า!H104 -> 37 | G90: =[2]หน้าผ้า!I104 -> ขาว | H90: =[2]หน้าผ้า!J104 -> ใส | I90: =[2]หน้าผ้า!L104 -> 100 | J90: =[2]หน้าผ้า!M104 -> ± | K90: =[2]หน้าผ้า!N104 -> 5 | L90: =[2]หน้าผ้า!R104 -> ไม่ | M90: =[2]หน้าผ้า!T104 -> ไม่สวมถุงใน | N90: =[2]หน้าผ้า!U104 -> 0 | O90: =[2]หน้าผ้า!V104 -> 0 | P90: =[2]หน้าผ้า!AB104 -> 0 | Q90: =[2]หน้าผ้า!AC104 -> 0 | R90: =[2]หน้าผ้า!AD104 -> 0 | S90: =[2]หน้าผ้า!Z104 -> 500กระสอบแบน | T90: =[2]หน้าผ้า!X104 -> 45894 | U90: =[2]หน้าผ้า!AA104 -> 5000 | V90: =[2]หน้าผ้า!AJ104 -> 0 | W90: =[2]หน้าผ้า!AL104 -> 5000 | X90: =[2]หน้าผ้า!AM104 -> 0 | Y90: =[2]หน้าผ้า!AN104 -> 5250 | Z90: =[2]หน้าผ้า!AO104 -> WSWT2025800SM | AA90: =[2]หน้าผ้า!AQ104 -> 5378.45 | AB90: =[2]หน้าผ้า!AR104 -> 0 | AC90: =[2]หน้าผ้า!AS104 -> 5378.45 | AD90: =[2]หน้าผ้า!AT104 -> 0 | AE90: =[2]หน้าผ้า!AU104 -> 5378.45 | AF90: =[2]หน้าผ้า!AI104 -> 0 | AG90: =[3]หน้าผ้า!DC107 -> รอแบบ | AH90: =[2]หน้าผ้า!DL104 -> P6 | AI90: =[2]หน้าผ้า!DM104 -> 4 | AJ90: =[2]หน้าผ้า!DN104 -> 45894 | AK90: =[2]หน้าผ้า!DQ104 -> 45890 | AL90: =[2]หน้าผ้า!DR104 -> 45883 | AM90: =[2]หน้าผ้า!DS104 -> 45891 | AN90: =[2]หน้าผ้า!DT104 -> 45892 | AO90: =[2]หน้าผ้า!DU104 -> 45893 | AP90: =[2]หน้าผ้า!DP104 -> 45889 | AQ90: =[2]หน้าผ้า!DW104 -> 0 | AR90: =[2]หน้าผ้า!DX104 -> 0 | AS90: =[2]หน้าผ้า!DY104 -> 0 | AT90: =[2]หน้าผ้า!DZ104 -> 0 | AU90: =[2]หน้าผ้า!EA104 -> 0 | AV90: =[2]หน้าผ้า!EB104 -> 0 | AW90: =[2]หน้าผ้า!EC104 -> งานเคลือบ+พิมพ์ | AX90: =[2]หน้าผ้า!ED104 -> รอART | AY90: =[2]หน้าผ้า!AG104 -> 0 | AZ90: =[2]หน้าผ้า!EG104 -> 0 | BA90: =[2]หน้าผ้า!EH104 -> 0 | BB90: =[2]หน้าผ้า!EI104 -> 0 | BC90: =[2]หน้าผ้า!BZ104 -> WRWT25850/WRWT25850 | BD90: =[2]หน้าผ้า!CA104 -> 406.37178
... A116: =[2]หน้าผ้า!C130 -> 45720 | B116: =[2]หน้าผ้า!B130 -> ใบรับคำสั่งซื้อ | C116: =[2]หน้าผ้า!E130 -> บจก.เอพีเอ็ม อะโกร | D116: =[2]หน้าผ้า!F130 -> นีโอ พี4(เอส) | E116: =[2]หน้าผ้า!G130 -> 20 | F116: =[2]หน้าผ้า!H130 -> 38 | G116: =[2]หน้าผ้า!I130 -> ขาว | H116: =[2]หน้าผ้า!J130 -> ด้าน | I116: =[2]หน้าผ้า!L130 -> 100 | J116: =[2]หน้าผ้า!M130 -> ± | K116: =[2]หน้าผ้า!N130 -> 5 | L116: =[2]หน้าผ้า!R130 -> บิด | M116: =[2]หน้าผ้า!T130 -> ไม่สวมถุงใน | N116: =[2]หน้าผ้า!U130 -> 0 | O116: =[2]หน้าผ้า!V130 -> 0 | P116: =[2]หน้าผ้า!AB130 -> 0 | Q116: =[2]หน้าผ้า!AC130 -> 0 | R116: =[2]หน้าผ้า!AD130 -> 0 | S116: =[2]หน้าผ้า!Z130 -> 500กระสอบแบน | T116: =[2]หน้าผ้า!X130 -> รอส่ง | U116: =[2]หน้าผ้า!AA130 -> 3000 | V116: =[2]หน้าผ้า!AJ130 -> 3065 | W116: =[2]หน้าผ้า!AL130 -> 0 | X116: =[2]หน้าผ้า!AM130 -> 3300 | Y116: =[2]หน้าผ้า!AN130 -> 0 | Z116: =[2]หน้าผ้า!AO130 -> WSWT2025800SM | AA116: =[2]หน้าผ้า!AQ130 -> 0 | AB116: =[2]หน้าผ้า!AR130 -> 0 | AC116: =[2]หน้าผ้า!AS130 -> 0 | AD116: =[2]หน้าผ้า!AT130 -> 0 | AE116: =[2]หน้าผ้า!AU130 -> 0 | AF116: =[2]หน้าผ้า!AI130 -> 0 | AG116: =[3]หน้าผ้า!DC133 -> พร้อมส่ง | AH116: =[2]หน้าผ้า!DL130 -> P6 | AI116: =[2]หน้าผ้า!DM130 -> 4 | AJ116: =[2]หน้าผ้า!DN130 -> รอส่ง | AK116: =[2]หน้าผ้า!DQ130 -> #VALUE! | AL116: =[2]หน้าผ้า!DR130 -> #VALUE! | AM116: =[2]หน้าผ้า!DS130 -> #VALUE! | AN116: =[2]หน้าผ้า!DT130 -> #VALUE! | AO116: =[2]หน้าผ้า!DU130 -> #VALUE! | AP116: =[2]หน้าผ้า!DP130 -> #VALUE! | AQ116: =[2]หน้าผ้า!DW130 -> 0 | AR116: =[2]หน้าผ้า!DX130 -> 0 | AS116: =[2]หน้าผ้า!DY130 -> 0 | AT116: =[2]หน้าผ้า!DZ130 -> 0 | AU116: =[2]หน้าผ้า!EA130 -> 0 | AV116: =[2]หน้าผ้า!EB130 -> 0 | AW116: =[2]หน้าผ้า!EC130 -> งานเคลือบ+พิมพ์ | AX116: =[2]หน้าผ้า!ED130 -> / | AY116: =[2]หน้าผ้า!AG130 -> 0 | AZ116: =[2]หน้าผ้า!EG130 -> 0 | BA116: =[2]หน้าผ้า!EH130 -> 0 | BB116: =[2]หน้าผ้า!EI130 -> 0 | BC116: =[2]หน้าผ้า!BZ130 -> WRWT25850/WRWT25850 | BD116: =[2]หน้าผ้า!CA130 -> 0
A117: =[2]หน้าผ้า!C131 -> 45541 | B117: =[2]หน้าผ้า!B131 -> MK67-001236 | C117: =[2]หน้าผ้า!E131 -> บจก.เอพีเอ็ม อะโกร | D117: =[2]หน้าผ้า!F131 -> ยูฟีด รวมไก่ วัว | E117: =[2]หน้าผ้า!G131 -> 20 | F117: =[2]หน้าผ้า!H131 -> 40 | G117: =[2]หน้าผ้า!I131 -> ขาว | H117: =[2]หน้าผ้า!J131 -> ด้าน | I117: =[2]หน้าผ้า!L131 -> 108 | J117: =[2]หน้าผ้า!M131 -> ± | K117: =[2]หน้าผ้า!N131 -> 5 | L117: =[2]หน้าผ้า!R131 -> บิด | M117: =[2]หน้าผ้า!T131 -> ไม่สวมถุงใน | N117: =[2]หน้าผ้า!U131 -> 0 | O117: =[2]หน้าผ้า!V131 -> 0 | P117: =[2]หน้าผ้า!AB131 -> 0 | Q117: =[2]หน้าผ้า!AC131 -> 0 | R117: =[2]หน้าผ้า!AD131 -> 0 | S117: =[2]หน้าผ้า!Z131 -> 500กระสอบแบน | U117: =[2]หน้าผ้า!AA131 -> 3000 | V117: =[2]หน้าผ้า!AJ131 -> 3318 | W117: =[2]หน้าผ้า!AL131 -> 0 | X117: =[2]หน้าผ้า!AM131 -> 0 | Y117: =[2]หน้าผ้า!AN131 -> 0 | Z117: =[2]หน้าผ้า!AO131 -> WSWT2025800SM | AA117: =[2]หน้าผ้า!AQ131 -> 0 | AB117: =[2]หน้าผ้า!AR131 -> 0 | AC117: =[2]หน้าผ้า!AS131 -> 0 | AD117: =[2]หน้าผ้า!AT131 -> 0 | AE117: =[2]หน้าผ้า!AU131 -> 0 | AF117: =[2]หน้าผ้า!AI131 -> ลูกค้าสั่งผิดเอาไปส่งเดือน10 | AG117: =[3]หน้าผ้า!DC134 -> รอแบบ | AH117: =[2]หน้าผ้า!DL131 -> P6 | AI117: =[2]หน้าผ้า!DM131 -> 4 | AJ117: =[2]หน้าผ้า!DN131 -> รอส่ง | AK117: =[2]หน้าผ้า!DQ131 -> #VALUE! | AL117: =[2]หน้าผ้า!DR131 -> #VALUE! | AM117: =[2]หน้าผ้า!DS131 -> #VALUE! | AN117: =[2]หน้าผ้า!DT131 -> #VALUE! | AO117: =[2]หน้าผ้า!DU131 -> #VALUE! | AP117: =[2]หน้าผ้า!DP131 -> #VALUE! | AQ117: =[2]หน้าผ้า!DW131 -> 0 | AR117: =[2]หน้าผ้า!DX131 -> 0 | AS117: =[2]หน้าผ้า!DY131 -> 0 | AT117: =[2]หน้าผ้า!DZ131 -> 0 | AU117: =[2]หน้าผ้า!EA131 -> 0 | AV117: =[2]หน้าผ้า!EB131 -> 0 | AW117: =[2]หน้าผ้า!EC131 -> งานเคลือบ+พิมพ์ | AX117: =[2]หน้าผ้า!ED131 -> 0 | AY117: =[2]หน้าผ้า!AG131 -> ลูกค้าต้องการเคลือบใส แต่เปิดมาเคลือบด้าน | AZ117: =[2]หน้าผ้า!EG131 -> 0 | BA117: =[2]หน้าผ้า!EH131 -> 0 | BB117: =[2]หน้าผ้า!EI131 -> 0 | BC117: =[2]หน้าผ้า!BZ131 -> WRWT25850/WRWT25850 | BD117: =[2]หน้าผ้า!CA131 -> 0
A118: =[2]หน้าผ้า!C132 -> 45581 | B118: =[2]หน้าผ้า!B132 -> MK67-001396 | C118: =[2]หน้าผ้า!E132 -> บจก.เอพีเอ็ม อะโกร | D118: =[2]หน้าผ้า!F132 -> นีโอ พี4 | E118: =[2]หน้าผ้า!G132 -> 20 | F118: =[2]หน้าผ้า!H132 -> 38 | G118: =[2]หน้าผ้า!I132 -> ขาว | H118: =[2]หน้าผ้า!J132 -> ด้าน | I118: =[2]หน้าผ้า!L132 -> 100 | J118: =[2]หน้าผ้า!M132 -> ± | K118: =[2]หน้าผ้า!N132 -> 5 | L118: =[2]หน้าผ้า!R132 -> บิด | M118: =[2]หน้าผ้า!T132 -> ไม่สวมถุงใน | N118: =[2]หน้าผ้า!U132 -> 0 | O118: =[2]หน้าผ้า!V132 -> 0 | P118: =[2]หน้าผ้า!AB132 -> 0 | Q118: =[2]หน้าผ้า!AC132 -> 0 | R118: =[2]หน้าผ้า!AD132 -> 0 | S118: =[2]หน้าผ้า!Z132 -> 500กระสอบแบน | T118: =[2]หน้าผ้า!X132 -> รอส่ง | U118: =[2]หน้าผ้า!AA132 -> 3000 | V118: =[2]หน้าผ้า!AJ132 -> 3194 | W118: =[2]หน้าผ้า!AL132 -> 0 | X118: =[2]หน้าผ้า!AM132 -> 5632 | Y118: =[2]หน้าผ้า!AN132 -> 0 | Z118: =[2]หน้าผ้า!AO132 -> WSWT2025800SM | AA118: =[2]หน้าผ้า!AQ132 -> 0 | AB118: =[2]หน้าผ้า!AR132 -> 0 | AC118: =[2]หน้าผ้า!AS132 -> 0 | AD118: =[2]หน้าผ้า!AT132 -> 0 | AE118: =[2]หน้าผ้า!AU132 -> 0 | AF118: =[2]หน้าผ้า!AI132 -> 0 | AG118: =[3]หน้าผ้า!DC135 -> พร้อมส่ง | AH118: =[2]หน้าผ้า!DL132 -> P6 | AI118: =[2]หน้าผ้า!DM132 -> 4 | AJ118: =[2]หน้าผ้า!DN132 -> รอส่ง | AK118: =[2]หน้าผ้า!DQ132 -> #VALUE! | AL118: =[2]หน้าผ้า!DR132 -> #VALUE! | AM118: =[2]หน้าผ้า!DS132 -> #VALUE! | AN118: =[2]หน้าผ้า!DT132 -> #VALUE! | AO118: =[2]หน้าผ้า!DU132 -> #VALUE! | AP118: =[2]หน้าผ้า!DP132 -> #VALUE! | AQ118: =[2]หน้าผ้า!DW132 -> 0 | AR118: =[2]หน้าผ้า!DX132 -> 0 | AS118: =[2]หน้าผ้า!DY132 -> 0 | AT118: =[2]หน้าผ้า!DZ132 -> 0 | AU118: =[2]หน้าผ้า!EA132 -> 0 | AV118: =[2]หน้าผ้า!EB132 -> 0 | AW118: =[2]หน้าผ้า!EC132 -> งานเคลือบ+พิมพ์ | AX118: =[2]หน้าผ้า!ED132 -> / | AY118: =[2]หน้าผ้า!AG132 -> 0 | AZ118: =[2]หน้าผ้า!EG132 -> 0 | BA118: =[2]หน้าผ้า!EH132 -> 0 | BB118: =[2]หน้าผ้า!EI132 -> 0 | BC118: =[2]หน้าผ้า!BZ132 -> WRWT25850/WRWT25850 | BD118: =[2]หน้าผ้า!CA132 -> 0
A119: =[2]หน้าผ้า!C133 -> 0 | B119: =[2]หน้าผ้า!B133 -> 0 | C119: =[2]หน้าผ้า!E133 -> 0 | D119: =[2]หน้าผ้า!F133 -> 0 | E119: =[2]หน้าผ้า!G133 -> 20 | F119: =[2]หน้าผ้า!H133 -> 38 | G119: =[2]หน้าผ้า!I133 -> 0 | H119: =[2]หน้าผ้า!J133 -> 0 | I119: =[2]หน้าผ้า!L133 -> 84 | J119: =[2]หน้าผ้า!M133 -> ± | K119: =[2]หน้าผ้า!N133 -> 5 | L119: =[2]หน้าผ้า!R133 -> 0 | M119: =[2]หน้าผ้า!T133 -> 0 | N119: =[2]หน้าผ้า!U133 -> 0 | O119: =[2]หน้าผ้า!V133 -> 0 | P119: =[2]หน้าผ้า!AB133 -> 0 | Q119: =[2]หน้าผ้า!AC133 -> 0 | R119: =[2]หน้าผ้า!AD133 -> 0 | S119: =[2]หน้าผ้า!Z133 -> 0 | U119: =[2]หน้าผ้า!AA133 -> 0 | V119: =[2]หน้าผ้า!AJ133 -> 0 | W119: =[2]หน้าผ้า!AL133 -> 0 | X119: =[2]หน้าผ้า!AM133 -> 0 | Y119: =[2]หน้าผ้า!AN133 -> 0 | Z119: =[2]หน้าผ้า!AO133 -> WSWT2025800SM | AA119: =[2]หน้าผ้า!AQ133 -> 358889.3 | AB119: =[2]หน้าผ้า!AR133 -> 67869.94 | AC119: =[2]หน้าผ้า!AS133 -> 291019.36 | AD119: =[2]หน้าผ้า!AT133 -> 11203.94 | AE119: =[2]หน้าผ้า!AU133 -> 347685.36 | AF119: =[2]หน้าผ้า!AI133 -> ระบุในSD | AG119: =[3]หน้าผ้า!DC136 -> พร้อมส่ง | AH119: =[2]หน้าผ้า!DL133 -> 0 | AI119: =[2]หน้าผ้า!DM133 -> Lead time | AJ119: =[2]หน้าผ้า!DN133 -> 0 | AK119: =[2]หน้าผ้า!DQ133 -> 0 | AL119: =[2]หน้าผ้า!DR133 -> 0 | AM119: =[2]หน้าผ้า!DS133 -> 0 | AN119: =[2]หน้าผ้า!DT133 -> 0 | AO119: =[2]หน้าผ้า!DU133 -> 0 | AP119: =[2]หน้าผ้า!DP133 -> 0 | AQ119: =[2]หน้าผ้า!DW133 -> 0 | AR119: =[2]หน้าผ้า!DX133 -> 0 | AS119: =[2]หน้าผ้า!DY133 -> 0 | AT119: =[2]หน้าผ้า!DZ133 -> 0 | AU119: =[2]หน้าผ้า!EA133 -> 0 | AV119: =[2]หน้าผ้า!EB133 -> 0 | AW119: =[2]หน้าผ้า!EC133 -> 0 | AX119: =[2]หน้าผ้า!ED133 -> 0 | AY119: =[2]หน้าผ้า!AG133 -> 0 | AZ119: =[2]หน้าผ้า!EG133 -> 0 | BA119: =[2]หน้าผ้า!EH133 -> 0 | BB119: =[2]หน้าผ้า!EI133 -> 0 | BC119: =[2]หน้าผ้า!BZ133 -> WRWT25850/WRWT25850 | BD119: =[2]หน้าผ้า!CA133 -> 0
A120: =[2]หน้าผ้า!C135 -> 0 | B120: =[2]หน้าผ้า!B135 -> 0 | C120: =[2]หน้าผ้า!E135 -> 0 | D120: =[2]หน้าผ้า!F135 -> 0 | E120: =[2]หน้าผ้า!G135 -> 20 | F120: =[2]หน้าผ้า!H135 -> 38 | G120: =[2]หน้าผ้า!I135 -> 0 | H120: =[2]หน้าผ้า!J135 -> 0 | I120: =[2]หน้าผ้า!L135 -> 82 | J120: =[2]หน้าผ้า!M135 -> + | K120: =[2]หน้าผ้า!N135 -> 2 | L120: =[2]หน้าผ้า!R135 -> 0 | M120: =[2]หน้าผ้า!T135 -> 0 | N120: =[2]หน้าผ้า!U135 -> 0 | O120: =[2]หน้าผ้า!V135 -> 0 | P120: =[2]หน้าผ้า!AB135 -> 0 | Q120: =[2]หน้าผ้า!AC135 -> 0 | R120: =[2]หน้าผ้า!AD135 -> 0 | S120: =[2]หน้าผ้า!Z135 -> 0 | T120: =[2]หน้าผ้า!X135 -> 0 | U120: =[2]หน้าผ้า!AA135 -> 0 | V120: =[2]หน้าผ้า!AJ135 -> 0 | W120: =[2]หน้าผ้า!AL135 -> 0 | X120: =[2]หน้าผ้า!AM135 -> 0 | Y120: =[2]หน้าผ้า!AN135 -> 0 | Z120: =[2]หน้าผ้า!AO135 -> WSWT2025850 | AA120: =[2]หน้าผ้า!AQ135 -> 113157 | AB120: =[2]หน้าผ้า!AR135 -> 0 | AC120: =[2]หน้าผ้า!AS135 -> 113157 | AD120: =[2]หน้าผ้า!AT135 -> 0 | AE120: =[2]หน้าผ้า!AU135 -> 0 | AF120: =[2]หน้าผ้า!AI135 -> ระบุในSD | AG120: =[3]หน้าผ้า!DC138 -> พร้อมส่ง | AH120: =[2]หน้าผ้า!DL135 -> 0 | AI120: =[2]หน้าผ้า!DM135 -> Lead time | AJ120: =[2]หน้าผ้า!DN135 -> 0 | AK120: =[2]หน้าผ้า!DQ135 -> 0 | AL120: =[2]หน้าผ้า!DR135 -> 0 | AM120: =[2]หน้าผ้า!DS135 -> 0 | AN120: =[2]หน้าผ้า!DT135 -> 0 | AO120: =[2]หน้าผ้า!DU135 -> 0 | AP120: =[2]หน้าผ้า!DP135 -> 0 | AQ120: =[2]หน้าผ้า!DW135 -> 0 | AR120: =[2]หน้าผ้า!DX135 -> 0 | AS120: =[2]หน้าผ้า!DY135 -> 0 | AT120: =[2]หน้าผ้า!DZ135 -> 0 | AU120: =[2]หน้าผ้า!EA135 -> 0 | AV120: =[2]หน้าผ้า!EB135 -> 0 | AW120: =[2]หน้าผ้า!EC135 -> 0 | AX120: =[2]หน้าผ้า!ED135 -> 0 | AY120: =[2]หน้าผ้า!AG135 -> 0 | AZ120: =[2]หน้าผ้า!EG135 -> 0 | BA120: =[2]หน้าผ้า!EH135 -> 0 | BB120: =[2]หน้าผ้า!EI135 -> 0 | BC120: =[2]หน้าผ้า!BZ135 -> WRWT200850/WRWT25800 | BD120: =[2]หน้าผ้า!CA135 -> 0
A121: =[2]หน้าผ้า!C136 -> 0 | B121: =[2]หน้าผ้า!B136 -> 0 | C121: =[2]หน้าผ้า!E136 -> 0 | D121: =[2]หน้าผ้า!F136 -> 0 | E121: =[2]หน้าผ้า!G136 -> 20 | F121: =[2]หน้าผ้า!H136 -> 37 | G121: =[2]หน้าผ้า!I136 -> 0 | H121: =[2]หน้าผ้า!J136 -> 0 | I121: =[2]หน้าผ้า!L136 -> 82 | J121: =[2]หน้าผ้า!M136 -> ± | K121: =[2]หน้าผ้า!N136 -> 5 | L121: =[2]หน้าผ้า!R136 -> 0 | M121: =[2]หน้าผ้า!T136 -> 0 | N121: =[2]หน้าผ้า!U136 -> 0 | O121: =[2]หน้าผ้า!V136 -> 0 | P121: =[2]หน้าผ้า!AB136 -> 0 | Q121: =[2]หน้าผ้า!AC136 -> 0 | R121: =[2]หน้าผ้า!AD136 -> 0 | S121: =[2]หน้าผ้า!Z136 -> 0 | T121: =[2]หน้าผ้า!X136 -> 0 | U121: =[2]หน้าผ้า!AA136 -> 0 | V121: =[2]หน้าผ้า!AJ136 -> 0 | W121: =[2]หน้าผ้า!AL136 -> 0 | X121: =[2]หน้าผ้า!AM136 -> 0 | Y121: =[2]หน้าผ้า!AN136 -> 0 | Z121: =[2]หน้าผ้า!AO136 -> WSWT2021750 | AA121: =[2]หน้าผ้า!AQ136 -> #REF! | AB121: =[2]หน้าผ้า!AR136 -> #REF! | AC121: =[2]หน้าผ้า!AS136 -> #REF! | AD121: =[2]หน้าผ้า!AT136 -> #REF! | AE121: =[2]หน้าผ้า!AU136 -> #REF! | AF121: =[2]หน้าผ้า!AI136 -> ระบุในSD | AG121: =[3]หน้าผ้า!DC139 -> ยังไม่ได้พิมพ์ | AH121: =[2]หน้าผ้า!DL136 -> 0 | AI121: =[2]หน้าผ้า!DM136 -> Lead time | AJ121: =[2]หน้าผ้า!DN136 -> 0 | AK121: =[2]หน้าผ้า!DQ136 -> 0 | AL121: =[2]หน้าผ้า!DR136 -> 0 | AM121: =[2]หน้าผ้า!DS136 -> 0 | AN121: =[2]หน้าผ้า!DT136 -> 0 | AO121: =[2]หน้าผ้า!DU136 -> 0 | AP121: =[2]หน้าผ้า!DP136 -> 0 | AQ121: =[2]หน้าผ้า!DW136 -> 0 | AR121: =[2]หน้าผ้า!DX136 -> 0 | AS121: =[2]หน้าผ้า!DY136 -> 0 | AT121: =[2]หน้าผ้า!DZ136 -> 0 | AU121: =[2]หน้าผ้า!EA136 -> 0 | AV121: =[2]หน้าผ้า!EB136 -> 0 | AW121: =[2]หน้าผ้า!EC136 -> 0 | AX121: =[2]หน้าผ้า!ED136 -> 0 | AY121: =[2]หน้าผ้า!AG136 -> 0 | AZ121: =[2]หน้าผ้า!EG136 -> 0 | BA121: =[2]หน้าผ้า!EH136 -> 0 | BB121: =[2]หน้าผ้า!EI136 -> 0 | BC121: =[2]หน้าผ้า!BZ136 -> WRWT200750/WRWT21750 | BD121: =[2]หน้าผ้า!CA136 -> 0
A122: =[2]หน้าผ้า!C137 -> 45857 | B122: =[2]หน้าผ้า!B137 -> MK68-000905 | C122: =[2]หน้าผ้า!E137 -> บจก.อินเทคค์ โกลบอล | D122: =[2]หน้าผ้า!F137 -> เพอเฟคค์ 664HP | E122: =[2]หน้าผ้า!G137 -> 20 | F122: =[2]หน้าผ้า!H137 -> 36 | G122: =[2]หน้าผ้า!I137 -> ขาว | H122: =[2]หน้าผ้า!J137 -> 0 | I122: =[2]หน้าผ้า!L137 -> 78 | J122: =[2]หน้าผ้า!M137 -> ± | K122: =[2]หน้าผ้า!N137 -> 5 | L122: =[2]หน้าผ้า!R137 -> จับจีบ4" | M122: =[2]หน้าผ้า!T137 -> ไม่สวมถุงใน | N122: =[2]หน้าผ้า!U137 -> 0 | O122: =[2]หน้าผ้า!V137 -> 0 | P122: =[2]หน้าผ้า!AB137 -> 0 | Q122: =[2]หน้าผ้า!AC137 -> 0 | R122: =[2]หน้าผ้า!AD137 -> 0 | S122: =[2]หน้าผ้า!Z137 -> มัด80 ใช้สายรัด | T122: =[2]หน้าผ้า!X137 -> 45869 | U122: =[2]หน้าผ้า!AA137 -> 10000 | V122: =[2]หน้าผ้า!AJ137 -> 0 | W122: =[2]หน้าผ้า!AL137 -> 10000 | X122: =[2]หน้าผ้า!AM137 -> 9984 | Y122: =[2]หน้าผ้า!AN137 -> 16.8 | Z122: =[2]หน้าผ้า!AO137 -> WSWT2025800 | AA122: =[2]หน้าผ้า!AQ137 -> 17.6022 | AB122: =[2]หน้าผ้า!AR137 -> 17.6022 | AC122: =[2]หน้าผ้า!AS137 -> 0 | AD122: =[2]หน้าผ้า!AT137 -> 0 | AE122: =[2]หน้าผ้า!AU137 -> 0 | AF122: =[2]หน้าผ้า!AI137 -> ห้ามขาด-ห้ามเกิน | AG122: =[3]หน้าผ้า!DC140 -> พร้อมส่ง | AH122: =[2]หน้าผ้า!DL137 -> P7 | AI122: =[2]หน้าผ้า!DM137 -> 2 | AJ122: =[2]หน้าผ้า!DN137 -> 45869 | AK122: =[2]หน้าผ้า!DQ137 -> 0 | AL122: =[2]หน้าผ้า!DR137 -> 45860 | AM122: =[2]หน้าผ้า!DS137 -> 45867 | AN122: =[2]หน้าผ้า!DT137 -> 45868 | AO122: =[2]หน้าผ้า!DU137 -> 45868 | AP122: =[2]หน้าผ้า!DP137 -> 45864 | AQ122: =[2]หน้าผ้า!DW137 -> 0 | AR122: =[2]หน้าผ้า!DX137 -> 0 | AS122: =[2]หน้าผ้า!DY137 -> 0 | AT122: =[2]หน้าผ้า!DZ137 -> 0 | AU122: =[2]หน้าผ้า!EA137 -> 0 | AV122: =[2]หน้าผ้า!EB137 -> 0 | AW122: =[2]หน้าผ้า!EC137 -> งานพิมพ์ | AX122: =[2]หน้าผ้า!ED137 -> / | AY122: =[2]หน้าผ้า!AG137 -> 1/8 4/8 9/8 15/8 22/8 | AZ122: =[2]หน้าผ้า!EG137 -> 0 | BA122: =[2]หน้าผ้า!EH137 -> 0 | BB122: =[2]หน้าผ้า!EI137 -> 0 | BC122: =[2]หน้าผ้า!BZ137 -> WRWT25800/WRWT25800 | BD122: =[2]หน้าผ้า!CA137 -> 0
A123: =[2]หน้าผ้า!C138 -> 45857 | B123: =[2]หน้าผ้า!B138 -> MK68-000904 | C123: =[2]หน้าผ้า!E138 -> บจก.อินเทคค์ โกลบอล | D123: =[2]หน้าผ้า!F138 -> เพอเฟคค์ 664 | E123: =[2]หน้าผ้า!G138 -> 20 | F123: =[2]หน้าผ้า!H138 -> 36 | G123: =[2]หน้าผ้า!I138 -> ขาว | H123: =[2]หน้าผ้า!J138 -> 0 | I123: =[2]หน้าผ้า!L138 -> 78 | J123: =[2]หน้าผ้า!M138 -> ± | K123: =[2]หน้าผ้า!N138 -> 5 | L123: =[2]หน้าผ้า!R138 -> จับจีบ4" | M123: =[2]หน้าผ้า!T138 -> ไม่สวมถุงใน | N123: =[2]หน้าผ้า!U138 -> 0 | O123: =[2]หน้าผ้า!V138 -> 0 | P123: =[2]หน้าผ้า!AB138 -> 0 | Q123: =[2]หน้าผ้า!AC138 -> 0 | R123: =[2]หน้าผ้า!AD138 -> 0 | S123: =[2]หน้าผ้า!Z138 -> มัด80 ใช้สายรัด | T123: =[2]หน้าผ้า!X138 -> 45869 | U123: =[2]หน้าผ้า!AA138 -> 10000 | V123: =[2]หน้าผ้า!AJ138 -> 10000 | W123: =[2]หน้าผ้า!AL138 -> 0 | X123: =[2]หน้าผ้า!AM138 -> 10500 | Y123: =[2]หน้าผ้า!AN138 -> 0 | Z123: =[2]หน้าผ้า!AO138 -> WSWT2025800 | AA123: =[2]หน้าผ้า!AQ138 -> 0 | AB123: =[2]หน้าผ้า!AR138 -> 0 | AC123: =[2]หน้าผ้า!AS138 -> 0 | AD123: =[2]หน้าผ้า!AT138 -> 0 | AE123: =[2]หน้าผ้า!AU138 -> 0 | AF123: =[2]หน้าผ้า!AI138 -> ห้ามขาด-ห้ามเกิน | AG123: =[3]หน้าผ้า!DC141 -> ยังไม่ได้พิมพ์ | AH123: =[2]หน้าผ้า!DL138 -> P7 | AI123: =[2]หน้าผ้า!DM138 -> 2 | AJ123: =[2]หน้าผ้า!DN138 -> 45869 | AK123: =[2]หน้าผ้า!DQ138 -> 0 | AL123: =[2]หน้าผ้า!DR138 -> 45860 | AM123: =[2]หน้าผ้า!DS138 -> 45867 | AN123: =[2]หน้าผ้า!DT138 -> 45868 | AO123: =[2]หน้าผ้า!DU138 -> 45868 | AP123: =[2]หน้าผ้า!DP138 -> 45864 | AQ123: =[2]หน้าผ้า!DW138 -> 0 | AR123: =[2]หน้าผ้า!DX138 -> 0 | AS123: =[2]หน้าผ้า!DY138 -> 0 | AT123: =[2]หน้าผ้า!DZ138 -> 0 | AU123: =[2]หน้าผ้า!EA138 -> 0 | AV123: =[2]หน้าผ้า!EB138 -> 0 | AW123: =[2]หน้าผ้า!EC138 -> งานพิมพ์ | AX123: =[2]หน้าผ้า!ED138 -> / | AY123: =[2]หน้าผ้า!AG138 -> 1/8 8/8 15/8 22/8 | AZ123: =[2]หน้าผ้า!EG138 -> 0 | BA123: =[2]หน้าผ้า!EH138 -> 0 | BB123: =[2]หน้าผ้า!EI138 -> 0 | BC123: =[2]หน้าผ้า!BZ138 -> WRWT25800/WRWT25800 | BD123: =[2]หน้าผ้า!CA138 -> 0
A124: =[2]หน้าผ้า!C139 -> 45857 | B124: =[2]หน้าผ้า!B139 -> MK68-000905 | C124: =[2]หน้าผ้า!E139 -> บจก.อินเทคค์ โกลบอล | D124: =[2]หน้าผ้า!F139 -> เพอเฟคค์ 664HP | E124: =[2]หน้าผ้า!G139 -> 20 | F124: =[2]หน้าผ้า!H139 -> 36 | G124: =[2]หน้าผ้า!I139 -> ขาว | H124: =[2]หน้าผ้า!J139 -> 0 | I124: =[2]หน้าผ้า!L139 -> 78 | J124: =[2]หน้าผ้า!M139 -> ± | K124: =[2]หน้าผ้า!N139 -> 5 | L124: =[2]หน้าผ้า!R139 -> จับจีบ4" | M124: =[2]หน้าผ้า!T139 -> ไม่สวมถุงใน | N124: =[2]หน้าผ้า!U139 -> 0 | O124: =[2]หน้าผ้า!V139 -> 0 | P124: =[2]หน้าผ้า!AB139 -> 0 | Q124: =[2]หน้าผ้า!AC139 -> 0 | R124: =[2]หน้าผ้า!AD139 -> 0 | S124: =[2]หน้าผ้า!Z139 -> มัด80 ใช้สายรัด | T124: =[2]หน้าผ้า!X139 -> 45869 | U124: =[2]หน้าผ้า!AA139 -> 62480 | V124: =[2]หน้าผ้า!AJ139 -> 0 | W124: =[2]หน้าผ้า!AL139 -> 62480 | X124: =[2]หน้าผ้า!AM139 -> 0 | Y124: =[2]หน้าผ้า!AN139 -> 65604 | Z124: =[2]หน้าผ้า!AO139 -> WSWT2025800 | AA124: =[2]หน้าผ้า!AQ139 -> 65463.42 | AB124: =[2]หน้าผ้า!AR139 -> 65463.42 | AC124: =[2]หน้าผ้า!AS139 -> 0 | AD124: =[2]หน้าผ้า!AT139 -> 0 | AE124: =[2]หน้าผ้า!AU139 -> 0 | AF124: =[2]หน้าผ้า!AI139 -> ห้ามขาด-ห้ามเกิน | AG124: =[3]หน้าผ้า!DC142 -> ยังไม่ได้พิมพ์ | AH124: =[2]หน้าผ้า!DL139 -> P7 | AI124: =[2]หน้าผ้า!DM139 -> 2 | AJ124: =[2]หน้าผ้า!DN139 -> 45869 | AK124: =[2]หน้าผ้า!DQ139 -> 0 | AL124: =[2]หน้าผ้า!DR139 -> 45860 | AM124: =[2]หน้าผ้า!DS139 -> 45867 | AN124: =[2]หน้าผ้า!DT139 -> 45868 | AO124: =[2]หน้าผ้า!DU139 -> 45868 | AP124: =[2]หน้าผ้า!DP139 -> 45864 | AQ124: =[2]หน้าผ้า!DW139 -> 0 | AR124: =[2]หน้าผ้า!DX139 -> 0 | AS124: =[2]หน้าผ้า!DY139 -> 0 | AT124: =[2]หน้าผ้า!DZ139 -> 0 | AU124: =[2]หน้าผ้า!EA139 -> 0 | AV124: =[2]หน้าผ้า!EB139 -> 0 | AW124: =[2]หน้าผ้า!EC139 -> งานพิมพ์ | AX124: =[2]หน้าผ้า!ED139 -> / | AY124: =[2]หน้าผ้า!AG139 -> 1/8 4/8 9/8 15/8 22/8 | AZ124: =[2]หน้าผ้า!EG139 -> 0 | BA124: =[2]หน้าผ้า!EH139 -> 0 | BB124: =[2]หน้าผ้า!EI139 -> 0 | BC124: =[2]หน้าผ้า!BZ139 -> WRWT25800/WRWT25800 | BD124: =[2]หน้าผ้า!CA139 -> 0
A125: =[2]หน้าผ้า!C140 -> 45857 | B125: =[2]หน้าผ้า!B140 -> MK68-000904 | C125: =[2]หน้าผ้า!E140 -> บจก.อินเทคค์ โกลบอล | D125: =[2]หน้าผ้า!F140 -> เพอเฟคค์ 664 | E125: =[2]หน้าผ้า!G140 -> 20 | F125: =[2]หน้าผ้า!H140 -> 36 | G125: =[2]หน้าผ้า!I140 -> ขาว | H125: =[2]หน้าผ้า!J140 -> 0 | I125: =[2]หน้าผ้า!L140 -> 78 | J125: =[2]หน้าผ้า!M140 -> ± | K125: =[2]หน้าผ้า!N140 -> 5 | L125: =[2]หน้าผ้า!R140 -> จับจีบ4" | M125: =[2]หน้าผ้า!T140 -> ไม่สวมถุงใน | N125: =[2]หน้าผ้า!U140 -> 0 | O125: =[2]หน้าผ้า!V140 -> 0 | P125: =[2]หน้าผ้า!AB140 -> 0 | Q125: =[2]หน้าผ้า!AC140 -> 0 | R125: =[2]หน้าผ้า!AD140 -> 0 | S125: =[2]หน้าผ้า!Z140 -> มัด80 ใช้สายรัด | T125: =[2]หน้าผ้า!X140 -> 45869 | U125: =[2]หน้าผ้า!AA140 -> 42240 | V125: =[2]หน้าผ้า!AJ140 -> 42240 | W125: =[2]หน้าผ้า!AL140 -> 0 | X125: =[2]หน้าผ้า!AM140 -> 76256 | Y125: =[2]หน้าผ้า!AN140 -> 0 | Z125: =[2]หน้าผ้า!AO140 -> WSWT2025800 | AA125: =[2]หน้าผ้า!AQ140 -> 0 | AB125: =[2]หน้าผ้า!AR140 -> 0 | AC125: =[2]หน้าผ้า!AS140 -> 0 | AD125: =[2]หน้าผ้า!AT140 -> 0 | AE125: =[2]หน้าผ้า!AU140 -> 0 | AF125: =[2]หน้าผ้า!AI140 -> ห้ามขาด-ห้ามเกิน | AG125: =[3]หน้าผ้า!DC143 -> ยังไม่ได้พิมพ์ | AH125: =[2]หน้าผ้า!DL140 -> P7 | AI125: =[2]หน้าผ้า!DM140 -> 2 | AJ125: =[2]หน้าผ้า!DN140 -> 45869 | AK125: =[2]หน้าผ้า!DQ140 -> 0 | AL125: =[2]หน้าผ้า!DR140 -> 45860 | AM125: =[2]หน้าผ้า!DS140 -> 45867 | AN125: =[2]หน้าผ้า!DT140 -> 45868 | AO125: =[2]หน้าผ้า!DU140 -> 45868 | AP125: =[2]หน้าผ้า!DP140 -> 45864 | AQ125: =[2]หน้าผ้า!DW140 -> 0 | AR125: =[2]หน้าผ้า!DX140 -> 0 | AS125: =[2]หน้าผ้า!DY140 -> 0 | AT125: =[2]หน้าผ้า!DZ140 -> 0 | AU125: =[2]หน้าผ้า!EA140 -> 0 | AV125: =[2]หน้าผ้า!EB140 -> 0 | AW125: =[2]หน้าผ้า!EC140 -> งานพิมพ์ | AX125: =[2]หน้าผ้า!ED140 -> / | AY125: =[2]หน้าผ้า!AG140 -> 1/8 8/8 15/8 22/8 | AZ125: =[2]หน้าผ้า!EG140 -> 0 | BA125: =[2]หน้าผ้า!EH140 -> 0 | BB125: =[2]หน้าผ้า!EI140 -> 0 | BC125: =[2]หน้าผ้า!BZ140 -> WRWT25800/WRWT25800 | BD125: =[2]หน้าผ้า!CA140 -> 0
A126: =[2]หน้าผ้า!C141 -> 45862 | B126: =[2]หน้าผ้า!B141 -> MK68-000924 | C126: =[2]หน้าผ้า!E141 -> บจก.เบทาโกร | D126: =[2]หน้าผ้า!F141 -> WB เบทาโกร 124 30kg NM | E126: =[2]หน้าผ้า!G141 -> 20 | F126: =[2]หน้าผ้า!H141 -> 37 | G126: =[2]หน้าผ้า!I141 -> ขาว | H126: =[2]หน้าผ้า!J141 -> 0 | I126: =[2]หน้าผ้า!L141 -> 80 | J126: =[2]หน้าผ้า!M141 -> ± | K126: =[2]หน้าผ้า!N141 -> 3 | L126: =[2]หน้าผ้า!R141 -> บิด | M126: =[2]หน้าผ้า!T141 -> ไม่สวมถุงใน | N126: =[2]หน้าผ้า!U141 -> 0 | O126: =[2]หน้าผ้า!V141 -> 0 | P126: =[2]หน้าผ้า!AB141 -> 0 | Q126: =[2]หน้าผ้า!AC141 -> 0 | R126: =[2]หน้าผ้า!AD141 -> 0 | S126: =[2]หน้าผ้า!Z141 -> 500กระสอบแบน พร้อมระบุชื่อบริษัท รายการสินค้า จำนวนแต่ละแพ็ค | T126: =[2]หน้าผ้า!X141 -> 45889 | U126: =[2]หน้าผ้า!AA141 -> 124000 | V126: =[2]หน้าผ้า!AJ141 -> 0 | W126: =[2]หน้าผ้า!AL141 -> 124000 | X126: =[2]หน้าผ้า!AM141 -> 0 | Y126: =[2]หน้าผ้า!AN141 -> 130200 | Z126: =[2]หน้าผ้า!AO141 -> WSWT2025800 | AA126: =[2]หน้าผ้า!AQ141 -> 133385.56 | AB126: =[2]หน้าผ้า!AR141 -> 62295 | AC126: =[2]หน้าผ้า!AS141 -> 71090.56 | AD126: =[2]หน้าผ้า!AT141 -> 0 | AE126: =[2]หน้าผ้า!AU141 -> 0 | AF126: =[2]หน้าผ้า!AI141 -> หนองบุญมาก | AG126: =[3]หน้าผ้า!DC144 -> ยังไม่ได้พิมพ์ | AH126: =[2]หน้าผ้า!DL141 -> P7 | AI126: =[2]หน้าผ้า!DM141 -> 2 | AJ126: =[2]หน้าผ้า!DN141 -> 45889 | AK126: =[2]หน้าผ้า!DQ141 -> 0 | AL126: =[2]หน้าผ้า!DR141 -> 45880 | AM126: =[2]หน้าผ้า!DS141 -> 45887 | AN126: =[2]หน้าผ้า!DT141 -> 45888 | AO126: =[2]หน้าผ้า!DU141 -> 45888 | AP126: =[2]หน้าผ้า!DP141 -> 45884 | AQ126: =[2]หน้าผ้า!DW141 -> 0 | AR126: =[2]หน้าผ้า!DX141 -> 0 | AS126: =[2]หน้าผ้า!DY141 -> 0 | AT126: =[2]หน้าผ้า!DZ141 -> 0 | AU126: =[2]หน้าผ้า!EA141 -> 0 | AV126: =[2]หน้าผ้า!EB141 -> 0 | AW126: =[2]หน้าผ้า!EC141 -> งานพิมพ์ | AX126: =[2]หน้าผ้า!ED141 -> รอART | AY126: =[2]หน้าผ้า!AG141 -> 0 | AZ126: =[2]หน้าผ้า!EG141 -> 0 | BA126: =[2]หน้าผ้า!EH141 -> 0 | BB126: =[2]หน้าผ้า!EI141 -> 0 | BC126: =[2]หน้าผ้า!BZ141 -> WRWT25800/WRWT25800 | BD126: =[2]หน้าผ้า!CA141 -> 5434.4784
A127: =[2]หน้าผ้า!C142 -> 45862 | B127: =[2]หน้าผ้า!B142 -> MK68-000925 | C127: =[2]หน้าผ้า!E142 -> บจก.เบทาโกร | D127: =[2]หน้าผ้า!F142 -> WB ฟาร์ม F914M 30kg.NM | E127: =[2]หน้าผ้า!G142 -> 20 | F127: =[2]หน้าผ้า!H142 -> 37 | G127: =[2]หน้าผ้า!I142 -> ขาว | H127: =[2]หน้าผ้า!J142 -> 0 | I127: =[2]หน้าผ้า!L142 -> 80 | J127: =[2]หน้าผ้า!M142 -> ± | K127: =[2]หน้าผ้า!N142 -> 3 | L127: =[2]หน้าผ้า!R142 -> ไม่ | M127: =[2]หน้าผ้า!T142 -> ไม่สวมถุงใน | N127: =[2]หน้าผ้า!U142 -> 0 | O127: =[2]หน้าผ้า!V142 -> 0 | P127: =[2]หน้าผ้า!AB142 -> 0 | Q127: =[2]หน้าผ้า!AC142 -> 0 | R127: =[2]หน้าผ้า!AD142 -> 0 | S127: =[2]หน้าผ้า!Z142 -> 500กระสอบแบน พร้อมระบุชื่อบริษัท รายการสินค้า จำนวนแต่ละแพ็ค | T127: =[2]หน้าผ้า!X142 -> 45889 | U127: =[2]หน้าผ้า!AA142 -> 28000 | V127: =[2]หน้าผ้า!AJ142 -> 0 | W127: =[2]หน้าผ้า!AL142 -> 28000 | X127: =[2]หน้าผ้า!AM142 -> 0 | Y127: =[2]หน้าผ้า!AN142 -> 29400 | Z127: =[2]หน้าผ้า!AO142 -> WSWT2025800 | AA127: =[2]หน้าผ้า!AQ142 -> 30119.32 | AB127: =[2]หน้าผ้า!AR142 -> 0 | AC127: =[2]หน้าผ้า!AS142 -> 30119.32 | AD127: =[2]หน้าผ้า!AT142 -> 0 | AE127: =[2]หน้าผ้า!AU142 -> 0 | AF127: =[2]หน้าผ้า!AI142 -> หนองบุญมาก | AG127: =[3]หน้าผ้า!DC145 -> ยังไม่ได้พิมพ์ | AH127: =[2]หน้าผ้า!DL142 -> P7 | AI127: =[2]หน้าผ้า!DM142 -> 2 | AJ127: =[2]หน้าผ้า!DN142 -> 45889 | AK127: =[2]หน้าผ้า!DQ142 -> 0 | AL127: =[2]หน้าผ้า!DR142 -> 45880 | AM127: =[2]หน้าผ้า!DS142 -> 45887 | AN127: =[2]หน้าผ้า!DT142 -> 45888 | AO127: =[2]หน้าผ้า!DU142 -> 45888 | AP127: =[2]หน้าผ้า!DP142 -> 45884 | AQ127: =[2]หน้าผ้า!DW142 -> 0 | AR127: =[2]หน้าผ้า!DX142 -> 0 | AS127: =[2]หน้าผ้า!DY142 -> 0 | AT127: =[2]หน้าผ้า!DZ142 -> 0 | AU127: =[2]หน้าผ้า!EA142 -> 0 | AV127: =[2]หน้าผ้า!EB142 -> 0 | AW127: =[2]หน้าผ้า!EC142 -> งานพิมพ์ | AX127: =[2]หน้าผ้า!ED142 -> รอART | AY127: =[2]หน้าผ้า!AG142 -> 0 | AZ127: =[2]หน้าผ้า!EG142 -> 0 | BA127: =[2]หน้าผ้า!EH142 -> 0 | BB127: =[2]หน้าผ้า!EI142 -> 0 | BC127: =[2]หน้าผ้า!BZ142 -> WRWT25800/WRWT25800 | BD127: =[2]หน้าผ้า!CA142 -> 2302.4547
A128: =[2]หน้าผ้า!C143 -> 45862 | B128: =[2]หน้าผ้า!B143 -> MK68-000926 | C128: =[2]หน้าผ้า!E143 -> บจก.เบทาโกร | D128: =[2]หน้าผ้า!F143 -> WB บาลานส์ 924 30kg NM | E128: =[2]หน้าผ้า!G143 -> 20 | F128: =[2]หน้าผ้า!H143 -> 37 | G128: =[2]หน้าผ้า!I143 -> ขาว | H128: =[2]หน้าผ้า!J143 -> 0 | I128: =[2]หน้าผ้า!L143 -> 80 | J128: =[2]หน้าผ้า!M143 -> ± | K128: =[2]หน้าผ้า!N143 -> 3 | L128: =[2]หน้าผ้า!R143 -> บิด | M128: =[2]หน้าผ้า!T143 -> ไม่สวมถุงใน | N128: =[2]หน้าผ้า!U143 -> 0 | O128: =[2]หน้าผ้า!V143 -> 0 | P128: =[2]หน้าผ้า!AB143 -> 0 | Q128: =[2]หน้าผ้า!AC143 -> 0 | R128: =[2]หน้าผ้า!AD143 -> 0 | S128: =[2]หน้าผ้า!Z143 -> 500กระสอบแบน พร้อมระบุชื่อบริษัท รายการสินค้า จำนวนแต่ละแพ็ค | T128: =[2]หน้าผ้า!X143 -> 45889 | U128: =[2]หน้าผ้า!AA143 -> 7000 | V128: =[2]หน้าผ้า!AJ143 -> 0 | W128: =[2]หน้าผ้า!AL143 -> 7000 | X128: =[2]หน้าผ้า!AM143 -> 0 | Y128: =[2]หน้าผ้า!AN143 -> 7350 | Z128: =[2]หน้าผ้า!AO143 -> WSWT2025800 | AA128: =[2]หน้าผ้า!AQ143 -> 7529.83 | AB128: =[2]หน้าผ้า!AR143 -> 0 | AC128: =[2]หน้าผ้า!AS143 -> 7529.83 | AD128: =[2]หน้าผ้า!AT143 -> 0 | AE128: =[2]หน้าผ้า!AU143 -> 0 | AF128: =[2]หน้าผ้า!AI143 -> หนองบุญมาก | AG128: =[3]หน้าผ้า!DC146 -> ยังไม่ได้พิมพ์ | AH128: =[2]หน้าผ้า!DL143 -> P7 | AI128: =[2]หน้าผ้า!DM143 -> 2 | AJ128: =[2]หน้าผ้า!DN143 -> 45889 | AK128: =[2]หน้าผ้า!DQ143 -> 0 | AL128: =[2]หน้าผ้า!DR143 -> 45880 | AM128: =[2]หน้าผ้า!DS143 -> 45887 | AN128: =[2]หน้าผ้า!DT143 -> 45888 | AO128: =[2]หน้าผ้า!DU143 -> 45888 | AP128: =[2]หน้าผ้า!DP143 -> 45884 | AQ128: =[2]หน้าผ้า!DW143 -> 0 | AR128: =[2]หน้าผ้า!DX143 -> 0 | AS128: =[2]หน้าผ้า!DY143 -> 0 | AT128: =[2]หน้าผ้า!DZ143 -> 0 | AU128: =[2]หน้าผ้า!EA143 -> 0 | AV128: =[2]หน้าผ้า!EB143 -> 0 | AW128: =[2]หน้าผ้า!EC143 -> งานพิมพ์ | AX128: =[2]หน้าผ้า!ED143 -> รอART | AY128: =[2]หน้าผ้า!AG143 -> 0 | AZ128: =[2]หน้าผ้า!EG143 -> 0 | BA128: =[2]หน้าผ้า!EH143 -> 0 | BB128: =[2]หน้าผ้า!EI143 -> 0 | BC128: =[2]หน้าผ้า!BZ143 -> WRWT25800/WRWT25800 | BD128: =[2]หน้าผ้า!CA143 -> 575.61367
A129: =[2]หน้าผ้า!C144 -> 45862 | B129: =[2]หน้าผ้า!B144 -> MK68-000926 | C129: =[2]หน้าผ้า!E144 -> บจก.เบทาโกร | D129: =[2]หน้าผ้า!F144 -> WB เบทาโกร 326 30kg NM | E129: =[2]หน้าผ้า!G144 -> 20 | F129: =[2]หน้าผ้า!H144 -> 37 | G129: =[2]หน้าผ้า!I144 -> ขาว | H129: =[2]หน้าผ้า!J144 -> 0 | I129: =[2]หน้าผ้า!L144 -> 80 | J129: =[2]หน้าผ้า!M144 -> ± | K129: =[2]หน้าผ้า!N144 -> 3 | L129: =[2]หน้าผ้า!R144 -> บิด | M129: =[2]หน้าผ้า!T144 -> ไม่สวมถุงใน | N129: =[2]หน้าผ้า!U144 -> 0 | O129: =[2]หน้าผ้า!V144 -> 0 | P129: =[2]หน้าผ้า!AB144 -> 0 | Q129: =[2]หน้าผ้า!AC144 -> 0 | R129: =[2]หน้าผ้า!AD144 -> 0 | S129: =[2]หน้าผ้า!Z144 -> 500กระสอบแบน พร้อมระบุชื่อบริษัท รายการสินค้า จำนวนแต่ละแพ็ค | U129: =[2]หน้าผ้า!AA144 -> 5000 | V129: =[2]หน้าผ้า!AJ144 -> 0 | W129: =[2]หน้าผ้า!AL144 -> 5000 | X129: =[2]หน้าผ้า!AM144 -> 0 | Y129: =[2]หน้าผ้า!AN144 -> 5250 | Z129: =[2]หน้าผ้า!AO144 -> WSWT2025800 | AA129: =[2]หน้าผ้า!AQ144 -> 5378.45 | AB129: =[2]หน้าผ้า!AR144 -> 0 | AC129: =[2]หน้าผ้า!AS144 -> 5378.45 | AD129: =[2]หน้าผ้า!AT144 -> 0 | AE129: =[2]หน้าผ้า!AU144 -> 0 | AF129: =[2]หน้าผ้า!AI144 -> หนองบุญมาก | AG129: =[3]หน้าผ้า!DC147 -> รอแบบ | AH129: =[2]หน้าผ้า!DL144 -> P7 | AI129: =[2]หน้าผ้า!DM144 -> 2 | AJ129: =[2]หน้าผ้า!DN144 -> 45889 | AK129: =[2]หน้าผ้า!DQ144 -> 0 | AL129: =[2]หน้าผ้า!DR144 -> 45880 | AM129: =[2]หน้าผ้า!DS144 -> 45887 | AN129: =[2]หน้าผ้า!DT144 -> 45888 | AO129: =[2]หน้าผ้า!DU144 -> 45888 | AP129: =[2]หน้าผ้า!DP144 -> 45884 | AQ129: =[2]หน้าผ้า!DW144 -> 0 | AR129: =[2]หน้าผ้า!DX144 -> 0 | AS129: =[2]หน้าผ้า!DY144 -> 0 | AT129: =[2]หน้าผ้า!DZ144 -> 0 | AU129: =[2]หน้าผ้า!EA144 -> 0 | AV129: =[2]หน้าผ้า!EB144 -> 0 | AW129: =[2]หน้าผ้า!EC144 -> งานพิมพ์ | AX129: =[2]หน้าผ้า!ED144 -> รอART | AY129: =[2]หน้าผ้า!AG144 -> 0 | AZ129: =[2]หน้าผ้า!EG144 -> 0 | BA129: =[2]หน้าผ้า!EH144 -> 0 | BB129: =[2]หน้าผ้า!EI144 -> 0 | BC129: =[2]หน้าผ้า!BZ144 -> WRWT25800/WRWT25800 | BD129: =[2]หน้าผ้า!CA144 -> 411.15262
A130: =[2]หน้าผ้า!C155 -> 0 | B130: =[2]หน้าผ้า!B155 -> 0 | C130: =[2]หน้าผ้า!E155 -> 0 | D130: =[2]หน้าผ้า!F155 -> 0 | E130: =[2]หน้าผ้า!G155 -> 20 | F130: =[2]หน้าผ้า!H155 -> 34 | G130: =[2]หน้าผ้า!I155 -> 0 | H130: =[2]หน้าผ้า!J155 -> 0 | I130: =[2]หน้าผ้า!L155 -> 80 | J130: =[2]หน้าผ้า!M155 -> ± | K130: =[2]หน้าผ้า!N155 -> 5 | L130: =[2]หน้าผ้า!R155 -> 0 | M130: =[2]หน้าผ้า!T155 -> 0 | N130: =[2]หน้าผ้า!U155 -> 0 | O130: =[2]หน้าผ้า!V155 -> 0 | P130: =[2]หน้าผ้า!AB155 -> 0 | Q130: =[2]หน้าผ้า!AC155 -> 0 | R130: =[2]หน้าผ้า!AD155 -> 0 | S130: =[2]หน้าผ้า!Z155 -> 0 | T130: =[2]หน้าผ้า!X155 -> 0 | U130: =[2]หน้าผ้า!AA155 -> 0 | V130: =[2]หน้าผ้า!AJ155 -> 0 | W130: =[2]หน้าผ้า!AL155 -> 0 | X130: =[2]หน้าผ้า!AM155 -> 0 | Y130: =[2]หน้าผ้า!AN155 -> 0 | Z130: =[2]หน้าผ้า!AO155 -> WSWT2021750UV | AA130: =[2]หน้าผ้า!AQ155 -> #REF! | AB130: =[2]หน้าผ้า!AR155 -> #REF! | AC130: =[2]หน้าผ้า!AS155 -> #REF! | AD130: =[2]หน้าผ้า!AT155 -> #REF! | AE130: =[2]หน้าผ้า!AU155 -> #REF! | AF130: =[2]หน้าผ้า!AI155 -> ระบุในSD | AG130: =[3]หน้าผ้า!DC158 -> พร้อมส่ง | AH130: =[2]หน้าผ้า!DL155 -> 0 | AI130: =[2]หน้าผ้า!DM155 -> 0 | AJ130: =[2]หน้าผ้า!DN155 -> 0 | AK130: =[2]หน้าผ้า!DQ155 -> 0 | AL130: =[2]หน้าผ้า!DR155 -> 0 | AM130: =[2]หน้าผ้า!DS155 -> 0 | AN130: =[2]หน้าผ้า!DT155 -> 0 | AO130: =[2]หน้าผ้า!DU155 -> 0 | AP130: =[2]หน้าผ้า!DP155 -> 0 | AQ130: =[2]หน้าผ้า!DW155 -> 0 | AR130: =[2]หน้าผ้า!DX155 -> 0 | AS130: =[2]หน้าผ้า!DY155 -> 0 | AT130: =[2]หน้าผ้า!DZ155 -> 0 | AU130: =[2]หน้าผ้า!EA155 -> 0 | AV130: =[2]หน้าผ้า!EB155 -> 0 | AW130: =[2]หน้าผ้า!EC155 -> 0 | AX130: =[2]หน้าผ้า!ED155 -> 0 | AY130: =[2]หน้าผ้า!AG155 -> 0 | AZ130: =[2]หน้าผ้า!EG155 -> 0 | BA130: =[2]หน้าผ้า!EH155 -> 0 | BB130: =[2]หน้าผ้า!EI155 -> 0 | BC130: =[2]หน้าผ้า!BZ155 -> WRWT200750/WRWT21750 | BD130: =[2]หน้าผ้า!CA155 -> 0
A131: =[2]หน้าผ้า!C156 -> 0 | B131: =[2]หน้าผ้า!B156 -> 0 | C131: =[2]หน้าผ้า!E156 -> 0 | D131: =[2]หน้าผ้า!F156 -> 0 | E131: =[2]หน้าผ้า!G156 -> 21 | F131: =[2]หน้าผ้า!H156 -> 39 | G131: =[2]หน้าผ้า!I156 -> 0 | H131: =[2]หน้าผ้า!J156 -> 0 | I131: =[2]หน้าผ้า!L156 -> 78 | J131: =[2]หน้าผ้า!M156 -> ± | K131: =[2]หน้าผ้า!N156 -> 3 | L131: =[2]หน้าผ้า!R156 -> 0 | M131: =[2]หน้าผ้า!T156 -> 0 | N131: =[2]หน้าผ้า!U156 -> 0 | O131: =[2]หน้าผ้า!V156 -> 0 | P131: =[2]หน้าผ้า!AB156 -> 0 | Q131: =[2]หน้าผ้า!AC156 -> 0 | R131: =[2]หน้าผ้า!AD156 -> 0 | S131: =[2]หน้าผ้า!Z156 -> 0 | U131: =[2]หน้าผ้า!AA156 -> 0 | V131: =[2]หน้าผ้า!AJ156 -> 0 | W131: =[2]หน้าผ้า!AL156 -> 0 | X131: =[2]หน้าผ้า!AM156 -> 0 | Y131: =[2]หน้าผ้า!AN156 -> 0 | Z131: =[2]หน้าผ้า!AO156 -> WSWT2125700 | AA131: =[2]หน้าผ้า!AQ156 -> #REF! | AB131: =[2]หน้าผ้า!AR156 -> #REF! | AC131: =[2]หน้าผ้า!AS156 -> #REF! | AD131: =[2]หน้าผ้า!AT156 -> #REF! | AE131: =[2]หน้าผ้า!AU156 -> #REF! | AF131: =[2]หน้าผ้า!AI156 -> ระบุในSD | AG131: =[3]หน้าผ้า!DC159 -> พร้อมส่ง | AH131: =[2]หน้าผ้า!DL156 -> 0 | AI131: =[2]หน้าผ้า!DM156 -> 0 | AJ131: =[2]หน้าผ้า!DN156 -> 0 | AK131: =[2]หน้าผ้า!DQ156 -> 0 | AL131: =[2]หน้าผ้า!DR156 -> 0 | AM131: =[2]หน้าผ้า!DS156 -> 0 | AN131: =[2]หน้าผ้า!DT156 -> 0 | AO131: =[2]หน้าผ้า!DU156 -> 0 | AP131: =[2]หน้าผ้า!DP156 -> 0 | AQ131: =[2]หน้าผ้า!DW156 -> 0 | AR131: =[2]หน้าผ้า!DX156 -> 0 | AS131: =[2]หน้าผ้า!DY156 -> 0 | AT131: =[2]หน้าผ้า!DZ156 -> 0 | AU131: =[2]หน้าผ้า!EA156 -> 0 | AV131: =[2]หน้าผ้า!EB156 -> 0 | AW131: =[2]หน้าผ้า!EC156 -> 0 | AX131: =[2]หน้าผ้า!ED156 -> 0 | AY131: =[2]หน้าผ้า!AG156 -> 0 | AZ131: =[2]หน้าผ้า!EG156 -> 0 | BA131: =[2]หน้าผ้า!EH156 -> 0 | BB131: =[2]หน้าผ้า!EI156 -> 0 | BC131: =[2]หน้าผ้า!BZ156 -> WRWT210800/WRWT25650 | BD131: =[2]หน้าผ้า!CA156 -> 0
A132: =[2]หน้าผ้า!C157 -> 0 | B132: =[2]หน้าผ้า!B157 -> 0 | C132: =[2]หน้าผ้า!E157 -> 0 | D132: =[2]หน้าผ้า!F157 -> 0 | E132: =[2]หน้าผ้า!G157 -> 21 | F132: =[2]หน้าผ้า!H157 -> 37 | G132: =[2]หน้าผ้า!I157 -> ขาว | H132: =[2]หน้าผ้า!J157 -> 0 | I132: =[2]หน้าผ้า!L157 -> 67 | J132: =[2]หน้าผ้า!M157 -> ± | K132: =[2]หน้าผ้า!N157 -> 5 | L132: =[2]หน้าผ้า!R157 -> 0 | M132: =[2]หน้าผ้า!T157 -> 0 | N132: =[2]หน้าผ้า!U157 -> 0 | O132: =[2]หน้าผ้า!V157 -> 0 | P132: =[2]หน้าผ้า!AB157 -> 0 | Q132: =[2]หน้าผ้า!AC157 -> 0 | R132: =[2]หน้าผ้า!AD157 -> 0 | S132: =[2]หน้าผ้า!Z157 -> 0 | T132: =[2]หน้าผ้า!X157 -> 0 | U132: =[2]หน้าผ้า!AA157 -> 0 | V132: =[2]หน้าผ้า!AJ157 -> 0 | W132: =[2]หน้าผ้า!AL157 -> 0 | X132: =[2]หน้าผ้า!AM157 -> 0 | Y132: =[2]หน้าผ้า!AN157 -> 0 | Z132: =[2]หน้าผ้า!AO157 -> WSWT2125650 | AA132: =[2]หน้าผ้า!AQ157 -> #REF! | AB132: =[2]หน้าผ้า!AR157 -> #REF! | AC132: =[2]หน้าผ้า!AS157 -> #REF! | AD132: =[2]หน้าผ้า!AT157 -> #REF! | AE132: =[2]หน้าผ้า!AU157 -> #REF! | AF132: =[2]หน้าผ้า!AI157 -> ระบุในSD | AG132: =[3]หน้าผ้า!DC160 -> ยังไม่ได้พิมพ์ | AH132: =[2]หน้าผ้า!DL157 -> 0 | AI132: =[2]หน้าผ้า!DM157 -> Lead time | AJ132: =[2]หน้าผ้า!DN157 -> 0 | AK132: =[2]หน้าผ้า!DQ157 -> 0 | AL132: =[2]หน้าผ้า!DR157 -> 0 | AM132: =[2]หน้าผ้า!DS157 -> 0 | AN132: =[2]หน้าผ้า!DT157 -> 0 | AO132: =[2]หน้าผ้า!DU157 -> 0 | AP132: =[2]หน้าผ้า!DP157 -> 0 | AQ132: =[2]หน้าผ้า!DW157 -> 0 | AR132: =[2]หน้าผ้า!DX157 -> 0 | AS132: =[2]หน้าผ้า!DY157 -> 0 | AT132: =[2]หน้าผ้า!DZ157 -> 0 | AU132: =[2]หน้าผ้า!EA157 -> 0 | AV132: =[2]หน้าผ้า!EB157 -> 0 | AW132: =[2]หน้าผ้า!EC157 -> 0 | AX132: =[2]หน้าผ้า!ED157 -> 0 | AY132: =[2]หน้าผ้า!AG157 -> 0 | AZ132: =[2]หน้าผ้า!EG157 -> 0 | BA132: =[2]หน้าผ้า!EH157 -> 0 | BB132: =[2]หน้าผ้า!EI157 -> 0 | BC132: =[2]หน้าผ้า!BZ157 -> WRWT25650/WRWT25650 | BD132: =[2]หน้าผ้า!CA157 -> 0
A133: =[2]หน้าผ้า!C158 -> 0 | B133: =[2]หน้าผ้า!B158 -> 0 | C133: =[2]หน้าผ้า!E158 -> 0 | D133: =[2]หน้าผ้า!F158 -> 0 | E133: =[2]หน้าผ้า!G158 -> 21 | F133: =[2]หน้าผ้า!H158 -> 37 | G133: =[2]หน้าผ้า!I158 -> ขาวแถบใส5 | H133: =[2]หน้าผ้า!J158 -> 0 | I133: =[2]หน้าผ้า!L158 -> 67 | J133: =[2]หน้าผ้า!M158 -> ± | K133: =[2]หน้าผ้า!N158 -> 5 | L133: =[2]หน้าผ้า!R158 -> 0 | M133: =[2]หน้าผ้า!T158 -> 0 | N133: =[2]หน้าผ้า!U158 -> 0 | O133: =[2]หน้าผ้า!V158 -> 0 | P133: =[2]หน้าผ้า!AB158 -> 0 | Q133: =[2]หน้าผ้า!AC158 -> 0 | R133: =[2]หน้าผ้า!AD158 -> 0 | S133: =[2]หน้าผ้า!Z158 -> 0 | T133: =[2]หน้าผ้า!X158 -> 0 | U133: =[2]หน้าผ้า!AA158 -> 0 | V133: =[2]หน้าผ้า!AJ158 -> 0 | W133: =[2]หน้าผ้า!AL158 -> 0 | X133: =[2]หน้าผ้า!AM158 -> 0 | Y133: =[2]หน้าผ้า!AN158 -> 0 | Z133: =[2]หน้าผ้า!AO158 -> WSWTSCL052125650 | AA133: =[2]หน้าผ้า!AQ158 -> #REF! | AB133: =[2]หน้าผ้า!AR158 -> #REF! | AC133: =[2]หน้าผ้า!AS158 -> #REF! | AD133: =[2]หน้าผ้า!AT158 -> #REF! | AE133: =[2]หน้าผ้า!AU158 -> #REF! | AF133: =[2]หน้าผ้า!AI158 -> ระบุในSD | AG133: =[3]หน้าผ้า!DC161 -> ยังไม่ได้พิมพ์ | AH133: =[2]หน้าผ้า!DL158 -> 0 | AI133: =[2]หน้าผ้า!DM158 -> Lead time | AJ133: =[2]หน้าผ้า!DN158 -> 0 | AK133: =[2]หน้าผ้า!DQ158 -> 0 | AL133: =[2]หน้าผ้า!DR158 -> 0 | AM133: =[2]หน้าผ้า!DS158 -> 0 | AN133: =[2]หน้าผ้า!DT158 -> 0 | AO133: =[2]หน้าผ้า!DU158 -> 0 | AP133: =[2]หน้าผ้า!DP158 -> 0 | AQ133: =[2]หน้าผ้า!DW158 -> 0 | AR133: =[2]หน้าผ้า!DX158 -> 0 | AS133: =[2]หน้าผ้า!DY158 -> 0 | AT133: =[2]หน้าผ้า!DZ158 -> 0 | AU133: =[2]หน้าผ้า!EA158 -> 0 | AV133: =[2]หน้าผ้า!EB158 -> 0 | AW133: =[2]หน้าผ้า!EC158 -> 0 | AX133: =[2]หน้าผ้า!ED158 -> 0 | AY133: =[2]หน้าผ้า!AG158 -> 0 | AZ133: =[2]หน้าผ้า!EG158 -> 0 | BA133: =[2]หน้าผ้า!EH158 -> 0 | BB133: =[2]หน้าผ้า!EI158 -> 0 | BC133: =[2]หน้าผ้า!BZ158 -> WRWT25650/WRCL25680 | BD133: =[2]หน้าผ้า!CA158 -> 0
A134: =[2]หน้าผ้า!C159 -> 0 | B134: =[2]หน้าผ้า!B159 -> 0 | C134: =[2]หน้าผ้า!E159 -> 0 | D134: =[2]หน้าผ้า!F159 -> 0 | E134: =[2]หน้าผ้า!G159 -> 21 | F134: =[2]หน้าผ้า!H159 -> 37 | G134: =[2]หน้าผ้า!I159 -> ขาว | H134: =[2]หน้าผ้า!J159 -> 0 | I134: =[2]หน้าผ้า!L159 -> 83 | J134: =[2]หน้าผ้า!M159 -> ± | K134: =[2]หน้าผ้า!N159 -> 5 | L134: =[2]หน้าผ้า!R159 -> 0 | M134: =[2]หน้าผ้า!T159 -> 0 | N134: =[2]หน้าผ้า!U159 -> 0 | O134: =[2]หน้าผ้า!V159 -> 0 | P134: =[2]หน้าผ้า!AB159 -> 0 | Q134: =[2]หน้าผ้า!AC159 -> 0 | R134: =[2]หน้าผ้า!AD159 -> 0 | S134: =[2]หน้าผ้า!Z159 -> 0 | T134: =[2]หน้าผ้า!X159 -> 0 | U134: =[2]หน้าผ้า!AA159 -> 0 | V134: =[2]หน้าผ้า!AJ159 -> 0 | W134: =[2]หน้าผ้า!AL159 -> 0 | X134: =[2]หน้าผ้า!AM159 -> 0 | Y134: =[2]หน้าผ้า!AN159 -> 0 | Z134: =[2]หน้าผ้า!AO159 -> WSWT2125800 | AA134: =[2]หน้าผ้า!AQ159 -> #REF! | AB134: =[2]หน้าผ้า!AR159 -> #REF! | AC134: =[2]หน้าผ้า!AS159 -> #REF! | AD134: =[2]หน้าผ้า!AT159 -> #REF! | AE134: =[2]หน้าผ้า!AU159 -> #REF! | AF134: =[2]หน้าผ้า!AI159 -> ระบุในSD | AG134: =[3]หน้าผ้า!DC162 -> ยังไม่ได้พิมพ์ | AH134: =[2]หน้าผ้า!DL159 -> 0 | AI134: =[2]หน้าผ้า!DM159 -> 0 | AJ134: =[2]หน้าผ้า!DN159 -> 0 | AK134: =[2]หน้าผ้า!DQ159 -> 0 | AL134: =[2]หน้าผ้า!DR159 -> 0 | AM134: =[2]หน้าผ้า!DS159 -> 0 | AN134: =[2]หน้าผ้า!DT159 -> 0 | AO134: =[2]หน้าผ้า!DU159 -> 0 | AP134: =[2]หน้าผ้า!DP159 -> 0 | AQ134: =[2]หน้าผ้า!DW159 -> 0 | AR134: =[2]หน้าผ้า!DX159 -> 0 | AS134: =[2]หน้าผ้า!DY159 -> 0 | AT134: =[2]หน้าผ้า!DZ159 -> 0 | AU134: =[2]หน้าผ้า!EA159 -> 0 | AV134: =[2]หน้าผ้า!EB159 -> 0 | AW134: =[2]หน้าผ้า!EC159 -> 0 | AX134: =[2]หน้าผ้า!ED159 -> 0 | AY134: =[2]หน้าผ้า!AG159 -> 0 | AZ134: =[2]หน้าผ้า!EG159 -> 0 | BA134: =[2]หน้าผ้า!EH159 -> 0 | BB134: =[2]หน้าผ้า!EI159 -> 0 | BC134: =[2]หน้าผ้า!BZ159 -> WRWT210800/WRWT25800 | BD134: =[2]หน้าผ้า!CA159 -> 0
A135: =[2]หน้าผ้า!C160 -> 45867 | B135: =[2]หน้าผ้า!B160 -> MK68-000932 | C135: =[2]หน้าผ้า!E160 -> บจก.เอ็นบี ดิสทริบิวชั่น | D135: =[2]หน้าผ้า!F160 -> กัสโซ่ฟีด 202 | E135: =[2]หน้าผ้า!G160 -> 21 | F135: =[2]หน้าผ้า!H160 -> 37 | G135: =[2]หน้าผ้า!I160 -> ขาว | H135: =[2]หน้าผ้า!J160 -> ใส | I135: =[2]หน้าผ้า!L160 -> 100 | J135: =[2]หน้าผ้า!M160 -> ± | K135: =[2]หน้าผ้า!N160 -> 5 | L135: =[2]หน้าผ้า!R160 -> บิด | M135: =[2]หน้าผ้า!T160 -> 22 | N135: =[2]หน้าผ้า!U160 -> 40 | O135: =[2]หน้าผ้า!V160 -> 40 | P135: =[2]หน้าผ้า!AB160 -> 108.55204 | Q135: =[2]หน้าผ้า!AC160 -> 0 | R135: =[2]หน้าผ้า!AD160 -> 108.55204 | S135: =[2]หน้าผ้า!Z160 -> 500กระสอบ | T135: =[2]หน้าผ้า!X160 -> 45874 | U135: =[2]หน้าผ้า!AA160 -> 5000 | V135: =[2]หน้าผ้า!AJ160 -> 0 | W135: =[2]หน้าผ้า!AL160 -> 5000 | X135: =[2]หน้าผ้า!AM160 -> 0 | Y135: =[2]หน้าผ้า!AN160 -> 5250 | Z135: =[2]หน้าผ้า!AO160 -> WSWT2121670SM | AA135: =[2]หน้าผ้า!AQ160 -> 5378.45 | AB135: =[2]หน้าผ้า!AR160 -> 5378.45 | AC135: =[2]หน้าผ้า!AS160 -> 0 | AD135: =[2]หน้าผ้า!AT160 -> 1991 | AE135: =[2]หน้าผ้า!AU160 -> 3387.45 | AF135: =[2]หน้าผ้า!AI160 -> 0 | AG135: =[3]หน้าผ้า!DC163 -> รอแบบ | AH135: =[2]หน้าผ้า!DL160 -> P8 | AI135: =[2]หน้าผ้า!DM160 -> 4 | AJ135: =[2]หน้าผ้า!DN160 -> 45874 | AK135: =[2]หน้าผ้า!DQ160 -> 45870 | AL135: =[2]หน้าผ้า!DR160 -> 45864 | AM135: =[2]หน้าผ้า!DS160 -> 45871 | AN135: =[2]หน้าผ้า!DT160 -> 45872 | AO135: =[2]หน้าผ้า!DU160 -> 45872 | AP135: =[2]หน้าผ้า!DP160 -> 45869 | AQ135: =[2]หน้าผ้า!DW160 -> 45873 | AR135: =[2]หน้าผ้า!DX160 -> 0 | AS135: =[2]หน้าผ้า!DY160 -> 0 | AT135: =[2]หน้าผ้า!DZ160 -> 0 | AU135: =[2]หน้าผ้า!EA160 -> 0 | AV135: =[2]หน้าผ้า!EB160 -> 0 | AW135: =[2]หน้าผ้า!EC160 -> งานเคลือบ+พิมพ์ | AX135: =[2]หน้าผ้า!ED160 -> รอART | AY135: =[2]หน้าผ้า!AG160 -> 0 | AZ135: =[2]หน้าผ้า!EG160 -> 0 | BA135: =[2]หน้าผ้า!EH160 -> 0 | BB135: =[2]หน้าผ้า!EI160 -> 0 | BC135: =[2]หน้าผ้า!BZ160 -> WRWT21670/WRWT21670 | BD135: =[2]หน้าผ้า!CA160 -> 0
A136: =[2]หน้าผ้า!C161 -> 45867 | B136: =[2]หน้าผ้า!B161 -> MK68-000932 | C136: =[2]หน้าผ้า!E161 -> บจก.เอ็นบี ดิสทริบิวชั่น | D136: =[2]หน้าผ้า!F161 -> กัสโซ่ฟีด 101-102 | E136: =[2]หน้าผ้า!G161 -> 21 | F136: =[2]หน้าผ้า!H161 -> 37 | G136: =[2]หน้าผ้า!I161 -> ขาว | H136: =[2]หน้าผ้า!J161 -> ใส | I136: =[2]หน้าผ้า!L161 -> 100 | J136: =[2]หน้าผ้า!M161 -> ± | K136: =[2]หน้าผ้า!N161 -> 5 | L136: =[2]หน้าผ้า!R161 -> บิด | M136: =[2]หน้าผ้า!T161 -> 22 | N136: =[2]หน้าผ้า!U161 -> 40 | O136: =[2]หน้าผ้า!V161 -> 40 | P136: =[2]หน้าผ้า!AB161 -> 217.10408 | Q136: =[2]หน้าผ้า!AC161 -> 0 | R136: =[2]หน้าผ้า!AD161 -> 217.10408 | S136: =[2]หน้าผ้า!Z161 -> 500กระสอบ | T136: =[2]หน้าผ้า!X161 -> 45874 | U136: =[2]หน้าผ้า!AA161 -> 10000 | V136: =[2]หน้าผ้า!AJ161 -> 0 | W136: =[2]หน้าผ้า!AL161 -> 10000 | X136: =[2]หน้าผ้า!AM161 -> 0 | Y136: =[2]หน้าผ้า!AN161 -> 10500 | Z136: =[2]หน้าผ้า!AO161 -> WSWT2121670SM | AA136: =[2]หน้าผ้า!AQ161 -> 10756.9 | AB136: =[2]หน้าผ้า!AR161 -> 10756.9 | AC136: =[2]หน้าผ้า!AS161 -> 0 | AD136: =[2]หน้าผ้า!AT161 -> 0 | AE136: =[2]หน้าผ้า!AU161 -> 10756.9 | AF136: =[2]หน้าผ้า!AI161 -> 0 | AG136: =[3]หน้าผ้า!DC164 -> รอแบบ | AH136: =[2]หน้าผ้า!DL161 -> P8 | AI136: =[2]หน้าผ้า!DM161 -> 4 | AJ136: =[2]หน้าผ้า!DN161 -> 45874 | AK136: =[2]หน้าผ้า!DQ161 -> 45870 | AL136: =[2]หน้าผ้า!DR161 -> 45864 | AM136: =[2]หน้าผ้า!DS161 -> 45871 | AN136: =[2]หน้าผ้า!DT161 -> 45872 | AO136: =[2]หน้าผ้า!DU161 -> 45872 | AP136: =[2]หน้าผ้า!DP161 -> 45869 | AQ136: =[2]หน้าผ้า!DW161 -> 45873 | AR136: =[2]หน้าผ้า!DX161 -> 0 | AS136: =[2]หน้าผ้า!DY161 -> 0 | AT136: =[2]หน้าผ้า!DZ161 -> 0 | AU136: =[2]หน้าผ้า!EA161 -> 0 | AV136: =[2]หน้าผ้า!EB161 -> 0 | AW136: =[2]หน้าผ้า!EC161 -> งานเคลือบ+พิมพ์ | AX136: =[2]หน้าผ้า!ED161 -> รอART | AY136: =[2]หน้าผ้า!AG161 -> 0 | AZ136: =[2]หน้าผ้า!EG161 -> 0 | BA136: =[2]หน้าผ้า!EH161 -> 0 | BB136: =[2]หน้าผ้า!EI161 -> 0 | BC136: =[2]หน้าผ้า!BZ161 -> WRWT21670/WRWT21670 | BD136: =[2]หน้าผ้า!CA161 -> 0
A137: =[2]หน้าผ้า!C162 -> 45867 | B137: =[2]หน้าผ้า!B162 -> MK68-000930 | C137: =[2]หน้าผ้า!E162 -> บจก.บลูฟาโล่ | D137: =[2]หน้าผ้า!F162 -> เมอรี่ 882S | E137: =[2]หน้าผ้า!G162 -> 21 | F137: =[2]หน้าผ้า!H162 -> 37 | G137: =[2]หน้าผ้า!I162 -> ขาว | H137: =[2]หน้าผ้า!J162 -> ใส | I137: =[2]หน้าผ้า!L162 -> 97 | J137: =[2]หน้าผ้า!M162 -> ± | K137: =[2]หน้าผ้า!N162 -> 5 | L137: =[2]หน้าผ้า!R162 -> บิด | M137: =[2]หน้าผ้า!T162 -> 22 | N137: =[2]หน้าผ้า!U162 -> 40 | O137: =[2]หน้าผ้า!V162 -> 40 | P137: =[2]หน้าผ้า!AB162 -> 108.55204 | Q137: =[2]หน้าผ้า!AC162 -> 0 | R137: =[2]หน้าผ้า!AD162 -> 108.55204 | S137: =[2]หน้าผ้า!Z162 -> 500กระสอบ | T137: =[2]หน้าผ้า!X162 -> 45874 | U137: =[2]หน้าผ้า!AA162 -> 5000 | V137: =[2]หน้าผ้า!AJ162 -> 0 | W137: =[2]หน้าผ้า!AL162 -> 5000 | X137: =[2]หน้าผ้า!AM162 -> 0 | Y137: =[2]หน้าผ้า!AN162 -> 5250 | Z137: =[2]หน้าผ้า!AO162 -> WSWT2121670SM | AA137: =[2]หน้าผ้า!AQ162 -> 5378.45 | AB137: =[2]หน้าผ้า!AR162 -> 5378.45 | AC137: =[2]หน้าผ้า!AS162 -> 0 | AD137: =[2]หน้าผ้า!AT162 -> 0 | AE137: =[2]หน้าผ้า!AU162 -> 5378.45 | AF137: =[2]หน้าผ้า!AI162 -> 0 | AG137: =[3]หน้าผ้า!DC165 -> ยังไม่ได้พิมพ์ | AH137: =[2]หน้าผ้า!DL162 -> P8 | AI137: =[2]หน้าผ้า!DM162 -> 4 | AJ137: =[2]หน้าผ้า!DN162 -> 45874 | AK137: =[2]หน้าผ้า!DQ162 -> 45870 | AL137: =[2]หน้าผ้า!DR162 -> 45864 | AM137: =[2]หน้าผ้า!DS162 -> 45871 | AN137: =[2]หน้าผ้า!DT162 -> 45872 | AO137: =[2]หน้าผ้า!DU162 -> 45872 | AP137: =[2]หน้าผ้า!DP162 -> 45869 | AQ137: =[2]หน้าผ้า!DW162 -> 45873 | AR137: =[2]หน้าผ้า!DX162 -> 0 | AS137: =[2]หน้าผ้า!DY162 -> 0 | AT137: =[2]หน้าผ้า!DZ162 -> 0 | AU137: =[2]หน้าผ้า!EA162 -> 0 | AV137: =[2]หน้าผ้า!EB162 -> 0 | AW137: =[2]หน้าผ้า!EC162 -> งานเคลือบ+พิมพ์ | AX137: =[2]หน้าผ้า!ED162 -> รอART | AY137: =[2]หน้าผ้า!AG162 -> 0 | AZ137: =[2]หน้าผ้า!EG162 -> 0 | BA137: =[2]หน้าผ้า!EH162 -> 0 | BB137: =[2]หน้าผ้า!EI162 -> 0 | BC137: =[2]หน้าผ้า!BZ162 -> WRWT21670/WRWT21670 | BD137: =[2]หน้าผ้า!CA162 -> 0
A138: =[2]หน้าผ้า!C163 -> ประมาณการ | B138: =[2]หน้าผ้า!B163 -> ประมาณการ | C138: =[2]หน้าผ้า!E163 -> บจก.เอ็นบี ดิสทริบิวชั่น | D138: =[2]หน้าผ้า!F163 -> รอแบบ | E138: =[2]หน้าผ้า!G163 -> 21 | F138: =[2]หน้าผ้า!H163 -> 37 | G138: =[2]หน้าผ้า!I163 -> ขาว | H138: =[2]หน้าผ้า!J163 -> ใส | I138: =[2]หน้าผ้า!L163 -> 100 | J138: =[2]หน้าผ้า!M163 -> ± | K138: =[2]หน้าผ้า!N163 -> 5 | L138: =[2]หน้าผ้า!R163 -> บิด | M138: =[2]หน้าผ้า!T163 -> 22 | N138: =[2]หน้าผ้า!U163 -> 40 | O138: =[2]หน้าผ้า!V163 -> 40 | P138: =[2]หน้าผ้า!AB163 -> 868.41633 | Q138: =[2]หน้าผ้า!AC163 -> 0 | R138: =[2]หน้าผ้า!AD163 -> 868.41633 | S138: =[2]หน้าผ้า!Z163 -> 500กระสอบ | T138: =[2]หน้าผ้า!X163 -> 45899 | U138: =[2]หน้าผ้า!AA163 -> 40000 | V138: =[2]หน้าผ้า!AJ163 -> 0 | W138: =[2]หน้าผ้า!AL163 -> 40000 | X138: =[2]หน้าผ้า!AM163 -> 0 | Y138: =[2]หน้าผ้า!AN163 -> 42000 | Z138: =[2]หน้าผ้า!AO163 -> WSWT2121670SM | AA138: =[2]หน้าผ้า!AQ163 -> 43027.6 | AB138: =[2]หน้าผ้า!AR163 -> 43027.6 | AC138: =[2]หน้าผ้า!AS163 -> 0 | AD138: =[2]หน้าผ้า!AT163 -> 0 | AE138: =[2]หน้าผ้า!AU163 -> 43027.6 | AF138: =[2]หน้าผ้า!AI163 -> 0 | AG138: =[3]หน้าผ้า!DC166 -> ยังไม่ได้พิมพ์ | AH138: =[2]หน้าผ้า!DL163 -> P8 | AI138: =[2]หน้าผ้า!DM163 -> 4 | AJ138: =[2]หน้าผ้า!DN163 -> 45899 | AK138: =[2]หน้าผ้า!DQ163 -> 45895 | AL138: =[2]หน้าผ้า!DR163 -> 45889 | AM138: =[2]หน้าผ้า!DS163 -> 45896 | AN138: =[2]หน้าผ้า!DT163 -> 45897 | AO138: =[2]หน้าผ้า!DU163 -> 45897 | AP138: =[2]หน้าผ้า!DP163 -> 45894 | AQ138: =[2]หน้าผ้า!DW163 -> 45898 | AR138: =[2]หน้าผ้า!DX163 -> 0 | AS138: =[2]หน้าผ้า!DY163 -> 0 | AT138: =[2]หน้าผ้า!DZ163 -> 0 | AU138: =[2]หน้าผ้า!EA163 -> 0 | AV138: =[2]หน้าผ้า!EB163 -> 0 | AW138: =[2]หน้าผ้า!EC163 -> งานเคลือบ+พิมพ์ | AX138: =[2]หน้าผ้า!ED163 -> รอART | AY138: =[2]หน้าผ้า!AG163 -> 0 | AZ138: =[2]หน้าผ้า!EG163 -> 0 | BA138: =[2]หน้าผ้า!EH163 -> 0 | BB138: =[2]หน้าผ้า!EI163 -> 0 | BC138: =[2]หน้าผ้า!BZ163 -> WRWT21670/WRWT21670 | BD138: =[2]หน้าผ้า!CA163 -> 0
A139: =[2]หน้าผ้า!C164 -> ประมาณการ | B139: =[2]หน้าผ้า!B164 -> ประมาณการ | C139: =[2]หน้าผ้า!E164 -> บจก.แอมโก้เวท | D139: =[2]หน้าผ้า!F164 -> รอแบบ | E139: =[2]หน้าผ้า!G164 -> 21 | F139: =[2]หน้าผ้า!H164 -> 37 | G139: =[2]หน้าผ้า!I164 -> ขาว | H139: =[2]หน้าผ้า!J164 -> ใส | I139: =[2]หน้าผ้า!L164 -> 100 | J139: =[2]หน้าผ้า!M164 -> ± | K139: =[2]หน้าผ้า!N164 -> 5 | L139: =[2]หน้าผ้า!R164 -> บิด | M139: =[2]หน้าผ้า!T164 -> ไม่สวมถุงใน | N139: =[2]หน้าผ้า!U164 -> 0 | O139: =[2]หน้าผ้า!V164 -> 0 | P139: =[2]หน้าผ้า!AB164 -> 0 | Q139: =[2]หน้าผ้า!AC164 -> 0 | R139: =[2]หน้าผ้า!AD164 -> 0 | S139: =[2]หน้าผ้า!Z164 -> 500กระสอบ | T139: =[2]หน้าผ้า!X164 -> 45899 | U139: =[2]หน้าผ้า!AA164 -> 300000 | V139: =[2]หน้าผ้า!AJ164 -> 0 | W139: =[2]หน้าผ้า!AL164 -> 300000 | X139: =[2]หน้าผ้า!AM164 -> 0 | Y139: =[2]หน้าผ้า!AN164 -> 315000 | Z139: =[2]หน้าผ้า!AO164 -> WSWT2121670SM | AA139: =[2]หน้าผ้า!AQ164 -> 322707 | AB139: =[2]หน้าผ้า!AR164 -> 159370 | AC139: =[2]หน้าผ้า!AS164 -> 163337 | AD139: =[2]หน้าผ้า!AT164 -> 0 | AE139: =[2]หน้าผ้า!AU164 -> 322707 | AF139: =[2]หน้าผ้า!AI164 -> 0 | AG139: =[3]หน้าผ้า!DC167 -> ยังไม่ได้พิมพ์ | AH139: =[2]หน้าผ้า!DL164 -> P8 | AI139: =[2]หน้าผ้า!DM164 -> 4 | AJ139: =[2]หน้าผ้า!DN164 -> 45899 | AK139: =[2]หน้าผ้า!DQ164 -> 45895 | AL139: =[2]หน้าผ้า!DR164 -> 45889 | AM139: =[2]หน้าผ้า!DS164 -> 45896 | AN139: =[2]หน้าผ้า!DT164 -> 45897 | AO139: =[2]หน้าผ้า!DU164 -> 45897 | AP139: =[2]หน้าผ้า!DP164 -> 45894 | AQ139: =[2]หน้าผ้า!DW164 -> 0 | AR139: =[2]หน้าผ้า!DX164 -> 0 | AS139: =[2]หน้าผ้า!DY164 -> 0 | AT139: =[2]หน้าผ้า!DZ164 -> 0 | AU139: =[2]หน้าผ้า!EA164 -> 0 | AV139: =[2]หน้าผ้า!EB164 -> 0 | AW139: =[2]หน้าผ้า!EC164 -> งานเคลือบ+พิมพ์ | AX139: =[2]หน้าผ้า!ED164 -> รอART | AY139: =[2]หน้าผ้า!AG164 -> 0 | AZ139: =[2]หน้าผ้า!EG164 -> 0 | BA139: =[2]หน้าผ้า!EH164 -> 0 | BB139: =[2]หน้าผ้า!EI164 -> 0 | BC139: =[2]หน้าผ้า!BZ164 -> WRWT21670/WRWT21670 | BD139: =[2]หน้าผ้า!CA164 -> 11746.108
A140: =[2]หน้าผ้า!C165 -> ประมาณการ | B140: =[2]หน้าผ้า!B165 -> ประมาณการ | C140: =[2]หน้าผ้า!E165 -> บจก.ที.ซี.ยูเนี่ยน อโกรเทค | D140: =[2]หน้าผ้า!F165 -> Zhejiang UN | E140: =[2]หน้าผ้า!G165 -> 21 | F140: =[2]หน้าผ้า!H165 -> 37 | G140: =[2]หน้าผ้า!I165 -> ขาว | H140: =[2]หน้าผ้า!J165 -> ใส | I140: =[2]หน้าผ้า!L165 -> 100 | J140: =[2]หน้าผ้า!M165 -> ± | K140: =[2]หน้าผ้า!N165 -> 5 | L140: =[2]หน้าผ้า!R165 -> ไม่ | M140: =[2]หน้าผ้า!T165 -> ไม่สวมถุงใน | N140: =[2]หน้าผ้า!U165 -> 0 | O140: =[2]หน้าผ้า!V165 -> 0 | P140: =[2]หน้าผ้า!AB165 -> 0 | Q140: =[2]หน้าผ้า!AC165 -> 0 | R140: =[2]หน้าผ้า!AD165 -> 0 | S140: =[2]หน้าผ้า!Z165 -> 300กระสอบแบนเต็มใบ | T140: =[2]หน้าผ้า!X165 -> รอแจ้ง | U140: =[2]หน้าผ้า!AA165 -> 10000 | V140: =[2]หน้าผ้า!AJ165 -> 0 | W140: =[2]หน้าผ้า!AL165 -> 10000 | X140: =[2]หน้าผ้า!AM165 -> 0 | Y140: =[2]หน้าผ้า!AN165 -> 10500 | Z140: =[2]หน้าผ้า!AO165 -> WSWT2121670SM | AA140: =[2]หน้าผ้า!AQ165 -> 10756.9 | AB140: =[2]หน้าผ้า!AR165 -> 10756.9 | AC140: =[2]หน้าผ้า!AS165 -> 0 | AD140: =[2]หน้าผ้า!AT165 -> 0 | AE140: =[2]หน้าผ้า!AU165 -> 10756.9 | AF140: =[2]หน้าผ้า!AI165 -> 0 | AG140: =[3]หน้าผ้า!DC168 -> ยังไม่ได้พิมพ์ | AH140: =[2]หน้าผ้า!DL165 -> P8 | AI140: =[2]หน้าผ้า!DM165 -> 4 | AJ140: =[2]หน้าผ้า!DN165 -> รอแจ้ง | AK140: =[2]หน้าผ้า!DQ165 -> #VALUE! | AL140: =[2]หน้าผ้า!DR165 -> #VALUE! | AM140: =[2]หน้าผ้า!DS165 -> #VALUE! | AN140: =[2]หน้าผ้า!DT165 -> #VALUE! | AO140: =[2]หน้าผ้า!DU165 -> #VALUE! | AP140: =[2]หน้าผ้า!DP165 -> #VALUE! | AQ140: =[2]หน้าผ้า!DW165 -> 0 | AR140: =[2]หน้าผ้า!DX165 -> 0 | AS140: =[2]หน้าผ้า!DY165 -> 0 | AT140: =[2]หน้าผ้า!DZ165 -> 0 | AU140: =[2]หน้าผ้า!EA165 -> 0 | AV140: =[2]หน้าผ้า!EB165 -> 0 | AW140: =[2]หน้าผ้า!EC165 -> งานเคลือบ+พิมพ์ | AX140: =[2]หน้าผ้า!ED165 -> / | AY140: =[2]หน้าผ้า!AG165 -> 0 | AZ140: =[2]หน้าผ้า!EG165 -> 0 | BA140: =[2]หน้าผ้า!EH165 -> 0 | BB140: =[2]หน้าผ้า!EI165 -> 0 | BC140: =[2]หน้าผ้า!BZ165 -> WRWT21670/WRWT21670 | BD140: =[2]หน้าผ้า!CA165 -> 0
