Workbook

Sheet Linkสูตรออร์เดอร์  (2)
B2: เรียงกำหนดส่ง | D2: ลบ 0 | T2: เรียง 1
B3: ข้อมูลUpdate ณ. วันที่ | D3: 45831 | E3: เวลา | G3: 11.43
A4: วันรับออร์เดอร์/แบบ | B4: เลขที่ SO | C4: ชื่อลูกค้า | E4: 10.3 | I4: น้ำหนัก | L4: บิด/จับจีบ | M4: ถุงใน | Q4: =[1]หน้าผ้า!$AC$13 -> 44873 | S4: วิธีบรรจุ | T4: วันส่ง | U4: จำนวนส่ง | V4: ตัดเย็บ (ใบ) | W4: =[1]หน้าผ้า!$AJ$13 -> 44873 | X4: พิมพ์ (ใบ) | Y4: =[1]หน้าผ้า!$AM$13 -> 44876 | Z4: ผ้าทอ (เมตร) Updateณ | AB4: =[1]หน้าผ้า!$AR$12 -> 44876 | AD4: ผ้าเคลือบ(เมตร) | AF4: หมายเหตุ | AG4: เครื่อง
B5: เลขที่ SO | C5: ชื่อลูกค้า | D5: ตรา | E5: กว้าง | F5: ยาว | G5: สี | H5: เคลือบ | I5: กรัม/ใบ | J5: * | K5: aw | L5: บิด/จับจีบ | M5: กว้าง | N5: ยาว | O5: หนา | P5: ใช้(กก.) | Q5: Stock(กก.) | R5: ผลิต(กก.) | S5: วิธีบรรจุ | T5: วันส่ง | U5: จำนวนส่ง | V5: StockFG | W5: ค้างตัด | X5: พิมพ์แล้ว | Y5: ค้างพิมพ์ | Z5: ประเภท | AA5: ใช้ | AB5: Stock | AC5: ค้างทอ | AD5: Stock | AE5: ค้างเคลือบ | AF5: หมายเหตุ | AG5: ที่พิมพ์ได้ | AH5: process | AI5: Lead time | AJ5: วันที่ส่งPL | AK5: เคลือบ | AL5: ได้ ART | AM5: พิมพ์ | AN5: จีบ-บิด | AO5: ตัด-เย็บ | AP5: ทอ | AQ5: สวมถุง | AR5: เย็บปาก | AS5: PT | AT5: ม้วน | AU5: ตัด | AV5: ตอกตาไก่ | AW5: GROUP | AX5: ART | AY5: หมายเหตุปัญหา | AZ5: ราคา/ใบ | BA5: ราคารวม | BB5: workweek | BC5: เส้นเทป | BD5: จำนวน
A6: =[2]หน้าผ้า!C15 -> 0 | B6: =[2]หน้าผ้า!B15 -> 0 | C6: =[2]หน้าผ้า!E15 -> 0 | D6: =[2]หน้าผ้า!F15 -> 0 | E6: =[2]หน้าผ้า!G15 -> 12 | F6: =[2]หน้าผ้า!H15 -> 16 | G6: =[2]หน้าผ้า!I15 -> ขาว | H6: =[2]หน้าผ้า!J15 -> 0 | I6: =[2]หน้าผ้า!L15 -> 25 | J6: =[2]หน้าผ้า!M15 -> ± | K6: =[2]หน้าผ้า!N15 -> 5 | L6: =[2]หน้าผ้า!R15 -> 0 | M6: =[2]หน้าผ้า!T15 -> 0 | N6: =[2]หน้าผ้า!U15 -> 0 | O6: =[2]หน้าผ้า!V15 -> 0 | P6: =[2]หน้าผ้า!AB15 -> 0 | Q6: =[2]หน้าผ้า!AC15 -> 0 | R6: =[2]หน้าผ้า!AD15 -> 0 | S6: =[2]หน้าผ้า!Z15 -> 0 | T6: =[2]หน้าผ้า!X15 -> 0 | U6: =[2]หน้าผ้า!AA15 -> 0 | V6: =[2]หน้าผ้า!AJ15 -> 0 | W6: =[2]หน้าผ้า!AL15 -> 0 | X6: =[2]หน้าผ้า!AM15 -> 0 | Y6: =[2]หน้าผ้า!AN15 -> 0 | Z6: =[2]หน้าผ้า!AO15 -> WSWT1221750 | AA6: =[2]หน้าผ้า!AQ15 -> #REF! | AB6: =[2]หน้าผ้า!AR15 -> #REF! | AC6: =[2]หน้าผ้า!AS15 -> #REF! | AD6: =[2]หน้าผ้า!AT15 -> #REF! | AE6: =[2]หน้าผ้า!AU15 -> #REF! | AF6: =[2]หน้าผ้า!AI15 -> ระบุในSD | AG6: =[3]หน้าผ้า!DC18 -> < Ord 20,000 | AH6: =[2]หน้าผ้า!DL15 -> 0 | AI6: =[2]หน้าผ้า!DM15 -> 0 | AJ6: =[2]หน้าผ้า!DN15 -> 0 | AK6: =[2]หน้าผ้า!DQ15 -> 0 | AL6: =[2]หน้าผ้า!DR15 -> 0 | AM6: =[2]หน้าผ้า!DS15 -> 0 | AN6: =[2]หน้าผ้า!DT15 -> 0 | AO6: =[2]หน้าผ้า!DU15 -> 0 | AP6: =[2]หน้าผ้า!DP15 -> 0 | AQ6: =[2]หน้าผ้า!DW15 -> 0 | AR6: =[2]หน้าผ้า!DX15 -> 0 | AS6: =[2]หน้าผ้า!DY15 -> 0 | AT6: =[2]หน้าผ้า!DZ15 -> 0 | AU6: =[2]หน้าผ้า!EA15 -> 0 | AV6: =[2]หน้าผ้า!EB15 -> 0 | AW6: =[2]หน้าผ้า!EC15 -> 0 | AX6: =[2]หน้าผ้า!ED15 -> 0 | AY6: =[2]หน้าผ้า!AG15 -> 0 | AZ6: =[2]หน้าผ้า!EG15 -> 0 | BA6: =[2]หน้าผ้า!EH15 -> 0 | BB6: =[2]หน้าผ้า!EI15 -> 0 | BC6: =[2]หน้าผ้า!BZ15 -> WRWT120750/WRWT21750 | BD6: =[2]หน้าผ้า!CA15 -> 0
A7: =[2]หน้าผ้า!C16 -> 0 | B7: =[2]หน้าผ้า!B16 -> 0 | C7: =[2]หน้าผ้า!E16 -> 0 | D7: =[2]หน้าผ้า!F16 -> 0 | E7: =[2]หน้าผ้า!G16 -> 14 | F7: =[2]หน้าผ้า!H16 -> 22 | G7: =[2]หน้าผ้า!I16 -> ขาว | H7: =[2]หน้าผ้า!J16 -> 0 | I7: =[2]หน้าผ้า!L16 -> 36 | J7: =[2]หน้าผ้า!M16 -> ± | K7: =[2]หน้าผ้า!N16 -> 5 | L7: =[2]หน้าผ้า!R16 -> 0 | M7: =[2]หน้าผ้า!T16 -> 0 | N7: =[2]หน้าผ้า!U16 -> 0 | O7: =[2]หน้าผ้า!V16 -> 0 | P7: =[2]หน้าผ้า!AB16 -> 0 | Q7: =[2]หน้าผ้า!AC16 -> 0 | R7: =[2]หน้าผ้า!AD16 -> 0 | S7: =[2]หน้าผ้า!Z16 -> 0 | T7: =[2]หน้าผ้า!X16 -> 0 | U7: =[2]หน้าผ้า!AA16 -> 0 | V7: =[2]หน้าผ้า!AJ16 -> 0 | W7: =[2]หน้าผ้า!AL16 -> 0 | X7: =[2]หน้าผ้า!AM16 -> 0 | Y7: =[2]หน้าผ้า!AN16 -> 0 | Z7: =[2]หน้าผ้า!AO16 -> WSWT1425800 | AA7: =[2]หน้าผ้า!AQ16 -> #REF! | AB7: =[2]หน้าผ้า!AR16 -> #REF! | AC7: =[2]หน้าผ้า!AS16 -> #REF! | AD7: =[2]หน้าผ้า!AT16 -> #REF! | AE7: =[2]หน้าผ้า!AU16 -> #REF! | AF7: =[2]หน้าผ้า!AI16 -> ระบุในSD | AG7: =[3]หน้าผ้า!DC19 -> ยังไม่ได้พิมพ์ | AH7: =[2]หน้าผ้า!DL16 -> 0 | AI7: =[2]หน้าผ้า!DM16 -> Lead time | AJ7: =[2]หน้าผ้า!DN16 -> 0 | AK7: =[2]หน้าผ้า!DQ16 -> 0 | AL7: =[2]หน้าผ้า!DR16 -> 0 | AM7: =[2]หน้าผ้า!DS16 -> 0 | AN7: =[2]หน้าผ้า!DT16 -> 0 | AO7: =[2]หน้าผ้า!DU16 -> 0 | AP7: =[2]หน้าผ้า!DP16 -> 0 | AQ7: =[2]หน้าผ้า!DW16 -> 0 | AR7: =[2]หน้าผ้า!DX16 -> 0 | AS7: =[2]หน้าผ้า!DY16 -> 0 | AT7: =[2]หน้าผ้า!DZ16 -> 0 | AU7: =[2]หน้าผ้า!EA16 -> 0 | AV7: =[2]หน้าผ้า!EB16 -> 0 | AW7: =[2]หน้าผ้า!EC16 -> 0 | AX7: =[2]หน้าผ้า!ED16 -> 0 | AY7: =[2]หน้าผ้า!AG16 -> 0 | AZ7: =[2]หน้าผ้า!EG16 -> 0 | BA7: =[2]หน้าผ้า!EH16 -> 0 | BB7: =[2]หน้าผ้า!EI16 -> 0 | BC7: =[2]หน้าผ้า!BZ16 -> WRWT140800/WRWT25800 | BD7: =[2]หน้าผ้า!CA16 -> 0
A8: =[2]หน้าผ้า!C17 -> ประมาณการ | B8: =[2]หน้าผ้า!B17 -> ประมาณการ | C8: =[2]หน้าผ้า!E17 -> บจก.ซัน ซีเมนต์ โพรเซส | D8: =[2]หน้าผ้า!F17 -> พระอาทิตย์(ปูนนอน-ชริงค์) | E8: =[2]หน้าผ้า!G17 -> 16 | F8: =[2]หน้าผ้า!H17 -> 25 | G8: =[2]หน้าผ้า!I17 -> ขาว | H8: =[2]หน้าผ้า!J17 -> ใส | I8: =[2]หน้าผ้า!L17 -> 50 | J8: =[2]หน้าผ้า!M17 -> ± | K8: =[2]หน้าผ้า!N17 -> 5 | L8: =[2]หน้าผ้า!R17 -> บิด | M8: =[2]หน้าผ้า!T17 -> 19 | N8: =[2]หน้าผ้า!U17 -> 28 | O8: =[2]หน้าผ้า!V17 -> 40 | P8: =[2]หน้าผ้า!AB17 -> 65.624643 | Q8: =[2]หน้าผ้า!AC17 -> 0 | R8: =[2]หน้าผ้า!AD17 -> 65.624643 | S8: =[2]หน้าผ้า!Z17 -> 500กระสอบ | T8: =[2]หน้าผ้า!X17 -> 45868 | U8: =[2]หน้าผ้า!AA17 -> 5000 | V8: =[2]หน้าผ้า!AJ17 -> 0 | W8: =[2]หน้าผ้า!AL17 -> 5000 | X8: =[2]หน้าผ้า!AM17 -> 0 | Y8: =[2]หน้าผ้า!AN17 -> 5250 | Z8: =[2]หน้าผ้า!AO17 -> WSWT1625800SM | AA8: =[2]หน้าผ้า!AQ17 -> 3702.05 | AB8: =[2]หน้าผ้า!AR17 -> 3372 | AC8: =[2]หน้าผ้า!AS17 -> 330.05 | AD8: =[2]หน้าผ้า!AT17 -> 0 | AE8: =[2]หน้าผ้า!AU17 -> 3702.05 | AF8: =[2]หน้าผ้า!AI17 -> 0 | AG8: =[3]หน้าผ้า!DC20 -> พร้อมส่ง | AH8: =[2]หน้าผ้า!DL17 -> P8 | AI8: =[2]หน้าผ้า!DM17 -> 4 | AJ8: =[2]หน้าผ้า!DN17 -> 45868 | AK8: =[2]หน้าผ้า!DQ17 -> 45864 | AL8: =[2]หน้าผ้า!DR17 -> 45858 | AM8: =[2]หน้าผ้า!DS17 -> 45865 | AN8: =[2]หน้าผ้า!DT17 -> 45866 | AO8: =[2]หน้าผ้า!DU17 -> 45866 | AP8: =[2]หน้าผ้า!DP17 -> 45863 | AQ8: =[2]หน้าผ้า!DW17 -> 45867 | AR8: =[2]หน้าผ้า!DX17 -> 0 | AS8: =[2]หน้าผ้า!DY17 -> 0 | AT8: =[2]หน้าผ้า!DZ17 -> 0 | AU8: =[2]หน้าผ้า!EA17 -> 0 | AV8: =[2]หน้าผ้า!EB17 -> 0 | AW8: =[2]หน้าผ้า!EC17 -> งานเคลือบ+พิมพ์ | AX8: =[2]หน้าผ้า!ED17 -> รอART | AY8: =[2]หน้าผ้า!AG17 -> 0 | AZ8: =[2]หน้าผ้า!EG17 -> 0 | BA8: =[2]หน้าผ้า!EH17 -> 0 | BB8: =[2]หน้าผ้า!EI17 -> 0 | BC8: =[2]หน้าผ้า!BZ17 -> WRWT25800/WRWT25800 | BD8: =[2]หน้าผ้า!CA17 -> 18.776178
A9: =[2]หน้าผ้า!C18 -> 0 | B9: =[2]หน้าผ้า!B18 -> 0 | C9: =[2]หน้าผ้า!E18 -> 0 | D9: =[2]หน้าผ้า!F18 | E9: =[2]หน้าผ้า!G18 -> 16 | F9: =[2]หน้าผ้า!H18 -> 25 | G9: =[2]หน้าผ้า!I18 -> ขาว | H9: =[2]หน้าผ้า!J18 -> 0 | I9: =[2]หน้าผ้า!L18 -> 45 | J9: =[2]หน้าผ้า!M18 -> ± | K9: =[2]หน้าผ้า!N18 -> 5 | L9: =[2]หน้าผ้า!R18 -> 0 | M9: =[2]หน้าผ้า!T18 -> 0 | N9: =[2]หน้าผ้า!U18 -> 0 | O9: =[2]หน้าผ้า!V18 -> 0 | P9: =[2]หน้าผ้า!AB18 -> 0 | Q9: =[2]หน้าผ้า!AC18 -> 0 | R9: =[2]หน้าผ้า!AD18 -> 0 | S9: =[2]หน้าผ้า!Z18 -> 0 | T9: =[2]หน้าผ้า!X18 -> 0 | U9: =[2]หน้าผ้า!AA18 -> 0 | V9: =[2]หน้าผ้า!AJ18 -> 0 | W9: =[2]หน้าผ้า!AL18 -> 0 | X9: =[2]หน้าผ้า!AM18 -> 0 | Y9: =[2]หน้าผ้า!AN18 -> 0 | Z9: =[2]หน้าผ้า!AO18 -> WSWT1625800SM | AA9: =[2]หน้าผ้า!AQ18 -> 3702.05 | AB9: =[2]หน้าผ้า!AR18 -> 3372 | AC9: =[2]หน้าผ้า!AS18 -> 330.05 | AD9: =[2]หน้าผ้า!AT18 -> 0 | AE9: =[2]หน้าผ้า!AU18 -> 3702.05 | AF9: =[2]หน้าผ้า!AI18 -> ระบุในSD | AG9: =[3]หน้าผ้า!DC21 -> พร้อมส่ง | AH9: =[2]หน้าผ้า!DL18 -> 0 | AI9: =[2]หน้าผ้า!DM18 -> Lead time | AJ9: =[2]หน้าผ้า!DN18 -> 0 | AK9: =[2]หน้าผ้า!DQ18 -> 0 | AL9: =[2]หน้าผ้า!DR18 -> 0 | AM9: =[2]หน้าผ้า!DS18 -> 0 | AN9: =[2]หน้าผ้า!DT18 -> 0 | AO9: =[2]หน้าผ้า!DU18 -> 0 | AP9: =[2]หน้าผ้า!DP18 -> 0 | AQ9: =[2]หน้าผ้า!DW18 -> 0 | AR9: =[2]หน้าผ้า!DX18 -> 0 | AS9: =[2]หน้าผ้า!DY18 -> 0 | AT9: =[2]หน้าผ้า!DZ18 -> 0 | AU9: =[2]หน้าผ้า!EA18 -> 0 | AV9: =[2]หน้าผ้า!EB18 -> 0 | AW9: =[2]หน้าผ้า!EC18 -> 0 | AX9: =[2]หน้าผ้า!ED18 -> 0 | AY9: =[2]หน้าผ้า!AG18 -> 0 | AZ9: =[2]หน้าผ้า!EG18 -> 0 | BA9: =[2]หน้าผ้า!EH18 -> 0 | BB9: =[2]หน้าผ้า!EI18 -> 0 | BC9: =[2]หน้าผ้า!BZ18 -> WRWT160800/WRWT25800 | BD9: =[2]หน้าผ้า!CA18 -> 0
A10: =[2]หน้าผ้า!C19 -> 45827 | B10: =[2]หน้าผ้า!B19 -> MK68-000809 | C10: =[2]หน้าผ้า!E19 -> บจก.เคอรี่ฟลาวมิลล์ | D10: =[2]หน้าผ้า!F19 -> โบว์แดง 10กก | E10: =[2]หน้าผ้า!G19 -> 16 | F10: =[2]หน้าผ้า!H19 -> 25 | G10: =[2]หน้าผ้า!I19 -> ขาว | H10: =[2]หน้าผ้า!J19 -> 0 | I10: =[2]หน้าผ้า!L19 -> 45 | J10: =[2]หน้าผ้า!M19 -> ± | K10: =[2]หน้าผ้า!N19 -> 5 | L10: =[2]หน้าผ้า!R19 -> ไม่ | M10: =[2]หน้าผ้า!T19 -> ไม่สวมถุงใน | N10: =[2]หน้าผ้า!U19 -> 0 | O10: =[2]หน้าผ้า!V19 -> 0 | P10: =[2]หน้าผ้า!AB19 -> 0 | Q10: =[2]หน้าผ้า!AC19 -> 0 | R10: =[2]หน้าผ้า!AD19 -> 0 | S10: =[2]หน้าผ้า!Z19 -> ห่ออัดเบลแบน500 | T10: =[2]หน้าผ้า!X19 -> 45836 | U10: =[2]หน้าผ้า!AA19 -> 5000 | V10: =[2]หน้าผ้า!AJ19 -> 0 | W10: =[2]หน้าผ้า!AL19 -> 5000 | X10: =[2]หน้าผ้า!AM19 -> 0 | Y10: =[2]หน้าผ้า!AN19 -> 5250 | Z10: =[2]หน้าผ้า!AO19 -> WSWT1625800 | AA10: =[2]หน้าผ้า!AQ19 -> 3702.05 | AB10: =[2]หน้าผ้า!AR19 -> 3702.05 | AC10: =[2]หน้าผ้า!AS19 -> 0 | AD10: =[2]หน้าผ้า!AT19 -> 0 | AE10: =[2]หน้าผ้า!AU19 -> 0 | AF10: =[2]หน้าผ้า!AI19 -> 0 | AG10: =[3]หน้าผ้า!DC22 -> พร้อมส่ง | AH10: =[2]หน้าผ้า!DL19 -> P7 | AI10: =[2]หน้าผ้า!DM19 -> 2 | AJ10: =[2]หน้าผ้า!DN19 -> 45836 | AK10: =[2]หน้าผ้า!DQ19 -> 0 | AL10: =[2]หน้าผ้า!DR19 -> 45827 | AM10: =[2]หน้าผ้า!DS19 -> 45834 | AN10: =[2]หน้าผ้า!DT19 -> 45835 | AO10: =[2]หน้าผ้า!DU19 -> 45835 | AP10: =[2]หน้าผ้า!DP19 -> 45831 | AQ10: =[2]หน้าผ้า!DW19 -> 0 | AR10: =[2]หน้าผ้า!DX19 -> 0 | AS10: =[2]หน้าผ้า!DY19 -> 0 | AT10: =[2]หน้าผ้า!DZ19 -> 0 | AU10: =[2]หน้าผ้า!EA19 -> 0 | AV10: =[2]หน้าผ้า!EB19 -> 0 | AW10: =[2]หน้าผ้า!EC19 -> งานพิมพ์ | AX10: =[2]หน้าผ้า!ED19 -> 0 | AY10: =[2]หน้าผ้า!AG19 -> 0 | AZ10: =[2]หน้าผ้า!EG19 -> 0 | BA10: =[2]หน้าผ้า!EH19 -> 0 | BB10: =[2]หน้าผ้า!EI19 -> 0 | BC10: =[2]หน้าผ้า!BZ19 -> WRWT25800/WRWT25800 | BD10: =[2]หน้าผ้า!CA19 -> 0
A11: =[2]หน้าผ้า!C20 -> 0 | B11: =[2]หน้าผ้า!B20 -> 0 | C11: =[2]หน้าผ้า!E20 -> 0 | D11: =[2]หน้าผ้า!F20 -> 0 | E11: =[2]หน้าผ้า!G20 -> 16 | F11: =[2]หน้าผ้า!H20 -> 25 | G11: =[2]หน้าผ้า!I20 -> ขาว | H11: =[2]หน้าผ้า!J20 -> 0 | I11: =[2]หน้าผ้า!L20 -> 45 | J11: =[2]หน้าผ้า!M20 -> ± | K11: =[2]หน้าผ้า!N20 -> 5 | L11: =[2]หน้าผ้า!R20 -> 0 | M11: =[2]หน้าผ้า!T20 -> 0 | N11: =[2]หน้าผ้า!U20 -> 0 | O11: =[2]หน้าผ้า!V20 -> 0 | P11: =[2]หน้าผ้า!AB20 -> 0 | Q11: =[2]หน้าผ้า!AC20 -> 0 | R11: =[2]หน้าผ้า!AD20 -> 0 | S11: =[2]หน้าผ้า!Z20 -> 0 | T11: =[2]หน้าผ้า!X20 -> 0 | U11: =[2]หน้าผ้า!AA20 -> 0 | V11: =[2]หน้าผ้า!AJ20 -> 0 | W11: =[2]หน้าผ้า!AL20 -> 0 | X11: =[2]หน้าผ้า!AM20 -> 0 | Y11: =[2]หน้าผ้า!AN20 -> 0 | Z11: =[2]หน้าผ้า!AO20 -> WSWT1625800 | AA11: =[2]หน้าผ้า!AQ20 -> 3702.05 | AB11: =[2]หน้าผ้า!AR20 -> 3702.05 | AC11: =[2]หน้าผ้า!AS20 -> 0 | AD11: =[2]หน้าผ้า!AT20 -> 0 | AE11: =[2]หน้าผ้า!AU20 -> 0 | AF11: =[2]หน้าผ้า!AI20 -> ระบุในSD | AG11: =[3]หน้าผ้า!DC23 -> ยังไม่ได้พิมพ์ | AH11: =[2]หน้าผ้า!DL20 -> 0 | AI11: =[2]หน้าผ้า!DM20 -> Lead time | AJ11: =[2]หน้าผ้า!DN20 -> 0 | AK11: =[2]หน้าผ้า!DQ20 -> 0 | AL11: =[2]หน้าผ้า!DR20 -> 0 | AM11: =[2]หน้าผ้า!DS20 -> 0 | AN11: =[2]หน้าผ้า!DT20 -> 0 | AO11: =[2]หน้าผ้า!DU20 -> 0 | AP11: =[2]หน้าผ้า!DP20 -> 0 | AQ11: =[2]หน้าผ้า!DW20 -> 0 | AR11: =[2]หน้าผ้า!DX20 -> 0 | AS11: =[2]หน้าผ้า!DY20 -> 0 | AT11: =[2]หน้าผ้า!DZ20 -> 0 | AU11: =[2]หน้าผ้า!EA20 -> 0 | AV11: =[2]หน้าผ้า!EB20 -> 0 | AW11: =[2]หน้าผ้า!EC20 -> 0 | AX11: =[2]หน้าผ้า!ED20 -> 0 | AY11: =[2]หน้าผ้า!AG20 -> 0 | AZ11: =[2]หน้าผ้า!EG20 -> 0 | BA11: =[2]หน้าผ้า!EH20 -> 0 | BB11: =[2]หน้าผ้า!EI20 -> 0 | BC11: =[2]หน้าผ้า!BZ20 -> WRWT160800/WRWT25800 | BD11: =[2]หน้าผ้า!CA20 -> 0
A12: =[2]หน้าผ้า!C21 -> 0 | B12: =[2]หน้าผ้า!B21 -> 0 | C12: =[2]หน้าผ้า!E21 -> 0 | D12: =[2]หน้าผ้า!F21 -> 0 | E12: =[2]หน้าผ้า!G21 -> 16 | F12: =[2]หน้าผ้า!H21 -> 25 | G12: =[2]หน้าผ้า!I21 -> 0 | H12: =[2]หน้าผ้า!J21 -> 0 | I12: =[2]หน้าผ้า!L21 -> 47 | J12: =[2]หน้าผ้า!M21 -> ± | K12: =[2]หน้าผ้า!N21 -> 5 | L12: =[2]หน้าผ้า!R21 -> 0 | M12: =[2]หน้าผ้า!T21 -> 0 | N12: =[2]หน้าผ้า!U21 -> 0 | O12: =[2]หน้าผ้า!V21 -> 0 | P12: =[2]หน้าผ้า!AB21 -> 0 | Q12: =[2]หน้าผ้า!AC21 -> 0 | R12: =[2]หน้าผ้า!AD21 -> 0 | S12: =[2]หน้าผ้า!Z21 -> 0 | T12: =[2]หน้าผ้า!X21 -> 0 | U12: =[2]หน้าผ้า!AA21 -> 0 | V12: =[2]หน้าผ้า!AJ21 -> 0 | W12: =[2]หน้าผ้า!AL21 -> 0 | X12: =[2]หน้าผ้า!AM21 -> 0 | Y12: =[2]หน้าผ้า!AN21 -> 0 | Z12: =[2]หน้าผ้า!AO21 -> WSWT1621720SMFX | AA12: =[2]หน้าผ้า!AQ21 -> #REF! | AB12: =[2]หน้าผ้า!AR21 -> #REF! | AC12: =[2]หน้าผ้า!AS21 -> #REF! | AD12: =[2]หน้าผ้า!AT21 -> #REF! | AE12: =[2]หน้าผ้า!AU21 -> #REF! | AF12: =[2]หน้าผ้า!AI21 -> ระบุในSD | AG12: =[3]หน้าผ้า!DC24 -> พร้อมส่ง | AH12: =[2]หน้าผ้า!DL21 -> 0 | AI12: =[2]หน้าผ้า!DM21 -> 0 | AJ12: =[2]หน้าผ้า!DN21 -> 0 | AK12: =[2]หน้าผ้า!DQ21 -> 0 | AL12: =[2]หน้าผ้า!DR21 -> 0 | AM12: =[2]หน้าผ้า!DS21 -> 0 | AN12: =[2]หน้าผ้า!DT21 -> 0 | AO12: =[2]หน้าผ้า!DU21 -> 0 | AP12: =[2]หน้าผ้า!DP21 -> 0 | AQ12: =[2]หน้าผ้า!DW21 -> 0 | AR12: =[2]หน้าผ้า!DX21 -> 0 | AS12: =[2]หน้าผ้า!DY21 -> 0 | AT12: =[2]หน้าผ้า!DZ21 -> 0 | AU12: =[2]หน้าผ้า!EA21 -> 0 | AV12: =[2]หน้าผ้า!EB21 -> 0 | AW12: =[2]หน้าผ้า!EC21 -> 0 | AX12: =[2]หน้าผ้า!ED21 -> 0 | AY12: =[2]หน้าผ้า!AG21 -> 0 | AZ12: =[2]หน้าผ้า!EG21 -> 0 | BA12: =[2]หน้าผ้า!EH21 -> 0 | BB12: =[2]หน้าผ้า!EI21 -> 0 | BC12: =[2]หน้าผ้า!BZ21 -> WRWT160720/WRWT21720 | BD12: =[2]หน้าผ้า!CA21 -> 0
A13: =[2]หน้าผ้า!C22 -> 0 | B13: =[2]หน้าผ้า!B22 -> 0 | C13: =[2]หน้าผ้า!E22 -> 0 | D13: =[2]หน้าผ้า!F22 -> 0 | E13: =[2]หน้าผ้า!G22 -> 17 | F13: =[2]หน้าผ้า!H22 -> 26 | G13: =[2]หน้าผ้า!I22 -> 0 | H13: =[2]หน้าผ้า!J22 -> 0 | I13: =[2]หน้าผ้า!L22 -> 48 | J13: =[2]หน้าผ้า!M22 -> ± | K13: =[2]หน้าผ้า!N22 -> 5 | L13: =[2]หน้าผ้า!R22 -> 0 | M13: =[2]หน้าผ้า!T22 -> 0 | N13: =[2]หน้าผ้า!U22 -> 0 | O13: =[2]หน้าผ้า!V22 -> 0 | P13: =[2]หน้าผ้า!AB22 -> 0 | Q13: =[2]หน้าผ้า!AC22 -> 0 | R13: =[2]หน้าผ้า!AD22 -> 0 | S13: =[2]หน้าผ้า!Z22 -> 0 | T13: =[2]หน้าผ้า!X22 -> 0 | U13: =[2]หน้าผ้า!AA22 -> 0 | V13: =[2]หน้าผ้า!AJ22 -> 0 | W13: =[2]หน้าผ้า!AL22 -> 0 | X13: =[2]หน้าผ้า!AM22 -> 0 | Y13: =[2]หน้าผ้า!AN22 -> 0 | Z13: =[2]หน้าผ้า!AO22 -> WSWT1725800 | AA13: =[2]หน้าผ้า!AQ22 -> #REF! | AB13: =[2]หน้าผ้า!AR22 -> #REF! | AC13: =[2]หน้าผ้า!AS22 -> #REF! | AD13: =[2]หน้าผ้า!AT22 -> #REF! | AE13: =[2]หน้าผ้า!AU22 -> #REF! | AF13: =[2]หน้าผ้า!AI22 -> ระบุในSD | AG13: =[3]หน้าผ้า!DC25 -> ยังไม่ได้พิมพ์ | AH13: =[2]หน้าผ้า!DL22 -> 0 | AI13: =[2]หน้าผ้า!DM22 -> 0 | AJ13: =[2]หน้าผ้า!DN22 -> 0 | AK13: =[2]หน้าผ้า!DQ22 -> 0 | AL13: =[2]หน้าผ้า!DR22 -> 0 | AM13: =[2]หน้าผ้า!DS22 -> 0 | AN13: =[2]หน้าผ้า!DT22 -> 0 | AO13: =[2]หน้าผ้า!DU22 -> 0 | AP13: =[2]หน้าผ้า!DP22 -> 0 | AQ13: =[2]หน้าผ้า!DW22 -> 0 | AR13: =[2]หน้าผ้า!DX22 -> 0 | AS13: =[2]หน้าผ้า!DY22 -> 0 | AT13: =[2]หน้าผ้า!DZ22 -> 0 | AU13: =[2]หน้าผ้า!EA22 -> 0 | AV13: =[2]หน้าผ้า!EB22 -> 0 | AW13: =[2]หน้าผ้า!EC22 -> 0 | AX13: =[2]หน้าผ้า!ED22 -> 0 | AY13: =[2]หน้าผ้า!AG22 -> 0 | AZ13: =[2]หน้าผ้า!EG22 -> 0 | BA13: =[2]หน้าผ้า!EH22 -> 0 | BB13: =[2]หน้าผ้า!EI22 -> 0 | BC13: =[2]หน้าผ้า!BZ22 -> WRWT170800/WRWT25800 | BD13: =[2]หน้าผ้า!CA22 -> 0
A14: =[2]หน้าผ้า!C23 -> ประมาณการ | B14: =[2]หน้าผ้า!B23 -> ประมาณการ | C14: =[2]หน้าผ้า!E23 -> บจก.ฟาร์เธอร์ส วิง ซัพพลาย | D14: =[2]หน้าผ้า!F23 -> รถไฟ | E14: =[2]หน้าผ้า!G23 -> 18 | F14: =[2]หน้าผ้า!H23 -> 30 | G14: =[2]หน้าผ้า!I23 -> ขาว | H14: =[2]หน้าผ้า!J23 -> 0 | I14: =[2]หน้าผ้า!L23 -> 54 | J14: =[2]หน้าผ้า!M23 -> ± | K14: =[2]หน้าผ้า!N23 -> 5 | L14: =[2]หน้าผ้า!R23 -> บิด | M14: =[2]หน้าผ้า!T23 -> 19 | N14: =[2]หน้าผ้า!U23 -> 33 | O14: =[2]หน้าผ้า!V23 -> 40 | P14: =[2]หน้าผ้า!AB23 -> 232.02999 | Q14: =[2]หน้าผ้า!AC23 -> 0 | R14: =[2]หน้าผ้า!AD23 -> 232.02999 | S14: =[2]หน้าผ้า!Z23 -> 500กระสอบ | T14: =[2]หน้าผ้า!X23 -> 45868 | U14: =[2]หน้าผ้า!AA23 -> 15000 | V14: =[2]หน้าผ้า!AJ23 -> 0 | W14: =[2]หน้าผ้า!AL23 -> 15000 | X14: =[2]หน้าผ้า!AM23 -> 0 | Y14: =[2]หน้าผ้า!AN23 -> 15750 | Z14: =[2]หน้าผ้า!AO23 -> WSWT1825800 | AA14: =[2]หน้าผ้า!AQ23 -> 13201.65 | AB14: =[2]หน้าผ้า!AR23 -> 6301 | AC14: =[2]หน้าผ้า!AS23 -> 6900.65 | AD14: =[2]หน้าผ้า!AT23 -> 0 | AE14: =[2]หน้าผ้า!AU23 -> 0 | AF14: =[2]หน้าผ้า!AI23 -> 0 | AG14: =[3]หน้าผ้า!DC26 -> ยังไม่ได้พิมพ์ | AH14: =[2]หน้าผ้า!DL23 -> P9 | AI14: =[2]หน้าผ้า!DM23 -> 3 | AJ14: =[2]หน้าผ้า!DN23 -> 45868 | AK14: =[2]หน้าผ้า!DQ23 -> 0 | AL14: =[2]หน้าผ้า!DR23 -> 45858 | AM14: =[2]หน้าผ้า!DS23 -> 45865 | AN14: =[2]หน้าผ้า!DT23 -> 45866 | AO14: =[2]หน้าผ้า!DU23 -> 45866 | AP14: =[2]หน้าผ้า!DP23 -> 45863 | AQ14: =[2]หน้าผ้า!DW23 -> 45867 | AR14: =[2]หน้าผ้า!DX23 -> 0 | AS14: =[2]หน้าผ้า!DY23 -> 0 | AT14: =[2]หน้าผ้า!DZ23 -> 0 | AU14: =[2]หน้าผ้า!EA23 -> 0 | AV14: =[2]หน้าผ้า!EB23 -> 0 | AW14: =[2]หน้าผ้า!EC23 -> งานพิมพ์ | AX14: =[2]หน้าผ้า!ED23 -> รอART | AY14: =[2]หน้าผ้า!AG23 -> 0 | AZ14: =[2]หน้าผ้า!EG23 -> 0 | BA14: =[2]หน้าผ้า!EH23 -> 0 | BB14: =[2]หน้าผ้า!EI23 -> 0 | BC14: =[2]หน้าผ้า!BZ23 -> WRWT25800/WRWT25800 | BD14: =[2]หน้าผ้า!CA23 -> 474.76472
A15: =[2]หน้าผ้า!C24 -> 0 | B15: =[2]หน้าผ้า!B24 -> 0 | C15: =[2]หน้าผ้า!E24 | D15: =[2]หน้าผ้า!F24 | E15: =[2]หน้าผ้า!G24 -> 18 | F15: =[2]หน้าผ้า!H24 -> 30 | G15: =[2]หน้าผ้า!I24 -> ขาว | H15: =[2]หน้าผ้า!J24 -> 0 | I15: =[2]หน้าผ้า!L24 -> 54 | J15: =[2]หน้าผ้า!M24 -> ± | K15: =[2]หน้าผ้า!N24 -> 5 | L15: =[2]หน้าผ้า!R24 -> 0 | M15: =[2]หน้าผ้า!T24 -> 0 | N15: =[2]หน้าผ้า!U24 -> 0 | O15: =[2]หน้าผ้า!V24 -> 0 | P15: =[2]หน้าผ้า!AB24 -> 0 | Q15: =[2]หน้าผ้า!AC24 -> 0 | R15: =[2]หน้าผ้า!AD24 -> 0 | S15: =[2]หน้าผ้า!Z24 -> 0 | T15: =[2]หน้าผ้า!X24 -> 0 | U15: =[2]หน้าผ้า!AA24 -> 0 | V15: =[2]หน้าผ้า!AJ24 -> 0 | W15: =[2]หน้าผ้า!AL24 -> 0 | X15: =[2]หน้าผ้า!AM24 -> 0 | Y15: =[2]หน้าผ้า!AN24 -> 0 | Z15: =[2]หน้าผ้า!AO24 -> WSWT1825800 | AA15: =[2]หน้าผ้า!AQ24 -> 13201.65 | AB15: =[2]หน้าผ้า!AR24 -> 6301 | AC15: =[2]หน้าผ้า!AS24 -> 6900.65 | AD15: =[2]หน้าผ้า!AT24 -> 0 | AE15: =[2]หน้าผ้า!AU24 -> 0 | AF15: =[2]หน้าผ้า!AI24 -> ระบุในSD | AG15: =[3]หน้าผ้า!DC27 -> พร้อมส่ง | AH15: =[2]หน้าผ้า!DL24 -> 0 | AI15: =[2]หน้าผ้า!DM24 -> Lead time | AJ15: =[2]หน้าผ้า!DN24 -> 0 | AK15: =[2]หน้าผ้า!DQ24 -> 0 | AL15: =[2]หน้าผ้า!DR24 -> 0 | AM15: =[2]หน้าผ้า!DS24 -> 0 | AN15: =[2]หน้าผ้า!DT24 -> 0 | AO15: =[2]หน้าผ้า!DU24 -> 0 | AP15: =[2]หน้าผ้า!DP24 -> 0 | AQ15: =[2]หน้าผ้า!DW24 -> 0 | AR15: =[2]หน้าผ้า!DX24 -> 0 | AS15: =[2]หน้าผ้า!DY24 -> 0 | AT15: =[2]หน้าผ้า!DZ24 -> 0 | AU15: =[2]หน้าผ้า!EA24 -> 0 | AV15: =[2]หน้าผ้า!EB24 -> 0 | AW15: =[2]หน้าผ้า!EC24 -> 0 | AX15: =[2]หน้าผ้า!ED24 -> 0 | AY15: =[2]หน้าผ้า!AG24 -> 0 | AZ15: =[2]หน้าผ้า!EG24 -> 0 | BA15: =[2]หน้าผ้า!EH24 -> 0 | BB15: =[2]หน้าผ้า!EI24 -> 0 | BC15: =[2]หน้าผ้า!BZ24 -> WRWT25800/WRWT25800 | BD15: =[2]หน้าผ้า!CA24 -> 0
A16: =[2]หน้าผ้า!C25 -> 45797 | B16: =[2]หน้าผ้า!B25 -> MK68-000687 | C16: =[2]หน้าผ้า!E25 -> บจก.ซิเบลโก้(บางเลน) | D16: =[2]หน้าผ้า!F25 -> PORTARYTE | E16: =[2]หน้าผ้า!G25 -> 18 | F16: =[2]หน้าผ้า!H25 -> 30 | G16: =[2]หน้าผ้า!I25 -> ขาว | H16: =[2]หน้าผ้า!J25 -> ใส | I16: =[2]หน้าผ้า!L25 -> 74 | J16: =[2]หน้าผ้า!M25 -> ± | K16: =[2]หน้าผ้า!N25 -> 5 | L16: =[2]หน้าผ้า!R25 -> ไม่ | M16: =[2]หน้าผ้า!T25 -> ไม่สวมถุงใน | N16: =[2]หน้าผ้า!U25 -> 0 | O16: =[2]หน้าผ้า!V25 -> 0 | P16: =[2]หน้าผ้า!AB25 -> 0 | Q16: =[2]หน้าผ้า!AC25 -> 0 | R16: =[2]หน้าผ้า!AD25 -> 0 | S16: =[2]หน้าผ้า!Z25 -> 500กระสอบ | T16: =[2]หน้าผ้า!X25 -> 45834 | U16: =[2]หน้าผ้า!AA25 -> 10000 | V16: =[2]หน้าผ้า!AJ25 -> 0 | W16: =[2]หน้าผ้า!AL25 -> 10000 | X16: =[2]หน้าผ้า!AM25 -> 0 | Y16: =[2]หน้าผ้า!AN25 -> 10500 | Z16: =[2]หน้าผ้า!AO25 -> WSWT1825800SM | AA16: =[2]หน้าผ้า!AQ25 -> 8801.1 | AB16: =[2]หน้าผ้า!AR25 -> 8801.1 | AC16: =[2]หน้าผ้า!AS25 -> 0 | AD16: =[2]หน้าผ้า!AT25 -> 0 | AE16: =[2]หน้าผ้า!AU25 -> 8801.1 | AF16: =[2]หน้าผ้า!AI25 -> ห้ามเกิน-ขาดได้5% | AG16: =[3]หน้าผ้า!DC28 -> ยังไม่ได้พิมพ์ | AH16: =[2]หน้าผ้า!DL25 -> P6 | AI16: =[2]หน้าผ้า!DM25 -> 4 | AJ16: =[2]หน้าผ้า!DN25 -> 45834 | AK16: =[2]หน้าผ้า!DQ25 -> 45830 | AL16: =[2]หน้าผ้า!DR25 -> 45823 | AM16: =[2]หน้าผ้า!DS25 -> 45831 | AN16: =[2]หน้าผ้า!DT25 -> 45832 | AO16: =[2]หน้าผ้า!DU25 -> 45833 | AP16: =[2]หน้าผ้า!DP25 -> 45829 | AQ16: =[2]หน้าผ้า!DW25 -> 0 | AR16: =[2]หน้าผ้า!DX25 -> 0 | AS16: =[2]หน้าผ้า!DY25 -> 0 | AT16: =[2]หน้าผ้า!DZ25 -> 0 | AU16: =[2]หน้าผ้า!EA25 -> 0 | AV16: =[2]หน้าผ้า!EB25 -> 0 | AW16: =[2]หน้าผ้า!EC25 -> งานเคลือบ+พิมพ์ | AX16: =[2]หน้าผ้า!ED25 -> / | AY16: =[2]หน้าผ้า!AG25 -> 0 | AZ16: =[2]หน้าผ้า!EG25 -> 0 | BA16: =[2]หน้าผ้า!EH25 -> 0 | BB16: =[2]หน้าผ้า!EI25 -> 0 | BC16: =[2]หน้าผ้า!BZ25 -> WRWT25800/WRWT25800 | BD16: =[2]หน้าผ้า!CA25 -> 0
A17: =[2]หน้าผ้า!C26 -> 45824 | B17: =[2]หน้าผ้า!B26 -> MK68-000794 | C17: =[2]หน้าผ้า!E26 -> บจก.ซิเบลโก้(บางเลน) | D17: =[2]หน้าผ้า!F26 -> FELDSPAR K200BL | E17: =[2]หน้าผ้า!G26 -> 18 | F17: =[2]หน้าผ้า!H26 -> 30 | G17: =[2]หน้าผ้า!I26 -> ขาว | H17: =[2]หน้าผ้า!J26 -> ใส | I17: =[2]หน้าผ้า!L26 -> 74 | J17: =[2]หน้าผ้า!M26 -> ± | K17: =[2]หน้าผ้า!N26 -> 5 | L17: =[2]หน้าผ้า!R26 -> ไม่ | M17: =[2]หน้าผ้า!T26 -> ไม่สวมถุงใน | N17: =[2]หน้าผ้า!U26 -> 0 | O17: =[2]หน้าผ้า!V26 -> 0 | P17: =[2]หน้าผ้า!AB26 -> 0 | Q17: =[2]หน้าผ้า!AC26 -> 0 | R17: =[2]หน้าผ้า!AD26 -> 0 | S17: =[2]หน้าผ้า!Z26 -> 500กระสอบ | T17: =[2]หน้าผ้า!X26 -> 45834 | U17: =[2]หน้าผ้า!AA26 -> 5000 | V17: =[2]หน้าผ้า!AJ26 -> 0 | W17: =[2]หน้าผ้า!AL26 -> 5000 | X17: =[2]หน้าผ้า!AM26 -> 0 | Y17: =[2]หน้าผ้า!AN26 -> 5250 | Z17: =[2]หน้าผ้า!AO26 -> WSWT1825800SM | AA17: =[2]หน้าผ้า!AQ26 -> 4400.55 | AB17: =[2]หน้าผ้า!AR26 -> 4400.55 | AC17: =[2]หน้าผ้า!AS26 -> 0 | AD17: =[2]หน้าผ้า!AT26 -> 0 | AE17: =[2]หน้าผ้า!AU26 -> 4400.55 | AF17: =[2]หน้าผ้า!AI26 -> ห้ามเกิน-ขาดได้5% | AG17: =[3]หน้าผ้า!DC29 -> ยังไม่ได้พิมพ์ | AH17: =[2]หน้าผ้า!DL26 -> P6 | AI17: =[2]หน้าผ้า!DM26 -> 4 | AJ17: =[2]หน้าผ้า!DN26 -> 45834 | AK17: =[2]หน้าผ้า!DQ26 -> 45830 | AL17: =[2]หน้าผ้า!DR26 -> 45823 | AM17: =[2]หน้าผ้า!DS26 -> 45831 | AN17: =[2]หน้าผ้า!DT26 -> 45832 | AO17: =[2]หน้าผ้า!DU26 -> 45833 | AP17: =[2]หน้าผ้า!DP26 -> 45829 | AQ17: =[2]หน้าผ้า!DW26 -> 0 | AR17: =[2]หน้าผ้า!DX26 -> 0 | AS17: =[2]หน้าผ้า!DY26 -> 0 | AT17: =[2]หน้าผ้า!DZ26 -> 0 | AU17: =[2]หน้าผ้า!EA26 -> 0 | AV17: =[2]หน้าผ้า!EB26 -> 0 | AW17: =[2]หน้าผ้า!EC26 -> งานเคลือบ+พิมพ์ | AX17: =[2]หน้าผ้า!ED26 -> / | AY17: =[2]หน้าผ้า!AG26 -> 0 | AZ17: =[2]หน้าผ้า!EG26 -> 0 | BA17: =[2]หน้าผ้า!EH26 -> 0 | BB17: =[2]หน้าผ้า!EI26 -> 0 | BC17: =[2]หน้าผ้า!BZ26 -> WRWT25800/WRWT25800 | BD17: =[2]หน้าผ้า!CA26 -> 0
... A575: =[2]หน้าผ้า!C584 -> 0 | B575: =[2]หน้าผ้า!B584 -> 0 | C575: =[2]หน้าผ้า!E584 -> 0 | D575: =[2]หน้าผ้า!F584 -> 0 | E575: =[2]หน้าผ้า!G584 -> 0 | F575: =[2]หน้าผ้า!H584 -> 0 | G575: =[2]หน้าผ้า!I584 -> 0 | H575: =[2]หน้าผ้า!J584 -> 0 | I575: =[2]หน้าผ้า!L584 -> 0 | J575: =[2]หน้าผ้า!M584 -> 0 | K575: =[2]หน้าผ้า!N584 -> 0 | L575: =[2]หน้าผ้า!R584 -> 0 | M575: =[2]หน้าผ้า!T584 -> 0 | N575: =[2]หน้าผ้า!U584 -> 0 | O575: =[2]หน้าผ้า!V584 -> 0 | P575: =[2]หน้าผ้า!AB584 -> 0 | Q575: =[2]หน้าผ้า!AC584 -> 0 | R575: =[2]หน้าผ้า!AD584 -> 0 | S575: =[2]หน้าผ้า!Z584 -> 0 | T575: =[2]หน้าผ้า!X584 -> 0 | U575: =[2]หน้าผ้า!AA584 -> 0 | V575: =[2]หน้าผ้า!AJ584 -> 0 | W575: =[2]หน้าผ้า!AL584 -> 0 | X575: =[2]หน้าผ้า!AM584 -> 0 | Y575: =[2]หน้าผ้า!AN584 -> 0 | Z575: =[2]หน้าผ้า!AO584 -> 0 | AA575: =[2]หน้าผ้า!AQ584 -> 0 | AB575: =[2]หน้าผ้า!AR584 -> 0 | AC575: =[2]หน้าผ้า!AS584 -> 0 | AD575: =[2]หน้าผ้า!AT584 -> 0 | AE575: =[2]หน้าผ้า!AU584 -> 0 | AF575: =[2]หน้าผ้า!AI584 -> 0 | AG575: =[3]หน้าผ้า!DC587 -> 0 | AH575: =[2]หน้าผ้า!DL584 -> 0 | AI575: =[2]หน้าผ้า!DM584 -> 0 | AJ575: =[2]หน้าผ้า!DN584 -> 0 | AK575: =[2]หน้าผ้า!DQ584 -> 0 | AL575: =[2]หน้าผ้า!DR584 -> 0 | AM575: =[2]หน้าผ้า!DS584 -> 0 | AN575: =[2]หน้าผ้า!DT584 -> 0 | AO575: =[2]หน้าผ้า!DU584 -> 0 | AP575: =[2]หน้าผ้า!DP584 -> 0 | AQ575: =[2]หน้าผ้า!DW584 -> 0 | AR575: =[2]หน้าผ้า!DX584 -> 0 | AS575: =[2]หน้าผ้า!DY584 -> 0 | AT575: =[2]หน้าผ้า!DZ584 -> 0 | AU575: =[2]หน้าผ้า!EA584 -> 0 | AV575: =[2]หน้าผ้า!EB584 -> 0 | AW575: =[2]หน้าผ้า!EC584 -> 0 | AX575: =[2]หน้าผ้า!ED584 -> 0 | AY575: =[2]หน้าผ้า!AG584 -> 0 | AZ575: =[2]หน้าผ้า!EG584 -> 0 | BA575: =[2]หน้าผ้า!EH584 -> 0 | BB575: =[2]หน้าผ้า!EI584 -> 0 | BC575: =[2]หน้าผ้า!BZ584 -> 0 | BD575: =[2]หน้าผ้า!CA584 -> 0

Sheet 4(Order+FC) (-4)
A2: เลขที่ SO | B2: (หลายรายการ)
A3: วันส่ง | B3: รอแจ้ง
A4: ชื่อลูกค้า | B4: (ทั้งหมด)
A6: ประเภท | B6: ผลรวม ของ จำนวนส่ง | C6: ผลรวม ของ ค้างพิมพ์ | D6: ผลรวม ของ ค้างตัด | E6: ผลรวม ของ Stock | F6: ผลรวม ของ ใช้ | G6: ผลรวม ของ ค้างทอ
A7: WSWT1625800SM | B7: 5000 | C7: 5250 | D7: 5000 | E7: 3372 | F7: 3702.05 | G7: 330.05 | H7: =+J7-I7 -> 330.05 | J7: =G7 -> 330.05
A8: WSWT1825800SM | B8: 10000 | C8: 10500 | D8: 10000 | E8: 3198 | F8: 8801.1 | G8: 5603.1 | H8: =+J8-I8 -> 5603.1 | J8: =G8 -> 5603.1
A9: WSWT1921720 | B9: 600000 | C9: 630000 | D9: 600000 | E9: 0 | F9: 528066 | G9: 528066 | H9: =+J9-I9 -> 528066 | J9: =G9 -> 528066
A10: WSWT1925800 | B10: 10000 | C10: 10500 | D10: 10000 | E10: 0 | F10: 9359.9 | G10: 9359.9 | H10: =+J10-I10 -> 9359.9 | J10: =G10 -> 9359.9
A11: WSWT2025700 | B11: 50000 | C11: 0 | D11: 50000 | E11: 9009 | F11: 55181.5 | G11: 46172.5 | H11: =+J11-I11 -> 46172.5 | J11: =G11 -> 46172.5
A12: WSWT2025800 | B12: 110000 | C12: 115500 | D12: 110000 | E12: 0 | F12: 115252.5 | G12: 115252.5 | H12: =+J12-I12 -> 115252.5 | J12: =G12 -> 115252.5
A13: WSWT2025800SM | B13: 69250 | C13: 66150 | D13: 69183 | E13: 0 | F13: 68578.73 | G13: 68578.73 | H13: =+J13-I13 -> 68578.73 | J13: =G13 -> 68578.73
A14: WSWT2121670SM | B14: 71000 | C14: 74550 | D14: 71000 | E14: 0 | F14: 77743.05 | G14: 77743.05 | H14: =+J14-I14 -> 77743.05 | J14: =G14 -> 77743.05
A15: WSWT2321112512551 | B15: 106278 | C15: 111591.9 | D15: 106278 | E15: 0 | F15: 114322.18 | G15: 114322.18 | H15: =+J15-I15 -> 114322.18 | J15: =G15 -> 114322.18
A16: WSWT2625650 | B16: 50000 | C16: 10500 | D16: 50000 | E16: 0 | F16: 60490.1 | G16: 60490.1 | H16: =+J16-I16 -> 60490.1 | J16: =G16 -> 60490.1
A17: WSWT2625800 | B17: 30000 | C17: 0 | D17: 30000 | E17: 6278 | F17: 37299.9 | G17: 31021.9 | H17: 0 | I17: 160000 | J17: =G17 -> 31021.9
A18: WSWT2625850SM | B18: 20000 | C18: 21000 | D18: 20000 | E18: 7700 | F18: 24866.6 | G18: 17166.6 | H18: =+J18-I18 -> 17166.6 | J18: =G18 -> 17166.6
A19: ผลรวมทั้งหมด | B19: 1131528 | C19: 1055541.9 | D19: 1131461 | E19: 29557 | F19: 1103663.6 | G19: 1074106.6 | H19: =+J19-I19 -> 1074106.6 | J19: =G19 -> 1074106.6
H20: =+J20-I20 -> 0 | J20: =G20 -> 0
H21: =+J21-I21 -> 0 | J21: =G21 -> 0
H22: =+J22-I22 -> 0 | J22: =G22 -> 0
H23: =+J23-I23 -> 0 | J23: =G23 -> 0
H24: =+J24-I24 -> 0 | J24: =G24 -> 0
H25: =+J25-I25 -> 0 | J25: =G25 -> 0
H27: =SUM(H8:H25) -> 2116861.3 | J27: =SUM(J8:J25) -> 2147883.2
M28: =+GETPIVOTDATA("ผลรวม ของ ใช้",$A$6)+H29+H31 -> 1193663.6
H30: =+H27 -> 2116861.3
A31: กรม | B31: 70000 | C31: 70000 | D31: 70000 | G31: 90000 | H31: 90000 | I31: 95 | J31: =+H31*I31 -> 8550000 | K31: =+J31/1000 -> 8550
G33: 160000 | H33: =+H29+H30 -> 2116861.3 | I33: 85 | J33: =+H33*I33 -> 1.7993321e+08 | K33: =+J33/1000 -> 179933.21
H34: =+H30+H31+H29 -> 2206861.3
H35: 15 | I35: =+H34/H35 -> 147124.08 | K35: =+K33+K31 -> 188483.21
N36: 705222
A37: ยอดส่ง 1/2/68 - 10/2/68 | B37: 817879 | I37: =+H35*100000 -> 1500000
N38: =+H34+N36 -> 2912083.3
H39: 16 | I39: =+H39*90000 -> 1440000
B41: =+B26+B37+B31 -> 887879 | C41: =+C26+C37+C31 -> 70000 | D41: =+D26+D37+D31 -> 70000 | E41: =+E26+E37+E31 -> 0 | F41: =+F26+F37+F31 -> 0
B43: 2992955
B45: =+B43-B41 -> 2105076 | C45: =+C32+($B$45*1) -> 2105076 | D45: =+D32+($B$45*1) -> 2105076 | E45: =+E31+($B$45*1) -> 2105076 | F45: =+F30+($B$45*1) -> 2105076 | G45: =+G30+($B$45*1) -> 2105076
C47: =+C41/13 -> 5384.6154 | D47: =+D41/15 -> 4666.6667
B49: 16 | C49: 135000 | D49: 135000
C50: =+B49*C49 -> 2160000 | D50: =+B49*D49 -> 2160000
C52: =+C50-C41 -> 2090000 | D52: =+D50-D41 -> 2090000
C55: 1681138.9
C57: =+C41-C55 -> -1611138.9
C59: =+C50-C41 -> 2090000

Sheet 4(Order+FC)
A2: เลขที่ SO | B2: (หลายรายการ)
A3: วันส่ง | B3: (หลายรายการ)
A4: ชื่อลูกค้า | B4: (ทั้งหมด)
K5: 9
A6: ประเภท | B6: ผลรวม ของ จำนวนส่ง | C6: ผลรวม ของ ค้างพิมพ์ | D6: ผลรวม ของ ค้างตัด | E6: ผลรวม ของ ใช้ | F6: ผลรวม ของ Stock | G6: ผลรวม ของ ค้างทอ
A7: WSWT1625800 | B7: 10000 | C7: 0 | D7: 10000 | E7: 0 | F7: 0 | G7: 0 | H7: =+J7-I7 -> 0 | J7: =G7 -> 0
A8: WSWT1921720 | B8: 90000 | C8: 41976.9 | D8: 74828 | E8: 40423.788 | F8: 8801.1 | G8: 31622.688 | H8: =+J8-I8 -> 31622.688 | J8: =G8 -> 31622.688
A9: WSWT1925800 | B9: 118000 | C9: 54869.85 | D9: 118000 | E9: 45972.484 | F9: 8242.3 | G9: 37730.184 | H9: =+J9-I9 -> 37730.184 | J9: =G9 -> 37730.184
A10: WSWT2025700 | B10: 10000 | C10: 0 | D10: 10000 | E10: 8801.1 | F10: 0 | G10: 8801.1 | H10: =+J10-I10 -> 8801.1 | J10: =G10 -> 8801.1
A11: WSWT2025800 | B11: 193960 | C11: 70687.05 | D11: 193960 | E11: 74062.357 | F11: 50571 | G11: 23491.357 | H11: =+J11-I11 -> 23491.357 | J11: =G11 -> 23491.357
A12: WSWT2025800SM | B12: 142160 | C12: 123783.45 | D12: 139160 | E12: 123659.07 | F12: 74605.09 | G12: 49053.98 | H12: =+J12-I12 -> 49053.98 | J12: =G12 -> 49053.98 | K12: 40000 | L12: =+K5*K12 -> 360000 | M12: =+L12-J12 -> 310946.02
A13: WSWT2121670SM | B13: 82000 | C13: 54153.75 | D13: 79000 | E13: 55670.991 | F13: 17415.391 | G13: 38255.6 | H13: =+J13-I13 -> 38255.6 | J13: =G13 -> 38255.6 | K13: 14000 | L13: =+K13*K5 -> 126000 | M13: =+L13-J13 -> 87744.4
A14: WSWT2321750 | B14: 8000 | C14: 0 | D14: 8000 | E14: 0 | F14: 0 | G14: 0 | H14: =+J14-I14 -> 0 | J14: =G14 -> 0
A15: WSWT2325650 | B15: 40000 | C15: 0 | D15: 40000 | E15: 0 | F15: 0 | G15: 0 | H15: =+J15-I15 -> 0 | J15: =G15 -> 0 | K15: 20000 | L15: =+K15*K5 -> 180000 | M15: =+L15-J15 -> 180000
A16: WSWT2625650 | B16: 12563 | C16: 8400 | D16: 8000 | E16: 9499.6 | F16: 6749.8 | G16: 2749.8 | H16: =+J16-I16 -> 2749.8 | J16: =G16 -> 2749.8
A17: WSWT2625850SM | B17: 10000 | C17: 0 | D17: 10000 | E17: 0 | F17: 0 | G17: 0 | H17: =+J17-I17 -> 0 | J17: =G17 -> 0
A18: WSWT2825850 | B18: 31500 | C18: 0 | D18: 10500 | E18: 0 | F18: 0 | G18: 0 | H18: =+J18-I18 -> 0 | J18: =G18 -> 0
A19: ผลรวมทั้งหมด | B19: 748183 | C19: 353871 | D19: 701448 | E19: 358089.39 | F19: 166384.68 | G19: 191704.71 | H19: 0 | I19: 54000 | J19: =G19 -> 191704.71
H20: =+J20-I20 -> 0 | J20: =G20 -> 0
H21: =+J21-I21 -> 0 | J21: =G21 -> 0
H22: =+J22-I22 -> 0 | J22: =G22 -> 0
H23: =+J23-I23 -> 0 | J23: =G23 -> 0
H24: =+J24-I24 -> 0 | J24: =G24 -> 0
H25: =+J25-I25 -> 0 | J25: =G25 -> 0
H26: =+J26-I26 -> 0 | J26: =G26 -> 0
H27: =+J27-I27 -> 0 | J27: =G27 -> 0
H28: =+J28-I28 -> 0 | J28: =G28 -> 0 | M28: =+GETPIVOTDATA("ผลรวม ของ ใช้",$A$6)+H29+H33 -> 639794.1
H29: =SUM(H7:H28) -> 191704.71 | I29: =SUM(I7:I28) -> 54000 | J29: =SUM(J7:J28) -> 383409.42
H32: =+H26 -> 0 | I32: 85 | J32: =+(H32+H29)*I32 -> 16294900 | K32: =+J32/1000 -> 16294.9
H33: 90000 | I33: 95 | J33: =+H33*I33 -> 8550000 | K33: =+J33/1000 -> 8550
H35: =+H32+H33+H29 -> 281704.71 | K35: =+K32+K33 -> 24844.9
N36: 705222
A37: ยอดส่ง 1/2/68 - 17/2/68 | B37: 1565717 | H37: 15 | I37: =+H35/H37 -> 18780.314
N38: =+H35+N36 -> 986926.71
I39: =+H37*110000 -> 1650000
B41: =+B29+B37+B31-110000 -> 1455717 | C41: =+C29+C37+C31 -> 0 | D41: =+D29+D37+D31-110000 -> -110000 | E41: =+E29+E37+E31 -> 0 | F41: =+F29+F37+F31 -> 0 | G41: =+G29+G37+G31 -> 0
B43: 3218150
B45: =+B43-B41 -> 1762433
C47: =+C41/9 -> 0 | D47: =+D41/9 -> -12222.222

Sheet 7(Order)
A2: เลขที่ SO | B2: (หลายรายการ)
A3: วันส่ง | B3: (หลายรายการ)
A4: ชื่อลูกค้า | B4: (ทั้งหมด)
A6: ประเภท | B6: ผลรวม ของ จำนวนส่ง | C6: ผลรวม ของ ค้างพิมพ์ | D6: ผลรวม ของ ค้างตัด | E6: ผลรวม ของ ใช้ | F6: ผลรวม ของ Stock | G6: ผลรวม ของ ค้างทอ
A7: WSWT1921720 | B7: 25000 | C7: 21000 | D7: 25000 | E7: 17881.6 | F7: 0 | G7: 17881.6 | I7: =+K7-J7 -> 17881.6 | K7: =G7 -> 17881.6
A8: WSWT19251000SM | B8: 10080 | C8: 10584 | D8: 10080 | E8: 10138.867 | F8: 4000 | G8: 6138.8672 | I8: =+K8-J8 -> 6138.8672 | K8: =G8 -> 6138.8672
A9: WSWT1925800 | B9: 140000 | C9: 147000 | D9: 140000 | E9: 123215.4 | F9: 0 | G9: 123215.4 | I9: =+K9-J9 -> 123215.4 | K9: =G9 -> 123215.4
A10: WSWT2025800 | B10: 435000 | C10: 441000 | D10: 430000 | E10: 447878.2 | F10: 0 | G10: 447878.2 | I10: =+K10-J10 -> 447878.2 | K10: =G10 -> 447878.2
A11: WSWT2025800SM | B11: 16895 | C11: 11856.6 | D11: 13577 | E11: 12053.643 | F11: 3602.9105 | G11: 8450.7324 | I11: =+K11-J11 -> 8450.7324 | K11: =G11 -> 8450.7324
A12: WSWT2121670SM | B12: 11000 | C12: 11550 | D12: 11000 | E12: 12139.93 | F12: 0 | G12: 12139.93 | I12: =+K12-J12 -> 12139.93 | K12: =G12 -> 12139.93
A13: WSWT2321112512551 | B13: 50000 | C13: 52500 | D13: 50000 | E13: 53784.5 | F13: 0 | G13: 53784.5 | I13: =+K13-J13 -> 53784.5 | K13: =G13 -> 53784.5
A14: WSWT2321112512551VN | B14: 100000 | C14: 105000 | D14: 100000 | E14: 107569 | F14: 0 | G14: 107569 | I14: =+K14-J14 -> 107569 | K14: =G14 -> 107569
A15: WSWT2325650 | B15: 20000 | C15: 21000 | D15: 20000 | E15: 20619.72 | F15: 20619.72 | G15: 0 | I15: =+K15-J15 -> 0 | K15: =G15 -> 0
A16: ผลรวมทั้งหมด | B16: 807975 | C16: 821490.6 | D16: 799657 | E16: 805280.86 | F16: 28222.63 | G16: 777058.23 | I16: =+K16-J16 -> 777058.23 | K16: =G16 -> 777058.23
I17: 0 | J17: 54000 | K17: =G17 -> 0
I18: =+K18-J18 -> 0 | K18: =G18 -> 0
I19: =+K19-J19 -> 0 | K19: =G19 -> 0
I20: =+K20-J20 -> 0 | K20: =G20 -> 0
I21: =+K21-J21 -> 0 | K21: =G21 -> 0
I22: =+K22-J22 -> 0 | K22: =G22 -> 0
I23: =+K23-J23 -> 0 | K23: =G23 -> 0
I24: =+K24-J24 -> 0 | K24: =G24 -> 0
I25: =+K25-J25 -> 0 | K25: =G25 -> 0
I26: =SUM(I7:I25) -> 1554116.5 | J26: =SUM(J7:J25) -> 54000 | K26: =SUM(K7:K25) -> 1554116.5
D28: =+D10 -> 430000
D30: =+D12 -> 11000
D31: =+D13 -> 50000
D32: =+D14 -> 100000
D33: =+D15 -> 20000
D34: =D18 -> 0
D36: =D20 -> 0
A37: ยอดส่ง 1/4/68 - 12/4/68 | B37: 887615
A38: Order+ส่ง | B38: =++B25+B37 -> 887615
A39: ประมาณการ | B39: 262000 | C39: 238350 | D39: 262000 | E39: 279847.04 | F39: 60825.09 | G39: 219021.95
A41: Order+ส่ง+ประมาณการ | B41: =+B25+B37+B39+B33 -> 1149615 | C41: =+C25+C37+C39+C33 -> 238350 | D41: =+D25+D37+D39+D33 -> 282000 | E41: =+E25+E37+E39+E33 -> 279847.04 | F41: =+F25+F37+F39+F33 -> 60825.09 | G41: =+G25+G37+G39+G33 -> 219021.95
B43: 3171376
B45: =+B41-B43 -> -2021761 | C45: =+$B$45 -> -2021761 | D45: =+$B$45 -> -2021761 | F45: =+$B$45 -> -2021761
D47: =+D41/6 -> 47000

Sheet 7(Order) แยกลูกค้า
A1: เลขที่ SO | B1: (หลายรายการ)
A2: วันส่ง | B2: รอแจ้ง
A4: ประเภท | B4: ชื่อลูกค้า | C4: ผลรวม ของ จำนวนส่ง | D4: ผลรวม ของ ค้างพิมพ์ | E4: ผลรวม ของ ค้างตัด | F4: ผลรวม ของ Stock | G4: ผลรวม ของ ค้างทอ | I4: vn
A5: WSWT1921720 | B5: บจก.เคอรี่ฟลาวมิลล์ | C5: 10000 | D5: 0 | E5: 10000 | F5: 0 | G5: 0 | H5: =G5 -> 0
A6: WSWT1921720 ผลรวม | C6: 10000 | D6: 0 | E6: 10000 | F6: 0 | G6: 0 | H6: =G6 -> 0
A7: WSWT2025800SM | B7: บจก.อินเทคค์ โกลบอล | C7: 2540 | D7: 0 | E7: 2473 | F7: 0 | G7: 0 | H7: =G7 -> 0
B8: บจก.เอสพีเอ็ม อาหารสัตว์ | C8: 3000 | D8: 3150 | E8: 3000 | F8: 0 | G8: 3478.53 | H8: =G8 -> 3478.53
A9: WSWT2025800SM ผลรวม | C9: 5540 | D9: 3150 | E9: 5473 | F9: 0 | G9: 3478.53 | H9: =G9 -> 3478.53
A10: WSWT2121670SM | B10: บจก.ที.ซี.ยูเนี่ยน อโกรเทค | C10: 32000 | D10: 33600 | E10: 32000 | F10: 0 | G10: 34422.08 | H10: =G10 -> 34422.08
B11: บจก.เอสพีเอ็ม อาหารสัตว์ | C11: 5000 | D11: 5250 | E11: 5000 | F11: 0 | G11: 5518.15 | H11: =G11 -> 5518.15
A12: WSWT2121670SM ผลรวม | C12: 37000 | D12: 38850 | E12: 37000 | F12: 0 | G12: 39940.23 | H12: =G12 -> 39940.23
A13: WSWT2321112512551 | B13: บจก.น้ำตาลทิพย์สุโขทัย | C13: 306278 | D13: 321591.9 | E13: 306278 | F13: 0 | G13: 329460.18 | H13: =G13 -> 329460.18
A14: WSWT2321112512551 ผลรวม | C14: 306278 | D14: 321591.9 | E14: 306278 | F14: 0 | G14: 329460.18 | H14: =G14 -> 329460.18
A15: WSWT2321112512551VN | B15: บจก.น้ำตาลทิพย์สุโขทัย | C15: 325000 | D15: 341250 | E15: 325000 | F15: 0 | G15: 349599.25 | H15: =G15 -> 349599.25
A16: WSWT2321112512551VN ผลรวม | C16: 325000 | D16: 341250 | E16: 325000 | F16: 0 | G16: 349599.25 | H16: =G16 -> 349599.25
A17: WSWT2321750 | B17: บจก.แอมโก้เวท | C17: 1000 | D17: 0 | E17: 1000 | F17: 1159.51 | G17: 0 | H17: =G17 -> 0
A18: WSWT2321750 ผลรวม | C18: 1000 | D18: 0 | E18: 1000 | F18: 1159.51 | G18: 0 | H18: =G18 -> 0
A19: ผลรวมทั้งหมด | C19: 684818 | D19: 704841.9 | E19: 684751 | F19: 1159.51 | G19: 722478.19 | H19: =G19 -> 722478.19
H20: =G20 -> 0
H21: =G21 -> 0
H22: =G22 -> 0
H23: =G23 -> 0
H24: =G24 -> 0
H25: =G25 -> 0
H26: =G26 -> 0
H27: =G27 -> 0
H28: =G28 -> 0
H29: =G29 -> 0
H30: =G30 -> 0
H31: =G31 -> 0
... H65: =G65 -> 0
H70: =SUM(H5:H69) -> 2167434.6
D119: Cap พิมพ์ | E119: Cap ตัด | F119: Stock 16/7 บ่าย | G119: Cap ทอ | I119: วันทงาน
B120: lส่ง | C120: 1-16/7 | D120: 160000 | E120: 160000 | G120: 120000 | I120: 12
C121: 1975256 | D121: =+D120*I120 -> 1920000 | E121: =+E120*I120 -> 1920000 | F121: 825147 | G121: =+G120*I120 -> 1440000
A122: เบทาโกรส่งแล้ว | B122: 20700 | C122: 424374
A123: เบทาโกรส่งแล้ว | B123: 20800 | C123: 155973
C126: รวมส่ง+ค้างส่ง | D126: ส่วนต่างCapคงเหลือ | E126: ส่วนต่างCapคงเหลือ | F126: คงเหลือ
C127: =+C50+C121 -> 1975256 | D127: =+D121-D50 -> 1920000 | E127: =+E121-E50 -> 1920000 | F127: =+F121-F50 -> 825147 | G127: =+G121-G50 -> 1440000
B129: 20700VN 20/7 | G129: 350000

Sheet 7(Fc) แยกลูกค้า
A1: เลขที่ SO | B1: ประมาณการ
A2: วันส่ง | B2: รอแจ้ง | D2: 12
A4: ประเภท | B4: ชื่อลูกค้า | C4: ผลรวม ของ จำนวนส่ง | D4: ผลรวม ของ ค้างพิมพ์ | E4: ผลรวม ของ ค้างตัด | F4: ผลรวม ของ ใช้ | G4: ผลรวม ของ Stock | H4: ผลรวม ของ ค้างทอ
A5: WSWT2121670SM | B5: บจก.ที.ซี.ยูเนี่ยน อโกรเทค | C5: 10000 | D5: 10500 | E5: 10000 | F5: 10756.9 | G5: 0 | H5: 10756.9
B6: บจก.เอพีเอ็ม อะโกร | C6: 10000 | D6: 10500 | E6: 10000 | F6: 11595.1 | G6: 0 | H6: 11595.1
A7: WSWT2121670SM ผลรวม | C7: 20000 | D7: 21000 | E7: 20000 | F7: 22352 | G7: 0 | H7: 22352
A8: ผลรวมทั้งหมด | C8: 20000 | D8: 21000 | E8: 20000 | F8: 22352 | G8: 0 | H8: 22352
D119: Cap พิมพ์ | E119: Cap ตัด | F119: Stock 16/7 บ่าย | G119: Cap ทอ | I119: วันทงาน
B120: lส่ง | C120: 1-16/7 | D120: 160000 | E120: 160000 | G120: 120000 | I120: 12
C121: 1975256 | D121: =+D120*I120 -> 1920000 | E121: =+E120*I120 -> 1920000 | F121: 825147 | G121: =+G120*I120 -> 1440000
A122: เบทาโกรส่งแล้ว | B122: 20700 | C122: 424374
A123: เบทาโกรส่งแล้ว | B123: 20800 | C123: 155973
C126: รวมส่ง+ค้างส่ง | D126: ส่วนต่างCapคงเหลือ | E126: ส่วนต่างCapคงเหลือ | F126: คงเหลือ
C127: =+C50+C121 -> 1975256 | D127: =+D121-D50 -> 1920000 | E127: =+E121-E50 -> 1920000 | F127: =+F121-F50 -> 825147 | G127: =+G121-G50 -> 1440000
B129: 20700VN 20/7 | G129: 350000

Sheet 6(Order+Fc) แยกลูกค้า
A1: เลขที่ SO | B1: (หลายรายการ)
A2: วันส่ง | B2: (หลายรายการ) | D2: 12 | I2: เมตร | J2: vn | K2: ใบ | P2: วัน
A4: ประเภท | B4: ชื่อลูกค้า | C4: ผลรวม ของ จำนวนส่ง | D4: ผลรวม ของ ค้างพิมพ์ | E4: ผลรวม ของ ค้างตัด | F4: ผลรวม ของ Stock | G4: ผลรวม ของ ใช้ | H4: ผลรวม ของ ค้างทอ
A5: WSWT1425800 | B5: หจก.ปึงเป้งน้ำ | C5: 10000 | D5: 10500 | E5: 10000 | F5: 1220 | G5: 6565.9 | H5: 5345.9 | I5: =H5 -> 5345.9
A6: WSWT1425800 ผลรวม | C6: 10000 | D6: 10500 | E6: 10000 | F6: 1220 | G6: 6565.9 | H6: 5345.9
A7: WSWT1725800 | B7: บจก.โรงสีข้าวธัญญาวัฒน์ | C7: 10200 | D7: 0 | E7: 1700 | F7: 0 | G7: 0 | H7: 0 | I7: =H7 -> 0
A8: WSWT1725800 ผลรวม | C8: 10200 | D8: 0 | E8: 1700 | F8: 0 | G8: 0 | H8: 0 | I8: =H8 -> 0
A9: WSWT1825800 | B9: บจก.ฟาร์เธอร์ส วิง ซัพพลาย | C9: 15000 | D9: 15750 | E9: 15000 | F9: 6301 | G9: 13201.65 | H9: 6900.65 | I9: =H9 -> 6900.65
A10: WSWT1825800 ผลรวม | C10: 15000 | D10: 15750 | E10: 15000 | F10: 6301 | G10: 13201.65 | H10: 6900.65 | I10: =H10 -> 6900.65
A11: WSWT1825800SM | B11: บจก.ซิเบลโก้ | C11: 20000 | D11: 21000 | E11: 20000 | F11: 17602.2 | G11: 17602.2 | H11: 0
B12: บจก.ไบโอกรีนนิค | C12: 10000 | D12: 10500 | E12: 10000 | F12: 2398 | G12: 8242.3 | H12: 5844.3 | I12: =H12 -> 5844.3
A13: WSWT1825800SM ผลรวม | C13: 30000 | D13: 31500 | E13: 30000 | F13: 20000.2 | G13: 25844.5 | H13: 5844.3
A14: WSWT1921720 | B14: บจก.เคอรี่ฟลาวมิลล์ | C14: 400000 | D14: 384079.5 | E14: 395000 | F14: 63621.629 | G14: 334623.53 | H14: 271001.9 | I14: =H14 -> 271001.9 | P14: 15000 | Q14: =+K14/P14 -> 0
A15: WSWT1921720 ผลรวม | C15: 400000 | D15: 384079.5 | E15: 395000 | F15: 63621.629 | G15: 334623.53 | H15: 271001.9
A16: WSWT1925800 | B16: บจก.เพรซิเดนท์ฟลาวมิลล์ | C16: 70000 | D16: 73500 | E16: 70000 | F16: 61607.7 | G16: 61607.7 | H16: 0 | I16: =H16 -> 0
B17: บจก.ไลม์มาสเตอร์ | C17: 10000 | D17: 10500 | E17: 10000 | F17: 0 | G17: 9359.9 | H17: 9359.9 | I17: =H17 -> 9359.9
A18: WSWT1925800 ผลรวม | C18: 80000 | D18: 84000 | E18: 80000 | F18: 61607.7 | G18: 70967.6 | H18: 9359.9 | I18: =H18 -> 9359.9
A19: WSWT1925800SM | B19: บจก.ไมโครอินโนเวท | C19: 10000 | D19: 10500 | E19: 10000 | F19: 9918.7 | G19: 9918.7 | H19: 0 | I19: =H19 -> 0
A20: WSWT1925800SM ผลรวม | C20: 10000 | D20: 10500 | E20: 10000 | F20: 9918.7 | G20: 9918.7 | H20: 0 | I20: =H20 -> 0 | P20: 16000 | Q20: =+K20/P20 -> 0
A21: WSWT2021850UV | B21: กรุงเทพมหานคร | C21: 1345000 | D21: 1011260.2 | E21: 1345000 | F21: 316435 | G21: 920971.9 | H21: 604536.9
A22: WSWT2021850UV ผลรวม | C22: 1345000 | D22: 1011260.2 | E22: 1345000 | F22: 316435 | G22: 920971.9 | H22: 604536.9 | I22: =H22 -> 604536.9
A23: WSWT2025650 | B23: บจก.เอเชียเหมืองแร่ | C23: 20000 | D23: 21000 | E23: 20000 | F23: 0 | G23: 18719.8 | H23: 18719.8
A24: WSWT2025650 ผลรวม | C24: 20000 | D24: 21000 | E24: 20000 | F24: 0 | G24: 18719.8 | H24: 18719.8 | I24: =H24 -> 18719.8
A25: WSWT2025800 | B25: บจก.เบทาโกร | C25: 143000 | D25: 0 | E25: 124 | F25: 0 | G25: 0 | H25: 0
B26: บจก.อินเทคค์ โกลบอล | C26: 100640 | D26: 105000 | E26: 100640 | F26: 97126 | G26: 104775 | H26: 7649 | I26: =H26 -> 7649
A27: WSWT2025800 ผลรวม | C27: 243640 | D27: 105000 | E27: 100764 | F27: 97126 | G27: 104775 | H27: 7649
A28: WSWT2025800SM | B28: บจก.ไทยธรรมดี | C28: 40000 | D28: 42000 | E28: 40000 | F28: 0 | G28: 43027.6 | H28: 43027.6 | I28: =H28 -> 43027.6
B29: บจก.อินเทคค์ โกลบอล | C29: 169508 | D29: 146629.35 | E29: 168200 | F29: 37778.722 | G29: 147834.38 | H29: 110055.66 | I29: =H29 -> 110055.66
B30: บจก.เอพีเอ็ม อะโกร | C30: 12000 | D30: 9450 | E30: 12000 | F30: 0 | G30: 9932.67 | H30: 9932.67 | I30: =H30 -> 9932.67
B31: บจก.เอสพีเอ็ม อาหารสัตว์ | C31: 30500 | D31: 26250 | E31: 25000 | F31: 5111 | G31: 27590.75 | H31: 22479.75 | P31: 15000 | Q31: =+K31/P31 -> 0
B32: บจก.เอ.เจ.ฟาร์ม่าแล็บ | C32: 20000 | D32: 21000 | E32: 20000 | F32: 19837.4 | G32: 19837.4 | H32: 0 | I32: =H32 -> 0
B33: คุณชายชล จันทร์สว่างกูล | C33: 11500 | D33: 12075 | E33: 11500 | F33: 0 | G33: 11406.505 | H33: 11406.505 | I33: =H33 -> 11406.505
B34: บจก.มารีน หรีดเดอร์ | C34: 10000 | D34: 10500 | E34: 10000 | F34: 0 | G34: 8801.1 | H34: 8801.1 | I34: =H34 -> 8801.1
A35: WSWT2025800SM ผลรวม | C35: 293508 | D35: 267904.35 | E35: 286700 | F35: 62727.122 | G35: 268430.41 | H35: 205703.29 | I35: =H35 -> 205703.29
A36: WSWT2121670SM | B36: บจก.ที.ซี.ยูเนี่ยน อโกรเทค | C36: 24000 | D36: 25200 | E36: 24000 | F36: 0 | G36: 25816.56 | H36: 25816.56 | I36: =H36 -> 25816.56
B37: บจก.เอพีเอ็ม อะโกร | C37: 28000 | D37: 29400 | E37: 28000 | F37: 0 | G37: 31739.84 | H37: 31739.84 | I37: =H37 -> 31739.84
B38: บจก.แอมโก้เวท | C38: 310000 | D38: 315504 | E38: 310000 | F38: 45721.128 | G38: 325400.53 | H38: 279679.4 | I38: =H38 -> 279679.4
A39: WSWT2121670SM ผลรวม | C39: 362000 | D39: 370104 | E39: 362000 | F39: 45721.128 | G39: 382956.93 | H39: 337235.8 | I39: =H39 -> 337235.8
A40: WSWT2125650 | B40: บจก.หนองบัวฟีดมิลล์ | C40: 5000 | D40: 0 | E40: 5000 | F40: 0 | G40: 5518.15 | H40: 5518.15 | I40: =H40 -> 5518.15
B41: บจก.ไลม์มาสเตอร์ | C41: 10000 | D41: 10500 | E41: 10000 | F41: 0 | G41: 9918.7 | H41: 9918.7
A42: WSWT2125650 ผลรวม | C42: 15000 | D42: 10500 | E42: 15000 | F42: 0 | G42: 15436.85 | H42: 15436.85 | I42: =H42 -> 15436.85
A43: WSWT2125800 | B43: บจก.โรงสีข้าวธัญญาวัฒน์ | C43: 4150 | D43: 0 | E43: 0 | F43: 0 | G43: 0 | H43: 0
A44: WSWT2125800 ผลรวม | C44: 4150 | D44: 0 | E44: 0 | F44: 0 | G44: 0 | H44: 0 | I44: =H44 -> 0
A45: WSWT2221940 | B45: กรมการข้าว | C45: 239700 | D45: 128625 | E45: 239700 | F45: 31742 | G45: 127579.28 | H45: 95837.279 | I45: =H45 -> 95837.279
A46: WSWT2221940 ผลรวม | C46: 239700 | D46: 128625 | E46: 239700 | F46: 31742 | G46: 127579.28 | H46: 95837.279 | J46: 74000
A47: WSWT2321112512551 | B47: บจก.น้ำตาลทิพย์สุโขทัย | C47: 150000 | D47: 157500 | E47: 150000 | F47: 37959 | G47: 161353.5 | H47: 123394.5 | I47: =H47 -> 123394.5
A48: WSWT2321112512551 ผลรวม | C48: 150000 | D48: 157500 | E48: 150000 | F48: 37959 | G48: 161353.5 | H48: 123394.5 | I48: =H48 -> 123394.5
A49: WSWT2321750 | B49: หจก.ชัยวัฒนาวานิช | C49: 10000 | D49: 10500 | E49: 10000 | F49: 6000 | G49: 10756.9 | H49: 4756.9
A50: WSWT2321750 ผลรวม | C50: 10000 | D50: 10500 | E50: 10000 | F50: 6000 | G50: 10756.9 | H50: 4756.9
A51: WSWT2325650 | B51: บจก.ซิเบลโก้(บางเลน) | C51: 20000 | D51: 0 | E51: 20000 | F51: 0 | G51: 0 | H51: 0 | I51: =H51 -> 0
B52: บจก.ซิเบลโก้(สบปราบ) | C52: 20000 | D52: 21000 | E52: 20000 | F52: 19837.4 | G52: 19837.4 | H52: 0 | I52: =H52 -> 0
A53: WSWT2325650 ผลรวม | C53: 40000 | D53: 21000 | E53: 40000 | F53: 19837.4 | G53: 19837.4 | H53: 0
A54: WSWT2625650 | B54: บจก.โอเชี่ยนฟีด | C54: 40000 | D54: 0 | E54: 40000 | F54: 0 | G54: 48615.6 | H54: 48615.6 | I54: =H54 -> 48615.6
B55: บจก.กบินทร์อินทรีย์ | C55: 10000 | D55: 10500 | E55: 10000 | F55: 0 | G55: 11874.5 | H55: 11874.5 | I55: =H55 -> 11874.5
B56: คุณธนนท์ อุทัยไพศาลวงศ์ | C56: 10000 | D56: 0 | E56: 10000 | F56: 0 | G56: 11315.7 | H56: 11315.7 | I56: =H56-J56 -> -154684.3 | J56: 166000
B57: บจก.เอ็นทีฟีด | C57: 5000 | D57: 0 | E57: 5000 | F57: 0 | G57: 5797.55 | H57: 5797.55
A58: WSWT2625650 ผลรวม | C58: 65000 | D58: 10500 | E58: 65000 | F58: 0 | G58: 77603.35 | H58: 77603.35 | I58: =H58 -> 77603.35
A59: WSWT262575051 | B59: บจก.กบินทร์อินทรีย์ | C59: 8000 | D59: 8400 | E59: 8000 | F59: 9499.6 | G59: 9499.6 | H59: 0 | I59: =H59 -> 0
B60: คุณธนนท์ อุทัยไพศาลวงศ์ | C60: 5000 | D60: 0 | E60: 0 | F60: 0 | G60: 0 | H60: 0 | I60: =H60 -> 0
A61: WSWT262575051 ผลรวม | C61: 13000 | D61: 8400 | E61: 8000 | F61: 9499.6 | G61: 9499.6 | H61: 0 | I61: =H61 -> 0
A62: WSWT2625800 | B62: 0 | C62: 10000 | D62: 10500 | E62: 10000 | F62: 8978 | G62: 11595.1 | H62: 2617.1 | I62: =H62 -> 2617.1
B63: บจก.ที.ซี.ยูเนี่ยน อโกรเทค | C63: 20000 | D63: 0 | E63: 20000 | F63: 0 | G63: 24866.6 | H63: 24866.6
A64: WSWT2625800 ผลรวม | C64: 30000 | D64: 10500 | E64: 30000 | F64: 8978 | G64: 36461.7 | H64: 27483.7 | I64: =H64 -> 27483.7
A65: WSWT2625850SM | B65: บจก.ที.ซี.ยูเนี่ยน อโกรเทค | C65: 43693 | D65: 0 | E65: 30193 | F65: 37299.9 | G65: 37299.9 | H65: 0 | I65: =H65 -> 0
A66: WSWT2625850SM ผลรวม | C66: 43693 | D66: 0 | E66: 30193 | F66: 37299.9 | G66: 37299.9 | H66: 0 | I66: =H66 -> 0
A67: WSWT2825850 | B67: บจก.ที.ซี.ยูเนี่ยน อโกรเทค | C67: 10000 | D67: 0 | E67: 10000 | F67: 0 | G67: 13550.9 | H67: 13550.9
B68: บจก.ไทยร่วมใจน้ำมันพืช | C68: 50000 | D68: 52500 | E68: 50000 | F68: 23982 | G68: 59372.5 | H68: 35390.5 | I68: =H68 -> 35390.5
A69: WSWT2825850 ผลรวม | C69: 60000 | D69: 52500 | E69: 60000 | F69: 23982 | G69: 72923.4 | H69: 48941.4
A70: WSWTSCL052325650 | B70: พันธุ์ข้าว | C70: 10000 | D70: 10500 | E70: 10000 | F70: 0 | G70: 9918.7 | H70: 9918.7 | I70: =H70 -> 9918.7
A71: WSWTSCL052325650 ผลรวม | C71: 10000 | D71: 10500 | E71: 10000 | F71: 0 | G71: 9918.7 | H71: 9918.7
A72: ผลรวมทั้งหมด | C72: 3499891 | D72: 2732123.1 | E72: 3314057 | F72: 859976.38 | G72: 2735646.5 | H72: 1875670.1 | I72: =H72 -> 1875670.1
I73: =H73 -> 0
I75: =SUM(I5:I74) -> 4307087.9
I79: =I75+I77 -> 4307087.9 | J79: 16 | K79: =+I79*0.9779 -> 4211901.2
I81: =+I79/J79 -> 269192.99 | K81: =+K79*85 -> 3.580116e+08
K83: =+K81/1000 -> 358011.6
D119: Cap พิมพ์ | E119: Cap ตัด | F119: Stock 16/7 บ่าย | G119: Cap ทอ | I119: วันทงาน
B120: lส่ง | C120: 1-16/7 | D120: 160000 | E120: 160000 | G120: 120000 | I120: 12
C121: 1975256 | D121: =+D120*I120 -> 1920000 | E121: =+E120*I120 -> 1920000 | F121: 825147 | G121: =+G120*I120 -> 1440000
A122: เบทาโกรส่งแล้ว | B122: 20700 | C122: 424374
A123: เบทาโกรส่งแล้ว | B123: 20800 | C123: 155973
C126: รวมส่ง+ค้างส่ง | D126: ส่วนต่างCapคงเหลือ | E126: ส่วนต่างCapคงเหลือ | F126: คงเหลือ
C127: =+C50+C121 -> 1985256 | D127: =+D121-D50 -> 1909500 | E127: =+E121-E50 -> 1910000 | F127: =+F121-F50 -> 819147 | G127: =+G121-G50 -> 1429243.1
B129: 20700VN 20/7 | G129: 350000

Sheet 6(Order)
A2: เลขที่ SO | B2: (หลายรายการ)
A3: วันส่ง | B3: (หลายรายการ)
A4: ชื่อลูกค้า | B4: (ทั้งหมด)
A6: ประเภท | B6: ผลรวม ของ จำนวนส่ง | C6: ผลรวม ของ ค้างพิมพ์ | D6: ผลรวม ของ ค้างตัด | E6: ผลรวม ของ ใช้ | F6: ผลรวม ของ Stock | G6: ผลรวม ของ ค้างทอ
A7: WSWT1625800 | B7: 5000 | C7: 5250 | D7: 5000 | E7: 3702.05 | F7: 3702.05 | G7: 0
A8: WSWT1825800SM | B8: 15000 | C8: 15750 | D8: 15000 | E8: 13201.65 | F8: 13201.65 | G8: 0
A9: WSWT1921720 | B9: 135000 | C9: 82645.5 | D9: 134000 | E9: 98033.309 | F9: 3428.4685 | G9: 94604.84
A10: WSWT1925800 | B10: 30000 | C10: 31500 | D10: 30000 | E10: 24726.9 | F10: 22584 | G10: 2142.9
A11: WSWT1925800SM | B11: 20000 | C11: 0 | D11: 20000 | E11: 0 | F11: 0 | G11: 0 | L11: =76*2500 -> 190000
A12: WSWT2021850UV | B12: 1345000 | C12: 258829.2 | D12: 385000 | E12: 235720.15 | F12: 96032.176 | G12: 139687.98
A13: WSWT2025800 | B13: 155640 | C13: 15818.25 | D13: 145640 | E13: 15719.306 | F13: 15719.306 | G13: 0
A14: WSWT2025800SM | B14: 72918 | C14: 32804.1 | D14: 72242 | E14: 32733.806 | F14: 32733.806 | G14: 0
A15: WSWT2121670SM | B15: 165000 | C15: 157500 | D15: 165000 | E15: 161353.5 | F15: 67292.5 | G15: 94061
A16: WSWT2221940 | B16: 239700 | C16: 0 | D16: 60700 | E16: 0 | F16: 0 | G16: 0
A17: WSWT2321112512551 | B17: 108000 | C17: 48384 | D17: 100080 | E17: 49567.795 | F17: 7500 | G17: 42067.795
A18: WSWT2325650 | B18: 5000 | C18: 5250 | D18: 5000 | E18: 5518.15 | F18: 5518.15 | G18: 0
A19: WSWT262575051 | B19: 5000 | C19: 0 | D19: 0 | E19: 0 | F19: 0 | G19: 0
A20: WSWT2625850SM | B20: 40000 | C20: 10500 | D20: 40000 | E20: 49733.2 | F20: 49733.2 | G20: 0
A21: WSWT2825850 | B21: 50000 | C21: 0 | D21: 41661 | E21: 0 | F21: 0 | G21: 0
A22: ผลรวมทั้งหมด | B22: 2391258 | C22: 664231.05 | D22: 1219323 | E22: 690009.82 | F22: 317445.31 | G22: 372564.51
A37: ยอดส่ง 1/1/68 - 17/1/68 | B37: 1287052
A38: Order+ส่ง | B38: =++B22+B37 -> 3678310
A39: ประมาณการ | I39: 0
A41: Order+ส่ง+ประมาณการ | B41: =+B22+B37+B39+B29 -> 3678310 | C41: =+C22+C37+C39+C29 -> 664231.05 | D41: =+D22+D37+D39+D29 -> 1219323 | E41: =+E22+E37+E39+E29 -> 690009.82 | F41: =+F22+F37+F39+F29 -> 317445.31 | G41: =+G22+G37+G39+G29 -> 372564.51
B43: 3000000 | I43: 9
B45: =+B41-B43 -> 678310
D46: =+D22/I43 -> 135480.33
C47: =+C41/I43 -> 73803.45 | D47: =+D41/I43 -> 135480.33 | G47: =+G41/I43 -> 41396.057

Sheet 6(Order) แยกลูกค้า
A1: เลขที่ SO | B1: (หลายรายการ)
A2: วันส่ง | B2: (หลายรายการ)
A4: ประเภท | B4: ชื่อลูกค้า | C4: ผลรวม ของ จำนวนส่ง | D4: ผลรวม ของ ค้างพิมพ์ | E4: ผลรวม ของ ค้างตัด | F4: ผลรวม ของ Stock | G4: ผลรวม ของ ค้างทอ | I4: vn
A5: WSWT1621720SMFX | B5: โรงสีลิ้มย่งฮวด | C5: 5000 | D5: 0 | E5: 5000 | F5: 0 | G5: 0 | H5: =G5 -> 0
A6: WSWT1621720SMFX ผลรวม | C6: 5000 | D6: 0 | E6: 5000 | F6: 0 | G6: 0 | H6: =G6 -> 0
A7: WSWT1825800SM | B7: บจก.ซิเบลโก้(บางเลน) | C7: 15000 | D7: 15750 | E7: 15000 | F7: 13201.65 | G7: 0 | H7: =G7 -> 0
A8: WSWT1825800SM ผลรวม | C8: 15000 | D8: 15750 | E8: 15000 | F8: 13201.65 | G8: 0
A9: WSWT1921720 | B9: บจก.เคอรี่ฟลาวมิลล์ | C9: 165000 | D9: 89250 | E9: 139778 | F9: 8801.1 | G9: 94046.04 | H9: =G9 -> 94046.04
A10: WSWT1921720 ผลรวม | C10: 165000 | D10: 89250 | E10: 139778 | F10: 8801.1 | G10: 94046.04 | H10: =G10 -> 94046.04
A11: WSWT1925800 | B11: บจก.ซีแมนอินดัสตรี | C11: 30000 | D11: 31500 | E11: 30000 | F11: 17584 | G11: 7142.9
A12: WSWT1925800 ผลรวม | C12: 30000 | D12: 31500 | E12: 30000 | F12: 17584 | G12: 7142.9 | H12: =G12 -> 7142.9
A13: WSWT1925800SM | B13: บจก.ไมโครอินโนเวท | C13: 20000 | D13: 0 | E13: 20000 | F13: 0 | G13: 0 | H13: =G13 -> 0
A14: WSWT1925800SM ผลรวม | C14: 20000 | D14: 0 | E14: 20000 | F14: 0 | G14: 0 | H14: =G14 -> 0
A15: WSWT2021850UV | B15: กองระบบท่อระบายน้ำสำนักการระบายน้ำ | C15: 1345000 | D15: 458403.75 | E15: 505000 | F15: 144227.54 | G15: 273248.55
A16: WSWT2021850UV ผลรวม | C16: 1345000 | D16: 458403.75 | E16: 505000 | F16: 144227.54 | G16: 273248.55 | H16: =G16 -> 273248.55
A17: WSWT2025650 | B17: บจก.เอเชียเหมืองแร่ | C17: 20000 | D17: 0 | E17: 20000 | F17: 0 | G17: 0
A18: WSWT2025650 ผลรวม | C18: 20000 | D18: 0 | E18: 20000 | F18: 0 | G18: 0 | H18: =G18 -> 0
A19: WSWT2025800 | B19: บจก.เคอรี่ฟลาวมิลล์ | C19: 5000 | D19: 5250 | E19: 5000 | F19: 4679.95 | G19: 0 | H19: =G19 -> 0
B20: บจก.เบทาโกร | C20: 100000 | D20: 0 | E20: 90000 | F20: 0 | G20: 0 | H20: =G20 -> 0
B21: บจก.อินเทคค์ โกลบอล | C21: 110640 | D21: 116172 | E21: 110640 | F21: 112177 | G21: 3746.06 | H21: =G21 -> 3746.06
B22: Lao-Thai German Starch Co.,Ltd | C22: 25000 | D22: 0 | E22: 25000 | F22: 0 | G22: 0
A23: WSWT2025800 ผลรวม | C23: 240640 | D23: 121422 | E23: 230640 | F23: 116856.95 | G23: 3746.06 | H23: =G23 -> 3746.06
A24: WSWT2025800SM | B24: บจก.อินเทคค์ โกลบอล | C24: 39131 | D24: 32804.1 | E24: 37615 | F24: 32733.806 | G24: 0
B25: บจก.เอพีเอ็ม อะโกร | C25: 6000 | D25: 6300 | E25: 6000 | F25: 6621.78 | G25: 0 | H25: =G25 -> 0
B26: บจก.เอ.เจ.ฟาร์ม่าแล็บ | C26: 16000 | D26: 0 | E26: 160 | F26: 0 | G26: 0
B27: บจก.มารีน หรีดเดอร์ | C27: 10000 | D27: 0 | E27: 0 | F27: 0 | G27: 0 | H27: =G27 -> 0
B28: บจก.วีซีเอฟ | C28: 55000 | D28: 8792.7 | E28: 55000 | F28: 9189.297 | G28: 0 | H28: =G28 -> 0
A29: WSWT2025800SM ผลรวม | C29: 126131 | D29: 47896.8 | E29: 98775 | F29: 48544.882 | G29: 0 | H29: =G29 -> 0
A30: WSWT2121670SM | B30: บจก.ที.ซี.ยูเนี่ยน อโกรเทค | C30: 8000 | D30: 8400 | E30: 8000 | F30: 0 | G30: 8605.52
B31: บจก.เอพีเอ็ม อะโกร | C31: 11000 | D31: 0 | E31: 11000 | F31: 0 | G31: 0 | H31: =G31 -> 0
B32: บจก.เอสพีเอ็ม อาหารสัตว์ | C32: 5000 | D32: 0 | E32: 232 | F32: 0 | G32: 0 | H32: =G32 -> 0
B33: บจก.หนองบัวฟีดมิลล์ | C33: 10000 | D33: 10500 | E33: 10000 | F33: 10756.9 | G33: 0 | H33: =G33 -> 0
B34: คุณนพวินทร์ รัตนเศรษฐ์เมธา | C34: 5000 | D34: 0 | E34: 288 | F34: 0 | G34: 0 | H34: =G34 -> 0
B35: บจก.บลูฟาโล่ | C35: 13000 | D35: 0 | E35: 13000 | F35: 0 | G35: 0 | H35: =G35 -> 0
A36: WSWT2121670SM ผลรวม | C36: 52000 | D36: 18900 | E36: 42520 | F36: 10756.9 | G36: 8605.52 | H36: =G36 -> 8605.52
A37: WSWT2221940 | B37: กรมการข้าว | C37: 239700 | D37: 60679.5 | E37: 142800 | F37: 51990 | G37: 8196.1757 | H37: =G37 -> 8196.1757
A38: WSWT2221940 ผลรวม | C38: 239700 | D38: 60679.5 | E38: 142800 | F38: 51990 | G38: 8196.1757 | H38: =G38 -> 8196.1757
A39: WSWT2321112512551 | B39: บจก.น้ำตาลทิพย์สุโขทัย | C39: 155393 | D39: 57723.75 | E39: 109793 | F39: 1101.2376 | G39: 58087.26 | H39: =G39 -> 58087.26
A40: WSWT2321112512551 ผลรวม | C40: 155393 | D40: 57723.75 | E40: 109793 | F40: 1101.2376 | G40: 58087.26
A41: WSWT2325650 | B41: บจก.ซิเบลโก้(บางเลน) | C41: 5000 | D41: 5250 | E41: 5000 | F41: 5518.15 | G41: 0 | H41: =G41 -> 0
A42: WSWT2325650 ผลรวม | C42: 5000 | D42: 5250 | E42: 5000 | F42: 5518.15 | G42: 0 | H42: =G42 -> 0
A43: WSWT262575051 | B43: คุณธนนท์ อุทัยไพศาลวงศ์ | C43: 5000 | D43: 0 | E43: 0 | F43: 0 | G43: 0
B44: บจก.อันดามันซูริมิ | C44: 5000 | D44: 0 | E44: 0 | F44: 0 | G44: 0 | H44: =G44 -> 0
A45: WSWT262575051 ผลรวม | C45: 10000 | D45: 0 | E45: 0 | F45: 0 | G45: 0 | H45: =G45 -> 0
A46: WSWT2625850SM | B46: บจก.ที.ซี.ยูเนี่ยน อโกรเทค | C46: 40000 | D46: 10500 | E46: 40000 | F46: 49733.2 | G46: 0 | H46: =G46 -> 0
A47: WSWT2625850SM ผลรวม | C47: 40000 | D47: 10500 | E47: 40000 | F47: 49733.2 | G47: 0 | H47: =G47 -> 0
A48: WSWT2825850 | B48: บจก.ไทยร่วมใจน้ำมันพืช | C48: 50000 | D48: 23803.5 | E48: 41661 | F48: 28265.466 | G48: 0 | H48: =G48 -> 0
A49: WSWT2825850 ผลรวม | C49: 50000 | D49: 23803.5 | E49: 41661 | F49: 28265.466 | G49: 0
A50: ผลรวมทั้งหมด | C50: 2518864 | D50: 941079.3 | E50: 1445967 | F50: 496581.08 | G50: 453072.5 | H50: =G50 -> 453072.5
H51: =G51 -> 0
H52: =G52 -> 0
H54: =G54 -> 0
H56: =G56 -> 0
H58: =G58 -> 0
H59: =G59 -> 0
H60: =G60 -> 0
H61: =G61 -> 0
H63: =G63 -> 0
H65: =G65 -> 0
H67: =G67 -> 0
H68: =G68 -> 0
H70: =SUM(H5:H69) -> 1012133.3
D119: Cap พิมพ์ | E119: Cap ตัด | F119: Stock 16/7 บ่าย | G119: Cap ทอ | I119: วันทงาน
B120: lส่ง | C120: 1-16/7 | D120: 160000 | E120: 160000 | G120: 120000 | I120: 12
C121: 1975256 | D121: =+D120*I120 -> 1920000 | E121: =+E120*I120 -> 1920000 | F121: 825147 | G121: =+G120*I120 -> 1440000
A122: เบทาโกรส่งแล้ว | B122: 20700 | C122: 424374
A123: เบทาโกรส่งแล้ว | B123: 20800 | C123: 155973
C126: รวมส่ง+ค้างส่ง | D126: ส่วนต่างCapคงเหลือ | E126: ส่วนต่างCapคงเหลือ | F126: คงเหลือ
C127: =+C50+C121 -> 4494120 | D127: =+D121-D50 -> 978920.7 | E127: =+E121-E50 -> 474033 | F127: =+F121-F50 -> 328565.92 | G127: =+G121-G50 -> 986927.5
B129: 20700VN 20/7 | G129: 350000

Sheet 6(Fc) แยกลูกค้
A1: เลขที่ SO | B1: ประมาณการ
A2: วันส่ง | B2: (หลายรายการ) | D2: 12
A4: ประเภท | B4: ชื่อลูกค้า | C4: ผลรวม ของ จำนวนส่ง | D4: ผลรวม ของ ค้างพิมพ์ | E4: ผลรวม ของ ค้างตัด | F4: ผลรวม ของ Stock | G4: ผลรวม ของ ใช้ | H4: ผลรวม ของ ค้างทอ
A5: ผลรวมทั้งหมด
H41: 296578.28
H43: =+GETPIVOTDATA("ผลรวม ของ ค้างทอ",$A$4)+H41 -> 296578.28
I119: วันทงาน
I120: 12
C121: 1975256 | D121: =+D120*I120 -> 0 | E121: =+E120*I120 -> 0 | F121: 825147 | G121: =+G120*I120 -> 0
A122: เบทาโกรส่งแล้ว | B122: 20700 | C122: 424374
A123: เบทาโกรส่งแล้ว | B123: 20800 | C123: 155973
C126: รวมส่ง+ค้างส่ง | D126: ส่วนต่างCapคงเหลือ | E126: ส่วนต่างCapคงเหลือ | F126: คงเหลือ
C127: =+C50+C121 -> 1975256 | D127: =+D121-D50 -> 0 | E127: =+E121-E50 -> 0 | F127: =+F121-F50 -> 825147 | G127: =+G121-G50 -> 0
B129: 20700VN 20/7 | G129: 350000

Sheet ค้างทอ11-6-68
A3: ผลรวม ของ ค้างทอ
A4: ป้ายชื่อแถว | B4: 45816 | C4: 45817 | D4: 45819 | E4: 45820 | F4: 45821 | G4: 45822 | H4: 45823 | I4: 45824 | J4: 45826 | K4: 45827 | L4: 45828 | M4: 45829 | N4: 45830 | O4: 45833 | P4: ผลรวมทั้งหมด
A5: WSWT1425800 | B5: 1008.9 | P5: =SUM(B5:O5) -> 1008.9
A6: WSWT1621720SMFX | I6: 0 | P6: =SUM(B6:O6) -> 0
A7: WSWT1825800SM | M7: 2801.1 | P7: =SUM(B7:O7) -> 2801.1
A8: WSWT1921720 | C8: 15206.6 | E8: 13117.83 | G8: 40443.15 | H8: 13760.45 | I8: 13201.65 | P8: =SUM(B8:O8) -> 95729.68
A9: WSWT1925800SM | K9: 19837.4 | P9: =SUM(B9:O9) -> 19837.4
A10: WSWT2021850UV | O10: 457803.58 | P10: =SUM(B10:O10) -> 457803.58
A11: WSWT2025650 | H11: 11061.8 | P11: =SUM(B11:O11) -> 11061.8
A12: WSWT2025800 | F12: 0 | G12: 0 | J12: 0 | K12: 0 | O12: 0 | P12: =SUM(B12:O12) -> 0
A13: WSWT2025800SM | B13: 0 | C13: 0 | J13: 0 | N13: 12942.35 | O13: 0 | P13: =SUM(B13:O13) -> 12942.35
A14: WSWT2121670SM | B14: 41753.69 | C14: 0 | D14: 3310.89 | E14: 10756.9 | I14: 10756.9 | J14: 16554.45 | O14: 8605.52 | P14: =SUM(B14:O14) -> 91738.35
A15: WSWT2125650 | D15: 15012.45 | P15: =SUM(B15:O15) -> 15012.45
A16: WSWT2125800 | C16: 0 | P16: =SUM(B16:O16) -> 0
A17: WSWT2221940 | L17: 85100.279 | P17: =SUM(B17:O17) -> 85100.279
A18: WSWT2321112512551 | J18: 0 | N18: 51959.26 | P18: =SUM(B18:O18) -> 51959.26
A19: WSWT2625650 | B19: 5997.321 | P19: =SUM(B19:O19) -> 5997.321
A20: WSWT262575051 | H20: 0 | P20: =SUM(B20:O20) -> 0
A21: WSWT2625800 | E21: 0 | P21: =SUM(B21:O21) -> 0
A22: WSWT2625850SM | E22: 0 | N22: 0 | P22: =SUM(B22:O22) -> 0
A23: WSWT2825850 | D23: 19315.466 | P23: =SUM(B23:O23) -> 19315.466
A24: ผลรวมทั้งหมด | B24: =SUM(B5:B23) -> 48759.911 | C24: =SUM(C5:C23) -> 15206.6 | D24: =SUM(D5:D23) -> 37638.806 | E24: =SUM(E5:E23) -> 23874.73 | F24: =SUM(F5:F23) -> 0 | G24: =SUM(G5:G23) -> 40443.15 | H24: =SUM(H5:H23) -> 24822.25 | I24: =SUM(I5:I23) -> 23958.55 | ... P24: =SUM(P5:P23) -> 870307.93

Sheet 23-6-68
B2: เรียงกำหนดส่ง | D2: ลบ 0 | T2: เรียง 1
B3: ข้อมูลUpdate ณ. วันที่ | D3: 45831 | E3: เวลา | G3: 11.43
A4: วันรับออร์เดอร์/แบบ | B4: เลขที่ SO | C4: ชื่อลูกค้า | E4: 10.3 | I4: น้ำหนัก | L4: บิด/จับจีบ | M4: ถุงใน | Q4: 44873 | S4: วิธีบรรจุ | T4: วันส่ง | U4: จำนวนส่ง | V4: ตัดเย็บ (ใบ) | W4: 44873 | X4: พิมพ์ (ใบ) | Y4: 44876 | Z4: ผ้าทอ (เมตร) Updateณ | AB4: 44876 | AD4: ผ้าเคลือบ(เมตร) | AF4: หมายเหตุ | AG4: เครื่อง
B5: เลขที่ SO | C5: ชื่อลูกค้า | D5: ตรา | E5: กว้าง | F5: ยาว | G5: สี | H5: เคลือบ | I5: กรัม/ใบ | J5: * | K5: aw | L5: บิด/จับจีบ | M5: กว้าง | N5: ยาว | O5: หนา | P5: ใช้(กก.) | Q5: Stock(กก.) | R5: ผลิต(กก.) | S5: วิธีบรรจุ | T5: วันส่ง | U5: จำนวนส่ง | V5: StockFG | W5: ค้างตัด | X5: พิมพ์แล้ว | Y5: ค้างพิมพ์ | Z5: ประเภท | AA5: ใช้ | AB5: Stock | AC5: ค้างทอ | AD5: Stock | AE5: ค้างเคลือบ | AF5: หมายเหตุ | AG5: ที่พิมพ์ได้ | AH5: process | AI5: Lead time | AJ5: วันที่ส่งPL | AK5: เคลือบ | AL5: ได้ ART | AM5: พิมพ์ | AN5: จีบ-บิด | AO5: ตัด-เย็บ | AP5: ทอ | AQ5: สวมถุง | AR5: เย็บปาก | AS5: PT | AT5: ม้วน | AU5: ตัด | AV5: ตอกตาไก่ | AW5: GROUP | AX5: ART | AY5: หมายเหตุปัญหา | AZ5: ราคา/ใบ | BA5: ราคารวม | BB5: workweek | BC5: เส้นเทป | BD5: จำนวน
A6: ประมาณการ | B6: ประมาณการ | C6: บจก.ซัน ซีเมนต์ โพรเซส | D6: พระอาทิตย์(ปูนนอน-ชริงค์) | E6: 16 | F6: 25 | G6: ขาว | H6: ใส | I6: 50 | J6: ± | K6: 5 | L6: บิด | M6: 19 | N6: 28 | O6: 40 | P6: 65.624643 | Q6: 0 | R6: 65.624643 | S6: 500กระสอบ | T6: 45868 | U6: 5000 | V6: 0 | W6: 5000 | X6: 0 | Y6: 5250 | Z6: WSWT1625800SM | AA6: 3702.05 | AB6: 3372 | AC6: 330.05 | AD6: 0 | AE6: 3702.05 | AF6: 0 | AG6: พร้อมส่ง | AH6: P8 | AI6: 4 | AJ6: 45868 | AK6: 45864 | AL6: 45858 | AM6: 45865 | AN6: 45866 | AO6: 45866 | AP6: 45863 | AQ6: 45867 | AR6: 0 | AS6: 0 | AT6: 0 | AU6: 0 | AV6: 0 | AW6: งานเคลือบ+พิมพ์ | AX6: รอART | AY6: 0 | AZ6: 0 | BA6: 0 | BB6: 0 | BC6: WRWT25800/WRWT25800 | BD6: 18.776178
A7: 0 | B7: 0 | C7: 0 | E7: 16 | F7: 25 | G7: ขาว | H7: 0 | I7: 45 | J7: ± | K7: 5 | L7: 0 | M7: 0 | N7: 0 | O7: 0 | P7: 0 | Q7: 0 | R7: 0 | S7: 0 | U7: 0 | V7: 0 | W7: 0 | X7: 0 | Y7: 0 | Z7: WSWT1625800SM | AA7: 3702.05 | AB7: 3372 | AC7: 330.05 | AD7: 0 | AE7: 3702.05 | AF7: ระบุในSD | AG7: พร้อมส่ง | AH7: 0 | AI7: Lead time | AJ7: 0 | AK7: 0 | AL7: 0 | AM7: 0 | AN7: 0 | AO7: 0 | AP7: 0 | AQ7: 0 | AR7: 0 | AS7: 0 | AT7: 0 | AU7: 0 | AV7: 0 | AW7: 0 | AX7: 0 | AY7: 0 | AZ7: 0 | BA7: 0 | BB7: 0 | BC7: WRWT160800/WRWT25800 | BD7: 0
A8: 45827 | B8: MK68-000809 | C8: บจก.เคอรี่ฟลาวมิลล์ | D8: โบว์แดง 10กก | E8: 16 | F8: 25 | G8: ขาว | H8: 0 | I8: 45 | J8: ± | K8: 5 | L8: ไม่ | M8: ไม่สวมถุงใน | N8: 0 | O8: 0 | P8: 0 | Q8: 0 | R8: 0 | S8: ห่ออัดเบลแบน500 | T8: 45836 | U8: 5000 | V8: 0 | W8: 5000 | X8: 0 | Y8: 5250 | Z8: WSWT1625800 | AA8: 3702.05 | AB8: 3702.05 | AC8: 0 | AD8: 0 | AE8: 0 | AF8: 0 | AG8: พร้อมส่ง | AH8: P7 | AI8: 2 | AJ8: 45836 | AK8: 0 | AL8: 45827 | AM8: 45834 | AN8: 45835 | AO8: 45835 | AP8: 45831 | AQ8: 0 | AR8: 0 | AS8: 0 | AT8: 0 | AU8: 0 | AV8: 0 | AW8: งานพิมพ์ | AX8: 0 | AY8: 0 | AZ8: 0 | BA8: 0 | BB8: 0 | BC8: WRWT25800/WRWT25800 | BD8: 0
A9: 0 | B9: 0 | C9: 0 | D9: 0 | E9: 16 | F9: 25 | G9: ขาว | H9: 0 | I9: 45 | J9: ± | K9: 5 | L9: 0 | M9: 0 | N9: 0 | O9: 0 | P9: 0 | Q9: 0 | R9: 0 | S9: 0 | U9: 0 | V9: 0 | W9: 0 | X9: 0 | Y9: 0 | Z9: WSWT1625800 | AA9: 3702.05 | AB9: 3702.05 | AC9: 0 | AD9: 0 | AE9: 0 | AF9: ระบุในSD | AG9: ยังไม่ได้พิมพ์ | AH9: 0 | AI9: Lead time | AJ9: 0 | AK9: 0 | AL9: 0 | AM9: 0 | AN9: 0 | AO9: 0 | AP9: 0 | AQ9: 0 | AR9: 0 | AS9: 0 | AT9: 0 | AU9: 0 | AV9: 0 | AW9: 0 | AX9: 0 | AY9: 0 | AZ9: 0 | BA9: 0 | BB9: 0 | BC9: WRWT160800/WRWT25800 | BD9: 0
A10: ประมาณการ | B10: ประมาณการ | C10: บจก.ฟาร์เธอร์ส วิง ซัพพลาย | D10: รถไฟ | E10: 18 | F10: 30 | G10: ขาว | H10: 0 | I10: 54 | J10: ± | K10: 5 | L10: บิด | M10: 19 | N10: 33 | O10: 40 | P10: 232.02999 | Q10: 0 | R10: 232.02999 | S10: 500กระสอบ | T10: 45868 | U10: 15000 | V10: 0 | W10: 15000 | X10: 0 | Y10: 15750 | Z10: WSWT1825800 | AA10: 13201.65 | AB10: 6301 | AC10: 6900.65 | AD10: 0 | AE10: 0 | AF10: 0 | AG10: ยังไม่ได้พิมพ์ | AH10: P9 | AI10: 3 | AJ10: 45868 | AK10: 0 | AL10: 45858 | AM10: 45865 | AN10: 45866 | AO10: 45866 | AP10: 45863 | AQ10: 45867 | AR10: 0 | AS10: 0 | AT10: 0 | AU10: 0 | AV10: 0 | AW10: งานพิมพ์ | AX10: รอART | AY10: 0 | AZ10: 0 | BA10: 0 | BB10: 0 | BC10: WRWT25800/WRWT25800 | BD10: 474.76472
A11: 0 | B11: 0 | E11: 18 | F11: 30 | G11: ขาว | H11: 0 | I11: 54 | J11: ± | K11: 5 | L11: 0 | M11: 0 | N11: 0 | O11: 0 | P11: 0 | Q11: 0 | R11: 0 | S11: 0 | U11: 0 | V11: 0 | W11: 0 | X11: 0 | Y11: 0 | Z11: WSWT1825800 | AA11: 13201.65 | AB11: 6301 | AC11: 6900.65 | AD11: 0 | AE11: 0 | AF11: ระบุในSD | AG11: พร้อมส่ง | AH11: 0 | AI11: Lead time | AJ11: 0 | AK11: 0 | AL11: 0 | AM11: 0 | AN11: 0 | AO11: 0 | AP11: 0 | AQ11: 0 | AR11: 0 | AS11: 0 | AT11: 0 | AU11: 0 | AV11: 0 | AW11: 0 | AX11: 0 | AY11: 0 | AZ11: 0 | BA11: 0 | BB11: 0 | BC11: WRWT25800/WRWT25800 | BD11: 0
A12: 45797 | B12: MK68-000687 | C12: บจก.ซิเบลโก้(บางเลน) | D12: PORTARYTE | E12: 18 | F12: 30 | G12: ขาว | H12: ใส | I12: 74 | J12: ± | K12: 5 | L12: ไม่ | M12: ไม่สวมถุงใน | N12: 0 | O12: 0 | P12: 0 | Q12: 0 | R12: 0 | S12: 500กระสอบ | T12: 45834 | U12: 10000 | V12: 0 | W12: 10000 | X12: 0 | Y12: 10500 | Z12: WSWT1825800SM | AA12: 8801.1 | AB12: 8801.1 | AC12: 0 | AD12: 0 | AE12: 8801.1 | AF12: ห้ามเกิน-ขาดได้5% | AG12: ยังไม่ได้พิมพ์ | AH12: P6 | AI12: 4 | AJ12: 45834 | AK12: 45830 | AL12: 45823 | AM12: 45831 | AN12: 45832 | AO12: 45833 | AP12: 45829 | AQ12: 0 | AR12: 0 | AS12: 0 | AT12: 0 | AU12: 0 | AV12: 0 | AW12: งานเคลือบ+พิมพ์ | AX12: / | AY12: 0 | AZ12: 0 | BA12: 0 | BB12: 0 | BC12: WRWT25800/WRWT25800 | BD12: 0
A13: 45824 | B13: MK68-000794 | C13: บจก.ซิเบลโก้(บางเลน) | D13: FELDSPAR K200BL | E13: 18 | F13: 30 | G13: ขาว | H13: ใส | I13: 74 | J13: ± | K13: 5 | L13: ไม่ | M13: ไม่สวมถุงใน | N13: 0 | O13: 0 | P13: 0 | Q13: 0 | R13: 0 | S13: 500กระสอบ | T13: 45834 | U13: 5000 | V13: 0 | W13: 5000 | X13: 0 | Y13: 5250 | Z13: WSWT1825800SM | AA13: 4400.55 | AB13: 4400.55 | AC13: 0 | AD13: 0 | AE13: 4400.55 | AF13: ห้ามเกิน-ขาดได้5% | AG13: ยังไม่ได้พิมพ์ | AH13: P6 | AI13: 4 | AJ13: 45834 | AK13: 45830 | AL13: 45823 | AM13: 45831 | AN13: 45832 | AO13: 45833 | AP13: 45829 | AQ13: 0 | AR13: 0 | AS13: 0 | AT13: 0 | AU13: 0 | AV13: 0 | AW13: งานเคลือบ+พิมพ์ | AX13: / | AY13: 0 | AZ13: 0 | BA13: 0 | BB13: 0 | BC13: WRWT25800/WRWT25800 | BD13: 0
A14: 0 | B14: 0 | C14: 0 | E14: 18 | F14: 25 | G14: ขาว | H14: 0 | I14: 50 | J14: ± | K14: 5 | L14: 0 | M14: 0 | N14: 0 | O14: 0 | P14: 0 | Q14: 0 | R14: 0 | S14: 0 | U14: 0 | V14: 0 | W14: 0 | X14: 0 | Y14: 0 | Z14: WSWT1825800SM | AA14: 13201.65 | AB14: 13201.65 | AC14: 0 | AD14: 0 | AE14: 13201.65 | AF14: ระบุในSD | AG14: ยังไม่ได้พิมพ์ | AH14: 0 | AI14: Lead time | AJ14: 0 | AK14: 0 | AL14: 0 | AM14: 0 | AN14: 0 | AO14: 0 | AP14: 0 | AQ14: 0 | AR14: 0 | AS14: 0 | AT14: 0 | AU14: 0 | AV14: 0 | AW14: 0 | AX14: 0 | AY14: 0 | AZ14: 0 | BA14: 0 | BB14: 0 | BC14: WRWT180800/WRWT25800 | BD14: 0
A15: 45820 | B15: MK68-000785 | C15: บจก.ซีแมนอินดัสตรี | D15: W30 | E15: 19 | F15: 28 | G15: ขาว | H15: 0 | I15: 56 | J15: ± | K15: 5 | L15: ไม่ | M15: 20 | N15: 30 | O15: 90 | P15: 999.1722 | Q15: 0 | R15: 999.1722 | S15: มัด100 | T15: 45835 | U15: 30000 | V15: 0 | W15: 30000 | X15: 0 | Y15: 31500 | Z15: WSWT1925800 | AA15: 24726.9 | AB15: 23308 | AC15: 1418.9 | AD15: 0 | AE15: 0 | AF15: 0 | AG15: ยังไม่ได้พิมพ์ | AH15: P9 | AI15: 3 | AJ15: 45835 | AK15: 0 | AL15: 45825 | AM15: 45832 | AN15: 45833 | AO15: 45833 | AP15: 45830 | AQ15: 45834 | AR15: 0 | AS15: 0 | AT15: 0 | AU15: 0 | AV15: 0 | AW15: งานพิมพ์ | AX15: / | AY15: 0 | AZ15: 0 | BA15: 0 | BB15: 0 | BC15: WRWT25800/WRWT25800 | BD15: 103.04367
A16: 45827 | B16: ใบรับคำสั่งซื้อ | C16: บจก.เพรซิเดนท์ฟลาวมิลล์ | D16: ผึ้งเหลือง | E16: 19 | F16: 30 | G16: ขาว | H16: 0 | I16: 60 | J16: ± | K16: 5 | L16: บิด | M16: ไม่สวมถุงใน | N16: 0 | O16: 0 | P16: 0 | Q16: 0 | R16: 0 | S16: 500กระสอบแบน | T16: 45841 | U16: 50000 | V16: 0 | W16: 50000 | X16: 0 | Y16: 52500 | Z16: WSWT1925800 | AA16: 44005.5 | AB16: 0 | AC16: 44005.5 | AD16: 0 | AE16: 0 | AF16: 0 | AG16: ยังไม่ได้พิมพ์ | AH16: P7 | AI16: 2 | AJ16: 45841 | AK16: 0 | AL16: 45832 | AM16: 45839 | AN16: 45840 | AO16: 45840 | AP16: 45836 | AQ16: 0 | AR16: 0 | AS16: 0 | AT16: 0 | AU16: 0 | AV16: 0 | AW16: งานพิมพ์ | AX16: รอART | AY16: เย็น2/7 | AZ16: 0 | BA16: 0 | BB16: 0 | BC16: WRWT25800/WRWT25800 | BD16: 3195.7772
A17: 45827 | B17: ใบรับคำสั่งซื้อ | C17: บจก.เพรซิเดนท์ฟลาวมิลล์ | D17: ผึ้งชมพู | E17: 19 | F17: 30 | G17: ขาว | H17: 0 | I17: 60 | J17: ± | K17: 5 | L17: บิด | M17: ไม่สวมถุงใน | N17: 0 | O17: 0 | P17: 0 | Q17: 0 | R17: 0 | S17: 500กระสอบแบน | T17: 45841 | U17: 20000 | V17: 0 | W17: 20000 | X17: 0 | Y17: 21000 | Z17: WSWT1925800 | AA17: 17602.2 | AB17: 0 | AC17: 17602.2 | AD17: 0 | AE17: 0 | AF17: 0 | AG17: รอแบบ | AH17: P7 | AI17: 2 | AJ17: 45841 | AK17: 0 | AL17: 45832 | AM17: 45839 | AN17: 45840 | AO17: 45840 | AP17: 45836 | AQ17: 0 | AR17: 0 | AS17: 0 | AT17: 0 | AU17: 0 | AV17: 0 | AW17: งานพิมพ์ | AX17: รอART | AY17: เย็น2/7 | AZ17: 0 | BA17: 0 | BB17: 0 | BC17: WRWT25800/WRWT25800 | BD17: 1278.3109
A18: 45827 | B18: ใบรับคำสั่งซื้อ | C18: บจก.เพรซิเดนท์ฟลาวมิลล์ | D18: ผึ้งเหลือง | E18: 19 | F18: 30 | G18: ขาว | H18: 0 | I18: 60 | J18: ± | K18: 5 | L18: บิด | M18: ไม่สวมถุงใน | N18: 0 | O18: 0 | P18: 0 | Q18: 0 | R18: 0 | S18: 500กระสอบแบน | T18: 45847 | U18: 50000 | V18: 0 | W18: 50000 | X18: 0 | Y18: 52500 | Z18: WSWT1925800 | AA18: 44005.5 | AB18: 0 | AC18: 44005.5 | AD18: 0 | AE18: 0 | AF18: 0 | AG18: ยังไม่ได้พิมพ์ | AH18: P7 | AI18: 2 | AJ18: 45847 | AK18: 0 | AL18: 45838 | AM18: 45845 | AN18: 45846 | AO18: 45846 | AP18: 45842 | AQ18: 0 | AR18: 0 | AS18: 0 | AT18: 0 | AU18: 0 | AV18: 0 | AW18: งานพิมพ์ | AX18: รอART | AY18: เย็น8/7 | AZ18: 0 | BA18: 0 | BB18: 0 | BC18: WRWT25800/WRWT25800 | BD18: 3195.7772
A19: 45827 | B19: ใบรับคำสั่งซื้อ | C19: บจก.เพรซิเดนท์ฟลาวมิลล์ | D19: ผึ้งชมพู | E19: 19 | F19: 30 | G19: ขาว | H19: 0 | I19: 60 | J19: ± | K19: 5 | L19: บิด | M19: ไม่สวมถุงใน | N19: 0 | O19: 0 | P19: 0 | Q19: 0 | R19: 0 | S19: 500กระสอบแบน | T19: 45855 | U19: 20000 | V19: 0 | W19: 20000 | X19: 0 | Y19: 21000 | Z19: WSWT1925800 | AA19: 17602.2 | AB19: 0 | AC19: 17602.2 | AD19: 0 | AE19: 0 | AF19: 0 | AG19: พร้อมส่ง | AH19: P7 | AI19: 2 | AJ19: 45855 | AK19: 0 | AL19: 45846 | AM19: 45853 | AN19: 45854 | AO19: 45854 | AP19: 45850 | AQ19: 0 | AR19: 0 | AS19: 0 | AT19: 0 | AU19: 0 | AV19: 0 | AW19: งานพิมพ์ | AX19: รอART | AY19: เย็น16/7 | AZ19: 0 | BA19: 0 | BB19: 0 | BC19: WRWT25800/WRWT25800 | BD19: 1278.3109
A20: ประมาณการ | B20: ประมาณการ | C20: บจก.เอ็กเซลเล้นท์ | D20: รอแบบ | E20: 19 | F20: 30 | G20: ขาว | H20: 0 | I20: 60 | J20: ± | K20: 5 | L20: บิด | M20: ไม่สวมถุงใน | N20: 0 | O20: 0 | P20: 0 | Q20: 0 | R20: 0 | S20: 500กระสอบ | T20: 45868 | U20: 30000 | V20: 0 | W20: 30000 | X20: 0 | Y20: 31500 | Z20: WSWT1925800 | AA20: 26403.3 | AB20: 0 | AC20: 26403.3 | AD20: 0 | AE20: 0 | AF20: 0 | AG20: รอตัด | AH20: P7 | AI20: 2 | AJ20: 45868 | AK20: 0 | AL20: 45859 | AM20: 45866 | AN20: 45867 | AO20: 45867 | AP20: 45863 | AQ20: 0 | AR20: 0 | AS20: 0 | AT20: 0 | AU20: 0 | AV20: 0 | AW20: งานพิมพ์ | AX20: รอART | AY20: 0 | AZ20: 0 | BA20: 0 | BB20: 0 | BC20: WRWT25800/WRWT25800 | BD20: 1917.4663
A21: ประมาณการ | B21: ประมาณการ | C21: บจก.ไลม์มาสเตอร์ | D21: LMC 25 kg | E21: 19 | F21: 32 | G21: ขาว | H21: 0 | I21: 64 | J21: ± | K21: 5 | L21: ไม่ | M21: 20 | N21: 35 | O21: 40 | P21: 345.39286 | Q21: 0 | R21: 345.39286 | S21: 500กระสอบแบน | T21: 45868 | U21: 20000 | V21: 0 | W21: 20000 | X21: 0 | Y21: 21000 | Z21: WSWT1925800 | AA21: 18719.8 | AB21: 0 | AC21: 18719.8 | AD21: 0 | AE21: 0 | AF21: 0 | AG21: ยังไม่ได้พิมพ์ | AH21: P9 | AI21: 3 | AJ21: 45868 | AK21: 0 | AL21: 45858 | AM21: 45865 | AN21: 45866 | AO21: 45866 | AP21: 45863 | AQ21: 45867 | AR21: 0 | AS21: 0 | AT21: 0 | AU21: 0 | AV21: 0 | AW21: งานพิมพ์ | AX21: รอART | AY21: 0 | AZ21: 0 | BA21: 0 | BB21: 0 | BC21: WRWT25800/WRWT25800 | BD21: 1359.4735
A22: 0 | B22: 0 | C22: 0 | D22: 0 | E22: 19 | F22: 30 | G22: ขาว | H22: 0 | I22: 60 | J22: ± | K22: 5 | L22: 0 | M22: 0 | N22: 0 | O22: 0 | P22: 0 | Q22: 0 | R22: 0 | S22: 0 | U22: 0 | V22: 0 | W22: 0 | X22: 0 | Y22: 0 | Z22: WSWT1925800 | AA22: 193065.4 | AB22: 23308 | AC22: 169757.4 | AD22: 0 | AE22: 0 | AF22: ระบุในSD | AG22: รอตัด | AH22: 0 | AI22: Lead time | AJ22: 0 | AK22: 0 | AL22: 0 | AM22: 0 | AN22: 0 | AO22: 0 | AP22: 0 | AQ22: 0 | AR22: 0 | AS22: 0 | AT22: 0 | AU22: 0 | AV22: 0 | AW22: 0 | AX22: 0 | AY22: 0 | AZ22: 0 | BA22: 0 | BB22: 0 | BC22: WRWT25800/WRWT25800 | BD22: 0
A23: 45820 | B23: MK68-000778 | C23: บจก.เคอรี่ฟลาวมิลล์ | D23: ปลาโลมาแดง | E23: 19 | F23: 30 | G23: ขาว | H23: 0 | I23: 63 | J23: + | K23: 5 | L23: บิด | M23: ไม่สวมถุงใน | N23: 0 | O23: 0 | P23: 0 | Q23: 0 | R23: 0 | S23: ห่ออัดเบลแบน500 | T23: 45832 | U23: 5000 | V23: 0 | W23: 5000 | X23: 5200 | Y23: 0 | Z23: WSWT1921720 | AA23: 0 | AB23: 0 | AC23: 0 | AD23: 0 | AE23: 0 | AF23: PDR250188 | AG23: รอตัด | AH23: P7 | AI23: 2 | AJ23: #REF! | AK23: 0 | AL23: #REF! | AM23: #REF! | AN23: #REF! | AO23: #REF! | AP23: #REF! | AQ23: 0 | AR23: 0 | AS23: 0 | AT23: 0 | AU23: 0 | AV23: 0 | AW23: งานพิมพ์ | AX23: 0 | AY23: 0 | AZ23: 0 | BA23: 0 | BB23: 0 | BC23: WRWT21720/WRWT25800 | BD23: 0
A24: 45820 | B24: MK68-000814 | C24: บจก.เคอรี่ฟลาวมิลล์ | D24: FW-Y | E24: 19 | F24: 32 | G24: ขาว | H24: 0 | I24: 67 | J24: + | K24: 5 | L24: ไม่ | M24: ไม่สวมถุงใน | N24: 0 | O24: 0 | P24: 0 | Q24: 0 | R24: 0 | S24: ห่ออัดเบลแบน500 | T24: 45832 | U24: 5000 | V24: 0 | W24: 5000 | X24: 0 | Y24: 5250 | Z24: WSWT1921720 | AA24: 4679.95 | AB24: 1203 | AC24: 3476.95 | AD24: 0 | AE24: 0 | AF24: PDR250188 | AG24: รอตัด | AH24: P7 | AI24: 2 | AJ24: 45832 | AK24: 0 | AL24: 45823 | AM24: 45830 | AN24: 45831 | AO24: 45831 | AP24: 45827 | AQ24: 0 | AR24: 0 | AS24: 0 | AT24: 0 | AU24: 0 | AV24: 0 | AW24: งานพิมพ์ | AX24: 0 | AY24: 0 | AZ24: 0 | BA24: 0 | BB24: 0 | BC24: WRWT21720/WRWT25800 | BD24: 261.89933
A25: 45820 | B25: MK68-000778 | C25: บจก.เคอรี่ฟลาวมิลล์ | D25: กุ้งแดง | E25: 19 | F25: 30 | G25: ขาว | H25: 0 | I25: 63 | J25: + | K25: 5 | L25: บิด | M25: ไม่สวมถุงใน | N25: 0 | O25: 0 | P25: 0 | Q25: 0 | R25: 0 | S25: ห่ออัดเบลแบน500 | T25: 45832 | U25: 10000 | V25: 0 | W25: 10000 | X25: 10840 | Y25: 0 | Z25: WSWT1921720 | AA25: 0 | AB25: 0 | AC25: 0 | AD25: 0 | AE25: 0 | AF25: PDR250188 | AG25: รอตัด | AH25: P7 | AI25: 2 | AJ25: 45832 | AK25: 0 | AL25: 45823 | AM25: 45830 | AN25: 45831 | AO25: 45831 | AP25: 45827 | AQ25: 0 | AR25: 0 | AS25: 0 | AT25: 0 | AU25: 0 | AV25: 0 | AW25: งานพิมพ์ | AX25: 0 | AY25: 0 | AZ25: 0 | BA25: 0 | BB25: 0 | BC25: WRWT21720/WRWT25800 | BD25: 0
A26: 45820 | B26: MK68-000780 | C26: บจก.เคอรี่ฟลาวมิลล์ | D26: ปลาโลมาแดง | E26: 19 | F26: 30 | G26: ขาว | H26: 0 | I26: 63 | J26: + | K26: 5 | L26: บิด | M26: ไม่สวมถุงใน | N26: 0 | O26: 0 | P26: 0 | Q26: 0 | R26: 0 | S26: ห่ออัดเบลแบน500 | T26: 45832 | U26: 5000 | V26: 0 | W26: 5000 | X26: 5200 | Y26: 0 | Z26: WSWT1921720 | AA26: 0 | AB26: 0 | AC26: 0 | AD26: 0 | AE26: 0 | AF26: PDR250189 | AG26: รอตัด | AH26: P7 | AI26: 2 | AJ26: #REF! | AK26: 0 | AL26: #REF! | AM26: #REF! | AN26: #REF! | AO26: #REF! | AP26: #REF! | AQ26: 0 | AR26: 0 | AS26: 0 | AT26: 0 | AU26: 0 | AV26: 0 | AW26: งานพิมพ์ | AX26: 0 | AY26: 0 | AZ26: 0 | BA26: 0 | BB26: 0 | BC26: WRWT21720/WRWT25800 | BD26: 0
A27: 45820 | B27: MK68-000780 | C27: บจก.เคอรี่ฟลาวมิลล์ | D27: กุ้งแดง | E27: 19 | F27: 30 | G27: ขาว | H27: 0 | I27: 63 | J27: + | K27: 5 | L27: บิด | M27: ไม่สวมถุงใน | N27: 0 | O27: 0 | P27: 0 | Q27: 0 | R27: 0 | S27: ห่ออัดเบลแบน500 | T27: 45832 | U27: 10000 | V27: 0 | W27: 10000 | X27: 10060 | Y27: 0 | Z27: WSWT1921720 | AA27: 0 | AB27: 0 | AC27: 0 | AD27: 0 | AE27: 0 | AF27: PDR250189 | AG27: ยังไม่ได้พิมพ์ | AH27: P7 | AI27: 2 | AJ27: #REF! | AK27: 0 | AL27: #REF! | AM27: #REF! | AN27: #REF! | AO27: #REF! | AP27: #REF! | AQ27: 0 | AR27: 0 | AS27: 0 | AT27: 0 | AU27: 0 | AV27: 0 | AW27: งานพิมพ์ | AX27: 0 | AY27: 0 | AZ27: 0 | BA27: 0 | BB27: 0 | BC27: WRWT21720/WRWT25800 | BD27: 0
A28: 45820 | B28: MK68-000779 | C28: บจก.เคอรี่ฟลาวมิลล์ | D28: ดอกไม้แดง | E28: 19 | F28: 32 | G28: ขาว | H28: 0 | I28: 67 | J28: + | K28: 5 | L28: บิด | M28: ไม่สวมถุงใน | N28: 0 | O28: 0 | P28: 0 | Q28: 0 | R28: 0 | S28: ห่ออัดเบลแบน500 | T28: 45832 | U28: 5000 | V28: 0 | W28: 5000 | X28: 5250 | Y28: 0 | Z28: WSWT1921720 | AA28: 0 | AB28: 0 | AC28: 0 | AD28: 0 | AE28: 0 | AF28: PDR250189 | AG28: ยังไม่ได้พิมพ์ | AH28: P7 | AI28: 2 | AJ28: 45832 | AK28: 0 | AL28: 45823 | AM28: 45830 | AN28: 45831 | AO28: 45831 | AP28: 45827 | AQ28: 0 | AR28: 0 | AS28: 0 | AT28: 0 | AU28: 0 | AV28: 0 | AW28: งานพิมพ์ | AX28: 0 | AY28: 0 | AZ28: 0 | BA28: 0 | BB28: 0 | BC28: WRWT21720/WRWT25800 | BD28: 0
A29: 45820 | B29: MK68-000779 | C29: บจก.เคอรี่ฟลาวมิลล์ | D29: ดอกไม้เขียว | E29: 19 | F29: 32 | G29: ขาว | H29: 0 | I29: 67 | J29: + | K29: 5 | L29: บิด | M29: ไม่สวมถุงใน | N29: 0 | O29: 0 | P29: 0 | Q29: 0 | R29: 0 | S29: ห่ออัดเบลแบน500 | T29: 45832 | U29: 5000 | V29: 0 | W29: 5000 | X29: 5250 | Y29: 0 | Z29: WSWT1921720 | AA29: 0 | AB29: 0 | AC29: 0 | AD29: 0 | AE29: 0 | AF29: PDR250189 | AG29: ยังไม่ได้พิมพ์ | AH29: P7 | AI29: 2 | AJ29: 45832 | AK29: 0 | AL29: 45823 | AM29: 45830 | AN29: 45831 | AO29: 45831 | AP29: 45827 | AQ29: 0 | AR29: 0 | AS29: 0 | AT29: 0 | AU29: 0 | AV29: 0 | AW29: งานพิมพ์ | AX29: 0 | AY29: 0 | AZ29: 0 | BA29: 0 | BB29: 0 | BC29: WRWT21720/WRWT25800 | BD29: 0
A30: 45820 | B30: MK68-000778 | C30: บจก.เคอรี่ฟลาวมิลล์ | D30: ถุงเขียว | E30: 19 | F30: 30 | G30: ขาว | H30: 0 | I30: 63 | J30: + | K30: 5 | L30: บิด | M30: ไม่สวมถุงใน | N30: 0 | O30: 0 | P30: 0 | Q30: 0 | R30: 0 | S30: ห่ออัดเบลแบน500 | T30: 45834 | U30: 10000 | V30: 0 | W30: 10000 | X30: 0 | Y30: 10500 | Z30: WSWT1921720 | AA30: 8801.1 | AB30: 0 | AC30: 8801.1 | AD30: 0 | AE30: 0 | AF30: PDR250190 | AG30: ยังไม่ได้พิมพ์ | AH30: P7 | AI30: 2 | AJ30: 45832 | AK30: 0 | AL30: 45823 | AM30: 45830 | AN30: 45831 | AO30: 45831 | AP30: 45827 | AQ30: 0 | AR30: 0 | AS30: 0 | AT30: 0 | AU30: 0 | AV30: 0 | AW30: งานพิมพ์ | AX30: 0 | AY30: 0 | AZ30: 0 | BA30: 0 | BB30: 0 | BC30: WRWT21720/WRWT25800 | BD30: 662.93797
A31: 45820 | B31: MK68-000778 | C31: บจก.เคอรี่ฟลาวมิลล์ | D31: ดอกไม้เขียว | E31: 19 | F31: 30 | G31: ขาว | H31: 0 | I31: 63 | J31: + | K31: 5 | L31: บิด | M31: ไม่สวมถุงใน | N31: 0 | O31: 0 | P31: 0 | Q31: 0 | R31: 0 | S31: ห่ออัดเบลแบน500 | T31: 45834 | U31: 5000 | V31: 0 | W31: 5000 | X31: 0 | Y31: 5250 | Z31: WSWT1921720 | AA31: 4400.55 | AB31: 0 | AC31: 4400.55 | AD31: 0 | AE31: 0 | AF31: PDR250190 | AG31: ยังไม่ได้พิมพ์ | AH31: P7 | AI31: 2 | AJ31: 45834 | AK31: 0 | AL31: 45825 | AM31: 45832 | AN31: 45833 | AO31: 45833 | AP31: 45829 | AQ31: 0 | AR31: 0 | AS31: 0 | AT31: 0 | AU31: 0 | AV31: 0 | AW31: งานพิมพ์ | AX31: 0 | AY31: 0 | AZ31: 0 | BA31: 0 | BB31: 0 | BC31: WRWT21720/WRWT25800 | BD31: 331.46898
A32: 45820 | B32: MK68-000780 | C32: บจก.เคอรี่ฟลาวมิลล์ | D32: ชามแดง | E32: 19 | F32: 30 | G32: ขาว | H32: 0 | I32: 63 | J32: + | K32: 5 | L32: บิด | M32: ไม่สวมถุงใน | N32: 0 | O32: 0 | P32: 0 | Q32: 0 | R32: 0 | S32: ห่ออัดเบลแบน500 | T32: 45834 | U32: 5000 | V32: 0 | W32: 5000 | X32: 0 | Y32: 5250 | Z32: WSWT1921720 | AA32: 4400.55 | AB32: 0 | AC32: 4400.55 | AD32: 0 | AE32: 0 | AF32: PDR250191 | AG32: ยังไม่ได้พิมพ์ | AH32: P7 | AI32: 2 | AJ32: 45832 | AK32: 0 | AL32: 45823 | AM32: 45830 | AN32: 45831 | AO32: 45831 | AP32: 45827 | AQ32: 0 | AR32: 0 | AS32: 0 | AT32: 0 | AU32: 0 | AV32: 0 | AW32: งานพิมพ์ | AX32: 0 | AY32: 0 | AZ32: 0 | BA32: 0 | BB32: 0 | BC32: WRWT21720/WRWT25800 | BD32: 331.46898
A33: 45820 | B33: MK68-000780 | C33: บจก.เคอรี่ฟลาวมิลล์ | D33: 8S | E33: 19 | F33: 30 | G33: ขาว | H33: 0 | I33: 63 | J33: + | K33: 5 | L33: บิด | M33: ไม่สวมถุงใน | N33: 0 | O33: 0 | P33: 0 | Q33: 0 | R33: 0 | S33: ห่ออัดเบลแบน500 | T33: 45834 | U33: 5000 | V33: 0 | W33: 5000 | X33: 0 | Y33: 5250 | Z33: WSWT1921720 | AA33: 4400.55 | AB33: 0 | AC33: 4400.55 | AD33: 0 | AE33: 0 | AF33: PDR250191 | AG33: ผ้าขาว | AH33: P7 | AI33: 2 | AJ33: 45832 | AK33: 0 | AL33: 45823 | AM33: 45830 | AN33: 45831 | AO33: 45831 | AP33: 45827 | AQ33: 0 | AR33: 0 | AS33: 0 | AT33: 0 | AU33: 0 | AV33: 0 | AW33: งานพิมพ์ | AX33: 0 | AY33: 0 | AZ33: 0 | BA33: 0 | BB33: 0 | BC33: WRWT21720/WRWT25800 | BD33: 331.46898
A34: 45820 | B34: MK68-000780 | C34: บจก.เคอรี่ฟลาวมิลล์ | D34: ถุงทองแซนวิช | E34: 19 | F34: 30 | G34: ขาว | H34: 0 | I34: 63 | J34: + | K34: 5 | L34: บิด | M34: ไม่สวมถุงใน | N34: 0 | O34: 0 | P34: 0 | Q34: 0 | R34: 0 | S34: ห่ออัดเบลแบน500 | T34: 45834 | U34: 10000 | V34: 0 | W34: 10000 | X34: 0 | Y34: 10500 | Z34: WSWT1921720 | AA34: 8801.1 | AB34: 0 | AC34: 8801.1 | AD34: 0 | AE34: 0 | AF34: PDR250191 | AG34: ผ้าขาว | AH34: P7 | AI34: 2 | AJ34: 45832 | AK34: 0 | AL34: 45823 | AM34: 45830 | AN34: 45831 | AO34: 45831 | AP34: 45827 | AQ34: 0 | AR34: 0 | AS34: 0 | AT34: 0 | AU34: 0 | AV34: 0 | AW34: งานพิมพ์ | AX34: 0 | AY34: 0 | AZ34: 0 | BA34: 0 | BB34: 0 | BC34: WRWT21720/WRWT25800 | BD34: 662.93797
A35: 45820 | B35: MK68-000781 | C35: บจก.เคอรี่ฟลาวมิลล์ | D35: ดอกไม้แดง | E35: 19 | F35: 32 | G35: ขาว | H35: 0 | I35: 67 | J35: + | K35: 5 | L35: บิด | M35: ไม่สวมถุงใน | N35: 0 | O35: 0 | P35: 0 | Q35: 0 | R35: 0 | S35: ห่ออัดเบลแบน500 | T35: 45834 | U35: 5000 | V35: 0 | W35: 5000 | X35: 0 | Y35: 5250 | Z35: WSWT1921720 | AA35: 4679.95 | AB35: 4679.95 | AC35: 0 | AD35: 0 | AE35: 0 | AF35: PDR250190 | AG35: ผ้าขาว | AH35: P7 | AI35: 2 | AJ35: 45834 | AK35: 0 | AL35: 45825 | AM35: 45832 | AN35: 45833 | AO35: 45833 | AP35: 45829 | AQ35: 0 | AR35: 0 | AS35: 0 | AT35: 0 | AU35: 0 | AV35: 0 | AW35: งานพิมพ์ | AX35: 0 | AY35: 0 | AZ35: 0 | BA35: 0 | BB35: 0 | BC35: WRWT21720/WRWT25800 | BD35: 0
A36: 45820 | B36: MK68-000781 | C36: บจก.เคอรี่ฟลาวมิลล์ | D36: ไม่พิมพ์ | E36: 19 | F36: 36 | G36: ขาว | H36: 0 | I36: 75 | J36: + | K36: 5 | L36: ไม่ | M36: ไม่สวมถุงใน | N36: 0 | O36: 0 | P36: 0 | Q36: 0 | R36: 0 | S36: ห่ออัดเบลแบน500 | T36: 45834 | U36: 5000 | V36: 0 | W36: 5000 | X36: 0 | Y36: 0 | Z36: WSWT1921720 | AA36: 5238.75 | AB36: 0 | AC36: 5238.75 | AD36: 0 | AE36: 0 | AF36: PDR250190 | AG36: ยังไม่ได้พิมพ์ | AH36: P3 | AI36: 2 | AJ36: 45834 | AK36: 0 | AL36: 0 | AM36: 0 | AN36: 0 | AO36: 45832 | AP36: 45829 | AQ36: 0 | AR36: 0 | AS36: 0 | AT36: 0 | AU36: 0 | AV36: 0 | AW36: ตัด | AX36: 0 | AY36: 0 | AZ36: 0 | BA36: 0 | BB36: 0 | BC36: WRWT21720/WRWT25800 | BD36: 394.60593
A37: 45820 | B37: MK68-000782 | C37: บจก.เคอรี่ฟลาวมิลล์ | D37: ไม่พิมพ์ | E37: 19 | F37: 36 | G37: ขาว | H37: 0 | I37: 75 | J37: + | K37: 5 | L37: ไม่ | M37: ไม่สวมถุงใน | N37: 0 | O37: 0 | P37: 0 | Q37: 0 | R37: 0 | S37: ห่ออัดเบลแบน500 | T37: 45834 | U37: 5000 | V37: 0 | W37: 5000 | X37: 0 | Y37: 0 | Z37: WSWT1921720 | AA37: 5238.75 | AB37: 0 | AC37: 5238.75 | AD37: 0 | AE37: 0 | AF37: PDR250191 | AG37: ยังไม่ได้พิมพ์ | AH37: P3 | AI37: 2 | AJ37: 45834 | AK37: 0 | AL37: 0 | AM37: 0 | AN37: 0 | AO37: 45832 | AP37: 45829 | AQ37: 0 | AR37: 0 | AS37: 0 | AT37: 0 | AU37: 0 | AV37: 0 | AW37: ตัด | AX37: 0 | AY37: 0 | AZ37: 0 | BA37: 0 | BB37: 0 | BC37: WRWT21720/WRWT25800 | BD37: 394.60593
A38: 45825 | B38: MK68-000802 | C38: บจก.เคอรี่ฟลาวมิลล์ | D38: ไม่พิมพ์ | E38: 19 | F38: 30 | G38: ขาว | H38: 0 | I38: 63 | J38: + | K38: 5 | L38: ไม่ | M38: ไม่สวมถุงใน | N38: 0 | O38: 0 | P38: 0 | Q38: 0 | R38: 0 | S38: ห่ออัดเบลแบน500 | T38: 45834 | U38: 20000 | V38: 1000 | W38: 19000 | X38: 0 | Y38: 0 | Z38: WSWT1921720 | AA38: 16722.09 | AB38: 0 | AC38: 16722.09 | AD38: 0 | AE38: 0 | AF38: PDR250196 | AG38: ยังไม่ได้พิมพ์ | AH38: P3 | AI38: 2 | AJ38: 45834 | AK38: 0 | AL38: 0 | AM38: 0 | AN38: 0 | AO38: 45832 | AP38: 45829 | AQ38: 0 | AR38: 0 | AS38: 0 | AT38: 0 | AU38: 0 | AV38: 0 | AW38: ตัด | AX38: 0 | AY38: 0 | AZ38: 0 | BA38: 0 | BB38: 0 | BC38: WRWT21720/WRWT25800 | BD38: 1259.5821
A39: 45827 | B39: MK68-000807 | C39: บจก.เคอรี่ฟลาวมิลล์ | D39: ปลาโลมาแดง | E39: 19 | F39: 30 | G39: ขาว | H39: 0 | I39: 63 | J39: + | K39: 5 | L39: บิด | M39: ไม่สวมถุงใน | N39: 0 | O39: 0 | P39: 0 | Q39: 0 | R39: 0 | S39: ห่ออัดเบลแบน500 | T39: 45836 | U39: 5000 | V39: 0 | W39: 5000 | X39: 0 | Y39: 5250 | Z39: WSWT1921720 | AA39: 4400.55 | AB39: 0 | AC39: 4400.55 | AD39: 0 | AE39: 0 | AF39: PDR250199 | AG39: ยังไม่ได้พิมพ์ | AH39: P7 | AI39: 2 | AJ39: 45836 | AK39: 0 | AL39: 45827 | AM39: 45834 | AN39: 45835 | AO39: 45835 | AP39: 45831 | AQ39: 0 | AR39: 0 | AS39: 0 | AT39: 0 | AU39: 0 | AV39: 0 | AW39: งานพิมพ์ | AX39: 0 | AY39: 0 | AZ39: 0 | BA39: 0 | BB39: 0 | BC39: WRWT21720/WRWT25800 | BD39: 331.46898
A40: 45827 | B40: MK68-000807 | C40: บจก.เคอรี่ฟลาวมิลล์ | D40: 997 | E40: 19 | F40: 30 | G40: ขาว | H40: 0 | I40: 63 | J40: + | K40: 5 | L40: ไม่ | M40: ไม่สวมถุงใน | N40: 0 | O40: 0 | P40: 0 | Q40: 0 | R40: 0 | S40: ห่ออัดเบลแบน500 | T40: 45836 | U40: 5000 | V40: 0 | W40: 5000 | X40: 0 | Y40: 5250 | Z40: WSWT1921720 | AA40: 4400.55 | AB40: 0 | AC40: 4400.55 | AD40: 0 | AE40: 0 | AF40: PDR250199 | AG40: ยังไม่ได้พิมพ์ | AH40: P7 | AI40: 2 | AJ40: 45836 | AK40: 0 | AL40: 45827 | AM40: 45834 | AN40: 45835 | AO40: 45835 | AP40: 45831 | AQ40: 0 | AR40: 0 | AS40: 0 | AT40: 0 | AU40: 0 | AV40: 0 | AW40: งานพิมพ์ | AX40: 0 | AY40: 0 | AZ40: 0 | BA40: 0 | BB40: 0 | BC40: WRWT21720/WRWT25800 | BD40: 331.46898
A41: 45827 | B41: MK68-000807 | C41: บจก.เคอรี่ฟลาวมิลล์ | D41: PBKF2-01-03 | E41: 19 | F41: 30 | G41: ขาว | H41: 0 | I41: 63 | J41: + | K41: 5 | L41: บิด | M41: ไม่สวมถุงใน | N41: 0 | O41: 0 | P41: 0 | Q41: 0 | R41: 0 | S41: ห่ออัดเบลแบน500 | T41: 45836 | U41: 5000 | V41: 0 | W41: 5000 | X41: 0 | Y41: 5250 | Z41: WSWT1921720 | AA41: 4400.55 | AB41: 0 | AC41: 4400.55 | AD41: 0 | AE41: 0 | AF41: PDR250199 | AG41: รอตัด | AH41: P7 | AI41: 2 | AJ41: 45836 | AK41: 0 | AL41: 45827 | AM41: 45834 | AN41: 45835 | AO41: 45835 | AP41: 45831 | AQ41: 0 | AR41: 0 | AS41: 0 | AT41: 0 | AU41: 0 | AV41: 0 | AW41: งานพิมพ์ | AX41: 0 | AY41: 0 | AZ41: 0 | BA41: 0 | BB41: 0 | BC41: WRWT21720/WRWT25800 | BD41: 331.46898
A42: 45827 | B42: MK68-000808 | C42: บจก.เคอรี่ฟลาวมิลล์ | D42: ดอกไม้แดง | E42: 19 | F42: 32 | G42: ขาว | H42: 0 | I42: 67 | J42: + | K42: 5 | L42: บิด | M42: ไม่สวมถุงใน | N42: 0 | O42: 0 | P42: 0 | Q42: 0 | R42: 0 | S42: ห่ออัดเบลแบน500 | T42: 45836 | U42: 5000 | V42: 0 | W42: 5000 | X42: 0 | Y42: 5250 | Z42: WSWT1921720 | AA42: 4679.95 | AB42: 0 | AC42: 4679.95 | AD42: 0 | AE42: 0 | AF42: PDR250199 | AG42: ยังไม่ได้พิมพ์ | AH42: P7 | AI42: 2 | AJ42: 45836 | AK42: 0 | AL42: 45827 | AM42: 45834 | AN42: 45835 | AO42: 45835 | AP42: 45831 | AQ42: 0 | AR42: 0 | AS42: 0 | AT42: 0 | AU42: 0 | AV42: 0 | AW42: งานพิมพ์ | AX42: 0 | AY42: 0 | AZ42: 0 | BA42: 0 | BB42: 0 | BC42: WRWT21720/WRWT25800 | BD42: 352.51463
A43: 45827 | B43: MK68-000807 | C43: บจก.เคอรี่ฟลาวมิลล์ | D43: ชามแดง | E43: 19 | F43: 30 | G43: ขาว | H43: 0 | I43: 63 | J43: + | K43: 5 | L43: บิด | M43: ไม่สวมถุงใน | N43: 0 | O43: 0 | P43: 0 | Q43: 0 | R43: 0 | S43: ห่ออัดเบลแบน500 | T43: 45841 | U43: 5000 | V43: 0 | W43: 5000 | X43: 0 | Y43: 5250 | Z43: WSWT1921720 | AA43: 4400.55 | AB43: 0 | AC43: 4400.55 | AD43: 0 | AE43: 0 | AF43: PDR250200 | AG43: ยังไม่ได้พิมพ์ | AH43: P7 | AI43: 2 | AJ43: 45841 | AK43: 0 | AL43: 45832 | AM43: 45839 | AN43: 45840 | AO43: 45840 | AP43: 45836 | AQ43: 0 | AR43: 0 | AS43: 0 | AT43: 0 | AU43: 0 | AV43: 0 | AW43: งานพิมพ์ | AX43: 0 | AY43: 0 | AZ43: 0 | BA43: 0 | BB43: 0 | BC43: WRWT21720/WRWT25800 | BD43: 331.46898
A44: 45827 | B44: MK68-000807 | C44: บจก.เคอรี่ฟลาวมิลล์ | D44: เคเอ็ม | E44: 19 | F44: 30 | G44: ขาว | H44: 0 | I44: 63 | J44: + | K44: 5 | L44: บิด | M44: ไม่สวมถุงใน | N44: 0 | O44: 0 | P44: 0 | Q44: 0 | R44: 0 | S44: ห่ออัดเบลแบน500 | T44: 45841 | U44: 5000 | V44: 0 | W44: 5000 | X44: 5400 | Y44: 0 | Z44: WSWT1921720 | AA44: 0 | AB44: 0 | AC44: 0 | AD44: 0 | AE44: 0 | AF44: PDR250200 | AG44: ยังไม่ได้พิมพ์ | AH44: P7 | AI44: 2 | AJ44: 45841 | AK44: 0 | AL44: 45832 | AM44: 45839 | AN44: 45840 | AO44: 45840 | AP44: 45836 | AQ44: 0 | AR44: 0 | AS44: 0 | AT44: 0 | AU44: 0 | AV44: 0 | AW44: งานพิมพ์ | AX44: 0 | AY44: 0 | AZ44: 0 | BA44: 0 | BB44: 0 | BC44: WRWT21720/WRWT25800 | BD44: 0
A45: 45827 | B45: MK68-000807 | C45: บจก.เคอรี่ฟลาวมิลล์ | D45: แต้มแดง | E45: 19 | F45: 30 | G45: ขาว | H45: 0 | I45: 63 | J45: + | K45: 5 | L45: บิด | M45: ไม่สวมถุงใน | N45: 0 | O45: 0 | P45: 0 | Q45: 0 | R45: 0 | S45: ห่ออัดเบลแบน500 | T45: 45841 | U45: 5000 | V45: 0 | W45: 5000 | X45: 0 | Y45: 5250 | Z45: WSWT1921720 | AA45: 4400.55 | AB45: 0 | AC45: 4400.55 | AD45: 0 | AE45: 0 | AF45: PDR250200 | AG45: รอตัด | AH45: P7 | AI45: 2 | AJ45: 45841 | AK45: 0 | AL45: 45832 | AM45: 45839 | AN45: 45840 | AO45: 45840 | AP45: 45836 | AQ45: 0 | AR45: 0 | AS45: 0 | AT45: 0 | AU45: 0 | AV45: 0 | AW45: งานพิมพ์ | AX45: 0 | AY45: 0 | AZ45: 0 | BA45: 0 | BB45: 0 | BC45: WRWT21720/WRWT25800 | BD45: 331.46898
A46: 45827 | B46: MK68-000807 | C46: บจก.เคอรี่ฟลาวมิลล์ | D46: ถุงทองแซนวิช | E46: 19 | F46: 30 | G46: ขาว | H46: 0 | I46: 63 | J46: + | K46: 5 | L46: บิด | M46: ไม่สวมถุงใน | N46: 0 | O46: 0 | P46: 0 | Q46: 0 | R46: 0 | S46: ห่ออัดเบลแบน500 | T46: 45841 | U46: 5000 | V46: 0 | W46: 5000 | X46: 0 | Y46: 5250 | Z46: WSWT1921720 | AA46: 4400.55 | AB46: 0 | AC46: 4400.55 | AD46: 0 | AE46: 0 | AF46: PDR250200 | AG46: รอแบบ | AH46: P7 | AI46: 2 | AJ46: 45841 | AK46: 0 | AL46: 45832 | AM46: 45839 | AN46: 45840 | AO46: 45840 | AP46: 45836 | AQ46: 0 | AR46: 0 | AS46: 0 | AT46: 0 | AU46: 0 | AV46: 0 | AW46: งานพิมพ์ | AX46: 0 | AY46: 0 | AZ46: 0 | BA46: 0 | BB46: 0 | BC46: WRWT21720/WRWT25800 | BD46: 331.46898
A47: 45827 | B47: MK68-000808 | C47: บจก.เคอรี่ฟลาวมิลล์ | D47: ดอกไม้แดง | E47: 19 | F47: 32 | G47: ขาว | H47: 0 | I47: 67 | J47: + | K47: 5 | L47: บิด | M47: ไม่สวมถุงใน | N47: 0 | O47: 0 | P47: 0 | Q47: 0 | R47: 0 | S47: ห่ออัดเบลแบน500 | T47: 45841 | U47: 5000 | V47: 0 | W47: 5000 | X47: 0 | Y47: 5250 | Z47: WSWT1921720 | AA47: 4679.95 | AB47: 0 | AC47: 4679.95 | AD47: 0 | AE47: 0 | AF47: PDR250200 | AG47: พร้อมส่ง | AH47: P7 | AI47: 2 | AJ47: 45841 | AK47: 0 | AL47: 45832 | AM47: 45839 | AN47: 45840 | AO47: 45840 | AP47: 45836 | AQ47: 0 | AR47: 0 | AS47: 0 | AT47: 0 | AU47: 0 | AV47: 0 | AW47: งานพิมพ์ | AX47: 0 | AY47: 0 | AZ47: 0 | BA47: 0 | BB47: 0 | BC47: WRWT21720/WRWT25800 | BD47: 352.51463
A48: 0 | B48: ใบรับคำสั่งซื้อ | C48: บจก.เคอรี่ฟลาวมิลล์ | D48: บะหมี่เตี๊ยว | E48: 19 | F48: 30 | G48: ขาว | H48: 0 | I48: 63 | J48: + | K48: 5 | L48: บิด | M48: ไม่สวมถุงใน | N48: 0 | O48: 0 | P48: 0 | Q48: 0 | R48: 0 | S48: ห่ออัดเบลแบน500 | T48: รอแจ้ง | U48: 5000 | V48: 0 | W48: 5000 | X48: 5800 | Y48: 0 | Z48: WSWT1921720 | AA48: 0 | AB48: 0 | AC48: 0 | AD48: 0 | AE48: 0 | AF48: 0 | AG48: รอตัด | AH48: P7 | AI48: 2 | AJ48: รอแจ้ง | AK48: 0 | AL48: #VALUE! | AM48: #VALUE! | AN48: #VALUE! | AO48: #VALUE! | AP48: #VALUE! | AQ48: 0 | AR48: 0 | AS48: 0 | AT48: 0 | AU48: 0 | AV48: 0 | AW48: งานพิมพ์ | AX48: 0 | AY48: 0 | AZ48: 0 | BA48: 0 | BB48: 0 | BC48: WRWT21720/WRWT25800 | BD48: 0
A49: ประมาณการ | B49: ประมาณการ | C49: บจก.เคอรี่ฟลาวมิลล์ | D49: รอแบบ | E49: 19 | F49: 30 | G49: ขาว | H49: 0 | I49: 63 | J49: + | K49: 5 | L49: บิด | M49: ไม่สวมถุงใน | N49: 0 | O49: 0 | P49: 0 | Q49: 0 | R49: 0 | S49: ห่ออัดเบลแบน500 | T49: 45868 | U49: 400000 | V49: 0 | W49: 400000 | X49: 0 | Y49: 420000 | Z49: WSWT1921720 | AA49: 352044 | AB49: 0 | AC49: 352044 | AD49: 0 | AE49: 0 | AF49: 0 | AG49: พร้อมส่ง | AH49: P7 | AI49: 2 | AJ49: 45868 | AK49: 0 | AL49: 45859 | AM49: 45866 | AN49: 45867 | AO49: 45867 | AP49: 45863 | AQ49: 0 | AR49: 0 | AS49: 0 | AT49: 0 | AU49: 0 | AV49: 0 | AW49: งานพิมพ์ | AX49: / | AY49: 0 | AZ49: 0 | BA49: 0 | BB49: 0 | BC49: WRWT21720/WRWT25800 | BD49: 26517.519
A50: 0 | B50: 0 | C50: 0 | D50: 0 | E50: 19 | F50: 30 | G50: 0 | H50: 0 | I50: 63 | J50: + | K50: 5 | L50: 0 | M50: 0 | N50: 0 | O50: 0 | P50: 0 | Q50: 0 | R50: 0 | S50: 0 | U50: 0 | V50: 0 | W50: 0 | X50: 0 | Y50: 0 | Z50: WSWT1921720 | AA50: 455170.54 | AB50: 5882.95 | AC50: 449287.59 | AD50: 0 | AE50: 0 | AF50: ระบุในSD | AG50: ยังไม่ได้พิมพ์ | AH50: 0 | AI50: Lead time | AJ50: 0 | AK50: 0 | AL50: 0 | AM50: 0 | AN50: 0 | AO50: 0 | AP50: 0 | AQ50: 0 | AR50: 0 | AS50: 0 | AT50: 0 | AU50: 0 | AV50: 0 | AW50: 0 | AX50: 0 | AY50: 0 | AZ50: 0 | BA50: 0 | BB50: 0 | BC50: WRWT190720/WRWT25800 | BD50: 0
A51: 45819 | B51: MK68-000775 | C51: บจก.ไมโครอินโนเวท | D51: B Soy Digest | E51: 19 | F51: 34 | G51: ขาว | H51: ด้าน | I51: 84 | J51: ± | K51: 5 | L51: จับจีบ | M51: 20 | N51: 37 | O51: 40 | P51: 365.12959 | Q51: 0 | R51: 365.12959 | S51: 500กระสอบแบน | T51: 45834 | U51: 20000 | V51: 0 | W51: 20000 | X51: 20906 | Y51: 0 | Z51: WSWT1925800SM | AA51: 0 | AB51: 0 | AC51: 0 | AD51: 0 | AE51: 0 | AF51: 0 | AG51: ยังไม่ได้พิมพ์ | AH51: P6 | AI51: 4 | AJ51: 45834 | AK51: 45830 | AL51: 45823 | AM51: 45831 | AN51: 45832 | AO51: 45833 | AP51: 45829 | AQ51: 45834 | AR51: 0 | AS51: 0 | AT51: 0 | AU51: 0 | AV51: 0 | AW51: งานเคลือบ+พิมพ์ | AX51: / | AY51: สวมไม่ทัน ขอส่ง 25/6 | AZ51: 0 | BA51: 0 | BB51: 0 | BC51: WRWT25800/WRWT25800 | BD51: 0
A52: 0 | B52: 0 | C52: 0 | D52: 0 | E52: 19 | F52: 30 | G52: 0 | H52: 0 | I52: 56 | J52: ± | K52: 5 | L52: 0 | M52: 0 | N52: 0 | O52: 0 | P52: 0 | Q52: 0 | R52: 0 | S52: 0 | U52: 0 | W52: 0 | X52: 0 | Y52: 0 | Z52: WSWT1925800SM | AA52: 0 | AB52: 0 | AC52: 0 | AD52: 0 | AE52: 0 | AF52: ระบุในSD | AG52: พร้อมส่ง | AH52: 0 | AI52: Lead time | AJ52: 0 | AK52: 0 | AL52: 0 | AM52: 0 | AN52: 0 | AO52: 0 | AP52: 0 | AQ52: 0 | AR52: 0 | AS52: 0 | AT52: 0 | AU52: 0 | AV52: 0 | AW52: 0 | AX52: 0 | AY52: 0 | AZ52: 0 | BA52: 0 | BB52: 0 | BC52: WRWT190800/WRWT25800 | BD52: 0
A53: 45825 | B53: MK68-000800 | C53: บจก.อินเทคค์ โกลบอล | D53: เพอเฟคค์103S โกลด์ | E53: 19 | F53: 35 | G53: ขาว | H53: ด้าน | I53: 102 | J53: ± | K53: 5 | L53: จับจีบ4" | M53: ไม่สวมถุงใน | N53: 0 | O53: 0 | P53: 0 | Q53: 0 | R53: 0 | S53: มัด80 ใช้สายรัด | T53: 45840 | U53: 5040 | V53: 0 | W53: 5040 | X53: 0 | Y53: 5292 | Z53: WSWT19251000SM | AA53: 5139.8424 | AB53: 5139.8424 | AC53: 0 | AD53: 0 | AE53: 5139.8424 | AF53: 0 | AG53: พร้อมส่ง | AH53: P6 | AI53: 4 | AJ53: 45840 | AK53: 45836 | AL53: 45829 | AM53: 45837 | AN53: 45838 | AO53: 45839 | AP53: 45835 | AQ53: 0 | AR53: 0 | AS53: 0 | AT53: 0 | AU53: 0 | AV53: 0 | AW53: งานเคลือบ+พิมพ์ | AX53: / | AY53: 0 | AZ53: 0 | BA53: 0 | BB53: 0 | BC53: WRWT251000/WRWT251000 | BD53: 0
A54: 45825 | B54: MK68-000800 | C54: บจก.อินเทคค์ โกลบอล | D54: เพอเฟคค์104 โกลด์ | E54: 19 | F54: 34 | G54: ขาว | H54: ด้าน | I54: 100 | J54: ± | K54: 5 | L54: จับจีบ4" | M54: ไม่สวมถุงใน | N54: 0 | O54: 0 | P54: 0 | Q54: 0 | R54: 0 | S54: มัด80 ใช้สายรัด | T54: 45841 | U54: 5040 | V54: 0 | W54: 5040 | X54: 0 | Y54: 5292 | Z54: WSWT19251000SM | AA54: 4999.0248 | AB54: 860 | AC54: 4139.0248 | AD54: 0 | AE54: 4999.0248 | AF54: 0 | AG54: พร้อมส่ง | AH54: P6 | AI54: 4 | AJ54: 45841 | AK54: 45837 | AL54: 45830 | AM54: 45838 | AN54: 45839 | AO54: 45840 | AP54: 45836 | AQ54: 0 | AR54: 0 | AS54: 0 | AT54: 0 | AU54: 0 | AV54: 0 | AW54: งานเคลือบ+พิมพ์ | AX54: / | AY54: 0 | AZ54: 0 | BA54: 0 | BB54: 0 | BC54: WRWT251000/WRWT251000 | BD54: 349.51765
A55: 45796 | B55: MK68-000680 | C55: บจก.อินเทคค์ โกลบอล | D55: เพอเฟคค์103P โกลด์ | E55: 19 | F55: 34 | G55: ขาว | H55: ด้าน | I55: 100 | J55: ± | K55: 5 | L55: จับจีบ4" | M55: ไม่สวมถุงใน | N55: 0 | O55: 0 | P55: 0 | Q55: 0 | R55: 0 | S55: มัด80 ใช้สายรัด | T55: รอแจ้ง | U55: 503 | V55: 0 | W55: 503 | X55: 5250 | Y55: 0 | Z55: WSWT19251000SM | AA55: 0 | AB55: 0 | AC55: 0 | AD55: 0 | AE55: 0 | AF55: 0 | AG55: พร้อมส่ง | AH55: P6 | AI55: 4 | AJ55: รอแจ้ง | AK55: #VALUE! | AL55: #VALUE! | AM55: #VALUE! | AN55: #VALUE! | AO55: #VALUE! | AP55: #VALUE! | AQ55: 0 | AR55: 0 | AS55: 0 | AT55: 0 | AU55: 0 | AV55: 0 | AW55: งานเคลือบ+พิมพ์ | AX55: / | AY55: 0 | AZ55: 0 | BA55: 0 | BB55: 0 | BC55: WRWT251000/WRWT251000 | BD55: 0
A56: 0 | B56: 0 | C56: 0 | D56: 0 | E56: 19 | F56: 34 | G56: ขาว | H56: 0 | I56: 80 | J56: ± | K56: 5 | L56: 0 | M56: 0 | N56: 0 | O56: 0 | P56: 0 | Q56: 0 | R56: 0 | S56: 0 | U56: 0 | V56: 0 | W56: 0 | X56: 0 | Y56: 0 | Z56: WSWT19251000SM | AA56: 10138.867 | AB56: 5999.8424 | AC56: 4139.0248 | AD56: 0 | AE56: 10138.867 | AF56: ระบุในSD | AG56: รอตัด | AH56: 0 | AI56: Lead time | AJ56: 0 | AK56: 0 | AL56: 0 | AM56: 0 | AN56: 0 | AO56: 0 | AP56: 0 | AQ56: 0 | AR56: 0 | AS56: 0 | AT56: 0 | AU56: 0 | AV56: 0 | AW56: 0 | AX56: 0 | AY56: 0 | AZ56: 0 | BA56: 0 | BB56: 0 | BC56: WRWT251000/WRYL251000 | BD56: 0
A57: 45814 | B57: MK68-000755 | C57: บจก.วีซีเอฟ | D57: VC100 | E57: 20 | F57: 37 | G57: ขาว | H57: ใส | I57: 100 | J57: ± | K57: 5 | L57: บิด | M57: ไม่สวมถุงใน | N57: 0 | O57: 0 | P57: 0 | Q57: 0 | R57: 0 | S57: 500กระสอบแบน | T57: 45833 | U57: 20000 | V57: 0 | W57: 20000 | X57: 20500 | Y57: 0 | Z57: WSWT2025800SM | AA57: 0 | AB57: 0 | AC57: 0 | AD57: 0 | AE57: 0 | AF57: 0 | AG57: ยังไม่ได้พิมพ์ | AH57: P6 | AI57: 4 | AJ57: 45833 | AK57: 45829 | AL57: 45822 | AM57: 45830 | AN57: 45831 | AO57: 45832 | AP57: 45828 | AQ57: 0 | AR57: 0 | AS57: 0 | AT57: 0 | AU57: 0 | AV57: 0 | AW57: งานเคลือบ+พิมพ์ | AX57: / | AY57: 0 | AZ57: 0 | BA57: 0 | BB57: 0 | BC57: WRWT25850/WRWT25850 | BD57: 0
A58: 45825 | B58: MK68-000801 | C58: บจก.อินเทคค์ โกลบอล | D58: สุบรรณ 222 | E58: 20 | F58: 36 | G58: ขาว | H58: ด้าน | I58: 100 | J58: ± | K58: 5 | L58: จับจีบ3.5" | M58: ไม่สวมถุงใน | N58: 0 | O58: 0 | P58: 0 | Q58: 0 | R58: 0 | S58: มัด80 ใช้สายรัด | T58: 45836 | U58: 5040 | V58: 316 | W58: 4724 | X58: 0 | Y58: 4960.2 | Z58: WSWT2025800SM | AA58: 4949.571 | AB58: 4949.571 | AC58: 0 | AD58: 0 | AE58: 4949.571 | AF58: 0 | AG58: พร้อมส่ง | AH58: P6 | AI58: 4 | AJ58: 45836 | AK58: 45832 | AL58: 45825 | AM58: 45833 | AN58: 45834 | AO58: 45835 | AP58: 45831 | AQ58: 0 | AR58: 0 | AS58: 0 | AT58: 0 | AU58: 0 | AV58: 0 | AW58: งานเคลือบ+พิมพ์ | AX58: รอART | AY58: 0 | AZ58: 0 | BA58: 0 | BB58: 0 | BC58: WRWT25850/WRWT25850 | BD58: 0
A59: 45825 | B59: MK68-000801 | C59: บจก.อินเทคค์ โกลบอล | D59: สุบรรณ 333 | E59: 20 | F59: 36 | G59: ขาว | H59: ด้าน | I59: 100 | J59: ± | K59: 5 | L59: จับจีบ3.5" | M59: ไม่สวมถุงใน | N59: 0 | O59: 0 | P59: 0 | Q59: 0 | R59: 0 | S59: มัด80 ใช้สายรัด | T59: 45836 | U59: 5040 | V59: 360 | W59: 4680 | X59: 0 | Y59: 4914 | Z59: WSWT2025800SM | AA59: 4903.47 | AB59: 4903.47 | AC59: 0 | AD59: 0 | AE59: 4903.47 | AF59: 0 | AG59: ยังไม่ได้พิมพ์ | AH59: P6 | AI59: 4 | AJ59: 45836 | AK59: 45832 | AL59: 45825 | AM59: 45833 | AN59: 45834 | AO59: 45835 | AP59: 45831 | AQ59: 0 | AR59: 0 | AS59: 0 | AT59: 0 | AU59: 0 | AV59: 0 | AW59: งานเคลือบ+พิมพ์ | AX59: รอART | AY59: 0 | AZ59: 0 | BA59: 0 | BB59: 0 | BC59: WRWT25850/WRWT25850 | BD59: 0
A60: 45825 | B60: MK68-000801 | C60: บจก.อินเทคค์ โกลบอล | D60: สุบรรณ 111 | E60: 20 | F60: 36 | G60: ขาว | H60: ด้าน | I60: 100 | J60: ± | K60: 5 | L60: จับจีบ3.5" | M60: ไม่สวมถุงใน | N60: 0 | O60: 0 | P60: 0 | Q60: 0 | R60: 0 | S60: มัด80 ใช้สายรัด | T60: 45836 | U60: 5040 | V60: 0 | W60: 5040 | X60: 0 | Y60: 5292 | Z60: WSWT2025800SM | AA60: 5280.66 | AB60: 5280.66 | AC60: 0 | AD60: 0 | AE60: 5280.66 | AF60: 0 | AG60: รอตัด | AH60: P6 | AI60: 4 | AJ60: 45836 | AK60: 45832 | AL60: 45825 | AM60: 45833 | AN60: 45834 | AO60: 45835 | AP60: 45831 | AQ60: 0 | AR60: 0 | AS60: 0 | AT60: 0 | AU60: 0 | AV60: 0 | AW60: งานเคลือบ+พิมพ์ | AX60: รอART | AY60: 0 | AZ60: 0 | BA60: 0 | BB60: 0 | BC60: WRWT25850/WRWT25850 | BD60: 0
A61: 45721 | B61: MK68-000341 | C61: บจก.อินเทคค์ โกลบอล | D61: สุบรรณ 111 | E61: 20 | F61: 36 | G61: ขาว | H61: ด้าน | I61: 100 | J61: ± | K61: 5 | L61: จับจีบ | M61: ไม่สวมถุงใน | N61: 0 | O61: 0 | P61: 0 | Q61: 0 | R61: 0 | S61: มัด80 ใช้สายรัด | T61: 45836 | U61: 734 | V61: 0 | W61: 734 | X61: 0 | Y61: 770.7 | Z61: WSWT2025800SM | AA61: 769.0485 | AB61: 769.0485 | AC61: 0 | AD61: 0 | AE61: 769.0485 | AF61: 0 | AG61: รอตัด | AH61: P6 | AI61: 4 | AJ61: 45836 | AK61: 45832 | AL61: 45825 | AM61: 45833 | AN61: 45834 | AO61: 45835 | AP61: 45831 | AQ61: 0 | AR61: 0 | AS61: 0 | AT61: 0 | AU61: 0 | AV61: 0 | AW61: งานเคลือบ+พิมพ์ | AX61: / | AY61: 0 | AZ61: 0 | BA61: 0 | BB61: 0 | BC61: WRWT25850/WRWT25850 | BD61: 0
A62: 45796 | B62: MK68-000671 | C62: บจก.อินเทคค์ โกลบอล | D62: เฟิร์สช้อย 911 | E62: 20 | F62: 36 | G62: ขาว | H62: ด้าน | I62: 100 | J62: ± | K62: 5 | L62: จับจีบ | M62: ไม่สวมถุงใน | N62: 0 | O62: 0 | P62: 0 | Q62: 0 | R62: 0 | S62: มัด80 ใช้สายรัด | T62: 45838 | U62: 833 | V62: 0 | W62: 833 | X62: 0 | Y62: 874.65 | Z62: WSWT2025800SM | AA62: 872.77575 | AB62: 872.77575 | AC62: 0 | AD62: 0 | AE62: 872.77575 | AF62: 0 | AG62: ยังไม่ได้พิมพ์ | AH62: P6 | AI62: 4 | AJ62: 45838 | AK62: 45834 | AL62: 45827 | AM62: 45835 | AN62: 45836 | AO62: 45837 | AP62: 45833 | AQ62: 0 | AR62: 0 | AS62: 0 | AT62: 0 | AU62: 0 | AV62: 0 | AW62: งานเคลือบ+พิมพ์ | AX62: / | AY62: 0 | AZ62: 0 | BA62: 0 | BB62: 0 | BC62: WRWT25850/WRWT25850 | BD62: 0
A63: 45814 | B63: MK68-000756 | C63: บจก.วีซีเอฟ | D63: SPEED PLUS 003เขมร | E63: 20 | F63: 37 | G63: ขาว | H63: ใส | I63: 100 | J63: ± | K63: 5 | L63: ไม่ | M63: ไม่สวมถุงใน | N63: 0 | O63: 0 | P63: 0 | Q63: 0 | R63: 0 | S63: 500กระสอบแบน | T63: 45838 | U63: 5000 | V63: 0 | W63: 5000 | X63: 5100 | Y63: 0 | Z63: WSWT2025800SM | AA63: 0 | AB63: 0 | AC63: 0 | AD63: 0 | AE63: 0 | AF63: 0 | AG63: ยังไม่ได้พิมพ์ | AH63: P6 | AI63: 4 | AJ63: 45838 | AK63: 45834 | AL63: 45827 | AM63: 45835 | AN63: 45836 | AO63: 45837 | AP63: 45833 | AQ63: 0 | AR63: 0 | AS63: 0 | AT63: 0 | AU63: 0 | AV63: 0 | AW63: งานเคลือบ+พิมพ์ | AX63: / | AY63: 0 | AZ63: 0 | BA63: 0 | BB63: 0 | BC63: WRWT25850/WRWT25850 | BD63: 0
A64: 45814 | B64: MK68-000756 | C64: บจก.วีซีเอฟ | D64: SPEED PLUS 222ลาว | E64: 20 | F64: 37 | G64: ขาว | H64: ใส | I64: 100 | J64: ± | K64: 5 | L64: ไม่ | M64: ไม่สวมถุงใน | N64: 0 | O64: 0 | P64: 0 | Q64: 0 | R64: 0 | S64: 500กระสอบแบน | T64: 45838 | U64: 10000 | V64: 0 | W64: 10000 | X64: 10700 | Y64: 0 | Z64: WSWT2025800SM | AA64: 0 | AB64: 0 | AC64: 0 | AD64: 0 | AE64: 0 | AF64: เครืองเสีย | AG64: ยังไม่ได้พิมพ์ | AH64: P6 | AI64: 4 | AJ64: 45838 | AK64: 45834 | AL64: 45827 | AM64: 45835 | AN64: 45836 | AO64: 45837 | AP64: 45833 | AQ64: 0 | AR64: 0 | AS64: 0 | AT64: 0 | AU64: 0 | AV64: 0 | AW64: งานเคลือบ+พิมพ์ | AX64: / | AY64: 0 | AZ64: 0 | BA64: 0 | BB64: 0 | BC64: WRWT25850/WRWT25850 | BD64: 0
A65: 45825 | B65: MK68-000796 | C65: บจก.อินเทคค์ โกลบอล | D65: เฟิร์สช้อย 911 | E65: 20 | F65: 36 | G65: ขาว | H65: ด้าน | I65: 100 | J65: ± | K65: 5 | L65: จับจีบ4" | M65: ไม่สวมถุงใน | N65: 0 | O65: 0 | P65: 0 | Q65: 0 | R65: 0 | S65: มัด80 ใช้สายรัด | T65: 45838 | U65: 5040 | V65: 0 | W65: 5040 | X65: 0 | Y65: 5292 | Z65: WSWT2025800SM | AA65: 5280.66 | AB65: 5280.66 | AC65: 0 | AD65: 0 | AE65: 5280.66 | AF65: 0 | AG65: พร้อมส่ง | AH65: P6 | AI65: 4 | AJ65: 45838 | AK65: 45834 | AL65: 45827 | AM65: 45835 | AN65: 45836 | AO65: 45837 | AP65: 45833 | AQ65: 0 | AR65: 0 | AS65: 0 | AT65: 0 | AU65: 0 | AV65: 0 | AW65: งานเคลือบ+พิมพ์ | AX65: รอART | AY65: 0 | AZ65: 0 | BA65: 0 | BB65: 0 | BC65: WRWT25850/WRWT25850 | BD65: 0
A66: 45825 | B66: MK68-000796 | C66: บจก.อินเทคค์ โกลบอล | D66: เฟิร์สช้อย 913 | E66: 20 | F66: 36 | G66: ขาว | H66: ด้าน | I66: 100 | J66: ± | K66: 5 | L66: จับจีบ4" | M66: ไม่สวมถุงใน | N66: 0 | O66: 0 | P66: 0 | Q66: 0 | R66: 0 | S66: มัด80 ใช้สายรัด | T66: 45838 | U66: 5040 | V66: 0 | W66: 5040 | X66: 0 | Y66: 5292 | Z66: WSWT2025800SM | AA66: 5280.66 | AB66: 5280.66 | AC66: 0 | AD66: 0 | AE66: 5280.66 | AF66: 0 | AG66: ยังไม่ได้พิมพ์ | AH66: P6 | AI66: 4 | AJ66: 45838 | AK66: 45834 | AL66: 45827 | AM66: 45835 | AN66: 45836 | AO66: 45837 | AP66: 45833 | AQ66: 0 | AR66: 0 | AS66: 0 | AT66: 0 | AU66: 0 | AV66: 0 | AW66: งานเคลือบ+พิมพ์ | AX66: รอART | AY66: 0 | AZ66: 0 | BA66: 0 | BB66: 0 | BC66: WRWT25850/WRWT25850 | BD66: 0
A67: 45825 | B67: MK68-000796 | C67: บจก.อินเทคค์ โกลบอล | D67: เพอเฟคค์ 911 | E67: 20 | F67: 36 | G67: ขาว | H67: ด้าน | I67: 100 | J67: ± | K67: 5 | L67: จับจีบ4" | M67: ไม่สวมถุงใน | N67: 0 | O67: 0 | P67: 0 | Q67: 0 | R67: 0 | S67: มัด80 ใช้สายรัด | T67: 45838 | U67: 5040 | V67: 0 | W67: 5040 | X67: 0 | Y67: 5292 | Z67: WSWT2025800SM | AA67: 5280.66 | AB67: 5280.66 | AC67: 0 | AD67: 0 | AE67: 5280.66 | AF67: 0 | AG67: รอตัด | AH67: P6 | AI67: 4 | AJ67: 45838 | AK67: 45834 | AL67: 45827 | AM67: 45835 | AN67: 45836 | AO67: 45837 | AP67: 45833 | AQ67: 0 | AR67: 0 | AS67: 0 | AT67: 0 | AU67: 0 | AV67: 0 | AW67: งานเคลือบ+พิมพ์ | AX67: รอART | AY67: 0 | AZ67: 0 | BA67: 0 | BB67: 0 | BC67: WRWT25850/WRWT25850 | BD67: 0
A68: 45721 | B68: MK68-000334 | C68: บจก.อินเทคค์ โกลบอล | D68: เพอเฟคค์ 911 | E68: 20 | F68: 36 | G68: ขาว | H68: ด้าน | I68: 100 | J68: ± | K68: 5 | L68: จับจีบ | M68: ไม่สวมถุงใน | N68: 0 | O68: 0 | P68: 0 | Q68: 0 | R68: 0 | S68: มัด80 ใช้สายรัด | T68: 45838 | U68: 111 | V68: 0 | W68: 111 | X68: 0 | Y68: 116.55 | Z68: WSWT2025800SM | AA68: 116.30025 | AB68: 116.30025 | AC68: 0 | AD68: 0 | AE68: 116.30025 | AF68: 0 | AG68: รอตัด | AH68: P6 | AI68: 4 | AJ68: 45838 | AK68: 45834 | AL68: 45827 | AM68: 45835 | AN68: 45836 | AO68: 45837 | AP68: 45833 | AQ68: 0 | AR68: 0 | AS68: 0 | AT68: 0 | AU68: 0 | AV68: 0 | AW68: งานเคลือบ+พิมพ์ | AX68: / | AY68: 0 | AZ68: 0 | BA68: 0 | BB68: 0 | BC68: WRWT25850/WRWT25850 | BD68: 0
A69: 45827 | B69: ใบรับคำสั่งซื้อ | C69: บจก.อินเทคค์ โกลบอล | D69: เฟิร์สคลาส 912 | E69: 20 | F69: 35 | G69: ขาว | H69: ด้าน | I69: 97 | J69: ± | K69: 5 | L69: จับจีบ4" | M69: ไม่สวมถุงใน | N69: 0 | O69: 0 | P69: 0 | Q69: 0 | R69: 0 | S69: มัด80 ใช้สายรัด | T69: 45841 | U69: 5040 | V69: 0 | W69: 5040 | X69: 0 | Y69: 5292 | Z69: WSWT2025800SM | AA69: 5139.8424 | AB69: 0 | AC69: 5139.8424 | AD69: 0 | AE69: 5139.8424 | AF69: 0 | AG69: ยังไม่ได้พิมพ์ | AH69: P6 | AI69: 4 | AJ69: 45841 | AK69: 45837 | AL69: 45830 | AM69: 45838 | AN69: 45839 | AO69: 45840 | AP69: 45836 | AQ69: 0 | AR69: 0 | AS69: 0 | AT69: 0 | AU69: 0 | AV69: 0 | AW69: งานเคลือบ+พิมพ์ | AX69: รอART | AY69: 0 | AZ69: 0 | BA69: 0 | BB69: 0 | BC69: WRWT25850/WRWT25850 | BD69: 388.34365
A70: 45705 | B70: MK68-000247 | C70: บจก.อินเทคค์ โกลบอล | D70: เฟิร์สคลาส 912 | E70: 20 | F70: 35 | G70: ขาว | H70: ด้าน | I70: 97 | J70: ± | K70: 5 | L70: จับจีบ4" | M70: ไม่สวมถุงใน | N70: 0 | O70: 0 | P70: 0 | Q70: 0 | R70: 0 | S70: มัด80 ใช้สายรัด | T70: 45841 | U70: 855 | V70: 0 | W70: 855 | X70: 16440 | Y70: 0 | Z70: WSWT2025800SM | AA70: 0 | AB70: 0 | AC70: 0 | AD70: 0 | AE70: 0 | AF70: 0 | AG70: ยังไม่ได้พิมพ์ | AH70: P6 | AI70: 4 | AJ70: 45841 | AK70: 45837 | AL70: 45830 | AM70: 45838 | AN70: 45839 | AO70: 45840 | AP70: 45836 | AQ70: 0 | AR70: 0 | AS70: 0 | AT70: 0 | AU70: 0 | AV70: 0 | AW70: งานเคลือบ+พิมพ์ | AX70: / | AY70: ลบสีจำนวนมาก 3851 | AZ70: 0 | BA70: 0 | BB70: 0 | BC70: WRWT25850/WRWT25850 | BD70: 0
A71: 45782 | B71: MK68-000609 | C71: บจก.เอสพีเอ็ม อาหารสัตว์ | D71: SW 441 | E71: 20 | F71: 38 | G71: ขาว | H71: ใส | I71: 100 | J71: ± | K71: 5 | L71: บิด | M71: ไม่สวมถุงใน | N71: 0 | O71: 0 | P71: 0 | Q71: 0 | R71: 0 | S71: 500กระสอบแบน | T71: 45846 | U71: 5000 | V71: 3318 | W71: 1682 | X71: 4748 | Y71: 264.6 | Z71: WSWT2025800SM | AA71: 292.0205 | AB71: 292.0205 | AC71: 0 | AD71: 0 | AE71: 292.0205 | AF71: 0 | AG71: รอแบบ | AH71: P6 | AI71: 4 | AJ71: 45846 | AK71: 45842 | AL71: 45835 | AM71: 45843 | AN71: 45844 | AO71: 45845 | AP71: 45841 | AQ71: 0 | AR71: 0 | AS71: 0 | AT71: 0 | AU71: 0 | AV71: 0 | AW71: งานเคลือบ+พิมพ์ | AX71: / | AY71: 0 | AZ71: 0 | BA71: 0 | BB71: 0 | BC71: WRWT25850/WRWT25850 | BD71: 0
A72: 45810 | B72: MK68-000741 | C72: บจก.เอสพีเอ็ม อาหารสัตว์ | D72: SPM 915 | E72: 20 | F72: 38 | G72: ขาว | H72: ด้าน | I72: 100 | J72: ± | K72: 5 | L72: บิด | M72: ไม่สวมถุงใน | N72: 0 | O72: 0 | P72: 0 | Q72: 0 | R72: 0 | S72: 500กระสอบแบน | T72: 45846 | U72: 3000 | V72: 0 | W72: 3000 | X72: 0 | Y72: 3150 | Z72: WSWT2025800SM | AA72: 3310.89 | AB72: 3310.89 | AC72: 0 | AD72: 0 | AE72: 3310.89 | AF72: 0 | AG72: พร้อมส่ง | AH72: P6 | AI72: 4 | AJ72: 45846 | AK72: 45842 | AL72: 45835 | AM72: 45843 | AN72: 45844 | AO72: 45845 | AP72: 45841 | AQ72: 0 | AR72: 0 | AS72: 0 | AT72: 0 | AU72: 0 | AV72: 0 | AW72: งานเคลือบ+พิมพ์ | AX72: รอART | AY72: 0 | AZ72: 0 | BA72: 0 | BB72: 0 | BC72: WRWT25850/WRWT25850 | BD72: 0
A73: 45826 | B73: MK68-000806 | C73: บจก.เอพีเอ็ม อะโกร | D73: ฟีล กู๊ด พี6 | E73: 20 | F73: 38 | G73: ขาว | H73: ใส | I73: 100 | J73: ± | K73: 5 | L73: บิด | M73: ไม่สวมถุงใน | N73: 0 | O73: 0 | P73: 0 | Q73: 0 | R73: 0 | S73: 500กระสอบแบน | T73: 45868 | U73: 3000 | V73: 0 | W73: 3000 | X73: 0 | Y73: 3150 | Z73: WSWT2025800SM | AA73: 3310.89 | AB73: 0 | AC73: 3310.89 | AD73: 0 | AE73: 3310.89 | AF73: 0 | AG73: พร้อมส่ง | AH73: P6 | AI73: 4 | AJ73: 45868 | AK73: 45864 | AL73: 45857 | AM73: 45865 | AN73: 45866 | AO73: 45867 | AP73: 45863 | AQ73: 0 | AR73: 0 | AS73: 0 | AT73: 0 | AU73: 0 | AV73: 0 | AW73: งานเคลือบ+พิมพ์ | AX73: รอART | AY73: 0 | AZ73: 0 | BA73: 0 | BB73: 0 | BC73: WRWT25850/WRWT25850 | BD73: 250.15613
A74: ประมาณการ | B74: ประมาณการ | C74: บจก.อินเทคค์ โกลบอล | D74: รอแบบ | E74: 20 | F74: 36 | G74: ขาว | H74: ด้าน | I74: 100 | J74: ± | K74: 5 | L74: จับจีบ | M74: ไม่สวมถุงใน | N74: 0 | O74: 0 | P74: 0 | Q74: 0 | R74: 0 | S74: มัด80 ใช้สายรัด | T74: 45868 | U74: 100000 | V74: 0 | W74: 100000 | X74: 0 | Y74: 105000 | Z74: WSWT2025800SM | AA74: 104775 | AB74: 0 | AC74: 104775 | AD74: 0 | AE74: 104775 | AF74: 0 | AG74: รอตัด | AH74: P6 | AI74: 4 | AJ74: 45868 | AK74: 45864 | AL74: 45857 | AM74: 45865 | AN74: 45866 | AO74: 45867 | AP74: 45863 | AQ74: 0 | AR74: 0 | AS74: 0 | AT74: 0 | AU74: 0 | AV74: 0 | AW74: งานเคลือบ+พิมพ์ | AX74: รอART | AY74: 0 | AZ74: 0 | BA74: 0 | BB74: 0 | BC74: WRWT25850/WRWT25850 | BD74: 7916.3333
A75: 45799 | B75: MK68-000694 | C75: บจก.เอ.เจ.ฟาร์ม่าแล็บ | D75: เวท-มิน | E75: 20 | F75: 34 | G75: ขาว | H75: ใส | I75: 95 | J75: ± | K75: 5 | L75: จับจีบ | M75: ไม่สวมถุงใน | N75: 0 | O75: 0 | P75: 0 | Q75: 0 | R75: 0 | S75: 500กระสอบ | T75: รอส่ง | U75: 8000 | V75: 8154 | W75: 0 | X75: 14180 | Y75: 0 | Z75: WSWT2025800SM | AA75: 0 | AB75: 0 | AC75: 0 | AD75: 0 | AE75: 0 | AF75: ห้ามขาด-ห้ามเกิน | AG75: รอตัด | AH75: P6 | AI75: 4 | AJ75: รอส่ง | AK75: #VALUE! | AL75: #VALUE! | AM75: #VALUE! | AN75: #VALUE! | AO75: #VALUE! | AP75: #VALUE! | AQ75: 0 | AR75: 0 | AS75: 0 | AT75: 0 | AU75: 0 | AV75: 0 | AW75: งานเคลือบ+พิมพ์ | AX75: / | AY75: 0 | AZ75: 0 | BA75: 0 | BB75: 0 | BC75: WRWT25850/WRWT25850 | BD75: 0
A76: 45799 | B76: MK68-000694 | C76: บจก.เอ.เจ.ฟาร์ม่าแล็บ | D76: เบส-มิน | E76: 20 | F76: 34 | G76: ขาว | H76: ใส | I76: 95 | J76: ± | K76: 5 | L76: จับจีบ | M76: ไม่สวมถุงใน | N76: 0 | O76: 0 | P76: 0 | Q76: 0 | R76: 0 | S76: 500กระสอบ | T76: รอส่ง | U76: 8000 | V76: 7840 | W76: 160 | X76: 8450 | Y76: 0 | Z76: WSWT2025800SM | AA76: 0 | AB76: 0 | AC76: 0 | AD76: 0 | AE76: 0 | AF76: ห้ามขาด-ห้ามเกิน | AG76: พร้อมส่ง | AH76: P6 | AI76: 4 | AJ76: รอส่ง | AK76: #VALUE! | AL76: #VALUE! | AM76: #VALUE! | AN76: #VALUE! | AO76: #VALUE! | AP76: #VALUE! | AQ76: 0 | AR76: 0 | AS76: 0 | AT76: 0 | AU76: 0 | AV76: 0 | AW76: งานเคลือบ+พิมพ์ | AX76: / | AY76: 0 | AZ76: 0 | BA76: 0 | BB76: 0 | BC76: WRWT25850/WRWT25850 | BD76: 0
A77: 45796 | B77: MK68-000672 | C77: บจก.อินเทคค์ โกลบอล | D77: เฟิร์สช้อย 912 | E77: 20 | F77: 36 | G77: ขาว | H77: ด้าน | I77: 100 | J77: ± | K77: 5 | L77: จับจีบ | M77: ไม่สวมถุงใน | N77: 0 | O77: 0 | P77: 0 | Q77: 0 | R77: 0 | S77: มัด80 ใช้สายรัด | T77: รอแจ้ง | U77: 3853 | V77: 840 | W77: 3013 | X77: 15401 | Y77: 0 | Z77: WSWT2025800SM | AA77: 0 | AB77: 0 | AC77: 0 | AD77: 0 | AE77: 0 | AF77: 0 | AG77: พร้อมส่ง | AH77: P6 | AI77: 4 | AJ77: รอแจ้ง | AK77: #VALUE! | AL77: #VALUE! | AM77: #VALUE! | AN77: #VALUE! | AO77: #VALUE! | AP77: #VALUE! | AQ77: 0 | AR77: 0 | AS77: 0 | AT77: 0 | AU77: 0 | AV77: 0 | AW77: งานเคลือบ+พิมพ์ | AX77: / | AY77: 0 | AZ77: 0 | BA77: 0 | BB77: 0 | BC77: WRWT25850/WRWT25850 | BD77: 0
A78: 45796 | B78: MK68-000675 | C78: บจก.อินเทคค์ โกลบอล | D78: เพอเฟคค์ 914 | E78: 20 | F78: 36 | G78: ขาว | H78: ด้าน | I78: 100 | J78: ± | K78: 5 | L78: จับจีบ | M78: ไม่สวมถุงใน | N78: 0 | O78: 0 | P78: 0 | Q78: 0 | R78: 0 | S78: มัด80 ใช้สายรัด | T78: รอแจ้ง | U78: 3360 | V78: 0 | W78: 3360 | X78: 35200 | Y78: 0 | Z78: WSWT2025800SM | AA78: 0 | AB78: 0 | AC78: 0 | AD78: 0 | AE78: 0 | AF78: 0 | AG78: พร้อมส่ง | AH78: P6 | AI78: 4 | AJ78: รอแจ้ง | AK78: #VALUE! | AL78: #VALUE! | AM78: #VALUE! | AN78: #VALUE! | AO78: #VALUE! | AP78: #VALUE! | AQ78: 0 | AR78: 0 | AS78: 0 | AT78: 0 | AU78: 0 | AV78: 0 | AW78: งานเคลือบ+พิมพ์ | AX78: / | AY78: 2/6---6/6 | AZ78: 0 | BA78: 0 | BB78: 0 | BC78: WRWT25850/WRWT25850 | BD78: 0
A79: 45796 | B79: MK68-000676 | C79: บจก.อินเทคค์ โกลบอล | D79: เพอเฟคค์ 916 | E79: 20 | F79: 36 | G79: ขาว | H79: ด้าน | I79: 100 | J79: ± | K79: 5 | L79: จับจีบ | M79: ไม่สวมถุงใน | N79: 0 | O79: 0 | P79: 0 | Q79: 0 | R79: 0 | S79: มัด80 ใช้สายรัด | T79: รอแจ้ง | U79: 614 | V79: 0 | W79: 614 | X79: 12101 | Y79: 0 | Z79: WSWT2025800SM | AA79: 0 | AB79: 0 | AC79: 0 | AD79: 0 | AE79: 0 | AF79: 0 | AG79: พร้อมส่ง | AH79: P6 | AI79: 4 | AJ79: รอแจ้ง | AK79: #VALUE! | AL79: #VALUE! | AM79: #VALUE! | AN79: #VALUE! | AO79: #VALUE! | AP79: #VALUE! | AQ79: 0 | AR79: 0 | AS79: 0 | AT79: 0 | AU79: 0 | AV79: 0 | AW79: งานเคลือบ+พิมพ์ | AX79: / | AY79: 0 | AZ79: 0 | BA79: 0 | BB79: 0 | BC79: WRWT25850/WRWT25850 | BD79: 0
A80: 45796 | B80: MK68-000671 | C80: บจก.อินเทคค์ โกลบอล | D80: เฟิร์สช้อย 902 | E80: 20 | F80: 36 | G80: ขาว | H80: ด้าน | I80: 100 | J80: ± | K80: 5 | L80: จับจีบ | M80: ไม่สวมถุงใน | N80: 0 | O80: 0 | P80: 0 | Q80: 0 | R80: 0 | S80: มัด80 ใช้สายรัด | T80: รอแจ้ง | U80: 366 | V80: 0 | W80: 366 | X80: 5113 | Y80: 0 | Z80: WSWT2025800SM | AA80: 0 | AB80: 0 | AC80: 0 | AD80: 0 | AE80: 0 | AF80: 0 | AG80: รอตัด | AH80: P6 | AI80: 4 | AJ80: รอแจ้ง | AK80: #VALUE! | AL80: #VALUE! | AM80: #VALUE! | AN80: #VALUE! | AO80: #VALUE! | AP80: #VALUE! | AQ80: 0 | AR80: 0 | AS80: 0 | AT80: 0 | AU80: 0 | AV80: 0 | AW80: งานเคลือบ+พิมพ์ | AX80: / | AY80: 0 | AZ80: 0 | BA80: 0 | BB80: 0 | BC80: WRWT25850/WRWT25850 | BD80: 0
A81: 45796 | B81: MK68-000673 | C81: บจก.อินเทคค์ โกลบอล | D81: เพอเฟคค์ 000 | E81: 20 | F81: 36 | G81: ขาว | H81: ด้าน | I81: 100 | J81: ± | K81: 5 | L81: จับจีบ | M81: ไม่สวมถุงใน | N81: 0 | O81: 0 | P81: 0 | Q81: 0 | R81: 0 | S81: มัด80 ใช้สายรัด | T81: รอแจ้ง | U81: 179 | V81: 0 | W81: 179 | X81: 11000 | Y81: 0 | Z81: WSWT2025800SM | AA81: 0 | AB81: 0 | AC81: 0 | AD81: 0 | AE81: 0 | AF81: 0 | AG81: ยังไม่ได้พิมพ์ | AH81: P6 | AI81: 4 | AJ81: รอแจ้ง | AK81: #VALUE! | AL81: #VALUE! | AM81: #VALUE! | AN81: #VALUE! | AO81: #VALUE! | AP81: #VALUE! | AQ81: 0 | AR81: 0 | AS81: 0 | AT81: 0 | AU81: 0 | AV81: 0 | AW81: งานเคลือบ+พิมพ์ | AX81: / | AY81: 0 | AZ81: 0 | BA81: 0 | BB81: 0 | BC81: WRWT25850/WRWT25850 | BD81: 0
A82: 45796 | B82: MK68-000673 | C82: บจก.อินเทคค์ โกลบอล | D82: เพอเฟคค์ 902 | E82: 20 | F82: 36 | G82: ขาว | H82: ด้าน | I82: 100 | J82: ± | K82: 5 | L82: จับจีบ | M82: ไม่สวมถุงใน | N82: 0 | O82: 0 | P82: 0 | Q82: 0 | R82: 0 | S82: มัด80 ใช้สายรัด | T82: รอแจ้ง | U82: 302 | V82: 0 | W82: 302 | X82: 5300 | Y82: 0 | Z82: WSWT2025800SM | AA82: 0 | AB82: 0 | AC82: 0 | AD82: 0 | AE82: 0 | AF82: 0 | AG82: ยังไม่ได้พิมพ์ | AH82: P6 | AI82: 4 | AJ82: รอแจ้ง | AK82: #VALUE! | AL82: #VALUE! | AM82: #VALUE! | AN82: #VALUE! | AO82: #VALUE! | AP82: #VALUE! | AQ82: 0 | AR82: 0 | AS82: 0 | AT82: 0 | AU82: 0 | AV82: 0 | AW82: งานเคลือบ+พิมพ์ | AX82: / | AY82: 0 | AZ82: 0 | BA82: 0 | BB82: 0 | BC82: WRWT25850/WRWT25850 | BD82: 0
A83: 45796 | B83: MK68-000674 | C83: บจก.อินเทคค์ โกลบอล | D83: เพอเฟคค์ 913 | E83: 20 | F83: 36 | G83: ขาว | H83: ด้าน | I83: 100 | J83: ± | K83: 5 | L83: จับจีบ | M83: ไม่สวมถุงใน | N83: 0 | O83: 0 | P83: 0 | Q83: 0 | R83: 0 | S83: มัด80 ใช้สายรัด | T83: รอแจ้ง | U83: 1200 | V83: 0 | W83: 1200 | X83: 10700 | Y83: 0 | Z83: WSWT2025800SM | AA83: 0 | AB83: 0 | AC83: 0 | AD83: 0 | AE83: 0 | AF83: 0 | AG83: ยังไม่ได้พิมพ์ | AH83: P6 | AI83: 4 | AJ83: รอแจ้ง | AK83: #VALUE! | AL83: #VALUE! | AM83: #VALUE! | AN83: #VALUE! | AO83: #VALUE! | AP83: #VALUE! | AQ83: 0 | AR83: 0 | AS83: 0 | AT83: 0 | AU83: 0 | AV83: 0 | AW83: งานเคลือบ+พิมพ์ | AX83: / | AY83: 0 | AZ83: 0 | BA83: 0 | BB83: 0 | BC83: WRWT25850/WRWT25850 | BD83: 0
A84: 45798 | B84: MK68-000693 | C84: บจก.เอพีเอ็ม อะโกร | D84: ฟีล กู๊ด พี07 | E84: 20 | F84: 38 | G84: ขาว | H84: ใส | I84: 100 | J84: ± | K84: 5 | L84: บิด | M84: ไม่สวมถุงใน | N84: 0 | O84: 0 | P84: 0 | Q84: 0 | R84: 0 | S84: 500กระสอบแบน | T84: รอแจ้ง | U84: 5000 | V84: 0 | W84: 5000 | X84: 0 | Y84: 5250 | Z84: WSWT2025800SM | AA84: 5518.15 | AB84: 5518.15 | AC84: 0 | AD84: 0 | AE84: 5518.15 | AF84: 0 | AG84: พร้อมส่ง | AH84: P6 | AI84: 4 | AJ84: รอแจ้ง | AK84: #VALUE! | AL84: #VALUE! | AM84: #VALUE! | AN84: #VALUE! | AO84: #VALUE! | AP84: #VALUE! | AQ84: 0 | AR84: 0 | AS84: 0 | AT84: 0 | AU84: 0 | AV84: 0 | AW84: งานเคลือบ+พิมพ์ | AX84: / | AY84: 0 | AZ84: 0 | BA84: 0 | BB84: 0 | BC84: WRWT25850/WRWT25850 | BD84: 0
A85: 45782 | B85: MK68-000609 | C85: บจก.เอสพีเอ็ม อาหารสัตว์ | D85: SW 441 | E85: 20 | F85: 38 | G85: ขาว | H85: ใส | I85: 100 | J85: ± | K85: 5 | L85: บิด | M85: ไม่สวมถุงใน | N85: 0 | O85: 0 | P85: 0 | Q85: 0 | R85: 0 | S85: 500กระสอบแบน | T85: รอแจ้ง | U85: 15000 | V85: 0 | W85: 15000 | X85: 0 | Y85: 15750 | Z85: WSWT2025800SM | AA85: 16554.45 | AB85: 0 | AC85: 16554.45 | AD85: 0 | AE85: 16554.45 | AF85: 0 | AG85: รอแบบ | AH85: P6 | AI85: 4 | AJ85: รอแจ้ง | AK85: #VALUE! | AL85: #VALUE! | AM85: #VALUE! | AN85: #VALUE! | AO85: #VALUE! | AP85: #VALUE! | AQ85: 0 | AR85: 0 | AS85: 0 | AT85: 0 | AU85: 0 | AV85: 0 | AW85: งานเคลือบ+พิมพ์ | AX85: / | AY85: 0 | AZ85: 0 | BA85: 0 | BB85: 0 | BC85: WRWT25850/WRWT25850 | BD85: 1250.7807
A86: 45810 | B86: MK68-000742 | C86: บจก.เอสพีเอ็ม อาหารสัตว์ | D86: นีโอ 05 | E86: 20 | F86: 38 | G86: ขาว | H86: ด้าน | I86: 100 | J86: ± | K86: 5 | L86: ไม่ | M86: ไม่สวมถุงใน | N86: 0 | O86: 0 | P86: 0 | Q86: 0 | R86: 0 | S86: 500กระสอบแบน | T86: รอแจ้ง | U86: 5000 | V86: 0 | W86: 5000 | X86: 0 | Y86: 5250 | Z86: WSWT2025800SM | AA86: 5518.15 | AB86: 0 | AC86: 5518.15 | AD86: 0 | AE86: 5518.15 | AF86: 0 | AG86: รอแบบ | AH86: P6 | AI86: 4 | AJ86: รอแจ้ง | AK86: #VALUE! | AL86: #VALUE! | AM86: #VALUE! | AN86: #VALUE! | AO86: #VALUE! | AP86: #VALUE! | AQ86: 0 | AR86: 0 | AS86: 0 | AT86: 0 | AU86: 0 | AV86: 0 | AW86: งานเคลือบ+พิมพ์ | AX86: รอART | AY86: 0 | AZ86: 0 | BA86: 0 | BB86: 0 | BC86: WRWT25850/WRWT25850 | BD86: 416.92689
A87: 45611 | B87: MK67-001533 | C87: บจก.อินเทคค์ โกลบอล | D87: เฟิร์สช้อย 914 | E87: 20 | F87: 36 | G87: ขาว | H87: ด้าน | I87: 100 | J87: ± | K87: 5 | L87: จับจีบ | M87: ไม่สวมถุงใน | N87: 0 | O87: 0 | P87: 0 | Q87: 0 | R87: 0 | S87: มัด80 ใช้สายรัด | T87: รอแจ้ง | U87: 67 | V87: 67 | W87: 0 | X87: 80 | Y87: 0 | Z87: WSWT2025800SM | AA87: 0 | AB87: 0 | AC87: 0 | AD87: 0 | AE87: 0 | AF87: 0 | AG87: ยังไม่ได้พิมพ์ | AH87: P6 | AI87: 4 | AJ87: รอแจ้ง | AK87: #VALUE! | AL87: #VALUE! | AM87: #VALUE! | AN87: #VALUE! | AO87: #VALUE! | AP87: #VALUE! | AQ87: 0 | AR87: 0 | AS87: 0 | AT87: 0 | AU87: 0 | AV87: 0 | AW87: งานเคลือบ+พิมพ์ | AX87: / | AY87: 0 | AZ87: 0 | BA87: 0 | BB87: 0 | BC87: WRWT25850/WRWT25850 | BD87: 0
A88: ประมาณการ | B88: ประมาณการ | C88: บจก.เอสพีเอ็ม อาหารสัตว์ | D88: รอแบบ | E88: 20 | F88: 38 | G88: ขาว | H88: ใส | I88: 100 | J88: ± | K88: 5 | L88: บิด | M88: ไม่สวมถุงใน | N88: 0 | O88: 0 | P88: 0 | Q88: 0 | R88: 0 | S88: 500กระสอบแบน | T88: 45868 | U88: 20000 | V88: 0 | W88: 20000 | X88: 0 | Y88: 21000 | Z88: WSWT2025800SM | AA88: 22072.6 | AB88: 0 | AC88: 22072.6 | AD88: 0 | AE88: 22072.6 | AF88: 0 | AG88: พร้อมส่ง | AH88: P6 | AI88: 4 | AJ88: 45868 | AK88: 45864 | AL88: 45857 | AM88: 45865 | AN88: 45866 | AO88: 45867 | AP88: 45863 | AQ88: 0 | AR88: 0 | AS88: 0 | AT88: 0 | AU88: 0 | AV88: 0 | AW88: งานเคลือบ+พิมพ์ | AX88: รอART | AY88: 0 | AZ88: 0 | BA88: 0 | BB88: 0 | BC88: WRWT25850/WRWT25850 | BD88: 1667.7076
A89: ประมาณการ | B89: ประมาณการ | C89: บจก.ไทยธรรมดี | D89: รอแบบ | E89: 20 | F89: 37 | G89: ขาว | H89: ด้าน | I89: 97 | J89: ± | K89: 5 | L89: บิด | M89: ไม่สวมถุงใน | N89: 0 | O89: 0 | P89: 0 | Q89: 0 | R89: 0 | S89: 500กระสอบ | T89: 45868 | U89: 40000 | V89: 0 | W89: 40000 | X89: 0 | Y89: 42000 | Z89: WSWT2025800SM | AA89: 43027.6 | AB89: 0 | AC89: 43027.6 | AD89: 0 | AE89: 43027.6 | AF89: 0 | AG89: พร้อมส่ง | AH89: P6 | AI89: 4 | AJ89: 45868 | AK89: 45864 | AL89: 45857 | AM89: 45865 | AN89: 45866 | AO89: 45867 | AP89: 45863 | AQ89: 0 | AR89: 0 | AS89: 0 | AT89: 0 | AU89: 0 | AV89: 0 | AW89: งานเคลือบ+พิมพ์ | AX89: รอART | AY89: 0 | AZ89: 0 | BA89: 0 | BB89: 0 | BC89: WRWT25850/WRWT25850 | BD89: 3250.9742
A90: 45681 | B90: MK68-000122 | C90: บจก.เอสพีเอ็ม อาหารสัตว์ | D90: SPM 212 | E90: 20 | F90: 40 | G90: ขาว | H90: ด้าน | I90: 108 | J90: ± | K90: 5 | L90: บิด | M90: ไม่สวมถุงใน | N90: 0 | O90: 0 | P90: 0 | Q90: 0 | R90: 0 | S90: 500กระสอบแบน | T90: รอแจ้ง | U90: 3000 | V90: 0 | W90: 3000 | X90: 0 | Y90: 3150 | Z90: WSWT2025800SM | AA90: 3478.53 | AB90: 0 | AC90: 3478.53 | AD90: 0 | AE90: 3478.53 | AF90: 0 | AG90: รอตัด | AH90: P6 | AI90: 4 | AJ90: รอแจ้ง | AK90: #VALUE! | AL90: #VALUE! | AM90: #VALUE! | AN90: #VALUE! | AO90: #VALUE! | AP90: #VALUE! | AQ90: 0 | AR90: 0 | AS90: 0 | AT90: 0 | AU90: 0 | AV90: 0 | AW90: งานเคลือบ+พิมพ์ | AX90: / | AY90: 0 | AZ90: 0 | BA90: 0 | BB90: 0 | BC90: WRWT25850/WRWT25850 | BD90: 262.82227
A91: 45674 | B91: MK68-000093 | C91: บจก.อินเทคค์ โกลบอล | D91: เฟิร์สคลาส 902 | E91: 20 | F91: 35 | G91: ขาว | H91: ด้าน | I91: 97 | J91: ± | K91: 5 | L91: จับจีบ4" | M91: ไม่สวมถุงใน | N91: 0 | O91: 0 | P91: 0 | Q91: 0 | R91: 0 | S91: มัด80 ใช้สายรัด | T91: รอแจ้ง | U91: 152 | V91: 0 | W91: 152 | X91: 6000 | Y91: 0 | Z91: WSWT2025800SM | AA91: 0 | AB91: 0 | AC91: 0 | AD91: 0 | AE91: 0 | AF91: 5987 | AG91: พร้อมส่ง | AH91: P6 | AI91: 4 | AJ91: รอแจ้ง | AK91: #VALUE! | AL91: #VALUE! | AM91: #VALUE! | AN91: #VALUE! | AO91: #VALUE! | AP91: #VALUE! | AQ91: 0 | AR91: 0 | AS91: 0 | AT91: 0 | AU91: 0 | AV91: 0 | AW91: งานเคลือบ+พิมพ์ | AX91: / | AY91: ลบสี 5040 | AZ91: 0 | BA91: 0 | BB91: 0 | BC91: WRWT25850/WRWT25850 | BD91: 0
A92: 45611 | B92: MK67-001532 | C92: บจก.อินเทคค์ โกลบอล | D92: เฟิร์สช้อย 903 | E92: 20 | F92: 36 | G92: ขาว | H92: ด้าน | I92: 100 | J92: ± | K92: 5 | L92: จับจีบ | M92: ไม่สวมถุงใน | N92: 0 | O92: 0 | P92: 0 | Q92: 0 | R92: 0 | S92: มัด80 ใช้สายรัด | T92: รอแจ้ง | U92: 117 | V92: 0 | W92: 117 | X92: 10065 | Y92: 0 | Z92: WSWT2025800SM | AA92: 0 | AB92: 0 | AC92: 0 | AD92: 0 | AE92: 0 | AF92: 0 | AG92: พร้อมส่ง | AH92: P6 | AI92: 4 | AJ92: รอแจ้ง | AK92: #VALUE! | AL92: #VALUE! | AM92: #VALUE! | AN92: #VALUE! | AO92: #VALUE! | AP92: #VALUE! | AQ92: 0 | AR92: 0 | AS92: 0 | AT92: 0 | AU92: 0 | AV92: 0 | AW92: งานเคลือบ+พิมพ์ | AX92: / | AY92: 0 | AZ92: 0 | BA92: 0 | BB92: 0 | BC92: WRWT25850/WRWT25850 | BD92: 0
A93: 45523 | B93: MK67-001153 | C93: บจก.อินเทคค์ โกลบอล | D93: สุบรรณ 777 | E93: 20 | F93: 36 | G93: ขาว | H93: ด้าน | I93: 100 | J93: ± | K93: 5 | L93: จับจีบ | M93: ไม่สวมถุงใน | N93: 0 | O93: 0 | P93: 0 | Q93: 0 | R93: 0 | S93: มัด80 ใช้สายรัด | T93: รอแจ้ง | U93: 1260 | V93: 0 | W93: 1260 | X93: 11095 | Y93: 0 | Z93: WSWT2025800SM | AA93: 0 | AB93: 0 | AC93: 0 | AD93: 0 | AE93: 0 | AF93: 0 | AG93: พร้อมส่ง | AH93: P6 | AI93: 4 | AJ93: รอแจ้ง | AK93: #VALUE! | AL93: #VALUE! | AM93: #VALUE! | AN93: #VALUE! | AO93: #VALUE! | AP93: #VALUE! | AQ93: 0 | AR93: 0 | AS93: 0 | AT93: 0 | AU93: 0 | AV93: 0 | AW93: งานเคลือบ+พิมพ์ | AX93: / | AY93: 0 | AZ93: 0 | BA93: 0 | BB93: 0 | BC93: WRWT25850/WRWT25850 | BD93: 0
A94: 45523 | B94: MK67-001153 | C94: บจก.อินเทคค์ โกลบอล | D94: สุบรรณ 666 | E94: 20 | F94: 36 | G94: ขาว | H94: ด้าน | I94: 100 | J94: ± | K94: 5 | L94: จับจีบ | M94: ไม่สวมถุงใน | N94: 0 | O94: 0 | P94: 0 | Q94: 0 | R94: 0 | S94: มัด80 ใช้สายรัด | T94: รอแจ้ง | U94: 89 | V94: 0 | W94: 89 | X94: 11180 | Y94: 0 | Z94: WSWT2025800SM | AA94: 0 | AB94: 0 | AC94: 0 | AD94: 0 | AE94: 0 | AF94: 0 | AG94: พร้อมส่ง | AH94: P6 | AI94: 4 | AJ94: รอแจ้ง | AK94: #VALUE! | AL94: #VALUE! | AM94: #VALUE! | AN94: #VALUE! | AO94: #VALUE! | AP94: #VALUE! | AQ94: 0 | AR94: 0 | AS94: 0 | AT94: 0 | AU94: 0 | AV94: 0 | AW94: งานเคลือบ+พิมพ์ | AX94: / | AY94: 0 | AZ94: 0 | BA94: 0 | BB94: 0 | BC94: WRWT25850/WRWT25850 | BD94: 0
A95: 45741 | B95: MK68-000452 | C95: บจก.เอพีเอ็ม อะโกร | D95: วี-ฟีด วี 07 | E95: 20 | F95: 38 | G95: ขาว | H95: ใส | I95: 100 | J95: ± | K95: 5 | L95: บิด | M95: ไม่สวมถุงใน | N95: 0 | O95: 0 | P95: 0 | Q95: 0 | R95: 0 | S95: 500กระสอบแบน | T95: รอส่ง | U95: 4000 | V95: 3857 | W95: 143 | X95: 4200 | Y95: 0 | Z95: WSWT2025800SM | AA95: 0 | AB95: 0 | AC95: 0 | AD95: 0 | AE95: 0 | AF95: 0 | AG95: พร้อมส่ง | AH95: P6 | AI95: 4 | AJ95: รอส่ง | AK95: #VALUE! | AL95: #VALUE! | AM95: #VALUE! | AN95: #VALUE! | AO95: #VALUE! | AP95: #VALUE! | AQ95: 0 | AR95: 0 | AS95: 0 | AT95: 0 | AU95: 0 | AV95: 0 | AW95: งานเคลือบ+พิมพ์ | AX95: / | AY95: มีลบสี | AZ95: 0 | BA95: 0 | BB95: 0 | BC95: WRWT25850/WRWT25850 | BD95: 0
A96: 45720 | B96: ใบรับคำสั่งซื้อ | C96: บจก.เอพีเอ็ม อะโกร | D96: นีโอ พี3(เอส) | E96: 20 | F96: 38 | G96: ขาว | H96: ด้าน | I96: 100 | J96: ± | K96: 5 | L96: บิด | M96: ไม่สวมถุงใน | N96: 0 | O96: 0 | P96: 0 | Q96: 0 | R96: 0 | S96: 500กระสอบแบน | T96: รอส่ง | U96: 4000 | V96: 4010 | W96: 0 | X96: 4470 | Y96: 0 | Z96: WSWT2025800SM | AA96: 0 | AB96: 0 | AC96: 0 | AD96: 0 | AE96: 0 | AF96: 0 | AG96: พร้อมส่ง | AH96: P6 | AI96: 4 | AJ96: รอส่ง | AK96: #VALUE! | AL96: #VALUE! | AM96: #VALUE! | AN96: #VALUE! | AO96: #VALUE! | AP96: #VALUE! | AQ96: 0 | AR96: 0 | AS96: 0 | AT96: 0 | AU96: 0 | AV96: 0 | AW96: งานเคลือบ+พิมพ์ | AX96: / | AY96: 0 | AZ96: 0 | BA96: 0 | BB96: 0 | BC96: WRWT25850/WRWT25850 | BD96: 0
A97: 45720 | B97: ใบรับคำสั่งซื้อ | C97: บจก.เอพีเอ็ม อะโกร | D97: นีโอ พี4(เอส) | E97: 20 | F97: 38 | G97: ขาว | H97: ด้าน | I97: 100 | J97: ± | K97: 5 | L97: บิด | M97: ไม่สวมถุงใน | N97: 0 | O97: 0 | P97: 0 | Q97: 0 | R97: 0 | S97: 500กระสอบแบน | T97: รอส่ง | U97: 3000 | V97: 3065 | W97: 0 | X97: 3300 | Y97: 0 | Z97: WSWT2025800SM | AA97: 0 | AB97: 0 | AC97: 0 | AD97: 0 | AE97: 0 | AF97: 0 | AG97: พร้อมส่ง | AH97: P6 | AI97: 4 | AJ97: รอส่ง | AK97: #VALUE! | AL97: #VALUE! | AM97: #VALUE! | AN97: #VALUE! | AO97: #VALUE! | AP97: #VALUE! | AQ97: 0 | AR97: 0 | AS97: 0 | AT97: 0 | AU97: 0 | AV97: 0 | AW97: งานเคลือบ+พิมพ์ | AX97: / | AY97: 0 | AZ97: 0 | BA97: 0 | BB97: 0 | BC97: WRWT25850/WRWT25850 | BD97: 0
A98: 45541 | B98: MK67-001236 | C98: บจก.เอพีเอ็ม อะโกร | D98: ยูฟีด รวมไก่ วัว | E98: 20 | F98: 40 | G98: ขาว | H98: ด้าน | I98: 108 | J98: ± | K98: 5 | L98: บิด | M98: ไม่สวมถุงใน | N98: 0 | O98: 0 | P98: 0 | Q98: 0 | R98: 0 | S98: 500กระสอบแบน | T98: รอส่ง | U98: 3000 | V98: 3318 | W98: 0 | X98: 0 | Y98: 0 | Z98: WSWT2025800SM | AA98: 0 | AB98: 0 | AC98: 0 | AD98: 0 | AE98: 0 | AF98: ลูกค้าสั่งผิดเอาไปส่งเดือน10 | AG98: พร้อมส่ง | AH98: P6 | AI98: 4 | AJ98: รอส่ง | AK98: #VALUE! | AL98: #VALUE! | AM98: #VALUE! | AN98: #VALUE! | AO98: #VALUE! | AP98: #VALUE! | AQ98: 0 | AR98: 0 | AS98: 0 | AT98: 0 | AU98: 0 | AV98: 0 | AW98: งานเคลือบ+พิมพ์ | AX98: 0 | AY98: ลูกค้าต้องการเคลือบใส แต่เปิดมาเคลือบด้าน | AZ98: 0 | BA98: 0 | BB98: 0 | BC98: WRWT25850/WRWT25850 | BD98: 0
A99: 45581 | B99: MK67-001396 | C99: บจก.เอพีเอ็ม อะโกร | D99: นีโอ พี4 | E99: 20 | F99: 38 | G99: ขาว | H99: ด้าน | I99: 100 | J99: ± | K99: 5 | L99: บิด | M99: ไม่สวมถุงใน | N99: 0 | O99: 0 | P99: 0 | Q99: 0 | R99: 0 | S99: 500กระสอบแบน | T99: รอส่ง | U99: 3000 | V99: 3194 | W99: 0 | X99: 5632 | Y99: 0 | Z99: WSWT2025800SM | AA99: 0 | AB99: 0 | AC99: 0 | AD99: 0 | AE99: 0 | AF99: 0 | AG99: พร้อมส่ง | AH99: P6 | AI99: 4 | AJ99: รอส่ง | AK99: #VALUE! | AL99: #VALUE! | AM99: #VALUE! | AN99: #VALUE! | AO99: #VALUE! | AP99: #VALUE! | AQ99: 0 | AR99: 0 | AS99: 0 | AT99: 0 | AU99: 0 | AV99: 0 | AW99: งานเคลือบ+พิมพ์ | AX99: / | AY99: 0 | AZ99: 0 | BA99: 0 | BB99: 0 | BC99: WRWT25850/WRWT25850 | BD99: 0
A100: 0 | B100: 0 | C100: 0 | D100: 0 | E100: 20 | F100: 38 | G100: 0 | H100: 0 | I100: 84 | J100: ± | K100: 5 | L100: 0 | M100: 0 | N100: 0 | O100: 0 | P100: 0 | Q100: 0 | R100: 0 | S100: 0 | U100: 0 | V100: 0 | W100: 0 | X100: 0 | Y100: 0 | Z100: WSWT2025800SM | AA100: 245731.93 | AB100: 41854.866 | AC100: 203877.06 | AD100: 0 | AE100: 245731.93 | AF100: ระบุในSD | AG100: รอตัด | AH100: 0 | AI100: Lead time | AJ100: 0 | AK100: 0 | AL100: 0 | AM100: 0 | AN100: 0 | AO100: 0 | AP100: 0 | AQ100: 0 | AR100: 0 | AS100: 0 | AT100: 0 | AU100: 0 | AV100: 0 | AW100: 0 | AX100: 0 | AY100: 0 | AZ100: 0 | BA100: 0 | BB100: 0 | BC100: WRWT25850/WRWT25850 | BD100: 0
A101: 45820 | B101: MK68-000777 | C101: บจก.เคอรี่ฟลาวมิลล์ | D101: ชามแดง 25กก. | E101: 20 | F101: 32 | G101: ขาว | H101: 0 | I101: 72 | J101: ± | K101: 5 | L101: บิด | M101: ไม่สวมถุงใน | N101: 0 | O101: 0 | P101: 0 | Q101: 0 | R101: 0 | S101: ห่ออัดเบลแบน500 | T101: 45832 | U101: 5000 | V101: 0 | W101: 5000 | X101: 5400 | Y101: 0 | Z101: WSWT2025800 | AA101: 0 | AB101: 0 | AC101: 0 | AD101: 0 | AE101: 0 | AF101: PDR250188 | AG101: รอตัด | AH101: P7 | AI101: 2 | AJ101: 45832 | AK101: 0 | AL101: 45823 | AM101: 45830 | AN101: 45831 | AO101: 45831 | AP101: 45827 | AQ101: 0 | AR101: 0 | AS101: 0 | AT101: 0 | AU101: 0 | AV101: 0 | AW101: งานพิมพ์ | AX101: รอART | AY101: 0 | AZ101: 0 | BA101: 0 | BB101: 0 | BC101: WRWT25800/WRWT25800 | BD101: 0
...

Sheet 21-6-68
B2: เรียงกำหนดส่ง | D2: ลบ 0 | T2: เรียง 1
B3: ข้อมูลUpdate ณ. วันที่ | D3: 45829 | E3: เวลา | G3: 11.12
A4: วันรับออร์เดอร์/แบบ | B4: เลขที่ SO | C4: ชื่อลูกค้า | E4: 10.3 | I4: น้ำหนัก | L4: บิด/จับจีบ | M4: ถุงใน | Q4: 44873 | S4: วิธีบรรจุ | T4: วันส่ง | U4: จำนวนส่ง | V4: ตัดเย็บ (ใบ) | W4: 44873 | X4: พิมพ์ (ใบ) | Y4: 44876 | Z4: ผ้าทอ (เมตร) Updateณ | AB4: 44876 | AD4: ผ้าเคลือบ(เมตร) | AF4: หมายเหตุ | AG4: เครื่อง
A5: วันรับออร์เดอร์/แบบ | B5: เลขที่ SO | C5: ชื่อลูกค้า | D5: ตรา | E5: กว้าง | F5: ยาว | G5: สี | H5: เคลือบ | I5: กรัม/ใบ | J5: * | K5: aw | L5: บิด/จับจีบ | M5: กว้าง | N5: ยาว | O5: หนา | P5: ใช้(กก.) | Q5: Stock(กก.) | R5: ผลิต(กก.) | S5: วิธีบรรจุ | T5: วันส่ง | U5: จำนวนส่ง | V5: StockFG | W5: ค้างตัด | X5: พิมพ์แล้ว | Y5: ค้างพิมพ์ | Z5: ประเภท | AA5: ใช้ | AB5: Stock | AC5: ค้างทอ | AD5: Stock | AE5: ค้างเคลือบ | AF5: หมายเหตุ | AG5: ที่พิมพ์ได้ | AH5: process | AI5: Lead time | AJ5: วันที่ส่งPL | AK5: เคลือบ | AL5: ได้ ART | AM5: พิมพ์ | AN5: จีบ-บิด | AO5: ตัด-เย็บ | AP5: ทอ | AQ5: สวมถุง | AR5: เย็บปาก | AS5: PT | AT5: ม้วน | AU5: ตัด | AV5: ตอกตาไก่ | AW5: GROUP | AX5: ART | AY5: หมายเหตุปัญหา | AZ5: ราคา/ใบ | BA5: ราคารวม | BB5: workweek | BC5: เส้นเทป | BD5: จำนวน
A6: ประมาณการ | B6: ประมาณการ | C6: บจก.ซัน ซีเมนต์ โพรเซส | D6: พระอาทิตย์(ปูนนอน-ชริงค์) | E6: 16 | F6: 25 | G6: ขาว | H6: ใส | I6: 50 | J6: ± | K6: 5 | L6: บิด | M6: 19 | N6: 28 | O6: 40 | P6: 65.624643 | Q6: 0 | R6: 65.624643 | S6: 500กระสอบ | T6: 45868 | U6: 5000 | V6: 0 | W6: 5000 | X6: 0 | Y6: 5250 | Z6: WSWT1625800SM | AA6: 3702.05 | AB6: 3372 | AC6: 330.05 | AD6: 0 | AE6: 3702.05 | AF6: 0 | AG6: พร้อมส่ง | AH6: P8 | AI6: 4 | AJ6: 45868 | AK6: 45864 | AL6: 45858 | AM6: 45865 | AN6: 45866 | AO6: 45866 | AP6: 45863 | AQ6: 45867 | AR6: 0 | AS6: 0 | AT6: 0 | AU6: 0 | AV6: 0 | AW6: งานเคลือบ+พิมพ์ | AX6: รอART | AY6: 0 | AZ6: 0 | BA6: 0 | BB6: 0 | BC6: WRWT25800/WRWT25800 | BD6: 18.776178
A7: 0 | B7: 0 | C7: 0 | E7: 16 | F7: 25 | G7: ขาว | H7: 0 | I7: 45 | J7: ± | K7: 5 | L7: 0 | M7: 0 | N7: 0 | O7: 0 | P7: 0 | Q7: 0 | R7: 0 | S7: 0 | U7: 0 | V7: 0 | W7: 0 | X7: 0 | Y7: 0 | Z7: WSWT1625800SM | AA7: 3702.05 | AB7: 3372 | AC7: 330.05 | AD7: 0 | AE7: 3702.05 | AF7: ระบุในSD | AG7: พร้อมส่ง | AH7: 0 | AI7: Lead time | AJ7: 0 | AK7: 0 | AL7: 0 | AM7: 0 | AN7: 0 | AO7: 0 | AP7: 0 | AQ7: 0 | AR7: 0 | AS7: 0 | AT7: 0 | AU7: 0 | AV7: 0 | AW7: 0 | AX7: 0 | AY7: 0 | AZ7: 0 | BA7: 0 | BB7: 0 | BC7: WRWT160800/WRWT25800 | BD7: 0
A8: 45827 | B8: MK68-000809 | C8: บจก.เคอรี่ฟลาวมิลล์ | D8: โบว์แดง 10กก | E8: 16 | F8: 25 | G8: ขาว | H8: 0 | I8: 45 | J8: ± | K8: 5 | L8: ไม่ | M8: ไม่สวมถุงใน | N8: 0 | O8: 0 | P8: 0 | Q8: 0 | R8: 0 | S8: ห่ออัดเบลแบน500 | T8: 45836 | U8: 5000 | V8: 0 | W8: 5000 | X8: 0 | Y8: 5250 | Z8: WSWT1625800 | AA8: 3702.05 | AB8: 3702.05 | AC8: 0 | AD8: 0 | AE8: 0 | AF8: 0 | AG8: พร้อมส่ง | AH8: P7 | AI8: 2 | AJ8: 45836 | AK8: 0 | AL8: 45827 | AM8: 45834 | AN8: 45835 | AO8: 45835 | AP8: 45831 | AQ8: 0 | AR8: 0 | AS8: 0 | AT8: 0 | AU8: 0 | AV8: 0 | AW8: งานพิมพ์ | AX8: 0 | AY8: 0 | AZ8: 0 | BA8: 0 | BB8: 0 | BC8: WRWT25800/WRWT25800 | BD8: 0
A9: 0 | B9: 0 | C9: 0 | D9: 0 | E9: 16 | F9: 25 | G9: ขาว | H9: 0 | I9: 45 | J9: ± | K9: 5 | L9: 0 | M9: 0 | N9: 0 | O9: 0 | P9: 0 | Q9: 0 | R9: 0 | S9: 0 | U9: 0 | V9: 0 | W9: 0 | X9: 0 | Y9: 0 | Z9: WSWT1625800 | AA9: 3702.05 | AB9: 3702.05 | AC9: 0 | AD9: 0 | AE9: 0 | AF9: ระบุในSD | AG9: ยังไม่ได้พิมพ์ | AH9: 0 | AI9: Lead time | AJ9: 0 | AK9: 0 | AL9: 0 | AM9: 0 | AN9: 0 | AO9: 0 | AP9: 0 | AQ9: 0 | AR9: 0 | AS9: 0 | AT9: 0 | AU9: 0 | AV9: 0 | AW9: 0 | AX9: 0 | AY9: 0 | AZ9: 0 | BA9: 0 | BB9: 0 | BC9: WRWT160800/WRWT25800 | BD9: 0
A10: ประมาณการ | B10: ประมาณการ | C10: บจก.ฟาร์เธอร์ส วิง ซัพพลาย | D10: รถไฟ | E10: 18 | F10: 30 | G10: ขาว | H10: 0 | I10: 54 | J10: ± | K10: 5 | L10: บิด | M10: 19 | N10: 33 | O10: 40 | P10: 232.02999 | Q10: 0 | R10: 232.02999 | S10: 500กระสอบ | T10: 45868 | U10: 15000 | V10: 0 | W10: 15000 | X10: 0 | Y10: 15750 | Z10: WSWT1825800 | AA10: 13201.65 | AB10: 6301 | AC10: 6900.65 | AD10: 0 | AE10: 0 | AF10: 0 | AG10: ยังไม่ได้พิมพ์ | AH10: P9 | AI10: 3 | AJ10: 45868 | AK10: 0 | AL10: 45858 | AM10: 45865 | AN10: 45866 | AO10: 45866 | AP10: 45863 | AQ10: 45867 | AR10: 0 | AS10: 0 | AT10: 0 | AU10: 0 | AV10: 0 | AW10: งานพิมพ์ | AX10: รอART | AY10: 0 | AZ10: 0 | BA10: 0 | BB10: 0 | BC10: WRWT25800/WRWT25800 | BD10: 474.76472
A11: 0 | B11: 0 | E11: 18 | F11: 30 | G11: ขาว | H11: 0 | I11: 54 | J11: ± | K11: 5 | L11: 0 | M11: 0 | N11: 0 | O11: 0 | P11: 0 | Q11: 0 | R11: 0 | S11: 0 | U11: 0 | V11: 0 | W11: 0 | X11: 0 | Y11: 0 | Z11: WSWT1825800 | AA11: 13201.65 | AB11: 6301 | AC11: 6900.65 | AD11: 0 | AE11: 0 | AF11: ระบุในSD | AG11: พร้อมส่ง | AH11: 0 | AI11: Lead time | AJ11: 0 | AK11: 0 | AL11: 0 | AM11: 0 | AN11: 0 | AO11: 0 | AP11: 0 | AQ11: 0 | AR11: 0 | AS11: 0 | AT11: 0 | AU11: 0 | AV11: 0 | AW11: 0 | AX11: 0 | AY11: 0 | AZ11: 0 | BA11: 0 | BB11: 0 | BC11: WRWT25800/WRWT25800 | BD11: 0
A12: 45797 | B12: MK68-000687 | C12: บจก.ซิเบลโก้(บางเลน) | D12: PORTARYTE | E12: 18 | F12: 30 | G12: ขาว | H12: ใส | I12: 74 | J12: ± | K12: 5 | L12: ไม่ | M12: ไม่สวมถุงใน | N12: 0 | O12: 0 | P12: 0 | Q12: 0 | R12: 0 | S12: 500กระสอบ | T12: 45834 | U12: 10000 | V12: 0 | W12: 10000 | X12: 0 | Y12: 10500 | Z12: WSWT1825800SM | AA12: 8801.1 | AB12: 8801.1 | AC12: 0 | AD12: 0 | AE12: 8801.1 | AF12: ห้ามเกิน-ขาดได้5% | AG12: ยังไม่ได้พิมพ์ | AH12: P6 | AI12: 4 | AJ12: 45834 | AK12: 45830 | AL12: 45823 | AM12: 45831 | AN12: 45832 | AO12: 45833 | AP12: 45829 | AQ12: 0 | AR12: 0 | AS12: 0 | AT12: 0 | AU12: 0 | AV12: 0 | AW12: งานเคลือบ+พิมพ์ | AX12: / | AY12: 0 | AZ12: 0 | BA12: 0 | BB12: 0 | BC12: WRWT25800/WRWT25800 | BD12: 0
A13: 45824 | B13: MK68-000794 | C13: บจก.ซิเบลโก้(บางเลน) | D13: FELDSPAR K200BL | E13: 18 | F13: 30 | G13: ขาว | H13: ใส | I13: 74 | J13: ± | K13: 5 | L13: ไม่ | M13: ไม่สวมถุงใน | N13: 0 | O13: 0 | P13: 0 | Q13: 0 | R13: 0 | S13: 500กระสอบ | T13: 45834 | U13: 5000 | V13: 0 | W13: 5000 | X13: 0 | Y13: 5250 | Z13: WSWT1825800SM | AA13: 4400.55 | AB13: 4400.55 | AC13: 0 | AD13: 0 | AE13: 4400.55 | AF13: ห้ามเกิน-ขาดได้5% | AG13: ยังไม่ได้พิมพ์ | AH13: P6 | AI13: 4 | AJ13: 45834 | AK13: 45830 | AL13: 45823 | AM13: 45831 | AN13: 45832 | AO13: 45833 | AP13: 45829 | AQ13: 0 | AR13: 0 | AS13: 0 | AT13: 0 | AU13: 0 | AV13: 0 | AW13: งานเคลือบ+พิมพ์ | AX13: / | AY13: 0 | AZ13: 0 | BA13: 0 | BB13: 0 | BC13: WRWT25800/WRWT25800 | BD13: 0
A14: 0 | B14: 0 | C14: 0 | E14: 18 | F14: 25 | G14: ขาว | H14: 0 | I14: 50 | J14: ± | K14: 5 | L14: 0 | M14: 0 | N14: 0 | O14: 0 | P14: 0 | Q14: 0 | R14: 0 | S14: 0 | U14: 0 | V14: 0 | W14: 0 | X14: 0 | Y14: 0 | Z14: WSWT1825800SM | AA14: 13201.65 | AB14: 13201.65 | AC14: 0 | AD14: 0 | AE14: 13201.65 | AF14: ระบุในSD | AG14: ยังไม่ได้พิมพ์ | AH14: 0 | AI14: Lead time | AJ14: 0 | AK14: 0 | AL14: 0 | AM14: 0 | AN14: 0 | AO14: 0 | AP14: 0 | AQ14: 0 | AR14: 0 | AS14: 0 | AT14: 0 | AU14: 0 | AV14: 0 | AW14: 0 | AX14: 0 | AY14: 0 | AZ14: 0 | BA14: 0 | BB14: 0 | BC14: WRWT180800/WRWT25800 | BD14: 0
A15: 45820 | B15: MK68-000785 | C15: บจก.ซีแมนอินดัสตรี | D15: W30 | E15: 19 | F15: 28 | G15: ขาว | H15: 0 | I15: 56 | J15: ± | K15: 5 | L15: ไม่ | M15: 20 | N15: 30 | O15: 90 | P15: 999.1722 | Q15: 0 | R15: 999.1722 | S15: มัด100 | T15: 45835 | U15: 30000 | V15: 0 | W15: 30000 | X15: 0 | Y15: 31500 | Z15: WSWT1925800 | AA15: 24726.9 | AB15: 22584 | AC15: 2142.9 | AD15: 0 | AE15: 0 | AF15: 0 | AG15: ยังไม่ได้พิมพ์ | AH15: P9 | AI15: 3 | AJ15: 45835 | AK15: 0 | AL15: 45825 | AM15: 45832 | AN15: 45833 | AO15: 45833 | AP15: 45830 | AQ15: 45834 | AR15: 0 | AS15: 0 | AT15: 0 | AU15: 0 | AV15: 0 | AW15: งานพิมพ์ | AX15: / | AY15: 0 | AZ15: 0 | BA15: 0 | BB15: 0 | BC15: WRWT25800/WRWT25800 | BD15: 155.62216
A16: 45827 | B16: ใบรับคำสั่งซื้อ | C16: บจก.เพรซิเดนท์ฟลาวมิลล์ | D16: ผึ้งเหลือง | E16: 19 | F16: 30 | G16: ขาว | H16: 0 | I16: 60 | J16: ± | K16: 5 | L16: บิด | M16: ไม่สวมถุงใน | N16: 0 | O16: 0 | P16: 0 | Q16: 0 | R16: 0 | S16: 500กระสอบแบน | T16: 45841 | U16: 50000 | V16: 0 | W16: 50000 | X16: 0 | Y16: 52500 | Z16: WSWT1925800 | AA16: 44005.5 | AB16: 0 | AC16: 44005.5 | AD16: 0 | AE16: 0 | AF16: 0 | AG16: ยังไม่ได้พิมพ์ | AH16: P7 | AI16: 2 | AJ16: 45841 | AK16: 0 | AL16: 45832 | AM16: 45839 | AN16: 45840 | AO16: 45840 | AP16: 45836 | AQ16: 0 | AR16: 0 | AS16: 0 | AT16: 0 | AU16: 0 | AV16: 0 | AW16: งานพิมพ์ | AX16: รอART | AY16: เย็น2/7 | AZ16: 0 | BA16: 0 | BB16: 0 | BC16: WRWT25800/WRWT25800 | BD16: 3195.7772
A17: 45827 | B17: ใบรับคำสั่งซื้อ | C17: บจก.เพรซิเดนท์ฟลาวมิลล์ | D17: ผึ้งชมพู | E17: 19 | F17: 30 | G17: ขาว | H17: 0 | I17: 60 | J17: ± | K17: 5 | L17: บิด | M17: ไม่สวมถุงใน | N17: 0 | O17: 0 | P17: 0 | Q17: 0 | R17: 0 | S17: 500กระสอบแบน | T17: 45841 | U17: 20000 | V17: 0 | W17: 20000 | X17: 0 | Y17: 21000 | Z17: WSWT1925800 | AA17: 17602.2 | AB17: 0 | AC17: 17602.2 | AD17: 0 | AE17: 0 | AF17: 0 | AG17: รอแบบ | AH17: P7 | AI17: 2 | AJ17: 45841 | AK17: 0 | AL17: 45832 | AM17: 45839 | AN17: 45840 | AO17: 45840 | AP17: 45836 | AQ17: 0 | AR17: 0 | AS17: 0 | AT17: 0 | AU17: 0 | AV17: 0 | AW17: งานพิมพ์ | AX17: รอART | AY17: เย็น2/7 | AZ17: 0 | BA17: 0 | BB17: 0 | BC17: WRWT25800/WRWT25800 | BD17: 1278.3109
A18: 45827 | B18: ใบรับคำสั่งซื้อ | C18: บจก.เพรซิเดนท์ฟลาวมิลล์ | D18: ผึ้งเหลือง | E18: 19 | F18: 30 | G18: ขาว | H18: 0 | I18: 60 | J18: ± | K18: 5 | L18: บิด | M18: ไม่สวมถุงใน | N18: 0 | O18: 0 | P18: 0 | Q18: 0 | R18: 0 | S18: 500กระสอบแบน | T18: 45847 | U18: 50000 | V18: 0 | W18: 50000 | X18: 0 | Y18: 52500 | Z18: WSWT1925800 | AA18: 44005.5 | AB18: 0 | AC18: 44005.5 | AD18: 0 | AE18: 0 | AF18: 0 | AG18: ยังไม่ได้พิมพ์ | AH18: P7 | AI18: 2 | AJ18: 45847 | AK18: 0 | AL18: 45838 | AM18: 45845 | AN18: 45846 | AO18: 45846 | AP18: 45842 | AQ18: 0 | AR18: 0 | AS18: 0 | AT18: 0 | AU18: 0 | AV18: 0 | AW18: งานพิมพ์ | AX18: รอART | AY18: เย็น8/7 | AZ18: 0 | BA18: 0 | BB18: 0 | BC18: WRWT25800/WRWT25800 | BD18: 3195.7772
A19: 45827 | B19: ใบรับคำสั่งซื้อ | C19: บจก.เพรซิเดนท์ฟลาวมิลล์ | D19: ผึ้งชมพู | E19: 19 | F19: 30 | G19: ขาว | H19: 0 | I19: 60 | J19: ± | K19: 5 | L19: บิด | M19: ไม่สวมถุงใน | N19: 0 | O19: 0 | P19: 0 | Q19: 0 | R19: 0 | S19: 500กระสอบแบน | T19: 45855 | U19: 20000 | V19: 0 | W19: 20000 | X19: 0 | Y19: 21000 | Z19: WSWT1925800 | AA19: 17602.2 | AB19: 0 | AC19: 17602.2 | AD19: 0 | AE19: 0 | AF19: 0 | AG19: พร้อมส่ง | AH19: P7 | AI19: 2 | AJ19: 45855 | AK19: 0 | AL19: 45846 | AM19: 45853 | AN19: 45854 | AO19: 45854 | AP19: 45850 | AQ19: 0 | AR19: 0 | AS19: 0 | AT19: 0 | AU19: 0 | AV19: 0 | AW19: งานพิมพ์ | AX19: รอART | AY19: เย็น16/7 | AZ19: 0 | BA19: 0 | BB19: 0 | BC19: WRWT25800/WRWT25800 | BD19: 1278.3109
A20: ประมาณการ | B20: ประมาณการ | C20: บจก.เอ็กเซลเล้นท์ | D20: รอแบบ | E20: 19 | F20: 30 | G20: ขาว | H20: 0 | I20: 60 | J20: ± | K20: 5 | L20: บิด | M20: ไม่สวมถุงใน | N20: 0 | O20: 0 | P20: 0 | Q20: 0 | R20: 0 | S20: 500กระสอบ | T20: 45868 | U20: 30000 | V20: 0 | W20: 30000 | X20: 0 | Y20: 31500 | Z20: WSWT1925800 | AA20: 26403.3 | AB20: 0 | AC20: 26403.3 | AD20: 0 | AE20: 0 | AF20: 0 | AG20: รอตัด | AH20: P7 | AI20: 2 | AJ20: 45868 | AK20: 0 | AL20: 45859 | AM20: 45866 | AN20: 45867 | AO20: 45867 | AP20: 45863 | AQ20: 0 | AR20: 0 | AS20: 0 | AT20: 0 | AU20: 0 | AV20: 0 | AW20: งานพิมพ์ | AX20: รอART | AY20: 0 | AZ20: 0 | BA20: 0 | BB20: 0 | BC20: WRWT25800/WRWT25800 | BD20: 1917.4663
A21: ประมาณการ | B21: ประมาณการ | C21: บจก.ไลม์มาสเตอร์ | D21: LMC 25 kg | E21: 19 | F21: 32 | G21: ขาว | H21: 0 | I21: 64 | J21: ± | K21: 5 | L21: ไม่ | M21: 20 | N21: 35 | O21: 40 | P21: 345.39286 | Q21: 0 | R21: 345.39286 | S21: 500กระสอบแบน | T21: 45868 | U21: 20000 | V21: 0 | W21: 20000 | X21: 0 | Y21: 21000 | Z21: WSWT1925800 | AA21: 18719.8 | AB21: 0 | AC21: 18719.8 | AD21: 0 | AE21: 0 | AF21: 0 | AG21: ยังไม่ได้พิมพ์ | AH21: P9 | AI21: 3 | AJ21: 45868 | AK21: 0 | AL21: 45858 | AM21: 45865 | AN21: 45866 | AO21: 45866 | AP21: 45863 | AQ21: 45867 | AR21: 0 | AS21: 0 | AT21: 0 | AU21: 0 | AV21: 0 | AW21: งานพิมพ์ | AX21: รอART | AY21: 0 | AZ21: 0 | BA21: 0 | BB21: 0 | BC21: WRWT25800/WRWT25800 | BD21: 1359.4735
A22: 0 | B22: 0 | C22: 0 | D22: 0 | E22: 19 | F22: 30 | G22: ขาว | H22: 0 | I22: 60 | J22: ± | K22: 5 | L22: 0 | M22: 0 | N22: 0 | O22: 0 | P22: 0 | Q22: 0 | R22: 0 | S22: 0 | U22: 0 | V22: 0 | W22: 0 | X22: 0 | Y22: 0 | Z22: WSWT1925800 | AA22: 193065.4 | AB22: 22584 | AC22: 170481.4 | AD22: 0 | AE22: 0 | AF22: ระบุในSD | AG22: รอตัด | AH22: 0 | AI22: Lead time | AJ22: 0 | AK22: 0 | AL22: 0 | AM22: 0 | AN22: 0 | AO22: 0 | AP22: 0 | AQ22: 0 | AR22: 0 | AS22: 0 | AT22: 0 | AU22: 0 | AV22: 0 | AW22: 0 | AX22: 0 | AY22: 0 | AZ22: 0 | BA22: 0 | BB22: 0 | BC22: WRWT25800/WRWT25800 | BD22: 0
A23: 45820 | B23: MK68-000778 | C23: บจก.เคอรี่ฟลาวมิลล์ | D23: ปลาโลมาแดง | E23: 19 | F23: 30 | G23: ขาว | H23: 0 | I23: 63 | J23: + | K23: 5 | L23: บิด | M23: ไม่สวมถุงใน | N23: 0 | O23: 0 | P23: 0 | Q23: 0 | R23: 0 | S23: ห่ออัดเบลแบน500 | T23: 45832 | U23: 5000 | V23: 0 | W23: 5000 | X23: 5200 | Y23: 0 | Z23: WSWT1921720 | AA23: 0 | AB23: 0 | AC23: 0 | AD23: 0 | AE23: 0 | AF23: PDR250188 | AG23: รอตัด | AH23: P7 | AI23: 2 | AJ23: #REF! | AK23: 0 | AL23: #REF! | AM23: #REF! | AN23: #REF! | AO23: #REF! | AP23: #REF! | AQ23: 0 | AR23: 0 | AS23: 0 | AT23: 0 | AU23: 0 | AV23: 0 | AW23: งานพิมพ์ | AX23: 0 | AY23: 0 | AZ23: 0 | BA23: 0 | BB23: 0 | BC23: WRWT21720/WRWT25800 | BD23: 0
A24: 45820 | B24: MK68-000814 | C24: บจก.เคอรี่ฟลาวมิลล์ | D24: FW-Y | E24: 19 | F24: 32 | G24: ขาว | H24: 0 | I24: 67 | J24: + | K24: 5 | L24: ไม่ | M24: ไม่สวมถุงใน | N24: 0 | O24: 0 | P24: 0 | Q24: 0 | R24: 0 | S24: ห่ออัดเบลแบน500 | T24: 45832 | U24: 5000 | V24: 0 | W24: 5000 | X24: 0 | Y24: 5250 | Z24: WSWT1921720 | AA24: 4679.95 | AB24: 0 | AC24: 4679.95 | AD24: 0 | AE24: 0 | AF24: PDR250188 | AG24: พิมพ์ไม่ครบ | AH24: P7 | AI24: 2 | AJ24: 45832 | AK24: 0 | AL24: 45823 | AM24: 45830 | AN24: 45831 | AO24: 45831 | AP24: 45827 | AQ24: 0 | AR24: 0 | AS24: 0 | AT24: 0 | AU24: 0 | AV24: 0 | AW24: งานพิมพ์ | AX24: 0 | AY24: 0 | AZ24: 0 | BA24: 0 | BB24: 0 | BC24: WRWT21720/WRWT25800 | BD24: 352.51463
A25: 45820 | B25: MK68-000778 | C25: บจก.เคอรี่ฟลาวมิลล์ | D25: กุ้งแดง | E25: 19 | F25: 30 | G25: ขาว | H25: 0 | I25: 63 | J25: + | K25: 5 | L25: บิด | M25: ไม่สวมถุงใน | N25: 0 | O25: 0 | P25: 0 | Q25: 0 | R25: 0 | S25: ห่ออัดเบลแบน500 | T25: 45832 | U25: 10000 | V25: 0 | W25: 10000 | X25: 10940 | Y25: 0 | Z25: WSWT1921720 | AA25: 0 | AB25: 0 | AC25: 0 | AD25: 0 | AE25: 0 | AF25: PDR250188 | AG25: ยังไม่ได้พิมพ์ | AH25: P7 | AI25: 2 | AJ25: 45832 | AK25: 0 | AL25: 45823 | AM25: 45830 | AN25: 45831 | AO25: 45831 | AP25: 45827 | AQ25: 0 | AR25: 0 | AS25: 0 | AT25: 0 | AU25: 0 | AV25: 0 | AW25: งานพิมพ์ | AX25: 0 | AY25: 0 | AZ25: 0 | BA25: 0 | BB25: 0 | BC25: WRWT21720/WRWT25800 | BD25: 0
A26: 45820 | B26: MK68-000780 | C26: บจก.เคอรี่ฟลาวมิลล์ | D26: ปลาโลมาแดง | E26: 19 | F26: 30 | G26: ขาว | H26: 0 | I26: 63 | J26: + | K26: 5 | L26: บิด | M26: ไม่สวมถุงใน | N26: 0 | O26: 0 | P26: 0 | Q26: 0 | R26: 0 | S26: ห่ออัดเบลแบน500 | T26: 45832 | U26: 5000 | V26: 0 | W26: 5000 | X26: 5200 | Y26: 0 | Z26: WSWT1921720 | AA26: 0 | AB26: 0 | AC26: 0 | AD26: 0 | AE26: 0 | AF26: PDR250189 | AG26: ยังไม่ได้พิมพ์ | AH26: P7 | AI26: 2 | AJ26: #REF! | AK26: 0 | AL26: #REF! | AM26: #REF! | AN26: #REF! | AO26: #REF! | AP26: #REF! | AQ26: 0 | AR26: 0 | AS26: 0 | AT26: 0 | AU26: 0 | AV26: 0 | AW26: งานพิมพ์ | AX26: 0 | AY26: 0 | AZ26: 0 | BA26: 0 | BB26: 0 | BC26: WRWT21720/WRWT25800 | BD26: 0
A27: 45820 | B27: MK68-000780 | C27: บจก.เคอรี่ฟลาวมิลล์ | D27: กุ้งแดง | E27: 19 | F27: 30 | G27: ขาว | H27: 0 | I27: 63 | J27: + | K27: 5 | L27: บิด | M27: ไม่สวมถุงใน | N27: 0 | O27: 0 | P27: 0 | Q27: 0 | R27: 0 | S27: ห่ออัดเบลแบน500 | T27: 45832 | U27: 10000 | V27: 0 | W27: 10000 | X27: 6290 | Y27: 3895.5 | Z27: WSWT1921720 | AA27: 3428.4685 | AB27: 3428.4685 | AC27: 0 | AD27: 0 | AE27: 0 | AF27: PDR250189 | AG27: ยังไม่ได้พิมพ์ | AH27: P7 | AI27: 2 | AJ27: #REF! | AK27: 0 | AL27: #REF! | AM27: #REF! | AN27: #REF! | AO27: #REF! | AP27: #REF! | AQ27: 0 | AR27: 0 | AS27: 0 | AT27: 0 | AU27: 0 | AV27: 0 | AW27: งานพิมพ์ | AX27: 0 | AY27: 0 | AZ27: 0 | BA27: 0 | BB27: 0 | BC27: WRWT21720/WRWT25800 | BD27: 0
A28: 45820 | B28: MK68-000779 | C28: บจก.เคอรี่ฟลาวมิลล์ | D28: ดอกไม้แดง | E28: 19 | F28: 32 | G28: ขาว | H28: 0 | I28: 67 | J28: + | K28: 5 | L28: บิด | M28: ไม่สวมถุงใน | N28: 0 | O28: 0 | P28: 0 | Q28: 0 | R28: 0 | S28: ห่ออัดเบลแบน500 | T28: 45832 | U28: 5000 | V28: 0 | W28: 5000 | X28: 0 | Y28: 5250 | Z28: WSWT1921720 | AA28: 4679.95 | AB28: 0 | AC28: 4679.95 | AD28: 0 | AE28: 0 | AF28: PDR250189 | AG28: ยังไม่ได้พิมพ์ | AH28: P7 | AI28: 2 | AJ28: 45832 | AK28: 0 | AL28: 45823 | AM28: 45830 | AN28: 45831 | AO28: 45831 | AP28: 45827 | AQ28: 0 | AR28: 0 | AS28: 0 | AT28: 0 | AU28: 0 | AV28: 0 | AW28: งานพิมพ์ | AX28: 0 | AY28: 0 | AZ28: 0 | BA28: 0 | BB28: 0 | BC28: WRWT21720/WRWT25800 | BD28: 352.51463
A29: 45820 | B29: MK68-000779 | C29: บจก.เคอรี่ฟลาวมิลล์ | D29: ดอกไม้เขียว | E29: 19 | F29: 32 | G29: ขาว | H29: 0 | I29: 67 | J29: + | K29: 5 | L29: บิด | M29: ไม่สวมถุงใน | N29: 0 | O29: 0 | P29: 0 | Q29: 0 | R29: 0 | S29: ห่ออัดเบลแบน500 | T29: 45832 | U29: 5000 | V29: 0 | W29: 5000 | X29: 0 | Y29: 5250 | Z29: WSWT1921720 | AA29: 4679.95 | AB29: 0 | AC29: 4679.95 | AD29: 0 | AE29: 0 | AF29: PDR250189 | AG29: ยังไม่ได้พิมพ์ | AH29: P7 | AI29: 2 | AJ29: 45832 | AK29: 0 | AL29: 45823 | AM29: 45830 | AN29: 45831 | AO29: 45831 | AP29: 45827 | AQ29: 0 | AR29: 0 | AS29: 0 | AT29: 0 | AU29: 0 | AV29: 0 | AW29: งานพิมพ์ | AX29: 0 | AY29: 0 | AZ29: 0 | BA29: 0 | BB29: 0 | BC29: WRWT21720/WRWT25800 | BD29: 352.51463
A30: 45820 | B30: MK68-000778 | C30: บจก.เคอรี่ฟลาวมิลล์ | D30: ถุงเขียว | E30: 19 | F30: 30 | G30: ขาว | H30: 0 | I30: 63 | J30: + | K30: 5 | L30: บิด | M30: ไม่สวมถุงใน | N30: 0 | O30: 0 | P30: 0 | Q30: 0 | R30: 0 | S30: ห่ออัดเบลแบน500 | T30: 45834 | U30: 10000 | V30: 0 | W30: 10000 | X30: 0 | Y30: 10500 | Z30: WSWT1921720 | AA30: 8801.1 | AB30: 0 | AC30: 8801.1 | AD30: 0 | AE30: 0 | AF30: PDR250190 | AG30: ยังไม่ได้พิมพ์ | AH30: P7 | AI30: 2 | AJ30: 45832 | AK30: 0 | AL30: 45823 | AM30: 45830 | AN30: 45831 | AO30: 45831 | AP30: 45827 | AQ30: 0 | AR30: 0 | AS30: 0 | AT30: 0 | AU30: 0 | AV30: 0 | AW30: งานพิมพ์ | AX30: 0 | AY30: 0 | AZ30: 0 | BA30: 0 | BB30: 0 | BC30: WRWT21720/WRWT25800 | BD30: 662.93797
A31: 45820 | B31: MK68-000778 | C31: บจก.เคอรี่ฟลาวมิลล์ | D31: ดอกไม้เขียว | E31: 19 | F31: 30 | G31: ขาว | H31: 0 | I31: 63 | J31: + | K31: 5 | L31: บิด | M31: ไม่สวมถุงใน | N31: 0 | O31: 0 | P31: 0 | Q31: 0 | R31: 0 | S31: ห่ออัดเบลแบน500 | T31: 45834 | U31: 5000 | V31: 0 | W31: 5000 | X31: 0 | Y31: 5250 | Z31: WSWT1921720 | AA31: 4400.55 | AB31: 0 | AC31: 4400.55 | AD31: 0 | AE31: 0 | AF31: PDR250190 | AG31: ยังไม่ได้พิมพ์ | AH31: P7 | AI31: 2 | AJ31: 45834 | AK31: 0 | AL31: 45825 | AM31: 45832 | AN31: 45833 | AO31: 45833 | AP31: 45829 | AQ31: 0 | AR31: 0 | AS31: 0 | AT31: 0 | AU31: 0 | AV31: 0 | AW31: งานพิมพ์ | AX31: 0 | AY31: 0 | AZ31: 0 | BA31: 0 | BB31: 0 | BC31: WRWT21720/WRWT25800 | BD31: 331.46898
A32: 45820 | B32: MK68-000780 | C32: บจก.เคอรี่ฟลาวมิลล์ | D32: ชามแดง | E32: 19 | F32: 30 | G32: ขาว | H32: 0 | I32: 63 | J32: + | K32: 5 | L32: บิด | M32: ไม่สวมถุงใน | N32: 0 | O32: 0 | P32: 0 | Q32: 0 | R32: 0 | S32: ห่ออัดเบลแบน500 | T32: 45834 | U32: 5000 | V32: 0 | W32: 5000 | X32: 0 | Y32: 5250 | Z32: WSWT1921720 | AA32: 4400.55 | AB32: 0 | AC32: 4400.55 | AD32: 0 | AE32: 0 | AF32: PDR250191 | AG32: ยังไม่ได้พิมพ์ | AH32: P7 | AI32: 2 | AJ32: 45832 | AK32: 0 | AL32: 45823 | AM32: 45830 | AN32: 45831 | AO32: 45831 | AP32: 45827 | AQ32: 0 | AR32: 0 | AS32: 0 | AT32: 0 | AU32: 0 | AV32: 0 | AW32: งานพิมพ์ | AX32: 0 | AY32: 0 | AZ32: 0 | BA32: 0 | BB32: 0 | BC32: WRWT21720/WRWT25800 | BD32: 331.46898
A33: 45820 | B33: MK68-000780 | C33: บจก.เคอรี่ฟลาวมิลล์ | D33: 8S | E33: 19 | F33: 30 | G33: ขาว | H33: 0 | I33: 63 | J33: + | K33: 5 | L33: บิด | M33: ไม่สวมถุงใน | N33: 0 | O33: 0 | P33: 0 | Q33: 0 | R33: 0 | S33: ห่ออัดเบลแบน500 | T33: 45834 | U33: 5000 | V33: 0 | W33: 5000 | X33: 0 | Y33: 5250 | Z33: WSWT1921720 | AA33: 4400.55 | AB33: 0 | AC33: 4400.55 | AD33: 0 | AE33: 0 | AF33: PDR250191 | AG33: ผ้าขาว | AH33: P7 | AI33: 2 | AJ33: 45832 | AK33: 0 | AL33: 45823 | AM33: 45830 | AN33: 45831 | AO33: 45831 | AP33: 45827 | AQ33: 0 | AR33: 0 | AS33: 0 | AT33: 0 | AU33: 0 | AV33: 0 | AW33: งานพิมพ์ | AX33: 0 | AY33: 0 | AZ33: 0 | BA33: 0 | BB33: 0 | BC33: WRWT21720/WRWT25800 | BD33: 331.46898
A34: 45820 | B34: MK68-000780 | C34: บจก.เคอรี่ฟลาวมิลล์ | D34: ถุงทองแซนวิช | E34: 19 | F34: 30 | G34: ขาว | H34: 0 | I34: 63 | J34: + | K34: 5 | L34: บิด | M34: ไม่สวมถุงใน | N34: 0 | O34: 0 | P34: 0 | Q34: 0 | R34: 0 | S34: ห่ออัดเบลแบน500 | T34: 45834 | U34: 10000 | V34: 0 | W34: 10000 | X34: 0 | Y34: 10500 | Z34: WSWT1921720 | AA34: 8801.1 | AB34: 0 | AC34: 8801.1 | AD34: 0 | AE34: 0 | AF34: PDR250191 | AG34: ผ้าขาว | AH34: P7 | AI34: 2 | AJ34: 45832 | AK34: 0 | AL34: 45823 | AM34: 45830 | AN34: 45831 | AO34: 45831 | AP34: 45827 | AQ34: 0 | AR34: 0 | AS34: 0 | AT34: 0 | AU34: 0 | AV34: 0 | AW34: งานพิมพ์ | AX34: 0 | AY34: 0 | AZ34: 0 | BA34: 0 | BB34: 0 | BC34: WRWT21720/WRWT25800 | BD34: 662.93797
A35: 45820 | B35: MK68-000781 | C35: บจก.เคอรี่ฟลาวมิลล์ | D35: ดอกไม้แดง | E35: 19 | F35: 32 | G35: ขาว | H35: 0 | I35: 67 | J35: + | K35: 5 | L35: บิด | M35: ไม่สวมถุงใน | N35: 0 | O35: 0 | P35: 0 | Q35: 0 | R35: 0 | S35: ห่ออัดเบลแบน500 | T35: 45834 | U35: 5000 | V35: 0 | W35: 5000 | X35: 0 | Y35: 5250 | Z35: WSWT1921720 | AA35: 4679.95 | AB35: 0 | AC35: 4679.95 | AD35: 0 | AE35: 0 | AF35: PDR250190 | AG35: ผ้าขาว | AH35: P7 | AI35: 2 | AJ35: 45834 | AK35: 0 | AL35: 45825 | AM35: 45832 | AN35: 45833 | AO35: 45833 | AP35: 45829 | AQ35: 0 | AR35: 0 | AS35: 0 | AT35: 0 | AU35: 0 | AV35: 0 | AW35: งานพิมพ์ | AX35: 0 | AY35: 0 | AZ35: 0 | BA35: 0 | BB35: 0 | BC35: WRWT21720/WRWT25800 | BD35: 352.51463
A36: 45820 | B36: MK68-000781 | C36: บจก.เคอรี่ฟลาวมิลล์ | D36: ไม่พิมพ์ | E36: 19 | F36: 36 | G36: ขาว | H36: 0 | I36: 75 | J36: + | K36: 5 | L36: ไม่ | M36: ไม่สวมถุงใน | N36: 0 | O36: 0 | P36: 0 | Q36: 0 | R36: 0 | S36: ห่ออัดเบลแบน500 | T36: 45834 | U36: 5000 | V36: 0 | W36: 5000 | X36: 0 | Y36: 0 | Z36: WSWT1921720 | AA36: 5238.75 | AB36: 0 | AC36: 5238.75 | AD36: 0 | AE36: 0 | AF36: PDR250190 | AG36: ยังไม่ได้พิมพ์ | AH36: P3 | AI36: 2 | AJ36: 45834 | AK36: 0 | AL36: 0 | AM36: 0 | AN36: 0 | AO36: 45832 | AP36: 45829 | AQ36: 0 | AR36: 0 | AS36: 0 | AT36: 0 | AU36: 0 | AV36: 0 | AW36: ตัด | AX36: 0 | AY36: 0 | AZ36: 0 | BA36: 0 | BB36: 0 | BC36: WRWT21720/WRWT25800 | BD36: 394.60593
A37: 45820 | B37: MK68-000782 | C37: บจก.เคอรี่ฟลาวมิลล์ | D37: ไม่พิมพ์ | E37: 19 | F37: 36 | G37: ขาว | H37: 0 | I37: 75 | J37: + | K37: 5 | L37: ไม่ | M37: ไม่สวมถุงใน | N37: 0 | O37: 0 | P37: 0 | Q37: 0 | R37: 0 | S37: ห่ออัดเบลแบน500 | T37: 45834 | U37: 5000 | V37: 0 | W37: 5000 | X37: 0 | Y37: 0 | Z37: WSWT1921720 | AA37: 5238.75 | AB37: 0 | AC37: 5238.75 | AD37: 0 | AE37: 0 | AF37: PDR250191 | AG37: ยังไม่ได้พิมพ์ | AH37: P3 | AI37: 2 | AJ37: 45834 | AK37: 0 | AL37: 0 | AM37: 0 | AN37: 0 | AO37: 45832 | AP37: 45829 | AQ37: 0 | AR37: 0 | AS37: 0 | AT37: 0 | AU37: 0 | AV37: 0 | AW37: ตัด | AX37: 0 | AY37: 0 | AZ37: 0 | BA37: 0 | BB37: 0 | BC37: WRWT21720/WRWT25800 | BD37: 394.60593
A38: 45825 | B38: MK68-000802 | C38: บจก.เคอรี่ฟลาวมิลล์ | D38: ไม่พิมพ์ | E38: 19 | F38: 30 | G38: ขาว | H38: 0 | I38: 63 | J38: + | K38: 5 | L38: ไม่ | M38: ไม่สวมถุงใน | N38: 0 | O38: 0 | P38: 0 | Q38: 0 | R38: 0 | S38: ห่ออัดเบลแบน500 | T38: 45834 | U38: 20000 | V38: 1000 | W38: 19000 | X38: 0 | Y38: 0 | Z38: WSWT1921720 | AA38: 16722.09 | AB38: 0 | AC38: 16722.09 | AD38: 0 | AE38: 0 | AF38: PDR250196 | AG38: ยังไม่ได้พิมพ์ | AH38: P3 | AI38: 2 | AJ38: 45834 | AK38: 0 | AL38: 0 | AM38: 0 | AN38: 0 | AO38: 45832 | AP38: 45829 | AQ38: 0 | AR38: 0 | AS38: 0 | AT38: 0 | AU38: 0 | AV38: 0 | AW38: ตัด | AX38: 0 | AY38: 0 | AZ38: 0 | BA38: 0 | BB38: 0 | BC38: WRWT21720/WRWT25800 | BD38: 1259.5821
A39: 45827 | B39: MK68-000807 | C39: บจก.เคอรี่ฟลาวมิลล์ | D39: ปลาโลมาแดง | E39: 19 | F39: 30 | G39: ขาว | H39: 0 | I39: 63 | J39: + | K39: 5 | L39: บิด | M39: ไม่สวมถุงใน | N39: 0 | O39: 0 | P39: 0 | Q39: 0 | R39: 0 | S39: ห่ออัดเบลแบน500 | T39: 45836 | U39: 5000 | V39: 0 | W39: 5000 | X39: 0 | Y39: 5250 | Z39: WSWT1921720 | AA39: 4400.55 | AB39: 0 | AC39: 4400.55 | AD39: 0 | AE39: 0 | AF39: PDR250199 | AG39: ยังไม่ได้พิมพ์ | AH39: P7 | AI39: 2 | AJ39: 45836 | AK39: 0 | AL39: 45827 | AM39: 45834 | AN39: 45835 | AO39: 45835 | AP39: 45831 | AQ39: 0 | AR39: 0 | AS39: 0 | AT39: 0 | AU39: 0 | AV39: 0 | AW39: งานพิมพ์ | AX39: 0 | AY39: 0 | AZ39: 0 | BA39: 0 | BB39: 0 | BC39: WRWT21720/WRWT25800 | BD39: 331.46898
A40: 45827 | B40: MK68-000807 | C40: บจก.เคอรี่ฟลาวมิลล์ | D40: 997 | E40: 19 | F40: 30 | G40: ขาว | H40: 0 | I40: 63 | J40: + | K40: 5 | L40: ไม่ | M40: ไม่สวมถุงใน | N40: 0 | O40: 0 | P40: 0 | Q40: 0 | R40: 0 | S40: ห่ออัดเบลแบน500 | T40: 45836 | U40: 5000 | V40: 0 | W40: 5000 | X40: 0 | Y40: 5250 | Z40: WSWT1921720 | AA40: 4400.55 | AB40: 0 | AC40: 4400.55 | AD40: 0 | AE40: 0 | AF40: PDR250199 | AG40: ยังไม่ได้พิมพ์ | AH40: P7 | AI40: 2 | AJ40: 45836 | AK40: 0 | AL40: 45827 | AM40: 45834 | AN40: 45835 | AO40: 45835 | AP40: 45831 | AQ40: 0 | AR40: 0 | AS40: 0 | AT40: 0 | AU40: 0 | AV40: 0 | AW40: งานพิมพ์ | AX40: 0 | AY40: 0 | AZ40: 0 | BA40: 0 | BB40: 0 | BC40: WRWT21720/WRWT25800 | BD40: 331.46898
A41: 45827 | B41: MK68-000807 | C41: บจก.เคอรี่ฟลาวมิลล์ | D41: PBKF2-01-03 | E41: 19 | F41: 30 | G41: ขาว | H41: 0 | I41: 63 | J41: + | K41: 5 | L41: บิด | M41: ไม่สวมถุงใน | N41: 0 | O41: 0 | P41: 0 | Q41: 0 | R41: 0 | S41: ห่ออัดเบลแบน500 | T41: 45836 | U41: 5000 | V41: 0 | W41: 5000 | X41: 0 | Y41: 5250 | Z41: WSWT1921720 | AA41: 4400.55 | AB41: 0 | AC41: 4400.55 | AD41: 0 | AE41: 0 | AF41: PDR250199 | AG41: รอตัด | AH41: P7 | AI41: 2 | AJ41: 45836 | AK41: 0 | AL41: 45827 | AM41: 45834 | AN41: 45835 | AO41: 45835 | AP41: 45831 | AQ41: 0 | AR41: 0 | AS41: 0 | AT41: 0 | AU41: 0 | AV41: 0 | AW41: งานพิมพ์ | AX41: 0 | AY41: 0 | AZ41: 0 | BA41: 0 | BB41: 0 | BC41: WRWT21720/WRWT25800 | BD41: 331.46898
A42: 45827 | B42: MK68-000808 | C42: บจก.เคอรี่ฟลาวมิลล์ | D42: ดอกไม้แดง | E42: 19 | F42: 32 | G42: ขาว | H42: 0 | I42: 67 | J42: + | K42: 5 | L42: บิด | M42: ไม่สวมถุงใน | N42: 0 | O42: 0 | P42: 0 | Q42: 0 | R42: 0 | S42: ห่ออัดเบลแบน500 | T42: 45836 | U42: 5000 | V42: 0 | W42: 5000 | X42: 0 | Y42: 5250 | Z42: WSWT1921720 | AA42: 4679.95 | AB42: 0 | AC42: 4679.95 | AD42: 0 | AE42: 0 | AF42: PDR250199 | AG42: ยังไม่ได้พิมพ์ | AH42: P7 | AI42: 2 | AJ42: 45836 | AK42: 0 | AL42: 45827 | AM42: 45834 | AN42: 45835 | AO42: 45835 | AP42: 45831 | AQ42: 0 | AR42: 0 | AS42: 0 | AT42: 0 | AU42: 0 | AV42: 0 | AW42: งานพิมพ์ | AX42: 0 | AY42: 0 | AZ42: 0 | BA42: 0 | BB42: 0 | BC42: WRWT21720/WRWT25800 | BD42: 352.51463
A43: 45827 | B43: MK68-000807 | C43: บจก.เคอรี่ฟลาวมิลล์ | D43: ชามแดง | E43: 19 | F43: 30 | G43: ขาว | H43: 0 | I43: 63 | J43: + | K43: 5 | L43: บิด | M43: ไม่สวมถุงใน | N43: 0 | O43: 0 | P43: 0 | Q43: 0 | R43: 0 | S43: ห่ออัดเบลแบน500 | T43: 45841 | U43: 5000 | V43: 0 | W43: 5000 | X43: 0 | Y43: 5250 | Z43: WSWT1921720 | AA43: 4400.55 | AB43: 0 | AC43: 4400.55 | AD43: 0 | AE43: 0 | AF43: PDR250200 | AG43: ยังไม่ได้พิมพ์ | AH43: P7 | AI43: 2 | AJ43: 45841 | AK43: 0 | AL43: 45832 | AM43: 45839 | AN43: 45840 | AO43: 45840 | AP43: 45836 | AQ43: 0 | AR43: 0 | AS43: 0 | AT43: 0 | AU43: 0 | AV43: 0 | AW43: งานพิมพ์ | AX43: 0 | AY43: 0 | AZ43: 0 | BA43: 0 | BB43: 0 | BC43: WRWT21720/WRWT25800 | BD43: 331.46898
A44: 45827 | B44: MK68-000807 | C44: บจก.เคอรี่ฟลาวมิลล์ | D44: เคเอ็ม | E44: 19 | F44: 30 | G44: ขาว | H44: 0 | I44: 63 | J44: + | K44: 5 | L44: บิด | M44: ไม่สวมถุงใน | N44: 0 | O44: 0 | P44: 0 | Q44: 0 | R44: 0 | S44: ห่ออัดเบลแบน500 | T44: 45841 | U44: 5000 | V44: 0 | W44: 5000 | X44: 5400 | Y44: 0 | Z44: WSWT1921720 | AA44: 0 | AB44: 0 | AC44: 0 | AD44: 0 | AE44: 0 | AF44: PDR250200 | AG44: ยังไม่ได้พิมพ์ | AH44: P7 | AI44: 2 | AJ44: 45841 | AK44: 0 | AL44: 45832 | AM44: 45839 | AN44: 45840 | AO44: 45840 | AP44: 45836 | AQ44: 0 | AR44: 0 | AS44: 0 | AT44: 0 | AU44: 0 | AV44: 0 | AW44: งานพิมพ์ | AX44: 0 | AY44: 0 | AZ44: 0 | BA44: 0 | BB44: 0 | BC44: WRWT21720/WRWT25800 | BD44: 0
A45: 45827 | B45: MK68-000807 | C45: บจก.เคอรี่ฟลาวมิลล์ | D45: แต้มแดง | E45: 19 | F45: 30 | G45: ขาว | H45: 0 | I45: 63 | J45: + | K45: 5 | L45: บิด | M45: ไม่สวมถุงใน | N45: 0 | O45: 0 | P45: 0 | Q45: 0 | R45: 0 | S45: ห่ออัดเบลแบน500 | T45: 45841 | U45: 5000 | V45: 0 | W45: 5000 | X45: 0 | Y45: 5250 | Z45: WSWT1921720 | AA45: 4400.55 | AB45: 0 | AC45: 4400.55 | AD45: 0 | AE45: 0 | AF45: PDR250200 | AG45: รอตัด | AH45: P7 | AI45: 2 | AJ45: 45841 | AK45: 0 | AL45: 45832 | AM45: 45839 | AN45: 45840 | AO45: 45840 | AP45: 45836 | AQ45: 0 | AR45: 0 | AS45: 0 | AT45: 0 | AU45: 0 | AV45: 0 | AW45: งานพิมพ์ | AX45: 0 | AY45: 0 | AZ45: 0 | BA45: 0 | BB45: 0 | BC45: WRWT21720/WRWT25800 | BD45: 331.46898
A46: 45827 | B46: MK68-000807 | C46: บจก.เคอรี่ฟลาวมิลล์ | D46: ถุงทองแซนวิช | E46: 19 | F46: 30 | G46: ขาว | H46: 0 | I46: 63 | J46: + | K46: 5 | L46: บิด | M46: ไม่สวมถุงใน | N46: 0 | O46: 0 | P46: 0 | Q46: 0 | R46: 0 | S46: ห่ออัดเบลแบน500 | T46: 45841 | U46: 5000 | V46: 0 | W46: 5000 | X46: 0 | Y46: 5250 | Z46: WSWT1921720 | AA46: 4400.55 | AB46: 0 | AC46: 4400.55 | AD46: 0 | AE46: 0 | AF46: PDR250200 | AG46: รอแบบ | AH46: P7 | AI46: 2 | AJ46: 45841 | AK46: 0 | AL46: 45832 | AM46: 45839 | AN46: 45840 | AO46: 45840 | AP46: 45836 | AQ46: 0 | AR46: 0 | AS46: 0 | AT46: 0 | AU46: 0 | AV46: 0 | AW46: งานพิมพ์ | AX46: 0 | AY46: 0 | AZ46: 0 | BA46: 0 | BB46: 0 | BC46: WRWT21720/WRWT25800 | BD46: 331.46898
A47: 45827 | B47: MK68-000808 | C47: บจก.เคอรี่ฟลาวมิลล์ | D47: ดอกไม้แดง | E47: 19 | F47: 32 | G47: ขาว | H47: 0 | I47: 67 | J47: + | K47: 5 | L47: บิด | M47: ไม่สวมถุงใน | N47: 0 | O47: 0 | P47: 0 | Q47: 0 | R47: 0 | S47: ห่ออัดเบลแบน500 | T47: 45841 | U47: 5000 | V47: 0 | W47: 5000 | X47: 0 | Y47: 5250 | Z47: WSWT1921720 | AA47: 4679.95 | AB47: 0 | AC47: 4679.95 | AD47: 0 | AE47: 0 | AF47: PDR250200 | AG47: พร้อมส่ง | AH47: P7 | AI47: 2 | AJ47: 45841 | AK47: 0 | AL47: 45832 | AM47: 45839 | AN47: 45840 | AO47: 45840 | AP47: 45836 | AQ47: 0 | AR47: 0 | AS47: 0 | AT47: 0 | AU47: 0 | AV47: 0 | AW47: งานพิมพ์ | AX47: 0 | AY47: 0 | AZ47: 0 | BA47: 0 | BB47: 0 | BC47: WRWT21720/WRWT25800 | BD47: 352.51463
A48: 0 | B48: ใบรับคำสั่งซื้อ | C48: บจก.เคอรี่ฟลาวมิลล์ | D48: บะหมี่เตี๊ยว | E48: 19 | F48: 30 | G48: ขาว | H48: 0 | I48: 63 | J48: + | K48: 5 | L48: บิด | M48: ไม่สวมถุงใน | N48: 0 | O48: 0 | P48: 0 | Q48: 0 | R48: 0 | S48: ห่ออัดเบลแบน500 | T48: รอแจ้ง | U48: 5000 | V48: 0 | W48: 5000 | X48: 5800 | Y48: 0 | Z48: WSWT1921720 | AA48: 0 | AB48: 0 | AC48: 0 | AD48: 0 | AE48: 0 | AF48: 0 | AG48: รอตัด | AH48: P7 | AI48: 2 | AJ48: รอแจ้ง | AK48: 0 | AL48: #VALUE! | AM48: #VALUE! | AN48: #VALUE! | AO48: #VALUE! | AP48: #VALUE! | AQ48: 0 | AR48: 0 | AS48: 0 | AT48: 0 | AU48: 0 | AV48: 0 | AW48: งานพิมพ์ | AX48: 0 | AY48: 0 | AZ48: 0 | BA48: 0 | BB48: 0 | BC48: WRWT21720/WRWT25800 | BD48: 0
A49: ประมาณการ | B49: ประมาณการ | C49: บจก.เคอรี่ฟลาวมิลล์ | D49: รอแบบ | E49: 19 | F49: 30 | G49: ขาว | H49: 0 | I49: 63 | J49: + | K49: 5 | L49: บิด | M49: ไม่สวมถุงใน | N49: 0 | O49: 0 | P49: 0 | Q49: 0 | R49: 0 | S49: ห่ออัดเบลแบน500 | T49: 45868 | U49: 400000 | V49: 0 | W49: 400000 | X49: 0 | Y49: 420000 | Z49: WSWT1921720 | AA49: 352044 | AB49: 0 | AC49: 352044 | AD49: 0 | AE49: 0 | AF49: 0 | AG49: พร้อมส่ง | AH49: P7 | AI49: 2 | AJ49: 45868 | AK49: 0 | AL49: 45859 | AM49: 45866 | AN49: 45867 | AO49: 45867 | AP49: 45863 | AQ49: 0 | AR49: 0 | AS49: 0 | AT49: 0 | AU49: 0 | AV49: 0 | AW49: งานพิมพ์ | AX49: / | AY49: 0 | AZ49: 0 | BA49: 0 | BB49: 0 | BC49: WRWT21720/WRWT25800 | BD49: 26517.519
A50: 0 | B50: 0 | C50: 0 | D50: 0 | E50: 19 | F50: 30 | G50: 0 | H50: 0 | I50: 63 | J50: + | K50: 5 | L50: 0 | M50: 0 | N50: 0 | O50: 0 | P50: 0 | Q50: 0 | R50: 0 | S50: 0 | U50: 0 | V50: 0 | W50: 0 | X50: 0 | Y50: 0 | Z50: WSWT1921720 | AA50: 467958.91 | AB50: 3428.4685 | AC50: 464530.44 | AD50: 0 | AE50: 0 | AF50: ระบุในSD | AG50: ยังไม่ได้พิมพ์ | AH50: 0 | AI50: Lead time | AJ50: 0 | AK50: 0 | AL50: 0 | AM50: 0 | AN50: 0 | AO50: 0 | AP50: 0 | AQ50: 0 | AR50: 0 | AS50: 0 | AT50: 0 | AU50: 0 | AV50: 0 | AW50: 0 | AX50: 0 | AY50: 0 | AZ50: 0 | BA50: 0 | BB50: 0 | BC50: WRWT190720/WRWT25800 | BD50: 0
A51: 45819 | B51: MK68-000775 | C51: บจก.ไมโครอินโนเวท | D51: B Soy Digest | E51: 19 | F51: 34 | G51: ขาว | H51: ด้าน | I51: 84 | J51: ± | K51: 5 | L51: จับจีบ | M51: 20 | N51: 37 | O51: 40 | P51: 365.12959 | Q51: 0 | R51: 365.12959 | S51: 500กระสอบแบน | T51: 45834 | U51: 20000 | V51: 0 | W51: 20000 | X51: 20906 | Y51: 0 | Z51: WSWT1925800SM | AA51: 0 | AB51: 0 | AC51: 0 | AD51: 0 | AE51: 0 | AF51: 0 | AG51: ยังไม่ได้พิมพ์ | AH51: P6 | AI51: 4 | AJ51: 45834 | AK51: 45830 | AL51: 45823 | AM51: 45831 | AN51: 45832 | AO51: 45833 | AP51: 45829 | AQ51: 45834 | AR51: 0 | AS51: 0 | AT51: 0 | AU51: 0 | AV51: 0 | AW51: งานเคลือบ+พิมพ์ | AX51: / | AY51: สวมไม่ทัน ขอส่ง 25/6 | AZ51: 0 | BA51: 0 | BB51: 0 | BC51: WRWT25800/WRWT25800 | BD51: 0
A52: 0 | B52: 0 | C52: 0 | D52: 0 | E52: 19 | F52: 30 | G52: 0 | H52: 0 | I52: 56 | J52: ± | K52: 5 | L52: 0 | M52: 0 | N52: 0 | O52: 0 | P52: 0 | Q52: 0 | R52: 0 | S52: 0 | U52: 0 | W52: 0 | X52: 0 | Y52: 0 | Z52: WSWT1925800SM | AA52: 0 | AB52: 0 | AC52: 0 | AD52: 0 | AE52: 0 | AF52: ระบุในSD | AG52: พร้อมส่ง | AH52: 0 | AI52: Lead time | AJ52: 0 | AK52: 0 | AL52: 0 | AM52: 0 | AN52: 0 | AO52: 0 | AP52: 0 | AQ52: 0 | AR52: 0 | AS52: 0 | AT52: 0 | AU52: 0 | AV52: 0 | AW52: 0 | AX52: 0 | AY52: 0 | AZ52: 0 | BA52: 0 | BB52: 0 | BC52: WRWT190800/WRWT25800 | BD52: 0
A53: 45825 | B53: MK68-000800 | C53: บจก.อินเทคค์ โกลบอล | D53: เพอเฟคค์103S โกลด์ | E53: 19 | F53: 35 | G53: ขาว | H53: ด้าน | I53: 102 | J53: ± | K53: 5 | L53: จับจีบ4" | M53: ไม่สวมถุงใน | N53: 0 | O53: 0 | P53: 0 | Q53: 0 | R53: 0 | S53: มัด80 ใช้สายรัด | T53: 45840 | U53: 5040 | V53: 0 | W53: 5040 | X53: 0 | Y53: 5292 | Z53: WSWT19251000SM | AA53: 5139.8424 | AB53: 4000 | AC53: 1139.8424 | AD53: 0 | AE53: 5139.8424 | AF53: 0 | AG53: พร้อมส่ง | AH53: P6 | AI53: 4 | AJ53: 45840 | AK53: 45836 | AL53: 45829 | AM53: 45837 | AN53: 45838 | AO53: 45839 | AP53: 45835 | AQ53: 0 | AR53: 0 | AS53: 0 | AT53: 0 | AU53: 0 | AV53: 0 | AW53: งานเคลือบ+พิมพ์ | AX53: / | AY53: 0 | AZ53: 0 | BA53: 0 | BB53: 0 | BC53: WRWT251000/WRWT251000 | BD53: 96.253358
A54: 45825 | B54: MK68-000800 | C54: บจก.อินเทคค์ โกลบอล | D54: เพอเฟคค์104 โกลด์ | E54: 19 | F54: 34 | G54: ขาว | H54: ด้าน | I54: 100 | J54: ± | K54: 5 | L54: จับจีบ4" | M54: ไม่สวมถุงใน | N54: 0 | O54: 0 | P54: 0 | Q54: 0 | R54: 0 | S54: มัด80 ใช้สายรัด | T54: 45841 | U54: 5040 | V54: 0 | W54: 5040 | X54: 0 | Y54: 5292 | Z54: WSWT19251000SM | AA54: 4999.0248 | AB54: 0 | AC54: 4999.0248 | AD54: 0 | AE54: 4999.0248 | AF54: 0 | AG54: พร้อมส่ง | AH54: P6 | AI54: 4 | AJ54: 45841 | AK54: 45837 | AL54: 45830 | AM54: 45838 | AN54: 45839 | AO54: 45840 | AP54: 45836 | AQ54: 0 | AR54: 0 | AS54: 0 | AT54: 0 | AU54: 0 | AV54: 0 | AW54: งานเคลือบ+พิมพ์ | AX54: / | AY54: 0 | AZ54: 0 | BA54: 0 | BB54: 0 | BC54: WRWT251000/WRWT251000 | BD54: 422.13987
A55: 45796 | B55: MK68-000680 | C55: บจก.อินเทคค์ โกลบอล | D55: เพอเฟคค์103P โกลด์ | E55: 19 | F55: 34 | G55: ขาว | H55: ด้าน | I55: 100 | J55: ± | K55: 5 | L55: จับจีบ4" | M55: ไม่สวมถุงใน | N55: 0 | O55: 0 | P55: 0 | Q55: 0 | R55: 0 | S55: มัด80 ใช้สายรัด | T55: รอแจ้ง | U55: 503 | V55: 0 | W55: 503 | X55: 5250 | Y55: 0 | Z55: WSWT19251000SM | AA55: 0 | AB55: 0 | AC55: 0 | AD55: 0 | AE55: 0 | AF55: 0 | AG55: พร้อมส่ง | AH55: P6 | AI55: 4 | AJ55: รอแจ้ง | AK55: #VALUE! | AL55: #VALUE! | AM55: #VALUE! | AN55: #VALUE! | AO55: #VALUE! | AP55: #VALUE! | AQ55: 0 | AR55: 0 | AS55: 0 | AT55: 0 | AU55: 0 | AV55: 0 | AW55: งานเคลือบ+พิมพ์ | AX55: / | AY55: 0 | AZ55: 0 | BA55: 0 | BB55: 0 | BC55: WRWT251000/WRWT251000 | BD55: 0
A56: 0 | B56: 0 | C56: 0 | D56: 0 | E56: 19 | F56: 34 | G56: ขาว | H56: 0 | I56: 80 | J56: ± | K56: 5 | L56: 0 | M56: 0 | N56: 0 | O56: 0 | P56: 0 | Q56: 0 | R56: 0 | S56: 0 | U56: 0 | V56: 0 | W56: 0 | X56: 0 | Y56: 0 | Z56: WSWT19251000SM | AA56: 10138.867 | AB56: 4000 | AC56: 6138.8672 | AD56: 0 | AE56: 10138.867 | AF56: ระบุในSD | AG56: รอตัด | AH56: 0 | AI56: Lead time | AJ56: 0 | AK56: 0 | AL56: 0 | AM56: 0 | AN56: 0 | AO56: 0 | AP56: 0 | AQ56: 0 | AR56: 0 | AS56: 0 | AT56: 0 | AU56: 0 | AV56: 0 | AW56: 0 | AX56: 0 | AY56: 0 | AZ56: 0 | BA56: 0 | BB56: 0 | BC56: WRWT251000/WRYL251000 | BD56: 0
A57: 45803 | B57: MK68-000707 | C57: บจก.เอพีเอ็ม อะโกร | D57: ยู-ฟีด รวมหมู | E57: 20 | F57: 38 | G57: ขาว | H57: ใส | I57: 100 | J57: ± | K57: 5 | L57: บิด | M57: ไม่สวมถุงใน | N57: 0 | O57: 0 | P57: 0 | Q57: 0 | R57: 0 | S57: 500กระสอบแบน | T57: 45831 | U57: 3000 | V57: 0 | W57: 3000 | X57: 3300 | Y57: 0 | Z57: WSWT2025800SM | AA57: 0 | AB57: 0 | AC57: 0 | AD57: 0 | AE57: 0 | AF57: 0 | AG57: ยังไม่ได้พิมพ์ | AH57: P6 | AI57: 4 | AJ57: 45831 | AK57: 45827 | AL57: 45820 | AM57: 45828 | AN57: 45829 | AO57: 45830 | AP57: 45826 | AQ57: 0 | AR57: 0 | AS57: 0 | AT57: 0 | AU57: 0 | AV57: 0 | AW57: งานเคลือบ+พิมพ์ | AX57: / | AY57: 0 | AZ57: 0 | BA57: 0 | BB57: 0 | BC57: WRWT25850/WRWT25850 | BD57: 0
A58: 45814 | B58: MK68-000755 | C58: บจก.วีซีเอฟ | D58: VC100 | E58: 20 | F58: 37 | G58: ขาว | H58: ใส | I58: 100 | J58: ± | K58: 5 | L58: บิด | M58: ไม่สวมถุงใน | N58: 0 | O58: 0 | P58: 0 | Q58: 0 | R58: 0 | S58: 500กระสอบแบน | T58: 45833 | U58: 20000 | V58: 0 | W58: 20000 | X58: 20500 | Y58: 0 | Z58: WSWT2025800SM | AA58: 0 | AB58: 0 | AC58: 0 | AD58: 0 | AE58: 0 | AF58: 0 | AG58: ยังไม่ได้พิมพ์ | AH58: P6 | AI58: 4 | AJ58: 45833 | AK58: 45829 | AL58: 45822 | AM58: 45830 | AN58: 45831 | AO58: 45832 | AP58: 45828 | AQ58: 0 | AR58: 0 | AS58: 0 | AT58: 0 | AU58: 0 | AV58: 0 | AW58: งานเคลือบ+พิมพ์ | AX58: / | AY58: 0 | AZ58: 0 | BA58: 0 | BB58: 0 | BC58: WRWT25850/WRWT25850 | BD58: 0
A59: 45803 | B59: MK68-000706 | C59: บจก.เอพีเอ็ม อะโกร | D59: วี-ฟีด วี22 | E59: 20 | F59: 38 | G59: ขาว | H59: ใส | I59: 100 | J59: ± | K59: 5 | L59: บิด | M59: ไม่สวมถุงใน | N59: 0 | O59: 0 | P59: 0 | Q59: 0 | R59: 0 | S59: 500กระสอบแบน | T59: 45835 | U59: 3000 | V59: 0 | W59: 3000 | X59: 3300 | Y59: 0 | Z59: WSWT2025800SM | AA59: 0 | AB59: 0 | AC59: 0 | AD59: 0 | AE59: 0 | AF59: 0 | AG59: ยังไม่ได้พิมพ์ | AH59: P6 | AI59: 4 | AJ59: 45835 | AK59: 45831 | AL59: 45824 | AM59: 45832 | AN59: 45833 | AO59: 45834 | AP59: 45830 | AQ59: 0 | AR59: 0 | AS59: 0 | AT59: 0 | AU59: 0 | AV59: 0 | AW59: งานเคลือบ+พิมพ์ | AX59: 0 | AY59: 0 | AZ59: 0 | BA59: 0 | BB59: 0 | BC59: WRWT25850/WRWT25850 | BD59: 0
A60: 45825 | B60: MK68-000801 | C60: บจก.อินเทคค์ โกลบอล | D60: สุบรรณ 222 | E60: 20 | F60: 36 | G60: ขาว | H60: ด้าน | I60: 100 | J60: ± | K60: 5 | L60: จับจีบ3.5" | M60: ไม่สวมถุงใน | N60: 0 | O60: 0 | P60: 0 | Q60: 0 | R60: 0 | S60: มัด80 ใช้สายรัด | T60: 45836 | U60: 5040 | V60: 316 | W60: 4724 | X60: 0 | Y60: 4960.2 | Z60: WSWT2025800SM | AA60: 4949.571 | AB60: 4949.571 | AC60: 0 | AD60: 0 | AE60: 4949.571 | AF60: 0 | AG60: พร้อมส่ง | AH60: P6 | AI60: 4 | AJ60: 45836 | AK60: 45832 | AL60: 45825 | AM60: 45833 | AN60: 45834 | AO60: 45835 | AP60: 45831 | AQ60: 0 | AR60: 0 | AS60: 0 | AT60: 0 | AU60: 0 | AV60: 0 | AW60: งานเคลือบ+พิมพ์ | AX60: รอART | AY60: 0 | AZ60: 0 | BA60: 0 | BB60: 0 | BC60: WRWT25850/WRWT25850 | BD60: 0
A61: 45825 | B61: MK68-000801 | C61: บจก.อินเทคค์ โกลบอล | D61: สุบรรณ 333 | E61: 20 | F61: 36 | G61: ขาว | H61: ด้าน | I61: 100 | J61: ± | K61: 5 | L61: จับจีบ3.5" | M61: ไม่สวมถุงใน | N61: 0 | O61: 0 | P61: 0 | Q61: 0 | R61: 0 | S61: มัด80 ใช้สายรัด | T61: 45836 | U61: 5040 | V61: 360 | W61: 4680 | X61: 0 | Y61: 4914 | Z61: WSWT2025800SM | AA61: 4903.47 | AB61: 4903.47 | AC61: 0 | AD61: 0 | AE61: 4903.47 | AF61: 0 | AG61: ยังไม่ได้พิมพ์ | AH61: P6 | AI61: 4 | AJ61: 45836 | AK61: 45832 | AL61: 45825 | AM61: 45833 | AN61: 45834 | AO61: 45835 | AP61: 45831 | AQ61: 0 | AR61: 0 | AS61: 0 | AT61: 0 | AU61: 0 | AV61: 0 | AW61: งานเคลือบ+พิมพ์ | AX61: รอART | AY61: 0 | AZ61: 0 | BA61: 0 | BB61: 0 | BC61: WRWT25850/WRWT25850 | BD61: 0
A62: 45825 | B62: MK68-000801 | C62: บจก.อินเทคค์ โกลบอล | D62: สุบรรณ 111 | E62: 20 | F62: 36 | G62: ขาว | H62: ด้าน | I62: 100 | J62: ± | K62: 5 | L62: จับจีบ3.5" | M62: ไม่สวมถุงใน | N62: 0 | O62: 0 | P62: 0 | Q62: 0 | R62: 0 | S62: มัด80 ใช้สายรัด | T62: 45836 | U62: 5040 | V62: 0 | W62: 5040 | X62: 0 | Y62: 5292 | Z62: WSWT2025800SM | AA62: 5280.66 | AB62: 5280.66 | AC62: 0 | AD62: 0 | AE62: 5280.66 | AF62: 0 | AG62: รอตัด | AH62: P6 | AI62: 4 | AJ62: 45836 | AK62: 45832 | AL62: 45825 | AM62: 45833 | AN62: 45834 | AO62: 45835 | AP62: 45831 | AQ62: 0 | AR62: 0 | AS62: 0 | AT62: 0 | AU62: 0 | AV62: 0 | AW62: งานเคลือบ+พิมพ์ | AX62: รอART | AY62: 0 | AZ62: 0 | BA62: 0 | BB62: 0 | BC62: WRWT25850/WRWT25850 | BD62: 0
A63: 45721 | B63: MK68-000341 | C63: บจก.อินเทคค์ โกลบอล | D63: สุบรรณ 111 | E63: 20 | F63: 36 | G63: ขาว | H63: ด้าน | I63: 100 | J63: ± | K63: 5 | L63: จับจีบ | M63: ไม่สวมถุงใน | N63: 0 | O63: 0 | P63: 0 | Q63: 0 | R63: 0 | S63: มัด80 ใช้สายรัด | T63: 45836 | U63: 734 | V63: 0 | W63: 734 | X63: 0 | Y63: 770.7 | Z63: WSWT2025800SM | AA63: 769.0485 | AB63: 769.0485 | AC63: 0 | AD63: 0 | AE63: 769.0485 | AF63: 0 | AG63: รอตัด | AH63: P6 | AI63: 4 | AJ63: 45836 | AK63: 45832 | AL63: 45825 | AM63: 45833 | AN63: 45834 | AO63: 45835 | AP63: 45831 | AQ63: 0 | AR63: 0 | AS63: 0 | AT63: 0 | AU63: 0 | AV63: 0 | AW63: งานเคลือบ+พิมพ์ | AX63: / | AY63: 0 | AZ63: 0 | BA63: 0 | BB63: 0 | BC63: WRWT25850/WRWT25850 | BD63: 0
A64: 45796 | B64: MK68-000671 | C64: บจก.อินเทคค์ โกลบอล | D64: เฟิร์สช้อย 911 | E64: 20 | F64: 36 | G64: ขาว | H64: ด้าน | I64: 100 | J64: ± | K64: 5 | L64: จับจีบ | M64: ไม่สวมถุงใน | N64: 0 | O64: 0 | P64: 0 | Q64: 0 | R64: 0 | S64: มัด80 ใช้สายรัด | T64: 45838 | U64: 833 | V64: 0 | W64: 833 | X64: 0 | Y64: 874.65 | Z64: WSWT2025800SM | AA64: 872.77575 | AB64: 872.77575 | AC64: 0 | AD64: 0 | AE64: 872.77575 | AF64: 0 | AG64: ยังไม่ได้พิมพ์ | AH64: P6 | AI64: 4 | AJ64: 45838 | AK64: 45834 | AL64: 45827 | AM64: 45835 | AN64: 45836 | AO64: 45837 | AP64: 45833 | AQ64: 0 | AR64: 0 | AS64: 0 | AT64: 0 | AU64: 0 | AV64: 0 | AW64: งานเคลือบ+พิมพ์ | AX64: / | AY64: 0 | AZ64: 0 | BA64: 0 | BB64: 0 | BC64: WRWT25850/WRWT25850 | BD64: 0
A65: 45814 | B65: MK68-000756 | C65: บจก.วีซีเอฟ | D65: SPEED PLUS 003เขมร | E65: 20 | F65: 37 | G65: ขาว | H65: ใส | I65: 100 | J65: ± | K65: 5 | L65: ไม่ | M65: ไม่สวมถุงใน | N65: 0 | O65: 0 | P65: 0 | Q65: 0 | R65: 0 | S65: 500กระสอบแบน | T65: 45838 | U65: 5000 | V65: 0 | W65: 5000 | X65: 5100 | Y65: 0 | Z65: WSWT2025800SM | AA65: 0 | AB65: 0 | AC65: 0 | AD65: 0 | AE65: 0 | AF65: 0 | AG65: ยังไม่ได้พิมพ์ | AH65: P6 | AI65: 4 | AJ65: 45838 | AK65: 45834 | AL65: 45827 | AM65: 45835 | AN65: 45836 | AO65: 45837 | AP65: 45833 | AQ65: 0 | AR65: 0 | AS65: 0 | AT65: 0 | AU65: 0 | AV65: 0 | AW65: งานเคลือบ+พิมพ์ | AX65: / | AY65: 0 | AZ65: 0 | BA65: 0 | BB65: 0 | BC65: WRWT25850/WRWT25850 | BD65: 0
A66: 45814 | B66: MK68-000756 | C66: บจก.วีซีเอฟ | D66: SPEED PLUS 222ลาว | E66: 20 | F66: 37 | G66: ขาว | H66: ใส | I66: 100 | J66: ± | K66: 5 | L66: ไม่ | M66: ไม่สวมถุงใน | N66: 0 | O66: 0 | P66: 0 | Q66: 0 | R66: 0 | S66: 500กระสอบแบน | T66: 45838 | U66: 10000 | V66: 0 | W66: 10000 | X66: 10700 | Y66: 0 | Z66: WSWT2025800SM | AA66: 0 | AB66: 0 | AC66: 0 | AD66: 0 | AE66: 0 | AF66: เครืองเสีย | AG66: ยังไม่ได้พิมพ์ | AH66: P6 | AI66: 4 | AJ66: 45838 | AK66: 45834 | AL66: 45827 | AM66: 45835 | AN66: 45836 | AO66: 45837 | AP66: 45833 | AQ66: 0 | AR66: 0 | AS66: 0 | AT66: 0 | AU66: 0 | AV66: 0 | AW66: งานเคลือบ+พิมพ์ | AX66: / | AY66: 0 | AZ66: 0 | BA66: 0 | BB66: 0 | BC66: WRWT25850/WRWT25850 | BD66: 0
A67: 45825 | B67: MK68-000796 | C67: บจก.อินเทคค์ โกลบอล | D67: เฟิร์สช้อย 911 | E67: 20 | F67: 36 | G67: ขาว | H67: ด้าน | I67: 100 | J67: ± | K67: 5 | L67: จับจีบ4" | M67: ไม่สวมถุงใน | N67: 0 | O67: 0 | P67: 0 | Q67: 0 | R67: 0 | S67: มัด80 ใช้สายรัด | T67: 45838 | U67: 5040 | V67: 0 | W67: 5040 | X67: 0 | Y67: 5292 | Z67: WSWT2025800SM | AA67: 5280.66 | AB67: 5280.66 | AC67: 0 | AD67: 0 | AE67: 5280.66 | AF67: 0 | AG67: พร้อมส่ง | AH67: P6 | AI67: 4 | AJ67: 45838 | AK67: 45834 | AL67: 45827 | AM67: 45835 | AN67: 45836 | AO67: 45837 | AP67: 45833 | AQ67: 0 | AR67: 0 | AS67: 0 | AT67: 0 | AU67: 0 | AV67: 0 | AW67: งานเคลือบ+พิมพ์ | AX67: รอART | AY67: 0 | AZ67: 0 | BA67: 0 | BB67: 0 | BC67: WRWT25850/WRWT25850 | BD67: 0
A68: 45825 | B68: MK68-000796 | C68: บจก.อินเทคค์ โกลบอล | D68: เฟิร์สช้อย 913 | E68: 20 | F68: 36 | G68: ขาว | H68: ด้าน | I68: 100 | J68: ± | K68: 5 | L68: จับจีบ4" | M68: ไม่สวมถุงใน | N68: 0 | O68: 0 | P68: 0 | Q68: 0 | R68: 0 | S68: มัด80 ใช้สายรัด | T68: 45838 | U68: 5040 | V68: 0 | W68: 5040 | X68: 0 | Y68: 5292 | Z68: WSWT2025800SM | AA68: 5280.66 | AB68: 5280.66 | AC68: 0 | AD68: 0 | AE68: 5280.66 | AF68: 0 | AG68: ยังไม่ได้พิมพ์ | AH68: P6 | AI68: 4 | AJ68: 45838 | AK68: 45834 | AL68: 45827 | AM68: 45835 | AN68: 45836 | AO68: 45837 | AP68: 45833 | AQ68: 0 | AR68: 0 | AS68: 0 | AT68: 0 | AU68: 0 | AV68: 0 | AW68: งานเคลือบ+พิมพ์ | AX68: รอART | AY68: 0 | AZ68: 0 | BA68: 0 | BB68: 0 | BC68: WRWT25850/WRWT25850 | BD68: 0
A69: 45825 | B69: MK68-000796 | C69: บจก.อินเทคค์ โกลบอล | D69: เพอเฟคค์ 911 | E69: 20 | F69: 36 | G69: ขาว | H69: ด้าน | I69: 100 | J69: ± | K69: 5 | L69: จับจีบ4" | M69: ไม่สวมถุงใน | N69: 0 | O69: 0 | P69: 0 | Q69: 0 | R69: 0 | S69: มัด80 ใช้สายรัด | T69: 45838 | U69: 5040 | V69: 0 | W69: 5040 | X69: 0 | Y69: 5292 | Z69: WSWT2025800SM | AA69: 5280.66 | AB69: 5280.66 | AC69: 0 | AD69: 0 | AE69: 5280.66 | AF69: 0 | AG69: รอตัด | AH69: P6 | AI69: 4 | AJ69: 45838 | AK69: 45834 | AL69: 45827 | AM69: 45835 | AN69: 45836 | AO69: 45837 | AP69: 45833 | AQ69: 0 | AR69: 0 | AS69: 0 | AT69: 0 | AU69: 0 | AV69: 0 | AW69: งานเคลือบ+พิมพ์ | AX69: รอART | AY69: 0 | AZ69: 0 | BA69: 0 | BB69: 0 | BC69: WRWT25850/WRWT25850 | BD69: 0
A70: 45721 | B70: MK68-000334 | C70: บจก.อินเทคค์ โกลบอล | D70: เพอเฟคค์ 911 | E70: 20 | F70: 36 | G70: ขาว | H70: ด้าน | I70: 100 | J70: ± | K70: 5 | L70: จับจีบ | M70: ไม่สวมถุงใน | N70: 0 | O70: 0 | P70: 0 | Q70: 0 | R70: 0 | S70: มัด80 ใช้สายรัด | T70: 45838 | U70: 111 | V70: 0 | W70: 111 | X70: 0 | Y70: 116.55 | Z70: WSWT2025800SM | AA70: 116.30025 | AB70: 116.30025 | AC70: 0 | AD70: 0 | AE70: 116.30025 | AF70: 0 | AG70: รอตัด | AH70: P6 | AI70: 4 | AJ70: 45838 | AK70: 45834 | AL70: 45827 | AM70: 45835 | AN70: 45836 | AO70: 45837 | AP70: 45833 | AQ70: 0 | AR70: 0 | AS70: 0 | AT70: 0 | AU70: 0 | AV70: 0 | AW70: งานเคลือบ+พิมพ์ | AX70: / | AY70: 0 | AZ70: 0 | BA70: 0 | BB70: 0 | BC70: WRWT25850/WRWT25850 | BD70: 0
A71: 45827 | B71: ใบรับคำสั่งซื้อ | C71: บจก.อินเทคค์ โกลบอล | D71: เฟิร์สคลาส 912 | E71: 20 | F71: 35 | G71: ขาว | H71: ด้าน | I71: 97 | J71: ± | K71: 5 | L71: จับจีบ4" | M71: ไม่สวมถุงใน | N71: 0 | O71: 0 | P71: 0 | Q71: 0 | R71: 0 | S71: มัด80 ใช้สายรัด | T71: 45841 | U71: 5040 | V71: 0 | W71: 5040 | X71: 0 | Y71: 5292 | Z71: WSWT2025800SM | AA71: 5139.8424 | AB71: 0 | AC71: 5139.8424 | AD71: 0 | AE71: 5139.8424 | AF71: 0 | AG71: ยังไม่ได้พิมพ์ | AH71: P6 | AI71: 4 | AJ71: 45841 | AK71: 45837 | AL71: 45830 | AM71: 45838 | AN71: 45839 | AO71: 45840 | AP71: 45836 | AQ71: 0 | AR71: 0 | AS71: 0 | AT71: 0 | AU71: 0 | AV71: 0 | AW71: งานเคลือบ+พิมพ์ | AX71: รอART | AY71: 0 | AZ71: 0 | BA71: 0 | BB71: 0 | BC71: WRWT25850/WRWT25850 | BD71: 388.34365
A72: 45705 | B72: MK68-000247 | C72: บจก.อินเทคค์ โกลบอล | D72: เฟิร์สคลาส 912 | E72: 20 | F72: 35 | G72: ขาว | H72: ด้าน | I72: 97 | J72: ± | K72: 5 | L72: จับจีบ4" | M72: ไม่สวมถุงใน | N72: 0 | O72: 0 | P72: 0 | Q72: 0 | R72: 0 | S72: มัด80 ใช้สายรัด | T72: 45841 | U72: 855 | V72: 0 | W72: 855 | X72: 16440 | Y72: 0 | Z72: WSWT2025800SM | AA72: 0 | AB72: 0 | AC72: 0 | AD72: 0 | AE72: 0 | AF72: 0 | AG72: ยังไม่ได้พิมพ์ | AH72: P6 | AI72: 4 | AJ72: 45841 | AK72: 45837 | AL72: 45830 | AM72: 45838 | AN72: 45839 | AO72: 45840 | AP72: 45836 | AQ72: 0 | AR72: 0 | AS72: 0 | AT72: 0 | AU72: 0 | AV72: 0 | AW72: งานเคลือบ+พิมพ์ | AX72: / | AY72: ลบสีจำนวนมาก 3851 | AZ72: 0 | BA72: 0 | BB72: 0 | BC72: WRWT25850/WRWT25850 | BD72: 0
A73: 45782 | B73: MK68-000609 | C73: บจก.เอสพีเอ็ม อาหารสัตว์ | D73: SW 441 | E73: 20 | F73: 38 | G73: ขาว | H73: ใส | I73: 100 | J73: ± | K73: 5 | L73: บิด | M73: ไม่สวมถุงใน | N73: 0 | O73: 0 | P73: 0 | Q73: 0 | R73: 0 | S73: 500กระสอบแบน | T73: 45846 | U73: 5000 | V73: 3318 | W73: 1682 | X73: 4748 | Y73: 264.6 | Z73: WSWT2025800SM | AA73: 292.0205 | AB73: 292.0205 | AC73: 0 | AD73: 0 | AE73: 292.0205 | AF73: 0 | AG73: รอแบบ | AH73: P6 | AI73: 4 | AJ73: 45846 | AK73: 45842 | AL73: 45835 | AM73: 45843 | AN73: 45844 | AO73: 45845 | AP73: 45841 | AQ73: 0 | AR73: 0 | AS73: 0 | AT73: 0 | AU73: 0 | AV73: 0 | AW73: งานเคลือบ+พิมพ์ | AX73: / | AY73: 0 | AZ73: 0 | BA73: 0 | BB73: 0 | BC73: WRWT25850/WRWT25850 | BD73: 0
A74: 45810 | B74: MK68-000741 | C74: บจก.เอสพีเอ็ม อาหารสัตว์ | D74: SPM 915 | E74: 20 | F74: 38 | G74: ขาว | H74: ด้าน | I74: 100 | J74: ± | K74: 5 | L74: บิด | M74: ไม่สวมถุงใน | N74: 0 | O74: 0 | P74: 0 | Q74: 0 | R74: 0 | S74: 500กระสอบแบน | T74: 45846 | U74: 3000 | V74: 0 | W74: 3000 | X74: 0 | Y74: 3150 | Z74: WSWT2025800SM | AA74: 3310.89 | AB74: 3310.89 | AC74: 0 | AD74: 0 | AE74: 3310.89 | AF74: 0 | AG74: พร้อมส่ง | AH74: P6 | AI74: 4 | AJ74: 45846 | AK74: 45842 | AL74: 45835 | AM74: 45843 | AN74: 45844 | AO74: 45845 | AP74: 45841 | AQ74: 0 | AR74: 0 | AS74: 0 | AT74: 0 | AU74: 0 | AV74: 0 | AW74: งานเคลือบ+พิมพ์ | AX74: รอART | AY74: 0 | AZ74: 0 | BA74: 0 | BB74: 0 | BC74: WRWT25850/WRWT25850 | BD74: 0
A75: 45826 | B75: MK68-000806 | C75: บจก.เอพีเอ็ม อะโกร | D75: ฟีล กู๊ด พี6 | E75: 20 | F75: 38 | G75: ขาว | H75: ใส | I75: 100 | J75: ± | K75: 5 | L75: บิด | M75: ไม่สวมถุงใน | N75: 0 | O75: 0 | P75: 0 | Q75: 0 | R75: 0 | S75: 500กระสอบแบน | T75: 45868 | U75: 3000 | V75: 0 | W75: 3000 | X75: 0 | Y75: 3150 | Z75: WSWT2025800SM | AA75: 3310.89 | AB75: 0 | AC75: 3310.89 | AD75: 0 | AE75: 3310.89 | AF75: 0 | AG75: พร้อมส่ง | AH75: P6 | AI75: 4 | AJ75: 45868 | AK75: 45864 | AL75: 45857 | AM75: 45865 | AN75: 45866 | AO75: 45867 | AP75: 45863 | AQ75: 0 | AR75: 0 | AS75: 0 | AT75: 0 | AU75: 0 | AV75: 0 | AW75: งานเคลือบ+พิมพ์ | AX75: รอART | AY75: 0 | AZ75: 0 | BA75: 0 | BB75: 0 | BC75: WRWT25850/WRWT25850 | BD75: 250.15613
A76: ประมาณการ | B76: ประมาณการ | C76: บจก.อินเทคค์ โกลบอล | D76: รอแบบ | E76: 20 | F76: 36 | G76: ขาว | H76: ด้าน | I76: 100 | J76: ± | K76: 5 | L76: จับจีบ | M76: ไม่สวมถุงใน | N76: 0 | O76: 0 | P76: 0 | Q76: 0 | R76: 0 | S76: มัด80 ใช้สายรัด | T76: 45868 | U76: 100000 | V76: 0 | W76: 100000 | X76: 0 | Y76: 105000 | Z76: WSWT2025800SM | AA76: 104775 | AB76: 0 | AC76: 104775 | AD76: 0 | AE76: 104775 | AF76: 0 | AG76: รอตัด | AH76: P6 | AI76: 4 | AJ76: 45868 | AK76: 45864 | AL76: 45857 | AM76: 45865 | AN76: 45866 | AO76: 45867 | AP76: 45863 | AQ76: 0 | AR76: 0 | AS76: 0 | AT76: 0 | AU76: 0 | AV76: 0 | AW76: งานเคลือบ+พิมพ์ | AX76: รอART | AY76: 0 | AZ76: 0 | BA76: 0 | BB76: 0 | BC76: WRWT25850/WRWT25850 | BD76: 7916.3333
A77: 45799 | B77: MK68-000694 | C77: บจก.เอ.เจ.ฟาร์ม่าแล็บ | D77: เวท-มิน | E77: 20 | F77: 34 | G77: ขาว | H77: ใส | I77: 95 | J77: ± | K77: 5 | L77: จับจีบ | M77: ไม่สวมถุงใน | N77: 0 | O77: 0 | P77: 0 | Q77: 0 | R77: 0 | S77: 500กระสอบ | T77: รอส่ง | U77: 8000 | V77: 8154 | W77: 0 | X77: 14180 | Y77: 0 | Z77: WSWT2025800SM | AA77: 0 | AB77: 0 | AC77: 0 | AD77: 0 | AE77: 0 | AF77: ห้ามขาด-ห้ามเกิน | AG77: รอตัด | AH77: P6 | AI77: 4 | AJ77: รอส่ง | AK77: #VALUE! | AL77: #VALUE! | AM77: #VALUE! | AN77: #VALUE! | AO77: #VALUE! | AP77: #VALUE! | AQ77: 0 | AR77: 0 | AS77: 0 | AT77: 0 | AU77: 0 | AV77: 0 | AW77: งานเคลือบ+พิมพ์ | AX77: / | AY77: 0 | AZ77: 0 | BA77: 0 | BB77: 0 | BC77: WRWT25850/WRWT25850 | BD77: 0
A78: 45799 | B78: MK68-000694 | C78: บจก.เอ.เจ.ฟาร์ม่าแล็บ | D78: เบส-มิน | E78: 20 | F78: 34 | G78: ขาว | H78: ใส | I78: 95 | J78: ± | K78: 5 | L78: จับจีบ | M78: ไม่สวมถุงใน | N78: 0 | O78: 0 | P78: 0 | Q78: 0 | R78: 0 | S78: 500กระสอบ | T78: รอส่ง | U78: 8000 | V78: 7840 | W78: 160 | X78: 8450 | Y78: 0 | Z78: WSWT2025800SM | AA78: 0 | AB78: 0 | AC78: 0 | AD78: 0 | AE78: 0 | AF78: ห้ามขาด-ห้ามเกิน | AG78: พร้อมส่ง | AH78: P6 | AI78: 4 | AJ78: รอส่ง | AK78: #VALUE! | AL78: #VALUE! | AM78: #VALUE! | AN78: #VALUE! | AO78: #VALUE! | AP78: #VALUE! | AQ78: 0 | AR78: 0 | AS78: 0 | AT78: 0 | AU78: 0 | AV78: 0 | AW78: งานเคลือบ+พิมพ์ | AX78: / | AY78: 0 | AZ78: 0 | BA78: 0 | BB78: 0 | BC78: WRWT25850/WRWT25850 | BD78: 0
A79: 45796 | B79: MK68-000672 | C79: บจก.อินเทคค์ โกลบอล | D79: เฟิร์สช้อย 912 | E79: 20 | F79: 36 | G79: ขาว | H79: ด้าน | I79: 100 | J79: ± | K79: 5 | L79: จับจีบ | M79: ไม่สวมถุงใน | N79: 0 | O79: 0 | P79: 0 | Q79: 0 | R79: 0 | S79: มัด80 ใช้สายรัด | T79: รอแจ้ง | U79: 3853 | V79: 840 | W79: 3013 | X79: 15401 | Y79: 0 | Z79: WSWT2025800SM | AA79: 0 | AB79: 0 | AC79: 0 | AD79: 0 | AE79: 0 | AF79: 0 | AG79: พร้อมส่ง | AH79: P6 | AI79: 4 | AJ79: รอแจ้ง | AK79: #VALUE! | AL79: #VALUE! | AM79: #VALUE! | AN79: #VALUE! | AO79: #VALUE! | AP79: #VALUE! | AQ79: 0 | AR79: 0 | AS79: 0 | AT79: 0 | AU79: 0 | AV79: 0 | AW79: งานเคลือบ+พิมพ์ | AX79: / | AY79: 0 | AZ79: 0 | BA79: 0 | BB79: 0 | BC79: WRWT25850/WRWT25850 | BD79: 0
A80: 45796 | B80: MK68-000675 | C80: บจก.อินเทคค์ โกลบอล | D80: เพอเฟคค์ 914 | E80: 20 | F80: 36 | G80: ขาว | H80: ด้าน | I80: 100 | J80: ± | K80: 5 | L80: จับจีบ | M80: ไม่สวมถุงใน | N80: 0 | O80: 0 | P80: 0 | Q80: 0 | R80: 0 | S80: มัด80 ใช้สายรัด | T80: รอแจ้ง | U80: 3360 | V80: 0 | W80: 3360 | X80: 35200 | Y80: 0 | Z80: WSWT2025800SM | AA80: 0 | AB80: 0 | AC80: 0 | AD80: 0 | AE80: 0 | AF80: 0 | AG80: พร้อมส่ง | AH80: P6 | AI80: 4 | AJ80: รอแจ้ง | AK80: #VALUE! | AL80: #VALUE! | AM80: #VALUE! | AN80: #VALUE! | AO80: #VALUE! | AP80: #VALUE! | AQ80: 0 | AR80: 0 | AS80: 0 | AT80: 0 | AU80: 0 | AV80: 0 | AW80: งานเคลือบ+พิมพ์ | AX80: / | AY80: 2/6---6/6 | AZ80: 0 | BA80: 0 | BB80: 0 | BC80: WRWT25850/WRWT25850 | BD80: 0
A81: 45796 | B81: MK68-000676 | C81: บจก.อินเทคค์ โกลบอล | D81: เพอเฟคค์ 916 | E81: 20 | F81: 36 | G81: ขาว | H81: ด้าน | I81: 100 | J81: ± | K81: 5 | L81: จับจีบ | M81: ไม่สวมถุงใน | N81: 0 | O81: 0 | P81: 0 | Q81: 0 | R81: 0 | S81: มัด80 ใช้สายรัด | T81: รอแจ้ง | U81: 614 | V81: 0 | W81: 614 | X81: 12101 | Y81: 0 | Z81: WSWT2025800SM | AA81: 0 | AB81: 0 | AC81: 0 | AD81: 0 | AE81: 0 | AF81: 0 | AG81: พร้อมส่ง | AH81: P6 | AI81: 4 | AJ81: รอแจ้ง | AK81: #VALUE! | AL81: #VALUE! | AM81: #VALUE! | AN81: #VALUE! | AO81: #VALUE! | AP81: #VALUE! | AQ81: 0 | AR81: 0 | AS81: 0 | AT81: 0 | AU81: 0 | AV81: 0 | AW81: งานเคลือบ+พิมพ์ | AX81: / | AY81: 0 | AZ81: 0 | BA81: 0 | BB81: 0 | BC81: WRWT25850/WRWT25850 | BD81: 0
A82: 45796 | B82: MK68-000671 | C82: บจก.อินเทคค์ โกลบอล | D82: เฟิร์สช้อย 902 | E82: 20 | F82: 36 | G82: ขาว | H82: ด้าน | I82: 100 | J82: ± | K82: 5 | L82: จับจีบ | M82: ไม่สวมถุงใน | N82: 0 | O82: 0 | P82: 0 | Q82: 0 | R82: 0 | S82: มัด80 ใช้สายรัด | T82: รอแจ้ง | U82: 366 | V82: 0 | W82: 366 | X82: 5113 | Y82: 0 | Z82: WSWT2025800SM | AA82: 0 | AB82: 0 | AC82: 0 | AD82: 0 | AE82: 0 | AF82: 0 | AG82: รอตัด | AH82: P6 | AI82: 4 | AJ82: รอแจ้ง | AK82: #VALUE! | AL82: #VALUE! | AM82: #VALUE! | AN82: #VALUE! | AO82: #VALUE! | AP82: #VALUE! | AQ82: 0 | AR82: 0 | AS82: 0 | AT82: 0 | AU82: 0 | AV82: 0 | AW82: งานเคลือบ+พิมพ์ | AX82: / | AY82: 0 | AZ82: 0 | BA82: 0 | BB82: 0 | BC82: WRWT25850/WRWT25850 | BD82: 0
A83: 45796 | B83: MK68-000673 | C83: บจก.อินเทคค์ โกลบอล | D83: เพอเฟคค์ 000 | E83: 20 | F83: 36 | G83: ขาว | H83: ด้าน | I83: 100 | J83: ± | K83: 5 | L83: จับจีบ | M83: ไม่สวมถุงใน | N83: 0 | O83: 0 | P83: 0 | Q83: 0 | R83: 0 | S83: มัด80 ใช้สายรัด | T83: รอแจ้ง | U83: 179 | V83: 0 | W83: 179 | X83: 11000 | Y83: 0 | Z83: WSWT2025800SM | AA83: 0 | AB83: 0 | AC83: 0 | AD83: 0 | AE83: 0 | AF83: 0 | AG83: ยังไม่ได้พิมพ์ | AH83: P6 | AI83: 4 | AJ83: รอแจ้ง | AK83: #VALUE! | AL83: #VALUE! | AM83: #VALUE! | AN83: #VALUE! | AO83: #VALUE! | AP83: #VALUE! | AQ83: 0 | AR83: 0 | AS83: 0 | AT83: 0 | AU83: 0 | AV83: 0 | AW83: งานเคลือบ+พิมพ์ | AX83: / | AY83: 0 | AZ83: 0 | BA83: 0 | BB83: 0 | BC83: WRWT25850/WRWT25850 | BD83: 0
A84: 45796 | B84: MK68-000673 | C84: บจก.อินเทคค์ โกลบอล | D84: เพอเฟคค์ 902 | E84: 20 | F84: 36 | G84: ขาว | H84: ด้าน | I84: 100 | J84: ± | K84: 5 | L84: จับจีบ | M84: ไม่สวมถุงใน | N84: 0 | O84: 0 | P84: 0 | Q84: 0 | R84: 0 | S84: มัด80 ใช้สายรัด | T84: รอแจ้ง | U84: 302 | V84: 0 | W84: 302 | X84: 5300 | Y84: 0 | Z84: WSWT2025800SM | AA84: 0 | AB84: 0 | AC84: 0 | AD84: 0 | AE84: 0 | AF84: 0 | AG84: ยังไม่ได้พิมพ์ | AH84: P6 | AI84: 4 | AJ84: รอแจ้ง | AK84: #VALUE! | AL84: #VALUE! | AM84: #VALUE! | AN84: #VALUE! | AO84: #VALUE! | AP84: #VALUE! | AQ84: 0 | AR84: 0 | AS84: 0 | AT84: 0 | AU84: 0 | AV84: 0 | AW84: งานเคลือบ+พิมพ์ | AX84: / | AY84: 0 | AZ84: 0 | BA84: 0 | BB84: 0 | BC84: WRWT25850/WRWT25850 | BD84: 0
A85: 45796 | B85: MK68-000674 | C85: บจก.อินเทคค์ โกลบอล | D85: เพอเฟคค์ 913 | E85: 20 | F85: 36 | G85: ขาว | H85: ด้าน | I85: 100 | J85: ± | K85: 5 | L85: จับจีบ | M85: ไม่สวมถุงใน | N85: 0 | O85: 0 | P85: 0 | Q85: 0 | R85: 0 | S85: มัด80 ใช้สายรัด | T85: รอแจ้ง | U85: 1200 | V85: 0 | W85: 1200 | X85: 10700 | Y85: 0 | Z85: WSWT2025800SM | AA85: 0 | AB85: 0 | AC85: 0 | AD85: 0 | AE85: 0 | AF85: 0 | AG85: ยังไม่ได้พิมพ์ | AH85: P6 | AI85: 4 | AJ85: รอแจ้ง | AK85: #VALUE! | AL85: #VALUE! | AM85: #VALUE! | AN85: #VALUE! | AO85: #VALUE! | AP85: #VALUE! | AQ85: 0 | AR85: 0 | AS85: 0 | AT85: 0 | AU85: 0 | AV85: 0 | AW85: งานเคลือบ+พิมพ์ | AX85: / | AY85: 0 | AZ85: 0 | BA85: 0 | BB85: 0 | BC85: WRWT25850/WRWT25850 | BD85: 0
A86: 45798 | B86: MK68-000693 | C86: บจก.เอพีเอ็ม อะโกร | D86: ฟีล กู๊ด พี07 | E86: 20 | F86: 38 | G86: ขาว | H86: ใส | I86: 100 | J86: ± | K86: 5 | L86: บิด | M86: ไม่สวมถุงใน | N86: 0 | O86: 0 | P86: 0 | Q86: 0 | R86: 0 | S86: 500กระสอบแบน | T86: รอแจ้ง | U86: 5000 | V86: 0 | W86: 5000 | X86: 0 | Y86: 5250 | Z86: WSWT2025800SM | AA86: 5518.15 | AB86: 5518.15 | AC86: 0 | AD86: 0 | AE86: 5518.15 | AF86: 0 | AG86: พร้อมส่ง | AH86: P6 | AI86: 4 | AJ86: รอแจ้ง | AK86: #VALUE! | AL86: #VALUE! | AM86: #VALUE! | AN86: #VALUE! | AO86: #VALUE! | AP86: #VALUE! | AQ86: 0 | AR86: 0 | AS86: 0 | AT86: 0 | AU86: 0 | AV86: 0 | AW86: งานเคลือบ+พิมพ์ | AX86: / | AY86: 0 | AZ86: 0 | BA86: 0 | BB86: 0 | BC86: WRWT25850/WRWT25850 | BD86: 0
A87: 45782 | B87: MK68-000609 | C87: บจก.เอสพีเอ็ม อาหารสัตว์ | D87: SW 441 | E87: 20 | F87: 38 | G87: ขาว | H87: ใส | I87: 100 | J87: ± | K87: 5 | L87: บิด | M87: ไม่สวมถุงใน | N87: 0 | O87: 0 | P87: 0 | Q87: 0 | R87: 0 | S87: 500กระสอบแบน | T87: รอแจ้ง | U87: 15000 | V87: 0 | W87: 15000 | X87: 0 | Y87: 15750 | Z87: WSWT2025800SM | AA87: 16554.45 | AB87: 0 | AC87: 16554.45 | AD87: 0 | AE87: 16554.45 | AF87: 0 | AG87: รอแบบ | AH87: P6 | AI87: 4 | AJ87: รอแจ้ง | AK87: #VALUE! | AL87: #VALUE! | AM87: #VALUE! | AN87: #VALUE! | AO87: #VALUE! | AP87: #VALUE! | AQ87: 0 | AR87: 0 | AS87: 0 | AT87: 0 | AU87: 0 | AV87: 0 | AW87: งานเคลือบ+พิมพ์ | AX87: / | AY87: 0 | AZ87: 0 | BA87: 0 | BB87: 0 | BC87: WRWT25850/WRWT25850 | BD87: 1250.7807
A88: 45810 | B88: MK68-000742 | C88: บจก.เอสพีเอ็ม อาหารสัตว์ | D88: นีโอ 05 | E88: 20 | F88: 38 | G88: ขาว | H88: ด้าน | I88: 100 | J88: ± | K88: 5 | L88: ไม่ | M88: ไม่สวมถุงใน | N88: 0 | O88: 0 | P88: 0 | Q88: 0 | R88: 0 | S88: 500กระสอบแบน | T88: รอแจ้ง | U88: 5000 | V88: 0 | W88: 5000 | X88: 0 | Y88: 5250 | Z88: WSWT2025800SM | AA88: 5518.15 | AB88: 0 | AC88: 5518.15 | AD88: 0 | AE88: 5518.15 | AF88: 0 | AG88: รอแบบ | AH88: P6 | AI88: 4 | AJ88: รอแจ้ง | AK88: #VALUE! | AL88: #VALUE! | AM88: #VALUE! | AN88: #VALUE! | AO88: #VALUE! | AP88: #VALUE! | AQ88: 0 | AR88: 0 | AS88: 0 | AT88: 0 | AU88: 0 | AV88: 0 | AW88: งานเคลือบ+พิมพ์ | AX88: รอART | AY88: 0 | AZ88: 0 | BA88: 0 | BB88: 0 | BC88: WRWT25850/WRWT25850 | BD88: 416.92689
A89: 45611 | B89: MK67-001533 | C89: บจก.อินเทคค์ โกลบอล | D89: เฟิร์สช้อย 914 | E89: 20 | F89: 36 | G89: ขาว | H89: ด้าน | I89: 100 | J89: ± | K89: 5 | L89: จับจีบ | M89: ไม่สวมถุงใน | N89: 0 | O89: 0 | P89: 0 | Q89: 0 | R89: 0 | S89: มัด80 ใช้สายรัด | T89: รอแจ้ง | U89: 67 | V89: 67 | W89: 0 | X89: 80 | Y89: 0 | Z89: WSWT2025800SM | AA89: 0 | AB89: 0 | AC89: 0 | AD89: 0 | AE89: 0 | AF89: 0 | AG89: ยังไม่ได้พิมพ์ | AH89: P6 | AI89: 4 | AJ89: รอแจ้ง | AK89: #VALUE! | AL89: #VALUE! | AM89: #VALUE! | AN89: #VALUE! | AO89: #VALUE! | AP89: #VALUE! | AQ89: 0 | AR89: 0 | AS89: 0 | AT89: 0 | AU89: 0 | AV89: 0 | AW89: งานเคลือบ+พิมพ์ | AX89: / | AY89: 0 | AZ89: 0 | BA89: 0 | BB89: 0 | BC89: WRWT25850/WRWT25850 | BD89: 0
A90: ประมาณการ | B90: ประมาณการ | C90: บจก.เอสพีเอ็ม อาหารสัตว์ | D90: รอแบบ | E90: 20 | F90: 38 | G90: ขาว | H90: ใส | I90: 100 | J90: ± | K90: 5 | L90: บิด | M90: ไม่สวมถุงใน | N90: 0 | O90: 0 | P90: 0 | Q90: 0 | R90: 0 | S90: 500กระสอบแบน | T90: 45868 | U90: 20000 | V90: 0 | W90: 20000 | X90: 0 | Y90: 21000 | Z90: WSWT2025800SM | AA90: 22072.6 | AB90: 0 | AC90: 22072.6 | AD90: 0 | AE90: 22072.6 | AF90: 0 | AG90: พร้อมส่ง | AH90: P6 | AI90: 4 | AJ90: 45868 | AK90: 45864 | AL90: 45857 | AM90: 45865 | AN90: 45866 | AO90: 45867 | AP90: 45863 | AQ90: 0 | AR90: 0 | AS90: 0 | AT90: 0 | AU90: 0 | AV90: 0 | AW90: งานเคลือบ+พิมพ์ | AX90: รอART | AY90: 0 | AZ90: 0 | BA90: 0 | BB90: 0 | BC90: WRWT25850/WRWT25850 | BD90: 1667.7076
A91: ประมาณการ | B91: ประมาณการ | C91: บจก.ไทยธรรมดี | D91: รอแบบ | E91: 20 | F91: 37 | G91: ขาว | H91: ด้าน | I91: 97 | J91: ± | K91: 5 | L91: บิด | M91: ไม่สวมถุงใน | N91: 0 | O91: 0 | P91: 0 | Q91: 0 | R91: 0 | S91: 500กระสอบ | T91: 45868 | U91: 40000 | V91: 0 | W91: 40000 | X91: 0 | Y91: 42000 | Z91: WSWT2025800SM | AA91: 43027.6 | AB91: 0 | AC91: 43027.6 | AD91: 0 | AE91: 43027.6 | AF91: 0 | AG91: พร้อมส่ง | AH91: P6 | AI91: 4 | AJ91: 45868 | AK91: 45864 | AL91: 45857 | AM91: 45865 | AN91: 45866 | AO91: 45867 | AP91: 45863 | AQ91: 0 | AR91: 0 | AS91: 0 | AT91: 0 | AU91: 0 | AV91: 0 | AW91: งานเคลือบ+พิมพ์ | AX91: รอART | AY91: 0 | AZ91: 0 | BA91: 0 | BB91: 0 | BC91: WRWT25850/WRWT25850 | BD91: 3250.9742
A92: 45681 | B92: MK68-000122 | C92: บจก.เอสพีเอ็ม อาหารสัตว์ | D92: SPM 212 | E92: 20 | F92: 40 | G92: ขาว | H92: ด้าน | I92: 108 | J92: ± | K92: 5 | L92: บิด | M92: ไม่สวมถุงใน | N92: 0 | O92: 0 | P92: 0 | Q92: 0 | R92: 0 | S92: 500กระสอบแบน | T92: รอแจ้ง | U92: 3000 | V92: 0 | W92: 3000 | X92: 0 | Y92: 3150 | Z92: WSWT2025800SM | AA92: 3478.53 | AB92: 0 | AC92: 3478.53 | AD92: 0 | AE92: 3478.53 | AF92: 0 | AG92: รอตัด | AH92: P6 | AI92: 4 | AJ92: รอแจ้ง | AK92: #VALUE! | AL92: #VALUE! | AM92: #VALUE! | AN92: #VALUE! | AO92: #VALUE! | AP92: #VALUE! | AQ92: 0 | AR92: 0 | AS92: 0 | AT92: 0 | AU92: 0 | AV92: 0 | AW92: งานเคลือบ+พิมพ์ | AX92: / | AY92: 0 | AZ92: 0 | BA92: 0 | BB92: 0 | BC92: WRWT25850/WRWT25850 | BD92: 262.82227
A93: 45674 | B93: MK68-000093 | C93: บจก.อินเทคค์ โกลบอล | D93: เฟิร์สคลาส 902 | E93: 20 | F93: 35 | G93: ขาว | H93: ด้าน | I93: 97 | J93: ± | K93: 5 | L93: จับจีบ4" | M93: ไม่สวมถุงใน | N93: 0 | O93: 0 | P93: 0 | Q93: 0 | R93: 0 | S93: มัด80 ใช้สายรัด | T93: รอแจ้ง | U93: 152 | V93: 0 | W93: 152 | X93: 6000 | Y93: 0 | Z93: WSWT2025800SM | AA93: 0 | AB93: 0 | AC93: 0 | AD93: 0 | AE93: 0 | AF93: 5987 | AG93: พร้อมส่ง | AH93: P6 | AI93: 4 | AJ93: รอแจ้ง | AK93: #VALUE! | AL93: #VALUE! | AM93: #VALUE! | AN93: #VALUE! | AO93: #VALUE! | AP93: #VALUE! | AQ93: 0 | AR93: 0 | AS93: 0 | AT93: 0 | AU93: 0 | AV93: 0 | AW93: งานเคลือบ+พิมพ์ | AX93: / | AY93: ลบสี 5040 | AZ93: 0 | BA93: 0 | BB93: 0 | BC93: WRWT25850/WRWT25850 | BD93: 0
A94: 45611 | B94: MK67-001532 | C94: บจก.อินเทคค์ โกลบอล | D94: เฟิร์สช้อย 903 | E94: 20 | F94: 36 | G94: ขาว | H94: ด้าน | I94: 100 | J94: ± | K94: 5 | L94: จับจีบ | M94: ไม่สวมถุงใน | N94: 0 | O94: 0 | P94: 0 | Q94: 0 | R94: 0 | S94: มัด80 ใช้สายรัด | T94: รอแจ้ง | U94: 117 | V94: 0 | W94: 117 | X94: 10065 | Y94: 0 | Z94: WSWT2025800SM | AA94: 0 | AB94: 0 | AC94: 0 | AD94: 0 | AE94: 0 | AF94: 0 | AG94: พร้อมส่ง | AH94: P6 | AI94: 4 | AJ94: รอแจ้ง | AK94: #VALUE! | AL94: #VALUE! | AM94: #VALUE! | AN94: #VALUE! | AO94: #VALUE! | AP94: #VALUE! | AQ94: 0 | AR94: 0 | AS94: 0 | AT94: 0 | AU94: 0 | AV94: 0 | AW94: งานเคลือบ+พิมพ์ | AX94: / | AY94: 0 | AZ94: 0 | BA94: 0 | BB94: 0 | BC94: WRWT25850/WRWT25850 | BD94: 0
A95: 45523 | B95: MK67-001153 | C95: บจก.อินเทคค์ โกลบอล | D95: สุบรรณ 777 | E95: 20 | F95: 36 | G95: ขาว | H95: ด้าน | I95: 100 | J95: ± | K95: 5 | L95: จับจีบ | M95: ไม่สวมถุงใน | N95: 0 | O95: 0 | P95: 0 | Q95: 0 | R95: 0 | S95: มัด80 ใช้สายรัด | T95: รอแจ้ง | U95: 1260 | V95: 0 | W95: 1260 | X95: 11095 | Y95: 0 | Z95: WSWT2025800SM | AA95: 0 | AB95: 0 | AC95: 0 | AD95: 0 | AE95: 0 | AF95: 0 | AG95: พร้อมส่ง | AH95: P6 | AI95: 4 | AJ95: รอแจ้ง | AK95: #VALUE! | AL95: #VALUE! | AM95: #VALUE! | AN95: #VALUE! | AO95: #VALUE! | AP95: #VALUE! | AQ95: 0 | AR95: 0 | AS95: 0 | AT95: 0 | AU95: 0 | AV95: 0 | AW95: งานเคลือบ+พิมพ์ | AX95: / | AY95: 0 | AZ95: 0 | BA95: 0 | BB95: 0 | BC95: WRWT25850/WRWT25850 | BD95: 0
A96: 45523 | B96: MK67-001153 | C96: บจก.อินเทคค์ โกลบอล | D96: สุบรรณ 666 | E96: 20 | F96: 36 | G96: ขาว | H96: ด้าน | I96: 100 | J96: ± | K96: 5 | L96: จับจีบ | M96: ไม่สวมถุงใน | N96: 0 | O96: 0 | P96: 0 | Q96: 0 | R96: 0 | S96: มัด80 ใช้สายรัด | T96: รอแจ้ง | U96: 89 | V96: 0 | W96: 89 | X96: 11180 | Y96: 0 | Z96: WSWT2025800SM | AA96: 0 | AB96: 0 | AC96: 0 | AD96: 0 | AE96: 0 | AF96: 0 | AG96: พร้อมส่ง | AH96: P6 | AI96: 4 | AJ96: รอแจ้ง | AK96: #VALUE! | AL96: #VALUE! | AM96: #VALUE! | AN96: #VALUE! | AO96: #VALUE! | AP96: #VALUE! | AQ96: 0 | AR96: 0 | AS96: 0 | AT96: 0 | AU96: 0 | AV96: 0 | AW96: งานเคลือบ+พิมพ์ | AX96: / | AY96: 0 | AZ96: 0 | BA96: 0 | BB96: 0 | BC96: WRWT25850/WRWT25850 | BD96: 0
A97: 45741 | B97: MK68-000452 | C97: บจก.เอพีเอ็ม อะโกร | D97: วี-ฟีด วี 07 | E97: 20 | F97: 38 | G97: ขาว | H97: ใส | I97: 100 | J97: ± | K97: 5 | L97: บิด | M97: ไม่สวมถุงใน | N97: 0 | O97: 0 | P97: 0 | Q97: 0 | R97: 0 | S97: 500กระสอบแบน | T97: รอส่ง | U97: 4000 | V97: 3857 | W97: 143 | X97: 4200 | Y97: 0 | Z97: WSWT2025800SM | AA97: 0 | AB97: 0 | AC97: 0 | AD97: 0 | AE97: 0 | AF97: 0 | AG97: พร้อมส่ง | AH97: P6 | AI97: 4 | AJ97: รอส่ง | AK97: #VALUE! | AL97: #VALUE! | AM97: #VALUE! | AN97: #VALUE! | AO97: #VALUE! | AP97: #VALUE! | AQ97: 0 | AR97: 0 | AS97: 0 | AT97: 0 | AU97: 0 | AV97: 0 | AW97: งานเคลือบ+พิมพ์ | AX97: / | AY97: มีลบสี | AZ97: 0 | BA97: 0 | BB97: 0 | BC97: WRWT25850/WRWT25850 | BD97: 0
A98: 45720 | B98: ใบรับคำสั่งซื้อ | C98: บจก.เอพีเอ็ม อะโกร | D98: นีโอ พี3(เอส) | E98: 20 | F98: 38 | G98: ขาว | H98: ด้าน | I98: 100 | J98: ± | K98: 5 | L98: บิด | M98: ไม่สวมถุงใน | N98: 0 | O98: 0 | P98: 0 | Q98: 0 | R98: 0 | S98: 500กระสอบแบน | T98: รอส่ง | U98: 4000 | V98: 4010 | W98: 0 | X98: 4470 | Y98: 0 | Z98: WSWT2025800SM | AA98: 0 | AB98: 0 | AC98: 0 | AD98: 0 | AE98: 0 | AF98: 0 | AG98: พร้อมส่ง | AH98: P6 | AI98: 4 | AJ98: รอส่ง | AK98: #VALUE! | AL98: #VALUE! | AM98: #VALUE! | AN98: #VALUE! | AO98: #VALUE! | AP98: #VALUE! | AQ98: 0 | AR98: 0 | AS98: 0 | AT98: 0 | AU98: 0 | AV98: 0 | AW98: งานเคลือบ+พิมพ์ | AX98: / | AY98: 0 | AZ98: 0 | BA98: 0 | BB98: 0 | BC98: WRWT25850/WRWT25850 | BD98: 0
A99: 45720 | B99: ใบรับคำสั่งซื้อ | C99: บจก.เอพีเอ็ม อะโกร | D99: นีโอ พี4(เอส) | E99: 20 | F99: 38 | G99: ขาว | H99: ด้าน | I99: 100 | J99: ± | K99: 5 | L99: บิด | M99: ไม่สวมถุงใน | N99: 0 | O99: 0 | P99: 0 | Q99: 0 | R99: 0 | S99: 500กระสอบแบน | T99: รอส่ง | U99: 3000 | V99: 3065 | W99: 0 | X99: 3300 | Y99: 0 | Z99: WSWT2025800SM | AA99: 0 | AB99: 0 | AC99: 0 | AD99: 0 | AE99: 0 | AF99: 0 | AG99: พร้อมส่ง | AH99: P6 | AI99: 4 | AJ99: รอส่ง | AK99: #VALUE! | AL99: #VALUE! | AM99: #VALUE! | AN99: #VALUE! | AO99: #VALUE! | AP99: #VALUE! | AQ99: 0 | AR99: 0 | AS99: 0 | AT99: 0 | AU99: 0 | AV99: 0 | AW99: งานเคลือบ+พิมพ์ | AX99: / | AY99: 0 | AZ99: 0 | BA99: 0 | BB99: 0 | BC99: WRWT25850/WRWT25850 | BD99: 0
A100: 45541 | B100: MK67-001236 | C100: บจก.เอพีเอ็ม อะโกร | D100: ยูฟีด รวมไก่ วัว | E100: 20 | F100: 40 | G100: ขาว | H100: ด้าน | I100: 108 | J100: ± | K100: 5 | L100: บิด | M100: ไม่สวมถุงใน | N100: 0 | O100: 0 | P100: 0 | Q100: 0 | R100: 0 | S100: 500กระสอบแบน | T100: รอส่ง | U100: 3000 | V100: 3318 | W100: 0 | X100: 0 | Y100: 0 | Z100: WSWT2025800SM | AA100: 0 | AB100: 0 | AC100: 0 | AD100: 0 | AE100: 0 | AF100: ลูกค้าสั่งผิดเอาไปส่งเดือน10 | AG100: พร้อมส่ง | AH100: P6 | AI100: 4 | AJ100: รอส่ง | AK100: #VALUE! | AL100: #VALUE! | AM100: #VALUE! | AN100: #VALUE! | AO100: #VALUE! | AP100: #VALUE! | AQ100: 0 | AR100: 0 | AS100: 0 | AT100: 0 | AU100: 0 | AV100: 0 | AW100: งานเคลือบ+พิมพ์ | AX100: 0 | AY100: ลูกค้าต้องการเคลือบใส แต่เปิดมาเคลือบด้าน | AZ100: 0 | BA100: 0 | BB100: 0 | BC100: WRWT25850/WRWT25850 | BD100: 0
A101: 45581 | B101: MK67-001396 | C101: บจก.เอพีเอ็ม อะโกร | D101: นีโอ พี4 | E101: 20 | F101: 38 | G101: ขาว | H101: ด้าน | I101: 100 | J101: ± | K101: 5 | L101: บิด | M101: ไม่สวมถุงใน | N101: 0 | O101: 0 | P101: 0 | Q101: 0 | R101: 0 | S101: 500กระสอบแบน | T101: รอส่ง | U101: 3000 | V101: 3194 | W101: 0 | X101: 5632 | Y101: 0 | Z101: WSWT2025800SM | AA101: 0 | AB101: 0 | AC101: 0 | AD101: 0 | AE101: 0 | AF101: 0 | AG101: พร้อมส่ง | AH101: P6 | AI101: 4 | AJ101: รอส่ง | AK101: #VALUE! | AL101: #VALUE! | AM101: #VALUE! | AN101: #VALUE! | AO101: #VALUE! | AP101: #VALUE! | AQ101: 0 | AR101: 0 | AS101: 0 | AT101: 0 | AU101: 0 | AV101: 0 | AW101: งานเคลือบ+พิมพ์ | AX101: / | AY101: 0 | AZ101: 0 | BA101: 0 | BB101: 0 | BC101: WRWT25850/WRWT25850 | BD101: 0
...

Sheet 20-6-68
B2: เรียงกำหนดส่ง | D2: ลบ 0 | T2: เรียง 1
B3: ข้อมูลUpdate ณ. วันที่ | D3: 45828 | E3: เวลา | G3: 10.42
A4: วันรับออร์เดอร์/แบบ | B4: เลขที่ SO | C4: ชื่อลูกค้า | E4: 10.3 | I4: น้ำหนัก | L4: บิด/จับจีบ | M4: ถุงใน | Q4: 44873 | S4: วิธีบรรจุ | T4: วันส่ง | U4: จำนวนส่ง | V4: ตัดเย็บ (ใบ) | W4: 44873 | X4: พิมพ์ (ใบ) | Y4: 44876 | Z4: ผ้าทอ (เมตร) Updateณ | AB4: 44876 | AD4: ผ้าเคลือบ(เมตร) | AF4: หมายเหตุ | AG4: เครื่อง
B5: เลขที่ SO | C5: ชื่อลูกค้า | D5: ตรา | E5: กว้าง | F5: ยาว | G5: สี | H5: เคลือบ | I5: กรัม/ใบ | J5: * | K5: aw | L5: บิด/จับจีบ | M5: กว้าง | N5: ยาว | O5: หนา | P5: ใช้(กก.) | Q5: Stock(กก.) | R5: ผลิต(กก.) | S5: วิธีบรรจุ | T5: วันส่ง | U5: จำนวนส่ง | V5: StockFG | W5: ค้างตัด | X5: พิมพ์แล้ว | Y5: ค้างพิมพ์ | Z5: ประเภท | AA5: ใช้ | AB5: Stock | AC5: ค้างทอ | AD5: Stock | AE5: ค้างเคลือบ | AF5: หมายเหตุ | AG5: ที่พิมพ์ได้ | AH5: process | AI5: Lead time | AJ5: วันที่ส่งPL | AK5: เคลือบ | AL5: ได้ ART | AM5: พิมพ์ | AN5: จีบ-บิด | AO5: ตัด-เย็บ | AP5: ทอ | AQ5: สวมถุง | AR5: เย็บปาก | AS5: PT | AT5: ม้วน | AU5: ตัด | AV5: ตอกตาไก่ | AW5: GROUP | AX5: ART | AY5: หมายเหตุปัญหา | AZ5: ราคา/ใบ | BA5: ราคารวม | BB5: workweek | BC5: เส้นเทป | BD5: จำนวน
A6: ประมาณการ | B6: ประมาณการ | C6: บจก.ซัน ซีเมนต์ โพรเซส | D6: พระอาทิตย์(ปูนนอน-ชริงค์) | E6: 16 | F6: 25 | G6: ขาว | H6: ใส | I6: 50 | J6: ± | K6: 5 | L6: บิด | M6: 19 | N6: 28 | O6: 40 | P6: 65.624643 | Q6: 0 | R6: 65.624643 | S6: 500กระสอบ | T6: 45868 | U6: 5000 | V6: 0 | W6: 5000 | X6: 0 | Y6: 5250 | Z6: WSWT1625800SM | AA6: 3702.05 | AB6: 3372 | AC6: 330.05 | AD6: 0 | AE6: 3702.05 | AF6: 0 | AG6: พร้อมส่ง | AH6: P8 | AI6: 4 | AJ6: 45868 | AK6: 45864 | AL6: 45858 | AM6: 45865 | AN6: 45866 | AO6: 45866 | AP6: 45863 | AQ6: 45867 | AR6: 0 | AS6: 0 | AT6: 0 | AU6: 0 | AV6: 0 | AW6: งานเคลือบ+พิมพ์ | AX6: รอART | AY6: 0 | AZ6: 0 | BA6: 0 | BB6: 0 | BC6: WRWT25800/WRWT25800 | BD6: 18.776178
A7: 0 | B7: 0 | C7: 0 | E7: 16 | F7: 25 | G7: ขาว | H7: 0 | I7: 45 | J7: ± | K7: 5 | L7: 0 | M7: 0 | N7: 0 | O7: 0 | P7: 0 | Q7: 0 | R7: 0 | S7: 0 | U7: 0 | V7: 0 | W7: 0 | X7: 0 | Y7: 0 | Z7: WSWT1625800SM | AA7: 3702.05 | AB7: 3372 | AC7: 330.05 | AD7: 0 | AE7: 3702.05 | AF7: ระบุในSD | AG7: พร้อมส่ง | AH7: 0 | AI7: Lead time | AJ7: 0 | AK7: 0 | AL7: 0 | AM7: 0 | AN7: 0 | AO7: 0 | AP7: 0 | AQ7: 0 | AR7: 0 | AS7: 0 | AT7: 0 | AU7: 0 | AV7: 0 | AW7: 0 | AX7: 0 | AY7: 0 | AZ7: 0 | BA7: 0 | BB7: 0 | BC7: WRWT160800/WRWT25800 | BD7: 0
