Workbook

Sheet Linkสูตรออร์เดอร์  (2)
B2: เรียงกำหนดส่ง | D2: ลบ 0 | T2: เรียง 1
B3: ข้อมูลUpdate ณ. วันที่ | D3: 45818 | E3: เวลา | G3: 11.04
A4: วันรับออร์เดอร์/แบบ | B4: เลขที่ SO | C4: ชื่อลูกค้า | E4: 10.3 | I4: น้ำหนัก | L4: บิด/จับจีบ | M4: ถุงใน | Q4: =[1]หน้าผ้า!$AC$13 -> 44873 | S4: วิธีบรรจุ | T4: วันส่ง | U4: จำนวนส่ง | V4: ตัดเย็บ (ใบ) | W4: =[1]หน้าผ้า!$AJ$13 -> 44873 | X4: พิมพ์ (ใบ) | Y4: =[1]หน้าผ้า!$AM$13 -> 44876 | Z4: ผ้าทอ (เมตร) Updateณ | AB4: =[1]หน้าผ้า!$AR$12 -> 44876 | AD4: ผ้าเคลือบ(เมตร) | AF4: หมายเหตุ | AG4: เครื่อง
B5: เลขที่ SO | C5: ชื่อลูกค้า | D5: ตรา | E5: กว้าง | F5: ยาว | G5: สี | H5: เคลือบ | I5: กรัม/ใบ | J5: * | K5: aw | L5: บิด/จับจีบ | M5: กว้าง | N5: ยาว | O5: หนา | P5: ใช้(กก.) | Q5: Stock(กก.) | R5: ผลิต(กก.) | S5: วิธีบรรจุ | T5: วันส่ง | U5: จำนวนส่ง | V5: StockFG | W5: ค้างตัด | X5: พิมพ์แล้ว | Y5: ค้างพิมพ์ | Z5: ประเภท | AA5: ใช้ | AB5: Stock | AC5: ค้างทอ | AD5: Stock | AE5: ค้างเคลือบ | AF5: หมายเหตุ | AG5: ที่พิมพ์ได้ | AH5: process | AI5: Lead time | AJ5: วันที่ส่งPL | AK5: เคลือบ | AL5: ได้ ART | AM5: พิมพ์ | AN5: จีบ-บิด | AO5: ตัด-เย็บ | AP5: ทอ | AQ5: สวมถุง | AR5: เย็บปาก | AS5: PT | AT5: ม้วน | AU5: ตัด | AV5: ตอกตาไก่ | AW5: GROUP | AX5: ART | AY5: หมายเหตุปัญหา | AZ5: ราคา/ใบ | BA5: ราคารวม | BB5: workweek | BC5: เส้นเทป | BD5: จำนวน
A6: =[2]หน้าผ้า!C15 -> 0 | B6: =[2]หน้าผ้า!B15 -> 0 | C6: =[2]หน้าผ้า!E15 -> 0 | D6: =[2]หน้าผ้า!F15 -> 0 | E6: =[2]หน้าผ้า!G15 -> 12 | F6: =[2]หน้าผ้า!H15 -> 16 | G6: =[2]หน้าผ้า!I15 -> ขาว | H6: =[2]หน้าผ้า!J15 -> 0 | I6: =[2]หน้าผ้า!L15 -> 25 | J6: =[2]หน้าผ้า!M15 -> ± | K6: =[2]หน้าผ้า!N15 -> 5 | L6: =[2]หน้าผ้า!R15 -> 0 | M6: =[2]หน้าผ้า!T15 -> 0 | N6: =[2]หน้าผ้า!U15 -> 0 | O6: =[2]หน้าผ้า!V15 -> 0 | P6: =[2]หน้าผ้า!AB15 -> 0 | Q6: =[2]หน้าผ้า!AC15 -> 0 | R6: =[2]หน้าผ้า!AD15 -> 0 | S6: =[2]หน้าผ้า!Z15 -> 0 | T6: =[2]หน้าผ้า!X15 -> 0 | U6: =[2]หน้าผ้า!AA15 -> 0 | V6: =[2]หน้าผ้า!AJ15 -> 0 | W6: =[2]หน้าผ้า!AL15 -> 0 | X6: =[2]หน้าผ้า!AM15 -> 0 | Y6: =[2]หน้าผ้า!AN15 -> 0 | Z6: =[2]หน้าผ้า!AO15 -> WSWT1221750 | AA6: =[2]หน้าผ้า!AQ15 -> #REF! | AB6: =[2]หน้าผ้า!AR15 -> #REF! | AC6: =[2]หน้าผ้า!AS15 -> #REF! | AD6: =[2]หน้าผ้า!AT15 -> #REF! | AE6: =[2]หน้าผ้า!AU15 -> #REF! | AF6: =[2]หน้าผ้า!AI15 -> ระบุในSD | AG6: =[3]หน้าผ้า!DC18 -> < Ord 20,000 | AH6: =[2]หน้าผ้า!DL15 -> 0 | AI6: =[2]หน้าผ้า!DM15 -> 0 | AJ6: =[2]หน้าผ้า!DN15 -> 0 | AK6: =[2]หน้าผ้า!DQ15 -> 0 | AL6: =[2]หน้าผ้า!DR15 -> 0 | AM6: =[2]หน้าผ้า!DS15 -> 0 | AN6: =[2]หน้าผ้า!DT15 -> 0 | AO6: =[2]หน้าผ้า!DU15 -> 0 | AP6: =[2]หน้าผ้า!DP15 -> 0 | AQ6: =[2]หน้าผ้า!DW15 -> 0 | AR6: =[2]หน้าผ้า!DX15 -> 0 | AS6: =[2]หน้าผ้า!DY15 -> 0 | AT6: =[2]หน้าผ้า!DZ15 -> 0 | AU6: =[2]หน้าผ้า!EA15 -> 0 | AV6: =[2]หน้าผ้า!EB15 -> 0 | AW6: =[2]หน้าผ้า!EC15 -> 0 | AX6: =[2]หน้าผ้า!ED15 -> 0 | AY6: =[2]หน้าผ้า!AG15 -> 0 | AZ6: =[2]หน้าผ้า!EG15 -> 0 | BA6: =[2]หน้าผ้า!EH15 -> 0 | BB6: =[2]หน้าผ้า!EI15 -> 0 | BC6: =[2]หน้าผ้า!BZ15 -> WRWT120750/WRWT21750 | BD6: =[2]หน้าผ้า!CA15 -> 0
A7: =[2]หน้าผ้า!C16 -> 45800 | B7: =[2]หน้าผ้า!B16 -> MK68-000701 | C7: =[2]หน้าผ้า!E16 -> หจก.ปึงเป้งน้ำ | D7: =[2]หน้าผ้า!F16 -> เกลือตรามือ 10กก | E7: =[2]หน้าผ้า!G16 -> 14 | F7: =[2]หน้าผ้า!H16 -> 22 | G7: =[2]หน้าผ้า!I16 -> ขาว | H7: =[2]หน้าผ้า!J16 -> ใส | I7: =[2]หน้าผ้า!L16 -> 42 | J7: =[2]หน้าผ้า!M16 -> ± | K7: =[2]หน้าผ้า!N16 -> 5 | L7: =[2]หน้าผ้า!R16 -> ไม่ | M7: =[2]หน้าผ้า!T16 -> ไม่สวมถุงใน | N7: =[2]หน้าผ้า!U16 -> 0 | O7: =[2]หน้าผ้า!V16 -> 0 | P7: =[2]หน้าผ้า!AB16 -> 0 | Q7: =[2]หน้าผ้า!AC16 -> 0 | R7: =[2]หน้าผ้า!AD16 -> 0 | S7: =[2]หน้าผ้า!Z16 -> 500กระสอบแบนเต็มใบ | T7: =[2]หน้าผ้า!X16 -> 45821 | U7: =[2]หน้าผ้า!AA16 -> 10000 | V7: =[2]หน้าผ้า!AJ16 -> 0 | W7: =[2]หน้าผ้า!AL16 -> 10000 | X7: =[2]หน้าผ้า!AM16 -> 0 | Y7: =[2]หน้าผ้า!AN16 -> 10500 | Z7: =[2]หน้าผ้า!AO16 -> WSWT1425800 | AA7: =[2]หน้าผ้า!AQ16 -> 6565.9 | AB7: =[2]หน้าผ้า!AR16 -> 5557 | AC7: =[2]หน้าผ้า!AS16 -> 1008.9 | AD7: =[2]หน้าผ้า!AT16 -> 1220 | AE7: =[2]หน้าผ้า!AU16 -> 5345.9 | AF7: =[2]หน้าผ้า!AI16 -> 0 | AG7: =[3]หน้าผ้า!DC19 -> พร้อมส่ง | AH7: =[2]หน้าผ้า!DL16 -> P6 | AI7: =[2]หน้าผ้า!DM16 -> 4 | AJ7: =[2]หน้าผ้า!DN16 -> 45821 | AK7: =[2]หน้าผ้า!DQ16 -> 45817 | AL7: =[2]หน้าผ้า!DR16 -> 45810 | AM7: =[2]หน้าผ้า!DS16 -> 45818 | AN7: =[2]หน้าผ้า!DT16 -> 45819 | AO7: =[2]หน้าผ้า!DU16 -> 45820 | AP7: =[2]หน้าผ้า!DP16 -> 45816 | AQ7: =[2]หน้าผ้า!DW16 -> 0 | AR7: =[2]หน้าผ้า!DX16 -> 0 | AS7: =[2]หน้าผ้า!DY16 -> 0 | AT7: =[2]หน้าผ้า!DZ16 -> 0 | AU7: =[2]หน้าผ้า!EA16 -> 0 | AV7: =[2]หน้าผ้า!EB16 -> 0 | AW7: =[2]หน้าผ้า!EC16 -> งานเคลือบ+พิมพ์ | AX7: =[2]หน้าผ้า!ED16 -> / | AY7: =[2]หน้าผ้า!AG16 -> 0 | AZ7: =[2]หน้าผ้า!EG16 -> 0 | BA7: =[2]หน้าผ้า!EH16 -> 0 | BB7: =[2]หน้าผ้า!EI16 -> 0 | BC7: =[2]หน้าผ้า!BZ16 -> WRWT25800/WRWT25800 | BD7: =[2]หน้าผ้า!CA16 -> 56.4984
A8: =[2]หน้าผ้า!C17 -> 0 | B8: =[2]หน้าผ้า!B17 -> 0 | C8: =[2]หน้าผ้า!E17 -> 0 | D8: =[2]หน้าผ้า!F17 -> 0 | E8: =[2]หน้าผ้า!G17 -> 14 | F8: =[2]หน้าผ้า!H17 -> 22 | G8: =[2]หน้าผ้า!I17 -> ขาว | H8: =[2]หน้าผ้า!J17 -> 0 | I8: =[2]หน้าผ้า!L17 -> 36 | J8: =[2]หน้าผ้า!M17 -> ± | K8: =[2]หน้าผ้า!N17 -> 5 | L8: =[2]หน้าผ้า!R17 -> 0 | M8: =[2]หน้าผ้า!T17 -> 0 | N8: =[2]หน้าผ้า!U17 -> 0 | O8: =[2]หน้าผ้า!V17 -> 0 | P8: =[2]หน้าผ้า!AB17 -> 0 | Q8: =[2]หน้าผ้า!AC17 -> 0 | R8: =[2]หน้าผ้า!AD17 -> 0 | S8: =[2]หน้าผ้า!Z17 -> 0 | T8: =[2]หน้าผ้า!X17 -> 0 | U8: =[2]หน้าผ้า!AA17 -> 0 | V8: =[2]หน้าผ้า!AJ17 -> 0 | W8: =[2]หน้าผ้า!AL17 -> 0 | X8: =[2]หน้าผ้า!AM17 -> 0 | Y8: =[2]หน้าผ้า!AN17 -> 0 | Z8: =[2]หน้าผ้า!AO17 -> WSWT1425800 | AA8: =[2]หน้าผ้า!AQ17 -> 6565.9 | AB8: =[2]หน้าผ้า!AR17 -> 5557 | AC8: =[2]หน้าผ้า!AS17 -> 1008.9 | AD8: =[2]หน้าผ้า!AT17 -> 1220 | AE8: =[2]หน้าผ้า!AU17 -> 5345.9 | AF8: =[2]หน้าผ้า!AI17 -> ระบุในSD | AG8: =[3]หน้าผ้า!DC20 -> พร้อมส่ง | AH8: =[2]หน้าผ้า!DL17 -> 0 | AI8: =[2]หน้าผ้า!DM17 -> Lead time | AJ8: =[2]หน้าผ้า!DN17 -> 0 | AK8: =[2]หน้าผ้า!DQ17 -> 0 | AL8: =[2]หน้าผ้า!DR17 -> 0 | AM8: =[2]หน้าผ้า!DS17 -> 0 | AN8: =[2]หน้าผ้า!DT17 -> 0 | AO8: =[2]หน้าผ้า!DU17 -> 0 | AP8: =[2]หน้าผ้า!DP17 -> 0 | AQ8: =[2]หน้าผ้า!DW17 -> 0 | AR8: =[2]หน้าผ้า!DX17 -> 0 | AS8: =[2]หน้าผ้า!DY17 -> 0 | AT8: =[2]หน้าผ้า!DZ17 -> 0 | AU8: =[2]หน้าผ้า!EA17 -> 0 | AV8: =[2]หน้าผ้า!EB17 -> 0 | AW8: =[2]หน้าผ้า!EC17 -> 0 | AX8: =[2]หน้าผ้า!ED17 -> 0 | AY8: =[2]หน้าผ้า!AG17 -> 0 | AZ8: =[2]หน้าผ้า!EG17 -> 0 | BA8: =[2]หน้าผ้า!EH17 -> 0 | BB8: =[2]หน้าผ้า!EI17 -> 0 | BC8: =[2]หน้าผ้า!BZ17 -> WRWT140800/WRWT25800 | BD8: =[2]หน้าผ้า!CA17 -> 0
A9: =[2]หน้าผ้า!C18 -> ประมาณการ | B9: =[2]หน้าผ้า!B18 -> ประมาณการ | C9: =[2]หน้าผ้า!E18 -> บจก.ซัน ซีเมนต์ โพรเซส | D9: =[2]หน้าผ้า!F18 -> พระอาทิตย์(ปูนนอน-ชริงค์) | E9: =[2]หน้าผ้า!G18 -> 16 | F9: =[2]หน้าผ้า!H18 -> 25 | G9: =[2]หน้าผ้า!I18 -> ขาว | H9: =[2]หน้าผ้า!J18 -> ใส | I9: =[2]หน้าผ้า!L18 -> 50 | J9: =[2]หน้าผ้า!M18 -> ± | K9: =[2]หน้าผ้า!N18 -> 5 | L9: =[2]หน้าผ้า!R18 -> บิด | M9: =[2]หน้าผ้า!T18 -> 19 | N9: =[2]หน้าผ้า!U18 -> 28 | O9: =[2]หน้าผ้า!V18 -> 40 | P9: =[2]หน้าผ้า!AB18 -> 65.624643 | Q9: =[2]หน้าผ้า!AC18 -> 0 | R9: =[2]หน้าผ้า!AD18 -> 65.624643 | S9: =[2]หน้าผ้า!Z18 -> 500กระสอบ | T9: =[2]หน้าผ้า!X18 -> รอแจ้ง | U9: =[2]หน้าผ้า!AA18 -> 5000 | V9: =[2]หน้าผ้า!AJ18 -> 0 | W9: =[2]หน้าผ้า!AL18 -> 5000 | X9: =[2]หน้าผ้า!AM18 -> 0 | Y9: =[2]หน้าผ้า!AN18 -> 5250 | Z9: =[2]หน้าผ้า!AO18 -> WSWT1625800SM | AA9: =[2]หน้าผ้า!AQ18 -> 3702.05 | AB9: =[2]หน้าผ้า!AR18 -> 3372 | AC9: =[2]หน้าผ้า!AS18 -> 330.05 | AD9: =[2]หน้าผ้า!AT18 -> 0 | AE9: =[2]หน้าผ้า!AU18 -> 3702.05 | AF9: =[2]หน้าผ้า!AI18 -> 0 | AG9: =[3]หน้าผ้า!DC21 -> ยังไม่ได้พิมพ์ | AH9: =[2]หน้าผ้า!DL18 -> P8 | AI9: =[2]หน้าผ้า!DM18 -> 4 | AJ9: =[2]หน้าผ้า!DN18 -> รอแจ้ง | AK9: =[2]หน้าผ้า!DQ18 -> #VALUE! | AL9: =[2]หน้าผ้า!DR18 -> #VALUE! | AM9: =[2]หน้าผ้า!DS18 -> #VALUE! | AN9: =[2]หน้าผ้า!DT18 -> #VALUE! | AO9: =[2]หน้าผ้า!DU18 -> #VALUE! | AP9: =[2]หน้าผ้า!DP18 -> #VALUE! | AQ9: =[2]หน้าผ้า!DW18 -> #VALUE! | AR9: =[2]หน้าผ้า!DX18 -> 0 | AS9: =[2]หน้าผ้า!DY18 -> 0 | AT9: =[2]หน้าผ้า!DZ18 -> 0 | AU9: =[2]หน้าผ้า!EA18 -> 0 | AV9: =[2]หน้าผ้า!EB18 -> 0 | AW9: =[2]หน้าผ้า!EC18 -> งานเคลือบ+พิมพ์ | AX9: =[2]หน้าผ้า!ED18 -> รอART | AY9: =[2]หน้าผ้า!AG18 -> 0 | AZ9: =[2]หน้าผ้า!EG18 -> 0 | BA9: =[2]หน้าผ้า!EH18 -> 0 | BB9: =[2]หน้าผ้า!EI18 -> 0 | BC9: =[2]หน้าผ้า!BZ18 -> WRWT25800/WRWT25800 | BD9: =[2]หน้าผ้า!CA18 -> 18.776178
A10: =[2]หน้าผ้า!C19 -> 0 | B10: =[2]หน้าผ้า!B19 -> 0 | C10: =[2]หน้าผ้า!E19 -> 0 | D10: =[2]หน้าผ้า!F19 | E10: =[2]หน้าผ้า!G19 -> 16 | F10: =[2]หน้าผ้า!H19 -> 25 | G10: =[2]หน้าผ้า!I19 -> ขาว | H10: =[2]หน้าผ้า!J19 -> 0 | I10: =[2]หน้าผ้า!L19 -> 45 | J10: =[2]หน้าผ้า!M19 -> ± | K10: =[2]หน้าผ้า!N19 -> 5 | L10: =[2]หน้าผ้า!R19 -> 0 | M10: =[2]หน้าผ้า!T19 -> 0 | N10: =[2]หน้าผ้า!U19 -> 0 | O10: =[2]หน้าผ้า!V19 -> 0 | P10: =[2]หน้าผ้า!AB19 -> 0 | Q10: =[2]หน้าผ้า!AC19 -> 0 | R10: =[2]หน้าผ้า!AD19 -> 0 | S10: =[2]หน้าผ้า!Z19 -> 0 | T10: =[2]หน้าผ้า!X19 -> 0 | U10: =[2]หน้าผ้า!AA19 -> 0 | V10: =[2]หน้าผ้า!AJ19 -> 0 | W10: =[2]หน้าผ้า!AL19 -> 0 | X10: =[2]หน้าผ้า!AM19 -> 0 | Y10: =[2]หน้าผ้า!AN19 -> 0 | Z10: =[2]หน้าผ้า!AO19 -> WSWT1625800SM | AA10: =[2]หน้าผ้า!AQ19 -> 3702.05 | AB10: =[2]หน้าผ้า!AR19 -> 3372 | AC10: =[2]หน้าผ้า!AS19 -> 330.05 | AD10: =[2]หน้าผ้า!AT19 -> 0 | AE10: =[2]หน้าผ้า!AU19 -> 3702.05 | AF10: =[2]หน้าผ้า!AI19 -> ระบุในSD | AG10: =[3]หน้าผ้า!DC22 -> พร้อมส่ง | AH10: =[2]หน้าผ้า!DL19 -> 0 | AI10: =[2]หน้าผ้า!DM19 -> Lead time | AJ10: =[2]หน้าผ้า!DN19 -> 0 | AK10: =[2]หน้าผ้า!DQ19 -> 0 | AL10: =[2]หน้าผ้า!DR19 -> 0 | AM10: =[2]หน้าผ้า!DS19 -> 0 | AN10: =[2]หน้าผ้า!DT19 -> 0 | AO10: =[2]หน้าผ้า!DU19 -> 0 | AP10: =[2]หน้าผ้า!DP19 -> 0 | AQ10: =[2]หน้าผ้า!DW19 -> 0 | AR10: =[2]หน้าผ้า!DX19 -> 0 | AS10: =[2]หน้าผ้า!DY19 -> 0 | AT10: =[2]หน้าผ้า!DZ19 -> 0 | AU10: =[2]หน้าผ้า!EA19 -> 0 | AV10: =[2]หน้าผ้า!EB19 -> 0 | AW10: =[2]หน้าผ้า!EC19 -> 0 | AX10: =[2]หน้าผ้า!ED19 -> 0 | AY10: =[2]หน้าผ้า!AG19 -> 0 | AZ10: =[2]หน้าผ้า!EG19 -> 0 | BA10: =[2]หน้าผ้า!EH19 -> 0 | BB10: =[2]หน้าผ้า!EI19 -> 0 | BC10: =[2]หน้าผ้า!BZ19 -> WRWT160800/WRWT25800 | BD10: =[2]หน้าผ้า!CA19 -> 0
A11: =[2]หน้าผ้า!C20 -> 0 | B11: =[2]หน้าผ้า!B20 -> 0 | C11: =[2]หน้าผ้า!E20 -> 0 | D11: =[2]หน้าผ้า!F20 -> 0 | E11: =[2]หน้าผ้า!G20 -> 16 | F11: =[2]หน้าผ้า!H20 -> 25 | G11: =[2]หน้าผ้า!I20 -> ขาว | H11: =[2]หน้าผ้า!J20 -> 0 | I11: =[2]หน้าผ้า!L20 -> 45 | J11: =[2]หน้าผ้า!M20 -> ± | K11: =[2]หน้าผ้า!N20 -> 5 | L11: =[2]หน้าผ้า!R20 -> 0 | M11: =[2]หน้าผ้า!T20 -> 0 | N11: =[2]หน้าผ้า!U20 -> 0 | O11: =[2]หน้าผ้า!V20 -> 0 | P11: =[2]หน้าผ้า!AB20 -> 0 | Q11: =[2]หน้าผ้า!AC20 -> 0 | R11: =[2]หน้าผ้า!AD20 -> 0 | S11: =[2]หน้าผ้า!Z20 -> 0 | T11: =[2]หน้าผ้า!X20 -> 0 | U11: =[2]หน้าผ้า!AA20 -> 0 | V11: =[2]หน้าผ้า!AJ20 -> 0 | W11: =[2]หน้าผ้า!AL20 -> 0 | X11: =[2]หน้าผ้า!AM20 -> 0 | Y11: =[2]หน้าผ้า!AN20 -> 0 | Z11: =[2]หน้าผ้า!AO20 -> WSWT1625800 | AA11: =[2]หน้าผ้า!AQ20 -> #REF! | AB11: =[2]หน้าผ้า!AR20 -> #REF! | AC11: =[2]หน้าผ้า!AS20 -> #REF! | AD11: =[2]หน้าผ้า!AT20 -> #REF! | AE11: =[2]หน้าผ้า!AU20 -> #REF! | AF11: =[2]หน้าผ้า!AI20 -> ระบุในSD | AG11: =[3]หน้าผ้า!DC23 -> พร้อมส่ง | AH11: =[2]หน้าผ้า!DL20 -> 0 | AI11: =[2]หน้าผ้า!DM20 -> Lead time | AJ11: =[2]หน้าผ้า!DN20 -> 0 | AK11: =[2]หน้าผ้า!DQ20 -> 0 | AL11: =[2]หน้าผ้า!DR20 -> 0 | AM11: =[2]หน้าผ้า!DS20 -> 0 | AN11: =[2]หน้าผ้า!DT20 -> 0 | AO11: =[2]หน้าผ้า!DU20 -> 0 | AP11: =[2]หน้าผ้า!DP20 -> 0 | AQ11: =[2]หน้าผ้า!DW20 -> 0 | AR11: =[2]หน้าผ้า!DX20 -> 0 | AS11: =[2]หน้าผ้า!DY20 -> 0 | AT11: =[2]หน้าผ้า!DZ20 -> 0 | AU11: =[2]หน้าผ้า!EA20 -> 0 | AV11: =[2]หน้าผ้า!EB20 -> 0 | AW11: =[2]หน้าผ้า!EC20 -> 0 | AX11: =[2]หน้าผ้า!ED20 -> 0 | AY11: =[2]หน้าผ้า!AG20 -> 0 | AZ11: =[2]หน้าผ้า!EG20 -> 0 | BA11: =[2]หน้าผ้า!EH20 -> 0 | BB11: =[2]หน้าผ้า!EI20 -> 0 | BC11: =[2]หน้าผ้า!BZ20 -> WRWT160800/WRWT25800 | BD11: =[2]หน้าผ้า!CA20 -> 0
A12: =[2]หน้าผ้า!C21 -> 45814 | B12: =[2]หน้าผ้า!B21 -> MK68-000754 | C12: =[2]หน้าผ้า!E21 -> โรงสีลิ้มย่งฮวด | D12: =[2]หน้าผ้า!F21 -> ข้าวหอมมะลิสร้อยฟ้า | E12: =[2]หน้าผ้า!G21 -> 16 | F12: =[2]หน้าผ้า!H21 -> 25 | G12: =[2]หน้าผ้า!I21 -> ขาว | H12: =[2]หน้าผ้า!J21 -> 0 | I12: =[2]หน้าผ้า!L21 -> 45 | J12: =[2]หน้าผ้า!M21 -> ± | K12: =[2]หน้าผ้า!N21 -> 5 | L12: =[2]หน้าผ้า!R21 -> ไม่ | M12: =[2]หน้าผ้า!T21 -> ไม่สวมถุงใน | N12: =[2]หน้าผ้า!U21 -> 0 | O12: =[2]หน้าผ้า!V21 -> 0 | P12: =[2]หน้าผ้า!AB21 -> 0 | Q12: =[2]หน้าผ้า!AC21 -> 0 | R12: =[2]หน้าผ้า!AD21 -> 0 | S12: =[2]หน้าผ้า!Z21 -> 500กระสอบ | T12: =[2]หน้าผ้า!X21 -> 45829 | U12: =[2]หน้าผ้า!AA21 -> 5000 | V12: =[2]หน้าผ้า!AJ21 -> 0 | W12: =[2]หน้าผ้า!AL21 -> 5000 | X12: =[2]หน้าผ้า!AM21 -> 0 | Y12: =[2]หน้าผ้า!AN21 -> 5250 | Z12: =[2]หน้าผ้า!AO21 -> WSWT1621720SMFX | AA12: =[2]หน้าผ้า!AQ21 -> 3702.05 | AB12: =[2]หน้าผ้า!AR21 -> 3702.05 | AC12: =[2]หน้าผ้า!AS21 -> 0 | AD12: =[2]หน้าผ้า!AT21 -> 0 | AE12: =[2]หน้าผ้า!AU21 -> 0 | AF12: =[2]หน้าผ้า!AI21 -> ขาด-เกินได้5% | AG12: =[3]หน้าผ้า!DC24 -> ยังไม่ได้พิมพ์ | AH12: =[2]หน้าผ้า!DL21 -> P7 | AI12: =[2]หน้าผ้า!DM21 -> 2 | AJ12: =[2]หน้าผ้า!DN21 -> 45829 | AK12: =[2]หน้าผ้า!DQ21 -> 0 | AL12: =[2]หน้าผ้า!DR21 -> 45820 | AM12: =[2]หน้าผ้า!DS21 -> 45827 | AN12: =[2]หน้าผ้า!DT21 -> 45828 | AO12: =[2]หน้าผ้า!DU21 -> 45828 | AP12: =[2]หน้าผ้า!DP21 -> 45824 | AQ12: =[2]หน้าผ้า!DW21 -> 0 | AR12: =[2]หน้าผ้า!DX21 -> 0 | AS12: =[2]หน้าผ้า!DY21 -> 0 | AT12: =[2]หน้าผ้า!DZ21 -> 0 | AU12: =[2]หน้าผ้า!EA21 -> 0 | AV12: =[2]หน้าผ้า!EB21 -> 0 | AW12: =[2]หน้าผ้า!EC21 -> งานพิมพ์ | AX12: =[2]หน้าผ้า!ED21 -> / | AY12: =[2]หน้าผ้า!AG21 -> 0 | AZ12: =[2]หน้าผ้า!EG21 -> 0 | BA12: =[2]หน้าผ้า!EH21 -> 0 | BB12: =[2]หน้าผ้า!EI21 -> 0 | BC12: =[2]หน้าผ้า!BZ21 -> WRWT21720/WRWT21720 | BD12: =[2]หน้าผ้า!CA21 -> 0
A13: =[2]หน้าผ้า!C22 -> 0 | B13: =[2]หน้าผ้า!B22 -> 0 | C13: =[2]หน้าผ้า!E22 -> 0 | D13: =[2]หน้าผ้า!F22 -> 0 | E13: =[2]หน้าผ้า!G22 -> 16 | F13: =[2]หน้าผ้า!H22 -> 25 | G13: =[2]หน้าผ้า!I22 -> 0 | H13: =[2]หน้าผ้า!J22 -> 0 | I13: =[2]หน้าผ้า!L22 -> 47 | J13: =[2]หน้าผ้า!M22 -> ± | K13: =[2]หน้าผ้า!N22 -> 5 | L13: =[2]หน้าผ้า!R22 -> 0 | M13: =[2]หน้าผ้า!T22 -> 0 | N13: =[2]หน้าผ้า!U22 -> 0 | O13: =[2]หน้าผ้า!V22 -> 0 | P13: =[2]หน้าผ้า!AB22 -> 0 | Q13: =[2]หน้าผ้า!AC22 -> 0 | R13: =[2]หน้าผ้า!AD22 -> 0 | S13: =[2]หน้าผ้า!Z22 -> 0 | T13: =[2]หน้าผ้า!X22 -> 0 | U13: =[2]หน้าผ้า!AA22 -> 0 | V13: =[2]หน้าผ้า!AJ22 -> 0 | W13: =[2]หน้าผ้า!AL22 -> 0 | X13: =[2]หน้าผ้า!AM22 -> 0 | Y13: =[2]หน้าผ้า!AN22 -> 0 | Z13: =[2]หน้าผ้า!AO22 -> WSWT1621720SMFX | AA13: =[2]หน้าผ้า!AQ22 -> 3702.05 | AB13: =[2]หน้าผ้า!AR22 -> 3702.05 | AC13: =[2]หน้าผ้า!AS22 -> 0 | AD13: =[2]หน้าผ้า!AT22 -> 0 | AE13: =[2]หน้าผ้า!AU22 -> 0 | AF13: =[2]หน้าผ้า!AI22 -> ระบุในSD | AG13: =[3]หน้าผ้า!DC25 -> พร้อมส่ง | AH13: =[2]หน้าผ้า!DL22 -> 0 | AI13: =[2]หน้าผ้า!DM22 -> 0 | AJ13: =[2]หน้าผ้า!DN22 -> 0 | AK13: =[2]หน้าผ้า!DQ22 -> 0 | AL13: =[2]หน้าผ้า!DR22 -> 0 | AM13: =[2]หน้าผ้า!DS22 -> 0 | AN13: =[2]หน้าผ้า!DT22 -> 0 | AO13: =[2]หน้าผ้า!DU22 -> 0 | AP13: =[2]หน้าผ้า!DP22 -> 0 | AQ13: =[2]หน้าผ้า!DW22 -> 0 | AR13: =[2]หน้าผ้า!DX22 -> 0 | AS13: =[2]หน้าผ้า!DY22 -> 0 | AT13: =[2]หน้าผ้า!DZ22 -> 0 | AU13: =[2]หน้าผ้า!EA22 -> 0 | AV13: =[2]หน้าผ้า!EB22 -> 0 | AW13: =[2]หน้าผ้า!EC22 -> 0 | AX13: =[2]หน้าผ้า!ED22 -> 0 | AY13: =[2]หน้าผ้า!AG22 -> 0 | AZ13: =[2]หน้าผ้า!EG22 -> 0 | BA13: =[2]หน้าผ้า!EH22 -> 0 | BB13: =[2]หน้าผ้า!EI22 -> 0 | BC13: =[2]หน้าผ้า!BZ22 -> WRWT160720/WRWT21720 | BD13: =[2]หน้าผ้า!CA22 -> 0
A14: =[2]หน้าผ้า!C23 -> 0 | B14: =[2]หน้าผ้า!B23 -> 0 | C14: =[2]หน้าผ้า!E23 -> 0 | D14: =[2]หน้าผ้า!F23 -> 0 | E14: =[2]หน้าผ้า!G23 -> 17 | F14: =[2]หน้าผ้า!H23 -> 26 | G14: =[2]หน้าผ้า!I23 -> 0 | H14: =[2]หน้าผ้า!J23 -> 0 | I14: =[2]หน้าผ้า!L23 -> 48 | J14: =[2]หน้าผ้า!M23 -> ± | K14: =[2]หน้าผ้า!N23 -> 5 | L14: =[2]หน้าผ้า!R23 -> 0 | M14: =[2]หน้าผ้า!T23 -> 0 | N14: =[2]หน้าผ้า!U23 -> 0 | O14: =[2]หน้าผ้า!V23 -> 0 | P14: =[2]หน้าผ้า!AB23 -> 0 | Q14: =[2]หน้าผ้า!AC23 -> 0 | R14: =[2]หน้าผ้า!AD23 -> 0 | S14: =[2]หน้าผ้า!Z23 -> 0 | T14: =[2]หน้าผ้า!X23 -> 0 | U14: =[2]หน้าผ้า!AA23 -> 0 | V14: =[2]หน้าผ้า!AJ23 -> 0 | W14: =[2]หน้าผ้า!AL23 -> 0 | X14: =[2]หน้าผ้า!AM23 -> 0 | Y14: =[2]หน้าผ้า!AN23 -> 0 | Z14: =[2]หน้าผ้า!AO23 -> WSWT1725800 | AA14: =[2]หน้าผ้า!AQ23 -> #REF! | AB14: =[2]หน้าผ้า!AR23 -> #REF! | AC14: =[2]หน้าผ้า!AS23 -> #REF! | AD14: =[2]หน้าผ้า!AT23 -> #REF! | AE14: =[2]หน้าผ้า!AU23 -> #REF! | AF14: =[2]หน้าผ้า!AI23 -> ระบุในSD | AG14: =[3]หน้าผ้า!DC26 -> ยังไม่ได้พิมพ์ | AH14: =[2]หน้าผ้า!DL23 -> 0 | AI14: =[2]หน้าผ้า!DM23 -> 0 | AJ14: =[2]หน้าผ้า!DN23 -> 0 | AK14: =[2]หน้าผ้า!DQ23 -> 0 | AL14: =[2]หน้าผ้า!DR23 -> 0 | AM14: =[2]หน้าผ้า!DS23 -> 0 | AN14: =[2]หน้าผ้า!DT23 -> 0 | AO14: =[2]หน้าผ้า!DU23 -> 0 | AP14: =[2]หน้าผ้า!DP23 -> 0 | AQ14: =[2]หน้าผ้า!DW23 -> 0 | AR14: =[2]หน้าผ้า!DX23 -> 0 | AS14: =[2]หน้าผ้า!DY23 -> 0 | AT14: =[2]หน้าผ้า!DZ23 -> 0 | AU14: =[2]หน้าผ้า!EA23 -> 0 | AV14: =[2]หน้าผ้า!EB23 -> 0 | AW14: =[2]หน้าผ้า!EC23 -> 0 | AX14: =[2]หน้าผ้า!ED23 -> 0 | AY14: =[2]หน้าผ้า!AG23 -> 0 | AZ14: =[2]หน้าผ้า!EG23 -> 0 | BA14: =[2]หน้าผ้า!EH23 -> 0 | BB14: =[2]หน้าผ้า!EI23 -> 0 | BC14: =[2]หน้าผ้า!BZ23 -> WRWT170800/WRWT25800 | BD14: =[2]หน้าผ้า!CA23 -> 0
A15: =[2]หน้าผ้า!C24 -> ประมาณการ | B15: =[2]หน้าผ้า!B24 -> ประมาณการ | C15: =[2]หน้าผ้า!E24 -> บจก.ฟาร์เธอร์ส วิง ซัพพลาย | D15: =[2]หน้าผ้า!F24 -> รถไฟ | E15: =[2]หน้าผ้า!G24 -> 18 | F15: =[2]หน้าผ้า!H24 -> 30 | G15: =[2]หน้าผ้า!I24 -> ขาว | H15: =[2]หน้าผ้า!J24 -> 0 | I15: =[2]หน้าผ้า!L24 -> 54 | J15: =[2]หน้าผ้า!M24 -> ± | K15: =[2]หน้าผ้า!N24 -> 5 | L15: =[2]หน้าผ้า!R24 -> บิด | M15: =[2]หน้าผ้า!T24 -> 19 | N15: =[2]หน้าผ้า!U24 -> 33 | O15: =[2]หน้าผ้า!V24 -> 40 | P15: =[2]หน้าผ้า!AB24 -> 232.02999 | Q15: =[2]หน้าผ้า!AC24 -> 0 | R15: =[2]หน้าผ้า!AD24 -> 232.02999 | S15: =[2]หน้าผ้า!Z24 -> 500กระสอบ | T15: =[2]หน้าผ้า!X24 -> 45838 | U15: =[2]หน้าผ้า!AA24 -> 15000 | V15: =[2]หน้าผ้า!AJ24 -> 0 | W15: =[2]หน้าผ้า!AL24 -> 15000 | X15: =[2]หน้าผ้า!AM24 -> 0 | Y15: =[2]หน้าผ้า!AN24 -> 15750 | Z15: =[2]หน้าผ้า!AO24 -> WSWT1825800 | AA15: =[2]หน้าผ้า!AQ24 -> 13201.65 | AB15: =[2]หน้าผ้า!AR24 -> 6301 | AC15: =[2]หน้าผ้า!AS24 -> 6900.65 | AD15: =[2]หน้าผ้า!AT24 -> 0 | AE15: =[2]หน้าผ้า!AU24 -> 0 | AF15: =[2]หน้าผ้า!AI24 -> 0 | AG15: =[3]หน้าผ้า!DC27 -> ยังไม่ได้พิมพ์ | AH15: =[2]หน้าผ้า!DL24 -> P9 | AI15: =[2]หน้าผ้า!DM24 -> 3 | AJ15: =[2]หน้าผ้า!DN24 -> 45838 | AK15: =[2]หน้าผ้า!DQ24 -> 0 | AL15: =[2]หน้าผ้า!DR24 -> 45828 | AM15: =[2]หน้าผ้า!DS24 -> 45835 | AN15: =[2]หน้าผ้า!DT24 -> 45836 | AO15: =[2]หน้าผ้า!DU24 -> 45836 | AP15: =[2]หน้าผ้า!DP24 -> 45833 | AQ15: =[2]หน้าผ้า!DW24 -> 45837 | AR15: =[2]หน้าผ้า!DX24 -> 0 | AS15: =[2]หน้าผ้า!DY24 -> 0 | AT15: =[2]หน้าผ้า!DZ24 -> 0 | AU15: =[2]หน้าผ้า!EA24 -> 0 | AV15: =[2]หน้าผ้า!EB24 -> 0 | AW15: =[2]หน้าผ้า!EC24 -> งานพิมพ์ | AX15: =[2]หน้าผ้า!ED24 -> รอART | AY15: =[2]หน้าผ้า!AG24 -> 0 | AZ15: =[2]หน้าผ้า!EG24 -> 0 | BA15: =[2]หน้าผ้า!EH24 -> 0 | BB15: =[2]หน้าผ้า!EI24 -> 0 | BC15: =[2]หน้าผ้า!BZ24 -> WRWT25800/WRWT25800 | BD15: =[2]หน้าผ้า!CA24 -> 474.76472
A16: =[2]หน้าผ้า!C25 -> 0 | B16: =[2]หน้าผ้า!B25 -> 0 | C16: =[2]หน้าผ้า!E25 | D16: =[2]หน้าผ้า!F25 | E16: =[2]หน้าผ้า!G25 -> 18 | F16: =[2]หน้าผ้า!H25 -> 30 | G16: =[2]หน้าผ้า!I25 -> ขาว | H16: =[2]หน้าผ้า!J25 -> 0 | I16: =[2]หน้าผ้า!L25 -> 54 | J16: =[2]หน้าผ้า!M25 -> ± | K16: =[2]หน้าผ้า!N25 -> 5 | L16: =[2]หน้าผ้า!R25 -> 0 | M16: =[2]หน้าผ้า!T25 -> 0 | N16: =[2]หน้าผ้า!U25 -> 0 | O16: =[2]หน้าผ้า!V25 -> 0 | P16: =[2]หน้าผ้า!AB25 -> 0 | Q16: =[2]หน้าผ้า!AC25 -> 0 | R16: =[2]หน้าผ้า!AD25 -> 0 | S16: =[2]หน้าผ้า!Z25 -> 0 | T16: =[2]หน้าผ้า!X25 -> 0 | U16: =[2]หน้าผ้า!AA25 -> 0 | V16: =[2]หน้าผ้า!AJ25 -> 0 | W16: =[2]หน้าผ้า!AL25 -> 0 | X16: =[2]หน้าผ้า!AM25 -> 0 | Y16: =[2]หน้าผ้า!AN25 -> 0 | Z16: =[2]หน้าผ้า!AO25 -> WSWT1825800 | AA16: =[2]หน้าผ้า!AQ25 -> 13201.65 | AB16: =[2]หน้าผ้า!AR25 -> 6301 | AC16: =[2]หน้าผ้า!AS25 -> 6900.65 | AD16: =[2]หน้าผ้า!AT25 -> 0 | AE16: =[2]หน้าผ้า!AU25 -> 0 | AF16: =[2]หน้าผ้า!AI25 -> ระบุในSD | AG16: =[3]หน้าผ้า!DC28 -> พร้อมส่ง | AH16: =[2]หน้าผ้า!DL25 -> 0 | AI16: =[2]หน้าผ้า!DM25 -> Lead time | AJ16: =[2]หน้าผ้า!DN25 -> 0 | AK16: =[2]หน้าผ้า!DQ25 -> 0 | AL16: =[2]หน้าผ้า!DR25 -> 0 | AM16: =[2]หน้าผ้า!DS25 -> 0 | AN16: =[2]หน้าผ้า!DT25 -> 0 | AO16: =[2]หน้าผ้า!DU25 -> 0 | AP16: =[2]หน้าผ้า!DP25 -> 0 | AQ16: =[2]หน้าผ้า!DW25 -> 0 | AR16: =[2]หน้าผ้า!DX25 -> 0 | AS16: =[2]หน้าผ้า!DY25 -> 0 | AT16: =[2]หน้าผ้า!DZ25 -> 0 | AU16: =[2]หน้าผ้า!EA25 -> 0 | AV16: =[2]หน้าผ้า!EB25 -> 0 | AW16: =[2]หน้าผ้า!EC25 -> 0 | AX16: =[2]หน้าผ้า!ED25 -> 0 | AY16: =[2]หน้าผ้า!AG25 -> 0 | AZ16: =[2]หน้าผ้า!EG25 -> 0 | BA16: =[2]หน้าผ้า!EH25 -> 0 | BB16: =[2]หน้าผ้า!EI25 -> 0 | BC16: =[2]หน้าผ้า!BZ25 -> WRWT25800/WRWT25800 | BD16: =[2]หน้าผ้า!CA25 -> 0
A17: =[2]หน้าผ้า!C26 -> 45805 | B17: =[2]หน้าผ้า!B26 -> MK68-000716 | C17: =[2]หน้าผ้า!E26 -> บจก.ไบโอกรีนนิค | D17: =[2]หน้าผ้า!F26 -> หนุมานเทอร์โบ | E17: =[2]หน้าผ้า!G26 -> 18 | F17: =[2]หน้าผ้า!H26 -> 28 | G17: =[2]หน้าผ้า!I26 -> ขาว | H17: =[2]หน้าผ้า!J26 -> ใส | I17: =[2]หน้าผ้า!L26 -> 69 | J17: =[2]หน้าผ้า!M26 -> ± | K17: =[2]หน้าผ้า!N26 -> 5 | L17: =[2]หน้าผ้า!R26 -> จับจีบ4" | M17: =[2]หน้าผ้า!T26 -> 19 | N17: =[2]หน้าผ้า!U26 -> 31 | O17: =[2]หน้าผ้า!V26 -> 60 | P17: =[2]หน้าผ้า!AB26 -> 217.96756 | Q17: =[2]หน้าผ้า!AC26 -> 0 | R17: =[2]หน้าผ้า!AD26 -> 217.96756 | S17: =[2]หน้าผ้า!Z26 -> 500กระสอบ | T17: =[2]หน้าผ้า!X26 -> 45820 | U17: =[2]หน้าผ้า!AA26 -> 10000 | V17: =[2]หน้าผ้า!AJ26 -> 0 | W17: =[2]หน้าผ้า!AL26 -> 10000 | X17: =[2]หน้าผ้า!AM26 -> 0 | Y17: =[2]หน้าผ้า!AN26 -> 10500 | Z17: =[2]หน้าผ้า!AO26 -> WSWT1825800SM | AA17: =[2]หน้าผ้า!AQ26 -> 8242.3 | AB17: =[2]หน้าผ้า!AR26 -> 8242.3 | AC17: =[2]หน้าผ้า!AS26 -> 0 | AD17: =[2]หน้าผ้า!AT26 -> 0 | AE17: =[2]หน้าผ้า!AU26 -> 8242.3 | AF17: =[2]หน้าผ้า!AI26 -> ขาด-เกินได้5% | AG17: =[3]หน้าผ้า!DC29 -> พร้อมส่ง | AH17: =[2]หน้าผ้า!DL26 -> P6 | AI17: =[2]หน้าผ้า!DM26 -> 4 | AJ17: =[2]หน้าผ้า!DN26 -> 45820 | AK17: =[2]หน้าผ้า!DQ26 -> 45816 | AL17: =[2]หน้าผ้า!DR26 -> 45809 | AM17: =[2]หน้าผ้า!DS26 -> 45817 | AN17: =[2]หน้าผ้า!DT26 -> 45818 | AO17: =[2]หน้าผ้า!DU26 -> 45819 | AP17: =[2]หน้าผ้า!DP26 -> 45815 | AQ17: =[2]หน้าผ้า!DW26 -> 0 | AR17: =[2]หน้าผ้า!DX26 -> 0 | AS17: =[2]หน้าผ้า!DY26 -> 0 | AT17: =[2]หน้าผ้า!DZ26 -> 0 | AU17: =[2]หน้าผ้า!EA26 -> 0 | AV17: =[2]หน้าผ้า!EB26 -> 0 | AW17: =[2]หน้าผ้า!EC26 -> งานเคลือบ+พิมพ์ | AX17: =[2]หน้าผ้า!ED26 -> รอART | AY17: =[2]หน้าผ้า!AG26 -> 0 | AZ17: =[2]หน้าผ้า!EG26 -> 0 | BA17: =[2]หน้าผ้า!EH26 -> 0 | BB17: =[2]หน้าผ้า!EI26 -> 0 | BC17: =[2]หน้าผ้า!BZ26 -> WRWT25800/WRWT25800 | BD17: =[2]หน้าผ้า!CA26 -> 0
... A575: =[2]หน้าผ้า!C584 -> 0 | B575: =[2]หน้าผ้า!B584 -> 0 | C575: =[2]หน้าผ้า!E584 -> 0 | D575: =[2]หน้าผ้า!F584 -> 0 | E575: =[2]หน้าผ้า!G584 -> 0 | F575: =[2]หน้าผ้า!H584 -> 0 | G575: =[2]หน้าผ้า!I584 -> 0 | H575: =[2]หน้าผ้า!J584 -> 0 | I575: =[2]หน้าผ้า!L584 -> 0 | J575: =[2]หน้าผ้า!M584 -> 0 | K575: =[2]หน้าผ้า!N584 -> 0 | L575: =[2]หน้าผ้า!R584 -> 0 | M575: =[2]หน้าผ้า!T584 -> 0 | N575: =[2]หน้าผ้า!U584 -> 0 | O575: =[2]หน้าผ้า!V584 -> 0 | P575: =[2]หน้าผ้า!AB584 -> 0 | Q575: =[2]หน้าผ้า!AC584 -> 0 | R575: =[2]หน้าผ้า!AD584 -> 0 | S575: =[2]หน้าผ้า!Z584 -> 0 | T575: =[2]หน้าผ้า!X584 -> 0 | U575: =[2]หน้าผ้า!AA584 -> 0 | V575: =[2]หน้าผ้า!AJ584 -> 0 | W575: =[2]หน้าผ้า!AL584 -> 0 | X575: =[2]หน้าผ้า!AM584 -> 0 | Y575: =[2]หน้าผ้า!AN584 -> 0 | Z575: =[2]หน้าผ้า!AO584 -> 0 | AA575: =[2]หน้าผ้า!AQ584 -> 0 | AB575: =[2]หน้าผ้า!AR584 -> 0 | AC575: =[2]หน้าผ้า!AS584 -> 0 | AD575: =[2]หน้าผ้า!AT584 -> 0 | AE575: =[2]หน้าผ้า!AU584 -> 0 | AF575: =[2]หน้าผ้า!AI584 -> 0 | AG575: =[3]หน้าผ้า!DC587 -> 0 | AH575: =[2]หน้าผ้า!DL584 -> 0 | AI575: =[2]หน้าผ้า!DM584 -> 0 | AJ575: =[2]หน้าผ้า!DN584 -> 0 | AK575: =[2]หน้าผ้า!DQ584 -> 0 | AL575: =[2]หน้าผ้า!DR584 -> 0 | AM575: =[2]หน้าผ้า!DS584 -> 0 | AN575: =[2]หน้าผ้า!DT584 -> 0 | AO575: =[2]หน้าผ้า!DU584 -> 0 | AP575: =[2]หน้าผ้า!DP584 -> 0 | AQ575: =[2]หน้าผ้า!DW584 -> 0 | AR575: =[2]หน้าผ้า!DX584 -> 0 | AS575: =[2]หน้าผ้า!DY584 -> 0 | AT575: =[2]หน้าผ้า!DZ584 -> 0 | AU575: =[2]หน้าผ้า!EA584 -> 0 | AV575: =[2]หน้าผ้า!EB584 -> 0 | AW575: =[2]หน้าผ้า!EC584 -> 0 | AX575: =[2]หน้าผ้า!ED584 -> 0 | AY575: =[2]หน้าผ้า!AG584 -> 0 | AZ575: =[2]หน้าผ้า!EG584 -> 0 | BA575: =[2]หน้าผ้า!EH584 -> 0 | BB575: =[2]หน้าผ้า!EI584 -> 0 | BC575: =[2]หน้าผ้า!BZ584 -> 0 | BD575: =[2]หน้าผ้า!CA584 -> 0

Sheet 4(Order+FC) (-4)
A2: เลขที่ SO | B2: (หลายรายการ)
A3: วันส่ง | B3: รอแจ้ง
A4: ชื่อลูกค้า | B4: (ทั้งหมด)
A6: ประเภท | B6: ผลรวม ของ จำนวนส่ง | C6: ผลรวม ของ ค้างพิมพ์ | D6: ผลรวม ของ ค้างตัด | E6: ผลรวม ของ Stock | F6: ผลรวม ของ ใช้ | G6: ผลรวม ของ ค้างทอ
A7: WSWT1625800SM | B7: 5000 | C7: 5250 | D7: 5000 | E7: 3372 | F7: 3702.05 | G7: 330.05 | H7: =+J7-I7 -> 330.05 | J7: =G7 -> 330.05
A8: WSWT1825800SM | B8: 10000 | C8: 10500 | D8: 10000 | E8: 3198 | F8: 8801.1 | G8: 5603.1 | H8: =+J8-I8 -> 5603.1 | J8: =G8 -> 5603.1
A9: WSWT1921720 | B9: 600000 | C9: 630000 | D9: 600000 | E9: 0 | F9: 528066 | G9: 528066 | H9: =+J9-I9 -> 528066 | J9: =G9 -> 528066
A10: WSWT1925800 | B10: 10000 | C10: 10500 | D10: 10000 | E10: 0 | F10: 9359.9 | G10: 9359.9 | H10: =+J10-I10 -> 9359.9 | J10: =G10 -> 9359.9
A11: WSWT2025700 | B11: 50000 | C11: 0 | D11: 50000 | E11: 9009 | F11: 55181.5 | G11: 46172.5 | H11: =+J11-I11 -> 46172.5 | J11: =G11 -> 46172.5
A12: WSWT2025800 | B12: 110000 | C12: 115500 | D12: 110000 | E12: 0 | F12: 115252.5 | G12: 115252.5 | H12: =+J12-I12 -> 115252.5 | J12: =G12 -> 115252.5
A13: WSWT2025800SM | B13: 69250 | C13: 66150 | D13: 69183 | E13: 0 | F13: 68578.73 | G13: 68578.73 | H13: =+J13-I13 -> 68578.73 | J13: =G13 -> 68578.73
A14: WSWT2121670SM | B14: 71000 | C14: 74550 | D14: 71000 | E14: 0 | F14: 77743.05 | G14: 77743.05 | H14: =+J14-I14 -> 77743.05 | J14: =G14 -> 77743.05
A15: WSWT2321112512551 | B15: 106278 | C15: 111591.9 | D15: 106278 | E15: 0 | F15: 114322.18 | G15: 114322.18 | H15: =+J15-I15 -> 114322.18 | J15: =G15 -> 114322.18
A16: WSWT2625650 | B16: 50000 | C16: 10500 | D16: 50000 | E16: 0 | F16: 60490.1 | G16: 60490.1 | H16: =+J16-I16 -> 60490.1 | J16: =G16 -> 60490.1
A17: WSWT2625800 | B17: 30000 | C17: 0 | D17: 30000 | E17: 6278 | F17: 37299.9 | G17: 31021.9 | H17: 0 | I17: 160000 | J17: =G17 -> 31021.9
A18: WSWT2625850SM | B18: 20000 | C18: 21000 | D18: 20000 | E18: 7700 | F18: 24866.6 | G18: 17166.6 | H18: =+J18-I18 -> 17166.6 | J18: =G18 -> 17166.6
A19: ผลรวมทั้งหมด | B19: 1131528 | C19: 1055541.9 | D19: 1131461 | E19: 29557 | F19: 1103663.6 | G19: 1074106.6 | H19: =+J19-I19 -> 1074106.6 | J19: =G19 -> 1074106.6
H20: =+J20-I20 -> 0 | J20: =G20 -> 0
H21: =+J21-I21 -> 0 | J21: =G21 -> 0
H22: =+J22-I22 -> 0 | J22: =G22 -> 0
H23: =+J23-I23 -> 0 | J23: =G23 -> 0
H24: =+J24-I24 -> 0 | J24: =G24 -> 0
H25: =+J25-I25 -> 0 | J25: =G25 -> 0
H27: =SUM(H8:H25) -> 2116861.3 | J27: =SUM(J8:J25) -> 2147883.2
M28: =+GETPIVOTDATA("ผลรวม ของ ใช้",$A$6)+H29+H31 -> 1193663.6
H30: =+H27 -> 2116861.3
A31: กรม | B31: 70000 | C31: 70000 | D31: 70000 | G31: 90000 | H31: 90000 | I31: 95 | J31: =+H31*I31 -> 8550000 | K31: =+J31/1000 -> 8550
G33: 160000 | H33: =+H29+H30 -> 2116861.3 | I33: 85 | J33: =+H33*I33 -> 1.7993321e+08 | K33: =+J33/1000 -> 179933.21
H34: =+H30+H31+H29 -> 2206861.3
H35: 15 | I35: =+H34/H35 -> 147124.08 | K35: =+K33+K31 -> 188483.21
N36: 705222
A37: ยอดส่ง 1/2/68 - 10/2/68 | B37: 817879 | I37: =+H35*100000 -> 1500000
N38: =+H34+N36 -> 2912083.3
H39: 16 | I39: =+H39*90000 -> 1440000
B41: =+B26+B37+B31 -> 887879 | C41: =+C26+C37+C31 -> 70000 | D41: =+D26+D37+D31 -> 70000 | E41: =+E26+E37+E31 -> 0 | F41: =+F26+F37+F31 -> 0
B43: 2992955
B45: =+B43-B41 -> 2105076 | C45: =+C32+($B$45*1) -> 2105076 | D45: =+D32+($B$45*1) -> 2105076 | E45: =+E31+($B$45*1) -> 2105076 | F45: =+F30+($B$45*1) -> 2105076 | G45: =+G30+($B$45*1) -> 2105076
C47: =+C41/13 -> 5384.6154 | D47: =+D41/15 -> 4666.6667
B49: 16 | C49: 135000 | D49: 135000
C50: =+B49*C49 -> 2160000 | D50: =+B49*D49 -> 2160000
C52: =+C50-C41 -> 2090000 | D52: =+D50-D41 -> 2090000
C55: 1681138.9
C57: =+C41-C55 -> -1611138.9
C59: =+C50-C41 -> 2090000

Sheet 4(Order+FC)
A2: เลขที่ SO | B2: (หลายรายการ)
A3: วันส่ง | B3: (หลายรายการ)
A4: ชื่อลูกค้า | B4: (ทั้งหมด)
K5: 9
A6: ประเภท | B6: ผลรวม ของ จำนวนส่ง | C6: ผลรวม ของ ค้างพิมพ์ | D6: ผลรวม ของ ค้างตัด | E6: ผลรวม ของ ใช้ | F6: ผลรวม ของ Stock | G6: ผลรวม ของ ค้างทอ
A7: WSWT1625800 | B7: 10000 | C7: 0 | D7: 10000 | E7: 0 | F7: 0 | G7: 0 | H7: =+J7-I7 -> 0 | J7: =G7 -> 0
A8: WSWT1921720 | B8: 90000 | C8: 41976.9 | D8: 74828 | E8: 40423.788 | F8: 8801.1 | G8: 31622.688 | H8: =+J8-I8 -> 31622.688 | J8: =G8 -> 31622.688
A9: WSWT1925800 | B9: 118000 | C9: 54869.85 | D9: 118000 | E9: 45972.484 | F9: 8242.3 | G9: 37730.184 | H9: =+J9-I9 -> 37730.184 | J9: =G9 -> 37730.184
A10: WSWT2025700 | B10: 10000 | C10: 0 | D10: 10000 | E10: 8801.1 | F10: 0 | G10: 8801.1 | H10: =+J10-I10 -> 8801.1 | J10: =G10 -> 8801.1
A11: WSWT2025800 | B11: 193960 | C11: 70687.05 | D11: 193960 | E11: 74062.357 | F11: 50571 | G11: 23491.357 | H11: =+J11-I11 -> 23491.357 | J11: =G11 -> 23491.357
A12: WSWT2025800SM | B12: 142160 | C12: 123783.45 | D12: 139160 | E12: 123659.07 | F12: 74605.09 | G12: 49053.98 | H12: =+J12-I12 -> 49053.98 | J12: =G12 -> 49053.98 | K12: 40000 | L12: =+K5*K12 -> 360000 | M12: =+L12-J12 -> 310946.02
A13: WSWT2121670SM | B13: 82000 | C13: 54153.75 | D13: 79000 | E13: 55670.991 | F13: 17415.391 | G13: 38255.6 | H13: =+J13-I13 -> 38255.6 | J13: =G13 -> 38255.6 | K13: 14000 | L13: =+K13*K5 -> 126000 | M13: =+L13-J13 -> 87744.4
A14: WSWT2321750 | B14: 8000 | C14: 0 | D14: 8000 | E14: 0 | F14: 0 | G14: 0 | H14: =+J14-I14 -> 0 | J14: =G14 -> 0
A15: WSWT2325650 | B15: 40000 | C15: 0 | D15: 40000 | E15: 0 | F15: 0 | G15: 0 | H15: =+J15-I15 -> 0 | J15: =G15 -> 0 | K15: 20000 | L15: =+K15*K5 -> 180000 | M15: =+L15-J15 -> 180000
A16: WSWT2625650 | B16: 12563 | C16: 8400 | D16: 8000 | E16: 9499.6 | F16: 6749.8 | G16: 2749.8 | H16: =+J16-I16 -> 2749.8 | J16: =G16 -> 2749.8
A17: WSWT2625850SM | B17: 10000 | C17: 0 | D17: 10000 | E17: 0 | F17: 0 | G17: 0 | H17: =+J17-I17 -> 0 | J17: =G17 -> 0
A18: WSWT2825850 | B18: 31500 | C18: 0 | D18: 10500 | E18: 0 | F18: 0 | G18: 0 | H18: =+J18-I18 -> 0 | J18: =G18 -> 0
A19: ผลรวมทั้งหมด | B19: 748183 | C19: 353871 | D19: 701448 | E19: 358089.39 | F19: 166384.68 | G19: 191704.71 | H19: 0 | I19: 54000 | J19: =G19 -> 191704.71
H20: =+J20-I20 -> 0 | J20: =G20 -> 0
H21: =+J21-I21 -> 0 | J21: =G21 -> 0
H22: =+J22-I22 -> 0 | J22: =G22 -> 0
H23: =+J23-I23 -> 0 | J23: =G23 -> 0
H24: =+J24-I24 -> 0 | J24: =G24 -> 0
H25: =+J25-I25 -> 0 | J25: =G25 -> 0
H26: =+J26-I26 -> 0 | J26: =G26 -> 0
H27: =+J27-I27 -> 0 | J27: =G27 -> 0
H28: =+J28-I28 -> 0 | J28: =G28 -> 0 | M28: =+GETPIVOTDATA("ผลรวม ของ ใช้",$A$6)+H29+H33 -> 639794.1
H29: =SUM(H7:H28) -> 191704.71 | I29: =SUM(I7:I28) -> 54000 | J29: =SUM(J7:J28) -> 383409.42
H32: =+H26 -> 0 | I32: 85 | J32: =+(H32+H29)*I32 -> 16294900 | K32: =+J32/1000 -> 16294.9
H33: 90000 | I33: 95 | J33: =+H33*I33 -> 8550000 | K33: =+J33/1000 -> 8550
H35: =+H32+H33+H29 -> 281704.71 | K35: =+K32+K33 -> 24844.9
N36: 705222
A37: ยอดส่ง 1/2/68 - 17/2/68 | B37: 1565717 | H37: 15 | I37: =+H35/H37 -> 18780.314
N38: =+H35+N36 -> 986926.71
I39: =+H37*110000 -> 1650000
B41: =+B29+B37+B31-110000 -> 1455717 | C41: =+C29+C37+C31 -> 0 | D41: =+D29+D37+D31-110000 -> -110000 | E41: =+E29+E37+E31 -> 0 | F41: =+F29+F37+F31 -> 0 | G41: =+G29+G37+G31 -> 0
B43: 3218150
B45: =+B43-B41 -> 1762433
C47: =+C41/9 -> 0 | D47: =+D41/9 -> -12222.222

Sheet 7(Order)
A2: เลขที่ SO | B2: (หลายรายการ)
A3: วันส่ง | B3: (หลายรายการ)
A4: ชื่อลูกค้า | B4: (ทั้งหมด)
A6: ประเภท | B6: ผลรวม ของ จำนวนส่ง | C6: ผลรวม ของ ค้างพิมพ์ | D6: ผลรวม ของ ค้างตัด | E6: ผลรวม ของ ใช้ | F6: ผลรวม ของ Stock | G6: ผลรวม ของ ค้างทอ
A7: WSWT1825800SM | B7: 10000 | C7: 10500 | D7: 10000 | E7: 8801.1 | F7: 4000 | G7: 4801.1 | I7: =+K7-J7 -> 4801.1 | K7: =G7 -> 4801.1
A8: WSWT2025800 | B8: 205000 | C8: 204750 | D8: 205000 | E8: 209759.55 | F8: 148777.35 | G8: 60982.2 | I8: =+K8-J8 -> 60982.2 | K8: =G8 -> 60982.2
A9: WSWT2321112512551 | B9: 50800 | C9: 45024 | D9: 42880 | E9: 46125.587 | F9: 0 | G9: 46125.587 | I9: =+K9-J9 -> 46125.587 | K9: =G9 -> 46125.587
A10: ผลรวมทั้งหมด | B10: 265800 | C10: 260274 | D10: 257880 | E10: 264686.24 | F10: 152777.35 | G10: 111908.89 | I10: =+K10-J10 -> 111908.89 | K10: =G10 -> 111908.89
I11: =+K11-J11 -> 0 | K11: =G11 -> 0
I12: =+K12-J12 -> 0 | K12: =G12 -> 0
I13: =+K13-J13 -> 0 | K13: =G13 -> 0
I14: =+K14-J14 -> 0 | K14: =G14 -> 0
I15: =+K15-J15 -> 0 | K15: =G15 -> 0
I16: =+K16-J16 -> 0 | K16: =G16 -> 0
I17: 0 | J17: 54000 | K17: =G17 -> 0
I18: =+K18-J18 -> 0 | K18: =G18 -> 0
I19: =+K19-J19 -> 0 | K19: =G19 -> 0
I20: =+K20-J20 -> 0 | K20: =G20 -> 0
I21: =+K21-J21 -> 0 | K21: =G21 -> 0
I22: =+K22-J22 -> 0 | K22: =G22 -> 0
I23: =+K23-J23 -> 0 | K23: =G23 -> 0
I24: =+K24-J24 -> 0 | K24: =G24 -> 0
I25: =+K25-J25 -> 0 | K25: =G25 -> 0
I26: =SUM(I7:I25) -> 223817.77 | J26: =SUM(J7:J25) -> 54000 | K26: =SUM(K7:K25) -> 223817.77
D34: =D18 -> 0
D36: =D20 -> 0
A37: ยอดส่ง 1/4/68 - 12/4/68 | B37: 887615
A38: Order+ส่ง | B38: =++B25+B37 -> 887615
A39: ประมาณการ | B39: 262000 | C39: 238350 | D39: 262000 | E39: 279847.04 | F39: 60825.09 | G39: 219021.95
A41: Order+ส่ง+ประมาณการ | B41: =+B25+B37+B39+B33 -> 1149615 | C41: =+C25+C37+C39+C33 -> 238350 | D41: =+D25+D37+D39+D33 -> 262000 | E41: =+E25+E37+E39+E33 -> 279847.04 | F41: =+F25+F37+F39+F33 -> 60825.09 | G41: =+G25+G37+G39+G33 -> 219021.95
B43: 3171376
B45: =+B41-B43 -> -2021761 | C45: =+$B$45 -> -2021761 | D45: =+$B$45 -> -2021761 | F45: =+$B$45 -> -2021761
D47: =+D41/6 -> 43666.667

Sheet 4(Order) แยกลูกค้า
A1: เลขที่ SO | B1: (หลายรายการ)
A2: วันส่ง | B2: (หลายรายการ)
A4: ประเภท | B4: ชื่อลูกค้า | C4: ผลรวม ของ จำนวนส่ง | D4: ผลรวม ของ ค้างพิมพ์ | E4: ผลรวม ของ ค้างตัด | F4: ผลรวม ของ Stock | G4: ผลรวม ของ ค้างทอ | I4: vn
A5: WSWT1625800 | B5: บจก.เคอรี่ฟลาวมิลล์ | C5: 10000 | D5: 0 | E5: 10000 | F5: 0 | G5: 0 | H5: =G5 -> 0
A6: WSWT1625800 ผลรวม | C6: 10000 | D6: 0 | E6: 10000 | F6: 0 | G6: 0 | H6: =G6 -> 0
A7: WSWT1725800 | B7: โรงสีข้าวธัญญาวัฒน์ | C7: 24200 | D7: 25410 | E7: 24200 | F7: 15615 | G7: 2979.07 | H7: =G7 -> 2979.07
A8: WSWT1725800 ผลรวม | C8: 24200 | D8: 25410 | E8: 24200 | F8: 15615 | G8: 2979.07 | H8: =G8 -> 2979.07
A9: WSWT1921720 | B9: บจก.เคอรี่ฟลาวมิลล์ | C9: 90000 | D9: 41976.9 | E9: 74828 | F9: 8801.1 | G9: 31622.688 | H9: =G9 -> 31622.688
A10: WSWT1921720 ผลรวม | C10: 90000 | D10: 41976.9 | E10: 74828 | F10: 8801.1 | G10: 31622.688 | H10: =G10 -> 31622.688
A11: WSWT1925800 | B11: บจก.เพรซิเดนท์ฟลาวมิลล์ | C11: 60000 | D11: 12869.85 | E11: 60000 | F11: 0 | G11: 11326.884 | H11: =G11 -> 11326.884
B12: บจก.ซีแมน | C12: 28000 | D12: 10500 | E12: 28000 | F12: 8242.3 | G12: 0 | H12: =G12 -> 0
B13: บจก.เอ็กเซลเล้นท์ | C13: 30000 | D13: 31500 | E13: 30000 | F13: 0 | G13: 26403.3 | H13: =G13 -> 26403.3
A14: WSWT1925800 ผลรวม | C14: 118000 | D14: 54869.85 | E14: 118000 | F14: 8242.3 | G14: 37730.184 | H14: =G14 -> 37730.184
A15: WSWT2025700 | B15: บจก.หนองบัวฟีดมิลล์ | C15: 10000 | D15: 0 | E15: 10000 | F15: 0 | G15: 8801.1 | H15: =G15 -> 8801.1
A16: WSWT2025700 ผลรวม | C16: 10000 | D16: 0 | E16: 10000 | F16: 0 | G16: 8801.1 | H16: =G16 -> 8801.1
A17: WSWT2025800 | B17: บจก.เบทาโกร | C17: 65000 | D17: 0 | E17: 65000 | F17: 0 | G17: 0 | H17: =G17 -> 0
B18: บจก.อินเทคค์ โกลบอล | C18: 128960 | D18: 70687.05 | E18: 128960 | F18: 50571 | G18: 23491.357 | H18: =G18 -> 23491.357
A19: WSWT2025800 ผลรวม | C19: 193960 | D19: 70687.05 | E19: 193960 | F19: 50571 | G19: 23491.357 | H19: =G19 -> 23491.357
A20: WSWT2025800SM | B20: บจก.เบทาโกร | C20: 12000 | D20: 0 | E20: 9000 | F20: 0 | G20: 0 | H20: =G20 -> 0
B21: บจก.อินเทคค์ โกลบอล | C21: 130160 | D21: 123783.45 | E21: 130160 | F21: 74605.09 | G21: 49053.98 | H21: =G21 -> 49053.98
A22: WSWT2025800SM ผลรวม | C22: 142160 | D22: 123783.45 | E22: 139160 | F22: 74605.09 | G22: 49053.98 | H22: =G22 -> 49053.98
A23: WSWT2121670SM | B23: บจก.เอพีเอ็ม อะโกร | C23: 3000 | D23: 0 | E23: 0 | F23: 0 | G23: 0 | H23: =G23 -> 0
B24: บจก.แอมโก้เวท | C24: 60000 | D24: 40503.75 | E24: 60000 | F24: 14188.321 | G24: 27498.7 | H24: =G24 -> 27498.7
B25: บจก.หนองบัวฟีดมิลล์ | C25: 10000 | D25: 10500 | E25: 10000 | F25: 0 | G25: 10756.9 | H25: =G25 -> 10756.9
B26: ร้านกัลยาพาณิชย์ | C26: 6000 | D26: 0 | E26: 6000 | F26: 0 | G26: 0 | H26: =G26 -> 0
B27: บจก.เอเซียอควาเซอร์วิสเซส | C27: 3000 | D27: 3150 | E27: 3000 | F27: 3227.07 | G27: 0 | H27: =G27 -> 0
A28: WSWT2121670SM ผลรวม | C28: 82000 | D28: 54153.75 | E28: 79000 | F28: 17415.391 | G28: 38255.6 | H28: =G28 -> 38255.6
A29: WSWT2125800 | B29: โรงสีข้าวธัญญาวัฒน์ | C29: 6600 | D29: 0 | E29: 6600 | F29: 0 | G29: 0 | H29: =G29 -> 0
A30: WSWT2125800 ผลรวม | C30: 6600 | D30: 0 | E30: 6600 | F30: 0 | G30: 0 | H30: =G30 -> 0
A31: WSWT2321750 | B31: บจก.ปริ้นซ์ อโกร ไซแอนส์ | C31: 8000 | D31: 0 | E31: 8000 | F31: 0 | G31: 0 | H31: =G31 -> 0
A32: WSWT2321750 ผลรวม | C32: 8000 | D32: 0 | E32: 8000 | F32: 0 | G32: 0 | H32: =G32 -> 0
A33: WSWT2325650 | B33: คุณปราสาท เจริญธรรมรักษา | C33: 40000 | D33: 0 | E33: 40000 | F33: 0 | G33: 0 | H33: =G33 -> 0
A34: WSWT2325650 ผลรวม | C34: 40000 | D34: 0 | E34: 40000 | F34: 0 | G34: 0 | H34: =G34 -> 0
A35: WSWT2625650 | B35: บจก.กบินทร์อินทรีย์ | C35: 8000 | D35: 8400 | E35: 8000 | F35: 6749.8 | G35: 2749.8 | H35: =G35 -> 2749.8
B36: คุณธนนท์ อุทัยไพศาลวงศ์ | C36: 4563 | D36: 0 | E36: 0 | F36: 0 | G36: 0 | H36: =G36 -> 0
A37: WSWT2625650 ผลรวม | C37: 12563 | D37: 8400 | E37: 8000 | F37: 6749.8 | G37: 2749.8 | H37: =G37 -> 2749.8
A38: WSWT2625850SM | B38: บจก.ที.ซี.ยูเนี่ยน อโกรเทค | C38: 10000 | D38: 0 | E38: 10000 | F38: 0 | G38: 0 | H38: =G38 -> 0
A39: WSWT2625850SM ผลรวม | C39: 10000 | D39: 0 | E39: 10000 | F39: 0 | G39: 0 | H39: =G39 -> 0
A40: WSWT2825850 | B40: บจก.ไทยร่วมใจน้ำมันพืช | C40: 31500 | D40: 0 | E40: 10500 | F40: 0 | G40: 0 | H40: =G40 -> 0
A41: WSWT2825850 ผลรวม | C41: 31500 | D41: 0 | E41: 10500 | F41: 0 | G41: 0 | H41: =G41 -> 0
A42: WSWTFCL022325650 | B42: คุณปราสาท เจริญธรรมรักษา | C42: 15000 | D42: 15750 | E42: 15000 | F42: 2640 | G42: 12238.05 | H42: =G42 -> 12238.05
A43: WSWTFCL022325650 ผลรวม | C43: 15000 | D43: 15750 | E43: 15000 | F43: 2640 | G43: 12238.05 | H43: =G43 -> 12238.05
A44: ผลรวมทั้งหมด | C44: 793983 | D44: 395031 | E44: 747248 | F44: 184639.68 | G44: 206921.83 | H44: =G44 -> 206921.83
H45: =G45 -> 0
H46: =G46 -> 0
H47: =G47 -> 0
H48: =G48 -> 0
H49: =G49 -> 0
H50: =G50 -> 0
H51: =G51 -> 0
H52: =G52 -> 0
H53: =G53 -> 0
H54: =G54 -> 0
H55: =G55 -> 0
H56: =G56 -> 0
... H65: =G65 -> 0
H70: =SUM(H5:H69) -> 620765.48
D119: Cap พิมพ์ | E119: Cap ตัด | F119: Stock 16/7 บ่าย | G119: Cap ทอ | I119: วันทงาน
B120: lส่ง | C120: 1-16/7 | D120: 160000 | E120: 160000 | G120: 120000 | I120: 12
C121: 1975256 | D121: =+D120*I120 -> 1920000 | E121: =+E120*I120 -> 1920000 | F121: 825147 | G121: =+G120*I120 -> 1440000
A122: เบทาโกรส่งแล้ว | B122: 20700 | C122: 424374
A123: เบทาโกรส่งแล้ว | B123: 20800 | C123: 155973
C126: รวมส่ง+ค้างส่ง | D126: ส่วนต่างCapคงเหลือ | E126: ส่วนต่างCapคงเหลือ | F126: คงเหลือ
C127: =+C50+C121 -> 1975256 | D127: =+D121-D50 -> 1920000 | E127: =+E121-E50 -> 1920000 | F127: =+F121-F50 -> 825147 | G127: =+G121-G50 -> 1440000
B129: 20700VN 20/7 | G129: 350000

Sheet 4(Fc) แยกลูกค้า
A1: เลขที่ SO | B1: ประมาณการ
A2: วันส่ง | B2: (หลายรายการ) | D2: 12
A4: ประเภท | B4: ชื่อลูกค้า | C4: ผลรวม ของ จำนวนส่ง | D4: ผลรวม ของ ค้างพิมพ์ | E4: ผลรวม ของ ค้างตัด | F4: ผลรวม ของ ใช้ | G4: ผลรวม ของ Stock | H4: ผลรวม ของ ค้างทอ
A5: ผลรวมทั้งหมด
D119: Cap พิมพ์ | E119: Cap ตัด | F119: Stock 16/7 บ่าย | G119: Cap ทอ | I119: วันทงาน
B120: lส่ง | C120: 1-16/7 | D120: 160000 | E120: 160000 | G120: 120000 | I120: 12
C121: 1975256 | D121: =+D120*I120 -> 1920000 | E121: =+E120*I120 -> 1920000 | F121: 825147 | G121: =+G120*I120 -> 1440000
A122: เบทาโกรส่งแล้ว | B122: 20700 | C122: 424374
A123: เบทาโกรส่งแล้ว | B123: 20800 | C123: 155973
C126: รวมส่ง+ค้างส่ง | D126: ส่วนต่างCapคงเหลือ | E126: ส่วนต่างCapคงเหลือ | F126: คงเหลือ
C127: =+C50+C121 -> 1975256 | D127: =+D121-D50 -> 1920000 | E127: =+E121-E50 -> 1920000 | F127: =+F121-F50 -> 825147 | G127: =+G121-G50 -> 1440000
B129: 20700VN 20/7 | G129: 350000

Sheet 6(Order+Fc) แยกลูกค้า
A1: เลขที่ SO | B1: (หลายรายการ)
A2: วันส่ง | B2: (หลายรายการ) | D2: 12 | I2: เมตร | J2: vn | K2: ใบ | P2: วัน
A4: ประเภท | B4: ชื่อลูกค้า | C4: ผลรวม ของ จำนวนส่ง | D4: ผลรวม ของ ค้างพิมพ์ | E4: ผลรวม ของ ค้างตัด | F4: ผลรวม ของ Stock | G4: ผลรวม ของ ใช้ | H4: ผลรวม ของ ค้างทอ
A5: WSWT1425800 | B5: หจก.ปึงเป้งน้ำ | C5: 10000 | D5: 10500 | E5: 10000 | F5: 5557 | G5: 6565.9 | H5: 1008.9 | I5: =H5 -> 1008.9
A6: WSWT1425800 ผลรวม | C6: 10000 | D6: 10500 | E6: 10000 | F6: 5557 | G6: 6565.9 | H6: 1008.9
A7: WSWT1621720SMFX | B7: โรงสีลิ้มย่งฮวด | C7: 5000 | D7: 5250 | E7: 5000 | F7: 3702.05 | G7: 3702.05 | H7: 0 | I7: =H7 -> 0
A8: WSWT1621720SMFX ผลรวม | C8: 5000 | D8: 5250 | E8: 5000 | F8: 3702.05 | G8: 3702.05 | H8: 0 | I8: =H8 -> 0
A9: WSWT1825800 | B9: บจก.ฟาร์เธอร์ส วิง ซัพพลาย | C9: 15000 | D9: 15750 | E9: 15000 | F9: 6301 | G9: 13201.65 | H9: 6900.65 | I9: =H9 -> 6900.65
A10: WSWT1825800 ผลรวม | C10: 15000 | D10: 15750 | E10: 15000 | F10: 6301 | G10: 13201.65 | H10: 6900.65 | I10: =H10 -> 6900.65
A11: WSWT1825800SM | B11: บจก.ไบโอกรีนนิค | C11: 10000 | D11: 10500 | E11: 10000 | F11: 8242.3 | G11: 8242.3 | H11: 0
A12: WSWT1825800SM ผลรวม | C12: 10000 | D12: 10500 | E12: 10000 | F12: 8242.3 | G12: 8242.3 | H12: 0 | I12: =H12 -> 0
A13: WSWT1921720 | B13: บจก.เคอรี่ฟลาวมิลล์ | C13: 473000 | D13: 391650 | E13: 473000 | F13: 2854 | G13: 350633.03 | H13: 347779.03
A14: WSWT1921720 ผลรวม | C14: 473000 | D14: 391650 | E14: 473000 | F14: 2854 | G14: 350633.03 | H14: 347779.03 | I14: =H14 -> 347779.03 | P14: 15000 | Q14: =+K14/P14 -> 0
A15: WSWT1925800 | B15: บจก.เพรซิเดนท์ฟลาวมิลล์ | C15: 70000 | D15: 0 | E15: 14790 | F15: 0 | G15: 0 | H15: 0
B16: บจก.ไลม์มาสเตอร์ | C16: 10000 | D16: 10500 | E16: 10000 | F16: 0 | G16: 9359.9 | H16: 9359.9 | I16: =H16 -> 9359.9
B17: บจก.เอ็กเซลเล้นท์ | C17: 30000 | D17: 31500 | E17: 30000 | F17: 0 | G17: 26403.3 | H17: 26403.3 | I17: =H17 -> 26403.3
A18: WSWT1925800 ผลรวม | C18: 110000 | D18: 42000 | E18: 54790 | F18: 0 | G18: 35763.2 | H18: 35763.2 | I18: =H18 -> 35763.2
A19: WSWT2025650 | B19: บจก.เอเชียเหมืองแร่ | C19: 20000 | D19: 21000 | E19: 20000 | F19: 7658 | G19: 18719.8 | H19: 11061.8 | I19: =H19 -> 11061.8
A20: WSWT2025650 ผลรวม | C20: 20000 | D20: 21000 | E20: 20000 | F20: 7658 | G20: 18719.8 | H20: 11061.8 | I20: =H20 -> 11061.8 | P20: 16000 | Q20: =+K20/P20 -> 0
A21: WSWT2025800 | B21: บจก.เคอรี่ฟลาวมิลล์ | C21: 5000 | D21: 5250 | E21: 5000 | F21: 4679.95 | G21: 4679.95 | H21: 0
B22: บจก.เบทาโกร | C22: 60000 | D22: 52500 | E22: 50000 | F22: 53784.5 | G22: 53784.5 | H22: 0 | I22: =H22 -> 0
B23: บจก.อินเทคค์ โกลบอล | C23: 150000 | D23: 157500 | E23: 150000 | F23: 0 | G23: 157162.5 | H23: 157162.5
A24: WSWT2025800 ผลรวม | C24: 215000 | D24: 215250 | E24: 205000 | F24: 58464.45 | G24: 215626.95 | H24: 157162.5 | I24: =H24 -> 157162.5
A25: WSWT2025800SM | B25: บจก.ไทยธรรมดี | C25: 40000 | D25: 42000 | E25: 40000 | F25: 0 | G25: 43027.6 | H25: 43027.6
B26: บจก.อินเทคค์ โกลบอล | C26: 144842 | D26: 114858.45 | E26: 136515 | F26: 9837.3247 | G26: 114612.32 | H26: 104775 | I26: =H26 -> 104775
B27: บจก.เอพีเอ็ม อะโกร | C27: 6000 | D27: 6300 | E27: 6000 | F27: 6621.78 | G27: 6621.78 | H27: 0
B28: บจก.เอสพีเอ็ม อาหารสัตว์ | C28: 35500 | D28: 26250 | E28: 25000 | F28: 5518.15 | G28: 27590.75 | H28: 22072.6 | I28: =H28 -> 22072.6
B29: บจก.เอ.เจ.ฟาร์ม่าแล็บ | C29: 20000 | D29: 4152.75 | E29: 20000 | F29: 4118.9881 | G29: 4118.9881 | H29: 0 | I29: =H29 -> 0
B30: คุณชายชล จันทร์สว่างกูล | C30: 2500 | D30: 1575 | E30: 2500 | F30: 1487.805 | G30: 1487.805 | H30: 0 | I30: =H30 -> 0
B31: บจก.มารีน หรีดเดอร์ | C31: 10000 | D31: 10500 | E31: 10000 | F31: 8801.1 | G31: 8801.1 | H31: 0 | P31: 15000 | Q31: =+K31/P31 -> 0
B32: บจก.วีซีเอฟ | C32: 55000 | D32: 57750 | E32: 55000 | F32: 32270.7 | G32: 59162.95 | H32: 26892.25 | I32: =H32 -> 26892.25
A33: WSWT2025800SM ผลรวม | C33: 313842 | D33: 263386.2 | E33: 295015 | F33: 68655.848 | G33: 265423.3 | H33: 196767.45 | I33: =H33 -> 196767.45
A34: WSWT2121670SM | B34: บจก.ที.ซี.ยูเนี่ยน อโกรเทค | C34: 8000 | D34: 8400 | E34: 8000 | F34: 0 | G34: 8605.52 | H34: 8605.52 | I34: =H34 -> 8605.52
B35: บจก.เอพีเอ็ม อะโกร | C35: 16000 | D35: 16800 | E35: 16000 | F35: 10891.04 | G35: 18105.12 | H35: 7214.08 | I35: =H35 -> 7214.08
B36: บจก.เอสพีเอ็ม อาหารสัตว์ | C36: 5000 | D36: 0 | E36: 232 | F36: 0 | G36: 0 | H36: 0 | I36: =H36 -> 0
B37: บจก.แอมโก้เวท | C37: 285000 | D37: 220575.6 | E37: 212078 | F37: 42036.557 | G37: 227589.76 | H37: 185553.2 | I37: =H37 -> 185553.2
B38: บจก.หนองบัวฟีดมิลล์ | C38: 10000 | D38: 10500 | E38: 10000 | F38: 0 | G38: 10756.9 | H38: 10756.9 | I38: =H38 -> 10756.9
B39: คุณนพวินทร์ รัตนเศรษฐ์เมธา | C39: 5000 | D39: 5250 | E39: 5000 | F39: 5378.45 | G39: 5378.45 | H39: 0 | I39: =H39 -> 0
B40: บจก.เอ็นบี ดิสทริบิวชั่น | C40: 10000 | D40: 10500 | E40: 10000 | F40: 0 | G40: 10756.9 | H40: 10756.9 | I40: =H40 -> 10756.9
B41: บจก.บลูฟาโล่ | C41: 10000 | D41: 10500 | E41: 10000 | F41: 0 | G41: 10756.9 | H41: 10756.9
A42: WSWT2121670SM ผลรวม | C42: 349000 | D42: 282525.6 | E42: 271310 | F42: 58306.047 | G42: 291949.55 | H42: 233643.5 | I42: =H42 -> 233643.5
A43: WSWT2125650 | B43: บจก.หนองบัวฟีดมิลล์ | C43: 19000 | D43: 0 | E43: 19000 | F43: 0 | G43: 20968.97 | H43: 20968.97
B44: บจก.ไลม์มาสเตอร์ | C44: 10000 | D44: 10500 | E44: 10000 | F44: 7700 | G44: 9918.7 | H44: 2218.7 | I44: =H44 -> 2218.7
A45: WSWT2125650 ผลรวม | C45: 29000 | D45: 10500 | E45: 29000 | F45: 7700 | G45: 30887.67 | H45: 23187.67 | I45: =H45 -> 23187.67
A46: WSWT2125800 | B46: บจก.ทีเจทีเทรดเดอร์ | C46: 2000 | D46: 0 | E46: 2000 | F46: 2319.02 | G46: 2319.02 | H46: 0 | J46: 74000
B47: ร้านสมคิดพันธุ์ข้าว | C47: 8000 | D47: 8400 | E47: 8000 | F47: 7934.96 | G47: 7934.96 | H47: 0 | I47: =H47 -> 0
A48: WSWT2125800 ผลรวม | C48: 10000 | D48: 8400 | E48: 10000 | F48: 10253.98 | G48: 10253.98 | H48: 0 | I48: =H48 -> 0
A49: WSWT2325650 | B49: บจก.ซิเบลโก้(สบปราบ) | C49: 20000 | D49: 21000 | E49: 20000 | F49: 19837.4 | G49: 19837.4 | H49: 0
A50: WSWT2325650 ผลรวม | C50: 20000 | D50: 21000 | E50: 20000 | F50: 19837.4 | G50: 19837.4 | H50: 0
A51: WSWT2625650 | B51: บจก.โอเชี่ยนฟีด | C51: 40000 | D51: 0 | E51: 40000 | F51: 0 | G51: 48615.6 | H51: 48615.6 | I51: =H51 -> 48615.6
B52: บจก.กบินทร์อินทรีย์ | C52: 10000 | D52: 10500 | E52: 10000 | F52: 0 | G52: 11874.5 | H52: 11874.5 | I52: =H52 -> 11874.5
B53: คุณธนนท์ อุทัยไพศาลวงศ์ | C53: 8800 | D53: 0 | E53: 5300 | F53: 0 | G53: 5997.321 | H53: 5997.321
A54: WSWT2625650 ผลรวม | C54: 58800 | D54: 10500 | E54: 55300 | F54: 0 | G54: 66487.421 | H54: 66487.421 | I54: =H54 -> 66487.421
A55: WSWT262575051 | B55: บจก.กบินทร์อินทรีย์ | C55: 16000 | D55: 8400 | E55: 16000 | F55: 9499.6 | G55: 9499.6 | H55: 0 | I55: =H55 -> 0
A56: WSWT262575051 ผลรวม | C56: 16000 | D56: 8400 | E56: 16000 | F56: 9499.6 | G56: 9499.6 | H56: 0 | I56: =H56-J56 -> -166000 | J56: 166000
A57: WSWT2625800 | B57: บจก.ที.ซี.ยูเนี่ยน อโกรเทค | C57: 20000 | D57: 0 | E57: 20000 | F57: 3896 | G57: 24866.6 | H57: 20970.6
B58: บจก.แลบอินเตอร์ | C58: 10000 | D58: 10500 | E58: 10000 | F58: 11595.1 | G58: 11595.1 | H58: 0 | I58: =H58 -> 0
A59: WSWT2625800 ผลรวม | C59: 30000 | D59: 10500 | E59: 30000 | F59: 15491.1 | G59: 36461.7 | H59: 20970.6 | I59: =H59 -> 20970.6
A60: WSWT2625850SM | B60: บจก.ที.ซี.ยูเนี่ยน อโกรเทค | C60: 30000 | D60: 0 | E60: 30000 | F60: 37299.9 | G60: 37299.9 | H60: 0 | I60: =H60 -> 0
A61: WSWT2625850SM ผลรวม | C61: 30000 | D61: 0 | E61: 30000 | F61: 37299.9 | G61: 37299.9 | H61: 0 | I61: =H61 -> 0
A62: WSWT2825850 | B62: บจก.ที.ซี.ยูเนี่ยน อโกรเทค | C62: 10000 | D62: 0 | E62: 10000 | F62: 0 | G62: 13550.9 | H62: 13550.9 | I62: =H62 -> 13550.9
B63: บจก.ไทยร่วมใจน้ำมันพืช | C63: 50000 | D63: 23803.5 | E63: 41661 | F63: 5880 | G63: 28265.466 | H63: 22385.466
A64: WSWT2825850 ผลรวม | C64: 60000 | D64: 23803.5 | E64: 51661 | F64: 5880 | G64: 41816.366 | H64: 35936.366 | I64: =H64 -> 35936.366
A65: WSWTSCL052325650 | B65: พันธุ์ข้าว | C65: 10000 | D65: 10500 | E65: 10000 | F65: 0 | G65: 9918.7 | H65: 9918.7 | I65: =H65 -> 9918.7
A66: WSWTSCL052325650 ผลรวม | C66: 10000 | D66: 10500 | E66: 10000 | F66: 0 | G66: 9918.7 | H66: 9918.7 | I66: =H66 -> 9918.7
A67: ผลรวมทั้งหมด | C67: 1784642 | D67: 1361415.3 | E67: 1611076 | F67: 325702.68 | G67: 1472290.5 | H67: 1146587.8
I68: =H68 -> 0
I70: =H70 -> 0
I72: =H72 -> 0
I73: =H73 -> 0
I75: =SUM(I5:I74) -> 1497118.3
I79: =I75+I77 -> 1497118.3 | J79: 16 | K79: =+I79*0.9779 -> 1464032
I81: =+I79/J79 -> 93569.893 | K81: =+K79*85 -> 1.2444272e+08
K83: =+K81/1000 -> 124442.72
D119: Cap พิมพ์ | E119: Cap ตัด | F119: Stock 16/7 บ่าย | G119: Cap ทอ | I119: วันทงาน
B120: lส่ง | C120: 1-16/7 | D120: 160000 | E120: 160000 | G120: 120000 | I120: 12
C121: 1975256 | D121: =+D120*I120 -> 1920000 | E121: =+E120*I120 -> 1920000 | F121: 825147 | G121: =+G120*I120 -> 1440000
A122: เบทาโกรส่งแล้ว | B122: 20700 | C122: 424374
A123: เบทาโกรส่งแล้ว | B123: 20800 | C123: 155973
C126: รวมส่ง+ค้างส่ง | D126: ส่วนต่างCapคงเหลือ | E126: ส่วนต่างCapคงเหลือ | F126: คงเหลือ
C127: =+C50+C121 -> 1995256 | D127: =+D121-D50 -> 1899000 | E127: =+E121-E50 -> 1900000 | F127: =+F121-F50 -> 805309.6 | G127: =+G121-G50 -> 1420162.6
B129: 20700VN 20/7 | G129: 350000

Sheet 6(Order)
A2: เลขที่ SO | B2: (หลายรายการ)
A3: วันส่ง | B3: (หลายรายการ)
A4: ชื่อลูกค้า | B4: (ทั้งหมด)
A6: ประเภท | B6: ผลรวม ของ จำนวนส่ง | C6: ผลรวม ของ ค้างพิมพ์ | D6: ผลรวม ของ ค้างตัด | E6: ผลรวม ของ ใช้ | F6: ผลรวม ของ Stock | G6: ผลรวม ของ ค้างทอ
A7: WSWT1425800 | B7: 10000 | C7: 10500 | D7: 10000 | E7: 6565.9 | F7: 5557 | G7: 1008.9
A8: WSWT1621720SMFX | B8: 5000 | C8: 5250 | D8: 5000 | E8: 3702.05 | F8: 3702.05 | G8: 0
A9: WSWT1825800SM | B9: 10000 | C9: 10500 | D9: 10000 | E9: 8242.3 | F9: 8242.3 | G9: 0
A10: WSWT1921720 | B10: 198000 | C10: 102900 | D10: 198000 | E10: 108602.78 | F10: 2854 | G10: 105748.78
A11: WSWT1925800 | B11: 70000 | C11: 0 | D11: 14790 | E11: 0 | F11: 0 | G11: 0 | L11: =76*2500 -> 190000
A12: WSWT2021850UV | B12: 1345000 | C12: 618123.45 | D12: 1345000 | E12: 562935.53 | F12: 73641.007 | G12: 489294.53
A13: WSWT2025650 | B13: 20000 | C13: 21000 | D13: 20000 | E13: 18719.8 | F13: 7658 | G13: 11061.8
A14: WSWT2025800 | B14: 65000 | C14: 57750 | D14: 55000 | E14: 58464.45 | F14: 58464.45 | G14: 0
A15: WSWT2025800SM | B15: 153842 | C15: 95386.2 | D15: 135015 | E15: 95548.098 | F15: 68655.848 | G15: 26892.25
A16: WSWT2121670SM | B16: 219000 | C16: 146025.6 | D16: 141310 | E16: 152109.85 | F16: 58306.047 | G16: 93803.8
A17: WSWT2125650 | B17: 29000 | C17: 10500 | D17: 29000 | E17: 30887.67 | F17: 7700 | G17: 23187.67
A18: WSWT2125800 | B18: 10000 | C18: 8400 | D18: 10000 | E18: 10253.98 | F18: 10253.98 | G18: 0
A19: WSWT2221940 | B19: 239700 | C19: 128625 | D19: 239700 | E19: 127579.28 | F19: 37618 | G19: 89961.279
A20: WSWT2321112512551 | B20: 108000 | C20: 113400 | D20: 108000 | E20: 116174.52 | F20: 62765.26 | G20: 53409.26
A21: WSWT2625650 | B21: 8800 | C21: 0 | D21: 5300 | E21: 5997.321 | F21: 0 | G21: 5997.321
A22: WSWT262575051 | B22: 16000 | C22: 8400 | D22: 16000 | E22: 9499.6 | F22: 9499.6 | G22: 0
A23: WSWT2625800 | B23: 10000 | C23: 10500 | D23: 10000 | E23: 11595.1 | F23: 11595.1 | G23: 0
... A26: ผลรวมทั้งหมด | B26: 2597342 | C26: 1371063.8 | D26: 2423776 | E26: 1392443.6 | F26: 469692.54 | G26: 922751.05
A37: ยอดส่ง 1/1/68 - 17/1/68 | B37: 1287052
A38: Order+ส่ง | B38: =++B22+B37 -> 1303052
A39: ประมาณการ | I39: 0
A41: Order+ส่ง+ประมาณการ | B41: =+B22+B37+B39+B29 -> 1303052 | C41: =+C22+C37+C39+C29 -> 8400 | D41: =+D22+D37+D39+D29 -> 16000 | E41: =+E22+E37+E39+E29 -> 9499.6 | F41: =+F22+F37+F39+F29 -> 9499.6 | G41: =+G22+G37+G39+G29 -> 0
B43: 3000000 | I43: 9
B45: =+B41-B43 -> -1696948
D46: =+D22/I43 -> 1777.7778
C47: =+C41/I43 -> 933.33333 | D47: =+D41/I43 -> 1777.7778 | G47: =+G41/I43 -> 0

Sheet 6(Order) แยกลูกค้า
A1: เลขที่ SO | B1: (หลายรายการ)
A2: วันส่ง | B2: (หลายรายการ)
A4: ประเภท | B4: ชื่อลูกค้า | C4: ผลรวม ของ จำนวนส่ง | D4: ผลรวม ของ ค้างพิมพ์ | E4: ผลรวม ของ ค้างตัด | F4: ผลรวม ของ Stock | G4: ผลรวม ของ ค้างทอ | I4: vn
A5: WSWT1425800 | B5: หจก.ปึงเป้งน้ำ | C5: 10000 | D5: 10500 | E5: 10000 | F5: 5557 | G5: 1008.9 | H5: =G5 -> 1008.9
A6: WSWT1425800 ผลรวม | C6: 10000 | D6: 10500 | E6: 10000 | F6: 5557 | G6: 1008.9 | H6: =G6 -> 1008.9
A7: WSWT1825800SM | B7: บจก.ไบโอกรีนนิค | C7: 10000 | D7: 10500 | E7: 10000 | F7: 8242.3 | G7: 0 | H7: =G7 -> 0
A8: WSWT1825800SM ผลรวม | C8: 10000 | D8: 10500 | E8: 10000 | F8: 8242.3 | G8: 0
A9: WSWT1921720 | B9: บจก.เคอรี่ฟลาวมิลล์ | C9: 30000 | D9: 0 | E9: 30000 | F9: 0 | G9: 0 | H9: =G9 -> 0
A10: WSWT1921720 ผลรวม | C10: 30000 | D10: 0 | E10: 30000 | F10: 0 | G10: 0 | H10: =G10 -> 0
A11: WSWT1925800 | B11: บจก.เพรซิเดนท์ฟลาวมิลล์ | C11: 70000 | D11: 0 | E11: 14790 | F11: 0 | G11: 0
A12: WSWT1925800 ผลรวม | C12: 70000 | D12: 0 | E12: 14790 | F12: 0 | G12: 0 | H12: =G12 -> 0
A13: WSWT2025800 | B13: บจก.เบทาโกร | C13: 40000 | D13: 31500 | E13: 30000 | F13: 32270.7 | G13: 0 | H13: =G13 -> 0
A14: WSWT2025800 ผลรวม | C14: 40000 | D14: 31500 | E14: 30000 | F14: 32270.7 | G14: 0 | H14: =G14 -> 0
A15: WSWT2025800SM | B15: บจก.อินเทคค์ โกลบอล | C15: 44842 | D15: 9858.45 | E15: 36515 | F15: 9837.3247 | G15: 0
B16: บจก.เอพีเอ็ม อะโกร | C16: 6000 | D16: 6300 | E16: 6000 | F16: 6621.78 | G16: 0 | H16: =G16 -> 0
B17: บจก.เอสพีเอ็ม อาหารสัตว์ | C17: 15500 | D17: 5250 | E17: 5000 | F17: 5518.15 | G17: 0
B18: บจก.เอ.เจ.ฟาร์ม่าแล็บ | C18: 20000 | D18: 4152.75 | E18: 20000 | F18: 4118.9881 | G18: 0 | H18: =G18 -> 0
B19: คุณชายชล จันทร์สว่างกูล | C19: 2500 | D19: 1575 | E19: 2500 | F19: 1487.805 | G19: 0 | H19: =G19 -> 0
B20: บจก.มารีน หรีดเดอร์ | C20: 10000 | D20: 10500 | E20: 10000 | F20: 8801.1 | G20: 0 | H20: =G20 -> 0
A21: WSWT2025800SM ผลรวม | C21: 98842 | D21: 37636.2 | E21: 80015 | F21: 36385.148 | G21: 0 | H21: =G21 -> 0
A22: WSWT2121670SM | B22: บจก.ที.ซี.ยูเนี่ยน อโกรเทค | C22: 8000 | D22: 8400 | E22: 8000 | F22: 0 | G22: 8605.52
B23: บจก.เอพีเอ็ม อะโกร | C23: 10000 | D23: 10500 | E23: 10000 | F23: 5518.15 | G23: 5797.55 | H23: =G23 -> 5797.55
B24: บจก.เอสพีเอ็ม อาหารสัตว์ | C24: 5000 | D24: 0 | E24: 232 | F24: 0 | G24: 0
B25: บจก.แอมโก้เวท | C25: 155000 | D25: 84075.6 | E25: 82078 | F25: 42036.557 | G25: 45713.5 | H25: =G25 -> 45713.5
B26: บจก.บลูฟาโล่ | C26: 10000 | D26: 10500 | E26: 10000 | F26: 0 | G26: 10756.9
A27: WSWT2121670SM ผลรวม | C27: 188000 | D27: 113475.6 | E27: 110310 | F27: 47554.707 | G27: 70873.47 | H27: =G27 -> 70873.47
A28: WSWT2125650 | B28: บจก.หนองบัวฟีดมิลล์ | C28: 15000 | D28: 0 | E28: 15000 | F28: 0 | G28: 16554.45 | H28: =G28 -> 16554.45
B29: บจก.ไลม์มาสเตอร์ | C29: 10000 | D29: 10500 | E29: 10000 | F29: 7700 | G29: 2218.7 | H29: =G29 -> 2218.7
A30: WSWT2125650 ผลรวม | C30: 25000 | D30: 10500 | E30: 25000 | F30: 7700 | G30: 18773.15
A31: WSWT2125800 | B31: บจก.ทีเจทีเทรดเดอร์ | C31: 2000 | D31: 0 | E31: 2000 | F31: 2319.02 | G31: 0 | H31: =G31 -> 0
A32: WSWT2125800 ผลรวม | C32: 2000 | D32: 0 | E32: 2000 | F32: 2319.02 | G32: 0 | H32: =G32 -> 0
A33: WSWT2221940 | B33: กรมการข้าว | C33: 239700 | D33: 128625 | E33: 239700 | F33: 37618 | G33: 89961.279 | H33: =G33 -> 89961.279
A34: WSWT2221940 ผลรวม | C34: 239700 | D34: 128625 | E34: 239700 | F34: 37618 | G34: 89961.279 | H34: =G34 -> 89961.279
A35: WSWT2321112512551 | B35: บจก.น้ำตาลทิพย์สุโขทัย | C35: 108000 | D35: 113400 | E35: 108000 | F35: 62765.26 | G35: 53409.26 | H35: =G35 -> 53409.26
A36: WSWT2321112512551 ผลรวม | C36: 108000 | D36: 113400 | E36: 108000 | F36: 62765.26 | G36: 53409.26 | H36: =G36 -> 53409.26
A37: WSWT262575051 | B37: บจก.กบินทร์อินทรีย์ | C37: 8000 | D37: 0 | E37: 8000 | F37: 0 | G37: 0 | H37: =G37 -> 0
A38: WSWT262575051 ผลรวม | C38: 8000 | D38: 0 | E38: 8000 | F38: 0 | G38: 0 | H38: =G38 -> 0
A39: WSWT2625850SM | B39: บจก.ที.ซี.ยูเนี่ยน อโกรเทค | C39: 15000 | D39: 0 | E39: 15000 | F39: 18649.95 | G39: 0 | H39: =G39 -> 0
A40: WSWT2625850SM ผลรวม | C40: 15000 | D40: 0 | E40: 15000 | F40: 18649.95 | G40: 0
A41: WSWT2825850 | B41: บจก.ไทยร่วมใจน้ำมันพืช | C41: 50000 | D41: 23803.5 | E41: 41661 | F41: 5880 | G41: 22385.466 | H41: =G41 -> 22385.466
A42: WSWT2825850 ผลรวม | C42: 50000 | D42: 23803.5 | E42: 41661 | F42: 5880 | G42: 22385.466 | H42: =G42 -> 22385.466
A43: ผลรวมทั้งหมด | C43: 894542 | D43: 479940.3 | E43: 724476 | F43: 264942.09 | G43: 256411.52
H44: =G44 -> 0
H45: =G45 -> 0
H46: =G46 -> 0
H47: =G47 -> 0
H48: =G48 -> 0
H50: =G50 -> 0
H51: =G51 -> 0
H52: =G52 -> 0
H54: =G54 -> 0
H56: =G56 -> 0
H58: =G58 -> 0
H59: =G59 -> 0
... H68: =G68 -> 0
H70: =SUM(H5:H69) -> 474687.48
D119: Cap พิมพ์ | E119: Cap ตัด | F119: Stock 16/7 บ่าย | G119: Cap ทอ | I119: วันทงาน
B120: lส่ง | C120: 1-16/7 | D120: 160000 | E120: 160000 | G120: 120000 | I120: 12
C121: 1975256 | D121: =+D120*I120 -> 1920000 | E121: =+E120*I120 -> 1920000 | F121: 825147 | G121: =+G120*I120 -> 1440000
A122: เบทาโกรส่งแล้ว | B122: 20700 | C122: 424374
A123: เบทาโกรส่งแล้ว | B123: 20800 | C123: 155973
C126: รวมส่ง+ค้างส่ง | D126: ส่วนต่างCapคงเหลือ | E126: ส่วนต่างCapคงเหลือ | F126: คงเหลือ
C127: =+C50+C121 -> 1975256 | D127: =+D121-D50 -> 1920000 | E127: =+E121-E50 -> 1920000 | F127: =+F121-F50 -> 825147 | G127: =+G121-G50 -> 1440000
B129: 20700VN 20/7 | G129: 350000

Sheet 6(Fc) แยกลูกค้
A1: เลขที่ SO | B1: ประมาณการ
A2: วันส่ง | B2: (หลายรายการ) | D2: 12
A4: ประเภท | B4: ชื่อลูกค้า | C4: ผลรวม ของ จำนวนส่ง | D4: ผลรวม ของ ค้างพิมพ์ | E4: ผลรวม ของ ค้างตัด | F4: ผลรวม ของ Stock | G4: ผลรวม ของ ใช้ | H4: ผลรวม ของ ค้างทอ
A5: WSWT1825800 | B5: บจก.ฟาร์เธอร์ส วิง ซัพพลาย | C5: 15000 | D5: 15750 | E5: 15000 | F5: 6301 | G5: 13201.65 | H5: 6900.65
A6: WSWT1825800 ผลรวม | C6: 15000 | D6: 15750 | E6: 15000 | F6: 6301 | G6: 13201.65 | H6: 6900.65
A7: WSWT1921720 | B7: บจก.เคอรี่ฟลาวมิลล์ | C7: 275000 | D7: 288750 | E7: 275000 | F7: 0 | G7: 242030.25 | H7: 242030.25
A8: WSWT1921720 ผลรวม | C8: 275000 | D8: 288750 | E8: 275000 | F8: 0 | G8: 242030.25 | H8: 242030.25
A9: WSWT1925800 | B9: บจก.ไลม์มาสเตอร์ | C9: 10000 | D9: 10500 | E9: 10000 | F9: 0 | G9: 9359.9 | H9: 9359.9
B10: บจก.เอ็กเซลเล้นท์ | C10: 30000 | D10: 31500 | E10: 30000 | F10: 0 | G10: 26403.3 | H10: 26403.3
A11: WSWT1925800 ผลรวม | C11: 40000 | D11: 42000 | E11: 40000 | F11: 0 | G11: 35763.2 | H11: 35763.2
A12: WSWT2025800 | B12: บจก.อินเทคค์ โกลบอล | C12: 150000 | D12: 157500 | E12: 150000 | F12: 0 | G12: 157162.5 | H12: 157162.5
A13: WSWT2025800 ผลรวม | C13: 150000 | D13: 157500 | E13: 150000 | F13: 0 | G13: 157162.5 | H13: 157162.5
A14: WSWT2025800SM | B14: บจก.ไทยธรรมดี | C14: 40000 | D14: 42000 | E14: 40000 | F14: 0 | G14: 43027.6 | H14: 43027.6
B15: บจก.อินเทคค์ โกลบอล | C15: 100000 | D15: 105000 | E15: 100000 | F15: 0 | G15: 104775 | H15: 104775
B16: บจก.เอสพีเอ็ม อาหารสัตว์ | C16: 20000 | D16: 21000 | E16: 20000 | F16: 0 | G16: 22072.6 | H16: 22072.6
A17: WSWT2025800SM ผลรวม | C17: 160000 | D17: 168000 | E17: 160000 | F17: 0 | G17: 169875.2 | H17: 169875.2
A18: WSWT2121670SM | B18: บจก.แอมโก้เวท | C18: 130000 | D18: 136500 | E18: 130000 | F18: 0 | G18: 139839.7 | H18: 139839.7
A19: WSWT2121670SM ผลรวม | C19: 130000 | D19: 136500 | E19: 130000 | F19: 0 | G19: 139839.7 | H19: 139839.7
A20: WSWT2325650 | B20: บจก.ซิเบลโก้(สบปราบ) | C20: 20000 | D20: 21000 | E20: 20000 | F20: 19837.4 | G20: 19837.4 | H20: 0
A21: WSWT2325650 ผลรวม | C21: 20000 | D21: 21000 | E21: 20000 | F21: 19837.4 | G21: 19837.4 | H21: 0
A22: WSWT2625650 | B22: บจก.โอเชี่ยนฟีด | C22: 40000 | D22: 0 | E22: 40000 | F22: 0 | G22: 48615.6 | H22: 48615.6
B23: บจก.กบินทร์อินทรีย์ | C23: 10000 | D23: 10500 | E23: 10000 | F23: 0 | G23: 11874.5 | H23: 11874.5
A24: WSWT2625650 ผลรวม | C24: 50000 | D24: 10500 | E24: 50000 | F24: 0 | G24: 60490.1 | H24: 60490.1
A25: WSWT2625800 | B25: บจก.ที.ซี.ยูเนี่ยน อโกรเทค | C25: 20000 | D25: 0 | E25: 20000 | F25: 3896 | G25: 24866.6 | H25: 20970.6
A26: WSWT2625800 ผลรวม | C26: 20000 | D26: 0 | E26: 20000 | F26: 3896 | G26: 24866.6 | H26: 20970.6
A27: WSWT2825850 | B27: บจก.ที.ซี.ยูเนี่ยน อโกรเทค | C27: 10000 | D27: 0 | E27: 10000 | F27: 0 | G27: 13550.9 | H27: 13550.9
A28: WSWT2825850 ผลรวม | C28: 10000 | D28: 0 | E28: 10000 | F28: 0 | G28: 13550.9 | H28: 13550.9
A29: WSWTSCL052325650 | B29: พันธุ์ข้าว | C29: 10000 | D29: 10500 | E29: 10000 | F29: 0 | G29: 9918.7 | H29: 9918.7
A30: WSWTSCL052325650 ผลรวม | C30: 10000 | D30: 10500 | E30: 10000 | F30: 0 | G30: 9918.7 | H30: 9918.7
A31: ผลรวมทั้งหมด | C31: 880000 | D31: 850500 | E31: 880000 | F31: 30034.4 | G31: 886536.2 | H31: 856501.8
H41: 296578.28
H43: =+GETPIVOTDATA("ผลรวม ของ ค้างทอ",$A$4)+H41 -> 1153080.1
I119: วันทงาน
I120: 12
C121: 1975256 | D121: =+D120*I120 -> 0 | E121: =+E120*I120 -> 0 | F121: 825147 | G121: =+G120*I120 -> 0
A122: เบทาโกรส่งแล้ว | B122: 20700 | C122: 424374
A123: เบทาโกรส่งแล้ว | B123: 20800 | C123: 155973
C126: รวมส่ง+ค้างส่ง | D126: ส่วนต่างCapคงเหลือ | E126: ส่วนต่างCapคงเหลือ | F126: คงเหลือ
C127: =+C50+C121 -> 1975256 | D127: =+D121-D50 -> 0 | E127: =+E121-E50 -> 0 | F127: =+F121-F50 -> 825147 | G127: =+G121-G50 -> 0
B129: 20700VN 20/7 | G129: 350000

Sheet ค้างทอ10-6-68
A3: ผลรวม ของ ค้างทอ | B3: ป้ายชื่อคอลัมน์
A4: ป้ายชื่อแถว | B4: 45814 | C4: 45815 | D4: 45816 | E4: 45817 | F4: 45819 | G4: 45820 | H4: 45821 | I4: 45822 | J4: 45823 | K4: 45824 | L4: 45826 | M4: 45828 | N4: 45830 | O4: 45833 | P4: ผลรวมทั้งหมด
A5: WSWT1425800 | D5: 1008.9 | P5: 1008.9
A6: WSWT1621720SMFX | K6: 0 | P6: 0
A7: WSWT1825800SM | C7: 0 | P7: 0
A8: WSWT1921720 | C8: 1546.55 | E8: 23679.15 | G8: 13117.83 | I8: 40443.15 | J8: 13760.45 | K8: 13201.65 | P8: 105748.78
A9: WSWT1925800 | B9: 0 | P9: 0
A10: WSWT2021850UV | O10: 489294.53 | P10: 489294.53
A11: WSWT2025650 | K11: 11061.8 | P11: 11061.8
A12: WSWT2025800 | H12: 0 | I12: 0 | L12: 0 | O12: 0 | P12: 0
A13: WSWT2025800SM | B13: 0 | C13: 0 | D13: 0 | E13: 0 | L13: 0 | N13: 26892.25 | P13: 26892.25
A14: WSWT2121670SM | B14: 0 | D14: 47130.03 | E14: 0 | G14: 10756.9 | K14: 10756.9 | L14: 16554.45 | O14: 8605.52 | P14: 93803.8
A15: WSWT2125650 | B15: 0 | C15: 6633.22 | F15: 16554.45 | P15: 25506.69
A16: WSWT2125800 | B16: 0 | E16: 0 | P16: 0
A17: WSWT2221940 | M17: 89961.279 | P17: 89961.279
A18: WSWT2321112512551 | L18: 0 | N18: 53409.26 | P18: 53409.26
A19: WSWT2625650 | D19: 5997.321 | P19: 5997.321
A20: WSWT262575051 | B20: 0 | J20: 0 | P20: 0
A21: WSWT2625800 | G21: 0 | P21: 0
A22: WSWT2625850SM | G22: 0 | N22: 0 | P22: 0
A23: WSWT2825850 | F23: 22385.466 | P23: 22385.466
A24: ผลรวมทั้งหมด | B24: =SUM(B5:B23) -> 0 | C24: =SUM(C5:C23) -> 8179.77 | D24: =SUM(D5:D23) -> 54136.251 | E24: =SUM(E5:E23) -> 23679.15 | F24: =SUM(F5:F23) -> 38939.916 | G24: =SUM(G5:G23) -> 23874.73 | H24: =SUM(H5:H23) -> 0 | I24: =SUM(I5:I23) -> 40443.15 | ... P24: =SUM(P5:P23) -> 925070.07

Sheet 10-6-68
B2: เรียงกำหนดส่ง | D2: ลบ 0 | T2: เรียง 1
B3: ข้อมูลUpdate ณ. วันที่ | D3: 45818 | E3: เวลา | G3: 11.04
A4: วันรับออร์เดอร์/แบบ | B4: เลขที่ SO | C4: ชื่อลูกค้า | E4: 10.3 | I4: น้ำหนัก | L4: บิด/จับจีบ | M4: ถุงใน | Q4: 44873 | S4: วิธีบรรจุ | T4: วันส่ง | U4: จำนวนส่ง | V4: ตัดเย็บ (ใบ) | W4: 44873 | X4: พิมพ์ (ใบ) | Y4: 44876 | Z4: ผ้าทอ (เมตร) Updateณ | AB4: 44876 | AD4: ผ้าเคลือบ(เมตร) | AF4: หมายเหตุ | AG4: เครื่อง
A5: วันรับออร์เดอร์/แบบ | B5: เลขที่ SO | C5: ชื่อลูกค้า | D5: ตรา | E5: กว้าง | F5: ยาว | G5: สี | H5: เคลือบ | I5: กรัม/ใบ | J5: * | K5: aw | L5: บิด/จับจีบ | M5: กว้าง | N5: ยาว | O5: หนา | P5: ใช้(กก.) | Q5: Stock(กก.) | R5: ผลิต(กก.) | S5: วิธีบรรจุ | T5: วันส่ง | U5: จำนวนส่ง | V5: StockFG | W5: ค้างตัด | X5: พิมพ์แล้ว | Y5: ค้างพิมพ์ | Z5: ประเภท | AA5: ใช้ | AB5: Stock | AC5: ค้างทอ | AD5: Stock | AE5: ค้างเคลือบ | AF5: หมายเหตุ | AG5: ที่พิมพ์ได้ | AH5: process | AI5: Lead time | AJ5: วันที่ส่งPL | AK5: เคลือบ | AL5: ได้ ART | AM5: พิมพ์ | AN5: จีบ-บิด | AO5: ตัด-เย็บ | AP5: ทอ | AQ5: สวมถุง | AR5: เย็บปาก | AS5: PT | AT5: ม้วน | AU5: ตัด | AV5: ตอกตาไก่ | AW5: GROUP | AX5: ART | AY5: หมายเหตุปัญหา | AZ5: ราคา/ใบ | BA5: ราคารวม | BB5: workweek | BC5: เส้นเทป | BD5: จำนวน
A6: 45800 | B6: MK68-000701 | C6: หจก.ปึงเป้งน้ำ | D6: เกลือตรามือ 10กก | E6: 14 | F6: 22 | G6: ขาว | H6: ใส | I6: 42 | J6: ± | K6: 5 | L6: ไม่ | M6: ไม่สวมถุงใน | N6: 0 | O6: 0 | P6: 0 | Q6: 0 | R6: 0 | S6: 500กระสอบแบนเต็มใบ | T6: 45821 | U6: 10000 | V6: 0 | W6: 10000 | X6: 0 | Y6: 10500 | Z6: WSWT1425800 | AA6: 6565.9 | AB6: 5557 | AC6: 1008.9 | AD6: 1220 | AE6: 5345.9 | AF6: 0 | AG6: พร้อมส่ง | AH6: P6 | AI6: 4 | AJ6: 45821 | AK6: 45817 | AL6: 45810 | AM6: 45818 | AN6: 45819 | AO6: 45820 | AP6: 45816 | AQ6: 0 | AR6: 0 | AS6: 0 | AT6: 0 | AU6: 0 | AV6: 0 | AW6: งานเคลือบ+พิมพ์ | AX6: / | AY6: 0 | AZ6: 0 | BA6: 0 | BB6: 0 | BC6: WRWT25800/WRWT25800 | BD6: 56.4984
A7: 0 | B7: 0 | C7: 0 | D7: 0 | E7: 14 | F7: 22 | G7: ขาว | H7: 0 | I7: 36 | J7: ± | K7: 5 | L7: 0 | M7: 0 | N7: 0 | O7: 0 | P7: 0 | Q7: 0 | R7: 0 | S7: 0 | U7: 0 | V7: 0 | W7: 0 | X7: 0 | Y7: 0 | Z7: WSWT1425800 | AA7: 6565.9 | AB7: 5557 | AC7: 1008.9 | AD7: 1220 | AE7: 5345.9 | AF7: ระบุในSD | AG7: พร้อมส่ง | AH7: 0 | AI7: Lead time | AJ7: 0 | AK7: 0 | AL7: 0 | AM7: 0 | AN7: 0 | AO7: 0 | AP7: 0 | AQ7: 0 | AR7: 0 | AS7: 0 | AT7: 0 | AU7: 0 | AV7: 0 | AW7: 0 | AX7: 0 | AY7: 0 | AZ7: 0 | BA7: 0 | BB7: 0 | BC7: WRWT140800/WRWT25800 | BD7: 0
A8: ประมาณการ | B8: ประมาณการ | C8: บจก.ซัน ซีเมนต์ โพรเซส | D8: พระอาทิตย์(ปูนนอน-ชริงค์) | E8: 16 | F8: 25 | G8: ขาว | H8: ใส | I8: 50 | J8: ± | K8: 5 | L8: บิด | M8: 19 | N8: 28 | O8: 40 | P8: 65.624643 | Q8: 0 | R8: 65.624643 | S8: 500กระสอบ | T8: รอแจ้ง | U8: 5000 | V8: 0 | W8: 5000 | X8: 0 | Y8: 5250 | Z8: WSWT1625800SM | AA8: 3702.05 | AB8: 3372 | AC8: 330.05 | AD8: 0 | AE8: 3702.05 | AF8: 0 | AG8: ยังไม่ได้พิมพ์ | AH8: P8 | AI8: 4 | AJ8: รอแจ้ง | AK8: #VALUE! | AL8: #VALUE! | AM8: #VALUE! | AN8: #VALUE! | AO8: #VALUE! | AP8: #VALUE! | AQ8: #VALUE! | AR8: 0 | AS8: 0 | AT8: 0 | AU8: 0 | AV8: 0 | AW8: งานเคลือบ+พิมพ์ | AX8: รอART | AY8: 0 | AZ8: 0 | BA8: 0 | BB8: 0 | BC8: WRWT25800/WRWT25800 | BD8: 18.776178
A9: 0 | B9: 0 | C9: 0 | E9: 16 | F9: 25 | G9: ขาว | H9: 0 | I9: 45 | J9: ± | K9: 5 | L9: 0 | M9: 0 | N9: 0 | O9: 0 | P9: 0 | Q9: 0 | R9: 0 | S9: 0 | U9: 0 | V9: 0 | W9: 0 | X9: 0 | Y9: 0 | Z9: WSWT1625800SM | AA9: 3702.05 | AB9: 3372 | AC9: 330.05 | AD9: 0 | AE9: 3702.05 | AF9: ระบุในSD | AG9: พร้อมส่ง | AH9: 0 | AI9: Lead time | AJ9: 0 | AK9: 0 | AL9: 0 | AM9: 0 | AN9: 0 | AO9: 0 | AP9: 0 | AQ9: 0 | AR9: 0 | AS9: 0 | AT9: 0 | AU9: 0 | AV9: 0 | AW9: 0 | AX9: 0 | AY9: 0 | AZ9: 0 | BA9: 0 | BB9: 0 | BC9: WRWT160800/WRWT25800 | BD9: 0
A10: 45814 | B10: MK68-000754 | C10: โรงสีลิ้มย่งฮวด | D10: ข้าวหอมมะลิสร้อยฟ้า | E10: 16 | F10: 25 | G10: ขาว | H10: 0 | I10: 45 | J10: ± | K10: 5 | L10: ไม่ | M10: ไม่สวมถุงใน | N10: 0 | O10: 0 | P10: 0 | Q10: 0 | R10: 0 | S10: 500กระสอบ | T10: 45829 | U10: 5000 | V10: 0 | W10: 5000 | X10: 0 | Y10: 5250 | Z10: WSWT1621720SMFX | AA10: 3702.05 | AB10: 3702.05 | AC10: 0 | AD10: 0 | AE10: 0 | AF10: ขาด-เกินได้5% | AG10: ยังไม่ได้พิมพ์ | AH10: P7 | AI10: 2 | AJ10: 45829 | AK10: 0 | AL10: 45820 | AM10: 45827 | AN10: 45828 | AO10: 45828 | AP10: 45824 | AQ10: 0 | AR10: 0 | AS10: 0 | AT10: 0 | AU10: 0 | AV10: 0 | AW10: งานพิมพ์ | AX10: / | AY10: 0 | AZ10: 0 | BA10: 0 | BB10: 0 | BC10: WRWT21720/WRWT21720 | BD10: 0
A11: 0 | B11: 0 | C11: 0 | D11: 0 | E11: 16 | F11: 25 | G11: 0 | H11: 0 | I11: 47 | J11: ± | K11: 5 | L11: 0 | M11: 0 | N11: 0 | O11: 0 | P11: 0 | Q11: 0 | R11: 0 | S11: 0 | U11: 0 | V11: 0 | W11: 0 | X11: 0 | Y11: 0 | Z11: WSWT1621720SMFX | AA11: 3702.05 | AB11: 3702.05 | AC11: 0 | AD11: 0 | AE11: 0 | AF11: ระบุในSD | AG11: พร้อมส่ง | AH11: 0 | AI11: 0 | AJ11: 0 | AK11: 0 | AL11: 0 | AM11: 0 | AN11: 0 | AO11: 0 | AP11: 0 | AQ11: 0 | AR11: 0 | AS11: 0 | AT11: 0 | AU11: 0 | AV11: 0 | AW11: 0 | AX11: 0 | AY11: 0 | AZ11: 0 | BA11: 0 | BB11: 0 | BC11: WRWT160720/WRWT21720 | BD11: 0
A12: ประมาณการ | B12: ประมาณการ | C12: บจก.ฟาร์เธอร์ส วิง ซัพพลาย | D12: รถไฟ | E12: 18 | F12: 30 | G12: ขาว | H12: 0 | I12: 54 | J12: ± | K12: 5 | L12: บิด | M12: 19 | N12: 33 | O12: 40 | P12: 232.02999 | Q12: 0 | R12: 232.02999 | S12: 500กระสอบ | T12: 45838 | U12: 15000 | V12: 0 | W12: 15000 | X12: 0 | Y12: 15750 | Z12: WSWT1825800 | AA12: 13201.65 | AB12: 6301 | AC12: 6900.65 | AD12: 0 | AE12: 0 | AF12: 0 | AG12: ยังไม่ได้พิมพ์ | AH12: P9 | AI12: 3 | AJ12: 45838 | AK12: 0 | AL12: 45828 | AM12: 45835 | AN12: 45836 | AO12: 45836 | AP12: 45833 | AQ12: 45837 | AR12: 0 | AS12: 0 | AT12: 0 | AU12: 0 | AV12: 0 | AW12: งานพิมพ์ | AX12: รอART | AY12: 0 | AZ12: 0 | BA12: 0 | BB12: 0 | BC12: WRWT25800/WRWT25800 | BD12: 474.76472
A13: 0 | B13: 0 | E13: 18 | F13: 30 | G13: ขาว | H13: 0 | I13: 54 | J13: ± | K13: 5 | L13: 0 | M13: 0 | N13: 0 | O13: 0 | P13: 0 | Q13: 0 | R13: 0 | S13: 0 | U13: 0 | V13: 0 | W13: 0 | X13: 0 | Y13: 0 | Z13: WSWT1825800 | AA13: 13201.65 | AB13: 6301 | AC13: 6900.65 | AD13: 0 | AE13: 0 | AF13: ระบุในSD | AG13: พร้อมส่ง | AH13: 0 | AI13: Lead time | AJ13: 0 | AK13: 0 | AL13: 0 | AM13: 0 | AN13: 0 | AO13: 0 | AP13: 0 | AQ13: 0 | AR13: 0 | AS13: 0 | AT13: 0 | AU13: 0 | AV13: 0 | AW13: 0 | AX13: 0 | AY13: 0 | AZ13: 0 | BA13: 0 | BB13: 0 | BC13: WRWT25800/WRWT25800 | BD13: 0
A14: 45805 | B14: MK68-000716 | C14: บจก.ไบโอกรีนนิค | D14: หนุมานเทอร์โบ | E14: 18 | F14: 28 | G14: ขาว | H14: ใส | I14: 69 | J14: ± | K14: 5 | L14: จับจีบ4" | M14: 19 | N14: 31 | O14: 60 | P14: 217.96756 | Q14: 0 | R14: 217.96756 | S14: 500กระสอบ | T14: 45820 | U14: 10000 | V14: 0 | W14: 10000 | X14: 0 | Y14: 10500 | Z14: WSWT1825800SM | AA14: 8242.3 | AB14: 8242.3 | AC14: 0 | AD14: 0 | AE14: 8242.3 | AF14: ขาด-เกินได้5% | AG14: พร้อมส่ง | AH14: P6 | AI14: 4 | AJ14: 45820 | AK14: 45816 | AL14: 45809 | AM14: 45817 | AN14: 45818 | AO14: 45819 | AP14: 45815 | AQ14: 0 | AR14: 0 | AS14: 0 | AT14: 0 | AU14: 0 | AV14: 0 | AW14: งานเคลือบ+พิมพ์ | AX14: รอART | AY14: 0 | AZ14: 0 | BA14: 0 | BB14: 0 | BC14: WRWT25800/WRWT25800 | BD14: 0
A15: 45797 | B15: MK68-000687 | C15: บจก.ซิเบลโก้ | D15: PORTARYTE | E15: 18 | F15: 30 | G15: ขาว | H15: ใส | I15: 74 | J15: ± | K15: 5 | L15: ไม่ | M15: ไม่สวมถุงใน | N15: 0 | O15: 0 | P15: 0 | Q15: 0 | R15: 0 | S15: 500กระสอบ | T15: 45841 | U15: 10000 | V15: 0 | W15: 10000 | X15: 0 | Y15: 10500 | Z15: WSWT1825800SM | AA15: 8801.1 | AB15: 4000 | AC15: 4801.1 | AD15: 0 | AE15: 8801.1 | AF15: ห้ามเกิน-ขาดได้5% | AG15: รอตัด | AH15: P6 | AI15: 4 | AJ15: 45841 | AK15: 45837 | AL15: 45830 | AM15: 45838 | AN15: 45839 | AO15: 45840 | AP15: 45836 | AQ15: 0 | AR15: 0 | AS15: 0 | AT15: 0 | AU15: 0 | AV15: 0 | AW15: งานเคลือบ+พิมพ์ | AX15: / | AY15: 0 | AZ15: 0 | BA15: 0 | BB15: 0 | BC15: WRWT25800/WRWT25800 | BD15: 307.2704
A16: 0 | B16: 0 | C16: 0 | E16: 18 | F16: 25 | G16: ขาว | H16: 0 | I16: 50 | J16: ± | K16: 5 | L16: 0 | M16: 0 | N16: 0 | O16: 0 | P16: 0 | Q16: 0 | R16: 0 | S16: 0 | U16: 0 | V16: 0 | W16: 0 | X16: 0 | Y16: 0 | Z16: WSWT1825800SM | AA16: 17043.4 | AB16: 12242.3 | AC16: 4801.1 | AD16: 0 | AE16: 17043.4 | AF16: ระบุในSD | AG16: รอแบบ | AH16: 0 | AI16: Lead time | AJ16: 0 | AK16: 0 | AL16: 0 | AM16: 0 | AN16: 0 | AO16: 0 | AP16: 0 | AQ16: 0 | AR16: 0 | AS16: 0 | AT16: 0 | AU16: 0 | AV16: 0 | AW16: 0 | AX16: 0 | AY16: 0 | AZ16: 0 | BA16: 0 | BB16: 0 | BC16: WRWT180800/WRWT25800 | BD16: 0
A17: 45797 | B17: MK68-000683 | C17: บจก.เพรซิเดนท์ฟลาวมิลล์ | D17: ผึ้งเหลือง | E17: 19 | F17: 30 | G17: ขาว | H17: 0 | I17: 60 | J17: ± | K17: 5 | L17: บิด | M17: ไม่สวมถุงใน | N17: 0 | O17: 0 | P17: 0 | Q17: 0 | R17: 0 | S17: 500กระสอบ | T17: 45819 | U17: 40000 | V17: 39710 | W17: 290 | X17: 43885 | Y17: 0 | Z17: WSWT1925800 | AA17: 0 | AB17: 0 | AC17: 0 | AD17: 0 | AE17: 0 | AF17: 0 | AG17: ยังไม่ได้พิมพ์ | AH17: P7 | AI17: 2 | AJ17: 45819 | AK17: 0 | AL17: 45810 | AM17: 45817 | AN17: 45818 | AO17: 45818 | AP17: 45814 | AQ17: 0 | AR17: 0 | AS17: 0 | AT17: 0 | AU17: 0 | AV17: 0 | AW17: งานพิมพ์ | AX17: / | AY17: 0 | AZ17: 0 | BA17: 0 | BB17: 0 | BC17: WRWT25800/WRWT25800 | BD17: 0
A18: 45797 | B18: MK68-000682 | C18: บจก.เพรซิเดนท์ฟลาวมิลล์ | D18: ผึ้งชมพู | E18: 19 | F18: 30 | G18: ขาว | H18: 0 | I18: 60 | J18: ± | K18: 5 | L18: บิด | M18: ไม่สวมถุงใน | N18: 0 | O18: 0 | P18: 0 | Q18: 0 | R18: 0 | S18: 500กระสอบ | T18: 45819 | U18: 30000 | V18: 15500 | W18: 14500 | X18: 30955 | Y18: 0 | Z18: WSWT1925800 | AA18: 0 | AB18: 0 | AC18: 0 | AD18: 0 | AE18: 0 | AF18: 0 | AG18: พร้อมส่ง | AH18: P7 | AI18: 2 | AJ18: 45819 | AK18: 0 | AL18: 45810 | AM18: 45817 | AN18: 45818 | AO18: 45818 | AP18: 45814 | AQ18: 0 | AR18: 0 | AS18: 0 | AT18: 0 | AU18: 0 | AV18: 0 | AW18: งานพิมพ์ | AX18: / | AY18: 0 | AZ18: 0 | BA18: 0 | BB18: 0 | BC18: WRWT25800/WRWT25800 | BD18: 0
A19: ประมาณการ | B19: ประมาณการ | C19: บจก.เอ็กเซลเล้นท์ | D19: รอแบบ | E19: 19 | F19: 30 | G19: ขาว | H19: 0 | I19: 60 | J19: ± | K19: 5 | L19: บิด | M19: ไม่สวมถุงใน | N19: 0 | O19: 0 | P19: 0 | Q19: 0 | R19: 0 | S19: 500กระสอบ | T19: 45838 | U19: 30000 | V19: 0 | W19: 30000 | X19: 0 | Y19: 31500 | Z19: WSWT1925800 | AA19: 26403.3 | AB19: 0 | AC19: 26403.3 | AD19: 0 | AE19: 0 | AF19: 0 | AG19: รอตัด | AH19: P7 | AI19: 2 | AJ19: 45838 | AK19: 0 | AL19: 45829 | AM19: 45836 | AN19: 45837 | AO19: 45837 | AP19: 45833 | AQ19: 0 | AR19: 0 | AS19: 0 | AT19: 0 | AU19: 0 | AV19: 0 | AW19: งานพิมพ์ | AX19: รอART | AY19: 0 | AZ19: 0 | BA19: 0 | BB19: 0 | BC19: WRWT25800/WRWT25800 | BD19: 1917.4663
A20: ประมาณการ | B20: ประมาณการ | C20: บจก.ไลม์มาสเตอร์ | D20: LMC 25 kg | E20: 19 | F20: 32 | G20: ขาว | H20: 0 | I20: 64 | J20: ± | K20: 5 | L20: ไม่ | M20: 20 | N20: 35 | O20: 40 | P20: 172.69643 | Q20: 0 | R20: 172.69643 | S20: 500กระสอบแบน | T20: 45838 | U20: 10000 | V20: 0 | W20: 10000 | X20: 0 | Y20: 10500 | Z20: WSWT1925800 | AA20: 9359.9 | AB20: 0 | AC20: 9359.9 | AD20: 0 | AE20: 0 | AF20: 0 | AG20: รอตัด | AH20: P9 | AI20: 3 | AJ20: 45838 | AK20: 0 | AL20: 45828 | AM20: 45835 | AN20: 45836 | AO20: 45836 | AP20: 45833 | AQ20: 45837 | AR20: 0 | AS20: 0 | AT20: 0 | AU20: 0 | AV20: 0 | AW20: งานพิมพ์ | AX20: รอART | AY20: 0 | AZ20: 0 | BA20: 0 | BB20: 0 | BC20: WRWT25800/WRWT25800 | BD20: 679.73674
A21: 0 | B21: 0 | C21: 0 | D21: 0 | E21: 19 | F21: 30 | G21: ขาว | H21: 0 | I21: 60 | J21: ± | K21: 5 | L21: 0 | M21: 0 | N21: 0 | O21: 0 | P21: 0 | Q21: 0 | R21: 0 | S21: 0 | U21: 0 | V21: 0 | W21: 0 | X21: 0 | Y21: 0 | Z21: WSWT1925800 | AA21: 35763.2 | AB21: 0 | AC21: 35763.2 | AD21: 0 | AE21: 0 | AF21: ระบุในSD | AG21: รอตัด | AH21: 0 | AI21: Lead time | AJ21: 0 | AK21: 0 | AL21: 0 | AM21: 0 | AN21: 0 | AO21: 0 | AP21: 0 | AQ21: 0 | AR21: 0 | AS21: 0 | AT21: 0 | AU21: 0 | AV21: 0 | AW21: 0 | AX21: 0 | AY21: 0 | AZ21: 0 | BA21: 0 | BB21: 0 | BC21: WRWT25800/WRWT25800 | BD21: 0
A22: 45808 | B22: MK68-000726 | C22: บจก.เคอรี่ฟลาวมิลล์ | D22: กุ้งแดง | E22: 19 | F22: 30 | G22: ขาว | H22: 0 | I22: 63 | J22: + | K22: 5 | L22: บิด | M22: ไม่สวมถุงใน | N22: 0 | O22: 0 | P22: 0 | Q22: 0 | R22: 0 | S22: ห่ออัดเบลแบน500 | T22: 45820 | U22: 5000 | V22: 0 | W22: 5000 | X22: 5250 | Y22: 0 | Z22: WSWT1921720 | AA22: 0 | AB22: 0 | AC22: 0 | AD22: 0 | AE22: 0 | AF22: 0 | AG22: รอตัด | AH22: P7 | AI22: 2 | AJ22: 45820 | AK22: 0 | AL22: 45811 | AM22: 45818 | AN22: 45819 | AO22: 45819 | AP22: 45815 | AQ22: 0 | AR22: 0 | AS22: 0 | AT22: 0 | AU22: 0 | AV22: 0 | AW22: งานพิมพ์ | AX22: 0 | AY22: 0 | AZ22: 0 | BA22: 0 | BB22: 0 | BC22: WRWT21720/WRWT25800 | BD22: 0
A23: 45808 | B23: MK68-000726 | C23: บจก.เคอรี่ฟลาวมิลล์ | D23: กุ้งแดง | E23: 19 | F23: 30 | G23: ขาว | H23: 0 | I23: 63 | J23: + | K23: 5 | L23: บิด | M23: ไม่สวมถุงใน | N23: 0 | O23: 0 | P23: 0 | Q23: 0 | R23: 0 | S23: ห่ออัดเบลแบน500 | T23: 45825 | U23: 10000 | V23: 0 | W23: 10000 | X23: 10500 | Y23: 0 | Z23: WSWT1921720 | AA23: 0 | AB23: 0 | AC23: 0 | AD23: 0 | AE23: 0 | AF23: 0 | AG23: รอตัด | AH23: P7 | AI23: 2 | AJ23: 45825 | AK23: 0 | AL23: 45816 | AM23: 45823 | AN23: 45824 | AO23: 45824 | AP23: 45820 | AQ23: 0 | AR23: 0 | AS23: 0 | AT23: 0 | AU23: 0 | AV23: 0 | AW23: งานพิมพ์ | AX23: 0 | AY23: 0 | AZ23: 0 | BA23: 0 | BB23: 0 | BC23: WRWT21720/WRWT25800 | BD23: 0
A24: 45808 | B24: MK68-000727 | C24: บจก.เคอรี่ฟลาวมิลล์ | D24: ดอกไม้แดง | E24: 19 | F24: 32 | G24: ขาว | H24: 0 | I24: 67 | J24: + | K24: 5 | L24: บิด | M24: ไม่สวมถุงใน | N24: 0 | O24: 0 | P24: 0 | Q24: 0 | R24: 0 | S24: ห่ออัดเบลแบน501 | T24: 45825 | U24: 15000 | V24: 0 | W24: 15000 | X24: 15750 | Y24: 0 | Z24: WSWT1921720 | AA24: 0 | AB24: 0 | AC24: 0 | AD24: 0 | AE24: 0 | AF24: 0 | AG24: ยังไม่ได้พิมพ์ | AH24: P7 | AI24: 2 | AJ24: 45825 | AK24: 0 | AL24: 45816 | AM24: 45823 | AN24: 45824 | AO24: 45824 | AP24: 45820 | AQ24: 0 | AR24: 0 | AS24: 0 | AT24: 0 | AU24: 0 | AV24: 0 | AW24: งานพิมพ์ | AX24: 0 | AY24: 0 | AZ24: 0 | BA24: 0 | BB24: 0 | BC24: WRWT21720/WRWT25800 | BD24: 0
A25: 45812 | B25: MK68-000743 | C25: บจก.เคอรี่ฟลาวมิลล์ | D25: ถุงเขียว | E25: 19 | F25: 30 | G25: ขาว | H25: 0 | I25: 63 | J25: + | K25: 5 | L25: บิด | M25: ไม่สวมถุงใน | N25: 0 | O25: 0 | P25: 0 | Q25: 0 | R25: 0 | S25: ห่ออัดเบลแบน501 | T25: 45820 | U25: 10000 | V25: 0 | W25: 10000 | X25: 10200 | Y25: 0 | Z25: WSWT1921720 | AA25: 0 | AB25: 0 | AC25: 0 | AD25: 0 | AE25: 0 | AF25: PDR250181 | AG25: ยังไม่ได้พิมพ์ | AH25: P7 | AI25: 2 | AJ25: 45820 | AK25: 0 | AL25: 45811 | AM25: 45818 | AN25: 45819 | AO25: 45819 | AP25: 45815 | AQ25: 0 | AR25: 0 | AS25: 0 | AT25: 0 | AU25: 0 | AV25: 0 | AW25: งานพิมพ์ | AX25: 0 | AY25: 0 | AZ25: 0 | BA25: 0 | BB25: 0 | BC25: WRWT21720/WRWT25800 | BD25: 0
A26: 45812 | B26: MK68-000743 | C26: บจก.เคอรี่ฟลาวมิลล์ | D26: กุ้งแดง | E26: 19 | F26: 30 | G26: ขาว | H26: 0 | I26: 63 | J26: + | K26: 5 | L26: บิด | M26: ไม่สวมถุงใน | N26: 0 | O26: 0 | P26: 0 | Q26: 0 | R26: 0 | S26: ห่ออัดเบลแบน501 | T26: 45820 | U26: 10000 | V26: 0 | W26: 10000 | X26: 10400 | Y26: 0 | Z26: WSWT1921720 | AA26: 0 | AB26: 0 | AC26: 0 | AD26: 0 | AE26: 0 | AF26: PDR250181 | AG26: ยังไม่ได้พิมพ์ | AH26: P7 | AI26: 2 | AJ26: 45820 | AK26: 0 | AL26: 45811 | AM26: 45818 | AN26: 45819 | AO26: 45819 | AP26: 45815 | AQ26: 0 | AR26: 0 | AS26: 0 | AT26: 0 | AU26: 0 | AV26: 0 | AW26: งานพิมพ์ | AX26: 0 | AY26: 0 | AZ26: 0 | BA26: 0 | BB26: 0 | BC26: WRWT21720/WRWT25800 | BD26: 0
A27: 45812 | B27: MK68-000743 | C27: บจก.เคอรี่ฟลาวมิลล์ | D27: แปดแต้มแดง | E27: 19 | F27: 30 | G27: ขาว | H27: 0 | I27: 63 | J27: + | K27: 5 | L27: บิด | M27: ไม่สวมถุงใน | N27: 0 | O27: 0 | P27: 0 | Q27: 0 | R27: 0 | S27: ห่ออัดเบลแบน501 | T27: 45820 | U27: 5000 | V27: 0 | W27: 5000 | X27: 0 | Y27: 5250 | Z27: WSWT1921720 | AA27: 4400.55 | AB27: 2854 | AC27: 1546.55 | AD27: 0 | AE27: 0 | AF27: PDR250181 | AG27: ยังไม่ได้พิมพ์ | AH27: P7 | AI27: 2 | AJ27: 45820 | AK27: 0 | AL27: 45811 | AM27: 45818 | AN27: 45819 | AO27: 45819 | AP27: 45815 | AQ27: 0 | AR27: 0 | AS27: 0 | AT27: 0 | AU27: 0 | AV27: 0 | AW27: งานพิมพ์ | AX27: 0 | AY27: 0 | AZ27: 0 | BA27: 0 | BB27: 0 | BC27: WRWT21720/WRWT25800 | BD27: 116.49302
A28: 45812 | B28: MK68-000743 | C28: บจก.เคอรี่ฟลาวมิลล์ | D28: ดอกไม้เขียว | E28: 19 | F28: 30 | G28: ขาว | H28: 0 | I28: 63 | J28: + | K28: 5 | L28: บิด | M28: ไม่สวมถุงใน | N28: 0 | O28: 0 | P28: 0 | Q28: 0 | R28: 0 | S28: ห่ออัดเบลแบน501 | T28: 45822 | U28: 5000 | V28: 0 | W28: 5000 | X28: 0 | Y28: 5250 | Z28: WSWT1921720 | AA28: 4400.55 | AB28: 0 | AC28: 4400.55 | AD28: 0 | AE28: 0 | AF28: PDR250182 | AG28: ผ้าขาว | AH28: P7 | AI28: 2 | AJ28: 45822 | AK28: 0 | AL28: 45813 | AM28: 45820 | AN28: 45821 | AO28: 45821 | AP28: 45817 | AQ28: 0 | AR28: 0 | AS28: 0 | AT28: 0 | AU28: 0 | AV28: 0 | AW28: งานพิมพ์ | AX28: 0 | AY28: 0 | AZ28: 0 | BA28: 0 | BB28: 0 | BC28: WRWT21720/WRWT25800 | BD28: 331.46898
A29: 45812 | B29: MK68-000743 | C29: บจก.เคอรี่ฟลาวมิลล์ | D29: บลูทีมเหลือง | E29: 19 | F29: 30 | G29: ขาว | H29: 0 | I29: 63 | J29: + | K29: 5 | L29: บิด | M29: ไม่สวมถุงใน | N29: 0 | O29: 0 | P29: 0 | Q29: 0 | R29: 0 | S29: ห่ออัดเบลแบน501 | T29: 45822 | U29: 5000 | V29: 0 | W29: 5000 | X29: 0 | Y29: 5250 | Z29: WSWT1921720 | AA29: 4400.55 | AB29: 0 | AC29: 4400.55 | AD29: 0 | AE29: 0 | AF29: PDR250182 | AG29: ยังไม่ได้พิมพ์ | AH29: P7 | AI29: 2 | AJ29: 45822 | AK29: 0 | AL29: 45813 | AM29: 45820 | AN29: 45821 | AO29: 45821 | AP29: 45817 | AQ29: 0 | AR29: 0 | AS29: 0 | AT29: 0 | AU29: 0 | AV29: 0 | AW29: งานพิมพ์ | AX29: 0 | AY29: 0 | AZ29: 0 | BA29: 0 | BB29: 0 | BC29: WRWT21720/WRWT25800 | BD29: 331.46898
A30: 45812 | B30: MK68-000743 | C30: บจก.เคอรี่ฟลาวมิลล์ | D30: KFM | E30: 19 | F30: 30 | G30: ขาว | H30: 0 | I30: 63 | J30: + | K30: 5 | L30: บิด | M30: ไม่สวมถุงใน | N30: 0 | O30: 0 | P30: 0 | Q30: 0 | R30: 0 | S30: ห่ออัดเบลแบน501 | T30: 45822 | U30: 5000 | V30: 0 | W30: 5000 | X30: 0 | Y30: 5250 | Z30: WSWT1921720 | AA30: 4400.55 | AB30: 0 | AC30: 4400.55 | AD30: 0 | AE30: 0 | AF30: PDR250182 | AG30: รอตัด | AH30: P7 | AI30: 2 | AJ30: 45822 | AK30: 0 | AL30: 45813 | AM30: 45820 | AN30: 45821 | AO30: 45821 | AP30: 45817 | AQ30: 0 | AR30: 0 | AS30: 0 | AT30: 0 | AU30: 0 | AV30: 0 | AW30: งานพิมพ์ | AX30: 0 | AY30: 0 | AZ30: 0 | BA30: 0 | BB30: 0 | BC30: WRWT21720/WRWT25800 | BD30: 331.46898
A31: 45812 | B31: MK68-000744 | C31: บจก.เคอรี่ฟลาวมิลล์ | D31: ไม่พิมพ์ | E31: 19 | F31: 36 | G31: ขาว | H31: 0 | I31: 75 | J31: + | K31: 5 | L31: ไม่ | M31: ไม่สวมถุงใน | N31: 0 | O31: 0 | P31: 0 | Q31: 0 | R31: 0 | S31: ห่ออัดเบลแบน501 | T31: 45822 | U31: 10000 | V31: 0 | W31: 10000 | X31: 0 | Y31: 0 | Z31: WSWT1921720 | AA31: 10477.5 | AB31: 0 | AC31: 10477.5 | AD31: 0 | AE31: 0 | AF31: PDR250182 | AG31: ผ้าขาว | AH31: P3 | AI31: 2 | AJ31: 45822 | AK31: 0 | AL31: 0 | AM31: 0 | AN31: 0 | AO31: 45820 | AP31: 45817 | AQ31: 0 | AR31: 0 | AS31: 0 | AT31: 0 | AU31: 0 | AV31: 0 | AW31: ตัด | AX31: 0 | AY31: 0 | AZ31: 0 | BA31: 0 | BB31: 0 | BC31: WRWT21720/WRWT25800 | BD31: 789.21187
A32: 45812 | B32: MK68-000743 | C32: บจก.เคอรี่ฟลาวมิลล์ | D32: ปาท่องโก๋ | E32: 19 | F32: 30 | G32: ขาว | H32: 0 | I32: 63 | J32: + | K32: 5 | L32: ไม่ | M32: ไม่สวมถุงใน | N32: 0 | O32: 0 | P32: 0 | Q32: 0 | R32: 0 | S32: ห่ออัดเบลแบน501 | T32: 45825 | U32: 3000 | V32: 0 | W32: 3000 | X32: 0 | Y32: 3150 | Z32: WSWT1921720 | AA32: 2640.33 | AB32: 0 | AC32: 2640.33 | AD32: 0 | AE32: 0 | AF32: PDR250183 | AG32: ยังไม่ได้พิมพ์ | AH32: P7 | AI32: 2 | AJ32: 45825 | AK32: 0 | AL32: 45816 | AM32: 45823 | AN32: 45824 | AO32: 45824 | AP32: 45820 | AQ32: 0 | AR32: 0 | AS32: 0 | AT32: 0 | AU32: 0 | AV32: 0 | AW32: งานพิมพ์ | AX32: 0 | AY32: 0 | AZ32: 0 | BA32: 0 | BB32: 0 | BC32: WRWT21720/WRWT25800 | BD32: 198.88139
A33: 45812 | B33: MK68-000743 | C33: บจก.เคอรี่ฟลาวมิลล์ | D33: กุ้งแดง | E33: 19 | F33: 30 | G33: ขาว | H33: 0 | I33: 63 | J33: + | K33: 5 | L33: บิด | M33: ไม่สวมถุงใน | N33: 0 | O33: 0 | P33: 0 | Q33: 0 | R33: 0 | S33: ห่ออัดเบลแบน501 | T33: 45825 | U33: 10000 | V33: 0 | W33: 10000 | X33: 10400 | Y33: 0 | Z33: WSWT1921720 | AA33: 0 | AB33: 0 | AC33: 0 | AD33: 0 | AE33: 0 | AF33: PDR250183 | AG33: ยังไม่ได้พิมพ์ | AH33: P7 | AI33: 2 | AJ33: 45825 | AK33: 0 | AL33: 45816 | AM33: 45823 | AN33: 45824 | AO33: 45824 | AP33: 45820 | AQ33: 0 | AR33: 0 | AS33: 0 | AT33: 0 | AU33: 0 | AV33: 0 | AW33: งานพิมพ์ | AX33: 0 | AY33: 0 | AZ33: 0 | BA33: 0 | BB33: 0 | BC33: WRWT21720/WRWT25800 | BD33: 0
A34: 45812 | B34: MK68-000745 | C34: บจก.เคอรี่ฟลาวมิลล์ | D34: ไม่พิมพ์ | E34: 19 | F34: 36 | G34: ขาว | H34: 0 | I34: 75 | J34: + | K34: 5 | L34: ไม่ | M34: ไม่สวมถุงใน | N34: 0 | O34: 0 | P34: 0 | Q34: 0 | R34: 0 | S34: ห่ออัดเบลแบน501 | T34: 45825 | U34: 10000 | V34: 0 | W34: 10000 | X34: 0 | Y34: 0 | Z34: WSWT1921720 | AA34: 10477.5 | AB34: 0 | AC34: 10477.5 | AD34: 0 | AE34: 0 | AF34: PDR250183 | AG34: ยังไม่ได้พิมพ์ | AH34: P3 | AI34: 2 | AJ34: 45825 | AK34: 0 | AL34: 0 | AM34: 0 | AN34: 0 | AO34: 45823 | AP34: 45820 | AQ34: 0 | AR34: 0 | AS34: 0 | AT34: 0 | AU34: 0 | AV34: 0 | AW34: ตัด | AX34: 0 | AY34: 0 | AZ34: 0 | BA34: 0 | BB34: 0 | BC34: WRWT21720/WRWT25800 | BD34: 789.21187
A35: 45812 | B35: MK68-000743 | C35: บจก.เคอรี่ฟลาวมิลล์ | D35: เคเอ็ม | E35: 19 | F35: 30 | G35: ขาว | H35: 0 | I35: 63 | J35: + | K35: 5 | L35: บิด | M35: ไม่สวมถุงใน | N35: 0 | O35: 0 | P35: 0 | Q35: 0 | R35: 0 | S35: ห่ออัดเบลแบน501 | T35: 45827 | U35: 5000 | V35: 0 | W35: 5000 | X35: 0 | Y35: 5250 | Z35: WSWT1921720 | AA35: 4400.55 | AB35: 0 | AC35: 4400.55 | AD35: 0 | AE35: 0 | AF35: PDR250184 | AG35: ยังไม่ได้พิมพ์ | AH35: P7 | AI35: 2 | AJ35: 45827 | AK35: 0 | AL35: 45818 | AM35: 45825 | AN35: 45826 | AO35: 45826 | AP35: 45822 | AQ35: 0 | AR35: 0 | AS35: 0 | AT35: 0 | AU35: 0 | AV35: 0 | AW35: งานพิมพ์ | AX35: 0 | AY35: 0 | AZ35: 0 | BA35: 0 | BB35: 0 | BC35: WRWT21720/WRWT25800 | BD35: 331.46898
A36: 45812 | B36: MK68-000743 | C36: บจก.เคอรี่ฟลาวมิลล์ | D36: แต้มแดง | E36: 19 | F36: 30 | G36: ขาว | H36: 0 | I36: 63 | J36: + | K36: 5 | L36: บิด | M36: ไม่สวมถุงใน | N36: 0 | O36: 0 | P36: 0 | Q36: 0 | R36: 0 | S36: ห่ออัดเบลแบน501 | T36: 45827 | U36: 5000 | V36: 0 | W36: 5000 | X36: 0 | Y36: 5250 | Z36: WSWT1921720 | AA36: 4400.55 | AB36: 0 | AC36: 4400.55 | AD36: 0 | AE36: 0 | AF36: PDR250184 | AG36: ยังไม่ได้พิมพ์ | AH36: P7 | AI36: 2 | AJ36: 45827 | AK36: 0 | AL36: 45818 | AM36: 45825 | AN36: 45826 | AO36: 45826 | AP36: 45822 | AQ36: 0 | AR36: 0 | AS36: 0 | AT36: 0 | AU36: 0 | AV36: 0 | AW36: งานพิมพ์ | AX36: 0 | AY36: 0 | AZ36: 0 | BA36: 0 | BB36: 0 | BC36: WRWT21720/WRWT25800 | BD36: 331.46898
... A48: 45812 | B48: MK68-000743 | C48: บจก.เคอรี่ฟลาวมิลล์ | D48: ถุงเขียว | E48: 19 | F48: 30 | G48: ขาว | H48: 0 | I48: 63 | J48: + | K48: 5 | L48: บิด | M48: ไม่สวมถุงใน | N48: 0 | O48: 0 | P48: 0 | Q48: 0 | R48: 0 | S48: ห่ออัดเบลแบน501 | T48: 45829 | U48: 10000 | V48: 0 | W48: 10000 | X48: 10600 | Y48: 0 | Z48: WSWT1921720 | AA48: 0 | AB48: 0 | AC48: 0 | AD48: 0 | AE48: 0 | AF48: PDR250187 | AG48: พร้อมส่ง | AH48: P7 | AI48: 2 | AJ48: 45829 | AK48: 0 | AL48: 45820 | AM48: 45827 | AN48: 45828 | AO48: 45828 | AP48: 45824 | AQ48: 0 | AR48: 0 | AS48: 0 | AT48: 0 | AU48: 0 | AV48: 0 | AW48: งานพิมพ์ | AX48: 0 | AY48: 0 | AZ48: 0 | BA48: 0 | BB48: 0 | BC48: WRWT21720/WRWT25800 | BD48: 0
A49: ประมาณการ | B49: ประมาณการ | C49: บจก.เคอรี่ฟลาวมิลล์ | D49: รอแบบ | E49: 19 | F49: 30 | G49: ขาว | H49: 0 | I49: 63 | J49: + | K49: 5 | L49: บิด | M49: ไม่สวมถุงใน | N49: 0 | O49: 0 | P49: 0 | Q49: 0 | R49: 0 | S49: ห่ออัดเบลแบน500 | T49: 45838 | U49: 275000 | V49: 0 | W49: 275000 | X49: 0 | Y49: 288750 | Z49: WSWT1921720 | AA49: 242030.25 | AB49: 0 | AC49: 242030.25 | AD49: 0 | AE49: 0 | AF49: 0 | AG49: พร้อมส่ง | AH49: P7 | AI49: 2 | AJ49: 45838 | AK49: 0 | AL49: 45829 | AM49: 45836 | AN49: 45837 | AO49: 45837 | AP49: 45833 | AQ49: 0 | AR49: 0 | AS49: 0 | AT49: 0 | AU49: 0 | AV49: 0 | AW49: งานพิมพ์ | AX49: / | AY49: 0 | AZ49: 0 | BA49: 0 | BB49: 0 | BC49: WRWT21720/WRWT25800 | BD49: 18230.794
A50: 0 | B50: 0 | C50: 0 | D50: 0 | E50: 19 | F50: 30 | G50: 0 | H50: 0 | I50: 63 | J50: + | K50: 5 | L50: 0 | M50: 0 | N50: 0 | O50: 0 | P50: 0 | Q50: 0 | R50: 0 | S50: 0 | U50: 0 | V50: 0 | W50: 0 | X50: 0 | Y50: 0 | Z50: WSWT1921720 | AA50: 350633.03 | AB50: 2854 | AC50: 347779.03 | AD50: 0 | AE50: 0 | AF50: ระบุในSD | AG50: พร้อมส่ง | AH50: 0 | AI50: Lead time | AJ50: 0 | AK50: 0 | AL50: 0 | AM50: 0 | AN50: 0 | AO50: 0 | AP50: 0 | AQ50: 0 | AR50: 0 | AS50: 0 | AT50: 0 | AU50: 0 | AV50: 0 | AW50: 0 | AX50: 0 | AY50: 0 | AZ50: 0 | BA50: 0 | BB50: 0 | BC50: WRWT190720/WRWT25800 | BD50: 0
A51: 45796 | B51: MK68-000680 | C51: บจก.อินเทคค์ โกลบอล | D51: เพอเฟคค์103P โกลด์ | E51: 19 | F51: 34 | G51: ขาว | H51: ด้าน | I51: 100 | J51: ± | K51: 5 | L51: จับจีบ4" | M51: ไม่สวมถุงใน | N51: 0 | O51: 0 | P51: 0 | Q51: 0 | R51: 0 | S51: มัด80 ใช้สายรัด | T51: รอแจ้ง | U51: 503 | V51: 0 | W51: 503 | X51: 5250 | Y51: 0 | Z51: WSWT19251000SM | AA51: 0 | AB51: 0 | AC51: 0 | AD51: 0 | AE51: 0 | AF51: 0 | AG51: พร้อมส่ง | AH51: P6 | AI51: 4 | AJ51: รอแจ้ง | AK51: #VALUE! | AL51: #VALUE! | AM51: #VALUE! | AN51: #VALUE! | AO51: #VALUE! | AP51: #VALUE! | AQ51: 0 | AR51: 0 | AS51: 0 | AT51: 0 | AU51: 0 | AV51: 0 | AW51: งานเคลือบ+พิมพ์ | AX51: / | AY51: 0 | AZ51: 0 | BA51: 0 | BB51: 0 | BC51: WRWT251000/WRWT251000 | BD51: 0
A52: 0 | B52: 0 | C52: 0 | D52: 0 | E52: 19 | F52: 34 | G52: ขาว | H52: 0 | I52: 80 | J52: ± | K52: 5 | L52: 0 | M52: 0 | N52: 0 | O52: 0 | P52: 0 | Q52: 0 | R52: 0 | S52: 0 | U52: 0 | V52: 0 | W52: 0 | X52: 0 | Y52: 0 | Z52: WSWT19251000SM | AA52: 0 | AB52: 0 | AC52: 0 | AD52: 0 | AE52: 0 | AF52: ระบุในSD | AG52: พร้อมส่ง | AH52: 0 | AI52: Lead time | AJ52: 0 | AK52: 0 | AL52: 0 | AM52: 0 | AN52: 0 | AO52: 0 | AP52: 0 | AQ52: 0 | AR52: 0 | AS52: 0 | AT52: 0 | AU52: 0 | AV52: 0 | AW52: 0 | AX52: 0 | AY52: 0 | AZ52: 0 | BA52: 0 | BB52: 0 | BC52: WRWT251000/WRYL251000 | BD52: 0
A53: 0 | B53: ใบรับคำสั่งซื้อ | C53: บจก.เอเชียเหมืองแร่ | D53: ลูกโลก AMPC | E53: 20 | F53: 32 | G53: ขาว | H53: 0 | I53: 60 | J53: ± | K53: 5 | L53: ไม่ | M53: ไม่สวมถุงใน | N53: 0 | O53: 0 | P53: 0 | Q53: 0 | R53: 0 | S53: 500กระสอบ | T53: 45829 | U53: 20000 | V53: 0 | W53: 20000 | X53: 0 | Y53: 21000 | Z53: WSWT2025650 | AA53: 18719.8 | AB53: 7658 | AC53: 11061.8 | AD53: 0 | AE53: 0 | AF53: 0 | AG53: รอตัด | AH53: P7 | AI53: 2 | AJ53: 45829 | AK53: 0 | AL53: 45820 | AM53: 45827 | AN53: 45828 | AO53: 45828 | AP53: 45824 | AQ53: 0 | AR53: 0 | AS53: 0 | AT53: 0 | AU53: 0 | AV53: 0 | AW53: งานพิมพ์ | AX53: 0 | AY53: 0 | AZ53: 0 | BA53: 0 | BB53: 0 | BC53: WRWT25650/WRWT25650 | BD53: 679.07161
A54: 0 | B54: 0 | C54: 0 | D54: 0 | E54: 20 | F54: 37 | G54: ขาว | H54: 0 | I54: 65 | J54: ± | K54: 5 | L54: 0 | M54: 0 | N54: 0 | O54: 0 | P54: 0 | Q54: 0 | R54: 0 | S54: 0 | U54: 0 | V54: 0 | W54: 0 | X54: 0 | Y54: 0 | Z54: WSWT2025650 | AA54: 18719.8 | AB54: 7658 | AC54: 11061.8 | AD54: 0 | AE54: 0 | AF54: ระบุในSD | AG54: รอตัด | AH54: 0 | AI54: Lead time | AJ54: 0 | AK54: 0 | AL54: 0 | AM54: 0 | AN54: 0 | AO54: 0 | AP54: 0 | AQ54: 0 | AR54: 0 | AS54: 0 | AT54: 0 | AU54: 0 | AV54: 0 | AW54: 0 | AX54: 0 | AY54: 0 | AZ54: 0 | BA54: 0 | BB54: 0 | BC54: WRWT25650/WRWT25650 | BD54: 0
A55: 45796 | B55: MK68-000671 | C55: บจก.อินเทคค์ โกลบอล | D55: เฟิร์สช้อย 911 | E55: 20 | F55: 36 | G55: ขาว | H55: ด้าน | I55: 100 | J55: ± | K55: 5 | L55: จับจีบ | M55: ไม่สวมถุงใน | N55: 0 | O55: 0 | P55: 0 | Q55: 0 | R55: 0 | S55: มัด80 ใช้สายรัด | T55: 45821 | U55: 3280 | V55: 2447 | W55: 833 | X55: 5975 | Y55: 0 | Z55: WSWT2025800SM | AA55: 0 | AB55: 0 | AC55: 0 | AD55: 0 | AE55: 0 | AF55: 0 | AG55: รอตัด | AH55: P6 | AI55: 4 | AJ55: 45821 | AK55: 45817 | AL55: 45810 | AM55: 45818 | AN55: 45819 | AO55: 45820 | AP55: 45816 | AQ55: 0 | AR55: 0 | AS55: 0 | AT55: 0 | AU55: 0 | AV55: 0 | AW55: งานเคลือบ+พิมพ์ | AX55: / | AY55: 0 | AZ55: 0 | BA55: 0 | BB55: 0 | BC55: WRWT25850/WRWT25850 | BD55: 0
A56: 45796 | B56: MK68-000672 | C56: บจก.อินเทคค์ โกลบอล | D56: เฟิร์สช้อย 912 | E56: 20 | F56: 36 | G56: ขาว | H56: ด้าน | I56: 100 | J56: ± | K56: 5 | L56: จับจีบ | M56: ไม่สวมถุงใน | N56: 0 | O56: 0 | P56: 0 | Q56: 0 | R56: 0 | S56: มัด80 ใช้สายรัด | T56: 45821 | U56: 3853 | V56: 840 | W56: 3013 | X56: 15401 | Y56: 0 | Z56: WSWT2025800SM | AA56: 0 | AB56: 0 | AC56: 0 | AD56: 0 | AE56: 0 | AF56: 0 | AG56: รอตัด | AH56: P6 | AI56: 4 | AJ56: 45821 | AK56: 45817 | AL56: 45810 | AM56: 45818 | AN56: 45819 | AO56: 45820 | AP56: 45816 | AQ56: 0 | AR56: 0 | AS56: 0 | AT56: 0 | AU56: 0 | AV56: 0 | AW56: งานเคลือบ+พิมพ์ | AX56: / | AY56: 0 | AZ56: 0 | BA56: 0 | BB56: 0 | BC56: WRWT25850/WRWT25850 | BD56: 0
A57: 45796 | B57: MK68-000672 | C57: บจก.อินเทคค์ โกลบอล | D57: เฟิร์สช้อย 913 | E57: 20 | F57: 36 | G57: ขาว | H57: ด้าน | I57: 100 | J57: ± | K57: 5 | L57: จับจีบ | M57: ไม่สวมถุงใน | N57: 0 | O57: 0 | P57: 0 | Q57: 0 | R57: 0 | S57: มัด80 ใช้สายรัด | T57: 45821 | U57: 4349 | V57: 0 | W57: 4349 | X57: 0 | Y57: 4566.45 | Z57: WSWT2025800SM | AA57: 4556.6647 | AB57: 4556.6647 | AC57: 0 | AD57: 0 | AE57: 4556.6647 | AF57: 0 | AG57: พร้อมส่ง | AH57: P6 | AI57: 4 | AJ57: 45821 | AK57: 45817 | AL57: 45810 | AM57: 45818 | AN57: 45819 | AO57: 45820 | AP57: 45816 | AQ57: 0 | AR57: 0 | AS57: 0 | AT57: 0 | AU57: 0 | AV57: 0 | AW57: งานเคลือบ+พิมพ์ | AX57: / | AY57: 0 | AZ57: 0 | BA57: 0 | BB57: 0 | BC57: WRWT25850/WRWT25850 | BD57: 0
A58: 45796 | B58: MK68-000675 | C58: บจก.อินเทคค์ โกลบอล | D58: เพอเฟคค์ 914 | E58: 20 | F58: 36 | G58: ขาว | H58: ด้าน | I58: 100 | J58: ± | K58: 5 | L58: จับจีบ | M58: ไม่สวมถุงใน | N58: 0 | O58: 0 | P58: 0 | Q58: 0 | R58: 0 | S58: มัด80 ใช้สายรัด | T58: 45821 | U58: 17200 | V58: 0 | W58: 17200 | X58: 35200 | Y58: 0 | Z58: WSWT2025800SM | AA58: 0 | AB58: 0 | AC58: 0 | AD58: 0 | AE58: 0 | AF58: 0 | AG58: พิมพ์ไม่ครบ | AH58: P6 | AI58: 4 | AJ58: 45821 | AK58: 45817 | AL58: 45810 | AM58: 45818 | AN58: 45819 | AO58: 45820 | AP58: 45816 | AQ58: 0 | AR58: 0 | AS58: 0 | AT58: 0 | AU58: 0 | AV58: 0 | AW58: งานเคลือบ+พิมพ์ | AX58: / | AY58: 2/6---6/6 | AZ58: 0 | BA58: 0 | BB58: 0 | BC58: WRWT25850/WRWT25850 | BD58: 0
A59: 45796 | B59: MK68-000676 | C59: บจก.อินเทคค์ โกลบอล | D59: เพอเฟคค์ 916 | E59: 20 | F59: 36 | G59: ขาว | H59: ด้าน | I59: 100 | J59: ± | K59: 5 | L59: จับจีบ | M59: ไม่สวมถุงใน | N59: 0 | O59: 0 | P59: 0 | Q59: 0 | R59: 0 | S59: มัด80 ใช้สายรัด | T59: 45821 | U59: 10000 | V59: 3920 | W59: 6080 | X59: 12101 | Y59: 0 | Z59: WSWT2025800SM | AA59: 0 | AB59: 0 | AC59: 0 | AD59: 0 | AE59: 0 | AF59: 0 | AG59: ยังไม่ได้พิมพ์ | AH59: P6 | AI59: 4 | AJ59: 45821 | AK59: 45817 | AL59: 45810 | AM59: 45818 | AN59: 45819 | AO59: 45820 | AP59: 45816 | AQ59: 0 | AR59: 0 | AS59: 0 | AT59: 0 | AU59: 0 | AV59: 0 | AW59: งานเคลือบ+พิมพ์ | AX59: / | AY59: 0 | AZ59: 0 | BA59: 0 | BB59: 0 | BC59: WRWT25850/WRWT25850 | BD59: 0
A60: 45766 | B60: MK68-000555 | C60: บจก.อินเทคค์ โกลบอล | D60: เพอเฟคค์ 916 | E60: 20 | F60: 36 | G60: ขาว | H60: ด้าน | I60: 100 | J60: ± | K60: 5 | L60: จับจีบ4" | M60: ไม่สวมถุงใน | N60: 0 | O60: 0 | P60: 0 | Q60: 0 | R60: 0 | S60: มัด80 ใช้สายรัด | T60: 45821 | U60: 1120 | V60: 1120 | W60: 0 | X60: 1200 | Y60: 0 | Z60: WSWT2025800SM | AA60: 0 | AB60: 0 | AC60: 0 | AD60: 0 | AE60: 0 | AF60: ห้ามขาด-ห้ามเกิน | AG60: รอตัด | AH60: P6 | AI60: 4 | AJ60: 45821 | AK60: 45817 | AL60: 45810 | AM60: 45818 | AN60: 45819 | AO60: 45820 | AP60: 45816 | AQ60: 0 | AR60: 0 | AS60: 0 | AT60: 0 | AU60: 0 | AV60: 0 | AW60: งานเคลือบ+พิมพ์ | AX60: / | AY60: 0 | AZ60: 0 | BA60: 0 | BB60: 0 | BC60: WRWT25850/WRWT25850 | BD60: 0
A61: 45799 | B61: MK68-000694 | C61: บจก.เอ.เจ.ฟาร์ม่าแล็บ | D61: เวท-มิน | E61: 20 | F61: 34 | G61: ขาว | H61: ใส | I61: 95 | J61: ± | K61: 5 | L61: จับจีบ | M61: ไม่สวมถุงใน | N61: 0 | O61: 0 | P61: 0 | Q61: 0 | R61: 0 | S61: 500กระสอบ | T61: 45819 | U61: 12000 | V61: 0 | W61: 12000 | X61: 8045 | Y61: 4152.75 | Z61: WSWT2025800SM | AA61: 4118.9881 | AB61: 4118.9881 | AC61: 0 | AD61: 4118.9881 | AE61: 0 | AF61: ห้ามขาด-ห้ามเกิน | AG61: รอตัด | AH61: P6 | AI61: 4 | AJ61: 45819 | AK61: 45815 | AL61: 45808 | AM61: 45816 | AN61: 45817 | AO61: 45818 | AP61: 45814 | AQ61: 0 | AR61: 0 | AS61: 0 | AT61: 0 | AU61: 0 | AV61: 0 | AW61: งานเคลือบ+พิมพ์ | AX61: / | AY61: 0 | AZ61: 0 | BA61: 0 | BB61: 0 | BC61: WRWT25850/WRWT25850 | BD61: 0
A62: 45810 | B62: MK68-000740 | C62: คุณชายชล จันทร์สว่างกูล | D62: เวท-มิน | E62: 20 | F62: 34 | G62: ขาว | H62: ใส | I62: 95 | J62: ± | K62: 5 | L62: จับจีบ | M62: ไม่สวมถุงใน | N62: 0 | O62: 0 | P62: 0 | Q62: 0 | R62: 0 | S62: 500กระสอบ | T62: 45819 | U62: 1500 | V62: 0 | W62: 1500 | X62: 0 | Y62: 1575 | Z62: WSWT2025800SM | AA62: 1487.805 | AB62: 1487.805 | AC62: 0 | AD62: 1487.805 | AE62: 0 | AF62: 0 | AG62: ยังไม่ได้พิมพ์ | AH62: P6 | AI62: 4 | AJ62: 45819 | AK62: 45815 | AL62: 45808 | AM62: 45816 | AN62: 45817 | AO62: 45818 | AP62: 45814 | AQ62: 0 | AR62: 0 | AS62: 0 | AT62: 0 | AU62: 0 | AV62: 0 | AW62: งานเคลือบ+พิมพ์ | AX62: / | AY62: 0 | AZ62: 0 | BA62: 0 | BB62: 0 | BC62: WRWT25850/WRWT25850 | BD62: 0
A63: 45799 | B63: MK68-000694 | C63: บจก.เอ.เจ.ฟาร์ม่าแล็บ | D63: เบส-มิน | E63: 20 | F63: 34 | G63: ขาว | H63: ใส | I63: 95 | J63: ± | K63: 5 | L63: จับจีบ | M63: ไม่สวมถุงใน | N63: 0 | O63: 0 | P63: 0 | Q63: 0 | R63: 0 | S63: 500กระสอบ | T63: 45819 | U63: 8000 | V63: 0 | W63: 8000 | X63: 8450 | Y63: 0 | Z63: WSWT2025800SM | AA63: 0 | AB63: 0 | AC63: 0 | AD63: 0 | AE63: 0 | AF63: ห้ามขาด-ห้ามเกิน | AG63: พร้อมส่ง | AH63: P6 | AI63: 4 | AJ63: 45819 | AK63: 45815 | AL63: 45808 | AM63: 45816 | AN63: 45817 | AO63: 45818 | AP63: 45814 | AQ63: 0 | AR63: 0 | AS63: 0 | AT63: 0 | AU63: 0 | AV63: 0 | AW63: งานเคลือบ+พิมพ์ | AX63: / | AY63: 0 | AZ63: 0 | BA63: 0 | BB63: 0 | BC63: WRWT25850/WRWT25850 | BD63: 0
A64: 45810 | B64: MK68-000740 | C64: คุณชายชล จันทร์สว่างกูล | D64: เบส-มิน | E64: 20 | F64: 34 | G64: ขาว | H64: ใส | I64: 95 | J64: ± | K64: 5 | L64: จับจีบ | M64: ไม่สวมถุงใน | N64: 0 | O64: 0 | P64: 0 | Q64: 0 | R64: 0 | S64: 500กระสอบ | T64: 45819 | U64: 1000 | V64: 0 | W64: 1000 | X64: 1000 | Y64: 0 | Z64: WSWT2025800SM | AA64: 0 | AB64: 0 | AC64: 0 | AD64: 0 | AE64: 0 | AF64: 0 | AG64: พร้อมส่ง | AH64: P6 | AI64: 4 | AJ64: 45819 | AK64: 45815 | AL64: 45808 | AM64: 45816 | AN64: 45817 | AO64: 45818 | AP64: 45814 | AQ64: 0 | AR64: 0 | AS64: 0 | AT64: 0 | AU64: 0 | AV64: 0 | AW64: งานเคลือบ+พิมพ์ | AX64: / | AY64: 0 | AZ64: 0 | BA64: 0 | BB64: 0 | BC64: WRWT25850/WRWT25850 | BD64: 0
A65: 45782 | B65: MK68-000609 | C65: บจก.เอสพีเอ็ม อาหารสัตว์ | D65: SW 441 | E65: 20 | F65: 38 | G65: ขาว | H65: ใส | I65: 100 | J65: ± | K65: 5 | L65: บิด | M65: ไม่สวมถุงใน | N65: 0 | O65: 0 | P65: 0 | Q65: 0 | R65: 0 | S65: 500กระสอบแบน | T65: 45820 | U65: 5000 | V65: 0 | W65: 5000 | X65: 0 | Y65: 5250 | Z65: WSWT2025800SM | AA65: 5518.15 | AB65: 5518.15 | AC65: 0 | AD65: 5518.15 | AE65: 0 | AF65: 0 | AG65: พร้อมส่ง | AH65: P6 | AI65: 4 | AJ65: 45820 | AK65: 45816 | AL65: 45809 | AM65: 45817 | AN65: 45818 | AO65: 45819 | AP65: 45815 | AQ65: 0 | AR65: 0 | AS65: 0 | AT65: 0 | AU65: 0 | AV65: 0 | AW65: งานเคลือบ+พิมพ์ | AX65: / | AY65: 0 | AZ65: 0 | BA65: 0 | BB65: 0 | BC65: WRWT25850/WRWT25850 | BD65: 0
A66: 45756 | B66: MK68-000531 | C66: บจก.เอสพีเอ็ม อาหารสัตว์ | D66: นีโอ ดี03 | E66: 20 | F66: 37 | G66: ขาว | H66: ด้าน | I66: 97 | J66: ± | K66: 5 | L66: ไม่ | M66: ไม่สวมถุงใน | N66: 0 | O66: 0 | P66: 0 | Q66: 0 | R66: 0 | S66: 500กระสอบแบน | T66: 45820 | U66: 3000 | V66: 3148 | W66: 0 | X66: 6505 | Y66: 0 | Z66: WSWT2025800SM | AA66: 0 | AB66: 0 | AC66: 0 | AD66: 0 | AE66: 0 | AF66: 0 | AG66: ยังไม่ได้พิมพ์ | AH66: P6 | AI66: 4 | AJ66: 45820 | AK66: 45816 | AL66: 45809 | AM66: 45817 | AN66: 45818 | AO66: 45819 | AP66: 45815 | AQ66: 0 | AR66: 0 | AS66: 0 | AT66: 0 | AU66: 0 | AV66: 0 | AW66: งานเคลือบ+พิมพ์ | AX66: / | AY66: 0 | AZ66: 0 | BA66: 0 | BB66: 0 | BC66: WRWT25850/WRWT25850 | BD66: 0
A67: 45740 | B67: MK68-000440 | C67: บจก.เอสพีเอ็ม อาหารสัตว์ | D67: นีโอ 05 | E67: 20 | F67: 38 | G67: ขาว | H67: ด้าน | I67: 100 | J67: ± | K67: 5 | L67: บิด | M67: ไม่สวมถุงใน | N67: 0 | O67: 0 | P67: 0 | Q67: 0 | R67: 0 | S67: 500กระสอบแบน | T67: 45820 | U67: 2500 | V67: 2825 | W67: 0 | X67: 5688 | Y67: 0 | Z67: WSWT2025800SM | AA67: 0 | AB67: 0 | AC67: 0 | AD67: 0 | AE67: 0 | AF67: 0 | AG67: ยังไม่ได้พิมพ์ | AH67: P6 | AI67: 4 | AJ67: 45820 | AK67: 45816 | AL67: 45809 | AM67: 45817 | AN67: 45818 | AO67: 45819 | AP67: 45815 | AQ67: 0 | AR67: 0 | AS67: 0 | AT67: 0 | AU67: 0 | AV67: 0 | AW67: งานเคลือบ+พิมพ์ | AX67: / | AY67: 0 | AZ67: 0 | BA67: 0 | BB67: 0 | BC67: WRWT25850/WRWT25850 | BD67: 0
A68: 45752 | B68: MK68-000514 | C68: บจก.เอสพีเอ็ม อาหารสัตว์ | D68: SW 441 PLUS | E68: 20 | F68: 38 | G68: ขาว | H68: ใส | I68: 100 | J68: ± | K68: 5 | L68: บิด | M68: ไม่สวมถุงใน | N68: 0 | O68: 0 | P68: 0 | Q68: 0 | R68: 0 | S68: 500กระสอบแบน | T68: 45820 | U68: 5000 | V68: 5168 | W68: 0 | X68: 5400 | Y68: 0 | Z68: WSWT2025800SM | AA68: 0 | AB68: 0 | AC68: 0 | AD68: 0 | AE68: 0 | AF68: 0 | AG68: ยังไม่ได้พิมพ์ | AH68: P6 | AI68: 4 | AJ68: 45820 | AK68: 45816 | AL68: 45809 | AM68: 45817 | AN68: 45818 | AO68: 45819 | AP68: 45815 | AQ68: 0 | AR68: 0 | AS68: 0 | AT68: 0 | AU68: 0 | AV68: 0 | AW68: งานเคลือบ+พิมพ์ | AX68: / | AY68: มีลบสี | AZ68: 0 | BA68: 0 | BB68: 0 | BC68: WRWT25850/WRWT25850 | BD68: 0
A69: 45808 | B69: MK68-000722 | C69: บจก.มารีน หรีดเดอร์ | D69: Rocky quick lime | E69: 20 | F69: 30 | G69: ขาว | H69: ใส | I69: 80 | J69: ± | K69: 5 | L69: จับจีบ5" | M69: 21 | N69: 33 | O69: 40 | P69: 170.96946 | Q69: 0 | R69: 170.96946 | S69: 500กระสอบ | T69: 45821 | U69: 10000 | V69: 0 | W69: 10000 | X69: 0 | Y69: 10500 | Z69: WSWT2025800SM | AA69: 8801.1 | AB69: 8801.1 | AC69: 0 | AD69: 0 | AE69: 8801.1 | AF69: 0 | AG69: ยังไม่ได้พิมพ์ | AH69: P8 | AI69: 4 | AJ69: 45821 | AK69: 45817 | AL69: 45811 | AM69: 45818 | AN69: 45819 | AO69: 45819 | AP69: 45816 | AQ69: 45820 | AR69: 0 | AS69: 0 | AT69: 0 | AU69: 0 | AV69: 0 | AW69: งานเคลือบ+พิมพ์ | AX69: / | AY69: 0 | AZ69: 0 | BA69: 0 | BB69: 0 | BC69: WRWT25850/WRWT25850 | BD69: 0
A70: 45808 | B70: MK68-000728 | C70: บจก.อินเทคค์ โกลบอล | D70: สุบรรณ 222 | E70: 20 | F70: 36 | G70: ขาว | H70: ด้าน | I70: 100 | J70: ± | K70: 5 | L70: จับจีบ3.5" | M70: ไม่สวมถุงใน | N70: 0 | O70: 0 | P70: 0 | Q70: 0 | R70: 0 | S70: มัด80 ใช้สายรัด | T70: 45822 | U70: 5040 | V70: 0 | W70: 5040 | X70: 0 | Y70: 5292 | Z70: WSWT2025800SM | AA70: 5280.66 | AB70: 5280.66 | AC70: 0 | AD70: 0 | AE70: 5280.66 | AF70: 0 | AG70: ยังไม่ได้พิมพ์ | AH70: P6 | AI70: 4 | AJ70: 45822 | AK70: 45818 | AL70: 45811 | AM70: 45819 | AN70: 45820 | AO70: 45821 | AP70: 45817 | AQ70: 0 | AR70: 0 | AS70: 0 | AT70: 0 | AU70: 0 | AV70: 0 | AW70: งานเคลือบ+พิมพ์ | AX70: / | AY70: 0 | AZ70: 0 | BA70: 0 | BB70: 0 | BC70: WRWT25850/WRWT25850 | BD70: 0
A71: 45803 | B71: MK68-000707 | C71: บจก.เอพีเอ็ม อะโกร | D71: ยู-ฟีด รวมหมู | E71: 20 | F71: 38 | G71: ขาว | H71: ใส | I71: 100 | J71: ± | K71: 5 | L71: บิด | M71: ไม่สวมถุงใน | N71: 0 | O71: 0 | P71: 0 | Q71: 0 | R71: 0 | S71: 500กระสอบแบน | T71: 45831 | U71: 3000 | V71: 0 | W71: 3000 | X71: 0 | Y71: 3150 | Z71: WSWT2025800SM | AA71: 3310.89 | AB71: 3310.89 | AC71: 0 | AD71: 3310.89 | AE71: 0 | AF71: 0 | AG71: ยังไม่ได้พิมพ์ | AH71: P6 | AI71: 4 | AJ71: 45831 | AK71: 45827 | AL71: 45820 | AM71: 45828 | AN71: 45829 | AO71: 45830 | AP71: 45826 | AQ71: 0 | AR71: 0 | AS71: 0 | AT71: 0 | AU71: 0 | AV71: 0 | AW71: งานเคลือบ+พิมพ์ | AX71: / | AY71: 0 | AZ71: 0 | BA71: 0 | BB71: 0 | BC71: WRWT25850/WRWT25850 | BD71: 0
A72: 45803 | B72: MK68-000706 | C72: บจก.เอพีเอ็ม อะโกร | D72: วี-ฟีด วี22 | E72: 20 | F72: 38 | G72: ขาว | H72: ใส | I72: 100 | J72: ± | K72: 5 | L72: บิด | M72: ไม่สวมถุงใน | N72: 0 | O72: 0 | P72: 0 | Q72: 0 | R72: 0 | S72: 500กระสอบแบน | T72: 45835 | U72: 3000 | V72: 0 | W72: 3000 | X72: 0 | Y72: 3150 | Z72: WSWT2025800SM | AA72: 3310.89 | AB72: 3310.89 | AC72: 0 | AD72: 0 | AE72: 3310.89 | AF72: 0 | AG72: ยังไม่ได้พิมพ์ | AH72: P6 | AI72: 4 | AJ72: 45835 | AK72: 45831 | AL72: 45824 | AM72: 45832 | AN72: 45833 | AO72: 45834 | AP72: 45830 | AQ72: 0 | AR72: 0 | AS72: 0 | AT72: 0 | AU72: 0 | AV72: 0 | AW72: งานเคลือบ+พิมพ์ | AX72: 0 | AY72: 0 | AZ72: 0 | BA72: 0 | BB72: 0 | BC72: WRWT25850/WRWT25850 | BD72: 0
A73: 45814 | B73: MK68-000755 | C73: บจก.วีซีเอฟ | D73: VC100 | E73: 20 | F73: 37 | G73: ขาว | H73: ใส | I73: 100 | J73: ± | K73: 5 | L73: บิด | M73: ไม่สวมถุงใน | N73: 0 | O73: 0 | P73: 0 | Q73: 0 | R73: 0 | S73: 500กระสอบแบน | T73: 45835 | U73: 20000 | V73: 0 | W73: 20000 | X73: 0 | Y73: 21000 | Z73: WSWT2025800SM | AA73: 21513.8 | AB73: 21513.8 | AC73: 0 | AD73: 0 | AE73: 21513.8 | AF73: 0 | AG73: ยังไม่ได้พิมพ์ | AH73: P6 | AI73: 4 | AJ73: 45835 | AK73: 45831 | AL73: 45824 | AM73: 45832 | AN73: 45833 | AO73: 45834 | AP73: 45830 | AQ73: 0 | AR73: 0 | AS73: 0 | AT73: 0 | AU73: 0 | AV73: 0 | AW73: งานเคลือบ+พิมพ์ | AX73: / | AY73: 0 | AZ73: 0 | BA73: 0 | BB73: 0 | BC73: WRWT25850/WRWT25850 | BD73: 0
A74: 45814 | B74: MK68-000755 | C74: บจก.วีซีเอฟ | D74: VC181 | E74: 20 | F74: 37 | G74: ขาว | H74: ใส | I74: 100 | J74: ± | K74: 5 | L74: บิด | M74: ไม่สวมถุงใน | N74: 0 | O74: 0 | P74: 0 | Q74: 0 | R74: 0 | S74: 500กระสอบแบน | T74: 45835 | U74: 10000 | V74: 0 | W74: 10000 | X74: 0 | Y74: 10500 | Z74: WSWT2025800SM | AA74: 10756.9 | AB74: 10756.9 | AC74: 0 | AD74: 0 | AE74: 10756.9 | AF74: 0 | AG74: ยังไม่ได้พิมพ์ | AH74: P6 | AI74: 4 | AJ74: 45835 | AK74: 45831 | AL74: 45824 | AM74: 45832 | AN74: 45833 | AO74: 45834 | AP74: 45830 | AQ74: 0 | AR74: 0 | AS74: 0 | AT74: 0 | AU74: 0 | AV74: 0 | AW74: งานเคลือบ+พิมพ์ | AX74: / | AY74: 0 | AZ74: 0 | BA74: 0 | BB74: 0 | BC74: WRWT25850/WRWT25850 | BD74: 0
A75: 45814 | B75: MK68-000755 | C75: บจก.วีซีเอฟ | D75: VC193 | E75: 20 | F75: 37 | G75: ขาว | H75: ใส | I75: 100 | J75: ± | K75: 5 | L75: บิด | M75: ไม่สวมถุงใน | N75: 0 | O75: 0 | P75: 0 | Q75: 0 | R75: 0 | S75: 500กระสอบแบน | T75: 45835 | U75: 10000 | V75: 0 | W75: 10000 | X75: 0 | Y75: 10500 | Z75: WSWT2025800SM | AA75: 10756.9 | AB75: 0 | AC75: 10756.9 | AD75: 0 | AE75: 10756.9 | AF75: 0 | AG75: รอแบบ | AH75: P6 | AI75: 4 | AJ75: 45835 | AK75: 45831 | AL75: 45824 | AM75: 45832 | AN75: 45833 | AO75: 45834 | AP75: 45830 | AQ75: 0 | AR75: 0 | AS75: 0 | AT75: 0 | AU75: 0 | AV75: 0 | AW75: งานเคลือบ+พิมพ์ | AX75: / | AY75: 0 | AZ75: 0 | BA75: 0 | BB75: 0 | BC75: WRWT25850/WRWT25850 | BD75: 812.74356
A76: 45814 | B76: MK68-000756 | C76: บจก.วีซีเอฟ | D76: SPEED PLUS 003เขมร | E76: 20 | F76: 37 | G76: ขาว | H76: ใส | I76: 100 | J76: ± | K76: 5 | L76: ไม่ | M76: ไม่สวมถุงใน | N76: 0 | O76: 0 | P76: 0 | Q76: 0 | R76: 0 | S76: 500กระสอบแบน | T76: 45835 | U76: 5000 | V76: 0 | W76: 5000 | X76: 0 | Y76: 5250 | Z76: WSWT2025800SM | AA76: 5378.45 | AB76: 0 | AC76: 5378.45 | AD76: 0 | AE76: 5378.45 | AF76: 0 | AG76: พร้อมส่ง | AH76: P6 | AI76: 4 | AJ76: 45835 | AK76: 45831 | AL76: 45824 | AM76: 45832 | AN76: 45833 | AO76: 45834 | AP76: 45830 | AQ76: 0 | AR76: 0 | AS76: 0 | AT76: 0 | AU76: 0 | AV76: 0 | AW76: งานเคลือบ+พิมพ์ | AX76: / | AY76: 0 | AZ76: 0 | BA76: 0 | BB76: 0 | BC76: WRWT25850/WRWT25850 | BD76: 406.37178
A77: 45814 | B77: MK68-000756 | C77: บจก.วีซีเอฟ | D77: SPEED PLUS 222ลาว | E77: 20 | F77: 37 | G77: ขาว | H77: ใส | I77: 100 | J77: ± | K77: 5 | L77: ไม่ | M77: ไม่สวมถุงใน | N77: 0 | O77: 0 | P77: 0 | Q77: 0 | R77: 0 | S77: 500กระสอบแบน | T77: 45835 | U77: 10000 | V77: 0 | W77: 10000 | X77: 0 | Y77: 10500 | Z77: WSWT2025800SM | AA77: 10756.9 | AB77: 0 | AC77: 10756.9 | AD77: 0 | AE77: 10756.9 | AF77: 0 | AG77: พร้อมส่ง | AH77: P6 | AI77: 4 | AJ77: 45835 | AK77: 45831 | AL77: 45824 | AM77: 45832 | AN77: 45833 | AO77: 45834 | AP77: 45830 | AQ77: 0 | AR77: 0 | AS77: 0 | AT77: 0 | AU77: 0 | AV77: 0 | AW77: งานเคลือบ+พิมพ์ | AX77: / | AY77: 0 | AZ77: 0 | BA77: 0 | BB77: 0 | BC77: WRWT25850/WRWT25850 | BD77: 812.74356
A78: ประมาณการ | B78: ประมาณการ | C78: บจก.อินเทคค์ โกลบอล | D78: รอแบบ | E78: 20 | F78: 36 | G78: ขาว | H78: ด้าน | I78: 100 | J78: ± | K78: 5 | L78: จับจีบ | M78: ไม่สวมถุงใน | N78: 0 | O78: 0 | P78: 0 | Q78: 0 | R78: 0 | S78: มัด80 ใช้สายรัด | T78: 45838 | U78: 100000 | V78: 0 | W78: 100000 | X78: 0 | Y78: 105000 | Z78: WSWT2025800SM | AA78: 104775 | AB78: 0 | AC78: 104775 | AD78: 0 | AE78: 104775 | AF78: 0 | AG78: พร้อมส่ง | AH78: P6 | AI78: 4 | AJ78: 45838 | AK78: 45834 | AL78: 45827 | AM78: 45835 | AN78: 45836 | AO78: 45837 | AP78: 45833 | AQ78: 0 | AR78: 0 | AS78: 0 | AT78: 0 | AU78: 0 | AV78: 0 | AW78: งานเคลือบ+พิมพ์ | AX78: รอART | AY78: 0 | AZ78: 0 | BA78: 0 | BB78: 0 | BC78: WRWT25850/WRWT25850 | BD78: 7916.3333
A79: 45796 | B79: MK68-000671 | C79: บจก.อินเทคค์ โกลบอล | D79: เฟิร์สช้อย 902 | E79: 20 | F79: 36 | G79: ขาว | H79: ด้าน | I79: 100 | J79: ± | K79: 5 | L79: จับจีบ | M79: ไม่สวมถุงใน | N79: 0 | O79: 0 | P79: 0 | Q79: 0 | R79: 0 | S79: มัด80 ใช้สายรัด | T79: รอแจ้ง | U79: 366 | V79: 0 | W79: 366 | X79: 5113 | Y79: 0 | Z79: WSWT2025800SM | AA79: 0 | AB79: 0 | AC79: 0 | AD79: 0 | AE79: 0 | AF79: 0 | AG79: รอตัด | AH79: P6 | AI79: 4 | AJ79: รอแจ้ง | AK79: #VALUE! | AL79: #VALUE! | AM79: #VALUE! | AN79: #VALUE! | AO79: #VALUE! | AP79: #VALUE! | AQ79: 0 | AR79: 0 | AS79: 0 | AT79: 0 | AU79: 0 | AV79: 0 | AW79: งานเคลือบ+พิมพ์ | AX79: / | AY79: 0 | AZ79: 0 | BA79: 0 | BB79: 0 | BC79: WRWT25850/WRWT25850 | BD79: 0
A80: 45796 | B80: MK68-000673 | C80: บจก.อินเทคค์ โกลบอล | D80: เพอเฟคค์ 000 | E80: 20 | F80: 36 | G80: ขาว | H80: ด้าน | I80: 100 | J80: ± | K80: 5 | L80: จับจีบ | M80: ไม่สวมถุงใน | N80: 0 | O80: 0 | P80: 0 | Q80: 0 | R80: 0 | S80: มัด80 ใช้สายรัด | T80: รอแจ้ง | U80: 179 | V80: 0 | W80: 179 | X80: 11000 | Y80: 0 | Z80: WSWT2025800SM | AA80: 0 | AB80: 0 | AC80: 0 | AD80: 0 | AE80: 0 | AF80: 0 | AG80: ยังไม่ได้พิมพ์ | AH80: P6 | AI80: 4 | AJ80: รอแจ้ง | AK80: #VALUE! | AL80: #VALUE! | AM80: #VALUE! | AN80: #VALUE! | AO80: #VALUE! | AP80: #VALUE! | AQ80: 0 | AR80: 0 | AS80: 0 | AT80: 0 | AU80: 0 | AV80: 0 | AW80: งานเคลือบ+พิมพ์ | AX80: / | AY80: 0 | AZ80: 0 | BA80: 0 | BB80: 0 | BC80: WRWT25850/WRWT25850 | BD80: 0
A81: 45796 | B81: MK68-000673 | C81: บจก.อินเทคค์ โกลบอล | D81: เพอเฟคค์ 902 | E81: 20 | F81: 36 | G81: ขาว | H81: ด้าน | I81: 100 | J81: ± | K81: 5 | L81: จับจีบ | M81: ไม่สวมถุงใน | N81: 0 | O81: 0 | P81: 0 | Q81: 0 | R81: 0 | S81: มัด80 ใช้สายรัด | T81: รอแจ้ง | U81: 302 | V81: 0 | W81: 302 | X81: 5300 | Y81: 0 | Z81: WSWT2025800SM | AA81: 0 | AB81: 0 | AC81: 0 | AD81: 0 | AE81: 0 | AF81: 0 | AG81: ยังไม่ได้พิมพ์ | AH81: P6 | AI81: 4 | AJ81: รอแจ้ง | AK81: #VALUE! | AL81: #VALUE! | AM81: #VALUE! | AN81: #VALUE! | AO81: #VALUE! | AP81: #VALUE! | AQ81: 0 | AR81: 0 | AS81: 0 | AT81: 0 | AU81: 0 | AV81: 0 | AW81: งานเคลือบ+พิมพ์ | AX81: / | AY81: 0 | AZ81: 0 | BA81: 0 | BB81: 0 | BC81: WRWT25850/WRWT25850 | BD81: 0
A82: 45796 | B82: MK68-000674 | C82: บจก.อินเทคค์ โกลบอล | D82: เพอเฟคค์ 913 | E82: 20 | F82: 36 | G82: ขาว | H82: ด้าน | I82: 100 | J82: ± | K82: 5 | L82: จับจีบ | M82: ไม่สวมถุงใน | N82: 0 | O82: 0 | P82: 0 | Q82: 0 | R82: 0 | S82: มัด80 ใช้สายรัด | T82: รอแจ้ง | U82: 1200 | V82: 0 | W82: 1200 | X82: 10700 | Y82: 0 | Z82: WSWT2025800SM | AA82: 0 | AB82: 0 | AC82: 0 | AD82: 0 | AE82: 0 | AF82: 0 | AG82: ยังไม่ได้พิมพ์ | AH82: P6 | AI82: 4 | AJ82: รอแจ้ง | AK82: #VALUE! | AL82: #VALUE! | AM82: #VALUE! | AN82: #VALUE! | AO82: #VALUE! | AP82: #VALUE! | AQ82: 0 | AR82: 0 | AS82: 0 | AT82: 0 | AU82: 0 | AV82: 0 | AW82: งานเคลือบ+พิมพ์ | AX82: / | AY82: 0 | AZ82: 0 | BA82: 0 | BB82: 0 | BC82: WRWT25850/WRWT25850 | BD82: 0
A83: 45798 | B83: MK68-000693 | C83: บจก.เอพีเอ็ม อะโกร | D83: ฟีล กู๊ด พี07 | E83: 20 | F83: 38 | G83: ขาว | H83: ใส | I83: 100 | J83: ± | K83: 5 | L83: บิด | M83: ไม่สวมถุงใน | N83: 0 | O83: 0 | P83: 0 | Q83: 0 | R83: 0 | S83: 500กระสอบแบน | T83: รอแจ้ง | U83: 5000 | V83: 0 | W83: 5000 | X83: 0 | Y83: 5250 | Z83: WSWT2025800SM | AA83: 5518.15 | AB83: 0 | AC83: 5518.15 | AD83: 0 | AE83: 5518.15 | AF83: 0 | AG83: ยังไม่ได้พิมพ์ | AH83: P6 | AI83: 4 | AJ83: รอแจ้ง | AK83: #VALUE! | AL83: #VALUE! | AM83: #VALUE! | AN83: #VALUE! | AO83: #VALUE! | AP83: #VALUE! | AQ83: 0 | AR83: 0 | AS83: 0 | AT83: 0 | AU83: 0 | AV83: 0 | AW83: งานเคลือบ+พิมพ์ | AX83: / | AY83: 0 | AZ83: 0 | BA83: 0 | BB83: 0 | BC83: WRWT25850/WRWT25850 | BD83: 416.92689
A84: 45782 | B84: MK68-000609 | C84: บจก.เอสพีเอ็ม อาหารสัตว์ | D84: SW 441 | E84: 20 | F84: 38 | G84: ขาว | H84: ใส | I84: 100 | J84: ± | K84: 5 | L84: บิด | M84: ไม่สวมถุงใน | N84: 0 | O84: 0 | P84: 0 | Q84: 0 | R84: 0 | S84: 500กระสอบแบน | T84: รอแจ้ง | U84: 20000 | V84: 0 | W84: 20000 | X84: 0 | Y84: 21000 | Z84: WSWT2025800SM | AA84: 22072.6 | AB84: 0 | AC84: 22072.6 | AD84: 0 | AE84: 22072.6 | AF84: 0 | AG84: พร้อมส่ง | AH84: P6 | AI84: 4 | AJ84: รอแจ้ง | AK84: #VALUE! | AL84: #VALUE! | AM84: #VALUE! | AN84: #VALUE! | AO84: #VALUE! | AP84: #VALUE! | AQ84: 0 | AR84: 0 | AS84: 0 | AT84: 0 | AU84: 0 | AV84: 0 | AW84: งานเคลือบ+พิมพ์ | AX84: / | AY84: 0 | AZ84: 0 | BA84: 0 | BB84: 0 | BC84: WRWT25850/WRWT25850 | BD84: 1667.7076
A85: 45810 | B85: MK68-000742 | C85: บจก.เอสพีเอ็ม อาหารสัตว์ | D85: นีโอ 05 | E85: 20 | F85: 38 | G85: ขาว | H85: ด้าน | I85: 100 | J85: ± | K85: 5 | L85: ไม่ | M85: ไม่สวมถุงใน | N85: 0 | O85: 0 | P85: 0 | Q85: 0 | R85: 0 | S85: 500กระสอบแบน | T85: รอแจ้ง | U85: 5000 | V85: 0 | W85: 5000 | X85: 0 | Y85: 5250 | Z85: WSWT2025800SM | AA85: 5518.15 | AB85: 0 | AC85: 5518.15 | AD85: 0 | AE85: 5518.15 | AF85: 0 | AG85: พร้อมส่ง | AH85: P6 | AI85: 4 | AJ85: รอแจ้ง | AK85: #VALUE! | AL85: #VALUE! | AM85: #VALUE! | AN85: #VALUE! | AO85: #VALUE! | AP85: #VALUE! | AQ85: 0 | AR85: 0 | AS85: 0 | AT85: 0 | AU85: 0 | AV85: 0 | AW85: งานเคลือบ+พิมพ์ | AX85: รอART | AY85: 0 | AZ85: 0 | BA85: 0 | BB85: 0 | BC85: WRWT25850/WRWT25850 | BD85: 416.92689
A86: 45810 | B86: MK68-000741 | C86: บจก.เอสพีเอ็ม อาหารสัตว์ | D86: SPM 915 | E86: 20 | F86: 38 | G86: ขาว | H86: ด้าน | I86: 100 | J86: ± | K86: 5 | L86: บิด | M86: ไม่สวมถุงใน | N86: 0 | O86: 0 | P86: 0 | Q86: 0 | R86: 0 | S86: 500กระสอบแบน | T86: รอแจ้ง | U86: 3000 | V86: 0 | W86: 3000 | X86: 0 | Y86: 3150 | Z86: WSWT2025800SM | AA86: 3310.89 | AB86: 0 | AC86: 3310.89 | AD86: 0 | AE86: 3310.89 | AF86: 0 | AG86: พร้อมส่ง | AH86: P6 | AI86: 4 | AJ86: รอแจ้ง | AK86: #VALUE! | AL86: #VALUE! | AM86: #VALUE! | AN86: #VALUE! | AO86: #VALUE! | AP86: #VALUE! | AQ86: 0 | AR86: 0 | AS86: 0 | AT86: 0 | AU86: 0 | AV86: 0 | AW86: งานเคลือบ+พิมพ์ | AX86: รอART | AY86: 0 | AZ86: 0 | BA86: 0 | BB86: 0 | BC86: WRWT25850/WRWT25850 | BD86: 250.15613
A87: 45721 | B87: MK68-000334 | C87: บจก.อินเทคค์ โกลบอล | D87: เพอเฟคค์ 911 | E87: 20 | F87: 36 | G87: ขาว | H87: ด้าน | I87: 100 | J87: ± | K87: 5 | L87: จับจีบ | M87: ไม่สวมถุงใน | N87: 0 | O87: 0 | P87: 0 | Q87: 0 | R87: 0 | S87: มัด80 ใช้สายรัด | T87: รอแจ้ง | U87: 111 | V87: 0 | W87: 111 | X87: 5600 | Y87: 0 | Z87: WSWT2025800SM | AA87: 0 | AB87: 0 | AC87: 0 | AD87: 0 | AE87: 0 | AF87: 0 | AG87: รอแบบ | AH87: P6 | AI87: 4 | AJ87: รอแจ้ง | AK87: #VALUE! | AL87: #VALUE! | AM87: #VALUE! | AN87: #VALUE! | AO87: #VALUE! | AP87: #VALUE! | AQ87: 0 | AR87: 0 | AS87: 0 | AT87: 0 | AU87: 0 | AV87: 0 | AW87: งานเคลือบ+พิมพ์ | AX87: / | AY87: 0 | AZ87: 0 | BA87: 0 | BB87: 0 | BC87: WRWT25850/WRWT25850 | BD87: 0
A88: 45611 | B88: MK67-001533 | C88: บจก.อินเทคค์ โกลบอล | D88: เฟิร์สช้อย 914 | E88: 20 | F88: 36 | G88: ขาว | H88: ด้าน | I88: 100 | J88: ± | K88: 5 | L88: จับจีบ | M88: ไม่สวมถุงใน | N88: 0 | O88: 0 | P88: 0 | Q88: 0 | R88: 0 | S88: มัด80 ใช้สายรัด | T88: รอแจ้ง | U88: 67 | V88: 67 | W88: 0 | X88: 80 | Y88: 0 | Z88: WSWT2025800SM | AA88: 0 | AB88: 0 | AC88: 0 | AD88: 0 | AE88: 0 | AF88: 0 | AG88: รอแบบ | AH88: P6 | AI88: 4 | AJ88: รอแจ้ง | AK88: #VALUE! | AL88: #VALUE! | AM88: #VALUE! | AN88: #VALUE! | AO88: #VALUE! | AP88: #VALUE! | AQ88: 0 | AR88: 0 | AS88: 0 | AT88: 0 | AU88: 0 | AV88: 0 | AW88: งานเคลือบ+พิมพ์ | AX88: / | AY88: 0 | AZ88: 0 | BA88: 0 | BB88: 0 | BC88: WRWT25850/WRWT25850 | BD88: 0
A89: 45721 | B89: MK68-000341 | C89: บจก.อินเทคค์ โกลบอล | D89: สุบรรณ 111 | E89: 20 | F89: 36 | G89: ขาว | H89: ด้าน | I89: 100 | J89: ± | K89: 5 | L89: จับจีบ | M89: ไม่สวมถุงใน | N89: 0 | O89: 0 | P89: 0 | Q89: 0 | R89: 0 | S89: มัด80 ใช้สายรัด | T89: รอแจ้ง | U89: 734 | V89: 0 | W89: 734 | X89: 5520 | Y89: 0 | Z89: WSWT2025800SM | AA89: 0 | AB89: 0 | AC89: 0 | AD89: 0 | AE89: 0 | AF89: 0 | AG89: ยังไม่ได้พิมพ์ | AH89: P6 | AI89: 4 | AJ89: รอแจ้ง | AK89: #VALUE! | AL89: #VALUE! | AM89: #VALUE! | AN89: #VALUE! | AO89: #VALUE! | AP89: #VALUE! | AQ89: 0 | AR89: 0 | AS89: 0 | AT89: 0 | AU89: 0 | AV89: 0 | AW89: งานเคลือบ+พิมพ์ | AX89: / | AY89: 0 | AZ89: 0 | BA89: 0 | BB89: 0 | BC89: WRWT25850/WRWT25850 | BD89: 0
A90: ประมาณการ | B90: ประมาณการ | C90: บจก.เอสพีเอ็ม อาหารสัตว์ | D90: รอแบบ | E90: 20 | F90: 38 | G90: ขาว | H90: ใส | I90: 100 | J90: ± | K90: 5 | L90: บิด | M90: ไม่สวมถุงใน | N90: 0 | O90: 0 | P90: 0 | Q90: 0 | R90: 0 | S90: 500กระสอบแบน | T90: 45838 | U90: 20000 | V90: 0 | W90: 20000 | X90: 0 | Y90: 21000 | Z90: WSWT2025800SM | AA90: 22072.6 | AB90: 0 | AC90: 22072.6 | AD90: 0 | AE90: 22072.6 | AF90: 0 | AG90: รอตัด | AH90: P6 | AI90: 4 | AJ90: 45838 | AK90: 45834 | AL90: 45827 | AM90: 45835 | AN90: 45836 | AO90: 45837 | AP90: 45833 | AQ90: 0 | AR90: 0 | AS90: 0 | AT90: 0 | AU90: 0 | AV90: 0 | AW90: งานเคลือบ+พิมพ์ | AX90: รอART | AY90: 0 | AZ90: 0 | BA90: 0 | BB90: 0 | BC90: WRWT25850/WRWT25850 | BD90: 1667.7076
A91: ประมาณการ | B91: ประมาณการ | C91: บจก.ไทยธรรมดี | D91: รอแบบ | E91: 20 | F91: 37 | G91: ขาว | H91: ด้าน | I91: 97 | J91: ± | K91: 5 | L91: บิด | M91: ไม่สวมถุงใน | N91: 0 | O91: 0 | P91: 0 | Q91: 0 | R91: 0 | S91: 500กระสอบ | T91: 45838 | U91: 40000 | V91: 0 | W91: 40000 | X91: 0 | Y91: 42000 | Z91: WSWT2025800SM | AA91: 43027.6 | AB91: 0 | AC91: 43027.6 | AD91: 0 | AE91: 43027.6 | AF91: 0 | AG91: พร้อมส่ง | AH91: P6 | AI91: 4 | AJ91: 45838 | AK91: 45834 | AL91: 45827 | AM91: 45835 | AN91: 45836 | AO91: 45837 | AP91: 45833 | AQ91: 0 | AR91: 0 | AS91: 0 | AT91: 0 | AU91: 0 | AV91: 0 | AW91: งานเคลือบ+พิมพ์ | AX91: รอART | AY91: 0 | AZ91: 0 | BA91: 0 | BB91: 0 | BC91: WRWT25850/WRWT25850 | BD91: 3250.9742
A92: 45681 | B92: MK68-000122 | C92: บจก.เอสพีเอ็ม อาหารสัตว์ | D92: SPM 212 | E92: 20 | F92: 40 | G92: ขาว | H92: ด้าน | I92: 108 | J92: ± | K92: 5 | L92: บิด | M92: ไม่สวมถุงใน | N92: 0 | O92: 0 | P92: 0 | Q92: 0 | R92: 0 | S92: 500กระสอบแบน | T92: รอแจ้ง | U92: 3000 | V92: 0 | W92: 3000 | X92: 0 | Y92: 3150 | Z92: WSWT2025800SM | AA92: 3478.53 | AB92: 0 | AC92: 3478.53 | AD92: 0 | AE92: 3478.53 | AF92: 0 | AG92: พร้อมส่ง | AH92: P6 | AI92: 4 | AJ92: รอแจ้ง | AK92: #VALUE! | AL92: #VALUE! | AM92: #VALUE! | AN92: #VALUE! | AO92: #VALUE! | AP92: #VALUE! | AQ92: 0 | AR92: 0 | AS92: 0 | AT92: 0 | AU92: 0 | AV92: 0 | AW92: งานเคลือบ+พิมพ์ | AX92: / | AY92: 0 | AZ92: 0 | BA92: 0 | BB92: 0 | BC92: WRWT25850/WRWT25850 | BD92: 262.82227
A93: 45705 | B93: MK68-000247 | C93: บจก.อินเทคค์ โกลบอล | D93: เฟิร์สคลาส 912 | E93: 20 | F93: 35 | G93: ขาว | H93: ด้าน | I93: 97 | J93: ± | K93: 5 | L93: จับจีบ4" | M93: ไม่สวมถุงใน | N93: 0 | O93: 0 | P93: 0 | Q93: 0 | R93: 0 | S93: มัด80 ใช้สายรัด | T93: รอแจ้ง | U93: 855 | V93: 0 | W93: 855 | X93: 16440 | Y93: 0 | Z93: WSWT2025800SM | AA93: 0 | AB93: 0 | AC93: 0 | AD93: 0 | AE93: 0 | AF93: 0 | AG93: รอตัด | AH93: P6 | AI93: 4 | AJ93: รอแจ้ง | AK93: #VALUE! | AL93: #VALUE! | AM93: #VALUE! | AN93: #VALUE! | AO93: #VALUE! | AP93: #VALUE! | AQ93: 0 | AR93: 0 | AS93: 0 | AT93: 0 | AU93: 0 | AV93: 0 | AW93: งานเคลือบ+พิมพ์ | AX93: / | AY93: ลบสีจำนวนมาก 3851 | AZ93: 0 | BA93: 0 | BB93: 0 | BC93: WRWT25850/WRWT25850 | BD93: 0
A94: 45674 | B94: MK68-000093 | C94: บจก.อินเทคค์ โกลบอล | D94: เฟิร์สคลาส 902 | E94: 20 | F94: 35 | G94: ขาว | H94: ด้าน | I94: 97 | J94: ± | K94: 5 | L94: จับจีบ4" | M94: ไม่สวมถุงใน | N94: 0 | O94: 0 | P94: 0 | Q94: 0 | R94: 0 | S94: มัด80 ใช้สายรัด | T94: รอแจ้ง | U94: 152 | V94: 0 | W94: 152 | X94: 6000 | Y94: 0 | Z94: WSWT2025800SM | AA94: 0 | AB94: 0 | AC94: 0 | AD94: 0 | AE94: 0 | AF94: 5987 | AG94: พร้อมส่ง | AH94: P6 | AI94: 4 | AJ94: รอแจ้ง | AK94: #VALUE! | AL94: #VALUE! | AM94: #VALUE! | AN94: #VALUE! | AO94: #VALUE! | AP94: #VALUE! | AQ94: 0 | AR94: 0 | AS94: 0 | AT94: 0 | AU94: 0 | AV94: 0 | AW94: งานเคลือบ+พิมพ์ | AX94: / | AY94: ลบสี 5040 | AZ94: 0 | BA94: 0 | BB94: 0 | BC94: WRWT25850/WRWT25850 | BD94: 0
A95: 45611 | B95: MK67-001532 | C95: บจก.อินเทคค์ โกลบอล | D95: เฟิร์สช้อย 903 | E95: 20 | F95: 36 | G95: ขาว | H95: ด้าน | I95: 100 | J95: ± | K95: 5 | L95: จับจีบ | M95: ไม่สวมถุงใน | N95: 0 | O95: 0 | P95: 0 | Q95: 0 | R95: 0 | S95: มัด80 ใช้สายรัด | T95: รอแจ้ง | U95: 117 | V95: 0 | W95: 117 | X95: 10065 | Y95: 0 | Z95: WSWT2025800SM | AA95: 0 | AB95: 0 | AC95: 0 | AD95: 0 | AE95: 0 | AF95: 0 | AG95: พร้อมส่ง | AH95: P6 | AI95: 4 | AJ95: รอแจ้ง | AK95: #VALUE! | AL95: #VALUE! | AM95: #VALUE! | AN95: #VALUE! | AO95: #VALUE! | AP95: #VALUE! | AQ95: 0 | AR95: 0 | AS95: 0 | AT95: 0 | AU95: 0 | AV95: 0 | AW95: งานเคลือบ+พิมพ์ | AX95: / | AY95: 0 | AZ95: 0 | BA95: 0 | BB95: 0 | BC95: WRWT25850/WRWT25850 | BD95: 0
A96: 45523 | B96: MK67-001153 | C96: บจก.อินเทคค์ โกลบอล | D96: สุบรรณ 777 | E96: 20 | F96: 36 | G96: ขาว | H96: ด้าน | I96: 100 | J96: ± | K96: 5 | L96: จับจีบ | M96: ไม่สวมถุงใน | N96: 0 | O96: 0 | P96: 0 | Q96: 0 | R96: 0 | S96: มัด80 ใช้สายรัด | T96: รอแจ้ง | U96: 1260 | V96: 0 | W96: 1260 | X96: 11095 | Y96: 0 | Z96: WSWT2025800SM | AA96: 0 | AB96: 0 | AC96: 0 | AD96: 0 | AE96: 0 | AF96: 0 | AG96: พร้อมส่ง | AH96: P6 | AI96: 4 | AJ96: รอแจ้ง | AK96: #VALUE! | AL96: #VALUE! | AM96: #VALUE! | AN96: #VALUE! | AO96: #VALUE! | AP96: #VALUE! | AQ96: 0 | AR96: 0 | AS96: 0 | AT96: 0 | AU96: 0 | AV96: 0 | AW96: งานเคลือบ+พิมพ์ | AX96: / | AY96: 0 | AZ96: 0 | BA96: 0 | BB96: 0 | BC96: WRWT25850/WRWT25850 | BD96: 0
A97: 45523 | B97: MK67-001153 | C97: บจก.อินเทคค์ โกลบอล | D97: สุบรรณ 666 | E97: 20 | F97: 36 | G97: ขาว | H97: ด้าน | I97: 100 | J97: ± | K97: 5 | L97: จับจีบ | M97: ไม่สวมถุงใน | N97: 0 | O97: 0 | P97: 0 | Q97: 0 | R97: 0 | S97: มัด80 ใช้สายรัด | T97: รอแจ้ง | U97: 89 | V97: 0 | W97: 89 | X97: 11180 | Y97: 0 | Z97: WSWT2025800SM | AA97: 0 | AB97: 0 | AC97: 0 | AD97: 0 | AE97: 0 | AF97: 0 | AG97: พร้อมส่ง | AH97: P6 | AI97: 4 | AJ97: รอแจ้ง | AK97: #VALUE! | AL97: #VALUE! | AM97: #VALUE! | AN97: #VALUE! | AO97: #VALUE! | AP97: #VALUE! | AQ97: 0 | AR97: 0 | AS97: 0 | AT97: 0 | AU97: 0 | AV97: 0 | AW97: งานเคลือบ+พิมพ์ | AX97: / | AY97: 0 | AZ97: 0 | BA97: 0 | BB97: 0 | BC97: WRWT25850/WRWT25850 | BD97: 0
A98: 45741 | B98: MK68-000452 | C98: บจก.เอพีเอ็ม อะโกร | D98: วี-ฟีด วี 07 | E98: 20 | F98: 38 | G98: ขาว | H98: ใส | I98: 100 | J98: ± | K98: 5 | L98: บิด | M98: ไม่สวมถุงใน | N98: 0 | O98: 0 | P98: 0 | Q98: 0 | R98: 0 | S98: 500กระสอบแบน | T98: รอส่ง | U98: 4000 | V98: 3857 | W98: 143 | X98: 4200 | Y98: 0 | Z98: WSWT2025800SM | AA98: 0 | AB98: 0 | AC98: 0 | AD98: 0 | AE98: 0 | AF98: 0 | AG98: พร้อมส่ง | AH98: P6 | AI98: 4 | AJ98: รอส่ง | AK98: #VALUE! | AL98: #VALUE! | AM98: #VALUE! | AN98: #VALUE! | AO98: #VALUE! | AP98: #VALUE! | AQ98: 0 | AR98: 0 | AS98: 0 | AT98: 0 | AU98: 0 | AV98: 0 | AW98: งานเคลือบ+พิมพ์ | AX98: / | AY98: มีลบสี | AZ98: 0 | BA98: 0 | BB98: 0 | BC98: WRWT25850/WRWT25850 | BD98: 0
A99: 45720 | B99: ใบรับคำสั่งซื้อ | C99: บจก.เอพีเอ็ม อะโกร | D99: นีโอ พี3(เอส) | E99: 20 | F99: 38 | G99: ขาว | H99: ด้าน | I99: 100 | J99: ± | K99: 5 | L99: บิด | M99: ไม่สวมถุงใน | N99: 0 | O99: 0 | P99: 0 | Q99: 0 | R99: 0 | S99: 500กระสอบแบน | T99: รอส่ง | U99: 4000 | V99: 4010 | W99: 0 | X99: 4470 | Y99: 0 | Z99: WSWT2025800SM | AA99: 0 | AB99: 0 | AC99: 0 | AD99: 0 | AE99: 0 | AF99: 0 | AG99: พร้อมส่ง | AH99: P6 | AI99: 4 | AJ99: รอส่ง | AK99: #VALUE! | AL99: #VALUE! | AM99: #VALUE! | AN99: #VALUE! | AO99: #VALUE! | AP99: #VALUE! | AQ99: 0 | AR99: 0 | AS99: 0 | AT99: 0 | AU99: 0 | AV99: 0 | AW99: งานเคลือบ+พิมพ์ | AX99: / | AY99: 0 | AZ99: 0 | BA99: 0 | BB99: 0 | BC99: WRWT25850/WRWT25850 | BD99: 0
A100: 45720 | B100: ใบรับคำสั่งซื้อ | C100: บจก.เอพีเอ็ม อะโกร | D100: นีโอ พี4(เอส) | E100: 20 | F100: 38 | G100: ขาว | H100: ด้าน | I100: 100 | J100: ± | K100: 5 | L100: บิด | M100: ไม่สวมถุงใน | N100: 0 | O100: 0 | P100: 0 | Q100: 0 | R100: 0 | S100: 500กระสอบแบน | T100: รอส่ง | U100: 3000 | V100: 3065 | W100: 0 | X100: 3300 | Y100: 0 | Z100: WSWT2025800SM | AA100: 0 | AB100: 0 | AC100: 0 | AD100: 0 | AE100: 0 | AF100: 0 | AG100: พร้อมส่ง | AH100: P6 | AI100: 4 | AJ100: รอส่ง | AK100: #VALUE! | AL100: #VALUE! | AM100: #VALUE! | AN100: #VALUE! | AO100: #VALUE! | AP100: #VALUE! | AQ100: 0 | AR100: 0 | AS100: 0 | AT100: 0 | AU100: 0 | AV100: 0 | AW100: งานเคลือบ+พิมพ์ | AX100: / | AY100: 0 | AZ100: 0 | BA100: 0 | BB100: 0 | BC100: WRWT25850/WRWT25850 | BD100: 0
A101: 45541 | B101: MK67-001236 | C101: บจก.เอพีเอ็ม อะโกร | D101: ยูฟีด รวมไก่ วัว | E101: 20 | F101: 40 | G101: ขาว | H101: ด้าน | I101: 108 | J101: ± | K101: 5 | L101: บิด | M101: ไม่สวมถุงใน | N101: 0 | O101: 0 | P101: 0 | Q101: 0 | R101: 0 | S101: 500กระสอบแบน | T101: รอส่ง | U101: 3000 | V101: 3318 | W101: 0 | X101: 0 | Y101: 0 | Z101: WSWT2025800SM | AA101: 0 | AB101: 0 | AC101: 0 | AD101: 0 | AE101: 0 | AF101: ลูกค้าสั่งผิดเอาไปส่งเดือน10 | AG101: พร้อมส่ง | AH101: P6 | AI101: 4 | AJ101: รอส่ง | AK101: #VALUE! | AL101: #VALUE! | AM101: #VALUE! | AN101: #VALUE! | AO101: #VALUE! | AP101: #VALUE! | AQ101: 0 | AR101: 0 | AS101: 0 | AT101: 0 | AU101: 0 | AV101: 0 | AW101: งานเคลือบ+พิมพ์ | AX101: 0 | AY101: ลูกค้าต้องการเคลือบใส แต่เปิดมาเคลือบด้าน | AZ101: 0 | BA101: 0 | BB101: 0 | BC101: WRWT25850/WRWT25850 | BD101: 0
A102: 45548 | B102: MK67-001272 | C102: บจก.เอพีเอ็ม อะโกร | D102: นีโอ พี3 | E102: 20 | F102: 38 | G102: ขาว | H102: ด้าน | I102: 100 | J102: ± | K102: 5 | L102: บิด | M102: ไม่สวมถุงใน | N102: 0 | O102: 0 | P102: 0 | Q102: 0 | R102: 0 | S102: 500กระสอบแบน | T102: รอส่ง | U102: 2500 | V102: 2364 | W102: 136 | X102: 5500 | Y102: 0 | Z102: WSWT2025800SM | AA102: 0 | AB102: 0 | AC102: 0 | AD102: 0 | AE102: 0 | AF102: 0 | AG102: พร้อมส่ง | AH102: P6 | AI102: 4 | AJ102: รอส่ง | AK102: #VALUE! | AL102: #VALUE! | AM102: #VALUE! | AN102: #VALUE! | AO102: #VALUE! | AP102: #VALUE! | AQ102: 0 | AR102: 0 | AS102: 0 | AT102: 0 | AU102: 0 | AV102: 0 | AW102: งานเคลือบ+พิมพ์ | AX102: / | AY102: 0 | AZ102: 0 | BA102: 0 | BB102: 0 | BC102: WRWT25850/WRWT25850 | BD102: 0
A103: 45581 | B103: MK67-001396 | C103: บจก.เอพีเอ็ม อะโกร | D103: นีโอ พี4 | E103: 20 | F103: 38 | G103: ขาว | H103: ด้าน | I103: 100 | J103: ± | K103: 5 | L103: บิด | M103: ไม่สวมถุงใน | N103: 0 | O103: 0 | P103: 0 | Q103: 0 | R103: 0 | S103: 500กระสอบแบน | T103: รอส่ง | U103: 3000 | V103: 3194 | W103: 0 | X103: 5632 | Y103: 0 | Z103: WSWT2025800SM | AA103: 0 | AB103: 0 | AC103: 0 | AD103: 0 | AE103: 0 | AF103: 0 | AG103: พร้อมส่ง | AH103: P6 | AI103: 4 | AJ103: รอส่ง | AK103: #VALUE! | AL103: #VALUE! | AM103: #VALUE! | AN103: #VALUE! | AO103: #VALUE! | AP103: #VALUE! | AQ103: 0 | AR103: 0 | AS103: 0 | AT103: 0 | AU103: 0 | AV103: 0 | AW103: งานเคลือบ+พิมพ์ | AX103: / | AY103: 0 | AZ103: 0 | BA103: 0 | BB103: 0 | BC103: WRWT25850/WRWT25850 | BD103: 0
A104: 0 | B104: 0 | C104: 0 | D104: 0 | E104: 20 | F104: 38 | G104: 0 | H104: 0 | I104: 84 | J104: ± | K104: 5 | L104: 0 | M104: 0 | N104: 0 | O104: 0 | P104: 0 | Q104: 0 | R104: 0 | S104: 0 | U104: 0 | V104: 0 | W104: 0 | X104: 0 | Y104: 0 | Z104: WSWT2025800SM | AA104: 305321.62 | AB104: 68655.848 | AC104: 236665.77 | AD104: 14435.833 | AE104: 290885.78 | AF104: ระบุในSD | AG104: ยังไม่ได้พิมพ์ | AH104: 0 | AI104: Lead time | AJ104: 0 | AK104: 0 | AL104: 0 | AM104: 0 | AN104: 0 | AO104: 0 | AP104: 0 | AQ104: 0 | AR104: 0 | AS104: 0 | AT104: 0 | AU104: 0 | AV104: 0 | AW104: 0 | AX104: 0 | AY104: 0 | AZ104: 0 | BA104: 0 | BB104: 0 | BC104: WRWT25850/WRWT25850 | BD104: 0
A105: 45818 | B105: ใบรับคำสั่งซื้อ | C105: บจก.เบทาโกร | D105: WB ฟาร์ม F916 30kg LP | E105: 20 | F105: 37 | G105: ขาว | H105: 0 | I105: 80 | J105: ± | K105: 3 | L105: ไม่ | M105: ไม่สวมถุงใน | N105: 0 | O105: 0 | P105: 0 | Q105: 0 | R105: 0 | S105: 500กระสอบแบน พร้อมระบุชื่อบริษัท รายการสินค้า จำนวนแต่ละแพ็ค | T105: 45826 | U105: 10000 | V105: 0 | W105: 10000 | X105: 0 | Y105: 10500 | Z105: WSWT2025800 | AA105: 10756.9 | AB105: 10756.9 | AC105: 0 | AD105: 0 | AE105: 0 | AF105: ลำพูน | AG105: ยังไม่ได้พิมพ์ | AH105: P7 | AI105: 2 | AJ105: 45826 | AK105: 0 | AL105: 45817 | AM105: 45824 | AN105: 45825 | AO105: 45825 | AP105: 45821 | AQ105: 0 | AR105: 0 | AS105: 0 | AT105: 0 | AU105: 0 | AV105: 0 | AW105: งานพิมพ์ | AX105: รอART | AY105: 0 | AZ105: 0 | BA105: 0 | BB105: 0 | BC105: WRWT25800/WRWT25800 | BD105: 0
A106: 45818 | B106: ใบรับคำสั่งซื้อ | C106: บจก.เบทาโกร | D106: WB ฟาร์ม F912 30kg LP | E106: 20 | F106: 37 | G106: ขาว | H106: 0 | I106: 80 | J106: ± | K106: 3 | L106: ไม่ | M106: ไม่สวมถุงใน | N106: 0 | O106: 0 | P106: 0 | Q106: 0 | R106: 0 | S106: 500กระสอบแบน พร้อมระบุชื่อบริษัท รายการสินค้า จำนวนแต่ละแพ็ค | T106: 45826 | U106: 5000 | V106: 0 | W106: 5000 | X106: 0 | Y106: 5250 | Z106: WSWT2025800 | AA106: 5378.45 | AB106: 5378.45 | AC106: 0 | AD106: 0 | AE106: 0 | AF106: ลำพูน | AG106: พร้อมส่ง | AH106: P7 | AI106: 2 | AJ106: 45826 | AK106: 0 | AL106: 45817 | AM106: 45824 | AN106: 45825 | AO106: 45825 | AP106: 45821 | AQ106: 0 | AR106: 0 | AS106: 0 | AT106: 0 | AU106: 0 | AV106: 0 | AW106: งานพิมพ์ | AX106: รอART | AY106: 0 | AZ106: 0 | BA106: 0 | BB106: 0 | BC106: WRWT25800/WRWT25800 | BD106: 0
A107: 45812 | B107: MK68-000746 | C107: บจก.เคอรี่ฟลาวมิลล์ | D107: แปดแต้มแดง 25กก. | E107: 20 | F107: 32 | G107: ขาว | H107: 0 | I107: 72 | J107: ± | K107: 5 | L107: บิด | M107: ไม่สวมถุงใน | N107: 0 | O107: 0 | P107: 0 | Q107: 0 | R107: 0 | S107: ห่ออัดเบลแบน500 | T107: 45827 | U107: 5000 | V107: 0 | W107: 5000 | X107: 0 | Y107: 5250 | Z107: WSWT2025800 | AA107: 4679.95 | AB107: 4679.95 | AC107: 0 | AD107: 0 | AE107: 0 | AF107: PDR250184 | AG107: ยังไม่ได้พิมพ์ | AH107: P7 | AI107: 2 | AJ107: 45827 | AK107: 0 | AL107: 45818 | AM107: 45825 | AN107: 45826 | AO107: 45826 | AP107: 45822 | AQ107: 0 | AR107: 0 | AS107: 0 | AT107: 0 | AU107: 0 | AV107: 0 | AW107: งานพิมพ์ | AX107: รอART | AY107: 0 | AZ107: 0 | BA107: 0 | BB107: 0 | BC107: WRWT25800/WRWT25800 | BD107: 0
A108: 45818 | B108: ใบรับคำสั่งซื้อ | C108: บจก.เบทาโกร | D108: WB ฟาร์ม F992 30kg LR | E108: 20 | F108: 37 | G108: ขาว | H108: 0 | I108: 80 | J108: ± | K108: 3 | L108: ไม่ | M108: ไม่สวมถุงใน | N108: 0 | O108: 0 | P108: 0 | Q108: 0 | R108: 0 | S108: 500กระสอบแบน พร้อมระบุชื่อบริษัท รายการสินค้า จำนวนแต่ละแพ็ค | T108: 45831 | U108: 30000 | V108: 0 | W108: 30000 | X108: 0 | Y108: 31500 | Z108: WSWT2025800 | AA108: 32270.7 | AB108: 32270.7 | AC108: 0 | AD108: 0 | AE108: 0 | AF108: ลพบุรี1 | AG108: ยังไม่ได้พิมพ์ | AH108: P7 | AI108: 2 | AJ108: 45831 | AK108: 0 | AL108: 45822 | AM108: 45829 | AN108: 45830 | AO108: 45830 | AP108: 45826 | AQ108: 0 | AR108: 0 | AS108: 0 | AT108: 0 | AU108: 0 | AV108: 0 | AW108: งานพิมพ์ | AX108: รอART | AY108: 0 | AZ108: 0 | BA108: 0 | BB108: 0 | BC108: WRWT25800/WRWT25800 | BD108: 0
A109: 45786 | B109: MK68-000646 | C109: บจก.เบทาโกร | D109: WB ฟาร์ม F916 30kg | E109: 20 | F109: 37 | G109: ขาว | H109: 0 | I109: 80 | J109: ± | K109: 3 | L109: ไม่ | M109: ไม่สวมถุงใน | N109: 0 | O109: 0 | P109: 0 | Q109: 0 | R109: 0 | S109: 500กระสอบ พร้อมระบุชื่อบริษัท รายการสินค้า จำนวนแต่ละแพ็ค | T109: 45838 | U109: 10000 | V109: 10196 | W109: 0 | X109: 10500 | Y109: 0 | Z109: WSWT2025800 | AA109: 0 | AB109: 0 | AC109: 0 | AD109: 0 | AE109: 0 | AF109: พระประแดง | AG109: รอตัด | AH109: P7 | AI109: 2 | AJ109: 45838 | AK109: 0 | AL109: 45829 | AM109: 45836 | AN109: 45837 | AO109: 45837 | AP109: 45833 | AQ109: 0 | AR109: 0 | AS109: 0 | AT109: 0 | AU109: 0 | AV109: 0 | AW109: งานพิมพ์ | AX109: / | AY109: 0 | AZ109: 0 | BA109: 0 | BB109: 0 | BC109: WRWT25800/WRWT25800 | BD109: 0
A110: 45813 | B110: MK68-000750 | C110: บจก.เบทาโกร | D110: WB ฟาร์ม F914M 30kg. | E110: 20 | F110: 37 | G110: ขาว | H110: 0 | I110: 80 | J110: ± | K110: 3 | L110: ไม่ | M110: ไม่สวมถุงใน | N110: 0 | O110: 0 | P110: 0 | Q110: 0 | R110: 0 | S110: 500กระสอบ พร้อมระบุชื่อบริษัท รายการสินค้า จำนวนแต่ละแพ็ค | T110: 45838 | U110: 5000 | V110: 0 | W110: 5000 | X110: 0 | Y110: 5250 | Z110: WSWT2025800 | AA110: 5378.45 | AB110: 5378.45 | AC110: 0 | AD110: 0 | AE110: 0 | AF110: พระประแดง | AG110: รอตัด | AH110: P7 | AI110: 2 | AJ110: 45838 | AK110: 0 | AL110: 45829 | AM110: 45836 | AN110: 45837 | AO110: 45837 | AP110: 45833 | AQ110: 0 | AR110: 0 | AS110: 0 | AT110: 0 | AU110: 0 | AV110: 0 | AW110: งานพิมพ์ | AX110: / | AY110: 0 | AZ110: 0 | BA110: 0 | BB110: 0 | BC110: WRWT25800/WRWT25800 | BD110: 0
A111: 45818 | B111: ใบรับคำสั่งซื้อ | C111: บจก.เบทาโกร | D111: WB ฟาร์ม F992 30kg LR | E111: 20 | F111: 37 | G111: ขาว | H111: 0 | I111: 80 | J111: ± | K111: 3 | L111: ไม่ | M111: ไม่สวมถุงใน | N111: 0 | O111: 0 | P111: 0 | Q111: 0 | R111: 0 | S111: 500กระสอบแบน พร้อมระบุชื่อบริษัท รายการสินค้า จำนวนแต่ละแพ็ค | T111: 45842 | U111: 50000 | V111: 0 | W111: 50000 | X111: 0 | Y111: 52500 | Z111: WSWT2025800 | AA111: 53784.5 | AB111: 53784.5 | AC111: 0 | AD111: 0 | AE111: 0 | AF111: ลพบุรี1 | AG111: ยังไม่ได้พิมพ์ | AH111: P7 | AI111: 2 | AJ111: 45842 | AK111: 0 | AL111: 45833 | AM111: 45840 | AN111: 45841 | AO111: 45841 | AP111: 45837 | AQ111: 0 | AR111: 0 | AS111: 0 | AT111: 0 | AU111: 0 | AV111: 0 | AW111: งานพิมพ์ | AX111: รอART | AY111: 0 | AZ111: 0 | BA111: 0 | BB111: 0 | BC111: WRWT25800/WRWT25800 | BD111: 0
A112: 45805 | B112: MK68-000718 | C112: บจก.เบทาโกร | D112: บาลานส์ 956 | E112: 20 | F112: 37 | G112: ขาว | H112: 0 | I112: 80 | J112: ± | K112: 3 | L112: บิด | M112: ไม่สวมถุงใน | N112: 0 | O112: 0 | P112: 0 | Q112: 0 | R112: 0 | S112: 500กระสอบแบน พร้อมระบุชื่อบริษัท รายการสินค้า จำนวนแต่ละแพ็ค | T112: 45845 | U112: 5000 | V112: 0 | W112: 5000 | X112: 5400 | Y112: 0 | Z112: WSWT2025800 | AA112: 0 | AB112: 0 | AC112: 0 | AD112: 0 | AE112: 0 | AF112: ลพบุรี3 | AG112: ยังไม่ได้พิมพ์ | AH112: P7 | AI112: 2 | AJ112: 45845 | AK112: 0 | AL112: 45836 | AM112: 45843 | AN112: 45844 | AO112: 45844 | AP112: 45840 | AQ112: 0 | AR112: 0 | AS112: 0 | AT112: 0 | AU112: 0 | AV112: 0 | AW112: งานพิมพ์ | AX112: รอART | AY112: 0 | AZ112: 0 | BA112: 0 | BB112: 0 | BC112: WRWT25800/WRWT25800 | BD112: 0
...

Sheet 9-6-68
B2: เรียงกำหนดส่ง | D2: ลบ 0 | T2: เรียง 1
B3: ข้อมูลUpdate ณ. วันที่ | D3: 45817 | E3: เวลา | G3: 10.3
A4: วันรับออร์เดอร์/แบบ | B4: เลขที่ SO | C4: ชื่อลูกค้า | E4: 10.3 | I4: น้ำหนัก | L4: บิด/จับจีบ | M4: ถุงใน | Q4: 44873 | S4: วิธีบรรจุ | T4: วันส่ง | U4: จำนวนส่ง | V4: ตัดเย็บ (ใบ) | W4: 44873 | X4: พิมพ์ (ใบ) | Y4: 44876 | Z4: ผ้าทอ (เมตร) Updateณ | AB4: 44876 | AD4: ผ้าเคลือบ(เมตร) | AF4: หมายเหตุ | AG4: เครื่อง
B5: เลขที่ SO | C5: ชื่อลูกค้า | D5: ตรา | E5: กว้าง | F5: ยาว | G5: สี | H5: เคลือบ | I5: กรัม/ใบ | J5: * | K5: aw | L5: บิด/จับจีบ | M5: กว้าง | N5: ยาว | O5: หนา | P5: ใช้(กก.) | Q5: Stock(กก.) | R5: ผลิต(กก.) | S5: วิธีบรรจุ | T5: วันส่ง | U5: จำนวนส่ง | V5: StockFG | W5: ค้างตัด | X5: พิมพ์แล้ว | Y5: ค้างพิมพ์ | Z5: ประเภท | AA5: ใช้ | AB5: Stock | AC5: ค้างทอ | AD5: Stock | AE5: ค้างเคลือบ | AF5: หมายเหตุ | AG5: ที่พิมพ์ได้ | AH5: process | AI5: Lead time | AJ5: วันที่ส่งPL | AK5: เคลือบ | AL5: ได้ ART | AM5: พิมพ์ | AN5: จีบ-บิด | AO5: ตัด-เย็บ | AP5: ทอ | AQ5: สวมถุง | AR5: เย็บปาก | AS5: PT | AT5: ม้วน | AU5: ตัด | AV5: ตอกตาไก่ | AW5: GROUP | AX5: ART | AY5: หมายเหตุปัญหา | AZ5: ราคา/ใบ | BA5: ราคารวม | BB5: workweek | BC5: เส้นเทป | BD5: จำนวน
A6: 45800 | B6: MK68-000701 | C6: หจก.ปึงเป้งน้ำ | D6: เกลือตรามือ 10กก | E6: 14 | F6: 22 | G6: ขาว | H6: ใส | I6: 42 | J6: ± | K6: 5 | L6: ไม่ | M6: ไม่สวมถุงใน | N6: 0 | O6: 0 | P6: 0 | Q6: 0 | R6: 0 | S6: 500กระสอบแบนเต็มใบ | T6: 45821 | U6: 10000 | V6: 0 | W6: 10000 | X6: 0 | Y6: 10500 | Z6: WSWT1425800 | AA6: 6565.9 | AB6: 1220 | AC6: 5345.9 | AD6: 1220 | AE6: 5345.9 | AF6: 0 | AG6: พร้อมส่ง | AH6: P6 | AI6: 4 | AJ6: 45821 | AK6: 45817 | AL6: 45810 | AM6: 45818 | AN6: 45819 | AO6: 45820 | AP6: 45816 | AQ6: 0 | AR6: 0 | AS6: 0 | AT6: 0 | AU6: 0 | AV6: 0 | AW6: งานเคลือบ+พิมพ์ | AX6: / | AY6: 0 | AZ6: 0 | BA6: 0 | BB6: 0 | BC6: WRWT25800/WRWT25800 | BD6: 299.3704
A7: 0 | B7: 0 | C7: 0 | D7: 0 | E7: 14 | F7: 22 | G7: ขาว | H7: 0 | I7: 36 | J7: ± | K7: 5 | L7: 0 | M7: 0 | N7: 0 | O7: 0 | P7: 0 | Q7: 0 | R7: 0 | S7: 0 | U7: 0 | V7: 0 | W7: 0 | X7: 0 | Y7: 0 | Z7: WSWT1425800 | AA7: 6565.9 | AB7: 1220 | AC7: 5345.9 | AD7: 1220 | AE7: 5345.9 | AF7: ระบุในSD | AG7: พร้อมส่ง | AH7: 0 | AI7: Lead time | AJ7: 0 | AK7: 0 | AL7: 0 | AM7: 0 | AN7: 0 | AO7: 0 | AP7: 0 | AQ7: 0 | AR7: 0 | AS7: 0 | AT7: 0 | AU7: 0 | AV7: 0 | AW7: 0 | AX7: 0 | AY7: 0 | AZ7: 0 | BA7: 0 | BB7: 0 | BC7: WRWT140800/WRWT25800 | BD7: 0
A8: ประมาณการ | B8: ประมาณการ | C8: บจก.ซัน ซีเมนต์ โพรเซส | D8: พระอาทิตย์(ปูนนอน-ชริงค์) | E8: 16 | F8: 25 | G8: ขาว | H8: ใส | I8: 50 | J8: ± | K8: 5 | L8: บิด | M8: 19 | N8: 28 | O8: 40 | P8: 65.624643 | Q8: 0 | R8: 65.624643 | S8: 500กระสอบ | T8: รอแจ้ง | U8: 5000 | V8: 0 | W8: 5000 | X8: 0 | Y8: 5250 | Z8: WSWT1625800SM | AA8: 3702.05 | AB8: 3372 | AC8: 330.05 | AD8: 0 | AE8: 3702.05 | AF8: 0 | AG8: ยังไม่ได้พิมพ์ | AH8: P8 | AI8: 4 | AJ8: รอแจ้ง | AK8: #VALUE! | AL8: #VALUE! | AM8: #VALUE! | AN8: #VALUE! | AO8: #VALUE! | AP8: #VALUE! | AQ8: #VALUE! | AR8: 0 | AS8: 0 | AT8: 0 | AU8: 0 | AV8: 0 | AW8: งานเคลือบ+พิมพ์ | AX8: รอART | AY8: 0 | AZ8: 0 | BA8: 0 | BB8: 0 | BC8: WRWT25800/WRWT25800 | BD8: 18.776178
A9: 0 | B9: 0 | C9: 0 | E9: 16 | F9: 25 | G9: ขาว | H9: 0 | I9: 45 | J9: ± | K9: 5 | L9: 0 | M9: 0 | N9: 0 | O9: 0 | P9: 0 | Q9: 0 | R9: 0 | S9: 0 | U9: 0 | V9: 0 | W9: 0 | X9: 0 | Y9: 0 | Z9: WSWT1625800SM | AA9: 3702.05 | AB9: 3372 | AC9: 330.05 | AD9: 0 | AE9: 3702.05 | AF9: ระบุในSD | AG9: พร้อมส่ง | AH9: 0 | AI9: Lead time | AJ9: 0 | AK9: 0 | AL9: 0 | AM9: 0 | AN9: 0 | AO9: 0 | AP9: 0 | AQ9: 0 | AR9: 0 | AS9: 0 | AT9: 0 | AU9: 0 | AV9: 0 | AW9: 0 | AX9: 0 | AY9: 0 | AZ9: 0 | BA9: 0 | BB9: 0 | BC9: WRWT160800/WRWT25800 | BD9: 0
A10: 45814 | B10: MK68-000754 | C10: โรงสีลิ้มย่งฮวด | D10: ข้าวหอมมะลิสร้อยฟ้า | E10: 16 | F10: 25 | G10: ขาว | H10: 0 | I10: 45 | J10: ± | K10: 5 | L10: ไม่ | M10: ไม่สวมถุงใน | N10: 0 | O10: 0 | P10: 0 | Q10: 0 | R10: 0 | S10: 500กระสอบ | T10: 45829 | U10: 5000 | V10: 0 | W10: 5000 | X10: 0 | Y10: 5250 | Z10: WSWT1621720SMFX | AA10: 3702.05 | AB10: 3702.05 | AC10: 0 | AD10: 0 | AE10: 0 | AF10: ขาด-เกินได้5% | AG10: ยังไม่ได้พิมพ์ | AH10: P7 | AI10: 2 | AJ10: 45829 | AK10: 0 | AL10: 45820 | AM10: 45827 | AN10: 45828 | AO10: 45828 | AP10: 45824 | AQ10: 0 | AR10: 0 | AS10: 0 | AT10: 0 | AU10: 0 | AV10: 0 | AW10: งานพิมพ์ | AX10: / | AY10: 0 | AZ10: 0 | BA10: 0 | BB10: 0 | BC10: WRWT21720/WRWT21720 | BD10: 0
A11: 0 | B11: 0 | C11: 0 | D11: 0 | E11: 16 | F11: 25 | G11: 0 | H11: 0 | I11: 47 | J11: ± | K11: 5 | L11: 0 | M11: 0 | N11: 0 | O11: 0 | P11: 0 | Q11: 0 | R11: 0 | S11: 0 | U11: 0 | V11: 0 | W11: 0 | X11: 0 | Y11: 0 | Z11: WSWT1621720SMFX | AA11: 3702.05 | AB11: 3702.05 | AC11: 0 | AD11: 0 | AE11: 0 | AF11: ระบุในSD | AG11: พร้อมส่ง | AH11: 0 | AI11: 0 | AJ11: 0 | AK11: 0 | AL11: 0 | AM11: 0 | AN11: 0 | AO11: 0 | AP11: 0 | AQ11: 0 | AR11: 0 | AS11: 0 | AT11: 0 | AU11: 0 | AV11: 0 | AW11: 0 | AX11: 0 | AY11: 0 | AZ11: 0 | BA11: 0 | BB11: 0 | BC11: WRWT160720/WRWT21720 | BD11: 0
A12: ประมาณการ | B12: ประมาณการ | C12: บจก.ฟาร์เธอร์ส วิง ซัพพลาย | D12: รถไฟ | E12: 18 | F12: 30 | G12: ขาว | H12: 0 | I12: 54 | J12: ± | K12: 5 | L12: บิด | M12: 19 | N12: 33 | O12: 40 | P12: 232.02999 | Q12: 0 | R12: 232.02999 | S12: 500กระสอบ | T12: 45838 | U12: 15000 | V12: 0 | W12: 15000 | X12: 0 | Y12: 15750 | Z12: WSWT1825800 | AA12: 13201.65 | AB12: 6301 | AC12: 6900.65 | AD12: 0 | AE12: 0 | AF12: 0 | AG12: ยังไม่ได้พิมพ์ | AH12: P9 | AI12: 3 | AJ12: 45838 | AK12: 0 | AL12: 45828 | AM12: 45835 | AN12: 45836 | AO12: 45836 | AP12: 45833 | AQ12: 45837 | AR12: 0 | AS12: 0 | AT12: 0 | AU12: 0 | AV12: 0 | AW12: งานพิมพ์ | AX12: รอART | AY12: 0 | AZ12: 0 | BA12: 0 | BB12: 0 | BC12: WRWT25800/WRWT25800 | BD12: 474.76472
A13: 0 | B13: 0 | E13: 18 | F13: 30 | G13: ขาว | H13: 0 | I13: 54 | J13: ± | K13: 5 | L13: 0 | M13: 0 | N13: 0 | O13: 0 | P13: 0 | Q13: 0 | R13: 0 | S13: 0 | U13: 0 | V13: 0 | W13: 0 | X13: 0 | Y13: 0 | Z13: WSWT1825800 | AA13: 13201.65 | AB13: 6301 | AC13: 6900.65 | AD13: 0 | AE13: 0 | AF13: ระบุในSD | AG13: พร้อมส่ง | AH13: 0 | AI13: Lead time | AJ13: 0 | AK13: 0 | AL13: 0 | AM13: 0 | AN13: 0 | AO13: 0 | AP13: 0 | AQ13: 0 | AR13: 0 | AS13: 0 | AT13: 0 | AU13: 0 | AV13: 0 | AW13: 0 | AX13: 0 | AY13: 0 | AZ13: 0 | BA13: 0 | BB13: 0 | BC13: WRWT25800/WRWT25800 | BD13: 0
A14: 45805 | B14: MK68-000716 | C14: บจก.ไบโอกรีนนิค | D14: หนุมานเทอร์โบ | E14: 18 | F14: 28 | G14: ขาว | H14: ใส | I14: 69 | J14: ± | K14: 5 | L14: จับจีบ4" | M14: 19 | N14: 31 | O14: 60 | P14: 217.96756 | Q14: 0 | R14: 217.96756 | S14: 500กระสอบ | T14: 45820 | U14: 10000 | V14: 0 | W14: 10000 | X14: 0 | Y14: 10500 | Z14: WSWT1825800SM | AA14: 8242.3 | AB14: 8242.3 | AC14: 0 | AD14: 0 | AE14: 8242.3 | AF14: ขาด-เกินได้5% | AG14: พร้อมส่ง | AH14: P6 | AI14: 4 | AJ14: 45820 | AK14: 45816 | AL14: 45809 | AM14: 45817 | AN14: 45818 | AO14: 45819 | AP14: 45815 | AQ14: 0 | AR14: 0 | AS14: 0 | AT14: 0 | AU14: 0 | AV14: 0 | AW14: งานเคลือบ+พิมพ์ | AX14: รอART | AY14: 0 | AZ14: 0 | BA14: 0 | BB14: 0 | BC14: WRWT25800/WRWT25800 | BD14: 0
A15: 45797 | B15: MK68-000687 | C15: บจก.ซิเบลโก้ | D15: PORTARYTE | E15: 18 | F15: 30 | G15: ขาว | H15: ใส | I15: 74 | J15: ± | K15: 5 | L15: ไม่ | M15: ไม่สวมถุงใน | N15: 0 | O15: 0 | P15: 0 | Q15: 0 | R15: 0 | S15: 500กระสอบ | T15: 45841 | U15: 10000 | V15: 0 | W15: 10000 | X15: 0 | Y15: 10500 | Z15: WSWT1825800SM | AA15: 8801.1 | AB15: 4000 | AC15: 4801.1 | AD15: 0 | AE15: 8801.1 | AF15: ห้ามเกิน-ขาดได้5% | AG15: รอตัด | AH15: P6 | AI15: 4 | AJ15: 45841 | AK15: 45837 | AL15: 45830 | AM15: 45838 | AN15: 45839 | AO15: 45840 | AP15: 45836 | AQ15: 0 | AR15: 0 | AS15: 0 | AT15: 0 | AU15: 0 | AV15: 0 | AW15: งานเคลือบ+พิมพ์ | AX15: / | AY15: 0 | AZ15: 0 | BA15: 0 | BB15: 0 | BC15: WRWT25800/WRWT25800 | BD15: 307.2704
A16: 0 | B16: 0 | C16: 0 | E16: 18 | F16: 25 | G16: ขาว | H16: 0 | I16: 50 | J16: ± | K16: 5 | L16: 0 | M16: 0 | N16: 0 | O16: 0 | P16: 0 | Q16: 0 | R16: 0 | S16: 0 | U16: 0 | V16: 0 | W16: 0 | X16: 0 | Y16: 0 | Z16: WSWT1825800SM | AA16: 17043.4 | AB16: 12242.3 | AC16: 4801.1 | AD16: 0 | AE16: 17043.4 | AF16: ระบุในSD | AG16: รอแบบ | AH16: 0 | AI16: Lead time | AJ16: 0 | AK16: 0 | AL16: 0 | AM16: 0 | AN16: 0 | AO16: 0 | AP16: 0 | AQ16: 0 | AR16: 0 | AS16: 0 | AT16: 0 | AU16: 0 | AV16: 0 | AW16: 0 | AX16: 0 | AY16: 0 | AZ16: 0 | BA16: 0 | BB16: 0 | BC16: WRWT180800/WRWT25800 | BD16: 0
A17: 45797 | B17: MK68-000683 | C17: บจก.เพรซิเดนท์ฟลาวมิลล์ | D17: ผึ้งเหลือง | E17: 19 | F17: 30 | G17: ขาว | H17: 0 | I17: 60 | J17: ± | K17: 5 | L17: บิด | M17: ไม่สวมถุงใน | N17: 0 | O17: 0 | P17: 0 | Q17: 0 | R17: 0 | S17: 500กระสอบ | T17: 45819 | U17: 40000 | V17: 39710 | W17: 290 | X17: 40800 | Y17: 0 | Z17: WSWT1925800 | AA17: 0 | AB17: 0 | AC17: 0 | AD17: 0 | AE17: 0 | AF17: 0 | AG17: ยังไม่ได้พิมพ์ | AH17: P7 | AI17: 2 | AJ17: 45819 | AK17: 0 | AL17: 45810 | AM17: 45817 | AN17: 45818 | AO17: 45818 | AP17: 45814 | AQ17: 0 | AR17: 0 | AS17: 0 | AT17: 0 | AU17: 0 | AV17: 0 | AW17: งานพิมพ์ | AX17: / | AY17: 0 | AZ17: 0 | BA17: 0 | BB17: 0 | BC17: WRWT25800/WRWT25800 | BD17: 0
A18: 45797 | B18: MK68-000682 | C18: บจก.เพรซิเดนท์ฟลาวมิลล์ | D18: ผึ้งชมพู | E18: 19 | F18: 30 | G18: ขาว | H18: 0 | I18: 60 | J18: ± | K18: 5 | L18: บิด | M18: ไม่สวมถุงใน | N18: 0 | O18: 0 | P18: 0 | Q18: 0 | R18: 0 | S18: 500กระสอบ | T18: 45819 | U18: 30000 | V18: 15500 | W18: 14500 | X18: 30955 | Y18: 0 | Z18: WSWT1925800 | AA18: 0 | AB18: 0 | AC18: 0 | AD18: 0 | AE18: 0 | AF18: 0 | AG18: พร้อมส่ง | AH18: P7 | AI18: 2 | AJ18: 45819 | AK18: 0 | AL18: 45810 | AM18: 45817 | AN18: 45818 | AO18: 45818 | AP18: 45814 | AQ18: 0 | AR18: 0 | AS18: 0 | AT18: 0 | AU18: 0 | AV18: 0 | AW18: งานพิมพ์ | AX18: / | AY18: 0 | AZ18: 0 | BA18: 0 | BB18: 0 | BC18: WRWT25800/WRWT25800 | BD18: 0
A19: ประมาณการ | B19: ประมาณการ | C19: บจก.เอ็กเซลเล้นท์ | D19: รอแบบ | E19: 19 | F19: 30 | G19: ขาว | H19: 0 | I19: 60 | J19: ± | K19: 5 | L19: บิด | M19: ไม่สวมถุงใน | N19: 0 | O19: 0 | P19: 0 | Q19: 0 | R19: 0 | S19: 500กระสอบ | T19: 45838 | U19: 30000 | V19: 0 | W19: 30000 | X19: 0 | Y19: 31500 | Z19: WSWT1925800 | AA19: 26403.3 | AB19: 3738 | AC19: 22665.3 | AD19: 0 | AE19: 0 | AF19: 0 | AG19: รอตัด | AH19: P7 | AI19: 2 | AJ19: 45838 | AK19: 0 | AL19: 45829 | AM19: 45836 | AN19: 45837 | AO19: 45837 | AP19: 45833 | AQ19: 0 | AR19: 0 | AS19: 0 | AT19: 0 | AU19: 0 | AV19: 0 | AW19: งานพิมพ์ | AX19: รอART | AY19: 0 | AZ19: 0 | BA19: 0 | BB19: 0 | BC19: WRWT25800/WRWT25800 | BD19: 1646.0045
A20: ประมาณการ | B20: ประมาณการ | C20: บจก.ไลม์มาสเตอร์ | D20: LMC 25 kg | E20: 19 | F20: 32 | G20: ขาว | H20: 0 | I20: 64 | J20: ± | K20: 5 | L20: ไม่ | M20: 20 | N20: 35 | O20: 40 | P20: 172.69643 | Q20: 0 | R20: 172.69643 | S20: 500กระสอบแบน | T20: 45838 | U20: 10000 | V20: 0 | W20: 10000 | X20: 0 | Y20: 10500 | Z20: WSWT1925800 | AA20: 9359.9 | AB20: 9359.9 | AC20: 0 | AD20: 0 | AE20: 0 | AF20: 0 | AG20: รอตัด | AH20: P9 | AI20: 3 | AJ20: 45838 | AK20: 0 | AL20: 45828 | AM20: 45835 | AN20: 45836 | AO20: 45836 | AP20: 45833 | AQ20: 45837 | AR20: 0 | AS20: 0 | AT20: 0 | AU20: 0 | AV20: 0 | AW20: งานพิมพ์ | AX20: รอART | AY20: 0 | AZ20: 0 | BA20: 0 | BB20: 0 | BC20: WRWT25800/WRWT25800 | BD20: 0
A21: 0 | B21: 0 | C21: 0 | D21: 0 | E21: 19 | F21: 30 | G21: ขาว | H21: 0 | I21: 60 | J21: ± | K21: 5 | L21: 0 | M21: 0 | N21: 0 | O21: 0 | P21: 0 | Q21: 0 | R21: 0 | S21: 0 | U21: 0 | V21: 0 | W21: 0 | X21: 0 | Y21: 0 | Z21: WSWT1925800 | AA21: 35763.2 | AB21: 13097.9 | AC21: 22665.3 | AD21: 0 | AE21: 0 | AF21: ระบุในSD | AG21: พร้อมส่ง | AH21: 0 | AI21: Lead time | AJ21: 0 | AK21: 0 | AL21: 0 | AM21: 0 | AN21: 0 | AO21: 0 | AP21: 0 | AQ21: 0 | AR21: 0 | AS21: 0 | AT21: 0 | AU21: 0 | AV21: 0 | AW21: 0 | AX21: 0 | AY21: 0 | AZ21: 0 | BA21: 0 | BB21: 0 | BC21: WRWT25800/WRWT25800 | BD21: 0
A22: 45808 | B22: MK68-000726 | C22: บจก.เคอรี่ฟลาวมิลล์ | D22: ถุงเขียว | E22: 19 | F22: 30 | G22: ขาว | H22: 0 | I22: 63 | J22: + | K22: 5 | L22: บิด | M22: ไม่สวมถุงใน | N22: 0 | O22: 0 | P22: 0 | Q22: 0 | R22: 0 | S22: ห่ออัดเบลแบน500 | T22: 45818 | U22: 10000 | V22: 0 | W22: 10000 | X22: 10400 | Y22: 0 | Z22: WSWT1921720 | AA22: 0 | AB22: 0 | AC22: 0 | AD22: 0 | AE22: 0 | AF22: 0 | AG22: รอตัด | AH22: P7 | AI22: 2 | AJ22: 45818 | AK22: 0 | AL22: 45809 | AM22: 45816 | AN22: 45817 | AO22: 45817 | AP22: 45813 | AQ22: 0 | AR22: 0 | AS22: 0 | AT22: 0 | AU22: 0 | AV22: 0 | AW22: งานพิมพ์ | AX22: 0 | AY22: 0 | AZ22: 0 | BA22: 0 | BB22: 0 | BC22: WRWT21720/WRWT25800 | BD22: 0
A23: 45808 | B23: MK68-000726 | C23: บจก.เคอรี่ฟลาวมิลล์ | D23: กุ้งแดง | E23: 19 | F23: 30 | G23: ขาว | H23: 0 | I23: 63 | J23: + | K23: 5 | L23: บิด | M23: ไม่สวมถุงใน | N23: 0 | O23: 0 | P23: 0 | Q23: 0 | R23: 0 | S23: ห่ออัดเบลแบน500 | T23: 45818 | U23: 10000 | V23: 0 | W23: 10000 | X23: 10500 | Y23: 0 | Z23: WSWT1921720 | AA23: 0 | AB23: 0 | AC23: 0 | AD23: 0 | AE23: 0 | AF23: 0 | AG23: รอตัด | AH23: P7 | AI23: 2 | AJ23: 45818 | AK23: 0 | AL23: 45809 | AM23: 45816 | AN23: 45817 | AO23: 45817 | AP23: 45813 | AQ23: 0 | AR23: 0 | AS23: 0 | AT23: 0 | AU23: 0 | AV23: 0 | AW23: งานพิมพ์ | AX23: 0 | AY23: 0 | AZ23: 0 | BA23: 0 | BB23: 0 | BC23: WRWT21720/WRWT25800 | BD23: 0
A24: 45808 | B24: MK68-000727 | C24: บจก.เคอรี่ฟลาวมิลล์ | D24: ดอกไม้เขียว | E24: 19 | F24: 32 | G24: ขาว | H24: 0 | I24: 67 | J24: + | K24: 5 | L24: บิด | M24: ไม่สวมถุงใน | N24: 0 | O24: 0 | P24: 0 | Q24: 0 | R24: 0 | S24: ห่ออัดเบลแบน500 | T24: 45818 | U24: 5000 | V24: 5502 | W24: 0 | X24: 5300 | Y24: 0 | Z24: WSWT1921720 | AA24: 0 | AB24: 0 | AC24: 0 | AD24: 0 | AE24: 0 | AF24: 0 | AG24: รอตัด | AH24: P7 | AI24: 2 | AJ24: 45818 | AK24: 0 | AL24: 45809 | AM24: 45816 | AN24: 45817 | AO24: 45817 | AP24: 45813 | AQ24: 0 | AR24: 0 | AS24: 0 | AT24: 0 | AU24: 0 | AV24: 0 | AW24: งานพิมพ์ | AX24: 0 | AY24: 0 | AZ24: 0 | BA24: 0 | BB24: 0 | BC24: WRWT21720/WRWT25800 | BD24: 0
A25: 45808 | B25: MK68-000726 | C25: บจก.เคอรี่ฟลาวมิลล์ | D25: กุ้งแดง | E25: 19 | F25: 30 | G25: ขาว | H25: 0 | I25: 63 | J25: + | K25: 5 | L25: บิด | M25: ไม่สวมถุงใน | N25: 0 | O25: 0 | P25: 0 | Q25: 0 | R25: 0 | S25: ห่ออัดเบลแบน500 | T25: 45820 | U25: 5000 | V25: 0 | W25: 5000 | X25: 5250 | Y25: 0 | Z25: WSWT1921720 | AA25: 0 | AB25: 0 | AC25: 0 | AD25: 0 | AE25: 0 | AF25: 0 | AG25: ยังไม่ได้พิมพ์ | AH25: P7 | AI25: 2 | AJ25: 45820 | AK25: 0 | AL25: 45811 | AM25: 45818 | AN25: 45819 | AO25: 45819 | AP25: 45815 | AQ25: 0 | AR25: 0 | AS25: 0 | AT25: 0 | AU25: 0 | AV25: 0 | AW25: งานพิมพ์ | AX25: 0 | AY25: 0 | AZ25: 0 | BA25: 0 | BB25: 0 | BC25: WRWT21720/WRWT25800 | BD25: 0
A26: 45808 | B26: MK68-000726 | C26: บจก.เคอรี่ฟลาวมิลล์ | D26: กุ้งแดง | E26: 19 | F26: 30 | G26: ขาว | H26: 0 | I26: 63 | J26: + | K26: 5 | L26: บิด | M26: ไม่สวมถุงใน | N26: 0 | O26: 0 | P26: 0 | Q26: 0 | R26: 0 | S26: ห่ออัดเบลแบน500 | T26: 45825 | U26: 10000 | V26: 0 | W26: 10000 | X26: 10500 | Y26: 0 | Z26: WSWT1921720 | AA26: 0 | AB26: 0 | AC26: 0 | AD26: 0 | AE26: 0 | AF26: 0 | AG26: รอตัด | AH26: P7 | AI26: 2 | AJ26: 45825 | AK26: 0 | AL26: 45816 | AM26: 45823 | AN26: 45824 | AO26: 45824 | AP26: 45820 | AQ26: 0 | AR26: 0 | AS26: 0 | AT26: 0 | AU26: 0 | AV26: 0 | AW26: งานพิมพ์ | AX26: 0 | AY26: 0 | AZ26: 0 | BA26: 0 | BB26: 0 | BC26: WRWT21720/WRWT25800 | BD26: 0
A27: 45808 | B27: MK68-000727 | C27: บจก.เคอรี่ฟลาวมิลล์ | D27: ดอกไม้แดง | E27: 19 | F27: 32 | G27: ขาว | H27: 0 | I27: 67 | J27: + | K27: 5 | L27: บิด | M27: ไม่สวมถุงใน | N27: 0 | O27: 0 | P27: 0 | Q27: 0 | R27: 0 | S27: ห่ออัดเบลแบน501 | T27: 45825 | U27: 15000 | V27: 0 | W27: 15000 | X27: 15750 | Y27: 0 | Z27: WSWT1921720 | AA27: 0 | AB27: 0 | AC27: 0 | AD27: 0 | AE27: 0 | AF27: 0 | AG27: ยังไม่ได้พิมพ์ | AH27: P7 | AI27: 2 | AJ27: 45825 | AK27: 0 | AL27: 45816 | AM27: 45823 | AN27: 45824 | AO27: 45824 | AP27: 45820 | AQ27: 0 | AR27: 0 | AS27: 0 | AT27: 0 | AU27: 0 | AV27: 0 | AW27: งานพิมพ์ | AX27: 0 | AY27: 0 | AZ27: 0 | BA27: 0 | BB27: 0 | BC27: WRWT21720/WRWT25800 | BD27: 0
A28: 45812 | B28: MK68-000743 | C28: บจก.เคอรี่ฟลาวมิลล์ | D28: ถุงเขียว | E28: 19 | F28: 30 | G28: ขาว | H28: 0 | I28: 63 | J28: + | K28: 5 | L28: บิด | M28: ไม่สวมถุงใน | N28: 0 | O28: 0 | P28: 0 | Q28: 0 | R28: 0 | S28: ห่ออัดเบลแบน501 | T28: 45820 | U28: 10000 | V28: 0 | W28: 10000 | X28: 0 | Y28: 10500 | Z28: WSWT1921720 | AA28: 8801.1 | AB28: 8801.1 | AC28: 0 | AD28: 0 | AE28: 0 | AF28: PDR250181 | AG28: ยังไม่ได้พิมพ์ | AH28: P7 | AI28: 2 | AJ28: 45820 | AK28: 0 | AL28: 45811 | AM28: 45818 | AN28: 45819 | AO28: 45819 | AP28: 45815 | AQ28: 0 | AR28: 0 | AS28: 0 | AT28: 0 | AU28: 0 | AV28: 0 | AW28: งานพิมพ์ | AX28: 0 | AY28: 0 | AZ28: 0 | BA28: 0 | BB28: 0 | BC28: WRWT21720/WRWT25800 | BD28: 0
A29: 45812 | B29: MK68-000743 | C29: บจก.เคอรี่ฟลาวมิลล์ | D29: กุ้งแดง | E29: 19 | F29: 30 | G29: ขาว | H29: 0 | I29: 63 | J29: + | K29: 5 | L29: บิด | M29: ไม่สวมถุงใน | N29: 0 | O29: 0 | P29: 0 | Q29: 0 | R29: 0 | S29: ห่ออัดเบลแบน501 | T29: 45820 | U29: 10000 | V29: 0 | W29: 10000 | X29: 10400 | Y29: 0 | Z29: WSWT1921720 | AA29: 0 | AB29: 0 | AC29: 0 | AD29: 0 | AE29: 0 | AF29: PDR250181 | AG29: ยังไม่ได้พิมพ์ | AH29: P7 | AI29: 2 | AJ29: 45820 | AK29: 0 | AL29: 45811 | AM29: 45818 | AN29: 45819 | AO29: 45819 | AP29: 45815 | AQ29: 0 | AR29: 0 | AS29: 0 | AT29: 0 | AU29: 0 | AV29: 0 | AW29: งานพิมพ์ | AX29: 0 | AY29: 0 | AZ29: 0 | BA29: 0 | BB29: 0 | BC29: WRWT21720/WRWT25800 | BD29: 0
A30: 45812 | B30: MK68-000743 | C30: บจก.เคอรี่ฟลาวมิลล์ | D30: แปดแต้มแดง | E30: 19 | F30: 30 | G30: ขาว | H30: 0 | I30: 63 | J30: + | K30: 5 | L30: บิด | M30: ไม่สวมถุงใน | N30: 0 | O30: 0 | P30: 0 | Q30: 0 | R30: 0 | S30: ห่ออัดเบลแบน501 | T30: 45820 | U30: 5000 | V30: 0 | W30: 5000 | X30: 0 | Y30: 5250 | Z30: WSWT1921720 | AA30: 4400.55 | AB30: 4400.55 | AC30: 0 | AD30: 0 | AE30: 0 | AF30: PDR250181 | AG30: ยังไม่ได้พิมพ์ | AH30: P7 | AI30: 2 | AJ30: 45820 | AK30: 0 | AL30: 45811 | AM30: 45818 | AN30: 45819 | AO30: 45819 | AP30: 45815 | AQ30: 0 | AR30: 0 | AS30: 0 | AT30: 0 | AU30: 0 | AV30: 0 | AW30: งานพิมพ์ | AX30: 0 | AY30: 0 | AZ30: 0 | BA30: 0 | BB30: 0 | BC30: WRWT21720/WRWT25800 | BD30: 0
A31: 45812 | B31: MK68-000743 | C31: บจก.เคอรี่ฟลาวมิลล์ | D31: ดอกไม้เขียว | E31: 19 | F31: 30 | G31: ขาว | H31: 0 | I31: 63 | J31: + | K31: 5 | L31: บิด | M31: ไม่สวมถุงใน | N31: 0 | O31: 0 | P31: 0 | Q31: 0 | R31: 0 | S31: ห่ออัดเบลแบน501 | T31: 45822 | U31: 5000 | V31: 0 | W31: 5000 | X31: 0 | Y31: 5250 | Z31: WSWT1921720 | AA31: 4400.55 | AB31: 1793 | AC31: 2607.55 | AD31: 0 | AE31: 0 | AF31: PDR250182 | AG31: ผ้าขาว | AH31: P7 | AI31: 2 | AJ31: 45822 | AK31: 0 | AL31: 45813 | AM31: 45820 | AN31: 45821 | AO31: 45821 | AP31: 45817 | AQ31: 0 | AR31: 0 | AS31: 0 | AT31: 0 | AU31: 0 | AV31: 0 | AW31: งานพิมพ์ | AX31: 0 | AY31: 0 | AZ31: 0 | BA31: 0 | BB31: 0 | BC31: WRWT21720/WRWT25800 | BD31: 196.41226
A32: 45812 | B32: MK68-000743 | C32: บจก.เคอรี่ฟลาวมิลล์ | D32: บลูทีมเหลือง | E32: 19 | F32: 30 | G32: ขาว | H32: 0 | I32: 63 | J32: + | K32: 5 | L32: บิด | M32: ไม่สวมถุงใน | N32: 0 | O32: 0 | P32: 0 | Q32: 0 | R32: 0 | S32: ห่ออัดเบลแบน501 | T32: 45822 | U32: 5000 | V32: 0 | W32: 5000 | X32: 0 | Y32: 5250 | Z32: WSWT1921720 | AA32: 4400.55 | AB32: 0 | AC32: 4400.55 | AD32: 0 | AE32: 0 | AF32: PDR250182 | AG32: ยังไม่ได้พิมพ์ | AH32: P7 | AI32: 2 | AJ32: 45822 | AK32: 0 | AL32: 45813 | AM32: 45820 | AN32: 45821 | AO32: 45821 | AP32: 45817 | AQ32: 0 | AR32: 0 | AS32: 0 | AT32: 0 | AU32: 0 | AV32: 0 | AW32: งานพิมพ์ | AX32: 0 | AY32: 0 | AZ32: 0 | BA32: 0 | BB32: 0 | BC32: WRWT21720/WRWT25800 | BD32: 331.46898
A33: 45812 | B33: MK68-000743 | C33: บจก.เคอรี่ฟลาวมิลล์ | D33: KFM | E33: 19 | F33: 30 | G33: ขาว | H33: 0 | I33: 63 | J33: + | K33: 5 | L33: บิด | M33: ไม่สวมถุงใน | N33: 0 | O33: 0 | P33: 0 | Q33: 0 | R33: 0 | S33: ห่ออัดเบลแบน501 | T33: 45822 | U33: 5000 | V33: 0 | W33: 5000 | X33: 0 | Y33: 5250 | Z33: WSWT1921720 | AA33: 4400.55 | AB33: 0 | AC33: 4400.55 | AD33: 0 | AE33: 0 | AF33: PDR250182 | AG33: รอตัด | AH33: P7 | AI33: 2 | AJ33: 45822 | AK33: 0 | AL33: 45813 | AM33: 45820 | AN33: 45821 | AO33: 45821 | AP33: 45817 | AQ33: 0 | AR33: 0 | AS33: 0 | AT33: 0 | AU33: 0 | AV33: 0 | AW33: งานพิมพ์ | AX33: 0 | AY33: 0 | AZ33: 0 | BA33: 0 | BB33: 0 | BC33: WRWT21720/WRWT25800 | BD33: 331.46898
A34: 45812 | B34: MK68-000744 | C34: บจก.เคอรี่ฟลาวมิลล์ | D34: ไม่พิมพ์ | E34: 19 | F34: 36 | G34: ขาว | H34: 0 | I34: 75 | J34: + | K34: 5 | L34: ไม่ | M34: ไม่สวมถุงใน | N34: 0 | O34: 0 | P34: 0 | Q34: 0 | R34: 0 | S34: ห่ออัดเบลแบน501 | T34: 45822 | U34: 10000 | V34: 0 | W34: 10000 | X34: 0 | Y34: 0 | Z34: WSWT1921720 | AA34: 10477.5 | AB34: 0 | AC34: 10477.5 | AD34: 0 | AE34: 0 | AF34: PDR250182 | AG34: ผ้าขาว | AH34: P3 | AI34: 2 | AJ34: 45822 | AK34: 0 | AL34: 0 | AM34: 0 | AN34: 0 | AO34: 45820 | AP34: 45817 | AQ34: 0 | AR34: 0 | AS34: 0 | AT34: 0 | AU34: 0 | AV34: 0 | AW34: ตัด | AX34: 0 | AY34: 0 | AZ34: 0 | BA34: 0 | BB34: 0 | BC34: WRWT21720/WRWT25800 | BD34: 789.21187
A35: 45812 | B35: MK68-000743 | C35: บจก.เคอรี่ฟลาวมิลล์ | D35: ปาท่องโก๋ | E35: 19 | F35: 30 | G35: ขาว | H35: 0 | I35: 63 | J35: + | K35: 5 | L35: ไม่ | M35: ไม่สวมถุงใน | N35: 0 | O35: 0 | P35: 0 | Q35: 0 | R35: 0 | S35: ห่ออัดเบลแบน501 | T35: 45825 | U35: 3000 | V35: 0 | W35: 3000 | X35: 0 | Y35: 3150 | Z35: WSWT1921720 | AA35: 2640.33 | AB35: 0 | AC35: 2640.33 | AD35: 0 | AE35: 0 | AF35: PDR250183 | AG35: ยังไม่ได้พิมพ์ | AH35: P7 | AI35: 2 | AJ35: 45825 | AK35: 0 | AL35: 45816 | AM35: 45823 | AN35: 45824 | AO35: 45824 | AP35: 45820 | AQ35: 0 | AR35: 0 | AS35: 0 | AT35: 0 | AU35: 0 | AV35: 0 | AW35: งานพิมพ์ | AX35: 0 | AY35: 0 | AZ35: 0 | BA35: 0 | BB35: 0 | BC35: WRWT21720/WRWT25800 | BD35: 198.88139
A36: 45812 | B36: MK68-000743 | C36: บจก.เคอรี่ฟลาวมิลล์ | D36: กุ้งแดง | E36: 19 | F36: 30 | G36: ขาว | H36: 0 | I36: 63 | J36: + | K36: 5 | L36: บิด | M36: ไม่สวมถุงใน | N36: 0 | O36: 0 | P36: 0 | Q36: 0 | R36: 0 | S36: ห่ออัดเบลแบน501 | T36: 45825 | U36: 10000 | V36: 0 | W36: 10000 | X36: 10400 | Y36: 0 | Z36: WSWT1921720 | AA36: 0 | AB36: 0 | AC36: 0 | AD36: 0 | AE36: 0 | AF36: PDR250183 | AG36: ยังไม่ได้พิมพ์ | AH36: P7 | AI36: 2 | AJ36: 45825 | AK36: 0 | AL36: 45816 | AM36: 45823 | AN36: 45824 | AO36: 45824 | AP36: 45820 | AQ36: 0 | AR36: 0 | AS36: 0 | AT36: 0 | AU36: 0 | AV36: 0 | AW36: งานพิมพ์ | AX36: 0 | AY36: 0 | AZ36: 0 | BA36: 0 | BB36: 0 | BC36: WRWT21720/WRWT25800 | BD36: 0
A37: 45812 | B37: MK68-000745 | C37: บจก.เคอรี่ฟลาวมิลล์ | D37: ไม่พิมพ์ | E37: 19 | F37: 36 | G37: ขาว | H37: 0 | I37: 75 | J37: + | K37: 5 | L37: ไม่ | M37: ไม่สวมถุงใน | N37: 0 | O37: 0 | P37: 0 | Q37: 0 | R37: 0 | S37: ห่ออัดเบลแบน501 | T37: 45825 | U37: 10000 | V37: 0 | W37: 10000 | X37: 0 | Y37: 0 | Z37: WSWT1921720 | AA37: 10477.5 | AB37: 0 | AC37: 10477.5 | AD37: 0 | AE37: 0 | AF37: PDR250183 | AG37: ยังไม่ได้พิมพ์ | AH37: P3 | AI37: 2 | AJ37: 45825 | AK37: 0 | AL37: 0 | AM37: 0 | AN37: 0 | AO37: 45823 | AP37: 45820 | AQ37: 0 | AR37: 0 | AS37: 0 | AT37: 0 | AU37: 0 | AV37: 0 | AW37: ตัด | AX37: 0 | AY37: 0 | AZ37: 0 | BA37: 0 | BB37: 0 | BC37: WRWT21720/WRWT25800 | BD37: 789.21187
A38: 45812 | B38: MK68-000743 | C38: บจก.เคอรี่ฟลาวมิลล์ | D38: เคเอ็ม | E38: 19 | F38: 30 | G38: ขาว | H38: 0 | I38: 63 | J38: + | K38: 5 | L38: บิด | M38: ไม่สวมถุงใน | N38: 0 | O38: 0 | P38: 0 | Q38: 0 | R38: 0 | S38: ห่ออัดเบลแบน501 | T38: 45827 | U38: 5000 | V38: 0 | W38: 5000 | X38: 0 | Y38: 5250 | Z38: WSWT1921720 | AA38: 4400.55 | AB38: 0 | AC38: 4400.55 | AD38: 0 | AE38: 0 | AF38: PDR250184 | AG38: ยังไม่ได้พิมพ์ | AH38: P7 | AI38: 2 | AJ38: 45827 | AK38: 0 | AL38: 45818 | AM38: 45825 | AN38: 45826 | AO38: 45826 | AP38: 45822 | AQ38: 0 | AR38: 0 | AS38: 0 | AT38: 0 | AU38: 0 | AV38: 0 | AW38: งานพิมพ์ | AX38: 0 | AY38: 0 | AZ38: 0 | BA38: 0 | BB38: 0 | BC38: WRWT21720/WRWT25800 | BD38: 331.46898
A39: 45812 | B39: MK68-000743 | C39: บจก.เคอรี่ฟลาวมิลล์ | D39: แต้มแดง | E39: 19 | F39: 30 | G39: ขาว | H39: 0 | I39: 63 | J39: + | K39: 5 | L39: บิด | M39: ไม่สวมถุงใน | N39: 0 | O39: 0 | P39: 0 | Q39: 0 | R39: 0 | S39: ห่ออัดเบลแบน501 | T39: 45827 | U39: 5000 | V39: 0 | W39: 5000 | X39: 0 | Y39: 5250 | Z39: WSWT1921720 | AA39: 4400.55 | AB39: 0 | AC39: 4400.55 | AD39: 0 | AE39: 0 | AF39: PDR250184 | AG39: ยังไม่ได้พิมพ์ | AH39: P7 | AI39: 2 | AJ39: 45827 | AK39: 0 | AL39: 45818 | AM39: 45825 | AN39: 45826 | AO39: 45826 | AP39: 45822 | AQ39: 0 | AR39: 0 | AS39: 0 | AT39: 0 | AU39: 0 | AV39: 0 | AW39: งานพิมพ์ | AX39: 0 | AY39: 0 | AZ39: 0 | BA39: 0 | BB39: 0 | BC39: WRWT21720/WRWT25800 | BD39: 331.46898
... A51: 45812 | B51: MK68-000743 | C51: บจก.เคอรี่ฟลาวมิลล์ | D51: ถุงเขียว | E51: 19 | F51: 30 | G51: ขาว | H51: 0 | I51: 63 | J51: + | K51: 5 | L51: บิด | M51: ไม่สวมถุงใน | N51: 0 | O51: 0 | P51: 0 | Q51: 0 | R51: 0 | S51: ห่ออัดเบลแบน501 | T51: 45829 | U51: 10000 | V51: 0 | W51: 10000 | X51: 0 | Y51: 10500 | Z51: WSWT1921720 | AA51: 8801.1 | AB51: 0 | AC51: 8801.1 | AD51: 0 | AE51: 0 | AF51: PDR250187 | AG51: พร้อมส่ง | AH51: P7 | AI51: 2 | AJ51: 45829 | AK51: 0 | AL51: 45820 | AM51: 45827 | AN51: 45828 | AO51: 45828 | AP51: 45824 | AQ51: 0 | AR51: 0 | AS51: 0 | AT51: 0 | AU51: 0 | AV51: 0 | AW51: งานพิมพ์ | AX51: 0 | AY51: 0 | AZ51: 0 | BA51: 0 | BB51: 0 | BC51: WRWT21720/WRWT25800 | BD51: 662.93797
A52: ประมาณการ | B52: ประมาณการ | C52: บจก.เคอรี่ฟลาวมิลล์ | D52: รอแบบ | E52: 19 | F52: 30 | G52: ขาว | H52: 0 | I52: 63 | J52: + | K52: 5 | L52: บิด | M52: ไม่สวมถุงใน | N52: 0 | O52: 0 | P52: 0 | Q52: 0 | R52: 0 | S52: ห่ออัดเบลแบน500 | T52: 45838 | U52: 275000 | V52: 0 | W52: 275000 | X52: 0 | Y52: 288750 | Z52: WSWT1921720 | AA52: 242030.25 | AB52: 0 | AC52: 242030.25 | AD52: 0 | AE52: 0 | AF52: 0 | AG52: พร้อมส่ง | AH52: P7 | AI52: 2 | AJ52: 45838 | AK52: 0 | AL52: 45829 | AM52: 45836 | AN52: 45837 | AO52: 45837 | AP52: 45833 | AQ52: 0 | AR52: 0 | AS52: 0 | AT52: 0 | AU52: 0 | AV52: 0 | AW52: งานพิมพ์ | AX52: / | AY52: 0 | AZ52: 0 | BA52: 0 | BB52: 0 | BC52: WRWT21720/WRWT25800 | BD52: 18230.794
A53: 0 | B53: 0 | C53: 0 | D53: 0 | E53: 19 | F53: 30 | G53: 0 | H53: 0 | I53: 63 | J53: + | K53: 5 | L53: 0 | M53: 0 | N53: 0 | O53: 0 | P53: 0 | Q53: 0 | R53: 0 | S53: 0 | U53: 0 | V53: 0 | W53: 0 | X53: 0 | Y53: 0 | Z53: WSWT1921720 | AA53: 377036.33 | AB53: 14994.65 | AC53: 362041.68 | AD53: 0 | AE53: 0 | AF53: ระบุในSD | AG53: พร้อมส่ง | AH53: 0 | AI53: Lead time | AJ53: 0 | AK53: 0 | AL53: 0 | AM53: 0 | AN53: 0 | AO53: 0 | AP53: 0 | AQ53: 0 | AR53: 0 | AS53: 0 | AT53: 0 | AU53: 0 | AV53: 0 | AW53: 0 | AX53: 0 | AY53: 0 | AZ53: 0 | BA53: 0 | BB53: 0 | BC53: WRWT190720/WRWT25800 | BD53: 0
A54: 45796 | B54: MK68-000680 | C54: บจก.อินเทคค์ โกลบอล | D54: เพอเฟคค์103P โกลด์ | E54: 19 | F54: 34 | G54: ขาว | H54: ด้าน | I54: 100 | J54: ± | K54: 5 | L54: จับจีบ4" | M54: ไม่สวมถุงใน | N54: 0 | O54: 0 | P54: 0 | Q54: 0 | R54: 0 | S54: มัด80 ใช้สายรัด | T54: รอแจ้ง | U54: 503 | V54: 0 | W54: 503 | X54: 5250 | Y54: 0 | Z54: WSWT19251000SM | AA54: 0 | AB54: 0 | AC54: 0 | AD54: 0 | AE54: 0 | AF54: 0 | AG54: พร้อมส่ง | AH54: P6 | AI54: 4 | AJ54: รอแจ้ง | AK54: #VALUE! | AL54: #VALUE! | AM54: #VALUE! | AN54: #VALUE! | AO54: #VALUE! | AP54: #VALUE! | AQ54: 0 | AR54: 0 | AS54: 0 | AT54: 0 | AU54: 0 | AV54: 0 | AW54: งานเคลือบ+พิมพ์ | AX54: / | AY54: 0 | AZ54: 0 | BA54: 0 | BB54: 0 | BC54: WRWT251000/WRWT251000 | BD54: 0
A55: 0 | B55: 0 | C55: 0 | D55: 0 | E55: 19 | F55: 34 | G55: ขาว | H55: 0 | I55: 80 | J55: ± | K55: 5 | L55: 0 | M55: 0 | N55: 0 | O55: 0 | P55: 0 | Q55: 0 | R55: 0 | S55: 0 | U55: 0 | V55: 0 | W55: 0 | X55: 0 | Y55: 0 | Z55: WSWT19251000SM | AA55: 0 | AB55: 0 | AC55: 0 | AD55: 0 | AE55: 0 | AF55: ระบุในSD | AG55: พร้อมส่ง | AH55: 0 | AI55: Lead time | AJ55: 0 | AK55: 0 | AL55: 0 | AM55: 0 | AN55: 0 | AO55: 0 | AP55: 0 | AQ55: 0 | AR55: 0 | AS55: 0 | AT55: 0 | AU55: 0 | AV55: 0 | AW55: 0 | AX55: 0 | AY55: 0 | AZ55: 0 | BA55: 0 | BB55: 0 | BC55: WRWT251000/WRYL251000 | BD55: 0
A56: ประมาณการ | B56: ประมาณการ | C56: บจก.เอเชียเหมืองแร่ | D56: AMPC | E56: 20 | F56: 32 | G56: ขาว | H56: 0 | I56: 60 | J56: ± | K56: 5 | L56: ไม่ | M56: ไม่สวมถุงใน | N56: 0 | O56: 0 | P56: 0 | Q56: 0 | R56: 0 | S56: 500กระสอบ | T56: 45838 | U56: 20000 | V56: 0 | W56: 20000 | X56: 0 | Y56: 21000 | Z56: WSWT2025650 | AA56: 18719.8 | AB56: 0 | AC56: 18719.8 | AD56: 0 | AE56: 0 | AF56: 0 | AG56: รอตัด | AH56: P7 | AI56: 2 | AJ56: 45838 | AK56: 0 | AL56: 45829 | AM56: 45836 | AN56: 45837 | AO56: 45837 | AP56: 45833 | AQ56: 0 | AR56: 0 | AS56: 0 | AT56: 0 | AU56: 0 | AV56: 0 | AW56: งานพิมพ์ | AX56: 0 | AY56: 0 | AZ56: 0 | BA56: 0 | BB56: 0 | BC56: WRWT25650/WRWT25650 | BD56: 1149.1877
A57: 0 | B57: 0 | C57: 0 | D57: 0 | E57: 20 | F57: 37 | G57: ขาว | H57: 0 | I57: 65 | J57: ± | K57: 5 | L57: 0 | M57: 0 | N57: 0 | O57: 0 | P57: 0 | Q57: 0 | R57: 0 | S57: 0 | U57: 0 | V57: 0 | W57: 0 | X57: 0 | Y57: 0 | Z57: WSWT2025650 | AA57: 18719.8 | AB57: 0 | AC57: 18719.8 | AD57: 0 | AE57: 0 | AF57: ระบุในSD | AG57: รอตัด | AH57: 0 | AI57: Lead time | AJ57: 0 | AK57: 0 | AL57: 0 | AM57: 0 | AN57: 0 | AO57: 0 | AP57: 0 | AQ57: 0 | AR57: 0 | AS57: 0 | AT57: 0 | AU57: 0 | AV57: 0 | AW57: 0 | AX57: 0 | AY57: 0 | AZ57: 0 | BA57: 0 | BB57: 0 | BC57: WRWT25650/WRWT25650 | BD57: 0
A58: 45796 | B58: MK68-000671 | C58: บจก.อินเทคค์ โกลบอล | D58: เฟิร์สช้อย 911 | E58: 20 | F58: 36 | G58: ขาว | H58: ด้าน | I58: 100 | J58: ± | K58: 5 | L58: จับจีบ | M58: ไม่สวมถุงใน | N58: 0 | O58: 0 | P58: 0 | Q58: 0 | R58: 0 | S58: มัด80 ใช้สายรัด | T58: 45818 | U58: 3280 | V58: 2447 | W58: 833 | X58: 5975 | Y58: 0 | Z58: WSWT2025800SM | AA58: 0 | AB58: 0 | AC58: 0 | AD58: 0 | AE58: 0 | AF58: 0 | AG58: พิมพ์ไม่ครบ | AH58: P6 | AI58: 4 | AJ58: 45818 | AK58: 45814 | AL58: 45807 | AM58: 45815 | AN58: 45816 | AO58: 45817 | AP58: 45813 | AQ58: 0 | AR58: 0 | AS58: 0 | AT58: 0 | AU58: 0 | AV58: 0 | AW58: งานเคลือบ+พิมพ์ | AX58: / | AY58: 0 | AZ58: 0 | BA58: 0 | BB58: 0 | BC58: WRWT25850/WRWT25850 | BD58: 0
A59: 45796 | B59: MK68-000672 | C59: บจก.อินเทคค์ โกลบอล | D59: เฟิร์สช้อย 912 | E59: 20 | F59: 36 | G59: ขาว | H59: ด้าน | I59: 100 | J59: ± | K59: 5 | L59: จับจีบ | M59: ไม่สวมถุงใน | N59: 0 | O59: 0 | P59: 0 | Q59: 0 | R59: 0 | S59: มัด80 ใช้สายรัด | T59: 45818 | U59: 3853 | V59: 840 | W59: 3013 | X59: 15401 | Y59: 0 | Z59: WSWT2025800SM | AA59: 0 | AB59: 0 | AC59: 0 | AD59: 0 | AE59: 0 | AF59: 0 | AG59: พร้อมส่ง | AH59: P6 | AI59: 4 | AJ59: 45818 | AK59: 45814 | AL59: 45807 | AM59: 45815 | AN59: 45816 | AO59: 45817 | AP59: 45813 | AQ59: 0 | AR59: 0 | AS59: 0 | AT59: 0 | AU59: 0 | AV59: 0 | AW59: งานเคลือบ+พิมพ์ | AX59: / | AY59: 0 | AZ59: 0 | BA59: 0 | BB59: 0 | BC59: WRWT25850/WRWT25850 | BD59: 0
A60: 45796 | B60: MK68-000672 | C60: บจก.อินเทคค์ โกลบอล | D60: เฟิร์สช้อย 913 | E60: 20 | F60: 36 | G60: ขาว | H60: ด้าน | I60: 100 | J60: ± | K60: 5 | L60: จับจีบ | M60: ไม่สวมถุงใน | N60: 0 | O60: 0 | P60: 0 | Q60: 0 | R60: 0 | S60: มัด80 ใช้สายรัด | T60: 45818 | U60: 4349 | V60: 0 | W60: 4349 | X60: 0 | Y60: 4566.45 | Z60: WSWT2025800SM | AA60: 4556.6647 | AB60: 4556.6647 | AC60: 0 | AD60: 0 | AE60: 4556.6647 | AF60: 0 | AG60: รอตัด | AH60: P6 | AI60: 4 | AJ60: 45818 | AK60: 45814 | AL60: 45807 | AM60: 45815 | AN60: 45816 | AO60: 45817 | AP60: 45813 | AQ60: 0 | AR60: 0 | AS60: 0 | AT60: 0 | AU60: 0 | AV60: 0 | AW60: งานเคลือบ+พิมพ์ | AX60: / | AY60: 0 | AZ60: 0 | BA60: 0 | BB60: 0 | BC60: WRWT25850/WRWT25850 | BD60: 0
A61: 45796 | B61: MK68-000675 | C61: บจก.อินเทคค์ โกลบอล | D61: เพอเฟคค์ 914 | E61: 20 | F61: 36 | G61: ขาว | H61: ด้าน | I61: 100 | J61: ± | K61: 5 | L61: จับจีบ | M61: ไม่สวมถุงใน | N61: 0 | O61: 0 | P61: 0 | Q61: 0 | R61: 0 | S61: มัด80 ใช้สายรัด | T61: 45818 | U61: 40000 | V61: 3782 | W61: 36218 | X61: 35200 | Y61: 5040 | Z61: WSWT2025800SM | AA61: 5280.66 | AB61: 5280.66 | AC61: 0 | AD61: 5280.66 | AE61: 0 | AF61: 0 | AG61: พร้อมส่ง | AH61: P6 | AI61: 4 | AJ61: 45818 | AK61: 45814 | AL61: 45807 | AM61: 45815 | AN61: 45816 | AO61: 45817 | AP61: 45813 | AQ61: 0 | AR61: 0 | AS61: 0 | AT61: 0 | AU61: 0 | AV61: 0 | AW61: งานเคลือบ+พิมพ์ | AX61: / | AY61: 2/6---6/6 | AZ61: 0 | BA61: 0 | BB61: 0 | BC61: WRWT25850/WRWT25850 | BD61: 0
A62: 45766 | B62: MK68-000555 | C62: บจก.อินเทคค์ โกลบอล | D62: เพอเฟคค์ 914 | E62: 20 | F62: 36 | G62: ขาว | H62: ด้าน | I62: 100 | J62: ± | K62: 5 | L62: จับจีบ4" | M62: ไม่สวมถุงใน | N62: 0 | O62: 0 | P62: 0 | Q62: 0 | R62: 0 | S62: มัด80 ใช้สายรัด | T62: 45818 | U62: 1866 | V62: 1866 | W62: 0 | X62: 0 | Y62: 0 | Z62: WSWT2025800SM | AA62: 0 | AB62: 0 | AC62: 0 | AD62: 0 | AE62: 0 | AF62: ห้ามขาด-ห้ามเกิน | AG62: ยังไม่ได้พิมพ์ | AH62: P6 | AI62: 4 | AJ62: 45818 | AK62: 45814 | AL62: 45807 | AM62: 45815 | AN62: 45816 | AO62: 45817 | AP62: 45813 | AQ62: 0 | AR62: 0 | AS62: 0 | AT62: 0 | AU62: 0 | AV62: 0 | AW62: งานเคลือบ+พิมพ์ | AX62: / | AY62: 0 | AZ62: 0 | BA62: 0 | BB62: 0 | BC62: WRWT25850/WRWT25850 | BD62: 0
A63: 45796 | B63: MK68-000676 | C63: บจก.อินเทคค์ โกลบอล | D63: เพอเฟคค์ 916 | E63: 20 | F63: 36 | G63: ขาว | H63: ด้าน | I63: 100 | J63: ± | K63: 5 | L63: จับจีบ | M63: ไม่สวมถุงใน | N63: 0 | O63: 0 | P63: 0 | Q63: 0 | R63: 0 | S63: มัด80 ใช้สายรัด | T63: 45818 | U63: 10000 | V63: 3920 | W63: 6080 | X63: 12101 | Y63: 0 | Z63: WSWT2025800SM | AA63: 0 | AB63: 0 | AC63: 0 | AD63: 0 | AE63: 0 | AF63: 0 | AG63: ยังไม่ได้พิมพ์ | AH63: P6 | AI63: 4 | AJ63: 45818 | AK63: 45814 | AL63: 45807 | AM63: 45815 | AN63: 45816 | AO63: 45817 | AP63: 45813 | AQ63: 0 | AR63: 0 | AS63: 0 | AT63: 0 | AU63: 0 | AV63: 0 | AW63: งานเคลือบ+พิมพ์ | AX63: / | AY63: 0 | AZ63: 0 | BA63: 0 | BB63: 0 | BC63: WRWT25850/WRWT25850 | BD63: 0
A64: 45766 | B64: MK68-000555 | C64: บจก.อินเทคค์ โกลบอล | D64: เพอเฟคค์ 916 | E64: 20 | F64: 36 | G64: ขาว | H64: ด้าน | I64: 100 | J64: ± | K64: 5 | L64: จับจีบ4" | M64: ไม่สวมถุงใน | N64: 0 | O64: 0 | P64: 0 | Q64: 0 | R64: 0 | S64: มัด80 ใช้สายรัด | T64: 45818 | U64: 1120 | V64: 1120 | W64: 0 | X64: 1200 | Y64: 0 | Z64: WSWT2025800SM | AA64: 0 | AB64: 0 | AC64: 0 | AD64: 0 | AE64: 0 | AF64: ห้ามขาด-ห้ามเกิน | AG64: ยังไม่ได้พิมพ์ | AH64: P6 | AI64: 4 | AJ64: 45818 | AK64: 45814 | AL64: 45807 | AM64: 45815 | AN64: 45816 | AO64: 45817 | AP64: 45813 | AQ64: 0 | AR64: 0 | AS64: 0 | AT64: 0 | AU64: 0 | AV64: 0 | AW64: งานเคลือบ+พิมพ์ | AX64: / | AY64: 0 | AZ64: 0 | BA64: 0 | BB64: 0 | BC64: WRWT25850/WRWT25850 | BD64: 0
A65: 45799 | B65: MK68-000694 | C65: บจก.เอ.เจ.ฟาร์ม่าแล็บ | D65: เวท-มิน | E65: 20 | F65: 34 | G65: ขาว | H65: ใส | I65: 95 | J65: ± | K65: 5 | L65: จับจีบ | M65: ไม่สวมถุงใน | N65: 0 | O65: 0 | P65: 0 | Q65: 0 | R65: 0 | S65: 500กระสอบ | T65: 45819 | U65: 12000 | V65: 0 | W65: 12000 | X65: 0 | Y65: 12600 | Z65: WSWT2025800SM | AA65: 11902.44 | AB65: 11902.44 | AC65: 0 | AD65: 0 | AE65: 11902.44 | AF65: ห้ามขาด-ห้ามเกิน | AG65: ยังไม่ได้พิมพ์ | AH65: P6 | AI65: 4 | AJ65: 45819 | AK65: 45815 | AL65: 45808 | AM65: 45816 | AN65: 45817 | AO65: 45818 | AP65: 45814 | AQ65: 0 | AR65: 0 | AS65: 0 | AT65: 0 | AU65: 0 | AV65: 0 | AW65: งานเคลือบ+พิมพ์ | AX65: / | AY65: 0 | AZ65: 0 | BA65: 0 | BB65: 0 | BC65: WRWT25850/WRWT25850 | BD65: 0
A66: 45810 | B66: MK68-000740 | C66: คุณชายชล จันทร์สว่างกูล | D66: เวท-มิน | E66: 20 | F66: 34 | G66: ขาว | H66: ใส | I66: 95 | J66: ± | K66: 5 | L66: จับจีบ | M66: ไม่สวมถุงใน | N66: 0 | O66: 0 | P66: 0 | Q66: 0 | R66: 0 | S66: 500กระสอบ | T66: 45819 | U66: 1500 | V66: 0 | W66: 1500 | X66: 0 | Y66: 1575 | Z66: WSWT2025800SM | AA66: 1487.805 | AB66: 1487.805 | AC66: 0 | AD66: 0 | AE66: 1487.805 | AF66: 0 | AG66: ยังไม่ได้พิมพ์ | AH66: P6 | AI66: 4 | AJ66: 45819 | AK66: 45815 | AL66: 45808 | AM66: 45816 | AN66: 45817 | AO66: 45818 | AP66: 45814 | AQ66: 0 | AR66: 0 | AS66: 0 | AT66: 0 | AU66: 0 | AV66: 0 | AW66: งานเคลือบ+พิมพ์ | AX66: / | AY66: 0 | AZ66: 0 | BA66: 0 | BB66: 0 | BC66: WRWT25850/WRWT25850 | BD66: 0
A67: 45799 | B67: MK68-000694 | C67: บจก.เอ.เจ.ฟาร์ม่าแล็บ | D67: เบส-มิน | E67: 20 | F67: 34 | G67: ขาว | H67: ใส | I67: 95 | J67: ± | K67: 5 | L67: จับจีบ | M67: ไม่สวมถุงใน | N67: 0 | O67: 0 | P67: 0 | Q67: 0 | R67: 0 | S67: 500กระสอบ | T67: 45819 | U67: 8000 | V67: 0 | W67: 8000 | X67: 0 | Y67: 8400 | Z67: WSWT2025800SM | AA67: 7934.96 | AB67: 7934.96 | AC67: 0 | AD67: 0 | AE67: 7934.96 | AF67: ห้ามขาด-ห้ามเกิน | AG67: พร้อมส่ง | AH67: P6 | AI67: 4 | AJ67: 45819 | AK67: 45815 | AL67: 45808 | AM67: 45816 | AN67: 45817 | AO67: 45818 | AP67: 45814 | AQ67: 0 | AR67: 0 | AS67: 0 | AT67: 0 | AU67: 0 | AV67: 0 | AW67: งานเคลือบ+พิมพ์ | AX67: / | AY67: 0 | AZ67: 0 | BA67: 0 | BB67: 0 | BC67: WRWT25850/WRWT25850 | BD67: 0
A68: 45810 | B68: MK68-000740 | C68: คุณชายชล จันทร์สว่างกูล | D68: เบส-มิน | E68: 20 | F68: 34 | G68: ขาว | H68: ใส | I68: 95 | J68: ± | K68: 5 | L68: จับจีบ | M68: ไม่สวมถุงใน | N68: 0 | O68: 0 | P68: 0 | Q68: 0 | R68: 0 | S68: 500กระสอบ | T68: 45819 | U68: 1000 | V68: 0 | W68: 1000 | X68: 0 | Y68: 1050 | Z68: WSWT2025800SM | AA68: 991.87 | AB68: 991.87 | AC68: 0 | AD68: 0 | AE68: 991.87 | AF68: 0 | AG68: พร้อมส่ง | AH68: P6 | AI68: 4 | AJ68: 45819 | AK68: 45815 | AL68: 45808 | AM68: 45816 | AN68: 45817 | AO68: 45818 | AP68: 45814 | AQ68: 0 | AR68: 0 | AS68: 0 | AT68: 0 | AU68: 0 | AV68: 0 | AW68: งานเคลือบ+พิมพ์ | AX68: / | AY68: 0 | AZ68: 0 | BA68: 0 | BB68: 0 | BC68: WRWT25850/WRWT25850 | BD68: 0
A69: 45782 | B69: MK68-000609 | C69: บจก.เอสพีเอ็ม อาหารสัตว์ | D69: SW 441 | E69: 20 | F69: 38 | G69: ขาว | H69: ใส | I69: 100 | J69: ± | K69: 5 | L69: บิด | M69: ไม่สวมถุงใน | N69: 0 | O69: 0 | P69: 0 | Q69: 0 | R69: 0 | S69: 500กระสอบแบน | T69: 45820 | U69: 5000 | V69: 0 | W69: 5000 | X69: 0 | Y69: 5250 | Z69: WSWT2025800SM | AA69: 5518.15 | AB69: 5518.15 | AC69: 0 | AD69: 0 | AE69: 5518.15 | AF69: 0 | AG69: ยังไม่ได้พิมพ์ | AH69: P6 | AI69: 4 | AJ69: 45820 | AK69: 45816 | AL69: 45809 | AM69: 45817 | AN69: 45818 | AO69: 45819 | AP69: 45815 | AQ69: 0 | AR69: 0 | AS69: 0 | AT69: 0 | AU69: 0 | AV69: 0 | AW69: งานเคลือบ+พิมพ์ | AX69: / | AY69: 0 | AZ69: 0 | BA69: 0 | BB69: 0 | BC69: WRWT25850/WRWT25850 | BD69: 0
A70: 45756 | B70: MK68-000531 | C70: บจก.เอสพีเอ็ม อาหารสัตว์ | D70: นีโอ ดี03 | E70: 20 | F70: 37 | G70: ขาว | H70: ด้าน | I70: 97 | J70: ± | K70: 5 | L70: ไม่ | M70: ไม่สวมถุงใน | N70: 0 | O70: 0 | P70: 0 | Q70: 0 | R70: 0 | S70: 500กระสอบแบน | T70: 45820 | U70: 3000 | V70: 3148 | W70: 0 | X70: 6505 | Y70: 0 | Z70: WSWT2025800SM | AA70: 0 | AB70: 0 | AC70: 0 | AD70: 0 | AE70: 0 | AF70: 0 | AG70: ยังไม่ได้พิมพ์ | AH70: P6 | AI70: 4 | AJ70: 45820 | AK70: 45816 | AL70: 45809 | AM70: 45817 | AN70: 45818 | AO70: 45819 | AP70: 45815 | AQ70: 0 | AR70: 0 | AS70: 0 | AT70: 0 | AU70: 0 | AV70: 0 | AW70: งานเคลือบ+พิมพ์ | AX70: / | AY70: 0 | AZ70: 0 | BA70: 0 | BB70: 0 | BC70: WRWT25850/WRWT25850 | BD70: 0
A71: 45740 | B71: MK68-000440 | C71: บจก.เอสพีเอ็ม อาหารสัตว์ | D71: นีโอ 05 | E71: 20 | F71: 38 | G71: ขาว | H71: ด้าน | I71: 100 | J71: ± | K71: 5 | L71: บิด | M71: ไม่สวมถุงใน | N71: 0 | O71: 0 | P71: 0 | Q71: 0 | R71: 0 | S71: 500กระสอบแบน | T71: 45820 | U71: 2500 | V71: 2825 | W71: 0 | X71: 5688 | Y71: 0 | Z71: WSWT2025800SM | AA71: 0 | AB71: 0 | AC71: 0 | AD71: 0 | AE71: 0 | AF71: 0 | AG71: ยังไม่ได้พิมพ์ | AH71: P6 | AI71: 4 | AJ71: 45820 | AK71: 45816 | AL71: 45809 | AM71: 45817 | AN71: 45818 | AO71: 45819 | AP71: 45815 | AQ71: 0 | AR71: 0 | AS71: 0 | AT71: 0 | AU71: 0 | AV71: 0 | AW71: งานเคลือบ+พิมพ์ | AX71: / | AY71: 0 | AZ71: 0 | BA71: 0 | BB71: 0 | BC71: WRWT25850/WRWT25850 | BD71: 0
A72: 45808 | B72: MK68-000722 | C72: บจก.มารีน หรีดเดอร์ | D72: Rocky quick lime | E72: 20 | F72: 30 | G72: ขาว | H72: ใส | I72: 80 | J72: ± | K72: 5 | L72: จับจีบ5" | M72: 21 | N72: 33 | O72: 40 | P72: 170.96946 | Q72: 0 | R72: 170.96946 | S72: 500กระสอบ | T72: 45821 | U72: 10000 | V72: 0 | W72: 10000 | X72: 0 | Y72: 10500 | Z72: WSWT2025800SM | AA72: 8801.1 | AB72: 8801.1 | AC72: 0 | AD72: 0 | AE72: 8801.1 | AF72: 0 | AG72: ยังไม่ได้พิมพ์ | AH72: P8 | AI72: 4 | AJ72: 45821 | AK72: 45817 | AL72: 45811 | AM72: 45818 | AN72: 45819 | AO72: 45819 | AP72: 45816 | AQ72: 45820 | AR72: 0 | AS72: 0 | AT72: 0 | AU72: 0 | AV72: 0 | AW72: งานเคลือบ+พิมพ์ | AX72: / | AY72: 0 | AZ72: 0 | BA72: 0 | BB72: 0 | BC72: WRWT25850/WRWT25850 | BD72: 0
A73: 45808 | B73: MK68-000728 | C73: บจก.อินเทคค์ โกลบอล | D73: สุบรรณ 222 | E73: 20 | F73: 36 | G73: ขาว | H73: ด้าน | I73: 100 | J73: ± | K73: 5 | L73: จับจีบ3.5" | M73: ไม่สวมถุงใน | N73: 0 | O73: 0 | P73: 0 | Q73: 0 | R73: 0 | S73: มัด80 ใช้สายรัด | T73: 45822 | U73: 5040 | V73: 0 | W73: 5040 | X73: 0 | Y73: 5292 | Z73: WSWT2025800SM | AA73: 5280.66 | AB73: 0 | AC73: 5280.66 | AD73: 0 | AE73: 5280.66 | AF73: 0 | AG73: ยังไม่ได้พิมพ์ | AH73: P6 | AI73: 4 | AJ73: 45822 | AK73: 45818 | AL73: 45811 | AM73: 45819 | AN73: 45820 | AO73: 45821 | AP73: 45817 | AQ73: 0 | AR73: 0 | AS73: 0 | AT73: 0 | AU73: 0 | AV73: 0 | AW73: งานเคลือบ+พิมพ์ | AX73: / | AY73: 0 | AZ73: 0 | BA73: 0 | BB73: 0 | BC73: WRWT25850/WRWT25850 | BD73: 398.9832
A74: 45803 | B74: MK68-000707 | C74: บจก.เอพีเอ็ม อะโกร | D74: ยู-ฟีด รวมหมู | E74: 20 | F74: 38 | G74: ขาว | H74: ใส | I74: 100 | J74: ± | K74: 5 | L74: บิด | M74: ไม่สวมถุงใน | N74: 0 | O74: 0 | P74: 0 | Q74: 0 | R74: 0 | S74: 500กระสอบแบน | T74: 45831 | U74: 3000 | V74: 0 | W74: 3000 | X74: 0 | Y74: 3150 | Z74: WSWT2025800SM | AA74: 3310.89 | AB74: 0 | AC74: 3310.89 | AD74: 0 | AE74: 3310.89 | AF74: 0 | AG74: ยังไม่ได้พิมพ์ | AH74: P6 | AI74: 4 | AJ74: 45831 | AK74: 45827 | AL74: 45820 | AM74: 45828 | AN74: 45829 | AO74: 45830 | AP74: 45826 | AQ74: 0 | AR74: 0 | AS74: 0 | AT74: 0 | AU74: 0 | AV74: 0 | AW74: งานเคลือบ+พิมพ์ | AX74: / | AY74: 0 | AZ74: 0 | BA74: 0 | BB74: 0 | BC74: WRWT25850/WRWT25850 | BD74: 250.15613
A75: 45803 | B75: MK68-000706 | C75: บจก.เอพีเอ็ม อะโกร | D75: วี-ฟีด วี22 | E75: 20 | F75: 38 | G75: ขาว | H75: ใส | I75: 100 | J75: ± | K75: 5 | L75: บิด | M75: ไม่สวมถุงใน | N75: 0 | O75: 0 | P75: 0 | Q75: 0 | R75: 0 | S75: 500กระสอบแบน | T75: 45835 | U75: 3000 | V75: 0 | W75: 3000 | X75: 0 | Y75: 3150 | Z75: WSWT2025800SM | AA75: 3310.89 | AB75: 3310.89 | AC75: 0 | AD75: 0 | AE75: 3310.89 | AF75: 0 | AG75: ยังไม่ได้พิมพ์ | AH75: P6 | AI75: 4 | AJ75: 45835 | AK75: 45831 | AL75: 45824 | AM75: 45832 | AN75: 45833 | AO75: 45834 | AP75: 45830 | AQ75: 0 | AR75: 0 | AS75: 0 | AT75: 0 | AU75: 0 | AV75: 0 | AW75: งานเคลือบ+พิมพ์ | AX75: 0 | AY75: 0 | AZ75: 0 | BA75: 0 | BB75: 0 | BC75: WRWT25850/WRWT25850 | BD75: 0
A76: 45814 | B76: MK68-000755 | C76: บจก.วีซีเอฟ | D76: VC100 | E76: 20 | F76: 37 | G76: ขาว | H76: ใส | I76: 100 | J76: ± | K76: 5 | L76: บิด | M76: ไม่สวมถุงใน | N76: 0 | O76: 0 | P76: 0 | Q76: 0 | R76: 0 | S76: 500กระสอบแบน | T76: 45835 | U76: 20000 | V76: 0 | W76: 20000 | X76: 0 | Y76: 21000 | Z76: WSWT2025800SM | AA76: 21513.8 | AB76: 21513.8 | AC76: 0 | AD76: 0 | AE76: 21513.8 | AF76: 0 | AG76: ยังไม่ได้พิมพ์ | AH76: P6 | AI76: 4 | AJ76: 45835 | AK76: 45831 | AL76: 45824 | AM76: 45832 | AN76: 45833 | AO76: 45834 | AP76: 45830 | AQ76: 0 | AR76: 0 | AS76: 0 | AT76: 0 | AU76: 0 | AV76: 0 | AW76: งานเคลือบ+พิมพ์ | AX76: / | AY76: 0 | AZ76: 0 | BA76: 0 | BB76: 0 | BC76: WRWT25850/WRWT25850 | BD76: 0
A77: 45814 | B77: MK68-000755 | C77: บจก.วีซีเอฟ | D77: VC181 | E77: 20 | F77: 37 | G77: ขาว | H77: ใส | I77: 100 | J77: ± | K77: 5 | L77: บิด | M77: ไม่สวมถุงใน | N77: 0 | O77: 0 | P77: 0 | Q77: 0 | R77: 0 | S77: 500กระสอบแบน | T77: 45835 | U77: 10000 | V77: 0 | W77: 10000 | X77: 0 | Y77: 10500 | Z77: WSWT2025800SM | AA77: 10756.9 | AB77: 8521 | AC77: 2235.9 | AD77: 0 | AE77: 10756.9 | AF77: 0 | AG77: ยังไม่ได้พิมพ์ | AH77: P6 | AI77: 4 | AJ77: 45835 | AK77: 45831 | AL77: 45824 | AM77: 45832 | AN77: 45833 | AO77: 45834 | AP77: 45830 | AQ77: 0 | AR77: 0 | AS77: 0 | AT77: 0 | AU77: 0 | AV77: 0 | AW77: งานเคลือบ+พิมพ์ | AX77: / | AY77: 0 | AZ77: 0 | BA77: 0 | BB77: 0 | BC77: WRWT25850/WRWT25850 | BD77: 168.93467
A78: 45814 | B78: MK68-000755 | C78: บจก.วีซีเอฟ | D78: VC193 | E78: 20 | F78: 37 | G78: ขาว | H78: ใส | I78: 100 | J78: ± | K78: 5 | L78: บิด | M78: ไม่สวมถุงใน | N78: 0 | O78: 0 | P78: 0 | Q78: 0 | R78: 0 | S78: 500กระสอบแบน | T78: 45835 | U78: 10000 | V78: 0 | W78: 10000 | X78: 0 | Y78: 10500 | Z78: WSWT2025800SM | AA78: 10756.9 | AB78: 0 | AC78: 10756.9 | AD78: 0 | AE78: 10756.9 | AF78: 0 | AG78: รอแบบ | AH78: P6 | AI78: 4 | AJ78: 45835 | AK78: 45831 | AL78: 45824 | AM78: 45832 | AN78: 45833 | AO78: 45834 | AP78: 45830 | AQ78: 0 | AR78: 0 | AS78: 0 | AT78: 0 | AU78: 0 | AV78: 0 | AW78: งานเคลือบ+พิมพ์ | AX78: / | AY78: 0 | AZ78: 0 | BA78: 0 | BB78: 0 | BC78: WRWT25850/WRWT25850 | BD78: 812.74356
A79: 45814 | B79: MK68-000756 | C79: บจก.วีซีเอฟ | D79: SPEED PLUS 003เขมร | E79: 20 | F79: 37 | G79: ขาว | H79: ใส | I79: 100 | J79: ± | K79: 5 | L79: ไม่ | M79: ไม่สวมถุงใน | N79: 0 | O79: 0 | P79: 0 | Q79: 0 | R79: 0 | S79: 500กระสอบแบน | T79: 45835 | U79: 5000 | V79: 0 | W79: 5000 | X79: 0 | Y79: 5250 | Z79: WSWT2025800SM | AA79: 5378.45 | AB79: 0 | AC79: 5378.45 | AD79: 0 | AE79: 5378.45 | AF79: 0 | AG79: พร้อมส่ง | AH79: P6 | AI79: 4 | AJ79: 45835 | AK79: 45831 | AL79: 45824 | AM79: 45832 | AN79: 45833 | AO79: 45834 | AP79: 45830 | AQ79: 0 | AR79: 0 | AS79: 0 | AT79: 0 | AU79: 0 | AV79: 0 | AW79: งานเคลือบ+พิมพ์ | AX79: / | AY79: 0 | AZ79: 0 | BA79: 0 | BB79: 0 | BC79: WRWT25850/WRWT25850 | BD79: 406.37178
A80: 45814 | B80: MK68-000756 | C80: บจก.วีซีเอฟ | D80: SPEED PLUS 222ลาว | E80: 20 | F80: 37 | G80: ขาว | H80: ใส | I80: 100 | J80: ± | K80: 5 | L80: ไม่ | M80: ไม่สวมถุงใน | N80: 0 | O80: 0 | P80: 0 | Q80: 0 | R80: 0 | S80: 500กระสอบแบน | T80: 45835 | U80: 10000 | V80: 0 | W80: 10000 | X80: 0 | Y80: 10500 | Z80: WSWT2025800SM | AA80: 10756.9 | AB80: 0 | AC80: 10756.9 | AD80: 0 | AE80: 10756.9 | AF80: 0 | AG80: พร้อมส่ง | AH80: P6 | AI80: 4 | AJ80: 45835 | AK80: 45831 | AL80: 45824 | AM80: 45832 | AN80: 45833 | AO80: 45834 | AP80: 45830 | AQ80: 0 | AR80: 0 | AS80: 0 | AT80: 0 | AU80: 0 | AV80: 0 | AW80: งานเคลือบ+พิมพ์ | AX80: / | AY80: 0 | AZ80: 0 | BA80: 0 | BB80: 0 | BC80: WRWT25850/WRWT25850 | BD80: 812.74356
A81: ประมาณการ | B81: ประมาณการ | C81: บจก.อินเทคค์ โกลบอล | D81: รอแบบ | E81: 20 | F81: 36 | G81: ขาว | H81: ด้าน | I81: 100 | J81: ± | K81: 5 | L81: จับจีบ | M81: ไม่สวมถุงใน | N81: 0 | O81: 0 | P81: 0 | Q81: 0 | R81: 0 | S81: มัด80 ใช้สายรัด | T81: 45838 | U81: 100000 | V81: 0 | W81: 100000 | X81: 0 | Y81: 105000 | Z81: WSWT2025800SM | AA81: 104775 | AB81: 0 | AC81: 104775 | AD81: 0 | AE81: 104775 | AF81: 0 | AG81: พร้อมส่ง | AH81: P6 | AI81: 4 | AJ81: 45838 | AK81: 45834 | AL81: 45827 | AM81: 45835 | AN81: 45836 | AO81: 45837 | AP81: 45833 | AQ81: 0 | AR81: 0 | AS81: 0 | AT81: 0 | AU81: 0 | AV81: 0 | AW81: งานเคลือบ+พิมพ์ | AX81: รอART | AY81: 0 | AZ81: 0 | BA81: 0 | BB81: 0 | BC81: WRWT25850/WRWT25850 | BD81: 7916.3333
A82: 45796 | B82: MK68-000671 | C82: บจก.อินเทคค์ โกลบอล | D82: เฟิร์สช้อย 902 | E82: 20 | F82: 36 | G82: ขาว | H82: ด้าน | I82: 100 | J82: ± | K82: 5 | L82: จับจีบ | M82: ไม่สวมถุงใน | N82: 0 | O82: 0 | P82: 0 | Q82: 0 | R82: 0 | S82: มัด80 ใช้สายรัด | T82: รอแจ้ง | U82: 366 | V82: 0 | W82: 366 | X82: 5113 | Y82: 0 | Z82: WSWT2025800SM | AA82: 0 | AB82: 0 | AC82: 0 | AD82: 0 | AE82: 0 | AF82: 0 | AG82: รอตัด | AH82: P6 | AI82: 4 | AJ82: รอแจ้ง | AK82: #VALUE! | AL82: #VALUE! | AM82: #VALUE! | AN82: #VALUE! | AO82: #VALUE! | AP82: #VALUE! | AQ82: 0 | AR82: 0 | AS82: 0 | AT82: 0 | AU82: 0 | AV82: 0 | AW82: งานเคลือบ+พิมพ์ | AX82: / | AY82: 0 | AZ82: 0 | BA82: 0 | BB82: 0 | BC82: WRWT25850/WRWT25850 | BD82: 0
A83: 45796 | B83: MK68-000673 | C83: บจก.อินเทคค์ โกลบอล | D83: เพอเฟคค์ 000 | E83: 20 | F83: 36 | G83: ขาว | H83: ด้าน | I83: 100 | J83: ± | K83: 5 | L83: จับจีบ | M83: ไม่สวมถุงใน | N83: 0 | O83: 0 | P83: 0 | Q83: 0 | R83: 0 | S83: มัด80 ใช้สายรัด | T83: รอแจ้ง | U83: 179 | V83: 0 | W83: 179 | X83: 11000 | Y83: 0 | Z83: WSWT2025800SM | AA83: 0 | AB83: 0 | AC83: 0 | AD83: 0 | AE83: 0 | AF83: 0 | AG83: ยังไม่ได้พิมพ์ | AH83: P6 | AI83: 4 | AJ83: รอแจ้ง | AK83: #VALUE! | AL83: #VALUE! | AM83: #VALUE! | AN83: #VALUE! | AO83: #VALUE! | AP83: #VALUE! | AQ83: 0 | AR83: 0 | AS83: 0 | AT83: 0 | AU83: 0 | AV83: 0 | AW83: งานเคลือบ+พิมพ์ | AX83: / | AY83: 0 | AZ83: 0 | BA83: 0 | BB83: 0 | BC83: WRWT25850/WRWT25850 | BD83: 0
A84: 45796 | B84: MK68-000673 | C84: บจก.อินเทคค์ โกลบอล | D84: เพอเฟคค์ 902 | E84: 20 | F84: 36 | G84: ขาว | H84: ด้าน | I84: 100 | J84: ± | K84: 5 | L84: จับจีบ | M84: ไม่สวมถุงใน | N84: 0 | O84: 0 | P84: 0 | Q84: 0 | R84: 0 | S84: มัด80 ใช้สายรัด | T84: รอแจ้ง | U84: 302 | V84: 0 | W84: 302 | X84: 5300 | Y84: 0 | Z84: WSWT2025800SM | AA84: 0 | AB84: 0 | AC84: 0 | AD84: 0 | AE84: 0 | AF84: 0 | AG84: ยังไม่ได้พิมพ์ | AH84: P6 | AI84: 4 | AJ84: รอแจ้ง | AK84: #VALUE! | AL84: #VALUE! | AM84: #VALUE! | AN84: #VALUE! | AO84: #VALUE! | AP84: #VALUE! | AQ84: 0 | AR84: 0 | AS84: 0 | AT84: 0 | AU84: 0 | AV84: 0 | AW84: งานเคลือบ+พิมพ์ | AX84: / | AY84: 0 | AZ84: 0 | BA84: 0 | BB84: 0 | BC84: WRWT25850/WRWT25850 | BD84: 0
A85: 45796 | B85: MK68-000674 | C85: บจก.อินเทคค์ โกลบอล | D85: เพอเฟคค์ 913 | E85: 20 | F85: 36 | G85: ขาว | H85: ด้าน | I85: 100 | J85: ± | K85: 5 | L85: จับจีบ | M85: ไม่สวมถุงใน | N85: 0 | O85: 0 | P85: 0 | Q85: 0 | R85: 0 | S85: มัด80 ใช้สายรัด | T85: รอแจ้ง | U85: 1200 | V85: 0 | W85: 1200 | X85: 10700 | Y85: 0 | Z85: WSWT2025800SM | AA85: 0 | AB85: 0 | AC85: 0 | AD85: 0 | AE85: 0 | AF85: 0 | AG85: ยังไม่ได้พิมพ์ | AH85: P6 | AI85: 4 | AJ85: รอแจ้ง | AK85: #VALUE! | AL85: #VALUE! | AM85: #VALUE! | AN85: #VALUE! | AO85: #VALUE! | AP85: #VALUE! | AQ85: 0 | AR85: 0 | AS85: 0 | AT85: 0 | AU85: 0 | AV85: 0 | AW85: งานเคลือบ+พิมพ์ | AX85: / | AY85: 0 | AZ85: 0 | BA85: 0 | BB85: 0 | BC85: WRWT25850/WRWT25850 | BD85: 0
A86: 45798 | B86: MK68-000693 | C86: บจก.เอพีเอ็ม อะโกร | D86: ฟีล กู๊ด พี07 | E86: 20 | F86: 38 | G86: ขาว | H86: ใส | I86: 100 | J86: ± | K86: 5 | L86: บิด | M86: ไม่สวมถุงใน | N86: 0 | O86: 0 | P86: 0 | Q86: 0 | R86: 0 | S86: 500กระสอบแบน | T86: รอแจ้ง | U86: 5000 | V86: 0 | W86: 5000 | X86: 0 | Y86: 5250 | Z86: WSWT2025800SM | AA86: 5518.15 | AB86: 0 | AC86: 5518.15 | AD86: 0 | AE86: 5518.15 | AF86: 0 | AG86: ยังไม่ได้พิมพ์ | AH86: P6 | AI86: 4 | AJ86: รอแจ้ง | AK86: #VALUE! | AL86: #VALUE! | AM86: #VALUE! | AN86: #VALUE! | AO86: #VALUE! | AP86: #VALUE! | AQ86: 0 | AR86: 0 | AS86: 0 | AT86: 0 | AU86: 0 | AV86: 0 | AW86: งานเคลือบ+พิมพ์ | AX86: / | AY86: 0 | AZ86: 0 | BA86: 0 | BB86: 0 | BC86: WRWT25850/WRWT25850 | BD86: 416.92689
A87: 45782 | B87: MK68-000609 | C87: บจก.เอสพีเอ็ม อาหารสัตว์ | D87: SW 441 | E87: 20 | F87: 38 | G87: ขาว | H87: ใส | I87: 100 | J87: ± | K87: 5 | L87: บิด | M87: ไม่สวมถุงใน | N87: 0 | O87: 0 | P87: 0 | Q87: 0 | R87: 0 | S87: 500กระสอบแบน | T87: รอแจ้ง | U87: 20000 | V87: 0 | W87: 20000 | X87: 0 | Y87: 21000 | Z87: WSWT2025800SM | AA87: 22072.6 | AB87: 0 | AC87: 22072.6 | AD87: 0 | AE87: 22072.6 | AF87: 0 | AG87: พร้อมส่ง | AH87: P6 | AI87: 4 | AJ87: รอแจ้ง | AK87: #VALUE! | AL87: #VALUE! | AM87: #VALUE! | AN87: #VALUE! | AO87: #VALUE! | AP87: #VALUE! | AQ87: 0 | AR87: 0 | AS87: 0 | AT87: 0 | AU87: 0 | AV87: 0 | AW87: งานเคลือบ+พิมพ์ | AX87: / | AY87: 0 | AZ87: 0 | BA87: 0 | BB87: 0 | BC87: WRWT25850/WRWT25850 | BD87: 1667.7076
A88: 45810 | B88: MK68-000742 | C88: บจก.เอสพีเอ็ม อาหารสัตว์ | D88: นีโอ 05 | E88: 20 | F88: 38 | G88: ขาว | H88: ด้าน | I88: 100 | J88: ± | K88: 5 | L88: ไม่ | M88: ไม่สวมถุงใน | N88: 0 | O88: 0 | P88: 0 | Q88: 0 | R88: 0 | S88: 500กระสอบแบน | T88: รอแจ้ง | U88: 5000 | V88: 0 | W88: 5000 | X88: 0 | Y88: 5250 | Z88: WSWT2025800SM | AA88: 5518.15 | AB88: 0 | AC88: 5518.15 | AD88: 0 | AE88: 5518.15 | AF88: 0 | AG88: พร้อมส่ง | AH88: P6 | AI88: 4 | AJ88: รอแจ้ง | AK88: #VALUE! | AL88: #VALUE! | AM88: #VALUE! | AN88: #VALUE! | AO88: #VALUE! | AP88: #VALUE! | AQ88: 0 | AR88: 0 | AS88: 0 | AT88: 0 | AU88: 0 | AV88: 0 | AW88: งานเคลือบ+พิมพ์ | AX88: รอART | AY88: 0 | AZ88: 0 | BA88: 0 | BB88: 0 | BC88: WRWT25850/WRWT25850 | BD88: 416.92689
A89: 45810 | B89: MK68-000741 | C89: บจก.เอสพีเอ็ม อาหารสัตว์ | D89: SPM 915 | E89: 20 | F89: 38 | G89: ขาว | H89: ด้าน | I89: 100 | J89: ± | K89: 5 | L89: บิด | M89: ไม่สวมถุงใน | N89: 0 | O89: 0 | P89: 0 | Q89: 0 | R89: 0 | S89: 500กระสอบแบน | T89: รอแจ้ง | U89: 3000 | V89: 0 | W89: 3000 | X89: 0 | Y89: 3150 | Z89: WSWT2025800SM | AA89: 3310.89 | AB89: 0 | AC89: 3310.89 | AD89: 0 | AE89: 3310.89 | AF89: 0 | AG89: พร้อมส่ง | AH89: P6 | AI89: 4 | AJ89: รอแจ้ง | AK89: #VALUE! | AL89: #VALUE! | AM89: #VALUE! | AN89: #VALUE! | AO89: #VALUE! | AP89: #VALUE! | AQ89: 0 | AR89: 0 | AS89: 0 | AT89: 0 | AU89: 0 | AV89: 0 | AW89: งานเคลือบ+พิมพ์ | AX89: รอART | AY89: 0 | AZ89: 0 | BA89: 0 | BB89: 0 | BC89: WRWT25850/WRWT25850 | BD89: 250.15613
A90: 45721 | B90: MK68-000334 | C90: บจก.อินเทคค์ โกลบอล | D90: เพอเฟคค์ 911 | E90: 20 | F90: 36 | G90: ขาว | H90: ด้าน | I90: 100 | J90: ± | K90: 5 | L90: จับจีบ | M90: ไม่สวมถุงใน | N90: 0 | O90: 0 | P90: 0 | Q90: 0 | R90: 0 | S90: มัด80 ใช้สายรัด | T90: รอแจ้ง | U90: 111 | V90: 0 | W90: 111 | X90: 5600 | Y90: 0 | Z90: WSWT2025800SM | AA90: 0 | AB90: 0 | AC90: 0 | AD90: 0 | AE90: 0 | AF90: 0 | AG90: รอแบบ | AH90: P6 | AI90: 4 | AJ90: รอแจ้ง | AK90: #VALUE! | AL90: #VALUE! | AM90: #VALUE! | AN90: #VALUE! | AO90: #VALUE! | AP90: #VALUE! | AQ90: 0 | AR90: 0 | AS90: 0 | AT90: 0 | AU90: 0 | AV90: 0 | AW90: งานเคลือบ+พิมพ์ | AX90: / | AY90: 0 | AZ90: 0 | BA90: 0 | BB90: 0 | BC90: WRWT25850/WRWT25850 | BD90: 0
A91: 45611 | B91: MK67-001533 | C91: บจก.อินเทคค์ โกลบอล | D91: เฟิร์สช้อย 914 | E91: 20 | F91: 36 | G91: ขาว | H91: ด้าน | I91: 100 | J91: ± | K91: 5 | L91: จับจีบ | M91: ไม่สวมถุงใน | N91: 0 | O91: 0 | P91: 0 | Q91: 0 | R91: 0 | S91: มัด80 ใช้สายรัด | T91: รอแจ้ง | U91: 67 | V91: 67 | W91: 0 | X91: 80 | Y91: 0 | Z91: WSWT2025800SM | AA91: 0 | AB91: 0 | AC91: 0 | AD91: 0 | AE91: 0 | AF91: 0 | AG91: รอแบบ | AH91: P6 | AI91: 4 | AJ91: รอแจ้ง | AK91: #VALUE! | AL91: #VALUE! | AM91: #VALUE! | AN91: #VALUE! | AO91: #VALUE! | AP91: #VALUE! | AQ91: 0 | AR91: 0 | AS91: 0 | AT91: 0 | AU91: 0 | AV91: 0 | AW91: งานเคลือบ+พิมพ์ | AX91: / | AY91: 0 | AZ91: 0 | BA91: 0 | BB91: 0 | BC91: WRWT25850/WRWT25850 | BD91: 0
A92: 45721 | B92: MK68-000341 | C92: บจก.อินเทคค์ โกลบอล | D92: สุบรรณ 111 | E92: 20 | F92: 36 | G92: ขาว | H92: ด้าน | I92: 100 | J92: ± | K92: 5 | L92: จับจีบ | M92: ไม่สวมถุงใน | N92: 0 | O92: 0 | P92: 0 | Q92: 0 | R92: 0 | S92: มัด80 ใช้สายรัด | T92: รอแจ้ง | U92: 734 | V92: 0 | W92: 734 | X92: 5520 | Y92: 0 | Z92: WSWT2025800SM | AA92: 0 | AB92: 0 | AC92: 0 | AD92: 0 | AE92: 0 | AF92: 0 | AG92: ยังไม่ได้พิมพ์ | AH92: P6 | AI92: 4 | AJ92: รอแจ้ง | AK92: #VALUE! | AL92: #VALUE! | AM92: #VALUE! | AN92: #VALUE! | AO92: #VALUE! | AP92: #VALUE! | AQ92: 0 | AR92: 0 | AS92: 0 | AT92: 0 | AU92: 0 | AV92: 0 | AW92: งานเคลือบ+พิมพ์ | AX92: / | AY92: 0 | AZ92: 0 | BA92: 0 | BB92: 0 | BC92: WRWT25850/WRWT25850 | BD92: 0
A93: ประมาณการ | B93: ประมาณการ | C93: บจก.เอสพีเอ็ม อาหารสัตว์ | D93: รอแบบ | E93: 20 | F93: 38 | G93: ขาว | H93: ใส | I93: 100 | J93: ± | K93: 5 | L93: บิด | M93: ไม่สวมถุงใน | N93: 0 | O93: 0 | P93: 0 | Q93: 0 | R93: 0 | S93: 500กระสอบแบน | T93: 45838 | U93: 20000 | V93: 0 | W93: 20000 | X93: 0 | Y93: 21000 | Z93: WSWT2025800SM | AA93: 22072.6 | AB93: 0 | AC93: 22072.6 | AD93: 0 | AE93: 22072.6 | AF93: 0 | AG93: รอตัด | AH93: P6 | AI93: 4 | AJ93: 45838 | AK93: 45834 | AL93: 45827 | AM93: 45835 | AN93: 45836 | AO93: 45837 | AP93: 45833 | AQ93: 0 | AR93: 0 | AS93: 0 | AT93: 0 | AU93: 0 | AV93: 0 | AW93: งานเคลือบ+พิมพ์ | AX93: รอART | AY93: 0 | AZ93: 0 | BA93: 0 | BB93: 0 | BC93: WRWT25850/WRWT25850 | BD93: 1667.7076
A94: ประมาณการ | B94: ประมาณการ | C94: บจก.ไทยธรรมดี | D94: รอแบบ | E94: 20 | F94: 37 | G94: ขาว | H94: ด้าน | I94: 97 | J94: ± | K94: 5 | L94: บิด | M94: ไม่สวมถุงใน | N94: 0 | O94: 0 | P94: 0 | Q94: 0 | R94: 0 | S94: 500กระสอบ | T94: 45838 | U94: 40000 | V94: 0 | W94: 40000 | X94: 0 | Y94: 42000 | Z94: WSWT2025800SM | AA94: 43027.6 | AB94: 0 | AC94: 43027.6 | AD94: 0 | AE94: 43027.6 | AF94: 0 | AG94: พร้อมส่ง | AH94: P6 | AI94: 4 | AJ94: 45838 | AK94: 45834 | AL94: 45827 | AM94: 45835 | AN94: 45836 | AO94: 45837 | AP94: 45833 | AQ94: 0 | AR94: 0 | AS94: 0 | AT94: 0 | AU94: 0 | AV94: 0 | AW94: งานเคลือบ+พิมพ์ | AX94: รอART | AY94: 0 | AZ94: 0 | BA94: 0 | BB94: 0 | BC94: WRWT25850/WRWT25850 | BD94: 3250.9742
A95: 45681 | B95: MK68-000122 | C95: บจก.เอสพีเอ็ม อาหารสัตว์ | D95: SPM 212 | E95: 20 | F95: 40 | G95: ขาว | H95: ด้าน | I95: 108 | J95: ± | K95: 5 | L95: บิด | M95: ไม่สวมถุงใน | N95: 0 | O95: 0 | P95: 0 | Q95: 0 | R95: 0 | S95: 500กระสอบแบน | T95: รอแจ้ง | U95: 3000 | V95: 0 | W95: 3000 | X95: 0 | Y95: 3150 | Z95: WSWT2025800SM | AA95: 3478.53 | AB95: 0 | AC95: 3478.53 | AD95: 0 | AE95: 3478.53 | AF95: 0 | AG95: พร้อมส่ง | AH95: P6 | AI95: 4 | AJ95: รอแจ้ง | AK95: #VALUE! | AL95: #VALUE! | AM95: #VALUE! | AN95: #VALUE! | AO95: #VALUE! | AP95: #VALUE! | AQ95: 0 | AR95: 0 | AS95: 0 | AT95: 0 | AU95: 0 | AV95: 0 | AW95: งานเคลือบ+พิมพ์ | AX95: / | AY95: 0 | AZ95: 0 | BA95: 0 | BB95: 0 | BC95: WRWT25850/WRWT25850 | BD95: 262.82227
A96: 45705 | B96: MK68-000247 | C96: บจก.อินเทคค์ โกลบอล | D96: เฟิร์สคลาส 912 | E96: 20 | F96: 35 | G96: ขาว | H96: ด้าน | I96: 97 | J96: ± | K96: 5 | L96: จับจีบ4" | M96: ไม่สวมถุงใน | N96: 0 | O96: 0 | P96: 0 | Q96: 0 | R96: 0 | S96: มัด80 ใช้สายรัด | T96: รอแจ้ง | U96: 855 | V96: 0 | W96: 855 | X96: 16440 | Y96: 0 | Z96: WSWT2025800SM | AA96: 0 | AB96: 0 | AC96: 0 | AD96: 0 | AE96: 0 | AF96: 0 | AG96: รอตัด | AH96: P6 | AI96: 4 | AJ96: รอแจ้ง | AK96: #VALUE! | AL96: #VALUE! | AM96: #VALUE! | AN96: #VALUE! | AO96: #VALUE! | AP96: #VALUE! | AQ96: 0 | AR96: 0 | AS96: 0 | AT96: 0 | AU96: 0 | AV96: 0 | AW96: งานเคลือบ+พิมพ์ | AX96: / | AY96: ลบสีจำนวนมาก 3851 | AZ96: 0 | BA96: 0 | BB96: 0 | BC96: WRWT25850/WRWT25850 | BD96: 0
A97: 45674 | B97: MK68-000093 | C97: บจก.อินเทคค์ โกลบอล | D97: เฟิร์สคลาส 902 | E97: 20 | F97: 35 | G97: ขาว | H97: ด้าน | I97: 97 | J97: ± | K97: 5 | L97: จับจีบ4" | M97: ไม่สวมถุงใน | N97: 0 | O97: 0 | P97: 0 | Q97: 0 | R97: 0 | S97: มัด80 ใช้สายรัด | T97: รอแจ้ง | U97: 152 | V97: 0 | W97: 152 | X97: 6000 | Y97: 0 | Z97: WSWT2025800SM | AA97: 0 | AB97: 0 | AC97: 0 | AD97: 0 | AE97: 0 | AF97: 5987 | AG97: พร้อมส่ง | AH97: P6 | AI97: 4 | AJ97: รอแจ้ง | AK97: #VALUE! | AL97: #VALUE! | AM97: #VALUE! | AN97: #VALUE! | AO97: #VALUE! | AP97: #VALUE! | AQ97: 0 | AR97: 0 | AS97: 0 | AT97: 0 | AU97: 0 | AV97: 0 | AW97: งานเคลือบ+พิมพ์ | AX97: / | AY97: ลบสี 5040 | AZ97: 0 | BA97: 0 | BB97: 0 | BC97: WRWT25850/WRWT25850 | BD97: 0
A98: 45611 | B98: MK67-001532 | C98: บจก.อินเทคค์ โกลบอล | D98: เฟิร์สช้อย 903 | E98: 20 | F98: 36 | G98: ขาว | H98: ด้าน | I98: 100 | J98: ± | K98: 5 | L98: จับจีบ | M98: ไม่สวมถุงใน | N98: 0 | O98: 0 | P98: 0 | Q98: 0 | R98: 0 | S98: มัด80 ใช้สายรัด | T98: รอแจ้ง | U98: 117 | V98: 0 | W98: 117 | X98: 10065 | Y98: 0 | Z98: WSWT2025800SM | AA98: 0 | AB98: 0 | AC98: 0 | AD98: 0 | AE98: 0 | AF98: 0 | AG98: พร้อมส่ง | AH98: P6 | AI98: 4 | AJ98: รอแจ้ง | AK98: #VALUE! | AL98: #VALUE! | AM98: #VALUE! | AN98: #VALUE! | AO98: #VALUE! | AP98: #VALUE! | AQ98: 0 | AR98: 0 | AS98: 0 | AT98: 0 | AU98: 0 | AV98: 0 | AW98: งานเคลือบ+พิมพ์ | AX98: / | AY98: 0 | AZ98: 0 | BA98: 0 | BB98: 0 | BC98: WRWT25850/WRWT25850 | BD98: 0
A99: 45523 | B99: MK67-001153 | C99: บจก.อินเทคค์ โกลบอล | D99: สุบรรณ 777 | E99: 20 | F99: 36 | G99: ขาว | H99: ด้าน | I99: 100 | J99: ± | K99: 5 | L99: จับจีบ | M99: ไม่สวมถุงใน | N99: 0 | O99: 0 | P99: 0 | Q99: 0 | R99: 0 | S99: มัด80 ใช้สายรัด | T99: รอแจ้ง | U99: 1260 | V99: 0 | W99: 1260 | X99: 11095 | Y99: 0 | Z99: WSWT2025800SM | AA99: 0 | AB99: 0 | AC99: 0 | AD99: 0 | AE99: 0 | AF99: 0 | AG99: พร้อมส่ง | AH99: P6 | AI99: 4 | AJ99: รอแจ้ง | AK99: #VALUE! | AL99: #VALUE! | AM99: #VALUE! | AN99: #VALUE! | AO99: #VALUE! | AP99: #VALUE! | AQ99: 0 | AR99: 0 | AS99: 0 | AT99: 0 | AU99: 0 | AV99: 0 | AW99: งานเคลือบ+พิมพ์ | AX99: / | AY99: 0 | AZ99: 0 | BA99: 0 | BB99: 0 | BC99: WRWT25850/WRWT25850 | BD99: 0
A100: 45523 | B100: MK67-001153 | C100: บจก.อินเทคค์ โกลบอล | D100: สุบรรณ 666 | E100: 20 | F100: 36 | G100: ขาว | H100: ด้าน | I100: 100 | J100: ± | K100: 5 | L100: จับจีบ | M100: ไม่สวมถุงใน | N100: 0 | O100: 0 | P100: 0 | Q100: 0 | R100: 0 | S100: มัด80 ใช้สายรัด | T100: รอแจ้ง | U100: 89 | V100: 0 | W100: 89 | X100: 11180 | Y100: 0 | Z100: WSWT2025800SM | AA100: 0 | AB100: 0 | AC100: 0 | AD100: 0 | AE100: 0 | AF100: 0 | AG100: พร้อมส่ง | AH100: P6 | AI100: 4 | AJ100: รอแจ้ง | AK100: #VALUE! | AL100: #VALUE! | AM100: #VALUE! | AN100: #VALUE! | AO100: #VALUE! | AP100: #VALUE! | AQ100: 0 | AR100: 0 | AS100: 0 | AT100: 0 | AU100: 0 | AV100: 0 | AW100: งานเคลือบ+พิมพ์ | AX100: / | AY100: 0 | AZ100: 0 | BA100: 0 | BB100: 0 | BC100: WRWT25850/WRWT25850 | BD100: 0
A101: 45752 | B101: MK68-000514 | C101: บจก.เอสพีเอ็ม อาหารสัตว์ | D101: SW 441 PLUS | E101: 20 | F101: 38 | G101: ขาว | H101: ใส | I101: 100 | J101: ± | K101: 5 | L101: บิด | M101: ไม่สวมถุงใน | N101: 0 | O101: 0 | P101: 0 | Q101: 0 | R101: 0 | S101: 500กระสอบแบน | T101: 45820 | U101: 5000 | V101: 5168 | W101: 0 | X101: 5400 | Y101: 0 | Z101: WSWT2025800SM | AA101: 0 | AB101: 0 | AC101: 0 | AD101: 0 | AE101: 0 | AF101: 0 | AG101: พร้อมส่ง | AH101: P6 | AI101: 4 | AJ101: 45820 | AK101: 45816 | AL101: 45809 | AM101: 45817 | AN101: 45818 | AO101: 45819 | AP101: 45815 | AQ101: 0 | AR101: 0 | AS101: 0 | AT101: 0 | AU101: 0 | AV101: 0 | AW101: งานเคลือบ+พิมพ์ | AX101: / | AY101: มีลบสี | AZ101: 0 | BA101: 0 | BB101: 0 | BC101: WRWT25850/WRWT25850 | BD101: 0
A102: 45741 | B102: MK68-000452 | C102: บจก.เอพีเอ็ม อะโกร | D102: วี-ฟีด วี 07 | E102: 20 | F102: 38 | G102: ขาว | H102: ใส | I102: 100 | J102: ± | K102: 5 | L102: บิด | M102: ไม่สวมถุงใน | N102: 0 | O102: 0 | P102: 0 | Q102: 0 | R102: 0 | S102: 500กระสอบแบน | T102: รอส่ง | U102: 4000 | V102: 3857 | W102: 143 | X102: 4200 | Y102: 0 | Z102: WSWT2025800SM | AA102: 0 | AB102: 0 | AC102: 0 | AD102: 0 | AE102: 0 | AF102: 0 | AG102: พร้อมส่ง | AH102: P6 | AI102: 4 | AJ102: รอส่ง | AK102: #VALUE! | AL102: #VALUE! | AM102: #VALUE! | AN102: #VALUE! | AO102: #VALUE! | AP102: #VALUE! | AQ102: 0 | AR102: 0 | AS102: 0 | AT102: 0 | AU102: 0 | AV102: 0 | AW102: งานเคลือบ+พิมพ์ | AX102: / | AY102: มีลบสี | AZ102: 0 | BA102: 0 | BB102: 0 | BC102: WRWT25850/WRWT25850 | BD102: 0
A103: 45720 | B103: ใบรับคำสั่งซื้อ | C103: บจก.เอพีเอ็ม อะโกร | D103: นีโอ พี3(เอส) | E103: 20 | F103: 38 | G103: ขาว | H103: ด้าน | I103: 100 | J103: ± | K103: 5 | L103: บิด | M103: ไม่สวมถุงใน | N103: 0 | O103: 0 | P103: 0 | Q103: 0 | R103: 0 | S103: 500กระสอบแบน | T103: รอส่ง | U103: 4000 | V103: 4010 | W103: 0 | X103: 4470 | Y103: 0 | Z103: WSWT2025800SM | AA103: 0 | AB103: 0 | AC103: 0 | AD103: 0 | AE103: 0 | AF103: 0 | AG103: พร้อมส่ง | AH103: P6 | AI103: 4 | AJ103: รอส่ง | AK103: #VALUE! | AL103: #VALUE! | AM103: #VALUE! | AN103: #VALUE! | AO103: #VALUE! | AP103: #VALUE! | AQ103: 0 | AR103: 0 | AS103: 0 | AT103: 0 | AU103: 0 | AV103: 0 | AW103: งานเคลือบ+พิมพ์ | AX103: / | AY103: 0 | AZ103: 0 | BA103: 0 | BB103: 0 | BC103: WRWT25850/WRWT25850 | BD103: 0
A104: 45720 | B104: ใบรับคำสั่งซื้อ | C104: บจก.เอพีเอ็ม อะโกร | D104: นีโอ พี4(เอส) | E104: 20 | F104: 38 | G104: ขาว | H104: ด้าน | I104: 100 | J104: ± | K104: 5 | L104: บิด | M104: ไม่สวมถุงใน | N104: 0 | O104: 0 | P104: 0 | Q104: 0 | R104: 0 | S104: 500กระสอบแบน | T104: รอส่ง | U104: 3000 | V104: 3065 | W104: 0 | X104: 3300 | Y104: 0 | Z104: WSWT2025800SM | AA104: 0 | AB104: 0 | AC104: 0 | AD104: 0 | AE104: 0 | AF104: 0 | AG104: พร้อมส่ง | AH104: P6 | AI104: 4 | AJ104: รอส่ง | AK104: #VALUE! | AL104: #VALUE! | AM104: #VALUE! | AN104: #VALUE! | AO104: #VALUE! | AP104: #VALUE! | AQ104: 0 | AR104: 0 | AS104: 0 | AT104: 0 | AU104: 0 | AV104: 0 | AW104: งานเคลือบ+พิมพ์ | AX104: / | AY104: 0 | AZ104: 0 | BA104: 0 | BB104: 0 | BC104: WRWT25850/WRWT25850 | BD104: 0
A105: 45541 | B105: MK67-001236 | C105: บจก.เอพีเอ็ม อะโกร | D105: ยูฟีด รวมไก่ วัว | E105: 20 | F105: 40 | G105: ขาว | H105: ด้าน | I105: 108 | J105: ± | K105: 5 | L105: บิด | M105: ไม่สวมถุงใน | N105: 0 | O105: 0 | P105: 0 | Q105: 0 | R105: 0 | S105: 500กระสอบแบน | T105: รอส่ง | U105: 3000 | V105: 3318 | W105: 0 | X105: 0 | Y105: 0 | Z105: WSWT2025800SM | AA105: 0 | AB105: 0 | AC105: 0 | AD105: 0 | AE105: 0 | AF105: ลูกค้าสั่งผิดเอาไปส่งเดือน10 | AG105: พร้อมส่ง | AH105: P6 | AI105: 4 | AJ105: รอส่ง | AK105: #VALUE! | AL105: #VALUE! | AM105: #VALUE! | AN105: #VALUE! | AO105: #VALUE! | AP105: #VALUE! | AQ105: 0 | AR105: 0 | AS105: 0 | AT105: 0 | AU105: 0 | AV105: 0 | AW105: งานเคลือบ+พิมพ์ | AX105: 0 | AY105: ลูกค้าต้องการเคลือบใส แต่เปิดมาเคลือบด้าน | AZ105: 0 | BA105: 0 | BB105: 0 | BC105: WRWT25850/WRWT25850 | BD105: 0
A106: 45548 | B106: MK67-001272 | C106: บจก.เอพีเอ็ม อะโกร | D106: นีโอ พี3 | E106: 20 | F106: 38 | G106: ขาว | H106: ด้าน | I106: 100 | J106: ± | K106: 5 | L106: บิด | M106: ไม่สวมถุงใน | N106: 0 | O106: 0 | P106: 0 | Q106: 0 | R106: 0 | S106: 500กระสอบแบน | T106: รอส่ง | U106: 2500 | V106: 2364 | W106: 136 | X106: 5500 | Y106: 0 | Z106: WSWT2025800SM | AA106: 0 | AB106: 0 | AC106: 0 | AD106: 0 | AE106: 0 | AF106: 0 | AG106: พร้อมส่ง | AH106: P6 | AI106: 4 | AJ106: รอส่ง | AK106: #VALUE! | AL106: #VALUE! | AM106: #VALUE! | AN106: #VALUE! | AO106: #VALUE! | AP106: #VALUE! | AQ106: 0 | AR106: 0 | AS106: 0 | AT106: 0 | AU106: 0 | AV106: 0 | AW106: งานเคลือบ+พิมพ์ | AX106: / | AY106: 0 | AZ106: 0 | BA106: 0 | BB106: 0 | BC106: WRWT25850/WRWT25850 | BD106: 0
A107: 45581 | B107: MK67-001396 | C107: บจก.เอพีเอ็ม อะโกร | D107: นีโอ พี4 | E107: 20 | F107: 38 | G107: ขาว | H107: ด้าน | I107: 100 | J107: ± | K107: 5 | L107: บิด | M107: ไม่สวมถุงใน | N107: 0 | O107: 0 | P107: 0 | Q107: 0 | R107: 0 | S107: 500กระสอบแบน | T107: รอส่ง | U107: 3000 | V107: 3194 | W107: 0 | X107: 5632 | Y107: 0 | Z107: WSWT2025800SM | AA107: 0 | AB107: 0 | AC107: 0 | AD107: 0 | AE107: 0 | AF107: 0 | AG107: พร้อมส่ง | AH107: P6 | AI107: 4 | AJ107: รอส่ง | AK107: #VALUE! | AL107: #VALUE! | AM107: #VALUE! | AN107: #VALUE! | AO107: #VALUE! | AP107: #VALUE! | AQ107: 0 | AR107: 0 | AS107: 0 | AT107: 0 | AU107: 0 | AV107: 0 | AW107: งานเคลือบ+พิมพ์ | AX107: / | AY107: 0 | AZ107: 0 | BA107: 0 | BB107: 0 | BC107: WRWT25850/WRWT25850 | BD107: 0
A108: 0 | B108: 0 | C108: 0 | D108: 0 | E108: 20 | F108: 38 | G108: 0 | H108: 0 | I108: 84 | J108: ± | K108: 5 | L108: 0 | M108: 0 | N108: 0 | O108: 0 | P108: 0 | Q108: 0 | R108: 0 | S108: 0 | U108: 0 | V108: 0 | W108: 0 | X108: 0 | Y108: 0 | Z108: WSWT2025800SM | AA108: 327312.56 | AB108: 79819.34 | AC108: 247493.22 | AD108: 5280.66 | AE108: 322031.9 | AF108: ระบุในSD | AG108: พร้อมส่ง | AH108: 0 | AI108: Lead time | AJ108: 0 | AK108: 0 | AL108: 0 | AM108: 0 | AN108: 0 | AO108: 0 | AP108: 0 | AQ108: 0 | AR108: 0 | AS108: 0 | AT108: 0 | AU108: 0 | AV108: 0 | AW108: 0 | AX108: 0 | AY108: 0 | AZ108: 0 | BA108: 0 | BB108: 0 | BC108: WRWT25850/WRWT25850 | BD108: 0
A109: 45796 | B109: MK68-000678 | C109: บจก.อินเทคค์ โกลบอล | D109: เพอเฟคค์664HP | E109: 20 | F109: 36 | G109: ขาว | H109: 0 | I109: 78 | J109: ± | K109: 5 | L109: จับจีบ4" | M109: ไม่สวมถุงใน | N109: 0 | O109: 0 | P109: 0 | Q109: 0 | R109: 0 | S109: มัด80 ใช้สายรัด | T109: รอแจ้ง | U109: 640 | V109: 0 | W109: 640 | X109: 83500 | Y109: 0 | Z109: WSWT2025800 | AA109: 0 | AB109: 0 | AC109: 0 | AD109: 0 | AE109: 0 | AF109: ห้ามขาด-ห้ามเกิน | AG109: ยังไม่ได้พิมพ์ | AH109: P7 | AI109: 2 | AJ109: รอแจ้ง | AK109: 0 | AL109: #VALUE! | AM109: #VALUE! | AN109: #VALUE! | AO109: #VALUE! | AP109: #VALUE! | AQ109: 0 | AR109: 0 | AS109: 0 | AT109: 0 | AU109: 0 | AV109: 0 | AW109: งานพิมพ์ | AX109: / | AY109: 0 | AZ109: 0 | BA109: 0 | BB109: 0 | BC109: WRWT25800/WRWT25800 | BD109: 0
A110: 45786 | B110: MK68-000646 | C110: บจก.เบทาโกร | D110: WB ฟาร์ม F916 30kg | E110: 20 | F110: 37 | G110: ขาว | H110: 0 | I110: 80 | J110: ± | K110: 3 | L110: ไม่ | M110: ไม่สวมถุงใน | N110: 0 | O110: 0 | P110: 0 | Q110: 0 | R110: 0 | S110: 500กระสอบ พร้อมระบุชื่อบริษัท รายการสินค้า จำนวนแต่ละแพ็ค | T110: 45838 | U110: 10000 | V110: 10196 | W110: 0 | X110: 10500 | Y110: 0 | Z110: WSWT2025800 | AA110: 0 | AB110: 0 | AC110: 0 | AD110: 0 | AE110: 0 | AF110: พระประแดง | AG110: รอตัด | AH110: P7 | AI110: 2 | AJ110: 45838 | AK110: 0 | AL110: 45829 | AM110: 45836 | AN110: 45837 | AO110: 45837 | AP110: 45833 | AQ110: 0 | AR110: 0 | AS110: 0 | AT110: 0 | AU110: 0 | AV110: 0 | AW110: งานพิมพ์ | AX110: / | AY110: 0 | AZ110: 0 | BA110: 0 | BB110: 0 | BC110: WRWT25800/WRWT25800 | BD110: 0
