Workbook

Sheet Linkสูตรออร์เดอร์  (2)
B2: เรียงกำหนดส่ง | D2: ลบ 0 | T2: เรียง 1
B3: ข้อมูลUpdate ณ. วันที่ | D3: 45665 | E3: เวลา | G3: 11.1
A4: วันรับออร์เดอร์/แบบ | B4: เลขที่ SO | C4: ชื่อลูกค้า | D4: ตรา | E4: 10.3 | I4: น้ำหนัก | L4: บิด/จับจีบ | M4: ถุงใน | Q4: =[1]หน้าผ้า!$AC$13 -> 44873 | S4: วิธีบรรจุ | T4: วันส่ง | U4: จำนวนส่ง | V4: ตัดเย็บ (ใบ) | W4: =[1]หน้าผ้า!$AJ$13 -> 44873 | X4: พิมพ์ (ใบ) | Y4: =[1]หน้าผ้า!$AM$13 -> 44876 | Z4: ผ้าทอ (เมตร) Updateณ | AB4: =[1]หน้าผ้า!$AR$12 -> 44876 | AD4: ผ้าเคลือบ(เมตร) | AF4: หมายเหตุ | AG4: เครื่อง
B5: เลขที่ SO | C5: ชื่อลูกค้า | D5: ตรา | E5: กว้าง | F5: ยาว | G5: สี | H5: เคลือบ | I5: กรัม/ใบ | J5: * | K5: aw | L5: บิด/จับจีบ | M5: กว้าง | N5: ยาว | O5: หนา | P5: ใช้(กก.) | Q5: Stock(กก.) | R5: ผลิต(กก.) | S5: วิธีบรรจุ | T5: วันส่ง | U5: จำนวนส่ง | V5: StockFG | W5: ค้างตัด | X5: พิมพ์แล้ว | Y5: ค้างพิมพ์ | Z5: ประเภท | AA5: ใช้ | AB5: Stock | AC5: ค้างทอ | AD5: Stock | AE5: ค้างเคลือบ | AF5: หมายเหตุ | AG5: ที่พิมพ์ได้ | AH5: process | AI5: Lead time | AJ5: วันที่ส่งPL | AK5: เคลือบ | AL5: ได้ ART | AM5: พิมพ์ | AN5: จีบ-บิด | AO5: ตัด-เย็บ | AP5: ทอ | AQ5: สวมถุง | AR5: เย็บปาก | AS5: PT | AT5: ม้วน | AU5: ตัด | AV5: ตอกตาไก่ | AW5: GROUP | AX5: ART | AY5: หมายเหตุปัญหา | AZ5: ราคา/ใบ | BA5: ราคารวม | BB5: workweek | BC5: เส้นเทป | BD5: จำนวน
A6: =[2]หน้าผ้า!C15 -> 0 | B6: =[2]หน้าผ้า!B15 -> 0 | C6: =[2]หน้าผ้า!E15 -> 0 | D6: =[2]หน้าผ้า!F15 -> 0 | E6: =[2]หน้าผ้า!G15 -> 12 | F6: =[2]หน้าผ้า!H15 -> 16 | G6: =[2]หน้าผ้า!I15 -> ขาว | H6: =[2]หน้าผ้า!J15 -> 0 | I6: =[2]หน้าผ้า!L15 -> 25 | J6: =[2]หน้าผ้า!M15 -> ± | K6: =[2]หน้าผ้า!N15 -> 5 | L6: =[2]หน้าผ้า!R15 -> 0 | M6: =[2]หน้าผ้า!T15 -> 0 | N6: =[2]หน้าผ้า!U15 -> 0 | O6: =[2]หน้าผ้า!V15 -> 0 | P6: =[2]หน้าผ้า!AB15 -> 0 | Q6: =[2]หน้าผ้า!AC15 -> 0 | R6: =[2]หน้าผ้า!AD15 -> 0 | S6: =[2]หน้าผ้า!Z15 -> 0 | T6: =[2]หน้าผ้า!X15 -> 0 | U6: =[2]หน้าผ้า!AA15 -> 0 | V6: =[2]หน้าผ้า!AJ15 -> 0 | W6: =[2]หน้าผ้า!AL15 -> 0 | X6: =[2]หน้าผ้า!AM15 -> 0 | Y6: =[2]หน้าผ้า!AN15 -> 0 | Z6: =[2]หน้าผ้า!AO15 -> WSWT1221750 | AA6: =[2]หน้าผ้า!AQ15 -> #REF! | AB6: =[2]หน้าผ้า!AR15 -> #REF! | AC6: =[2]หน้าผ้า!AS15 -> #REF! | AD6: =[2]หน้าผ้า!AT15 -> #REF! | AE6: =[2]หน้าผ้า!AU15 -> #REF! | AF6: =[2]หน้าผ้า!AI15 -> ระบุในSD | AG6: =[3]หน้าผ้า!DC18 -> < Ord 20,000 | AH6: =[2]หน้าผ้า!DL15 -> 0 | AI6: =[2]หน้าผ้า!DM15 -> 0 | AJ6: =[2]หน้าผ้า!DN15 -> 0 | AK6: =[2]หน้าผ้า!DQ15 -> 0 | AL6: =[2]หน้าผ้า!DR15 -> 0 | AM6: =[2]หน้าผ้า!DS15 -> 0 | AN6: =[2]หน้าผ้า!DT15 -> 0 | AO6: =[2]หน้าผ้า!DU15 -> 0 | AP6: =[2]หน้าผ้า!DP15 -> 0 | AQ6: =[2]หน้าผ้า!DW15 -> 0 | AR6: =[2]หน้าผ้า!DX15 -> 0 | AS6: =[2]หน้าผ้า!DY15 -> 0 | AT6: =[2]หน้าผ้า!DZ15 -> 0 | AU6: =[2]หน้าผ้า!EA15 -> 0 | AV6: =[2]หน้าผ้า!EB15 -> 0 | AW6: =[2]หน้าผ้า!EC15 -> 0 | AX6: =[2]หน้าผ้า!ED15 -> 0 | AY6: =[2]หน้าผ้า!AG15 -> 0 | AZ6: =[2]หน้าผ้า!EG15 -> 0 | BA6: =[2]หน้าผ้า!EH15 -> 0 | BB6: =[2]หน้าผ้า!EI15 -> 0 | BC6: =[2]หน้าผ้า!BZ15 -> WRWT120750/WRWT21750 | BD6: =[2]หน้าผ้า!CA15 -> 0
A7: =[2]หน้าผ้า!C16 -> 0 | B7: =[2]หน้าผ้า!B16 -> 0 | C7: =[2]หน้าผ้า!E16 -> 0 | D7: =[2]หน้าผ้า!F16 -> 0 | E7: =[2]หน้าผ้า!G16 -> 14 | F7: =[2]หน้าผ้า!H16 -> 22 | G7: =[2]หน้าผ้า!I16 -> ขาว | H7: =[2]หน้าผ้า!J16 -> 0 | I7: =[2]หน้าผ้า!L16 -> 36 | J7: =[2]หน้าผ้า!M16 -> ± | K7: =[2]หน้าผ้า!N16 -> 5 | L7: =[2]หน้าผ้า!R16 -> 0 | M7: =[2]หน้าผ้า!T16 -> 0 | N7: =[2]หน้าผ้า!U16 -> 0 | O7: =[2]หน้าผ้า!V16 -> 0 | P7: =[2]หน้าผ้า!AB16 -> 0 | Q7: =[2]หน้าผ้า!AC16 -> 0 | R7: =[2]หน้าผ้า!AD16 -> 0 | S7: =[2]หน้าผ้า!Z16 -> 0 | T7: =[2]หน้าผ้า!X16 -> 0 | U7: =[2]หน้าผ้า!AA16 -> 0 | V7: =[2]หน้าผ้า!AJ16 -> 0 | W7: =[2]หน้าผ้า!AL16 -> 0 | X7: =[2]หน้าผ้า!AM16 -> 0 | Y7: =[2]หน้าผ้า!AN16 -> 0 | Z7: =[2]หน้าผ้า!AO16 -> WSWT1425800 | AA7: =[2]หน้าผ้า!AQ16 -> #REF! | AB7: =[2]หน้าผ้า!AR16 -> #REF! | AC7: =[2]หน้าผ้า!AS16 -> #REF! | AD7: =[2]หน้าผ้า!AT16 -> #REF! | AE7: =[2]หน้าผ้า!AU16 -> #REF! | AF7: =[2]หน้าผ้า!AI16 -> ระบุในSD | AG7: =[3]หน้าผ้า!DC19 -> ยังไม่ได้พิมพ์ | AH7: =[2]หน้าผ้า!DL16 -> 0 | AI7: =[2]หน้าผ้า!DM16 -> Lead time | AJ7: =[2]หน้าผ้า!DN16 -> 0 | AK7: =[2]หน้าผ้า!DQ16 -> 0 | AL7: =[2]หน้าผ้า!DR16 -> 0 | AM7: =[2]หน้าผ้า!DS16 -> 0 | AN7: =[2]หน้าผ้า!DT16 -> 0 | AO7: =[2]หน้าผ้า!DU16 -> 0 | AP7: =[2]หน้าผ้า!DP16 -> 0 | AQ7: =[2]หน้าผ้า!DW16 -> 0 | AR7: =[2]หน้าผ้า!DX16 -> 0 | AS7: =[2]หน้าผ้า!DY16 -> 0 | AT7: =[2]หน้าผ้า!DZ16 -> 0 | AU7: =[2]หน้าผ้า!EA16 -> 0 | AV7: =[2]หน้าผ้า!EB16 -> 0 | AW7: =[2]หน้าผ้า!EC16 -> 0 | AX7: =[2]หน้าผ้า!ED16 -> 0 | AY7: =[2]หน้าผ้า!AG16 -> 0 | AZ7: =[2]หน้าผ้า!EG16 -> 0 | BA7: =[2]หน้าผ้า!EH16 -> 0 | BB7: =[2]หน้าผ้า!EI16 -> 0 | BC7: =[2]หน้าผ้า!BZ16 -> WRWT140800/WRWT25800 | BD7: =[2]หน้าผ้า!CA16 -> 0
A8: =[2]หน้าผ้า!C17 -> 0 | B8: =[2]หน้าผ้า!B17 -> 0 | C8: =[2]หน้าผ้า!E17 -> 0 | D8: =[2]หน้าผ้า!F17 | E8: =[2]หน้าผ้า!G17 -> 16 | F8: =[2]หน้าผ้า!H17 -> 25 | G8: =[2]หน้าผ้า!I17 -> ขาว | H8: =[2]หน้าผ้า!J17 -> 0 | I8: =[2]หน้าผ้า!L17 -> 45 | J8: =[2]หน้าผ้า!M17 -> ± | K8: =[2]หน้าผ้า!N17 -> 5 | L8: =[2]หน้าผ้า!R17 -> 0 | M8: =[2]หน้าผ้า!T17 -> 0 | N8: =[2]หน้าผ้า!U17 -> 0 | O8: =[2]หน้าผ้า!V17 -> 0 | P8: =[2]หน้าผ้า!AB17 -> 0 | Q8: =[2]หน้าผ้า!AC17 -> 0 | R8: =[2]หน้าผ้า!AD17 -> 0 | S8: =[2]หน้าผ้า!Z17 -> 0 | T8: =[2]หน้าผ้า!X17 -> 0 | U8: =[2]หน้าผ้า!AA17 -> 0 | V8: =[2]หน้าผ้า!AJ17 -> 0 | W8: =[2]หน้าผ้า!AL17 -> 0 | X8: =[2]หน้าผ้า!AM17 -> 0 | Y8: =[2]หน้าผ้า!AN17 -> 0 | Z8: =[2]หน้าผ้า!AO17 -> WSWT1625800SM | AA8: =[2]หน้าผ้า!AQ17 -> #REF! | AB8: =[2]หน้าผ้า!AR17 -> #REF! | AC8: =[2]หน้าผ้า!AS17 -> #REF! | AD8: =[2]หน้าผ้า!AT17 -> #REF! | AE8: =[2]หน้าผ้า!AU17 -> #REF! | AF8: =[2]หน้าผ้า!AI17 -> ระบุในSD | AG8: =[3]หน้าผ้า!DC20 -> พร้อมส่ง | AH8: =[2]หน้าผ้า!DL17 -> 0 | AI8: =[2]หน้าผ้า!DM17 -> Lead time | AJ8: =[2]หน้าผ้า!DN17 -> 0 | AK8: =[2]หน้าผ้า!DQ17 -> 0 | AL8: =[2]หน้าผ้า!DR17 -> 0 | AM8: =[2]หน้าผ้า!DS17 -> 0 | AN8: =[2]หน้าผ้า!DT17 -> 0 | AO8: =[2]หน้าผ้า!DU17 -> 0 | AP8: =[2]หน้าผ้า!DP17 -> 0 | AQ8: =[2]หน้าผ้า!DW17 -> 0 | AR8: =[2]หน้าผ้า!DX17 -> 0 | AS8: =[2]หน้าผ้า!DY17 -> 0 | AT8: =[2]หน้าผ้า!DZ17 -> 0 | AU8: =[2]หน้าผ้า!EA17 -> 0 | AV8: =[2]หน้าผ้า!EB17 -> 0 | AW8: =[2]หน้าผ้า!EC17 -> 0 | AX8: =[2]หน้าผ้า!ED17 -> 0 | AY8: =[2]หน้าผ้า!AG17 -> 0 | AZ8: =[2]หน้าผ้า!EG17 -> 0 | BA8: =[2]หน้าผ้า!EH17 -> 0 | BB8: =[2]หน้าผ้า!EI17 -> 0 | BC8: =[2]หน้าผ้า!BZ17 -> WRWT160800/WRWT25800 | BD8: =[2]หน้าผ้า!CA17 -> 0
A9: =[2]หน้าผ้า!C18 -> 0 | B9: =[2]หน้าผ้า!B18 -> 0 | C9: =[2]หน้าผ้า!E18 -> 0 | D9: =[2]หน้าผ้า!F18 -> 0 | E9: =[2]หน้าผ้า!G18 -> 16 | F9: =[2]หน้าผ้า!H18 -> 25 | G9: =[2]หน้าผ้า!I18 -> ขาว | H9: =[2]หน้าผ้า!J18 -> 0 | I9: =[2]หน้าผ้า!L18 -> 45 | J9: =[2]หน้าผ้า!M18 -> ± | K9: =[2]หน้าผ้า!N18 -> 5 | L9: =[2]หน้าผ้า!R18 -> 0 | M9: =[2]หน้าผ้า!T18 -> 0 | N9: =[2]หน้าผ้า!U18 -> 0 | O9: =[2]หน้าผ้า!V18 -> 0 | P9: =[2]หน้าผ้า!AB18 -> 0 | Q9: =[2]หน้าผ้า!AC18 -> 0 | R9: =[2]หน้าผ้า!AD18 -> 0 | S9: =[2]หน้าผ้า!Z18 -> 0 | T9: =[2]หน้าผ้า!X18 -> 0 | U9: =[2]หน้าผ้า!AA18 -> 0 | V9: =[2]หน้าผ้า!AJ18 -> 0 | W9: =[2]หน้าผ้า!AL18 -> 0 | X9: =[2]หน้าผ้า!AM18 -> 0 | Y9: =[2]หน้าผ้า!AN18 -> 0 | Z9: =[2]หน้าผ้า!AO18 -> WSWT1625800 | AA9: =[2]หน้าผ้า!AQ18 -> #REF! | AB9: =[2]หน้าผ้า!AR18 -> #REF! | AC9: =[2]หน้าผ้า!AS18 -> #REF! | AD9: =[2]หน้าผ้า!AT18 -> #REF! | AE9: =[2]หน้าผ้า!AU18 -> #REF! | AF9: =[2]หน้าผ้า!AI18 -> ระบุในSD | AG9: =[3]หน้าผ้า!DC21 -> พิมพ์ไม่ครบ | AH9: =[2]หน้าผ้า!DL18 -> 0 | AI9: =[2]หน้าผ้า!DM18 -> Lead time | AJ9: =[2]หน้าผ้า!DN18 -> 0 | AK9: =[2]หน้าผ้า!DQ18 -> 0 | AL9: =[2]หน้าผ้า!DR18 -> 0 | AM9: =[2]หน้าผ้า!DS18 -> 0 | AN9: =[2]หน้าผ้า!DT18 -> 0 | AO9: =[2]หน้าผ้า!DU18 -> 0 | AP9: =[2]หน้าผ้า!DP18 -> 0 | AQ9: =[2]หน้าผ้า!DW18 -> 0 | AR9: =[2]หน้าผ้า!DX18 -> 0 | AS9: =[2]หน้าผ้า!DY18 -> 0 | AT9: =[2]หน้าผ้า!DZ18 -> 0 | AU9: =[2]หน้าผ้า!EA18 -> 0 | AV9: =[2]หน้าผ้า!EB18 -> 0 | AW9: =[2]หน้าผ้า!EC18 -> 0 | AX9: =[2]หน้าผ้า!ED18 -> 0 | AY9: =[2]หน้าผ้า!AG18 -> 0 | AZ9: =[2]หน้าผ้า!EG18 -> 0 | BA9: =[2]หน้าผ้า!EH18 -> 0 | BB9: =[2]หน้าผ้า!EI18 -> 0 | BC9: =[2]หน้าผ้า!BZ18 -> WRWT160800/WRWT25800 | BD9: =[2]หน้าผ้า!CA18 -> 0
A10: =[2]หน้าผ้า!C19 -> 45651 | B10: =[2]หน้าผ้า!B19 -> MK67-001730 | C10: =[2]หน้าผ้า!E19 -> โรงสีข้าวธัญญาวัฒน์ | D10: =[2]หน้าผ้า!F19 -> LUNG SHIN 12 kg | E10: =[2]หน้าผ้า!G19 -> 17 | F10: =[2]หน้าผ้า!H19 -> 26 | G10: =[2]หน้าผ้า!I19 -> ขาว | H10: =[2]หน้าผ้า!J19 -> 0 | I10: =[2]หน้าผ้า!L19 -> 48 | J10: =[2]หน้าผ้า!M19 -> ± | K10: =[2]หน้าผ้า!N19 -> 5 | L10: =[2]หน้าผ้า!R19 -> ไม่ | M10: =[2]หน้าผ้า!T19 -> ไม่สวมถุงใน | N10: =[2]หน้าผ้า!U19 -> 0 | O10: =[2]หน้าผ้า!V19 -> 0 | P10: =[2]หน้าผ้า!AB19 -> 0 | Q10: =[2]หน้าผ้า!AC19 -> 0 | R10: =[2]หน้าผ้า!AD19 -> 0 | S10: =[2]หน้าผ้า!Z19 -> 500กระสอบแบน | T10: =[2]หน้าผ้า!X19 -> 45668 | U10: =[2]หน้าผ้า!AA19 -> 8850 | V10: =[2]หน้าผ้า!AJ19 -> 0 | W10: =[2]หน้าผ้า!AL19 -> 8850 | X10: =[2]หน้าผ้า!AM19 -> 0 | Y10: =[2]หน้าผ้า!AN19 -> 9292.5 | Z10: =[2]หน้าผ้า!AO19 -> WSWT1725800 | AA10: =[2]หน้าผ้า!AQ19 -> 6799.8975 | AB10: =[2]หน้าผ้า!AR19 -> 6799.8975 | AC10: =[2]หน้าผ้า!AS19 -> 0 | AD10: =[2]หน้าผ้า!AT19 -> 0 | AE10: =[2]หน้าผ้า!AU19 -> 0 | AF10: =[2]หน้าผ้า!AI19 -> 0 | AG10: =[3]หน้าผ้า!DC22 -> ยังไม่ได้พิมพ์ | AH10: =[2]หน้าผ้า!DL19 -> P7 | AI10: =[2]หน้าผ้า!DM19 -> 2 | AJ10: =[2]หน้าผ้า!DN19 -> 45668 | AK10: =[2]หน้าผ้า!DQ19 -> 0 | AL10: =[2]หน้าผ้า!DR19 -> 45659 | AM10: =[2]หน้าผ้า!DS19 -> 45666 | AN10: =[2]หน้าผ้า!DT19 -> 45667 | AO10: =[2]หน้าผ้า!DU19 -> 45667 | AP10: =[2]หน้าผ้า!DP19 -> 45663 | AQ10: =[2]หน้าผ้า!DW19 -> 0 | AR10: =[2]หน้าผ้า!DX19 -> 0 | AS10: =[2]หน้าผ้า!DY19 -> 0 | AT10: =[2]หน้าผ้า!DZ19 -> 0 | AU10: =[2]หน้าผ้า!EA19 -> 0 | AV10: =[2]หน้าผ้า!EB19 -> 0 | AW10: =[2]หน้าผ้า!EC19 -> งานพิมพ์ | AX10: =[2]หน้าผ้า!ED19 -> รอART | AY10: =[2]หน้าผ้า!AG19 -> 10/1 เย็น | AZ10: =[2]หน้าผ้า!EG19 -> 0 | BA10: =[2]หน้าผ้า!EH19 -> 0 | BB10: =[2]หน้าผ้า!EI19 -> 0 | BC10: =[2]หน้าผ้า!BZ19 -> WRWT25800/WRWT25800 | BD10: =[2]หน้าผ้า!CA19 -> 0
A11: =[2]หน้าผ้า!C20 -> 0 | B11: =[2]หน้าผ้า!B20 -> 0 | C11: =[2]หน้าผ้า!E20 -> 0 | D11: =[2]หน้าผ้า!F20 -> 0 | E11: =[2]หน้าผ้า!G20 -> 17 | F11: =[2]หน้าผ้า!H20 -> 26 | G11: =[2]หน้าผ้า!I20 -> 0 | H11: =[2]หน้าผ้า!J20 -> 0 | I11: =[2]หน้าผ้า!L20 -> 48 | J11: =[2]หน้าผ้า!M20 -> ± | K11: =[2]หน้าผ้า!N20 -> 5 | L11: =[2]หน้าผ้า!R20 -> 0 | M11: =[2]หน้าผ้า!T20 -> 0 | N11: =[2]หน้าผ้า!U20 -> 0 | O11: =[2]หน้าผ้า!V20 -> 0 | P11: =[2]หน้าผ้า!AB20 -> 0 | Q11: =[2]หน้าผ้า!AC20 -> 0 | R11: =[2]หน้าผ้า!AD20 -> 0 | S11: =[2]หน้าผ้า!Z20 -> 0 | T11: =[2]หน้าผ้า!X20 -> 0 | U11: =[2]หน้าผ้า!AA20 -> 0 | V11: =[2]หน้าผ้า!AJ20 -> 0 | W11: =[2]หน้าผ้า!AL20 -> 0 | X11: =[2]หน้าผ้า!AM20 -> 0 | Y11: =[2]หน้าผ้า!AN20 -> 0 | Z11: =[2]หน้าผ้า!AO20 -> WSWT1725800 | AA11: =[2]หน้าผ้า!AQ20 -> 6799.8975 | AB11: =[2]หน้าผ้า!AR20 -> 6799.8975 | AC11: =[2]หน้าผ้า!AS20 -> 0 | AD11: =[2]หน้าผ้า!AT20 -> 0 | AE11: =[2]หน้าผ้า!AU20 -> 0 | AF11: =[2]หน้าผ้า!AI20 -> ระบุในSD | AG11: =[3]หน้าผ้า!DC23 -> ผ้าขาว | AH11: =[2]หน้าผ้า!DL20 -> 0 | AI11: =[2]หน้าผ้า!DM20 -> 0 | AJ11: =[2]หน้าผ้า!DN20 -> 0 | AK11: =[2]หน้าผ้า!DQ20 -> 0 | AL11: =[2]หน้าผ้า!DR20 -> 0 | AM11: =[2]หน้าผ้า!DS20 -> 0 | AN11: =[2]หน้าผ้า!DT20 -> 0 | AO11: =[2]หน้าผ้า!DU20 -> 0 | AP11: =[2]หน้าผ้า!DP20 -> 0 | AQ11: =[2]หน้าผ้า!DW20 -> 0 | AR11: =[2]หน้าผ้า!DX20 -> 0 | AS11: =[2]หน้าผ้า!DY20 -> 0 | AT11: =[2]หน้าผ้า!DZ20 -> 0 | AU11: =[2]หน้าผ้า!EA20 -> 0 | AV11: =[2]หน้าผ้า!EB20 -> 0 | AW11: =[2]หน้าผ้า!EC20 -> 0 | AX11: =[2]หน้าผ้า!ED20 -> 0 | AY11: =[2]หน้าผ้า!AG20 -> 0 | AZ11: =[2]หน้าผ้า!EG20 -> 0 | BA11: =[2]หน้าผ้า!EH20 -> 0 | BB11: =[2]หน้าผ้า!EI20 -> 0 | BC11: =[2]หน้าผ้า!BZ20 -> WRWT170800/WRWT25800 | BD11: =[2]หน้าผ้า!CA20 -> 0
A12: =[2]หน้าผ้า!C21 -> 45659 | B12: =[2]หน้าผ้า!B21 -> MK68-000006 | C12: =[2]หน้าผ้า!E21 -> หจก.อนนท์อุตสาหกรรม | D12: =[2]หน้าผ้า!F21 -> อนนท์ 20 กก. | E12: =[2]หน้าผ้า!G21 -> 18 | F12: =[2]หน้าผ้า!H21 -> 28 | G12: =[2]หน้าผ้า!I21 -> ขาว | H12: =[2]หน้าผ้า!J21 -> 0 | I12: =[2]หน้าผ้า!L21 -> 50 | J12: =[2]หน้าผ้า!M21 -> ± | K12: =[2]หน้าผ้า!N21 -> 5 | L12: =[2]หน้าผ้า!R21 -> ไม่ | M12: =[2]หน้าผ้า!T21 -> 19 | N12: =[2]หน้าผ้า!U21 -> 31 | O12: =[2]หน้าผ้า!V21 -> 40 | P12: =[2]หน้าผ้า!AB21 -> 363.27927 | Q12: =[2]หน้าผ้า!AC21 -> 0 | R12: =[2]หน้าผ้า!AD21 -> 363.27927 | S12: =[2]หน้าผ้า!Z21 -> 500กระสอบ | T12: =[2]หน้าผ้า!X21 -> 45668 | U12: =[2]หน้าผ้า!AA21 -> 25000 | V12: =[2]หน้าผ้า!AJ21 -> 0 | W12: =[2]หน้าผ้า!AL21 -> 25000 | X12: =[2]หน้าผ้า!AM21 -> 19025 | Y12: =[2]หน้าผ้า!AN21 -> 6273.75 | Z12: =[2]หน้าผ้า!AO21 -> WSWT1825800 | AA12: =[2]หน้าผ้า!AQ21 -> 5171.013 | AB12: =[2]หน้าผ้า!AR21 -> 0 | AC12: =[2]หน้าผ้า!AS21 -> 5171.013 | AD12: =[2]หน้าผ้า!AT21 -> 0 | AE12: =[2]หน้าผ้า!AU21 -> 0 | AF12: =[2]หน้าผ้า!AI21 -> 0 | AG12: =[3]หน้าผ้า!DC24 -> พร้อมส่ง | AH12: =[2]หน้าผ้า!DL21 -> P9 | AI12: =[2]หน้าผ้า!DM21 -> 3 | AJ12: =[2]หน้าผ้า!DN21 -> 45668 | AK12: =[2]หน้าผ้า!DQ21 -> 0 | AL12: =[2]หน้าผ้า!DR21 -> 45658 | AM12: =[2]หน้าผ้า!DS21 -> 45665 | AN12: =[2]หน้าผ้า!DT21 -> 45666 | AO12: =[2]หน้าผ้า!DU21 -> 45666 | AP12: =[2]หน้าผ้า!DP21 -> 45663 | AQ12: =[2]หน้าผ้า!DW21 -> 45667 | AR12: =[2]หน้าผ้า!DX21 -> 0 | AS12: =[2]หน้าผ้า!DY21 -> 0 | AT12: =[2]หน้าผ้า!DZ21 -> 0 | AU12: =[2]หน้าผ้า!EA21 -> 0 | AV12: =[2]หน้าผ้า!EB21 -> 0 | AW12: =[2]หน้าผ้า!EC21 -> งานพิมพ์ | AX12: =[2]หน้าผ้า!ED21 -> รอART | AY12: =[2]หน้าผ้า!AG21 -> 0 | AZ12: =[2]หน้าผ้า!EG21 -> 0 | BA12: =[2]หน้าผ้า!EH21 -> 0 | BB12: =[2]หน้าผ้า!EI21 -> 0 | BC12: =[2]หน้าผ้า!BZ21 -> WRWT25800/WRWT25800 | BD12: =[2]หน้าผ้า!CA21 -> 355.76569
A13: =[2]หน้าผ้า!C22 -> 45659 | B13: =[2]หน้าผ้า!B22 -> MK68-000009 | C13: =[2]หน้าผ้า!E22 -> บจก.ฟาร์เธอร์ส วิง ซัพพลาย | D13: =[2]หน้าผ้า!F22 -> รถไฟฟ้า | E13: =[2]หน้าผ้า!G22 -> 18 | F13: =[2]หน้าผ้า!H22 -> 30 | G13: =[2]หน้าผ้า!I22 -> ขาว | H13: =[2]หน้าผ้า!J22 -> 0 | I13: =[2]หน้าผ้า!L22 -> 54 | J13: =[2]หน้าผ้า!M22 -> ± | K13: =[2]หน้าผ้า!N22 -> 5 | L13: =[2]หน้าผ้า!R22 -> บิด | M13: =[2]หน้าผ้า!T22 -> 19 | N13: =[2]หน้าผ้า!U22 -> 33 | O13: =[2]หน้าผ้า!V22 -> 40 | P13: =[2]หน้าผ้า!AB22 -> 232.02999 | Q13: =[2]หน้าผ้า!AC22 -> 0 | R13: =[2]หน้าผ้า!AD22 -> 232.02999 | S13: =[2]หน้าผ้า!Z22 -> 500กระสอบ | T13: =[2]หน้าผ้า!X22 -> 45672 | U13: =[2]หน้าผ้า!AA22 -> 15000 | V13: =[2]หน้าผ้า!AJ22 -> 0 | W13: =[2]หน้าผ้า!AL22 -> 15000 | X13: =[2]หน้าผ้า!AM22 -> 0 | Y13: =[2]หน้าผ้า!AN22 -> 15750 | Z13: =[2]หน้าผ้า!AO22 -> WSWT1825800 | AA13: =[2]หน้าผ้า!AQ22 -> 13201.65 | AB13: =[2]หน้าผ้า!AR22 -> 0 | AC13: =[2]หน้าผ้า!AS22 -> 13201.65 | AD13: =[2]หน้าผ้า!AT22 -> 0 | AE13: =[2]หน้าผ้า!AU22 -> 0 | AF13: =[2]หน้าผ้า!AI22 -> 0 | AG13: =[3]หน้าผ้า!DC25 -> ยังไม่ได้พิมพ์ | AH13: =[2]หน้าผ้า!DL22 -> P9 | AI13: =[2]หน้าผ้า!DM22 -> 3 | AJ13: =[2]หน้าผ้า!DN22 -> 45672 | AK13: =[2]หน้าผ้า!DQ22 -> 0 | AL13: =[2]หน้าผ้า!DR22 -> 45662 | AM13: =[2]หน้าผ้า!DS22 -> 45669 | AN13: =[2]หน้าผ้า!DT22 -> 45670 | AO13: =[2]หน้าผ้า!DU22 -> 45670 | AP13: =[2]หน้าผ้า!DP22 -> 45667 | AQ13: =[2]หน้าผ้า!DW22 -> 45671 | AR13: =[2]หน้าผ้า!DX22 -> 0 | AS13: =[2]หน้าผ้า!DY22 -> 0 | AT13: =[2]หน้าผ้า!DZ22 -> 0 | AU13: =[2]หน้าผ้า!EA22 -> 0 | AV13: =[2]หน้าผ้า!EB22 -> 0 | AW13: =[2]หน้าผ้า!EC22 -> งานพิมพ์ | AX13: =[2]หน้าผ้า!ED22 -> รอART | AY13: =[2]หน้าผ้า!AG22 -> 0 | AZ13: =[2]หน้าผ้า!EG22 -> 0 | BA13: =[2]หน้าผ้า!EH22 -> 0 | BB13: =[2]หน้าผ้า!EI22 -> 0 | BC13: =[2]หน้าผ้า!BZ22 -> WRWT25800/WRWT25800 | BD13: =[2]หน้าผ้า!CA22 -> 908.27352
A14: =[2]หน้าผ้า!C23 -> 45659 | B14: =[2]หน้าผ้า!B23 -> MK68-000009 | C14: =[2]หน้าผ้า!E23 -> บจก.ฟาร์เธอร์ส วิง ซัพพลาย | D14: =[2]หน้าผ้า!F23 -> ไม่พิมพ์ | E14: =[2]หน้าผ้า!G23 -> 18 | F14: =[2]หน้าผ้า!H23 -> 30 | G14: =[2]หน้าผ้า!I23 -> ขาว | H14: =[2]หน้าผ้า!J23 -> 0 | I14: =[2]หน้าผ้า!L23 -> 54 | J14: =[2]หน้าผ้า!M23 -> ± | K14: =[2]หน้าผ้า!N23 -> 5 | L14: =[2]หน้าผ้า!R23 -> ไม่ | M14: =[2]หน้าผ้า!T23 -> 19 | N14: =[2]หน้าผ้า!U23 -> 33 | O14: =[2]หน้าผ้า!V23 -> 40 | P14: =[2]หน้าผ้า!AB23 -> 46.405998 | Q14: =[2]หน้าผ้า!AC23 -> 0 | R14: =[2]หน้าผ้า!AD23 -> 46.405998 | S14: =[2]หน้าผ้า!Z23 -> 500กระสอบ | T14: =[2]หน้าผ้า!X23 -> 45672 | U14: =[2]หน้าผ้า!AA23 -> 3000 | V14: =[2]หน้าผ้า!AJ23 -> 0 | W14: =[2]หน้าผ้า!AL23 -> 3000 | X14: =[2]หน้าผ้า!AM23 -> 0 | Y14: =[2]หน้าผ้า!AN23 -> 0 | Z14: =[2]หน้าผ้า!AO23 -> WSWT1825800 | AA14: =[2]หน้าผ้า!AQ23 -> 2640.33 | AB14: =[2]หน้าผ้า!AR23 -> 0 | AC14: =[2]หน้าผ้า!AS23 -> 2640.33 | AD14: =[2]หน้าผ้า!AT23 -> 0 | AE14: =[2]หน้าผ้า!AU23 -> 0 | AF14: =[2]หน้าผ้า!AI23 -> 0 | AG14: =[3]หน้าผ้า!DC26 -> พร้อมส่ง | AH14: =[2]หน้าผ้า!DL23 -> P13 | AI14: =[2]หน้าผ้า!DM23 -> 2 | AJ14: =[2]หน้าผ้า!DN23 -> 45672 | AK14: =[2]หน้าผ้า!DQ23 -> 0 | AL14: =[2]หน้าผ้า!DR23 -> 0 | AM14: =[2]หน้าผ้า!DS23 -> 0 | AN14: =[2]หน้าผ้า!DT23 -> 0 | AO14: =[2]หน้าผ้า!DU23 -> 45670 | AP14: =[2]หน้าผ้า!DP23 -> 45667 | AQ14: =[2]หน้าผ้า!DW23 -> 45671 | AR14: =[2]หน้าผ้า!DX23 -> 0 | AS14: =[2]หน้าผ้า!DY23 -> 0 | AT14: =[2]หน้าผ้า!DZ23 -> 0 | AU14: =[2]หน้าผ้า!EA23 -> 0 | AV14: =[2]หน้าผ้า!EB23 -> 0 | AW14: =[2]หน้าผ้า!EC23 -> ตัด | AX14: =[2]หน้าผ้า!ED23 -> 0 | AY14: =[2]หน้าผ้า!AG23 -> 0 | AZ14: =[2]หน้าผ้า!EG23 -> 0 | BA14: =[2]หน้าผ้า!EH23 -> 0 | BB14: =[2]หน้าผ้า!EI23 -> 0 | BC14: =[2]หน้าผ้า!BZ23 -> WRWT25800/WRWT25800 | BD14: =[2]หน้าผ้า!CA23 -> 181.6547
A15: =[2]หน้าผ้า!C24 -> 0 | B15: =[2]หน้าผ้า!B24 -> 0 | C15: =[2]หน้าผ้า!E24 | D15: =[2]หน้าผ้า!F24 | E15: =[2]หน้าผ้า!G24 -> 18 | F15: =[2]หน้าผ้า!H24 -> 30 | G15: =[2]หน้าผ้า!I24 -> ขาว | H15: =[2]หน้าผ้า!J24 -> 0 | I15: =[2]หน้าผ้า!L24 -> 54 | J15: =[2]หน้าผ้า!M24 -> ± | K15: =[2]หน้าผ้า!N24 -> 5 | L15: =[2]หน้าผ้า!R24 -> 0 | M15: =[2]หน้าผ้า!T24 -> 0 | N15: =[2]หน้าผ้า!U24 -> 0 | O15: =[2]หน้าผ้า!V24 -> 0 | P15: =[2]หน้าผ้า!AB24 -> 0 | Q15: =[2]หน้าผ้า!AC24 -> 0 | R15: =[2]หน้าผ้า!AD24 -> 0 | S15: =[2]หน้าผ้า!Z24 -> 0 | T15: =[2]หน้าผ้า!X24 -> 0 | U15: =[2]หน้าผ้า!AA24 -> 0 | V15: =[2]หน้าผ้า!AJ24 -> 0 | W15: =[2]หน้าผ้า!AL24 -> 0 | X15: =[2]หน้าผ้า!AM24 -> 0 | Y15: =[2]หน้าผ้า!AN24 -> 0 | Z15: =[2]หน้าผ้า!AO24 -> WSWT1825800 | AA15: =[2]หน้าผ้า!AQ24 -> 21012.993 | AB15: =[2]หน้าผ้า!AR24 -> 0 | AC15: =[2]หน้าผ้า!AS24 -> 21012.993 | AD15: =[2]หน้าผ้า!AT24 -> 0 | AE15: =[2]หน้าผ้า!AU24 -> 0 | AF15: =[2]หน้าผ้า!AI24 -> ระบุในSD | AG15: =[3]หน้าผ้า!DC27 -> พิมพ์ไม่ครบ | AH15: =[2]หน้าผ้า!DL24 -> 0 | AI15: =[2]หน้าผ้า!DM24 -> Lead time | AJ15: =[2]หน้าผ้า!DN24 -> 0 | AK15: =[2]หน้าผ้า!DQ24 -> 0 | AL15: =[2]หน้าผ้า!DR24 -> 0 | AM15: =[2]หน้าผ้า!DS24 -> 0 | AN15: =[2]หน้าผ้า!DT24 -> 0 | AO15: =[2]หน้าผ้า!DU24 -> 0 | AP15: =[2]หน้าผ้า!DP24 -> 0 | AQ15: =[2]หน้าผ้า!DW24 -> 0 | AR15: =[2]หน้าผ้า!DX24 -> 0 | AS15: =[2]หน้าผ้า!DY24 -> 0 | AT15: =[2]หน้าผ้า!DZ24 -> 0 | AU15: =[2]หน้าผ้า!EA24 -> 0 | AV15: =[2]หน้าผ้า!EB24 -> 0 | AW15: =[2]หน้าผ้า!EC24 -> 0 | AX15: =[2]หน้าผ้า!ED24 -> 0 | AY15: =[2]หน้าผ้า!AG24 -> 0 | AZ15: =[2]หน้าผ้า!EG24 -> 0 | BA15: =[2]หน้าผ้า!EH24 -> 0 | BB15: =[2]หน้าผ้า!EI24 -> 0 | BC15: =[2]หน้าผ้า!BZ24 -> WRWT25800/WRWT25800 | BD15: =[2]หน้าผ้า!CA24 -> 0
A16: =[2]หน้าผ้า!C25 -> 45659 | B16: =[2]หน้าผ้า!B25 -> MK68-000008 | C16: =[2]หน้าผ้า!E25 -> บจก.2 เอ็ม อโกร เท็ค | D16: =[2]หน้าผ้า!F25 -> เลิฟชอยล์ 14-3-3 | E16: =[2]หน้าผ้า!G25 -> 18 | F16: =[2]หน้าผ้า!H25 -> 30 | G16: =[2]หน้าผ้า!I25 -> ขาว | H16: =[2]หน้าผ้า!J25 -> ใส | I16: =[2]หน้าผ้า!L25 -> 74 | J16: =[2]หน้าผ้า!M25 -> ± | K16: =[2]หน้าผ้า!N25 -> 5 | L16: =[2]หน้าผ้า!R25 -> บิด | M16: =[2]หน้าผ้า!T25 -> 19 | N16: =[2]หน้าผ้า!U25 -> 33 | O16: =[2]หน้าผ้า!V25 -> 70 | P16: =[2]หน้าผ้า!AB25 -> 135.35083 | Q16: =[2]หน้าผ้า!AC25 -> 0 | R16: =[2]หน้าผ้า!AD25 -> 135.35083 | S16: =[2]หน้าผ้า!Z25 -> 500กระสอบ | T16: =[2]หน้าผ้า!X25 -> 45672 | U16: =[2]หน้าผ้า!AA25 -> 5000 | V16: =[2]หน้าผ้า!AJ25 -> 0 | W16: =[2]หน้าผ้า!AL25 -> 5000 | X16: =[2]หน้าผ้า!AM25 -> 0 | Y16: =[2]หน้าผ้า!AN25 -> 5250 | Z16: =[2]หน้าผ้า!AO25 -> WSWT1825800SM | AA16: =[2]หน้าผ้า!AQ25 -> 4400.55 | AB16: =[2]หน้าผ้า!AR25 -> 0 | AC16: =[2]หน้าผ้า!AS25 -> 4400.55 | AD16: =[2]หน้าผ้า!AT25 -> 0 | AE16: =[2]หน้าผ้า!AU25 -> 4400.55 | AF16: =[2]หน้าผ้า!AI25 -> 0 | AG16: =[3]หน้าผ้า!DC28 -> ยังไม่ได้พิมพ์ | AH16: =[2]หน้าผ้า!DL25 -> P8 | AI16: =[2]หน้าผ้า!DM25 -> 4 | AJ16: =[2]หน้าผ้า!DN25 -> 45672 | AK16: =[2]หน้าผ้า!DQ25 -> 45668 | AL16: =[2]หน้าผ้า!DR25 -> 45662 | AM16: =[2]หน้าผ้า!DS25 -> 45669 | AN16: =[2]หน้าผ้า!DT25 -> 45670 | AO16: =[2]หน้าผ้า!DU25 -> 45670 | AP16: =[2]หน้าผ้า!DP25 -> 45667 | AQ16: =[2]หน้าผ้า!DW25 -> 45671 | AR16: =[2]หน้าผ้า!DX25 -> 0 | AS16: =[2]หน้าผ้า!DY25 -> 0 | AT16: =[2]หน้าผ้า!DZ25 -> 0 | AU16: =[2]หน้าผ้า!EA25 -> 0 | AV16: =[2]หน้าผ้า!EB25 -> 0 | AW16: =[2]หน้าผ้า!EC25 -> งานเคลือบ+พิมพ์ | AX16: =[2]หน้าผ้า!ED25 -> / | AY16: =[2]หน้าผ้า!AG25 -> 0 | AZ16: =[2]หน้าผ้า!EG25 -> 0 | BA16: =[2]หน้าผ้า!EH25 -> 0 | BB16: =[2]หน้าผ้า!EI25 -> 0 | BC16: =[2]หน้าผ้า!BZ25 -> WRWT25800/WRWT25800 | BD16: =[2]หน้าผ้า!CA25 -> 281.6352
A17: =[2]หน้าผ้า!C26 -> 0 | B17: =[2]หน้าผ้า!B26 -> 0 | C17: =[2]หน้าผ้า!E26 -> 0 | D17: =[2]หน้าผ้า!F26 | E17: =[2]หน้าผ้า!G26 -> 18 | F17: =[2]หน้าผ้า!H26 -> 25 | G17: =[2]หน้าผ้า!I26 -> ขาว | H17: =[2]หน้าผ้า!J26 -> 0 | I17: =[2]หน้าผ้า!L26 -> 50 | J17: =[2]หน้าผ้า!M26 -> ± | K17: =[2]หน้าผ้า!N26 -> 5 | L17: =[2]หน้าผ้า!R26 -> 0 | M17: =[2]หน้าผ้า!T26 -> 0 | N17: =[2]หน้าผ้า!U26 -> 0 | O17: =[2]หน้าผ้า!V26 -> 0 | P17: =[2]หน้าผ้า!AB26 -> 0 | Q17: =[2]หน้าผ้า!AC26 -> 0 | R17: =[2]หน้าผ้า!AD26 -> 0 | S17: =[2]หน้าผ้า!Z26 -> 0 | T17: =[2]หน้าผ้า!X26 -> 0 | U17: =[2]หน้าผ้า!AA26 -> 0 | V17: =[2]หน้าผ้า!AJ26 -> 0 | W17: =[2]หน้าผ้า!AL26 -> 0 | X17: =[2]หน้าผ้า!AM26 -> 0 | Y17: =[2]หน้าผ้า!AN26 -> 0 | Z17: =[2]หน้าผ้า!AO26 -> WSWT1825800SM | AA17: =[2]หน้าผ้า!AQ26 -> 4400.55 | AB17: =[2]หน้าผ้า!AR26 -> 0 | AC17: =[2]หน้าผ้า!AS26 -> 4400.55 | AD17: =[2]หน้าผ้า!AT26 -> 0 | AE17: =[2]หน้าผ้า!AU26 -> 4400.55 | AF17: =[2]หน้าผ้า!AI26 -> ระบุในSD | AG17: =[3]หน้าผ้า!DC29 -> ยังไม่ได้พิมพ์ | AH17: =[2]หน้าผ้า!DL26 -> 0 | AI17: =[2]หน้าผ้า!DM26 -> Lead time | AJ17: =[2]หน้าผ้า!DN26 -> 0 | AK17: =[2]หน้าผ้า!DQ26 -> 0 | AL17: =[2]หน้าผ้า!DR26 -> 0 | AM17: =[2]หน้าผ้า!DS26 -> 0 | AN17: =[2]หน้าผ้า!DT26 -> 0 | AO17: =[2]หน้าผ้า!DU26 -> 0 | AP17: =[2]หน้าผ้า!DP26 -> 0 | AQ17: =[2]หน้าผ้า!DW26 -> 0 | AR17: =[2]หน้าผ้า!DX26 -> 0 | AS17: =[2]หน้าผ้า!DY26 -> 0 | AT17: =[2]หน้าผ้า!DZ26 -> 0 | AU17: =[2]หน้าผ้า!EA26 -> 0 | AV17: =[2]หน้าผ้า!EB26 -> 0 | AW17: =[2]หน้าผ้า!EC26 -> 0 | AX17: =[2]หน้าผ้า!ED26 -> 0 | AY17: =[2]หน้าผ้า!AG26 -> 0 | AZ17: =[2]หน้าผ้า!EG26 -> 0 | BA17: =[2]หน้าผ้า!EH26 -> 0 | BB17: =[2]หน้าผ้า!EI26 -> 0 | BC17: =[2]หน้าผ้า!BZ26 -> WRWT180800/WRWT25800 | BD17: =[2]หน้าผ้า!CA26 -> 0
... A1200: =[2]หน้าผ้า!C1209 -> 0 | B1200: =[2]หน้าผ้า!B1209 -> 0 | C1200: =[2]หน้าผ้า!E1209 -> 0 | D1200: =[2]หน้าผ้า!F1209 -> 0 | E1200: =[2]หน้าผ้า!G1209 -> 0 | F1200: =[2]หน้าผ้า!H1209 -> 0 | G1200: =[2]หน้าผ้า!I1209 -> 0 | H1200: =[2]หน้าผ้า!J1209 -> 0 | I1200: =[2]หน้าผ้า!L1209 -> 0 | J1200: =[2]หน้าผ้า!M1209 -> 0 | K1200: =[2]หน้าผ้า!N1209 -> 0 | L1200: =[2]หน้าผ้า!R1209 -> 0 | M1200: =[2]หน้าผ้า!T1209 -> 0 | N1200: =[2]หน้าผ้า!U1209 -> 0 | O1200: =[2]หน้าผ้า!V1209 -> 0 | P1200: =[2]หน้าผ้า!AB1209 -> 0 | Q1200: =[2]หน้าผ้า!AC1209 -> 0 | R1200: =[2]หน้าผ้า!AD1209 -> 0 | S1200: =[2]หน้าผ้า!Z1209 -> 0 | T1200: =[2]หน้าผ้า!X1209 -> 0 | U1200: =[2]หน้าผ้า!AA1209 -> 0 | V1200: =[2]หน้าผ้า!AJ1209 -> 0 | W1200: =[2]หน้าผ้า!AL1209 -> 0 | X1200: =[2]หน้าผ้า!AM1209 -> 0 | Y1200: =[2]หน้าผ้า!AN1209 -> 0 | Z1200: =[2]หน้าผ้า!AO1209 -> 0 | AA1200: =[2]หน้าผ้า!AQ1209 -> 0 | AB1200: =[2]หน้าผ้า!AR1209 -> 0 | AC1200: =[2]หน้าผ้า!AS1209 -> 0 | AD1200: =[2]หน้าผ้า!AT1209 -> 0 | AE1200: =[2]หน้าผ้า!AU1209 -> 0 | AF1200: =[2]หน้าผ้า!AI1209 -> 0 | AG1200: =[3]หน้าผ้า!DC1212 -> 0 | AH1200: =[2]หน้าผ้า!DL1209 -> 0 | AI1200: =[2]หน้าผ้า!DM1209 -> 0 | AJ1200: =[2]หน้าผ้า!DN1209 -> 0 | AK1200: =[2]หน้าผ้า!DQ1209 -> 0 | AL1200: =[2]หน้าผ้า!DR1209 -> 0 | AM1200: =[2]หน้าผ้า!DS1209 -> 0 | AN1200: =[2]หน้าผ้า!DT1209 -> 0 | AO1200: =[2]หน้าผ้า!DU1209 -> 0 | AP1200: =[2]หน้าผ้า!DP1209 -> 0 | AQ1200: =[2]หน้าผ้า!DW1209 -> 0 | AR1200: =[2]หน้าผ้า!DX1209 -> 0 | AS1200: =[2]หน้าผ้า!DY1209 -> 0 | AT1200: =[2]หน้าผ้า!DZ1209 -> 0 | AU1200: =[2]หน้าผ้า!EA1209 -> 0 | AV1200: =[2]หน้าผ้า!EB1209 -> 0 | AW1200: =[2]หน้าผ้า!EC1209 -> 0 | AX1200: =[2]หน้าผ้า!ED1209 -> 0 | AY1200: =[2]หน้าผ้า!AG1209 -> 0 | AZ1200: =[2]หน้าผ้า!EG1209 -> 0 | BA1200: =[2]หน้าผ้า!EH1209 -> 0 | BB1200: =[2]หน้าผ้า!EI1209 -> 0 | BC1200: =[2]หน้าผ้า!BZ1209 -> 0 | BD1200: =[2]หน้าผ้า!CA1209 -> 0

Sheet 2(Order+FC)
A2: เลขที่ SO | B2: (ทั้งหมด)
A3: วันส่ง | B3: (ทั้งหมด)
A4: ชื่อลูกค้า | B4: (ทั้งหมด)
A6: ประเภท | B6: ผลรวม ของ จำนวนส่ง | C6: ผลรวม ของ ค้างพิมพ์ | D6: ผลรวม ของ ค้างตัด | E6: ผลรวม ของ Stock | F6: ผลรวม ของ ค้างทอ | G6: ผลรวม ของ ใช้
A7: WSWT1425800 | B7: 10000 | C7: 10500 | D7: 10000 | E7: 13131.8 | F7: 0 | G7: 13131.8
A8: WSWT1725800 | B8: 8850 | C8: 9292.5 | D8: 8850 | E8: 974 | F8: 12625.795 | G8: 13599.795 | H8: =F8 -> 12625.795
A9: WSWT1825800 | B9: 43000 | C9: 42000 | D9: 43000 | E9: 0 | F9: 72895.46 | G9: 72895.46
A10: WSWT1825800SM | B10: 25000 | C10: 10500 | D10: 25000 | E10: 8801.1 | F10: 8801.1 | G10: 17602.2
A11: WSWT1921720 | B11: 453000 | C11: 407400 | D11: 453000 | E11: 54830 | F11: 748137.66 | G11: 802967.66 | H11: =F11 -> 748137.66
A12: WSWT19251000SM | B12: 248 | C12: 0 | D12: 248 | E12: 0 | F12: 0 | G12: 0 | H12: =F12 -> 0
A13: WSWT1925800 | B13: 180000 | C13: 172914 | D13: 164680 | E13: 62193.549 | F13: 224885.48 | G13: 287079.03 | H13: =F13 -> 224885.48
A14: WSWT2021750 | B14: 5000 | C14: 5250 | D14: 5000 | E14: 1178 | F14: 9578.9 | G14: 10756.9 | H14: =F14 -> 9578.9
A15: WSWT2025650 | B15: 33300 | C15: 15750 | D15: 31100 | E15: 0 | F15: 62716.918 | G15: 62716.918 | H15: =F15 -> 62716.918
A16: WSWT2025700 | B16: 70000 | C16: 52500 | D16: 60000 | E16: 0 | F16: 135788.4 | G16: 135788.4 | H16: =F16 -> 135788.4
A17: WSWT2025800 | B17: 265760 | C17: 225750 | D17: 236776 | E17: 5540 | F17: 441919.1 | G17: 447459.1 | H17: 128461
A18: WSWT2025800SM | B18: 556402 | C18: 531801.9 | D18: 528431 | E18: 619346.82 | F18: 482567.75 | G18: 1101914.6
A19: WSWT2025850 | B19: 255000 | C19: 246750 | D19: 245000 | E19: 0 | F19: 537984.7 | G19: 537984.7
A20: WSWT2121670SM | B20: 264000 | C20: 197489.25 | D20: 259122 | E20: 97091.5 | F20: 396947 | G20: 494038.5
A21: WSWT2125650 | B21: 52000 | C21: 17850 | D21: 42000 | E21: 5380 | F21: 85425 | G21: 90805
A22: WSWT2125800 | B22: 7200 | C22: 7560 | D22: 7200 | E22: 0 | F22: 13478.256 | G22: 13478.256
A23: WSWT2321112512551 | B23: 1877500 | C23: 1884781.5 | D23: 1821500 | E23: 138194.87 | F23: 3726558.2 | G23: 3864753 | H23: =F23 -> 3726558.2
A24: WSWT2325650 | B24: 40000 | C24: 31500 | D24: 40000 | E24: 0 | F24: 63982.6 | G24: 63982.6 | H24: =F24 -> 63982.6
A25: WSWT2421112512551 | B25: 40400 | C25: 42420 | D25: 40400 | E25: 21820 | F25: 65095.752 | G25: 86915.752
A26: WSWT2625650 | B26: 67000 | C26: 10500 | D26: 67000 | E26: 0 | F26: 160850.58 | G26: 160850.58 | H26: =F26 -> 160850.58
A27: WSWT262575051 | B27: 20000 | C27: 21000 | D27: 20000 | E27: 7340 | F27: 42393.2 | G27: 49733.2 | H27: =F27 -> 42393.2
A28: WSWT2625800 | B28: 40000 | C28: 0 | D28: 33080 | E28: 3020 | F28: 79238.713 | G28: 82258.713 | H28: =SUM(H7:H27) -> 5315978.7 | K28: 33.981 | L28: =+K28*M28 -> 16990.5 | M28: 500
A29: WSWT2625850SM | B29: 50000 | C29: 52500 | D29: 50000 | E29: 12764 | F29: 111569 | G29: 124333
A30: WSWT2825850 | B30: 25000 | C30: 19700.1 | D30: 18762 | E30: 30020 | F30: 14537.874 | G30: 44557.874
A31: ผลรวมทั้งหมด | B31: 4388660 | C31: 4015709.2 | D31: 4210149 | E31: 1081625.6 | F31: 7497977.4 | G31: 8579603
A37: ยอดส่ง 1/12/67 - 10/12/67 | B37: 627338 | F37: 508000 | H37: ผ้า vn
B41: =+B28+B37 -> 667338 | C41: =+C28+C37 -> 0 | D41: =+D28+D37 -> 33080 | E41: =+E28+E37 -> 3020 | F41: =+F28-F37 -> -428761.29 | G41: =+G30+G37 -> 44557.874
B43: 2303789
B45: =+B43-B41 -> 1636451 | C45: =+C32+($B$45*1) -> 1636451 | D45: =+D32+($B$45*1) -> 1636451 | E45: =+E31+($B$45*1) -> 2718076.6 | F45: =+F30+($B$45*1) -> 1650988.9 | G45: =+G31+($B$45*1) -> 10216054
C47: =+C41+C45 -> 1636451 | D47: =+D41+D45 -> 1669531 | E47: ค้างทอรวม | F47: =+F45-F37 -> 1142988.9 | I47: =+F47*85 -> 97154054 | J47: =+I47/1000 -> 97154.054 | K47: =+J47/1000 -> 97.154054
D50: =+D47/16 -> 104345.69 | F50: =+F47/70000 -> 16.328412

Sheet 2(Order)
A2: เลขที่ SO | B2: (ทั้งหมด)
A3: วันส่ง | B3: (ทั้งหมด)
A4: ชื่อลูกค้า | B4: (ทั้งหมด)
A6: ประเภท | B6: ผลรวม ของ จำนวนส่ง | C6: ผลรวม ของ ค้างพิมพ์ | D6: ผลรวม ของ ค้างตัด | E6: ผลรวม ของ Stock | F6: ผลรวม ของ ค้างทอ | G6: ผลรวม ของ ใช้
A7: WSWT1425800 | B7: 10000 | C7: 10500 | D7: 10000 | E7: 13131.8 | F7: 0 | G7: 13131.8
A8: WSWT1725800 | B8: 8850 | C8: 9292.5 | D8: 8850 | E8: 974 | F8: 12625.795 | G8: 13599.795
A9: WSWT1825800 | B9: 43000 | C9: 42000 | D9: 43000 | E9: 0 | F9: 72895.46 | G9: 72895.46
A10: WSWT1825800SM | B10: 25000 | C10: 10500 | D10: 25000 | E10: 8801.1 | F10: 8801.1 | G10: 17602.2
A11: WSWT1921720 | B11: 453000 | C11: 407400 | D11: 453000 | E11: 54830 | F11: 748137.66 | G11: 802967.66
A12: WSWT19251000SM | B12: 248 | C12: 0 | D12: 248 | E12: 0 | F12: 0 | G12: 0
A13: WSWT1925800 | B13: 180000 | C13: 172914 | D13: 164680 | E13: 62193.549 | F13: 224885.48 | G13: 287079.03
A14: WSWT2021750 | B14: 5000 | C14: 5250 | D14: 5000 | E14: 1178 | F14: 9578.9 | G14: 10756.9
A15: WSWT2025650 | B15: 33300 | C15: 15750 | D15: 31100 | E15: 0 | F15: 62716.918 | G15: 62716.918
A16: WSWT2025700 | B16: 70000 | C16: 52500 | D16: 60000 | E16: 0 | F16: 135788.4 | G16: 135788.4
A17: WSWT2025800 | B17: 265760 | C17: 225750 | D17: 236776 | E17: 5540 | F17: 441919.1 | G17: 447459.1
A18: WSWT2025800SM | B18: 556402 | C18: 531801.9 | D18: 528431 | E18: 619346.82 | F18: 482567.75 | G18: 1101914.6
... A31: ผลรวมทั้งหมด | B31: 4388660 | C31: 4015709.2 | D31: 4210149 | E31: 1081625.6 | F31: 7497977.4 | G31: 8579603
H33: ผ้า vn
A37: ยอดส่ง 1/12/67 - 19/12/67 | B37: 1366383
A38: Order+ส่ง | B38: =++B21+B37 -> 1418383
A39: ประมาณการ
A41: Order+ส่ง+ประมาณการ | B41: =+B21+B37+B39+30000 -> 1448383 | C41: =+C21+C37+C39 -> 17850 | D41: =+D21+D37+D39 -> 42000 | E41: =+E21+E37+E39 -> 5380 | F41: =+F21+F37+F39 -> 85425
B43: 1996883
B45: =+B41-B43 -> -548500 | C45: =+$B$45 -> -548500 | D45: =+$B$45 -> -548500 | F45: =+$B$45 -> -548500

Sheet 2(Fc) แยกลูกค้า
A1: เลขที่ SO | B1: ประมาณการ
A2: วันส่ง | B2: รอแจ้ง | D2: 12
A4: ประเภท | B4: ชื่อลูกค้า | C4: ผลรวม ของ จำนวนส่ง | D4: ผลรวม ของ ค้างพิมพ์ | E4: ผลรวม ของ ค้างตัด | F4: ผลรวม ของ Stock | G4: ผลรวม ของ ใช้ | H4: ผลรวม ของ ค้างทอ
A5: WSWT2121670SM | B5: บจก.แอมโก้เวท | C5: 40000 | D5: 0 | E5: 40000 | F5: 43027.6 | G5: 43027.6 | H5: 0
A6: WSWT2121670SM ผลรวม | C6: 40000 | D6: 0 | E6: 40000 | F6: 43027.6 | G6: 43027.6 | H6: 0
A7: ผลรวมทั้งหมด | C7: 40000 | D7: 0 | E7: 40000 | F7: 43027.6 | G7: 43027.6 | H7: 0
I17: =C17 -> 0
I22: =C22 -> 0
I23: =C23 -> 0
I24: =C24 -> 0
I33: =SUM(I5:I32) -> 0
D119: Cap พิมพ์ | E119: Cap ตัด | F119: Stock 16/7 บ่าย | G119: Cap ทอ | I119: วันทงาน
B120: lส่ง | C120: 1-16/7 | D120: 160000 | E120: 160000 | G120: 120000 | I120: 12
C121: 1975256 | D121: =+D120*I120 -> 1920000 | E121: =+E120*I120 -> 1920000 | F121: 825147 | G121: =+G120*I120 -> 1440000
A122: เบทาโกรส่งแล้ว | B122: 20700 | C122: 424374
A123: เบทาโกรส่งแล้ว | B123: 20800 | C123: 155973
C126: รวมส่ง+ค้างส่ง | D126: ส่วนต่างCapคงเหลือ | E126: ส่วนต่างCapคงเหลือ | F126: คงเหลือ
C127: =+C50+C121 -> 1975256 | D127: =+D121-D50 -> 1920000 | E127: =+E121-E50 -> 1920000 | F127: =+F121-F50 -> 825147 | G127: =+G121-G50 -> 1440000
B129: 20700VN 20/7 | G129: 350000

Sheet 12(Order+Fc) แยกลูกค้า
A1: เลขที่ SO | B1: (หลายรายการ)
A2: วันส่ง | B2: (หลายรายการ) | D2: 12 | I2: เมตร | J2: vn | K2: ใบ | P2: วัน
A4: ประเภท | B4: ชื่อลูกค้า | C4: ผลรวม ของ จำนวนส่ง | D4: ผลรวม ของ ค้างพิมพ์ | E4: ผลรวม ของ ค้างตัด | F4: ผลรวม ของ Stock | G4: ผลรวม ของ ใช้ | H4: ผลรวม ของ ค้างทอ
A5: WSWT1725800 | B5: โรงสีข้าวธัญญาวัฒน์ | C5: 8850 | D5: 9292.5 | E5: 8850 | F5: 5496 | G5: 6799.8975 | H5: 1303.8975 | I5: =H5 -> 1303.8975
A6: WSWT1725800 ผลรวม | C6: 8850 | D6: 9292.5 | E6: 8850 | F6: 5496 | G6: 6799.8975 | H6: 1303.8975
A7: WSWT1825800 | B7: หจก.อนนท์อุตสาหกรรม | C7: 25000 | D7: 26250 | E7: 25000 | F7: 12923 | G7: 20605.75 | H7: 7682.75 | I7: =H7 -> 7682.75
B8: บจก.ฟาร์เธอร์ส วิง ซัพพลาย | C8: 18000 | D8: 15750 | E8: 18000 | F8: 0 | G8: 15841.98 | H8: 15841.98 | I8: =H8 -> 15841.98
A9: WSWT1825800 ผลรวม | C9: 43000 | D9: 42000 | E9: 43000 | F9: 12923 | G9: 36447.73 | H9: 23524.73
A10: WSWT1825800SM | B10: บจก.2 เอ็ม อโกร เท็ค | C10: 5000 | D10: 5250 | E10: 5000 | F10: 0 | G10: 4400.55 | H10: 4400.55 | I10: =H10 -> 4400.55
A11: WSWT1825800SM ผลรวม | C11: 5000 | D11: 5250 | E11: 5000 | F11: 0 | G11: 4400.55 | H11: 4400.55
A12: WSWT1921720 | B12: บจก.เคอรี่ฟลาวมิลล์ | C12: 433000 | D12: 381150 | E12: 433000 | F12: 42531.7 | G12: 384999.23 | H12: 342467.53 | I12: =H12 -> 342467.53
A13: WSWT1921720 ผลรวม | C13: 433000 | D13: 381150 | E13: 433000 | F13: 42531.7 | G13: 384999.23 | H13: 342467.53
A14: WSWT1925800 | B14: บจก.เพรซิเดนท์ฟลาวมิลล์ | C14: 100000 | D14: 69573 | E14: 95365 | F14: 15026.118 | G14: 59031.618 | H14: 44005.5 | I14: =H14 -> 44005.5 | P14: 15000 | Q14: =+K14/P14 -> 0
B15: บจก.ซีแมนอินดัสตรี | C15: 30000 | D15: 31500 | E15: 30000 | F15: 6094 | G15: 24726.9 | H15: 18632.9 | I15: =H15 -> 18632.9
B16: หจก.ชนุตร์ แคเซี่ยม 888 | C16: 5000 | D16: 5250 | E16: 5000 | F16: 0 | G16: 4679.95 | H16: 4679.95 | I16: =H16 -> 4679.95
B17: หจก.ไอทีอี เกษตรพัฒนา | C17: 5000 | D17: 5250 | E17: 5000 | F17: 0 | G17: 4959.35 | H17: 4959.35 | I17: =H17 -> 4959.35
A18: WSWT1925800 ผลรวม | C18: 140000 | D18: 111573 | E18: 135365 | F18: 21120.118 | G18: 93397.818 | H18: 72277.7
A19: WSWT2021750 | B19: คุณสมบัติ นิมวชิรวัฒนา | C19: 5000 | D19: 5250 | E19: 5000 | F19: 589 | G19: 5378.45 | H19: 4789.45 | I19: =H19 -> 4789.45
A20: WSWT2021750 ผลรวม | C20: 5000 | D20: 5250 | E20: 5000 | F20: 589 | G20: 5378.45 | H20: 4789.45 | P20: 16000 | Q20: =+K20/P20 -> 0
A21: WSWT2025650 | B21: บจก.อินเทคค์ โกลบอล | C21: 10140 | D21: 0 | E21: 10140 | F21: 5300 | G21: 10907.497 | H21: 5607.4966 | I21: =H21 -> 5607.4966
B22: บจก.เอเชียเหมืองแร่ | C22: 15000 | D22: 15750 | E22: 15000 | F22: 0 | G22: 14039.85 | H22: 14039.85 | I22: =H22 -> 14039.85
A23: WSWT2025650 ผลรวม | C23: 25140 | D23: 15750 | E23: 25140 | F23: 5300 | G23: 24947.347 | H23: 19647.347
A24: WSWT2025700 | B24: บจก.เบทาโกร | C24: 70000 | D24: 21878.85 | E24: 59494 | F24: 11961 | G24: 35500.576 | H24: 23539.576 | I24: =H24 -> 23539.576
A25: WSWT2025700 ผลรวม | C25: 70000 | D25: 21878.85 | E25: 59494 | F25: 11961 | G25: 35500.576 | H25: 23539.576
A26: WSWT2025800 | B26: บจก.เคอรี่ฟลาวมิลล์ | C26: 20000 | D26: 21000 | E26: 20000 | F26: 0 | G26: 18719.8 | H26: 18719.8 | I26: =H26 -> 18719.8
B27: บจก.เบทาโกร | C27: 180000 | D27: 173799.15 | E27: 170042 | F27: 0 | G27: 178348.49 | H27: 178348.49 | I27: =H27 -> 178348.49
B28: บจก.อินเทคค์ โกลบอล | C28: 172728 | D28: 170270.1 | E28: 172728 | F28: 0 | G28: 169905.24 | H28: 169905.24 | I28: =H28 -> 169905.24
A29: WSWT2025800 ผลรวม | C29: 372728 | D29: 365069.25 | E29: 362770 | F29: 0 | G29: 366973.52 | H29: 366973.52
A30: WSWT2025800SM | B30: บจก.ซันฟีด | C30: 50000 | D30: 52500 | E30: 50000 | F30: 55041.8 | G30: 55041.8 | H30: 0 | I30: =H30 -> 0
B31: บจก.ไทยธรรมดี | C31: 20000 | D31: 21000 | E31: 20000 | F31: 21513.8 | G31: 21513.8 | H31: 0 | I31: =H31 -> 0 | P31: 15000 | Q31: =+K31/P31 -> 0
B32: บจก.เบทาโกร | C32: 25000 | D32: 26250 | E32: 25000 | F32: 25495.25 | G32: 25495.25 | H32: 0 | I32: =H32 -> 0
B33: บจก.อินเทคค์ โกลบอล | C33: 50000 | D33: 52500 | E33: 50000 | F33: 52387.5 | G33: 52387.5 | H33: 0 | I33: =H33 -> 0
B34: บจก.เอ.เจ.ฟาร์ม่าแล็บ | C34: 8000 | D34: 0 | E34: 866 | F34: 0 | G34: 0 | H34: 0 | I34: =H34 -> 0
B35: บจก.เอพีเอ็ม อะโกร | C35: 34000 | D35: 13650 | E35: 22527 | F35: 14347.19 | G35: 14347.19 | H35: 0 | I35: =H35 -> 0
B36: บจก.เอสพีเอ็ม อาหารสัตว์ | C36: 58000 | D36: 56700 | E36: 58000 | F36: 59596.02 | G36: 59596.02 | H36: 0 | I36: =H36 -> 0
B37: คุณชายชล จันทร์สว่างกูล | C37: 1000 | D37: 0 | E37: 0 | F37: 0 | G37: 0 | H37: 0 | I37: =H37 -> 0
B38: บจก.มารีน ลีดเดอร์ | C38: 10000 | D38: 10500 | E38: 10000 | F38: 8801.1 | G38: 8801.1 | H38: 0 | I38: =H38 -> 0
B39: บจก.วีซีเอฟ | C39: 100000 | D39: 105000 | E39: 100000 | F39: 0 | G39: 107569 | H39: 107569 | I39: =H39 -> 107569
A40: WSWT2025800SM ผลรวม | C40: 356000 | D40: 338100 | E40: 336393 | F40: 237182.66 | G40: 344751.66 | H40: 107569
A41: WSWT2025850 | B41: บจก.ซันฟีด | C41: 435000 | D41: 456750 | E41: 435000 | F41: 2400 | G41: 484549.45 | H41: 482149.45 | I41: =H41 -> 482149.45
B42: บจก.ไทยธรรมดี | C42: 10000 | D42: 0 | E42: 10000 | F42: 0 | G42: 10756.9 | H42: 10756.9 | I42: =H42 -> 10756.9
A43: WSWT2025850 ผลรวม | C43: 445000 | D43: 456750 | E43: 445000 | F43: 2400 | G43: 495306.35 | H43: 492906.35
A44: WSWT2121670SM | B44: บจก.ที.ซี.ยูเนี่ยน อโกรเทค | C44: 16000 | D44: 16800 | E44: 16000 | F44: 0 | G44: 17211.04 | H44: 17211.04 | I44: =H44 -> 17211.04
B45: บจก.เอพีเอ็ม อะโกร | C45: 10000 | D45: 5250 | E45: 10000 | F45: 0 | G45: 5518.15 | H45: 5518.15 | I45: =H45 -> 5518.15
B46: บจก.แอมโก้เวท | C46: 45000 | D46: 15750 | E46: 45000 | F46: 10756.9 | G46: 16135.35 | H46: 5378.45 | I46: =H46 -> 5378.45
B47: บจก.หนองบัวฟีดมิลล์ | C47: 10000 | D47: 10500 | E47: 10000 | F47: 0 | G47: 10756.9 | H47: 10756.9 | I47: =H47 -> 10756.9
B48: บจก.เอ็นบี ดิสทริบิวชั่น | C48: 70000 | D48: 73500 | E48: 70000 | F48: 0 | G48: 75298.3 | H48: 75298.3 | I48: =H48-74000 -> 1298.3
A49: WSWT2121670SM ผลรวม | C49: 151000 | D49: 121800 | E49: 151000 | F49: 10756.9 | G49: 124919.74 | H49: 114162.84
A50: WSWT2125650 | B50: บจก.หนองบัวฟีดมิลล์ | C50: 19500 | D50: 0 | E50: 19500 | F50: 2051 | G50: 21520.785 | H50: 19469.785 | I50: =H50 -> 19469.785
B51: บจก.เคมีแมน | C51: 17000 | D51: 17850 | E51: 17000 | F51: 0 | G51: 17811.75 | H51: 17811.75 | I51: =H51 -> 17811.75
A52: WSWT2125650 ผลรวม | C52: 36500 | D52: 17850 | E52: 36500 | F52: 2051 | G52: 39332.535 | H52: 37281.535
A53: WSWT2125800 | B53: โรงสีข้าวธัญญาวัฒน์ | C53: 7200 | D53: 7560 | E53: 7200 | F53: 6739.128 | G53: 6739.128 | H53: 0 | I53: =H53 -> 0
A54: WSWT2125800 ผลรวม | C54: 7200 | D54: 7560 | E54: 7200 | F54: 6739.128 | G54: 6739.128 | H54: 0 | I54: =H54 -> 0
A55: WSWT2321112512551 | B55: บจก.น้ำตาลทิพย์สุโขทัย | C55: 378000 | D55: 289815.75 | E55: 290600 | F55: 40278.891 | G55: 297014.95 | H55: 256736.06 | I55: =H55-166000-48000 -> 42736.06
A56: WSWT2321112512551 ผลรวม | C56: 378000 | D56: 289815.75 | E56: 290600 | F56: 40278.891 | G56: 297014.95 | H56: 256736.06
A57: WSWT2321750 | B57: คุณวัลภา เผ่าเต็ม | C57: 10000 | D57: 10500 | E57: 10000 | F57: 0 | G57: 10756.9 | H57: 10756.9 | I57: =H57 -> 10756.9
B58: บจก.พี.เอส.อินเตอร์เวท | C58: 1000 | D58: 0 | E58: 0 | F58: 0 | G58: 0 | H58: 0 | I58: =H58 -> 0
A59: WSWT2321750 ผลรวม | C59: 11000 | D59: 10500 | E59: 10000 | F59: 0 | G59: 10756.9 | H59: 10756.9
A60: WSWT2325650 | B60: บจก.ซิเบลโก้ | C60: 30000 | D60: 31500 | E60: 30000 | F60: 0 | G60: 31991.3 | H60: 31991.3 | I60: =H60 -> 31991.3
B61: บจก.นาเฮียใช้ | C61: 60000 | D61: 63000 | E61: 60000 | F61: 4280 | G61: 59512.2 | H61: 55232.2 | I61: =H61 -> 55232.2
A62: WSWT2325650 ผลรวม | C62: 90000 | D62: 94500 | E62: 90000 | F62: 4280 | G62: 91503.5 | H62: 87223.5
A63: WSWT2625650 | B63: บจก.โอเชี่ยนฟีด | C63: 40000 | D63: 0 | E63: 40000 | F63: 0 | G63: 48615.6 | H63: 48615.6 | I63: =H63 -> 48615.6
B64: บจก.เบสท์ อินเตอร์เทรด | C64: 5000 | D64: 0 | E64: 5000 | F64: 0 | G64: 5797.55 | H64: 5797.55 | I64: =H64 -> 5797.55
B65: บจก.กบินทร์อินทรีย์ | C65: 10000 | D65: 10500 | E65: 10000 | F65: 0 | G65: 11874.5 | H65: 11874.5 | I65: =H65 -> 11874.5
B66: คุณธนนท์ อุทัยไพศาลวงศ์ | C66: 7000 | D66: 0 | E66: 7000 | F66: 4255 | G66: 7920.99 | H66: 3665.99 | I66: =H66 -> 3665.99
B67: บจก.อันดามันซูริมิ | C67: 5000 | D67: 0 | E67: 5000 | F67: 6216.65 | G67: 6216.65 | H67: 0 | I67: =H67 -> 0
A68: WSWT2625650 ผลรวม | C68: 67000 | D68: 10500 | E68: 67000 | F68: 10471.65 | G68: 80425.29 | H68: 69953.64
A69: WSWT262575051 | B69: บจก.ทีพีเค แอ็ดวานซ์ สตาร์ซ | C69: 20000 | D69: 21000 | E69: 20000 | F69: 3670 | G69: 24866.6 | H69: 21196.6 | I69: =H69 -> 21196.6
A70: WSWT262575051 ผลรวม | C70: 20000 | D70: 21000 | E70: 20000 | F70: 3670 | G70: 24866.6 | H70: 21196.6
A71: WSWT2625800 | B71: บจก.ที.ซี.ยูเนี่ยน อโกรเทค | C71: 40000 | D71: 0 | E71: 33080 | F71: 9510 | G71: 41129.356 | H71: 31619.356 | I71: =H71 -> 31619.356
A72: WSWT2625800 ผลรวม | C72: 40000 | D72: 0 | E72: 33080 | F72: 9510 | G72: 41129.356 | H72: 31619.356
A73: WSWT2625850SM | B73: บจก.ที.ซี.ยูเนี่ยน อโกรเทค | C73: 50000 | D73: 52500 | E73: 50000 | F73: 35809 | G73: 62166.5 | H73: 26357.5 | I73: =H73 -> 26357.5
A74: WSWT2625850SM ผลรวม | C74: 50000 | D74: 52500 | E74: 50000 | F74: 35809 | G74: 62166.5 | H74: 26357.5
A75: WSWT2825850 | B75: บจก.ที.ซี.ยูเนี่ยน อโกรเทค | C75: 5000 | D75: 0 | E75: 5000 | F75: 6775.45 | G75: 6775.45 | H75: 0 | I75: =H75 -> 0
B76: บจก.ไทยร่วมใจน้ำมันพืช | C76: 20000 | D76: 19700.1 | E76: 18762 | F76: 18010 | G76: 22278.937 | H76: 4268.9369 | I76: =H76 -> 4268.9369
A77: WSWT2825850 ผลรวม | C77: 25000 | D77: 19700.1 | E77: 23762 | F77: 24785.45 | G77: 29054.387 | H77: 4268.9369
A78: ผลรวมทั้งหมด | C78: 2779418 | D78: 2397789.5 | E78: 2638154 | F78: 487855.5 | G78: 2606812 | H78: 2118956.5 | I78: =SUM(I5:I77) -> 1830956.5
C79: 283137
C80: =+GETPIVOTDATA("ผลรวม ของ จำนวนส่ง",$A$4)+C79 -> 3062555
D119: Cap พิมพ์ | E119: Cap ตัด | F119: Stock 16/7 บ่าย | G119: Cap ทอ | I119: วันทงาน
B120: lส่ง | C120: 1-16/7 | D120: 160000 | E120: 160000 | G120: 120000 | I120: 12
C121: 1975256 | D121: =+D120*I120 -> 1920000 | E121: =+E120*I120 -> 1920000 | F121: 825147 | G121: =+G120*I120 -> 1440000
A122: เบทาโกรส่งแล้ว | B122: 20700 | C122: 424374
A123: เบทาโกรส่งแล้ว | B123: 20800 | C123: 155973
C126: รวมส่ง+ค้างส่ง | D126: ส่วนต่างCapคงเหลือ | E126: ส่วนต่างCapคงเหลือ | F126: คงเหลือ
C127: =+C50+C121 -> 1994756 | D127: =+D121-D50 -> 1920000 | E127: =+E121-E50 -> 1900500 | F127: =+F121-F50 -> 823096 | G127: =+G121-G50 -> 1418479.2
B129: 20700VN 20/7 | G129: 350000

Sheet 1(Order)
A2: เลขที่ SO | B2: (หลายรายการ)
A3: วันส่ง | B3: (หลายรายการ)
A4: ชื่อลูกค้า | B4: (ทั้งหมด)
A6: ประเภท | B6: ผลรวม ของ จำนวนส่ง | C6: ผลรวม ของ ค้างพิมพ์ | D6: ผลรวม ของ ค้างตัด | E6: ผลรวม ของ Stock | F6: ผลรวม ของ ค้างทอ | G6: ผลรวม ของ ใช้
A7: WSWT1425800 | B7: 10000 | C7: 10500 | D7: 10000 | E7: 6565.9 | F7: 0 | G7: 6565.9
A8: WSWT1725800 | B8: 8850 | C8: 9292.5 | D8: 8850 | E8: 487 | F8: 6312.8975 | G8: 6799.8975
A9: WSWT1825800 | B9: 43000 | C9: 42000 | D9: 43000 | E9: 0 | F9: 36447.73 | G9: 36447.73
A10: WSWT1825800SM | B10: 25000 | C10: 10500 | D10: 25000 | E10: 4400.55 | F10: 4400.55 | G10: 8801.1
A11: WSWT1921720 | B11: 333000 | C11: 281400 | D11: 333000 | E11: 27415 | F11: 268455.63 | G11: 295870.63
A12: WSWT1925800 | B12: 180000 | C12: 172914 | D12: 164680 | E12: 31096.775 | F12: 112442.74 | G12: 143539.51
A13: WSWT2025650 | B13: 18300 | C13: 0 | D13: 16100 | E13: 0 | F13: 17318.609 | G13: 17318.609
A14: WSWT2025700 | B14: 70000 | C14: 52500 | D14: 60000 | E14: 0 | F14: 67894.2 | G14: 67894.2
A15: WSWT2025800 | B15: 259880 | C15: 225750 | D15: 235768 | E15: 2770 | F15: 220959.55 | G15: 223729.55
A16: WSWT2025800SM | B16: 173080 | C16: 161733.6 | D16: 164946 | E16: 128794.59 | F16: 35847.02 | G16: 164641.61
A17: WSWT2025850 | B17: 245000 | C17: 246750 | D17: 235000 | E17: 0 | F17: 258235.45 | G17: 258235.45
A18: WSWT2121670SM | B18: 127000 | C18: 100889.25 | D18: 127000 | E18: 0 | F18: 104189.97 | G18: 104189.97
... A27: ผลรวมทั้งหมด | B27: 2067310 | C27: 1722146 | D27: 1918386 | E27: 296219.25 | F27: 1549048.3 | G27: 1845267.6
A37: ยอดส่ง 1/12/67 - 19/12/67 | B37: 1366383
A38: Order+ส่ง | B38: =++B21+B37 -> 1744383
A39: ประมาณการ
A41: Order+ส่ง+ประมาณการ | B41: =+B21+B37+B39+30000 -> 1774383 | C41: =+C21+C37+C39 -> 310306.5 | D41: =+D21+D37+D39 -> 322000 | E41: =+E21+E37+E39 -> 69097.433 | F41: =+F21+F37+F39 -> 250281.92
B43: 1996883
B45: =+B41-B43 -> -222500 | C45: =+$B$45 -> -222500 | D45: =+$B$45 -> -222500 | F45: =+$B$45 -> -222500
F75: 508000 | H75: ผ้า vn
A79: ยอดส่ง 1/12/67 - 14/12/67 | B79: 927060
A80: Order+ส่ง | B80: =++B68+B79 -> 927060
A81: ประมาณการ | B81: 325000 | C81: 330750 | D81: 325000 | E81: 104775 | F81: 321798.95 | G81: 217023.95
A83: Order+ส่ง+ประมาณการ | B83: =+B25+B79+B81 -> 1302060 | C83: =+C25+C79+C81 -> 383250 | D83: =+D25+D79+D81 -> 375000 | E83: =+E25+E79+E81 -> 111157 | F83: =+F25+F87+F81-F75 -> -1045916.5
B85: 2217560
B87: =+B83-B85 -> -915500 | C87: =+$B$87 -> -915500 | D87: =+$B$87 -> -915500 | F87: =+$B$87 -> -915500
D89: =+D83/13.5 -> 27777.778

Sheet 1(Order) แยกลูกค้า
A1: เลขที่ SO | B1: (หลายรายการ)
A2: วันส่ง | B2: (หลายรายการ)
A4: ประเภท | B4: ชื่อลูกค้า | C4: ผลรวม ของ จำนวนส่ง | D4: ผลรวม ของ ค้างพิมพ์ | E4: ผลรวม ของ ค้างตัด | F4: ผลรวม ของ Stock | G4: ผลรวม ของ ค้างทอ | I4: vn
A5: WSWT1425800 | B5: หจก.ปึงเป้งน้ำ | C5: 10000 | D5: 10500 | E5: 10000 | F5: 6565.9 | G5: 0 | H5: =G5 -> 0
A6: WSWT1425800 ผลรวม | C6: 10000 | D6: 10500 | E6: 10000 | F6: 6565.9 | G6: 0 | H6: =G6 -> 0
A7: WSWT1725800 | B7: โรงสีข้าวธัญญาวัฒน์ | C7: 8850 | D7: 9292.5 | E7: 8850 | F7: 487 | G7: 6312.8975 | H7: =G7 -> 6312.8975
A8: WSWT1725800 ผลรวม | C8: 8850 | D8: 9292.5 | E8: 8850 | F8: 487 | G8: 6312.8975
A9: WSWT1825800 | B9: หจก.อนนท์อุตสาหกรรม | C9: 25000 | D9: 26250 | E9: 25000 | F9: 0 | G9: 20605.75 | H9: =G9 -> 20605.75
B10: บจก.ฟาร์เธอร์ส วิง ซัพพลาย | C10: 18000 | D10: 15750 | E10: 18000 | F10: 0 | G10: 15841.98 | H10: =G10 -> 15841.98
A11: WSWT1825800 ผลรวม | C11: 43000 | D11: 42000 | E11: 43000 | F11: 0 | G11: 36447.73
A12: WSWT1825800SM | B12: บจก.ซิเบลโก้ | C12: 15000 | D12: 0 | E12: 15000 | F12: 0 | G12: 0 | H12: =G12 -> 0
B13: บจก.ซิเบลโก้(บางเลน) | C13: 5000 | D13: 5250 | E13: 5000 | F13: 4400.55 | G13: 0 | H13: =G13 -> 0
B14: บจก.2 เอ็ม อโกร เท็ค | C14: 5000 | D14: 5250 | E14: 5000 | F14: 0 | G14: 4400.55 | H14: =G14 -> 4400.55
A15: WSWT1825800SM ผลรวม | C15: 25000 | D15: 10500 | E15: 25000 | F15: 4400.55 | G15: 4400.55
A16: WSWT1921720 | B16: บจก.เคอรี่ฟลาวมิลล์ | C16: 333000 | D16: 281400 | E16: 333000 | F16: 27415 | G16: 268455.63 | H16: =G16 -> 268455.63
A17: WSWT1921720 ผลรวม | C17: 333000 | D17: 281400 | E17: 333000 | F17: 27415 | G17: 268455.63
A18: WSWT1925800 | B18: บจก.เพรซิเดนท์ฟลาวมิลล์ | C18: 135000 | D18: 136164 | E18: 129680 | F18: 31096.775 | G18: 83035.89 | H18: =G18 -> 83035.89
B19: บจก.ซีแมนอินดัสตรี | C19: 30000 | D19: 31500 | E19: 30000 | F19: 0 | G19: 24726.9 | H19: =G19 -> 24726.9
B20: บจก.ไลม์มาสเตอร์ | C20: 10000 | D20: 0 | E20: 0 | F20: 0 | G20: 0 | H20: =G20 -> 0
B21: หจก.ชนุตร์ แคเซี่ยม 888 | C21: 5000 | D21: 5250 | E21: 5000 | F21: 0 | G21: 4679.95 | H21: =G21 -> 4679.95
A22: WSWT1925800 ผลรวม | C22: 180000 | D22: 172914 | E22: 164680 | F22: 31096.775 | G22: 112442.74
A23: WSWT2025650 | B23: บจก.อินเทคค์ โกลบอล | C23: 18300 | D23: 0 | E23: 16100 | F23: 0 | G23: 17318.609 | H23: =G23 -> 17318.609
A24: WSWT2025650 ผลรวม | C24: 18300 | D24: 0 | E24: 16100 | F24: 0 | G24: 17318.609
A25: WSWT2025700 | B25: บจก.เบทาโกร | C25: 70000 | D25: 52500 | E25: 60000 | F25: 0 | G25: 67894.2 | H25: =G25 -> 67894.2
A26: WSWT2025700 ผลรวม | C26: 70000 | D26: 52500 | E26: 60000 | F26: 0 | G26: 67894.2
A27: WSWT2025800 | B27: บจก.เคอรี่ฟลาวมิลล์ | C27: 20000 | D27: 21000 | E27: 20000 | F27: 0 | G27: 18719.8 | H27: =G27 -> 18719.8
B28: บจก.เบทาโกร | C28: 35000 | D28: 26250 | E28: 25042 | F28: 0 | G28: 26892.25 | H28: =G28 -> 26892.25
B29: บจก.อินเทคค์ โกลบอล | C29: 204880 | D29: 178500 | E29: 190726 | F29: 2770 | G29: 175347.5 | H29: =G29 -> 175347.5
A30: WSWT2025800 ผลรวม | C30: 259880 | D30: 225750 | E30: 235768 | F30: 2770 | G30: 220959.55
A31: WSWT2025800SM | B31: บจก.ซันฟีด | C31: 50000 | D31: 52500 | E31: 50000 | F31: 55041.8 | G31: 0 | H31: =G31 -> 0
B32: บจก.ไทยธรรมดี | C32: 15000 | D32: 5199.6 | E32: 15000 | F32: 5593.1577 | G32: 0 | H32: =G32 -> 0
B33: บจก.เบทาโกร | C33: 25000 | D33: 26250 | E33: 25000 | F33: 5099.05 | G33: 20396.2 | H33: =G33 -> 20396.2
B34: บจก.อินเทคค์ โกลบอล | C34: 20080 | D34: 21084 | E34: 20080 | F34: 21038.82 | G34: 0 | H34: =G34 -> 0
B35: บจก.เอ.เจ.ฟาร์ม่าแล็บ | C35: 8000 | D35: 0 | E35: 866 | F35: 0 | G35: 0 | H35: =G35 -> 0
B36: บจก.เอพีเอ็ม อะโกร | C36: 31000 | D36: 32550 | E36: 31000 | F36: 28582.62 | G36: 5518.15 | H36: =G36 -> 5518.15
B37: บจก.เอสพีเอ็ม อาหารสัตว์ | C37: 13000 | D37: 13650 | E37: 13000 | F37: 4638.04 | G37: 9932.67 | H37: =G37 -> 9932.67
B38: คุณชายชล จันทร์สว่างกูล | C38: 1000 | D38: 0 | E38: 0 | F38: 0 | G38: 0 | H38: =G38 -> 0
B39: บจก.มารีน ลีดเดอร์ | C39: 10000 | D39: 10500 | E39: 10000 | F39: 8801.1 | G39: 0 | H39: =G39 -> 0
A40: WSWT2025800SM ผลรวม | C40: 173080 | D40: 161733.6 | E40: 164946 | F40: 128794.59 | G40: 35847.02
A41: WSWT2025850 | B41: บจก.ซันฟีด | C41: 235000 | D41: 246750 | E41: 235000 | F41: 0 | G41: 258235.45 | H41: =G41 -> 258235.45
B42: บจก.ไทยธรรมดี | C42: 10000 | D42: 0 | E42: 0 | F42: 0 | G42: 0 | H42: =G42 -> 0
A43: WSWT2025850 ผลรวม | C43: 245000 | D43: 246750 | E43: 235000 | F43: 0 | G43: 258235.45
A44: WSWT2121670SM | B44: บจก.ที.ซี.ยูเนี่ยน อโกรเทค | C44: 32000 | D44: 16800 | E44: 32000 | F44: 0 | G44: 17211.04 | H44: =G44 -> 17211.04
B45: บจก.เอพีเอ็ม อะโกร | C45: 10000 | D45: 10500 | E45: 10000 | F45: 0 | G45: 11315.7 | H45: =G45 -> 11315.7
B46: บจก.แอมโก้เวท | C46: 45000 | D46: 31589.25 | E46: 45000 | F46: 0 | G46: 32635.628 | H46: =G46 -> 32635.628
B47: บจก.หนองบัวฟีดมิลล์ | C47: 10000 | D47: 10500 | E47: 10000 | F47: 0 | G47: 10756.9 | H47: =G47 -> 10756.9
B48: บจก.เอ็นบี ดิสทริบิวชั่น | C48: 30000 | D48: 31500 | E48: 30000 | F48: 0 | G48: 32270.7 | H48: =G48 -> 32270.7
A49: WSWT2121670SM ผลรวม | C49: 127000 | D49: 100889.25 | E49: 127000 | F49: 0 | G49: 104189.97
A50: WSWT2125650 | B50: บจก.หนองบัวฟีดมิลล์ | C50: 25000 | D50: 0 | E50: 25000 | F50: 2690 | G50: 24900.75 | H50: =G50 -> 24900.75
B51: บจก.เคมีแมน | C51: 17000 | D51: 17850 | E51: 17000 | F51: 0 | G51: 17811.75 | H51: =G51 -> 17811.75
B52: บจก.ไลม์มาสเตอร์ | C52: 10000 | D52: 0 | E52: 0 | F52: 0 | G52: 0 | H52: =G52 -> 0
A53: WSWT2125650 ผลรวม | C53: 52000 | D53: 17850 | E53: 42000 | F53: 2690 | G53: 42712.5
A54: WSWT2125800 | B54: โรงสีข้าวธัญญาวัฒน์ | C54: 7200 | D54: 7560 | E54: 7200 | F54: 0 | G54: 6739.128 | H54: =G54 -> 6739.128
A55: WSWT2125800 ผลรวม | C55: 7200 | D55: 7560 | E55: 7200 | F55: 0 | G55: 6739.128
A56: WSWT2321112512551 | B56: บจก.น้ำตาลทิพย์สุโขทัย | C56: 378000 | D56: 310306.5 | E56: 322000 | F56: 69097.433 | G56: 250281.92 | H56: =G56 -> 250281.92
A57: WSWT2321112512551 ผลรวม | C57: 378000 | D57: 310306.5 | E57: 322000 | F57: 69097.433 | G57: 250281.92
A58: WSWT2325650 | B58: บจก.ซิเบลโก้(บางเลน) | C58: 10000 | D58: 0 | E58: 10000 | F58: 0 | G58: 0 | H58: =G58 -> 0
A59: WSWT2325650 ผลรวม | C59: 10000 | D59: 0 | E59: 10000 | F59: 0 | G59: 0 | H59: =G59 -> 0
A60: WSWT2625650 | B60: คุณธนนท์ อุทัยไพศาลวงศ์ | C60: 7000 | D60: 0 | E60: 7000 | F60: 0 | G60: 7920.99 | H60: =G60 -> 7920.99
B61: บจก.อันดามันซูริมิ | C61: 5000 | D61: 0 | E61: 5000 | F61: 0 | G61: 6216.65 | H61: =G61 -> 6216.65
A62: WSWT2625650 ผลรวม | C62: 12000 | D62: 0 | E62: 12000 | F62: 0 | G62: 14137.64
A63: WSWT2625800 | B63: บจก.ที.ซี.ยูเนี่ยน อโกรเทค | C63: 40000 | D63: 0 | E63: 33080 | F63: 1510 | G63: 39619.356 | H63: =G63 -> 39619.356
A64: WSWT2625800 ผลรวม | C64: 40000 | D64: 0 | E64: 33080 | F64: 1510 | G64: 39619.356
A65: WSWT2625850SM | B65: บจก.ที.ซี.ยูเนี่ยน อโกรเทค | C65: 50000 | D65: 52500 | E65: 50000 | F65: 6382 | G65: 55784.5 | H65: =G65 -> 55784.5
A66: WSWT2625850SM ผลรวม | C66: 50000 | D66: 52500 | E66: 50000 | F66: 6382 | G66: 55784.5
A67: WSWT2825850 | B67: บจก.ไทยร่วมใจน้ำมันพืช | C67: 20000 | D67: 19700.1 | E67: 18762 | F67: 15010 | G67: 7268.9369 | H67: =G67 -> 7268.9369
B68: บจก.ไซเอนซ์ อะโกรเทค | C68: 5000 | D68: 0 | E68: 0 | F68: 0 | G68: 0 | H68: =G68 -> 0
A69: WSWT2825850 ผลรวม | C69: 25000 | D69: 19700.1 | E69: 18762 | F69: 15010 | G69: 7268.9369
A70: ผลรวมทั้งหมด | C70: 2067310 | D70: 1722146 | E70: 1918386 | F70: 296219.25 | G70: 1549048.3 | H70: =SUM(H5:H69) -> 1549048.3
D119: Cap พิมพ์ | E119: Cap ตัด | F119: Stock 16/7 บ่าย | G119: Cap ทอ | I119: วันทงาน
B120: lส่ง | C120: 1-16/7 | D120: 160000 | E120: 160000 | G120: 120000 | I120: 12
C121: 1975256 | D121: =+D120*I120 -> 1920000 | E121: =+E120*I120 -> 1920000 | F121: 825147 | G121: =+G120*I120 -> 1440000
A122: เบทาโกรส่งแล้ว | B122: 20700 | C122: 424374
A123: เบทาโกรส่งแล้ว | B123: 20800 | C123: 155973
C126: รวมส่ง+ค้างส่ง | D126: ส่วนต่างCapคงเหลือ | E126: ส่วนต่างCapคงเหลือ | F126: คงเหลือ
C127: =+C50+C121 -> 2000256 | D127: =+D121-D50 -> 1920000 | E127: =+E121-E50 -> 1895000 | F127: =+F121-F50 -> 822457 | G127: =+G121-G50 -> 1415099.2
B129: 20700VN 20/7 | G129: 350000

Sheet 1(Fc) แยกลูกค้
A1: เลขที่ SO | B1: ประมาณการ
A2: วันส่ง | B2: (หลายรายการ) | D2: 12
A4: ประเภท | B4: ชื่อลูกค้า | C4: ผลรวม ของ จำนวนส่ง | D4: ผลรวม ของ ค้างพิมพ์ | E4: ผลรวม ของ ค้างตัด | F4: ผลรวม ของ Stock | G4: ผลรวม ของ ใช้ | H4: ผลรวม ของ ค้างทอ
A5: WSWT1921720 | B5: บจก.เคอรี่ฟลาวมิลล์ | C5: 30000 | D5: 31500 | E5: 30000 | F5: 0 | G5: 26403.3 | H5: 26403.3
A6: WSWT1921720 ผลรวม | C6: 30000 | D6: 31500 | E6: 30000 | F6: 0 | G6: 26403.3 | H6: 26403.3
A7: WSWT2021750 | B7: คุณสมบัติ นิมวชิรวัฒนา | C7: 5000 | D7: 5250 | E7: 5000 | F7: 589 | G7: 5378.45 | H7: 4789.45
A8: WSWT2021750 ผลรวม | C8: 5000 | D8: 5250 | E8: 5000 | F8: 589 | G8: 5378.45 | H8: 4789.45
A9: WSWT2025650 | B9: บจก.เอเชียเหมืองแร่ | C9: 15000 | D9: 15750 | E9: 15000 | F9: 0 | G9: 14039.85 | H9: 14039.85
A10: WSWT2025650 ผลรวม | C10: 15000 | D10: 15750 | E10: 15000 | F10: 0 | G10: 14039.85 | H10: 14039.85
A11: WSWT2025800SM | B11: บจก.ไทยธรรมดี | C11: 20000 | D11: 21000 | E11: 20000 | F11: 21513.8 | G11: 21513.8 | H11: 0
B12: บจก.อินเทคค์ โกลบอล | C12: 50000 | D12: 52500 | E12: 50000 | F12: 52387.5 | G12: 52387.5 | H12: 0
B13: บจก.เอสพีเอ็ม อาหารสัตว์ | C13: 50000 | D13: 52500 | E13: 50000 | F13: 55181.5 | G13: 55181.5 | H13: 0
B14: บจก.วีซีเอฟ | C14: 100000 | D14: 105000 | E14: 100000 | F14: 0 | G14: 107569 | H14: 107569
A15: WSWT2025800SM ผลรวม | C15: 220000 | D15: 231000 | E15: 220000 | F15: 129082.8 | G15: 236651.8 | H15: 107569
A16: WSWT2025850 | B16: บจก.ซันฟีด | C16: 200000 | D16: 210000 | E16: 200000 | F16: 0 | G16: 226314 | H16: 226314
B17: บจก.ไทยธรรมดี | C17: 10000 | D17: 0 | E17: 10000 | F17: 0 | G17: 10756.9 | H17: 10756.9
A18: WSWT2025850 ผลรวม | C18: 210000 | D18: 210000 | E18: 210000 | F18: 0 | G18: 237070.9 | H18: 237070.9
A19: WSWT2121670SM | B19: บจก.เอ็นบี ดิสทริบิวชั่น | C19: 40000 | D19: 42000 | E19: 40000 | F19: 0 | G19: 43027.6 | H19: 43027.6
A20: WSWT2121670SM ผลรวม | C20: 40000 | D20: 42000 | E20: 40000 | F20: 0 | G20: 43027.6 | H20: 43027.6
A21: WSWT2325650 | B21: บจก.ซิเบลโก้ | C21: 30000 | D21: 31500 | E21: 30000 | F21: 0 | G21: 31991.3 | H21: 31991.3
A22: WSWT2325650 ผลรวม | C22: 30000 | D22: 31500 | E22: 30000 | F22: 0 | G22: 31991.3 | H22: 31991.3
A23: WSWT2625650 | B23: บจก.โอเชี่ยนฟีด | C23: 40000 | D23: 0 | E23: 40000 | F23: 0 | G23: 48615.6 | H23: 48615.6
B24: บจก.เบสท์ อินเตอร์เทรด | C24: 5000 | D24: 0 | E24: 5000 | F24: 0 | G24: 5797.55 | H24: 5797.55
B25: บจก.กบินทร์อินทรีย์ | C25: 10000 | D25: 10500 | E25: 10000 | F25: 0 | G25: 11874.5 | H25: 11874.5
A26: WSWT2625650 ผลรวม | C26: 55000 | D26: 10500 | E26: 55000 | F26: 0 | G26: 66287.65 | H26: 66287.65
A27: WSWT262575051 | B27: บจก.ทีพีเค แอ็ดวานซ์ สตาร์ซ | C27: 20000 | D27: 21000 | E27: 20000 | F27: 3670 | G27: 24866.6 | H27: 21196.6
A28: WSWT262575051 ผลรวม | C28: 20000 | D28: 21000 | E28: 20000 | F28: 3670 | G28: 24866.6 | H28: 21196.6
A29: ผลรวมทั้งหมด | C29: 625000 | D29: 598500 | E29: 625000 | F29: 133341.8 | G29: 685717.45 | H29: 552375.65
D119: Cap พิมพ์ | E119: Cap ตัด | F119: Stock 16/7 บ่าย | G119: Cap ทอ | I119: วันทงาน
B120: lส่ง | C120: 1-16/7 | D120: 160000 | E120: 160000 | G120: 120000 | I120: 12
C121: 1975256 | D121: =+D120*I120 -> 1920000 | E121: =+E120*I120 -> 1920000 | F121: 825147 | G121: =+G120*I120 -> 1440000
A122: เบทาโกรส่งแล้ว | B122: 20700 | C122: 424374
A123: เบทาโกรส่งแล้ว | B123: 20800 | C123: 155973
C126: รวมส่ง+ค้างส่ง | D126: ส่วนต่างCapคงเหลือ | E126: ส่วนต่างCapคงเหลือ | F126: คงเหลือ
C127: =+C50+C121 -> 1975256 | D127: =+D121-D50 -> 1920000 | E127: =+E121-E50 -> 1920000 | F127: =+F121-F50 -> 825147 | G127: =+G121-G50 -> 1440000
B129: 20700VN 20/7 | G129: 350000

Sheet ค้างทอ4-1-68
A3: ผลรวม ของ ค้างทอ
A4: ป้ายชื่อแถว | B4: 45658 | C4: 45659 | D4: 45660 | E4: 45661 | F4: 45662 | G4: 45663 | H4: 45665 | I4: 45666 | J4: 45667 | K4: 45668 | L4: 45669 | M4: 45670 | N4: 45672 | O4: 45673 | P4: 45674 | Q4: 45675 | R4: 45676 | S4: 45677 | T4: 45679 | U4: 45680 | V4: 45681 | W4: 45682 | X4: 45683 | Y4: 45686 | Z4: 45698 | AA4: 45700 | AB4: ผลรวมทั้งหมด
A5: WSWT1425800 | B5: 0 | AB5: =SUM(B5:AA5) -> 0
A6: WSWT1725800 | G6: 6312.8975 | AB6: =SUM(B6:AA6) -> 6312.8975
A7: WSWT1825800 | G7: 19988.75 | J7: 15841.98 | AB7: =SUM(B7:AA7) -> 35830.73
A8: WSWT1825800SM | B8: 0 | J8: 4400.55 | AB8: =SUM(B8:AA8) -> 4400.55
A9: WSWT1921720 | B9: 7558.1 | E9: 35483.8 | F9: 17602.2 | G9: 35763.2 | H9: 25204.4 | I9: 44564.3 | J9: 9359.9 | K9: 16680.18 | L9: 22002.75 | M9: 35483.8 | O9: 22002.75 | P9: 17602.2 | S9: 8801.1 | AB9: =SUM(B9:AA9) -> 298108.68
A10: WSWT19251000SM | AB10: =SUM(B10:AA10) -> 0
A11: WSWT1925800 | C11: 0 | D11: 10758.19 | H11: 24726.9 | J11: 66287.65 | AB11: =SUM(B11:AA11) -> 101772.74
A12: WSWT2021750 | AB12: =SUM(B12:AA12) -> 0
A13: WSWT2025650 | B13: 10968.609 | AB13: =SUM(B13:AA13) -> 10968.609
A14: WSWT2025700 | D14: 56578.5 | G14: 11315.7 | AB14: =SUM(B14:AA14) -> 67894.2
A15: WSWT2025800 | C15: 18743.8 | D15: 31432.5 | E15: 31432.5 | F15: 31432.5 | G15: 9359.9 | J15: 31432.5 | L15: 0 | M15: 9359.9 | N15: 26333.45 | S15: 20955 | T15: 0 | V15: 10477.5 | AB15: =SUM(B15:AA15) -> 220959.55
A16: WSWT2025800SM | B16: 0 | C16: 0 | F16: 0 | H16: 0 | I16: 0 | J16: 3058.05 | L16: 0 | O16: 10198.1 | P16: 0 | Q16: 0 | R16: 0 | U16: 0 | W16: 5518.15 | X16: 4414.52 | AB16: =SUM(B16:AA16) -> 23188.82
A17: WSWT2025850 | C17: 0 | F17: 21513.8 | I17: 29860.875 | L17: 18964.275 | O17: 19103.975 | P17: 28009.85 | Q17: 22072.6 | R17: 10896.6 | U17: 41595.675 | V17: 27451.05 | W17: 28009.85 | X17: 10756.9 | AB17: =SUM(B17:AA17) -> 258235.45
A18: WSWT2121670SM | B18: 0 | E18: 32635.628 | F18: 10756.9 | H18: 37788.85 | N18: 17211.04 | Y18: 17211.04 | AA18: 17211.04 | AB18: =SUM(B18:AA18) -> 132814.5
A19: WSWT2125650 | B19: 2828.15 | D19: 22072.6 | Q19: 17811.75 | AB19: =SUM(B19:AA19) -> 42712.5
A20: WSWT2125800 | G20: 6739.128 | AB20: =SUM(B20:AA20) -> 6739.128
A21: WSWT2321112512551 | E21: 0 | H21: 20084.26 | K21: 0 | N21: 55935.88 | Q21: 58087.26 | T21: 58087.26 | W21: 58087.26 | AB21: =SUM(B21:AA21) -> 250281.92
A22: WSWT2321750 | AB22: =SUM(B22:AA22) -> 0
A23: WSWT2325650 | B23: 0 | N23: 57732.2 | AB23: =SUM(B23:AA23) -> 57732.2
A24: WSWT2421112512551 | Z24: 29447.876 | AB24: =SUM(B24:AA24) -> 29447.876
A25: WSWT2625650 | B25: 7920.99 | E25: 6216.65 | AB25: =SUM(B25:AA25) -> 14137.64
A26: WSWT262575051 | AB26: =SUM(B26:AA26) -> 0
A27: WSWT2625800 | D27: 14752.756 | L27: 24866.6 | AB27: =SUM(B27:AA27) -> 39619.356
A28: WSWT2625850SM | J28: 48284.5 | AB28: =SUM(B28:AA28) -> 48284.5
A29: WSWT2825850 | B29: 0 | K29: 7268.9369 | AB29: =SUM(B29:AA29) -> 7268.9369
A30: ผลรวมทั้งหมด | B30: =SUM(B5:B29) -> 29275.849 | C30: =SUM(C5:C29) -> 18743.8 | D30: =SUM(D5:D29) -> 135594.55 | E30: =SUM(E5:E29) -> 105768.58 | F30: =SUM(F5:F29) -> 81305.4 | G30: =SUM(G5:G29) -> 89479.576 | H30: =SUM(H5:H29) -> 107804.41 | I30: =SUM(I5:I29) -> 74425.175 | ... AB30: =SUM(AB5:AB29) -> 1656710.8

Sheet ค้างทอ7-1-68
A3: ผลรวม ของ ค้างทอ | Z3: ผลรวม ของ ค้างทอ
A4: ป้ายชื่อแถว | B4: 45660 | C4: 45661 | D4: 45662 | E4: 45663 | F4: 45665 | G4: 45666 | H4: 45667 | I4: 45668 | J4: 45669 | K4: 45670 | L4: 45672 | M4: 45673 | N4: 45674 | O4: 45675 | P4: 45676 | Q4: 45677 | R4: 45679 | S4: 45680 | T4: 45681 | U4: 45682 | V4: 45683 | W4: 45686 | X4: ค้างทอ | Z4: ป้ายชื่อแถว | AA4: 45690 | AB4: 45693 | AC4: 45698 | AD4: 45700 | AE4: 45703 | AF4: ผลรวมทั้งหมด
A5: WSWT1725800 | E5: 1303.8975 | X5: =SUM(B5:W5) -> 1303.8975 | Z5: WSWT1725800 | AF5: =SUM(AA5:AE5) -> 0
A6: WSWT1825800 | E6: 7682.75 | H6: 15841.98 | X6: =SUM(B6:W6) -> 23524.73 | Z6: WSWT1825800 | AF6: =SUM(AA6:AE6) -> 0
A7: WSWT1825800SM | H7: 4400.55 | X7: =SUM(B7:W7) -> 4400.55 | Z7: WSWT1825800SM | AF7: =SUM(AA7:AE7) -> 0
A8: WSWT1921720 | C8: 2952.1 | D8: 17602.2 | E8: 35763.2 | F8: 25204.4 | G8: 44564.3 | H8: 9359.9 | I8: 16680.18 | J8: 22002.75 | K8: 35483.8 | M8: 22002.75 | N8: 17602.2 | O8: 22002.75 | Q8: 22002.75 | S8: 22840.95 | X8: =SUM(B8:W8) -> 316064.23 | Z8: WSWT1921720 | AF8: =SUM(AA8:AE8) -> 0
A9: WSWT19251000SM | X9: =SUM(B9:W9) -> 0 | Z9: WSWT19251000SM | AF9: =SUM(AA9:AE9) -> 0
A10: WSWT1925800 | C10: 0 | F10: 18632.9 | H10: 4679.95 | J10: 4959.35 | L10: 44005.5 | X10: =SUM(B10:W10) -> 72277.7 | Z10: WSWT1925800 | AF10: =SUM(AA10:AE10) -> 0
A11: WSWT2021750 | X11: =SUM(B11:W11) -> 0 | Z11: WSWT2021750 | AF11: =SUM(AA11:AE11) -> 0
A12: WSWT2025650 | C12: 5607.4966 | X12: =SUM(B12:W12) -> 5607.4966 | Z12: WSWT2025650 | AF12: =SUM(AA12:AE12) -> 0
A13: WSWT2025700 | B13: 12796.45 | E13: 10743.126 | X13: =SUM(B13:W13) -> 23539.576 | Z13: WSWT2025700 | AF13: =SUM(AA13:AE13) -> 0
A14: WSWT2025800 | B14: 37670.588 | C14: 23220.236 | D14: 31432.5 | E14: 9359.9 | H14: 31432.5 | J14: 0 | K14: 9359.9 | L14: 63982.6 | P14: 69919.85 | Q14: 20955 | R14: 0 | T14: 69640.45 | X14: =SUM(B14:W14) -> 366973.52 | Z14: WSWT2025800 | AA14: 43027.6 | AB14: 43027.6 | AE14: 10756.9 | AF14: =SUM(AA14:AE14) -> 96812.1
A15: WSWT2025800SM | D15: 0 | F15: 0 | G15: 0 | H15: 0 | J15: 0 | M15: 0 | N15: 0 | O15: 0 | P15: 0 | S15: 0 | U15: 0 | V15: 0 | X15: =SUM(B15:W15) -> 0 | Z15: WSWT2025800SM | AF15: =SUM(AA15:AE15) -> 0
A16: WSWT2025850 | D16: 19113.8 | G16: 29860.875 | J16: 18964.275 | M16: 19103.975 | N16: 28009.85 | O16: 22072.6 | P16: 10896.6 | S16: 41595.675 | T16: 27451.05 | U16: 28009.85 | V16: 10756.9 | X16: =SUM(B16:W16) -> 255835.45 | Z16: WSWT2025850 | AF16: =SUM(AA16:AE16) -> 0
A17: WSWT2121670SM | C17: 5378.45 | D17: 10756.9 | F17: 37788.85 | L17: 17211.04 | W17: 17211.04 | X17: =SUM(B17:W17) -> 88346.28 | Z17: WSWT2121670SM | AD17: 17211.04 | AF17: =SUM(AA17:AE17) -> 17211.04
A18: WSWT2125650 | B18: 19469.785 | O18: 17811.75 | X18: =SUM(B18:W18) -> 37281.535 | Z18: WSWT2125650 | AF18: =SUM(AA18:AE18) -> 0
A19: WSWT2125800 | E19: 0 | X19: =SUM(B19:W19) -> 0 | Z19: WSWT2125800 | AF19: =SUM(AA19:AE19) -> 0
A20: WSWT2321112512551 | C20: 0 | F20: 20084.26 | I20: 58087.26 | L20: 55935.88 | O20: 6454.14 | R20: 58087.26 | U20: 58087.26 | X20: =SUM(B20:W20) -> 256736.06 | Z20: WSWT2321112512551 | AF20: =SUM(AA20:AE20) -> 0
A21: WSWT2321750 | G21: 10756.9 | X21: =SUM(B21:W21) -> 10756.9 | Z21: WSWT2321750 | AF21: =SUM(AA21:AE21) -> 0
A22: WSWT2325650 | L22: 55232.2 | X22: =SUM(B22:W22) -> 55232.2 | Z22: WSWT2325650 | AF22: =SUM(AA22:AE22) -> 0
A23: WSWT2421112512551 | X23: =SUM(B23:W23) -> 0 | Z23: WSWT2421112512551 | AC23: 19737.876 | AF23: =SUM(AA23:AE23) -> 19737.876
A24: WSWT2625650 | C24: 0 | F24: 3665.99 | X24: =SUM(B24:W24) -> 3665.99 | Z24: WSWT2625650 | AF24: =SUM(AA24:AE24) -> 0
A25: WSWT262575051 | X25: =SUM(B25:W25) -> 0 | Z25: WSWT262575051 | AF25: =SUM(AA25:AE25) -> 0
A26: WSWT2625800 | B26: 6752.7564 | J26: 24866.6 | X26: =SUM(B26:W26) -> 31619.356 | Z26: WSWT2625800 | AF26: =SUM(AA26:AE26) -> 0
A27: WSWT2625850SM | H27: 26357.5 | X27: =SUM(B27:W27) -> 26357.5 | Z27: WSWT2625850SM | AF27: =SUM(AA27:AE27) -> 0
A28: WSWT2825850 | E28: 0 | I28: 4268.9369 | L28: 0 | X28: =SUM(B28:W28) -> 4268.9369 | Z28: WSWT2825850 | AF28: =SUM(AA28:AE28) -> 0
A29: ผลรวมทั้งหมด | B29: =SUM(B5:B28) -> 76689.579 | C29: =SUM(C5:C28) -> 37158.282 | D29: =SUM(D5:D28) -> 78905.4 | E29: =SUM(E5:E28) -> 64852.873 | F29: =SUM(F5:F28) -> 105376.4 | G29: =SUM(G5:G28) -> 85182.075 | H29: =SUM(H5:H28) -> 92072.38 | I29: =SUM(I5:I28) -> 79036.377 | ... W29: =SUM(W5:W28) -> 17211.04 | X29: =SUM(B29:W29) -> 1583791.9 | Z29: ผลรวมทั้งหมด | AA29: =SUM(AA5:AA28) -> 43027.6 | AB29: =SUM(AB5:AB28) -> 43027.6 | AC29: =SUM(AC5:AC28) -> 19737.876 | AD29: =SUM(AD5:AD28) -> 17211.04 | AE29: =SUM(AE5:AE28) -> 10756.9 | AF29: =SUM(AF5:AF28) -> 133761.02
A32: WSWT2025800SMMLVN | H32: 21000 | I32: เมตร
A33: WSWT2121670SMLVN | H33: 75000 | I33: เมตร
A34: WSWT2121670SMLMVN | H34: 75000 | I34: เมตร
A35: WSWT2321112512551 FG | H35: 48000 | I35: ใบ

Sheet 8-1-68
B2: เรียงกำหนดส่ง | D2: ลบ 0 | T2: เรียง 1
B3: ข้อมูลUpdate ณ. วันที่ | D3: 45665 | E3: เวลา | G3: 11.1
A4: วันรับออร์เดอร์/แบบ | B4: เลขที่ SO | C4: ชื่อลูกค้า | D4: ตรา | E4: 10.3 | I4: น้ำหนัก | L4: บิด/จับจีบ | M4: ถุงใน | Q4: 44873 | S4: วิธีบรรจุ | T4: วันส่ง | U4: จำนวนส่ง | V4: ตัดเย็บ (ใบ) | W4: 44873 | X4: พิมพ์ (ใบ) | Y4: 44876 | Z4: ผ้าทอ (เมตร) Updateณ | AB4: 44876 | AD4: ผ้าเคลือบ(เมตร) | AF4: หมายเหตุ | AG4: เครื่อง
B5: เลขที่ SO | C5: ชื่อลูกค้า | D5: ตรา | E5: กว้าง | F5: ยาว | G5: สี | H5: เคลือบ | I5: กรัม/ใบ | J5: * | K5: aw | L5: บิด/จับจีบ | M5: กว้าง | N5: ยาว | O5: หนา | P5: ใช้(กก.) | Q5: Stock(กก.) | R5: ผลิต(กก.) | S5: วิธีบรรจุ | T5: วันส่ง | U5: จำนวนส่ง | V5: StockFG | W5: ค้างตัด | X5: พิมพ์แล้ว | Y5: ค้างพิมพ์ | Z5: ประเภท | AA5: ใช้ | AB5: Stock | AC5: ค้างทอ | AD5: Stock | AE5: ค้างเคลือบ | AF5: หมายเหตุ | AG5: ที่พิมพ์ได้ | AH5: process | AI5: Lead time | AJ5: วันที่ส่งPL | AK5: เคลือบ | AL5: ได้ ART | AM5: พิมพ์ | AN5: จีบ-บิด | AO5: ตัด-เย็บ | AP5: ทอ | AQ5: สวมถุง | AR5: เย็บปาก | AS5: PT | AT5: ม้วน | AU5: ตัด | AV5: ตอกตาไก่ | AW5: GROUP | AX5: ART | AY5: หมายเหตุปัญหา | AZ5: ราคา/ใบ | BA5: ราคารวม | BB5: workweek | BC5: เส้นเทป | BD5: จำนวน
A6: 45651 | B6: MK67-001730 | C6: โรงสีข้าวธัญญาวัฒน์ | D6: LUNG SHIN 12 kg | E6: 17 | F6: 26 | G6: ขาว | H6: 0 | I6: 48 | J6: ± | K6: 5 | L6: ไม่ | M6: ไม่สวมถุงใน | N6: 0 | O6: 0 | P6: 0 | Q6: 0 | R6: 0 | S6: 500กระสอบแบน | T6: 45668 | U6: 8850 | V6: 0 | W6: 8850 | X6: 0 | Y6: 9292.5 | Z6: WSWT1725800 | AA6: 6799.8975 | AB6: 6799.8975 | AC6: 0 | AD6: 0 | AE6: 0 | AF6: 0 | AG6: ยังไม่ได้พิมพ์ | AH6: P7 | AI6: 2 | AJ6: 45668 | AK6: 0 | AL6: 45659 | AM6: 45666 | AN6: 45667 | AO6: 45667 | AP6: 45663 | AQ6: 0 | AR6: 0 | AS6: 0 | AT6: 0 | AU6: 0 | AV6: 0 | AW6: งานพิมพ์ | AX6: รอART | AY6: 10/1 เย็น | AZ6: 0 | BA6: 0 | BB6: 0 | BC6: WRWT25800/WRWT25800 | BD6: 0
A7: 0 | B7: 0 | C7: 0 | D7: 0 | E7: 17 | F7: 26 | G7: 0 | H7: 0 | I7: 48 | J7: ± | K7: 5 | L7: 0 | M7: 0 | N7: 0 | O7: 0 | P7: 0 | Q7: 0 | R7: 0 | S7: 0 | U7: 0 | V7: 0 | W7: 0 | X7: 0 | Y7: 0 | Z7: WSWT1725800 | AA7: 6799.8975 | AB7: 6799.8975 | AC7: 0 | AD7: 0 | AE7: 0 | AF7: ระบุในSD | AG7: ผ้าขาว | AH7: 0 | AI7: 0 | AJ7: 0 | AK7: 0 | AL7: 0 | AM7: 0 | AN7: 0 | AO7: 0 | AP7: 0 | AQ7: 0 | AR7: 0 | AS7: 0 | AT7: 0 | AU7: 0 | AV7: 0 | AW7: 0 | AX7: 0 | AY7: 0 | AZ7: 0 | BA7: 0 | BB7: 0 | BC7: WRWT170800/WRWT25800 | BD7: 0
A8: 45659 | B8: MK68-000006 | C8: หจก.อนนท์อุตสาหกรรม | D8: อนนท์ 20 กก. | E8: 18 | F8: 28 | G8: ขาว | H8: 0 | I8: 50 | J8: ± | K8: 5 | L8: ไม่ | M8: 19 | N8: 31 | O8: 40 | P8: 363.27927 | Q8: 0 | R8: 363.27927 | S8: 500กระสอบ | T8: 45668 | U8: 25000 | V8: 0 | W8: 25000 | X8: 19025 | Y8: 6273.75 | Z8: WSWT1825800 | AA8: 5171.013 | AB8: 0 | AC8: 5171.013 | AD8: 0 | AE8: 0 | AF8: 0 | AG8: พร้อมส่ง | AH8: P9 | AI8: 3 | AJ8: 45668 | AK8: 0 | AL8: 45658 | AM8: 45665 | AN8: 45666 | AO8: 45666 | AP8: 45663 | AQ8: 45667 | AR8: 0 | AS8: 0 | AT8: 0 | AU8: 0 | AV8: 0 | AW8: งานพิมพ์ | AX8: รอART | AY8: 0 | AZ8: 0 | BA8: 0 | BB8: 0 | BC8: WRWT25800/WRWT25800 | BD8: 355.76569
A9: 45659 | B9: MK68-000009 | C9: บจก.ฟาร์เธอร์ส วิง ซัพพลาย | D9: รถไฟฟ้า | E9: 18 | F9: 30 | G9: ขาว | H9: 0 | I9: 54 | J9: ± | K9: 5 | L9: บิด | M9: 19 | N9: 33 | O9: 40 | P9: 232.02999 | Q9: 0 | R9: 232.02999 | S9: 500กระสอบ | T9: 45672 | U9: 15000 | V9: 0 | W9: 15000 | X9: 0 | Y9: 15750 | Z9: WSWT1825800 | AA9: 13201.65 | AB9: 0 | AC9: 13201.65 | AD9: 0 | AE9: 0 | AF9: 0 | AG9: ยังไม่ได้พิมพ์ | AH9: P9 | AI9: 3 | AJ9: 45672 | AK9: 0 | AL9: 45662 | AM9: 45669 | AN9: 45670 | AO9: 45670 | AP9: 45667 | AQ9: 45671 | AR9: 0 | AS9: 0 | AT9: 0 | AU9: 0 | AV9: 0 | AW9: งานพิมพ์ | AX9: รอART | AY9: 0 | AZ9: 0 | BA9: 0 | BB9: 0 | BC9: WRWT25800/WRWT25800 | BD9: 908.27352
A10: 45659 | B10: MK68-000009 | C10: บจก.ฟาร์เธอร์ส วิง ซัพพลาย | D10: ไม่พิมพ์ | E10: 18 | F10: 30 | G10: ขาว | H10: 0 | I10: 54 | J10: ± | K10: 5 | L10: ไม่ | M10: 19 | N10: 33 | O10: 40 | P10: 46.405998 | Q10: 0 | R10: 46.405998 | S10: 500กระสอบ | T10: 45672 | U10: 3000 | V10: 0 | W10: 3000 | X10: 0 | Y10: 0 | Z10: WSWT1825800 | AA10: 2640.33 | AB10: 0 | AC10: 2640.33 | AD10: 0 | AE10: 0 | AF10: 0 | AG10: พร้อมส่ง | AH10: P13 | AI10: 2 | AJ10: 45672 | AK10: 0 | AL10: 0 | AM10: 0 | AN10: 0 | AO10: 45670 | AP10: 45667 | AQ10: 45671 | AR10: 0 | AS10: 0 | AT10: 0 | AU10: 0 | AV10: 0 | AW10: ตัด | AX10: 0 | AY10: 0 | AZ10: 0 | BA10: 0 | BB10: 0 | BC10: WRWT25800/WRWT25800 | BD10: 181.6547
A11: 0 | B11: 0 | E11: 18 | F11: 30 | G11: ขาว | H11: 0 | I11: 54 | J11: ± | K11: 5 | L11: 0 | M11: 0 | N11: 0 | O11: 0 | P11: 0 | Q11: 0 | R11: 0 | S11: 0 | U11: 0 | V11: 0 | W11: 0 | X11: 0 | Y11: 0 | Z11: WSWT1825800 | AA11: 21012.993 | AB11: 0 | AC11: 21012.993 | AD11: 0 | AE11: 0 | AF11: ระบุในSD | AG11: พิมพ์ไม่ครบ | AH11: 0 | AI11: Lead time | AJ11: 0 | AK11: 0 | AL11: 0 | AM11: 0 | AN11: 0 | AO11: 0 | AP11: 0 | AQ11: 0 | AR11: 0 | AS11: 0 | AT11: 0 | AU11: 0 | AV11: 0 | AW11: 0 | AX11: 0 | AY11: 0 | AZ11: 0 | BA11: 0 | BB11: 0 | BC11: WRWT25800/WRWT25800 | BD11: 0
A12: 45659 | B12: MK68-000008 | C12: บจก.2 เอ็ม อโกร เท็ค | D12: เลิฟชอยล์ 14-3-3 | E12: 18 | F12: 30 | G12: ขาว | H12: ใส | I12: 74 | J12: ± | K12: 5 | L12: บิด | M12: 19 | N12: 33 | O12: 70 | P12: 135.35083 | Q12: 0 | R12: 135.35083 | S12: 500กระสอบ | T12: 45672 | U12: 5000 | V12: 0 | W12: 5000 | X12: 0 | Y12: 5250 | Z12: WSWT1825800SM | AA12: 4400.55 | AB12: 0 | AC12: 4400.55 | AD12: 0 | AE12: 4400.55 | AF12: 0 | AG12: ยังไม่ได้พิมพ์ | AH12: P8 | AI12: 4 | AJ12: 45672 | AK12: 45668 | AL12: 45662 | AM12: 45669 | AN12: 45670 | AO12: 45670 | AP12: 45667 | AQ12: 45671 | AR12: 0 | AS12: 0 | AT12: 0 | AU12: 0 | AV12: 0 | AW12: งานเคลือบ+พิมพ์ | AX12: / | AY12: 0 | AZ12: 0 | BA12: 0 | BB12: 0 | BC12: WRWT25800/WRWT25800 | BD12: 281.6352
A13: 0 | B13: 0 | C13: 0 | E13: 18 | F13: 25 | G13: ขาว | H13: 0 | I13: 50 | J13: ± | K13: 5 | L13: 0 | M13: 0 | N13: 0 | O13: 0 | P13: 0 | Q13: 0 | R13: 0 | S13: 0 | U13: 0 | V13: 0 | W13: 0 | X13: 0 | Y13: 0 | Z13: WSWT1825800SM | AA13: 4400.55 | AB13: 0 | AC13: 4400.55 | AD13: 0 | AE13: 4400.55 | AF13: ระบุในSD | AG13: ยังไม่ได้พิมพ์ | AH13: 0 | AI13: Lead time | AJ13: 0 | AK13: 0 | AL13: 0 | AM13: 0 | AN13: 0 | AO13: 0 | AP13: 0 | AQ13: 0 | AR13: 0 | AS13: 0 | AT13: 0 | AU13: 0 | AV13: 0 | AW13: 0 | AX13: 0 | AY13: 0 | AZ13: 0 | BA13: 0 | BB13: 0 | BC13: WRWT180800/WRWT25800 | BD13: 0
A14: 45639 | B14: MK67-001670 | C14: บจก.เพรซิเดนท์ฟลาวมิลล์ | D14: ผึ้งเหลือง | E14: 19 | F14: 30 | G14: ขาว | H14: 0 | I14: 60 | J14: ± | K14: 5 | L14: บิด | M14: ไม่สวมถุงใน | N14: 0 | O14: 0 | P14: 0 | Q14: 0 | R14: 0 | S14: 500กระสอบเต็มใบ | T14: 45666 | U14: 50000 | V14: 19500 | W14: 30500 | X14: 35835 | Y14: 14873.25 | Z14: WSWT1925800 | AA14: 13090.096 | AB14: 13090.096 | AC14: 0 | AD14: 0 | AE14: 0 | AF14: 0 | AG14: ยังไม่ได้พิมพ์ | AH14: P7 | AI14: 2 | AJ14: 45666 | AK14: 0 | AL14: 45657 | AM14: 45664 | AN14: 45665 | AO14: 45665 | AP14: 45661 | AQ14: 0 | AR14: 0 | AS14: 0 | AT14: 0 | AU14: 0 | AV14: 0 | AW14: งานพิมพ์ | AX14: รอART | AY14: 0 | AZ14: 0 | BA14: 0 | BB14: 0 | BC14: WRWT25800/WRWT25800 | BD14: 0
A15: 45646 | B15: MK67-001709 | C15: บจก.ซีแมนอินดัสตรี | D15: W30 | E15: 19 | F15: 28 | G15: ขาว | H15: 0 | I15: 56 | J15: ± | K15: 5 | L15: ไม่ | M15: 20 | N15: 30 | O15: 90 | P15: 999.1722 | Q15: 0 | R15: 999.1722 | S15: มัด100 | T15: 45670 | U15: 30000 | V15: 0 | W15: 30000 | X15: 0 | Y15: 31500 | Z15: WSWT1925800 | AA15: 24726.9 | AB15: 14521 | AC15: 10205.9 | AD15: 0 | AE15: 0 | AF15: 0 | AG15: รอแบบ | AH15: P9 | AI15: 3 | AJ15: 45670 | AK15: 0 | AL15: 45660 | AM15: 45667 | AN15: 45668 | AO15: 45668 | AP15: 45665 | AQ15: 45669 | AR15: 0 | AS15: 0 | AT15: 0 | AU15: 0 | AV15: 0 | AW15: งานพิมพ์ | AX15: / | AY15: 0 | AZ15: 0 | BA15: 0 | BB15: 0 | BC15: WRWT25800/WRWT25800 | BD15: 741.17514
A16: 45659 | B16: MK68-000007 | C16: หจก.ชนุตร์ แคเซี่ยม 888 | D16: หงส์แดง | E16: 19 | F16: 32 | G16: ขาว | H16: 0 | I16: 64 | J16: ± | K16: 5 | L16: บิด | M16: 20 | N16: 35 | O16: 40 | P16: 86.348214 | Q16: 0 | R16: 86.348214 | S16: 500กระสอบ | T16: 45672 | U16: 5000 | V16: 0 | W16: 5000 | X16: 0 | Y16: 5250 | Z16: WSWT1925800 | AA16: 4679.95 | AB16: 0 | AC16: 4679.95 | AD16: 0 | AE16: 0 | AF16: 0 | AG16: ยังไม่ได้พิมพ์ | AH16: P9 | AI16: 3 | AJ16: 45672 | AK16: 0 | AL16: 45662 | AM16: 45669 | AN16: 45670 | AO16: 45670 | AP16: 45667 | AQ16: 45671 | AR16: 0 | AS16: 0 | AT16: 0 | AU16: 0 | AV16: 0 | AW16: งานพิมพ์ | AX16: รอART | AY16: 0 | AZ16: 0 | BA16: 0 | BB16: 0 | BC16: WRWT25800/WRWT25800 | BD16: 339.86837
A17: 45661 | B17: MK68-000021 | C17: หจก.ไอทีอี เกษตรพัฒนา | D17: ITE ปูนเปลือกหอย | E17: 19 | F17: 34 | G17: ขาว | H17: 0 | I17: 68 | J17: ± | K17: 5 | L17: จับจีบ4" | M17: 21 | N17: 37 | O17: 40 | P17: 95.846518 | Q17: 0 | R17: 95.846518 | S17: 500กระสอบแบน | T17: 45674 | U17: 5000 | V17: 0 | W17: 5000 | X17: 0 | Y17: 5250 | Z17: WSWT1925800 | AA17: 4959.35 | AB17: 0 | AC17: 4959.35 | AD17: 0 | AE17: 0 | AF17: 0 | AG17: ยังไม่ได้พิมพ์ | AH17: P9 | AI17: 3 | AJ17: 45674 | AK17: 0 | AL17: 45664 | AM17: 45671 | AN17: 45672 | AO17: 45672 | AP17: 45669 | AQ17: 45673 | AR17: 0 | AS17: 0 | AT17: 0 | AU17: 0 | AV17: 0 | AW17: งานพิมพ์ | AX17: รอART | AY17: 0 | AZ17: 0 | BA17: 0 | BB17: 0 | BC17: WRWT25800/WRWT25800 | BD17: 360.15902
A18: ประมาณการ | B18: ประมาณการ | C18: บจก.เอ็กซ์เซลเล้นท์ | D18: รอแบบ | E18: 19 | F18: 30 | G18: ขาว | H18: 0 | I18: 60 | J18: ± | K18: 5 | L18: บิด | M18: ไม่สวมถุงใน | N18: 0 | O18: 0 | P18: 0 | Q18: 0 | R18: 0 | S18: 500กระสอบ | T18: 45687 | U18: 40000 | V18: 0 | W18: 40000 | X18: 0 | Y18: 42000 | Z18: WSWT1925800 | AA18: 35204.4 | AB18: 0 | AC18: 35204.4 | AD18: 0 | AE18: 0 | AF18: 0 | AG18: พร้อมส่ง | AH18: P7 | AI18: 2 | AJ18: 45687 | AK18: 0 | AL18: 45678 | AM18: 45685 | AN18: 45686 | AO18: 45686 | AP18: 45682 | AQ18: 0 | AR18: 0 | AS18: 0 | AT18: 0 | AU18: 0 | AV18: 0 | AW18: งานพิมพ์ | AX18: รอART | AY18: 0 | AZ18: 0 | BA18: 0 | BB18: 0 | BC18: WRWT25800/WRWT25800 | BD18: 2556.6218
A19: 45664 | B19: ใบรับคำสั่งซื้อ | C19: บจก.เพรซิเดนท์ฟลาวมิลล์ | D19: ผึ้งชมพู | E19: 19 | F19: 30 | G19: ขาว | H19: 0 | I19: 60 | J19: ± | K19: 5 | L19: บิด | M19: ไม่สวมถุงใน | N19: 0 | O19: 0 | P19: 0 | Q19: 0 | R19: 0 | S19: 500กระสอบเต็มใบ | T19: 45679 | U19: 20000 | V19: 0 | W19: 20000 | X19: 0 | Y19: 21000 | Z19: WSWT1925800 | AA19: 17602.2 | AB19: 0 | AC19: 17602.2 | AD19: 0 | AE19: 0 | AF19: 0 | AG19: ยังไม่ได้พิมพ์ | AH19: P7 | AI19: 2 | AJ19: 45679 | AK19: 0 | AL19: 45670 | AM19: 45677 | AN19: 45678 | AO19: 45678 | AP19: 45674 | AQ19: 0 | AR19: 0 | AS19: 0 | AT19: 0 | AU19: 0 | AV19: 0 | AW19: งานพิมพ์ | AX19: รอART | AY19: 0 | AZ19: 0 | BA19: 0 | BB19: 0 | BC19: WRWT25800/WRWT25800 | BD19: 1278.3109
A20: 45639 | B20: MK67-001670 | C20: บจก.เพรซิเดนท์ฟลาวมิลล์ | D20: ผึ้งเหลือง | E20: 19 | F20: 30 | G20: ขาว | H20: 0 | I20: 60 | J20: ± | K20: 5 | L20: บิด | M20: ไม่สวมถุงใน | N20: 0 | O20: 0 | P20: 0 | Q20: 0 | R20: 0 | S20: 500กระสอบเต็มใบ | T20: 45677 | U20: 50000 | V20: 0 | W20: 50000 | X20: 0 | Y20: 52500 | Z20: WSWT1925800 | AA20: 44005.5 | AB20: 0 | AC20: 44005.5 | AD20: 0 | AE20: 0 | AF20: 0 | AG20: รอตัด | AH20: P7 | AI20: 2 | AJ20: 45677 | AK20: 0 | AL20: 45668 | AM20: 45675 | AN20: 45676 | AO20: 45676 | AP20: 45672 | AQ20: 0 | AR20: 0 | AS20: 0 | AT20: 0 | AU20: 0 | AV20: 0 | AW20: งานพิมพ์ | AX20: รอART | AY20: 0 | AZ20: 0 | BA20: 0 | BB20: 0 | BC20: WRWT25800/WRWT25800 | BD20: 3195.7772
A21: 0 | B21: 0 | C21: 0 | D21: 0 | E21: 19 | F21: 30 | G21: ขาว | H21: 0 | I21: 60 | J21: ± | K21: 5 | L21: 0 | M21: 0 | N21: 0 | O21: 0 | P21: 0 | Q21: 0 | R21: 0 | S21: 0 | U21: 0 | V21: 0 | W21: 0 | X21: 0 | Y21: 0 | Z21: WSWT1925800 | AA21: 144268.4 | AB21: 27611.096 | AC21: 116657.3 | AD21: 0 | AE21: 0 | AF21: ระบุในSD | AG21: รอตัด | AH21: 0 | AI21: Lead time | AJ21: 0 | AK21: 0 | AL21: 0 | AM21: 0 | AN21: 0 | AO21: 0 | AP21: 0 | AQ21: 0 | AR21: 0 | AS21: 0 | AT21: 0 | AU21: 0 | AV21: 0 | AW21: 0 | AX21: 0 | AY21: 0 | AZ21: 0 | BA21: 0 | BB21: 0 | BC21: WRWT25800/WRWT25800 | BD21: 0
A22: 45646 | B22: MK67-001711 | C22: บจก.เคอรี่ฟลาวมิลล์ | D22: WHOLE WHEAT | E22: 19 | F22: 32 | G22: ขาว | H22: 0 | I22: 67 | J22: + | K22: 5 | L22: บิด | M22: ไม่สวมถุงใน | N22: 0 | O22: 0 | P22: 0 | Q22: 0 | R22: 0 | S22: ห่ออัดเบลแบน500 | T22: 45666 | U22: 5000 | V22: 0 | W22: 5000 | X22: 0 | Y22: 5250 | Z22: WSWT1921720 | AA22: 4679.95 | AB22: 4679.95 | AC22: 0 | AD22: 0 | AE22: 0 | AF22: 0 | AG22: ยังไม่ได้พิมพ์ | AH22: P7 | AI22: 2 | AJ22: 45666 | AK22: 0 | AL22: 45657 | AM22: 45664 | AN22: 45665 | AO22: 45665 | AP22: 45661 | AQ22: 0 | AR22: 0 | AS22: 0 | AT22: 0 | AU22: 0 | AV22: 0 | AW22: งานพิมพ์ | AX22: / | AY22: 0 | AZ22: 0 | BA22: 0 | BB22: 0 | BC22: WRWT21720/WRWT25800 | BD22: 0
A23: 45649 | B23: MK67-001710 | C23: บจก.เคอรี่ฟลาวมิลล์ | D23: ปลาโลมาเทา | E23: 19 | F23: 30 | G23: ขาว | H23: 0 | I23: 63 | J23: + | K23: 5 | L23: บิด | M23: ไม่สวมถุงใน | N23: 0 | O23: 0 | P23: 0 | Q23: 0 | R23: 0 | S23: ห่ออัดเบลแบน500 | T23: 45666 | U23: 5000 | V23: 0 | W23: 5000 | X23: 5400 | Y23: 0 | Z23: WSWT1921720 | AA23: 0 | AB23: 0 | AC23: 0 | AD23: 0 | AE23: 0 | AF23: 0 | AG23: รอตัด | AH23: P7 | AI23: 2 | AJ23: 45666 | AK23: 0 | AL23: 45657 | AM23: 45664 | AN23: 45665 | AO23: 45665 | AP23: 45661 | AQ23: 0 | AR23: 0 | AS23: 0 | AT23: 0 | AU23: 0 | AV23: 0 | AW23: งานพิมพ์ | AX23: / | AY23: 0 | AZ23: 0 | BA23: 0 | BB23: 0 | BC23: WRWT21720/WRWT25800 | BD23: 0
A24: 45649 | B24: MK67-001710 | C24: บจก.เคอรี่ฟลาวมิลล์ | D24: แต้้มแดง | E24: 19 | F24: 30 | G24: ขาว | H24: 0 | I24: 63 | J24: + | K24: 5 | L24: บิด | M24: ไม่สวมถุงใน | N24: 0 | O24: 0 | P24: 0 | Q24: 0 | R24: 0 | S24: ห่ออัดเบลแบน500 | T24: 45666 | U24: 5000 | V24: 0 | W24: 5000 | X24: 5400 | Y24: 0 | Z24: WSWT1921720 | AA24: 0 | AB24: 0 | AC24: 0 | AD24: 0 | AE24: 0 | AF24: 0 | AG24: รอตัด | AH24: P7 | AI24: 2 | AJ24: 45666 | AK24: 0 | AL24: 45657 | AM24: 45664 | AN24: 45665 | AO24: 45665 | AP24: 45661 | AQ24: 0 | AR24: 0 | AS24: 0 | AT24: 0 | AU24: 0 | AV24: 0 | AW24: งานพิมพ์ | AX24: / | AY24: 0 | AZ24: 0 | BA24: 0 | BB24: 0 | BC24: WRWT21720/WRWT25800 | BD24: 0
A25: 45649 | B25: MK67-001710 | C25: บจก.เคอรี่ฟลาวมิลล์ | D25: FW-Y | E25: 19 | F25: 30 | G25: ขาว | H25: 0 | I25: 63 | J25: + | K25: 5 | L25: ไม่ | M25: ไม่สวมถุงใน | N25: 0 | O25: 0 | P25: 0 | Q25: 0 | R25: 0 | S25: ห่ออัดเบลแบน500 | T25: 45666 | U25: 5000 | V25: 0 | W25: 5000 | X25: 0 | Y25: 5250 | Z25: WSWT1921720 | AA25: 4400.55 | AB25: 4400.55 | AC25: 0 | AD25: 0 | AE25: 0 | AF25: 0 | AG25: พิมพ์ไม่ครบ | AH25: P7 | AI25: 2 | AJ25: 45666 | AK25: 0 | AL25: 45657 | AM25: 45664 | AN25: 45665 | AO25: 45665 | AP25: 45661 | AQ25: 0 | AR25: 0 | AS25: 0 | AT25: 0 | AU25: 0 | AV25: 0 | AW25: งานพิมพ์ | AX25: / | AY25: 0 | AZ25: 0 | BA25: 0 | BB25: 0 | BC25: WRWT21720/WRWT25800 | BD25: 0
A26: 45649 | B26: MK67-001710 | C26: บจก.เคอรี่ฟลาวมิลล์ | D26: ถุงทองแซนวิช | E26: 19 | F26: 30 | G26: ขาว | H26: 0 | I26: 63 | J26: + | K26: 5 | L26: บิด | M26: ไม่สวมถุงใน | N26: 0 | O26: 0 | P26: 0 | Q26: 0 | R26: 0 | S26: ห่ออัดเบลแบน500 | T26: 45666 | U26: 10000 | V26: 0 | W26: 10000 | X26: 10400 | Y26: 0 | Z26: WSWT1921720 | AA26: 0 | AB26: 0 | AC26: 0 | AD26: 0 | AE26: 0 | AF26: 0 | AG26: ยังไม่ได้พิมพ์ | AH26: P7 | AI26: 2 | AJ26: 45666 | AK26: 0 | AL26: 45657 | AM26: 45664 | AN26: 45665 | AO26: 45665 | AP26: 45661 | AQ26: 0 | AR26: 0 | AS26: 0 | AT26: 0 | AU26: 0 | AV26: 0 | AW26: งานพิมพ์ | AX26: / | AY26: 0 | AZ26: 0 | BA26: 0 | BB26: 0 | BC26: WRWT21720/WRWT25800 | BD26: 0
A27: 45649 | B27: MK67-001382 | C27: บจก.เคอรี่ฟลาวมิลล์ | D27: ถุงเขียว | E27: 19 | F27: 30 | G27: ขาว | H27: 0 | I27: 63 | J27: + | K27: 5 | L27: บิด | M27: ไม่สวมถุงใน | N27: 0 | O27: 0 | P27: 0 | Q27: 0 | R27: 0 | S27: ห่ออัดเบลแบน500 | T27: 45666 | U27: 10000 | V27: 0 | W27: 10000 | X27: 10550 | Y27: 0 | Z27: WSWT1921720 | AA27: 0 | AB27: 0 | AC27: 0 | AD27: 0 | AE27: 0 | AF27: 0 | AG27: ยังไม่ได้พิมพ์ | AH27: P7 | AI27: 2 | AJ27: 45666 | AK27: 0 | AL27: 45657 | AM27: 45664 | AN27: 45665 | AO27: 45665 | AP27: 45661 | AQ27: 0 | AR27: 0 | AS27: 0 | AT27: 0 | AU27: 0 | AV27: 0 | AW27: งานพิมพ์ | AX27: / | AY27: 0 | AZ27: 0 | BA27: 0 | BB27: 0 | BC27: WRWT21720/WRWT25800 | BD27: 0
A28: 45659 | B28: MK67-001710 | C28: บจก.เคอรี่ฟลาวมิลล์ | D28: ดอกไม้แดง | E28: 19 | F28: 30 | G28: ขาว | H28: 0 | I28: 63 | J28: + | K28: 5 | L28: บิด | M28: ไม่สวมถุงใน | N28: 0 | O28: 0 | P28: 0 | Q28: 0 | R28: 0 | S28: ห่ออัดเบลแบน500 | T28: 45667 | U28: 20000 | V28: 0 | W28: 20000 | X28: 12080 | Y28: 8316 | Z28: WSWT1921720 | AA28: 7318.9948 | AB28: 7318.9948 | AC28: 0 | AD28: 0 | AE28: 0 | AF28: PDR240411 | AG28: ยังไม่ได้พิมพ์ | AH28: P7 | AI28: 2 | AJ28: 45667 | AK28: 0 | AL28: 45658 | AM28: 45665 | AN28: 45666 | AO28: 45666 | AP28: 45662 | AQ28: 0 | AR28: 0 | AS28: 0 | AT28: 0 | AU28: 0 | AV28: 0 | AW28: งานพิมพ์ | AX28: 0 | AY28: 0 | AZ28: 0 | BA28: 0 | BB28: 0 | BC28: WRWT21720/WRWT25800 | BD28: 0
A29: 45649 | B29: MK67-001710 | C29: บจก.เคอรี่ฟลาวมิลล์ | D29: โบว์แดง | E29: 19 | F29: 30 | G29: ขาว | H29: 0 | I29: 63 | J29: + | K29: 5 | L29: บิด | M29: ไม่สวมถุงใน | N29: 0 | O29: 0 | P29: 0 | Q29: 0 | R29: 0 | S29: ห่ออัดเบลแบน500 | T29: 45668 | U29: 5000 | V29: 0 | W29: 5000 | X29: 0 | Y29: 5250 | Z29: WSWT1921720 | AA29: 4400.55 | AB29: 4400.55 | AC29: 0 | AD29: 0 | AE29: 0 | AF29: 0 | AG29: ยังไม่ได้พิมพ์ | AH29: P7 | AI29: 2 | AJ29: 45668 | AK29: 0 | AL29: 45659 | AM29: 45666 | AN29: 45667 | AO29: 45667 | AP29: 45663 | AQ29: 0 | AR29: 0 | AS29: 0 | AT29: 0 | AU29: 0 | AV29: 0 | AW29: งานพิมพ์ | AX29: / | AY29: 0 | AZ29: 0 | BA29: 0 | BB29: 0 | BC29: WRWT21720/WRWT25800 | BD29: 0
A30: 45649 | B30: MK67-001710 | C30: บจก.เคอรี่ฟลาวมิลล์ | D30: 8S | E30: 19 | F30: 30 | G30: ขาว | H30: 0 | I30: 63 | J30: + | K30: 5 | L30: ไม่ | M30: ไม่สวมถุงใน | N30: 0 | O30: 0 | P30: 0 | Q30: 0 | R30: 0 | S30: ห่ออัดเบลแบน500 | T30: 45668 | U30: 5000 | V30: 0 | W30: 5000 | X30: 0 | Y30: 5250 | Z30: WSWT1921720 | AA30: 4400.55 | AB30: 4400.55 | AC30: 0 | AD30: 0 | AE30: 0 | AF30: 0 | AG30: ยังไม่ได้พิมพ์ | AH30: P7 | AI30: 2 | AJ30: 45668 | AK30: 0 | AL30: 45659 | AM30: 45666 | AN30: 45667 | AO30: 45667 | AP30: 45663 | AQ30: 0 | AR30: 0 | AS30: 0 | AT30: 0 | AU30: 0 | AV30: 0 | AW30: งานพิมพ์ | AX30: / | AY30: 0 | AZ30: 0 | BA30: 0 | BB30: 0 | BC30: WRWT21720/WRWT25800 | BD30: 0
A31: 45649 | B31: MK67-001710 | C31: บจก.เคอรี่ฟลาวมิลล์ | D31: หีบเพลงเหลือง | E31: 19 | F31: 30 | G31: ขาว | H31: 0 | I31: 63 | J31: + | K31: 5 | L31: บิด | M31: ไม่สวมถุงใน | N31: 0 | O31: 0 | P31: 0 | Q31: 0 | R31: 0 | S31: ห่ออัดเบลแบน500 | T31: 45668 | U31: 5000 | V31: 0 | W31: 5000 | X31: 0 | Y31: 5250 | Z31: WSWT1921720 | AA31: 4400.55 | AB31: 0 | AC31: 4400.55 | AD31: 0 | AE31: 0 | AF31: 0 | AG31: ยังไม่ได้พิมพ์ | AH31: P7 | AI31: 2 | AJ31: 45668 | AK31: 0 | AL31: 45659 | AM31: 45666 | AN31: 45667 | AO31: 45667 | AP31: 45663 | AQ31: 0 | AR31: 0 | AS31: 0 | AT31: 0 | AU31: 0 | AV31: 0 | AW31: งานพิมพ์ | AX31: / | AY31: 0 | AZ31: 0 | BA31: 0 | BB31: 0 | BC31: WRWT21720/WRWT25800 | BD31: 331.46898
A32: 45649 | B32: MK67-001382 | C32: บจก.เคอรี่ฟลาวมิลล์ | D32: ปลาโลมาแดง | E32: 19 | F32: 30 | G32: ขาว | H32: 0 | I32: 63 | J32: + | K32: 5 | L32: บิด | M32: ไม่สวมถุงใน | N32: 0 | O32: 0 | P32: 0 | Q32: 0 | R32: 0 | S32: ห่ออัดเบลแบน500 | T32: 45668 | U32: 5000 | V32: 0 | W32: 5000 | X32: 0 | Y32: 5250 | Z32: WSWT1921720 | AA32: 4400.55 | AB32: 0 | AC32: 4400.55 | AD32: 0 | AE32: 0 | AF32: 0 | AG32: ยังไม่ได้พิมพ์ | AH32: P7 | AI32: 2 | AJ32: 45668 | AK32: 0 | AL32: 45659 | AM32: 45666 | AN32: 45667 | AO32: 45667 | AP32: 45663 | AQ32: 0 | AR32: 0 | AS32: 0 | AT32: 0 | AU32: 0 | AV32: 0 | AW32: งานพิมพ์ | AX32: / | AY32: 0 | AZ32: 0 | BA32: 0 | BB32: 0 | BC32: WRWT21720/WRWT25800 | BD32: 331.46898
A33: 45649 | B33: MK67-001382 | C33: บจก.เคอรี่ฟลาวมิลล์ | D33: กุ้งแดง | E33: 19 | F33: 30 | G33: ขาว | H33: 0 | I33: 63 | J33: + | K33: 5 | L33: บิด | M33: ไม่สวมถุงใน | N33: 0 | O33: 0 | P33: 0 | Q33: 0 | R33: 0 | S33: ห่ออัดเบลแบน500 | T33: 45668 | U33: 10000 | V33: 0 | W33: 10000 | X33: 0 | Y33: 10500 | Z33: WSWT1921720 | AA33: 8801.1 | AB33: 0 | AC33: 8801.1 | AD33: 0 | AE33: 0 | AF33: 0 | AG33: ผ้าขาว | AH33: P7 | AI33: 2 | AJ33: 45668 | AK33: 0 | AL33: 45659 | AM33: 45666 | AN33: 45667 | AO33: 45667 | AP33: 45663 | AQ33: 0 | AR33: 0 | AS33: 0 | AT33: 0 | AU33: 0 | AV33: 0 | AW33: งานพิมพ์ | AX33: / | AY33: 0 | AZ33: 0 | BA33: 0 | BB33: 0 | BC33: WRWT21720/WRWT25800 | BD33: 662.93797
A34: 45646 | B34: MK67-001713 | C34: บจก.เคอรี่ฟลาวมิลล์ | D34: ดอกไม้แดง | E34: 19 | F34: 32 | G34: ขาว | H34: 0 | I34: 67 | J34: + | K34: 5 | L34: บิด | M34: ไม่สวมถุงใน | N34: 0 | O34: 0 | P34: 0 | Q34: 0 | R34: 0 | S34: ห่ออัดเบลแบน500 | T34: 45668 | U34: 5000 | V34: 0 | W34: 5000 | X34: 0 | Y34: 5250 | Z34: WSWT1921720 | AA34: 4679.95 | AB34: 0 | AC34: 4679.95 | AD34: 0 | AE34: 0 | AF34: PDR240412 | AG34: ผ้าขาว | AH34: P7 | AI34: 2 | AJ34: 45668 | AK34: 0 | AL34: 45659 | AM34: 45666 | AN34: 45667 | AO34: 45667 | AP34: 45663 | AQ34: 0 | AR34: 0 | AS34: 0 | AT34: 0 | AU34: 0 | AV34: 0 | AW34: งานพิมพ์ | AX34: / | AY34: 0 | AZ34: 0 | BA34: 0 | BB34: 0 | BC34: WRWT21720/WRWT25800 | BD34: 352.51463
A35: 45646 | B35: MK67-001713 | C35: บจก.เคอรี่ฟลาวมิลล์ | D35: แปดแต้มแดง | E35: 19 | F35: 32 | G35: ขาว | H35: 0 | I35: 67 | J35: + | K35: 5 | L35: บิด | M35: ไม่สวมถุงใน | N35: 0 | O35: 0 | P35: 0 | Q35: 0 | R35: 0 | S35: ห่ออัดเบลแบน500 | T35: 45668 | U35: 5000 | V35: 0 | W35: 5000 | X35: 0 | Y35: 5250 | Z35: WSWT1921720 | AA35: 4679.95 | AB35: 0 | AC35: 4679.95 | AD35: 0 | AE35: 0 | AF35: 0 | AG35: ยังไม่ได้พิมพ์ | AH35: P7 | AI35: 2 | AJ35: 45668 | AK35: 0 | AL35: 45659 | AM35: 45666 | AN35: 45667 | AO35: 45667 | AP35: 45663 | AQ35: 0 | AR35: 0 | AS35: 0 | AT35: 0 | AU35: 0 | AV35: 0 | AW35: งานพิมพ์ | AX35: / | AY35: 0 | AZ35: 0 | BA35: 0 | BB35: 0 | BC35: WRWT21720/WRWT25800 | BD35: 352.51463
A36: 45652 | B36: MK67-001734 | C36: บจก.เคอรี่ฟลาวมิลล์ | D36: ไม่พิมพ์ | E36: 19 | F36: 30 | G36: ขาว | H36: 0 | I36: 63 | J36: + | K36: 5 | L36: ไม่ | M36: ไม่สวมถุงใน | N36: 0 | O36: 0 | P36: 0 | Q36: 0 | R36: 0 | S36: ห่ออัดเบลแบน500 | T36: 45670 | U36: 20000 | V36: 10000 | W36: 10000 | X36: 0 | Y36: 0 | Z36: WSWT1921720 | AA36: 8801.1 | AB36: 0 | AC36: 8801.1 | AD36: 0 | AE36: 0 | AF36: 0 | AG36: ยังไม่ได้พิมพ์ | AH36: P3 | AI36: 1 | AJ36: 45670 | AK36: 0 | AL36: 0 | AM36: 0 | AN36: 0 | AO36: 45669 | AP36: 45665 | AQ36: 0 | AR36: 0 | AS36: 0 | AT36: 0 | AU36: 0 | AV36: 0 | AW36: ตัด | AX36: 0 | AY36: 0 | AZ36: 0 | BA36: 0 | BB36: 0 | BC36: WRWT21720/WRWT25800 | BD36: 662.93797
A37: 45652 | B37: MK67-001735 | C37: บจก.เคอรี่ฟลาวมิลล์ | D37: ไม่พิมพ์ | E37: 19 | F37: 30 | G37: ขาว | H37: 0 | I37: 63 | J37: + | K37: 5 | L37: ไม่ | M37: ไม่สวมถุงใน | N37: 0 | O37: 0 | P37: 0 | Q37: 0 | R37: 0 | S37: ห่ออัดเบลแบน500 | T37: 45670 | U37: 20000 | V37: 0 | W37: 20000 | X37: 0 | Y37: 0 | Z37: WSWT1921720 | AA37: 17602.2 | AB37: 0 | AC37: 17602.2 | AD37: 0 | AE37: 0 | AF37: 0 | AG37: ยังไม่ได้พิมพ์ | AH37: P3 | AI37: 1 | AJ37: 45670 | AK37: 0 | AL37: 0 | AM37: 0 | AN37: 0 | AO37: 45669 | AP37: 45665 | AQ37: 0 | AR37: 0 | AS37: 0 | AT37: 0 | AU37: 0 | AV37: 0 | AW37: ตัด | AX37: 0 | AY37: 0 | AZ37: 0 | BA37: 0 | BB37: 0 | BC37: WRWT21720/WRWT25800 | BD37: 1325.8759
A38: 45649 | B38: MK67-001710 | C38: บจก.เคอรี่ฟลาวมิลล์ | D38: บะหมี่เตี๊ยว | E38: 19 | F38: 30 | G38: ขาว | H38: 0 | I38: 63 | J38: + | K38: 5 | L38: บิด | M38: ไม่สวมถุงใน | N38: 0 | O38: 0 | P38: 0 | Q38: 0 | R38: 0 | S38: ห่ออัดเบลแบน500 | T38: 45671 | U38: 5000 | V38: 0 | W38: 5000 | X38: 0 | Y38: 5250 | Z38: WSWT1921720 | AA38: 4400.55 | AB38: 0 | AC38: 4400.55 | AD38: 0 | AE38: 0 | AF38: 0 | AG38: ยังไม่ได้พิมพ์ | AH38: P7 | AI38: 2 | AJ38: 45671 | AK38: 0 | AL38: 45662 | AM38: 45669 | AN38: 45670 | AO38: 45670 | AP38: 45666 | AQ38: 0 | AR38: 0 | AS38: 0 | AT38: 0 | AU38: 0 | AV38: 0 | AW38: งานพิมพ์ | AX38: / | AY38: 0 | AZ38: 0 | BA38: 0 | BB38: 0 | BC38: WRWT21720/WRWT25800 | BD38: 331.46898
A39: 45649 | B39: MK67-001710 | C39: บจก.เคอรี่ฟลาวมิลล์ | D39: ถุงเขียว | E39: 19 | F39: 30 | G39: ขาว | H39: 0 | I39: 63 | J39: + | K39: 5 | L39: บิด | M39: ไม่สวมถุงใน | N39: 0 | O39: 0 | P39: 0 | Q39: 0 | R39: 0 | S39: ห่ออัดเบลแบน500 | T39: 45671 | U39: 10000 | V39: 0 | W39: 10000 | X39: 0 | Y39: 10500 | Z39: WSWT1921720 | AA39: 8801.1 | AB39: 0 | AC39: 8801.1 | AD39: 0 | AE39: 0 | AF39: 0 | AG39: ยังไม่ได้พิมพ์ | AH39: P7 | AI39: 2 | AJ39: 45671 | AK39: 0 | AL39: 45662 | AM39: 45669 | AN39: 45670 | AO39: 45670 | AP39: 45666 | AQ39: 0 | AR39: 0 | AS39: 0 | AT39: 0 | AU39: 0 | AV39: 0 | AW39: งานพิมพ์ | AX39: / | AY39: 0 | AZ39: 0 | BA39: 0 | BB39: 0 | BC39: WRWT21720/WRWT25800 | BD39: 662.93797
A40: 45649 | B40: MK67-001710 | C40: บจก.เคอรี่ฟลาวมิลล์ | D40: ดอกไม้เขียว | E40: 19 | F40: 30 | G40: ขาว | H40: 0 | I40: 63 | J40: + | K40: 5 | L40: บิด | M40: ไม่สวมถุงใน | N40: 0 | O40: 0 | P40: 0 | Q40: 0 | R40: 0 | S40: ห่ออัดเบลแบน500 | T40: 45671 | U40: 5000 | V40: 0 | W40: 5000 | X40: 0 | Y40: 5250 | Z40: WSWT1921720 | AA40: 4400.55 | AB40: 0 | AC40: 4400.55 | AD40: 0 | AE40: 0 | AF40: 0 | AG40: ยังไม่ได้พิมพ์ | AH40: P7 | AI40: 2 | AJ40: 45671 | AK40: 0 | AL40: 45662 | AM40: 45669 | AN40: 45670 | AO40: 45670 | AP40: 45666 | AQ40: 0 | AR40: 0 | AS40: 0 | AT40: 0 | AU40: 0 | AV40: 0 | AW40: งานพิมพ์ | AX40: / | AY40: 0 | AZ40: 0 | BA40: 0 | BB40: 0 | BC40: WRWT21720/WRWT25800 | BD40: 331.46898
A41: 45649 | B41: MK67-001710 | C41: บจก.เคอรี่ฟลาวมิลล์ | D41: PBKF2-01-03 | E41: 19 | F41: 30 | G41: ขาว | H41: 0 | I41: 63 | J41: + | K41: 5 | L41: บิด | M41: ไม่สวมถุงใน | N41: 0 | O41: 0 | P41: 0 | Q41: 0 | R41: 0 | S41: ห่ออัดเบลแบน500 | T41: 45671 | U41: 5000 | V41: 0 | W41: 5000 | X41: 0 | Y41: 5250 | Z41: WSWT1921720 | AA41: 4400.55 | AB41: 0 | AC41: 4400.55 | AD41: 0 | AE41: 0 | AF41: 0 | AG41: ยังไม่ได้พิมพ์ | AH41: P7 | AI41: 2 | AJ41: 45671 | AK41: 0 | AL41: 45662 | AM41: 45669 | AN41: 45670 | AO41: 45670 | AP41: 45666 | AQ41: 0 | AR41: 0 | AS41: 0 | AT41: 0 | AU41: 0 | AV41: 0 | AW41: งานพิมพ์ | AX41: / | AY41: 0 | AZ41: 0 | BA41: 0 | BB41: 0 | BC41: WRWT21720/WRWT25800 | BD41: 331.46898
A42: 45649 | B42: MK67-001382 | C42: บจก.เคอรี่ฟลาวมิลล์ | D42: ปลาโลมาเทา | E42: 19 | F42: 30 | G42: ขาว | H42: 0 | I42: 63 | J42: + | K42: 5 | L42: บิด | M42: ไม่สวมถุงใน | N42: 0 | O42: 0 | P42: 0 | Q42: 0 | R42: 0 | S42: ห่ออัดเบลแบน500 | T42: 45671 | U42: 5000 | V42: 0 | W42: 5000 | X42: 0 | Y42: 5250 | Z42: WSWT1921720 | AA42: 4400.55 | AB42: 0 | AC42: 4400.55 | AD42: 0 | AE42: 0 | AF42: 0 | AG42: ยังไม่ได้พิมพ์ | AH42: P7 | AI42: 2 | AJ42: 45671 | AK42: 0 | AL42: 45662 | AM42: 45669 | AN42: 45670 | AO42: 45670 | AP42: 45666 | AQ42: 0 | AR42: 0 | AS42: 0 | AT42: 0 | AU42: 0 | AV42: 0 | AW42: งานพิมพ์ | AX42: / | AY42: 0 | AZ42: 0 | BA42: 0 | BB42: 0 | BC42: WRWT21720/WRWT25800 | BD42: 331.46898
A43: 45649 | B43: MK67-001382 | C43: บจก.เคอรี่ฟลาวมิลล์ | D43: แต้มฟ้า | E43: 19 | F43: 30 | G43: ขาว | H43: 0 | I43: 63 | J43: + | K43: 5 | L43: บิด | M43: ไม่สวมถุงใน | N43: 0 | O43: 0 | P43: 0 | Q43: 0 | R43: 0 | S43: ห่ออัดเบลแบน500 | T43: 45671 | U43: 5000 | V43: 0 | W43: 5000 | X43: 0 | Y43: 5250 | Z43: WSWT1921720 | AA43: 4400.55 | AB43: 0 | AC43: 4400.55 | AD43: 0 | AE43: 0 | AF43: 0 | AG43: ยังไม่ได้พิมพ์ | AH43: P7 | AI43: 2 | AJ43: 45671 | AK43: 0 | AL43: 45662 | AM43: 45669 | AN43: 45670 | AO43: 45670 | AP43: 45666 | AQ43: 0 | AR43: 0 | AS43: 0 | AT43: 0 | AU43: 0 | AV43: 0 | AW43: งานพิมพ์ | AX43: / | AY43: 0 | AZ43: 0 | BA43: 0 | BB43: 0 | BC43: WRWT21720/WRWT25800 | BD43: 331.46898
A44: 45649 | B44: MK67-001382 | C44: บจก.เคอรี่ฟลาวมิลล์ | D44: บลูทีมแดง | E44: 19 | F44: 30 | G44: ขาว | H44: 0 | I44: 63 | J44: + | K44: 5 | L44: บิด | M44: ไม่สวมถุงใน | N44: 0 | O44: 0 | P44: 0 | Q44: 0 | R44: 0 | S44: ห่ออัดเบลแบน500 | T44: 45671 | U44: 5000 | V44: 0 | W44: 5000 | X44: 0 | Y44: 5250 | Z44: WSWT1921720 | AA44: 4400.55 | AB44: 0 | AC44: 4400.55 | AD44: 0 | AE44: 0 | AF44: 0 | AG44: ยังไม่ได้พิมพ์ | AH44: P7 | AI44: 2 | AJ44: 45671 | AK44: 0 | AL44: 45662 | AM44: 45669 | AN44: 45670 | AO44: 45670 | AP44: 45666 | AQ44: 0 | AR44: 0 | AS44: 0 | AT44: 0 | AU44: 0 | AV44: 0 | AW44: งานพิมพ์ | AX44: / | AY44: 0 | AZ44: 0 | BA44: 0 | BB44: 0 | BC44: WRWT21720/WRWT25800 | BD44: 331.46898
A45: 45646 | B45: MK67-001714 | C45: บจก.เคอรี่ฟลาวมิลล์ | D45: ดอกไม้เขียว | E45: 19 | F45: 32 | G45: ขาว | H45: 0 | I45: 67 | J45: + | K45: 5 | L45: บิด | M45: ไม่สวมถุงใน | N45: 0 | O45: 0 | P45: 0 | Q45: 0 | R45: 0 | S45: ห่ออัดเบลแบน500 | T45: 45671 | U45: 10000 | V45: 0 | W45: 10000 | X45: 0 | Y45: 10500 | Z45: WSWT1921720 | AA45: 9359.9 | AB45: 0 | AC45: 9359.9 | AD45: 0 | AE45: 0 | AF45: 0 | AG45: ยังไม่ได้พิมพ์ | AH45: P7 | AI45: 2 | AJ45: 45671 | AK45: 0 | AL45: 45662 | AM45: 45669 | AN45: 45670 | AO45: 45670 | AP45: 45666 | AQ45: 0 | AR45: 0 | AS45: 0 | AT45: 0 | AU45: 0 | AV45: 0 | AW45: งานพิมพ์ | AX45: / | AY45: 0 | AZ45: 0 | BA45: 0 | BB45: 0 | BC45: WRWT21720/WRWT25800 | BD45: 705.02927
A46: 45659 | B46: MK68-000001 | C46: บจก.เคอรี่ฟลาวมิลล์ | D46: ดอกไม้แดง | E46: 19 | F46: 32 | G46: ขาว | H46: 0 | I46: 67 | J46: + | K46: 5 | L46: บิด | M46: ไม่สวมถุงใน | N46: 0 | O46: 0 | P46: 0 | Q46: 0 | R46: 0 | S46: ห่ออัดเบลแบน500 | T46: 45672 | U46: 10000 | V46: 0 | W46: 10000 | X46: 0 | Y46: 10500 | Z46: WSWT1921720 | AA46: 9359.9 | AB46: 0 | AC46: 9359.9 | AD46: 0 | AE46: 0 | AF46: 0 | AG46: ยังไม่ได้พิมพ์ | AH46: P7 | AI46: 2 | AJ46: 45672 | AK46: 0 | AL46: 45663 | AM46: 45670 | AN46: 45671 | AO46: 45671 | AP46: 45667 | AQ46: 0 | AR46: 0 | AS46: 0 | AT46: 0 | AU46: 0 | AV46: 0 | AW46: งานพิมพ์ | AX46: 0 | AY46: 0 | AZ46: 0 | BA46: 0 | BB46: 0 | BC46: WRWT21720/WRWT25800 | BD46: 705.02927
A47: 45649 | B47: MK67-001710 | C47: บจก.เคอรี่ฟลาวมิลล์ | D47: ปาท่องโก๋ | E47: 19 | F47: 30 | G47: ขาว | H47: 0 | I47: 63 | J47: + | K47: 5 | L47: บิด | M47: ไม่สวมถุงใน | N47: 0 | O47: 0 | P47: 0 | Q47: 0 | R47: 0 | S47: ห่ออัดเบลแบน500 | T47: 45673 | U47: 3000 | V47: 0 | W47: 3000 | X47: 0 | Y47: 3150 | Z47: WSWT1921720 | AA47: 2640.33 | AB47: 0 | AC47: 2640.33 | AD47: 0 | AE47: 0 | AF47: 0 | AG47: ผ้าขาว | AH47: P7 | AI47: 2 | AJ47: 45673 | AK47: 0 | AL47: 45664 | AM47: 45671 | AN47: 45672 | AO47: 45672 | AP47: 45668 | AQ47: 0 | AR47: 0 | AS47: 0 | AT47: 0 | AU47: 0 | AV47: 0 | AW47: งานพิมพ์ | AX47: / | AY47: 0 | AZ47: 0 | BA47: 0 | BB47: 0 | BC47: WRWT21720/WRWT25800 | BD47: 198.88139
A48: 45649 | B48: MK67-001710 | C48: บจก.เคอรี่ฟลาวมิลล์ | D48: กุ้งแดง | E48: 19 | F48: 30 | G48: ขาว | H48: 0 | I48: 63 | J48: + | K48: 5 | L48: บิด | M48: ไม่สวมถุงใน | N48: 0 | O48: 0 | P48: 0 | Q48: 0 | R48: 0 | S48: ห่ออัดเบลแบน500 | T48: 45673 | U48: 5000 | V48: 0 | W48: 5000 | X48: 0 | Y48: 5250 | Z48: WSWT1921720 | AA48: 4400.55 | AB48: 0 | AC48: 4400.55 | AD48: 0 | AE48: 0 | AF48: 0 | AG48: ยังไม่ได้พิมพ์ | AH48: P7 | AI48: 2 | AJ48: 45673 | AK48: 0 | AL48: 45664 | AM48: 45671 | AN48: 45672 | AO48: 45672 | AP48: 45668 | AQ48: 0 | AR48: 0 | AS48: 0 | AT48: 0 | AU48: 0 | AV48: 0 | AW48: งานพิมพ์ | AX48: / | AY48: 0 | AZ48: 0 | BA48: 0 | BB48: 0 | BC48: WRWT21720/WRWT25800 | BD48: 331.46898
A49: 45649 | B49: MK67-001710 | C49: บจก.เคอรี่ฟลาวมิลล์ | D49: 997 | E49: 19 | F49: 30 | G49: ขาว | H49: 0 | I49: 63 | J49: + | K49: 5 | L49: ไม่ | M49: ไม่สวมถุงใน | N49: 0 | O49: 0 | P49: 0 | Q49: 0 | R49: 0 | S49: ห่ออัดเบลแบน500 | T49: 45673 | U49: 5000 | V49: 0 | W49: 5000 | X49: 0 | Y49: 5250 | Z49: WSWT1921720 | AA49: 4400.55 | AB49: 0 | AC49: 4400.55 | AD49: 0 | AE49: 0 | AF49: 0 | AG49: ยังไม่ได้พิมพ์ | AH49: P7 | AI49: 2 | AJ49: 45673 | AK49: 0 | AL49: 45664 | AM49: 45671 | AN49: 45672 | AO49: 45672 | AP49: 45668 | AQ49: 0 | AR49: 0 | AS49: 0 | AT49: 0 | AU49: 0 | AV49: 0 | AW49: งานพิมพ์ | AX49: / | AY49: 0 | AZ49: 0 | BA49: 0 | BB49: 0 | BC49: WRWT21720/WRWT25800 | BD49: 331.46898
A50: 45646 | B50: MK67-001715 | C50: บจก.เคอรี่ฟลาวมิลล์ | D50: ไม่พิมพ์ | E50: 19 | F50: 36 | G50: ขาว | H50: 0 | I50: 75 | J50: + | K50: 5 | L50: ไม่ | M50: ไม่สวมถุงใน | N50: 0 | O50: 0 | P50: 0 | Q50: 0 | R50: 0 | S50: ห่ออัดเบลแบน500 | T50: 45673 | U50: 5000 | V50: 0 | W50: 5000 | X50: 0 | Y50: 0 | Z50: WSWT1921720 | AA50: 5238.75 | AB50: 0 | AC50: 5238.75 | AD50: 0 | AE50: 0 | AF50: 0 | AG50: ยังไม่ได้พิมพ์ | AH50: P3 | AI50: 1 | AJ50: 45673 | AK50: 0 | AL50: 0 | AM50: 0 | AN50: 0 | AO50: 45672 | AP50: 45668 | AQ50: 0 | AR50: 0 | AS50: 0 | AT50: 0 | AU50: 0 | AV50: 0 | AW50: ตัด | AX50: 0 | AY50: 0 | AZ50: 0 | BA50: 0 | BB50: 0 | BC50: WRWT21720/WRWT25800 | BD50: 394.60593
A51: 45649 | B51: MK67-001382 | C51: บจก.เคอรี่ฟลาวมิลล์ | D51: บะหมี่เตี๊ยว | E51: 19 | F51: 30 | G51: ขาว | H51: 0 | I51: 63 | J51: + | K51: 5 | L51: บิด | M51: ไม่สวมถุงใน | N51: 0 | O51: 0 | P51: 0 | Q51: 0 | R51: 0 | S51: ห่ออัดเบลแบน500 | T51: 45674 | U51: 5000 | V51: 0 | W51: 5000 | X51: 0 | Y51: 5250 | Z51: WSWT1921720 | AA51: 4400.55 | AB51: 0 | AC51: 4400.55 | AD51: 0 | AE51: 0 | AF51: 0 | AG51: ยังไม่ได้พิมพ์ | AH51: P7 | AI51: 2 | AJ51: 45674 | AK51: 0 | AL51: 45665 | AM51: 45672 | AN51: 45673 | AO51: 45673 | AP51: 45669 | AQ51: 0 | AR51: 0 | AS51: 0 | AT51: 0 | AU51: 0 | AV51: 0 | AW51: งานพิมพ์ | AX51: / | AY51: 0 | AZ51: 0 | BA51: 0 | BB51: 0 | BC51: WRWT21720/WRWT25800 | BD51: 331.46898
A52: 45649 | B52: MK67-001382 | C52: บจก.เคอรี่ฟลาวมิลล์ | D52: กุ้งแดง | E52: 19 | F52: 30 | G52: ขาว | H52: 0 | I52: 63 | J52: + | K52: 5 | L52: บิด | M52: ไม่สวมถุงใน | N52: 0 | O52: 0 | P52: 0 | Q52: 0 | R52: 0 | S52: ห่ออัดเบลแบน500 | T52: 45674 | U52: 10000 | V52: 0 | W52: 10000 | X52: 0 | Y52: 10500 | Z52: WSWT1921720 | AA52: 8801.1 | AB52: 0 | AC52: 8801.1 | AD52: 0 | AE52: 0 | AF52: 0 | AG52: ยังไม่ได้พิมพ์ | AH52: P7 | AI52: 2 | AJ52: 45674 | AK52: 0 | AL52: 45665 | AM52: 45672 | AN52: 45673 | AO52: 45673 | AP52: 45669 | AQ52: 0 | AR52: 0 | AS52: 0 | AT52: 0 | AU52: 0 | AV52: 0 | AW52: งานพิมพ์ | AX52: / | AY52: 0 | AZ52: 0 | BA52: 0 | BB52: 0 | BC52: WRWT21720/WRWT25800 | BD52: 662.93797
A53: 45649 | B53: MK67-001382 | C53: บจก.เคอรี่ฟลาวมิลล์ | D53: ถุงทองแซนวิช | E53: 19 | F53: 30 | G53: ขาว | H53: 0 | I53: 63 | J53: + | K53: 5 | L53: บิด | M53: ไม่สวมถุงใน | N53: 0 | O53: 0 | P53: 0 | Q53: 0 | R53: 0 | S53: ห่ออัดเบลแบน500 | T53: 45674 | U53: 10000 | V53: 0 | W53: 10000 | X53: 0 | Y53: 10500 | Z53: WSWT1921720 | AA53: 8801.1 | AB53: 0 | AC53: 8801.1 | AD53: 0 | AE53: 0 | AF53: 0 | AG53: ยังไม่ได้พิมพ์ | AH53: P7 | AI53: 2 | AJ53: 45674 | AK53: 0 | AL53: 45665 | AM53: 45672 | AN53: 45673 | AO53: 45673 | AP53: 45669 | AQ53: 0 | AR53: 0 | AS53: 0 | AT53: 0 | AU53: 0 | AV53: 0 | AW53: งานพิมพ์ | AX53: / | AY53: 0 | AZ53: 0 | BA53: 0 | BB53: 0 | BC53: WRWT21720/WRWT25800 | BD53: 662.93797
A54: 45649 | B54: MK67-001710 | C54: บจก.เคอรี่ฟลาวมิลล์ | D54: ถุงทองแซนวิช | E54: 19 | F54: 30 | G54: ขาว | H54: 0 | I54: 63 | J54: + | K54: 5 | L54: บิด | M54: ไม่สวมถุงใน | N54: 0 | O54: 0 | P54: 0 | Q54: 0 | R54: 0 | S54: ห่ออัดเบลแบน500 | T54: 45675 | U54: 10000 | V54: 0 | W54: 10000 | X54: 0 | Y54: 10500 | Z54: WSWT1921720 | AA54: 8801.1 | AB54: 0 | AC54: 8801.1 | AD54: 0 | AE54: 0 | AF54: 0 | AG54: ยังไม่ได้พิมพ์ | AH54: P7 | AI54: 2 | AJ54: 45675 | AK54: 0 | AL54: 45666 | AM54: 45673 | AN54: 45674 | AO54: 45674 | AP54: 45670 | AQ54: 0 | AR54: 0 | AS54: 0 | AT54: 0 | AU54: 0 | AV54: 0 | AW54: งานพิมพ์ | AX54: / | AY54: 0 | AZ54: 0 | BA54: 0 | BB54: 0 | BC54: WRWT21720/WRWT25800 | BD54: 662.93797
A55: 45649 | B55: MK67-001710 | C55: บจก.เคอรี่ฟลาวมิลล์ | D55: บลูทีมแดง | E55: 19 | F55: 30 | G55: ขาว | H55: 0 | I55: 63 | J55: + | K55: 5 | L55: บิด | M55: ไม่สวมถุงใน | N55: 0 | O55: 0 | P55: 0 | Q55: 0 | R55: 0 | S55: ห่ออัดเบลแบน500 | T55: 45675 | U55: 5000 | V55: 0 | W55: 5000 | X55: 0 | Y55: 5250 | Z55: WSWT1921720 | AA55: 4400.55 | AB55: 0 | AC55: 4400.55 | AD55: 0 | AE55: 0 | AF55: 0 | AG55: ยังไม่ได้พิมพ์ | AH55: P7 | AI55: 2 | AJ55: 45675 | AK55: 0 | AL55: 45666 | AM55: 45673 | AN55: 45674 | AO55: 45674 | AP55: 45670 | AQ55: 0 | AR55: 0 | AS55: 0 | AT55: 0 | AU55: 0 | AV55: 0 | AW55: งานพิมพ์ | AX55: / | AY55: 0 | AZ55: 0 | BA55: 0 | BB55: 0 | BC55: WRWT21720/WRWT25800 | BD55: 331.46898
A56: 45661 | B56: MK68-000015 | C56: บจก.เคอรี่ฟลาวมิลล์ | D56: ดอกไม้แดง | E56: 19 | F56: 32 | G56: ขาว | H56: 0 | I56: 67 | J56: + | K56: 5 | L56: บิด | M56: ไม่สวมถุงใน | N56: 0 | O56: 0 | P56: 0 | Q56: 0 | R56: 0 | S56: ห่ออัดเบลแบน500 | T56: 45675 | U56: 5000 | V56: 0 | W56: 5000 | X56: 0 | Y56: 5250 | Z56: WSWT1921720 | AA56: 4679.95 | AB56: 0 | AC56: 4679.95 | AD56: 0 | AE56: 0 | AF56: PDR250003 | AG56: ยังไม่ได้พิมพ์ | AH56: P7 | AI56: 2 | AJ56: 45675 | AK56: 0 | AL56: 45666 | AM56: 45673 | AN56: 45674 | AO56: 45674 | AP56: 45670 | AQ56: 0 | AR56: 0 | AS56: 0 | AT56: 0 | AU56: 0 | AV56: 0 | AW56: งานพิมพ์ | AX56: 0 | AY56: 0 | AZ56: 0 | BA56: 0 | BB56: 0 | BC56: WRWT21720/WRWT25800 | BD56: 352.51463
A57: 45661 | B57: MK67-001382 | C57: บจก.เคอรี่ฟลาวมิลล์ | D57: ถุงทองแซนวิช | E57: 19 | F57: 30 | G57: ขาว | H57: 0 | I57: 63 | J57: + | K57: 5 | L57: บิด | M57: ไม่สวมถุงใน | N57: 0 | O57: 0 | P57: 0 | Q57: 0 | R57: 0 | S57: ห่ออัดเบลแบน500 | T57: 45675 | U57: 10000 | V57: 0 | W57: 10000 | X57: 0 | Y57: 10500 | Z57: WSWT1921720 | AA57: 8801.1 | AB57: 0 | AC57: 8801.1 | AD57: 0 | AE57: 0 | AF57: PDR250003 | AG57: ยังไม่ได้พิมพ์ | AH57: P7 | AI57: 2 | AJ57: 45675 | AK57: 0 | AL57: 45666 | AM57: 45673 | AN57: 45674 | AO57: 45674 | AP57: 45670 | AQ57: 0 | AR57: 0 | AS57: 0 | AT57: 0 | AU57: 0 | AV57: 0 | AW57: งานพิมพ์ | AX57: 0 | AY57: 0 | AZ57: 0 | BA57: 0 | BB57: 0 | BC57: WRWT21720/WRWT25800 | BD57: 662.93797
A58: 45661 | B58: MK67-001382 | C58: บจก.เคอรี่ฟลาวมิลล์ | D58: ถุงเขียว | E58: 19 | F58: 30 | G58: ขาว | H58: 0 | I58: 63 | J58: + | K58: 5 | L58: บิด | M58: ไม่สวมถุงใน | N58: 0 | O58: 0 | P58: 0 | Q58: 0 | R58: 0 | S58: ห่ออัดเบลแบน500 | T58: 45675 | U58: 10000 | V58: 0 | W58: 10000 | X58: 0 | Y58: 10500 | Z58: WSWT1921720 | AA58: 8801.1 | AB58: 0 | AC58: 8801.1 | AD58: 0 | AE58: 0 | AF58: PDR250003 | AG58: ยังไม่ได้พิมพ์ | AH58: P7 | AI58: 2 | AJ58: 45675 | AK58: 0 | AL58: 45666 | AM58: 45673 | AN58: 45674 | AO58: 45674 | AP58: 45670 | AQ58: 0 | AR58: 0 | AS58: 0 | AT58: 0 | AU58: 0 | AV58: 0 | AW58: งานพิมพ์ | AX58: 0 | AY58: 0 | AZ58: 0 | BA58: 0 | BB58: 0 | BC58: WRWT21720/WRWT25800 | BD58: 662.93797
A59: 45649 | B59: MK67-001710 | C59: บจก.เคอรี่ฟลาวมิลล์ | D59: ปลาโลมาเทา | E59: 19 | F59: 30 | G59: ขาว | H59: 0 | I59: 63 | J59: + | K59: 5 | L59: บิด | M59: ไม่สวมถุงใน | N59: 0 | O59: 0 | P59: 0 | Q59: 0 | R59: 0 | S59: ห่ออัดเบลแบน500 | T59: 45678 | U59: 5000 | V59: 0 | W59: 5000 | X59: 0 | Y59: 5250 | Z59: WSWT1921720 | AA59: 4400.55 | AB59: 0 | AC59: 4400.55 | AD59: 0 | AE59: 0 | AF59: 0 | AG59: ยังไม่ได้พิมพ์ | AH59: P7 | AI59: 2 | AJ59: 45678 | AK59: 0 | AL59: 45669 | AM59: 45676 | AN59: 45677 | AO59: 45677 | AP59: 45673 | AQ59: 0 | AR59: 0 | AS59: 0 | AT59: 0 | AU59: 0 | AV59: 0 | AW59: งานพิมพ์ | AX59: / | AY59: 0 | AZ59: 0 | BA59: 0 | BB59: 0 | BC59: WRWT21720/WRWT25800 | BD59: 331.46898
A60: 45649 | B60: MK67-001710 | C60: บจก.เคอรี่ฟลาวมิลล์ | D60: แต้มแดง | E60: 19 | F60: 30 | G60: ขาว | H60: 0 | I60: 63 | J60: + | K60: 5 | L60: บิด | M60: ไม่สวมถุงใน | N60: 0 | O60: 0 | P60: 0 | Q60: 0 | R60: 0 | S60: ห่ออัดเบลแบน500 | T60: 45678 | U60: 5000 | V60: 0 | W60: 5000 | X60: 0 | Y60: 5250 | Z60: WSWT1921720 | AA60: 4400.55 | AB60: 0 | AC60: 4400.55 | AD60: 0 | AE60: 0 | AF60: 0 | AG60: ยังไม่ได้พิมพ์ | AH60: P7 | AI60: 2 | AJ60: 45678 | AK60: 0 | AL60: 45669 | AM60: 45676 | AN60: 45677 | AO60: 45677 | AP60: 45673 | AQ60: 0 | AR60: 0 | AS60: 0 | AT60: 0 | AU60: 0 | AV60: 0 | AW60: งานพิมพ์ | AX60: / | AY60: 0 | AZ60: 0 | BA60: 0 | BB60: 0 | BC60: WRWT21720/WRWT25800 | BD60: 331.46898
A61: 45649 | B61: MK67-001710 | C61: บจก.เคอรี่ฟลาวมิลล์ | D61: FW-Y | E61: 19 | F61: 30 | G61: ขาว | H61: 0 | I61: 63 | J61: + | K61: 5 | L61: ไม่ | M61: ไม่สวมถุงใน | N61: 0 | O61: 0 | P61: 0 | Q61: 0 | R61: 0 | S61: ห่ออัดเบลแบน500 | T61: 45678 | U61: 5000 | V61: 0 | W61: 5000 | X61: 0 | Y61: 5250 | Z61: WSWT1921720 | AA61: 4400.55 | AB61: 0 | AC61: 4400.55 | AD61: 0 | AE61: 0 | AF61: 0 | AG61: ผ้าขาว | AH61: P7 | AI61: 2 | AJ61: 45678 | AK61: 0 | AL61: 45669 | AM61: 45676 | AN61: 45677 | AO61: 45677 | AP61: 45673 | AQ61: 0 | AR61: 0 | AS61: 0 | AT61: 0 | AU61: 0 | AV61: 0 | AW61: งานพิมพ์ | AX61: / | AY61: 0 | AZ61: 0 | BA61: 0 | BB61: 0 | BC61: WRWT21720/WRWT25800 | BD61: 331.46898
A62: 45649 | B62: MK67-001710 | C62: บจก.เคอรี่ฟลาวมิลล์ | D62: โบว์แดง | E62: 19 | F62: 30 | G62: ขาว | H62: 0 | I62: 63 | J62: + | K62: 5 | L62: บิด | M62: ไม่สวมถุงใน | N62: 0 | O62: 0 | P62: 0 | Q62: 0 | R62: 0 | S62: ห่ออัดเบลแบน500 | T62: 45678 | U62: 5000 | V62: 0 | W62: 5000 | X62: 0 | Y62: 5250 | Z62: WSWT1921720 | AA62: 4400.55 | AB62: 0 | AC62: 4400.55 | AD62: 0 | AE62: 0 | AF62: 0 | AG62: ยังไม่ได้พิมพ์ | AH62: P7 | AI62: 2 | AJ62: 45678 | AK62: 0 | AL62: 45669 | AM62: 45676 | AN62: 45677 | AO62: 45677 | AP62: 45673 | AQ62: 0 | AR62: 0 | AS62: 0 | AT62: 0 | AU62: 0 | AV62: 0 | AW62: งานพิมพ์ | AX62: / | AY62: 0 | AZ62: 0 | BA62: 0 | BB62: 0 | BC62: WRWT21720/WRWT25800 | BD62: 331.46898
A63: 45649 | B63: MK67-001710 | C63: บจก.เคอรี่ฟลาวมิลล์ | D63: 8S | E63: 19 | F63: 30 | G63: ขาว | H63: 0 | I63: 63 | J63: + | K63: 5 | L63: ไม่ | M63: ไม่สวมถุงใน | N63: 0 | O63: 0 | P63: 0 | Q63: 0 | R63: 0 | S63: ห่ออัดเบลแบน500 | T63: 45678 | U63: 5000 | V63: 0 | W63: 5000 | X63: 0 | Y63: 5250 | Z63: WSWT1921720 | AA63: 4400.55 | AB63: 0 | AC63: 4400.55 | AD63: 0 | AE63: 0 | AF63: 0 | AG63: ยังไม่ได้พิมพ์ | AH63: P7 | AI63: 2 | AJ63: 45678 | AK63: 0 | AL63: 45669 | AM63: 45676 | AN63: 45677 | AO63: 45677 | AP63: 45673 | AQ63: 0 | AR63: 0 | AS63: 0 | AT63: 0 | AU63: 0 | AV63: 0 | AW63: งานพิมพ์ | AX63: / | AY63: 0 | AZ63: 0 | BA63: 0 | BB63: 0 | BC63: WRWT21720/WRWT25800 | BD63: 331.46898
A64: 45652 | B64: MK67-001735 | C64: บจก.เคอรี่ฟลาวมิลล์ | D64: ไม่พิมพ์ | E64: 19 | F64: 30 | G64: ขาว | H64: 0 | I64: 63 | J64: + | K64: 5 | L64: ไม่ | M64: ไม่สวมถุงใน | N64: 0 | O64: 0 | P64: 0 | Q64: 0 | R64: 0 | S64: ห่ออัดเบลแบน500 | T64: 45679 | U64: 20000 | V64: 0 | W64: 20000 | X64: 0 | Y64: 0 | Z64: WSWT1921720 | AA64: 17602.2 | AB64: 0 | AC64: 17602.2 | AD64: 0 | AE64: 0 | AF64: 0 | AG64: ยังไม่ได้พิมพ์ | AH64: P3 | AI64: 1 | AJ64: 45679 | AK64: 0 | AL64: 0 | AM64: 0 | AN64: 0 | AO64: 45678 | AP64: 45674 | AQ64: 0 | AR64: 0 | AS64: 0 | AT64: 0 | AU64: 0 | AV64: 0 | AW64: ตัด | AX64: 0 | AY64: 0 | AZ64: 0 | BA64: 0 | BB64: 0 | BC64: WRWT21720/WRWT25800 | BD64: 1325.8759
A65: 45661 | B65: MK67-001710 | C65: บจก.เคอรี่ฟลาวมิลล์ | D65: ดอกไม้แดง | E65: 19 | F65: 30 | G65: ขาว | H65: 0 | I65: 63 | J65: + | K65: 5 | L65: บิด | M65: ไม่สวมถุงใน | N65: 0 | O65: 0 | P65: 0 | Q65: 0 | R65: 0 | S65: ห่ออัดเบลแบน500 | T65: 45682 | U65: 10000 | V65: 0 | W65: 10000 | X65: 0 | Y65: 10500 | Z65: WSWT1921720 | AA65: 8801.1 | AB65: 0 | AC65: 8801.1 | AD65: 0 | AE65: 0 | AF65: PDR250002 | AG65: ยังไม่ได้พิมพ์ | AH65: P7 | AI65: 2 | AJ65: 45682 | AK65: 0 | AL65: 45673 | AM65: 45680 | AN65: 45681 | AO65: 45681 | AP65: 45677 | AQ65: 0 | AR65: 0 | AS65: 0 | AT65: 0 | AU65: 0 | AV65: 0 | AW65: งานพิมพ์ | AX65: 0 | AY65: 0 | AZ65: 0 | BA65: 0 | BB65: 0 | BC65: WRWT21720/WRWT25800 | BD65: 662.93797
A66: 45663 | B66: MK67-001710 | C66: บจก.เคอรี่ฟลาวมิลล์ | D66: ถุงเขียว | E66: 19 | F66: 30 | G66: ขาว | H66: 0 | I66: 63 | J66: + | K66: 5 | L66: ไม่ | M66: ไม่สวมถุงใน | N66: 0 | O66: 0 | P66: 0 | Q66: 0 | R66: 0 | S66: ห่ออัดเบลแบน500 | T66: 45680 | U66: 10000 | V66: 0 | W66: 10000 | X66: 0 | Y66: 10500 | Z66: WSWT1921720 | AA66: 8801.1 | AB66: 0 | AC66: 8801.1 | AD66: 0 | AE66: 0 | AF66: PDR250004 | AG66: ยังไม่ได้พิมพ์ | AH66: P7 | AI66: 2 | AJ66: 45680 | AK66: 0 | AL66: 45671 | AM66: 45678 | AN66: 45679 | AO66: 45679 | AP66: 45675 | AQ66: 0 | AR66: 0 | AS66: 0 | AT66: 0 | AU66: 0 | AV66: 0 | AW66: งานพิมพ์ | AX66: รอART | AY66: 0 | AZ66: 0 | BA66: 0 | BB66: 0 | BC66: WRWT21720/WRWT25800 | BD66: 662.93797
A67: 45663 | B67: MK67-001710 | C67: บจก.เคอรี่ฟลาวมิลล์ | D67: ถุงทองแซนวิช | E67: 19 | F67: 30 | G67: ขาว | H67: 0 | I67: 63 | J67: + | K67: 5 | L67: ไม่ | M67: ไม่สวมถุงใน | N67: 0 | O67: 0 | P67: 0 | Q67: 0 | R67: 0 | S67: ห่ออัดเบลแบน500 | T67: 45680 | U67: 10000 | V67: 0 | W67: 10000 | X67: 0 | Y67: 10500 | Z67: WSWT1921720 | AA67: 8801.1 | AB67: 0 | AC67: 8801.1 | AD67: 0 | AE67: 0 | AF67: PDR250004 | AG67: ยังไม่ได้พิมพ์ | AH67: P7 | AI67: 2 | AJ67: 45680 | AK67: 0 | AL67: 45671 | AM67: 45678 | AN67: 45679 | AO67: 45679 | AP67: 45675 | AQ67: 0 | AR67: 0 | AS67: 0 | AT67: 0 | AU67: 0 | AV67: 0 | AW67: งานพิมพ์ | AX67: รอART | AY67: 0 | AZ67: 0 | BA67: 0 | BB67: 0 | BC67: WRWT21720/WRWT25800 | BD67: 662.93797
A68: 45663 | B68: MK67-001710 | C68: บจก.เคอรี่ฟลาวมิลล์ | D68: ดอกไม้เขียว | E68: 19 | F68: 30 | G68: ขาว | H68: 0 | I68: 63 | J68: + | K68: 5 | L68: ไม่ | M68: ไม่สวมถุงใน | N68: 0 | O68: 0 | P68: 0 | Q68: 0 | R68: 0 | S68: ห่ออัดเบลแบน500 | T68: 45680 | U68: 5000 | V68: 0 | W68: 5000 | X68: 0 | Y68: 5250 | Z68: WSWT1921720 | AA68: 4400.55 | AB68: 0 | AC68: 4400.55 | AD68: 0 | AE68: 0 | AF68: PDR250004 | AG68: ยังไม่ได้พิมพ์ | AH68: P7 | AI68: 2 | AJ68: 45680 | AK68: 0 | AL68: 45671 | AM68: 45678 | AN68: 45679 | AO68: 45679 | AP68: 45675 | AQ68: 0 | AR68: 0 | AS68: 0 | AT68: 0 | AU68: 0 | AV68: 0 | AW68: งานพิมพ์ | AX68: รอART | AY68: 0 | AZ68: 0 | BA68: 0 | BB68: 0 | BC68: WRWT21720/WRWT25800 | BD68: 331.46898
A69: 45663 | B69: MK67-001710 | C69: บจก.เคอรี่ฟลาวมิลล์ | D69: FW-Y | E69: 19 | F69: 30 | G69: ขาว | H69: 0 | I69: 63 | J69: + | K69: 5 | L69: ไม่ | M69: ไม่สวมถุงใน | N69: 0 | O69: 0 | P69: 0 | Q69: 0 | R69: 0 | S69: ห่ออัดเบลแบน500 | T69: 45682 | U69: 5000 | V69: 0 | W69: 5000 | X69: 0 | Y69: 5250 | Z69: WSWT1921720 | AA69: 4400.55 | AB69: 0 | AC69: 4400.55 | AD69: 0 | AE69: 0 | AF69: PDR250006 | AG69: ยังไม่ได้พิมพ์ | AH69: P7 | AI69: 2 | AJ69: 45682 | AK69: 0 | AL69: 45673 | AM69: 45680 | AN69: 45681 | AO69: 45681 | AP69: 45677 | AQ69: 0 | AR69: 0 | AS69: 0 | AT69: 0 | AU69: 0 | AV69: 0 | AW69: งานพิมพ์ | AX69: รอART | AY69: 0 | AZ69: 0 | BA69: 0 | BB69: 0 | BC69: WRWT21720/WRWT25800 | BD69: 331.46898
A70: 45663 | B70: MK67-001710 | C70: บจก.เคอรี่ฟลาวมิลล์ | D70: โบว์น้ำเงิน | E70: 19 | F70: 30 | G70: ขาว | H70: 0 | I70: 63 | J70: + | K70: 5 | L70: ไม่ | M70: ไม่สวมถุงใน | N70: 0 | O70: 0 | P70: 0 | Q70: 0 | R70: 0 | S70: ห่ออัดเบลแบน500 | T70: 45682 | U70: 5000 | V70: 0 | W70: 5000 | X70: 0 | Y70: 5250 | Z70: WSWT1921720 | AA70: 4400.55 | AB70: 0 | AC70: 4400.55 | AD70: 0 | AE70: 0 | AF70: PDR250006 | AG70: ยังไม่ได้พิมพ์ | AH70: P7 | AI70: 2 | AJ70: 45682 | AK70: 0 | AL70: 45673 | AM70: 45680 | AN70: 45681 | AO70: 45681 | AP70: 45677 | AQ70: 0 | AR70: 0 | AS70: 0 | AT70: 0 | AU70: 0 | AV70: 0 | AW70: งานพิมพ์ | AX70: รอART | AY70: 0 | AZ70: 0 | BA70: 0 | BB70: 0 | BC70: WRWT21720/WRWT25800 | BD70: 331.46898
A71: 45663 | B71: MK67-001710 | C71: บจก.เคอรี่ฟลาวมิลล์ | D71: 997 | E71: 19 | F71: 30 | G71: ขาว | H71: 0 | I71: 63 | J71: + | K71: 5 | L71: ไม่ | M71: ไม่สวมถุงใน | N71: 0 | O71: 0 | P71: 0 | Q71: 0 | R71: 0 | S71: ห่ออัดเบลแบน500 | T71: 45682 | U71: 5000 | V71: 0 | W71: 5000 | X71: 0 | Y71: 5250 | Z71: WSWT1921720 | AA71: 4400.55 | AB71: 0 | AC71: 4400.55 | AD71: 0 | AE71: 0 | AF71: PDR250006 | AG71: ยังไม่ได้พิมพ์ | AH71: P7 | AI71: 2 | AJ71: 45682 | AK71: 0 | AL71: 45673 | AM71: 45680 | AN71: 45681 | AO71: 45681 | AP71: 45677 | AQ71: 0 | AR71: 0 | AS71: 0 | AT71: 0 | AU71: 0 | AV71: 0 | AW71: งานพิมพ์ | AX71: รอART | AY71: 0 | AZ71: 0 | BA71: 0 | BB71: 0 | BC71: WRWT21720/WRWT25800 | BD71: 331.46898
A72: 45663 | B72: MK67-001710 | C72: บจก.เคอรี่ฟลาวมิลล์ | D72: ดอกไม้เขียว | E72: 19 | F72: 30 | G72: ขาว | H72: 0 | I72: 63 | J72: + | K72: 5 | L72: ไม่ | M72: ไม่สวมถุงใน | N72: 0 | O72: 0 | P72: 0 | Q72: 0 | R72: 0 | S72: ห่ออัดเบลแบน500 | T72: 45685 | U72: 5000 | V72: 0 | W72: 5000 | X72: 0 | Y72: 5250 | Z72: WSWT1921720 | AA72: 4400.55 | AB72: 0 | AC72: 4400.55 | AD72: 0 | AE72: 0 | AF72: PDR250007 | AG72: ผ้าขาว | AH72: P7 | AI72: 2 | AJ72: 45685 | AK72: 0 | AL72: 45676 | AM72: 45683 | AN72: 45684 | AO72: 45684 | AP72: 45680 | AQ72: 0 | AR72: 0 | AS72: 0 | AT72: 0 | AU72: 0 | AV72: 0 | AW72: งานพิมพ์ | AX72: รอART | AY72: 0 | AZ72: 0 | BA72: 0 | BB72: 0 | BC72: WRWT21720/WRWT25800 | BD72: 331.46898
A73: 45663 | B73: MK67-001710 | C73: บจก.เคอรี่ฟลาวมิลล์ | D73: โบว์แดง | E73: 19 | F73: 30 | G73: ขาว | H73: 0 | I73: 63 | J73: + | K73: 5 | L73: ไม่ | M73: ไม่สวมถุงใน | N73: 0 | O73: 0 | P73: 0 | Q73: 0 | R73: 0 | S73: ห่ออัดเบลแบน500 | T73: 45685 | U73: 5000 | V73: 0 | W73: 5000 | X73: 0 | Y73: 5250 | Z73: WSWT1921720 | AA73: 4400.55 | AB73: 0 | AC73: 4400.55 | AD73: 0 | AE73: 0 | AF73: PDR250007 | AG73: รอแบบ | AH73: P7 | AI73: 2 | AJ73: 45685 | AK73: 0 | AL73: 45676 | AM73: 45683 | AN73: 45684 | AO73: 45684 | AP73: 45680 | AQ73: 0 | AR73: 0 | AS73: 0 | AT73: 0 | AU73: 0 | AV73: 0 | AW73: งานพิมพ์ | AX73: รอART | AY73: 0 | AZ73: 0 | BA73: 0 | BB73: 0 | BC73: WRWT21720/WRWT25800 | BD73: 331.46898
A74: 45663 | B74: MK67-001710 | C74: บจก.เคอรี่ฟลาวมิลล์ | D74: กุ้งแดง | E74: 19 | F74: 30 | G74: ขาว | H74: 0 | I74: 63 | J74: + | K74: 5 | L74: ไม่ | M74: ไม่สวมถุงใน | N74: 0 | O74: 0 | P74: 0 | Q74: 0 | R74: 0 | S74: ห่ออัดเบลแบน500 | T74: 45685 | U74: 10000 | V74: 0 | W74: 10000 | X74: 0 | Y74: 10500 | Z74: WSWT1921720 | AA74: 8801.1 | AB74: 0 | AC74: 8801.1 | AD74: 0 | AE74: 0 | AF74: PDR250007 | AG74: พร้อมส่ง | AH74: P7 | AI74: 2 | AJ74: 45685 | AK74: 0 | AL74: 45676 | AM74: 45683 | AN74: 45684 | AO74: 45684 | AP74: 45680 | AQ74: 0 | AR74: 0 | AS74: 0 | AT74: 0 | AU74: 0 | AV74: 0 | AW74: งานพิมพ์ | AX74: รอART | AY74: 0 | AZ74: 0 | BA74: 0 | BB74: 0 | BC74: WRWT21720/WRWT25800 | BD74: 662.93797
A75: 45663 | B75: MK68-000022 | C75: บจก.เคอรี่ฟลาวมิลล์ | D75: ไม่พิมพ์ | E75: 19 | F75: 36 | G75: ขาว | H75: 0 | I75: 75 | J75: + | K75: 5 | L75: ไม่ | M75: ไม่สวมถุงใน | N75: 0 | O75: 0 | P75: 0 | Q75: 0 | R75: 0 | S75: ห่ออัดเบลแบน500 | T75: 45685 | U75: 5000 | V75: 0 | W75: 5000 | X75: 0 | Y75: 0 | Z75: WSWT1921720 | AA75: 5238.75 | AB75: 0 | AC75: 5238.75 | AD75: 0 | AE75: 0 | AF75: PDR250007 | AG75: ยังไม่ได้พิมพ์ | AH75: P7 | AI75: 2 | AJ75: 45685 | AK75: 0 | AL75: 45676 | AM75: 45683 | AN75: 45684 | AO75: 45684 | AP75: 45680 | AQ75: 0 | AR75: 0 | AS75: 0 | AT75: 0 | AU75: 0 | AV75: 0 | AW75: งานพิมพ์ | AX75: รอART | AY75: 0 | AZ75: 0 | BA75: 0 | BB75: 0 | BC75: WRWT21720/WRWT25800 | BD75: 394.60593
A76: ประมาณการ | B76: ประมาณการ | C76: บจก.เคอรี่ฟลาวมิลล์ | D76: รอแบบ | E76: 19 | F76: 30 | G76: ขาว | H76: 0 | I76: 63 | J76: + | K76: 5 | L76: บิด | M76: ไม่สวมถุงใน | N76: 0 | O76: 0 | P76: 0 | Q76: 0 | R76: 0 | S76: ห่ออัดเบลแบน500 | T76: 45687 | U76: 100000 | V76: 0 | W76: 100000 | X76: 0 | Y76: 105000 | Z76: WSWT1921720 | AA76: 88011 | AB76: 0 | AC76: 88011 | AD76: 0 | AE76: 0 | AF76: 0 | AG76: พร้อมส่ง | AH76: P7 | AI76: 2 | AJ76: 45687 | AK76: 0 | AL76: 45678 | AM76: 45685 | AN76: 45686 | AO76: 45686 | AP76: 45682 | AQ76: 0 | AR76: 0 | AS76: 0 | AT76: 0 | AU76: 0 | AV76: 0 | AW76: งานพิมพ์ | AX76: รอART | AY76: 0 | AZ76: 0 | BA76: 0 | BB76: 0 | BC76: WRWT21720/WRWT25800 | BD76: 6629.3797
A77: 0 | B77: 0 | C77: 0 | D77: 0 | E77: 19 | F77: 30 | G77: 0 | H77: 0 | I77: 63 | J77: + | K77: 5 | L77: 0 | M77: 0 | N77: 0 | O77: 0 | P77: 0 | Q77: 0 | R77: 0 | S77: 0 | U77: 0 | V77: 0 | W77: 0 | X77: 0 | Y77: 0 | Z77: WSWT1921720 | AA77: 401119.32 | AB77: 25200.595 | AC77: 375918.73 | AD77: 0 | AE77: 0 | AF77: ระบุในSD | AG77: พร้อมส่ง | AH77: 0 | AI77: Lead time | AJ77: 0 | AK77: 0 | AL77: 0 | AM77: 0 | AN77: 0 | AO77: 0 | AP77: 0 | AQ77: 0 | AR77: 0 | AS77: 0 | AT77: 0 | AU77: 0 | AV77: 0 | AW77: 0 | AX77: 0 | AY77: 0 | AZ77: 0 | BA77: 0 | BB77: 0 | BC77: WRWT190720/WRWT25800 | BD77: 0
A78: ประมาณการ | B78: ประมาณการ | C78: บจก.เอเชี่ยนเคมิคัล | D78: A.C.C | E78: 19 | F78: 26 | G78: ขาว | H78: ด้าน | I78: 70 | J78: ± | K78: 5 | L78: ไม่ | M78: 20 | N78: 28 | O78: 50 | P78: 259.04464 | Q78: 0 | R78: 259.04464 | S78: มัด100 | T78: 45687 | U78: 15000 | V78: 0 | W78: 15000 | X78: 0 | Y78: 15750 | Z78: WSWT1925800SM | AA78: 11525.25 | AB78: 0 | AC78: 11525.25 | AD78: 0 | AE78: 11525.25 | AF78: 0 | AG78: พร้อมส่ง | AH78: P8 | AI78: 4 | AJ78: 45687 | AK78: 45683 | AL78: 45677 | AM78: 45684 | AN78: 45685 | AO78: 45685 | AP78: 45682 | AQ78: 45686 | AR78: 0 | AS78: 0 | AT78: 0 | AU78: 0 | AV78: 0 | AW78: งานเคลือบ+พิมพ์ | AX78: รอART | AY78: 0 | AZ78: 0 | BA78: 0 | BB78: 0 | BC78: WRWT25800/WRWT25800 | BD78: 778.59467
A79: 0 | B79: 0 | C79: 0 | D79: 0 | E79: 19 | F79: 30 | G79: 0 | H79: 0 | I79: 56 | J79: ± | K79: 5 | L79: 0 | M79: 0 | N79: 0 | O79: 0 | P79: 0 | Q79: 0 | R79: 0 | S79: 0 | U79: 0 | W79: 0 | X79: 0 | Y79: 0 | Z79: WSWT1925800SM | AA79: 11525.25 | AB79: 0 | AC79: 11525.25 | AD79: 0 | AE79: 11525.25 | AF79: ระบุในSD | AG79: ผ้าขาว | AH79: 0 | AI79: Lead time | AJ79: 0 | AK79: 0 | AL79: 0 | AM79: 0 | AN79: 0 | AO79: 0 | AP79: 0 | AQ79: 0 | AR79: 0 | AS79: 0 | AT79: 0 | AU79: 0 | AV79: 0 | AW79: 0 | AX79: 0 | AY79: 0 | AZ79: 0 | BA79: 0 | BB79: 0 | BC79: WRWT190800/WRWT25800 | BD79: 0
A80: 45611 | B80: MK67-001542 | C80: บจก.อินเทคค์ โกลบอล | D80: เพอเฟคค์104 โกลด์ | E80: 19 | F80: 34 | G80: ขาว | H80: ด้าน | I80: 100 | J80: ± | K80: 5 | L80: จับจีบ | M80: ไม่สวมถุงใน | N80: 0 | O80: 0 | P80: 0 | Q80: 0 | R80: 0 | S80: มัด80 ใช้สายรัด | T80: รอแจ้ง | U80: 248 | V80: 0 | W80: 248 | X80: 6200 | Y80: 0 | Z80: WSWT19251000SM | AA80: 0 | AB80: 0 | AC80: 0 | AD80: 0 | AE80: 0 | AF80: 0 | AG80: ผ้าขาว | AH80: P6 | AI80: 4 | AJ80: รอแจ้ง | AK80: #VALUE! | AL80: #VALUE! | AM80: #VALUE! | AN80: #VALUE! | AO80: #VALUE! | AP80: #VALUE! | AQ80: 0 | AR80: 0 | AS80: 0 | AT80: 0 | AU80: 0 | AV80: 0 | AW80: งานเคลือบ+พิมพ์ | AX80: / | AY80: 0 | AZ80: 0 | BA80: 0 | BB80: 0 | BC80: WRWT251000/WRWT251000 | BD80: 0
A81: 0 | B81: 0 | C81: 0 | D81: 0 | E81: 19 | F81: 34 | G81: ขาว | H81: 0 | I81: 80 | J81: ± | K81: 5 | L81: 0 | M81: 0 | N81: 0 | O81: 0 | P81: 0 | Q81: 0 | R81: 0 | S81: 0 | U81: 0 | V81: 0 | W81: 0 | X81: 0 | Y81: 0 | Z81: WSWT19251000SM | AA81: 0 | AB81: 0 | AC81: 0 | AD81: 0 | AE81: 0 | AF81: ระบุในSD | AG81: ยังไม่ได้พิมพ์ | AH81: 0 | AI81: Lead time | AJ81: 0 | AK81: 0 | AL81: 0 | AM81: 0 | AN81: 0 | AO81: 0 | AP81: 0 | AQ81: 0 | AR81: 0 | AS81: 0 | AT81: 0 | AU81: 0 | AV81: 0 | AW81: 0 | AX81: 0 | AY81: 0 | AZ81: 0 | BA81: 0 | BB81: 0 | BC81: WRWT251000/WRYL251000 | BD81: 0
A82: 45646 | B82: MK67-001703 | C82: บจก.อินเทคค์ โกลบอล | D82: ไม่พิมพ์ | E82: 20 | F82: 37 | G82: ขาว | H82: 0 | I82: 65 | J82: ± | K82: 5 | L82: ไม่ | M82: ไม่สวมถุงใน | N82: 0 | O82: 0 | P82: 0 | Q82: 0 | R82: 0 | S82: มัด80 ใช้สายรัด | T82: 45666 | U82: 10140 | V82: 5040 | W82: 5100 | X82: 0 | Y82: 0 | Z82: WSWT2025650 | AA82: 5486.019 | AB82: 5486.019 | AC82: 0 | AD82: 0 | AE82: 0 | AF82: 0 | AG82: พร้อมส่ง | AH82: P3 | AI82: 1 | AJ82: 45666 | AK82: 0 | AL82: 0 | AM82: 0 | AN82: 0 | AO82: 45665 | AP82: 45661 | AQ82: 0 | AR82: 0 | AS82: 0 | AT82: 0 | AU82: 0 | AV82: 0 | AW82: ตัด | AX82: 0 | AY82: 0 | AZ82: 0 | BA82: 0 | BB82: 0 | BC82: WRWT25650/WRWT25650 | BD82: 0
A83: ประมาณการ | B83: ประมาณการ | C83: บจก.หนองบัวฟีดมิลล์ | D83: ไม่พิมพ์ | E83: 20 | F83: 30 | G83: ขาว | H83: 0 | I83: 53 | J83: ± | K83: 5 | L83: ไม่ | M83: ไม่สวมถุงใน | N83: 0 | O83: 0 | P83: 0 | Q83: 0 | R83: 0 | S83: 500กระสอบ | T83: 45687 | U83: 10000 | V83: 0 | W83: 10000 | X83: 0 | Y83: 0 | Z83: WSWT2025650 | AA83: 8801.1 | AB83: 0 | AC83: 8801.1 | AD83: 0 | AE83: 0 | AF83: 0 | AG83: รอตัด | AH83: P3 | AI83: 1 | AJ83: 45687 | AK83: 0 | AL83: 0 | AM83: 0 | AN83: 0 | AO83: 45686 | AP83: 45682 | AQ83: 0 | AR83: 0 | AS83: 0 | AT83: 0 | AU83: 0 | AV83: 0 | AW83: ตัด | AX83: 0 | AY83: 0 | AZ83: 0 | BA83: 0 | BB83: 0 | BC83: WRWT25650/WRWT25650 | BD83: 540.28975
A84: ประมาณการ | B84: ประมาณการ | C84: บจก.เอเชียเหมืองแร่ | D84: ลูกโลก AMPC | E84: 20 | F84: 32 | G84: ขาว | H84: 0 | I84: 60 | J84: ± | K84: 5 | L84: ไม่ | M84: ไม่สวมถุงใน | N84: 0 | O84: 0 | P84: 0 | Q84: 0 | R84: 0 | S84: 500กระสอบ | T84: รอแจ้ง | U84: 15000 | V84: 0 | W84: 15000 | X84: 0 | Y84: 15750 | Z84: WSWT2025650 | AA84: 14039.85 | AB84: 0 | AC84: 14039.85 | AD84: 0 | AE84: 0 | AF84: 0 | AG84: ผ้าขาว | AH84: P7 | AI84: 2 | AJ84: รอแจ้ง | AK84: 0 | AL84: #VALUE! | AM84: #VALUE! | AN84: #VALUE! | AO84: #VALUE! | AP84: #VALUE! | AQ84: 0 | AR84: 0 | AS84: 0 | AT84: 0 | AU84: 0 | AV84: 0 | AW84: งานพิมพ์ | AX84: รอART | AY84: 0 | AZ84: 0 | BA84: 0 | BB84: 0 | BC84: WRWT25650/WRWT25650 | BD84: 861.89079
A85: 0 | B85: 0 | C85: 0 | D85: 0 | E85: 20 | F85: 37 | G85: ขาว | H85: 0 | I85: 65 | J85: ± | K85: 5 | L85: 0 | M85: 0 | N85: 0 | O85: 0 | P85: 0 | Q85: 0 | R85: 0 | S85: 0 | U85: 0 | V85: 0 | W85: 0 | X85: 0 | Y85: 0 | Z85: WSWT2025650 | AA85: 28326.969 | AB85: 5486.019 | AC85: 22840.95 | AD85: 0 | AE85: 0 | AF85: ระบุในSD | AG85: ผ้าขาว | AH85: 0 | AI85: Lead time | AJ85: 0 | AK85: 0 | AL85: 0 | AM85: 0 | AN85: 0 | AO85: 0 | AP85: 0 | AQ85: 0 | AR85: 0 | AS85: 0 | AT85: 0 | AU85: 0 | AV85: 0 | AW85: 0 | AX85: 0 | AY85: 0 | AZ85: 0 | BA85: 0 | BB85: 0 | BC85: WRWT25650/WRWT25650 | BD85: 0
A86: 45652 | B86: MK67-001733 | C86: บจก.เบทาโกร | D86: WB เบทาโกร 224F 30kg | E86: 20 | F86: 39 | G86: ขาว | H86: 0 | I86: 74 | J86: ± | K86: 3 | L86: ไม่ | M86: ไม่สวมถุงใน | N86: 0 | O86: 0 | P86: 0 | Q86: 0 | R86: 0 | S86: 500กระสอบแบน พร้อมระบุชื่อบริษัท รายการสินค้า จำนวนแต่ละแพ็ค | T86: 45666 | U86: 25000 | V86: 0 | W86: 25000 | X86: 46854 | Y86: 0 | Z86: WSWT2025700 | AA86: 0 | AB86: 0 | AC86: 0 | AD86: 0 | AE86: 0 | AF86: ลพบุรี1 | AG86: ผ้าขาว | AH86: P7 | AI86: 2 | AJ86: 45666 | AK86: 0 | AL86: 45657 | AM86: 45664 | AN86: 45665 | AO86: 45665 | AP86: 45661 | AQ86: 0 | AR86: 0 | AS86: 0 | AT86: 0 | AU86: 0 | AV86: 0 | AW86: งานพิมพ์ | AX86: รอART | AY86: 0 | AZ86: 0 | BA86: 0 | BB86: 0 | BC86: WRWT25800/WRWT25650 | BD86: 0
A87: 45638 | B87: MK67-001666 | C87: บจก.เบทาโกร | D87: ไม่พิมพ์ | E87: 20 | F87: 39 | G87: ขาว | H87: 0 | I87: 74 | J87: ± | K87: 3 | L87: ไม่ | M87: ไม่สวมถุงใน | N87: 0 | O87: 0 | P87: 0 | Q87: 0 | R87: 0 | S87: 500กระสอบแบน พร้อมระบุชื่อบริษัท รายการสินค้า จำนวนแต่ละแพ็ค | T87: 45668 | U87: 10000 | V87: 10000 | W87: 0 | X87: 0 | Y87: 0 | Z87: WSWT2025700 | AA87: 0 | AB87: 0 | AC87: 0 | AD87: 0 | AE87: 0 | AF87: สงขลา | AG87: พร้อมส่ง | AH87: P3 | AI87: 1 | AJ87: 45668 | AK87: 0 | AL87: 0 | AM87: 0 | AN87: 0 | AO87: 45667 | AP87: 45663 | AQ87: 0 | AR87: 0 | AS87: 0 | AT87: 0 | AU87: 0 | AV87: 0 | AW87: ตัด | AX87: 0 | AY87: 0 | AZ87: 0 | BA87: 0 | BB87: 0 | BC87: WRWT25800/WRWT25650 | BD87: 0
A88: 45646 | B88: MK67-001702 | C88: บจก.เบทาโกร | D88: ไม่พิมพ์ | E88: 20 | F88: 39 | G88: ขาว | H88: 0 | I88: 74 | J88: ± | K88: 3 | L88: ไม่ | M88: ไม่สวมถุงใน | N88: 0 | O88: 0 | P88: 0 | Q88: 0 | R88: 0 | S88: 500กระสอบแบน พร้อมระบุชื่อบริษัท รายการสินค้า จำนวนแต่ละแพ็ค | T88: 45668 | U88: 5000 | V88: 506 | W88: 4494 | X88: 0 | Y88: 0 | Z88: WSWT2025700 | AA88: 5085.2756 | AB88: 0 | AC88: 5085.2756 | AD88: 0 | AE88: 0 | AF88: สงขลา | AG88: พร้อมส่ง | AH88: P3 | AI88: 1 | AJ88: 45668 | AK88: 0 | AL88: 0 | AM88: 0 | AN88: 0 | AO88: 45667 | AP88: 45663 | AQ88: 0 | AR88: 0 | AS88: 0 | AT88: 0 | AU88: 0 | AV88: 0 | AW88: ตัด | AX88: 0 | AY88: 0 | AZ88: 0 | BA88: 0 | BB88: 0 | BC88: WRWT25800/WRWT25650 | BD88: 366.13984
A89: 45638 | B89: MK67-001668 | C89: บจก.เบทาโกร | D89: ไม่พิมพ์ | E89: 20 | F89: 39 | G89: ขาว | H89: 0 | I89: 74 | J89: ± | K89: 3 | L89: ไม่ | M89: ไม่สวมถุงใน | N89: 0 | O89: 0 | P89: 0 | Q89: 0 | R89: 0 | S89: 500กระสอบแบน พร้อมระบุชื่อบริษัท รายการสินค้า จำนวนแต่ละแพ็ค | T89: 45668 | U89: 5000 | V89: 0 | W89: 5000 | X89: 0 | Y89: 0 | Z89: WSWT2025700 | AA89: 5657.85 | AB89: 0 | AC89: 5657.85 | AD89: 0 | AE89: 0 | AF89: รัตภูมิ | AG89: ยังไม่ได้พิมพ์ | AH89: P3 | AI89: 1 | AJ89: 45668 | AK89: 0 | AL89: 0 | AM89: 0 | AN89: 0 | AO89: 45667 | AP89: 45663 | AQ89: 0 | AR89: 0 | AS89: 0 | AT89: 0 | AU89: 0 | AV89: 0 | AW89: ตัด | AX89: 0 | AY89: 0 | AZ89: 0 | BA89: 0 | BB89: 0 | BC89: WRWT25800/WRWT25650 | BD89: 407.3652
A90: 0 | B90: 0 | C90: 0 | D90: 0 | E90: 20 | F90: 37 | G90: ขาว | H90: 0 | I90: 70 | J90: ± | K90: 5 | L90: 0 | M90: 0 | N90: 0 | O90: 0 | P90: 0 | Q90: 0 | R90: 0 | S90: 0 | U90: 0 | V90: 0 | W90: 0 | X90: 0 | Y90: 0 | Z90: WSWT2025700 | AA90: 10743.126 | AB90: 0 | AC90: 10743.126 | AD90: 0 | AE90: 0 | AF90: ระบุในSD | AG90: รอตัด | AH90: 0 | AI90: Lead time | AJ90: 0 | AK90: 0 | AL90: 0 | AM90: 0 | AN90: 0 | AO90: 0 | AP90: 0 | AQ90: 0 | AR90: 0 | AS90: 0 | AT90: 0 | AU90: 0 | AV90: 0 | AW90: 0 | AX90: 0 | AY90: 0 | AZ90: 0 | BA90: 0 | BB90: 0 | BC90: WRWT25800/WRWT25650 | BD90: 0
A91: 45646 | B91: MK67-001704 | C91: บจก.อินเทคค์ โกลบอล | D91: เพอเฟคค์ 914 | E91: 20 | F91: 36 | G91: ขาว | H91: ด้าน | I91: 100 | J91: ± | K91: 5 | L91: จับจีบ4" | M91: ไม่สวมถุงใน | N91: 0 | O91: 0 | P91: 0 | Q91: 0 | R91: 0 | S91: มัด80 ใช้สายรัด | T91: รอแจ้ง | U91: 721 | V91: 0 | W91: 721 | X91: 11069 | Y91: 0 | Z91: WSWT2025800SM | AA91: 0 | AB91: 0 | AC91: 0 | AD91: 0 | AE91: 0 | AF91: 0 | AG91: ยังไม่ได้พิมพ์ | AH91: P6 | AI91: 4 | AJ91: รอแจ้ง | AK91: #VALUE! | AL91: #VALUE! | AM91: #VALUE! | AN91: #VALUE! | AO91: #VALUE! | AP91: #VALUE! | AQ91: 0 | AR91: 0 | AS91: 0 | AT91: 0 | AU91: 0 | AV91: 0 | AW91: งานเคลือบ+พิมพ์ | AX91: / | AY91: 0 | AZ91: 0 | BA91: 0 | BB91: 0 | BC91: WRWT25850/WRWT25850 | BD91: 0
A92: 45660 | B92: ใบรับคำสั่งซื้อ | C92: บจก.ซันฟีด | D92: 575 | E92: 20 | F92: 38 | G92: ขาว | H92: ด้าน | I92: 100 | J92: ± | K92: 5 | L92: บิด | M92: ไม่สวมถุงใน | N92: 0 | O92: 0 | P92: 0 | Q92: 0 | R92: 0 | S92: 300กระสอบแบนเต็มใบ | T92: รอแจ้ง | U92: 2500 | V92: 0 | W92: 2500 | X92: 0 | Y92: 2625 | Z92: WSWT2025800SM | AA92: 2759.075 | AB92: 2759.075 | AC92: 0 | AD92: 2759.075 | AE92: 0 | AF92: 0 | AG92: ยังไม่ได้พิมพ์ | AH92: P6 | AI92: 4 | AJ92: รอแจ้ง | AK92: #VALUE! | AL92: #VALUE! | AM92: #VALUE! | AN92: #VALUE! | AO92: #VALUE! | AP92: #VALUE! | AQ92: 0 | AR92: 0 | AS92: 0 | AT92: 0 | AU92: 0 | AV92: 0 | AW92: งานเคลือบ+พิมพ์ | AX92: รอART | AY92: 0 | AZ92: 0 | BA92: 0 | BB92: 0 | BC92: WRWT25850/WRWT25850 | BD92: 0
A93: 45643 | B93: MK67-001682 | C93: บจก.เอพีเอ็ม อะโกร | D93: นีโอ พี2 | E93: 20 | F93: 38 | G93: ขาว | H93: ด้าน | I93: 100 | J93: ± | K93: 5 | L93: บิด | M93: ไม่สวมถุงใน | N93: 0 | O93: 0 | P93: 0 | Q93: 0 | R93: 0 | S93: 500กระสอบแบน | T93: 45670 | U93: 4000 | V93: 0 | W93: 4000 | X93: 4300 | Y93: 0 | Z93: WSWT2025800SM | AA93: 0 | AB93: 0 | AC93: 0 | AD93: 0 | AE93: 0 | AF93: 0 | AG93: ยังไม่ได้พิมพ์ | AH93: P6 | AI93: 4 | AJ93: 45670 | AK93: 45666 | AL93: 45659 | AM93: 45667 | AN93: 45668 | AO93: 45669 | AP93: 45665 | AQ93: 0 | AR93: 0 | AS93: 0 | AT93: 0 | AU93: 0 | AV93: 0 | AW93: งานเคลือบ+พิมพ์ | AX93: / | AY93: ลบสี | AZ93: 0 | BA93: 0 | BB93: 0 | BC93: WRWT25850/WRWT25850 | BD93: 0
A94: 45650 | B94: MK67-001729 | C94: บจก.มารีน ลีดเดอร์ | D94: Rocky quick lime | E94: 20 | F94: 30 | G94: ขาว | H94: ใส | I94: 80 | J94: ± | K94: 5 | L94: จับจีบ5" | M94: 21 | N94: 33 | O94: 40 | P94: 170.96946 | Q94: 0 | R94: 170.96946 | S94: 500กระสอบ | T94: 45671 | U94: 10000 | V94: 0 | W94: 10000 | X94: 0 | Y94: 10500 | Z94: WSWT2025800SM | AA94: 8801.1 | AB94: 8801.1 | AC94: 0 | AD94: 8801.1 | AE94: 0 | AF94: 0 | AG94: ยังไม่ได้พิมพ์ | AH94: P8 | AI94: 4 | AJ94: 45671 | AK94: 45667 | AL94: 45661 | AM94: 45668 | AN94: 45669 | AO94: 45669 | AP94: 45666 | AQ94: 45670 | AR94: 0 | AS94: 0 | AT94: 0 | AU94: 0 | AV94: 0 | AW94: งานเคลือบ+พิมพ์ | AX94: / | AY94: 0 | AZ94: 0 | BA94: 0 | BB94: 0 | BC94: WRWT25850/WRWT25850 | BD94: 0
A95: 45651 | B95: MK67-001731 | C95: บจก.เบทาโกร | D95: WB/OC แถบฟ้า | E95: 20 | F95: 35 | G95: ขาว | H95: ใส | I95: 90 | J95: ± | K95: 3 | L95: บิด | M95: ไม่สวมถุงใน | N95: 0 | O95: 0 | P95: 0 | Q95: 0 | R95: 0 | S95: 500กระสอบแบน พร้อมระบุชื่อบริษัท รายการสินค้า จำนวนแต่ละแพ็ค | T95: 45672 | U95: 5000 | V95: 0 | W95: 5000 | X95: 0 | Y95: 5250 | Z95: WSWT2025800SM | AA95: 5099.05 | AB95: 5099.05 | AC95: 0 | AD95: 5099.05 | AE95: 0 | AF95: พระประแดง | AG95: ยังไม่ได้พิมพ์ | AH95: P6 | AI95: 4 | AJ95: 45672 | AK95: 45668 | AL95: 45661 | AM95: 45669 | AN95: 45670 | AO95: 45671 | AP95: 45667 | AQ95: 0 | AR95: 0 | AS95: 0 | AT95: 0 | AU95: 0 | AV95: 0 | AW95: งานเคลือบ+พิมพ์ | AX95: / | AY95: 0 | AZ95: 0 | BA95: 0 | BB95: 0 | BC95: WRWT25850/WRWT25850 | BD95: 0
A96: 45651 | B96: MK67-001731 | C96: บจก.เบทาโกร | D96: WB/OC แถบเขียว | E96: 20 | F96: 35 | G96: ขาว | H96: ใส | I96: 90 | J96: ± | K96: 3 | L96: บิด | M96: ไม่สวมถุงใน | N96: 0 | O96: 0 | P96: 0 | Q96: 0 | R96: 0 | S96: 500กระสอบแบน พร้อมระบุชื่อบริษัท รายการสินค้า จำนวนแต่ละแพ็ค | T96: 45672 | U96: 5000 | V96: 0 | W96: 5000 | X96: 0 | Y96: 5250 | Z96: WSWT2025800SM | AA96: 5099.05 | AB96: 5099.05 | AC96: 0 | AD96: 5099.05 | AE96: 0 | AF96: พระประแดง | AG96: พร้อมส่ง | AH96: P6 | AI96: 4 | AJ96: 45672 | AK96: 45668 | AL96: 45661 | AM96: 45669 | AN96: 45670 | AO96: 45671 | AP96: 45667 | AQ96: 0 | AR96: 0 | AS96: 0 | AT96: 0 | AU96: 0 | AV96: 0 | AW96: งานเคลือบ+พิมพ์ | AX96: / | AY96: 0 | AZ96: 0 | BA96: 0 | BB96: 0 | BC96: WRWT25850/WRWT25850 | BD96: 0
A97: 45651 | B97: MK67-001731 | C97: บจก.เบทาโกร | D97: WB/OC แถบเหลืองส้ม | E97: 20 | F97: 35 | G97: ขาว | H97: ใส | I97: 90 | J97: ± | K97: 3 | L97: บิด | M97: ไม่สวมถุงใน | N97: 0 | O97: 0 | P97: 0 | Q97: 0 | R97: 0 | S97: 500กระสอบแบน พร้อมระบุชื่อบริษัท รายการสินค้า จำนวนแต่ละแพ็ค | T97: 45672 | U97: 5000 | V97: 0 | W97: 5000 | X97: 0 | Y97: 5250 | Z97: WSWT2025800SM | AA97: 5099.05 | AB97: 5099.05 | AC97: 0 | AD97: 5099.05 | AE97: 0 | AF97: พระประแดง | AG97: พร้อมส่ง | AH97: P6 | AI97: 4 | AJ97: 45672 | AK97: 45668 | AL97: 45661 | AM97: 45669 | AN97: 45670 | AO97: 45671 | AP97: 45667 | AQ97: 0 | AR97: 0 | AS97: 0 | AT97: 0 | AU97: 0 | AV97: 0 | AW97: งานเคลือบ+พิมพ์ | AX97: / | AY97: 0 | AZ97: 0 | BA97: 0 | BB97: 0 | BC97: WRWT25850/WRWT25850 | BD97: 0
A98: 45660 | B98: ใบรับคำสั่งซื้อ | C98: บจก.ซันฟีด | D98: ขุนศึกเบอร์ 1 | E98: 20 | F98: 38 | G98: ขาว | H98: ด้าน | I98: 100 | J98: ± | K98: 5 | L98: บิด | M98: ไม่สวมถุงใน | N98: 0 | O98: 0 | P98: 0 | Q98: 0 | R98: 0 | S98: 300กระสอบแบนเต็มใบ | T98: รอแจ้ง | U98: 5000 | V98: 0 | W98: 5000 | X98: 0 | Y98: 5250 | Z98: WSWT2025800SM | AA98: 5518.15 | AB98: 5518.15 | AC98: 0 | AD98: 5518.15 | AE98: 0 | AF98: 0 | AG98: ยังไม่ได้พิมพ์ | AH98: P6 | AI98: 4 | AJ98: รอแจ้ง | AK98: #VALUE! | AL98: #VALUE! | AM98: #VALUE! | AN98: #VALUE! | AO98: #VALUE! | AP98: #VALUE! | AQ98: 0 | AR98: 0 | AS98: 0 | AT98: 0 | AU98: 0 | AV98: 0 | AW98: งานเคลือบ+พิมพ์ | AX98: รอART | AY98: 0 | AZ98: 0 | BA98: 0 | BB98: 0 | BC98: WRWT25850/WRWT25850 | BD98: 0
A99: 45581 | B99: MK67-001399 | C99: บจก.เอพีเอ็ม อะโกร | D99: ยูฟีด บี1 | E99: 20 | F99: 40 | G99: ขาว | H99: ด้าน | I99: 108 | J99: ± | K99: 5 | L99: บิด | M99: ไม่สวมถุงใน | N99: 0 | O99: 0 | P99: 0 | Q99: 0 | R99: 0 | S99: 500กระสอบแบน | T99: 45674 | U99: 3000 | V99: 3031 | W99: 0 | X99: 5415 | Y99: 0 | Z99: WSWT2025800SM | AA99: 0 | AB99: 0 | AC99: 0 | AD99: 0 | AE99: 0 | AF99: 0 | AG99: ยังไม่ได้พิมพ์ | AH99: P6 | AI99: 4 | AJ99: 45674 | AK99: 45670 | AL99: 45663 | AM99: 45671 | AN99: 45672 | AO99: 45673 | AP99: 45669 | AQ99: 0 | AR99: 0 | AS99: 0 | AT99: 0 | AU99: 0 | AV99: 0 | AW99: งานเคลือบ+พิมพ์ | AX99: / | AY99: 0 | AZ99: 0 | BA99: 0 | BB99: 0 | BC99: WRWT25850/WRWT25850 | BD99: 0
A100: 45581 | B100: MK67-001400 | C100: บจก.เอพีเอ็ม อะโกร | D100: ยู-ฟีด ดี3 | E100: 20 | F100: 38 | G100: ขาว | H100: ด้าน | I100: 100 | J100: ± | K100: 5 | L100: บิด | M100: ไม่สวมถุงใน | N100: 0 | O100: 0 | P100: 0 | Q100: 0 | R100: 0 | S100: 500กระสอบแบน | T100: 45674 | U100: 3000 | V100: 3025 | W100: 0 | X100: 5500 | Y100: 0 | Z100: WSWT2025800SM | AA100: 0 | AB100: 0 | AC100: 0 | AD100: 0 | AE100: 0 | AF100: 0 | AG100: พร้อมส่ง | AH100: P6 | AI100: 4 | AJ100: 45674 | AK100: 45670 | AL100: 45663 | AM100: 45671 | AN100: 45672 | AO100: 45673 | AP100: 45669 | AQ100: 0 | AR100: 0 | AS100: 0 | AT100: 0 | AU100: 0 | AV100: 0 | AW100: งานเคลือบ+พิมพ์ | AX100: / | AY100: 0 | AZ100: 0 | BA100: 0 | BB100: 0 | BC100: WRWT25850/WRWT25850 | BD100: 0
A101: 45659 | B101: MK68-000010 | C101: บจก.เบทาโกร | D101: WB/OC แถบเหลืองส้ม | E101: 20 | F101: 35 | G101: ขาว | H101: ใส | I101: 90 | J101: ± | K101: 3 | L101: บิด | M101: ไม่สวมถุงใน | N101: 0 | O101: 0 | P101: 0 | Q101: 0 | R101: 0 | S101: มัด100 เอางานพิมพ์ออกด้านนอก | T101: 45678 | U101: 10000 | V101: 0 | W101: 10000 | X101: 0 | Y101: 10500 | Z101: WSWT2025800SM | AA101: 10198.1 | AB101: 10198.1 | AC101: 0 | AD101: 10198.1 | AE101: 0 | AF101: นครปฐม | AG101: รอตัด | AH101: P6 | AI101: 4 | AJ101: 45678 | AK101: 45674 | AL101: 45667 | AM101: 45675 | AN101: 45676 | AO101: 45677 | AP101: 45673 | AQ101: 0 | AR101: 0 | AS101: 0 | AT101: 0 | AU101: 0 | AV101: 0 | AW101: งานเคลือบ+พิมพ์ | AX101: / | AY101: 0 | AZ101: 0 | BA101: 0 | BB101: 0 | BC101: WRWT25850/WRWT25850 | BD101: 0
...

Sheet 7-1-68.1
B2: เรียงกำหนดส่ง | D2: ลบ 0 | T2: เรียง 1
B3: ข้อมูลUpdate ณ. วันที่ | D3: 45664 | E3: เวลา | G3: 16.24
A4: วันรับออร์เดอร์/แบบ | B4: เลขที่ SO | C4: ชื่อลูกค้า | D4: ตรา | E4: 10.3 | I4: น้ำหนัก | L4: บิด/จับจีบ | M4: ถุงใน | Q4: 44873 | S4: วิธีบรรจุ | T4: วันส่ง | U4: จำนวนส่ง | V4: ตัดเย็บ (ใบ) | W4: 44873 | X4: พิมพ์ (ใบ) | Y4: 44876 | Z4: ผ้าทอ (เมตร) Updateณ | AB4: 44876 | AD4: ผ้าเคลือบ(เมตร) | AF4: หมายเหตุ | AG4: เครื่อง
B5: เลขที่ SO | C5: ชื่อลูกค้า | D5: ตรา | E5: กว้าง | F5: ยาว | G5: สี | H5: เคลือบ | I5: กรัม/ใบ | J5: * | K5: aw | L5: บิด/จับจีบ | M5: กว้าง | N5: ยาว | O5: หนา | P5: ใช้(กก.) | Q5: Stock(กก.) | R5: ผลิต(กก.) | S5: วิธีบรรจุ | T5: วันส่ง | U5: จำนวนส่ง | V5: StockFG | W5: ค้างตัด | X5: พิมพ์แล้ว | Y5: ค้างพิมพ์ | Z5: ประเภท | AA5: ใช้ | AB5: Stock | AC5: ค้างทอ | AD5: Stock | AE5: ค้างเคลือบ | AF5: หมายเหตุ | AG5: ที่พิมพ์ได้ | AH5: process | AI5: Lead time | AJ5: วันที่ส่งPL | AK5: เคลือบ | AL5: ได้ ART | AM5: พิมพ์ | AN5: จีบ-บิด | AO5: ตัด-เย็บ | AP5: ทอ | AQ5: สวมถุง | AR5: เย็บปาก | AS5: PT | AT5: ม้วน | AU5: ตัด | AV5: ตอกตาไก่ | AW5: GROUP | AX5: ART | AY5: หมายเหตุปัญหา | AZ5: ราคา/ใบ | BA5: ราคารวม | BB5: workweek | BC5: เส้นเทป | BD5: จำนวน
A6: 45651 | B6: MK67-001730 | C6: โรงสีข้าวธัญญาวัฒน์ | D6: LUNG SHIN 12 kg | E6: 17 | F6: 26 | G6: ขาว | H6: 0 | I6: 48 | J6: ± | K6: 5 | L6: ไม่ | M6: ไม่สวมถุงใน | N6: 0 | O6: 0 | P6: 0 | Q6: 0 | R6: 0 | S6: 500กระสอบแบน | T6: 45668 | U6: 8850 | V6: 0 | W6: 8850 | X6: 0 | Y6: 9292.5 | Z6: WSWT1725800 | AA6: 6799.8975 | AB6: 5496 | AC6: 1303.8975 | AD6: 0 | AE6: 0 | AF6: 0 | AG6: ยังไม่ได้พิมพ์ | AH6: P7 | AI6: 2 | AJ6: 45668 | AK6: 0 | AL6: 45659 | AM6: 45666 | AN6: 45667 | AO6: 45667 | AP6: 45663 | AQ6: 0 | AR6: 0 | AS6: 0 | AT6: 0 | AU6: 0 | AV6: 0 | AW6: งานพิมพ์ | AX6: รอART | AY6: 10/1 เย็น | AZ6: 0 | BA6: 0 | BB6: 0 | BC6: WRWT25800/WRWT25800 | BD6: 84.724362
A7: 0 | B7: 0 | C7: 0 | D7: 0 | E7: 17 | F7: 26 | G7: 0 | H7: 0 | I7: 48 | J7: ± | K7: 5 | L7: 0 | M7: 0 | N7: 0 | O7: 0 | P7: 0 | Q7: 0 | R7: 0 | S7: 0 | U7: 0 | V7: 0 | W7: 0 | X7: 0 | Y7: 0 | Z7: WSWT1725800 | AA7: 6799.8975 | AB7: 5496 | AC7: 1303.8975 | AD7: 0 | AE7: 0 | AF7: ระบุในSD | AG7: ผ้าขาว | AH7: 0 | AI7: 0 | AJ7: 0 | AK7: 0 | AL7: 0 | AM7: 0 | AN7: 0 | AO7: 0 | AP7: 0 | AQ7: 0 | AR7: 0 | AS7: 0 | AT7: 0 | AU7: 0 | AV7: 0 | AW7: 0 | AX7: 0 | AY7: 0 | AZ7: 0 | BA7: 0 | BB7: 0 | BC7: WRWT170800/WRWT25800 | BD7: 0
A8: 45659 | B8: MK68-000006 | C8: หจก.อนนท์อุตสาหกรรม | D8: อนนท์ 20 กก. | E8: 18 | F8: 28 | G8: ขาว | H8: 0 | I8: 50 | J8: ± | K8: 5 | L8: ไม่ | M8: 19 | N8: 31 | O8: 40 | P8: 363.27927 | Q8: 0 | R8: 363.27927 | S8: 500กระสอบ | T8: 45668 | U8: 25000 | V8: 0 | W8: 25000 | X8: 0 | Y8: 26250 | Z8: WSWT1825800 | AA8: 20605.75 | AB8: 12923 | AC8: 7682.75 | AD8: 0 | AE8: 0 | AF8: 0 | AG8: พร้อมส่ง | AH8: P9 | AI8: 3 | AJ8: 45668 | AK8: 0 | AL8: 45658 | AM8: 45665 | AN8: 45666 | AO8: 45666 | AP8: 45663 | AQ8: 45667 | AR8: 0 | AS8: 0 | AT8: 0 | AU8: 0 | AV8: 0 | AW8: งานพิมพ์ | AX8: รอART | AY8: 0 | AZ8: 0 | BA8: 0 | BB8: 0 | BC8: WRWT25800/WRWT25800 | BD8: 528.5732
A9: 45659 | B9: MK68-000009 | C9: บจก.ฟาร์เธอร์ส วิง ซัพพลาย | D9: รถไฟฟ้า | E9: 18 | F9: 30 | G9: ขาว | H9: 0 | I9: 54 | J9: ± | K9: 5 | L9: บิด | M9: 19 | N9: 33 | O9: 40 | P9: 232.02999 | Q9: 0 | R9: 232.02999 | S9: 500กระสอบ | T9: 45672 | U9: 15000 | V9: 0 | W9: 15000 | X9: 0 | Y9: 15750 | Z9: WSWT1825800 | AA9: 13201.65 | AB9: 0 | AC9: 13201.65 | AD9: 0 | AE9: 0 | AF9: 0 | AG9: ยังไม่ได้พิมพ์ | AH9: P9 | AI9: 3 | AJ9: 45672 | AK9: 0 | AL9: 45662 | AM9: 45669 | AN9: 45670 | AO9: 45670 | AP9: 45667 | AQ9: 45671 | AR9: 0 | AS9: 0 | AT9: 0 | AU9: 0 | AV9: 0 | AW9: งานพิมพ์ | AX9: รอART | AY9: 0 | AZ9: 0 | BA9: 0 | BB9: 0 | BC9: WRWT25800/WRWT25800 | BD9: 908.27352
A10: 45659 | B10: MK68-000009 | C10: บจก.ฟาร์เธอร์ส วิง ซัพพลาย | D10: ไม่พิมพ์ | E10: 18 | F10: 30 | G10: ขาว | H10: 0 | I10: 54 | J10: ± | K10: 5 | L10: ไม่ | M10: 19 | N10: 33 | O10: 40 | P10: 46.405998 | Q10: 0 | R10: 46.405998 | S10: 500กระสอบ | T10: 45672 | U10: 3000 | V10: 0 | W10: 3000 | X10: 0 | Y10: 0 | Z10: WSWT1825800 | AA10: 2640.33 | AB10: 0 | AC10: 2640.33 | AD10: 0 | AE10: 0 | AF10: 0 | AG10: พร้อมส่ง | AH10: P13 | AI10: 2 | AJ10: 45672 | AK10: 0 | AL10: 0 | AM10: 0 | AN10: 0 | AO10: 45670 | AP10: 45667 | AQ10: 45671 | AR10: 0 | AS10: 0 | AT10: 0 | AU10: 0 | AV10: 0 | AW10: ตัด | AX10: 0 | AY10: 0 | AZ10: 0 | BA10: 0 | BB10: 0 | BC10: WRWT25800/WRWT25800 | BD10: 181.6547
A11: 0 | B11: 0 | E11: 18 | F11: 30 | G11: ขาว | H11: 0 | I11: 54 | J11: ± | K11: 5 | L11: 0 | M11: 0 | N11: 0 | O11: 0 | P11: 0 | Q11: 0 | R11: 0 | S11: 0 | U11: 0 | V11: 0 | W11: 0 | X11: 0 | Y11: 0 | Z11: WSWT1825800 | AA11: 36447.73 | AB11: 12923 | AC11: 23524.73 | AD11: 0 | AE11: 0 | AF11: ระบุในSD | AG11: พิมพ์ไม่ครบ | AH11: 0 | AI11: Lead time | AJ11: 0 | AK11: 0 | AL11: 0 | AM11: 0 | AN11: 0 | AO11: 0 | AP11: 0 | AQ11: 0 | AR11: 0 | AS11: 0 | AT11: 0 | AU11: 0 | AV11: 0 | AW11: 0 | AX11: 0 | AY11: 0 | AZ11: 0 | BA11: 0 | BB11: 0 | BC11: WRWT25800/WRWT25800 | BD11: 0
A12: 45659 | B12: MK68-000008 | C12: บจก.2 เอ็ม อโกร เท็ค | D12: เลิฟชอยล์ 14-3-3 | E12: 18 | F12: 30 | G12: ขาว | H12: ใส | I12: 74 | J12: ± | K12: 5 | L12: บิด | M12: 19 | N12: 33 | O12: 70 | P12: 135.35083 | Q12: 0 | R12: 135.35083 | S12: 500กระสอบ | T12: 45672 | U12: 5000 | V12: 0 | W12: 5000 | X12: 0 | Y12: 5250 | Z12: WSWT1825800SM | AA12: 4400.55 | AB12: 0 | AC12: 4400.55 | AD12: 0 | AE12: 4400.55 | AF12: 0 | AG12: ยังไม่ได้พิมพ์ | AH12: P8 | AI12: 4 | AJ12: 45672 | AK12: 45668 | AL12: 45662 | AM12: 45669 | AN12: 45670 | AO12: 45670 | AP12: 45667 | AQ12: 45671 | AR12: 0 | AS12: 0 | AT12: 0 | AU12: 0 | AV12: 0 | AW12: งานเคลือบ+พิมพ์ | AX12: / | AY12: 0 | AZ12: 0 | BA12: 0 | BB12: 0 | BC12: WRWT25800/WRWT25800 | BD12: 281.6352
A13: 0 | B13: 0 | C13: 0 | E13: 18 | F13: 25 | G13: ขาว | H13: 0 | I13: 50 | J13: ± | K13: 5 | L13: 0 | M13: 0 | N13: 0 | O13: 0 | P13: 0 | Q13: 0 | R13: 0 | S13: 0 | U13: 0 | V13: 0 | W13: 0 | X13: 0 | Y13: 0 | Z13: WSWT1825800SM | AA13: 4400.55 | AB13: 0 | AC13: 4400.55 | AD13: 0 | AE13: 4400.55 | AF13: ระบุในSD | AG13: ยังไม่ได้พิมพ์ | AH13: 0 | AI13: Lead time | AJ13: 0 | AK13: 0 | AL13: 0 | AM13: 0 | AN13: 0 | AO13: 0 | AP13: 0 | AQ13: 0 | AR13: 0 | AS13: 0 | AT13: 0 | AU13: 0 | AV13: 0 | AW13: 0 | AX13: 0 | AY13: 0 | AZ13: 0 | BA13: 0 | BB13: 0 | BC13: WRWT180800/WRWT25800 | BD13: 0
A14: 45639 | B14: MK67-001670 | C14: บจก.เพรซิเดนท์ฟลาวมิลล์ | D14: ผึ้งเหลือง | E14: 19 | F14: 30 | G14: ขาว | H14: 0 | I14: 60 | J14: ± | K14: 5 | L14: บิด | M14: ไม่สวมถุงใน | N14: 0 | O14: 0 | P14: 0 | Q14: 0 | R14: 0 | S14: 500กระสอบเต็มใบ | T14: 45666 | U14: 50000 | V14: 19500 | W14: 30500 | X14: 33740 | Y14: 17073 | Z14: WSWT1925800 | AA14: 15026.118 | AB14: 15026.118 | AC14: 0 | AD14: 0 | AE14: 0 | AF14: 0 | AG14: ยังไม่ได้พิมพ์ | AH14: P7 | AI14: 2 | AJ14: 45666 | AK14: 0 | AL14: 45657 | AM14: 45664 | AN14: 45665 | AO14: 45665 | AP14: 45661 | AQ14: 0 | AR14: 0 | AS14: 0 | AT14: 0 | AU14: 0 | AV14: 0 | AW14: งานพิมพ์ | AX14: รอART | AY14: 0 | AZ14: 0 | BA14: 0 | BB14: 0 | BC14: WRWT25800/WRWT25800 | BD14: 0
A15: 45646 | B15: MK67-001709 | C15: บจก.ซีแมนอินดัสตรี | D15: W30 | E15: 19 | F15: 28 | G15: ขาว | H15: 0 | I15: 56 | J15: ± | K15: 5 | L15: ไม่ | M15: 20 | N15: 30 | O15: 90 | P15: 999.1722 | Q15: 0 | R15: 999.1722 | S15: มัด100 | T15: 45670 | U15: 30000 | V15: 0 | W15: 30000 | X15: 0 | Y15: 31500 | Z15: WSWT1925800 | AA15: 24726.9 | AB15: 6094 | AC15: 18632.9 | AD15: 0 | AE15: 0 | AF15: 0 | AG15: รอแบบ | AH15: P9 | AI15: 3 | AJ15: 45670 | AK15: 0 | AL15: 45660 | AM15: 45667 | AN15: 45668 | AO15: 45668 | AP15: 45665 | AQ15: 45669 | AR15: 0 | AS15: 0 | AT15: 0 | AU15: 0 | AV15: 0 | AW15: งานพิมพ์ | AX15: / | AY15: 0 | AZ15: 0 | BA15: 0 | BB15: 0 | BC15: WRWT25800/WRWT25800 | BD15: 1353.1626
A16: 45659 | B16: MK68-000007 | C16: หจก.ชนุตร์ แคเซี่ยม 888 | D16: หงส์แดง | E16: 19 | F16: 32 | G16: ขาว | H16: 0 | I16: 64 | J16: ± | K16: 5 | L16: บิด | M16: 20 | N16: 35 | O16: 40 | P16: 86.348214 | Q16: 0 | R16: 86.348214 | S16: 500กระสอบ | T16: 45672 | U16: 5000 | V16: 0 | W16: 5000 | X16: 0 | Y16: 5250 | Z16: WSWT1925800 | AA16: 4679.95 | AB16: 0 | AC16: 4679.95 | AD16: 0 | AE16: 0 | AF16: 0 | AG16: ยังไม่ได้พิมพ์ | AH16: P9 | AI16: 3 | AJ16: 45672 | AK16: 0 | AL16: 45662 | AM16: 45669 | AN16: 45670 | AO16: 45670 | AP16: 45667 | AQ16: 45671 | AR16: 0 | AS16: 0 | AT16: 0 | AU16: 0 | AV16: 0 | AW16: งานพิมพ์ | AX16: รอART | AY16: 0 | AZ16: 0 | BA16: 0 | BB16: 0 | BC16: WRWT25800/WRWT25800 | BD16: 339.86837
A17: 45661 | B17: MK68-000021 | C17: หจก.ไอทีอี เกษตรพัฒนา | D17: ITE ปูนเปลือกหอย | E17: 19 | F17: 34 | G17: ขาว | H17: 0 | I17: 68 | J17: ± | K17: 5 | L17: จับจีบ4" | M17: 21 | N17: 37 | O17: 40 | P17: 95.846518 | Q17: 0 | R17: 95.846518 | S17: 500กระสอบแบน | T17: 45674 | U17: 5000 | V17: 0 | W17: 5000 | X17: 0 | Y17: 5250 | Z17: WSWT1925800 | AA17: 4959.35 | AB17: 0 | AC17: 4959.35 | AD17: 0 | AE17: 0 | AF17: 0 | AG17: ยังไม่ได้พิมพ์ | AH17: P9 | AI17: 3 | AJ17: 45674 | AK17: 0 | AL17: 45664 | AM17: 45671 | AN17: 45672 | AO17: 45672 | AP17: 45669 | AQ17: 45673 | AR17: 0 | AS17: 0 | AT17: 0 | AU17: 0 | AV17: 0 | AW17: งานพิมพ์ | AX17: รอART | AY17: 0 | AZ17: 0 | BA17: 0 | BB17: 0 | BC17: WRWT25800/WRWT25800 | BD17: 360.15902
A18: ประมาณการ | B18: ประมาณการ | C18: บจก.เอ็กซ์เซลเล้นท์ | D18: รอแบบ | E18: 19 | F18: 30 | G18: ขาว | H18: 0 | I18: 60 | J18: ± | K18: 5 | L18: บิด | M18: ไม่สวมถุงใน | N18: 0 | O18: 0 | P18: 0 | Q18: 0 | R18: 0 | S18: 500กระสอบ | T18: 45687 | U18: 40000 | V18: 0 | W18: 40000 | X18: 0 | Y18: 42000 | Z18: WSWT1925800 | AA18: 35204.4 | AB18: 0 | AC18: 35204.4 | AD18: 0 | AE18: 0 | AF18: 0 | AG18: พร้อมส่ง | AH18: P7 | AI18: 2 | AJ18: 45687 | AK18: 0 | AL18: 45678 | AM18: 45685 | AN18: 45686 | AO18: 45686 | AP18: 45682 | AQ18: 0 | AR18: 0 | AS18: 0 | AT18: 0 | AU18: 0 | AV18: 0 | AW18: งานพิมพ์ | AX18: รอART | AY18: 0 | AZ18: 0 | BA18: 0 | BB18: 0 | BC18: WRWT25800/WRWT25800 | BD18: 2556.6218
A19: ประมาณการ | B19: ประมาณการ | C19: บจก.เพรซิเดนท์ฟลาวมิลล์ | D19: ผึ้งชมพู | E19: 19 | F19: 30 | G19: ขาว | H19: 0 | I19: 60 | J19: ± | K19: 5 | L19: บิด | M19: ไม่สวมถุงใน | N19: 0 | O19: 0 | P19: 0 | Q19: 0 | R19: 0 | S19: 500กระสอบเต็มใบ | T19: 45687 | U19: 20000 | V19: 0 | W19: 20000 | X19: 0 | Y19: 21000 | Z19: WSWT1925800 | AA19: 17602.2 | AB19: 0 | AC19: 17602.2 | AD19: 0 | AE19: 0 | AF19: 0 | AG19: ยังไม่ได้พิมพ์ | AH19: P7 | AI19: 2 | AJ19: 45687 | AK19: 0 | AL19: 45678 | AM19: 45685 | AN19: 45686 | AO19: 45686 | AP19: 45682 | AQ19: 0 | AR19: 0 | AS19: 0 | AT19: 0 | AU19: 0 | AV19: 0 | AW19: งานพิมพ์ | AX19: รอART | AY19: 0 | AZ19: 0 | BA19: 0 | BB19: 0 | BC19: WRWT25800/WRWT25800 | BD19: 1278.3109
A20: 45639 | B20: MK67-001670 | C20: บจก.เพรซิเดนท์ฟลาวมิลล์ | D20: ผึ้งเหลือง | E20: 19 | F20: 30 | G20: ขาว | H20: 0 | I20: 60 | J20: ± | K20: 5 | L20: บิด | M20: ไม่สวมถุงใน | N20: 0 | O20: 0 | P20: 0 | Q20: 0 | R20: 0 | S20: 500กระสอบเต็มใบ | T20: 45677 | U20: 50000 | V20: 0 | W20: 50000 | X20: 0 | Y20: 52500 | Z20: WSWT1925800 | AA20: 44005.5 | AB20: 0 | AC20: 44005.5 | AD20: 0 | AE20: 0 | AF20: 0 | AG20: ยังไม่ได้พิมพ์ | AH20: P7 | AI20: 2 | AJ20: 45677 | AK20: 0 | AL20: 45668 | AM20: 45675 | AN20: 45676 | AO20: 45676 | AP20: 45672 | AQ20: 0 | AR20: 0 | AS20: 0 | AT20: 0 | AU20: 0 | AV20: 0 | AW20: งานพิมพ์ | AX20: รอART | AY20: 0 | AZ20: 0 | BA20: 0 | BB20: 0 | BC20: WRWT25800/WRWT25800 | BD20: 3195.7772
A21: 0 | B21: 0 | C21: 0 | D21: 0 | E21: 19 | F21: 30 | G21: ขาว | H21: 0 | I21: 60 | J21: ± | K21: 5 | L21: 0 | M21: 0 | N21: 0 | O21: 0 | P21: 0 | Q21: 0 | R21: 0 | S21: 0 | U21: 0 | V21: 0 | W21: 0 | X21: 0 | Y21: 0 | Z21: WSWT1925800 | AA21: 146204.42 | AB21: 21120.118 | AC21: 125084.3 | AD21: 0 | AE21: 0 | AF21: ระบุในSD | AG21: ยังไม่ได้พิมพ์ | AH21: 0 | AI21: Lead time | AJ21: 0 | AK21: 0 | AL21: 0 | AM21: 0 | AN21: 0 | AO21: 0 | AP21: 0 | AQ21: 0 | AR21: 0 | AS21: 0 | AT21: 0 | AU21: 0 | AV21: 0 | AW21: 0 | AX21: 0 | AY21: 0 | AZ21: 0 | BA21: 0 | BB21: 0 | BC21: WRWT25800/WRWT25800 | BD21: 0
A22: 45646 | B22: MK67-001711 | C22: บจก.เคอรี่ฟลาวมิลล์ | D22: WHOLE WHEAT | E22: 19 | F22: 32 | G22: ขาว | H22: 0 | I22: 67 | J22: + | K22: 5 | L22: บิด | M22: ไม่สวมถุงใน | N22: 0 | O22: 0 | P22: 0 | Q22: 0 | R22: 0 | S22: ห่ออัดเบลแบน500 | T22: 45666 | U22: 5000 | V22: 0 | W22: 5000 | X22: 0 | Y22: 5250 | Z22: WSWT1921720 | AA22: 4679.95 | AB22: 4679.95 | AC22: 0 | AD22: 0 | AE22: 0 | AF22: 0 | AG22: ยังไม่ได้พิมพ์ | AH22: P7 | AI22: 2 | AJ22: 45666 | AK22: 0 | AL22: 45657 | AM22: 45664 | AN22: 45665 | AO22: 45665 | AP22: 45661 | AQ22: 0 | AR22: 0 | AS22: 0 | AT22: 0 | AU22: 0 | AV22: 0 | AW22: งานพิมพ์ | AX22: / | AY22: 0 | AZ22: 0 | BA22: 0 | BB22: 0 | BC22: WRWT21720/WRWT25800 | BD22: 0
A23: 45649 | B23: MK67-001710 | C23: บจก.เคอรี่ฟลาวมิลล์ | D23: ปลาโลมาเทา | E23: 19 | F23: 30 | G23: ขาว | H23: 0 | I23: 63 | J23: + | K23: 5 | L23: บิด | M23: ไม่สวมถุงใน | N23: 0 | O23: 0 | P23: 0 | Q23: 0 | R23: 0 | S23: ห่ออัดเบลแบน500 | T23: 45666 | U23: 5000 | V23: 0 | W23: 5000 | X23: 0 | Y23: 5250 | Z23: WSWT1921720 | AA23: 4400.55 | AB23: 4400.55 | AC23: 0 | AD23: 0 | AE23: 0 | AF23: 0 | AG23: ยังไม่ได้พิมพ์ | AH23: P7 | AI23: 2 | AJ23: 45666 | AK23: 0 | AL23: 45657 | AM23: 45664 | AN23: 45665 | AO23: 45665 | AP23: 45661 | AQ23: 0 | AR23: 0 | AS23: 0 | AT23: 0 | AU23: 0 | AV23: 0 | AW23: งานพิมพ์ | AX23: / | AY23: 0 | AZ23: 0 | BA23: 0 | BB23: 0 | BC23: WRWT21720/WRWT25800 | BD23: 0
A24: 45649 | B24: MK67-001710 | C24: บจก.เคอรี่ฟลาวมิลล์ | D24: แต้้มแดง | E24: 19 | F24: 30 | G24: ขาว | H24: 0 | I24: 63 | J24: + | K24: 5 | L24: บิด | M24: ไม่สวมถุงใน | N24: 0 | O24: 0 | P24: 0 | Q24: 0 | R24: 0 | S24: ห่ออัดเบลแบน500 | T24: 45666 | U24: 5000 | V24: 0 | W24: 5000 | X24: 0 | Y24: 5250 | Z24: WSWT1921720 | AA24: 4400.55 | AB24: 4400.55 | AC24: 0 | AD24: 0 | AE24: 0 | AF24: 0 | AG24: ยังไม่ได้พิมพ์ | AH24: P7 | AI24: 2 | AJ24: 45666 | AK24: 0 | AL24: 45657 | AM24: 45664 | AN24: 45665 | AO24: 45665 | AP24: 45661 | AQ24: 0 | AR24: 0 | AS24: 0 | AT24: 0 | AU24: 0 | AV24: 0 | AW24: งานพิมพ์ | AX24: / | AY24: 0 | AZ24: 0 | BA24: 0 | BB24: 0 | BC24: WRWT21720/WRWT25800 | BD24: 0
A25: 45649 | B25: MK67-001710 | C25: บจก.เคอรี่ฟลาวมิลล์ | D25: FW-Y | E25: 19 | F25: 30 | G25: ขาว | H25: 0 | I25: 63 | J25: + | K25: 5 | L25: ไม่ | M25: ไม่สวมถุงใน | N25: 0 | O25: 0 | P25: 0 | Q25: 0 | R25: 0 | S25: ห่ออัดเบลแบน500 | T25: 45666 | U25: 5000 | V25: 0 | W25: 5000 | X25: 0 | Y25: 5250 | Z25: WSWT1921720 | AA25: 4400.55 | AB25: 4400.55 | AC25: 0 | AD25: 0 | AE25: 0 | AF25: 0 | AG25: ยังไม่ได้พิมพ์ | AH25: P7 | AI25: 2 | AJ25: 45666 | AK25: 0 | AL25: 45657 | AM25: 45664 | AN25: 45665 | AO25: 45665 | AP25: 45661 | AQ25: 0 | AR25: 0 | AS25: 0 | AT25: 0 | AU25: 0 | AV25: 0 | AW25: งานพิมพ์ | AX25: / | AY25: 0 | AZ25: 0 | BA25: 0 | BB25: 0 | BC25: WRWT21720/WRWT25800 | BD25: 0
A26: 45649 | B26: MK67-001710 | C26: บจก.เคอรี่ฟลาวมิลล์ | D26: ถุงทองแซนวิช | E26: 19 | F26: 30 | G26: ขาว | H26: 0 | I26: 63 | J26: + | K26: 5 | L26: บิด | M26: ไม่สวมถุงใน | N26: 0 | O26: 0 | P26: 0 | Q26: 0 | R26: 0 | S26: ห่ออัดเบลแบน500 | T26: 45666 | U26: 10000 | V26: 0 | W26: 10000 | X26: 0 | Y26: 10500 | Z26: WSWT1921720 | AA26: 8801.1 | AB26: 8801.1 | AC26: 0 | AD26: 0 | AE26: 0 | AF26: 0 | AG26: ยังไม่ได้พิมพ์ | AH26: P7 | AI26: 2 | AJ26: 45666 | AK26: 0 | AL26: 45657 | AM26: 45664 | AN26: 45665 | AO26: 45665 | AP26: 45661 | AQ26: 0 | AR26: 0 | AS26: 0 | AT26: 0 | AU26: 0 | AV26: 0 | AW26: งานพิมพ์ | AX26: / | AY26: 0 | AZ26: 0 | BA26: 0 | BB26: 0 | BC26: WRWT21720/WRWT25800 | BD26: 0
A27: 45649 | B27: MK67-001382 | C27: บจก.เคอรี่ฟลาวมิลล์ | D27: ถุงเขียว | E27: 19 | F27: 30 | G27: ขาว | H27: 0 | I27: 63 | J27: + | K27: 5 | L27: บิด | M27: ไม่สวมถุงใน | N27: 0 | O27: 0 | P27: 0 | Q27: 0 | R27: 0 | S27: ห่ออัดเบลแบน500 | T27: 45666 | U27: 10000 | V27: 0 | W27: 10000 | X27: 0 | Y27: 10500 | Z27: WSWT1921720 | AA27: 8801.1 | AB27: 5849 | AC27: 2952.1 | AD27: 0 | AE27: 0 | AF27: 0 | AG27: ยังไม่ได้พิมพ์ | AH27: P7 | AI27: 2 | AJ27: 45666 | AK27: 0 | AL27: 45657 | AM27: 45664 | AN27: 45665 | AO27: 45665 | AP27: 45661 | AQ27: 0 | AR27: 0 | AS27: 0 | AT27: 0 | AU27: 0 | AV27: 0 | AW27: งานพิมพ์ | AX27: / | AY27: 0 | AZ27: 0 | BA27: 0 | BB27: 0 | BC27: WRWT21720/WRWT25800 | BD27: 222.36529
A28: 45659 | B28: MK67-001710 | C28: บจก.เคอรี่ฟลาวมิลล์ | D28: ดอกไม้แดง | E28: 19 | F28: 30 | G28: ขาว | H28: 0 | I28: 63 | J28: + | K28: 5 | L28: บิด | M28: ไม่สวมถุงใน | N28: 0 | O28: 0 | P28: 0 | Q28: 0 | R28: 0 | S28: ห่ออัดเบลแบน500 | T28: 45667 | U28: 20000 | V28: 0 | W28: 20000 | X28: 0 | Y28: 21000 | Z28: WSWT1921720 | AA28: 17602.2 | AB28: 0 | AC28: 17602.2 | AD28: 0 | AE28: 0 | AF28: PDR240411 | AG28: ยังไม่ได้พิมพ์ | AH28: P7 | AI28: 2 | AJ28: 45667 | AK28: 0 | AL28: 45658 | AM28: 45665 | AN28: 45666 | AO28: 45666 | AP28: 45662 | AQ28: 0 | AR28: 0 | AS28: 0 | AT28: 0 | AU28: 0 | AV28: 0 | AW28: งานพิมพ์ | AX28: 0 | AY28: 0 | AZ28: 0 | BA28: 0 | BB28: 0 | BC28: WRWT21720/WRWT25800 | BD28: 1325.8759
A29: 45649 | B29: MK67-001710 | C29: บจก.เคอรี่ฟลาวมิลล์ | D29: โบว์แดง | E29: 19 | F29: 30 | G29: ขาว | H29: 0 | I29: 63 | J29: + | K29: 5 | L29: บิด | M29: ไม่สวมถุงใน | N29: 0 | O29: 0 | P29: 0 | Q29: 0 | R29: 0 | S29: ห่ออัดเบลแบน500 | T29: 45668 | U29: 5000 | V29: 0 | W29: 5000 | X29: 0 | Y29: 5250 | Z29: WSWT1921720 | AA29: 4400.55 | AB29: 0 | AC29: 4400.55 | AD29: 0 | AE29: 0 | AF29: 0 | AG29: ยังไม่ได้พิมพ์ | AH29: P7 | AI29: 2 | AJ29: 45668 | AK29: 0 | AL29: 45659 | AM29: 45666 | AN29: 45667 | AO29: 45667 | AP29: 45663 | AQ29: 0 | AR29: 0 | AS29: 0 | AT29: 0 | AU29: 0 | AV29: 0 | AW29: งานพิมพ์ | AX29: / | AY29: 0 | AZ29: 0 | BA29: 0 | BB29: 0 | BC29: WRWT21720/WRWT25800 | BD29: 331.46898
A30: 45649 | B30: MK67-001710 | C30: บจก.เคอรี่ฟลาวมิลล์ | D30: 8S | E30: 19 | F30: 30 | G30: ขาว | H30: 0 | I30: 63 | J30: + | K30: 5 | L30: ไม่ | M30: ไม่สวมถุงใน | N30: 0 | O30: 0 | P30: 0 | Q30: 0 | R30: 0 | S30: ห่ออัดเบลแบน500 | T30: 45668 | U30: 5000 | V30: 0 | W30: 5000 | X30: 0 | Y30: 5250 | Z30: WSWT1921720 | AA30: 4400.55 | AB30: 0 | AC30: 4400.55 | AD30: 0 | AE30: 0 | AF30: 0 | AG30: ยังไม่ได้พิมพ์ | AH30: P7 | AI30: 2 | AJ30: 45668 | AK30: 0 | AL30: 45659 | AM30: 45666 | AN30: 45667 | AO30: 45667 | AP30: 45663 | AQ30: 0 | AR30: 0 | AS30: 0 | AT30: 0 | AU30: 0 | AV30: 0 | AW30: งานพิมพ์ | AX30: / | AY30: 0 | AZ30: 0 | BA30: 0 | BB30: 0 | BC30: WRWT21720/WRWT25800 | BD30: 331.46898
A31: 45649 | B31: MK67-001710 | C31: บจก.เคอรี่ฟลาวมิลล์ | D31: หีบเพลงเหลือง | E31: 19 | F31: 30 | G31: ขาว | H31: 0 | I31: 63 | J31: + | K31: 5 | L31: บิด | M31: ไม่สวมถุงใน | N31: 0 | O31: 0 | P31: 0 | Q31: 0 | R31: 0 | S31: ห่ออัดเบลแบน500 | T31: 45668 | U31: 5000 | V31: 0 | W31: 5000 | X31: 0 | Y31: 5250 | Z31: WSWT1921720 | AA31: 4400.55 | AB31: 0 | AC31: 4400.55 | AD31: 0 | AE31: 0 | AF31: 0 | AG31: ยังไม่ได้พิมพ์ | AH31: P7 | AI31: 2 | AJ31: 45668 | AK31: 0 | AL31: 45659 | AM31: 45666 | AN31: 45667 | AO31: 45667 | AP31: 45663 | AQ31: 0 | AR31: 0 | AS31: 0 | AT31: 0 | AU31: 0 | AV31: 0 | AW31: งานพิมพ์ | AX31: / | AY31: 0 | AZ31: 0 | BA31: 0 | BB31: 0 | BC31: WRWT21720/WRWT25800 | BD31: 331.46898
A32: 45649 | B32: MK67-001382 | C32: บจก.เคอรี่ฟลาวมิลล์ | D32: ปลาโลมาแดง | E32: 19 | F32: 30 | G32: ขาว | H32: 0 | I32: 63 | J32: + | K32: 5 | L32: บิด | M32: ไม่สวมถุงใน | N32: 0 | O32: 0 | P32: 0 | Q32: 0 | R32: 0 | S32: ห่ออัดเบลแบน500 | T32: 45668 | U32: 5000 | V32: 0 | W32: 5000 | X32: 0 | Y32: 5250 | Z32: WSWT1921720 | AA32: 4400.55 | AB32: 0 | AC32: 4400.55 | AD32: 0 | AE32: 0 | AF32: 0 | AG32: ยังไม่ได้พิมพ์ | AH32: P7 | AI32: 2 | AJ32: 45668 | AK32: 0 | AL32: 45659 | AM32: 45666 | AN32: 45667 | AO32: 45667 | AP32: 45663 | AQ32: 0 | AR32: 0 | AS32: 0 | AT32: 0 | AU32: 0 | AV32: 0 | AW32: งานพิมพ์ | AX32: / | AY32: 0 | AZ32: 0 | BA32: 0 | BB32: 0 | BC32: WRWT21720/WRWT25800 | BD32: 331.46898
A33: 45649 | B33: MK67-001382 | C33: บจก.เคอรี่ฟลาวมิลล์ | D33: กุ้งแดง | E33: 19 | F33: 30 | G33: ขาว | H33: 0 | I33: 63 | J33: + | K33: 5 | L33: บิด | M33: ไม่สวมถุงใน | N33: 0 | O33: 0 | P33: 0 | Q33: 0 | R33: 0 | S33: ห่ออัดเบลแบน500 | T33: 45668 | U33: 10000 | V33: 0 | W33: 10000 | X33: 0 | Y33: 10500 | Z33: WSWT1921720 | AA33: 8801.1 | AB33: 0 | AC33: 8801.1 | AD33: 0 | AE33: 0 | AF33: 0 | AG33: ผ้าขาว | AH33: P7 | AI33: 2 | AJ33: 45668 | AK33: 0 | AL33: 45659 | AM33: 45666 | AN33: 45667 | AO33: 45667 | AP33: 45663 | AQ33: 0 | AR33: 0 | AS33: 0 | AT33: 0 | AU33: 0 | AV33: 0 | AW33: งานพิมพ์ | AX33: / | AY33: 0 | AZ33: 0 | BA33: 0 | BB33: 0 | BC33: WRWT21720/WRWT25800 | BD33: 662.93797
A34: 45646 | B34: MK67-001713 | C34: บจก.เคอรี่ฟลาวมิลล์ | D34: ดอกไม้แดง | E34: 19 | F34: 32 | G34: ขาว | H34: 0 | I34: 67 | J34: + | K34: 5 | L34: บิด | M34: ไม่สวมถุงใน | N34: 0 | O34: 0 | P34: 0 | Q34: 0 | R34: 0 | S34: ห่ออัดเบลแบน500 | T34: 45668 | U34: 5000 | V34: 0 | W34: 5000 | X34: 0 | Y34: 5250 | Z34: WSWT1921720 | AA34: 4679.95 | AB34: 0 | AC34: 4679.95 | AD34: 0 | AE34: 0 | AF34: PDR240412 | AG34: ผ้าขาว | AH34: P7 | AI34: 2 | AJ34: 45668 | AK34: 0 | AL34: 45659 | AM34: 45666 | AN34: 45667 | AO34: 45667 | AP34: 45663 | AQ34: 0 | AR34: 0 | AS34: 0 | AT34: 0 | AU34: 0 | AV34: 0 | AW34: งานพิมพ์ | AX34: / | AY34: 0 | AZ34: 0 | BA34: 0 | BB34: 0 | BC34: WRWT21720/WRWT25800 | BD34: 352.51463
A35: 45646 | B35: MK67-001713 | C35: บจก.เคอรี่ฟลาวมิลล์ | D35: แปดแต้มแดง | E35: 19 | F35: 32 | G35: ขาว | H35: 0 | I35: 67 | J35: + | K35: 5 | L35: บิด | M35: ไม่สวมถุงใน | N35: 0 | O35: 0 | P35: 0 | Q35: 0 | R35: 0 | S35: ห่ออัดเบลแบน500 | T35: 45668 | U35: 5000 | V35: 0 | W35: 5000 | X35: 0 | Y35: 5250 | Z35: WSWT1921720 | AA35: 4679.95 | AB35: 0 | AC35: 4679.95 | AD35: 0 | AE35: 0 | AF35: 0 | AG35: ยังไม่ได้พิมพ์ | AH35: P7 | AI35: 2 | AJ35: 45668 | AK35: 0 | AL35: 45659 | AM35: 45666 | AN35: 45667 | AO35: 45667 | AP35: 45663 | AQ35: 0 | AR35: 0 | AS35: 0 | AT35: 0 | AU35: 0 | AV35: 0 | AW35: งานพิมพ์ | AX35: / | AY35: 0 | AZ35: 0 | BA35: 0 | BB35: 0 | BC35: WRWT21720/WRWT25800 | BD35: 352.51463
A36: 45652 | B36: MK67-001734 | C36: บจก.เคอรี่ฟลาวมิลล์ | D36: ไม่พิมพ์ | E36: 19 | F36: 30 | G36: ขาว | H36: 0 | I36: 63 | J36: + | K36: 5 | L36: ไม่ | M36: ไม่สวมถุงใน | N36: 0 | O36: 0 | P36: 0 | Q36: 0 | R36: 0 | S36: ห่ออัดเบลแบน500 | T36: 45670 | U36: 20000 | V36: 10000 | W36: 10000 | X36: 0 | Y36: 0 | Z36: WSWT1921720 | AA36: 8801.1 | AB36: 0 | AC36: 8801.1 | AD36: 0 | AE36: 0 | AF36: 0 | AG36: ยังไม่ได้พิมพ์ | AH36: P3 | AI36: 1 | AJ36: 45670 | AK36: 0 | AL36: 0 | AM36: 0 | AN36: 0 | AO36: 45669 | AP36: 45665 | AQ36: 0 | AR36: 0 | AS36: 0 | AT36: 0 | AU36: 0 | AV36: 0 | AW36: ตัด | AX36: 0 | AY36: 0 | AZ36: 0 | BA36: 0 | BB36: 0 | BC36: WRWT21720/WRWT25800 | BD36: 662.93797
A37: 45652 | B37: MK67-001735 | C37: บจก.เคอรี่ฟลาวมิลล์ | D37: ไม่พิมพ์ | E37: 19 | F37: 30 | G37: ขาว | H37: 0 | I37: 63 | J37: + | K37: 5 | L37: ไม่ | M37: ไม่สวมถุงใน | N37: 0 | O37: 0 | P37: 0 | Q37: 0 | R37: 0 | S37: ห่ออัดเบลแบน500 | T37: 45670 | U37: 20000 | V37: 0 | W37: 20000 | X37: 0 | Y37: 0 | Z37: WSWT1921720 | AA37: 17602.2 | AB37: 0 | AC37: 17602.2 | AD37: 0 | AE37: 0 | AF37: 0 | AG37: ยังไม่ได้พิมพ์ | AH37: P3 | AI37: 1 | AJ37: 45670 | AK37: 0 | AL37: 0 | AM37: 0 | AN37: 0 | AO37: 45669 | AP37: 45665 | AQ37: 0 | AR37: 0 | AS37: 0 | AT37: 0 | AU37: 0 | AV37: 0 | AW37: ตัด | AX37: 0 | AY37: 0 | AZ37: 0 | BA37: 0 | BB37: 0 | BC37: WRWT21720/WRWT25800 | BD37: 1325.8759
A38: 45649 | B38: MK67-001710 | C38: บจก.เคอรี่ฟลาวมิลล์ | D38: บะหมี่เตี๊ยว | E38: 19 | F38: 30 | G38: ขาว | H38: 0 | I38: 63 | J38: + | K38: 5 | L38: บิด | M38: ไม่สวมถุงใน | N38: 0 | O38: 0 | P38: 0 | Q38: 0 | R38: 0 | S38: ห่ออัดเบลแบน500 | T38: 45671 | U38: 5000 | V38: 0 | W38: 5000 | X38: 0 | Y38: 5250 | Z38: WSWT1921720 | AA38: 4400.55 | AB38: 0 | AC38: 4400.55 | AD38: 0 | AE38: 0 | AF38: 0 | AG38: ยังไม่ได้พิมพ์ | AH38: P7 | AI38: 2 | AJ38: 45671 | AK38: 0 | AL38: 45662 | AM38: 45669 | AN38: 45670 | AO38: 45670 | AP38: 45666 | AQ38: 0 | AR38: 0 | AS38: 0 | AT38: 0 | AU38: 0 | AV38: 0 | AW38: งานพิมพ์ | AX38: / | AY38: 0 | AZ38: 0 | BA38: 0 | BB38: 0 | BC38: WRWT21720/WRWT25800 | BD38: 331.46898
A39: 45649 | B39: MK67-001710 | C39: บจก.เคอรี่ฟลาวมิลล์ | D39: ถุงเขียว | E39: 19 | F39: 30 | G39: ขาว | H39: 0 | I39: 63 | J39: + | K39: 5 | L39: บิด | M39: ไม่สวมถุงใน | N39: 0 | O39: 0 | P39: 0 | Q39: 0 | R39: 0 | S39: ห่ออัดเบลแบน500 | T39: 45671 | U39: 10000 | V39: 0 | W39: 10000 | X39: 0 | Y39: 10500 | Z39: WSWT1921720 | AA39: 8801.1 | AB39: 0 | AC39: 8801.1 | AD39: 0 | AE39: 0 | AF39: 0 | AG39: ยังไม่ได้พิมพ์ | AH39: P7 | AI39: 2 | AJ39: 45671 | AK39: 0 | AL39: 45662 | AM39: 45669 | AN39: 45670 | AO39: 45670 | AP39: 45666 | AQ39: 0 | AR39: 0 | AS39: 0 | AT39: 0 | AU39: 0 | AV39: 0 | AW39: งานพิมพ์ | AX39: / | AY39: 0 | AZ39: 0 | BA39: 0 | BB39: 0 | BC39: WRWT21720/WRWT25800 | BD39: 662.93797
A40: 45649 | B40: MK67-001710 | C40: บจก.เคอรี่ฟลาวมิลล์ | D40: ดอกไม้เขียว | E40: 19 | F40: 30 | G40: ขาว | H40: 0 | I40: 63 | J40: + | K40: 5 | L40: บิด | M40: ไม่สวมถุงใน | N40: 0 | O40: 0 | P40: 0 | Q40: 0 | R40: 0 | S40: ห่ออัดเบลแบน500 | T40: 45671 | U40: 5000 | V40: 0 | W40: 5000 | X40: 0 | Y40: 5250 | Z40: WSWT1921720 | AA40: 4400.55 | AB40: 0 | AC40: 4400.55 | AD40: 0 | AE40: 0 | AF40: 0 | AG40: ยังไม่ได้พิมพ์ | AH40: P7 | AI40: 2 | AJ40: 45671 | AK40: 0 | AL40: 45662 | AM40: 45669 | AN40: 45670 | AO40: 45670 | AP40: 45666 | AQ40: 0 | AR40: 0 | AS40: 0 | AT40: 0 | AU40: 0 | AV40: 0 | AW40: งานพิมพ์ | AX40: / | AY40: 0 | AZ40: 0 | BA40: 0 | BB40: 0 | BC40: WRWT21720/WRWT25800 | BD40: 331.46898
A41: 45649 | B41: MK67-001710 | C41: บจก.เคอรี่ฟลาวมิลล์ | D41: PBKF2-01-03 | E41: 19 | F41: 30 | G41: ขาว | H41: 0 | I41: 63 | J41: + | K41: 5 | L41: บิด | M41: ไม่สวมถุงใน | N41: 0 | O41: 0 | P41: 0 | Q41: 0 | R41: 0 | S41: ห่ออัดเบลแบน500 | T41: 45671 | U41: 5000 | V41: 0 | W41: 5000 | X41: 0 | Y41: 5250 | Z41: WSWT1921720 | AA41: 4400.55 | AB41: 0 | AC41: 4400.55 | AD41: 0 | AE41: 0 | AF41: 0 | AG41: ยังไม่ได้พิมพ์ | AH41: P7 | AI41: 2 | AJ41: 45671 | AK41: 0 | AL41: 45662 | AM41: 45669 | AN41: 45670 | AO41: 45670 | AP41: 45666 | AQ41: 0 | AR41: 0 | AS41: 0 | AT41: 0 | AU41: 0 | AV41: 0 | AW41: งานพิมพ์ | AX41: / | AY41: 0 | AZ41: 0 | BA41: 0 | BB41: 0 | BC41: WRWT21720/WRWT25800 | BD41: 331.46898
A42: 45649 | B42: MK67-001382 | C42: บจก.เคอรี่ฟลาวมิลล์ | D42: ปลาโลมาเทา | E42: 19 | F42: 30 | G42: ขาว | H42: 0 | I42: 63 | J42: + | K42: 5 | L42: บิด | M42: ไม่สวมถุงใน | N42: 0 | O42: 0 | P42: 0 | Q42: 0 | R42: 0 | S42: ห่ออัดเบลแบน500 | T42: 45671 | U42: 5000 | V42: 0 | W42: 5000 | X42: 0 | Y42: 5250 | Z42: WSWT1921720 | AA42: 4400.55 | AB42: 0 | AC42: 4400.55 | AD42: 0 | AE42: 0 | AF42: 0 | AG42: ยังไม่ได้พิมพ์ | AH42: P7 | AI42: 2 | AJ42: 45671 | AK42: 0 | AL42: 45662 | AM42: 45669 | AN42: 45670 | AO42: 45670 | AP42: 45666 | AQ42: 0 | AR42: 0 | AS42: 0 | AT42: 0 | AU42: 0 | AV42: 0 | AW42: งานพิมพ์ | AX42: / | AY42: 0 | AZ42: 0 | BA42: 0 | BB42: 0 | BC42: WRWT21720/WRWT25800 | BD42: 331.46898
A43: 45649 | B43: MK67-001382 | C43: บจก.เคอรี่ฟลาวมิลล์ | D43: แต้มฟ้า | E43: 19 | F43: 30 | G43: ขาว | H43: 0 | I43: 63 | J43: + | K43: 5 | L43: บิด | M43: ไม่สวมถุงใน | N43: 0 | O43: 0 | P43: 0 | Q43: 0 | R43: 0 | S43: ห่ออัดเบลแบน500 | T43: 45671 | U43: 5000 | V43: 0 | W43: 5000 | X43: 0 | Y43: 5250 | Z43: WSWT1921720 | AA43: 4400.55 | AB43: 0 | AC43: 4400.55 | AD43: 0 | AE43: 0 | AF43: 0 | AG43: ยังไม่ได้พิมพ์ | AH43: P7 | AI43: 2 | AJ43: 45671 | AK43: 0 | AL43: 45662 | AM43: 45669 | AN43: 45670 | AO43: 45670 | AP43: 45666 | AQ43: 0 | AR43: 0 | AS43: 0 | AT43: 0 | AU43: 0 | AV43: 0 | AW43: งานพิมพ์ | AX43: / | AY43: 0 | AZ43: 0 | BA43: 0 | BB43: 0 | BC43: WRWT21720/WRWT25800 | BD43: 331.46898
A44: 45649 | B44: MK67-001382 | C44: บจก.เคอรี่ฟลาวมิลล์ | D44: บลูทีมแดง | E44: 19 | F44: 30 | G44: ขาว | H44: 0 | I44: 63 | J44: + | K44: 5 | L44: บิด | M44: ไม่สวมถุงใน | N44: 0 | O44: 0 | P44: 0 | Q44: 0 | R44: 0 | S44: ห่ออัดเบลแบน500 | T44: 45671 | U44: 5000 | V44: 0 | W44: 5000 | X44: 0 | Y44: 5250 | Z44: WSWT1921720 | AA44: 4400.55 | AB44: 0 | AC44: 4400.55 | AD44: 0 | AE44: 0 | AF44: 0 | AG44: ยังไม่ได้พิมพ์ | AH44: P7 | AI44: 2 | AJ44: 45671 | AK44: 0 | AL44: 45662 | AM44: 45669 | AN44: 45670 | AO44: 45670 | AP44: 45666 | AQ44: 0 | AR44: 0 | AS44: 0 | AT44: 0 | AU44: 0 | AV44: 0 | AW44: งานพิมพ์ | AX44: / | AY44: 0 | AZ44: 0 | BA44: 0 | BB44: 0 | BC44: WRWT21720/WRWT25800 | BD44: 331.46898
A45: 45646 | B45: MK67-001714 | C45: บจก.เคอรี่ฟลาวมิลล์ | D45: ดอกไม้เขียว | E45: 19 | F45: 32 | G45: ขาว | H45: 0 | I45: 67 | J45: + | K45: 5 | L45: บิด | M45: ไม่สวมถุงใน | N45: 0 | O45: 0 | P45: 0 | Q45: 0 | R45: 0 | S45: ห่ออัดเบลแบน500 | T45: 45671 | U45: 10000 | V45: 0 | W45: 10000 | X45: 0 | Y45: 10500 | Z45: WSWT1921720 | AA45: 9359.9 | AB45: 0 | AC45: 9359.9 | AD45: 0 | AE45: 0 | AF45: 0 | AG45: ยังไม่ได้พิมพ์ | AH45: P7 | AI45: 2 | AJ45: 45671 | AK45: 0 | AL45: 45662 | AM45: 45669 | AN45: 45670 | AO45: 45670 | AP45: 45666 | AQ45: 0 | AR45: 0 | AS45: 0 | AT45: 0 | AU45: 0 | AV45: 0 | AW45: งานพิมพ์ | AX45: / | AY45: 0 | AZ45: 0 | BA45: 0 | BB45: 0 | BC45: WRWT21720/WRWT25800 | BD45: 705.02927
A46: 45659 | B46: MK68-000001 | C46: บจก.เคอรี่ฟลาวมิลล์ | D46: ดอกไม้แดง | E46: 19 | F46: 32 | G46: ขาว | H46: 0 | I46: 67 | J46: + | K46: 5 | L46: บิด | M46: ไม่สวมถุงใน | N46: 0 | O46: 0 | P46: 0 | Q46: 0 | R46: 0 | S46: ห่ออัดเบลแบน500 | T46: 45672 | U46: 10000 | V46: 0 | W46: 10000 | X46: 0 | Y46: 10500 | Z46: WSWT1921720 | AA46: 9359.9 | AB46: 0 | AC46: 9359.9 | AD46: 0 | AE46: 0 | AF46: 0 | AG46: ยังไม่ได้พิมพ์ | AH46: P7 | AI46: 2 | AJ46: 45672 | AK46: 0 | AL46: 45663 | AM46: 45670 | AN46: 45671 | AO46: 45671 | AP46: 45667 | AQ46: 0 | AR46: 0 | AS46: 0 | AT46: 0 | AU46: 0 | AV46: 0 | AW46: งานพิมพ์ | AX46: 0 | AY46: 0 | AZ46: 0 | BA46: 0 | BB46: 0 | BC46: WRWT21720/WRWT25800 | BD46: 705.02927
A47: 45649 | B47: MK67-001710 | C47: บจก.เคอรี่ฟลาวมิลล์ | D47: ปาท่องโก๋ | E47: 19 | F47: 30 | G47: ขาว | H47: 0 | I47: 63 | J47: + | K47: 5 | L47: บิด | M47: ไม่สวมถุงใน | N47: 0 | O47: 0 | P47: 0 | Q47: 0 | R47: 0 | S47: ห่ออัดเบลแบน500 | T47: 45673 | U47: 3000 | V47: 0 | W47: 3000 | X47: 0 | Y47: 3150 | Z47: WSWT1921720 | AA47: 2640.33 | AB47: 0 | AC47: 2640.33 | AD47: 0 | AE47: 0 | AF47: 0 | AG47: ผ้าขาว | AH47: P7 | AI47: 2 | AJ47: 45673 | AK47: 0 | AL47: 45664 | AM47: 45671 | AN47: 45672 | AO47: 45672 | AP47: 45668 | AQ47: 0 | AR47: 0 | AS47: 0 | AT47: 0 | AU47: 0 | AV47: 0 | AW47: งานพิมพ์ | AX47: / | AY47: 0 | AZ47: 0 | BA47: 0 | BB47: 0 | BC47: WRWT21720/WRWT25800 | BD47: 198.88139
A48: 45649 | B48: MK67-001710 | C48: บจก.เคอรี่ฟลาวมิลล์ | D48: กุ้งแดง | E48: 19 | F48: 30 | G48: ขาว | H48: 0 | I48: 63 | J48: + | K48: 5 | L48: บิด | M48: ไม่สวมถุงใน | N48: 0 | O48: 0 | P48: 0 | Q48: 0 | R48: 0 | S48: ห่ออัดเบลแบน500 | T48: 45673 | U48: 5000 | V48: 0 | W48: 5000 | X48: 0 | Y48: 5250 | Z48: WSWT1921720 | AA48: 4400.55 | AB48: 0 | AC48: 4400.55 | AD48: 0 | AE48: 0 | AF48: 0 | AG48: ยังไม่ได้พิมพ์ | AH48: P7 | AI48: 2 | AJ48: 45673 | AK48: 0 | AL48: 45664 | AM48: 45671 | AN48: 45672 | AO48: 45672 | AP48: 45668 | AQ48: 0 | AR48: 0 | AS48: 0 | AT48: 0 | AU48: 0 | AV48: 0 | AW48: งานพิมพ์ | AX48: / | AY48: 0 | AZ48: 0 | BA48: 0 | BB48: 0 | BC48: WRWT21720/WRWT25800 | BD48: 331.46898
A49: 45649 | B49: MK67-001710 | C49: บจก.เคอรี่ฟลาวมิลล์ | D49: 997 | E49: 19 | F49: 30 | G49: ขาว | H49: 0 | I49: 63 | J49: + | K49: 5 | L49: ไม่ | M49: ไม่สวมถุงใน | N49: 0 | O49: 0 | P49: 0 | Q49: 0 | R49: 0 | S49: ห่ออัดเบลแบน500 | T49: 45673 | U49: 5000 | V49: 0 | W49: 5000 | X49: 0 | Y49: 5250 | Z49: WSWT1921720 | AA49: 4400.55 | AB49: 0 | AC49: 4400.55 | AD49: 0 | AE49: 0 | AF49: 0 | AG49: ยังไม่ได้พิมพ์ | AH49: P7 | AI49: 2 | AJ49: 45673 | AK49: 0 | AL49: 45664 | AM49: 45671 | AN49: 45672 | AO49: 45672 | AP49: 45668 | AQ49: 0 | AR49: 0 | AS49: 0 | AT49: 0 | AU49: 0 | AV49: 0 | AW49: งานพิมพ์ | AX49: / | AY49: 0 | AZ49: 0 | BA49: 0 | BB49: 0 | BC49: WRWT21720/WRWT25800 | BD49: 331.46898
A50: 45646 | B50: MK67-001715 | C50: บจก.เคอรี่ฟลาวมิลล์ | D50: ไม่พิมพ์ | E50: 19 | F50: 36 | G50: ขาว | H50: 0 | I50: 75 | J50: + | K50: 5 | L50: ไม่ | M50: ไม่สวมถุงใน | N50: 0 | O50: 0 | P50: 0 | Q50: 0 | R50: 0 | S50: ห่ออัดเบลแบน500 | T50: 45673 | U50: 5000 | V50: 0 | W50: 5000 | X50: 0 | Y50: 0 | Z50: WSWT1921720 | AA50: 5238.75 | AB50: 0 | AC50: 5238.75 | AD50: 0 | AE50: 0 | AF50: 0 | AG50: ยังไม่ได้พิมพ์ | AH50: P3 | AI50: 1 | AJ50: 45673 | AK50: 0 | AL50: 0 | AM50: 0 | AN50: 0 | AO50: 45672 | AP50: 45668 | AQ50: 0 | AR50: 0 | AS50: 0 | AT50: 0 | AU50: 0 | AV50: 0 | AW50: ตัด | AX50: 0 | AY50: 0 | AZ50: 0 | BA50: 0 | BB50: 0 | BC50: WRWT21720/WRWT25800 | BD50: 394.60593
A51: 45649 | B51: MK67-001382 | C51: บจก.เคอรี่ฟลาวมิลล์ | D51: บะหมี่เตี๊ยว | E51: 19 | F51: 30 | G51: ขาว | H51: 0 | I51: 63 | J51: + | K51: 5 | L51: บิด | M51: ไม่สวมถุงใน | N51: 0 | O51: 0 | P51: 0 | Q51: 0 | R51: 0 | S51: ห่ออัดเบลแบน500 | T51: 45674 | U51: 5000 | V51: 0 | W51: 5000 | X51: 0 | Y51: 5250 | Z51: WSWT1921720 | AA51: 4400.55 | AB51: 0 | AC51: 4400.55 | AD51: 0 | AE51: 0 | AF51: 0 | AG51: ยังไม่ได้พิมพ์ | AH51: P7 | AI51: 2 | AJ51: 45674 | AK51: 0 | AL51: 45665 | AM51: 45672 | AN51: 45673 | AO51: 45673 | AP51: 45669 | AQ51: 0 | AR51: 0 | AS51: 0 | AT51: 0 | AU51: 0 | AV51: 0 | AW51: งานพิมพ์ | AX51: / | AY51: 0 | AZ51: 0 | BA51: 0 | BB51: 0 | BC51: WRWT21720/WRWT25800 | BD51: 331.46898
A52: 45649 | B52: MK67-001382 | C52: บจก.เคอรี่ฟลาวมิลล์ | D52: กุ้งแดง | E52: 19 | F52: 30 | G52: ขาว | H52: 0 | I52: 63 | J52: + | K52: 5 | L52: บิด | M52: ไม่สวมถุงใน | N52: 0 | O52: 0 | P52: 0 | Q52: 0 | R52: 0 | S52: ห่ออัดเบลแบน500 | T52: 45674 | U52: 10000 | V52: 0 | W52: 10000 | X52: 0 | Y52: 10500 | Z52: WSWT1921720 | AA52: 8801.1 | AB52: 0 | AC52: 8801.1 | AD52: 0 | AE52: 0 | AF52: 0 | AG52: ยังไม่ได้พิมพ์ | AH52: P7 | AI52: 2 | AJ52: 45674 | AK52: 0 | AL52: 45665 | AM52: 45672 | AN52: 45673 | AO52: 45673 | AP52: 45669 | AQ52: 0 | AR52: 0 | AS52: 0 | AT52: 0 | AU52: 0 | AV52: 0 | AW52: งานพิมพ์ | AX52: / | AY52: 0 | AZ52: 0 | BA52: 0 | BB52: 0 | BC52: WRWT21720/WRWT25800 | BD52: 662.93797
A53: 45649 | B53: MK67-001382 | C53: บจก.เคอรี่ฟลาวมิลล์ | D53: ถุงทองแซนวิช | E53: 19 | F53: 30 | G53: ขาว | H53: 0 | I53: 63 | J53: + | K53: 5 | L53: บิด | M53: ไม่สวมถุงใน | N53: 0 | O53: 0 | P53: 0 | Q53: 0 | R53: 0 | S53: ห่ออัดเบลแบน500 | T53: 45674 | U53: 10000 | V53: 0 | W53: 10000 | X53: 0 | Y53: 10500 | Z53: WSWT1921720 | AA53: 8801.1 | AB53: 0 | AC53: 8801.1 | AD53: 0 | AE53: 0 | AF53: 0 | AG53: ยังไม่ได้พิมพ์ | AH53: P7 | AI53: 2 | AJ53: 45674 | AK53: 0 | AL53: 45665 | AM53: 45672 | AN53: 45673 | AO53: 45673 | AP53: 45669 | AQ53: 0 | AR53: 0 | AS53: 0 | AT53: 0 | AU53: 0 | AV53: 0 | AW53: งานพิมพ์ | AX53: / | AY53: 0 | AZ53: 0 | BA53: 0 | BB53: 0 | BC53: WRWT21720/WRWT25800 | BD53: 662.93797
A54: 45649 | B54: MK67-001710 | C54: บจก.เคอรี่ฟลาวมิลล์ | D54: ถุงทองแซนวิช | E54: 19 | F54: 30 | G54: ขาว | H54: 0 | I54: 63 | J54: + | K54: 5 | L54: บิด | M54: ไม่สวมถุงใน | N54: 0 | O54: 0 | P54: 0 | Q54: 0 | R54: 0 | S54: ห่ออัดเบลแบน500 | T54: 45675 | U54: 10000 | V54: 0 | W54: 10000 | X54: 0 | Y54: 10500 | Z54: WSWT1921720 | AA54: 8801.1 | AB54: 0 | AC54: 8801.1 | AD54: 0 | AE54: 0 | AF54: 0 | AG54: ยังไม่ได้พิมพ์ | AH54: P7 | AI54: 2 | AJ54: 45675 | AK54: 0 | AL54: 45666 | AM54: 45673 | AN54: 45674 | AO54: 45674 | AP54: 45670 | AQ54: 0 | AR54: 0 | AS54: 0 | AT54: 0 | AU54: 0 | AV54: 0 | AW54: งานพิมพ์ | AX54: / | AY54: 0 | AZ54: 0 | BA54: 0 | BB54: 0 | BC54: WRWT21720/WRWT25800 | BD54: 662.93797
A55: 45649 | B55: MK67-001710 | C55: บจก.เคอรี่ฟลาวมิลล์ | D55: บลูทีมแดง | E55: 19 | F55: 30 | G55: ขาว | H55: 0 | I55: 63 | J55: + | K55: 5 | L55: บิด | M55: ไม่สวมถุงใน | N55: 0 | O55: 0 | P55: 0 | Q55: 0 | R55: 0 | S55: ห่ออัดเบลแบน500 | T55: 45675 | U55: 5000 | V55: 0 | W55: 5000 | X55: 0 | Y55: 5250 | Z55: WSWT1921720 | AA55: 4400.55 | AB55: 0 | AC55: 4400.55 | AD55: 0 | AE55: 0 | AF55: 0 | AG55: ยังไม่ได้พิมพ์ | AH55: P7 | AI55: 2 | AJ55: 45675 | AK55: 0 | AL55: 45666 | AM55: 45673 | AN55: 45674 | AO55: 45674 | AP55: 45670 | AQ55: 0 | AR55: 0 | AS55: 0 | AT55: 0 | AU55: 0 | AV55: 0 | AW55: งานพิมพ์ | AX55: / | AY55: 0 | AZ55: 0 | BA55: 0 | BB55: 0 | BC55: WRWT21720/WRWT25800 | BD55: 331.46898
A56: 45661 | B56: MK68-000015 | C56: บจก.เคอรี่ฟลาวมิลล์ | D56: ดอกไม้แดง | E56: 19 | F56: 32 | G56: ขาว | H56: 0 | I56: 67 | J56: + | K56: 5 | L56: บิด | M56: ไม่สวมถุงใน | N56: 0 | O56: 0 | P56: 0 | Q56: 0 | R56: 0 | S56: ห่ออัดเบลแบน500 | T56: 45675 | U56: 5000 | V56: 0 | W56: 5000 | X56: 0 | Y56: 5250 | Z56: WSWT1921720 | AA56: 4679.95 | AB56: 0 | AC56: 4679.95 | AD56: 0 | AE56: 0 | AF56: PDR250003 | AG56: ยังไม่ได้พิมพ์ | AH56: P7 | AI56: 2 | AJ56: 45675 | AK56: 0 | AL56: 45666 | AM56: 45673 | AN56: 45674 | AO56: 45674 | AP56: 45670 | AQ56: 0 | AR56: 0 | AS56: 0 | AT56: 0 | AU56: 0 | AV56: 0 | AW56: งานพิมพ์ | AX56: 0 | AY56: 0 | AZ56: 0 | BA56: 0 | BB56: 0 | BC56: WRWT21720/WRWT25800 | BD56: 352.51463
A57: 45661 | B57: MK67-001382 | C57: บจก.เคอรี่ฟลาวมิลล์ | D57: ถุงทองแซนวิช | E57: 19 | F57: 30 | G57: ขาว | H57: 0 | I57: 63 | J57: + | K57: 5 | L57: บิด | M57: ไม่สวมถุงใน | N57: 0 | O57: 0 | P57: 0 | Q57: 0 | R57: 0 | S57: ห่ออัดเบลแบน500 | T57: 45675 | U57: 10000 | V57: 0 | W57: 10000 | X57: 0 | Y57: 10500 | Z57: WSWT1921720 | AA57: 8801.1 | AB57: 0 | AC57: 8801.1 | AD57: 0 | AE57: 0 | AF57: PDR250003 | AG57: ยังไม่ได้พิมพ์ | AH57: P7 | AI57: 2 | AJ57: 45675 | AK57: 0 | AL57: 45666 | AM57: 45673 | AN57: 45674 | AO57: 45674 | AP57: 45670 | AQ57: 0 | AR57: 0 | AS57: 0 | AT57: 0 | AU57: 0 | AV57: 0 | AW57: งานพิมพ์ | AX57: 0 | AY57: 0 | AZ57: 0 | BA57: 0 | BB57: 0 | BC57: WRWT21720/WRWT25800 | BD57: 662.93797
A58: 45661 | B58: MK67-001382 | C58: บจก.เคอรี่ฟลาวมิลล์ | D58: ถุงเขียว | E58: 19 | F58: 30 | G58: ขาว | H58: 0 | I58: 63 | J58: + | K58: 5 | L58: บิด | M58: ไม่สวมถุงใน | N58: 0 | O58: 0 | P58: 0 | Q58: 0 | R58: 0 | S58: ห่ออัดเบลแบน500 | T58: 45675 | U58: 10000 | V58: 0 | W58: 10000 | X58: 0 | Y58: 10500 | Z58: WSWT1921720 | AA58: 8801.1 | AB58: 0 | AC58: 8801.1 | AD58: 0 | AE58: 0 | AF58: PDR250003 | AG58: ยังไม่ได้พิมพ์ | AH58: P7 | AI58: 2 | AJ58: 45675 | AK58: 0 | AL58: 45666 | AM58: 45673 | AN58: 45674 | AO58: 45674 | AP58: 45670 | AQ58: 0 | AR58: 0 | AS58: 0 | AT58: 0 | AU58: 0 | AV58: 0 | AW58: งานพิมพ์ | AX58: 0 | AY58: 0 | AZ58: 0 | BA58: 0 | BB58: 0 | BC58: WRWT21720/WRWT25800 | BD58: 662.93797
A59: 45649 | B59: MK67-001710 | C59: บจก.เคอรี่ฟลาวมิลล์ | D59: ปลาโลมาเทา | E59: 19 | F59: 30 | G59: ขาว | H59: 0 | I59: 63 | J59: + | K59: 5 | L59: บิด | M59: ไม่สวมถุงใน | N59: 0 | O59: 0 | P59: 0 | Q59: 0 | R59: 0 | S59: ห่ออัดเบลแบน500 | T59: 45678 | U59: 5000 | V59: 0 | W59: 5000 | X59: 0 | Y59: 5250 | Z59: WSWT1921720 | AA59: 4400.55 | AB59: 0 | AC59: 4400.55 | AD59: 0 | AE59: 0 | AF59: 0 | AG59: ยังไม่ได้พิมพ์ | AH59: P7 | AI59: 2 | AJ59: 45678 | AK59: 0 | AL59: 45669 | AM59: 45676 | AN59: 45677 | AO59: 45677 | AP59: 45673 | AQ59: 0 | AR59: 0 | AS59: 0 | AT59: 0 | AU59: 0 | AV59: 0 | AW59: งานพิมพ์ | AX59: / | AY59: 0 | AZ59: 0 | BA59: 0 | BB59: 0 | BC59: WRWT21720/WRWT25800 | BD59: 331.46898
A60: 45649 | B60: MK67-001710 | C60: บจก.เคอรี่ฟลาวมิลล์ | D60: แต้มแดง | E60: 19 | F60: 30 | G60: ขาว | H60: 0 | I60: 63 | J60: + | K60: 5 | L60: บิด | M60: ไม่สวมถุงใน | N60: 0 | O60: 0 | P60: 0 | Q60: 0 | R60: 0 | S60: ห่ออัดเบลแบน500 | T60: 45678 | U60: 5000 | V60: 0 | W60: 5000 | X60: 0 | Y60: 5250 | Z60: WSWT1921720 | AA60: 4400.55 | AB60: 0 | AC60: 4400.55 | AD60: 0 | AE60: 0 | AF60: 0 | AG60: ยังไม่ได้พิมพ์ | AH60: P7 | AI60: 2 | AJ60: 45678 | AK60: 0 | AL60: 45669 | AM60: 45676 | AN60: 45677 | AO60: 45677 | AP60: 45673 | AQ60: 0 | AR60: 0 | AS60: 0 | AT60: 0 | AU60: 0 | AV60: 0 | AW60: งานพิมพ์ | AX60: / | AY60: 0 | AZ60: 0 | BA60: 0 | BB60: 0 | BC60: WRWT21720/WRWT25800 | BD60: 331.46898
A61: 45649 | B61: MK67-001710 | C61: บจก.เคอรี่ฟลาวมิลล์ | D61: FW-Y | E61: 19 | F61: 30 | G61: ขาว | H61: 0 | I61: 63 | J61: + | K61: 5 | L61: ไม่ | M61: ไม่สวมถุงใน | N61: 0 | O61: 0 | P61: 0 | Q61: 0 | R61: 0 | S61: ห่ออัดเบลแบน500 | T61: 45678 | U61: 5000 | V61: 0 | W61: 5000 | X61: 0 | Y61: 5250 | Z61: WSWT1921720 | AA61: 4400.55 | AB61: 0 | AC61: 4400.55 | AD61: 0 | AE61: 0 | AF61: 0 | AG61: ผ้าขาว | AH61: P7 | AI61: 2 | AJ61: 45678 | AK61: 0 | AL61: 45669 | AM61: 45676 | AN61: 45677 | AO61: 45677 | AP61: 45673 | AQ61: 0 | AR61: 0 | AS61: 0 | AT61: 0 | AU61: 0 | AV61: 0 | AW61: งานพิมพ์ | AX61: / | AY61: 0 | AZ61: 0 | BA61: 0 | BB61: 0 | BC61: WRWT21720/WRWT25800 | BD61: 331.46898
A62: 45649 | B62: MK67-001710 | C62: บจก.เคอรี่ฟลาวมิลล์ | D62: โบว์แดง | E62: 19 | F62: 30 | G62: ขาว | H62: 0 | I62: 63 | J62: + | K62: 5 | L62: บิด | M62: ไม่สวมถุงใน | N62: 0 | O62: 0 | P62: 0 | Q62: 0 | R62: 0 | S62: ห่ออัดเบลแบน500 | T62: 45678 | U62: 5000 | V62: 0 | W62: 5000 | X62: 0 | Y62: 5250 | Z62: WSWT1921720 | AA62: 4400.55 | AB62: 0 | AC62: 4400.55 | AD62: 0 | AE62: 0 | AF62: 0 | AG62: ยังไม่ได้พิมพ์ | AH62: P7 | AI62: 2 | AJ62: 45678 | AK62: 0 | AL62: 45669 | AM62: 45676 | AN62: 45677 | AO62: 45677 | AP62: 45673 | AQ62: 0 | AR62: 0 | AS62: 0 | AT62: 0 | AU62: 0 | AV62: 0 | AW62: งานพิมพ์ | AX62: / | AY62: 0 | AZ62: 0 | BA62: 0 | BB62: 0 | BC62: WRWT21720/WRWT25800 | BD62: 331.46898
A63: 45649 | B63: MK67-001710 | C63: บจก.เคอรี่ฟลาวมิลล์ | D63: 8S | E63: 19 | F63: 30 | G63: ขาว | H63: 0 | I63: 63 | J63: + | K63: 5 | L63: ไม่ | M63: ไม่สวมถุงใน | N63: 0 | O63: 0 | P63: 0 | Q63: 0 | R63: 0 | S63: ห่ออัดเบลแบน500 | T63: 45678 | U63: 5000 | V63: 0 | W63: 5000 | X63: 0 | Y63: 5250 | Z63: WSWT1921720 | AA63: 4400.55 | AB63: 0 | AC63: 4400.55 | AD63: 0 | AE63: 0 | AF63: 0 | AG63: ยังไม่ได้พิมพ์ | AH63: P7 | AI63: 2 | AJ63: 45678 | AK63: 0 | AL63: 45669 | AM63: 45676 | AN63: 45677 | AO63: 45677 | AP63: 45673 | AQ63: 0 | AR63: 0 | AS63: 0 | AT63: 0 | AU63: 0 | AV63: 0 | AW63: งานพิมพ์ | AX63: / | AY63: 0 | AZ63: 0 | BA63: 0 | BB63: 0 | BC63: WRWT21720/WRWT25800 | BD63: 331.46898
A64: 45652 | B64: MK67-001735 | C64: บจก.เคอรี่ฟลาวมิลล์ | D64: ไม่พิมพ์ | E64: 19 | F64: 30 | G64: ขาว | H64: 0 | I64: 63 | J64: + | K64: 5 | L64: ไม่ | M64: ไม่สวมถุงใน | N64: 0 | O64: 0 | P64: 0 | Q64: 0 | R64: 0 | S64: ห่ออัดเบลแบน500 | T64: 45679 | U64: 20000 | V64: 0 | W64: 20000 | X64: 0 | Y64: 0 | Z64: WSWT1921720 | AA64: 17602.2 | AB64: 0 | AC64: 17602.2 | AD64: 0 | AE64: 0 | AF64: 0 | AG64: ยังไม่ได้พิมพ์ | AH64: P3 | AI64: 1 | AJ64: 45679 | AK64: 0 | AL64: 0 | AM64: 0 | AN64: 0 | AO64: 45678 | AP64: 45674 | AQ64: 0 | AR64: 0 | AS64: 0 | AT64: 0 | AU64: 0 | AV64: 0 | AW64: ตัด | AX64: 0 | AY64: 0 | AZ64: 0 | BA64: 0 | BB64: 0 | BC64: WRWT21720/WRWT25800 | BD64: 1325.8759
A65: 45661 | B65: MK67-001710 | C65: บจก.เคอรี่ฟลาวมิลล์ | D65: ดอกไม้แดง | E65: 19 | F65: 30 | G65: ขาว | H65: 0 | I65: 63 | J65: + | K65: 5 | L65: บิด | M65: ไม่สวมถุงใน | N65: 0 | O65: 0 | P65: 0 | Q65: 0 | R65: 0 | S65: ห่ออัดเบลแบน500 | T65: 45682 | U65: 10000 | V65: 0 | W65: 10000 | X65: 0 | Y65: 10500 | Z65: WSWT1921720 | AA65: 8801.1 | AB65: 0 | AC65: 8801.1 | AD65: 0 | AE65: 0 | AF65: PDR250002 | AG65: ยังไม่ได้พิมพ์ | AH65: P7 | AI65: 2 | AJ65: 45682 | AK65: 0 | AL65: 45673 | AM65: 45680 | AN65: 45681 | AO65: 45681 | AP65: 45677 | AQ65: 0 | AR65: 0 | AS65: 0 | AT65: 0 | AU65: 0 | AV65: 0 | AW65: งานพิมพ์ | AX65: 0 | AY65: 0 | AZ65: 0 | BA65: 0 | BB65: 0 | BC65: WRWT21720/WRWT25800 | BD65: 662.93797
A66: 45663 | B66: MK67-001710 | C66: บจก.เคอรี่ฟลาวมิลล์ | D66: ถุงเขียว | E66: 19 | F66: 30 | G66: ขาว | H66: 0 | I66: 63 | J66: + | K66: 5 | L66: ไม่ | M66: ไม่สวมถุงใน | N66: 0 | O66: 0 | P66: 0 | Q66: 0 | R66: 0 | S66: ห่ออัดเบลแบน500 | T66: 45680 | U66: 10000 | V66: 0 | W66: 10000 | X66: 0 | Y66: 10500 | Z66: WSWT1921720 | AA66: 8801.1 | AB66: 0 | AC66: 8801.1 | AD66: 0 | AE66: 0 | AF66: PDR250004 | AG66: ยังไม่ได้พิมพ์ | AH66: P7 | AI66: 2 | AJ66: 45680 | AK66: 0 | AL66: 45671 | AM66: 45678 | AN66: 45679 | AO66: 45679 | AP66: 45675 | AQ66: 0 | AR66: 0 | AS66: 0 | AT66: 0 | AU66: 0 | AV66: 0 | AW66: งานพิมพ์ | AX66: รอART | AY66: 0 | AZ66: 0 | BA66: 0 | BB66: 0 | BC66: WRWT21720/WRWT25800 | BD66: 662.93797
A67: 45663 | B67: MK67-001710 | C67: บจก.เคอรี่ฟลาวมิลล์ | D67: ถุงทองแซนวิช | E67: 19 | F67: 30 | G67: ขาว | H67: 0 | I67: 63 | J67: + | K67: 5 | L67: ไม่ | M67: ไม่สวมถุงใน | N67: 0 | O67: 0 | P67: 0 | Q67: 0 | R67: 0 | S67: ห่ออัดเบลแบน500 | T67: 45680 | U67: 10000 | V67: 0 | W67: 10000 | X67: 0 | Y67: 10500 | Z67: WSWT1921720 | AA67: 8801.1 | AB67: 0 | AC67: 8801.1 | AD67: 0 | AE67: 0 | AF67: PDR250004 | AG67: ยังไม่ได้พิมพ์ | AH67: P7 | AI67: 2 | AJ67: 45680 | AK67: 0 | AL67: 45671 | AM67: 45678 | AN67: 45679 | AO67: 45679 | AP67: 45675 | AQ67: 0 | AR67: 0 | AS67: 0 | AT67: 0 | AU67: 0 | AV67: 0 | AW67: งานพิมพ์ | AX67: รอART | AY67: 0 | AZ67: 0 | BA67: 0 | BB67: 0 | BC67: WRWT21720/WRWT25800 | BD67: 662.93797
A68: 45663 | B68: MK67-001710 | C68: บจก.เคอรี่ฟลาวมิลล์ | D68: ดอกไม้เขียว | E68: 19 | F68: 30 | G68: ขาว | H68: 0 | I68: 63 | J68: + | K68: 5 | L68: ไม่ | M68: ไม่สวมถุงใน | N68: 0 | O68: 0 | P68: 0 | Q68: 0 | R68: 0 | S68: ห่ออัดเบลแบน500 | T68: 45680 | U68: 5000 | V68: 0 | W68: 5000 | X68: 0 | Y68: 5250 | Z68: WSWT1921720 | AA68: 4400.55 | AB68: 0 | AC68: 4400.55 | AD68: 0 | AE68: 0 | AF68: PDR250004 | AG68: ยังไม่ได้พิมพ์ | AH68: P7 | AI68: 2 | AJ68: 45680 | AK68: 0 | AL68: 45671 | AM68: 45678 | AN68: 45679 | AO68: 45679 | AP68: 45675 | AQ68: 0 | AR68: 0 | AS68: 0 | AT68: 0 | AU68: 0 | AV68: 0 | AW68: งานพิมพ์ | AX68: รอART | AY68: 0 | AZ68: 0 | BA68: 0 | BB68: 0 | BC68: WRWT21720/WRWT25800 | BD68: 331.46898
A69: 45663 | B69: MK67-001710 | C69: บจก.เคอรี่ฟลาวมิลล์ | D69: FW-Y | E69: 19 | F69: 30 | G69: ขาว | H69: 0 | I69: 63 | J69: + | K69: 5 | L69: ไม่ | M69: ไม่สวมถุงใน | N69: 0 | O69: 0 | P69: 0 | Q69: 0 | R69: 0 | S69: ห่ออัดเบลแบน500 | T69: 45682 | U69: 5000 | V69: 0 | W69: 5000 | X69: 0 | Y69: 5250 | Z69: WSWT1921720 | AA69: 4400.55 | AB69: 0 | AC69: 4400.55 | AD69: 0 | AE69: 0 | AF69: PDR250006 | AG69: ยังไม่ได้พิมพ์ | AH69: P7 | AI69: 2 | AJ69: 45682 | AK69: 0 | AL69: 45673 | AM69: 45680 | AN69: 45681 | AO69: 45681 | AP69: 45677 | AQ69: 0 | AR69: 0 | AS69: 0 | AT69: 0 | AU69: 0 | AV69: 0 | AW69: งานพิมพ์ | AX69: รอART | AY69: 0 | AZ69: 0 | BA69: 0 | BB69: 0 | BC69: WRWT21720/WRWT25800 | BD69: 331.46898
A70: 45663 | B70: MK67-001710 | C70: บจก.เคอรี่ฟลาวมิลล์ | D70: โบว์น้ำเงิน | E70: 19 | F70: 30 | G70: ขาว | H70: 0 | I70: 63 | J70: + | K70: 5 | L70: ไม่ | M70: ไม่สวมถุงใน | N70: 0 | O70: 0 | P70: 0 | Q70: 0 | R70: 0 | S70: ห่ออัดเบลแบน500 | T70: 45682 | U70: 5000 | V70: 0 | W70: 5000 | X70: 0 | Y70: 5250 | Z70: WSWT1921720 | AA70: 4400.55 | AB70: 0 | AC70: 4400.55 | AD70: 0 | AE70: 0 | AF70: PDR250006 | AG70: ยังไม่ได้พิมพ์ | AH70: P7 | AI70: 2 | AJ70: 45682 | AK70: 0 | AL70: 45673 | AM70: 45680 | AN70: 45681 | AO70: 45681 | AP70: 45677 | AQ70: 0 | AR70: 0 | AS70: 0 | AT70: 0 | AU70: 0 | AV70: 0 | AW70: งานพิมพ์ | AX70: รอART | AY70: 0 | AZ70: 0 | BA70: 0 | BB70: 0 | BC70: WRWT21720/WRWT25800 | BD70: 331.46898
A71: 45663 | B71: MK67-001710 | C71: บจก.เคอรี่ฟลาวมิลล์ | D71: 997 | E71: 19 | F71: 30 | G71: ขาว | H71: 0 | I71: 63 | J71: + | K71: 5 | L71: ไม่ | M71: ไม่สวมถุงใน | N71: 0 | O71: 0 | P71: 0 | Q71: 0 | R71: 0 | S71: ห่ออัดเบลแบน500 | T71: 45682 | U71: 5000 | V71: 0 | W71: 5000 | X71: 0 | Y71: 5250 | Z71: WSWT1921720 | AA71: 4400.55 | AB71: 0 | AC71: 4400.55 | AD71: 0 | AE71: 0 | AF71: PDR250006 | AG71: ยังไม่ได้พิมพ์ | AH71: P7 | AI71: 2 | AJ71: 45682 | AK71: 0 | AL71: 45673 | AM71: 45680 | AN71: 45681 | AO71: 45681 | AP71: 45677 | AQ71: 0 | AR71: 0 | AS71: 0 | AT71: 0 | AU71: 0 | AV71: 0 | AW71: งานพิมพ์ | AX71: รอART | AY71: 0 | AZ71: 0 | BA71: 0 | BB71: 0 | BC71: WRWT21720/WRWT25800 | BD71: 331.46898
A72: 45663 | B72: MK67-001710 | C72: บจก.เคอรี่ฟลาวมิลล์ | D72: ดอกไม้เขียว | E72: 19 | F72: 30 | G72: ขาว | H72: 0 | I72: 63 | J72: + | K72: 5 | L72: ไม่ | M72: ไม่สวมถุงใน | N72: 0 | O72: 0 | P72: 0 | Q72: 0 | R72: 0 | S72: ห่ออัดเบลแบน500 | T72: 45685 | U72: 5000 | V72: 0 | W72: 5000 | X72: 0 | Y72: 5250 | Z72: WSWT1921720 | AA72: 4400.55 | AB72: 0 | AC72: 4400.55 | AD72: 0 | AE72: 0 | AF72: PDR250007 | AG72: ผ้าขาว | AH72: P7 | AI72: 2 | AJ72: 45685 | AK72: 0 | AL72: 45676 | AM72: 45683 | AN72: 45684 | AO72: 45684 | AP72: 45680 | AQ72: 0 | AR72: 0 | AS72: 0 | AT72: 0 | AU72: 0 | AV72: 0 | AW72: งานพิมพ์ | AX72: รอART | AY72: 0 | AZ72: 0 | BA72: 0 | BB72: 0 | BC72: WRWT21720/WRWT25800 | BD72: 331.46898
A73: 45663 | B73: MK67-001710 | C73: บจก.เคอรี่ฟลาวมิลล์ | D73: โบว์แดง | E73: 19 | F73: 30 | G73: ขาว | H73: 0 | I73: 63 | J73: + | K73: 5 | L73: ไม่ | M73: ไม่สวมถุงใน | N73: 0 | O73: 0 | P73: 0 | Q73: 0 | R73: 0 | S73: ห่ออัดเบลแบน500 | T73: 45685 | U73: 5000 | V73: 0 | W73: 5000 | X73: 0 | Y73: 5250 | Z73: WSWT1921720 | AA73: 4400.55 | AB73: 0 | AC73: 4400.55 | AD73: 0 | AE73: 0 | AF73: PDR250007 | AG73: รอแบบ | AH73: P7 | AI73: 2 | AJ73: 45685 | AK73: 0 | AL73: 45676 | AM73: 45683 | AN73: 45684 | AO73: 45684 | AP73: 45680 | AQ73: 0 | AR73: 0 | AS73: 0 | AT73: 0 | AU73: 0 | AV73: 0 | AW73: งานพิมพ์ | AX73: รอART | AY73: 0 | AZ73: 0 | BA73: 0 | BB73: 0 | BC73: WRWT21720/WRWT25800 | BD73: 331.46898
A74: 45663 | B74: MK67-001710 | C74: บจก.เคอรี่ฟลาวมิลล์ | D74: กุ้งแดง | E74: 19 | F74: 30 | G74: ขาว | H74: 0 | I74: 63 | J74: + | K74: 5 | L74: ไม่ | M74: ไม่สวมถุงใน | N74: 0 | O74: 0 | P74: 0 | Q74: 0 | R74: 0 | S74: ห่ออัดเบลแบน500 | T74: 45685 | U74: 10000 | V74: 0 | W74: 10000 | X74: 0 | Y74: 10500 | Z74: WSWT1921720 | AA74: 8801.1 | AB74: 0 | AC74: 8801.1 | AD74: 0 | AE74: 0 | AF74: PDR250007 | AG74: พร้อมส่ง | AH74: P7 | AI74: 2 | AJ74: 45685 | AK74: 0 | AL74: 45676 | AM74: 45683 | AN74: 45684 | AO74: 45684 | AP74: 45680 | AQ74: 0 | AR74: 0 | AS74: 0 | AT74: 0 | AU74: 0 | AV74: 0 | AW74: งานพิมพ์ | AX74: รอART | AY74: 0 | AZ74: 0 | BA74: 0 | BB74: 0 | BC74: WRWT21720/WRWT25800 | BD74: 662.93797
A75: 45663 | B75: MK68-000022 | C75: บจก.เคอรี่ฟลาวมิลล์ | D75: ไม่พิมพ์ | E75: 19 | F75: 36 | G75: ขาว | H75: 0 | I75: 75 | J75: + | K75: 5 | L75: ไม่ | M75: ไม่สวมถุงใน | N75: 0 | O75: 0 | P75: 0 | Q75: 0 | R75: 0 | S75: ห่ออัดเบลแบน500 | T75: 45685 | U75: 5000 | V75: 0 | W75: 5000 | X75: 0 | Y75: 0 | Z75: WSWT1921720 | AA75: 5238.75 | AB75: 0 | AC75: 5238.75 | AD75: 0 | AE75: 0 | AF75: PDR250007 | AG75: ยังไม่ได้พิมพ์ | AH75: P7 | AI75: 2 | AJ75: 45685 | AK75: 0 | AL75: 45676 | AM75: 45683 | AN75: 45684 | AO75: 45684 | AP75: 45680 | AQ75: 0 | AR75: 0 | AS75: 0 | AT75: 0 | AU75: 0 | AV75: 0 | AW75: งานพิมพ์ | AX75: รอART | AY75: 0 | AZ75: 0 | BA75: 0 | BB75: 0 | BC75: WRWT21720/WRWT25800 | BD75: 394.60593
A76: ประมาณการ | B76: ประมาณการ | C76: บจก.เคอรี่ฟลาวมิลล์ | D76: รอแบบ | E76: 19 | F76: 30 | G76: ขาว | H76: 0 | I76: 63 | J76: + | K76: 5 | L76: บิด | M76: ไม่สวมถุงใน | N76: 0 | O76: 0 | P76: 0 | Q76: 0 | R76: 0 | S76: ห่ออัดเบลแบน500 | T76: 45687 | U76: 100000 | V76: 0 | W76: 100000 | X76: 0 | Y76: 105000 | Z76: WSWT1921720 | AA76: 88011 | AB76: 0 | AC76: 88011 | AD76: 0 | AE76: 0 | AF76: 0 | AG76: พร้อมส่ง | AH76: P7 | AI76: 2 | AJ76: 45687 | AK76: 0 | AL76: 45678 | AM76: 45685 | AN76: 45686 | AO76: 45686 | AP76: 45682 | AQ76: 0 | AR76: 0 | AS76: 0 | AT76: 0 | AU76: 0 | AV76: 0 | AW76: งานพิมพ์ | AX76: รอART | AY76: 0 | AZ76: 0 | BA76: 0 | BB76: 0 | BC76: WRWT21720/WRWT25800 | BD76: 6629.3797
A77: 0 | B77: 0 | C77: 0 | D77: 0 | E77: 19 | F77: 30 | G77: 0 | H77: 0 | I77: 63 | J77: + | K77: 5 | L77: 0 | M77: 0 | N77: 0 | O77: 0 | P77: 0 | Q77: 0 | R77: 0 | S77: 0 | U77: 0 | V77: 0 | W77: 0 | X77: 0 | Y77: 0 | Z77: WSWT1921720 | AA77: 437805.83 | AB77: 32531.7 | AC77: 405274.13 | AD77: 0 | AE77: 0 | AF77: ระบุในSD | AG77: พร้อมส่ง | AH77: 0 | AI77: Lead time | AJ77: 0 | AK77: 0 | AL77: 0 | AM77: 0 | AN77: 0 | AO77: 0 | AP77: 0 | AQ77: 0 | AR77: 0 | AS77: 0 | AT77: 0 | AU77: 0 | AV77: 0 | AW77: 0 | AX77: 0 | AY77: 0 | AZ77: 0 | BA77: 0 | BB77: 0 | BC77: WRWT190720/WRWT25800 | BD77: 0
A78: ประมาณการ | B78: ประมาณการ | C78: บจก.เอเชี่ยนเคมิคัล | D78: A.C.C | E78: 19 | F78: 26 | G78: ขาว | H78: ด้าน | I78: 70 | J78: ± | K78: 5 | L78: ไม่ | M78: 20 | N78: 28 | O78: 50 | P78: 259.04464 | Q78: 0 | R78: 259.04464 | S78: มัด100 | T78: 45687 | U78: 15000 | V78: 0 | W78: 15000 | X78: 0 | Y78: 15750 | Z78: WSWT1925800SM | AA78: 11525.25 | AB78: 0 | AC78: 11525.25 | AD78: 0 | AE78: 11525.25 | AF78: 0 | AG78: พร้อมส่ง | AH78: P8 | AI78: 4 | AJ78: 45687 | AK78: 45683 | AL78: 45677 | AM78: 45684 | AN78: 45685 | AO78: 45685 | AP78: 45682 | AQ78: 45686 | AR78: 0 | AS78: 0 | AT78: 0 | AU78: 0 | AV78: 0 | AW78: งานเคลือบ+พิมพ์ | AX78: รอART | AY78: 0 | AZ78: 0 | BA78: 0 | BB78: 0 | BC78: WRWT25800/WRWT25800 | BD78: 778.59467
A79: 0 | B79: 0 | C79: 0 | D79: 0 | E79: 19 | F79: 30 | G79: 0 | H79: 0 | I79: 56 | J79: ± | K79: 5 | L79: 0 | M79: 0 | N79: 0 | O79: 0 | P79: 0 | Q79: 0 | R79: 0 | S79: 0 | U79: 0 | W79: 0 | X79: 0 | Y79: 0 | Z79: WSWT1925800SM | AA79: 11525.25 | AB79: 0 | AC79: 11525.25 | AD79: 0 | AE79: 11525.25 | AF79: ระบุในSD | AG79: ผ้าขาว | AH79: 0 | AI79: Lead time | AJ79: 0 | AK79: 0 | AL79: 0 | AM79: 0 | AN79: 0 | AO79: 0 | AP79: 0 | AQ79: 0 | AR79: 0 | AS79: 0 | AT79: 0 | AU79: 0 | AV79: 0 | AW79: 0 | AX79: 0 | AY79: 0 | AZ79: 0 | BA79: 0 | BB79: 0 | BC79: WRWT190800/WRWT25800 | BD79: 0
A80: 45611 | B80: MK67-001542 | C80: บจก.อินเทคค์ โกลบอล | D80: เพอเฟคค์104 โกลด์ | E80: 19 | F80: 34 | G80: ขาว | H80: ด้าน | I80: 100 | J80: ± | K80: 5 | L80: จับจีบ | M80: ไม่สวมถุงใน | N80: 0 | O80: 0 | P80: 0 | Q80: 0 | R80: 0 | S80: มัด80 ใช้สายรัด | T80: รอแจ้ง | U80: 248 | V80: 0 | W80: 248 | X80: 6200 | Y80: 0 | Z80: WSWT19251000SM | AA80: 0 | AB80: 0 | AC80: 0 | AD80: 0 | AE80: 0 | AF80: 0 | AG80: ผ้าขาว | AH80: P6 | AI80: 4 | AJ80: รอแจ้ง | AK80: #VALUE! | AL80: #VALUE! | AM80: #VALUE! | AN80: #VALUE! | AO80: #VALUE! | AP80: #VALUE! | AQ80: 0 | AR80: 0 | AS80: 0 | AT80: 0 | AU80: 0 | AV80: 0 | AW80: งานเคลือบ+พิมพ์ | AX80: / | AY80: 0 | AZ80: 0 | BA80: 0 | BB80: 0 | BC80: WRWT251000/WRWT251000 | BD80: 0
A81: 0 | B81: 0 | C81: 0 | D81: 0 | E81: 19 | F81: 34 | G81: ขาว | H81: 0 | I81: 80 | J81: ± | K81: 5 | L81: 0 | M81: 0 | N81: 0 | O81: 0 | P81: 0 | Q81: 0 | R81: 0 | S81: 0 | U81: 0 | V81: 0 | W81: 0 | X81: 0 | Y81: 0 | Z81: WSWT19251000SM | AA81: 0 | AB81: 0 | AC81: 0 | AD81: 0 | AE81: 0 | AF81: ระบุในSD | AG81: ยังไม่ได้พิมพ์ | AH81: 0 | AI81: Lead time | AJ81: 0 | AK81: 0 | AL81: 0 | AM81: 0 | AN81: 0 | AO81: 0 | AP81: 0 | AQ81: 0 | AR81: 0 | AS81: 0 | AT81: 0 | AU81: 0 | AV81: 0 | AW81: 0 | AX81: 0 | AY81: 0 | AZ81: 0 | BA81: 0 | BB81: 0 | BC81: WRWT251000/WRYL251000 | BD81: 0
A82: 45646 | B82: MK67-001703 | C82: บจก.อินเทคค์ โกลบอล | D82: ไม่พิมพ์ | E82: 20 | F82: 37 | G82: ขาว | H82: 0 | I82: 65 | J82: ± | K82: 5 | L82: ไม่ | M82: ไม่สวมถุงใน | N82: 0 | O82: 0 | P82: 0 | Q82: 0 | R82: 0 | S82: มัด80 ใช้สายรัด | T82: 45666 | U82: 10140 | V82: 0 | W82: 10140 | X82: 0 | Y82: 0 | Z82: WSWT2025650 | AA82: 10907.497 | AB82: 5300 | AC82: 5607.4966 | AD82: 0 | AE82: 0 | AF82: 0 | AG82: พร้อมส่ง | AH82: P3 | AI82: 1 | AJ82: 45666 | AK82: 0 | AL82: 0 | AM82: 0 | AN82: 0 | AO82: 45665 | AP82: 45661 | AQ82: 0 | AR82: 0 | AS82: 0 | AT82: 0 | AU82: 0 | AV82: 0 | AW82: ตัด | AX82: 0 | AY82: 0 | AZ82: 0 | BA82: 0 | BB82: 0 | BC82: WRWT25650/WRWT25650 | BD82: 344.23799
A83: ประมาณการ | B83: ประมาณการ | C83: บจก.หนองบัวฟีดมิลล์ | D83: ไม่พิมพ์ | E83: 20 | F83: 30 | G83: ขาว | H83: 0 | I83: 53 | J83: ± | K83: 5 | L83: ไม่ | M83: ไม่สวมถุงใน | N83: 0 | O83: 0 | P83: 0 | Q83: 0 | R83: 0 | S83: 500กระสอบ | T83: 45687 | U83: 10000 | V83: 0 | W83: 10000 | X83: 0 | Y83: 0 | Z83: WSWT2025650 | AA83: 8801.1 | AB83: 0 | AC83: 8801.1 | AD83: 0 | AE83: 0 | AF83: 0 | AG83: พิมพ์ไม่ครบ | AH83: P3 | AI83: 1 | AJ83: 45687 | AK83: 0 | AL83: 0 | AM83: 0 | AN83: 0 | AO83: 45686 | AP83: 45682 | AQ83: 0 | AR83: 0 | AS83: 0 | AT83: 0 | AU83: 0 | AV83: 0 | AW83: ตัด | AX83: 0 | AY83: 0 | AZ83: 0 | BA83: 0 | BB83: 0 | BC83: WRWT25650/WRWT25650 | BD83: 540.28975
A84: ประมาณการ | B84: ประมาณการ | C84: บจก.เอเชียเหมืองแร่ | D84: ลูกโลก AMPC | E84: 20 | F84: 32 | G84: ขาว | H84: 0 | I84: 60 | J84: ± | K84: 5 | L84: ไม่ | M84: ไม่สวมถุงใน | N84: 0 | O84: 0 | P84: 0 | Q84: 0 | R84: 0 | S84: 500กระสอบ | T84: รอแจ้ง | U84: 15000 | V84: 0 | W84: 15000 | X84: 0 | Y84: 15750 | Z84: WSWT2025650 | AA84: 14039.85 | AB84: 0 | AC84: 14039.85 | AD84: 0 | AE84: 0 | AF84: 0 | AG84: ผ้าขาว | AH84: P7 | AI84: 2 | AJ84: รอแจ้ง | AK84: 0 | AL84: #VALUE! | AM84: #VALUE! | AN84: #VALUE! | AO84: #VALUE! | AP84: #VALUE! | AQ84: 0 | AR84: 0 | AS84: 0 | AT84: 0 | AU84: 0 | AV84: 0 | AW84: งานพิมพ์ | AX84: รอART | AY84: 0 | AZ84: 0 | BA84: 0 | BB84: 0 | BC84: WRWT25650/WRWT25650 | BD84: 861.89079
A85: 0 | B85: 0 | C85: 0 | D85: 0 | E85: 20 | F85: 37 | G85: ขาว | H85: 0 | I85: 65 | J85: ± | K85: 5 | L85: 0 | M85: 0 | N85: 0 | O85: 0 | P85: 0 | Q85: 0 | R85: 0 | S85: 0 | U85: 0 | V85: 0 | W85: 0 | X85: 0 | Y85: 0 | Z85: WSWT2025650 | AA85: 33748.447 | AB85: 5300 | AC85: 28448.447 | AD85: 0 | AE85: 0 | AF85: ระบุในSD | AG85: ผ้าขาว | AH85: 0 | AI85: Lead time | AJ85: 0 | AK85: 0 | AL85: 0 | AM85: 0 | AN85: 0 | AO85: 0 | AP85: 0 | AQ85: 0 | AR85: 0 | AS85: 0 | AT85: 0 | AU85: 0 | AV85: 0 | AW85: 0 | AX85: 0 | AY85: 0 | AZ85: 0 | BA85: 0 | BB85: 0 | BC85: WRWT25650/WRWT25650 | BD85: 0
A86: 45652 | B86: MK67-001733 | C86: บจก.เบทาโกร | D86: WB เบทาโกร 224F 30kg | E86: 20 | F86: 39 | G86: ขาว | H86: 0 | I86: 74 | J86: ± | K86: 3 | L86: ไม่ | M86: ไม่สวมถุงใน | N86: 0 | O86: 0 | P86: 0 | Q86: 0 | R86: 0 | S86: 500กระสอบแบน พร้อมระบุชื่อบริษัท รายการสินค้า จำนวนแต่ละแพ็ค | T86: 45665 | U86: 50000 | V86: 25000 | W86: 25000 | X86: 29163 | Y86: 21878.85 | Z86: WSWT2025700 | AA86: 24757.45 | AB86: 11961 | AC86: 12796.45 | AD86: 0 | AE86: 0 | AF86: ลพบุรี1 | AG86: ผ้าขาว | AH86: P7 | AI86: 2 | AJ86: 45665 | AK86: 0 | AL86: 45656 | AM86: 45663 | AN86: 45664 | AO86: 45664 | AP86: 45660 | AQ86: 0 | AR86: 0 | AS86: 0 | AT86: 0 | AU86: 0 | AV86: 0 | AW86: งานพิมพ์ | AX86: รอART | AY86: 0 | AZ86: 0 | BA86: 0 | BB86: 0 | BC86: WRWT25800/WRWT25650 | BD86: 921.34442
A87: 45638 | B87: MK67-001666 | C87: บจก.เบทาโกร | D87: ไม่พิมพ์ | E87: 20 | F87: 39 | G87: ขาว | H87: 0 | I87: 74 | J87: ± | K87: 3 | L87: ไม่ | M87: ไม่สวมถุงใน | N87: 0 | O87: 0 | P87: 0 | Q87: 0 | R87: 0 | S87: 500กระสอบแบน พร้อมระบุชื่อบริษัท รายการสินค้า จำนวนแต่ละแพ็ค | T87: 45668 | U87: 10000 | V87: 10000 | W87: 0 | X87: 0 | Y87: 0 | Z87: WSWT2025700 | AA87: 0 | AB87: 0 | AC87: 0 | AD87: 0 | AE87: 0 | AF87: สงขลา | AG87: พร้อมส่ง | AH87: P3 | AI87: 1 | AJ87: 45668 | AK87: 0 | AL87: 0 | AM87: 0 | AN87: 0 | AO87: 45667 | AP87: 45663 | AQ87: 0 | AR87: 0 | AS87: 0 | AT87: 0 | AU87: 0 | AV87: 0 | AW87: ตัด | AX87: 0 | AY87: 0 | AZ87: 0 | BA87: 0 | BB87: 0 | BC87: WRWT25800/WRWT25650 | BD87: 0
A88: 45646 | B88: MK67-001702 | C88: บจก.เบทาโกร | D88: ไม่พิมพ์ | E88: 20 | F88: 39 | G88: ขาว | H88: 0 | I88: 74 | J88: ± | K88: 3 | L88: ไม่ | M88: ไม่สวมถุงใน | N88: 0 | O88: 0 | P88: 0 | Q88: 0 | R88: 0 | S88: 500กระสอบแบน พร้อมระบุชื่อบริษัท รายการสินค้า จำนวนแต่ละแพ็ค | T88: 45668 | U88: 5000 | V88: 506 | W88: 4494 | X88: 0 | Y88: 0 | Z88: WSWT2025700 | AA88: 5085.2756 | AB88: 0 | AC88: 5085.2756 | AD88: 0 | AE88: 0 | AF88: สงขลา | AG88: พร้อมส่ง | AH88: P3 | AI88: 1 | AJ88: 45668 | AK88: 0 | AL88: 0 | AM88: 0 | AN88: 0 | AO88: 45667 | AP88: 45663 | AQ88: 0 | AR88: 0 | AS88: 0 | AT88: 0 | AU88: 0 | AV88: 0 | AW88: ตัด | AX88: 0 | AY88: 0 | AZ88: 0 | BA88: 0 | BB88: 0 | BC88: WRWT25800/WRWT25650 | BD88: 366.13984
A89: 45638 | B89: MK67-001668 | C89: บจก.เบทาโกร | D89: ไม่พิมพ์ | E89: 20 | F89: 39 | G89: ขาว | H89: 0 | I89: 74 | J89: ± | K89: 3 | L89: ไม่ | M89: ไม่สวมถุงใน | N89: 0 | O89: 0 | P89: 0 | Q89: 0 | R89: 0 | S89: 500กระสอบแบน พร้อมระบุชื่อบริษัท รายการสินค้า จำนวนแต่ละแพ็ค | T89: 45668 | U89: 5000 | V89: 0 | W89: 5000 | X89: 0 | Y89: 0 | Z89: WSWT2025700 | AA89: 5657.85 | AB89: 0 | AC89: 5657.85 | AD89: 0 | AE89: 0 | AF89: รัตภูมิ | AG89: พร้อมส่ง | AH89: P3 | AI89: 1 | AJ89: 45668 | AK89: 0 | AL89: 0 | AM89: 0 | AN89: 0 | AO89: 45667 | AP89: 45663 | AQ89: 0 | AR89: 0 | AS89: 0 | AT89: 0 | AU89: 0 | AV89: 0 | AW89: ตัด | AX89: 0 | AY89: 0 | AZ89: 0 | BA89: 0 | BB89: 0 | BC89: WRWT25800/WRWT25650 | BD89: 407.3652
A90: 0 | B90: 0 | C90: 0 | D90: 0 | E90: 20 | F90: 37 | G90: ขาว | H90: 0 | I90: 70 | J90: ± | K90: 5 | L90: 0 | M90: 0 | N90: 0 | O90: 0 | P90: 0 | Q90: 0 | R90: 0 | S90: 0 | U90: 0 | V90: 0 | W90: 0 | X90: 0 | Y90: 0 | Z90: WSWT2025700 | AA90: 35500.576 | AB90: 11961 | AC90: 23539.576 | AD90: 0 | AE90: 0 | AF90: ระบุในSD | AG90: ยังไม่ได้พิมพ์ | AH90: 0 | AI90: Lead time | AJ90: 0 | AK90: 0 | AL90: 0 | AM90: 0 | AN90: 0 | AO90: 0 | AP90: 0 | AQ90: 0 | AR90: 0 | AS90: 0 | AT90: 0 | AU90: 0 | AV90: 0 | AW90: 0 | AX90: 0 | AY90: 0 | AZ90: 0 | BA90: 0 | BB90: 0 | BC90: WRWT25800/WRWT25650 | BD90: 0
A91: 45643 | B91: MK67-001684 | C91: บจก.เอพีเอ็ม อะโกร | D91: ฟิลกู๊ด พี3 | E91: 20 | F91: 38 | G91: ขาว | H91: ใส | I91: 100 | J91: ± | K91: 5 | L91: บิด | M91: ไม่สวมถุงใน | N91: 0 | O91: 0 | P91: 0 | Q91: 0 | R91: 0 | S91: 500กระสอบแบน | T91: 45663 | U91: 5000 | V91: 5086 | W91: 0 | X91: 10600 | Y91: 0 | Z91: WSWT2025800SM | AA91: 0 | AB91: 0 | AC91: 0 | AD91: 0 | AE91: 0 | AF91: 0 | AG91: รอตัด | AH91: P6 | AI91: 4 | AJ91: 45663 | AK91: 45659 | AL91: 45652 | AM91: 45660 | AN91: 45661 | AO91: 45662 | AP91: 45658 | AQ91: 0 | AR91: 0 | AS91: 0 | AT91: 0 | AU91: 0 | AV91: 0 | AW91: งานเคลือบ+พิมพ์ | AX91: / | AY91: 0 | AZ91: 0 | BA91: 0 | BB91: 0 | BC91: WRWT25850/WRWT25850 | BD91: 0
A92: 45646 | B92: MK67-001704 | C92: บจก.อินเทคค์ โกลบอล | D92: เพอเฟคค์ 914 | E92: 20 | F92: 36 | G92: ขาว | H92: ด้าน | I92: 100 | J92: ± | K92: 5 | L92: จับจีบ4" | M92: ไม่สวมถุงใน | N92: 0 | O92: 0 | P92: 0 | Q92: 0 | R92: 0 | S92: มัด80 ใช้สายรัด | T92: รอแจ้ง | U92: 721 | V92: 0 | W92: 721 | X92: 11069 | Y92: 0 | Z92: WSWT2025800SM | AA92: 0 | AB92: 0 | AC92: 0 | AD92: 0 | AE92: 0 | AF92: 0 | AG92: ยังไม่ได้พิมพ์ | AH92: P6 | AI92: 4 | AJ92: รอแจ้ง | AK92: #VALUE! | AL92: #VALUE! | AM92: #VALUE! | AN92: #VALUE! | AO92: #VALUE! | AP92: #VALUE! | AQ92: 0 | AR92: 0 | AS92: 0 | AT92: 0 | AU92: 0 | AV92: 0 | AW92: งานเคลือบ+พิมพ์ | AX92: / | AY92: 0 | AZ92: 0 | BA92: 0 | BB92: 0 | BC92: WRWT25850/WRWT25850 | BD92: 0
A93: 45660 | B93: ใบรับคำสั่งซื้อ | C93: บจก.ซันฟีด | D93: 575 | E93: 20 | F93: 38 | G93: ขาว | H93: ด้าน | I93: 100 | J93: ± | K93: 5 | L93: บิด | M93: ไม่สวมถุงใน | N93: 0 | O93: 0 | P93: 0 | Q93: 0 | R93: 0 | S93: 300กระสอบแบนเต็มใบ | T93: รอแจ้ง | U93: 2500 | V93: 0 | W93: 2500 | X93: 0 | Y93: 2625 | Z93: WSWT2025800SM | AA93: 2759.075 | AB93: 2759.075 | AC93: 0 | AD93: 2759.075 | AE93: 0 | AF93: 0 | AG93: ยังไม่ได้พิมพ์ | AH93: P6 | AI93: 4 | AJ93: รอแจ้ง | AK93: #VALUE! | AL93: #VALUE! | AM93: #VALUE! | AN93: #VALUE! | AO93: #VALUE! | AP93: #VALUE! | AQ93: 0 | AR93: 0 | AS93: 0 | AT93: 0 | AU93: 0 | AV93: 0 | AW93: งานเคลือบ+พิมพ์ | AX93: รอART | AY93: 0 | AZ93: 0 | BA93: 0 | BB93: 0 | BC93: WRWT25850/WRWT25850 | BD93: 0
A94: 45643 | B94: MK67-001682 | C94: บจก.เอพีเอ็ม อะโกร | D94: นีโอ พี2 | E94: 20 | F94: 38 | G94: ขาว | H94: ด้าน | I94: 100 | J94: ± | K94: 5 | L94: บิด | M94: ไม่สวมถุงใน | N94: 0 | O94: 0 | P94: 0 | Q94: 0 | R94: 0 | S94: 500กระสอบแบน | T94: 45670 | U94: 4000 | V94: 0 | W94: 4000 | X94: 4300 | Y94: 0 | Z94: WSWT2025800SM | AA94: 0 | AB94: 0 | AC94: 0 | AD94: 0 | AE94: 0 | AF94: 0 | AG94: ยังไม่ได้พิมพ์ | AH94: P6 | AI94: 4 | AJ94: 45670 | AK94: 45666 | AL94: 45659 | AM94: 45667 | AN94: 45668 | AO94: 45669 | AP94: 45665 | AQ94: 0 | AR94: 0 | AS94: 0 | AT94: 0 | AU94: 0 | AV94: 0 | AW94: งานเคลือบ+พิมพ์ | AX94: / | AY94: ลบสี | AZ94: 0 | BA94: 0 | BB94: 0 | BC94: WRWT25850/WRWT25850 | BD94: 0
A95: 45650 | B95: MK67-001729 | C95: บจก.มารีน ลีดเดอร์ | D95: Rocky quick lime | E95: 20 | F95: 30 | G95: ขาว | H95: ใส | I95: 80 | J95: ± | K95: 5 | L95: จับจีบ5" | M95: 21 | N95: 33 | O95: 40 | P95: 170.96946 | Q95: 0 | R95: 170.96946 | S95: 500กระสอบ | T95: 45671 | U95: 10000 | V95: 0 | W95: 10000 | X95: 0 | Y95: 10500 | Z95: WSWT2025800SM | AA95: 8801.1 | AB95: 8801.1 | AC95: 0 | AD95: 8801.1 | AE95: 0 | AF95: 0 | AG95: ยังไม่ได้พิมพ์ | AH95: P8 | AI95: 4 | AJ95: 45671 | AK95: 45667 | AL95: 45661 | AM95: 45668 | AN95: 45669 | AO95: 45669 | AP95: 45666 | AQ95: 45670 | AR95: 0 | AS95: 0 | AT95: 0 | AU95: 0 | AV95: 0 | AW95: งานเคลือบ+พิมพ์ | AX95: / | AY95: 0 | AZ95: 0 | BA95: 0 | BB95: 0 | BC95: WRWT25850/WRWT25850 | BD95: 0
A96: 45651 | B96: MK67-001731 | C96: บจก.เบทาโกร | D96: WB/OC แถบฟ้า | E96: 20 | F96: 35 | G96: ขาว | H96: ใส | I96: 90 | J96: ± | K96: 3 | L96: บิด | M96: ไม่สวมถุงใน | N96: 0 | O96: 0 | P96: 0 | Q96: 0 | R96: 0 | S96: 500กระสอบแบน พร้อมระบุชื่อบริษัท รายการสินค้า จำนวนแต่ละแพ็ค | T96: 45672 | U96: 5000 | V96: 0 | W96: 5000 | X96: 0 | Y96: 5250 | Z96: WSWT2025800SM | AA96: 5099.05 | AB96: 5099.05 | AC96: 0 | AD96: 5099.05 | AE96: 0 | AF96: พระประแดง | AG96: พร้อมส่ง | AH96: P6 | AI96: 4 | AJ96: 45672 | AK96: 45668 | AL96: 45661 | AM96: 45669 | AN96: 45670 | AO96: 45671 | AP96: 45667 | AQ96: 0 | AR96: 0 | AS96: 0 | AT96: 0 | AU96: 0 | AV96: 0 | AW96: งานเคลือบ+พิมพ์ | AX96: / | AY96: 0 | AZ96: 0 | BA96: 0 | BB96: 0 | BC96: WRWT25850/WRWT25850 | BD96: 0
A97: 45651 | B97: MK67-001731 | C97: บจก.เบทาโกร | D97: WB/OC แถบเขียว | E97: 20 | F97: 35 | G97: ขาว | H97: ใส | I97: 90 | J97: ± | K97: 3 | L97: บิด | M97: ไม่สวมถุงใน | N97: 0 | O97: 0 | P97: 0 | Q97: 0 | R97: 0 | S97: 500กระสอบแบน พร้อมระบุชื่อบริษัท รายการสินค้า จำนวนแต่ละแพ็ค | T97: 45672 | U97: 5000 | V97: 0 | W97: 5000 | X97: 0 | Y97: 5250 | Z97: WSWT2025800SM | AA97: 5099.05 | AB97: 5099.05 | AC97: 0 | AD97: 5099.05 | AE97: 0 | AF97: พระประแดง | AG97: ยังไม่ได้พิมพ์ | AH97: P6 | AI97: 4 | AJ97: 45672 | AK97: 45668 | AL97: 45661 | AM97: 45669 | AN97: 45670 | AO97: 45671 | AP97: 45667 | AQ97: 0 | AR97: 0 | AS97: 0 | AT97: 0 | AU97: 0 | AV97: 0 | AW97: งานเคลือบ+พิมพ์ | AX97: / | AY97: 0 | AZ97: 0 | BA97: 0 | BB97: 0 | BC97: WRWT25850/WRWT25850 | BD97: 0
A98: 45651 | B98: MK67-001731 | C98: บจก.เบทาโกร | D98: WB/OC แถบเหลืองส้ม | E98: 20 | F98: 35 | G98: ขาว | H98: ใส | I98: 90 | J98: ± | K98: 3 | L98: บิด | M98: ไม่สวมถุงใน | N98: 0 | O98: 0 | P98: 0 | Q98: 0 | R98: 0 | S98: 500กระสอบแบน พร้อมระบุชื่อบริษัท รายการสินค้า จำนวนแต่ละแพ็ค | T98: 45672 | U98: 5000 | V98: 0 | W98: 5000 | X98: 0 | Y98: 5250 | Z98: WSWT2025800SM | AA98: 5099.05 | AB98: 5099.05 | AC98: 0 | AD98: 5099.05 | AE98: 0 | AF98: พระประแดง | AG98: พร้อมส่ง | AH98: P6 | AI98: 4 | AJ98: 45672 | AK98: 45668 | AL98: 45661 | AM98: 45669 | AN98: 45670 | AO98: 45671 | AP98: 45667 | AQ98: 0 | AR98: 0 | AS98: 0 | AT98: 0 | AU98: 0 | AV98: 0 | AW98: งานเคลือบ+พิมพ์ | AX98: / | AY98: 0 | AZ98: 0 | BA98: 0 | BB98: 0 | BC98: WRWT25850/WRWT25850 | BD98: 0
A99: 45635 | B99: MK67-001653 | C99: บจก.เอพีเอ็ม อะโกร | D99: ฟิล กู๊ด พี2 | E99: 20 | F99: 38 | G99: ขาว | H99: ใส | I99: 100 | J99: ± | K99: 5 | L99: บิด | M99: ไม่สวมถุงใน | N99: 0 | O99: 0 | P99: 0 | Q99: 0 | R99: 0 | S99: 500กระสอบแบน | T99: 45672 | U99: 6000 | V99: 5473 | W99: 527 | X99: 10628 | Y99: 0 | Z99: WSWT2025800SM | AA99: 0 | AB99: 0 | AC99: 0 | AD99: 0 | AE99: 0 | AF99: 0 | AG99: พร้อมส่ง | AH99: P6 | AI99: 4 | AJ99: 45672 | AK99: 45668 | AL99: 45661 | AM99: 45669 | AN99: 45670 | AO99: 45671 | AP99: 45667 | AQ99: 0 | AR99: 0 | AS99: 0 | AT99: 0 | AU99: 0 | AV99: 0 | AW99: งานเคลือบ+พิมพ์ | AX99: / | AY99: 0 | AZ99: 0 | BA99: 0 | BB99: 0 | BC99: WRWT25850/WRWT25850 | BD99: 0
