Workbook

Sheet Linkสูตรออร์เดอร์  (2)
B2: เรียงกำหนดส่ง | D2: ลบ 0 | T2: เรียง 1
B3: ข้อมูลUpdate ณ. วันที่ | D3: 45754 | E3: เวลา | G3: 10.22
A4: วันรับออร์เดอร์/แบบ | B4: เลขที่ SO | C4: ชื่อลูกค้า | E4: 10.3 | I4: น้ำหนัก | L4: บิด/จับจีบ | M4: ถุงใน | Q4: =[1]หน้าผ้า!$AC$13 -> 44873 | S4: วิธีบรรจุ | T4: วันส่ง | U4: จำนวนส่ง | V4: ตัดเย็บ (ใบ) | W4: =[1]หน้าผ้า!$AJ$13 -> 44873 | X4: พิมพ์ (ใบ) | Y4: =[1]หน้าผ้า!$AM$13 -> 44876 | Z4: ผ้าทอ (เมตร) Updateณ | AB4: =[1]หน้าผ้า!$AR$12 -> 44876 | AD4: ผ้าเคลือบ(เมตร) | AF4: หมายเหตุ | AG4: เครื่อง
B5: เลขที่ SO | C5: ชื่อลูกค้า | D5: ตรา | E5: กว้าง | F5: ยาว | G5: สี | H5: เคลือบ | I5: กรัม/ใบ | J5: * | K5: aw | L5: บิด/จับจีบ | M5: กว้าง | N5: ยาว | O5: หนา | P5: ใช้(กก.) | Q5: Stock(กก.) | R5: ผลิต(กก.) | S5: วิธีบรรจุ | T5: วันส่ง | U5: จำนวนส่ง | V5: StockFG | W5: ค้างตัด | X5: พิมพ์แล้ว | Y5: ค้างพิมพ์ | Z5: ประเภท | AA5: ใช้ | AB5: Stock | AC5: ค้างทอ | AD5: Stock | AE5: ค้างเคลือบ | AF5: หมายเหตุ | AG5: ที่พิมพ์ได้ | AH5: process | AI5: Lead time | AJ5: วันที่ส่งPL | AK5: เคลือบ | AL5: ได้ ART | AM5: พิมพ์ | AN5: จีบ-บิด | AO5: ตัด-เย็บ | AP5: ทอ | AQ5: สวมถุง | AR5: เย็บปาก | AS5: PT | AT5: ม้วน | AU5: ตัด | AV5: ตอกตาไก่ | AW5: GROUP | AX5: ART | AY5: หมายเหตุปัญหา | AZ5: ราคา/ใบ | BA5: ราคารวม | BB5: workweek | BC5: เส้นเทป | BD5: จำนวน
A6: =[2]หน้าผ้า!C15 -> 0 | B6: =[2]หน้าผ้า!B15 -> 0 | C6: =[2]หน้าผ้า!E15 -> 0 | D6: =[2]หน้าผ้า!F15 -> 0 | E6: =[2]หน้าผ้า!G15 -> 12 | F6: =[2]หน้าผ้า!H15 -> 16 | G6: =[2]หน้าผ้า!I15 -> ขาว | H6: =[2]หน้าผ้า!J15 -> 0 | I6: =[2]หน้าผ้า!L15 -> 25 | J6: =[2]หน้าผ้า!M15 -> ± | K6: =[2]หน้าผ้า!N15 -> 5 | L6: =[2]หน้าผ้า!R15 -> 0 | M6: =[2]หน้าผ้า!T15 -> 0 | N6: =[2]หน้าผ้า!U15 -> 0 | O6: =[2]หน้าผ้า!V15 -> 0 | P6: =[2]หน้าผ้า!AB15 -> 0 | Q6: =[2]หน้าผ้า!AC15 -> 0 | R6: =[2]หน้าผ้า!AD15 -> 0 | S6: =[2]หน้าผ้า!Z15 -> 0 | T6: =[2]หน้าผ้า!X15 -> 0 | U6: =[2]หน้าผ้า!AA15 -> 0 | V6: =[2]หน้าผ้า!AJ15 -> 0 | W6: =[2]หน้าผ้า!AL15 -> 0 | X6: =[2]หน้าผ้า!AM15 -> 0 | Y6: =[2]หน้าผ้า!AN15 -> 0 | Z6: =[2]หน้าผ้า!AO15 -> WSWT1221750 | AA6: =[2]หน้าผ้า!AQ15 -> #REF! | AB6: =[2]หน้าผ้า!AR15 -> #REF! | AC6: =[2]หน้าผ้า!AS15 -> #REF! | AD6: =[2]หน้าผ้า!AT15 -> #REF! | AE6: =[2]หน้าผ้า!AU15 -> #REF! | AF6: =[2]หน้าผ้า!AI15 -> ระบุในSD | AG6: =[3]หน้าผ้า!DC18 -> < Ord 20,000 | AH6: =[2]หน้าผ้า!DL15 -> 0 | AI6: =[2]หน้าผ้า!DM15 -> 0 | AJ6: =[2]หน้าผ้า!DN15 -> 0 | AK6: =[2]หน้าผ้า!DQ15 -> 0 | AL6: =[2]หน้าผ้า!DR15 -> 0 | AM6: =[2]หน้าผ้า!DS15 -> 0 | AN6: =[2]หน้าผ้า!DT15 -> 0 | AO6: =[2]หน้าผ้า!DU15 -> 0 | AP6: =[2]หน้าผ้า!DP15 -> 0 | AQ6: =[2]หน้าผ้า!DW15 -> 0 | AR6: =[2]หน้าผ้า!DX15 -> 0 | AS6: =[2]หน้าผ้า!DY15 -> 0 | AT6: =[2]หน้าผ้า!DZ15 -> 0 | AU6: =[2]หน้าผ้า!EA15 -> 0 | AV6: =[2]หน้าผ้า!EB15 -> 0 | AW6: =[2]หน้าผ้า!EC15 -> 0 | AX6: =[2]หน้าผ้า!ED15 -> 0 | AY6: =[2]หน้าผ้า!AG15 -> 0 | AZ6: =[2]หน้าผ้า!EG15 -> 0 | BA6: =[2]หน้าผ้า!EH15 -> 0 | BB6: =[2]หน้าผ้า!EI15 -> 0 | BC6: =[2]หน้าผ้า!BZ15 -> WRWT120750/WRWT21750 | BD6: =[2]หน้าผ้า!CA15 -> 0
A7: =[2]หน้าผ้า!C16 -> 45743 | B7: =[2]หน้าผ้า!B16 -> MK68-000464 | C7: =[2]หน้าผ้า!E16 -> บจก.ปึงเป้งน้ำ | D7: =[2]หน้าผ้า!F16 -> เกลือตรามือ 10กก. | E7: =[2]หน้าผ้า!G16 -> 14 | F7: =[2]หน้าผ้า!H16 -> 22 | G7: =[2]หน้าผ้า!I16 -> ขาว | H7: =[2]หน้าผ้า!J16 -> ใส | I7: =[2]หน้าผ้า!L16 -> 42 | J7: =[2]หน้าผ้า!M16 -> ± | K7: =[2]หน้าผ้า!N16 -> 5 | L7: =[2]หน้าผ้า!R16 -> ไม่ | M7: =[2]หน้าผ้า!T16 -> ไม่สวมถุงใน | N7: =[2]หน้าผ้า!U16 -> 0 | O7: =[2]หน้าผ้า!V16 -> 0 | P7: =[2]หน้าผ้า!AB16 -> 0 | Q7: =[2]หน้าผ้า!AC16 -> 0 | R7: =[2]หน้าผ้า!AD16 -> 0 | S7: =[2]หน้าผ้า!Z16 -> 500กระสอบแบน | T7: =[2]หน้าผ้า!X16 -> 45757 | U7: =[2]หน้าผ้า!AA16 -> 10000 | V7: =[2]หน้าผ้า!AJ16 -> 0 | W7: =[2]หน้าผ้า!AL16 -> 10000 | X7: =[2]หน้าผ้า!AM16 -> 0 | Y7: =[2]หน้าผ้า!AN16 -> 10500 | Z7: =[2]หน้าผ้า!AO16 -> WSWT1425800 | AA7: =[2]หน้าผ้า!AQ16 -> 6565.9 | AB7: =[2]หน้าผ้า!AR16 -> 6565.9 | AC7: =[2]หน้าผ้า!AS16 -> 0 | AD7: =[2]หน้าผ้า!AT16 -> 2186 | AE7: =[2]หน้าผ้า!AU16 -> 4379.9 | AF7: =[2]หน้าผ้า!AI16 -> 0 | AG7: =[3]หน้าผ้า!DC19 -> พร้อมส่ง | AH7: =[2]หน้าผ้า!DL16 -> P6 | AI7: =[2]หน้าผ้า!DM16 -> 4 | AJ7: =[2]หน้าผ้า!DN16 -> 45757 | AK7: =[2]หน้าผ้า!DQ16 -> 45753 | AL7: =[2]หน้าผ้า!DR16 -> 45746 | AM7: =[2]หน้าผ้า!DS16 -> 45754 | AN7: =[2]หน้าผ้า!DT16 -> 45755 | AO7: =[2]หน้าผ้า!DU16 -> 45756 | AP7: =[2]หน้าผ้า!DP16 -> 45752 | AQ7: =[2]หน้าผ้า!DW16 -> 0 | AR7: =[2]หน้าผ้า!DX16 -> 0 | AS7: =[2]หน้าผ้า!DY16 -> 0 | AT7: =[2]หน้าผ้า!DZ16 -> 0 | AU7: =[2]หน้าผ้า!EA16 -> 0 | AV7: =[2]หน้าผ้า!EB16 -> 0 | AW7: =[2]หน้าผ้า!EC16 -> งานเคลือบ+พิมพ์ | AX7: =[2]หน้าผ้า!ED16 -> / | AY7: =[2]หน้าผ้า!AG16 -> 0 | AZ7: =[2]หน้าผ้า!EG16 -> 0 | BA7: =[2]หน้าผ้า!EH16 -> 0 | BB7: =[2]หน้าผ้า!EI16 -> 0 | BC7: =[2]หน้าผ้า!BZ16 -> WRWT25800/WRWT25800 | BD7: =[2]หน้าผ้า!CA16 -> 0
A8: =[2]หน้าผ้า!C17 -> 0 | B8: =[2]หน้าผ้า!B17 -> 0 | C8: =[2]หน้าผ้า!E17 -> 0 | D8: =[2]หน้าผ้า!F17 -> 0 | E8: =[2]หน้าผ้า!G17 -> 14 | F8: =[2]หน้าผ้า!H17 -> 22 | G8: =[2]หน้าผ้า!I17 -> ขาว | H8: =[2]หน้าผ้า!J17 -> 0 | I8: =[2]หน้าผ้า!L17 -> 36 | J8: =[2]หน้าผ้า!M17 -> ± | K8: =[2]หน้าผ้า!N17 -> 5 | L8: =[2]หน้าผ้า!R17 -> 0 | M8: =[2]หน้าผ้า!T17 -> 0 | N8: =[2]หน้าผ้า!U17 -> 0 | O8: =[2]หน้าผ้า!V17 -> 0 | P8: =[2]หน้าผ้า!AB17 -> 0 | Q8: =[2]หน้าผ้า!AC17 -> 0 | R8: =[2]หน้าผ้า!AD17 -> 0 | S8: =[2]หน้าผ้า!Z17 -> 0 | T8: =[2]หน้าผ้า!X17 -> 0 | U8: =[2]หน้าผ้า!AA17 -> 0 | V8: =[2]หน้าผ้า!AJ17 -> 0 | W8: =[2]หน้าผ้า!AL17 -> 0 | X8: =[2]หน้าผ้า!AM17 -> 0 | Y8: =[2]หน้าผ้า!AN17 -> 0 | Z8: =[2]หน้าผ้า!AO17 -> WSWT1425800 | AA8: =[2]หน้าผ้า!AQ17 -> 6565.9 | AB8: =[2]หน้าผ้า!AR17 -> 6565.9 | AC8: =[2]หน้าผ้า!AS17 -> 0 | AD8: =[2]หน้าผ้า!AT17 -> 2186 | AE8: =[2]หน้าผ้า!AU17 -> 4379.9 | AF8: =[2]หน้าผ้า!AI17 -> ระบุในSD | AG8: =[3]หน้าผ้า!DC20 -> ยังไม่ได้พิมพ์ | AH8: =[2]หน้าผ้า!DL17 -> 0 | AI8: =[2]หน้าผ้า!DM17 -> Lead time | AJ8: =[2]หน้าผ้า!DN17 -> 0 | AK8: =[2]หน้าผ้า!DQ17 -> 0 | AL8: =[2]หน้าผ้า!DR17 -> 0 | AM8: =[2]หน้าผ้า!DS17 -> 0 | AN8: =[2]หน้าผ้า!DT17 -> 0 | AO8: =[2]หน้าผ้า!DU17 -> 0 | AP8: =[2]หน้าผ้า!DP17 -> 0 | AQ8: =[2]หน้าผ้า!DW17 -> 0 | AR8: =[2]หน้าผ้า!DX17 -> 0 | AS8: =[2]หน้าผ้า!DY17 -> 0 | AT8: =[2]หน้าผ้า!DZ17 -> 0 | AU8: =[2]หน้าผ้า!EA17 -> 0 | AV8: =[2]หน้าผ้า!EB17 -> 0 | AW8: =[2]หน้าผ้า!EC17 -> 0 | AX8: =[2]หน้าผ้า!ED17 -> 0 | AY8: =[2]หน้าผ้า!AG17 -> 0 | AZ8: =[2]หน้าผ้า!EG17 -> 0 | BA8: =[2]หน้าผ้า!EH17 -> 0 | BB8: =[2]หน้าผ้า!EI17 -> 0 | BC8: =[2]หน้าผ้า!BZ17 -> WRWT140800/WRWT25800 | BD8: =[2]หน้าผ้า!CA17 -> 0
A9: =[2]หน้าผ้า!C18 -> ประมาณการ | B9: =[2]หน้าผ้า!B18 -> ประมาณการ | C9: =[2]หน้าผ้า!E18 -> บจก.ซัน ซีเมนต์ โพรเซส | D9: =[2]หน้าผ้า!F18 -> พระอาทิตย์(ปูนนอน-ชริงค์) | E9: =[2]หน้าผ้า!G18 -> 16 | F9: =[2]หน้าผ้า!H18 -> 25 | G9: =[2]หน้าผ้า!I18 -> ขาว | H9: =[2]หน้าผ้า!J18 -> ใส | I9: =[2]หน้าผ้า!L18 -> 50 | J9: =[2]หน้าผ้า!M18 -> ± | K9: =[2]หน้าผ้า!N18 -> 5 | L9: =[2]หน้าผ้า!R18 -> บิด | M9: =[2]หน้าผ้า!T18 -> 19 | N9: =[2]หน้าผ้า!U18 -> 28 | O9: =[2]หน้าผ้า!V18 -> 40 | P9: =[2]หน้าผ้า!AB18 -> 65.624643 | Q9: =[2]หน้าผ้า!AC18 -> 0 | R9: =[2]หน้าผ้า!AD18 -> 65.624643 | S9: =[2]หน้าผ้า!Z18 -> 500กระสอบ | T9: =[2]หน้าผ้า!X18 -> รอแจ้ง | U9: =[2]หน้าผ้า!AA18 -> 5000 | V9: =[2]หน้าผ้า!AJ18 -> 0 | W9: =[2]หน้าผ้า!AL18 -> 5000 | X9: =[2]หน้าผ้า!AM18 -> 0 | Y9: =[2]หน้าผ้า!AN18 -> 5250 | Z9: =[2]หน้าผ้า!AO18 -> WSWT1625800SM | AA9: =[2]หน้าผ้า!AQ18 -> 3702.05 | AB9: =[2]หน้าผ้า!AR18 -> 3372 | AC9: =[2]หน้าผ้า!AS18 -> 330.05 | AD9: =[2]หน้าผ้า!AT18 -> 0 | AE9: =[2]หน้าผ้า!AU18 -> 3702.05 | AF9: =[2]หน้าผ้า!AI18 -> 0 | AG9: =[3]หน้าผ้า!DC21 -> ยังไม่ได้พิมพ์ | AH9: =[2]หน้าผ้า!DL18 -> P8 | AI9: =[2]หน้าผ้า!DM18 -> 4 | AJ9: =[2]หน้าผ้า!DN18 -> รอแจ้ง | AK9: =[2]หน้าผ้า!DQ18 -> #VALUE! | AL9: =[2]หน้าผ้า!DR18 -> #VALUE! | AM9: =[2]หน้าผ้า!DS18 -> #VALUE! | AN9: =[2]หน้าผ้า!DT18 -> #VALUE! | AO9: =[2]หน้าผ้า!DU18 -> #VALUE! | AP9: =[2]หน้าผ้า!DP18 -> #VALUE! | AQ9: =[2]หน้าผ้า!DW18 -> #VALUE! | AR9: =[2]หน้าผ้า!DX18 -> 0 | AS9: =[2]หน้าผ้า!DY18 -> 0 | AT9: =[2]หน้าผ้า!DZ18 -> 0 | AU9: =[2]หน้าผ้า!EA18 -> 0 | AV9: =[2]หน้าผ้า!EB18 -> 0 | AW9: =[2]หน้าผ้า!EC18 -> งานเคลือบ+พิมพ์ | AX9: =[2]หน้าผ้า!ED18 -> รอART | AY9: =[2]หน้าผ้า!AG18 -> 0 | AZ9: =[2]หน้าผ้า!EG18 -> 0 | BA9: =[2]หน้าผ้า!EH18 -> 0 | BB9: =[2]หน้าผ้า!EI18 -> 0 | BC9: =[2]หน้าผ้า!BZ18 -> WRWT25800/WRWT25800 | BD9: =[2]หน้าผ้า!CA18 -> 18.776178
A10: =[2]หน้าผ้า!C19 -> 0 | B10: =[2]หน้าผ้า!B19 -> 0 | C10: =[2]หน้าผ้า!E19 -> 0 | D10: =[2]หน้าผ้า!F19 | E10: =[2]หน้าผ้า!G19 -> 16 | F10: =[2]หน้าผ้า!H19 -> 25 | G10: =[2]หน้าผ้า!I19 -> ขาว | H10: =[2]หน้าผ้า!J19 -> 0 | I10: =[2]หน้าผ้า!L19 -> 45 | J10: =[2]หน้าผ้า!M19 -> ± | K10: =[2]หน้าผ้า!N19 -> 5 | L10: =[2]หน้าผ้า!R19 -> 0 | M10: =[2]หน้าผ้า!T19 -> 0 | N10: =[2]หน้าผ้า!U19 -> 0 | O10: =[2]หน้าผ้า!V19 -> 0 | P10: =[2]หน้าผ้า!AB19 -> 0 | Q10: =[2]หน้าผ้า!AC19 -> 0 | R10: =[2]หน้าผ้า!AD19 -> 0 | S10: =[2]หน้าผ้า!Z19 -> 0 | T10: =[2]หน้าผ้า!X19 -> 0 | U10: =[2]หน้าผ้า!AA19 -> 0 | V10: =[2]หน้าผ้า!AJ19 -> 0 | W10: =[2]หน้าผ้า!AL19 -> 0 | X10: =[2]หน้าผ้า!AM19 -> 0 | Y10: =[2]หน้าผ้า!AN19 -> 0 | Z10: =[2]หน้าผ้า!AO19 -> WSWT1625800SM | AA10: =[2]หน้าผ้า!AQ19 -> 3702.05 | AB10: =[2]หน้าผ้า!AR19 -> 3372 | AC10: =[2]หน้าผ้า!AS19 -> 330.05 | AD10: =[2]หน้าผ้า!AT19 -> 0 | AE10: =[2]หน้าผ้า!AU19 -> 3702.05 | AF10: =[2]หน้าผ้า!AI19 -> ระบุในSD | AG10: =[3]หน้าผ้า!DC22 -> พร้อมส่ง | AH10: =[2]หน้าผ้า!DL19 -> 0 | AI10: =[2]หน้าผ้า!DM19 -> Lead time | AJ10: =[2]หน้าผ้า!DN19 -> 0 | AK10: =[2]หน้าผ้า!DQ19 -> 0 | AL10: =[2]หน้าผ้า!DR19 -> 0 | AM10: =[2]หน้าผ้า!DS19 -> 0 | AN10: =[2]หน้าผ้า!DT19 -> 0 | AO10: =[2]หน้าผ้า!DU19 -> 0 | AP10: =[2]หน้าผ้า!DP19 -> 0 | AQ10: =[2]หน้าผ้า!DW19 -> 0 | AR10: =[2]หน้าผ้า!DX19 -> 0 | AS10: =[2]หน้าผ้า!DY19 -> 0 | AT10: =[2]หน้าผ้า!DZ19 -> 0 | AU10: =[2]หน้าผ้า!EA19 -> 0 | AV10: =[2]หน้าผ้า!EB19 -> 0 | AW10: =[2]หน้าผ้า!EC19 -> 0 | AX10: =[2]หน้าผ้า!ED19 -> 0 | AY10: =[2]หน้าผ้า!AG19 -> 0 | AZ10: =[2]หน้าผ้า!EG19 -> 0 | BA10: =[2]หน้าผ้า!EH19 -> 0 | BB10: =[2]หน้าผ้า!EI19 -> 0 | BC10: =[2]หน้าผ้า!BZ19 -> WRWT160800/WRWT25800 | BD10: =[2]หน้าผ้า!CA19 -> 0
A11: =[2]หน้าผ้า!C20 -> 45751 | B11: =[2]หน้าผ้า!B20 -> MK68-000511 | C11: =[2]หน้าผ้า!E20 -> บจก.เคอรี่ฟลาวมิลล์ | D11: =[2]หน้าผ้า!F20 -> โบว์น้ำเงิน 10กก. | E11: =[2]หน้าผ้า!G20 -> 16 | F11: =[2]หน้าผ้า!H20 -> 25 | G11: =[2]หน้าผ้า!I20 -> ขาว | H11: =[2]หน้าผ้า!J20 -> 0 | I11: =[2]หน้าผ้า!L20 -> 45 | J11: =[2]หน้าผ้า!M20 -> ± | K11: =[2]หน้าผ้า!N20 -> 5 | L11: =[2]หน้าผ้า!R20 -> ไม่ | M11: =[2]หน้าผ้า!T20 -> ไม่สวมถุงใน | N11: =[2]หน้าผ้า!U20 -> 0 | O11: =[2]หน้าผ้า!V20 -> 0 | P11: =[2]หน้าผ้า!AB20 -> 0 | Q11: =[2]หน้าผ้า!AC20 -> 0 | R11: =[2]หน้าผ้า!AD20 -> 0 | S11: =[2]หน้าผ้า!Z20 -> ห่ออัดเบลแบน500 | T11: =[2]หน้าผ้า!X20 -> 45773 | U11: =[2]หน้าผ้า!AA20 -> 5000 | V11: =[2]หน้าผ้า!AJ20 -> 0 | W11: =[2]หน้าผ้า!AL20 -> 5000 | X11: =[2]หน้าผ้า!AM20 -> 0 | Y11: =[2]หน้าผ้า!AN20 -> 5250 | Z11: =[2]หน้าผ้า!AO20 -> WSWT1625800 | AA11: =[2]หน้าผ้า!AQ20 -> 3702.05 | AB11: =[2]หน้าผ้า!AR20 -> 3702.05 | AC11: =[2]หน้าผ้า!AS20 -> 0 | AD11: =[2]หน้าผ้า!AT20 -> 0 | AE11: =[2]หน้าผ้า!AU20 -> 0 | AF11: =[2]หน้าผ้า!AI20 -> PDR250117 | AG11: =[3]หน้าผ้า!DC23 -> ยังไม่ได้พิมพ์ | AH11: =[2]หน้าผ้า!DL20 -> P7 | AI11: =[2]หน้าผ้า!DM20 -> 2 | AJ11: =[2]หน้าผ้า!DN20 -> 45773 | AK11: =[2]หน้าผ้า!DQ20 -> 0 | AL11: =[2]หน้าผ้า!DR20 -> 45764 | AM11: =[2]หน้าผ้า!DS20 -> 45771 | AN11: =[2]หน้าผ้า!DT20 -> 45772 | AO11: =[2]หน้าผ้า!DU20 -> 45772 | AP11: =[2]หน้าผ้า!DP20 -> 45768 | AQ11: =[2]หน้าผ้า!DW20 -> 0 | AR11: =[2]หน้าผ้า!DX20 -> 0 | AS11: =[2]หน้าผ้า!DY20 -> 0 | AT11: =[2]หน้าผ้า!DZ20 -> 0 | AU11: =[2]หน้าผ้า!EA20 -> 0 | AV11: =[2]หน้าผ้า!EB20 -> 0 | AW11: =[2]หน้าผ้า!EC20 -> งานพิมพ์ | AX11: =[2]หน้าผ้า!ED20 -> / | AY11: =[2]หน้าผ้า!AG20 -> 0 | AZ11: =[2]หน้าผ้า!EG20 -> 0 | BA11: =[2]หน้าผ้า!EH20 -> 0 | BB11: =[2]หน้าผ้า!EI20 -> 0 | BC11: =[2]หน้าผ้า!BZ20 -> WRWT25800/WRWT25800 | BD11: =[2]หน้าผ้า!CA20 -> 0
A12: =[2]หน้าผ้า!C21 -> 45751 | B12: =[2]หน้าผ้า!B21 -> MK68-000511 | C12: =[2]หน้าผ้า!E21 -> บจก.เคอรี่ฟลาวมิลล์ | D12: =[2]หน้าผ้า!F21 -> โบว์แดง 10กก. | E12: =[2]หน้าผ้า!G21 -> 16 | F12: =[2]หน้าผ้า!H21 -> 25 | G12: =[2]หน้าผ้า!I21 -> ขาว | H12: =[2]หน้าผ้า!J21 -> 0 | I12: =[2]หน้าผ้า!L21 -> 45 | J12: =[2]หน้าผ้า!M21 -> ± | K12: =[2]หน้าผ้า!N21 -> 5 | L12: =[2]หน้าผ้า!R21 -> ไม่ | M12: =[2]หน้าผ้า!T21 -> ไม่สวมถุงใน | N12: =[2]หน้าผ้า!U21 -> 0 | O12: =[2]หน้าผ้า!V21 -> 0 | P12: =[2]หน้าผ้า!AB21 -> 0 | Q12: =[2]หน้าผ้า!AC21 -> 0 | R12: =[2]หน้าผ้า!AD21 -> 0 | S12: =[2]หน้าผ้า!Z21 -> ห่ออัดเบลแบน500 | T12: =[2]หน้าผ้า!X21 -> 45773 | U12: =[2]หน้าผ้า!AA21 -> 5000 | V12: =[2]หน้าผ้า!AJ21 -> 0 | W12: =[2]หน้าผ้า!AL21 -> 5000 | X12: =[2]หน้าผ้า!AM21 -> 0 | Y12: =[2]หน้าผ้า!AN21 -> 5250 | Z12: =[2]หน้าผ้า!AO21 -> WSWT1625800 | AA12: =[2]หน้าผ้า!AQ21 -> 3702.05 | AB12: =[2]หน้าผ้า!AR21 -> 3702.05 | AC12: =[2]หน้าผ้า!AS21 -> 0 | AD12: =[2]หน้าผ้า!AT21 -> 0 | AE12: =[2]หน้าผ้า!AU21 -> 0 | AF12: =[2]หน้าผ้า!AI21 -> PDR250117 | AG12: =[3]หน้าผ้า!DC24 -> พร้อมส่ง | AH12: =[2]หน้าผ้า!DL21 -> P7 | AI12: =[2]หน้าผ้า!DM21 -> 2 | AJ12: =[2]หน้าผ้า!DN21 -> 45773 | AK12: =[2]หน้าผ้า!DQ21 -> 0 | AL12: =[2]หน้าผ้า!DR21 -> 45764 | AM12: =[2]หน้าผ้า!DS21 -> 45771 | AN12: =[2]หน้าผ้า!DT21 -> 45772 | AO12: =[2]หน้าผ้า!DU21 -> 45772 | AP12: =[2]หน้าผ้า!DP21 -> 45768 | AQ12: =[2]หน้าผ้า!DW21 -> 0 | AR12: =[2]หน้าผ้า!DX21 -> 0 | AS12: =[2]หน้าผ้า!DY21 -> 0 | AT12: =[2]หน้าผ้า!DZ21 -> 0 | AU12: =[2]หน้าผ้า!EA21 -> 0 | AV12: =[2]หน้าผ้า!EB21 -> 0 | AW12: =[2]หน้าผ้า!EC21 -> งานพิมพ์ | AX12: =[2]หน้าผ้า!ED21 -> / | AY12: =[2]หน้าผ้า!AG21 -> 0 | AZ12: =[2]หน้าผ้า!EG21 -> 0 | BA12: =[2]หน้าผ้า!EH21 -> 0 | BB12: =[2]หน้าผ้า!EI21 -> 0 | BC12: =[2]หน้าผ้า!BZ21 -> WRWT25800/WRWT25800 | BD12: =[2]หน้าผ้า!CA21 -> 0
A13: =[2]หน้าผ้า!C22 -> 0 | B13: =[2]หน้าผ้า!B22 -> 0 | C13: =[2]หน้าผ้า!E22 -> 0 | D13: =[2]หน้าผ้า!F22 -> 0 | E13: =[2]หน้าผ้า!G22 -> 16 | F13: =[2]หน้าผ้า!H22 -> 25 | G13: =[2]หน้าผ้า!I22 -> ขาว | H13: =[2]หน้าผ้า!J22 -> 0 | I13: =[2]หน้าผ้า!L22 -> 45 | J13: =[2]หน้าผ้า!M22 -> ± | K13: =[2]หน้าผ้า!N22 -> 5 | L13: =[2]หน้าผ้า!R22 -> 0 | M13: =[2]หน้าผ้า!T22 -> 0 | N13: =[2]หน้าผ้า!U22 -> 0 | O13: =[2]หน้าผ้า!V22 -> 0 | P13: =[2]หน้าผ้า!AB22 -> 0 | Q13: =[2]หน้าผ้า!AC22 -> 0 | R13: =[2]หน้าผ้า!AD22 -> 0 | S13: =[2]หน้าผ้า!Z22 -> 0 | T13: =[2]หน้าผ้า!X22 -> 0 | U13: =[2]หน้าผ้า!AA22 -> 0 | V13: =[2]หน้าผ้า!AJ22 -> 0 | W13: =[2]หน้าผ้า!AL22 -> 0 | X13: =[2]หน้าผ้า!AM22 -> 0 | Y13: =[2]หน้าผ้า!AN22 -> 0 | Z13: =[2]หน้าผ้า!AO22 -> WSWT1625800 | AA13: =[2]หน้าผ้า!AQ22 -> 7404.1 | AB13: =[2]หน้าผ้า!AR22 -> 7404.1 | AC13: =[2]หน้าผ้า!AS22 -> 0 | AD13: =[2]หน้าผ้า!AT22 -> 0 | AE13: =[2]หน้าผ้า!AU22 -> 0 | AF13: =[2]หน้าผ้า!AI22 -> ระบุในSD | AG13: =[3]หน้าผ้า!DC25 -> ยังไม่ได้พิมพ์ | AH13: =[2]หน้าผ้า!DL22 -> 0 | AI13: =[2]หน้าผ้า!DM22 -> Lead time | AJ13: =[2]หน้าผ้า!DN22 -> 0 | AK13: =[2]หน้าผ้า!DQ22 -> 0 | AL13: =[2]หน้าผ้า!DR22 -> 0 | AM13: =[2]หน้าผ้า!DS22 -> 0 | AN13: =[2]หน้าผ้า!DT22 -> 0 | AO13: =[2]หน้าผ้า!DU22 -> 0 | AP13: =[2]หน้าผ้า!DP22 -> 0 | AQ13: =[2]หน้าผ้า!DW22 -> 0 | AR13: =[2]หน้าผ้า!DX22 -> 0 | AS13: =[2]หน้าผ้า!DY22 -> 0 | AT13: =[2]หน้าผ้า!DZ22 -> 0 | AU13: =[2]หน้าผ้า!EA22 -> 0 | AV13: =[2]หน้าผ้า!EB22 -> 0 | AW13: =[2]หน้าผ้า!EC22 -> 0 | AX13: =[2]หน้าผ้า!ED22 -> 0 | AY13: =[2]หน้าผ้า!AG22 -> 0 | AZ13: =[2]หน้าผ้า!EG22 -> 0 | BA13: =[2]หน้าผ้า!EH22 -> 0 | BB13: =[2]หน้าผ้า!EI22 -> 0 | BC13: =[2]หน้าผ้า!BZ22 -> WRWT160800/WRWT25800 | BD13: =[2]หน้าผ้า!CA22 -> 0
A14: =[2]หน้าผ้า!C23 -> 45744 | B14: =[2]หน้าผ้า!B23 -> MK68-000468 | C14: =[2]หน้าผ้า!E23 -> โรงสีธัญญกิจ(ราชบุรี) | D14: =[2]หน้าผ้า!F23 -> ราชสีห์(ข้าวหอมมะลิ) | E14: =[2]หน้าผ้า!G23 -> 16 | F14: =[2]หน้าผ้า!H23 -> 25 | G14: =[2]หน้าผ้า!I23 -> ขาว | H14: =[2]หน้าผ้า!J23 -> 0 | I14: =[2]หน้าผ้า!L23 -> 47 | J14: =[2]หน้าผ้า!M23 -> ± | K14: =[2]หน้าผ้า!N23 -> 5 | L14: =[2]หน้าผ้า!R23 -> ไม่ | M14: =[2]หน้าผ้า!T23 -> ไม่สวมถุงใน | N14: =[2]หน้าผ้า!U23 -> 0 | O14: =[2]หน้าผ้า!V23 -> 0 | P14: =[2]หน้าผ้า!AB23 -> 0 | Q14: =[2]หน้าผ้า!AC23 -> 0 | R14: =[2]หน้าผ้า!AD23 -> 0 | S14: =[2]หน้าผ้า!Z23 -> 500กระสอบ | T14: =[2]หน้าผ้า!X23 -> 45756 | U14: =[2]หน้าผ้า!AA23 -> 10000 | V14: =[2]หน้าผ้า!AJ23 -> 0 | W14: =[2]หน้าผ้า!AL23 -> 10000 | X14: =[2]หน้าผ้า!AM23 -> 0 | Y14: =[2]หน้าผ้า!AN23 -> 10500 | Z14: =[2]หน้าผ้า!AO23 -> WSWT1621720SMFX | AA14: =[2]หน้าผ้า!AQ23 -> 7404.1 | AB14: =[2]หน้าผ้า!AR23 -> 7300 | AC14: =[2]หน้าผ้า!AS23 -> 104.1 | AD14: =[2]หน้าผ้า!AT23 -> 0 | AE14: =[2]หน้าผ้า!AU23 -> 0 | AF14: =[2]หน้าผ้า!AI23 -> 0 | AG14: =[3]หน้าผ้า!DC26 -> ยังไม่ได้พิมพ์ | AH14: =[2]หน้าผ้า!DL23 -> P7 | AI14: =[2]หน้าผ้า!DM23 -> 2 | AJ14: =[2]หน้าผ้า!DN23 -> 45756 | AK14: =[2]หน้าผ้า!DQ23 -> 0 | AL14: =[2]หน้าผ้า!DR23 -> 45747 | AM14: =[2]หน้าผ้า!DS23 -> 45754 | AN14: =[2]หน้าผ้า!DT23 -> 45755 | AO14: =[2]หน้าผ้า!DU23 -> 45755 | AP14: =[2]หน้าผ้า!DP23 -> 45751 | AQ14: =[2]หน้าผ้า!DW23 -> 0 | AR14: =[2]หน้าผ้า!DX23 -> 0 | AS14: =[2]หน้าผ้า!DY23 -> 0 | AT14: =[2]หน้าผ้า!DZ23 -> 0 | AU14: =[2]หน้าผ้า!EA23 -> 0 | AV14: =[2]หน้าผ้า!EB23 -> 0 | AW14: =[2]หน้าผ้า!EC23 -> งานพิมพ์ | AX14: =[2]หน้าผ้า!ED23 -> / | AY14: =[2]หน้าผ้า!AG23 -> 0 | AZ14: =[2]หน้าผ้า!EG23 -> 0 | BA14: =[2]หน้าผ้า!EH23 -> 0 | BB14: =[2]หน้าผ้า!EI23 -> 0 | BC14: =[2]หน้าผ้า!BZ23 -> WRWT21720/WRWT21720 | BD14: =[2]หน้าผ้า!CA23 -> 6.196032
A15: =[2]หน้าผ้า!C24 -> 0 | B15: =[2]หน้าผ้า!B24 -> 0 | C15: =[2]หน้าผ้า!E24 -> 0 | D15: =[2]หน้าผ้า!F24 -> 0 | E15: =[2]หน้าผ้า!G24 -> 16 | F15: =[2]หน้าผ้า!H24 -> 25 | G15: =[2]หน้าผ้า!I24 -> 0 | H15: =[2]หน้าผ้า!J24 -> 0 | I15: =[2]หน้าผ้า!L24 -> 47 | J15: =[2]หน้าผ้า!M24 -> ± | K15: =[2]หน้าผ้า!N24 -> 5 | L15: =[2]หน้าผ้า!R24 -> 0 | M15: =[2]หน้าผ้า!T24 -> 0 | N15: =[2]หน้าผ้า!U24 -> 0 | O15: =[2]หน้าผ้า!V24 -> 0 | P15: =[2]หน้าผ้า!AB24 -> 0 | Q15: =[2]หน้าผ้า!AC24 -> 0 | R15: =[2]หน้าผ้า!AD24 -> 0 | S15: =[2]หน้าผ้า!Z24 -> 0 | T15: =[2]หน้าผ้า!X24 -> 0 | U15: =[2]หน้าผ้า!AA24 -> 0 | V15: =[2]หน้าผ้า!AJ24 -> 0 | W15: =[2]หน้าผ้า!AL24 -> 0 | X15: =[2]หน้าผ้า!AM24 -> 0 | Y15: =[2]หน้าผ้า!AN24 -> 0 | Z15: =[2]หน้าผ้า!AO24 -> WSWT1621720SMFX | AA15: =[2]หน้าผ้า!AQ24 -> 7404.1 | AB15: =[2]หน้าผ้า!AR24 -> 7300 | AC15: =[2]หน้าผ้า!AS24 -> 104.1 | AD15: =[2]หน้าผ้า!AT24 -> 0 | AE15: =[2]หน้าผ้า!AU24 -> 0 | AF15: =[2]หน้าผ้า!AI24 -> ระบุในSD | AG15: =[3]หน้าผ้า!DC27 -> พร้อมส่ง | AH15: =[2]หน้าผ้า!DL24 -> 0 | AI15: =[2]หน้าผ้า!DM24 -> 0 | AJ15: =[2]หน้าผ้า!DN24 -> 0 | AK15: =[2]หน้าผ้า!DQ24 -> 0 | AL15: =[2]หน้าผ้า!DR24 -> 0 | AM15: =[2]หน้าผ้า!DS24 -> 0 | AN15: =[2]หน้าผ้า!DT24 -> 0 | AO15: =[2]หน้าผ้า!DU24 -> 0 | AP15: =[2]หน้าผ้า!DP24 -> 0 | AQ15: =[2]หน้าผ้า!DW24 -> 0 | AR15: =[2]หน้าผ้า!DX24 -> 0 | AS15: =[2]หน้าผ้า!DY24 -> 0 | AT15: =[2]หน้าผ้า!DZ24 -> 0 | AU15: =[2]หน้าผ้า!EA24 -> 0 | AV15: =[2]หน้าผ้า!EB24 -> 0 | AW15: =[2]หน้าผ้า!EC24 -> 0 | AX15: =[2]หน้าผ้า!ED24 -> 0 | AY15: =[2]หน้าผ้า!AG24 -> 0 | AZ15: =[2]หน้าผ้า!EG24 -> 0 | BA15: =[2]หน้าผ้า!EH24 -> 0 | BB15: =[2]หน้าผ้า!EI24 -> 0 | BC15: =[2]หน้าผ้า!BZ24 -> WRWT160720/WRWT21720 | BD15: =[2]หน้าผ้า!CA24 -> 0
A16: =[2]หน้าผ้า!C25 -> 45752 | B16: =[2]หน้าผ้า!B25 -> MK68-000515 | C16: =[2]หน้าผ้า!E25 -> ร้านเห็ดไพลิน | D16: =[2]หน้าผ้า!F25 -> เพชร | E16: =[2]หน้าผ้า!G25 -> 18 | F16: =[2]หน้าผ้า!H25 -> 28 | G16: =[2]หน้าผ้า!I25 -> ขาว | H16: =[2]หน้าผ้า!J25 -> 0 | I16: =[2]หน้าผ้า!L25 -> 50 | J16: =[2]หน้าผ้า!M25 -> ± | K16: =[2]หน้าผ้า!N25 -> 5 | L16: =[2]หน้าผ้า!R25 -> ไม่ | M16: =[2]หน้าผ้า!T25 -> 19 | N16: =[2]หน้าผ้า!U25 -> 29 | O16: =[2]หน้าผ้า!V25 -> 40 | P16: =[2]หน้าผ้า!AB25 -> 67.96838 | Q16: =[2]หน้าผ้า!AC25 -> 0 | R16: =[2]หน้าผ้า!AD25 -> 67.96838 | S16: =[2]หน้าผ้า!Z25 -> 500กระสอบ | T16: =[2]หน้าผ้า!X25 -> 45770 | U16: =[2]หน้าผ้า!AA25 -> 5000 | V16: =[2]หน้าผ้า!AJ25 -> 0 | W16: =[2]หน้าผ้า!AL25 -> 5000 | X16: =[2]หน้าผ้า!AM25 -> 0 | Y16: =[2]หน้าผ้า!AN25 -> 5250 | Z16: =[2]หน้าผ้า!AO25 -> WSWT1825800 | AA16: =[2]หน้าผ้า!AQ25 -> 4121.15 | AB16: =[2]หน้าผ้า!AR25 -> 4121.15 | AC16: =[2]หน้าผ้า!AS25 -> 0 | AD16: =[2]หน้าผ้า!AT25 -> 0 | AE16: =[2]หน้าผ้า!AU25 -> 0 | AF16: =[2]หน้าผ้า!AI25 -> 0 | AG16: =[3]หน้าผ้า!DC28 -> ยังไม่ได้พิมพ์ | AH16: =[2]หน้าผ้า!DL25 -> P9 | AI16: =[2]หน้าผ้า!DM25 -> 3 | AJ16: =[2]หน้าผ้า!DN25 -> 45770 | AK16: =[2]หน้าผ้า!DQ25 -> 0 | AL16: =[2]หน้าผ้า!DR25 -> 45760 | AM16: =[2]หน้าผ้า!DS25 -> 45767 | AN16: =[2]หน้าผ้า!DT25 -> 45768 | AO16: =[2]หน้าผ้า!DU25 -> 45768 | AP16: =[2]หน้าผ้า!DP25 -> 45765 | AQ16: =[2]หน้าผ้า!DW25 -> 45769 | AR16: =[2]หน้าผ้า!DX25 -> 0 | AS16: =[2]หน้าผ้า!DY25 -> 0 | AT16: =[2]หน้าผ้า!DZ25 -> 0 | AU16: =[2]หน้าผ้า!EA25 -> 0 | AV16: =[2]หน้าผ้า!EB25 -> 0 | AW16: =[2]หน้าผ้า!EC25 -> งานพิมพ์ | AX16: =[2]หน้าผ้า!ED25 -> / | AY16: =[2]หน้าผ้า!AG25 -> 0 | AZ16: =[2]หน้าผ้า!EG25 -> 0 | BA16: =[2]หน้าผ้า!EH25 -> 0 | BB16: =[2]หน้าผ้า!EI25 -> 0 | BC16: =[2]หน้าผ้า!BZ25 -> WRWT25800/WRWT25800 | BD16: =[2]หน้าผ้า!CA25 -> 0
A17: =[2]หน้าผ้า!C26 -> ประมาณการ | B17: =[2]หน้าผ้า!B26 -> ประมาณการ | C17: =[2]หน้าผ้า!E26 -> บจก.ฟาร์เธอร์ส วิง ซัพพลาย | D17: =[2]หน้าผ้า!F26 -> รถไฟ | E17: =[2]หน้าผ้า!G26 -> 18 | F17: =[2]หน้าผ้า!H26 -> 30 | G17: =[2]หน้าผ้า!I26 -> ขาว | H17: =[2]หน้าผ้า!J26 -> 0 | I17: =[2]หน้าผ้า!L26 -> 54 | J17: =[2]หน้าผ้า!M26 -> ± | K17: =[2]หน้าผ้า!N26 -> 5 | L17: =[2]หน้าผ้า!R26 -> บิด | M17: =[2]หน้าผ้า!T26 -> 19 | N17: =[2]หน้าผ้า!U26 -> 33 | O17: =[2]หน้าผ้า!V26 -> 40 | P17: =[2]หน้าผ้า!AB26 -> 232.02999 | Q17: =[2]หน้าผ้า!AC26 -> 0 | R17: =[2]หน้าผ้า!AD26 -> 232.02999 | S17: =[2]หน้าผ้า!Z26 -> 500กระสอบ | T17: =[2]หน้าผ้า!X26 -> 45777 | U17: =[2]หน้าผ้า!AA26 -> 15000 | V17: =[2]หน้าผ้า!AJ26 -> 0 | W17: =[2]หน้าผ้า!AL26 -> 15000 | X17: =[2]หน้าผ้า!AM26 -> 0 | Y17: =[2]หน้าผ้า!AN26 -> 15750 | Z17: =[2]หน้าผ้า!AO26 -> WSWT1825800 | AA17: =[2]หน้าผ้า!AQ26 -> 13201.65 | AB17: =[2]หน้าผ้า!AR26 -> 7949 | AC17: =[2]หน้าผ้า!AS26 -> 5252.65 | AD17: =[2]หน้าผ้า!AT26 -> 0 | AE17: =[2]หน้าผ้า!AU26 -> 0 | AF17: =[2]หน้าผ้า!AI26 -> 0 | AG17: =[3]หน้าผ้า!DC29 -> ยังไม่ได้พิมพ์ | AH17: =[2]หน้าผ้า!DL26 -> P9 | AI17: =[2]หน้าผ้า!DM26 -> 3 | AJ17: =[2]หน้าผ้า!DN26 -> 45777 | AK17: =[2]หน้าผ้า!DQ26 -> 0 | AL17: =[2]หน้าผ้า!DR26 -> 45767 | AM17: =[2]หน้าผ้า!DS26 -> 45774 | AN17: =[2]หน้าผ้า!DT26 -> 45775 | AO17: =[2]หน้าผ้า!DU26 -> 45775 | AP17: =[2]หน้าผ้า!DP26 -> 45772 | AQ17: =[2]หน้าผ้า!DW26 -> 45776 | AR17: =[2]หน้าผ้า!DX26 -> 0 | AS17: =[2]หน้าผ้า!DY26 -> 0 | AT17: =[2]หน้าผ้า!DZ26 -> 0 | AU17: =[2]หน้าผ้า!EA26 -> 0 | AV17: =[2]หน้าผ้า!EB26 -> 0 | AW17: =[2]หน้าผ้า!EC26 -> งานพิมพ์ | AX17: =[2]หน้าผ้า!ED26 -> รอART | AY17: =[2]หน้าผ้า!AG26 -> 0 | AZ17: =[2]หน้าผ้า!EG26 -> 0 | BA17: =[2]หน้าผ้า!EH26 -> 0 | BB17: =[2]หน้าผ้า!EI26 -> 0 | BC17: =[2]หน้าผ้า!BZ26 -> WRWT25800/WRWT25800 | BD17: =[2]หน้าผ้า!CA26 -> 361.38232
... A574: =[2]หน้าผ้า!C583 -> 0 | B574: =[2]หน้าผ้า!B583 -> 0 | C574: =[2]หน้าผ้า!E583 -> 0 | D574: =[2]หน้าผ้า!F583 -> 0 | E574: =[2]หน้าผ้า!G583 -> 0 | F574: =[2]หน้าผ้า!H583 -> 0 | G574: =[2]หน้าผ้า!I583 -> 0 | H574: =[2]หน้าผ้า!J583 -> 0 | I574: =[2]หน้าผ้า!L583 -> 0 | J574: =[2]หน้าผ้า!M583 -> 0 | K574: =[2]หน้าผ้า!N583 -> 0 | L574: =[2]หน้าผ้า!R583 -> 0 | M574: =[2]หน้าผ้า!T583 -> 0 | N574: =[2]หน้าผ้า!U583 -> 0 | O574: =[2]หน้าผ้า!V583 -> 0 | P574: =[2]หน้าผ้า!AB583 -> 0 | Q574: =[2]หน้าผ้า!AC583 -> 0 | R574: =[2]หน้าผ้า!AD583 -> 0 | S574: =[2]หน้าผ้า!Z583 -> 0 | T574: =[2]หน้าผ้า!X583 -> 0 | U574: =[2]หน้าผ้า!AA583 -> 0 | V574: =[2]หน้าผ้า!AJ583 -> 0 | W574: =[2]หน้าผ้า!AL583 -> 0 | X574: =[2]หน้าผ้า!AM583 -> 0 | Y574: =[2]หน้าผ้า!AN583 -> 0 | Z574: =[2]หน้าผ้า!AO583 -> 0 | AA574: =[2]หน้าผ้า!AQ583 -> 0 | AB574: =[2]หน้าผ้า!AR583 -> 0 | AC574: =[2]หน้าผ้า!AS583 -> 0 | AD574: =[2]หน้าผ้า!AT583 -> 0 | AE574: =[2]หน้าผ้า!AU583 -> 0 | AF574: =[2]หน้าผ้า!AI583 -> 0 | AG574: =[3]หน้าผ้า!DC586 -> 0 | AH574: =[2]หน้าผ้า!DL583 -> 0 | AI574: =[2]หน้าผ้า!DM583 -> 0 | AJ574: =[2]หน้าผ้า!DN583 -> 0 | AK574: =[2]หน้าผ้า!DQ583 -> 0 | AL574: =[2]หน้าผ้า!DR583 -> 0 | AM574: =[2]หน้าผ้า!DS583 -> 0 | AN574: =[2]หน้าผ้า!DT583 -> 0 | AO574: =[2]หน้าผ้า!DU583 -> 0 | AP574: =[2]หน้าผ้า!DP583 -> 0 | AQ574: =[2]หน้าผ้า!DW583 -> 0 | AR574: =[2]หน้าผ้า!DX583 -> 0 | AS574: =[2]หน้าผ้า!DY583 -> 0 | AT574: =[2]หน้าผ้า!DZ583 -> 0 | AU574: =[2]หน้าผ้า!EA583 -> 0 | AV574: =[2]หน้าผ้า!EB583 -> 0 | AW574: =[2]หน้าผ้า!EC583 -> 0 | AX574: =[2]หน้าผ้า!ED583 -> 0 | AY574: =[2]หน้าผ้า!AG583 -> 0 | AZ574: =[2]หน้าผ้า!EG583 -> 0 | BA574: =[2]หน้าผ้า!EH583 -> 0 | BB574: =[2]หน้าผ้า!EI583 -> 0 | BC574: =[2]หน้าผ้า!BZ583 -> 0 | BD574: =[2]หน้าผ้า!CA583 -> 0

Sheet 3(Order+Fc) แยกลูกค้า
A1: เลขที่ SO | B1: (หลายรายการ)
A2: วันส่ง | B2: รอแจ้ง | D2: 12 | I2: เมตร | J2: vn | K2: ใบ | P2: วัน
A4: ประเภท | B4: ชื่อลูกค้า | C4: ผลรวม ของ จำนวนส่ง | D4: ผลรวม ของ ค้างพิมพ์ | E4: ผลรวม ของ ค้างตัด | F4: ผลรวม ของ Stock | G4: ผลรวม ของ ใช้ | H4: ผลรวม ของ ค้างทอ
A5: WSWT1625800SM | B5: บจก.ซัน ซีเมนต์ โพรเซส | C5: 5000 | D5: 5250 | E5: 5000 | F5: 3372 | G5: 3702.05 | H5: 330.05 | I5: =H5 -> 330.05
A6: WSWT1625800SM ผลรวม | C6: 5000 | D6: 5250 | E6: 5000 | F6: 3372 | G6: 3702.05 | H6: 330.05
A7: WSWT1825800SM | B7: บจก.ซิเบลโก้ | C7: 10000 | D7: 10500 | E7: 10000 | F7: 0 | G7: 8801.1 | H7: 8801.1 | I7: =H7 -> 8801.1
A8: WSWT1825800SM ผลรวม | C8: 10000 | D8: 10500 | E8: 10000 | F8: 0 | G8: 8801.1 | H8: 8801.1 | I8: =H8 -> 8801.1
A9: WSWT1925800 | B9: บจก.ไลม์มาสเตอร์ | C9: 10000 | D9: 10500 | E9: 10000 | F9: 0 | G9: 9359.9 | H9: 9359.9 | I9: =H9 -> 9359.9
A10: WSWT1925800 ผลรวม | C10: 10000 | D10: 10500 | E10: 10000 | F10: 0 | G10: 9359.9 | H10: 9359.9 | I10: =H10 -> 9359.9
A11: WSWT2025700 | B11: บจก.เบทาโกร | C11: 50000 | D11: 0 | E11: 50000 | F11: 14387 | G11: 55181.5 | H11: 40794.5
A12: WSWT2025700 ผลรวม | C12: 50000 | D12: 0 | E12: 50000 | F12: 14387 | G12: 55181.5 | H12: 40794.5 | I12: =H12 -> 40794.5
A13: WSWT2025800 | B13: บจก.อินเทคค์ โกลบอล | C13: 110000 | D13: 115500 | E13: 110000 | F13: 0 | G13: 115252.5 | H13: 115252.5
A14: WSWT2025800 ผลรวม | C14: 110000 | D14: 115500 | E14: 110000 | F14: 0 | G14: 115252.5 | H14: 115252.5 | I14: =H14 -> 115252.5 | P14: 15000 | Q14: =+K14/P14 -> 0
A15: WSWT2025800SM | B15: บจก.ไทยธรรมดี | C15: 40000 | D15: 42000 | E15: 40000 | F15: 0 | G15: 43027.6 | H15: 43027.6
B16: บจก.อินเทคค์ โกลบอล | C16: 7227 | D16: 0 | E16: 7160 | F16: 0 | G16: 0 | H16: 0 | I16: =H16 -> 0
B17: บจก.เอพีเอ็ม อะโกร | C17: 5000 | D17: 5250 | E17: 5000 | F17: 0 | G17: 5518.15 | H17: 5518.15 | I17: =H17 -> 5518.15
B18: บจก.เอสพีเอ็ม อาหารสัตว์ | C18: 23000 | D18: 24150 | E18: 23000 | F18: 0 | G18: 25551.13 | H18: 25551.13 | I18: =H18 -> 25551.13
A19: WSWT2025800SM ผลรวม | C19: 75227 | D19: 71400 | E19: 75160 | F19: 0 | G19: 74096.88 | H19: 74096.88 | I19: =H19 -> 74096.88
A20: WSWT2121670SM | B20: บจก.ที.ซี.ยูเนี่ยน อโกรเทค | C20: 42000 | D20: 44100 | E20: 42000 | F20: 34422.08 | G20: 45178.98 | H20: 10756.9 | I20: =H20 -> 10756.9 | P20: 16000 | Q20: =+K20/P20 -> 0
B21: บจก.เอพีเอ็ม อะโกร | C21: 32000 | D21: 33600 | E21: 32000 | F21: 20703.54 | G21: 36154.36 | H21: 15450.82
B22: บจก.เอสพีเอ็ม อาหารสัตว์ | C22: 5000 | D22: 5250 | E22: 5000 | F22: 0 | G22: 5518.15 | H22: 5518.15 | I22: =H22 -> 5518.15
A23: WSWT2121670SM ผลรวม | C23: 79000 | D23: 82950 | E23: 79000 | F23: 55125.62 | G23: 86851.49 | H23: 31725.87
A24: WSWT2321112512551 | B24: บจก.น้ำตาลทิพย์สุโขทัย | C24: 106278 | D24: 111591.9 | E24: 106278 | F24: 0 | G24: 114322.18 | H24: 114322.18 | I24: =H24 -> 114322.18
A25: WSWT2321112512551 ผลรวม | C25: 106278 | D25: 111591.9 | E25: 106278 | F25: 0 | G25: 114322.18 | H25: 114322.18
A26: WSWT2625650 | B26: บจก.โอเชี่ยนฟีด | C26: 40000 | D26: 0 | E26: 40000 | F26: 0 | G26: 48615.6 | H26: 48615.6 | I26: =H26 -> 48615.6
B27: บจก.กบินทร์อินทรีย์ | C27: 10000 | D27: 10500 | E27: 10000 | F27: 0 | G27: 11874.5 | H27: 11874.5
A28: WSWT2625650 ผลรวม | C28: 50000 | D28: 10500 | E28: 50000 | F28: 0 | G28: 60490.1 | H28: 60490.1 | I28: =H28 -> 60490.1
A29: WSWT2625800 | B29: บจก.ที.ซี.ยูเนี่ยน อโกรเทค | C29: 30000 | D29: 0 | E29: 30000 | F29: 6278 | G29: 37299.9 | H29: 31021.9 | I29: =H29 -> 31021.9
A30: WSWT2625800 ผลรวม | C30: 30000 | D30: 0 | E30: 30000 | F30: 6278 | G30: 37299.9 | H30: 31021.9 | I30: =H30 -> 31021.9
A31: WSWT2625850SM | B31: บจก.ที.ซี.ยูเนี่ยน อโกรเทค | C31: 20000 | D31: 21000 | E31: 20000 | F31: 0 | G31: 24866.6 | H31: 24866.6 | P31: 15000 | Q31: =+K31/P31 -> 0
A32: WSWT2625850SM ผลรวม | C32: 20000 | D32: 21000 | E32: 20000 | F32: 0 | G32: 24866.6 | H32: 24866.6 | I32: =H32 -> 24866.6
A33: ผลรวมทั้งหมด | C33: 545505 | D33: 439191.9 | E33: 545438 | F33: 79162.62 | G33: 590224.2 | H33: 511061.58 | I33: =H33 -> 511061.58
I34: =H34 -> 0
I35: =H35 -> 0
I36: =H36 -> 0
I37: =H37 -> 0
I38: =H38 -> 0
I39: =H39 -> 0
I40: =H40 -> 0
I42: =H42 -> 0
I44: =H44 -> 0
I45: =H45 -> 0
J46: 74000
I47: =H47 -> 0
I48: =H48 -> 0
I51: =H51 -> 0
I52: =H52 -> 0
I54: =H54 -> 0
I55: =H55 -> 0
I56: =H56-J56 -> -166000 | J56: 166000
I58: =H58 -> 0
I59: =H59 -> 0
I60: =H60 -> 0
I61: =H61 -> 0
I62: =H62 -> 0
I64: =H64 -> 0
I65: =H65 -> 0
I66: =H66 -> 0
I68: =H68 -> 0
I70: =H70 -> 0
I72: =H72 -> 0
I73: =H73 -> 0
I75: =SUM(I5:I74) -> 969540.12
I79: =I75+I77 -> 969540.12 | J79: 16 | K79: =+I79*0.9779 -> 948113.29
I81: =+I79/J79 -> 60596.258 | K81: =+K79*85 -> 80589629
K83: =+K81/1000 -> 80589.629
D119: Cap พิมพ์ | E119: Cap ตัด | F119: Stock 16/7 บ่าย | G119: Cap ทอ | I119: วันทงาน
B120: lส่ง | C120: 1-16/7 | D120: 160000 | E120: 160000 | G120: 120000 | I120: 12
C121: 1975256 | D121: =+D120*I120 -> 1920000 | E121: =+E120*I120 -> 1920000 | F121: 825147 | G121: =+G120*I120 -> 1440000
A122: เบทาโกรส่งแล้ว | B122: 20700 | C122: 424374
A123: เบทาโกรส่งแล้ว | B123: 20800 | C123: 155973
C126: รวมส่ง+ค้างส่ง | D126: ส่วนต่างCapคงเหลือ | E126: ส่วนต่างCapคงเหลือ | F126: คงเหลือ
C127: =+C50+C121 -> 1975256 | D127: =+D121-D50 -> 1920000 | E127: =+E121-E50 -> 1920000 | F127: =+F121-F50 -> 825147 | G127: =+G121-G50 -> 1440000
B129: 20700VN 20/7 | G129: 350000

Sheet 5(Order)
A2: เลขที่ SO | B2: (หลายรายการ)
A3: วันส่ง | B3: รอแจ้ง
A4: ชื่อลูกค้า | B4: (ทั้งหมด)
A6: ประเภท | B6: ผลรวม ของ จำนวนส่ง | C6: ผลรวม ของ ค้างพิมพ์ | D6: ผลรวม ของ ค้างตัด | E6: ผลรวม ของ Stock | F6: ผลรวม ของ ใช้ | G6: ผลรวม ของ ค้างทอ
A7: WSWT19251000SM | B7: 400 | C7: 0 | D7: 400 | E7: 0 | F7: 0 | G7: 0
A8: WSWT2025800SM | B8: 35935 | C8: 25200 | D8: 35868 | E8: 0 | F8: 26654.76 | G8: 26654.76
A9: WSWT2121670SM | B9: 59000 | C9: 61950 | D9: 59000 | E9: 43530.52 | F9: 64499.49 | G9: 20968.97
A10: WSWT2321112512551 | B10: 106278 | C10: 111591.9 | D10: 106278 | E10: 0 | F10: 114322.18 | G10: 114322.18
A11: WSWT2321750 | B11: 1000 | C11: 0 | D11: 1000 | E11: 0 | F11: 1159.51 | G11: 1159.51
A12: WSWT2625650 | B12: 4000 | C12: 4200 | D12: 4000 | E12: 0 | F12: 4749.8 | G12: 4749.8
A13: WSWT2625800 | B13: 10000 | C13: 0 | D13: 10000 | E13: 6278 | F13: 12433.3 | G13: 6155.3
A14: ผลรวมทั้งหมด | B14: 216613 | C14: 202941.9 | D14: 216546 | E14: 49808.52 | F14: 223819.04 | G14: 174010.52
A37: ยอดส่ง 1/1/68 - 17/1/68 | B37: 1287052
A38: Order+ส่ง | B38: =++B22+B37 -> 1287052
A39: ประมาณการ | I39: 0
A41: Order+ส่ง+ประมาณการ | B41: =+B22+B37+B39+B29 -> 1287052 | C41: =+C22+C37+C39+C29 -> 0 | D41: =+D22+D37+D39+D29 -> 0 | E41: =+E22+E37+E39+E29 -> 0 | F41: =+F22+F37+F39+F29 -> 0 | G41: =+G22+G37+G39+G29 -> 0
B43: 3000000 | I43: 9
B45: =+B41-B43 -> -1712948
D46: =+D22/I43 -> 0
C47: =+C41/I43 -> 0 | D47: =+D41/I43 -> 0 | G47: =+G41/I43 -> 0

Sheet 3(Order) แยกลูกค้า
A1: เลขที่ SO | B1: (หลายรายการ)
A2: วันส่ง | B2: รอแจ้ง
A4: ประเภท | B4: ชื่อลูกค้า | C4: ผลรวม ของ จำนวนส่ง | D4: ผลรวม ของ ค้างพิมพ์ | E4: ผลรวม ของ ค้างตัด | F4: ผลรวม ของ Stock | G4: ผลรวม ของ ค้างทอ | I4: vn
A5: WSWT2025800SM | B5: บจก.อินเทคค์ โกลบอล | C5: 6250 | D5: 0 | E5: 6183 | F5: 0 | G5: 0 | H5: =G5 -> 0
A6: WSWT2025800SM ผลรวม | C6: 6250 | D6: 0 | E6: 6183 | F6: 0 | G6: 0 | H6: =G6 -> 0
A7: WSWT2121670SM | B7: บจก.ที.ซี.ยูเนี่ยน อโกรเทค | C7: 32000 | D7: 33600 | E7: 32000 | F7: 34422.08 | G7: 0 | H7: =G7 -> 0
B8: บจก.เอพีเอ็ม อะโกร | C8: 14000 | D8: 14700 | E8: 14000 | F8: 0 | G8: 15450.82
B9: บจก.เอสพีเอ็ม อาหารสัตว์ | C9: 5000 | D9: 5250 | E9: 5000 | F9: 0 | G9: 5518.15 | H9: =G9 -> 5518.15
A10: WSWT2121670SM ผลรวม | C10: 51000 | D10: 53550 | E10: 51000 | F10: 34422.08 | G10: 20968.97 | H10: =G10 -> 20968.97
A11: WSWT2321112512551 | B11: บจก.น้ำตาลทิพย์สุโขทัย | C11: 106278 | D11: 111591.9 | E11: 106278 | F11: 0 | G11: 114322.18
A12: WSWT2321112512551 ผลรวม | C12: 106278 | D12: 111591.9 | E12: 106278 | F12: 0 | G12: 114322.18 | H12: =G12 -> 114322.18
A13: WSWT2625800 | B13: บจก.ที.ซี.ยูเนี่ยน อโกรเทค | C13: 10000 | D13: 0 | E13: 10000 | F13: 6278 | G13: 6155.3 | H13: =G13 -> 6155.3
A14: WSWT2625800 ผลรวม | C14: 10000 | D14: 0 | E14: 10000 | F14: 6278 | G14: 6155.3 | H14: =G14 -> 6155.3
A15: ผลรวมทั้งหมด | C15: 173528 | D15: 165141.9 | E15: 173461 | F15: 40700.08 | G15: 141446.45
H16: =G16 -> 0
H18: =G18 -> 0
H19: =G19 -> 0
H20: =G20 -> 0
H21: =G21 -> 0
H23: =G23 -> 0
H25: =G25 -> 0
H27: =G27 -> 0
H28: =G28 -> 0
H29: =G29 -> 0
H31: =G31 -> 0
H32: =G32 -> 0
... H68: =G68 -> 0
H70: =SUM(H5:H69) -> 153119.9
D119: Cap พิมพ์ | E119: Cap ตัด | F119: Stock 16/7 บ่าย | G119: Cap ทอ | I119: วันทงาน
B120: lส่ง | C120: 1-16/7 | D120: 160000 | E120: 160000 | G120: 120000 | I120: 12
C121: 1975256 | D121: =+D120*I120 -> 1920000 | E121: =+E120*I120 -> 1920000 | F121: 825147 | G121: =+G120*I120 -> 1440000
A122: เบทาโกรส่งแล้ว | B122: 20700 | C122: 424374
A123: เบทาโกรส่งแล้ว | B123: 20800 | C123: 155973
C126: รวมส่ง+ค้างส่ง | D126: ส่วนต่างCapคงเหลือ | E126: ส่วนต่างCapคงเหลือ | F126: คงเหลือ
C127: =+C50+C121 -> 1975256 | D127: =+D121-D50 -> 1920000 | E127: =+E121-E50 -> 1920000 | F127: =+F121-F50 -> 825147 | G127: =+G121-G50 -> 1440000
B129: 20700VN 20/7 | G129: 350000

Sheet 3(Fc) แยกลูกค้
A1: เลขที่ SO | B1: ประมาณการ
A2: วันส่ง | B2: รอแจ้ง | D2: 12
A4: ประเภท | B4: ชื่อลูกค้า | C4: ผลรวม ของ จำนวนส่ง | D4: ผลรวม ของ ค้างพิมพ์ | E4: ผลรวม ของ ค้างตัด | F4: ผลรวม ของ Stock | G4: ผลรวม ของ ใช้ | H4: ผลรวม ของ ค้างทอ
A5: WSWT1625800SM | B5: บจก.ซัน ซีเมนต์ โพรเซส | C5: 5000 | D5: 5250 | E5: 5000 | F5: 3372 | G5: 3702.05 | H5: 330.05
A6: WSWT1625800SM ผลรวม | C6: 5000 | D6: 5250 | E6: 5000 | F6: 3372 | G6: 3702.05 | H6: 330.05
A7: WSWT1825800SM | B7: บจก.ซิเบลโก้ | C7: 10000 | D7: 10500 | E7: 10000 | F7: 0 | G7: 8801.1 | H7: 8801.1
A8: WSWT1825800SM ผลรวม | C8: 10000 | D8: 10500 | E8: 10000 | F8: 0 | G8: 8801.1 | H8: 8801.1
A9: WSWT1925800 | B9: บจก.ไลม์มาสเตอร์ | C9: 10000 | D9: 10500 | E9: 10000 | F9: 0 | G9: 9359.9 | H9: 9359.9
A10: WSWT1925800 ผลรวม | C10: 10000 | D10: 10500 | E10: 10000 | F10: 0 | G10: 9359.9 | H10: 9359.9
A11: WSWT2025700 | B11: บจก.เบทาโกร | C11: 50000 | D11: 0 | E11: 50000 | F11: 14387 | G11: 55181.5 | H11: 40794.5
A12: WSWT2025700 ผลรวม | C12: 50000 | D12: 0 | E12: 50000 | F12: 14387 | G12: 55181.5 | H12: 40794.5
A13: WSWT2025800 | B13: บจก.อินเทคค์ โกลบอล | C13: 110000 | D13: 115500 | E13: 110000 | F13: 0 | G13: 115252.5 | H13: 115252.5
A14: WSWT2025800 ผลรวม | C14: 110000 | D14: 115500 | E14: 110000 | F14: 0 | G14: 115252.5 | H14: 115252.5
A15: WSWT2025800SM | B15: บจก.ไทยธรรมดี | C15: 40000 | D15: 42000 | E15: 40000 | F15: 0 | G15: 43027.6 | H15: 43027.6
B16: บจก.เอสพีเอ็ม อาหารสัตว์ | C16: 20000 | D16: 21000 | E16: 20000 | F16: 0 | G16: 22072.6 | H16: 22072.6
A17: WSWT2025800SM ผลรวม | C17: 60000 | D17: 63000 | E17: 60000 | F17: 0 | G17: 65100.2 | H17: 65100.2
A18: WSWT2121670SM | B18: บจก.ที.ซี.ยูเนี่ยน อโกรเทค | C18: 10000 | D18: 10500 | E18: 10000 | F18: 0 | G18: 10756.9 | H18: 10756.9
B19: บจก.เอพีเอ็ม อะโกร | C19: 10000 | D19: 10500 | E19: 10000 | F19: 11595.1 | G19: 11595.1 | H19: 0
A20: WSWT2121670SM ผลรวม | C20: 20000 | D20: 21000 | E20: 20000 | F20: 11595.1 | G20: 22352 | H20: 10756.9
A21: WSWT2625650 | B21: บจก.โอเชี่ยนฟีด | C21: 40000 | D21: 0 | E21: 40000 | F21: 0 | G21: 48615.6 | H21: 48615.6
B22: บจก.กบินทร์อินทรีย์ | C22: 10000 | D22: 10500 | E22: 10000 | F22: 0 | G22: 11874.5 | H22: 11874.5
A23: WSWT2625650 ผลรวม | C23: 50000 | D23: 10500 | E23: 50000 | F23: 0 | G23: 60490.1 | H23: 60490.1
A24: WSWT2625800 | B24: บจก.ที.ซี.ยูเนี่ยน อโกรเทค | C24: 20000 | D24: 0 | E24: 20000 | F24: 0 | G24: 24866.6 | H24: 24866.6
A25: WSWT2625800 ผลรวม | C25: 20000 | D25: 0 | E25: 20000 | F25: 0 | G25: 24866.6 | H25: 24866.6
A26: WSWT2625850SM | B26: บจก.ที.ซี.ยูเนี่ยน อโกรเทค | C26: 20000 | D26: 21000 | E26: 20000 | F26: 0 | G26: 24866.6 | H26: 24866.6
A27: WSWT2625850SM ผลรวม | C27: 20000 | D27: 21000 | E27: 20000 | F27: 0 | G27: 24866.6 | H27: 24866.6
A28: ผลรวมทั้งหมด | C28: 355000 | D28: 257250 | E28: 355000 | F28: 29354.1 | G28: 389972.55 | H28: 360618.45
D119: Cap พิมพ์ | E119: Cap ตัด | F119: Stock 16/7 บ่าย | G119: Cap ทอ | I119: วันทงาน
B120: lส่ง | C120: 1-16/7 | D120: 160000 | E120: 160000 | G120: 120000 | I120: 12
C121: 1975256 | D121: =+D120*I120 -> 1920000 | E121: =+E120*I120 -> 1920000 | F121: 825147 | G121: =+G120*I120 -> 1440000
A122: เบทาโกรส่งแล้ว | B122: 20700 | C122: 424374
A123: เบทาโกรส่งแล้ว | B123: 20800 | C123: 155973
C126: รวมส่ง+ค้างส่ง | D126: ส่วนต่างCapคงเหลือ | E126: ส่วนต่างCapคงเหลือ | F126: คงเหลือ
C127: =+C50+C121 -> 1975256 | D127: =+D121-D50 -> 1920000 | E127: =+E121-E50 -> 1920000 | F127: =+F121-F50 -> 825147 | G127: =+G121-G50 -> 1440000
B129: 20700VN 20/7 | G129: 350000

Sheet 4(Order+FC) (-4)
A2: เลขที่ SO | B2: (หลายรายการ)
A3: วันส่ง | B3: รอแจ้ง
A4: ชื่อลูกค้า | B4: (ทั้งหมด)
A6: ประเภท | B6: ผลรวม ของ จำนวนส่ง | C6: ผลรวม ของ ค้างพิมพ์ | D6: ผลรวม ของ ค้างตัด | E6: ผลรวม ของ Stock | F6: ผลรวม ของ ใช้ | G6: ผลรวม ของ ค้างทอ
A7: WSWT1625800SM | B7: 5000 | C7: 5250 | D7: 5000 | E7: 3372 | F7: 3702.05 | G7: 330.05 | H7: =+J7-I7 -> 330.05 | J7: =G7 -> 330.05
A8: WSWT1825800SM | B8: 10000 | C8: 10500 | D8: 10000 | E8: 0 | F8: 8801.1 | G8: 8801.1 | H8: =+J8-I8 -> 8801.1 | J8: =G8 -> 8801.1
A9: WSWT1925800 | B9: 10000 | C9: 10500 | D9: 10000 | E9: 0 | F9: 9359.9 | G9: 9359.9 | H9: =+J9-I9 -> 9359.9 | J9: =G9 -> 9359.9
A10: WSWT2025700 | B10: 50000 | C10: 0 | D10: 50000 | E10: 14387 | F10: 55181.5 | G10: 40794.5 | H10: =+J10-I10 -> 40794.5 | J10: =G10 -> 40794.5
A11: WSWT2025800 | B11: 110000 | C11: 115500 | D11: 110000 | E11: 0 | F11: 115252.5 | G11: 115252.5 | H11: =+J11-I11 -> 115252.5 | J11: =G11 -> 115252.5
A12: WSWT2025800SM | B12: 69250 | C12: 66150 | D12: 69183 | E12: 0 | F12: 68578.73 | G12: 68578.73 | H12: =+J12-I12 -> 68578.73 | J12: =G12 -> 68578.73
A13: WSWT2121670SM | B13: 71000 | C13: 74550 | D13: 71000 | E13: 46017.18 | F13: 77743.05 | G13: 31725.87 | H13: =+J13-I13 -> 31725.87 | J13: =G13 -> 31725.87
A14: WSWT2321112512551 | B14: 106278 | C14: 111591.9 | D14: 106278 | E14: 0 | F14: 114322.18 | G14: 114322.18 | H14: =+J14-I14 -> 114322.18 | J14: =G14 -> 114322.18
A15: WSWT2625650 | B15: 50000 | C15: 10500 | D15: 50000 | E15: 0 | F15: 60490.1 | G15: 60490.1 | H15: =+J15-I15 -> 60490.1 | J15: =G15 -> 60490.1
A16: WSWT2625800 | B16: 30000 | C16: 0 | D16: 30000 | E16: 6278 | F16: 37299.9 | G16: 31021.9 | H16: =+J16-I16 -> 31021.9 | J16: =G16 -> 31021.9
A17: WSWT2625850SM | B17: 20000 | C17: 21000 | D17: 20000 | E17: 0 | F17: 24866.6 | G17: 24866.6 | H17: 0 | I17: 160000 | J17: =G17 -> 24866.6
A18: ผลรวมทั้งหมด | B18: 531528 | C18: 425541.9 | D18: 531461 | E18: 70054.18 | F18: 575597.61 | G18: 505543.43 | H18: =+J18-I18 -> 505543.43 | J18: =G18 -> 505543.43
H19: =+J19-I19 -> 0 | J19: =G19 -> 0
H20: =+J20-I20 -> 0 | J20: =G20 -> 0
H21: =+J21-I21 -> 0 | J21: =G21 -> 0
H22: =+J22-I22 -> 0 | J22: =G22 -> 0
H23: =+J23-I23 -> 0 | J23: =G23 -> 0
H24: =+J24-I24 -> 0 | J24: =G24 -> 0
H25: =+J25-I25 -> 0 | J25: =G25 -> 0
H27: =SUM(H8:H25) -> 985890.21 | J27: =SUM(J8:J25) -> 1010756.8
M28: =+GETPIVOTDATA("ผลรวม ของ ใช้",$A$6)+H29+H31 -> 665597.61
H30: =+H27 -> 985890.21
A31: กรม | B31: 70000 | C31: 70000 | D31: 70000 | G31: 90000 | H31: 90000 | I31: 95 | J31: =+H31*I31 -> 8550000 | K31: =+J31/1000 -> 8550
G33: 160000 | H33: =+H29+H30 -> 985890.21 | I33: 85 | J33: =+H33*I33 -> 83800668 | K33: =+J33/1000 -> 83800.668
H34: =+H30+H31+H29 -> 1075890.2
H35: 15 | I35: =+H34/H35 -> 71726.014 | K35: =+K33+K31 -> 92350.668
N36: 705222
A37: ยอดส่ง 1/2/68 - 10/2/68 | B37: 817879 | I37: =+H35*100000 -> 1500000
N38: =+H34+N36 -> 1781112.2
H39: 16 | I39: =+H39*90000 -> 1440000
B41: =+B26+B37+B31 -> 887879 | C41: =+C26+C37+C31 -> 70000 | D41: =+D26+D37+D31 -> 70000 | E41: =+E26+E37+E31 -> 0 | F41: =+F26+F37+F31 -> 0
B43: 2992955
B45: =+B43-B41 -> 2105076 | C45: =+C32+($B$45*1) -> 2105076 | D45: =+D32+($B$45*1) -> 2105076 | E45: =+E31+($B$45*1) -> 2105076 | F45: =+F30+($B$45*1) -> 2105076 | G45: =+G30+($B$45*1) -> 2105076
C47: =+C41/13 -> 5384.6154 | D47: =+D41/15 -> 4666.6667
B49: 16 | C49: 135000 | D49: 135000
C50: =+B49*C49 -> 2160000 | D50: =+B49*D49 -> 2160000
C52: =+C50-C41 -> 2090000 | D52: =+D50-D41 -> 2090000
C55: 1681138.9
C57: =+C41-C55 -> -1611138.9
C59: =+C50-C41 -> 2090000

Sheet 4(Order+FC)
A2: เลขที่ SO | B2: (หลายรายการ)
A3: วันส่ง | B3: (หลายรายการ)
A4: ชื่อลูกค้า | B4: (ทั้งหมด)
K5: 9
A6: ประเภท | B6: ผลรวม ของ จำนวนส่ง | C6: ผลรวม ของ ค้างพิมพ์ | D6: ผลรวม ของ ค้างตัด | E6: ผลรวม ของ ใช้ | F6: ผลรวม ของ Stock | G6: ผลรวม ของ ค้างทอ
A7: WSWT1425800 | B7: 10000 | C7: 10500 | D7: 10000 | E7: 6565.9 | F7: 6565.9 | G7: 0 | H7: =+J7-I7 -> 0 | J7: =G7 -> 0
A8: WSWT1825800 | B8: 20000 | C8: 21000 | D8: 20000 | E8: 17322.8 | F8: 12070.15 | G8: 5252.65 | H8: =+J8-I8 -> 5252.65 | J8: =G8 -> 5252.65
A9: WSWT1825800SM | B9: 10000 | C9: 10500 | D9: 10000 | E9: 8801.1 | F9: 0 | G9: 8801.1 | H9: =+J9-I9 -> 8801.1 | J9: =G9 -> 8801.1
A10: WSWT1921720 | B10: 370000 | C10: 341250 | D10: 365000 | E10: 321240.15 | F10: 0 | G10: 321240.15 | H10: =+J10-I10 -> 321240.15 | J10: =G10 -> 321240.15
A11: WSWT19251000SM | B11: 10080 | C11: 10584 | D11: 10080 | E11: 9998.0496 | F11: 8000.0248 | G11: 1998.0248 | H11: =+J11-I11 -> 1998.0248 | J11: =G11 -> 1998.0248
A12: WSWT1925800 | B12: 210000 | C12: 178500 | D12: 210000 | E12: 148501.1 | F12: 5000 | G12: 143501.1 | H12: =+J12-I12 -> 143501.1 | J12: =G12 -> 143501.1 | K12: 40000 | L12: =+K5*K12 -> 360000 | M12: =+L12-J12 -> 216498.9
A13: WSWT1925800SM | B13: 10000 | C13: 10500 | D13: 10000 | E13: 7683.5 | F13: 7683.5 | G13: 0 | H13: =+J13-I13 -> 0 | J13: =G13 -> 0 | K13: 14000 | L13: =+K13*K5 -> 126000 | M13: =+L13-J13 -> 126000
A14: WSWT2025650 | B14: 5000 | C14: 0 | D14: 5000 | E14: 4400.55 | F14: 0 | G14: 4400.55 | H14: =+J14-I14 -> 4400.55 | J14: =G14 -> 4400.55
A15: WSWT2025800 | B15: 481998 | C15: 436483.95 | D15: 472141 | E15: 448313.84 | F15: 0 | G15: 448313.84 | H15: =+J15-I15 -> 448313.84 | J15: =G15 -> 448313.84 | K15: 20000 | L15: =+K15*K5 -> 180000 | M15: =+L15-J15 -> -268313.84
A16: WSWT2025800SM | B16: 226000 | C16: 226800 | D16: 226000 | E16: 229080.06 | F16: 18538.19 | G16: 210541.87 | H16: =+J16-I16 -> 210541.87 | J16: =G16 -> 210541.87
A17: WSWT2121670SM | B17: 103000 | C17: 85050 | D17: 103000 | E17: 87130.89 | F17: 17211.04 | G17: 69919.85 | H17: =+J17-I17 -> 69919.85 | J17: =G17 -> 69919.85
A18: WSWT2125650 | B18: 35000 | C18: 10500 | D18: 35000 | E18: 37509.45 | F18: 0 | G18: 37509.45 | H18: =+J18-I18 -> 37509.45 | J18: =G18 -> 37509.45
A19: WSWT2321750 | B19: 12000 | C19: 12600 | D19: 12000 | E19: 12684.76 | F19: 5116.24 | G19: 7568.52 | H19: 0 | I19: 54000 | J19: =G19 -> 7568.52
A20: WSWT2325650 | B20: 52000 | C20: 49350 | D20: 52000 | E20: 46338.49 | F20: 10232.95 | G20: 36105.54 | H20: =+J20-I20 -> 36105.54 | J20: =G20 -> 36105.54
A21: WSWT2625650 | B21: 8563 | C21: 4200 | D21: 8563 | E21: 9913.1539 | F21: 2306 | G21: 7607.1539 | H21: =+J21-I21 -> 7607.1539 | J21: =G21 -> 7607.1539
A22: WSWT262575051 | B22: 10000 | C22: 7350 | D22: 7000 | E22: 8703.31 | F22: 0 | G22: 8703.31 | H22: =+J22-I22 -> 8703.31 | J22: =G22 -> 8703.31
A23: WSWT2625850SM | B23: 101000 | C23: 90459.6 | D23: 97152 | E23: 120792 | F23: 51818.196 | G23: 68973.8 | H23: =+J23-I23 -> 68973.8 | J23: =G23 -> 68973.8
A24: WSWT2825850 | B24: 70000 | C24: 52500 | D24: 70000 | E24: 86474.3 | F24: 7016 | G24: 79458.3 | H24: =+J24-I24 -> 79458.3 | J24: =G24 -> 79458.3
A25: WSWTFCL022325650 | B25: 10000 | C25: 10500 | D25: 10000 | E25: 9918.7 | F25: 6043 | G25: 3875.7 | H25: =+J25-I25 -> 3875.7 | J25: =G25 -> 3875.7
A26: WSWTSCL052325650 | B26: 5000 | C26: 5250 | D26: 5000 | E26: 5099.05 | F26: 5099.05 | G26: 0 | H26: =+J26-I26 -> 0 | J26: =G26 -> 0
A27: ผลรวมทั้งหมด | B27: 1759641 | C27: 1573877.6 | D27: 1737936 | E27: 1626471.1 | F27: 162700.24 | G27: 1463770.9 | H27: =+J27-I27 -> 1463770.9 | J27: =G27 -> 1463770.9
H28: =+J28-I28 -> 0 | J28: =G28 -> 0 | M28: =+GETPIVOTDATA("ผลรวม ของ ใช้",$A$6)+H29+H33 -> 4636444.4
H29: =SUM(H7:H28) -> 2919973.3 | I29: =SUM(I7:I28) -> 54000 | J29: =SUM(J7:J28) -> 2927541.8
H32: =+H26 -> 0 | I32: 85 | J32: =+(H32+H29)*I32 -> 2.4819773e+08 | K32: =+J32/1000 -> 248197.73
H33: 90000 | I33: 95 | J33: =+H33*I33 -> 8550000 | K33: =+J33/1000 -> 8550
H35: =+H32+H33+H29 -> 3009973.3 | K35: =+K32+K33 -> 256747.73
N36: 705222
A37: ยอดส่ง 1/2/68 - 17/2/68 | B37: 1565717 | H37: 15 | I37: =+H35/H37 -> 200664.89
N38: =+H35+N36 -> 3715195.3
I39: =+H37*110000 -> 1650000
B41: =+B29+B37+B31-110000 -> 1455717 | C41: =+C29+C37+C31 -> 0 | D41: =+D29+D37+D31-110000 -> -110000 | E41: =+E29+E37+E31 -> 0 | F41: =+F29+F37+F31 -> 0 | G41: =+G29+G37+G31 -> 0
B43: 3218150
B45: =+B43-B41 -> 1762433
C47: =+C41/9 -> 0 | D47: =+D41/9 -> -12222.222

Sheet 4(Order)
A2: เลขที่ SO | B2: (หลายรายการ)
A3: วันส่ง | B3: (หลายรายการ)
A4: ชื่อลูกค้า | B4: (ทั้งหมด)
A6: ประเภท | B6: ผลรวม ของ จำนวนส่ง | C6: ผลรวม ของ ค้างพิมพ์ | D6: ผลรวม ของ ค้างตัด | E6: ผลรวม ของ ใช้ | F6: ผลรวม ของ Stock | G6: ผลรวม ของ ค้างทอ
A7: WSWT1425800 | B7: 10000 | C7: 10500 | D7: 10000 | E7: 6565.9 | F7: 6565.9 | G7: 0 | I7: =+K7-J7 -> 0 | K7: =G7 -> 0
A8: WSWT1621720SMFX | B8: 10000 | C8: 10500 | D8: 10000 | E8: 7404.1 | F8: 3572 | G8: 3832.1 | I8: =+K8-J8 -> 3832.1 | K8: =G8 -> 3832.1
A9: WSWT1625800 | B9: 10000 | C9: 10500 | D9: 10000 | E9: 7404.1 | F9: 7404.1 | G9: 0 | I9: =+K9-J9 -> 0 | K9: =G9 -> 0
A10: WSWT1825800 | B10: 5000 | C10: 5250 | D10: 5000 | E10: 4121.15 | F10: 4121.15 | G10: 0 | I10: =+K10-J10 -> 0 | K10: =G10 -> 0
A11: WSWT1825800SM | B11: 10000 | C11: 10500 | D11: 10000 | E11: 8801.1 | F11: 0 | G11: 8801.1 | I11: =+K11-J11 -> 8801.1 | K11: =G11 -> 8801.1
A12: WSWT1921720 | B12: 190000 | C12: 141750 | D12: 185000 | E12: 165055.55 | F12: 7603.95 | G12: 157451.6 | I12: =+K12-J12 -> 157451.6 | K12: =G12 -> 157451.6
A13: WSWT19251000SM | B13: 10080 | C13: 10584 | D13: 10080 | E13: 9998.0496 | F13: 8000.0248 | G13: 1998.0248 | I13: =+K13-J13 -> 1998.0248 | K13: =G13 -> 1998.0248
A14: WSWT1925800 | B14: 60000 | C14: 21000 | D14: 60000 | E14: 16484.6 | F14: 5000 | G14: 11484.6 | I14: =+K14-J14 -> 11484.6 | K14: =G14 -> 11484.6
A15: WSWT1925800SM | B15: 10000 | C15: 10500 | D15: 10000 | E15: 7683.5 | F15: 7683.5 | G15: 0 | I15: =+K15-J15 -> 0 | K15: =G15 -> 0
A16: WSWT2025800 | B16: 546998 | C16: 504733.95 | D16: 537141 | E16: 517535.19 | F16: 0 | G16: 517535.19 | I16: =+K16-J16 -> 517535.19 | K16: =G16 -> 517535.19
A17: WSWT2025800SM | B17: 106000 | C17: 100800 | D17: 106000 | E17: 103350.06 | F17: 18538.19 | G17: 84811.87 | I17: 0 | J17: 54000 | K17: =G17 -> 84811.87
A18: WSWT2121670SM | B18: 38000 | C18: 16800 | D18: 38000 | E18: 17211.04 | F18: 17211.04 | G18: 0 | I18: =+K18-J18 -> 0 | K18: =G18 -> 0
A19: WSWT2125650 | B19: 47000 | C19: 10500 | D19: 47000 | E19: 50361.85 | F19: 5900 | G19: 44461.85 | I19: =+K19-J19 -> 44461.85 | K19: =G19 -> 44461.85
A20: WSWT2321750 | B20: 12000 | C20: 12600 | D20: 12000 | E20: 12684.76 | F20: 5116.24 | G20: 7568.52 | I20: =+K20-J20 -> 7568.52 | K20: =G20 -> 7568.52
A21: WSWT2325650 | B21: 20000 | C21: 15750 | D21: 20000 | E21: 14598.65 | F21: 10232.95 | G21: 4365.7 | I21: =+K21-J21 -> 4365.7 | K21: =G21 -> 4365.7
A22: WSWT2625650 | B22: 8563 | C22: 4200 | D22: 8563 | E22: 9913.1539 | F22: 2306 | G22: 7607.1539 | I22: =+K22-J22 -> 7607.1539 | K22: =G22 -> 7607.1539
A23: WSWT262575051 | B23: 10000 | C23: 7350 | D23: 7000 | E23: 8703.31 | F23: 0 | G23: 8703.31 | I23: =+K23-J23 -> 8703.31 | K23: =G23 -> 8703.31
A24: WSWT2625850SM | B24: 101000 | C24: 90459.6 | D24: 97152 | E24: 120792 | F24: 51818.196 | G24: 68973.8 | I24: =+K24-J24 -> 68973.8 | K24: =G24 -> 68973.8
A25: WSWT2825850 | B25: 50000 | C25: 52500 | D25: 50000 | E25: 59372.5 | F25: 7016 | G25: 52356.5 | I25: =+K25-J25 -> 52356.5 | K25: =G25 -> 52356.5
A26: WSWTFCL022325650 | B26: 10000 | C26: 10500 | D26: 10000 | E26: 9918.7 | F26: 6043 | G26: 3875.7 | I26: =SUM(I7:I25) -> 895139.45 | J26: =SUM(J7:J25) -> 54000 | K26: =SUM(K7:K25) -> 979951.32
A27: WSWTSCL052325650 | B27: 5000 | C27: 5250 | D27: 5000 | E27: 5099.05 | F27: 5099.05 | G27: 0
A28: ผลรวมทั้งหมด | B28: 1269641 | C28: 1062527.5 | D28: 1247936 | E28: 1163058.3 | F28: 179231.29 | G28: 983827.02
A37: ยอดส่ง 1/4/68 - 5/4/68 | B37: 434796
A38: Order+ส่ง | B38: =++B28+B37 -> 1704437
A39: ประมาณการ | B39: 742000 | C39: 742350 | D39: 742000 | E39: 701182.24 | F39: 7949 | G39: 693233.24
A41: Order+ส่ง+ประมาณการ | B41: =+B28+B37+B39+B31 -> 2446437 | C41: =+C24+C37+C39+C31 -> 832809.6 | D41: =+D24+D37+D39+D31 -> 839152 | E41: =+E24+E37+E39+E31 -> 821974.24 | F41: =+F24+F37+F39+F31 -> 59767.196 | G41: =+G24+G37+G39+G31 -> 762207.04
B43: 3171376
B45: =+B41-B43 -> -724939 | C45: =+$B$45 -> -724939 | D45: =+$B$45 -> -724939 | F45: =+$B$45 -> -724939
D47: =+D41/6 -> 139858.67

Sheet 4(Order) แยกลูกค้า
A1: เลขที่ SO | B1: (หลายรายการ)
A2: วันส่ง | B2: (หลายรายการ)
A4: ประเภท | B4: ชื่อลูกค้า | C4: ผลรวม ของ จำนวนส่ง | D4: ผลรวม ของ ค้างพิมพ์ | E4: ผลรวม ของ ค้างตัด | F4: ผลรวม ของ Stock | G4: ผลรวม ของ ค้างทอ | I4: vn
A5: WSWT1425800 | B5: บจก.ปึงเป้งน้ำ | C5: 10000 | D5: 10500 | E5: 10000 | F5: 6565.9 | G5: 0 | H5: =G5 -> 0
A6: WSWT1425800 ผลรวม | C6: 10000 | D6: 10500 | E6: 10000 | F6: 6565.9 | G6: 0 | H6: =G6 -> 0
A7: WSWT1825800 | B7: ร้านเห็ดไพลิน | C7: 5000 | D7: 5250 | E7: 5000 | F7: 4121.15 | G7: 0 | H7: =G7 -> 0
A8: WSWT1825800 ผลรวม | C8: 5000 | D8: 5250 | E8: 5000 | F8: 4121.15 | G8: 0 | H8: =G8 -> 0
A9: WSWT1825800SM | B9: บจก.2เอ็ม อโกรเท็ค | C9: 10000 | D9: 10500 | E9: 10000 | F9: 0 | G9: 8801.1 | H9: =G9 -> 8801.1
A10: WSWT1825800SM ผลรวม | C10: 10000 | D10: 10500 | E10: 10000 | F10: 0 | G10: 8801.1 | H10: =G10 -> 8801.1
A11: WSWT1921720 | B11: บจก.เคอรี่ฟลาวมิลล์ | C11: 45000 | D11: 0 | E11: 40000 | F11: 0 | G11: 35204.4 | H11: =G11 -> 35204.4
A12: WSWT1921720 ผลรวม | C12: 45000 | D12: 0 | E12: 40000 | F12: 0 | G12: 35204.4 | H12: =G12 -> 35204.4
A13: WSWT19251000SM | B13: บจก.อินเทคค์ โกลบอล | C13: 10080 | D13: 10584 | E13: 10080 | F13: 8000.0248 | G13: 1998.0248 | H13: =G13 -> 1998.0248
A14: WSWT19251000SM ผลรวม | C14: 10080 | D14: 10584 | E14: 10080 | F14: 8000.0248 | G14: 1998.0248 | H14: =G14 -> 1998.0248
A15: WSWT1925800 | B15: บจก.ซีแมน | C15: 60000 | D15: 21000 | E15: 60000 | F15: 5000 | G15: 11484.6 | H15: =G15 -> 11484.6
A16: WSWT1925800 ผลรวม | C16: 60000 | D16: 21000 | E16: 60000 | F16: 5000 | G16: 11484.6 | H16: =G16 -> 11484.6
A17: WSWT1925800SM | B17: บจก.เอเชี่ยนเคมิคัล | C17: 10000 | D17: 10500 | E17: 10000 | F17: 7683.5 | G17: 0 | H17: =G17 -> 0
A18: WSWT1925800SM ผลรวม | C18: 10000 | D18: 10500 | E18: 10000 | F18: 7683.5 | G18: 0 | H18: =G18 -> 0
A19: WSWT2025800 | B19: บจก.เบทาโกร | C19: 449000 | D19: 407018.85 | E19: 439143 | F19: 0 | G19: 417441.78 | H19: =G19 -> 417441.78
B20: บจก.อินเทคค์ โกลบอล | C20: 32998 | D20: 29465.1 | E20: 32998 | F20: 0 | G20: 30872.059 | H20: =G20 -> 30872.059
A21: WSWT2025800 ผลรวม | C21: 481998 | D21: 436483.95 | E21: 472141 | F21: 0 | G21: 448313.84 | H21: =G21 -> 448313.84
A22: WSWT2025800SM | B22: บจก.อินเทคค์ โกลบอล | C22: 10000 | D22: 10500 | E22: 10000 | F22: 0 | G22: 10477.5 | H22: =G22 -> 10477.5
B23: บจก.เอพีเอ็ม อะโกร | C23: 18000 | D23: 8400 | E23: 18000 | F23: 4414.52 | G23: 4414.52 | H23: =G23 -> 4414.52
B24: บจก.เอสพีเอ็ม อาหารสัตว์ | C24: 8000 | D24: 8400 | E24: 8000 | F24: 8745.22 | G24: 0 | H24: =G24 -> 0
B25: บจก.วีซีเอฟ | C25: 70000 | D25: 73500 | E25: 70000 | F25: 5378.45 | G25: 69919.85 | H25: =G25 -> 69919.85
A26: WSWT2025800SM ผลรวม | C26: 106000 | D26: 100800 | E26: 106000 | F26: 18538.19 | G26: 84811.87 | H26: =G26 -> 84811.87
A27: WSWT2121670SM | B27: บจก.ที.ซี.ยูเนี่ยน อโกรเทค | C27: 16000 | D27: 16800 | E27: 16000 | F27: 17211.04 | G27: 0 | H27: =G27 -> 0
B28: บจก.เอ็นบี ดิสทริบิวชั่น | C28: 17000 | D28: 0 | E28: 17000 | F28: 0 | G28: 0 | H28: =G28 -> 0
B29: คุณนพวินทร์ รัตนเศรษฐ์เมธา | C29: 5000 | D29: 0 | E29: 5000 | F29: 0 | G29: 0 | H29: =G29 -> 0
A30: WSWT2121670SM ผลรวม | C30: 38000 | D30: 16800 | E30: 38000 | F30: 17211.04 | G30: 0 | H30: =G30 -> 0
A31: WSWT2125650 | B31: บจก.หนองบัวฟีดมิลล์ | C31: 15000 | D31: 0 | E31: 15000 | F31: 0 | G31: 16554.45 | H31: =G31 -> 16554.45
B32: บจก.ไลม์มาสเตอร์ | C32: 10000 | D32: 10500 | E32: 10000 | F32: 0 | G32: 9918.7 | H32: =G32 -> 9918.7
A33: WSWT2125650 ผลรวม | C33: 25000 | D33: 10500 | E33: 25000 | F33: 0 | G33: 26473.15 | H33: =G33 -> 26473.15
A34: WSWT2221940 | B34: กองเมล็ดพันธุ์ข้าว กรมการข้าว | C34: 268368 | D34: 259284.9 | E34: 252429 | F34: 135598 | G34: 121578.91 | H34: =G34 -> 121578.91
A35: WSWT2221940 ผลรวม | C35: 268368 | D35: 259284.9 | E35: 252429 | F35: 135598 | G35: 121578.91 | H35: =G35 -> 121578.91
A36: WSWT2321750 | B36: บจก.ปริ้นซ์ อโกร ไซแอนส์ | C36: 8000 | D36: 8400 | E36: 8000 | F36: 1037 | G36: 7568.52 | H36: =G36 -> 7568.52
B37: บจก.รุ่งเรืองค้าเจริญ | C37: 4000 | D37: 4200 | E37: 4000 | F37: 4079.24 | G37: 0 | H37: =G37 -> 0
A38: WSWT2321750 ผลรวม | C38: 12000 | D38: 12600 | E38: 12000 | F38: 5116.24 | G38: 7568.52 | H38: =G38 -> 7568.52
A39: WSWT2325650 | B39: บจก.กบินทร์อินทรีย์ | C39: 5000 | D39: 5250 | E39: 5000 | F39: 4679.95 | G39: 0 | H39: =G39 -> 0
B40: บจก.ซิเบลโก้(บางเลน) | C40: 5000 | D40: 0 | E40: 5000 | F40: 0 | G40: 0 | H40: =G40 -> 0
B41: คุณปราสาท เจริญธรรมรักษา | C41: 10000 | D41: 10500 | E41: 10000 | F41: 5553 | G41: 4365.7 | H41: =G41 -> 4365.7
A42: WSWT2325650 ผลรวม | C42: 20000 | D42: 15750 | E42: 20000 | F42: 10232.95 | G42: 4365.7 | H42: =G42 -> 4365.7
A43: WSWT2625650 | B43: บจก.กบินทร์อินทรีย์ | C43: 4000 | D43: 4200 | E43: 4000 | F43: 2306 | G43: 2443.8 | H43: =G43 -> 2443.8
B44: คุณธนนท์ อุทัยไพศาลวงศ์ | C44: 4563 | D44: 0 | E44: 4563 | F44: 0 | G44: 5163.3539 | H44: =G44 -> 5163.3539
A45: WSWT2625650 ผลรวม | C45: 8563 | D45: 4200 | E45: 8563 | F45: 2306 | G45: 7607.1539 | H45: =G45 -> 7607.1539
A46: WSWT262575051 | B46: บจก.ทีพีเค แอ็ดวานซ์ สตาร์ซ | C46: 10000 | D46: 7350 | E46: 7000 | F46: 0 | G46: 8703.31 | H46: =G46 -> 8703.31
A47: WSWT262575051 ผลรวม | C47: 10000 | D47: 7350 | E47: 7000 | F47: 0 | G47: 8703.31 | H47: =G47 -> 8703.31
A48: WSWT2625850SM | B48: บจก.ที.ซี.ยูเนี่ยน อโกรเทค | C48: 101000 | D48: 90459.6 | E48: 97152 | F48: 51818.196 | G48: 68973.8 | H48: =G48 -> 68973.8
A49: WSWT2625850SM ผลรวม | C49: 101000 | D49: 90459.6 | E49: 97152 | F49: 51818.196 | G49: 68973.8 | H49: =G49 -> 68973.8
A50: WSWT2825850 | B50: บจก.ไทยร่วมใจน้ำมันพืช | C50: 50000 | D50: 52500 | E50: 50000 | F50: 7016 | G50: 52356.5 | H50: =G50 -> 52356.5
A51: WSWT2825850 ผลรวม | C51: 50000 | D51: 52500 | E51: 50000 | F51: 7016 | G51: 52356.5 | H51: =G51 -> 52356.5
A52: WSWTFCL022325650 | B52: คุณปราสาท เจริญธรรมรักษา | C52: 10000 | D52: 10500 | E52: 10000 | F52: 6043 | G52: 3875.7 | H52: =G52 -> 3875.7
A53: WSWTFCL022325650 ผลรวม | C53: 10000 | D53: 10500 | E53: 10000 | F53: 6043 | G53: 3875.7 | H53: =G53 -> 3875.7
A54: WSWTSCL052325650 | B54: โรงสีรุ่งเรืองไพศาล | C54: 5000 | D54: 5250 | E54: 5000 | F54: 5099.05 | G54: 0 | H54: =G54 -> 0
A55: WSWTSCL052325650 ผลรวม | C55: 5000 | D55: 5250 | E55: 5000 | F55: 5099.05 | G55: 0 | H55: =G55 -> 0
A56: ผลรวมทั้งหมด | C56: 1286009 | D56: 1090812.4 | E56: 1248365 | F56: 290349.24 | G56: 892116.58 | H56: =G56 -> 892116.58
H57: =G57 -> 0
H58: =G58 -> 0
H59: =G59 -> 0
H60: =G60 -> 0
H61: =G61 -> 0
H62: =G62 -> 0
H63: =G63 -> 0
H64: =G64 -> 0
H65: =G65 -> 0
H70: =SUM(H5:H69) -> 2676349.7
D119: Cap พิมพ์ | E119: Cap ตัด | F119: Stock 16/7 บ่าย | G119: Cap ทอ | I119: วันทงาน
B120: lส่ง | C120: 1-16/7 | D120: 160000 | E120: 160000 | G120: 120000 | I120: 12
C121: 1975256 | D121: =+D120*I120 -> 1920000 | E121: =+E120*I120 -> 1920000 | F121: 825147 | G121: =+G120*I120 -> 1440000
A122: เบทาโกรส่งแล้ว | B122: 20700 | C122: 424374
A123: เบทาโกรส่งแล้ว | B123: 20800 | C123: 155973
C126: รวมส่ง+ค้างส่ง | D126: ส่วนต่างCapคงเหลือ | E126: ส่วนต่างCapคงเหลือ | F126: คงเหลือ
C127: =+C50+C121 -> 2025256 | D127: =+D121-D50 -> 1867500 | E127: =+E121-E50 -> 1870000 | F127: =+F121-F50 -> 818131 | G127: =+G121-G50 -> 1387643.5
B129: 20700VN 20/7 | G129: 350000

Sheet 4(Fc) แยกลูกค้า
A1: เลขที่ SO | B1: ประมาณการ
A2: วันส่ง | B2: (หลายรายการ) | D2: 12
A4: ประเภท | B4: ชื่อลูกค้า | C4: ผลรวม ของ จำนวนส่ง | D4: ผลรวม ของ ค้างพิมพ์ | E4: ผลรวม ของ ค้างตัด | F4: ผลรวม ของ ใช้ | G4: ผลรวม ของ Stock | H4: ผลรวม ของ ค้างทอ
A5: WSWT1825800 | B5: บจก.ฟาร์เธอร์ส วิง ซัพพลาย | C5: 15000 | D5: 15750 | E5: 15000 | F5: 13201.65 | G5: 7949 | H5: 5252.65
A6: WSWT1825800 ผลรวม | C6: 15000 | D6: 15750 | E6: 15000 | F6: 13201.65 | G6: 7949 | H6: 5252.65
A7: WSWT1921720 | B7: บจก.เคอรี่ฟลาวมิลล์ | C7: 325000 | D7: 341250 | E7: 325000 | F7: 286035.75 | G7: 0 | H7: 286035.75
A8: WSWT1921720 ผลรวม | C8: 325000 | D8: 341250 | E8: 325000 | F8: 286035.75 | G8: 0 | H8: 286035.75
A9: WSWT1925800 | B9: บจก.เพรซิเดนท์ฟลาวมิลล์ | C9: 120000 | D9: 126000 | E9: 120000 | F9: 105613.2 | G9: 0 | H9: 105613.2
B10: บจก.เอ็กเซลเล้นท์ | C10: 30000 | D10: 31500 | E10: 30000 | F10: 26403.3 | G10: 0 | H10: 26403.3
A11: WSWT1925800 ผลรวม | C11: 150000 | D11: 157500 | E11: 150000 | F11: 132016.5 | G11: 0 | H11: 132016.5
A12: WSWT2025650 | B12: บจก.หนองบัวฟีดมิลล์ | C12: 5000 | D12: 0 | E12: 5000 | F12: 4400.55 | G12: 0 | H12: 4400.55
A13: WSWT2025650 ผลรวม | C13: 5000 | D13: 0 | E13: 5000 | F13: 4400.55 | G13: 0 | H13: 4400.55
A14: WSWT2025800SM | B14: บจก.อินเทคค์ โกลบอล | C14: 120000 | D14: 126000 | E14: 120000 | F14: 125730 | G14: 0 | H14: 125730
A15: WSWT2025800SM ผลรวม | C15: 120000 | D15: 126000 | E15: 120000 | F15: 125730 | G15: 0 | H15: 125730
A16: WSWT2121670SM | B16: บจก.ที.ซี.ยูเนี่ยน อโกรเทค | C16: 20000 | D16: 21000 | E16: 20000 | F16: 21513.8 | G16: 0 | H16: 21513.8
B17: บจก.แอมโก้เวท | C17: 40000 | D17: 42000 | E17: 40000 | F17: 43027.6 | G17: 0 | H17: 43027.6
B18: บจก.เอ็นบี ดิสทริบิวชั่น | C18: 5000 | D18: 5250 | E18: 5000 | F18: 5378.45 | G18: 0 | H18: 5378.45
A19: WSWT2121670SM ผลรวม | C19: 65000 | D19: 68250 | E19: 65000 | F19: 69919.85 | G19: 0 | H19: 69919.85
A20: WSWT2125650 | B20: บจก.หนองบัวฟีดมิลล์ | C20: 10000 | D20: 0 | E20: 10000 | F20: 11036.3 | G20: 0 | H20: 11036.3
A21: WSWT2125650 ผลรวม | C21: 10000 | D21: 0 | E21: 10000 | F21: 11036.3 | G21: 0 | H21: 11036.3
A22: WSWT2325650 | B22: บจก.ซิเบลโก้ | C22: 20000 | D22: 21000 | E22: 20000 | F22: 19837.4 | G22: 0 | H22: 19837.4
B23: พันธุ์ข้าว | C23: 7000 | D23: 7350 | E23: 7000 | F23: 6943.09 | G23: 0 | H23: 6943.09
B24: บจก.ซิเบลโก้(สบปราบ) | C24: 5000 | D24: 5250 | E24: 5000 | F24: 4959.35 | G24: 0 | H24: 4959.35
A25: WSWT2325650 ผลรวม | C25: 32000 | D25: 33600 | E25: 32000 | F25: 31739.84 | G25: 0 | H25: 31739.84
A26: WSWT2825850 | B26: บจก.ที.ซี.ยูเนี่ยน อโกรเทค | C26: 20000 | D26: 0 | E26: 20000 | F26: 27101.8 | G26: 0 | H26: 27101.8
A27: WSWT2825850 ผลรวม | C27: 20000 | D27: 0 | E27: 20000 | F27: 27101.8 | G27: 0 | H27: 27101.8
A28: ผลรวมทั้งหมด | C28: 742000 | D28: 742350 | E28: 742000 | F28: 701182.24 | G28: 7949 | H28: 693233.24
D119: Cap พิมพ์ | E119: Cap ตัด | F119: Stock 16/7 บ่าย | G119: Cap ทอ | I119: วันทงาน
B120: lส่ง | C120: 1-16/7 | D120: 160000 | E120: 160000 | G120: 120000 | I120: 12
C121: 1975256 | D121: =+D120*I120 -> 1920000 | E121: =+E120*I120 -> 1920000 | F121: 825147 | G121: =+G120*I120 -> 1440000
A122: เบทาโกรส่งแล้ว | B122: 20700 | C122: 424374
A123: เบทาโกรส่งแล้ว | B123: 20800 | C123: 155973
C126: รวมส่ง+ค้างส่ง | D126: ส่วนต่างCapคงเหลือ | E126: ส่วนต่างCapคงเหลือ | F126: คงเหลือ
C127: =+C50+C121 -> 1975256 | D127: =+D121-D50 -> 1920000 | E127: =+E121-E50 -> 1920000 | F127: =+F121-F50 -> 825147 | G127: =+G121-G50 -> 1440000
B129: 20700VN 20/7 | G129: 350000

Sheet ค้างทอ14-3-68
A3: ผลรวม ของ ค้างทอ | W3: ผลรวม ของ ค้างทอ
A4: ป้ายชื่อแถว | B4: 45726 | C4: 45728 | D4: 45729 | E4: 45730 | F4: 45731 | G4: 45732 | H4: 45733 | I4: 45735 | J4: 45736 | K4: 45737 | L4: 45738 | M4: 45739 | N4: 45740 | O4: 45741 | P4: 45742 | Q4: 45743 | R4: 45745 | S4: 45746 | T4: 45747 | U4: ค้างทอ | W4: ป้ายชื่อแถว | X4: 45749 | Y4: 45750 | Z4: 45751 | AA4: 45752 | AB4: 45760 | AC4: 45765 | AD4: 45766 | AE4: 45767 | AF4: 45775 | AG4: ผลรวมทั้งหมด
A5: WSWT1625800SM | U5: =SUM(B5:T5) -> 0 | W5: WSWT1625800SM | AG5: =SUM(X5:AF5) -> 0
A6: WSWT1825800 | U6: =SUM(B6:T6) -> 0 | W6: WSWT1825800 | AG6: =SUM(X6:AF6) -> 0
A7: WSWT1825800SM | U7: =SUM(B7:T7) -> 0 | W7: WSWT1825800SM | AG7: =SUM(X7:AF7) -> 0
A8: WSWT1921720 | B8: 30196.794 | D8: 22002.75 | E8: 18440.4 | F8: 22840.95 | H8: 45123.1 | J8: 22002.75 | K8: 22561.55 | L8: 14039.85 | M8: 22282.15 | N8: 35204.4 | U8: =SUM(B8:T8) -> 254694.69 | W8: WSWT1921720 | AG8: =SUM(X8:AF8) -> 0
A9: WSWT19251000SM | M9: 0 | U9: =SUM(B9:T9) -> 0 | W9: WSWT19251000SM | AG9: =SUM(X9:AF9) -> 0
A10: WSWT1925800 | F10: 0 | J10: 30464.7 | U10: =SUM(B10:T10) -> 30464.7 | W10: WSWT1925800 | AG10: =SUM(X10:AF10) -> 0
A11: WSWT1925800SM | C11: 0 | U11: =SUM(B11:T11) -> 0 | W11: WSWT1925800SM | AG11: =SUM(X11:AF11) -> 0
A12: WSWT2025650 | U12: =SUM(B12:T12) -> 0 | W12: WSWT2025650 | AG12: =SUM(X12:AF12) -> 0
A13: WSWT2025700 | U13: =SUM(B13:T13) -> 0 | W13: WSWT2025700 | AG13: =SUM(X13:AF13) -> 0
A14: WSWT2025800 | B14: 0 | C14: 33187.481 | D14: 12908.28 | I14: 86055.2 | J14: 21513.8 | L14: 64262 | M14: 140873.48 | P14: 102190.55 | Q14: 73901.3 | R14: 96812.1 | S14: 16135.35 | T14: 31432.5 | U14: =SUM(B14:T14) -> 679272.04 | W14: WSWT2025800 | X14: 21513.8 | Y14: 21513.8 | Z14: 10756.9 | AA14: 107569 | AB14: 21513.8 | AC14: 10756.9 | AD14: 21513.8 | AG14: =SUM(X14:AF14) -> 215138
A15: WSWT2025800SM | C15: 0 | D15: 0 | E15: 0 | F15: 0 | G15: 3310.89 | H15: 4959.35 | I15: 37649.15 | J15: 0 | K15: 0 | L15: 5280.66 | M15: 18342.959 | P15: 16554.45 | Q15: 47427.661 | U15: =SUM(B15:T15) -> 133525.12 | W15: WSWT2025800SM | AG15: =SUM(X15:AF15) -> 0
A16: WSWT2025850 | C16: 0 | D16: 712.8891 | E16: 0 | F16: 0 | G16: 0 | I16: 0 | K16: 0 | L16: 0 | U16: =SUM(B16:T16) -> 712.8891 | W16: WSWT2025850 | AG16: =SUM(X16:AF16) -> 0
A17: WSWT2121670SM | D17: 0 | I17: 0 | J17: 0 | P17: 0 | U17: =SUM(B17:T17) -> 0 | W17: WSWT2121670SM | AG17: =SUM(X17:AF17) -> 0
A18: WSWT2125650 | U18: =SUM(B18:T18) -> 0 | W18: WSWT2125650 | AG18: =SUM(X18:AF18) -> 0
A19: WSWT2221940 | O19: 177732.47 | U19: =SUM(B19:T19) -> 177732.47 | W19: WSWT2221940 | AG19: =SUM(X19:AF19) -> 0
A20: WSWT2321112512551 | U20: =SUM(B20:T20) -> 0 | W20: WSWT2321112512551 | AG20: =SUM(X20:AF20) -> 0
A21: WSWT2321112512551VN | U21: =SUM(B21:T21) -> 0 | W21: WSWT2321112512551VN | AF21: 49481.74 | AG21: =SUM(X21:AF21) -> 49481.74
A22: WSWT2321750 | D22: 2957.55 | J22: 11595.1 | L22: 4959.35 | U22: =SUM(B22:T22) -> 19512 | W22: WSWT2321750 | AG22: =SUM(X22:AF22) -> 0
A23: WSWT2325650 | E23: 2797.7 | F23: 4959.35 | P23: 0 | U23: =SUM(B23:T23) -> 7757.05 | W23: WSWT2325650 | AG23: =SUM(X23:AF23) -> 0
A24: WSWT2625650 | B24: 0 | G24: 0 | J24: 0 | U24: =SUM(B24:T24) -> 0 | W24: WSWT2625650 | AG24: =SUM(X24:AF24) -> 0
A25: WSWT262575051 | T25: 29183.25 | U25: =SUM(B25:T25) -> 29183.25 | W25: WSWT262575051 | AG25: =SUM(X25:AF25) -> 0
A26: WSWT2625800 | U26: =SUM(B26:T26) -> 0 | W26: WSWT2625800 | AG26: =SUM(X26:AF26) -> 0
A27: WSWT2625850SM | C27: 21299.9 | J27: 37299.9 | M27: 37299.9 | O27: 12433 | P27: 37300 | U27: =SUM(B27:T27) -> 145632.7 | W27: WSWT2625850SM | Y27: 37299.9 | AE27: 37299.9 | AG27: =SUM(X27:AF27) -> 74599.8
A28: WSWT2825850 | P28: 0 | U28: =SUM(B28:T28) -> 0 | W28: WSWT2825850 | AG28: =SUM(X28:AF28) -> 0
A29: WSWTFCL022325650 | P29: 12396.05 | U29: =SUM(B29:T29) -> 12396.05 | W29: WSWTFCL022325650 | AG29: =SUM(X29:AF29) -> 0
A30: WSWTSCL052325650 | F30: 0 | U30: =SUM(B30:T30) -> 0 | W30: WSWTSCL052325650 | AG30: =SUM(X30:AF30) -> 0
A31: ผลรวมทั้งหมด | B31: =SUM(B5:B30) -> 30196.794 | C31: =SUM(C5:C30) -> 54487.381 | D31: =SUM(D5:D30) -> 38581.469 | E31: =SUM(E5:E30) -> 21238.1 | F31: =SUM(F5:F30) -> 27800.3 | G31: =SUM(G5:G30) -> 3310.89 | H31: =SUM(H5:H30) -> 50082.45 | I31: =SUM(I5:I30) -> 123704.35 | ... U31: =SUM(U5:U30) -> 1490883 | W31: ผลรวมทั้งหมด | X31: =SUM(X5:X30) -> 21513.8 | Y31: =SUM(Y5:Y30) -> 58813.7 | Z31: =SUM(Z5:Z30) -> 10756.9 | AA31: =SUM(AA5:AA30) -> 107569 | AB31: =SUM(AB5:AB30) -> 21513.8 | AC31: =SUM(AC5:AC30) -> 10756.9 | AD31: =SUM(AD5:AD30) -> 21513.8 | AE31: =SUM(AE5:AE30) -> 37299.9 | ... AG31: =SUM(AG5:AG30) -> 339219.54

Sheet 7-4-68
B2: เรียงกำหนดส่ง | D2: ลบ 0 | T2: เรียง 1
B3: ข้อมูลUpdate ณ. วันที่ | D3: 45754 | E3: เวลา | G3: 10.22
A4: วันรับออร์เดอร์/แบบ | B4: เลขที่ SO | C4: ชื่อลูกค้า | E4: 10.3 | I4: น้ำหนัก | L4: บิด/จับจีบ | M4: ถุงใน | Q4: 44873 | S4: วิธีบรรจุ | T4: วันส่ง | U4: จำนวนส่ง | V4: ตัดเย็บ (ใบ) | W4: 44873 | X4: พิมพ์ (ใบ) | Y4: 44876 | Z4: ผ้าทอ (เมตร) Updateณ | AB4: 44876 | AD4: ผ้าเคลือบ(เมตร) | AF4: หมายเหตุ | AG4: เครื่อง
B5: เลขที่ SO | C5: ชื่อลูกค้า | D5: ตรา | E5: กว้าง | F5: ยาว | G5: สี | H5: เคลือบ | I5: กรัม/ใบ | J5: * | K5: aw | L5: บิด/จับจีบ | M5: กว้าง | N5: ยาว | O5: หนา | P5: ใช้(กก.) | Q5: Stock(กก.) | R5: ผลิต(กก.) | S5: วิธีบรรจุ | T5: วันส่ง | U5: จำนวนส่ง | V5: StockFG | W5: ค้างตัด | X5: พิมพ์แล้ว | Y5: ค้างพิมพ์ | Z5: ประเภท | AA5: ใช้ | AB5: Stock | AC5: ค้างทอ | AD5: Stock | AE5: ค้างเคลือบ | AF5: หมายเหตุ | AG5: ที่พิมพ์ได้ | AH5: process | AI5: Lead time | AJ5: วันที่ส่งPL | AK5: เคลือบ | AL5: ได้ ART | AM5: พิมพ์ | AN5: จีบ-บิด | AO5: ตัด-เย็บ | AP5: ทอ | AQ5: สวมถุง | AR5: เย็บปาก | AS5: PT | AT5: ม้วน | AU5: ตัด | AV5: ตอกตาไก่ | AW5: GROUP | AX5: ART | AY5: หมายเหตุปัญหา | AZ5: ราคา/ใบ | BA5: ราคารวม | BB5: workweek | BC5: เส้นเทป | BD5: จำนวน
A6: 45743 | B6: MK68-000464 | C6: บจก.ปึงเป้งน้ำ | D6: เกลือตรามือ 10กก. | E6: 14 | F6: 22 | G6: ขาว | H6: ใส | I6: 42 | J6: ± | K6: 5 | L6: ไม่ | M6: ไม่สวมถุงใน | N6: 0 | O6: 0 | P6: 0 | Q6: 0 | R6: 0 | S6: 500กระสอบแบน | T6: 45757 | U6: 10000 | V6: 0 | W6: 10000 | X6: 0 | Y6: 10500 | Z6: WSWT1425800 | AA6: 6565.9 | AB6: 6565.9 | AC6: 0 | AD6: 2186 | AE6: 4379.9 | AF6: 0 | AG6: พร้อมส่ง | AH6: P6 | AI6: 4 | AJ6: 45757 | AK6: 45753 | AL6: 45746 | AM6: 45754 | AN6: 45755 | AO6: 45756 | AP6: 45752 | AQ6: 0 | AR6: 0 | AS6: 0 | AT6: 0 | AU6: 0 | AV6: 0 | AW6: งานเคลือบ+พิมพ์ | AX6: / | AY6: 0 | AZ6: 0 | BA6: 0 | BB6: 0 | BC6: WRWT25800/WRWT25800 | BD6: 0
A7: 0 | B7: 0 | C7: 0 | D7: 0 | E7: 14 | F7: 22 | G7: ขาว | H7: 0 | I7: 36 | J7: ± | K7: 5 | L7: 0 | M7: 0 | N7: 0 | O7: 0 | P7: 0 | Q7: 0 | R7: 0 | S7: 0 | U7: 0 | V7: 0 | W7: 0 | X7: 0 | Y7: 0 | Z7: WSWT1425800 | AA7: 6565.9 | AB7: 6565.9 | AC7: 0 | AD7: 2186 | AE7: 4379.9 | AF7: ระบุในSD | AG7: ยังไม่ได้พิมพ์ | AH7: 0 | AI7: Lead time | AJ7: 0 | AK7: 0 | AL7: 0 | AM7: 0 | AN7: 0 | AO7: 0 | AP7: 0 | AQ7: 0 | AR7: 0 | AS7: 0 | AT7: 0 | AU7: 0 | AV7: 0 | AW7: 0 | AX7: 0 | AY7: 0 | AZ7: 0 | BA7: 0 | BB7: 0 | BC7: WRWT140800/WRWT25800 | BD7: 0
A8: ประมาณการ | B8: ประมาณการ | C8: บจก.ซัน ซีเมนต์ โพรเซส | D8: พระอาทิตย์(ปูนนอน-ชริงค์) | E8: 16 | F8: 25 | G8: ขาว | H8: ใส | I8: 50 | J8: ± | K8: 5 | L8: บิด | M8: 19 | N8: 28 | O8: 40 | P8: 65.624643 | Q8: 0 | R8: 65.624643 | S8: 500กระสอบ | T8: รอแจ้ง | U8: 5000 | V8: 0 | W8: 5000 | X8: 0 | Y8: 5250 | Z8: WSWT1625800SM | AA8: 3702.05 | AB8: 3372 | AC8: 330.05 | AD8: 0 | AE8: 3702.05 | AF8: 0 | AG8: ยังไม่ได้พิมพ์ | AH8: P8 | AI8: 4 | AJ8: รอแจ้ง | AK8: #VALUE! | AL8: #VALUE! | AM8: #VALUE! | AN8: #VALUE! | AO8: #VALUE! | AP8: #VALUE! | AQ8: #VALUE! | AR8: 0 | AS8: 0 | AT8: 0 | AU8: 0 | AV8: 0 | AW8: งานเคลือบ+พิมพ์ | AX8: รอART | AY8: 0 | AZ8: 0 | BA8: 0 | BB8: 0 | BC8: WRWT25800/WRWT25800 | BD8: 18.776178
A9: 0 | B9: 0 | C9: 0 | E9: 16 | F9: 25 | G9: ขาว | H9: 0 | I9: 45 | J9: ± | K9: 5 | L9: 0 | M9: 0 | N9: 0 | O9: 0 | P9: 0 | Q9: 0 | R9: 0 | S9: 0 | U9: 0 | V9: 0 | W9: 0 | X9: 0 | Y9: 0 | Z9: WSWT1625800SM | AA9: 3702.05 | AB9: 3372 | AC9: 330.05 | AD9: 0 | AE9: 3702.05 | AF9: ระบุในSD | AG9: พร้อมส่ง | AH9: 0 | AI9: Lead time | AJ9: 0 | AK9: 0 | AL9: 0 | AM9: 0 | AN9: 0 | AO9: 0 | AP9: 0 | AQ9: 0 | AR9: 0 | AS9: 0 | AT9: 0 | AU9: 0 | AV9: 0 | AW9: 0 | AX9: 0 | AY9: 0 | AZ9: 0 | BA9: 0 | BB9: 0 | BC9: WRWT160800/WRWT25800 | BD9: 0
A10: 45751 | B10: MK68-000511 | C10: บจก.เคอรี่ฟลาวมิลล์ | D10: โบว์น้ำเงิน 10กก. | E10: 16 | F10: 25 | G10: ขาว | H10: 0 | I10: 45 | J10: ± | K10: 5 | L10: ไม่ | M10: ไม่สวมถุงใน | N10: 0 | O10: 0 | P10: 0 | Q10: 0 | R10: 0 | S10: ห่ออัดเบลแบน500 | T10: 45773 | U10: 5000 | V10: 0 | W10: 5000 | X10: 0 | Y10: 5250 | Z10: WSWT1625800 | AA10: 3702.05 | AB10: 3702.05 | AC10: 0 | AD10: 0 | AE10: 0 | AF10: PDR250117 | AG10: ยังไม่ได้พิมพ์ | AH10: P7 | AI10: 2 | AJ10: 45773 | AK10: 0 | AL10: 45764 | AM10: 45771 | AN10: 45772 | AO10: 45772 | AP10: 45768 | AQ10: 0 | AR10: 0 | AS10: 0 | AT10: 0 | AU10: 0 | AV10: 0 | AW10: งานพิมพ์ | AX10: / | AY10: 0 | AZ10: 0 | BA10: 0 | BB10: 0 | BC10: WRWT25800/WRWT25800 | BD10: 0
A11: 45751 | B11: MK68-000511 | C11: บจก.เคอรี่ฟลาวมิลล์ | D11: โบว์แดง 10กก. | E11: 16 | F11: 25 | G11: ขาว | H11: 0 | I11: 45 | J11: ± | K11: 5 | L11: ไม่ | M11: ไม่สวมถุงใน | N11: 0 | O11: 0 | P11: 0 | Q11: 0 | R11: 0 | S11: ห่ออัดเบลแบน500 | T11: 45773 | U11: 5000 | V11: 0 | W11: 5000 | X11: 0 | Y11: 5250 | Z11: WSWT1625800 | AA11: 3702.05 | AB11: 3702.05 | AC11: 0 | AD11: 0 | AE11: 0 | AF11: PDR250117 | AG11: พร้อมส่ง | AH11: P7 | AI11: 2 | AJ11: 45773 | AK11: 0 | AL11: 45764 | AM11: 45771 | AN11: 45772 | AO11: 45772 | AP11: 45768 | AQ11: 0 | AR11: 0 | AS11: 0 | AT11: 0 | AU11: 0 | AV11: 0 | AW11: งานพิมพ์ | AX11: / | AY11: 0 | AZ11: 0 | BA11: 0 | BB11: 0 | BC11: WRWT25800/WRWT25800 | BD11: 0
A12: 0 | B12: 0 | C12: 0 | D12: 0 | E12: 16 | F12: 25 | G12: ขาว | H12: 0 | I12: 45 | J12: ± | K12: 5 | L12: 0 | M12: 0 | N12: 0 | O12: 0 | P12: 0 | Q12: 0 | R12: 0 | S12: 0 | U12: 0 | V12: 0 | W12: 0 | X12: 0 | Y12: 0 | Z12: WSWT1625800 | AA12: 7404.1 | AB12: 7404.1 | AC12: 0 | AD12: 0 | AE12: 0 | AF12: ระบุในSD | AG12: ยังไม่ได้พิมพ์ | AH12: 0 | AI12: Lead time | AJ12: 0 | AK12: 0 | AL12: 0 | AM12: 0 | AN12: 0 | AO12: 0 | AP12: 0 | AQ12: 0 | AR12: 0 | AS12: 0 | AT12: 0 | AU12: 0 | AV12: 0 | AW12: 0 | AX12: 0 | AY12: 0 | AZ12: 0 | BA12: 0 | BB12: 0 | BC12: WRWT160800/WRWT25800 | BD12: 0
A13: 45744 | B13: MK68-000468 | C13: โรงสีธัญญกิจ(ราชบุรี) | D13: ราชสีห์(ข้าวหอมมะลิ) | E13: 16 | F13: 25 | G13: ขาว | H13: 0 | I13: 47 | J13: ± | K13: 5 | L13: ไม่ | M13: ไม่สวมถุงใน | N13: 0 | O13: 0 | P13: 0 | Q13: 0 | R13: 0 | S13: 500กระสอบ | T13: 45756 | U13: 10000 | V13: 0 | W13: 10000 | X13: 0 | Y13: 10500 | Z13: WSWT1621720SMFX | AA13: 7404.1 | AB13: 7300 | AC13: 104.1 | AD13: 0 | AE13: 0 | AF13: 0 | AG13: ยังไม่ได้พิมพ์ | AH13: P7 | AI13: 2 | AJ13: 45756 | AK13: 0 | AL13: 45747 | AM13: 45754 | AN13: 45755 | AO13: 45755 | AP13: 45751 | AQ13: 0 | AR13: 0 | AS13: 0 | AT13: 0 | AU13: 0 | AV13: 0 | AW13: งานพิมพ์ | AX13: / | AY13: 0 | AZ13: 0 | BA13: 0 | BB13: 0 | BC13: WRWT21720/WRWT21720 | BD13: 6.196032
A14: 0 | B14: 0 | C14: 0 | D14: 0 | E14: 16 | F14: 25 | G14: 0 | H14: 0 | I14: 47 | J14: ± | K14: 5 | L14: 0 | M14: 0 | N14: 0 | O14: 0 | P14: 0 | Q14: 0 | R14: 0 | S14: 0 | U14: 0 | V14: 0 | W14: 0 | X14: 0 | Y14: 0 | Z14: WSWT1621720SMFX | AA14: 7404.1 | AB14: 7300 | AC14: 104.1 | AD14: 0 | AE14: 0 | AF14: ระบุในSD | AG14: พร้อมส่ง | AH14: 0 | AI14: 0 | AJ14: 0 | AK14: 0 | AL14: 0 | AM14: 0 | AN14: 0 | AO14: 0 | AP14: 0 | AQ14: 0 | AR14: 0 | AS14: 0 | AT14: 0 | AU14: 0 | AV14: 0 | AW14: 0 | AX14: 0 | AY14: 0 | AZ14: 0 | BA14: 0 | BB14: 0 | BC14: WRWT160720/WRWT21720 | BD14: 0
A15: 45752 | B15: MK68-000515 | C15: ร้านเห็ดไพลิน | D15: เพชร | E15: 18 | F15: 28 | G15: ขาว | H15: 0 | I15: 50 | J15: ± | K15: 5 | L15: ไม่ | M15: 19 | N15: 29 | O15: 40 | P15: 67.96838 | Q15: 0 | R15: 67.96838 | S15: 500กระสอบ | T15: 45770 | U15: 5000 | V15: 0 | W15: 5000 | X15: 0 | Y15: 5250 | Z15: WSWT1825800 | AA15: 4121.15 | AB15: 4121.15 | AC15: 0 | AD15: 0 | AE15: 0 | AF15: 0 | AG15: ยังไม่ได้พิมพ์ | AH15: P9 | AI15: 3 | AJ15: 45770 | AK15: 0 | AL15: 45760 | AM15: 45767 | AN15: 45768 | AO15: 45768 | AP15: 45765 | AQ15: 45769 | AR15: 0 | AS15: 0 | AT15: 0 | AU15: 0 | AV15: 0 | AW15: งานพิมพ์ | AX15: / | AY15: 0 | AZ15: 0 | BA15: 0 | BB15: 0 | BC15: WRWT25800/WRWT25800 | BD15: 0
A16: ประมาณการ | B16: ประมาณการ | C16: บจก.ฟาร์เธอร์ส วิง ซัพพลาย | D16: รถไฟ | E16: 18 | F16: 30 | G16: ขาว | H16: 0 | I16: 54 | J16: ± | K16: 5 | L16: บิด | M16: 19 | N16: 33 | O16: 40 | P16: 232.02999 | Q16: 0 | R16: 232.02999 | S16: 500กระสอบ | T16: 45777 | U16: 15000 | V16: 0 | W16: 15000 | X16: 0 | Y16: 15750 | Z16: WSWT1825800 | AA16: 13201.65 | AB16: 7949 | AC16: 5252.65 | AD16: 0 | AE16: 0 | AF16: 0 | AG16: ยังไม่ได้พิมพ์ | AH16: P9 | AI16: 3 | AJ16: 45777 | AK16: 0 | AL16: 45767 | AM16: 45774 | AN16: 45775 | AO16: 45775 | AP16: 45772 | AQ16: 45776 | AR16: 0 | AS16: 0 | AT16: 0 | AU16: 0 | AV16: 0 | AW16: งานพิมพ์ | AX16: รอART | AY16: 0 | AZ16: 0 | BA16: 0 | BB16: 0 | BC16: WRWT25800/WRWT25800 | BD16: 361.38232
A17: 0 | B17: 0 | E17: 18 | F17: 30 | G17: ขาว | H17: 0 | I17: 54 | J17: ± | K17: 5 | L17: 0 | M17: 0 | N17: 0 | O17: 0 | P17: 0 | Q17: 0 | R17: 0 | S17: 0 | U17: 0 | V17: 0 | W17: 0 | X17: 0 | Y17: 0 | Z17: WSWT1825800 | AA17: 17322.8 | AB17: 12070.15 | AC17: 5252.65 | AD17: 0 | AE17: 0 | AF17: ระบุในSD | AG17: รอแบบ | AH17: 0 | AI17: Lead time | AJ17: 0 | AK17: 0 | AL17: 0 | AM17: 0 | AN17: 0 | AO17: 0 | AP17: 0 | AQ17: 0 | AR17: 0 | AS17: 0 | AT17: 0 | AU17: 0 | AV17: 0 | AW17: 0 | AX17: 0 | AY17: 0 | AZ17: 0 | BA17: 0 | BB17: 0 | BC17: WRWT25800/WRWT25800 | BD17: 0
A18: 45749 | B18: MK68-000485 | C18: บจก.2เอ็ม อโกรเท็ค | D18: พระเอกในดวงใจ 14-7-28 | E18: 18 | F18: 30 | G18: ขาว | H18: ใส | I18: 74 | J18: ± | K18: 5 | L18: บิด | M18: 19 | N18: 33 | O18: 70 | P18: 135.35083 | Q18: 0 | R18: 135.35083 | S18: 500กระสอบ | T18: 45768 | U18: 5000 | V18: 0 | W18: 5000 | X18: 0 | Y18: 5250 | Z18: WSWT1825800SM | AA18: 4400.55 | AB18: 2000 | AC18: 2400.55 | AD18: 0 | AE18: 4400.55 | AF18: ขาด-เกิน5% | AG18: พร้อมส่ง | AH18: P8 | AI18: 4 | AJ18: 45768 | AK18: 45764 | AL18: 45758 | AM18: 45765 | AN18: 45766 | AO18: 45766 | AP18: 45763 | AQ18: 45767 | AR18: 0 | AS18: 0 | AT18: 0 | AU18: 0 | AV18: 0 | AW18: งานเคลือบ+พิมพ์ | AX18: / | AY18: 0 | AZ18: 0 | BA18: 0 | BB18: 0 | BC18: WRWT25800/WRWT25800 | BD18: 153.6352
A19: 45749 | B19: MK68-000486 | C19: บจก.2เอ็ม อโกรเท็ค | D19: เลิฟชอยล์18-3-10 | E19: 18 | F19: 30 | G19: ขาว | H19: ใส | I19: 74 | J19: ± | K19: 5 | L19: บิด | M19: 19 | N19: 33 | O19: 70 | P19: 135.35083 | Q19: 0 | R19: 135.35083 | S19: 500กระสอบ | T19: 45768 | U19: 5000 | V19: 0 | W19: 5000 | X19: 0 | Y19: 5250 | Z19: WSWT1825800SM | AA19: 4400.55 | AB19: 0 | AC19: 4400.55 | AD19: 0 | AE19: 4400.55 | AF19: ขาด-เกิน5% | AG19: รอตัด | AH19: P8 | AI19: 4 | AJ19: 45768 | AK19: 45764 | AL19: 45758 | AM19: 45765 | AN19: 45766 | AO19: 45766 | AP19: 45763 | AQ19: 45767 | AR19: 0 | AS19: 0 | AT19: 0 | AU19: 0 | AV19: 0 | AW19: งานเคลือบ+พิมพ์ | AX19: / | AY19: 0 | AZ19: 0 | BA19: 0 | BB19: 0 | BC19: WRWT25800/WRWT25800 | BD19: 281.6352
A20: ประมาณการ | B20: ประมาณการ | C20: บจก.ซิเบลโก้ | D20: รอแบบ | E20: 18 | F20: 30 | G20: ขาว | H20: ใส | I20: 74 | J20: ± | K20: 5 | L20: บิด | M20: ไม่สวมถุงใน | N20: 0 | O20: 0 | P20: 0 | Q20: 0 | R20: 0 | S20: 500กระสอบ | T20: รอแจ้ง | U20: 10000 | V20: 0 | W20: 10000 | X20: 0 | Y20: 10500 | Z20: WSWT1825800SM | AA20: 8801.1 | AB20: 0 | AC20: 8801.1 | AD20: 0 | AE20: 8801.1 | AF20: 0 | AG20: รอตัด | AH20: P6 | AI20: 4 | AJ20: รอแจ้ง | AK20: #VALUE! | AL20: #VALUE! | AM20: #VALUE! | AN20: #VALUE! | AO20: #VALUE! | AP20: #VALUE! | AQ20: 0 | AR20: 0 | AS20: 0 | AT20: 0 | AU20: 0 | AV20: 0 | AW20: งานเคลือบ+พิมพ์ | AX20: รอART | AY20: 0 | AZ20: 0 | BA20: 0 | BB20: 0 | BC20: WRWT25800/WRWT25800 | BD20: 563.2704
A21: 0 | B21: 0 | C21: 0 | E21: 18 | F21: 25 | G21: ขาว | H21: 0 | I21: 50 | J21: ± | K21: 5 | L21: 0 | M21: 0 | N21: 0 | O21: 0 | P21: 0 | Q21: 0 | R21: 0 | S21: 0 | U21: 0 | V21: 0 | W21: 0 | X21: 0 | Y21: 0 | Z21: WSWT1825800SM | AA21: 17602.2 | AB21: 2000 | AC21: 15602.2 | AD21: 0 | AE21: 17602.2 | AF21: ระบุในSD | AG21: ยังไม่ได้พิมพ์ | AH21: 0 | AI21: Lead time | AJ21: 0 | AK21: 0 | AL21: 0 | AM21: 0 | AN21: 0 | AO21: 0 | AP21: 0 | AQ21: 0 | AR21: 0 | AS21: 0 | AT21: 0 | AU21: 0 | AV21: 0 | AW21: 0 | AX21: 0 | AY21: 0 | AZ21: 0 | BA21: 0 | BB21: 0 | BC21: WRWT180800/WRWT25800 | BD21: 0
A22: 45734 | B22: MK68-000419 | C22: บจก.ซีแมน | D22: W30 | E22: 19 | F22: 28 | G22: ขาว | H22: 0 | I22: 56 | J22: ± | K22: 5 | L22: ไม่ | M22: 20 | N22: 30 | O22: 90 | P22: 666.1148 | Q22: 0 | R22: 666.1148 | S22: มัด100 | T22: 45759 | U22: 20000 | V22: 0 | W22: 20000 | X22: 21000 | Y22: 0 | Z22: WSWT1925800 | AA22: 0 | AB22: 0 | AC22: 0 | AD22: 0 | AE22: 0 | AF22: 0 | AG22: ยังไม่ได้พิมพ์ | AH22: P9 | AI22: 3 | AJ22: 45759 | AK22: 0 | AL22: 45749 | AM22: 45756 | AN22: 45757 | AO22: 45757 | AP22: 45754 | AQ22: 45758 | AR22: 0 | AS22: 0 | AT22: 0 | AU22: 0 | AV22: 0 | AW22: งานพิมพ์ | AX22: / | AY22: 0 | AZ22: 0 | BA22: 0 | BB22: 0 | BC22: WRWT25800/WRWT25800 | BD22: 0
A23: 45734 | B23: MK68-000419 | C23: บจก.ซีแมน | D23: W30 | E23: 19 | F23: 28 | G23: ขาว | H23: 0 | I23: 56 | J23: ± | K23: 5 | L23: ไม่ | M23: 20 | N23: 30 | O23: 90 | P23: 666.1148 | Q23: 0 | R23: 666.1148 | S23: มัด100 | T23: 45769 | U23: 20000 | V23: 0 | W23: 20000 | X23: 20690 | Y23: 0 | Z23: WSWT1925800 | AA23: 0 | AB23: 0 | AC23: 0 | AD23: 0 | AE23: 0 | AF23: 0 | AG23: รอแบบ | AH23: P9 | AI23: 3 | AJ23: 45769 | AK23: 0 | AL23: 45759 | AM23: 45766 | AN23: 45767 | AO23: 45767 | AP23: 45764 | AQ23: 45768 | AR23: 0 | AS23: 0 | AT23: 0 | AU23: 0 | AV23: 0 | AW23: งานพิมพ์ | AX23: / | AY23: 0 | AZ23: 0 | BA23: 0 | BB23: 0 | BC23: WRWT25800/WRWT25800 | BD23: 0
A24: 45734 | B24: MK68-000418 | C24: บจก.ซีแมน | D24: Y30 | E24: 19 | F24: 28 | G24: ขาว | H24: 0 | I24: 56 | J24: ± | K24: 5 | L24: ไม่ | M24: 20 | N24: 30 | O24: 90 | P24: 666.1148 | Q24: 0 | R24: 666.1148 | S24: มัด100 | T24: 45769 | U24: 20000 | V24: 0 | W24: 20000 | X24: 0 | Y24: 21000 | Z24: WSWT1925800 | AA24: 16484.6 | AB24: 5000 | AC24: 11484.6 | AD24: 0 | AE24: 0 | AF24: 0 | AG24: รอแบบ | AH24: P9 | AI24: 3 | AJ24: 45769 | AK24: 0 | AL24: 45759 | AM24: 45766 | AN24: 45767 | AO24: 45767 | AP24: 45764 | AQ24: 45768 | AR24: 0 | AS24: 0 | AT24: 0 | AU24: 0 | AV24: 0 | AW24: งานพิมพ์ | AX24: / | AY24: 0 | AZ24: 0 | BA24: 0 | BB24: 0 | BC24: WRWT25800/WRWT25800 | BD24: 834.03717
A25: ประมาณการ | B25: ประมาณการ | C25: บจก.ไลม์มาสเตอร์ | D25: LMC 25 kg | E25: 19 | F25: 32 | G25: ขาว | H25: 0 | I25: 64 | J25: ± | K25: 5 | L25: ไม่ | M25: 20 | N25: 35 | O25: 40 | P25: 172.69643 | Q25: 0 | R25: 172.69643 | S25: 500กระสอบแบน | T25: รอแจ้ง | U25: 10000 | V25: 0 | W25: 10000 | X25: 0 | Y25: 10500 | Z25: WSWT1925800 | AA25: 9359.9 | AB25: 0 | AC25: 9359.9 | AD25: 0 | AE25: 0 | AF25: 0 | AG25: พร้อมส่ง | AH25: P9 | AI25: 3 | AJ25: รอแจ้ง | AK25: 0 | AL25: #VALUE! | AM25: #VALUE! | AN25: #VALUE! | AO25: #VALUE! | AP25: #VALUE! | AQ25: #VALUE! | AR25: 0 | AS25: 0 | AT25: 0 | AU25: 0 | AV25: 0 | AW25: งานพิมพ์ | AX25: รอART | AY25: 0 | AZ25: 0 | BA25: 0 | BB25: 0 | BC25: WRWT25800/WRWT25800 | BD25: 679.73674
A26: ประมาณการ | B26: ประมาณการ | C26: บจก.เพรซิเดนท์ฟลาวมิลล์ | D26: รอแบบ | E26: 19 | F26: 30 | G26: ขาว | H26: 0 | I26: 60 | J26: ± | K26: 5 | L26: บิด | M26: ไม่สวมถุงใน | N26: 0 | O26: 0 | P26: 0 | Q26: 0 | R26: 0 | S26: 500กระสอบแบน | T26: 45777 | U26: 120000 | V26: 0 | W26: 120000 | X26: 0 | Y26: 126000 | Z26: WSWT1925800 | AA26: 105613.2 | AB26: 0 | AC26: 105613.2 | AD26: 0 | AE26: 0 | AF26: 0 | AG26: พร้อมส่ง | AH26: P7 | AI26: 2 | AJ26: 45777 | AK26: 0 | AL26: 45768 | AM26: 45775 | AN26: 45776 | AO26: 45776 | AP26: 45772 | AQ26: 0 | AR26: 0 | AS26: 0 | AT26: 0 | AU26: 0 | AV26: 0 | AW26: งานพิมพ์ | AX26: รอART | AY26: 0 | AZ26: 0 | BA26: 0 | BB26: 0 | BC26: WRWT25800/WRWT25800 | BD26: 7669.8653
A27: ประมาณการ | B27: ประมาณการ | C27: บจก.เอ็กเซลเล้นท์ | D27: รอแบบ | E27: 19 | F27: 30 | G27: ขาว | H27: 0 | I27: 60 | J27: ± | K27: 5 | L27: บิด | M27: ไม่สวมถุงใน | N27: 0 | O27: 0 | P27: 0 | Q27: 0 | R27: 0 | S27: 500กระสอบ | T27: 45777 | U27: 30000 | V27: 0 | W27: 30000 | X27: 0 | Y27: 31500 | Z27: WSWT1925800 | AA27: 26403.3 | AB27: 0 | AC27: 26403.3 | AD27: 0 | AE27: 0 | AF27: 0 | AG27: ผ้าขาว | AH27: P7 | AI27: 2 | AJ27: 45777 | AK27: 0 | AL27: 45768 | AM27: 45775 | AN27: 45776 | AO27: 45776 | AP27: 45772 | AQ27: 0 | AR27: 0 | AS27: 0 | AT27: 0 | AU27: 0 | AV27: 0 | AW27: งานพิมพ์ | AX27: รอART | AY27: 0 | AZ27: 0 | BA27: 0 | BB27: 0 | BC27: WRWT25800/WRWT25800 | BD27: 1917.4663
A28: 0 | B28: 0 | C28: 0 | D28: 0 | E28: 19 | F28: 30 | G28: ขาว | H28: 0 | I28: 60 | J28: ± | K28: 5 | L28: 0 | M28: 0 | N28: 0 | O28: 0 | P28: 0 | Q28: 0 | R28: 0 | S28: 0 | U28: 0 | V28: 0 | W28: 0 | X28: 0 | Y28: 0 | Z28: WSWT1925800 | AA28: 157861 | AB28: 5000 | AC28: 152861 | AD28: 0 | AE28: 0 | AF28: ระบุในSD | AG28: ยังไม่ได้พิมพ์ | AH28: 0 | AI28: Lead time | AJ28: 0 | AK28: 0 | AL28: 0 | AM28: 0 | AN28: 0 | AO28: 0 | AP28: 0 | AQ28: 0 | AR28: 0 | AS28: 0 | AT28: 0 | AU28: 0 | AV28: 0 | AW28: 0 | AX28: 0 | AY28: 0 | AZ28: 0 | BA28: 0 | BB28: 0 | BC28: WRWT25800/WRWT25800 | BD28: 0
A29: 0 | B29: ใบรับคำสั่งซื้อ | C29: บจก.เคอรี่ฟลาวมิลล์ | D29: แปดแต้มแดง | E29: 19 | F29: 32 | G29: ขาว | H29: 0 | I29: 67 | J29: + | K29: 5 | L29: บิด | M29: ไม่สวมถุงใน | N29: 0 | O29: 0 | P29: 0 | Q29: 0 | R29: 0 | S29: ห่ออัดเบลแบน500 | T29: รอส่ง | U29: 5000 | V29: 5250 | W29: 0 | X29: 0 | Y29: 0 | Z29: WSWT1921720 | AA29: 0 | AB29: 0 | AC29: 0 | AD29: 0 | AE29: 0 | AF29: 0 | AG29: ยังไม่ได้พิมพ์ | AH29: P7 | AI29: 2 | AJ29: รอส่ง | AK29: 0 | AL29: #VALUE! | AM29: #VALUE! | AN29: #VALUE! | AO29: #VALUE! | AP29: #VALUE! | AQ29: 0 | AR29: 0 | AS29: 0 | AT29: 0 | AU29: 0 | AV29: 0 | AW29: งานพิมพ์ | AX29: 0 | AY29: 0 | AZ29: 0 | BA29: 0 | BB29: 0 | BC29: WRWT21720/WRWT25800 | BD29: 0
A30: 45751 | B30: MK68-000505 | C30: บจก.เคอรี่ฟลาวมิลล์ | D30: ไม่พิมพ์ | E30: 19 | F30: 36 | G30: ขาว | H30: 0 | I30: 75 | J30: + | K30: 5 | L30: ไม่ | M30: ไม่สวมถุงใน | N30: 0 | O30: 0 | P30: 0 | Q30: 0 | R30: 0 | S30: ห่ออัดเบลแบน500 | T30: 45759 | U30: 5000 | V30: 0 | W30: 5000 | X30: 0 | Y30: 0 | Z30: WSWT1921720 | AA30: 5238.75 | AB30: 5238.75 | AC30: 0 | AD30: 0 | AE30: 0 | AF30: PDR250111 | AG30: ยังไม่ได้พิมพ์ | AH30: P3 | AI30: 1 | AJ30: 45759 | AK30: 0 | AL30: 0 | AM30: 0 | AN30: 0 | AO30: 45758 | AP30: 45754 | AQ30: 0 | AR30: 0 | AS30: 0 | AT30: 0 | AU30: 0 | AV30: 0 | AW30: ตัด | AX30: 0 | AY30: 0 | AZ30: 0 | BA30: 0 | BB30: 0 | BC30: WRWT21720/WRWT25800 | BD30: 0
A31: 45751 | B31: MK68-000506 | C31: บจก.เคอรี่ฟลาวมิลล์ | D31: บะหมี่เตี๊ยว | E31: 19 | F31: 30 | G31: ขาว | H31: 0 | I31: 63 | J31: + | K31: 5 | L31: บิด | M31: ไม่สวมถุงใน | N31: 0 | O31: 0 | P31: 0 | Q31: 0 | R31: 0 | S31: ห่ออัดเบลแบน500 | T31: 45759 | U31: 5000 | V31: 0 | W31: 5000 | X31: 0 | Y31: 5250 | Z31: WSWT1921720 | AA31: 4400.55 | AB31: 4400.55 | AC31: 0 | AD31: 0 | AE31: 0 | AF31: PDR250111 | AG31: ยังไม่ได้พิมพ์ | AH31: P7 | AI31: 2 | AJ31: 45759 | AK31: 0 | AL31: 45750 | AM31: 45757 | AN31: 45758 | AO31: 45758 | AP31: 45754 | AQ31: 0 | AR31: 0 | AS31: 0 | AT31: 0 | AU31: 0 | AV31: 0 | AW31: งานพิมพ์ | AX31: / | AY31: 0 | AZ31: 0 | BA31: 0 | BB31: 0 | BC31: WRWT21720/WRWT25800 | BD31: 0
A32: 45751 | B32: MK68-000506 | C32: บจก.เคอรี่ฟลาวมิลล์ | D32: ถุงเงิน | E32: 19 | F32: 30 | G32: ขาว | H32: 0 | I32: 63 | J32: + | K32: 5 | L32: บิด | M32: ไม่สวมถุงใน | N32: 0 | O32: 0 | P32: 0 | Q32: 0 | R32: 0 | S32: ห่ออัดเบลแบน500 | T32: 45759 | U32: 5000 | V32: 0 | W32: 5000 | X32: 0 | Y32: 5250 | Z32: WSWT1921720 | AA32: 4400.55 | AB32: 4400.55 | AC32: 0 | AD32: 0 | AE32: 0 | AF32: PDR250111 | AG32: ยังไม่ได้พิมพ์ | AH32: P7 | AI32: 2 | AJ32: 45759 | AK32: 0 | AL32: 45750 | AM32: 45757 | AN32: 45758 | AO32: 45758 | AP32: 45754 | AQ32: 0 | AR32: 0 | AS32: 0 | AT32: 0 | AU32: 0 | AV32: 0 | AW32: งานพิมพ์ | AX32: / | AY32: 0 | AZ32: 0 | BA32: 0 | BB32: 0 | BC32: WRWT21720/WRWT25800 | BD32: 0
A33: 45751 | B33: MK68-000506 | C33: บจก.เคอรี่ฟลาวมิลล์ | D33: 913 | E33: 19 | F33: 30 | G33: ขาว | H33: 0 | I33: 63 | J33: + | K33: 5 | L33: บิด | M33: ไม่สวมถุงใน | N33: 0 | O33: 0 | P33: 0 | Q33: 0 | R33: 0 | S33: ห่ออัดเบลแบน500 | T33: 45759 | U33: 5000 | V33: 0 | W33: 5000 | X33: 0 | Y33: 5250 | Z33: WSWT1921720 | AA33: 4400.55 | AB33: 3933 | AC33: 467.55 | AD33: 0 | AE33: 0 | AF33: PDR250111 | AG33: ยังไม่ได้พิมพ์ | AH33: P7 | AI33: 2 | AJ33: 45759 | AK33: 0 | AL33: 45750 | AM33: 45757 | AN33: 45758 | AO33: 45758 | AP33: 45754 | AQ33: 0 | AR33: 0 | AS33: 0 | AT33: 0 | AU33: 0 | AV33: 0 | AW33: งานพิมพ์ | AX33: / | AY33: 0 | AZ33: 0 | BA33: 0 | BB33: 0 | BC33: WRWT21720/WRWT25800 | BD33: 35.217944
A34: 45751 | B34: MK68-000506 | C34: บจก.เคอรี่ฟลาวมิลล์ | D34: โบว์น้ำเงิน | E34: 19 | F34: 30 | G34: ขาว | H34: 0 | I34: 63 | J34: + | K34: 5 | L34: บิด | M34: ไม่สวมถุงใน | N34: 0 | O34: 0 | P34: 0 | Q34: 0 | R34: 0 | S34: ห่ออัดเบลแบน500 | T34: 45759 | U34: 5000 | V34: 0 | W34: 5000 | X34: 0 | Y34: 5250 | Z34: WSWT1921720 | AA34: 4400.55 | AB34: 0 | AC34: 4400.55 | AD34: 0 | AE34: 0 | AF34: PDR250111 | AG34: ยังไม่ได้พิมพ์ | AH34: P7 | AI34: 2 | AJ34: 45759 | AK34: 0 | AL34: 45750 | AM34: 45757 | AN34: 45758 | AO34: 45758 | AP34: 45754 | AQ34: 0 | AR34: 0 | AS34: 0 | AT34: 0 | AU34: 0 | AV34: 0 | AW34: งานพิมพ์ | AX34: / | AY34: 0 | AZ34: 0 | BA34: 0 | BB34: 0 | BC34: WRWT21720/WRWT25800 | BD34: 331.46898
A35: 45751 | B35: MK68-000507 | C35: บจก.เคอรี่ฟลาวมิลล์ | D35: บะหมี่เตี๊ยว | E35: 19 | F35: 30 | G35: ขาว | H35: 0 | I35: 63 | J35: + | K35: 5 | L35: บิด | M35: ไม่สวมถุงใน | N35: 0 | O35: 0 | P35: 0 | Q35: 0 | R35: 0 | S35: ห่ออัดเบลแบน500 | T35: 45768 | U35: 5000 | V35: 0 | W35: 5000 | X35: 0 | Y35: 5250 | Z35: WSWT1921720 | AA35: 4400.55 | AB35: 4400.55 | AC35: 0 | AD35: 0 | AE35: 0 | AF35: PDR250112 | AG35: ยังไม่ได้พิมพ์ | AH35: P7 | AI35: 2 | AJ35: 45768 | AK35: 0 | AL35: 45759 | AM35: 45766 | AN35: 45767 | AO35: 45767 | AP35: 45763 | AQ35: 0 | AR35: 0 | AS35: 0 | AT35: 0 | AU35: 0 | AV35: 0 | AW35: งานพิมพ์ | AX35: / | AY35: 0 | AZ35: 0 | BA35: 0 | BB35: 0 | BC35: WRWT21720/WRWT25800 | BD35: 0
A36: 45751 | B36: MK68-000507 | C36: บจก.เคอรี่ฟลาวมิลล์ | D36: ปลาโลมาแดง | E36: 19 | F36: 30 | G36: ขาว | H36: 0 | I36: 63 | J36: + | K36: 5 | L36: บิด | M36: ไม่สวมถุงใน | N36: 0 | O36: 0 | P36: 0 | Q36: 0 | R36: 0 | S36: ห่ออัดเบลแบน500 | T36: 45768 | U36: 5000 | V36: 0 | W36: 5000 | X36: 0 | Y36: 5250 | Z36: WSWT1921720 | AA36: 4400.55 | AB36: 0 | AC36: 4400.55 | AD36: 0 | AE36: 0 | AF36: PDR250112 | AG36: ยังไม่ได้พิมพ์ | AH36: P7 | AI36: 2 | AJ36: 45768 | AK36: 0 | AL36: 45759 | AM36: 45766 | AN36: 45767 | AO36: 45767 | AP36: 45763 | AQ36: 0 | AR36: 0 | AS36: 0 | AT36: 0 | AU36: 0 | AV36: 0 | AW36: งานพิมพ์ | AX36: / | AY36: 0 | AZ36: 0 | BA36: 0 | BB36: 0 | BC36: WRWT21720/WRWT25800 | BD36: 331.46898
A37: 45751 | B37: MK68-000507 | C37: บจก.เคอรี่ฟลาวมิลล์ | D37: ดอกไม้เหลือง | E37: 19 | F37: 30 | G37: ขาว | H37: 0 | I37: 63 | J37: + | K37: 5 | L37: บิด | M37: ไม่สวมถุงใน | N37: 0 | O37: 0 | P37: 0 | Q37: 0 | R37: 0 | S37: ห่ออัดเบลแบน500 | T37: 45768 | U37: 5000 | V37: 0 | W37: 5000 | X37: 0 | Y37: 5250 | Z37: WSWT1921720 | AA37: 4400.55 | AB37: 0 | AC37: 4400.55 | AD37: 0 | AE37: 0 | AF37: PDR250112 | AG37: ยังไม่ได้พิมพ์ | AH37: P7 | AI37: 2 | AJ37: 45768 | AK37: 0 | AL37: 45759 | AM37: 45766 | AN37: 45767 | AO37: 45767 | AP37: 45763 | AQ37: 0 | AR37: 0 | AS37: 0 | AT37: 0 | AU37: 0 | AV37: 0 | AW37: งานพิมพ์ | AX37: / | AY37: 0 | AZ37: 0 | BA37: 0 | BB37: 0 | BC37: WRWT21720/WRWT25800 | BD37: 331.46898
A38: 45751 | B38: MK68-000507 | C38: บจก.เคอรี่ฟลาวมิลล์ | D38: ถุงเขียว | E38: 19 | F38: 30 | G38: ขาว | H38: 0 | I38: 63 | J38: + | K38: 5 | L38: บิด | M38: ไม่สวมถุงใน | N38: 0 | O38: 0 | P38: 0 | Q38: 0 | R38: 0 | S38: ห่ออัดเบลแบน500 | T38: 45768 | U38: 5000 | V38: 0 | W38: 5000 | X38: 0 | Y38: 5250 | Z38: WSWT1921720 | AA38: 4400.55 | AB38: 0 | AC38: 4400.55 | AD38: 0 | AE38: 0 | AF38: PDR250112 | AG38: ยังไม่ได้พิมพ์ | AH38: P7 | AI38: 2 | AJ38: 45768 | AK38: 0 | AL38: 45759 | AM38: 45766 | AN38: 45767 | AO38: 45767 | AP38: 45763 | AQ38: 0 | AR38: 0 | AS38: 0 | AT38: 0 | AU38: 0 | AV38: 0 | AW38: งานพิมพ์ | AX38: / | AY38: 0 | AZ38: 0 | BA38: 0 | BB38: 0 | BC38: WRWT21720/WRWT25800 | BD38: 331.46898
A39: 45751 | B39: MK68-000506 | C39: บจก.เคอรี่ฟลาวมิลล์ | D39: ปลาโลมาเทา | E39: 19 | F39: 30 | G39: ขาว | H39: 0 | I39: 63 | J39: + | K39: 5 | L39: บิด | M39: ไม่สวมถุงใน | N39: 0 | O39: 0 | P39: 0 | Q39: 0 | R39: 0 | S39: ห่ออัดเบลแบน500 | T39: 45769 | U39: 5000 | V39: 0 | W39: 5000 | X39: 0 | Y39: 5250 | Z39: WSWT1921720 | AA39: 4400.55 | AB39: 0 | AC39: 4400.55 | AD39: 0 | AE39: 0 | AF39: PDR250113 | AG39: ผ้าขาว | AH39: P7 | AI39: 2 | AJ39: 45769 | AK39: 0 | AL39: 45760 | AM39: 45767 | AN39: 45768 | AO39: 45768 | AP39: 45764 | AQ39: 0 | AR39: 0 | AS39: 0 | AT39: 0 | AU39: 0 | AV39: 0 | AW39: งานพิมพ์ | AX39: / | AY39: 0 | AZ39: 0 | BA39: 0 | BB39: 0 | BC39: WRWT21720/WRWT25800 | BD39: 331.46898
A40: 45751 | B40: MK68-000506 | C40: บจก.เคอรี่ฟลาวมิลล์ | D40: ดอกไม้เหลือง | E40: 19 | F40: 30 | G40: ขาว | H40: 0 | I40: 63 | J40: + | K40: 5 | L40: บิด | M40: ไม่สวมถุงใน | N40: 0 | O40: 0 | P40: 0 | Q40: 0 | R40: 0 | S40: ห่ออัดเบลแบน500 | T40: 45769 | U40: 5000 | V40: 0 | W40: 5000 | X40: 0 | Y40: 5250 | Z40: WSWT1921720 | AA40: 4400.55 | AB40: 0 | AC40: 4400.55 | AD40: 0 | AE40: 0 | AF40: PDR250113 | AG40: ผ้าขาว | AH40: P7 | AI40: 2 | AJ40: 45769 | AK40: 0 | AL40: 45760 | AM40: 45767 | AN40: 45768 | AO40: 45768 | AP40: 45764 | AQ40: 0 | AR40: 0 | AS40: 0 | AT40: 0 | AU40: 0 | AV40: 0 | AW40: งานพิมพ์ | AX40: / | AY40: 0 | AZ40: 0 | BA40: 0 | BB40: 0 | BC40: WRWT21720/WRWT25800 | BD40: 331.46898
A41: 45751 | B41: MK68-000506 | C41: บจก.เคอรี่ฟลาวมิลล์ | D41: ถุงทองแซนวิช | E41: 19 | F41: 30 | G41: ขาว | H41: 0 | I41: 63 | J41: + | K41: 5 | L41: บิด | M41: ไม่สวมถุงใน | N41: 0 | O41: 0 | P41: 0 | Q41: 0 | R41: 0 | S41: ห่ออัดเบลแบน500 | T41: 45769 | U41: 5000 | V41: 0 | W41: 5000 | X41: 0 | Y41: 5250 | Z41: WSWT1921720 | AA41: 4400.55 | AB41: 0 | AC41: 4400.55 | AD41: 0 | AE41: 0 | AF41: PDR250113 | AG41: ยังไม่ได้พิมพ์ | AH41: P7 | AI41: 2 | AJ41: 45769 | AK41: 0 | AL41: 45760 | AM41: 45767 | AN41: 45768 | AO41: 45768 | AP41: 45764 | AQ41: 0 | AR41: 0 | AS41: 0 | AT41: 0 | AU41: 0 | AV41: 0 | AW41: งานพิมพ์ | AX41: / | AY41: 0 | AZ41: 0 | BA41: 0 | BB41: 0 | BC41: WRWT21720/WRWT25800 | BD41: 331.46898
A42: 45737 | B42: MK68-000436 | C42: บจก.เคอรี่ฟลาวมิลล์ | D42: ไม่พิมพ์ | E42: 19 | F42: 30 | G42: ขาว | H42: 0 | I42: 63 | J42: + | K42: 5 | L42: ไม่ | M42: ไม่สวมถุงใน | N42: 0 | O42: 0 | P42: 0 | Q42: 0 | R42: 0 | S42: ห่ออัดเบลแบน500 | T42: 45769 | U42: 20000 | V42: 0 | W42: 20000 | X42: 0 | Y42: 0 | Z42: WSWT1921720 | AA42: 17602.2 | AB42: 0 | AC42: 17602.2 | AD42: 0 | AE42: 0 | AF42: 0 | AG42: ยังไม่ได้พิมพ์ | AH42: P3 | AI42: 1 | AJ42: 45769 | AK42: 0 | AL42: 0 | AM42: 0 | AN42: 0 | AO42: 45768 | AP42: 45764 | AQ42: 0 | AR42: 0 | AS42: 0 | AT42: 0 | AU42: 0 | AV42: 0 | AW42: ตัด | AX42: 0 | AY42: 0 | AZ42: 0 | BA42: 0 | BB42: 0 | BC42: WRWT21720/WRWT25800 | BD42: 1325.8759
A43: 45737 | B43: MK68-000437 | C43: บจก.เคอรี่ฟลาวมิลล์ | D43: ไม่พิมพ์ | E43: 19 | F43: 30 | G43: ขาว | H43: 0 | I43: 63 | J43: + | K43: 5 | L43: ไม่ | M43: ไม่สวมถุงใน | N43: 0 | O43: 0 | P43: 0 | Q43: 0 | R43: 0 | S43: ห่ออัดเบลแบน500 | T43: 45769 | U43: 20000 | V43: 0 | W43: 20000 | X43: 0 | Y43: 0 | Z43: WSWT1921720 | AA43: 17602.2 | AB43: 0 | AC43: 17602.2 | AD43: 0 | AE43: 0 | AF43: 0 | AG43: รอตัด | AH43: P3 | AI43: 1 | AJ43: 45769 | AK43: 0 | AL43: 0 | AM43: 0 | AN43: 0 | AO43: 45768 | AP43: 45764 | AQ43: 0 | AR43: 0 | AS43: 0 | AT43: 0 | AU43: 0 | AV43: 0 | AW43: ตัด | AX43: 0 | AY43: 0 | AZ43: 0 | BA43: 0 | BB43: 0 | BC43: WRWT21720/WRWT25800 | BD43: 1325.8759
A44: 45751 | B44: MK68-000507 | C44: บจก.เคอรี่ฟลาวมิลล์ | D44: ถุงทองแซนวิช | E44: 19 | F44: 30 | G44: ขาว | H44: 0 | I44: 63 | J44: + | K44: 5 | L44: บิด | M44: ไม่สวมถุงใน | N44: 0 | O44: 0 | P44: 0 | Q44: 0 | R44: 0 | S44: ห่ออัดเบลแบน500 | T44: 45770 | U44: 10000 | V44: 0 | W44: 10000 | X44: 0 | Y44: 10500 | Z44: WSWT1921720 | AA44: 8801.1 | AB44: 0 | AC44: 8801.1 | AD44: 0 | AE44: 0 | AF44: PDR250114 | AG44: รอตัด | AH44: P7 | AI44: 2 | AJ44: 45770 | AK44: 0 | AL44: 45761 | AM44: 45768 | AN44: 45769 | AO44: 45769 | AP44: 45765 | AQ44: 0 | AR44: 0 | AS44: 0 | AT44: 0 | AU44: 0 | AV44: 0 | AW44: งานพิมพ์ | AX44: / | AY44: 0 | AZ44: 0 | BA44: 0 | BB44: 0 | BC44: WRWT21720/WRWT25800 | BD44: 662.93797
A45: 45751 | B45: MK68-000507 | C45: บจก.เคอรี่ฟลาวมิลล์ | D45: แต้มฟ้า | E45: 19 | F45: 30 | G45: ขาว | H45: 0 | I45: 63 | J45: + | K45: 5 | L45: บิด | M45: ไม่สวมถุงใน | N45: 0 | O45: 0 | P45: 0 | Q45: 0 | R45: 0 | S45: ห่ออัดเบลแบน500 | T45: 45770 | U45: 5000 | V45: 0 | W45: 5000 | X45: 0 | Y45: 5250 | Z45: WSWT1921720 | AA45: 4400.55 | AB45: 0 | AC45: 4400.55 | AD45: 0 | AE45: 0 | AF45: PDR250114 | AG45: ยังไม่ได้พิมพ์ | AH45: P7 | AI45: 2 | AJ45: 45770 | AK45: 0 | AL45: 45761 | AM45: 45768 | AN45: 45769 | AO45: 45769 | AP45: 45765 | AQ45: 0 | AR45: 0 | AS45: 0 | AT45: 0 | AU45: 0 | AV45: 0 | AW45: งานพิมพ์ | AX45: / | AY45: 0 | AZ45: 0 | BA45: 0 | BB45: 0 | BC45: WRWT21720/WRWT25800 | BD45: 331.46898
A46: 45751 | B46: MK68-000509 | C46: บจก.เคอรี่ฟลาวมิลล์ | D46: ดอกไม้แดง | E46: 19 | F46: 32 | G46: ขาว | H46: 0 | I46: 67 | J46: + | K46: 5 | L46: บิด | M46: ไม่สวมถุงใน | N46: 0 | O46: 0 | P46: 0 | Q46: 0 | R46: 0 | S46: ห่ออัดเบลแบน500 | T46: 45770 | U46: 5000 | V46: 0 | W46: 5000 | X46: 5580 | Y46: 0 | Z46: WSWT1921720 | AA46: 0 | AB46: 0 | AC46: 0 | AD46: 0 | AE46: 0 | AF46: PDR250114 | AG46: ยังไม่ได้พิมพ์ | AH46: P7 | AI46: 2 | AJ46: 45770 | AK46: 0 | AL46: 45761 | AM46: 45768 | AN46: 45769 | AO46: 45769 | AP46: 45765 | AQ46: 0 | AR46: 0 | AS46: 0 | AT46: 0 | AU46: 0 | AV46: 0 | AW46: งานพิมพ์ | AX46: / | AY46: 0 | AZ46: 0 | BA46: 0 | BB46: 0 | BC46: WRWT21720/WRWT25800 | BD46: 0
A47: 45751 | B47: MK68-000509 | C47: บจก.เคอรี่ฟลาวมิลล์ | D47: WHOLE WHEAT | E47: 19 | F47: 32 | G47: ขาว | H47: 0 | I47: 67 | J47: + | K47: 5 | L47: บิด | M47: ไม่สวมถุงใน | N47: 0 | O47: 0 | P47: 0 | Q47: 0 | R47: 0 | S47: ห่ออัดเบลแบน500 | T47: 45770 | U47: 5000 | V47: 0 | W47: 5000 | X47: 5300 | Y47: 0 | Z47: WSWT1921720 | AA47: 0 | AB47: 0 | AC47: 0 | AD47: 0 | AE47: 0 | AF47: PDR250114 | AG47: ยังไม่ได้พิมพ์ | AH47: P7 | AI47: 2 | AJ47: 45770 | AK47: 0 | AL47: 45761 | AM47: 45768 | AN47: 45769 | AO47: 45769 | AP47: 45765 | AQ47: 0 | AR47: 0 | AS47: 0 | AT47: 0 | AU47: 0 | AV47: 0 | AW47: งานพิมพ์ | AX47: / | AY47: 0 | AZ47: 0 | BA47: 0 | BB47: 0 | BC47: WRWT21720/WRWT25800 | BD47: 0
A48: 45751 | B48: MK68-000506 | C48: บจก.เคอรี่ฟลาวมิลล์ | D48: แต้มแดง | E48: 19 | F48: 30 | G48: ขาว | H48: 0 | I48: 63 | J48: + | K48: 5 | L48: บิด | M48: ไม่สวมถุงใน | N48: 0 | O48: 0 | P48: 0 | Q48: 0 | R48: 0 | S48: ห่ออัดเบลแบน500 | T48: 45771 | U48: 5000 | V48: 0 | W48: 5000 | X48: 0 | Y48: 5250 | Z48: WSWT1921720 | AA48: 4400.55 | AB48: 0 | AC48: 4400.55 | AD48: 0 | AE48: 0 | AF48: PDR250115 | AG48: ยังไม่ได้พิมพ์ | AH48: P7 | AI48: 2 | AJ48: 45771 | AK48: 0 | AL48: 45762 | AM48: 45769 | AN48: 45770 | AO48: 45770 | AP48: 45766 | AQ48: 0 | AR48: 0 | AS48: 0 | AT48: 0 | AU48: 0 | AV48: 0 | AW48: งานพิมพ์ | AX48: / | AY48: 0 | AZ48: 0 | BA48: 0 | BB48: 0 | BC48: WRWT21720/WRWT25800 | BD48: 331.46898
A49: 45751 | B49: MK68-000506 | C49: บจก.เคอรี่ฟลาวมิลล์ | D49: HARD FLOUR | E49: 19 | F49: 30 | G49: ขาว | H49: 0 | I49: 63 | J49: + | K49: 5 | L49: บิด | M49: ไม่สวมถุงใน | N49: 0 | O49: 0 | P49: 0 | Q49: 0 | R49: 0 | S49: ห่ออัดเบลแบน500 | T49: 45771 | U49: 5000 | V49: 0 | W49: 5000 | X49: 0 | Y49: 5250 | Z49: WSWT1921720 | AA49: 4400.55 | AB49: 0 | AC49: 4400.55 | AD49: 0 | AE49: 0 | AF49: PDR250115 | AG49: ผ้าขาว | AH49: P7 | AI49: 2 | AJ49: 45771 | AK49: 0 | AL49: 45762 | AM49: 45769 | AN49: 45770 | AO49: 45770 | AP49: 45766 | AQ49: 0 | AR49: 0 | AS49: 0 | AT49: 0 | AU49: 0 | AV49: 0 | AW49: งานพิมพ์ | AX49: / | AY49: 0 | AZ49: 0 | BA49: 0 | BB49: 0 | BC49: WRWT21720/WRWT25800 | BD49: 331.46898
A50: 45751 | B50: MK68-000506 | C50: บจก.เคอรี่ฟลาวมิลล์ | D50: ถุงเงิน | E50: 19 | F50: 30 | G50: ขาว | H50: 0 | I50: 63 | J50: + | K50: 5 | L50: บิด | M50: ไม่สวมถุงใน | N50: 0 | O50: 0 | P50: 0 | Q50: 0 | R50: 0 | S50: ห่ออัดเบลแบน500 | T50: 45771 | U50: 5000 | V50: 0 | W50: 5000 | X50: 0 | Y50: 5250 | Z50: WSWT1921720 | AA50: 4400.55 | AB50: 4400.55 | AC50: 0 | AD50: 0 | AE50: 0 | AF50: PDR250115 | AG50: ยังไม่ได้พิมพ์ | AH50: P7 | AI50: 2 | AJ50: 45771 | AK50: 0 | AL50: 45762 | AM50: 45769 | AN50: 45770 | AO50: 45770 | AP50: 45766 | AQ50: 0 | AR50: 0 | AS50: 0 | AT50: 0 | AU50: 0 | AV50: 0 | AW50: งานพิมพ์ | AX50: / | AY50: 0 | AZ50: 0 | BA50: 0 | BB50: 0 | BC50: WRWT21720/WRWT25800 | BD50: 0
A51: 45751 | B51: MK68-000506 | C51: บจก.เคอรี่ฟลาวมิลล์ | D51: 997 | E51: 19 | F51: 30 | G51: ขาว | H51: 0 | I51: 63 | J51: + | K51: 5 | L51: บิด | M51: ไม่สวมถุงใน | N51: 0 | O51: 0 | P51: 0 | Q51: 0 | R51: 0 | S51: ห่ออัดเบลแบน500 | T51: 45771 | U51: 5000 | V51: 0 | W51: 5000 | X51: 0 | Y51: 5250 | Z51: WSWT1921720 | AA51: 4400.55 | AB51: 0 | AC51: 4400.55 | AD51: 0 | AE51: 0 | AF51: PDR250115 | AG51: ยังไม่ได้พิมพ์ | AH51: P7 | AI51: 2 | AJ51: 45771 | AK51: 0 | AL51: 45762 | AM51: 45769 | AN51: 45770 | AO51: 45770 | AP51: 45766 | AQ51: 0 | AR51: 0 | AS51: 0 | AT51: 0 | AU51: 0 | AV51: 0 | AW51: งานพิมพ์ | AX51: / | AY51: 0 | AZ51: 0 | BA51: 0 | BB51: 0 | BC51: WRWT21720/WRWT25800 | BD51: 331.46898
A52: 45751 | B52: MK68-000510 | C52: บจก.เคอรี่ฟลาวมิลล์ | D52: ไม่พิมพ์ | E52: 19 | F52: 36 | G52: ขาว | H52: 0 | I52: 75 | J52: + | K52: 5 | L52: ไม่ | M52: ไม่สวมถุงใน | N52: 0 | O52: 0 | P52: 0 | Q52: 0 | R52: 0 | S52: ห่ออัดเบลแบน500 | T52: 45771 | U52: 5000 | V52: 0 | W52: 5000 | X52: 0 | Y52: 0 | Z52: WSWT1921720 | AA52: 5238.75 | AB52: 0 | AC52: 5238.75 | AD52: 0 | AE52: 0 | AF52: PDR250115 | AG52: ยังไม่ได้พิมพ์ | AH52: P3 | AI52: 1 | AJ52: 45771 | AK52: 0 | AL52: 0 | AM52: 0 | AN52: 0 | AO52: 45770 | AP52: 45766 | AQ52: 0 | AR52: 0 | AS52: 0 | AT52: 0 | AU52: 0 | AV52: 0 | AW52: ตัด | AX52: 0 | AY52: 0 | AZ52: 0 | BA52: 0 | BB52: 0 | BC52: WRWT21720/WRWT25800 | BD52: 394.60593
A53: 45751 | B53: MK68-000507 | C53: บจก.เคอรี่ฟลาวมิลล์ | D53: บะหมี่เตี๊ยว | E53: 19 | F53: 30 | G53: ขาว | H53: 0 | I53: 63 | J53: + | K53: 5 | L53: บิด | M53: ไม่สวมถุงใน | N53: 0 | O53: 0 | P53: 0 | Q53: 0 | R53: 0 | S53: ห่ออัดเบลแบน500 | T53: 45772 | U53: 5000 | V53: 0 | W53: 5000 | X53: 0 | Y53: 5250 | Z53: WSWT1921720 | AA53: 4400.55 | AB53: 4400.55 | AC53: 0 | AD53: 0 | AE53: 0 | AF53: PDR250116 | AG53: ยังไม่ได้พิมพ์ | AH53: P7 | AI53: 2 | AJ53: 45772 | AK53: 0 | AL53: 45763 | AM53: 45770 | AN53: 45771 | AO53: 45771 | AP53: 45767 | AQ53: 0 | AR53: 0 | AS53: 0 | AT53: 0 | AU53: 0 | AV53: 0 | AW53: งานพิมพ์ | AX53: / | AY53: 0 | AZ53: 0 | BA53: 0 | BB53: 0 | BC53: WRWT21720/WRWT25800 | BD53: 0
A54: 45751 | B54: MK68-000507 | C54: บจก.เคอรี่ฟลาวมิลล์ | D54: HARD FLOUR | E54: 19 | F54: 30 | G54: ขาว | H54: 0 | I54: 63 | J54: + | K54: 5 | L54: บิด | M54: ไม่สวมถุงใน | N54: 0 | O54: 0 | P54: 0 | Q54: 0 | R54: 0 | S54: ห่ออัดเบลแบน500 | T54: 45772 | U54: 5000 | V54: 0 | W54: 5000 | X54: 0 | Y54: 5250 | Z54: WSWT1921720 | AA54: 4400.55 | AB54: 0 | AC54: 4400.55 | AD54: 0 | AE54: 0 | AF54: PDR250116 | AG54: ยังไม่ได้พิมพ์ | AH54: P7 | AI54: 2 | AJ54: 45772 | AK54: 0 | AL54: 45763 | AM54: 45770 | AN54: 45771 | AO54: 45771 | AP54: 45767 | AQ54: 0 | AR54: 0 | AS54: 0 | AT54: 0 | AU54: 0 | AV54: 0 | AW54: งานพิมพ์ | AX54: / | AY54: 0 | AZ54: 0 | BA54: 0 | BB54: 0 | BC54: WRWT21720/WRWT25800 | BD54: 331.46898
A55: 45751 | B55: MK68-000507 | C55: บจก.เคอรี่ฟลาวมิลล์ | D55: กุ้งแดง | E55: 19 | F55: 30 | G55: ขาว | H55: 0 | I55: 63 | J55: + | K55: 5 | L55: บิด | M55: ไม่สวมถุงใน | N55: 0 | O55: 0 | P55: 0 | Q55: 0 | R55: 0 | S55: ห่ออัดเบลแบน500 | T55: 45772 | U55: 5000 | V55: 0 | W55: 5000 | X55: 0 | Y55: 5250 | Z55: WSWT1921720 | AA55: 4400.55 | AB55: 0 | AC55: 4400.55 | AD55: 0 | AE55: 0 | AF55: PDR250116 | AG55: ยังไม่ได้พิมพ์ | AH55: P7 | AI55: 2 | AJ55: 45772 | AK55: 0 | AL55: 45763 | AM55: 45770 | AN55: 45771 | AO55: 45771 | AP55: 45767 | AQ55: 0 | AR55: 0 | AS55: 0 | AT55: 0 | AU55: 0 | AV55: 0 | AW55: งานพิมพ์ | AX55: / | AY55: 0 | AZ55: 0 | BA55: 0 | BB55: 0 | BC55: WRWT21720/WRWT25800 | BD55: 331.46898
A56: 45751 | B56: MK68-000507 | C56: บจก.เคอรี่ฟลาวมิลล์ | D56: ถุงเขียว | E56: 19 | F56: 30 | G56: ขาว | H56: 0 | I56: 63 | J56: + | K56: 5 | L56: บิด | M56: ไม่สวมถุงใน | N56: 0 | O56: 0 | P56: 0 | Q56: 0 | R56: 0 | S56: ห่ออัดเบลแบน500 | T56: 45772 | U56: 5000 | V56: 0 | W56: 5000 | X56: 0 | Y56: 5250 | Z56: WSWT1921720 | AA56: 4400.55 | AB56: 0 | AC56: 4400.55 | AD56: 0 | AE56: 0 | AF56: PDR250116 | AG56: รอแบบ | AH56: P7 | AI56: 2 | AJ56: 45772 | AK56: 0 | AL56: 45763 | AM56: 45770 | AN56: 45771 | AO56: 45771 | AP56: 45767 | AQ56: 0 | AR56: 0 | AS56: 0 | AT56: 0 | AU56: 0 | AV56: 0 | AW56: งานพิมพ์ | AX56: / | AY56: 0 | AZ56: 0 | BA56: 0 | BB56: 0 | BC56: WRWT21720/WRWT25800 | BD56: 331.46898
A57: 45751 | B57: MK68-000506 | C57: บจก.เคอรี่ฟลาวมิลล์ | D57: ดอกไม้เขียว | E57: 19 | F57: 30 | G57: ขาว | H57: 0 | I57: 63 | J57: + | K57: 5 | L57: บิด | M57: ไม่สวมถุงใน | N57: 0 | O57: 0 | P57: 0 | Q57: 0 | R57: 0 | S57: ห่ออัดเบลแบน500 | T57: 45773 | U57: 10000 | V57: 0 | W57: 10000 | X57: 0 | Y57: 10500 | Z57: WSWT1921720 | AA57: 8801.1 | AB57: 0 | AC57: 8801.1 | AD57: 0 | AE57: 0 | AF57: PDR250117 | AG57: พร้อมส่ง | AH57: P7 | AI57: 2 | AJ57: 45773 | AK57: 0 | AL57: 45764 | AM57: 45771 | AN57: 45772 | AO57: 45772 | AP57: 45768 | AQ57: 0 | AR57: 0 | AS57: 0 | AT57: 0 | AU57: 0 | AV57: 0 | AW57: งานพิมพ์ | AX57: / | AY57: 0 | AZ57: 0 | BA57: 0 | BB57: 0 | BC57: WRWT21720/WRWT25800 | BD57: 662.93797
A58: 45751 | B58: MK68-000506 | C58: บจก.เคอรี่ฟลาวมิลล์ | D58: โบว์น้ำเงิน | E58: 19 | F58: 30 | G58: ขาว | H58: 0 | I58: 63 | J58: + | K58: 5 | L58: บิด | M58: ไม่สวมถุงใน | N58: 0 | O58: 0 | P58: 0 | Q58: 0 | R58: 0 | S58: ห่ออัดเบลแบน500 | T58: 45773 | U58: 5000 | V58: 0 | W58: 5000 | X58: 0 | Y58: 5250 | Z58: WSWT1921720 | AA58: 4400.55 | AB58: 0 | AC58: 4400.55 | AD58: 0 | AE58: 0 | AF58: PDR250117 | AG58: พิมพ์ไม่ครบ | AH58: P7 | AI58: 2 | AJ58: 45773 | AK58: 0 | AL58: 45764 | AM58: 45771 | AN58: 45772 | AO58: 45772 | AP58: 45768 | AQ58: 0 | AR58: 0 | AS58: 0 | AT58: 0 | AU58: 0 | AV58: 0 | AW58: งานพิมพ์ | AX58: / | AY58: 0 | AZ58: 0 | BA58: 0 | BB58: 0 | BC58: WRWT21720/WRWT25800 | BD58: 331.46898
A59: ประมาณการ | B59: ประมาณการ | C59: บจก.เคอรี่ฟลาวมิลล์ | D59: รอแบบ | E59: 19 | F59: 30 | G59: ขาว | H59: 0 | I59: 63 | J59: + | K59: 5 | L59: บิด | M59: ไม่สวมถุงใน | N59: 0 | O59: 0 | P59: 0 | Q59: 0 | R59: 0 | S59: ห่ออัดเบลแบน500 | T59: 45777 | U59: 325000 | V59: 0 | W59: 325000 | X59: 0 | Y59: 341250 | Z59: WSWT1921720 | AA59: 286035.75 | AB59: 0 | AC59: 286035.75 | AD59: 0 | AE59: 0 | AF59: 0 | AG59: พร้อมส่ง | AH59: P7 | AI59: 2 | AJ59: 45777 | AK59: 0 | AL59: 45768 | AM59: 45775 | AN59: 45776 | AO59: 45776 | AP59: 45772 | AQ59: 0 | AR59: 0 | AS59: 0 | AT59: 0 | AU59: 0 | AV59: 0 | AW59: งานพิมพ์ | AX59: รอART | AY59: 0 | AZ59: 0 | BA59: 0 | BB59: 0 | BC59: WRWT21720/WRWT25800 | BD59: 21545.484
A60: 0 | B60: 0 | C60: 0 | D60: 0 | E60: 19 | F60: 30 | G60: 0 | H60: 0 | I60: 63 | J60: + | K60: 5 | L60: 0 | M60: 0 | N60: 0 | O60: 0 | P60: 0 | Q60: 0 | R60: 0 | S60: 0 | U60: 0 | V60: 0 | W60: 0 | X60: 0 | Y60: 0 | Z60: WSWT1921720 | AA60: 441731.4 | AB60: 31174.5 | AC60: 410556.9 | AD60: 0 | AE60: 0 | AF60: ระบุในSD | AG60: พร้อมส่ง | AH60: 0 | AI60: Lead time | AJ60: 0 | AK60: 0 | AL60: 0 | AM60: 0 | AN60: 0 | AO60: 0 | AP60: 0 | AQ60: 0 | AR60: 0 | AS60: 0 | AT60: 0 | AU60: 0 | AV60: 0 | AW60: 0 | AX60: 0 | AY60: 0 | AZ60: 0 | BA60: 0 | BB60: 0 | BC60: WRWT190720/WRWT25800 | BD60: 0
A61: 45740 | B61: MK68-000448 | C61: บจก.เอเชี่ยนเคมิคัล | D61: A.C.C.ภาษาอังกฤษ | E61: 19 | F61: 26 | G61: ขาว | H61: ด้าน | I61: 70 | J61: ± | K61: 5 | L61: ไม่ | M61: 20 | N61: 28 | O61: 50 | P61: 172.69643 | Q61: 0 | R61: 172.69643 | S61: มัด100 | T61: 45756 | U61: 10000 | V61: 0 | W61: 10000 | X61: 5400 | Y61: 4830 | Z61: WSWT1925800SM | AA61: 3711.1305 | AB61: 3711.1305 | AC61: 0 | AD61: 3711.1305 | AE61: 0 | AF61: ห้ามขาด-ห้ามเกิน | AG61: ยังไม่ได้พิมพ์ | AH61: P8 | AI61: 4 | AJ61: 45756 | AK61: 45752 | AL61: 45746 | AM61: 45753 | AN61: 45754 | AO61: 45754 | AP61: 45751 | AQ61: 45755 | AR61: 0 | AS61: 0 | AT61: 0 | AU61: 0 | AV61: 0 | AW61: งานเคลือบ+พิมพ์ | AX61: รอART | AY61: 0 | AZ61: 0 | BA61: 0 | BB61: 0 | BC61: WRWT25800/WRWT25800 | BD61: 0
A62: 0 | B62: 0 | C62: 0 | D62: 0 | E62: 19 | F62: 30 | G62: 0 | H62: 0 | I62: 56 | J62: ± | K62: 5 | L62: 0 | M62: 0 | N62: 0 | O62: 0 | P62: 0 | Q62: 0 | R62: 0 | S62: 0 | U62: 0 | W62: 0 | X62: 0 | Y62: 0 | Z62: WSWT1925800SM | AA62: 3711.1305 | AB62: 3711.1305 | AC62: 0 | AD62: 3711.1305 | AE62: 0 | AF62: ระบุในSD | AG62: ยังไม่ได้พิมพ์ | AH62: 0 | AI62: Lead time | AJ62: 0 | AK62: 0 | AL62: 0 | AM62: 0 | AN62: 0 | AO62: 0 | AP62: 0 | AQ62: 0 | AR62: 0 | AS62: 0 | AT62: 0 | AU62: 0 | AV62: 0 | AW62: 0 | AX62: 0 | AY62: 0 | AZ62: 0 | BA62: 0 | BB62: 0 | BC62: WRWT190800/WRWT25800 | BD62: 0
A63: 45721 | B63: MK68-000337 | C63: บจก.อินเทคค์ โกลบอล | D63: เพอเฟคค์104S โกลด์ | E63: 19 | F63: 34 | G63: ขาว | H63: ด้าน | I63: 100 | J63: ± | K63: 5 | L63: จับจีบ | M63: ไม่สวมถุงใน | N63: 0 | O63: 0 | P63: 0 | Q63: 0 | R63: 0 | S63: มัด80 ใช้สายรัด | T63: รอแจ้ง | U63: 400 | V63: 0 | W63: 400 | X63: 6781 | Y63: 0 | Z63: WSWT19251000SM | AA63: 0 | AB63: 0 | AC63: 0 | AD63: 0 | AE63: 0 | AF63: 0 | AG63: พร้อมส่ง | AH63: P6 | AI63: 4 | AJ63: รอแจ้ง | AK63: #VALUE! | AL63: #VALUE! | AM63: #VALUE! | AN63: #VALUE! | AO63: #VALUE! | AP63: #VALUE! | AQ63: 0 | AR63: 0 | AS63: 0 | AT63: 0 | AU63: 0 | AV63: 0 | AW63: งานเคลือบ+พิมพ์ | AX63: / | AY63: 0 | AZ63: 0 | BA63: 0 | BB63: 0 | BC63: WRWT251000/WRWT251000 | BD63: 0
A64: 45741 | B64: MK68-000457 | C64: บจก.อินเทคค์ โกลบอล | D64: เพอเฟคค์ 103Pโกลด์ | E64: 19 | F64: 34 | G64: ขาว | H64: ด้าน | I64: 100 | J64: ± | K64: 5 | L64: จับจีบ | M64: ไม่สวมถุงใน | N64: 0 | O64: 0 | P64: 0 | Q64: 0 | R64: 0 | S64: มัด80 ใช้สายรัด | T64: 45764 | U64: 5040 | V64: 0 | W64: 5040 | X64: 0 | Y64: 5292 | Z64: WSWT19251000SM | AA64: 4999.0248 | AB64: 4999.0248 | AC64: 0 | AD64: 0 | AE64: 4999.0248 | AF64: 0 | AG64: ผ้าขาว | AH64: P6 | AI64: 4 | AJ64: 45764 | AK64: 45760 | AL64: 45753 | AM64: 45761 | AN64: 45762 | AO64: 45763 | AP64: 45759 | AQ64: 0 | AR64: 0 | AS64: 0 | AT64: 0 | AU64: 0 | AV64: 0 | AW64: งานเคลือบ+พิมพ์ | AX64: / | AY64: 0 | AZ64: 0 | BA64: 0 | BB64: 0 | BC64: WRWT251000/WRWT251000 | BD64: 0
A65: 45741 | B65: MK68-000457 | C65: บจก.อินเทคค์ โกลบอล | D65: เพอเฟคค์ 104โกลด์ | E65: 19 | F65: 34 | G65: ขาว | H65: ด้าน | I65: 100 | J65: ± | K65: 5 | L65: จับจีบ | M65: ไม่สวมถุงใน | N65: 0 | O65: 0 | P65: 0 | Q65: 0 | R65: 0 | S65: มัด80 ใช้สายรัด | T65: 45764 | U65: 5040 | V65: 0 | W65: 5040 | X65: 0 | Y65: 5292 | Z65: WSWT19251000SM | AA65: 4999.0248 | AB65: 4999.0248 | AC65: 0 | AD65: 0 | AE65: 4999.0248 | AF65: 0 | AG65: ผ้าขาว | AH65: P6 | AI65: 4 | AJ65: 45764 | AK65: 45760 | AL65: 45753 | AM65: 45761 | AN65: 45762 | AO65: 45763 | AP65: 45759 | AQ65: 0 | AR65: 0 | AS65: 0 | AT65: 0 | AU65: 0 | AV65: 0 | AW65: งานเคลือบ+พิมพ์ | AX65: / | AY65: 0 | AZ65: 0 | BA65: 0 | BB65: 0 | BC65: WRWT251000/WRWT251000 | BD65: 0
A66: 0 | B66: 0 | C66: 0 | D66: 0 | E66: 19 | F66: 34 | G66: ขาว | H66: 0 | I66: 80 | J66: ± | K66: 5 | L66: 0 | M66: 0 | N66: 0 | O66: 0 | P66: 0 | Q66: 0 | R66: 0 | S66: 0 | U66: 0 | V66: 0 | W66: 0 | X66: 0 | Y66: 0 | Z66: WSWT19251000SM | AA66: 9998.0496 | AB66: 9998.0496 | AC66: 0 | AD66: 0 | AE66: 9998.0496 | AF66: ระบุในSD | AG66: พร้อมส่ง | AH66: 0 | AI66: Lead time | AJ66: 0 | AK66: 0 | AL66: 0 | AM66: 0 | AN66: 0 | AO66: 0 | AP66: 0 | AQ66: 0 | AR66: 0 | AS66: 0 | AT66: 0 | AU66: 0 | AV66: 0 | AW66: 0 | AX66: 0 | AY66: 0 | AZ66: 0 | BA66: 0 | BB66: 0 | BC66: WRWT251000/WRYL251000 | BD66: 0
A67: ประมาณการ | B67: ประมาณการ | C67: บจก.หนองบัวฟีดมิลล์ | D67: ไม่พิมพ์ | E67: 20 | F67: 30 | G67: ขาว | H67: 0 | I67: 53 | J67: ± | K67: 5 | L67: ไม่ | M67: ไม่สวมถุงใน | N67: 0 | O67: 0 | P67: 0 | Q67: 0 | R67: 0 | S67: 500กระสอบ | T67: 45777 | U67: 5000 | V67: 0 | W67: 5000 | X67: 0 | Y67: 0 | Z67: WSWT2025650 | AA67: 4400.55 | AB67: 0 | AC67: 4400.55 | AD67: 0 | AE67: 0 | AF67: 0 | AG67: ผ้าขาว | AH67: P3 | AI67: 1 | AJ67: 45777 | AK67: 0 | AL67: 0 | AM67: 0 | AN67: 0 | AO67: 45776 | AP67: 45772 | AQ67: 0 | AR67: 0 | AS67: 0 | AT67: 0 | AU67: 0 | AV67: 0 | AW67: ตัด | AX67: 0 | AY67: 0 | AZ67: 0 | BA67: 0 | BB67: 0 | BC67: WRWT25650/WRWT25650 | BD67: 270.14488
A68: ประมาณการ | B68: ประมาณการ | C68: บจก.หนองบัวฟีดมิลล์ | D68: ไม่พิมพ์ | E68: 20 | F68: 30 | G68: ขาว | H68: 0 | I68: 53 | J68: ± | K68: 5 | L68: ไม่ | M68: ไม่สวมถุงใน | N68: 0 | O68: 0 | P68: 0 | Q68: 0 | R68: 0 | S68: 500กระสอบ | T68: 45807 | U68: 10000 | V68: 0 | W68: 10000 | X68: 0 | Y68: 0 | Z68: WSWT2025650 | AA68: 8801.1 | AB68: 0 | AC68: 8801.1 | AD68: 0 | AE68: 0 | AF68: 0 | AG68: พร้อมส่ง | AH68: P3 | AI68: 1 | AJ68: 45807 | AK68: 0 | AL68: 0 | AM68: 0 | AN68: 0 | AO68: 45806 | AP68: 45802 | AQ68: 0 | AR68: 0 | AS68: 0 | AT68: 0 | AU68: 0 | AV68: 0 | AW68: ตัด | AX68: 0 | AY68: 0 | AZ68: 0 | BA68: 0 | BB68: 0 | BC68: WRWT25650/WRWT25650 | BD68: 540.28975
A69: 0 | B69: 0 | C69: 0 | D69: 0 | E69: 20 | F69: 37 | G69: ขาว | H69: 0 | I69: 65 | J69: ± | K69: 5 | L69: 0 | M69: 0 | N69: 0 | O69: 0 | P69: 0 | Q69: 0 | R69: 0 | S69: 0 | U69: 0 | V69: 0 | W69: 0 | X69: 0 | Y69: 0 | Z69: WSWT2025650 | AA69: 13201.65 | AB69: 0 | AC69: 13201.65 | AD69: 0 | AE69: 0 | AF69: ระบุในSD | AG69: รอตัด | AH69: 0 | AI69: Lead time | AJ69: 0 | AK69: 0 | AL69: 0 | AM69: 0 | AN69: 0 | AO69: 0 | AP69: 0 | AQ69: 0 | AR69: 0 | AS69: 0 | AT69: 0 | AU69: 0 | AV69: 0 | AW69: 0 | AX69: 0 | AY69: 0 | AZ69: 0 | BA69: 0 | BB69: 0 | BC69: WRWT25650/WRWT25650 | BD69: 0
A70: ประมาณการ | B70: ประมาณการ | C70: บจก.เบทาโกร | D70: ไม่พิมพ์ | E70: 20 | F70: 38 | G70: ขาว | H70: 0 | I70: 72 | J70: ± | K70: 5 | L70: ไม่ | M70: ไม่สวมถุงใน | N70: 0 | O70: 0 | P70: 0 | Q70: 0 | R70: 0 | S70: 0 | T70: รอแจ้ง | U70: 50000 | V70: 0 | W70: 50000 | X70: 0 | Y70: 0 | Z70: WSWT2025700 | AA70: 55181.5 | AB70: 14387 | AC70: 40794.5 | AD70: 0 | AE70: 0 | AF70: 0 | AG70: พร้อมส่ง | AH70: P3 | AI70: 1 | AJ70: รอแจ้ง | AK70: 0 | AL70: 0 | AM70: 0 | AN70: 0 | AO70: #VALUE! | AP70: #VALUE! | AQ70: 0 | AR70: 0 | AS70: 0 | AT70: 0 | AU70: 0 | AV70: 0 | AW70: ตัด | AX70: 0 | AY70: 0 | AZ70: 0 | BA70: 0 | BB70: 0 | BC70: WRWT25800/WRWT25650 | BD70: 2937.204
A71: 0 | B71: 0 | C71: 0 | D71: 0 | E71: 20 | F71: 37 | G71: ขาว | H71: 0 | I71: 70 | J71: ± | K71: 5 | L71: 0 | M71: 0 | N71: 0 | O71: 0 | P71: 0 | Q71: 0 | R71: 0 | S71: 0 | U71: 0 | V71: 0 | W71: 0 | X71: 0 | Y71: 0 | Z71: WSWT2025700 | AA71: 55181.5 | AB71: 14387 | AC71: 40794.5 | AD71: 0 | AE71: 0 | AF71: ระบุในSD | AG71: รอตัด | AH71: 0 | AI71: Lead time | AJ71: 0 | AK71: 0 | AL71: 0 | AM71: 0 | AN71: 0 | AO71: 0 | AP71: 0 | AQ71: 0 | AR71: 0 | AS71: 0 | AT71: 0 | AU71: 0 | AV71: 0 | AW71: 0 | AX71: 0 | AY71: 0 | AZ71: 0 | BA71: 0 | BB71: 0 | BC71: WRWT25800/WRWT25650 | BD71: 0
A72: 45674 | B72: MK68-000088 | C72: บจก.อินเทคค์ โกลบอล | D72: เพอเฟคค์ 914 | E72: 20 | F72: 36 | G72: ขาว | H72: ด้าน | I72: 100 | J72: ± | K72: 5 | L72: จับจีบ4" | M72: ไม่สวมถุงใน | N72: 0 | O72: 0 | P72: 0 | Q72: 0 | R72: 0 | S72: มัด80 ใช้สายรัด | T72: รอแจ้ง | U72: 811 | V72: 0 | W72: 811 | X72: 935 | Y72: 0 | Z72: WSWT2025800SM | AA72: 0 | AB72: 0 | AC72: 0 | AD72: 0 | AE72: 0 | AF72: ห้ามขาด-ห้ามเกิน | AG72: ยังไม่ได้พิมพ์ | AH72: P6 | AI72: 4 | AJ72: รอแจ้ง | AK72: #VALUE! | AL72: #VALUE! | AM72: #VALUE! | AN72: #VALUE! | AO72: #VALUE! | AP72: #VALUE! | AQ72: 0 | AR72: 0 | AS72: 0 | AT72: 0 | AU72: 0 | AV72: 0 | AW72: งานเคลือบ+พิมพ์ | AX72: / | AY72: 0 | AZ72: 0 | BA72: 0 | BB72: 0 | BC72: WRWT25850/WRWT25850 | BD72: 0
A73: 45721 | B73: MK68-000336 | C73: บจก.อินเทคค์ โกลบอล | D73: เพอเฟคค์ 914 | E73: 20 | F73: 36 | G73: ขาว | H73: ด้าน | I73: 100 | J73: ± | K73: 5 | L73: จับจีบ4" | M73: ไม่สวมถุงใน | N73: 0 | O73: 0 | P73: 0 | Q73: 0 | R73: 0 | S73: มัด80 ใช้สายรัด | T73: รอแจ้ง | U73: 175 | V73: 0 | W73: 175 | X73: 11000 | Y73: 0 | Z73: WSWT2025800SM | AA73: 0 | AB73: 0 | AC73: 0 | AD73: 0 | AE73: 0 | AF73: 0 | AG73: ยังไม่ได้พิมพ์ | AH73: P6 | AI73: 4 | AJ73: รอแจ้ง | AK73: #VALUE! | AL73: #VALUE! | AM73: #VALUE! | AN73: #VALUE! | AO73: #VALUE! | AP73: #VALUE! | AQ73: 0 | AR73: 0 | AS73: 0 | AT73: 0 | AU73: 0 | AV73: 0 | AW73: งานเคลือบ+พิมพ์ | AX73: / | AY73: 0 | AZ73: 0 | BA73: 0 | BB73: 0 | BC73: WRWT25850/WRWT25850 | BD73: 0
A74: 45721 | B74: MK68-000335 | C74: บจก.อินเทคค์ โกลบอล | D74: เพอเฟคค์ 913 | E74: 20 | F74: 36 | G74: ขาว | H74: ด้าน | I74: 100 | J74: ± | K74: 5 | L74: จับจีบ4" | M74: ไม่สวมถุงใน | N74: 0 | O74: 0 | P74: 0 | Q74: 0 | R74: 0 | S74: มัด80 ใช้สายรัด | T74: รอแจ้ง | U74: 2087 | V74: 0 | W74: 2087 | X74: 23120 | Y74: 0 | Z74: WSWT2025800SM | AA74: 0 | AB74: 0 | AC74: 0 | AD74: 0 | AE74: 0 | AF74: 0 | AG74: ยังไม่ได้พิมพ์ | AH74: P6 | AI74: 4 | AJ74: รอแจ้ง | AK74: #VALUE! | AL74: #VALUE! | AM74: #VALUE! | AN74: #VALUE! | AO74: #VALUE! | AP74: #VALUE! | AQ74: 0 | AR74: 0 | AS74: 0 | AT74: 0 | AU74: 0 | AV74: 0 | AW74: งานเคลือบ+พิมพ์ | AX74: / | AY74: 0 | AZ74: 0 | BA74: 0 | BB74: 0 | BC74: WRWT25850/WRWT25850 | BD74: 0
A75: 45752 | B75: MK68-000513 | C75: บจก.เอสพีเอ็ม อาหารสัตว์ | D75: นาโน 01 พลัส | E75: 20 | F75: 38 | G75: ขาว | H75: ด้าน | I75: 100 | J75: ± | K75: 5 | L75: บิด | M75: ไม่สวมถุงใน | N75: 0 | O75: 0 | P75: 0 | Q75: 0 | R75: 0 | S75: 500กระสอบแบน | T75: 45758 | U75: 3000 | V75: 0 | W75: 3000 | X75: 0 | Y75: 3150 | Z75: WSWT2025800SM | AA75: 3310.89 | AB75: 3310.89 | AC75: 0 | AD75: 0 | AE75: 3310.89 | AF75: 0 | AG75: ยังไม่ได้พิมพ์ | AH75: P6 | AI75: 4 | AJ75: 45758 | AK75: 45754 | AL75: 45747 | AM75: 45755 | AN75: 45756 | AO75: 45757 | AP75: 45753 | AQ75: 0 | AR75: 0 | AS75: 0 | AT75: 0 | AU75: 0 | AV75: 0 | AW75: งานเคลือบ+พิมพ์ | AX75: / | AY75: 0 | AZ75: 0 | BA75: 0 | BB75: 0 | BC75: WRWT25850/WRWT25850 | BD75: 0
A76: 45752 | B76: MK68-000514 | C76: บจก.เอสพีเอ็ม อาหารสัตว์ | D76: SW 441 PLUS | E76: 20 | F76: 38 | G76: ขาว | H76: ใส | I76: 100 | J76: ± | K76: 5 | L76: บิด | M76: ไม่สวมถุงใน | N76: 0 | O76: 0 | P76: 0 | Q76: 0 | R76: 0 | S76: 500กระสอบแบน | T76: 45758 | U76: 5000 | V76: 0 | W76: 5000 | X76: 0 | Y76: 5250 | Z76: WSWT2025800SM | AA76: 5518.15 | AB76: 5518.15 | AC76: 0 | AD76: 0 | AE76: 5518.15 | AF76: 0 | AG76: ยังไม่ได้พิมพ์ | AH76: P6 | AI76: 4 | AJ76: 45758 | AK76: 45754 | AL76: 45747 | AM76: 45755 | AN76: 45756 | AO76: 45757 | AP76: 45753 | AQ76: 0 | AR76: 0 | AS76: 0 | AT76: 0 | AU76: 0 | AV76: 0 | AW76: งานเคลือบ+พิมพ์ | AX76: / | AY76: 0 | AZ76: 0 | BA76: 0 | BB76: 0 | BC76: WRWT25850/WRWT25850 | BD76: 0
A77: 45734 | B77: MK68-000424 | C77: บจก.วีซีเอฟ | D77: SPEED PLUS 111 เขมร | E77: 20 | F77: 37 | G77: ขาว | H77: ใส | I77: 100 | J77: ± | K77: 5 | L77: ไม่ | M77: ไม่สวมถุงใน | N77: 0 | O77: 0 | P77: 0 | Q77: 0 | R77: 0 | S77: 500กระสอบแบน | T77: 45757 | U77: 5000 | V77: 0 | W77: 5000 | X77: 0 | Y77: 5250 | Z77: WSWT2025800SM | AA77: 5378.45 | AB77: 5378.45 | AC77: 0 | AD77: 5378.45 | AE77: 0 | AF77: ห้ามเกิน | AG77: รอตัด | AH77: P6 | AI77: 4 | AJ77: 45757 | AK77: 45753 | AL77: 45746 | AM77: 45754 | AN77: 45755 | AO77: 45756 | AP77: 45752 | AQ77: 0 | AR77: 0 | AS77: 0 | AT77: 0 | AU77: 0 | AV77: 0 | AW77: งานเคลือบ+พิมพ์ | AX77: / | AY77: 0 | AZ77: 0 | BA77: 0 | BB77: 0 | BC77: WRWT25850/WRWT25850 | BD77: 0
A78: 45734 | B78: MK68-000424 | C78: บจก.วีซีเอฟ | D78: SPEED PLUS 444 ลาว | E78: 20 | F78: 37 | G78: ขาว | H78: ใส | I78: 100 | J78: ± | K78: 5 | L78: ไม่ | M78: ไม่สวมถุงใน | N78: 0 | O78: 0 | P78: 0 | Q78: 0 | R78: 0 | S78: 500กระสอบแบน | T78: 45757 | U78: 5000 | V78: 0 | W78: 5000 | X78: 0 | Y78: 5250 | Z78: WSWT2025800SM | AA78: 5378.45 | AB78: 5378.45 | AC78: 0 | AD78: 0 | AE78: 5378.45 | AF78: ห้ามเกิน | AG78: รอตัด | AH78: P6 | AI78: 4 | AJ78: 45757 | AK78: 45753 | AL78: 45746 | AM78: 45754 | AN78: 45755 | AO78: 45756 | AP78: 45752 | AQ78: 0 | AR78: 0 | AS78: 0 | AT78: 0 | AU78: 0 | AV78: 0 | AW78: งานเคลือบ+พิมพ์ | AX78: / | AY78: 0 | AZ78: 0 | BA78: 0 | BB78: 0 | BC78: WRWT25850/WRWT25850 | BD78: 0
A79: 45750 | B79: MK68-000495 | C79: บจก.วีซีเอฟ | D79: VC 100 | E79: 20 | F79: 37 | G79: ขาว | H79: ใส | I79: 100 | J79: ± | K79: 5 | L79: บิด | M79: ไม่สวมถุงใน | N79: 0 | O79: 0 | P79: 0 | Q79: 0 | R79: 0 | S79: 500กระสอบแบน | T79: 45758 | U79: 20000 | V79: 0 | W79: 20000 | X79: 0 | Y79: 21000 | Z79: WSWT2025800SM | AA79: 21513.8 | AB79: 21513.8 | AC79: 0 | AD79: 0 | AE79: 21513.8 | AF79: ห้ามเกิน | AG79: ยังไม่ได้พิมพ์ | AH79: P6 | AI79: 4 | AJ79: 45758 | AK79: 45754 | AL79: 45747 | AM79: 45755 | AN79: 45756 | AO79: 45757 | AP79: 45753 | AQ79: 0 | AR79: 0 | AS79: 0 | AT79: 0 | AU79: 0 | AV79: 0 | AW79: งานเคลือบ+พิมพ์ | AX79: / | AY79: 0 | AZ79: 0 | BA79: 0 | BB79: 0 | BC79: WRWT25850/WRWT25850 | BD79: 0
A80: 45740 | B80: MK68-000439 | C80: บจก.เอพีเอ็ม อะโกร | D80: ฟิล กู๊ด พี4 | E80: 20 | F80: 38 | G80: ขาว | H80: ใส | I80: 100 | J80: ± | K80: 5 | L80: บิด | M80: ไม่สวมถุงใน | N80: 0 | O80: 0 | P80: 0 | Q80: 0 | R80: 0 | S80: 500กระสอบแบน | T80: 45758 | U80: 3000 | V80: 0 | W80: 3000 | X80: 3400 | Y80: 0 | Z80: WSWT2025800SM | AA80: 0 | AB80: 0 | AC80: 0 | AD80: 0 | AE80: 0 | AF80: 0 | AG80: รอตัด | AH80: P6 | AI80: 4 | AJ80: 45758 | AK80: 45754 | AL80: 45747 | AM80: 45755 | AN80: 45756 | AO80: 45757 | AP80: 45753 | AQ80: 0 | AR80: 0 | AS80: 0 | AT80: 0 | AU80: 0 | AV80: 0 | AW80: งานเคลือบ+พิมพ์ | AX80: / | AY80: 0 | AZ80: 0 | BA80: 0 | BB80: 0 | BC80: WRWT25850/WRWT25850 | BD80: 0
A81: 45740 | B81: MK68-000441 | C81: บจก.เอสพีเอ็ม อาหารสัตว์ | D81: SPM 312 | E81: 20 | F81: 37 | G81: ขาว | H81: ด้าน | I81: 97 | J81: ± | K81: 5 | L81: บิด | M81: ไม่สวมถุงใน | N81: 0 | O81: 0 | P81: 0 | Q81: 0 | R81: 0 | S81: 500กระสอบแบน | T81: 45758 | U81: 3000 | V81: 0 | W81: 3000 | X81: 3596 | Y81: 0 | Z81: WSWT2025800SM | AA81: 0 | AB81: 0 | AC81: 0 | AD81: 0 | AE81: 0 | AF81: 0 | AG81: รอตัด | AH81: P6 | AI81: 4 | AJ81: 45758 | AK81: 45754 | AL81: 45747 | AM81: 45755 | AN81: 45756 | AO81: 45757 | AP81: 45753 | AQ81: 0 | AR81: 0 | AS81: 0 | AT81: 0 | AU81: 0 | AV81: 0 | AW81: งานเคลือบ+พิมพ์ | AX81: / | AY81: 0 | AZ81: 0 | BA81: 0 | BB81: 0 | BC81: WRWT25850/WRWT25850 | BD81: 0
A82: 45741 | B82: MK68-000456 | C82: บจก.อินเทคค์ โกลบอล | D82: เพอเฟคค์ 913 | E82: 20 | F82: 36 | G82: ขาว | H82: ด้าน | I82: 100 | J82: ± | K82: 5 | L82: จับจีบ4" | M82: ไม่สวมถุงใน | N82: 0 | O82: 0 | P82: 0 | Q82: 0 | R82: 0 | S82: มัด80 ใช้สายรัด | T82: 45764 | U82: 10000 | V82: 0 | W82: 10000 | X82: 0 | Y82: 10500 | Z82: WSWT2025800SM | AA82: 10477.5 | AB82: 5183 | AC82: 5294.5 | AD82: 0 | AE82: 10477.5 | AF82: 0 | AG82: ยังไม่ได้พิมพ์ | AH82: P6 | AI82: 4 | AJ82: 45764 | AK82: 45760 | AL82: 45753 | AM82: 45761 | AN82: 45762 | AO82: 45763 | AP82: 45759 | AQ82: 0 | AR82: 0 | AS82: 0 | AT82: 0 | AU82: 0 | AV82: 0 | AW82: งานเคลือบ+พิมพ์ | AX82: / | AY82: 0 | AZ82: 0 | BA82: 0 | BB82: 0 | BC82: WRWT25850/WRWT25850 | BD82: 400.02889
A83: 45741 | B83: MK68-000450 | C83: บจก.เอพีเอ็ม อะโกร | D83: วี-ฟีด วี 05 | E83: 20 | F83: 38 | G83: ขาว | H83: ใส | I83: 100 | J83: ± | K83: 5 | L83: บิด | M83: ไม่สวมถุงใน | N83: 0 | O83: 0 | P83: 0 | Q83: 0 | R83: 0 | S83: 500กระสอบแบน | T83: 45765 | U83: 4000 | V83: 0 | W83: 4000 | X83: 4209 | Y83: 0 | Z83: WSWT2025800SM | AA83: 0 | AB83: 0 | AC83: 0 | AD83: 0 | AE83: 0 | AF83: 0 | AG83: ยังไม่ได้พิมพ์ | AH83: P6 | AI83: 4 | AJ83: 45765 | AK83: 45761 | AL83: 45754 | AM83: 45762 | AN83: 45763 | AO83: 45764 | AP83: 45760 | AQ83: 0 | AR83: 0 | AS83: 0 | AT83: 0 | AU83: 0 | AV83: 0 | AW83: งานเคลือบ+พิมพ์ | AX83: / | AY83: 0 | AZ83: 0 | BA83: 0 | BB83: 0 | BC83: WRWT25850/WRWT25850 | BD83: 0
A84: 45741 | B84: MK68-000452 | C84: บจก.เอพีเอ็ม อะโกร | D84: วี-ฟีด วี 07 | E84: 20 | F84: 38 | G84: ขาว | H84: ใส | I84: 100 | J84: ± | K84: 5 | L84: บิด | M84: ไม่สวมถุงใน | N84: 0 | O84: 0 | P84: 0 | Q84: 0 | R84: 0 | S84: 500กระสอบแบน | T84: 45765 | U84: 4000 | V84: 0 | W84: 4000 | X84: 4200 | Y84: 0 | Z84: WSWT2025800SM | AA84: 0 | AB84: 0 | AC84: 0 | AD84: 0 | AE84: 0 | AF84: 0 | AG84: ยังไม่ได้พิมพ์ | AH84: P6 | AI84: 4 | AJ84: 45765 | AK84: 45761 | AL84: 45754 | AM84: 45762 | AN84: 45763 | AO84: 45764 | AP84: 45760 | AQ84: 0 | AR84: 0 | AS84: 0 | AT84: 0 | AU84: 0 | AV84: 0 | AW84: งานเคลือบ+พิมพ์ | AX84: / | AY84: 0 | AZ84: 0 | BA84: 0 | BB84: 0 | BC84: WRWT25850/WRWT25850 | BD84: 0
A85: 45750 | B85: MK68-000498 | C85: บจก.วีซีเอฟ | D85: SPEED PLUS 222 เขมร | E85: 20 | F85: 37 | G85: ขาว | H85: ใส | I85: 100 | J85: ± | K85: 5 | L85: ไม่ | M85: ไม่สวมถุงใน | N85: 0 | O85: 0 | P85: 0 | Q85: 0 | R85: 0 | S85: 500กระสอบแบน | T85: 45768 | U85: 5000 | V85: 0 | W85: 5000 | X85: 0 | Y85: 5250 | Z85: WSWT2025800SM | AA85: 5378.45 | AB85: 0 | AC85: 5378.45 | AD85: 0 | AE85: 5378.45 | AF85: ห้ามเกิน | AG85: ยังไม่ได้พิมพ์ | AH85: P6 | AI85: 4 | AJ85: 45768 | AK85: 45764 | AL85: 45757 | AM85: 45765 | AN85: 45766 | AO85: 45767 | AP85: 45763 | AQ85: 0 | AR85: 0 | AS85: 0 | AT85: 0 | AU85: 0 | AV85: 0 | AW85: งานเคลือบ+พิมพ์ | AX85: / | AY85: 0 | AZ85: 0 | BA85: 0 | BB85: 0 | BC85: WRWT25850/WRWT25850 | BD85: 406.37178
A86: 45750 | B86: MK68-000494 | C86: บจก.วีซีเอฟ | D86: JET153 | E86: 20 | F86: 37 | G86: ขาว | H86: ใส | I86: 100 | J86: ± | K86: 5 | L86: ไม่ | M86: ไม่สวมถุงใน | N86: 0 | O86: 0 | P86: 0 | Q86: 0 | R86: 0 | S86: 500กระสอบแบน | T86: 45770 | U86: 5000 | V86: 0 | W86: 5000 | X86: 0 | Y86: 5250 | Z86: WSWT2025800SM | AA86: 5378.45 | AB86: 0 | AC86: 5378.45 | AD86: 0 | AE86: 5378.45 | AF86: ห้ามเกิน | AG86: ยังไม่ได้พิมพ์ | AH86: P6 | AI86: 4 | AJ86: 45770 | AK86: 45766 | AL86: 45759 | AM86: 45767 | AN86: 45768 | AO86: 45769 | AP86: 45765 | AQ86: 0 | AR86: 0 | AS86: 0 | AT86: 0 | AU86: 0 | AV86: 0 | AW86: งานเคลือบ+พิมพ์ | AX86: / | AY86: 0 | AZ86: 0 | BA86: 0 | BB86: 0 | BC86: WRWT25850/WRWT25850 | BD86: 406.37178
A87: 45750 | B87: MK68-000494 | C87: บจก.วีซีเอฟ | D87: R FEED 405A | E87: 20 | F87: 37 | G87: ขาว | H87: ใส | I87: 100 | J87: ± | K87: 5 | L87: ไม่ | M87: ไม่สวมถุงใน | N87: 0 | O87: 0 | P87: 0 | Q87: 0 | R87: 0 | S87: 500กระสอบแบน | T87: 45770 | U87: 10000 | V87: 0 | W87: 10000 | X87: 0 | Y87: 10500 | Z87: WSWT2025800SM | AA87: 10756.9 | AB87: 0 | AC87: 10756.9 | AD87: 0 | AE87: 10756.9 | AF87: ห้ามเกิน | AG87: ยังไม่ได้พิมพ์ | AH87: P6 | AI87: 4 | AJ87: 45770 | AK87: 45766 | AL87: 45759 | AM87: 45767 | AN87: 45768 | AO87: 45769 | AP87: 45765 | AQ87: 0 | AR87: 0 | AS87: 0 | AT87: 0 | AU87: 0 | AV87: 0 | AW87: งานเคลือบ+พิมพ์ | AX87: / | AY87: 0 | AZ87: 0 | BA87: 0 | BB87: 0 | BC87: WRWT25850/WRWT25850 | BD87: 812.74356
A88: 45750 | B88: MK68-000496 | C88: บจก.วีซีเอฟ | D88: JET405โปรตีน18% | E88: 20 | F88: 37 | G88: ขาว | H88: ใส | I88: 100 | J88: ± | K88: 5 | L88: ไม่ | M88: ไม่สวมถุงใน | N88: 0 | O88: 0 | P88: 0 | Q88: 0 | R88: 0 | S88: 500กระสอบแบน | T88: 45772 | U88: 10000 | V88: 0 | W88: 10000 | X88: 0 | Y88: 10500 | Z88: WSWT2025800SM | AA88: 10756.9 | AB88: 0 | AC88: 10756.9 | AD88: 0 | AE88: 10756.9 | AF88: ห้ามเกิน | AG88: รอแบบ | AH88: P6 | AI88: 4 | AJ88: 45772 | AK88: 45768 | AL88: 45761 | AM88: 45769 | AN88: 45770 | AO88: 45771 | AP88: 45767 | AQ88: 0 | AR88: 0 | AS88: 0 | AT88: 0 | AU88: 0 | AV88: 0 | AW88: งานเคลือบ+พิมพ์ | AX88: / | AY88: 0 | AZ88: 0 | BA88: 0 | BB88: 0 | BC88: WRWT25850/WRWT25850 | BD88: 812.74356
A89: 45750 | B89: MK68-000496 | C89: บจก.วีซีเอฟ | D89: JET405โปรตีน16% | E89: 20 | F89: 37 | G89: ขาว | H89: ใส | I89: 100 | J89: ± | K89: 5 | L89: ไม่ | M89: ไม่สวมถุงใน | N89: 0 | O89: 0 | P89: 0 | Q89: 0 | R89: 0 | S89: 500กระสอบแบน | T89: 45772 | U89: 10000 | V89: 0 | W89: 10000 | X89: 0 | Y89: 10500 | Z89: WSWT2025800SM | AA89: 10756.9 | AB89: 0 | AC89: 10756.9 | AD89: 0 | AE89: 10756.9 | AF89: ห้ามเกิน | AG89: ยังไม่ได้พิมพ์ | AH89: P6 | AI89: 4 | AJ89: 45772 | AK89: 45768 | AL89: 45761 | AM89: 45769 | AN89: 45770 | AO89: 45771 | AP89: 45767 | AQ89: 0 | AR89: 0 | AS89: 0 | AT89: 0 | AU89: 0 | AV89: 0 | AW89: งานเคลือบ+พิมพ์ | AX89: / | AY89: 0 | AZ89: 0 | BA89: 0 | BB89: 0 | BC89: WRWT25850/WRWT25850 | BD89: 812.74356
A90: 45740 | B90: MK68-000440 | C90: บจก.เอสพีเอ็ม อาหารสัตว์ | D90: นีโอ 05 | E90: 20 | F90: 38 | G90: ขาว | H90: ด้าน | I90: 100 | J90: ± | K90: 5 | L90: บิด | M90: ไม่สวมถุงใน | N90: 0 | O90: 0 | P90: 0 | Q90: 0 | R90: 0 | S90: 500กระสอบแบน | T90: 45776 | U90: 5000 | V90: 0 | W90: 5000 | X90: 0 | Y90: 5250 | Z90: WSWT2025800SM | AA90: 5518.15 | AB90: 5518.15 | AC90: 0 | AD90: 5518.15 | AE90: 0 | AF90: 0 | AG90: รอตัด | AH90: P6 | AI90: 4 | AJ90: 45776 | AK90: 45772 | AL90: 45765 | AM90: 45773 | AN90: 45774 | AO90: 45775 | AP90: 45771 | AQ90: 0 | AR90: 0 | AS90: 0 | AT90: 0 | AU90: 0 | AV90: 0 | AW90: งานเคลือบ+พิมพ์ | AX90: / | AY90: 0 | AZ90: 0 | BA90: 0 | BB90: 0 | BC90: WRWT25850/WRWT25850 | BD90: 0
A91: ประมาณการ | B91: ประมาณการ | C91: บจก.อินเทคค์ โกลบอล | D91: รอแบบ | E91: 20 | F91: 36 | G91: ขาว | H91: ด้าน | I91: 100 | J91: ± | K91: 5 | L91: จับจีบ | M91: ไม่สวมถุงใน | N91: 0 | O91: 0 | P91: 0 | Q91: 0 | R91: 0 | S91: มัด80 ใช้สายรัด | T91: 45777 | U91: 120000 | V91: 0 | W91: 120000 | X91: 0 | Y91: 126000 | Z91: WSWT2025800SM | AA91: 125730 | AB91: 0 | AC91: 125730 | AD91: 0 | AE91: 125730 | AF91: 0 | AG91: พร้อมส่ง | AH91: P6 | AI91: 4 | AJ91: 45777 | AK91: 45773 | AL91: 45766 | AM91: 45774 | AN91: 45775 | AO91: 45776 | AP91: 45772 | AQ91: 0 | AR91: 0 | AS91: 0 | AT91: 0 | AU91: 0 | AV91: 0 | AW91: งานเคลือบ+พิมพ์ | AX91: / | AY91: 0 | AZ91: 0 | BA91: 0 | BB91: 0 | BC91: WRWT25850/WRWT25850 | BD91: 9499.6
A92: 45752 | B92: MK68-000514 | C92: บจก.เอสพีเอ็ม อาหารสัตว์ | D92: SW 441 PLUS | E92: 20 | F92: 38 | G92: ขาว | H92: ใส | I92: 100 | J92: ± | K92: 5 | L92: บิด | M92: ไม่สวมถุงใน | N92: 0 | O92: 0 | P92: 0 | Q92: 0 | R92: 0 | S92: 500กระสอบแบน | T92: รอแจ้ง | U92: 5000 | V92: 0 | W92: 5000 | X92: 0 | Y92: 5250 | Z92: WSWT2025800SM | AA92: 5518.15 | AB92: 0 | AC92: 5518.15 | AD92: 0 | AE92: 5518.15 | AF92: 0 | AG92: พร้อมส่ง | AH92: P6 | AI92: 4 | AJ92: รอแจ้ง | AK92: #VALUE! | AL92: #VALUE! | AM92: #VALUE! | AN92: #VALUE! | AO92: #VALUE! | AP92: #VALUE! | AQ92: 0 | AR92: 0 | AS92: 0 | AT92: 0 | AU92: 0 | AV92: 0 | AW92: งานเคลือบ+พิมพ์ | AX92: / | AY92: 0 | AZ92: 0 | BA92: 0 | BB92: 0 | BC92: WRWT25850/WRWT25850 | BD92: 416.92689
A93: 45721 | B93: MK68-000334 | C93: บจก.อินเทคค์ โกลบอล | D93: เพอเฟคค์ 000 | E93: 20 | F93: 36 | G93: ขาว | H93: ด้าน | I93: 100 | J93: ± | K93: 5 | L93: จับจีบ | M93: ไม่สวมถุงใน | N93: 0 | O93: 0 | P93: 0 | Q93: 0 | R93: 0 | S93: มัด80 ใช้สายรัด | T93: รอแจ้ง | U93: 971 | V93: 0 | W93: 971 | X93: 10610 | Y93: 0 | Z93: WSWT2025800SM | AA93: 0 | AB93: 0 | AC93: 0 | AD93: 0 | AE93: 0 | AF93: 0 | AG93: พร้อมส่ง | AH93: P6 | AI93: 4 | AJ93: รอแจ้ง | AK93: #VALUE! | AL93: #VALUE! | AM93: #VALUE! | AN93: #VALUE! | AO93: #VALUE! | AP93: #VALUE! | AQ93: 0 | AR93: 0 | AS93: 0 | AT93: 0 | AU93: 0 | AV93: 0 | AW93: งานเคลือบ+พิมพ์ | AX93: / | AY93: 0 | AZ93: 0 | BA93: 0 | BB93: 0 | BC93: WRWT25850/WRWT25850 | BD93: 0
A94: 45721 | B94: MK68-000334 | C94: บจก.อินเทคค์ โกลบอล | D94: เพอเฟคค์ 911 | E94: 20 | F94: 36 | G94: ขาว | H94: ด้าน | I94: 100 | J94: ± | K94: 5 | L94: จับจีบ | M94: ไม่สวมถุงใน | N94: 0 | O94: 0 | P94: 0 | Q94: 0 | R94: 0 | S94: มัด80 ใช้สายรัด | T94: รอแจ้ง | U94: 111 | V94: 0 | W94: 111 | X94: 5600 | Y94: 0 | Z94: WSWT2025800SM | AA94: 0 | AB94: 0 | AC94: 0 | AD94: 0 | AE94: 0 | AF94: 0 | AG94: พร้อมส่ง | AH94: P6 | AI94: 4 | AJ94: รอแจ้ง | AK94: #VALUE! | AL94: #VALUE! | AM94: #VALUE! | AN94: #VALUE! | AO94: #VALUE! | AP94: #VALUE! | AQ94: 0 | AR94: 0 | AS94: 0 | AT94: 0 | AU94: 0 | AV94: 0 | AW94: งานเคลือบ+พิมพ์ | AX94: / | AY94: 0 | AZ94: 0 | BA94: 0 | BB94: 0 | BC94: WRWT25850/WRWT25850 | BD94: 0
A95: 45611 | B95: MK67-001533 | C95: บจก.อินเทคค์ โกลบอล | D95: เฟิร์สช้อย 914 | E95: 20 | F95: 36 | G95: ขาว | H95: ด้าน | I95: 100 | J95: ± | K95: 5 | L95: จับจีบ | M95: ไม่สวมถุงใน | N95: 0 | O95: 0 | P95: 0 | Q95: 0 | R95: 0 | S95: มัด80 ใช้สายรัด | T95: รอแจ้ง | U95: 67 | V95: 67 | W95: 0 | X95: 80 | Y95: 0 | Z95: WSWT2025800SM | AA95: 0 | AB95: 0 | AC95: 0 | AD95: 0 | AE95: 0 | AF95: 0 | AG95: พร้อมส่ง | AH95: P6 | AI95: 4 | AJ95: รอแจ้ง | AK95: #VALUE! | AL95: #VALUE! | AM95: #VALUE! | AN95: #VALUE! | AO95: #VALUE! | AP95: #VALUE! | AQ95: 0 | AR95: 0 | AS95: 0 | AT95: 0 | AU95: 0 | AV95: 0 | AW95: งานเคลือบ+พิมพ์ | AX95: / | AY95: 0 | AZ95: 0 | BA95: 0 | BB95: 0 | BC95: WRWT25850/WRWT25850 | BD95: 0
A96: 45721 | B96: MK68-000337 | C96: บจก.อินเทคค์ โกลบอล | D96: เพอเฟคค์ 916 | E96: 20 | F96: 36 | G96: ขาว | H96: ด้าน | I96: 100 | J96: ± | K96: 5 | L96: จับจีบ | M96: ไม่สวมถุงใน | N96: 0 | O96: 0 | P96: 0 | Q96: 0 | R96: 0 | S96: มัด80 ใช้สายรัด | T96: รอแจ้ง | U96: 395 | V96: 0 | W96: 395 | X96: 11050 | Y96: 0 | Z96: WSWT2025800SM | AA96: 0 | AB96: 0 | AC96: 0 | AD96: 0 | AE96: 0 | AF96: 0 | AG96: รอแบบ | AH96: P6 | AI96: 4 | AJ96: รอแจ้ง | AK96: #VALUE! | AL96: #VALUE! | AM96: #VALUE! | AN96: #VALUE! | AO96: #VALUE! | AP96: #VALUE! | AQ96: 0 | AR96: 0 | AS96: 0 | AT96: 0 | AU96: 0 | AV96: 0 | AW96: งานเคลือบ+พิมพ์ | AX96: / | AY96: 0 | AZ96: 0 | BA96: 0 | BB96: 0 | BC96: WRWT25850/WRWT25850 | BD96: 0
A97: 45721 | B97: MK68-000341 | C97: บจก.อินเทคค์ โกลบอล | D97: สุบรรณ 222 | E97: 20 | F97: 36 | G97: ขาว | H97: ด้าน | I97: 100 | J97: ± | K97: 5 | L97: จับจีบ | M97: ไม่สวมถุงใน | N97: 0 | O97: 0 | P97: 0 | Q97: 0 | R97: 0 | S97: มัด80 ใช้สายรัด | T97: รอแจ้ง | U97: 235 | V97: 0 | W97: 235 | X97: 6066 | Y97: 0 | Z97: WSWT2025800SM | AA97: 0 | AB97: 0 | AC97: 0 | AD97: 0 | AE97: 0 | AF97: 0 | AG97: พร้อมส่ง | AH97: P6 | AI97: 4 | AJ97: รอแจ้ง | AK97: #VALUE! | AL97: #VALUE! | AM97: #VALUE! | AN97: #VALUE! | AO97: #VALUE! | AP97: #VALUE! | AQ97: 0 | AR97: 0 | AS97: 0 | AT97: 0 | AU97: 0 | AV97: 0 | AW97: งานเคลือบ+พิมพ์ | AX97: / | AY97: 0 | AZ97: 0 | BA97: 0 | BB97: 0 | BC97: WRWT25850/WRWT25850 | BD97: 0
A98: 45721 | B98: MK68-000341 | C98: บจก.อินเทคค์ โกลบอล | D98: สุบรรณ 111 | E98: 20 | F98: 36 | G98: ขาว | H98: ด้าน | I98: 100 | J98: ± | K98: 5 | L98: จับจีบ | M98: ไม่สวมถุงใน | N98: 0 | O98: 0 | P98: 0 | Q98: 0 | R98: 0 | S98: มัด80 ใช้สายรัด | T98: รอแจ้ง | U98: 734 | V98: 0 | W98: 734 | X98: 5520 | Y98: 0 | Z98: WSWT2025800SM | AA98: 0 | AB98: 0 | AC98: 0 | AD98: 0 | AE98: 0 | AF98: 0 | AG98: รอแบบ | AH98: P6 | AI98: 4 | AJ98: รอแจ้ง | AK98: #VALUE! | AL98: #VALUE! | AM98: #VALUE! | AN98: #VALUE! | AO98: #VALUE! | AP98: #VALUE! | AQ98: 0 | AR98: 0 | AS98: 0 | AT98: 0 | AU98: 0 | AV98: 0 | AW98: งานเคลือบ+พิมพ์ | AX98: / | AY98: 0 | AZ98: 0 | BA98: 0 | BB98: 0 | BC98: WRWT25850/WRWT25850 | BD98: 0
A99: ประมาณการ | B99: ประมาณการ | C99: บจก.เอสพีเอ็ม อาหารสัตว์ | D99: รอแบบ | E99: 20 | F99: 38 | G99: ขาว | H99: ใส | I99: 100 | J99: ± | K99: 5 | L99: บิด | M99: ไม่สวมถุงใน | N99: 0 | O99: 0 | P99: 0 | Q99: 0 | R99: 0 | S99: 500กระสอบแบน | T99: รอแจ้ง | U99: 20000 | V99: 0 | W99: 20000 | X99: 0 | Y99: 21000 | Z99: WSWT2025800SM | AA99: 22072.6 | AB99: 0 | AC99: 22072.6 | AD99: 0 | AE99: 22072.6 | AF99: 0 | AG99: ยังไม่ได้พิมพ์ | AH99: P6 | AI99: 4 | AJ99: รอแจ้ง | AK99: #VALUE! | AL99: #VALUE! | AM99: #VALUE! | AN99: #VALUE! | AO99: #VALUE! | AP99: #VALUE! | AQ99: 0 | AR99: 0 | AS99: 0 | AT99: 0 | AU99: 0 | AV99: 0 | AW99: งานเคลือบ+พิมพ์ | AX99: รอART | AY99: 0 | AZ99: 0 | BA99: 0 | BB99: 0 | BC99: WRWT25850/WRWT25850 | BD99: 1667.7076
A100: 45705 | B100: MK68-000241 | C100: บจก.อินเทคค์ โกลบอล | D100: เฟิร์สช้อย 911 | E100: 20 | F100: 36 | G100: ขาว | H100: ด้าน | I100: 100 | J100: ± | K100: 5 | L100: จับจีบ4" | M100: ไม่สวมถุงใน | N100: 0 | O100: 0 | P100: 0 | Q100: 0 | R100: 0 | S100: มัด80 ใช้สายรัด | T100: รอแจ้ง | U100: 122 | V100: 0 | W100: 122 | X100: 11870 | Y100: 0 | Z100: WSWT2025800SM | AA100: 0 | AB100: 0 | AC100: 0 | AD100: 0 | AE100: 0 | AF100: เลาะ 1000+ลบสี400 | AG100: ยังไม่ได้พิมพ์ | AH100: P6 | AI100: 4 | AJ100: รอแจ้ง | AK100: #VALUE! | AL100: #VALUE! | AM100: #VALUE! | AN100: #VALUE! | AO100: #VALUE! | AP100: #VALUE! | AQ100: 0 | AR100: 0 | AS100: 0 | AT100: 0 | AU100: 0 | AV100: 0 | AW100: งานเคลือบ+พิมพ์ | AX100: / | AY100: 0 | AZ100: 0 | BA100: 0 | BB100: 0 | BC100: WRWT25850/WRWT25850 | BD100: 0
A101: ประมาณการ | B101: ประมาณการ | C101: บจก.ไทยธรรมดี | D101: รอแบบ | E101: 20 | F101: 37 | G101: ขาว | H101: ด้าน | I101: 97 | J101: ± | K101: 5 | L101: บิด | M101: ไม่สวมถุงใน | N101: 0 | O101: 0 | P101: 0 | Q101: 0 | R101: 0 | S101: 500กระสอบ | T101: รอแจ้ง | U101: 40000 | V101: 0 | W101: 40000 | X101: 0 | Y101: 42000 | Z101: WSWT2025800SM | AA101: 43027.6 | AB101: 0 | AC101: 43027.6 | AD101: 0 | AE101: 43027.6 | AF101: 0 | AG101: ยังไม่ได้พิมพ์ | AH101: P6 | AI101: 4 | AJ101: รอแจ้ง | AK101: #VALUE! | AL101: #VALUE! | AM101: #VALUE! | AN101: #VALUE! | AO101: #VALUE! | AP101: #VALUE! | AQ101: 0 | AR101: 0 | AS101: 0 | AT101: 0 | AU101: 0 | AV101: 0 | AW101: งานเคลือบ+พิมพ์ | AX101: รอART | AY101: 0 | AZ101: 0 | BA101: 0 | BB101: 0 | BC101: WRWT25850/WRWT25850 | BD101: 3250.9742
...

Sheet 5-4-68
B2: เรียงกำหนดส่ง | D2: ลบ 0 | T2: เรียง 1
B3: ข้อมูลUpdate ณ. วันที่ | D3: 45752 | E3: เวลา | G3: 11.1
A4: วันรับออร์เดอร์/แบบ | B4: เลขที่ SO | C4: ชื่อลูกค้า | E4: 10.3 | I4: น้ำหนัก | L4: บิด/จับจีบ | M4: ถุงใน | Q4: 44873 | S4: วิธีบรรจุ | T4: วันส่ง | U4: จำนวนส่ง | V4: ตัดเย็บ (ใบ) | W4: 44873 | X4: พิมพ์ (ใบ) | Y4: 44876 | Z4: ผ้าทอ (เมตร) Updateณ | AB4: 44876 | AD4: ผ้าเคลือบ(เมตร) | AF4: หมายเหตุ | AG4: เครื่อง
A5: วันรับออร์เดอร์/แบบ | B5: เลขที่ SO | C5: ชื่อลูกค้า | D5: ตรา | E5: กว้าง | F5: ยาว | G5: สี | H5: เคลือบ | I5: กรัม/ใบ | J5: * | K5: aw | L5: บิด/จับจีบ | M5: กว้าง | N5: ยาว | O5: หนา | P5: ใช้(กก.) | Q5: Stock(กก.) | R5: ผลิต(กก.) | S5: วิธีบรรจุ | T5: วันส่ง | U5: จำนวนส่ง | V5: StockFG | W5: ค้างตัด | X5: พิมพ์แล้ว | Y5: ค้างพิมพ์ | Z5: ประเภท | AA5: ใช้ | AB5: Stock | AC5: ค้างทอ | AD5: Stock | AE5: ค้างเคลือบ | AF5: หมายเหตุ | AG5: ที่พิมพ์ได้ | AH5: process | AI5: Lead time | AJ5: วันที่ส่งPL | AK5: เคลือบ | AL5: ได้ ART | AM5: พิมพ์ | AN5: จีบ-บิด | AO5: ตัด-เย็บ | AP5: ทอ | AQ5: สวมถุง | AR5: เย็บปาก | AS5: PT | AT5: ม้วน | AU5: ตัด | AV5: ตอกตาไก่ | AW5: GROUP | AX5: ART | AY5: หมายเหตุปัญหา | AZ5: ราคา/ใบ | BA5: ราคารวม | BB5: workweek | BC5: เส้นเทป | BD5: จำนวน
A6: 45743 | B6: MK68-000464 | C6: บจก.ปึงเป้งน้ำ | D6: เกลือตรามือ 10กก. | E6: 14 | F6: 22 | G6: ขาว | H6: ใส | I6: 42 | J6: ± | K6: 5 | L6: ไม่ | M6: ไม่สวมถุงใน | N6: 0 | O6: 0 | P6: 0 | Q6: 0 | R6: 0 | S6: 500กระสอบแบน | T6: 45757 | U6: 10000 | V6: 0 | W6: 10000 | X6: 0 | Y6: 10500 | Z6: WSWT1425800 | AA6: 6565.9 | AB6: 6565.9 | AC6: 0 | AD6: 2186 | AE6: 4379.9 | AF6: 0 | AG6: ยังไม่ได้พิมพ์ | AH6: P6 | AI6: 4 | AJ6: 45757 | AK6: 45753 | AL6: 45746 | AM6: 45754 | AN6: 45755 | AO6: 45756 | AP6: 45752 | AQ6: 0 | AR6: 0 | AS6: 0 | AT6: 0 | AU6: 0 | AV6: 0 | AW6: งานเคลือบ+พิมพ์ | AX6: / | AY6: 0 | AZ6: 0 | BA6: 0 | BB6: 0 | BC6: WRWT25800/WRWT25800 | BD6: 0
A7: 0 | B7: 0 | C7: 0 | D7: 0 | E7: 14 | F7: 22 | G7: ขาว | H7: 0 | I7: 36 | J7: ± | K7: 5 | L7: 0 | M7: 0 | N7: 0 | O7: 0 | P7: 0 | Q7: 0 | R7: 0 | S7: 0 | U7: 0 | V7: 0 | W7: 0 | X7: 0 | Y7: 0 | Z7: WSWT1425800 | AA7: 6565.9 | AB7: 6565.9 | AC7: 0 | AD7: 2186 | AE7: 4379.9 | AF7: ระบุในSD | AG7: พร้อมส่ง | AH7: 0 | AI7: Lead time | AJ7: 0 | AK7: 0 | AL7: 0 | AM7: 0 | AN7: 0 | AO7: 0 | AP7: 0 | AQ7: 0 | AR7: 0 | AS7: 0 | AT7: 0 | AU7: 0 | AV7: 0 | AW7: 0 | AX7: 0 | AY7: 0 | AZ7: 0 | BA7: 0 | BB7: 0 | BC7: WRWT140800/WRWT25800 | BD7: 0
A8: 45713 | B8: MK68-000278 | C8: บจก.พีค อินโนเวชั่นโปรดักส์ | D8: โลลิโก้ | E8: 16 | F8: 25 | G8: ขาว | H8: ใส | I8: 50 | J8: ± | K8: 5 | L8: บิด | M8: 19 | N8: 28 | O8: 40 | P8: 0 | Q8: 0 | R8: 0 | S8: 500กระสอบ | T8: รอส่ง | U8: 5000 | V8: 5049 | W8: 0 | X8: 5400 | Y8: 0 | Z8: WSWT1625800SM | AA8: 0 | AB8: 0 | AC8: 0 | AD8: 0 | AE8: 0 | AF8: 0 | AG8: ยังไม่ได้พิมพ์ | AH8: P8 | AI8: 4 | AJ8: รอส่ง | AK8: #VALUE! | AL8: #VALUE! | AM8: #VALUE! | AN8: #VALUE! | AO8: #VALUE! | AP8: #VALUE! | AQ8: #VALUE! | AR8: 0 | AS8: 0 | AT8: 0 | AU8: 0 | AV8: 0 | AW8: งานเคลือบ+พิมพ์ | AX8: / | AY8: ถุงในใช้ผสม กรีด 193340 193140 193370 | AZ8: 0 | BA8: 0 | BB8: 0 | BC8: WRWT25800/WRWT25800 | BD8: 0
A9: ประมาณการ | B9: ประมาณการ | C9: บจก.ซัน ซีเมนต์ โพรเซส | D9: พระอาทิตย์(ปูนนอน-ชริงค์) | E9: 16 | F9: 25 | G9: ขาว | H9: ใส | I9: 50 | J9: ± | K9: 5 | L9: บิด | M9: 19 | N9: 28 | O9: 40 | P9: 65.624643 | Q9: 0 | R9: 65.624643 | S9: 500กระสอบ | T9: รอแจ้ง | U9: 5000 | V9: 0 | W9: 5000 | X9: 0 | Y9: 5250 | Z9: WSWT1625800SM | AA9: 3702.05 | AB9: 3372 | AC9: 330.05 | AD9: 0 | AE9: 3702.05 | AF9: 0 | AG9: ยังไม่ได้พิมพ์ | AH9: P8 | AI9: 4 | AJ9: รอแจ้ง | AK9: #VALUE! | AL9: #VALUE! | AM9: #VALUE! | AN9: #VALUE! | AO9: #VALUE! | AP9: #VALUE! | AQ9: #VALUE! | AR9: 0 | AS9: 0 | AT9: 0 | AU9: 0 | AV9: 0 | AW9: งานเคลือบ+พิมพ์ | AX9: รอART | AY9: 0 | AZ9: 0 | BA9: 0 | BB9: 0 | BC9: WRWT25800/WRWT25800 | BD9: 18.776178
A10: 0 | B10: 0 | C10: 0 | E10: 16 | F10: 25 | G10: ขาว | H10: 0 | I10: 45 | J10: ± | K10: 5 | L10: 0 | M10: 0 | N10: 0 | O10: 0 | P10: 0 | Q10: 0 | R10: 0 | S10: 0 | U10: 0 | V10: 0 | W10: 0 | X10: 0 | Y10: 0 | Z10: WSWT1625800SM | AA10: 3702.05 | AB10: 3372 | AC10: 330.05 | AD10: 0 | AE10: 3702.05 | AF10: ระบุในSD | AG10: พร้อมส่ง | AH10: 0 | AI10: Lead time | AJ10: 0 | AK10: 0 | AL10: 0 | AM10: 0 | AN10: 0 | AO10: 0 | AP10: 0 | AQ10: 0 | AR10: 0 | AS10: 0 | AT10: 0 | AU10: 0 | AV10: 0 | AW10: 0 | AX10: 0 | AY10: 0 | AZ10: 0 | BA10: 0 | BB10: 0 | BC10: WRWT160800/WRWT25800 | BD10: 0
A11: 45751 | B11: MK68-000511 | C11: บจก.เคอรี่ฟลาวมิลล์ | D11: โบว์น้ำเงิน 10กก. | E11: 16 | F11: 25 | G11: ขาว | H11: 0 | I11: 45 | J11: ± | K11: 5 | L11: ไม่ | M11: ไม่สวมถุงใน | N11: 0 | O11: 0 | P11: 0 | Q11: 0 | R11: 0 | S11: ห่ออัดเบลแบน500 | T11: 45773 | U11: 5000 | V11: 0 | W11: 5000 | X11: 0 | Y11: 5250 | Z11: WSWT1625800 | AA11: 3702.05 | AB11: 3702.05 | AC11: 0 | AD11: 0 | AE11: 0 | AF11: PDR250117 | AG11: ยังไม่ได้พิมพ์ | AH11: P7 | AI11: 2 | AJ11: 45773 | AK11: 0 | AL11: 45764 | AM11: 45771 | AN11: 45772 | AO11: 45772 | AP11: 45768 | AQ11: 0 | AR11: 0 | AS11: 0 | AT11: 0 | AU11: 0 | AV11: 0 | AW11: งานพิมพ์ | AX11: / | AY11: 0 | AZ11: 0 | BA11: 0 | BB11: 0 | BC11: WRWT25800/WRWT25800 | BD11: 0
A12: 45751 | B12: MK68-000511 | C12: บจก.เคอรี่ฟลาวมิลล์ | D12: โบว์แดง 10กก. | E12: 16 | F12: 25 | G12: ขาว | H12: 0 | I12: 45 | J12: ± | K12: 5 | L12: ไม่ | M12: ไม่สวมถุงใน | N12: 0 | O12: 0 | P12: 0 | Q12: 0 | R12: 0 | S12: ห่ออัดเบลแบน500 | T12: 45773 | U12: 5000 | V12: 0 | W12: 5000 | X12: 0 | Y12: 5250 | Z12: WSWT1625800 | AA12: 3702.05 | AB12: 3702.05 | AC12: 0 | AD12: 0 | AE12: 0 | AF12: PDR250117 | AG12: พร้อมส่ง | AH12: P7 | AI12: 2 | AJ12: 45773 | AK12: 0 | AL12: 45764 | AM12: 45771 | AN12: 45772 | AO12: 45772 | AP12: 45768 | AQ12: 0 | AR12: 0 | AS12: 0 | AT12: 0 | AU12: 0 | AV12: 0 | AW12: งานพิมพ์ | AX12: / | AY12: 0 | AZ12: 0 | BA12: 0 | BB12: 0 | BC12: WRWT25800/WRWT25800 | BD12: 0
A13: 0 | B13: 0 | C13: 0 | D13: 0 | E13: 16 | F13: 25 | G13: ขาว | H13: 0 | I13: 45 | J13: ± | K13: 5 | L13: 0 | M13: 0 | N13: 0 | O13: 0 | P13: 0 | Q13: 0 | R13: 0 | S13: 0 | U13: 0 | V13: 0 | W13: 0 | X13: 0 | Y13: 0 | Z13: WSWT1625800 | AA13: 7404.1 | AB13: 7404.1 | AC13: 0 | AD13: 0 | AE13: 0 | AF13: ระบุในSD | AG13: ยังไม่ได้พิมพ์ | AH13: 0 | AI13: Lead time | AJ13: 0 | AK13: 0 | AL13: 0 | AM13: 0 | AN13: 0 | AO13: 0 | AP13: 0 | AQ13: 0 | AR13: 0 | AS13: 0 | AT13: 0 | AU13: 0 | AV13: 0 | AW13: 0 | AX13: 0 | AY13: 0 | AZ13: 0 | BA13: 0 | BB13: 0 | BC13: WRWT160800/WRWT25800 | BD13: 0
A14: 45744 | B14: MK68-000468 | C14: โรงสีธัญญกิจ(ราชบุรี) | D14: ราชสีห์(ข้าวหอมมะลิ) | E14: 16 | F14: 25 | G14: ขาว | H14: 0 | I14: 47 | J14: ± | K14: 5 | L14: ไม่ | M14: ไม่สวมถุงใน | N14: 0 | O14: 0 | P14: 0 | Q14: 0 | R14: 0 | S14: 500กระสอบ | T14: 45756 | U14: 10000 | V14: 0 | W14: 10000 | X14: 0 | Y14: 10500 | Z14: WSWT1621720SMFX | AA14: 7404.1 | AB14: 3572 | AC14: 3832.1 | AD14: 0 | AE14: 0 | AF14: 0 | AG14: ยังไม่ได้พิมพ์ | AH14: P7 | AI14: 2 | AJ14: 45756 | AK14: 0 | AL14: 45747 | AM14: 45754 | AN14: 45755 | AO14: 45755 | AP14: 45751 | AQ14: 0 | AR14: 0 | AS14: 0 | AT14: 0 | AU14: 0 | AV14: 0 | AW14: งานพิมพ์ | AX14: / | AY14: 0 | AZ14: 0 | BA14: 0 | BB14: 0 | BC14: WRWT21720/WRWT21720 | BD14: 228.08659
A15: 0 | B15: 0 | C15: 0 | D15: 0 | E15: 16 | F15: 25 | G15: 0 | H15: 0 | I15: 47 | J15: ± | K15: 5 | L15: 0 | M15: 0 | N15: 0 | O15: 0 | P15: 0 | Q15: 0 | R15: 0 | S15: 0 | U15: 0 | V15: 0 | W15: 0 | X15: 0 | Y15: 0 | Z15: WSWT1621720SMFX | AA15: 7404.1 | AB15: 3572 | AC15: 3832.1 | AD15: 0 | AE15: 0 | AF15: ระบุในSD | AG15: พร้อมส่ง | AH15: 0 | AI15: 0 | AJ15: 0 | AK15: 0 | AL15: 0 | AM15: 0 | AN15: 0 | AO15: 0 | AP15: 0 | AQ15: 0 | AR15: 0 | AS15: 0 | AT15: 0 | AU15: 0 | AV15: 0 | AW15: 0 | AX15: 0 | AY15: 0 | AZ15: 0 | BA15: 0 | BB15: 0 | BC15: WRWT160720/WRWT21720 | BD15: 0
A16: 45752 | B16: ใบรับคำสั่งซื้อ | C16: ร้านเห็ดไพลิน | D16: เพชร | E16: 18 | F16: 28 | G16: ขาว | H16: 0 | I16: 50 | J16: ± | K16: 5 | L16: ไม่ | M16: 19 | N16: 29 | O16: 40 | P16: 67.96838 | Q16: 0 | R16: 67.96838 | S16: 500กระสอบ | T16: 45770 | U16: 5000 | V16: 0 | W16: 5000 | X16: 0 | Y16: 5250 | Z16: WSWT1825800 | AA16: 4121.15 | AB16: 4121.15 | AC16: 0 | AD16: 0 | AE16: 0 | AF16: 0 | AG16: ยังไม่ได้พิมพ์ | AH16: P9 | AI16: 3 | AJ16: 45770 | AK16: 0 | AL16: 45760 | AM16: 45767 | AN16: 45768 | AO16: 45768 | AP16: 45765 | AQ16: 45769 | AR16: 0 | AS16: 0 | AT16: 0 | AU16: 0 | AV16: 0 | AW16: งานพิมพ์ | AX16: รอART | AY16: 0 | AZ16: 0 | BA16: 0 | BB16: 0 | BC16: WRWT25800/WRWT25800 | BD16: 0
A17: ประมาณการ | B17: ประมาณการ | C17: บจก.ฟาร์เธอร์ส วิง ซัพพลาย | D17: รถไฟ | E17: 18 | F17: 30 | G17: ขาว | H17: 0 | I17: 54 | J17: ± | K17: 5 | L17: บิด | M17: 19 | N17: 33 | O17: 40 | P17: 232.02999 | Q17: 0 | R17: 232.02999 | S17: 500กระสอบ | T17: 45777 | U17: 15000 | V17: 0 | W17: 15000 | X17: 0 | Y17: 15750 | Z17: WSWT1825800 | AA17: 13201.65 | AB17: 7949 | AC17: 5252.65 | AD17: 0 | AE17: 0 | AF17: 0 | AG17: ยังไม่ได้พิมพ์ | AH17: P9 | AI17: 3 | AJ17: 45777 | AK17: 0 | AL17: 45767 | AM17: 45774 | AN17: 45775 | AO17: 45775 | AP17: 45772 | AQ17: 45776 | AR17: 0 | AS17: 0 | AT17: 0 | AU17: 0 | AV17: 0 | AW17: งานพิมพ์ | AX17: รอART | AY17: 0 | AZ17: 0 | BA17: 0 | BB17: 0 | BC17: WRWT25800/WRWT25800 | BD17: 361.38232
A18: 0 | B18: 0 | E18: 18 | F18: 30 | G18: ขาว | H18: 0 | I18: 54 | J18: ± | K18: 5 | L18: 0 | M18: 0 | N18: 0 | O18: 0 | P18: 0 | Q18: 0 | R18: 0 | S18: 0 | U18: 0 | V18: 0 | W18: 0 | X18: 0 | Y18: 0 | Z18: WSWT1825800 | AA18: 17322.8 | AB18: 12070.15 | AC18: 5252.65 | AD18: 0 | AE18: 0 | AF18: ระบุในSD | AG18: รอแบบ | AH18: 0 | AI18: Lead time | AJ18: 0 | AK18: 0 | AL18: 0 | AM18: 0 | AN18: 0 | AO18: 0 | AP18: 0 | AQ18: 0 | AR18: 0 | AS18: 0 | AT18: 0 | AU18: 0 | AV18: 0 | AW18: 0 | AX18: 0 | AY18: 0 | AZ18: 0 | BA18: 0 | BB18: 0 | BC18: WRWT25800/WRWT25800 | BD18: 0
A19: 45749 | B19: MK68-000485 | C19: บจก.2เอ็ม อโกรเท็ค | D19: พระเอกในดวงใจ 14-7-28 | E19: 18 | F19: 30 | G19: ขาว | H19: ใส | I19: 74 | J19: ± | K19: 5 | L19: บิด | M19: 19 | N19: 33 | O19: 70 | P19: 135.35083 | Q19: 0 | R19: 135.35083 | S19: 500กระสอบ | T19: 45768 | U19: 5000 | V19: 0 | W19: 5000 | X19: 0 | Y19: 5250 | Z19: WSWT1825800SM | AA19: 4400.55 | AB19: 0 | AC19: 4400.55 | AD19: 0 | AE19: 4400.55 | AF19: ขาด-เกิน5% | AG19: พร้อมส่ง | AH19: P8 | AI19: 4 | AJ19: 45768 | AK19: 45764 | AL19: 45758 | AM19: 45765 | AN19: 45766 | AO19: 45766 | AP19: 45763 | AQ19: 45767 | AR19: 0 | AS19: 0 | AT19: 0 | AU19: 0 | AV19: 0 | AW19: งานเคลือบ+พิมพ์ | AX19: / | AY19: 0 | AZ19: 0 | BA19: 0 | BB19: 0 | BC19: WRWT25800/WRWT25800 | BD19: 281.6352
A20: 45749 | B20: MK68-000486 | C20: บจก.2เอ็ม อโกรเท็ค | D20: เลิฟชอยล์18-3-10 | E20: 18 | F20: 30 | G20: ขาว | H20: ใส | I20: 74 | J20: ± | K20: 5 | L20: บิด | M20: 19 | N20: 33 | O20: 70 | P20: 135.35083 | Q20: 0 | R20: 135.35083 | S20: 500กระสอบ | T20: 45768 | U20: 5000 | V20: 0 | W20: 5000 | X20: 0 | Y20: 5250 | Z20: WSWT1825800SM | AA20: 4400.55 | AB20: 0 | AC20: 4400.55 | AD20: 0 | AE20: 4400.55 | AF20: ขาด-เกิน5% | AG20: รอตัด | AH20: P8 | AI20: 4 | AJ20: 45768 | AK20: 45764 | AL20: 45758 | AM20: 45765 | AN20: 45766 | AO20: 45766 | AP20: 45763 | AQ20: 45767 | AR20: 0 | AS20: 0 | AT20: 0 | AU20: 0 | AV20: 0 | AW20: งานเคลือบ+พิมพ์ | AX20: / | AY20: 0 | AZ20: 0 | BA20: 0 | BB20: 0 | BC20: WRWT25800/WRWT25800 | BD20: 281.6352
A21: ประมาณการ | B21: ประมาณการ | C21: บจก.ซิเบลโก้ | D21: รอแบบ | E21: 18 | F21: 30 | G21: ขาว | H21: ใส | I21: 74 | J21: ± | K21: 5 | L21: บิด | M21: ไม่สวมถุงใน | N21: 0 | O21: 0 | P21: 0 | Q21: 0 | R21: 0 | S21: 500กระสอบ | T21: รอแจ้ง | U21: 10000 | V21: 0 | W21: 10000 | X21: 0 | Y21: 10500 | Z21: WSWT1825800SM | AA21: 8801.1 | AB21: 0 | AC21: 8801.1 | AD21: 0 | AE21: 8801.1 | AF21: 0 | AG21: รอตัด | AH21: P6 | AI21: 4 | AJ21: รอแจ้ง | AK21: #VALUE! | AL21: #VALUE! | AM21: #VALUE! | AN21: #VALUE! | AO21: #VALUE! | AP21: #VALUE! | AQ21: 0 | AR21: 0 | AS21: 0 | AT21: 0 | AU21: 0 | AV21: 0 | AW21: งานเคลือบ+พิมพ์ | AX21: รอART | AY21: 0 | AZ21: 0 | BA21: 0 | BB21: 0 | BC21: WRWT25800/WRWT25800 | BD21: 563.2704
A22: 0 | B22: 0 | C22: 0 | E22: 18 | F22: 25 | G22: ขาว | H22: 0 | I22: 50 | J22: ± | K22: 5 | L22: 0 | M22: 0 | N22: 0 | O22: 0 | P22: 0 | Q22: 0 | R22: 0 | S22: 0 | U22: 0 | V22: 0 | W22: 0 | X22: 0 | Y22: 0 | Z22: WSWT1825800SM | AA22: 17602.2 | AB22: 0 | AC22: 17602.2 | AD22: 0 | AE22: 17602.2 | AF22: ระบุในSD | AG22: ยังไม่ได้พิมพ์ | AH22: 0 | AI22: Lead time | AJ22: 0 | AK22: 0 | AL22: 0 | AM22: 0 | AN22: 0 | AO22: 0 | AP22: 0 | AQ22: 0 | AR22: 0 | AS22: 0 | AT22: 0 | AU22: 0 | AV22: 0 | AW22: 0 | AX22: 0 | AY22: 0 | AZ22: 0 | BA22: 0 | BB22: 0 | BC22: WRWT180800/WRWT25800 | BD22: 0
A23: 45734 | B23: MK68-000419 | C23: บจก.ซีแมน | D23: W30 | E23: 19 | F23: 28 | G23: ขาว | H23: 0 | I23: 56 | J23: ± | K23: 5 | L23: ไม่ | M23: 20 | N23: 30 | O23: 90 | P23: 666.1148 | Q23: 0 | R23: 666.1148 | S23: มัด100 | T23: 45759 | U23: 20000 | V23: 0 | W23: 20000 | X23: 21000 | Y23: 0 | Z23: WSWT1925800 | AA23: 0 | AB23: 0 | AC23: 0 | AD23: 0 | AE23: 0 | AF23: 0 | AG23: ยังไม่ได้พิมพ์ | AH23: P9 | AI23: 3 | AJ23: 45759 | AK23: 0 | AL23: 45749 | AM23: 45756 | AN23: 45757 | AO23: 45757 | AP23: 45754 | AQ23: 45758 | AR23: 0 | AS23: 0 | AT23: 0 | AU23: 0 | AV23: 0 | AW23: งานพิมพ์ | AX23: / | AY23: 0 | AZ23: 0 | BA23: 0 | BB23: 0 | BC23: WRWT25800/WRWT25800 | BD23: 0
A24: 45734 | B24: MK68-000419 | C24: บจก.ซีแมน | D24: W30 | E24: 19 | F24: 28 | G24: ขาว | H24: 0 | I24: 56 | J24: ± | K24: 5 | L24: ไม่ | M24: 20 | N24: 30 | O24: 90 | P24: 666.1148 | Q24: 0 | R24: 666.1148 | S24: มัด100 | T24: 45769 | U24: 20000 | V24: 0 | W24: 20000 | X24: 20690 | Y24: 0 | Z24: WSWT1925800 | AA24: 0 | AB24: 0 | AC24: 0 | AD24: 0 | AE24: 0 | AF24: 0 | AG24: รอแบบ | AH24: P9 | AI24: 3 | AJ24: 45769 | AK24: 0 | AL24: 45759 | AM24: 45766 | AN24: 45767 | AO24: 45767 | AP24: 45764 | AQ24: 45768 | AR24: 0 | AS24: 0 | AT24: 0 | AU24: 0 | AV24: 0 | AW24: งานพิมพ์ | AX24: / | AY24: 0 | AZ24: 0 | BA24: 0 | BB24: 0 | BC24: WRWT25800/WRWT25800 | BD24: 0
A25: 45734 | B25: MK68-000418 | C25: บจก.ซีแมน | D25: Y30 | E25: 19 | F25: 28 | G25: ขาว | H25: 0 | I25: 56 | J25: ± | K25: 5 | L25: ไม่ | M25: 20 | N25: 30 | O25: 90 | P25: 666.1148 | Q25: 0 | R25: 666.1148 | S25: มัด100 | T25: 45769 | U25: 20000 | V25: 0 | W25: 20000 | X25: 0 | Y25: 21000 | Z25: WSWT1925800 | AA25: 16484.6 | AB25: 5000 | AC25: 11484.6 | AD25: 0 | AE25: 0 | AF25: 0 | AG25: รอแบบ | AH25: P9 | AI25: 3 | AJ25: 45769 | AK25: 0 | AL25: 45759 | AM25: 45766 | AN25: 45767 | AO25: 45767 | AP25: 45764 | AQ25: 45768 | AR25: 0 | AS25: 0 | AT25: 0 | AU25: 0 | AV25: 0 | AW25: งานพิมพ์ | AX25: / | AY25: 0 | AZ25: 0 | BA25: 0 | BB25: 0 | BC25: WRWT25800/WRWT25800 | BD25: 834.03717
A26: ประมาณการ | B26: ประมาณการ | C26: บจก.ไลม์มาสเตอร์ | D26: LMC 25 kg | E26: 19 | F26: 32 | G26: ขาว | H26: 0 | I26: 64 | J26: ± | K26: 5 | L26: ไม่ | M26: 20 | N26: 35 | O26: 40 | P26: 172.69643 | Q26: 0 | R26: 172.69643 | S26: 500กระสอบแบน | T26: รอแจ้ง | U26: 10000 | V26: 0 | W26: 10000 | X26: 0 | Y26: 10500 | Z26: WSWT1925800 | AA26: 9359.9 | AB26: 0 | AC26: 9359.9 | AD26: 0 | AE26: 0 | AF26: 0 | AG26: พร้อมส่ง | AH26: P9 | AI26: 3 | AJ26: รอแจ้ง | AK26: 0 | AL26: #VALUE! | AM26: #VALUE! | AN26: #VALUE! | AO26: #VALUE! | AP26: #VALUE! | AQ26: #VALUE! | AR26: 0 | AS26: 0 | AT26: 0 | AU26: 0 | AV26: 0 | AW26: งานพิมพ์ | AX26: รอART | AY26: 0 | AZ26: 0 | BA26: 0 | BB26: 0 | BC26: WRWT25800/WRWT25800 | BD26: 679.73674
A27: ประมาณการ | B27: ประมาณการ | C27: บจก.เพรซิเดนท์ฟลาวมิลล์ | D27: รอแบบ | E27: 19 | F27: 30 | G27: ขาว | H27: 0 | I27: 60 | J27: ± | K27: 5 | L27: บิด | M27: ไม่สวมถุงใน | N27: 0 | O27: 0 | P27: 0 | Q27: 0 | R27: 0 | S27: 500กระสอบแบน | T27: 45777 | U27: 120000 | V27: 0 | W27: 120000 | X27: 0 | Y27: 126000 | Z27: WSWT1925800 | AA27: 105613.2 | AB27: 0 | AC27: 105613.2 | AD27: 0 | AE27: 0 | AF27: 0 | AG27: พร้อมส่ง | AH27: P7 | AI27: 2 | AJ27: 45777 | AK27: 0 | AL27: 45768 | AM27: 45775 | AN27: 45776 | AO27: 45776 | AP27: 45772 | AQ27: 0 | AR27: 0 | AS27: 0 | AT27: 0 | AU27: 0 | AV27: 0 | AW27: งานพิมพ์ | AX27: รอART | AY27: 0 | AZ27: 0 | BA27: 0 | BB27: 0 | BC27: WRWT25800/WRWT25800 | BD27: 7669.8653
A28: ประมาณการ | B28: ประมาณการ | C28: บจก.เอ็กเซลเล้นท์ | D28: รอแบบ | E28: 19 | F28: 30 | G28: ขาว | H28: 0 | I28: 60 | J28: ± | K28: 5 | L28: บิด | M28: ไม่สวมถุงใน | N28: 0 | O28: 0 | P28: 0 | Q28: 0 | R28: 0 | S28: 500กระสอบ | T28: 45777 | U28: 30000 | V28: 0 | W28: 30000 | X28: 0 | Y28: 31500 | Z28: WSWT1925800 | AA28: 26403.3 | AB28: 0 | AC28: 26403.3 | AD28: 0 | AE28: 0 | AF28: 0 | AG28: ผ้าขาว | AH28: P7 | AI28: 2 | AJ28: 45777 | AK28: 0 | AL28: 45768 | AM28: 45775 | AN28: 45776 | AO28: 45776 | AP28: 45772 | AQ28: 0 | AR28: 0 | AS28: 0 | AT28: 0 | AU28: 0 | AV28: 0 | AW28: งานพิมพ์ | AX28: รอART | AY28: 0 | AZ28: 0 | BA28: 0 | BB28: 0 | BC28: WRWT25800/WRWT25800 | BD28: 1917.4663
A29: 0 | B29: 0 | C29: 0 | D29: 0 | E29: 19 | F29: 30 | G29: ขาว | H29: 0 | I29: 60 | J29: ± | K29: 5 | L29: 0 | M29: 0 | N29: 0 | O29: 0 | P29: 0 | Q29: 0 | R29: 0 | S29: 0 | U29: 0 | V29: 0 | W29: 0 | X29: 0 | Y29: 0 | Z29: WSWT1925800 | AA29: 157861 | AB29: 5000 | AC29: 152861 | AD29: 0 | AE29: 0 | AF29: ระบุในSD | AG29: ยังไม่ได้พิมพ์ | AH29: 0 | AI29: Lead time | AJ29: 0 | AK29: 0 | AL29: 0 | AM29: 0 | AN29: 0 | AO29: 0 | AP29: 0 | AQ29: 0 | AR29: 0 | AS29: 0 | AT29: 0 | AU29: 0 | AV29: 0 | AW29: 0 | AX29: 0 | AY29: 0 | AZ29: 0 | BA29: 0 | BB29: 0 | BC29: WRWT25800/WRWT25800 | BD29: 0
A30: 0 | B30: ใบรับคำสั่งซื้อ | C30: บจก.เคอรี่ฟลาวมิลล์ | D30: แปดแต้มแดง | E30: 19 | F30: 32 | G30: ขาว | H30: 0 | I30: 67 | J30: + | K30: 5 | L30: บิด | M30: ไม่สวมถุงใน | N30: 0 | O30: 0 | P30: 0 | Q30: 0 | R30: 0 | S30: ห่ออัดเบลแบน500 | T30: 45752 | U30: 5000 | V30: 5250 | W30: 0 | X30: 0 | Y30: 0 | Z30: WSWT1921720 | AA30: 0 | AB30: 0 | AC30: 0 | AD30: 0 | AE30: 0 | AF30: 0 | AG30: ยังไม่ได้พิมพ์ | AH30: P7 | AI30: 2 | AJ30: 45752 | AK30: 0 | AL30: 45743 | AM30: 45750 | AN30: 45751 | AO30: 45751 | AP30: 45747 | AQ30: 0 | AR30: 0 | AS30: 0 | AT30: 0 | AU30: 0 | AV30: 0 | AW30: งานพิมพ์ | AX30: 0 | AY30: 0 | AZ30: 0 | BA30: 0 | BB30: 0 | BC30: WRWT21720/WRWT25800 | BD30: 0
A31: 45751 | B31: MK68-000505 | C31: บจก.เคอรี่ฟลาวมิลล์ | D31: ไม่พิมพ์ | E31: 19 | F31: 36 | G31: ขาว | H31: 0 | I31: 75 | J31: + | K31: 5 | L31: ไม่ | M31: ไม่สวมถุงใน | N31: 0 | O31: 0 | P31: 0 | Q31: 0 | R31: 0 | S31: ห่ออัดเบลแบน500 | T31: 45759 | U31: 5000 | V31: 0 | W31: 5000 | X31: 0 | Y31: 0 | Z31: WSWT1921720 | AA31: 5238.75 | AB31: 0 | AC31: 5238.75 | AD31: 0 | AE31: 0 | AF31: PDR250111 | AG31: ยังไม่ได้พิมพ์ | AH31: P3 | AI31: 1 | AJ31: 45759 | AK31: 0 | AL31: 0 | AM31: 0 | AN31: 0 | AO31: 45758 | AP31: 45754 | AQ31: 0 | AR31: 0 | AS31: 0 | AT31: 0 | AU31: 0 | AV31: 0 | AW31: ตัด | AX31: 0 | AY31: 0 | AZ31: 0 | BA31: 0 | BB31: 0 | BC31: WRWT21720/WRWT25800 | BD31: 394.60593
A32: 45751 | B32: MK68-000506 | C32: บจก.เคอรี่ฟลาวมิลล์ | D32: บะหมี่เตี๊ยว | E32: 19 | F32: 30 | G32: ขาว | H32: 0 | I32: 63 | J32: + | K32: 5 | L32: บิด | M32: ไม่สวมถุงใน | N32: 0 | O32: 0 | P32: 0 | Q32: 0 | R32: 0 | S32: ห่ออัดเบลแบน500 | T32: 45759 | U32: 5000 | V32: 0 | W32: 5000 | X32: 0 | Y32: 5250 | Z32: WSWT1921720 | AA32: 4400.55 | AB32: 0 | AC32: 4400.55 | AD32: 0 | AE32: 0 | AF32: PDR250111 | AG32: ยังไม่ได้พิมพ์ | AH32: P7 | AI32: 2 | AJ32: 45759 | AK32: 0 | AL32: 45750 | AM32: 45757 | AN32: 45758 | AO32: 45758 | AP32: 45754 | AQ32: 0 | AR32: 0 | AS32: 0 | AT32: 0 | AU32: 0 | AV32: 0 | AW32: งานพิมพ์ | AX32: / | AY32: 0 | AZ32: 0 | BA32: 0 | BB32: 0 | BC32: WRWT21720/WRWT25800 | BD32: 331.46898
A33: 45751 | B33: MK68-000506 | C33: บจก.เคอรี่ฟลาวมิลล์ | D33: ถุงเงิน | E33: 19 | F33: 30 | G33: ขาว | H33: 0 | I33: 63 | J33: + | K33: 5 | L33: บิด | M33: ไม่สวมถุงใน | N33: 0 | O33: 0 | P33: 0 | Q33: 0 | R33: 0 | S33: ห่ออัดเบลแบน500 | T33: 45759 | U33: 5000 | V33: 0 | W33: 5000 | X33: 0 | Y33: 5250 | Z33: WSWT1921720 | AA33: 4400.55 | AB33: 0 | AC33: 4400.55 | AD33: 0 | AE33: 0 | AF33: PDR250111 | AG33: ยังไม่ได้พิมพ์ | AH33: P7 | AI33: 2 | AJ33: 45759 | AK33: 0 | AL33: 45750 | AM33: 45757 | AN33: 45758 | AO33: 45758 | AP33: 45754 | AQ33: 0 | AR33: 0 | AS33: 0 | AT33: 0 | AU33: 0 | AV33: 0 | AW33: งานพิมพ์ | AX33: / | AY33: 0 | AZ33: 0 | BA33: 0 | BB33: 0 | BC33: WRWT21720/WRWT25800 | BD33: 331.46898
A34: 45751 | B34: MK68-000506 | C34: บจก.เคอรี่ฟลาวมิลล์ | D34: 913 | E34: 19 | F34: 30 | G34: ขาว | H34: 0 | I34: 63 | J34: + | K34: 5 | L34: บิด | M34: ไม่สวมถุงใน | N34: 0 | O34: 0 | P34: 0 | Q34: 0 | R34: 0 | S34: ห่ออัดเบลแบน500 | T34: 45759 | U34: 5000 | V34: 0 | W34: 5000 | X34: 0 | Y34: 5250 | Z34: WSWT1921720 | AA34: 4400.55 | AB34: 0 | AC34: 4400.55 | AD34: 0 | AE34: 0 | AF34: PDR250111 | AG34: ยังไม่ได้พิมพ์ | AH34: P7 | AI34: 2 | AJ34: 45759 | AK34: 0 | AL34: 45750 | AM34: 45757 | AN34: 45758 | AO34: 45758 | AP34: 45754 | AQ34: 0 | AR34: 0 | AS34: 0 | AT34: 0 | AU34: 0 | AV34: 0 | AW34: งานพิมพ์ | AX34: / | AY34: 0 | AZ34: 0 | BA34: 0 | BB34: 0 | BC34: WRWT21720/WRWT25800 | BD34: 331.46898
A35: 45751 | B35: MK68-000506 | C35: บจก.เคอรี่ฟลาวมิลล์ | D35: โบว์น้ำเงิน | E35: 19 | F35: 30 | G35: ขาว | H35: 0 | I35: 63 | J35: + | K35: 5 | L35: บิด | M35: ไม่สวมถุงใน | N35: 0 | O35: 0 | P35: 0 | Q35: 0 | R35: 0 | S35: ห่ออัดเบลแบน500 | T35: 45759 | U35: 5000 | V35: 0 | W35: 5000 | X35: 0 | Y35: 5250 | Z35: WSWT1921720 | AA35: 4400.55 | AB35: 0 | AC35: 4400.55 | AD35: 0 | AE35: 0 | AF35: PDR250111 | AG35: ยังไม่ได้พิมพ์ | AH35: P7 | AI35: 2 | AJ35: 45759 | AK35: 0 | AL35: 45750 | AM35: 45757 | AN35: 45758 | AO35: 45758 | AP35: 45754 | AQ35: 0 | AR35: 0 | AS35: 0 | AT35: 0 | AU35: 0 | AV35: 0 | AW35: งานพิมพ์ | AX35: / | AY35: 0 | AZ35: 0 | BA35: 0 | BB35: 0 | BC35: WRWT21720/WRWT25800 | BD35: 331.46898
A36: 45751 | B36: MK68-000507 | C36: บจก.เคอรี่ฟลาวมิลล์ | D36: บะหมี่เตี๊ยว | E36: 19 | F36: 30 | G36: ขาว | H36: 0 | I36: 63 | J36: + | K36: 5 | L36: บิด | M36: ไม่สวมถุงใน | N36: 0 | O36: 0 | P36: 0 | Q36: 0 | R36: 0 | S36: ห่ออัดเบลแบน500 | T36: 45768 | U36: 5000 | V36: 0 | W36: 5000 | X36: 0 | Y36: 5250 | Z36: WSWT1921720 | AA36: 4400.55 | AB36: 0 | AC36: 4400.55 | AD36: 0 | AE36: 0 | AF36: PDR250112 | AG36: ยังไม่ได้พิมพ์ | AH36: P7 | AI36: 2 | AJ36: 45768 | AK36: 0 | AL36: 45759 | AM36: 45766 | AN36: 45767 | AO36: 45767 | AP36: 45763 | AQ36: 0 | AR36: 0 | AS36: 0 | AT36: 0 | AU36: 0 | AV36: 0 | AW36: งานพิมพ์ | AX36: / | AY36: 0 | AZ36: 0 | BA36: 0 | BB36: 0 | BC36: WRWT21720/WRWT25800 | BD36: 331.46898
A37: 45751 | B37: MK68-000507 | C37: บจก.เคอรี่ฟลาวมิลล์ | D37: ปลาโลมาแดง | E37: 19 | F37: 30 | G37: ขาว | H37: 0 | I37: 63 | J37: + | K37: 5 | L37: บิด | M37: ไม่สวมถุงใน | N37: 0 | O37: 0 | P37: 0 | Q37: 0 | R37: 0 | S37: ห่ออัดเบลแบน500 | T37: 45768 | U37: 5000 | V37: 0 | W37: 5000 | X37: 0 | Y37: 5250 | Z37: WSWT1921720 | AA37: 4400.55 | AB37: 0 | AC37: 4400.55 | AD37: 0 | AE37: 0 | AF37: PDR250112 | AG37: ยังไม่ได้พิมพ์ | AH37: P7 | AI37: 2 | AJ37: 45768 | AK37: 0 | AL37: 45759 | AM37: 45766 | AN37: 45767 | AO37: 45767 | AP37: 45763 | AQ37: 0 | AR37: 0 | AS37: 0 | AT37: 0 | AU37: 0 | AV37: 0 | AW37: งานพิมพ์ | AX37: / | AY37: 0 | AZ37: 0 | BA37: 0 | BB37: 0 | BC37: WRWT21720/WRWT25800 | BD37: 331.46898
A38: 45751 | B38: MK68-000507 | C38: บจก.เคอรี่ฟลาวมิลล์ | D38: ดอกไม้เหลือง | E38: 19 | F38: 30 | G38: ขาว | H38: 0 | I38: 63 | J38: + | K38: 5 | L38: บิด | M38: ไม่สวมถุงใน | N38: 0 | O38: 0 | P38: 0 | Q38: 0 | R38: 0 | S38: ห่ออัดเบลแบน500 | T38: 45768 | U38: 5000 | V38: 0 | W38: 5000 | X38: 0 | Y38: 5250 | Z38: WSWT1921720 | AA38: 4400.55 | AB38: 0 | AC38: 4400.55 | AD38: 0 | AE38: 0 | AF38: PDR250112 | AG38: ยังไม่ได้พิมพ์ | AH38: P7 | AI38: 2 | AJ38: 45768 | AK38: 0 | AL38: 45759 | AM38: 45766 | AN38: 45767 | AO38: 45767 | AP38: 45763 | AQ38: 0 | AR38: 0 | AS38: 0 | AT38: 0 | AU38: 0 | AV38: 0 | AW38: งานพิมพ์ | AX38: / | AY38: 0 | AZ38: 0 | BA38: 0 | BB38: 0 | BC38: WRWT21720/WRWT25800 | BD38: 331.46898
A39: 45751 | B39: MK68-000507 | C39: บจก.เคอรี่ฟลาวมิลล์ | D39: ถุงเขียว | E39: 19 | F39: 30 | G39: ขาว | H39: 0 | I39: 63 | J39: + | K39: 5 | L39: บิด | M39: ไม่สวมถุงใน | N39: 0 | O39: 0 | P39: 0 | Q39: 0 | R39: 0 | S39: ห่ออัดเบลแบน500 | T39: 45768 | U39: 5000 | V39: 0 | W39: 5000 | X39: 0 | Y39: 5250 | Z39: WSWT1921720 | AA39: 4400.55 | AB39: 0 | AC39: 4400.55 | AD39: 0 | AE39: 0 | AF39: PDR250112 | AG39: ยังไม่ได้พิมพ์ | AH39: P7 | AI39: 2 | AJ39: 45768 | AK39: 0 | AL39: 45759 | AM39: 45766 | AN39: 45767 | AO39: 45767 | AP39: 45763 | AQ39: 0 | AR39: 0 | AS39: 0 | AT39: 0 | AU39: 0 | AV39: 0 | AW39: งานพิมพ์ | AX39: / | AY39: 0 | AZ39: 0 | BA39: 0 | BB39: 0 | BC39: WRWT21720/WRWT25800 | BD39: 331.46898
A40: 45751 | B40: MK68-000506 | C40: บจก.เคอรี่ฟลาวมิลล์ | D40: ปลาโลมาเทา | E40: 19 | F40: 30 | G40: ขาว | H40: 0 | I40: 63 | J40: + | K40: 5 | L40: บิด | M40: ไม่สวมถุงใน | N40: 0 | O40: 0 | P40: 0 | Q40: 0 | R40: 0 | S40: ห่ออัดเบลแบน500 | T40: 45769 | U40: 5000 | V40: 0 | W40: 5000 | X40: 0 | Y40: 5250 | Z40: WSWT1921720 | AA40: 4400.55 | AB40: 0 | AC40: 4400.55 | AD40: 0 | AE40: 0 | AF40: PDR250113 | AG40: ผ้าขาว | AH40: P7 | AI40: 2 | AJ40: 45769 | AK40: 0 | AL40: 45760 | AM40: 45767 | AN40: 45768 | AO40: 45768 | AP40: 45764 | AQ40: 0 | AR40: 0 | AS40: 0 | AT40: 0 | AU40: 0 | AV40: 0 | AW40: งานพิมพ์ | AX40: / | AY40: 0 | AZ40: 0 | BA40: 0 | BB40: 0 | BC40: WRWT21720/WRWT25800 | BD40: 331.46898
A41: 45751 | B41: MK68-000506 | C41: บจก.เคอรี่ฟลาวมิลล์ | D41: ดอกไม้เหลือง | E41: 19 | F41: 30 | G41: ขาว | H41: 0 | I41: 63 | J41: + | K41: 5 | L41: บิด | M41: ไม่สวมถุงใน | N41: 0 | O41: 0 | P41: 0 | Q41: 0 | R41: 0 | S41: ห่ออัดเบลแบน500 | T41: 45769 | U41: 5000 | V41: 0 | W41: 5000 | X41: 0 | Y41: 5250 | Z41: WSWT1921720 | AA41: 4400.55 | AB41: 0 | AC41: 4400.55 | AD41: 0 | AE41: 0 | AF41: PDR250113 | AG41: ผ้าขาว | AH41: P7 | AI41: 2 | AJ41: 45769 | AK41: 0 | AL41: 45760 | AM41: 45767 | AN41: 45768 | AO41: 45768 | AP41: 45764 | AQ41: 0 | AR41: 0 | AS41: 0 | AT41: 0 | AU41: 0 | AV41: 0 | AW41: งานพิมพ์ | AX41: / | AY41: 0 | AZ41: 0 | BA41: 0 | BB41: 0 | BC41: WRWT21720/WRWT25800 | BD41: 331.46898
A42: 45751 | B42: MK68-000506 | C42: บจก.เคอรี่ฟลาวมิลล์ | D42: ถุงทองแซนวิช | E42: 19 | F42: 30 | G42: ขาว | H42: 0 | I42: 63 | J42: + | K42: 5 | L42: บิด | M42: ไม่สวมถุงใน | N42: 0 | O42: 0 | P42: 0 | Q42: 0 | R42: 0 | S42: ห่ออัดเบลแบน500 | T42: 45769 | U42: 5000 | V42: 0 | W42: 5000 | X42: 0 | Y42: 5250 | Z42: WSWT1921720 | AA42: 4400.55 | AB42: 0 | AC42: 4400.55 | AD42: 0 | AE42: 0 | AF42: PDR250113 | AG42: ยังไม่ได้พิมพ์ | AH42: P7 | AI42: 2 | AJ42: 45769 | AK42: 0 | AL42: 45760 | AM42: 45767 | AN42: 45768 | AO42: 45768 | AP42: 45764 | AQ42: 0 | AR42: 0 | AS42: 0 | AT42: 0 | AU42: 0 | AV42: 0 | AW42: งานพิมพ์ | AX42: / | AY42: 0 | AZ42: 0 | BA42: 0 | BB42: 0 | BC42: WRWT21720/WRWT25800 | BD42: 331.46898
A43: 45737 | B43: MK68-000436 | C43: บจก.เคอรี่ฟลาวมิลล์ | D43: ไม่พิมพ์ | E43: 19 | F43: 30 | G43: ขาว | H43: 0 | I43: 63 | J43: + | K43: 5 | L43: ไม่ | M43: ไม่สวมถุงใน | N43: 0 | O43: 0 | P43: 0 | Q43: 0 | R43: 0 | S43: ห่ออัดเบลแบน500 | T43: 45769 | U43: 20000 | V43: 0 | W43: 20000 | X43: 0 | Y43: 0 | Z43: WSWT1921720 | AA43: 17602.2 | AB43: 0 | AC43: 17602.2 | AD43: 0 | AE43: 0 | AF43: 0 | AG43: ยังไม่ได้พิมพ์ | AH43: P3 | AI43: 1 | AJ43: 45769 | AK43: 0 | AL43: 0 | AM43: 0 | AN43: 0 | AO43: 45768 | AP43: 45764 | AQ43: 0 | AR43: 0 | AS43: 0 | AT43: 0 | AU43: 0 | AV43: 0 | AW43: ตัด | AX43: 0 | AY43: 0 | AZ43: 0 | BA43: 0 | BB43: 0 | BC43: WRWT21720/WRWT25800 | BD43: 1325.8759
A44: 45737 | B44: MK68-000437 | C44: บจก.เคอรี่ฟลาวมิลล์ | D44: ไม่พิมพ์ | E44: 19 | F44: 30 | G44: ขาว | H44: 0 | I44: 63 | J44: + | K44: 5 | L44: ไม่ | M44: ไม่สวมถุงใน | N44: 0 | O44: 0 | P44: 0 | Q44: 0 | R44: 0 | S44: ห่ออัดเบลแบน500 | T44: 45769 | U44: 20000 | V44: 0 | W44: 20000 | X44: 0 | Y44: 0 | Z44: WSWT1921720 | AA44: 17602.2 | AB44: 0 | AC44: 17602.2 | AD44: 0 | AE44: 0 | AF44: 0 | AG44: ยังไม่ได้พิมพ์ | AH44: P3 | AI44: 1 | AJ44: 45769 | AK44: 0 | AL44: 0 | AM44: 0 | AN44: 0 | AO44: 45768 | AP44: 45764 | AQ44: 0 | AR44: 0 | AS44: 0 | AT44: 0 | AU44: 0 | AV44: 0 | AW44: ตัด | AX44: 0 | AY44: 0 | AZ44: 0 | BA44: 0 | BB44: 0 | BC44: WRWT21720/WRWT25800 | BD44: 1325.8759
A45: 45751 | B45: MK68-000507 | C45: บจก.เคอรี่ฟลาวมิลล์ | D45: ถุงทองแซนวิช | E45: 19 | F45: 30 | G45: ขาว | H45: 0 | I45: 63 | J45: + | K45: 5 | L45: บิด | M45: ไม่สวมถุงใน | N45: 0 | O45: 0 | P45: 0 | Q45: 0 | R45: 0 | S45: ห่ออัดเบลแบน500 | T45: 45770 | U45: 10000 | V45: 0 | W45: 10000 | X45: 0 | Y45: 10500 | Z45: WSWT1921720 | AA45: 8801.1 | AB45: 0 | AC45: 8801.1 | AD45: 0 | AE45: 0 | AF45: PDR250114 | AG45: ยังไม่ได้พิมพ์ | AH45: P7 | AI45: 2 | AJ45: 45770 | AK45: 0 | AL45: 45761 | AM45: 45768 | AN45: 45769 | AO45: 45769 | AP45: 45765 | AQ45: 0 | AR45: 0 | AS45: 0 | AT45: 0 | AU45: 0 | AV45: 0 | AW45: งานพิมพ์ | AX45: / | AY45: 0 | AZ45: 0 | BA45: 0 | BB45: 0 | BC45: WRWT21720/WRWT25800 | BD45: 662.93797
A46: 45751 | B46: MK68-000507 | C46: บจก.เคอรี่ฟลาวมิลล์ | D46: แต้มฟ้า | E46: 19 | F46: 30 | G46: ขาว | H46: 0 | I46: 63 | J46: + | K46: 5 | L46: บิด | M46: ไม่สวมถุงใน | N46: 0 | O46: 0 | P46: 0 | Q46: 0 | R46: 0 | S46: ห่ออัดเบลแบน500 | T46: 45770 | U46: 5000 | V46: 0 | W46: 5000 | X46: 0 | Y46: 5250 | Z46: WSWT1921720 | AA46: 4400.55 | AB46: 0 | AC46: 4400.55 | AD46: 0 | AE46: 0 | AF46: PDR250114 | AG46: ยังไม่ได้พิมพ์ | AH46: P7 | AI46: 2 | AJ46: 45770 | AK46: 0 | AL46: 45761 | AM46: 45768 | AN46: 45769 | AO46: 45769 | AP46: 45765 | AQ46: 0 | AR46: 0 | AS46: 0 | AT46: 0 | AU46: 0 | AV46: 0 | AW46: งานพิมพ์ | AX46: / | AY46: 0 | AZ46: 0 | BA46: 0 | BB46: 0 | BC46: WRWT21720/WRWT25800 | BD46: 331.46898
A47: 45751 | B47: MK68-000509 | C47: บจก.เคอรี่ฟลาวมิลล์ | D47: ดอกไม้แดง | E47: 19 | F47: 32 | G47: ขาว | H47: 0 | I47: 67 | J47: + | K47: 5 | L47: บิด | M47: ไม่สวมถุงใน | N47: 0 | O47: 0 | P47: 0 | Q47: 0 | R47: 0 | S47: ห่ออัดเบลแบน500 | T47: 45770 | U47: 5000 | V47: 0 | W47: 5000 | X47: 0 | Y47: 5250 | Z47: WSWT1921720 | AA47: 4679.95 | AB47: 4679.95 | AC47: 0 | AD47: 0 | AE47: 0 | AF47: PDR250114 | AG47: ยังไม่ได้พิมพ์ | AH47: P7 | AI47: 2 | AJ47: 45770 | AK47: 0 | AL47: 45761 | AM47: 45768 | AN47: 45769 | AO47: 45769 | AP47: 45765 | AQ47: 0 | AR47: 0 | AS47: 0 | AT47: 0 | AU47: 0 | AV47: 0 | AW47: งานพิมพ์ | AX47: / | AY47: 0 | AZ47: 0 | BA47: 0 | BB47: 0 | BC47: WRWT21720/WRWT25800 | BD47: 0
A48: 45751 | B48: MK68-000509 | C48: บจก.เคอรี่ฟลาวมิลล์ | D48: WHOLE WHEAT | E48: 19 | F48: 32 | G48: ขาว | H48: 0 | I48: 67 | J48: + | K48: 5 | L48: บิด | M48: ไม่สวมถุงใน | N48: 0 | O48: 0 | P48: 0 | Q48: 0 | R48: 0 | S48: ห่ออัดเบลแบน500 | T48: 45770 | U48: 5000 | V48: 0 | W48: 5000 | X48: 0 | Y48: 5250 | Z48: WSWT1921720 | AA48: 4679.95 | AB48: 2924 | AC48: 1755.95 | AD48: 0 | AE48: 0 | AF48: PDR250114 | AG48: ยังไม่ได้พิมพ์ | AH48: P7 | AI48: 2 | AJ48: 45770 | AK48: 0 | AL48: 45761 | AM48: 45768 | AN48: 45769 | AO48: 45769 | AP48: 45765 | AQ48: 0 | AR48: 0 | AS48: 0 | AT48: 0 | AU48: 0 | AV48: 0 | AW48: งานพิมพ์ | AX48: / | AY48: 0 | AZ48: 0 | BA48: 0 | BB48: 0 | BC48: WRWT21720/WRWT25800 | BD48: 132.26596
A49: 45751 | B49: MK68-000506 | C49: บจก.เคอรี่ฟลาวมิลล์ | D49: แต้มแดง | E49: 19 | F49: 30 | G49: ขาว | H49: 0 | I49: 63 | J49: + | K49: 5 | L49: บิด | M49: ไม่สวมถุงใน | N49: 0 | O49: 0 | P49: 0 | Q49: 0 | R49: 0 | S49: ห่ออัดเบลแบน500 | T49: 45771 | U49: 5000 | V49: 0 | W49: 5000 | X49: 0 | Y49: 5250 | Z49: WSWT1921720 | AA49: 4400.55 | AB49: 0 | AC49: 4400.55 | AD49: 0 | AE49: 0 | AF49: PDR250115 | AG49: ยังไม่ได้พิมพ์ | AH49: P7 | AI49: 2 | AJ49: 45771 | AK49: 0 | AL49: 45762 | AM49: 45769 | AN49: 45770 | AO49: 45770 | AP49: 45766 | AQ49: 0 | AR49: 0 | AS49: 0 | AT49: 0 | AU49: 0 | AV49: 0 | AW49: งานพิมพ์ | AX49: / | AY49: 0 | AZ49: 0 | BA49: 0 | BB49: 0 | BC49: WRWT21720/WRWT25800 | BD49: 331.46898
A50: 45751 | B50: MK68-000506 | C50: บจก.เคอรี่ฟลาวมิลล์ | D50: HARD FLOUR | E50: 19 | F50: 30 | G50: ขาว | H50: 0 | I50: 63 | J50: + | K50: 5 | L50: บิด | M50: ไม่สวมถุงใน | N50: 0 | O50: 0 | P50: 0 | Q50: 0 | R50: 0 | S50: ห่ออัดเบลแบน500 | T50: 45771 | U50: 5000 | V50: 0 | W50: 5000 | X50: 0 | Y50: 5250 | Z50: WSWT1921720 | AA50: 4400.55 | AB50: 0 | AC50: 4400.55 | AD50: 0 | AE50: 0 | AF50: PDR250115 | AG50: ผ้าขาว | AH50: P7 | AI50: 2 | AJ50: 45771 | AK50: 0 | AL50: 45762 | AM50: 45769 | AN50: 45770 | AO50: 45770 | AP50: 45766 | AQ50: 0 | AR50: 0 | AS50: 0 | AT50: 0 | AU50: 0 | AV50: 0 | AW50: งานพิมพ์ | AX50: / | AY50: 0 | AZ50: 0 | BA50: 0 | BB50: 0 | BC50: WRWT21720/WRWT25800 | BD50: 331.46898
A51: 45751 | B51: MK68-000506 | C51: บจก.เคอรี่ฟลาวมิลล์ | D51: ถุงเงิน | E51: 19 | F51: 30 | G51: ขาว | H51: 0 | I51: 63 | J51: + | K51: 5 | L51: บิด | M51: ไม่สวมถุงใน | N51: 0 | O51: 0 | P51: 0 | Q51: 0 | R51: 0 | S51: ห่ออัดเบลแบน500 | T51: 45771 | U51: 5000 | V51: 0 | W51: 5000 | X51: 0 | Y51: 5250 | Z51: WSWT1921720 | AA51: 4400.55 | AB51: 0 | AC51: 4400.55 | AD51: 0 | AE51: 0 | AF51: PDR250115 | AG51: ยังไม่ได้พิมพ์ | AH51: P7 | AI51: 2 | AJ51: 45771 | AK51: 0 | AL51: 45762 | AM51: 45769 | AN51: 45770 | AO51: 45770 | AP51: 45766 | AQ51: 0 | AR51: 0 | AS51: 0 | AT51: 0 | AU51: 0 | AV51: 0 | AW51: งานพิมพ์ | AX51: / | AY51: 0 | AZ51: 0 | BA51: 0 | BB51: 0 | BC51: WRWT21720/WRWT25800 | BD51: 331.46898
A52: 45751 | B52: MK68-000506 | C52: บจก.เคอรี่ฟลาวมิลล์ | D52: 997 | E52: 19 | F52: 30 | G52: ขาว | H52: 0 | I52: 63 | J52: + | K52: 5 | L52: บิด | M52: ไม่สวมถุงใน | N52: 0 | O52: 0 | P52: 0 | Q52: 0 | R52: 0 | S52: ห่ออัดเบลแบน500 | T52: 45771 | U52: 5000 | V52: 0 | W52: 5000 | X52: 0 | Y52: 5250 | Z52: WSWT1921720 | AA52: 4400.55 | AB52: 0 | AC52: 4400.55 | AD52: 0 | AE52: 0 | AF52: PDR250115 | AG52: ยังไม่ได้พิมพ์ | AH52: P7 | AI52: 2 | AJ52: 45771 | AK52: 0 | AL52: 45762 | AM52: 45769 | AN52: 45770 | AO52: 45770 | AP52: 45766 | AQ52: 0 | AR52: 0 | AS52: 0 | AT52: 0 | AU52: 0 | AV52: 0 | AW52: งานพิมพ์ | AX52: / | AY52: 0 | AZ52: 0 | BA52: 0 | BB52: 0 | BC52: WRWT21720/WRWT25800 | BD52: 331.46898
A53: 45751 | B53: MK68-000510 | C53: บจก.เคอรี่ฟลาวมิลล์ | D53: ไม่พิมพ์ | E53: 19 | F53: 36 | G53: ขาว | H53: 0 | I53: 75 | J53: + | K53: 5 | L53: ไม่ | M53: ไม่สวมถุงใน | N53: 0 | O53: 0 | P53: 0 | Q53: 0 | R53: 0 | S53: ห่ออัดเบลแบน500 | T53: 45771 | U53: 5000 | V53: 0 | W53: 5000 | X53: 0 | Y53: 0 | Z53: WSWT1921720 | AA53: 5238.75 | AB53: 0 | AC53: 5238.75 | AD53: 0 | AE53: 0 | AF53: PDR250115 | AG53: ยังไม่ได้พิมพ์ | AH53: P3 | AI53: 1 | AJ53: 45771 | AK53: 0 | AL53: 0 | AM53: 0 | AN53: 0 | AO53: 45770 | AP53: 45766 | AQ53: 0 | AR53: 0 | AS53: 0 | AT53: 0 | AU53: 0 | AV53: 0 | AW53: ตัด | AX53: 0 | AY53: 0 | AZ53: 0 | BA53: 0 | BB53: 0 | BC53: WRWT21720/WRWT25800 | BD53: 394.60593
A54: 45751 | B54: MK68-000507 | C54: บจก.เคอรี่ฟลาวมิลล์ | D54: บะหมี่เตี๊ยว | E54: 19 | F54: 30 | G54: ขาว | H54: 0 | I54: 63 | J54: + | K54: 5 | L54: บิด | M54: ไม่สวมถุงใน | N54: 0 | O54: 0 | P54: 0 | Q54: 0 | R54: 0 | S54: ห่ออัดเบลแบน500 | T54: 45772 | U54: 5000 | V54: 0 | W54: 5000 | X54: 0 | Y54: 5250 | Z54: WSWT1921720 | AA54: 4400.55 | AB54: 0 | AC54: 4400.55 | AD54: 0 | AE54: 0 | AF54: PDR250116 | AG54: ยังไม่ได้พิมพ์ | AH54: P7 | AI54: 2 | AJ54: 45772 | AK54: 0 | AL54: 45763 | AM54: 45770 | AN54: 45771 | AO54: 45771 | AP54: 45767 | AQ54: 0 | AR54: 0 | AS54: 0 | AT54: 0 | AU54: 0 | AV54: 0 | AW54: งานพิมพ์ | AX54: / | AY54: 0 | AZ54: 0 | BA54: 0 | BB54: 0 | BC54: WRWT21720/WRWT25800 | BD54: 331.46898
A55: 45751 | B55: MK68-000507 | C55: บจก.เคอรี่ฟลาวมิลล์ | D55: HARD FLOUR | E55: 19 | F55: 30 | G55: ขาว | H55: 0 | I55: 63 | J55: + | K55: 5 | L55: บิด | M55: ไม่สวมถุงใน | N55: 0 | O55: 0 | P55: 0 | Q55: 0 | R55: 0 | S55: ห่ออัดเบลแบน500 | T55: 45772 | U55: 5000 | V55: 0 | W55: 5000 | X55: 0 | Y55: 5250 | Z55: WSWT1921720 | AA55: 4400.55 | AB55: 0 | AC55: 4400.55 | AD55: 0 | AE55: 0 | AF55: PDR250116 | AG55: ยังไม่ได้พิมพ์ | AH55: P7 | AI55: 2 | AJ55: 45772 | AK55: 0 | AL55: 45763 | AM55: 45770 | AN55: 45771 | AO55: 45771 | AP55: 45767 | AQ55: 0 | AR55: 0 | AS55: 0 | AT55: 0 | AU55: 0 | AV55: 0 | AW55: งานพิมพ์ | AX55: / | AY55: 0 | AZ55: 0 | BA55: 0 | BB55: 0 | BC55: WRWT21720/WRWT25800 | BD55: 331.46898
A56: 45751 | B56: MK68-000507 | C56: บจก.เคอรี่ฟลาวมิลล์ | D56: กุ้งแดง | E56: 19 | F56: 30 | G56: ขาว | H56: 0 | I56: 63 | J56: + | K56: 5 | L56: บิด | M56: ไม่สวมถุงใน | N56: 0 | O56: 0 | P56: 0 | Q56: 0 | R56: 0 | S56: ห่ออัดเบลแบน500 | T56: 45772 | U56: 5000 | V56: 0 | W56: 5000 | X56: 0 | Y56: 5250 | Z56: WSWT1921720 | AA56: 4400.55 | AB56: 0 | AC56: 4400.55 | AD56: 0 | AE56: 0 | AF56: PDR250116 | AG56: ยังไม่ได้พิมพ์ | AH56: P7 | AI56: 2 | AJ56: 45772 | AK56: 0 | AL56: 45763 | AM56: 45770 | AN56: 45771 | AO56: 45771 | AP56: 45767 | AQ56: 0 | AR56: 0 | AS56: 0 | AT56: 0 | AU56: 0 | AV56: 0 | AW56: งานพิมพ์ | AX56: / | AY56: 0 | AZ56: 0 | BA56: 0 | BB56: 0 | BC56: WRWT21720/WRWT25800 | BD56: 331.46898
A57: 45751 | B57: MK68-000507 | C57: บจก.เคอรี่ฟลาวมิลล์ | D57: ถุงเขียว | E57: 19 | F57: 30 | G57: ขาว | H57: 0 | I57: 63 | J57: + | K57: 5 | L57: บิด | M57: ไม่สวมถุงใน | N57: 0 | O57: 0 | P57: 0 | Q57: 0 | R57: 0 | S57: ห่ออัดเบลแบน500 | T57: 45772 | U57: 5000 | V57: 0 | W57: 5000 | X57: 0 | Y57: 5250 | Z57: WSWT1921720 | AA57: 4400.55 | AB57: 0 | AC57: 4400.55 | AD57: 0 | AE57: 0 | AF57: PDR250116 | AG57: รอแบบ | AH57: P7 | AI57: 2 | AJ57: 45772 | AK57: 0 | AL57: 45763 | AM57: 45770 | AN57: 45771 | AO57: 45771 | AP57: 45767 | AQ57: 0 | AR57: 0 | AS57: 0 | AT57: 0 | AU57: 0 | AV57: 0 | AW57: งานพิมพ์ | AX57: / | AY57: 0 | AZ57: 0 | BA57: 0 | BB57: 0 | BC57: WRWT21720/WRWT25800 | BD57: 331.46898
A58: 45751 | B58: MK68-000506 | C58: บจก.เคอรี่ฟลาวมิลล์ | D58: ดอกไม้เขียว | E58: 19 | F58: 30 | G58: ขาว | H58: 0 | I58: 63 | J58: + | K58: 5 | L58: บิด | M58: ไม่สวมถุงใน | N58: 0 | O58: 0 | P58: 0 | Q58: 0 | R58: 0 | S58: ห่ออัดเบลแบน500 | T58: 45773 | U58: 10000 | V58: 0 | W58: 10000 | X58: 0 | Y58: 10500 | Z58: WSWT1921720 | AA58: 8801.1 | AB58: 0 | AC58: 8801.1 | AD58: 0 | AE58: 0 | AF58: PDR250117 | AG58: พร้อมส่ง | AH58: P7 | AI58: 2 | AJ58: 45773 | AK58: 0 | AL58: 45764 | AM58: 45771 | AN58: 45772 | AO58: 45772 | AP58: 45768 | AQ58: 0 | AR58: 0 | AS58: 0 | AT58: 0 | AU58: 0 | AV58: 0 | AW58: งานพิมพ์ | AX58: / | AY58: 0 | AZ58: 0 | BA58: 0 | BB58: 0 | BC58: WRWT21720/WRWT25800 | BD58: 662.93797
A59: 45751 | B59: MK68-000506 | C59: บจก.เคอรี่ฟลาวมิลล์ | D59: โบว์น้ำเงิน | E59: 19 | F59: 30 | G59: ขาว | H59: 0 | I59: 63 | J59: + | K59: 5 | L59: บิด | M59: ไม่สวมถุงใน | N59: 0 | O59: 0 | P59: 0 | Q59: 0 | R59: 0 | S59: ห่ออัดเบลแบน500 | T59: 45773 | U59: 5000 | V59: 0 | W59: 5000 | X59: 0 | Y59: 5250 | Z59: WSWT1921720 | AA59: 4400.55 | AB59: 0 | AC59: 4400.55 | AD59: 0 | AE59: 0 | AF59: PDR250117 | AG59: ยังไม่ได้พิมพ์ | AH59: P7 | AI59: 2 | AJ59: 45773 | AK59: 0 | AL59: 45764 | AM59: 45771 | AN59: 45772 | AO59: 45772 | AP59: 45768 | AQ59: 0 | AR59: 0 | AS59: 0 | AT59: 0 | AU59: 0 | AV59: 0 | AW59: งานพิมพ์ | AX59: / | AY59: 0 | AZ59: 0 | BA59: 0 | BB59: 0 | BC59: WRWT21720/WRWT25800 | BD59: 331.46898
A60: ประมาณการ | B60: ประมาณการ | C60: บจก.เคอรี่ฟลาวมิลล์ | D60: รอแบบ | E60: 19 | F60: 30 | G60: ขาว | H60: 0 | I60: 63 | J60: + | K60: 5 | L60: บิด | M60: ไม่สวมถุงใน | N60: 0 | O60: 0 | P60: 0 | Q60: 0 | R60: 0 | S60: ห่ออัดเบลแบน500 | T60: 45777 | U60: 325000 | V60: 0 | W60: 325000 | X60: 0 | Y60: 341250 | Z60: WSWT1921720 | AA60: 286035.75 | AB60: 0 | AC60: 286035.75 | AD60: 0 | AE60: 0 | AF60: 0 | AG60: พร้อมส่ง | AH60: P7 | AI60: 2 | AJ60: 45777 | AK60: 0 | AL60: 45768 | AM60: 45775 | AN60: 45776 | AO60: 45776 | AP60: 45772 | AQ60: 0 | AR60: 0 | AS60: 0 | AT60: 0 | AU60: 0 | AV60: 0 | AW60: งานพิมพ์ | AX60: รอART | AY60: 0 | AZ60: 0 | BA60: 0 | BB60: 0 | BC60: WRWT21720/WRWT25800 | BD60: 21545.484
A61: 0 | B61: 0 | C61: 0 | D61: 0 | E61: 19 | F61: 30 | G61: 0 | H61: 0 | I61: 63 | J61: + | K61: 5 | L61: 0 | M61: 0 | N61: 0 | O61: 0 | P61: 0 | Q61: 0 | R61: 0 | S61: 0 | U61: 0 | V61: 0 | W61: 0 | X61: 0 | Y61: 0 | Z61: WSWT1921720 | AA61: 451091.3 | AB61: 7603.95 | AC61: 443487.35 | AD61: 0 | AE61: 0 | AF61: ระบุในSD | AG61: พร้อมส่ง | AH61: 0 | AI61: Lead time | AJ61: 0 | AK61: 0 | AL61: 0 | AM61: 0 | AN61: 0 | AO61: 0 | AP61: 0 | AQ61: 0 | AR61: 0 | AS61: 0 | AT61: 0 | AU61: 0 | AV61: 0 | AW61: 0 | AX61: 0 | AY61: 0 | AZ61: 0 | BA61: 0 | BB61: 0 | BC61: WRWT190720/WRWT25800 | BD61: 0
A62: 45740 | B62: MK68-000448 | C62: บจก.เอเชี่ยนเคมิคัล | D62: A.C.C.ภาษาอังกฤษ | E62: 19 | F62: 26 | G62: ขาว | H62: ด้าน | I62: 70 | J62: ± | K62: 5 | L62: ไม่ | M62: 20 | N62: 28 | O62: 50 | P62: 172.69643 | Q62: 0 | R62: 172.69643 | S62: มัด100 | T62: 45756 | U62: 10000 | V62: 0 | W62: 10000 | X62: 0 | Y62: 10500 | Z62: WSWT1925800SM | AA62: 7683.5 | AB62: 7683.5 | AC62: 0 | AD62: 0 | AE62: 7683.5 | AF62: ห้ามขาด-ห้ามเกิน | AG62: ยังไม่ได้พิมพ์ | AH62: P8 | AI62: 4 | AJ62: 45756 | AK62: 45752 | AL62: 45746 | AM62: 45753 | AN62: 45754 | AO62: 45754 | AP62: 45751 | AQ62: 45755 | AR62: 0 | AS62: 0 | AT62: 0 | AU62: 0 | AV62: 0 | AW62: งานเคลือบ+พิมพ์ | AX62: รอART | AY62: 0 | AZ62: 0 | BA62: 0 | BB62: 0 | BC62: WRWT25800/WRWT25800 | BD62: 0
A63: 0 | B63: 0 | C63: 0 | D63: 0 | E63: 19 | F63: 30 | G63: 0 | H63: 0 | I63: 56 | J63: ± | K63: 5 | L63: 0 | M63: 0 | N63: 0 | O63: 0 | P63: 0 | Q63: 0 | R63: 0 | S63: 0 | U63: 0 | W63: 0 | X63: 0 | Y63: 0 | Z63: WSWT1925800SM | AA63: 7683.5 | AB63: 7683.5 | AC63: 0 | AD63: 0 | AE63: 7683.5 | AF63: ระบุในSD | AG63: ยังไม่ได้พิมพ์ | AH63: 0 | AI63: Lead time | AJ63: 0 | AK63: 0 | AL63: 0 | AM63: 0 | AN63: 0 | AO63: 0 | AP63: 0 | AQ63: 0 | AR63: 0 | AS63: 0 | AT63: 0 | AU63: 0 | AV63: 0 | AW63: 0 | AX63: 0 | AY63: 0 | AZ63: 0 | BA63: 0 | BB63: 0 | BC63: WRWT190800/WRWT25800 | BD63: 0
A64: 45721 | B64: MK68-000337 | C64: บจก.อินเทคค์ โกลบอล | D64: เพอเฟคค์104S โกลด์ | E64: 19 | F64: 34 | G64: ขาว | H64: ด้าน | I64: 100 | J64: ± | K64: 5 | L64: จับจีบ | M64: ไม่สวมถุงใน | N64: 0 | O64: 0 | P64: 0 | Q64: 0 | R64: 0 | S64: มัด80 ใช้สายรัด | T64: รอแจ้ง | U64: 400 | V64: 0 | W64: 400 | X64: 6781 | Y64: 0 | Z64: WSWT19251000SM | AA64: 0 | AB64: 0 | AC64: 0 | AD64: 0 | AE64: 0 | AF64: 0 | AG64: พร้อมส่ง | AH64: P6 | AI64: 4 | AJ64: รอแจ้ง | AK64: #VALUE! | AL64: #VALUE! | AM64: #VALUE! | AN64: #VALUE! | AO64: #VALUE! | AP64: #VALUE! | AQ64: 0 | AR64: 0 | AS64: 0 | AT64: 0 | AU64: 0 | AV64: 0 | AW64: งานเคลือบ+พิมพ์ | AX64: / | AY64: 0 | AZ64: 0 | BA64: 0 | BB64: 0 | BC64: WRWT251000/WRWT251000 | BD64: 0
A65: 45741 | B65: MK68-000457 | C65: บจก.อินเทคค์ โกลบอล | D65: เพอเฟคค์ 103Pโกลด์ | E65: 19 | F65: 34 | G65: ขาว | H65: ด้าน | I65: 100 | J65: ± | K65: 5 | L65: จับจีบ | M65: ไม่สวมถุงใน | N65: 0 | O65: 0 | P65: 0 | Q65: 0 | R65: 0 | S65: มัด80 ใช้สายรัด | T65: 45764 | U65: 5040 | V65: 0 | W65: 5040 | X65: 0 | Y65: 5292 | Z65: WSWT19251000SM | AA65: 4999.0248 | AB65: 4999.0248 | AC65: 0 | AD65: 0 | AE65: 4999.0248 | AF65: 0 | AG65: ผ้าขาว | AH65: P6 | AI65: 4 | AJ65: 45764 | AK65: 45760 | AL65: 45753 | AM65: 45761 | AN65: 45762 | AO65: 45763 | AP65: 45759 | AQ65: 0 | AR65: 0 | AS65: 0 | AT65: 0 | AU65: 0 | AV65: 0 | AW65: งานเคลือบ+พิมพ์ | AX65: / | AY65: 0 | AZ65: 0 | BA65: 0 | BB65: 0 | BC65: WRWT251000/WRWT251000 | BD65: 0
A66: 45741 | B66: MK68-000457 | C66: บจก.อินเทคค์ โกลบอล | D66: เพอเฟคค์ 104โกลด์ | E66: 19 | F66: 34 | G66: ขาว | H66: ด้าน | I66: 100 | J66: ± | K66: 5 | L66: จับจีบ | M66: ไม่สวมถุงใน | N66: 0 | O66: 0 | P66: 0 | Q66: 0 | R66: 0 | S66: มัด80 ใช้สายรัด | T66: 45764 | U66: 5040 | V66: 0 | W66: 5040 | X66: 0 | Y66: 5292 | Z66: WSWT19251000SM | AA66: 4999.0248 | AB66: 3001 | AC66: 1998.0248 | AD66: 0 | AE66: 4999.0248 | AF66: 0 | AG66: ผ้าขาว | AH66: P6 | AI66: 4 | AJ66: 45764 | AK66: 45760 | AL66: 45753 | AM66: 45761 | AN66: 45762 | AO66: 45763 | AP66: 45759 | AQ66: 0 | AR66: 0 | AS66: 0 | AT66: 0 | AU66: 0 | AV66: 0 | AW66: งานเคลือบ+พิมพ์ | AX66: / | AY66: 0 | AZ66: 0 | BA66: 0 | BB66: 0 | BC66: WRWT251000/WRWT251000 | BD66: 168.72209
A67: 0 | B67: 0 | C67: 0 | D67: 0 | E67: 19 | F67: 34 | G67: ขาว | H67: 0 | I67: 80 | J67: ± | K67: 5 | L67: 0 | M67: 0 | N67: 0 | O67: 0 | P67: 0 | Q67: 0 | R67: 0 | S67: 0 | U67: 0 | V67: 0 | W67: 0 | X67: 0 | Y67: 0 | Z67: WSWT19251000SM | AA67: 9998.0496 | AB67: 8000.0248 | AC67: 1998.0248 | AD67: 0 | AE67: 9998.0496 | AF67: ระบุในSD | AG67: พร้อมส่ง | AH67: 0 | AI67: Lead time | AJ67: 0 | AK67: 0 | AL67: 0 | AM67: 0 | AN67: 0 | AO67: 0 | AP67: 0 | AQ67: 0 | AR67: 0 | AS67: 0 | AT67: 0 | AU67: 0 | AV67: 0 | AW67: 0 | AX67: 0 | AY67: 0 | AZ67: 0 | BA67: 0 | BB67: 0 | BC67: WRWT251000/WRYL251000 | BD67: 0
A68: ประมาณการ | B68: ประมาณการ | C68: บจก.หนองบัวฟีดมิลล์ | D68: ไม่พิมพ์ | E68: 20 | F68: 30 | G68: ขาว | H68: 0 | I68: 53 | J68: ± | K68: 5 | L68: ไม่ | M68: ไม่สวมถุงใน | N68: 0 | O68: 0 | P68: 0 | Q68: 0 | R68: 0 | S68: 500กระสอบ | T68: 45777 | U68: 5000 | V68: 0 | W68: 5000 | X68: 0 | Y68: 0 | Z68: WSWT2025650 | AA68: 4400.55 | AB68: 0 | AC68: 4400.55 | AD68: 0 | AE68: 0 | AF68: 0 | AG68: ผ้าขาว | AH68: P3 | AI68: 1 | AJ68: 45777 | AK68: 0 | AL68: 0 | AM68: 0 | AN68: 0 | AO68: 45776 | AP68: 45772 | AQ68: 0 | AR68: 0 | AS68: 0 | AT68: 0 | AU68: 0 | AV68: 0 | AW68: ตัด | AX68: 0 | AY68: 0 | AZ68: 0 | BA68: 0 | BB68: 0 | BC68: WRWT25650/WRWT25650 | BD68: 270.14488
A69: ประมาณการ | B69: ประมาณการ | C69: บจก.หนองบัวฟีดมิลล์ | D69: ไม่พิมพ์ | E69: 20 | F69: 30 | G69: ขาว | H69: 0 | I69: 53 | J69: ± | K69: 5 | L69: ไม่ | M69: ไม่สวมถุงใน | N69: 0 | O69: 0 | P69: 0 | Q69: 0 | R69: 0 | S69: 500กระสอบ | T69: 45807 | U69: 10000 | V69: 0 | W69: 10000 | X69: 0 | Y69: 0 | Z69: WSWT2025650 | AA69: 8801.1 | AB69: 0 | AC69: 8801.1 | AD69: 0 | AE69: 0 | AF69: 0 | AG69: พร้อมส่ง | AH69: P3 | AI69: 1 | AJ69: 45807 | AK69: 0 | AL69: 0 | AM69: 0 | AN69: 0 | AO69: 45806 | AP69: 45802 | AQ69: 0 | AR69: 0 | AS69: 0 | AT69: 0 | AU69: 0 | AV69: 0 | AW69: ตัด | AX69: 0 | AY69: 0 | AZ69: 0 | BA69: 0 | BB69: 0 | BC69: WRWT25650/WRWT25650 | BD69: 540.28975
A70: 0 | B70: 0 | C70: 0 | D70: 0 | E70: 20 | F70: 37 | G70: ขาว | H70: 0 | I70: 65 | J70: ± | K70: 5 | L70: 0 | M70: 0 | N70: 0 | O70: 0 | P70: 0 | Q70: 0 | R70: 0 | S70: 0 | U70: 0 | V70: 0 | W70: 0 | X70: 0 | Y70: 0 | Z70: WSWT2025650 | AA70: 13201.65 | AB70: 0 | AC70: 13201.65 | AD70: 0 | AE70: 0 | AF70: ระบุในSD | AG70: รอตัด | AH70: 0 | AI70: Lead time | AJ70: 0 | AK70: 0 | AL70: 0 | AM70: 0 | AN70: 0 | AO70: 0 | AP70: 0 | AQ70: 0 | AR70: 0 | AS70: 0 | AT70: 0 | AU70: 0 | AV70: 0 | AW70: 0 | AX70: 0 | AY70: 0 | AZ70: 0 | BA70: 0 | BB70: 0 | BC70: WRWT25650/WRWT25650 | BD70: 0
A71: ประมาณการ | B71: ประมาณการ | C71: บจก.เบทาโกร | D71: ไม่พิมพ์ | E71: 20 | F71: 38 | G71: ขาว | H71: 0 | I71: 72 | J71: ± | K71: 5 | L71: ไม่ | M71: ไม่สวมถุงใน | N71: 0 | O71: 0 | P71: 0 | Q71: 0 | R71: 0 | S71: 0 | T71: รอแจ้ง | U71: 50000 | V71: 0 | W71: 50000 | X71: 0 | Y71: 0 | Z71: WSWT2025700 | AA71: 55181.5 | AB71: 14387 | AC71: 40794.5 | AD71: 0 | AE71: 0 | AF71: 0 | AG71: พร้อมส่ง | AH71: P3 | AI71: 1 | AJ71: รอแจ้ง | AK71: 0 | AL71: 0 | AM71: 0 | AN71: 0 | AO71: #VALUE! | AP71: #VALUE! | AQ71: 0 | AR71: 0 | AS71: 0 | AT71: 0 | AU71: 0 | AV71: 0 | AW71: ตัด | AX71: 0 | AY71: 0 | AZ71: 0 | BA71: 0 | BB71: 0 | BC71: WRWT25800/WRWT25650 | BD71: 2937.204
A72: 0 | B72: 0 | C72: 0 | D72: 0 | E72: 20 | F72: 37 | G72: ขาว | H72: 0 | I72: 70 | J72: ± | K72: 5 | L72: 0 | M72: 0 | N72: 0 | O72: 0 | P72: 0 | Q72: 0 | R72: 0 | S72: 0 | U72: 0 | V72: 0 | W72: 0 | X72: 0 | Y72: 0 | Z72: WSWT2025700 | AA72: 55181.5 | AB72: 14387 | AC72: 40794.5 | AD72: 0 | AE72: 0 | AF72: ระบุในSD | AG72: รอตัด | AH72: 0 | AI72: Lead time | AJ72: 0 | AK72: 0 | AL72: 0 | AM72: 0 | AN72: 0 | AO72: 0 | AP72: 0 | AQ72: 0 | AR72: 0 | AS72: 0 | AT72: 0 | AU72: 0 | AV72: 0 | AW72: 0 | AX72: 0 | AY72: 0 | AZ72: 0 | BA72: 0 | BB72: 0 | BC72: WRWT25800/WRWT25650 | BD72: 0
A73: 45674 | B73: MK68-000088 | C73: บจก.อินเทคค์ โกลบอล | D73: เพอเฟคค์ 914 | E73: 20 | F73: 36 | G73: ขาว | H73: ด้าน | I73: 100 | J73: ± | K73: 5 | L73: จับจีบ4" | M73: ไม่สวมถุงใน | N73: 0 | O73: 0 | P73: 0 | Q73: 0 | R73: 0 | S73: มัด80 ใช้สายรัด | T73: รอแจ้ง | U73: 811 | V73: 0 | W73: 811 | X73: 935 | Y73: 0 | Z73: WSWT2025800SM | AA73: 0 | AB73: 0 | AC73: 0 | AD73: 0 | AE73: 0 | AF73: ห้ามขาด-ห้ามเกิน | AG73: รอตัด | AH73: P6 | AI73: 4 | AJ73: รอแจ้ง | AK73: #VALUE! | AL73: #VALUE! | AM73: #VALUE! | AN73: #VALUE! | AO73: #VALUE! | AP73: #VALUE! | AQ73: 0 | AR73: 0 | AS73: 0 | AT73: 0 | AU73: 0 | AV73: 0 | AW73: งานเคลือบ+พิมพ์ | AX73: / | AY73: 0 | AZ73: 0 | BA73: 0 | BB73: 0 | BC73: WRWT25850/WRWT25850 | BD73: 0
A74: 45721 | B74: MK68-000336 | C74: บจก.อินเทคค์ โกลบอล | D74: เพอเฟคค์ 914 | E74: 20 | F74: 36 | G74: ขาว | H74: ด้าน | I74: 100 | J74: ± | K74: 5 | L74: จับจีบ4" | M74: ไม่สวมถุงใน | N74: 0 | O74: 0 | P74: 0 | Q74: 0 | R74: 0 | S74: มัด80 ใช้สายรัด | T74: รอแจ้ง | U74: 175 | V74: 0 | W74: 175 | X74: 11000 | Y74: 0 | Z74: WSWT2025800SM | AA74: 0 | AB74: 0 | AC74: 0 | AD74: 0 | AE74: 0 | AF74: 0 | AG74: รอตัด | AH74: P6 | AI74: 4 | AJ74: รอแจ้ง | AK74: #VALUE! | AL74: #VALUE! | AM74: #VALUE! | AN74: #VALUE! | AO74: #VALUE! | AP74: #VALUE! | AQ74: 0 | AR74: 0 | AS74: 0 | AT74: 0 | AU74: 0 | AV74: 0 | AW74: งานเคลือบ+พิมพ์ | AX74: / | AY74: 0 | AZ74: 0 | BA74: 0 | BB74: 0 | BC74: WRWT25850/WRWT25850 | BD74: 0
A75: 45721 | B75: MK68-000335 | C75: บจก.อินเทคค์ โกลบอล | D75: เพอเฟคค์ 913 | E75: 20 | F75: 36 | G75: ขาว | H75: ด้าน | I75: 100 | J75: ± | K75: 5 | L75: จับจีบ4" | M75: ไม่สวมถุงใน | N75: 0 | O75: 0 | P75: 0 | Q75: 0 | R75: 0 | S75: มัด80 ใช้สายรัด | T75: รอแจ้ง | U75: 2087 | V75: 0 | W75: 2087 | X75: 23120 | Y75: 0 | Z75: WSWT2025800SM | AA75: 0 | AB75: 0 | AC75: 0 | AD75: 0 | AE75: 0 | AF75: 0 | AG75: ยังไม่ได้พิมพ์ | AH75: P6 | AI75: 4 | AJ75: รอแจ้ง | AK75: #VALUE! | AL75: #VALUE! | AM75: #VALUE! | AN75: #VALUE! | AO75: #VALUE! | AP75: #VALUE! | AQ75: 0 | AR75: 0 | AS75: 0 | AT75: 0 | AU75: 0 | AV75: 0 | AW75: งานเคลือบ+พิมพ์ | AX75: / | AY75: 0 | AZ75: 0 | BA75: 0 | BB75: 0 | BC75: WRWT25850/WRWT25850 | BD75: 0
A76: 45706 | B76: MK68-000254 | C76: บจก.เอพีเอ็ม อะโกร | D76: ยูฟีด ดี3 | E76: 20 | F76: 38 | G76: ขาว | H76: ใส | I76: 100 | J76: ± | K76: 5 | L76: บิด | M76: ไม่สวมถุงใน | N76: 0 | O76: 0 | P76: 0 | Q76: 0 | R76: 0 | S76: 500กระสอบแบน | T76: 45754 | U76: 3000 | V76: 0 | W76: 3000 | X76: 3300 | Y76: 0 | Z76: WSWT2025800SM | AA76: 0 | AB76: 0 | AC76: 0 | AD76: 0 | AE76: 0 | AF76: 0 | AG76: ยังไม่ได้พิมพ์ | AH76: P6 | AI76: 4 | AJ76: 45754 | AK76: 45750 | AL76: 45743 | AM76: 45751 | AN76: 45752 | AO76: 45753 | AP76: 45749 | AQ76: 0 | AR76: 0 | AS76: 0 | AT76: 0 | AU76: 0 | AV76: 0 | AW76: งานเคลือบ+พิมพ์ | AX76: / | AY76: 0 | AZ76: 0 | BA76: 0 | BB76: 0 | BC76: WRWT25850/WRWT25850 | BD76: 0
A77: 45741 | B77: MK68-000451 | C77: บจก.เอพีเอ็ม อะโกร | D77: วี-ฟีด วี 06 | E77: 20 | F77: 38 | G77: ขาว | H77: ใส | I77: 100 | J77: ± | K77: 5 | L77: บิด | M77: ไม่สวมถุงใน | N77: 0 | O77: 0 | P77: 0 | Q77: 0 | R77: 0 | S77: 500กระสอบแบน | T77: 45754 | U77: 4000 | V77: 0 | W77: 4000 | X77: 4390 | Y77: 0 | Z77: WSWT2025800SM | AA77: 0 | AB77: 0 | AC77: 0 | AD77: 0 | AE77: 0 | AF77: 0 | AG77: ยังไม่ได้พิมพ์ | AH77: P6 | AI77: 4 | AJ77: 45754 | AK77: 45750 | AL77: 45743 | AM77: 45751 | AN77: 45752 | AO77: 45753 | AP77: 45749 | AQ77: 0 | AR77: 0 | AS77: 0 | AT77: 0 | AU77: 0 | AV77: 0 | AW77: งานเคลือบ+พิมพ์ | AX77: / | AY77: 0 | AZ77: 0 | BA77: 0 | BB77: 0 | BC77: WRWT25850/WRWT25850 | BD77: 0
A78: 45734 | B78: MK68-000424 | C78: บจก.วีซีเอฟ | D78: SPEED PLUS 111 เขมร | E78: 20 | F78: 37 | G78: ขาว | H78: ใส | I78: 100 | J78: ± | K78: 5 | L78: ไม่ | M78: ไม่สวมถุงใน | N78: 0 | O78: 0 | P78: 0 | Q78: 0 | R78: 0 | S78: 500กระสอบแบน | T78: 45757 | U78: 5000 | V78: 0 | W78: 5000 | X78: 0 | Y78: 5250 | Z78: WSWT2025800SM | AA78: 5378.45 | AB78: 5378.45 | AC78: 0 | AD78: 5378.45 | AE78: 0 | AF78: ห้ามเกิน | AG78: รอตัด | AH78: P6 | AI78: 4 | AJ78: 45757 | AK78: 45753 | AL78: 45746 | AM78: 45754 | AN78: 45755 | AO78: 45756 | AP78: 45752 | AQ78: 0 | AR78: 0 | AS78: 0 | AT78: 0 | AU78: 0 | AV78: 0 | AW78: งานเคลือบ+พิมพ์ | AX78: / | AY78: 0 | AZ78: 0 | BA78: 0 | BB78: 0 | BC78: WRWT25850/WRWT25850 | BD78: 0
A79: 45734 | B79: MK68-000424 | C79: บจก.วีซีเอฟ | D79: SPEED PLUS 444 ลาว | E79: 20 | F79: 37 | G79: ขาว | H79: ใส | I79: 100 | J79: ± | K79: 5 | L79: ไม่ | M79: ไม่สวมถุงใน | N79: 0 | O79: 0 | P79: 0 | Q79: 0 | R79: 0 | S79: 500กระสอบแบน | T79: 45757 | U79: 5000 | V79: 0 | W79: 5000 | X79: 0 | Y79: 5250 | Z79: WSWT2025800SM | AA79: 5378.45 | AB79: 0 | AC79: 5378.45 | AD79: 0 | AE79: 5378.45 | AF79: ห้ามเกิน | AG79: ยังไม่ได้พิมพ์ | AH79: P6 | AI79: 4 | AJ79: 45757 | AK79: 45753 | AL79: 45746 | AM79: 45754 | AN79: 45755 | AO79: 45756 | AP79: 45752 | AQ79: 0 | AR79: 0 | AS79: 0 | AT79: 0 | AU79: 0 | AV79: 0 | AW79: งานเคลือบ+พิมพ์ | AX79: / | AY79: 0 | AZ79: 0 | BA79: 0 | BB79: 0 | BC79: WRWT25850/WRWT25850 | BD79: 406.37178
A80: 45750 | B80: MK68-000495 | C80: บจก.วีซีเอฟ | D80: VC 100 | E80: 20 | F80: 37 | G80: ขาว | H80: ใส | I80: 100 | J80: ± | K80: 5 | L80: บิด | M80: ไม่สวมถุงใน | N80: 0 | O80: 0 | P80: 0 | Q80: 0 | R80: 0 | S80: 500กระสอบแบน | T80: 45758 | U80: 20000 | V80: 0 | W80: 20000 | X80: 0 | Y80: 21000 | Z80: WSWT2025800SM | AA80: 21513.8 | AB80: 0 | AC80: 21513.8 | AD80: 0 | AE80: 21513.8 | AF80: ห้ามเกิน | AG80: ยังไม่ได้พิมพ์ | AH80: P6 | AI80: 4 | AJ80: 45758 | AK80: 45754 | AL80: 45747 | AM80: 45755 | AN80: 45756 | AO80: 45757 | AP80: 45753 | AQ80: 0 | AR80: 0 | AS80: 0 | AT80: 0 | AU80: 0 | AV80: 0 | AW80: งานเคลือบ+พิมพ์ | AX80: / | AY80: 0 | AZ80: 0 | BA80: 0 | BB80: 0 | BC80: WRWT25850/WRWT25850 | BD80: 1625.4871
A81: 45740 | B81: MK68-000439 | C81: บจก.เอพีเอ็ม อะโกร | D81: ฟิล กู๊ด พี4 | E81: 20 | F81: 38 | G81: ขาว | H81: ใส | I81: 100 | J81: ± | K81: 5 | L81: บิด | M81: ไม่สวมถุงใน | N81: 0 | O81: 0 | P81: 0 | Q81: 0 | R81: 0 | S81: 500กระสอบแบน | T81: 45758 | U81: 3000 | V81: 0 | W81: 3000 | X81: 3400 | Y81: 0 | Z81: WSWT2025800SM | AA81: 0 | AB81: 0 | AC81: 0 | AD81: 0 | AE81: 0 | AF81: 0 | AG81: ยังไม่ได้พิมพ์ | AH81: P6 | AI81: 4 | AJ81: 45758 | AK81: 45754 | AL81: 45747 | AM81: 45755 | AN81: 45756 | AO81: 45757 | AP81: 45753 | AQ81: 0 | AR81: 0 | AS81: 0 | AT81: 0 | AU81: 0 | AV81: 0 | AW81: งานเคลือบ+พิมพ์ | AX81: / | AY81: 0 | AZ81: 0 | BA81: 0 | BB81: 0 | BC81: WRWT25850/WRWT25850 | BD81: 0
A82: 45740 | B82: MK68-000441 | C82: บจก.เอสพีเอ็ม อาหารสัตว์ | D82: SPM 312 | E82: 20 | F82: 37 | G82: ขาว | H82: ด้าน | I82: 97 | J82: ± | K82: 5 | L82: บิด | M82: ไม่สวมถุงใน | N82: 0 | O82: 0 | P82: 0 | Q82: 0 | R82: 0 | S82: 500กระสอบแบน | T82: 45758 | U82: 3000 | V82: 0 | W82: 3000 | X82: 0 | Y82: 3150 | Z82: WSWT2025800SM | AA82: 3227.07 | AB82: 3227.07 | AC82: 0 | AD82: 3227.07 | AE82: 0 | AF82: 0 | AG82: ยังไม่ได้พิมพ์ | AH82: P6 | AI82: 4 | AJ82: 45758 | AK82: 45754 | AL82: 45747 | AM82: 45755 | AN82: 45756 | AO82: 45757 | AP82: 45753 | AQ82: 0 | AR82: 0 | AS82: 0 | AT82: 0 | AU82: 0 | AV82: 0 | AW82: งานเคลือบ+พิมพ์ | AX82: / | AY82: 0 | AZ82: 0 | BA82: 0 | BB82: 0 | BC82: WRWT25850/WRWT25850 | BD82: 0
A83: 45741 | B83: MK68-000456 | C83: บจก.อินเทคค์ โกลบอล | D83: เพอเฟคค์ 913 | E83: 20 | F83: 36 | G83: ขาว | H83: ด้าน | I83: 100 | J83: ± | K83: 5 | L83: จับจีบ4" | M83: ไม่สวมถุงใน | N83: 0 | O83: 0 | P83: 0 | Q83: 0 | R83: 0 | S83: มัด80 ใช้สายรัด | T83: 45764 | U83: 10000 | V83: 0 | W83: 10000 | X83: 0 | Y83: 10500 | Z83: WSWT2025800SM | AA83: 10477.5 | AB83: 0 | AC83: 10477.5 | AD83: 0 | AE83: 10477.5 | AF83: 0 | AG83: ยังไม่ได้พิมพ์ | AH83: P6 | AI83: 4 | AJ83: 45764 | AK83: 45760 | AL83: 45753 | AM83: 45761 | AN83: 45762 | AO83: 45763 | AP83: 45759 | AQ83: 0 | AR83: 0 | AS83: 0 | AT83: 0 | AU83: 0 | AV83: 0 | AW83: งานเคลือบ+พิมพ์ | AX83: / | AY83: 0 | AZ83: 0 | BA83: 0 | BB83: 0 | BC83: WRWT25850/WRWT25850 | BD83: 791.63333
A84: 45741 | B84: MK68-000450 | C84: บจก.เอพีเอ็ม อะโกร | D84: วี-ฟีด วี 05 | E84: 20 | F84: 38 | G84: ขาว | H84: ใส | I84: 100 | J84: ± | K84: 5 | L84: บิด | M84: ไม่สวมถุงใน | N84: 0 | O84: 0 | P84: 0 | Q84: 0 | R84: 0 | S84: 500กระสอบแบน | T84: 45765 | U84: 4000 | V84: 0 | W84: 4000 | X84: 0 | Y84: 4200 | Z84: WSWT2025800SM | AA84: 4414.52 | AB84: 4414.52 | AC84: 0 | AD84: 0 | AE84: 4414.52 | AF84: 0 | AG84: ยังไม่ได้พิมพ์ | AH84: P6 | AI84: 4 | AJ84: 45765 | AK84: 45761 | AL84: 45754 | AM84: 45762 | AN84: 45763 | AO84: 45764 | AP84: 45760 | AQ84: 0 | AR84: 0 | AS84: 0 | AT84: 0 | AU84: 0 | AV84: 0 | AW84: งานเคลือบ+พิมพ์ | AX84: / | AY84: 0 | AZ84: 0 | BA84: 0 | BB84: 0 | BC84: WRWT25850/WRWT25850 | BD84: 0
A85: 45741 | B85: MK68-000452 | C85: บจก.เอพีเอ็ม อะโกร | D85: วี-ฟีด วี 07 | E85: 20 | F85: 38 | G85: ขาว | H85: ใส | I85: 100 | J85: ± | K85: 5 | L85: บิด | M85: ไม่สวมถุงใน | N85: 0 | O85: 0 | P85: 0 | Q85: 0 | R85: 0 | S85: 500กระสอบแบน | T85: 45765 | U85: 4000 | V85: 0 | W85: 4000 | X85: 0 | Y85: 4200 | Z85: WSWT2025800SM | AA85: 4414.52 | AB85: 0 | AC85: 4414.52 | AD85: 0 | AE85: 4414.52 | AF85: 0 | AG85: ยังไม่ได้พิมพ์ | AH85: P6 | AI85: 4 | AJ85: 45765 | AK85: 45761 | AL85: 45754 | AM85: 45762 | AN85: 45763 | AO85: 45764 | AP85: 45760 | AQ85: 0 | AR85: 0 | AS85: 0 | AT85: 0 | AU85: 0 | AV85: 0 | AW85: งานเคลือบ+พิมพ์ | AX85: / | AY85: 0 | AZ85: 0 | BA85: 0 | BB85: 0 | BC85: WRWT25850/WRWT25850 | BD85: 333.54151
A86: 45750 | B86: MK68-000498 | C86: บจก.วีซีเอฟ | D86: SPEED PLUS 222 เขมร | E86: 20 | F86: 37 | G86: ขาว | H86: ใส | I86: 100 | J86: ± | K86: 5 | L86: ไม่ | M86: ไม่สวมถุงใน | N86: 0 | O86: 0 | P86: 0 | Q86: 0 | R86: 0 | S86: 500กระสอบแบน | T86: 45768 | U86: 5000 | V86: 0 | W86: 5000 | X86: 0 | Y86: 5250 | Z86: WSWT2025800SM | AA86: 5378.45 | AB86: 0 | AC86: 5378.45 | AD86: 0 | AE86: 5378.45 | AF86: ห้ามเกิน | AG86: ยังไม่ได้พิมพ์ | AH86: P6 | AI86: 4 | AJ86: 45768 | AK86: 45764 | AL86: 45757 | AM86: 45765 | AN86: 45766 | AO86: 45767 | AP86: 45763 | AQ86: 0 | AR86: 0 | AS86: 0 | AT86: 0 | AU86: 0 | AV86: 0 | AW86: งานเคลือบ+พิมพ์ | AX86: / | AY86: 0 | AZ86: 0 | BA86: 0 | BB86: 0 | BC86: WRWT25850/WRWT25850 | BD86: 406.37178
A87: 45750 | B87: MK68-000494 | C87: บจก.วีซีเอฟ | D87: JET153 | E87: 20 | F87: 37 | G87: ขาว | H87: ใส | I87: 100 | J87: ± | K87: 5 | L87: ไม่ | M87: ไม่สวมถุงใน | N87: 0 | O87: 0 | P87: 0 | Q87: 0 | R87: 0 | S87: 500กระสอบแบน | T87: 45770 | U87: 5000 | V87: 0 | W87: 5000 | X87: 0 | Y87: 5250 | Z87: WSWT2025800SM | AA87: 5378.45 | AB87: 0 | AC87: 5378.45 | AD87: 0 | AE87: 5378.45 | AF87: ห้ามเกิน | AG87: ยังไม่ได้พิมพ์ | AH87: P6 | AI87: 4 | AJ87: 45770 | AK87: 45766 | AL87: 45759 | AM87: 45767 | AN87: 45768 | AO87: 45769 | AP87: 45765 | AQ87: 0 | AR87: 0 | AS87: 0 | AT87: 0 | AU87: 0 | AV87: 0 | AW87: งานเคลือบ+พิมพ์ | AX87: / | AY87: 0 | AZ87: 0 | BA87: 0 | BB87: 0 | BC87: WRWT25850/WRWT25850 | BD87: 406.37178
A88: 45750 | B88: MK68-000494 | C88: บจก.วีซีเอฟ | D88: R FEED 405A | E88: 20 | F88: 37 | G88: ขาว | H88: ใส | I88: 100 | J88: ± | K88: 5 | L88: ไม่ | M88: ไม่สวมถุงใน | N88: 0 | O88: 0 | P88: 0 | Q88: 0 | R88: 0 | S88: 500กระสอบแบน | T88: 45770 | U88: 10000 | V88: 0 | W88: 10000 | X88: 0 | Y88: 10500 | Z88: WSWT2025800SM | AA88: 10756.9 | AB88: 0 | AC88: 10756.9 | AD88: 0 | AE88: 10756.9 | AF88: ห้ามเกิน | AG88: ยังไม่ได้พิมพ์ | AH88: P6 | AI88: 4 | AJ88: 45770 | AK88: 45766 | AL88: 45759 | AM88: 45767 | AN88: 45768 | AO88: 45769 | AP88: 45765 | AQ88: 0 | AR88: 0 | AS88: 0 | AT88: 0 | AU88: 0 | AV88: 0 | AW88: งานเคลือบ+พิมพ์ | AX88: / | AY88: 0 | AZ88: 0 | BA88: 0 | BB88: 0 | BC88: WRWT25850/WRWT25850 | BD88: 812.74356
A89: 45750 | B89: MK68-000496 | C89: บจก.วีซีเอฟ | D89: JET405โปรตีน18% | E89: 20 | F89: 37 | G89: ขาว | H89: ใส | I89: 100 | J89: ± | K89: 5 | L89: ไม่ | M89: ไม่สวมถุงใน | N89: 0 | O89: 0 | P89: 0 | Q89: 0 | R89: 0 | S89: 500กระสอบแบน | T89: 45772 | U89: 10000 | V89: 0 | W89: 10000 | X89: 0 | Y89: 10500 | Z89: WSWT2025800SM | AA89: 10756.9 | AB89: 0 | AC89: 10756.9 | AD89: 0 | AE89: 10756.9 | AF89: ห้ามเกิน | AG89: รอแบบ | AH89: P6 | AI89: 4 | AJ89: 45772 | AK89: 45768 | AL89: 45761 | AM89: 45769 | AN89: 45770 | AO89: 45771 | AP89: 45767 | AQ89: 0 | AR89: 0 | AS89: 0 | AT89: 0 | AU89: 0 | AV89: 0 | AW89: งานเคลือบ+พิมพ์ | AX89: / | AY89: 0 | AZ89: 0 | BA89: 0 | BB89: 0 | BC89: WRWT25850/WRWT25850 | BD89: 812.74356
A90: 45750 | B90: MK68-000496 | C90: บจก.วีซีเอฟ | D90: JET405โปรตีน16% | E90: 20 | F90: 37 | G90: ขาว | H90: ใส | I90: 100 | J90: ± | K90: 5 | L90: ไม่ | M90: ไม่สวมถุงใน | N90: 0 | O90: 0 | P90: 0 | Q90: 0 | R90: 0 | S90: 500กระสอบแบน | T90: 45772 | U90: 10000 | V90: 0 | W90: 10000 | X90: 0 | Y90: 10500 | Z90: WSWT2025800SM | AA90: 10756.9 | AB90: 0 | AC90: 10756.9 | AD90: 0 | AE90: 10756.9 | AF90: ห้ามเกิน | AG90: รอตัด | AH90: P6 | AI90: 4 | AJ90: 45772 | AK90: 45768 | AL90: 45761 | AM90: 45769 | AN90: 45770 | AO90: 45771 | AP90: 45767 | AQ90: 0 | AR90: 0 | AS90: 0 | AT90: 0 | AU90: 0 | AV90: 0 | AW90: งานเคลือบ+พิมพ์ | AX90: / | AY90: 0 | AZ90: 0 | BA90: 0 | BB90: 0 | BC90: WRWT25850/WRWT25850 | BD90: 812.74356
A91: 45740 | B91: MK68-000440 | C91: บจก.เอสพีเอ็ม อาหารสัตว์ | D91: นีโอ 05 | E91: 20 | F91: 38 | G91: ขาว | H91: ด้าน | I91: 100 | J91: ± | K91: 5 | L91: บิด | M91: ไม่สวมถุงใน | N91: 0 | O91: 0 | P91: 0 | Q91: 0 | R91: 0 | S91: 500กระสอบแบน | T91: 45776 | U91: 5000 | V91: 0 | W91: 5000 | X91: 0 | Y91: 5250 | Z91: WSWT2025800SM | AA91: 5518.15 | AB91: 5518.15 | AC91: 0 | AD91: 5518.15 | AE91: 0 | AF91: 0 | AG91: พร้อมส่ง | AH91: P6 | AI91: 4 | AJ91: 45776 | AK91: 45772 | AL91: 45765 | AM91: 45773 | AN91: 45774 | AO91: 45775 | AP91: 45771 | AQ91: 0 | AR91: 0 | AS91: 0 | AT91: 0 | AU91: 0 | AV91: 0 | AW91: งานเคลือบ+พิมพ์ | AX91: / | AY91: 0 | AZ91: 0 | BA91: 0 | BB91: 0 | BC91: WRWT25850/WRWT25850 | BD91: 0
A92: ประมาณการ | B92: ประมาณการ | C92: บจก.อินเทคค์ โกลบอล | D92: รอแบบ | E92: 20 | F92: 36 | G92: ขาว | H92: ด้าน | I92: 100 | J92: ± | K92: 5 | L92: จับจีบ | M92: ไม่สวมถุงใน | N92: 0 | O92: 0 | P92: 0 | Q92: 0 | R92: 0 | S92: มัด80 ใช้สายรัด | T92: 45777 | U92: 120000 | V92: 0 | W92: 120000 | X92: 0 | Y92: 126000 | Z92: WSWT2025800SM | AA92: 125730 | AB92: 0 | AC92: 125730 | AD92: 0 | AE92: 125730 | AF92: 0 | AG92: พร้อมส่ง | AH92: P6 | AI92: 4 | AJ92: 45777 | AK92: 45773 | AL92: 45766 | AM92: 45774 | AN92: 45775 | AO92: 45776 | AP92: 45772 | AQ92: 0 | AR92: 0 | AS92: 0 | AT92: 0 | AU92: 0 | AV92: 0 | AW92: งานเคลือบ+พิมพ์ | AX92: / | AY92: 0 | AZ92: 0 | BA92: 0 | BB92: 0 | BC92: WRWT25850/WRWT25850 | BD92: 9499.6
A93: 45721 | B93: MK68-000334 | C93: บจก.อินเทคค์ โกลบอล | D93: เพอเฟคค์ 000 | E93: 20 | F93: 36 | G93: ขาว | H93: ด้าน | I93: 100 | J93: ± | K93: 5 | L93: จับจีบ | M93: ไม่สวมถุงใน | N93: 0 | O93: 0 | P93: 0 | Q93: 0 | R93: 0 | S93: มัด80 ใช้สายรัด | T93: รอแจ้ง | U93: 971 | V93: 0 | W93: 971 | X93: 10610 | Y93: 0 | Z93: WSWT2025800SM | AA93: 0 | AB93: 0 | AC93: 0 | AD93: 0 | AE93: 0 | AF93: 0 | AG93: พร้อมส่ง | AH93: P6 | AI93: 4 | AJ93: รอแจ้ง | AK93: #VALUE! | AL93: #VALUE! | AM93: #VALUE! | AN93: #VALUE! | AO93: #VALUE! | AP93: #VALUE! | AQ93: 0 | AR93: 0 | AS93: 0 | AT93: 0 | AU93: 0 | AV93: 0 | AW93: งานเคลือบ+พิมพ์ | AX93: / | AY93: 0 | AZ93: 0 | BA93: 0 | BB93: 0 | BC93: WRWT25850/WRWT25850 | BD93: 0
A94: 45721 | B94: MK68-000334 | C94: บจก.อินเทคค์ โกลบอล | D94: เพอเฟคค์ 911 | E94: 20 | F94: 36 | G94: ขาว | H94: ด้าน | I94: 100 | J94: ± | K94: 5 | L94: จับจีบ | M94: ไม่สวมถุงใน | N94: 0 | O94: 0 | P94: 0 | Q94: 0 | R94: 0 | S94: มัด80 ใช้สายรัด | T94: รอแจ้ง | U94: 111 | V94: 0 | W94: 111 | X94: 5600 | Y94: 0 | Z94: WSWT2025800SM | AA94: 0 | AB94: 0 | AC94: 0 | AD94: 0 | AE94: 0 | AF94: 0 | AG94: พร้อมส่ง | AH94: P6 | AI94: 4 | AJ94: รอแจ้ง | AK94: #VALUE! | AL94: #VALUE! | AM94: #VALUE! | AN94: #VALUE! | AO94: #VALUE! | AP94: #VALUE! | AQ94: 0 | AR94: 0 | AS94: 0 | AT94: 0 | AU94: 0 | AV94: 0 | AW94: งานเคลือบ+พิมพ์ | AX94: / | AY94: 0 | AZ94: 0 | BA94: 0 | BB94: 0 | BC94: WRWT25850/WRWT25850 | BD94: 0
A95: 45611 | B95: MK67-001533 | C95: บจก.อินเทคค์ โกลบอล | D95: เฟิร์สช้อย 914 | E95: 20 | F95: 36 | G95: ขาว | H95: ด้าน | I95: 100 | J95: ± | K95: 5 | L95: จับจีบ | M95: ไม่สวมถุงใน | N95: 0 | O95: 0 | P95: 0 | Q95: 0 | R95: 0 | S95: มัด80 ใช้สายรัด | T95: รอแจ้ง | U95: 67 | V95: 67 | W95: 0 | X95: 80 | Y95: 0 | Z95: WSWT2025800SM | AA95: 0 | AB95: 0 | AC95: 0 | AD95: 0 | AE95: 0 | AF95: 0 | AG95: พร้อมส่ง | AH95: P6 | AI95: 4 | AJ95: รอแจ้ง | AK95: #VALUE! | AL95: #VALUE! | AM95: #VALUE! | AN95: #VALUE! | AO95: #VALUE! | AP95: #VALUE! | AQ95: 0 | AR95: 0 | AS95: 0 | AT95: 0 | AU95: 0 | AV95: 0 | AW95: งานเคลือบ+พิมพ์ | AX95: / | AY95: 0 | AZ95: 0 | BA95: 0 | BB95: 0 | BC95: WRWT25850/WRWT25850 | BD95: 0
A96: 45721 | B96: MK68-000337 | C96: บจก.อินเทคค์ โกลบอล | D96: เพอเฟคค์ 916 | E96: 20 | F96: 36 | G96: ขาว | H96: ด้าน | I96: 100 | J96: ± | K96: 5 | L96: จับจีบ | M96: ไม่สวมถุงใน | N96: 0 | O96: 0 | P96: 0 | Q96: 0 | R96: 0 | S96: มัด80 ใช้สายรัด | T96: รอแจ้ง | U96: 395 | V96: 0 | W96: 395 | X96: 11050 | Y96: 0 | Z96: WSWT2025800SM | AA96: 0 | AB96: 0 | AC96: 0 | AD96: 0 | AE96: 0 | AF96: 0 | AG96: รอแบบ | AH96: P6 | AI96: 4 | AJ96: รอแจ้ง | AK96: #VALUE! | AL96: #VALUE! | AM96: #VALUE! | AN96: #VALUE! | AO96: #VALUE! | AP96: #VALUE! | AQ96: 0 | AR96: 0 | AS96: 0 | AT96: 0 | AU96: 0 | AV96: 0 | AW96: งานเคลือบ+พิมพ์ | AX96: / | AY96: 0 | AZ96: 0 | BA96: 0 | BB96: 0 | BC96: WRWT25850/WRWT25850 | BD96: 0
A97: 45721 | B97: MK68-000341 | C97: บจก.อินเทคค์ โกลบอล | D97: สุบรรณ 222 | E97: 20 | F97: 36 | G97: ขาว | H97: ด้าน | I97: 100 | J97: ± | K97: 5 | L97: จับจีบ | M97: ไม่สวมถุงใน | N97: 0 | O97: 0 | P97: 0 | Q97: 0 | R97: 0 | S97: มัด80 ใช้สายรัด | T97: รอแจ้ง | U97: 235 | V97: 0 | W97: 235 | X97: 6066 | Y97: 0 | Z97: WSWT2025800SM | AA97: 0 | AB97: 0 | AC97: 0 | AD97: 0 | AE97: 0 | AF97: 0 | AG97: พร้อมส่ง | AH97: P6 | AI97: 4 | AJ97: รอแจ้ง | AK97: #VALUE! | AL97: #VALUE! | AM97: #VALUE! | AN97: #VALUE! | AO97: #VALUE! | AP97: #VALUE! | AQ97: 0 | AR97: 0 | AS97: 0 | AT97: 0 | AU97: 0 | AV97: 0 | AW97: งานเคลือบ+พิมพ์ | AX97: / | AY97: 0 | AZ97: 0 | BA97: 0 | BB97: 0 | BC97: WRWT25850/WRWT25850 | BD97: 0
A98: 45721 | B98: MK68-000341 | C98: บจก.อินเทคค์ โกลบอล | D98: สุบรรณ 111 | E98: 20 | F98: 36 | G98: ขาว | H98: ด้าน | I98: 100 | J98: ± | K98: 5 | L98: จับจีบ | M98: ไม่สวมถุงใน | N98: 0 | O98: 0 | P98: 0 | Q98: 0 | R98: 0 | S98: มัด80 ใช้สายรัด | T98: รอแจ้ง | U98: 734 | V98: 0 | W98: 734 | X98: 5520 | Y98: 0 | Z98: WSWT2025800SM | AA98: 0 | AB98: 0 | AC98: 0 | AD98: 0 | AE98: 0 | AF98: 0 | AG98: รอแบบ | AH98: P6 | AI98: 4 | AJ98: รอแจ้ง | AK98: #VALUE! | AL98: #VALUE! | AM98: #VALUE! | AN98: #VALUE! | AO98: #VALUE! | AP98: #VALUE! | AQ98: 0 | AR98: 0 | AS98: 0 | AT98: 0 | AU98: 0 | AV98: 0 | AW98: งานเคลือบ+พิมพ์ | AX98: / | AY98: 0 | AZ98: 0 | BA98: 0 | BB98: 0 | BC98: WRWT25850/WRWT25850 | BD98: 0
A99: ประมาณการ | B99: ประมาณการ | C99: บจก.เอสพีเอ็ม อาหารสัตว์ | D99: รอแบบ | E99: 20 | F99: 38 | G99: ขาว | H99: ใส | I99: 100 | J99: ± | K99: 5 | L99: บิด | M99: ไม่สวมถุงใน | N99: 0 | O99: 0 | P99: 0 | Q99: 0 | R99: 0 | S99: 500กระสอบแบน | T99: รอแจ้ง | U99: 20000 | V99: 0 | W99: 20000 | X99: 0 | Y99: 21000 | Z99: WSWT2025800SM | AA99: 22072.6 | AB99: 0 | AC99: 22072.6 | AD99: 0 | AE99: 22072.6 | AF99: 0 | AG99: ยังไม่ได้พิมพ์ | AH99: P6 | AI99: 4 | AJ99: รอแจ้ง | AK99: #VALUE! | AL99: #VALUE! | AM99: #VALUE! | AN99: #VALUE! | AO99: #VALUE! | AP99: #VALUE! | AQ99: 0 | AR99: 0 | AS99: 0 | AT99: 0 | AU99: 0 | AV99: 0 | AW99: งานเคลือบ+พิมพ์ | AX99: รอART | AY99: 0 | AZ99: 0 | BA99: 0 | BB99: 0 | BC99: WRWT25850/WRWT25850 | BD99: 1667.7076
