Workbook

Sheet Linkสูตรออร์เดอร์  (2)
B2: เรียงกำหนดส่ง | D2: ลบ 0 | T2: เรียง 1
B3: ข้อมูลUpdate ณ. วันที่ | D3: 45751 | E3: เวลา | G3: 10.53
A4: วันรับออร์เดอร์/แบบ | B4: เลขที่ SO | C4: ชื่อลูกค้า | E4: 10.3 | I4: น้ำหนัก | L4: บิด/จับจีบ | M4: ถุงใน | Q4: =[1]หน้าผ้า!$AC$13 -> 44873 | S4: วิธีบรรจุ | T4: วันส่ง | U4: จำนวนส่ง | V4: ตัดเย็บ (ใบ) | W4: =[1]หน้าผ้า!$AJ$13 -> 44873 | X4: พิมพ์ (ใบ) | Y4: =[1]หน้าผ้า!$AM$13 -> 44876 | Z4: ผ้าทอ (เมตร) Updateณ | AB4: =[1]หน้าผ้า!$AR$12 -> 44876 | AD4: ผ้าเคลือบ(เมตร) | AF4: หมายเหตุ | AG4: เครื่อง
B5: เลขที่ SO | C5: ชื่อลูกค้า | D5: ตรา | E5: กว้าง | F5: ยาว | G5: สี | H5: เคลือบ | I5: กรัม/ใบ | J5: * | K5: aw | L5: บิด/จับจีบ | M5: กว้าง | N5: ยาว | O5: หนา | P5: ใช้(กก.) | Q5: Stock(กก.) | R5: ผลิต(กก.) | S5: วิธีบรรจุ | T5: วันส่ง | U5: จำนวนส่ง | V5: StockFG | W5: ค้างตัด | X5: พิมพ์แล้ว | Y5: ค้างพิมพ์ | Z5: ประเภท | AA5: ใช้ | AB5: Stock | AC5: ค้างทอ | AD5: Stock | AE5: ค้างเคลือบ | AF5: หมายเหตุ | AG5: ที่พิมพ์ได้ | AH5: process | AI5: Lead time | AJ5: วันที่ส่งPL | AK5: เคลือบ | AL5: ได้ ART | AM5: พิมพ์ | AN5: จีบ-บิด | AO5: ตัด-เย็บ | AP5: ทอ | AQ5: สวมถุง | AR5: เย็บปาก | AS5: PT | AT5: ม้วน | AU5: ตัด | AV5: ตอกตาไก่ | AW5: GROUP | AX5: ART | AY5: หมายเหตุปัญหา | AZ5: ราคา/ใบ | BA5: ราคารวม | BB5: workweek | BC5: เส้นเทป | BD5: จำนวน
A6: =[2]หน้าผ้า!C15 -> 0 | B6: =[2]หน้าผ้า!B15 -> 0 | C6: =[2]หน้าผ้า!E15 -> 0 | D6: =[2]หน้าผ้า!F15 -> 0 | E6: =[2]หน้าผ้า!G15 -> 12 | F6: =[2]หน้าผ้า!H15 -> 16 | G6: =[2]หน้าผ้า!I15 -> ขาว | H6: =[2]หน้าผ้า!J15 -> 0 | I6: =[2]หน้าผ้า!L15 -> 25 | J6: =[2]หน้าผ้า!M15 -> ± | K6: =[2]หน้าผ้า!N15 -> 5 | L6: =[2]หน้าผ้า!R15 -> 0 | M6: =[2]หน้าผ้า!T15 -> 0 | N6: =[2]หน้าผ้า!U15 -> 0 | O6: =[2]หน้าผ้า!V15 -> 0 | P6: =[2]หน้าผ้า!AB15 -> 0 | Q6: =[2]หน้าผ้า!AC15 -> 0 | R6: =[2]หน้าผ้า!AD15 -> 0 | S6: =[2]หน้าผ้า!Z15 -> 0 | T6: =[2]หน้าผ้า!X15 -> 0 | U6: =[2]หน้าผ้า!AA15 -> 0 | V6: =[2]หน้าผ้า!AJ15 -> 0 | W6: =[2]หน้าผ้า!AL15 -> 0 | X6: =[2]หน้าผ้า!AM15 -> 0 | Y6: =[2]หน้าผ้า!AN15 -> 0 | Z6: =[2]หน้าผ้า!AO15 -> WSWT1221750 | AA6: =[2]หน้าผ้า!AQ15 -> #REF! | AB6: =[2]หน้าผ้า!AR15 -> #REF! | AC6: =[2]หน้าผ้า!AS15 -> #REF! | AD6: =[2]หน้าผ้า!AT15 -> #REF! | AE6: =[2]หน้าผ้า!AU15 -> #REF! | AF6: =[2]หน้าผ้า!AI15 -> ระบุในSD | AG6: =[3]หน้าผ้า!DC18 -> < Ord 20,000 | AH6: =[2]หน้าผ้า!DL15 -> 0 | AI6: =[2]หน้าผ้า!DM15 -> 0 | AJ6: =[2]หน้าผ้า!DN15 -> 0 | AK6: =[2]หน้าผ้า!DQ15 -> 0 | AL6: =[2]หน้าผ้า!DR15 -> 0 | AM6: =[2]หน้าผ้า!DS15 -> 0 | AN6: =[2]หน้าผ้า!DT15 -> 0 | AO6: =[2]หน้าผ้า!DU15 -> 0 | AP6: =[2]หน้าผ้า!DP15 -> 0 | AQ6: =[2]หน้าผ้า!DW15 -> 0 | AR6: =[2]หน้าผ้า!DX15 -> 0 | AS6: =[2]หน้าผ้า!DY15 -> 0 | AT6: =[2]หน้าผ้า!DZ15 -> 0 | AU6: =[2]หน้าผ้า!EA15 -> 0 | AV6: =[2]หน้าผ้า!EB15 -> 0 | AW6: =[2]หน้าผ้า!EC15 -> 0 | AX6: =[2]หน้าผ้า!ED15 -> 0 | AY6: =[2]หน้าผ้า!AG15 -> 0 | AZ6: =[2]หน้าผ้า!EG15 -> 0 | BA6: =[2]หน้าผ้า!EH15 -> 0 | BB6: =[2]หน้าผ้า!EI15 -> 0 | BC6: =[2]หน้าผ้า!BZ15 -> WRWT120750/WRWT21750 | BD6: =[2]หน้าผ้า!CA15 -> 0
A7: =[2]หน้าผ้า!C16 -> 45743 | B7: =[2]หน้าผ้า!B16 -> MK68-000464 | C7: =[2]หน้าผ้า!E16 -> บจก.ปึงเป้งน้ำ | D7: =[2]หน้าผ้า!F16 -> เกลือตรามือ 10กก. | E7: =[2]หน้าผ้า!G16 -> 14 | F7: =[2]หน้าผ้า!H16 -> 22 | G7: =[2]หน้าผ้า!I16 -> ขาว | H7: =[2]หน้าผ้า!J16 -> ใส | I7: =[2]หน้าผ้า!L16 -> 42 | J7: =[2]หน้าผ้า!M16 -> ± | K7: =[2]หน้าผ้า!N16 -> 5 | L7: =[2]หน้าผ้า!R16 -> ไม่ | M7: =[2]หน้าผ้า!T16 -> ไม่สวมถุงใน | N7: =[2]หน้าผ้า!U16 -> 0 | O7: =[2]หน้าผ้า!V16 -> 0 | P7: =[2]หน้าผ้า!AB16 -> 0 | Q7: =[2]หน้าผ้า!AC16 -> 0 | R7: =[2]หน้าผ้า!AD16 -> 0 | S7: =[2]หน้าผ้า!Z16 -> 500กระสอบแบน | T7: =[2]หน้าผ้า!X16 -> 45757 | U7: =[2]หน้าผ้า!AA16 -> 10000 | V7: =[2]หน้าผ้า!AJ16 -> 0 | W7: =[2]หน้าผ้า!AL16 -> 10000 | X7: =[2]หน้าผ้า!AM16 -> 0 | Y7: =[2]หน้าผ้า!AN16 -> 10500 | Z7: =[2]หน้าผ้า!AO16 -> WSWT1425800 | AA7: =[2]หน้าผ้า!AQ16 -> 6565.9 | AB7: =[2]หน้าผ้า!AR16 -> 6565.9 | AC7: =[2]หน้าผ้า!AS16 -> 0 | AD7: =[2]หน้าผ้า!AT16 -> 2186 | AE7: =[2]หน้าผ้า!AU16 -> 4379.9 | AF7: =[2]หน้าผ้า!AI16 -> 0 | AG7: =[3]หน้าผ้า!DC19 -> ยังไม่ได้พิมพ์ | AH7: =[2]หน้าผ้า!DL16 -> P6 | AI7: =[2]หน้าผ้า!DM16 -> 4 | AJ7: =[2]หน้าผ้า!DN16 -> 45757 | AK7: =[2]หน้าผ้า!DQ16 -> 45753 | AL7: =[2]หน้าผ้า!DR16 -> 45746 | AM7: =[2]หน้าผ้า!DS16 -> 45754 | AN7: =[2]หน้าผ้า!DT16 -> 45755 | AO7: =[2]หน้าผ้า!DU16 -> 45756 | AP7: =[2]หน้าผ้า!DP16 -> 45752 | AQ7: =[2]หน้าผ้า!DW16 -> 0 | AR7: =[2]หน้าผ้า!DX16 -> 0 | AS7: =[2]หน้าผ้า!DY16 -> 0 | AT7: =[2]หน้าผ้า!DZ16 -> 0 | AU7: =[2]หน้าผ้า!EA16 -> 0 | AV7: =[2]หน้าผ้า!EB16 -> 0 | AW7: =[2]หน้าผ้า!EC16 -> งานเคลือบ+พิมพ์ | AX7: =[2]หน้าผ้า!ED16 -> / | AY7: =[2]หน้าผ้า!AG16 -> 0 | AZ7: =[2]หน้าผ้า!EG16 -> 0 | BA7: =[2]หน้าผ้า!EH16 -> 0 | BB7: =[2]หน้าผ้า!EI16 -> 0 | BC7: =[2]หน้าผ้า!BZ16 -> WRWT25800/WRWT25800 | BD7: =[2]หน้าผ้า!CA16 -> 0
A8: =[2]หน้าผ้า!C17 -> 0 | B8: =[2]หน้าผ้า!B17 -> 0 | C8: =[2]หน้าผ้า!E17 -> 0 | D8: =[2]หน้าผ้า!F17 -> 0 | E8: =[2]หน้าผ้า!G17 -> 14 | F8: =[2]หน้าผ้า!H17 -> 22 | G8: =[2]หน้าผ้า!I17 -> ขาว | H8: =[2]หน้าผ้า!J17 -> 0 | I8: =[2]หน้าผ้า!L17 -> 36 | J8: =[2]หน้าผ้า!M17 -> ± | K8: =[2]หน้าผ้า!N17 -> 5 | L8: =[2]หน้าผ้า!R17 -> 0 | M8: =[2]หน้าผ้า!T17 -> 0 | N8: =[2]หน้าผ้า!U17 -> 0 | O8: =[2]หน้าผ้า!V17 -> 0 | P8: =[2]หน้าผ้า!AB17 -> 0 | Q8: =[2]หน้าผ้า!AC17 -> 0 | R8: =[2]หน้าผ้า!AD17 -> 0 | S8: =[2]หน้าผ้า!Z17 -> 0 | T8: =[2]หน้าผ้า!X17 -> 0 | U8: =[2]หน้าผ้า!AA17 -> 0 | V8: =[2]หน้าผ้า!AJ17 -> 0 | W8: =[2]หน้าผ้า!AL17 -> 0 | X8: =[2]หน้าผ้า!AM17 -> 0 | Y8: =[2]หน้าผ้า!AN17 -> 0 | Z8: =[2]หน้าผ้า!AO17 -> WSWT1425800 | AA8: =[2]หน้าผ้า!AQ17 -> 6565.9 | AB8: =[2]หน้าผ้า!AR17 -> 6565.9 | AC8: =[2]หน้าผ้า!AS17 -> 0 | AD8: =[2]หน้าผ้า!AT17 -> 2186 | AE8: =[2]หน้าผ้า!AU17 -> 4379.9 | AF8: =[2]หน้าผ้า!AI17 -> ระบุในSD | AG8: =[3]หน้าผ้า!DC20 -> พร้อมส่ง | AH8: =[2]หน้าผ้า!DL17 -> 0 | AI8: =[2]หน้าผ้า!DM17 -> Lead time | AJ8: =[2]หน้าผ้า!DN17 -> 0 | AK8: =[2]หน้าผ้า!DQ17 -> 0 | AL8: =[2]หน้าผ้า!DR17 -> 0 | AM8: =[2]หน้าผ้า!DS17 -> 0 | AN8: =[2]หน้าผ้า!DT17 -> 0 | AO8: =[2]หน้าผ้า!DU17 -> 0 | AP8: =[2]หน้าผ้า!DP17 -> 0 | AQ8: =[2]หน้าผ้า!DW17 -> 0 | AR8: =[2]หน้าผ้า!DX17 -> 0 | AS8: =[2]หน้าผ้า!DY17 -> 0 | AT8: =[2]หน้าผ้า!DZ17 -> 0 | AU8: =[2]หน้าผ้า!EA17 -> 0 | AV8: =[2]หน้าผ้า!EB17 -> 0 | AW8: =[2]หน้าผ้า!EC17 -> 0 | AX8: =[2]หน้าผ้า!ED17 -> 0 | AY8: =[2]หน้าผ้า!AG17 -> 0 | AZ8: =[2]หน้าผ้า!EG17 -> 0 | BA8: =[2]หน้าผ้า!EH17 -> 0 | BB8: =[2]หน้าผ้า!EI17 -> 0 | BC8: =[2]หน้าผ้า!BZ17 -> WRWT140800/WRWT25800 | BD8: =[2]หน้าผ้า!CA17 -> 0
A9: =[2]หน้าผ้า!C18 -> 45713 | B9: =[2]หน้าผ้า!B18 -> MK68-000278 | C9: =[2]หน้าผ้า!E18 -> บจก.พีค อินโนเวชั่นโปรดักส์ | D9: =[2]หน้าผ้า!F18 -> โลลิโก้ | E9: =[2]หน้าผ้า!G18 -> 16 | F9: =[2]หน้าผ้า!H18 -> 25 | G9: =[2]หน้าผ้า!I18 -> ขาว | H9: =[2]หน้าผ้า!J18 -> ใส | I9: =[2]หน้าผ้า!L18 -> 50 | J9: =[2]หน้าผ้า!M18 -> ± | K9: =[2]หน้าผ้า!N18 -> 5 | L9: =[2]หน้าผ้า!R18 -> บิด | M9: =[2]หน้าผ้า!T18 -> 19 | N9: =[2]หน้าผ้า!U18 -> 28 | O9: =[2]หน้าผ้า!V18 -> 40 | P9: =[2]หน้าผ้า!AB18 -> 0 | Q9: =[2]หน้าผ้า!AC18 -> 0 | R9: =[2]หน้าผ้า!AD18 -> 0 | S9: =[2]หน้าผ้า!Z18 -> 500กระสอบ | T9: =[2]หน้าผ้า!X18 -> รอส่ง | U9: =[2]หน้าผ้า!AA18 -> 5000 | V9: =[2]หน้าผ้า!AJ18 -> 5049 | W9: =[2]หน้าผ้า!AL18 -> 0 | X9: =[2]หน้าผ้า!AM18 -> 5400 | Y9: =[2]หน้าผ้า!AN18 -> 0 | Z9: =[2]หน้าผ้า!AO18 -> WSWT1625800SM | AA9: =[2]หน้าผ้า!AQ18 -> 0 | AB9: =[2]หน้าผ้า!AR18 -> 0 | AC9: =[2]หน้าผ้า!AS18 -> 0 | AD9: =[2]หน้าผ้า!AT18 -> 0 | AE9: =[2]หน้าผ้า!AU18 -> 0 | AF9: =[2]หน้าผ้า!AI18 -> 0 | AG9: =[3]หน้าผ้า!DC21 -> ยังไม่ได้พิมพ์ | AH9: =[2]หน้าผ้า!DL18 -> P8 | AI9: =[2]หน้าผ้า!DM18 -> 4 | AJ9: =[2]หน้าผ้า!DN18 -> รอส่ง | AK9: =[2]หน้าผ้า!DQ18 -> #VALUE! | AL9: =[2]หน้าผ้า!DR18 -> #VALUE! | AM9: =[2]หน้าผ้า!DS18 -> #VALUE! | AN9: =[2]หน้าผ้า!DT18 -> #VALUE! | AO9: =[2]หน้าผ้า!DU18 -> #VALUE! | AP9: =[2]หน้าผ้า!DP18 -> #VALUE! | AQ9: =[2]หน้าผ้า!DW18 -> #VALUE! | AR9: =[2]หน้าผ้า!DX18 -> 0 | AS9: =[2]หน้าผ้า!DY18 -> 0 | AT9: =[2]หน้าผ้า!DZ18 -> 0 | AU9: =[2]หน้าผ้า!EA18 -> 0 | AV9: =[2]หน้าผ้า!EB18 -> 0 | AW9: =[2]หน้าผ้า!EC18 -> งานเคลือบ+พิมพ์ | AX9: =[2]หน้าผ้า!ED18 -> / | AY9: =[2]หน้าผ้า!AG18 -> ถุงในใช้ผสม กรีด 193340 193140 193370 | AZ9: =[2]หน้าผ้า!EG18 -> 0 | BA9: =[2]หน้าผ้า!EH18 -> 0 | BB9: =[2]หน้าผ้า!EI18 -> 0 | BC9: =[2]หน้าผ้า!BZ18 -> WRWT25800/WRWT25800 | BD9: =[2]หน้าผ้า!CA18 -> 0
A10: =[2]หน้าผ้า!C19 -> ประมาณการ | B10: =[2]หน้าผ้า!B19 -> ประมาณการ | C10: =[2]หน้าผ้า!E19 -> บจก.ซัน ซีเมนต์ โพรเซส | D10: =[2]หน้าผ้า!F19 -> พระอาทิตย์(ปูนนอน-ชริงค์) | E10: =[2]หน้าผ้า!G19 -> 16 | F10: =[2]หน้าผ้า!H19 -> 25 | G10: =[2]หน้าผ้า!I19 -> ขาว | H10: =[2]หน้าผ้า!J19 -> ใส | I10: =[2]หน้าผ้า!L19 -> 50 | J10: =[2]หน้าผ้า!M19 -> ± | K10: =[2]หน้าผ้า!N19 -> 5 | L10: =[2]หน้าผ้า!R19 -> บิด | M10: =[2]หน้าผ้า!T19 -> 19 | N10: =[2]หน้าผ้า!U19 -> 28 | O10: =[2]หน้าผ้า!V19 -> 40 | P10: =[2]หน้าผ้า!AB19 -> 65.624643 | Q10: =[2]หน้าผ้า!AC19 -> 0 | R10: =[2]หน้าผ้า!AD19 -> 65.624643 | S10: =[2]หน้าผ้า!Z19 -> 500กระสอบ | T10: =[2]หน้าผ้า!X19 -> รอแจ้ง | U10: =[2]หน้าผ้า!AA19 -> 5000 | V10: =[2]หน้าผ้า!AJ19 -> 0 | W10: =[2]หน้าผ้า!AL19 -> 5000 | X10: =[2]หน้าผ้า!AM19 -> 0 | Y10: =[2]หน้าผ้า!AN19 -> 5250 | Z10: =[2]หน้าผ้า!AO19 -> WSWT1625800SM | AA10: =[2]หน้าผ้า!AQ19 -> 3702.05 | AB10: =[2]หน้าผ้า!AR19 -> 3372 | AC10: =[2]หน้าผ้า!AS19 -> 330.05 | AD10: =[2]หน้าผ้า!AT19 -> 0 | AE10: =[2]หน้าผ้า!AU19 -> 3702.05 | AF10: =[2]หน้าผ้า!AI19 -> 0 | AG10: =[3]หน้าผ้า!DC22 -> ยังไม่ได้พิมพ์ | AH10: =[2]หน้าผ้า!DL19 -> P8 | AI10: =[2]หน้าผ้า!DM19 -> 4 | AJ10: =[2]หน้าผ้า!DN19 -> รอแจ้ง | AK10: =[2]หน้าผ้า!DQ19 -> #VALUE! | AL10: =[2]หน้าผ้า!DR19 -> #VALUE! | AM10: =[2]หน้าผ้า!DS19 -> #VALUE! | AN10: =[2]หน้าผ้า!DT19 -> #VALUE! | AO10: =[2]หน้าผ้า!DU19 -> #VALUE! | AP10: =[2]หน้าผ้า!DP19 -> #VALUE! | AQ10: =[2]หน้าผ้า!DW19 -> #VALUE! | AR10: =[2]หน้าผ้า!DX19 -> 0 | AS10: =[2]หน้าผ้า!DY19 -> 0 | AT10: =[2]หน้าผ้า!DZ19 -> 0 | AU10: =[2]หน้าผ้า!EA19 -> 0 | AV10: =[2]หน้าผ้า!EB19 -> 0 | AW10: =[2]หน้าผ้า!EC19 -> งานเคลือบ+พิมพ์ | AX10: =[2]หน้าผ้า!ED19 -> รอART | AY10: =[2]หน้าผ้า!AG19 -> 0 | AZ10: =[2]หน้าผ้า!EG19 -> 0 | BA10: =[2]หน้าผ้า!EH19 -> 0 | BB10: =[2]หน้าผ้า!EI19 -> 0 | BC10: =[2]หน้าผ้า!BZ19 -> WRWT25800/WRWT25800 | BD10: =[2]หน้าผ้า!CA19 -> 18.776178
A11: =[2]หน้าผ้า!C20 -> 0 | B11: =[2]หน้าผ้า!B20 -> 0 | C11: =[2]หน้าผ้า!E20 -> 0 | D11: =[2]หน้าผ้า!F20 | E11: =[2]หน้าผ้า!G20 -> 16 | F11: =[2]หน้าผ้า!H20 -> 25 | G11: =[2]หน้าผ้า!I20 -> ขาว | H11: =[2]หน้าผ้า!J20 -> 0 | I11: =[2]หน้าผ้า!L20 -> 45 | J11: =[2]หน้าผ้า!M20 -> ± | K11: =[2]หน้าผ้า!N20 -> 5 | L11: =[2]หน้าผ้า!R20 -> 0 | M11: =[2]หน้าผ้า!T20 -> 0 | N11: =[2]หน้าผ้า!U20 -> 0 | O11: =[2]หน้าผ้า!V20 -> 0 | P11: =[2]หน้าผ้า!AB20 -> 0 | Q11: =[2]หน้าผ้า!AC20 -> 0 | R11: =[2]หน้าผ้า!AD20 -> 0 | S11: =[2]หน้าผ้า!Z20 -> 0 | T11: =[2]หน้าผ้า!X20 -> 0 | U11: =[2]หน้าผ้า!AA20 -> 0 | V11: =[2]หน้าผ้า!AJ20 -> 0 | W11: =[2]หน้าผ้า!AL20 -> 0 | X11: =[2]หน้าผ้า!AM20 -> 0 | Y11: =[2]หน้าผ้า!AN20 -> 0 | Z11: =[2]หน้าผ้า!AO20 -> WSWT1625800SM | AA11: =[2]หน้าผ้า!AQ20 -> 3702.05 | AB11: =[2]หน้าผ้า!AR20 -> 3372 | AC11: =[2]หน้าผ้า!AS20 -> 330.05 | AD11: =[2]หน้าผ้า!AT20 -> 0 | AE11: =[2]หน้าผ้า!AU20 -> 3702.05 | AF11: =[2]หน้าผ้า!AI20 -> ระบุในSD | AG11: =[3]หน้าผ้า!DC23 -> พร้อมส่ง | AH11: =[2]หน้าผ้า!DL20 -> 0 | AI11: =[2]หน้าผ้า!DM20 -> Lead time | AJ11: =[2]หน้าผ้า!DN20 -> 0 | AK11: =[2]หน้าผ้า!DQ20 -> 0 | AL11: =[2]หน้าผ้า!DR20 -> 0 | AM11: =[2]หน้าผ้า!DS20 -> 0 | AN11: =[2]หน้าผ้า!DT20 -> 0 | AO11: =[2]หน้าผ้า!DU20 -> 0 | AP11: =[2]หน้าผ้า!DP20 -> 0 | AQ11: =[2]หน้าผ้า!DW20 -> 0 | AR11: =[2]หน้าผ้า!DX20 -> 0 | AS11: =[2]หน้าผ้า!DY20 -> 0 | AT11: =[2]หน้าผ้า!DZ20 -> 0 | AU11: =[2]หน้าผ้า!EA20 -> 0 | AV11: =[2]หน้าผ้า!EB20 -> 0 | AW11: =[2]หน้าผ้า!EC20 -> 0 | AX11: =[2]หน้าผ้า!ED20 -> 0 | AY11: =[2]หน้าผ้า!AG20 -> 0 | AZ11: =[2]หน้าผ้า!EG20 -> 0 | BA11: =[2]หน้าผ้า!EH20 -> 0 | BB11: =[2]หน้าผ้า!EI20 -> 0 | BC11: =[2]หน้าผ้า!BZ20 -> WRWT160800/WRWT25800 | BD11: =[2]หน้าผ้า!CA20 -> 0
A12: =[2]หน้าผ้า!C21 -> 45751 | B12: =[2]หน้าผ้า!B21 -> ใบรับคำสั่งซื้อ | C12: =[2]หน้าผ้า!E21 -> บจก.เคอรี่ฟลาวมิลล์ | D12: =[2]หน้าผ้า!F21 -> โบว์น้ำเงิน 10กก. | E12: =[2]หน้าผ้า!G21 -> 16 | F12: =[2]หน้าผ้า!H21 -> 25 | G12: =[2]หน้าผ้า!I21 -> ขาว | H12: =[2]หน้าผ้า!J21 -> 0 | I12: =[2]หน้าผ้า!L21 -> 45 | J12: =[2]หน้าผ้า!M21 -> ± | K12: =[2]หน้าผ้า!N21 -> 5 | L12: =[2]หน้าผ้า!R21 -> ไม่ | M12: =[2]หน้าผ้า!T21 -> ไม่สวมถุงใน | N12: =[2]หน้าผ้า!U21 -> 0 | O12: =[2]หน้าผ้า!V21 -> 0 | P12: =[2]หน้าผ้า!AB21 -> 0 | Q12: =[2]หน้าผ้า!AC21 -> 0 | R12: =[2]หน้าผ้า!AD21 -> 0 | S12: =[2]หน้าผ้า!Z21 -> ห่ออัดเบลแบน500 | T12: =[2]หน้าผ้า!X21 -> 45773 | U12: =[2]หน้าผ้า!AA21 -> 5000 | V12: =[2]หน้าผ้า!AJ21 -> 0 | W12: =[2]หน้าผ้า!AL21 -> 5000 | X12: =[2]หน้าผ้า!AM21 -> 0 | Y12: =[2]หน้าผ้า!AN21 -> 5250 | Z12: =[2]หน้าผ้า!AO21 -> WSWT1625800 | AA12: =[2]หน้าผ้า!AQ21 -> 3702.05 | AB12: =[2]หน้าผ้า!AR21 -> 3702.05 | AC12: =[2]หน้าผ้า!AS21 -> 0 | AD12: =[2]หน้าผ้า!AT21 -> 0 | AE12: =[2]หน้าผ้า!AU21 -> 0 | AF12: =[2]หน้าผ้า!AI21 -> PDR250117 | AG12: =[3]หน้าผ้า!DC24 -> ยังไม่ได้พิมพ์ | AH12: =[2]หน้าผ้า!DL21 -> P7 | AI12: =[2]หน้าผ้า!DM21 -> 2 | AJ12: =[2]หน้าผ้า!DN21 -> 45773 | AK12: =[2]หน้าผ้า!DQ21 -> 0 | AL12: =[2]หน้าผ้า!DR21 -> 45764 | AM12: =[2]หน้าผ้า!DS21 -> 45771 | AN12: =[2]หน้าผ้า!DT21 -> 45772 | AO12: =[2]หน้าผ้า!DU21 -> 45772 | AP12: =[2]หน้าผ้า!DP21 -> 45768 | AQ12: =[2]หน้าผ้า!DW21 -> 0 | AR12: =[2]หน้าผ้า!DX21 -> 0 | AS12: =[2]หน้าผ้า!DY21 -> 0 | AT12: =[2]หน้าผ้า!DZ21 -> 0 | AU12: =[2]หน้าผ้า!EA21 -> 0 | AV12: =[2]หน้าผ้า!EB21 -> 0 | AW12: =[2]หน้าผ้า!EC21 -> งานพิมพ์ | AX12: =[2]หน้าผ้า!ED21 -> รอART | AY12: =[2]หน้าผ้า!AG21 -> 0 | AZ12: =[2]หน้าผ้า!EG21 -> 0 | BA12: =[2]หน้าผ้า!EH21 -> 0 | BB12: =[2]หน้าผ้า!EI21 -> 0 | BC12: =[2]หน้าผ้า!BZ21 -> WRWT25800/WRWT25800 | BD12: =[2]หน้าผ้า!CA21 -> 0
A13: =[2]หน้าผ้า!C22 -> 45751 | B13: =[2]หน้าผ้า!B22 -> ใบรับคำสั่งซื้อ | C13: =[2]หน้าผ้า!E22 -> บจก.เคอรี่ฟลาวมิลล์ | D13: =[2]หน้าผ้า!F22 -> โบว์แดง 10กก. | E13: =[2]หน้าผ้า!G22 -> 16 | F13: =[2]หน้าผ้า!H22 -> 25 | G13: =[2]หน้าผ้า!I22 -> ขาว | H13: =[2]หน้าผ้า!J22 -> 0 | I13: =[2]หน้าผ้า!L22 -> 45 | J13: =[2]หน้าผ้า!M22 -> ± | K13: =[2]หน้าผ้า!N22 -> 5 | L13: =[2]หน้าผ้า!R22 -> ไม่ | M13: =[2]หน้าผ้า!T22 -> ไม่สวมถุงใน | N13: =[2]หน้าผ้า!U22 -> 0 | O13: =[2]หน้าผ้า!V22 -> 0 | P13: =[2]หน้าผ้า!AB22 -> 0 | Q13: =[2]หน้าผ้า!AC22 -> 0 | R13: =[2]หน้าผ้า!AD22 -> 0 | S13: =[2]หน้าผ้า!Z22 -> ห่ออัดเบลแบน500 | T13: =[2]หน้าผ้า!X22 -> 45773 | U13: =[2]หน้าผ้า!AA22 -> 5000 | V13: =[2]หน้าผ้า!AJ22 -> 0 | W13: =[2]หน้าผ้า!AL22 -> 5000 | X13: =[2]หน้าผ้า!AM22 -> 0 | Y13: =[2]หน้าผ้า!AN22 -> 5250 | Z13: =[2]หน้าผ้า!AO22 -> WSWT1625800 | AA13: =[2]หน้าผ้า!AQ22 -> 3702.05 | AB13: =[2]หน้าผ้า!AR22 -> 3702.05 | AC13: =[2]หน้าผ้า!AS22 -> 0 | AD13: =[2]หน้าผ้า!AT22 -> 0 | AE13: =[2]หน้าผ้า!AU22 -> 0 | AF13: =[2]หน้าผ้า!AI22 -> PDR250117 | AG13: =[3]หน้าผ้า!DC25 -> พร้อมส่ง | AH13: =[2]หน้าผ้า!DL22 -> P7 | AI13: =[2]หน้าผ้า!DM22 -> 2 | AJ13: =[2]หน้าผ้า!DN22 -> 45773 | AK13: =[2]หน้าผ้า!DQ22 -> 0 | AL13: =[2]หน้าผ้า!DR22 -> 45764 | AM13: =[2]หน้าผ้า!DS22 -> 45771 | AN13: =[2]หน้าผ้า!DT22 -> 45772 | AO13: =[2]หน้าผ้า!DU22 -> 45772 | AP13: =[2]หน้าผ้า!DP22 -> 45768 | AQ13: =[2]หน้าผ้า!DW22 -> 0 | AR13: =[2]หน้าผ้า!DX22 -> 0 | AS13: =[2]หน้าผ้า!DY22 -> 0 | AT13: =[2]หน้าผ้า!DZ22 -> 0 | AU13: =[2]หน้าผ้า!EA22 -> 0 | AV13: =[2]หน้าผ้า!EB22 -> 0 | AW13: =[2]หน้าผ้า!EC22 -> งานพิมพ์ | AX13: =[2]หน้าผ้า!ED22 -> รอART | AY13: =[2]หน้าผ้า!AG22 -> 0 | AZ13: =[2]หน้าผ้า!EG22 -> 0 | BA13: =[2]หน้าผ้า!EH22 -> 0 | BB13: =[2]หน้าผ้า!EI22 -> 0 | BC13: =[2]หน้าผ้า!BZ22 -> WRWT25800/WRWT25800 | BD13: =[2]หน้าผ้า!CA22 -> 0
A14: =[2]หน้าผ้า!C23 -> 0 | B14: =[2]หน้าผ้า!B23 -> 0 | C14: =[2]หน้าผ้า!E23 -> 0 | D14: =[2]หน้าผ้า!F23 -> 0 | E14: =[2]หน้าผ้า!G23 -> 16 | F14: =[2]หน้าผ้า!H23 -> 25 | G14: =[2]หน้าผ้า!I23 -> ขาว | H14: =[2]หน้าผ้า!J23 -> 0 | I14: =[2]หน้าผ้า!L23 -> 45 | J14: =[2]หน้าผ้า!M23 -> ± | K14: =[2]หน้าผ้า!N23 -> 5 | L14: =[2]หน้าผ้า!R23 -> 0 | M14: =[2]หน้าผ้า!T23 -> 0 | N14: =[2]หน้าผ้า!U23 -> 0 | O14: =[2]หน้าผ้า!V23 -> 0 | P14: =[2]หน้าผ้า!AB23 -> 0 | Q14: =[2]หน้าผ้า!AC23 -> 0 | R14: =[2]หน้าผ้า!AD23 -> 0 | S14: =[2]หน้าผ้า!Z23 -> 0 | T14: =[2]หน้าผ้า!X23 -> 0 | U14: =[2]หน้าผ้า!AA23 -> 0 | V14: =[2]หน้าผ้า!AJ23 -> 0 | W14: =[2]หน้าผ้า!AL23 -> 0 | X14: =[2]หน้าผ้า!AM23 -> 0 | Y14: =[2]หน้าผ้า!AN23 -> 0 | Z14: =[2]หน้าผ้า!AO23 -> WSWT1625800 | AA14: =[2]หน้าผ้า!AQ23 -> 7404.1 | AB14: =[2]หน้าผ้า!AR23 -> 7404.1 | AC14: =[2]หน้าผ้า!AS23 -> 0 | AD14: =[2]หน้าผ้า!AT23 -> 0 | AE14: =[2]หน้าผ้า!AU23 -> 0 | AF14: =[2]หน้าผ้า!AI23 -> ระบุในSD | AG14: =[3]หน้าผ้า!DC26 -> ยังไม่ได้พิมพ์ | AH14: =[2]หน้าผ้า!DL23 -> 0 | AI14: =[2]หน้าผ้า!DM23 -> Lead time | AJ14: =[2]หน้าผ้า!DN23 -> 0 | AK14: =[2]หน้าผ้า!DQ23 -> 0 | AL14: =[2]หน้าผ้า!DR23 -> 0 | AM14: =[2]หน้าผ้า!DS23 -> 0 | AN14: =[2]หน้าผ้า!DT23 -> 0 | AO14: =[2]หน้าผ้า!DU23 -> 0 | AP14: =[2]หน้าผ้า!DP23 -> 0 | AQ14: =[2]หน้าผ้า!DW23 -> 0 | AR14: =[2]หน้าผ้า!DX23 -> 0 | AS14: =[2]หน้าผ้า!DY23 -> 0 | AT14: =[2]หน้าผ้า!DZ23 -> 0 | AU14: =[2]หน้าผ้า!EA23 -> 0 | AV14: =[2]หน้าผ้า!EB23 -> 0 | AW14: =[2]หน้าผ้า!EC23 -> 0 | AX14: =[2]หน้าผ้า!ED23 -> 0 | AY14: =[2]หน้าผ้า!AG23 -> 0 | AZ14: =[2]หน้าผ้า!EG23 -> 0 | BA14: =[2]หน้าผ้า!EH23 -> 0 | BB14: =[2]หน้าผ้า!EI23 -> 0 | BC14: =[2]หน้าผ้า!BZ23 -> WRWT160800/WRWT25800 | BD14: =[2]หน้าผ้า!CA23 -> 0
A15: =[2]หน้าผ้า!C24 -> 45744 | B15: =[2]หน้าผ้า!B24 -> ใบรับคำสั่งซื้อ | C15: =[2]หน้าผ้า!E24 -> โรงสีธัญญกิจ(ราชบุรี) | D15: =[2]หน้าผ้า!F24 -> ราชสีห์(ข้าวหอมมะลิ) | E15: =[2]หน้าผ้า!G24 -> 16 | F15: =[2]หน้าผ้า!H24 -> 25 | G15: =[2]หน้าผ้า!I24 -> ขาว | H15: =[2]หน้าผ้า!J24 -> 0 | I15: =[2]หน้าผ้า!L24 -> 47 | J15: =[2]หน้าผ้า!M24 -> ± | K15: =[2]หน้าผ้า!N24 -> 5 | L15: =[2]หน้าผ้า!R24 -> ไม่ | M15: =[2]หน้าผ้า!T24 -> ไม่สวมถุงใน | N15: =[2]หน้าผ้า!U24 -> 0 | O15: =[2]หน้าผ้า!V24 -> 0 | P15: =[2]หน้าผ้า!AB24 -> 0 | Q15: =[2]หน้าผ้า!AC24 -> 0 | R15: =[2]หน้าผ้า!AD24 -> 0 | S15: =[2]หน้าผ้า!Z24 -> 500กระสอบ | T15: =[2]หน้าผ้า!X24 -> 45756 | U15: =[2]หน้าผ้า!AA24 -> 10000 | V15: =[2]หน้าผ้า!AJ24 -> 0 | W15: =[2]หน้าผ้า!AL24 -> 10000 | X15: =[2]หน้าผ้า!AM24 -> 0 | Y15: =[2]หน้าผ้า!AN24 -> 10500 | Z15: =[2]หน้าผ้า!AO24 -> WSWT1621720SMFX | AA15: =[2]หน้าผ้า!AQ24 -> 7404.1 | AB15: =[2]หน้าผ้า!AR24 -> 4589 | AC15: =[2]หน้าผ้า!AS24 -> 2815.1 | AD15: =[2]หน้าผ้า!AT24 -> 0 | AE15: =[2]หน้าผ้า!AU24 -> 0 | AF15: =[2]หน้าผ้า!AI24 -> 0 | AG15: =[3]หน้าผ้า!DC27 -> พร้อมส่ง | AH15: =[2]หน้าผ้า!DL24 -> P7 | AI15: =[2]หน้าผ้า!DM24 -> 2 | AJ15: =[2]หน้าผ้า!DN24 -> 45756 | AK15: =[2]หน้าผ้า!DQ24 -> 0 | AL15: =[2]หน้าผ้า!DR24 -> 45747 | AM15: =[2]หน้าผ้า!DS24 -> 45754 | AN15: =[2]หน้าผ้า!DT24 -> 45755 | AO15: =[2]หน้าผ้า!DU24 -> 45755 | AP15: =[2]หน้าผ้า!DP24 -> 45751 | AQ15: =[2]หน้าผ้า!DW24 -> 0 | AR15: =[2]หน้าผ้า!DX24 -> 0 | AS15: =[2]หน้าผ้า!DY24 -> 0 | AT15: =[2]หน้าผ้า!DZ24 -> 0 | AU15: =[2]หน้าผ้า!EA24 -> 0 | AV15: =[2]หน้าผ้า!EB24 -> 0 | AW15: =[2]หน้าผ้า!EC24 -> งานพิมพ์ | AX15: =[2]หน้าผ้า!ED24 -> รอART | AY15: =[2]หน้าผ้า!AG24 -> 0 | AZ15: =[2]หน้าผ้า!EG24 -> 0 | BA15: =[2]หน้าผ้า!EH24 -> 0 | BB15: =[2]หน้าผ้า!EI24 -> 0 | BC15: =[2]หน้าผ้า!BZ24 -> WRWT21720/WRWT21720 | BD15: =[2]หน้าผ้า!CA24 -> 167.55475
A16: =[2]หน้าผ้า!C25 -> 0 | B16: =[2]หน้าผ้า!B25 -> 0 | C16: =[2]หน้าผ้า!E25 -> 0 | D16: =[2]หน้าผ้า!F25 -> 0 | E16: =[2]หน้าผ้า!G25 -> 16 | F16: =[2]หน้าผ้า!H25 -> 25 | G16: =[2]หน้าผ้า!I25 -> 0 | H16: =[2]หน้าผ้า!J25 -> 0 | I16: =[2]หน้าผ้า!L25 -> 47 | J16: =[2]หน้าผ้า!M25 -> ± | K16: =[2]หน้าผ้า!N25 -> 5 | L16: =[2]หน้าผ้า!R25 -> 0 | M16: =[2]หน้าผ้า!T25 -> 0 | N16: =[2]หน้าผ้า!U25 -> 0 | O16: =[2]หน้าผ้า!V25 -> 0 | P16: =[2]หน้าผ้า!AB25 -> 0 | Q16: =[2]หน้าผ้า!AC25 -> 0 | R16: =[2]หน้าผ้า!AD25 -> 0 | S16: =[2]หน้าผ้า!Z25 -> 0 | T16: =[2]หน้าผ้า!X25 -> 0 | U16: =[2]หน้าผ้า!AA25 -> 0 | V16: =[2]หน้าผ้า!AJ25 -> 0 | W16: =[2]หน้าผ้า!AL25 -> 0 | X16: =[2]หน้าผ้า!AM25 -> 0 | Y16: =[2]หน้าผ้า!AN25 -> 0 | Z16: =[2]หน้าผ้า!AO25 -> WSWT1621720SMFX | AA16: =[2]หน้าผ้า!AQ25 -> 7404.1 | AB16: =[2]หน้าผ้า!AR25 -> 4589 | AC16: =[2]หน้าผ้า!AS25 -> 2815.1 | AD16: =[2]หน้าผ้า!AT25 -> 0 | AE16: =[2]หน้าผ้า!AU25 -> 0 | AF16: =[2]หน้าผ้า!AI25 -> ระบุในSD | AG16: =[3]หน้าผ้า!DC28 -> ยังไม่ได้พิมพ์ | AH16: =[2]หน้าผ้า!DL25 -> 0 | AI16: =[2]หน้าผ้า!DM25 -> 0 | AJ16: =[2]หน้าผ้า!DN25 -> 0 | AK16: =[2]หน้าผ้า!DQ25 -> 0 | AL16: =[2]หน้าผ้า!DR25 -> 0 | AM16: =[2]หน้าผ้า!DS25 -> 0 | AN16: =[2]หน้าผ้า!DT25 -> 0 | AO16: =[2]หน้าผ้า!DU25 -> 0 | AP16: =[2]หน้าผ้า!DP25 -> 0 | AQ16: =[2]หน้าผ้า!DW25 -> 0 | AR16: =[2]หน้าผ้า!DX25 -> 0 | AS16: =[2]หน้าผ้า!DY25 -> 0 | AT16: =[2]หน้าผ้า!DZ25 -> 0 | AU16: =[2]หน้าผ้า!EA25 -> 0 | AV16: =[2]หน้าผ้า!EB25 -> 0 | AW16: =[2]หน้าผ้า!EC25 -> 0 | AX16: =[2]หน้าผ้า!ED25 -> 0 | AY16: =[2]หน้าผ้า!AG25 -> 0 | AZ16: =[2]หน้าผ้า!EG25 -> 0 | BA16: =[2]หน้าผ้า!EH25 -> 0 | BB16: =[2]หน้าผ้า!EI25 -> 0 | BC16: =[2]หน้าผ้า!BZ25 -> WRWT160720/WRWT21720 | BD16: =[2]หน้าผ้า!CA25 -> 0
A17: =[2]หน้าผ้า!C26 -> ประมาณการ | B17: =[2]หน้าผ้า!B26 -> ประมาณการ | C17: =[2]หน้าผ้า!E26 -> บจก.ฟาร์เธอร์ส วิง ซัพพลาย | D17: =[2]หน้าผ้า!F26 -> รถไฟ | E17: =[2]หน้าผ้า!G26 -> 18 | F17: =[2]หน้าผ้า!H26 -> 30 | G17: =[2]หน้าผ้า!I26 -> ขาว | H17: =[2]หน้าผ้า!J26 -> 0 | I17: =[2]หน้าผ้า!L26 -> 54 | J17: =[2]หน้าผ้า!M26 -> ± | K17: =[2]หน้าผ้า!N26 -> 5 | L17: =[2]หน้าผ้า!R26 -> บิด | M17: =[2]หน้าผ้า!T26 -> 19 | N17: =[2]หน้าผ้า!U26 -> 33 | O17: =[2]หน้าผ้า!V26 -> 40 | P17: =[2]หน้าผ้า!AB26 -> 232.02999 | Q17: =[2]หน้าผ้า!AC26 -> 0 | R17: =[2]หน้าผ้า!AD26 -> 232.02999 | S17: =[2]หน้าผ้า!Z26 -> 500กระสอบ | T17: =[2]หน้าผ้า!X26 -> 45777 | U17: =[2]หน้าผ้า!AA26 -> 15000 | V17: =[2]หน้าผ้า!AJ26 -> 0 | W17: =[2]หน้าผ้า!AL26 -> 15000 | X17: =[2]หน้าผ้า!AM26 -> 0 | Y17: =[2]หน้าผ้า!AN26 -> 15750 | Z17: =[2]หน้าผ้า!AO26 -> WSWT1825800 | AA17: =[2]หน้าผ้า!AQ26 -> 13201.65 | AB17: =[2]หน้าผ้า!AR26 -> 12070 | AC17: =[2]หน้าผ้า!AS26 -> 1131.65 | AD17: =[2]หน้าผ้า!AT26 -> 0 | AE17: =[2]หน้าผ้า!AU26 -> 0 | AF17: =[2]หน้าผ้า!AI26 -> 0 | AG17: =[3]หน้าผ้า!DC29 -> ยังไม่ได้พิมพ์ | AH17: =[2]หน้าผ้า!DL26 -> P9 | AI17: =[2]หน้าผ้า!DM26 -> 3 | AJ17: =[2]หน้าผ้า!DN26 -> 45777 | AK17: =[2]หน้าผ้า!DQ26 -> 0 | AL17: =[2]หน้าผ้า!DR26 -> 45767 | AM17: =[2]หน้าผ้า!DS26 -> 45774 | AN17: =[2]หน้าผ้า!DT26 -> 45775 | AO17: =[2]หน้าผ้า!DU26 -> 45775 | AP17: =[2]หน้าผ้า!DP26 -> 45772 | AQ17: =[2]หน้าผ้า!DW26 -> 45776 | AR17: =[2]หน้าผ้า!DX26 -> 0 | AS17: =[2]หน้าผ้า!DY26 -> 0 | AT17: =[2]หน้าผ้า!DZ26 -> 0 | AU17: =[2]หน้าผ้า!EA26 -> 0 | AV17: =[2]หน้าผ้า!EB26 -> 0 | AW17: =[2]หน้าผ้า!EC26 -> งานพิมพ์ | AX17: =[2]หน้าผ้า!ED26 -> รอART | AY17: =[2]หน้าผ้า!AG26 -> 0 | AZ17: =[2]หน้าผ้า!EG26 -> 0 | BA17: =[2]หน้าผ้า!EH26 -> 0 | BB17: =[2]หน้าผ้า!EI26 -> 0 | BC17: =[2]หน้าผ้า!BZ26 -> WRWT25800/WRWT25800 | BD17: =[2]หน้าผ้า!CA26 -> 77.85752
... A574: =[2]หน้าผ้า!C583 -> 0 | B574: =[2]หน้าผ้า!B583 -> 0 | C574: =[2]หน้าผ้า!E583 -> 0 | D574: =[2]หน้าผ้า!F583 -> 0 | E574: =[2]หน้าผ้า!G583 -> 0 | F574: =[2]หน้าผ้า!H583 -> 0 | G574: =[2]หน้าผ้า!I583 -> 0 | H574: =[2]หน้าผ้า!J583 -> 0 | I574: =[2]หน้าผ้า!L583 -> 0 | J574: =[2]หน้าผ้า!M583 -> 0 | K574: =[2]หน้าผ้า!N583 -> 0 | L574: =[2]หน้าผ้า!R583 -> 0 | M574: =[2]หน้าผ้า!T583 -> 0 | N574: =[2]หน้าผ้า!U583 -> 0 | O574: =[2]หน้าผ้า!V583 -> 0 | P574: =[2]หน้าผ้า!AB583 -> 0 | Q574: =[2]หน้าผ้า!AC583 -> 0 | R574: =[2]หน้าผ้า!AD583 -> 0 | S574: =[2]หน้าผ้า!Z583 -> 0 | T574: =[2]หน้าผ้า!X583 -> 0 | U574: =[2]หน้าผ้า!AA583 -> 0 | V574: =[2]หน้าผ้า!AJ583 -> 0 | W574: =[2]หน้าผ้า!AL583 -> 0 | X574: =[2]หน้าผ้า!AM583 -> 0 | Y574: =[2]หน้าผ้า!AN583 -> 0 | Z574: =[2]หน้าผ้า!AO583 -> 0 | AA574: =[2]หน้าผ้า!AQ583 -> 0 | AB574: =[2]หน้าผ้า!AR583 -> 0 | AC574: =[2]หน้าผ้า!AS583 -> 0 | AD574: =[2]หน้าผ้า!AT583 -> 0 | AE574: =[2]หน้าผ้า!AU583 -> 0 | AF574: =[2]หน้าผ้า!AI583 -> 0 | AG574: =[3]หน้าผ้า!DC586 -> 0 | AH574: =[2]หน้าผ้า!DL583 -> 0 | AI574: =[2]หน้าผ้า!DM583 -> 0 | AJ574: =[2]หน้าผ้า!DN583 -> 0 | AK574: =[2]หน้าผ้า!DQ583 -> 0 | AL574: =[2]หน้าผ้า!DR583 -> 0 | AM574: =[2]หน้าผ้า!DS583 -> 0 | AN574: =[2]หน้าผ้า!DT583 -> 0 | AO574: =[2]หน้าผ้า!DU583 -> 0 | AP574: =[2]หน้าผ้า!DP583 -> 0 | AQ574: =[2]หน้าผ้า!DW583 -> 0 | AR574: =[2]หน้าผ้า!DX583 -> 0 | AS574: =[2]หน้าผ้า!DY583 -> 0 | AT574: =[2]หน้าผ้า!DZ583 -> 0 | AU574: =[2]หน้าผ้า!EA583 -> 0 | AV574: =[2]หน้าผ้า!EB583 -> 0 | AW574: =[2]หน้าผ้า!EC583 -> 0 | AX574: =[2]หน้าผ้า!ED583 -> 0 | AY574: =[2]หน้าผ้า!AG583 -> 0 | AZ574: =[2]หน้าผ้า!EG583 -> 0 | BA574: =[2]หน้าผ้า!EH583 -> 0 | BB574: =[2]หน้าผ้า!EI583 -> 0 | BC574: =[2]หน้าผ้า!BZ583 -> 0 | BD574: =[2]หน้าผ้า!CA583 -> 0

Sheet 3(Order+Fc) แยกลูกค้า
A1: เลขที่ SO | B1: (หลายรายการ)
A2: วันส่ง | B2: (หลายรายการ) | D2: 12 | I2: เมตร | J2: vn | K2: ใบ | P2: วัน
A4: ประเภท | B4: ชื่อลูกค้า | C4: ผลรวม ของ จำนวนส่ง | D4: ผลรวม ของ ค้างพิมพ์ | E4: ผลรวม ของ ค้างตัด | F4: ผลรวม ของ Stock | G4: ผลรวม ของ ใช้ | H4: ผลรวม ของ ค้างทอ
A5: WSWT1425800 | B5: หจก.ปึงเป้งน้ำ | C5: 10000 | D5: 10500 | E5: 10000 | F5: 4949 | G5: 6565.9 | H5: 1616.9 | I5: =H5 -> 1616.9
A6: WSWT1425800 ผลรวม | C6: 10000 | D6: 10500 | E6: 10000 | F6: 4949 | G6: 6565.9 | H6: 1616.9
A7: WSWT1625800 | B7: บจก.เคอรี่ฟลาวมิลล์ | C7: 5000 | D7: 5250 | E7: 5000 | F7: 2093 | G7: 3702.05 | H7: 1609.05 | I7: =H7 -> 1609.05
A8: WSWT1625800 ผลรวม | C8: 5000 | D8: 5250 | E8: 5000 | F8: 2093 | G8: 3702.05 | H8: 1609.05 | I8: =H8 -> 1609.05
A9: WSWT1921720 | B9: บจก.เคอรี่ฟลาวมิลล์ | C9: 195000 | D9: 141750 | E9: 195000 | F9: 13201.65 | G9: 164496.75 | H9: 151295.1 | I9: =H9 -> 151295.1
A10: WSWT1921720 ผลรวม | C10: 195000 | D10: 141750 | E10: 195000 | F10: 13201.65 | G10: 164496.75 | H10: 151295.1 | I10: =H10 -> 151295.1
A11: WSWT1925800 | B11: บจก.เพรซิเดนท์ฟลาวมิลล์ | C11: 100000 | D11: 105000 | E11: 100000 | F11: 88011 | G11: 88011 | H11: 0
B12: บจก.ซีแมน | C12: 50000 | D12: 52500 | E12: 50000 | F12: 4667 | G12: 41211.5 | H12: 36544.5 | I12: =H12 -> 36544.5
A13: WSWT1925800 ผลรวม | C13: 150000 | D13: 157500 | E13: 150000 | F13: 92678 | G13: 129222.5 | H13: 36544.5
A14: WSWT2025800 | B14: บจก.เคอรี่ฟลาวมิลล์ | C14: 10000 | D14: 10500 | E14: 10000 | F14: 0 | G14: 9359.9 | H14: 9359.9 | I14: =H14 -> 9359.9 | P14: 15000 | Q14: =+K14/P14 -> 0
B15: บจก.เบทาโกร | C15: 176000 | D15: 184800 | E15: 176000 | F15: 0 | G15: 189321.44 | H15: 189321.44
B16: บจก.อินเทคค์ โกลบอล | C16: 180000 | D16: 189000 | E16: 180000 | F16: 0 | G16: 188595 | H16: 188595 | I16: =H16 -> 188595
A17: WSWT2025800 ผลรวม | C17: 366000 | D17: 384300 | E17: 366000 | F17: 0 | G17: 387276.34 | H17: 387276.34 | I17: =H17 -> 387276.34
A18: WSWT2025800SM | B18: บจก.ซันฟีด | C18: 134500 | D18: 111766.2 | E18: 109264 | F18: 0 | G18: 117572.58 | H18: 117572.58 | I18: =H18 -> 117572.58
B19: บจก.อินเทคค์ โกลบอล | C19: 185040 | D19: 189000 | E19: 183840 | F19: 13645.5 | G19: 188595 | H19: 174949.5 | I19: =H19 -> 174949.5
B20: บจก.เอพีเอ็ม อะโกร | C20: 17500 | D20: 15821.4 | E20: 15068 | F20: 75.04684 | G20: 16797.137 | H20: 16722.09 | I20: =H20 -> 16722.09 | P20: 16000 | Q20: =+K20/P20 -> 0
B21: บจก.เอสพีเอ็ม อาหารสัตว์ | C21: 5000 | D21: 5250 | E21: 5000 | F21: 0 | G21: 5518.15 | H21: 5518.15
B22: บจก.วีซีเอฟ | C22: 30000 | D22: 31500 | E22: 30000 | F22: 0 | G22: 32270.7 | H22: 32270.7 | I22: =H22 -> 32270.7
B23: บจก.เอ.เจ.ฟาร์ม่าแล็บ | C23: 16000 | D23: 16800 | E23: 16000 | F23: 0 | G23: 15869.92 | H23: 15869.92
B24: คุณชายชล จันทร์สว่างกูล | C24: 1500 | D24: 1575 | E24: 1500 | F24: 0 | G24: 1487.805 | H24: 1487.805 | I24: =H24 -> 1487.805
A25: WSWT2025800SM ผลรวม | C25: 389540 | D25: 371712.6 | E25: 360672 | F25: 13720.547 | G25: 378111.29 | H25: 364390.75
A26: WSWT2025850 | B26: บจก.ซันฟีด | C26: 361000 | D26: 340473 | E26: 334872 | F26: 0 | G26: 357954.15 | H26: 357954.15 | I26: =H26 -> 357954.15
A27: WSWT2025850 ผลรวม | C27: 361000 | D27: 340473 | E27: 334872 | F27: 0 | G27: 357954.15 | H27: 357954.15
A28: WSWT2121670SM | B28: บจก.ที.ซี.ยูเนี่ยน อโกรเทค | C28: 48000 | D28: 48553.05 | E28: 46241 | F28: 0 | G28: 49740.981 | H28: 49740.981 | I28: =H28 -> 49740.981
B29: บจก.เอพีเอ็ม อะโกร | C29: 5000 | D29: 5250 | E29: 5000 | F29: 0 | G29: 5797.55 | H29: 5797.55 | I29: =H29 -> 5797.55
B30: บจก.แอมโก้เวท | C30: 20000 | D30: 21000 | E30: 20000 | F30: 0 | G30: 21513.8 | H30: 21513.8 | I30: =H30 -> 21513.8
B31: บจก.พี.เอส.อินเตอร์เวท | C31: 6000 | D31: 5250 | E31: 6000 | F31: 6398.26 | G31: 6398.26 | H31: 0 | P31: 15000 | Q31: =+K31/P31 -> 0
A32: WSWT2121670SM ผลรวม | C32: 79000 | D32: 80053.05 | E32: 77241 | F32: 6398.26 | G32: 83450.591 | H32: 77052.331 | I32: =H32 -> 77052.331
A33: WSWT2321112512551VN | B33: บจก.น้ำตาลทิพย์สุโขทัย | C33: 100000 | D33: 88281.9 | E33: 85837 | F33: 49306.403 | G33: 92498.637 | H33: 43192.234 | I33: =H33 -> 43192.234
A34: WSWT2321112512551VN ผลรวม | C34: 100000 | D34: 88281.9 | E34: 85837 | F34: 49306.403 | G34: 92498.637 | H34: 43192.234 | I34: =H34 -> 43192.234
A35: WSWT2321750 | B35: คุณวัลภา เผ่าเต้ม | C35: 10000 | D35: 10500 | E35: 10000 | F35: 5633 | G35: 10756.9 | H35: 5123.9 | I35: =H35 -> 5123.9
A36: WSWT2321750 ผลรวม | C36: 10000 | D36: 10500 | E36: 10000 | F36: 5633 | G36: 10756.9 | H36: 5123.9 | I36: =H36 -> 5123.9
A37: WSWT2325650 | B37: บจก.ซิเบลโก้(สบปราบ) | C37: 30000 | D37: 31500 | E37: 30000 | F37: 13938.7 | G37: 29756.1 | H37: 15817.4 | I37: =H37 -> 15817.4
B38: ร้าน.ส.กิจเจริญพันธุ์ข้าว | C38: 2000 | D38: 0 | E38: 2000 | F38: 0 | G38: 1983.74 | H38: 1983.74 | I38: =H38 -> 1983.74
A39: WSWT2325650 ผลรวม | C39: 32000 | D39: 31500 | E39: 32000 | F39: 13938.7 | G39: 31739.84 | H39: 17801.14 | I39: =H39 -> 17801.14
A40: WSWT2625850SM | B40: บจก.ที.ซี.ยูเนี่ยน อโกรเทค | C40: 18000 | D40: 18900 | E40: 18000 | F40: 22379.94 | G40: 22379.94 | H40: 0 | I40: =H40 -> 0
A41: WSWT2625850SM ผลรวม | C41: 18000 | D41: 18900 | E41: 18000 | F41: 22379.94 | G41: 22379.94 | H41: 0
A42: WSWTSCL052325650 | B42: ร้าน.ส.กิจเจริญพันธุ์ข้าว | C42: 5000 | D42: 5250 | E42: 5000 | F42: 0 | G42: 4959.35 | H42: 4959.35 | I42: =H42 -> 4959.35
A43: WSWTSCL052325650 ผลรวม | C43: 5000 | D43: 5250 | E43: 5000 | F43: 0 | G43: 4959.35 | H43: 4959.35
A44: ผลรวมทั้งหมด | C44: 1720540 | D44: 1645970.6 | E44: 1649622 | F44: 224298.5 | G44: 1673114.2 | H44: 1448815.7 | I44: =H44 -> 1448815.7
I45: =H45 -> 0
J46: 74000
I47: =H47 -> 0
I48: =H48 -> 0
I51: =H51 -> 0
I52: =H52 -> 0
I54: =H54 -> 0
I55: =H55 -> 0
I56: =H56-J56 -> -166000 | J56: 166000
I58: =H58 -> 0
I59: =H59 -> 0
I60: =H60 -> 0
I61: =H61 -> 0
I62: =H62 -> 0
I64: =H64 -> 0
I65: =H65 -> 0
I66: =H66 -> 0
I68: =H68 -> 0
I70: =H70 -> 0
I72: =H72 -> 0
I73: =H73 -> 0
I75: =SUM(I5:I74) -> 3204272.1
I79: =I75+I77 -> 3204272.1 | J79: 16 | K79: =+I79*0.9779 -> 3133457.7
I81: =+I79/J79 -> 200267 | K81: =+K79*85 -> 2.663439e+08
K83: =+K81/1000 -> 266343.9
D119: Cap พิมพ์ | E119: Cap ตัด | F119: Stock 16/7 บ่าย | G119: Cap ทอ | I119: วันทงาน
B120: lส่ง | C120: 1-16/7 | D120: 160000 | E120: 160000 | G120: 120000 | I120: 12
C121: 1975256 | D121: =+D120*I120 -> 1920000 | E121: =+E120*I120 -> 1920000 | F121: 825147 | G121: =+G120*I120 -> 1440000
A122: เบทาโกรส่งแล้ว | B122: 20700 | C122: 424374
A123: เบทาโกรส่งแล้ว | B123: 20800 | C123: 155973
C126: รวมส่ง+ค้างส่ง | D126: ส่วนต่างCapคงเหลือ | E126: ส่วนต่างCapคงเหลือ | F126: คงเหลือ
C127: =+C50+C121 -> 1975256 | D127: =+D121-D50 -> 1920000 | E127: =+E121-E50 -> 1920000 | F127: =+F121-F50 -> 825147 | G127: =+G121-G50 -> 1440000
B129: 20700VN 20/7 | G129: 350000

Sheet 5(Order)
A2: เลขที่ SO | B2: (หลายรายการ)
A3: วันส่ง | B3: รอแจ้ง
A4: ชื่อลูกค้า | B4: (ทั้งหมด)
A6: ประเภท | B6: ผลรวม ของ จำนวนส่ง | C6: ผลรวม ของ ค้างพิมพ์ | D6: ผลรวม ของ ค้างตัด | E6: ผลรวม ของ Stock | F6: ผลรวม ของ ใช้ | G6: ผลรวม ของ ค้างทอ
A7: WSWT19251000SM | B7: 400 | C7: 0 | D7: 400 | E7: 0 | F7: 0 | G7: 0
A8: WSWT2025800SM | B8: 32862 | C8: 25200 | D8: 32795 | E8: 0 | F8: 26654.76 | G8: 26654.76
A9: WSWT2121670SM | B9: 59000 | C9: 61950 | D9: 59000 | E9: 43530.52 | F9: 64499.49 | G9: 20968.97
A10: WSWT2321112512551 | B10: 106278 | C10: 111591.9 | D10: 106278 | E10: 0 | F10: 114322.18 | G10: 114322.18
A11: WSWT2321750 | B11: 1000 | C11: 0 | D11: 1000 | E11: 0 | F11: 1159.51 | G11: 1159.51
A12: WSWT2625650 | B12: 4000 | C12: 4200 | D12: 4000 | E12: 0 | F12: 4749.8 | G12: 4749.8
A13: ผลรวมทั้งหมด | B13: 203540 | C13: 202941.9 | D13: 203473 | E13: 43530.52 | F13: 211385.74 | G13: 167855.22
A37: ยอดส่ง 1/1/68 - 17/1/68 | B37: 1287052
A38: Order+ส่ง | B38: =++B22+B37 -> 1287052
A39: ประมาณการ | I39: 0
A41: Order+ส่ง+ประมาณการ | B41: =+B22+B37+B39+B29 -> 1287052 | C41: =+C22+C37+C39+C29 -> 0 | D41: =+D22+D37+D39+D29 -> 0 | E41: =+E22+E37+E39+E29 -> 0 | F41: =+F22+F37+F39+F29 -> 0 | G41: =+G22+G37+G39+G29 -> 0
B43: 3000000 | I43: 9
B45: =+B41-B43 -> -1712948
D46: =+D22/I43 -> 0
C47: =+C41/I43 -> 0 | D47: =+D41/I43 -> 0 | G47: =+G41/I43 -> 0

Sheet 3(Order) แยกลูกค้า
A1: เลขที่ SO | B1: (หลายรายการ)
A2: วันส่ง | B2: รอแจ้ง
A4: ประเภท | B4: ชื่อลูกค้า | C4: ผลรวม ของ จำนวนส่ง | D4: ผลรวม ของ ค้างพิมพ์ | E4: ผลรวม ของ ค้างตัด | F4: ผลรวม ของ Stock | G4: ผลรวม ของ ค้างทอ | I4: vn
A5: WSWT1625800SM | B5: บจก.ซัน ซีเมนต์ โพรเซส | C5: 5000 | D5: 5250 | E5: 5000 | F5: 3702.05 | G5: 0 | H5: =G5 -> 0
A6: WSWT1625800SM ผลรวม | C6: 5000 | D6: 5250 | E6: 5000 | F6: 3702.05 | G6: 0 | H6: =G6 -> 0
A7: WSWT19251000SM | B7: บจก.อินเทคค์ โกลบอล | C7: 248 | D7: 0 | E7: 248 | F7: 0 | G7: 0 | H7: =G7 -> 0
A8: WSWT19251000SM ผลรวม | C8: 248 | D8: 0 | E8: 248 | F8: 0 | G8: 0
A9: WSWT2025800SM | B9: บจก.อินเทคค์ โกลบอล | C9: 10187 | D9: 0 | E9: 10187 | F9: 0 | G9: 0 | H9: =G9 -> 0
B10: บจก.เอพีเอ็ม อะโกร | C10: 5000 | D10: 5250 | E10: 5000 | F10: 0 | G10: 5518.15 | H10: =G10 -> 5518.15
A11: WSWT2025800SM ผลรวม | C11: 15187 | D11: 5250 | E11: 15187 | F11: 0 | G11: 5518.15
A12: WSWT2121670SM | B12: บจก.เอพีเอ็ม อะโกร | C12: 14000 | D12: 14700 | E12: 14000 | F12: 0 | G12: 15450.82 | H12: =G12 -> 15450.82
B13: บจก.เอสพีเอ็ม อาหารสัตว์ | C13: 5000 | D13: 5250 | E13: 5000 | F13: 5518.15 | G13: 0 | H13: =G13 -> 0
A14: WSWT2121670SM ผลรวม | C14: 19000 | D14: 19950 | E14: 19000 | F14: 5518.15 | G14: 15450.82 | H14: =G14 -> 15450.82
A15: WSWT2321112512551VN | B15: บจก.น้ำตาลทิพย์สุโขทัย | C15: 126278 | D15: 132591.9 | E15: 126278 | F15: 0 | G15: 135835.98
A16: WSWT2321112512551VN ผลรวม | C16: 126278 | D16: 132591.9 | E16: 126278 | F16: 0 | G16: 135835.98 | H16: =G16 -> 135835.98
A17: WSWT2625850SM | B17: บจก.ที.ซี.ยูเนี่ยน อโกรเทค | C17: 1300 | D17: 0 | E17: 1300 | F17: 0 | G17: 0
A18: WSWT2625850SM ผลรวม | C18: 1300 | D18: 0 | E18: 1300 | F18: 0 | G18: 0 | H18: =G18 -> 0
A19: ผลรวมทั้งหมด | C19: 167013 | D19: 163041.9 | E19: 167013 | F19: 9220.2 | G19: 156804.95 | H19: =G19 -> 156804.95
H20: =G20 -> 0
H21: =G21 -> 0
H23: =G23 -> 0
H25: =G25 -> 0
H27: =G27 -> 0
H28: =G28 -> 0
H29: =G29 -> 0
H31: =G31 -> 0
H32: =G32 -> 0
H33: =G33 -> 0
H34: =G34 -> 0
H35: =G35 -> 0
... H68: =G68 -> 0
H70: =SUM(H5:H69) -> 329060.72
D119: Cap พิมพ์ | E119: Cap ตัด | F119: Stock 16/7 บ่าย | G119: Cap ทอ | I119: วันทงาน
B120: lส่ง | C120: 1-16/7 | D120: 160000 | E120: 160000 | G120: 120000 | I120: 12
C121: 1975256 | D121: =+D120*I120 -> 1920000 | E121: =+E120*I120 -> 1920000 | F121: 825147 | G121: =+G120*I120 -> 1440000
A122: เบทาโกรส่งแล้ว | B122: 20700 | C122: 424374
A123: เบทาโกรส่งแล้ว | B123: 20800 | C123: 155973
C126: รวมส่ง+ค้างส่ง | D126: ส่วนต่างCapคงเหลือ | E126: ส่วนต่างCapคงเหลือ | F126: คงเหลือ
C127: =+C50+C121 -> 1975256 | D127: =+D121-D50 -> 1920000 | E127: =+E121-E50 -> 1920000 | F127: =+F121-F50 -> 825147 | G127: =+G121-G50 -> 1440000
B129: 20700VN 20/7 | G129: 350000

Sheet 3(Fc) แยกลูกค้
A1: เลขที่ SO | B1: ประมาณการ
A2: วันส่ง | B2: รอแจ้ง | D2: 12
A4: ประเภท | B4: ชื่อลูกค้า | C4: ผลรวม ของ จำนวนส่ง | D4: ผลรวม ของ ค้างพิมพ์ | E4: ผลรวม ของ ค้างตัด | F4: ผลรวม ของ Stock | G4: ผลรวม ของ ใช้ | H4: ผลรวม ของ ค้างทอ
A5: WSWT1921720 | B5: บจก.เคอรี่ฟลาวมิลล์ | C5: 300000 | D5: 315000 | E5: 300000 | F5: 0 | G5: 264033 | H5: 264033
A6: WSWT1921720 ผลรวม | C6: 300000 | D6: 315000 | E6: 300000 | F6: 0 | G6: 264033 | H6: 264033
A7: WSWT1925800SM | B7: บจก.เอเชี่ยนเคมิคัล | C7: 30000 | D7: 31500 | E7: 30000 | F7: 13045.25 | G7: 23050.5 | H7: 10005.25
A8: WSWT1925800SM ผลรวม | C8: 30000 | D8: 31500 | E8: 30000 | F8: 13045.25 | G8: 23050.5 | H8: 10005.25
A9: WSWT2025650 | B9: บจก.หนองบัวฟีดมิลล์ | C9: 10000 | D9: 0 | E9: 10000 | F9: 8801.1 | G9: 8801.1 | H9: 0
A10: WSWT2025650 ผลรวม | C10: 10000 | D10: 0 | E10: 10000 | F10: 8801.1 | G10: 8801.1 | H10: 0
A11: WSWT2025800 | B11: บจก.อินเทคค์ โกลบอล | C11: 30000 | D11: 31500 | E11: 30000 | F11: 0 | G11: 31432.5 | H11: 31432.5
A12: WSWT2025800 ผลรวม | C12: 30000 | D12: 31500 | E12: 30000 | F12: 0 | G12: 31432.5 | H12: 31432.5
A13: WSWT2025800SM | B13: บจก.ไทยธรรมดี | C13: 20000 | D13: 21000 | E13: 20000 | F13: 0 | G13: 21513.8 | H13: 21513.8
B14: บจก.วีซีเอฟ | C14: 40000 | D14: 42000 | E14: 40000 | F14: 0 | G14: 43027.6 | H14: 43027.6
A15: WSWT2025800SM ผลรวม | C15: 60000 | D15: 63000 | E15: 60000 | F15: 0 | G15: 64541.4 | H15: 64541.4
A16: WSWT2121670SM | B16: บจก.ที.ซี.ยูเนี่ยน อโกรเทค | C16: 10000 | D16: 10500 | E16: 10000 | F16: 0 | G16: 10756.9 | H16: 10756.9
B17: บจก.แอมโก้เวท | C17: 40000 | D17: 0 | E17: 40000 | F17: 43027.6 | G17: 43027.6 | H17: 0
A18: WSWT2121670SM ผลรวม | C18: 50000 | D18: 10500 | E18: 50000 | F18: 43027.6 | G18: 53784.5 | H18: 10756.9
A19: WSWT2125650 | B19: บจก.หนองบัวฟีดมิลล์ | C19: 10000 | D19: 0 | E19: 10000 | F19: 10000.15 | G19: 11036.3 | H19: 1036.15
A20: WSWT2125650 ผลรวม | C20: 10000 | D20: 0 | E20: 10000 | F20: 10000.15 | G20: 11036.3 | H20: 1036.15
A21: WSWT2325650 | B21: บจก.ซิเบลโก้ | C21: 20000 | D21: 21000 | E21: 20000 | F21: 0 | G21: 19837.4 | H21: 19837.4
B22: พันธุ์ข้าว | C22: 10000 | D22: 10500 | E22: 10000 | F22: 0 | G22: 9918.7 | H22: 9918.7
A23: WSWT2325650 ผลรวม | C23: 30000 | D23: 31500 | E23: 30000 | F23: 0 | G23: 29756.1 | H23: 29756.1
A24: WSWT2625650 | B24: บจก.โอเชี่ยนฟีด | C24: 60000 | D24: 0 | E24: 60000 | F24: 2000 | G24: 72923.4 | H24: 70923.4
B25: บจก.กบินทร์อินทรีย์ | C25: 20000 | D25: 21000 | E25: 20000 | F25: 11874.5 | G25: 23749 | H25: 11874.5
B26: คุณธนนท์ อุทัยไพศาลวงศ์ | C26: 10000 | D26: 0 | E26: 10000 | F26: 0 | G26: 11315.7 | H26: 11315.7
A27: WSWT2625650 ผลรวม | C27: 90000 | D27: 21000 | E27: 90000 | F27: 13874.5 | G27: 107988.1 | H27: 94113.6
A28: WSWT2625800 | B28: บจก.ที.ซี.ยูเนี่ยน อโกรเทค | C28: 30000 | D28: 0 | E28: 30000 | F28: 8418 | G28: 37299.9 | H28: 28881.9
A29: WSWT2625800 ผลรวม | C29: 30000 | D29: 0 | E29: 30000 | F29: 8418 | G29: 37299.9 | H29: 28881.9
A30: WSWT2625850SM | B30: บจก.ที.ซี.ยูเนี่ยน อโกรเทค | C30: 20000 | D30: 21000 | E30: 20000 | F30: 2620 | G30: 24866.6 | H30: 22246.6
A31: WSWT2625850SM ผลรวม | C31: 20000 | D31: 21000 | E31: 20000 | F31: 2620 | G31: 24866.6 | H31: 22246.6
A32: ผลรวมทั้งหมด | C32: 660000 | D32: 525000 | E32: 660000 | F32: 99786.6 | G32: 656590 | H32: 556803.4
D119: Cap พิมพ์ | E119: Cap ตัด | F119: Stock 16/7 บ่าย | G119: Cap ทอ | I119: วันทงาน
B120: lส่ง | C120: 1-16/7 | D120: 160000 | E120: 160000 | G120: 120000 | I120: 12
C121: 1975256 | D121: =+D120*I120 -> 1920000 | E121: =+E120*I120 -> 1920000 | F121: 825147 | G121: =+G120*I120 -> 1440000
A122: เบทาโกรส่งแล้ว | B122: 20700 | C122: 424374
A123: เบทาโกรส่งแล้ว | B123: 20800 | C123: 155973
C126: รวมส่ง+ค้างส่ง | D126: ส่วนต่างCapคงเหลือ | E126: ส่วนต่างCapคงเหลือ | F126: คงเหลือ
C127: =+C50+C121 -> 1975256 | D127: =+D121-D50 -> 1920000 | E127: =+E121-E50 -> 1920000 | F127: =+F121-F50 -> 825147 | G127: =+G121-G50 -> 1440000
B129: 20700VN 20/7 | G129: 350000

Sheet 4(Order+FC) (-4)
A2: เลขที่ SO | B2: (หลายรายการ)
A3: วันส่ง | B3: รอแจ้ง
A4: ชื่อลูกค้า | B4: (ทั้งหมด)
A6: ประเภท | B6: ผลรวม ของ จำนวนส่ง | C6: ผลรวม ของ ค้างพิมพ์ | D6: ผลรวม ของ ค้างตัด | E6: ผลรวม ของ Stock | F6: ผลรวม ของ ใช้ | G6: ผลรวม ของ ค้างทอ
A7: WSWT1625800SM | B7: 5000 | C7: 5250 | D7: 5000 | E7: 3372 | F7: 3702.05 | G7: 330.05 | H7: =+J7-I7 -> 330.05 | J7: =G7 -> 330.05
A8: WSWT2025700 | B8: 50000 | C8: 0 | D8: 50000 | E8: 14387 | F8: 55181.5 | G8: 40794.5 | H8: =+J8-I8 -> 40794.5 | J8: =G8 -> 40794.5
A9: WSWT2025800SM | B9: 48439 | C9: 45150 | D9: 48372 | E9: 0 | F9: 46506.13 | G9: 46506.13 | H9: =+J9-I9 -> 46506.13 | J9: =G9 -> 46506.13
A10: WSWT2121670SM | B10: 61000 | C10: 64050 | D10: 61000 | E10: 34422.08 | F10: 66147.95 | G10: 31725.87 | H10: =+J10-I10 -> 31725.87 | J10: =G10 -> 31725.87
A11: WSWT2321112512551 | B11: 106278 | C11: 111591.9 | D11: 106278 | E11: 0 | F11: 114322.18 | G11: 114322.18 | H11: =+J11-I11 -> 114322.18 | J11: =G11 -> 114322.18
A12: WSWT2625650 | B12: 50000 | C12: 10500 | D12: 50000 | E12: 0 | F12: 60490.1 | G12: 60490.1 | H12: =+J12-I12 -> 60490.1 | J12: =G12 -> 60490.1
A13: WSWT2625800 | B13: 20000 | C13: 0 | D13: 20000 | E13: 0 | F13: 24866.6 | G13: 24866.6 | H13: =+J13-I13 -> 24866.6 | J13: =G13 -> 24866.6
A14: ผลรวมทั้งหมด | B14: 340717 | C14: 236541.9 | D14: 340650 | E14: 52181.08 | F14: 371216.51 | G14: 319035.43 | H14: =+J14-I14 -> 319035.43 | J14: =G14 -> 319035.43
H15: =+J15-I15 -> 0 | J15: =G15 -> 0
H16: =+J16-I16 -> 0 | J16: =G16 -> 0
H17: 0 | I17: 160000 | J17: =G17 -> 0
H18: =+J18-I18 -> 0 | J18: =G18 -> 0
H19: =+J19-I19 -> 0 | J19: =G19 -> 0
H20: =+J20-I20 -> 0 | J20: =G20 -> 0
H21: =+J21-I21 -> 0 | J21: =G21 -> 0
H22: =+J22-I22 -> 0 | J22: =G22 -> 0
H23: =+J23-I23 -> 0 | J23: =G23 -> 0
H24: =+J24-I24 -> 0 | J24: =G24 -> 0
H25: =+J25-I25 -> 0 | J25: =G25 -> 0
H27: =SUM(H8:H25) -> 637740.81 | J27: =SUM(J8:J25) -> 637740.81
M28: =+GETPIVOTDATA("ผลรวม ของ ใช้",$A$6)+H29+H31 -> 461216.51
H30: =+H27 -> 637740.81
A31: กรม | B31: 70000 | C31: 70000 | D31: 70000 | G31: 90000 | H31: 90000 | I31: 95 | J31: =+H31*I31 -> 8550000 | K31: =+J31/1000 -> 8550
G33: 160000 | H33: =+H29+H30 -> 637740.81 | I33: 85 | J33: =+H33*I33 -> 54207969 | K33: =+J33/1000 -> 54207.969
H34: =+H30+H31+H29 -> 727740.81
H35: 15 | I35: =+H34/H35 -> 48516.054 | K35: =+K33+K31 -> 62757.969
N36: 705222
A37: ยอดส่ง 1/2/68 - 10/2/68 | B37: 817879 | I37: =+H35*100000 -> 1500000
N38: =+H34+N36 -> 1432962.8
H39: 16 | I39: =+H39*90000 -> 1440000
B41: =+B26+B37+B31 -> 887879 | C41: =+C26+C37+C31 -> 70000 | D41: =+D26+D37+D31 -> 70000 | E41: =+E26+E37+E31 -> 0 | F41: =+F26+F37+F31 -> 0
B43: 2992955
B45: =+B43-B41 -> 2105076 | C45: =+C32+($B$45*1) -> 2105076 | D45: =+D32+($B$45*1) -> 2105076 | E45: =+E31+($B$45*1) -> 2105076 | F45: =+F30+($B$45*1) -> 2105076 | G45: =+G30+($B$45*1) -> 2105076
C47: =+C41/13 -> 5384.6154 | D47: =+D41/15 -> 4666.6667
B49: 16 | C49: 135000 | D49: 135000
C50: =+B49*C49 -> 2160000 | D50: =+B49*D49 -> 2160000
C52: =+C50-C41 -> 2090000 | D52: =+D50-D41 -> 2090000
C55: 1681138.9
C57: =+C41-C55 -> -1611138.9
C59: =+C50-C41 -> 2090000

Sheet 4(Order+FC) (-5)
A3: เลขที่ SO | B3: (หลายรายการ)
A4: วันส่ง | B4: (หลายรายการ)
A6: ประเภท | B6: ชื่อลูกค้า | C6: ผลรวม ของ จำนวนส่ง | D6: ผลรวม ของ ค้างพิมพ์ | E6: ผลรวม ของ ค้างตัด | F6: ผลรวม ของ ใช้ | G6: ผลรวม ของ Stock | H6: ผลรวม ของ ค้างทอ
A7: WSWT1425800 | B7: บจก.ปึงเป้งน้ำ | C7: 10000 | D7: 10500 | E7: 10000 | F7: 6565.9 | G7: 6565.9 | H7: 0 | J7: =G7 -> 6565.9
A8: WSWT1425800 ผลรวม | C8: 10000 | D8: 10500 | E8: 10000 | F8: 6565.9 | G8: 6565.9 | H8: 0 | J8: =G8 -> 6565.9
A9: WSWT1621720SMFX | B9: โรงสีธัญญกิจ(ราชบุรี) | C9: 10000 | D9: 10500 | E9: 10000 | F9: 7404.1 | G9: 4589 | H9: 2815.1 | J9: =G9 -> 4589
A10: WSWT1621720SMFX ผลรวม | C10: 10000 | D10: 10500 | E10: 10000 | F10: 7404.1 | G10: 4589 | H10: 2815.1 | J10: =G10 -> 4589
A11: WSWT1625800 | B11: บจก.เคอรี่ฟลาวมิลล์ | C11: 10000 | D11: 10500 | E11: 10000 | F11: 7404.1 | G11: 7404.1 | H11: 0 | J11: =G11 -> 7404.1
A12: WSWT1625800 ผลรวม | C12: 10000 | D12: 10500 | E12: 10000 | F12: 7404.1 | G12: 7404.1 | H12: 0 | J12: =G12 -> 7404.1
A13: WSWT1825800 | B13: บจก.ฟาร์เธอร์ส วิง ซัพพลาย | C13: 15000 | D13: 15750 | E13: 15000 | F13: 13201.65 | G13: 12070 | H13: 1131.65 | J13: =G13 -> 12070
A14: WSWT1825800 ผลรวม | C14: 15000 | D14: 15750 | E14: 15000 | F14: 13201.65 | G14: 12070 | H14: 1131.65 | J14: =G14 -> 12070
A15: WSWT1825800SM | B15: บจก.2เอ็ม อโกรเท็ค | C15: 10000 | D15: 10500 | E15: 10000 | F15: 8801.1 | G15: 0 | H15: 8801.1 | J15: =G15 -> 0
A16: WSWT1825800SM ผลรวม | C16: 10000 | D16: 10500 | E16: 10000 | F16: 8801.1 | G16: 0 | H16: 8801.1 | J16: =G16 -> 0
A17: WSWT1921720 | B17: บจก.เคอรี่ฟลาวมิลล์ | C17: 550000 | D17: 498750 | E17: 545000 | F17: 464292.95 | G17: 7603.75 | H17: 456689.2 | J17: =G17 -> 7603.75
A18: WSWT1921720 ผลรวม | C18: 550000 | D18: 498750 | E18: 545000 | F18: 464292.95 | G18: 7603.75 | H18: 456689.2 | I18: =54000+106000 -> 160000 | J18: =G18 -> 7603.75
A19: WSWT19251000SM | B19: บจก.อินเทคค์ โกลบอล | C19: 10080 | D19: 10584 | E19: 10080 | F19: 9998.0496 | G19: 8000.0248 | H19: 1998.0248 | J19: =G19 -> 8000.0248
A20: WSWT19251000SM ผลรวม | C20: 10080 | D20: 10584 | E20: 10080 | F20: 9998.0496 | G20: 8000.0248 | H20: 1998.0248 | J20: =G20 -> 8000.0248
A21: WSWT1925800 | B21: บจก.เพรซิเดนท์ฟลาวมิลล์ | C21: 120000 | D21: 126000 | E21: 120000 | F21: 105613.2 | G21: 0 | H21: 105613.2 | J21: =G21 -> 0
B22: บจก.ซีแมน | C22: 60000 | D22: 29400 | E22: 60000 | F22: 23408.132 | G22: 6923.532 | H22: 16484.6 | J22: =G22 -> 6923.532
B23: บจก.เอ็กเซลเล้นท์ | C23: 30000 | D23: 31500 | E23: 30000 | F23: 26403.3 | G23: 0 | H23: 26403.3 | J23: =G23 -> 0
A24: WSWT1925800 ผลรวม | C24: 210000 | D24: 186900 | E24: 210000 | F24: 155424.63 | G24: 6923.532 | H24: 148501.1 | J24: =G24 -> 6923.532
A25: WSWT1925800SM | B25: บจก.เอเชี่ยนเคมิคัล | C25: 10000 | D25: 10500 | E25: 10000 | F25: 7683.5 | G25: 7683.5 | H25: 0 | J25: =G25 -> 7683.5
A26: WSWT1925800SM ผลรวม | C26: 10000 | D26: 10500 | E26: 10000 | F26: 7683.5 | G26: 7683.5 | H26: 0 | J26: =G26 -> 7683.5
A27: WSWT2025650 | B27: บจก.หนองบัวฟีดมิลล์ | C27: 5000 | D27: 0 | E27: 5000 | F27: 4400.55 | G27: 0 | H27: 4400.55 | J27: =G27 -> 0
A28: WSWT2025650 ผลรวม | C28: 5000 | D28: 0 | E28: 5000 | F28: 4400.55 | G28: 0 | H28: 4400.55 | I28: =SUM(I9:I27) -> 160000 | J28: =SUM(J9:J27) -> 108547.81 | M28: =+GETPIVOTDATA("ผลรวม ของ ใช้",$A$6)+H29+H31 -> 2252602.2
A29: WSWT2025800 | B29: บจก.เคอรี่ฟลาวมิลล์ | C29: 10000 | D29: 5250 | E29: 5000 | F29: 4679.95 | G29: 0 | H29: 4679.95
B30: บจก.เบทาโกร | C30: 509000 | D30: 501488.4 | E30: 499143 | F30: 514758.97 | G30: 9000 | H30: 505758.97
B31: บจก.อินเทคค์ โกลบอล | C31: 50000 | D31: 29465.1 | E31: 50000 | F31: 30872.059 | G31: 0 | H31: 30872.059 | I31: 95 | J31: =+H31*I31 -> 2932845.6 | K31: =+J31/1000 -> 2932.8456
A32: WSWT2025800 ผลรวม | C32: 569000 | D32: 536203.5 | E32: 554143 | F32: 550310.98 | G32: 9000 | H32: 541310.98
A33: WSWT2025800SM | B33: บจก.อินเทคค์ โกลบอล | C33: 148841 | D33: 148187.55 | E33: 143801 | F33: 147870.01 | G33: 8000 | H33: 139870.01 | I33: 85 | J33: =+H33*I33 -> 11888950 | K33: =+J33/1000 -> 11888.95
B34: บจก.เอพีเอ็ม อะโกร | C34: 25000 | D34: 14700 | E34: 25000 | F34: 15450.82 | G34: 2000 | H34: 13450.82
B35: บจก.เอสพีเอ็ม อาหารสัตว์ | C35: 8000 | D35: 8400 | E35: 8000 | F35: 8745.22 | G35: 0 | H35: 8745.22 | I35: =+H34/H35 -> 1.5380768 | K35: =+K33+K31 -> 14821.796
B36: บจก.วีซีเอฟ | C36: 80000 | D36: 73500 | E36: 80000 | F36: 75298.3 | G36: 5378.45 | H36: 69919.85 | N36: 705222
A37: WSWT2025800SM ผลรวม | C37: 261841 | D37: 244787.55 | E37: 256801 | F37: 247364.35 | G37: 15378.45 | H37: 231985.9 | I37: =+H35*100000 -> 8.74522e+08
A38: WSWT2121670SM | B38: บจก.ที.ซี.ยูเนี่ยน อโกรเทค | C38: 36000 | D38: 37800 | E38: 36000 | F38: 38724.84 | G38: 17211.04 | H38: 21513.8 | N38: =+H34+N36 -> 718672.82
B39: บจก.เอพีเอ็ม อะโกร | C39: 5000 | D39: 0 | E39: 19 | F39: 0 | G39: 0 | H39: 0 | I39: =+H39*90000 -> 0
B40: บจก.เอสพีเอ็ม อาหารสัตว์ | C40: 3000 | D40: 0 | E40: 3000 | F40: 0 | G40: 0 | H40: 0
B41: บจก.แอมโก้เวท | C41: 40000 | D41: 42000 | E41: 40000 | F41: 43027.6 | G41: 0 | H41: 43027.6
B42: บจก.เอ็นบี ดิสทริบิวชั่น | C42: 35000 | D42: 15750 | E42: 30000 | F42: 16135.35 | G42: 10756.9 | H42: 5378.45
B43: บจก.หนองบัว อโกรฟอร์ไลด์ | C43: 5000 | D43: 0 | E43: 5000 | F43: 0 | G43: 0 | H43: 0
B44: คุณนพวินทร์ รัตนเศรษฐ์เมธา | C44: 5000 | D44: 5250 | E44: 5000 | F44: 5378.45 | G44: 5378.45 | H44: 0
A45: WSWT2121670SM ผลรวม | C45: 129000 | D45: 100800 | E45: 119019 | F45: 103266.24 | G45: 33346.39 | H45: 69919.85
A46: WSWT2125650 | B46: บจก.หนองบัวฟีดมิลล์ | C46: 40000 | D46: 0 | E46: 40000 | F46: 44145.2 | G46: 0 | H46: 44145.2
B47: บจก.เอเชี่ยนเคมิคัล | C47: 2000 | D47: 0 | E47: 2000 | F47: 1816.1 | G47: 0 | H47: 1816.1
B48: บจก.ไลม์มาสเตอร์ | C48: 10000 | D48: 10500 | E48: 10000 | F48: 9918.7 | G48: 0 | H48: 9918.7
A49: WSWT2125650 ผลรวม | C49: 52000 | D49: 10500 | E49: 52000 | F49: 55880 | G49: 0 | H49: 55880
A50: WSWT2221940 | B50: กองเมล็ดพันธุ์ข้าว กรมการข้าว | C50: 268368 | D50: 259284.9 | E50: 252429 | F50: 257176.91 | G50: 84469 | H50: 172707.91
A51: WSWT2221940 ผลรวม | C51: 268368 | D51: 259284.9 | E51: 252429 | F51: 257176.91 | G51: 84469 | H51: 172707.91
A52: WSWT2321750 | B52: บจก.ปริ้นซ์ อโกร ไซแอนส์ | C52: 8000 | D52: 8400 | E52: 8000 | F52: 8605.52 | G52: 1037 | H52: 7568.52
B53: บจก.รุ่งเรืองค้าเจริญ | C53: 4000 | D53: 4200 | E53: 4000 | F53: 4079.24 | G53: 4079.24 | H53: 0
A54: WSWT2321750 ผลรวม | C54: 12000 | D54: 12600 | E54: 12000 | F54: 12684.76 | G54: 5116.24 | H54: 7568.52
A55: WSWT2325650 | B55: บจก.ซิเบลโก้ | C55: 20000 | D55: 21000 | E55: 20000 | F55: 19837.4 | G55: 0 | H55: 19837.4
B56: บจก.กบินทร์อินทรีย์ | C56: 5000 | D56: 5250 | E56: 5000 | F56: 4679.95 | G56: 4679.95 | H56: 0
B57: บจก.ซิเบลโก้(บางเลน) | C57: 5000 | D57: 5250 | E57: 5000 | F57: 5518.15 | G57: 5518.15 | H57: 0
B58: พันธุ์ข้าว | C58: 7000 | D58: 7350 | E58: 7000 | F58: 6943.09 | G58: 0 | H58: 6943.09
B59: บจก.ซิเบลโก้(สบปราบ) | C59: 5000 | D59: 5250 | E59: 5000 | F59: 4959.35 | G59: 0 | H59: 4959.35
B60: คุณปราสาท เจริญธรรมรักษา | C60: 10000 | D60: 10500 | E60: 10000 | F60: 9918.7 | G60: 5553 | H60: 4365.7
A61: WSWT2325650 ผลรวม | C61: 52000 | D61: 54600 | E61: 52000 | F61: 51856.64 | G61: 15751.1 | H61: 36105.54
A62: WSWT2625650 | B62: บจก.กบินทร์อินทรีย์ | C62: 4000 | D62: 4200 | E62: 4000 | F62: 4749.8 | G62: 2306 | H62: 2443.8
B63: คุณธนนท์ อุทัยไพศาลวงศ์ | C63: 4563 | D63: 0 | E63: 4563 | F63: 5163.3539 | G63: 0 | H63: 5163.3539
A64: WSWT2625650 ผลรวม | C64: 8563 | D64: 4200 | E64: 8563 | F64: 9913.1539 | G64: 2306 | H64: 7607.1539
A65: WSWT262575051 | B65: บจก.ทีพีเค แอ็ดวานซ์ สตาร์ซ | C65: 10000 | D65: 7350 | E65: 7000 | F65: 8703.31 | G65: 0 | H65: 8703.31
A66: WSWT262575051 ผลรวม | C66: 10000 | D66: 7350 | E66: 7000 | F66: 8703.31 | G66: 0 | H66: 8703.31
A67: WSWT2625800 | B67: บจก.ที.ซี.ยูเนี่ยน อโกรเทค | C67: 10000 | D67: 0 | E67: 10000 | F67: 12433.3 | G67: 6278 | H67: 6155.3
A68: WSWT2625800 ผลรวม | C68: 10000 | D68: 0 | E68: 10000 | F68: 12433.3 | G68: 6278 | H68: 6155.3
A69: WSWT2625850SM | B69: บจก.ที.ซี.ยูเนี่ยน อโกรเทค | C69: 101000 | D69: 90459.6 | E69: 97152 | F69: 120792 | G69: 45818.63 | H69: 74973.366
A70: WSWT2625850SM ผลรวม | C70: 101000 | D70: 90459.6 | E70: 97152 | F70: 120792 | G70: 45818.63 | H70: 74973.366
A71: WSWT2825850 | B71: บจก.ที.ซี.ยูเนี่ยน อโกรเทค | C71: 20000 | D71: 0 | E71: 20000 | F71: 27101.8 | G71: 0 | H71: 27101.8
B72: บจก.ไทยร่วมใจน้ำมันพืช | C72: 50000 | D72: 52500 | E72: 50000 | F72: 59372.5 | G72: 4036 | H72: 55336.5
A73: WSWT2825850 ผลรวม | C73: 70000 | D73: 52500 | E73: 70000 | F73: 86474.3 | G73: 4036 | H73: 82438.3
A74: WSWTFCL022325650 | B74: คุณปราสาท เจริญธรรมรักษา | C74: 10000 | D74: 10500 | E74: 10000 | F74: 9918.7 | G74: 6043 | H74: 3875.7
A75: WSWTFCL022325650 ผลรวม | C75: 10000 | D75: 10500 | E75: 10000 | F75: 9918.7 | G75: 6043 | H75: 3875.7
A76: WSWTSCL052325650 | B76: โรงสีรุ่งเรืองไพศาล | C76: 5000 | D76: 5250 | E76: 5000 | F76: 5099.05 | G76: 5099.05 | H76: 0
A77: WSWTSCL052325650 ผลรวม | C77: 5000 | D77: 5250 | E77: 5000 | F77: 5099.05 | G77: 5099.05 | H77: 0
A78: ผลรวมทั้งหมด | C78: 2398852 | D78: 2153519.6 | E78: 2341187 | F78: 2217050.2 | G78: 293481.67 | H78: 1923568.6

Sheet 4(Order+FC)
A2: เลขที่ SO | B2: (หลายรายการ)
A3: วันส่ง | B3: (หลายรายการ)
A4: ชื่อลูกค้า | B4: (ทั้งหมด)
K5: 9
A6: ประเภท | B6: ผลรวม ของ จำนวนส่ง | C6: ผลรวม ของ ค้างพิมพ์ | D6: ผลรวม ของ ค้างตัด | E6: ผลรวม ของ ใช้ | F6: ผลรวม ของ Stock | G6: ผลรวม ของ ค้างทอ
A7: WSWT1425800 | B7: 10000 | C7: 10500 | D7: 10000 | E7: 6565.9 | F7: 6565.9 | G7: 0 | H7: =+J7-I7 -> 0 | J7: =G7 -> 0
A8: WSWT1621720SMFX | B8: 10000 | C8: 10500 | D8: 10000 | E8: 7404.1 | F8: 4589 | G8: 2815.1 | H8: =+J8-I8 -> 2815.1 | J8: =G8 -> 2815.1
A9: WSWT1625800 | B9: 10000 | C9: 10500 | D9: 10000 | E9: 7404.1 | F9: 7404.1 | G9: 0 | H9: =+J9-I9 -> 0 | J9: =G9 -> 0
A10: WSWT1825800 | B10: 15000 | C10: 15750 | D10: 15000 | E10: 13201.65 | F10: 12070 | G10: 1131.65 | H10: =+J10-I10 -> 1131.65 | J10: =G10 -> 1131.65
A11: WSWT1825800SM | B11: 10000 | C11: 10500 | D11: 10000 | E11: 8801.1 | F11: 0 | G11: 8801.1 | H11: =+J11-I11 -> 8801.1 | J11: =G11 -> 8801.1
A12: WSWT1921720 | B12: 550000 | C12: 498750 | D12: 545000 | E12: 464292.95 | F12: 7603.75 | G12: 456689.2 | H12: =+J12-I12 -> 456689.2 | J12: =G12 -> 456689.2 | K12: 40000 | L12: =+K5*K12 -> 360000 | M12: =+L12-J12 -> -96689.2
A13: WSWT19251000SM | B13: 10080 | C13: 10584 | D13: 10080 | E13: 9998.0496 | F13: 8000.0248 | G13: 1998.0248 | H13: =+J13-I13 -> 1998.0248 | J13: =G13 -> 1998.0248 | K13: 14000 | L13: =+K13*K5 -> 126000 | M13: =+L13-J13 -> 124001.98
A14: WSWT1925800 | B14: 210000 | C14: 186900 | D14: 210000 | E14: 155424.63 | F14: 6923.532 | G14: 148501.1 | H14: =+J14-I14 -> 148501.1 | J14: =G14 -> 148501.1
A15: WSWT1925800SM | B15: 10000 | C15: 10500 | D15: 10000 | E15: 7683.5 | F15: 7683.5 | G15: 0 | H15: =+J15-I15 -> 0 | J15: =G15 -> 0 | K15: 20000 | L15: =+K15*K5 -> 180000 | M15: =+L15-J15 -> 180000
A16: WSWT2025650 | B16: 5000 | C16: 0 | D16: 5000 | E16: 4400.55 | F16: 0 | G16: 4400.55 | H16: =+J16-I16 -> 4400.55 | J16: =G16 -> 4400.55
A17: WSWT2025800 | B17: 569000 | C17: 536203.5 | D17: 554143 | E17: 550310.98 | F17: 9000 | G17: 541310.98 | H17: =+J17-I17 -> 541310.98 | J17: =G17 -> 541310.98
A18: WSWT2025800SM | B18: 261841 | C18: 244787.55 | D18: 256801 | E18: 247364.35 | F18: 15378.45 | G18: 231985.9 | H18: =+J18-I18 -> 231985.9 | J18: =G18 -> 231985.9
A19: WSWT2121670SM | B19: 129000 | C19: 100800 | D19: 119019 | E19: 103266.24 | F19: 33346.39 | G19: 69919.85 | H19: 0 | I19: 54000 | J19: =G19 -> 69919.85
A20: WSWT2125650 | B20: 52000 | C20: 10500 | D20: 52000 | E20: 55880 | F20: 0 | G20: 55880 | H20: =+J20-I20 -> 55880 | J20: =G20 -> 55880
A21: WSWT2221940 | B21: 268368 | C21: 259284.9 | D21: 252429 | E21: 257176.91 | F21: 84469 | G21: 172707.91 | H21: =+J21-I21 -> 172707.91 | J21: =G21 -> 172707.91
A22: WSWT2321750 | B22: 12000 | C22: 12600 | D22: 12000 | E22: 12684.76 | F22: 5116.24 | G22: 7568.52 | H22: =+J22-I22 -> 7568.52 | J22: =G22 -> 7568.52
A23: WSWT2325650 | B23: 52000 | C23: 54600 | D23: 52000 | E23: 51856.64 | F23: 15751.1 | G23: 36105.54 | H23: =+J23-I23 -> 36105.54 | J23: =G23 -> 36105.54
A24: WSWT2625650 | B24: 8563 | C24: 4200 | D24: 8563 | E24: 9913.1539 | F24: 2306 | G24: 7607.1539 | H24: =+J24-I24 -> 7607.1539 | J24: =G24 -> 7607.1539
A25: WSWT262575051 | B25: 10000 | C25: 7350 | D25: 7000 | E25: 8703.31 | F25: 0 | G25: 8703.31 | H25: =+J25-I25 -> 8703.31 | J25: =G25 -> 8703.31
A26: WSWT2625800 | B26: 10000 | C26: 0 | D26: 10000 | E26: 12433.3 | F26: 6278 | G26: 6155.3 | H26: =+J26-I26 -> 6155.3 | J26: =G26 -> 6155.3
A27: WSWT2625850SM | B27: 101000 | C27: 90459.6 | D27: 97152 | E27: 120792 | F27: 45818.63 | G27: 74973.366 | H27: =+J27-I27 -> 74973.366 | J27: =G27 -> 74973.366
A28: WSWT2825850 | B28: 70000 | C28: 52500 | D28: 70000 | E28: 86474.3 | F28: 4036 | G28: 82438.3 | H28: =+J28-I28 -> 82438.3 | J28: =G28 -> 82438.3 | M28: =+GETPIVOTDATA("ผลรวม ของ ใช้",$A$6)+H29+H33 -> 4156823.2
A29: WSWTFCL022325650 | B29: 10000 | C29: 10500 | D29: 10000 | E29: 9918.7 | F29: 6043 | G29: 3875.7 | H29: =SUM(H7:H28) -> 1849773 | I29: =SUM(I7:I28) -> 54000 | J29: =SUM(J7:J28) -> 1919692.9
A30: WSWTSCL052325650 | B30: 5000 | C30: 5250 | D30: 5000 | E30: 5099.05 | F30: 5099.05 | G30: 0
A31: ผลรวมทั้งหมด | B31: 2398852 | C31: 2153519.6 | D31: 2341187 | E31: 2217050.2 | F31: 293481.67 | G31: 1923568.6
H32: =+H26 -> 6155.3 | I32: 85 | J32: =+(H32+H29)*I32 -> 1.5775391e+08 | K32: =+J32/1000 -> 157753.91
H33: 90000 | I33: 95 | J33: =+H33*I33 -> 8550000 | K33: =+J33/1000 -> 8550
H35: =+H32+H33+H29 -> 1945928.3 | K35: =+K32+K33 -> 166303.91
N36: 705222
A37: ยอดส่ง 1/2/68 - 17/2/68 | B37: 1565717 | H37: 15 | I37: =+H35/H37 -> 129728.55
N38: =+H35+N36 -> 2651150.3
I39: =+H37*110000 -> 1650000
B41: =+B29+B37+B31-110000 -> 3864569 | C41: =+C29+C37+C31 -> 2164019.6 | D41: =+D29+D37+D31-110000 -> 2241187 | E41: =+E29+E37+E31 -> 2226968.9 | F41: =+F29+F37+F31 -> 299524.67 | G41: =+G29+G37+G31 -> 1927444.3
B43: 3218150
B45: =+B43-B41 -> -646419
C47: =+C41/9 -> 240446.62 | D47: =+D41/9 -> 249020.78

Sheet 4(Order)
A2: เลขที่ SO | B2: (หลายรายการ)
A3: วันส่ง | B3: (หลายรายการ)
A4: ชื่อลูกค้า | B4: (ทั้งหมด)
A6: ประเภท | B6: ผลรวม ของ จำนวนส่ง | C6: ผลรวม ของ ค้างพิมพ์ | D6: ผลรวม ของ ค้างตัด | E6: ผลรวม ของ ใช้ | F6: ผลรวม ของ Stock | G6: ผลรวม ของ ค้างทอ
A7: WSWT1425800 | B7: 10000 | C7: 10500 | D7: 10000 | E7: 6565.9 | F7: 6565.9 | G7: 0 | I7: =+K7-J7 -> 0 | K7: =G7 -> 0
A8: WSWT1621720SMFX | B8: 10000 | C8: 10500 | D8: 10000 | E8: 7404.1 | F8: 4589 | G8: 2815.1 | I8: =+K8-J8 -> 2815.1 | K8: =G8 -> 2815.1
A9: WSWT1625800 | B9: 10000 | C9: 10500 | D9: 10000 | E9: 7404.1 | F9: 7404.1 | G9: 0 | I9: =+K9-J9 -> 0 | K9: =G9 -> 0
A10: WSWT1825800SM | B10: 10000 | C10: 10500 | D10: 10000 | E10: 8801.1 | F10: 0 | G10: 8801.1 | I10: =+K10-J10 -> 8801.1 | K10: =G10 -> 8801.1
A11: WSWT1921720 | B11: 225000 | C11: 157500 | D11: 220000 | E11: 178257.2 | F11: 7603.75 | G11: 170653.45 | I11: =+K11-J11 -> 170653.45 | K11: =G11 -> 170653.45
A12: WSWT19251000SM | B12: 10080 | C12: 10584 | D12: 10080 | E12: 9998.0496 | F12: 8000.0248 | G12: 1998.0248 | I12: =+K12-J12 -> 1998.0248 | K12: =G12 -> 1998.0248
A13: WSWT1925800 | B13: 60000 | C13: 29400 | D13: 60000 | E13: 23408.132 | F13: 6923.532 | G13: 16484.6 | I13: =+K13-J13 -> 16484.6 | K13: =G13 -> 16484.6
A14: WSWT1925800SM | B14: 10000 | C14: 10500 | D14: 10000 | E14: 7683.5 | F14: 7683.5 | G14: 0 | I14: =+K14-J14 -> 0 | K14: =G14 -> 0
A15: WSWT2025800 | B15: 569000 | C15: 536203.5 | D15: 554143 | E15: 550310.98 | F15: 9000 | G15: 541310.98 | I15: =+K15-J15 -> 541310.98 | K15: =G15 -> 541310.98
A16: WSWT2025800SM | B16: 141841 | C16: 118787.55 | D16: 136801 | E16: 121634.35 | F16: 15378.45 | G16: 106255.9 | I16: =+K16-J16 -> 106255.9 | K16: =G16 -> 106255.9
A17: WSWT2121670SM | B17: 64000 | C17: 32550 | D17: 54019 | E17: 33346.39 | F17: 33346.39 | G17: 0 | I17: 0 | J17: 54000 | K17: =G17 -> 0
A18: WSWT2125650 | B18: 32000 | C18: 10500 | D18: 32000 | E18: 33807.4 | F18: 0 | G18: 33807.4 | I18: =+K18-J18 -> 33807.4 | K18: =G18 -> 33807.4
A19: WSWT2321750 | B19: 12000 | C19: 12600 | D19: 12000 | E19: 12684.76 | F19: 5116.24 | G19: 7568.52 | I19: =+K19-J19 -> 7568.52 | K19: =G19 -> 7568.52
A20: WSWT2325650 | B20: 20000 | C20: 21000 | D20: 20000 | E20: 20116.8 | F20: 15751.1 | G20: 4365.7 | I20: =+K20-J20 -> 4365.7 | K20: =G20 -> 4365.7
A21: WSWT2625650 | B21: 8563 | C21: 4200 | D21: 8563 | E21: 9913.1539 | F21: 2306 | G21: 7607.1539 | I21: =+K21-J21 -> 7607.1539 | K21: =G21 -> 7607.1539
A22: WSWT262575051 | B22: 10000 | C22: 7350 | D22: 7000 | E22: 8703.31 | F22: 0 | G22: 8703.31 | I22: =+K22-J22 -> 8703.31 | K22: =G22 -> 8703.31
A23: WSWT2625800 | B23: 10000 | C23: 0 | D23: 10000 | E23: 12433.3 | F23: 6278 | G23: 6155.3 | I23: =+K23-J23 -> 6155.3 | K23: =G23 -> 6155.3
A24: WSWT2625850SM | B24: 101000 | C24: 90459.6 | D24: 97152 | E24: 120792 | F24: 45818.63 | G24: 74973.366 | I24: =+K24-J24 -> 74973.366 | K24: =G24 -> 74973.366
A25: WSWT2825850 | B25: 50000 | C25: 52500 | D25: 50000 | E25: 59372.5 | F25: 4036 | G25: 55336.5 | I25: =+K25-J25 -> 55336.5 | K25: =G25 -> 55336.5
A26: WSWTFCL022325650 | B26: 10000 | C26: 10500 | D26: 10000 | E26: 9918.7 | F26: 6043 | G26: 3875.7 | I26: =SUM(I7:I25) -> 1046836.4 | J26: =SUM(J7:J25) -> 54000 | K26: =SUM(K7:K25) -> 1046836.4
A27: WSWTSCL052325650 | B27: 5000 | C27: 5250 | D27: 5000 | E27: 5099.05 | F27: 5099.05 | G27: 0
A28: ผลรวมทั้งหมด | B28: 1378484 | C28: 1151884.7 | D28: 1336758 | E28: 1247654.8 | F28: 196942.67 | G28: 1050712.1
A37: ยอดส่ง 1/4/68 - 4/4/68 | B37: 333878
A38: Order+ส่ง | B38: =++B28+B37 -> 1712362
A39: ประมาณการ | B39: 752000 | C39: 742350 | D39: 752000 | E39: 712218.54 | F39: 12070 | G39: 700148.54
A41: Order+ส่ง+ประมาณการ | B41: =+B28+B37+B39+B31 -> 2464362 | C41: =+C24+C37+C39+C31 -> 832809.6 | D41: =+D24+D37+D39+D31 -> 849152 | E41: =+E24+E37+E39+E31 -> 833010.54 | F41: =+F24+F37+F39+F31 -> 57888.63 | G41: =+G24+G37+G39+G31 -> 775121.91
B43: 3171376
B45: =+B41-B43 -> -707014 | C45: =+$B$45 -> -707014 | D45: =+$B$45 -> -707014 | F45: =+$B$45 -> -707014
D47: =+D41/6 -> 141525.33

Sheet 4(Order) แยกลูกค้า
A1: เลขที่ SO | B1: (หลายรายการ)
A2: วันส่ง | B2: (หลายรายการ)
A4: ประเภท | B4: ชื่อลูกค้า | C4: ผลรวม ของ จำนวนส่ง | D4: ผลรวม ของ ค้างพิมพ์ | E4: ผลรวม ของ ค้างตัด | F4: ผลรวม ของ Stock | G4: ผลรวม ของ ค้างทอ | I4: vn
A5: WSWT1425800 | B5: บจก.ปึงเป้งน้ำ | C5: 10000 | D5: 10500 | E5: 10000 | F5: 6565.9 | G5: 0 | H5: =G5 -> 0
A6: WSWT1425800 ผลรวม | C6: 10000 | D6: 10500 | E6: 10000 | F6: 6565.9 | G6: 0 | H6: =G6 -> 0
A7: WSWT1621720SMFX | B7: โรงสีธัญญกิจ(ราชบุรี) | C7: 10000 | D7: 10500 | E7: 10000 | F7: 4589 | G7: 2815.1 | H7: =G7 -> 2815.1
A8: WSWT1621720SMFX ผลรวม | C8: 10000 | D8: 10500 | E8: 10000 | F8: 4589 | G8: 2815.1 | H8: =G8 -> 2815.1
A9: WSWT1625800 | B9: บจก.เคอรี่ฟลาวมิลล์ | C9: 10000 | D9: 10500 | E9: 10000 | F9: 7404.1 | G9: 0 | H9: =G9 -> 0
A10: WSWT1625800 ผลรวม | C10: 10000 | D10: 10500 | E10: 10000 | F10: 7404.1 | G10: 0 | H10: =G10 -> 0
A11: WSWT1825800SM | B11: บจก.2เอ็ม อโกรเท็ค | C11: 10000 | D11: 10500 | E11: 10000 | F11: 0 | G11: 8801.1 | H11: =G11 -> 8801.1
A12: WSWT1825800SM ผลรวม | C12: 10000 | D12: 10500 | E12: 10000 | F12: 0 | G12: 8801.1 | H12: =G12 -> 8801.1
A13: WSWT1921720 | B13: บจก.เคอรี่ฟลาวมิลล์ | C13: 225000 | D13: 157500 | E13: 220000 | F13: 7603.75 | G13: 170653.45 | H13: =G13 -> 170653.45
A14: WSWT1921720 ผลรวม | C14: 225000 | D14: 157500 | E14: 220000 | F14: 7603.75 | G14: 170653.45 | H14: =G14 -> 170653.45
A15: WSWT19251000SM | B15: บจก.อินเทคค์ โกลบอล | C15: 10080 | D15: 10584 | E15: 10080 | F15: 8000.0248 | G15: 1998.0248 | H15: =G15 -> 1998.0248
A16: WSWT19251000SM ผลรวม | C16: 10080 | D16: 10584 | E16: 10080 | F16: 8000.0248 | G16: 1998.0248 | H16: =G16 -> 1998.0248
A17: WSWT1925800 | B17: บจก.ซีแมน | C17: 60000 | D17: 29400 | E17: 60000 | F17: 6923.532 | G17: 16484.6 | H17: =G17 -> 16484.6
A18: WSWT1925800 ผลรวม | C18: 60000 | D18: 29400 | E18: 60000 | F18: 6923.532 | G18: 16484.6 | H18: =G18 -> 16484.6
A19: WSWT1925800SM | B19: บจก.เอเชี่ยนเคมิคัล | C19: 10000 | D19: 10500 | E19: 10000 | F19: 7683.5 | G19: 0 | H19: =G19 -> 0
A20: WSWT1925800SM ผลรวม | C20: 10000 | D20: 10500 | E20: 10000 | F20: 7683.5 | G20: 0 | H20: =G20 -> 0
A21: WSWT2025800 | B21: บจก.เคอรี่ฟลาวมิลล์ | C21: 10000 | D21: 5250 | E21: 5000 | F21: 0 | G21: 4679.95 | H21: =G21 -> 4679.95
B22: บจก.เบทาโกร | C22: 509000 | D22: 501488.4 | E22: 499143 | F22: 9000 | G22: 505758.97 | H22: =G22 -> 505758.97
B23: บจก.อินเทคค์ โกลบอล | C23: 50000 | D23: 29465.1 | E23: 50000 | F23: 0 | G23: 30872.059 | H23: =G23 -> 30872.059
A24: WSWT2025800 ผลรวม | C24: 569000 | D24: 536203.5 | E24: 554143 | F24: 9000 | G24: 541310.98 | H24: =G24 -> 541310.98
A25: WSWT2025800SM | B25: บจก.อินเทคค์ โกลบอล | C25: 28841 | D25: 22187.55 | E25: 23801 | F25: 8000 | G25: 14140.005 | H25: =G25 -> 14140.005
B26: บจก.เอพีเอ็ม อะโกร | C26: 25000 | D26: 14700 | E26: 25000 | F26: 2000 | G26: 13450.82 | H26: =G26 -> 13450.82
B27: บจก.เอสพีเอ็ม อาหารสัตว์ | C27: 8000 | D27: 8400 | E27: 8000 | F27: 0 | G27: 8745.22 | H27: =G27 -> 8745.22
B28: บจก.วีซีเอฟ | C28: 80000 | D28: 73500 | E28: 80000 | F28: 5378.45 | G28: 69919.85 | H28: =G28 -> 69919.85
A29: WSWT2025800SM ผลรวม | C29: 141841 | D29: 118787.55 | E29: 136801 | F29: 15378.45 | G29: 106255.9 | H29: =G29 -> 106255.9
A30: WSWT2121670SM | B30: บจก.ที.ซี.ยูเนี่ยน อโกรเทค | C30: 16000 | D30: 16800 | E30: 16000 | F30: 17211.04 | G30: 0 | H30: =G30 -> 0
B31: บจก.เอพีเอ็ม อะโกร | C31: 5000 | D31: 0 | E31: 19 | F31: 0 | G31: 0 | H31: =G31 -> 0
B32: บจก.เอสพีเอ็ม อาหารสัตว์ | C32: 3000 | D32: 0 | E32: 3000 | F32: 0 | G32: 0 | H32: =G32 -> 0
B33: บจก.เอ็นบี ดิสทริบิวชั่น | C33: 30000 | D33: 10500 | E33: 25000 | F33: 10756.9 | G33: 0 | H33: =G33 -> 0
B34: บจก.หนองบัว อโกรฟอร์ไลด์ | C34: 5000 | D34: 0 | E34: 5000 | F34: 0 | G34: 0 | H34: =G34 -> 0
B35: คุณนพวินทร์ รัตนเศรษฐ์เมธา | C35: 5000 | D35: 5250 | E35: 5000 | F35: 5378.45 | G35: 0 | H35: =G35 -> 0
A36: WSWT2121670SM ผลรวม | C36: 64000 | D36: 32550 | E36: 54019 | F36: 33346.39 | G36: 0 | H36: =G36 -> 0
A37: WSWT2125650 | B37: บจก.หนองบัวฟีดมิลล์ | C37: 20000 | D37: 0 | E37: 20000 | F37: 0 | G37: 22072.6 | H37: =G37 -> 22072.6
B38: บจก.เอเชี่ยนเคมิคัล | C38: 2000 | D38: 0 | E38: 2000 | F38: 0 | G38: 1816.1 | H38: =G38 -> 1816.1
B39: บจก.ไลม์มาสเตอร์ | C39: 10000 | D39: 10500 | E39: 10000 | F39: 0 | G39: 9918.7 | H39: =G39 -> 9918.7
A40: WSWT2125650 ผลรวม | C40: 32000 | D40: 10500 | E40: 32000 | F40: 0 | G40: 33807.4 | H40: =G40 -> 33807.4
A41: WSWT2221940 | B41: กองเมล็ดพันธุ์ข้าว กรมการข้าว | C41: 268368 | D41: 259284.9 | E41: 252429 | F41: 84469 | G41: 172707.91 | H41: =G41 -> 172707.91
A42: WSWT2221940 ผลรวม | C42: 268368 | D42: 259284.9 | E42: 252429 | F42: 84469 | G42: 172707.91 | H42: =G42 -> 172707.91
A43: WSWT2321750 | B43: บจก.ปริ้นซ์ อโกร ไซแอนส์ | C43: 8000 | D43: 8400 | E43: 8000 | F43: 1037 | G43: 7568.52 | H43: =G43 -> 7568.52
B44: บจก.รุ่งเรืองค้าเจริญ | C44: 4000 | D44: 4200 | E44: 4000 | F44: 4079.24 | G44: 0 | H44: =G44 -> 0
A45: WSWT2321750 ผลรวม | C45: 12000 | D45: 12600 | E45: 12000 | F45: 5116.24 | G45: 7568.52 | H45: =G45 -> 7568.52
A46: WSWT2325650 | B46: บจก.กบินทร์อินทรีย์ | C46: 5000 | D46: 5250 | E46: 5000 | F46: 4679.95 | G46: 0 | H46: =G46 -> 0
B47: บจก.ซิเบลโก้(บางเลน) | C47: 5000 | D47: 5250 | E47: 5000 | F47: 5518.15 | G47: 0 | H47: =G47 -> 0
B48: คุณปราสาท เจริญธรรมรักษา | C48: 10000 | D48: 10500 | E48: 10000 | F48: 5553 | G48: 4365.7 | H48: =G48 -> 4365.7
A49: WSWT2325650 ผลรวม | C49: 20000 | D49: 21000 | E49: 20000 | F49: 15751.1 | G49: 4365.7 | H49: =G49 -> 4365.7
A50: WSWT2625650 | B50: บจก.กบินทร์อินทรีย์ | C50: 4000 | D50: 4200 | E50: 4000 | F50: 2306 | G50: 2443.8 | H50: =G50 -> 2443.8
B51: คุณธนนท์ อุทัยไพศาลวงศ์ | C51: 4563 | D51: 0 | E51: 4563 | F51: 0 | G51: 5163.3539 | H51: =G51 -> 5163.3539
A52: WSWT2625650 ผลรวม | C52: 8563 | D52: 4200 | E52: 8563 | F52: 2306 | G52: 7607.1539 | H52: =G52 -> 7607.1539
A53: WSWT262575051 | B53: บจก.ทีพีเค แอ็ดวานซ์ สตาร์ซ | C53: 10000 | D53: 7350 | E53: 7000 | F53: 0 | G53: 8703.31 | H53: =G53 -> 8703.31
A54: WSWT262575051 ผลรวม | C54: 10000 | D54: 7350 | E54: 7000 | F54: 0 | G54: 8703.31 | H54: =G54 -> 8703.31
A55: WSWT2625800 | B55: บจก.ที.ซี.ยูเนี่ยน อโกรเทค | C55: 10000 | D55: 0 | E55: 10000 | F55: 6278 | G55: 6155.3 | H55: =G55 -> 6155.3
A56: WSWT2625800 ผลรวม | C56: 10000 | D56: 0 | E56: 10000 | F56: 6278 | G56: 6155.3 | H56: =G56 -> 6155.3
A57: WSWT2625850SM | B57: บจก.ที.ซี.ยูเนี่ยน อโกรเทค | C57: 101000 | D57: 90459.6 | E57: 97152 | F57: 45818.63 | G57: 74973.366 | H57: =G57 -> 74973.366
A58: WSWT2625850SM ผลรวม | C58: 101000 | D58: 90459.6 | E58: 97152 | F58: 45818.63 | G58: 74973.366 | H58: =G58 -> 74973.366
A59: WSWT2825850 | B59: บจก.ไทยร่วมใจน้ำมันพืช | C59: 50000 | D59: 52500 | E59: 50000 | F59: 4036 | G59: 55336.5 | H59: =G59 -> 55336.5
A60: WSWT2825850 ผลรวม | C60: 50000 | D60: 52500 | E60: 50000 | F60: 4036 | G60: 55336.5 | H60: =G60 -> 55336.5
A61: WSWTFCL022325650 | B61: คุณปราสาท เจริญธรรมรักษา | C61: 10000 | D61: 10500 | E61: 10000 | F61: 6043 | G61: 3875.7 | H61: =G61 -> 3875.7
A62: WSWTFCL022325650 ผลรวม | C62: 10000 | D62: 10500 | E62: 10000 | F62: 6043 | G62: 3875.7 | H62: =G62 -> 3875.7
A63: WSWTSCL052325650 | B63: โรงสีรุ่งเรืองไพศาล | C63: 5000 | D63: 5250 | E63: 5000 | F63: 5099.05 | G63: 0 | H63: =G63 -> 0
A64: WSWTSCL052325650 ผลรวม | C64: 5000 | D64: 5250 | E64: 5000 | F64: 5099.05 | G64: 0 | H64: =G64 -> 0
A65: ผลรวมทั้งหมด | C65: 1646852 | D65: 1411169.6 | E65: 1589187 | F65: 281411.67 | G65: 1223420 | H65: =G65 -> 1223420
H70: =SUM(H5:H69) -> 3670260
D119: Cap พิมพ์ | E119: Cap ตัด | F119: Stock 16/7 บ่าย | G119: Cap ทอ | I119: วันทงาน
B120: lส่ง | C120: 1-16/7 | D120: 160000 | E120: 160000 | G120: 120000 | I120: 12
C121: 1975256 | D121: =+D120*I120 -> 1920000 | E121: =+E120*I120 -> 1920000 | F121: 825147 | G121: =+G120*I120 -> 1440000
A122: เบทาโกรส่งแล้ว | B122: 20700 | C122: 424374
A123: เบทาโกรส่งแล้ว | B123: 20800 | C123: 155973
C126: รวมส่ง+ค้างส่ง | D126: ส่วนต่างCapคงเหลือ | E126: ส่วนต่างCapคงเหลือ | F126: คงเหลือ
C127: =+C50+C121 -> 1979256 | D127: =+D121-D50 -> 1915800 | E127: =+E121-E50 -> 1916000 | F127: =+F121-F50 -> 822841 | G127: =+G121-G50 -> 1437556.2
B129: 20700VN 20/7 | G129: 350000

Sheet 4(Fc) แยกลูกค้า
A1: เลขที่ SO | B1: ประมาณการ
A2: วันส่ง | B2: (หลายรายการ) | D2: 12
A4: ประเภท | B4: ชื่อลูกค้า | C4: ผลรวม ของ จำนวนส่ง | D4: ผลรวม ของ ค้างพิมพ์ | E4: ผลรวม ของ ค้างตัด | F4: ผลรวม ของ ใช้ | G4: ผลรวม ของ Stock | H4: ผลรวม ของ ค้างทอ
A5: WSWT1825800 | B5: บจก.ฟาร์เธอร์ส วิง ซัพพลาย | C5: 15000 | D5: 15750 | E5: 15000 | F5: 13201.65 | G5: 12070 | H5: 1131.65
A6: WSWT1825800 ผลรวม | C6: 15000 | D6: 15750 | E6: 15000 | F6: 13201.65 | G6: 12070 | H6: 1131.65
A7: WSWT1921720 | B7: บจก.เคอรี่ฟลาวมิลล์ | C7: 325000 | D7: 341250 | E7: 325000 | F7: 286035.75 | G7: 0 | H7: 286035.75
A8: WSWT1921720 ผลรวม | C8: 325000 | D8: 341250 | E8: 325000 | F8: 286035.75 | G8: 0 | H8: 286035.75
A9: WSWT1925800 | B9: บจก.เพรซิเดนท์ฟลาวมิลล์ | C9: 120000 | D9: 126000 | E9: 120000 | F9: 105613.2 | G9: 0 | H9: 105613.2
B10: บจก.เอ็กเซลเล้นท์ | C10: 30000 | D10: 31500 | E10: 30000 | F10: 26403.3 | G10: 0 | H10: 26403.3
A11: WSWT1925800 ผลรวม | C11: 150000 | D11: 157500 | E11: 150000 | F11: 132016.5 | G11: 0 | H11: 132016.5
A12: WSWT2025650 | B12: บจก.หนองบัวฟีดมิลล์ | C12: 5000 | D12: 0 | E12: 5000 | F12: 4400.55 | G12: 0 | H12: 4400.55
A13: WSWT2025650 ผลรวม | C13: 5000 | D13: 0 | E13: 5000 | F13: 4400.55 | G13: 0 | H13: 4400.55
A14: WSWT2025800SM | B14: บจก.อินเทคค์ โกลบอล | C14: 120000 | D14: 126000 | E14: 120000 | F14: 125730 | G14: 0 | H14: 125730
A15: WSWT2025800SM ผลรวม | C15: 120000 | D15: 126000 | E15: 120000 | F15: 125730 | G15: 0 | H15: 125730
A16: WSWT2121670SM | B16: บจก.ที.ซี.ยูเนี่ยน อโกรเทค | C16: 20000 | D16: 21000 | E16: 20000 | F16: 21513.8 | G16: 0 | H16: 21513.8
B17: บจก.แอมโก้เวท | C17: 40000 | D17: 42000 | E17: 40000 | F17: 43027.6 | G17: 0 | H17: 43027.6
B18: บจก.เอ็นบี ดิสทริบิวชั่น | C18: 5000 | D18: 5250 | E18: 5000 | F18: 5378.45 | G18: 0 | H18: 5378.45
A19: WSWT2121670SM ผลรวม | C19: 65000 | D19: 68250 | E19: 65000 | F19: 69919.85 | G19: 0 | H19: 69919.85
A20: WSWT2125650 | B20: บจก.หนองบัวฟีดมิลล์ | C20: 20000 | D20: 0 | E20: 20000 | F20: 22072.6 | G20: 0 | H20: 22072.6
A21: WSWT2125650 ผลรวม | C21: 20000 | D21: 0 | E21: 20000 | F21: 22072.6 | G21: 0 | H21: 22072.6
A22: WSWT2325650 | B22: บจก.ซิเบลโก้ | C22: 20000 | D22: 21000 | E22: 20000 | F22: 19837.4 | G22: 0 | H22: 19837.4
B23: พันธุ์ข้าว | C23: 7000 | D23: 7350 | E23: 7000 | F23: 6943.09 | G23: 0 | H23: 6943.09
B24: บจก.ซิเบลโก้(สบปราบ) | C24: 5000 | D24: 5250 | E24: 5000 | F24: 4959.35 | G24: 0 | H24: 4959.35
A25: WSWT2325650 ผลรวม | C25: 32000 | D25: 33600 | E25: 32000 | F25: 31739.84 | G25: 0 | H25: 31739.84
A26: WSWT2825850 | B26: บจก.ที.ซี.ยูเนี่ยน อโกรเทค | C26: 20000 | D26: 0 | E26: 20000 | F26: 27101.8 | G26: 0 | H26: 27101.8
A27: WSWT2825850 ผลรวม | C27: 20000 | D27: 0 | E27: 20000 | F27: 27101.8 | G27: 0 | H27: 27101.8
A28: ผลรวมทั้งหมด | C28: 752000 | D28: 742350 | E28: 752000 | F28: 712218.54 | G28: 12070 | H28: 700148.54
D119: Cap พิมพ์ | E119: Cap ตัด | F119: Stock 16/7 บ่าย | G119: Cap ทอ | I119: วันทงาน
B120: lส่ง | C120: 1-16/7 | D120: 160000 | E120: 160000 | G120: 120000 | I120: 12
C121: 1975256 | D121: =+D120*I120 -> 1920000 | E121: =+E120*I120 -> 1920000 | F121: 825147 | G121: =+G120*I120 -> 1440000
A122: เบทาโกรส่งแล้ว | B122: 20700 | C122: 424374
A123: เบทาโกรส่งแล้ว | B123: 20800 | C123: 155973
C126: รวมส่ง+ค้างส่ง | D126: ส่วนต่างCapคงเหลือ | E126: ส่วนต่างCapคงเหลือ | F126: คงเหลือ
C127: =+C50+C121 -> 1975256 | D127: =+D121-D50 -> 1920000 | E127: =+E121-E50 -> 1920000 | F127: =+F121-F50 -> 825147 | G127: =+G121-G50 -> 1440000
B129: 20700VN 20/7 | G129: 350000

Sheet ค้างทอ14-3-68
A3: ผลรวม ของ ค้างทอ | W3: ผลรวม ของ ค้างทอ
A4: ป้ายชื่อแถว | B4: 45726 | C4: 45728 | D4: 45729 | E4: 45730 | F4: 45731 | G4: 45732 | H4: 45733 | I4: 45735 | J4: 45736 | K4: 45737 | L4: 45738 | M4: 45739 | N4: 45740 | O4: 45741 | P4: 45742 | Q4: 45743 | R4: 45745 | S4: 45746 | T4: 45747 | U4: ค้างทอ | W4: ป้ายชื่อแถว | X4: 45749 | Y4: 45750 | Z4: 45751 | AA4: 45752 | AB4: 45760 | AC4: 45765 | AD4: 45766 | AE4: 45767 | AF4: 45775 | AG4: ผลรวมทั้งหมด
A5: WSWT1625800SM | U5: =SUM(B5:T5) -> 0 | W5: WSWT1625800SM | AG5: =SUM(X5:AF5) -> 0
A6: WSWT1825800 | U6: =SUM(B6:T6) -> 0 | W6: WSWT1825800 | AG6: =SUM(X6:AF6) -> 0
A7: WSWT1825800SM | U7: =SUM(B7:T7) -> 0 | W7: WSWT1825800SM | AG7: =SUM(X7:AF7) -> 0
A8: WSWT1921720 | B8: 30196.794 | D8: 22002.75 | E8: 18440.4 | F8: 22840.95 | H8: 45123.1 | J8: 22002.75 | K8: 22561.55 | L8: 14039.85 | M8: 22282.15 | N8: 35204.4 | U8: =SUM(B8:T8) -> 254694.69 | W8: WSWT1921720 | AG8: =SUM(X8:AF8) -> 0
A9: WSWT19251000SM | M9: 0 | U9: =SUM(B9:T9) -> 0 | W9: WSWT19251000SM | AG9: =SUM(X9:AF9) -> 0
A10: WSWT1925800 | F10: 0 | J10: 30464.7 | U10: =SUM(B10:T10) -> 30464.7 | W10: WSWT1925800 | AG10: =SUM(X10:AF10) -> 0
A11: WSWT1925800SM | C11: 0 | U11: =SUM(B11:T11) -> 0 | W11: WSWT1925800SM | AG11: =SUM(X11:AF11) -> 0
A12: WSWT2025650 | U12: =SUM(B12:T12) -> 0 | W12: WSWT2025650 | AG12: =SUM(X12:AF12) -> 0
A13: WSWT2025700 | U13: =SUM(B13:T13) -> 0 | W13: WSWT2025700 | AG13: =SUM(X13:AF13) -> 0
A14: WSWT2025800 | B14: 0 | C14: 33187.481 | D14: 12908.28 | I14: 86055.2 | J14: 21513.8 | L14: 64262 | M14: 140873.48 | P14: 102190.55 | Q14: 73901.3 | R14: 96812.1 | S14: 16135.35 | T14: 31432.5 | U14: =SUM(B14:T14) -> 679272.04 | W14: WSWT2025800 | X14: 21513.8 | Y14: 21513.8 | Z14: 10756.9 | AA14: 107569 | AB14: 21513.8 | AC14: 10756.9 | AD14: 21513.8 | AG14: =SUM(X14:AF14) -> 215138
A15: WSWT2025800SM | C15: 0 | D15: 0 | E15: 0 | F15: 0 | G15: 3310.89 | H15: 4959.35 | I15: 37649.15 | J15: 0 | K15: 0 | L15: 5280.66 | M15: 18342.959 | P15: 16554.45 | Q15: 47427.661 | U15: =SUM(B15:T15) -> 133525.12 | W15: WSWT2025800SM | AG15: =SUM(X15:AF15) -> 0
A16: WSWT2025850 | C16: 0 | D16: 712.8891 | E16: 0 | F16: 0 | G16: 0 | I16: 0 | K16: 0 | L16: 0 | U16: =SUM(B16:T16) -> 712.8891 | W16: WSWT2025850 | AG16: =SUM(X16:AF16) -> 0
A17: WSWT2121670SM | D17: 0 | I17: 0 | J17: 0 | P17: 0 | U17: =SUM(B17:T17) -> 0 | W17: WSWT2121670SM | AG17: =SUM(X17:AF17) -> 0
A18: WSWT2125650 | U18: =SUM(B18:T18) -> 0 | W18: WSWT2125650 | AG18: =SUM(X18:AF18) -> 0
A19: WSWT2221940 | O19: 177732.47 | U19: =SUM(B19:T19) -> 177732.47 | W19: WSWT2221940 | AG19: =SUM(X19:AF19) -> 0
A20: WSWT2321112512551 | U20: =SUM(B20:T20) -> 0 | W20: WSWT2321112512551 | AG20: =SUM(X20:AF20) -> 0
A21: WSWT2321112512551VN | U21: =SUM(B21:T21) -> 0 | W21: WSWT2321112512551VN | AF21: 49481.74 | AG21: =SUM(X21:AF21) -> 49481.74
A22: WSWT2321750 | D22: 2957.55 | J22: 11595.1 | L22: 4959.35 | U22: =SUM(B22:T22) -> 19512 | W22: WSWT2321750 | AG22: =SUM(X22:AF22) -> 0
A23: WSWT2325650 | E23: 2797.7 | F23: 4959.35 | P23: 0 | U23: =SUM(B23:T23) -> 7757.05 | W23: WSWT2325650 | AG23: =SUM(X23:AF23) -> 0
A24: WSWT2625650 | B24: 0 | G24: 0 | J24: 0 | U24: =SUM(B24:T24) -> 0 | W24: WSWT2625650 | AG24: =SUM(X24:AF24) -> 0
A25: WSWT262575051 | T25: 29183.25 | U25: =SUM(B25:T25) -> 29183.25 | W25: WSWT262575051 | AG25: =SUM(X25:AF25) -> 0
A26: WSWT2625800 | U26: =SUM(B26:T26) -> 0 | W26: WSWT2625800 | AG26: =SUM(X26:AF26) -> 0
A27: WSWT2625850SM | C27: 21299.9 | J27: 37299.9 | M27: 37299.9 | O27: 12433 | P27: 37300 | U27: =SUM(B27:T27) -> 145632.7 | W27: WSWT2625850SM | Y27: 37299.9 | AE27: 37299.9 | AG27: =SUM(X27:AF27) -> 74599.8
A28: WSWT2825850 | P28: 0 | U28: =SUM(B28:T28) -> 0 | W28: WSWT2825850 | AG28: =SUM(X28:AF28) -> 0
A29: WSWTFCL022325650 | P29: 12396.05 | U29: =SUM(B29:T29) -> 12396.05 | W29: WSWTFCL022325650 | AG29: =SUM(X29:AF29) -> 0
A30: WSWTSCL052325650 | F30: 0 | U30: =SUM(B30:T30) -> 0 | W30: WSWTSCL052325650 | AG30: =SUM(X30:AF30) -> 0
A31: ผลรวมทั้งหมด | B31: =SUM(B5:B30) -> 30196.794 | C31: =SUM(C5:C30) -> 54487.381 | D31: =SUM(D5:D30) -> 38581.469 | E31: =SUM(E5:E30) -> 21238.1 | F31: =SUM(F5:F30) -> 27800.3 | G31: =SUM(G5:G30) -> 3310.89 | H31: =SUM(H5:H30) -> 50082.45 | I31: =SUM(I5:I30) -> 123704.35 | ... U31: =SUM(U5:U30) -> 1490883 | W31: ผลรวมทั้งหมด | X31: =SUM(X5:X30) -> 21513.8 | Y31: =SUM(Y5:Y30) -> 58813.7 | Z31: =SUM(Z5:Z30) -> 10756.9 | AA31: =SUM(AA5:AA30) -> 107569 | AB31: =SUM(AB5:AB30) -> 21513.8 | AC31: =SUM(AC5:AC30) -> 10756.9 | AD31: =SUM(AD5:AD30) -> 21513.8 | AE31: =SUM(AE5:AE30) -> 37299.9 | ... AG31: =SUM(AG5:AG30) -> 339219.54

Sheet 4-4-68
B2: เรียงกำหนดส่ง | D2: ลบ 0 | T2: เรียง 1
B3: ข้อมูลUpdate ณ. วันที่ | D3: 45751 | E3: เวลา | G3: 10.53
A4: วันรับออร์เดอร์/แบบ | B4: เลขที่ SO | C4: ชื่อลูกค้า | E4: 10.3 | I4: น้ำหนัก | L4: บิด/จับจีบ | M4: ถุงใน | Q4: 44873 | S4: วิธีบรรจุ | T4: วันส่ง | U4: จำนวนส่ง | V4: ตัดเย็บ (ใบ) | W4: 44873 | X4: พิมพ์ (ใบ) | Y4: 44876 | Z4: ผ้าทอ (เมตร) Updateณ | AB4: 44876 | AD4: ผ้าเคลือบ(เมตร) | AF4: หมายเหตุ | AG4: เครื่อง
A5: วันรับออร์เดอร์/แบบ | B5: เลขที่ SO | C5: ชื่อลูกค้า | D5: ตรา | E5: กว้าง | F5: ยาว | G5: สี | H5: เคลือบ | I5: กรัม/ใบ | J5: * | K5: aw | L5: บิด/จับจีบ | M5: กว้าง | N5: ยาว | O5: หนา | P5: ใช้(กก.) | Q5: Stock(กก.) | R5: ผลิต(กก.) | S5: วิธีบรรจุ | T5: วันส่ง | U5: จำนวนส่ง | V5: StockFG | W5: ค้างตัด | X5: พิมพ์แล้ว | Y5: ค้างพิมพ์ | Z5: ประเภท | AA5: ใช้ | AB5: Stock | AC5: ค้างทอ | AD5: Stock | AE5: ค้างเคลือบ | AF5: หมายเหตุ | AG5: ที่พิมพ์ได้ | AH5: process | AI5: Lead time | AJ5: วันที่ส่งPL | AK5: เคลือบ | AL5: ได้ ART | AM5: พิมพ์ | AN5: จีบ-บิด | AO5: ตัด-เย็บ | AP5: ทอ | AQ5: สวมถุง | AR5: เย็บปาก | AS5: PT | AT5: ม้วน | AU5: ตัด | AV5: ตอกตาไก่ | AW5: GROUP | AX5: ART | AY5: หมายเหตุปัญหา | AZ5: ราคา/ใบ | BA5: ราคารวม | BB5: workweek | BC5: เส้นเทป | BD5: จำนวน
A6: 45743 | B6: MK68-000464 | C6: บจก.ปึงเป้งน้ำ | D6: เกลือตรามือ 10กก. | E6: 14 | F6: 22 | G6: ขาว | H6: ใส | I6: 42 | J6: ± | K6: 5 | L6: ไม่ | M6: ไม่สวมถุงใน | N6: 0 | O6: 0 | P6: 0 | Q6: 0 | R6: 0 | S6: 500กระสอบแบน | T6: 45757 | U6: 10000 | V6: 0 | W6: 10000 | X6: 0 | Y6: 10500 | Z6: WSWT1425800 | AA6: 6565.9 | AB6: 6565.9 | AC6: 0 | AD6: 2186 | AE6: 4379.9 | AF6: 0 | AG6: ยังไม่ได้พิมพ์ | AH6: P6 | AI6: 4 | AJ6: 45757 | AK6: 45753 | AL6: 45746 | AM6: 45754 | AN6: 45755 | AO6: 45756 | AP6: 45752 | AQ6: 0 | AR6: 0 | AS6: 0 | AT6: 0 | AU6: 0 | AV6: 0 | AW6: งานเคลือบ+พิมพ์ | AX6: / | AY6: 0 | AZ6: 0 | BA6: 0 | BB6: 0 | BC6: WRWT25800/WRWT25800 | BD6: 0
A7: 0 | B7: 0 | C7: 0 | D7: 0 | E7: 14 | F7: 22 | G7: ขาว | H7: 0 | I7: 36 | J7: ± | K7: 5 | L7: 0 | M7: 0 | N7: 0 | O7: 0 | P7: 0 | Q7: 0 | R7: 0 | S7: 0 | U7: 0 | V7: 0 | W7: 0 | X7: 0 | Y7: 0 | Z7: WSWT1425800 | AA7: 6565.9 | AB7: 6565.9 | AC7: 0 | AD7: 2186 | AE7: 4379.9 | AF7: ระบุในSD | AG7: พร้อมส่ง | AH7: 0 | AI7: Lead time | AJ7: 0 | AK7: 0 | AL7: 0 | AM7: 0 | AN7: 0 | AO7: 0 | AP7: 0 | AQ7: 0 | AR7: 0 | AS7: 0 | AT7: 0 | AU7: 0 | AV7: 0 | AW7: 0 | AX7: 0 | AY7: 0 | AZ7: 0 | BA7: 0 | BB7: 0 | BC7: WRWT140800/WRWT25800 | BD7: 0
A8: 45713 | B8: MK68-000278 | C8: บจก.พีค อินโนเวชั่นโปรดักส์ | D8: โลลิโก้ | E8: 16 | F8: 25 | G8: ขาว | H8: ใส | I8: 50 | J8: ± | K8: 5 | L8: บิด | M8: 19 | N8: 28 | O8: 40 | P8: 0 | Q8: 0 | R8: 0 | S8: 500กระสอบ | T8: รอส่ง | U8: 5000 | V8: 5049 | W8: 0 | X8: 5400 | Y8: 0 | Z8: WSWT1625800SM | AA8: 0 | AB8: 0 | AC8: 0 | AD8: 0 | AE8: 0 | AF8: 0 | AG8: ยังไม่ได้พิมพ์ | AH8: P8 | AI8: 4 | AJ8: รอส่ง | AK8: #VALUE! | AL8: #VALUE! | AM8: #VALUE! | AN8: #VALUE! | AO8: #VALUE! | AP8: #VALUE! | AQ8: #VALUE! | AR8: 0 | AS8: 0 | AT8: 0 | AU8: 0 | AV8: 0 | AW8: งานเคลือบ+พิมพ์ | AX8: / | AY8: ถุงในใช้ผสม กรีด 193340 193140 193370 | AZ8: 0 | BA8: 0 | BB8: 0 | BC8: WRWT25800/WRWT25800 | BD8: 0
A9: ประมาณการ | B9: ประมาณการ | C9: บจก.ซัน ซีเมนต์ โพรเซส | D9: พระอาทิตย์(ปูนนอน-ชริงค์) | E9: 16 | F9: 25 | G9: ขาว | H9: ใส | I9: 50 | J9: ± | K9: 5 | L9: บิด | M9: 19 | N9: 28 | O9: 40 | P9: 65.624643 | Q9: 0 | R9: 65.624643 | S9: 500กระสอบ | T9: รอแจ้ง | U9: 5000 | V9: 0 | W9: 5000 | X9: 0 | Y9: 5250 | Z9: WSWT1625800SM | AA9: 3702.05 | AB9: 3372 | AC9: 330.05 | AD9: 0 | AE9: 3702.05 | AF9: 0 | AG9: ยังไม่ได้พิมพ์ | AH9: P8 | AI9: 4 | AJ9: รอแจ้ง | AK9: #VALUE! | AL9: #VALUE! | AM9: #VALUE! | AN9: #VALUE! | AO9: #VALUE! | AP9: #VALUE! | AQ9: #VALUE! | AR9: 0 | AS9: 0 | AT9: 0 | AU9: 0 | AV9: 0 | AW9: งานเคลือบ+พิมพ์ | AX9: รอART | AY9: 0 | AZ9: 0 | BA9: 0 | BB9: 0 | BC9: WRWT25800/WRWT25800 | BD9: 18.776178
A10: 0 | B10: 0 | C10: 0 | E10: 16 | F10: 25 | G10: ขาว | H10: 0 | I10: 45 | J10: ± | K10: 5 | L10: 0 | M10: 0 | N10: 0 | O10: 0 | P10: 0 | Q10: 0 | R10: 0 | S10: 0 | U10: 0 | V10: 0 | W10: 0 | X10: 0 | Y10: 0 | Z10: WSWT1625800SM | AA10: 3702.05 | AB10: 3372 | AC10: 330.05 | AD10: 0 | AE10: 3702.05 | AF10: ระบุในSD | AG10: พร้อมส่ง | AH10: 0 | AI10: Lead time | AJ10: 0 | AK10: 0 | AL10: 0 | AM10: 0 | AN10: 0 | AO10: 0 | AP10: 0 | AQ10: 0 | AR10: 0 | AS10: 0 | AT10: 0 | AU10: 0 | AV10: 0 | AW10: 0 | AX10: 0 | AY10: 0 | AZ10: 0 | BA10: 0 | BB10: 0 | BC10: WRWT160800/WRWT25800 | BD10: 0
A11: 45751 | B11: ใบรับคำสั่งซื้อ | C11: บจก.เคอรี่ฟลาวมิลล์ | D11: โบว์น้ำเงิน 10กก. | E11: 16 | F11: 25 | G11: ขาว | H11: 0 | I11: 45 | J11: ± | K11: 5 | L11: ไม่ | M11: ไม่สวมถุงใน | N11: 0 | O11: 0 | P11: 0 | Q11: 0 | R11: 0 | S11: ห่ออัดเบลแบน500 | T11: 45773 | U11: 5000 | V11: 0 | W11: 5000 | X11: 0 | Y11: 5250 | Z11: WSWT1625800 | AA11: 3702.05 | AB11: 3702.05 | AC11: 0 | AD11: 0 | AE11: 0 | AF11: PDR250117 | AG11: ยังไม่ได้พิมพ์ | AH11: P7 | AI11: 2 | AJ11: 45773 | AK11: 0 | AL11: 45764 | AM11: 45771 | AN11: 45772 | AO11: 45772 | AP11: 45768 | AQ11: 0 | AR11: 0 | AS11: 0 | AT11: 0 | AU11: 0 | AV11: 0 | AW11: งานพิมพ์ | AX11: รอART | AY11: 0 | AZ11: 0 | BA11: 0 | BB11: 0 | BC11: WRWT25800/WRWT25800 | BD11: 0
A12: 45751 | B12: ใบรับคำสั่งซื้อ | C12: บจก.เคอรี่ฟลาวมิลล์ | D12: โบว์แดง 10กก. | E12: 16 | F12: 25 | G12: ขาว | H12: 0 | I12: 45 | J12: ± | K12: 5 | L12: ไม่ | M12: ไม่สวมถุงใน | N12: 0 | O12: 0 | P12: 0 | Q12: 0 | R12: 0 | S12: ห่ออัดเบลแบน500 | T12: 45773 | U12: 5000 | V12: 0 | W12: 5000 | X12: 0 | Y12: 5250 | Z12: WSWT1625800 | AA12: 3702.05 | AB12: 3702.05 | AC12: 0 | AD12: 0 | AE12: 0 | AF12: PDR250117 | AG12: พร้อมส่ง | AH12: P7 | AI12: 2 | AJ12: 45773 | AK12: 0 | AL12: 45764 | AM12: 45771 | AN12: 45772 | AO12: 45772 | AP12: 45768 | AQ12: 0 | AR12: 0 | AS12: 0 | AT12: 0 | AU12: 0 | AV12: 0 | AW12: งานพิมพ์ | AX12: รอART | AY12: 0 | AZ12: 0 | BA12: 0 | BB12: 0 | BC12: WRWT25800/WRWT25800 | BD12: 0
A13: 0 | B13: 0 | C13: 0 | D13: 0 | E13: 16 | F13: 25 | G13: ขาว | H13: 0 | I13: 45 | J13: ± | K13: 5 | L13: 0 | M13: 0 | N13: 0 | O13: 0 | P13: 0 | Q13: 0 | R13: 0 | S13: 0 | U13: 0 | V13: 0 | W13: 0 | X13: 0 | Y13: 0 | Z13: WSWT1625800 | AA13: 7404.1 | AB13: 7404.1 | AC13: 0 | AD13: 0 | AE13: 0 | AF13: ระบุในSD | AG13: ยังไม่ได้พิมพ์ | AH13: 0 | AI13: Lead time | AJ13: 0 | AK13: 0 | AL13: 0 | AM13: 0 | AN13: 0 | AO13: 0 | AP13: 0 | AQ13: 0 | AR13: 0 | AS13: 0 | AT13: 0 | AU13: 0 | AV13: 0 | AW13: 0 | AX13: 0 | AY13: 0 | AZ13: 0 | BA13: 0 | BB13: 0 | BC13: WRWT160800/WRWT25800 | BD13: 0
A14: 45744 | B14: ใบรับคำสั่งซื้อ | C14: โรงสีธัญญกิจ(ราชบุรี) | D14: ราชสีห์(ข้าวหอมมะลิ) | E14: 16 | F14: 25 | G14: ขาว | H14: 0 | I14: 47 | J14: ± | K14: 5 | L14: ไม่ | M14: ไม่สวมถุงใน | N14: 0 | O14: 0 | P14: 0 | Q14: 0 | R14: 0 | S14: 500กระสอบ | T14: 45756 | U14: 10000 | V14: 0 | W14: 10000 | X14: 0 | Y14: 10500 | Z14: WSWT1621720SMFX | AA14: 7404.1 | AB14: 4589 | AC14: 2815.1 | AD14: 0 | AE14: 0 | AF14: 0 | AG14: พร้อมส่ง | AH14: P7 | AI14: 2 | AJ14: 45756 | AK14: 0 | AL14: 45747 | AM14: 45754 | AN14: 45755 | AO14: 45755 | AP14: 45751 | AQ14: 0 | AR14: 0 | AS14: 0 | AT14: 0 | AU14: 0 | AV14: 0 | AW14: งานพิมพ์ | AX14: รอART | AY14: 0 | AZ14: 0 | BA14: 0 | BB14: 0 | BC14: WRWT21720/WRWT21720 | BD14: 167.55475
A15: 0 | B15: 0 | C15: 0 | D15: 0 | E15: 16 | F15: 25 | G15: 0 | H15: 0 | I15: 47 | J15: ± | K15: 5 | L15: 0 | M15: 0 | N15: 0 | O15: 0 | P15: 0 | Q15: 0 | R15: 0 | S15: 0 | U15: 0 | V15: 0 | W15: 0 | X15: 0 | Y15: 0 | Z15: WSWT1621720SMFX | AA15: 7404.1 | AB15: 4589 | AC15: 2815.1 | AD15: 0 | AE15: 0 | AF15: ระบุในSD | AG15: ยังไม่ได้พิมพ์ | AH15: 0 | AI15: 0 | AJ15: 0 | AK15: 0 | AL15: 0 | AM15: 0 | AN15: 0 | AO15: 0 | AP15: 0 | AQ15: 0 | AR15: 0 | AS15: 0 | AT15: 0 | AU15: 0 | AV15: 0 | AW15: 0 | AX15: 0 | AY15: 0 | AZ15: 0 | BA15: 0 | BB15: 0 | BC15: WRWT160720/WRWT21720 | BD15: 0
A16: ประมาณการ | B16: ประมาณการ | C16: บจก.ฟาร์เธอร์ส วิง ซัพพลาย | D16: รถไฟ | E16: 18 | F16: 30 | G16: ขาว | H16: 0 | I16: 54 | J16: ± | K16: 5 | L16: บิด | M16: 19 | N16: 33 | O16: 40 | P16: 232.02999 | Q16: 0 | R16: 232.02999 | S16: 500กระสอบ | T16: 45777 | U16: 15000 | V16: 0 | W16: 15000 | X16: 0 | Y16: 15750 | Z16: WSWT1825800 | AA16: 13201.65 | AB16: 12070 | AC16: 1131.65 | AD16: 0 | AE16: 0 | AF16: 0 | AG16: ยังไม่ได้พิมพ์ | AH16: P9 | AI16: 3 | AJ16: 45777 | AK16: 0 | AL16: 45767 | AM16: 45774 | AN16: 45775 | AO16: 45775 | AP16: 45772 | AQ16: 45776 | AR16: 0 | AS16: 0 | AT16: 0 | AU16: 0 | AV16: 0 | AW16: งานพิมพ์ | AX16: รอART | AY16: 0 | AZ16: 0 | BA16: 0 | BB16: 0 | BC16: WRWT25800/WRWT25800 | BD16: 77.85752
A17: 0 | B17: 0 | E17: 18 | F17: 30 | G17: ขาว | H17: 0 | I17: 54 | J17: ± | K17: 5 | L17: 0 | M17: 0 | N17: 0 | O17: 0 | P17: 0 | Q17: 0 | R17: 0 | S17: 0 | U17: 0 | V17: 0 | W17: 0 | X17: 0 | Y17: 0 | Z17: WSWT1825800 | AA17: 13201.65 | AB17: 12070 | AC17: 1131.65 | AD17: 0 | AE17: 0 | AF17: ระบุในSD | AG17: รอแบบ | AH17: 0 | AI17: Lead time | AJ17: 0 | AK17: 0 | AL17: 0 | AM17: 0 | AN17: 0 | AO17: 0 | AP17: 0 | AQ17: 0 | AR17: 0 | AS17: 0 | AT17: 0 | AU17: 0 | AV17: 0 | AW17: 0 | AX17: 0 | AY17: 0 | AZ17: 0 | BA17: 0 | BB17: 0 | BC17: WRWT25800/WRWT25800 | BD17: 0
A18: 45749 | B18: MK68-000485 | C18: บจก.2เอ็ม อโกรเท็ค | D18: พระเอกในดวงใจ 14-7-28 | E18: 18 | F18: 30 | G18: ขาว | H18: ใส | I18: 74 | J18: ± | K18: 5 | L18: บิด | M18: 19 | N18: 33 | O18: 70 | P18: 135.35083 | Q18: 0 | R18: 135.35083 | S18: 500กระสอบ | T18: 45768 | U18: 5000 | V18: 0 | W18: 5000 | X18: 0 | Y18: 5250 | Z18: WSWT1825800SM | AA18: 4400.55 | AB18: 0 | AC18: 4400.55 | AD18: 0 | AE18: 4400.55 | AF18: ขาด-เกิน5% | AG18: พร้อมส่ง | AH18: P8 | AI18: 4 | AJ18: 45768 | AK18: 45764 | AL18: 45758 | AM18: 45765 | AN18: 45766 | AO18: 45766 | AP18: 45763 | AQ18: 45767 | AR18: 0 | AS18: 0 | AT18: 0 | AU18: 0 | AV18: 0 | AW18: งานเคลือบ+พิมพ์ | AX18: รอART | AY18: 0 | AZ18: 0 | BA18: 0 | BB18: 0 | BC18: WRWT25800/WRWT25800 | BD18: 281.6352
A19: 45749 | B19: MK68-000486 | C19: บจก.2เอ็ม อโกรเท็ค | D19: เลิฟชอยล์18-3-10 | E19: 18 | F19: 30 | G19: ขาว | H19: ใส | I19: 74 | J19: ± | K19: 5 | L19: บิด | M19: 19 | N19: 33 | O19: 70 | P19: 135.35083 | Q19: 0 | R19: 135.35083 | S19: 500กระสอบ | T19: 45768 | U19: 5000 | V19: 0 | W19: 5000 | X19: 0 | Y19: 5250 | Z19: WSWT1825800SM | AA19: 4400.55 | AB19: 0 | AC19: 4400.55 | AD19: 0 | AE19: 4400.55 | AF19: ขาด-เกิน5% | AG19: รอตัด | AH19: P8 | AI19: 4 | AJ19: 45768 | AK19: 45764 | AL19: 45758 | AM19: 45765 | AN19: 45766 | AO19: 45766 | AP19: 45763 | AQ19: 45767 | AR19: 0 | AS19: 0 | AT19: 0 | AU19: 0 | AV19: 0 | AW19: งานเคลือบ+พิมพ์ | AX19: รอART | AY19: 0 | AZ19: 0 | BA19: 0 | BB19: 0 | BC19: WRWT25800/WRWT25800 | BD19: 281.6352
A20: ประมาณการ | B20: ประมาณการ | C20: บจก.ซิเบลโก้ | D20: รอแบบ | E20: 18 | F20: 30 | G20: ขาว | H20: ใส | I20: 74 | J20: ± | K20: 5 | L20: บิด | M20: ไม่สวมถุงใน | N20: 0 | O20: 0 | P20: 0 | Q20: 0 | R20: 0 | S20: 500กระสอบ | T20: รอแจ้ง | U20: 10000 | V20: 0 | W20: 10000 | X20: 0 | Y20: 10500 | Z20: WSWT1825800SM | AA20: 8801.1 | AB20: 0 | AC20: 8801.1 | AD20: 0 | AE20: 8801.1 | AF20: 0 | AG20: พิมพ์ไม่ครบ | AH20: P6 | AI20: 4 | AJ20: รอแจ้ง | AK20: #VALUE! | AL20: #VALUE! | AM20: #VALUE! | AN20: #VALUE! | AO20: #VALUE! | AP20: #VALUE! | AQ20: 0 | AR20: 0 | AS20: 0 | AT20: 0 | AU20: 0 | AV20: 0 | AW20: งานเคลือบ+พิมพ์ | AX20: รอART | AY20: 0 | AZ20: 0 | BA20: 0 | BB20: 0 | BC20: WRWT25800/WRWT25800 | BD20: 563.2704
A21: 0 | B21: 0 | C21: 0 | E21: 18 | F21: 25 | G21: ขาว | H21: 0 | I21: 50 | J21: ± | K21: 5 | L21: 0 | M21: 0 | N21: 0 | O21: 0 | P21: 0 | Q21: 0 | R21: 0 | S21: 0 | U21: 0 | V21: 0 | W21: 0 | X21: 0 | Y21: 0 | Z21: WSWT1825800SM | AA21: 17602.2 | AB21: 0 | AC21: 17602.2 | AD21: 0 | AE21: 17602.2 | AF21: ระบุในSD | AG21: ยังไม่ได้พิมพ์ | AH21: 0 | AI21: Lead time | AJ21: 0 | AK21: 0 | AL21: 0 | AM21: 0 | AN21: 0 | AO21: 0 | AP21: 0 | AQ21: 0 | AR21: 0 | AS21: 0 | AT21: 0 | AU21: 0 | AV21: 0 | AW21: 0 | AX21: 0 | AY21: 0 | AZ21: 0 | BA21: 0 | BB21: 0 | BC21: WRWT180800/WRWT25800 | BD21: 0
A22: 45734 | B22: MK68-000419 | C22: บจก.ซีแมน | D22: W30 | E22: 19 | F22: 28 | G22: ขาว | H22: 0 | I22: 56 | J22: ± | K22: 5 | L22: ไม่ | M22: 20 | N22: 30 | O22: 90 | P22: 666.1148 | Q22: 0 | R22: 666.1148 | S22: มัด100 | T22: 45759 | U22: 20000 | V22: 0 | W22: 20000 | X22: 21000 | Y22: 0 | Z22: WSWT1925800 | AA22: 0 | AB22: 0 | AC22: 0 | AD22: 0 | AE22: 0 | AF22: 0 | AG22: ยังไม่ได้พิมพ์ | AH22: P9 | AI22: 3 | AJ22: 45759 | AK22: 0 | AL22: 45749 | AM22: 45756 | AN22: 45757 | AO22: 45757 | AP22: 45754 | AQ22: 45758 | AR22: 0 | AS22: 0 | AT22: 0 | AU22: 0 | AV22: 0 | AW22: งานพิมพ์ | AX22: / | AY22: 0 | AZ22: 0 | BA22: 0 | BB22: 0 | BC22: WRWT25800/WRWT25800 | BD22: 0
A23: 45734 | B23: MK68-000419 | C23: บจก.ซีแมน | D23: W30 | E23: 19 | F23: 28 | G23: ขาว | H23: 0 | I23: 56 | J23: ± | K23: 5 | L23: ไม่ | M23: 20 | N23: 30 | O23: 90 | P23: 666.1148 | Q23: 0 | R23: 666.1148 | S23: มัด100 | T23: 45769 | U23: 20000 | V23: 0 | W23: 20000 | X23: 12000 | Y23: 8400 | Z23: WSWT1925800 | AA23: 6923.532 | AB23: 6923.532 | AC23: 0 | AD23: 0 | AE23: 0 | AF23: 0 | AG23: รอแบบ | AH23: P9 | AI23: 3 | AJ23: 45769 | AK23: 0 | AL23: 45759 | AM23: 45766 | AN23: 45767 | AO23: 45767 | AP23: 45764 | AQ23: 45768 | AR23: 0 | AS23: 0 | AT23: 0 | AU23: 0 | AV23: 0 | AW23: งานพิมพ์ | AX23: / | AY23: 0 | AZ23: 0 | BA23: 0 | BB23: 0 | BC23: WRWT25800/WRWT25800 | BD23: 0
A24: 45734 | B24: MK68-000418 | C24: บจก.ซีแมน | D24: Y30 | E24: 19 | F24: 28 | G24: ขาว | H24: 0 | I24: 56 | J24: ± | K24: 5 | L24: ไม่ | M24: 20 | N24: 30 | O24: 90 | P24: 666.1148 | Q24: 0 | R24: 666.1148 | S24: มัด100 | T24: 45769 | U24: 20000 | V24: 0 | W24: 20000 | X24: 0 | Y24: 21000 | Z24: WSWT1925800 | AA24: 16484.6 | AB24: 0 | AC24: 16484.6 | AD24: 0 | AE24: 0 | AF24: 0 | AG24: รอแบบ | AH24: P9 | AI24: 3 | AJ24: 45769 | AK24: 0 | AL24: 45759 | AM24: 45766 | AN24: 45767 | AO24: 45767 | AP24: 45764 | AQ24: 45768 | AR24: 0 | AS24: 0 | AT24: 0 | AU24: 0 | AV24: 0 | AW24: งานพิมพ์ | AX24: / | AY24: 0 | AZ24: 0 | BA24: 0 | BB24: 0 | BC24: WRWT25800/WRWT25800 | BD24: 1197.1483
A25: ประมาณการ | B25: ประมาณการ | C25: บจก.ไลม์มาสเตอร์ | D25: LMC 25 kg | E25: 19 | F25: 32 | G25: ขาว | H25: 0 | I25: 64 | J25: ± | K25: 5 | L25: ไม่ | M25: 20 | N25: 35 | O25: 40 | P25: 172.69643 | Q25: 0 | R25: 172.69643 | S25: 500กระสอบแบน | T25: รอแจ้ง | U25: 10000 | V25: 0 | W25: 10000 | X25: 0 | Y25: 10500 | Z25: WSWT1925800 | AA25: 9359.9 | AB25: 0 | AC25: 9359.9 | AD25: 0 | AE25: 0 | AF25: 0 | AG25: พร้อมส่ง | AH25: P9 | AI25: 3 | AJ25: 45777 | AK25: 0 | AL25: 45767 | AM25: 45774 | AN25: 45775 | AO25: 45775 | AP25: 45772 | AQ25: 45776 | AR25: 0 | AS25: 0 | AT25: 0 | AU25: 0 | AV25: 0 | AW25: งานพิมพ์ | AX25: รอART | AY25: 0 | AZ25: 0 | BA25: 0 | BB25: 0 | BC25: WRWT25800/WRWT25800 | BD25: 679.73674
A26: ประมาณการ | B26: ประมาณการ | C26: บจก.เพรซิเดนท์ฟลาวมิลล์ | D26: รอแบบ | E26: 19 | F26: 30 | G26: ขาว | H26: 0 | I26: 60 | J26: ± | K26: 5 | L26: บิด | M26: ไม่สวมถุงใน | N26: 0 | O26: 0 | P26: 0 | Q26: 0 | R26: 0 | S26: 500กระสอบแบน | T26: 45777 | U26: 120000 | V26: 0 | W26: 120000 | X26: 0 | Y26: 126000 | Z26: WSWT1925800 | AA26: 105613.2 | AB26: 0 | AC26: 105613.2 | AD26: 0 | AE26: 0 | AF26: 0 | AG26: พร้อมส่ง | AH26: P7 | AI26: 2 | AJ26: 45777 | AK26: 0 | AL26: 45768 | AM26: 45775 | AN26: 45776 | AO26: 45776 | AP26: 45772 | AQ26: 0 | AR26: 0 | AS26: 0 | AT26: 0 | AU26: 0 | AV26: 0 | AW26: งานพิมพ์ | AX26: รอART | AY26: 0 | AZ26: 0 | BA26: 0 | BB26: 0 | BC26: WRWT25800/WRWT25800 | BD26: 7669.8653
A27: ประมาณการ | B27: ประมาณการ | C27: บจก.เอ็กเซลเล้นท์ | D27: รอแบบ | E27: 19 | F27: 30 | G27: ขาว | H27: 0 | I27: 60 | J27: ± | K27: 5 | L27: บิด | M27: ไม่สวมถุงใน | N27: 0 | O27: 0 | P27: 0 | Q27: 0 | R27: 0 | S27: 500กระสอบ | T27: 45777 | U27: 30000 | V27: 0 | W27: 30000 | X27: 0 | Y27: 31500 | Z27: WSWT1925800 | AA27: 26403.3 | AB27: 0 | AC27: 26403.3 | AD27: 0 | AE27: 0 | AF27: 0 | AG27: รอตัด | AH27: P7 | AI27: 2 | AJ27: 45777 | AK27: 0 | AL27: 45768 | AM27: 45775 | AN27: 45776 | AO27: 45776 | AP27: 45772 | AQ27: 0 | AR27: 0 | AS27: 0 | AT27: 0 | AU27: 0 | AV27: 0 | AW27: งานพิมพ์ | AX27: รอART | AY27: 0 | AZ27: 0 | BA27: 0 | BB27: 0 | BC27: WRWT25800/WRWT25800 | BD27: 1917.4663
A28: 0 | B28: 0 | C28: 0 | D28: 0 | E28: 19 | F28: 30 | G28: ขาว | H28: 0 | I28: 60 | J28: ± | K28: 5 | L28: 0 | M28: 0 | N28: 0 | O28: 0 | P28: 0 | Q28: 0 | R28: 0 | S28: 0 | U28: 0 | V28: 0 | W28: 0 | X28: 0 | Y28: 0 | Z28: WSWT1925800 | AA28: 164784.53 | AB28: 6923.532 | AC28: 157861 | AD28: 0 | AE28: 0 | AF28: ระบุในSD | AG28: รอตัด | AH28: 0 | AI28: Lead time | AJ28: 0 | AK28: 0 | AL28: 0 | AM28: 0 | AN28: 0 | AO28: 0 | AP28: 0 | AQ28: 0 | AR28: 0 | AS28: 0 | AT28: 0 | AU28: 0 | AV28: 0 | AW28: 0 | AX28: 0 | AY28: 0 | AZ28: 0 | BA28: 0 | BB28: 0 | BC28: WRWT25800/WRWT25800 | BD28: 0
A29: 0 | B29: ใบรับคำสั่งซื้อ | C29: บจก.เคอรี่ฟลาวมิลล์ | D29: แปดแต้มแดง | E29: 19 | F29: 32 | G29: ขาว | H29: 0 | I29: 67 | J29: + | K29: 5 | L29: บิด | M29: ไม่สวมถุงใน | N29: 0 | O29: 0 | P29: 0 | Q29: 0 | R29: 0 | S29: ห่ออัดเบลแบน500 | T29: 45752 | U29: 5000 | V29: 5250 | W29: 0 | X29: 0 | Y29: 0 | Z29: WSWT1921720 | AA29: 0 | AB29: 0 | AC29: 0 | AD29: 0 | AE29: 0 | AF29: 0 | AG29: รอตัด | AH29: P7 | AI29: 2 | AJ29: 45752 | AK29: 0 | AL29: 45743 | AM29: 45750 | AN29: 45751 | AO29: 45751 | AP29: 45747 | AQ29: 0 | AR29: 0 | AS29: 0 | AT29: 0 | AU29: 0 | AV29: 0 | AW29: งานพิมพ์ | AX29: 0 | AY29: 0 | AZ29: 0 | BA29: 0 | BB29: 0 | BC29: WRWT21720/WRWT25800 | BD29: 0
A30: 45737 | B30: MK68-000433 | C30: บจก.เคอรี่ฟลาวมิลล์ | D30: ถุงเขียว | E30: 19 | F30: 30 | G30: ขาว | H30: 0 | I30: 63 | J30: + | K30: 5 | L30: บิด | M30: ไม่สวมถุงใน | N30: 0 | O30: 0 | P30: 0 | Q30: 0 | R30: 0 | S30: ห่ออัดเบลแบน500 | T30: 45752 | U30: 10000 | V30: 0 | W30: 10000 | X30: 10400 | Y30: 0 | Z30: WSWT1921720 | AA30: 0 | AB30: 0 | AC30: 0 | AD30: 0 | AE30: 0 | AF30: PDR250099 | AG30: ผ้าขาว | AH30: P7 | AI30: 2 | AJ30: 45752 | AK30: 0 | AL30: 45743 | AM30: 45750 | AN30: 45751 | AO30: 45751 | AP30: 45747 | AQ30: 0 | AR30: 0 | AS30: 0 | AT30: 0 | AU30: 0 | AV30: 0 | AW30: งานพิมพ์ | AX30: / | AY30: 0 | AZ30: 0 | BA30: 0 | BB30: 0 | BC30: WRWT21720/WRWT25800 | BD30: 0
A31: 45737 | B31: MK68-000433 | C31: บจก.เคอรี่ฟลาวมิลล์ | D31: แต้มแดง | E31: 19 | F31: 30 | G31: ขาว | H31: 0 | I31: 63 | J31: + | K31: 5 | L31: บิด | M31: ไม่สวมถุงใน | N31: 0 | O31: 0 | P31: 0 | Q31: 0 | R31: 0 | S31: ห่ออัดเบลแบน500 | T31: 45752 | U31: 5000 | V31: 0 | W31: 5000 | X31: 5300 | Y31: 0 | Z31: WSWT1921720 | AA31: 0 | AB31: 0 | AC31: 0 | AD31: 0 | AE31: 0 | AF31: PDR250099 | AG31: รอแบบ | AH31: P7 | AI31: 2 | AJ31: 45752 | AK31: 0 | AL31: 45743 | AM31: 45750 | AN31: 45751 | AO31: 45751 | AP31: 45747 | AQ31: 0 | AR31: 0 | AS31: 0 | AT31: 0 | AU31: 0 | AV31: 0 | AW31: งานพิมพ์ | AX31: / | AY31: 0 | AZ31: 0 | BA31: 0 | BB31: 0 | BC31: WRWT21720/WRWT25800 | BD31: 0
A32: 45737 | B32: MK68-000433 | C32: บจก.เคอรี่ฟลาวมิลล์ | D32: FW-Y | E32: 19 | F32: 30 | G32: ขาว | H32: 0 | I32: 63 | J32: + | K32: 5 | L32: ไม่ | M32: ไม่สวมถุงใน | N32: 0 | O32: 0 | P32: 0 | Q32: 0 | R32: 0 | S32: ห่ออัดเบลแบน500 | T32: 45752 | U32: 5000 | V32: 0 | W32: 5000 | X32: 5300 | Y32: 0 | Z32: WSWT1921720 | AA32: 0 | AB32: 0 | AC32: 0 | AD32: 0 | AE32: 0 | AF32: PDR250099 | AG32: รอแบบ | AH32: P7 | AI32: 2 | AJ32: 45752 | AK32: 0 | AL32: 45743 | AM32: 45750 | AN32: 45751 | AO32: 45751 | AP32: 45747 | AQ32: 0 | AR32: 0 | AS32: 0 | AT32: 0 | AU32: 0 | AV32: 0 | AW32: งานพิมพ์ | AX32: / | AY32: 0 | AZ32: 0 | BA32: 0 | BB32: 0 | BC32: WRWT21720/WRWT25800 | BD32: 0
A33: 45751 | B33: ใบรับคำสั่งซื้อ | C33: บจก.เคอรี่ฟลาวมิลล์ | D33: ไม่พิมพ์ | E33: 19 | F33: 36 | G33: ขาว | H33: 0 | I33: 75 | J33: + | K33: 5 | L33: ไม่ | M33: ไม่สวมถุงใน | N33: 0 | O33: 0 | P33: 0 | Q33: 0 | R33: 0 | S33: ห่ออัดเบลแบน500 | T33: 45759 | U33: 5000 | V33: 0 | W33: 5000 | X33: 0 | Y33: 0 | Z33: WSWT1921720 | AA33: 5238.75 | AB33: 5238.75 | AC33: 0 | AD33: 0 | AE33: 0 | AF33: PDR250111 | AG33: ผ้าขาว | AH33: P3 | AI33: 1 | AJ33: 45759 | AK33: 0 | AL33: 0 | AM33: 0 | AN33: 0 | AO33: 45758 | AP33: 45754 | AQ33: 0 | AR33: 0 | AS33: 0 | AT33: 0 | AU33: 0 | AV33: 0 | AW33: ตัด | AX33: 0 | AY33: 0 | AZ33: 0 | BA33: 0 | BB33: 0 | BC33: WRWT21720/WRWT25800 | BD33: 0
A34: 45751 | B34: ใบรับคำสั่งซื้อ | C34: บจก.เคอรี่ฟลาวมิลล์ | D34: รอแบบ | E34: 19 | F34: 30 | G34: ขาว | H34: 0 | I34: 63 | J34: + | K34: 5 | L34: บิด | M34: ไม่สวมถุงใน | N34: 0 | O34: 0 | P34: 0 | Q34: 0 | R34: 0 | S34: ห่ออัดเบลแบน500 | T34: 45759 | U34: 75000 | V34: 0 | W34: 75000 | X34: 0 | Y34: 78750 | Z34: WSWT1921720 | AA34: 66008.25 | AB34: 2365 | AC34: 63643.25 | AD34: 0 | AE34: 0 | AF34: 0 | AG34: ผ้าขาว | AH34: P7 | AI34: 2 | AJ34: 45759 | AK34: 0 | AL34: 45750 | AM34: 45757 | AN34: 45758 | AO34: 45758 | AP34: 45754 | AQ34: 0 | AR34: 0 | AS34: 0 | AT34: 0 | AU34: 0 | AV34: 0 | AW34: งานพิมพ์ | AX34: รอART | AY34: 0 | AZ34: 0 | BA34: 0 | BB34: 0 | BC34: WRWT21720/WRWT25800 | BD34: 4793.8924
A35: 45751 | B35: ใบรับคำสั่งซื้อ | C35: บจก.เคอรี่ฟลาวมิลล์ | D35: รอแบบ | E35: 19 | F35: 30 | G35: ขาว | H35: 0 | I35: 63 | J35: + | K35: 5 | L35: บิด | M35: ไม่สวมถุงใน | N35: 0 | O35: 0 | P35: 0 | Q35: 0 | R35: 0 | S35: ห่ออัดเบลแบน500 | T35: 45759 | U35: 65000 | V35: 0 | W35: 65000 | X35: 0 | Y35: 68250 | Z35: WSWT1921720 | AA35: 57207.15 | AB35: 0 | AC35: 57207.15 | AD35: 0 | AE35: 0 | AF35: 0 | AG35: ยังไม่ได้พิมพ์ | AH35: P7 | AI35: 2 | AJ35: 45759 | AK35: 0 | AL35: 45750 | AM35: 45757 | AN35: 45758 | AO35: 45758 | AP35: 45754 | AQ35: 0 | AR35: 0 | AS35: 0 | AT35: 0 | AU35: 0 | AV35: 0 | AW35: งานพิมพ์ | AX35: รอART | AY35: 0 | AZ35: 0 | BA35: 0 | BB35: 0 | BC35: WRWT21720/WRWT25800 | BD35: 4309.0968
A36: 45737 | B36: MK68-000436 | C36: บจก.เคอรี่ฟลาวมิลล์ | D36: ไม่พิมพ์ | E36: 19 | F36: 30 | G36: ขาว | H36: 0 | I36: 63 | J36: + | K36: 5 | L36: ไม่ | M36: ไม่สวมถุงใน | N36: 0 | O36: 0 | P36: 0 | Q36: 0 | R36: 0 | S36: ห่ออัดเบลแบน500 | T36: 45769 | U36: 20000 | V36: 0 | W36: 20000 | X36: 0 | Y36: 0 | Z36: WSWT1921720 | AA36: 17602.2 | AB36: 0 | AC36: 17602.2 | AD36: 0 | AE36: 0 | AF36: 0 | AG36: ยังไม่ได้พิมพ์ | AH36: P3 | AI36: 1 | AJ36: 45769 | AK36: 0 | AL36: 0 | AM36: 0 | AN36: 0 | AO36: 45768 | AP36: 45764 | AQ36: 0 | AR36: 0 | AS36: 0 | AT36: 0 | AU36: 0 | AV36: 0 | AW36: ตัด | AX36: 0 | AY36: 0 | AZ36: 0 | BA36: 0 | BB36: 0 | BC36: WRWT21720/WRWT25800 | BD36: 1325.8759
A37: 45737 | B37: MK68-000437 | C37: บจก.เคอรี่ฟลาวมิลล์ | D37: ไม่พิมพ์ | E37: 19 | F37: 30 | G37: ขาว | H37: 0 | I37: 63 | J37: + | K37: 5 | L37: ไม่ | M37: ไม่สวมถุงใน | N37: 0 | O37: 0 | P37: 0 | Q37: 0 | R37: 0 | S37: ห่ออัดเบลแบน500 | T37: 45769 | U37: 20000 | V37: 0 | W37: 20000 | X37: 0 | Y37: 0 | Z37: WSWT1921720 | AA37: 17602.2 | AB37: 0 | AC37: 17602.2 | AD37: 0 | AE37: 0 | AF37: 0 | AG37: ผ้าขาว | AH37: P3 | AI37: 1 | AJ37: 45769 | AK37: 0 | AL37: 0 | AM37: 0 | AN37: 0 | AO37: 45768 | AP37: 45764 | AQ37: 0 | AR37: 0 | AS37: 0 | AT37: 0 | AU37: 0 | AV37: 0 | AW37: ตัด | AX37: 0 | AY37: 0 | AZ37: 0 | BA37: 0 | BB37: 0 | BC37: WRWT21720/WRWT25800 | BD37: 1325.8759
A38: 45751 | B38: ใบรับคำสั่งซื้อ | C38: บจก.เคอรี่ฟลาวมิลล์ | D38: ดอกไม้แดง | E38: 19 | F38: 32 | G38: ขาว | H38: 0 | I38: 67 | J38: + | K38: 5 | L38: บิด | M38: ไม่สวมถุงใน | N38: 0 | O38: 0 | P38: 0 | Q38: 0 | R38: 0 | S38: ห่ออัดเบลแบน500 | T38: 45770 | U38: 5000 | V38: 0 | W38: 5000 | X38: 0 | Y38: 5250 | Z38: WSWT1921720 | AA38: 4679.95 | AB38: 0 | AC38: 4679.95 | AD38: 0 | AE38: 0 | AF38: PDR250114 | AG38: รอแบบ | AH38: P7 | AI38: 2 | AJ38: 45770 | AK38: 0 | AL38: 45761 | AM38: 45768 | AN38: 45769 | AO38: 45769 | AP38: 45765 | AQ38: 0 | AR38: 0 | AS38: 0 | AT38: 0 | AU38: 0 | AV38: 0 | AW38: งานพิมพ์ | AX38: รอART | AY38: 0 | AZ38: 0 | BA38: 0 | BB38: 0 | BC38: WRWT21720/WRWT25800 | BD38: 352.51463
A39: 45751 | B39: ใบรับคำสั่งซื้อ | C39: บจก.เคอรี่ฟลาวมิลล์ | D39: WHOLE WHEAT | E39: 19 | F39: 32 | G39: ขาว | H39: 0 | I39: 67 | J39: + | K39: 5 | L39: บิด | M39: ไม่สวมถุงใน | N39: 0 | O39: 0 | P39: 0 | Q39: 0 | R39: 0 | S39: ห่ออัดเบลแบน500 | T39: 45770 | U39: 5000 | V39: 0 | W39: 5000 | X39: 0 | Y39: 5250 | Z39: WSWT1921720 | AA39: 4679.95 | AB39: 0 | AC39: 4679.95 | AD39: 0 | AE39: 0 | AF39: PDR250114 | AG39: พร้อมส่ง | AH39: P7 | AI39: 2 | AJ39: 45770 | AK39: 0 | AL39: 45761 | AM39: 45768 | AN39: 45769 | AO39: 45769 | AP39: 45765 | AQ39: 0 | AR39: 0 | AS39: 0 | AT39: 0 | AU39: 0 | AV39: 0 | AW39: งานพิมพ์ | AX39: รอART | AY39: 0 | AZ39: 0 | BA39: 0 | BB39: 0 | BC39: WRWT21720/WRWT25800 | BD39: 352.51463
A40: 45751 | B40: ใบรับคำสั่งซื้อ | C40: บจก.เคอรี่ฟลาวมิลล์ | D40: ไม่พิมพ์ | E40: 19 | F40: 36 | G40: ขาว | H40: 0 | I40: 75 | J40: + | K40: 5 | L40: ไม่ | M40: ไม่สวมถุงใน | N40: 0 | O40: 0 | P40: 0 | Q40: 0 | R40: 0 | S40: ห่ออัดเบลแบน500 | T40: 45771 | U40: 5000 | V40: 0 | W40: 5000 | X40: 0 | Y40: 0 | Z40: WSWT1921720 | AA40: 5238.75 | AB40: 0 | AC40: 5238.75 | AD40: 0 | AE40: 0 | AF40: PDR250111 | AG40: ยังไม่ได้พิมพ์ | AH40: P3 | AI40: 1 | AJ40: 45771 | AK40: 0 | AL40: 0 | AM40: 0 | AN40: 0 | AO40: 45770 | AP40: 45766 | AQ40: 0 | AR40: 0 | AS40: 0 | AT40: 0 | AU40: 0 | AV40: 0 | AW40: ตัด | AX40: 0 | AY40: 0 | AZ40: 0 | BA40: 0 | BB40: 0 | BC40: WRWT21720/WRWT25800 | BD40: 394.60593
A41: ประมาณการ | B41: ประมาณการ | C41: บจก.เคอรี่ฟลาวมิลล์ | D41: รอแบบ | E41: 19 | F41: 30 | G41: ขาว | H41: 0 | I41: 63 | J41: + | K41: 5 | L41: บิด | M41: ไม่สวมถุงใน | N41: 0 | O41: 0 | P41: 0 | Q41: 0 | R41: 0 | S41: ห่ออัดเบลแบน500 | T41: 45777 | U41: 325000 | V41: 0 | W41: 325000 | X41: 0 | Y41: 341250 | Z41: WSWT1921720 | AA41: 286035.75 | AB41: 0 | AC41: 286035.75 | AD41: 0 | AE41: 0 | AF41: 0 | AG41: พร้อมส่ง | AH41: P7 | AI41: 2 | AJ41: 45777 | AK41: 0 | AL41: 45768 | AM41: 45775 | AN41: 45776 | AO41: 45776 | AP41: 45772 | AQ41: 0 | AR41: 0 | AS41: 0 | AT41: 0 | AU41: 0 | AV41: 0 | AW41: งานพิมพ์ | AX41: รอART | AY41: 0 | AZ41: 0 | BA41: 0 | BB41: 0 | BC41: WRWT21720/WRWT25800 | BD41: 21545.484
A42: 0 | B42: 0 | C42: 0 | D42: 0 | E42: 19 | F42: 30 | G42: 0 | H42: 0 | I42: 63 | J42: + | K42: 5 | L42: 0 | M42: 0 | N42: 0 | O42: 0 | P42: 0 | Q42: 0 | R42: 0 | S42: 0 | U42: 0 | V42: 0 | W42: 0 | X42: 0 | Y42: 0 | Z42: WSWT1921720 | AA42: 464292.95 | AB42: 7603.75 | AC42: 456689.2 | AD42: 0 | AE42: 0 | AF42: ระบุในSD | AG42: พร้อมส่ง | AH42: 0 | AI42: Lead time | AJ42: 0 | AK42: 0 | AL42: 0 | AM42: 0 | AN42: 0 | AO42: 0 | AP42: 0 | AQ42: 0 | AR42: 0 | AS42: 0 | AT42: 0 | AU42: 0 | AV42: 0 | AW42: 0 | AX42: 0 | AY42: 0 | AZ42: 0 | BA42: 0 | BB42: 0 | BC42: WRWT190720/WRWT25800 | BD42: 0
A43: 45740 | B43: MK68-000448 | C43: บจก.เอเชี่ยนเคมิคัล | D43: A.C.C.ภาษาอังกฤษ | E43: 19 | F43: 26 | G43: ขาว | H43: ด้าน | I43: 70 | J43: ± | K43: 5 | L43: ไม่ | M43: 20 | N43: 28 | O43: 50 | P43: 172.69643 | Q43: 0 | R43: 172.69643 | S43: มัด100 | T43: 45756 | U43: 10000 | V43: 0 | W43: 10000 | X43: 0 | Y43: 10500 | Z43: WSWT1925800SM | AA43: 7683.5 | AB43: 7683.5 | AC43: 0 | AD43: 0 | AE43: 7683.5 | AF43: ห้ามขาด-ห้ามเกิน | AG43: ยังไม่ได้พิมพ์ | AH43: P8 | AI43: 4 | AJ43: 45756 | AK43: 45752 | AL43: 45746 | AM43: 45753 | AN43: 45754 | AO43: 45754 | AP43: 45751 | AQ43: 45755 | AR43: 0 | AS43: 0 | AT43: 0 | AU43: 0 | AV43: 0 | AW43: งานเคลือบ+พิมพ์ | AX43: รอART | AY43: 0 | AZ43: 0 | BA43: 0 | BB43: 0 | BC43: WRWT25800/WRWT25800 | BD43: 0
A44: 0 | B44: 0 | C44: 0 | D44: 0 | E44: 19 | F44: 30 | G44: 0 | H44: 0 | I44: 56 | J44: ± | K44: 5 | L44: 0 | M44: 0 | N44: 0 | O44: 0 | P44: 0 | Q44: 0 | R44: 0 | S44: 0 | U44: 0 | W44: 0 | X44: 0 | Y44: 0 | Z44: WSWT1925800SM | AA44: 7683.5 | AB44: 7683.5 | AC44: 0 | AD44: 0 | AE44: 7683.5 | AF44: ระบุในSD | AG44: ยังไม่ได้พิมพ์ | AH44: 0 | AI44: Lead time | AJ44: 0 | AK44: 0 | AL44: 0 | AM44: 0 | AN44: 0 | AO44: 0 | AP44: 0 | AQ44: 0 | AR44: 0 | AS44: 0 | AT44: 0 | AU44: 0 | AV44: 0 | AW44: 0 | AX44: 0 | AY44: 0 | AZ44: 0 | BA44: 0 | BB44: 0 | BC44: WRWT190800/WRWT25800 | BD44: 0
A45: 45721 | B45: MK68-000337 | C45: บจก.อินเทคค์ โกลบอล | D45: เพอเฟคค์104S โกลด์ | E45: 19 | F45: 34 | G45: ขาว | H45: ด้าน | I45: 100 | J45: ± | K45: 5 | L45: จับจีบ | M45: ไม่สวมถุงใน | N45: 0 | O45: 0 | P45: 0 | Q45: 0 | R45: 0 | S45: มัด80 ใช้สายรัด | T45: รอแจ้ง | U45: 400 | V45: 0 | W45: 400 | X45: 6781 | Y45: 0 | Z45: WSWT19251000SM | AA45: 0 | AB45: 0 | AC45: 0 | AD45: 0 | AE45: 0 | AF45: 0 | AG45: พร้อมส่ง | AH45: P6 | AI45: 4 | AJ45: รอแจ้ง | AK45: #VALUE! | AL45: #VALUE! | AM45: #VALUE! | AN45: #VALUE! | AO45: #VALUE! | AP45: #VALUE! | AQ45: 0 | AR45: 0 | AS45: 0 | AT45: 0 | AU45: 0 | AV45: 0 | AW45: งานเคลือบ+พิมพ์ | AX45: / | AY45: 0 | AZ45: 0 | BA45: 0 | BB45: 0 | BC45: WRWT251000/WRWT251000 | BD45: 0
A46: 45741 | B46: MK68-000457 | C46: บจก.อินเทคค์ โกลบอล | D46: เพอเฟคค์ 103Pโกลด์ | E46: 19 | F46: 34 | G46: ขาว | H46: ด้าน | I46: 100 | J46: ± | K46: 5 | L46: จับจีบ | M46: ไม่สวมถุงใน | N46: 0 | O46: 0 | P46: 0 | Q46: 0 | R46: 0 | S46: มัด80 ใช้สายรัด | T46: 45764 | U46: 5040 | V46: 0 | W46: 5040 | X46: 0 | Y46: 5292 | Z46: WSWT19251000SM | AA46: 4999.0248 | AB46: 4999.0248 | AC46: 0 | AD46: 0 | AE46: 4999.0248 | AF46: 0 | AG46: ผ้าขาว | AH46: P6 | AI46: 4 | AJ46: 45764 | AK46: 45760 | AL46: 45753 | AM46: 45761 | AN46: 45762 | AO46: 45763 | AP46: 45759 | AQ46: 0 | AR46: 0 | AS46: 0 | AT46: 0 | AU46: 0 | AV46: 0 | AW46: งานเคลือบ+พิมพ์ | AX46: / | AY46: 0 | AZ46: 0 | BA46: 0 | BB46: 0 | BC46: WRWT251000/WRWT251000 | BD46: 0
A47: 45741 | B47: MK68-000457 | C47: บจก.อินเทคค์ โกลบอล | D47: เพอเฟคค์ 104โกลด์ | E47: 19 | F47: 34 | G47: ขาว | H47: ด้าน | I47: 100 | J47: ± | K47: 5 | L47: จับจีบ | M47: ไม่สวมถุงใน | N47: 0 | O47: 0 | P47: 0 | Q47: 0 | R47: 0 | S47: มัด80 ใช้สายรัด | T47: 45764 | U47: 5040 | V47: 0 | W47: 5040 | X47: 0 | Y47: 5292 | Z47: WSWT19251000SM | AA47: 4999.0248 | AB47: 3001 | AC47: 1998.0248 | AD47: 0 | AE47: 4999.0248 | AF47: 0 | AG47: ผ้าขาว | AH47: P6 | AI47: 4 | AJ47: 45764 | AK47: 45760 | AL47: 45753 | AM47: 45761 | AN47: 45762 | AO47: 45763 | AP47: 45759 | AQ47: 0 | AR47: 0 | AS47: 0 | AT47: 0 | AU47: 0 | AV47: 0 | AW47: งานเคลือบ+พิมพ์ | AX47: / | AY47: 0 | AZ47: 0 | BA47: 0 | BB47: 0 | BC47: WRWT251000/WRWT251000 | BD47: 168.72209
A48: 0 | B48: 0 | C48: 0 | D48: 0 | E48: 19 | F48: 34 | G48: ขาว | H48: 0 | I48: 80 | J48: ± | K48: 5 | L48: 0 | M48: 0 | N48: 0 | O48: 0 | P48: 0 | Q48: 0 | R48: 0 | S48: 0 | U48: 0 | V48: 0 | W48: 0 | X48: 0 | Y48: 0 | Z48: WSWT19251000SM | AA48: 9998.0496 | AB48: 8000.0248 | AC48: 1998.0248 | AD48: 0 | AE48: 9998.0496 | AF48: ระบุในSD | AG48: พร้อมส่ง | AH48: 0 | AI48: Lead time | AJ48: 0 | AK48: 0 | AL48: 0 | AM48: 0 | AN48: 0 | AO48: 0 | AP48: 0 | AQ48: 0 | AR48: 0 | AS48: 0 | AT48: 0 | AU48: 0 | AV48: 0 | AW48: 0 | AX48: 0 | AY48: 0 | AZ48: 0 | BA48: 0 | BB48: 0 | BC48: WRWT251000/WRYL251000 | BD48: 0
A49: ประมาณการ | B49: ประมาณการ | C49: บจก.หนองบัวฟีดมิลล์ | D49: ไม่พิมพ์ | E49: 20 | F49: 30 | G49: ขาว | H49: 0 | I49: 53 | J49: ± | K49: 5 | L49: ไม่ | M49: ไม่สวมถุงใน | N49: 0 | O49: 0 | P49: 0 | Q49: 0 | R49: 0 | S49: 500กระสอบ | T49: 45777 | U49: 5000 | V49: 0 | W49: 5000 | X49: 0 | Y49: 0 | Z49: WSWT2025650 | AA49: 4400.55 | AB49: 0 | AC49: 4400.55 | AD49: 0 | AE49: 0 | AF49: 0 | AG49: ผ้าขาว | AH49: P3 | AI49: 1 | AJ49: 45777 | AK49: 0 | AL49: 0 | AM49: 0 | AN49: 0 | AO49: 45776 | AP49: 45772 | AQ49: 0 | AR49: 0 | AS49: 0 | AT49: 0 | AU49: 0 | AV49: 0 | AW49: ตัด | AX49: 0 | AY49: 0 | AZ49: 0 | BA49: 0 | BB49: 0 | BC49: WRWT25650/WRWT25650 | BD49: 270.14488
A50: ประมาณการ | B50: ประมาณการ | C50: บจก.หนองบัวฟีดมิลล์ | D50: ไม่พิมพ์ | E50: 20 | F50: 30 | G50: ขาว | H50: 0 | I50: 53 | J50: ± | K50: 5 | L50: ไม่ | M50: ไม่สวมถุงใน | N50: 0 | O50: 0 | P50: 0 | Q50: 0 | R50: 0 | S50: 500กระสอบ | T50: 45807 | U50: 10000 | V50: 0 | W50: 10000 | X50: 0 | Y50: 0 | Z50: WSWT2025650 | AA50: 8801.1 | AB50: 0 | AC50: 8801.1 | AD50: 0 | AE50: 0 | AF50: 0 | AG50: พร้อมส่ง | AH50: P3 | AI50: 1 | AJ50: 45807 | AK50: 0 | AL50: 0 | AM50: 0 | AN50: 0 | AO50: 45806 | AP50: 45802 | AQ50: 0 | AR50: 0 | AS50: 0 | AT50: 0 | AU50: 0 | AV50: 0 | AW50: ตัด | AX50: 0 | AY50: 0 | AZ50: 0 | BA50: 0 | BB50: 0 | BC50: WRWT25650/WRWT25650 | BD50: 540.28975
A51: 0 | B51: 0 | C51: 0 | D51: 0 | E51: 20 | F51: 37 | G51: ขาว | H51: 0 | I51: 65 | J51: ± | K51: 5 | L51: 0 | M51: 0 | N51: 0 | O51: 0 | P51: 0 | Q51: 0 | R51: 0 | S51: 0 | U51: 0 | V51: 0 | W51: 0 | X51: 0 | Y51: 0 | Z51: WSWT2025650 | AA51: 13201.65 | AB51: 0 | AC51: 13201.65 | AD51: 0 | AE51: 0 | AF51: ระบุในSD | AG51: รอตัด | AH51: 0 | AI51: Lead time | AJ51: 0 | AK51: 0 | AL51: 0 | AM51: 0 | AN51: 0 | AO51: 0 | AP51: 0 | AQ51: 0 | AR51: 0 | AS51: 0 | AT51: 0 | AU51: 0 | AV51: 0 | AW51: 0 | AX51: 0 | AY51: 0 | AZ51: 0 | BA51: 0 | BB51: 0 | BC51: WRWT25650/WRWT25650 | BD51: 0
A52: ประมาณการ | B52: ประมาณการ | C52: บจก.เบทาโกร | D52: ไม่พิมพ์ | E52: 20 | F52: 38 | G52: ขาว | H52: 0 | I52: 72 | J52: ± | K52: 5 | L52: ไม่ | M52: ไม่สวมถุงใน | N52: 0 | O52: 0 | P52: 0 | Q52: 0 | R52: 0 | S52: 0 | T52: รอแจ้ง | U52: 50000 | V52: 0 | W52: 50000 | X52: 0 | Y52: 0 | Z52: WSWT2025700 | AA52: 55181.5 | AB52: 14387 | AC52: 40794.5 | AD52: 0 | AE52: 0 | AF52: 0 | AG52: พร้อมส่ง | AH52: P3 | AI52: 1 | AJ52: รอแจ้ง | AK52: 0 | AL52: 0 | AM52: 0 | AN52: 0 | AO52: #VALUE! | AP52: #VALUE! | AQ52: 0 | AR52: 0 | AS52: 0 | AT52: 0 | AU52: 0 | AV52: 0 | AW52: ตัด | AX52: 0 | AY52: 0 | AZ52: 0 | BA52: 0 | BB52: 0 | BC52: WRWT25800/WRWT25650 | BD52: 2937.204
A53: 0 | B53: 0 | C53: 0 | D53: 0 | E53: 20 | F53: 37 | G53: ขาว | H53: 0 | I53: 70 | J53: ± | K53: 5 | L53: 0 | M53: 0 | N53: 0 | O53: 0 | P53: 0 | Q53: 0 | R53: 0 | S53: 0 | U53: 0 | V53: 0 | W53: 0 | X53: 0 | Y53: 0 | Z53: WSWT2025700 | AA53: 55181.5 | AB53: 14387 | AC53: 40794.5 | AD53: 0 | AE53: 0 | AF53: ระบุในSD | AG53: พร้อมส่ง | AH53: 0 | AI53: Lead time | AJ53: 0 | AK53: 0 | AL53: 0 | AM53: 0 | AN53: 0 | AO53: 0 | AP53: 0 | AQ53: 0 | AR53: 0 | AS53: 0 | AT53: 0 | AU53: 0 | AV53: 0 | AW53: 0 | AX53: 0 | AY53: 0 | AZ53: 0 | BA53: 0 | BB53: 0 | BC53: WRWT25800/WRWT25650 | BD53: 0
A54: 45721 | B54: MK68-000334 | C54: บจก.อินเทคค์ โกลบอล | D54: เพอเฟคค์ 000 | E54: 20 | F54: 36 | G54: ขาว | H54: ด้าน | I54: 100 | J54: ± | K54: 5 | L54: จับจีบ | M54: ไม่สวมถุงใน | N54: 0 | O54: 0 | P54: 0 | Q54: 0 | R54: 0 | S54: มัด80 ใช้สายรัด | T54: รอแจ้ง | U54: 971 | V54: 0 | W54: 971 | X54: 10610 | Y54: 0 | Z54: WSWT2025800SM | AA54: 0 | AB54: 0 | AC54: 0 | AD54: 0 | AE54: 0 | AF54: 0 | AG54: พร้อมส่ง | AH54: P6 | AI54: 4 | AJ54: รอแจ้ง | AK54: #VALUE! | AL54: #VALUE! | AM54: #VALUE! | AN54: #VALUE! | AO54: #VALUE! | AP54: #VALUE! | AQ54: 0 | AR54: 0 | AS54: 0 | AT54: 0 | AU54: 0 | AV54: 0 | AW54: งานเคลือบ+พิมพ์ | AX54: / | AY54: 0 | AZ54: 0 | BA54: 0 | BB54: 0 | BC54: WRWT25850/WRWT25850 | BD54: 0
A55: 45721 | B55: MK68-000334 | C55: บจก.อินเทคค์ โกลบอล | D55: เพอเฟคค์ 911 | E55: 20 | F55: 36 | G55: ขาว | H55: ด้าน | I55: 100 | J55: ± | K55: 5 | L55: จับจีบ | M55: ไม่สวมถุงใน | N55: 0 | O55: 0 | P55: 0 | Q55: 0 | R55: 0 | S55: มัด80 ใช้สายรัด | T55: รอแจ้ง | U55: 111 | V55: 0 | W55: 111 | X55: 5600 | Y55: 0 | Z55: WSWT2025800SM | AA55: 0 | AB55: 0 | AC55: 0 | AD55: 0 | AE55: 0 | AF55: 0 | AG55: พร้อมส่ง | AH55: P6 | AI55: 4 | AJ55: รอแจ้ง | AK55: #VALUE! | AL55: #VALUE! | AM55: #VALUE! | AN55: #VALUE! | AO55: #VALUE! | AP55: #VALUE! | AQ55: 0 | AR55: 0 | AS55: 0 | AT55: 0 | AU55: 0 | AV55: 0 | AW55: งานเคลือบ+พิมพ์ | AX55: / | AY55: 0 | AZ55: 0 | BA55: 0 | BB55: 0 | BC55: WRWT25850/WRWT25850 | BD55: 0
A56: 45729 | B56: MK68-000398 | C56: บจก.มารีน ลีดเดอร์ | D56: Rocky Quick lime | E56: 20 | F56: 30 | G56: ขาว | H56: ใส | I56: 80 | J56: ± | K56: 5 | L56: จับจีบ5" | M56: 21 | N56: 33 | O56: 40 | P56: 0.51290839 | Q56: 0 | R56: 0.51290839 | S56: 500กระสอบ | T56: รอส่ง | U56: 10000 | V56: 9970 | W56: 30 | X56: 10500 | Y56: 0 | Z56: WSWT2025800SM | AA56: 0 | AB56: 0 | AC56: 0 | AD56: 0 | AE56: 0 | AF56: 0 | AG56: พร้อมส่ง | AH56: P8 | AI56: 4 | AJ56: รอส่ง | AK56: #VALUE! | AL56: #VALUE! | AM56: #VALUE! | AN56: #VALUE! | AO56: #VALUE! | AP56: #VALUE! | AQ56: #VALUE! | AR56: 0 | AS56: 0 | AT56: 0 | AU56: 0 | AV56: 0 | AW56: งานเคลือบ+พิมพ์ | AX56: รอART | AY56: 0 | AZ56: 0 | BA56: 0 | BB56: 0 | BC56: WRWT25850/WRWT25850 | BD56: 0
A57: 45611 | B57: MK67-001533 | C57: บจก.อินเทคค์ โกลบอล | D57: เฟิร์สช้อย 914 | E57: 20 | F57: 36 | G57: ขาว | H57: ด้าน | I57: 100 | J57: ± | K57: 5 | L57: จับจีบ | M57: ไม่สวมถุงใน | N57: 0 | O57: 0 | P57: 0 | Q57: 0 | R57: 0 | S57: มัด80 ใช้สายรัด | T57: รอแจ้ง | U57: 67 | V57: 67 | W57: 0 | X57: 80 | Y57: 0 | Z57: WSWT2025800SM | AA57: 0 | AB57: 0 | AC57: 0 | AD57: 0 | AE57: 0 | AF57: 0 | AG57: พร้อมส่ง | AH57: P6 | AI57: 4 | AJ57: รอแจ้ง | AK57: #VALUE! | AL57: #VALUE! | AM57: #VALUE! | AN57: #VALUE! | AO57: #VALUE! | AP57: #VALUE! | AQ57: 0 | AR57: 0 | AS57: 0 | AT57: 0 | AU57: 0 | AV57: 0 | AW57: งานเคลือบ+พิมพ์ | AX57: / | AY57: 0 | AZ57: 0 | BA57: 0 | BB57: 0 | BC57: WRWT25850/WRWT25850 | BD57: 0
A58: 45721 | B58: MK68-000337 | C58: บจก.อินเทคค์ โกลบอล | D58: เพอเฟคค์ 916 | E58: 20 | F58: 36 | G58: ขาว | H58: ด้าน | I58: 100 | J58: ± | K58: 5 | L58: จับจีบ | M58: ไม่สวมถุงใน | N58: 0 | O58: 0 | P58: 0 | Q58: 0 | R58: 0 | S58: มัด80 ใช้สายรัด | T58: รอแจ้ง | U58: 395 | V58: 0 | W58: 395 | X58: 11050 | Y58: 0 | Z58: WSWT2025800SM | AA58: 0 | AB58: 0 | AC58: 0 | AD58: 0 | AE58: 0 | AF58: 0 | AG58: พร้อมส่ง | AH58: P6 | AI58: 4 | AJ58: รอแจ้ง | AK58: #VALUE! | AL58: #VALUE! | AM58: #VALUE! | AN58: #VALUE! | AO58: #VALUE! | AP58: #VALUE! | AQ58: 0 | AR58: 0 | AS58: 0 | AT58: 0 | AU58: 0 | AV58: 0 | AW58: งานเคลือบ+พิมพ์ | AX58: / | AY58: 0 | AZ58: 0 | BA58: 0 | BB58: 0 | BC58: WRWT25850/WRWT25850 | BD58: 0
A59: 45721 | B59: MK68-000341 | C59: บจก.อินเทคค์ โกลบอล | D59: สุบรรณ 222 | E59: 20 | F59: 36 | G59: ขาว | H59: ด้าน | I59: 100 | J59: ± | K59: 5 | L59: จับจีบ | M59: ไม่สวมถุงใน | N59: 0 | O59: 0 | P59: 0 | Q59: 0 | R59: 0 | S59: มัด80 ใช้สายรัด | T59: รอแจ้ง | U59: 235 | V59: 0 | W59: 235 | X59: 6066 | Y59: 0 | Z59: WSWT2025800SM | AA59: 0 | AB59: 0 | AC59: 0 | AD59: 0 | AE59: 0 | AF59: 0 | AG59: ยังไม่ได้พิมพ์ | AH59: P6 | AI59: 4 | AJ59: รอแจ้ง | AK59: #VALUE! | AL59: #VALUE! | AM59: #VALUE! | AN59: #VALUE! | AO59: #VALUE! | AP59: #VALUE! | AQ59: 0 | AR59: 0 | AS59: 0 | AT59: 0 | AU59: 0 | AV59: 0 | AW59: งานเคลือบ+พิมพ์ | AX59: / | AY59: 0 | AZ59: 0 | BA59: 0 | BB59: 0 | BC59: WRWT25850/WRWT25850 | BD59: 0
A60: 45667 | B60: MK68-000064 | C60: บจก.เอพีเอ็ม อะโกร | D60: ฟิล กู๊ด พี6 | E60: 20 | F60: 38 | G60: ขาว | H60: ใส | I60: 100 | J60: ± | K60: 5 | L60: บิด | M60: ไม่สวมถุงใน | N60: 0 | O60: 0 | P60: 0 | Q60: 0 | R60: 0 | S60: 500กระสอบแบน | T60: รอส่ง | U60: 2432 | V60: 2432 | W60: 0 | X60: 0 | Y60: 0 | Z60: WSWT2025800SM | AA60: 0 | AB60: 0 | AC60: 0 | AD60: 0 | AE60: 0 | AF60: 0 | AG60: ยังไม่ได้พิมพ์ | AH60: P6 | AI60: 4 | AJ60: รอส่ง | AK60: #VALUE! | AL60: #VALUE! | AM60: #VALUE! | AN60: #VALUE! | AO60: #VALUE! | AP60: #VALUE! | AQ60: 0 | AR60: 0 | AS60: 0 | AT60: 0 | AU60: 0 | AV60: 0 | AW60: งานเคลือบ+พิมพ์ | AX60: / | AY60: 0 | AZ60: 0 | BA60: 0 | BB60: 0 | BC60: WRWT25850/WRWT25850 | BD60: 0
A61: 45721 | B61: MK68-000341 | C61: บจก.อินเทคค์ โกลบอล | D61: สุบรรณ 111 | E61: 20 | F61: 36 | G61: ขาว | H61: ด้าน | I61: 100 | J61: ± | K61: 5 | L61: จับจีบ | M61: ไม่สวมถุงใน | N61: 0 | O61: 0 | P61: 0 | Q61: 0 | R61: 0 | S61: มัด80 ใช้สายรัด | T61: รอแจ้ง | U61: 734 | V61: 0 | W61: 734 | X61: 5520 | Y61: 0 | Z61: WSWT2025800SM | AA61: 0 | AB61: 0 | AC61: 0 | AD61: 0 | AE61: 0 | AF61: 0 | AG61: รอตัด | AH61: P6 | AI61: 4 | AJ61: รอแจ้ง | AK61: #VALUE! | AL61: #VALUE! | AM61: #VALUE! | AN61: #VALUE! | AO61: #VALUE! | AP61: #VALUE! | AQ61: 0 | AR61: 0 | AS61: 0 | AT61: 0 | AU61: 0 | AV61: 0 | AW61: งานเคลือบ+พิมพ์ | AX61: / | AY61: 0 | AZ61: 0 | BA61: 0 | BB61: 0 | BC61: WRWT25850/WRWT25850 | BD61: 0
A62: 45674 | B62: MK68-000088 | C62: บจก.อินเทคค์ โกลบอล | D62: เพอเฟคค์ 914 | E62: 20 | F62: 36 | G62: ขาว | H62: ด้าน | I62: 100 | J62: ± | K62: 5 | L62: จับจีบ4" | M62: ไม่สวมถุงใน | N62: 0 | O62: 0 | P62: 0 | Q62: 0 | R62: 0 | S62: มัด80 ใช้สายรัด | T62: 45752 | U62: 811 | V62: 0 | W62: 811 | X62: 0 | Y62: 851.55 | Z62: WSWT2025800SM | AA62: 849.72525 | AB62: 0 | AC62: 849.72525 | AD62: 0 | AE62: 849.72525 | AF62: ห้ามขาด-ห้ามเกิน | AG62: รอตัด | AH62: P6 | AI62: 4 | AJ62: 45752 | AK62: 45748 | AL62: 45741 | AM62: 45749 | AN62: 45750 | AO62: 45751 | AP62: 45747 | AQ62: 0 | AR62: 0 | AS62: 0 | AT62: 0 | AU62: 0 | AV62: 0 | AW62: งานเคลือบ+พิมพ์ | AX62: / | AY62: 0 | AZ62: 0 | BA62: 0 | BB62: 0 | BC62: WRWT25850/WRWT25850 | BD62: 64.201463
A63: 45721 | B63: MK68-000336 | C63: บจก.อินเทคค์ โกลบอล | D63: เพอเฟคค์ 914 | E63: 20 | F63: 36 | G63: ขาว | H63: ด้าน | I63: 100 | J63: ± | K63: 5 | L63: จับจีบ4" | M63: ไม่สวมถุงใน | N63: 0 | O63: 0 | P63: 0 | Q63: 0 | R63: 0 | S63: มัด80 ใช้สายรัด | T63: 45752 | U63: 10320 | V63: 0 | W63: 10320 | X63: 0 | Y63: 10836 | Z63: WSWT2025800SM | AA63: 10812.78 | AB63: 8000 | AC63: 2812.78 | AD63: 0 | AE63: 10812.78 | AF63: 0 | AG63: รอตัด | AH63: P6 | AI63: 4 | AJ63: 45752 | AK63: 45748 | AL63: 45741 | AM63: 45749 | AN63: 45750 | AO63: 45751 | AP63: 45747 | AQ63: 0 | AR63: 0 | AS63: 0 | AT63: 0 | AU63: 0 | AV63: 0 | AW63: งานเคลือบ+พิมพ์ | AX63: / | AY63: 0 | AZ63: 0 | BA63: 0 | BB63: 0 | BC63: WRWT25850/WRWT25850 | BD63: 212.52116
A64: 45721 | B64: MK68-000335 | C64: บจก.อินเทคค์ โกลบอล | D64: เพอเฟคค์ 913 | E64: 20 | F64: 36 | G64: ขาว | H64: ด้าน | I64: 100 | J64: ± | K64: 5 | L64: จับจีบ4" | M64: ไม่สวมถุงใน | N64: 0 | O64: 0 | P64: 0 | Q64: 0 | R64: 0 | S64: มัด80 ใช้สายรัด | T64: 45752 | U64: 7710 | V64: 5040 | W64: 2670 | X64: 23120 | Y64: 0 | Z64: WSWT2025800SM | AA64: 0 | AB64: 0 | AC64: 0 | AD64: 0 | AE64: 0 | AF64: 0 | AG64: ยังไม่ได้พิมพ์ | AH64: P6 | AI64: 4 | AJ64: 45752 | AK64: 45748 | AL64: 45741 | AM64: 45749 | AN64: 45750 | AO64: 45751 | AP64: 45747 | AQ64: 0 | AR64: 0 | AS64: 0 | AT64: 0 | AU64: 0 | AV64: 0 | AW64: งานเคลือบ+พิมพ์ | AX64: / | AY64: 0 | AZ64: 0 | BA64: 0 | BB64: 0 | BC64: WRWT25850/WRWT25850 | BD64: 0
A65: 45738 | B65: MK68-000442 | C65: บจก.เอพีเอ็ม อะโกร | D65: วี-ฟีด วี 01 | E65: 20 | F65: 38 | G65: ขาว | H65: ใส | I65: 100 | J65: ± | K65: 5 | L65: บิด | M65: ไม่สวมถุงใน | N65: 0 | O65: 0 | P65: 0 | Q65: 0 | R65: 0 | S65: 500กระสอบแบน | T65: 45752 | U65: 3000 | V65: 0 | W65: 3000 | X65: 3300 | Y65: 0 | Z65: WSWT2025800SM | AA65: 0 | AB65: 0 | AC65: 0 | AD65: 0 | AE65: 0 | AF65: 0 | AG65: รอตัด | AH65: P6 | AI65: 4 | AJ65: 45752 | AK65: 45748 | AL65: 45741 | AM65: 45749 | AN65: 45750 | AO65: 45751 | AP65: 45747 | AQ65: 0 | AR65: 0 | AS65: 0 | AT65: 0 | AU65: 0 | AV65: 0 | AW65: งานเคลือบ+พิมพ์ | AX65: รอART | AY65: 0 | AZ65: 0 | BA65: 0 | BB65: 0 | BC65: WRWT25850/WRWT25850 | BD65: 0
A66: 45738 | B66: MK68-000445 | C66: บจก.เอพีเอ็ม อะโกร | D66: วี-ฟีด วี 04 | E66: 20 | F66: 38 | G66: ขาว | H66: ใส | I66: 100 | J66: ± | K66: 5 | L66: บิด | M66: ไม่สวมถุงใน | N66: 0 | O66: 0 | P66: 0 | Q66: 0 | R66: 0 | S66: 500กระสอบแบน | T66: 45752 | U66: 4000 | V66: 0 | W66: 4000 | X66: 4300 | Y66: 0 | Z66: WSWT2025800SM | AA66: 0 | AB66: 0 | AC66: 0 | AD66: 0 | AE66: 0 | AF66: 0 | AG66: ยังไม่ได้พิมพ์ | AH66: P6 | AI66: 4 | AJ66: 45752 | AK66: 45748 | AL66: 45741 | AM66: 45749 | AN66: 45750 | AO66: 45751 | AP66: 45747 | AQ66: 0 | AR66: 0 | AS66: 0 | AT66: 0 | AU66: 0 | AV66: 0 | AW66: งานเคลือบ+พิมพ์ | AX66: รอART | AY66: 0 | AZ66: 0 | BA66: 0 | BB66: 0 | BC66: WRWT25850/WRWT25850 | BD66: 0
A67: 45706 | B67: MK68-000254 | C67: บจก.เอพีเอ็ม อะโกร | D67: ยูฟีด ดี3 | E67: 20 | F67: 38 | G67: ขาว | H67: ใส | I67: 100 | J67: ± | K67: 5 | L67: บิด | M67: ไม่สวมถุงใน | N67: 0 | O67: 0 | P67: 0 | Q67: 0 | R67: 0 | S67: 500กระสอบแบน | T67: 45754 | U67: 3000 | V67: 0 | W67: 3000 | X67: 0 | Y67: 3150 | Z67: WSWT2025800SM | AA67: 3310.89 | AB67: 2000 | AC67: 1310.89 | AD67: 2000 | AE67: 1310.89 | AF67: 0 | AG67: รอตัด | AH67: P6 | AI67: 4 | AJ67: 45754 | AK67: 45750 | AL67: 45743 | AM67: 45751 | AN67: 45752 | AO67: 45753 | AP67: 45749 | AQ67: 0 | AR67: 0 | AS67: 0 | AT67: 0 | AU67: 0 | AV67: 0 | AW67: งานเคลือบ+พิมพ์ | AX67: / | AY67: 0 | AZ67: 0 | BA67: 0 | BB67: 0 | BC67: WRWT25850/WRWT25850 | BD67: 99.045022
A68: 45741 | B68: MK68-000451 | C68: บจก.เอพีเอ็ม อะโกร | D68: วี-ฟีด วี 06 | E68: 20 | F68: 38 | G68: ขาว | H68: ใส | I68: 100 | J68: ± | K68: 5 | L68: บิด | M68: ไม่สวมถุงใน | N68: 0 | O68: 0 | P68: 0 | Q68: 0 | R68: 0 | S68: 500กระสอบแบน | T68: 45754 | U68: 4000 | V68: 0 | W68: 4000 | X68: 4390 | Y68: 0 | Z68: WSWT2025800SM | AA68: 0 | AB68: 0 | AC68: 0 | AD68: 0 | AE68: 0 | AF68: 0 | AG68: ยังไม่ได้พิมพ์ | AH68: P6 | AI68: 4 | AJ68: 45754 | AK68: 45750 | AL68: 45743 | AM68: 45751 | AN68: 45752 | AO68: 45753 | AP68: 45749 | AQ68: 0 | AR68: 0 | AS68: 0 | AT68: 0 | AU68: 0 | AV68: 0 | AW68: งานเคลือบ+พิมพ์ | AX68: / | AY68: 0 | AZ68: 0 | BA68: 0 | BB68: 0 | BC68: WRWT25850/WRWT25850 | BD68: 0
A69: 45734 | B69: MK68-000424 | C69: บจก.วีซีเอฟ | D69: SPEED PLUS 111 เขมร | E69: 20 | F69: 37 | G69: ขาว | H69: ใส | I69: 100 | J69: ± | K69: 5 | L69: ไม่ | M69: ไม่สวมถุงใน | N69: 0 | O69: 0 | P69: 0 | Q69: 0 | R69: 0 | S69: 500กระสอบแบน | T69: 45757 | U69: 5000 | V69: 0 | W69: 5000 | X69: 0 | Y69: 5250 | Z69: WSWT2025800SM | AA69: 5378.45 | AB69: 5378.45 | AC69: 0 | AD69: 5378.45 | AE69: 0 | AF69: ห้ามเกิน | AG69: รอตัด | AH69: P6 | AI69: 4 | AJ69: 45757 | AK69: 45753 | AL69: 45746 | AM69: 45754 | AN69: 45755 | AO69: 45756 | AP69: 45752 | AQ69: 0 | AR69: 0 | AS69: 0 | AT69: 0 | AU69: 0 | AV69: 0 | AW69: งานเคลือบ+พิมพ์ | AX69: / | AY69: 0 | AZ69: 0 | BA69: 0 | BB69: 0 | BC69: WRWT25850/WRWT25850 | BD69: 0
A70: 45734 | B70: MK68-000424 | C70: บจก.วีซีเอฟ | D70: SPEED PLUS 333 ลาว | E70: 20 | F70: 37 | G70: ขาว | H70: ใส | I70: 100 | J70: ± | K70: 5 | L70: ไม่ | M70: ไม่สวมถุงใน | N70: 0 | O70: 0 | P70: 0 | Q70: 0 | R70: 0 | S70: 500กระสอบแบน | T70: 45757 | U70: 5000 | V70: 0 | W70: 5000 | X70: 5000 | Y70: 0 | Z70: WSWT2025800SM | AA70: 0 | AB70: 0 | AC70: 0 | AD70: 0 | AE70: 0 | AF70: ห้ามเกิน | AG70: ยังไม่ได้พิมพ์ | AH70: P6 | AI70: 4 | AJ70: 45757 | AK70: 45753 | AL70: 45746 | AM70: 45754 | AN70: 45755 | AO70: 45756 | AP70: 45752 | AQ70: 0 | AR70: 0 | AS70: 0 | AT70: 0 | AU70: 0 | AV70: 0 | AW70: งานเคลือบ+พิมพ์ | AX70: / | AY70: 0 | AZ70: 0 | BA70: 0 | BB70: 0 | BC70: WRWT25850/WRWT25850 | BD70: 0
A71: 45734 | B71: MK68-000424 | C71: บจก.วีซีเอฟ | D71: SPEED PLUS 444 ลาว | E71: 20 | F71: 37 | G71: ขาว | H71: ใส | I71: 100 | J71: ± | K71: 5 | L71: ไม่ | M71: ไม่สวมถุงใน | N71: 0 | O71: 0 | P71: 0 | Q71: 0 | R71: 0 | S71: 500กระสอบแบน | T71: 45757 | U71: 5000 | V71: 0 | W71: 5000 | X71: 0 | Y71: 5250 | Z71: WSWT2025800SM | AA71: 5378.45 | AB71: 0 | AC71: 5378.45 | AD71: 0 | AE71: 5378.45 | AF71: ห้ามเกิน | AG71: ยังไม่ได้พิมพ์ | AH71: P6 | AI71: 4 | AJ71: 45757 | AK71: 45753 | AL71: 45746 | AM71: 45754 | AN71: 45755 | AO71: 45756 | AP71: 45752 | AQ71: 0 | AR71: 0 | AS71: 0 | AT71: 0 | AU71: 0 | AV71: 0 | AW71: งานเคลือบ+พิมพ์ | AX71: / | AY71: 0 | AZ71: 0 | BA71: 0 | BB71: 0 | BC71: WRWT25850/WRWT25850 | BD71: 406.37178
A72: 45734 | B72: MK68-000429 | C72: บจก.วีซีเอฟ | D72: SPEED PLUS 333 เขมร | E72: 20 | F72: 37 | G72: ขาว | H72: ใส | I72: 100 | J72: ± | K72: 5 | L72: ไม่ | M72: ไม่สวมถุงใน | N72: 0 | O72: 0 | P72: 0 | Q72: 0 | R72: 0 | S72: 500กระสอบแบน | T72: 45757 | U72: 5000 | V72: 0 | W72: 5000 | X72: 5000 | Y72: 0 | Z72: WSWT2025800SM | AA72: 0 | AB72: 0 | AC72: 0 | AD72: 0 | AE72: 0 | AF72: ห้ามเกิน | AG72: ยังไม่ได้พิมพ์ | AH72: P6 | AI72: 4 | AJ72: 45757 | AK72: 45753 | AL72: 45746 | AM72: 45754 | AN72: 45755 | AO72: 45756 | AP72: 45752 | AQ72: 0 | AR72: 0 | AS72: 0 | AT72: 0 | AU72: 0 | AV72: 0 | AW72: งานเคลือบ+พิมพ์ | AX72: / | AY72: 0 | AZ72: 0 | BA72: 0 | BB72: 0 | BC72: WRWT25850/WRWT25850 | BD72: 0
A73: 45750 | B73: MK68-000494 | C73: บจก.วีซีเอฟ | D73: JET153 | E73: 20 | F73: 37 | G73: ขาว | H73: ใส | I73: 100 | J73: ± | K73: 5 | L73: ไม่ | M73: ไม่สวมถุงใน | N73: 0 | O73: 0 | P73: 0 | Q73: 0 | R73: 0 | S73: 500กระสอบแบน | T73: 45770 | U73: 5000 | V73: 0 | W73: 5000 | X73: 0 | Y73: 5250 | Z73: WSWT2025800SM | AA73: 5378.45 | AB73: 0 | AC73: 5378.45 | AD73: 0 | AE73: 5378.45 | AF73: ห้ามเกิน | AG73: ยังไม่ได้พิมพ์ | AH73: P6 | AI73: 4 | AJ73: 45770 | AK73: 45766 | AL73: 45759 | AM73: 45767 | AN73: 45768 | AO73: 45769 | AP73: 45765 | AQ73: 0 | AR73: 0 | AS73: 0 | AT73: 0 | AU73: 0 | AV73: 0 | AW73: งานเคลือบ+พิมพ์ | AX73: / | AY73: 0 | AZ73: 0 | BA73: 0 | BB73: 0 | BC73: WRWT25850/WRWT25850 | BD73: 406.37178
A74: 45750 | B74: MK68-000496 | C74: บจก.วีซีเอฟ | D74: JET405โปรตีน18% | E74: 20 | F74: 37 | G74: ขาว | H74: ใส | I74: 100 | J74: ± | K74: 5 | L74: ไม่ | M74: ไม่สวมถุงใน | N74: 0 | O74: 0 | P74: 0 | Q74: 0 | R74: 0 | S74: 500กระสอบแบน | T74: 45772 | U74: 10000 | V74: 0 | W74: 10000 | X74: 0 | Y74: 10500 | Z74: WSWT2025800SM | AA74: 10756.9 | AB74: 0 | AC74: 10756.9 | AD74: 0 | AE74: 10756.9 | AF74: ห้ามเกิน | AG74: ยังไม่ได้พิมพ์ | AH74: P6 | AI74: 4 | AJ74: 45772 | AK74: 45768 | AL74: 45761 | AM74: 45769 | AN74: 45770 | AO74: 45771 | AP74: 45767 | AQ74: 0 | AR74: 0 | AS74: 0 | AT74: 0 | AU74: 0 | AV74: 0 | AW74: งานเคลือบ+พิมพ์ | AX74: / | AY74: 0 | AZ74: 0 | BA74: 0 | BB74: 0 | BC74: WRWT25850/WRWT25850 | BD74: 812.74356
A75: 45750 | B75: MK68-000496 | C75: บจก.วีซีเอฟ | D75: JET405โปรตีน16% | E75: 20 | F75: 37 | G75: ขาว | H75: ใส | I75: 100 | J75: ± | K75: 5 | L75: ไม่ | M75: ไม่สวมถุงใน | N75: 0 | O75: 0 | P75: 0 | Q75: 0 | R75: 0 | S75: 500กระสอบแบน | T75: 45772 | U75: 10000 | V75: 0 | W75: 10000 | X75: 0 | Y75: 10500 | Z75: WSWT2025800SM | AA75: 10756.9 | AB75: 0 | AC75: 10756.9 | AD75: 0 | AE75: 10756.9 | AF75: ห้ามเกิน | AG75: ยังไม่ได้พิมพ์ | AH75: P6 | AI75: 4 | AJ75: 45772 | AK75: 45768 | AL75: 45761 | AM75: 45769 | AN75: 45770 | AO75: 45771 | AP75: 45767 | AQ75: 0 | AR75: 0 | AS75: 0 | AT75: 0 | AU75: 0 | AV75: 0 | AW75: งานเคลือบ+พิมพ์ | AX75: / | AY75: 0 | AZ75: 0 | BA75: 0 | BB75: 0 | BC75: WRWT25850/WRWT25850 | BD75: 812.74356
A76: 45750 | B76: MK68-000494 | C76: บจก.วีซีเอฟ | D76: R FEED 405A | E76: 20 | F76: 37 | G76: ขาว | H76: ใส | I76: 100 | J76: ± | K76: 5 | L76: ไม่ | M76: ไม่สวมถุงใน | N76: 0 | O76: 0 | P76: 0 | Q76: 0 | R76: 0 | S76: 500กระสอบแบน | T76: 45770 | U76: 10000 | V76: 0 | W76: 10000 | X76: 0 | Y76: 10500 | Z76: WSWT2025800SM | AA76: 10756.9 | AB76: 0 | AC76: 10756.9 | AD76: 0 | AE76: 10756.9 | AF76: ห้ามเกิน | AG76: ยังไม่ได้พิมพ์ | AH76: P6 | AI76: 4 | AJ76: 45770 | AK76: 45766 | AL76: 45759 | AM76: 45767 | AN76: 45768 | AO76: 45769 | AP76: 45765 | AQ76: 0 | AR76: 0 | AS76: 0 | AT76: 0 | AU76: 0 | AV76: 0 | AW76: งานเคลือบ+พิมพ์ | AX76: / | AY76: 0 | AZ76: 0 | BA76: 0 | BB76: 0 | BC76: WRWT25850/WRWT25850 | BD76: 812.74356
A77: 45750 | B77: MK68-000495 | C77: บจก.วีซีเอฟ | D77: VC 100 | E77: 20 | F77: 37 | G77: ขาว | H77: ใส | I77: 100 | J77: ± | K77: 5 | L77: บิด | M77: ไม่สวมถุงใน | N77: 0 | O77: 0 | P77: 0 | Q77: 0 | R77: 0 | S77: 500กระสอบแบน | T77: 45758 | U77: 20000 | V77: 0 | W77: 20000 | X77: 0 | Y77: 21000 | Z77: WSWT2025800SM | AA77: 21513.8 | AB77: 0 | AC77: 21513.8 | AD77: 0 | AE77: 21513.8 | AF77: ห้ามเกิน | AG77: ยังไม่ได้พิมพ์ | AH77: P6 | AI77: 4 | AJ77: 45758 | AK77: 45754 | AL77: 45747 | AM77: 45755 | AN77: 45756 | AO77: 45757 | AP77: 45753 | AQ77: 0 | AR77: 0 | AS77: 0 | AT77: 0 | AU77: 0 | AV77: 0 | AW77: งานเคลือบ+พิมพ์ | AX77: / | AY77: 0 | AZ77: 0 | BA77: 0 | BB77: 0 | BC77: WRWT25850/WRWT25850 | BD77: 1625.4871
A78: 45740 | B78: MK68-000439 | C78: บจก.เอพีเอ็ม อะโกร | D78: ฟิล กู๊ด พี4 | E78: 20 | F78: 38 | G78: ขาว | H78: ใส | I78: 100 | J78: ± | K78: 5 | L78: บิด | M78: ไม่สวมถุงใน | N78: 0 | O78: 0 | P78: 0 | Q78: 0 | R78: 0 | S78: 500กระสอบแบน | T78: 45758 | U78: 3000 | V78: 0 | W78: 3000 | X78: 0 | Y78: 3150 | Z78: WSWT2025800SM | AA78: 3310.89 | AB78: 0 | AC78: 3310.89 | AD78: 0 | AE78: 3310.89 | AF78: 0 | AG78: ยังไม่ได้พิมพ์ | AH78: P6 | AI78: 4 | AJ78: 45758 | AK78: 45754 | AL78: 45747 | AM78: 45755 | AN78: 45756 | AO78: 45757 | AP78: 45753 | AQ78: 0 | AR78: 0 | AS78: 0 | AT78: 0 | AU78: 0 | AV78: 0 | AW78: งานเคลือบ+พิมพ์ | AX78: รอART | AY78: 0 | AZ78: 0 | BA78: 0 | BB78: 0 | BC78: WRWT25850/WRWT25850 | BD78: 250.15613
A79: 45741 | B79: MK68-000456 | C79: บจก.อินเทคค์ โกลบอล | D79: เพอเฟคค์ 913 | E79: 20 | F79: 36 | G79: ขาว | H79: ด้าน | I79: 100 | J79: ± | K79: 5 | L79: จับจีบ4" | M79: ไม่สวมถุงใน | N79: 0 | O79: 0 | P79: 0 | Q79: 0 | R79: 0 | S79: มัด80 ใช้สายรัด | T79: 45764 | U79: 10000 | V79: 0 | W79: 10000 | X79: 0 | Y79: 10500 | Z79: WSWT2025800SM | AA79: 10477.5 | AB79: 0 | AC79: 10477.5 | AD79: 0 | AE79: 10477.5 | AF79: 0 | AG79: ยังไม่ได้พิมพ์ | AH79: P6 | AI79: 4 | AJ79: 45764 | AK79: 45760 | AL79: 45753 | AM79: 45761 | AN79: 45762 | AO79: 45763 | AP79: 45759 | AQ79: 0 | AR79: 0 | AS79: 0 | AT79: 0 | AU79: 0 | AV79: 0 | AW79: งานเคลือบ+พิมพ์ | AX79: / | AY79: 0 | AZ79: 0 | BA79: 0 | BB79: 0 | BC79: WRWT25850/WRWT25850 | BD79: 791.63333
A80: 45741 | B80: MK68-000450 | C80: บจก.เอพีเอ็ม อะโกร | D80: วี-ฟีด วี 05 | E80: 20 | F80: 38 | G80: ขาว | H80: ใส | I80: 100 | J80: ± | K80: 5 | L80: บิด | M80: ไม่สวมถุงใน | N80: 0 | O80: 0 | P80: 0 | Q80: 0 | R80: 0 | S80: 500กระสอบแบน | T80: 45765 | U80: 4000 | V80: 0 | W80: 4000 | X80: 0 | Y80: 4200 | Z80: WSWT2025800SM | AA80: 4414.52 | AB80: 0 | AC80: 4414.52 | AD80: 0 | AE80: 4414.52 | AF80: 0 | AG80: ยังไม่ได้พิมพ์ | AH80: P6 | AI80: 4 | AJ80: 45765 | AK80: 45761 | AL80: 45754 | AM80: 45762 | AN80: 45763 | AO80: 45764 | AP80: 45760 | AQ80: 0 | AR80: 0 | AS80: 0 | AT80: 0 | AU80: 0 | AV80: 0 | AW80: งานเคลือบ+พิมพ์ | AX80: / | AY80: 0 | AZ80: 0 | BA80: 0 | BB80: 0 | BC80: WRWT25850/WRWT25850 | BD80: 333.54151
A81: 45741 | B81: MK68-000452 | C81: บจก.เอพีเอ็ม อะโกร | D81: วี-ฟีด วี 07 | E81: 20 | F81: 38 | G81: ขาว | H81: ใส | I81: 100 | J81: ± | K81: 5 | L81: บิด | M81: ไม่สวมถุงใน | N81: 0 | O81: 0 | P81: 0 | Q81: 0 | R81: 0 | S81: 500กระสอบแบน | T81: 45765 | U81: 4000 | V81: 0 | W81: 4000 | X81: 0 | Y81: 4200 | Z81: WSWT2025800SM | AA81: 4414.52 | AB81: 0 | AC81: 4414.52 | AD81: 0 | AE81: 4414.52 | AF81: 0 | AG81: ยังไม่ได้พิมพ์ | AH81: P6 | AI81: 4 | AJ81: 45765 | AK81: 45761 | AL81: 45754 | AM81: 45762 | AN81: 45763 | AO81: 45764 | AP81: 45760 | AQ81: 0 | AR81: 0 | AS81: 0 | AT81: 0 | AU81: 0 | AV81: 0 | AW81: งานเคลือบ+พิมพ์ | AX81: / | AY81: 0 | AZ81: 0 | BA81: 0 | BB81: 0 | BC81: WRWT25850/WRWT25850 | BD81: 333.54151
A82: 45750 | B82: MK68-000498 | C82: บจก.วีซีเอฟ | D82: SPEED PLUS 222 เขมร | E82: 20 | F82: 37 | G82: ขาว | H82: ใส | I82: 100 | J82: ± | K82: 5 | L82: ไม่ | M82: ไม่สวมถุงใน | N82: 0 | O82: 0 | P82: 0 | Q82: 0 | R82: 0 | S82: 500กระสอบแบน | T82: 45768 | U82: 5000 | V82: 0 | W82: 5000 | X82: 0 | Y82: 5250 | Z82: WSWT2025800SM | AA82: 5378.45 | AB82: 0 | AC82: 5378.45 | AD82: 0 | AE82: 5378.45 | AF82: ห้ามเกิน | AG82: รอแบบ | AH82: P6 | AI82: 4 | AJ82: 45768 | AK82: 45764 | AL82: 45757 | AM82: 45765 | AN82: 45766 | AO82: 45767 | AP82: 45763 | AQ82: 0 | AR82: 0 | AS82: 0 | AT82: 0 | AU82: 0 | AV82: 0 | AW82: งานเคลือบ+พิมพ์ | AX82: รอART | AY82: 0 | AZ82: 0 | BA82: 0 | BB82: 0 | BC82: WRWT25850/WRWT25850 | BD82: 406.37178
A83: 45740 | B83: MK68-000440 | C83: บจก.เอสพีเอ็ม อาหารสัตว์ | D83: นีโอ 05 | E83: 20 | F83: 38 | G83: ขาว | H83: ด้าน | I83: 100 | J83: ± | K83: 5 | L83: บิด | M83: ไม่สวมถุงใน | N83: 0 | O83: 0 | P83: 0 | Q83: 0 | R83: 0 | S83: 500กระสอบแบน | T83: 45776 | U83: 5000 | V83: 0 | W83: 5000 | X83: 0 | Y83: 5250 | Z83: WSWT2025800SM | AA83: 5518.15 | AB83: 0 | AC83: 5518.15 | AD83: 0 | AE83: 5518.15 | AF83: 0 | AG83: รอแบบ | AH83: P6 | AI83: 4 | AJ83: 45776 | AK83: 45772 | AL83: 45765 | AM83: 45773 | AN83: 45774 | AO83: 45775 | AP83: 45771 | AQ83: 0 | AR83: 0 | AS83: 0 | AT83: 0 | AU83: 0 | AV83: 0 | AW83: งานเคลือบ+พิมพ์ | AX83: รอART | AY83: 0 | AZ83: 0 | BA83: 0 | BB83: 0 | BC83: WRWT25850/WRWT25850 | BD83: 416.92689
A84: 45740 | B84: MK68-000441 | C84: บจก.เอสพีเอ็ม อาหารสัตว์ | D84: SPM 312 | E84: 20 | F84: 37 | G84: ขาว | H84: ด้าน | I84: 97 | J84: ± | K84: 5 | L84: บิด | M84: ไม่สวมถุงใน | N84: 0 | O84: 0 | P84: 0 | Q84: 0 | R84: 0 | S84: 500กระสอบแบน | T84: 45758 | U84: 3000 | V84: 0 | W84: 3000 | X84: 0 | Y84: 3150 | Z84: WSWT2025800SM | AA84: 3227.07 | AB84: 0 | AC84: 3227.07 | AD84: 0 | AE84: 3227.07 | AF84: 0 | AG84: พร้อมส่ง | AH84: P6 | AI84: 4 | AJ84: 45758 | AK84: 45754 | AL84: 45747 | AM84: 45755 | AN84: 45756 | AO84: 45757 | AP84: 45753 | AQ84: 0 | AR84: 0 | AS84: 0 | AT84: 0 | AU84: 0 | AV84: 0 | AW84: งานเคลือบ+พิมพ์ | AX84: รอART | AY84: 0 | AZ84: 0 | BA84: 0 | BB84: 0 | BC84: WRWT25850/WRWT25850 | BD84: 243.82307
A85: ประมาณการ | B85: ประมาณการ | C85: บจก.อินเทคค์ โกลบอล | D85: รอแบบ | E85: 20 | F85: 36 | G85: ขาว | H85: ด้าน | I85: 100 | J85: ± | K85: 5 | L85: จับจีบ | M85: ไม่สวมถุงใน | N85: 0 | O85: 0 | P85: 0 | Q85: 0 | R85: 0 | S85: มัด80 ใช้สายรัด | T85: 45777 | U85: 120000 | V85: 0 | W85: 120000 | X85: 0 | Y85: 126000 | Z85: WSWT2025800SM | AA85: 125730 | AB85: 0 | AC85: 125730 | AD85: 0 | AE85: 125730 | AF85: 0 | AG85: รอแบบ | AH85: P6 | AI85: 4 | AJ85: 45777 | AK85: 45773 | AL85: 45766 | AM85: 45774 | AN85: 45775 | AO85: 45776 | AP85: 45772 | AQ85: 0 | AR85: 0 | AS85: 0 | AT85: 0 | AU85: 0 | AV85: 0 | AW85: งานเคลือบ+พิมพ์ | AX85: / | AY85: 0 | AZ85: 0 | BA85: 0 | BB85: 0 | BC85: WRWT25850/WRWT25850 | BD85: 9499.6
A86: ประมาณการ | B86: ประมาณการ | C86: บจก.เอสพีเอ็ม อาหารสัตว์ | D86: รอแบบ | E86: 20 | F86: 38 | G86: ขาว | H86: ใส | I86: 100 | J86: ± | K86: 5 | L86: บิด | M86: ไม่สวมถุงใน | N86: 0 | O86: 0 | P86: 0 | Q86: 0 | R86: 0 | S86: 500กระสอบแบน | T86: รอแจ้ง | U86: 20000 | V86: 0 | W86: 20000 | X86: 0 | Y86: 21000 | Z86: WSWT2025800SM | AA86: 22072.6 | AB86: 0 | AC86: 22072.6 | AD86: 0 | AE86: 22072.6 | AF86: 0 | AG86: ยังไม่ได้พิมพ์ | AH86: P6 | AI86: 4 | AJ86: รอแจ้ง | AK86: #VALUE! | AL86: #VALUE! | AM86: #VALUE! | AN86: #VALUE! | AO86: #VALUE! | AP86: #VALUE! | AQ86: 0 | AR86: 0 | AS86: 0 | AT86: 0 | AU86: 0 | AV86: 0 | AW86: งานเคลือบ+พิมพ์ | AX86: รอART | AY86: 0 | AZ86: 0 | BA86: 0 | BB86: 0 | BC86: WRWT25850/WRWT25850 | BD86: 1667.7076
A87: 45705 | B87: MK68-000241 | C87: บจก.อินเทคค์ โกลบอล | D87: เฟิร์สช้อย 911 | E87: 20 | F87: 36 | G87: ขาว | H87: ด้าน | I87: 100 | J87: ± | K87: 5 | L87: จับจีบ4" | M87: ไม่สวมถุงใน | N87: 0 | O87: 0 | P87: 0 | Q87: 0 | R87: 0 | S87: มัด80 ใช้สายรัด | T87: รอแจ้ง | U87: 122 | V87: 0 | W87: 122 | X87: 11870 | Y87: 0 | Z87: WSWT2025800SM | AA87: 0 | AB87: 0 | AC87: 0 | AD87: 0 | AE87: 0 | AF87: เลาะ 1000+ลบสี400 | AG87: ยังไม่ได้พิมพ์ | AH87: P6 | AI87: 4 | AJ87: รอแจ้ง | AK87: #VALUE! | AL87: #VALUE! | AM87: #VALUE! | AN87: #VALUE! | AO87: #VALUE! | AP87: #VALUE! | AQ87: 0 | AR87: 0 | AS87: 0 | AT87: 0 | AU87: 0 | AV87: 0 | AW87: งานเคลือบ+พิมพ์ | AX87: / | AY87: 0 | AZ87: 0 | BA87: 0 | BB87: 0 | BC87: WRWT25850/WRWT25850 | BD87: 0
A88: ประมาณการ | B88: ประมาณการ | C88: บจก.ไทยธรรมดี | D88: รอแบบ | E88: 20 | F88: 37 | G88: ขาว | H88: ด้าน | I88: 97 | J88: ± | K88: 5 | L88: บิด | M88: ไม่สวมถุงใน | N88: 0 | O88: 0 | P88: 0 | Q88: 0 | R88: 0 | S88: 500กระสอบ | T88: รอแจ้ง | U88: 40000 | V88: 0 | W88: 40000 | X88: 0 | Y88: 42000 | Z88: WSWT2025800SM | AA88: 43027.6 | AB88: 0 | AC88: 43027.6 | AD88: 0 | AE88: 43027.6 | AF88: 0 | AG88: ยังไม่ได้พิมพ์ | AH88: P6 | AI88: 4 | AJ88: รอแจ้ง | AK88: #VALUE! | AL88: #VALUE! | AM88: #VALUE! | AN88: #VALUE! | AO88: #VALUE! | AP88: #VALUE! | AQ88: 0 | AR88: 0 | AS88: 0 | AT88: 0 | AU88: 0 | AV88: 0 | AW88: งานเคลือบ+พิมพ์ | AX88: รอART | AY88: 0 | AZ88: 0 | BA88: 0 | BB88: 0 | BC88: WRWT25850/WRWT25850 | BD88: 3250.9742
A89: 45720 | B89: MK68-000327 | C89: บจก.เอพีเอ็ม อะโกร | D89: ฟีล กู๊ด พี7 | E89: 20 | F89: 38 | G89: ขาว | H89: ใส | I89: 100 | J89: ± | K89: 5 | L89: บิด | M89: ไม่สวมถุงใน | N89: 0 | O89: 0 | P89: 0 | Q89: 0 | R89: 0 | S89: 500กระสอบแบน | T89: รอแจ้ง | U89: 3000 | V89: 0 | W89: 3000 | X89: 0 | Y89: 3150 | Z89: WSWT2025800SM | AA89: 3310.89 | AB89: 0 | AC89: 3310.89 | AD89: 0 | AE89: 3310.89 | AF89: 0 | AG89: ยังไม่ได้พิมพ์ | AH89: P6 | AI89: 4 | AJ89: รอแจ้ง | AK89: #VALUE! | AL89: #VALUE! | AM89: #VALUE! | AN89: #VALUE! | AO89: #VALUE! | AP89: #VALUE! | AQ89: 0 | AR89: 0 | AS89: 0 | AT89: 0 | AU89: 0 | AV89: 0 | AW89: งานเคลือบ+พิมพ์ | AX89: / | AY89: 0 | AZ89: 0 | BA89: 0 | BB89: 0 | BC89: WRWT25850/WRWT25850 | BD89: 250.15613
A90: 45720 | B90: MK68-000326 | C90: บจก.เอพีเอ็ม อะโกร | D90: ฟีล กู๊ด พี5 | E90: 20 | F90: 38 | G90: ขาว | H90: ใส | I90: 100 | J90: ± | K90: 5 | L90: บิด | M90: ไม่สวมถุงใน | N90: 0 | O90: 0 | P90: 0 | Q90: 0 | R90: 0 | S90: 500กระสอบแบน | T90: รอแจ้ง | U90: 3000 | V90: 0 | W90: 3000 | X90: 0 | Y90: 3150 | Z90: WSWT2025800SM | AA90: 3310.89 | AB90: 0 | AC90: 3310.89 | AD90: 0 | AE90: 3310.89 | AF90: 0 | AG90: ยังไม่ได้พิมพ์ | AH90: P6 | AI90: 4 | AJ90: รอแจ้ง | AK90: #VALUE! | AL90: #VALUE! | AM90: #VALUE! | AN90: #VALUE! | AO90: #VALUE! | AP90: #VALUE! | AQ90: 0 | AR90: 0 | AS90: 0 | AT90: 0 | AU90: 0 | AV90: 0 | AW90: งานเคลือบ+พิมพ์ | AX90: / | AY90: 0 | AZ90: 0 | BA90: 0 | BB90: 0 | BC90: WRWT25850/WRWT25850 | BD90: 250.15613
A91: 45720 | B91: MK68-000325 | C91: บจก.เอพีเอ็ม อะโกร | D91: ฟีล กู๊ด พี1เอฟ | E91: 20 | F91: 38 | G91: ขาว | H91: ใส | I91: 100 | J91: ± | K91: 5 | L91: บิด | M91: ไม่สวมถุงใน | N91: 0 | O91: 0 | P91: 0 | Q91: 0 | R91: 0 | S91: 500กระสอบแบน | T91: รอแจ้ง | U91: 5000 | V91: 0 | W91: 5000 | X91: 0 | Y91: 5250 | Z91: WSWT2025800SM | AA91: 5518.15 | AB91: 0 | AC91: 5518.15 | AD91: 0 | AE91: 5518.15 | AF91: 0 | AG91: ยังไม่ได้พิมพ์ | AH91: P6 | AI91: 4 | AJ91: รอแจ้ง | AK91: #VALUE! | AL91: #VALUE! | AM91: #VALUE! | AN91: #VALUE! | AO91: #VALUE! | AP91: #VALUE! | AQ91: 0 | AR91: 0 | AS91: 0 | AT91: 0 | AU91: 0 | AV91: 0 | AW91: งานเคลือบ+พิมพ์ | AX91: / | AY91: 0 | AZ91: 0 | BA91: 0 | BB91: 0 | BC91: WRWT25850/WRWT25850 | BD91: 416.92689
A92: 45720 | B92: MK68-000324 | C92: บจก.เอพีเอ็ม อะโกร | D92: SPM190GOAL | E92: 20 | F92: 38 | G92: ขาว | H92: ใส | I92: 100 | J92: ± | K92: 5 | L92: บิด | M92: ไม่สวมถุงใน | N92: 0 | O92: 0 | P92: 0 | Q92: 0 | R92: 0 | S92: 500กระสอบแบน | T92: รอแจ้ง | U92: 5000 | V92: 0 | W92: 5000 | X92: 0 | Y92: 5250 | Z92: WSWT2025800SM | AA92: 5518.15 | AB92: 0 | AC92: 5518.15 | AD92: 0 | AE92: 5518.15 | AF92: 0 | AG92: รอตัด | AH92: P6 | AI92: 4 | AJ92: รอแจ้ง | AK92: #VALUE! | AL92: #VALUE! | AM92: #VALUE! | AN92: #VALUE! | AO92: #VALUE! | AP92: #VALUE! | AQ92: 0 | AR92: 0 | AS92: 0 | AT92: 0 | AU92: 0 | AV92: 0 | AW92: งานเคลือบ+พิมพ์ | AX92: / | AY92: 0 | AZ92: 0 | BA92: 0 | BB92: 0 | BC92: WRWT25850/WRWT25850 | BD92: 416.92689
A93: 45712 | B93: MK68-000275 | C93: บจก.เอพีเอ็ม อะโกร | D93: U-FEED U2(เอส) | E93: 20 | F93: 38 | G93: ขาว | H93: ใส | I93: 100 | J93: ± | K93: 5 | L93: บิด | M93: ไม่สวมถุงใน | N93: 0 | O93: 0 | P93: 0 | Q93: 0 | R93: 0 | S93: 500กระสอบแบน | T93: รอแจ้ง | U93: 5000 | V93: 0 | W93: 5000 | X93: 0 | Y93: 5250 | Z93: WSWT2025800SM | AA93: 5518.15 | AB93: 0 | AC93: 5518.15 | AD93: 0 | AE93: 5518.15 | AF93: 0 | AG93: พร้อมส่ง | AH93: P6 | AI93: 4 | AJ93: รอแจ้ง | AK93: #VALUE! | AL93: #VALUE! | AM93: #VALUE! | AN93: #VALUE! | AO93: #VALUE! | AP93: #VALUE! | AQ93: 0 | AR93: 0 | AS93: 0 | AT93: 0 | AU93: 0 | AV93: 0 | AW93: งานเคลือบ+พิมพ์ | AX93: / | AY93: 0 | AZ93: 0 | BA93: 0 | BB93: 0 | BC93: WRWT25850/WRWT25850 | BD93: 416.92689
A94: 45681 | B94: MK68-000122 | C94: บจก.เอสพีเอ็ม อาหารสัตว์ | D94: SPM 212 | E94: 20 | F94: 40 | G94: ขาว | H94: ด้าน | I94: 108 | J94: ± | K94: 5 | L94: บิด | M94: ไม่สวมถุงใน | N94: 0 | O94: 0 | P94: 0 | Q94: 0 | R94: 0 | S94: 500กระสอบแบน | T94: รอแจ้ง | U94: 3000 | V94: 0 | W94: 3000 | X94: 0 | Y94: 3150 | Z94: WSWT2025800SM | AA94: 3478.53 | AB94: 0 | AC94: 3478.53 | AD94: 0 | AE94: 3478.53 | AF94: 0 | AG94: รอตัด | AH94: P6 | AI94: 4 | AJ94: รอแจ้ง | AK94: #VALUE! | AL94: #VALUE! | AM94: #VALUE! | AN94: #VALUE! | AO94: #VALUE! | AP94: #VALUE! | AQ94: 0 | AR94: 0 | AS94: 0 | AT94: 0 | AU94: 0 | AV94: 0 | AW94: งานเคลือบ+พิมพ์ | AX94: / | AY94: 0 | AZ94: 0 | BA94: 0 | BB94: 0 | BC94: WRWT25850/WRWT25850 | BD94: 262.82227
A95: 45705 | B95: MK68-000247 | C95: บจก.อินเทคค์ โกลบอล | D95: เฟิร์สคลาส 912 | E95: 20 | F95: 35 | G95: ขาว | H95: ด้าน | I95: 97 | J95: ± | K95: 5 | L95: จับจีบ4" | M95: ไม่สวมถุงใน | N95: 0 | O95: 0 | P95: 0 | Q95: 0 | R95: 0 | S95: มัด80 ใช้สายรัด | T95: รอแจ้ง | U95: 855 | V95: 0 | W95: 855 | X95: 16440 | Y95: 0 | Z95: WSWT2025800SM | AA95: 0 | AB95: 0 | AC95: 0 | AD95: 0 | AE95: 0 | AF95: 0 | AG95: พร้อมส่ง | AH95: P6 | AI95: 4 | AJ95: รอแจ้ง | AK95: #VALUE! | AL95: #VALUE! | AM95: #VALUE! | AN95: #VALUE! | AO95: #VALUE! | AP95: #VALUE! | AQ95: 0 | AR95: 0 | AS95: 0 | AT95: 0 | AU95: 0 | AV95: 0 | AW95: งานเคลือบ+พิมพ์ | AX95: / | AY95: ลบสีจำนวนมาก 3851 | AZ95: 0 | BA95: 0 | BB95: 0 | BC95: WRWT25850/WRWT25850 | BD95: 0
A96: 45674 | B96: MK68-000093 | C96: บจก.อินเทคค์ โกลบอล | D96: เฟิร์สคลาส 902 | E96: 20 | F96: 35 | G96: ขาว | H96: ด้าน | I96: 97 | J96: ± | K96: 5 | L96: จับจีบ4" | M96: ไม่สวมถุงใน | N96: 0 | O96: 0 | P96: 0 | Q96: 0 | R96: 0 | S96: มัด80 ใช้สายรัด | T96: รอแจ้ง | U96: 152 | V96: 0 | W96: 152 | X96: 6000 | Y96: 0 | Z96: WSWT2025800SM | AA96: 0 | AB96: 0 | AC96: 0 | AD96: 0 | AE96: 0 | AF96: 5987 | AG96: รอตัด | AH96: P6 | AI96: 4 | AJ96: รอแจ้ง | AK96: #VALUE! | AL96: #VALUE! | AM96: #VALUE! | AN96: #VALUE! | AO96: #VALUE! | AP96: #VALUE! | AQ96: 0 | AR96: 0 | AS96: 0 | AT96: 0 | AU96: 0 | AV96: 0 | AW96: งานเคลือบ+พิมพ์ | AX96: / | AY96: ลบสี 5040 | AZ96: 0 | BA96: 0 | BB96: 0 | BC96: WRWT25850/WRWT25850 | BD96: 0
A97: 45611 | B97: MK67-001537 | C97: บจก.อินเทคค์ โกลบอล | D97: เพอเฟคค์ 912 | E97: 20 | F97: 36 | G97: ขาว | H97: ด้าน | I97: 100 | J97: ± | K97: 5 | L97: จับจีบ | M97: ไม่สวมถุงใน | N97: 0 | O97: 0 | P97: 0 | Q97: 0 | R97: 0 | S97: มัด80 ใช้สายรัด | T97: รอแจ้ง | U97: 2320 | V97: 0 | W97: 2320 | X97: 20900 | Y97: 0 | Z97: WSWT2025800SM | AA97: 0 | AB97: 0 | AC97: 0 | AD97: 0 | AE97: 0 | AF97: 0 | AG97: รอตัด | AH97: P6 | AI97: 4 | AJ97: รอแจ้ง | AK97: #VALUE! | AL97: #VALUE! | AM97: #VALUE! | AN97: #VALUE! | AO97: #VALUE! | AP97: #VALUE! | AQ97: 0 | AR97: 0 | AS97: 0 | AT97: 0 | AU97: 0 | AV97: 0 | AW97: งานเคลือบ+พิมพ์ | AX97: / | AY97: 0 | AZ97: 0 | BA97: 0 | BB97: 0 | BC97: WRWT25850/WRWT25850 | BD97: 0
A98: 45611 | B98: MK67-001532 | C98: บจก.อินเทคค์ โกลบอล | D98: เฟิร์สช้อย 903 | E98: 20 | F98: 36 | G98: ขาว | H98: ด้าน | I98: 100 | J98: ± | K98: 5 | L98: จับจีบ | M98: ไม่สวมถุงใน | N98: 0 | O98: 0 | P98: 0 | Q98: 0 | R98: 0 | S98: มัด80 ใช้สายรัด | T98: รอแจ้ง | U98: 117 | V98: 0 | W98: 117 | X98: 10065 | Y98: 0 | Z98: WSWT2025800SM | AA98: 0 | AB98: 0 | AC98: 0 | AD98: 0 | AE98: 0 | AF98: 0 | AG98: พร้อมส่ง | AH98: P6 | AI98: 4 | AJ98: รอแจ้ง | AK98: #VALUE! | AL98: #VALUE! | AM98: #VALUE! | AN98: #VALUE! | AO98: #VALUE! | AP98: #VALUE! | AQ98: 0 | AR98: 0 | AS98: 0 | AT98: 0 | AU98: 0 | AV98: 0 | AW98: งานเคลือบ+พิมพ์ | AX98: / | AY98: 0 | AZ98: 0 | BA98: 0 | BB98: 0 | BC98: WRWT25850/WRWT25850 | BD98: 0
A99: 45611 | B99: MK67-001535 | C99: บจก.อินเทคค์ โกลบอล | D99: เฟิร์สช้อย 913 | E99: 20 | F99: 36 | G99: ขาว | H99: ด้าน | I99: 100 | J99: ± | K99: 5 | L99: จับจีบ | M99: ไม่สวมถุงใน | N99: 0 | O99: 0 | P99: 0 | Q99: 0 | R99: 0 | S99: มัด80 ใช้สายรัด | T99: รอแจ้ง | U99: 1434 | V99: 0 | W99: 1434 | X99: 11200 | Y99: 0 | Z99: WSWT2025800SM | AA99: 0 | AB99: 0 | AC99: 0 | AD99: 0 | AE99: 0 | AF99: 0 | AG99: พร้อมส่ง | AH99: P6 | AI99: 4 | AJ99: รอแจ้ง | AK99: #VALUE! | AL99: #VALUE! | AM99: #VALUE! | AN99: #VALUE! | AO99: #VALUE! | AP99: #VALUE! | AQ99: 0 | AR99: 0 | AS99: 0 | AT99: 0 | AU99: 0 | AV99: 0 | AW99: งานเคลือบ+พิมพ์ | AX99: / | AY99: 29.3 | AZ99: 0 | BA99: 0 | BB99: 0 | BC99: WRWT25850/WRWT25850 | BD99: 0
A100: 45523 | B100: MK67-001153 | C100: บจก.อินเทคค์ โกลบอล | D100: สุบรรณ 777 | E100: 20 | F100: 36 | G100: ขาว | H100: ด้าน | I100: 100 | J100: ± | K100: 5 | L100: จับจีบ | M100: ไม่สวมถุงใน | N100: 0 | O100: 0 | P100: 0 | Q100: 0 | R100: 0 | S100: มัด80 ใช้สายรัด | T100: รอแจ้ง | U100: 1260 | V100: 0 | W100: 1260 | X100: 11095 | Y100: 0 | Z100: WSWT2025800SM | AA100: 0 | AB100: 0 | AC100: 0 | AD100: 0 | AE100: 0 | AF100: 0 | AG100: พร้อมส่ง | AH100: P6 | AI100: 4 | AJ100: รอแจ้ง | AK100: #VALUE! | AL100: #VALUE! | AM100: #VALUE! | AN100: #VALUE! | AO100: #VALUE! | AP100: #VALUE! | AQ100: 0 | AR100: 0 | AS100: 0 | AT100: 0 | AU100: 0 | AV100: 0 | AW100: งานเคลือบ+พิมพ์ | AX100: / | AY100: 0 | AZ100: 0 | BA100: 0 | BB100: 0 | BC100: WRWT25850/WRWT25850 | BD100: 0
A101: 45523 | B101: MK67-001153 | C101: บจก.อินเทคค์ โกลบอล | D101: สุบรรณ 666 | E101: 20 | F101: 36 | G101: ขาว | H101: ด้าน | I101: 100 | J101: ± | K101: 5 | L101: จับจีบ | M101: ไม่สวมถุงใน | N101: 0 | O101: 0 | P101: 0 | Q101: 0 | R101: 0 | S101: มัด80 ใช้สายรัด | T101: รอแจ้ง | U101: 89 | V101: 0 | W101: 89 | X101: 11180 | Y101: 0 | Z101: WSWT2025800SM | AA101: 0 | AB101: 0 | AC101: 0 | AD101: 0 | AE101: 0 | AF101: 0 | AG101: พร้อมส่ง | AH101: P6 | AI101: 4 | AJ101: รอแจ้ง | AK101: #VALUE! | AL101: #VALUE! | AM101: #VALUE! | AN101: #VALUE! | AO101: #VALUE! | AP101: #VALUE! | AQ101: 0 | AR101: 0 | AS101: 0 | AT101: 0 | AU101: 0 | AV101: 0 | AW101: งานเคลือบ+พิมพ์ | AX101: / | AY101: 0 | AZ101: 0 | BA101: 0 | BB101: 0 | BC101: WRWT25850/WRWT25850 | BD101: 0
...

Sheet 3-4-68
B2: เรียงกำหนดส่ง | D2: ลบ 0 | T2: เรียง 1
B3: ข้อมูลUpdate ณ. วันที่ | D3: 45750 | E3: เวลา | G3: 10.5
A4: วันรับออร์เดอร์/แบบ | B4: เลขที่ SO | C4: ชื่อลูกค้า | E4: 10.3 | I4: น้ำหนัก | L4: บิด/จับจีบ | M4: ถุงใน | Q4: 44873 | S4: วิธีบรรจุ | T4: วันส่ง | U4: จำนวนส่ง | V4: ตัดเย็บ (ใบ) | W4: 44873 | X4: พิมพ์ (ใบ) | Y4: 44876 | Z4: ผ้าทอ (เมตร) Updateณ | AB4: 44876 | AD4: ผ้าเคลือบ(เมตร) | AF4: หมายเหตุ | AG4: เครื่อง
B5: เลขที่ SO | C5: ชื่อลูกค้า | D5: ตรา | E5: กว้าง | F5: ยาว | G5: สี | H5: เคลือบ | I5: กรัม/ใบ | J5: * | K5: aw | L5: บิด/จับจีบ | M5: กว้าง | N5: ยาว | O5: หนา | P5: ใช้(กก.) | Q5: Stock(กก.) | R5: ผลิต(กก.) | S5: วิธีบรรจุ | T5: วันส่ง | U5: จำนวนส่ง | V5: StockFG | W5: ค้างตัด | X5: พิมพ์แล้ว | Y5: ค้างพิมพ์ | Z5: ประเภท | AA5: ใช้ | AB5: Stock | AC5: ค้างทอ | AD5: Stock | AE5: ค้างเคลือบ | AF5: หมายเหตุ | AG5: ที่พิมพ์ได้ | AH5: process | AI5: Lead time | AJ5: วันที่ส่งPL | AK5: เคลือบ | AL5: ได้ ART | AM5: พิมพ์ | AN5: จีบ-บิด | AO5: ตัด-เย็บ | AP5: ทอ | AQ5: สวมถุง | AR5: เย็บปาก | AS5: PT | AT5: ม้วน | AU5: ตัด | AV5: ตอกตาไก่ | AW5: GROUP | AX5: ART | AY5: หมายเหตุปัญหา | AZ5: ราคา/ใบ | BA5: ราคารวม | BB5: workweek | BC5: เส้นเทป | BD5: จำนวน
A6: 45744 | B6: ใบรับคำสั่งซื้อ | C6: บจก.อินเทคค์ สไวน์บรีดเดอร์ฟาร์ม | D6: ไม่พิมพ์ | E6: 14 | F6: 22 | G6: ขาว | H6: 0 | I6: 36 | J6: ± | K6: 5 | L6: ไม่ | M6: ไม่สวมถุงใน | N6: 0 | O6: 0 | P6: 0 | Q6: 0 | R6: 0 | S6: มัด100แบน เชือกฟิล์ม | T6: 45750 | U6: 3000 | V6: 3000 | W6: 0 | X6: 0 | Y6: 0 | Z6: WSWT1425800 | AA6: 0 | AB6: 1254 | AC6: 0 | AD6: 0 | AE6: 0 | AF6: 0 | AG6: พร้อมส่ง | AH6: P3 | AI6: 1 | AJ6: 45750 | AK6: 0 | AL6: 0 | AM6: 0 | AN6: 0 | AO6: 45749 | AP6: 45745 | AQ6: 0 | AR6: 0 | AS6: 0 | AT6: 0 | AU6: 0 | AV6: 0 | AW6: ตัด | AX6: 0 | AY6: เย็น3/4 | AZ6: 0 | BA6: 0 | BB6: 0 | BC6: WRWT25800/WRWT25800 | BD6: 0
A7: 45743 | B7: MK68-000464 | C7: บจก.ปึงเป้งน้ำ | D7: เกลือตรามือ 10กก. | E7: 14 | F7: 22 | G7: ขาว | H7: ใส | I7: 42 | J7: ± | K7: 5 | L7: ไม่ | M7: ไม่สวมถุงใน | N7: 0 | O7: 0 | P7: 0 | Q7: 0 | R7: 0 | S7: 500กระสอบแบน | T7: 45757 | U7: 10000 | V7: 0 | W7: 10000 | X7: 0 | Y7: 10500 | Z7: WSWT1425800 | AA7: 6565.9 | AB7: 6565.9 | AC7: 0 | AD7: 0 | AE7: 6565.9 | AF7: 0 | AG7: ยังไม่ได้พิมพ์ | AH7: P6 | AI7: 4 | AJ7: 45757 | AK7: 45753 | AL7: 45746 | AM7: 45754 | AN7: 45755 | AO7: 45756 | AP7: 45752 | AQ7: 0 | AR7: 0 | AS7: 0 | AT7: 0 | AU7: 0 | AV7: 0 | AW7: งานเคลือบ+พิมพ์ | AX7: / | AY7: 0 | AZ7: 0 | BA7: 0 | BB7: 0 | BC7: WRWT25800/WRWT25800 | BD7: 0
A8: 0 | B8: 0 | C8: 0 | D8: 0 | E8: 14 | F8: 22 | G8: ขาว | H8: 0 | I8: 36 | J8: ± | K8: 5 | L8: 0 | M8: 0 | N8: 0 | O8: 0 | P8: 0 | Q8: 0 | R8: 0 | S8: 0 | U8: 0 | V8: 0 | W8: 0 | X8: 0 | Y8: 0 | Z8: WSWT1425800 | AA8: 6565.9 | AB8: 7819.9 | AC8: 0 | AD8: 0 | AE8: 6565.9 | AF8: ระบุในSD | AG8: พร้อมส่ง | AH8: 0 | AI8: Lead time | AJ8: 0 | AK8: 0 | AL8: 0 | AM8: 0 | AN8: 0 | AO8: 0 | AP8: 0 | AQ8: 0 | AR8: 0 | AS8: 0 | AT8: 0 | AU8: 0 | AV8: 0 | AW8: 0 | AX8: 0 | AY8: 0 | AZ8: 0 | BA8: 0 | BB8: 0 | BC8: WRWT140800/WRWT25800 | BD8: 0
A9: 45713 | B9: MK68-000278 | C9: บจก.พีค อินโนเวชั่นโปรดักส์ | D9: โลลิโก้ | E9: 16 | F9: 25 | G9: ขาว | H9: ใส | I9: 50 | J9: ± | K9: 5 | L9: บิด | M9: 19 | N9: 28 | O9: 40 | P9: 0 | Q9: 0 | R9: 0 | S9: 500กระสอบ | T9: รอส่ง | U9: 5000 | V9: 5049 | W9: 0 | X9: 5400 | Y9: 0 | Z9: WSWT1625800SM | AA9: 0 | AB9: 0 | AC9: 0 | AD9: 0 | AE9: 0 | AF9: 0 | AG9: พร้อมส่ง | AH9: P8 | AI9: 4 | AJ9: รอส่ง | AK9: #VALUE! | AL9: #VALUE! | AM9: #VALUE! | AN9: #VALUE! | AO9: #VALUE! | AP9: #VALUE! | AQ9: #VALUE! | AR9: 0 | AS9: 0 | AT9: 0 | AU9: 0 | AV9: 0 | AW9: งานเคลือบ+พิมพ์ | AX9: / | AY9: ถุงในใช้ผสม กรีด 193340 193140 193370 | AZ9: 0 | BA9: 0 | BB9: 0 | BC9: WRWT25800/WRWT25800 | BD9: 0
A10: ประมาณการ | B10: ประมาณการ | C10: บจก.ซัน ซีเมนต์ โพรเซส | D10: พระอาทิตย์(ปูนนอน-ชริงค์) | E10: 16 | F10: 25 | G10: ขาว | H10: ใส | I10: 50 | J10: ± | K10: 5 | L10: บิด | M10: 19 | N10: 28 | O10: 40 | P10: 65.624643 | Q10: 0 | R10: 65.624643 | S10: 500กระสอบ | T10: รอแจ้ง | U10: 5000 | V10: 0 | W10: 5000 | X10: 0 | Y10: 5250 | Z10: WSWT1625800SM | AA10: 3702.05 | AB10: 3372 | AC10: 330.05 | AD10: 0 | AE10: 3702.05 | AF10: 0 | AG10: ยังไม่ได้พิมพ์ | AH10: P8 | AI10: 4 | AJ10: รอแจ้ง | AK10: #VALUE! | AL10: #VALUE! | AM10: #VALUE! | AN10: #VALUE! | AO10: #VALUE! | AP10: #VALUE! | AQ10: #VALUE! | AR10: 0 | AS10: 0 | AT10: 0 | AU10: 0 | AV10: 0 | AW10: งานเคลือบ+พิมพ์ | AX10: รอART | AY10: 0 | AZ10: 0 | BA10: 0 | BB10: 0 | BC10: WRWT25800/WRWT25800 | BD10: 18.776178
A11: 0 | B11: 0 | C11: 0 | E11: 16 | F11: 25 | G11: ขาว | H11: 0 | I11: 45 | J11: ± | K11: 5 | L11: 0 | M11: 0 | N11: 0 | O11: 0 | P11: 0 | Q11: 0 | R11: 0 | S11: 0 | U11: 0 | V11: 0 | W11: 0 | X11: 0 | Y11: 0 | Z11: WSWT1625800SM | AA11: 3702.05 | AB11: 3372 | AC11: 330.05 | AD11: 0 | AE11: 3702.05 | AF11: ระบุในSD | AG11: พร้อมส่ง | AH11: 0 | AI11: Lead time | AJ11: 0 | AK11: 0 | AL11: 0 | AM11: 0 | AN11: 0 | AO11: 0 | AP11: 0 | AQ11: 0 | AR11: 0 | AS11: 0 | AT11: 0 | AU11: 0 | AV11: 0 | AW11: 0 | AX11: 0 | AY11: 0 | AZ11: 0 | BA11: 0 | BB11: 0 | BC11: WRWT160800/WRWT25800 | BD11: 0
A12: 45744 | B12: ใบรับคำสั่งซื้อ | C12: โรงสีธัญญกิจ(ราชบุรี) | D12: ราชสีห์(ข้าวหอมมะลิ) | E12: 16 | F12: 25 | G12: ขาว | H12: 0 | I12: 47 | J12: ± | K12: 5 | L12: ไม่ | M12: ไม่สวมถุงใน | N12: 0 | O12: 0 | P12: 0 | Q12: 0 | R12: 0 | S12: 500กระสอบ | T12: 45756 | U12: 10000 | V12: 0 | W12: 10000 | X12: 0 | Y12: 10500 | Z12: WSWT1621720SMFX | AA12: 7404.1 | AB12: 2089 | AC12: 5315.1 | AD12: 0 | AE12: 0 | AF12: 0 | AG12: พร้อมส่ง | AH12: P7 | AI12: 2 | AJ12: 45756 | AK12: 0 | AL12: 45747 | AM12: 45754 | AN12: 45755 | AO12: 45755 | AP12: 45751 | AQ12: 0 | AR12: 0 | AS12: 0 | AT12: 0 | AU12: 0 | AV12: 0 | AW12: งานพิมพ์ | AX12: รอART | AY12: 0 | AZ12: 0 | BA12: 0 | BB12: 0 | BC12: WRWT21720/WRWT21720 | BD12: 316.35475
A13: 0 | B13: 0 | C13: 0 | D13: 0 | E13: 16 | F13: 25 | G13: 0 | H13: 0 | I13: 47 | J13: ± | K13: 5 | L13: 0 | M13: 0 | N13: 0 | O13: 0 | P13: 0 | Q13: 0 | R13: 0 | S13: 0 | U13: 0 | V13: 0 | W13: 0 | X13: 0 | Y13: 0 | Z13: WSWT1621720SMFX | AA13: 7404.1 | AB13: 2089 | AC13: 5315.1 | AD13: 0 | AE13: 0 | AF13: ระบุในSD | AG13: ยังไม่ได้พิมพ์ | AH13: 0 | AI13: 0 | AJ13: 0 | AK13: 0 | AL13: 0 | AM13: 0 | AN13: 0 | AO13: 0 | AP13: 0 | AQ13: 0 | AR13: 0 | AS13: 0 | AT13: 0 | AU13: 0 | AV13: 0 | AW13: 0 | AX13: 0 | AY13: 0 | AZ13: 0 | BA13: 0 | BB13: 0 | BC13: WRWT160720/WRWT21720 | BD13: 0
A14: ประมาณการ | B14: ประมาณการ | C14: บจก.ฟาร์เธอร์ส วิง ซัพพลาย | D14: รถไฟ | E14: 18 | F14: 30 | G14: ขาว | H14: 0 | I14: 54 | J14: ± | K14: 5 | L14: บิด | M14: 19 | N14: 33 | O14: 40 | P14: 232.02999 | Q14: 0 | R14: 232.02999 | S14: 500กระสอบ | T14: 45777 | U14: 15000 | V14: 0 | W14: 15000 | X14: 0 | Y14: 15750 | Z14: WSWT1825800 | AA14: 13201.65 | AB14: 12070 | AC14: 1131.65 | AD14: 0 | AE14: 0 | AF14: 0 | AG14: ยังไม่ได้พิมพ์ | AH14: P9 | AI14: 3 | AJ14: 45777 | AK14: 0 | AL14: 45767 | AM14: 45774 | AN14: 45775 | AO14: 45775 | AP14: 45772 | AQ14: 45776 | AR14: 0 | AS14: 0 | AT14: 0 | AU14: 0 | AV14: 0 | AW14: งานพิมพ์ | AX14: รอART | AY14: 0 | AZ14: 0 | BA14: 0 | BB14: 0 | BC14: WRWT25800/WRWT25800 | BD14: 77.85752
A15: 0 | B15: 0 | E15: 18 | F15: 30 | G15: ขาว | H15: 0 | I15: 54 | J15: ± | K15: 5 | L15: 0 | M15: 0 | N15: 0 | O15: 0 | P15: 0 | Q15: 0 | R15: 0 | S15: 0 | U15: 0 | V15: 0 | W15: 0 | X15: 0 | Y15: 0 | Z15: WSWT1825800 | AA15: 13201.65 | AB15: 12070 | AC15: 1131.65 | AD15: 0 | AE15: 0 | AF15: ระบุในSD | AG15: รอแบบ | AH15: 0 | AI15: Lead time | AJ15: 0 | AK15: 0 | AL15: 0 | AM15: 0 | AN15: 0 | AO15: 0 | AP15: 0 | AQ15: 0 | AR15: 0 | AS15: 0 | AT15: 0 | AU15: 0 | AV15: 0 | AW15: 0 | AX15: 0 | AY15: 0 | AZ15: 0 | BA15: 0 | BB15: 0 | BC15: WRWT25800/WRWT25800 | BD15: 0
A16: 45749 | B16: MK68-000485 | C16: บจก.2เอ็ม อโกรเท็ค | D16: พระเอกในดวงใจ 14-7-28 | E16: 18 | F16: 30 | G16: ขาว | H16: ใส | I16: 74 | J16: ± | K16: 5 | L16: บิด | M16: 19 | N16: 33 | O16: 70 | P16: 135.35083 | Q16: 0 | R16: 135.35083 | S16: 500กระสอบ | T16: 45768 | U16: 5000 | V16: 0 | W16: 5000 | X16: 0 | Y16: 5250 | Z16: WSWT1825800SM | AA16: 4400.55 | AB16: 0 | AC16: 4400.55 | AD16: 0 | AE16: 4400.55 | AF16: ขาด-เกิน5% | AG16: พร้อมส่ง | AH16: P8 | AI16: 4 | AJ16: 45768 | AK16: 45764 | AL16: 45758 | AM16: 45765 | AN16: 45766 | AO16: 45766 | AP16: 45763 | AQ16: 45767 | AR16: 0 | AS16: 0 | AT16: 0 | AU16: 0 | AV16: 0 | AW16: งานเคลือบ+พิมพ์ | AX16: รอART | AY16: 0 | AZ16: 0 | BA16: 0 | BB16: 0 | BC16: WRWT25800/WRWT25800 | BD16: 281.6352
A17: 45749 | B17: MK68-000486 | C17: บจก.2เอ็ม อโกรเท็ค | D17: เลิฟชอยล์18-3-10 | E17: 18 | F17: 30 | G17: ขาว | H17: ใส | I17: 74 | J17: ± | K17: 5 | L17: บิด | M17: 19 | N17: 33 | O17: 70 | P17: 135.35083 | Q17: 0 | R17: 135.35083 | S17: 500กระสอบ | T17: 45768 | U17: 5000 | V17: 0 | W17: 5000 | X17: 0 | Y17: 5250 | Z17: WSWT1825800SM | AA17: 4400.55 | AB17: 0 | AC17: 4400.55 | AD17: 0 | AE17: 4400.55 | AF17: ขาด-เกิน5% | AG17: ยังไม่ได้พิมพ์ | AH17: P8 | AI17: 4 | AJ17: 45768 | AK17: 45764 | AL17: 45758 | AM17: 45765 | AN17: 45766 | AO17: 45766 | AP17: 45763 | AQ17: 45767 | AR17: 0 | AS17: 0 | AT17: 0 | AU17: 0 | AV17: 0 | AW17: งานเคลือบ+พิมพ์ | AX17: รอART | AY17: 0 | AZ17: 0 | BA17: 0 | BB17: 0 | BC17: WRWT25800/WRWT25800 | BD17: 281.6352
A18: ประมาณการ | B18: ประมาณการ | C18: บจก.ซิเบลโก้ | D18: รอแบบ | E18: 18 | F18: 30 | G18: ขาว | H18: ใส | I18: 74 | J18: ± | K18: 5 | L18: บิด | M18: ไม่สวมถุงใน | N18: 0 | O18: 0 | P18: 0 | Q18: 0 | R18: 0 | S18: 500กระสอบ | T18: 45777 | U18: 10000 | V18: 0 | W18: 10000 | X18: 0 | Y18: 10500 | Z18: WSWT1825800SM | AA18: 8801.1 | AB18: 0 | AC18: 8801.1 | AD18: 0 | AE18: 8801.1 | AF18: 0 | AG18: ยังไม่ได้พิมพ์ | AH18: P6 | AI18: 4 | AJ18: 45777 | AK18: 45773 | AL18: 45766 | AM18: 45774 | AN18: 45775 | AO18: 45776 | AP18: 45772 | AQ18: 0 | AR18: 0 | AS18: 0 | AT18: 0 | AU18: 0 | AV18: 0 | AW18: งานเคลือบ+พิมพ์ | AX18: รอART | AY18: 0 | AZ18: 0 | BA18: 0 | BB18: 0 | BC18: WRWT25800/WRWT25800 | BD18: 563.2704
A19: 0 | B19: 0 | C19: 0 | E19: 18 | F19: 25 | G19: ขาว | H19: 0 | I19: 50 | J19: ± | K19: 5 | L19: 0 | M19: 0 | N19: 0 | O19: 0 | P19: 0 | Q19: 0 | R19: 0 | S19: 0 | U19: 0 | V19: 0 | W19: 0 | X19: 0 | Y19: 0 | Z19: WSWT1825800SM | AA19: 17602.2 | AB19: 0 | AC19: 17602.2 | AD19: 0 | AE19: 17602.2 | AF19: ระบุในSD | AG19: ยังไม่ได้พิมพ์ | AH19: 0 | AI19: Lead time | AJ19: 0 | AK19: 0 | AL19: 0 | AM19: 0 | AN19: 0 | AO19: 0 | AP19: 0 | AQ19: 0 | AR19: 0 | AS19: 0 | AT19: 0 | AU19: 0 | AV19: 0 | AW19: 0 | AX19: 0 | AY19: 0 | AZ19: 0 | BA19: 0 | BB19: 0 | BC19: WRWT180800/WRWT25800 | BD19: 0
A20: 45734 | B20: MK68-000419 | C20: บจก.ซีแมน | D20: W30 | E20: 19 | F20: 28 | G20: ขาว | H20: 0 | I20: 56 | J20: ± | K20: 5 | L20: ไม่ | M20: 20 | N20: 30 | O20: 90 | P20: 666.1148 | Q20: 0 | R20: 666.1148 | S20: มัด100 | T20: 45759 | U20: 20000 | V20: 0 | W20: 20000 | X20: 0 | Y20: 21000 | Z20: WSWT1925800 | AA20: 16484.6 | AB20: 5222 | AC20: 11262.6 | AD20: 0 | AE20: 0 | AF20: 0 | AG20: ยังไม่ได้พิมพ์ | AH20: P9 | AI20: 3 | AJ20: 45759 | AK20: 0 | AL20: 45749 | AM20: 45756 | AN20: 45757 | AO20: 45757 | AP20: 45754 | AQ20: 45758 | AR20: 0 | AS20: 0 | AT20: 0 | AU20: 0 | AV20: 0 | AW20: งานพิมพ์ | AX20: / | AY20: 0 | AZ20: 0 | BA20: 0 | BB20: 0 | BC20: WRWT25800/WRWT25800 | BD20: 817.91504
A21: 45734 | B21: MK68-000419 | C21: บจก.ซีแมน | D21: W30 | E21: 19 | F21: 28 | G21: ขาว | H21: 0 | I21: 56 | J21: ± | K21: 5 | L21: ไม่ | M21: 20 | N21: 30 | O21: 90 | P21: 666.1148 | Q21: 0 | R21: 666.1148 | S21: มัด100 | T21: 45769 | U21: 20000 | V21: 0 | W21: 20000 | X21: 0 | Y21: 21000 | Z21: WSWT1925800 | AA21: 16484.6 | AB21: 0 | AC21: 16484.6 | AD21: 0 | AE21: 0 | AF21: 0 | AG21: รอแบบ | AH21: P9 | AI21: 3 | AJ21: 45769 | AK21: 0 | AL21: 45759 | AM21: 45766 | AN21: 45767 | AO21: 45767 | AP21: 45764 | AQ21: 45768 | AR21: 0 | AS21: 0 | AT21: 0 | AU21: 0 | AV21: 0 | AW21: งานพิมพ์ | AX21: / | AY21: 0 | AZ21: 0 | BA21: 0 | BB21: 0 | BC21: WRWT25800/WRWT25800 | BD21: 1197.1483
A22: 45734 | B22: MK68-000418 | C22: บจก.ซีแมน | D22: Y30 | E22: 19 | F22: 28 | G22: ขาว | H22: 0 | I22: 56 | J22: ± | K22: 5 | L22: ไม่ | M22: 20 | N22: 30 | O22: 90 | P22: 666.1148 | Q22: 0 | R22: 666.1148 | S22: มัด100 | T22: 45769 | U22: 20000 | V22: 0 | W22: 20000 | X22: 0 | Y22: 21000 | Z22: WSWT1925800 | AA22: 16484.6 | AB22: 0 | AC22: 16484.6 | AD22: 0 | AE22: 0 | AF22: 0 | AG22: รอแบบ | AH22: P9 | AI22: 3 | AJ22: 45769 | AK22: 0 | AL22: 45759 | AM22: 45766 | AN22: 45767 | AO22: 45767 | AP22: 45764 | AQ22: 45768 | AR22: 0 | AS22: 0 | AT22: 0 | AU22: 0 | AV22: 0 | AW22: งานพิมพ์ | AX22: / | AY22: 0 | AZ22: 0 | BA22: 0 | BB22: 0 | BC22: WRWT25800/WRWT25800 | BD22: 1197.1483
A23: ประมาณการ | B23: ประมาณการ | C23: บจก.ไลม์มาสเตอร์ | D23: LMC 25 kg | E23: 19 | F23: 32 | G23: ขาว | H23: 0 | I23: 64 | J23: ± | K23: 5 | L23: ไม่ | M23: 20 | N23: 35 | O23: 40 | P23: 172.69643 | Q23: 0 | R23: 172.69643 | S23: 500กระสอบแบน | T23: 45777 | U23: 10000 | V23: 0 | W23: 10000 | X23: 0 | Y23: 10500 | Z23: WSWT1925800 | AA23: 9359.9 | AB23: 0 | AC23: 9359.9 | AD23: 0 | AE23: 0 | AF23: 0 | AG23: พร้อมส่ง | AH23: P9 | AI23: 3 | AJ23: 45777 | AK23: 0 | AL23: 45767 | AM23: 45774 | AN23: 45775 | AO23: 45775 | AP23: 45772 | AQ23: 45776 | AR23: 0 | AS23: 0 | AT23: 0 | AU23: 0 | AV23: 0 | AW23: งานพิมพ์ | AX23: รอART | AY23: 0 | AZ23: 0 | BA23: 0 | BB23: 0 | BC23: WRWT25800/WRWT25800 | BD23: 679.73674
A24: ประมาณการ | B24: ประมาณการ | C24: บจก.เพรซิเดนท์ฟลาวมิลล์ | D24: รอแบบ | E24: 19 | F24: 30 | G24: ขาว | H24: 0 | I24: 60 | J24: ± | K24: 5 | L24: บิด | M24: ไม่สวมถุงใน | N24: 0 | O24: 0 | P24: 0 | Q24: 0 | R24: 0 | S24: 500กระสอบแบน | T24: 45777 | U24: 120000 | V24: 0 | W24: 120000 | X24: 0 | Y24: 126000 | Z24: WSWT1925800 | AA24: 105613.2 | AB24: 0 | AC24: 105613.2 | AD24: 0 | AE24: 0 | AF24: 0 | AG24: พร้อมส่ง | AH24: P7 | AI24: 2 | AJ24: 45777 | AK24: 0 | AL24: 45768 | AM24: 45775 | AN24: 45776 | AO24: 45776 | AP24: 45772 | AQ24: 0 | AR24: 0 | AS24: 0 | AT24: 0 | AU24: 0 | AV24: 0 | AW24: งานพิมพ์ | AX24: รอART | AY24: 0 | AZ24: 0 | BA24: 0 | BB24: 0 | BC24: WRWT25800/WRWT25800 | BD24: 7669.8653
A25: ประมาณการ | B25: ประมาณการ | C25: บจก.เอ็กเซลเล้นท์ | D25: รอแบบ | E25: 19 | F25: 30 | G25: ขาว | H25: 0 | I25: 60 | J25: ± | K25: 5 | L25: บิด | M25: ไม่สวมถุงใน | N25: 0 | O25: 0 | P25: 0 | Q25: 0 | R25: 0 | S25: 500กระสอบ | T25: 45777 | U25: 30000 | V25: 0 | W25: 30000 | X25: 0 | Y25: 31500 | Z25: WSWT1925800 | AA25: 26403.3 | AB25: 0 | AC25: 26403.3 | AD25: 0 | AE25: 0 | AF25: 0 | AG25: รอตัด | AH25: P7 | AI25: 2 | AJ25: 45777 | AK25: 0 | AL25: 45768 | AM25: 45775 | AN25: 45776 | AO25: 45776 | AP25: 45772 | AQ25: 0 | AR25: 0 | AS25: 0 | AT25: 0 | AU25: 0 | AV25: 0 | AW25: งานพิมพ์ | AX25: รอART | AY25: 0 | AZ25: 0 | BA25: 0 | BB25: 0 | BC25: WRWT25800/WRWT25800 | BD25: 1917.4663
A26: 0 | B26: 0 | C26: 0 | D26: 0 | E26: 19 | F26: 30 | G26: ขาว | H26: 0 | I26: 60 | J26: ± | K26: 5 | L26: 0 | M26: 0 | N26: 0 | O26: 0 | P26: 0 | Q26: 0 | R26: 0 | S26: 0 | U26: 0 | V26: 0 | W26: 0 | X26: 0 | Y26: 0 | Z26: WSWT1925800 | AA26: 190830.2 | AB26: 5222 | AC26: 185608.2 | AD26: 0 | AE26: 0 | AF26: ระบุในSD | AG26: รอตัด | AH26: 0 | AI26: Lead time | AJ26: 0 | AK26: 0 | AL26: 0 | AM26: 0 | AN26: 0 | AO26: 0 | AP26: 0 | AQ26: 0 | AR26: 0 | AS26: 0 | AT26: 0 | AU26: 0 | AV26: 0 | AW26: 0 | AX26: 0 | AY26: 0 | AZ26: 0 | BA26: 0 | BB26: 0 | BC26: WRWT25800/WRWT25800 | BD26: 0
A27: 0 | B27: ใบรับคำสั่งซื้อ | C27: บจก.เคอรี่ฟลาวมิลล์ | D27: แปดแต้มแดง | E27: 19 | F27: 32 | G27: ขาว | H27: 0 | I27: 67 | J27: + | K27: 5 | L27: บิด | M27: ไม่สวมถุงใน | N27: 0 | O27: 0 | P27: 0 | Q27: 0 | R27: 0 | S27: ห่ออัดเบลแบน500 | T27: 45752 | U27: 5000 | V27: 5250 | W27: 0 | X27: 0 | Y27: 0 | Z27: WSWT1921720 | AA27: 0 | AB27: 0 | AC27: 0 | AD27: 0 | AE27: 0 | AF27: 0 | AG27: รอตัด | AH27: P7 | AI27: 2 | AJ27: 45752 | AK27: 0 | AL27: 45743 | AM27: 45750 | AN27: 45751 | AO27: 45751 | AP27: 45747 | AQ27: 0 | AR27: 0 | AS27: 0 | AT27: 0 | AU27: 0 | AV27: 0 | AW27: งานพิมพ์ | AX27: 0 | AY27: 0 | AZ27: 0 | BA27: 0 | BB27: 0 | BC27: WRWT21720/WRWT25800 | BD27: 0
A28: 45737 | B28: MK68-000433 | C28: บจก.เคอรี่ฟลาวมิลล์ | D28: ถุงเขียว | E28: 19 | F28: 30 | G28: ขาว | H28: 0 | I28: 63 | J28: + | K28: 5 | L28: บิด | M28: ไม่สวมถุงใน | N28: 0 | O28: 0 | P28: 0 | Q28: 0 | R28: 0 | S28: ห่ออัดเบลแบน500 | T28: 45752 | U28: 10000 | V28: 0 | W28: 10000 | X28: 10400 | Y28: 0 | Z28: WSWT1921720 | AA28: 0 | AB28: 0 | AC28: 0 | AD28: 0 | AE28: 0 | AF28: PDR250099 | AG28: ผ้าขาว | AH28: P7 | AI28: 2 | AJ28: 45752 | AK28: 0 | AL28: 45743 | AM28: 45750 | AN28: 45751 | AO28: 45751 | AP28: 45747 | AQ28: 0 | AR28: 0 | AS28: 0 | AT28: 0 | AU28: 0 | AV28: 0 | AW28: งานพิมพ์ | AX28: / | AY28: 0 | AZ28: 0 | BA28: 0 | BB28: 0 | BC28: WRWT21720/WRWT25800 | BD28: 0
A29: 45737 | B29: MK68-000433 | C29: บจก.เคอรี่ฟลาวมิลล์ | D29: แต้มแดง | E29: 19 | F29: 30 | G29: ขาว | H29: 0 | I29: 63 | J29: + | K29: 5 | L29: บิด | M29: ไม่สวมถุงใน | N29: 0 | O29: 0 | P29: 0 | Q29: 0 | R29: 0 | S29: ห่ออัดเบลแบน500 | T29: 45752 | U29: 5000 | V29: 0 | W29: 5000 | X29: 5300 | Y29: 0 | Z29: WSWT1921720 | AA29: 0 | AB29: 0 | AC29: 0 | AD29: 0 | AE29: 0 | AF29: PDR250099 | AG29: ผ้าขาว | AH29: P7 | AI29: 2 | AJ29: 45752 | AK29: 0 | AL29: 45743 | AM29: 45750 | AN29: 45751 | AO29: 45751 | AP29: 45747 | AQ29: 0 | AR29: 0 | AS29: 0 | AT29: 0 | AU29: 0 | AV29: 0 | AW29: งานพิมพ์ | AX29: / | AY29: 0 | AZ29: 0 | BA29: 0 | BB29: 0 | BC29: WRWT21720/WRWT25800 | BD29: 0
A30: 45737 | B30: MK68-000433 | C30: บจก.เคอรี่ฟลาวมิลล์ | D30: FW-Y | E30: 19 | F30: 30 | G30: ขาว | H30: 0 | I30: 63 | J30: + | K30: 5 | L30: ไม่ | M30: ไม่สวมถุงใน | N30: 0 | O30: 0 | P30: 0 | Q30: 0 | R30: 0 | S30: ห่ออัดเบลแบน500 | T30: 45752 | U30: 5000 | V30: 0 | W30: 5000 | X30: 5300 | Y30: 0 | Z30: WSWT1921720 | AA30: 0 | AB30: 0 | AC30: 0 | AD30: 0 | AE30: 0 | AF30: PDR250099 | AG30: รอแบบ | AH30: P7 | AI30: 2 | AJ30: 45752 | AK30: 0 | AL30: 45743 | AM30: 45750 | AN30: 45751 | AO30: 45751 | AP30: 45747 | AQ30: 0 | AR30: 0 | AS30: 0 | AT30: 0 | AU30: 0 | AV30: 0 | AW30: งานพิมพ์ | AX30: / | AY30: 0 | AZ30: 0 | BA30: 0 | BB30: 0 | BC30: WRWT21720/WRWT25800 | BD30: 0
A31: 45737 | B31: MK68-000436 | C31: บจก.เคอรี่ฟลาวมิลล์ | D31: ไม่พิมพ์ | E31: 19 | F31: 30 | G31: ขาว | H31: 0 | I31: 63 | J31: + | K31: 5 | L31: ไม่ | M31: ไม่สวมถุงใน | N31: 0 | O31: 0 | P31: 0 | Q31: 0 | R31: 0 | S31: ห่ออัดเบลแบน500 | T31: 45769 | U31: 20000 | V31: 0 | W31: 20000 | X31: 0 | Y31: 0 | Z31: WSWT1921720 | AA31: 17602.2 | AB31: 15057 | AC31: 2545.2 | AD31: 0 | AE31: 0 | AF31: 0 | AG31: พร้อมส่ง | AH31: P3 | AI31: 1 | AJ31: 45769 | AK31: 0 | AL31: 0 | AM31: 0 | AN31: 0 | AO31: 45768 | AP31: 45764 | AQ31: 0 | AR31: 0 | AS31: 0 | AT31: 0 | AU31: 0 | AV31: 0 | AW31: ตัด | AX31: 0 | AY31: 0 | AZ31: 0 | BA31: 0 | BB31: 0 | BC31: WRWT21720/WRWT25800 | BD31: 191.71578
A32: 45737 | B32: MK68-000437 | C32: บจก.เคอรี่ฟลาวมิลล์ | D32: ไม่พิมพ์ | E32: 19 | F32: 30 | G32: ขาว | H32: 0 | I32: 63 | J32: + | K32: 5 | L32: ไม่ | M32: ไม่สวมถุงใน | N32: 0 | O32: 0 | P32: 0 | Q32: 0 | R32: 0 | S32: ห่ออัดเบลแบน500 | T32: 45769 | U32: 20000 | V32: 0 | W32: 20000 | X32: 0 | Y32: 0 | Z32: WSWT1921720 | AA32: 17602.2 | AB32: 0 | AC32: 17602.2 | AD32: 0 | AE32: 0 | AF32: 0 | AG32: ยังไม่ได้พิมพ์ | AH32: P3 | AI32: 1 | AJ32: 45769 | AK32: 0 | AL32: 0 | AM32: 0 | AN32: 0 | AO32: 45768 | AP32: 45764 | AQ32: 0 | AR32: 0 | AS32: 0 | AT32: 0 | AU32: 0 | AV32: 0 | AW32: ตัด | AX32: 0 | AY32: 0 | AZ32: 0 | BA32: 0 | BB32: 0 | BC32: WRWT21720/WRWT25800 | BD32: 1325.8759
A33: ประมาณการ | B33: ประมาณการ | C33: บจก.เคอรี่ฟลาวมิลล์ | D33: รอแบบ | E33: 19 | F33: 30 | G33: ขาว | H33: 0 | I33: 63 | J33: + | K33: 5 | L33: บิด | M33: ไม่สวมถุงใน | N33: 0 | O33: 0 | P33: 0 | Q33: 0 | R33: 0 | S33: ห่ออัดเบลแบน500 | T33: 45777 | U33: 485000 | V33: 0 | W33: 485000 | X33: 0 | Y33: 509250 | Z33: WSWT1921720 | AA33: 426853.35 | AB33: 0 | AC33: 426853.35 | AD33: 0 | AE33: 0 | AF33: 0 | AG33: พร้อมส่ง | AH33: P7 | AI33: 2 | AJ33: 45777 | AK33: 0 | AL33: 45768 | AM33: 45775 | AN33: 45776 | AO33: 45776 | AP33: 45772 | AQ33: 0 | AR33: 0 | AS33: 0 | AT33: 0 | AU33: 0 | AV33: 0 | AW33: งานพิมพ์ | AX33: รอART | AY33: 0 | AZ33: 0 | BA33: 0 | BB33: 0 | BC33: WRWT21720/WRWT25800 | BD33: 32152.491
A34: 0 | B34: 0 | C34: 0 | D34: 0 | E34: 19 | F34: 30 | G34: 0 | H34: 0 | I34: 63 | J34: + | K34: 5 | L34: 0 | M34: 0 | N34: 0 | O34: 0 | P34: 0 | Q34: 0 | R34: 0 | S34: 0 | U34: 0 | V34: 0 | W34: 0 | X34: 0 | Y34: 0 | Z34: WSWT1921720 | AA34: 462057.75 | AB34: 15057 | AC34: 447000.75 | AD34: 0 | AE34: 0 | AF34: ระบุในSD | AG34: พร้อมส่ง | AH34: 0 | AI34: Lead time | AJ34: 0 | AK34: 0 | AL34: 0 | AM34: 0 | AN34: 0 | AO34: 0 | AP34: 0 | AQ34: 0 | AR34: 0 | AS34: 0 | AT34: 0 | AU34: 0 | AV34: 0 | AW34: 0 | AX34: 0 | AY34: 0 | AZ34: 0 | BA34: 0 | BB34: 0 | BC34: WRWT190720/WRWT25800 | BD34: 0
A35: 45740 | B35: MK68-000448 | C35: บจก.เอเชี่ยนเคมิคัล | D35: A.C.C.ภาษาอังกฤษ | E35: 19 | F35: 26 | G35: ขาว | H35: ด้าน | I35: 70 | J35: ± | K35: 5 | L35: ไม่ | M35: 20 | N35: 28 | O35: 50 | P35: 166.06489 | Q35: 0 | R35: 166.06489 | S35: มัด100 | T35: 45756 | U35: 10000 | V35: 384 | W35: 9616 | X35: 0 | Y35: 10096.8 | Z35: WSWT1925800SM | AA35: 7388.4536 | AB35: 7388.4536 | AC35: 0 | AD35: 0 | AE35: 7388.4536 | AF35: ห้ามขาด-ห้ามเกิน | AG35: ยังไม่ได้พิมพ์ | AH35: P8 | AI35: 4 | AJ35: 45756 | AK35: 45752 | AL35: 45746 | AM35: 45753 | AN35: 45754 | AO35: 45754 | AP35: 45751 | AQ35: 45755 | AR35: 0 | AS35: 0 | AT35: 0 | AU35: 0 | AV35: 0 | AW35: งานเคลือบ+พิมพ์ | AX35: รอART | AY35: 0 | AZ35: 0 | BA35: 0 | BB35: 0 | BC35: WRWT25800/WRWT25800 | BD35: 0
A36: 0 | B36: 0 | C36: 0 | D36: 0 | E36: 19 | F36: 30 | G36: 0 | H36: 0 | I36: 56 | J36: ± | K36: 5 | L36: 0 | M36: 0 | N36: 0 | O36: 0 | P36: 0 | Q36: 0 | R36: 0 | S36: 0 | U36: 0 | W36: 0 | X36: 0 | Y36: 0 | Z36: WSWT1925800SM | AA36: 7388.4536 | AB36: 7388.4536 | AC36: 0 | AD36: 0 | AE36: 7388.4536 | AF36: ระบุในSD | AG36: ยังไม่ได้พิมพ์ | AH36: 0 | AI36: Lead time | AJ36: 0 | AK36: 0 | AL36: 0 | AM36: 0 | AN36: 0 | AO36: 0 | AP36: 0 | AQ36: 0 | AR36: 0 | AS36: 0 | AT36: 0 | AU36: 0 | AV36: 0 | AW36: 0 | AX36: 0 | AY36: 0 | AZ36: 0 | BA36: 0 | BB36: 0 | BC36: WRWT190800/WRWT25800 | BD36: 0
A37: 45721 | B37: MK68-000337 | C37: บจก.อินเทคค์ โกลบอล | D37: เพอเฟคค์104S โกลด์ | E37: 19 | F37: 34 | G37: ขาว | H37: ด้าน | I37: 100 | J37: ± | K37: 5 | L37: จับจีบ | M37: ไม่สวมถุงใน | N37: 0 | O37: 0 | P37: 0 | Q37: 0 | R37: 0 | S37: มัด80 ใช้สายรัด | T37: รอแจ้ง | U37: 400 | V37: 0 | W37: 400 | X37: 6781 | Y37: 0 | Z37: WSWT19251000SM | AA37: 0 | AB37: 0 | AC37: 0 | AD37: 0 | AE37: 0 | AF37: 0 | AG37: พร้อมส่ง | AH37: P6 | AI37: 4 | AJ37: รอแจ้ง | AK37: #VALUE! | AL37: #VALUE! | AM37: #VALUE! | AN37: #VALUE! | AO37: #VALUE! | AP37: #VALUE! | AQ37: 0 | AR37: 0 | AS37: 0 | AT37: 0 | AU37: 0 | AV37: 0 | AW37: งานเคลือบ+พิมพ์ | AX37: / | AY37: 0 | AZ37: 0 | BA37: 0 | BB37: 0 | BC37: WRWT251000/WRWT251000 | BD37: 0
A38: 45741 | B38: MK68-000457 | C38: บจก.อินเทคค์ โกลบอล | D38: เพอเฟคค์ 103Pโกลด์ | E38: 19 | F38: 34 | G38: ขาว | H38: ด้าน | I38: 100 | J38: ± | K38: 5 | L38: จับจีบ | M38: ไม่สวมถุงใน | N38: 0 | O38: 0 | P38: 0 | Q38: 0 | R38: 0 | S38: มัด80 ใช้สายรัด | T38: 45764 | U38: 5040 | V38: 0 | W38: 5040 | X38: 0 | Y38: 5292 | Z38: WSWT19251000SM | AA38: 4999.0248 | AB38: 4999.0248 | AC38: 0 | AD38: 0 | AE38: 4999.0248 | AF38: 0 | AG38: ผ้าขาว | AH38: P6 | AI38: 4 | AJ38: 45764 | AK38: 45760 | AL38: 45753 | AM38: 45761 | AN38: 45762 | AO38: 45763 | AP38: 45759 | AQ38: 0 | AR38: 0 | AS38: 0 | AT38: 0 | AU38: 0 | AV38: 0 | AW38: งานเคลือบ+พิมพ์ | AX38: / | AY38: 0 | AZ38: 0 | BA38: 0 | BB38: 0 | BC38: WRWT251000/WRWT251000 | BD38: 0
A39: 45741 | B39: MK68-000457 | C39: บจก.อินเทคค์ โกลบอล | D39: เพอเฟคค์ 104โกลด์ | E39: 19 | F39: 34 | G39: ขาว | H39: ด้าน | I39: 100 | J39: ± | K39: 5 | L39: จับจีบ | M39: ไม่สวมถุงใน | N39: 0 | O39: 0 | P39: 0 | Q39: 0 | R39: 0 | S39: มัด80 ใช้สายรัด | T39: 45764 | U39: 5040 | V39: 0 | W39: 5040 | X39: 0 | Y39: 5292 | Z39: WSWT19251000SM | AA39: 4999.0248 | AB39: 1001 | AC39: 3998.0248 | AD39: 0 | AE39: 4999.0248 | AF39: 0 | AG39: พร้อมส่ง | AH39: P6 | AI39: 4 | AJ39: 45764 | AK39: 45760 | AL39: 45753 | AM39: 45761 | AN39: 45762 | AO39: 45763 | AP39: 45759 | AQ39: 0 | AR39: 0 | AS39: 0 | AT39: 0 | AU39: 0 | AV39: 0 | AW39: งานเคลือบ+พิมพ์ | AX39: / | AY39: 0 | AZ39: 0 | BA39: 0 | BB39: 0 | BC39: WRWT251000/WRWT251000 | BD39: 337.61098
A40: 0 | B40: 0 | C40: 0 | D40: 0 | E40: 19 | F40: 34 | G40: ขาว | H40: 0 | I40: 80 | J40: ± | K40: 5 | L40: 0 | M40: 0 | N40: 0 | O40: 0 | P40: 0 | Q40: 0 | R40: 0 | S40: 0 | U40: 0 | V40: 0 | W40: 0 | X40: 0 | Y40: 0 | Z40: WSWT19251000SM | AA40: 9998.0496 | AB40: 6000.0248 | AC40: 3998.0248 | AD40: 0 | AE40: 9998.0496 | AF40: ระบุในSD | AG40: ผ้าขาว | AH40: 0 | AI40: Lead time | AJ40: 0 | AK40: 0 | AL40: 0 | AM40: 0 | AN40: 0 | AO40: 0 | AP40: 0 | AQ40: 0 | AR40: 0 | AS40: 0 | AT40: 0 | AU40: 0 | AV40: 0 | AW40: 0 | AX40: 0 | AY40: 0 | AZ40: 0 | BA40: 0 | BB40: 0 | BC40: WRWT251000/WRYL251000 | BD40: 0
A41: ประมาณการ | B41: ประมาณการ | C41: บจก.หนองบัวฟีดมิลล์ | D41: ไม่พิมพ์ | E41: 20 | F41: 30 | G41: ขาว | H41: 0 | I41: 53 | J41: ± | K41: 5 | L41: ไม่ | M41: ไม่สวมถุงใน | N41: 0 | O41: 0 | P41: 0 | Q41: 0 | R41: 0 | S41: 500กระสอบ | T41: 45807 | U41: 10000 | V41: 0 | W41: 10000 | X41: 0 | Y41: 0 | Z41: WSWT2025650 | AA41: 8801.1 | AB41: 0 | AC41: 8801.1 | AD41: 0 | AE41: 0 | AF41: 0 | AG41: พร้อมส่ง | AH41: P3 | AI41: 1 | AJ41: 45807 | AK41: 0 | AL41: 0 | AM41: 0 | AN41: 0 | AO41: 45806 | AP41: 45802 | AQ41: 0 | AR41: 0 | AS41: 0 | AT41: 0 | AU41: 0 | AV41: 0 | AW41: ตัด | AX41: 0 | AY41: 0 | AZ41: 0 | BA41: 0 | BB41: 0 | BC41: WRWT25650/WRWT25650 | BD41: 540.28975
A42: 0 | B42: 0 | C42: 0 | D42: 0 | E42: 20 | F42: 37 | G42: ขาว | H42: 0 | I42: 65 | J42: ± | K42: 5 | L42: 0 | M42: 0 | N42: 0 | O42: 0 | P42: 0 | Q42: 0 | R42: 0 | S42: 0 | U42: 0 | V42: 0 | W42: 0 | X42: 0 | Y42: 0 | Z42: WSWT2025650 | AA42: 8801.1 | AB42: 0 | AC42: 8801.1 | AD42: 0 | AE42: 0 | AF42: ระบุในSD | AG42: รอตัด | AH42: 0 | AI42: Lead time | AJ42: 0 | AK42: 0 | AL42: 0 | AM42: 0 | AN42: 0 | AO42: 0 | AP42: 0 | AQ42: 0 | AR42: 0 | AS42: 0 | AT42: 0 | AU42: 0 | AV42: 0 | AW42: 0 | AX42: 0 | AY42: 0 | AZ42: 0 | BA42: 0 | BB42: 0 | BC42: WRWT25650/WRWT25650 | BD42: 0
A43: ประมาณการ | B43: ประมาณการ | C43: บจก.เบทาโกร | D43: ไม่พิมพ์ | E43: 20 | F43: 38 | G43: ขาว | H43: 0 | I43: 72 | J43: ± | K43: 5 | L43: ไม่ | M43: ไม่สวมถุงใน | N43: 0 | O43: 0 | P43: 0 | Q43: 0 | R43: 0 | S43: 0 | T43: รอแจ้ง | U43: 50000 | V43: 0 | W43: 50000 | X43: 0 | Y43: 0 | Z43: WSWT2025700 | AA43: 55181.5 | AB43: 14387 | AC43: 40794.5 | AD43: 0 | AE43: 0 | AF43: 0 | AG43: พร้อมส่ง | AH43: P3 | AI43: 1 | AJ43: รอแจ้ง | AK43: 0 | AL43: 0 | AM43: 0 | AN43: 0 | AO43: #VALUE! | AP43: #VALUE! | AQ43: 0 | AR43: 0 | AS43: 0 | AT43: 0 | AU43: 0 | AV43: 0 | AW43: ตัด | AX43: 0 | AY43: 0 | AZ43: 0 | BA43: 0 | BB43: 0 | BC43: WRWT25800/WRWT25650 | BD43: 2937.204
A44: 0 | B44: 0 | C44: 0 | D44: 0 | E44: 20 | F44: 37 | G44: ขาว | H44: 0 | I44: 70 | J44: ± | K44: 5 | L44: 0 | M44: 0 | N44: 0 | O44: 0 | P44: 0 | Q44: 0 | R44: 0 | S44: 0 | U44: 0 | V44: 0 | W44: 0 | X44: 0 | Y44: 0 | Z44: WSWT2025700 | AA44: 55181.5 | AB44: 14387 | AC44: 40794.5 | AD44: 0 | AE44: 0 | AF44: ระบุในSD | AG44: พร้อมส่ง | AH44: 0 | AI44: Lead time | AJ44: 0 | AK44: 0 | AL44: 0 | AM44: 0 | AN44: 0 | AO44: 0 | AP44: 0 | AQ44: 0 | AR44: 0 | AS44: 0 | AT44: 0 | AU44: 0 | AV44: 0 | AW44: 0 | AX44: 0 | AY44: 0 | AZ44: 0 | BA44: 0 | BB44: 0 | BC44: WRWT25800/WRWT25650 | BD44: 0
A45: 45721 | B45: MK68-000334 | C45: บจก.อินเทคค์ โกลบอล | D45: เพอเฟคค์ 000 | E45: 20 | F45: 36 | G45: ขาว | H45: ด้าน | I45: 100 | J45: ± | K45: 5 | L45: จับจีบ | M45: ไม่สวมถุงใน | N45: 0 | O45: 0 | P45: 0 | Q45: 0 | R45: 0 | S45: มัด80 ใช้สายรัด | T45: รอแจ้ง | U45: 971 | V45: 0 | W45: 971 | X45: 10610 | Y45: 0 | Z45: WSWT2025800SM | AA45: 0 | AB45: 0 | AC45: 0 | AD45: 0 | AE45: 0 | AF45: 0 | AG45: พร้อมส่ง | AH45: P6 | AI45: 4 | AJ45: รอแจ้ง | AK45: #VALUE! | AL45: #VALUE! | AM45: #VALUE! | AN45: #VALUE! | AO45: #VALUE! | AP45: #VALUE! | AQ45: 0 | AR45: 0 | AS45: 0 | AT45: 0 | AU45: 0 | AV45: 0 | AW45: งานเคลือบ+พิมพ์ | AX45: / | AY45: 0 | AZ45: 0 | BA45: 0 | BB45: 0 | BC45: WRWT25850/WRWT25850 | BD45: 0
A46: 45721 | B46: MK68-000334 | C46: บจก.อินเทคค์ โกลบอล | D46: เพอเฟคค์ 911 | E46: 20 | F46: 36 | G46: ขาว | H46: ด้าน | I46: 100 | J46: ± | K46: 5 | L46: จับจีบ | M46: ไม่สวมถุงใน | N46: 0 | O46: 0 | P46: 0 | Q46: 0 | R46: 0 | S46: มัด80 ใช้สายรัด | T46: รอแจ้ง | U46: 111 | V46: 0 | W46: 111 | X46: 5600 | Y46: 0 | Z46: WSWT2025800SM | AA46: 0 | AB46: 0 | AC46: 0 | AD46: 0 | AE46: 0 | AF46: 0 | AG46: พร้อมส่ง | AH46: P6 | AI46: 4 | AJ46: รอแจ้ง | AK46: #VALUE! | AL46: #VALUE! | AM46: #VALUE! | AN46: #VALUE! | AO46: #VALUE! | AP46: #VALUE! | AQ46: 0 | AR46: 0 | AS46: 0 | AT46: 0 | AU46: 0 | AV46: 0 | AW46: งานเคลือบ+พิมพ์ | AX46: / | AY46: 0 | AZ46: 0 | BA46: 0 | BB46: 0 | BC46: WRWT25850/WRWT25850 | BD46: 0
A47: 45729 | B47: MK68-000398 | C47: บจก.มารีน ลีดเดอร์ | D47: Rocky Quick lime | E47: 20 | F47: 30 | G47: ขาว | H47: ใส | I47: 80 | J47: ± | K47: 5 | L47: จับจีบ5" | M47: 21 | N47: 33 | O47: 40 | P47: 0.51290839 | Q47: 0 | R47: 0.51290839 | S47: 500กระสอบ | T47: รอส่ง | U47: 10000 | V47: 9970 | W47: 30 | X47: 10500 | Y47: 0 | Z47: WSWT2025800SM | AA47: 0 | AB47: 0 | AC47: 0 | AD47: 0 | AE47: 0 | AF47: 0 | AG47: พร้อมส่ง | AH47: P8 | AI47: 4 | AJ47: รอส่ง | AK47: #VALUE! | AL47: #VALUE! | AM47: #VALUE! | AN47: #VALUE! | AO47: #VALUE! | AP47: #VALUE! | AQ47: #VALUE! | AR47: 0 | AS47: 0 | AT47: 0 | AU47: 0 | AV47: 0 | AW47: งานเคลือบ+พิมพ์ | AX47: รอART | AY47: 0 | AZ47: 0 | BA47: 0 | BB47: 0 | BC47: WRWT25850/WRWT25850 | BD47: 0
A48: 45611 | B48: MK67-001533 | C48: บจก.อินเทคค์ โกลบอล | D48: เฟิร์สช้อย 914 | E48: 20 | F48: 36 | G48: ขาว | H48: ด้าน | I48: 100 | J48: ± | K48: 5 | L48: จับจีบ | M48: ไม่สวมถุงใน | N48: 0 | O48: 0 | P48: 0 | Q48: 0 | R48: 0 | S48: มัด80 ใช้สายรัด | T48: รอแจ้ง | U48: 67 | V48: 67 | W48: 0 | X48: 80 | Y48: 0 | Z48: WSWT2025800SM | AA48: 0 | AB48: 0 | AC48: 0 | AD48: 0 | AE48: 0 | AF48: 0 | AG48: พร้อมส่ง | AH48: P6 | AI48: 4 | AJ48: รอแจ้ง | AK48: #VALUE! | AL48: #VALUE! | AM48: #VALUE! | AN48: #VALUE! | AO48: #VALUE! | AP48: #VALUE! | AQ48: 0 | AR48: 0 | AS48: 0 | AT48: 0 | AU48: 0 | AV48: 0 | AW48: งานเคลือบ+พิมพ์ | AX48: / | AY48: 0 | AZ48: 0 | BA48: 0 | BB48: 0 | BC48: WRWT25850/WRWT25850 | BD48: 0
A49: 45721 | B49: MK68-000337 | C49: บจก.อินเทคค์ โกลบอล | D49: เพอเฟคค์ 916 | E49: 20 | F49: 36 | G49: ขาว | H49: ด้าน | I49: 100 | J49: ± | K49: 5 | L49: จับจีบ | M49: ไม่สวมถุงใน | N49: 0 | O49: 0 | P49: 0 | Q49: 0 | R49: 0 | S49: มัด80 ใช้สายรัด | T49: รอแจ้ง | U49: 395 | V49: 0 | W49: 395 | X49: 11050 | Y49: 0 | Z49: WSWT2025800SM | AA49: 0 | AB49: 0 | AC49: 0 | AD49: 0 | AE49: 0 | AF49: 0 | AG49: พร้อมส่ง | AH49: P6 | AI49: 4 | AJ49: รอแจ้ง | AK49: #VALUE! | AL49: #VALUE! | AM49: #VALUE! | AN49: #VALUE! | AO49: #VALUE! | AP49: #VALUE! | AQ49: 0 | AR49: 0 | AS49: 0 | AT49: 0 | AU49: 0 | AV49: 0 | AW49: งานเคลือบ+พิมพ์ | AX49: / | AY49: 0 | AZ49: 0 | BA49: 0 | BB49: 0 | BC49: WRWT25850/WRWT25850 | BD49: 0
A50: 45721 | B50: MK68-000341 | C50: บจก.อินเทคค์ โกลบอล | D50: สุบรรณ 222 | E50: 20 | F50: 36 | G50: ขาว | H50: ด้าน | I50: 100 | J50: ± | K50: 5 | L50: จับจีบ | M50: ไม่สวมถุงใน | N50: 0 | O50: 0 | P50: 0 | Q50: 0 | R50: 0 | S50: มัด80 ใช้สายรัด | T50: รอแจ้ง | U50: 235 | V50: 0 | W50: 235 | X50: 6066 | Y50: 0 | Z50: WSWT2025800SM | AA50: 0 | AB50: 0 | AC50: 0 | AD50: 0 | AE50: 0 | AF50: 0 | AG50: ยังไม่ได้พิมพ์ | AH50: P6 | AI50: 4 | AJ50: รอแจ้ง | AK50: #VALUE! | AL50: #VALUE! | AM50: #VALUE! | AN50: #VALUE! | AO50: #VALUE! | AP50: #VALUE! | AQ50: 0 | AR50: 0 | AS50: 0 | AT50: 0 | AU50: 0 | AV50: 0 | AW50: งานเคลือบ+พิมพ์ | AX50: / | AY50: 0 | AZ50: 0 | BA50: 0 | BB50: 0 | BC50: WRWT25850/WRWT25850 | BD50: 0
A51: 45667 | B51: MK68-000064 | C51: บจก.เอพีเอ็ม อะโกร | D51: ฟิล กู๊ด พี6 | E51: 20 | F51: 38 | G51: ขาว | H51: ใส | I51: 100 | J51: ± | K51: 5 | L51: บิด | M51: ไม่สวมถุงใน | N51: 0 | O51: 0 | P51: 0 | Q51: 0 | R51: 0 | S51: 500กระสอบแบน | T51: รอส่ง | U51: 2432 | V51: 2432 | W51: 0 | X51: 0 | Y51: 0 | Z51: WSWT2025800SM | AA51: 0 | AB51: 0 | AC51: 0 | AD51: 0 | AE51: 0 | AF51: 0 | AG51: ยังไม่ได้พิมพ์ | AH51: P6 | AI51: 4 | AJ51: รอส่ง | AK51: #VALUE! | AL51: #VALUE! | AM51: #VALUE! | AN51: #VALUE! | AO51: #VALUE! | AP51: #VALUE! | AQ51: 0 | AR51: 0 | AS51: 0 | AT51: 0 | AU51: 0 | AV51: 0 | AW51: งานเคลือบ+พิมพ์ | AX51: / | AY51: 0 | AZ51: 0 | BA51: 0 | BB51: 0 | BC51: WRWT25850/WRWT25850 | BD51: 0
A52: 45721 | B52: MK68-000341 | C52: บจก.อินเทคค์ โกลบอล | D52: สุบรรณ 111 | E52: 20 | F52: 36 | G52: ขาว | H52: ด้าน | I52: 100 | J52: ± | K52: 5 | L52: จับจีบ | M52: ไม่สวมถุงใน | N52: 0 | O52: 0 | P52: 0 | Q52: 0 | R52: 0 | S52: มัด80 ใช้สายรัด | T52: รอแจ้ง | U52: 734 | V52: 0 | W52: 734 | X52: 5520 | Y52: 0 | Z52: WSWT2025800SM | AA52: 0 | AB52: 0 | AC52: 0 | AD52: 0 | AE52: 0 | AF52: 0 | AG52: รอตัด | AH52: P6 | AI52: 4 | AJ52: รอแจ้ง | AK52: #VALUE! | AL52: #VALUE! | AM52: #VALUE! | AN52: #VALUE! | AO52: #VALUE! | AP52: #VALUE! | AQ52: 0 | AR52: 0 | AS52: 0 | AT52: 0 | AU52: 0 | AV52: 0 | AW52: งานเคลือบ+พิมพ์ | AX52: / | AY52: 0 | AZ52: 0 | BA52: 0 | BB52: 0 | BC52: WRWT25850/WRWT25850 | BD52: 0
A53: 45674 | B53: MK68-000088 | C53: บจก.อินเทคค์ โกลบอล | D53: เพอเฟคค์ 914 | E53: 20 | F53: 36 | G53: ขาว | H53: ด้าน | I53: 100 | J53: ± | K53: 5 | L53: จับจีบ4" | M53: ไม่สวมถุงใน | N53: 0 | O53: 0 | P53: 0 | Q53: 0 | R53: 0 | S53: มัด80 ใช้สายรัด | T53: 45752 | U53: 811 | V53: 0 | W53: 811 | X53: 0 | Y53: 851.55 | Z53: WSWT2025800SM | AA53: 849.72525 | AB53: 0 | AC53: 849.72525 | AD53: 0 | AE53: 849.72525 | AF53: ห้ามขาด-ห้ามเกิน | AG53: รอตัด | AH53: P6 | AI53: 4 | AJ53: 45752 | AK53: 45748 | AL53: 45741 | AM53: 45749 | AN53: 45750 | AO53: 45751 | AP53: 45747 | AQ53: 0 | AR53: 0 | AS53: 0 | AT53: 0 | AU53: 0 | AV53: 0 | AW53: งานเคลือบ+พิมพ์ | AX53: / | AY53: 0 | AZ53: 0 | BA53: 0 | BB53: 0 | BC53: WRWT25850/WRWT25850 | BD53: 64.201463
A54: 45721 | B54: MK68-000336 | C54: บจก.อินเทคค์ โกลบอล | D54: เพอเฟคค์ 914 | E54: 20 | F54: 36 | G54: ขาว | H54: ด้าน | I54: 100 | J54: ± | K54: 5 | L54: จับจีบ4" | M54: ไม่สวมถุงใน | N54: 0 | O54: 0 | P54: 0 | Q54: 0 | R54: 0 | S54: มัด80 ใช้สายรัด | T54: 45752 | U54: 10320 | V54: 0 | W54: 10320 | X54: 0 | Y54: 10836 | Z54: WSWT2025800SM | AA54: 10812.78 | AB54: 0 | AC54: 10812.78 | AD54: 0 | AE54: 10812.78 | AF54: 0 | AG54: รอตัด | AH54: P6 | AI54: 4 | AJ54: 45752 | AK54: 45748 | AL54: 45741 | AM54: 45749 | AN54: 45750 | AO54: 45751 | AP54: 45747 | AQ54: 0 | AR54: 0 | AS54: 0 | AT54: 0 | AU54: 0 | AV54: 0 | AW54: งานเคลือบ+พิมพ์ | AX54: / | AY54: 0 | AZ54: 0 | BA54: 0 | BB54: 0 | BC54: WRWT25850/WRWT25850 | BD54: 816.9656
A55: 45721 | B55: MK68-000335 | C55: บจก.อินเทคค์ โกลบอล | D55: เพอเฟคค์ 913 | E55: 20 | F55: 36 | G55: ขาว | H55: ด้าน | I55: 100 | J55: ± | K55: 5 | L55: จับจีบ4" | M55: ไม่สวมถุงใน | N55: 0 | O55: 0 | P55: 0 | Q55: 0 | R55: 0 | S55: มัด80 ใช้สายรัด | T55: 45752 | U55: 7710 | V55: 5040 | W55: 2670 | X55: 23120 | Y55: 0 | Z55: WSWT2025800SM | AA55: 0 | AB55: 0 | AC55: 0 | AD55: 0 | AE55: 0 | AF55: 0 | AG55: ยังไม่ได้พิมพ์ | AH55: P6 | AI55: 4 | AJ55: 45752 | AK55: 45748 | AL55: 45741 | AM55: 45749 | AN55: 45750 | AO55: 45751 | AP55: 45747 | AQ55: 0 | AR55: 0 | AS55: 0 | AT55: 0 | AU55: 0 | AV55: 0 | AW55: งานเคลือบ+พิมพ์ | AX55: / | AY55: 0 | AZ55: 0 | BA55: 0 | BB55: 0 | BC55: WRWT25850/WRWT25850 | BD55: 0
A56: 45738 | B56: MK68-000442 | C56: บจก.เอพีเอ็ม อะโกร | D56: วี-ฟีด วี 01 | E56: 20 | F56: 38 | G56: ขาว | H56: ใส | I56: 100 | J56: ± | K56: 5 | L56: บิด | M56: ไม่สวมถุงใน | N56: 0 | O56: 0 | P56: 0 | Q56: 0 | R56: 0 | S56: 500กระสอบแบน | T56: 45751 | U56: 3000 | V56: 0 | W56: 3000 | X56: 3300 | Y56: 0 | Z56: WSWT2025800SM | AA56: 0 | AB56: 0 | AC56: 0 | AD56: 0 | AE56: 0 | AF56: 0 | AG56: รอตัด | AH56: P6 | AI56: 4 | AJ56: 45751 | AK56: 45747 | AL56: 45740 | AM56: 45748 | AN56: 45749 | AO56: 45750 | AP56: 45746 | AQ56: 0 | AR56: 0 | AS56: 0 | AT56: 0 | AU56: 0 | AV56: 0 | AW56: งานเคลือบ+พิมพ์ | AX56: รอART | AY56: 0 | AZ56: 0 | BA56: 0 | BB56: 0 | BC56: WRWT25850/WRWT25850 | BD56: 0
A57: 45738 | B57: MK68-000445 | C57: บจก.เอพีเอ็ม อะโกร | D57: วี-ฟีด วี 04 | E57: 20 | F57: 38 | G57: ขาว | H57: ใส | I57: 100 | J57: ± | K57: 5 | L57: บิด | M57: ไม่สวมถุงใน | N57: 0 | O57: 0 | P57: 0 | Q57: 0 | R57: 0 | S57: 500กระสอบแบน | T57: 45751 | U57: 4000 | V57: 0 | W57: 4000 | X57: 4300 | Y57: 0 | Z57: WSWT2025800SM | AA57: 0 | AB57: 0 | AC57: 0 | AD57: 0 | AE57: 0 | AF57: 0 | AG57: ยังไม่ได้พิมพ์ | AH57: P6 | AI57: 4 | AJ57: 45751 | AK57: 45747 | AL57: 45740 | AM57: 45748 | AN57: 45749 | AO57: 45750 | AP57: 45746 | AQ57: 0 | AR57: 0 | AS57: 0 | AT57: 0 | AU57: 0 | AV57: 0 | AW57: งานเคลือบ+พิมพ์ | AX57: รอART | AY57: 0 | AZ57: 0 | BA57: 0 | BB57: 0 | BC57: WRWT25850/WRWT25850 | BD57: 0
A58: 45706 | B58: MK68-000254 | C58: บจก.เอพีเอ็ม อะโกร | D58: ยูฟีด ดี3 | E58: 20 | F58: 38 | G58: ขาว | H58: ใส | I58: 100 | J58: ± | K58: 5 | L58: บิด | M58: ไม่สวมถุงใน | N58: 0 | O58: 0 | P58: 0 | Q58: 0 | R58: 0 | S58: 500กระสอบแบน | T58: 45754 | U58: 3000 | V58: 0 | W58: 3000 | X58: 0 | Y58: 3150 | Z58: WSWT2025800SM | AA58: 3310.89 | AB58: 3310.89 | AC58: 0 | AD58: 0 | AE58: 3310.89 | AF58: 0 | AG58: ยังไม่ได้พิมพ์ | AH58: P6 | AI58: 4 | AJ58: 45754 | AK58: 45750 | AL58: 45743 | AM58: 45751 | AN58: 45752 | AO58: 45753 | AP58: 45749 | AQ58: 0 | AR58: 0 | AS58: 0 | AT58: 0 | AU58: 0 | AV58: 0 | AW58: งานเคลือบ+พิมพ์ | AX58: / | AY58: 0 | AZ58: 0 | BA58: 0 | BB58: 0 | BC58: WRWT25850/WRWT25850 | BD58: 0
A59: 45741 | B59: MK68-000451 | C59: บจก.เอพีเอ็ม อะโกร | D59: วี-ฟีด วี 06 | E59: 20 | F59: 38 | G59: ขาว | H59: ใส | I59: 100 | J59: ± | K59: 5 | L59: บิด | M59: ไม่สวมถุงใน | N59: 0 | O59: 0 | P59: 0 | Q59: 0 | R59: 0 | S59: 500กระสอบแบน | T59: 45754 | U59: 4000 | V59: 0 | W59: 4000 | X59: 4390 | Y59: 0 | Z59: WSWT2025800SM | AA59: 0 | AB59: 0 | AC59: 0 | AD59: 0 | AE59: 0 | AF59: 0 | AG59: ยังไม่ได้พิมพ์ | AH59: P6 | AI59: 4 | AJ59: 45754 | AK59: 45750 | AL59: 45743 | AM59: 45751 | AN59: 45752 | AO59: 45753 | AP59: 45749 | AQ59: 0 | AR59: 0 | AS59: 0 | AT59: 0 | AU59: 0 | AV59: 0 | AW59: งานเคลือบ+พิมพ์ | AX59: / | AY59: 0 | AZ59: 0 | BA59: 0 | BB59: 0 | BC59: WRWT25850/WRWT25850 | BD59: 0
A60: 45734 | B60: MK68-000424 | C60: บจก.วีซีเอฟ | D60: SPEED PLUS 111 เขมร | E60: 20 | F60: 37 | G60: ขาว | H60: ใส | I60: 100 | J60: ± | K60: 5 | L60: ไม่ | M60: ไม่สวมถุงใน | N60: 0 | O60: 0 | P60: 0 | Q60: 0 | R60: 0 | S60: 500กระสอบแบน | T60: 45757 | U60: 5000 | V60: 0 | W60: 5000 | X60: 0 | Y60: 5250 | Z60: WSWT2025800SM | AA60: 5378.45 | AB60: 0 | AC60: 5378.45 | AD60: 0 | AE60: 5378.45 | AF60: ห้ามเกิน | AG60: ยังไม่ได้พิมพ์ | AH60: P6 | AI60: 4 | AJ60: 45757 | AK60: 45753 | AL60: 45746 | AM60: 45754 | AN60: 45755 | AO60: 45756 | AP60: 45752 | AQ60: 0 | AR60: 0 | AS60: 0 | AT60: 0 | AU60: 0 | AV60: 0 | AW60: งานเคลือบ+พิมพ์ | AX60: / | AY60: 0 | AZ60: 0 | BA60: 0 | BB60: 0 | BC60: WRWT25850/WRWT25850 | BD60: 406.37178
A61: 45734 | B61: MK68-000424 | C61: บจก.วีซีเอฟ | D61: SPEED PLUS 333 ลาว | E61: 20 | F61: 37 | G61: ขาว | H61: ใส | I61: 100 | J61: ± | K61: 5 | L61: ไม่ | M61: ไม่สวมถุงใน | N61: 0 | O61: 0 | P61: 0 | Q61: 0 | R61: 0 | S61: 500กระสอบแบน | T61: 45757 | U61: 5000 | V61: 0 | W61: 5000 | X61: 0 | Y61: 5250 | Z61: WSWT2025800SM | AA61: 5378.45 | AB61: 0 | AC61: 5378.45 | AD61: 0 | AE61: 5378.45 | AF61: ห้ามเกิน | AG61: ยังไม่ได้พิมพ์ | AH61: P6 | AI61: 4 | AJ61: 45757 | AK61: 45753 | AL61: 45746 | AM61: 45754 | AN61: 45755 | AO61: 45756 | AP61: 45752 | AQ61: 0 | AR61: 0 | AS61: 0 | AT61: 0 | AU61: 0 | AV61: 0 | AW61: งานเคลือบ+พิมพ์ | AX61: / | AY61: 0 | AZ61: 0 | BA61: 0 | BB61: 0 | BC61: WRWT25850/WRWT25850 | BD61: 406.37178
A62: 45734 | B62: MK68-000424 | C62: บจก.วีซีเอฟ | D62: SPEED PLUS 444 ลาว | E62: 20 | F62: 37 | G62: ขาว | H62: ใส | I62: 100 | J62: ± | K62: 5 | L62: ไม่ | M62: ไม่สวมถุงใน | N62: 0 | O62: 0 | P62: 0 | Q62: 0 | R62: 0 | S62: 500กระสอบแบน | T62: 45757 | U62: 5000 | V62: 0 | W62: 5000 | X62: 0 | Y62: 5250 | Z62: WSWT2025800SM | AA62: 5378.45 | AB62: 0 | AC62: 5378.45 | AD62: 0 | AE62: 5378.45 | AF62: ห้ามเกิน | AG62: ยังไม่ได้พิมพ์ | AH62: P6 | AI62: 4 | AJ62: 45757 | AK62: 45753 | AL62: 45746 | AM62: 45754 | AN62: 45755 | AO62: 45756 | AP62: 45752 | AQ62: 0 | AR62: 0 | AS62: 0 | AT62: 0 | AU62: 0 | AV62: 0 | AW62: งานเคลือบ+พิมพ์ | AX62: / | AY62: 0 | AZ62: 0 | BA62: 0 | BB62: 0 | BC62: WRWT25850/WRWT25850 | BD62: 406.37178
A63: 45734 | B63: MK68-000429 | C63: บจก.วีซีเอฟ | D63: SPEED PLUS 333 เขมร | E63: 20 | F63: 37 | G63: ขาว | H63: ใส | I63: 100 | J63: ± | K63: 5 | L63: ไม่ | M63: ไม่สวมถุงใน | N63: 0 | O63: 0 | P63: 0 | Q63: 0 | R63: 0 | S63: 500กระสอบแบน | T63: 45757 | U63: 5000 | V63: 0 | W63: 5000 | X63: 0 | Y63: 5250 | Z63: WSWT2025800SM | AA63: 5378.45 | AB63: 5378.45 | AC63: 0 | AD63: 0 | AE63: 5378.45 | AF63: ห้ามเกิน | AG63: ยังไม่ได้พิมพ์ | AH63: P6 | AI63: 4 | AJ63: 45757 | AK63: 45753 | AL63: 45746 | AM63: 45754 | AN63: 45755 | AO63: 45756 | AP63: 45752 | AQ63: 0 | AR63: 0 | AS63: 0 | AT63: 0 | AU63: 0 | AV63: 0 | AW63: งานเคลือบ+พิมพ์ | AX63: / | AY63: 0 | AZ63: 0 | BA63: 0 | BB63: 0 | BC63: WRWT25850/WRWT25850 | BD63: 0
A64: 45750 | B64: MK68-000494 | C64: บจก.วีซีเอฟ | D64: JET153 | E64: 20 | F64: 37 | G64: ขาว | H64: ใส | I64: 100 | J64: ± | K64: 5 | L64: ไม่ | M64: ไม่สวมถุงใน | N64: 0 | O64: 0 | P64: 0 | Q64: 0 | R64: 0 | S64: 500กระสอบแบน | T64: 45770 | U64: 5000 | V64: 0 | W64: 5000 | X64: 0 | Y64: 5250 | Z64: WSWT2025800SM | AA64: 5378.45 | AB64: 0 | AC64: 5378.45 | AD64: 0 | AE64: 5378.45 | AF64: ห้ามเกิน | AG64: ยังไม่ได้พิมพ์ | AH64: P6 | AI64: 4 | AJ64: 45770 | AK64: 45766 | AL64: 45759 | AM64: 45767 | AN64: 45768 | AO64: 45769 | AP64: 45765 | AQ64: 0 | AR64: 0 | AS64: 0 | AT64: 0 | AU64: 0 | AV64: 0 | AW64: งานเคลือบ+พิมพ์ | AX64: / | AY64: 0 | AZ64: 0 | BA64: 0 | BB64: 0 | BC64: WRWT25850/WRWT25850 | BD64: 406.37178
A65: 45750 | B65: MK68-000496 | C65: บจก.วีซีเอฟ | D65: JET405โปรตีน18% | E65: 20 | F65: 37 | G65: ขาว | H65: ใส | I65: 100 | J65: ± | K65: 5 | L65: ไม่ | M65: ไม่สวมถุงใน | N65: 0 | O65: 0 | P65: 0 | Q65: 0 | R65: 0 | S65: 500กระสอบแบน | T65: 45772 | U65: 10000 | V65: 0 | W65: 10000 | X65: 0 | Y65: 10500 | Z65: WSWT2025800SM | AA65: 10756.9 | AB65: 0 | AC65: 10756.9 | AD65: 0 | AE65: 10756.9 | AF65: ห้ามเกิน | AG65: ยังไม่ได้พิมพ์ | AH65: P6 | AI65: 4 | AJ65: 45772 | AK65: 45768 | AL65: 45761 | AM65: 45769 | AN65: 45770 | AO65: 45771 | AP65: 45767 | AQ65: 0 | AR65: 0 | AS65: 0 | AT65: 0 | AU65: 0 | AV65: 0 | AW65: งานเคลือบ+พิมพ์ | AX65: / | AY65: 0 | AZ65: 0 | BA65: 0 | BB65: 0 | BC65: WRWT25850/WRWT25850 | BD65: 812.74356
A66: 45750 | B66: MK68-000496 | C66: บจก.วีซีเอฟ | D66: JET405โปรตีน16% | E66: 20 | F66: 37 | G66: ขาว | H66: ใส | I66: 100 | J66: ± | K66: 5 | L66: ไม่ | M66: ไม่สวมถุงใน | N66: 0 | O66: 0 | P66: 0 | Q66: 0 | R66: 0 | S66: 500กระสอบแบน | T66: 45772 | U66: 10000 | V66: 0 | W66: 10000 | X66: 0 | Y66: 10500 | Z66: WSWT2025800SM | AA66: 10756.9 | AB66: 0 | AC66: 10756.9 | AD66: 0 | AE66: 10756.9 | AF66: ห้ามเกิน | AG66: ยังไม่ได้พิมพ์ | AH66: P6 | AI66: 4 | AJ66: 45772 | AK66: 45768 | AL66: 45761 | AM66: 45769 | AN66: 45770 | AO66: 45771 | AP66: 45767 | AQ66: 0 | AR66: 0 | AS66: 0 | AT66: 0 | AU66: 0 | AV66: 0 | AW66: งานเคลือบ+พิมพ์ | AX66: / | AY66: 0 | AZ66: 0 | BA66: 0 | BB66: 0 | BC66: WRWT25850/WRWT25850 | BD66: 812.74356
A67: 45750 | B67: MK68-000494 | C67: บจก.วีซีเอฟ | D67: R FEED 405A | E67: 20 | F67: 37 | G67: ขาว | H67: ใส | I67: 100 | J67: ± | K67: 5 | L67: ไม่ | M67: ไม่สวมถุงใน | N67: 0 | O67: 0 | P67: 0 | Q67: 0 | R67: 0 | S67: 500กระสอบแบน | T67: 45770 | U67: 10000 | V67: 0 | W67: 10000 | X67: 0 | Y67: 10500 | Z67: WSWT2025800SM | AA67: 10756.9 | AB67: 0 | AC67: 10756.9 | AD67: 0 | AE67: 10756.9 | AF67: ห้ามเกิน | AG67: ยังไม่ได้พิมพ์ | AH67: P6 | AI67: 4 | AJ67: 45770 | AK67: 45766 | AL67: 45759 | AM67: 45767 | AN67: 45768 | AO67: 45769 | AP67: 45765 | AQ67: 0 | AR67: 0 | AS67: 0 | AT67: 0 | AU67: 0 | AV67: 0 | AW67: งานเคลือบ+พิมพ์ | AX67: / | AY67: 0 | AZ67: 0 | BA67: 0 | BB67: 0 | BC67: WRWT25850/WRWT25850 | BD67: 812.74356
A68: 45750 | B68: MK68-000495 | C68: บจก.วีซีเอฟ | D68: VC 100 | E68: 20 | F68: 37 | G68: ขาว | H68: ใส | I68: 100 | J68: ± | K68: 5 | L68: บิด | M68: ไม่สวมถุงใน | N68: 0 | O68: 0 | P68: 0 | Q68: 0 | R68: 0 | S68: 500กระสอบแบน | T68: 45758 | U68: 20000 | V68: 0 | W68: 20000 | X68: 0 | Y68: 21000 | Z68: WSWT2025800SM | AA68: 21513.8 | AB68: 0 | AC68: 21513.8 | AD68: 0 | AE68: 21513.8 | AF68: ห้ามเกิน | AG68: ยังไม่ได้พิมพ์ | AH68: P6 | AI68: 4 | AJ68: 45758 | AK68: 45754 | AL68: 45747 | AM68: 45755 | AN68: 45756 | AO68: 45757 | AP68: 45753 | AQ68: 0 | AR68: 0 | AS68: 0 | AT68: 0 | AU68: 0 | AV68: 0 | AW68: งานเคลือบ+พิมพ์ | AX68: / | AY68: 0 | AZ68: 0 | BA68: 0 | BB68: 0 | BC68: WRWT25850/WRWT25850 | BD68: 1625.4871
A69: 45740 | B69: MK68-000439 | C69: บจก.เอพีเอ็ม อะโกร | D69: ฟิล กู๊ด พี4 | E69: 20 | F69: 38 | G69: ขาว | H69: ใส | I69: 100 | J69: ± | K69: 5 | L69: บิด | M69: ไม่สวมถุงใน | N69: 0 | O69: 0 | P69: 0 | Q69: 0 | R69: 0 | S69: 500กระสอบแบน | T69: 45758 | U69: 3000 | V69: 0 | W69: 3000 | X69: 0 | Y69: 3150 | Z69: WSWT2025800SM | AA69: 3310.89 | AB69: 3310.89 | AC69: 0 | AD69: 0 | AE69: 3310.89 | AF69: 0 | AG69: ยังไม่ได้พิมพ์ | AH69: P6 | AI69: 4 | AJ69: 45758 | AK69: 45754 | AL69: 45747 | AM69: 45755 | AN69: 45756 | AO69: 45757 | AP69: 45753 | AQ69: 0 | AR69: 0 | AS69: 0 | AT69: 0 | AU69: 0 | AV69: 0 | AW69: งานเคลือบ+พิมพ์ | AX69: รอART | AY69: 0 | AZ69: 0 | BA69: 0 | BB69: 0 | BC69: WRWT25850/WRWT25850 | BD69: 0
A70: 45741 | B70: MK68-000456 | C70: บจก.อินเทคค์ โกลบอล | D70: เพอเฟคค์ 913 | E70: 20 | F70: 36 | G70: ขาว | H70: ด้าน | I70: 100 | J70: ± | K70: 5 | L70: จับจีบ4" | M70: ไม่สวมถุงใน | N70: 0 | O70: 0 | P70: 0 | Q70: 0 | R70: 0 | S70: มัด80 ใช้สายรัด | T70: 45764 | U70: 10000 | V70: 0 | W70: 10000 | X70: 0 | Y70: 10500 | Z70: WSWT2025800SM | AA70: 10477.5 | AB70: 0 | AC70: 10477.5 | AD70: 0 | AE70: 10477.5 | AF70: 0 | AG70: ยังไม่ได้พิมพ์ | AH70: P6 | AI70: 4 | AJ70: 45764 | AK70: 45760 | AL70: 45753 | AM70: 45761 | AN70: 45762 | AO70: 45763 | AP70: 45759 | AQ70: 0 | AR70: 0 | AS70: 0 | AT70: 0 | AU70: 0 | AV70: 0 | AW70: งานเคลือบ+พิมพ์ | AX70: / | AY70: 0 | AZ70: 0 | BA70: 0 | BB70: 0 | BC70: WRWT25850/WRWT25850 | BD70: 791.63333
A71: 45741 | B71: MK68-000450 | C71: บจก.เอพีเอ็ม อะโกร | D71: วี-ฟีด วี 05 | E71: 20 | F71: 38 | G71: ขาว | H71: ใส | I71: 100 | J71: ± | K71: 5 | L71: บิด | M71: ไม่สวมถุงใน | N71: 0 | O71: 0 | P71: 0 | Q71: 0 | R71: 0 | S71: 500กระสอบแบน | T71: 45765 | U71: 4000 | V71: 0 | W71: 4000 | X71: 0 | Y71: 4200 | Z71: WSWT2025800SM | AA71: 4414.52 | AB71: 0 | AC71: 4414.52 | AD71: 0 | AE71: 4414.52 | AF71: 0 | AG71: ยังไม่ได้พิมพ์ | AH71: P6 | AI71: 4 | AJ71: 45765 | AK71: 45761 | AL71: 45754 | AM71: 45762 | AN71: 45763 | AO71: 45764 | AP71: 45760 | AQ71: 0 | AR71: 0 | AS71: 0 | AT71: 0 | AU71: 0 | AV71: 0 | AW71: งานเคลือบ+พิมพ์ | AX71: / | AY71: 0 | AZ71: 0 | BA71: 0 | BB71: 0 | BC71: WRWT25850/WRWT25850 | BD71: 333.54151
A72: 45741 | B72: MK68-000452 | C72: บจก.เอพีเอ็ม อะโกร | D72: วี-ฟีด วี 07 | E72: 20 | F72: 38 | G72: ขาว | H72: ใส | I72: 100 | J72: ± | K72: 5 | L72: บิด | M72: ไม่สวมถุงใน | N72: 0 | O72: 0 | P72: 0 | Q72: 0 | R72: 0 | S72: 500กระสอบแบน | T72: 45765 | U72: 4000 | V72: 0 | W72: 4000 | X72: 0 | Y72: 4200 | Z72: WSWT2025800SM | AA72: 4414.52 | AB72: 0 | AC72: 4414.52 | AD72: 0 | AE72: 4414.52 | AF72: 0 | AG72: ยังไม่ได้พิมพ์ | AH72: P6 | AI72: 4 | AJ72: 45765 | AK72: 45761 | AL72: 45754 | AM72: 45762 | AN72: 45763 | AO72: 45764 | AP72: 45760 | AQ72: 0 | AR72: 0 | AS72: 0 | AT72: 0 | AU72: 0 | AV72: 0 | AW72: งานเคลือบ+พิมพ์ | AX72: / | AY72: 0 | AZ72: 0 | BA72: 0 | BB72: 0 | BC72: WRWT25850/WRWT25850 | BD72: 333.54151
A73: 45750 | B73: MK68-000498 | C73: บจก.วีซีเอฟ | D73: SPEED PLUS 222 เขมร | E73: 20 | F73: 37 | G73: ขาว | H73: ใส | I73: 100 | J73: ± | K73: 5 | L73: ไม่ | M73: ไม่สวมถุงใน | N73: 0 | O73: 0 | P73: 0 | Q73: 0 | R73: 0 | S73: 500กระสอบแบน | T73: 45768 | U73: 5000 | V73: 0 | W73: 5000 | X73: 0 | Y73: 5250 | Z73: WSWT2025800SM | AA73: 5378.45 | AB73: 0 | AC73: 5378.45 | AD73: 0 | AE73: 5378.45 | AF73: ห้ามเกิน | AG73: รอแบบ | AH73: P6 | AI73: 4 | AJ73: 45768 | AK73: 45764 | AL73: 45757 | AM73: 45765 | AN73: 45766 | AO73: 45767 | AP73: 45763 | AQ73: 0 | AR73: 0 | AS73: 0 | AT73: 0 | AU73: 0 | AV73: 0 | AW73: งานเคลือบ+พิมพ์ | AX73: รอART | AY73: 0 | AZ73: 0 | BA73: 0 | BB73: 0 | BC73: WRWT25850/WRWT25850 | BD73: 406.37178
A74: 45740 | B74: MK68-000440 | C74: บจก.เอสพีเอ็ม อาหารสัตว์ | D74: นีโอ 05 | E74: 20 | F74: 38 | G74: ขาว | H74: ด้าน | I74: 100 | J74: ± | K74: 5 | L74: บิด | M74: ไม่สวมถุงใน | N74: 0 | O74: 0 | P74: 0 | Q74: 0 | R74: 0 | S74: 500กระสอบแบน | T74: 45776 | U74: 5000 | V74: 0 | W74: 5000 | X74: 0 | Y74: 5250 | Z74: WSWT2025800SM | AA74: 5518.15 | AB74: 0 | AC74: 5518.15 | AD74: 0 | AE74: 5518.15 | AF74: 0 | AG74: รอแบบ | AH74: P6 | AI74: 4 | AJ74: 45776 | AK74: 45772 | AL74: 45765 | AM74: 45773 | AN74: 45774 | AO74: 45775 | AP74: 45771 | AQ74: 0 | AR74: 0 | AS74: 0 | AT74: 0 | AU74: 0 | AV74: 0 | AW74: งานเคลือบ+พิมพ์ | AX74: รอART | AY74: 0 | AZ74: 0 | BA74: 0 | BB74: 0 | BC74: WRWT25850/WRWT25850 | BD74: 416.92689
A75: 45740 | B75: MK68-000441 | C75: บจก.เอสพีเอ็ม อาหารสัตว์ | D75: SPM 312 | E75: 20 | F75: 37 | G75: ขาว | H75: ด้าน | I75: 97 | J75: ± | K75: 5 | L75: บิด | M75: ไม่สวมถุงใน | N75: 0 | O75: 0 | P75: 0 | Q75: 0 | R75: 0 | S75: 500กระสอบแบน | T75: รอแจ้ง | U75: 3000 | V75: 0 | W75: 3000 | X75: 0 | Y75: 3150 | Z75: WSWT2025800SM | AA75: 3227.07 | AB75: 0 | AC75: 3227.07 | AD75: 0 | AE75: 3227.07 | AF75: 0 | AG75: พร้อมส่ง | AH75: P6 | AI75: 4 | AJ75: รอแจ้ง | AK75: #VALUE! | AL75: #VALUE! | AM75: #VALUE! | AN75: #VALUE! | AO75: #VALUE! | AP75: #VALUE! | AQ75: 0 | AR75: 0 | AS75: 0 | AT75: 0 | AU75: 0 | AV75: 0 | AW75: งานเคลือบ+พิมพ์ | AX75: รอART | AY75: 0 | AZ75: 0 | BA75: 0 | BB75: 0 | BC75: WRWT25850/WRWT25850 | BD75: 243.82307
A76: ประมาณการ | B76: ประมาณการ | C76: บจก.อินเทคค์ โกลบอล | D76: รอแบบ | E76: 20 | F76: 36 | G76: ขาว | H76: ด้าน | I76: 100 | J76: ± | K76: 5 | L76: จับจีบ | M76: ไม่สวมถุงใน | N76: 0 | O76: 0 | P76: 0 | Q76: 0 | R76: 0 | S76: มัด80 ใช้สายรัด | T76: 45777 | U76: 140000 | V76: 0 | W76: 140000 | X76: 0 | Y76: 147000 | Z76: WSWT2025800SM | AA76: 146685 | AB76: 0 | AC76: 146685 | AD76: 0 | AE76: 146685 | AF76: 0 | AG76: รอแบบ | AH76: P6 | AI76: 4 | AJ76: 45777 | AK76: 45773 | AL76: 45766 | AM76: 45774 | AN76: 45775 | AO76: 45776 | AP76: 45772 | AQ76: 0 | AR76: 0 | AS76: 0 | AT76: 0 | AU76: 0 | AV76: 0 | AW76: งานเคลือบ+พิมพ์ | AX76: / | AY76: 0 | AZ76: 0 | BA76: 0 | BB76: 0 | BC76: WRWT25850/WRWT25850 | BD76: 11082.867
A77: ประมาณการ | B77: ประมาณการ | C77: บจก.เอสพีเอ็ม อาหารสัตว์ | D77: รอแบบ | E77: 20 | F77: 38 | G77: ขาว | H77: ใส | I77: 100 | J77: ± | K77: 5 | L77: บิด | M77: ไม่สวมถุงใน | N77: 0 | O77: 0 | P77: 0 | Q77: 0 | R77: 0 | S77: 500กระสอบแบน | T77: 45777 | U77: 20000 | V77: 0 | W77: 20000 | X77: 0 | Y77: 21000 | Z77: WSWT2025800SM | AA77: 22072.6 | AB77: 0 | AC77: 22072.6 | AD77: 0 | AE77: 22072.6 | AF77: 0 | AG77: ยังไม่ได้พิมพ์ | AH77: P6 | AI77: 4 | AJ77: 45777 | AK77: 45773 | AL77: 45766 | AM77: 45774 | AN77: 45775 | AO77: 45776 | AP77: 45772 | AQ77: 0 | AR77: 0 | AS77: 0 | AT77: 0 | AU77: 0 | AV77: 0 | AW77: งานเคลือบ+พิมพ์ | AX77: รอART | AY77: 0 | AZ77: 0 | BA77: 0 | BB77: 0 | BC77: WRWT25850/WRWT25850 | BD77: 1667.7076
A78: 45705 | B78: MK68-000241 | C78: บจก.อินเทคค์ โกลบอล | D78: เฟิร์สช้อย 911 | E78: 20 | F78: 36 | G78: ขาว | H78: ด้าน | I78: 100 | J78: ± | K78: 5 | L78: จับจีบ4" | M78: ไม่สวมถุงใน | N78: 0 | O78: 0 | P78: 0 | Q78: 0 | R78: 0 | S78: มัด80 ใช้สายรัด | T78: รอแจ้ง | U78: 122 | V78: 0 | W78: 122 | X78: 11870 | Y78: 0 | Z78: WSWT2025800SM | AA78: 0 | AB78: 0 | AC78: 0 | AD78: 0 | AE78: 0 | AF78: เลาะ 1000+ลบสี400 | AG78: ยังไม่ได้พิมพ์ | AH78: P6 | AI78: 4 | AJ78: รอแจ้ง | AK78: #VALUE! | AL78: #VALUE! | AM78: #VALUE! | AN78: #VALUE! | AO78: #VALUE! | AP78: #VALUE! | AQ78: 0 | AR78: 0 | AS78: 0 | AT78: 0 | AU78: 0 | AV78: 0 | AW78: งานเคลือบ+พิมพ์ | AX78: / | AY78: 0 | AZ78: 0 | BA78: 0 | BB78: 0 | BC78: WRWT25850/WRWT25850 | BD78: 0
A79: ประมาณการ | B79: ประมาณการ | C79: บจก.ไทยธรรมดี | D79: รอแบบ | E79: 20 | F79: 37 | G79: ขาว | H79: ด้าน | I79: 97 | J79: ± | K79: 5 | L79: บิด | M79: ไม่สวมถุงใน | N79: 0 | O79: 0 | P79: 0 | Q79: 0 | R79: 0 | S79: 500กระสอบ | T79: รอแจ้ง | U79: 40000 | V79: 0 | W79: 40000 | X79: 0 | Y79: 42000 | Z79: WSWT2025800SM | AA79: 43027.6 | AB79: 0 | AC79: 43027.6 | AD79: 0 | AE79: 43027.6 | AF79: 0 | AG79: ยังไม่ได้พิมพ์ | AH79: P6 | AI79: 4 | AJ79: รอแจ้ง | AK79: #VALUE! | AL79: #VALUE! | AM79: #VALUE! | AN79: #VALUE! | AO79: #VALUE! | AP79: #VALUE! | AQ79: 0 | AR79: 0 | AS79: 0 | AT79: 0 | AU79: 0 | AV79: 0 | AW79: งานเคลือบ+พิมพ์ | AX79: รอART | AY79: 0 | AZ79: 0 | BA79: 0 | BB79: 0 | BC79: WRWT25850/WRWT25850 | BD79: 3250.9742
A80: 45720 | B80: MK68-000327 | C80: บจก.เอพีเอ็ม อะโกร | D80: ฟีล กู๊ด พี7 | E80: 20 | F80: 38 | G80: ขาว | H80: ใส | I80: 100 | J80: ± | K80: 5 | L80: บิด | M80: ไม่สวมถุงใน | N80: 0 | O80: 0 | P80: 0 | Q80: 0 | R80: 0 | S80: 500กระสอบแบน | T80: รอแจ้ง | U80: 3000 | V80: 0 | W80: 3000 | X80: 0 | Y80: 3150 | Z80: WSWT2025800SM | AA80: 3310.89 | AB80: 0 | AC80: 3310.89 | AD80: 0 | AE80: 3310.89 | AF80: 0 | AG80: ยังไม่ได้พิมพ์ | AH80: P6 | AI80: 4 | AJ80: รอแจ้ง | AK80: #VALUE! | AL80: #VALUE! | AM80: #VALUE! | AN80: #VALUE! | AO80: #VALUE! | AP80: #VALUE! | AQ80: 0 | AR80: 0 | AS80: 0 | AT80: 0 | AU80: 0 | AV80: 0 | AW80: งานเคลือบ+พิมพ์ | AX80: / | AY80: 0 | AZ80: 0 | BA80: 0 | BB80: 0 | BC80: WRWT25850/WRWT25850 | BD80: 250.15613
A81: 45720 | B81: MK68-000326 | C81: บจก.เอพีเอ็ม อะโกร | D81: ฟีล กู๊ด พี5 | E81: 20 | F81: 38 | G81: ขาว | H81: ใส | I81: 100 | J81: ± | K81: 5 | L81: บิด | M81: ไม่สวมถุงใน | N81: 0 | O81: 0 | P81: 0 | Q81: 0 | R81: 0 | S81: 500กระสอบแบน | T81: รอแจ้ง | U81: 3000 | V81: 0 | W81: 3000 | X81: 0 | Y81: 3150 | Z81: WSWT2025800SM | AA81: 3310.89 | AB81: 0 | AC81: 3310.89 | AD81: 0 | AE81: 3310.89 | AF81: 0 | AG81: ยังไม่ได้พิมพ์ | AH81: P6 | AI81: 4 | AJ81: รอแจ้ง | AK81: #VALUE! | AL81: #VALUE! | AM81: #VALUE! | AN81: #VALUE! | AO81: #VALUE! | AP81: #VALUE! | AQ81: 0 | AR81: 0 | AS81: 0 | AT81: 0 | AU81: 0 | AV81: 0 | AW81: งานเคลือบ+พิมพ์ | AX81: / | AY81: 0 | AZ81: 0 | BA81: 0 | BB81: 0 | BC81: WRWT25850/WRWT25850 | BD81: 250.15613
