Workbook

Sheet Linkสูตรออร์เดอร์  (2)
B2: เรียงกำหนดส่ง | D2: ลบ 0 | T2: เรียง 1
B3: ข้อมูลUpdate ณ. วันที่ | D3: 45953 | E3: เวลา | G3: 11.56
A4: วันรับออร์เดอร์/แบบ | B4: เลขที่ SO | C4: ชื่อลูกค้า | E4: 10.3 | I4: น้ำหนัก | L4: บิด/จับจีบ | M4: ถุงใน | Q4: =[1]หน้าผ้า!$AC$13 -> 44873 | S4: วิธีบรรจุ | T4: วันส่ง | U4: จำนวนส่ง | V4: ตัดเย็บ (ใบ) | W4: =[1]หน้าผ้า!$AJ$13 -> 44873 | X4: พิมพ์ (ใบ) | Y4: =[1]หน้าผ้า!$AM$13 -> 44876 | Z4: ผ้าทอ (เมตร) Updateณ | AB4: =[1]หน้าผ้า!$AR$12 -> 44876 | AD4: ผ้าเคลือบ(เมตร) | AF4: หมายเหตุ | AG4: เครื่อง
B5: เลขที่ SO | C5: ชื่อลูกค้า | D5: ตรา | E5: กว้าง | F5: ยาว | G5: สี | H5: เคลือบ | I5: กรัม/ใบ | J5: * | K5: aw | L5: บิด/จับจีบ | M5: กว้าง | N5: ยาว | O5: หนา | P5: ใช้(กก.) | Q5: Stock(กก.) | R5: ผลิต(กก.) | S5: วิธีบรรจุ | T5: วันส่ง | U5: จำนวนส่ง | V5: StockFG | W5: ค้างตัด | X5: พิมพ์แล้ว | Y5: ค้างพิมพ์ | Z5: ประเภท | AA5: ใช้ | AB5: Stock | AC5: ค้างทอ | AD5: Stock | AE5: ค้างเคลือบ | AF5: หมายเหตุ | AG5: ที่พิมพ์ได้ | AH5: process | AI5: Lead time | AJ5: วันที่ส่งPL | AK5: เคลือบ | AL5: ได้ ART | AM5: พิมพ์ | AN5: จีบ-บิด | AO5: ตัด-เย็บ | AP5: ทอ | AQ5: สวมถุง | AR5: เย็บปาก | AS5: PT | AT5: ม้วน | AU5: ตัด | AV5: ตอกตาไก่ | AW5: GROUP | AX5: ART | AY5: หมายเหตุปัญหา | AZ5: ราคา/ใบ | BA5: ราคารวม | BB5: workweek | BC5: เส้นเทป | BD5: จำนวน
A6: =[2]หน้าผ้า!C15 -> 0 | B6: =[2]หน้าผ้า!B15 -> 0 | C6: =[2]หน้าผ้า!E15 -> 0 | D6: =[2]หน้าผ้า!F15 -> 0 | E6: =[2]หน้าผ้า!G15 -> 12 | F6: =[2]หน้าผ้า!H15 -> 16 | G6: =[2]หน้าผ้า!I15 -> ขาว | H6: =[2]หน้าผ้า!J15 -> 0 | I6: =[2]หน้าผ้า!L15 -> 25 | J6: =[2]หน้าผ้า!M15 -> ± | K6: =[2]หน้าผ้า!N15 -> 5 | L6: =[2]หน้าผ้า!R15 -> 0 | M6: =[2]หน้าผ้า!T15 -> 0 | N6: =[2]หน้าผ้า!U15 -> 0 | O6: =[2]หน้าผ้า!V15 -> 0 | P6: =[2]หน้าผ้า!AB15 -> 0 | Q6: =[2]หน้าผ้า!AC15 -> 0 | R6: =[2]หน้าผ้า!AD15 -> 0 | S6: =[2]หน้าผ้า!Z15 -> 0 | T6: =[2]หน้าผ้า!X15 -> 0 | U6: =[2]หน้าผ้า!AA15 -> 0 | V6: =[2]หน้าผ้า!AJ15 -> 0 | W6: =[2]หน้าผ้า!AL15 -> 0 | X6: =[2]หน้าผ้า!AM15 -> 0 | Y6: =[2]หน้าผ้า!AN15 -> 0 | Z6: =[2]หน้าผ้า!AO15 -> WSWT1221750 | AA6: =[2]หน้าผ้า!AQ15 -> #REF! | AB6: =[2]หน้าผ้า!AR15 -> #REF! | AC6: =[2]หน้าผ้า!AS15 -> #REF! | AD6: =[2]หน้าผ้า!AT15 -> #REF! | AE6: =[2]หน้าผ้า!AU15 -> #REF! | AF6: =[2]หน้าผ้า!AI15 -> ระบุในSD | AG6: =[3]หน้าผ้า!DC18 -> < Ord 20,000 | AH6: =[2]หน้าผ้า!DL15 -> 0 | AI6: =[2]หน้าผ้า!DM15 -> 0 | AJ6: =[2]หน้าผ้า!DN15 -> 0 | AK6: =[2]หน้าผ้า!DQ15 -> 0 | AL6: =[2]หน้าผ้า!DR15 -> 0 | AM6: =[2]หน้าผ้า!DS15 -> 0 | AN6: =[2]หน้าผ้า!DT15 -> 0 | AO6: =[2]หน้าผ้า!DU15 -> 0 | AP6: =[2]หน้าผ้า!DP15 -> 0 | AQ6: =[2]หน้าผ้า!DW15 -> 0 | AR6: =[2]หน้าผ้า!DX15 -> 0 | AS6: =[2]หน้าผ้า!DY15 -> 0 | AT6: =[2]หน้าผ้า!DZ15 -> 0 | AU6: =[2]หน้าผ้า!EA15 -> 0 | AV6: =[2]หน้าผ้า!EB15 -> 0 | AW6: =[2]หน้าผ้า!EC15 -> 0 | AX6: =[2]หน้าผ้า!ED15 -> 0 | AY6: =[2]หน้าผ้า!AG15 -> 0 | AZ6: =[2]หน้าผ้า!EG15 -> 0 | BA6: =[2]หน้าผ้า!EH15 -> 0 | BB6: =[2]หน้าผ้า!EI15 -> 0 | BC6: =[2]หน้าผ้า!BZ15 -> WRWT120750/WRWT21750 | BD6: =[2]หน้าผ้า!CA15 -> 0
A7: =[2]หน้าผ้า!C16 -> 45946 | B7: =[2]หน้าผ้า!B16 -> MK68-001239 | C7: =[2]หน้าผ้า!E16 -> หจก.ปึงเป้งน้ำ | D7: =[2]หน้าผ้า!F16 -> เกลือตรามือ 10กก. | E7: =[2]หน้าผ้า!G16 -> 14 | F7: =[2]หน้าผ้า!H16 -> 22 | G7: =[2]หน้าผ้า!I16 -> ขาว | H7: =[2]หน้าผ้า!J16 -> ใส | I7: =[2]หน้าผ้า!L16 -> 42 | J7: =[2]หน้าผ้า!M16 -> ± | K7: =[2]หน้าผ้า!N16 -> 5 | L7: =[2]หน้าผ้า!R16 -> ไม่ | M7: =[2]หน้าผ้า!T16 -> ไม่สวมถุงใน | N7: =[2]หน้าผ้า!U16 -> 0 | O7: =[2]หน้าผ้า!V16 -> 0 | P7: =[2]หน้าผ้า!AB16 -> 0 | Q7: =[2]หน้าผ้า!AC16 -> 0 | R7: =[2]หน้าผ้า!AD16 -> 0 | S7: =[2]หน้าผ้า!Z16 -> 500กระสอบแบน | T7: =[2]หน้าผ้า!X16 -> 45961 | U7: =[2]หน้าผ้า!AA16 -> 10000 | V7: =[2]หน้าผ้า!AJ16 -> 0 | W7: =[2]หน้าผ้า!AL16 -> 10000 | X7: =[2]หน้าผ้า!AM16 -> 0 | Y7: =[2]หน้าผ้า!AN16 -> 10500 | Z7: =[2]หน้าผ้า!AO16 -> WSWT1425800 | AA7: =[2]หน้าผ้า!AQ16 -> 6565.9 | AB7: =[2]หน้าผ้า!AR16 -> 5528 | AC7: =[2]หน้าผ้า!AS16 -> 1037.9 | AD7: =[2]หน้าผ้า!AT16 -> 636 | AE7: =[2]หน้าผ้า!AU16 -> 5929.9 | AF7: =[2]หน้าผ้า!AI16 -> 0 | AG7: =[3]หน้าผ้า!DC19 -> พร้อมส่ง | AH7: =[2]หน้าผ้า!DL16 -> P6 | AI7: =[2]หน้าผ้า!DM16 -> 4 | AJ7: =[2]หน้าผ้า!DN16 -> 45961 | AK7: =[2]หน้าผ้า!DQ16 -> 45957 | AL7: =[2]หน้าผ้า!DR16 -> 45950 | AM7: =[2]หน้าผ้า!DS16 -> 45958 | AN7: =[2]หน้าผ้า!DT16 -> 45959 | AO7: =[2]หน้าผ้า!DU16 -> 45960 | AP7: =[2]หน้าผ้า!DP16 -> 45956 | AQ7: =[2]หน้าผ้า!DW16 -> 0 | AR7: =[2]หน้าผ้า!DX16 -> 0 | AS7: =[2]หน้าผ้า!DY16 -> 0 | AT7: =[2]หน้าผ้า!DZ16 -> 0 | AU7: =[2]หน้าผ้า!EA16 -> 0 | AV7: =[2]หน้าผ้า!EB16 -> 0 | AW7: =[2]หน้าผ้า!EC16 -> งานเคลือบ+พิมพ์ | AX7: =[2]หน้าผ้า!ED16 -> / | AY7: =[2]หน้าผ้า!AG16 -> 0 | AZ7: =[2]หน้าผ้า!EG16 -> 0 | BA7: =[2]หน้าผ้า!EH16 -> 0 | BB7: =[2]หน้าผ้า!EI16 -> 0 | BC7: =[2]หน้าผ้า!BZ16 -> WRWT25800/WRWT25800 | BD7: =[2]หน้าผ้า!CA16 -> 58.1224
A8: =[2]หน้าผ้า!C17 -> 0 | B8: =[2]หน้าผ้า!B17 -> 0 | C8: =[2]หน้าผ้า!E17 -> 0 | D8: =[2]หน้าผ้า!F17 -> 0 | E8: =[2]หน้าผ้า!G17 -> 14 | F8: =[2]หน้าผ้า!H17 -> 22 | G8: =[2]หน้าผ้า!I17 -> ขาว | H8: =[2]หน้าผ้า!J17 -> 0 | I8: =[2]หน้าผ้า!L17 -> 36 | J8: =[2]หน้าผ้า!M17 -> ± | K8: =[2]หน้าผ้า!N17 -> 5 | L8: =[2]หน้าผ้า!R17 -> 0 | M8: =[2]หน้าผ้า!T17 -> 0 | N8: =[2]หน้าผ้า!U17 -> 0 | O8: =[2]หน้าผ้า!V17 -> 0 | P8: =[2]หน้าผ้า!AB17 -> 0 | Q8: =[2]หน้าผ้า!AC17 -> 0 | R8: =[2]หน้าผ้า!AD17 -> 0 | S8: =[2]หน้าผ้า!Z17 -> 0 | T8: =[2]หน้าผ้า!X17 -> 0 | U8: =[2]หน้าผ้า!AA17 -> 0 | V8: =[2]หน้าผ้า!AJ17 -> 0 | W8: =[2]หน้าผ้า!AL17 -> 0 | X8: =[2]หน้าผ้า!AM17 -> 0 | Y8: =[2]หน้าผ้า!AN17 -> 0 | Z8: =[2]หน้าผ้า!AO17 -> WSWT1425800 | AA8: =[2]หน้าผ้า!AQ17 -> 6565.9 | AB8: =[2]หน้าผ้า!AR17 -> 5528 | AC8: =[2]หน้าผ้า!AS17 -> 1037.9 | AD8: =[2]หน้าผ้า!AT17 -> 636 | AE8: =[2]หน้าผ้า!AU17 -> 5929.9 | AF8: =[2]หน้าผ้า!AI17 -> ระบุในSD | AG8: =[3]หน้าผ้า!DC20 -> พร้อมส่ง | AH8: =[2]หน้าผ้า!DL17 -> 0 | AI8: =[2]หน้าผ้า!DM17 -> Lead time | AJ8: =[2]หน้าผ้า!DN17 -> 0 | AK8: =[2]หน้าผ้า!DQ17 -> 0 | AL8: =[2]หน้าผ้า!DR17 -> 0 | AM8: =[2]หน้าผ้า!DS17 -> 0 | AN8: =[2]หน้าผ้า!DT17 -> 0 | AO8: =[2]หน้าผ้า!DU17 -> 0 | AP8: =[2]หน้าผ้า!DP17 -> 0 | AQ8: =[2]หน้าผ้า!DW17 -> 0 | AR8: =[2]หน้าผ้า!DX17 -> 0 | AS8: =[2]หน้าผ้า!DY17 -> 0 | AT8: =[2]หน้าผ้า!DZ17 -> 0 | AU8: =[2]หน้าผ้า!EA17 -> 0 | AV8: =[2]หน้าผ้า!EB17 -> 0 | AW8: =[2]หน้าผ้า!EC17 -> 0 | AX8: =[2]หน้าผ้า!ED17 -> 0 | AY8: =[2]หน้าผ้า!AG17 -> 0 | AZ8: =[2]หน้าผ้า!EG17 -> 0 | BA8: =[2]หน้าผ้า!EH17 -> 0 | BB8: =[2]หน้าผ้า!EI17 -> 0 | BC8: =[2]หน้าผ้า!BZ17 -> WRWT140800/WRWT25800 | BD8: =[2]หน้าผ้า!CA17 -> 0
A9: =[2]หน้าผ้า!C18 -> 0 | B9: =[2]หน้าผ้า!B18 -> 0 | C9: =[2]หน้าผ้า!E18 -> 0 | D9: =[2]หน้าผ้า!F18 | E9: =[2]หน้าผ้า!G18 -> 16 | F9: =[2]หน้าผ้า!H18 -> 25 | G9: =[2]หน้าผ้า!I18 -> ขาว | H9: =[2]หน้าผ้า!J18 -> 0 | I9: =[2]หน้าผ้า!L18 -> 45 | J9: =[2]หน้าผ้า!M18 -> ± | K9: =[2]หน้าผ้า!N18 -> 5 | L9: =[2]หน้าผ้า!R18 -> 0 | M9: =[2]หน้าผ้า!T18 -> 0 | N9: =[2]หน้าผ้า!U18 -> 0 | O9: =[2]หน้าผ้า!V18 -> 0 | P9: =[2]หน้าผ้า!AB18 -> 0 | Q9: =[2]หน้าผ้า!AC18 -> 0 | R9: =[2]หน้าผ้า!AD18 -> 0 | S9: =[2]หน้าผ้า!Z18 -> 0 | T9: =[2]หน้าผ้า!X18 -> 0 | U9: =[2]หน้าผ้า!AA18 -> 0 | V9: =[2]หน้าผ้า!AJ18 -> 0 | W9: =[2]หน้าผ้า!AL18 -> 0 | X9: =[2]หน้าผ้า!AM18 -> 0 | Y9: =[2]หน้าผ้า!AN18 -> 0 | Z9: =[2]หน้าผ้า!AO18 -> WSWT1625800SM | AA9: =[2]หน้าผ้า!AQ18 -> #REF! | AB9: =[2]หน้าผ้า!AR18 -> #REF! | AC9: =[2]หน้าผ้า!AS18 -> #REF! | AD9: =[2]หน้าผ้า!AT18 -> #REF! | AE9: =[2]หน้าผ้า!AU18 -> #REF! | AF9: =[2]หน้าผ้า!AI18 -> ระบุในSD | AG9: =[3]หน้าผ้า!DC21 -> พร้อมส่ง | AH9: =[2]หน้าผ้า!DL18 -> 0 | AI9: =[2]หน้าผ้า!DM18 -> Lead time | AJ9: =[2]หน้าผ้า!DN18 -> 0 | AK9: =[2]หน้าผ้า!DQ18 -> 0 | AL9: =[2]หน้าผ้า!DR18 -> 0 | AM9: =[2]หน้าผ้า!DS18 -> 0 | AN9: =[2]หน้าผ้า!DT18 -> 0 | AO9: =[2]หน้าผ้า!DU18 -> 0 | AP9: =[2]หน้าผ้า!DP18 -> 0 | AQ9: =[2]หน้าผ้า!DW18 -> 0 | AR9: =[2]หน้าผ้า!DX18 -> 0 | AS9: =[2]หน้าผ้า!DY18 -> 0 | AT9: =[2]หน้าผ้า!DZ18 -> 0 | AU9: =[2]หน้าผ้า!EA18 -> 0 | AV9: =[2]หน้าผ้า!EB18 -> 0 | AW9: =[2]หน้าผ้า!EC18 -> 0 | AX9: =[2]หน้าผ้า!ED18 -> 0 | AY9: =[2]หน้าผ้า!AG18 -> 0 | AZ9: =[2]หน้าผ้า!EG18 -> 0 | BA9: =[2]หน้าผ้า!EH18 -> 0 | BB9: =[2]หน้าผ้า!EI18 -> 0 | BC9: =[2]หน้าผ้า!BZ18 -> WRWT160800/WRWT25800 | BD9: =[2]หน้าผ้า!CA18 -> 0
A10: =[2]หน้าผ้า!C19 -> ประมาณการ | B10: =[2]หน้าผ้า!B19 -> ประมาณการ | C10: =[2]หน้าผ้า!E19 -> บจก.เคอรี่ฟลาวมิลล์ | D10: =[2]หน้าผ้า!F19 -> โบว์แดง 10กก | E10: =[2]หน้าผ้า!G19 -> 16 | F10: =[2]หน้าผ้า!H19 -> 25 | G10: =[2]หน้าผ้า!I19 -> ขาว | H10: =[2]หน้าผ้า!J19 -> 0 | I10: =[2]หน้าผ้า!L19 -> 45 | J10: =[2]หน้าผ้า!M19 -> ± | K10: =[2]หน้าผ้า!N19 -> 5 | L10: =[2]หน้าผ้า!R19 -> ไม่ | M10: =[2]หน้าผ้า!T19 -> ไม่สวมถุงใน | N10: =[2]หน้าผ้า!U19 -> 0 | O10: =[2]หน้าผ้า!V19 -> 0 | P10: =[2]หน้าผ้า!AB19 -> 0 | Q10: =[2]หน้าผ้า!AC19 -> 0 | R10: =[2]หน้าผ้า!AD19 -> 0 | S10: =[2]หน้าผ้า!Z19 -> ห่ออัดเบลแบน500 | T10: =[2]หน้าผ้า!X19 -> รอแจ้ง | U10: =[2]หน้าผ้า!AA19 -> 5000 | V10: =[2]หน้าผ้า!AJ19 -> 5000 | W10: =[2]หน้าผ้า!AL19 -> 0 | X10: =[2]หน้าผ้า!AM19 -> 5370 | Y10: =[2]หน้าผ้า!AN19 -> 0 | Z10: =[2]หน้าผ้า!AO19 -> WSWT1625800 | AA10: =[2]หน้าผ้า!AQ19 -> 0 | AB10: =[2]หน้าผ้า!AR19 -> 0 | AC10: =[2]หน้าผ้า!AS19 -> 0 | AD10: =[2]หน้าผ้า!AT19 -> 0 | AE10: =[2]หน้าผ้า!AU19 -> 0 | AF10: =[2]หน้าผ้า!AI19 -> 0 | AG10: =[3]หน้าผ้า!DC22 -> พร้อมส่ง | AH10: =[2]หน้าผ้า!DL19 -> P7 | AI10: =[2]หน้าผ้า!DM19 -> 2 | AJ10: =[2]หน้าผ้า!DN19 -> รอแจ้ง | AK10: =[2]หน้าผ้า!DQ19 -> 0 | AL10: =[2]หน้าผ้า!DR19 -> #VALUE! | AM10: =[2]หน้าผ้า!DS19 -> #VALUE! | AN10: =[2]หน้าผ้า!DT19 -> #VALUE! | AO10: =[2]หน้าผ้า!DU19 -> #VALUE! | AP10: =[2]หน้าผ้า!DP19 -> #VALUE! | AQ10: =[2]หน้าผ้า!DW19 -> 0 | AR10: =[2]หน้าผ้า!DX19 -> 0 | AS10: =[2]หน้าผ้า!DY19 -> 0 | AT10: =[2]หน้าผ้า!DZ19 -> 0 | AU10: =[2]หน้าผ้า!EA19 -> 0 | AV10: =[2]หน้าผ้า!EB19 -> 0 | AW10: =[2]หน้าผ้า!EC19 -> งานพิมพ์ | AX10: =[2]หน้าผ้า!ED19 -> / | AY10: =[2]หน้าผ้า!AG19 -> รอเก็บลบสีผสม | AZ10: =[2]หน้าผ้า!EG19 -> 0 | BA10: =[2]หน้าผ้า!EH19 -> 0 | BB10: =[2]หน้าผ้า!EI19 -> 0 | BC10: =[2]หน้าผ้า!BZ19 -> WRWT25800/WRWT25800 | BD10: =[2]หน้าผ้า!CA19 -> 0
A11: =[2]หน้าผ้า!C20 -> 0 | B11: =[2]หน้าผ้า!B20 -> 0 | C11: =[2]หน้าผ้า!E20 -> 0 | D11: =[2]หน้าผ้า!F20 -> 0 | E11: =[2]หน้าผ้า!G20 -> 16 | F11: =[2]หน้าผ้า!H20 -> 25 | G11: =[2]หน้าผ้า!I20 -> ขาว | H11: =[2]หน้าผ้า!J20 -> 0 | I11: =[2]หน้าผ้า!L20 -> 45 | J11: =[2]หน้าผ้า!M20 -> ± | K11: =[2]หน้าผ้า!N20 -> 5 | L11: =[2]หน้าผ้า!R20 -> 0 | M11: =[2]หน้าผ้า!T20 -> 0 | N11: =[2]หน้าผ้า!U20 -> 0 | O11: =[2]หน้าผ้า!V20 -> 0 | P11: =[2]หน้าผ้า!AB20 -> 0 | Q11: =[2]หน้าผ้า!AC20 -> 0 | R11: =[2]หน้าผ้า!AD20 -> 0 | S11: =[2]หน้าผ้า!Z20 -> 0 | T11: =[2]หน้าผ้า!X20 -> 0 | U11: =[2]หน้าผ้า!AA20 -> 0 | V11: =[2]หน้าผ้า!AJ20 -> 0 | W11: =[2]หน้าผ้า!AL20 -> 0 | X11: =[2]หน้าผ้า!AM20 -> 0 | Y11: =[2]หน้าผ้า!AN20 -> 0 | Z11: =[2]หน้าผ้า!AO20 -> WSWT1625800 | AA11: =[2]หน้าผ้า!AQ20 -> 0 | AB11: =[2]หน้าผ้า!AR20 -> 0 | AC11: =[2]หน้าผ้า!AS20 -> 0 | AD11: =[2]หน้าผ้า!AT20 -> 0 | AE11: =[2]หน้าผ้า!AU20 -> 0 | AF11: =[2]หน้าผ้า!AI20 -> ระบุในSD | AG11: =[3]หน้าผ้า!DC23 -> ยังไม่ได้พิมพ์ | AH11: =[2]หน้าผ้า!DL20 -> 0 | AI11: =[2]หน้าผ้า!DM20 -> Lead time | AJ11: =[2]หน้าผ้า!DN20 -> 0 | AK11: =[2]หน้าผ้า!DQ20 -> 0 | AL11: =[2]หน้าผ้า!DR20 -> 0 | AM11: =[2]หน้าผ้า!DS20 -> 0 | AN11: =[2]หน้าผ้า!DT20 -> 0 | AO11: =[2]หน้าผ้า!DU20 -> 0 | AP11: =[2]หน้าผ้า!DP20 -> 0 | AQ11: =[2]หน้าผ้า!DW20 -> 0 | AR11: =[2]หน้าผ้า!DX20 -> 0 | AS11: =[2]หน้าผ้า!DY20 -> 0 | AT11: =[2]หน้าผ้า!DZ20 -> 0 | AU11: =[2]หน้าผ้า!EA20 -> 0 | AV11: =[2]หน้าผ้า!EB20 -> 0 | AW11: =[2]หน้าผ้า!EC20 -> 0 | AX11: =[2]หน้าผ้า!ED20 -> 0 | AY11: =[2]หน้าผ้า!AG20 -> 0 | AZ11: =[2]หน้าผ้า!EG20 -> 0 | BA11: =[2]หน้าผ้า!EH20 -> 0 | BB11: =[2]หน้าผ้า!EI20 -> 0 | BC11: =[2]หน้าผ้า!BZ20 -> WRWT160800/WRWT25800 | BD11: =[2]หน้าผ้า!CA20 -> 0
A12: =[2]หน้าผ้า!C21 -> 0 | B12: =[2]หน้าผ้า!B21 -> 0 | C12: =[2]หน้าผ้า!E21 -> 0 | D12: =[2]หน้าผ้า!F21 -> 0 | E12: =[2]หน้าผ้า!G21 -> 16 | F12: =[2]หน้าผ้า!H21 -> 25 | G12: =[2]หน้าผ้า!I21 -> 0 | H12: =[2]หน้าผ้า!J21 -> 0 | I12: =[2]หน้าผ้า!L21 -> 47 | J12: =[2]หน้าผ้า!M21 -> ± | K12: =[2]หน้าผ้า!N21 -> 5 | L12: =[2]หน้าผ้า!R21 -> 0 | M12: =[2]หน้าผ้า!T21 -> 0 | N12: =[2]หน้าผ้า!U21 -> 0 | O12: =[2]หน้าผ้า!V21 -> 0 | P12: =[2]หน้าผ้า!AB21 -> 0 | Q12: =[2]หน้าผ้า!AC21 -> 0 | R12: =[2]หน้าผ้า!AD21 -> 0 | S12: =[2]หน้าผ้า!Z21 -> 0 | T12: =[2]หน้าผ้า!X21 -> 0 | U12: =[2]หน้าผ้า!AA21 -> 0 | V12: =[2]หน้าผ้า!AJ21 -> 0 | W12: =[2]หน้าผ้า!AL21 -> 0 | X12: =[2]หน้าผ้า!AM21 -> 0 | Y12: =[2]หน้าผ้า!AN21 -> 0 | Z12: =[2]หน้าผ้า!AO21 -> WSWT1621720SMFX | AA12: =[2]หน้าผ้า!AQ21 -> #REF! | AB12: =[2]หน้าผ้า!AR21 -> #REF! | AC12: =[2]หน้าผ้า!AS21 -> #REF! | AD12: =[2]หน้าผ้า!AT21 -> #REF! | AE12: =[2]หน้าผ้า!AU21 -> #REF! | AF12: =[2]หน้าผ้า!AI21 -> ระบุในSD | AG12: =[3]หน้าผ้า!DC24 -> พิมพ์ไม่ครบ | AH12: =[2]หน้าผ้า!DL21 -> 0 | AI12: =[2]หน้าผ้า!DM21 -> 0 | AJ12: =[2]หน้าผ้า!DN21 -> 0 | AK12: =[2]หน้าผ้า!DQ21 -> 0 | AL12: =[2]หน้าผ้า!DR21 -> 0 | AM12: =[2]หน้าผ้า!DS21 -> 0 | AN12: =[2]หน้าผ้า!DT21 -> 0 | AO12: =[2]หน้าผ้า!DU21 -> 0 | AP12: =[2]หน้าผ้า!DP21 -> 0 | AQ12: =[2]หน้าผ้า!DW21 -> 0 | AR12: =[2]หน้าผ้า!DX21 -> 0 | AS12: =[2]หน้าผ้า!DY21 -> 0 | AT12: =[2]หน้าผ้า!DZ21 -> 0 | AU12: =[2]หน้าผ้า!EA21 -> 0 | AV12: =[2]หน้าผ้า!EB21 -> 0 | AW12: =[2]หน้าผ้า!EC21 -> 0 | AX12: =[2]หน้าผ้า!ED21 -> 0 | AY12: =[2]หน้าผ้า!AG21 -> 0 | AZ12: =[2]หน้าผ้า!EG21 -> 0 | BA12: =[2]หน้าผ้า!EH21 -> 0 | BB12: =[2]หน้าผ้า!EI21 -> 0 | BC12: =[2]หน้าผ้า!BZ21 -> WRWT160720/WRWT21720 | BD12: =[2]หน้าผ้า!CA21 -> 0
A13: =[2]หน้าผ้า!C22 -> 0 | B13: =[2]หน้าผ้า!B22 -> 0 | C13: =[2]หน้าผ้า!E22 -> 0 | D13: =[2]หน้าผ้า!F22 -> 0 | E13: =[2]หน้าผ้า!G22 -> 17 | F13: =[2]หน้าผ้า!H22 -> 26 | G13: =[2]หน้าผ้า!I22 -> 0 | H13: =[2]หน้าผ้า!J22 -> 0 | I13: =[2]หน้าผ้า!L22 -> 48 | J13: =[2]หน้าผ้า!M22 -> ± | K13: =[2]หน้าผ้า!N22 -> 5 | L13: =[2]หน้าผ้า!R22 -> 0 | M13: =[2]หน้าผ้า!T22 -> 0 | N13: =[2]หน้าผ้า!U22 -> 0 | O13: =[2]หน้าผ้า!V22 -> 0 | P13: =[2]หน้าผ้า!AB22 -> 0 | Q13: =[2]หน้าผ้า!AC22 -> 0 | R13: =[2]หน้าผ้า!AD22 -> 0 | S13: =[2]หน้าผ้า!Z22 -> 0 | T13: =[2]หน้าผ้า!X22 -> 0 | U13: =[2]หน้าผ้า!AA22 -> 0 | V13: =[2]หน้าผ้า!AJ22 -> 0 | W13: =[2]หน้าผ้า!AL22 -> 0 | X13: =[2]หน้าผ้า!AM22 -> 0 | Y13: =[2]หน้าผ้า!AN22 -> 0 | Z13: =[2]หน้าผ้า!AO22 -> WSWT1725800 | AA13: =[2]หน้าผ้า!AQ22 -> #REF! | AB13: =[2]หน้าผ้า!AR22 -> #REF! | AC13: =[2]หน้าผ้า!AS22 -> #REF! | AD13: =[2]หน้าผ้า!AT22 -> #REF! | AE13: =[2]หน้าผ้า!AU22 -> #REF! | AF13: =[2]หน้าผ้า!AI22 -> ระบุในSD | AG13: =[3]หน้าผ้า!DC25 -> ผ้าขาว | AH13: =[2]หน้าผ้า!DL22 -> 0 | AI13: =[2]หน้าผ้า!DM22 -> 0 | AJ13: =[2]หน้าผ้า!DN22 -> 0 | AK13: =[2]หน้าผ้า!DQ22 -> 0 | AL13: =[2]หน้าผ้า!DR22 -> 0 | AM13: =[2]หน้าผ้า!DS22 -> 0 | AN13: =[2]หน้าผ้า!DT22 -> 0 | AO13: =[2]หน้าผ้า!DU22 -> 0 | AP13: =[2]หน้าผ้า!DP22 -> 0 | AQ13: =[2]หน้าผ้า!DW22 -> 0 | AR13: =[2]หน้าผ้า!DX22 -> 0 | AS13: =[2]หน้าผ้า!DY22 -> 0 | AT13: =[2]หน้าผ้า!DZ22 -> 0 | AU13: =[2]หน้าผ้า!EA22 -> 0 | AV13: =[2]หน้าผ้า!EB22 -> 0 | AW13: =[2]หน้าผ้า!EC22 -> 0 | AX13: =[2]หน้าผ้า!ED22 -> 0 | AY13: =[2]หน้าผ้า!AG22 -> 0 | AZ13: =[2]หน้าผ้า!EG22 -> 0 | BA13: =[2]หน้าผ้า!EH22 -> 0 | BB13: =[2]หน้าผ้า!EI22 -> 0 | BC13: =[2]หน้าผ้า!BZ22 -> WRWT170800/WRWT25800 | BD13: =[2]หน้าผ้า!CA22 -> 0
A14: =[2]หน้าผ้า!C23 -> 45950 | B14: =[2]หน้าผ้า!B23 -> MK68-001247 | C14: =[2]หน้าผ้า!E23 -> บจก.ฟาเธอร์ส วิง ซัพพลาย | D14: =[2]หน้าผ้า!F23 -> รถไฟฟ้า | E14: =[2]หน้าผ้า!G23 -> 18 | F14: =[2]หน้าผ้า!H23 -> 30 | G14: =[2]หน้าผ้า!I23 -> ขาว | H14: =[2]หน้าผ้า!J23 -> 0 | I14: =[2]หน้าผ้า!L23 -> 54 | J14: =[2]หน้าผ้า!M23 -> ± | K14: =[2]หน้าผ้า!N23 -> 5 | L14: =[2]หน้าผ้า!R23 -> บิด | M14: =[2]หน้าผ้า!T23 -> 19 | N14: =[2]หน้าผ้า!U23 -> 33 | O14: =[2]หน้าผ้า!V23 -> 40 | P14: =[2]หน้าผ้า!AB23 -> 77.343329 | Q14: =[2]หน้าผ้า!AC23 -> 0 | R14: =[2]หน้าผ้า!AD23 -> 77.343329 | S14: =[2]หน้าผ้า!Z23 -> 500กระสอบ | T14: =[2]หน้าผ้า!X23 -> 45961 | U14: =[2]หน้าผ้า!AA23 -> 5000 | V14: =[2]หน้าผ้า!AJ23 -> 0 | W14: =[2]หน้าผ้า!AL23 -> 5000 | X14: =[2]หน้าผ้า!AM23 -> 0 | Y14: =[2]หน้าผ้า!AN23 -> 5250 | Z14: =[2]หน้าผ้า!AO23 -> WSWT1825800 | AA14: =[2]หน้าผ้า!AQ23 -> 4400.55 | AB14: =[2]หน้าผ้า!AR23 -> 4400.55 | AC14: =[2]หน้าผ้า!AS23 -> 0 | AD14: =[2]หน้าผ้า!AT23 -> 0 | AE14: =[2]หน้าผ้า!AU23 -> 0 | AF14: =[2]หน้าผ้า!AI23 -> 0 | AG14: =[3]หน้าผ้า!DC26 -> ยังไม่ได้พิมพ์ | AH14: =[2]หน้าผ้า!DL23 -> P9 | AI14: =[2]หน้าผ้า!DM23 -> 3 | AJ14: =[2]หน้าผ้า!DN23 -> 45961 | AK14: =[2]หน้าผ้า!DQ23 -> 0 | AL14: =[2]หน้าผ้า!DR23 -> 45951 | AM14: =[2]หน้าผ้า!DS23 -> 45958 | AN14: =[2]หน้าผ้า!DT23 -> 45959 | AO14: =[2]หน้าผ้า!DU23 -> 45959 | AP14: =[2]หน้าผ้า!DP23 -> 45956 | AQ14: =[2]หน้าผ้า!DW23 -> 45960 | AR14: =[2]หน้าผ้า!DX23 -> 0 | AS14: =[2]หน้าผ้า!DY23 -> 0 | AT14: =[2]หน้าผ้า!DZ23 -> 0 | AU14: =[2]หน้าผ้า!EA23 -> 0 | AV14: =[2]หน้าผ้า!EB23 -> 0 | AW14: =[2]หน้าผ้า!EC23 -> งานพิมพ์ | AX14: =[2]หน้าผ้า!ED23 -> / | AY14: =[2]หน้าผ้า!AG23 -> 0 | AZ14: =[2]หน้าผ้า!EG23 -> 0 | BA14: =[2]หน้าผ้า!EH23 -> 0 | BB14: =[2]หน้าผ้า!EI23 -> 0 | BC14: =[2]หน้าผ้า!BZ23 -> WRWT25800/WRWT25800 | BD14: =[2]หน้าผ้า!CA23 -> 0
A15: =[2]หน้าผ้า!C24 -> 45950 | B15: =[2]หน้าผ้า!B24 -> MK68-001247 | C15: =[2]หน้าผ้า!E24 -> บจก.ฟาเธอร์ส วิง ซัพพลาย | D15: =[2]หน้าผ้า!F24 -> รถไฟฟ้าปูนขาวเย็น | E15: =[2]หน้าผ้า!G24 -> 18 | F15: =[2]หน้าผ้า!H24 -> 30 | G15: =[2]หน้าผ้า!I24 -> ขาว | H15: =[2]หน้าผ้า!J24 -> 0 | I15: =[2]หน้าผ้า!L24 -> 54 | J15: =[2]หน้าผ้า!M24 -> ± | K15: =[2]หน้าผ้า!N24 -> 5 | L15: =[2]หน้าผ้า!R24 -> บิด | M15: =[2]หน้าผ้า!T24 -> 19 | N15: =[2]หน้าผ้า!U24 -> 33 | O15: =[2]หน้าผ้า!V24 -> 40 | P15: =[2]หน้าผ้า!AB24 -> 309.37332 | Q15: =[2]หน้าผ้า!AC24 -> 0 | R15: =[2]หน้าผ้า!AD24 -> 309.37332 | S15: =[2]หน้าผ้า!Z24 -> 500กระสอบ | T15: =[2]หน้าผ้า!X24 -> 45961 | U15: =[2]หน้าผ้า!AA24 -> 20000 | V15: =[2]หน้าผ้า!AJ24 -> 0 | W15: =[2]หน้าผ้า!AL24 -> 20000 | X15: =[2]หน้าผ้า!AM24 -> 5520 | Y15: =[2]หน้าผ้า!AN24 -> 15204 | Z15: =[2]หน้าผ้า!AO24 -> WSWT1825800 | AA15: =[2]หน้าผ้า!AQ24 -> 13381.192 | AB15: =[2]หน้าผ้า!AR24 -> 13381.192 | AC15: =[2]หน้าผ้า!AS24 -> 0 | AD15: =[2]หน้าผ้า!AT24 -> 0 | AE15: =[2]หน้าผ้า!AU24 -> 0 | AF15: =[2]หน้าผ้า!AI24 -> 0 | AG15: =[3]หน้าผ้า!DC27 -> ยังไม่ได้พิมพ์ | AH15: =[2]หน้าผ้า!DL24 -> P9 | AI15: =[2]หน้าผ้า!DM24 -> 3 | AJ15: =[2]หน้าผ้า!DN24 -> 45961 | AK15: =[2]หน้าผ้า!DQ24 -> 0 | AL15: =[2]หน้าผ้า!DR24 -> 45951 | AM15: =[2]หน้าผ้า!DS24 -> 45958 | AN15: =[2]หน้าผ้า!DT24 -> 45959 | AO15: =[2]หน้าผ้า!DU24 -> 45959 | AP15: =[2]หน้าผ้า!DP24 -> 45956 | AQ15: =[2]หน้าผ้า!DW24 -> 45960 | AR15: =[2]หน้าผ้า!DX24 -> 0 | AS15: =[2]หน้าผ้า!DY24 -> 0 | AT15: =[2]หน้าผ้า!DZ24 -> 0 | AU15: =[2]หน้าผ้า!EA24 -> 0 | AV15: =[2]หน้าผ้า!EB24 -> 0 | AW15: =[2]หน้าผ้า!EC24 -> งานพิมพ์ | AX15: =[2]หน้าผ้า!ED24 -> / | AY15: =[2]หน้าผ้า!AG24 -> 0 | AZ15: =[2]หน้าผ้า!EG24 -> 0 | BA15: =[2]หน้าผ้า!EH24 -> 0 | BB15: =[2]หน้าผ้า!EI24 -> 0 | BC15: =[2]หน้าผ้า!BZ24 -> WRWT25800/WRWT25800 | BD15: =[2]หน้าผ้า!CA24 -> 0
A16: =[2]หน้าผ้า!C25 -> 45950 | B16: =[2]หน้าผ้า!B25 -> MK68-001247 | C16: =[2]หน้าผ้า!E25 -> บจก.ฟาเธอร์ส วิง ซัพพลาย | D16: =[2]หน้าผ้า!F25 -> ไม่พิมพ์ | E16: =[2]หน้าผ้า!G25 -> 18 | F16: =[2]หน้าผ้า!H25 -> 30 | G16: =[2]หน้าผ้า!I25 -> ขาว | H16: =[2]หน้าผ้า!J25 -> 0 | I16: =[2]หน้าผ้า!L25 -> 54 | J16: =[2]หน้าผ้า!M25 -> ± | K16: =[2]หน้าผ้า!N25 -> 5 | L16: =[2]หน้าผ้า!R25 -> ไม่ | M16: =[2]หน้าผ้า!T25 -> 19 | N16: =[2]หน้าผ้า!U25 -> 33 | O16: =[2]หน้าผ้า!V25 -> 40 | P16: =[2]หน้าผ้า!AB25 -> 46.405998 | Q16: =[2]หน้าผ้า!AC25 -> 0 | R16: =[2]หน้าผ้า!AD25 -> 46.405998 | S16: =[2]หน้าผ้า!Z25 -> 500กระสอบ | T16: =[2]หน้าผ้า!X25 -> 45961 | U16: =[2]หน้าผ้า!AA25 -> 3000 | V16: =[2]หน้าผ้า!AJ25 -> 0 | W16: =[2]หน้าผ้า!AL25 -> 3000 | X16: =[2]หน้าผ้า!AM25 -> 0 | Y16: =[2]หน้าผ้า!AN25 -> 0 | Z16: =[2]หน้าผ้า!AO25 -> WSWT1825800 | AA16: =[2]หน้าผ้า!AQ25 -> 2640.33 | AB16: =[2]หน้าผ้า!AR25 -> 2640.33 | AC16: =[2]หน้าผ้า!AS25 -> 0 | AD16: =[2]หน้าผ้า!AT25 -> 0 | AE16: =[2]หน้าผ้า!AU25 -> 0 | AF16: =[2]หน้าผ้า!AI25 -> 0 | AG16: =[3]หน้าผ้า!DC28 -> ยังไม่ได้พิมพ์ | AH16: =[2]หน้าผ้า!DL25 -> P9 | AI16: =[2]หน้าผ้า!DM25 -> 3 | AJ16: =[2]หน้าผ้า!DN25 -> 45961 | AK16: =[2]หน้าผ้า!DQ25 -> 0 | AL16: =[2]หน้าผ้า!DR25 -> 0 | AM16: =[2]หน้าผ้า!DS25 -> 0 | AN16: =[2]หน้าผ้า!DT25 -> 0 | AO16: =[2]หน้าผ้า!DU25 -> 45957 | AP16: =[2]หน้าผ้า!DP25 -> 45956 | AQ16: =[2]หน้าผ้า!DW25 -> 45958 | AR16: =[2]หน้าผ้า!DX25 -> 0 | AS16: =[2]หน้าผ้า!DY25 -> 0 | AT16: =[2]หน้าผ้า!DZ25 -> 0 | AU16: =[2]หน้าผ้า!EA25 -> 0 | AV16: =[2]หน้าผ้า!EB25 -> 0 | AW16: =[2]หน้าผ้า!EC25 -> ตัด | AX16: =[2]หน้าผ้า!ED25 -> 0 | AY16: =[2]หน้าผ้า!AG25 -> 0 | AZ16: =[2]หน้าผ้า!EG25 -> 0 | BA16: =[2]หน้าผ้า!EH25 -> 0 | BB16: =[2]หน้าผ้า!EI25 -> 0 | BC16: =[2]หน้าผ้า!BZ25 -> WRWT25800/WRWT25800 | BD16: =[2]หน้าผ้า!CA25 -> 0
A17: =[2]หน้าผ้า!C26 -> 0 | B17: =[2]หน้าผ้า!B26 -> ใบรับคำสั่งซื้อ | C17: =[2]หน้าผ้า!E26 -> บจก.ซีแมน | D17: =[2]หน้าผ้า!F26 -> Y30 | E17: =[2]หน้าผ้า!G26 -> 18 | F17: =[2]หน้าผ้า!H26 -> 25 | G17: =[2]หน้าผ้า!I26 -> ขาว | H17: =[2]หน้าผ้า!J26 -> 0 | I17: =[2]หน้าผ้า!L26 -> 50 | J17: =[2]หน้าผ้า!M26 -> ± | K17: =[2]หน้าผ้า!N26 -> 5 | L17: =[2]หน้าผ้า!R26 -> ไม่ | M17: =[2]หน้าผ้า!T26 -> 20 | N17: =[2]หน้าผ้า!U26 -> 27 | O17: =[2]หน้าผ้า!V26 -> 90 | P17: =[2]หน้าผ้า!AB26 -> 299.75166 | Q17: =[2]หน้าผ้า!AC26 -> 0 | R17: =[2]หน้าผ้า!AD26 -> 299.75166 | S17: =[2]หน้าผ้า!Z26 -> มัด100 | T17: =[2]หน้าผ้า!X26 -> 45961 | U17: =[2]หน้าผ้า!AA26 -> 10000 | V17: =[2]หน้าผ้า!AJ26 -> 0 | W17: =[2]หน้าผ้า!AL26 -> 10000 | X17: =[2]หน้าผ้า!AM26 -> 0 | Y17: =[2]หน้าผ้า!AN26 -> 10500 | Z17: =[2]หน้าผ้า!AO26 -> WSWT1825800 | AA17: =[2]หน้าผ้า!AQ26 -> 7404.1 | AB17: =[2]หน้าผ้า!AR26 -> 0 | AC17: =[2]หน้าผ้า!AS26 -> 7404.1 | AD17: =[2]หน้าผ้า!AT26 -> 0 | AE17: =[2]หน้าผ้า!AU26 -> 0 | AF17: =[2]หน้าผ้า!AI26 -> 0 | AG17: =[3]หน้าผ้า!DC29 -> ยังไม่ได้พิมพ์ | AH17: =[2]หน้าผ้า!DL26 -> P9 | AI17: =[2]หน้าผ้า!DM26 -> 3 | AJ17: =[2]หน้าผ้า!DN26 -> 45961 | AK17: =[2]หน้าผ้า!DQ26 -> 0 | AL17: =[2]หน้าผ้า!DR26 -> 45951 | AM17: =[2]หน้าผ้า!DS26 -> 45958 | AN17: =[2]หน้าผ้า!DT26 -> 45959 | AO17: =[2]หน้าผ้า!DU26 -> 45959 | AP17: =[2]หน้าผ้า!DP26 -> 45956 | AQ17: =[2]หน้าผ้า!DW26 -> 45960 | AR17: =[2]หน้าผ้า!DX26 -> 0 | AS17: =[2]หน้าผ้า!DY26 -> 0 | AT17: =[2]หน้าผ้า!DZ26 -> 0 | AU17: =[2]หน้าผ้า!EA26 -> 0 | AV17: =[2]หน้าผ้า!EB26 -> 0 | AW17: =[2]หน้าผ้า!EC26 -> งานพิมพ์ | AX17: =[2]หน้าผ้า!ED26 -> 0 | AY17: =[2]หน้าผ้า!AG26 -> 0 | AZ17: =[2]หน้าผ้า!EG26 -> 0 | BA17: =[2]หน้าผ้า!EH26 -> 0 | BB17: =[2]หน้าผ้า!EI26 -> 0 | BC17: =[2]หน้าผ้า!BZ26 -> WRWT25800/WRWT25800 | BD17: =[2]หน้าผ้า!CA26 -> 509.40208
... A575: =[2]หน้าผ้า!C584 -> 0 | B575: =[2]หน้าผ้า!B584 -> 0 | C575: =[2]หน้าผ้า!E584 -> 0 | D575: =[2]หน้าผ้า!F584 -> 0 | E575: =[2]หน้าผ้า!G584 -> 0 | F575: =[2]หน้าผ้า!H584 -> 0 | G575: =[2]หน้าผ้า!I584 -> 0 | H575: =[2]หน้าผ้า!J584 -> 0 | I575: =[2]หน้าผ้า!L584 -> 0 | J575: =[2]หน้าผ้า!M584 -> 0 | K575: =[2]หน้าผ้า!N584 -> 0 | L575: =[2]หน้าผ้า!R584 -> 0 | M575: =[2]หน้าผ้า!T584 -> 0 | N575: =[2]หน้าผ้า!U584 -> 0 | O575: =[2]หน้าผ้า!V584 -> 0 | P575: =[2]หน้าผ้า!AB584 -> 0 | Q575: =[2]หน้าผ้า!AC584 -> 0 | R575: =[2]หน้าผ้า!AD584 -> 0 | S575: =[2]หน้าผ้า!Z584 -> 0 | T575: =[2]หน้าผ้า!X584 -> 0 | U575: =[2]หน้าผ้า!AA584 -> 0 | V575: =[2]หน้าผ้า!AJ584 -> 0 | W575: =[2]หน้าผ้า!AL584 -> 0 | X575: =[2]หน้าผ้า!AM584 -> 0 | Y575: =[2]หน้าผ้า!AN584 -> 0 | Z575: =[2]หน้าผ้า!AO584 -> 0 | AA575: =[2]หน้าผ้า!AQ584 -> 0 | AB575: =[2]หน้าผ้า!AR584 -> 0 | AC575: =[2]หน้าผ้า!AS584 -> 0 | AD575: =[2]หน้าผ้า!AT584 -> 0 | AE575: =[2]หน้าผ้า!AU584 -> 0 | AF575: =[2]หน้าผ้า!AI584 -> 0 | AG575: =[3]หน้าผ้า!DC587 -> 0 | AH575: =[2]หน้าผ้า!DL584 -> 0 | AI575: =[2]หน้าผ้า!DM584 -> 0 | AJ575: =[2]หน้าผ้า!DN584 -> 0 | AK575: =[2]หน้าผ้า!DQ584 -> 0 | AL575: =[2]หน้าผ้า!DR584 -> 0 | AM575: =[2]หน้าผ้า!DS584 -> 0 | AN575: =[2]หน้าผ้า!DT584 -> 0 | AO575: =[2]หน้าผ้า!DU584 -> 0 | AP575: =[2]หน้าผ้า!DP584 -> 0 | AQ575: =[2]หน้าผ้า!DW584 -> 0 | AR575: =[2]หน้าผ้า!DX584 -> 0 | AS575: =[2]หน้าผ้า!DY584 -> 0 | AT575: =[2]หน้าผ้า!DZ584 -> 0 | AU575: =[2]หน้าผ้า!EA584 -> 0 | AV575: =[2]หน้าผ้า!EB584 -> 0 | AW575: =[2]หน้าผ้า!EC584 -> 0 | AX575: =[2]หน้าผ้า!ED584 -> 0 | AY575: =[2]หน้าผ้า!AG584 -> 0 | AZ575: =[2]หน้าผ้า!EG584 -> 0 | BA575: =[2]หน้าผ้า!EH584 -> 0 | BB575: =[2]หน้าผ้า!EI584 -> 0 | BC575: =[2]หน้าผ้า!BZ584 -> 0 | BD575: =[2]หน้าผ้า!CA584 -> 0

Sheet 9(Order+FC)
A2: เลขที่ SO | B2: (หลายรายการ)
A3: วันส่ง | B3: (หลายรายการ)
A4: ชื่อลูกค้า | B4: (ทั้งหมด)
K5: 9
A6: ประเภท | B6: ผลรวม ของ จำนวนส่ง | C6: ผลรวม ของ ค้างพิมพ์ | D6: ผลรวม ของ ค้างตัด | E6: ผลรวม ของ ใช้ | F6: ผลรวม ของ Stock | G6: ผลรวม ของ ค้างทอ
A7: WSWT1921720 | B7: 205000 | C7: 0 | D7: 30000 | E7: 0 | F7: 0 | G7: 0 | H7: =+J7-I7 -> 0 | J7: =G7 -> 0
A8: WSWT19251000SM | B8: 5040 | C8: 5292 | D8: 5040 | E8: 4999.0248 | F8: 4999.0248 | G8: 0 | H8: =+J8-I8 -> 0 | J8: =G8 -> 0
A9: WSWT1925800 | B9: 20000 | C9: 21000 | D9: 20000 | E9: 17602.2 | F9: 17602.2 | G9: 0 | H9: =+J9-I9 -> 0 | J9: =G9 -> 0
A10: WSWT2025800 | B10: 89360 | C10: 84000 | D10: 86360 | E10: 83820 | F10: 83820 | G10: 0 | H10: =+J10-I10 -> 0 | J10: =G10 -> 0
A11: WSWT2025800SM | B11: 171120 | C11: 68376 | D11: 72271 | E11: 70323.862 | F11: 70323.862 | G11: 0 | H11: =+J11-I11 -> 0 | J11: =G11 -> 0
A12: WSWT2121670SM | B12: 85000 | C12: 38850 | D12: 64000 | E12: 56774.08 | F12: 56774.08 | G12: 0 | H12: =+J12-I12 -> 0 | J12: =G12 -> 0 | K12: 40000 | L12: =+K5*K12 -> 360000 | M12: =+L12-J12 -> 360000
A13: WSWT2325650 | B13: 60000 | C13: 63000 | D13: 60000 | E13: 59512.2 | F13: 59512.2 | G13: 0 | H13: =+J13-I13 -> 0 | J13: =G13 -> 0 | K13: 14000 | L13: =+K13*K5 -> 126000 | M13: =+L13-J13 -> 126000
A14: WSWT2625650 | B14: 5000 | C14: 0 | D14: 0 | E14: 0 | F14: 0 | G14: 0 | H14: =+J14-I14 -> 0 | J14: =G14 -> 0
A15: WSWT2625800 | B15: 10000 | C15: 0 | D15: 10000 | E15: 12433.3 | F15: 12433.3 | G15: 0 | H15: =+J15-I15 -> 0 | J15: =G15 -> 0 | K15: 20000 | L15: =+K15*K5 -> 180000 | M15: =+L15-J15 -> 180000
A16: WSWT2625850SM | B16: 40000 | C16: 31526.25 | D16: 35900 | E16: 38606.951 | F16: 17295.635 | G16: 21311.316 | H16: =+J16-I16 -> 21311.316 | J16: =G16 -> 21311.316
A17: WSWT2825850 | B17: 105000 | C17: 51765 | D17: 54300 | E17: 65316.735 | F17: 5780 | G17: 59536.735 | H17: =+J17-I17 -> 59536.735 | J17: =G17 -> 59536.735
A18: ผลรวมทั้งหมด | B18: 795520 | C18: 363809.25 | D18: 437871 | E18: 409388.35 | F18: 328540.3 | G18: 80848.051 | H18: =+J18-I18 -> 80848.051 | J18: =G18 -> 80848.051
H19: 0 | I19: 54000 | J19: =G19 -> 0
H20: =+J20-I20 -> 0 | J20: =G20 -> 0
H21: =+J21-I21 -> 0 | J21: =G21 -> 0
H22: =+J22-I22 -> 0 | J22: =G22 -> 0
H23: =+J23-I23 -> 0 | J23: =G23 -> 0
H24: =+J24-I24 -> 0 | J24: =G24 -> 0
H25: =+J25-I25 -> 0 | J25: =G25 -> 0
H26: =+J26-I26 -> 0 | J26: =G26 -> 0
H27: =+J27-I27 -> 0 | J27: =G27 -> 0
H28: =+J28-I28 -> 0 | J28: =G28 -> 0 | M28: =+GETPIVOTDATA("ผลรวม ของ ใช้",$A$6)+H29+H33 -> 661084.45
H29: =SUM(H7:H28) -> 161696.1 | I29: =SUM(I7:I28) -> 54000 | J29: =SUM(J7:J28) -> 161696.1
H32: =+H26 -> 0 | I32: 85 | J32: =+(H32+H29)*I32 -> 13744169 | K32: =+J32/1000 -> 13744.169
H33: 90000 | I33: 95 | J33: =+H33*I33 -> 8550000 | K33: =+J33/1000 -> 8550
H35: =+H32+H33+H29 -> 251696.1 | K35: =+K32+K33 -> 22294.169
N36: 705222
A37: ยอดส่ง 1/2/68 - 17/2/68 | B37: 1565717 | H37: 15 | I37: =+H35/H37 -> 16779.74
N38: =+H35+N36 -> 956918.1
I39: =+H37*110000 -> 1650000
B41: =+B29+B37+B31-110000 -> 1455717 | C41: =+C29+C37+C31 -> 0 | D41: =+D29+D37+D31-110000 -> -110000 | E41: =+E29+E37+E31 -> 0 | F41: =+F29+F37+F31 -> 0 | G41: =+G29+G37+G31 -> 0
B43: 3218150
B45: =+B43-B41 -> 1762433
C47: =+C41/9 -> 0 | D47: =+D41/9 -> -12222.222

Sheet 11(Order)
A2: เลขที่ SO | B2: (หลายรายการ)
A3: วันส่ง | B3: (หลายรายการ)
A4: ชื่อลูกค้า | B4: (ทั้งหมด)
A6: ประเภท | B6: ผลรวม ของ จำนวนส่ง | C6: ผลรวม ของ ค้างพิมพ์ | D6: ผลรวม ของ ค้างตัด | E6: ผลรวม ของ ใช้ | F6: ผลรวม ของ Stock | G6: ผลรวม ของ ค้างทอ
A7: WSWT1825800 | B7: 50000 | C7: 52500 | D7: 50000 | E7: 41211.5 | F7: 41211.5 | G7: 0
A8: WSWT1925800 | B8: 110000 | C8: 112808.85 | D8: 107437 | E8: 94556.378 | F8: 0 | G8: 94556.378
A9: WSWT2025800SM | B9: 169500 | C9: 151965.45 | D9: 148100 | E9: 159858.17 | F9: 37115.077 | G9: 122743.09
A10: WSWT2025850 | B10: 436000 | C10: 381675 | D10: 395697 | E10: 401728.31 | F10: 39046.15 | G10: 362682.16
A11: WSWT2825850 | B11: 50000 | C11: 52500 | D11: 50000 | E11: 59372.5 | F11: 59372.5 | G11: 0
A12: WSWTFCL022325650 | B12: 13000 | C12: 13650 | D12: 13000 | E12: 12894.31 | F12: 2255 | G12: 10639.31
A13: WSWTSCL052325650 | B13: 5000 | C13: 5250 | D13: 5000 | E13: 4959.35 | F13: 3294 | G13: 1665.35
A14: ผลรวมทั้งหมด | B14: 833500 | C14: 770349.3 | D14: 769234 | E14: 774580.51 | F14: 182294.23 | G14: 592286.28
D34: =D18 -> 0
D36: =D20 -> 0
A37: ยอดส่ง 1/4/68 - 12/4/68 | B37: 887615
A38: Order+ส่ง | B38: =++B25+B37 -> 887615
A39: ประมาณการ | B39: 262000 | C39: 238350 | D39: 262000 | E39: 279847.04 | F39: 60825.09 | G39: 219021.95
A41: Order+ส่ง+ประมาณการ | B41: =+B25+B37+B39+B33 -> 1149615 | C41: =+C25+C37+C39+C33 -> 238350 | D41: =+D25+D37+D39+D33 -> 262000 | E41: =+E25+E37+E39+E33 -> 279847.04 | F41: =+F25+F37+F39+F33 -> 60825.09 | G41: =+G25+G37+G39+G33 -> 219021.95
B43: 3171376
B45: =+B41-B43 -> -2021761 | C45: =+$B$45 -> -2021761 | D45: =+$B$45 -> -2021761 | F45: =+$B$45 -> -2021761
D47: =+D41/6 -> 43666.667

Sheet 11(Order) แยกลูกค้า
A1: เลขที่ SO | B1: (หลายรายการ)
A2: วันส่ง | B2: (หลายรายการ)
A4: ประเภท | B4: ชื่อลูกค้า | C4: ผลรวม ของ จำนวนส่ง | D4: ผลรวม ของ ค้างพิมพ์ | E4: ผลรวม ของ ค้างตัด | F4: ผลรวม ของ Stock | G4: ผลรวม ของ ค้างทอ | I4: vn
A5: WSWT1825800 | B5: หจก.อนนท์อุตสาหกรรม | C5: 50000 | D5: 52500 | E5: 50000 | F5: 41211.5 | G5: 0 | H5: =G5 -> 0
A6: WSWT1825800 ผลรวม | C6: 50000 | D6: 52500 | E6: 50000 | F6: 41211.5 | G6: 0 | H6: =G6 -> 0
A7: WSWT1925800 | B7: บจก.เพรซิเดนท์ฟลาวมิลล์ | C7: 110000 | D7: 112808.85 | E7: 107437 | F7: 0 | G7: 94556.378 | H7: =G7 -> 94556.378
A8: WSWT1925800 ผลรวม | C8: 110000 | D8: 112808.85 | E8: 107437 | F8: 0 | G8: 94556.378 | H8: =G8 -> 94556.378
A9: WSWT2025800SM | B9: บจก.เอพีเอ็ม อะโกร | C9: 13000 | D9: 13650 | E9: 13000 | F9: 14347.19 | G9: 0 | H9: =G9 -> 0
B10: บจก.เอสพีเอ็ม อาหารสัตว์ | C10: 27000 | D10: 18900 | E10: 18500 | F10: 16554.45 | G10: 3310.89 | H10: =G10 -> 3310.89
B11: บจก.ซันฟีด | C11: 129500 | D11: 119415.45 | E11: 116600 | F11: 6213.4369 | G11: 119432.2 | H11: =G11 -> 119432.2
A12: WSWT2025800SM ผลรวม | C12: 169500 | D12: 151965.45 | E12: 148100 | F12: 37115.077 | G12: 122743.09 | H12: =G12 -> 122743.09
A13: WSWT2025850 | B13: บจก.ซันฟีด | C13: 436000 | D13: 381675 | E13: 395697 | F13: 39046.15 | G13: 362682.16 | H13: =G13 -> 362682.16
A14: WSWT2025850 ผลรวม | C14: 436000 | D14: 381675 | E14: 395697 | F14: 39046.15 | G14: 362682.16 | H14: =G14 -> 362682.16
A15: WSWT2825850 | B15: บจก.ไทยร่วมใจน้ำมันพืช | C15: 50000 | D15: 52500 | E15: 50000 | F15: 59372.5 | G15: 0 | H15: =G15 -> 0
A16: WSWT2825850 ผลรวม | C16: 50000 | D16: 52500 | E16: 50000 | F16: 59372.5 | G16: 0 | H16: =G16 -> 0
A17: WSWTFCL022325650 | B17: คุณปราสาท เจริญธรรมรักษา | C17: 13000 | D17: 13650 | E17: 13000 | F17: 2255 | G17: 10639.31 | H17: =G17 -> 10639.31
A18: WSWTFCL022325650 ผลรวม | C18: 13000 | D18: 13650 | E18: 13000 | F18: 2255 | G18: 10639.31 | H18: =G18 -> 10639.31
A19: WSWTSCL052325650 | B19: คุณปราสาท เจริญธรรมรักษา | C19: 5000 | D19: 5250 | E19: 5000 | F19: 3294 | G19: 1665.35 | H19: =G19 -> 1665.35
A20: WSWTSCL052325650 ผลรวม | C20: 5000 | D20: 5250 | E20: 5000 | F20: 3294 | G20: 1665.35 | H20: =G20 -> 1665.35
A21: ผลรวมทั้งหมด | C21: 833500 | D21: 770349.3 | E21: 769234 | F21: 182294.23 | G21: 592286.28 | H21: =G21 -> 592286.28
H22: =G22 -> 0
H23: =G23 -> 0
H24: =G24 -> 0
H25: =G25 -> 0
H26: =G26 -> 0
H27: =G27 -> 0
H28: =G28 -> 0
H29: =G29 -> 0
H30: =G30 -> 0
H31: =G31 -> 0
H32: =G32 -> 0
H33: =G33 -> 0
... H65: =G65 -> 0
H70: =SUM(H5:H69) -> 1776858.8
D119: Cap พิมพ์ | E119: Cap ตัด | F119: Stock 16/7 บ่าย | G119: Cap ทอ | I119: วันทงาน
B120: lส่ง | C120: 1-16/7 | D120: 160000 | E120: 160000 | G120: 120000 | I120: 12
C121: 1975256 | D121: =+D120*I120 -> 1920000 | E121: =+E120*I120 -> 1920000 | F121: 825147 | G121: =+G120*I120 -> 1440000
A122: เบทาโกรส่งแล้ว | B122: 20700 | C122: 424374
A123: เบทาโกรส่งแล้ว | B123: 20800 | C123: 155973
C126: รวมส่ง+ค้างส่ง | D126: ส่วนต่างCapคงเหลือ | E126: ส่วนต่างCapคงเหลือ | F126: คงเหลือ
C127: =+C50+C121 -> 1975256 | D127: =+D121-D50 -> 1920000 | E127: =+E121-E50 -> 1920000 | F127: =+F121-F50 -> 825147 | G127: =+G121-G50 -> 1440000
B129: 20700VN 20/7 | G129: 350000

Sheet 9(Fc) แยกลูกค้า
A1: เลขที่ SO | B1: ประมาณการ
A2: วันส่ง | B2: (หลายรายการ) | D2: 12
A4: ประเภท | B4: ชื่อลูกค้า | C4: ผลรวม ของ จำนวนส่ง | D4: ผลรวม ของ ค้างพิมพ์ | E4: ผลรวม ของ ค้างตัด | F4: ผลรวม ของ ใช้ | G4: ผลรวม ของ Stock | H4: ผลรวม ของ ค้างทอ
A5: WSWT1921720 | B5: บจก.เคอรี่ฟลาวมิลล์ | C5: 225000 | D5: 236250 | E5: 225000 | F5: 210597.75 | G5: 0 | H5: 210597.75
A6: WSWT1921720 ผลรวม | C6: 225000 | D6: 236250 | E6: 225000 | F6: 210597.75 | G6: 0 | H6: 210597.75
A7: WSWT1925800 | B7: บจก.เพรซิเดนท์ฟลาวมิลล์ | C7: 140000 | D7: 147000 | E7: 140000 | F7: 123215.4 | G7: 0 | H7: 123215.4
B8: บจก.ไลม์มาสเตอร์ | C8: 20000 | D8: 20755.35 | E8: 19767 | F8: 18501.714 | G8: 0 | H8: 18501.714
B9: บจก.เอ็กเซลเล้นท์ | C9: 40000 | D9: 42000 | E9: 40000 | F9: 35204.4 | G9: 0 | H9: 35204.4
A10: WSWT1925800 ผลรวม | C10: 200000 | D10: 209755.35 | E10: 199767 | F10: 176921.51 | G10: 0 | H10: 176921.51
A11: WSWT2025800 | B11: บจก.อินเทคค์ โกลบอล | C11: 290000 | D11: 304500 | E11: 290000 | F11: 303847.5 | G11: 0 | H11: 303847.5
A12: WSWT2025800 ผลรวม | C12: 290000 | D12: 304500 | E12: 290000 | F12: 303847.5 | G12: 0 | H12: 303847.5
A13: WSWT2025800SM | B13: บจก.ไทยธรรมดี | C13: 20000 | D13: 21000 | E13: 20000 | F13: 21513.8 | G13: 0 | H13: 21513.8
B14: บจก.อินเทคค์ โกลบอล | C14: 100000 | D14: 105000 | E14: 100000 | F14: 104775 | G14: 0 | H14: 104775
B15: บจก.เอสพีเอ็ม อาหารสัตว์ | C15: 20000 | D15: 21000 | E15: 20000 | F15: 22072.6 | G15: 0 | H15: 22072.6
B16: บจก.ซันฟีด | C16: 305000 | D16: 320250 | E16: 305000 | F16: 336607.15 | G16: 0 | H16: 336607.15
A17: WSWT2025800SM ผลรวม | C17: 445000 | D17: 467250 | E17: 445000 | F17: 484968.55 | G17: 0 | H17: 484968.55
A18: WSWT2325650 | B18: พันธุ์ข้าว | C18: 30000 | D18: 31500 | E18: 30000 | F18: 29756.1 | G18: 29756.1 | H18: 0
A19: WSWT2325650 ผลรวม | C19: 30000 | D19: 31500 | E19: 30000 | F19: 29756.1 | G19: 29756.1 | H19: 0
A20: WSWT2625800 | B20: บจก.ที.ซี.ยูเนี่ยน อโกรเทค | C20: 10000 | D20: 0 | E20: 10000 | F20: 12433.3 | G20: 12433.3 | H20: 0
A21: WSWT2625800 ผลรวม | C21: 10000 | D21: 0 | E21: 10000 | F21: 12433.3 | G21: 12433.3 | H21: 0
A22: WSWT2825850 | B22: บจก.ที.ซี.ยูเนี่ยน อโกรเทค | C22: 5000 | D22: 0 | E22: 5000 | F22: 6775.45 | G22: 0 | H22: 6775.45
A23: WSWT2825850 ผลรวม | C23: 5000 | D23: 0 | E23: 5000 | F23: 6775.45 | G23: 0 | H23: 6775.45
A24: ผลรวมทั้งหมด | C24: 1205000 | D24: 1249255.4 | E24: 1204767 | F24: 1225300.2 | G24: 42189.4 | H24: 1183110.8
D119: Cap พิมพ์ | E119: Cap ตัด | F119: Stock 16/7 บ่าย | G119: Cap ทอ | I119: วันทงาน
B120: lส่ง | C120: 1-16/7 | D120: 160000 | E120: 160000 | G120: 120000 | I120: 12
C121: 1975256 | D121: =+D120*I120 -> 1920000 | E121: =+E120*I120 -> 1920000 | F121: 825147 | G121: =+G120*I120 -> 1440000
A122: เบทาโกรส่งแล้ว | B122: 20700 | C122: 424374
A123: เบทาโกรส่งแล้ว | B123: 20800 | C123: 155973
C126: รวมส่ง+ค้างส่ง | D126: ส่วนต่างCapคงเหลือ | E126: ส่วนต่างCapคงเหลือ | F126: คงเหลือ
C127: =+C50+C121 -> 1975256 | D127: =+D121-D50 -> 1920000 | E127: =+E121-E50 -> 1920000 | F127: =+F121-F50 -> 825147 | G127: =+G121-G50 -> 1440000
B129: 20700VN 20/7 | G129: 350000

Sheet 10(Order+Fc) แยกลูกค้า
A1: เลขที่ SO | B1: (หลายรายการ)
A2: วันส่ง | B2: (หลายรายการ) | D2: 12 | I2: เมตร | J2: vn | K2: ใบ | P2: วัน
A4: ประเภท | B4: ชื่อลูกค้า | C4: ผลรวม ของ จำนวนส่ง | D4: ผลรวม ของ ค้างพิมพ์ | E4: ผลรวม ของ ค้างตัด | F4: ผลรวม ของ ใช้ | G4: ผลรวม ของ Stock | H4: ผลรวม ของ ค้างทอ
A5: WSWT1425800 | B5: หจก.ปึงเป้งน้ำ | C5: 10000 | D5: 10500 | E5: 10000 | F5: 6565.9 | G5: 3028 | H5: 3537.9 | I5: =H5 -> 3537.9
A6: WSWT1425800 ผลรวม | C6: 10000 | D6: 10500 | E6: 10000 | F6: 6565.9 | G6: 3028 | H6: 3537.9
A7: WSWT1625800 | B7: บจก.เคอรี่ฟลาวมิลล์ | C7: 5000 | D7: 0 | E7: 5000 | F7: 0 | G7: 0 | H7: 0 | I7: =H7 -> 0
A8: WSWT1625800 ผลรวม | C8: 5000 | D8: 0 | E8: 5000 | F8: 0 | G8: 0 | H8: 0 | I8: =H8 -> 0
A9: WSWT1825800 | B9: หจก.อนนท์อุตสาหกรรม | C9: 50000 | D9: 52500 | E9: 50000 | F9: 41211.5 | G9: 41211.5 | H9: 0 | I9: =H9 -> 0
A10: WSWT1825800 ผลรวม | C10: 50000 | D10: 52500 | E10: 50000 | F10: 41211.5 | G10: 41211.5 | H10: 0 | I10: =H10 -> 0
A11: WSWT1921720 | B11: บจก.เคอรี่ฟลาวมิลล์ | C11: 395000 | D11: 236250 | E11: 254200 | F11: 210597.75 | G11: 51686 | H11: 158911.75
A12: WSWT1921720 ผลรวม | C12: 395000 | D12: 236250 | E12: 254200 | F12: 210597.75 | G12: 51686 | H12: 158911.75
A13: WSWT1925800 | B13: บจก.เพรซิเดนท์ฟลาวมิลล์ | C13: 20000 | D13: 0 | E13: 0 | F13: 0 | G13: 0 | H13: 0 | I13: =H13 -> 0
B14: บจก.ไลม์มาสเตอร์ | C14: 20000 | D14: 20755.35 | E14: 19767 | F14: 18501.714 | G14: 0 | H14: 18501.714 | I14: =H14 -> 18501.714 | P14: 15000 | Q14: =+K14/P14 -> 0
B15: บจก.เอ็กเซลเล้นท์ | C15: 20000 | D15: 21000 | E15: 20000 | F15: 17602.2 | G15: 12640 | H15: 4962.2 | I15: =H15 -> 4962.2
A16: WSWT1925800 ผลรวม | C16: 60000 | D16: 41755.35 | E16: 39767 | F16: 36103.914 | G16: 12640 | H16: 23463.914
A17: WSWT2025700 | B17: บจก.หนองบัวฟีด | C17: 5000 | D17: 0 | E17: 5000 | F17: 4400.55 | G17: 0 | H17: 4400.55 | I17: =H17 -> 4400.55
A18: WSWT2025700 ผลรวม | C18: 5000 | D18: 0 | E18: 5000 | F18: 4400.55 | G18: 0 | H18: 4400.55 | K18: =7*2000 -> 14000
A19: WSWT2025800 | B19: บจก.เคอรี่ฟลาวมิลล์ | C19: 15000 | D19: 0 | E19: 12000 | F19: 0 | G19: 0 | H19: 0 | I19: =H19 -> 0 | K19: 7000
B20: บจก.อินเทคค์ โกลบอล | C20: 296826 | D20: 304500 | E20: 290000 | F20: 303847.5 | G20: 36749 | H20: 267098.5 | I20: =H20-100000 -> 167098.5 | K20: 9000 | P20: 16000 | Q20: =+K20/P20 -> 0.5625
B21: โรงสีข้าวธัญญาวัฒน์ | C21: 4000 | D21: 0 | E21: 1555 | F21: 0 | G21: 0 | H21: 0 | I21: =H21 -> 0
A22: WSWT2025800 ผลรวม | C22: 315826 | D22: 304500 | E22: 303555 | F22: 303847.5 | G22: 36749 | H22: 267098.5
A23: WSWT2025800SM | B23: บจก.อินเทคค์ โกลบอล | C23: 100000 | D23: 105000 | E23: 100000 | F23: 104775 | G23: 21900 | H23: 82875 | I23: =H23 -> 82875
B24: บจก.เอพีเอ็ม อะโกร | C24: 9000 | D24: 6300 | E24: 9000 | F24: 6789.42 | G24: 6789.42 | H24: 0 | I24: =H24 -> 0
B25: บจก.เอสพีเอ็ม อาหารสัตว์ | C25: 15179 | D25: 3150 | E25: 4020 | F25: 3310.89 | G25: 3310.89 | H25: 0 | I25: =H25 -> 0
B26: บจก.ซันฟีด | C26: 50755 | D26: 8925 | E26: 9079 | F26: 9380.855 | G26: 9380.855 | H26: 0 | I26: =H26 -> 0
A27: WSWT2025800SM ผลรวม | C27: 174934 | D27: 123375 | E27: 122099 | F27: 124256.17 | G27: 41381.165 | H27: 82875
A28: WSWT2025850 | B28: บจก.ซันฟีด | C28: 158300 | D28: 24675 | E28: 38517 | F28: 26116.915 | G28: 26116.915 | H28: 0 | I28: =H28 -> 0
A29: WSWT2025850 ผลรวม | C29: 158300 | D29: 24675 | E29: 38517 | F29: 26116.915 | G29: 26116.915 | H29: 0 | I29: =H29 -> 0
A30: WSWT2121670SM | B30: บจก.เอสพีเอ็ม อาหารสัตว์ | C30: 3000 | D30: 0 | E30: 0 | F30: 0 | G30: 0 | H30: 0 | I30: =H30 -> 0
B31: บจก.แอมโก้เวท | C31: 65000 | D31: 10500 | E31: 26000 | F31: 11832.59 | G31: 11832.59 | H31: 0 | I31: =H31 -> 0 | P31: 15000 | Q31: =+K31/P31 -> 0
B32: คุณนพวินทร์ รัตนเศรษฐ์เมธา | C32: 5000 | D32: 0 | E32: 263 | F32: 0 | G32: 0 | H32: 0 | I32: =H32 -> 0
A33: WSWT2121670SM ผลรวม | C33: 73000 | D33: 10500 | E33: 26263 | F33: 11832.59 | G33: 11832.59 | H33: 0 | I33: =H33 -> 0
A34: WSWT2125650 | B34: บจก.ไลม์มาสเตอร์ | C34: 20000 | D34: 0 | E34: 20000 | F34: 0 | G34: 0 | H34: 0 | I34: =H34 -> 0
B35: บจก.หนองบัวฟีด | C35: 15000 | D35: 0 | E35: 15000 | F35: 16554.45 | G35: 16554.45 | H35: 0 | I35: =H35 -> 0
A36: WSWT2125650 ผลรวม | C36: 35000 | D36: 0 | E36: 35000 | F36: 16554.45 | G36: 16554.45 | H36: 0 | I36: =H36 -> 0
A37: WSWT2321750 | B37: บจก.แอมโก้เวท | C37: 5000 | D37: 0 | E37: 0 | F37: 0 | G37: 0 | H37: 0 | I37: =H37 -> 0
A38: WSWT2321750 ผลรวม | C38: 5000 | D38: 0 | E38: 0 | F38: 0 | G38: 0 | H38: 0 | I38: =H38 -> 0
A39: WSWT2325650 | B39: พันธุ์ข้าว | C39: 30000 | D39: 31500 | E39: 30000 | F39: 29756.1 | G39: 29756.1 | H39: 0 | I39: =H39 -> 0
B40: บจก.ซิเบลโก้(บางเลน) | C40: 5000 | D40: 0 | E40: 0 | F40: 0 | G40: 0 | H40: 0 | I40: =H40 -> 0
A41: WSWT2325650 ผลรวม | C41: 35000 | D41: 31500 | E41: 30000 | F41: 29756.1 | G41: 29756.1 | H41: 0 | I41: =H41 -> 0
A42: WSWT262575051 | B42: คุณธนนท์ | C42: 5000 | D42: 0 | E42: 0 | F42: 0 | G42: 0 | H42: 0 | I42: =H42 -> 0
B43: บจก.อันดามันซูริมิ | C43: 5000 | D43: 0 | E43: 5000 | F43: 6216.65 | G43: 4573 | H43: 1643.65 | I43: =H43 -> 1643.65
A44: WSWT262575051 ผลรวม | C44: 10000 | D44: 0 | E44: 5000 | F44: 6216.65 | G44: 4573 | H44: 1643.65
A45: WSWT2625800 | B45: บจก.แลบอินเตอร์ | C45: 10000 | D45: 10500 | E45: 10000 | F45: 11595.1 | G45: 11595.1 | H45: 0 | I45: =H45 -> 0
A46: WSWT2625800 ผลรวม | C46: 10000 | D46: 10500 | E46: 10000 | F46: 11595.1 | G46: 11595.1 | H46: 0 | I46: =H46 -> 0 | J46: 74000
A47: WSWT2625850SM | B47: บจก.ที.ซี.ยูเนี่ยน อโกรเทค | C47: 30000 | D47: 0 | E47: 0 | F47: 0 | G47: 0 | H47: 0 | I47: =H47 -> 0
A48: WSWT2625850SM ผลรวม | C48: 30000 | D48: 0 | E48: 0 | F48: 0 | G48: 0 | H48: 0 | I48: =H48 -> 0
A49: WSWT2825850 | B49: บจก.ที.ซี.ยูเนี่ยน อโกรเทค | C49: 5000 | D49: 0 | E49: 5000 | F49: 6775.45 | G49: 6775.45 | H49: 0 | I49: =H49 -> 0
A50: WSWT2825850 ผลรวม | C50: 5000 | D50: 0 | E50: 5000 | F50: 6775.45 | G50: 6775.45 | H50: 0 | I50: =H50 -> 0
A51: WSWTSCL052325650 | B51: ร้านท่าข้าวมะลิพันธุ์ข้าว | C51: 20000 | D51: 21000 | E51: 20000 | F51: 19837.4 | G51: 0 | H51: 19837.4 | I51: =H51 -> 19837.4 | K51: =+I51*85 -> 1686179 | M51: 102.14
A52: WSWTSCL052325650 ผลรวม | C52: 20000 | D52: 21000 | E52: 20000 | F52: 19837.4 | G52: 0 | H52: 19837.4 | K52: =+K51/1000 -> 1686.179 | M52: 3300
A53: ผลรวมทั้งหมด | C53: 1397060 | D53: 867055.35 | E53: 959401 | F53: 855667.93 | G53: 293899.27 | H53: 561768.66 | I53: =SUM(I5:I52) -> 302856.91 | M53: =+M52/M51 -> 32.308596
M55: 114.47
J56: 166000 | M56: =+M55*32.2 -> 3685.934
M57: =+M56-3300 -> 385.934
I58: =H58 -> 0
I59: =H59 -> 0
I60: =H60 -> 0
I61: =H61 -> 0
I62: =H62 -> 0
I64: =H64 -> 0
I65: =H65 -> 0
I66: =H66 -> 0
I68: =H68 -> 0
I70: =H70 -> 0
I72: =H72 -> 0
I73: =H73 -> 0
I75: =SUM(I5:I74) -> 605713.83
I79: =I75+I77 -> 605713.83 | J79: 16 | K79: =+I79*0.9779 -> 592327.55
I81: =+I79/J79 -> 37857.114 | K81: =+K79*85 -> 50347842
K83: =+K81/1000 -> 50347.842
D119: Cap พิมพ์ | E119: Cap ตัด | F119: Stock 16/7 บ่าย | G119: Cap ทอ | I119: วันทงาน
B120: lส่ง | C120: 1-16/7 | D120: 160000 | E120: 160000 | G120: 120000 | I120: 12
C121: 1975256 | D121: =+D120*I120 -> 1920000 | E121: =+E120*I120 -> 1920000 | F121: 825147 | G121: =+G120*I120 -> 1440000
A122: เบทาโกรส่งแล้ว | B122: 20700 | C122: 424374
A123: เบทาโกรส่งแล้ว | B123: 20800 | C123: 155973
C126: รวมส่ง+ค้างส่ง | D126: ส่วนต่างCapคงเหลือ | E126: ส่วนต่างCapคงเหลือ | F126: คงเหลือ
C127: =+C50+C121 -> 1980256 | D127: =+D121-D50 -> 1920000 | E127: =+E121-E50 -> 1915000 | F127: =+F121-F50 -> 818371.55 | G127: =+G121-G50 -> 1433224.6
B129: 20700VN 20/7 | G129: 350000

Sheet 10(Order)
A2: เลขที่ SO | B2: (หลายรายการ)
A3: วันส่ง | B3: (หลายรายการ)
A4: ชื่อลูกค้า | B4: (ทั้งหมด)
A6: ประเภท | B6: ผลรวม ของ จำนวนส่ง | C6: ผลรวม ของ ค้างพิมพ์ | D6: ผลรวม ของ ค้างตัด | E6: ผลรวม ของ ใช้ | F6: ผลรวม ของ Stock | G6: ผลรวม ของ ค้างทอ
A7: WSWT1425800 | B7: 10000 | C7: 10500 | D7: 10000 | E7: 6565.9 | F7: 3028 | G7: 3537.9
A8: WSWT1625800 | B8: 5000 | C8: 0 | D8: 5000 | E8: 0 | F8: 0 | G8: 0
A9: WSWT1825800 | B9: 50000 | C9: 52500 | D9: 50000 | E9: 41211.5 | F9: 41211.5 | G9: 0
A10: WSWT1921720 | B10: 170000 | C10: 0 | D10: 29200 | E10: 0 | F10: 0 | G10: 0 | K10: =25*32.24 -> 806
A11: WSWT1925800 | B11: 40000 | C11: 21000 | D11: 20000 | E11: 17602.2 | F11: 12640 | G11: 4962.2 | L11: =76*2500 -> 190000
A12: WSWT2025700 | B12: 5000 | C12: 0 | D12: 5000 | E12: 4400.55 | F12: 0 | G12: 4400.55
A13: WSWT2025800 | B13: 25826 | C13: 0 | D13: 13555 | E13: 0 | F13: 0 | G13: 0
A14: WSWT2025800SM | B14: 74934 | C14: 18375 | D14: 22099 | E14: 19481.165 | F14: 19481.165 | G14: 0
A15: WSWT2025850 | B15: 158300 | C15: 24675 | D15: 38517 | E15: 26116.915 | F15: 26116.915 | G15: 0
A16: WSWT2121670SM | B16: 73000 | C16: 10500 | D16: 26263 | E16: 11832.59 | F16: 11832.59 | G16: 0
A17: WSWT2125650 | B17: 35000 | C17: 0 | D17: 35000 | E17: 16554.45 | F17: 16554.45 | G17: 0
A18: WSWT2321750 | B18: 5000 | C18: 0 | D18: 0 | E18: 0 | F18: 0 | G18: 0
A19: WSWT2325650 | B19: 5000 | C19: 0 | D19: 0 | E19: 0 | F19: 0 | G19: 0
A20: WSWT262575051 | B20: 10000 | C20: 0 | D20: 5000 | E20: 6216.65 | F20: 4573 | G20: 1643.65
A21: WSWT2625800 | B21: 10000 | C21: 10500 | D21: 10000 | E21: 11595.1 | F21: 11595.1 | G21: 0
A22: WSWT2625850SM | B22: 30000 | C22: 0 | D22: 0 | E22: 0 | F22: 0 | G22: 0
A23: WSWTSCL052325650 | B23: 20000 | C23: 21000 | D23: 20000 | E23: 19837.4 | F23: 0 | G23: 19837.4
A24: ผลรวมทั้งหมด | B24: 727060 | C24: 169050 | D24: 289634 | E24: 181414.42 | F24: 147032.72 | G24: 34381.7
A37: ยอดส่ง 1/1/68 - 17/1/68 | B37: 1287052
A38: Order+ส่ง | B38: =++B22+B37 -> 1317052
A39: ประมาณการ | I39: 0
A41: Order+ส่ง+ประมาณการ | B41: =+B22+B37+B39+B29 -> 1317052 | C41: =+C22+C37+C39+C29 -> 0 | D41: =+D22+D37+D39+D29 -> 0 | E41: =+E22+E37+E39+E29 -> 0 | F41: =+F22+F37+F39+F29 -> 0 | G41: =+G22+G37+G39+G29 -> 0
B43: 3000000 | I43: 9
B45: =+B41-B43 -> -1682948
D46: =+D22/I43 -> 0
C47: =+C41/I43 -> 0 | D47: =+D41/I43 -> 0 | G47: =+G41/I43 -> 0

Sheet 10(Order) แยกลูกค้า
A1: เลขที่ SO | B1: (หลายรายการ)
A2: วันส่ง | B2: (หลายรายการ)
A4: ประเภท | B4: ชื่อลูกค้า | C4: ผลรวม ของ จำนวนส่ง | D4: ผลรวม ของ ค้างพิมพ์ | E4: ผลรวม ของ ค้างตัด | F4: ผลรวม ของ Stock | G4: ผลรวม ของ ค้างทอ | I4: vn
A5: WSWT1425800 | B5: หจก.ปึงเป้งน้ำ | C5: 10000 | D5: 10500 | E5: 10000 | F5: 3028 | G5: 3537.9 | H5: =G5 -> 3537.9
A6: WSWT1425800 ผลรวม | C6: 10000 | D6: 10500 | E6: 10000 | F6: 3028 | G6: 3537.9 | H6: =G6 -> 3537.9
A7: WSWT1625800 | B7: บจก.เคอรี่ฟลาวมิลล์ | C7: 5000 | D7: 0 | E7: 5000 | F7: 0 | G7: 0 | H7: =G7 -> 0
A8: WSWT1625800 ผลรวม | C8: 5000 | D8: 0 | E8: 5000 | F8: 0 | G8: 0
A9: WSWT1825800 | B9: หจก.อนนท์อุตสาหกรรม | C9: 50000 | D9: 52500 | E9: 50000 | F9: 41211.5 | G9: 0 | H9: =G9 -> 0
A10: WSWT1825800 ผลรวม | C10: 50000 | D10: 52500 | E10: 50000 | F10: 41211.5 | G10: 0 | H10: =G10 -> 0
A11: WSWT1921720 | B11: บจก.เคอรี่ฟลาวมิลล์ | C11: 395000 | D11: 236250 | E11: 254200 | F11: 51686 | G11: 158911.75
A12: WSWT1921720 ผลรวม | C12: 395000 | D12: 236250 | E12: 254200 | F12: 51686 | G12: 158911.75 | H12: =G12 -> 158911.75
A13: WSWT1925800 | B13: บจก.เพรซิเดนท์ฟลาวมิลล์ | C13: 20000 | D13: 0 | E13: 0 | F13: 0 | G13: 0 | H13: =G13 -> 0
B14: บจก.ไลม์มาสเตอร์ | C14: 20000 | D14: 20755.35 | E14: 19767 | F14: 0 | G14: 18501.714 | H14: =G14 -> 18501.714
B15: บจก.เอ็กเซลเล้นท์ | C15: 20000 | D15: 21000 | E15: 20000 | F15: 12640 | G15: 4962.2
A16: WSWT1925800 ผลรวม | C16: 60000 | D16: 41755.35 | E16: 39767 | F16: 12640 | G16: 23463.914 | H16: =G16 -> 23463.914
A17: WSWT2025700 | B17: บจก.หนองบัวฟีด | C17: 5000 | D17: 0 | E17: 5000 | F17: 0 | G17: 4400.55
A18: WSWT2025700 ผลรวม | C18: 5000 | D18: 0 | E18: 5000 | F18: 0 | G18: 4400.55 | H18: =G18 -> 4400.55
A19: WSWT2025800 | B19: บจก.เคอรี่ฟลาวมิลล์ | C19: 15000 | D19: 0 | E19: 12000 | F19: 0 | G19: 0 | H19: =G19 -> 0
B20: บจก.อินเทคค์ โกลบอล | C20: 296826 | D20: 304500 | E20: 290000 | F20: 36749 | G20: 267098.5 | H20: =G20 -> 267098.5
B21: โรงสีข้าวธัญญาวัฒน์ | C21: 4000 | D21: 0 | E21: 1555 | F21: 0 | G21: 0 | H21: =G21 -> 0
A22: WSWT2025800 ผลรวม | C22: 315826 | D22: 304500 | E22: 303555 | F22: 36749 | G22: 267098.5
A23: WSWT2025800SM | B23: บจก.อินเทคค์ โกลบอล | C23: 100000 | D23: 105000 | E23: 100000 | F23: 21900 | G23: 82875 | H23: =G23 -> 82875
B24: บจก.เอพีเอ็ม อะโกร | C24: 9000 | D24: 6300 | E24: 9000 | F24: 6789.42 | G24: 0
B25: บจก.เอสพีเอ็ม อาหารสัตว์ | C25: 15179 | D25: 3150 | E25: 4020 | F25: 3310.89 | G25: 0 | H25: =G25 -> 0
B26: บจก.ซันฟีด | C26: 50755 | D26: 8925 | E26: 9079 | F26: 9380.855 | G26: 0
A27: WSWT2025800SM ผลรวม | C27: 174934 | D27: 123375 | E27: 122099 | F27: 41381.165 | G27: 82875 | H27: =G27 -> 82875
A28: WSWT2025850 | B28: บจก.ซันฟีด | C28: 158300 | D28: 24675 | E28: 38517 | F28: 26116.915 | G28: 0 | H28: =G28 -> 0
A29: WSWT2025850 ผลรวม | C29: 158300 | D29: 24675 | E29: 38517 | F29: 26116.915 | G29: 0 | H29: =G29 -> 0
A30: WSWT2121670SM | B30: บจก.เอสพีเอ็ม อาหารสัตว์ | C30: 3000 | D30: 0 | E30: 0 | F30: 0 | G30: 0
B31: บจก.แอมโก้เวท | C31: 65000 | D31: 10500 | E31: 26000 | F31: 11832.59 | G31: 0 | H31: =G31 -> 0
B32: คุณนพวินทร์ รัตนเศรษฐ์เมธา | C32: 5000 | D32: 0 | E32: 263 | F32: 0 | G32: 0 | H32: =G32 -> 0
A33: WSWT2121670SM ผลรวม | C33: 73000 | D33: 10500 | E33: 26263 | F33: 11832.59 | G33: 0 | H33: =G33 -> 0
A34: WSWT2125650 | B34: บจก.ไลม์มาสเตอร์ | C34: 20000 | D34: 0 | E34: 20000 | F34: 0 | G34: 0 | H34: =G34 -> 0
B35: บจก.หนองบัวฟีด | C35: 15000 | D35: 0 | E35: 15000 | F35: 16554.45 | G35: 0 | H35: =G35 -> 0
A36: WSWT2125650 ผลรวม | C36: 35000 | D36: 0 | E36: 35000 | F36: 16554.45 | G36: 0 | H36: =G36 -> 0
A37: WSWT2321750 | B37: บจก.แอมโก้เวท | C37: 5000 | D37: 0 | E37: 0 | F37: 0 | G37: 0 | H37: =G37 -> 0
A38: WSWT2321750 ผลรวม | C38: 5000 | D38: 0 | E38: 0 | F38: 0 | G38: 0 | H38: =G38 -> 0
A39: WSWT2325650 | B39: พันธุ์ข้าว | C39: 30000 | D39: 31500 | E39: 30000 | F39: 29756.1 | G39: 0 | H39: =G39 -> 0
B40: บจก.ซิเบลโก้(บางเลน) | C40: 5000 | D40: 0 | E40: 0 | F40: 0 | G40: 0
A41: WSWT2325650 ผลรวม | C41: 35000 | D41: 31500 | E41: 30000 | F41: 29756.1 | G41: 0 | H41: =G41 -> 0
A42: WSWT262575051 | B42: คุณธนนท์ | C42: 5000 | D42: 0 | E42: 0 | F42: 0 | G42: 0 | H42: =G42 -> 0
B43: บจก.อันดามันซูริมิ | C43: 5000 | D43: 0 | E43: 5000 | F43: 4573 | G43: 1643.65
A44: WSWT262575051 ผลรวม | C44: 10000 | D44: 0 | E44: 5000 | F44: 4573 | G44: 1643.65 | H44: =G44 -> 1643.65
A45: WSWT2625800 | B45: บจก.แลบอินเตอร์ | C45: 10000 | D45: 10500 | E45: 10000 | F45: 11595.1 | G45: 0 | H45: =G45 -> 0
A46: WSWT2625800 ผลรวม | C46: 10000 | D46: 10500 | E46: 10000 | F46: 11595.1 | G46: 0 | H46: =G46 -> 0
A47: WSWT2625850SM | B47: บจก.ที.ซี.ยูเนี่ยน อโกรเทค | C47: 30000 | D47: 0 | E47: 0 | F47: 0 | G47: 0 | H47: =G47 -> 0
A48: WSWT2625850SM ผลรวม | C48: 30000 | D48: 0 | E48: 0 | F48: 0 | G48: 0 | H48: =G48 -> 0
A49: WSWT2825850 | B49: บจก.ที.ซี.ยูเนี่ยน อโกรเทค | C49: 5000 | D49: 0 | E49: 5000 | F49: 6775.45 | G49: 0 | J49: 2500000 | K49: =+J49*1.05 -> 2625000
A50: WSWT2825850 ผลรวม | C50: 5000 | D50: 0 | E50: 5000 | F50: 6775.45 | G50: 0 | H50: =G50 -> 0
A51: WSWTSCL052325650 | B51: ร้านท่าข้าวมะลิพันธุ์ข้าว | C51: 20000 | D51: 21000 | E51: 20000 | F51: 0 | G51: 19837.4 | H51: =G51 -> 19837.4
A52: WSWTSCL052325650 ผลรวม | C52: 20000 | D52: 21000 | E52: 20000 | F52: 0 | G52: 19837.4 | H52: =G52 -> 19837.4
A53: ผลรวมทั้งหมด | C53: 1397060 | D53: 867055.35 | E53: 959401 | F53: 293899.27 | G53: 561768.66 | I53: 120000 | J53: =+I53*22 -> 2640000
H54: =G54 -> 0
H56: =G56 -> 0
H58: =G58 -> 0
H59: =G59 -> 0
H60: =G60 -> 0
H61: =G61 -> 0
H63: =G63 -> 0
H65: =G65 -> 0
H67: =G67 -> 0
H68: =G68 -> 0
H70: =SUM(H5:H69) -> 686520.68
D119: Cap พิมพ์ | E119: Cap ตัด | F119: Stock 16/7 บ่าย | G119: Cap ทอ | I119: วันทงาน
B120: lส่ง | C120: 1-16/7 | D120: 160000 | E120: 160000 | G120: 120000 | I120: 12
C121: 1975256 | D121: =+D120*I120 -> 1920000 | E121: =+E120*I120 -> 1920000 | F121: 825147 | G121: =+G120*I120 -> 1440000
A122: เบทาโกรส่งแล้ว | B122: 20700 | C122: 424374
A123: เบทาโกรส่งแล้ว | B123: 20800 | C123: 155973
C126: รวมส่ง+ค้างส่ง | D126: ส่วนต่างCapคงเหลือ | E126: ส่วนต่างCapคงเหลือ | F126: คงเหลือ
C127: =+C50+C121 -> 1980256 | D127: =+D121-D50 -> 1920000 | E127: =+E121-E58 -> 1920000 | F127: =+F121-F50 -> 818371.55 | G127: =+G121-G50 -> 1440000
B129: 20700VN 20/7 | G129: 350000

Sheet 10(Fc) แยกลูกค้
A1: เลขที่ SO | B1: ประมาณการ
A2: วันส่ง | B2: (หลายรายการ) | D2: 12
A4: ประเภท | B4: ชื่อลูกค้า | C4: ผลรวม ของ จำนวนส่ง | D4: ผลรวม ของ ค้างพิมพ์ | E4: ผลรวม ของ ค้างตัด | F4: ผลรวม ของ ใช้ | G4: ผลรวม ของ Stock | H4: ผลรวม ของ ค้างทอ
A5: WSWT1921720 | B5: บจก.เคอรี่ฟลาวมิลล์ | C5: 225000 | D5: 236250 | E5: 225000 | F5: 210597.75 | G5: 51686 | H5: 158911.75
A6: WSWT1921720 ผลรวม | C6: 225000 | D6: 236250 | E6: 225000 | F6: 210597.75 | G6: 51686 | H6: 158911.75
A7: WSWT1925800 | B7: บจก.ไลม์มาสเตอร์ | C7: 20000 | D7: 20755.35 | E7: 19767 | F7: 18501.714 | G7: 0 | H7: 18501.714
A8: WSWT1925800 ผลรวม | C8: 20000 | D8: 20755.35 | E8: 19767 | F8: 18501.714 | G8: 0 | H8: 18501.714
A9: WSWT2025800 | B9: บจก.อินเทคค์ โกลบอล | C9: 290000 | D9: 304500 | E9: 290000 | F9: 303847.5 | G9: 36749 | H9: 267098.5
A10: WSWT2025800 ผลรวม | C10: 290000 | D10: 304500 | E10: 290000 | F10: 303847.5 | G10: 36749 | H10: 267098.5
A11: WSWT2025800SM | B11: บจก.อินเทคค์ โกลบอล | C11: 100000 | D11: 105000 | E11: 100000 | F11: 104775 | G11: 21900 | H11: 82875
A12: WSWT2025800SM ผลรวม | C12: 100000 | D12: 105000 | E12: 100000 | F12: 104775 | G12: 21900 | H12: 82875
A13: WSWT2325650 | B13: พันธุ์ข้าว | C13: 30000 | D13: 31500 | E13: 30000 | F13: 29756.1 | G13: 29756.1 | H13: 0
A14: WSWT2325650 ผลรวม | C14: 30000 | D14: 31500 | E14: 30000 | F14: 29756.1 | G14: 29756.1 | H14: 0
A15: WSWT2825850 | B15: บจก.ที.ซี.ยูเนี่ยน อโกรเทค | C15: 5000 | D15: 0 | E15: 5000 | F15: 6775.45 | G15: 6775.45 | H15: 0
A16: WSWT2825850 ผลรวม | C16: 5000 | D16: 0 | E16: 5000 | F16: 6775.45 | G16: 6775.45 | H16: 0
A17: ผลรวมทั้งหมด | C17: 670000 | D17: 698005.35 | E17: 669767 | F17: 674253.51 | G17: 146866.55 | H17: 527386.96
I119: วันทงาน
I120: 12
C121: 1975256 | D121: =+D120*I120 -> 0 | E121: =+E120*I120 -> 0 | F121: 825147 | G121: =+G120*I120 -> 0
A122: เบทาโกรส่งแล้ว | B122: 20700 | C122: 424374
A123: เบทาโกรส่งแล้ว | B123: 20800 | C123: 155973
C126: รวมส่ง+ค้างส่ง | D126: ส่วนต่างCapคงเหลือ | E126: ส่วนต่างCapคงเหลือ | F126: คงเหลือ
C127: =+C50+C121 -> 1975256 | D127: =+D121-D50 -> 0 | E127: =+E121-E50 -> 0 | F127: =+F121-F50 -> 825147 | G127: =+G121-G50 -> 0
B129: 20700VN 20/7 | G129: 350000

Sheet ค้างตัด23-10-68
A2: งาน รอตัด หน้างาน 23/10 | B2: 39904
A3: ผลรวม ของ ค้างตัด | C3: ป้ายชื่อคอลัมน์
A4: ป้ายชื่อแถว | C4: 45954 | D4: 45955 | E4: 45957 | F4: 45958 | G4: 45959 | H4: 45960 | I4: 45961 | J4: ผลรวมทั้งหมด
A5: 954 แอล | B5: ขาว | E5: 2500 | J5: =SUM(C5:I5) -> 2500
A6: Soybean Meal | B6: ขาว | H6: 10000 | J6: =SUM(C6:I6) -> 10000
A7: TRJ | B7: ขาว | D7: 15000 | J7: =SUM(C7:I7) -> 15000
A8: TUNA MEAL MARIN TRUST | B8: ใส | H8: 10000 | J8: =SUM(C8:I8) -> 10000
A9: VC 100 | B9: ใส | G9: 30000 | J9: =SUM(C9:I9) -> 30000
A10: VC 120 | B10: ใส | G10: 50000 | J10: =SUM(C10:I10) -> 50000
A11: Y30 | B11: ขาว | I11: 10000 | J11: =SUM(C11:I11) -> 10000
A12: กัสโซ่ฟีด 101-102 | B12: ใส | I12: 10000 | J12: =SUM(C12:I12) -> 10000
A13: เกลือตรามือ 10กก. | B13: ใส | I13: 10000 | J13: =SUM(C13:I13) -> 10000
A14: ฉัตรทอง(แดง) | B14: ขาว | E14: 5000 | J14: =SUM(C14:I14) -> 5000
A15: ฉัตรทอง(บานเย็น) | B15: ขาว | E15: 5000 | J15: =SUM(C15:I15) -> 5000
A16: ฉัตรทอง(ฟ้า) | B16: ขาว | E16: 5000 | J16: =SUM(C16:I16) -> 5000
A17: ฉัตรทอง(เหลือง) | B17: ขาว | E17: 5000 | J17: =SUM(C17:I17) -> 5000
A18: ดวงใจ-ชมพู(ม่วง) | B18: ขาว | I18: 20000 | J18: =SUM(C18:I18) -> 20000
A19: ใบเตย | B19: ขาว | I19: 5000 | J19: =SUM(C19:I19) -> 5000
A20: เพอเฟคค์ 663 | B20: ขาว | I20: 10208 | J20: =SUM(C20:I20) -> 10208
A21: เพอเฟคค์ 664 | B21: ขาว | I21: 91786 | J21: =SUM(C21:I21) -> 91786
A22: เพอเฟคค์ 664HP | B22: ขาว | I22: 91374 | J22: =SUM(C22:I22)-K22 -> 21374 | K22: 70000
A23: เพอเฟคค์ 911 | B23: ด้าน | H23: 5040 | J23: =SUM(C23:I23) -> 5040
A24: เพอเฟคค์ 912 | B24: ด้าน | H24: 10928 | J24: =SUM(C24:I24) -> 10928
A25: เพอเฟคค์ 913 | B25: ด้าน | H25: 31933 | J25: =SUM(C25:I25) -> 31933
A26: เพอเฟคค์ 914 | B26: ด้าน | H26: 21174 | J26: =SUM(C26:I26) -> 21174
A27: เพอเฟคค์103P โกลด์ | B27: ด้าน | H27: 5040 | J27: =SUM(C27:I27) -> 5040
A28: เพอเฟคค์103S โกลด์ | B28: ด้าน | H28: 5040 | J28: =SUM(C28:I28) -> 5040
A29: เฟิร์สคลาส 912 | B29: ด้าน | H29: 5040 | J29: =SUM(C29:I29) -> 5040
A30: เฟิร์สช้อย 902 | B30: ด้าน | H30: 5283 | J30: =SUM(C30:I30) -> 5283
A31: เฟิร์สช้อย 911 | B31: ด้าน | H31: 5040 | J31: =SUM(C31:I31) -> 5040
A32: เฟิร์สช้อย 912 | B32: ด้าน | H32: 20604 | J32: =SUM(C32:I32) -> 20604
A33: เฟิร์สช้อย 913 | B33: ด้าน | H33: 10000 | J33: =SUM(C33:I33) -> 10000
A34: เฟิร์สช้อย 914 | B34: ด้าน | H34: 5040 | J34: =SUM(C34:I34) -> 5040
A35: มังกรเขียวMTS | B35: ขาว | C35: 10000 | J35: =SUM(C35:I35) -> 10000
A36: มาซู ฟีดบี042 | B36: ด้าน | F36: 3000 | J36: =SUM(C36:I36) -> 3000
A37: ไม่พิมพ์ | B37: ขาว | H37: 0 | I37: 3000 | J37: =SUM(C37:I37) -> 3000
A38: รถไฟฟ้า | B38: ขาว | I38: 5000 | J38: =SUM(C38:I38) -> 5000
A39: รถไฟฟ้าปูนขาวเย็น | B39: ขาว | I39: 20000 | J39: =SUM(C39:I39) -> 20000
A40: สุบรรณ 222 | B40: ด้าน | H40: 5040 | J40: =SUM(C40:I40) -> 5040
A41: สุบรรณ 333 | B41: ด้าน | H41: 5040 | J41: =SUM(C41:I41) -> 5040
A42: ผลรวมทั้งหมด | C42: =SUM(C5:C41) -> 10000 | D42: =SUM(D5:D41) -> 15000 | E42: =SUM(E5:E41) -> 22500 | F42: =SUM(F5:F41) -> 3000 | G42: =SUM(G5:G41) -> 80000 | H42: =SUM(H5:H41) -> 160242 | I42: =SUM(I5:I41) -> 276368 | J42: =SUM(J5:J41) -> 497110 | K42: =+J42 -> 497110 | L42: 0.08
J43: =+K42+L43 -> 536878.8 | L43: =+K42*L42 -> 39768.8 | P43: 7
L45: เช้า | M45: ดึก | N45: รวม
I46: เคลือบ | J46: =253242*1.08 -> 273501.36 | L46: 30000 | M46: 15000 | N46: =+L46+M46 -> 45000 | P46: =+J46/N46 -> 6.077808
I47: ขาว | J47: =(313868-K22-K21)*1.08 -> 263377.44 | L47: 20000 | M47: 15000 | N47: =+L47+M47 -> 35000 | P47: =+J47/N47 -> 7.5250697
J49: =+J46+J47 -> 536878.8 | L49: =+L46+L47 -> 50000 | M49: =+M46+M47 -> 30000 | N49: =+N46+N47 -> 80000 | P49: =+J43/N49 -> 6.710985

Sheet ค้างทอ22-10-68
A3: ผลรวม ของ ค้างทอ
A4: ป้ายชื่อแถว | B4: 45952 | C4: 45953 | D4: 45954 | E4: 45955 | F4: 45956 | G4: ผลรวมทั้งหมด
A5: WSWT1425800 | F5: 3537.9 | G5: =SUM(B5:F5) -> 3537.9
A6: WSWT1825800 | F6: 0 | G6: =SUM(B6:F6) -> 0
A7: WSWT1921720 | C7: 0 | G7: =SUM(B7:F7) -> 0
A8: WSWT19251000SM | E8: 4999.0248 | G8: =SUM(B8:F8) -> 4999.0248
A9: WSWT1925800 | G9: =SUM(B9:F9) -> 0
A10: WSWT2025700 | B10: 1715.76 | G10: =SUM(B10:F10) -> 1715.76
A11: WSWT2025800 | F11: 86173.5 | G11: =SUM(B11:F11) -> 86173.5
A12: WSWT2025800SM | B12: 0 | C12: 0 | D12: 0 | E12: 66884.022 | F12: 0 | G12: =SUM(B12:F12) -> 66884.022
A13: WSWT2025850 | B13: 0 | C13: 0 | D13: 0 | E13: 0 | F13: 0 | G13: =SUM(B13:F13) -> 0
A14: WSWT2121670SM | C14: 0 | E14: 0 | F14: 0 | G14: =SUM(B14:F14) -> 0
A15: WSWT2125650 | G15: =SUM(B15:F15) -> 0
A16: WSWT2321750 | F16: 17893.8 | G16: =SUM(B16:F16) -> 17893.8
A17: WSWT262575051 | E17: 0 | G17: =SUM(B17:F17) -> 0
A18: WSWT2625800 | E18: 0 | G18: =SUM(B18:F18) -> 0
A19: WSWT2625850SM | E19: 0 | G19: =SUM(B19:F19) -> 0
A20: WSWT2825850 | G20: =SUM(B20:F20) -> 0
A21: WSWTSCL052325650 | B21: 7205.7 | G21: =SUM(B21:F21) -> 7205.7
A22: ผลรวมทั้งหมด | B22: =SUM(B5:B21) -> 8921.46 | C22: =SUM(C5:C21) -> 0 | D22: =SUM(D5:D21) -> 0 | E22: =SUM(E5:E21) -> 71883.046 | F22: =SUM(F5:F21) -> 107605.2 | G22: =SUM(G5:G21) -> 188409.71

Sheet 23-10-68
B2: เรียงกำหนดส่ง | D2: ลบ 0 | T2: เรียง 1
B3: ข้อมูลUpdate ณ. วันที่ | D3: 45953 | E3: เวลา | G3: 11.56
A4: วันรับออร์เดอร์/แบบ | B4: เลขที่ SO | C4: ชื่อลูกค้า | E4: 10.3 | I4: น้ำหนัก | L4: บิด/จับจีบ | M4: ถุงใน | Q4: 44873 | S4: วิธีบรรจุ | T4: วันส่ง | U4: จำนวนส่ง | V4: ตัดเย็บ (ใบ) | W4: 44873 | X4: พิมพ์ (ใบ) | Y4: 44876 | Z4: ผ้าทอ (เมตร) Updateณ | AB4: 44876 | AD4: ผ้าเคลือบ(เมตร) | AF4: หมายเหตุ | AG4: เครื่อง
B5: เลขที่ SO | C5: ชื่อลูกค้า | D5: ตรา | E5: กว้าง | F5: ยาว | G5: สี | H5: เคลือบ | I5: กรัม/ใบ | J5: * | K5: aw | L5: บิด/จับจีบ | M5: กว้าง | N5: ยาว | O5: หนา | P5: ใช้(กก.) | Q5: Stock(กก.) | R5: ผลิต(กก.) | S5: วิธีบรรจุ | T5: วันส่ง | U5: จำนวนส่ง | V5: StockFG | W5: ค้างตัด | X5: พิมพ์แล้ว | Y5: ค้างพิมพ์ | Z5: ประเภท | AA5: ใช้ | AB5: Stock | AC5: ค้างทอ | AD5: Stock | AE5: ค้างเคลือบ | AF5: หมายเหตุ | AG5: ที่พิมพ์ได้ | AH5: process | AI5: Lead time | AJ5: วันที่ส่งPL | AK5: เคลือบ | AL5: ได้ ART | AM5: พิมพ์ | AN5: จีบ-บิด | AO5: ตัด-เย็บ | AP5: ทอ | AQ5: สวมถุง | AR5: เย็บปาก | AS5: PT | AT5: ม้วน | AU5: ตัด | AV5: ตอกตาไก่ | AW5: GROUP | AX5: ART | AY5: หมายเหตุปัญหา | AZ5: ราคา/ใบ | BA5: ราคารวม | BB5: workweek | BC5: เส้นเทป | BD5: จำนวน
A6: 45946 | B6: MK68-001239 | C6: หจก.ปึงเป้งน้ำ | D6: เกลือตรามือ 10กก. | E6: 14 | F6: 22 | G6: ขาว | H6: ใส | I6: 42 | J6: ± | K6: 5 | L6: ไม่ | M6: ไม่สวมถุงใน | N6: 0 | O6: 0 | P6: 0 | Q6: 0 | R6: 0 | S6: 500กระสอบแบน | T6: 45961 | U6: 10000 | V6: 0 | W6: 10000 | X6: 0 | Y6: 10500 | Z6: WSWT1425800 | AA6: 6565.9 | AB6: 5528 | AC6: 1037.9 | AD6: 636 | AE6: 5929.9 | AF6: 0 | AG6: พร้อมส่ง | AH6: P6 | AI6: 4 | AJ6: 45961 | AK6: 45957 | AL6: 45950 | AM6: 45958 | AN6: 45959 | AO6: 45960 | AP6: 45956 | AQ6: 0 | AR6: 0 | AS6: 0 | AT6: 0 | AU6: 0 | AV6: 0 | AW6: งานเคลือบ+พิมพ์ | AX6: / | AY6: 0 | AZ6: 0 | BA6: 0 | BB6: 0 | BC6: WRWT25800/WRWT25800 | BD6: 58.1224
A7: 0 | B7: 0 | C7: 0 | D7: 0 | E7: 14 | F7: 22 | G7: ขาว | H7: 0 | I7: 36 | J7: ± | K7: 5 | L7: 0 | M7: 0 | N7: 0 | O7: 0 | P7: 0 | Q7: 0 | R7: 0 | S7: 0 | U7: 0 | V7: 0 | W7: 0 | X7: 0 | Y7: 0 | Z7: WSWT1425800 | AA7: 6565.9 | AB7: 5528 | AC7: 1037.9 | AD7: 636 | AE7: 5929.9 | AF7: ระบุในSD | AG7: พร้อมส่ง | AH7: 0 | AI7: Lead time | AJ7: 0 | AK7: 0 | AL7: 0 | AM7: 0 | AN7: 0 | AO7: 0 | AP7: 0 | AQ7: 0 | AR7: 0 | AS7: 0 | AT7: 0 | AU7: 0 | AV7: 0 | AW7: 0 | AX7: 0 | AY7: 0 | AZ7: 0 | BA7: 0 | BB7: 0 | BC7: WRWT140800/WRWT25800 | BD7: 0
A8: ประมาณการ | B8: ประมาณการ | C8: บจก.เคอรี่ฟลาวมิลล์ | D8: โบว์แดง 10กก | E8: 16 | F8: 25 | G8: ขาว | H8: 0 | I8: 45 | J8: ± | K8: 5 | L8: ไม่ | M8: ไม่สวมถุงใน | N8: 0 | O8: 0 | P8: 0 | Q8: 0 | R8: 0 | S8: ห่ออัดเบลแบน500 | T8: รอแจ้ง | U8: 5000 | V8: 5000 | W8: 0 | X8: 5370 | Y8: 0 | Z8: WSWT1625800 | AA8: 0 | AB8: 0 | AC8: 0 | AD8: 0 | AE8: 0 | AF8: 0 | AG8: พร้อมส่ง | AH8: P7 | AI8: 2 | AJ8: รอแจ้ง | AK8: 0 | AL8: #VALUE! | AM8: #VALUE! | AN8: #VALUE! | AO8: #VALUE! | AP8: #VALUE! | AQ8: 0 | AR8: 0 | AS8: 0 | AT8: 0 | AU8: 0 | AV8: 0 | AW8: งานพิมพ์ | AX8: / | AY8: รอเก็บลบสีผสม | AZ8: 0 | BA8: 0 | BB8: 0 | BC8: WRWT25800/WRWT25800 | BD8: 0
A9: 0 | B9: 0 | C9: 0 | D9: 0 | E9: 16 | F9: 25 | G9: ขาว | H9: 0 | I9: 45 | J9: ± | K9: 5 | L9: 0 | M9: 0 | N9: 0 | O9: 0 | P9: 0 | Q9: 0 | R9: 0 | S9: 0 | U9: 0 | V9: 0 | W9: 0 | X9: 0 | Y9: 0 | Z9: WSWT1625800 | AA9: 0 | AB9: 0 | AC9: 0 | AD9: 0 | AE9: 0 | AF9: ระบุในSD | AG9: ยังไม่ได้พิมพ์ | AH9: 0 | AI9: Lead time | AJ9: 0 | AK9: 0 | AL9: 0 | AM9: 0 | AN9: 0 | AO9: 0 | AP9: 0 | AQ9: 0 | AR9: 0 | AS9: 0 | AT9: 0 | AU9: 0 | AV9: 0 | AW9: 0 | AX9: 0 | AY9: 0 | AZ9: 0 | BA9: 0 | BB9: 0 | BC9: WRWT160800/WRWT25800 | BD9: 0
A10: 45950 | B10: MK68-001247 | C10: บจก.ฟาเธอร์ส วิง ซัพพลาย | D10: รถไฟฟ้า | E10: 18 | F10: 30 | G10: ขาว | H10: 0 | I10: 54 | J10: ± | K10: 5 | L10: บิด | M10: 19 | N10: 33 | O10: 40 | P10: 77.343329 | Q10: 0 | R10: 77.343329 | S10: 500กระสอบ | T10: 45961 | U10: 5000 | V10: 0 | W10: 5000 | X10: 0 | Y10: 5250 | Z10: WSWT1825800 | AA10: 4400.55 | AB10: 4400.55 | AC10: 0 | AD10: 0 | AE10: 0 | AF10: 0 | AG10: ยังไม่ได้พิมพ์ | AH10: P9 | AI10: 3 | AJ10: 45961 | AK10: 0 | AL10: 45951 | AM10: 45958 | AN10: 45959 | AO10: 45959 | AP10: 45956 | AQ10: 45960 | AR10: 0 | AS10: 0 | AT10: 0 | AU10: 0 | AV10: 0 | AW10: งานพิมพ์ | AX10: / | AY10: 0 | AZ10: 0 | BA10: 0 | BB10: 0 | BC10: WRWT25800/WRWT25800 | BD10: 0
A11: 45950 | B11: MK68-001247 | C11: บจก.ฟาเธอร์ส วิง ซัพพลาย | D11: รถไฟฟ้าปูนขาวเย็น | E11: 18 | F11: 30 | G11: ขาว | H11: 0 | I11: 54 | J11: ± | K11: 5 | L11: บิด | M11: 19 | N11: 33 | O11: 40 | P11: 309.37332 | Q11: 0 | R11: 309.37332 | S11: 500กระสอบ | T11: 45961 | U11: 20000 | V11: 0 | W11: 20000 | X11: 5520 | Y11: 15204 | Z11: WSWT1825800 | AA11: 13381.192 | AB11: 13381.192 | AC11: 0 | AD11: 0 | AE11: 0 | AF11: 0 | AG11: ยังไม่ได้พิมพ์ | AH11: P9 | AI11: 3 | AJ11: 45961 | AK11: 0 | AL11: 45951 | AM11: 45958 | AN11: 45959 | AO11: 45959 | AP11: 45956 | AQ11: 45960 | AR11: 0 | AS11: 0 | AT11: 0 | AU11: 0 | AV11: 0 | AW11: งานพิมพ์ | AX11: / | AY11: 0 | AZ11: 0 | BA11: 0 | BB11: 0 | BC11: WRWT25800/WRWT25800 | BD11: 0
A12: 45950 | B12: MK68-001247 | C12: บจก.ฟาเธอร์ส วิง ซัพพลาย | D12: ไม่พิมพ์ | E12: 18 | F12: 30 | G12: ขาว | H12: 0 | I12: 54 | J12: ± | K12: 5 | L12: ไม่ | M12: 19 | N12: 33 | O12: 40 | P12: 46.405998 | Q12: 0 | R12: 46.405998 | S12: 500กระสอบ | T12: 45961 | U12: 3000 | V12: 0 | W12: 3000 | X12: 0 | Y12: 0 | Z12: WSWT1825800 | AA12: 2640.33 | AB12: 2640.33 | AC12: 0 | AD12: 0 | AE12: 0 | AF12: 0 | AG12: ยังไม่ได้พิมพ์ | AH12: P9 | AI12: 3 | AJ12: 45961 | AK12: 0 | AL12: 0 | AM12: 0 | AN12: 0 | AO12: 45957 | AP12: 45956 | AQ12: 45958 | AR12: 0 | AS12: 0 | AT12: 0 | AU12: 0 | AV12: 0 | AW12: ตัด | AX12: 0 | AY12: 0 | AZ12: 0 | BA12: 0 | BB12: 0 | BC12: WRWT25800/WRWT25800 | BD12: 0
A13: 0 | B13: ใบรับคำสั่งซื้อ | C13: บจก.ซีแมน | D13: Y30 | E13: 18 | F13: 25 | G13: ขาว | H13: 0 | I13: 50 | J13: ± | K13: 5 | L13: ไม่ | M13: 20 | N13: 27 | O13: 90 | P13: 299.75166 | Q13: 0 | R13: 299.75166 | S13: มัด100 | T13: 45961 | U13: 10000 | V13: 0 | W13: 10000 | X13: 0 | Y13: 10500 | Z13: WSWT1825800 | AA13: 7404.1 | AB13: 0 | AC13: 7404.1 | AD13: 0 | AE13: 0 | AF13: 0 | AG13: ยังไม่ได้พิมพ์ | AH13: P9 | AI13: 3 | AJ13: 45961 | AK13: 0 | AL13: 45951 | AM13: 45958 | AN13: 45959 | AO13: 45959 | AP13: 45956 | AQ13: 45960 | AR13: 0 | AS13: 0 | AT13: 0 | AU13: 0 | AV13: 0 | AW13: งานพิมพ์ | AX13: 0 | AY13: 0 | AZ13: 0 | BA13: 0 | BB13: 0 | BC13: WRWT25800/WRWT25800 | BD13: 509.40208
A14: 45923 | B14: MK68-001162 | C14: หจก.อนนท์อุตสาหกรรม | D14: ดาว 20 กก. | E14: 18 | F14: 28 | G14: ขาว | H14: 0 | I14: 50 | J14: ± | K14: 5 | L14: ไม่ | M14: 19 | N14: 31 | O14: 40 | P14: 363.27927 | Q14: 0 | R14: 363.27927 | S14: 500กระสอบแบน | T14: 45966 | U14: 25000 | V14: 0 | W14: 25000 | X14: 0 | Y14: 26250 | Z14: WSWT1825800 | AA14: 20605.75 | AB14: 20605.75 | AC14: 0 | AD14: 0 | AE14: 0 | AF14: 0 | AG14: ยังไม่ได้พิมพ์ | AH14: P9 | AI14: 3 | AJ14: 45966 | AK14: 0 | AL14: 45956 | AM14: 45963 | AN14: 45964 | AO14: 45964 | AP14: 45961 | AQ14: 45965 | AR14: 0 | AS14: 0 | AT14: 0 | AU14: 0 | AV14: 0 | AW14: งานพิมพ์ | AX14: / | AY14: 0 | AZ14: 0 | BA14: 0 | BB14: 0 | BC14: WRWT25800/WRWT25800 | BD14: 0
A15: 45923 | B15: MK68-001162 | C15: หจก.อนนท์อุตสาหกรรม | D15: ดาว 20 กก. | E15: 18 | F15: 28 | G15: ขาว | H15: 0 | I15: 50 | J15: ± | K15: 5 | L15: ไม่ | M15: 19 | N15: 31 | O15: 40 | P15: 363.27927 | Q15: 0 | R15: 363.27927 | S15: 500กระสอบแบน | T15: 45968 | U15: 25000 | V15: 0 | W15: 25000 | X15: 0 | Y15: 26250 | Z15: WSWT1825800 | AA15: 20605.75 | AB15: 20605.75 | AC15: 0 | AD15: 0 | AE15: 0 | AF15: 0 | AG15: พร้อมส่ง | AH15: P9 | AI15: 3 | AJ15: 45968 | AK15: 0 | AL15: 45958 | AM15: 45965 | AN15: 45966 | AO15: 45966 | AP15: 45963 | AQ15: 45967 | AR15: 0 | AS15: 0 | AT15: 0 | AU15: 0 | AV15: 0 | AW15: งานพิมพ์ | AX15: / | AY15: 0 | AZ15: 0 | BA15: 0 | BB15: 0 | BC15: WRWT25800/WRWT25800 | BD15: 0
A16: 45923 | B16: MK68-001162 | C16: หจก.อนนท์อุตสาหกรรม | D16: ดาว 20 กก. | E16: 18 | F16: 28 | G16: ขาว | H16: 0 | I16: 50 | J16: ± | K16: 5 | L16: ไม่ | M16: 19 | N16: 31 | O16: 40 | P16: 363.27927 | Q16: 0 | R16: 363.27927 | S16: 500กระสอบแบน | T16: 45972 | U16: 25000 | V16: 0 | W16: 25000 | X16: 0 | Y16: 26250 | Z16: WSWT1825800 | AA16: 20605.75 | AB16: 20605.75 | AC16: 0 | AD16: 0 | AE16: 0 | AF16: 0 | AG16: พร้อมส่ง | AH16: P9 | AI16: 3 | AJ16: 45972 | AK16: 0 | AL16: 45962 | AM16: 45969 | AN16: 45970 | AO16: 45970 | AP16: 45967 | AQ16: 45971 | AR16: 0 | AS16: 0 | AT16: 0 | AU16: 0 | AV16: 0 | AW16: งานพิมพ์ | AX16: / | AY16: 0 | AZ16: 0 | BA16: 0 | BB16: 0 | BC16: WRWT25800/WRWT25800 | BD16: 0
A17: 45923 | B17: MK68-001162 | C17: หจก.อนนท์อุตสาหกรรม | D17: ดาว 20 กก. | E17: 18 | F17: 28 | G17: ขาว | H17: 0 | I17: 50 | J17: ± | K17: 5 | L17: ไม่ | M17: 19 | N17: 31 | O17: 40 | P17: 363.27927 | Q17: 0 | R17: 363.27927 | S17: 500กระสอบแบน | T17: 45975 | U17: 25000 | V17: 0 | W17: 25000 | X17: 0 | Y17: 26250 | Z17: WSWT1825800 | AA17: 20605.75 | AB17: 20605.75 | AC17: 0 | AD17: 0 | AE17: 0 | AF17: 0 | AG17: พร้อมส่ง | AH17: P9 | AI17: 3 | AJ17: 45975 | AK17: 0 | AL17: 45965 | AM17: 45972 | AN17: 45973 | AO17: 45973 | AP17: 45970 | AQ17: 45974 | AR17: 0 | AS17: 0 | AT17: 0 | AU17: 0 | AV17: 0 | AW17: งานพิมพ์ | AX17: / | AY17: 0 | AZ17: 0 | BA17: 0 | BB17: 0 | BC17: WRWT25800/WRWT25800 | BD17: 0
A18: 0 | B18: 0 | E18: 18 | F18: 30 | G18: ขาว | H18: 0 | I18: 54 | J18: ± | K18: 5 | L18: 0 | M18: 0 | N18: 0 | O18: 0 | P18: 0 | Q18: 0 | R18: 0 | S18: 0 | U18: 0 | V18: 0 | W18: 0 | X18: 0 | Y18: 0 | Z18: WSWT1825800 | AA18: 110249.17 | AB18: 102845.07 | AC18: 7404.1 | AD18: 0 | AE18: 0 | AF18: ระบุในSD | AG18: รอตัด | AH18: 0 | AI18: Lead time | AJ18: 0 | AK18: 0 | AL18: 0 | AM18: 0 | AN18: 0 | AO18: 0 | AP18: 0 | AQ18: 0 | AR18: 0 | AS18: 0 | AT18: 0 | AU18: 0 | AV18: 0 | AW18: 0 | AX18: 0 | AY18: 0 | AZ18: 0 | BA18: 0 | BB18: 0 | BC18: WRWT25800/WRWT25800 | BD18: 0
A19: 45948 | B19: MK68-001246 | C19: บจก.เอ็มทีเอส | D19: มังกรเหลืองMTS | E19: 19 | F19: 30 | G19: ขาว | H19: 0 | I19: 60 | J19: ± | K19: 5 | L19: บิด | M19: ไม่สวมถุงใน | N19: 0 | O19: 0 | P19: 0 | Q19: 0 | R19: 0 | S19: 500กระสอบ | T19: 45954 | U19: 10000 | V19: 10000 | W19: 0 | X19: 10500 | Y19: 0 | Z19: WSWT1925800 | AA19: 0 | AB19: 0 | AC19: 0 | AD19: 0 | AE19: 0 | AF19: ลบสี | AG19: ยังไม่ได้พิมพ์ | AH19: P7 | AI19: 2 | AJ19: 45954 | AK19: 0 | AL19: 45945 | AM19: 45952 | AN19: 45953 | AO19: 45953 | AP19: 45949 | AQ19: 0 | AR19: 0 | AS19: 0 | AT19: 0 | AU19: 0 | AV19: 0 | AW19: งานพิมพ์ | AX19: / | AY19: 0 | AZ19: 0 | BA19: 0 | BB19: 0 | BC19: WRWT25800/WRWT25800 | BD19: 0
A20: 45948 | B20: MK68-001246 | C20: บจก.เอ็มทีเอส | D20: มังกรเขียวMTS | E20: 19 | F20: 30 | G20: ขาว | H20: 0 | I20: 60 | J20: ± | K20: 5 | L20: บิด | M20: ไม่สวมถุงใน | N20: 0 | O20: 0 | P20: 0 | Q20: 0 | R20: 0 | S20: 500กระสอบ | T20: 45954 | U20: 10000 | V20: 0 | W20: 10000 | X20: 10500 | Y20: 0 | Z20: WSWT1925800 | AA20: 0 | AB20: 0 | AC20: 0 | AD20: 0 | AE20: 0 | AF20: 0 | AG20: ยังไม่ได้พิมพ์ | AH20: P7 | AI20: 2 | AJ20: 45954 | AK20: 0 | AL20: 45945 | AM20: 45952 | AN20: 45953 | AO20: 45953 | AP20: 45949 | AQ20: 0 | AR20: 0 | AS20: 0 | AT20: 0 | AU20: 0 | AV20: 0 | AW20: งานพิมพ์ | AX20: / | AY20: 0 | AZ20: 0 | BA20: 0 | BB20: 0 | BC20: WRWT25800/WRWT25800 | BD20: 0
A21: 45948 | B21: MK68-001246 | C21: บจก.เอ็มทีเอส | D21: มังกรฟ้าMTS | E21: 19 | F21: 30 | G21: ขาว | H21: 0 | I21: 60 | J21: ± | K21: 5 | L21: บิด | M21: ไม่สวมถุงใน | N21: 0 | O21: 0 | P21: 0 | Q21: 0 | R21: 0 | S21: 500กระสอบ | T21: 45954 | U21: 4000 | V21: 4120 | W21: 0 | X21: 4200 | Y21: 0 | Z21: WSWT1925800 | AA21: 0 | AB21: 0 | AC21: 0 | AD21: 0 | AE21: 0 | AF21: 0 | AG21: ยังไม่ได้พิมพ์ | AH21: P7 | AI21: 2 | AJ21: 45954 | AK21: 0 | AL21: 45945 | AM21: 45952 | AN21: 45953 | AO21: 45953 | AP21: 45949 | AQ21: 0 | AR21: 0 | AS21: 0 | AT21: 0 | AU21: 0 | AV21: 0 | AW21: งานพิมพ์ | AX21: / | AY21: 0 | AZ21: 0 | BA21: 0 | BB21: 0 | BC21: WRWT25800/WRWT25800 | BD21: 0
A22: ประมาณการ | B22: ประมาณการ | C22: บจก.ไลม์มาสเตอร์ | D22: LMC 25 kg | E22: 19 | F22: 32 | G22: ขาว | H22: 0 | I22: 64 | J22: ± | K22: 5 | L22: ไม่ | M22: 20 | N22: 35 | O22: 40 | P22: 341.36903 | Q22: 0 | R22: 341.36903 | S22: 500กระสอบแบน | T22: 45961 | U22: 20000 | V22: 233 | W22: 19767 | X22: 0 | Y22: 20755.35 | Z22: WSWT1925800 | AA22: 18501.714 | AB22: 18501.714 | AC22: 0 | AD22: 0 | AE22: 0 | AF22: 0 | AG22: ยังไม่ได้พิมพ์ | AH22: P9 | AI22: 3 | AJ22: 45961 | AK22: 0 | AL22: 45951 | AM22: 45958 | AN22: 45959 | AO22: 45959 | AP22: 45956 | AQ22: 45960 | AR22: 0 | AS22: 0 | AT22: 0 | AU22: 0 | AV22: 0 | AW22: งานพิมพ์ | AX22: รอART | AY22: 0 | AZ22: 0 | BA22: 0 | BB22: 0 | BC22: WRWT25800/WRWT25800 | BD22: 0
A23: 45952 | B23: ใบรับคำสั่งซื้อ | C23: บจก.เพรซิเดนท์ฟลาวมิลล์ | D23: ผึ้งเหลือง | E23: 19 | F23: 30 | G23: ขาว | H23: 0 | I23: 60 | J23: ± | K23: 5 | L23: บิด | M23: ไม่สวมถุงใน | N23: 0 | O23: 0 | P23: 0 | Q23: 0 | R23: 0 | S23: 500กระสอบ | T23: 45973 | U23: 50000 | V23: 2563 | W23: 47437 | X23: 0 | Y23: 49808.85 | Z23: WSWT1925800 | AA23: 41749.778 | AB23: 41749.778 | AC23: 0 | AD23: 0 | AE23: 0 | AF23: 0 | AG23: รอแบบ | AH23: P7 | AI23: 2 | AJ23: 45973 | AK23: 0 | AL23: 45964 | AM23: 45971 | AN23: 45972 | AO23: 45972 | AP23: 45968 | AQ23: 0 | AR23: 0 | AS23: 0 | AT23: 0 | AU23: 0 | AV23: 0 | AW23: งานพิมพ์ | AX23: รอART | AY23: 0 | AZ23: 0 | BA23: 0 | BB23: 0 | BC23: WRWT25800/WRWT25800 | BD23: 0
A24: 45952 | B24: ใบรับคำสั่งซื้อ | C24: บจก.เพรซิเดนท์ฟลาวมิลล์ | D24: ผึ้งชมพู | E24: 19 | F24: 30 | G24: ขาว | H24: 0 | I24: 60 | J24: ± | K24: 5 | L24: บิด | M24: ไม่สวมถุงใน | N24: 0 | O24: 0 | P24: 0 | Q24: 0 | R24: 0 | S24: 500กระสอบ | T24: 45973 | U24: 20000 | V24: 4519 | W24: 15481 | X24: 0 | Y24: 16255.05 | Z24: WSWT1925800 | AA24: 13624.983 | AB24: 13624.983 | AC24: 0 | AD24: 0 | AE24: 0 | AF24: 0 | AG24: พร้อมส่ง | AH24: P7 | AI24: 2 | AJ24: 45973 | AK24: 0 | AL24: 45964 | AM24: 45971 | AN24: 45972 | AO24: 45972 | AP24: 45968 | AQ24: 0 | AR24: 0 | AS24: 0 | AT24: 0 | AU24: 0 | AV24: 0 | AW24: งานพิมพ์ | AX24: รอART | AY24: 0 | AZ24: 0 | BA24: 0 | BB24: 0 | BC24: WRWT25800/WRWT25800 | BD24: 0
A25: 45952 | B25: ใบรับคำสั่งซื้อ | C25: บจก.เพรซิเดนท์ฟลาวมิลล์ | D25: ผึ้งชมพู | E25: 19 | F25: 30 | G25: ขาว | H25: 0 | I25: 60 | J25: ± | K25: 5 | L25: บิด | M25: ไม่สวมถุงใน | N25: 0 | O25: 0 | P25: 0 | Q25: 0 | R25: 0 | S25: 500กระสอบ | T25: 45980 | U25: 40000 | V25: 0 | W25: 40000 | X25: 0 | Y25: 42000 | Z25: WSWT1925800 | AA25: 35204.4 | AB25: 18620 | AC25: 16584.4 | AD25: 0 | AE25: 0 | AF25: 0 | AG25: พร้อมส่ง | AH25: P7 | AI25: 2 | AJ25: 45980 | AK25: 0 | AL25: 45971 | AM25: 45978 | AN25: 45979 | AO25: 45979 | AP25: 45975 | AQ25: 0 | AR25: 0 | AS25: 0 | AT25: 0 | AU25: 0 | AV25: 0 | AW25: งานพิมพ์ | AX25: รอART | AY25: 0 | AZ25: 0 | BA25: 0 | BB25: 0 | BC25: WRWT25800/WRWT25800 | BD25: 1204.396
A26: ประมาณการ | B26: ประมาณการ | C26: บจก.เอ็กเซลเล้นท์ | D26: รอแบบ | E26: 19 | F26: 30 | G26: ขาว | H26: 0 | I26: 60 | J26: ± | K26: 5 | L26: บิด | M26: ไม่สวมถุงใน | N26: 0 | O26: 0 | P26: 0 | Q26: 0 | R26: 0 | S26: 500กระสอบ | T26: 45991 | U26: 40000 | V26: 0 | W26: 40000 | X26: 0 | Y26: 42000 | Z26: WSWT1925800 | AA26: 35204.4 | AB26: 0 | AC26: 35204.4 | AD26: 0 | AE26: 0 | AF26: 0 | AG26: พร้อมส่ง | AH26: P7 | AI26: 2 | AJ26: 45991 | AK26: 0 | AL26: 45982 | AM26: 45989 | AN26: 45990 | AO26: 45990 | AP26: 45986 | AQ26: 0 | AR26: 0 | AS26: 0 | AT26: 0 | AU26: 0 | AV26: 0 | AW26: งานพิมพ์ | AX26: รอART | AY26: 0 | AZ26: 0 | BA26: 0 | BB26: 0 | BC26: WRWT25800/WRWT25800 | BD26: 2556.6218
A27: 0 | B27: 0 | C27: 0 | D27: 0 | E27: 19 | F27: 30 | G27: ขาว | H27: 0 | I27: 60 | J27: ± | K27: 5 | L27: 0 | M27: 0 | N27: 0 | O27: 0 | P27: 0 | Q27: 0 | R27: 0 | S27: 0 | U27: 0 | V27: 0 | W27: 0 | X27: 0 | Y27: 0 | Z27: WSWT1925800 | AA27: 144285.28 | AB27: 92496.475 | AC27: 51788.8 | AD27: 0 | AE27: 0 | AF27: ระบุในSD | AG27: พร้อมส่ง | AH27: 0 | AI27: Lead time | AJ27: 0 | AK27: 0 | AL27: 0 | AM27: 0 | AN27: 0 | AO27: 0 | AP27: 0 | AQ27: 0 | AR27: 0 | AS27: 0 | AT27: 0 | AU27: 0 | AV27: 0 | AW27: 0 | AX27: 0 | AY27: 0 | AZ27: 0 | BA27: 0 | BB27: 0 | BC27: WRWT25800/WRWT25800 | BD27: 0
A28: 45941 | B28: MK68-001227 | C28: บจก.เคอรี่ฟลาวมิลล์ | D28: FW-Y | E28: 19 | F28: 32 | G28: ขาว | H28: 0 | I28: 67 | J28: + | K28: 5 | L28: ไม่ | M28: ไม่สวมถุงใน | N28: 0 | O28: 0 | P28: 0 | Q28: 0 | R28: 0 | S28: ห่ออัดเบลแบน501 | T28: 45954 | U28: 5000 | V28: 4905 | W28: 95 | X28: 5250 | Y28: 0 | Z28: WSWT1921720 | AA28: 0 | AB28: 0 | AC28: 0 | AD28: 0 | AE28: 0 | AF28: PDR250347 | AG28: พร้อมส่ง | AH28: P7 | AI28: 2 | AJ28: 45954 | AK28: 0 | AL28: 45945 | AM28: 45952 | AN28: 45953 | AO28: 45953 | AP28: 45949 | AQ28: 0 | AR28: 0 | AS28: 0 | AT28: 0 | AU28: 0 | AV28: 0 | AW28: งานพิมพ์ | AX28: / | AY28: 0 | AZ28: 0 | BA28: 0 | BB28: 0 | BC28: WRWT21720/WRWT25800 | BD28: 0
A29: 45941 | B29: MK68-001227 | C29: บจก.เคอรี่ฟลาวมิลล์ | D29: แต้มฟ้า | E29: 19 | F29: 32 | G29: ขาว | H29: 0 | I29: 67 | J29: + | K29: 5 | L29: บิด | M29: ไม่สวมถุงใน | N29: 0 | O29: 0 | P29: 0 | Q29: 0 | R29: 0 | S29: ห่ออัดเบลแบน501 | T29: 45954 | U29: 5000 | V29: 5000 | W29: 0 | X29: 5400 | Y29: 0 | Z29: WSWT1921720 | AA29: 0 | AB29: 0 | AC29: 0 | AD29: 0 | AE29: 0 | AF29: PDR250347 | AG29: พร้อมส่ง | AH29: P7 | AI29: 2 | AJ29: 45954 | AK29: 0 | AL29: 45945 | AM29: 45952 | AN29: 45953 | AO29: 45953 | AP29: 45949 | AQ29: 0 | AR29: 0 | AS29: 0 | AT29: 0 | AU29: 0 | AV29: 0 | AW29: งานพิมพ์ | AX29: / | AY29: 0 | AZ29: 0 | BA29: 0 | BB29: 0 | BC29: WRWT21720/WRWT25800 | BD29: 0
A30: 45941 | B30: MK68-001229 | C30: บจก.เคอรี่ฟลาวมิลล์ | D30: ถุงเขียว | E30: 19 | F30: 32 | G30: ขาว | H30: 0 | I30: 67 | J30: + | K30: 5 | L30: บิด | M30: ไม่สวมถุงใน | N30: 0 | O30: 0 | P30: 0 | Q30: 0 | R30: 0 | S30: ห่ออัดเบลแบน501 | T30: 45954 | U30: 10000 | V30: 10000 | W30: 0 | X30: 10400 | Y30: 0 | Z30: WSWT1921720 | AA30: 0 | AB30: 0 | AC30: 0 | AD30: 0 | AE30: 0 | AF30: PDR250348 | AG30: พร้อมส่ง | AH30: P7 | AI30: 2 | AJ30: 45954 | AK30: 0 | AL30: 45945 | AM30: 45952 | AN30: 45953 | AO30: 45953 | AP30: 45949 | AQ30: 0 | AR30: 0 | AS30: 0 | AT30: 0 | AU30: 0 | AV30: 0 | AW30: งานพิมพ์ | AX30: / | AY30: ลบสีจำนวนมาก | AZ30: 0 | BA30: 0 | BB30: 0 | BC30: WRWT21720/WRWT25800 | BD30: 0
A31: 45941 | B31: MK68-001229 | C31: บจก.เคอรี่ฟลาวมิลล์ | D31: ถุงทองแซนวิช | E31: 19 | F31: 32 | G31: ขาว | H31: 0 | I31: 67 | J31: + | K31: 5 | L31: บิด | M31: ไม่สวมถุงใน | N31: 0 | O31: 0 | P31: 0 | Q31: 0 | R31: 0 | S31: ห่ออัดเบลแบน501 | T31: 45954 | U31: 5000 | V31: 4826 | W31: 174 | X31: 5400 | Y31: 0 | Z31: WSWT1921720 | AA31: 0 | AB31: 0 | AC31: 0 | AD31: 0 | AE31: 0 | AF31: PDR250348 | AG31: พร้อมส่ง | AH31: P7 | AI31: 2 | AJ31: 45954 | AK31: 0 | AL31: 45945 | AM31: 45952 | AN31: 45953 | AO31: 45953 | AP31: 45949 | AQ31: 0 | AR31: 0 | AS31: 0 | AT31: 0 | AU31: 0 | AV31: 0 | AW31: งานพิมพ์ | AX31: / | AY31: 0 | AZ31: 0 | BA31: 0 | BB31: 0 | BC31: WRWT21720/WRWT25800 | BD31: 0
A32: 45941 | B32: MK68-001229 | C32: บจก.เคอรี่ฟลาวมิลล์ | D32: ปลาโลมาแดง | E32: 19 | F32: 32 | G32: ขาว | H32: 0 | I32: 67 | J32: + | K32: 5 | L32: บิด | M32: ไม่สวมถุงใน | N32: 0 | O32: 0 | P32: 0 | Q32: 0 | R32: 0 | S32: ห่ออัดเบลแบน501 | T32: 45954 | U32: 5000 | V32: 4758 | W32: 242 | X32: 5300 | Y32: 0 | Z32: WSWT1921720 | AA32: 0 | AB32: 0 | AC32: 0 | AD32: 0 | AE32: 0 | AF32: PDR250348 | AG32: พร้อมส่ง | AH32: P7 | AI32: 2 | AJ32: 45954 | AK32: 0 | AL32: 45945 | AM32: 45952 | AN32: 45953 | AO32: 45953 | AP32: 45949 | AQ32: 0 | AR32: 0 | AS32: 0 | AT32: 0 | AU32: 0 | AV32: 0 | AW32: งานพิมพ์ | AX32: / | AY32: 0 | AZ32: 0 | BA32: 0 | BB32: 0 | BC32: WRWT21720/WRWT25800 | BD32: 0
A33: 45941 | B33: MK68-001229 | C33: บจก.เคอรี่ฟลาวมิลล์ | D33: 997 | E33: 19 | F33: 32 | G33: ขาว | H33: 0 | I33: 67 | J33: + | K33: 5 | L33: ไม่ | M33: ไม่สวมถุงใน | N33: 0 | O33: 0 | P33: 0 | Q33: 0 | R33: 0 | S33: ห่ออัดเบลแบน501 | T33: 45954 | U33: 5000 | V33: 5000 | W33: 0 | X33: 5400 | Y33: 0 | Z33: WSWT1921720 | AA33: 0 | AB33: 0 | AC33: 0 | AD33: 0 | AE33: 0 | AF33: PDR250348 | AG33: พร้อมส่ง | AH33: P7 | AI33: 2 | AJ33: 45954 | AK33: 0 | AL33: 45945 | AM33: 45952 | AN33: 45953 | AO33: 45953 | AP33: 45949 | AQ33: 0 | AR33: 0 | AS33: 0 | AT33: 0 | AU33: 0 | AV33: 0 | AW33: งานพิมพ์ | AX33: / | AY33: 0 | AZ33: 0 | BA33: 0 | BB33: 0 | BC33: WRWT21720/WRWT25800 | BD33: 0
A34: 45941 | B34: MK68-001227 | C34: บจก.เคอรี่ฟลาวมิลล์ | D34: บะหมี่เตี๊ยว | E34: 19 | F34: 32 | G34: ขาว | H34: 0 | I34: 67 | J34: + | K34: 5 | L34: บิด | M34: ไม่สวมถุงใน | N34: 0 | O34: 0 | P34: 0 | Q34: 0 | R34: 0 | S34: ห่ออัดเบลแบน501 | T34: 45958 | U34: 5000 | V34: 5000 | W34: 0 | X34: 5250 | Y34: 0 | Z34: WSWT1921720 | AA34: 0 | AB34: 0 | AC34: 0 | AD34: 0 | AE34: 0 | AF34: PDR250349 | AG34: พร้อมส่ง | AH34: P7 | AI34: 2 | AJ34: 45958 | AK34: 0 | AL34: 45949 | AM34: 45956 | AN34: 45957 | AO34: 45957 | AP34: 45953 | AQ34: 0 | AR34: 0 | AS34: 0 | AT34: 0 | AU34: 0 | AV34: 0 | AW34: งานพิมพ์ | AX34: / | AY34: 0 | AZ34: 0 | BA34: 0 | BB34: 0 | BC34: WRWT21720/WRWT25800 | BD34: 0
A35: 45941 | B35: MK68-001227 | C35: บจก.เคอรี่ฟลาวมิลล์ | D35: แปดแต้มแดง | E35: 19 | F35: 32 | G35: ขาว | H35: 0 | I35: 67 | J35: + | K35: 5 | L35: บิด | M35: ไม่สวมถุงใน | N35: 0 | O35: 0 | P35: 0 | Q35: 0 | R35: 0 | S35: ห่ออัดเบลแบน501 | T35: 45958 | U35: 5000 | V35: 5000 | W35: 0 | X35: 5400 | Y35: 0 | Z35: WSWT1921720 | AA35: 0 | AB35: 0 | AC35: 0 | AD35: 0 | AE35: 0 | AF35: PDR250349 | AG35: ผ้าขาว | AH35: P7 | AI35: 2 | AJ35: 45958 | AK35: 0 | AL35: 45949 | AM35: 45956 | AN35: 45957 | AO35: 45957 | AP35: 45953 | AQ35: 0 | AR35: 0 | AS35: 0 | AT35: 0 | AU35: 0 | AV35: 0 | AW35: งานพิมพ์ | AX35: / | AY35: ลบสี | AZ35: 0 | BA35: 0 | BB35: 0 | BC35: WRWT21720/WRWT25800 | BD35: 0
A36: 45941 | B36: MK68-001227 | C36: บจก.เคอรี่ฟลาวมิลล์ | D36: PBKF2-01-03 | E36: 19 | F36: 32 | G36: ขาว | H36: 0 | I36: 67 | J36: + | K36: 5 | L36: บิด | M36: ไม่สวมถุงใน | N36: 0 | O36: 0 | P36: 0 | Q36: 0 | R36: 0 | S36: ห่ออัดเบลแบน501 | T36: 45958 | U36: 5000 | V36: 5000 | W36: 0 | X36: 5400 | Y36: 0 | Z36: WSWT1921720 | AA36: 0 | AB36: 0 | AC36: 0 | AD36: 0 | AE36: 0 | AF36: PDR250349 | AG36: ผ้าขาว | AH36: P7 | AI36: 2 | AJ36: 45958 | AK36: 0 | AL36: 45949 | AM36: 45956 | AN36: 45957 | AO36: 45957 | AP36: 45953 | AQ36: 0 | AR36: 0 | AS36: 0 | AT36: 0 | AU36: 0 | AV36: 0 | AW36: งานพิมพ์ | AX36: / | AY36: 0 | AZ36: 0 | BA36: 0 | BB36: 0 | BC36: WRWT21720/WRWT25800 | BD36: 0
A37: 45941 | B37: MK68-001227 | C37: บจก.เคอรี่ฟลาวมิลล์ | D37: ถุงเขียว | E37: 19 | F37: 32 | G37: ขาว | H37: 0 | I37: 67 | J37: + | K37: 5 | L37: บิด | M37: ไม่สวมถุงใน | N37: 0 | O37: 0 | P37: 0 | Q37: 0 | R37: 0 | S37: ห่ออัดเบลแบน501 | T37: 45958 | U37: 10000 | V37: 10000 | W37: 0 | X37: 10400 | Y37: 0 | Z37: WSWT1921720 | AA37: 0 | AB37: 0 | AC37: 0 | AD37: 0 | AE37: 0 | AF37: PDR250349 | AG37: ยังไม่ได้พิมพ์ | AH37: P7 | AI37: 2 | AJ37: 45958 | AK37: 0 | AL37: 45949 | AM37: 45956 | AN37: 45957 | AO37: 45957 | AP37: 45953 | AQ37: 0 | AR37: 0 | AS37: 0 | AT37: 0 | AU37: 0 | AV37: 0 | AW37: งานพิมพ์ | AX37: / | AY37: ลบสีจำนวนมาก | AZ37: 0 | BA37: 0 | BB37: 0 | BC37: WRWT21720/WRWT25800 | BD37: 0
A38: 45919 | B38: MK68-001143 | C38: บจก.เคอรี่ฟลาวมิลล์ | D38: ไม่พิมพ์ | E38: 19 | F38: 32 | G38: ขาว | H38: 0 | I38: 67 | J38: + | K38: 5 | L38: ไม่ | M38: ไม่สวมถุงใน | N38: 0 | O38: 0 | P38: 0 | Q38: 0 | R38: 0 | S38: ห่ออัดเบลแบน501 | T38: 45968 | U38: 20000 | V38: 21000 | W38: 0 | X38: 0 | Y38: 0 | Z38: WSWT1921720 | AA38: 0 | AB38: 0 | AC38: 0 | AD38: 0 | AE38: 0 | AF38: PDR250323 | AG38: ยังไม่ได้พิมพ์ | AH38: P3 | AI38: 1 | AJ38: 45968 | AK38: 0 | AL38: 0 | AM38: 0 | AN38: 0 | AO38: 45967 | AP38: 45963 | AQ38: 0 | AR38: 0 | AS38: 0 | AT38: 0 | AU38: 0 | AV38: 0 | AW38: ตัด | AX38: 0 | AY38: 0 | AZ38: 0 | BA38: 0 | BB38: 0 | BC38: WRWT21720/WRWT25800 | BD38: 0
A39: 45941 | B39: MK68-001231 | C39: บจก.เคอรี่ฟลาวมิลล์ | D39: ไม่พิมพ์ | E39: 19 | F39: 32 | G39: ขาว | H39: 0 | I39: 67 | J39: + | K39: 5 | L39: ไม่ | M39: ไม่สวมถุงใน | N39: 0 | O39: 0 | P39: 0 | Q39: 0 | R39: 0 | S39: ห่ออัดเบลแบน501 | T39: 45968 | U39: 20000 | V39: 20775 | W39: 0 | X39: 0 | Y39: 0 | Z39: WSWT1921720 | AA39: 0 | AB39: 0 | AC39: 0 | AD39: 0 | AE39: 0 | AF39: PDR250350 | AG39: ยังไม่ได้พิมพ์ | AH39: P3 | AI39: 1 | AJ39: 45968 | AK39: 0 | AL39: 0 | AM39: 0 | AN39: 0 | AO39: 45967 | AP39: 45963 | AQ39: 0 | AR39: 0 | AS39: 0 | AT39: 0 | AU39: 0 | AV39: 0 | AW39: ตัด | AX39: 0 | AY39: 0 | AZ39: 0 | BA39: 0 | BB39: 0 | BC39: WRWT21720/WRWT25800 | BD39: 0
A40: 45953 | B40: MK68-001270 | C40: บจก.เคอรี่ฟลาวมิลล์ | D40: ดอกไม้เหลือง | E40: 19 | F40: 32 | G40: ขาว | H40: 0 | I40: 67 | J40: + | K40: 5 | L40: บิด | M40: ไม่สวมถุงใน | N40: 0 | O40: 0 | P40: 0 | Q40: 0 | R40: 0 | S40: ห่ออัดเบลแบน500 | T40: 45965 | U40: 5000 | V40: 0 | W40: 5000 | X40: 0 | Y40: 5250 | Z40: WSWT1921720 | AA40: 4679.95 | AB40: 4679.95 | AC40: 0 | AD40: 0 | AE40: 0 | AF40: PDR250354 | AG40: ยังไม่ได้พิมพ์ | AH40: P7 | AI40: 2 | AJ40: 45965 | AK40: 0 | AL40: 45956 | AM40: 45963 | AN40: 45964 | AO40: 45964 | AP40: 45960 | AQ40: 0 | AR40: 0 | AS40: 0 | AT40: 0 | AU40: 0 | AV40: 0 | AW40: งานพิมพ์ | AX40: รอART | AY40: 0 | AZ40: 0 | BA40: 0 | BB40: 0 | BC40: WRWT21720/WRWT25800 | BD40: 0
A41: 45953 | B41: MK68-001270 | C41: บจก.เคอรี่ฟลาวมิลล์ | D41: โบว์แดง | E41: 19 | F41: 32 | G41: ขาว | H41: 0 | I41: 67 | J41: + | K41: 5 | L41: บิด | M41: ไม่สวมถุงใน | N41: 0 | O41: 0 | P41: 0 | Q41: 0 | R41: 0 | S41: ห่ออัดเบลแบน500 | T41: 45965 | U41: 5000 | V41: 0 | W41: 5000 | X41: 0 | Y41: 5250 | Z41: WSWT1921720 | AA41: 4679.95 | AB41: 4679.95 | AC41: 0 | AD41: 0 | AE41: 0 | AF41: PDR250354 | AG41: ยังไม่ได้พิมพ์ | AH41: P7 | AI41: 2 | AJ41: 45965 | AK41: 0 | AL41: 45956 | AM41: 45963 | AN41: 45964 | AO41: 45964 | AP41: 45960 | AQ41: 0 | AR41: 0 | AS41: 0 | AT41: 0 | AU41: 0 | AV41: 0 | AW41: งานพิมพ์ | AX41: รอART | AY41: 0 | AZ41: 0 | BA41: 0 | BB41: 0 | BC41: WRWT21720/WRWT25800 | BD41: 0
A42: 45953 | B42: MK68-001270 | C42: บจก.เคอรี่ฟลาวมิลล์ | D42: บลูทีมเหลือง | E42: 19 | F42: 32 | G42: ขาว | H42: 0 | I42: 67 | J42: + | K42: 5 | L42: บิด | M42: ไม่สวมถุงใน | N42: 0 | O42: 0 | P42: 0 | Q42: 0 | R42: 0 | S42: ห่ออัดเบลแบน500 | T42: 45965 | U42: 5000 | V42: 0 | W42: 5000 | X42: 0 | Y42: 5250 | Z42: WSWT1921720 | AA42: 4679.95 | AB42: 4679.95 | AC42: 0 | AD42: 0 | AE42: 0 | AF42: PDR250354 | AG42: ยังไม่ได้พิมพ์ | AH42: P7 | AI42: 2 | AJ42: 45965 | AK42: 0 | AL42: 45956 | AM42: 45963 | AN42: 45964 | AO42: 45964 | AP42: 45960 | AQ42: 0 | AR42: 0 | AS42: 0 | AT42: 0 | AU42: 0 | AV42: 0 | AW42: งานพิมพ์ | AX42: รอART | AY42: 0 | AZ42: 0 | BA42: 0 | BB42: 0 | BC42: WRWT21720/WRWT25800 | BD42: 0
A43: 45953 | B43: MK68-001270 | C43: บจก.เคอรี่ฟลาวมิลล์ | D43: กุ้งแดง | E43: 19 | F43: 32 | G43: ขาว | H43: 0 | I43: 67 | J43: + | K43: 5 | L43: บิด | M43: ไม่สวมถุงใน | N43: 0 | O43: 0 | P43: 0 | Q43: 0 | R43: 0 | S43: ห่ออัดเบลแบน500 | T43: 45965 | U43: 10000 | V43: 0 | W43: 10000 | X43: 0 | Y43: 10500 | Z43: WSWT1921720 | AA43: 9359.9 | AB43: 9359.9 | AC43: 0 | AD43: 0 | AE43: 0 | AF43: PDR250354 | AG43: ยังไม่ได้พิมพ์ | AH43: P7 | AI43: 2 | AJ43: 45965 | AK43: 0 | AL43: 45956 | AM43: 45963 | AN43: 45964 | AO43: 45964 | AP43: 45960 | AQ43: 0 | AR43: 0 | AS43: 0 | AT43: 0 | AU43: 0 | AV43: 0 | AW43: งานพิมพ์ | AX43: รอART | AY43: 0 | AZ43: 0 | BA43: 0 | BB43: 0 | BC43: WRWT21720/WRWT25800 | BD43: 0
A44: 45953 | B44: MK68-001271 | C44: บจก.เคอรี่ฟลาวมิลล์ | D44: แต้มเขียว | E44: 19 | F44: 32 | G44: ขาว | H44: 0 | I44: 67 | J44: + | K44: 5 | L44: บิด | M44: ไม่สวมถุงใน | N44: 0 | O44: 0 | P44: 0 | Q44: 0 | R44: 0 | S44: ห่ออัดเบลแบน500 | T44: 45965 | U44: 5000 | V44: 0 | W44: 5000 | X44: 0 | Y44: 5250 | Z44: WSWT1921720 | AA44: 4679.95 | AB44: 4679.95 | AC44: 0 | AD44: 0 | AE44: 0 | AF44: PDR250355 | AG44: ยังไม่ได้พิมพ์ | AH44: P7 | AI44: 2 | AJ44: 45965 | AK44: 0 | AL44: 45956 | AM44: 45963 | AN44: 45964 | AO44: 45964 | AP44: 45960 | AQ44: 0 | AR44: 0 | AS44: 0 | AT44: 0 | AU44: 0 | AV44: 0 | AW44: งานพิมพ์ | AX44: รอART | AY44: 0 | AZ44: 0 | BA44: 0 | BB44: 0 | BC44: WRWT21720/WRWT25800 | BD44: 0
A45: 45953 | B45: MK68-001271 | C45: บจก.เคอรี่ฟลาวมิลล์ | D45: บะหมี่ไข่คุณภาพดี | E45: 19 | F45: 32 | G45: ขาว | H45: 0 | I45: 67 | J45: + | K45: 5 | L45: บิด | M45: ไม่สวมถุงใน | N45: 0 | O45: 0 | P45: 0 | Q45: 0 | R45: 0 | S45: ห่ออัดเบลแบน500 | T45: 45965 | U45: 5000 | V45: 0 | W45: 5000 | X45: 0 | Y45: 5250 | Z45: WSWT1921720 | AA45: 4679.95 | AB45: 4679.95 | AC45: 0 | AD45: 0 | AE45: 0 | AF45: PDR250355 | AG45: ยังไม่ได้พิมพ์ | AH45: P7 | AI45: 2 | AJ45: 45965 | AK45: 0 | AL45: 45956 | AM45: 45963 | AN45: 45964 | AO45: 45964 | AP45: 45960 | AQ45: 0 | AR45: 0 | AS45: 0 | AT45: 0 | AU45: 0 | AV45: 0 | AW45: งานพิมพ์ | AX45: รอART | AY45: 0 | AZ45: 0 | BA45: 0 | BB45: 0 | BC45: WRWT21720/WRWT25800 | BD45: 0
A46: 45953 | B46: MK68-001271 | C46: บจก.เคอรี่ฟลาวมิลล์ | D46: HARD FLOUR | E46: 19 | F46: 32 | G46: ขาว | H46: 0 | I46: 67 | J46: + | K46: 5 | L46: บิด | M46: ไม่สวมถุงใน | N46: 0 | O46: 0 | P46: 0 | Q46: 0 | R46: 0 | S46: ห่ออัดเบลแบน500 | T46: 45965 | U46: 5000 | V46: 0 | W46: 5000 | X46: 0 | Y46: 5250 | Z46: WSWT1921720 | AA46: 4679.95 | AB46: 4679.95 | AC46: 0 | AD46: 0 | AE46: 0 | AF46: PDR250355 | AG46: ยังไม่ได้พิมพ์ | AH46: P7 | AI46: 2 | AJ46: 45965 | AK46: 0 | AL46: 45956 | AM46: 45963 | AN46: 45964 | AO46: 45964 | AP46: 45960 | AQ46: 0 | AR46: 0 | AS46: 0 | AT46: 0 | AU46: 0 | AV46: 0 | AW46: งานพิมพ์ | AX46: รอART | AY46: 0 | AZ46: 0 | BA46: 0 | BB46: 0 | BC46: WRWT21720/WRWT25800 | BD46: 0
A47: 45953 | B47: MK68-001271 | C47: บจก.เคอรี่ฟลาวมิลล์ | D47: 8S | E47: 19 | F47: 32 | G47: ขาว | H47: 0 | I47: 67 | J47: + | K47: 5 | L47: ไม่ | M47: ไม่สวมถุงใน | N47: 0 | O47: 0 | P47: 0 | Q47: 0 | R47: 0 | S47: ห่ออัดเบลแบน500 | T47: 45965 | U47: 5000 | V47: 0 | W47: 5000 | X47: 0 | Y47: 5250 | Z47: WSWT1921720 | AA47: 4679.95 | AB47: 4679.95 | AC47: 0 | AD47: 0 | AE47: 0 | AF47: PDR250355 | AG47: ยังไม่ได้พิมพ์ | AH47: P7 | AI47: 2 | AJ47: 45965 | AK47: 0 | AL47: 45956 | AM47: 45963 | AN47: 45964 | AO47: 45964 | AP47: 45960 | AQ47: 0 | AR47: 0 | AS47: 0 | AT47: 0 | AU47: 0 | AV47: 0 | AW47: งานพิมพ์ | AX47: รอART | AY47: 0 | AZ47: 0 | BA47: 0 | BB47: 0 | BC47: WRWT21720/WRWT25800 | BD47: 0
A48: 45953 | B48: MK68-001271 | C48: บจก.เคอรี่ฟลาวมิลล์ | D48: WHOLE WHEAT | E48: 19 | F48: 32 | G48: ขาว | H48: 0 | I48: 67 | J48: + | K48: 5 | L48: บิด | M48: ไม่สวมถุงใน | N48: 0 | O48: 0 | P48: 0 | Q48: 0 | R48: 0 | S48: ห่ออัดเบลแบน500 | T48: 45965 | U48: 5000 | V48: 0 | W48: 5000 | X48: 0 | Y48: 5250 | Z48: WSWT1921720 | AA48: 4679.95 | AB48: 4679.95 | AC48: 0 | AD48: 0 | AE48: 0 | AF48: PDR250355 | AG48: ยังไม่ได้พิมพ์ | AH48: P7 | AI48: 2 | AJ48: 45965 | AK48: 0 | AL48: 45956 | AM48: 45963 | AN48: 45964 | AO48: 45964 | AP48: 45960 | AQ48: 0 | AR48: 0 | AS48: 0 | AT48: 0 | AU48: 0 | AV48: 0 | AW48: งานพิมพ์ | AX48: รอART | AY48: 0 | AZ48: 0 | BA48: 0 | BB48: 0 | BC48: WRWT21720/WRWT25800 | BD48: 0
A49: 45953 | B49: MK68-001270 | C49: บจก.เคอรี่ฟลาวมิลล์ | D49: ปลาโลมาเทา | E49: 19 | F49: 32 | G49: ขาว | H49: 0 | I49: 67 | J49: + | K49: 5 | L49: บิด | M49: ไม่สวมถุงใน | N49: 0 | O49: 0 | P49: 0 | Q49: 0 | R49: 0 | S49: ห่ออัดเบลแบน500 | T49: 45967 | U49: 5000 | V49: 0 | W49: 5000 | X49: 0 | Y49: 5250 | Z49: WSWT1921720 | AA49: 4679.95 | AB49: 4679.95 | AC49: 0 | AD49: 0 | AE49: 0 | AF49: PDR250356 | AG49: ยังไม่ได้พิมพ์ | AH49: P7 | AI49: 2 | AJ49: 45967 | AK49: 0 | AL49: 45958 | AM49: 45965 | AN49: 45966 | AO49: 45966 | AP49: 45962 | AQ49: 0 | AR49: 0 | AS49: 0 | AT49: 0 | AU49: 0 | AV49: 0 | AW49: งานพิมพ์ | AX49: รอART | AY49: 0 | AZ49: 0 | BA49: 0 | BB49: 0 | BC49: WRWT21720/WRWT25800 | BD49: 0
A50: 45953 | B50: MK68-001270 | C50: บจก.เคอรี่ฟลาวมิลล์ | D50: ปลาโลมาแดง | E50: 19 | F50: 32 | G50: ขาว | H50: 0 | I50: 67 | J50: + | K50: 5 | L50: บิด | M50: ไม่สวมถุงใน | N50: 0 | O50: 0 | P50: 0 | Q50: 0 | R50: 0 | S50: ห่ออัดเบลแบน500 | T50: 45967 | U50: 5000 | V50: 0 | W50: 5000 | X50: 0 | Y50: 5250 | Z50: WSWT1921720 | AA50: 4679.95 | AB50: 4679.95 | AC50: 0 | AD50: 0 | AE50: 0 | AF50: PDR250356 | AG50: ยังไม่ได้พิมพ์ | AH50: P7 | AI50: 2 | AJ50: 45967 | AK50: 0 | AL50: 45958 | AM50: 45965 | AN50: 45966 | AO50: 45966 | AP50: 45962 | AQ50: 0 | AR50: 0 | AS50: 0 | AT50: 0 | AU50: 0 | AV50: 0 | AW50: งานพิมพ์ | AX50: รอART | AY50: 0 | AZ50: 0 | BA50: 0 | BB50: 0 | BC50: WRWT21720/WRWT25800 | BD50: 0
A51: 45953 | B51: MK68-001270 | C51: บจก.เคอรี่ฟลาวมิลล์ | D51: FW-Y | E51: 19 | F51: 32 | G51: ขาว | H51: 0 | I51: 67 | J51: + | K51: 5 | L51: ไม่ | M51: ไม่สวมถุงใน | N51: 0 | O51: 0 | P51: 0 | Q51: 0 | R51: 0 | S51: ห่ออัดเบลแบน500 | T51: 45967 | U51: 5000 | V51: 0 | W51: 5000 | X51: 0 | Y51: 5250 | Z51: WSWT1921720 | AA51: 4679.95 | AB51: 4679.95 | AC51: 0 | AD51: 0 | AE51: 0 | AF51: PDR250356 | AG51: ยังไม่ได้พิมพ์ | AH51: P7 | AI51: 2 | AJ51: 45967 | AK51: 0 | AL51: 45958 | AM51: 45965 | AN51: 45966 | AO51: 45966 | AP51: 45962 | AQ51: 0 | AR51: 0 | AS51: 0 | AT51: 0 | AU51: 0 | AV51: 0 | AW51: งานพิมพ์ | AX51: รอART | AY51: 0 | AZ51: 0 | BA51: 0 | BB51: 0 | BC51: WRWT21720/WRWT25800 | BD51: 0
... A55: 45953 | B55: MK68-001270 | C55: บจก.เคอรี่ฟลาวมิลล์ | D55: แต้มแดง | E55: 19 | F55: 32 | G55: ขาว | H55: 0 | I55: 67 | J55: + | K55: 5 | L55: บิด | M55: ไม่สวมถุงใน | N55: 0 | O55: 0 | P55: 0 | Q55: 0 | R55: 0 | S55: ห่ออัดเบลแบน500 | T55: 45969 | U55: 5000 | V55: 5232 | W55: 0 | X55: 5400 | Y55: 0 | Z55: WSWT1921720 | AA55: 0 | AB55: 0 | AC55: 0 | AD55: 0 | AE55: 0 | AF55: PDR250357 | AG55: ยังไม่ได้พิมพ์ | AH55: P7 | AI55: 2 | AJ55: 45969 | AK55: 0 | AL55: 45960 | AM55: 45967 | AN55: 45968 | AO55: 45968 | AP55: 45964 | AQ55: 0 | AR55: 0 | AS55: 0 | AT55: 0 | AU55: 0 | AV55: 0 | AW55: งานพิมพ์ | AX55: / | AY55: 0 | AZ55: 0 | BA55: 0 | BB55: 0 | BC55: WRWT21720/WRWT25800 | BD55: 0
A56: 45953 | B56: MK68-001270 | C56: บจก.เคอรี่ฟลาวมิลล์ | D56: 913 | E56: 19 | F56: 32 | G56: ขาว | H56: 0 | I56: 67 | J56: + | K56: 5 | L56: ไม่ | M56: ไม่สวมถุงใน | N56: 0 | O56: 0 | P56: 0 | Q56: 0 | R56: 0 | S56: ห่ออัดเบลแบน500 | T56: 45969 | U56: 5000 | V56: 0 | W56: 5000 | X56: 0 | Y56: 5250 | Z56: WSWT1921720 | AA56: 4679.95 | AB56: 3262 | AC56: 1417.95 | AD56: 0 | AE56: 0 | AF56: PDR250357 | AG56: ยังไม่ได้พิมพ์ | AH56: P7 | AI56: 2 | AJ56: 45969 | AK56: 0 | AL56: 45960 | AM56: 45967 | AN56: 45968 | AO56: 45968 | AP56: 45964 | AQ56: 0 | AR56: 0 | AS56: 0 | AT56: 0 | AU56: 0 | AV56: 0 | AW56: งานพิมพ์ | AX56: รอART | AY56: 0 | AZ56: 0 | BA56: 0 | BB56: 0 | BC56: WRWT21720/WRWT25800 | BD56: 106.8063
A57: 45953 | B57: MK68-001270 | C57: บจก.เคอรี่ฟลาวมิลล์ | D57: ถุงเขียว | E57: 19 | F57: 32 | G57: ขาว | H57: 0 | I57: 67 | J57: + | K57: 5 | L57: บิด | M57: ไม่สวมถุงใน | N57: 0 | O57: 0 | P57: 0 | Q57: 0 | R57: 0 | S57: ห่ออัดเบลแบน500 | T57: 45969 | U57: 10000 | V57: 0 | W57: 10000 | X57: 0 | Y57: 10500 | Z57: WSWT1921720 | AA57: 9359.9 | AB57: 0 | AC57: 9359.9 | AD57: 0 | AE57: 0 | AF57: PDR250357 | AG57: ยังไม่ได้พิมพ์ | AH57: P7 | AI57: 2 | AJ57: 45969 | AK57: 0 | AL57: 45960 | AM57: 45967 | AN57: 45968 | AO57: 45968 | AP57: 45964 | AQ57: 0 | AR57: 0 | AS57: 0 | AT57: 0 | AU57: 0 | AV57: 0 | AW57: งานพิมพ์ | AX57: รอART | AY57: 0 | AZ57: 0 | BA57: 0 | BB57: 0 | BC57: WRWT21720/WRWT25800 | BD57: 705.02927
A58: 45953 | B58: MK68-001271 | C58: บจก.เคอรี่ฟลาวมิลล์ | D58: ถุงเขียว | E58: 19 | F58: 32 | G58: ขาว | H58: 0 | I58: 67 | J58: + | K58: 5 | L58: บิด | M58: ไม่สวมถุงใน | N58: 0 | O58: 0 | P58: 0 | Q58: 0 | R58: 0 | S58: ห่ออัดเบลแบน500 | T58: 45969 | U58: 5000 | V58: 0 | W58: 5000 | X58: 0 | Y58: 5250 | Z58: WSWT1921720 | AA58: 4679.95 | AB58: 0 | AC58: 4679.95 | AD58: 0 | AE58: 0 | AF58: PDR250358 | AG58: ยังไม่ได้พิมพ์ | AH58: P7 | AI58: 2 | AJ58: 45969 | AK58: 0 | AL58: 45960 | AM58: 45967 | AN58: 45968 | AO58: 45968 | AP58: 45964 | AQ58: 0 | AR58: 0 | AS58: 0 | AT58: 0 | AU58: 0 | AV58: 0 | AW58: งานพิมพ์ | AX58: รอART | AY58: 0 | AZ58: 0 | BA58: 0 | BB58: 0 | BC58: WRWT21720/WRWT25800 | BD58: 352.51463
A59: 45953 | B59: MK68-001271 | C59: บจก.เคอรี่ฟลาวมิลล์ | D59: BS | E59: 19 | F59: 32 | G59: ขาว | H59: 0 | I59: 67 | J59: + | K59: 5 | L59: ไม่ | M59: ไม่สวมถุงใน | N59: 0 | O59: 0 | P59: 0 | Q59: 0 | R59: 0 | S59: ห่ออัดเบลแบน500 | T59: 45969 | U59: 5000 | V59: 0 | W59: 5000 | X59: 0 | Y59: 5250 | Z59: WSWT1921720 | AA59: 4679.95 | AB59: 0 | AC59: 4679.95 | AD59: 0 | AE59: 0 | AF59: PDR250358 | AG59: รอแบบ | AH59: P7 | AI59: 2 | AJ59: 45969 | AK59: 0 | AL59: 45960 | AM59: 45967 | AN59: 45968 | AO59: 45968 | AP59: 45964 | AQ59: 0 | AR59: 0 | AS59: 0 | AT59: 0 | AU59: 0 | AV59: 0 | AW59: งานพิมพ์ | AX59: รอART | AY59: 0 | AZ59: 0 | BA59: 0 | BB59: 0 | BC59: WRWT21720/WRWT25800 | BD59: 352.51463
A60: 45953 | B60: MK68-001271 | C60: บจก.เคอรี่ฟลาวมิลล์ | D60: BS(แต้มฟ้า) | E60: 19 | F60: 32 | G60: ขาว | H60: 0 | I60: 67 | J60: + | K60: 5 | L60: บิด | M60: ไม่สวมถุงใน | N60: 0 | O60: 0 | P60: 0 | Q60: 0 | R60: 0 | S60: ห่ออัดเบลแบน500 | T60: 45969 | U60: 5000 | V60: 0 | W60: 5000 | X60: 0 | Y60: 5250 | Z60: WSWT1921720 | AA60: 4679.95 | AB60: 0 | AC60: 4679.95 | AD60: 0 | AE60: 0 | AF60: PDR250358 | AG60: พร้อมส่ง | AH60: P7 | AI60: 2 | AJ60: 45969 | AK60: 0 | AL60: 45960 | AM60: 45967 | AN60: 45968 | AO60: 45968 | AP60: 45964 | AQ60: 0 | AR60: 0 | AS60: 0 | AT60: 0 | AU60: 0 | AV60: 0 | AW60: งานพิมพ์ | AX60: รอART | AY60: 0 | AZ60: 0 | BA60: 0 | BB60: 0 | BC60: WRWT21720/WRWT25800 | BD60: 352.51463
A61: 45953 | B61: MK68-001271 | C61: บจก.เคอรี่ฟลาวมิลล์ | D61: กุ้งแดง | E61: 19 | F61: 32 | G61: ขาว | H61: 0 | I61: 67 | J61: + | K61: 5 | L61: บิด | M61: ไม่สวมถุงใน | N61: 0 | O61: 0 | P61: 0 | Q61: 0 | R61: 0 | S61: ห่ออัดเบลแบน500 | T61: 45969 | U61: 10000 | V61: 0 | W61: 10000 | X61: 0 | Y61: 10500 | Z61: WSWT1921720 | AA61: 9359.9 | AB61: 0 | AC61: 9359.9 | AD61: 0 | AE61: 0 | AF61: PDR250358 | AG61: พร้อมส่ง | AH61: P7 | AI61: 2 | AJ61: 45969 | AK61: 0 | AL61: 45960 | AM61: 45967 | AN61: 45968 | AO61: 45968 | AP61: 45964 | AQ61: 0 | AR61: 0 | AS61: 0 | AT61: 0 | AU61: 0 | AV61: 0 | AW61: งานพิมพ์ | AX61: รอART | AY61: 0 | AZ61: 0 | BA61: 0 | BB61: 0 | BC61: WRWT21720/WRWT25800 | BD61: 705.02927
A62: ประมาณการ | B62: ประมาณการ | C62: บจก.เคอรี่ฟลาวมิลล์ | D62: รอแบบ | E62: 19 | F62: 32 | G62: ขาว | H62: 0 | I62: 67 | J62: + | K62: 5 | L62: บิด | M62: ไม่สวมถุงใน | N62: 0 | O62: 0 | P62: 0 | Q62: 0 | R62: 0 | S62: ห่ออัดเบลแบน500 | T62: 45991 | U62: 225000 | V62: 0 | W62: 225000 | X62: 0 | Y62: 236250 | Z62: WSWT1921720 | AA62: 210597.75 | AB62: 0 | AC62: 210597.75 | AD62: 0 | AE62: 0 | AF62: 0 | AG62: ยังไม่ได้พิมพ์ | AH62: P7 | AI62: 2 | AJ62: 45991 | AK62: 0 | AL62: 45982 | AM62: 45989 | AN62: 45990 | AO62: 45990 | AP62: 45986 | AQ62: 0 | AR62: 0 | AS62: 0 | AT62: 0 | AU62: 0 | AV62: 0 | AW62: งานพิมพ์ | AX62: รอART | AY62: 0 | AZ62: 0 | BA62: 0 | BB62: 0 | BC62: WRWT21720/WRWT25800 | BD62: 15863.159
A63: 0 | B63: 0 | C63: 0 | D63: 0 | E63: 19 | F63: 30 | G63: 0 | H63: 0 | I63: 63 | J63: + | K63: 5 | L63: 0 | M63: 0 | N63: 0 | O63: 0 | P63: 0 | Q63: 0 | R63: 0 | S63: 0 | U63: 0 | V63: 0 | W63: 0 | X63: 0 | Y63: 0 | Z63: WSWT1921720 | AA63: 322916.55 | AB63: 78141.2 | AC63: 244775.35 | AD63: 0 | AE63: 0 | AF63: ระบุในSD | AG63: ยังไม่ได้พิมพ์ | AH63: 0 | AI63: Lead time | AJ63: 0 | AK63: 0 | AL63: 0 | AM63: 0 | AN63: 0 | AO63: 0 | AP63: 0 | AQ63: 0 | AR63: 0 | AS63: 0 | AT63: 0 | AU63: 0 | AV63: 0 | AW63: 0 | AX63: 0 | AY63: 0 | AZ63: 0 | BA63: 0 | BB63: 0 | BC63: WRWT190720/WRWT25800 | BD63: 0
A64: 45951 | B64: MK68-001261 | C64: บจก.อินเทคค์ โกลบอล | D64: เพอเฟคค์103S โกลด์ | E64: 19 | F64: 35 | G64: ขาว | H64: ด้าน | I64: 102 | J64: ± | K64: 5 | L64: จับจีบ4" | M64: ไม่สวมถุงใน | N64: 0 | O64: 0 | P64: 0 | Q64: 0 | R64: 0 | S64: มัด80 ใช้สายรัด | T64: 45960 | U64: 5040 | V64: 0 | W64: 5040 | X64: 0 | Y64: 5292 | Z64: WSWT19251000SM | AA64: 5139.8424 | AB64: 5139.8424 | AC64: 0 | AD64: 3688 | AE64: 1451.8424 | AF64: 0 | AG64: พร้อมส่ง | AH64: P6 | AI64: 4 | AJ64: 45960 | AK64: 45956 | AL64: 45949 | AM64: 45957 | AN64: 45958 | AO64: 45959 | AP64: 45955 | AQ64: 0 | AR64: 0 | AS64: 0 | AT64: 0 | AU64: 0 | AV64: 0 | AW64: งานเคลือบ+พิมพ์ | AX64: 0 | AY64: 0 | AZ64: 0 | BA64: 0 | BB64: 0 | BC64: WRWT251000/WRWT251000 | BD64: 0
A65: 45951 | B65: MK68-001261 | C65: บจก.อินเทคค์ โกลบอล | D65: เพอเฟคค์103P โกลด์ | E65: 19 | F65: 34 | G65: ขาว | H65: ด้าน | I65: 100 | J65: ± | K65: 5 | L65: จับจีบ4" | M65: ไม่สวมถุงใน | N65: 0 | O65: 0 | P65: 0 | Q65: 0 | R65: 0 | S65: มัด80 ใช้สายรัด | T65: 45960 | U65: 5040 | V65: 0 | W65: 5040 | X65: 0 | Y65: 5292 | Z65: WSWT19251000SM | AA65: 4999.0248 | AB65: 0 | AC65: 4999.0248 | AD65: 0 | AE65: 4999.0248 | AF65: 0 | AG65: พร้อมส่ง | AH65: P6 | AI65: 4 | AJ65: 45960 | AK65: 45956 | AL65: 45949 | AM65: 45957 | AN65: 45958 | AO65: 45959 | AP65: 45955 | AQ65: 0 | AR65: 0 | AS65: 0 | AT65: 0 | AU65: 0 | AV65: 0 | AW65: งานเคลือบ+พิมพ์ | AX65: 0 | AY65: 0 | AZ65: 0 | BA65: 0 | BB65: 0 | BC65: WRWT251000/WRWT251000 | BD65: 422.13987
A66: 45905 | B66: MK68-001080 | C66: บจก.อินเทคค์ โกลบอล | D66: เพอเฟคค์104 โกลด์ | E66: 19 | F66: 34 | G66: ขาว | H66: ด้าน | I66: 100 | J66: ± | K66: 5 | L66: จับจีบ4" | M66: ไม่สวมถุงใน | N66: 0 | O66: 0 | P66: 0 | Q66: 0 | R66: 0 | S66: มัด80 ใช้สายรัด | T66: รอแจ้ง | U66: 109 | V66: 0 | W66: 109 | X66: 6124 | Y66: 0 | Z66: WSWT19251000SM | AA66: 0 | AB66: 0 | AC66: 0 | AD66: 0 | AE66: 0 | AF66: 0 | AG66: พร้อมส่ง | AH66: P6 | AI66: 4 | AJ66: รอแจ้ง | AK66: #VALUE! | AL66: #VALUE! | AM66: #VALUE! | AN66: #VALUE! | AO66: #VALUE! | AP66: #VALUE! | AQ66: 0 | AR66: 0 | AS66: 0 | AT66: 0 | AU66: 0 | AV66: 0 | AW66: งานเคลือบ+พิมพ์ | AX66: / | AY66: 0 | AZ66: 0 | BA66: 0 | BB66: 0 | BC66: WRWT251000/WRWT251000 | BD66: 0
A67: 0 | B67: 0 | C67: 0 | D67: 0 | E67: 19 | F67: 34 | G67: ขาว | H67: 0 | I67: 80 | J67: ± | K67: 5 | L67: 0 | M67: 0 | N67: 0 | O67: 0 | P67: 0 | Q67: 0 | R67: 0 | S67: 0 | U67: 0 | V67: 0 | W67: 0 | X67: 0 | Y67: 0 | Z67: WSWT19251000SM | AA67: 10138.867 | AB67: 5139.8424 | AC67: 4999.0248 | AD67: 3688 | AE67: 6450.8672 | AF67: ระบุในSD | AG67: พร้อมส่ง | AH67: 0 | AI67: Lead time | AJ67: 0 | AK67: 0 | AL67: 0 | AM67: 0 | AN67: 0 | AO67: 0 | AP67: 0 | AQ67: 0 | AR67: 0 | AS67: 0 | AT67: 0 | AU67: 0 | AV67: 0 | AW67: 0 | AX67: 0 | AY67: 0 | AZ67: 0 | BA67: 0 | BB67: 0 | BC67: WRWT251000/WRYL251000 | BD67: 0
A68: 45948 | B68: MK68-001246 | C68: บจก.เอ็มทีเอส | D68: แป้งหมักไก่แดงMTS(ถุงในเจาะรู) | E68: 20 | F68: 37 | G68: ขาว | H68: 0 | I68: 70 | J68: ± | K68: 5 | L68: บิด | M68: 21 | N68: 40 | O68: 40 | P68: 0 | Q68: 0 | R68: 0 | S68: 500กระสอบ | T68: 45954 | U68: 4000 | V68: 4000 | W68: 0 | X68: 4200 | Y68: 0 | Z68: WSWT2025700 | AA68: 0 | AB68: 0 | AC68: 0 | AD68: 0 | AE68: 0 | AF68: 0 | AG68: พร้อมส่ง | AH68: P9 | AI68: 3 | AJ68: 45954 | AK68: 0 | AL68: 45944 | AM68: 45951 | AN68: 45952 | AO68: 45952 | AP68: 45949 | AQ68: 45953 | AR68: 0 | AS68: 0 | AT68: 0 | AU68: 0 | AV68: 0 | AW68: งานพิมพ์ | AX68: / | AY68: 0 | AZ68: 0 | BA68: 0 | BB68: 0 | BC68: WRWT25800/WRWT25650 | BD68: 0
A69: 0 | B69: 0 | C69: 0 | D69: 0 | E69: 20 | F69: 37 | G69: ขาว | H69: 0 | I69: 70 | J69: ± | K69: 5 | L69: 0 | M69: 0 | N69: 0 | O69: 0 | P69: 0 | Q69: 0 | R69: 0 | S69: 0 | U69: 0 | V69: 0 | W69: 0 | X69: 0 | Y69: 0 | Z69: WSWT2025700 | AA69: 0 | AB69: 0 | AC69: 0 | AD69: 0 | AE69: 0 | AF69: ระบุในSD | AG69: พร้อมส่ง | AH69: 0 | AI69: Lead time | AJ69: 0 | AK69: 0 | AL69: 0 | AM69: 0 | AN69: 0 | AO69: 0 | AP69: 0 | AQ69: 0 | AR69: 0 | AS69: 0 | AT69: 0 | AU69: 0 | AV69: 0 | AW69: 0 | AX69: 0 | AY69: 0 | AZ69: 0 | BA69: 0 | BB69: 0 | BC69: WRWT25800/WRWT25650 | BD69: 0
A70: 45916 | B70: MK68-001119 | C70: บจก.ซันฟีด | D70: ขุนศึกเบอร์ 1 | E70: 20 | F70: 38 | G70: ขาว | H70: ด้าน | I70: 100 | J70: + | K70: 0 | L70: บิด | M70: ไม่สวมถุงใน | N70: 0 | O70: 0 | P70: 0 | Q70: 0 | R70: 0 | S70: 300กระสอบแบนเต็มใบ | T70: 45954 | U70: 5000 | V70: 5100 | W70: 0 | X70: 5050 | Y70: 0 | Z70: WSWT2025800SM | AA70: 0 | AB70: 0 | AC70: 0 | AD70: 0 | AE70: 0 | AF70: 0 | AG70: พร้อมส่ง | AH70: P6 | AI70: 4 | AJ70: 45954 | AK70: 45950 | AL70: 45943 | AM70: 45951 | AN70: 45952 | AO70: 45953 | AP70: 45949 | AQ70: 0 | AR70: 0 | AS70: 0 | AT70: 0 | AU70: 0 | AV70: 0 | AW70: งานเคลือบ+พิมพ์ | AX70: / | AY70: 0 | AZ70: 0 | BA70: 0 | BB70: 0 | BC70: WRWT25850/WRWT25850 | BD70: 0
A71: 45916 | B71: MK68-001119 | C71: บจก.ซันฟีด | D71: 953 | E71: 20 | F71: 38 | G71: ขาว | H71: ด้าน | I71: 100 | J71: + | K71: 0 | L71: ไม่ | M71: ไม่สวมถุงใน | N71: 0 | O71: 0 | P71: 0 | Q71: 0 | R71: 0 | S71: 300กระสอบแบนเต็มใบ | T71: 45961 | U71: 5000 | V71: 5000 | W71: 0 | X71: 5482 | Y71: 0 | Z71: WSWT2025800SM | AA71: 0 | AB71: 0 | AC71: 0 | AD71: 0 | AE71: 0 | AF71: 0 | AG71: พร้อมส่ง | AH71: P6 | AI71: 4 | AJ71: 45961 | AK71: 45957 | AL71: 45950 | AM71: 45958 | AN71: 45959 | AO71: 45960 | AP71: 45956 | AQ71: 0 | AR71: 0 | AS71: 0 | AT71: 0 | AU71: 0 | AV71: 0 | AW71: งานเคลือบ+พิมพ์ | AX71: / | AY71: 0 | AZ71: 0 | BA71: 0 | BB71: 0 | BC71: WRWT25850/WRWT25850 | BD71: 0
A72: 45916 | B72: MK68-001119 | C72: บจก.ซันฟีด | D72: ไอฟีดสุกร เบอร์ 2 | E72: 20 | F72: 38 | G72: ขาว | H72: ด้าน | I72: 100 | J72: + | K72: 0 | L72: บิด | M72: ไม่สวมถุงใน | N72: 0 | O72: 0 | P72: 0 | Q72: 0 | R72: 0 | S72: 300กระสอบแบนเต็มใบ | T72: 45957 | U72: 3500 | V72: 3500 | W72: 0 | X72: 3700 | Y72: 0 | Z72: WSWT2025800SM | AA72: 0 | AB72: 0 | AC72: 0 | AD72: 0 | AE72: 0 | AF72: 0 | AG72: พร้อมส่ง | AH72: P6 | AI72: 4 | AJ72: 45957 | AK72: 45953 | AL72: 45946 | AM72: 45954 | AN72: 45955 | AO72: 45956 | AP72: 45952 | AQ72: 0 | AR72: 0 | AS72: 0 | AT72: 0 | AU72: 0 | AV72: 0 | AW72: งานเคลือบ+พิมพ์ | AX72: / | AY72: ลบสี | AZ72: 0 | BA72: 0 | BB72: 0 | BC72: WRWT25850/WRWT25850 | BD72: 0
A73: 45916 | B73: MK68-001119 | C73: บจก.ซันฟีด | D73: ขุนศึกเบอร์ 2 | E73: 20 | F73: 38 | G73: ขาว | H73: ด้าน | I73: 100 | J73: + | K73: 0 | L73: บิด | M73: ไม่สวมถุงใน | N73: 0 | O73: 0 | P73: 0 | Q73: 0 | R73: 0 | S73: 300กระสอบแบนเต็มใบ | T73: 45958 | U73: 5000 | V73: 5000 | W73: 0 | X73: 5100 | Y73: 0 | Z73: WSWT2025800SM | AA73: 0 | AB73: 0 | AC73: 0 | AD73: 0 | AE73: 0 | AF73: 0 | AG73: พร้อมส่ง | AH73: P6 | AI73: 4 | AJ73: 45958 | AK73: 45954 | AL73: 45947 | AM73: 45955 | AN73: 45956 | AO73: 45957 | AP73: 45953 | AQ73: 0 | AR73: 0 | AS73: 0 | AT73: 0 | AU73: 0 | AV73: 0 | AW73: งานเคลือบ+พิมพ์ | AX73: / | AY73: 0 | AZ73: 0 | BA73: 0 | BB73: 0 | BC73: WRWT25850/WRWT25850 | BD73: 0
A74: 45916 | B74: MK68-001119 | C74: บจก.ซันฟีด | D74: ขุนศึกเบอร์ 1 | E74: 20 | F74: 38 | G74: ขาว | H74: ด้าน | I74: 100 | J74: + | K74: 0 | L74: บิด | M74: ไม่สวมถุงใน | N74: 0 | O74: 0 | P74: 0 | Q74: 0 | R74: 0 | S74: 300กระสอบแบนเต็มใบ | T74: 45959 | U74: 7500 | V74: 7500 | W74: 0 | X74: 7600 | Y74: 0 | Z74: WSWT2025800SM | AA74: 0 | AB74: 0 | AC74: 0 | AD74: 0 | AE74: 0 | AF74: 0 | AG74: ยังไม่ได้พิมพ์ | AH74: P6 | AI74: 4 | AJ74: 45959 | AK74: 45955 | AL74: 45948 | AM74: 45956 | AN74: 45957 | AO74: 45958 | AP74: 45954 | AQ74: 0 | AR74: 0 | AS74: 0 | AT74: 0 | AU74: 0 | AV74: 0 | AW74: งานเคลือบ+พิมพ์ | AX74: / | AY74: 0 | AZ74: 0 | BA74: 0 | BB74: 0 | BC74: WRWT25850/WRWT25850 | BD74: 0
A75: 45892 | B75: MK68-001027 | C75: บจก.เอสพีเอ็ม อาหารสัตว์ | D75: นีโอ 05 | E75: 20 | F75: 38 | G75: ขาว | H75: ด้าน | I75: 100 | J75: ± | K75: 5 | L75: ไม่ | M75: ไม่สวมถุงใน | N75: 0 | O75: 0 | P75: 0 | Q75: 0 | R75: 0 | S75: 500กระสอบแบน | T75: 45960 | U75: 6000 | V75: 6000 | W75: 0 | X75: 6100 | Y75: 0 | Z75: WSWT2025800SM | AA75: 0 | AB75: 0 | AC75: 0 | AD75: 0 | AE75: 0 | AF75: 0 | AG75: พร้อมส่ง | AH75: P6 | AI75: 4 | AJ75: 45960 | AK75: 45956 | AL75: 45949 | AM75: 45957 | AN75: 45958 | AO75: 45959 | AP75: 45955 | AQ75: 0 | AR75: 0 | AS75: 0 | AT75: 0 | AU75: 0 | AV75: 0 | AW75: งานเคลือบ+พิมพ์ | AX75: / | AY75: 0 | AZ75: 0 | BA75: 0 | BB75: 0 | BC75: WRWT25850/WRWT25850 | BD75: 0
A76: 45916 | B76: MK68-001119 | C76: บจก.ซันฟีด | D76: 952 | E76: 20 | F76: 38 | G76: ขาว | H76: ด้าน | I76: 100 | J76: + | K76: 0 | L76: ไม่ | M76: ไม่สวมถุงใน | N76: 0 | O76: 0 | P76: 0 | Q76: 0 | R76: 0 | S76: 300กระสอบแบนเต็มใบ | T76: 45958 | U76: 5000 | V76: 4596 | W76: 404 | X76: 5050 | Y76: 0 | Z76: WSWT2025800SM | AA76: 0 | AB76: 0 | AC76: 0 | AD76: 0 | AE76: 0 | AF76: 0 | AG76: ยังไม่ได้พิมพ์ | AH76: P6 | AI76: 4 | AJ76: 45958 | AK76: 45954 | AL76: 45947 | AM76: 45955 | AN76: 45956 | AO76: 45957 | AP76: 45953 | AQ76: 0 | AR76: 0 | AS76: 0 | AT76: 0 | AU76: 0 | AV76: 0 | AW76: งานเคลือบ+พิมพ์ | AX76: / | AY76: 0 | AZ76: 0 | BA76: 0 | BB76: 0 | BC76: WRWT25850/WRWT25850 | BD76: 0
A77: 45951 | B77: MK68-001253 | C77: บจก.อินเทคค์ โกลบอล | D77: เฟิร์สช้อย 902 | E77: 20 | F77: 36 | G77: ขาว | H77: ด้าน | I77: 100 | J77: ± | K77: 5 | L77: จับจีบ4" | M77: ไม่สวมถุงใน | N77: 0 | O77: 0 | P77: 0 | Q77: 0 | R77: 0 | S77: มัด80 ใช้สายรัด | T77: 45960 | U77: 5040 | V77: 0 | W77: 5040 | X77: 0 | Y77: 5292 | Z77: WSWT2025800SM | AA77: 5280.66 | AB77: 5280.66 | AC77: 0 | AD77: 5280.66 | AE77: 0 | AF77: 0 | AG77: ยังไม่ได้พิมพ์ | AH77: P6 | AI77: 4 | AJ77: 45960 | AK77: 45956 | AL77: 45949 | AM77: 45957 | AN77: 45958 | AO77: 45959 | AP77: 45955 | AQ77: 0 | AR77: 0 | AS77: 0 | AT77: 0 | AU77: 0 | AV77: 0 | AW77: งานเคลือบ+พิมพ์ | AX77: รอART | AY77: 0 | AZ77: 0 | BA77: 0 | BB77: 0 | BC77: WRWT25850/WRWT25850 | BD77: 0
A78: 45905 | B78: MK68-001079 | C78: บจก.อินเทคค์ โกลบอล | D78: เฟิร์สช้อย 902 | E78: 20 | F78: 36 | G78: ขาว | H78: ด้าน | I78: 100 | J78: ± | K78: 5 | L78: จับจีบ4" | M78: ไม่สวมถุงใน | N78: 0 | O78: 0 | P78: 0 | Q78: 0 | R78: 0 | S78: มัด80 ใช้สายรัด | T78: 45960 | U78: 243 | V78: 0 | W78: 243 | X78: 0 | Y78: 255.15 | Z78: WSWT2025800SM | AA78: 254.60325 | AB78: 254.60325 | AC78: 0 | AD78: 254.60325 | AE78: 0 | AF78: 0 | AG78: พร้อมส่ง | AH78: P6 | AI78: 4 | AJ78: 45960 | AK78: 45956 | AL78: 45949 | AM78: 45957 | AN78: 45958 | AO78: 45959 | AP78: 45955 | AQ78: 0 | AR78: 0 | AS78: 0 | AT78: 0 | AU78: 0 | AV78: 0 | AW78: งานเคลือบ+พิมพ์ | AX78: / | AY78: ลบสี | AZ78: 0 | BA78: 0 | BB78: 0 | BC78: WRWT25850/WRWT25850 | BD78: 0
A79: 45951 | B79: MK68-001253 | C79: บจก.อินเทคค์ โกลบอล | D79: เฟิร์สช้อย 911 | E79: 20 | F79: 36 | G79: ขาว | H79: ด้าน | I79: 100 | J79: ± | K79: 5 | L79: จับจีบ4" | M79: ไม่สวมถุงใน | N79: 0 | O79: 0 | P79: 0 | Q79: 0 | R79: 0 | S79: มัด80 ใช้สายรัด | T79: 45960 | U79: 5040 | V79: 0 | W79: 5040 | X79: 0 | Y79: 5292 | Z79: WSWT2025800SM | AA79: 5280.66 | AB79: 5280.66 | AC79: 0 | AD79: 5280.66 | AE79: 0 | AF79: 0 | AG79: ยังไม่ได้พิมพ์ | AH79: P6 | AI79: 4 | AJ79: 45960 | AK79: 45956 | AL79: 45949 | AM79: 45957 | AN79: 45958 | AO79: 45959 | AP79: 45955 | AQ79: 0 | AR79: 0 | AS79: 0 | AT79: 0 | AU79: 0 | AV79: 0 | AW79: งานเคลือบ+พิมพ์ | AX79: รอART | AY79: 0 | AZ79: 0 | BA79: 0 | BB79: 0 | BC79: WRWT25850/WRWT25850 | BD79: 0
A80: 45951 | B80: MK68-001254 | C80: บจก.อินเทคค์ โกลบอล | D80: เฟิร์สช้อย 912 | E80: 20 | F80: 36 | G80: ขาว | H80: ด้าน | I80: 100 | J80: ± | K80: 5 | L80: จับจีบ4" | M80: ไม่สวมถุงใน | N80: 0 | O80: 0 | P80: 0 | Q80: 0 | R80: 0 | S80: มัด80 ใช้สายรัด | T80: 45960 | U80: 20000 | V80: 0 | W80: 20000 | X80: 0 | Y80: 21000 | Z80: WSWT2025800SM | AA80: 20955 | AB80: 20955 | AC80: 0 | AD80: 20955 | AE80: 0 | AF80: 0 | AG80: ยังไม่ได้พิมพ์ | AH80: P6 | AI80: 4 | AJ80: 45960 | AK80: 45956 | AL80: 45949 | AM80: 45957 | AN80: 45958 | AO80: 45959 | AP80: 45955 | AQ80: 0 | AR80: 0 | AS80: 0 | AT80: 0 | AU80: 0 | AV80: 0 | AW80: งานเคลือบ+พิมพ์ | AX80: รอART | AY80: 4/11 10000 10/11 10000 | AZ80: 0 | BA80: 0 | BB80: 0 | BC80: WRWT25850/WRWT25850 | BD80: 0
A81: 45919 | B81: MK68-001121 | C81: บจก.อินเทคค์ โกลบอล | D81: เฟิร์สช้อย 912 | E81: 20 | F81: 36 | G81: ขาว | H81: ด้าน | I81: 100 | J81: ± | K81: 5 | L81: จับจีบ4" | M81: ไม่สวมถุงใน | N81: 0 | O81: 0 | P81: 0 | Q81: 0 | R81: 0 | S81: มัด80 ใช้สายรัด | T81: 45960 | U81: 604 | V81: 0 | W81: 604 | X81: 0 | Y81: 634.2 | Z81: WSWT2025800SM | AA81: 632.841 | AB81: 632.841 | AC81: 0 | AD81: 632.841 | AE81: 0 | AF81: 0 | AG81: ยังไม่ได้พิมพ์ | AH81: P6 | AI81: 4 | AJ81: 45960 | AK81: 45956 | AL81: 45949 | AM81: 45957 | AN81: 45958 | AO81: 45959 | AP81: 45955 | AQ81: 0 | AR81: 0 | AS81: 0 | AT81: 0 | AU81: 0 | AV81: 0 | AW81: งานเคลือบ+พิมพ์ | AX81: / | AY81: 0 | AZ81: 0 | BA81: 0 | BB81: 0 | BC81: WRWT25850/WRWT25850 | BD81: 0
A82: 45951 | B82: MK68-001254 | C82: บจก.อินเทคค์ โกลบอล | D82: เฟิร์สช้อย 913 | E82: 20 | F82: 36 | G82: ขาว | H82: ด้าน | I82: 100 | J82: ± | K82: 5 | L82: จับจีบ4" | M82: ไม่สวมถุงใน | N82: 0 | O82: 0 | P82: 0 | Q82: 0 | R82: 0 | S82: มัด80 ใช้สายรัด | T82: 45960 | U82: 10000 | V82: 0 | W82: 10000 | X82: 0 | Y82: 10500 | Z82: WSWT2025800SM | AA82: 10477.5 | AB82: 10477.5 | AC82: 0 | AD82: 10477.5 | AE82: 0 | AF82: 0 | AG82: ยังไม่ได้พิมพ์ | AH82: P6 | AI82: 4 | AJ82: 45960 | AK82: 45956 | AL82: 45949 | AM82: 45957 | AN82: 45958 | AO82: 45959 | AP82: 45955 | AQ82: 0 | AR82: 0 | AS82: 0 | AT82: 0 | AU82: 0 | AV82: 0 | AW82: งานเคลือบ+พิมพ์ | AX82: รอART | AY82: 0 | AZ82: 0 | BA82: 0 | BB82: 0 | BC82: WRWT25850/WRWT25850 | BD82: 0
A83: 45951 | B83: MK68-001255 | C83: บจก.อินเทคค์ โกลบอล | D83: เฟิร์สช้อย 914 | E83: 20 | F83: 36 | G83: ขาว | H83: ด้าน | I83: 100 | J83: ± | K83: 5 | L83: จับจีบ4" | M83: ไม่สวมถุงใน | N83: 0 | O83: 0 | P83: 0 | Q83: 0 | R83: 0 | S83: มัด80 ใช้สายรัด | T83: 45960 | U83: 5040 | V83: 0 | W83: 5040 | X83: 0 | Y83: 5292 | Z83: WSWT2025800SM | AA83: 5280.66 | AB83: 5280.66 | AC83: 0 | AD83: 5280.66 | AE83: 0 | AF83: 0 | AG83: ยังไม่ได้พิมพ์ | AH83: P6 | AI83: 4 | AJ83: 45960 | AK83: 45956 | AL83: 45949 | AM83: 45957 | AN83: 45958 | AO83: 45959 | AP83: 45955 | AQ83: 0 | AR83: 0 | AS83: 0 | AT83: 0 | AU83: 0 | AV83: 0 | AW83: งานเคลือบ+พิมพ์ | AX83: รอART | AY83: 0 | AZ83: 0 | BA83: 0 | BB83: 0 | BC83: WRWT25850/WRWT25850 | BD83: 0
A84: 45951 | B84: MK68-001255 | C84: บจก.อินเทคค์ โกลบอล | D84: เพอเฟคค์ 911 | E84: 20 | F84: 36 | G84: ขาว | H84: ด้าน | I84: 100 | J84: ± | K84: 5 | L84: จับจีบ4" | M84: ไม่สวมถุงใน | N84: 0 | O84: 0 | P84: 0 | Q84: 0 | R84: 0 | S84: มัด80 ใช้สายรัด | T84: 45960 | U84: 5040 | V84: 0 | W84: 5040 | X84: 0 | Y84: 5292 | Z84: WSWT2025800SM | AA84: 5280.66 | AB84: 5280.66 | AC84: 0 | AD84: 0 | AE84: 5280.66 | AF84: 0 | AG84: ยังไม่ได้พิมพ์ | AH84: P6 | AI84: 4 | AJ84: 45960 | AK84: 45956 | AL84: 45949 | AM84: 45957 | AN84: 45958 | AO84: 45959 | AP84: 45955 | AQ84: 0 | AR84: 0 | AS84: 0 | AT84: 0 | AU84: 0 | AV84: 0 | AW84: งานเคลือบ+พิมพ์ | AX84: รอART | AY84: 0 | AZ84: 0 | BA84: 0 | BB84: 0 | BC84: WRWT25850/WRWT25850 | BD84: 0
A85: 45951 | B85: MK68-001256 | C85: บจก.อินเทคค์ โกลบอล | D85: เพอเฟคค์ 912 | E85: 20 | F85: 36 | G85: ขาว | H85: ด้าน | I85: 100 | J85: ± | K85: 5 | L85: จับจีบ4" | M85: ไม่สวมถุงใน | N85: 0 | O85: 0 | P85: 0 | Q85: 0 | R85: 0 | S85: มัด80 ใช้สายรัด | T85: 45960 | U85: 10000 | V85: 0 | W85: 10000 | X85: 0 | Y85: 10500 | Z85: WSWT2025800SM | AA85: 10477.5 | AB85: 10477.5 | AC85: 0 | AD85: 10477.5 | AE85: 0 | AF85: 0 | AG85: ยังไม่ได้พิมพ์ | AH85: P6 | AI85: 4 | AJ85: 45960 | AK85: 45956 | AL85: 45949 | AM85: 45957 | AN85: 45958 | AO85: 45959 | AP85: 45955 | AQ85: 0 | AR85: 0 | AS85: 0 | AT85: 0 | AU85: 0 | AV85: 0 | AW85: งานเคลือบ+พิมพ์ | AX85: รอART | AY85: 0 | AZ85: 0 | BA85: 0 | BB85: 0 | BC85: WRWT25850/WRWT25850 | BD85: 0
A86: 45919 | B86: MK68-001123 | C86: บจก.อินเทคค์ โกลบอล | D86: เพอเฟคค์ 912 | E86: 20 | F86: 36 | G86: ขาว | H86: ด้าน | I86: 100 | J86: ± | K86: 5 | L86: จับจีบ4" | M86: ไม่สวมถุงใน | N86: 0 | O86: 0 | P86: 0 | Q86: 0 | R86: 0 | S86: มัด80 ใช้สายรัด | T86: 45960 | U86: 928 | V86: 0 | W86: 928 | X86: 0 | Y86: 974.4 | Z86: WSWT2025800SM | AA86: 972.312 | AB86: 972.312 | AC86: 0 | AD86: 972.312 | AE86: 0 | AF86: 0 | AG86: ยังไม่ได้พิมพ์ | AH86: P6 | AI86: 4 | AJ86: 45960 | AK86: 45956 | AL86: 45949 | AM86: 45957 | AN86: 45958 | AO86: 45959 | AP86: 45955 | AQ86: 0 | AR86: 0 | AS86: 0 | AT86: 0 | AU86: 0 | AV86: 0 | AW86: งานเคลือบ+พิมพ์ | AX86: / | AY86: ลบสีจำนวนมาก | AZ86: 0 | BA86: 0 | BB86: 0 | BC86: WRWT25850/WRWT25850 | BD86: 0
A87: 45951 | B87: MK68-001256 | C87: บจก.อินเทคค์ โกลบอล | D87: เพอเฟคค์ 914 | E87: 20 | F87: 36 | G87: ขาว | H87: ด้าน | I87: 100 | J87: ± | K87: 5 | L87: จับจีบ4" | M87: ไม่สวมถุงใน | N87: 0 | O87: 0 | P87: 0 | Q87: 0 | R87: 0 | S87: มัด80 ใช้สายรัด | T87: 45960 | U87: 20000 | V87: 0 | W87: 20000 | X87: 0 | Y87: 21000 | Z87: WSWT2025800SM | AA87: 20955 | AB87: 13246 | AC87: 7709 | AD87: 0 | AE87: 20955 | AF87: 0 | AG87: ยังไม่ได้พิมพ์ | AH87: P6 | AI87: 4 | AJ87: 45960 | AK87: 45956 | AL87: 45949 | AM87: 45957 | AN87: 45958 | AO87: 45959 | AP87: 45955 | AQ87: 0 | AR87: 0 | AS87: 0 | AT87: 0 | AU87: 0 | AV87: 0 | AW87: งานเคลือบ+พิมพ์ | AX87: รอART | AY87: 3/11 10000 10/11 10000 | AZ87: 0 | BA87: 0 | BB87: 0 | BC87: WRWT25850/WRWT25850 | BD87: 582.45778
A88: 45919 | B88: MK68-001122 | C88: บจก.อินเทคค์ โกลบอล | D88: เพอเฟคค์ 914 | E88: 20 | F88: 36 | G88: ขาว | H88: ด้าน | I88: 100 | J88: ± | K88: 5 | L88: จับจีบ4" | M88: ไม่สวมถุงใน | N88: 0 | O88: 0 | P88: 0 | Q88: 0 | R88: 0 | S88: มัด80 ใช้สายรัด | T88: 45960 | U88: 1174 | V88: 0 | W88: 1174 | X88: 0 | Y88: 1232.7 | Z88: WSWT2025800SM | AA88: 1230.0585 | AB88: 0 | AC88: 1230.0585 | AD88: 0 | AE88: 1230.0585 | AF88: 0 | AG88: ยังไม่ได้พิมพ์ | AH88: P6 | AI88: 4 | AJ88: 45960 | AK88: 45956 | AL88: 45949 | AM88: 45957 | AN88: 45958 | AO88: 45959 | AP88: 45955 | AQ88: 0 | AR88: 0 | AS88: 0 | AT88: 0 | AU88: 0 | AV88: 0 | AW88: งานเคลือบ+พิมพ์ | AX88: / | AY88: 0 | AZ88: 0 | BA88: 0 | BB88: 0 | BC88: WRWT25850/WRWT25850 | BD88: 92.937753
A89: 45951 | B89: MK68-001257 | C89: บจก.อินเทคค์ โกลบอล | D89: เพอเฟคค์ 913 | E89: 20 | F89: 36 | G89: ขาว | H89: ด้าน | I89: 100 | J89: ± | K89: 5 | L89: จับจีบ4" | M89: ไม่สวมถุงใน | N89: 0 | O89: 0 | P89: 0 | Q89: 0 | R89: 0 | S89: มัด80 ใช้สายรัด | T89: 45960 | U89: 30000 | V89: 0 | W89: 30000 | X89: 0 | Y89: 31500 | Z89: WSWT2025800SM | AA89: 31432.5 | AB89: 0 | AC89: 31432.5 | AD89: 0 | AE89: 31432.5 | AF89: 0 | AG89: ยังไม่ได้พิมพ์ | AH89: P6 | AI89: 4 | AJ89: 45960 | AK89: 45956 | AL89: 45949 | AM89: 45957 | AN89: 45958 | AO89: 45959 | AP89: 45955 | AQ89: 0 | AR89: 0 | AS89: 0 | AT89: 0 | AU89: 0 | AV89: 0 | AW89: งานเคลือบ+พิมพ์ | AX89: รอART | AY89: 3/11,10000 10/11,10000 17/11 ,10000 | AZ89: 0 | BA89: 0 | BB89: 0 | BC89: WRWT25850/WRWT25850 | BD89: 2374.9
A90: 45919 | B90: MK68-001124 | C90: บจก.อินเทคค์ โกลบอล | D90: เพอเฟคค์ 913 | E90: 20 | F90: 36 | G90: ขาว | H90: ด้าน | I90: 100 | J90: ± | K90: 5 | L90: จับจีบ4" | M90: ไม่สวมถุงใน | N90: 0 | O90: 0 | P90: 0 | Q90: 0 | R90: 0 | S90: มัด80 ใช้สายรัด | T90: 45960 | U90: 1933 | V90: 0 | W90: 1933 | X90: 0 | Y90: 2029.65 | Z90: WSWT2025800SM | AA90: 2025.3008 | AB90: 2025.3008 | AC90: 0 | AD90: 2025.3008 | AE90: 0 | AF90: 0 | AG90: ยังไม่ได้พิมพ์ | AH90: P6 | AI90: 4 | AJ90: 45960 | AK90: 45956 | AL90: 45949 | AM90: 45957 | AN90: 45958 | AO90: 45959 | AP90: 45955 | AQ90: 0 | AR90: 0 | AS90: 0 | AT90: 0 | AU90: 0 | AV90: 0 | AW90: งานเคลือบ+พิมพ์ | AX90: / | AY90: 0 | AZ90: 0 | BA90: 0 | BB90: 0 | BC90: WRWT25850/WRWT25850 | BD90: 0
A91: 45951 | B91: MK68-001262 | C91: บจก.อินเทคค์ โกลบอล | D91: สุบรรณ 222 | E91: 20 | F91: 36 | G91: ขาว | H91: ด้าน | I91: 100 | J91: ± | K91: 5 | L91: จับจีบ3.5" | M91: ไม่สวมถุงใน | N91: 0 | O91: 0 | P91: 0 | Q91: 0 | R91: 0 | S91: มัด80 ใช้สายรัด | T91: 45960 | U91: 5040 | V91: 0 | W91: 5040 | X91: 0 | Y91: 5292 | Z91: WSWT2025800SM | AA91: 5280.66 | AB91: 5280.66 | AC91: 0 | AD91: 5280.66 | AE91: 0 | AF91: 0 | AG91: พร้อมส่ง | AH91: P6 | AI91: 4 | AJ91: 45960 | AK91: 45956 | AL91: 45949 | AM91: 45957 | AN91: 45958 | AO91: 45959 | AP91: 45955 | AQ91: 0 | AR91: 0 | AS91: 0 | AT91: 0 | AU91: 0 | AV91: 0 | AW91: งานเคลือบ+พิมพ์ | AX91: รอART | AY91: 0 | AZ91: 0 | BA91: 0 | BB91: 0 | BC91: WRWT25850/WRWT25850 | BD91: 0
A92: 45951 | B92: MK68-001262 | C92: บจก.อินเทคค์ โกลบอล | D92: สุบรรณ 333 | E92: 20 | F92: 36 | G92: ขาว | H92: ด้าน | I92: 100 | J92: ± | K92: 5 | L92: จับจีบ3.5" | M92: ไม่สวมถุงใน | N92: 0 | O92: 0 | P92: 0 | Q92: 0 | R92: 0 | S92: มัด80 ใช้สายรัด | T92: 45960 | U92: 5040 | V92: 0 | W92: 5040 | X92: 0 | Y92: 5292 | Z92: WSWT2025800SM | AA92: 5280.66 | AB92: 5280.66 | AC92: 0 | AD92: 5280.66 | AE92: 0 | AF92: 0 | AG92: พร้อมส่ง | AH92: P6 | AI92: 4 | AJ92: 45960 | AK92: 45956 | AL92: 45949 | AM92: 45957 | AN92: 45958 | AO92: 45959 | AP92: 45955 | AQ92: 0 | AR92: 0 | AS92: 0 | AT92: 0 | AU92: 0 | AV92: 0 | AW92: งานเคลือบ+พิมพ์ | AX92: รอART | AY92: 0 | AZ92: 0 | BA92: 0 | BB92: 0 | BC92: WRWT25850/WRWT25850 | BD92: 0
A93: 45951 | B93: MK68-001263 | C93: บจก.อินเทคค์ โกลบอล | D93: เฟิร์สคลาส 912 | E93: 20 | F93: 35 | G93: ขาว | H93: ด้าน | I93: 97 | J93: ± | K93: 5 | L93: จับจีบ4" | M93: ไม่สวมถุงใน | N93: 0 | O93: 0 | P93: 0 | Q93: 0 | R93: 0 | S93: มัด80 ใช้สายรัด | T93: 45960 | U93: 5040 | V93: 0 | W93: 5040 | X93: 0 | Y93: 5292 | Z93: WSWT2025800SM | AA93: 5139.8424 | AB93: 5139.8424 | AC93: 0 | AD93: 5139.8424 | AE93: 0 | AF93: 0 | AG93: พร้อมส่ง | AH93: P6 | AI93: 4 | AJ93: 45960 | AK93: 45956 | AL93: 45949 | AM93: 45957 | AN93: 45958 | AO93: 45959 | AP93: 45955 | AQ93: 0 | AR93: 0 | AS93: 0 | AT93: 0 | AU93: 0 | AV93: 0 | AW93: งานเคลือบ+พิมพ์ | AX93: รอART | AY93: 0 | AZ93: 0 | BA93: 0 | BB93: 0 | BC93: WRWT25850/WRWT25850 | BD93: 0
A94: 45916 | B94: MK68-001119 | C94: บจก.ซันฟีด | D94: 007 | E94: 20 | F94: 38 | G94: ขาว | H94: ด้าน | I94: 100 | J94: + | K94: 0 | L94: ไม่ | M94: ไม่สวมถุงใน | N94: 0 | O94: 0 | P94: 0 | Q94: 0 | R94: 0 | S94: 300กระสอบแบนเต็มใบ | T94: 45961 | U94: 2500 | V94: 2500 | W94: 0 | X94: 2550 | Y94: 0 | Z94: WSWT2025800SM | AA94: 0 | AB94: 0 | AC94: 0 | AD94: 0 | AE94: 0 | AF94: 0 | AG94: ยังไม่ได้พิมพ์ | AH94: P6 | AI94: 4 | AJ94: 45961 | AK94: 45957 | AL94: 45950 | AM94: 45958 | AN94: 45959 | AO94: 45960 | AP94: 45956 | AQ94: 0 | AR94: 0 | AS94: 0 | AT94: 0 | AU94: 0 | AV94: 0 | AW94: งานเคลือบ+พิมพ์ | AX94: / | AY94: 0 | AZ94: 0 | BA94: 0 | BB94: 0 | BC94: WRWT25850/WRWT25850 | BD94: 0
A95: 45911 | B95: MK68-001106 | C95: บจก.เอพีเอ็ม อะโกร | D95: วี-ฟีด วี 06 | E95: 20 | F95: 38 | G95: ขาว | H95: ใส | I95: 100 | J95: ± | K95: 5 | L95: บิด | M95: ไม่สวมถุงใน | N95: 0 | O95: 0 | P95: 0 | Q95: 0 | R95: 0 | S95: 500กระสอบแบน | T95: 45961 | U95: 3000 | V95: 3000 | W95: 0 | X95: 3100 | Y95: 0 | Z95: WSWT2025800SM | AA95: 0 | AB95: 0 | AC95: 0 | AD95: 0 | AE95: 0 | AF95: 0 | AG95: ยังไม่ได้พิมพ์ | AH95: P6 | AI95: 4 | AJ95: 45961 | AK95: 45957 | AL95: 45950 | AM95: 45958 | AN95: 45959 | AO95: 45960 | AP95: 45956 | AQ95: 0 | AR95: 0 | AS95: 0 | AT95: 0 | AU95: 0 | AV95: 0 | AW95: งานเคลือบ+พิมพ์ | AX95: / | AY95: 0 | AZ95: 0 | BA95: 0 | BB95: 0 | BC95: WRWT25850/WRWT25850 | BD95: 0
A96: 45891 | B96: MK68-001035 | C96: บจก.เอสพีเอ็ม อาหารสัตว์ | D96: นาโน 02 | E96: 20 | F96: 38 | G96: ขาว | H96: ด้าน | I96: 100 | J96: ± | K96: 5 | L96: บิด | M96: ไม่สวมถุงใน | N96: 0 | O96: 0 | P96: 0 | Q96: 0 | R96: 0 | S96: 500กระสอบแบน | T96: 45962 | U96: 6000 | V96: 5500 | W96: 500 | X96: 9455 | Y96: 0 | Z96: WSWT2025800SM | AA96: 0 | AB96: 0 | AC96: 0 | AD96: 0 | AE96: 0 | AF96: 0 | AG96: พร้อมส่ง | AH96: P6 | AI96: 5 | AJ96: 45962 | AK96: 45957 | AL96: 45950 | AM96: 45958 | AN96: 45959 | AO96: 45960 | AP96: 45957 | AQ96: 0 | AR96: 0 | AS96: 0 | AT96: 0 | AU96: 0 | AV96: 0 | AW96: งานเคลือบ+พิมพ์ | AX96: / | AY96: 8500 | AZ96: 0 | BA96: 0 | BB96: 0 | BC96: WRWT25850/WRWT25850 | BD96: 0
A97: 45916 | B97: MK68-001119 | C97: บจก.ซันฟีด | D97: 952 | E97: 20 | F97: 38 | G97: ขาว | H97: ด้าน | I97: 100 | J97: + | K97: 0 | L97: ไม่ | M97: ไม่สวมถุงใน | N97: 0 | O97: 0 | P97: 0 | Q97: 0 | R97: 0 | S97: 300กระสอบแบนเต็มใบ | T97: 45964 | U97: 5000 | V97: 0 | W97: 5000 | X97: 0 | Y97: 5250 | Z97: WSWT2025800SM | AA97: 5518.15 | AB97: 5518.15 | AC97: 0 | AD97: 5518.15 | AE97: 0 | AF97: 0 | AG97: พร้อมส่ง | AH97: P6 | AI97: 4 | AJ97: 45964 | AK97: 45960 | AL97: 45953 | AM97: 45961 | AN97: 45962 | AO97: 45963 | AP97: 45959 | AQ97: 0 | AR97: 0 | AS97: 0 | AT97: 0 | AU97: 0 | AV97: 0 | AW97: งานเคลือบ+พิมพ์ | AX97: / | AY97: 0 | AZ97: 0 | BA97: 0 | BB97: 0 | BC97: WRWT25850/WRWT25850 | BD97: 0
A98: 45916 | B98: MK68-001119 | C98: บจก.ซันฟีด | D98: 956 | E98: 20 | F98: 38 | G98: ขาว | H98: ด้าน | I98: 100 | J98: + | K98: 0 | L98: ไม่ | M98: ไม่สวมถุงใน | N98: 0 | O98: 0 | P98: 0 | Q98: 0 | R98: 0 | S98: 300กระสอบแบนเต็มใบ | T98: 45965 | U98: 2500 | V98: 1371 | W98: 1129 | X98: 0 | Y98: 1185.45 | Z98: WSWT2025800SM | AA98: 1245.9983 | AB98: 0 | AC98: 1245.9983 | AD98: 0 | AE98: 1245.9983 | AF98: 0 | AG98: พิมพ์ไม่ครบ | AH98: P6 | AI98: 4 | AJ98: 45965 | AK98: 45961 | AL98: 45954 | AM98: 45962 | AN98: 45963 | AO98: 45964 | AP98: 45960 | AQ98: 0 | AR98: 0 | AS98: 0 | AT98: 0 | AU98: 0 | AV98: 0 | AW98: งานเคลือบ+พิมพ์ | AX98: / | AY98: 0 | AZ98: 0 | BA98: 0 | BB98: 0 | BC98: WRWT25850/WRWT25850 | BD98: 94.142092
A99: 45916 | B99: MK68-001119 | C99: บจก.ซันฟีด | D99: 953 | E99: 20 | F99: 38 | G99: ขาว | H99: ด้าน | I99: 100 | J99: + | K99: 0 | L99: ไม่ | M99: ไม่สวมถุงใน | N99: 0 | O99: 0 | P99: 0 | Q99: 0 | R99: 0 | S99: 300กระสอบแบนเต็มใบ | T99: 45965 | U99: 5000 | V99: 4750 | W99: 250 | X99: 5482 | Y99: 0 | Z99: WSWT2025800SM | AA99: 0 | AB99: 0 | AC99: 0 | AD99: 0 | AE99: 0 | AF99: 0 | AG99: ยังไม่ได้พิมพ์ | AH99: P6 | AI99: 4 | AJ99: 45965 | AK99: 45961 | AL99: 45954 | AM99: 45962 | AN99: 45963 | AO99: 45964 | AP99: 45960 | AQ99: 0 | AR99: 0 | AS99: 0 | AT99: 0 | AU99: 0 | AV99: 0 | AW99: งานเคลือบ+พิมพ์ | AX99: / | AY99: 0 | AZ99: 0 | BA99: 0 | BB99: 0 | BC99: WRWT25850/WRWT25850 | BD99: 0
A100: 45916 | B100: MK68-001119 | C100: บจก.ซันฟีด | D100: ขุนศึกเบอร์ 2 | E100: 20 | F100: 38 | G100: ขาว | H100: ด้าน | I100: 100 | J100: + | K100: 0 | L100: บิด | M100: ไม่สวมถุงใน | N100: 0 | O100: 0 | P100: 0 | Q100: 0 | R100: 0 | S100: 300กระสอบแบนเต็มใบ | T100: 45965 | U100: 5000 | V100: 4900 | W100: 100 | X100: 5385 | Y100: 0 | Z100: WSWT2025800SM | AA100: 0 | AB100: 0 | AC100: 0 | AD100: 0 | AE100: 0 | AF100: 0 | AG100: ยังไม่ได้พิมพ์ | AH100: P6 | AI100: 4 | AJ100: 45965 | AK100: 45961 | AL100: 45954 | AM100: 45962 | AN100: 45963 | AO100: 45964 | AP100: 45960 | AQ100: 0 | AR100: 0 | AS100: 0 | AT100: 0 | AU100: 0 | AV100: 0 | AW100: งานเคลือบ+พิมพ์ | AX100: / | AY100: 0 | AZ100: 0 | BA100: 0 | BB100: 0 | BC100: WRWT25850/WRWT25850 | BD100: 0
A101: 45916 | B101: MK68-001119 | C101: บจก.ซันฟีด | D101: ขุนศึกเบอร์ 1 | E101: 20 | F101: 38 | G101: ขาว | H101: ด้าน | I101: 100 | J101: + | K101: 0 | L101: บิด | M101: ไม่สวมถุงใน | N101: 0 | O101: 0 | P101: 0 | Q101: 0 | R101: 0 | S101: 300กระสอบแบนเต็มใบ | T101: 45965 | U101: 5000 | V101: 3000 | W101: 2000 | X101: 4400 | Y101: 630 | Z101: WSWT2025800SM | AA101: 695.2869 | AB101: 695.2869 | AC101: 0 | AD101: 695.2869 | AE101: 0 | AF101: 0 | AG101: รอตัด | AH101: P6 | AI101: 4 | AJ101: 45965 | AK101: 45961 | AL101: 45954 | AM101: 45962 | AN101: 45963 | AO101: 45964 | AP101: 45960 | AQ101: 0 | AR101: 0 | AS101: 0 | AT101: 0 | AU101: 0 | AV101: 0 | AW101: งานเคลือบ+พิมพ์ | AX101: / | AY101: 0 | AZ101: 0 | BA101: 0 | BB101: 0 | BC101: WRWT25850/WRWT25850 | BD101: 0
A102: 0 | B102: ใบรับคำสั่งซื้อ | C102: โรงสีข้าวธัญญาวัฒน์ | D102: ข้าวหอมชาวไทย(ถุงในเจาะรู) | E102: 20 | F102: 32 | G102: ขาว | H102: ใส | I102: 85 | J102: ± | K102: 5 | L102: ไม่ | M102: 21 | N102: 35 | O102: 40 | P102: 90.665625 | Q102: 0 | R102: 90.665625 | S102: 500กระสอบแบน | T102: 45966 | U102: 5000 | V102: 0 | W102: 5000 | X102: 0 | Y102: 5250 | Z102: WSWT2025800SM | AA102: 4679.95 | AB102: 4679.95 | AC102: 0 | AD102: 4679.95 | AE102: 0 | AF102: 0 | AG102: ยังไม่ได้พิมพ์ | AH102: P8 | AI102: 4 | AJ102: 45966 | AK102: 45962 | AL102: 45956 | AM102: 45963 | AN102: 45964 | AO102: 45964 | AP102: 45961 | AQ102: 45965 | AR102: 0 | AS102: 0 | AT102: 0 | AU102: 0 | AV102: 0 | AW102: งานเคลือบ+พิมพ์ | AX102: 0 | AY102: 0 | AZ102: 0 | BA102: 0 | BB102: 0 | BC102: WRWT25850/WRWT25850 | BD102: 0
A103: 45916 | B103: MK68-001119 | C103: บจก.ซันฟีด | D103: 952 | E103: 20 | F103: 38 | G103: ขาว | H103: ด้าน | I103: 100 | J103: + | K103: 0 | L103: ไม่ | M103: ไม่สวมถุงใน | N103: 0 | O103: 0 | P103: 0 | Q103: 0 | R103: 0 | S103: 300กระสอบแบนเต็มใบ | T103: 45968 | U103: 5000 | V103: 0 | W103: 5000 | X103: 0 | Y103: 5250 | Z103: WSWT2025800SM | AA103: 5518.15 | AB103: 5518.15 | AC103: 0 | AD103: 5518.15 | AE103: 0 | AF103: 0 | AG103: ยังไม่ได้พิมพ์ | AH103: P6 | AI103: 4 | AJ103: 45968 | AK103: 45964 | AL103: 45957 | AM103: 45965 | AN103: 45966 | AO103: 45967 | AP103: 45963 | AQ103: 0 | AR103: 0 | AS103: 0 | AT103: 0 | AU103: 0 | AV103: 0 | AW103: งานเคลือบ+พิมพ์ | AX103: / | AY103: 0 | AZ103: 0 | BA103: 0 | BB103: 0 | BC103: WRWT25850/WRWT25850 | BD103: 0
A104: 45916 | B104: MK68-001119 | C104: บจก.ซันฟีด | D104: 007 | E104: 20 | F104: 38 | G104: ขาว | H104: ด้าน | I104: 100 | J104: + | K104: 0 | L104: ไม่ | M104: ไม่สวมถุงใน | N104: 0 | O104: 0 | P104: 0 | Q104: 0 | R104: 0 | S104: 300กระสอบแบนเต็มใบ | T104: 45968 | U104: 2500 | V104: 1129 | W104: 1371 | X104: 2550 | Y104: 0 | Z104: WSWT2025800SM | AA104: 0 | AB104: 0 | AC104: 0 | AD104: 0 | AE104: 0 | AF104: 0 | AG104: ยังไม่ได้พิมพ์ | AH104: P6 | AI104: 4 | AJ104: 45968 | AK104: 45964 | AL104: 45957 | AM104: 45965 | AN104: 45966 | AO104: 45967 | AP104: 45963 | AQ104: 0 | AR104: 0 | AS104: 0 | AT104: 0 | AU104: 0 | AV104: 0 | AW104: งานเคลือบ+พิมพ์ | AX104: / | AY104: 0 | AZ104: 0 | BA104: 0 | BB104: 0 | BC104: WRWT25850/WRWT25850 | BD104: 0
...

Sheet Sheet3
A3: ผลรวม ของ ค้างตัด | C3: ป้ายชื่อคอลัมน์
A4: ป้ายชื่อแถว | C4: 45954 | D4: 45955 | E4: 45957 | F4: 45958 | G4: 45959 | H4: 45960 | I4: 45961 | J4: ผลรวมทั้งหมด
A5: 954 แอล | B5: ขาว | E5: 2500 | J5: 2500
A6: Soybean Meal | B6: ขาว | H6: 10000 | J6: 10000
A7: TRJ | B7: ขาว | D7: 15000 | J7: 15000
A8: TUNA MEAL MARIN TRUST | B8: ใส | H8: 10000 | J8: 10000
A9: VC 100 | B9: ใส | G9: 30000 | J9: 30000
A10: VC 120 | B10: ใส | G10: 50000 | J10: 50000
A11: Y30 | B11: ขาว | I11: 10000 | J11: 10000
A12: กัสโซ่ฟีด 101-102 | B12: ใส | I12: 10000 | J12: 10000
A13: เกลือตรามือ 10กก. | B13: ใส | I13: 10000 | J13: 10000
A14: ฉัตรทอง(แดง) | B14: ขาว | E14: 5000 | J14: 5000
A15: ฉัตรทอง(บานเย็น) | B15: ขาว | E15: 5000 | J15: 5000
A16: ฉัตรทอง(ฟ้า) | B16: ขาว | E16: 5000 | J16: 5000
A17: ฉัตรทอง(เหลือง) | B17: ขาว | E17: 5000 | J17: 5000
A18: ดวงใจ-ชมพู(ม่วง) | B18: ขาว | I18: 20000 | J18: 20000
A19: ถุงเขียว(คัดพิเศษ) | B19: ขาว | I19: 5000 | J19: 5000
A20: ถุงชมพู | B20: ขาว | I20: 3000 | J20: 3000
A21: ถุงม่วง | B21: ขาว | I21: 5000 | J21: 5000
A22: ใบเตย | B22: ขาว | I22: 5000 | J22: 5000
A23: พร้อมชน 25 กก.(เขียว) | B23: ขาว | I23: 5000 | J23: 5000
A24: เพอเฟคค์ 663 | B24: ขาว | I24: 10208 | J24: 10208
A25: เพอเฟคค์ 664 | B25: ขาว | I25: 91786 | J25: 91786
A26: เพอเฟคค์ 664HP | B26: ขาว | I26: 91374 | J26: 91374
A27: เพอเฟคค์ 911 | B27: ด้าน | H27: 5040 | J27: 5040
A28: เพอเฟคค์ 912 | B28: ด้าน | H28: 10928 | J28: 10928
A29: เพอเฟคค์ 913 | B29: ด้าน | H29: 31933 | J29: 31933
A30: เพอเฟคค์ 914 | B30: ด้าน | H30: 21174 | J30: 21174
A31: เพอเฟคค์103P โกลด์ | B31: ด้าน | H31: 5040 | J31: 5040
A32: เพอเฟคค์103S โกลด์ | B32: ด้าน | H32: 5040 | J32: 5040
A33: เฟิร์สคลาส 912 | B33: ด้าน | H33: 5040 | J33: 5040
A34: เฟิร์สช้อย 902 | B34: ด้าน | H34: 5283 | J34: 5283
A35: เฟิร์สช้อย 911 | B35: ด้าน | H35: 5040 | J35: 5040
A36: เฟิร์สช้อย 912 | B36: ด้าน | H36: 20604 | J36: 20604
A37: เฟิร์สช้อย 913 | B37: ด้าน | H37: 10000 | J37: 10000
A38: เฟิร์สช้อย 914 | B38: ด้าน | H38: 5040 | J38: 5040
A39: มังกรเขียวMTS | B39: ขาว | C39: 10000 | J39: 10000
A40: มาซู ฟีดบี042 | B40: ด้าน | F40: 3000 | J40: 3000
A41: ไม่พิมพ์ | B41: ขาว | H41: 0 | I41: 3000 | J41: 3000
A42: รถไฟฟ้า | B42: ขาว | I42: 5000 | J42: 5000
A43: รถไฟฟ้าปูนขาวเย็น | B43: ขาว | I43: 20000 | J43: 20000
A44: สุบรรณ 222 | B44: ด้าน | H44: 5040 | J44: 5040
A45: สุบรรณ 333 | B45: ด้าน | H45: 5040 | J45: 5040
A46: ผลรวมทั้งหมด | C46: 10000 | D46: 15000 | E46: 22500 | F46: 3000 | G46: 0 | H46: 160505 | I46: 374368 | J46: 585373

Sheet 23-10-68 (2)
B2: เรียงกำหนดส่ง | D2: ลบ 0 | U2: เรียง 1
B3: ข้อมูลUpdate ณ. วันที่ | D3: 45953 | E3: เวลา | G3: 11.56
A4: วันรับออร์เดอร์/แบบ | B4: เลขที่ SO | C4: ชื่อลูกค้า | E4: 10.3 | I4: น้ำหนัก | L4: บิด/จับจีบ | N4: ถุงใน | R4: 44873 | T4: วิธีบรรจุ | U4: วันส่ง | V4: จำนวนส่ง | W4: ตัดเย็บ (ใบ) | X4: 44873 | Y4: พิมพ์ (ใบ) | Z4: 44876 | AA4: ผ้าทอ (เมตร) Updateณ | AC4: 44876 | AE4: ผ้าเคลือบ(เมตร) | AG4: หมายเหตุ | AH4: เครื่อง
B5: เลขที่ SO | C5: ชื่อลูกค้า | D5: ตรา | E5: กว้าง | F5: ยาว | G5: สี | H5: เคลือบ | I5: กรัม/ใบ | J5: * | K5: aw | L5: บิด/จับจีบ | M5: KG | N5: กว้าง | O5: ยาว | P5: หนา | Q5: ใช้(กก.) | R5: Stock(กก.) | S5: ผลิต(กก.) | T5: วิธีบรรจุ | U5: วันส่ง | V5: จำนวนส่ง | W5: StockFG | X5: ค้างตัด | Y5: พิมพ์แล้ว | Z5: ค้างพิมพ์ | AA5: ประเภท | AB5: ใช้ | AC5: Stock | AD5: ค้างทอ | AE5: Stock | AF5: ค้างเคลือบ | AG5: หมายเหตุ | AH5: ที่พิมพ์ได้ | AI5: process | AJ5: Lead time | AK5: วันที่ส่งPL | AL5: เคลือบ | AM5: ได้ ART | AN5: พิมพ์ | AO5: จีบ-บิด | AP5: ตัด-เย็บ | AQ5: ทอ | AR5: สวมถุง | AS5: เย็บปาก | AT5: PT | AU5: ม้วน | AV5: ตัด | AW5: ตอกตาไก่ | AX5: GROUP | AY5: ART | AZ5: หมายเหตุปัญหา | BA5: ราคา/ใบ | BB5: ราคารวม | BC5: workweek | BD5: เส้นเทป | BE5: จำนวน
A6: 45946 | B6: MK68-001239 | C6: หจก.ปึงเป้งน้ำ | D6: เกลือตรามือ 10กก. | E6: 14 | F6: 22 | G6: ขาว | H6: ใส | I6: 42 | J6: ± | K6: 5 | L6: ไม่ | M6: =I6*V6/1000 -> 420 | N6: ไม่สวมถุงใน | O6: 0 | P6: 0 | Q6: 0 | R6: 0 | S6: 0 | T6: 500กระสอบแบน | U6: 45961 | V6: 10000 | W6: 0 | X6: 10000 | Y6: 0 | Z6: 10500 | AA6: WSWT1425800 | AB6: 6565.9 | AC6: 5528 | AD6: 1037.9 | AE6: 636 | AF6: 5929.9 | AG6: 0 | AH6: พร้อมส่ง | AI6: P6 | AJ6: 4 | AK6: 45961 | AL6: 45957 | AM6: 45950 | AN6: 45958 | AO6: 45959 | AP6: 45960 | AQ6: 45956 | AR6: 0 | AS6: 0 | AT6: 0 | AU6: 0 | AV6: 0 | AW6: 0 | AX6: งานเคลือบ+พิมพ์ | AY6: / | AZ6: 0 | BA6: 0 | BB6: 0 | BC6: 0 | BD6: WRWT25800/WRWT25800 | BE6: 58.1224
A7: 45950 | B7: MK68-001247 | C7: บจก.ฟาเธอร์ส วิง ซัพพลาย | D7: รถไฟฟ้า | E7: 18 | F7: 30 | G7: ขาว | H7: 0 | I7: 54 | J7: ± | K7: 5 | L7: บิด | M7: =I7*V7/1000 -> 270 | N7: 19 | O7: 33 | P7: 40 | Q7: 77.343329 | R7: 0 | S7: 77.343329 | T7: 500กระสอบ | U7: 45961 | V7: 5000 | W7: 0 | X7: 5000 | Y7: 0 | Z7: 5250 | AA7: WSWT1825800 | AB7: 4400.55 | AC7: 4400.55 | AD7: 0 | AE7: 0 | AF7: 0 | AG7: 0 | AH7: ยังไม่ได้พิมพ์ | AI7: P9 | AJ7: 3 | AK7: 45961 | AL7: 0 | AM7: 45951 | AN7: 45958 | AO7: 45959 | AP7: 45959 | AQ7: 45956 | AR7: 45960 | AS7: 0 | AT7: 0 | AU7: 0 | AV7: 0 | AW7: 0 | AX7: งานพิมพ์ | AY7: / | AZ7: 0 | BA7: 0 | BB7: 0 | BC7: 0 | BD7: WRWT25800/WRWT25800 | BE7: 0
A8: 45950 | B8: MK68-001247 | C8: บจก.ฟาเธอร์ส วิง ซัพพลาย | D8: รถไฟฟ้าปูนขาวเย็น | E8: 18 | F8: 30 | G8: ขาว | H8: 0 | I8: 54 | J8: ± | K8: 5 | L8: บิด | M8: =I8*V8/1000 -> 1080 | N8: 19 | O8: 33 | P8: 40 | Q8: 309.37332 | R8: 0 | S8: 309.37332 | T8: 500กระสอบ | U8: 45961 | V8: 20000 | W8: 0 | X8: 20000 | Y8: 5520 | Z8: 15204 | AA8: WSWT1825800 | AB8: 13381.192 | AC8: 13381.192 | AD8: 0 | AE8: 0 | AF8: 0 | AG8: 0 | AH8: ยังไม่ได้พิมพ์ | AI8: P9 | AJ8: 3 | AK8: 45961 | AL8: 0 | AM8: 45951 | AN8: 45958 | AO8: 45959 | AP8: 45959 | AQ8: 45956 | AR8: 45960 | AS8: 0 | AT8: 0 | AU8: 0 | AV8: 0 | AW8: 0 | AX8: งานพิมพ์ | AY8: / | AZ8: 0 | BA8: 0 | BB8: 0 | BC8: 0 | BD8: WRWT25800/WRWT25800 | BE8: 0
A9: 45950 | B9: MK68-001247 | C9: บจก.ฟาเธอร์ส วิง ซัพพลาย | D9: ไม่พิมพ์ | E9: 18 | F9: 30 | G9: ขาว | H9: 0 | I9: 54 | J9: ± | K9: 5 | L9: ไม่ | M9: =I9*V9/1000 -> 162 | N9: 19 | O9: 33 | P9: 40 | Q9: 46.405998 | R9: 0 | S9: 46.405998 | T9: 500กระสอบ | U9: 45961 | V9: 3000 | W9: 0 | X9: 3000 | Y9: 0 | Z9: 0 | AA9: WSWT1825800 | AB9: 2640.33 | AC9: 2640.33 | AD9: 0 | AE9: 0 | AF9: 0 | AG9: 0 | AH9: ยังไม่ได้พิมพ์ | AI9: P9 | AJ9: 3 | AK9: 45961 | AL9: 0 | AM9: 0 | AN9: 0 | AO9: 0 | AP9: 45957 | AQ9: 45956 | AR9: 45958 | AS9: 0 | AT9: 0 | AU9: 0 | AV9: 0 | AW9: 0 | AX9: ตัด | AY9: 0 | AZ9: 0 | BA9: 0 | BB9: 0 | BC9: 0 | BD9: WRWT25800/WRWT25800 | BE9: 0
A10: 0 | B10: ใบรับคำสั่งซื้อ | C10: บจก.ซีแมน | D10: Y30 | E10: 18 | F10: 25 | G10: ขาว | H10: 0 | I10: 50 | J10: ± | K10: 5 | L10: ไม่ | M10: =I10*V10/1000 -> 500 | N10: 20 | O10: 27 | P10: 90 | Q10: 299.75166 | R10: 0 | S10: 299.75166 | T10: มัด100 | U10: 45961 | V10: 10000 | W10: 0 | X10: 10000 | Y10: 0 | Z10: 10500 | AA10: WSWT1825800 | AB10: 7404.1 | AC10: 0 | AD10: 7404.1 | AE10: 0 | AF10: 0 | AG10: 0 | AH10: ยังไม่ได้พิมพ์ | AI10: P9 | AJ10: 3 | AK10: 45961 | AL10: 0 | AM10: 45951 | AN10: 45958 | AO10: 45959 | AP10: 45959 | AQ10: 45956 | AR10: 45960 | AS10: 0 | AT10: 0 | AU10: 0 | AV10: 0 | AW10: 0 | AX10: งานพิมพ์ | AY10: 0 | AZ10: 0 | BA10: 0 | BB10: 0 | BC10: 0 | BD10: WRWT25800/WRWT25800 | BE10: 509.40208
A11: 45948 | B11: MK68-001246 | C11: บจก.เอ็มทีเอส | D11: มังกรเหลืองMTS | E11: 19 | F11: 30 | G11: ขาว | H11: 0 | I11: 60 | J11: ± | K11: 5 | L11: บิด | M11: =I11*V11/1000 -> 600 | N11: ไม่สวมถุงใน | O11: 0 | P11: 0 | Q11: 0 | R11: 0 | S11: 0 | T11: 500กระสอบ | U11: 45954 | V11: 10000 | W11: 10000 | X11: 0 | Y11: 10500 | Z11: 0 | AA11: WSWT1925800 | AB11: 0 | AC11: 0 | AD11: 0 | AE11: 0 | AF11: 0 | AG11: ลบสี | AH11: ยังไม่ได้พิมพ์ | AI11: P7 | AJ11: 2 | AK11: 45954 | AL11: 0 | AM11: 45945 | AN11: 45952 | AO11: 45953 | AP11: 45953 | AQ11: 45949 | AR11: 0 | AS11: 0 | AT11: 0 | AU11: 0 | AV11: 0 | AW11: 0 | AX11: งานพิมพ์ | AY11: / | AZ11: 0 | BA11: 0 | BB11: 0 | BC11: 0 | BD11: WRWT25800/WRWT25800 | BE11: 0
A12: 45948 | B12: MK68-001246 | C12: บจก.เอ็มทีเอส | D12: มังกรเขียวMTS | E12: 19 | F12: 30 | G12: ขาว | H12: 0 | I12: 60 | J12: ± | K12: 5 | L12: บิด | M12: =I12*V12/1000 -> 600 | N12: ไม่สวมถุงใน | O12: 0 | P12: 0 | Q12: 0 | R12: 0 | S12: 0 | T12: 500กระสอบ | U12: 45954 | V12: 10000 | W12: 0 | X12: 10000 | Y12: 10500 | Z12: 0 | AA12: WSWT1925800 | AB12: 0 | AC12: 0 | AD12: 0 | AE12: 0 | AF12: 0 | AG12: 0 | AH12: ยังไม่ได้พิมพ์ | AI12: P7 | AJ12: 2 | AK12: 45954 | AL12: 0 | AM12: 45945 | AN12: 45952 | AO12: 45953 | AP12: 45953 | AQ12: 45949 | AR12: 0 | AS12: 0 | AT12: 0 | AU12: 0 | AV12: 0 | AW12: 0 | AX12: งานพิมพ์ | AY12: / | AZ12: 0 | BA12: 0 | BB12: 0 | BC12: 0 | BD12: WRWT25800/WRWT25800 | BE12: 0
A13: 45948 | B13: MK68-001246 | C13: บจก.เอ็มทีเอส | D13: มังกรฟ้าMTS | E13: 19 | F13: 30 | G13: ขาว | H13: 0 | I13: 60 | J13: ± | K13: 5 | L13: บิด | M13: =I13*V13/1000 -> 240 | N13: ไม่สวมถุงใน | O13: 0 | P13: 0 | Q13: 0 | R13: 0 | S13: 0 | T13: 500กระสอบ | U13: 45954 | V13: 4000 | W13: 4120 | X13: 0 | Y13: 4200 | Z13: 0 | AA13: WSWT1925800 | AB13: 0 | AC13: 0 | AD13: 0 | AE13: 0 | AF13: 0 | AG13: 0 | AH13: ยังไม่ได้พิมพ์ | AI13: P7 | AJ13: 2 | AK13: 45954 | AL13: 0 | AM13: 45945 | AN13: 45952 | AO13: 45953 | AP13: 45953 | AQ13: 45949 | AR13: 0 | AS13: 0 | AT13: 0 | AU13: 0 | AV13: 0 | AW13: 0 | AX13: งานพิมพ์ | AY13: / | AZ13: 0 | BA13: 0 | BB13: 0 | BC13: 0 | BD13: WRWT25800/WRWT25800 | BE13: 0
A14: 45941 | B14: MK68-001227 | C14: บจก.เคอรี่ฟลาวมิลล์ | D14: FW-Y | E14: 19 | F14: 32 | G14: ขาว | H14: 0 | I14: 67 | J14: + | K14: 5 | L14: ไม่ | M14: =I14*V14/1000 -> 335 | N14: ไม่สวมถุงใน | O14: 0 | P14: 0 | Q14: 0 | R14: 0 | S14: 0 | T14: ห่ออัดเบลแบน501 | U14: 45954 | V14: 5000 | W14: 4905 | X14: 0 | Y14: 5250 | Z14: 0 | AA14: WSWT1921720 | AB14: 0 | AC14: 0 | AD14: 0 | AE14: 0 | AF14: 0 | AG14: PDR250347 | AH14: พร้อมส่ง | AI14: P7 | AJ14: 2 | AK14: 45954 | AL14: 0 | AM14: 45945 | AN14: 45952 | AO14: 45953 | AP14: 45953 | AQ14: 45949 | AR14: 0 | AS14: 0 | AT14: 0 | AU14: 0 | AV14: 0 | AW14: 0 | AX14: งานพิมพ์ | AY14: / | AZ14: 0 | BA14: 0 | BB14: 0 | BC14: 0 | BD14: WRWT21720/WRWT25800 | BE14: 0
A15: 45941 | B15: MK68-001227 | C15: บจก.เคอรี่ฟลาวมิลล์ | D15: แต้มฟ้า | E15: 19 | F15: 32 | G15: ขาว | H15: 0 | I15: 67 | J15: + | K15: 5 | L15: บิด | M15: =I15*V15/1000 -> 335 | N15: ไม่สวมถุงใน | O15: 0 | P15: 0 | Q15: 0 | R15: 0 | S15: 0 | T15: ห่ออัดเบลแบน501 | U15: 45954 | V15: 5000 | W15: 5000 | X15: 0 | Y15: 5400 | Z15: 0 | AA15: WSWT1921720 | AB15: 0 | AC15: 0 | AD15: 0 | AE15: 0 | AF15: 0 | AG15: PDR250347 | AH15: พร้อมส่ง | AI15: P7 | AJ15: 2 | AK15: 45954 | AL15: 0 | AM15: 45945 | AN15: 45952 | AO15: 45953 | AP15: 45953 | AQ15: 45949 | AR15: 0 | AS15: 0 | AT15: 0 | AU15: 0 | AV15: 0 | AW15: 0 | AX15: งานพิมพ์ | AY15: / | AZ15: 0 | BA15: 0 | BB15: 0 | BC15: 0 | BD15: WRWT21720/WRWT25800 | BE15: 0
A16: 45941 | B16: MK68-001229 | C16: บจก.เคอรี่ฟลาวมิลล์ | D16: ถุงเขียว | E16: 19 | F16: 32 | G16: ขาว | H16: 0 | I16: 67 | J16: + | K16: 5 | L16: บิด | M16: =I16*V16/1000 -> 670 | N16: ไม่สวมถุงใน | O16: 0 | P16: 0 | Q16: 0 | R16: 0 | S16: 0 | T16: ห่ออัดเบลแบน501 | U16: 45954 | V16: 10000 | W16: 10000 | X16: 0 | Y16: 10400 | Z16: 0 | AA16: WSWT1921720 | AB16: 0 | AC16: 0 | AD16: 0 | AE16: 0 | AF16: 0 | AG16: PDR250348 | AH16: พร้อมส่ง | AI16: P7 | AJ16: 2 | AK16: 45954 | AL16: 0 | AM16: 45945 | AN16: 45952 | AO16: 45953 | AP16: 45953 | AQ16: 45949 | AR16: 0 | AS16: 0 | AT16: 0 | AU16: 0 | AV16: 0 | AW16: 0 | AX16: งานพิมพ์ | AY16: / | AZ16: ลบสีจำนวนมาก | BA16: 0 | BB16: 0 | BC16: 0 | BD16: WRWT21720/WRWT25800 | BE16: 0
A17: 45941 | B17: MK68-001229 | C17: บจก.เคอรี่ฟลาวมิลล์ | D17: ถุงทองแซนวิช | E17: 19 | F17: 32 | G17: ขาว | H17: 0 | I17: 67 | J17: + | K17: 5 | L17: บิด | M17: =I17*V17/1000 -> 335 | N17: ไม่สวมถุงใน | O17: 0 | P17: 0 | Q17: 0 | R17: 0 | S17: 0 | T17: ห่ออัดเบลแบน501 | U17: 45954 | V17: 5000 | W17: 4826 | X17: 0 | Y17: 5400 | Z17: 0 | AA17: WSWT1921720 | AB17: 0 | AC17: 0 | AD17: 0 | AE17: 0 | AF17: 0 | AG17: PDR250348 | AH17: พร้อมส่ง | AI17: P7 | AJ17: 2 | AK17: 45954 | AL17: 0 | AM17: 45945 | AN17: 45952 | AO17: 45953 | AP17: 45953 | AQ17: 45949 | AR17: 0 | AS17: 0 | AT17: 0 | AU17: 0 | AV17: 0 | AW17: 0 | AX17: งานพิมพ์ | AY17: / | AZ17: 0 | BA17: 0 | BB17: 0 | BC17: 0 | BD17: WRWT21720/WRWT25800 | BE17: 0
A18: 45941 | B18: MK68-001229 | C18: บจก.เคอรี่ฟลาวมิลล์ | D18: ปลาโลมาแดง | E18: 19 | F18: 32 | G18: ขาว | H18: 0 | I18: 67 | J18: + | K18: 5 | L18: บิด | M18: =I18*V18/1000 -> 335 | N18: ไม่สวมถุงใน | O18: 0 | P18: 0 | Q18: 0 | R18: 0 | S18: 0 | T18: ห่ออัดเบลแบน501 | U18: 45954 | V18: 5000 | W18: 4758 | X18: 0 | Y18: 5300 | Z18: 0 | AA18: WSWT1921720 | AB18: 0 | AC18: 0 | AD18: 0 | AE18: 0 | AF18: 0 | AG18: PDR250348 | AH18: พร้อมส่ง | AI18: P7 | AJ18: 2 | AK18: 45954 | AL18: 0 | AM18: 45945 | AN18: 45952 | AO18: 45953 | AP18: 45953 | AQ18: 45949 | AR18: 0 | AS18: 0 | AT18: 0 | AU18: 0 | AV18: 0 | AW18: 0 | AX18: งานพิมพ์ | AY18: / | AZ18: 0 | BA18: 0 | BB18: 0 | BC18: 0 | BD18: WRWT21720/WRWT25800 | BE18: 0
A19: 45941 | B19: MK68-001229 | C19: บจก.เคอรี่ฟลาวมิลล์ | D19: 997 | E19: 19 | F19: 32 | G19: ขาว | H19: 0 | I19: 67 | J19: + | K19: 5 | L19: ไม่ | M19: =I19*V19/1000 -> 335 | N19: ไม่สวมถุงใน | O19: 0 | P19: 0 | Q19: 0 | R19: 0 | S19: 0 | T19: ห่ออัดเบลแบน501 | U19: 45954 | V19: 5000 | W19: 5000 | X19: 0 | Y19: 5400 | Z19: 0 | AA19: WSWT1921720 | AB19: 0 | AC19: 0 | AD19: 0 | AE19: 0 | AF19: 0 | AG19: PDR250348 | AH19: พร้อมส่ง | AI19: P7 | AJ19: 2 | AK19: 45954 | AL19: 0 | AM19: 45945 | AN19: 45952 | AO19: 45953 | AP19: 45953 | AQ19: 45949 | AR19: 0 | AS19: 0 | AT19: 0 | AU19: 0 | AV19: 0 | AW19: 0 | AX19: งานพิมพ์ | AY19: / | AZ19: 0 | BA19: 0 | BB19: 0 | BC19: 0 | BD19: WRWT21720/WRWT25800 | BE19: 0
A20: 45941 | B20: MK68-001227 | C20: บจก.เคอรี่ฟลาวมิลล์ | D20: บะหมี่เตี๊ยว | E20: 19 | F20: 32 | G20: ขาว | H20: 0 | I20: 67 | J20: + | K20: 5 | L20: บิด | M20: =I20*V20/1000 -> 335 | N20: ไม่สวมถุงใน | O20: 0 | P20: 0 | Q20: 0 | R20: 0 | S20: 0 | T20: ห่ออัดเบลแบน501 | U20: 45958 | V20: 5000 | W20: 5000 | X20: 0 | Y20: 5250 | Z20: 0 | AA20: WSWT1921720 | AB20: 0 | AC20: 0 | AD20: 0 | AE20: 0 | AF20: 0 | AG20: PDR250349 | AH20: พร้อมส่ง | AI20: P7 | AJ20: 2 | AK20: 45958 | AL20: 0 | AM20: 45949 | AN20: 45956 | AO20: 45957 | AP20: 45957 | AQ20: 45953 | AR20: 0 | AS20: 0 | AT20: 0 | AU20: 0 | AV20: 0 | AW20: 0 | AX20: งานพิมพ์ | AY20: / | AZ20: 0 | BA20: 0 | BB20: 0 | BC20: 0 | BD20: WRWT21720/WRWT25800 | BE20: 0
A21: 45941 | B21: MK68-001227 | C21: บจก.เคอรี่ฟลาวมิลล์ | D21: แปดแต้มแดง | E21: 19 | F21: 32 | G21: ขาว | H21: 0 | I21: 67 | J21: + | K21: 5 | L21: บิด | M21: =I21*V21/1000 -> 335 | N21: ไม่สวมถุงใน | O21: 0 | P21: 0 | Q21: 0 | R21: 0 | S21: 0 | T21: ห่ออัดเบลแบน501 | U21: 45958 | V21: 5000 | W21: 5000 | X21: 0 | Y21: 5400 | Z21: 0 | AA21: WSWT1921720 | AB21: 0 | AC21: 0 | AD21: 0 | AE21: 0 | AF21: 0 | AG21: PDR250349 | AH21: ผ้าขาว | AI21: P7 | AJ21: 2 | AK21: 45958 | AL21: 0 | AM21: 45949 | AN21: 45956 | AO21: 45957 | AP21: 45957 | AQ21: 45953 | AR21: 0 | AS21: 0 | AT21: 0 | AU21: 0 | AV21: 0 | AW21: 0 | AX21: งานพิมพ์ | AY21: / | AZ21: ลบสี | BA21: 0 | BB21: 0 | BC21: 0 | BD21: WRWT21720/WRWT25800 | BE21: 0
A22: 45941 | B22: MK68-001227 | C22: บจก.เคอรี่ฟลาวมิลล์ | D22: PBKF2-01-03 | E22: 19 | F22: 32 | G22: ขาว | H22: 0 | I22: 67 | J22: + | K22: 5 | L22: บิด | M22: =I22*V22/1000 -> 335 | N22: ไม่สวมถุงใน | O22: 0 | P22: 0 | Q22: 0 | R22: 0 | S22: 0 | T22: ห่ออัดเบลแบน501 | U22: 45958 | V22: 5000 | W22: 5000 | X22: 0 | Y22: 5400 | Z22: 0 | AA22: WSWT1921720 | AB22: 0 | AC22: 0 | AD22: 0 | AE22: 0 | AF22: 0 | AG22: PDR250349 | AH22: ผ้าขาว | AI22: P7 | AJ22: 2 | AK22: 45958 | AL22: 0 | AM22: 45949 | AN22: 45956 | AO22: 45957 | AP22: 45957 | AQ22: 45953 | AR22: 0 | AS22: 0 | AT22: 0 | AU22: 0 | AV22: 0 | AW22: 0 | AX22: งานพิมพ์ | AY22: / | AZ22: 0 | BA22: 0 | BB22: 0 | BC22: 0 | BD22: WRWT21720/WRWT25800 | BE22: 0
A23: 45941 | B23: MK68-001227 | C23: บจก.เคอรี่ฟลาวมิลล์ | D23: ถุงเขียว | E23: 19 | F23: 32 | G23: ขาว | H23: 0 | I23: 67 | J23: + | K23: 5 | L23: บิด | M23: =I23*V23/1000 -> 670 | N23: ไม่สวมถุงใน | O23: 0 | P23: 0 | Q23: 0 | R23: 0 | S23: 0 | T23: ห่ออัดเบลแบน501 | U23: 45958 | V23: 10000 | W23: 10000 | X23: 0 | Y23: 10400 | Z23: 0 | AA23: WSWT1921720 | AB23: 0 | AC23: 0 | AD23: 0 | AE23: 0 | AF23: 0 | AG23: PDR250349 | AH23: ยังไม่ได้พิมพ์ | AI23: P7 | AJ23: 2 | AK23: 45958 | AL23: 0 | AM23: 45949 | AN23: 45956 | AO23: 45957 | AP23: 45957 | AQ23: 45953 | AR23: 0 | AS23: 0 | AT23: 0 | AU23: 0 | AV23: 0 | AW23: 0 | AX23: งานพิมพ์ | AY23: / | AZ23: ลบสีจำนวนมาก | BA23: 0 | BB23: 0 | BC23: 0 | BD23: WRWT21720/WRWT25800 | BE23: 0
A24: 45951 | B24: MK68-001261 | C24: บจก.อินเทคค์ โกลบอล | D24: เพอเฟคค์103S โกลด์ | E24: 19 | F24: 35 | G24: ขาว | H24: ด้าน | I24: 102 | J24: ± | K24: 5 | L24: จับจีบ4" | M24: =I24*V24/1000 -> 514.08 | N24: ไม่สวมถุงใน | O24: 0 | P24: 0 | Q24: 0 | R24: 0 | S24: 0 | T24: มัด80 ใช้สายรัด | U24: 45960 | V24: 5040 | W24: 0 | X24: 5040 | Y24: 0 | Z24: 5292 | AA24: WSWT19251000SM | AB24: 5139.8424 | AC24: 5139.8424 | AD24: 0 | AE24: 3688 | AF24: 1451.8424 | AG24: 0 | AH24: พร้อมส่ง | AI24: P6 | AJ24: 4 | AK24: 45960 | AL24: 45956 | AM24: 45949 | AN24: 45957 | AO24: 45958 | AP24: 45959 | AQ24: 45955 | AR24: 0 | AS24: 0 | AT24: 0 | AU24: 0 | AV24: 0 | AW24: 0 | AX24: งานเคลือบ+พิมพ์ | AY24: 0 | AZ24: 0 | BA24: 0 | BB24: 0 | BC24: 0 | BD24: WRWT251000/WRWT251000 | BE24: 0
A25: 45951 | B25: MK68-001261 | C25: บจก.อินเทคค์ โกลบอล | D25: เพอเฟคค์103P โกลด์ | E25: 19 | F25: 34 | G25: ขาว | H25: ด้าน | I25: 100 | J25: ± | K25: 5 | L25: จับจีบ4" | M25: =I25*V25/1000 -> 504 | N25: ไม่สวมถุงใน | O25: 0 | P25: 0 | Q25: 0 | R25: 0 | S25: 0 | T25: มัด80 ใช้สายรัด | U25: 45960 | V25: 5040 | W25: 0 | X25: 5040 | Y25: 0 | Z25: 5292 | AA25: WSWT19251000SM | AB25: 4999.0248 | AC25: 0 | AD25: 4999.0248 | AE25: 0 | AF25: 4999.0248 | AG25: 0 | AH25: พร้อมส่ง | AI25: P6 | AJ25: 4 | AK25: 45960 | AL25: 45956 | AM25: 45949 | AN25: 45957 | AO25: 45958 | AP25: 45959 | AQ25: 45955 | AR25: 0 | AS25: 0 | AT25: 0 | AU25: 0 | AV25: 0 | AW25: 0 | AX25: งานเคลือบ+พิมพ์ | AY25: 0 | AZ25: 0 | BA25: 0 | BB25: 0 | BC25: 0 | BD25: WRWT251000/WRWT251000 | BE25: 422.13987
A26: 45948 | B26: MK68-001246 | C26: บจก.เอ็มทีเอส | D26: แป้งหมักไก่แดงMTS(ถุงในเจาะรู) | E26: 20 | F26: 37 | G26: ขาว | H26: 0 | I26: 70 | J26: ± | K26: 5 | L26: บิด | M26: =I26*V26/1000 -> 280 | N26: 21 | O26: 40 | P26: 40 | Q26: 0 | R26: 0 | S26: 0 | T26: 500กระสอบ | U26: 45954 | V26: 4000 | W26: 4000 | X26: 0 | Y26: 4200 | Z26: 0 | AA26: WSWT2025700 | AB26: 0 | AC26: 0 | AD26: 0 | AE26: 0 | AF26: 0 | AG26: 0 | AH26: พร้อมส่ง | AI26: P9 | AJ26: 3 | AK26: 45954 | AL26: 0 | AM26: 45944 | AN26: 45951 | AO26: 45952 | AP26: 45952 | AQ26: 45949 | AR26: 45953 | AS26: 0 | AT26: 0 | AU26: 0 | AV26: 0 | AW26: 0 | AX26: งานพิมพ์ | AY26: / | AZ26: 0 | BA26: 0 | BB26: 0 | BC26: 0 | BD26: WRWT25800/WRWT25650 | BE26: 0
A27: 45916 | B27: MK68-001119 | C27: บจก.ซันฟีด | D27: ขุนศึกเบอร์ 1 | E27: 20 | F27: 38 | G27: ขาว | H27: ด้าน | I27: 100 | J27: + | K27: 0 | L27: บิด | M27: =I27*V27/1000 -> 500 | N27: ไม่สวมถุงใน | O27: 0 | P27: 0 | Q27: 0 | R27: 0 | S27: 0 | T27: 300กระสอบแบนเต็มใบ | U27: 45954 | V27: 5000 | W27: 5100 | X27: 0 | Y27: 5050 | Z27: 0 | AA27: WSWT2025800SM | AB27: 0 | AC27: 0 | AD27: 0 | AE27: 0 | AF27: 0 | AG27: 0 | AH27: พร้อมส่ง | AI27: P6 | AJ27: 4 | AK27: 45954 | AL27: 45950 | AM27: 45943 | AN27: 45951 | AO27: 45952 | AP27: 45953 | AQ27: 45949 | AR27: 0 | AS27: 0 | AT27: 0 | AU27: 0 | AV27: 0 | AW27: 0 | AX27: งานเคลือบ+พิมพ์ | AY27: / | AZ27: 0 | BA27: 0 | BB27: 0 | BC27: 0 | BD27: WRWT25850/WRWT25850 | BE27: 0
A28: 45916 | B28: MK68-001119 | C28: บจก.ซันฟีด | D28: 953 | E28: 20 | F28: 38 | G28: ขาว | H28: ด้าน | I28: 100 | J28: + | K28: 0 | L28: ไม่ | M28: =I28*V28/1000 -> 500 | N28: ไม่สวมถุงใน | O28: 0 | P28: 0 | Q28: 0 | R28: 0 | S28: 0 | T28: 300กระสอบแบนเต็มใบ | U28: 45961 | V28: 5000 | W28: 5000 | X28: 0 | Y28: 5482 | Z28: 0 | AA28: WSWT2025800SM | AB28: 0 | AC28: 0 | AD28: 0 | AE28: 0 | AF28: 0 | AG28: 0 | AH28: พร้อมส่ง | AI28: P6 | AJ28: 4 | AK28: 45961 | AL28: 45957 | AM28: 45950 | AN28: 45958 | AO28: 45959 | AP28: 45960 | AQ28: 45956 | AR28: 0 | AS28: 0 | AT28: 0 | AU28: 0 | AV28: 0 | AW28: 0 | AX28: งานเคลือบ+พิมพ์ | AY28: / | AZ28: 0 | BA28: 0 | BB28: 0 | BC28: 0 | BD28: WRWT25850/WRWT25850 | BE28: 0
A29: 45916 | B29: MK68-001119 | C29: บจก.ซันฟีด | D29: ไอฟีดสุกร เบอร์ 2 | E29: 20 | F29: 38 | G29: ขาว | H29: ด้าน | I29: 100 | J29: + | K29: 0 | L29: บิด | M29: =I29*V29/1000 -> 350 | N29: ไม่สวมถุงใน | O29: 0 | P29: 0 | Q29: 0 | R29: 0 | S29: 0 | T29: 300กระสอบแบนเต็มใบ | U29: 45957 | V29: 3500 | W29: 3500 | X29: 0 | Y29: 3700 | Z29: 0 | AA29: WSWT2025800SM | AB29: 0 | AC29: 0 | AD29: 0 | AE29: 0 | AF29: 0 | AG29: 0 | AH29: พร้อมส่ง | AI29: P6 | AJ29: 4 | AK29: 45957 | AL29: 45953 | AM29: 45946 | AN29: 45954 | AO29: 45955 | AP29: 45956 | AQ29: 45952 | AR29: 0 | AS29: 0 | AT29: 0 | AU29: 0 | AV29: 0 | AW29: 0 | AX29: งานเคลือบ+พิมพ์ | AY29: / | AZ29: ลบสี | BA29: 0 | BB29: 0 | BC29: 0 | BD29: WRWT25850/WRWT25850 | BE29: 0
A30: 45916 | B30: MK68-001119 | C30: บจก.ซันฟีด | D30: ขุนศึกเบอร์ 2 | E30: 20 | F30: 38 | G30: ขาว | H30: ด้าน | I30: 100 | J30: + | K30: 0 | L30: บิด | M30: =I30*V30/1000 -> 500 | N30: ไม่สวมถุงใน | O30: 0 | P30: 0 | Q30: 0 | R30: 0 | S30: 0 | T30: 300กระสอบแบนเต็มใบ | U30: 45958 | V30: 5000 | W30: 5000 | X30: 0 | Y30: 5100 | Z30: 0 | AA30: WSWT2025800SM | AB30: 0 | AC30: 0 | AD30: 0 | AE30: 0 | AF30: 0 | AG30: 0 | AH30: พร้อมส่ง | AI30: P6 | AJ30: 4 | AK30: 45958 | AL30: 45954 | AM30: 45947 | AN30: 45955 | AO30: 45956 | AP30: 45957 | AQ30: 45953 | AR30: 0 | AS30: 0 | AT30: 0 | AU30: 0 | AV30: 0 | AW30: 0 | AX30: งานเคลือบ+พิมพ์ | AY30: / | AZ30: 0 | BA30: 0 | BB30: 0 | BC30: 0 | BD30: WRWT25850/WRWT25850 | BE30: 0
A31: 45916 | B31: MK68-001119 | C31: บจก.ซันฟีด | D31: ขุนศึกเบอร์ 1 | E31: 20 | F31: 38 | G31: ขาว | H31: ด้าน | I31: 100 | J31: + | K31: 0 | L31: บิด | M31: =I31*V31/1000 -> 750 | N31: ไม่สวมถุงใน | O31: 0 | P31: 0 | Q31: 0 | R31: 0 | S31: 0 | T31: 300กระสอบแบนเต็มใบ | U31: 45959 | V31: 7500 | W31: 7500 | X31: 0 | Y31: 7600 | Z31: 0 | AA31: WSWT2025800SM | AB31: 0 | AC31: 0 | AD31: 0 | AE31: 0 | AF31: 0 | AG31: 0 | AH31: ยังไม่ได้พิมพ์ | AI31: P6 | AJ31: 4 | AK31: 45959 | AL31: 45955 | AM31: 45948 | AN31: 45956 | AO31: 45957 | AP31: 45958 | AQ31: 45954 | AR31: 0 | AS31: 0 | AT31: 0 | AU31: 0 | AV31: 0 | AW31: 0 | AX31: งานเคลือบ+พิมพ์ | AY31: / | AZ31: 0 | BA31: 0 | BB31: 0 | BC31: 0 | BD31: WRWT25850/WRWT25850 | BE31: 0
A32: 45892 | B32: MK68-001027 | C32: บจก.เอสพีเอ็ม อาหารสัตว์ | D32: นีโอ 05 | E32: 20 | F32: 38 | G32: ขาว | H32: ด้าน | I32: 100 | J32: ± | K32: 5 | L32: ไม่ | M32: =I32*V32/1000 -> 600 | N32: ไม่สวมถุงใน | O32: 0 | P32: 0 | Q32: 0 | R32: 0 | S32: 0 | T32: 500กระสอบแบน | U32: 45960 | V32: 6000 | W32: 6000 | X32: 0 | Y32: 6100 | Z32: 0 | AA32: WSWT2025800SM | AB32: 0 | AC32: 0 | AD32: 0 | AE32: 0 | AF32: 0 | AG32: 0 | AH32: พร้อมส่ง | AI32: P6 | AJ32: 4 | AK32: 45960 | AL32: 45956 | AM32: 45949 | AN32: 45957 | AO32: 45958 | AP32: 45959 | AQ32: 45955 | AR32: 0 | AS32: 0 | AT32: 0 | AU32: 0 | AV32: 0 | AW32: 0 | AX32: งานเคลือบ+พิมพ์ | AY32: / | AZ32: 0 | BA32: 0 | BB32: 0 | BC32: 0 | BD32: WRWT25850/WRWT25850 | BE32: 0
A33: 45916 | B33: MK68-001119 | C33: บจก.ซันฟีด | D33: 952 | E33: 20 | F33: 38 | G33: ขาว | H33: ด้าน | I33: 100 | J33: + | K33: 0 | L33: ไม่ | M33: =I33*V33/1000 -> 500 | N33: ไม่สวมถุงใน | O33: 0 | P33: 0 | Q33: 0 | R33: 0 | S33: 0 | T33: 300กระสอบแบนเต็มใบ | U33: 45958 | V33: 5000 | W33: 4596 | X33: 0 | Y33: 5050 | Z33: 0 | AA33: WSWT2025800SM | AB33: 0 | AC33: 0 | AD33: 0 | AE33: 0 | AF33: 0 | AG33: 0 | AH33: ยังไม่ได้พิมพ์ | AI33: P6 | AJ33: 4 | AK33: 45958 | AL33: 45954 | AM33: 45947 | AN33: 45955 | AO33: 45956 | AP33: 45957 | AQ33: 45953 | AR33: 0 | AS33: 0 | AT33: 0 | AU33: 0 | AV33: 0 | AW33: 0 | AX33: งานเคลือบ+พิมพ์ | AY33: / | AZ33: 0 | BA33: 0 | BB33: 0 | BC33: 0 | BD33: WRWT25850/WRWT25850 | BE33: 0
A34: 45951 | B34: MK68-001253 | C34: บจก.อินเทคค์ โกลบอล | D34: เฟิร์สช้อย 902 | E34: 20 | F34: 36 | G34: ขาว | H34: ด้าน | I34: 100 | J34: ± | K34: 5 | L34: จับจีบ4" | M34: =I34*V34/1000 -> 504 | N34: ไม่สวมถุงใน | O34: 0 | P34: 0 | Q34: 0 | R34: 0 | S34: 0 | T34: มัด80 ใช้สายรัด | U34: 45960 | V34: 5040 | W34: 0 | X34: 5040 | Y34: 0 | Z34: 5292 | AA34: WSWT2025800SM | AB34: 5280.66 | AC34: 5280.66 | AD34: 0 | AE34: 5280.66 | AF34: 0 | AG34: 0 | AH34: ยังไม่ได้พิมพ์ | AI34: P6 | AJ34: 4 | AK34: 45960 | AL34: 45956 | AM34: 45949 | AN34: 45957 | AO34: 45958 | AP34: 45959 | AQ34: 45955 | AR34: 0 | AS34: 0 | AT34: 0 | AU34: 0 | AV34: 0 | AW34: 0 | AX34: งานเคลือบ+พิมพ์ | AY34: รอART | AZ34: 0 | BA34: 0 | BB34: 0 | BC34: 0 | BD34: WRWT25850/WRWT25850 | BE34: 0
A35: 45905 | B35: MK68-001079 | C35: บจก.อินเทคค์ โกลบอล | D35: เฟิร์สช้อย 902 | E35: 20 | F35: 36 | G35: ขาว | H35: ด้าน | I35: 100 | J35: ± | K35: 5 | L35: จับจีบ4" | M35: =I35*V35/1000 -> 24.3 | N35: ไม่สวมถุงใน | O35: 0 | P35: 0 | Q35: 0 | R35: 0 | S35: 0 | T35: มัด80 ใช้สายรัด | U35: 45960 | V35: 243 | W35: 0 | X35: 243 | Y35: 0 | Z35: 255.15 | AA35: WSWT2025800SM | AB35: 254.60325 | AC35: 254.60325 | AD35: 0 | AE35: 254.60325 | AF35: 0 | AG35: 0 | AH35: พร้อมส่ง | AI35: P6 | AJ35: 4 | AK35: 45960 | AL35: 45956 | AM35: 45949 | AN35: 45957 | AO35: 45958 | AP35: 45959 | AQ35: 45955 | AR35: 0 | AS35: 0 | AT35: 0 | AU35: 0 | AV35: 0 | AW35: 0 | AX35: งานเคลือบ+พิมพ์ | AY35: / | AZ35: ลบสี | BA35: 0 | BB35: 0 | BC35: 0 | BD35: WRWT25850/WRWT25850 | BE35: 0
A36: 45951 | B36: MK68-001253 | C36: บจก.อินเทคค์ โกลบอล | D36: เฟิร์สช้อย 911 | E36: 20 | F36: 36 | G36: ขาว | H36: ด้าน | I36: 100 | J36: ± | K36: 5 | L36: จับจีบ4" | M36: =I36*V36/1000 -> 504 | N36: ไม่สวมถุงใน | O36: 0 | P36: 0 | Q36: 0 | R36: 0 | S36: 0 | T36: มัด80 ใช้สายรัด | U36: 45960 | V36: 5040 | W36: 0 | X36: 5040 | Y36: 0 | Z36: 5292 | AA36: WSWT2025800SM | AB36: 5280.66 | AC36: 5280.66 | AD36: 0 | AE36: 5280.66 | AF36: 0 | AG36: 0 | AH36: ยังไม่ได้พิมพ์ | AI36: P6 | AJ36: 4 | AK36: 45960 | AL36: 45956 | AM36: 45949 | AN36: 45957 | AO36: 45958 | AP36: 45959 | AQ36: 45955 | AR36: 0 | AS36: 0 | AT36: 0 | AU36: 0 | AV36: 0 | AW36: 0 | AX36: งานเคลือบ+พิมพ์ | AY36: รอART | AZ36: 0 | BA36: 0 | BB36: 0 | BC36: 0 | BD36: WRWT25850/WRWT25850 | BE36: 0
A37: 45951 | B37: MK68-001254 | C37: บจก.อินเทคค์ โกลบอล | D37: เฟิร์สช้อย 912 | E37: 20 | F37: 36 | G37: ขาว | H37: ด้าน | I37: 100 | J37: ± | K37: 5 | L37: จับจีบ4" | M37: =I37*V37/1000 -> 2000 | N37: ไม่สวมถุงใน | O37: 0 | P37: 0 | Q37: 0 | R37: 0 | S37: 0 | T37: มัด80 ใช้สายรัด | U37: 45960 | V37: 20000 | W37: 0 | X37: 20000 | Y37: 0 | Z37: 21000 | AA37: WSWT2025800SM | AB37: 20955 | AC37: 20955 | AD37: 0 | AE37: 20955 | AF37: 0 | AG37: 0 | AH37: ยังไม่ได้พิมพ์ | AI37: P6 | AJ37: 4 | AK37: 45960 | AL37: 45956 | AM37: 45949 | AN37: 45957 | AO37: 45958 | AP37: 45959 | AQ37: 45955 | AR37: 0 | AS37: 0 | AT37: 0 | AU37: 0 | AV37: 0 | AW37: 0 | AX37: งานเคลือบ+พิมพ์ | AY37: รอART | AZ37: 4/11 10000 10/11 10000 | BA37: 0 | BB37: 0 | BC37: 0 | BD37: WRWT25850/WRWT25850 | BE37: 0
A38: 45919 | B38: MK68-001121 | C38: บจก.อินเทคค์ โกลบอล | D38: เฟิร์สช้อย 912 | E38: 20 | F38: 36 | G38: ขาว | H38: ด้าน | I38: 100 | J38: ± | K38: 5 | L38: จับจีบ4" | M38: =I38*V38/1000 -> 60.4 | N38: ไม่สวมถุงใน | O38: 0 | P38: 0 | Q38: 0 | R38: 0 | S38: 0 | T38: มัด80 ใช้สายรัด | U38: 45960 | V38: 604 | W38: 0 | X38: 604 | Y38: 0 | Z38: 634.2 | AA38: WSWT2025800SM | AB38: 632.841 | AC38: 632.841 | AD38: 0 | AE38: 632.841 | AF38: 0 | AG38: 0 | AH38: ยังไม่ได้พิมพ์ | AI38: P6 | AJ38: 4 | AK38: 45960 | AL38: 45956 | AM38: 45949 | AN38: 45957 | AO38: 45958 | AP38: 45959 | AQ38: 45955 | AR38: 0 | AS38: 0 | AT38: 0 | AU38: 0 | AV38: 0 | AW38: 0 | AX38: งานเคลือบ+พิมพ์ | AY38: / | AZ38: 0 | BA38: 0 | BB38: 0 | BC38: 0 | BD38: WRWT25850/WRWT25850 | BE38: 0
A39: 45951 | B39: MK68-001254 | C39: บจก.อินเทคค์ โกลบอล | D39: เฟิร์สช้อย 913 | E39: 20 | F39: 36 | G39: ขาว | H39: ด้าน | I39: 100 | J39: ± | K39: 5 | L39: จับจีบ4" | M39: =I39*V39/1000 -> 1000 | N39: ไม่สวมถุงใน | O39: 0 | P39: 0 | Q39: 0 | R39: 0 | S39: 0 | T39: มัด80 ใช้สายรัด | U39: 45960 | V39: 10000 | W39: 0 | X39: 10000 | Y39: 0 | Z39: 10500 | AA39: WSWT2025800SM | AB39: 10477.5 | AC39: 10477.5 | AD39: 0 | AE39: 10477.5 | AF39: 0 | AG39: 0 | AH39: ยังไม่ได้พิมพ์ | AI39: P6 | AJ39: 4 | AK39: 45960 | AL39: 45956 | AM39: 45949 | AN39: 45957 | AO39: 45958 | AP39: 45959 | AQ39: 45955 | AR39: 0 | AS39: 0 | AT39: 0 | AU39: 0 | AV39: 0 | AW39: 0 | AX39: งานเคลือบ+พิมพ์ | AY39: รอART | AZ39: 0 | BA39: 0 | BB39: 0 | BC39: 0 | BD39: WRWT25850/WRWT25850 | BE39: 0
A40: 45951 | B40: MK68-001255 | C40: บจก.อินเทคค์ โกลบอล | D40: เฟิร์สช้อย 914 | E40: 20 | F40: 36 | G40: ขาว | H40: ด้าน | I40: 100 | J40: ± | K40: 5 | L40: จับจีบ4" | M40: =I40*V40/1000 -> 504 | N40: ไม่สวมถุงใน | O40: 0 | P40: 0 | Q40: 0 | R40: 0 | S40: 0 | T40: มัด80 ใช้สายรัด | U40: 45960 | V40: 5040 | W40: 0 | X40: 5040 | Y40: 0 | Z40: 5292 | AA40: WSWT2025800SM | AB40: 5280.66 | AC40: 5280.66 | AD40: 0 | AE40: 5280.66 | AF40: 0 | AG40: 0 | AH40: ยังไม่ได้พิมพ์ | AI40: P6 | AJ40: 4 | AK40: 45960 | AL40: 45956 | AM40: 45949 | AN40: 45957 | AO40: 45958 | AP40: 45959 | AQ40: 45955 | AR40: 0 | AS40: 0 | AT40: 0 | AU40: 0 | AV40: 0 | AW40: 0 | AX40: งานเคลือบ+พิมพ์ | AY40: รอART | AZ40: 0 | BA40: 0 | BB40: 0 | BC40: 0 | BD40: WRWT25850/WRWT25850 | BE40: 0
A41: 45951 | B41: MK68-001255 | C41: บจก.อินเทคค์ โกลบอล | D41: เพอเฟคค์ 911 | E41: 20 | F41: 36 | G41: ขาว | H41: ด้าน | I41: 100 | J41: ± | K41: 5 | L41: จับจีบ4" | M41: =I41*V41/1000 -> 504 | N41: ไม่สวมถุงใน | O41: 0 | P41: 0 | Q41: 0 | R41: 0 | S41: 0 | T41: มัด80 ใช้สายรัด | U41: 45960 | V41: 5040 | W41: 0 | X41: 5040 | Y41: 0 | Z41: 5292 | AA41: WSWT2025800SM | AB41: 5280.66 | AC41: 5280.66 | AD41: 0 | AE41: 0 | AF41: 5280.66 | AG41: 0 | AH41: ยังไม่ได้พิมพ์ | AI41: P6 | AJ41: 4 | AK41: 45960 | AL41: 45956 | AM41: 45949 | AN41: 45957 | AO41: 45958 | AP41: 45959 | AQ41: 45955 | AR41: 0 | AS41: 0 | AT41: 0 | AU41: 0 | AV41: 0 | AW41: 0 | AX41: งานเคลือบ+พิมพ์ | AY41: รอART | AZ41: 0 | BA41: 0 | BB41: 0 | BC41: 0 | BD41: WRWT25850/WRWT25850 | BE41: 0
A42: 45951 | B42: MK68-001256 | C42: บจก.อินเทคค์ โกลบอล | D42: เพอเฟคค์ 912 | E42: 20 | F42: 36 | G42: ขาว | H42: ด้าน | I42: 100 | J42: ± | K42: 5 | L42: จับจีบ4" | M42: =I42*V42/1000 -> 1000 | N42: ไม่สวมถุงใน | O42: 0 | P42: 0 | Q42: 0 | R42: 0 | S42: 0 | T42: มัด80 ใช้สายรัด | U42: 45960 | V42: 10000 | W42: 0 | X42: 10000 | Y42: 0 | Z42: 10500 | AA42: WSWT2025800SM | AB42: 10477.5 | AC42: 10477.5 | AD42: 0 | AE42: 10477.5 | AF42: 0 | AG42: 0 | AH42: ยังไม่ได้พิมพ์ | AI42: P6 | AJ42: 4 | AK42: 45960 | AL42: 45956 | AM42: 45949 | AN42: 45957 | AO42: 45958 | AP42: 45959 | AQ42: 45955 | AR42: 0 | AS42: 0 | AT42: 0 | AU42: 0 | AV42: 0 | AW42: 0 | AX42: งานเคลือบ+พิมพ์ | AY42: รอART | AZ42: 0 | BA42: 0 | BB42: 0 | BC42: 0 | BD42: WRWT25850/WRWT25850 | BE42: 0
A43: 45919 | B43: MK68-001123 | C43: บจก.อินเทคค์ โกลบอล | D43: เพอเฟคค์ 912 | E43: 20 | F43: 36 | G43: ขาว | H43: ด้าน | I43: 100 | J43: ± | K43: 5 | L43: จับจีบ4" | M43: =I43*V43/1000 -> 92.8 | N43: ไม่สวมถุงใน | O43: 0 | P43: 0 | Q43: 0 | R43: 0 | S43: 0 | T43: มัด80 ใช้สายรัด | U43: 45960 | V43: 928 | W43: 0 | X43: 928 | Y43: 0 | Z43: 974.4 | AA43: WSWT2025800SM | AB43: 972.312 | AC43: 972.312 | AD43: 0 | AE43: 972.312 | AF43: 0 | AG43: 0 | AH43: ยังไม่ได้พิมพ์ | AI43: P6 | AJ43: 4 | AK43: 45960 | AL43: 45956 | AM43: 45949 | AN43: 45957 | AO43: 45958 | AP43: 45959 | AQ43: 45955 | AR43: 0 | AS43: 0 | AT43: 0 | AU43: 0 | AV43: 0 | AW43: 0 | AX43: งานเคลือบ+พิมพ์ | AY43: / | AZ43: ลบสีจำนวนมาก | BA43: 0 | BB43: 0 | BC43: 0 | BD43: WRWT25850/WRWT25850 | BE43: 0
A44: 45951 | B44: MK68-001256 | C44: บจก.อินเทคค์ โกลบอล | D44: เพอเฟคค์ 914 | E44: 20 | F44: 36 | G44: ขาว | H44: ด้าน | I44: 100 | J44: ± | K44: 5 | L44: จับจีบ4" | M44: =I44*V44/1000 -> 2000 | N44: ไม่สวมถุงใน | O44: 0 | P44: 0 | Q44: 0 | R44: 0 | S44: 0 | T44: มัด80 ใช้สายรัด | U44: 45960 | V44: 20000 | W44: 0 | X44: 20000 | Y44: 0 | Z44: 21000 | AA44: WSWT2025800SM | AB44: 20955 | AC44: 13246 | AD44: 7709 | AE44: 0 | AF44: 20955 | AG44: 0 | AH44: ยังไม่ได้พิมพ์ | AI44: P6 | AJ44: 4 | AK44: 45960 | AL44: 45956 | AM44: 45949 | AN44: 45957 | AO44: 45958 | AP44: 45959 | AQ44: 45955 | AR44: 0 | AS44: 0 | AT44: 0 | AU44: 0 | AV44: 0 | AW44: 0 | AX44: งานเคลือบ+พิมพ์ | AY44: รอART | AZ44: 3/11 10000 10/11 10000 | BA44: 0 | BB44: 0 | BC44: 0 | BD44: WRWT25850/WRWT25850 | BE44: 582.45778
A45: 45919 | B45: MK68-001122 | C45: บจก.อินเทคค์ โกลบอล | D45: เพอเฟคค์ 914 | E45: 20 | F45: 36 | G45: ขาว | H45: ด้าน | I45: 100 | J45: ± | K45: 5 | L45: จับจีบ4" | M45: =I45*V45/1000 -> 117.4 | N45: ไม่สวมถุงใน | O45: 0 | P45: 0 | Q45: 0 | R45: 0 | S45: 0 | T45: มัด80 ใช้สายรัด | U45: 45960 | V45: 1174 | W45: 0 | X45: 1174 | Y45: 0 | Z45: 1232.7 | AA45: WSWT2025800SM | AB45: 1230.0585 | AC45: 0 | AD45: 1230.0585 | AE45: 0 | AF45: 1230.0585 | AG45: 0 | AH45: ยังไม่ได้พิมพ์ | AI45: P6 | AJ45: 4 | AK45: 45960 | AL45: 45956 | AM45: 45949 | AN45: 45957 | AO45: 45958 | AP45: 45959 | AQ45: 45955 | AR45: 0 | AS45: 0 | AT45: 0 | AU45: 0 | AV45: 0 | AW45: 0 | AX45: งานเคลือบ+พิมพ์ | AY45: / | AZ45: 0 | BA45: 0 | BB45: 0 | BC45: 0 | BD45: WRWT25850/WRWT25850 | BE45: 92.937753
A46: 45951 | B46: MK68-001257 | C46: บจก.อินเทคค์ โกลบอล | D46: เพอเฟคค์ 913 | E46: 20 | F46: 36 | G46: ขาว | H46: ด้าน | I46: 100 | J46: ± | K46: 5 | L46: จับจีบ4" | M46: =I46*V46/1000 -> 3000 | N46: ไม่สวมถุงใน | O46: 0 | P46: 0 | Q46: 0 | R46: 0 | S46: 0 | T46: มัด80 ใช้สายรัด | U46: 45960 | V46: 30000 | W46: 0 | X46: 30000 | Y46: 0 | Z46: 31500 | AA46: WSWT2025800SM | AB46: 31432.5 | AC46: 0 | AD46: 31432.5 | AE46: 0 | AF46: 31432.5 | AG46: 0 | AH46: ยังไม่ได้พิมพ์ | AI46: P6 | AJ46: 4 | AK46: 45960 | AL46: 45956 | AM46: 45949 | AN46: 45957 | AO46: 45958 | AP46: 45959 | AQ46: 45955 | AR46: 0 | AS46: 0 | AT46: 0 | AU46: 0 | AV46: 0 | AW46: 0 | AX46: งานเคลือบ+พิมพ์ | AY46: รอART | AZ46: 3/11,10000 10/11,10000 17/11 ,10000 | BA46: 0 | BB46: 0 | BC46: 0 | BD46: WRWT25850/WRWT25850 | BE46: 2374.9
A47: 45919 | B47: MK68-001124 | C47: บจก.อินเทคค์ โกลบอล | D47: เพอเฟคค์ 913 | E47: 20 | F47: 36 | G47: ขาว | H47: ด้าน | I47: 100 | J47: ± | K47: 5 | L47: จับจีบ4" | M47: =I47*V47/1000 -> 193.3 | N47: ไม่สวมถุงใน | O47: 0 | P47: 0 | Q47: 0 | R47: 0 | S47: 0 | T47: มัด80 ใช้สายรัด | U47: 45960 | V47: 1933 | W47: 0 | X47: 1933 | Y47: 0 | Z47: 2029.65 | AA47: WSWT2025800SM | AB47: 2025.3008 | AC47: 2025.3008 | AD47: 0 | AE47: 2025.3008 | AF47: 0 | AG47: 0 | AH47: ยังไม่ได้พิมพ์ | AI47: P6 | AJ47: 4 | AK47: 45960 | AL47: 45956 | AM47: 45949 | AN47: 45957 | AO47: 45958 | AP47: 45959 | AQ47: 45955 | AR47: 0 | AS47: 0 | AT47: 0 | AU47: 0 | AV47: 0 | AW47: 0 | AX47: งานเคลือบ+พิมพ์ | AY47: / | AZ47: 0 | BA47: 0 | BB47: 0 | BC47: 0 | BD47: WRWT25850/WRWT25850 | BE47: 0
A48: 45951 | B48: MK68-001262 | C48: บจก.อินเทคค์ โกลบอล | D48: สุบรรณ 222 | E48: 20 | F48: 36 | G48: ขาว | H48: ด้าน | I48: 100 | J48: ± | K48: 5 | L48: จับจีบ3.5" | M48: =I48*V48/1000 -> 504 | N48: ไม่สวมถุงใน | O48: 0 | P48: 0 | Q48: 0 | R48: 0 | S48: 0 | T48: มัด80 ใช้สายรัด | U48: 45960 | V48: 5040 | W48: 0 | X48: 5040 | Y48: 0 | Z48: 5292 | AA48: WSWT2025800SM | AB48: 5280.66 | AC48: 5280.66 | AD48: 0 | AE48: 5280.66 | AF48: 0 | AG48: 0 | AH48: พร้อมส่ง | AI48: P6 | AJ48: 4 | AK48: 45960 | AL48: 45956 | AM48: 45949 | AN48: 45957 | AO48: 45958 | AP48: 45959 | AQ48: 45955 | AR48: 0 | AS48: 0 | AT48: 0 | AU48: 0 | AV48: 0 | AW48: 0 | AX48: งานเคลือบ+พิมพ์ | AY48: รอART | AZ48: 0 | BA48: 0 | BB48: 0 | BC48: 0 | BD48: WRWT25850/WRWT25850 | BE48: 0
A49: 45951 | B49: MK68-001262 | C49: บจก.อินเทคค์ โกลบอล | D49: สุบรรณ 333 | E49: 20 | F49: 36 | G49: ขาว | H49: ด้าน | I49: 100 | J49: ± | K49: 5 | L49: จับจีบ3.5" | M49: =I49*V49/1000 -> 504 | N49: ไม่สวมถุงใน | O49: 0 | P49: 0 | Q49: 0 | R49: 0 | S49: 0 | T49: มัด80 ใช้สายรัด | U49: 45960 | V49: 5040 | W49: 0 | X49: 5040 | Y49: 0 | Z49: 5292 | AA49: WSWT2025800SM | AB49: 5280.66 | AC49: 5280.66 | AD49: 0 | AE49: 5280.66 | AF49: 0 | AG49: 0 | AH49: พร้อมส่ง | AI49: P6 | AJ49: 4 | AK49: 45960 | AL49: 45956 | AM49: 45949 | AN49: 45957 | AO49: 45958 | AP49: 45959 | AQ49: 45955 | AR49: 0 | AS49: 0 | AT49: 0 | AU49: 0 | AV49: 0 | AW49: 0 | AX49: งานเคลือบ+พิมพ์ | AY49: รอART | AZ49: 0 | BA49: 0 | BB49: 0 | BC49: 0 | BD49: WRWT25850/WRWT25850 | BE49: 0
A50: 45951 | B50: MK68-001263 | C50: บจก.อินเทคค์ โกลบอล | D50: เฟิร์สคลาส 912 | E50: 20 | F50: 35 | G50: ขาว | H50: ด้าน | I50: 97 | J50: ± | K50: 5 | L50: จับจีบ4" | M50: =I50*V50/1000 -> 488.88 | N50: ไม่สวมถุงใน | O50: 0 | P50: 0 | Q50: 0 | R50: 0 | S50: 0 | T50: มัด80 ใช้สายรัด | U50: 45960 | V50: 5040 | W50: 0 | X50: 5040 | Y50: 0 | Z50: 5292 | AA50: WSWT2025800SM | AB50: 5139.8424 | AC50: 5139.8424 | AD50: 0 | AE50: 5139.8424 | AF50: 0 | AG50: 0 | AH50: พร้อมส่ง | AI50: P6 | AJ50: 4 | AK50: 45960 | AL50: 45956 | AM50: 45949 | AN50: 45957 | AO50: 45958 | AP50: 45959 | AQ50: 45955 | AR50: 0 | AS50: 0 | AT50: 0 | AU50: 0 | AV50: 0 | AW50: 0 | AX50: งานเคลือบ+พิมพ์ | AY50: รอART | AZ50: 0 | BA50: 0 | BB50: 0 | BC50: 0 | BD50: WRWT25850/WRWT25850 | BE50: 0
A51: 45916 | B51: MK68-001119 | C51: บจก.ซันฟีด | D51: 007 | E51: 20 | F51: 38 | G51: ขาว | H51: ด้าน | I51: 100 | J51: + | K51: 0 | L51: ไม่ | M51: =I51*V51/1000 -> 250 | N51: ไม่สวมถุงใน | O51: 0 | P51: 0 | Q51: 0 | R51: 0 | S51: 0 | T51: 300กระสอบแบนเต็มใบ | U51: 45961 | V51: 2500 | W51: 2500 | X51: 0 | Y51: 2550 | Z51: 0 | AA51: WSWT2025800SM | AB51: 0 | AC51: 0 | AD51: 0 | AE51: 0 | AF51: 0 | AG51: 0 | AH51: ยังไม่ได้พิมพ์ | AI51: P6 | AJ51: 4 | AK51: 45961 | AL51: 45957 | AM51: 45950 | AN51: 45958 | AO51: 45959 | AP51: 45960 | AQ51: 45956 | AR51: 0 | AS51: 0 | AT51: 0 | AU51: 0 | AV51: 0 | AW51: 0 | AX51: งานเคลือบ+พิมพ์ | AY51: / | AZ51: 0 | BA51: 0 | BB51: 0 | BC51: 0 | BD51: WRWT25850/WRWT25850 | BE51: 0
A52: 45911 | B52: MK68-001106 | C52: บจก.เอพีเอ็ม อะโกร | D52: วี-ฟีด วี 06 | E52: 20 | F52: 38 | G52: ขาว | H52: ใส | I52: 100 | J52: ± | K52: 5 | L52: บิด | M52: =I52*V52/1000 -> 300 | N52: ไม่สวมถุงใน | O52: 0 | P52: 0 | Q52: 0 | R52: 0 | S52: 0 | T52: 500กระสอบแบน | U52: 45961 | V52: 3000 | W52: 3000 | X52: 0 | Y52: 3100 | Z52: 0 | AA52: WSWT2025800SM | AB52: 0 | AC52: 0 | AD52: 0 | AE52: 0 | AF52: 0 | AG52: 0 | AH52: ยังไม่ได้พิมพ์ | AI52: P6 | AJ52: 4 | AK52: 45961 | AL52: 45957 | AM52: 45950 | AN52: 45958 | AO52: 45959 | AP52: 45960 | AQ52: 45956 | AR52: 0 | AS52: 0 | AT52: 0 | AU52: 0 | AV52: 0 | AW52: 0 | AX52: งานเคลือบ+พิมพ์ | AY52: / | AZ52: 0 | BA52: 0 | BB52: 0 | BC52: 0 | BD52: WRWT25850/WRWT25850 | BE52: 0
A53: 45916 | B53: MK68-001118 | C53: บจก.ซันฟีด | D53: 935 เอ | E53: 20 | F53: 37 | G53: ขาว | H53: 0 | I53: 80 | J53: + | K53: 0 | L53: บิด | M53: =I53*V53/1000 -> 400 | N53: ไม่สวมถุงใน | O53: 0 | P53: 0 | Q53: 0 | R53: 0 | S53: 0 | T53: 300กระสอบแบนเต็มใบ | U53: 45954 | V53: 5000 | W53: 5100 | X53: 0 | Y53: 5200 | Z53: 0 | AA53: WSWT2025850 | AB53: 0 | AC53: 0 | AD53: 0 | AE53: 0 | AF53: 0 | AG53: 0 | AH53: พร้อมส่ง | AI53: P7 | AJ53: 2 | AK53: 45954 | AL53: 0 | AM53: 45945 | AN53: 45952 | AO53: 45953 | AP53: 45953 | AQ53: 45949 | AR53: 0 | AS53: 0 | AT53: 0 | AU53: 0 | AV53: 0 | AW53: 0 | AX53: งานพิมพ์ | AY53: / | AZ53: 0 | BA53: 0 | BB53: 0 | BC53: 0 | BD53: WRWT25850/WRWT25800 | BE53: 0
A54: 45916 | B54: MK68-001118 | C54: บจก.ซันฟีด | D54: 915 เอ็ม | E54: 20 | F54: 39 | G54: ขาว | H54: 0 | I54: 84 | J54: + | K54: 0 | L54: ไม่ | M54: =I54*V54/1000 -> 420 | N54: ไม่สวมถุงใน | O54: 0 | P54: 0 | Q54: 0 | R54: 0 | S54: 0 | T54: 300กระสอบแบนเต็มใบ | U54: 45954 | V54: 5000 | W54: 5000 | X54: 0 | Y54: 5100 | Z54: 0 | AA54: WSWT2025850 | AB54: 0 | AC54: 0 | AD54: 0 | AE54: 0 | AF54: 0 | AG54: 0 | AH54: รอตัด | AI54: P7 | AJ54: 2 | AK54: 45954 | AL54: 0 | AM54: 45945 | AN54: 45952 | AO54: 45953 | AP54: 45953 | AQ54: 45949 | AR54: 0 | AS54: 0 | AT54: 0 | AU54: 0 | AV54: 0 | AW54: 0 | AX54: งานพิมพ์ | AY54: / | AZ54: 0 | BA54: 0 | BB54: 0 | BC54: 0 | BD54: WRWT25850/WRWT25800 | BE54: 0
A55: 45916 | B55: MK68-001118 | C55: บจก.ซันฟีด | D55: 935 | E55: 20 | F55: 37 | G55: ขาว | H55: 0 | I55: 80 | J55: + | K55: 0 | L55: บิด | M55: =I55*V55/1000 -> 600 | N55: ไม่สวมถุงใน | O55: 0 | P55: 0 | Q55: 0 | R55: 0 | S55: 0 | T55: 300กระสอบแบนเต็มใบ | U55: 45954 | V55: 7500 | W55: 7500 | X55: 0 | Y55: 5100 | Z55: 0 | AA55: WSWT2025850 | AB55: 0 | AC55: 0 | AD55: 0 | AE55: 0 | AF55: 0 | AG55: 0 | AH55: พร้อมส่ง | AI55: P7 | AJ55: 2 | AK55: 45954 | AL55: 0 | AM55: 45945 | AN55: 45952 | AO55: 45953 | AP55: 45953 | AQ55: 45949 | AR55: 0 | AS55: 0 | AT55: 0 | AU55: 0 | AV55: 0 | AW55: 0 | AX55: งานพิมพ์ | AY55: / | AZ55: 0 | BA55: 0 | BB55: 0 | BC55: 0 | BD55: WRWT25850/WRWT25800 | BE55: 0
A56: 45916 | B56: MK68-001118 | C56: บจก.ซันฟีด | D56: 932 | E56: 20 | F56: 38 | G56: ขาว | H56: 0 | I56: 82 | J56: + | K56: 0 | L56: บิด | M56: =I56*V56/1000 -> 205 | N56: ไม่สวมถุงใน | O56: 0 | P56: 0 | Q56: 0 | R56: 0 | S56: 0 | T56: 300กระสอบแบนเต็มใบ | U56: 45957 | V56: 2500 | W56: 2500 | X56: 0 | Y56: 2550 | Z56: 0 | AA56: WSWT2025850 | AB56: 0 | AC56: 0 | AD56: 0 | AE56: 0 | AF56: 0 | AG56: 0 | AH56: พร้อมส่ง | AI56: P7 | AJ56: 2 | AK56: 45957 | AL56: 0 | AM56: 45948 | AN56: 45955 | AO56: 45956 | AP56: 45956 | AQ56: 45952 | AR56: 0 | AS56: 0 | AT56: 0 | AU56: 0 | AV56: 0 | AW56: 0 | AX56: งานพิมพ์ | AY56: / | AZ56: 0 | BA56: 0 | BB56: 0 | BC56: 0 | BD56: WRWT25850/WRWT25800 | BE56: 0
A57: 45916 | B57: MK68-001118 | C57: บจก.ซันฟีด | D57: 935 เอ | E57: 20 | F57: 37 | G57: ขาว | H57: 0 | I57: 80 | J57: + | K57: 0 | L57: บิด | M57: =I57*V57/1000 -> 800 | N57: ไม่สวมถุงใน | O57: 0 | P57: 0 | Q57: 0 | R57: 0 | S57: 0 | T57: 300กระสอบแบนเต็มใบ | U57: 45958 | V57: 10000 | W57: 9112 | X57: 0 | Y57: 10200 | Z57: 0 | AA57: WSWT2025850 | AB57: 0 | AC57: 0 | AD57: 0 | AE57: 0 | AF57: 0 | AG57: 0 | AH57: ยังไม่ได้พิมพ์ | AI57: P7 | AJ57: 2 | AK57: 45958 | AL57: 0 | AM57: 45949 | AN57: 45956 | AO57: 45957 | AP57: 45957 | AQ57: 45953 | AR57: 0 | AS57: 0 | AT57: 0 | AU57: 0 | AV57: 0 | AW57: 0 | AX57: งานพิมพ์ | AY57: / | AZ57: 0 | BA57: 0 | BB57: 0 | BC57: 0 | BD57: WRWT25850/WRWT25800 | BE57: 0
A58: 45916 | B58: MK68-001118 | C58: บจก.ซันฟีด | D58: ไก่ไข่ | E58: 20 | F58: 39 | G58: ขาว | H58: 0 | I58: 84 | J58: + | K58: 0 | L58: บิด | M58: =I58*V58/1000 -> 504 | N58: ไม่สวมถุงใน | O58: 0 | P58: 0 | Q58: 0 | R58: 0 | S58: 0 | T58: 300กระสอบแบนเต็มใบ | U58: 45957 | V58: 6000 | W58: 6000 | X58: 0 | Y58: 6660 | Z58: 0 | AA58: WSWT2025850 | AB58: 0 | AC58: 0 | AD58: 0 | AE58: 0 | AF58: 0 | AG58: 0 | AH58: พร้อมส่ง | AI58: P7 | AJ58: 2 | AK58: 45957 | AL58: 0 | AM58: 45948 | AN58: 45955 | AO58: 45956 | AP58: 45956 | AQ58: 45952 | AR58: 0 | AS58: 0 | AT58: 0 | AU58: 0 | AV58: 0 | AW58: 0 | AX58: งานพิมพ์ | AY58: / | AZ58: 0 | BA58: 0 | BB58: 0 | BC58: 0 | BD58: WRWT25850/WRWT25800 | BE58: 0
A59: 45916 | B59: MK68-001118 | C59: บจก.ซันฟีด | D59: 935 | E59: 20 | F59: 37 | G59: ขาว | H59: 0 | I59: 80 | J59: + | K59: 0 | L59: บิด | M59: =I59*V59/1000 -> 800 | N59: ไม่สวมถุงใน | O59: 0 | P59: 0 | Q59: 0 | R59: 0 | S59: 0 | T59: 300กระสอบแบนเต็มใบ | U59: 45957 | V59: 10000 | W59: 10000 | X59: 0 | Y59: 10500 | Z59: 0 | AA59: WSWT2025850 | AB59: 0 | AC59: 0 | AD59: 0 | AE59: 0 | AF59: 0 | AG59: 0 | AH59: พร้อมส่ง | AI59: P7 | AJ59: 2 | AK59: 45957 | AL59: 0 | AM59: 45948 | AN59: 45955 | AO59: 45956 | AP59: 45956 | AQ59: 45952 | AR59: 0 | AS59: 0 | AT59: 0 | AU59: 0 | AV59: 0 | AW59: 0 | AX59: งานพิมพ์ | AY59: / | AZ59: 0 | BA59: 0 | BB59: 0 | BC59: 0 | BD59: WRWT25850/WRWT25800 | BE59: 0
A60: 45916 | B60: MK68-001118 | C60: บจก.ซันฟีด | D60: 954 แอล | E60: 20 | F60: 39 | G60: ขาว | H60: 0 | I60: 84 | J60: + | K60: 0 | L60: ไม่ | M60: =I60*V60/1000 -> 210 | N60: ไม่สวมถุงใน | O60: 0 | P60: 0 | Q60: 0 | R60: 0 | S60: 0 | T60: 300กระสอบแบนเต็มใบ | U60: 45957 | V60: 2500 | W60: 0 | X60: 2500 | Y60: 0 | Z60: 2625 | AA60: WSWT2025850 | AB60: 2828.925 | AC60: 2828.925 | AD60: 0 | AE60: 0 | AF60: 0 | AG60: 0 | AH60: พร้อมส่ง | AI60: P7 | AJ60: 2 | AK60: 45957 | AL60: 0 | AM60: 45948 | AN60: 45955 | AO60: 45956 | AP60: 45956 | AQ60: 45952 | AR60: 0 | AS60: 0 | AT60: 0 | AU60: 0 | AV60: 0 | AW60: 0 | AX60: งานพิมพ์ | AY60: / | AZ60: 0 | BA60: 0 | BB60: 0 | BC60: 0 | BD60: WRWT25850/WRWT25800 | BE60: 0
A61: 45916 | B61: MK68-001118 | C61: บจก.ซันฟีด | D61: 915 พี | E61: 20 | F61: 39 | G61: ขาว | H61: 0 | I61: 84 | J61: + | K61: 0 | L61: ไม่ | M61: =I61*V61/1000 -> 504 | N61: ไม่สวมถุงใน | O61: 0 | P61: 0 | Q61: 0 | R61: 0 | S61: 0 | T61: 300กระสอบแบนเต็มใบ | U61: 45958 | V61: 6000 | W61: 6000 | X61: 0 | Y61: 6100 | Z61: 0 | AA61: WSWT2025850 | AB61: 0 | AC61: 0 | AD61: 0 | AE61: 0 | AF61: 0 | AG61: 0 | AH61: พร้อมส่ง | AI61: P7 | AJ61: 2 | AK61: 45958 | AL61: 0 | AM61: 45949 | AN61: 45956 | AO61: 45957 | AP61: 45957 | AQ61: 45953 | AR61: 0 | AS61: 0 | AT61: 0 | AU61: 0 | AV61: 0 | AW61: 0 | AX61: งานพิมพ์ | AY61: / | AZ61: 0 | BA61: 0 | BB61: 0 | BC61: 0 | BD61: WRWT25850/WRWT25800 | BE61: 0
A62: 45916 | B62: MK68-001118 | C62: บจก.ซันฟีด | D62: 959 | E62: 20 | F62: 38 | G62: ขาว | H62: 0 | I62: 82 | J62: + | K62: 0 | L62: บิด | M62: =I62*V62/1000 -> 205 | N62: ไม่สวมถุงใน | O62: 0 | P62: 0 | Q62: 0 | R62: 0 | S62: 0 | T62: 300กระสอบแบนเต็มใบ | U62: 45958 | V62: 2500 | W62: 2500 | X62: 0 | Y62: 2550 | Z62: 0 | AA62: WSWT2025850 | AB62: 0 | AC62: 0 | AD62: 0 | AE62: 0 | AF62: 0 | AG62: 0 | AH62: พร้อมส่ง | AI62: P7 | AJ62: 2 | AK62: 45958 | AL62: 0 | AM62: 45949 | AN62: 45956 | AO62: 45957 | AP62: 45957 | AQ62: 45953 | AR62: 0 | AS62: 0 | AT62: 0 | AU62: 0 | AV62: 0 | AW62: 0 | AX62: งานพิมพ์ | AY62: / | AZ62: 0 | BA62: 0 | BB62: 0 | BC62: 0 | BD62: WRWT25850/WRWT25800 | BE62: 0
A63: 45916 | B63: MK68-001118 | C63: บจก.ซันฟีด | D63: 915 เอ็ม | E63: 20 | F63: 39 | G63: ขาว | H63: 0 | I63: 84 | J63: + | K63: 0 | L63: ไม่ | M63: =I63*V63/1000 -> 840 | N63: ไม่สวมถุงใน | O63: 0 | P63: 0 | Q63: 0 | R63: 0 | S63: 0 | T63: 300กระสอบแบนเต็มใบ | U63: 45958 | V63: 10000 | W63: 10000 | X63: 0 | Y63: 10200 | Z63: 0 | AA63: WSWT2025850 | AB63: 0 | AC63: 0 | AD63: 0 | AE63: 0 | AF63: 0 | AG63: 0 | AH63: พร้อมส่ง | AI63: P7 | AJ63: 2 | AK63: 45958 | AL63: 0 | AM63: 45949 | AN63: 45956 | AO63: 45957 | AP63: 45957 | AQ63: 45953 | AR63: 0 | AS63: 0 | AT63: 0 | AU63: 0 | AV63: 0 | AW63: 0 | AX63: งานพิมพ์ | AY63: / | AZ63: 0 | BA63: 0 | BB63: 0 | BC63: 0 | BD63: WRWT25850/WRWT25800 | BE63: 0
A64: 45916 | B64: MK68-001118 | C64: บจก.ซันฟีด | D64: 935 เอ็ม | E64: 20 | F64: 37 | G64: ขาว | H64: 0 | I64: 80 | J64: + | K64: 0 | L64: บิด | M64: =I64*V64/1000 -> 280 | N64: ไม่สวมถุงใน | O64: 0 | P64: 0 | Q64: 0 | R64: 0 | S64: 0 | T64: 300กระสอบแบนเต็มใบ | U64: 45959 | V64: 3500 | W64: 3500 | X64: 0 | Y64: 3790 | Z64: 0 | AA64: WSWT2025850 | AB64: 0 | AC64: 0 | AD64: 0 | AE64: 0 | AF64: 0 | AG64: 0 | AH64: พร้อมส่ง | AI64: P7 | AJ64: 2 | AK64: 45959 | AL64: 0 | AM64: 45950 | AN64: 45957 | AO64: 45958 | AP64: 45958 | AQ64: 45954 | AR64: 0 | AS64: 0 | AT64: 0 | AU64: 0 | AV64: 0 | AW64: 0 | AX64: งานพิมพ์ | AY64: / | AZ64: 0 | BA64: 0 | BB64: 0 | BC64: 0 | BD64: WRWT25850/WRWT25800 | BE64: 0
A65: 45916 | B65: MK68-001118 | C65: บจก.ซันฟีด | D65: 931 | E65: 20 | F65: 39 | G65: ขาว | H65: 0 | I65: 84 | J65: + | K65: 0 | L65: บิด | M65: =I65*V65/1000 -> 210 | N65: ไม่สวมถุงใน | O65: 0 | P65: 0 | Q65: 0 | R65: 0 | S65: 0 | T65: 300กระสอบแบนเต็มใบ | U65: 45961 | V65: 2500 | W65: 2500 | X65: 0 | Y65: 2555 | Z65: 0 | AA65: WSWT2025850 | AB65: 0 | AC65: 0 | AD65: 0 | AE65: 0 | AF65: 0 | AG65: 0 | AH65: พร้อมส่ง | AI65: P7 | AJ65: 2 | AK65: 45961 | AL65: 0 | AM65: 45952 | AN65: 45959 | AO65: 45960 | AP65: 45960 | AQ65: 45956 | AR65: 0 | AS65: 0 | AT65: 0 | AU65: 0 | AV65: 0 | AW65: 0 | AX65: งานพิมพ์ | AY65: / | AZ65: 0 | BA65: 0 | BB65: 0 | BC65: 0 | BD65: WRWT25850/WRWT25800 | BE65: 0
A66: 45916 | B66: MK68-001118 | C66: บจก.ซันฟีด | D66: ไอฟีดไก่ไข่เบอร์ 5 เอ็ม | E66: 20 | F66: 39 | G66: ขาว | H66: 0 | I66: 84 | J66: + | K66: 0 | L66: บิด | M66: =I66*V66/1000 -> 210 | N66: ไม่สวมถุงใน | O66: 0 | P66: 0 | Q66: 0 | R66: 0 | S66: 0 | T66: 300กระสอบแบนเต็มใบ | U66: 45960 | V66: 2500 | W66: 2500 | X66: 0 | Y66: 2600 | Z66: 0 | AA66: WSWT2025850 | AB66: 0 | AC66: 0 | AD66: 0 | AE66: 0 | AF66: 0 | AG66: 0 | AH66: พร้อมส่ง | AI66: P7 | AJ66: 2 | AK66: 45960 | AL66: 0 | AM66: 45951 | AN66: 45958 | AO66: 45959 | AP66: 45959 | AQ66: 45955 | AR66: 0 | AS66: 0 | AT66: 0 | AU66: 0 | AV66: 0 | AW66: 0 | AX66: งานพิมพ์ | AY66: / | AZ66: 0 | BA66: 0 | BB66: 0 | BC66: 0 | BD66: WRWT25850/WRWT25800 | BE66: 0
A67: 45916 | B67: MK68-001118 | C67: บจก.ซันฟีด | D67: 935 แอล | E67: 20 | F67: 37 | G67: ขาว | H67: 0 | I67: 80 | J67: + | K67: 0 | L67: บิด | M67: =I67*V67/1000 -> 600 | N67: ไม่สวมถุงใน | O67: 0 | P67: 0 | Q67: 0 | R67: 0 | S67: 0 | T67: 300กระสอบแบนเต็มใบ | U67: 45961 | V67: 7500 | W67: 6844 | X67: 0 | Y67: 7500 | Z67: 0 | AA67: WSWT2025850 | AB67: 0 | AC67: 0 | AD67: 0 | AE67: 0 | AF67: 0 | AG67: 0 | AH67: พร้อมส่ง | AI67: P7 | AJ67: 2 | AK67: 45961 | AL67: 0 | AM67: 45952 | AN67: 45959 | AO67: 45960 | AP67: 45960 | AQ67: 45956 | AR67: 0 | AS67: 0 | AT67: 0 | AU67: 0 | AV67: 0 | AW67: 0 | AX67: งานพิมพ์ | AY67: / | AZ67: 0 | BA67: 0 | BB67: 0 | BC67: 0 | BD67: WRWT25850/WRWT25800 | BE67: 0
A68: 45916 | B68: MK68-001118 | C68: บจก.ซันฟีด | D68: 915 เอ็ม | E68: 20 | F68: 39 | G68: ขาว | H68: 0 | I68: 84 | J68: + | K68: 0 | L68: ไม่ | M68: =I68*V68/1000 -> 420 | N68: ไม่สวมถุงใน | O68: 0 | P68: 0 | Q68: 0 | R68: 0 | S68: 0 | T68: 300กระสอบแบนเต็มใบ | U68: 45961 | V68: 5000 | W68: 5000 | X68: 0 | Y68: 5300 | Z68: 0 | AA68: WSWT2025850 | AB68: 0 | AC68: 0 | AD68: 0 | AE68: 0 | AF68: 0 | AG68: 0 | AH68: พร้อมส่ง | AI68: P7 | AJ68: 2 | AK68: 45961 | AL68: 0 | AM68: 45952 | AN68: 45959 | AO68: 45960 | AP68: 45960 | AQ68: 45956 | AR68: 0 | AS68: 0 | AT68: 0 | AU68: 0 | AV68: 0 | AW68: 0 | AX68: งานพิมพ์ | AY68: / | AZ68: ลบสี | BA68: 0 | BB68: 0 | BC68: 0 | BD68: WRWT25850/WRWT25800 | BE68: 0
A69: 45916 | B69: MK68-001118 | C69: บจก.ซันฟีด | D69: แถบเขียว | E69: 20 | F69: 38 | G69: ขาว | H69: 0 | I69: 82 | J69: + | K69: 0 | L69: บิด | M69: =I69*V69/1000 -> 410 | N69: ไม่สวมถุงใน | O69: 0 | P69: 0 | Q69: 0 | R69: 0 | S69: 0 | T69: 300กระสอบแบนเต็มใบ | U69: 45961 | V69: 5000 | W69: 5100 | X69: 0 | Y69: 5100 | Z69: 0 | AA69: WSWT2025850 | AB69: 0 | AC69: 0 | AD69: 0 | AE69: 0 | AF69: 0 | AG69: 0 | AH69: พร้อมส่ง | AI69: P7 | AJ69: 2 | AK69: 45961 | AL69: 0 | AM69: 45952 | AN69: 45959 | AO69: 45960 | AP69: 45960 | AQ69: 45956 | AR69: 0 | AS69: 0 | AT69: 0 | AU69: 0 | AV69: 0 | AW69: 0 | AX69: งานพิมพ์ | AY69: / | AZ69: 0 | BA69: 0 | BB69: 0 | BC69: 0 | BD69: WRWT25850/WRWT25800 | BE69: 0
A70: 45916 | B70: MK68-001118 | C70: บจก.ซันฟีด | D70: 915 พี | E70: 20 | F70: 39 | G70: ขาว | H70: 0 | I70: 84 | J70: + | K70: 0 | L70: ไม่ | M70: =I70*V70/1000 -> 504 | N70: ไม่สวมถุงใน | O70: 0 | P70: 0 | Q70: 0 | R70: 0 | S70: 0 | T70: 300กระสอบแบนเต็มใบ | U70: 45961 | V70: 6000 | W70: 6000 | X70: 0 | Y70: 6100 | Z70: 0 | AA70: WSWT2025850 | AB70: 0 | AC70: 0 | AD70: 0 | AE70: 0 | AF70: 0 | AG70: 0 | AH70: พร้อมส่ง | AI70: P7 | AJ70: 2 | AK70: 45961 | AL70: 0 | AM70: 45952 | AN70: 45959 | AO70: 45960 | AP70: 45960 | AQ70: 45956 | AR70: 0 | AS70: 0 | AT70: 0 | AU70: 0 | AV70: 0 | AW70: 0 | AX70: งานพิมพ์ | AY70: / | AZ70: 0 | BA70: 0 | BB70: 0 | BC70: 0 | BD70: WRWT25850/WRWT25800 | BE70: 0
A71: 45916 | B71: MK68-001118 | C71: บจก.ซันฟีด | D71: 952 เอส | E71: 20 | F71: 39 | G71: ขาว | H71: 0 | I71: 84 | J71: + | K71: 0 | L71: ไม่ | M71: =I71*V71/1000 -> 210 | N71: ไม่สวมถุงใน | O71: 0 | P71: 0 | Q71: 0 | R71: 0 | S71: 0 | T71: 300กระสอบแบนเต็มใบ | U71: 45961 | V71: 2500 | W71: 2354 | X71: 0 | Y71: 2521 | Z71: 0 | AA71: WSWT2025850 | AB71: 0 | AC71: 0 | AD71: 0 | AE71: 0 | AF71: 0 | AG71: 0 | AH71: พร้อมส่ง | AI71: P7 | AJ71: 2 | AK71: 45961 | AL71: 0 | AM71: 45952 | AN71: 45959 | AO71: 45960 | AP71: 45960 | AQ71: 45956 | AR71: 0 | AS71: 0 | AT71: 0 | AU71: 0 | AV71: 0 | AW71: 0 | AX71: งานพิมพ์ | AY71: / | AZ71: 0 | BA71: 0 | BB71: 0 | BC71: 0 | BD71: WRWT25850/WRWT25800 | BE71: 0
A72: 45916 | B72: MK68-001118 | C72: บจก.ซันฟีด | D72: 935 เอ | E72: 20 | F72: 37 | G72: ขาว | H72: 0 | I72: 80 | J72: + | K72: 0 | L72: บิด | M72: =I72*V72/1000 -> 400 | N72: ไม่สวมถุงใน | O72: 0 | P72: 0 | Q72: 0 | R72: 0 | S72: 0 | T72: 300กระสอบแบนเต็มใบ | U72: 45961 | V72: 5000 | W72: 5000 | X72: 0 | Y72: 5100 | Z72: 0 | AA72: WSWT2025850 | AB72: 0 | AC72: 0 | AD72: 0 | AE72: 0 | AF72: 0 | AG72: 0 | AH72: พร้อมส่ง | AI72: P7 | AJ72: 2 | AK72: 45961 | AL72: 0 | AM72: 45952 | AN72: 45959 | AO72: 45960 | AP72: 45960 | AQ72: 45956 | AR72: 0 | AS72: 0 | AT72: 0 | AU72: 0 | AV72: 0 | AW72: 0 | AX72: งานพิมพ์ | AY72: / | AZ72: 0 | BA72: 0 | BB72: 0 | BC72: 0 | BD72: WRWT25850/WRWT25800 | BE72: 0
A73: 45916 | B73: MK68-001118 | C73: บจก.ซันฟีด | D73: 935 | E73: 20 | F73: 37 | G73: ขาว | H73: 0 | I73: 80 | J73: + | K73: 0 | L73: บิด | M73: =I73*V73/1000 -> 400 | N73: ไม่สวมถุงใน | O73: 0 | P73: 0 | Q73: 0 | R73: 0 | S73: 0 | T73: 300กระสอบแบนเต็มใบ | U73: 45961 | V73: 5000 | W73: 5000 | X73: 0 | Y73: 5324 | Z73: 0 | AA73: WSWT2025850 | AB73: 0 | AC73: 0 | AD73: 0 | AE73: 0 | AF73: 0 | AG73: 0 | AH73: พร้อมส่ง | AI73: P7 | AJ73: 2 | AK73: 45961 | AL73: 0 | AM73: 45952 | AN73: 45959 | AO73: 45960 | AP73: 45960 | AQ73: 45956 | AR73: 0 | AS73: 0 | AT73: 0 | AU73: 0 | AV73: 0 | AW73: 0 | AX73: งานพิมพ์ | AY73: / | AZ73: 0 | BA73: 0 | BB73: 0 | BC73: 0 | BD73: WRWT25850/WRWT25800 | BE73: 0
A74: 45916 | B74: MK68-001118 | C74: บจก.ซันฟีด | D74: 959 | E74: 20 | F74: 38 | G74: ขาว | H74: 0 | I74: 82 | J74: + | K74: 0 | L74: บิด | M74: =I74*V74/1000 -> 205 | N74: ไม่สวมถุงใน | O74: 0 | P74: 0 | Q74: 0 | R74: 0 | S74: 0 | T74: 300กระสอบแบนเต็มใบ | U74: 45958 | V74: 2500 | W74: 2387 | X74: 0 | Y74: 2550 | Z74: 0 | AA74: WSWT2025850 | AB74: 0 | AC74: 0 | AD74: 0 | AE74: 0 | AF74: 0 | AG74: 0 | AH74: ยังไม่ได้พิมพ์ | AI74: P7 | AJ74: 2 | AK74: 45958 | AL74: 0 | AM74: 45949 | AN74: 45956 | AO74: 45957 | AP74: 45957 | AQ74: 45953 | AR74: 0 | AS74: 0 | AT74: 0 | AU74: 0 | AV74: 0 | AW74: 0 | AX74: งานพิมพ์ | AY74: / | AZ74: 0 | BA74: 0 | BB74: 0 | BC74: 0 | BD74: WRWT25850/WRWT25800 | BE74: 0
A75: 45916 | B75: MK68-001118 | C75: บจก.ซันฟีด | D75: 953 เอส | E75: 20 | F75: 39 | G75: ขาว | H75: 0 | I75: 84 | J75: + | K75: 0 | L75: ไม่ | M75: =I75*V75/1000 -> 210 | N75: ไม่สวมถุงใน | O75: 0 | P75: 0 | Q75: 0 | R75: 0 | S75: 0 | T75: 300กระสอบแบนเต็มใบ | U75: 45958 | V75: 2500 | W75: 1785 | X75: 0 | Y75: 0 | Z75: 750.75 | AA75: WSWT2025850 | AB75: 809.07255 | AC75: 809.07255 | AD75: 0 | AE75: 0 | AF75: 0 | AG75: 0 | AH75: ยังไม่ได้พิมพ์ | AI75: P7 | AJ75: 2 | AK75: 45958 | AL75: 0 | AM75: 45949 | AN75: 45956 | AO75: 45957 | AP75: 45957 | AQ75: 45953 | AR75: 0 | AS75: 0 | AT75: 0 | AU75: 0 | AV75: 0 | AW75: 0 | AX75: งานพิมพ์ | AY75: / | AZ75: 0 | BA75: 0 | BB75: 0 | BC75: 0 | BD75: WRWT25850/WRWT25800 | BE75: 0
A76: 45919 | B76: MK68-001125 | C76: บจก.อินเทคค์ โกลบอล | D76: เพอเฟคค์ 663 | E76: 20 | F76: 36 | G76: ขาว | H76: 0 | I76: 78 | J76: ± | K76: 5 | L76: จับจีบ4" | M76: =I76*V76/1000 -> 16.224 | N76: ไม่สวมถุงใน | O76: 0 | P76: 0 | Q76: 0 | R76: 0 | S76: 0 | T76: มัด80 ใช้สายรัด | U76: 45961 | V76: 208 | W76: 0 | X76: 208 | Y76: 300 | Z76: 0 | AA76: WSWT2025800 | AB76: 0 | AC76: 0 | AD76: 0 | AE76: 0 | AF76: 0 | AG76: ห้ามขาด-ห้ามเกิน | AH76: พิมพ์ไม่ครบ | AI76: P7 | AJ76: 2 | AK76: 45961 | AL76: 0 | AM76: 45952 | AN76: 45959 | AO76: 45960 | AP76: 45960 | AQ76: 45956 | AR76: 0 | AS76: 0 | AT76: 0 | AU76: 0 | AV76: 0 | AW76: 0 | AX76: งานพิมพ์ | AY76: / | AZ76: 4/10 11/10 | BA76: 0 | BB76: 0 | BC76: 0 | BD76: WRWT25800/WRWT25800 | BE76: 0
A77: 45951 | B77: MK68-001258 | C77: บจก.อินเทคค์ โกลบอล | D77: เพอเฟคค์ 663 | E77: 20 | F77: 36 | G77: ขาว | H77: 0 | I77: 78 | J77: ± | K77: 5 | L77: จับจีบ4" | M77: =I77*V77/1000 -> 780 | N77: ไม่สวมถุงใน | O77: 0 | P77: 0 | Q77: 0 | R77: 0 | S77: 0 | T77: มัด80 ใช้สายรัด | U77: 45961 | V77: 10000 | W77: 0 | X77: 10000 | Y77: 11115 | Z77: 0 | AA77: WSWT2025800 | AB77: 0 | AC77: 0 | AD77: 0 | AE77: 0 | AF77: 0 | AG77: ห้ามขาด-ห้ามเกิน | AH77: ยังไม่ได้พิมพ์ | AI77: P7 | AJ77: 2 | AK77: 45961 | AL77: 0 | AM77: 45952 | AN77: 45959 | AO77: 45960 | AP77: 45960 | AQ77: 45956 | AR77: 0 | AS77: 0 | AT77: 0 | AU77: 0 | AV77: 0 | AW77: 0 | AX77: งานพิมพ์ | AY77: / | AZ77: 0 | BA77: 0 | BB77: 0 | BC77: 0 | BD77: WRWT25800/WRWT25800 | BE77: 0
A78: 45919 | B78: MK68-001126 | C78: บจก.อินเทคค์ โกลบอล | D78: เพอเฟคค์ 664 | E78: 20 | F78: 36 | G78: ขาว | H78: 0 | I78: 78 | J78: ± | K78: 5 | L78: จับจีบ4" | M78: =I78*V78/1000 -> 532.428 | N78: ไม่สวมถุงใน | O78: 0 | P78: 0 | Q78: 0 | R78: 0 | S78: 0 | T78: มัด80 ใช้สายรัด | U78: 45961 | V78: 6826 | W78: 5040 | X78: 1786 | Y78: 7540 | Z78: 0 | AA78: WSWT2025800 | AB78: 0 | AC78: 0 | AD78: 0 | AE78: 0 | AF78: 0 | AG78: ห้ามขาด-ห้ามเกิน | AH78: ยังไม่ได้พิมพ์ | AI78: P7 | AJ78: 2 | AK78: 45961 | AL78: 0 | AM78: 45952 | AN78: 45959 | AO78: 45960 | AP78: 45960 | AQ78: 45956 | AR78: 0 | AS78: 0 | AT78: 0 | AU78: 0 | AV78: 0 | AW78: 0 | AX78: งานพิมพ์ | AY78: / | AZ78: 0 | BA78: 0 | BB78: 0 | BC78: 0 | BD78: WRWT25800/WRWT25800 | BE78: 0
A79: 45951 | B79: MK68-001259 | C79: บจก.อินเทคค์ โกลบอล | D79: เพอเฟคค์ 664 | E79: 20 | F79: 36 | G79: ขาว | H79: 0 | I79: 78 | J79: ± | K79: 5 | L79: จับจีบ4" | M79: =I79*V79/1000 -> 7020 | N79: ไม่สวมถุงใน | O79: 0 | P79: 0 | Q79: 0 | R79: 0 | S79: 0 | T79: มัด80 ใช้สายรัด | U79: 45961 | V79: 90000 | W79: 0 | X79: 90000 | Y79: 1839 | Z79: 92569.05 | AA79: WSWT2025800 | AB79: 96989.222 | AC79: 96989.222 | AD79: 0 | AE79: 0 | AF79: 0 | AG79: ห้ามขาด-ห้ามเกิน | AH79: พร้อมส่ง | AI79: P7 | AJ79: 2 | AK79: 45961 | AL79: 0 | AM79: 45952 | AN79: 45959 | AO79: 45960 | AP79: 45960 | AQ79: 45956 | AR79: 0 | AS79: 0 | AT79: 0 | AU79: 0 | AV79: 0 | AW79: 0 | AX79: งานพิมพ์ | AY79: / | AZ79: 4/11 30000 11/11 30000 18/11 30000 | BA79: 0 | BB79: 0 | BC79: 0 | BD79: WRWT25800/WRWT25800 | BE79: 0
A80: 45919 | B80: MK68-001127 | C80: บจก.อินเทคค์ โกลบอล | D80: เพอเฟคค์ 664HP | E80: 20 | F80: 36 | G80: ขาว | H80: 0 | I80: 78 | J80: ± | K80: 5 | L80: จับจีบ4" | M80: =I80*V80/1000 -> 107.172 | N80: ไม่สวมถุงใน | O80: 0 | P80: 0 | Q80: 0 | R80: 0 | S80: 0 | T80: มัด80 ใช้สายรัด | U80: 45961 | V80: 1374 | W80: 0 | X80: 1374 | Y80: 0 | Z80: 1442.7 | AA80: WSWT2025800 | AB80: 1439.6085 | AC80: 1439.6085 | AD80: 0 | AE80: 0 | AF80: 0 | AG80: ห้ามขาด-ห้ามเกิน | AH80: พร้อมส่ง | AI80: P7 | AJ80: 2 | AK80: 45961 | AL80: 0 | AM80: 45952 | AN80: 45959 | AO80: 45960 | AP80: 45960 | AQ80: 45956 | AR80: 0 | AS80: 0 | AT80: 0 | AU80: 0 | AV80: 0 | AW80: 0 | AX80: งานพิมพ์ | AY80: / | AZ80: 0 | BA80: 0 | BB80: 0 | BC80: 0 | BD80: WRWT25800/WRWT25800 | BE80: 0
A81: 45951 | B81: MK68-001260 | C81: บจก.อินเทคค์ โกลบอล | D81: เพอเฟคค์ 664HP | E81: 20 | F81: 36 | G81: ขาว | H81: 0 | I81: 78 | J81: ± | K81: 5 | L81: จับจีบ4" | M81: =I81*V81/1000 -> 7020 | N81: ไม่สวมถุงใน | O81: 0 | P81: 0 | Q81: 0 | R81: 0 | S81: 0 | T81: มัด80 ใช้สายรัด | U81: 45961 | V81: 90000 | W81: 0 | X81: 90000 | Y81: 0 | Z81: 94500 | AA81: WSWT2025800 | AB81: 94297.5 | AC81: 39496 | AD81: 54801.5 | AE81: 0 | AF81: 0 | AG81: ห้ามขาด-ห้ามเกิน | AH81: รอแบบ | AI81: P7 | AJ81: 2 | AK81: 45961 | AL81: 0 | AM81: 45952 | AN81: 45959 | AO81: 45960 | AP81: 45960 | AQ81: 45956 | AR81: 0 | AS81: 0 | AT81: 0 | AU81: 0 | AV81: 0 | AW81: 0 | AX81: งานพิมพ์ | AY81: / | AZ81: 3/11 30000 10/11 20000 17/11 20000 24/11 20000 | BA81: 0 | BB81: 0 | BC81: 0 | BD81: WRWT25800/WRWT25800 | BE81: 4189.2702
A82: 45941 | B82: MK68-001230 | C82: บจก.เคอรี่ฟลาวมิลล์ | D82: ชามแดง 25กก | E82: 20 | F82: 32 | G82: ขาว | H82: 0 | I82: 72 | J82: ± | K82: 5 | L82: บิด | M82: =I82*V82/1000 -> 360 | N82: ไม่สวมถุงใน | O82: 0 | P82: 0 | Q82: 0 | R82: 0 | S82: 0 | T82: ห่ออัดเบลแบน501 | U82: 45954 | V82: 5000 | W82: 5000 | X82: 0 | Y82: 5400 | Z82: 0 | AA82: WSWT2025800 | AB82: 0 | AC82: 0 | AD82: 0 | AE82: 0 | AF82: 0 | AG82: 0 | AH82: พร้อมส่ง | AI82: P7 | AJ82: 2 | AK82: 45954 | AL82: 0 | AM82: 45945 | AN82: 45952 | AO82: 45953 | AP82: 45953 | AQ82: 45949 | AR82: 0 | AS82: 0 | AT82: 0 | AU82: 0 | AV82: 0 | AW82: 0 | AX82: งานพิมพ์ | AY82: 0 | AZ82: ลบสี | BA82: 0 | BB82: 0 | BC82: 0 | BD82: WRWT25800/WRWT25800 | BE82: 0
A83: 45941 | B83: MK68-001230 | C83: บจก.เคอรี่ฟลาวมิลล์ | D83: แปดแต้มแดง 25กก | E83: 20 | F83: 32 | G83: ขาว | H83: 0 | I83: 72 | J83: ± | K83: 5 | L83: บิด | M83: =I83*V83/1000 -> 720 | N83: ไม่สวมถุงใน | O83: 0 | P83: 0 | Q83: 0 | R83: 0 | S83: 0 | T83: ห่ออัดเบลแบน501 | U83: 45954 | V83: 10000 | W83: 10000 | X83: 0 | Y83: 10500 | Z83: 0 | AA83: WSWT2025800 | AB83: 0 | AC83: 0 | AD83: 0 | AE83: 0 | AF83: 0 | AG83: 0 | AH83: พร้อมส่ง | AI83: P7 | AJ83: 2 | AK83: 45954 | AL83: 0 | AM83: 45945 | AN83: 45952 | AO83: 45953 | AP83: 45953 | AQ83: 45949 | AR83: 0 | AS83: 0 | AT83: 0 | AU83: 0 | AV83: 0 | AW83: 0 | AX83: งานพิมพ์ | AY83: 0 | AZ83: ลบสี | BA83: 0 | BB83: 0 | BC83: 0 | BD83: WRWT25800/WRWT25800 | BE83: 0
A84: 45945 | B84: MK68-001237 | C84: บจก.ไลม์มาสเตอร์ | D84: LMC 20KG | E84: 21 | F84: 34 | G84: ขาว | H84: 0 | I84: 60 | J84: ± | K84: 5 | L84: ไม่ | M84: =I84*V84/1000 -> 1200 | N84: 22 | O84: 36 | P84: 40 | Q84: 0 | R84: 0 | S84: 0 | T84: 500กระสอบแบน | U84: 45954 | V84: 20000 | W84: 20000 | X84: 0 | Y84: 20968 | Z84: 0 | AA84: WSWT2125650 | AB84: 0 | AC84: 0 | AD84: 0 | AE84: 0 | AF84: 0 | AG84: 0 | AH84: พร้อมส่ง | AI84: P9 | AJ84: 3 | AK84: 45954 | AL84: 0 | AM84: 45944 | AN84: 45951 | AO84: 45952 | AP84: 45952 | AQ84: 45949 | AR84: 45953 | AS84: 0 | AT84: 0 | AU84: 0 | AV84: 0 | AW84: 0 | AX84: งานพิมพ์ | AY84: รอART | AZ84: 23/10เย็น | BA84: 0 | BB84: 0 | BC84: 0 | BD84: WRWT25650/WRWT25650 | BE84: 0
A85: 45933 | B85: MK68-001199 | C85: คุณนพวินทร์ รัตนเศรษฐ์เมธา | D85: ลุงนัย ฟาร์ม 103พลัส | E85: 21 | F85: 37 | G85: ขาว | H85: ใส | I85: 100 | J85: ± | K85: 5 | L85: บิด | M85: =I85*V85/1000 -> 500 | N85: ไม่สวมถุงใน | O85: 0 | P85: 0 | Q85: 0 | R85: 0 | S85: 0 | T85: 500กระสอบ | U85: 45960 | V85: 5000 | W85: 4737 | X85: 263 | Y85: 5200 | Z85: 0 | AA85: WSWT2121670SM | AB85: 0 | AC85: 0 | AD85: 0 | AE85: 0 | AF85: 0 | AG85: 0 | AH85: ยังไม่ได้พิมพ์ | AI85: P8 | AJ85: 4 | AK85: 45960 | AL85: 45956 | AM85: 45950 | AN85: 45957 | AO85: 45958 | AP85: 45958 | AQ85: 45955 | AR85: 45959 | AS85: 0 | AT85: 0 | AU85: 0 | AV85: 0 | AW85: 0 | AX85: งานเคลือบ+พิมพ์ | AY85: / | AZ85: รอส่ง | BA85: 0 | BB85: 0 | BC85: 0 | BD85: WRWT21670/WRWT21670 | BE85: 0
A86: 45933 | B86: MK68-001211 | C86: บจก.เอสพีเอ็ม อาหารสัตว์ | D86: มาซู ฟีดบี042 | E86: 21 | F86: 38 | G86: ขาว | H86: ด้าน | I86: 102 | J86: ± | K86: 5 | L86: บิด | M86: =I86*V86/1000 -> 306 | N86: 22 | O86: 40 | P86: 40 | Q86: 65.131225 | R86: 0 | S86: 65.131225 | T86: 500กระสอบแบน | U86: 45958 | V86: 3000 | W86: 0 | X86: 3000 | Y86: 0 | Z86: 3150 | AA86: WSWT2121670SM | AB86: 3310.89 | AC86: 3310.89 | AD86: 0 | AE86: 3310.89 | AF86: 0 | AG86: 0 | AH86: ยังไม่ได้พิมพ์ | AI86: P8 | AJ86: 4 | AK86: 45958 | AL86: 45954 | AM86: 45948 | AN86: 45955 | AO86: 45956 | AP86: 45956 | AQ86: 45953 | AR86: 45957 | AS86: 0 | AT86: 0 | AU86: 0 | AV86: 0 | AW86: 0 | AX86: งานเคลือบ+พิมพ์ | AY86: 0 | AZ86: 0 | BA86: 0 | BB86: 0 | BC86: 0 | BD86: WRWT21670/WRWT21670 | BE86: 0
A87: 45952 | B87: ใบรับคำสั่งซื้อ | C87: บจก.เอ็นบี ดิสทริบิวชั่น | D87: กัสโซ่ฟีด 101-102 | E87: 21 | F87: 37 | G87: ขาว | H87: ใส | I87: 100 | J87: ± | K87: 5 | L87: บิด | M87: =I87*V87/1000 -> 1000 | N87: 22 | O87: 40 | P87: 40 | Q87: 217.10408 | R87: 0 | S87: 217.10408 | T87: 500กระสอบ | U87: 45961 | V87: 10000 | W87: 0 | X87: 10000 | Y87: 0 | Z87: 10500 | AA87: WSWT2121670SM | AB87: 10756.9 | AC87: 10756.9 | AD87: 0 | AE87: 10756.9 | AF87: 0 | AG87: 0 | AH87: ยังไม่ได้พิมพ์ | AI87: P8 | AJ87: 4 | AK87: 45961 | AL87: 45957 | AM87: 45951 | AN87: 45958 | AO87: 45959 | AP87: 45959 | AQ87: 45956 | AR87: 45960 | AS87: 0 | AT87: 0 | AU87: 0 | AV87: 0 | AW87: 0 | AX87: งานเคลือบ+พิมพ์ | AY87: รอART | AZ87: 0 | BA87: 0 | BB87: 0 | BC87: 0 | BD87: WRWT21670/WRWT21670 | BE87: 0
A88: 45953 | B88: ใบรับคำสั่งซื้อ | C88: บจก.วีซีเอฟ | D88: VC 100 | E88: 21 | F88: 37 | G88: ขาว | H88: ใส | I88: 100 | J88: ± | K88: 5 | L88: บิด | M88: =I88*V88/1000 -> 3000 | N88: ไม่สวมถุงใน | O88: 0 | P88: 0 | Q88: 0 | R88: 0 | S88: 0 | T88: 500กระสอบแบน | U88: 45961 | V88: 30000 | W88: 0 | X88: 30000 | Y88: 0 | Z88: 31500 | AA88: WSWT2121670SM | AB88: 32270.7 | AC88: 32270.7 | AD88: 0 | AE88: 32270.7 | AF88: 0 | AG88: 0 | AH88: ยังไม่ได้พิมพ์ | AI88: P8 | AJ88: 4 | AK88: 45961 | AL88: 45957 | AM88: 45951 | AN88: 45958 | AO88: 45959 | AP88: 45959 | AQ88: 45956 | AR88: 0 | AS88: 0 | AT88: 0 | AU88: 0 | AV88: 0 | AW88: 0 | AX88: งานเคลือบ+พิมพ์ | AY88: รอART | AZ88: 0 | BA88: 0 | BB88: 0 | BC88: 0 | BD88: WRWT21670/WRWT21670 | BE88: 0
A89: 45953 | B89: ใบรับคำสั่งซื้อ | C89: บจก.วีซีเอฟ | D89: VC 120 | E89: 21 | F89: 37 | G89: ขาว | H89: ใส | I89: 100 | J89: ± | K89: 5 | L89: บิด | M89: =I89*V89/1000 -> 5000 | N89: ไม่สวมถุงใน | O89: 0 | P89: 0 | Q89: 0 | R89: 0 | S89: 0 | T89: 500กระสอบแบน | U89: 45961 | V89: 50000 | W89: 0 | X89: 50000 | Y89: 0 | Z89: 52500 | AA89: WSWT2121670SM | AB89: 53784.5 | AC89: 53784.5 | AD89: 0 | AE89: 53784.5 | AF89: 0 | AG89: 0 | AH89: รอแบบ | AI89: P8 | AJ89: 4 | AK89: 45961 | AL89: 45957 | AM89: 45951 | AN89: 45958 | AO89: 45959 | AP89: 45959 | AQ89: 45956 | AR89: 0 | AS89: 0 | AT89: 0 | AU89: 0 | AV89: 0 | AW89: 0 | AX89: งานเคลือบ+พิมพ์ | AY89: รอART | AZ89: 0 | BA89: 0 | BB89: 0 | BC89: 0 | BD89: WRWT21670/WRWT21670 | BE89: 0
A90: 45948 | B90: MK68-001244 | C90: ร้านท่าข้าวมะลิพันธุ์ข้าว | D90: ฉัตรทอง(ฟ้า) | E90: 23 | F90: 34 | G90: ขาวแถบใส5 | H90: 0 | I90: 68 | J90: ± | K90: 5 | L90: บิด | M90: =I90*V90/1000 -> 340 | N90: ไม่สวมถุงใน | O90: 0 | P90: 0 | Q90: 0 | R90: 0 | S90: 0 | T90: 500กระสอบ | U90: 45957 | V90: 5000 | W90: 0 | X90: 5000 | Y90: 0 | Z90: 5250 | AA90: WSWTSCL052325650 | AB90: 4959.35 | AC90: 4959.35 | AD90: 0 | AE90: 0 | AF90: 0 | AG90: 0 | AH90: ยังไม่ได้พิมพ์ | AI90: P7 | AJ90: 2 | AK90: 45957 | AL90: 0 | AM90: 45948 | AN90: 45955 | AO90: 45956 | AP90: 45956 | AQ90: 45952 | AR90: 0 | AS90: 0 | AT90: 0 | AU90: 0 | AV90: 0 | AW90: 0 | AX90: งานพิมพ์ | AY90: / | AZ90: 0 | BA90: 0 | BB90: 0 | BC90: 0 | BD90: WRWT25650/WRCL25680 | BE90: 0
A91: 45948 | B91: MK68-001244 | C91: ร้านท่าข้าวมะลิพันธุ์ข้าว | D91: ฉัตรทอง(เหลือง) | E91: 23 | F91: 34 | G91: ขาวแถบใส5 | H91: 0 | I91: 68 | J91: ± | K91: 5 | L91: บิด | M91: =I91*V91/1000 -> 340 | N91: ไม่สวมถุงใน | O91: 0 | P91: 0 | Q91: 0 | R91: 0 | S91: 0 | T91: 500กระสอบ | U91: 45957 | V91: 5000 | W91: 0 | X91: 5000 | Y91: 0 | Z91: 5250 | AA91: WSWTSCL052325650 | AB91: 4959.35 | AC91: 4959.35 | AD91: 0 | AE91: 0 | AF91: 0 | AG91: 0 | AH91: ยังไม่ได้พิมพ์ | AI91: P7 | AJ91: 2 | AK91: 45957 | AL91: 0 | AM91: 45948 | AN91: 45955 | AO91: 45956 | AP91: 45956 | AQ91: 45952 | AR91: 0 | AS91: 0 | AT91: 0 | AU91: 0 | AV91: 0 | AW91: 0 | AX91: งานพิมพ์ | AY91: / | AZ91: 0 | BA91: 0 | BB91: 0 | BC91: 0 | BD91: WRWT25650/WRCL25680 | BE91: 0
A92: 45948 | B92: MK68-001244 | C92: ร้านท่าข้าวมะลิพันธุ์ข้าว | D92: ฉัตรทอง(บานเย็น) | E92: 23 | F92: 34 | G92: ขาวแถบใส5 | H92: 0 | I92: 68 | J92: ± | K92: 5 | L92: บิด | M92: =I92*V92/1000 -> 340 | N92: ไม่สวมถุงใน | O92: 0 | P92: 0 | Q92: 0 | R92: 0 | S92: 0 | T92: 500กระสอบ | U92: 45957 | V92: 5000 | W92: 0 | X92: 5000 | Y92: 0 | Z92: 5250 | AA92: WSWTSCL052325650 | AB92: 4959.35 | AC92: 4959.35 | AD92: 0 | AE92: 0 | AF92: 0 | AG92: 0 | AH92: พร้อมส่ง | AI92: P7 | AJ92: 2 | AK92: 45957 | AL92: 0 | AM92: 45948 | AN92: 45955 | AO92: 45956 | AP92: 45956 | AQ92: 45952 | AR92: 0 | AS92: 0 | AT92: 0 | AU92: 0 | AV92: 0 | AW92: 0 | AX92: งานพิมพ์ | AY92: / | AZ92: 0 | BA92: 0 | BB92: 0 | BC92: 0 | BD92: WRWT25650/WRCL25680 | BE92: 0
A93: 45948 | B93: MK68-001244 | C93: ร้านท่าข้าวมะลิพันธุ์ข้าว | D93: ฉัตรทอง(แดง) | E93: 23 | F93: 34 | G93: ขาวแถบใส5 | H93: 0 | I93: 68 | J93: ± | K93: 5 | L93: บิด | M93: =I93*V93/1000 -> 340 | N93: ไม่สวมถุงใน | O93: 0 | P93: 0 | Q93: 0 | R93: 0 | S93: 0 | T93: 500กระสอบ | U93: 45957 | V93: 5000 | W93: 0 | X93: 5000 | Y93: 0 | Z93: 5250 | AA93: WSWTSCL052325650 | AB93: 4959.35 | AC93: 2584 | AD93: 2375.35 | AE93: 0 | AF93: 0 | AG93: 0 | AH93: ยังไม่ได้พิมพ์ | AI93: P7 | AJ93: 2 | AK93: 45957 | AL93: 0 | AM93: 45948 | AN93: 45955 | AO93: 45956 | AP93: 45956 | AQ93: 45952 | AR93: 0 | AS93: 0 | AT93: 0 | AU93: 0 | AV93: 0 | AW93: 0 | AX93: งานพิมพ์ | AY93: / | AZ93: 0 | BA93: 0 | BB93: 0 | BC93: 0 | BD93: WRWT25650/WRCL25680 | BE93: 191.68547
A94: 45944 | B94: MK68-001235 | C94: คุณปราสาท เจริญธรรมรักษา | D94: พร้อมชน 25 กก.(เขียว) | E94: 23 | F94: 34 | G94: ขาวแถบใส5 | H94: 0 | I94: 68 | J94: ± | K94: 5 | L94: บิด | M94: =I94*V94/1000 -> 340 | N94: ไม่สวมถุงใน | O94: 0 | P94: 0 | Q94: 0 | R94: 0 | S94: 0 | T94: 500กระสอบ | U94: 45961 | V94: 5000 | W94: 0 | X94: 5000 | Y94: 0 | Z94: 5250 | AA94: WSWTSCL052325650 | AB94: 4959.35 | AC94: 0 | AD94: 4959.35 | AE94: 0 | AF94: 0 | AG94: 0 | AH94: ยังไม่ได้พิมพ์ | AI94: P7 | AJ94: 2 | AK94: 45961 | AL94: 0 | AM94: 45952 | AN94: 45959 | AO94: 45960 | AP94: 45960 | AQ94: 45956 | AR94: 0 | AS94: 0 | AT94: 0 | AU94: 0 | AV94: 0 | AW94: 0 | AX94: งานพิมพ์ | AY94: / | AZ94: 0 | BA94: 0 | BB94: 0 | BC94: 0 | BD94: WRWT25650/WRCL25680 | BE94: 400.20852
A95: 45944 | B95: MK68-001234 | C95: คุณปราสาท เจริญธรรมรักษา | D95: ถุงเขียว(คัดพิเศษ) | E95: 23 | F95: 34 | G95: ขาวแถบใส2 | H95: 0 | I95: 68 | J95: ± | K95: 5 | L95: บิด | M95: =I95*V95/1000 -> 340 | N95: ไม่สวมถุงใน | O95: 0 | P95: 0 | Q95: 0 | R95: 0 | S95: 0 | T95: 500กระสอบ | U95: 45961 | V95: 5000 | W95: 0 | X95: 5000 | Y95: 0 | Z95: 5250 | AA95: WSWTFCL022325650 | AB95: 4959.35 | AC95: 4959.35 | AD95: 0 | AE95: 0 | AF95: 0 | AG95: 0 | AH95: พร้อมส่ง | AI95: P7 | AJ95: 2 | AK95: 45961 | AL95: 0 | AM95: 45952 | AN95: 45959 | AO95: 45960 | AP95: 45960 | AQ95: 45956 | AR95: 0 | AS95: 0 | AT95: 0 | AU95: 0 | AV95: 0 | AW95: 0 | AX95: งานพิมพ์ | AY95: / | AZ95: 0 | BA95: 0 | BB95: 0 | BC95: 0 | BD95: WRWT25650/WRCL25680 | BE95: 0
A96: 45944 | B96: MK68-001234 | C96: คุณปราสาท เจริญธรรมรักษา | D96: ถุงชมพู | E96: 23 | F96: 34 | G96: ขาวแถบใส2 | H96: 0 | I96: 68 | J96: ± | K96: 5 | L96: บิด | M96: =I96*V96/1000 -> 204 | N96: ไม่สวมถุงใน | O96: 0 | P96: 0 | Q96: 0 | R96: 0 | S96: 0 | T96: 500กระสอบ | U96: 45961 | V96: 3000 | W96: 0 | X96: 3000 | Y96: 0 | Z96: 3150 | AA96: WSWTFCL022325650 | AB96: 2975.61 | AC96: 2975.61 | AD96: 0 | AE96: 0 | AF96: 0 | AG96: 0 | AH96: พร้อมส่ง | AI96: P7 | AJ96: 2 | AK96: 45961 | AL96: 0 | AM96: 45952 | AN96: 45959 | AO96: 45960 | AP96: 45960 | AQ96: 45956 | AR96: 0 | AS96: 0 | AT96: 0 | AU96: 0 | AV96: 0 | AW96: 0 | AX96: งานพิมพ์ | AY96: / | AZ96: 0 | BA96: 0 | BB96: 0 | BC96: 0 | BD96: WRWT25650/WRCL25680 | BE96: 0
A97: 45944 | B97: MK68-001234 | C97: คุณปราสาท เจริญธรรมรักษา | D97: ถุงม่วง | E97: 23 | F97: 34 | G97: ขาวแถบใส2 | H97: 0 | I97: 68 | J97: ± | K97: 5 | L97: บิด | M97: =I97*V97/1000 -> 340 | N97: ไม่สวมถุงใน | O97: 0 | P97: 0 | Q97: 0 | R97: 0 | S97: 0 | T97: 500กระสอบ | U97: 45961 | V97: 5000 | W97: 0 | X97: 5000 | Y97: 0 | Z97: 5250 | AA97: WSWTFCL022325650 | AB97: 4959.35 | AC97: 4959.35 | AD97: 0 | AE97: 0 | AF97: 0 | AG97: 0 | AH97: ยังไม่ได้พิมพ์ | AI97: P7 | AJ97: 2 | AK97: 45961 | AL97: 0 | AM97: 45952 | AN97: 45959 | AO97: 45960 | AP97: 45960 | AQ97: 45956 | AR97: 0 | AS97: 0 | AT97: 0 | AU97: 0 | AV97: 0 | AW97: 0 | AX97: งานพิมพ์ | AY97: / | AZ97: 0 | BA97: 0 | BB97: 0 | BC97: 0 | BD97: WRWT25650/WRCL25680 | BE97: 0
A98: 45951 | B98: MK68-001251 | C98: ห้างหุ้นส่วนจำกัด ชัยวัฒนาวานิช | D98: ดวงใจ-ชมพู(ม่วง) | E98: 23 | F98: 37 | G98: ขาว | H98: 0 | I98: 85 | J98: ± | K98: 5 | L98: บิด | M98: =I98*V98/1000 -> 1700 | N98: ไม่สวมถุงใน | O98: 0 | P98: 0 | Q98: 0 | R98: 0 | S98: 0 | T98: 500กระสอบ | U98: 45961 | V98: 20000 | W98: 0 | X98: 20000 | Y98: 0 | Z98: 21000 | AA98: WSWT2321750 | AB98: 21513.8 | AC98: 3620 | AD98: 17893.8 | AE98: 0 | AF98: 0 | AG98: 0 | AH98: พร้อมส่ง | AI98: P7 | AJ98: 2 | AK98: 45961 | AL98: 0 | AM98: 45952 | AN98: 45959 | AO98: 45960 | AP98: 45960 | AQ98: 45956 | AR98: 0 | AS98: 0 | AT98: 0 | AU98: 0 | AV98: 0 | AW98: 0 | AX98: งานพิมพ์ | AY98: รอART | AZ98: เย็น30/10 | BA98: 0 | BB98: 0 | BC98: 0 | BD98: WRWT21750/WRWT21750 | BE98: 1577.6367
