Workbook

Sheet Linkสูตรออร์เดอร์  (2)
B2: เรียงกำหนดส่ง | D2: ลบ 0 | T2: เรียง 1
B3: ข้อมูลUpdate ณ. วันที่ | D3: 45945 | E3: เวลา | G3: 10.45
A4: วันรับออร์เดอร์/แบบ | B4: เลขที่ SO | C4: ชื่อลูกค้า | E4: 10.3 | I4: น้ำหนัก | L4: บิด/จับจีบ | M4: ถุงใน | Q4: =[1]หน้าผ้า!$AC$13 -> 44873 | S4: วิธีบรรจุ | T4: วันส่ง | U4: จำนวนส่ง | V4: ตัดเย็บ (ใบ) | W4: =[1]หน้าผ้า!$AJ$13 -> 44873 | X4: พิมพ์ (ใบ) | Y4: =[1]หน้าผ้า!$AM$13 -> 44876 | Z4: ผ้าทอ (เมตร) Updateณ | AB4: =[1]หน้าผ้า!$AR$12 -> 44876 | AD4: ผ้าเคลือบ(เมตร) | AF4: หมายเหตุ | AG4: เครื่อง
B5: เลขที่ SO | C5: ชื่อลูกค้า | D5: ตรา | E5: กว้าง | F5: ยาว | G5: สี | H5: เคลือบ | I5: กรัม/ใบ | J5: * | K5: aw | L5: บิด/จับจีบ | M5: กว้าง | N5: ยาว | O5: หนา | P5: ใช้(กก.) | Q5: Stock(กก.) | R5: ผลิต(กก.) | S5: วิธีบรรจุ | T5: วันส่ง | U5: จำนวนส่ง | V5: StockFG | W5: ค้างตัด | X5: พิมพ์แล้ว | Y5: ค้างพิมพ์ | Z5: ประเภท | AA5: ใช้ | AB5: Stock | AC5: ค้างทอ | AD5: Stock | AE5: ค้างเคลือบ | AF5: หมายเหตุ | AG5: ที่พิมพ์ได้ | AH5: process | AI5: Lead time | AJ5: วันที่ส่งPL | AK5: เคลือบ | AL5: ได้ ART | AM5: พิมพ์ | AN5: จีบ-บิด | AO5: ตัด-เย็บ | AP5: ทอ | AQ5: สวมถุง | AR5: เย็บปาก | AS5: PT | AT5: ม้วน | AU5: ตัด | AV5: ตอกตาไก่ | AW5: GROUP | AX5: ART | AY5: หมายเหตุปัญหา | AZ5: ราคา/ใบ | BA5: ราคารวม | BB5: workweek | BC5: เส้นเทป | BD5: จำนวน
A6: =[2]หน้าผ้า!C15 -> 0 | B6: =[2]หน้าผ้า!B15 -> 0 | C6: =[2]หน้าผ้า!E15 -> 0 | D6: =[2]หน้าผ้า!F15 -> 0 | E6: =[2]หน้าผ้า!G15 -> 12 | F6: =[2]หน้าผ้า!H15 -> 16 | G6: =[2]หน้าผ้า!I15 -> ขาว | H6: =[2]หน้าผ้า!J15 -> 0 | I6: =[2]หน้าผ้า!L15 -> 25 | J6: =[2]หน้าผ้า!M15 -> ± | K6: =[2]หน้าผ้า!N15 -> 5 | L6: =[2]หน้าผ้า!R15 -> 0 | M6: =[2]หน้าผ้า!T15 -> 0 | N6: =[2]หน้าผ้า!U15 -> 0 | O6: =[2]หน้าผ้า!V15 -> 0 | P6: =[2]หน้าผ้า!AB15 -> 0 | Q6: =[2]หน้าผ้า!AC15 -> 0 | R6: =[2]หน้าผ้า!AD15 -> 0 | S6: =[2]หน้าผ้า!Z15 -> 0 | T6: =[2]หน้าผ้า!X15 -> 0 | U6: =[2]หน้าผ้า!AA15 -> 0 | V6: =[2]หน้าผ้า!AJ15 -> 0 | W6: =[2]หน้าผ้า!AL15 -> 0 | X6: =[2]หน้าผ้า!AM15 -> 0 | Y6: =[2]หน้าผ้า!AN15 -> 0 | Z6: =[2]หน้าผ้า!AO15 -> WSWT1221750 | AA6: =[2]หน้าผ้า!AQ15 -> #REF! | AB6: =[2]หน้าผ้า!AR15 -> #REF! | AC6: =[2]หน้าผ้า!AS15 -> #REF! | AD6: =[2]หน้าผ้า!AT15 -> #REF! | AE6: =[2]หน้าผ้า!AU15 -> #REF! | AF6: =[2]หน้าผ้า!AI15 -> ระบุในSD | AG6: =[3]หน้าผ้า!DC18 -> < Ord 20,000 | AH6: =[2]หน้าผ้า!DL15 -> 0 | AI6: =[2]หน้าผ้า!DM15 -> 0 | AJ6: =[2]หน้าผ้า!DN15 -> 0 | AK6: =[2]หน้าผ้า!DQ15 -> 0 | AL6: =[2]หน้าผ้า!DR15 -> 0 | AM6: =[2]หน้าผ้า!DS15 -> 0 | AN6: =[2]หน้าผ้า!DT15 -> 0 | AO6: =[2]หน้าผ้า!DU15 -> 0 | AP6: =[2]หน้าผ้า!DP15 -> 0 | AQ6: =[2]หน้าผ้า!DW15 -> 0 | AR6: =[2]หน้าผ้า!DX15 -> 0 | AS6: =[2]หน้าผ้า!DY15 -> 0 | AT6: =[2]หน้าผ้า!DZ15 -> 0 | AU6: =[2]หน้าผ้า!EA15 -> 0 | AV6: =[2]หน้าผ้า!EB15 -> 0 | AW6: =[2]หน้าผ้า!EC15 -> 0 | AX6: =[2]หน้าผ้า!ED15 -> 0 | AY6: =[2]หน้าผ้า!AG15 -> 0 | AZ6: =[2]หน้าผ้า!EG15 -> 0 | BA6: =[2]หน้าผ้า!EH15 -> 0 | BB6: =[2]หน้าผ้า!EI15 -> 0 | BC6: =[2]หน้าผ้า!BZ15 -> WRWT120750/WRWT21750 | BD6: =[2]หน้าผ้า!CA15 -> 0
A7: =[2]หน้าผ้า!C16 -> 0 | B7: =[2]หน้าผ้า!B16 -> 0 | C7: =[2]หน้าผ้า!E16 -> 0 | D7: =[2]หน้าผ้า!F16 -> 0 | E7: =[2]หน้าผ้า!G16 -> 14 | F7: =[2]หน้าผ้า!H16 -> 22 | G7: =[2]หน้าผ้า!I16 -> ขาว | H7: =[2]หน้าผ้า!J16 -> 0 | I7: =[2]หน้าผ้า!L16 -> 36 | J7: =[2]หน้าผ้า!M16 -> ± | K7: =[2]หน้าผ้า!N16 -> 5 | L7: =[2]หน้าผ้า!R16 -> 0 | M7: =[2]หน้าผ้า!T16 -> 0 | N7: =[2]หน้าผ้า!U16 -> 0 | O7: =[2]หน้าผ้า!V16 -> 0 | P7: =[2]หน้าผ้า!AB16 -> 0 | Q7: =[2]หน้าผ้า!AC16 -> 0 | R7: =[2]หน้าผ้า!AD16 -> 0 | S7: =[2]หน้าผ้า!Z16 -> 0 | T7: =[2]หน้าผ้า!X16 -> 0 | U7: =[2]หน้าผ้า!AA16 -> 0 | V7: =[2]หน้าผ้า!AJ16 -> 0 | W7: =[2]หน้าผ้า!AL16 -> 0 | X7: =[2]หน้าผ้า!AM16 -> 0 | Y7: =[2]หน้าผ้า!AN16 -> 0 | Z7: =[2]หน้าผ้า!AO16 -> WSWT1425800 | AA7: =[2]หน้าผ้า!AQ16 -> #REF! | AB7: =[2]หน้าผ้า!AR16 -> #REF! | AC7: =[2]หน้าผ้า!AS16 -> #REF! | AD7: =[2]หน้าผ้า!AT16 -> #REF! | AE7: =[2]หน้าผ้า!AU16 -> #REF! | AF7: =[2]หน้าผ้า!AI16 -> ระบุในSD | AG7: =[3]หน้าผ้า!DC19 -> พร้อมส่ง | AH7: =[2]หน้าผ้า!DL16 -> 0 | AI7: =[2]หน้าผ้า!DM16 -> Lead time | AJ7: =[2]หน้าผ้า!DN16 -> 0 | AK7: =[2]หน้าผ้า!DQ16 -> 0 | AL7: =[2]หน้าผ้า!DR16 -> 0 | AM7: =[2]หน้าผ้า!DS16 -> 0 | AN7: =[2]หน้าผ้า!DT16 -> 0 | AO7: =[2]หน้าผ้า!DU16 -> 0 | AP7: =[2]หน้าผ้า!DP16 -> 0 | AQ7: =[2]หน้าผ้า!DW16 -> 0 | AR7: =[2]หน้าผ้า!DX16 -> 0 | AS7: =[2]หน้าผ้า!DY16 -> 0 | AT7: =[2]หน้าผ้า!DZ16 -> 0 | AU7: =[2]หน้าผ้า!EA16 -> 0 | AV7: =[2]หน้าผ้า!EB16 -> 0 | AW7: =[2]หน้าผ้า!EC16 -> 0 | AX7: =[2]หน้าผ้า!ED16 -> 0 | AY7: =[2]หน้าผ้า!AG16 -> 0 | AZ7: =[2]หน้าผ้า!EG16 -> 0 | BA7: =[2]หน้าผ้า!EH16 -> 0 | BB7: =[2]หน้าผ้า!EI16 -> 0 | BC7: =[2]หน้าผ้า!BZ16 -> WRWT140800/WRWT25800 | BD7: =[2]หน้าผ้า!CA16 -> 0
A8: =[2]หน้าผ้า!C17 -> 0 | B8: =[2]หน้าผ้า!B17 -> 0 | C8: =[2]หน้าผ้า!E17 -> 0 | D8: =[2]หน้าผ้า!F17 | E8: =[2]หน้าผ้า!G17 -> 16 | F8: =[2]หน้าผ้า!H17 -> 25 | G8: =[2]หน้าผ้า!I17 -> ขาว | H8: =[2]หน้าผ้า!J17 -> 0 | I8: =[2]หน้าผ้า!L17 -> 45 | J8: =[2]หน้าผ้า!M17 -> ± | K8: =[2]หน้าผ้า!N17 -> 5 | L8: =[2]หน้าผ้า!R17 -> 0 | M8: =[2]หน้าผ้า!T17 -> 0 | N8: =[2]หน้าผ้า!U17 -> 0 | O8: =[2]หน้าผ้า!V17 -> 0 | P8: =[2]หน้าผ้า!AB17 -> 0 | Q8: =[2]หน้าผ้า!AC17 -> 0 | R8: =[2]หน้าผ้า!AD17 -> 0 | S8: =[2]หน้าผ้า!Z17 -> 0 | T8: =[2]หน้าผ้า!X17 -> 0 | U8: =[2]หน้าผ้า!AA17 -> 0 | V8: =[2]หน้าผ้า!AJ17 -> 0 | W8: =[2]หน้าผ้า!AL17 -> 0 | X8: =[2]หน้าผ้า!AM17 -> 0 | Y8: =[2]หน้าผ้า!AN17 -> 0 | Z8: =[2]หน้าผ้า!AO17 -> WSWT1625800SM | AA8: =[2]หน้าผ้า!AQ17 -> #REF! | AB8: =[2]หน้าผ้า!AR17 -> #REF! | AC8: =[2]หน้าผ้า!AS17 -> #REF! | AD8: =[2]หน้าผ้า!AT17 -> #REF! | AE8: =[2]หน้าผ้า!AU17 -> #REF! | AF8: =[2]หน้าผ้า!AI17 -> ระบุในSD | AG8: =[3]หน้าผ้า!DC20 -> พร้อมส่ง | AH8: =[2]หน้าผ้า!DL17 -> 0 | AI8: =[2]หน้าผ้า!DM17 -> Lead time | AJ8: =[2]หน้าผ้า!DN17 -> 0 | AK8: =[2]หน้าผ้า!DQ17 -> 0 | AL8: =[2]หน้าผ้า!DR17 -> 0 | AM8: =[2]หน้าผ้า!DS17 -> 0 | AN8: =[2]หน้าผ้า!DT17 -> 0 | AO8: =[2]หน้าผ้า!DU17 -> 0 | AP8: =[2]หน้าผ้า!DP17 -> 0 | AQ8: =[2]หน้าผ้า!DW17 -> 0 | AR8: =[2]หน้าผ้า!DX17 -> 0 | AS8: =[2]หน้าผ้า!DY17 -> 0 | AT8: =[2]หน้าผ้า!DZ17 -> 0 | AU8: =[2]หน้าผ้า!EA17 -> 0 | AV8: =[2]หน้าผ้า!EB17 -> 0 | AW8: =[2]หน้าผ้า!EC17 -> 0 | AX8: =[2]หน้าผ้า!ED17 -> 0 | AY8: =[2]หน้าผ้า!AG17 -> 0 | AZ8: =[2]หน้าผ้า!EG17 -> 0 | BA8: =[2]หน้าผ้า!EH17 -> 0 | BB8: =[2]หน้าผ้า!EI17 -> 0 | BC8: =[2]หน้าผ้า!BZ17 -> WRWT160800/WRWT25800 | BD8: =[2]หน้าผ้า!CA17 -> 0
A9: =[2]หน้าผ้า!C18 -> 45941 | B9: =[2]หน้าผ้า!B18 -> MK68-001228 | C9: =[2]หน้าผ้า!E18 -> บจก.เคอรี่ฟลาวมิลล์ | D9: =[2]หน้าผ้า!F18 -> โบว์แดง 10กก | E9: =[2]หน้าผ้า!G18 -> 16 | F9: =[2]หน้าผ้า!H18 -> 25 | G9: =[2]หน้าผ้า!I18 -> ขาว | H9: =[2]หน้าผ้า!J18 -> 0 | I9: =[2]หน้าผ้า!L18 -> 45 | J9: =[2]หน้าผ้า!M18 -> ± | K9: =[2]หน้าผ้า!N18 -> 5 | L9: =[2]หน้าผ้า!R18 -> ไม่ | M9: =[2]หน้าผ้า!T18 -> ไม่สวมถุงใน | N9: =[2]หน้าผ้า!U18 -> 0 | O9: =[2]หน้าผ้า!V18 -> 0 | P9: =[2]หน้าผ้า!AB18 -> 0 | Q9: =[2]หน้าผ้า!AC18 -> 0 | R9: =[2]หน้าผ้า!AD18 -> 0 | S9: =[2]หน้าผ้า!Z18 -> ห่ออัดเบลแบน500 | T9: =[2]หน้าผ้า!X18 -> 45952 | U9: =[2]หน้าผ้า!AA18 -> 5000 | V9: =[2]หน้าผ้า!AJ18 -> 0 | W9: =[2]หน้าผ้า!AL18 -> 5000 | X9: =[2]หน้าผ้า!AM18 -> 0 | Y9: =[2]หน้าผ้า!AN18 -> 5250 | Z9: =[2]หน้าผ้า!AO18 -> WSWT1625800 | AA9: =[2]หน้าผ้า!AQ18 -> 3702.05 | AB9: =[2]หน้าผ้า!AR18 -> 3702.05 | AC9: =[2]หน้าผ้า!AS18 -> 0 | AD9: =[2]หน้าผ้า!AT18 -> 0 | AE9: =[2]หน้าผ้า!AU18 -> 0 | AF9: =[2]หน้าผ้า!AI18 -> 0 | AG9: =[3]หน้าผ้า!DC21 -> พร้อมส่ง | AH9: =[2]หน้าผ้า!DL18 -> P7 | AI9: =[2]หน้าผ้า!DM18 -> 2 | AJ9: =[2]หน้าผ้า!DN18 -> 45952 | AK9: =[2]หน้าผ้า!DQ18 -> 0 | AL9: =[2]หน้าผ้า!DR18 -> 45943 | AM9: =[2]หน้าผ้า!DS18 -> 45950 | AN9: =[2]หน้าผ้า!DT18 -> 45951 | AO9: =[2]หน้าผ้า!DU18 -> 45951 | AP9: =[2]หน้าผ้า!DP18 -> 45947 | AQ9: =[2]หน้าผ้า!DW18 -> 0 | AR9: =[2]หน้าผ้า!DX18 -> 0 | AS9: =[2]หน้าผ้า!DY18 -> 0 | AT9: =[2]หน้าผ้า!DZ18 -> 0 | AU9: =[2]หน้าผ้า!EA18 -> 0 | AV9: =[2]หน้าผ้า!EB18 -> 0 | AW9: =[2]หน้าผ้า!EC18 -> งานพิมพ์ | AX9: =[2]หน้าผ้า!ED18 -> รอART | AY9: =[2]หน้าผ้า!AG18 -> 0 | AZ9: =[2]หน้าผ้า!EG18 -> 0 | BA9: =[2]หน้าผ้า!EH18 -> 0 | BB9: =[2]หน้าผ้า!EI18 -> 0 | BC9: =[2]หน้าผ้า!BZ18 -> WRWT25800/WRWT25800 | BD9: =[2]หน้าผ้า!CA18 -> 0
A10: =[2]หน้าผ้า!C19 -> 0 | B10: =[2]หน้าผ้า!B19 -> 0 | C10: =[2]หน้าผ้า!E19 -> 0 | D10: =[2]หน้าผ้า!F19 -> 0 | E10: =[2]หน้าผ้า!G19 -> 16 | F10: =[2]หน้าผ้า!H19 -> 25 | G10: =[2]หน้าผ้า!I19 -> ขาว | H10: =[2]หน้าผ้า!J19 -> 0 | I10: =[2]หน้าผ้า!L19 -> 45 | J10: =[2]หน้าผ้า!M19 -> ± | K10: =[2]หน้าผ้า!N19 -> 5 | L10: =[2]หน้าผ้า!R19 -> 0 | M10: =[2]หน้าผ้า!T19 -> 0 | N10: =[2]หน้าผ้า!U19 -> 0 | O10: =[2]หน้าผ้า!V19 -> 0 | P10: =[2]หน้าผ้า!AB19 -> 0 | Q10: =[2]หน้าผ้า!AC19 -> 0 | R10: =[2]หน้าผ้า!AD19 -> 0 | S10: =[2]หน้าผ้า!Z19 -> 0 | T10: =[2]หน้าผ้า!X19 -> 0 | U10: =[2]หน้าผ้า!AA19 -> 0 | V10: =[2]หน้าผ้า!AJ19 -> 0 | W10: =[2]หน้าผ้า!AL19 -> 0 | X10: =[2]หน้าผ้า!AM19 -> 0 | Y10: =[2]หน้าผ้า!AN19 -> 0 | Z10: =[2]หน้าผ้า!AO19 -> WSWT1625800 | AA10: =[2]หน้าผ้า!AQ19 -> 3702.05 | AB10: =[2]หน้าผ้า!AR19 -> 3702.05 | AC10: =[2]หน้าผ้า!AS19 -> 0 | AD10: =[2]หน้าผ้า!AT19 -> 0 | AE10: =[2]หน้าผ้า!AU19 -> 0 | AF10: =[2]หน้าผ้า!AI19 -> ระบุในSD | AG10: =[3]หน้าผ้า!DC22 -> พร้อมส่ง | AH10: =[2]หน้าผ้า!DL19 -> 0 | AI10: =[2]หน้าผ้า!DM19 -> Lead time | AJ10: =[2]หน้าผ้า!DN19 -> 0 | AK10: =[2]หน้าผ้า!DQ19 -> 0 | AL10: =[2]หน้าผ้า!DR19 -> 0 | AM10: =[2]หน้าผ้า!DS19 -> 0 | AN10: =[2]หน้าผ้า!DT19 -> 0 | AO10: =[2]หน้าผ้า!DU19 -> 0 | AP10: =[2]หน้าผ้า!DP19 -> 0 | AQ10: =[2]หน้าผ้า!DW19 -> 0 | AR10: =[2]หน้าผ้า!DX19 -> 0 | AS10: =[2]หน้าผ้า!DY19 -> 0 | AT10: =[2]หน้าผ้า!DZ19 -> 0 | AU10: =[2]หน้าผ้า!EA19 -> 0 | AV10: =[2]หน้าผ้า!EB19 -> 0 | AW10: =[2]หน้าผ้า!EC19 -> 0 | AX10: =[2]หน้าผ้า!ED19 -> 0 | AY10: =[2]หน้าผ้า!AG19 -> 0 | AZ10: =[2]หน้าผ้า!EG19 -> 0 | BA10: =[2]หน้าผ้า!EH19 -> 0 | BB10: =[2]หน้าผ้า!EI19 -> 0 | BC10: =[2]หน้าผ้า!BZ19 -> WRWT160800/WRWT25800 | BD10: =[2]หน้าผ้า!CA19 -> 0
A11: =[2]หน้าผ้า!C20 -> 0 | B11: =[2]หน้าผ้า!B20 -> 0 | C11: =[2]หน้าผ้า!E20 -> 0 | D11: =[2]หน้าผ้า!F20 -> 0 | E11: =[2]หน้าผ้า!G20 -> 16 | F11: =[2]หน้าผ้า!H20 -> 25 | G11: =[2]หน้าผ้า!I20 -> 0 | H11: =[2]หน้าผ้า!J20 -> 0 | I11: =[2]หน้าผ้า!L20 -> 47 | J11: =[2]หน้าผ้า!M20 -> ± | K11: =[2]หน้าผ้า!N20 -> 5 | L11: =[2]หน้าผ้า!R20 -> 0 | M11: =[2]หน้าผ้า!T20 -> 0 | N11: =[2]หน้าผ้า!U20 -> 0 | O11: =[2]หน้าผ้า!V20 -> 0 | P11: =[2]หน้าผ้า!AB20 -> 0 | Q11: =[2]หน้าผ้า!AC20 -> 0 | R11: =[2]หน้าผ้า!AD20 -> 0 | S11: =[2]หน้าผ้า!Z20 -> 0 | T11: =[2]หน้าผ้า!X20 -> 0 | U11: =[2]หน้าผ้า!AA20 -> 0 | V11: =[2]หน้าผ้า!AJ20 -> 0 | W11: =[2]หน้าผ้า!AL20 -> 0 | X11: =[2]หน้าผ้า!AM20 -> 0 | Y11: =[2]หน้าผ้า!AN20 -> 0 | Z11: =[2]หน้าผ้า!AO20 -> WSWT1621720SMFX | AA11: =[2]หน้าผ้า!AQ20 -> #REF! | AB11: =[2]หน้าผ้า!AR20 -> #REF! | AC11: =[2]หน้าผ้า!AS20 -> #REF! | AD11: =[2]หน้าผ้า!AT20 -> #REF! | AE11: =[2]หน้าผ้า!AU20 -> #REF! | AF11: =[2]หน้าผ้า!AI20 -> ระบุในSD | AG11: =[3]หน้าผ้า!DC23 -> พร้อมส่ง | AH11: =[2]หน้าผ้า!DL20 -> 0 | AI11: =[2]หน้าผ้า!DM20 -> 0 | AJ11: =[2]หน้าผ้า!DN20 -> 0 | AK11: =[2]หน้าผ้า!DQ20 -> 0 | AL11: =[2]หน้าผ้า!DR20 -> 0 | AM11: =[2]หน้าผ้า!DS20 -> 0 | AN11: =[2]หน้าผ้า!DT20 -> 0 | AO11: =[2]หน้าผ้า!DU20 -> 0 | AP11: =[2]หน้าผ้า!DP20 -> 0 | AQ11: =[2]หน้าผ้า!DW20 -> 0 | AR11: =[2]หน้าผ้า!DX20 -> 0 | AS11: =[2]หน้าผ้า!DY20 -> 0 | AT11: =[2]หน้าผ้า!DZ20 -> 0 | AU11: =[2]หน้าผ้า!EA20 -> 0 | AV11: =[2]หน้าผ้า!EB20 -> 0 | AW11: =[2]หน้าผ้า!EC20 -> 0 | AX11: =[2]หน้าผ้า!ED20 -> 0 | AY11: =[2]หน้าผ้า!AG20 -> 0 | AZ11: =[2]หน้าผ้า!EG20 -> 0 | BA11: =[2]หน้าผ้า!EH20 -> 0 | BB11: =[2]หน้าผ้า!EI20 -> 0 | BC11: =[2]หน้าผ้า!BZ20 -> WRWT160720/WRWT21720 | BD11: =[2]หน้าผ้า!CA20 -> 0
A12: =[2]หน้าผ้า!C21 -> 0 | B12: =[2]หน้าผ้า!B21 -> 0 | C12: =[2]หน้าผ้า!E21 -> 0 | D12: =[2]หน้าผ้า!F21 -> 0 | E12: =[2]หน้าผ้า!G21 -> 17 | F12: =[2]หน้าผ้า!H21 -> 26 | G12: =[2]หน้าผ้า!I21 -> 0 | H12: =[2]หน้าผ้า!J21 -> 0 | I12: =[2]หน้าผ้า!L21 -> 48 | J12: =[2]หน้าผ้า!M21 -> ± | K12: =[2]หน้าผ้า!N21 -> 5 | L12: =[2]หน้าผ้า!R21 -> 0 | M12: =[2]หน้าผ้า!T21 -> 0 | N12: =[2]หน้าผ้า!U21 -> 0 | O12: =[2]หน้าผ้า!V21 -> 0 | P12: =[2]หน้าผ้า!AB21 -> 0 | Q12: =[2]หน้าผ้า!AC21 -> 0 | R12: =[2]หน้าผ้า!AD21 -> 0 | S12: =[2]หน้าผ้า!Z21 -> 0 | T12: =[2]หน้าผ้า!X21 -> 0 | U12: =[2]หน้าผ้า!AA21 -> 0 | V12: =[2]หน้าผ้า!AJ21 -> 0 | W12: =[2]หน้าผ้า!AL21 -> 0 | X12: =[2]หน้าผ้า!AM21 -> 0 | Y12: =[2]หน้าผ้า!AN21 -> 0 | Z12: =[2]หน้าผ้า!AO21 -> WSWT1725800 | AA12: =[2]หน้าผ้า!AQ21 -> #REF! | AB12: =[2]หน้าผ้า!AR21 -> #REF! | AC12: =[2]หน้าผ้า!AS21 -> #REF! | AD12: =[2]หน้าผ้า!AT21 -> #REF! | AE12: =[2]หน้าผ้า!AU21 -> #REF! | AF12: =[2]หน้าผ้า!AI21 -> ระบุในSD | AG12: =[3]หน้าผ้า!DC24 -> ยังไม่ได้พิมพ์ | AH12: =[2]หน้าผ้า!DL21 -> 0 | AI12: =[2]หน้าผ้า!DM21 -> 0 | AJ12: =[2]หน้าผ้า!DN21 -> 0 | AK12: =[2]หน้าผ้า!DQ21 -> 0 | AL12: =[2]หน้าผ้า!DR21 -> 0 | AM12: =[2]หน้าผ้า!DS21 -> 0 | AN12: =[2]หน้าผ้า!DT21 -> 0 | AO12: =[2]หน้าผ้า!DU21 -> 0 | AP12: =[2]หน้าผ้า!DP21 -> 0 | AQ12: =[2]หน้าผ้า!DW21 -> 0 | AR12: =[2]หน้าผ้า!DX21 -> 0 | AS12: =[2]หน้าผ้า!DY21 -> 0 | AT12: =[2]หน้าผ้า!DZ21 -> 0 | AU12: =[2]หน้าผ้า!EA21 -> 0 | AV12: =[2]หน้าผ้า!EB21 -> 0 | AW12: =[2]หน้าผ้า!EC21 -> 0 | AX12: =[2]หน้าผ้า!ED21 -> 0 | AY12: =[2]หน้าผ้า!AG21 -> 0 | AZ12: =[2]หน้าผ้า!EG21 -> 0 | BA12: =[2]หน้าผ้า!EH21 -> 0 | BB12: =[2]หน้าผ้า!EI21 -> 0 | BC12: =[2]หน้าผ้า!BZ21 -> WRWT170800/WRWT25800 | BD12: =[2]หน้าผ้า!CA21 -> 0
A13: =[2]หน้าผ้า!C22 -> 45938 | B13: =[2]หน้าผ้า!B22 -> MK68-001221 | C13: =[2]หน้าผ้า!E22 -> บจก.เอสทีเคมีธุรกืจ | D13: =[2]หน้าผ้า!F22 -> มังกรแดง STCB | E13: =[2]หน้าผ้า!G22 -> 18 | F13: =[2]หน้าผ้า!H22 -> 30 | G13: =[2]หน้าผ้า!I22 -> ขาว | H13: =[2]หน้าผ้า!J22 -> 0 | I13: =[2]หน้าผ้า!L22 -> 54 | J13: =[2]หน้าผ้า!M22 -> ± | K13: =[2]หน้าผ้า!N22 -> 5 | L13: =[2]หน้าผ้า!R22 -> ไม่ | M13: =[2]หน้าผ้า!T22 -> 19 | N13: =[2]หน้าผ้า!U22 -> 31 | O13: =[2]หน้าผ้า!V22 -> 40 | P13: =[2]หน้าผ้า!AB22 -> 0 | Q13: =[2]หน้าผ้า!AC22 -> 0 | R13: =[2]หน้าผ้า!AD22 -> 0 | S13: =[2]หน้าผ้า!Z22 -> 500กระสอบ | T13: =[2]หน้าผ้า!X22 -> 45946 | U13: =[2]หน้าผ้า!AA22 -> 10000 | V13: =[2]หน้าผ้า!AJ22 -> 10000 | W13: =[2]หน้าผ้า!AL22 -> 0 | X13: =[2]หน้าผ้า!AM22 -> 10100 | Y13: =[2]หน้าผ้า!AN22 -> 0 | Z13: =[2]หน้าผ้า!AO22 -> WSWT1825800 | AA13: =[2]หน้าผ้า!AQ22 -> 0 | AB13: =[2]หน้าผ้า!AR22 -> 0 | AC13: =[2]หน้าผ้า!AS22 -> 0 | AD13: =[2]หน้าผ้า!AT22 -> 0 | AE13: =[2]หน้าผ้า!AU22 -> 0 | AF13: =[2]หน้าผ้า!AI22 -> ห้ามเกิน | AG13: =[3]หน้าผ้า!DC25 -> ยังไม่ได้พิมพ์ | AH13: =[2]หน้าผ้า!DL22 -> P9 | AI13: =[2]หน้าผ้า!DM22 -> 3 | AJ13: =[2]หน้าผ้า!DN22 -> 45946 | AK13: =[2]หน้าผ้า!DQ22 -> 0 | AL13: =[2]หน้าผ้า!DR22 -> 45936 | AM13: =[2]หน้าผ้า!DS22 -> 45943 | AN13: =[2]หน้าผ้า!DT22 -> 45944 | AO13: =[2]หน้าผ้า!DU22 -> 45944 | AP13: =[2]หน้าผ้า!DP22 -> 45941 | AQ13: =[2]หน้าผ้า!DW22 -> 45945 | AR13: =[2]หน้าผ้า!DX22 -> 0 | AS13: =[2]หน้าผ้า!DY22 -> 0 | AT13: =[2]หน้าผ้า!DZ22 -> 0 | AU13: =[2]หน้าผ้า!EA22 -> 0 | AV13: =[2]หน้าผ้า!EB22 -> 0 | AW13: =[2]หน้าผ้า!EC22 -> งานพิมพ์ | AX13: =[2]หน้าผ้า!ED22 -> รอART | AY13: =[2]หน้าผ้า!AG22 -> 0 | AZ13: =[2]หน้าผ้า!EG22 -> 0 | BA13: =[2]หน้าผ้า!EH22 -> 0 | BB13: =[2]หน้าผ้า!EI22 -> 0 | BC13: =[2]หน้าผ้า!BZ22 -> WRWT25800/WRWT25800 | BD13: =[2]หน้าผ้า!CA22 -> 0
A14: =[2]หน้าผ้า!C23 -> 45923 | B14: =[2]หน้าผ้า!B23 -> MK68-001161 | C14: =[2]หน้าผ้า!E23 -> หจก.อนนท์อุตสาหกรรม | D14: =[2]หน้าผ้า!F23 -> อนนท์ 20 กก. | E14: =[2]หน้าผ้า!G23 -> 18 | F14: =[2]หน้าผ้า!H23 -> 28 | G14: =[2]หน้าผ้า!I23 -> ขาว | H14: =[2]หน้าผ้า!J23 -> 0 | I14: =[2]หน้าผ้า!L23 -> 50 | J14: =[2]หน้าผ้า!M23 -> ± | K14: =[2]หน้าผ้า!N23 -> 5 | L14: =[2]หน้าผ้า!R23 -> ไม่ | M14: =[2]หน้าผ้า!T23 -> 19 | N14: =[2]หน้าผ้า!U23 -> 31 | O14: =[2]หน้าผ้า!V23 -> 40 | P14: =[2]หน้าผ้า!AB23 -> 0 | Q14: =[2]หน้าผ้า!AC23 -> 0 | R14: =[2]หน้าผ้า!AD23 -> 0 | S14: =[2]หน้าผ้า!Z23 -> 500กระสอบแบน | T14: =[2]หน้าผ้า!X23 -> 45950 | U14: =[2]หน้าผ้า!AA23 -> 5000 | V14: =[2]หน้าผ้า!AJ23 -> 5000 | W14: =[2]หน้าผ้า!AL23 -> 0 | X14: =[2]หน้าผ้า!AM23 -> 5400 | Y14: =[2]หน้าผ้า!AN23 -> 0 | Z14: =[2]หน้าผ้า!AO23 -> WSWT1825800 | AA14: =[2]หน้าผ้า!AQ23 -> 0 | AB14: =[2]หน้าผ้า!AR23 -> 0 | AC14: =[2]หน้าผ้า!AS23 -> 0 | AD14: =[2]หน้าผ้า!AT23 -> 0 | AE14: =[2]หน้าผ้า!AU23 -> 0 | AF14: =[2]หน้าผ้า!AI23 -> 0 | AG14: =[3]หน้าผ้า!DC26 -> ยังไม่ได้พิมพ์ | AH14: =[2]หน้าผ้า!DL23 -> P9 | AI14: =[2]หน้าผ้า!DM23 -> 3 | AJ14: =[2]หน้าผ้า!DN23 -> 45950 | AK14: =[2]หน้าผ้า!DQ23 -> 0 | AL14: =[2]หน้าผ้า!DR23 -> 45940 | AM14: =[2]หน้าผ้า!DS23 -> 45947 | AN14: =[2]หน้าผ้า!DT23 -> 45948 | AO14: =[2]หน้าผ้า!DU23 -> 45948 | AP14: =[2]หน้าผ้า!DP23 -> 45945 | AQ14: =[2]หน้าผ้า!DW23 -> 45949 | AR14: =[2]หน้าผ้า!DX23 -> 0 | AS14: =[2]หน้าผ้า!DY23 -> 0 | AT14: =[2]หน้าผ้า!DZ23 -> 0 | AU14: =[2]หน้าผ้า!EA23 -> 0 | AV14: =[2]หน้าผ้า!EB23 -> 0 | AW14: =[2]หน้าผ้า!EC23 -> งานพิมพ์ | AX14: =[2]หน้าผ้า!ED23 -> / | AY14: =[2]หน้าผ้า!AG23 -> 0 | AZ14: =[2]หน้าผ้า!EG23 -> 0 | BA14: =[2]หน้าผ้า!EH23 -> 0 | BB14: =[2]หน้าผ้า!EI23 -> 0 | BC14: =[2]หน้าผ้า!BZ23 -> WRWT25800/WRWT25800 | BD14: =[2]หน้าผ้า!CA23 -> 0
A15: =[2]หน้าผ้า!C24 -> 45923 | B15: =[2]หน้าผ้า!B24 -> MK68-001162 | C15: =[2]หน้าผ้า!E24 -> หจก.อนนท์อุตสาหกรรม | D15: =[2]หน้าผ้า!F24 -> ดาว 20 กก. | E15: =[2]หน้าผ้า!G24 -> 18 | F15: =[2]หน้าผ้า!H24 -> 28 | G15: =[2]หน้าผ้า!I24 -> ขาว | H15: =[2]หน้าผ้า!J24 -> 0 | I15: =[2]หน้าผ้า!L24 -> 50 | J15: =[2]หน้าผ้า!M24 -> ± | K15: =[2]หน้าผ้า!N24 -> 5 | L15: =[2]หน้าผ้า!R24 -> ไม่ | M15: =[2]หน้าผ้า!T24 -> 19 | N15: =[2]หน้าผ้า!U24 -> 31 | O15: =[2]หน้าผ้า!V24 -> 40 | P15: =[2]หน้าผ้า!AB24 -> 363.27927 | Q15: =[2]หน้าผ้า!AC24 -> 0 | R15: =[2]หน้าผ้า!AD24 -> 363.27927 | S15: =[2]หน้าผ้า!Z24 -> 500กระสอบแบน | T15: =[2]หน้าผ้า!X24 -> 45950 | U15: =[2]หน้าผ้า!AA24 -> 25000 | V15: =[2]หน้าผ้า!AJ24 -> 0 | W15: =[2]หน้าผ้า!AL24 -> 25000 | X15: =[2]หน้าผ้า!AM24 -> 0 | Y15: =[2]หน้าผ้า!AN24 -> 26250 | Z15: =[2]หน้าผ้า!AO24 -> WSWT1825800 | AA15: =[2]หน้าผ้า!AQ24 -> 20605.75 | AB15: =[2]หน้าผ้า!AR24 -> 20605.75 | AC15: =[2]หน้าผ้า!AS24 -> 0 | AD15: =[2]หน้าผ้า!AT24 -> 0 | AE15: =[2]หน้าผ้า!AU24 -> 0 | AF15: =[2]หน้าผ้า!AI24 -> 0 | AG15: =[3]หน้าผ้า!DC27 -> ยังไม่ได้พิมพ์ | AH15: =[2]หน้าผ้า!DL24 -> P9 | AI15: =[2]หน้าผ้า!DM24 -> 3 | AJ15: =[2]หน้าผ้า!DN24 -> 45950 | AK15: =[2]หน้าผ้า!DQ24 -> 0 | AL15: =[2]หน้าผ้า!DR24 -> 45940 | AM15: =[2]หน้าผ้า!DS24 -> 45947 | AN15: =[2]หน้าผ้า!DT24 -> 45948 | AO15: =[2]หน้าผ้า!DU24 -> 45948 | AP15: =[2]หน้าผ้า!DP24 -> 45945 | AQ15: =[2]หน้าผ้า!DW24 -> 45949 | AR15: =[2]หน้าผ้า!DX24 -> 0 | AS15: =[2]หน้าผ้า!DY24 -> 0 | AT15: =[2]หน้าผ้า!DZ24 -> 0 | AU15: =[2]หน้าผ้า!EA24 -> 0 | AV15: =[2]หน้าผ้า!EB24 -> 0 | AW15: =[2]หน้าผ้า!EC24 -> งานพิมพ์ | AX15: =[2]หน้าผ้า!ED24 -> / | AY15: =[2]หน้าผ้า!AG24 -> 0 | AZ15: =[2]หน้าผ้า!EG24 -> 0 | BA15: =[2]หน้าผ้า!EH24 -> 0 | BB15: =[2]หน้าผ้า!EI24 -> 0 | BC15: =[2]หน้าผ้า!BZ24 -> WRWT25800/WRWT25800 | BD15: =[2]หน้าผ้า!CA24 -> 0
A16: =[2]หน้าผ้า!C25 -> 45923 | B16: =[2]หน้าผ้า!B25 -> MK68-001162 | C16: =[2]หน้าผ้า!E25 -> หจก.อนนท์อุตสาหกรรม | D16: =[2]หน้าผ้า!F25 -> ดาว 20 กก. | E16: =[2]หน้าผ้า!G25 -> 18 | F16: =[2]หน้าผ้า!H25 -> 28 | G16: =[2]หน้าผ้า!I25 -> ขาว | H16: =[2]หน้าผ้า!J25 -> 0 | I16: =[2]หน้าผ้า!L25 -> 50 | J16: =[2]หน้าผ้า!M25 -> ± | K16: =[2]หน้าผ้า!N25 -> 5 | L16: =[2]หน้าผ้า!R25 -> ไม่ | M16: =[2]หน้าผ้า!T25 -> 19 | N16: =[2]หน้าผ้า!U25 -> 31 | O16: =[2]หน้าผ้า!V25 -> 40 | P16: =[2]หน้าผ้า!AB25 -> 363.27927 | Q16: =[2]หน้าผ้า!AC25 -> 0 | R16: =[2]หน้าผ้า!AD25 -> 363.27927 | S16: =[2]หน้าผ้า!Z25 -> 500กระสอบแบน | T16: =[2]หน้าผ้า!X25 -> 45955 | U16: =[2]หน้าผ้า!AA25 -> 25000 | V16: =[2]หน้าผ้า!AJ25 -> 0 | W16: =[2]หน้าผ้า!AL25 -> 25000 | X16: =[2]หน้าผ้า!AM25 -> 0 | Y16: =[2]หน้าผ้า!AN25 -> 26250 | Z16: =[2]หน้าผ้า!AO25 -> WSWT1825800 | AA16: =[2]หน้าผ้า!AQ25 -> 20605.75 | AB16: =[2]หน้าผ้า!AR25 -> 20605.75 | AC16: =[2]หน้าผ้า!AS25 -> 0 | AD16: =[2]หน้าผ้า!AT25 -> 0 | AE16: =[2]หน้าผ้า!AU25 -> 0 | AF16: =[2]หน้าผ้า!AI25 -> 0 | AG16: =[3]หน้าผ้า!DC28 -> พร้อมส่ง | AH16: =[2]หน้าผ้า!DL25 -> P9 | AI16: =[2]หน้าผ้า!DM25 -> 3 | AJ16: =[2]หน้าผ้า!DN25 -> 45955 | AK16: =[2]หน้าผ้า!DQ25 -> 0 | AL16: =[2]หน้าผ้า!DR25 -> 45945 | AM16: =[2]หน้าผ้า!DS25 -> 45952 | AN16: =[2]หน้าผ้า!DT25 -> 45953 | AO16: =[2]หน้าผ้า!DU25 -> 45953 | AP16: =[2]หน้าผ้า!DP25 -> 45950 | AQ16: =[2]หน้าผ้า!DW25 -> 45954 | AR16: =[2]หน้าผ้า!DX25 -> 0 | AS16: =[2]หน้าผ้า!DY25 -> 0 | AT16: =[2]หน้าผ้า!DZ25 -> 0 | AU16: =[2]หน้าผ้า!EA25 -> 0 | AV16: =[2]หน้าผ้า!EB25 -> 0 | AW16: =[2]หน้าผ้า!EC25 -> งานพิมพ์ | AX16: =[2]หน้าผ้า!ED25 -> / | AY16: =[2]หน้าผ้า!AG25 -> 0 | AZ16: =[2]หน้าผ้า!EG25 -> 0 | BA16: =[2]หน้าผ้า!EH25 -> 0 | BB16: =[2]หน้าผ้า!EI25 -> 0 | BC16: =[2]หน้าผ้า!BZ25 -> WRWT25800/WRWT25800 | BD16: =[2]หน้าผ้า!CA25 -> 0
A17: =[2]หน้าผ้า!C26 -> 45923 | B17: =[2]หน้าผ้า!B26 -> MK68-001162 | C17: =[2]หน้าผ้า!E26 -> หจก.อนนท์อุตสาหกรรม | D17: =[2]หน้าผ้า!F26 -> ดาว 20 กก. | E17: =[2]หน้าผ้า!G26 -> 18 | F17: =[2]หน้าผ้า!H26 -> 28 | G17: =[2]หน้าผ้า!I26 -> ขาว | H17: =[2]หน้าผ้า!J26 -> 0 | I17: =[2]หน้าผ้า!L26 -> 50 | J17: =[2]หน้าผ้า!M26 -> ± | K17: =[2]หน้าผ้า!N26 -> 5 | L17: =[2]หน้าผ้า!R26 -> ไม่ | M17: =[2]หน้าผ้า!T26 -> 19 | N17: =[2]หน้าผ้า!U26 -> 31 | O17: =[2]หน้าผ้า!V26 -> 40 | P17: =[2]หน้าผ้า!AB26 -> 363.27927 | Q17: =[2]หน้าผ้า!AC26 -> 0 | R17: =[2]หน้าผ้า!AD26 -> 363.27927 | S17: =[2]หน้าผ้า!Z26 -> 500กระสอบแบน | T17: =[2]หน้าผ้า!X26 -> 45958 | U17: =[2]หน้าผ้า!AA26 -> 25000 | V17: =[2]หน้าผ้า!AJ26 -> 0 | W17: =[2]หน้าผ้า!AL26 -> 25000 | X17: =[2]หน้าผ้า!AM26 -> 0 | Y17: =[2]หน้าผ้า!AN26 -> 26250 | Z17: =[2]หน้าผ้า!AO26 -> WSWT1825800 | AA17: =[2]หน้าผ้า!AQ26 -> 20605.75 | AB17: =[2]หน้าผ้า!AR26 -> 20605.75 | AC17: =[2]หน้าผ้า!AS26 -> 0 | AD17: =[2]หน้าผ้า!AT26 -> 0 | AE17: =[2]หน้าผ้า!AU26 -> 0 | AF17: =[2]หน้าผ้า!AI26 -> 0 | AG17: =[3]หน้าผ้า!DC29 -> พร้อมส่ง | AH17: =[2]หน้าผ้า!DL26 -> P9 | AI17: =[2]หน้าผ้า!DM26 -> 3 | AJ17: =[2]หน้าผ้า!DN26 -> 45958 | AK17: =[2]หน้าผ้า!DQ26 -> 0 | AL17: =[2]หน้าผ้า!DR26 -> 45948 | AM17: =[2]หน้าผ้า!DS26 -> 45955 | AN17: =[2]หน้าผ้า!DT26 -> 45956 | AO17: =[2]หน้าผ้า!DU26 -> 45956 | AP17: =[2]หน้าผ้า!DP26 -> 45953 | AQ17: =[2]หน้าผ้า!DW26 -> 45957 | AR17: =[2]หน้าผ้า!DX26 -> 0 | AS17: =[2]หน้าผ้า!DY26 -> 0 | AT17: =[2]หน้าผ้า!DZ26 -> 0 | AU17: =[2]หน้าผ้า!EA26 -> 0 | AV17: =[2]หน้าผ้า!EB26 -> 0 | AW17: =[2]หน้าผ้า!EC26 -> งานพิมพ์ | AX17: =[2]หน้าผ้า!ED26 -> / | AY17: =[2]หน้าผ้า!AG26 -> 0 | AZ17: =[2]หน้าผ้า!EG26 -> 0 | BA17: =[2]หน้าผ้า!EH26 -> 0 | BB17: =[2]หน้าผ้า!EI26 -> 0 | BC17: =[2]หน้าผ้า!BZ26 -> WRWT25800/WRWT25800 | BD17: =[2]หน้าผ้า!CA26 -> 0
... A575: =[2]หน้าผ้า!C584 -> 0 | B575: =[2]หน้าผ้า!B584 -> 0 | C575: =[2]หน้าผ้า!E584 -> 0 | D575: =[2]หน้าผ้า!F584 -> 0 | E575: =[2]หน้าผ้า!G584 -> 0 | F575: =[2]หน้าผ้า!H584 -> 0 | G575: =[2]หน้าผ้า!I584 -> 0 | H575: =[2]หน้าผ้า!J584 -> 0 | I575: =[2]หน้าผ้า!L584 -> 0 | J575: =[2]หน้าผ้า!M584 -> 0 | K575: =[2]หน้าผ้า!N584 -> 0 | L575: =[2]หน้าผ้า!R584 -> 0 | M575: =[2]หน้าผ้า!T584 -> 0 | N575: =[2]หน้าผ้า!U584 -> 0 | O575: =[2]หน้าผ้า!V584 -> 0 | P575: =[2]หน้าผ้า!AB584 -> 0 | Q575: =[2]หน้าผ้า!AC584 -> 0 | R575: =[2]หน้าผ้า!AD584 -> 0 | S575: =[2]หน้าผ้า!Z584 -> 0 | T575: =[2]หน้าผ้า!X584 -> 0 | U575: =[2]หน้าผ้า!AA584 -> 0 | V575: =[2]หน้าผ้า!AJ584 -> 0 | W575: =[2]หน้าผ้า!AL584 -> 0 | X575: =[2]หน้าผ้า!AM584 -> 0 | Y575: =[2]หน้าผ้า!AN584 -> 0 | Z575: =[2]หน้าผ้า!AO584 -> 0 | AA575: =[2]หน้าผ้า!AQ584 -> 0 | AB575: =[2]หน้าผ้า!AR584 -> 0 | AC575: =[2]หน้าผ้า!AS584 -> 0 | AD575: =[2]หน้าผ้า!AT584 -> 0 | AE575: =[2]หน้าผ้า!AU584 -> 0 | AF575: =[2]หน้าผ้า!AI584 -> 0 | AG575: =[3]หน้าผ้า!DC587 -> 0 | AH575: =[2]หน้าผ้า!DL584 -> 0 | AI575: =[2]หน้าผ้า!DM584 -> 0 | AJ575: =[2]หน้าผ้า!DN584 -> 0 | AK575: =[2]หน้าผ้า!DQ584 -> 0 | AL575: =[2]หน้าผ้า!DR584 -> 0 | AM575: =[2]หน้าผ้า!DS584 -> 0 | AN575: =[2]หน้าผ้า!DT584 -> 0 | AO575: =[2]หน้าผ้า!DU584 -> 0 | AP575: =[2]หน้าผ้า!DP584 -> 0 | AQ575: =[2]หน้าผ้า!DW584 -> 0 | AR575: =[2]หน้าผ้า!DX584 -> 0 | AS575: =[2]หน้าผ้า!DY584 -> 0 | AT575: =[2]หน้าผ้า!DZ584 -> 0 | AU575: =[2]หน้าผ้า!EA584 -> 0 | AV575: =[2]หน้าผ้า!EB584 -> 0 | AW575: =[2]หน้าผ้า!EC584 -> 0 | AX575: =[2]หน้าผ้า!ED584 -> 0 | AY575: =[2]หน้าผ้า!AG584 -> 0 | AZ575: =[2]หน้าผ้า!EG584 -> 0 | BA575: =[2]หน้าผ้า!EH584 -> 0 | BB575: =[2]หน้าผ้า!EI584 -> 0 | BC575: =[2]หน้าผ้า!BZ584 -> 0 | BD575: =[2]หน้าผ้า!CA584 -> 0

Sheet 9(Order+FC)
A2: เลขที่ SO | B2: (หลายรายการ)
A3: วันส่ง | B3: (หลายรายการ)
A4: ชื่อลูกค้า | B4: (ทั้งหมด)
K5: 9
A6: ประเภท | B6: ผลรวม ของ จำนวนส่ง | C6: ผลรวม ของ ค้างพิมพ์ | D6: ผลรวม ของ ค้างตัด | E6: ผลรวม ของ ใช้ | F6: ผลรวม ของ Stock | G6: ผลรวม ของ ค้างทอ
A7: WSWT1921720 | B7: 205000 | C7: 0 | D7: 30000 | E7: 0 | F7: 0 | G7: 0 | H7: =+J7-I7 -> 0 | J7: =G7 -> 0
A8: WSWT19251000SM | B8: 5040 | C8: 5292 | D8: 5040 | E8: 4999.0248 | F8: 4999.0248 | G8: 0 | H8: =+J8-I8 -> 0 | J8: =G8 -> 0
A9: WSWT1925800 | B9: 20000 | C9: 21000 | D9: 20000 | E9: 17602.2 | F9: 17602.2 | G9: 0 | H9: =+J9-I9 -> 0 | J9: =G9 -> 0
A10: WSWT2025800 | B10: 89360 | C10: 84000 | D10: 86360 | E10: 83820 | F10: 83820 | G10: 0 | H10: =+J10-I10 -> 0 | J10: =G10 -> 0
A11: WSWT2025800SM | B11: 171120 | C11: 68376 | D11: 72271 | E11: 70323.862 | F11: 70323.862 | G11: 0 | H11: =+J11-I11 -> 0 | J11: =G11 -> 0
A12: WSWT2121670SM | B12: 85000 | C12: 38850 | D12: 64000 | E12: 56774.08 | F12: 56774.08 | G12: 0 | H12: =+J12-I12 -> 0 | J12: =G12 -> 0 | K12: 40000 | L12: =+K5*K12 -> 360000 | M12: =+L12-J12 -> 360000
A13: WSWT2325650 | B13: 60000 | C13: 63000 | D13: 60000 | E13: 59512.2 | F13: 59512.2 | G13: 0 | H13: =+J13-I13 -> 0 | J13: =G13 -> 0 | K13: 14000 | L13: =+K13*K5 -> 126000 | M13: =+L13-J13 -> 126000
A14: WSWT2625650 | B14: 5000 | C14: 0 | D14: 0 | E14: 0 | F14: 0 | G14: 0 | H14: =+J14-I14 -> 0 | J14: =G14 -> 0
A15: WSWT2625800 | B15: 10000 | C15: 0 | D15: 10000 | E15: 12433.3 | F15: 12433.3 | G15: 0 | H15: =+J15-I15 -> 0 | J15: =G15 -> 0 | K15: 20000 | L15: =+K15*K5 -> 180000 | M15: =+L15-J15 -> 180000
A16: WSWT2625850SM | B16: 40000 | C16: 31526.25 | D16: 35900 | E16: 38606.951 | F16: 17295.635 | G16: 21311.316 | H16: =+J16-I16 -> 21311.316 | J16: =G16 -> 21311.316
A17: WSWT2825850 | B17: 105000 | C17: 51765 | D17: 54300 | E17: 65316.735 | F17: 5780 | G17: 59536.735 | H17: =+J17-I17 -> 59536.735 | J17: =G17 -> 59536.735
A18: ผลรวมทั้งหมด | B18: 795520 | C18: 363809.25 | D18: 437871 | E18: 409388.35 | F18: 328540.3 | G18: 80848.051 | H18: =+J18-I18 -> 80848.051 | J18: =G18 -> 80848.051
H19: 0 | I19: 54000 | J19: =G19 -> 0
H20: =+J20-I20 -> 0 | J20: =G20 -> 0
H21: =+J21-I21 -> 0 | J21: =G21 -> 0
H22: =+J22-I22 -> 0 | J22: =G22 -> 0
H23: =+J23-I23 -> 0 | J23: =G23 -> 0
H24: =+J24-I24 -> 0 | J24: =G24 -> 0
H25: =+J25-I25 -> 0 | J25: =G25 -> 0
H26: =+J26-I26 -> 0 | J26: =G26 -> 0
H27: =+J27-I27 -> 0 | J27: =G27 -> 0
H28: =+J28-I28 -> 0 | J28: =G28 -> 0 | M28: =+GETPIVOTDATA("ผลรวม ของ ใช้",$A$6)+H29+H33 -> 661084.45
H29: =SUM(H7:H28) -> 161696.1 | I29: =SUM(I7:I28) -> 54000 | J29: =SUM(J7:J28) -> 161696.1
H32: =+H26 -> 0 | I32: 85 | J32: =+(H32+H29)*I32 -> 13744169 | K32: =+J32/1000 -> 13744.169
H33: 90000 | I33: 95 | J33: =+H33*I33 -> 8550000 | K33: =+J33/1000 -> 8550
H35: =+H32+H33+H29 -> 251696.1 | K35: =+K32+K33 -> 22294.169
N36: 705222
A37: ยอดส่ง 1/2/68 - 17/2/68 | B37: 1565717 | H37: 15 | I37: =+H35/H37 -> 16779.74
N38: =+H35+N36 -> 956918.1
I39: =+H37*110000 -> 1650000
B41: =+B29+B37+B31-110000 -> 1455717 | C41: =+C29+C37+C31 -> 0 | D41: =+D29+D37+D31-110000 -> -110000 | E41: =+E29+E37+E31 -> 0 | F41: =+F29+F37+F31 -> 0 | G41: =+G29+G37+G31 -> 0
B43: 3218150
B45: =+B43-B41 -> 1762433
C47: =+C41/9 -> 0 | D47: =+D41/9 -> -12222.222

Sheet 9(Order)
A2: เลขที่ SO | B2: (ทั้งหมด)
A3: วันส่ง | B3: 45930
A4: ชื่อลูกค้า | B4: (ทั้งหมด)
A6: ประเภท | B6: ผลรวม ของ จำนวนส่ง | C6: ผลรวม ของ ค้างพิมพ์ | D6: ผลรวม ของ ค้างตัด | E6: ผลรวม ของ ใช้ | F6: ผลรวม ของ Stock | G6: ผลรวม ของ ค้างทอ
A7: WSWT1825800 | B7: 5000 | C7: 0 | D7: 0 | E7: 0 | F7: 0 | G7: 0
A8: WSWT1921720 | B8: 25000 | C8: 0 | D8: 73 | E8: 0 | F8: 0 | G8: 0
A9: WSWT2025800SM | B9: 5000 | C9: 0 | D9: 0 | E9: 0 | F9: 0 | G9: 0
A10: WSWT2121670SM | B10: 10000 | C10: 0 | D10: 16 | E10: 0 | F10: 0 | G10: 0
A11: WSWT2625650 | B11: 5000 | C11: 0 | D11: 0 | E11: 0 | F11: 0 | G11: 0
A12: ผลรวมทั้งหมด | B12: 50000 | C12: 0 | D12: 89 | E12: 0 | F12: 0 | G12: 0
D34: =D18 -> 0
D36: =D20 -> 0
A37: ยอดส่ง 1/4/68 - 12/4/68 | B37: 887615
A38: Order+ส่ง | B38: =++B25+B37 -> 887615
A39: ประมาณการ | B39: 262000 | C39: 238350 | D39: 262000 | E39: 279847.04 | F39: 60825.09 | G39: 219021.95
A41: Order+ส่ง+ประมาณการ | B41: =+B25+B37+B39+B33 -> 1149615 | C41: =+C25+C37+C39+C33 -> 238350 | D41: =+D25+D37+D39+D33 -> 262000 | E41: =+E25+E37+E39+E33 -> 279847.04 | F41: =+F25+F37+F39+F33 -> 60825.09 | G41: =+G25+G37+G39+G33 -> 219021.95
B43: 3171376
B45: =+B41-B43 -> -2021761 | C45: =+$B$45 -> -2021761 | D45: =+$B$45 -> -2021761 | F45: =+$B$45 -> -2021761
D47: =+D41/6 -> 43666.667

Sheet 9(Order) แยกลูกค้า
A1: เลขที่ SO | B1: (หลายรายการ)
A2: วันส่ง | B2: (หลายรายการ)
A4: ประเภท | B4: ชื่อลูกค้า | C4: ผลรวม ของ จำนวนส่ง | D4: ผลรวม ของ ค้างพิมพ์ | E4: ผลรวม ของ ค้างตัด | F4: ผลรวม ของ Stock | G4: ผลรวม ของ ค้างทอ | I4: vn
A5: WSWT2025650 | B5: บจก.หนองบัวฟีด | C5: 10000 | D5: 0 | E5: 10000 | F5: 4400 | G5: 4401.1 | H5: =G5 -> 4401.1
A6: WSWT2025650 ผลรวม | C6: 10000 | D6: 0 | E6: 10000 | F6: 4400 | G6: 4401.1 | H6: =G6 -> 4401.1
A7: WSWT2025800SM | B7: บจก.เอ.เจ.ฟาร์ม่าแล็บ | C7: 8000 | D7: 0 | E7: 25 | F7: 0 | G7: 0 | H7: =G7 -> 0
A8: WSWT2025800SM ผลรวม | C8: 8000 | D8: 0 | E8: 25 | F8: 0 | G8: 0 | H8: =G8 -> 0
A9: WSWT2121670SM | B9: บจก.เอพีเอ็ม อะโกร | C9: 3000 | D9: 0 | E9: 0 | F9: 0 | G9: 0 | H9: =G9 -> 0
B10: บจก.หนองบัวฟีด | C10: 10000 | D10: 10500 | E10: 10000 | F10: 10756.9 | G10: 0 | H10: =G10 -> 0
A11: WSWT2121670SM ผลรวม | C11: 13000 | D11: 10500 | E11: 10000 | F11: 10756.9 | G11: 0 | H11: =G11 -> 0
A12: ผลรวมทั้งหมด | C12: 31000 | D12: 10500 | E12: 20025 | F12: 15156.9 | G12: 4401.1 | H12: =G12 -> 4401.1
H13: =G13 -> 0
H14: =G14 -> 0
H15: =G15 -> 0
H16: =G16 -> 0
H17: =G17 -> 0
H18: =G18 -> 0
H19: =G19 -> 0
H20: =G20 -> 0
H21: =G21 -> 0
H22: =G22 -> 0
H23: =G23 -> 0
H24: =G24 -> 0
... H65: =G65 -> 0
H70: =SUM(H5:H69) -> 13203.3
D119: Cap พิมพ์ | E119: Cap ตัด | F119: Stock 16/7 บ่าย | G119: Cap ทอ | I119: วันทงาน
B120: lส่ง | C120: 1-16/7 | D120: 160000 | E120: 160000 | G120: 120000 | I120: 12
C121: 1975256 | D121: =+D120*I120 -> 1920000 | E121: =+E120*I120 -> 1920000 | F121: 825147 | G121: =+G120*I120 -> 1440000
A122: เบทาโกรส่งแล้ว | B122: 20700 | C122: 424374
A123: เบทาโกรส่งแล้ว | B123: 20800 | C123: 155973
C126: รวมส่ง+ค้างส่ง | D126: ส่วนต่างCapคงเหลือ | E126: ส่วนต่างCapคงเหลือ | F126: คงเหลือ
C127: =+C50+C121 -> 1975256 | D127: =+D121-D50 -> 1920000 | E127: =+E121-E50 -> 1920000 | F127: =+F121-F50 -> 825147 | G127: =+G121-G50 -> 1440000
B129: 20700VN 20/7 | G129: 350000

Sheet 9(Fc) แยกลูกค้า
A1: เลขที่ SO | B1: ประมาณการ
A2: วันส่ง | B2: (หลายรายการ) | D2: 12
A4: ประเภท | B4: ชื่อลูกค้า | C4: ผลรวม ของ จำนวนส่ง | D4: ผลรวม ของ ค้างพิมพ์ | E4: ผลรวม ของ ค้างตัด | F4: ผลรวม ของ ใช้ | G4: ผลรวม ของ Stock | H4: ผลรวม ของ ค้างทอ
A5: WSWT1921720 | B5: บจก.เคอรี่ฟลาวมิลล์ | C5: 225000 | D5: 236250 | E5: 225000 | F5: 210597.75 | G5: 0 | H5: 210597.75
A6: WSWT1921720 ผลรวม | C6: 225000 | D6: 236250 | E6: 225000 | F6: 210597.75 | G6: 0 | H6: 210597.75
A7: WSWT1925800 | B7: บจก.เพรซิเดนท์ฟลาวมิลล์ | C7: 140000 | D7: 147000 | E7: 140000 | F7: 123215.4 | G7: 0 | H7: 123215.4
B8: บจก.ไลม์มาสเตอร์ | C8: 20000 | D8: 20755.35 | E8: 19767 | F8: 18501.714 | G8: 0 | H8: 18501.714
B9: บจก.เอ็กเซลเล้นท์ | C9: 40000 | D9: 42000 | E9: 40000 | F9: 35204.4 | G9: 0 | H9: 35204.4
A10: WSWT1925800 ผลรวม | C10: 200000 | D10: 209755.35 | E10: 199767 | F10: 176921.51 | G10: 0 | H10: 176921.51
A11: WSWT2025800 | B11: บจก.อินเทคค์ โกลบอล | C11: 290000 | D11: 304500 | E11: 290000 | F11: 303847.5 | G11: 0 | H11: 303847.5
A12: WSWT2025800 ผลรวม | C12: 290000 | D12: 304500 | E12: 290000 | F12: 303847.5 | G12: 0 | H12: 303847.5
A13: WSWT2025800SM | B13: บจก.ไทยธรรมดี | C13: 20000 | D13: 21000 | E13: 20000 | F13: 21513.8 | G13: 0 | H13: 21513.8
B14: บจก.อินเทคค์ โกลบอล | C14: 100000 | D14: 105000 | E14: 100000 | F14: 104775 | G14: 0 | H14: 104775
B15: บจก.เอสพีเอ็ม อาหารสัตว์ | C15: 20000 | D15: 21000 | E15: 20000 | F15: 22072.6 | G15: 0 | H15: 22072.6
B16: บจก.ซันฟีด | C16: 305000 | D16: 320250 | E16: 305000 | F16: 336607.15 | G16: 0 | H16: 336607.15
A17: WSWT2025800SM ผลรวม | C17: 445000 | D17: 467250 | E17: 445000 | F17: 484968.55 | G17: 0 | H17: 484968.55
A18: WSWT2325650 | B18: พันธุ์ข้าว | C18: 30000 | D18: 31500 | E18: 30000 | F18: 29756.1 | G18: 29756.1 | H18: 0
A19: WSWT2325650 ผลรวม | C19: 30000 | D19: 31500 | E19: 30000 | F19: 29756.1 | G19: 29756.1 | H19: 0
A20: WSWT2625800 | B20: บจก.ที.ซี.ยูเนี่ยน อโกรเทค | C20: 10000 | D20: 0 | E20: 10000 | F20: 12433.3 | G20: 12433.3 | H20: 0
A21: WSWT2625800 ผลรวม | C21: 10000 | D21: 0 | E21: 10000 | F21: 12433.3 | G21: 12433.3 | H21: 0
A22: WSWT2825850 | B22: บจก.ที.ซี.ยูเนี่ยน อโกรเทค | C22: 5000 | D22: 0 | E22: 5000 | F22: 6775.45 | G22: 0 | H22: 6775.45
A23: WSWT2825850 ผลรวม | C23: 5000 | D23: 0 | E23: 5000 | F23: 6775.45 | G23: 0 | H23: 6775.45
A24: ผลรวมทั้งหมด | C24: 1205000 | D24: 1249255.4 | E24: 1204767 | F24: 1225300.2 | G24: 42189.4 | H24: 1183110.8
D119: Cap พิมพ์ | E119: Cap ตัด | F119: Stock 16/7 บ่าย | G119: Cap ทอ | I119: วันทงาน
B120: lส่ง | C120: 1-16/7 | D120: 160000 | E120: 160000 | G120: 120000 | I120: 12
C121: 1975256 | D121: =+D120*I120 -> 1920000 | E121: =+E120*I120 -> 1920000 | F121: 825147 | G121: =+G120*I120 -> 1440000
A122: เบทาโกรส่งแล้ว | B122: 20700 | C122: 424374
A123: เบทาโกรส่งแล้ว | B123: 20800 | C123: 155973
C126: รวมส่ง+ค้างส่ง | D126: ส่วนต่างCapคงเหลือ | E126: ส่วนต่างCapคงเหลือ | F126: คงเหลือ
C127: =+C50+C121 -> 1975256 | D127: =+D121-D50 -> 1920000 | E127: =+E121-E50 -> 1920000 | F127: =+F121-F50 -> 825147 | G127: =+G121-G50 -> 1440000
B129: 20700VN 20/7 | G129: 350000

Sheet 10(Order+Fc) แยกลูกค้า
A1: เลขที่ SO | B1: (หลายรายการ)
A2: วันส่ง | B2: (หลายรายการ) | D2: 12 | I2: เมตร | J2: vn | K2: ใบ | P2: วัน
A4: ประเภท | B4: ชื่อลูกค้า | C4: ผลรวม ของ จำนวนส่ง | D4: ผลรวม ของ ค้างพิมพ์ | E4: ผลรวม ของ ค้างตัด | F4: ผลรวม ของ ใช้ | G4: ผลรวม ของ Stock | H4: ผลรวม ของ ค้างทอ
A5: WSWT1625800 | B5: บจก.เคอรี่ฟลาวมิลล์ | C5: 5000 | D5: 5250 | E5: 5000 | F5: 3702.05 | G5: 3702.05 | H5: 0 | I5: =H5 -> 0
A6: WSWT1625800 ผลรวม | C6: 5000 | D6: 5250 | E6: 5000 | F6: 3702.05 | G6: 3702.05 | H6: 0 | I6: =H6 -> 0
A7: WSWT1825800 | B7: หจก.อนนท์อุตสาหกรรม | C7: 105000 | D7: 105000 | E7: 100000 | F7: 82423 | G7: 82423 | H7: 0 | I7: =H7 -> 0
B8: บจก.เอสทีเคมีธุรกืจ | C8: 10000 | D8: 0 | E8: 0 | F8: 0 | G8: 0 | H8: 0 | I8: =H8 -> 0
A9: WSWT1825800 ผลรวม | C9: 115000 | D9: 105000 | E9: 100000 | F9: 82423 | G9: 82423 | H9: 0 | I9: =H9 -> 0
A10: WSWT1921720 | B10: บจก.เคอรี่ฟลาวมิลล์ | C10: 415000 | D10: 309750 | E10: 335000 | F10: 285476.95 | G10: 56159.4 | H10: 229317.55 | I10: =H10 -> 229317.55
A11: WSWT1921720 ผลรวม | C11: 415000 | D11: 309750 | E11: 335000 | F11: 285476.95 | G11: 56159.4 | H11: 229317.55
A12: WSWT1925800 | B12: บจก.เพรซิเดนท์ฟลาวมิลล์ | C12: 160000 | D12: 144308.85 | E12: 154806 | F12: 120959.68 | G12: 0 | H12: 120959.68 | I12: =H12 -> 120959.68
B13: บจก.ไลม์มาสเตอร์ | C13: 20000 | D13: 20755.35 | E13: 19767 | F13: 18501.714 | G13: 2540 | H13: 15961.714 | I13: =H13 -> 15961.714
B14: บจก.เอ็กเซลเล้นท์ | C14: 40000 | D14: 42000 | E14: 40000 | F14: 35204.4 | G14: 0 | H14: 35204.4 | I14: =H14 -> 35204.4 | P14: 15000 | Q14: =+K14/P14 -> 0
A15: WSWT1925800 ผลรวม | C15: 220000 | D15: 207064.2 | E15: 214573 | F15: 174665.79 | G15: 2540 | H15: 172125.79
A16: WSWT2025800 | B16: บจก.เคอรี่ฟลาวมิลล์ | C16: 15000 | D16: 15750 | E16: 15000 | F16: 14039.85 | G16: 14039.85 | H16: 0 | I16: =H16 -> 0
B17: บจก.อินเทคค์ โกลบอล | C17: 296826 | D17: 304500 | E17: 290000 | F17: 303847.5 | G17: 7783 | H17: 296064.5 | I17: =H17 -> 296064.5
B18: โรงสีข้าวธัญญาวัฒน์ | C18: 4000 | D18: 4200 | E18: 4000 | F18: 3743.96 | G18: 3743.96 | H18: 0 | I18: =H18 -> 0
A19: WSWT2025800 ผลรวม | C19: 315826 | D19: 324450 | E19: 309000 | F19: 321631.31 | G19: 25566.81 | H19: 296064.5
A20: WSWT2025800SM | B20: บจก.ไทยธรรมดี | C20: 20000 | D20: 21000 | E20: 20000 | F20: 21513.8 | G20: 0 | H20: 21513.8 | I20: =H20 -> 21513.8 | P20: 16000 | Q20: =+K20/P20 -> 0
B21: บจก.อินเทคค์ โกลบอล | C21: 100000 | D21: 105000 | E21: 100000 | F21: 104775 | G21: 0 | H21: 104775 | I21: =H21 -> 104775
B22: บจก.เอพีเอ็ม อะโกร | C22: 20000 | D22: 12600 | E22: 12000 | F22: 13411.2 | G22: 13411.2 | H22: 0 | I22: =H22 -> 0
B23: บจก.เอสพีเอ็ม อาหารสัตว์ | C23: 53500 | D23: 27300 | E23: 27022 | F23: 28694.38 | G23: 6621.78 | H23: 22072.6 | I23: =H23 -> 22072.6
B24: บจก.ซันฟีด | C24: 369255 | D24: 336000 | E24: 335668 | F24: 353021.9 | G24: 16414.75 | H24: 336607.15
A25: WSWT2025800SM ผลรวม | C25: 562755 | D25: 501900 | E25: 494690 | F25: 521416.28 | G25: 36447.73 | H25: 484968.55
A26: WSWT2025850 | B26: บจก.ซันฟีด | C26: 244800 | D26: 118125 | E26: 172108 | F26: 125345.83 | G26: 125345.83 | H26: 0 | I26: =H26 -> 0
A27: WSWT2025850 ผลรวม | C27: 244800 | D27: 118125 | E27: 172108 | F27: 125345.83 | G27: 125345.83 | H27: 0
A28: WSWT2121670SM | B28: บจก.เอพีเอ็ม อะโกร | C28: 3000 | D28: 0 | E28: 0 | F28: 0 | G28: 0 | H28: 0 | I28: =H28 -> 0
B29: บจก.เอสพีเอ็ม อาหารสัตว์ | C29: 3000 | D29: 0 | E29: 0 | F29: 0 | G29: 0 | H29: 0 | I29: =H29 -> 0
B30: บจก.แอมโก้เวท | C30: 65000 | D30: 31500 | E30: 35000 | F30: 37649.15 | G30: 37649.15 | H30: 0 | I30: =H30 -> 0
B31: คุณนพวินทร์ รัตนเศรษฐ์เมธา | C31: 5000 | D31: 0 | E31: 263 | F31: 0 | G31: 0 | H31: 0 | I31: =H31 -> 0 | P31: 15000 | Q31: =+K31/P31 -> 0
A32: WSWT2121670SM ผลรวม | C32: 76000 | D32: 31500 | E32: 35263 | F32: 37649.15 | G32: 37649.15 | H32: 0
A33: WSWT2125650 | B33: บจก.ไลม์มาสเตอร์ | C33: 20000 | D33: 21000 | E33: 20000 | F33: 19837.4 | G33: 19837.4 | H33: 0 | I33: =H33 -> 0
A34: WSWT2125650 ผลรวม | C34: 20000 | D34: 21000 | E34: 20000 | F34: 19837.4 | G34: 19837.4 | H34: 0 | I34: =H34 -> 0
A35: WSWT2321750 | B35: บจก.เอสพีเอ็ม อาหารสัตว์ | C35: 9000 | D35: 0 | E35: 0 | F35: 0 | G35: 0 | H35: 0 | I35: =H35 -> 0
B36: บจก.แอมโก้เวท | C36: 5000 | D36: 0 | E36: 5000 | F36: 5797.55 | G36: 2015 | H36: 3782.55 | I36: =H36 -> 3782.55
A37: WSWT2321750 ผลรวม | C37: 14000 | D37: 0 | E37: 5000 | F37: 5797.55 | G37: 2015 | H37: 3782.55
A38: WSWT2325650 | B38: พันธุ์ข้าว | C38: 30000 | D38: 31500 | E38: 30000 | F38: 29756.1 | G38: 29756.1 | H38: 0 | I38: =H38 -> 0
B39: บจก.ซิเบลโก้(บางเลน) | C39: 5000 | D39: 5250 | E39: 5000 | F39: 5518.15 | G39: 5518.15 | H39: 0 | I39: =H39 -> 0
A40: WSWT2325650 ผลรวม | C40: 35000 | D40: 36750 | E40: 35000 | F40: 35274.25 | G40: 35274.25 | H40: 0
A41: WSWT24211125120 | B41: หจก.อนนท์อุตสาหกรรม | C41: 10000 | D41: 0 | E41: 0 | F41: 0 | G41: 0 | H41: 0 | I41: =H41 -> 0
A42: WSWT24211125120 ผลรวม | C42: 10000 | D42: 0 | E42: 0 | F42: 0 | G42: 0 | H42: 0 | I42: =H42 -> 0
A43: WSWT262575051 | B43: คุณธนนท์ | C43: 5000 | D43: 0 | E43: 0 | F43: 0 | G43: 0 | H43: 0 | I43: =H43 -> 0
A44: WSWT262575051 ผลรวม | C44: 5000 | D44: 0 | E44: 0 | F44: 0 | G44: 0 | H44: 0 | I44: =H44 -> 0
A45: WSWT2625800 | B45: บจก.แลบอินเตอร์ | C45: 10000 | D45: 10500 | E45: 10000 | F45: 11595.1 | G45: 9850 | H45: 1745.1 | I45: =H45 -> 1745.1
A46: WSWT2625800 ผลรวม | C46: 10000 | D46: 10500 | E46: 10000 | F46: 11595.1 | G46: 9850 | H46: 1745.1 | J46: 74000
A47: WSWT2625850SM | B47: บจก.ที.ซี.ยูเนี่ยน อโกรเทค | C47: 30000 | D47: 0 | E47: 8400 | F47: 10443.972 | G47: 10443.972 | H47: 0 | I47: =H47 -> 0
A48: WSWT2625850SM ผลรวม | C48: 30000 | D48: 0 | E48: 8400 | F48: 10443.972 | G48: 10443.972 | H48: 0 | I48: =H48 -> 0
A49: WSWT2825850 | B49: บจก.ที.ซี.ยูเนี่ยน อโกรเทค | C49: 5000 | D49: 0 | E49: 5000 | F49: 6775.45 | G49: 6775.45 | H49: 0 | I49: =H49 -> 0
B50: บจก.ไทยร่วมใจน้ำมันพืช | C50: 50000 | D50: 52500 | E50: 50000 | F50: 59372.5 | G50: 51695 | H50: 7677.5 | I50: =H50 -> 7677.5
B51: บจก.ไซแอนท์ | C51: 5000 | D51: 0 | E51: 5000 | F51: 5657.85 | G51: 5657.85 | H51: 0 | I51: =H51 -> 0 | M51: 102.14
A52: WSWT2825850 ผลรวม | C52: 60000 | D52: 52500 | E52: 60000 | F52: 71805.8 | G52: 64128.3 | H52: 7677.5 | M52: 3300
A53: ผลรวมทั้งหมด | C53: 2138381 | D53: 1723789.2 | E53: 1804034 | F53: 1707064.4 | G53: 511382.89 | H53: 1195681.5 | I53: =SUM(I5:I52) -> 859074.39 | M53: =+M52/M51 -> 32.308596
M55: 114.47
J56: 166000 | M56: =+M55*32.2 -> 3685.934
M57: =+M56-3300 -> 385.934
I58: =H58 -> 0
I59: =H59 -> 0
I60: =H60 -> 0
I61: =H61 -> 0
I62: =H62 -> 0
I64: =H64 -> 0
I65: =H65 -> 0
I66: =H66 -> 0
I68: =H68 -> 0
I70: =H70 -> 0
I72: =H72 -> 0
I73: =H73 -> 0
I75: =SUM(I5:I74) -> 1718148.8
I79: =I75+I77 -> 1718148.8 | J79: 16 | K79: =+I79*0.9779 -> 1680177.7
I81: =+I79/J79 -> 107384.3 | K81: =+K79*85 -> 1.428151e+08
K83: =+K81/1000 -> 142815.1
D119: Cap พิมพ์ | E119: Cap ตัด | F119: Stock 16/7 บ่าย | G119: Cap ทอ | I119: วันทงาน
B120: lส่ง | C120: 1-16/7 | D120: 160000 | E120: 160000 | G120: 120000 | I120: 12
C121: 1975256 | D121: =+D120*I120 -> 1920000 | E121: =+E120*I120 -> 1920000 | F121: 825147 | G121: =+G120*I120 -> 1440000
A122: เบทาโกรส่งแล้ว | B122: 20700 | C122: 424374
A123: เบทาโกรส่งแล้ว | B123: 20800 | C123: 155973
C126: รวมส่ง+ค้างส่ง | D126: ส่วนต่างCapคงเหลือ | E126: ส่วนต่างCapคงเหลือ | F126: คงเหลือ
C127: =+C50+C121 -> 2025256 | D127: =+D121-D50 -> 1867500 | E127: =+E121-E50 -> 1870000 | F127: =+F121-F50 -> 765774.5 | G127: =+G121-G50 -> 1388305
B129: 20700VN 20/7 | G129: 350000

Sheet 10(Order)
A2: เลขที่ SO | B2: (หลายรายการ)
A3: วันส่ง | B3: (หลายรายการ)
A4: ชื่อลูกค้า | B4: (ทั้งหมด)
A6: ประเภท | B6: ผลรวม ของ จำนวนส่ง | C6: ผลรวม ของ ค้างพิมพ์ | D6: ผลรวม ของ ค้างตัด | E6: ผลรวม ของ ใช้ | F6: ผลรวม ของ Stock | G6: ผลรวม ของ ค้างทอ
A7: WSWT1625800 | B7: 5000 | C7: 5250 | D7: 5000 | E7: 3702.05 | F7: 3702.05 | G7: 0
A8: WSWT1825800 | B8: 115000 | C8: 105000 | D8: 100000 | E8: 82423 | F8: 82423 | G8: 0
A9: WSWT1921720 | B9: 190000 | C9: 73500 | D9: 110000 | E9: 74879.2 | F9: 56159.4 | G9: 18719.8
A10: WSWT1925800 | B10: 20000 | C10: 0 | D10: 17369 | E10: 0 | F10: 0 | G10: 0 | K10: =25*32.24 -> 806
A11: WSWT2025800 | B11: 25826 | C11: 19950 | D11: 19000 | E11: 17783.81 | F11: 17783.81 | G11: 0 | L11: =76*2500 -> 190000
A12: WSWT2025800SM | B12: 117755 | C12: 34650 | D12: 49690 | E12: 36447.73 | F12: 36447.73 | G12: 0
A13: WSWT2025850 | B13: 244800 | C13: 118125 | D13: 172108 | E13: 125345.83 | F13: 125345.83 | G13: 0
A14: WSWT2121670SM | B14: 76000 | C14: 31500 | D14: 35263 | E14: 37649.15 | F14: 37649.15 | G14: 0
A15: WSWT2125650 | B15: 20000 | C15: 21000 | D15: 20000 | E15: 19837.4 | F15: 19837.4 | G15: 0
A16: WSWT2321750 | B16: 14000 | C16: 0 | D16: 5000 | E16: 5797.55 | F16: 2015 | G16: 3782.55
A17: WSWT2325650 | B17: 5000 | C17: 5250 | D17: 5000 | E17: 5518.15 | F17: 5518.15 | G17: 0
A18: WSWT24211125120 | B18: 10000 | C18: 0 | D18: 0 | E18: 0 | F18: 0 | G18: 0
A19: WSWT262575051 | B19: 5000 | C19: 0 | D19: 0 | E19: 0 | F19: 0 | G19: 0
A20: WSWT2625800 | B20: 10000 | C20: 10500 | D20: 10000 | E20: 11595.1 | F20: 9850 | G20: 1745.1
A21: WSWT2625850SM | B21: 30000 | C21: 0 | D21: 8400 | E21: 10443.972 | F21: 10443.972 | G21: 0
A22: WSWT2825850 | B22: 5000 | C22: 0 | D22: 5000 | E22: 5657.85 | F22: 5657.85 | G22: 0
A23: ผลรวมทั้งหมด | B23: 893381 | C23: 424725 | D23: 561830 | E23: 437080.79 | F23: 412833.34 | G23: 24247.45
A37: ยอดส่ง 1/1/68 - 17/1/68 | B37: 1287052
A38: Order+ส่ง | B38: =++B22+B37 -> 1292052
A39: ประมาณการ | I39: 0
A41: Order+ส่ง+ประมาณการ | B41: =+B22+B37+B39+B29 -> 1292052 | C41: =+C22+C37+C39+C29 -> 0 | D41: =+D22+D37+D39+D29 -> 5000 | E41: =+E22+E37+E39+E29 -> 5657.85 | F41: =+F22+F37+F39+F29 -> 5657.85 | G41: =+G22+G37+G39+G29 -> 0
B43: 3000000 | I43: 9
B45: =+B41-B43 -> -1707948
D46: =+D22/I43 -> 555.55556
C47: =+C41/I43 -> 0 | D47: =+D41/I43 -> 555.55556 | G47: =+G41/I43 -> 0

Sheet 10(Order) แยกลูกค้า
A1: เลขที่ SO | B1: (หลายรายการ)
A2: วันส่ง | B2: (หลายรายการ)
A4: ประเภท | B4: ชื่อลูกค้า | C4: ผลรวม ของ จำนวนส่ง | D4: ผลรวม ของ ค้างพิมพ์ | E4: ผลรวม ของ ค้างตัด | F4: ผลรวม ของ Stock | G4: ผลรวม ของ ค้างทอ | I4: vn
A5: WSWT1825800 | B5: หจก.อนนท์อุตสาหกรรม | C5: 105000 | D5: 105000 | E5: 100000 | F5: 82423 | G5: 0 | H5: =G5 -> 0
A6: WSWT1825800 ผลรวม | C6: 105000 | D6: 105000 | E6: 100000 | F6: 82423 | G6: 0 | H6: =G6 -> 0
A7: WSWT1921720 | B7: บจก.เคอรี่ฟลาวมิลล์ | C7: 40000 | D7: 0 | E7: 0 | F7: 0 | G7: 0 | H7: =G7 -> 0
A8: WSWT1921720 ผลรวม | C8: 40000 | D8: 0 | E8: 0 | F8: 0 | G8: 0
A9: WSWT1925800 | B9: บจก.เพรซิเดนท์ฟลาวมิลล์ | C9: 20000 | D9: 0 | E9: 17369 | F9: 0 | G9: 0 | H9: =G9 -> 0
A10: WSWT1925800 ผลรวม | C10: 20000 | D10: 0 | E10: 17369 | F10: 0 | G10: 0 | H10: =G10 -> 0
A11: WSWT2025800 | B11: บจก.อินเทคค์ โกลบอล | C11: 6826 | D11: 0 | E11: 0 | F11: 0 | G11: 0
B12: โรงสีข้าวธัญญาวัฒน์ | C12: 4000 | D12: 4200 | E12: 4000 | F12: 3743.96 | G12: 0 | H12: =G12 -> 0
A13: WSWT2025800 ผลรวม | C13: 10826 | D13: 4200 | E13: 4000 | F13: 3743.96 | G13: 0 | H13: =G13 -> 0
A14: WSWT2025800SM | B14: บจก.เอพีเอ็ม อะโกร | C14: 20000 | D14: 12600 | E14: 12000 | F14: 13411.2 | G14: 0 | H14: =G14 -> 0
B15: บจก.เอสพีเอ็ม อาหารสัตว์ | C15: 27500 | D15: 0 | E15: 1022 | F15: 0 | G15: 0
B16: บจก.ซันฟีด | C16: 64255 | D16: 15750 | E16: 30668 | F16: 16414.75 | G16: 0 | H16: =G16 -> 0
A17: WSWT2025800SM ผลรวม | C17: 111755 | D17: 28350 | E17: 43690 | F17: 29825.95 | G17: 0
A18: WSWT2025850 | B18: บจก.ซันฟีด | C18: 244800 | D18: 118125 | E18: 172108 | F18: 125345.83 | G18: 0 | H18: =G18 -> 0
A19: WSWT2025850 ผลรวม | C19: 244800 | D19: 118125 | E19: 172108 | F19: 125345.83 | G19: 0 | H19: =G19 -> 0
A20: WSWT2121670SM | B20: บจก.แอมโก้เวท | C20: 35000 | D20: 31500 | E20: 35000 | F20: 37649.15 | G20: 0 | H20: =G20 -> 0
B21: คุณนพวินทร์ รัตนเศรษฐ์เมธา | C21: 5000 | D21: 0 | E21: 263 | F21: 0 | G21: 0 | H21: =G21 -> 0
A22: WSWT2121670SM ผลรวม | C22: 40000 | D22: 31500 | E22: 35263 | F22: 37649.15 | G22: 0
A23: WSWT2125650 | B23: บจก.ไลม์มาสเตอร์ | C23: 20000 | D23: 21000 | E23: 20000 | F23: 19837.4 | G23: 0 | H23: =G23 -> 0
A24: WSWT2125650 ผลรวม | C24: 20000 | D24: 21000 | E24: 20000 | F24: 19837.4 | G24: 0
A25: WSWT2321750 | B25: บจก.แอมโก้เวท | C25: 5000 | D25: 0 | E25: 5000 | F25: 2015 | G25: 3782.55 | H25: =G25 -> 3782.55
A26: WSWT2321750 ผลรวม | C26: 5000 | D26: 0 | E26: 5000 | F26: 2015 | G26: 3782.55
A27: WSWT2325650 | B27: บจก.ซิเบลโก้(บางเลน) | C27: 5000 | D27: 5250 | E27: 5000 | F27: 5518.15 | G27: 0 | H27: =G27 -> 0
A28: WSWT2325650 ผลรวม | C28: 5000 | D28: 5250 | E28: 5000 | F28: 5518.15 | G28: 0 | H28: =G28 -> 0
A29: WSWT24211125120 | B29: หจก.อนนท์อุตสาหกรรม | C29: 10000 | D29: 0 | E29: 0 | F29: 0 | G29: 0 | H29: =G29 -> 0
A30: WSWT24211125120 ผลรวม | C30: 10000 | D30: 0 | E30: 0 | F30: 0 | G30: 0
A31: WSWT2625850SM | B31: บจก.ที.ซี.ยูเนี่ยน อโกรเทค | C31: 30000 | D31: 0 | E31: 8400 | F31: 10443.972 | G31: 0 | H31: =G31 -> 0
A32: WSWT2625850SM ผลรวม | C32: 30000 | D32: 0 | E32: 8400 | F32: 10443.972 | G32: 0 | H32: =G32 -> 0
A33: WSWT2825850 | B33: บจก.ไซแอนท์ | C33: 5000 | D33: 0 | E33: 5000 | F33: 5657.85 | G33: 0 | H33: =G33 -> 0
A34: WSWT2825850 ผลรวม | C34: 5000 | D34: 0 | E34: 5000 | F34: 5657.85 | G34: 0 | H34: =G34 -> 0
A35: ผลรวมทั้งหมด | C35: 647381 | D35: 313425 | E35: 415830 | F35: 322460.26 | G35: 3782.55 | H35: =G35 -> 3782.55
H36: =G36 -> 0
H37: =G37 -> 0
H38: =G38 -> 0
H39: =G39 -> 0
H41: =G41 -> 0
H42: =G42 -> 0
H44: =G44 -> 0
H45: =G45 -> 0
H46: =G46 -> 0
H47: =G47 -> 0
H48: =G48 -> 0
H50: =G50 -> 0
... H68: =G68 -> 0
H70: =SUM(H5:H69) -> 7565.1
D119: Cap พิมพ์ | E119: Cap ตัด | F119: Stock 16/7 บ่าย | G119: Cap ทอ | I119: วันทงาน
B120: lส่ง | C120: 1-16/7 | D120: 160000 | E120: 160000 | G120: 120000 | I120: 12
C121: 1975256 | D121: =+D120*I120 -> 1920000 | E121: =+E120*I120 -> 1920000 | F121: 825147 | G121: =+G120*I120 -> 1440000
A122: เบทาโกรส่งแล้ว | B122: 20700 | C122: 424374
A123: เบทาโกรส่งแล้ว | B123: 20800 | C123: 155973
C126: รวมส่ง+ค้างส่ง | D126: ส่วนต่างCapคงเหลือ | E126: ส่วนต่างCapคงเหลือ | F126: คงเหลือ
C127: =+C50+C121 -> 1975256 | D127: =+D121-D50 -> 1920000 | E127: =+E121-E50 -> 1920000 | F127: =+F121-F50 -> 825147 | G127: =+G121-G50 -> 1440000
B129: 20700VN 20/7 | G129: 350000

Sheet 10(Fc) แยกลูกค้
A1: เลขที่ SO | B1: ประมาณการ
A2: วันส่ง | B2: (หลายรายการ) | D2: 12
A4: ประเภท | B4: ชื่อลูกค้า | C4: ผลรวม ของ จำนวนส่ง | D4: ผลรวม ของ ค้างพิมพ์ | E4: ผลรวม ของ ค้างตัด | F4: ผลรวม ของ ใช้ | G4: ผลรวม ของ Stock | H4: ผลรวม ของ ค้างทอ
A5: WSWT1921720 | B5: บจก.เคอรี่ฟลาวมิลล์ | C5: 225000 | D5: 236250 | E5: 225000 | F5: 210597.75 | G5: 0 | H5: 210597.75
A6: WSWT1921720 ผลรวม | C6: 225000 | D6: 236250 | E6: 225000 | F6: 210597.75 | G6: 0 | H6: 210597.75
A7: WSWT1925800 | B7: บจก.เพรซิเดนท์ฟลาวมิลล์ | C7: 140000 | D7: 144308.85 | E7: 137437 | F7: 120959.68 | G7: 0 | H7: 120959.68
B8: บจก.ไลม์มาสเตอร์ | C8: 20000 | D8: 20755.35 | E8: 19767 | F8: 18501.714 | G8: 2540 | H8: 15961.714
B9: บจก.เอ็กเซลเล้นท์ | C9: 40000 | D9: 42000 | E9: 40000 | F9: 35204.4 | G9: 0 | H9: 35204.4
A10: WSWT1925800 ผลรวม | C10: 200000 | D10: 207064.2 | E10: 197204 | F10: 174665.79 | G10: 2540 | H10: 172125.79
A11: WSWT2025800 | B11: บจก.อินเทคค์ โกลบอล | C11: 290000 | D11: 304500 | E11: 290000 | F11: 303847.5 | G11: 7783 | H11: 296064.5
A12: WSWT2025800 ผลรวม | C12: 290000 | D12: 304500 | E12: 290000 | F12: 303847.5 | G12: 7783 | H12: 296064.5
A13: WSWT2025800SM | B13: บจก.ไทยธรรมดี | C13: 20000 | D13: 21000 | E13: 20000 | F13: 21513.8 | G13: 0 | H13: 21513.8
B14: บจก.อินเทคค์ โกลบอล | C14: 100000 | D14: 105000 | E14: 100000 | F14: 104775 | G14: 0 | H14: 104775
B15: บจก.เอสพีเอ็ม อาหารสัตว์ | C15: 20000 | D15: 21000 | E15: 20000 | F15: 22072.6 | G15: 0 | H15: 22072.6
B16: บจก.ซันฟีด | C16: 305000 | D16: 320250 | E16: 305000 | F16: 336607.15 | G16: 0 | H16: 336607.15
A17: WSWT2025800SM ผลรวม | C17: 445000 | D17: 467250 | E17: 445000 | F17: 484968.55 | G17: 0 | H17: 484968.55
A18: WSWT2325650 | B18: พันธุ์ข้าว | C18: 30000 | D18: 31500 | E18: 30000 | F18: 29756.1 | G18: 29756.1 | H18: 0
A19: WSWT2325650 ผลรวม | C19: 30000 | D19: 31500 | E19: 30000 | F19: 29756.1 | G19: 29756.1 | H19: 0
A20: WSWT2825850 | B20: บจก.ที.ซี.ยูเนี่ยน อโกรเทค | C20: 5000 | D20: 0 | E20: 5000 | F20: 6775.45 | G20: 6775.45 | H20: 0
B21: บจก.ไทยร่วมใจน้ำมันพืช | C21: 50000 | D21: 52500 | E21: 50000 | F21: 59372.5 | G21: 51695 | H21: 7677.5
A22: WSWT2825850 ผลรวม | C22: 55000 | D22: 52500 | E22: 55000 | F22: 66147.95 | G22: 58470.45 | H22: 7677.5
A23: ผลรวมทั้งหมด | C23: 1245000 | D23: 1299064.2 | E23: 1242204 | F23: 1269983.6 | G23: 98549.55 | H23: 1171434.1
I119: วันทงาน
I120: 12
C121: 1975256 | D121: =+D120*I120 -> 0 | E121: =+E120*I120 -> 0 | F121: 825147 | G121: =+G120*I120 -> 0
A122: เบทาโกรส่งแล้ว | B122: 20700 | C122: 424374
A123: เบทาโกรส่งแล้ว | B123: 20800 | C123: 155973
C126: รวมส่ง+ค้างส่ง | D126: ส่วนต่างCapคงเหลือ | E126: ส่วนต่างCapคงเหลือ | F126: คงเหลือ
C127: =+C50+C121 -> 1975256 | D127: =+D121-D50 -> 0 | E127: =+E121-E50 -> 0 | F127: =+F121-F50 -> 825147 | G127: =+G121-G50 -> 0
B129: 20700VN 20/7 | G129: 350000

Sheet ค้างตัด15-10-68
A2: งาน รอตัด หน้างาน | B2: 76204
A3: ผลรวม ของ ค้างตัด
A4: ป้ายชื่อแถว | B4: 45947 | C4: 45948 | D4: 45950 | E4: 45951 | F4: 45952 | G4: 45953 | H4: 45954 | I4: 45955 | J4: 45957 | K4: 45958 | L4: 45959 | M4: 45960 | N4: 45961 | O4: ผลรวมทั้งหมด
A5: 917 | F5: 2500 | N5: 2500 | O5: =SUM(B5:N5) -> 5000
A6: 931 | D6: 5000 | L6: 5000 | O6: =SUM(B6:N6) -> 10000
A7: 932 | H7: 0 | K7: 0 | M7: 5000 | O7: =SUM(B7:N7) -> 5000
A8: 935 | B8: 0 | E8: 0 | H8: 0 | J8: 5000 | M8: 10000 | O8: =SUM(B8:N8) -> 15000
A9: 952 | B9: 2255 | H9: 5000 | N9: 5000 | O9: =SUM(B9:N9) -> 12255
A10: 953 | E10: 0 | O10: =SUM(B10:N10) -> 0
A11: 956 | E11: 1129 | O11: =SUM(B11:N11) -> 1129
A12: 959 | H12: 5000 | O12: =SUM(B12:N12) -> 5000
A13: 997 | H13: 5000 | O13: =SUM(B13:N13) -> 5000
A14: 007 | B14: 0 | H14: 0 | N14: 1371 | O14: =SUM(B14:N14) -> 1371
A15: 915 พี | B15: 0 | E15: 7500 | H15: 7500 | K15: 5000 | N15: 7500 | O15: =SUM(B15:N15) -> 27500
A16: 915 เอ็ม | B16: 0 | D16: 5000 | H16: 5000 | N16: 10000 | O16: =SUM(B16:N16) -> 20000
A17: 935 เอ | B17: 0 | E17: 0 | H17: 5000 | J17: 10000 | L17: 10000 | N17: 5000 | O17: =SUM(B17:N17) -> 30000
A18: 935 แอล | E18: 7300 | M18: 5000 | O18: =SUM(B18:N18) -> 12300
A19: 952 เอส | D19: 2641 | L19: 2500 | O19: =SUM(B19:N19) -> 5141
A20: 953 เอส | B20: 0 | N20: 0 | O20: =SUM(B20:N20) -> 0
A21: APM915 | B21: 3000 | O21: =SUM(B21:N21) -> 3000
A22: BOBBI Cat รสMellow | O22: =SUM(B22:N22) -> 0
A23: BOBBI Cat รสSalman | O23: =SUM(B23:N23) -> 0
A24: BOBBI Dog รส Lamb&Rice | O24: =SUM(B24:N24) -> 0
A25: FW-Y | F25: 5000 | H25: 5000 | O25: =SUM(B25:N25) -> 10000
A26: HERO 111 | O26: =SUM(B26:N26) -> 0
A27: LMC 20KG | H27: 20000 | O27: =SUM(B27:N27) -> 20000
A28: PBKF2-01-03 | K28: 5000 | O28: =SUM(B28:N28) -> 5000
A29: SILICA | F29: 5000 | O29: =SUM(B29:N29) -> 5000
A30: Soybean Meal | H30: 10000 | O30: =SUM(B30:N30) -> 10000
A31: SPM 915 | G31: 3000 | O31: =SUM(B31:N31) -> 3000
A32: SW 441 PLUS | O32: =SUM(B32:N32) -> 0
A33: กุ้งแดง | F33: 10000 | O33: =SUM(B33:N33) -> 10000
A34: ไก่ไข่ | L34: 5000 | O34: =SUM(B34:N34) -> 5000
A35: ไก่เนื้อ สระบุรี1 | H35: 2500 | L35: 2500 | O35: =SUM(B35:N35) -> 5000
A36: ไก่เนื้อ สระบุรี2 | E36: 2500 | L36: 2500 | O36: =SUM(B36:N36) -> 5000
A37: ขุนศึกเบอร์ 1 | H37: 0 | M37: 10000 | O37: =SUM(B37:N37) -> 10000
A38: ขุนศึกเบอร์ 2 | E38: 0 | K38: 0 | M38: 0 | O38: =SUM(B38:N38) -> 0
A39: ช้างจีนข้าวหอมชั้นดี(น้ำเงิน) (ถุงในเจาะรู) | E39: 4000 | O39: =SUM(B39:N39) -> 4000
A40: ชามแดง 25กก | H40: 5000 | O40: =SUM(B40:N40) -> 5000
A41: ดอกไม้เขียว | E41: 10000 | O41: =SUM(B41:N41) -> 10000
A42: ดาว 20 กก. | D42: 25000 | I42: 25000 | K42: 25000 | N42: 25000 | O42: =SUM(B42:N42) -> 100000
A43: แดนโกรว เจลาโต้ | D43: 10000 | O43: =SUM(B43:N43) -> 10000
A44: แดนโกรว50(เหลือง) | O44: =SUM(B44:N44) -> 0
A45: แต้มฟ้า | H45: 5000 | O45: =SUM(B45:N45) -> 5000
A46: ถุงเขียว | E46: 0 | H46: 5000 | K46: 10000 | O46: =SUM(B46:N46) -> 15000
A47: ถุงทองแซนวิช | H47: 5000 | O47: =SUM(B47:N47) -> 5000
A48: แถบเขียว | B48: 5000 | N48: 5000 | O48: =SUM(B48:N48) -> 10000
A49: แถบส้ม | H49: 5000 | O49: =SUM(B49:N49) -> 5000
A50: นาโน 03 | E50: 0 | O50: =SUM(B50:N50) -> 0
A51: นาโน 04 | E51: 3000 | O51: =SUM(B51:N51) -> 3000
A52: นีโอ 05 | E52: 0 | O52: =SUM(B52:N52) -> 0
A53: บลูทีมเหลือง | F53: 5000 | O53: =SUM(B53:N53) -> 5000
A54: บะหมี่เตี๊ยว | F54: 10000 | K54: 5000 | O54: =SUM(B54:N54) -> 15000
A55: โบว์แดง | F55: 5000 | O55: =SUM(B55:N55) -> 5000
A56: โบว์แดง 10กก | F56: 5000 | O56: =SUM(B56:N56) -> 5000
A57: ปลาโลมาแดง | F57: 0 | H57: 0 | O57: =SUM(B57:N57) -> 0
A58: ปลาโลมาเทา | E58: 5000 | O58: =SUM(B58:N58) -> 5000
A59: แปดแต้มแดง | K59: 5000 | O59: =SUM(B59:N59) -> 5000
A60: แปดแต้มแดง 25กก | H60: 10000 | O60: =SUM(B60:N60) -> 10000
A61: ผึ้งชมพู | F61: 17369 | O61: =SUM(B61:N61) -> 17369
A62: เพอเฟคค์ 664 | F62: 0 | O62: =SUM(B62:N62) -> 0
A63: ฟีล กู๊ด 8033 | B63: 0 | O63: =SUM(B63:N63) -> 0
A64: ฟีล กู๊ด พี7 | J64: 3000 | O64: =SUM(B64:N64) -> 3000
A65: ฟีล-กู๊ด พี6 | B65: 0 | O65: =SUM(B65:N65) -> 0
A66: มังกรแดง STCB | O66: =SUM(B66:N66) -> 0
A67: มาซูฟีด ซี0434 | E67: 0 | O67: =SUM(B67:N67) -> 0
A68: ไม่พิมพ์ | B68: 5000 | C68: 0 | D68: 10000 | E68: 0 | L68: 10000 | M68: 8400 | O68: =SUM(B68:N68) -> 33400
A69: ยู-ฟีด บี1 | N69: 3000 | O69: =SUM(B69:N69) -> 3000
A70: ลุงนัย ฟาร์ม 103พลัส | O70: =SUM(B70:N70) -> 0
A71: วี-ฟีด วี 06 | N71: 3000 | O71: =SUM(B71:N71) -> 3000
A72: วีโว่ 100 | D72: 10000 | O72: =SUM(B72:N72) -> 10000
A73: วีโว่ 200 | D73: 5000 | O73: =SUM(B73:N73) -> 5000
A74: วีโว่ 300 | D74: 5000 | O74: =SUM(B74:N74) -> 5000
A75: อนนท์ 20 กก. | D75: 0 | O75: =SUM(B75:N75) -> 0
A76: อนนท์ 50กก. | C76: 0 | O76: =SUM(B76:N76) -> 0
A77: เอส ฟาร์ม115 | K77: 0 | O77: =SUM(B77:N77) -> 0
A78: ไอฟีดไก่ไข่เบอร์ 5 เอ็ม | F78: 2500 | L78: 7500 | O78: =SUM(B78:N78) -> 10000
A79: ไอฟีดเป็ดไข่เบอร์ 5 เอ | N79: 0 | O79: =SUM(B79:N79) -> 0
A80: ผลรวมทั้งหมด | B80: =SUM(B5:B79) -> 15255 | C80: =SUM(C5:C79) -> 0 | D80: =SUM(D5:D79) -> 77641 | E80: =SUM(E5:E79) -> 40429 | F80: =SUM(F5:F79) -> 67369 | G80: =SUM(G5:G79) -> 3000 | H80: =SUM(H5:H79) -> 105000 | I80: =SUM(I5:I79) -> 25000 | ... O80: =SUM(O5:O79) -> 557465

Sheet 15-10-68
B2: เรียงกำหนดส่ง | D2: ลบ 0 | T2: เรียง 1
B3: ข้อมูลUpdate ณ. วันที่ | D3: 45945 | E3: เวลา | G3: 10.45
A4: วันรับออร์เดอร์/แบบ | B4: เลขที่ SO | C4: ชื่อลูกค้า | E4: 10.3 | I4: น้ำหนัก | L4: บิด/จับจีบ | M4: ถุงใน | Q4: 44873 | S4: วิธีบรรจุ | T4: วันส่ง | U4: จำนวนส่ง | V4: ตัดเย็บ (ใบ) | W4: 44873 | X4: พิมพ์ (ใบ) | Y4: 44876 | Z4: ผ้าทอ (เมตร) Updateณ | AB4: 44876 | AD4: ผ้าเคลือบ(เมตร) | AF4: หมายเหตุ | AG4: เครื่อง
A5: วันรับออร์เดอร์/แบบ | B5: เลขที่ SO | C5: ชื่อลูกค้า | D5: ตรา | E5: กว้าง | F5: ยาว | G5: สี | H5: เคลือบ | I5: กรัม/ใบ | J5: * | K5: aw | L5: บิด/จับจีบ | M5: กว้าง | N5: ยาว | O5: หนา | P5: ใช้(กก.) | Q5: Stock(กก.) | R5: ผลิต(กก.) | S5: วิธีบรรจุ | T5: วันส่ง | U5: จำนวนส่ง | V5: StockFG | W5: ค้างตัด | X5: พิมพ์แล้ว | Y5: ค้างพิมพ์ | Z5: ประเภท | AA5: ใช้ | AB5: Stock | AC5: ค้างทอ | AD5: Stock | AE5: ค้างเคลือบ | AF5: หมายเหตุ | AG5: ที่พิมพ์ได้ | AH5: process | AI5: Lead time | AJ5: วันที่ส่งPL | AK5: เคลือบ | AL5: ได้ ART | AM5: พิมพ์ | AN5: จีบ-บิด | AO5: ตัด-เย็บ | AP5: ทอ | AQ5: สวมถุง | AR5: เย็บปาก | AS5: PT | AT5: ม้วน | AU5: ตัด | AV5: ตอกตาไก่ | AW5: GROUP | AX5: ART | AY5: หมายเหตุปัญหา | AZ5: ราคา/ใบ | BA5: ราคารวม | BB5: workweek | BC5: เส้นเทป | BD5: จำนวน
A6: 45941 | B6: MK68-001228 | C6: บจก.เคอรี่ฟลาวมิลล์ | D6: โบว์แดง 10กก | E6: 16 | F6: 25 | G6: ขาว | H6: 0 | I6: 45 | J6: ± | K6: 5 | L6: ไม่ | M6: ไม่สวมถุงใน | N6: 0 | O6: 0 | P6: 0 | Q6: 0 | R6: 0 | S6: ห่ออัดเบลแบน500 | T6: 45952 | U6: 5000 | V6: 0 | W6: 5000 | X6: 0 | Y6: 5250 | Z6: WSWT1625800 | AA6: 3702.05 | AB6: 3702.05 | AC6: 0 | AD6: 0 | AE6: 0 | AF6: 0 | AG6: พร้อมส่ง | AH6: P7 | AI6: 2 | AJ6: 45952 | AK6: 0 | AL6: 45943 | AM6: 45950 | AN6: 45951 | AO6: 45951 | AP6: 45947 | AQ6: 0 | AR6: 0 | AS6: 0 | AT6: 0 | AU6: 0 | AV6: 0 | AW6: งานพิมพ์ | AX6: รอART | AY6: 0 | AZ6: 0 | BA6: 0 | BB6: 0 | BC6: WRWT25800/WRWT25800 | BD6: 0
A7: 0 | B7: 0 | C7: 0 | D7: 0 | E7: 16 | F7: 25 | G7: ขาว | H7: 0 | I7: 45 | J7: ± | K7: 5 | L7: 0 | M7: 0 | N7: 0 | O7: 0 | P7: 0 | Q7: 0 | R7: 0 | S7: 0 | U7: 0 | V7: 0 | W7: 0 | X7: 0 | Y7: 0 | Z7: WSWT1625800 | AA7: 3702.05 | AB7: 3702.05 | AC7: 0 | AD7: 0 | AE7: 0 | AF7: ระบุในSD | AG7: พร้อมส่ง | AH7: 0 | AI7: Lead time | AJ7: 0 | AK7: 0 | AL7: 0 | AM7: 0 | AN7: 0 | AO7: 0 | AP7: 0 | AQ7: 0 | AR7: 0 | AS7: 0 | AT7: 0 | AU7: 0 | AV7: 0 | AW7: 0 | AX7: 0 | AY7: 0 | AZ7: 0 | BA7: 0 | BB7: 0 | BC7: WRWT160800/WRWT25800 | BD7: 0
A8: 45938 | B8: MK68-001221 | C8: บจก.เอสทีเคมีธุรกืจ | D8: มังกรแดง STCB | E8: 18 | F8: 30 | G8: ขาว | H8: 0 | I8: 54 | J8: ± | K8: 5 | L8: ไม่ | M8: 19 | N8: 31 | O8: 40 | P8: 0 | Q8: 0 | R8: 0 | S8: 500กระสอบ | T8: 45946 | U8: 10000 | V8: 10000 | W8: 0 | X8: 10100 | Y8: 0 | Z8: WSWT1825800 | AA8: 0 | AB8: 0 | AC8: 0 | AD8: 0 | AE8: 0 | AF8: ห้ามเกิน | AG8: ยังไม่ได้พิมพ์ | AH8: P9 | AI8: 3 | AJ8: 45946 | AK8: 0 | AL8: 45936 | AM8: 45943 | AN8: 45944 | AO8: 45944 | AP8: 45941 | AQ8: 45945 | AR8: 0 | AS8: 0 | AT8: 0 | AU8: 0 | AV8: 0 | AW8: งานพิมพ์ | AX8: รอART | AY8: 0 | AZ8: 0 | BA8: 0 | BB8: 0 | BC8: WRWT25800/WRWT25800 | BD8: 0
A9: 45923 | B9: MK68-001161 | C9: หจก.อนนท์อุตสาหกรรม | D9: อนนท์ 20 กก. | E9: 18 | F9: 28 | G9: ขาว | H9: 0 | I9: 50 | J9: ± | K9: 5 | L9: ไม่ | M9: 19 | N9: 31 | O9: 40 | P9: 0 | Q9: 0 | R9: 0 | S9: 500กระสอบแบน | T9: 45950 | U9: 5000 | V9: 5000 | W9: 0 | X9: 5400 | Y9: 0 | Z9: WSWT1825800 | AA9: 0 | AB9: 0 | AC9: 0 | AD9: 0 | AE9: 0 | AF9: 0 | AG9: ยังไม่ได้พิมพ์ | AH9: P9 | AI9: 3 | AJ9: 45950 | AK9: 0 | AL9: 45940 | AM9: 45947 | AN9: 45948 | AO9: 45948 | AP9: 45945 | AQ9: 45949 | AR9: 0 | AS9: 0 | AT9: 0 | AU9: 0 | AV9: 0 | AW9: งานพิมพ์ | AX9: / | AY9: 0 | AZ9: 0 | BA9: 0 | BB9: 0 | BC9: WRWT25800/WRWT25800 | BD9: 0
A10: 45923 | B10: MK68-001162 | C10: หจก.อนนท์อุตสาหกรรม | D10: ดาว 20 กก. | E10: 18 | F10: 28 | G10: ขาว | H10: 0 | I10: 50 | J10: ± | K10: 5 | L10: ไม่ | M10: 19 | N10: 31 | O10: 40 | P10: 363.27927 | Q10: 0 | R10: 363.27927 | S10: 500กระสอบแบน | T10: 45950 | U10: 25000 | V10: 0 | W10: 25000 | X10: 0 | Y10: 26250 | Z10: WSWT1825800 | AA10: 20605.75 | AB10: 20605.75 | AC10: 0 | AD10: 0 | AE10: 0 | AF10: 0 | AG10: ยังไม่ได้พิมพ์ | AH10: P9 | AI10: 3 | AJ10: 45950 | AK10: 0 | AL10: 45940 | AM10: 45947 | AN10: 45948 | AO10: 45948 | AP10: 45945 | AQ10: 45949 | AR10: 0 | AS10: 0 | AT10: 0 | AU10: 0 | AV10: 0 | AW10: งานพิมพ์ | AX10: / | AY10: 0 | AZ10: 0 | BA10: 0 | BB10: 0 | BC10: WRWT25800/WRWT25800 | BD10: 0
A11: 45923 | B11: MK68-001162 | C11: หจก.อนนท์อุตสาหกรรม | D11: ดาว 20 กก. | E11: 18 | F11: 28 | G11: ขาว | H11: 0 | I11: 50 | J11: ± | K11: 5 | L11: ไม่ | M11: 19 | N11: 31 | O11: 40 | P11: 363.27927 | Q11: 0 | R11: 363.27927 | S11: 500กระสอบแบน | T11: 45955 | U11: 25000 | V11: 0 | W11: 25000 | X11: 0 | Y11: 26250 | Z11: WSWT1825800 | AA11: 20605.75 | AB11: 20605.75 | AC11: 0 | AD11: 0 | AE11: 0 | AF11: 0 | AG11: พร้อมส่ง | AH11: P9 | AI11: 3 | AJ11: 45955 | AK11: 0 | AL11: 45945 | AM11: 45952 | AN11: 45953 | AO11: 45953 | AP11: 45950 | AQ11: 45954 | AR11: 0 | AS11: 0 | AT11: 0 | AU11: 0 | AV11: 0 | AW11: งานพิมพ์ | AX11: / | AY11: 0 | AZ11: 0 | BA11: 0 | BB11: 0 | BC11: WRWT25800/WRWT25800 | BD11: 0
A12: 45923 | B12: MK68-001162 | C12: หจก.อนนท์อุตสาหกรรม | D12: ดาว 20 กก. | E12: 18 | F12: 28 | G12: ขาว | H12: 0 | I12: 50 | J12: ± | K12: 5 | L12: ไม่ | M12: 19 | N12: 31 | O12: 40 | P12: 363.27927 | Q12: 0 | R12: 363.27927 | S12: 500กระสอบแบน | T12: 45958 | U12: 25000 | V12: 0 | W12: 25000 | X12: 0 | Y12: 26250 | Z12: WSWT1825800 | AA12: 20605.75 | AB12: 20605.75 | AC12: 0 | AD12: 0 | AE12: 0 | AF12: 0 | AG12: พร้อมส่ง | AH12: P9 | AI12: 3 | AJ12: 45958 | AK12: 0 | AL12: 45948 | AM12: 45955 | AN12: 45956 | AO12: 45956 | AP12: 45953 | AQ12: 45957 | AR12: 0 | AS12: 0 | AT12: 0 | AU12: 0 | AV12: 0 | AW12: งานพิมพ์ | AX12: / | AY12: 0 | AZ12: 0 | BA12: 0 | BB12: 0 | BC12: WRWT25800/WRWT25800 | BD12: 0
A13: 45923 | B13: MK68-001162 | C13: หจก.อนนท์อุตสาหกรรม | D13: ดาว 20 กก. | E13: 18 | F13: 28 | G13: ขาว | H13: 0 | I13: 50 | J13: ± | K13: 5 | L13: ไม่ | M13: 19 | N13: 31 | O13: 40 | P13: 363.27927 | Q13: 0 | R13: 363.27927 | S13: 500กระสอบแบน | T13: 45961 | U13: 25000 | V13: 0 | W13: 25000 | X13: 0 | Y13: 26250 | Z13: WSWT1825800 | AA13: 20605.75 | AB13: 20605.75 | AC13: 0 | AD13: 0 | AE13: 0 | AF13: 0 | AG13: รอตัด | AH13: P9 | AI13: 3 | AJ13: 45961 | AK13: 0 | AL13: 45951 | AM13: 45958 | AN13: 45959 | AO13: 45959 | AP13: 45956 | AQ13: 45960 | AR13: 0 | AS13: 0 | AT13: 0 | AU13: 0 | AV13: 0 | AW13: งานพิมพ์ | AX13: / | AY13: 0 | AZ13: 0 | BA13: 0 | BB13: 0 | BC13: WRWT25800/WRWT25800 | BD13: 0
A14: 0 | B14: 0 | E14: 18 | F14: 30 | G14: ขาว | H14: 0 | I14: 54 | J14: ± | K14: 5 | L14: 0 | M14: 0 | N14: 0 | O14: 0 | P14: 0 | Q14: 0 | R14: 0 | S14: 0 | U14: 0 | V14: 0 | W14: 0 | X14: 0 | Y14: 0 | Z14: WSWT1825800 | AA14: 82423 | AB14: 82423 | AC14: 0 | AD14: 0 | AE14: 0 | AF14: ระบุในSD | AG14: ยังไม่ได้พิมพ์ | AH14: 0 | AI14: Lead time | AJ14: 0 | AK14: 0 | AL14: 0 | AM14: 0 | AN14: 0 | AO14: 0 | AP14: 0 | AQ14: 0 | AR14: 0 | AS14: 0 | AT14: 0 | AU14: 0 | AV14: 0 | AW14: 0 | AX14: 0 | AY14: 0 | AZ14: 0 | BA14: 0 | BB14: 0 | BC14: WRWT25800/WRWT25800 | BD14: 0
A15: 45920 | B15: MK68-001140 | C15: บจก.เพรซิเดนท์ฟลาวมิลล์ | D15: ผึ้งชมพู | E15: 19 | F15: 30 | G15: ขาว | H15: 0 | I15: 60 | J15: ± | K15: 5 | L15: บิด | M15: ไม่สวมถุงใน | N15: 0 | O15: 0 | P15: 0 | Q15: 0 | R15: 0 | S15: 500กระสอบแบน | T15: 45952 | U15: 20000 | V15: 2631 | W15: 17369 | X15: 21131 | Y15: 0 | Z15: WSWT1925800 | AA15: 0 | AB15: 0 | AC15: 0 | AD15: 0 | AE15: 0 | AF15: 0 | AG15: ยังไม่ได้พิมพ์ | AH15: P7 | AI15: 2 | AJ15: 45952 | AK15: 0 | AL15: 45943 | AM15: 45950 | AN15: 45951 | AO15: 45951 | AP15: 45947 | AQ15: 0 | AR15: 0 | AS15: 0 | AT15: 0 | AU15: 0 | AV15: 0 | AW15: งานพิมพ์ | AX15: / | AY15: 0 | AZ15: 0 | BA15: 0 | BB15: 0 | BC15: WRWT25800/WRWT25800 | BD15: 0
A16: ประมาณการ | B16: ประมาณการ | C16: บจก.ไลม์มาสเตอร์ | D16: LMC 25 kg | E16: 19 | F16: 32 | G16: ขาว | H16: 0 | I16: 64 | J16: ± | K16: 5 | L16: ไม่ | M16: 20 | N16: 35 | O16: 40 | P16: 341.36903 | Q16: 0 | R16: 341.36903 | S16: 500กระสอบแบน | T16: 45961 | U16: 20000 | V16: 233 | W16: 19767 | X16: 0 | Y16: 20755.35 | Z16: WSWT1925800 | AA16: 18501.714 | AB16: 2540 | AC16: 15961.714 | AD16: 0 | AE16: 0 | AF16: 0 | AG16: พร้อมส่ง | AH16: P9 | AI16: 3 | AJ16: 45961 | AK16: 0 | AL16: 45951 | AM16: 45958 | AN16: 45959 | AO16: 45959 | AP16: 45956 | AQ16: 45960 | AR16: 0 | AS16: 0 | AT16: 0 | AU16: 0 | AV16: 0 | AW16: งานพิมพ์ | AX16: รอART | AY16: 0 | AZ16: 0 | BA16: 0 | BB16: 0 | BC16: WRWT25800/WRWT25800 | BD16: 1159.1752
A17: ประมาณการ | B17: ประมาณการ | C17: บจก.เอ็กเซลเล้นท์ | D17: รอแบบ | E17: 19 | F17: 30 | G17: ขาว | H17: 0 | I17: 60 | J17: ± | K17: 5 | L17: บิด | M17: ไม่สวมถุงใน | N17: 0 | O17: 0 | P17: 0 | Q17: 0 | R17: 0 | S17: 500กระสอบ | T17: 45961 | U17: 40000 | V17: 0 | W17: 40000 | X17: 0 | Y17: 42000 | Z17: WSWT1925800 | AA17: 35204.4 | AB17: 0 | AC17: 35204.4 | AD17: 0 | AE17: 0 | AF17: 0 | AG17: ผ้าขาว | AH17: P7 | AI17: 2 | AJ17: 45961 | AK17: 0 | AL17: 45952 | AM17: 45959 | AN17: 45960 | AO17: 45960 | AP17: 45956 | AQ17: 0 | AR17: 0 | AS17: 0 | AT17: 0 | AU17: 0 | AV17: 0 | AW17: งานพิมพ์ | AX17: รอART | AY17: 0 | AZ17: 0 | BA17: 0 | BB17: 0 | BC17: WRWT25800/WRWT25800 | BD17: 2556.6218
A18: ประมาณการ | B18: ประมาณการ | C18: บจก.เพรซิเดนท์ฟลาวมิลล์ | D18: ผึ้งเหลือง | E18: 19 | F18: 30 | G18: ขาว | H18: 0 | I18: 60 | J18: ± | K18: 5 | L18: บิด | M18: ไม่สวมถุงใน | N18: 0 | O18: 0 | P18: 0 | Q18: 0 | R18: 0 | S18: 500กระสอบ | T18: 45961 | U18: 140000 | V18: 2563 | W18: 137437 | X18: 0 | Y18: 144308.85 | Z18: WSWT1925800 | AA18: 120959.68 | AB18: 0 | AC18: 120959.68 | AD18: 0 | AE18: 0 | AF18: 0 | AG18: ผ้าขาว | AH18: P7 | AI18: 2 | AJ18: 45961 | AK18: 0 | AL18: 45952 | AM18: 45959 | AN18: 45960 | AO18: 45960 | AP18: 45956 | AQ18: 0 | AR18: 0 | AS18: 0 | AT18: 0 | AU18: 0 | AV18: 0 | AW18: งานพิมพ์ | AX18: รอART | AY18: 0 | AZ18: 0 | BA18: 0 | BB18: 0 | BC18: WRWT25800/WRWT25800 | BD18: 8784.3606
A19: 0 | B19: 0 | C19: 0 | D19: 0 | E19: 19 | F19: 30 | G19: ขาว | H19: 0 | I19: 60 | J19: ± | K19: 5 | L19: 0 | M19: 0 | N19: 0 | O19: 0 | P19: 0 | Q19: 0 | R19: 0 | S19: 0 | U19: 0 | V19: 0 | W19: 0 | X19: 0 | Y19: 0 | Z19: WSWT1925800 | AA19: 174665.79 | AB19: 2540 | AC19: 172125.79 | AD19: 0 | AE19: 0 | AF19: ระบุในSD | AG19: รอตัด | AH19: 0 | AI19: Lead time | AJ19: 0 | AK19: 0 | AL19: 0 | AM19: 0 | AN19: 0 | AO19: 0 | AP19: 0 | AQ19: 0 | AR19: 0 | AS19: 0 | AT19: 0 | AU19: 0 | AV19: 0 | AW19: 0 | AX19: 0 | AY19: 0 | AZ19: 0 | BA19: 0 | BB19: 0 | BC19: WRWT25800/WRWT25800 | BD19: 0
A20: 45919 | B20: MK68-001142 | C20: บจก.เคอรี่ฟลาวมิลล์ | D20: ไม่พิมพ์ | E20: 19 | F20: 32 | G20: ขาว | H20: 0 | I20: 67 | J20: + | K20: 5 | L20: ไม่ | M20: ไม่สวมถุงใน | N20: 0 | O20: 0 | P20: 0 | Q20: 0 | R20: 0 | S20: ห่ออัดเบลแบน501 | T20: 45947 | U20: 20000 | V20: 21000 | W20: 0 | X20: 0 | Y20: 0 | Z20: WSWT1921720 | AA20: 0 | AB20: 0 | AC20: 0 | AD20: 0 | AE20: 0 | AF20: PDR250322 | AG20: พร้อมส่ง | AH20: P3 | AI20: 1 | AJ20: 45947 | AK20: 0 | AL20: 0 | AM20: 0 | AN20: 0 | AO20: 45946 | AP20: 45942 | AQ20: 0 | AR20: 0 | AS20: 0 | AT20: 0 | AU20: 0 | AV20: 0 | AW20: ตัด | AX20: 0 | AY20: 0 | AZ20: 0 | BA20: 0 | BB20: 0 | BC20: WRWT21720/WRWT25800 | BD20: 0
A21: 45919 | B21: MK68-001143 | C21: บจก.เคอรี่ฟลาวมิลล์ | D21: ไม่พิมพ์ | E21: 19 | F21: 32 | G21: ขาว | H21: 0 | I21: 67 | J21: + | K21: 5 | L21: ไม่ | M21: ไม่สวมถุงใน | N21: 0 | O21: 0 | P21: 0 | Q21: 0 | R21: 0 | S21: ห่ออัดเบลแบน501 | T21: 45947 | U21: 20000 | V21: 21000 | W21: 0 | X21: 0 | Y21: 0 | Z21: WSWT1921720 | AA21: 0 | AB21: 0 | AC21: 0 | AD21: 0 | AE21: 0 | AF21: PDR250323 | AG21: รอตัด | AH21: P3 | AI21: 1 | AJ21: 45947 | AK21: 0 | AL21: 0 | AM21: 0 | AN21: 0 | AO21: 45946 | AP21: 45942 | AQ21: 0 | AR21: 0 | AS21: 0 | AT21: 0 | AU21: 0 | AV21: 0 | AW21: ตัด | AX21: 0 | AY21: 0 | AZ21: 0 | BA21: 0 | BB21: 0 | BC21: WRWT21720/WRWT25800 | BD21: 0
A22: 45941 | B22: MK68-001227 | C22: บจก.เคอรี่ฟลาวมิลล์ | D22: ปลาโลมาเทา | E22: 19 | F22: 32 | G22: ขาว | H22: 0 | I22: 67 | J22: + | K22: 5 | L22: บิด | M22: ไม่สวมถุงใน | N22: 0 | O22: 0 | P22: 0 | Q22: 0 | R22: 0 | S22: ห่ออัดเบลแบน501 | T22: 45951 | U22: 5000 | V22: 0 | W22: 5000 | X22: 5400 | Y22: 0 | Z22: WSWT1921720 | AA22: 0 | AB22: 0 | AC22: 0 | AD22: 0 | AE22: 0 | AF22: PDR250344 | AG22: ยังไม่ได้พิมพ์ | AH22: P7 | AI22: 2 | AJ22: 45951 | AK22: 0 | AL22: 45942 | AM22: 45949 | AN22: 45950 | AO22: 45950 | AP22: 45946 | AQ22: 0 | AR22: 0 | AS22: 0 | AT22: 0 | AU22: 0 | AV22: 0 | AW22: งานพิมพ์ | AX22: รอART | AY22: 0 | AZ22: 0 | BA22: 0 | BB22: 0 | BC22: WRWT21720/WRWT25800 | BD22: 0
A23: 45941 | B23: MK68-001227 | C23: บจก.เคอรี่ฟลาวมิลล์ | D23: ถุงเขียว | E23: 19 | F23: 32 | G23: ขาว | H23: 0 | I23: 67 | J23: + | K23: 5 | L23: บิด | M23: ไม่สวมถุงใน | N23: 0 | O23: 0 | P23: 0 | Q23: 0 | R23: 0 | S23: ห่ออัดเบลแบน501 | T23: 45951 | U23: 10000 | V23: 10000 | W23: 0 | X23: 10700 | Y23: 0 | Z23: WSWT1921720 | AA23: 0 | AB23: 0 | AC23: 0 | AD23: 0 | AE23: 0 | AF23: PDR250344 | AG23: พร้อมส่ง | AH23: P7 | AI23: 2 | AJ23: 45951 | AK23: 0 | AL23: 45942 | AM23: 45949 | AN23: 45950 | AO23: 45950 | AP23: 45946 | AQ23: 0 | AR23: 0 | AS23: 0 | AT23: 0 | AU23: 0 | AV23: 0 | AW23: งานพิมพ์ | AX23: รอART | AY23: 0 | AZ23: 0 | BA23: 0 | BB23: 0 | BC23: WRWT21720/WRWT25800 | BD23: 0
A24: 45941 | B24: MK68-001227 | C24: บจก.เคอรี่ฟลาวมิลล์ | D24: ดอกไม้เขียว | E24: 19 | F24: 32 | G24: ขาว | H24: 0 | I24: 67 | J24: + | K24: 5 | L24: บิด | M24: ไม่สวมถุงใน | N24: 0 | O24: 0 | P24: 0 | Q24: 0 | R24: 0 | S24: ห่ออัดเบลแบน501 | T24: 45951 | U24: 10000 | V24: 0 | W24: 10000 | X24: 10500 | Y24: 0 | Z24: WSWT1921720 | AA24: 0 | AB24: 0 | AC24: 0 | AD24: 0 | AE24: 0 | AF24: PDR250344 | AG24: ยังไม่ได้พิมพ์ | AH24: P7 | AI24: 2 | AJ24: 45951 | AK24: 0 | AL24: 45942 | AM24: 45949 | AN24: 45950 | AO24: 45950 | AP24: 45946 | AQ24: 0 | AR24: 0 | AS24: 0 | AT24: 0 | AU24: 0 | AV24: 0 | AW24: งานพิมพ์ | AX24: รอART | AY24: 0 | AZ24: 0 | BA24: 0 | BB24: 0 | BC24: WRWT21720/WRWT25800 | BD24: 0
A25: 45941 | B25: MK68-001227 | C25: บจก.เคอรี่ฟลาวมิลล์ | D25: บะหมี่เตี๊ยว | E25: 19 | F25: 32 | G25: ขาว | H25: 0 | I25: 67 | J25: + | K25: 5 | L25: บิด | M25: ไม่สวมถุงใน | N25: 0 | O25: 0 | P25: 0 | Q25: 0 | R25: 0 | S25: ห่ออัดเบลแบน501 | T25: 45952 | U25: 5000 | V25: 0 | W25: 5000 | X25: 0 | Y25: 5250 | Z25: WSWT1921720 | AA25: 4679.95 | AB25: 4679.95 | AC25: 0 | AD25: 0 | AE25: 0 | AF25: PDR250345 | AG25: ยังไม่ได้พิมพ์ | AH25: P7 | AI25: 2 | AJ25: 45952 | AK25: 0 | AL25: 45943 | AM25: 45950 | AN25: 45951 | AO25: 45951 | AP25: 45947 | AQ25: 0 | AR25: 0 | AS25: 0 | AT25: 0 | AU25: 0 | AV25: 0 | AW25: งานพิมพ์ | AX25: รอART | AY25: 0 | AZ25: 0 | BA25: 0 | BB25: 0 | BC25: WRWT21720/WRWT25800 | BD25: 0
A26: 45941 | B26: MK68-001227 | C26: บจก.เคอรี่ฟลาวมิลล์ | D26: ปลาโลมาแดง | E26: 19 | F26: 32 | G26: ขาว | H26: 0 | I26: 67 | J26: + | K26: 5 | L26: บิด | M26: ไม่สวมถุงใน | N26: 0 | O26: 0 | P26: 0 | Q26: 0 | R26: 0 | S26: ห่ออัดเบลแบน501 | T26: 45952 | U26: 5000 | V26: 5000 | W26: 0 | X26: 5300 | Y26: 0 | Z26: WSWT1921720 | AA26: 0 | AB26: 0 | AC26: 0 | AD26: 0 | AE26: 0 | AF26: PDR250345 | AG26: ยังไม่ได้พิมพ์ | AH26: P7 | AI26: 2 | AJ26: 45952 | AK26: 0 | AL26: 45943 | AM26: 45950 | AN26: 45951 | AO26: 45951 | AP26: 45947 | AQ26: 0 | AR26: 0 | AS26: 0 | AT26: 0 | AU26: 0 | AV26: 0 | AW26: งานพิมพ์ | AX26: รอART | AY26: 0 | AZ26: 0 | BA26: 0 | BB26: 0 | BC26: WRWT21720/WRWT25800 | BD26: 0
A27: 45941 | B27: MK68-001227 | C27: บจก.เคอรี่ฟลาวมิลล์ | D27: โบว์แดง | E27: 19 | F27: 32 | G27: ขาว | H27: 0 | I27: 67 | J27: + | K27: 5 | L27: บิด | M27: ไม่สวมถุงใน | N27: 0 | O27: 0 | P27: 0 | Q27: 0 | R27: 0 | S27: ห่ออัดเบลแบน501 | T27: 45952 | U27: 5000 | V27: 0 | W27: 5000 | X27: 0 | Y27: 5250 | Z27: WSWT1921720 | AA27: 4679.95 | AB27: 4679.95 | AC27: 0 | AD27: 0 | AE27: 0 | AF27: PDR250345 | AG27: พร้อมส่ง | AH27: P7 | AI27: 2 | AJ27: 45952 | AK27: 0 | AL27: 45943 | AM27: 45950 | AN27: 45951 | AO27: 45951 | AP27: 45947 | AQ27: 0 | AR27: 0 | AS27: 0 | AT27: 0 | AU27: 0 | AV27: 0 | AW27: งานพิมพ์ | AX27: รอART | AY27: 0 | AZ27: 0 | BA27: 0 | BB27: 0 | BC27: WRWT21720/WRWT25800 | BD27: 0
A28: 45941 | B28: MK68-001227 | C28: บจก.เคอรี่ฟลาวมิลล์ | D28: บลูทีมเหลือง | E28: 19 | F28: 32 | G28: ขาว | H28: 0 | I28: 67 | J28: + | K28: 5 | L28: บิด | M28: ไม่สวมถุงใน | N28: 0 | O28: 0 | P28: 0 | Q28: 0 | R28: 0 | S28: ห่ออัดเบลแบน501 | T28: 45952 | U28: 5000 | V28: 0 | W28: 5000 | X28: 0 | Y28: 5250 | Z28: WSWT1921720 | AA28: 4679.95 | AB28: 4679.95 | AC28: 0 | AD28: 0 | AE28: 0 | AF28: PDR250345 | AG28: ยังไม่ได้พิมพ์ | AH28: P7 | AI28: 2 | AJ28: 45952 | AK28: 0 | AL28: 45943 | AM28: 45950 | AN28: 45951 | AO28: 45951 | AP28: 45947 | AQ28: 0 | AR28: 0 | AS28: 0 | AT28: 0 | AU28: 0 | AV28: 0 | AW28: งานพิมพ์ | AX28: รอART | AY28: 0 | AZ28: 0 | BA28: 0 | BB28: 0 | BC28: WRWT21720/WRWT25800 | BD28: 0
A29: 45941 | B29: MK68-001229 | C29: บจก.เคอรี่ฟลาวมิลล์ | D29: บะหมี่เตี๊ยว | E29: 19 | F29: 32 | G29: ขาว | H29: 0 | I29: 67 | J29: + | K29: 5 | L29: บิด | M29: ไม่สวมถุงใน | N29: 0 | O29: 0 | P29: 0 | Q29: 0 | R29: 0 | S29: ห่ออัดเบลแบน501 | T29: 45952 | U29: 5000 | V29: 0 | W29: 5000 | X29: 0 | Y29: 5250 | Z29: WSWT1921720 | AA29: 4679.95 | AB29: 4679.95 | AC29: 0 | AD29: 0 | AE29: 0 | AF29: PDR250346 | AG29: ยังไม่ได้พิมพ์ | AH29: P7 | AI29: 2 | AJ29: 45952 | AK29: 0 | AL29: 45943 | AM29: 45950 | AN29: 45951 | AO29: 45951 | AP29: 45947 | AQ29: 0 | AR29: 0 | AS29: 0 | AT29: 0 | AU29: 0 | AV29: 0 | AW29: งานพิมพ์ | AX29: รอART | AY29: 0 | AZ29: 0 | BA29: 0 | BB29: 0 | BC29: WRWT21720/WRWT25800 | BD29: 0
A30: 45941 | B30: MK68-001229 | C30: บจก.เคอรี่ฟลาวมิลล์ | D30: ปลาโลมาแดง | E30: 19 | F30: 32 | G30: ขาว | H30: 0 | I30: 67 | J30: + | K30: 5 | L30: บิด | M30: ไม่สวมถุงใน | N30: 0 | O30: 0 | P30: 0 | Q30: 0 | R30: 0 | S30: ห่ออัดเบลแบน501 | T30: 45952 | U30: 5000 | V30: 5000 | W30: 0 | X30: 5300 | Y30: 0 | Z30: WSWT1921720 | AA30: 0 | AB30: 0 | AC30: 0 | AD30: 0 | AE30: 0 | AF30: PDR250346 | AG30: ยังไม่ได้พิมพ์ | AH30: P7 | AI30: 2 | AJ30: 45952 | AK30: 0 | AL30: 45943 | AM30: 45950 | AN30: 45951 | AO30: 45951 | AP30: 45947 | AQ30: 0 | AR30: 0 | AS30: 0 | AT30: 0 | AU30: 0 | AV30: 0 | AW30: งานพิมพ์ | AX30: รอART | AY30: 0 | AZ30: 0 | BA30: 0 | BB30: 0 | BC30: WRWT21720/WRWT25800 | BD30: 0
A31: 45941 | B31: MK68-001229 | C31: บจก.เคอรี่ฟลาวมิลล์ | D31: FW-Y | E31: 19 | F31: 32 | G31: ขาว | H31: 0 | I31: 67 | J31: + | K31: 5 | L31: ไม่ | M31: ไม่สวมถุงใน | N31: 0 | O31: 0 | P31: 0 | Q31: 0 | R31: 0 | S31: ห่ออัดเบลแบน501 | T31: 45952 | U31: 5000 | V31: 0 | W31: 5000 | X31: 0 | Y31: 5250 | Z31: WSWT1921720 | AA31: 4679.95 | AB31: 4679.95 | AC31: 0 | AD31: 0 | AE31: 0 | AF31: PDR250346 | AG31: ยังไม่ได้พิมพ์ | AH31: P7 | AI31: 2 | AJ31: 45952 | AK31: 0 | AL31: 45943 | AM31: 45950 | AN31: 45951 | AO31: 45951 | AP31: 45947 | AQ31: 0 | AR31: 0 | AS31: 0 | AT31: 0 | AU31: 0 | AV31: 0 | AW31: งานพิมพ์ | AX31: รอART | AY31: 0 | AZ31: 0 | BA31: 0 | BB31: 0 | BC31: WRWT21720/WRWT25800 | BD31: 0
A32: 45941 | B32: MK68-001229 | C32: บจก.เคอรี่ฟลาวมิลล์ | D32: กุ้งแดง | E32: 19 | F32: 32 | G32: ขาว | H32: 0 | I32: 67 | J32: + | K32: 5 | L32: บิด | M32: ไม่สวมถุงใน | N32: 0 | O32: 0 | P32: 0 | Q32: 0 | R32: 0 | S32: ห่ออัดเบลแบน501 | T32: 45952 | U32: 10000 | V32: 0 | W32: 10000 | X32: 0 | Y32: 10500 | Z32: WSWT1921720 | AA32: 9359.9 | AB32: 9359.9 | AC32: 0 | AD32: 0 | AE32: 0 | AF32: PDR250346 | AG32: รอตัด | AH32: P7 | AI32: 2 | AJ32: 45952 | AK32: 0 | AL32: 45943 | AM32: 45950 | AN32: 45951 | AO32: 45951 | AP32: 45947 | AQ32: 0 | AR32: 0 | AS32: 0 | AT32: 0 | AU32: 0 | AV32: 0 | AW32: งานพิมพ์ | AX32: รอART | AY32: 0 | AZ32: 0 | BA32: 0 | BB32: 0 | BC32: WRWT21720/WRWT25800 | BD32: 0
A33: 45941 | B33: MK68-001227 | C33: บจก.เคอรี่ฟลาวมิลล์ | D33: FW-Y | E33: 19 | F33: 32 | G33: ขาว | H33: 0 | I33: 67 | J33: + | K33: 5 | L33: ไม่ | M33: ไม่สวมถุงใน | N33: 0 | O33: 0 | P33: 0 | Q33: 0 | R33: 0 | S33: ห่ออัดเบลแบน501 | T33: 45954 | U33: 5000 | V33: 0 | W33: 5000 | X33: 0 | Y33: 5250 | Z33: WSWT1921720 | AA33: 4679.95 | AB33: 4679.95 | AC33: 0 | AD33: 0 | AE33: 0 | AF33: PDR250347 | AG33: ยังไม่ได้พิมพ์ | AH33: P7 | AI33: 2 | AJ33: 45954 | AK33: 0 | AL33: 45945 | AM33: 45952 | AN33: 45953 | AO33: 45953 | AP33: 45949 | AQ33: 0 | AR33: 0 | AS33: 0 | AT33: 0 | AU33: 0 | AV33: 0 | AW33: งานพิมพ์ | AX33: รอART | AY33: 0 | AZ33: 0 | BA33: 0 | BB33: 0 | BC33: WRWT21720/WRWT25800 | BD33: 0
... A37: 45941 | B37: MK68-001229 | C37: บจก.เคอรี่ฟลาวมิลล์ | D37: ปลาโลมาแดง | E37: 19 | F37: 32 | G37: ขาว | H37: 0 | I37: 67 | J37: + | K37: 5 | L37: บิด | M37: ไม่สวมถุงใน | N37: 0 | O37: 0 | P37: 0 | Q37: 0 | R37: 0 | S37: ห่ออัดเบลแบน501 | T37: 45954 | U37: 5000 | V37: 5000 | W37: 0 | X37: 5300 | Y37: 0 | Z37: WSWT1921720 | AA37: 0 | AB37: 0 | AC37: 0 | AD37: 0 | AE37: 0 | AF37: PDR250348 | AG37: ยังไม่ได้พิมพ์ | AH37: P7 | AI37: 2 | AJ37: 45954 | AK37: 0 | AL37: 45945 | AM37: 45952 | AN37: 45953 | AO37: 45953 | AP37: 45949 | AQ37: 0 | AR37: 0 | AS37: 0 | AT37: 0 | AU37: 0 | AV37: 0 | AW37: งานพิมพ์ | AX37: รอART | AY37: 0 | AZ37: 0 | BA37: 0 | BB37: 0 | BC37: WRWT21720/WRWT25800 | BD37: 0
A38: 45941 | B38: MK68-001229 | C38: บจก.เคอรี่ฟลาวมิลล์ | D38: 997 | E38: 19 | F38: 32 | G38: ขาว | H38: 0 | I38: 67 | J38: + | K38: 5 | L38: ไม่ | M38: ไม่สวมถุงใน | N38: 0 | O38: 0 | P38: 0 | Q38: 0 | R38: 0 | S38: ห่ออัดเบลแบน501 | T38: 45954 | U38: 5000 | V38: 0 | W38: 5000 | X38: 0 | Y38: 5250 | Z38: WSWT1921720 | AA38: 4679.95 | AB38: 0 | AC38: 4679.95 | AD38: 0 | AE38: 0 | AF38: PDR250348 | AG38: ยังไม่ได้พิมพ์ | AH38: P7 | AI38: 2 | AJ38: 45954 | AK38: 0 | AL38: 45945 | AM38: 45952 | AN38: 45953 | AO38: 45953 | AP38: 45949 | AQ38: 0 | AR38: 0 | AS38: 0 | AT38: 0 | AU38: 0 | AV38: 0 | AW38: งานพิมพ์ | AX38: รอART | AY38: 0 | AZ38: 0 | BA38: 0 | BB38: 0 | BC38: WRWT21720/WRWT25800 | BD38: 352.51463
A39: 45941 | B39: MK68-001227 | C39: บจก.เคอรี่ฟลาวมิลล์ | D39: บะหมี่เตี๊ยว | E39: 19 | F39: 32 | G39: ขาว | H39: 0 | I39: 67 | J39: + | K39: 5 | L39: บิด | M39: ไม่สวมถุงใน | N39: 0 | O39: 0 | P39: 0 | Q39: 0 | R39: 0 | S39: ห่ออัดเบลแบน501 | T39: 45958 | U39: 5000 | V39: 0 | W39: 5000 | X39: 0 | Y39: 5250 | Z39: WSWT1921720 | AA39: 4679.95 | AB39: 0 | AC39: 4679.95 | AD39: 0 | AE39: 0 | AF39: PDR250349 | AG39: รอตัด | AH39: P7 | AI39: 2 | AJ39: 45958 | AK39: 0 | AL39: 45949 | AM39: 45956 | AN39: 45957 | AO39: 45957 | AP39: 45953 | AQ39: 0 | AR39: 0 | AS39: 0 | AT39: 0 | AU39: 0 | AV39: 0 | AW39: งานพิมพ์ | AX39: รอART | AY39: 0 | AZ39: 0 | BA39: 0 | BB39: 0 | BC39: WRWT21720/WRWT25800 | BD39: 352.51463
A40: 45941 | B40: MK68-001227 | C40: บจก.เคอรี่ฟลาวมิลล์ | D40: แปดแต้มแดง | E40: 19 | F40: 32 | G40: ขาว | H40: 0 | I40: 67 | J40: + | K40: 5 | L40: บิด | M40: ไม่สวมถุงใน | N40: 0 | O40: 0 | P40: 0 | Q40: 0 | R40: 0 | S40: ห่ออัดเบลแบน501 | T40: 45958 | U40: 5000 | V40: 0 | W40: 5000 | X40: 0 | Y40: 5250 | Z40: WSWT1921720 | AA40: 4679.95 | AB40: 0 | AC40: 4679.95 | AD40: 0 | AE40: 0 | AF40: PDR250349 | AG40: ผ้าขาว | AH40: P7 | AI40: 2 | AJ40: 45958 | AK40: 0 | AL40: 45949 | AM40: 45956 | AN40: 45957 | AO40: 45957 | AP40: 45953 | AQ40: 0 | AR40: 0 | AS40: 0 | AT40: 0 | AU40: 0 | AV40: 0 | AW40: งานพิมพ์ | AX40: รอART | AY40: 0 | AZ40: 0 | BA40: 0 | BB40: 0 | BC40: WRWT21720/WRWT25800 | BD40: 352.51463
A41: 45941 | B41: MK68-001227 | C41: บจก.เคอรี่ฟลาวมิลล์ | D41: PBKF2-01-03 | E41: 19 | F41: 32 | G41: ขาว | H41: 0 | I41: 67 | J41: + | K41: 5 | L41: บิด | M41: ไม่สวมถุงใน | N41: 0 | O41: 0 | P41: 0 | Q41: 0 | R41: 0 | S41: ห่ออัดเบลแบน501 | T41: 45958 | U41: 5000 | V41: 0 | W41: 5000 | X41: 0 | Y41: 5250 | Z41: WSWT1921720 | AA41: 4679.95 | AB41: 0 | AC41: 4679.95 | AD41: 0 | AE41: 0 | AF41: PDR250349 | AG41: พร้อมส่ง | AH41: P7 | AI41: 2 | AJ41: 45958 | AK41: 0 | AL41: 45949 | AM41: 45956 | AN41: 45957 | AO41: 45957 | AP41: 45953 | AQ41: 0 | AR41: 0 | AS41: 0 | AT41: 0 | AU41: 0 | AV41: 0 | AW41: งานพิมพ์ | AX41: รอART | AY41: 0 | AZ41: 0 | BA41: 0 | BB41: 0 | BC41: WRWT21720/WRWT25800 | BD41: 352.51463
A42: 45941 | B42: MK68-001227 | C42: บจก.เคอรี่ฟลาวมิลล์ | D42: ถุงเขียว | E42: 19 | F42: 32 | G42: ขาว | H42: 0 | I42: 67 | J42: + | K42: 5 | L42: บิด | M42: ไม่สวมถุงใน | N42: 0 | O42: 0 | P42: 0 | Q42: 0 | R42: 0 | S42: ห่ออัดเบลแบน501 | T42: 45958 | U42: 10000 | V42: 0 | W42: 10000 | X42: 10400 | Y42: 0 | Z42: WSWT1921720 | AA42: 0 | AB42: 0 | AC42: 0 | AD42: 0 | AE42: 0 | AF42: PDR250349 | AG42: รอแบบ | AH42: P7 | AI42: 2 | AJ42: 45958 | AK42: 0 | AL42: 45949 | AM42: 45956 | AN42: 45957 | AO42: 45957 | AP42: 45953 | AQ42: 0 | AR42: 0 | AS42: 0 | AT42: 0 | AU42: 0 | AV42: 0 | AW42: งานพิมพ์ | AX42: รอART | AY42: 0 | AZ42: 0 | BA42: 0 | BB42: 0 | BC42: WRWT21720/WRWT25800 | BD42: 0
A43: 45941 | B43: MK68-001231 | C43: บจก.เคอรี่ฟลาวมิลล์ | D43: ไม่พิมพ์ | E43: 19 | F43: 32 | G43: ขาว | H43: 0 | I43: 67 | J43: + | K43: 5 | L43: ไม่ | M43: ไม่สวมถุงใน | N43: 0 | O43: 0 | P43: 0 | Q43: 0 | R43: 0 | S43: ห่ออัดเบลแบน501 | T43: 45959 | U43: 20000 | V43: 10000 | W43: 10000 | X43: 0 | Y43: 0 | Z43: WSWT1921720 | AA43: 9359.9 | AB43: 9359.9 | AC43: 0 | AD43: 0 | AE43: 0 | AF43: PDR250350 | AG43: พร้อมส่ง | AH43: P3 | AI43: 1 | AJ43: 45959 | AK43: 0 | AL43: 0 | AM43: 0 | AN43: 0 | AO43: 45958 | AP43: 45954 | AQ43: 0 | AR43: 0 | AS43: 0 | AT43: 0 | AU43: 0 | AV43: 0 | AW43: ตัด | AX43: 0 | AY43: 0 | AZ43: 0 | BA43: 0 | BB43: 0 | BC43: WRWT21720/WRWT25800 | BD43: 0
A44: ประมาณการ | B44: ประมาณการ | C44: บจก.เคอรี่ฟลาวมิลล์ | D44: แต้มแดง | E44: 19 | F44: 32 | G44: ขาว | H44: 0 | I44: 67 | J44: + | K44: 5 | L44: บิด | M44: ไม่สวมถุงใน | N44: 0 | O44: 0 | P44: 0 | Q44: 0 | R44: 0 | S44: ห่ออัดเบลแบน500 | T44: รอแจ้ง | U44: 5000 | V44: 5232 | W44: 0 | X44: 5400 | Y44: 0 | Z44: WSWT1921720 | AA44: 0 | AB44: 0 | AC44: 0 | AD44: 0 | AE44: 0 | AF44: 0 | AG44: พร้อมส่ง | AH44: P7 | AI44: 2 | AJ44: รอแจ้ง | AK44: 0 | AL44: #VALUE! | AM44: #VALUE! | AN44: #VALUE! | AO44: #VALUE! | AP44: #VALUE! | AQ44: 0 | AR44: 0 | AS44: 0 | AT44: 0 | AU44: 0 | AV44: 0 | AW44: งานพิมพ์ | AX44: / | AY44: 0 | AZ44: 0 | BA44: 0 | BB44: 0 | BC44: WRWT21720/WRWT25800 | BD44: 0
A45: ประมาณการ | B45: ประมาณการ | C45: บจก.เคอรี่ฟลาวมิลล์ | D45: รอแบบ | E45: 19 | F45: 32 | G45: ขาว | H45: 0 | I45: 67 | J45: + | K45: 5 | L45: บิด | M45: ไม่สวมถุงใน | N45: 0 | O45: 0 | P45: 0 | Q45: 0 | R45: 0 | S45: ห่ออัดเบลแบน500 | T45: 45961 | U45: 225000 | V45: 0 | W45: 225000 | X45: 0 | Y45: 236250 | Z45: WSWT1921720 | AA45: 210597.75 | AB45: 0 | AC45: 210597.75 | AD45: 0 | AE45: 0 | AF45: 0 | AG45: พร้อมส่ง | AH45: P7 | AI45: 2 | AJ45: 45961 | AK45: 0 | AL45: 45952 | AM45: 45959 | AN45: 45960 | AO45: 45960 | AP45: 45956 | AQ45: 0 | AR45: 0 | AS45: 0 | AT45: 0 | AU45: 0 | AV45: 0 | AW45: งานพิมพ์ | AX45: รอART | AY45: 0 | AZ45: 0 | BA45: 0 | BB45: 0 | BC45: WRWT21720/WRWT25800 | BD45: 15863.159
A46: 0 | B46: 0 | C46: 0 | D46: 0 | E46: 19 | F46: 30 | G46: 0 | H46: 0 | I46: 63 | J46: + | K46: 5 | L46: 0 | M46: 0 | N46: 0 | O46: 0 | P46: 0 | Q46: 0 | R46: 0 | S46: 0 | U46: 0 | V46: 0 | W46: 0 | X46: 0 | Y46: 0 | Z46: WSWT1921720 | AA46: 285476.95 | AB46: 56159.4 | AC46: 229317.55 | AD46: 0 | AE46: 0 | AF46: ระบุในSD | AG46: พร้อมส่ง | AH46: 0 | AI46: Lead time | AJ46: 0 | AK46: 0 | AL46: 0 | AM46: 0 | AN46: 0 | AO46: 0 | AP46: 0 | AQ46: 0 | AR46: 0 | AS46: 0 | AT46: 0 | AU46: 0 | AV46: 0 | AW46: 0 | AX46: 0 | AY46: 0 | AZ46: 0 | BA46: 0 | BB46: 0 | BC46: WRWT190720/WRWT25800 | BD46: 0
A47: 45905 | B47: MK68-001080 | C47: บจก.อินเทคค์ โกลบอล | D47: เพอเฟคค์104 โกลด์ | E47: 19 | F47: 34 | G47: ขาว | H47: ด้าน | I47: 100 | J47: ± | K47: 5 | L47: จับจีบ4" | M47: ไม่สวมถุงใน | N47: 0 | O47: 0 | P47: 0 | Q47: 0 | R47: 0 | S47: มัด80 ใช้สายรัด | T47: รอแจ้ง | U47: 109 | V47: 0 | W47: 109 | X47: 6124 | Y47: 0 | Z47: WSWT19251000SM | AA47: 0 | AB47: 0 | AC47: 0 | AD47: 0 | AE47: 0 | AF47: 0 | AG47: พร้อมส่ง | AH47: P6 | AI47: 4 | AJ47: รอแจ้ง | AK47: #VALUE! | AL47: #VALUE! | AM47: #VALUE! | AN47: #VALUE! | AO47: #VALUE! | AP47: #VALUE! | AQ47: 0 | AR47: 0 | AS47: 0 | AT47: 0 | AU47: 0 | AV47: 0 | AW47: งานเคลือบ+พิมพ์ | AX47: / | AY47: 0 | AZ47: 0 | BA47: 0 | BB47: 0 | BC47: WRWT251000/WRWT251000 | BD47: 0
A48: 0 | B48: 0 | C48: 0 | D48: 0 | E48: 19 | F48: 34 | G48: ขาว | H48: 0 | I48: 80 | J48: ± | K48: 5 | L48: 0 | M48: 0 | N48: 0 | O48: 0 | P48: 0 | Q48: 0 | R48: 0 | S48: 0 | U48: 0 | V48: 0 | W48: 0 | X48: 0 | Y48: 0 | Z48: WSWT19251000SM | AA48: 0 | AB48: 0 | AC48: 0 | AD48: 0 | AE48: 0 | AF48: ระบุในSD | AG48: พร้อมส่ง | AH48: 0 | AI48: Lead time | AJ48: 0 | AK48: 0 | AL48: 0 | AM48: 0 | AN48: 0 | AO48: 0 | AP48: 0 | AQ48: 0 | AR48: 0 | AS48: 0 | AT48: 0 | AU48: 0 | AV48: 0 | AW48: 0 | AX48: 0 | AY48: 0 | AZ48: 0 | BA48: 0 | BB48: 0 | BC48: WRWT251000/WRYL251000 | BD48: 0
A49: 45877 | B49: MK68-000990 | C49: บจก.เอสพีเอ็ม อาหารสัตว์ | D49: SW 441 PLUS | E49: 20 | F49: 38 | G49: ขาว | H49: ใส | I49: 100 | J49: ± | K49: 5 | L49: บิด | M49: ไม่สวมถุงใน | N49: 0 | O49: 0 | P49: 0 | Q49: 0 | R49: 0 | S49: 500กระสอบแบน | T49: 45944 | U49: 3500 | V49: 3500 | W49: 0 | X49: 3605 | Y49: 0 | Z49: WSWT2025800SM | AA49: 0 | AB49: 0 | AC49: 0 | AD49: 0 | AE49: 0 | AF49: 0 | AG49: พร้อมส่ง | AH49: P6 | AI49: 4 | AJ49: 45944 | AK49: 45940 | AL49: 45933 | AM49: 45941 | AN49: 45942 | AO49: 45943 | AP49: 45939 | AQ49: 0 | AR49: 0 | AS49: 0 | AT49: 0 | AU49: 0 | AV49: 0 | AW49: งานเคลือบ+พิมพ์ | AX49: / | AY49: 0 | AZ49: 0 | BA49: 0 | BB49: 0 | BC49: WRWT25850/WRWT25850 | BD49: 0
A50: 45923 | B50: MK68-001157 | C50: บจก.เอสพีเอ็ม อาหารสัตว์ | D50: HERO 111 | E50: 20 | F50: 38 | G50: ขาว | H50: ด้าน | I50: 100 | J50: ± | K50: 5 | L50: บิด | M50: ไม่สวมถุงใน | N50: 0 | O50: 0 | P50: 0 | Q50: 0 | R50: 0 | S50: 500กระสอบแบน | T50: 45946 | U50: 3000 | V50: 3000 | W50: 0 | X50: 3300 | Y50: 0 | Z50: WSWT2025800SM | AA50: 0 | AB50: 0 | AC50: 0 | AD50: 0 | AE50: 0 | AF50: 0 | AG50: ยังไม่ได้พิมพ์ | AH50: P6 | AI50: 4 | AJ50: 45946 | AK50: 45942 | AL50: 45935 | AM50: 45943 | AN50: 45944 | AO50: 45945 | AP50: 45941 | AQ50: 0 | AR50: 0 | AS50: 0 | AT50: 0 | AU50: 0 | AV50: 0 | AW50: งานเคลือบ+พิมพ์ | AX50: / | AY50: 0 | AZ50: 0 | BA50: 0 | BB50: 0 | BC50: WRWT25850/WRWT25850 | BD50: 0
A51: 45916 | B51: MK68-001119 | C51: บจก.ซันฟีด | D51: 007 | E51: 20 | F51: 38 | G51: ขาว | H51: ด้าน | I51: 100 | J51: + | K51: 0 | L51: บิด | M51: ไม่สวมถุงใน | N51: 0 | O51: 0 | P51: 0 | Q51: 0 | R51: 0 | S51: 300กระสอบแบนเต็มใบ | T51: 45947 | U51: 2500 | V51: 2500 | W51: 0 | X51: 2550 | Y51: 0 | Z51: WSWT2025800SM | AA51: 0 | AB51: 0 | AC51: 0 | AD51: 0 | AE51: 0 | AF51: 0 | AG51: รอตัด | AH51: P6 | AI51: 4 | AJ51: 45947 | AK51: 45943 | AL51: 45936 | AM51: 45944 | AN51: 45945 | AO51: 45946 | AP51: 45942 | AQ51: 0 | AR51: 0 | AS51: 0 | AT51: 0 | AU51: 0 | AV51: 0 | AW51: งานเคลือบ+พิมพ์ | AX51: / | AY51: 0 | AZ51: 0 | BA51: 0 | BB51: 0 | BC51: WRWT25850/WRWT25850 | BD51: 0
A52: 45911 | B52: MK68-001105 | C52: บจก.เอพีเอ็ม อะโกร | D52: ฟีล-กู๊ด พี6 | E52: 20 | F52: 38 | G52: ขาว | H52: ใส | I52: 100 | J52: ± | K52: 5 | L52: บิด | M52: ไม่สวมถุงใน | N52: 0 | O52: 0 | P52: 0 | Q52: 0 | R52: 0 | S52: 500กระสอบแบน | T52: 45947 | U52: 8000 | V52: 8000 | W52: 0 | X52: 8465 | Y52: 0 | Z52: WSWT2025800SM | AA52: 0 | AB52: 0 | AC52: 0 | AD52: 0 | AE52: 0 | AF52: 0 | AG52: พร้อมส่ง | AH52: P6 | AI52: 4 | AJ52: 45947 | AK52: 45943 | AL52: 45936 | AM52: 45944 | AN52: 45945 | AO52: 45946 | AP52: 45942 | AQ52: 0 | AR52: 0 | AS52: 0 | AT52: 0 | AU52: 0 | AV52: 0 | AW52: งานเคลือบ+พิมพ์ | AX52: / | AY52: 0 | AZ52: 0 | BA52: 0 | BB52: 0 | BC52: WRWT25850/WRWT25850 | BD52: 0
A53: 45909 | B53: MK68-001092 | C53: บจก.เอพีเอ็ม อะโกร | D53: APM915 | E53: 20 | F53: 38 | G53: ขาว | H53: ใส | I53: 100 | J53: ± | K53: 5 | L53: บิด | M53: ไม่สวมถุงใน | N53: 0 | O53: 0 | P53: 0 | Q53: 0 | R53: 0 | S53: 500กระสอบแบน | T53: 45947 | U53: 3000 | V53: 0 | W53: 3000 | X53: 0 | Y53: 3150 | Z53: WSWT2025800SM | AA53: 3310.89 | AB53: 3310.89 | AC53: 0 | AD53: 3310.89 | AE53: 0 | AF53: 0 | AG53: รอตัด | AH53: P6 | AI53: 4 | AJ53: 45947 | AK53: 45943 | AL53: 45936 | AM53: 45944 | AN53: 45945 | AO53: 45946 | AP53: 45942 | AQ53: 0 | AR53: 0 | AS53: 0 | AT53: 0 | AU53: 0 | AV53: 0 | AW53: งานเคลือบ+พิมพ์ | AX53: / | AY53: 0 | AZ53: 0 | BA53: 0 | BB53: 0 | BC53: WRWT25850/WRWT25850 | BD53: 0
A54: 45916 | B54: MK68-001119 | C54: บจก.ซันฟีด | D54: 952 | E54: 20 | F54: 38 | G54: ขาว | H54: ด้าน | I54: 100 | J54: + | K54: 0 | L54: บิด | M54: ไม่สวมถุงใน | N54: 0 | O54: 0 | P54: 0 | Q54: 0 | R54: 0 | S54: 300กระสอบแบนเต็มใบ | T54: 45947 | U54: 2255 | V54: 0 | W54: 2255 | X54: 7625 | Y54: 0 | Z54: WSWT2025800SM | AA54: 0 | AB54: 0 | AC54: 0 | AD54: 0 | AE54: 0 | AF54: 0 | AG54: พร้อมส่ง | AH54: P6 | AI54: 4 | AJ54: 45947 | AK54: 45943 | AL54: 45936 | AM54: 45944 | AN54: 45945 | AO54: 45946 | AP54: 45942 | AQ54: 0 | AR54: 0 | AS54: 0 | AT54: 0 | AU54: 0 | AV54: 0 | AW54: งานเคลือบ+พิมพ์ | AX54: / | AY54: 0 | AZ54: 0 | BA54: 0 | BB54: 0 | BC54: WRWT25850/WRWT25850 | BD54: 0
A55: 45916 | B55: MK68-001119 | C55: บจก.ซันฟีด | D55: ขุนศึกเบอร์ 2 | E55: 20 | F55: 38 | G55: ขาว | H55: ด้าน | I55: 100 | J55: + | K55: 0 | L55: บิด | M55: ไม่สวมถุงใน | N55: 0 | O55: 0 | P55: 0 | Q55: 0 | R55: 0 | S55: 300กระสอบแบนเต็มใบ | T55: 45951 | U55: 5000 | V55: 5000 | W55: 0 | X55: 5100 | Y55: 0 | Z55: WSWT2025800SM | AA55: 0 | AB55: 0 | AC55: 0 | AD55: 0 | AE55: 0 | AF55: 0 | AG55: พร้อมส่ง | AH55: P6 | AI55: 4 | AJ55: 45951 | AK55: 45947 | AL55: 45940 | AM55: 45948 | AN55: 45949 | AO55: 45950 | AP55: 45946 | AQ55: 0 | AR55: 0 | AS55: 0 | AT55: 0 | AU55: 0 | AV55: 0 | AW55: งานเคลือบ+พิมพ์ | AX55: / | AY55: 0 | AZ55: 0 | BA55: 0 | BB55: 0 | BC55: WRWT25850/WRWT25850 | BD55: 0
A56: 45916 | B56: MK68-001119 | C56: บจก.ซันฟีด | D56: 956 | E56: 20 | F56: 38 | G56: ขาว | H56: ด้าน | I56: 100 | J56: + | K56: 0 | L56: บิด | M56: ไม่สวมถุงใน | N56: 0 | O56: 0 | P56: 0 | Q56: 0 | R56: 0 | S56: 300กระสอบแบนเต็มใบ | T56: 45951 | U56: 2500 | V56: 1371 | W56: 1129 | X56: 2550 | Y56: 0 | Z56: WSWT2025800SM | AA56: 0 | AB56: 0 | AC56: 0 | AD56: 0 | AE56: 0 | AF56: 0 | AG56: ยังไม่ได้พิมพ์ | AH56: P6 | AI56: 4 | AJ56: 45951 | AK56: 45947 | AL56: 45940 | AM56: 45948 | AN56: 45949 | AO56: 45950 | AP56: 45946 | AQ56: 0 | AR56: 0 | AS56: 0 | AT56: 0 | AU56: 0 | AV56: 0 | AW56: งานเคลือบ+พิมพ์ | AX56: / | AY56: 0 | AZ56: 0 | BA56: 0 | BB56: 0 | BC56: WRWT25850/WRWT25850 | BD56: 0
A57: 45892 | B57: MK68-001027 | C57: บจก.เอสพีเอ็ม อาหารสัตว์ | D57: นีโอ 05 | E57: 20 | F57: 38 | G57: ขาว | H57: ด้าน | I57: 100 | J57: ± | K57: 5 | L57: ไม่ | M57: ไม่สวมถุงใน | N57: 0 | O57: 0 | P57: 0 | Q57: 0 | R57: 0 | S57: 500กระสอบแบน | T57: 45951 | U57: 6000 | V57: 6000 | W57: 0 | X57: 6100 | Y57: 0 | Z57: WSWT2025800SM | AA57: 0 | AB57: 0 | AC57: 0 | AD57: 0 | AE57: 0 | AF57: 0 | AG57: พร้อมส่ง | AH57: P6 | AI57: 4 | AJ57: 45951 | AK57: 45947 | AL57: 45940 | AM57: 45948 | AN57: 45949 | AO57: 45950 | AP57: 45946 | AQ57: 0 | AR57: 0 | AS57: 0 | AT57: 0 | AU57: 0 | AV57: 0 | AW57: งานเคลือบ+พิมพ์ | AX57: / | AY57: 0 | AZ57: 0 | BA57: 0 | BB57: 0 | BC57: WRWT25850/WRWT25850 | BD57: 0
A58: 45916 | B58: MK68-001119 | C58: บจก.ซันฟีด | D58: 953 | E58: 20 | F58: 38 | G58: ขาว | H58: ด้าน | I58: 100 | J58: + | K58: 0 | L58: บิด | M58: ไม่สวมถุงใน | N58: 0 | O58: 0 | P58: 0 | Q58: 0 | R58: 0 | S58: 300กระสอบแบนเต็มใบ | T58: 45951 | U58: 5000 | V58: 4825 | W58: 175 | X58: 5200 | Y58: 0 | Z58: WSWT2025800SM | AA58: 0 | AB58: 0 | AC58: 0 | AD58: 0 | AE58: 0 | AF58: 0 | AG58: ยังไม่ได้พิมพ์ | AH58: P6 | AI58: 4 | AJ58: 45951 | AK58: 45947 | AL58: 45940 | AM58: 45948 | AN58: 45949 | AO58: 45950 | AP58: 45946 | AQ58: 0 | AR58: 0 | AS58: 0 | AT58: 0 | AU58: 0 | AV58: 0 | AW58: งานเคลือบ+พิมพ์ | AX58: / | AY58: 0 | AZ58: 0 | BA58: 0 | BB58: 0 | BC58: WRWT25850/WRWT25850 | BD58: 0
A59: 45933 | B59: MK68-001207 | C59: บจก.เอสพีเอ็ม อาหารสัตว์ | D59: นาโน 04 | E59: 20 | F59: 38 | G59: ขาว | H59: ด้าน | I59: 100 | J59: ± | K59: 5 | L59: บิด | M59: ไม่สวมถุงใน | N59: 0 | O59: 0 | P59: 0 | Q59: 0 | R59: 0 | S59: 500กระสอบแบน | T59: 45951 | U59: 3000 | V59: 0 | W59: 3000 | X59: 0 | Y59: 3150 | Z59: WSWT2025800SM | AA59: 3310.89 | AB59: 3310.89 | AC59: 0 | AD59: 0 | AE59: 3310.89 | AF59: 0 | AG59: ยังไม่ได้พิมพ์ | AH59: P6 | AI59: 4 | AJ59: 45951 | AK59: 45947 | AL59: 45940 | AM59: 45948 | AN59: 45949 | AO59: 45950 | AP59: 45946 | AQ59: 0 | AR59: 0 | AS59: 0 | AT59: 0 | AU59: 0 | AV59: 0 | AW59: งานเคลือบ+พิมพ์ | AX59: / | AY59: 0 | AZ59: 0 | BA59: 0 | BB59: 0 | BC59: WRWT25850/WRWT25850 | BD59: 0
A60: 45891 | B60: MK68-001033 | C60: บจก.เอสพีเอ็ม อาหารสัตว์ | D60: นาโน 03 | E60: 20 | F60: 38 | G60: ขาว | H60: ด้าน | I60: 100 | J60: ± | K60: 5 | L60: บิด | M60: ไม่สวมถุงใน | N60: 0 | O60: 0 | P60: 0 | Q60: 0 | R60: 0 | S60: 500กระสอบแบน | T60: 45951 | U60: 9000 | V60: 8447 | W60: 553 | X60: 9150 | Y60: 0 | Z60: WSWT2025800SM | AA60: 0 | AB60: 0 | AC60: 0 | AD60: 0 | AE60: 0 | AF60: 0 | AG60: พร้อมส่ง | AH60: P6 | AI60: 5 | AJ60: 45951 | AK60: 45946 | AL60: 45939 | AM60: 45947 | AN60: 45948 | AO60: 45949 | AP60: 45946 | AQ60: 0 | AR60: 0 | AS60: 0 | AT60: 0 | AU60: 0 | AV60: 0 | AW60: งานเคลือบ+พิมพ์ | AX60: / | AY60: 8447 | AZ60: 0 | BA60: 0 | BB60: 0 | BC60: WRWT25850/WRWT25850 | BD60: 0
A61: 45916 | B61: MK68-001119 | C61: บจก.ซันฟีด | D61: 917 | E61: 20 | F61: 37 | G61: ขาว | H61: ด้าน | I61: 98 | J61: + | K61: 0 | L61: บิด | M61: ไม่สวมถุงใน | N61: 0 | O61: 0 | P61: 0 | Q61: 0 | R61: 0 | S61: 300กระสอบแบนเต็มใบ | T61: 45952 | U61: 2500 | V61: 0 | W61: 2500 | X61: 0 | Y61: 2625 | Z61: WSWT2025800SM | AA61: 2689.225 | AB61: 2689.225 | AC61: 0 | AD61: 0 | AE61: 2689.225 | AF61: 0 | AG61: พร้อมส่ง | AH61: P6 | AI61: 4 | AJ61: 45952 | AK61: 45948 | AL61: 45941 | AM61: 45949 | AN61: 45950 | AO61: 45951 | AP61: 45947 | AQ61: 0 | AR61: 0 | AS61: 0 | AT61: 0 | AU61: 0 | AV61: 0 | AW61: งานเคลือบ+พิมพ์ | AX61: / | AY61: 0 | AZ61: 0 | BA61: 0 | BB61: 0 | BC61: WRWT25850/WRWT25850 | BD61: 0
A62: 45923 | B62: MK68-001159 | C62: บจก.เอสพีเอ็ม อาหารสัตว์ | D62: SPM 915 | E62: 20 | F62: 38 | G62: ขาว | H62: ด้าน | I62: 100 | J62: ± | K62: 5 | L62: บิด | M62: ไม่สวมถุงใน | N62: 0 | O62: 0 | P62: 0 | Q62: 0 | R62: 0 | S62: 500กระสอบแบน | T62: 45953 | U62: 3000 | V62: 0 | W62: 3000 | X62: 0 | Y62: 3150 | Z62: WSWT2025800SM | AA62: 3310.89 | AB62: 3310.89 | AC62: 0 | AD62: 0 | AE62: 3310.89 | AF62: 0 | AG62: รอตัด | AH62: P6 | AI62: 4 | AJ62: 45953 | AK62: 45949 | AL62: 45942 | AM62: 45950 | AN62: 45951 | AO62: 45952 | AP62: 45948 | AQ62: 0 | AR62: 0 | AS62: 0 | AT62: 0 | AU62: 0 | AV62: 0 | AW62: งานเคลือบ+พิมพ์ | AX62: / | AY62: 0 | AZ62: 0 | BA62: 0 | BB62: 0 | BC62: WRWT25850/WRWT25850 | BD62: 0
A63: 45916 | B63: MK68-001119 | C63: บจก.ซันฟีด | D63: ขุนศึกเบอร์ 1 | E63: 20 | F63: 38 | G63: ขาว | H63: ด้าน | I63: 100 | J63: + | K63: 0 | L63: บิด | M63: ไม่สวมถุงใน | N63: 0 | O63: 0 | P63: 0 | Q63: 0 | R63: 0 | S63: 300กระสอบแบนเต็มใบ | T63: 45954 | U63: 7000 | V63: 6362 | W63: 638 | X63: 7000 | Y63: 0 | Z63: WSWT2025800SM | AA63: 0 | AB63: 0 | AC63: 0 | AD63: 0 | AE63: 0 | AF63: 0 | AG63: ยังไม่ได้พิมพ์ | AH63: P6 | AI63: 4 | AJ63: 45954 | AK63: 45950 | AL63: 45943 | AM63: 45951 | AN63: 45952 | AO63: 45953 | AP63: 45949 | AQ63: 0 | AR63: 0 | AS63: 0 | AT63: 0 | AU63: 0 | AV63: 0 | AW63: งานเคลือบ+พิมพ์ | AX63: / | AY63: 0 | AZ63: 0 | BA63: 0 | BB63: 0 | BC63: WRWT25850/WRWT25850 | BD63: 0
A64: 45916 | B64: MK68-001119 | C64: บจก.ซันฟีด | D64: 007 | E64: 20 | F64: 38 | G64: ขาว | H64: ด้าน | I64: 100 | J64: + | K64: 0 | L64: บิด | M64: ไม่สวมถุงใน | N64: 0 | O64: 0 | P64: 0 | Q64: 0 | R64: 0 | S64: 300กระสอบแบนเต็มใบ | T64: 45954 | U64: 2500 | V64: 2500 | W64: 0 | X64: 2550 | Y64: 0 | Z64: WSWT2025800SM | AA64: 0 | AB64: 0 | AC64: 0 | AD64: 0 | AE64: 0 | AF64: 0 | AG64: พร้อมส่ง | AH64: P6 | AI64: 4 | AJ64: 45954 | AK64: 45950 | AL64: 45943 | AM64: 45951 | AN64: 45952 | AO64: 45953 | AP64: 45949 | AQ64: 0 | AR64: 0 | AS64: 0 | AT64: 0 | AU64: 0 | AV64: 0 | AW64: งานเคลือบ+พิมพ์ | AX64: / | AY64: 0 | AZ64: 0 | BA64: 0 | BB64: 0 | BC64: WRWT25850/WRWT25850 | BD64: 0
A65: 45916 | B65: MK68-001119 | C65: บจก.ซันฟีด | D65: 952 | E65: 20 | F65: 38 | G65: ขาว | H65: ด้าน | I65: 100 | J65: + | K65: 0 | L65: บิด | M65: ไม่สวมถุงใน | N65: 0 | O65: 0 | P65: 0 | Q65: 0 | R65: 0 | S65: 300กระสอบแบนเต็มใบ | T65: 45954 | U65: 5000 | V65: 0 | W65: 5000 | X65: 5050 | Y65: 0 | Z65: WSWT2025800SM | AA65: 0 | AB65: 0 | AC65: 0 | AD65: 0 | AE65: 0 | AF65: 0 | AG65: พร้อมส่ง | AH65: P6 | AI65: 4 | AJ65: 45954 | AK65: 45950 | AL65: 45943 | AM65: 45951 | AN65: 45952 | AO65: 45953 | AP65: 45949 | AQ65: 0 | AR65: 0 | AS65: 0 | AT65: 0 | AU65: 0 | AV65: 0 | AW65: งานเคลือบ+พิมพ์ | AX65: / | AY65: 0 | AZ65: 0 | BA65: 0 | BB65: 0 | BC65: WRWT25850/WRWT25850 | BD65: 0
A66: 45798 | B66: MK68-000693 | C66: บจก.เอพีเอ็ม อะโกร | D66: ฟีล กู๊ด พี7 | E66: 20 | F66: 38 | G66: ขาว | H66: ใส | I66: 100 | J66: ± | K66: 5 | L66: บิด | M66: ไม่สวมถุงใน | N66: 0 | O66: 0 | P66: 0 | Q66: 0 | R66: 0 | S66: 500กระสอบแบน | T66: 45957 | U66: 3000 | V66: 0 | W66: 3000 | X66: 0 | Y66: 3150 | Z66: WSWT2025800SM | AA66: 3310.89 | AB66: 3310.89 | AC66: 0 | AD66: 3310.89 | AE66: 0 | AF66: 0 | AG66: ยังไม่ได้พิมพ์ | AH66: P6 | AI66: 4 | AJ66: 45957 | AK66: 45953 | AL66: 45946 | AM66: 45954 | AN66: 45955 | AO66: 45956 | AP66: 45952 | AQ66: 0 | AR66: 0 | AS66: 0 | AT66: 0 | AU66: 0 | AV66: 0 | AW66: งานเคลือบ+พิมพ์ | AX66: / | AY66: 0 | AZ66: 0 | BA66: 0 | BB66: 0 | BC66: WRWT25850/WRWT25850 | BD66: 0
A67: 45916 | B67: MK68-001119 | C67: บจก.ซันฟีด | D67: ขุนศึกเบอร์ 2 | E67: 20 | F67: 38 | G67: ขาว | H67: ด้าน | I67: 100 | J67: + | K67: 0 | L67: บิด | M67: ไม่สวมถุงใน | N67: 0 | O67: 0 | P67: 0 | Q67: 0 | R67: 0 | S67: 300กระสอบแบนเต็มใบ | T67: 45958 | U67: 5000 | V67: 5000 | W67: 0 | X67: 5100 | Y67: 0 | Z67: WSWT2025800SM | AA67: 0 | AB67: 0 | AC67: 0 | AD67: 0 | AE67: 0 | AF67: 13717 | AG67: พร้อมส่ง | AH67: P6 | AI67: 4 | AJ67: 45958 | AK67: 45954 | AL67: 45947 | AM67: 45955 | AN67: 45956 | AO67: 45957 | AP67: 45953 | AQ67: 0 | AR67: 0 | AS67: 0 | AT67: 0 | AU67: 0 | AV67: 0 | AW67: งานเคลือบ+พิมพ์ | AX67: / | AY67: 0 | AZ67: 0 | BA67: 0 | BB67: 0 | BC67: WRWT25850/WRWT25850 | BD67: 0
A68: 45909 | B68: MK68-001093 | C68: บจก.เอสพีเอ็ม อาหารสัตว์ | D68: เอส ฟาร์ม115 | E68: 20 | F68: 38 | G68: ขาว | H68: ด้าน | I68: 100 | J68: ± | K68: 5 | L68: บิด | M68: ไม่สวมถุงใน | N68: 0 | O68: 0 | P68: 0 | Q68: 0 | R68: 0 | S68: 500กระสอบแบน | T68: 45958 | U68: 6000 | V68: 5531 | W68: 469 | X68: 6100 | Y68: 0 | Z68: WSWT2025800SM | AA68: 0 | AB68: 0 | AC68: 0 | AD68: 0 | AE68: 0 | AF68: 0 | AG68: รอแบบ | AH68: P6 | AI68: 4 | AJ68: 45958 | AK68: 45954 | AL68: 45947 | AM68: 45955 | AN68: 45956 | AO68: 45957 | AP68: 45953 | AQ68: 0 | AR68: 0 | AS68: 0 | AT68: 0 | AU68: 0 | AV68: 0 | AW68: งานเคลือบ+พิมพ์ | AX68: / | AY68: 0 | AZ68: 0 | BA68: 0 | BB68: 0 | BC68: WRWT25850/WRWT25850 | BD68: 0
A69: 45916 | B69: MK68-001119 | C69: บจก.ซันฟีด | D69: ขุนศึกเบอร์ 1 | E69: 20 | F69: 38 | G69: ขาว | H69: ด้าน | I69: 100 | J69: + | K69: 0 | L69: บิด | M69: ไม่สวมถุงใน | N69: 0 | O69: 0 | P69: 0 | Q69: 0 | R69: 0 | S69: 300กระสอบแบนเต็มใบ | T69: 45960 | U69: 5000 | V69: 0 | W69: 5000 | X69: 0 | Y69: 5250 | Z69: WSWT2025800SM | AA69: 5518.15 | AB69: 5518.15 | AC69: 0 | AD69: 0 | AE69: 5518.15 | AF69: 0 | AG69: รอแบบ | AH69: P6 | AI69: 4 | AJ69: 45960 | AK69: 45956 | AL69: 45949 | AM69: 45957 | AN69: 45958 | AO69: 45959 | AP69: 45955 | AQ69: 0 | AR69: 0 | AS69: 0 | AT69: 0 | AU69: 0 | AV69: 0 | AW69: งานเคลือบ+พิมพ์ | AX69: / | AY69: 0 | AZ69: 0 | BA69: 0 | BB69: 0 | BC69: WRWT25850/WRWT25850 | BD69: 0
A70: 45916 | B70: MK68-001119 | C70: บจก.ซันฟีด | D70: ขุนศึกเบอร์ 2 | E70: 20 | F70: 38 | G70: ขาว | H70: ด้าน | I70: 100 | J70: + | K70: 0 | L70: บิด | M70: ไม่สวมถุงใน | N70: 0 | O70: 0 | P70: 0 | Q70: 0 | R70: 0 | S70: 300กระสอบแบนเต็มใบ | T70: 45960 | U70: 5000 | V70: 4900 | W70: 100 | X70: 5385 | Y70: 0 | Z70: WSWT2025800SM | AA70: 0 | AB70: 0 | AC70: 0 | AD70: 0 | AE70: 0 | AF70: 0 | AG70: ยังไม่ได้พิมพ์ | AH70: P6 | AI70: 4 | AJ70: 45960 | AK70: 45956 | AL70: 45949 | AM70: 45957 | AN70: 45958 | AO70: 45959 | AP70: 45955 | AQ70: 0 | AR70: 0 | AS70: 0 | AT70: 0 | AU70: 0 | AV70: 0 | AW70: งานเคลือบ+พิมพ์ | AX70: / | AY70: 0 | AZ70: 0 | BA70: 0 | BB70: 0 | BC70: WRWT25850/WRWT25850 | BD70: 0
A71: ประมาณการ | B71: ประมาณการ | C71: บจก.เอสพีเอ็ม อาหารสัตว์ | D71: รอแบบ | E71: 20 | F71: 38 | G71: ขาว | H71: ใส | I71: 100 | J71: ± | K71: 5 | L71: บิด | M71: ไม่สวมถุงใน | N71: 0 | O71: 0 | P71: 0 | Q71: 0 | R71: 0 | S71: 500กระสอบแบน | T71: 45960 | U71: 20000 | V71: 0 | W71: 20000 | X71: 0 | Y71: 21000 | Z71: WSWT2025800SM | AA71: 22072.6 | AB71: 0 | AC71: 22072.6 | AD71: 0 | AE71: 22072.6 | AF71: 0 | AG71: รอตัด | AH71: P6 | AI71: 4 | AJ71: 45960 | AK71: 45956 | AL71: 45949 | AM71: 45957 | AN71: 45958 | AO71: 45959 | AP71: 45955 | AQ71: 0 | AR71: 0 | AS71: 0 | AT71: 0 | AU71: 0 | AV71: 0 | AW71: งานเคลือบ+พิมพ์ | AX71: รอART | AY71: 0 | AZ71: 0 | BA71: 0 | BB71: 0 | BC71: WRWT25850/WRWT25850 | BD71: 1667.7076
A72: ประมาณการ | B72: ประมาณการ | C72: บจก.ไทยธรรมดี | D72: รอแบบ | E72: 20 | F72: 37 | G72: ขาว | H72: ด้าน | I72: 97 | J72: ± | K72: 5 | L72: บิด | M72: ไม่สวมถุงใน | N72: 0 | O72: 0 | P72: 0 | Q72: 0 | R72: 0 | S72: 500กระสอบ | T72: 45960 | U72: 20000 | V72: 0 | W72: 20000 | X72: 0 | Y72: 21000 | Z72: WSWT2025800SM | AA72: 21513.8 | AB72: 0 | AC72: 21513.8 | AD72: 0 | AE72: 21513.8 | AF72: 0 | AG72: ยังไม่ได้พิมพ์ | AH72: P6 | AI72: 4 | AJ72: 45960 | AK72: 45956 | AL72: 45949 | AM72: 45957 | AN72: 45958 | AO72: 45959 | AP72: 45955 | AQ72: 0 | AR72: 0 | AS72: 0 | AT72: 0 | AU72: 0 | AV72: 0 | AW72: งานเคลือบ+พิมพ์ | AX72: รอART | AY72: 0 | AZ72: 0 | BA72: 0 | BB72: 0 | BC72: WRWT25850/WRWT25850 | BD72: 1625.4871
A73: 45916 | B73: MK68-001119 | C73: บจก.ซันฟีด | D73: ขุนศึกเบอร์ 1 | E73: 20 | F73: 38 | G73: ขาว | H73: ด้าน | I73: 100 | J73: + | K73: 0 | L73: บิด | M73: ไม่สวมถุงใน | N73: 0 | O73: 0 | P73: 0 | Q73: 0 | R73: 0 | S73: 300กระสอบแบนเต็มใบ | T73: 45960 | U73: 5000 | V73: 0 | W73: 5000 | X73: 0 | Y73: 5250 | Z73: WSWT2025800SM | AA73: 5518.15 | AB73: 5518.15 | AC73: 0 | AD73: 0 | AE73: 5518.15 | AF73: 0 | AG73: รอตัด | AH73: P6 | AI73: 4 | AJ73: 45960 | AK73: 45956 | AL73: 45949 | AM73: 45957 | AN73: 45958 | AO73: 45959 | AP73: 45955 | AQ73: 0 | AR73: 0 | AS73: 0 | AT73: 0 | AU73: 0 | AV73: 0 | AW73: งานเคลือบ+พิมพ์ | AX73: / | AY73: 0 | AZ73: 0 | BA73: 0 | BB73: 0 | BC73: WRWT25850/WRWT25850 | BD73: 0
A74: 45916 | B74: MK68-001119 | C74: บจก.ซันฟีด | D74: 007 | E74: 20 | F74: 38 | G74: ขาว | H74: ด้าน | I74: 100 | J74: + | K74: 0 | L74: บิด | M74: ไม่สวมถุงใน | N74: 0 | O74: 0 | P74: 0 | Q74: 0 | R74: 0 | S74: 300กระสอบแบนเต็มใบ | T74: 45961 | U74: 2500 | V74: 1129 | W74: 1371 | X74: 2550 | Y74: 0 | Z74: WSWT2025800SM | AA74: 0 | AB74: 0 | AC74: 0 | AD74: 0 | AE74: 0 | AF74: 0 | AG74: ยังไม่ได้พิมพ์ | AH74: P6 | AI74: 4 | AJ74: 45961 | AK74: 45957 | AL74: 45950 | AM74: 45958 | AN74: 45959 | AO74: 45960 | AP74: 45956 | AQ74: 0 | AR74: 0 | AS74: 0 | AT74: 0 | AU74: 0 | AV74: 0 | AW74: งานเคลือบ+พิมพ์ | AX74: / | AY74: 0 | AZ74: 0 | BA74: 0 | BB74: 0 | BC74: WRWT25850/WRWT25850 | BD74: 0
A75: 45916 | B75: MK68-001119 | C75: บจก.ซันฟีด | D75: 917 | E75: 20 | F75: 37 | G75: ขาว | H75: ด้าน | I75: 98 | J75: + | K75: 0 | L75: บิด | M75: ไม่สวมถุงใน | N75: 0 | O75: 0 | P75: 0 | Q75: 0 | R75: 0 | S75: 300กระสอบแบนเต็มใบ | T75: 45961 | U75: 2500 | V75: 0 | W75: 2500 | X75: 0 | Y75: 2625 | Z75: WSWT2025800SM | AA75: 2689.225 | AB75: 2689.225 | AC75: 0 | AD75: 0 | AE75: 2689.225 | AF75: 0 | AG75: ยังไม่ได้พิมพ์ | AH75: P6 | AI75: 4 | AJ75: 45961 | AK75: 45957 | AL75: 45950 | AM75: 45958 | AN75: 45959 | AO75: 45960 | AP75: 45956 | AQ75: 0 | AR75: 0 | AS75: 0 | AT75: 0 | AU75: 0 | AV75: 0 | AW75: งานเคลือบ+พิมพ์ | AX75: / | AY75: 0 | AZ75: 0 | BA75: 0 | BB75: 0 | BC75: WRWT25850/WRWT25850 | BD75: 0
A76: 45916 | B76: MK68-001119 | C76: บจก.ซันฟีด | D76: 952 | E76: 20 | F76: 38 | G76: ขาว | H76: ด้าน | I76: 100 | J76: + | K76: 0 | L76: บิด | M76: ไม่สวมถุงใน | N76: 0 | O76: 0 | P76: 0 | Q76: 0 | R76: 0 | S76: 300กระสอบแบนเต็มใบ | T76: 45961 | U76: 5000 | V76: 0 | W76: 5000 | X76: 5050 | Y76: 0 | Z76: WSWT2025800SM | AA76: 0 | AB76: 0 | AC76: 0 | AD76: 0 | AE76: 0 | AF76: 0 | AG76: รอแบบ | AH76: P6 | AI76: 4 | AJ76: 45961 | AK76: 45957 | AL76: 45950 | AM76: 45958 | AN76: 45959 | AO76: 45960 | AP76: 45956 | AQ76: 0 | AR76: 0 | AS76: 0 | AT76: 0 | AU76: 0 | AV76: 0 | AW76: งานเคลือบ+พิมพ์ | AX76: / | AY76: 0 | AZ76: 0 | BA76: 0 | BB76: 0 | BC76: WRWT25850/WRWT25850 | BD76: 0
A77: 45911 | B77: MK68-001106 | C77: บจก.เอพีเอ็ม อะโกร | D77: วี-ฟีด วี 06 | E77: 20 | F77: 38 | G77: ขาว | H77: ใส | I77: 100 | J77: ± | K77: 5 | L77: บิด | M77: ไม่สวมถุงใน | N77: 0 | O77: 0 | P77: 0 | Q77: 0 | R77: 0 | S77: 500กระสอบแบน | T77: 45961 | U77: 3000 | V77: 0 | W77: 3000 | X77: 0 | Y77: 3150 | Z77: WSWT2025800SM | AA77: 3310.89 | AB77: 3310.89 | AC77: 0 | AD77: 3310.89 | AE77: 0 | AF77: 0 | AG77: รอแบบ | AH77: P6 | AI77: 4 | AJ77: 45961 | AK77: 45957 | AL77: 45950 | AM77: 45958 | AN77: 45959 | AO77: 45960 | AP77: 45956 | AQ77: 0 | AR77: 0 | AS77: 0 | AT77: 0 | AU77: 0 | AV77: 0 | AW77: งานเคลือบ+พิมพ์ | AX77: / | AY77: 0 | AZ77: 0 | BA77: 0 | BB77: 0 | BC77: WRWT25850/WRWT25850 | BD77: 0
A78: 45909 | B78: MK68-001091 | C78: บจก.เอพีเอ็ม อะโกร | D78: ยู-ฟีด บี1 | E78: 20 | F78: 40 | G78: ขาว | H78: ใส | I78: 108 | J78: ± | K78: 5 | L78: บิด | M78: ไม่สวมถุงใน | N78: 0 | O78: 0 | P78: 0 | Q78: 0 | R78: 0 | S78: 500กระสอบแบน | T78: 45961 | U78: 3000 | V78: 0 | W78: 3000 | X78: 0 | Y78: 3150 | Z78: WSWT2025800SM | AA78: 3478.53 | AB78: 3478.53 | AC78: 0 | AD78: 3478.53 | AE78: 0 | AF78: 0 | AG78: พร้อมส่ง | AH78: P6 | AI78: 4 | AJ78: 45961 | AK78: 45957 | AL78: 45950 | AM78: 45958 | AN78: 45959 | AO78: 45960 | AP78: 45956 | AQ78: 0 | AR78: 0 | AS78: 0 | AT78: 0 | AU78: 0 | AV78: 0 | AW78: งานเคลือบ+พิมพ์ | AX78: / | AY78: 0 | AZ78: 0 | BA78: 0 | BB78: 0 | BC78: WRWT25850/WRWT25850 | BD78: 0
A79: ประมาณการ | B79: ประมาณการ | C79: บจก.อินเทคค์ โกลบอล | D79: รอแบบ | E79: 20 | F79: 36 | G79: ขาว | H79: ด้าน | I79: 100 | J79: ± | K79: 5 | L79: จับจีบ | M79: ไม่สวมถุงใน | N79: 0 | O79: 0 | P79: 0 | Q79: 0 | R79: 0 | S79: มัด80 ใช้สายรัด | T79: 45961 | U79: 100000 | V79: 0 | W79: 100000 | X79: 0 | Y79: 105000 | Z79: WSWT2025800SM | AA79: 104775 | AB79: 0 | AC79: 104775 | AD79: 0 | AE79: 104775 | AF79: 0 | AG79: ยังไม่ได้พิมพ์ | AH79: P6 | AI79: 4 | AJ79: 45961 | AK79: 45957 | AL79: 45950 | AM79: 45958 | AN79: 45959 | AO79: 45960 | AP79: 45956 | AQ79: 0 | AR79: 0 | AS79: 0 | AT79: 0 | AU79: 0 | AV79: 0 | AW79: งานเคลือบ+พิมพ์ | AX79: รอART | AY79: 0 | AZ79: 0 | BA79: 0 | BB79: 0 | BC79: WRWT25850/WRWT25850 | BD79: 7916.3333
A80: ประมาณการ | B80: ประมาณการ | C80: บจก.ซันฟีด | D80: รอแบบ | E80: 20 | F80: 38 | G80: ขาว | H80: ด้าน | I80: 100 | J80: + | K80: 0 | L80: บิด | M80: ไม่สวมถุงใน | N80: 0 | O80: 0 | P80: 0 | Q80: 0 | R80: 0 | S80: 300กระสอบแบนเต็มใบ | T80: 45961 | U80: 305000 | V80: 0 | W80: 305000 | X80: 0 | Y80: 320250 | Z80: WSWT2025800SM | AA80: 336607.15 | AB80: 0 | AC80: 336607.15 | AD80: 0 | AE80: 336607.15 | AF80: 0 | AG80: ยังไม่ได้พิมพ์ | AH80: P6 | AI80: 4 | AJ80: 45961 | AK80: 45957 | AL80: 45950 | AM80: 45958 | AN80: 45959 | AO80: 45960 | AP80: 45956 | AQ80: 0 | AR80: 0 | AS80: 0 | AT80: 0 | AU80: 0 | AV80: 0 | AW80: งานเคลือบ+พิมพ์ | AX80: รอART | AY80: 0 | AZ80: 0 | BA80: 0 | BB80: 0 | BC80: WRWT25850/WRWT25850 | BD80: 25432.54
A81: 45891 | B81: MK68-001035 | C81: บจก.เอสพีเอ็ม อาหารสัตว์ | D81: นาโน 02 | E81: 20 | F81: 38 | G81: ขาว | H81: ด้าน | I81: 100 | J81: ± | K81: 5 | L81: บิด | M81: ไม่สวมถุงใน | N81: 0 | O81: 0 | P81: 0 | Q81: 0 | R81: 0 | S81: 500กระสอบแบน | T81: 45962 | U81: 6000 | V81: 5500 | W81: 500 | X81: 9455 | Y81: 0 | Z81: WSWT2025800SM | AA81: 0 | AB81: 0 | AC81: 0 | AD81: 0 | AE81: 0 | AF81: 0 | AG81: ยังไม่ได้พิมพ์ | AH81: P6 | AI81: 5 | AJ81: 45962 | AK81: 45957 | AL81: 45950 | AM81: 45958 | AN81: 45959 | AO81: 45960 | AP81: 45957 | AQ81: 0 | AR81: 0 | AS81: 0 | AT81: 0 | AU81: 0 | AV81: 0 | AW81: งานเคลือบ+พิมพ์ | AX81: / | AY81: 8500 | AZ81: 0 | BA81: 0 | BB81: 0 | BC81: WRWT25850/WRWT25850 | BD81: 0
A82: 45933 | B82: MK68-001206 | C82: บจก.เอสพีเอ็ม อาหารสัตว์ | D82: นาโน 06 | E82: 20 | F82: 38 | G82: ขาว | H82: ด้าน | I82: 100 | J82: ± | K82: 5 | L82: บิด | M82: ไม่สวมถุงใน | N82: 0 | O82: 0 | P82: 0 | Q82: 0 | R82: 0 | S82: 500กระสอบแบน | T82: 45972 | U82: 3000 | V82: 0 | W82: 3000 | X82: 0 | Y82: 3150 | Z82: WSWT2025800SM | AA82: 3310.89 | AB82: 3310.89 | AC82: 0 | AD82: 0 | AE82: 3310.89 | AF82: 0 | AG82: ยังไม่ได้พิมพ์ | AH82: P6 | AI82: 4 | AJ82: 45972 | AK82: 45968 | AL82: 45961 | AM82: 45969 | AN82: 45970 | AO82: 45971 | AP82: 45967 | AQ82: 0 | AR82: 0 | AS82: 0 | AT82: 0 | AU82: 0 | AV82: 0 | AW82: งานเคลือบ+พิมพ์ | AX82: / | AY82: 0 | AZ82: 0 | BA82: 0 | BB82: 0 | BC82: WRWT25850/WRWT25850 | BD82: 0
A83: 45923 | B83: MK68-001155 | C83: บจก.เอสพีเอ็ม อาหารสัตว์ | D83: นาโน 01 พลัส | E83: 20 | F83: 38 | G83: ขาว | H83: ด้าน | I83: 100 | J83: ± | K83: 5 | L83: บิด | M83: ไม่สวมถุงใน | N83: 0 | O83: 0 | P83: 0 | Q83: 0 | R83: 0 | S83: 500กระสอบแบน | T83: 45972 | U83: 3000 | V83: 0 | W83: 3000 | X83: 0 | Y83: 3150 | Z83: WSWT2025800SM | AA83: 3310.89 | AB83: 3310.89 | AC83: 0 | AD83: 0 | AE83: 3310.89 | AF83: 0 | AG83: พร้อมส่ง | AH83: P6 | AI83: 4 | AJ83: 45972 | AK83: 45968 | AL83: 45961 | AM83: 45969 | AN83: 45970 | AO83: 45971 | AP83: 45967 | AQ83: 0 | AR83: 0 | AS83: 0 | AT83: 0 | AU83: 0 | AV83: 0 | AW83: งานเคลือบ+พิมพ์ | AX83: / | AY83: 0 | AZ83: 0 | BA83: 0 | BB83: 0 | BC83: WRWT25850/WRWT25850 | BD83: 0
A84: 45923 | B84: MK68-001158 | C84: บจก.เอสพีเอ็ม อาหารสัตว์ | D84: SW 441 | E84: 20 | F84: 38 | G84: ขาว | H84: ใส | I84: 100 | J84: ± | K84: 5 | L84: บิด | M84: ไม่สวมถุงใน | N84: 0 | O84: 0 | P84: 0 | Q84: 0 | R84: 0 | S84: 500กระสอบแบน | T84: 45972 | U84: 6000 | V84: 0 | W84: 6000 | X84: 0 | Y84: 6300 | Z84: WSWT2025800SM | AA84: 6621.78 | AB84: 6621.78 | AC84: 0 | AD84: 6621.78 | AE84: 0 | AF84: 0 | AG84: ยังไม่ได้พิมพ์ | AH84: P6 | AI84: 4 | AJ84: 45972 | AK84: 45968 | AL84: 45961 | AM84: 45969 | AN84: 45970 | AO84: 45971 | AP84: 45967 | AQ84: 0 | AR84: 0 | AS84: 0 | AT84: 0 | AU84: 0 | AV84: 0 | AW84: งานเคลือบ+พิมพ์ | AX84: / | AY84: 0 | AZ84: 0 | BA84: 0 | BB84: 0 | BC84: WRWT25850/WRWT25850 | BD84: 0
A85: 45941 | B85: ใบรับคำสั่งซื้อ | C85: บจก.เอพีเอ็ม อะโกร | D85: APM 914 | E85: 20 | F85: 38 | G85: ขาว | H85: ใส | I85: 100 | J85: ± | K85: 5 | L85: บิด | M85: ไม่สวมถุงใน | N85: 0 | O85: 0 | P85: 0 | Q85: 0 | R85: 0 | S85: 500กระสอบแบน | T85: 45975 | U85: 3000 | V85: 0 | W85: 3000 | X85: 0 | Y85: 3150 | Z85: WSWT2025800SM | AA85: 3310.89 | AB85: 3310.89 | AC85: 0 | AD85: 0 | AE85: 3310.89 | AF85: 0 | AG85: ยังไม่ได้พิมพ์ | AH85: P6 | AI85: 4 | AJ85: 45975 | AK85: 45971 | AL85: 45964 | AM85: 45972 | AN85: 45973 | AO85: 45974 | AP85: 45970 | AQ85: 0 | AR85: 0 | AS85: 0 | AT85: 0 | AU85: 0 | AV85: 0 | AW85: งานเคลือบ+พิมพ์ | AX85: รอART | AY85: 0 | AZ85: 0 | BA85: 0 | BB85: 0 | BC85: WRWT25850/WRWT25850 | BD85: 0
A86: 45896 | B86: MK68-001040 | C86: บจก.เอสพีเอ็ม อาหารสัตว์ | D86: ฟิล กู๊ด พี4 | E86: 20 | F86: 38 | G86: ขาว | H86: ใส | I86: 100 | J86: ± | K86: 5 | L86: บิด | M86: ไม่สวมถุงใน | N86: 0 | O86: 0 | P86: 0 | Q86: 0 | R86: 0 | S86: 500กระสอบแบน | T86: 45975 | U86: 3000 | V86: 3194 | W86: 0 | X86: 8100 | Y86: 0 | Z86: WSWT2025800SM | AA86: 0 | AB86: 0 | AC86: 0 | AD86: 0 | AE86: 0 | AF86: 0 | AG86: พร้อมส่ง | AH86: P6 | AI86: 5 | AJ86: 45975 | AK86: 45970 | AL86: 45963 | AM86: 45971 | AN86: 45972 | AO86: 45973 | AP86: 45970 | AQ86: 0 | AR86: 0 | AS86: 0 | AT86: 0 | AU86: 0 | AV86: 0 | AW86: งานเคลือบ+พิมพ์ | AX86: / | AY86: 0 | AZ86: 0 | BA86: 0 | BB86: 0 | BC86: WRWT25850/WRWT25850 | BD86: 0
A87: 45933 | B87: MK68-001202 | C87: บจก.เอพีเอ็ม อะโกร | D87: ยู-ฟีด รวมหมู | E87: 20 | F87: 38 | G87: ขาว | H87: ใส | I87: 100 | J87: ± | K87: 5 | L87: บิด | M87: ไม่สวมถุงใน | N87: 0 | O87: 0 | P87: 0 | Q87: 0 | R87: 0 | S87: 500กระสอบแบน | T87: 45985 | U87: 3000 | V87: 0 | W87: 3000 | X87: 0 | Y87: 3150 | Z87: WSWT2025800SM | AA87: 3310.89 | AB87: 3310.89 | AC87: 0 | AD87: 3310.89 | AE87: 0 | AF87: 0 | AG87: รอตัด | AH87: P6 | AI87: 4 | AJ87: 45985 | AK87: 45981 | AL87: 45974 | AM87: 45982 | AN87: 45983 | AO87: 45984 | AP87: 45980 | AQ87: 0 | AR87: 0 | AS87: 0 | AT87: 0 | AU87: 0 | AV87: 0 | AW87: งานเคลือบ+พิมพ์ | AX87: / | AY87: 0 | AZ87: 0 | BA87: 0 | BB87: 0 | BC87: WRWT25850/WRWT25850 | BD87: 0
A88: 45896 | B88: MK68-001039 | C88: บจก.เอสพีเอ็ม อาหารสัตว์ | D88: U-GOAT14 | E88: 20 | F88: 38 | G88: ขาว | H88: ใส | I88: 100 | J88: ± | K88: 5 | L88: บิด | M88: ไม่สวมถุงใน | N88: 0 | O88: 0 | P88: 0 | Q88: 0 | R88: 0 | S88: 500กระสอบแบน | T88: 45985 | U88: 3000 | V88: 0 | W88: 3000 | X88: 0 | Y88: 3150 | Z88: WSWT2025800SM | AA88: 3310.89 | AB88: 3310.89 | AC88: 0 | AD88: 3310.89 | AE88: 0 | AF88: 0 | AG88: พร้อมส่ง | AH88: P6 | AI88: 5 | AJ88: 45985 | AK88: 45980 | AL88: 45973 | AM88: 45981 | AN88: 45982 | AO88: 45983 | AP88: 45980 | AQ88: 0 | AR88: 0 | AS88: 0 | AT88: 0 | AU88: 0 | AV88: 0 | AW88: งานเคลือบ+พิมพ์ | AX88: / | AY88: 0 | AZ88: 0 | BA88: 0 | BB88: 0 | BC88: WRWT25850/WRWT25850 | BD88: 0
A89: 45919 | B89: MK68-001123 | C89: บจก.อินเทคค์ โกลบอล | D89: เพอเฟคค์ 912 | E89: 20 | F89: 36 | G89: ขาว | H89: ด้าน | I89: 100 | J89: ± | K89: 5 | L89: จับจีบ4" | M89: ไม่สวมถุงใน | N89: 0 | O89: 0 | P89: 0 | Q89: 0 | R89: 0 | S89: มัด80 ใช้สายรัด | T89: รอแจ้ง | U89: 48 | V89: 0 | W89: 48 | X89: 11390 | Y89: 0 | Z89: WSWT2025800SM | AA89: 0 | AB89: 0 | AC89: 0 | AD89: 0 | AE89: 0 | AF89: 0 | AG89: รอตัด | AH89: P6 | AI89: 4 | AJ89: รอแจ้ง | AK89: #VALUE! | AL89: #VALUE! | AM89: #VALUE! | AN89: #VALUE! | AO89: #VALUE! | AP89: #VALUE! | AQ89: 0 | AR89: 0 | AS89: 0 | AT89: 0 | AU89: 0 | AV89: 0 | AW89: งานเคลือบ+พิมพ์ | AX89: / | AY89: ลบสีจำนวนมาก | AZ89: 0 | BA89: 0 | BB89: 0 | BC89: WRWT25850/WRWT25850 | BD89: 0
A90: 45919 | B90: MK68-001124 | C90: บจก.อินเทคค์ โกลบอล | D90: เพอเฟคค์ 913 | E90: 20 | F90: 36 | G90: ขาว | H90: ด้าน | I90: 100 | J90: ± | K90: 5 | L90: จับจีบ4" | M90: ไม่สวมถุงใน | N90: 0 | O90: 0 | P90: 0 | Q90: 0 | R90: 0 | S90: มัด80 ใช้สายรัด | T90: รอแจ้ง | U90: 1933 | V90: 0 | W90: 1933 | X90: 33440 | Y90: 0 | Z90: WSWT2025800SM | AA90: 0 | AB90: 0 | AC90: 0 | AD90: 0 | AE90: 0 | AF90: ตัดหมดแล้ว | AG90: ยังไม่ได้พิมพ์ | AH90: P6 | AI90: 4 | AJ90: รอแจ้ง | AK90: #VALUE! | AL90: #VALUE! | AM90: #VALUE! | AN90: #VALUE! | AO90: #VALUE! | AP90: #VALUE! | AQ90: 0 | AR90: 0 | AS90: 0 | AT90: 0 | AU90: 0 | AV90: 0 | AW90: งานเคลือบ+พิมพ์ | AX90: / | AY90: 4/10 11/10 | AZ90: 0 | BA90: 0 | BB90: 0 | BC90: WRWT25850/WRWT25850 | BD90: 0
A91: 45919 | B91: MK68-001121 | C91: บจก.อินเทคค์ โกลบอล | D91: เฟิร์สช้อย 912 | E91: 20 | F91: 36 | G91: ขาว | H91: ด้าน | I91: 100 | J91: ± | K91: 5 | L91: จับจีบ4" | M91: ไม่สวมถุงใน | N91: 0 | O91: 0 | P91: 0 | Q91: 0 | R91: 0 | S91: มัด80 ใช้สายรัด | T91: รอแจ้ง | U91: 604 | V91: 0 | W91: 604 | X91: 16380 | Y91: 0 | Z91: WSWT2025800SM | AA91: 0 | AB91: 0 | AC91: 0 | AD91: 0 | AE91: 0 | AF91: 0 | AG91: ยังไม่ได้พิมพ์ | AH91: P6 | AI91: 4 | AJ91: รอแจ้ง | AK91: #VALUE! | AL91: #VALUE! | AM91: #VALUE! | AN91: #VALUE! | AO91: #VALUE! | AP91: #VALUE! | AQ91: 0 | AR91: 0 | AS91: 0 | AT91: 0 | AU91: 0 | AV91: 0 | AW91: งานเคลือบ+พิมพ์ | AX91: / | AY91: 0 | AZ91: 0 | BA91: 0 | BB91: 0 | BC91: WRWT25850/WRWT25850 | BD91: 0
A92: 45919 | B92: MK68-001122 | C92: บจก.อินเทคค์ โกลบอล | D92: เพอเฟคค์ 914 | E92: 20 | F92: 36 | G92: ขาว | H92: ด้าน | I92: 100 | J92: ± | K92: 5 | L92: จับจีบ4" | M92: ไม่สวมถุงใน | N92: 0 | O92: 0 | P92: 0 | Q92: 0 | R92: 0 | S92: มัด80 ใช้สายรัด | T92: รอแจ้ง | U92: 1174 | V92: 0 | W92: 1174 | X92: 21440 | Y92: 0 | Z92: WSWT2025800SM | AA92: 0 | AB92: 0 | AC92: 0 | AD92: 0 | AE92: 0 | AF92: 0 | AG92: ยังไม่ได้พิมพ์ | AH92: P6 | AI92: 4 | AJ92: รอแจ้ง | AK92: #VALUE! | AL92: #VALUE! | AM92: #VALUE! | AN92: #VALUE! | AO92: #VALUE! | AP92: #VALUE! | AQ92: 0 | AR92: 0 | AS92: 0 | AT92: 0 | AU92: 0 | AV92: 0 | AW92: งานเคลือบ+พิมพ์ | AX92: / | AY92: 0 | AZ92: 0 | BA92: 0 | BB92: 0 | BC92: WRWT25850/WRWT25850 | BD92: 0
A93: 45933 | B93: MK68-001213 | C93: บจก.เอสพีเอ็ม อาหารสัตว์ | D93: SPM914 | E93: 20 | F93: 38 | G93: ขาว | H93: ด้าน | I93: 100 | J93: ± | K93: 5 | L93: บิด | M93: ไม่สวมถุงใน | N93: 0 | O93: 0 | P93: 0 | Q93: 0 | R93: 0 | S93: 500กระสอบแบน | T93: รอแจ้ง | U93: 3000 | V93: 0 | W93: 3000 | X93: 0 | Y93: 3150 | Z93: WSWT2025800SM | AA93: 3310.89 | AB93: 3310.89 | AC93: 0 | AD93: 0 | AE93: 3310.89 | AF93: 0 | AG93: ยังไม่ได้พิมพ์ | AH93: P6 | AI93: 4 | AJ93: รอแจ้ง | AK93: #VALUE! | AL93: #VALUE! | AM93: #VALUE! | AN93: #VALUE! | AO93: #VALUE! | AP93: #VALUE! | AQ93: 0 | AR93: 0 | AS93: 0 | AT93: 0 | AU93: 0 | AV93: 0 | AW93: งานเคลือบ+พิมพ์ | AX93: / | AY93: 0 | AZ93: 0 | BA93: 0 | BB93: 0 | BC93: WRWT25850/WRWT25850 | BD93: 0
A94: 45933 | B94: MK68-001205 | C94: บจก.เอพีเอ็ม อะโกร | D94: นีโอ พี4(เอส) | E94: 20 | F94: 38 | G94: ขาว | H94: ใส | I94: 100 | J94: ± | K94: 5 | L94: บิด | M94: ไม่สวมถุงใน | N94: 0 | O94: 0 | P94: 0 | Q94: 0 | R94: 0 | S94: 500กระสอบแบน | T94: รอแจ้ง | U94: 3000 | V94: 0 | W94: 3000 | X94: 0 | Y94: 3150 | Z94: WSWT2025800SM | AA94: 3310.89 | AB94: 3310.89 | AC94: 0 | AD94: 3310.89 | AE94: 0 | AF94: 0 | AG94: รอตัด | AH94: P6 | AI94: 4 | AJ94: รอแจ้ง | AK94: #VALUE! | AL94: #VALUE! | AM94: #VALUE! | AN94: #VALUE! | AO94: #VALUE! | AP94: #VALUE! | AQ94: 0 | AR94: 0 | AS94: 0 | AT94: 0 | AU94: 0 | AV94: 0 | AW94: งานเคลือบ+พิมพ์ | AX94: / | AY94: 0 | AZ94: 0 | BA94: 0 | BB94: 0 | BC94: WRWT25850/WRWT25850 | BD94: 0
A95: 45933 | B95: MK68-001204 | C95: บจก.เอพีเอ็ม อะโกร | D95: นีโอ พี3 | E95: 20 | F95: 38 | G95: ขาว | H95: ใส | I95: 100 | J95: ± | K95: 5 | L95: บิด | M95: ไม่สวมถุงใน | N95: 0 | O95: 0 | P95: 0 | Q95: 0 | R95: 0 | S95: 500กระสอบแบน | T95: รอแจ้ง | U95: 3000 | V95: 0 | W95: 3000 | X95: 0 | Y95: 3150 | Z95: WSWT2025800SM | AA95: 3310.89 | AB95: 3310.89 | AC95: 0 | AD95: 3310.89 | AE95: 0 | AF95: 0 | AG95: พร้อมส่ง | AH95: P6 | AI95: 4 | AJ95: รอแจ้ง | AK95: #VALUE! | AL95: #VALUE! | AM95: #VALUE! | AN95: #VALUE! | AO95: #VALUE! | AP95: #VALUE! | AQ95: 0 | AR95: 0 | AS95: 0 | AT95: 0 | AU95: 0 | AV95: 0 | AW95: งานเคลือบ+พิมพ์ | AX95: / | AY95: 0 | AZ95: 0 | BA95: 0 | BB95: 0 | BC95: WRWT25850/WRWT25850 | BD95: 0
A96: 45933 | B96: MK68-001203 | C96: บจก.เอพีเอ็ม อะโกร | D96: SPM190 GOAL | E96: 20 | F96: 38 | G96: ขาว | H96: ใส | I96: 100 | J96: ± | K96: 5 | L96: บิด | M96: ไม่สวมถุงใน | N96: 0 | O96: 0 | P96: 0 | Q96: 0 | R96: 0 | S96: 500กระสอบแบน | T96: รอแจ้ง | U96: 4000 | V96: 0 | W96: 4000 | X96: 0 | Y96: 4200 | Z96: WSWT2025800SM | AA96: 4414.52 | AB96: 4414.52 | AC96: 0 | AD96: 4414.52 | AE96: 0 | AF96: 0 | AG96: ยังไม่ได้พิมพ์ | AH96: P6 | AI96: 4 | AJ96: รอแจ้ง | AK96: #VALUE! | AL96: #VALUE! | AM96: #VALUE! | AN96: #VALUE! | AO96: #VALUE! | AP96: #VALUE! | AQ96: 0 | AR96: 0 | AS96: 0 | AT96: 0 | AU96: 0 | AV96: 0 | AW96: งานเคลือบ+พิมพ์ | AX96: / | AY96: 0 | AZ96: 0 | BA96: 0 | BB96: 0 | BC96: WRWT25850/WRWT25850 | BD96: 0
A97: 45919 | B97: MK68-001124 | C97: บจก.อินเทคค์ โกลบอล | D97: เพอเฟคค์ 916 | E97: 20 | F97: 36 | G97: ขาว | H97: ด้าน | I97: 100 | J97: ± | K97: 5 | L97: จับจีบ4" | M97: ไม่สวมถุงใน | N97: 0 | O97: 0 | P97: 0 | Q97: 0 | R97: 0 | S97: มัด80 ใช้สายรัด | T97: รอแจ้ง | U97: 1172 | V97: 0 | W97: 1172 | X97: 21290 | Y97: 0 | Z97: WSWT2025800SM | AA97: 0 | AB97: 0 | AC97: 0 | AD97: 0 | AE97: 0 | AF97: 0 | AG97: พิมพ์ไม่ครบ | AH97: P6 | AI97: 4 | AJ97: รอแจ้ง | AK97: #VALUE! | AL97: #VALUE! | AM97: #VALUE! | AN97: #VALUE! | AO97: #VALUE! | AP97: #VALUE! | AQ97: 0 | AR97: 0 | AS97: 0 | AT97: 0 | AU97: 0 | AV97: 0 | AW97: งานเคลือบ+พิมพ์ | AX97: / | AY97: 4/10 10/10 | AZ97: 0 | BA97: 0 | BB97: 0 | BC97: WRWT25850/WRWT25850 | BD97: 0
A98: 45919 | B98: MK68-001129 | C98: บจก.อินเทคค์ โกลบอล | D98: สุบรรณ 333 | E98: 20 | F98: 36 | G98: ขาว | H98: ด้าน | I98: 100 | J98: ± | K98: 5 | L98: จับจีบ3.5" | M98: ไม่สวมถุงใน | N98: 0 | O98: 0 | P98: 0 | Q98: 0 | R98: 0 | S98: มัด80 ใช้สายรัด | T98: รอแจ้ง | U98: 622 | V98: 0 | W98: 622 | X98: 6150 | Y98: 0 | Z98: WSWT2025800SM | AA98: 0 | AB98: 0 | AC98: 0 | AD98: 0 | AE98: 0 | AF98: 0 | AG98: พร้อมส่ง | AH98: P6 | AI98: 4 | AJ98: รอแจ้ง | AK98: #VALUE! | AL98: #VALUE! | AM98: #VALUE! | AN98: #VALUE! | AO98: #VALUE! | AP98: #VALUE! | AQ98: 0 | AR98: 0 | AS98: 0 | AT98: 0 | AU98: 0 | AV98: 0 | AW98: งานเคลือบ+พิมพ์ | AX98: / | AY98: 0 | AZ98: 0 | BA98: 0 | BB98: 0 | BC98: WRWT25850/WRWT25850 | BD98: 0
A99: 45923 | B99: MK68-001158 | C99: บจก.เอสพีเอ็ม อาหารสัตว์ | D99: SW 441 | E99: 20 | F99: 38 | G99: ขาว | H99: ใส | I99: 100 | J99: ± | K99: 5 | L99: บิด | M99: ไม่สวมถุงใน | N99: 0 | O99: 0 | P99: 0 | Q99: 0 | R99: 0 | S99: 500กระสอบแบน | T99: รอแจ้ง | U99: 19000 | V99: 0 | W99: 19000 | X99: 0 | Y99: 19950 | Z99: WSWT2025800SM | AA99: 20968.97 | AB99: 20968.97 | AC99: 0 | AD99: 20968.97 | AE99: 0 | AF99: 0 | AG99: พร้อมส่ง | AH99: P6 | AI99: 4 | AJ99: รอแจ้ง | AK99: #VALUE! | AL99: #VALUE! | AM99: #VALUE! | AN99: #VALUE! | AO99: #VALUE! | AP99: #VALUE! | AQ99: 0 | AR99: 0 | AS99: 0 | AT99: 0 | AU99: 0 | AV99: 0 | AW99: งานเคลือบ+พิมพ์ | AX99: / | AY99: 0 | AZ99: 0 | BA99: 0 | BB99: 0 | BC99: WRWT25850/WRWT25850 | BD99: 0
A100: 45877 | B100: MK68-000990 | C100: บจก.เอสพีเอ็ม อาหารสัตว์ | D100: SW 441 PLUS | E100: 20 | F100: 38 | G100: ขาว | H100: ใส | I100: 100 | J100: ± | K100: 5 | L100: บิด | M100: ไม่สวมถุงใน | N100: 0 | O100: 0 | P100: 0 | Q100: 0 | R100: 0 | S100: 500กระสอบแบน | T100: รอแจ้ง | U100: 3500 | V100: 1217 | W100: 2283 | X100: 1545 | Y100: 2052.75 | Z100: WSWT2025800SM | AA100: 2265.4765 | AB100: 2265.4765 | AC100: 0 | AD100: 2265.4765 | AE100: 0 | AF100: 0 | AG100: พร้อมส่ง | AH100: P6 | AI100: 4 | AJ100: รอแจ้ง | AK100: #VALUE! | AL100: #VALUE! | AM100: #VALUE! | AN100: #VALUE! | AO100: #VALUE! | AP100: #VALUE! | AQ100: 0 | AR100: 0 | AS100: 0 | AT100: 0 | AU100: 0 | AV100: 0 | AW100: งานเคลือบ+พิมพ์ | AX100: / | AY100: 0 | AZ100: 0 | BA100: 0 | BB100: 0 | BC100: WRWT25850/WRWT25850 | BD100: 0
A101: 45905 | B101: MK68-001079 | C101: บจก.อินเทคค์ โกลบอล | D101: เฟิร์สช้อย 902 | E101: 20 | F101: 36 | G101: ขาว | H101: ด้าน | I101: 100 | J101: ± | K101: 5 | L101: จับจีบ | M101: ไม่สวมถุงใน | N101: 0 | O101: 0 | P101: 0 | Q101: 0 | R101: 0 | S101: มัด80 ใช้สายรัด | T101: รอแจ้ง | U101: 243 | V101: 0 | W101: 243 | X101: 5950 | Y101: 0 | Z101: WSWT2025800SM | AA101: 0 | AB101: 0 | AC101: 0 | AD101: 0 | AE101: 0 | AF101: 0 | AG101: พร้อมส่ง | AH101: P6 | AI101: 4 | AJ101: รอแจ้ง | AK101: #VALUE! | AL101: #VALUE! | AM101: #VALUE! | AN101: #VALUE! | AO101: #VALUE! | AP101: #VALUE! | AQ101: 0 | AR101: 0 | AS101: 0 | AT101: 0 | AU101: 0 | AV101: 0 | AW101: งานเคลือบ+พิมพ์ | AX101: / | AY101: ลบสี | AZ101: 0 | BA101: 0 | BB101: 0 | BC101: WRWT25850/WRWT25850 | BD101: 0
A102: 45796 | B102: MK68-000673 | C102: บจก.อินเทคค์ โกลบอล | D102: เพอเฟคค์ 902 | E102: 20 | F102: 36 | G102: ขาว | H102: ด้าน | I102: 100 | J102: ± | K102: 5 | L102: จับจีบ | M102: ไม่สวมถุงใน | N102: 0 | O102: 0 | P102: 0 | Q102: 0 | R102: 0 | S102: มัด80 ใช้สายรัด | T102: รอแจ้ง | U102: 302 | V102: 363 | W102: 0 | X102: 5300 | Y102: 0 | Z102: WSWT2025800SM | AA102: 0 | AB102: 0 | AC102: 0 | AD102: 0 | AE102: 0 | AF102: 0 | AG102: รอตัด | AH102: P6 | AI102: 4 | AJ102: รอแจ้ง | AK102: #VALUE! | AL102: #VALUE! | AM102: #VALUE! | AN102: #VALUE! | AO102: #VALUE! | AP102: #VALUE! | AQ102: 0 | AR102: 0 | AS102: 0 | AT102: 0 | AU102: 0 | AV102: 0 | AW102: งานเคลือบ+พิมพ์ | AX102: / | AY102: 0 | AZ102: 0 | BA102: 0 | BB102: 0 | BC102: WRWT25850/WRWT25850 | BD102: 0
A103: 45674 | B103: MK68-000093 | C103: บจก.อินเทคค์ โกลบอล | D103: เฟิร์สคลาส 902 | E103: 20 | F103: 35 | G103: ขาว | H103: ด้าน | I103: 97 | J103: ± | K103: 5 | L103: จับจีบ4" | M103: ไม่สวมถุงใน | N103: 0 | O103: 0 | P103: 0 | Q103: 0 | R103: 0 | S103: มัด80 ใช้สายรัด | T103: รอแจ้ง | U103: 152 | V103: 0 | W103: 152 | X103: 6000 | Y103: 0 | Z103: WSWT2025800SM | AA103: 0 | AB103: 0 | AC103: 0 | AD103: 0 | AE103: 0 | AF103: 5987 | AG103: พร้อมส่ง | AH103: P6 | AI103: 4 | AJ103: รอแจ้ง | AK103: #VALUE! | AL103: #VALUE! | AM103: #VALUE! | AN103: #VALUE! | AO103: #VALUE! | AP103: #VALUE! | AQ103: 0 | AR103: 0 | AS103: 0 | AT103: 0 | AU103: 0 | AV103: 0 | AW103: งานเคลือบ+พิมพ์ | AX103: / | AY103: ลบสี 5040 | AZ103: 0 | BA103: 0 | BB103: 0 | BC103: WRWT25850/WRWT25850 | BD103: 0
A104: 45611 | B104: MK67-001532 | C104: บจก.อินเทคค์ โกลบอล | D104: เฟิร์สช้อย 903 | E104: 20 | F104: 36 | G104: ขาว | H104: ด้าน | I104: 100 | J104: ± | K104: 5 | L104: จับจีบ | M104: ไม่สวมถุงใน | N104: 0 | O104: 0 | P104: 0 | Q104: 0 | R104: 0 | S104: มัด80 ใช้สายรัด | T104: รอแจ้ง | U104: 117 | V104: 0 | W104: 117 | X104: 10065 | Y104: 0 | Z104: WSWT2025800SM | AA104: 0 | AB104: 0 | AC104: 0 | AD104: 0 | AE104: 0 | AF104: 0 | AG104: พร้อมส่ง | AH104: P6 | AI104: 4 | AJ104: รอแจ้ง | AK104: #VALUE! | AL104: #VALUE! | AM104: #VALUE! | AN104: #VALUE! | AO104: #VALUE! | AP104: #VALUE! | AQ104: 0 | AR104: 0 | AS104: 0 | AT104: 0 | AU104: 0 | AV104: 0 | AW104: งานเคลือบ+พิมพ์ | AX104: / | AY104: 0 | AZ104: 0 | BA104: 0 | BB104: 0 | BC104: WRWT25850/WRWT25850 | BD104: 0
...

Sheet 14-10-68
B2: เรียงกำหนดส่ง | D2: ลบ 0 | T2: เรียง 1
B3: ข้อมูลUpdate ณ. วันที่ | D3: 45944 | E3: เวลา | G3: 9.43
A4: วันรับออร์เดอร์/แบบ | B4: เลขที่ SO | C4: ชื่อลูกค้า | E4: 10.3 | I4: น้ำหนัก | L4: บิด/จับจีบ | M4: ถุงใน | Q4: 44873 | S4: วิธีบรรจุ | T4: วันส่ง | U4: จำนวนส่ง | V4: ตัดเย็บ (ใบ) | W4: 44873 | X4: พิมพ์ (ใบ) | Y4: 44876 | Z4: ผ้าทอ (เมตร) Updateณ | AB4: 44876 | AD4: ผ้าเคลือบ(เมตร) | AF4: หมายเหตุ | AG4: เครื่อง
B5: เลขที่ SO | C5: ชื่อลูกค้า | D5: ตรา | E5: กว้าง | F5: ยาว | G5: สี | H5: เคลือบ | I5: กรัม/ใบ | J5: * | K5: aw | L5: บิด/จับจีบ | M5: กว้าง | N5: ยาว | O5: หนา | P5: ใช้(กก.) | Q5: Stock(กก.) | R5: ผลิต(กก.) | S5: วิธีบรรจุ | T5: วันส่ง | U5: จำนวนส่ง | V5: StockFG | W5: ค้างตัด | X5: พิมพ์แล้ว | Y5: ค้างพิมพ์ | Z5: ประเภท | AA5: ใช้ | AB5: Stock | AC5: ค้างทอ | AD5: Stock | AE5: ค้างเคลือบ | AF5: หมายเหตุ | AG5: ที่พิมพ์ได้ | AH5: process | AI5: Lead time | AJ5: วันที่ส่งPL | AK5: เคลือบ | AL5: ได้ ART | AM5: พิมพ์ | AN5: จีบ-บิด | AO5: ตัด-เย็บ | AP5: ทอ | AQ5: สวมถุง | AR5: เย็บปาก | AS5: PT | AT5: ม้วน | AU5: ตัด | AV5: ตอกตาไก่ | AW5: GROUP | AX5: ART | AY5: หมายเหตุปัญหา | AZ5: ราคา/ใบ | BA5: ราคารวม | BB5: workweek | BC5: เส้นเทป | BD5: จำนวน
A6: 45941 | B6: MK68-001228 | C6: บจก.เคอรี่ฟลาวมิลล์ | D6: โบว์แดง 10กก | E6: 16 | F6: 25 | G6: ขาว | H6: 0 | I6: 45 | J6: ± | K6: 5 | L6: ไม่ | M6: ไม่สวมถุงใน | N6: 0 | O6: 0 | P6: 0 | Q6: 0 | R6: 0 | S6: ห่ออัดเบลแบน500 | T6: 45952 | U6: 5000 | V6: 0 | W6: 5000 | X6: 0 | Y6: 5250 | Z6: WSWT1625800 | AA6: 3702.05 | AB6: 3702.05 | AC6: 0 | AD6: 0 | AE6: 0 | AF6: 0 | AG6: พร้อมส่ง | AH6: P7 | AI6: 2 | AJ6: 45952 | AK6: 0 | AL6: 45943 | AM6: 45950 | AN6: 45951 | AO6: 45951 | AP6: 45947 | AQ6: 0 | AR6: 0 | AS6: 0 | AT6: 0 | AU6: 0 | AV6: 0 | AW6: งานพิมพ์ | AX6: รอART | AY6: 0 | AZ6: 0 | BA6: 0 | BB6: 0 | BC6: WRWT25800/WRWT25800 | BD6: 0
A7: 0 | B7: 0 | C7: 0 | D7: 0 | E7: 16 | F7: 25 | G7: ขาว | H7: 0 | I7: 45 | J7: ± | K7: 5 | L7: 0 | M7: 0 | N7: 0 | O7: 0 | P7: 0 | Q7: 0 | R7: 0 | S7: 0 | U7: 0 | V7: 0 | W7: 0 | X7: 0 | Y7: 0 | Z7: WSWT1625800 | AA7: 3702.05 | AB7: 3702.05 | AC7: 0 | AD7: 0 | AE7: 0 | AF7: ระบุในSD | AG7: รอตัด | AH7: 0 | AI7: Lead time | AJ7: 0 | AK7: 0 | AL7: 0 | AM7: 0 | AN7: 0 | AO7: 0 | AP7: 0 | AQ7: 0 | AR7: 0 | AS7: 0 | AT7: 0 | AU7: 0 | AV7: 0 | AW7: 0 | AX7: 0 | AY7: 0 | AZ7: 0 | BA7: 0 | BB7: 0 | BC7: WRWT160800/WRWT25800 | BD7: 0
A8: 45938 | B8: MK68-001221 | C8: บจก.เอสทีเคมีธุรกืจ | D8: มังกรแดง STCB | E8: 18 | F8: 30 | G8: ขาว | H8: 0 | I8: 54 | J8: ± | K8: 5 | L8: ไม่ | M8: 19 | N8: 31 | O8: 40 | P8: 145.31171 | Q8: 0 | R8: 145.31171 | S8: 500กระสอบ | T8: 45946 | U8: 10000 | V8: 0 | W8: 10000 | X8: 10100 | Y8: 0 | Z8: WSWT1825800 | AA8: 0 | AB8: 0 | AC8: 0 | AD8: 0 | AE8: 0 | AF8: ห้ามเกิน | AG8: ยังไม่ได้พิมพ์ | AH8: P9 | AI8: 3 | AJ8: 45946 | AK8: 0 | AL8: 45936 | AM8: 45943 | AN8: 45944 | AO8: 45944 | AP8: 45941 | AQ8: 45945 | AR8: 0 | AS8: 0 | AT8: 0 | AU8: 0 | AV8: 0 | AW8: งานพิมพ์ | AX8: รอART | AY8: 0 | AZ8: 0 | BA8: 0 | BB8: 0 | BC8: WRWT25800/WRWT25800 | BD8: 0
A9: 45923 | B9: MK68-001161 | C9: หจก.อนนท์อุตสาหกรรม | D9: อนนท์ 20 กก. | E9: 18 | F9: 28 | G9: ขาว | H9: 0 | I9: 50 | J9: ± | K9: 5 | L9: ไม่ | M9: 19 | N9: 31 | O9: 40 | P9: 0 | Q9: 0 | R9: 0 | S9: 500กระสอบแบน | T9: 45950 | U9: 5000 | V9: 5000 | W9: 0 | X9: 5400 | Y9: 0 | Z9: WSWT1825800 | AA9: 0 | AB9: 0 | AC9: 0 | AD9: 0 | AE9: 0 | AF9: 0 | AG9: ยังไม่ได้พิมพ์ | AH9: P9 | AI9: 3 | AJ9: 45950 | AK9: 0 | AL9: 45940 | AM9: 45947 | AN9: 45948 | AO9: 45948 | AP9: 45945 | AQ9: 45949 | AR9: 0 | AS9: 0 | AT9: 0 | AU9: 0 | AV9: 0 | AW9: งานพิมพ์ | AX9: / | AY9: 0 | AZ9: 0 | BA9: 0 | BB9: 0 | BC9: WRWT25800/WRWT25800 | BD9: 0
A10: 45923 | B10: MK68-001162 | C10: หจก.อนนท์อุตสาหกรรม | D10: ดาว 20 กก. | E10: 18 | F10: 28 | G10: ขาว | H10: 0 | I10: 50 | J10: ± | K10: 5 | L10: ไม่ | M10: 19 | N10: 31 | O10: 40 | P10: 363.27927 | Q10: 0 | R10: 363.27927 | S10: 500กระสอบแบน | T10: 45950 | U10: 25000 | V10: 0 | W10: 25000 | X10: 0 | Y10: 26250 | Z10: WSWT1825800 | AA10: 20605.75 | AB10: 20605.75 | AC10: 0 | AD10: 0 | AE10: 0 | AF10: 0 | AG10: ยังไม่ได้พิมพ์ | AH10: P9 | AI10: 3 | AJ10: 45950 | AK10: 0 | AL10: 45940 | AM10: 45947 | AN10: 45948 | AO10: 45948 | AP10: 45945 | AQ10: 45949 | AR10: 0 | AS10: 0 | AT10: 0 | AU10: 0 | AV10: 0 | AW10: งานพิมพ์ | AX10: / | AY10: 0 | AZ10: 0 | BA10: 0 | BB10: 0 | BC10: WRWT25800/WRWT25800 | BD10: 0
A11: 45923 | B11: MK68-001162 | C11: หจก.อนนท์อุตสาหกรรม | D11: ดาว 20 กก. | E11: 18 | F11: 28 | G11: ขาว | H11: 0 | I11: 50 | J11: ± | K11: 5 | L11: ไม่ | M11: 19 | N11: 31 | O11: 40 | P11: 363.27927 | Q11: 0 | R11: 363.27927 | S11: 500กระสอบแบน | T11: 45955 | U11: 25000 | V11: 0 | W11: 25000 | X11: 0 | Y11: 26250 | Z11: WSWT1825800 | AA11: 20605.75 | AB11: 20605.75 | AC11: 0 | AD11: 0 | AE11: 0 | AF11: 0 | AG11: พร้อมส่ง | AH11: P9 | AI11: 3 | AJ11: 45955 | AK11: 0 | AL11: 45945 | AM11: 45952 | AN11: 45953 | AO11: 45953 | AP11: 45950 | AQ11: 45954 | AR11: 0 | AS11: 0 | AT11: 0 | AU11: 0 | AV11: 0 | AW11: งานพิมพ์ | AX11: / | AY11: 0 | AZ11: 0 | BA11: 0 | BB11: 0 | BC11: WRWT25800/WRWT25800 | BD11: 0
A12: 45923 | B12: MK68-001162 | C12: หจก.อนนท์อุตสาหกรรม | D12: ดาว 20 กก. | E12: 18 | F12: 28 | G12: ขาว | H12: 0 | I12: 50 | J12: ± | K12: 5 | L12: ไม่ | M12: 19 | N12: 31 | O12: 40 | P12: 363.27927 | Q12: 0 | R12: 363.27927 | S12: 500กระสอบแบน | T12: 45958 | U12: 25000 | V12: 0 | W12: 25000 | X12: 0 | Y12: 26250 | Z12: WSWT1825800 | AA12: 20605.75 | AB12: 20605.75 | AC12: 0 | AD12: 0 | AE12: 0 | AF12: 0 | AG12: พร้อมส่ง | AH12: P9 | AI12: 3 | AJ12: 45958 | AK12: 0 | AL12: 45948 | AM12: 45955 | AN12: 45956 | AO12: 45956 | AP12: 45953 | AQ12: 45957 | AR12: 0 | AS12: 0 | AT12: 0 | AU12: 0 | AV12: 0 | AW12: งานพิมพ์ | AX12: / | AY12: 0 | AZ12: 0 | BA12: 0 | BB12: 0 | BC12: WRWT25800/WRWT25800 | BD12: 0
A13: 45923 | B13: MK68-001162 | C13: หจก.อนนท์อุตสาหกรรม | D13: ดาว 20 กก. | E13: 18 | F13: 28 | G13: ขาว | H13: 0 | I13: 50 | J13: ± | K13: 5 | L13: ไม่ | M13: 19 | N13: 31 | O13: 40 | P13: 363.27927 | Q13: 0 | R13: 363.27927 | S13: 500กระสอบแบน | T13: 45961 | U13: 25000 | V13: 0 | W13: 25000 | X13: 0 | Y13: 26250 | Z13: WSWT1825800 | AA13: 20605.75 | AB13: 20605.75 | AC13: 0 | AD13: 0 | AE13: 0 | AF13: 0 | AG13: รอตัด | AH13: P9 | AI13: 3 | AJ13: 45961 | AK13: 0 | AL13: 45951 | AM13: 45958 | AN13: 45959 | AO13: 45959 | AP13: 45956 | AQ13: 45960 | AR13: 0 | AS13: 0 | AT13: 0 | AU13: 0 | AV13: 0 | AW13: งานพิมพ์ | AX13: / | AY13: 0 | AZ13: 0 | BA13: 0 | BB13: 0 | BC13: WRWT25800/WRWT25800 | BD13: 0
A14: 0 | B14: 0 | E14: 18 | F14: 30 | G14: ขาว | H14: 0 | I14: 54 | J14: ± | K14: 5 | L14: 0 | M14: 0 | N14: 0 | O14: 0 | P14: 0 | Q14: 0 | R14: 0 | S14: 0 | U14: 0 | V14: 0 | W14: 0 | X14: 0 | Y14: 0 | Z14: WSWT1825800 | AA14: 82423 | AB14: 82423 | AC14: 0 | AD14: 0 | AE14: 0 | AF14: ระบุในSD | AG14: ยังไม่ได้พิมพ์ | AH14: 0 | AI14: Lead time | AJ14: 0 | AK14: 0 | AL14: 0 | AM14: 0 | AN14: 0 | AO14: 0 | AP14: 0 | AQ14: 0 | AR14: 0 | AS14: 0 | AT14: 0 | AU14: 0 | AV14: 0 | AW14: 0 | AX14: 0 | AY14: 0 | AZ14: 0 | BA14: 0 | BB14: 0 | BC14: WRWT25800/WRWT25800 | BD14: 0
A15: 45920 | B15: MK68-001140 | C15: บจก.เพรซิเดนท์ฟลาวมิลล์ | D15: ผึ้งชมพู | E15: 19 | F15: 30 | G15: ขาว | H15: 0 | I15: 60 | J15: ± | K15: 5 | L15: บิด | M15: ไม่สวมถุงใน | N15: 0 | O15: 0 | P15: 0 | Q15: 0 | R15: 0 | S15: 500กระสอบแบน | T15: 45952 | U15: 20000 | V15: 2631 | W15: 17369 | X15: 21131 | Y15: 0 | Z15: WSWT1925800 | AA15: 0 | AB15: 0 | AC15: 0 | AD15: 0 | AE15: 0 | AF15: 0 | AG15: ยังไม่ได้พิมพ์ | AH15: P7 | AI15: 2 | AJ15: 45952 | AK15: 0 | AL15: 45943 | AM15: 45950 | AN15: 45951 | AO15: 45951 | AP15: 45947 | AQ15: 0 | AR15: 0 | AS15: 0 | AT15: 0 | AU15: 0 | AV15: 0 | AW15: งานพิมพ์ | AX15: / | AY15: 0 | AZ15: 0 | BA15: 0 | BB15: 0 | BC15: WRWT25800/WRWT25800 | BD15: 0
A16: ประมาณการ | B16: ประมาณการ | C16: บจก.ไลม์มาสเตอร์ | D16: LMC 25 kg | E16: 19 | F16: 32 | G16: ขาว | H16: 0 | I16: 64 | J16: ± | K16: 5 | L16: ไม่ | M16: 20 | N16: 35 | O16: 40 | P16: 341.36903 | Q16: 0 | R16: 341.36903 | S16: 500กระสอบแบน | T16: 45961 | U16: 20000 | V16: 233 | W16: 19767 | X16: 0 | Y16: 20755.35 | Z16: WSWT1925800 | AA16: 18501.714 | AB16: 2540 | AC16: 15961.714 | AD16: 0 | AE16: 0 | AF16: 0 | AG16: พร้อมส่ง | AH16: P9 | AI16: 3 | AJ16: 45961 | AK16: 0 | AL16: 45951 | AM16: 45958 | AN16: 45959 | AO16: 45959 | AP16: 45956 | AQ16: 45960 | AR16: 0 | AS16: 0 | AT16: 0 | AU16: 0 | AV16: 0 | AW16: งานพิมพ์ | AX16: รอART | AY16: 0 | AZ16: 0 | BA16: 0 | BB16: 0 | BC16: WRWT25800/WRWT25800 | BD16: 1159.1752
A17: ประมาณการ | B17: ประมาณการ | C17: บจก.เอ็กเซลเล้นท์ | D17: รอแบบ | E17: 19 | F17: 30 | G17: ขาว | H17: 0 | I17: 60 | J17: ± | K17: 5 | L17: บิด | M17: ไม่สวมถุงใน | N17: 0 | O17: 0 | P17: 0 | Q17: 0 | R17: 0 | S17: 500กระสอบ | T17: 45961 | U17: 40000 | V17: 0 | W17: 40000 | X17: 0 | Y17: 42000 | Z17: WSWT1925800 | AA17: 35204.4 | AB17: 0 | AC17: 35204.4 | AD17: 0 | AE17: 0 | AF17: 0 | AG17: พร้อมส่ง | AH17: P7 | AI17: 2 | AJ17: 45961 | AK17: 0 | AL17: 45952 | AM17: 45959 | AN17: 45960 | AO17: 45960 | AP17: 45956 | AQ17: 0 | AR17: 0 | AS17: 0 | AT17: 0 | AU17: 0 | AV17: 0 | AW17: งานพิมพ์ | AX17: รอART | AY17: 0 | AZ17: 0 | BA17: 0 | BB17: 0 | BC17: WRWT25800/WRWT25800 | BD17: 2556.6218
A18: ประมาณการ | B18: ประมาณการ | C18: บจก.เพรซิเดนท์ฟลาวมิลล์ | D18: ผึ้งเหลือง | E18: 19 | F18: 30 | G18: ขาว | H18: 0 | I18: 60 | J18: ± | K18: 5 | L18: บิด | M18: ไม่สวมถุงใน | N18: 0 | O18: 0 | P18: 0 | Q18: 0 | R18: 0 | S18: 500กระสอบ | T18: 45961 | U18: 140000 | V18: 2563 | W18: 137437 | X18: 0 | Y18: 144308.85 | Z18: WSWT1925800 | AA18: 120959.68 | AB18: 0 | AC18: 120959.68 | AD18: 0 | AE18: 0 | AF18: 0 | AG18: พร้อมส่ง | AH18: P7 | AI18: 2 | AJ18: 45961 | AK18: 0 | AL18: 45952 | AM18: 45959 | AN18: 45960 | AO18: 45960 | AP18: 45956 | AQ18: 0 | AR18: 0 | AS18: 0 | AT18: 0 | AU18: 0 | AV18: 0 | AW18: งานพิมพ์ | AX18: รอART | AY18: 0 | AZ18: 0 | BA18: 0 | BB18: 0 | BC18: WRWT25800/WRWT25800 | BD18: 8784.3606
A19: 0 | B19: 0 | C19: 0 | D19: 0 | E19: 19 | F19: 30 | G19: ขาว | H19: 0 | I19: 60 | J19: ± | K19: 5 | L19: 0 | M19: 0 | N19: 0 | O19: 0 | P19: 0 | Q19: 0 | R19: 0 | S19: 0 | U19: 0 | V19: 0 | W19: 0 | X19: 0 | Y19: 0 | Z19: WSWT1925800 | AA19: 174665.79 | AB19: 2540 | AC19: 172125.79 | AD19: 0 | AE19: 0 | AF19: ระบุในSD | AG19: พร้อมส่ง | AH19: 0 | AI19: Lead time | AJ19: 0 | AK19: 0 | AL19: 0 | AM19: 0 | AN19: 0 | AO19: 0 | AP19: 0 | AQ19: 0 | AR19: 0 | AS19: 0 | AT19: 0 | AU19: 0 | AV19: 0 | AW19: 0 | AX19: 0 | AY19: 0 | AZ19: 0 | BA19: 0 | BB19: 0 | BC19: WRWT25800/WRWT25800 | BD19: 0
A20: 45933 | B20: MK68-001180 | C20: บจก.เคอรี่ฟลาวมิลล์ | D20: ถุงเขียว | E20: 19 | F20: 32 | G20: ขาว | H20: 0 | I20: 67 | J20: + | K20: 5 | L20: บิด | M20: ไม่สวมถุงใน | N20: 0 | O20: 0 | P20: 0 | Q20: 0 | R20: 0 | S20: ห่ออัดเบลแบน500 | T20: 45945 | U20: 10000 | V20: 9781 | W20: 219 | X20: 10350 | Y20: 0 | Z20: WSWT1921720 | AA20: 0 | AB20: 0 | AC20: 0 | AD20: 0 | AE20: 0 | AF20: PDR250332 | AG20: ผ้าขาว | AH20: P7 | AI20: 2 | AJ20: 45945 | AK20: 0 | AL20: 45936 | AM20: 45943 | AN20: 45944 | AO20: 45944 | AP20: 45940 | AQ20: 0 | AR20: 0 | AS20: 0 | AT20: 0 | AU20: 0 | AV20: 0 | AW20: งานพิมพ์ | AX20: / | AY20: 0 | AZ20: 0 | BA20: 0 | BB20: 0 | BC20: WRWT21720/WRWT25800 | BD20: 0
A21: 45933 | B21: MK68-001180 | C21: บจก.เคอรี่ฟลาวมิลล์ | D21: กุ้งแดง | E21: 19 | F21: 32 | G21: ขาว | H21: 0 | I21: 67 | J21: + | K21: 5 | L21: บิด | M21: ไม่สวมถุงใน | N21: 0 | O21: 0 | P21: 0 | Q21: 0 | R21: 0 | S21: ห่ออัดเบลแบน500 | T21: 45945 | U21: 10000 | V21: 9900 | W21: 100 | X21: 10500 | Y21: 0 | Z21: WSWT1921720 | AA21: 0 | AB21: 0 | AC21: 0 | AD21: 0 | AE21: 0 | AF21: PDR250332 | AG21: ผ้าขาว | AH21: P7 | AI21: 2 | AJ21: 45945 | AK21: 0 | AL21: 45936 | AM21: 45943 | AN21: 45944 | AO21: 45944 | AP21: 45940 | AQ21: 0 | AR21: 0 | AS21: 0 | AT21: 0 | AU21: 0 | AV21: 0 | AW21: งานพิมพ์ | AX21: / | AY21: 0 | AZ21: 0 | BA21: 0 | BB21: 0 | BC21: WRWT21720/WRWT25800 | BD21: 0
A22: 45933 | B22: MK68-001180 | C22: บจก.เคอรี่ฟลาวมิลล์ | D22: บะหมี่เตี๊ยว | E22: 19 | F22: 32 | G22: ขาว | H22: 0 | I22: 67 | J22: + | K22: 5 | L22: บิด | M22: ไม่สวมถุงใน | N22: 0 | O22: 0 | P22: 0 | Q22: 0 | R22: 0 | S22: ห่ออัดเบลแบน500 | T22: 45945 | U22: 5000 | V22: 4900 | W22: 100 | X22: 5400 | Y22: 0 | Z22: WSWT1921720 | AA22: 0 | AB22: 0 | AC22: 0 | AD22: 0 | AE22: 0 | AF22: PDR250332 | AG22: รอตัด | AH22: P7 | AI22: 2 | AJ22: 45945 | AK22: 0 | AL22: 45936 | AM22: 45943 | AN22: 45944 | AO22: 45944 | AP22: 45940 | AQ22: 0 | AR22: 0 | AS22: 0 | AT22: 0 | AU22: 0 | AV22: 0 | AW22: งานพิมพ์ | AX22: / | AY22: 0 | AZ22: 0 | BA22: 0 | BB22: 0 | BC22: WRWT21720/WRWT25800 | BD22: 0
A23: 45919 | B23: MK68-001142 | C23: บจก.เคอรี่ฟลาวมิลล์ | D23: ไม่พิมพ์ | E23: 19 | F23: 32 | G23: ขาว | H23: 0 | I23: 67 | J23: + | K23: 5 | L23: ไม่ | M23: ไม่สวมถุงใน | N23: 0 | O23: 0 | P23: 0 | Q23: 0 | R23: 0 | S23: ห่ออัดเบลแบน501 | T23: 45947 | U23: 20000 | V23: 21000 | W23: 0 | X23: 0 | Y23: 0 | Z23: WSWT1921720 | AA23: 0 | AB23: 0 | AC23: 0 | AD23: 0 | AE23: 0 | AF23: PDR250322 | AG23: พิมพ์ไม่ครบ | AH23: P3 | AI23: 1 | AJ23: 45947 | AK23: 0 | AL23: 0 | AM23: 0 | AN23: 0 | AO23: 45946 | AP23: 45942 | AQ23: 0 | AR23: 0 | AS23: 0 | AT23: 0 | AU23: 0 | AV23: 0 | AW23: ตัด | AX23: 0 | AY23: 0 | AZ23: 0 | BA23: 0 | BB23: 0 | BC23: WRWT21720/WRWT25800 | BD23: 0
A24: 45919 | B24: MK68-001143 | C24: บจก.เคอรี่ฟลาวมิลล์ | D24: ไม่พิมพ์ | E24: 19 | F24: 32 | G24: ขาว | H24: 0 | I24: 67 | J24: + | K24: 5 | L24: ไม่ | M24: ไม่สวมถุงใน | N24: 0 | O24: 0 | P24: 0 | Q24: 0 | R24: 0 | S24: ห่ออัดเบลแบน501 | T24: 45947 | U24: 20000 | V24: 21000 | W24: 0 | X24: 0 | Y24: 0 | Z24: WSWT1921720 | AA24: 0 | AB24: 0 | AC24: 0 | AD24: 0 | AE24: 0 | AF24: PDR250323 | AG24: ยังไม่ได้พิมพ์ | AH24: P3 | AI24: 1 | AJ24: 45947 | AK24: 0 | AL24: 0 | AM24: 0 | AN24: 0 | AO24: 45946 | AP24: 45942 | AQ24: 0 | AR24: 0 | AS24: 0 | AT24: 0 | AU24: 0 | AV24: 0 | AW24: ตัด | AX24: 0 | AY24: 0 | AZ24: 0 | BA24: 0 | BB24: 0 | BC24: WRWT21720/WRWT25800 | BD24: 0
A25: 45941 | B25: MK68-001227 | C25: บจก.เคอรี่ฟลาวมิลล์ | D25: ปลาโลมาเทา | E25: 19 | F25: 32 | G25: ขาว | H25: 0 | I25: 67 | J25: + | K25: 5 | L25: บิด | M25: ไม่สวมถุงใน | N25: 0 | O25: 0 | P25: 0 | Q25: 0 | R25: 0 | S25: ห่ออัดเบลแบน501 | T25: 45951 | U25: 5000 | V25: 0 | W25: 5000 | X25: 5400 | Y25: 0 | Z25: WSWT1921720 | AA25: 0 | AB25: 0 | AC25: 0 | AD25: 0 | AE25: 0 | AF25: PDR250344 | AG25: ยังไม่ได้พิมพ์ | AH25: P7 | AI25: 2 | AJ25: 45951 | AK25: 0 | AL25: 45942 | AM25: 45949 | AN25: 45950 | AO25: 45950 | AP25: 45946 | AQ25: 0 | AR25: 0 | AS25: 0 | AT25: 0 | AU25: 0 | AV25: 0 | AW25: งานพิมพ์ | AX25: รอART | AY25: 0 | AZ25: 0 | BA25: 0 | BB25: 0 | BC25: WRWT21720/WRWT25800 | BD25: 0
A26: 45941 | B26: MK68-001227 | C26: บจก.เคอรี่ฟลาวมิลล์ | D26: ถุงเขียว | E26: 19 | F26: 32 | G26: ขาว | H26: 0 | I26: 67 | J26: + | K26: 5 | L26: บิด | M26: ไม่สวมถุงใน | N26: 0 | O26: 0 | P26: 0 | Q26: 0 | R26: 0 | S26: ห่ออัดเบลแบน501 | T26: 45951 | U26: 10000 | V26: 0 | W26: 10000 | X26: 6650 | Y26: 3517.5 | Z26: WSWT1921720 | AA26: 3292.3448 | AB26: 3292.3448 | AC26: 0 | AD26: 0 | AE26: 0 | AF26: PDR250344 | AG26: พร้อมส่ง | AH26: P7 | AI26: 2 | AJ26: 45951 | AK26: 0 | AL26: 45942 | AM26: 45949 | AN26: 45950 | AO26: 45950 | AP26: 45946 | AQ26: 0 | AR26: 0 | AS26: 0 | AT26: 0 | AU26: 0 | AV26: 0 | AW26: งานพิมพ์ | AX26: รอART | AY26: 0 | AZ26: 0 | BA26: 0 | BB26: 0 | BC26: WRWT21720/WRWT25800 | BD26: 0
A27: 45941 | B27: MK68-001227 | C27: บจก.เคอรี่ฟลาวมิลล์ | D27: ดอกไม้เขียว | E27: 19 | F27: 32 | G27: ขาว | H27: 0 | I27: 67 | J27: + | K27: 5 | L27: บิด | M27: ไม่สวมถุงใน | N27: 0 | O27: 0 | P27: 0 | Q27: 0 | R27: 0 | S27: ห่ออัดเบลแบน501 | T27: 45951 | U27: 10000 | V27: 0 | W27: 10000 | X27: 0 | Y27: 10500 | Z27: WSWT1921720 | AA27: 9359.9 | AB27: 9359.9 | AC27: 0 | AD27: 0 | AE27: 0 | AF27: PDR250344 | AG27: ยังไม่ได้พิมพ์ | AH27: P7 | AI27: 2 | AJ27: 45951 | AK27: 0 | AL27: 45942 | AM27: 45949 | AN27: 45950 | AO27: 45950 | AP27: 45946 | AQ27: 0 | AR27: 0 | AS27: 0 | AT27: 0 | AU27: 0 | AV27: 0 | AW27: งานพิมพ์ | AX27: รอART | AY27: 0 | AZ27: 0 | BA27: 0 | BB27: 0 | BC27: WRWT21720/WRWT25800 | BD27: 0
A28: 45941 | B28: MK68-001227 | C28: บจก.เคอรี่ฟลาวมิลล์ | D28: บะหมี่เตี๊ยว | E28: 19 | F28: 32 | G28: ขาว | H28: 0 | I28: 67 | J28: + | K28: 5 | L28: บิด | M28: ไม่สวมถุงใน | N28: 0 | O28: 0 | P28: 0 | Q28: 0 | R28: 0 | S28: ห่ออัดเบลแบน501 | T28: 45952 | U28: 5000 | V28: 0 | W28: 5000 | X28: 0 | Y28: 5250 | Z28: WSWT1921720 | AA28: 4679.95 | AB28: 4679.95 | AC28: 0 | AD28: 0 | AE28: 0 | AF28: PDR250345 | AG28: ยังไม่ได้พิมพ์ | AH28: P7 | AI28: 2 | AJ28: 45952 | AK28: 0 | AL28: 45943 | AM28: 45950 | AN28: 45951 | AO28: 45951 | AP28: 45947 | AQ28: 0 | AR28: 0 | AS28: 0 | AT28: 0 | AU28: 0 | AV28: 0 | AW28: งานพิมพ์ | AX28: รอART | AY28: 0 | AZ28: 0 | BA28: 0 | BB28: 0 | BC28: WRWT21720/WRWT25800 | BD28: 0
A29: 45941 | B29: MK68-001227 | C29: บจก.เคอรี่ฟลาวมิลล์ | D29: ปลาโลมาแดง | E29: 19 | F29: 32 | G29: ขาว | H29: 0 | I29: 67 | J29: + | K29: 5 | L29: บิด | M29: ไม่สวมถุงใน | N29: 0 | O29: 0 | P29: 0 | Q29: 0 | R29: 0 | S29: ห่ออัดเบลแบน501 | T29: 45952 | U29: 5000 | V29: 5000 | W29: 0 | X29: 5300 | Y29: 0 | Z29: WSWT1921720 | AA29: 0 | AB29: 0 | AC29: 0 | AD29: 0 | AE29: 0 | AF29: PDR250345 | AG29: ยังไม่ได้พิมพ์ | AH29: P7 | AI29: 2 | AJ29: 45952 | AK29: 0 | AL29: 45943 | AM29: 45950 | AN29: 45951 | AO29: 45951 | AP29: 45947 | AQ29: 0 | AR29: 0 | AS29: 0 | AT29: 0 | AU29: 0 | AV29: 0 | AW29: งานพิมพ์ | AX29: รอART | AY29: 0 | AZ29: 0 | BA29: 0 | BB29: 0 | BC29: WRWT21720/WRWT25800 | BD29: 0
A30: 45941 | B30: MK68-001227 | C30: บจก.เคอรี่ฟลาวมิลล์ | D30: โบว์แดง | E30: 19 | F30: 32 | G30: ขาว | H30: 0 | I30: 67 | J30: + | K30: 5 | L30: บิด | M30: ไม่สวมถุงใน | N30: 0 | O30: 0 | P30: 0 | Q30: 0 | R30: 0 | S30: ห่ออัดเบลแบน501 | T30: 45952 | U30: 5000 | V30: 0 | W30: 5000 | X30: 0 | Y30: 5250 | Z30: WSWT1921720 | AA30: 4679.95 | AB30: 4679.95 | AC30: 0 | AD30: 0 | AE30: 0 | AF30: PDR250345 | AG30: รอตัด | AH30: P7 | AI30: 2 | AJ30: 45952 | AK30: 0 | AL30: 45943 | AM30: 45950 | AN30: 45951 | AO30: 45951 | AP30: 45947 | AQ30: 0 | AR30: 0 | AS30: 0 | AT30: 0 | AU30: 0 | AV30: 0 | AW30: งานพิมพ์ | AX30: รอART | AY30: 0 | AZ30: 0 | BA30: 0 | BB30: 0 | BC30: WRWT21720/WRWT25800 | BD30: 0
A31: 45941 | B31: MK68-001227 | C31: บจก.เคอรี่ฟลาวมิลล์ | D31: บลูทีมเหลือง | E31: 19 | F31: 32 | G31: ขาว | H31: 0 | I31: 67 | J31: + | K31: 5 | L31: บิด | M31: ไม่สวมถุงใน | N31: 0 | O31: 0 | P31: 0 | Q31: 0 | R31: 0 | S31: ห่ออัดเบลแบน501 | T31: 45952 | U31: 5000 | V31: 0 | W31: 5000 | X31: 0 | Y31: 5250 | Z31: WSWT1921720 | AA31: 4679.95 | AB31: 4679.95 | AC31: 0 | AD31: 0 | AE31: 0 | AF31: PDR250345 | AG31: ยังไม่ได้พิมพ์ | AH31: P7 | AI31: 2 | AJ31: 45952 | AK31: 0 | AL31: 45943 | AM31: 45950 | AN31: 45951 | AO31: 45951 | AP31: 45947 | AQ31: 0 | AR31: 0 | AS31: 0 | AT31: 0 | AU31: 0 | AV31: 0 | AW31: งานพิมพ์ | AX31: รอART | AY31: 0 | AZ31: 0 | BA31: 0 | BB31: 0 | BC31: WRWT21720/WRWT25800 | BD31: 0
A32: 45941 | B32: MK68-001229 | C32: บจก.เคอรี่ฟลาวมิลล์ | D32: บะหมี่เตี๊ยว | E32: 19 | F32: 32 | G32: ขาว | H32: 0 | I32: 67 | J32: + | K32: 5 | L32: บิด | M32: ไม่สวมถุงใน | N32: 0 | O32: 0 | P32: 0 | Q32: 0 | R32: 0 | S32: ห่ออัดเบลแบน501 | T32: 45952 | U32: 5000 | V32: 0 | W32: 5000 | X32: 0 | Y32: 5250 | Z32: WSWT1921720 | AA32: 4679.95 | AB32: 4679.95 | AC32: 0 | AD32: 0 | AE32: 0 | AF32: PDR250346 | AG32: ยังไม่ได้พิมพ์ | AH32: P7 | AI32: 2 | AJ32: 45952 | AK32: 0 | AL32: 45943 | AM32: 45950 | AN32: 45951 | AO32: 45951 | AP32: 45947 | AQ32: 0 | AR32: 0 | AS32: 0 | AT32: 0 | AU32: 0 | AV32: 0 | AW32: งานพิมพ์ | AX32: รอART | AY32: 0 | AZ32: 0 | BA32: 0 | BB32: 0 | BC32: WRWT21720/WRWT25800 | BD32: 0
A33: 45941 | B33: MK68-001229 | C33: บจก.เคอรี่ฟลาวมิลล์ | D33: ปลาโลมาแดง | E33: 19 | F33: 32 | G33: ขาว | H33: 0 | I33: 67 | J33: + | K33: 5 | L33: บิด | M33: ไม่สวมถุงใน | N33: 0 | O33: 0 | P33: 0 | Q33: 0 | R33: 0 | S33: ห่ออัดเบลแบน501 | T33: 45952 | U33: 5000 | V33: 0 | W33: 5000 | X33: 5300 | Y33: 0 | Z33: WSWT1921720 | AA33: 0 | AB33: 0 | AC33: 0 | AD33: 0 | AE33: 0 | AF33: PDR250346 | AG33: ยังไม่ได้พิมพ์ | AH33: P7 | AI33: 2 | AJ33: 45952 | AK33: 0 | AL33: 45943 | AM33: 45950 | AN33: 45951 | AO33: 45951 | AP33: 45947 | AQ33: 0 | AR33: 0 | AS33: 0 | AT33: 0 | AU33: 0 | AV33: 0 | AW33: งานพิมพ์ | AX33: รอART | AY33: 0 | AZ33: 0 | BA33: 0 | BB33: 0 | BC33: WRWT21720/WRWT25800 | BD33: 0
A34: 45941 | B34: MK68-001229 | C34: บจก.เคอรี่ฟลาวมิลล์ | D34: FW-Y | E34: 19 | F34: 32 | G34: ขาว | H34: 0 | I34: 67 | J34: + | K34: 5 | L34: ไม่ | M34: ไม่สวมถุงใน | N34: 0 | O34: 0 | P34: 0 | Q34: 0 | R34: 0 | S34: ห่ออัดเบลแบน501 | T34: 45952 | U34: 5000 | V34: 0 | W34: 5000 | X34: 0 | Y34: 5250 | Z34: WSWT1921720 | AA34: 4679.95 | AB34: 4679.95 | AC34: 0 | AD34: 0 | AE34: 0 | AF34: PDR250346 | AG34: ยังไม่ได้พิมพ์ | AH34: P7 | AI34: 2 | AJ34: 45952 | AK34: 0 | AL34: 45943 | AM34: 45950 | AN34: 45951 | AO34: 45951 | AP34: 45947 | AQ34: 0 | AR34: 0 | AS34: 0 | AT34: 0 | AU34: 0 | AV34: 0 | AW34: งานพิมพ์ | AX34: รอART | AY34: 0 | AZ34: 0 | BA34: 0 | BB34: 0 | BC34: WRWT21720/WRWT25800 | BD34: 0
A35: 45941 | B35: MK68-001229 | C35: บจก.เคอรี่ฟลาวมิลล์ | D35: กุ้งแดง | E35: 19 | F35: 32 | G35: ขาว | H35: 0 | I35: 67 | J35: + | K35: 5 | L35: บิด | M35: ไม่สวมถุงใน | N35: 0 | O35: 0 | P35: 0 | Q35: 0 | R35: 0 | S35: ห่ออัดเบลแบน501 | T35: 45952 | U35: 10000 | V35: 0 | W35: 10000 | X35: 0 | Y35: 10500 | Z35: WSWT1921720 | AA35: 9359.9 | AB35: 9359.9 | AC35: 0 | AD35: 0 | AE35: 0 | AF35: PDR250346 | AG35: ยังไม่ได้พิมพ์ | AH35: P7 | AI35: 2 | AJ35: 45952 | AK35: 0 | AL35: 45943 | AM35: 45950 | AN35: 45951 | AO35: 45951 | AP35: 45947 | AQ35: 0 | AR35: 0 | AS35: 0 | AT35: 0 | AU35: 0 | AV35: 0 | AW35: งานพิมพ์ | AX35: รอART | AY35: 0 | AZ35: 0 | BA35: 0 | BB35: 0 | BC35: WRWT21720/WRWT25800 | BD35: 0
A36: 45941 | B36: MK68-001227 | C36: บจก.เคอรี่ฟลาวมิลล์ | D36: FW-Y | E36: 19 | F36: 32 | G36: ขาว | H36: 0 | I36: 67 | J36: + | K36: 5 | L36: ไม่ | M36: ไม่สวมถุงใน | N36: 0 | O36: 0 | P36: 0 | Q36: 0 | R36: 0 | S36: ห่ออัดเบลแบน501 | T36: 45954 | U36: 5000 | V36: 0 | W36: 5000 | X36: 0 | Y36: 5250 | Z36: WSWT1921720 | AA36: 4679.95 | AB36: 4679.95 | AC36: 0 | AD36: 0 | AE36: 0 | AF36: PDR250347 | AG36: ยังไม่ได้พิมพ์ | AH36: P7 | AI36: 2 | AJ36: 45954 | AK36: 0 | AL36: 45945 | AM36: 45952 | AN36: 45953 | AO36: 45953 | AP36: 45949 | AQ36: 0 | AR36: 0 | AS36: 0 | AT36: 0 | AU36: 0 | AV36: 0 | AW36: งานพิมพ์ | AX36: รอART | AY36: 0 | AZ36: 0 | BA36: 0 | BB36: 0 | BC36: WRWT21720/WRWT25800 | BD36: 0
... A40: 45941 | B40: MK68-001229 | C40: บจก.เคอรี่ฟลาวมิลล์ | D40: ปลาโลมาแดง | E40: 19 | F40: 32 | G40: ขาว | H40: 0 | I40: 67 | J40: + | K40: 5 | L40: บิด | M40: ไม่สวมถุงใน | N40: 0 | O40: 0 | P40: 0 | Q40: 0 | R40: 0 | S40: ห่ออัดเบลแบน501 | T40: 45954 | U40: 5000 | V40: 0 | W40: 5000 | X40: 5300 | Y40: 0 | Z40: WSWT1921720 | AA40: 0 | AB40: 0 | AC40: 0 | AD40: 0 | AE40: 0 | AF40: PDR250348 | AG40: ยังไม่ได้พิมพ์ | AH40: P7 | AI40: 2 | AJ40: 45954 | AK40: 0 | AL40: 45945 | AM40: 45952 | AN40: 45953 | AO40: 45953 | AP40: 45949 | AQ40: 0 | AR40: 0 | AS40: 0 | AT40: 0 | AU40: 0 | AV40: 0 | AW40: งานพิมพ์ | AX40: รอART | AY40: 0 | AZ40: 0 | BA40: 0 | BB40: 0 | BC40: WRWT21720/WRWT25800 | BD40: 0
A41: 45941 | B41: MK68-001229 | C41: บจก.เคอรี่ฟลาวมิลล์ | D41: 997 | E41: 19 | F41: 32 | G41: ขาว | H41: 0 | I41: 67 | J41: + | K41: 5 | L41: ไม่ | M41: ไม่สวมถุงใน | N41: 0 | O41: 0 | P41: 0 | Q41: 0 | R41: 0 | S41: ห่ออัดเบลแบน501 | T41: 45954 | U41: 5000 | V41: 0 | W41: 5000 | X41: 0 | Y41: 5250 | Z41: WSWT1921720 | AA41: 4679.95 | AB41: 0 | AC41: 4679.95 | AD41: 0 | AE41: 0 | AF41: PDR250348 | AG41: ยังไม่ได้พิมพ์ | AH41: P7 | AI41: 2 | AJ41: 45954 | AK41: 0 | AL41: 45945 | AM41: 45952 | AN41: 45953 | AO41: 45953 | AP41: 45949 | AQ41: 0 | AR41: 0 | AS41: 0 | AT41: 0 | AU41: 0 | AV41: 0 | AW41: งานพิมพ์ | AX41: รอART | AY41: 0 | AZ41: 0 | BA41: 0 | BB41: 0 | BC41: WRWT21720/WRWT25800 | BD41: 352.51463
A42: 45941 | B42: MK68-001227 | C42: บจก.เคอรี่ฟลาวมิลล์ | D42: บะหมี่เตี๊ยว | E42: 19 | F42: 32 | G42: ขาว | H42: 0 | I42: 67 | J42: + | K42: 5 | L42: บิด | M42: ไม่สวมถุงใน | N42: 0 | O42: 0 | P42: 0 | Q42: 0 | R42: 0 | S42: ห่ออัดเบลแบน501 | T42: 45958 | U42: 5000 | V42: 0 | W42: 5000 | X42: 0 | Y42: 5250 | Z42: WSWT1921720 | AA42: 4679.95 | AB42: 0 | AC42: 4679.95 | AD42: 0 | AE42: 0 | AF42: PDR250349 | AG42: ยังไม่ได้พิมพ์ | AH42: P7 | AI42: 2 | AJ42: 45958 | AK42: 0 | AL42: 45949 | AM42: 45956 | AN42: 45957 | AO42: 45957 | AP42: 45953 | AQ42: 0 | AR42: 0 | AS42: 0 | AT42: 0 | AU42: 0 | AV42: 0 | AW42: งานพิมพ์ | AX42: รอART | AY42: 0 | AZ42: 0 | BA42: 0 | BB42: 0 | BC42: WRWT21720/WRWT25800 | BD42: 352.51463
A43: 45941 | B43: MK68-001227 | C43: บจก.เคอรี่ฟลาวมิลล์ | D43: แปดแต้มแดง | E43: 19 | F43: 32 | G43: ขาว | H43: 0 | I43: 67 | J43: + | K43: 5 | L43: บิด | M43: ไม่สวมถุงใน | N43: 0 | O43: 0 | P43: 0 | Q43: 0 | R43: 0 | S43: ห่ออัดเบลแบน501 | T43: 45958 | U43: 5000 | V43: 0 | W43: 5000 | X43: 0 | Y43: 5250 | Z43: WSWT1921720 | AA43: 4679.95 | AB43: 0 | AC43: 4679.95 | AD43: 0 | AE43: 0 | AF43: PDR250349 | AG43: ผ้าขาว | AH43: P7 | AI43: 2 | AJ43: 45958 | AK43: 0 | AL43: 45949 | AM43: 45956 | AN43: 45957 | AO43: 45957 | AP43: 45953 | AQ43: 0 | AR43: 0 | AS43: 0 | AT43: 0 | AU43: 0 | AV43: 0 | AW43: งานพิมพ์ | AX43: รอART | AY43: 0 | AZ43: 0 | BA43: 0 | BB43: 0 | BC43: WRWT21720/WRWT25800 | BD43: 352.51463
A44: 45941 | B44: MK68-001227 | C44: บจก.เคอรี่ฟลาวมิลล์ | D44: PBKF2-01-03 | E44: 19 | F44: 32 | G44: ขาว | H44: 0 | I44: 67 | J44: + | K44: 5 | L44: บิด | M44: ไม่สวมถุงใน | N44: 0 | O44: 0 | P44: 0 | Q44: 0 | R44: 0 | S44: ห่ออัดเบลแบน501 | T44: 45958 | U44: 5000 | V44: 0 | W44: 5000 | X44: 0 | Y44: 5250 | Z44: WSWT1921720 | AA44: 4679.95 | AB44: 0 | AC44: 4679.95 | AD44: 0 | AE44: 0 | AF44: PDR250349 | AG44: พร้อมส่ง | AH44: P7 | AI44: 2 | AJ44: 45958 | AK44: 0 | AL44: 45949 | AM44: 45956 | AN44: 45957 | AO44: 45957 | AP44: 45953 | AQ44: 0 | AR44: 0 | AS44: 0 | AT44: 0 | AU44: 0 | AV44: 0 | AW44: งานพิมพ์ | AX44: รอART | AY44: 0 | AZ44: 0 | BA44: 0 | BB44: 0 | BC44: WRWT21720/WRWT25800 | BD44: 352.51463
A45: 45941 | B45: MK68-001227 | C45: บจก.เคอรี่ฟลาวมิลล์ | D45: ถุงเขียว | E45: 19 | F45: 32 | G45: ขาว | H45: 0 | I45: 67 | J45: + | K45: 5 | L45: บิด | M45: ไม่สวมถุงใน | N45: 0 | O45: 0 | P45: 0 | Q45: 0 | R45: 0 | S45: ห่ออัดเบลแบน501 | T45: 45958 | U45: 10000 | V45: 0 | W45: 10000 | X45: 0 | Y45: 10500 | Z45: WSWT1921720 | AA45: 9359.9 | AB45: 0 | AC45: 9359.9 | AD45: 0 | AE45: 0 | AF45: PDR250349 | AG45: รอแบบ | AH45: P7 | AI45: 2 | AJ45: 45958 | AK45: 0 | AL45: 45949 | AM45: 45956 | AN45: 45957 | AO45: 45957 | AP45: 45953 | AQ45: 0 | AR45: 0 | AS45: 0 | AT45: 0 | AU45: 0 | AV45: 0 | AW45: งานพิมพ์ | AX45: รอART | AY45: 0 | AZ45: 0 | BA45: 0 | BB45: 0 | BC45: WRWT21720/WRWT25800 | BD45: 705.02927
A46: 45941 | B46: MK68-001231 | C46: บจก.เคอรี่ฟลาวมิลล์ | D46: ไม่พิมพ์ | E46: 19 | F46: 32 | G46: ขาว | H46: 0 | I46: 67 | J46: + | K46: 5 | L46: ไม่ | M46: ไม่สวมถุงใน | N46: 0 | O46: 0 | P46: 0 | Q46: 0 | R46: 0 | S46: ห่ออัดเบลแบน501 | T46: 45959 | U46: 20000 | V46: 10000 | W46: 10000 | X46: 0 | Y46: 0 | Z46: WSWT1921720 | AA46: 9359.9 | AB46: 9359.9 | AC46: 0 | AD46: 0 | AE46: 0 | AF46: PDR250350 | AG46: พร้อมส่ง | AH46: P3 | AI46: 1 | AJ46: 45959 | AK46: 0 | AL46: 0 | AM46: 0 | AN46: 0 | AO46: 45958 | AP46: 45954 | AQ46: 0 | AR46: 0 | AS46: 0 | AT46: 0 | AU46: 0 | AV46: 0 | AW46: ตัด | AX46: 0 | AY46: 0 | AZ46: 0 | BA46: 0 | BB46: 0 | BC46: WRWT21720/WRWT25800 | BD46: 0
A47: ประมาณการ | B47: ประมาณการ | C47: บจก.เคอรี่ฟลาวมิลล์ | D47: แต้มแดง | E47: 19 | F47: 32 | G47: ขาว | H47: 0 | I47: 67 | J47: + | K47: 5 | L47: บิด | M47: ไม่สวมถุงใน | N47: 0 | O47: 0 | P47: 0 | Q47: 0 | R47: 0 | S47: ห่ออัดเบลแบน500 | T47: รอแจ้ง | U47: 5000 | V47: 5232 | W47: 0 | X47: 5400 | Y47: 0 | Z47: WSWT1921720 | AA47: 0 | AB47: 0 | AC47: 0 | AD47: 0 | AE47: 0 | AF47: 0 | AG47: พร้อมส่ง | AH47: P7 | AI47: 2 | AJ47: รอแจ้ง | AK47: 0 | AL47: #VALUE! | AM47: #VALUE! | AN47: #VALUE! | AO47: #VALUE! | AP47: #VALUE! | AQ47: 0 | AR47: 0 | AS47: 0 | AT47: 0 | AU47: 0 | AV47: 0 | AW47: งานพิมพ์ | AX47: / | AY47: 0 | AZ47: 0 | BA47: 0 | BB47: 0 | BC47: WRWT21720/WRWT25800 | BD47: 0
A48: ประมาณการ | B48: ประมาณการ | C48: บจก.เคอรี่ฟลาวมิลล์ | D48: รอแบบ | E48: 19 | F48: 32 | G48: ขาว | H48: 0 | I48: 67 | J48: + | K48: 5 | L48: บิด | M48: ไม่สวมถุงใน | N48: 0 | O48: 0 | P48: 0 | Q48: 0 | R48: 0 | S48: ห่ออัดเบลแบน500 | T48: 45961 | U48: 225000 | V48: 0 | W48: 225000 | X48: 0 | Y48: 236250 | Z48: WSWT1921720 | AA48: 210597.75 | AB48: 0 | AC48: 210597.75 | AD48: 0 | AE48: 0 | AF48: 0 | AG48: พร้อมส่ง | AH48: P7 | AI48: 2 | AJ48: 45961 | AK48: 0 | AL48: 45952 | AM48: 45959 | AN48: 45960 | AO48: 45960 | AP48: 45956 | AQ48: 0 | AR48: 0 | AS48: 0 | AT48: 0 | AU48: 0 | AV48: 0 | AW48: งานพิมพ์ | AX48: รอART | AY48: 0 | AZ48: 0 | BA48: 0 | BB48: 0 | BC48: WRWT21720/WRWT25800 | BD48: 15863.159
A49: 0 | B49: 0 | C49: 0 | D49: 0 | E49: 19 | F49: 30 | G49: 0 | H49: 0 | I49: 63 | J49: + | K49: 5 | L49: 0 | M49: 0 | N49: 0 | O49: 0 | P49: 0 | Q49: 0 | R49: 0 | S49: 0 | U49: 0 | V49: 0 | W49: 0 | X49: 0 | Y49: 0 | Z49: WSWT1921720 | AA49: 316848.99 | AB49: 64131.695 | AC49: 252717.3 | AD49: 0 | AE49: 0 | AF49: ระบุในSD | AG49: พร้อมส่ง | AH49: 0 | AI49: Lead time | AJ49: 0 | AK49: 0 | AL49: 0 | AM49: 0 | AN49: 0 | AO49: 0 | AP49: 0 | AQ49: 0 | AR49: 0 | AS49: 0 | AT49: 0 | AU49: 0 | AV49: 0 | AW49: 0 | AX49: 0 | AY49: 0 | AZ49: 0 | BA49: 0 | BB49: 0 | BC49: WRWT190720/WRWT25800 | BD49: 0
A50: 45905 | B50: MK68-001080 | C50: บจก.อินเทคค์ โกลบอล | D50: เพอเฟคค์104 โกลด์ | E50: 19 | F50: 34 | G50: ขาว | H50: ด้าน | I50: 100 | J50: ± | K50: 5 | L50: จับจีบ4" | M50: ไม่สวมถุงใน | N50: 0 | O50: 0 | P50: 0 | Q50: 0 | R50: 0 | S50: มัด80 ใช้สายรัด | T50: รอแจ้ง | U50: 109 | V50: 0 | W50: 109 | X50: 6124 | Y50: 0 | Z50: WSWT19251000SM | AA50: 0 | AB50: 0 | AC50: 0 | AD50: 0 | AE50: 0 | AF50: 0 | AG50: พร้อมส่ง | AH50: P6 | AI50: 4 | AJ50: รอแจ้ง | AK50: #VALUE! | AL50: #VALUE! | AM50: #VALUE! | AN50: #VALUE! | AO50: #VALUE! | AP50: #VALUE! | AQ50: 0 | AR50: 0 | AS50: 0 | AT50: 0 | AU50: 0 | AV50: 0 | AW50: งานเคลือบ+พิมพ์ | AX50: / | AY50: 0 | AZ50: 0 | BA50: 0 | BB50: 0 | BC50: WRWT251000/WRWT251000 | BD50: 0
A51: 0 | B51: 0 | C51: 0 | D51: 0 | E51: 19 | F51: 34 | G51: ขาว | H51: 0 | I51: 80 | J51: ± | K51: 5 | L51: 0 | M51: 0 | N51: 0 | O51: 0 | P51: 0 | Q51: 0 | R51: 0 | S51: 0 | U51: 0 | V51: 0 | W51: 0 | X51: 0 | Y51: 0 | Z51: WSWT19251000SM | AA51: 0 | AB51: 0 | AC51: 0 | AD51: 0 | AE51: 0 | AF51: ระบุในSD | AG51: พร้อมส่ง | AH51: 0 | AI51: Lead time | AJ51: 0 | AK51: 0 | AL51: 0 | AM51: 0 | AN51: 0 | AO51: 0 | AP51: 0 | AQ51: 0 | AR51: 0 | AS51: 0 | AT51: 0 | AU51: 0 | AV51: 0 | AW51: 0 | AX51: 0 | AY51: 0 | AZ51: 0 | BA51: 0 | BB51: 0 | BC51: WRWT251000/WRYL251000 | BD51: 0
A52: 45919 | B52: MK68-001123 | C52: บจก.อินเทคค์ โกลบอล | D52: เพอเฟคค์ 912 | E52: 20 | F52: 36 | G52: ขาว | H52: ด้าน | I52: 100 | J52: ± | K52: 5 | L52: จับจีบ4" | M52: ไม่สวมถุงใน | N52: 0 | O52: 0 | P52: 0 | Q52: 0 | R52: 0 | S52: มัด80 ใช้สายรัด | T52: รอแจ้ง | U52: 48 | V52: 0 | W52: 48 | X52: 11390 | Y52: 0 | Z52: WSWT2025800SM | AA52: 0 | AB52: 0 | AC52: 0 | AD52: 0 | AE52: 0 | AF52: 0 | AG52: รอตัด | AH52: P6 | AI52: 4 | AJ52: รอแจ้ง | AK52: #VALUE! | AL52: #VALUE! | AM52: #VALUE! | AN52: #VALUE! | AO52: #VALUE! | AP52: #VALUE! | AQ52: 0 | AR52: 0 | AS52: 0 | AT52: 0 | AU52: 0 | AV52: 0 | AW52: งานเคลือบ+พิมพ์ | AX52: / | AY52: ลบสีจำนวนมาก | AZ52: 0 | BA52: 0 | BB52: 0 | BC52: WRWT25850/WRWT25850 | BD52: 0
A53: 45919 | B53: MK68-001124 | C53: บจก.อินเทคค์ โกลบอล | D53: เพอเฟคค์ 913 | E53: 20 | F53: 36 | G53: ขาว | H53: ด้าน | I53: 100 | J53: ± | K53: 5 | L53: จับจีบ4" | M53: ไม่สวมถุงใน | N53: 0 | O53: 0 | P53: 0 | Q53: 0 | R53: 0 | S53: มัด80 ใช้สายรัด | T53: รอแจ้ง | U53: 1933 | V53: 0 | W53: 1933 | X53: 33440 | Y53: 0 | Z53: WSWT2025800SM | AA53: 0 | AB53: 0 | AC53: 0 | AD53: 0 | AE53: 0 | AF53: ตัดหมดแล้ว | AG53: พร้อมส่ง | AH53: P6 | AI53: 4 | AJ53: รอแจ้ง | AK53: #VALUE! | AL53: #VALUE! | AM53: #VALUE! | AN53: #VALUE! | AO53: #VALUE! | AP53: #VALUE! | AQ53: 0 | AR53: 0 | AS53: 0 | AT53: 0 | AU53: 0 | AV53: 0 | AW53: งานเคลือบ+พิมพ์ | AX53: / | AY53: 4/10 11/10 | AZ53: 0 | BA53: 0 | BB53: 0 | BC53: WRWT25850/WRWT25850 | BD53: 0
A54: 45919 | B54: MK68-001121 | C54: บจก.อินเทคค์ โกลบอล | D54: เฟิร์สช้อย 912 | E54: 20 | F54: 36 | G54: ขาว | H54: ด้าน | I54: 100 | J54: ± | K54: 5 | L54: จับจีบ4" | M54: ไม่สวมถุงใน | N54: 0 | O54: 0 | P54: 0 | Q54: 0 | R54: 0 | S54: มัด80 ใช้สายรัด | T54: รอแจ้ง | U54: 604 | V54: 0 | W54: 604 | X54: 16380 | Y54: 0 | Z54: WSWT2025800SM | AA54: 0 | AB54: 0 | AC54: 0 | AD54: 0 | AE54: 0 | AF54: 0 | AG54: พร้อมส่ง | AH54: P6 | AI54: 4 | AJ54: รอแจ้ง | AK54: #VALUE! | AL54: #VALUE! | AM54: #VALUE! | AN54: #VALUE! | AO54: #VALUE! | AP54: #VALUE! | AQ54: 0 | AR54: 0 | AS54: 0 | AT54: 0 | AU54: 0 | AV54: 0 | AW54: งานเคลือบ+พิมพ์ | AX54: / | AY54: 0 | AZ54: 0 | BA54: 0 | BB54: 0 | BC54: WRWT25850/WRWT25850 | BD54: 0
A55: 45919 | B55: MK68-001122 | C55: บจก.อินเทคค์ โกลบอล | D55: เพอเฟคค์ 914 | E55: 20 | F55: 36 | G55: ขาว | H55: ด้าน | I55: 100 | J55: ± | K55: 5 | L55: จับจีบ4" | M55: ไม่สวมถุงใน | N55: 0 | O55: 0 | P55: 0 | Q55: 0 | R55: 0 | S55: มัด80 ใช้สายรัด | T55: รอแจ้ง | U55: 1174 | V55: 0 | W55: 1174 | X55: 21440 | Y55: 0 | Z55: WSWT2025800SM | AA55: 0 | AB55: 0 | AC55: 0 | AD55: 0 | AE55: 0 | AF55: 0 | AG55: พร้อมส่ง | AH55: P6 | AI55: 4 | AJ55: รอแจ้ง | AK55: #VALUE! | AL55: #VALUE! | AM55: #VALUE! | AN55: #VALUE! | AO55: #VALUE! | AP55: #VALUE! | AQ55: 0 | AR55: 0 | AS55: 0 | AT55: 0 | AU55: 0 | AV55: 0 | AW55: งานเคลือบ+พิมพ์ | AX55: / | AY55: 0 | AZ55: 0 | BA55: 0 | BB55: 0 | BC55: WRWT25850/WRWT25850 | BD55: 0
A56: 45923 | B56: MK68-001152 | C56: คุณฐนวรวรรศณ์ ภัทรนนท์สกุล | D56: ปลาวาฬยิ้ม | E56: 20 | F56: 30 | G56: ขาว | H56: ใส | I56: 80 | J56: ± | K56: 5 | L56: จับจีบ | M56: ไม่สวมถุงใน | N56: 0 | O56: 0 | P56: 0 | Q56: 0 | R56: 0 | S56: 500กระสอบ | T56: 45944 | U56: 5000 | V56: 5048 | W56: 0 | X56: 5500 | Y56: 0 | Z56: WSWT2025800SM | AA56: 0 | AB56: 0 | AC56: 0 | AD56: 0 | AE56: 0 | AF56: 0 | AG56: พร้อมส่ง | AH56: P6 | AI56: 4 | AJ56: 45944 | AK56: 45940 | AL56: 45933 | AM56: 45941 | AN56: 45942 | AO56: 45943 | AP56: 45939 | AQ56: 0 | AR56: 0 | AS56: 0 | AT56: 0 | AU56: 0 | AV56: 0 | AW56: งานเคลือบ+พิมพ์ | AX56: / | AY56: รอส่ง | AZ56: 0 | BA56: 0 | BB56: 0 | BC56: WRWT25850/WRWT25850 | BD56: 0
A57: 45931 | B57: MK68-001194 | C57: บจก.มารีน ลีดเดอร์ | D57: High Rock | E57: 20 | F57: 30 | G57: ขาว | H57: ใส | I57: 80 | J57: ± | K57: 5 | L57: จับจีบ5" | M57: 21 | N57: 33 | O57: 40 | P57: 0 | Q57: 0 | R57: 0 | S57: 500กระสอบ | T57: 45944 | U57: 5000 | V57: 5000 | W57: 0 | X57: 5400 | Y57: 0 | Z57: WSWT2025800SM | AA57: 0 | AB57: 0 | AC57: 0 | AD57: 0 | AE57: 0 | AF57: 0 | AG57: พร้อมส่ง | AH57: P8 | AI57: 4 | AJ57: 45944 | AK57: 45940 | AL57: 45934 | AM57: 45941 | AN57: 45942 | AO57: 45942 | AP57: 45939 | AQ57: 45943 | AR57: 0 | AS57: 0 | AT57: 0 | AU57: 0 | AV57: 0 | AW57: งานเคลือบ+พิมพ์ | AX57: / | AY57: 0 | AZ57: 0 | BA57: 0 | BB57: 0 | BC57: WRWT25850/WRWT25850 | BD57: 0
A58: 45931 | B58: MK68-001193 | C58: บจก.มารีน ลีดเดอร์ | D58: Rocky Quick lime | E58: 20 | F58: 30 | G58: ขาว | H58: ใส | I58: 80 | J58: ± | K58: 5 | L58: จับจีบ5" | M58: 21 | N58: 33 | O58: 40 | P58: 0 | Q58: 0 | R58: 0 | S58: 500กระสอบ | T58: 45944 | U58: 5000 | V58: 5000 | W58: 0 | X58: 5400 | Y58: 0 | Z58: WSWT2025800SM | AA58: 0 | AB58: 0 | AC58: 0 | AD58: 0 | AE58: 0 | AF58: 0 | AG58: พร้อมส่ง | AH58: P8 | AI58: 4 | AJ58: 45944 | AK58: 45940 | AL58: 45934 | AM58: 45941 | AN58: 45942 | AO58: 45942 | AP58: 45939 | AQ58: 45943 | AR58: 0 | AS58: 0 | AT58: 0 | AU58: 0 | AV58: 0 | AW58: งานเคลือบ+พิมพ์ | AX58: / | AY58: 0 | AZ58: 0 | BA58: 0 | BB58: 0 | BC58: WRWT25850/WRWT25850 | BD58: 0
A59: 45877 | B59: MK68-000990 | C59: บจก.เอสพีเอ็ม อาหารสัตว์ | D59: SW 441 PLUS | E59: 20 | F59: 38 | G59: ขาว | H59: ใส | I59: 100 | J59: ± | K59: 5 | L59: บิด | M59: ไม่สวมถุงใน | N59: 0 | O59: 0 | P59: 0 | Q59: 0 | R59: 0 | S59: 500กระสอบแบน | T59: 45944 | U59: 3500 | V59: 3500 | W59: 0 | X59: 3605 | Y59: 0 | Z59: WSWT2025800SM | AA59: 0 | AB59: 0 | AC59: 0 | AD59: 0 | AE59: 0 | AF59: 0 | AG59: พร้อมส่ง | AH59: P6 | AI59: 4 | AJ59: 45944 | AK59: 45940 | AL59: 45933 | AM59: 45941 | AN59: 45942 | AO59: 45943 | AP59: 45939 | AQ59: 0 | AR59: 0 | AS59: 0 | AT59: 0 | AU59: 0 | AV59: 0 | AW59: งานเคลือบ+พิมพ์ | AX59: / | AY59: 0 | AZ59: 0 | BA59: 0 | BB59: 0 | BC59: WRWT25850/WRWT25850 | BD59: 0
A60: 45916 | B60: MK68-001119 | C60: บจก.ซันฟีด | D60: 952 | E60: 20 | F60: 38 | G60: ขาว | H60: ด้าน | I60: 100 | J60: + | K60: 0 | L60: บิด | M60: ไม่สวมถุงใน | N60: 0 | O60: 0 | P60: 0 | Q60: 0 | R60: 0 | S60: 300กระสอบแบนเต็มใบ | T60: 45945 | U60: 5000 | V60: 5100 | W60: 0 | X60: 5100 | Y60: 0 | Z60: WSWT2025800SM | AA60: 0 | AB60: 0 | AC60: 0 | AD60: 0 | AE60: 0 | AF60: 0 | AG60: พร้อมส่ง | AH60: P6 | AI60: 4 | AJ60: 45945 | AK60: 45941 | AL60: 45934 | AM60: 45942 | AN60: 45943 | AO60: 45944 | AP60: 45940 | AQ60: 0 | AR60: 0 | AS60: 0 | AT60: 0 | AU60: 0 | AV60: 0 | AW60: งานเคลือบ+พิมพ์ | AX60: / | AY60: 45930 | AZ60: 0 | BA60: 0 | BB60: 0 | BC60: WRWT25850/WRWT25850 | BD60: 0
A61: 45916 | B61: MK68-001119 | C61: บจก.ซันฟีด | D61: ขุนศึกเบอร์ 2 | E61: 20 | F61: 38 | G61: ขาว | H61: ด้าน | I61: 100 | J61: + | K61: 0 | L61: บิด | M61: ไม่สวมถุงใน | N61: 0 | O61: 0 | P61: 0 | Q61: 0 | R61: 0 | S61: 300กระสอบแบนเต็มใบ | T61: 45945 | U61: 4000 | V61: 4000 | W61: 0 | X61: 4900 | Y61: 0 | Z61: WSWT2025800SM | AA61: 0 | AB61: 0 | AC61: 0 | AD61: 0 | AE61: 0 | AF61: 0 | AG61: รอตัด | AH61: P6 | AI61: 4 | AJ61: 45945 | AK61: 45941 | AL61: 45934 | AM61: 45942 | AN61: 45943 | AO61: 45944 | AP61: 45940 | AQ61: 0 | AR61: 0 | AS61: 0 | AT61: 0 | AU61: 0 | AV61: 0 | AW61: งานเคลือบ+พิมพ์ | AX61: / | AY61: 45930 | AZ61: 0 | BA61: 0 | BB61: 0 | BC61: WRWT25850/WRWT25850 | BD61: 0
A62: 45916 | B62: MK68-001119 | C62: บจก.ซันฟีด | D62: ขุนศึกเบอร์ 1 | E62: 20 | F62: 38 | G62: ขาว | H62: ด้าน | I62: 100 | J62: + | K62: 0 | L62: บิด | M62: ไม่สวมถุงใน | N62: 0 | O62: 0 | P62: 0 | Q62: 0 | R62: 0 | S62: 300กระสอบแบนเต็มใบ | T62: 45945 | U62: 5000 | V62: 5100 | W62: 0 | X62: 5013 | Y62: 0 | Z62: WSWT2025800SM | AA62: 0 | AB62: 0 | AC62: 0 | AD62: 0 | AE62: 0 | AF62: เสียเยอะ | AG62: พร้อมส่ง | AH62: P6 | AI62: 4 | AJ62: 45945 | AK62: 45941 | AL62: 45934 | AM62: 45942 | AN62: 45943 | AO62: 45944 | AP62: 45940 | AQ62: 0 | AR62: 0 | AS62: 0 | AT62: 0 | AU62: 0 | AV62: 0 | AW62: งานเคลือบ+พิมพ์ | AX62: / | AY62: 0 | AZ62: 0 | BA62: 0 | BB62: 0 | BC62: WRWT25850/WRWT25850 | BD62: 0
A63: 45916 | B63: MK68-001119 | C63: บจก.ซันฟีด | D63: ขุนศึกเบอร์ 1 | E63: 20 | F63: 38 | G63: ขาว | H63: ด้าน | I63: 100 | J63: + | K63: 0 | L63: บิด | M63: ไม่สวมถุงใน | N63: 0 | O63: 0 | P63: 0 | Q63: 0 | R63: 0 | S63: 300กระสอบแบนเต็มใบ | T63: 45945 | U63: 5000 | V63: 5100 | W63: 0 | X63: 5100 | Y63: 0 | Z63: WSWT2025800SM | AA63: 0 | AB63: 0 | AC63: 0 | AD63: 0 | AE63: 0 | AF63: 0 | AG63: รอตัด | AH63: P6 | AI63: 4 | AJ63: 45945 | AK63: 45941 | AL63: 45934 | AM63: 45942 | AN63: 45943 | AO63: 45944 | AP63: 45940 | AQ63: 0 | AR63: 0 | AS63: 0 | AT63: 0 | AU63: 0 | AV63: 0 | AW63: งานเคลือบ+พิมพ์ | AX63: / | AY63: 0 | AZ63: 0 | BA63: 0 | BB63: 0 | BC63: WRWT25850/WRWT25850 | BD63: 0
A64: 45937 | B64: MK68-001218 | C64: บจก.อินเทคค์ โกลบอล | D64: สุบรรณ 111 | E64: 20 | F64: 36 | G64: ขาว | H64: ด้าน | I64: 100 | J64: ± | K64: 5 | L64: จับจีบ3.5" | M64: ไม่สวมถุงใน | N64: 0 | O64: 0 | P64: 0 | Q64: 0 | R64: 0 | S64: มัด80 ใช้สายรัด | T64: 45945 | U64: 5040 | V64: 0 | W64: 5040 | X64: 6170 | Y64: 0 | Z64: WSWT2025800SM | AA64: 0 | AB64: 0 | AC64: 0 | AD64: 0 | AE64: 0 | AF64: 0 | AG64: พร้อมส่ง | AH64: P6 | AI64: 4 | AJ64: 45945 | AK64: 45941 | AL64: 45934 | AM64: 45942 | AN64: 45943 | AO64: 45944 | AP64: 45940 | AQ64: 0 | AR64: 0 | AS64: 0 | AT64: 0 | AU64: 0 | AV64: 0 | AW64: งานเคลือบ+พิมพ์ | AX64: 0 | AY64: 0 | AZ64: 0 | BA64: 0 | BB64: 0 | BC64: WRWT25850/WRWT25850 | BD64: 0
A65: 45825 | B65: MK68-000801 | C65: บจก.อินเทคค์ โกลบอล | D65: สุบรรณ 111 | E65: 20 | F65: 36 | G65: ขาว | H65: ด้าน | I65: 100 | J65: ± | K65: 5 | L65: จับจีบ3.5" | M65: ไม่สวมถุงใน | N65: 0 | O65: 0 | P65: 0 | Q65: 0 | R65: 0 | S65: มัด80 ใช้สายรัด | T65: 45945 | U65: 894 | V65: 525 | W65: 369 | X65: 925 | Y65: 0 | Z65: WSWT2025800SM | AA65: 0 | AB65: 0 | AC65: 0 | AD65: 0 | AE65: 0 | AF65: 0 | AG65: พร้อมส่ง | AH65: P6 | AI65: 4 | AJ65: 45945 | AK65: 45941 | AL65: 45934 | AM65: 45942 | AN65: 45943 | AO65: 45944 | AP65: 45940 | AQ65: 0 | AR65: 0 | AS65: 0 | AT65: 0 | AU65: 0 | AV65: 0 | AW65: งานเคลือบ+พิมพ์ | AX65: / | AY65: 0 | AZ65: 0 | BA65: 0 | BB65: 0 | BC65: WRWT25850/WRWT25850 | BD65: 0
A66: 45936 | B66: MK68-001216 | C66: บจก.อินเทคค์ โกลบอล | D66: สุบรรณ 666 | E66: 20 | F66: 36 | G66: ขาว | H66: ด้าน | I66: 100 | J66: ± | K66: 5 | L66: จับจีบ3.5" | M66: ไม่สวมถุงใน | N66: 0 | O66: 0 | P66: 0 | Q66: 0 | R66: 0 | S66: มัด80 ใช้สายรัด | T66: 45945 | U66: 5040 | V66: 0 | W66: 5040 | X66: 6000 | Y66: 0 | Z66: WSWT2025800SM | AA66: 0 | AB66: 0 | AC66: 0 | AD66: 0 | AE66: 0 | AF66: 0 | AG66: รอตัด | AH66: P6 | AI66: 4 | AJ66: 45945 | AK66: 45941 | AL66: 45934 | AM66: 45942 | AN66: 45943 | AO66: 45944 | AP66: 45940 | AQ66: 0 | AR66: 0 | AS66: 0 | AT66: 0 | AU66: 0 | AV66: 0 | AW66: งานเคลือบ+พิมพ์ | AX66: / | AY66: 0 | AZ66: 0 | BA66: 0 | BB66: 0 | BC66: WRWT25850/WRWT25850 | BD66: 0
A67: 45523 | B67: MK67-001153 | C67: บจก.อินเทคค์ โกลบอล | D67: สุบรรณ 666 | E67: 20 | F67: 36 | G67: ขาว | H67: ด้าน | I67: 100 | J67: ± | K67: 5 | L67: จับจีบ3.5" | M67: ไม่สวมถุงใน | N67: 0 | O67: 0 | P67: 0 | Q67: 0 | R67: 0 | S67: มัด80 ใช้สายรัด | T67: 45945 | U67: 89 | V67: 0 | W67: 89 | X67: 100 | Y67: 0 | Z67: WSWT2025800SM | AA67: 0 | AB67: 0 | AC67: 0 | AD67: 0 | AE67: 0 | AF67: 0 | AG67: พร้อมส่ง | AH67: P6 | AI67: 4 | AJ67: 45945 | AK67: 45941 | AL67: 45934 | AM67: 45942 | AN67: 45943 | AO67: 45944 | AP67: 45940 | AQ67: 0 | AR67: 0 | AS67: 0 | AT67: 0 | AU67: 0 | AV67: 0 | AW67: งานเคลือบ+พิมพ์ | AX67: / | AY67: 0 | AZ67: 0 | BA67: 0 | BB67: 0 | BC67: WRWT25850/WRWT25850 | BD67: 0
A68: 45916 | B68: MK68-001119 | C68: บจก.ซันฟีด | D68: 953 | E68: 20 | F68: 38 | G68: ขาว | H68: ด้าน | I68: 100 | J68: + | K68: 0 | L68: บิด | M68: ไม่สวมถุงใน | N68: 0 | O68: 0 | P68: 0 | Q68: 0 | R68: 0 | S68: 300กระสอบแบนเต็มใบ | T68: 45945 | U68: 2500 | V68: 2700 | W68: 0 | X68: 5250 | Y68: 0 | Z68: WSWT2025800SM | AA68: 0 | AB68: 0 | AC68: 0 | AD68: 0 | AE68: 0 | AF68: 0 | AG68: รอตัด | AH68: P6 | AI68: 4 | AJ68: 45945 | AK68: 45941 | AL68: 45934 | AM68: 45942 | AN68: 45943 | AO68: 45944 | AP68: 45940 | AQ68: 0 | AR68: 0 | AS68: 0 | AT68: 0 | AU68: 0 | AV68: 0 | AW68: งานเคลือบ+พิมพ์ | AX68: / | AY68: 45930 | AZ68: 0 | BA68: 0 | BB68: 0 | BC68: WRWT25850/WRWT25850 | BD68: 0
A69: 45923 | B69: MK68-001157 | C69: บจก.เอสพีเอ็ม อาหารสัตว์ | D69: HERO 111 | E69: 20 | F69: 38 | G69: ขาว | H69: ด้าน | I69: 100 | J69: ± | K69: 5 | L69: บิด | M69: ไม่สวมถุงใน | N69: 0 | O69: 0 | P69: 0 | Q69: 0 | R69: 0 | S69: 500กระสอบแบน | T69: 45946 | U69: 3000 | V69: 0 | W69: 3000 | X69: 3300 | Y69: 0 | Z69: WSWT2025800SM | AA69: 0 | AB69: 0 | AC69: 0 | AD69: 0 | AE69: 0 | AF69: 0 | AG69: ยังไม่ได้พิมพ์ | AH69: P6 | AI69: 4 | AJ69: 45946 | AK69: 45942 | AL69: 45935 | AM69: 45943 | AN69: 45944 | AO69: 45945 | AP69: 45941 | AQ69: 0 | AR69: 0 | AS69: 0 | AT69: 0 | AU69: 0 | AV69: 0 | AW69: งานเคลือบ+พิมพ์ | AX69: / | AY69: 0 | AZ69: 0 | BA69: 0 | BB69: 0 | BC69: WRWT25850/WRWT25850 | BD69: 0
A70: 45916 | B70: MK68-001119 | C70: บจก.ซันฟีด | D70: 007 | E70: 20 | F70: 38 | G70: ขาว | H70: ด้าน | I70: 100 | J70: + | K70: 0 | L70: บิด | M70: ไม่สวมถุงใน | N70: 0 | O70: 0 | P70: 0 | Q70: 0 | R70: 0 | S70: 300กระสอบแบนเต็มใบ | T70: 45947 | U70: 2500 | V70: 2500 | W70: 0 | X70: 2550 | Y70: 0 | Z70: WSWT2025800SM | AA70: 0 | AB70: 0 | AC70: 0 | AD70: 0 | AE70: 0 | AF70: 0 | AG70: รอตัด | AH70: P6 | AI70: 4 | AJ70: 45947 | AK70: 45943 | AL70: 45936 | AM70: 45944 | AN70: 45945 | AO70: 45946 | AP70: 45942 | AQ70: 0 | AR70: 0 | AS70: 0 | AT70: 0 | AU70: 0 | AV70: 0 | AW70: งานเคลือบ+พิมพ์ | AX70: / | AY70: 0 | AZ70: 0 | BA70: 0 | BB70: 0 | BC70: WRWT25850/WRWT25850 | BD70: 0
A71: 45911 | B71: MK68-001105 | C71: บจก.เอพีเอ็ม อะโกร | D71: ฟีล-กู๊ด พี6 | E71: 20 | F71: 38 | G71: ขาว | H71: ใส | I71: 100 | J71: ± | K71: 5 | L71: บิด | M71: ไม่สวมถุงใน | N71: 0 | O71: 0 | P71: 0 | Q71: 0 | R71: 0 | S71: 500กระสอบแบน | T71: 45947 | U71: 8000 | V71: 4000 | W71: 4000 | X71: 8465 | Y71: 0 | Z71: WSWT2025800SM | AA71: 0 | AB71: 0 | AC71: 0 | AD71: 0 | AE71: 0 | AF71: 0 | AG71: พร้อมส่ง | AH71: P6 | AI71: 4 | AJ71: 45947 | AK71: 45943 | AL71: 45936 | AM71: 45944 | AN71: 45945 | AO71: 45946 | AP71: 45942 | AQ71: 0 | AR71: 0 | AS71: 0 | AT71: 0 | AU71: 0 | AV71: 0 | AW71: งานเคลือบ+พิมพ์ | AX71: / | AY71: 0 | AZ71: 0 | BA71: 0 | BB71: 0 | BC71: WRWT25850/WRWT25850 | BD71: 0
A72: 45909 | B72: MK68-001092 | C72: บจก.เอพีเอ็ม อะโกร | D72: APM915 | E72: 20 | F72: 38 | G72: ขาว | H72: ใส | I72: 100 | J72: ± | K72: 5 | L72: บิด | M72: ไม่สวมถุงใน | N72: 0 | O72: 0 | P72: 0 | Q72: 0 | R72: 0 | S72: 500กระสอบแบน | T72: 45947 | U72: 3000 | V72: 0 | W72: 3000 | X72: 0 | Y72: 3150 | Z72: WSWT2025800SM | AA72: 3310.89 | AB72: 3310.89 | AC72: 0 | AD72: 3310.89 | AE72: 0 | AF72: 0 | AG72: รอตัด | AH72: P6 | AI72: 4 | AJ72: 45947 | AK72: 45943 | AL72: 45936 | AM72: 45944 | AN72: 45945 | AO72: 45946 | AP72: 45942 | AQ72: 0 | AR72: 0 | AS72: 0 | AT72: 0 | AU72: 0 | AV72: 0 | AW72: งานเคลือบ+พิมพ์ | AX72: / | AY72: 0 | AZ72: 0 | BA72: 0 | BB72: 0 | BC72: WRWT25850/WRWT25850 | BD72: 0
A73: 45916 | B73: MK68-001119 | C73: บจก.ซันฟีด | D73: 952 | E73: 20 | F73: 38 | G73: ขาว | H73: ด้าน | I73: 100 | J73: + | K73: 0 | L73: บิด | M73: ไม่สวมถุงใน | N73: 0 | O73: 0 | P73: 0 | Q73: 0 | R73: 0 | S73: 300กระสอบแบนเต็มใบ | T73: 45947 | U73: 7500 | V73: 5245 | W73: 2255 | X73: 7625 | Y73: 0 | Z73: WSWT2025800SM | AA73: 0 | AB73: 0 | AC73: 0 | AD73: 0 | AE73: 0 | AF73: 0 | AG73: ยังไม่ได้พิมพ์ | AH73: P6 | AI73: 4 | AJ73: 45947 | AK73: 45943 | AL73: 45936 | AM73: 45944 | AN73: 45945 | AO73: 45946 | AP73: 45942 | AQ73: 0 | AR73: 0 | AS73: 0 | AT73: 0 | AU73: 0 | AV73: 0 | AW73: งานเคลือบ+พิมพ์ | AX73: / | AY73: 0 | AZ73: 0 | BA73: 0 | BB73: 0 | BC73: WRWT25850/WRWT25850 | BD73: 0
A74: 45916 | B74: MK68-001119 | C74: บจก.ซันฟีด | D74: ขุนศึกเบอร์ 2 | E74: 20 | F74: 38 | G74: ขาว | H74: ด้าน | I74: 100 | J74: + | K74: 0 | L74: บิด | M74: ไม่สวมถุงใน | N74: 0 | O74: 0 | P74: 0 | Q74: 0 | R74: 0 | S74: 300กระสอบแบนเต็มใบ | T74: 45951 | U74: 5000 | V74: 5100 | W74: 0 | X74: 5100 | Y74: 0 | Z74: WSWT2025800SM | AA74: 0 | AB74: 0 | AC74: 0 | AD74: 0 | AE74: 0 | AF74: 0 | AG74: พร้อมส่ง | AH74: P6 | AI74: 4 | AJ74: 45951 | AK74: 45947 | AL74: 45940 | AM74: 45948 | AN74: 45949 | AO74: 45950 | AP74: 45946 | AQ74: 0 | AR74: 0 | AS74: 0 | AT74: 0 | AU74: 0 | AV74: 0 | AW74: งานเคลือบ+พิมพ์ | AX74: / | AY74: 0 | AZ74: 0 | BA74: 0 | BB74: 0 | BC74: WRWT25850/WRWT25850 | BD74: 0
A75: 45916 | B75: MK68-001119 | C75: บจก.ซันฟีด | D75: 956 | E75: 20 | F75: 38 | G75: ขาว | H75: ด้าน | I75: 100 | J75: + | K75: 0 | L75: บิด | M75: ไม่สวมถุงใน | N75: 0 | O75: 0 | P75: 0 | Q75: 0 | R75: 0 | S75: 300กระสอบแบนเต็มใบ | T75: 45951 | U75: 2500 | V75: 1371 | W75: 1129 | X75: 2550 | Y75: 0 | Z75: WSWT2025800SM | AA75: 0 | AB75: 0 | AC75: 0 | AD75: 0 | AE75: 0 | AF75: 0 | AG75: ยังไม่ได้พิมพ์ | AH75: P6 | AI75: 4 | AJ75: 45951 | AK75: 45947 | AL75: 45940 | AM75: 45948 | AN75: 45949 | AO75: 45950 | AP75: 45946 | AQ75: 0 | AR75: 0 | AS75: 0 | AT75: 0 | AU75: 0 | AV75: 0 | AW75: งานเคลือบ+พิมพ์ | AX75: / | AY75: 0 | AZ75: 0 | BA75: 0 | BB75: 0 | BC75: WRWT25850/WRWT25850 | BD75: 0
A76: 45892 | B76: MK68-001027 | C76: บจก.เอสพีเอ็ม อาหารสัตว์ | D76: นีโอ 05 | E76: 20 | F76: 38 | G76: ขาว | H76: ด้าน | I76: 100 | J76: ± | K76: 5 | L76: ไม่ | M76: ไม่สวมถุงใน | N76: 0 | O76: 0 | P76: 0 | Q76: 0 | R76: 0 | S76: 500กระสอบแบน | T76: 45951 | U76: 6000 | V76: 0 | W76: 6000 | X76: 0 | Y76: 6300 | Z76: WSWT2025800SM | AA76: 6621.78 | AB76: 6621.78 | AC76: 0 | AD76: 0 | AE76: 6621.78 | AF76: 0 | AG76: ยังไม่ได้พิมพ์ | AH76: P6 | AI76: 4 | AJ76: 45951 | AK76: 45947 | AL76: 45940 | AM76: 45948 | AN76: 45949 | AO76: 45950 | AP76: 45946 | AQ76: 0 | AR76: 0 | AS76: 0 | AT76: 0 | AU76: 0 | AV76: 0 | AW76: งานเคลือบ+พิมพ์ | AX76: / | AY76: 0 | AZ76: 0 | BA76: 0 | BB76: 0 | BC76: WRWT25850/WRWT25850 | BD76: 0
A77: 45916 | B77: MK68-001119 | C77: บจก.ซันฟีด | D77: 953 | E77: 20 | F77: 38 | G77: ขาว | H77: ด้าน | I77: 100 | J77: + | K77: 0 | L77: บิด | M77: ไม่สวมถุงใน | N77: 0 | O77: 0 | P77: 0 | Q77: 0 | R77: 0 | S77: 300กระสอบแบนเต็มใบ | T77: 45951 | U77: 5000 | V77: 4825 | W77: 175 | X77: 5200 | Y77: 0 | Z77: WSWT2025800SM | AA77: 0 | AB77: 0 | AC77: 0 | AD77: 0 | AE77: 0 | AF77: 0 | AG77: พร้อมส่ง | AH77: P6 | AI77: 4 | AJ77: 45951 | AK77: 45947 | AL77: 45940 | AM77: 45948 | AN77: 45949 | AO77: 45950 | AP77: 45946 | AQ77: 0 | AR77: 0 | AS77: 0 | AT77: 0 | AU77: 0 | AV77: 0 | AW77: งานเคลือบ+พิมพ์ | AX77: / | AY77: 0 | AZ77: 0 | BA77: 0 | BB77: 0 | BC77: WRWT25850/WRWT25850 | BD77: 0
A78: 45933 | B78: MK68-001207 | C78: บจก.เอสพีเอ็ม อาหารสัตว์ | D78: นาโน 04 | E78: 20 | F78: 38 | G78: ขาว | H78: ด้าน | I78: 100 | J78: ± | K78: 5 | L78: บิด | M78: ไม่สวมถุงใน | N78: 0 | O78: 0 | P78: 0 | Q78: 0 | R78: 0 | S78: 500กระสอบแบน | T78: 45951 | U78: 3000 | V78: 0 | W78: 3000 | X78: 0 | Y78: 3150 | Z78: WSWT2025800SM | AA78: 3310.89 | AB78: 3310.89 | AC78: 0 | AD78: 0 | AE78: 3310.89 | AF78: 0 | AG78: ยังไม่ได้พิมพ์ | AH78: P6 | AI78: 4 | AJ78: 45951 | AK78: 45947 | AL78: 45940 | AM78: 45948 | AN78: 45949 | AO78: 45950 | AP78: 45946 | AQ78: 0 | AR78: 0 | AS78: 0 | AT78: 0 | AU78: 0 | AV78: 0 | AW78: งานเคลือบ+พิมพ์ | AX78: / | AY78: 0 | AZ78: 0 | BA78: 0 | BB78: 0 | BC78: WRWT25850/WRWT25850 | BD78: 0
A79: 45916 | B79: MK68-001119 | C79: บจก.ซันฟีด | D79: 917 | E79: 20 | F79: 37 | G79: ขาว | H79: ด้าน | I79: 98 | J79: + | K79: 0 | L79: บิด | M79: ไม่สวมถุงใน | N79: 0 | O79: 0 | P79: 0 | Q79: 0 | R79: 0 | S79: 300กระสอบแบนเต็มใบ | T79: 45952 | U79: 2500 | V79: 0 | W79: 2500 | X79: 0 | Y79: 2625 | Z79: WSWT2025800SM | AA79: 2689.225 | AB79: 2689.225 | AC79: 0 | AD79: 0 | AE79: 2689.225 | AF79: 0 | AG79: ยังไม่ได้พิมพ์ | AH79: P6 | AI79: 4 | AJ79: 45952 | AK79: 45948 | AL79: 45941 | AM79: 45949 | AN79: 45950 | AO79: 45951 | AP79: 45947 | AQ79: 0 | AR79: 0 | AS79: 0 | AT79: 0 | AU79: 0 | AV79: 0 | AW79: งานเคลือบ+พิมพ์ | AX79: / | AY79: 0 | AZ79: 0 | BA79: 0 | BB79: 0 | BC79: WRWT25850/WRWT25850 | BD79: 0
A80: 45891 | B80: MK68-001033 | C80: บจก.เอสพีเอ็ม อาหารสัตว์ | D80: นาโน 03 | E80: 20 | F80: 38 | G80: ขาว | H80: ด้าน | I80: 100 | J80: ± | K80: 5 | L80: บิด | M80: ไม่สวมถุงใน | N80: 0 | O80: 0 | P80: 0 | Q80: 0 | R80: 0 | S80: 500กระสอบแบน | T80: 45951 | U80: 9000 | V80: 8447 | W80: 553 | X80: 9150 | Y80: 0 | Z80: WSWT2025800SM | AA80: 0 | AB80: 0 | AC80: 0 | AD80: 0 | AE80: 0 | AF80: 0 | AG80: พร้อมส่ง | AH80: P6 | AI80: 5 | AJ80: 45951 | AK80: 45946 | AL80: 45939 | AM80: 45947 | AN80: 45948 | AO80: 45949 | AP80: 45946 | AQ80: 0 | AR80: 0 | AS80: 0 | AT80: 0 | AU80: 0 | AV80: 0 | AW80: งานเคลือบ+พิมพ์ | AX80: / | AY80: 8447 | AZ80: 0 | BA80: 0 | BB80: 0 | BC80: WRWT25850/WRWT25850 | BD80: 0
A81: 45933 | B81: MK68-001213 | C81: บจก.เอสพีเอ็ม อาหารสัตว์ | D81: SPM914 | E81: 20 | F81: 38 | G81: ขาว | H81: ด้าน | I81: 100 | J81: ± | K81: 5 | L81: บิด | M81: ไม่สวมถุงใน | N81: 0 | O81: 0 | P81: 0 | Q81: 0 | R81: 0 | S81: 500กระสอบแบน | T81: 45953 | U81: 3000 | V81: 0 | W81: 3000 | X81: 0 | Y81: 3150 | Z81: WSWT2025800SM | AA81: 3310.89 | AB81: 3310.89 | AC81: 0 | AD81: 0 | AE81: 3310.89 | AF81: 0 | AG81: พร้อมส่ง | AH81: P6 | AI81: 4 | AJ81: 45953 | AK81: 45949 | AL81: 45942 | AM81: 45950 | AN81: 45951 | AO81: 45952 | AP81: 45948 | AQ81: 0 | AR81: 0 | AS81: 0 | AT81: 0 | AU81: 0 | AV81: 0 | AW81: งานเคลือบ+พิมพ์ | AX81: / | AY81: 0 | AZ81: 0 | BA81: 0 | BB81: 0 | BC81: WRWT25850/WRWT25850 | BD81: 0
A82: 45923 | B82: MK68-001159 | C82: บจก.เอสพีเอ็ม อาหารสัตว์ | D82: SPM 915 | E82: 20 | F82: 38 | G82: ขาว | H82: ด้าน | I82: 100 | J82: ± | K82: 5 | L82: บิด | M82: ไม่สวมถุงใน | N82: 0 | O82: 0 | P82: 0 | Q82: 0 | R82: 0 | S82: 500กระสอบแบน | T82: 45953 | U82: 3000 | V82: 0 | W82: 3000 | X82: 0 | Y82: 3150 | Z82: WSWT2025800SM | AA82: 3310.89 | AB82: 3310.89 | AC82: 0 | AD82: 0 | AE82: 3310.89 | AF82: 0 | AG82: ยังไม่ได้พิมพ์ | AH82: P6 | AI82: 4 | AJ82: 45953 | AK82: 45949 | AL82: 45942 | AM82: 45950 | AN82: 45951 | AO82: 45952 | AP82: 45948 | AQ82: 0 | AR82: 0 | AS82: 0 | AT82: 0 | AU82: 0 | AV82: 0 | AW82: งานเคลือบ+พิมพ์ | AX82: / | AY82: 0 | AZ82: 0 | BA82: 0 | BB82: 0 | BC82: WRWT25850/WRWT25850 | BD82: 0
A83: 45916 | B83: MK68-001119 | C83: บจก.ซันฟีด | D83: ขุนศึกเบอร์ 1 | E83: 20 | F83: 38 | G83: ขาว | H83: ด้าน | I83: 100 | J83: + | K83: 0 | L83: บิด | M83: ไม่สวมถุงใน | N83: 0 | O83: 0 | P83: 0 | Q83: 0 | R83: 0 | S83: 300กระสอบแบนเต็มใบ | T83: 45954 | U83: 5000 | V83: 4262 | W83: 738 | X83: 5150 | Y83: 0 | Z83: WSWT2025800SM | AA83: 0 | AB83: 0 | AC83: 0 | AD83: 0 | AE83: 0 | AF83: 0 | AG83: ยังไม่ได้พิมพ์ | AH83: P6 | AI83: 4 | AJ83: 45954 | AK83: 45950 | AL83: 45943 | AM83: 45951 | AN83: 45952 | AO83: 45953 | AP83: 45949 | AQ83: 0 | AR83: 0 | AS83: 0 | AT83: 0 | AU83: 0 | AV83: 0 | AW83: งานเคลือบ+พิมพ์ | AX83: / | AY83: 0 | AZ83: 0 | BA83: 0 | BB83: 0 | BC83: WRWT25850/WRWT25850 | BD83: 0
A84: 45916 | B84: MK68-001119 | C84: บจก.ซันฟีด | D84: 007 | E84: 20 | F84: 38 | G84: ขาว | H84: ด้าน | I84: 100 | J84: + | K84: 0 | L84: บิด | M84: ไม่สวมถุงใน | N84: 0 | O84: 0 | P84: 0 | Q84: 0 | R84: 0 | S84: 300กระสอบแบนเต็มใบ | T84: 45954 | U84: 2500 | V84: 2500 | W84: 0 | X84: 2550 | Y84: 0 | Z84: WSWT2025800SM | AA84: 0 | AB84: 0 | AC84: 0 | AD84: 0 | AE84: 0 | AF84: 0 | AG84: พร้อมส่ง | AH84: P6 | AI84: 4 | AJ84: 45954 | AK84: 45950 | AL84: 45943 | AM84: 45951 | AN84: 45952 | AO84: 45953 | AP84: 45949 | AQ84: 0 | AR84: 0 | AS84: 0 | AT84: 0 | AU84: 0 | AV84: 0 | AW84: งานเคลือบ+พิมพ์ | AX84: / | AY84: 0 | AZ84: 0 | BA84: 0 | BB84: 0 | BC84: WRWT25850/WRWT25850 | BD84: 0
A85: 45916 | B85: MK68-001119 | C85: บจก.ซันฟีด | D85: 952 | E85: 20 | F85: 38 | G85: ขาว | H85: ด้าน | I85: 100 | J85: + | K85: 0 | L85: บิด | M85: ไม่สวมถุงใน | N85: 0 | O85: 0 | P85: 0 | Q85: 0 | R85: 0 | S85: 300กระสอบแบนเต็มใบ | T85: 45954 | U85: 5000 | V85: 0 | W85: 5000 | X85: 0 | Y85: 5250 | Z85: WSWT2025800SM | AA85: 5518.15 | AB85: 5518.15 | AC85: 0 | AD85: 0 | AE85: 5518.15 | AF85: 0 | AG85: พร้อมส่ง | AH85: P6 | AI85: 4 | AJ85: 45954 | AK85: 45950 | AL85: 45943 | AM85: 45951 | AN85: 45952 | AO85: 45953 | AP85: 45949 | AQ85: 0 | AR85: 0 | AS85: 0 | AT85: 0 | AU85: 0 | AV85: 0 | AW85: งานเคลือบ+พิมพ์ | AX85: / | AY85: 0 | AZ85: 0 | BA85: 0 | BB85: 0 | BC85: WRWT25850/WRWT25850 | BD85: 0
A86: 45798 | B86: MK68-000693 | C86: บจก.เอพีเอ็ม อะโกร | D86: ฟีล กู๊ด พี7 | E86: 20 | F86: 38 | G86: ขาว | H86: ใส | I86: 100 | J86: ± | K86: 5 | L86: บิด | M86: ไม่สวมถุงใน | N86: 0 | O86: 0 | P86: 0 | Q86: 0 | R86: 0 | S86: 500กระสอบแบน | T86: 45957 | U86: 3000 | V86: 0 | W86: 3000 | X86: 0 | Y86: 3150 | Z86: WSWT2025800SM | AA86: 3310.89 | AB86: 3310.89 | AC86: 0 | AD86: 3310.89 | AE86: 0 | AF86: 0 | AG86: ยังไม่ได้พิมพ์ | AH86: P6 | AI86: 4 | AJ86: 45957 | AK86: 45953 | AL86: 45946 | AM86: 45954 | AN86: 45955 | AO86: 45956 | AP86: 45952 | AQ86: 0 | AR86: 0 | AS86: 0 | AT86: 0 | AU86: 0 | AV86: 0 | AW86: งานเคลือบ+พิมพ์ | AX86: / | AY86: 0 | AZ86: 0 | BA86: 0 | BB86: 0 | BC86: WRWT25850/WRWT25850 | BD86: 0
A87: 45916 | B87: MK68-001119 | C87: บจก.ซันฟีด | D87: ขุนศึกเบอร์ 2 | E87: 20 | F87: 38 | G87: ขาว | H87: ด้าน | I87: 100 | J87: + | K87: 0 | L87: บิด | M87: ไม่สวมถุงใน | N87: 0 | O87: 0 | P87: 0 | Q87: 0 | R87: 0 | S87: 300กระสอบแบนเต็มใบ | T87: 45958 | U87: 5000 | V87: 5000 | W87: 0 | X87: 5100 | Y87: 0 | Z87: WSWT2025800SM | AA87: 0 | AB87: 0 | AC87: 0 | AD87: 0 | AE87: 0 | AF87: 13717 | AG87: พร้อมส่ง | AH87: P6 | AI87: 4 | AJ87: 45958 | AK87: 45954 | AL87: 45947 | AM87: 45955 | AN87: 45956 | AO87: 45957 | AP87: 45953 | AQ87: 0 | AR87: 0 | AS87: 0 | AT87: 0 | AU87: 0 | AV87: 0 | AW87: งานเคลือบ+พิมพ์ | AX87: / | AY87: 0 | AZ87: 0 | BA87: 0 | BB87: 0 | BC87: WRWT25850/WRWT25850 | BD87: 0
A88: 45909 | B88: MK68-001093 | C88: บจก.เอสพีเอ็ม อาหารสัตว์ | D88: เอส ฟาร์ม115 | E88: 20 | F88: 38 | G88: ขาว | H88: ด้าน | I88: 100 | J88: ± | K88: 5 | L88: บิด | M88: ไม่สวมถุงใน | N88: 0 | O88: 0 | P88: 0 | Q88: 0 | R88: 0 | S88: 500กระสอบแบน | T88: 45958 | U88: 6000 | V88: 5531 | W88: 469 | X88: 6100 | Y88: 0 | Z88: WSWT2025800SM | AA88: 0 | AB88: 0 | AC88: 0 | AD88: 0 | AE88: 0 | AF88: 0 | AG88: รอแบบ | AH88: P6 | AI88: 4 | AJ88: 45958 | AK88: 45954 | AL88: 45947 | AM88: 45955 | AN88: 45956 | AO88: 45957 | AP88: 45953 | AQ88: 0 | AR88: 0 | AS88: 0 | AT88: 0 | AU88: 0 | AV88: 0 | AW88: งานเคลือบ+พิมพ์ | AX88: / | AY88: 0 | AZ88: 0 | BA88: 0 | BB88: 0 | BC88: WRWT25850/WRWT25850 | BD88: 0
A89: 45916 | B89: MK68-001119 | C89: บจก.ซันฟีด | D89: ขุนศึกเบอร์ 1 | E89: 20 | F89: 38 | G89: ขาว | H89: ด้าน | I89: 100 | J89: + | K89: 0 | L89: บิด | M89: ไม่สวมถุงใน | N89: 0 | O89: 0 | P89: 0 | Q89: 0 | R89: 0 | S89: 300กระสอบแบนเต็มใบ | T89: 45960 | U89: 5000 | V89: 0 | W89: 5000 | X89: 0 | Y89: 5250 | Z89: WSWT2025800SM | AA89: 5518.15 | AB89: 5518.15 | AC89: 0 | AD89: 0 | AE89: 5518.15 | AF89: 0 | AG89: รอแบบ | AH89: P6 | AI89: 4 | AJ89: 45960 | AK89: 45956 | AL89: 45949 | AM89: 45957 | AN89: 45958 | AO89: 45959 | AP89: 45955 | AQ89: 0 | AR89: 0 | AS89: 0 | AT89: 0 | AU89: 0 | AV89: 0 | AW89: งานเคลือบ+พิมพ์ | AX89: / | AY89: 0 | AZ89: 0 | BA89: 0 | BB89: 0 | BC89: WRWT25850/WRWT25850 | BD89: 0
A90: 45916 | B90: MK68-001119 | C90: บจก.ซันฟีด | D90: ขุนศึกเบอร์ 2 | E90: 20 | F90: 38 | G90: ขาว | H90: ด้าน | I90: 100 | J90: + | K90: 0 | L90: บิด | M90: ไม่สวมถุงใน | N90: 0 | O90: 0 | P90: 0 | Q90: 0 | R90: 0 | S90: 300กระสอบแบนเต็มใบ | T90: 45960 | U90: 5000 | V90: 5000 | W90: 0 | X90: 5385 | Y90: 0 | Z90: WSWT2025800SM | AA90: 0 | AB90: 0 | AC90: 0 | AD90: 0 | AE90: 0 | AF90: 0 | AG90: ยังไม่ได้พิมพ์ | AH90: P6 | AI90: 4 | AJ90: 45960 | AK90: 45956 | AL90: 45949 | AM90: 45957 | AN90: 45958 | AO90: 45959 | AP90: 45955 | AQ90: 0 | AR90: 0 | AS90: 0 | AT90: 0 | AU90: 0 | AV90: 0 | AW90: งานเคลือบ+พิมพ์ | AX90: / | AY90: 0 | AZ90: 0 | BA90: 0 | BB90: 0 | BC90: WRWT25850/WRWT25850 | BD90: 0
A91: ประมาณการ | B91: ประมาณการ | C91: บจก.เอสพีเอ็ม อาหารสัตว์ | D91: รอแบบ | E91: 20 | F91: 38 | G91: ขาว | H91: ใส | I91: 100 | J91: ± | K91: 5 | L91: บิด | M91: ไม่สวมถุงใน | N91: 0 | O91: 0 | P91: 0 | Q91: 0 | R91: 0 | S91: 500กระสอบแบน | T91: 45960 | U91: 20000 | V91: 0 | W91: 20000 | X91: 0 | Y91: 21000 | Z91: WSWT2025800SM | AA91: 22072.6 | AB91: 0 | AC91: 22072.6 | AD91: 0 | AE91: 22072.6 | AF91: 0 | AG91: รอตัด | AH91: P6 | AI91: 4 | AJ91: 45960 | AK91: 45956 | AL91: 45949 | AM91: 45957 | AN91: 45958 | AO91: 45959 | AP91: 45955 | AQ91: 0 | AR91: 0 | AS91: 0 | AT91: 0 | AU91: 0 | AV91: 0 | AW91: งานเคลือบ+พิมพ์ | AX91: รอART | AY91: 0 | AZ91: 0 | BA91: 0 | BB91: 0 | BC91: WRWT25850/WRWT25850 | BD91: 1667.7076
A92: ประมาณการ | B92: ประมาณการ | C92: บจก.ไทยธรรมดี | D92: รอแบบ | E92: 20 | F92: 37 | G92: ขาว | H92: ด้าน | I92: 97 | J92: ± | K92: 5 | L92: บิด | M92: ไม่สวมถุงใน | N92: 0 | O92: 0 | P92: 0 | Q92: 0 | R92: 0 | S92: 500กระสอบ | T92: 45960 | U92: 20000 | V92: 0 | W92: 20000 | X92: 0 | Y92: 21000 | Z92: WSWT2025800SM | AA92: 21513.8 | AB92: 0 | AC92: 21513.8 | AD92: 0 | AE92: 21513.8 | AF92: 0 | AG92: ยังไม่ได้พิมพ์ | AH92: P6 | AI92: 4 | AJ92: 45960 | AK92: 45956 | AL92: 45949 | AM92: 45957 | AN92: 45958 | AO92: 45959 | AP92: 45955 | AQ92: 0 | AR92: 0 | AS92: 0 | AT92: 0 | AU92: 0 | AV92: 0 | AW92: งานเคลือบ+พิมพ์ | AX92: รอART | AY92: 0 | AZ92: 0 | BA92: 0 | BB92: 0 | BC92: WRWT25850/WRWT25850 | BD92: 1625.4871
A93: 45916 | B93: MK68-001119 | C93: บจก.ซันฟีด | D93: ขุนศึกเบอร์ 1 | E93: 20 | F93: 38 | G93: ขาว | H93: ด้าน | I93: 100 | J93: + | K93: 0 | L93: บิด | M93: ไม่สวมถุงใน | N93: 0 | O93: 0 | P93: 0 | Q93: 0 | R93: 0 | S93: 300กระสอบแบนเต็มใบ | T93: 45960 | U93: 5000 | V93: 0 | W93: 5000 | X93: 0 | Y93: 5250 | Z93: WSWT2025800SM | AA93: 5518.15 | AB93: 5518.15 | AC93: 0 | AD93: 0 | AE93: 5518.15 | AF93: 0 | AG93: ยังไม่ได้พิมพ์ | AH93: P6 | AI93: 4 | AJ93: 45960 | AK93: 45956 | AL93: 45949 | AM93: 45957 | AN93: 45958 | AO93: 45959 | AP93: 45955 | AQ93: 0 | AR93: 0 | AS93: 0 | AT93: 0 | AU93: 0 | AV93: 0 | AW93: งานเคลือบ+พิมพ์ | AX93: / | AY93: 0 | AZ93: 0 | BA93: 0 | BB93: 0 | BC93: WRWT25850/WRWT25850 | BD93: 0
A94: 45916 | B94: MK68-001119 | C94: บจก.ซันฟีด | D94: 007 | E94: 20 | F94: 38 | G94: ขาว | H94: ด้าน | I94: 100 | J94: + | K94: 0 | L94: บิด | M94: ไม่สวมถุงใน | N94: 0 | O94: 0 | P94: 0 | Q94: 0 | R94: 0 | S94: 300กระสอบแบนเต็มใบ | T94: 45961 | U94: 2500 | V94: 1129 | W94: 1371 | X94: 2550 | Y94: 0 | Z94: WSWT2025800SM | AA94: 0 | AB94: 0 | AC94: 0 | AD94: 0 | AE94: 0 | AF94: 0 | AG94: ยังไม่ได้พิมพ์ | AH94: P6 | AI94: 4 | AJ94: 45961 | AK94: 45957 | AL94: 45950 | AM94: 45958 | AN94: 45959 | AO94: 45960 | AP94: 45956 | AQ94: 0 | AR94: 0 | AS94: 0 | AT94: 0 | AU94: 0 | AV94: 0 | AW94: งานเคลือบ+พิมพ์ | AX94: / | AY94: 0 | AZ94: 0 | BA94: 0 | BB94: 0 | BC94: WRWT25850/WRWT25850 | BD94: 0
A95: 45916 | B95: MK68-001119 | C95: บจก.ซันฟีด | D95: 917 | E95: 20 | F95: 37 | G95: ขาว | H95: ด้าน | I95: 98 | J95: + | K95: 0 | L95: บิด | M95: ไม่สวมถุงใน | N95: 0 | O95: 0 | P95: 0 | Q95: 0 | R95: 0 | S95: 300กระสอบแบนเต็มใบ | T95: 45961 | U95: 2500 | V95: 0 | W95: 2500 | X95: 0 | Y95: 2625 | Z95: WSWT2025800SM | AA95: 2689.225 | AB95: 2689.225 | AC95: 0 | AD95: 0 | AE95: 2689.225 | AF95: 0 | AG95: ยังไม่ได้พิมพ์ | AH95: P6 | AI95: 4 | AJ95: 45961 | AK95: 45957 | AL95: 45950 | AM95: 45958 | AN95: 45959 | AO95: 45960 | AP95: 45956 | AQ95: 0 | AR95: 0 | AS95: 0 | AT95: 0 | AU95: 0 | AV95: 0 | AW95: งานเคลือบ+พิมพ์ | AX95: / | AY95: 0 | AZ95: 0 | BA95: 0 | BB95: 0 | BC95: WRWT25850/WRWT25850 | BD95: 0
A96: 45916 | B96: MK68-001119 | C96: บจก.ซันฟีด | D96: 952 | E96: 20 | F96: 38 | G96: ขาว | H96: ด้าน | I96: 100 | J96: + | K96: 0 | L96: บิด | M96: ไม่สวมถุงใน | N96: 0 | O96: 0 | P96: 0 | Q96: 0 | R96: 0 | S96: 300กระสอบแบนเต็มใบ | T96: 45961 | U96: 5000 | V96: 0 | W96: 5000 | X96: 0 | Y96: 5250 | Z96: WSWT2025800SM | AA96: 5518.15 | AB96: 5518.15 | AC96: 0 | AD96: 0 | AE96: 5518.15 | AF96: 0 | AG96: ยังไม่ได้พิมพ์ | AH96: P6 | AI96: 4 | AJ96: 45961 | AK96: 45957 | AL96: 45950 | AM96: 45958 | AN96: 45959 | AO96: 45960 | AP96: 45956 | AQ96: 0 | AR96: 0 | AS96: 0 | AT96: 0 | AU96: 0 | AV96: 0 | AW96: งานเคลือบ+พิมพ์ | AX96: / | AY96: 0 | AZ96: 0 | BA96: 0 | BB96: 0 | BC96: WRWT25850/WRWT25850 | BD96: 0
A97: 45911 | B97: MK68-001106 | C97: บจก.เอพีเอ็ม อะโกร | D97: วี-ฟีด วี 06 | E97: 20 | F97: 38 | G97: ขาว | H97: ใส | I97: 100 | J97: ± | K97: 5 | L97: บิด | M97: ไม่สวมถุงใน | N97: 0 | O97: 0 | P97: 0 | Q97: 0 | R97: 0 | S97: 500กระสอบแบน | T97: 45961 | U97: 3000 | V97: 0 | W97: 3000 | X97: 0 | Y97: 3150 | Z97: WSWT2025800SM | AA97: 3310.89 | AB97: 3310.89 | AC97: 0 | AD97: 3310.89 | AE97: 0 | AF97: 0 | AG97: รอแบบ | AH97: P6 | AI97: 4 | AJ97: 45961 | AK97: 45957 | AL97: 45950 | AM97: 45958 | AN97: 45959 | AO97: 45960 | AP97: 45956 | AQ97: 0 | AR97: 0 | AS97: 0 | AT97: 0 | AU97: 0 | AV97: 0 | AW97: งานเคลือบ+พิมพ์ | AX97: / | AY97: 0 | AZ97: 0 | BA97: 0 | BB97: 0 | BC97: WRWT25850/WRWT25850 | BD97: 0
A98: 45909 | B98: MK68-001091 | C98: บจก.เอพีเอ็ม อะโกร | D98: ยู-ฟีด บี1 | E98: 20 | F98: 40 | G98: ขาว | H98: ใส | I98: 108 | J98: ± | K98: 5 | L98: บิด | M98: ไม่สวมถุงใน | N98: 0 | O98: 0 | P98: 0 | Q98: 0 | R98: 0 | S98: 500กระสอบแบน | T98: 45961 | U98: 3000 | V98: 0 | W98: 3000 | X98: 0 | Y98: 3150 | Z98: WSWT2025800SM | AA98: 3478.53 | AB98: 3478.53 | AC98: 0 | AD98: 3478.53 | AE98: 0 | AF98: 0 | AG98: รอแบบ | AH98: P6 | AI98: 4 | AJ98: 45961 | AK98: 45957 | AL98: 45950 | AM98: 45958 | AN98: 45959 | AO98: 45960 | AP98: 45956 | AQ98: 0 | AR98: 0 | AS98: 0 | AT98: 0 | AU98: 0 | AV98: 0 | AW98: งานเคลือบ+พิมพ์ | AX98: / | AY98: 0 | AZ98: 0 | BA98: 0 | BB98: 0 | BC98: WRWT25850/WRWT25850 | BD98: 0
A99: 45941 | B99: ใบรับคำสั่งซื้อ | C99: บจก.เอพีเอ็ม อะโกร | D99: APM 914 | E99: 20 | F99: 38 | G99: ขาว | H99: ใส | I99: 100 | J99: ± | K99: 5 | L99: บิด | M99: ไม่สวมถุงใน | N99: 0 | O99: 0 | P99: 0 | Q99: 0 | R99: 0 | S99: 500กระสอบแบน | T99: 45975 | U99: 3000 | V99: 0 | W99: 3000 | X99: 0 | Y99: 3150 | Z99: WSWT2025800SM | AA99: 3310.89 | AB99: 0 | AC99: 3310.89 | AD99: 0 | AE99: 3310.89 | AF99: 0 | AG99: ยังไม่ได้พิมพ์ | AH99: P6 | AI99: 4 | AJ99: 45975 | AK99: 45971 | AL99: 45964 | AM99: 45972 | AN99: 45973 | AO99: 45974 | AP99: 45970 | AQ99: 0 | AR99: 0 | AS99: 0 | AT99: 0 | AU99: 0 | AV99: 0 | AW99: งานเคลือบ+พิมพ์ | AX99: รอART | AY99: 0 | AZ99: 0 | BA99: 0 | BB99: 0 | BC99: WRWT25850/WRWT25850 | BD99: 250.15613
A100: ประมาณการ | B100: ประมาณการ | C100: บจก.อินเทคค์ โกลบอล | D100: รอแบบ | E100: 20 | F100: 36 | G100: ขาว | H100: ด้าน | I100: 100 | J100: ± | K100: 5 | L100: จับจีบ | M100: ไม่สวมถุงใน | N100: 0 | O100: 0 | P100: 0 | Q100: 0 | R100: 0 | S100: มัด80 ใช้สายรัด | T100: 45961 | U100: 100000 | V100: 0 | W100: 100000 | X100: 0 | Y100: 105000 | Z100: WSWT2025800SM | AA100: 104775 | AB100: 0 | AC100: 104775 | AD100: 0 | AE100: 104775 | AF100: 0 | AG100: ยังไม่ได้พิมพ์ | AH100: P6 | AI100: 4 | AJ100: 45961 | AK100: 45957 | AL100: 45950 | AM100: 45958 | AN100: 45959 | AO100: 45960 | AP100: 45956 | AQ100: 0 | AR100: 0 | AS100: 0 | AT100: 0 | AU100: 0 | AV100: 0 | AW100: งานเคลือบ+พิมพ์ | AX100: รอART | AY100: 0 | AZ100: 0 | BA100: 0 | BB100: 0 | BC100: WRWT25850/WRWT25850 | BD100: 7916.3333
A101: ประมาณการ | B101: ประมาณการ | C101: บจก.ซันฟีด | D101: รอแบบ | E101: 20 | F101: 38 | G101: ขาว | H101: ด้าน | I101: 100 | J101: + | K101: 0 | L101: บิด | M101: ไม่สวมถุงใน | N101: 0 | O101: 0 | P101: 0 | Q101: 0 | R101: 0 | S101: 300กระสอบแบนเต็มใบ | T101: 45961 | U101: 305000 | V101: 0 | W101: 305000 | X101: 0 | Y101: 320250 | Z101: WSWT2025800SM | AA101: 336607.15 | AB101: 0 | AC101: 336607.15 | AD101: 0 | AE101: 336607.15 | AF101: 0 | AG101: ยังไม่ได้พิมพ์ | AH101: P6 | AI101: 4 | AJ101: 45961 | AK101: 45957 | AL101: 45950 | AM101: 45958 | AN101: 45959 | AO101: 45960 | AP101: 45956 | AQ101: 0 | AR101: 0 | AS101: 0 | AT101: 0 | AU101: 0 | AV101: 0 | AW101: งานเคลือบ+พิมพ์ | AX101: รอART | AY101: 0 | AZ101: 0 | BA101: 0 | BB101: 0 | BC101: WRWT25850/WRWT25850 | BD101: 25432.54
A102: 45933 | B102: MK68-001205 | C102: บจก.เอพีเอ็ม อะโกร | D102: นีโอ พี4(เอส) | E102: 20 | F102: 38 | G102: ขาว | H102: ใส | I102: 100 | J102: ± | K102: 5 | L102: บิด | M102: ไม่สวมถุงใน | N102: 0 | O102: 0 | P102: 0 | Q102: 0 | R102: 0 | S102: 500กระสอบแบน | T102: รอแจ้ง | U102: 3000 | V102: 0 | W102: 3000 | X102: 0 | Y102: 3150 | Z102: WSWT2025800SM | AA102: 3310.89 | AB102: 3310.89 | AC102: 0 | AD102: 3310.89 | AE102: 0 | AF102: 0 | AG102: ยังไม่ได้พิมพ์ | AH102: P6 | AI102: 4 | AJ102: รอแจ้ง | AK102: #VALUE! | AL102: #VALUE! | AM102: #VALUE! | AN102: #VALUE! | AO102: #VALUE! | AP102: #VALUE! | AQ102: 0 | AR102: 0 | AS102: 0 | AT102: 0 | AU102: 0 | AV102: 0 | AW102: งานเคลือบ+พิมพ์ | AX102: / | AY102: 0 | AZ102: 0 | BA102: 0 | BB102: 0 | BC102: WRWT25850/WRWT25850 | BD102: 0
A103: 45933 | B103: MK68-001204 | C103: บจก.เอพีเอ็ม อะโกร | D103: นีโอ พี3 | E103: 20 | F103: 38 | G103: ขาว | H103: ใส | I103: 100 | J103: ± | K103: 5 | L103: บิด | M103: ไม่สวมถุงใน | N103: 0 | O103: 0 | P103: 0 | Q103: 0 | R103: 0 | S103: 500กระสอบแบน | T103: รอแจ้ง | U103: 3000 | V103: 0 | W103: 3000 | X103: 0 | Y103: 3150 | Z103: WSWT2025800SM | AA103: 3310.89 | AB103: 3310.89 | AC103: 0 | AD103: 3310.89 | AE103: 0 | AF103: 0 | AG103: ยังไม่ได้พิมพ์ | AH103: P6 | AI103: 4 | AJ103: รอแจ้ง | AK103: #VALUE! | AL103: #VALUE! | AM103: #VALUE! | AN103: #VALUE! | AO103: #VALUE! | AP103: #VALUE! | AQ103: 0 | AR103: 0 | AS103: 0 | AT103: 0 | AU103: 0 | AV103: 0 | AW103: งานเคลือบ+พิมพ์ | AX103: / | AY103: 0 | AZ103: 0 | BA103: 0 | BB103: 0 | BC103: WRWT25850/WRWT25850 | BD103: 0
A104: 45933 | B104: MK68-001206 | C104: บจก.เอสพีเอ็ม อาหารสัตว์ | D104: นาโน 06 | E104: 20 | F104: 38 | G104: ขาว | H104: ด้าน | I104: 100 | J104: ± | K104: 5 | L104: บิด | M104: ไม่สวมถุงใน | N104: 0 | O104: 0 | P104: 0 | Q104: 0 | R104: 0 | S104: 500กระสอบแบน | T104: รอแจ้ง | U104: 3000 | V104: 0 | W104: 3000 | X104: 0 | Y104: 3150 | Z104: WSWT2025800SM | AA104: 3310.89 | AB104: 0 | AC104: 3310.89 | AD104: 0 | AE104: 3310.89 | AF104: 0 | AG104: รอตัด | AH104: P6 | AI104: 4 | AJ104: รอแจ้ง | AK104: #VALUE! | AL104: #VALUE! | AM104: #VALUE! | AN104: #VALUE! | AO104: #VALUE! | AP104: #VALUE! | AQ104: 0 | AR104: 0 | AS104: 0 | AT104: 0 | AU104: 0 | AV104: 0 | AW104: งานเคลือบ+พิมพ์ | AX104: / | AY104: 0 | AZ104: 0 | BA104: 0 | BB104: 0 | BC104: WRWT25850/WRWT25850 | BD104: 250.15613
...

Sheet 13-10-68
B2: เรียงกำหนดส่ง | D2: ลบ 0 | T2: เรียง 1
B3: ข้อมูลUpdate ณ. วันที่ | D3: 45943 | E3: เวลา | G3: 9.44
A4: วันรับออร์เดอร์/แบบ | B4: เลขที่ SO | C4: ชื่อลูกค้า | E4: 10.3 | I4: น้ำหนัก | L4: บิด/จับจีบ | M4: ถุงใน | Q4: 44873 | S4: วิธีบรรจุ | T4: วันส่ง | U4: จำนวนส่ง | V4: ตัดเย็บ (ใบ) | W4: 44873 | X4: พิมพ์ (ใบ) | Y4: 44876 | Z4: ผ้าทอ (เมตร) Updateณ | AB4: 44876 | AD4: ผ้าเคลือบ(เมตร) | AF4: หมายเหตุ | AG4: เครื่อง
A5: วันรับออร์เดอร์/แบบ | B5: เลขที่ SO | C5: ชื่อลูกค้า | D5: ตรา | E5: กว้าง | F5: ยาว | G5: สี | H5: เคลือบ | I5: กรัม/ใบ | J5: * | K5: aw | L5: บิด/จับจีบ | M5: กว้าง | N5: ยาว | O5: หนา | P5: ใช้(กก.) | Q5: Stock(กก.) | R5: ผลิต(กก.) | S5: วิธีบรรจุ | T5: วันส่ง | U5: จำนวนส่ง | V5: StockFG | W5: ค้างตัด | X5: พิมพ์แล้ว | Y5: ค้างพิมพ์ | Z5: ประเภท | AA5: ใช้ | AB5: Stock | AC5: ค้างทอ | AD5: Stock | AE5: ค้างเคลือบ | AF5: หมายเหตุ | AG5: ที่พิมพ์ได้ | AH5: process | AI5: Lead time | AJ5: วันที่ส่งPL | AK5: เคลือบ | AL5: ได้ ART | AM5: พิมพ์ | AN5: จีบ-บิด | AO5: ตัด-เย็บ | AP5: ทอ | AQ5: สวมถุง | AR5: เย็บปาก | AS5: PT | AT5: ม้วน | AU5: ตัด | AV5: ตอกตาไก่ | AW5: GROUP | AX5: ART | AY5: หมายเหตุปัญหา | AZ5: ราคา/ใบ | BA5: ราคารวม | BB5: workweek | BC5: เส้นเทป | BD5: จำนวน
A6: 45941 | B6: MK68-001228 | C6: บจก.เคอรี่ฟลาวมิลล์ | D6: โบว์แดง 10กก | E6: 16 | F6: 25 | G6: ขาว | H6: 0 | I6: 45 | J6: ± | K6: 5 | L6: ไม่ | M6: ไม่สวมถุงใน | N6: 0 | O6: 0 | P6: 0 | Q6: 0 | R6: 0 | S6: ห่ออัดเบลแบน500 | T6: 45952 | U6: 5000 | V6: 0 | W6: 5000 | X6: 0 | Y6: 5250 | Z6: WSWT1625800 | AA6: 3702.05 | AB6: 3702.05 | AC6: 0 | AD6: 0 | AE6: 0 | AF6: 0 | AG6: พร้อมส่ง | AH6: P7 | AI6: 2 | AJ6: 45952 | AK6: 0 | AL6: 45943 | AM6: 45950 | AN6: 45951 | AO6: 45951 | AP6: 45947 | AQ6: 0 | AR6: 0 | AS6: 0 | AT6: 0 | AU6: 0 | AV6: 0 | AW6: งานพิมพ์ | AX6: รอART | AY6: 0 | AZ6: 0 | BA6: 0 | BB6: 0 | BC6: WRWT25800/WRWT25800 | BD6: 0
A7: 0 | B7: 0 | C7: 0 | D7: 0 | E7: 16 | F7: 25 | G7: ขาว | H7: 0 | I7: 45 | J7: ± | K7: 5 | L7: 0 | M7: 0 | N7: 0 | O7: 0 | P7: 0 | Q7: 0 | R7: 0 | S7: 0 | U7: 0 | V7: 0 | W7: 0 | X7: 0 | Y7: 0 | Z7: WSWT1625800 | AA7: 3702.05 | AB7: 3702.05 | AC7: 0 | AD7: 0 | AE7: 0 | AF7: ระบุในSD | AG7: พร้อมส่ง | AH7: 0 | AI7: Lead time | AJ7: 0 | AK7: 0 | AL7: 0 | AM7: 0 | AN7: 0 | AO7: 0 | AP7: 0 | AQ7: 0 | AR7: 0 | AS7: 0 | AT7: 0 | AU7: 0 | AV7: 0 | AW7: 0 | AX7: 0 | AY7: 0 | AZ7: 0 | BA7: 0 | BB7: 0 | BC7: WRWT160800/WRWT25800 | BD7: 0
A8: 45933 | B8: MK68-001198 | C8: บจก.ฟาร์เธอร์ส วิง ซัพพลาย | D8: รถไฟฟ้าปูนขาวเย็น | E8: 18 | F8: 30 | G8: ขาว | H8: 0 | I8: 54 | J8: ± | K8: 5 | L8: บิด | M8: 19 | N8: 33 | O8: 40 | P8: 0 | Q8: 0 | R8: 0 | S8: 500กระสอบ | T8: 45944 | U8: 15000 | V8: 15000 | W8: 0 | X8: 15835 | Y8: 0 | Z8: WSWT1825800 | AA8: 0 | AB8: 0 | AC8: 0 | AD8: 0 | AE8: 0 | AF8: 0 | AG8: พร้อมส่ง | AH8: P9 | AI8: 3 | AJ8: 45944 | AK8: 0 | AL8: 45934 | AM8: 45941 | AN8: 45942 | AO8: 45942 | AP8: 45939 | AQ8: 45943 | AR8: 0 | AS8: 0 | AT8: 0 | AU8: 0 | AV8: 0 | AW8: งานพิมพ์ | AX8: / | AY8: 0 | AZ8: 0 | BA8: 0 | BB8: 0 | BC8: WRWT25800/WRWT25800 | BD8: 0
A9: 45933 | B9: MK68-001198 | C9: บจก.ฟาร์เธอร์ส วิง ซัพพลาย | D9: ไม่พิมพ์ | E9: 18 | F9: 30 | G9: ขาว | H9: 0 | I9: 54 | J9: ± | K9: 5 | L9: บิด | M9: 19 | N9: 33 | O9: 40 | P9: 0 | Q9: 0 | R9: 0 | S9: 500กระสอบ | T9: 45944 | U9: 3000 | V9: 3000 | W9: 0 | X9: 0 | Y9: 0 | Z9: WSWT1825800 | AA9: 0 | AB9: 0 | AC9: 0 | AD9: 0 | AE9: 0 | AF9: 0 | AG9: ยังไม่ได้พิมพ์ | AH9: P9 | AI9: 3 | AJ9: 45944 | AK9: 0 | AL9: 45934 | AM9: 45941 | AN9: 45942 | AO9: 45942 | AP9: 45939 | AQ9: 45943 | AR9: 0 | AS9: 0 | AT9: 0 | AU9: 0 | AV9: 0 | AW9: งานพิมพ์ | AX9: / | AY9: 0 | AZ9: 0 | BA9: 0 | BB9: 0 | BC9: WRWT25800/WRWT25800 | BD9: 0
A10: 45938 | B10: MK68-001221 | C10: บจก.เอสทีเคมีธุรกืจ | D10: มังกรแดง STCB | E10: 18 | F10: 30 | G10: ขาว | H10: 0 | I10: 54 | J10: ± | K10: 5 | L10: ไม่ | M10: 19 | N10: 31 | O10: 40 | P10: 145.31171 | Q10: 0 | R10: 145.31171 | S10: 500กระสอบ | T10: 45946 | U10: 10000 | V10: 0 | W10: 10000 | X10: 0 | Y10: 10500 | Z10: WSWT1825800 | AA10: 8801.1 | AB10: 8801.1 | AC10: 0 | AD10: 0 | AE10: 0 | AF10: ห้ามเกิน | AG10: ยังไม่ได้พิมพ์ | AH10: P9 | AI10: 3 | AJ10: 45946 | AK10: 0 | AL10: 45936 | AM10: 45943 | AN10: 45944 | AO10: 45944 | AP10: 45941 | AQ10: 45945 | AR10: 0 | AS10: 0 | AT10: 0 | AU10: 0 | AV10: 0 | AW10: งานพิมพ์ | AX10: รอART | AY10: 0 | AZ10: 0 | BA10: 0 | BB10: 0 | BC10: WRWT25800/WRWT25800 | BD10: 0
A11: 45923 | B11: MK68-001161 | C11: หจก.อนนท์อุตสาหกรรม | D11: อนนท์ 20 กก. | E11: 18 | F11: 28 | G11: ขาว | H11: 0 | I11: 50 | J11: ± | K11: 5 | L11: ไม่ | M11: 19 | N11: 31 | O11: 40 | P11: 0 | Q11: 0 | R11: 0 | S11: 500กระสอบแบน | T11: 45950 | U11: 5000 | V11: 5000 | W11: 0 | X11: 5400 | Y11: 0 | Z11: WSWT1825800 | AA11: 0 | AB11: 0 | AC11: 0 | AD11: 0 | AE11: 0 | AF11: 0 | AG11: ยังไม่ได้พิมพ์ | AH11: P9 | AI11: 3 | AJ11: 45950 | AK11: 0 | AL11: 45940 | AM11: 45947 | AN11: 45948 | AO11: 45948 | AP11: 45945 | AQ11: 45949 | AR11: 0 | AS11: 0 | AT11: 0 | AU11: 0 | AV11: 0 | AW11: งานพิมพ์ | AX11: / | AY11: 0 | AZ11: 0 | BA11: 0 | BB11: 0 | BC11: WRWT25800/WRWT25800 | BD11: 0
A12: 45923 | B12: MK68-001162 | C12: หจก.อนนท์อุตสาหกรรม | D12: ดาว 20 กก. | E12: 18 | F12: 28 | G12: ขาว | H12: 0 | I12: 50 | J12: ± | K12: 5 | L12: ไม่ | M12: 19 | N12: 31 | O12: 40 | P12: 363.27927 | Q12: 0 | R12: 363.27927 | S12: 500กระสอบแบน | T12: 45950 | U12: 25000 | V12: 0 | W12: 25000 | X12: 0 | Y12: 26250 | Z12: WSWT1825800 | AA12: 20605.75 | AB12: 20605.75 | AC12: 0 | AD12: 0 | AE12: 0 | AF12: 0 | AG12: ยังไม่ได้พิมพ์ | AH12: P9 | AI12: 3 | AJ12: 45950 | AK12: 0 | AL12: 45940 | AM12: 45947 | AN12: 45948 | AO12: 45948 | AP12: 45945 | AQ12: 45949 | AR12: 0 | AS12: 0 | AT12: 0 | AU12: 0 | AV12: 0 | AW12: งานพิมพ์ | AX12: / | AY12: 0 | AZ12: 0 | BA12: 0 | BB12: 0 | BC12: WRWT25800/WRWT25800 | BD12: 0
