Workbook

Sheet Linkสูตรออร์เดอร์  (2)
B2: เรียงกำหนดส่ง | D2: ลบ 0 | T2: เรียง 1
B3: ข้อมูลUpdate ณ. วันที่ | D3: 45943 | E3: เวลา | G3: 9.44
A4: วันรับออร์เดอร์/แบบ | B4: เลขที่ SO | C4: ชื่อลูกค้า | E4: 10.3 | I4: น้ำหนัก | L4: บิด/จับจีบ | M4: ถุงใน | Q4: =[1]หน้าผ้า!$AC$13 -> 44873 | S4: วิธีบรรจุ | T4: วันส่ง | U4: จำนวนส่ง | V4: ตัดเย็บ (ใบ) | W4: =[1]หน้าผ้า!$AJ$13 -> 44873 | X4: พิมพ์ (ใบ) | Y4: =[1]หน้าผ้า!$AM$13 -> 44876 | Z4: ผ้าทอ (เมตร) Updateณ | AB4: =[1]หน้าผ้า!$AR$12 -> 44876 | AD4: ผ้าเคลือบ(เมตร) | AF4: หมายเหตุ | AG4: เครื่อง
B5: เลขที่ SO | C5: ชื่อลูกค้า | D5: ตรา | E5: กว้าง | F5: ยาว | G5: สี | H5: เคลือบ | I5: กรัม/ใบ | J5: * | K5: aw | L5: บิด/จับจีบ | M5: กว้าง | N5: ยาว | O5: หนา | P5: ใช้(กก.) | Q5: Stock(กก.) | R5: ผลิต(กก.) | S5: วิธีบรรจุ | T5: วันส่ง | U5: จำนวนส่ง | V5: StockFG | W5: ค้างตัด | X5: พิมพ์แล้ว | Y5: ค้างพิมพ์ | Z5: ประเภท | AA5: ใช้ | AB5: Stock | AC5: ค้างทอ | AD5: Stock | AE5: ค้างเคลือบ | AF5: หมายเหตุ | AG5: ที่พิมพ์ได้ | AH5: process | AI5: Lead time | AJ5: วันที่ส่งPL | AK5: เคลือบ | AL5: ได้ ART | AM5: พิมพ์ | AN5: จีบ-บิด | AO5: ตัด-เย็บ | AP5: ทอ | AQ5: สวมถุง | AR5: เย็บปาก | AS5: PT | AT5: ม้วน | AU5: ตัด | AV5: ตอกตาไก่ | AW5: GROUP | AX5: ART | AY5: หมายเหตุปัญหา | AZ5: ราคา/ใบ | BA5: ราคารวม | BB5: workweek | BC5: เส้นเทป | BD5: จำนวน
A6: =[2]หน้าผ้า!C15 -> 0 | B6: =[2]หน้าผ้า!B15 -> 0 | C6: =[2]หน้าผ้า!E15 -> 0 | D6: =[2]หน้าผ้า!F15 -> 0 | E6: =[2]หน้าผ้า!G15 -> 12 | F6: =[2]หน้าผ้า!H15 -> 16 | G6: =[2]หน้าผ้า!I15 -> ขาว | H6: =[2]หน้าผ้า!J15 -> 0 | I6: =[2]หน้าผ้า!L15 -> 25 | J6: =[2]หน้าผ้า!M15 -> ± | K6: =[2]หน้าผ้า!N15 -> 5 | L6: =[2]หน้าผ้า!R15 -> 0 | M6: =[2]หน้าผ้า!T15 -> 0 | N6: =[2]หน้าผ้า!U15 -> 0 | O6: =[2]หน้าผ้า!V15 -> 0 | P6: =[2]หน้าผ้า!AB15 -> 0 | Q6: =[2]หน้าผ้า!AC15 -> 0 | R6: =[2]หน้าผ้า!AD15 -> 0 | S6: =[2]หน้าผ้า!Z15 -> 0 | T6: =[2]หน้าผ้า!X15 -> 0 | U6: =[2]หน้าผ้า!AA15 -> 0 | V6: =[2]หน้าผ้า!AJ15 -> 0 | W6: =[2]หน้าผ้า!AL15 -> 0 | X6: =[2]หน้าผ้า!AM15 -> 0 | Y6: =[2]หน้าผ้า!AN15 -> 0 | Z6: =[2]หน้าผ้า!AO15 -> WSWT1221750 | AA6: =[2]หน้าผ้า!AQ15 -> #REF! | AB6: =[2]หน้าผ้า!AR15 -> #REF! | AC6: =[2]หน้าผ้า!AS15 -> #REF! | AD6: =[2]หน้าผ้า!AT15 -> #REF! | AE6: =[2]หน้าผ้า!AU15 -> #REF! | AF6: =[2]หน้าผ้า!AI15 -> ระบุในSD | AG6: =[3]หน้าผ้า!DC18 -> < Ord 20,000 | AH6: =[2]หน้าผ้า!DL15 -> 0 | AI6: =[2]หน้าผ้า!DM15 -> 0 | AJ6: =[2]หน้าผ้า!DN15 -> 0 | AK6: =[2]หน้าผ้า!DQ15 -> 0 | AL6: =[2]หน้าผ้า!DR15 -> 0 | AM6: =[2]หน้าผ้า!DS15 -> 0 | AN6: =[2]หน้าผ้า!DT15 -> 0 | AO6: =[2]หน้าผ้า!DU15 -> 0 | AP6: =[2]หน้าผ้า!DP15 -> 0 | AQ6: =[2]หน้าผ้า!DW15 -> 0 | AR6: =[2]หน้าผ้า!DX15 -> 0 | AS6: =[2]หน้าผ้า!DY15 -> 0 | AT6: =[2]หน้าผ้า!DZ15 -> 0 | AU6: =[2]หน้าผ้า!EA15 -> 0 | AV6: =[2]หน้าผ้า!EB15 -> 0 | AW6: =[2]หน้าผ้า!EC15 -> 0 | AX6: =[2]หน้าผ้า!ED15 -> 0 | AY6: =[2]หน้าผ้า!AG15 -> 0 | AZ6: =[2]หน้าผ้า!EG15 -> 0 | BA6: =[2]หน้าผ้า!EH15 -> 0 | BB6: =[2]หน้าผ้า!EI15 -> 0 | BC6: =[2]หน้าผ้า!BZ15 -> WRWT120750/WRWT21750 | BD6: =[2]หน้าผ้า!CA15 -> 0
A7: =[2]หน้าผ้า!C16 -> 0 | B7: =[2]หน้าผ้า!B16 -> 0 | C7: =[2]หน้าผ้า!E16 -> 0 | D7: =[2]หน้าผ้า!F16 -> 0 | E7: =[2]หน้าผ้า!G16 -> 14 | F7: =[2]หน้าผ้า!H16 -> 22 | G7: =[2]หน้าผ้า!I16 -> ขาว | H7: =[2]หน้าผ้า!J16 -> 0 | I7: =[2]หน้าผ้า!L16 -> 36 | J7: =[2]หน้าผ้า!M16 -> ± | K7: =[2]หน้าผ้า!N16 -> 5 | L7: =[2]หน้าผ้า!R16 -> 0 | M7: =[2]หน้าผ้า!T16 -> 0 | N7: =[2]หน้าผ้า!U16 -> 0 | O7: =[2]หน้าผ้า!V16 -> 0 | P7: =[2]หน้าผ้า!AB16 -> 0 | Q7: =[2]หน้าผ้า!AC16 -> 0 | R7: =[2]หน้าผ้า!AD16 -> 0 | S7: =[2]หน้าผ้า!Z16 -> 0 | T7: =[2]หน้าผ้า!X16 -> 0 | U7: =[2]หน้าผ้า!AA16 -> 0 | V7: =[2]หน้าผ้า!AJ16 -> 0 | W7: =[2]หน้าผ้า!AL16 -> 0 | X7: =[2]หน้าผ้า!AM16 -> 0 | Y7: =[2]หน้าผ้า!AN16 -> 0 | Z7: =[2]หน้าผ้า!AO16 -> WSWT1425800 | AA7: =[2]หน้าผ้า!AQ16 -> #REF! | AB7: =[2]หน้าผ้า!AR16 -> #REF! | AC7: =[2]หน้าผ้า!AS16 -> #REF! | AD7: =[2]หน้าผ้า!AT16 -> #REF! | AE7: =[2]หน้าผ้า!AU16 -> #REF! | AF7: =[2]หน้าผ้า!AI16 -> ระบุในSD | AG7: =[3]หน้าผ้า!DC19 -> พร้อมส่ง | AH7: =[2]หน้าผ้า!DL16 -> 0 | AI7: =[2]หน้าผ้า!DM16 -> Lead time | AJ7: =[2]หน้าผ้า!DN16 -> 0 | AK7: =[2]หน้าผ้า!DQ16 -> 0 | AL7: =[2]หน้าผ้า!DR16 -> 0 | AM7: =[2]หน้าผ้า!DS16 -> 0 | AN7: =[2]หน้าผ้า!DT16 -> 0 | AO7: =[2]หน้าผ้า!DU16 -> 0 | AP7: =[2]หน้าผ้า!DP16 -> 0 | AQ7: =[2]หน้าผ้า!DW16 -> 0 | AR7: =[2]หน้าผ้า!DX16 -> 0 | AS7: =[2]หน้าผ้า!DY16 -> 0 | AT7: =[2]หน้าผ้า!DZ16 -> 0 | AU7: =[2]หน้าผ้า!EA16 -> 0 | AV7: =[2]หน้าผ้า!EB16 -> 0 | AW7: =[2]หน้าผ้า!EC16 -> 0 | AX7: =[2]หน้าผ้า!ED16 -> 0 | AY7: =[2]หน้าผ้า!AG16 -> 0 | AZ7: =[2]หน้าผ้า!EG16 -> 0 | BA7: =[2]หน้าผ้า!EH16 -> 0 | BB7: =[2]หน้าผ้า!EI16 -> 0 | BC7: =[2]หน้าผ้า!BZ16 -> WRWT140800/WRWT25800 | BD7: =[2]หน้าผ้า!CA16 -> 0
A8: =[2]หน้าผ้า!C17 -> 0 | B8: =[2]หน้าผ้า!B17 -> 0 | C8: =[2]หน้าผ้า!E17 -> 0 | D8: =[2]หน้าผ้า!F17 | E8: =[2]หน้าผ้า!G17 -> 16 | F8: =[2]หน้าผ้า!H17 -> 25 | G8: =[2]หน้าผ้า!I17 -> ขาว | H8: =[2]หน้าผ้า!J17 -> 0 | I8: =[2]หน้าผ้า!L17 -> 45 | J8: =[2]หน้าผ้า!M17 -> ± | K8: =[2]หน้าผ้า!N17 -> 5 | L8: =[2]หน้าผ้า!R17 -> 0 | M8: =[2]หน้าผ้า!T17 -> 0 | N8: =[2]หน้าผ้า!U17 -> 0 | O8: =[2]หน้าผ้า!V17 -> 0 | P8: =[2]หน้าผ้า!AB17 -> 0 | Q8: =[2]หน้าผ้า!AC17 -> 0 | R8: =[2]หน้าผ้า!AD17 -> 0 | S8: =[2]หน้าผ้า!Z17 -> 0 | T8: =[2]หน้าผ้า!X17 -> 0 | U8: =[2]หน้าผ้า!AA17 -> 0 | V8: =[2]หน้าผ้า!AJ17 -> 0 | W8: =[2]หน้าผ้า!AL17 -> 0 | X8: =[2]หน้าผ้า!AM17 -> 0 | Y8: =[2]หน้าผ้า!AN17 -> 0 | Z8: =[2]หน้าผ้า!AO17 -> WSWT1625800SM | AA8: =[2]หน้าผ้า!AQ17 -> #REF! | AB8: =[2]หน้าผ้า!AR17 -> #REF! | AC8: =[2]หน้าผ้า!AS17 -> #REF! | AD8: =[2]หน้าผ้า!AT17 -> #REF! | AE8: =[2]หน้าผ้า!AU17 -> #REF! | AF8: =[2]หน้าผ้า!AI17 -> ระบุในSD | AG8: =[3]หน้าผ้า!DC20 -> พร้อมส่ง | AH8: =[2]หน้าผ้า!DL17 -> 0 | AI8: =[2]หน้าผ้า!DM17 -> Lead time | AJ8: =[2]หน้าผ้า!DN17 -> 0 | AK8: =[2]หน้าผ้า!DQ17 -> 0 | AL8: =[2]หน้าผ้า!DR17 -> 0 | AM8: =[2]หน้าผ้า!DS17 -> 0 | AN8: =[2]หน้าผ้า!DT17 -> 0 | AO8: =[2]หน้าผ้า!DU17 -> 0 | AP8: =[2]หน้าผ้า!DP17 -> 0 | AQ8: =[2]หน้าผ้า!DW17 -> 0 | AR8: =[2]หน้าผ้า!DX17 -> 0 | AS8: =[2]หน้าผ้า!DY17 -> 0 | AT8: =[2]หน้าผ้า!DZ17 -> 0 | AU8: =[2]หน้าผ้า!EA17 -> 0 | AV8: =[2]หน้าผ้า!EB17 -> 0 | AW8: =[2]หน้าผ้า!EC17 -> 0 | AX8: =[2]หน้าผ้า!ED17 -> 0 | AY8: =[2]หน้าผ้า!AG17 -> 0 | AZ8: =[2]หน้าผ้า!EG17 -> 0 | BA8: =[2]หน้าผ้า!EH17 -> 0 | BB8: =[2]หน้าผ้า!EI17 -> 0 | BC8: =[2]หน้าผ้า!BZ17 -> WRWT160800/WRWT25800 | BD8: =[2]หน้าผ้า!CA17 -> 0
A9: =[2]หน้าผ้า!C18 -> 45941 | B9: =[2]หน้าผ้า!B18 -> MK68-001228 | C9: =[2]หน้าผ้า!E18 -> บจก.เคอรี่ฟลาวมิลล์ | D9: =[2]หน้าผ้า!F18 -> โบว์แดง 10กก | E9: =[2]หน้าผ้า!G18 -> 16 | F9: =[2]หน้าผ้า!H18 -> 25 | G9: =[2]หน้าผ้า!I18 -> ขาว | H9: =[2]หน้าผ้า!J18 -> 0 | I9: =[2]หน้าผ้า!L18 -> 45 | J9: =[2]หน้าผ้า!M18 -> ± | K9: =[2]หน้าผ้า!N18 -> 5 | L9: =[2]หน้าผ้า!R18 -> ไม่ | M9: =[2]หน้าผ้า!T18 -> ไม่สวมถุงใน | N9: =[2]หน้าผ้า!U18 -> 0 | O9: =[2]หน้าผ้า!V18 -> 0 | P9: =[2]หน้าผ้า!AB18 -> 0 | Q9: =[2]หน้าผ้า!AC18 -> 0 | R9: =[2]หน้าผ้า!AD18 -> 0 | S9: =[2]หน้าผ้า!Z18 -> ห่ออัดเบลแบน500 | T9: =[2]หน้าผ้า!X18 -> 45952 | U9: =[2]หน้าผ้า!AA18 -> 5000 | V9: =[2]หน้าผ้า!AJ18 -> 0 | W9: =[2]หน้าผ้า!AL18 -> 5000 | X9: =[2]หน้าผ้า!AM18 -> 0 | Y9: =[2]หน้าผ้า!AN18 -> 5250 | Z9: =[2]หน้าผ้า!AO18 -> WSWT1625800 | AA9: =[2]หน้าผ้า!AQ18 -> 3702.05 | AB9: =[2]หน้าผ้า!AR18 -> 3702.05 | AC9: =[2]หน้าผ้า!AS18 -> 0 | AD9: =[2]หน้าผ้า!AT18 -> 0 | AE9: =[2]หน้าผ้า!AU18 -> 0 | AF9: =[2]หน้าผ้า!AI18 -> 0 | AG9: =[3]หน้าผ้า!DC21 -> พร้อมส่ง | AH9: =[2]หน้าผ้า!DL18 -> P7 | AI9: =[2]หน้าผ้า!DM18 -> 2 | AJ9: =[2]หน้าผ้า!DN18 -> 45952 | AK9: =[2]หน้าผ้า!DQ18 -> 0 | AL9: =[2]หน้าผ้า!DR18 -> 45943 | AM9: =[2]หน้าผ้า!DS18 -> 45950 | AN9: =[2]หน้าผ้า!DT18 -> 45951 | AO9: =[2]หน้าผ้า!DU18 -> 45951 | AP9: =[2]หน้าผ้า!DP18 -> 45947 | AQ9: =[2]หน้าผ้า!DW18 -> 0 | AR9: =[2]หน้าผ้า!DX18 -> 0 | AS9: =[2]หน้าผ้า!DY18 -> 0 | AT9: =[2]หน้าผ้า!DZ18 -> 0 | AU9: =[2]หน้าผ้า!EA18 -> 0 | AV9: =[2]หน้าผ้า!EB18 -> 0 | AW9: =[2]หน้าผ้า!EC18 -> งานพิมพ์ | AX9: =[2]หน้าผ้า!ED18 -> รอART | AY9: =[2]หน้าผ้า!AG18 -> 0 | AZ9: =[2]หน้าผ้า!EG18 -> 0 | BA9: =[2]หน้าผ้า!EH18 -> 0 | BB9: =[2]หน้าผ้า!EI18 -> 0 | BC9: =[2]หน้าผ้า!BZ18 -> WRWT25800/WRWT25800 | BD9: =[2]หน้าผ้า!CA18 -> 0
A10: =[2]หน้าผ้า!C19 -> 0 | B10: =[2]หน้าผ้า!B19 -> 0 | C10: =[2]หน้าผ้า!E19 -> 0 | D10: =[2]หน้าผ้า!F19 -> 0 | E10: =[2]หน้าผ้า!G19 -> 16 | F10: =[2]หน้าผ้า!H19 -> 25 | G10: =[2]หน้าผ้า!I19 -> ขาว | H10: =[2]หน้าผ้า!J19 -> 0 | I10: =[2]หน้าผ้า!L19 -> 45 | J10: =[2]หน้าผ้า!M19 -> ± | K10: =[2]หน้าผ้า!N19 -> 5 | L10: =[2]หน้าผ้า!R19 -> 0 | M10: =[2]หน้าผ้า!T19 -> 0 | N10: =[2]หน้าผ้า!U19 -> 0 | O10: =[2]หน้าผ้า!V19 -> 0 | P10: =[2]หน้าผ้า!AB19 -> 0 | Q10: =[2]หน้าผ้า!AC19 -> 0 | R10: =[2]หน้าผ้า!AD19 -> 0 | S10: =[2]หน้าผ้า!Z19 -> 0 | T10: =[2]หน้าผ้า!X19 -> 0 | U10: =[2]หน้าผ้า!AA19 -> 0 | V10: =[2]หน้าผ้า!AJ19 -> 0 | W10: =[2]หน้าผ้า!AL19 -> 0 | X10: =[2]หน้าผ้า!AM19 -> 0 | Y10: =[2]หน้าผ้า!AN19 -> 0 | Z10: =[2]หน้าผ้า!AO19 -> WSWT1625800 | AA10: =[2]หน้าผ้า!AQ19 -> 3702.05 | AB10: =[2]หน้าผ้า!AR19 -> 3702.05 | AC10: =[2]หน้าผ้า!AS19 -> 0 | AD10: =[2]หน้าผ้า!AT19 -> 0 | AE10: =[2]หน้าผ้า!AU19 -> 0 | AF10: =[2]หน้าผ้า!AI19 -> ระบุในSD | AG10: =[3]หน้าผ้า!DC22 -> พร้อมส่ง | AH10: =[2]หน้าผ้า!DL19 -> 0 | AI10: =[2]หน้าผ้า!DM19 -> Lead time | AJ10: =[2]หน้าผ้า!DN19 -> 0 | AK10: =[2]หน้าผ้า!DQ19 -> 0 | AL10: =[2]หน้าผ้า!DR19 -> 0 | AM10: =[2]หน้าผ้า!DS19 -> 0 | AN10: =[2]หน้าผ้า!DT19 -> 0 | AO10: =[2]หน้าผ้า!DU19 -> 0 | AP10: =[2]หน้าผ้า!DP19 -> 0 | AQ10: =[2]หน้าผ้า!DW19 -> 0 | AR10: =[2]หน้าผ้า!DX19 -> 0 | AS10: =[2]หน้าผ้า!DY19 -> 0 | AT10: =[2]หน้าผ้า!DZ19 -> 0 | AU10: =[2]หน้าผ้า!EA19 -> 0 | AV10: =[2]หน้าผ้า!EB19 -> 0 | AW10: =[2]หน้าผ้า!EC19 -> 0 | AX10: =[2]หน้าผ้า!ED19 -> 0 | AY10: =[2]หน้าผ้า!AG19 -> 0 | AZ10: =[2]หน้าผ้า!EG19 -> 0 | BA10: =[2]หน้าผ้า!EH19 -> 0 | BB10: =[2]หน้าผ้า!EI19 -> 0 | BC10: =[2]หน้าผ้า!BZ19 -> WRWT160800/WRWT25800 | BD10: =[2]หน้าผ้า!CA19 -> 0
A11: =[2]หน้าผ้า!C20 -> 0 | B11: =[2]หน้าผ้า!B20 -> 0 | C11: =[2]หน้าผ้า!E20 -> 0 | D11: =[2]หน้าผ้า!F20 -> 0 | E11: =[2]หน้าผ้า!G20 -> 16 | F11: =[2]หน้าผ้า!H20 -> 25 | G11: =[2]หน้าผ้า!I20 -> 0 | H11: =[2]หน้าผ้า!J20 -> 0 | I11: =[2]หน้าผ้า!L20 -> 47 | J11: =[2]หน้าผ้า!M20 -> ± | K11: =[2]หน้าผ้า!N20 -> 5 | L11: =[2]หน้าผ้า!R20 -> 0 | M11: =[2]หน้าผ้า!T20 -> 0 | N11: =[2]หน้าผ้า!U20 -> 0 | O11: =[2]หน้าผ้า!V20 -> 0 | P11: =[2]หน้าผ้า!AB20 -> 0 | Q11: =[2]หน้าผ้า!AC20 -> 0 | R11: =[2]หน้าผ้า!AD20 -> 0 | S11: =[2]หน้าผ้า!Z20 -> 0 | T11: =[2]หน้าผ้า!X20 -> 0 | U11: =[2]หน้าผ้า!AA20 -> 0 | V11: =[2]หน้าผ้า!AJ20 -> 0 | W11: =[2]หน้าผ้า!AL20 -> 0 | X11: =[2]หน้าผ้า!AM20 -> 0 | Y11: =[2]หน้าผ้า!AN20 -> 0 | Z11: =[2]หน้าผ้า!AO20 -> WSWT1621720SMFX | AA11: =[2]หน้าผ้า!AQ20 -> #REF! | AB11: =[2]หน้าผ้า!AR20 -> #REF! | AC11: =[2]หน้าผ้า!AS20 -> #REF! | AD11: =[2]หน้าผ้า!AT20 -> #REF! | AE11: =[2]หน้าผ้า!AU20 -> #REF! | AF11: =[2]หน้าผ้า!AI20 -> ระบุในSD | AG11: =[3]หน้าผ้า!DC23 -> ผ้าขาว | AH11: =[2]หน้าผ้า!DL20 -> 0 | AI11: =[2]หน้าผ้า!DM20 -> 0 | AJ11: =[2]หน้าผ้า!DN20 -> 0 | AK11: =[2]หน้าผ้า!DQ20 -> 0 | AL11: =[2]หน้าผ้า!DR20 -> 0 | AM11: =[2]หน้าผ้า!DS20 -> 0 | AN11: =[2]หน้าผ้า!DT20 -> 0 | AO11: =[2]หน้าผ้า!DU20 -> 0 | AP11: =[2]หน้าผ้า!DP20 -> 0 | AQ11: =[2]หน้าผ้า!DW20 -> 0 | AR11: =[2]หน้าผ้า!DX20 -> 0 | AS11: =[2]หน้าผ้า!DY20 -> 0 | AT11: =[2]หน้าผ้า!DZ20 -> 0 | AU11: =[2]หน้าผ้า!EA20 -> 0 | AV11: =[2]หน้าผ้า!EB20 -> 0 | AW11: =[2]หน้าผ้า!EC20 -> 0 | AX11: =[2]หน้าผ้า!ED20 -> 0 | AY11: =[2]หน้าผ้า!AG20 -> 0 | AZ11: =[2]หน้าผ้า!EG20 -> 0 | BA11: =[2]หน้าผ้า!EH20 -> 0 | BB11: =[2]หน้าผ้า!EI20 -> 0 | BC11: =[2]หน้าผ้า!BZ20 -> WRWT160720/WRWT21720 | BD11: =[2]หน้าผ้า!CA20 -> 0
A12: =[2]หน้าผ้า!C21 -> 0 | B12: =[2]หน้าผ้า!B21 -> 0 | C12: =[2]หน้าผ้า!E21 -> 0 | D12: =[2]หน้าผ้า!F21 -> 0 | E12: =[2]หน้าผ้า!G21 -> 17 | F12: =[2]หน้าผ้า!H21 -> 26 | G12: =[2]หน้าผ้า!I21 -> 0 | H12: =[2]หน้าผ้า!J21 -> 0 | I12: =[2]หน้าผ้า!L21 -> 48 | J12: =[2]หน้าผ้า!M21 -> ± | K12: =[2]หน้าผ้า!N21 -> 5 | L12: =[2]หน้าผ้า!R21 -> 0 | M12: =[2]หน้าผ้า!T21 -> 0 | N12: =[2]หน้าผ้า!U21 -> 0 | O12: =[2]หน้าผ้า!V21 -> 0 | P12: =[2]หน้าผ้า!AB21 -> 0 | Q12: =[2]หน้าผ้า!AC21 -> 0 | R12: =[2]หน้าผ้า!AD21 -> 0 | S12: =[2]หน้าผ้า!Z21 -> 0 | T12: =[2]หน้าผ้า!X21 -> 0 | U12: =[2]หน้าผ้า!AA21 -> 0 | V12: =[2]หน้าผ้า!AJ21 -> 0 | W12: =[2]หน้าผ้า!AL21 -> 0 | X12: =[2]หน้าผ้า!AM21 -> 0 | Y12: =[2]หน้าผ้า!AN21 -> 0 | Z12: =[2]หน้าผ้า!AO21 -> WSWT1725800 | AA12: =[2]หน้าผ้า!AQ21 -> #REF! | AB12: =[2]หน้าผ้า!AR21 -> #REF! | AC12: =[2]หน้าผ้า!AS21 -> #REF! | AD12: =[2]หน้าผ้า!AT21 -> #REF! | AE12: =[2]หน้าผ้า!AU21 -> #REF! | AF12: =[2]หน้าผ้า!AI21 -> ระบุในSD | AG12: =[3]หน้าผ้า!DC24 -> ยังไม่ได้พิมพ์ | AH12: =[2]หน้าผ้า!DL21 -> 0 | AI12: =[2]หน้าผ้า!DM21 -> 0 | AJ12: =[2]หน้าผ้า!DN21 -> 0 | AK12: =[2]หน้าผ้า!DQ21 -> 0 | AL12: =[2]หน้าผ้า!DR21 -> 0 | AM12: =[2]หน้าผ้า!DS21 -> 0 | AN12: =[2]หน้าผ้า!DT21 -> 0 | AO12: =[2]หน้าผ้า!DU21 -> 0 | AP12: =[2]หน้าผ้า!DP21 -> 0 | AQ12: =[2]หน้าผ้า!DW21 -> 0 | AR12: =[2]หน้าผ้า!DX21 -> 0 | AS12: =[2]หน้าผ้า!DY21 -> 0 | AT12: =[2]หน้าผ้า!DZ21 -> 0 | AU12: =[2]หน้าผ้า!EA21 -> 0 | AV12: =[2]หน้าผ้า!EB21 -> 0 | AW12: =[2]หน้าผ้า!EC21 -> 0 | AX12: =[2]หน้าผ้า!ED21 -> 0 | AY12: =[2]หน้าผ้า!AG21 -> 0 | AZ12: =[2]หน้าผ้า!EG21 -> 0 | BA12: =[2]หน้าผ้า!EH21 -> 0 | BB12: =[2]หน้าผ้า!EI21 -> 0 | BC12: =[2]หน้าผ้า!BZ21 -> WRWT170800/WRWT25800 | BD12: =[2]หน้าผ้า!CA21 -> 0
A13: =[2]หน้าผ้า!C22 -> 45933 | B13: =[2]หน้าผ้า!B22 -> MK68-001198 | C13: =[2]หน้าผ้า!E22 -> บจก.ฟาร์เธอร์ส วิง ซัพพลาย | D13: =[2]หน้าผ้า!F22 -> รถไฟฟ้าปูนขาวเย็น | E13: =[2]หน้าผ้า!G22 -> 18 | F13: =[2]หน้าผ้า!H22 -> 30 | G13: =[2]หน้าผ้า!I22 -> ขาว | H13: =[2]หน้าผ้า!J22 -> 0 | I13: =[2]หน้าผ้า!L22 -> 54 | J13: =[2]หน้าผ้า!M22 -> ± | K13: =[2]หน้าผ้า!N22 -> 5 | L13: =[2]หน้าผ้า!R22 -> บิด | M13: =[2]หน้าผ้า!T22 -> 19 | N13: =[2]หน้าผ้า!U22 -> 33 | O13: =[2]หน้าผ้า!V22 -> 40 | P13: =[2]หน้าผ้า!AB22 -> 0 | Q13: =[2]หน้าผ้า!AC22 -> 0 | R13: =[2]หน้าผ้า!AD22 -> 0 | S13: =[2]หน้าผ้า!Z22 -> 500กระสอบ | T13: =[2]หน้าผ้า!X22 -> 45944 | U13: =[2]หน้าผ้า!AA22 -> 15000 | V13: =[2]หน้าผ้า!AJ22 -> 15000 | W13: =[2]หน้าผ้า!AL22 -> 0 | X13: =[2]หน้าผ้า!AM22 -> 15835 | Y13: =[2]หน้าผ้า!AN22 -> 0 | Z13: =[2]หน้าผ้า!AO22 -> WSWT1825800 | AA13: =[2]หน้าผ้า!AQ22 -> 0 | AB13: =[2]หน้าผ้า!AR22 -> 0 | AC13: =[2]หน้าผ้า!AS22 -> 0 | AD13: =[2]หน้าผ้า!AT22 -> 0 | AE13: =[2]หน้าผ้า!AU22 -> 0 | AF13: =[2]หน้าผ้า!AI22 -> 0 | AG13: =[3]หน้าผ้า!DC25 -> พร้อมส่ง | AH13: =[2]หน้าผ้า!DL22 -> P9 | AI13: =[2]หน้าผ้า!DM22 -> 3 | AJ13: =[2]หน้าผ้า!DN22 -> 45944 | AK13: =[2]หน้าผ้า!DQ22 -> 0 | AL13: =[2]หน้าผ้า!DR22 -> 45934 | AM13: =[2]หน้าผ้า!DS22 -> 45941 | AN13: =[2]หน้าผ้า!DT22 -> 45942 | AO13: =[2]หน้าผ้า!DU22 -> 45942 | AP13: =[2]หน้าผ้า!DP22 -> 45939 | AQ13: =[2]หน้าผ้า!DW22 -> 45943 | AR13: =[2]หน้าผ้า!DX22 -> 0 | AS13: =[2]หน้าผ้า!DY22 -> 0 | AT13: =[2]หน้าผ้า!DZ22 -> 0 | AU13: =[2]หน้าผ้า!EA22 -> 0 | AV13: =[2]หน้าผ้า!EB22 -> 0 | AW13: =[2]หน้าผ้า!EC22 -> งานพิมพ์ | AX13: =[2]หน้าผ้า!ED22 -> / | AY13: =[2]หน้าผ้า!AG22 -> 0 | AZ13: =[2]หน้าผ้า!EG22 -> 0 | BA13: =[2]หน้าผ้า!EH22 -> 0 | BB13: =[2]หน้าผ้า!EI22 -> 0 | BC13: =[2]หน้าผ้า!BZ22 -> WRWT25800/WRWT25800 | BD13: =[2]หน้าผ้า!CA22 -> 0
A14: =[2]หน้าผ้า!C23 -> 45933 | B14: =[2]หน้าผ้า!B23 -> MK68-001198 | C14: =[2]หน้าผ้า!E23 -> บจก.ฟาร์เธอร์ส วิง ซัพพลาย | D14: =[2]หน้าผ้า!F23 -> ไม่พิมพ์ | E14: =[2]หน้าผ้า!G23 -> 18 | F14: =[2]หน้าผ้า!H23 -> 30 | G14: =[2]หน้าผ้า!I23 -> ขาว | H14: =[2]หน้าผ้า!J23 -> 0 | I14: =[2]หน้าผ้า!L23 -> 54 | J14: =[2]หน้าผ้า!M23 -> ± | K14: =[2]หน้าผ้า!N23 -> 5 | L14: =[2]หน้าผ้า!R23 -> บิด | M14: =[2]หน้าผ้า!T23 -> 19 | N14: =[2]หน้าผ้า!U23 -> 33 | O14: =[2]หน้าผ้า!V23 -> 40 | P14: =[2]หน้าผ้า!AB23 -> 0 | Q14: =[2]หน้าผ้า!AC23 -> 0 | R14: =[2]หน้าผ้า!AD23 -> 0 | S14: =[2]หน้าผ้า!Z23 -> 500กระสอบ | T14: =[2]หน้าผ้า!X23 -> 45944 | U14: =[2]หน้าผ้า!AA23 -> 3000 | V14: =[2]หน้าผ้า!AJ23 -> 3000 | W14: =[2]หน้าผ้า!AL23 -> 0 | X14: =[2]หน้าผ้า!AM23 -> 0 | Y14: =[2]หน้าผ้า!AN23 -> 0 | Z14: =[2]หน้าผ้า!AO23 -> WSWT1825800 | AA14: =[2]หน้าผ้า!AQ23 -> 0 | AB14: =[2]หน้าผ้า!AR23 -> 0 | AC14: =[2]หน้าผ้า!AS23 -> 0 | AD14: =[2]หน้าผ้า!AT23 -> 0 | AE14: =[2]หน้าผ้า!AU23 -> 0 | AF14: =[2]หน้าผ้า!AI23 -> 0 | AG14: =[3]หน้าผ้า!DC26 -> ยังไม่ได้พิมพ์ | AH14: =[2]หน้าผ้า!DL23 -> P9 | AI14: =[2]หน้าผ้า!DM23 -> 3 | AJ14: =[2]หน้าผ้า!DN23 -> 45944 | AK14: =[2]หน้าผ้า!DQ23 -> 0 | AL14: =[2]หน้าผ้า!DR23 -> 45934 | AM14: =[2]หน้าผ้า!DS23 -> 45941 | AN14: =[2]หน้าผ้า!DT23 -> 45942 | AO14: =[2]หน้าผ้า!DU23 -> 45942 | AP14: =[2]หน้าผ้า!DP23 -> 45939 | AQ14: =[2]หน้าผ้า!DW23 -> 45943 | AR14: =[2]หน้าผ้า!DX23 -> 0 | AS14: =[2]หน้าผ้า!DY23 -> 0 | AT14: =[2]หน้าผ้า!DZ23 -> 0 | AU14: =[2]หน้าผ้า!EA23 -> 0 | AV14: =[2]หน้าผ้า!EB23 -> 0 | AW14: =[2]หน้าผ้า!EC23 -> งานพิมพ์ | AX14: =[2]หน้าผ้า!ED23 -> / | AY14: =[2]หน้าผ้า!AG23 -> 0 | AZ14: =[2]หน้าผ้า!EG23 -> 0 | BA14: =[2]หน้าผ้า!EH23 -> 0 | BB14: =[2]หน้าผ้า!EI23 -> 0 | BC14: =[2]หน้าผ้า!BZ23 -> WRWT25800/WRWT25800 | BD14: =[2]หน้าผ้า!CA23 -> 0
A15: =[2]หน้าผ้า!C24 -> 45938 | B15: =[2]หน้าผ้า!B24 -> MK68-001221 | C15: =[2]หน้าผ้า!E24 -> บจก.เอสทีเคมีธุรกืจ | D15: =[2]หน้าผ้า!F24 -> มังกรแดง STCB | E15: =[2]หน้าผ้า!G24 -> 18 | F15: =[2]หน้าผ้า!H24 -> 30 | G15: =[2]หน้าผ้า!I24 -> ขาว | H15: =[2]หน้าผ้า!J24 -> 0 | I15: =[2]หน้าผ้า!L24 -> 54 | J15: =[2]หน้าผ้า!M24 -> ± | K15: =[2]หน้าผ้า!N24 -> 5 | L15: =[2]หน้าผ้า!R24 -> ไม่ | M15: =[2]หน้าผ้า!T24 -> 19 | N15: =[2]หน้าผ้า!U24 -> 31 | O15: =[2]หน้าผ้า!V24 -> 40 | P15: =[2]หน้าผ้า!AB24 -> 145.31171 | Q15: =[2]หน้าผ้า!AC24 -> 0 | R15: =[2]หน้าผ้า!AD24 -> 145.31171 | S15: =[2]หน้าผ้า!Z24 -> 500กระสอบ | T15: =[2]หน้าผ้า!X24 -> 45946 | U15: =[2]หน้าผ้า!AA24 -> 10000 | V15: =[2]หน้าผ้า!AJ24 -> 0 | W15: =[2]หน้าผ้า!AL24 -> 10000 | X15: =[2]หน้าผ้า!AM24 -> 0 | Y15: =[2]หน้าผ้า!AN24 -> 10500 | Z15: =[2]หน้าผ้า!AO24 -> WSWT1825800 | AA15: =[2]หน้าผ้า!AQ24 -> 8801.1 | AB15: =[2]หน้าผ้า!AR24 -> 8801.1 | AC15: =[2]หน้าผ้า!AS24 -> 0 | AD15: =[2]หน้าผ้า!AT24 -> 0 | AE15: =[2]หน้าผ้า!AU24 -> 0 | AF15: =[2]หน้าผ้า!AI24 -> ห้ามเกิน | AG15: =[3]หน้าผ้า!DC27 -> ยังไม่ได้พิมพ์ | AH15: =[2]หน้าผ้า!DL24 -> P9 | AI15: =[2]หน้าผ้า!DM24 -> 3 | AJ15: =[2]หน้าผ้า!DN24 -> 45946 | AK15: =[2]หน้าผ้า!DQ24 -> 0 | AL15: =[2]หน้าผ้า!DR24 -> 45936 | AM15: =[2]หน้าผ้า!DS24 -> 45943 | AN15: =[2]หน้าผ้า!DT24 -> 45944 | AO15: =[2]หน้าผ้า!DU24 -> 45944 | AP15: =[2]หน้าผ้า!DP24 -> 45941 | AQ15: =[2]หน้าผ้า!DW24 -> 45945 | AR15: =[2]หน้าผ้า!DX24 -> 0 | AS15: =[2]หน้าผ้า!DY24 -> 0 | AT15: =[2]หน้าผ้า!DZ24 -> 0 | AU15: =[2]หน้าผ้า!EA24 -> 0 | AV15: =[2]หน้าผ้า!EB24 -> 0 | AW15: =[2]หน้าผ้า!EC24 -> งานพิมพ์ | AX15: =[2]หน้าผ้า!ED24 -> รอART | AY15: =[2]หน้าผ้า!AG24 -> 0 | AZ15: =[2]หน้าผ้า!EG24 -> 0 | BA15: =[2]หน้าผ้า!EH24 -> 0 | BB15: =[2]หน้าผ้า!EI24 -> 0 | BC15: =[2]หน้าผ้า!BZ24 -> WRWT25800/WRWT25800 | BD15: =[2]หน้าผ้า!CA24 -> 0
A16: =[2]หน้าผ้า!C25 -> 45923 | B16: =[2]หน้าผ้า!B25 -> MK68-001161 | C16: =[2]หน้าผ้า!E25 -> หจก.อนนท์อุตสาหกรรม | D16: =[2]หน้าผ้า!F25 -> อนนท์ 20 กก. | E16: =[2]หน้าผ้า!G25 -> 18 | F16: =[2]หน้าผ้า!H25 -> 28 | G16: =[2]หน้าผ้า!I25 -> ขาว | H16: =[2]หน้าผ้า!J25 -> 0 | I16: =[2]หน้าผ้า!L25 -> 50 | J16: =[2]หน้าผ้า!M25 -> ± | K16: =[2]หน้าผ้า!N25 -> 5 | L16: =[2]หน้าผ้า!R25 -> ไม่ | M16: =[2]หน้าผ้า!T25 -> 19 | N16: =[2]หน้าผ้า!U25 -> 31 | O16: =[2]หน้าผ้า!V25 -> 40 | P16: =[2]หน้าผ้า!AB25 -> 0 | Q16: =[2]หน้าผ้า!AC25 -> 0 | R16: =[2]หน้าผ้า!AD25 -> 0 | S16: =[2]หน้าผ้า!Z25 -> 500กระสอบแบน | T16: =[2]หน้าผ้า!X25 -> 45950 | U16: =[2]หน้าผ้า!AA25 -> 5000 | V16: =[2]หน้าผ้า!AJ25 -> 5000 | W16: =[2]หน้าผ้า!AL25 -> 0 | X16: =[2]หน้าผ้า!AM25 -> 5400 | Y16: =[2]หน้าผ้า!AN25 -> 0 | Z16: =[2]หน้าผ้า!AO25 -> WSWT1825800 | AA16: =[2]หน้าผ้า!AQ25 -> 0 | AB16: =[2]หน้าผ้า!AR25 -> 0 | AC16: =[2]หน้าผ้า!AS25 -> 0 | AD16: =[2]หน้าผ้า!AT25 -> 0 | AE16: =[2]หน้าผ้า!AU25 -> 0 | AF16: =[2]หน้าผ้า!AI25 -> 0 | AG16: =[3]หน้าผ้า!DC28 -> ยังไม่ได้พิมพ์ | AH16: =[2]หน้าผ้า!DL25 -> P9 | AI16: =[2]หน้าผ้า!DM25 -> 3 | AJ16: =[2]หน้าผ้า!DN25 -> 45950 | AK16: =[2]หน้าผ้า!DQ25 -> 0 | AL16: =[2]หน้าผ้า!DR25 -> 45940 | AM16: =[2]หน้าผ้า!DS25 -> 45947 | AN16: =[2]หน้าผ้า!DT25 -> 45948 | AO16: =[2]หน้าผ้า!DU25 -> 45948 | AP16: =[2]หน้าผ้า!DP25 -> 45945 | AQ16: =[2]หน้าผ้า!DW25 -> 45949 | AR16: =[2]หน้าผ้า!DX25 -> 0 | AS16: =[2]หน้าผ้า!DY25 -> 0 | AT16: =[2]หน้าผ้า!DZ25 -> 0 | AU16: =[2]หน้าผ้า!EA25 -> 0 | AV16: =[2]หน้าผ้า!EB25 -> 0 | AW16: =[2]หน้าผ้า!EC25 -> งานพิมพ์ | AX16: =[2]หน้าผ้า!ED25 -> / | AY16: =[2]หน้าผ้า!AG25 -> 0 | AZ16: =[2]หน้าผ้า!EG25 -> 0 | BA16: =[2]หน้าผ้า!EH25 -> 0 | BB16: =[2]หน้าผ้า!EI25 -> 0 | BC16: =[2]หน้าผ้า!BZ25 -> WRWT25800/WRWT25800 | BD16: =[2]หน้าผ้า!CA25 -> 0
A17: =[2]หน้าผ้า!C26 -> 45923 | B17: =[2]หน้าผ้า!B26 -> MK68-001162 | C17: =[2]หน้าผ้า!E26 -> หจก.อนนท์อุตสาหกรรม | D17: =[2]หน้าผ้า!F26 -> ดาว 20 กก. | E17: =[2]หน้าผ้า!G26 -> 18 | F17: =[2]หน้าผ้า!H26 -> 28 | G17: =[2]หน้าผ้า!I26 -> ขาว | H17: =[2]หน้าผ้า!J26 -> 0 | I17: =[2]หน้าผ้า!L26 -> 50 | J17: =[2]หน้าผ้า!M26 -> ± | K17: =[2]หน้าผ้า!N26 -> 5 | L17: =[2]หน้าผ้า!R26 -> ไม่ | M17: =[2]หน้าผ้า!T26 -> 19 | N17: =[2]หน้าผ้า!U26 -> 31 | O17: =[2]หน้าผ้า!V26 -> 40 | P17: =[2]หน้าผ้า!AB26 -> 363.27927 | Q17: =[2]หน้าผ้า!AC26 -> 0 | R17: =[2]หน้าผ้า!AD26 -> 363.27927 | S17: =[2]หน้าผ้า!Z26 -> 500กระสอบแบน | T17: =[2]หน้าผ้า!X26 -> 45950 | U17: =[2]หน้าผ้า!AA26 -> 25000 | V17: =[2]หน้าผ้า!AJ26 -> 0 | W17: =[2]หน้าผ้า!AL26 -> 25000 | X17: =[2]หน้าผ้า!AM26 -> 0 | Y17: =[2]หน้าผ้า!AN26 -> 26250 | Z17: =[2]หน้าผ้า!AO26 -> WSWT1825800 | AA17: =[2]หน้าผ้า!AQ26 -> 20605.75 | AB17: =[2]หน้าผ้า!AR26 -> 20605.75 | AC17: =[2]หน้าผ้า!AS26 -> 0 | AD17: =[2]หน้าผ้า!AT26 -> 0 | AE17: =[2]หน้าผ้า!AU26 -> 0 | AF17: =[2]หน้าผ้า!AI26 -> 0 | AG17: =[3]หน้าผ้า!DC29 -> ยังไม่ได้พิมพ์ | AH17: =[2]หน้าผ้า!DL26 -> P9 | AI17: =[2]หน้าผ้า!DM26 -> 3 | AJ17: =[2]หน้าผ้า!DN26 -> 45950 | AK17: =[2]หน้าผ้า!DQ26 -> 0 | AL17: =[2]หน้าผ้า!DR26 -> 45940 | AM17: =[2]หน้าผ้า!DS26 -> 45947 | AN17: =[2]หน้าผ้า!DT26 -> 45948 | AO17: =[2]หน้าผ้า!DU26 -> 45948 | AP17: =[2]หน้าผ้า!DP26 -> 45945 | AQ17: =[2]หน้าผ้า!DW26 -> 45949 | AR17: =[2]หน้าผ้า!DX26 -> 0 | AS17: =[2]หน้าผ้า!DY26 -> 0 | AT17: =[2]หน้าผ้า!DZ26 -> 0 | AU17: =[2]หน้าผ้า!EA26 -> 0 | AV17: =[2]หน้าผ้า!EB26 -> 0 | AW17: =[2]หน้าผ้า!EC26 -> งานพิมพ์ | AX17: =[2]หน้าผ้า!ED26 -> / | AY17: =[2]หน้าผ้า!AG26 -> 0 | AZ17: =[2]หน้าผ้า!EG26 -> 0 | BA17: =[2]หน้าผ้า!EH26 -> 0 | BB17: =[2]หน้าผ้า!EI26 -> 0 | BC17: =[2]หน้าผ้า!BZ26 -> WRWT25800/WRWT25800 | BD17: =[2]หน้าผ้า!CA26 -> 0
... A575: =[2]หน้าผ้า!C584 -> 0 | B575: =[2]หน้าผ้า!B584 -> 0 | C575: =[2]หน้าผ้า!E584 -> 0 | D575: =[2]หน้าผ้า!F584 -> 0 | E575: =[2]หน้าผ้า!G584 -> 0 | F575: =[2]หน้าผ้า!H584 -> 0 | G575: =[2]หน้าผ้า!I584 -> 0 | H575: =[2]หน้าผ้า!J584 -> 0 | I575: =[2]หน้าผ้า!L584 -> 0 | J575: =[2]หน้าผ้า!M584 -> 0 | K575: =[2]หน้าผ้า!N584 -> 0 | L575: =[2]หน้าผ้า!R584 -> 0 | M575: =[2]หน้าผ้า!T584 -> 0 | N575: =[2]หน้าผ้า!U584 -> 0 | O575: =[2]หน้าผ้า!V584 -> 0 | P575: =[2]หน้าผ้า!AB584 -> 0 | Q575: =[2]หน้าผ้า!AC584 -> 0 | R575: =[2]หน้าผ้า!AD584 -> 0 | S575: =[2]หน้าผ้า!Z584 -> 0 | T575: =[2]หน้าผ้า!X584 -> 0 | U575: =[2]หน้าผ้า!AA584 -> 0 | V575: =[2]หน้าผ้า!AJ584 -> 0 | W575: =[2]หน้าผ้า!AL584 -> 0 | X575: =[2]หน้าผ้า!AM584 -> 0 | Y575: =[2]หน้าผ้า!AN584 -> 0 | Z575: =[2]หน้าผ้า!AO584 -> 0 | AA575: =[2]หน้าผ้า!AQ584 -> 0 | AB575: =[2]หน้าผ้า!AR584 -> 0 | AC575: =[2]หน้าผ้า!AS584 -> 0 | AD575: =[2]หน้าผ้า!AT584 -> 0 | AE575: =[2]หน้าผ้า!AU584 -> 0 | AF575: =[2]หน้าผ้า!AI584 -> 0 | AG575: =[3]หน้าผ้า!DC587 -> 0 | AH575: =[2]หน้าผ้า!DL584 -> 0 | AI575: =[2]หน้าผ้า!DM584 -> 0 | AJ575: =[2]หน้าผ้า!DN584 -> 0 | AK575: =[2]หน้าผ้า!DQ584 -> 0 | AL575: =[2]หน้าผ้า!DR584 -> 0 | AM575: =[2]หน้าผ้า!DS584 -> 0 | AN575: =[2]หน้าผ้า!DT584 -> 0 | AO575: =[2]หน้าผ้า!DU584 -> 0 | AP575: =[2]หน้าผ้า!DP584 -> 0 | AQ575: =[2]หน้าผ้า!DW584 -> 0 | AR575: =[2]หน้าผ้า!DX584 -> 0 | AS575: =[2]หน้าผ้า!DY584 -> 0 | AT575: =[2]หน้าผ้า!DZ584 -> 0 | AU575: =[2]หน้าผ้า!EA584 -> 0 | AV575: =[2]หน้าผ้า!EB584 -> 0 | AW575: =[2]หน้าผ้า!EC584 -> 0 | AX575: =[2]หน้าผ้า!ED584 -> 0 | AY575: =[2]หน้าผ้า!AG584 -> 0 | AZ575: =[2]หน้าผ้า!EG584 -> 0 | BA575: =[2]หน้าผ้า!EH584 -> 0 | BB575: =[2]หน้าผ้า!EI584 -> 0 | BC575: =[2]หน้าผ้า!BZ584 -> 0 | BD575: =[2]หน้าผ้า!CA584 -> 0

Sheet 9(Order+FC)
A2: เลขที่ SO | B2: (หลายรายการ)
A3: วันส่ง | B3: (หลายรายการ)
A4: ชื่อลูกค้า | B4: (ทั้งหมด)
K5: 9
A6: ประเภท | B6: ผลรวม ของ จำนวนส่ง | C6: ผลรวม ของ ค้างพิมพ์ | D6: ผลรวม ของ ค้างตัด | E6: ผลรวม ของ ใช้ | F6: ผลรวม ของ Stock | G6: ผลรวม ของ ค้างทอ
A7: WSWT1921720 | B7: 205000 | C7: 0 | D7: 30000 | E7: 0 | F7: 0 | G7: 0 | H7: =+J7-I7 -> 0 | J7: =G7 -> 0
A8: WSWT19251000SM | B8: 5040 | C8: 5292 | D8: 5040 | E8: 4999.0248 | F8: 4999.0248 | G8: 0 | H8: =+J8-I8 -> 0 | J8: =G8 -> 0
A9: WSWT1925800 | B9: 20000 | C9: 21000 | D9: 20000 | E9: 17602.2 | F9: 17602.2 | G9: 0 | H9: =+J9-I9 -> 0 | J9: =G9 -> 0
A10: WSWT2025800 | B10: 89360 | C10: 84000 | D10: 86360 | E10: 83820 | F10: 83820 | G10: 0 | H10: =+J10-I10 -> 0 | J10: =G10 -> 0
A11: WSWT2025800SM | B11: 171120 | C11: 68376 | D11: 72271 | E11: 70323.862 | F11: 70323.862 | G11: 0 | H11: =+J11-I11 -> 0 | J11: =G11 -> 0
A12: WSWT2121670SM | B12: 85000 | C12: 38850 | D12: 64000 | E12: 56774.08 | F12: 56774.08 | G12: 0 | H12: =+J12-I12 -> 0 | J12: =G12 -> 0 | K12: 40000 | L12: =+K5*K12 -> 360000 | M12: =+L12-J12 -> 360000
A13: WSWT2325650 | B13: 60000 | C13: 63000 | D13: 60000 | E13: 59512.2 | F13: 59512.2 | G13: 0 | H13: =+J13-I13 -> 0 | J13: =G13 -> 0 | K13: 14000 | L13: =+K13*K5 -> 126000 | M13: =+L13-J13 -> 126000
A14: WSWT2625650 | B14: 5000 | C14: 0 | D14: 0 | E14: 0 | F14: 0 | G14: 0 | H14: =+J14-I14 -> 0 | J14: =G14 -> 0
A15: WSWT2625800 | B15: 10000 | C15: 0 | D15: 10000 | E15: 12433.3 | F15: 12433.3 | G15: 0 | H15: =+J15-I15 -> 0 | J15: =G15 -> 0 | K15: 20000 | L15: =+K15*K5 -> 180000 | M15: =+L15-J15 -> 180000
A16: WSWT2625850SM | B16: 40000 | C16: 31526.25 | D16: 35900 | E16: 38606.951 | F16: 17295.635 | G16: 21311.316 | H16: =+J16-I16 -> 21311.316 | J16: =G16 -> 21311.316
A17: WSWT2825850 | B17: 105000 | C17: 51765 | D17: 54300 | E17: 65316.735 | F17: 5780 | G17: 59536.735 | H17: =+J17-I17 -> 59536.735 | J17: =G17 -> 59536.735
A18: ผลรวมทั้งหมด | B18: 795520 | C18: 363809.25 | D18: 437871 | E18: 409388.35 | F18: 328540.3 | G18: 80848.051 | H18: =+J18-I18 -> 80848.051 | J18: =G18 -> 80848.051
H19: 0 | I19: 54000 | J19: =G19 -> 0
H20: =+J20-I20 -> 0 | J20: =G20 -> 0
H21: =+J21-I21 -> 0 | J21: =G21 -> 0
H22: =+J22-I22 -> 0 | J22: =G22 -> 0
H23: =+J23-I23 -> 0 | J23: =G23 -> 0
H24: =+J24-I24 -> 0 | J24: =G24 -> 0
H25: =+J25-I25 -> 0 | J25: =G25 -> 0
H26: =+J26-I26 -> 0 | J26: =G26 -> 0
H27: =+J27-I27 -> 0 | J27: =G27 -> 0
H28: =+J28-I28 -> 0 | J28: =G28 -> 0 | M28: =+GETPIVOTDATA("ผลรวม ของ ใช้",$A$6)+H29+H33 -> 661084.45
H29: =SUM(H7:H28) -> 161696.1 | I29: =SUM(I7:I28) -> 54000 | J29: =SUM(J7:J28) -> 161696.1
H32: =+H26 -> 0 | I32: 85 | J32: =+(H32+H29)*I32 -> 13744169 | K32: =+J32/1000 -> 13744.169
H33: 90000 | I33: 95 | J33: =+H33*I33 -> 8550000 | K33: =+J33/1000 -> 8550
H35: =+H32+H33+H29 -> 251696.1 | K35: =+K32+K33 -> 22294.169
N36: 705222
A37: ยอดส่ง 1/2/68 - 17/2/68 | B37: 1565717 | H37: 15 | I37: =+H35/H37 -> 16779.74
N38: =+H35+N36 -> 956918.1
I39: =+H37*110000 -> 1650000
B41: =+B29+B37+B31-110000 -> 1455717 | C41: =+C29+C37+C31 -> 0 | D41: =+D29+D37+D31-110000 -> -110000 | E41: =+E29+E37+E31 -> 0 | F41: =+F29+F37+F31 -> 0 | G41: =+G29+G37+G31 -> 0
B43: 3218150
B45: =+B43-B41 -> 1762433
C47: =+C41/9 -> 0 | D47: =+D41/9 -> -12222.222

Sheet 9(Order)
A2: เลขที่ SO | B2: (ทั้งหมด)
A3: วันส่ง | B3: 45930
A4: ชื่อลูกค้า | B4: (ทั้งหมด)
A6: ประเภท | B6: ผลรวม ของ จำนวนส่ง | C6: ผลรวม ของ ค้างพิมพ์ | D6: ผลรวม ของ ค้างตัด | E6: ผลรวม ของ ใช้ | F6: ผลรวม ของ Stock | G6: ผลรวม ของ ค้างทอ
A7: WSWT1825800 | B7: 5000 | C7: 0 | D7: 0 | E7: 0 | F7: 0 | G7: 0
A8: WSWT1921720 | B8: 25000 | C8: 0 | D8: 73 | E8: 0 | F8: 0 | G8: 0
A9: WSWT2025800SM | B9: 5000 | C9: 0 | D9: 0 | E9: 0 | F9: 0 | G9: 0
A10: WSWT2121670SM | B10: 10000 | C10: 0 | D10: 16 | E10: 0 | F10: 0 | G10: 0
A11: WSWT2625650 | B11: 5000 | C11: 0 | D11: 0 | E11: 0 | F11: 0 | G11: 0
A12: ผลรวมทั้งหมด | B12: 50000 | C12: 0 | D12: 89 | E12: 0 | F12: 0 | G12: 0
D34: =D18 -> 0
D36: =D20 -> 0
A37: ยอดส่ง 1/4/68 - 12/4/68 | B37: 887615
A38: Order+ส่ง | B38: =++B25+B37 -> 887615
A39: ประมาณการ | B39: 262000 | C39: 238350 | D39: 262000 | E39: 279847.04 | F39: 60825.09 | G39: 219021.95
A41: Order+ส่ง+ประมาณการ | B41: =+B25+B37+B39+B33 -> 1149615 | C41: =+C25+C37+C39+C33 -> 238350 | D41: =+D25+D37+D39+D33 -> 262000 | E41: =+E25+E37+E39+E33 -> 279847.04 | F41: =+F25+F37+F39+F33 -> 60825.09 | G41: =+G25+G37+G39+G33 -> 219021.95
B43: 3171376
B45: =+B41-B43 -> -2021761 | C45: =+$B$45 -> -2021761 | D45: =+$B$45 -> -2021761 | F45: =+$B$45 -> -2021761
D47: =+D41/6 -> 43666.667

Sheet 9(Order) แยกลูกค้า
A1: เลขที่ SO | B1: (หลายรายการ)
A2: วันส่ง | B2: (หลายรายการ)
A4: ประเภท | B4: ชื่อลูกค้า | C4: ผลรวม ของ จำนวนส่ง | D4: ผลรวม ของ ค้างพิมพ์ | E4: ผลรวม ของ ค้างตัด | F4: ผลรวม ของ Stock | G4: ผลรวม ของ ค้างทอ | I4: vn
A5: WSWT2025650 | B5: บจก.หนองบัวฟีด | C5: 10000 | D5: 0 | E5: 10000 | F5: 4400 | G5: 4401.1 | H5: =G5 -> 4401.1
A6: WSWT2025650 ผลรวม | C6: 10000 | D6: 0 | E6: 10000 | F6: 4400 | G6: 4401.1 | H6: =G6 -> 4401.1
A7: WSWT2025800SM | B7: บจก.เอ.เจ.ฟาร์ม่าแล็บ | C7: 8000 | D7: 0 | E7: 25 | F7: 0 | G7: 0 | H7: =G7 -> 0
A8: WSWT2025800SM ผลรวม | C8: 8000 | D8: 0 | E8: 25 | F8: 0 | G8: 0 | H8: =G8 -> 0
A9: WSWT2121670SM | B9: บจก.เอพีเอ็ม อะโกร | C9: 3000 | D9: 0 | E9: 0 | F9: 0 | G9: 0 | H9: =G9 -> 0
B10: บจก.หนองบัวฟีด | C10: 10000 | D10: 10500 | E10: 10000 | F10: 10756.9 | G10: 0 | H10: =G10 -> 0
A11: WSWT2121670SM ผลรวม | C11: 13000 | D11: 10500 | E11: 10000 | F11: 10756.9 | G11: 0 | H11: =G11 -> 0
A12: ผลรวมทั้งหมด | C12: 31000 | D12: 10500 | E12: 20025 | F12: 15156.9 | G12: 4401.1 | H12: =G12 -> 4401.1
H13: =G13 -> 0
H14: =G14 -> 0
H15: =G15 -> 0
H16: =G16 -> 0
H17: =G17 -> 0
H18: =G18 -> 0
H19: =G19 -> 0
H20: =G20 -> 0
H21: =G21 -> 0
H22: =G22 -> 0
H23: =G23 -> 0
H24: =G24 -> 0
... H65: =G65 -> 0
H70: =SUM(H5:H69) -> 13203.3
D119: Cap พิมพ์ | E119: Cap ตัด | F119: Stock 16/7 บ่าย | G119: Cap ทอ | I119: วันทงาน
B120: lส่ง | C120: 1-16/7 | D120: 160000 | E120: 160000 | G120: 120000 | I120: 12
C121: 1975256 | D121: =+D120*I120 -> 1920000 | E121: =+E120*I120 -> 1920000 | F121: 825147 | G121: =+G120*I120 -> 1440000
A122: เบทาโกรส่งแล้ว | B122: 20700 | C122: 424374
A123: เบทาโกรส่งแล้ว | B123: 20800 | C123: 155973
C126: รวมส่ง+ค้างส่ง | D126: ส่วนต่างCapคงเหลือ | E126: ส่วนต่างCapคงเหลือ | F126: คงเหลือ
C127: =+C50+C121 -> 1975256 | D127: =+D121-D50 -> 1920000 | E127: =+E121-E50 -> 1920000 | F127: =+F121-F50 -> 825147 | G127: =+G121-G50 -> 1440000
B129: 20700VN 20/7 | G129: 350000

Sheet 9(Fc) แยกลูกค้า
A1: เลขที่ SO | B1: ประมาณการ
A2: วันส่ง | B2: (หลายรายการ) | D2: 12
A4: ประเภท | B4: ชื่อลูกค้า | C4: ผลรวม ของ จำนวนส่ง | D4: ผลรวม ของ ค้างพิมพ์ | E4: ผลรวม ของ ค้างตัด | F4: ผลรวม ของ ใช้ | G4: ผลรวม ของ Stock | H4: ผลรวม ของ ค้างทอ
A5: WSWT1921720 | B5: บจก.เคอรี่ฟลาวมิลล์ | C5: 225000 | D5: 236250 | E5: 225000 | F5: 210597.75 | G5: 0 | H5: 210597.75
A6: WSWT1921720 ผลรวม | C6: 225000 | D6: 236250 | E6: 225000 | F6: 210597.75 | G6: 0 | H6: 210597.75
A7: WSWT1925800 | B7: บจก.เพรซิเดนท์ฟลาวมิลล์ | C7: 140000 | D7: 147000 | E7: 140000 | F7: 123215.4 | G7: 0 | H7: 123215.4
B8: บจก.ไลม์มาสเตอร์ | C8: 20000 | D8: 20755.35 | E8: 19767 | F8: 18501.714 | G8: 0 | H8: 18501.714
B9: บจก.เอ็กเซลเล้นท์ | C9: 40000 | D9: 42000 | E9: 40000 | F9: 35204.4 | G9: 0 | H9: 35204.4
A10: WSWT1925800 ผลรวม | C10: 200000 | D10: 209755.35 | E10: 199767 | F10: 176921.51 | G10: 0 | H10: 176921.51
A11: WSWT2025800 | B11: บจก.อินเทคค์ โกลบอล | C11: 290000 | D11: 304500 | E11: 290000 | F11: 303847.5 | G11: 0 | H11: 303847.5
A12: WSWT2025800 ผลรวม | C12: 290000 | D12: 304500 | E12: 290000 | F12: 303847.5 | G12: 0 | H12: 303847.5
A13: WSWT2025800SM | B13: บจก.ไทยธรรมดี | C13: 20000 | D13: 21000 | E13: 20000 | F13: 21513.8 | G13: 0 | H13: 21513.8
B14: บจก.อินเทคค์ โกลบอล | C14: 100000 | D14: 105000 | E14: 100000 | F14: 104775 | G14: 0 | H14: 104775
B15: บจก.เอสพีเอ็ม อาหารสัตว์ | C15: 20000 | D15: 21000 | E15: 20000 | F15: 22072.6 | G15: 0 | H15: 22072.6
B16: บจก.ซันฟีด | C16: 305000 | D16: 320250 | E16: 305000 | F16: 336607.15 | G16: 0 | H16: 336607.15
A17: WSWT2025800SM ผลรวม | C17: 445000 | D17: 467250 | E17: 445000 | F17: 484968.55 | G17: 0 | H17: 484968.55
A18: WSWT2325650 | B18: พันธุ์ข้าว | C18: 30000 | D18: 31500 | E18: 30000 | F18: 29756.1 | G18: 29756.1 | H18: 0
A19: WSWT2325650 ผลรวม | C19: 30000 | D19: 31500 | E19: 30000 | F19: 29756.1 | G19: 29756.1 | H19: 0
A20: WSWT2625800 | B20: บจก.ที.ซี.ยูเนี่ยน อโกรเทค | C20: 10000 | D20: 0 | E20: 10000 | F20: 12433.3 | G20: 12433.3 | H20: 0
A21: WSWT2625800 ผลรวม | C21: 10000 | D21: 0 | E21: 10000 | F21: 12433.3 | G21: 12433.3 | H21: 0
A22: WSWT2825850 | B22: บจก.ที.ซี.ยูเนี่ยน อโกรเทค | C22: 5000 | D22: 0 | E22: 5000 | F22: 6775.45 | G22: 0 | H22: 6775.45
A23: WSWT2825850 ผลรวม | C23: 5000 | D23: 0 | E23: 5000 | F23: 6775.45 | G23: 0 | H23: 6775.45
A24: ผลรวมทั้งหมด | C24: 1205000 | D24: 1249255.4 | E24: 1204767 | F24: 1225300.2 | G24: 42189.4 | H24: 1183110.8
D119: Cap พิมพ์ | E119: Cap ตัด | F119: Stock 16/7 บ่าย | G119: Cap ทอ | I119: วันทงาน
B120: lส่ง | C120: 1-16/7 | D120: 160000 | E120: 160000 | G120: 120000 | I120: 12
C121: 1975256 | D121: =+D120*I120 -> 1920000 | E121: =+E120*I120 -> 1920000 | F121: 825147 | G121: =+G120*I120 -> 1440000
A122: เบทาโกรส่งแล้ว | B122: 20700 | C122: 424374
A123: เบทาโกรส่งแล้ว | B123: 20800 | C123: 155973
C126: รวมส่ง+ค้างส่ง | D126: ส่วนต่างCapคงเหลือ | E126: ส่วนต่างCapคงเหลือ | F126: คงเหลือ
C127: =+C50+C121 -> 1975256 | D127: =+D121-D50 -> 1920000 | E127: =+E121-E50 -> 1920000 | F127: =+F121-F50 -> 825147 | G127: =+G121-G50 -> 1440000
B129: 20700VN 20/7 | G129: 350000

Sheet 10(Order+Fc) แยกลูกค้า
A1: เลขที่ SO | B1: (หลายรายการ)
A2: วันส่ง | B2: (หลายรายการ) | D2: 12 | I2: เมตร | J2: vn | K2: ใบ | P2: วัน
A4: ประเภท | B4: ชื่อลูกค้า | C4: ผลรวม ของ จำนวนส่ง | D4: ผลรวม ของ ค้างพิมพ์ | E4: ผลรวม ของ ค้างตัด | F4: ผลรวม ของ ใช้ | G4: ผลรวม ของ Stock | H4: ผลรวม ของ ค้างทอ
A5: WSWT1625800 | B5: บจก.เคอรี่ฟลาวมิลล์ | C5: 5000 | D5: 5250 | E5: 5000 | F5: 3702.05 | G5: 3702.05 | H5: 0 | I5: =H5 -> 0
A6: WSWT1625800 ผลรวม | C6: 5000 | D6: 5250 | E6: 5000 | F6: 3702.05 | G6: 3702.05 | H6: 0
A7: WSWT1825800 | B7: บจก.ฟาร์เธอร์ส วิง ซัพพลาย | C7: 18000 | D7: 0 | E7: 0 | F7: 0 | G7: 0 | H7: 0 | I7: =H7 -> 0
B8: หจก.อนนท์อุตสาหกรรม | C8: 105000 | D8: 105000 | E8: 100000 | F8: 82423 | G8: 82423 | H8: 0 | I8: =H8 -> 0
B9: บจก.เอสทีเคมีธุรกืจ | C9: 10000 | D9: 10500 | E9: 10000 | F9: 8801.1 | G9: 8801.1 | H9: 0 | I9: =H9 -> 0
A10: WSWT1825800 ผลรวม | C10: 133000 | D10: 115500 | E10: 110000 | F10: 91224.1 | G10: 91224.1 | H10: 0 | I10: =H10 -> 0
A11: WSWT1921720 | B11: บจก.เคอรี่ฟลาวมิลล์ | C11: 465000 | D11: 357000 | E11: 377000 | F11: 336956.4 | G11: 43182.55 | H11: 293773.85
A12: WSWT1921720 ผลรวม | C12: 465000 | D12: 357000 | E12: 377000 | F12: 336956.4 | G12: 43182.55 | H12: 293773.85 | I12: =H12 -> 293773.85
A13: WSWT1925800 | B13: บจก.เพรซิเดนท์ฟลาวมิลล์ | C13: 160000 | D13: 144308.85 | E13: 154806 | F13: 120959.68 | G13: 0 | H13: 120959.68
B14: บจก.ไลม์มาสเตอร์ | C14: 20000 | D14: 20755.35 | E14: 19767 | F14: 18501.714 | G14: 2540 | H14: 15961.714 | I14: =H14 -> 15961.714 | P14: 15000 | Q14: =+K14/P14 -> 0
B15: บจก.เอ็กเซลเล้นท์ | C15: 40000 | D15: 42000 | E15: 40000 | F15: 35204.4 | G15: 0 | H15: 35204.4
A16: WSWT1925800 ผลรวม | C16: 220000 | D16: 207064.2 | E16: 214573 | F16: 174665.79 | G16: 2540 | H16: 172125.79 | I16: =H16 -> 172125.79
A17: WSWT2025800 | B17: บจก.เคอรี่ฟลาวมิลล์ | C17: 15000 | D17: 15750 | E17: 15000 | F17: 14039.85 | G17: 14039.85 | H17: 0 | I17: =H17 -> 0
B18: บจก.อินเทคค์ โกลบอล | C18: 343880 | D18: 304500 | E18: 313440 | F18: 303847.5 | G18: 1477 | H18: 302370.5 | I18: =H18 -> 302370.5
A19: WSWT2025800 ผลรวม | C19: 358880 | D19: 320250 | E19: 328440 | F19: 317887.35 | G19: 15516.85 | H19: 302370.5 | I19: =H19 -> 302370.5
A20: WSWT2025800SM | B20: บจก.ไทยธรรมดี | C20: 20000 | D20: 21000 | E20: 20000 | F20: 21513.8 | G20: 0 | H20: 21513.8 | I20: =H20 -> 21513.8 | P20: 16000 | Q20: =+K20/P20 -> 0
B21: บจก.อินเทคค์ โกลบอล | C21: 111063 | D21: 105000 | E21: 110538 | F21: 104775 | G21: 0 | H21: 104775
B22: บจก.เอพีเอ็ม อะโกร | C22: 20000 | D22: 12600 | E22: 16000 | F22: 13411.2 | G22: 13411.2 | H22: 0 | I22: =H22 -> 0
B23: บจก.เอสพีเอ็ม อาหารสัตว์ | C23: 56500 | D23: 39900 | E23: 39022 | F23: 41937.94 | G23: 19865.34 | H23: 22072.6
B24: บจก.วีซีเอฟ | C24: 20000 | D24: 0 | E24: 2689 | F24: 0 | G24: 0 | H24: 0 | I24: =H24 -> 0
B25: บจก.ซันฟีด | C25: 394000 | D25: 346500 | E25: 335313 | F25: 364058.2 | G25: 9620.375 | H25: 354437.82
B26: คุณฐนวรวรรศณ์ ภัทรนนท์สกุล | C26: 5000 | D26: 0 | E26: 0 | F26: 0 | G26: 0 | H26: 0 | I26: =H26 -> 0
B27: บจก.มารีน ลีดเดอร์ | C27: 10000 | D27: 0 | E27: 0 | F27: 0 | G27: 0 | H27: 0
A28: WSWT2025800SM ผลรวม | C28: 636563 | D28: 525000 | E28: 523562 | F28: 545696.14 | G28: 42896.915 | H28: 502799.22 | I28: =H28 -> 502799.22
A29: WSWT2025850 | B29: บจก.ซันฟีด | C29: 262500 | D29: 165375 | E29: 227180 | F29: 175148.88 | G29: 136661.53 | H29: 38487.35 | I29: =H29 -> 38487.35
A30: WSWT2025850 ผลรวม | C30: 262500 | D30: 165375 | E30: 227180 | F30: 175148.88 | G30: 136661.53 | H30: 38487.35 | I30: =H30 -> 38487.35
A31: WSWT2121670SM | B31: บจก.เอพีเอ็ม อะโกร | C31: 3000 | D31: 0 | E31: 0 | F31: 0 | G31: 0 | H31: 0 | P31: 15000 | Q31: =+K31/P31 -> 0
B32: บจก.เอสพีเอ็ม อาหารสัตว์ | C32: 3000 | D32: 0 | E32: 0 | F32: 0 | G32: 0 | H32: 0 | I32: =H32 -> 0
B33: บจก.แอมโก้เวท | C33: 65000 | D33: 31500 | E33: 40000 | F33: 37649.15 | G33: 37649.15 | H33: 0 | I33: =H33 -> 0
B34: คุณนพวินทร์ รัตนเศรษฐ์เมธา | C34: 5000 | D34: 0 | E34: 263 | F34: 0 | G34: 0 | H34: 0 | I34: =H34 -> 0
A35: WSWT2121670SM ผลรวม | C35: 76000 | D35: 31500 | E35: 40263 | F35: 37649.15 | G35: 37649.15 | H35: 0 | I35: =H35 -> 0
A36: WSWT2321750 | B36: บจก.เอสพีเอ็ม อาหารสัตว์ | C36: 9000 | D36: 6300 | E36: 9000 | F36: 6621.78 | G36: 6621.78 | H36: 0 | I36: =H36 -> 0
B37: บจก.แอมโก้เวท | C37: 5000 | D37: 0 | E37: 5000 | F37: 5797.55 | G37: 0 | H37: 5797.55 | I37: =H37 -> 5797.55
A38: WSWT2321750 ผลรวม | C38: 14000 | D38: 6300 | E38: 14000 | F38: 12419.33 | G38: 6621.78 | H38: 5797.55 | I38: =H38 -> 5797.55
A39: WSWT2325650 | B39: พันธุ์ข้าว | C39: 30000 | D39: 31500 | E39: 30000 | F39: 29756.1 | G39: 29756.1 | H39: 0 | I39: =H39 -> 0
A40: WSWT2325650 ผลรวม | C40: 30000 | D40: 31500 | E40: 30000 | F40: 29756.1 | G40: 29756.1 | H40: 0 | I40: =H40 -> 0
A41: WSWT24211125120 | B41: หจก.อนนท์อุตสาหกรรม | C41: 10000 | D41: 0 | E41: 0 | F41: 0 | G41: 0 | H41: 0
A42: WSWT24211125120 ผลรวม | C42: 10000 | D42: 0 | E42: 0 | F42: 0 | G42: 0 | H42: 0 | I42: =H42 -> 0
A43: WSWT262575051 | B43: คุณธนนท์ | C43: 10000 | D43: 0 | E43: 0 | F43: 0 | G43: 0 | H43: 0
A44: WSWT262575051 ผลรวม | C44: 10000 | D44: 0 | E44: 0 | F44: 0 | G44: 0 | H44: 0 | I44: =H44 -> 0
A45: WSWT2625800 | B45: บจก.ที.ซี.ยูเนี่ยน อโกรเทค | C45: 10122 | D45: 0 | E45: 0 | F45: 0 | G45: 0 | H45: 0 | I45: =H45 -> 0
B46: บจก.แลบอินเตอร์ | C46: 10000 | D46: 10500 | E46: 10000 | F46: 11595.1 | G46: 3750 | H46: 7845.1 | J46: 74000
A47: WSWT2625800 ผลรวม | C47: 20122 | D47: 10500 | E47: 10000 | F47: 11595.1 | G47: 3750 | H47: 7845.1 | I47: =H47 -> 7845.1
A48: WSWT2625850SM | B48: บจก.ที.ซี.ยูเนี่ยน อโกรเทค | C48: 40000 | D48: 0 | E48: 21575 | F48: 18649.95 | G48: 18649.95 | H48: 0 | I48: =H48 -> 0
A49: WSWT2625850SM ผลรวม | C49: 40000 | D49: 0 | E49: 21575 | F49: 18649.95 | G49: 18649.95 | H49: 0
A50: WSWT2825850 | B50: บจก.ที.ซี.ยูเนี่ยน อโกรเทค | C50: 5000 | D50: 0 | E50: 5000 | F50: 6775.45 | G50: 6775.45 | H50: 0
B51: บจก.ไทยร่วมใจน้ำมันพืช | C51: 50000 | D51: 52500 | E51: 50000 | F51: 59372.5 | G51: 41284 | H51: 18088.5 | I51: =H51 -> 18088.5 | M51: 102.14
B52: บจก.ไซแอนท์ | C52: 5000 | D52: 0 | E52: 5000 | F52: 5657.85 | G52: 5657.85 | H52: 0 | I52: =H52 -> 0 | M52: 3300
A53: WSWT2825850 ผลรวม | C53: 60000 | D53: 52500 | E53: 60000 | F53: 71805.8 | G53: 53717.3 | H53: 18088.5 | M53: =+M52/M51 -> 32.308596
A54: ผลรวมทั้งหมด | C54: 2341065 | D54: 1827739.2 | E54: 1961593 | F54: 1827156.1 | G54: 485868.27 | H54: 1341287.9 | I54: =H54 -> 1341287.9
I55: =H55 -> 0 | M55: 114.47
I56: =H56-J56 -> -166000 | J56: 166000 | M56: =+M55*32.2 -> 3685.934
M57: =+M56-3300 -> 385.934
I58: =H58 -> 0
I59: =H59 -> 0
I60: =H60 -> 0
I61: =H61 -> 0
I62: =H62 -> 0
I64: =H64 -> 0
I65: =H65 -> 0
I66: =H66 -> 0
I68: =H68 -> 0
I70: =H70 -> 0
I72: =H72 -> 0
I73: =H73 -> 0
I75: =SUM(I5:I74) -> 2900706.6
I79: =I75+I77 -> 2900706.6 | J79: 16 | K79: =+I79*0.9779 -> 2836601
I81: =+I79/J79 -> 181294.17 | K81: =+K79*85 -> 2.4111109e+08
K83: =+K81/1000 -> 241111.09
D119: Cap พิมพ์ | E119: Cap ตัด | F119: Stock 16/7 บ่าย | G119: Cap ทอ | I119: วันทงาน
B120: lส่ง | C120: 1-16/7 | D120: 160000 | E120: 160000 | G120: 120000 | I120: 12
C121: 1975256 | D121: =+D120*I120 -> 1920000 | E121: =+E120*I120 -> 1920000 | F121: 825147 | G121: =+G120*I120 -> 1440000
A122: เบทาโกรส่งแล้ว | B122: 20700 | C122: 424374
A123: เบทาโกรส่งแล้ว | B123: 20800 | C123: 155973
C126: รวมส่ง+ค้างส่ง | D126: ส่วนต่างCapคงเหลือ | E126: ส่วนต่างCapคงเหลือ | F126: คงเหลือ
C127: =+C50+C121 -> 1980256 | D127: =+D121-D50 -> 1920000 | E127: =+E121-E50 -> 1915000 | F127: =+F121-F50 -> 818371.55 | G127: =+G121-G50 -> 1433224.6
B129: 20700VN 20/7 | G129: 350000

Sheet 10(Order)
A2: เลขที่ SO | B2: (หลายรายการ)
A3: วันส่ง | B3: (หลายรายการ)
A4: ชื่อลูกค้า | B4: (ทั้งหมด)
A6: ประเภท | B6: ผลรวม ของ จำนวนส่ง | C6: ผลรวม ของ ค้างพิมพ์ | D6: ผลรวม ของ ค้างตัด | E6: ผลรวม ของ ใช้ | F6: ผลรวม ของ Stock | G6: ผลรวม ของ ค้างทอ
A7: WSWT1625800 | B7: 5000 | C7: 5250 | D7: 5000 | E7: 3702.05 | F7: 3702.05 | G7: 0
A8: WSWT1825800 | B8: 133000 | C8: 115500 | D8: 110000 | E8: 91224.1 | F8: 91224.1 | G8: 0
A9: WSWT1921720 | B9: 240000 | C9: 120750 | D9: 152000 | E9: 126358.65 | F9: 43182.55 | G9: 83176.1
A10: WSWT1925800 | B10: 20000 | C10: 0 | D10: 17369 | E10: 0 | F10: 0 | G10: 0 | K10: =25*32.24 -> 806
A11: WSWT2025800 | B11: 68880 | C11: 15750 | D11: 38440 | E11: 14039.85 | F11: 14039.85 | G11: 0 | L11: =76*2500 -> 190000
A12: WSWT2025800SM | B12: 191563 | C12: 57750 | D12: 78562 | E12: 60727.59 | F12: 42896.915 | G12: 17830.675
A13: WSWT2025850 | B13: 262500 | C13: 165375 | D13: 227180 | E13: 175148.88 | F13: 136661.53 | G13: 38487.35
A14: WSWT2121670SM | B14: 76000 | C14: 31500 | D14: 40263 | E14: 37649.15 | F14: 37649.15 | G14: 0
A15: WSWT2321750 | B15: 14000 | C15: 6300 | D15: 14000 | E15: 12419.33 | F15: 6621.78 | G15: 5797.55
A16: WSWT24211125120 | B16: 10000 | C16: 0 | D16: 0 | E16: 0 | F16: 0 | G16: 0
A17: WSWT262575051 | B17: 10000 | C17: 0 | D17: 0 | E17: 0 | F17: 0 | G17: 0
A18: WSWT2625800 | B18: 20122 | C18: 10500 | D18: 10000 | E18: 11595.1 | F18: 3750 | G18: 7845.1
A19: WSWT2625850SM | B19: 40000 | C19: 0 | D19: 21575 | E19: 18649.95 | F19: 18649.95 | G19: 0
A20: WSWT2825850 | B20: 5000 | C20: 0 | D20: 5000 | E20: 5657.85 | F20: 5657.85 | G20: 0
A21: ผลรวมทั้งหมด | B21: 1096065 | C21: 528675 | D21: 719389 | E21: 557172.5 | F21: 404035.72 | G21: 153136.77
A37: ยอดส่ง 1/1/68 - 17/1/68 | B37: 1287052
A38: Order+ส่ง | B38: =++B22+B37 -> 1287052
A39: ประมาณการ | I39: 0
A41: Order+ส่ง+ประมาณการ | B41: =+B22+B37+B39+B29 -> 1287052 | C41: =+C22+C37+C39+C29 -> 0 | D41: =+D22+D37+D39+D29 -> 0 | E41: =+E22+E37+E39+E29 -> 0 | F41: =+F22+F37+F39+F29 -> 0 | G41: =+G22+G37+G39+G29 -> 0
B43: 3000000 | I43: 9
B45: =+B41-B43 -> -1712948
D46: =+D22/I43 -> 0
C47: =+C41/I43 -> 0 | D47: =+D41/I43 -> 0 | G47: =+G41/I43 -> 0

Sheet 10(Order) แยกลูกค้า
A1: เลขที่ SO | B1: (หลายรายการ)
A2: วันส่ง | B2: (หลายรายการ)
A4: ประเภท | B4: ชื่อลูกค้า | C4: ผลรวม ของ จำนวนส่ง | D4: ผลรวม ของ ค้างพิมพ์ | E4: ผลรวม ของ ค้างตัด | F4: ผลรวม ของ Stock | G4: ผลรวม ของ ค้างทอ | I4: vn
A5: WSWT1825800 | B5: บจก.ฟาร์เธอร์ส วิง ซัพพลาย | C5: 18000 | D5: 0 | E5: 0 | F5: 0 | G5: 0 | H5: =G5 -> 0
B6: หจก.อนนท์อุตสาหกรรม | C6: 105000 | D6: 105000 | E6: 100000 | F6: 82423 | G6: 0 | H6: =G6 -> 0
A7: WSWT1825800 ผลรวม | C7: 123000 | D7: 105000 | E7: 100000 | F7: 82423 | G7: 0 | H7: =G7 -> 0
A8: WSWT1921720 | B8: บจก.เคอรี่ฟลาวมิลล์ | C8: 90000 | D8: 0 | E8: 2000 | F8: 0 | G8: 0
A9: WSWT1921720 ผลรวม | C9: 90000 | D9: 0 | E9: 2000 | F9: 0 | G9: 0 | H9: =G9 -> 0
A10: WSWT1925800 | B10: บจก.เพรซิเดนท์ฟลาวมิลล์ | C10: 20000 | D10: 0 | E10: 17369 | F10: 0 | G10: 0 | H10: =G10 -> 0
A11: WSWT1925800 ผลรวม | C11: 20000 | D11: 0 | E11: 17369 | F11: 0 | G11: 0
A12: WSWT2025800 | B12: บจก.อินเทคค์ โกลบอล | C12: 53880 | D12: 0 | E12: 23440 | F12: 0 | G12: 0 | H12: =G12 -> 0
A13: WSWT2025800 ผลรวม | C13: 53880 | D13: 0 | E13: 23440 | F13: 0 | G13: 0 | H13: =G13 -> 0
A14: WSWT2025800SM | B14: บจก.อินเทคค์ โกลบอล | C14: 983 | D14: 0 | E14: 458 | F14: 0 | G14: 0 | H14: =G14 -> 0
B15: บจก.เอพีเอ็ม อะโกร | C15: 20000 | D15: 12600 | E15: 16000 | F15: 13411.2 | G15: 0
B16: บจก.เอสพีเอ็ม อาหารสัตว์ | C16: 27500 | D16: 9450 | E16: 10022 | F16: 9932.67 | G16: 0 | H16: =G16 -> 0
B17: บจก.วีซีเอฟ | C17: 20000 | D17: 0 | E17: 2689 | F17: 0 | G17: 0
B18: บจก.ซันฟีด | C18: 89000 | D18: 26250 | E18: 30313 | F18: 9620.375 | G18: 17830.675 | H18: =G18 -> 17830.675
B19: คุณฐนวรวรรศณ์ ภัทรนนท์สกุล | C19: 5000 | D19: 0 | E19: 0 | F19: 0 | G19: 0 | H19: =G19 -> 0
B20: บจก.มารีน ลีดเดอร์ | C20: 10000 | D20: 0 | E20: 0 | F20: 0 | G20: 0 | H20: =G20 -> 0
A21: WSWT2025800SM ผลรวม | C21: 172483 | D21: 48300 | E21: 59482 | F21: 32964.245 | G21: 17830.675 | H21: =G21 -> 17830.675
A22: WSWT2025850 | B22: บจก.ซันฟีด | C22: 262500 | D22: 165375 | E22: 227180 | F22: 136661.53 | G22: 38487.35
A23: WSWT2025850 ผลรวม | C23: 262500 | D23: 165375 | E23: 227180 | F23: 136661.53 | G23: 38487.35 | H23: =G23 -> 38487.35
A24: WSWT2121670SM | B24: บจก.แอมโก้เวท | C24: 35000 | D24: 31500 | E24: 35000 | F24: 37649.15 | G24: 0
B25: คุณนพวินทร์ รัตนเศรษฐ์เมธา | C25: 5000 | D25: 0 | E25: 263 | F25: 0 | G25: 0 | H25: =G25 -> 0
A26: WSWT2121670SM ผลรวม | C26: 40000 | D26: 31500 | E26: 35263 | F26: 37649.15 | G26: 0
A27: WSWT2321750 | B27: บจก.แอมโก้เวท | C27: 5000 | D27: 0 | E27: 5000 | F27: 0 | G27: 5797.55 | H27: =G27 -> 5797.55
A28: WSWT2321750 ผลรวม | C28: 5000 | D28: 0 | E28: 5000 | F28: 0 | G28: 5797.55 | H28: =G28 -> 5797.55
A29: WSWT24211125120 | B29: หจก.อนนท์อุตสาหกรรม | C29: 10000 | D29: 0 | E29: 0 | F29: 0 | G29: 0 | H29: =G29 -> 0
A30: WSWT24211125120 ผลรวม | C30: 10000 | D30: 0 | E30: 0 | F30: 0 | G30: 0
A31: WSWT2625800 | B31: บจก.ที.ซี.ยูเนี่ยน อโกรเทค | C31: 10122 | D31: 0 | E31: 0 | F31: 0 | G31: 0 | H31: =G31 -> 0
A32: WSWT2625800 ผลรวม | C32: 10122 | D32: 0 | E32: 0 | F32: 0 | G32: 0 | H32: =G32 -> 0
A33: WSWT2625850SM | B33: บจก.ที.ซี.ยูเนี่ยน อโกรเทค | C33: 40000 | D33: 0 | E33: 21575 | F33: 18649.95 | G33: 0 | H33: =G33 -> 0
A34: WSWT2625850SM ผลรวม | C34: 40000 | D34: 0 | E34: 21575 | F34: 18649.95 | G34: 0 | H34: =G34 -> 0
A35: WSWT2825850 | B35: บจก.ไซแอนท์ | C35: 5000 | D35: 0 | E35: 5000 | F35: 5657.85 | G35: 0 | H35: =G35 -> 0
A36: WSWT2825850 ผลรวม | C36: 5000 | D36: 0 | E36: 5000 | F36: 5657.85 | G36: 0 | H36: =G36 -> 0
A37: ผลรวมทั้งหมด | C37: 831985 | D37: 350175 | E37: 496309 | F37: 314005.72 | G37: 62115.575 | H37: =G37 -> 62115.575
H38: =G38 -> 0
H39: =G39 -> 0
H41: =G41 -> 0
H42: =G42 -> 0
H44: =G44 -> 0
H45: =G45 -> 0
H46: =G46 -> 0
H47: =G47 -> 0
H48: =G48 -> 0
H50: =G50 -> 0
H51: =G51 -> 0
H52: =G52 -> 0
... H68: =G68 -> 0
H70: =SUM(H5:H69) -> 147859.38
D119: Cap พิมพ์ | E119: Cap ตัด | F119: Stock 16/7 บ่าย | G119: Cap ทอ | I119: วันทงาน
B120: lส่ง | C120: 1-16/7 | D120: 160000 | E120: 160000 | G120: 120000 | I120: 12
C121: 1975256 | D121: =+D120*I120 -> 1920000 | E121: =+E120*I120 -> 1920000 | F121: 825147 | G121: =+G120*I120 -> 1440000
A122: เบทาโกรส่งแล้ว | B122: 20700 | C122: 424374
A123: เบทาโกรส่งแล้ว | B123: 20800 | C123: 155973
C126: รวมส่ง+ค้างส่ง | D126: ส่วนต่างCapคงเหลือ | E126: ส่วนต่างCapคงเหลือ | F126: คงเหลือ
C127: =+C50+C121 -> 1975256 | D127: =+D121-D50 -> 1920000 | E127: =+E121-E50 -> 1920000 | F127: =+F121-F50 -> 825147 | G127: =+G121-G50 -> 1440000
B129: 20700VN 20/7 | G129: 350000

Sheet 10(Fc) แยกลูกค้
A1: เลขที่ SO | B1: ประมาณการ
A2: วันส่ง | B2: (หลายรายการ) | D2: 12
A4: ประเภท | B4: ชื่อลูกค้า | C4: ผลรวม ของ จำนวนส่ง | D4: ผลรวม ของ ค้างพิมพ์ | E4: ผลรวม ของ ค้างตัด | F4: ผลรวม ของ ใช้ | G4: ผลรวม ของ Stock | H4: ผลรวม ของ ค้างทอ
A5: WSWT1921720 | B5: บจก.เคอรี่ฟลาวมิลล์ | C5: 225000 | D5: 236250 | E5: 225000 | F5: 210597.75 | G5: 0 | H5: 210597.75
A6: WSWT1921720 ผลรวม | C6: 225000 | D6: 236250 | E6: 225000 | F6: 210597.75 | G6: 0 | H6: 210597.75
A7: WSWT1925800 | B7: บจก.เพรซิเดนท์ฟลาวมิลล์ | C7: 140000 | D7: 144308.85 | E7: 137437 | F7: 120959.68 | G7: 0 | H7: 120959.68
B8: บจก.ไลม์มาสเตอร์ | C8: 20000 | D8: 20755.35 | E8: 19767 | F8: 18501.714 | G8: 2540 | H8: 15961.714
B9: บจก.เอ็กเซลเล้นท์ | C9: 40000 | D9: 42000 | E9: 40000 | F9: 35204.4 | G9: 0 | H9: 35204.4
A10: WSWT1925800 ผลรวม | C10: 200000 | D10: 207064.2 | E10: 197204 | F10: 174665.79 | G10: 2540 | H10: 172125.79
A11: WSWT2025800 | B11: บจก.อินเทคค์ โกลบอล | C11: 290000 | D11: 304500 | E11: 290000 | F11: 303847.5 | G11: 1477 | H11: 302370.5
A12: WSWT2025800 ผลรวม | C12: 290000 | D12: 304500 | E12: 290000 | F12: 303847.5 | G12: 1477 | H12: 302370.5
A13: WSWT2025800SM | B13: บจก.ไทยธรรมดี | C13: 20000 | D13: 21000 | E13: 20000 | F13: 21513.8 | G13: 0 | H13: 21513.8
B14: บจก.อินเทคค์ โกลบอล | C14: 100000 | D14: 105000 | E14: 100000 | F14: 104775 | G14: 0 | H14: 104775
B15: บจก.เอสพีเอ็ม อาหารสัตว์ | C15: 20000 | D15: 21000 | E15: 20000 | F15: 22072.6 | G15: 0 | H15: 22072.6
B16: บจก.ซันฟีด | C16: 305000 | D16: 320250 | E16: 305000 | F16: 336607.15 | G16: 0 | H16: 336607.15
A17: WSWT2025800SM ผลรวม | C17: 445000 | D17: 467250 | E17: 445000 | F17: 484968.55 | G17: 0 | H17: 484968.55
A18: WSWT2325650 | B18: พันธุ์ข้าว | C18: 30000 | D18: 31500 | E18: 30000 | F18: 29756.1 | G18: 29756.1 | H18: 0
A19: WSWT2325650 ผลรวม | C19: 30000 | D19: 31500 | E19: 30000 | F19: 29756.1 | G19: 29756.1 | H19: 0
A20: WSWT2825850 | B20: บจก.ที.ซี.ยูเนี่ยน อโกรเทค | C20: 5000 | D20: 0 | E20: 5000 | F20: 6775.45 | G20: 6775.45 | H20: 0
B21: บจก.ไทยร่วมใจน้ำมันพืช | C21: 50000 | D21: 52500 | E21: 50000 | F21: 59372.5 | G21: 41284 | H21: 18088.5
A22: WSWT2825850 ผลรวม | C22: 55000 | D22: 52500 | E22: 55000 | F22: 66147.95 | G22: 48059.45 | H22: 18088.5
A23: ผลรวมทั้งหมด | C23: 1245000 | D23: 1299064.2 | E23: 1242204 | F23: 1269983.6 | G23: 81832.55 | H23: 1188151.1
I119: วันทงาน
I120: 12
C121: 1975256 | D121: =+D120*I120 -> 0 | E121: =+E120*I120 -> 0 | F121: 825147 | G121: =+G120*I120 -> 0
A122: เบทาโกรส่งแล้ว | B122: 20700 | C122: 424374
A123: เบทาโกรส่งแล้ว | B123: 20800 | C123: 155973
C126: รวมส่ง+ค้างส่ง | D126: ส่วนต่างCapคงเหลือ | E126: ส่วนต่างCapคงเหลือ | F126: คงเหลือ
C127: =+C50+C121 -> 1975256 | D127: =+D121-D50 -> 0 | E127: =+E121-E50 -> 0 | F127: =+F121-F50 -> 825147 | G127: =+G121-G50 -> 0
B129: 20700VN 20/7 | G129: 350000

Sheet ค้างตัด13-10-68
A2: งาน รอตัด หน้างาน | B2: 162217
A3: ผลรวม ของ ค้างตัด | B3: ป้ายชื่อคอลัมน์
A4: ป้ายชื่อแถว | B4: 45944 | C4: 45945 | D4: 45946 | E4: 45947 | F4: 45948 | G4: 45950 | H4: 45951 | I4: 45952 | J4: 45953 | K4: 45954 | L4: 45955 | M4: 45957 | N4: 45958 | O4: 45959 | P4: 45960 | Q4: 45961 | R4: ผลรวมทั้งหมด
A5: 21 | B5: 0 | D5: 0 | I5: 0 | N5: 893 | R5: =SUM(B5:Q5) -> 893
A6: 917 | I6: 2500 | Q6: 2500 | R6: =SUM(B6:Q6) -> 5000
A7: 931 | G7: 5000 | O7: 5000 | R7: =SUM(B7:Q7) -> 10000
A8: 932 | K8: 2500 | N8: 2500 | P8: 5000 | R8: =SUM(B8:Q8) -> 10000
A9: 935 | E9: 5000 | H9: 10000 | K9: 5000 | M9: 5000 | P9: 10000 | R9: =SUM(B9:Q9) -> 35000
A10: 952 | C10: 0 | E10: 2255 | K10: 5000 | Q10: 5000 | R10: =SUM(B10:Q10) -> 12255
A11: 953 | C11: 0 | H11: 175 | R11: =SUM(B11:Q11) -> 175
A12: 956 | H12: 1129 | R12: =SUM(B12:Q12) -> 1129
A13: 959 | K13: 5000 | R13: =SUM(B13:Q13) -> 5000
A14: 997 | K14: 5000 | R14: =SUM(B14:Q14) -> 5000
A15: 007 | E15: 0 | K15: 0 | Q15: 1371 | R15: =SUM(B15:Q15) -> 1371
A16: 915 พี | C16: 0 | E16: 800 | H16: 7500 | K16: 7500 | N16: 5000 | Q16: 7500 | R16: =SUM(B16:Q16) -> 28300
A17: 915 เอ็ม | E17: 0 | G17: 7100 | K17: 5000 | M17: 5000 | O17: 10000 | Q17: 5000 | R17: =SUM(B17:Q17) -> 32100
A18: 935 เอ | E18: 5000 | H18: 10000 | K18: 5000 | M18: 10000 | O18: 10000 | Q18: 5000 | R18: =SUM(B18:Q18) -> 45000
A19: 935 แอล | C19: 0 | H19: 5000 | P19: 5000 | R19: =SUM(B19:Q19) -> 10000
A20: 952 เอส | G20: 2641 | O20: 2500 | R20: =SUM(B20:Q20) -> 5141
A21: 953 เอส | E21: 2500 | Q21: 2500 | R21: =SUM(B21:Q21) -> 5000
A22: APM915 | E22: 3000 | R22: =SUM(B22:Q22) -> 3000
A23: BOBBI Cat รสMellow | D23: 3000 | R23: =SUM(B23:Q23) -> 3000
A24: BOBBI Cat รสSalman | D24: 3000 | R24: =SUM(B24:Q24) -> 3000
A25: BOBBI Dog รส Lamb&Rice | D25: 3000 | R25: =SUM(B25:Q25) -> 3000
A26: FW-Y | I26: 5000 | K26: 5000 | R26: =SUM(B26:Q26) -> 10000
A27: HERO 111 | D27: 3000 | R27: =SUM(B27:Q27) -> 3000
A28: PBKF2-01-03 | N28: 5000 | R28: =SUM(B28:Q28) -> 5000
A29: Soybean Meal | K29: 10000 | R29: =SUM(B29:Q29) -> 10000
A30: SPM 915 | J30: 3000 | R30: =SUM(B30:Q30) -> 3000
A31: SPM914 | J31: 3000 | R31: =SUM(B31:Q31) -> 3000
A32: VC 120 | B32: 2250 | R32: =SUM(B32:Q32) -> 2250
A33: Zhejiang UN | C33: 6575 | R33: =SUM(B33:Q33) -> 6575
A34: กุ้งแดง | C34: 0 | I34: 10000 | R34: =SUM(B34:Q34) -> 10000
A35: ไก่ไข่ | O35: 5000 | R35: =SUM(B35:Q35) -> 5000
A36: ไก่เนื้อ สระบุรี1 | K36: 2500 | O36: 2500 | R36: =SUM(B36:Q36) -> 5000
A37: ไก่เนื้อ สระบุรี2 | H37: 2500 | O37: 2500 | R37: =SUM(B37:Q37) -> 5000
A38: ขุนศึกเบอร์ 1 | C38: 0 | K38: 0 | P38: 10000 | R38: =SUM(B38:Q38) -> 10000
A39: ขุนศึกเบอร์ 2 | C39: 0 | H39: 383 | N39: 0 | P39: 0 | R39: =SUM(B39:Q39) -> 383
A40: ชามแดง 25กก | K40: 5000 | R40: =SUM(B40:Q40) -> 5000
A41: ดอกไม้เขียว | H41: 10000 | R41: =SUM(B41:Q41) -> 10000
A42: ดาว 20 กก. | G42: 25000 | L42: 25000 | N42: 25000 | Q42: 25000 | R42: =SUM(B42:Q42) -> 100000
A43: แดนโกรว เจลาโต้ | G43: 10000 | R43: =SUM(B43:Q43) -> 10000
A44: แดนโกรว50(เหลือง) | B44: 5000 | R44: =SUM(B44:Q44) -> 5000
A45: แต้มฟ้า | K45: 5000 | R45: =SUM(B45:Q45) -> 5000
A46: ถุงเขียว | C46: 0 | H46: 10000 | K46: 10000 | N46: 10000 | R46: =SUM(B46:Q46) -> 30000
A47: ถุงทองแซนวิช | B47: 0 | K47: 5000 | R47: =SUM(B47:Q47) -> 5000
A48: แถบเขียว | E48: 5000 | Q48: 5000 | R48: =SUM(B48:Q48) -> 10000
A49: แถบส้ม | K49: 5000 | R49: =SUM(B49:Q49) -> 5000
A50: นาโน 03 | H50: 553 | R50: =SUM(B50:Q50) -> 553
A51: นาโน 04 | H51: 3000 | R51: =SUM(B51:Q51) -> 3000
A52: นีโอ 05 | H52: 6000 | R52: =SUM(B52:Q52) -> 6000
A53: บลูทีมเหลือง | I53: 5000 | R53: =SUM(B53:Q53) -> 5000
A54: บะหมี่เตี๊ยว | C54: 0 | I54: 10000 | N54: 5000 | R54: =SUM(B54:Q54) -> 15000
A55: โบว์แดง | I55: 5000 | R55: =SUM(B55:Q55) -> 5000
A56: โบว์แดง 10กก | I56: 5000 | R56: =SUM(B56:Q56) -> 5000
A57: ปลาโลมาแดง | B57: 2000 | I57: 10000 | K57: 5000 | R57: =SUM(B57:Q57) -> 17000
A58: ปลาโลมาเทา | H58: 5000 | R58: =SUM(B58:Q58) -> 5000
A59: แปดแต้มแดง | N59: 5000 | R59: =SUM(B59:Q59) -> 5000
A60: แปดแต้มแดง 25กก | K60: 10000 | R60: =SUM(B60:Q60) -> 10000
A61: ผึ้งชมพู | I61: 17369 | R61: =SUM(B61:Q61) -> 17369
A62: เพอเฟคค์ 664 | C62: 0 | I62: 22066 | R62: =SUM(B62:Q62) -> 22066
A63: เพอเฟคค์ 664HP | K63: 1374 | R63: =SUM(B63:Q63) -> 1374
A64: ฟีล กู๊ด พี7 | M64: 3000 | R64: =SUM(B64:Q64) -> 3000
A65: ฟีล-กู๊ด พี6 | E65: 4000 | R65: =SUM(B65:Q65) -> 4000
A66: มังกรแดง STCB | D66: 10000 | R66: =SUM(B66:Q66) -> 10000
A67: ไม่พิมพ์ | B67: 0 | C67: 0 | E67: 5000 | F67: 0 | G67: 10000 | H67: 0 | O67: 20000 | P67: 15000 | R67: =SUM(B67:Q67) -> 50000
A68: ยู-ฟีด บี1 | Q68: 3000 | R68: =SUM(B68:Q68) -> 3000
A69: วี-ฟีด วี 06 | Q69: 3000 | R69: =SUM(B69:Q69) -> 3000
A70: วีโว่ 100 | G70: 10000 | R70: =SUM(B70:Q70) -> 10000
A71: วีโว่ 200 | G71: 5000 | R71: =SUM(B71:Q71) -> 5000
A72: วีโว่ 300 | G72: 5000 | R72: =SUM(B72:Q72) -> 5000
A73: สุบรรณ 111 | C73: 5409 | R73: =SUM(B73:Q73) -> 5409
A74: สุบรรณ 666 | C74: 5129 | R74: =SUM(B74:Q74) -> 5129
A75: ไอฟีดไก่ไข่เบอร์ 5 เอ็ม | D75: 5000 | I75: 2500 | O75: 2500 | R75: =SUM(B75:Q75) -> 10000
A76: ผลรวมทั้งหมด | B76: =SUM(B5:B75) -> 9250 | C76: =SUM(C5:C75) -> 17113 | D76: =SUM(D5:D75) -> 27000 | E76: =SUM(E5:E75) -> 32555 | F76: =SUM(F5:F75) -> 0 | G76: =SUM(G5:G75) -> 79741 | H76: =SUM(H5:H75) -> 71240 | I76: =SUM(I5:I75) -> 94435 | ... R76: =SUM(R5:R75) -> 717472

Sheet 13-10-68
B2: เรียงกำหนดส่ง | D2: ลบ 0 | T2: เรียง 1
B3: ข้อมูลUpdate ณ. วันที่ | D3: 45943 | E3: เวลา | G3: 9.44
A4: วันรับออร์เดอร์/แบบ | B4: เลขที่ SO | C4: ชื่อลูกค้า | E4: 10.3 | I4: น้ำหนัก | L4: บิด/จับจีบ | M4: ถุงใน | Q4: 44873 | S4: วิธีบรรจุ | T4: วันส่ง | U4: จำนวนส่ง | V4: ตัดเย็บ (ใบ) | W4: 44873 | X4: พิมพ์ (ใบ) | Y4: 44876 | Z4: ผ้าทอ (เมตร) Updateณ | AB4: 44876 | AD4: ผ้าเคลือบ(เมตร) | AF4: หมายเหตุ | AG4: เครื่อง
A5: วันรับออร์เดอร์/แบบ | B5: เลขที่ SO | C5: ชื่อลูกค้า | D5: ตรา | E5: กว้าง | F5: ยาว | G5: สี | H5: เคลือบ | I5: กรัม/ใบ | J5: * | K5: aw | L5: บิด/จับจีบ | M5: กว้าง | N5: ยาว | O5: หนา | P5: ใช้(กก.) | Q5: Stock(กก.) | R5: ผลิต(กก.) | S5: วิธีบรรจุ | T5: วันส่ง | U5: จำนวนส่ง | V5: StockFG | W5: ค้างตัด | X5: พิมพ์แล้ว | Y5: ค้างพิมพ์ | Z5: ประเภท | AA5: ใช้ | AB5: Stock | AC5: ค้างทอ | AD5: Stock | AE5: ค้างเคลือบ | AF5: หมายเหตุ | AG5: ที่พิมพ์ได้ | AH5: process | AI5: Lead time | AJ5: วันที่ส่งPL | AK5: เคลือบ | AL5: ได้ ART | AM5: พิมพ์ | AN5: จีบ-บิด | AO5: ตัด-เย็บ | AP5: ทอ | AQ5: สวมถุง | AR5: เย็บปาก | AS5: PT | AT5: ม้วน | AU5: ตัด | AV5: ตอกตาไก่ | AW5: GROUP | AX5: ART | AY5: หมายเหตุปัญหา | AZ5: ราคา/ใบ | BA5: ราคารวม | BB5: workweek | BC5: เส้นเทป | BD5: จำนวน
A6: 45941 | B6: MK68-001228 | C6: บจก.เคอรี่ฟลาวมิลล์ | D6: โบว์แดง 10กก | E6: 16 | F6: 25 | G6: ขาว | H6: 0 | I6: 45 | J6: ± | K6: 5 | L6: ไม่ | M6: ไม่สวมถุงใน | N6: 0 | O6: 0 | P6: 0 | Q6: 0 | R6: 0 | S6: ห่ออัดเบลแบน500 | T6: 45952 | U6: 5000 | V6: 0 | W6: 5000 | X6: 0 | Y6: 5250 | Z6: WSWT1625800 | AA6: 3702.05 | AB6: 3702.05 | AC6: 0 | AD6: 0 | AE6: 0 | AF6: 0 | AG6: พร้อมส่ง | AH6: P7 | AI6: 2 | AJ6: 45952 | AK6: 0 | AL6: 45943 | AM6: 45950 | AN6: 45951 | AO6: 45951 | AP6: 45947 | AQ6: 0 | AR6: 0 | AS6: 0 | AT6: 0 | AU6: 0 | AV6: 0 | AW6: งานพิมพ์ | AX6: รอART | AY6: 0 | AZ6: 0 | BA6: 0 | BB6: 0 | BC6: WRWT25800/WRWT25800 | BD6: 0
A7: 0 | B7: 0 | C7: 0 | D7: 0 | E7: 16 | F7: 25 | G7: ขาว | H7: 0 | I7: 45 | J7: ± | K7: 5 | L7: 0 | M7: 0 | N7: 0 | O7: 0 | P7: 0 | Q7: 0 | R7: 0 | S7: 0 | U7: 0 | V7: 0 | W7: 0 | X7: 0 | Y7: 0 | Z7: WSWT1625800 | AA7: 3702.05 | AB7: 3702.05 | AC7: 0 | AD7: 0 | AE7: 0 | AF7: ระบุในSD | AG7: พร้อมส่ง | AH7: 0 | AI7: Lead time | AJ7: 0 | AK7: 0 | AL7: 0 | AM7: 0 | AN7: 0 | AO7: 0 | AP7: 0 | AQ7: 0 | AR7: 0 | AS7: 0 | AT7: 0 | AU7: 0 | AV7: 0 | AW7: 0 | AX7: 0 | AY7: 0 | AZ7: 0 | BA7: 0 | BB7: 0 | BC7: WRWT160800/WRWT25800 | BD7: 0
A8: 45933 | B8: MK68-001198 | C8: บจก.ฟาร์เธอร์ส วิง ซัพพลาย | D8: รถไฟฟ้าปูนขาวเย็น | E8: 18 | F8: 30 | G8: ขาว | H8: 0 | I8: 54 | J8: ± | K8: 5 | L8: บิด | M8: 19 | N8: 33 | O8: 40 | P8: 0 | Q8: 0 | R8: 0 | S8: 500กระสอบ | T8: 45944 | U8: 15000 | V8: 15000 | W8: 0 | X8: 15835 | Y8: 0 | Z8: WSWT1825800 | AA8: 0 | AB8: 0 | AC8: 0 | AD8: 0 | AE8: 0 | AF8: 0 | AG8: พร้อมส่ง | AH8: P9 | AI8: 3 | AJ8: 45944 | AK8: 0 | AL8: 45934 | AM8: 45941 | AN8: 45942 | AO8: 45942 | AP8: 45939 | AQ8: 45943 | AR8: 0 | AS8: 0 | AT8: 0 | AU8: 0 | AV8: 0 | AW8: งานพิมพ์ | AX8: / | AY8: 0 | AZ8: 0 | BA8: 0 | BB8: 0 | BC8: WRWT25800/WRWT25800 | BD8: 0
A9: 45933 | B9: MK68-001198 | C9: บจก.ฟาร์เธอร์ส วิง ซัพพลาย | D9: ไม่พิมพ์ | E9: 18 | F9: 30 | G9: ขาว | H9: 0 | I9: 54 | J9: ± | K9: 5 | L9: บิด | M9: 19 | N9: 33 | O9: 40 | P9: 0 | Q9: 0 | R9: 0 | S9: 500กระสอบ | T9: 45944 | U9: 3000 | V9: 3000 | W9: 0 | X9: 0 | Y9: 0 | Z9: WSWT1825800 | AA9: 0 | AB9: 0 | AC9: 0 | AD9: 0 | AE9: 0 | AF9: 0 | AG9: ยังไม่ได้พิมพ์ | AH9: P9 | AI9: 3 | AJ9: 45944 | AK9: 0 | AL9: 45934 | AM9: 45941 | AN9: 45942 | AO9: 45942 | AP9: 45939 | AQ9: 45943 | AR9: 0 | AS9: 0 | AT9: 0 | AU9: 0 | AV9: 0 | AW9: งานพิมพ์ | AX9: / | AY9: 0 | AZ9: 0 | BA9: 0 | BB9: 0 | BC9: WRWT25800/WRWT25800 | BD9: 0
A10: 45938 | B10: MK68-001221 | C10: บจก.เอสทีเคมีธุรกืจ | D10: มังกรแดง STCB | E10: 18 | F10: 30 | G10: ขาว | H10: 0 | I10: 54 | J10: ± | K10: 5 | L10: ไม่ | M10: 19 | N10: 31 | O10: 40 | P10: 145.31171 | Q10: 0 | R10: 145.31171 | S10: 500กระสอบ | T10: 45946 | U10: 10000 | V10: 0 | W10: 10000 | X10: 0 | Y10: 10500 | Z10: WSWT1825800 | AA10: 8801.1 | AB10: 8801.1 | AC10: 0 | AD10: 0 | AE10: 0 | AF10: ห้ามเกิน | AG10: ยังไม่ได้พิมพ์ | AH10: P9 | AI10: 3 | AJ10: 45946 | AK10: 0 | AL10: 45936 | AM10: 45943 | AN10: 45944 | AO10: 45944 | AP10: 45941 | AQ10: 45945 | AR10: 0 | AS10: 0 | AT10: 0 | AU10: 0 | AV10: 0 | AW10: งานพิมพ์ | AX10: รอART | AY10: 0 | AZ10: 0 | BA10: 0 | BB10: 0 | BC10: WRWT25800/WRWT25800 | BD10: 0
A11: 45923 | B11: MK68-001161 | C11: หจก.อนนท์อุตสาหกรรม | D11: อนนท์ 20 กก. | E11: 18 | F11: 28 | G11: ขาว | H11: 0 | I11: 50 | J11: ± | K11: 5 | L11: ไม่ | M11: 19 | N11: 31 | O11: 40 | P11: 0 | Q11: 0 | R11: 0 | S11: 500กระสอบแบน | T11: 45950 | U11: 5000 | V11: 5000 | W11: 0 | X11: 5400 | Y11: 0 | Z11: WSWT1825800 | AA11: 0 | AB11: 0 | AC11: 0 | AD11: 0 | AE11: 0 | AF11: 0 | AG11: ยังไม่ได้พิมพ์ | AH11: P9 | AI11: 3 | AJ11: 45950 | AK11: 0 | AL11: 45940 | AM11: 45947 | AN11: 45948 | AO11: 45948 | AP11: 45945 | AQ11: 45949 | AR11: 0 | AS11: 0 | AT11: 0 | AU11: 0 | AV11: 0 | AW11: งานพิมพ์ | AX11: / | AY11: 0 | AZ11: 0 | BA11: 0 | BB11: 0 | BC11: WRWT25800/WRWT25800 | BD11: 0
A12: 45923 | B12: MK68-001162 | C12: หจก.อนนท์อุตสาหกรรม | D12: ดาว 20 กก. | E12: 18 | F12: 28 | G12: ขาว | H12: 0 | I12: 50 | J12: ± | K12: 5 | L12: ไม่ | M12: 19 | N12: 31 | O12: 40 | P12: 363.27927 | Q12: 0 | R12: 363.27927 | S12: 500กระสอบแบน | T12: 45950 | U12: 25000 | V12: 0 | W12: 25000 | X12: 0 | Y12: 26250 | Z12: WSWT1825800 | AA12: 20605.75 | AB12: 20605.75 | AC12: 0 | AD12: 0 | AE12: 0 | AF12: 0 | AG12: ยังไม่ได้พิมพ์ | AH12: P9 | AI12: 3 | AJ12: 45950 | AK12: 0 | AL12: 45940 | AM12: 45947 | AN12: 45948 | AO12: 45948 | AP12: 45945 | AQ12: 45949 | AR12: 0 | AS12: 0 | AT12: 0 | AU12: 0 | AV12: 0 | AW12: งานพิมพ์ | AX12: / | AY12: 0 | AZ12: 0 | BA12: 0 | BB12: 0 | BC12: WRWT25800/WRWT25800 | BD12: 0
A13: 45923 | B13: MK68-001162 | C13: หจก.อนนท์อุตสาหกรรม | D13: ดาว 20 กก. | E13: 18 | F13: 28 | G13: ขาว | H13: 0 | I13: 50 | J13: ± | K13: 5 | L13: ไม่ | M13: 19 | N13: 31 | O13: 40 | P13: 363.27927 | Q13: 0 | R13: 363.27927 | S13: 500กระสอบแบน | T13: 45955 | U13: 25000 | V13: 0 | W13: 25000 | X13: 0 | Y13: 26250 | Z13: WSWT1825800 | AA13: 20605.75 | AB13: 20605.75 | AC13: 0 | AD13: 0 | AE13: 0 | AF13: 0 | AG13: พร้อมส่ง | AH13: P9 | AI13: 3 | AJ13: 45955 | AK13: 0 | AL13: 45945 | AM13: 45952 | AN13: 45953 | AO13: 45953 | AP13: 45950 | AQ13: 45954 | AR13: 0 | AS13: 0 | AT13: 0 | AU13: 0 | AV13: 0 | AW13: งานพิมพ์ | AX13: / | AY13: 0 | AZ13: 0 | BA13: 0 | BB13: 0 | BC13: WRWT25800/WRWT25800 | BD13: 0
A14: 45923 | B14: MK68-001162 | C14: หจก.อนนท์อุตสาหกรรม | D14: ดาว 20 กก. | E14: 18 | F14: 28 | G14: ขาว | H14: 0 | I14: 50 | J14: ± | K14: 5 | L14: ไม่ | M14: 19 | N14: 31 | O14: 40 | P14: 363.27927 | Q14: 0 | R14: 363.27927 | S14: 500กระสอบแบน | T14: 45958 | U14: 25000 | V14: 0 | W14: 25000 | X14: 0 | Y14: 26250 | Z14: WSWT1825800 | AA14: 20605.75 | AB14: 20605.75 | AC14: 0 | AD14: 0 | AE14: 0 | AF14: 0 | AG14: พร้อมส่ง | AH14: P9 | AI14: 3 | AJ14: 45958 | AK14: 0 | AL14: 45948 | AM14: 45955 | AN14: 45956 | AO14: 45956 | AP14: 45953 | AQ14: 45957 | AR14: 0 | AS14: 0 | AT14: 0 | AU14: 0 | AV14: 0 | AW14: งานพิมพ์ | AX14: / | AY14: 0 | AZ14: 0 | BA14: 0 | BB14: 0 | BC14: WRWT25800/WRWT25800 | BD14: 0
A15: 45923 | B15: MK68-001162 | C15: หจก.อนนท์อุตสาหกรรม | D15: ดาว 20 กก. | E15: 18 | F15: 28 | G15: ขาว | H15: 0 | I15: 50 | J15: ± | K15: 5 | L15: ไม่ | M15: 19 | N15: 31 | O15: 40 | P15: 363.27927 | Q15: 0 | R15: 363.27927 | S15: 500กระสอบแบน | T15: 45961 | U15: 25000 | V15: 0 | W15: 25000 | X15: 0 | Y15: 26250 | Z15: WSWT1825800 | AA15: 20605.75 | AB15: 20605.75 | AC15: 0 | AD15: 0 | AE15: 0 | AF15: 0 | AG15: รอตัด | AH15: P9 | AI15: 3 | AJ15: 45961 | AK15: 0 | AL15: 45951 | AM15: 45958 | AN15: 45959 | AO15: 45959 | AP15: 45956 | AQ15: 45960 | AR15: 0 | AS15: 0 | AT15: 0 | AU15: 0 | AV15: 0 | AW15: งานพิมพ์ | AX15: / | AY15: 0 | AZ15: 0 | BA15: 0 | BB15: 0 | BC15: WRWT25800/WRWT25800 | BD15: 0
A16: 0 | B16: 0 | E16: 18 | F16: 30 | G16: ขาว | H16: 0 | I16: 54 | J16: ± | K16: 5 | L16: 0 | M16: 0 | N16: 0 | O16: 0 | P16: 0 | Q16: 0 | R16: 0 | S16: 0 | U16: 0 | V16: 0 | W16: 0 | X16: 0 | Y16: 0 | Z16: WSWT1825800 | AA16: 91224.1 | AB16: 91224.1 | AC16: 0 | AD16: 0 | AE16: 0 | AF16: ระบุในSD | AG16: ยังไม่ได้พิมพ์ | AH16: 0 | AI16: Lead time | AJ16: 0 | AK16: 0 | AL16: 0 | AM16: 0 | AN16: 0 | AO16: 0 | AP16: 0 | AQ16: 0 | AR16: 0 | AS16: 0 | AT16: 0 | AU16: 0 | AV16: 0 | AW16: 0 | AX16: 0 | AY16: 0 | AZ16: 0 | BA16: 0 | BB16: 0 | BC16: WRWT25800/WRWT25800 | BD16: 0
A17: 45920 | B17: MK68-001140 | C17: บจก.เพรซิเดนท์ฟลาวมิลล์ | D17: ผึ้งชมพู | E17: 19 | F17: 30 | G17: ขาว | H17: 0 | I17: 60 | J17: ± | K17: 5 | L17: บิด | M17: ไม่สวมถุงใน | N17: 0 | O17: 0 | P17: 0 | Q17: 0 | R17: 0 | S17: 500กระสอบแบน | T17: 45952 | U17: 20000 | V17: 2631 | W17: 17369 | X17: 21131 | Y17: 0 | Z17: WSWT1925800 | AA17: 0 | AB17: 0 | AC17: 0 | AD17: 0 | AE17: 0 | AF17: 0 | AG17: ยังไม่ได้พิมพ์ | AH17: P7 | AI17: 2 | AJ17: 45952 | AK17: 0 | AL17: 45943 | AM17: 45950 | AN17: 45951 | AO17: 45951 | AP17: 45947 | AQ17: 0 | AR17: 0 | AS17: 0 | AT17: 0 | AU17: 0 | AV17: 0 | AW17: งานพิมพ์ | AX17: / | AY17: 0 | AZ17: 0 | BA17: 0 | BB17: 0 | BC17: WRWT25800/WRWT25800 | BD17: 0
A18: ประมาณการ | B18: ประมาณการ | C18: บจก.ไลม์มาสเตอร์ | D18: LMC 25 kg | E18: 19 | F18: 32 | G18: ขาว | H18: 0 | I18: 64 | J18: ± | K18: 5 | L18: ไม่ | M18: 20 | N18: 35 | O18: 40 | P18: 341.36903 | Q18: 0 | R18: 341.36903 | S18: 500กระสอบแบน | T18: 45961 | U18: 20000 | V18: 233 | W18: 19767 | X18: 0 | Y18: 20755.35 | Z18: WSWT1925800 | AA18: 18501.714 | AB18: 2540 | AC18: 15961.714 | AD18: 0 | AE18: 0 | AF18: 0 | AG18: พร้อมส่ง | AH18: P9 | AI18: 3 | AJ18: 45961 | AK18: 0 | AL18: 45951 | AM18: 45958 | AN18: 45959 | AO18: 45959 | AP18: 45956 | AQ18: 45960 | AR18: 0 | AS18: 0 | AT18: 0 | AU18: 0 | AV18: 0 | AW18: งานพิมพ์ | AX18: รอART | AY18: 0 | AZ18: 0 | BA18: 0 | BB18: 0 | BC18: WRWT25800/WRWT25800 | BD18: 1159.1752
A19: ประมาณการ | B19: ประมาณการ | C19: บจก.เอ็กเซลเล้นท์ | D19: รอแบบ | E19: 19 | F19: 30 | G19: ขาว | H19: 0 | I19: 60 | J19: ± | K19: 5 | L19: บิด | M19: ไม่สวมถุงใน | N19: 0 | O19: 0 | P19: 0 | Q19: 0 | R19: 0 | S19: 500กระสอบ | T19: 45961 | U19: 40000 | V19: 0 | W19: 40000 | X19: 0 | Y19: 42000 | Z19: WSWT1925800 | AA19: 35204.4 | AB19: 0 | AC19: 35204.4 | AD19: 0 | AE19: 0 | AF19: 0 | AG19: พร้อมส่ง | AH19: P7 | AI19: 2 | AJ19: 45961 | AK19: 0 | AL19: 45952 | AM19: 45959 | AN19: 45960 | AO19: 45960 | AP19: 45956 | AQ19: 0 | AR19: 0 | AS19: 0 | AT19: 0 | AU19: 0 | AV19: 0 | AW19: งานพิมพ์ | AX19: รอART | AY19: 0 | AZ19: 0 | BA19: 0 | BB19: 0 | BC19: WRWT25800/WRWT25800 | BD19: 2556.6218
A20: ประมาณการ | B20: ประมาณการ | C20: บจก.เพรซิเดนท์ฟลาวมิลล์ | D20: ผึ้งเหลือง | E20: 19 | F20: 30 | G20: ขาว | H20: 0 | I20: 60 | J20: ± | K20: 5 | L20: บิด | M20: ไม่สวมถุงใน | N20: 0 | O20: 0 | P20: 0 | Q20: 0 | R20: 0 | S20: 500กระสอบ | T20: 45961 | U20: 140000 | V20: 2563 | W20: 137437 | X20: 0 | Y20: 144308.85 | Z20: WSWT1925800 | AA20: 120959.68 | AB20: 0 | AC20: 120959.68 | AD20: 0 | AE20: 0 | AF20: 0 | AG20: รอตัด | AH20: P7 | AI20: 2 | AJ20: 45961 | AK20: 0 | AL20: 45952 | AM20: 45959 | AN20: 45960 | AO20: 45960 | AP20: 45956 | AQ20: 0 | AR20: 0 | AS20: 0 | AT20: 0 | AU20: 0 | AV20: 0 | AW20: งานพิมพ์ | AX20: รอART | AY20: 0 | AZ20: 0 | BA20: 0 | BB20: 0 | BC20: WRWT25800/WRWT25800 | BD20: 8784.3606
A21: 0 | B21: 0 | C21: 0 | D21: 0 | E21: 19 | F21: 30 | G21: ขาว | H21: 0 | I21: 60 | J21: ± | K21: 5 | L21: 0 | M21: 0 | N21: 0 | O21: 0 | P21: 0 | Q21: 0 | R21: 0 | S21: 0 | U21: 0 | V21: 0 | W21: 0 | X21: 0 | Y21: 0 | Z21: WSWT1925800 | AA21: 174665.79 | AB21: 2540 | AC21: 172125.79 | AD21: 0 | AE21: 0 | AF21: ระบุในSD | AG21: พร้อมส่ง | AH21: 0 | AI21: Lead time | AJ21: 0 | AK21: 0 | AL21: 0 | AM21: 0 | AN21: 0 | AO21: 0 | AP21: 0 | AQ21: 0 | AR21: 0 | AS21: 0 | AT21: 0 | AU21: 0 | AV21: 0 | AW21: 0 | AX21: 0 | AY21: 0 | AZ21: 0 | BA21: 0 | BB21: 0 | BC21: WRWT25800/WRWT25800 | BD21: 0
A22: 45933 | B22: MK68-001180 | C22: บจก.เคอรี่ฟลาวมิลล์ | D22: ถุงทองแซนวิช | E22: 19 | F22: 32 | G22: ขาว | H22: 0 | I22: 67 | J22: + | K22: 5 | L22: บิด | M22: ไม่สวมถุงใน | N22: 0 | O22: 0 | P22: 0 | Q22: 0 | R22: 0 | S22: ห่ออัดเบลแบน500 | T22: 45944 | U22: 10000 | V22: 10000 | W22: 0 | X22: 10500 | Y22: 0 | Z22: WSWT1921720 | AA22: 0 | AB22: 0 | AC22: 0 | AD22: 0 | AE22: 0 | AF22: PDR250332 | AG22: ผ้าขาว | AH22: P7 | AI22: 2 | AJ22: 45944 | AK22: 0 | AL22: 45935 | AM22: 45942 | AN22: 45943 | AO22: 45943 | AP22: 45939 | AQ22: 0 | AR22: 0 | AS22: 0 | AT22: 0 | AU22: 0 | AV22: 0 | AW22: งานพิมพ์ | AX22: / | AY22: 0 | AZ22: 0 | BA22: 0 | BB22: 0 | BC22: WRWT21720/WRWT25800 | BD22: 0
A23: 45933 | B23: MK68-001180 | C23: บจก.เคอรี่ฟลาวมิลล์ | D23: ปลาโลมาแดง | E23: 19 | F23: 32 | G23: ขาว | H23: 0 | I23: 67 | J23: + | K23: 5 | L23: บิด | M23: ไม่สวมถุงใน | N23: 0 | O23: 0 | P23: 0 | Q23: 0 | R23: 0 | S23: ห่ออัดเบลแบน500 | T23: 45944 | U23: 5000 | V23: 3000 | W23: 2000 | X23: 5400 | Y23: 0 | Z23: WSWT1921720 | AA23: 0 | AB23: 0 | AC23: 0 | AD23: 0 | AE23: 0 | AF23: PDR250332 | AG23: พร้อมส่ง | AH23: P7 | AI23: 2 | AJ23: 45944 | AK23: 0 | AL23: 45935 | AM23: 45942 | AN23: 45943 | AO23: 45943 | AP23: 45939 | AQ23: 0 | AR23: 0 | AS23: 0 | AT23: 0 | AU23: 0 | AV23: 0 | AW23: งานพิมพ์ | AX23: / | AY23: 0 | AZ23: 0 | BA23: 0 | BB23: 0 | BC23: WRWT21720/WRWT25800 | BD23: 0
A24: 45933 | B24: MK68-001180 | C24: บจก.เคอรี่ฟลาวมิลล์ | D24: BS | E24: 19 | F24: 32 | G24: ขาว | H24: 0 | I24: 67 | J24: + | K24: 5 | L24: บิด | M24: ไม่สวมถุงใน | N24: 0 | O24: 0 | P24: 0 | Q24: 0 | R24: 0 | S24: ห่ออัดเบลแบน500 | T24: 45944 | U24: 5000 | V24: 5000 | W24: 0 | X24: 5500 | Y24: 0 | Z24: WSWT1921720 | AA24: 0 | AB24: 0 | AC24: 0 | AD24: 0 | AE24: 0 | AF24: PDR250332 | AG24: พร้อมส่ง | AH24: P7 | AI24: 2 | AJ24: 45944 | AK24: 0 | AL24: 45935 | AM24: 45942 | AN24: 45943 | AO24: 45943 | AP24: 45939 | AQ24: 0 | AR24: 0 | AS24: 0 | AT24: 0 | AU24: 0 | AV24: 0 | AW24: งานพิมพ์ | AX24: / | AY24: 0 | AZ24: 0 | BA24: 0 | BB24: 0 | BC24: WRWT21720/WRWT25800 | BD24: 0
A25: 45930 | B25: MK68-001181 | C25: บจก.เคอรี่ฟลาวมิลล์ | D25: ไม่พิมพ์ | E25: 19 | F25: 36 | G25: ขาว | H25: 0 | I25: 75 | J25: + | K25: 5 | L25: ไม่ | M25: ไม่สวมถุงใน | N25: 0 | O25: 0 | P25: 0 | Q25: 0 | R25: 0 | S25: ห่ออัดเบลแบน500 | T25: 45944 | U25: 5000 | V25: 5250 | W25: 0 | X25: 0 | Y25: 0 | Z25: WSWT1921720 | AA25: 0 | AB25: 0 | AC25: 0 | AD25: 0 | AE25: 0 | AF25: 0 | AG25: พร้อมส่ง | AH25: P3 | AI25: 1 | AJ25: 45947 | AK25: 0 | AL25: 0 | AM25: 0 | AN25: 0 | AO25: 45946 | AP25: 45942 | AQ25: 0 | AR25: 0 | AS25: 0 | AT25: 0 | AU25: 0 | AV25: 0 | AW25: ตัด | AX25: 0 | AY25: 0 | AZ25: 0 | BA25: 0 | BB25: 0 | BC25: WRWT21720/WRWT25800 | BD25: 0
A26: 45933 | B26: MK68-001180 | C26: บจก.เคอรี่ฟลาวมิลล์ | D26: ถุงเขียว | E26: 19 | F26: 32 | G26: ขาว | H26: 0 | I26: 67 | J26: + | K26: 5 | L26: บิด | M26: ไม่สวมถุงใน | N26: 0 | O26: 0 | P26: 0 | Q26: 0 | R26: 0 | S26: ห่ออัดเบลแบน500 | T26: 45945 | U26: 10000 | V26: 10000 | W26: 0 | X26: 10350 | Y26: 0 | Z26: WSWT1921720 | AA26: 0 | AB26: 0 | AC26: 0 | AD26: 0 | AE26: 0 | AF26: PDR250332 | AG26: ผ้าขาว | AH26: P7 | AI26: 2 | AJ26: 45945 | AK26: 0 | AL26: 45936 | AM26: 45943 | AN26: 45944 | AO26: 45944 | AP26: 45940 | AQ26: 0 | AR26: 0 | AS26: 0 | AT26: 0 | AU26: 0 | AV26: 0 | AW26: งานพิมพ์ | AX26: / | AY26: 0 | AZ26: 0 | BA26: 0 | BB26: 0 | BC26: WRWT21720/WRWT25800 | BD26: 0
A27: 45933 | B27: MK68-001180 | C27: บจก.เคอรี่ฟลาวมิลล์ | D27: กุ้งแดง | E27: 19 | F27: 32 | G27: ขาว | H27: 0 | I27: 67 | J27: + | K27: 5 | L27: บิด | M27: ไม่สวมถุงใน | N27: 0 | O27: 0 | P27: 0 | Q27: 0 | R27: 0 | S27: ห่ออัดเบลแบน500 | T27: 45945 | U27: 10000 | V27: 10000 | W27: 0 | X27: 10500 | Y27: 0 | Z27: WSWT1921720 | AA27: 0 | AB27: 0 | AC27: 0 | AD27: 0 | AE27: 0 | AF27: PDR250332 | AG27: ผ้าขาว | AH27: P7 | AI27: 2 | AJ27: 45945 | AK27: 0 | AL27: 45936 | AM27: 45943 | AN27: 45944 | AO27: 45944 | AP27: 45940 | AQ27: 0 | AR27: 0 | AS27: 0 | AT27: 0 | AU27: 0 | AV27: 0 | AW27: งานพิมพ์ | AX27: / | AY27: 0 | AZ27: 0 | BA27: 0 | BB27: 0 | BC27: WRWT21720/WRWT25800 | BD27: 0
A28: 45933 | B28: MK68-001180 | C28: บจก.เคอรี่ฟลาวมิลล์ | D28: บะหมี่เตี๊ยว | E28: 19 | F28: 32 | G28: ขาว | H28: 0 | I28: 67 | J28: + | K28: 5 | L28: บิด | M28: ไม่สวมถุงใน | N28: 0 | O28: 0 | P28: 0 | Q28: 0 | R28: 0 | S28: ห่ออัดเบลแบน500 | T28: 45945 | U28: 5000 | V28: 5000 | W28: 0 | X28: 5400 | Y28: 0 | Z28: WSWT1921720 | AA28: 0 | AB28: 0 | AC28: 0 | AD28: 0 | AE28: 0 | AF28: PDR250332 | AG28: ยังไม่ได้พิมพ์ | AH28: P7 | AI28: 2 | AJ28: 45945 | AK28: 0 | AL28: 45936 | AM28: 45943 | AN28: 45944 | AO28: 45944 | AP28: 45940 | AQ28: 0 | AR28: 0 | AS28: 0 | AT28: 0 | AU28: 0 | AV28: 0 | AW28: งานพิมพ์ | AX28: / | AY28: 0 | AZ28: 0 | BA28: 0 | BB28: 0 | BC28: WRWT21720/WRWT25800 | BD28: 0
A29: 45919 | B29: MK68-001142 | C29: บจก.เคอรี่ฟลาวมิลล์ | D29: ไม่พิมพ์ | E29: 19 | F29: 32 | G29: ขาว | H29: 0 | I29: 67 | J29: + | K29: 5 | L29: ไม่ | M29: ไม่สวมถุงใน | N29: 0 | O29: 0 | P29: 0 | Q29: 0 | R29: 0 | S29: ห่ออัดเบลแบน501 | T29: 45947 | U29: 20000 | V29: 21000 | W29: 0 | X29: 0 | Y29: 0 | Z29: WSWT1921720 | AA29: 0 | AB29: 0 | AC29: 0 | AD29: 0 | AE29: 0 | AF29: PDR250322 | AG29: ยังไม่ได้พิมพ์ | AH29: P3 | AI29: 1 | AJ29: 45947 | AK29: 0 | AL29: 0 | AM29: 0 | AN29: 0 | AO29: 45946 | AP29: 45942 | AQ29: 0 | AR29: 0 | AS29: 0 | AT29: 0 | AU29: 0 | AV29: 0 | AW29: ตัด | AX29: 0 | AY29: 0 | AZ29: 0 | BA29: 0 | BB29: 0 | BC29: WRWT21720/WRWT25800 | BD29: 0
A30: 45919 | B30: MK68-001143 | C30: บจก.เคอรี่ฟลาวมิลล์ | D30: ไม่พิมพ์ | E30: 19 | F30: 32 | G30: ขาว | H30: 0 | I30: 67 | J30: + | K30: 5 | L30: ไม่ | M30: ไม่สวมถุงใน | N30: 0 | O30: 0 | P30: 0 | Q30: 0 | R30: 0 | S30: ห่ออัดเบลแบน501 | T30: 45947 | U30: 20000 | V30: 21000 | W30: 0 | X30: 0 | Y30: 0 | Z30: WSWT1921720 | AA30: 0 | AB30: 0 | AC30: 0 | AD30: 0 | AE30: 0 | AF30: PDR250323 | AG30: ยังไม่ได้พิมพ์ | AH30: P3 | AI30: 1 | AJ30: 45947 | AK30: 0 | AL30: 0 | AM30: 0 | AN30: 0 | AO30: 45946 | AP30: 45942 | AQ30: 0 | AR30: 0 | AS30: 0 | AT30: 0 | AU30: 0 | AV30: 0 | AW30: ตัด | AX30: 0 | AY30: 0 | AZ30: 0 | BA30: 0 | BB30: 0 | BC30: WRWT21720/WRWT25800 | BD30: 0
A31: 45941 | B31: MK68-001227 | C31: บจก.เคอรี่ฟลาวมิลล์ | D31: ปลาโลมาเทา | E31: 19 | F31: 32 | G31: ขาว | H31: 0 | I31: 67 | J31: + | K31: 5 | L31: บิด | M31: ไม่สวมถุงใน | N31: 0 | O31: 0 | P31: 0 | Q31: 0 | R31: 0 | S31: ห่ออัดเบลแบน501 | T31: 45951 | U31: 5000 | V31: 0 | W31: 5000 | X31: 0 | Y31: 5250 | Z31: WSWT1921720 | AA31: 4679.95 | AB31: 4679.95 | AC31: 0 | AD31: 0 | AE31: 0 | AF31: PDR250344 | AG31: ยังไม่ได้พิมพ์ | AH31: P7 | AI31: 2 | AJ31: 45951 | AK31: 0 | AL31: 45942 | AM31: 45949 | AN31: 45950 | AO31: 45950 | AP31: 45946 | AQ31: 0 | AR31: 0 | AS31: 0 | AT31: 0 | AU31: 0 | AV31: 0 | AW31: งานพิมพ์ | AX31: รอART | AY31: 0 | AZ31: 0 | BA31: 0 | BB31: 0 | BC31: WRWT21720/WRWT25800 | BD31: 0
A32: 45941 | B32: MK68-001227 | C32: บจก.เคอรี่ฟลาวมิลล์ | D32: ถุงเขียว | E32: 19 | F32: 32 | G32: ขาว | H32: 0 | I32: 67 | J32: + | K32: 5 | L32: บิด | M32: ไม่สวมถุงใน | N32: 0 | O32: 0 | P32: 0 | Q32: 0 | R32: 0 | S32: ห่ออัดเบลแบน501 | T32: 45951 | U32: 10000 | V32: 0 | W32: 10000 | X32: 0 | Y32: 10500 | Z32: WSWT1921720 | AA32: 9359.9 | AB32: 9359.9 | AC32: 0 | AD32: 0 | AE32: 0 | AF32: PDR250344 | AG32: รอตัด | AH32: P7 | AI32: 2 | AJ32: 45951 | AK32: 0 | AL32: 45942 | AM32: 45949 | AN32: 45950 | AO32: 45950 | AP32: 45946 | AQ32: 0 | AR32: 0 | AS32: 0 | AT32: 0 | AU32: 0 | AV32: 0 | AW32: งานพิมพ์ | AX32: รอART | AY32: 0 | AZ32: 0 | BA32: 0 | BB32: 0 | BC32: WRWT21720/WRWT25800 | BD32: 0
A33: 45941 | B33: MK68-001227 | C33: บจก.เคอรี่ฟลาวมิลล์ | D33: ดอกไม้เขียว | E33: 19 | F33: 32 | G33: ขาว | H33: 0 | I33: 67 | J33: + | K33: 5 | L33: บิด | M33: ไม่สวมถุงใน | N33: 0 | O33: 0 | P33: 0 | Q33: 0 | R33: 0 | S33: ห่ออัดเบลแบน501 | T33: 45951 | U33: 10000 | V33: 0 | W33: 10000 | X33: 0 | Y33: 10500 | Z33: WSWT1921720 | AA33: 9359.9 | AB33: 9359.9 | AC33: 0 | AD33: 0 | AE33: 0 | AF33: PDR250344 | AG33: ยังไม่ได้พิมพ์ | AH33: P7 | AI33: 2 | AJ33: 45951 | AK33: 0 | AL33: 45942 | AM33: 45949 | AN33: 45950 | AO33: 45950 | AP33: 45946 | AQ33: 0 | AR33: 0 | AS33: 0 | AT33: 0 | AU33: 0 | AV33: 0 | AW33: งานพิมพ์ | AX33: รอART | AY33: 0 | AZ33: 0 | BA33: 0 | BB33: 0 | BC33: WRWT21720/WRWT25800 | BD33: 0
A34: 45941 | B34: MK68-001227 | C34: บจก.เคอรี่ฟลาวมิลล์ | D34: บะหมี่เตี๊ยว | E34: 19 | F34: 32 | G34: ขาว | H34: 0 | I34: 67 | J34: + | K34: 5 | L34: บิด | M34: ไม่สวมถุงใน | N34: 0 | O34: 0 | P34: 0 | Q34: 0 | R34: 0 | S34: ห่ออัดเบลแบน501 | T34: 45952 | U34: 5000 | V34: 0 | W34: 5000 | X34: 0 | Y34: 5250 | Z34: WSWT1921720 | AA34: 4679.95 | AB34: 1063 | AC34: 3616.95 | AD34: 0 | AE34: 0 | AF34: PDR250345 | AG34: ยังไม่ได้พิมพ์ | AH34: P7 | AI34: 2 | AJ34: 45952 | AK34: 0 | AL34: 45943 | AM34: 45950 | AN34: 45951 | AO34: 45951 | AP34: 45947 | AQ34: 0 | AR34: 0 | AS34: 0 | AT34: 0 | AU34: 0 | AV34: 0 | AW34: งานพิมพ์ | AX34: รอART | AY34: 0 | AZ34: 0 | BA34: 0 | BB34: 0 | BC34: WRWT21720/WRWT25800 | BD34: 272.44475
A35: 45941 | B35: MK68-001227 | C35: บจก.เคอรี่ฟลาวมิลล์ | D35: ปลาโลมาแดง | E35: 19 | F35: 32 | G35: ขาว | H35: 0 | I35: 67 | J35: + | K35: 5 | L35: บิด | M35: ไม่สวมถุงใน | N35: 0 | O35: 0 | P35: 0 | Q35: 0 | R35: 0 | S35: ห่ออัดเบลแบน501 | T35: 45952 | U35: 5000 | V35: 0 | W35: 5000 | X35: 5300 | Y35: 0 | Z35: WSWT1921720 | AA35: 0 | AB35: 0 | AC35: 0 | AD35: 0 | AE35: 0 | AF35: PDR250345 | AG35: ยังไม่ได้พิมพ์ | AH35: P7 | AI35: 2 | AJ35: 45952 | AK35: 0 | AL35: 45943 | AM35: 45950 | AN35: 45951 | AO35: 45951 | AP35: 45947 | AQ35: 0 | AR35: 0 | AS35: 0 | AT35: 0 | AU35: 0 | AV35: 0 | AW35: งานพิมพ์ | AX35: รอART | AY35: 0 | AZ35: 0 | BA35: 0 | BB35: 0 | BC35: WRWT21720/WRWT25800 | BD35: 0
A36: 45941 | B36: MK68-001227 | C36: บจก.เคอรี่ฟลาวมิลล์ | D36: โบว์แดง | E36: 19 | F36: 32 | G36: ขาว | H36: 0 | I36: 67 | J36: + | K36: 5 | L36: บิด | M36: ไม่สวมถุงใน | N36: 0 | O36: 0 | P36: 0 | Q36: 0 | R36: 0 | S36: ห่ออัดเบลแบน501 | T36: 45952 | U36: 5000 | V36: 0 | W36: 5000 | X36: 0 | Y36: 5250 | Z36: WSWT1921720 | AA36: 4679.95 | AB36: 0 | AC36: 4679.95 | AD36: 0 | AE36: 0 | AF36: PDR250345 | AG36: รอตัด | AH36: P7 | AI36: 2 | AJ36: 45952 | AK36: 0 | AL36: 45943 | AM36: 45950 | AN36: 45951 | AO36: 45951 | AP36: 45947 | AQ36: 0 | AR36: 0 | AS36: 0 | AT36: 0 | AU36: 0 | AV36: 0 | AW36: งานพิมพ์ | AX36: รอART | AY36: 0 | AZ36: 0 | BA36: 0 | BB36: 0 | BC36: WRWT21720/WRWT25800 | BD36: 352.51463
A37: 45941 | B37: MK68-001227 | C37: บจก.เคอรี่ฟลาวมิลล์ | D37: บลูทีมเหลือง | E37: 19 | F37: 32 | G37: ขาว | H37: 0 | I37: 67 | J37: + | K37: 5 | L37: บิด | M37: ไม่สวมถุงใน | N37: 0 | O37: 0 | P37: 0 | Q37: 0 | R37: 0 | S37: ห่ออัดเบลแบน501 | T37: 45952 | U37: 5000 | V37: 0 | W37: 5000 | X37: 0 | Y37: 5250 | Z37: WSWT1921720 | AA37: 4679.95 | AB37: 0 | AC37: 4679.95 | AD37: 0 | AE37: 0 | AF37: PDR250345 | AG37: ยังไม่ได้พิมพ์ | AH37: P7 | AI37: 2 | AJ37: 45952 | AK37: 0 | AL37: 45943 | AM37: 45950 | AN37: 45951 | AO37: 45951 | AP37: 45947 | AQ37: 0 | AR37: 0 | AS37: 0 | AT37: 0 | AU37: 0 | AV37: 0 | AW37: งานพิมพ์ | AX37: รอART | AY37: 0 | AZ37: 0 | BA37: 0 | BB37: 0 | BC37: WRWT21720/WRWT25800 | BD37: 352.51463
A38: 45941 | B38: MK68-001229 | C38: บจก.เคอรี่ฟลาวมิลล์ | D38: บะหมี่เตี๊ยว | E38: 19 | F38: 32 | G38: ขาว | H38: 0 | I38: 67 | J38: + | K38: 5 | L38: บิด | M38: ไม่สวมถุงใน | N38: 0 | O38: 0 | P38: 0 | Q38: 0 | R38: 0 | S38: ห่ออัดเบลแบน501 | T38: 45952 | U38: 5000 | V38: 0 | W38: 5000 | X38: 0 | Y38: 5250 | Z38: WSWT1921720 | AA38: 4679.95 | AB38: 0 | AC38: 4679.95 | AD38: 0 | AE38: 0 | AF38: PDR250346 | AG38: ยังไม่ได้พิมพ์ | AH38: P7 | AI38: 2 | AJ38: 45952 | AK38: 0 | AL38: 45943 | AM38: 45950 | AN38: 45951 | AO38: 45951 | AP38: 45947 | AQ38: 0 | AR38: 0 | AS38: 0 | AT38: 0 | AU38: 0 | AV38: 0 | AW38: งานพิมพ์ | AX38: รอART | AY38: 0 | AZ38: 0 | BA38: 0 | BB38: 0 | BC38: WRWT21720/WRWT25800 | BD38: 352.51463
A39: 45941 | B39: MK68-001229 | C39: บจก.เคอรี่ฟลาวมิลล์ | D39: ปลาโลมาแดง | E39: 19 | F39: 32 | G39: ขาว | H39: 0 | I39: 67 | J39: + | K39: 5 | L39: บิด | M39: ไม่สวมถุงใน | N39: 0 | O39: 0 | P39: 0 | Q39: 0 | R39: 0 | S39: ห่ออัดเบลแบน501 | T39: 45952 | U39: 5000 | V39: 0 | W39: 5000 | X39: 5300 | Y39: 0 | Z39: WSWT1921720 | AA39: 0 | AB39: 0 | AC39: 0 | AD39: 0 | AE39: 0 | AF39: PDR250346 | AG39: ยังไม่ได้พิมพ์ | AH39: P7 | AI39: 2 | AJ39: 45952 | AK39: 0 | AL39: 45943 | AM39: 45950 | AN39: 45951 | AO39: 45951 | AP39: 45947 | AQ39: 0 | AR39: 0 | AS39: 0 | AT39: 0 | AU39: 0 | AV39: 0 | AW39: งานพิมพ์ | AX39: รอART | AY39: 0 | AZ39: 0 | BA39: 0 | BB39: 0 | BC39: WRWT21720/WRWT25800 | BD39: 0
A40: 45941 | B40: MK68-001229 | C40: บจก.เคอรี่ฟลาวมิลล์ | D40: FW-Y | E40: 19 | F40: 32 | G40: ขาว | H40: 0 | I40: 67 | J40: + | K40: 5 | L40: ไม่ | M40: ไม่สวมถุงใน | N40: 0 | O40: 0 | P40: 0 | Q40: 0 | R40: 0 | S40: ห่ออัดเบลแบน501 | T40: 45952 | U40: 5000 | V40: 0 | W40: 5000 | X40: 0 | Y40: 5250 | Z40: WSWT1921720 | AA40: 4679.95 | AB40: 0 | AC40: 4679.95 | AD40: 0 | AE40: 0 | AF40: PDR250346 | AG40: ยังไม่ได้พิมพ์ | AH40: P7 | AI40: 2 | AJ40: 45952 | AK40: 0 | AL40: 45943 | AM40: 45950 | AN40: 45951 | AO40: 45951 | AP40: 45947 | AQ40: 0 | AR40: 0 | AS40: 0 | AT40: 0 | AU40: 0 | AV40: 0 | AW40: งานพิมพ์ | AX40: รอART | AY40: 0 | AZ40: 0 | BA40: 0 | BB40: 0 | BC40: WRWT21720/WRWT25800 | BD40: 352.51463
A41: 45941 | B41: MK68-001229 | C41: บจก.เคอรี่ฟลาวมิลล์ | D41: กุ้งแดง | E41: 19 | F41: 32 | G41: ขาว | H41: 0 | I41: 67 | J41: + | K41: 5 | L41: บิด | M41: ไม่สวมถุงใน | N41: 0 | O41: 0 | P41: 0 | Q41: 0 | R41: 0 | S41: ห่ออัดเบลแบน501 | T41: 45952 | U41: 10000 | V41: 0 | W41: 10000 | X41: 0 | Y41: 10500 | Z41: WSWT1921720 | AA41: 9359.9 | AB41: 0 | AC41: 9359.9 | AD41: 0 | AE41: 0 | AF41: PDR250346 | AG41: ยังไม่ได้พิมพ์ | AH41: P7 | AI41: 2 | AJ41: 45952 | AK41: 0 | AL41: 45943 | AM41: 45950 | AN41: 45951 | AO41: 45951 | AP41: 45947 | AQ41: 0 | AR41: 0 | AS41: 0 | AT41: 0 | AU41: 0 | AV41: 0 | AW41: งานพิมพ์ | AX41: รอART | AY41: 0 | AZ41: 0 | BA41: 0 | BB41: 0 | BC41: WRWT21720/WRWT25800 | BD41: 705.02927
A42: 45941 | B42: MK68-001227 | C42: บจก.เคอรี่ฟลาวมิลล์ | D42: FW-Y | E42: 19 | F42: 32 | G42: ขาว | H42: 0 | I42: 67 | J42: + | K42: 5 | L42: ไม่ | M42: ไม่สวมถุงใน | N42: 0 | O42: 0 | P42: 0 | Q42: 0 | R42: 0 | S42: ห่ออัดเบลแบน501 | T42: 45954 | U42: 5000 | V42: 0 | W42: 5000 | X42: 0 | Y42: 5250 | Z42: WSWT1921720 | AA42: 4679.95 | AB42: 0 | AC42: 4679.95 | AD42: 0 | AE42: 0 | AF42: PDR250347 | AG42: ยังไม่ได้พิมพ์ | AH42: P7 | AI42: 2 | AJ42: 45954 | AK42: 0 | AL42: 45945 | AM42: 45952 | AN42: 45953 | AO42: 45953 | AP42: 45949 | AQ42: 0 | AR42: 0 | AS42: 0 | AT42: 0 | AU42: 0 | AV42: 0 | AW42: งานพิมพ์ | AX42: รอART | AY42: 0 | AZ42: 0 | BA42: 0 | BB42: 0 | BC42: WRWT21720/WRWT25800 | BD42: 352.51463
... A46: 45941 | B46: MK68-001229 | C46: บจก.เคอรี่ฟลาวมิลล์ | D46: ปลาโลมาแดง | E46: 19 | F46: 32 | G46: ขาว | H46: 0 | I46: 67 | J46: + | K46: 5 | L46: บิด | M46: ไม่สวมถุงใน | N46: 0 | O46: 0 | P46: 0 | Q46: 0 | R46: 0 | S46: ห่ออัดเบลแบน501 | T46: 45954 | U46: 5000 | V46: 0 | W46: 5000 | X46: 5300 | Y46: 0 | Z46: WSWT1921720 | AA46: 0 | AB46: 0 | AC46: 0 | AD46: 0 | AE46: 0 | AF46: PDR250348 | AG46: ยังไม่ได้พิมพ์ | AH46: P7 | AI46: 2 | AJ46: 45954 | AK46: 0 | AL46: 45945 | AM46: 45952 | AN46: 45953 | AO46: 45953 | AP46: 45949 | AQ46: 0 | AR46: 0 | AS46: 0 | AT46: 0 | AU46: 0 | AV46: 0 | AW46: งานพิมพ์ | AX46: รอART | AY46: 0 | AZ46: 0 | BA46: 0 | BB46: 0 | BC46: WRWT21720/WRWT25800 | BD46: 0
A47: 45941 | B47: MK68-001229 | C47: บจก.เคอรี่ฟลาวมิลล์ | D47: 997 | E47: 19 | F47: 32 | G47: ขาว | H47: 0 | I47: 67 | J47: + | K47: 5 | L47: ไม่ | M47: ไม่สวมถุงใน | N47: 0 | O47: 0 | P47: 0 | Q47: 0 | R47: 0 | S47: ห่ออัดเบลแบน501 | T47: 45954 | U47: 5000 | V47: 0 | W47: 5000 | X47: 0 | Y47: 5250 | Z47: WSWT1921720 | AA47: 4679.95 | AB47: 0 | AC47: 4679.95 | AD47: 0 | AE47: 0 | AF47: PDR250348 | AG47: ยังไม่ได้พิมพ์ | AH47: P7 | AI47: 2 | AJ47: 45954 | AK47: 0 | AL47: 45945 | AM47: 45952 | AN47: 45953 | AO47: 45953 | AP47: 45949 | AQ47: 0 | AR47: 0 | AS47: 0 | AT47: 0 | AU47: 0 | AV47: 0 | AW47: งานพิมพ์ | AX47: รอART | AY47: 0 | AZ47: 0 | BA47: 0 | BB47: 0 | BC47: WRWT21720/WRWT25800 | BD47: 352.51463
A48: 45941 | B48: MK68-001227 | C48: บจก.เคอรี่ฟลาวมิลล์ | D48: บะหมี่เตี๊ยว | E48: 19 | F48: 32 | G48: ขาว | H48: 0 | I48: 67 | J48: + | K48: 5 | L48: บิด | M48: ไม่สวมถุงใน | N48: 0 | O48: 0 | P48: 0 | Q48: 0 | R48: 0 | S48: ห่ออัดเบลแบน501 | T48: 45958 | U48: 5000 | V48: 0 | W48: 5000 | X48: 0 | Y48: 5250 | Z48: WSWT1921720 | AA48: 4679.95 | AB48: 0 | AC48: 4679.95 | AD48: 0 | AE48: 0 | AF48: PDR250349 | AG48: ยังไม่ได้พิมพ์ | AH48: P7 | AI48: 2 | AJ48: 45958 | AK48: 0 | AL48: 45949 | AM48: 45956 | AN48: 45957 | AO48: 45957 | AP48: 45953 | AQ48: 0 | AR48: 0 | AS48: 0 | AT48: 0 | AU48: 0 | AV48: 0 | AW48: งานพิมพ์ | AX48: รอART | AY48: 0 | AZ48: 0 | BA48: 0 | BB48: 0 | BC48: WRWT21720/WRWT25800 | BD48: 352.51463
A49: 45941 | B49: MK68-001227 | C49: บจก.เคอรี่ฟลาวมิลล์ | D49: แปดแต้มแดง | E49: 19 | F49: 32 | G49: ขาว | H49: 0 | I49: 67 | J49: + | K49: 5 | L49: บิด | M49: ไม่สวมถุงใน | N49: 0 | O49: 0 | P49: 0 | Q49: 0 | R49: 0 | S49: ห่ออัดเบลแบน501 | T49: 45958 | U49: 5000 | V49: 0 | W49: 5000 | X49: 0 | Y49: 5250 | Z49: WSWT1921720 | AA49: 4679.95 | AB49: 0 | AC49: 4679.95 | AD49: 0 | AE49: 0 | AF49: PDR250349 | AG49: ผ้าขาว | AH49: P7 | AI49: 2 | AJ49: 45958 | AK49: 0 | AL49: 45949 | AM49: 45956 | AN49: 45957 | AO49: 45957 | AP49: 45953 | AQ49: 0 | AR49: 0 | AS49: 0 | AT49: 0 | AU49: 0 | AV49: 0 | AW49: งานพิมพ์ | AX49: รอART | AY49: 0 | AZ49: 0 | BA49: 0 | BB49: 0 | BC49: WRWT21720/WRWT25800 | BD49: 352.51463
A50: 45941 | B50: MK68-001227 | C50: บจก.เคอรี่ฟลาวมิลล์ | D50: PBKF2-01-03 | E50: 19 | F50: 32 | G50: ขาว | H50: 0 | I50: 67 | J50: + | K50: 5 | L50: บิด | M50: ไม่สวมถุงใน | N50: 0 | O50: 0 | P50: 0 | Q50: 0 | R50: 0 | S50: ห่ออัดเบลแบน501 | T50: 45958 | U50: 5000 | V50: 0 | W50: 5000 | X50: 0 | Y50: 5250 | Z50: WSWT1921720 | AA50: 4679.95 | AB50: 0 | AC50: 4679.95 | AD50: 0 | AE50: 0 | AF50: PDR250349 | AG50: พร้อมส่ง | AH50: P7 | AI50: 2 | AJ50: 45958 | AK50: 0 | AL50: 45949 | AM50: 45956 | AN50: 45957 | AO50: 45957 | AP50: 45953 | AQ50: 0 | AR50: 0 | AS50: 0 | AT50: 0 | AU50: 0 | AV50: 0 | AW50: งานพิมพ์ | AX50: รอART | AY50: 0 | AZ50: 0 | BA50: 0 | BB50: 0 | BC50: WRWT21720/WRWT25800 | BD50: 352.51463
A51: 45941 | B51: MK68-001227 | C51: บจก.เคอรี่ฟลาวมิลล์ | D51: ถุงเขียว | E51: 19 | F51: 32 | G51: ขาว | H51: 0 | I51: 67 | J51: + | K51: 5 | L51: บิด | M51: ไม่สวมถุงใน | N51: 0 | O51: 0 | P51: 0 | Q51: 0 | R51: 0 | S51: ห่ออัดเบลแบน501 | T51: 45958 | U51: 10000 | V51: 0 | W51: 10000 | X51: 0 | Y51: 10500 | Z51: WSWT1921720 | AA51: 9359.9 | AB51: 0 | AC51: 9359.9 | AD51: 0 | AE51: 0 | AF51: PDR250349 | AG51: รอแบบ | AH51: P7 | AI51: 2 | AJ51: 45958 | AK51: 0 | AL51: 45949 | AM51: 45956 | AN51: 45957 | AO51: 45957 | AP51: 45953 | AQ51: 0 | AR51: 0 | AS51: 0 | AT51: 0 | AU51: 0 | AV51: 0 | AW51: งานพิมพ์ | AX51: รอART | AY51: 0 | AZ51: 0 | BA51: 0 | BB51: 0 | BC51: WRWT21720/WRWT25800 | BD51: 705.02927
A52: 45941 | B52: MK68-001231 | C52: บจก.เคอรี่ฟลาวมิลล์ | D52: ไม่พิมพ์ | E52: 19 | F52: 32 | G52: ขาว | H52: 0 | I52: 67 | J52: + | K52: 5 | L52: ไม่ | M52: ไม่สวมถุงใน | N52: 0 | O52: 0 | P52: 0 | Q52: 0 | R52: 0 | S52: ห่ออัดเบลแบน501 | T52: 45959 | U52: 20000 | V52: 0 | W52: 20000 | X52: 0 | Y52: 0 | Z52: WSWT1921720 | AA52: 18719.8 | AB52: 18719.8 | AC52: 0 | AD52: 0 | AE52: 0 | AF52: PDR250350 | AG52: พร้อมส่ง | AH52: P3 | AI52: 1 | AJ52: 45959 | AK52: 0 | AL52: 0 | AM52: 0 | AN52: 0 | AO52: 45958 | AP52: 45954 | AQ52: 0 | AR52: 0 | AS52: 0 | AT52: 0 | AU52: 0 | AV52: 0 | AW52: ตัด | AX52: 0 | AY52: 0 | AZ52: 0 | BA52: 0 | BB52: 0 | BC52: WRWT21720/WRWT25800 | BD52: 0
A53: ประมาณการ | B53: ประมาณการ | C53: บจก.เคอรี่ฟลาวมิลล์ | D53: แต้มแดง | E53: 19 | F53: 32 | G53: ขาว | H53: 0 | I53: 67 | J53: + | K53: 5 | L53: บิด | M53: ไม่สวมถุงใน | N53: 0 | O53: 0 | P53: 0 | Q53: 0 | R53: 0 | S53: ห่ออัดเบลแบน500 | T53: รอแจ้ง | U53: 5000 | V53: 5232 | W53: 0 | X53: 5400 | Y53: 0 | Z53: WSWT1921720 | AA53: 0 | AB53: 0 | AC53: 0 | AD53: 0 | AE53: 0 | AF53: 0 | AG53: พร้อมส่ง | AH53: P7 | AI53: 2 | AJ53: รอแจ้ง | AK53: 0 | AL53: #VALUE! | AM53: #VALUE! | AN53: #VALUE! | AO53: #VALUE! | AP53: #VALUE! | AQ53: 0 | AR53: 0 | AS53: 0 | AT53: 0 | AU53: 0 | AV53: 0 | AW53: งานพิมพ์ | AX53: / | AY53: 0 | AZ53: 0 | BA53: 0 | BB53: 0 | BC53: WRWT21720/WRWT25800 | BD53: 0
A54: ประมาณการ | B54: ประมาณการ | C54: บจก.เคอรี่ฟลาวมิลล์ | D54: รอแบบ | E54: 19 | F54: 32 | G54: ขาว | H54: 0 | I54: 67 | J54: + | K54: 5 | L54: บิด | M54: ไม่สวมถุงใน | N54: 0 | O54: 0 | P54: 0 | Q54: 0 | R54: 0 | S54: ห่ออัดเบลแบน500 | T54: 45961 | U54: 225000 | V54: 0 | W54: 225000 | X54: 0 | Y54: 236250 | Z54: WSWT1921720 | AA54: 210597.75 | AB54: 0 | AC54: 210597.75 | AD54: 0 | AE54: 0 | AF54: 0 | AG54: พร้อมส่ง | AH54: P7 | AI54: 2 | AJ54: 45961 | AK54: 0 | AL54: 45952 | AM54: 45959 | AN54: 45960 | AO54: 45960 | AP54: 45956 | AQ54: 0 | AR54: 0 | AS54: 0 | AT54: 0 | AU54: 0 | AV54: 0 | AW54: งานพิมพ์ | AX54: รอART | AY54: 0 | AZ54: 0 | BA54: 0 | BB54: 0 | BC54: WRWT21720/WRWT25800 | BD54: 15863.159
A55: 0 | B55: 0 | C55: 0 | D55: 0 | E55: 19 | F55: 30 | G55: 0 | H55: 0 | I55: 63 | J55: + | K55: 5 | L55: 0 | M55: 0 | N55: 0 | O55: 0 | P55: 0 | Q55: 0 | R55: 0 | S55: 0 | U55: 0 | V55: 0 | W55: 0 | X55: 0 | Y55: 0 | Z55: WSWT1921720 | AA55: 336956.4 | AB55: 43182.55 | AC55: 293773.85 | AD55: 0 | AE55: 0 | AF55: ระบุในSD | AG55: พร้อมส่ง | AH55: 0 | AI55: Lead time | AJ55: 0 | AK55: 0 | AL55: 0 | AM55: 0 | AN55: 0 | AO55: 0 | AP55: 0 | AQ55: 0 | AR55: 0 | AS55: 0 | AT55: 0 | AU55: 0 | AV55: 0 | AW55: 0 | AX55: 0 | AY55: 0 | AZ55: 0 | BA55: 0 | BB55: 0 | BC55: WRWT190720/WRWT25800 | BD55: 0
A56: 45905 | B56: MK68-001080 | C56: บจก.อินเทคค์ โกลบอล | D56: เพอเฟคค์104 โกลด์ | E56: 19 | F56: 34 | G56: ขาว | H56: ด้าน | I56: 100 | J56: ± | K56: 5 | L56: จับจีบ4" | M56: ไม่สวมถุงใน | N56: 0 | O56: 0 | P56: 0 | Q56: 0 | R56: 0 | S56: มัด80 ใช้สายรัด | T56: รอแจ้ง | U56: 109 | V56: 0 | W56: 109 | X56: 6124 | Y56: 0 | Z56: WSWT19251000SM | AA56: 0 | AB56: 0 | AC56: 0 | AD56: 0 | AE56: 0 | AF56: 0 | AG56: พร้อมส่ง | AH56: P6 | AI56: 4 | AJ56: รอแจ้ง | AK56: #VALUE! | AL56: #VALUE! | AM56: #VALUE! | AN56: #VALUE! | AO56: #VALUE! | AP56: #VALUE! | AQ56: 0 | AR56: 0 | AS56: 0 | AT56: 0 | AU56: 0 | AV56: 0 | AW56: งานเคลือบ+พิมพ์ | AX56: / | AY56: 0 | AZ56: 0 | BA56: 0 | BB56: 0 | BC56: WRWT251000/WRWT251000 | BD56: 0
A57: 0 | B57: 0 | C57: 0 | D57: 0 | E57: 19 | F57: 34 | G57: ขาว | H57: 0 | I57: 80 | J57: ± | K57: 5 | L57: 0 | M57: 0 | N57: 0 | O57: 0 | P57: 0 | Q57: 0 | R57: 0 | S57: 0 | U57: 0 | V57: 0 | W57: 0 | X57: 0 | Y57: 0 | Z57: WSWT19251000SM | AA57: 0 | AB57: 0 | AC57: 0 | AD57: 0 | AE57: 0 | AF57: ระบุในSD | AG57: พร้อมส่ง | AH57: 0 | AI57: Lead time | AJ57: 0 | AK57: 0 | AL57: 0 | AM57: 0 | AN57: 0 | AO57: 0 | AP57: 0 | AQ57: 0 | AR57: 0 | AS57: 0 | AT57: 0 | AU57: 0 | AV57: 0 | AW57: 0 | AX57: 0 | AY57: 0 | AZ57: 0 | BA57: 0 | BB57: 0 | BC57: WRWT251000/WRYL251000 | BD57: 0
A58: 45919 | B58: MK68-001123 | C58: บจก.อินเทคค์ โกลบอล | D58: เพอเฟคค์ 912 | E58: 20 | F58: 36 | G58: ขาว | H58: ด้าน | I58: 100 | J58: ± | K58: 5 | L58: จับจีบ4" | M58: ไม่สวมถุงใน | N58: 0 | O58: 0 | P58: 0 | Q58: 0 | R58: 0 | S58: มัด80 ใช้สายรัด | T58: รอแจ้ง | U58: 48 | V58: 0 | W58: 48 | X58: 11390 | Y58: 0 | Z58: WSWT2025800SM | AA58: 0 | AB58: 0 | AC58: 0 | AD58: 0 | AE58: 0 | AF58: 0 | AG58: รอตัด | AH58: P6 | AI58: 4 | AJ58: รอแจ้ง | AK58: #VALUE! | AL58: #VALUE! | AM58: #VALUE! | AN58: #VALUE! | AO58: #VALUE! | AP58: #VALUE! | AQ58: 0 | AR58: 0 | AS58: 0 | AT58: 0 | AU58: 0 | AV58: 0 | AW58: งานเคลือบ+พิมพ์ | AX58: / | AY58: ลบสีจำนวนมาก | AZ58: 0 | BA58: 0 | BB58: 0 | BC58: WRWT25850/WRWT25850 | BD58: 0
A59: 45919 | B59: MK68-001124 | C59: บจก.อินเทคค์ โกลบอล | D59: เพอเฟคค์ 913 | E59: 20 | F59: 36 | G59: ขาว | H59: ด้าน | I59: 100 | J59: ± | K59: 5 | L59: จับจีบ4" | M59: ไม่สวมถุงใน | N59: 0 | O59: 0 | P59: 0 | Q59: 0 | R59: 0 | S59: มัด80 ใช้สายรัด | T59: รอแจ้ง | U59: 1933 | V59: 0 | W59: 1933 | X59: 33440 | Y59: 0 | Z59: WSWT2025800SM | AA59: 0 | AB59: 0 | AC59: 0 | AD59: 0 | AE59: 0 | AF59: ตัดหมดแล้ว | AG59: พร้อมส่ง | AH59: P6 | AI59: 4 | AJ59: รอแจ้ง | AK59: #VALUE! | AL59: #VALUE! | AM59: #VALUE! | AN59: #VALUE! | AO59: #VALUE! | AP59: #VALUE! | AQ59: 0 | AR59: 0 | AS59: 0 | AT59: 0 | AU59: 0 | AV59: 0 | AW59: งานเคลือบ+พิมพ์ | AX59: / | AY59: 4/10 11/10 | AZ59: 0 | BA59: 0 | BB59: 0 | BC59: WRWT25850/WRWT25850 | BD59: 0
A60: 45919 | B60: MK68-001121 | C60: บจก.อินเทคค์ โกลบอล | D60: เฟิร์สช้อย 912 | E60: 20 | F60: 36 | G60: ขาว | H60: ด้าน | I60: 100 | J60: ± | K60: 5 | L60: จับจีบ4" | M60: ไม่สวมถุงใน | N60: 0 | O60: 0 | P60: 0 | Q60: 0 | R60: 0 | S60: มัด80 ใช้สายรัด | T60: รอแจ้ง | U60: 604 | V60: 0 | W60: 604 | X60: 16380 | Y60: 0 | Z60: WSWT2025800SM | AA60: 0 | AB60: 0 | AC60: 0 | AD60: 0 | AE60: 0 | AF60: 0 | AG60: พร้อมส่ง | AH60: P6 | AI60: 4 | AJ60: รอแจ้ง | AK60: #VALUE! | AL60: #VALUE! | AM60: #VALUE! | AN60: #VALUE! | AO60: #VALUE! | AP60: #VALUE! | AQ60: 0 | AR60: 0 | AS60: 0 | AT60: 0 | AU60: 0 | AV60: 0 | AW60: งานเคลือบ+พิมพ์ | AX60: / | AY60: 0 | AZ60: 0 | BA60: 0 | BB60: 0 | BC60: WRWT25850/WRWT25850 | BD60: 0
A61: 45919 | B61: MK68-001122 | C61: บจก.อินเทคค์ โกลบอล | D61: เพอเฟคค์ 914 | E61: 20 | F61: 36 | G61: ขาว | H61: ด้าน | I61: 100 | J61: ± | K61: 5 | L61: จับจีบ4" | M61: ไม่สวมถุงใน | N61: 0 | O61: 0 | P61: 0 | Q61: 0 | R61: 0 | S61: มัด80 ใช้สายรัด | T61: รอแจ้ง | U61: 1174 | V61: 0 | W61: 1174 | X61: 21440 | Y61: 0 | Z61: WSWT2025800SM | AA61: 0 | AB61: 0 | AC61: 0 | AD61: 0 | AE61: 0 | AF61: 0 | AG61: รอตัด | AH61: P6 | AI61: 4 | AJ61: รอแจ้ง | AK61: #VALUE! | AL61: #VALUE! | AM61: #VALUE! | AN61: #VALUE! | AO61: #VALUE! | AP61: #VALUE! | AQ61: 0 | AR61: 0 | AS61: 0 | AT61: 0 | AU61: 0 | AV61: 0 | AW61: งานเคลือบ+พิมพ์ | AX61: / | AY61: 0 | AZ61: 0 | BA61: 0 | BB61: 0 | BC61: WRWT25850/WRWT25850 | BD61: 0
A62: 45923 | B62: MK68-001152 | C62: คุณฐนวรวรรศณ์ ภัทรนนท์สกุล | D62: ปลาวาฬยิ้ม | E62: 20 | F62: 30 | G62: ขาว | H62: ใส | I62: 80 | J62: ± | K62: 5 | L62: จับจีบ | M62: ไม่สวมถุงใน | N62: 0 | O62: 0 | P62: 0 | Q62: 0 | R62: 0 | S62: 500กระสอบ | T62: 45944 | U62: 5000 | V62: 5048 | W62: 0 | X62: 5500 | Y62: 0 | Z62: WSWT2025800SM | AA62: 0 | AB62: 0 | AC62: 0 | AD62: 0 | AE62: 0 | AF62: 0 | AG62: พร้อมส่ง | AH62: P6 | AI62: 4 | AJ62: 45944 | AK62: 45940 | AL62: 45933 | AM62: 45941 | AN62: 45942 | AO62: 45943 | AP62: 45939 | AQ62: 0 | AR62: 0 | AS62: 0 | AT62: 0 | AU62: 0 | AV62: 0 | AW62: งานเคลือบ+พิมพ์ | AX62: / | AY62: รอส่ง | AZ62: 0 | BA62: 0 | BB62: 0 | BC62: WRWT25850/WRWT25850 | BD62: 0
A63: 45922 | B63: MK68-001153 | C63: บจก.วีซีเอฟ | D63: VC 105 | E63: 20 | F63: 37 | G63: ขาว | H63: ใส | I63: 100 | J63: ± | K63: 5 | L63: บิด | M63: ไม่สวมถุงใน | N63: 0 | O63: 0 | P63: 0 | Q63: 0 | R63: 0 | S63: 500กระสอบแบน | T63: 45944 | U63: 5000 | V63: 4787 | W63: 213 | X63: 5280 | Y63: 0 | Z63: WSWT2025800SM | AA63: 0 | AB63: 0 | AC63: 0 | AD63: 0 | AE63: 0 | AF63: 0 | AG63: พร้อมส่ง | AH63: P6 | AI63: 4 | AJ63: 45944 | AK63: 45940 | AL63: 45933 | AM63: 45941 | AN63: 45942 | AO63: 45943 | AP63: 45939 | AQ63: 0 | AR63: 0 | AS63: 0 | AT63: 0 | AU63: 0 | AV63: 0 | AW63: งานเคลือบ+พิมพ์ | AX63: / | AY63: 0 | AZ63: 0 | BA63: 0 | BB63: 0 | BC63: WRWT25850/WRWT25850 | BD63: 0
A64: 45922 | B64: MK68-001153 | C64: บจก.วีซีเอฟ | D64: VC 120 | E64: 20 | F64: 37 | G64: ขาว | H64: ใส | I64: 100 | J64: ± | K64: 5 | L64: บิด | M64: ไม่สวมถุงใน | N64: 0 | O64: 0 | P64: 0 | Q64: 0 | R64: 0 | S64: 500กระสอบแบน | T64: 45944 | U64: 10000 | V64: 7750 | W64: 2250 | X64: 10300 | Y64: 0 | Z64: WSWT2025800SM | AA64: 0 | AB64: 0 | AC64: 0 | AD64: 0 | AE64: 0 | AF64: 0 | AG64: พร้อมส่ง | AH64: P6 | AI64: 4 | AJ64: 45944 | AK64: 45940 | AL64: 45933 | AM64: 45941 | AN64: 45942 | AO64: 45943 | AP64: 45939 | AQ64: 0 | AR64: 0 | AS64: 0 | AT64: 0 | AU64: 0 | AV64: 0 | AW64: งานเคลือบ+พิมพ์ | AX64: / | AY64: 0 | AZ64: 0 | BA64: 0 | BB64: 0 | BC64: WRWT25850/WRWT25850 | BD64: 0
A65: 45922 | B65: MK68-001153 | C65: บจก.วีซีเอฟ | D65: JET 888 | E65: 20 | F65: 37 | G65: ขาว | H65: ใส | I65: 100 | J65: ± | K65: 5 | L65: ไม่ | M65: ไม่สวมถุงใน | N65: 0 | O65: 0 | P65: 0 | Q65: 0 | R65: 0 | S65: 500กระสอบแบน | T65: 45944 | U65: 5000 | V65: 4774 | W65: 226 | X65: 5100 | Y65: 0 | Z65: WSWT2025800SM | AA65: 0 | AB65: 0 | AC65: 0 | AD65: 0 | AE65: 0 | AF65: 0 | AG65: พร้อมส่ง | AH65: P6 | AI65: 4 | AJ65: 45944 | AK65: 45940 | AL65: 45933 | AM65: 45941 | AN65: 45942 | AO65: 45943 | AP65: 45939 | AQ65: 0 | AR65: 0 | AS65: 0 | AT65: 0 | AU65: 0 | AV65: 0 | AW65: งานเคลือบ+พิมพ์ | AX65: / | AY65: 0 | AZ65: 0 | BA65: 0 | BB65: 0 | BC65: WRWT25850/WRWT25850 | BD65: 0
A66: 45931 | B66: MK68-001194 | C66: บจก.มารีน ลีดเดอร์ | D66: High Rock | E66: 20 | F66: 30 | G66: ขาว | H66: ใส | I66: 80 | J66: ± | K66: 5 | L66: จับจีบ5" | M66: 21 | N66: 33 | O66: 40 | P66: 0 | Q66: 0 | R66: 0 | S66: 500กระสอบ | T66: 45944 | U66: 5000 | V66: 5000 | W66: 0 | X66: 5400 | Y66: 0 | Z66: WSWT2025800SM | AA66: 0 | AB66: 0 | AC66: 0 | AD66: 0 | AE66: 0 | AF66: 0 | AG66: พร้อมส่ง | AH66: P8 | AI66: 4 | AJ66: 45944 | AK66: 45940 | AL66: 45934 | AM66: 45941 | AN66: 45942 | AO66: 45942 | AP66: 45939 | AQ66: 45943 | AR66: 0 | AS66: 0 | AT66: 0 | AU66: 0 | AV66: 0 | AW66: งานเคลือบ+พิมพ์ | AX66: / | AY66: 0 | AZ66: 0 | BA66: 0 | BB66: 0 | BC66: WRWT25850/WRWT25850 | BD66: 0
A67: 45931 | B67: MK68-001193 | C67: บจก.มารีน ลีดเดอร์ | D67: Rocky Quick lime | E67: 20 | F67: 30 | G67: ขาว | H67: ใส | I67: 80 | J67: ± | K67: 5 | L67: จับจีบ5" | M67: 21 | N67: 33 | O67: 40 | P67: 0 | Q67: 0 | R67: 0 | S67: 500กระสอบ | T67: 45944 | U67: 5000 | V67: 5000 | W67: 0 | X67: 5400 | Y67: 0 | Z67: WSWT2025800SM | AA67: 0 | AB67: 0 | AC67: 0 | AD67: 0 | AE67: 0 | AF67: 0 | AG67: พร้อมส่ง | AH67: P8 | AI67: 4 | AJ67: 45944 | AK67: 45940 | AL67: 45934 | AM67: 45941 | AN67: 45942 | AO67: 45942 | AP67: 45939 | AQ67: 45943 | AR67: 0 | AS67: 0 | AT67: 0 | AU67: 0 | AV67: 0 | AW67: งานเคลือบ+พิมพ์ | AX67: / | AY67: 0 | AZ67: 0 | BA67: 0 | BB67: 0 | BC67: WRWT25850/WRWT25850 | BD67: 0
A68: 45877 | B68: MK68-000990 | C68: บจก.เอสพีเอ็ม อาหารสัตว์ | D68: SW 441 PLUS | E68: 20 | F68: 38 | G68: ขาว | H68: ใส | I68: 100 | J68: ± | K68: 5 | L68: บิด | M68: ไม่สวมถุงใน | N68: 0 | O68: 0 | P68: 0 | Q68: 0 | R68: 0 | S68: 500กระสอบแบน | T68: 45944 | U68: 3500 | V68: 3500 | W68: 0 | X68: 3605 | Y68: 0 | Z68: WSWT2025800SM | AA68: 0 | AB68: 0 | AC68: 0 | AD68: 0 | AE68: 0 | AF68: 0 | AG68: พร้อมส่ง | AH68: P6 | AI68: 4 | AJ68: 45944 | AK68: 45940 | AL68: 45933 | AM68: 45941 | AN68: 45942 | AO68: 45943 | AP68: 45939 | AQ68: 0 | AR68: 0 | AS68: 0 | AT68: 0 | AU68: 0 | AV68: 0 | AW68: งานเคลือบ+พิมพ์ | AX68: / | AY68: 0 | AZ68: 0 | BA68: 0 | BB68: 0 | BC68: WRWT25850/WRWT25850 | BD68: 0
A69: 45916 | B69: MK68-001119 | C69: บจก.ซันฟีด | D69: 952 | E69: 20 | F69: 38 | G69: ขาว | H69: ด้าน | I69: 100 | J69: + | K69: 0 | L69: บิด | M69: ไม่สวมถุงใน | N69: 0 | O69: 0 | P69: 0 | Q69: 0 | R69: 0 | S69: 300กระสอบแบนเต็มใบ | T69: 45945 | U69: 5000 | V69: 5100 | W69: 0 | X69: 5100 | Y69: 0 | Z69: WSWT2025800SM | AA69: 0 | AB69: 0 | AC69: 0 | AD69: 0 | AE69: 0 | AF69: 0 | AG69: พร้อมส่ง | AH69: P6 | AI69: 4 | AJ69: 45945 | AK69: 45941 | AL69: 45934 | AM69: 45942 | AN69: 45943 | AO69: 45944 | AP69: 45940 | AQ69: 0 | AR69: 0 | AS69: 0 | AT69: 0 | AU69: 0 | AV69: 0 | AW69: งานเคลือบ+พิมพ์ | AX69: / | AY69: 45930 | AZ69: 0 | BA69: 0 | BB69: 0 | BC69: WRWT25850/WRWT25850 | BD69: 0
A70: 45916 | B70: MK68-001119 | C70: บจก.ซันฟีด | D70: ขุนศึกเบอร์ 2 | E70: 20 | F70: 38 | G70: ขาว | H70: ด้าน | I70: 100 | J70: + | K70: 0 | L70: บิด | M70: ไม่สวมถุงใน | N70: 0 | O70: 0 | P70: 0 | Q70: 0 | R70: 0 | S70: 300กระสอบแบนเต็มใบ | T70: 45945 | U70: 4000 | V70: 4000 | W70: 0 | X70: 4900 | Y70: 0 | Z70: WSWT2025800SM | AA70: 0 | AB70: 0 | AC70: 0 | AD70: 0 | AE70: 0 | AF70: 0 | AG70: รอตัด | AH70: P6 | AI70: 4 | AJ70: 45945 | AK70: 45941 | AL70: 45934 | AM70: 45942 | AN70: 45943 | AO70: 45944 | AP70: 45940 | AQ70: 0 | AR70: 0 | AS70: 0 | AT70: 0 | AU70: 0 | AV70: 0 | AW70: งานเคลือบ+พิมพ์ | AX70: / | AY70: 45930 | AZ70: 0 | BA70: 0 | BB70: 0 | BC70: WRWT25850/WRWT25850 | BD70: 0
A71: 45916 | B71: MK68-001119 | C71: บจก.ซันฟีด | D71: ขุนศึกเบอร์ 1 | E71: 20 | F71: 38 | G71: ขาว | H71: ด้าน | I71: 100 | J71: + | K71: 0 | L71: บิด | M71: ไม่สวมถุงใน | N71: 0 | O71: 0 | P71: 0 | Q71: 0 | R71: 0 | S71: 300กระสอบแบนเต็มใบ | T71: 45945 | U71: 5000 | V71: 5100 | W71: 0 | X71: 5013 | Y71: 0 | Z71: WSWT2025800SM | AA71: 0 | AB71: 0 | AC71: 0 | AD71: 0 | AE71: 0 | AF71: เสียเยอะ | AG71: พร้อมส่ง | AH71: P6 | AI71: 4 | AJ71: 45945 | AK71: 45941 | AL71: 45934 | AM71: 45942 | AN71: 45943 | AO71: 45944 | AP71: 45940 | AQ71: 0 | AR71: 0 | AS71: 0 | AT71: 0 | AU71: 0 | AV71: 0 | AW71: งานเคลือบ+พิมพ์ | AX71: / | AY71: 0 | AZ71: 0 | BA71: 0 | BB71: 0 | BC71: WRWT25850/WRWT25850 | BD71: 0
A72: 45916 | B72: MK68-001119 | C72: บจก.ซันฟีด | D72: ขุนศึกเบอร์ 1 | E72: 20 | F72: 38 | G72: ขาว | H72: ด้าน | I72: 100 | J72: + | K72: 0 | L72: บิด | M72: ไม่สวมถุงใน | N72: 0 | O72: 0 | P72: 0 | Q72: 0 | R72: 0 | S72: 300กระสอบแบนเต็มใบ | T72: 45945 | U72: 5000 | V72: 5000 | W72: 0 | X72: 5100 | Y72: 0 | Z72: WSWT2025800SM | AA72: 0 | AB72: 0 | AC72: 0 | AD72: 0 | AE72: 0 | AF72: 0 | AG72: รอตัด | AH72: P6 | AI72: 4 | AJ72: 45945 | AK72: 45941 | AL72: 45934 | AM72: 45942 | AN72: 45943 | AO72: 45944 | AP72: 45940 | AQ72: 0 | AR72: 0 | AS72: 0 | AT72: 0 | AU72: 0 | AV72: 0 | AW72: งานเคลือบ+พิมพ์ | AX72: / | AY72: 0 | AZ72: 0 | BA72: 0 | BB72: 0 | BC72: WRWT25850/WRWT25850 | BD72: 0
A73: 45937 | B73: MK68-001218 | C73: บจก.อินเทคค์ โกลบอล | D73: สุบรรณ 111 | E73: 20 | F73: 36 | G73: ขาว | H73: ด้าน | I73: 100 | J73: ± | K73: 5 | L73: จับจีบ3.5" | M73: ไม่สวมถุงใน | N73: 0 | O73: 0 | P73: 0 | Q73: 0 | R73: 0 | S73: มัด80 ใช้สายรัด | T73: 45945 | U73: 5040 | V73: 0 | W73: 5040 | X73: 6170 | Y73: 0 | Z73: WSWT2025800SM | AA73: 0 | AB73: 0 | AC73: 0 | AD73: 0 | AE73: 0 | AF73: 0 | AG73: พร้อมส่ง | AH73: P6 | AI73: 4 | AJ73: 45945 | AK73: 45941 | AL73: 45934 | AM73: 45942 | AN73: 45943 | AO73: 45944 | AP73: 45940 | AQ73: 0 | AR73: 0 | AS73: 0 | AT73: 0 | AU73: 0 | AV73: 0 | AW73: งานเคลือบ+พิมพ์ | AX73: 0 | AY73: 0 | AZ73: 0 | BA73: 0 | BB73: 0 | BC73: WRWT25850/WRWT25850 | BD73: 0
A74: 45825 | B74: MK68-000801 | C74: บจก.อินเทคค์ โกลบอล | D74: สุบรรณ 111 | E74: 20 | F74: 36 | G74: ขาว | H74: ด้าน | I74: 100 | J74: ± | K74: 5 | L74: จับจีบ3.5" | M74: ไม่สวมถุงใน | N74: 0 | O74: 0 | P74: 0 | Q74: 0 | R74: 0 | S74: มัด80 ใช้สายรัด | T74: 45945 | U74: 894 | V74: 525 | W74: 369 | X74: 925 | Y74: 0 | Z74: WSWT2025800SM | AA74: 0 | AB74: 0 | AC74: 0 | AD74: 0 | AE74: 0 | AF74: 0 | AG74: พร้อมส่ง | AH74: P6 | AI74: 4 | AJ74: 45945 | AK74: 45941 | AL74: 45934 | AM74: 45942 | AN74: 45943 | AO74: 45944 | AP74: 45940 | AQ74: 0 | AR74: 0 | AS74: 0 | AT74: 0 | AU74: 0 | AV74: 0 | AW74: งานเคลือบ+พิมพ์ | AX74: / | AY74: 0 | AZ74: 0 | BA74: 0 | BB74: 0 | BC74: WRWT25850/WRWT25850 | BD74: 0
A75: 45936 | B75: MK68-001216 | C75: บจก.อินเทคค์ โกลบอล | D75: สุบรรณ 666 | E75: 20 | F75: 36 | G75: ขาว | H75: ด้าน | I75: 100 | J75: ± | K75: 5 | L75: จับจีบ3.5" | M75: ไม่สวมถุงใน | N75: 0 | O75: 0 | P75: 0 | Q75: 0 | R75: 0 | S75: มัด80 ใช้สายรัด | T75: 45945 | U75: 5040 | V75: 0 | W75: 5040 | X75: 6000 | Y75: 0 | Z75: WSWT2025800SM | AA75: 0 | AB75: 0 | AC75: 0 | AD75: 0 | AE75: 0 | AF75: 0 | AG75: ยังไม่ได้พิมพ์ | AH75: P6 | AI75: 4 | AJ75: 45945 | AK75: 45941 | AL75: 45934 | AM75: 45942 | AN75: 45943 | AO75: 45944 | AP75: 45940 | AQ75: 0 | AR75: 0 | AS75: 0 | AT75: 0 | AU75: 0 | AV75: 0 | AW75: งานเคลือบ+พิมพ์ | AX75: / | AY75: 0 | AZ75: 0 | BA75: 0 | BB75: 0 | BC75: WRWT25850/WRWT25850 | BD75: 0
A76: 45523 | B76: MK67-001153 | C76: บจก.อินเทคค์ โกลบอล | D76: สุบรรณ 666 | E76: 20 | F76: 36 | G76: ขาว | H76: ด้าน | I76: 100 | J76: ± | K76: 5 | L76: จับจีบ3.5" | M76: ไม่สวมถุงใน | N76: 0 | O76: 0 | P76: 0 | Q76: 0 | R76: 0 | S76: มัด80 ใช้สายรัด | T76: 45945 | U76: 89 | V76: 0 | W76: 89 | X76: 100 | Y76: 0 | Z76: WSWT2025800SM | AA76: 0 | AB76: 0 | AC76: 0 | AD76: 0 | AE76: 0 | AF76: 0 | AG76: พร้อมส่ง | AH76: P6 | AI76: 4 | AJ76: 45945 | AK76: 45941 | AL76: 45934 | AM76: 45942 | AN76: 45943 | AO76: 45944 | AP76: 45940 | AQ76: 0 | AR76: 0 | AS76: 0 | AT76: 0 | AU76: 0 | AV76: 0 | AW76: งานเคลือบ+พิมพ์ | AX76: / | AY76: 0 | AZ76: 0 | BA76: 0 | BB76: 0 | BC76: WRWT25850/WRWT25850 | BD76: 0
A77: 45916 | B77: MK68-001119 | C77: บจก.ซันฟีด | D77: 953 | E77: 20 | F77: 38 | G77: ขาว | H77: ด้าน | I77: 100 | J77: + | K77: 0 | L77: บิด | M77: ไม่สวมถุงใน | N77: 0 | O77: 0 | P77: 0 | Q77: 0 | R77: 0 | S77: 300กระสอบแบนเต็มใบ | T77: 45945 | U77: 2500 | V77: 2700 | W77: 0 | X77: 5250 | Y77: 0 | Z77: WSWT2025800SM | AA77: 0 | AB77: 0 | AC77: 0 | AD77: 0 | AE77: 0 | AF77: 0 | AG77: รอตัด | AH77: P6 | AI77: 4 | AJ77: 45945 | AK77: 45941 | AL77: 45934 | AM77: 45942 | AN77: 45943 | AO77: 45944 | AP77: 45940 | AQ77: 0 | AR77: 0 | AS77: 0 | AT77: 0 | AU77: 0 | AV77: 0 | AW77: งานเคลือบ+พิมพ์ | AX77: / | AY77: 45930 | AZ77: 0 | BA77: 0 | BB77: 0 | BC77: WRWT25850/WRWT25850 | BD77: 0
A78: 45923 | B78: MK68-001157 | C78: บจก.เอสพีเอ็ม อาหารสัตว์ | D78: HERO 111 | E78: 20 | F78: 38 | G78: ขาว | H78: ด้าน | I78: 100 | J78: ± | K78: 5 | L78: บิด | M78: ไม่สวมถุงใน | N78: 0 | O78: 0 | P78: 0 | Q78: 0 | R78: 0 | S78: 500กระสอบแบน | T78: 45946 | U78: 3000 | V78: 0 | W78: 3000 | X78: 0 | Y78: 3150 | Z78: WSWT2025800SM | AA78: 3310.89 | AB78: 3310.89 | AC78: 0 | AD78: 0 | AE78: 3310.89 | AF78: 0 | AG78: ยังไม่ได้พิมพ์ | AH78: P6 | AI78: 4 | AJ78: 45946 | AK78: 45942 | AL78: 45935 | AM78: 45943 | AN78: 45944 | AO78: 45945 | AP78: 45941 | AQ78: 0 | AR78: 0 | AS78: 0 | AT78: 0 | AU78: 0 | AV78: 0 | AW78: งานเคลือบ+พิมพ์ | AX78: / | AY78: 0 | AZ78: 0 | BA78: 0 | BB78: 0 | BC78: WRWT25850/WRWT25850 | BD78: 0
A79: 45916 | B79: MK68-001119 | C79: บจก.ซันฟีด | D79: 007 | E79: 20 | F79: 38 | G79: ขาว | H79: ด้าน | I79: 100 | J79: + | K79: 0 | L79: บิด | M79: ไม่สวมถุงใน | N79: 0 | O79: 0 | P79: 0 | Q79: 0 | R79: 0 | S79: 300กระสอบแบนเต็มใบ | T79: 45947 | U79: 2500 | V79: 2500 | W79: 0 | X79: 2550 | Y79: 0 | Z79: WSWT2025800SM | AA79: 0 | AB79: 0 | AC79: 0 | AD79: 0 | AE79: 0 | AF79: 0 | AG79: รอตัด | AH79: P6 | AI79: 4 | AJ79: 45947 | AK79: 45943 | AL79: 45936 | AM79: 45944 | AN79: 45945 | AO79: 45946 | AP79: 45942 | AQ79: 0 | AR79: 0 | AS79: 0 | AT79: 0 | AU79: 0 | AV79: 0 | AW79: งานเคลือบ+พิมพ์ | AX79: / | AY79: 0 | AZ79: 0 | BA79: 0 | BB79: 0 | BC79: WRWT25850/WRWT25850 | BD79: 0
A80: 45911 | B80: MK68-001105 | C80: บจก.เอพีเอ็ม อะโกร | D80: ฟีล-กู๊ด พี6 | E80: 20 | F80: 38 | G80: ขาว | H80: ใส | I80: 100 | J80: ± | K80: 5 | L80: บิด | M80: ไม่สวมถุงใน | N80: 0 | O80: 0 | P80: 0 | Q80: 0 | R80: 0 | S80: 500กระสอบแบน | T80: 45947 | U80: 8000 | V80: 4000 | W80: 4000 | X80: 8465 | Y80: 0 | Z80: WSWT2025800SM | AA80: 0 | AB80: 0 | AC80: 0 | AD80: 0 | AE80: 0 | AF80: 0 | AG80: พร้อมส่ง | AH80: P6 | AI80: 4 | AJ80: 45947 | AK80: 45943 | AL80: 45936 | AM80: 45944 | AN80: 45945 | AO80: 45946 | AP80: 45942 | AQ80: 0 | AR80: 0 | AS80: 0 | AT80: 0 | AU80: 0 | AV80: 0 | AW80: งานเคลือบ+พิมพ์ | AX80: / | AY80: 0 | AZ80: 0 | BA80: 0 | BB80: 0 | BC80: WRWT25850/WRWT25850 | BD80: 0
A81: 45909 | B81: MK68-001092 | C81: บจก.เอพีเอ็ม อะโกร | D81: APM915 | E81: 20 | F81: 38 | G81: ขาว | H81: ใส | I81: 100 | J81: ± | K81: 5 | L81: บิด | M81: ไม่สวมถุงใน | N81: 0 | O81: 0 | P81: 0 | Q81: 0 | R81: 0 | S81: 500กระสอบแบน | T81: 45947 | U81: 3000 | V81: 0 | W81: 3000 | X81: 0 | Y81: 3150 | Z81: WSWT2025800SM | AA81: 3310.89 | AB81: 3310.89 | AC81: 0 | AD81: 3310.89 | AE81: 0 | AF81: 0 | AG81: รอตัด | AH81: P6 | AI81: 4 | AJ81: 45947 | AK81: 45943 | AL81: 45936 | AM81: 45944 | AN81: 45945 | AO81: 45946 | AP81: 45942 | AQ81: 0 | AR81: 0 | AS81: 0 | AT81: 0 | AU81: 0 | AV81: 0 | AW81: งานเคลือบ+พิมพ์ | AX81: / | AY81: 0 | AZ81: 0 | BA81: 0 | BB81: 0 | BC81: WRWT25850/WRWT25850 | BD81: 0
A82: 45916 | B82: MK68-001119 | C82: บจก.ซันฟีด | D82: 952 | E82: 20 | F82: 38 | G82: ขาว | H82: ด้าน | I82: 100 | J82: + | K82: 0 | L82: บิด | M82: ไม่สวมถุงใน | N82: 0 | O82: 0 | P82: 0 | Q82: 0 | R82: 0 | S82: 300กระสอบแบนเต็มใบ | T82: 45947 | U82: 7500 | V82: 5245 | W82: 2255 | X82: 7625 | Y82: 0 | Z82: WSWT2025800SM | AA82: 0 | AB82: 0 | AC82: 0 | AD82: 0 | AE82: 0 | AF82: 0 | AG82: ยังไม่ได้พิมพ์ | AH82: P6 | AI82: 4 | AJ82: 45947 | AK82: 45943 | AL82: 45936 | AM82: 45944 | AN82: 45945 | AO82: 45946 | AP82: 45942 | AQ82: 0 | AR82: 0 | AS82: 0 | AT82: 0 | AU82: 0 | AV82: 0 | AW82: งานเคลือบ+พิมพ์ | AX82: / | AY82: 0 | AZ82: 0 | BA82: 0 | BB82: 0 | BC82: WRWT25850/WRWT25850 | BD82: 0
A83: 45916 | B83: MK68-001119 | C83: บจก.ซันฟีด | D83: ขุนศึกเบอร์ 2 | E83: 20 | F83: 38 | G83: ขาว | H83: ด้าน | I83: 100 | J83: + | K83: 0 | L83: บิด | M83: ไม่สวมถุงใน | N83: 0 | O83: 0 | P83: 0 | Q83: 0 | R83: 0 | S83: 300กระสอบแบนเต็มใบ | T83: 45951 | U83: 5000 | V83: 4617 | W83: 383 | X83: 5100 | Y83: 0 | Z83: WSWT2025800SM | AA83: 0 | AB83: 0 | AC83: 0 | AD83: 0 | AE83: 0 | AF83: 0 | AG83: พร้อมส่ง | AH83: P6 | AI83: 4 | AJ83: 45951 | AK83: 45947 | AL83: 45940 | AM83: 45948 | AN83: 45949 | AO83: 45950 | AP83: 45946 | AQ83: 0 | AR83: 0 | AS83: 0 | AT83: 0 | AU83: 0 | AV83: 0 | AW83: งานเคลือบ+พิมพ์ | AX83: / | AY83: 0 | AZ83: 0 | BA83: 0 | BB83: 0 | BC83: WRWT25850/WRWT25850 | BD83: 0
A84: 45916 | B84: MK68-001119 | C84: บจก.ซันฟีด | D84: 956 | E84: 20 | F84: 38 | G84: ขาว | H84: ด้าน | I84: 100 | J84: + | K84: 0 | L84: บิด | M84: ไม่สวมถุงใน | N84: 0 | O84: 0 | P84: 0 | Q84: 0 | R84: 0 | S84: 300กระสอบแบนเต็มใบ | T84: 45951 | U84: 2500 | V84: 1371 | W84: 1129 | X84: 2550 | Y84: 0 | Z84: WSWT2025800SM | AA84: 0 | AB84: 0 | AC84: 0 | AD84: 0 | AE84: 0 | AF84: 0 | AG84: ยังไม่ได้พิมพ์ | AH84: P6 | AI84: 4 | AJ84: 45951 | AK84: 45947 | AL84: 45940 | AM84: 45948 | AN84: 45949 | AO84: 45950 | AP84: 45946 | AQ84: 0 | AR84: 0 | AS84: 0 | AT84: 0 | AU84: 0 | AV84: 0 | AW84: งานเคลือบ+พิมพ์ | AX84: / | AY84: 0 | AZ84: 0 | BA84: 0 | BB84: 0 | BC84: WRWT25850/WRWT25850 | BD84: 0
A85: 45892 | B85: MK68-001027 | C85: บจก.เอสพีเอ็ม อาหารสัตว์ | D85: นีโอ 05 | E85: 20 | F85: 38 | G85: ขาว | H85: ด้าน | I85: 100 | J85: ± | K85: 5 | L85: ไม่ | M85: ไม่สวมถุงใน | N85: 0 | O85: 0 | P85: 0 | Q85: 0 | R85: 0 | S85: 500กระสอบแบน | T85: 45951 | U85: 6000 | V85: 0 | W85: 6000 | X85: 0 | Y85: 6300 | Z85: WSWT2025800SM | AA85: 6621.78 | AB85: 6621.78 | AC85: 0 | AD85: 0 | AE85: 6621.78 | AF85: 0 | AG85: ยังไม่ได้พิมพ์ | AH85: P6 | AI85: 4 | AJ85: 45951 | AK85: 45947 | AL85: 45940 | AM85: 45948 | AN85: 45949 | AO85: 45950 | AP85: 45946 | AQ85: 0 | AR85: 0 | AS85: 0 | AT85: 0 | AU85: 0 | AV85: 0 | AW85: งานเคลือบ+พิมพ์ | AX85: / | AY85: 0 | AZ85: 0 | BA85: 0 | BB85: 0 | BC85: WRWT25850/WRWT25850 | BD85: 0
A86: 45916 | B86: MK68-001119 | C86: บจก.ซันฟีด | D86: 953 | E86: 20 | F86: 38 | G86: ขาว | H86: ด้าน | I86: 100 | J86: + | K86: 0 | L86: บิด | M86: ไม่สวมถุงใน | N86: 0 | O86: 0 | P86: 0 | Q86: 0 | R86: 0 | S86: 300กระสอบแบนเต็มใบ | T86: 45951 | U86: 5000 | V86: 4825 | W86: 175 | X86: 5200 | Y86: 0 | Z86: WSWT2025800SM | AA86: 0 | AB86: 0 | AC86: 0 | AD86: 0 | AE86: 0 | AF86: 0 | AG86: พร้อมส่ง | AH86: P6 | AI86: 4 | AJ86: 45951 | AK86: 45947 | AL86: 45940 | AM86: 45948 | AN86: 45949 | AO86: 45950 | AP86: 45946 | AQ86: 0 | AR86: 0 | AS86: 0 | AT86: 0 | AU86: 0 | AV86: 0 | AW86: งานเคลือบ+พิมพ์ | AX86: / | AY86: 0 | AZ86: 0 | BA86: 0 | BB86: 0 | BC86: WRWT25850/WRWT25850 | BD86: 0
A87: 45933 | B87: MK68-001207 | C87: บจก.เอสพีเอ็ม อาหารสัตว์ | D87: นาโน 04 | E87: 20 | F87: 38 | G87: ขาว | H87: ด้าน | I87: 100 | J87: ± | K87: 5 | L87: บิด | M87: ไม่สวมถุงใน | N87: 0 | O87: 0 | P87: 0 | Q87: 0 | R87: 0 | S87: 500กระสอบแบน | T87: 45951 | U87: 3000 | V87: 0 | W87: 3000 | X87: 0 | Y87: 3150 | Z87: WSWT2025800SM | AA87: 3310.89 | AB87: 3310.89 | AC87: 0 | AD87: 0 | AE87: 3310.89 | AF87: 0 | AG87: ยังไม่ได้พิมพ์ | AH87: P6 | AI87: 4 | AJ87: 45951 | AK87: 45947 | AL87: 45940 | AM87: 45948 | AN87: 45949 | AO87: 45950 | AP87: 45946 | AQ87: 0 | AR87: 0 | AS87: 0 | AT87: 0 | AU87: 0 | AV87: 0 | AW87: งานเคลือบ+พิมพ์ | AX87: / | AY87: 0 | AZ87: 0 | BA87: 0 | BB87: 0 | BC87: WRWT25850/WRWT25850 | BD87: 0
A88: 45916 | B88: MK68-001119 | C88: บจก.ซันฟีด | D88: 917 | E88: 20 | F88: 37 | G88: ขาว | H88: ด้าน | I88: 98 | J88: + | K88: 0 | L88: บิด | M88: ไม่สวมถุงใน | N88: 0 | O88: 0 | P88: 0 | Q88: 0 | R88: 0 | S88: 300กระสอบแบนเต็มใบ | T88: 45952 | U88: 2500 | V88: 0 | W88: 2500 | X88: 0 | Y88: 2625 | Z88: WSWT2025800SM | AA88: 2689.225 | AB88: 2689.225 | AC88: 0 | AD88: 0 | AE88: 2689.225 | AF88: 0 | AG88: ยังไม่ได้พิมพ์ | AH88: P6 | AI88: 4 | AJ88: 45952 | AK88: 45948 | AL88: 45941 | AM88: 45949 | AN88: 45950 | AO88: 45951 | AP88: 45947 | AQ88: 0 | AR88: 0 | AS88: 0 | AT88: 0 | AU88: 0 | AV88: 0 | AW88: งานเคลือบ+พิมพ์ | AX88: / | AY88: 0 | AZ88: 0 | BA88: 0 | BB88: 0 | BC88: WRWT25850/WRWT25850 | BD88: 0
A89: 45891 | B89: MK68-001033 | C89: บจก.เอสพีเอ็ม อาหารสัตว์ | D89: นาโน 03 | E89: 20 | F89: 38 | G89: ขาว | H89: ด้าน | I89: 100 | J89: ± | K89: 5 | L89: บิด | M89: ไม่สวมถุงใน | N89: 0 | O89: 0 | P89: 0 | Q89: 0 | R89: 0 | S89: 500กระสอบแบน | T89: 45951 | U89: 9000 | V89: 8447 | W89: 553 | X89: 9150 | Y89: 0 | Z89: WSWT2025800SM | AA89: 0 | AB89: 0 | AC89: 0 | AD89: 0 | AE89: 0 | AF89: 0 | AG89: พร้อมส่ง | AH89: P6 | AI89: 5 | AJ89: 45951 | AK89: 45946 | AL89: 45939 | AM89: 45947 | AN89: 45948 | AO89: 45949 | AP89: 45946 | AQ89: 0 | AR89: 0 | AS89: 0 | AT89: 0 | AU89: 0 | AV89: 0 | AW89: งานเคลือบ+พิมพ์ | AX89: / | AY89: 8447 | AZ89: 0 | BA89: 0 | BB89: 0 | BC89: WRWT25850/WRWT25850 | BD89: 0
A90: 45933 | B90: MK68-001213 | C90: บจก.เอสพีเอ็ม อาหารสัตว์ | D90: SPM914 | E90: 20 | F90: 38 | G90: ขาว | H90: ด้าน | I90: 100 | J90: ± | K90: 5 | L90: บิด | M90: ไม่สวมถุงใน | N90: 0 | O90: 0 | P90: 0 | Q90: 0 | R90: 0 | S90: 500กระสอบแบน | T90: 45953 | U90: 3000 | V90: 0 | W90: 3000 | X90: 0 | Y90: 3150 | Z90: WSWT2025800SM | AA90: 3310.89 | AB90: 3310.89 | AC90: 0 | AD90: 0 | AE90: 3310.89 | AF90: 0 | AG90: พร้อมส่ง | AH90: P6 | AI90: 4 | AJ90: 45953 | AK90: 45949 | AL90: 45942 | AM90: 45950 | AN90: 45951 | AO90: 45952 | AP90: 45948 | AQ90: 0 | AR90: 0 | AS90: 0 | AT90: 0 | AU90: 0 | AV90: 0 | AW90: งานเคลือบ+พิมพ์ | AX90: / | AY90: 0 | AZ90: 0 | BA90: 0 | BB90: 0 | BC90: WRWT25850/WRWT25850 | BD90: 0
A91: 45923 | B91: MK68-001159 | C91: บจก.เอสพีเอ็ม อาหารสัตว์ | D91: SPM 915 | E91: 20 | F91: 38 | G91: ขาว | H91: ด้าน | I91: 100 | J91: ± | K91: 5 | L91: บิด | M91: ไม่สวมถุงใน | N91: 0 | O91: 0 | P91: 0 | Q91: 0 | R91: 0 | S91: 500กระสอบแบน | T91: 45953 | U91: 3000 | V91: 0 | W91: 3000 | X91: 0 | Y91: 3150 | Z91: WSWT2025800SM | AA91: 3310.89 | AB91: 3310.89 | AC91: 0 | AD91: 0 | AE91: 3310.89 | AF91: 0 | AG91: ยังไม่ได้พิมพ์ | AH91: P6 | AI91: 4 | AJ91: 45953 | AK91: 45949 | AL91: 45942 | AM91: 45950 | AN91: 45951 | AO91: 45952 | AP91: 45948 | AQ91: 0 | AR91: 0 | AS91: 0 | AT91: 0 | AU91: 0 | AV91: 0 | AW91: งานเคลือบ+พิมพ์ | AX91: / | AY91: 0 | AZ91: 0 | BA91: 0 | BB91: 0 | BC91: WRWT25850/WRWT25850 | BD91: 0
A92: 45916 | B92: MK68-001119 | C92: บจก.ซันฟีด | D92: ขุนศึกเบอร์ 1 | E92: 20 | F92: 38 | G92: ขาว | H92: ด้าน | I92: 100 | J92: + | K92: 0 | L92: บิด | M92: ไม่สวมถุงใน | N92: 0 | O92: 0 | P92: 0 | Q92: 0 | R92: 0 | S92: 300กระสอบแบนเต็มใบ | T92: 45954 | U92: 5000 | V92: 5000 | W92: 0 | X92: 5150 | Y92: 0 | Z92: WSWT2025800SM | AA92: 0 | AB92: 0 | AC92: 0 | AD92: 0 | AE92: 0 | AF92: 0 | AG92: ยังไม่ได้พิมพ์ | AH92: P6 | AI92: 4 | AJ92: 45954 | AK92: 45950 | AL92: 45943 | AM92: 45951 | AN92: 45952 | AO92: 45953 | AP92: 45949 | AQ92: 0 | AR92: 0 | AS92: 0 | AT92: 0 | AU92: 0 | AV92: 0 | AW92: งานเคลือบ+พิมพ์ | AX92: / | AY92: 0 | AZ92: 0 | BA92: 0 | BB92: 0 | BC92: WRWT25850/WRWT25850 | BD92: 0
A93: 45916 | B93: MK68-001119 | C93: บจก.ซันฟีด | D93: 007 | E93: 20 | F93: 38 | G93: ขาว | H93: ด้าน | I93: 100 | J93: + | K93: 0 | L93: บิด | M93: ไม่สวมถุงใน | N93: 0 | O93: 0 | P93: 0 | Q93: 0 | R93: 0 | S93: 300กระสอบแบนเต็มใบ | T93: 45954 | U93: 2500 | V93: 2500 | W93: 0 | X93: 2550 | Y93: 0 | Z93: WSWT2025800SM | AA93: 0 | AB93: 0 | AC93: 0 | AD93: 0 | AE93: 0 | AF93: 0 | AG93: พร้อมส่ง | AH93: P6 | AI93: 4 | AJ93: 45954 | AK93: 45950 | AL93: 45943 | AM93: 45951 | AN93: 45952 | AO93: 45953 | AP93: 45949 | AQ93: 0 | AR93: 0 | AS93: 0 | AT93: 0 | AU93: 0 | AV93: 0 | AW93: งานเคลือบ+พิมพ์ | AX93: / | AY93: 0 | AZ93: 0 | BA93: 0 | BB93: 0 | BC93: WRWT25850/WRWT25850 | BD93: 0
A94: 45916 | B94: MK68-001119 | C94: บจก.ซันฟีด | D94: 952 | E94: 20 | F94: 38 | G94: ขาว | H94: ด้าน | I94: 100 | J94: + | K94: 0 | L94: บิด | M94: ไม่สวมถุงใน | N94: 0 | O94: 0 | P94: 0 | Q94: 0 | R94: 0 | S94: 300กระสอบแบนเต็มใบ | T94: 45954 | U94: 5000 | V94: 0 | W94: 5000 | X94: 0 | Y94: 5250 | Z94: WSWT2025800SM | AA94: 5518.15 | AB94: 1413 | AC94: 4105.15 | AD94: 0 | AE94: 5518.15 | AF94: 0 | AG94: พร้อมส่ง | AH94: P6 | AI94: 4 | AJ94: 45954 | AK94: 45950 | AL94: 45943 | AM94: 45951 | AN94: 45952 | AO94: 45953 | AP94: 45949 | AQ94: 0 | AR94: 0 | AS94: 0 | AT94: 0 | AU94: 0 | AV94: 0 | AW94: งานเคลือบ+พิมพ์ | AX94: / | AY94: 0 | AZ94: 0 | BA94: 0 | BB94: 0 | BC94: WRWT25850/WRWT25850 | BD94: 310.16689
A95: 45798 | B95: MK68-000693 | C95: บจก.เอพีเอ็ม อะโกร | D95: ฟีล กู๊ด พี7 | E95: 20 | F95: 38 | G95: ขาว | H95: ใส | I95: 100 | J95: ± | K95: 5 | L95: บิด | M95: ไม่สวมถุงใน | N95: 0 | O95: 0 | P95: 0 | Q95: 0 | R95: 0 | S95: 500กระสอบแบน | T95: 45957 | U95: 3000 | V95: 0 | W95: 3000 | X95: 0 | Y95: 3150 | Z95: WSWT2025800SM | AA95: 3310.89 | AB95: 3310.89 | AC95: 0 | AD95: 3310.89 | AE95: 0 | AF95: 0 | AG95: ยังไม่ได้พิมพ์ | AH95: P6 | AI95: 4 | AJ95: 45957 | AK95: 45953 | AL95: 45946 | AM95: 45954 | AN95: 45955 | AO95: 45956 | AP95: 45952 | AQ95: 0 | AR95: 0 | AS95: 0 | AT95: 0 | AU95: 0 | AV95: 0 | AW95: งานเคลือบ+พิมพ์ | AX95: / | AY95: 0 | AZ95: 0 | BA95: 0 | BB95: 0 | BC95: WRWT25850/WRWT25850 | BD95: 0
A96: 45916 | B96: MK68-001119 | C96: บจก.ซันฟีด | D96: ขุนศึกเบอร์ 2 | E96: 20 | F96: 38 | G96: ขาว | H96: ด้าน | I96: 100 | J96: + | K96: 0 | L96: บิด | M96: ไม่สวมถุงใน | N96: 0 | O96: 0 | P96: 0 | Q96: 0 | R96: 0 | S96: 300กระสอบแบนเต็มใบ | T96: 45958 | U96: 5000 | V96: 5000 | W96: 0 | X96: 5100 | Y96: 0 | Z96: WSWT2025800SM | AA96: 0 | AB96: 0 | AC96: 0 | AD96: 0 | AE96: 0 | AF96: 0 | AG96: พร้อมส่ง | AH96: P6 | AI96: 4 | AJ96: 45958 | AK96: 45954 | AL96: 45947 | AM96: 45955 | AN96: 45956 | AO96: 45957 | AP96: 45953 | AQ96: 0 | AR96: 0 | AS96: 0 | AT96: 0 | AU96: 0 | AV96: 0 | AW96: งานเคลือบ+พิมพ์ | AX96: / | AY96: 0 | AZ96: 0 | BA96: 0 | BB96: 0 | BC96: WRWT25850/WRWT25850 | BD96: 0
A97: 45909 | B97: MK68-001093 | C97: บจก.เอสพีเอ็ม อาหารสัตว์ | D97: เอส ฟาร์ม115 | E97: 20 | F97: 38 | G97: ขาว | H97: ด้าน | I97: 100 | J97: ± | K97: 5 | L97: บิด | M97: ไม่สวมถุงใน | N97: 0 | O97: 0 | P97: 0 | Q97: 0 | R97: 0 | S97: 500กระสอบแบน | T97: 45958 | U97: 6000 | V97: 5531 | W97: 469 | X97: 6100 | Y97: 0 | Z97: WSWT2025800SM | AA97: 0 | AB97: 0 | AC97: 0 | AD97: 0 | AE97: 0 | AF97: 0 | AG97: รอแบบ | AH97: P6 | AI97: 4 | AJ97: 45958 | AK97: 45954 | AL97: 45947 | AM97: 45955 | AN97: 45956 | AO97: 45957 | AP97: 45953 | AQ97: 0 | AR97: 0 | AS97: 0 | AT97: 0 | AU97: 0 | AV97: 0 | AW97: งานเคลือบ+พิมพ์ | AX97: / | AY97: 0 | AZ97: 0 | BA97: 0 | BB97: 0 | BC97: WRWT25850/WRWT25850 | BD97: 0
A98: 45916 | B98: MK68-001119 | C98: บจก.ซันฟีด | D98: ขุนศึกเบอร์ 1 | E98: 20 | F98: 38 | G98: ขาว | H98: ด้าน | I98: 100 | J98: + | K98: 0 | L98: บิด | M98: ไม่สวมถุงใน | N98: 0 | O98: 0 | P98: 0 | Q98: 0 | R98: 0 | S98: 300กระสอบแบนเต็มใบ | T98: 45960 | U98: 5000 | V98: 0 | W98: 5000 | X98: 0 | Y98: 5250 | Z98: WSWT2025800SM | AA98: 5518.15 | AB98: 5518.15 | AC98: 0 | AD98: 0 | AE98: 5518.15 | AF98: 0 | AG98: รอแบบ | AH98: P6 | AI98: 4 | AJ98: 45960 | AK98: 45956 | AL98: 45949 | AM98: 45957 | AN98: 45958 | AO98: 45959 | AP98: 45955 | AQ98: 0 | AR98: 0 | AS98: 0 | AT98: 0 | AU98: 0 | AV98: 0 | AW98: งานเคลือบ+พิมพ์ | AX98: / | AY98: 0 | AZ98: 0 | BA98: 0 | BB98: 0 | BC98: WRWT25850/WRWT25850 | BD98: 0
A99: 45916 | B99: MK68-001119 | C99: บจก.ซันฟีด | D99: ขุนศึกเบอร์ 2 | E99: 20 | F99: 38 | G99: ขาว | H99: ด้าน | I99: 100 | J99: + | K99: 0 | L99: บิด | M99: ไม่สวมถุงใน | N99: 0 | O99: 0 | P99: 0 | Q99: 0 | R99: 0 | S99: 300กระสอบแบนเต็มใบ | T99: 45960 | U99: 5000 | V99: 5000 | W99: 0 | X99: 5385 | Y99: 0 | Z99: WSWT2025800SM | AA99: 0 | AB99: 0 | AC99: 0 | AD99: 0 | AE99: 0 | AF99: 0 | AG99: ยังไม่ได้พิมพ์ | AH99: P6 | AI99: 4 | AJ99: 45960 | AK99: 45956 | AL99: 45949 | AM99: 45957 | AN99: 45958 | AO99: 45959 | AP99: 45955 | AQ99: 0 | AR99: 0 | AS99: 0 | AT99: 0 | AU99: 0 | AV99: 0 | AW99: งานเคลือบ+พิมพ์ | AX99: / | AY99: 0 | AZ99: 0 | BA99: 0 | BB99: 0 | BC99: WRWT25850/WRWT25850 | BD99: 0
A100: ประมาณการ | B100: ประมาณการ | C100: บจก.เอสพีเอ็ม อาหารสัตว์ | D100: รอแบบ | E100: 20 | F100: 38 | G100: ขาว | H100: ใส | I100: 100 | J100: ± | K100: 5 | L100: บิด | M100: ไม่สวมถุงใน | N100: 0 | O100: 0 | P100: 0 | Q100: 0 | R100: 0 | S100: 500กระสอบแบน | T100: 45960 | U100: 20000 | V100: 0 | W100: 20000 | X100: 0 | Y100: 21000 | Z100: WSWT2025800SM | AA100: 22072.6 | AB100: 0 | AC100: 22072.6 | AD100: 0 | AE100: 22072.6 | AF100: 0 | AG100: รอตัด | AH100: P6 | AI100: 4 | AJ100: 45960 | AK100: 45956 | AL100: 45949 | AM100: 45957 | AN100: 45958 | AO100: 45959 | AP100: 45955 | AQ100: 0 | AR100: 0 | AS100: 0 | AT100: 0 | AU100: 0 | AV100: 0 | AW100: งานเคลือบ+พิมพ์ | AX100: รอART | AY100: 0 | AZ100: 0 | BA100: 0 | BB100: 0 | BC100: WRWT25850/WRWT25850 | BD100: 1667.7076
A101: ประมาณการ | B101: ประมาณการ | C101: บจก.ไทยธรรมดี | D101: รอแบบ | E101: 20 | F101: 37 | G101: ขาว | H101: ด้าน | I101: 97 | J101: ± | K101: 5 | L101: บิด | M101: ไม่สวมถุงใน | N101: 0 | O101: 0 | P101: 0 | Q101: 0 | R101: 0 | S101: 500กระสอบ | T101: 45960 | U101: 20000 | V101: 0 | W101: 20000 | X101: 0 | Y101: 21000 | Z101: WSWT2025800SM | AA101: 21513.8 | AB101: 0 | AC101: 21513.8 | AD101: 0 | AE101: 21513.8 | AF101: 0 | AG101: ยังไม่ได้พิมพ์ | AH101: P6 | AI101: 4 | AJ101: 45960 | AK101: 45956 | AL101: 45949 | AM101: 45957 | AN101: 45958 | AO101: 45959 | AP101: 45955 | AQ101: 0 | AR101: 0 | AS101: 0 | AT101: 0 | AU101: 0 | AV101: 0 | AW101: งานเคลือบ+พิมพ์ | AX101: รอART | AY101: 0 | AZ101: 0 | BA101: 0 | BB101: 0 | BC101: WRWT25850/WRWT25850 | BD101: 1625.4871
A102: 45916 | B102: MK68-001119 | C102: บจก.ซันฟีด | D102: ขุนศึกเบอร์ 1 | E102: 20 | F102: 38 | G102: ขาว | H102: ด้าน | I102: 100 | J102: + | K102: 0 | L102: บิด | M102: ไม่สวมถุงใน | N102: 0 | O102: 0 | P102: 0 | Q102: 0 | R102: 0 | S102: 300กระสอบแบนเต็มใบ | T102: 45960 | U102: 5000 | V102: 0 | W102: 5000 | X102: 0 | Y102: 5250 | Z102: WSWT2025800SM | AA102: 5518.15 | AB102: 0 | AC102: 5518.15 | AD102: 0 | AE102: 5518.15 | AF102: 0 | AG102: ยังไม่ได้พิมพ์ | AH102: P6 | AI102: 4 | AJ102: 45960 | AK102: 45956 | AL102: 45949 | AM102: 45957 | AN102: 45958 | AO102: 45959 | AP102: 45955 | AQ102: 0 | AR102: 0 | AS102: 0 | AT102: 0 | AU102: 0 | AV102: 0 | AW102: งานเคลือบ+พิมพ์ | AX102: / | AY102: 0 | AZ102: 0 | BA102: 0 | BB102: 0 | BC102: WRWT25850/WRWT25850 | BD102: 416.92689
A103: 45916 | B103: MK68-001119 | C103: บจก.ซันฟีด | D103: 007 | E103: 20 | F103: 38 | G103: ขาว | H103: ด้าน | I103: 100 | J103: + | K103: 0 | L103: บิด | M103: ไม่สวมถุงใน | N103: 0 | O103: 0 | P103: 0 | Q103: 0 | R103: 0 | S103: 300กระสอบแบนเต็มใบ | T103: 45961 | U103: 2500 | V103: 1129 | W103: 1371 | X103: 2550 | Y103: 0 | Z103: WSWT2025800SM | AA103: 0 | AB103: 0 | AC103: 0 | AD103: 0 | AE103: 0 | AF103: 0 | AG103: ยังไม่ได้พิมพ์ | AH103: P6 | AI103: 4 | AJ103: 45961 | AK103: 45957 | AL103: 45950 | AM103: 45958 | AN103: 45959 | AO103: 45960 | AP103: 45956 | AQ103: 0 | AR103: 0 | AS103: 0 | AT103: 0 | AU103: 0 | AV103: 0 | AW103: งานเคลือบ+พิมพ์ | AX103: / | AY103: 0 | AZ103: 0 | BA103: 0 | BB103: 0 | BC103: WRWT25850/WRWT25850 | BD103: 0
A104: 45916 | B104: MK68-001119 | C104: บจก.ซันฟีด | D104: 917 | E104: 20 | F104: 37 | G104: ขาว | H104: ด้าน | I104: 98 | J104: + | K104: 0 | L104: บิด | M104: ไม่สวมถุงใน | N104: 0 | O104: 0 | P104: 0 | Q104: 0 | R104: 0 | S104: 300กระสอบแบนเต็มใบ | T104: 45961 | U104: 2500 | V104: 0 | W104: 2500 | X104: 0 | Y104: 2625 | Z104: WSWT2025800SM | AA104: 2689.225 | AB104: 0 | AC104: 2689.225 | AD104: 0 | AE104: 2689.225 | AF104: 0 | AG104: ยังไม่ได้พิมพ์ | AH104: P6 | AI104: 4 | AJ104: 45961 | AK104: 45957 | AL104: 45950 | AM104: 45958 | AN104: 45959 | AO104: 45960 | AP104: 45956 | AQ104: 0 | AR104: 0 | AS104: 0 | AT104: 0 | AU104: 0 | AV104: 0 | AW104: งานเคลือบ+พิมพ์ | AX104: / | AY104: 0 | AZ104: 0 | BA104: 0 | BB104: 0 | BC104: WRWT25850/WRWT25850 | BD104: 203.18589
...

Sheet 11-10-68
B2: เรียงกำหนดส่ง | D2: ลบ 0 | T2: เรียง 1
B3: ข้อมูลUpdate ณ. วันที่ | D3: 45941 | E3: เวลา | G3: 9.39
A4: วันรับออร์เดอร์/แบบ | B4: เลขที่ SO | C4: ชื่อลูกค้า | E4: 10.3 | I4: น้ำหนัก | L4: บิด/จับจีบ | M4: ถุงใน | Q4: 44873 | S4: วิธีบรรจุ | T4: วันส่ง | U4: จำนวนส่ง | V4: ตัดเย็บ (ใบ) | W4: 44873 | X4: พิมพ์ (ใบ) | Y4: 44876 | Z4: ผ้าทอ (เมตร) Updateณ | AB4: 44876 | AD4: ผ้าเคลือบ(เมตร) | AF4: หมายเหตุ | AG4: เครื่อง
B5: เลขที่ SO | C5: ชื่อลูกค้า | D5: ตรา | E5: กว้าง | F5: ยาว | G5: สี | H5: เคลือบ | I5: กรัม/ใบ | J5: * | K5: aw | L5: บิด/จับจีบ | M5: กว้าง | N5: ยาว | O5: หนา | P5: ใช้(กก.) | Q5: Stock(กก.) | R5: ผลิต(กก.) | S5: วิธีบรรจุ | T5: วันส่ง | U5: จำนวนส่ง | V5: StockFG | W5: ค้างตัด | X5: พิมพ์แล้ว | Y5: ค้างพิมพ์ | Z5: ประเภท | AA5: ใช้ | AB5: Stock | AC5: ค้างทอ | AD5: Stock | AE5: ค้างเคลือบ | AF5: หมายเหตุ | AG5: ที่พิมพ์ได้ | AH5: process | AI5: Lead time | AJ5: วันที่ส่งPL | AK5: เคลือบ | AL5: ได้ ART | AM5: พิมพ์ | AN5: จีบ-บิด | AO5: ตัด-เย็บ | AP5: ทอ | AQ5: สวมถุง | AR5: เย็บปาก | AS5: PT | AT5: ม้วน | AU5: ตัด | AV5: ตอกตาไก่ | AW5: GROUP | AX5: ART | AY5: หมายเหตุปัญหา | AZ5: ราคา/ใบ | BA5: ราคารวม | BB5: workweek | BC5: เส้นเทป | BD5: จำนวน
A6: 45933 | B6: MK68-001198 | C6: บจก.ฟาร์เธอร์ส วิง ซัพพลาย | D6: รถไฟฟ้าปูนขาวเย็น | E6: 18 | F6: 30 | G6: ขาว | H6: 0 | I6: 54 | J6: ± | K6: 5 | L6: บิด | M6: 19 | N6: 33 | O6: 40 | P6: 0 | Q6: 0 | R6: 0 | S6: 500กระสอบ | T6: 45940 | U6: 15000 | V6: 15000 | W6: 0 | X6: 15835 | Y6: 0 | Z6: WSWT1825800 | AA6: 0 | AB6: 0 | AC6: 0 | AD6: 0 | AE6: 0 | AF6: 0 | AG6: พร้อมส่ง | AH6: P9 | AI6: 3 | AJ6: 45940 | AK6: 0 | AL6: 45930 | AM6: 45937 | AN6: 45938 | AO6: 45938 | AP6: 45935 | AQ6: 45939 | AR6: 0 | AS6: 0 | AT6: 0 | AU6: 0 | AV6: 0 | AW6: งานพิมพ์ | AX6: / | AY6: 0 | AZ6: 0 | BA6: 0 | BB6: 0 | BC6: WRWT25800/WRWT25800 | BD6: 0
A7: 45933 | B7: MK68-001198 | C7: บจก.ฟาร์เธอร์ส วิง ซัพพลาย | D7: ไม่พิมพ์ | E7: 18 | F7: 30 | G7: ขาว | H7: 0 | I7: 54 | J7: ± | K7: 5 | L7: บิด | M7: 19 | N7: 33 | O7: 40 | P7: 0 | Q7: 0 | R7: 0 | S7: 500กระสอบ | T7: 45940 | U7: 3000 | V7: 3000 | W7: 0 | X7: 0 | Y7: 0 | Z7: WSWT1825800 | AA7: 0 | AB7: 0 | AC7: 0 | AD7: 0 | AE7: 0 | AF7: 0 | AG7: ยังไม่ได้พิมพ์ | AH7: P9 | AI7: 3 | AJ7: 45940 | AK7: 0 | AL7: 45930 | AM7: 45937 | AN7: 45938 | AO7: 45938 | AP7: 45935 | AQ7: 45939 | AR7: 0 | AS7: 0 | AT7: 0 | AU7: 0 | AV7: 0 | AW7: งานพิมพ์ | AX7: / | AY7: 0 | AZ7: 0 | BA7: 0 | BB7: 0 | BC7: WRWT25800/WRWT25800 | BD7: 0
A8: 45938 | B8: ใบรับคำสั่งซื้อ | C8: บจก.เอสทีเคมีธุรกืจ | D8: มังกรแดง STCB | E8: 18 | F8: 30 | G8: ขาว | H8: 0 | I8: 54 | J8: ± | K8: 5 | L8: ไม่ | M8: 19 | N8: 31 | O8: 40 | P8: 145.31171 | Q8: 0 | R8: 145.31171 | S8: 500กระสอบ | T8: 45946 | U8: 10000 | V8: 0 | W8: 10000 | X8: 0 | Y8: 10500 | Z8: WSWT1825800 | AA8: 8801.1 | AB8: 8801.1 | AC8: 0 | AD8: 0 | AE8: 0 | AF8: ห้ามเกิน | AG8: ยังไม่ได้พิมพ์ | AH8: P9 | AI8: 3 | AJ8: 45946 | AK8: 0 | AL8: 45936 | AM8: 45943 | AN8: 45944 | AO8: 45944 | AP8: 45941 | AQ8: 45945 | AR8: 0 | AS8: 0 | AT8: 0 | AU8: 0 | AV8: 0 | AW8: งานพิมพ์ | AX8: รอART | AY8: 0 | AZ8: 0 | BA8: 0 | BB8: 0 | BC8: WRWT25800/WRWT25800 | BD8: 0
A9: 45923 | B9: MK68-001161 | C9: หจก.อนนท์อุตสาหกรรม | D9: อนนท์ 20 กก. | E9: 18 | F9: 28 | G9: ขาว | H9: 0 | I9: 50 | J9: ± | K9: 5 | L9: ไม่ | M9: 19 | N9: 31 | O9: 40 | P9: 0 | Q9: 0 | R9: 0 | S9: 500กระสอบแบน | T9: 45950 | U9: 5000 | V9: 5000 | W9: 0 | X9: 5400 | Y9: 0 | Z9: WSWT1825800 | AA9: 0 | AB9: 0 | AC9: 0 | AD9: 0 | AE9: 0 | AF9: 0 | AG9: ยังไม่ได้พิมพ์ | AH9: P9 | AI9: 3 | AJ9: 45950 | AK9: 0 | AL9: 45940 | AM9: 45947 | AN9: 45948 | AO9: 45948 | AP9: 45945 | AQ9: 45949 | AR9: 0 | AS9: 0 | AT9: 0 | AU9: 0 | AV9: 0 | AW9: งานพิมพ์ | AX9: / | AY9: 0 | AZ9: 0 | BA9: 0 | BB9: 0 | BC9: WRWT25800/WRWT25800 | BD9: 0
A10: 45923 | B10: MK68-001162 | C10: หจก.อนนท์อุตสาหกรรม | D10: ดาว 20 กก. | E10: 18 | F10: 28 | G10: ขาว | H10: 0 | I10: 50 | J10: ± | K10: 5 | L10: ไม่ | M10: 19 | N10: 31 | O10: 40 | P10: 363.27927 | Q10: 0 | R10: 363.27927 | S10: 500กระสอบแบน | T10: 45950 | U10: 25000 | V10: 0 | W10: 25000 | X10: 0 | Y10: 26250 | Z10: WSWT1825800 | AA10: 20605.75 | AB10: 20605.75 | AC10: 0 | AD10: 0 | AE10: 0 | AF10: 0 | AG10: ยังไม่ได้พิมพ์ | AH10: P9 | AI10: 3 | AJ10: 45950 | AK10: 0 | AL10: 45940 | AM10: 45947 | AN10: 45948 | AO10: 45948 | AP10: 45945 | AQ10: 45949 | AR10: 0 | AS10: 0 | AT10: 0 | AU10: 0 | AV10: 0 | AW10: งานพิมพ์ | AX10: / | AY10: 0 | AZ10: 0 | BA10: 0 | BB10: 0 | BC10: WRWT25800/WRWT25800 | BD10: 0
A11: 45923 | B11: MK68-001162 | C11: หจก.อนนท์อุตสาหกรรม | D11: ดาว 20 กก. | E11: 18 | F11: 28 | G11: ขาว | H11: 0 | I11: 50 | J11: ± | K11: 5 | L11: ไม่ | M11: 19 | N11: 31 | O11: 40 | P11: 363.27927 | Q11: 0 | R11: 363.27927 | S11: 500กระสอบแบน | T11: 45955 | U11: 25000 | V11: 0 | W11: 25000 | X11: 0 | Y11: 26250 | Z11: WSWT1825800 | AA11: 20605.75 | AB11: 20605.75 | AC11: 0 | AD11: 0 | AE11: 0 | AF11: 0 | AG11: พร้อมส่ง | AH11: P9 | AI11: 3 | AJ11: 45955 | AK11: 0 | AL11: 45945 | AM11: 45952 | AN11: 45953 | AO11: 45953 | AP11: 45950 | AQ11: 45954 | AR11: 0 | AS11: 0 | AT11: 0 | AU11: 0 | AV11: 0 | AW11: งานพิมพ์ | AX11: / | AY11: 0 | AZ11: 0 | BA11: 0 | BB11: 0 | BC11: WRWT25800/WRWT25800 | BD11: 0
A12: 45923 | B12: MK68-001162 | C12: หจก.อนนท์อุตสาหกรรม | D12: ดาว 20 กก. | E12: 18 | F12: 28 | G12: ขาว | H12: 0 | I12: 50 | J12: ± | K12: 5 | L12: ไม่ | M12: 19 | N12: 31 | O12: 40 | P12: 363.27927 | Q12: 0 | R12: 363.27927 | S12: 500กระสอบแบน | T12: 45958 | U12: 25000 | V12: 0 | W12: 25000 | X12: 0 | Y12: 26250 | Z12: WSWT1825800 | AA12: 20605.75 | AB12: 20605.75 | AC12: 0 | AD12: 0 | AE12: 0 | AF12: 0 | AG12: พร้อมส่ง | AH12: P9 | AI12: 3 | AJ12: 45958 | AK12: 0 | AL12: 45948 | AM12: 45955 | AN12: 45956 | AO12: 45956 | AP12: 45953 | AQ12: 45957 | AR12: 0 | AS12: 0 | AT12: 0 | AU12: 0 | AV12: 0 | AW12: งานพิมพ์ | AX12: / | AY12: 0 | AZ12: 0 | BA12: 0 | BB12: 0 | BC12: WRWT25800/WRWT25800 | BD12: 0
A13: 45923 | B13: MK68-001162 | C13: หจก.อนนท์อุตสาหกรรม | D13: ดาว 20 กก. | E13: 18 | F13: 28 | G13: ขาว | H13: 0 | I13: 50 | J13: ± | K13: 5 | L13: ไม่ | M13: 19 | N13: 31 | O13: 40 | P13: 363.27927 | Q13: 0 | R13: 363.27927 | S13: 500กระสอบแบน | T13: 45961 | U13: 25000 | V13: 0 | W13: 25000 | X13: 0 | Y13: 26250 | Z13: WSWT1825800 | AA13: 20605.75 | AB13: 19835 | AC13: 770.75 | AD13: 0 | AE13: 0 | AF13: 0 | AG13: รอตัด | AH13: P9 | AI13: 3 | AJ13: 45961 | AK13: 0 | AL13: 45951 | AM13: 45958 | AN13: 45959 | AO13: 45959 | AP13: 45956 | AQ13: 45960 | AR13: 0 | AS13: 0 | AT13: 0 | AU13: 0 | AV13: 0 | AW13: งานพิมพ์ | AX13: / | AY13: 0 | AZ13: 0 | BA13: 0 | BB13: 0 | BC13: WRWT25800/WRWT25800 | BD13: 53.0276
A14: 0 | B14: 0 | E14: 18 | F14: 30 | G14: ขาว | H14: 0 | I14: 54 | J14: ± | K14: 5 | L14: 0 | M14: 0 | N14: 0 | O14: 0 | P14: 0 | Q14: 0 | R14: 0 | S14: 0 | U14: 0 | V14: 0 | W14: 0 | X14: 0 | Y14: 0 | Z14: WSWT1825800 | AA14: 91224.1 | AB14: 90453.35 | AC14: 770.75 | AD14: 0 | AE14: 0 | AF14: ระบุในSD | AG14: ยังไม่ได้พิมพ์ | AH14: 0 | AI14: Lead time | AJ14: 0 | AK14: 0 | AL14: 0 | AM14: 0 | AN14: 0 | AO14: 0 | AP14: 0 | AQ14: 0 | AR14: 0 | AS14: 0 | AT14: 0 | AU14: 0 | AV14: 0 | AW14: 0 | AX14: 0 | AY14: 0 | AZ14: 0 | BA14: 0 | BB14: 0 | BC14: WRWT25800/WRWT25800 | BD14: 0
A15: 45920 | B15: MK68-001140 | C15: บจก.เพรซิเดนท์ฟลาวมิลล์ | D15: ผึ้งชมพู | E15: 19 | F15: 30 | G15: ขาว | H15: 0 | I15: 60 | J15: ± | K15: 5 | L15: บิด | M15: ไม่สวมถุงใน | N15: 0 | O15: 0 | P15: 0 | Q15: 0 | R15: 0 | S15: 500กระสอบแบน | T15: 45952 | U15: 20000 | V15: 2631 | W15: 17369 | X15: 21131 | Y15: 0 | Z15: WSWT1925800 | AA15: 0 | AB15: 0 | AC15: 0 | AD15: 0 | AE15: 0 | AF15: 0 | AG15: ยังไม่ได้พิมพ์ | AH15: P7 | AI15: 2 | AJ15: 45952 | AK15: 0 | AL15: 45943 | AM15: 45950 | AN15: 45951 | AO15: 45951 | AP15: 45947 | AQ15: 0 | AR15: 0 | AS15: 0 | AT15: 0 | AU15: 0 | AV15: 0 | AW15: งานพิมพ์ | AX15: / | AY15: 0 | AZ15: 0 | BA15: 0 | BB15: 0 | BC15: WRWT25800/WRWT25800 | BD15: 0
A16: ประมาณการ | B16: ประมาณการ | C16: บจก.ไลม์มาสเตอร์ | D16: LMC 25 kg | E16: 19 | F16: 32 | G16: ขาว | H16: 0 | I16: 64 | J16: ± | K16: 5 | L16: ไม่ | M16: 20 | N16: 35 | O16: 40 | P16: 341.36903 | Q16: 0 | R16: 341.36903 | S16: 500กระสอบแบน | T16: 45961 | U16: 20000 | V16: 233 | W16: 19767 | X16: 0 | Y16: 20755.35 | Z16: WSWT1925800 | AA16: 18501.714 | AB16: 2540 | AC16: 15961.714 | AD16: 0 | AE16: 0 | AF16: 0 | AG16: พร้อมส่ง | AH16: P9 | AI16: 3 | AJ16: 45961 | AK16: 0 | AL16: 45951 | AM16: 45958 | AN16: 45959 | AO16: 45959 | AP16: 45956 | AQ16: 45960 | AR16: 0 | AS16: 0 | AT16: 0 | AU16: 0 | AV16: 0 | AW16: งานพิมพ์ | AX16: รอART | AY16: 0 | AZ16: 0 | BA16: 0 | BB16: 0 | BC16: WRWT25800/WRWT25800 | BD16: 1159.1752
A17: ประมาณการ | B17: ประมาณการ | C17: บจก.เอ็กเซลเล้นท์ | D17: รอแบบ | E17: 19 | F17: 30 | G17: ขาว | H17: 0 | I17: 60 | J17: ± | K17: 5 | L17: บิด | M17: ไม่สวมถุงใน | N17: 0 | O17: 0 | P17: 0 | Q17: 0 | R17: 0 | S17: 500กระสอบ | T17: 45961 | U17: 40000 | V17: 0 | W17: 40000 | X17: 0 | Y17: 42000 | Z17: WSWT1925800 | AA17: 35204.4 | AB17: 0 | AC17: 35204.4 | AD17: 0 | AE17: 0 | AF17: 0 | AG17: รอตัด | AH17: P7 | AI17: 2 | AJ17: 45961 | AK17: 0 | AL17: 45952 | AM17: 45959 | AN17: 45960 | AO17: 45960 | AP17: 45956 | AQ17: 0 | AR17: 0 | AS17: 0 | AT17: 0 | AU17: 0 | AV17: 0 | AW17: งานพิมพ์ | AX17: รอART | AY17: 0 | AZ17: 0 | BA17: 0 | BB17: 0 | BC17: WRWT25800/WRWT25800 | BD17: 2556.6218
A18: ประมาณการ | B18: ประมาณการ | C18: บจก.เพรซิเดนท์ฟลาวมิลล์ | D18: ผึ้งเหลือง | E18: 19 | F18: 30 | G18: ขาว | H18: 0 | I18: 60 | J18: ± | K18: 5 | L18: บิด | M18: ไม่สวมถุงใน | N18: 0 | O18: 0 | P18: 0 | Q18: 0 | R18: 0 | S18: 500กระสอบ | T18: 45961 | U18: 140000 | V18: 2563 | W18: 137437 | X18: 0 | Y18: 144308.85 | Z18: WSWT1925800 | AA18: 120959.68 | AB18: 0 | AC18: 120959.68 | AD18: 0 | AE18: 0 | AF18: 0 | AG18: รอตัด | AH18: P7 | AI18: 2 | AJ18: 45961 | AK18: 0 | AL18: 45952 | AM18: 45959 | AN18: 45960 | AO18: 45960 | AP18: 45956 | AQ18: 0 | AR18: 0 | AS18: 0 | AT18: 0 | AU18: 0 | AV18: 0 | AW18: งานพิมพ์ | AX18: รอART | AY18: 0 | AZ18: 0 | BA18: 0 | BB18: 0 | BC18: WRWT25800/WRWT25800 | BD18: 8784.3606
A19: 0 | B19: 0 | C19: 0 | D19: 0 | E19: 19 | F19: 30 | G19: ขาว | H19: 0 | I19: 60 | J19: ± | K19: 5 | L19: 0 | M19: 0 | N19: 0 | O19: 0 | P19: 0 | Q19: 0 | R19: 0 | S19: 0 | U19: 0 | V19: 0 | W19: 0 | X19: 0 | Y19: 0 | Z19: WSWT1925800 | AA19: 174665.79 | AB19: 2540 | AC19: 172125.79 | AD19: 0 | AE19: 0 | AF19: ระบุในSD | AG19: ยังไม่ได้พิมพ์ | AH19: 0 | AI19: Lead time | AJ19: 0 | AK19: 0 | AL19: 0 | AM19: 0 | AN19: 0 | AO19: 0 | AP19: 0 | AQ19: 0 | AR19: 0 | AS19: 0 | AT19: 0 | AU19: 0 | AV19: 0 | AW19: 0 | AX19: 0 | AY19: 0 | AZ19: 0 | BA19: 0 | BB19: 0 | BC19: WRWT25800/WRWT25800 | BD19: 0
A20: 45933 | B20: MK68-001180 | C20: บจก.เคอรี่ฟลาวมิลล์ | D20: ถุงทองแซนวิช | E20: 19 | F20: 32 | G20: ขาว | H20: 0 | I20: 67 | J20: + | K20: 5 | L20: บิด | M20: ไม่สวมถุงใน | N20: 0 | O20: 0 | P20: 0 | Q20: 0 | R20: 0 | S20: ห่ออัดเบลแบน500 | T20: 45946 | U20: 10000 | V20: 0 | W20: 10000 | X20: 10500 | Y20: 0 | Z20: WSWT1921720 | AA20: 0 | AB20: 0 | AC20: 0 | AD20: 0 | AE20: 0 | AF20: PDR250332 | AG20: ผ้าขาว | AH20: P7 | AI20: 2 | AJ20: 45946 | AK20: 0 | AL20: 45937 | AM20: 45944 | AN20: 45945 | AO20: 45945 | AP20: 45941 | AQ20: 0 | AR20: 0 | AS20: 0 | AT20: 0 | AU20: 0 | AV20: 0 | AW20: งานพิมพ์ | AX20: / | AY20: 0 | AZ20: 0 | BA20: 0 | BB20: 0 | BC20: WRWT21720/WRWT25800 | BD20: 0
A21: 45933 | B21: MK68-001180 | C21: บจก.เคอรี่ฟลาวมิลล์ | D21: ปลาโลมาแดง | E21: 19 | F21: 32 | G21: ขาว | H21: 0 | I21: 67 | J21: + | K21: 5 | L21: บิด | M21: ไม่สวมถุงใน | N21: 0 | O21: 0 | P21: 0 | Q21: 0 | R21: 0 | S21: ห่ออัดเบลแบน500 | T21: 45946 | U21: 5000 | V21: 3000 | W21: 2000 | X21: 5400 | Y21: 0 | Z21: WSWT1921720 | AA21: 0 | AB21: 0 | AC21: 0 | AD21: 0 | AE21: 0 | AF21: PDR250332 | AG21: พิมพ์ไม่ครบ | AH21: P7 | AI21: 2 | AJ21: 45946 | AK21: 0 | AL21: 45937 | AM21: 45944 | AN21: 45945 | AO21: 45945 | AP21: 45941 | AQ21: 0 | AR21: 0 | AS21: 0 | AT21: 0 | AU21: 0 | AV21: 0 | AW21: งานพิมพ์ | AX21: / | AY21: 0 | AZ21: 0 | BA21: 0 | BB21: 0 | BC21: WRWT21720/WRWT25800 | BD21: 0
A22: 45933 | B22: MK68-001180 | C22: บจก.เคอรี่ฟลาวมิลล์ | D22: BS | E22: 19 | F22: 32 | G22: ขาว | H22: 0 | I22: 67 | J22: + | K22: 5 | L22: บิด | M22: ไม่สวมถุงใน | N22: 0 | O22: 0 | P22: 0 | Q22: 0 | R22: 0 | S22: ห่ออัดเบลแบน500 | T22: 45946 | U22: 5000 | V22: 0 | W22: 5000 | X22: 0 | Y22: 5250 | Z22: WSWT1921720 | AA22: 4679.95 | AB22: 4679.95 | AC22: 0 | AD22: 0 | AE22: 0 | AF22: PDR250332 | AG22: รอตัด | AH22: P7 | AI22: 2 | AJ22: 45946 | AK22: 0 | AL22: 45937 | AM22: 45944 | AN22: 45945 | AO22: 45945 | AP22: 45941 | AQ22: 0 | AR22: 0 | AS22: 0 | AT22: 0 | AU22: 0 | AV22: 0 | AW22: งานพิมพ์ | AX22: / | AY22: 0 | AZ22: 0 | BA22: 0 | BB22: 0 | BC22: WRWT21720/WRWT25800 | BD22: 0
A23: 45930 | B23: MK68-001181 | C23: บจก.เคอรี่ฟลาวมิลล์ | D23: ไม่พิมพ์ | E23: 19 | F23: 36 | G23: ขาว | H23: 0 | I23: 75 | J23: + | K23: 5 | L23: ไม่ | M23: ไม่สวมถุงใน | N23: 0 | O23: 0 | P23: 0 | Q23: 0 | R23: 0 | S23: ห่ออัดเบลแบน500 | T23: 45946 | U23: 5000 | V23: 5250 | W23: 0 | X23: 0 | Y23: 0 | Z23: WSWT1921720 | AA23: 0 | AB23: 0 | AC23: 0 | AD23: 0 | AE23: 0 | AF23: 0 | AG23: รอตัด | AH23: P3 | AI23: 1 | AJ23: 45947 | AK23: 0 | AL23: 0 | AM23: 0 | AN23: 0 | AO23: 45946 | AP23: 45942 | AQ23: 0 | AR23: 0 | AS23: 0 | AT23: 0 | AU23: 0 | AV23: 0 | AW23: ตัด | AX23: 0 | AY23: 0 | AZ23: 0 | BA23: 0 | BB23: 0 | BC23: WRWT21720/WRWT25800 | BD23: 0
A24: 45933 | B24: MK68-001180 | C24: บจก.เคอรี่ฟลาวมิลล์ | D24: ถุงเขียว | E24: 19 | F24: 32 | G24: ขาว | H24: 0 | I24: 67 | J24: + | K24: 5 | L24: บิด | M24: ไม่สวมถุงใน | N24: 0 | O24: 0 | P24: 0 | Q24: 0 | R24: 0 | S24: ห่ออัดเบลแบน500 | T24: 45948 | U24: 10000 | V24: 0 | W24: 10000 | X24: 7450 | Y24: 2677.5 | Z24: WSWT1921720 | AA24: 2506.1132 | AB24: 2506.1132 | AC24: 0 | AD24: 0 | AE24: 0 | AF24: PDR250332 | AG24: ผ้าขาว | AH24: P7 | AI24: 2 | AJ24: 45948 | AK24: 0 | AL24: 45939 | AM24: 45946 | AN24: 45947 | AO24: 45947 | AP24: 45943 | AQ24: 0 | AR24: 0 | AS24: 0 | AT24: 0 | AU24: 0 | AV24: 0 | AW24: งานพิมพ์ | AX24: / | AY24: 0 | AZ24: 0 | BA24: 0 | BB24: 0 | BC24: WRWT21720/WRWT25800 | BD24: 0
A25: 45933 | B25: MK68-001180 | C25: บจก.เคอรี่ฟลาวมิลล์ | D25: กุ้งแดง | E25: 19 | F25: 32 | G25: ขาว | H25: 0 | I25: 67 | J25: + | K25: 5 | L25: บิด | M25: ไม่สวมถุงใน | N25: 0 | O25: 0 | P25: 0 | Q25: 0 | R25: 0 | S25: ห่ออัดเบลแบน500 | T25: 45948 | U25: 10000 | V25: 0 | W25: 10000 | X25: 10500 | Y25: 0 | Z25: WSWT1921720 | AA25: 0 | AB25: 0 | AC25: 0 | AD25: 0 | AE25: 0 | AF25: PDR250332 | AG25: ผ้าขาว | AH25: P7 | AI25: 2 | AJ25: 45948 | AK25: 0 | AL25: 45939 | AM25: 45946 | AN25: 45947 | AO25: 45947 | AP25: 45943 | AQ25: 0 | AR25: 0 | AS25: 0 | AT25: 0 | AU25: 0 | AV25: 0 | AW25: งานพิมพ์ | AX25: / | AY25: 0 | AZ25: 0 | BA25: 0 | BB25: 0 | BC25: WRWT21720/WRWT25800 | BD25: 0
A26: 45933 | B26: MK68-001180 | C26: บจก.เคอรี่ฟลาวมิลล์ | D26: บะหมี่เตี๊ยว | E26: 19 | F26: 32 | G26: ขาว | H26: 0 | I26: 67 | J26: + | K26: 5 | L26: บิด | M26: ไม่สวมถุงใน | N26: 0 | O26: 0 | P26: 0 | Q26: 0 | R26: 0 | S26: ห่ออัดเบลแบน500 | T26: 45948 | U26: 5000 | V26: 0 | W26: 5000 | X26: 5400 | Y26: 0 | Z26: WSWT1921720 | AA26: 0 | AB26: 0 | AC26: 0 | AD26: 0 | AE26: 0 | AF26: PDR250332 | AG26: พร้อมส่ง | AH26: P7 | AI26: 2 | AJ26: 45948 | AK26: 0 | AL26: 45939 | AM26: 45946 | AN26: 45947 | AO26: 45947 | AP26: 45943 | AQ26: 0 | AR26: 0 | AS26: 0 | AT26: 0 | AU26: 0 | AV26: 0 | AW26: งานพิมพ์ | AX26: / | AY26: 0 | AZ26: 0 | BA26: 0 | BB26: 0 | BC26: WRWT21720/WRWT25800 | BD26: 0
A27: 45919 | B27: MK68-001142 | C27: บจก.เคอรี่ฟลาวมิลล์ | D27: ไม่พิมพ์ | E27: 19 | F27: 32 | G27: ขาว | H27: 0 | I27: 67 | J27: + | K27: 5 | L27: ไม่ | M27: ไม่สวมถุงใน | N27: 0 | O27: 0 | P27: 0 | Q27: 0 | R27: 0 | S27: ห่ออัดเบลแบน501 | T27: 45947 | U27: 20000 | V27: 20000 | W27: 0 | X27: 0 | Y27: 0 | Z27: WSWT1921720 | AA27: 0 | AB27: 0 | AC27: 0 | AD27: 0 | AE27: 0 | AF27: PDR250322 | AG27: รอแบบ | AH27: P3 | AI27: 1 | AJ27: 45947 | AK27: 0 | AL27: 0 | AM27: 0 | AN27: 0 | AO27: 45946 | AP27: 45942 | AQ27: 0 | AR27: 0 | AS27: 0 | AT27: 0 | AU27: 0 | AV27: 0 | AW27: ตัด | AX27: 0 | AY27: 0 | AZ27: 0 | BA27: 0 | BB27: 0 | BC27: WRWT21720/WRWT25800 | BD27: 0
A28: 45919 | B28: MK68-001143 | C28: บจก.เคอรี่ฟลาวมิลล์ | D28: ไม่พิมพ์ | E28: 19 | F28: 32 | G28: ขาว | H28: 0 | I28: 67 | J28: + | K28: 5 | L28: ไม่ | M28: ไม่สวมถุงใน | N28: 0 | O28: 0 | P28: 0 | Q28: 0 | R28: 0 | S28: ห่ออัดเบลแบน501 | T28: 45947 | U28: 20000 | V28: 20000 | W28: 0 | X28: 0 | Y28: 0 | Z28: WSWT1921720 | AA28: 0 | AB28: 0 | AC28: 0 | AD28: 0 | AE28: 0 | AF28: PDR250323 | AG28: พร้อมส่ง | AH28: P3 | AI28: 1 | AJ28: 45947 | AK28: 0 | AL28: 0 | AM28: 0 | AN28: 0 | AO28: 45946 | AP28: 45942 | AQ28: 0 | AR28: 0 | AS28: 0 | AT28: 0 | AU28: 0 | AV28: 0 | AW28: ตัด | AX28: 0 | AY28: 0 | AZ28: 0 | BA28: 0 | BB28: 0 | BC28: WRWT21720/WRWT25800 | BD28: 0
A29: ประมาณการ | B29: ประมาณการ | C29: บจก.เคอรี่ฟลาวมิลล์ | D29: แต้มแดง | E29: 19 | F29: 32 | G29: ขาว | H29: 0 | I29: 67 | J29: + | K29: 5 | L29: บิด | M29: ไม่สวมถุงใน | N29: 0 | O29: 0 | P29: 0 | Q29: 0 | R29: 0 | S29: ห่ออัดเบลแบน500 | T29: รอแจ้ง | U29: 5000 | V29: 5232 | W29: 0 | X29: 5400 | Y29: 0 | Z29: WSWT1921720 | AA29: 0 | AB29: 0 | AC29: 0 | AD29: 0 | AE29: 0 | AF29: 0 | AG29: พร้อมส่ง | AH29: P7 | AI29: 2 | AJ29: รอแจ้ง | AK29: 0 | AL29: #VALUE! | AM29: #VALUE! | AN29: #VALUE! | AO29: #VALUE! | AP29: #VALUE! | AQ29: 0 | AR29: 0 | AS29: 0 | AT29: 0 | AU29: 0 | AV29: 0 | AW29: งานพิมพ์ | AX29: / | AY29: 0 | AZ29: 0 | BA29: 0 | BB29: 0 | BC29: WRWT21720/WRWT25800 | BD29: 0
A30: ประมาณการ | B30: ประมาณการ | C30: บจก.เคอรี่ฟลาวมิลล์ | D30: รอแบบ | E30: 19 | F30: 32 | G30: ขาว | H30: 0 | I30: 67 | J30: + | K30: 5 | L30: บิด | M30: ไม่สวมถุงใน | N30: 0 | O30: 0 | P30: 0 | Q30: 0 | R30: 0 | S30: ห่ออัดเบลแบน500 | T30: 45961 | U30: 225000 | V30: 0 | W30: 225000 | X30: 0 | Y30: 236250 | Z30: WSWT1921720 | AA30: 210597.75 | AB30: 42157 | AC30: 168440.75 | AD30: 0 | AE30: 0 | AF30: 0 | AG30: พร้อมส่ง | AH30: P7 | AI30: 2 | AJ30: 45961 | AK30: 0 | AL30: 45952 | AM30: 45959 | AN30: 45960 | AO30: 45960 | AP30: 45956 | AQ30: 0 | AR30: 0 | AS30: 0 | AT30: 0 | AU30: 0 | AV30: 0 | AW30: งานพิมพ์ | AX30: รอART | AY30: 0 | AZ30: 0 | BA30: 0 | BB30: 0 | BC30: WRWT21720/WRWT25800 | BD30: 12687.706
A31: 0 | B31: 0 | C31: 0 | D31: 0 | E31: 19 | F31: 30 | G31: 0 | H31: 0 | I31: 63 | J31: + | K31: 5 | L31: 0 | M31: 0 | N31: 0 | O31: 0 | P31: 0 | Q31: 0 | R31: 0 | S31: 0 | U31: 0 | V31: 0 | W31: 0 | X31: 0 | Y31: 0 | Z31: WSWT1921720 | AA31: 217783.81 | AB31: 49343.063 | AC31: 168440.75 | AD31: 0 | AE31: 0 | AF31: ระบุในSD | AG31: พร้อมส่ง | AH31: 0 | AI31: Lead time | AJ31: 0 | AK31: 0 | AL31: 0 | AM31: 0 | AN31: 0 | AO31: 0 | AP31: 0 | AQ31: 0 | AR31: 0 | AS31: 0 | AT31: 0 | AU31: 0 | AV31: 0 | AW31: 0 | AX31: 0 | AY31: 0 | AZ31: 0 | BA31: 0 | BB31: 0 | BC31: WRWT190720/WRWT25800 | BD31: 0
A32: 45905 | B32: MK68-001080 | C32: บจก.อินเทคค์ โกลบอล | D32: เพอเฟคค์104 โกลด์ | E32: 19 | F32: 34 | G32: ขาว | H32: ด้าน | I32: 100 | J32: ± | K32: 5 | L32: จับจีบ4" | M32: ไม่สวมถุงใน | N32: 0 | O32: 0 | P32: 0 | Q32: 0 | R32: 0 | S32: มัด80 ใช้สายรัด | T32: รอแจ้ง | U32: 109 | V32: 0 | W32: 109 | X32: 6124 | Y32: 0 | Z32: WSWT19251000SM | AA32: 0 | AB32: 0 | AC32: 0 | AD32: 0 | AE32: 0 | AF32: 0 | AG32: พร้อมส่ง | AH32: P6 | AI32: 4 | AJ32: รอแจ้ง | AK32: #VALUE! | AL32: #VALUE! | AM32: #VALUE! | AN32: #VALUE! | AO32: #VALUE! | AP32: #VALUE! | AQ32: 0 | AR32: 0 | AS32: 0 | AT32: 0 | AU32: 0 | AV32: 0 | AW32: งานเคลือบ+พิมพ์ | AX32: / | AY32: 0 | AZ32: 0 | BA32: 0 | BB32: 0 | BC32: WRWT251000/WRWT251000 | BD32: 0
A33: 0 | B33: 0 | C33: 0 | D33: 0 | E33: 19 | F33: 34 | G33: ขาว | H33: 0 | I33: 80 | J33: ± | K33: 5 | L33: 0 | M33: 0 | N33: 0 | O33: 0 | P33: 0 | Q33: 0 | R33: 0 | S33: 0 | U33: 0 | V33: 0 | W33: 0 | X33: 0 | Y33: 0 | Z33: WSWT19251000SM | AA33: 0 | AB33: 0 | AC33: 0 | AD33: 0 | AE33: 0 | AF33: ระบุในSD | AG33: พร้อมส่ง | AH33: 0 | AI33: Lead time | AJ33: 0 | AK33: 0 | AL33: 0 | AM33: 0 | AN33: 0 | AO33: 0 | AP33: 0 | AQ33: 0 | AR33: 0 | AS33: 0 | AT33: 0 | AU33: 0 | AV33: 0 | AW33: 0 | AX33: 0 | AY33: 0 | AZ33: 0 | BA33: 0 | BB33: 0 | BC33: WRWT251000/WRYL251000 | BD33: 0
A34: 45919 | B34: MK68-001123 | C34: บจก.อินเทคค์ โกลบอล | D34: เพอเฟคค์ 912 | E34: 20 | F34: 36 | G34: ขาว | H34: ด้าน | I34: 100 | J34: ± | K34: 5 | L34: จับจีบ4" | M34: ไม่สวมถุงใน | N34: 0 | O34: 0 | P34: 0 | Q34: 0 | R34: 0 | S34: มัด80 ใช้สายรัด | T34: รอแจ้ง | U34: 48 | V34: 0 | W34: 48 | X34: 11390 | Y34: 0 | Z34: WSWT2025800SM | AA34: 0 | AB34: 0 | AC34: 0 | AD34: 0 | AE34: 0 | AF34: 0 | AG34: รอตัด | AH34: P6 | AI34: 4 | AJ34: รอแจ้ง | AK34: #VALUE! | AL34: #VALUE! | AM34: #VALUE! | AN34: #VALUE! | AO34: #VALUE! | AP34: #VALUE! | AQ34: 0 | AR34: 0 | AS34: 0 | AT34: 0 | AU34: 0 | AV34: 0 | AW34: งานเคลือบ+พิมพ์ | AX34: / | AY34: ลบสีจำนวนมาก | AZ34: 0 | BA34: 0 | BB34: 0 | BC34: WRWT25850/WRWT25850 | BD34: 0
A35: 45919 | B35: MK68-001124 | C35: บจก.อินเทคค์ โกลบอล | D35: เพอเฟคค์ 913 | E35: 20 | F35: 36 | G35: ขาว | H35: ด้าน | I35: 100 | J35: ± | K35: 5 | L35: จับจีบ4" | M35: ไม่สวมถุงใน | N35: 0 | O35: 0 | P35: 0 | Q35: 0 | R35: 0 | S35: มัด80 ใช้สายรัด | T35: รอแจ้ง | U35: 1933 | V35: 0 | W35: 1933 | X35: 33440 | Y35: 0 | Z35: WSWT2025800SM | AA35: 0 | AB35: 0 | AC35: 0 | AD35: 0 | AE35: 0 | AF35: ตัดหมดแล้ว | AG35: พร้อมส่ง | AH35: P6 | AI35: 4 | AJ35: รอแจ้ง | AK35: #VALUE! | AL35: #VALUE! | AM35: #VALUE! | AN35: #VALUE! | AO35: #VALUE! | AP35: #VALUE! | AQ35: 0 | AR35: 0 | AS35: 0 | AT35: 0 | AU35: 0 | AV35: 0 | AW35: งานเคลือบ+พิมพ์ | AX35: / | AY35: 4/10 11/10 | AZ35: 0 | BA35: 0 | BB35: 0 | BC35: WRWT25850/WRWT25850 | BD35: 0
A36: 45919 | B36: MK68-001121 | C36: บจก.อินเทคค์ โกลบอล | D36: เฟิร์สช้อย 912 | E36: 20 | F36: 36 | G36: ขาว | H36: ด้าน | I36: 100 | J36: ± | K36: 5 | L36: จับจีบ4" | M36: ไม่สวมถุงใน | N36: 0 | O36: 0 | P36: 0 | Q36: 0 | R36: 0 | S36: มัด80 ใช้สายรัด | T36: รอแจ้ง | U36: 604 | V36: 0 | W36: 604 | X36: 16380 | Y36: 0 | Z36: WSWT2025800SM | AA36: 0 | AB36: 0 | AC36: 0 | AD36: 0 | AE36: 0 | AF36: 0 | AG36: พร้อมส่ง | AH36: P6 | AI36: 4 | AJ36: รอแจ้ง | AK36: #VALUE! | AL36: #VALUE! | AM36: #VALUE! | AN36: #VALUE! | AO36: #VALUE! | AP36: #VALUE! | AQ36: 0 | AR36: 0 | AS36: 0 | AT36: 0 | AU36: 0 | AV36: 0 | AW36: งานเคลือบ+พิมพ์ | AX36: / | AY36: 0 | AZ36: 0 | BA36: 0 | BB36: 0 | BC36: WRWT25850/WRWT25850 | BD36: 0
A37: 45919 | B37: MK68-001122 | C37: บจก.อินเทคค์ โกลบอล | D37: เพอเฟคค์ 914 | E37: 20 | F37: 36 | G37: ขาว | H37: ด้าน | I37: 100 | J37: ± | K37: 5 | L37: จับจีบ4" | M37: ไม่สวมถุงใน | N37: 0 | O37: 0 | P37: 0 | Q37: 0 | R37: 0 | S37: มัด80 ใช้สายรัด | T37: รอแจ้ง | U37: 1174 | V37: 0 | W37: 1174 | X37: 21440 | Y37: 0 | Z37: WSWT2025800SM | AA37: 0 | AB37: 0 | AC37: 0 | AD37: 0 | AE37: 0 | AF37: 0 | AG37: รอตัด | AH37: P6 | AI37: 4 | AJ37: รอแจ้ง | AK37: #VALUE! | AL37: #VALUE! | AM37: #VALUE! | AN37: #VALUE! | AO37: #VALUE! | AP37: #VALUE! | AQ37: 0 | AR37: 0 | AS37: 0 | AT37: 0 | AU37: 0 | AV37: 0 | AW37: งานเคลือบ+พิมพ์ | AX37: / | AY37: 0 | AZ37: 0 | BA37: 0 | BB37: 0 | BC37: WRWT25850/WRWT25850 | BD37: 0
A38: 45923 | B38: MK68-001152 | C38: คุณฐนวรวรรศณ์ ภัทรนนท์สกุล | D38: ปลาวาฬยิ้ม | E38: 20 | F38: 30 | G38: ขาว | H38: ใส | I38: 80 | J38: ± | K38: 5 | L38: จับจีบ | M38: ไม่สวมถุงใน | N38: 0 | O38: 0 | P38: 0 | Q38: 0 | R38: 0 | S38: 500กระสอบ | T38: 45940 | U38: 5000 | V38: 5048 | W38: 0 | X38: 5500 | Y38: 0 | Z38: WSWT2025800SM | AA38: 0 | AB38: 0 | AC38: 0 | AD38: 0 | AE38: 0 | AF38: 0 | AG38: พร้อมส่ง | AH38: P6 | AI38: 4 | AJ38: 45940 | AK38: 45936 | AL38: 45929 | AM38: 45937 | AN38: 45938 | AO38: 45939 | AP38: 45935 | AQ38: 0 | AR38: 0 | AS38: 0 | AT38: 0 | AU38: 0 | AV38: 0 | AW38: งานเคลือบ+พิมพ์ | AX38: / | AY38: รอส่ง | AZ38: 0 | BA38: 0 | BB38: 0 | BC38: WRWT25850/WRWT25850 | BD38: 0
A39: 45922 | B39: MK68-001153 | C39: บจก.วีซีเอฟ | D39: VC 105 | E39: 20 | F39: 37 | G39: ขาว | H39: ใส | I39: 100 | J39: ± | K39: 5 | L39: บิด | M39: ไม่สวมถุงใน | N39: 0 | O39: 0 | P39: 0 | Q39: 0 | R39: 0 | S39: 500กระสอบแบน | T39: 45944 | U39: 5000 | V39: 4787 | W39: 213 | X39: 5280 | Y39: 0 | Z39: WSWT2025800SM | AA39: 0 | AB39: 0 | AC39: 0 | AD39: 0 | AE39: 0 | AF39: 0 | AG39: พร้อมส่ง | AH39: P6 | AI39: 4 | AJ39: 45944 | AK39: 45940 | AL39: 45933 | AM39: 45941 | AN39: 45942 | AO39: 45943 | AP39: 45939 | AQ39: 0 | AR39: 0 | AS39: 0 | AT39: 0 | AU39: 0 | AV39: 0 | AW39: งานเคลือบ+พิมพ์ | AX39: / | AY39: 0 | AZ39: 0 | BA39: 0 | BB39: 0 | BC39: WRWT25850/WRWT25850 | BD39: 0
A40: 45922 | B40: MK68-001153 | C40: บจก.วีซีเอฟ | D40: VC 120 | E40: 20 | F40: 37 | G40: ขาว | H40: ใส | I40: 100 | J40: ± | K40: 5 | L40: บิด | M40: ไม่สวมถุงใน | N40: 0 | O40: 0 | P40: 0 | Q40: 0 | R40: 0 | S40: 500กระสอบแบน | T40: 45944 | U40: 10000 | V40: 7750 | W40: 2250 | X40: 10300 | Y40: 0 | Z40: WSWT2025800SM | AA40: 0 | AB40: 0 | AC40: 0 | AD40: 0 | AE40: 0 | AF40: 0 | AG40: พร้อมส่ง | AH40: P6 | AI40: 4 | AJ40: 45944 | AK40: 45940 | AL40: 45933 | AM40: 45941 | AN40: 45942 | AO40: 45943 | AP40: 45939 | AQ40: 0 | AR40: 0 | AS40: 0 | AT40: 0 | AU40: 0 | AV40: 0 | AW40: งานเคลือบ+พิมพ์ | AX40: / | AY40: 0 | AZ40: 0 | BA40: 0 | BB40: 0 | BC40: WRWT25850/WRWT25850 | BD40: 0
A41: 45922 | B41: MK68-001153 | C41: บจก.วีซีเอฟ | D41: JET 888 | E41: 20 | F41: 37 | G41: ขาว | H41: ใส | I41: 100 | J41: ± | K41: 5 | L41: ไม่ | M41: ไม่สวมถุงใน | N41: 0 | O41: 0 | P41: 0 | Q41: 0 | R41: 0 | S41: 500กระสอบแบน | T41: 45944 | U41: 5000 | V41: 5000 | W41: 0 | X41: 5100 | Y41: 0 | Z41: WSWT2025800SM | AA41: 0 | AB41: 0 | AC41: 0 | AD41: 0 | AE41: 0 | AF41: 0 | AG41: พร้อมส่ง | AH41: P6 | AI41: 4 | AJ41: 45944 | AK41: 45940 | AL41: 45933 | AM41: 45941 | AN41: 45942 | AO41: 45943 | AP41: 45939 | AQ41: 0 | AR41: 0 | AS41: 0 | AT41: 0 | AU41: 0 | AV41: 0 | AW41: งานเคลือบ+พิมพ์ | AX41: / | AY41: 0 | AZ41: 0 | BA41: 0 | BB41: 0 | BC41: WRWT25850/WRWT25850 | BD41: 0
A42: 45931 | B42: MK68-001194 | C42: บจก.มารีน ลีดเดอร์ | D42: High Rock | E42: 20 | F42: 30 | G42: ขาว | H42: ใส | I42: 80 | J42: ± | K42: 5 | L42: จับจีบ5" | M42: 21 | N42: 33 | O42: 40 | P42: 0 | Q42: 0 | R42: 0 | S42: 500กระสอบ | T42: 45944 | U42: 5000 | V42: 5000 | W42: 0 | X42: 5400 | Y42: 0 | Z42: WSWT2025800SM | AA42: 0 | AB42: 0 | AC42: 0 | AD42: 0 | AE42: 0 | AF42: 0 | AG42: พร้อมส่ง | AH42: P8 | AI42: 4 | AJ42: 45944 | AK42: 45940 | AL42: 45934 | AM42: 45941 | AN42: 45942 | AO42: 45942 | AP42: 45939 | AQ42: 45943 | AR42: 0 | AS42: 0 | AT42: 0 | AU42: 0 | AV42: 0 | AW42: งานเคลือบ+พิมพ์ | AX42: / | AY42: 0 | AZ42: 0 | BA42: 0 | BB42: 0 | BC42: WRWT25850/WRWT25850 | BD42: 0
A43: 45931 | B43: MK68-001193 | C43: บจก.มารีน ลีดเดอร์ | D43: Rocky Quick lime | E43: 20 | F43: 30 | G43: ขาว | H43: ใส | I43: 80 | J43: ± | K43: 5 | L43: จับจีบ5" | M43: 21 | N43: 33 | O43: 40 | P43: 0 | Q43: 0 | R43: 0 | S43: 500กระสอบ | T43: 45944 | U43: 5000 | V43: 5000 | W43: 0 | X43: 5400 | Y43: 0 | Z43: WSWT2025800SM | AA43: 0 | AB43: 0 | AC43: 0 | AD43: 0 | AE43: 0 | AF43: 0 | AG43: พร้อมส่ง | AH43: P8 | AI43: 4 | AJ43: 45944 | AK43: 45940 | AL43: 45934 | AM43: 45941 | AN43: 45942 | AO43: 45942 | AP43: 45939 | AQ43: 45943 | AR43: 0 | AS43: 0 | AT43: 0 | AU43: 0 | AV43: 0 | AW43: งานเคลือบ+พิมพ์ | AX43: / | AY43: 0 | AZ43: 0 | BA43: 0 | BB43: 0 | BC43: WRWT25850/WRWT25850 | BD43: 0
A44: 45877 | B44: MK68-000990 | C44: บจก.เอสพีเอ็ม อาหารสัตว์ | D44: SW 441 PLUS | E44: 20 | F44: 38 | G44: ขาว | H44: ใส | I44: 100 | J44: ± | K44: 5 | L44: บิด | M44: ไม่สวมถุงใน | N44: 0 | O44: 0 | P44: 0 | Q44: 0 | R44: 0 | S44: 500กระสอบแบน | T44: 45944 | U44: 3500 | V44: 3500 | W44: 0 | X44: 3605 | Y44: 0 | Z44: WSWT2025800SM | AA44: 0 | AB44: 0 | AC44: 0 | AD44: 0 | AE44: 0 | AF44: 0 | AG44: พร้อมส่ง | AH44: P6 | AI44: 4 | AJ44: 45944 | AK44: 45940 | AL44: 45933 | AM44: 45941 | AN44: 45942 | AO44: 45943 | AP44: 45939 | AQ44: 0 | AR44: 0 | AS44: 0 | AT44: 0 | AU44: 0 | AV44: 0 | AW44: งานเคลือบ+พิมพ์ | AX44: / | AY44: 0 | AZ44: 0 | BA44: 0 | BB44: 0 | BC44: WRWT25850/WRWT25850 | BD44: 0
A45: 45916 | B45: MK68-001119 | C45: บจก.ซันฟีด | D45: 952 | E45: 20 | F45: 38 | G45: ขาว | H45: ด้าน | I45: 100 | J45: + | K45: 0 | L45: บิด | M45: ไม่สวมถุงใน | N45: 0 | O45: 0 | P45: 0 | Q45: 0 | R45: 0 | S45: 300กระสอบแบนเต็มใบ | T45: 45945 | U45: 5000 | V45: 5100 | W45: 0 | X45: 5100 | Y45: 0 | Z45: WSWT2025800SM | AA45: 0 | AB45: 0 | AC45: 0 | AD45: 0 | AE45: 0 | AF45: 0 | AG45: พร้อมส่ง | AH45: P6 | AI45: 4 | AJ45: 45945 | AK45: 45941 | AL45: 45934 | AM45: 45942 | AN45: 45943 | AO45: 45944 | AP45: 45940 | AQ45: 0 | AR45: 0 | AS45: 0 | AT45: 0 | AU45: 0 | AV45: 0 | AW45: งานเคลือบ+พิมพ์ | AX45: / | AY45: 45930 | AZ45: 0 | BA45: 0 | BB45: 0 | BC45: WRWT25850/WRWT25850 | BD45: 0
A46: 45916 | B46: MK68-001119 | C46: บจก.ซันฟีด | D46: ขุนศึกเบอร์ 2 | E46: 20 | F46: 38 | G46: ขาว | H46: ด้าน | I46: 100 | J46: + | K46: 0 | L46: บิด | M46: ไม่สวมถุงใน | N46: 0 | O46: 0 | P46: 0 | Q46: 0 | R46: 0 | S46: 300กระสอบแบนเต็มใบ | T46: 45945 | U46: 4000 | V46: 4000 | W46: 0 | X46: 4900 | Y46: 0 | Z46: WSWT2025800SM | AA46: 0 | AB46: 0 | AC46: 0 | AD46: 0 | AE46: 0 | AF46: 0 | AG46: ยังไม่ได้พิมพ์ | AH46: P6 | AI46: 4 | AJ46: 45945 | AK46: 45941 | AL46: 45934 | AM46: 45942 | AN46: 45943 | AO46: 45944 | AP46: 45940 | AQ46: 0 | AR46: 0 | AS46: 0 | AT46: 0 | AU46: 0 | AV46: 0 | AW46: งานเคลือบ+พิมพ์ | AX46: / | AY46: 45930 | AZ46: 0 | BA46: 0 | BB46: 0 | BC46: WRWT25850/WRWT25850 | BD46: 0
A47: 45916 | B47: MK68-001119 | C47: บจก.ซันฟีด | D47: ขุนศึกเบอร์ 1 | E47: 20 | F47: 38 | G47: ขาว | H47: ด้าน | I47: 100 | J47: + | K47: 0 | L47: บิด | M47: ไม่สวมถุงใน | N47: 0 | O47: 0 | P47: 0 | Q47: 0 | R47: 0 | S47: 300กระสอบแบนเต็มใบ | T47: 45945 | U47: 5000 | V47: 5100 | W47: 0 | X47: 5013 | Y47: 0 | Z47: WSWT2025800SM | AA47: 0 | AB47: 0 | AC47: 0 | AD47: 0 | AE47: 0 | AF47: เสียเยอะ | AG47: พร้อมส่ง | AH47: P6 | AI47: 4 | AJ47: 45945 | AK47: 45941 | AL47: 45934 | AM47: 45942 | AN47: 45943 | AO47: 45944 | AP47: 45940 | AQ47: 0 | AR47: 0 | AS47: 0 | AT47: 0 | AU47: 0 | AV47: 0 | AW47: งานเคลือบ+พิมพ์ | AX47: / | AY47: 0 | AZ47: 0 | BA47: 0 | BB47: 0 | BC47: WRWT25850/WRWT25850 | BD47: 0
A48: 45916 | B48: MK68-001119 | C48: บจก.ซันฟีด | D48: ขุนศึกเบอร์ 1 | E48: 20 | F48: 38 | G48: ขาว | H48: ด้าน | I48: 100 | J48: + | K48: 0 | L48: บิด | M48: ไม่สวมถุงใน | N48: 0 | O48: 0 | P48: 0 | Q48: 0 | R48: 0 | S48: 300กระสอบแบนเต็มใบ | T48: 45945 | U48: 5000 | V48: 5000 | W48: 0 | X48: 5100 | Y48: 0 | Z48: WSWT2025800SM | AA48: 0 | AB48: 0 | AC48: 0 | AD48: 0 | AE48: 0 | AF48: 0 | AG48: ยังไม่ได้พิมพ์ | AH48: P6 | AI48: 4 | AJ48: 45945 | AK48: 45941 | AL48: 45934 | AM48: 45942 | AN48: 45943 | AO48: 45944 | AP48: 45940 | AQ48: 0 | AR48: 0 | AS48: 0 | AT48: 0 | AU48: 0 | AV48: 0 | AW48: งานเคลือบ+พิมพ์ | AX48: / | AY48: 0 | AZ48: 0 | BA48: 0 | BB48: 0 | BC48: WRWT25850/WRWT25850 | BD48: 0
A49: 45937 | B49: MK68-001218 | C49: บจก.อินเทคค์ โกลบอล | D49: สุบรรณ 111 | E49: 20 | F49: 36 | G49: ขาว | H49: ด้าน | I49: 100 | J49: ± | K49: 5 | L49: จับจีบ3.5" | M49: ไม่สวมถุงใน | N49: 0 | O49: 0 | P49: 0 | Q49: 0 | R49: 0 | S49: มัด80 ใช้สายรัด | T49: 45945 | U49: 5040 | V49: 0 | W49: 5040 | X49: 0 | Y49: 5292 | Z49: WSWT2025800SM | AA49: 5280.66 | AB49: 5280.66 | AC49: 0 | AD49: 5280.66 | AE49: 0 | AF49: 0 | AG49: พร้อมส่ง | AH49: P6 | AI49: 4 | AJ49: 45945 | AK49: 45941 | AL49: 45934 | AM49: 45942 | AN49: 45943 | AO49: 45944 | AP49: 45940 | AQ49: 0 | AR49: 0 | AS49: 0 | AT49: 0 | AU49: 0 | AV49: 0 | AW49: งานเคลือบ+พิมพ์ | AX49: 0 | AY49: 0 | AZ49: 0 | BA49: 0 | BB49: 0 | BC49: WRWT25850/WRWT25850 | BD49: 0
A50: 45825 | B50: MK68-000801 | C50: บจก.อินเทคค์ โกลบอล | D50: สุบรรณ 111 | E50: 20 | F50: 36 | G50: ขาว | H50: ด้าน | I50: 100 | J50: ± | K50: 5 | L50: จับจีบ3.5" | M50: ไม่สวมถุงใน | N50: 0 | O50: 0 | P50: 0 | Q50: 0 | R50: 0 | S50: มัด80 ใช้สายรัด | T50: 45945 | U50: 894 | V50: 525 | W50: 369 | X50: 0 | Y50: 387.45 | Z50: WSWT2025800SM | AA50: 386.61975 | AB50: 386.61975 | AC50: 0 | AD50: 386.61975 | AE50: 0 | AF50: 0 | AG50: พร้อมส่ง | AH50: P6 | AI50: 4 | AJ50: 45945 | AK50: 45941 | AL50: 45934 | AM50: 45942 | AN50: 45943 | AO50: 45944 | AP50: 45940 | AQ50: 0 | AR50: 0 | AS50: 0 | AT50: 0 | AU50: 0 | AV50: 0 | AW50: งานเคลือบ+พิมพ์ | AX50: / | AY50: 0 | AZ50: 0 | BA50: 0 | BB50: 0 | BC50: WRWT25850/WRWT25850 | BD50: 0
A51: 45936 | B51: MK68-001216 | C51: บจก.อินเทคค์ โกลบอล | D51: สุบรรณ 666 | E51: 20 | F51: 36 | G51: ขาว | H51: ด้าน | I51: 100 | J51: ± | K51: 5 | L51: จับจีบ3.5" | M51: ไม่สวมถุงใน | N51: 0 | O51: 0 | P51: 0 | Q51: 0 | R51: 0 | S51: มัด80 ใช้สายรัด | T51: 45945 | U51: 5040 | V51: 0 | W51: 5040 | X51: 0 | Y51: 5292 | Z51: WSWT2025800SM | AA51: 5280.66 | AB51: 5280.66 | AC51: 0 | AD51: 0 | AE51: 5280.66 | AF51: 0 | AG51: พร้อมส่ง | AH51: P6 | AI51: 4 | AJ51: 45945 | AK51: 45941 | AL51: 45934 | AM51: 45942 | AN51: 45943 | AO51: 45944 | AP51: 45940 | AQ51: 0 | AR51: 0 | AS51: 0 | AT51: 0 | AU51: 0 | AV51: 0 | AW51: งานเคลือบ+พิมพ์ | AX51: / | AY51: 0 | AZ51: 0 | BA51: 0 | BB51: 0 | BC51: WRWT25850/WRWT25850 | BD51: 0
A52: 45523 | B52: MK67-001153 | C52: บจก.อินเทคค์ โกลบอล | D52: สุบรรณ 666 | E52: 20 | F52: 36 | G52: ขาว | H52: ด้าน | I52: 100 | J52: ± | K52: 5 | L52: จับจีบ3.5" | M52: ไม่สวมถุงใน | N52: 0 | O52: 0 | P52: 0 | Q52: 0 | R52: 0 | S52: มัด80 ใช้สายรัด | T52: 45945 | U52: 89 | V52: 0 | W52: 89 | X52: 0 | Y52: 93.45 | Z52: WSWT2025800SM | AA52: 93.24975 | AB52: 93.24975 | AC52: 0 | AD52: 0 | AE52: 93.24975 | AF52: 0 | AG52: รอตัด | AH52: P6 | AI52: 4 | AJ52: 45945 | AK52: 45941 | AL52: 45934 | AM52: 45942 | AN52: 45943 | AO52: 45944 | AP52: 45940 | AQ52: 0 | AR52: 0 | AS52: 0 | AT52: 0 | AU52: 0 | AV52: 0 | AW52: งานเคลือบ+พิมพ์ | AX52: / | AY52: 0 | AZ52: 0 | BA52: 0 | BB52: 0 | BC52: WRWT25850/WRWT25850 | BD52: 0
A53: 45916 | B53: MK68-001119 | C53: บจก.ซันฟีด | D53: 953 | E53: 20 | F53: 38 | G53: ขาว | H53: ด้าน | I53: 100 | J53: + | K53: 0 | L53: บิด | M53: ไม่สวมถุงใน | N53: 0 | O53: 0 | P53: 0 | Q53: 0 | R53: 0 | S53: 300กระสอบแบนเต็มใบ | T53: 45945 | U53: 2500 | V53: 2700 | W53: 0 | X53: 5250 | Y53: 0 | Z53: WSWT2025800SM | AA53: 0 | AB53: 0 | AC53: 0 | AD53: 0 | AE53: 0 | AF53: 0 | AG53: ยังไม่ได้พิมพ์ | AH53: P6 | AI53: 4 | AJ53: 45945 | AK53: 45941 | AL53: 45934 | AM53: 45942 | AN53: 45943 | AO53: 45944 | AP53: 45940 | AQ53: 0 | AR53: 0 | AS53: 0 | AT53: 0 | AU53: 0 | AV53: 0 | AW53: งานเคลือบ+พิมพ์ | AX53: / | AY53: 45930 | AZ53: 0 | BA53: 0 | BB53: 0 | BC53: WRWT25850/WRWT25850 | BD53: 0
A54: 45916 | B54: MK68-001119 | C54: บจก.ซันฟีด | D54: 007 | E54: 20 | F54: 38 | G54: ขาว | H54: ด้าน | I54: 100 | J54: + | K54: 0 | L54: บิด | M54: ไม่สวมถุงใน | N54: 0 | O54: 0 | P54: 0 | Q54: 0 | R54: 0 | S54: 300กระสอบแบนเต็มใบ | T54: 45947 | U54: 2500 | V54: 2500 | W54: 0 | X54: 2550 | Y54: 0 | Z54: WSWT2025800SM | AA54: 0 | AB54: 0 | AC54: 0 | AD54: 0 | AE54: 0 | AF54: 0 | AG54: รอตัด | AH54: P6 | AI54: 4 | AJ54: 45947 | AK54: 45943 | AL54: 45936 | AM54: 45944 | AN54: 45945 | AO54: 45946 | AP54: 45942 | AQ54: 0 | AR54: 0 | AS54: 0 | AT54: 0 | AU54: 0 | AV54: 0 | AW54: งานเคลือบ+พิมพ์ | AX54: / | AY54: 0 | AZ54: 0 | BA54: 0 | BB54: 0 | BC54: WRWT25850/WRWT25850 | BD54: 0
A55: 45911 | B55: MK68-001105 | C55: บจก.เอพีเอ็ม อะโกร | D55: ฟีล-กู๊ด พี6 | E55: 20 | F55: 38 | G55: ขาว | H55: ใส | I55: 100 | J55: ± | K55: 5 | L55: บิด | M55: ไม่สวมถุงใน | N55: 0 | O55: 0 | P55: 0 | Q55: 0 | R55: 0 | S55: 500กระสอบแบน | T55: 45947 | U55: 8000 | V55: 0 | W55: 8000 | X55: 8465 | Y55: 0 | Z55: WSWT2025800SM | AA55: 0 | AB55: 0 | AC55: 0 | AD55: 0 | AE55: 0 | AF55: 0 | AG55: พร้อมส่ง | AH55: P6 | AI55: 4 | AJ55: 45947 | AK55: 45943 | AL55: 45936 | AM55: 45944 | AN55: 45945 | AO55: 45946 | AP55: 45942 | AQ55: 0 | AR55: 0 | AS55: 0 | AT55: 0 | AU55: 0 | AV55: 0 | AW55: งานเคลือบ+พิมพ์ | AX55: / | AY55: 0 | AZ55: 0 | BA55: 0 | BB55: 0 | BC55: WRWT25850/WRWT25850 | BD55: 0
A56: 45909 | B56: MK68-001092 | C56: บจก.เอพีเอ็ม อะโกร | D56: APM915 | E56: 20 | F56: 38 | G56: ขาว | H56: ใส | I56: 100 | J56: ± | K56: 5 | L56: บิด | M56: ไม่สวมถุงใน | N56: 0 | O56: 0 | P56: 0 | Q56: 0 | R56: 0 | S56: 500กระสอบแบน | T56: 45947 | U56: 3000 | V56: 0 | W56: 3000 | X56: 0 | Y56: 3150 | Z56: WSWT2025800SM | AA56: 3310.89 | AB56: 3310.89 | AC56: 0 | AD56: 3310.89 | AE56: 0 | AF56: 0 | AG56: รอตัด | AH56: P6 | AI56: 4 | AJ56: 45947 | AK56: 45943 | AL56: 45936 | AM56: 45944 | AN56: 45945 | AO56: 45946 | AP56: 45942 | AQ56: 0 | AR56: 0 | AS56: 0 | AT56: 0 | AU56: 0 | AV56: 0 | AW56: งานเคลือบ+พิมพ์ | AX56: / | AY56: 0 | AZ56: 0 | BA56: 0 | BB56: 0 | BC56: WRWT25850/WRWT25850 | BD56: 0
A57: 45916 | B57: MK68-001119 | C57: บจก.ซันฟีด | D57: 952 | E57: 20 | F57: 38 | G57: ขาว | H57: ด้าน | I57: 100 | J57: + | K57: 0 | L57: บิด | M57: ไม่สวมถุงใน | N57: 0 | O57: 0 | P57: 0 | Q57: 0 | R57: 0 | S57: 300กระสอบแบนเต็มใบ | T57: 45947 | U57: 7500 | V57: 5245 | W57: 2255 | X57: 7625 | Y57: 0 | Z57: WSWT2025800SM | AA57: 0 | AB57: 0 | AC57: 0 | AD57: 0 | AE57: 0 | AF57: 0 | AG57: ยังไม่ได้พิมพ์ | AH57: P6 | AI57: 4 | AJ57: 45947 | AK57: 45943 | AL57: 45936 | AM57: 45944 | AN57: 45945 | AO57: 45946 | AP57: 45942 | AQ57: 0 | AR57: 0 | AS57: 0 | AT57: 0 | AU57: 0 | AV57: 0 | AW57: งานเคลือบ+พิมพ์ | AX57: / | AY57: 0 | AZ57: 0 | BA57: 0 | BB57: 0 | BC57: WRWT25850/WRWT25850 | BD57: 0
A58: 45916 | B58: MK68-001119 | C58: บจก.ซันฟีด | D58: ขุนศึกเบอร์ 2 | E58: 20 | F58: 38 | G58: ขาว | H58: ด้าน | I58: 100 | J58: + | K58: 0 | L58: บิด | M58: ไม่สวมถุงใน | N58: 0 | O58: 0 | P58: 0 | Q58: 0 | R58: 0 | S58: 300กระสอบแบนเต็มใบ | T58: 45951 | U58: 5000 | V58: 4617 | W58: 383 | X58: 5100 | Y58: 0 | Z58: WSWT2025800SM | AA58: 0 | AB58: 0 | AC58: 0 | AD58: 0 | AE58: 0 | AF58: 0 | AG58: พร้อมส่ง | AH58: P6 | AI58: 4 | AJ58: 45951 | AK58: 45947 | AL58: 45940 | AM58: 45948 | AN58: 45949 | AO58: 45950 | AP58: 45946 | AQ58: 0 | AR58: 0 | AS58: 0 | AT58: 0 | AU58: 0 | AV58: 0 | AW58: งานเคลือบ+พิมพ์ | AX58: / | AY58: 0 | AZ58: 0 | BA58: 0 | BB58: 0 | BC58: WRWT25850/WRWT25850 | BD58: 0
A59: 45916 | B59: MK68-001119 | C59: บจก.ซันฟีด | D59: 956 | E59: 20 | F59: 38 | G59: ขาว | H59: ด้าน | I59: 100 | J59: + | K59: 0 | L59: บิด | M59: ไม่สวมถุงใน | N59: 0 | O59: 0 | P59: 0 | Q59: 0 | R59: 0 | S59: 300กระสอบแบนเต็มใบ | T59: 45951 | U59: 2500 | V59: 1371 | W59: 1129 | X59: 2550 | Y59: 0 | Z59: WSWT2025800SM | AA59: 0 | AB59: 0 | AC59: 0 | AD59: 0 | AE59: 0 | AF59: 0 | AG59: ยังไม่ได้พิมพ์ | AH59: P6 | AI59: 4 | AJ59: 45951 | AK59: 45947 | AL59: 45940 | AM59: 45948 | AN59: 45949 | AO59: 45950 | AP59: 45946 | AQ59: 0 | AR59: 0 | AS59: 0 | AT59: 0 | AU59: 0 | AV59: 0 | AW59: งานเคลือบ+พิมพ์ | AX59: / | AY59: 0 | AZ59: 0 | BA59: 0 | BB59: 0 | BC59: WRWT25850/WRWT25850 | BD59: 0
A60: 45892 | B60: MK68-001027 | C60: บจก.เอสพีเอ็ม อาหารสัตว์ | D60: นีโอ 05 | E60: 20 | F60: 38 | G60: ขาว | H60: ด้าน | I60: 100 | J60: ± | K60: 5 | L60: ไม่ | M60: ไม่สวมถุงใน | N60: 0 | O60: 0 | P60: 0 | Q60: 0 | R60: 0 | S60: 500กระสอบแบน | T60: 45951 | U60: 6000 | V60: 0 | W60: 6000 | X60: 0 | Y60: 6300 | Z60: WSWT2025800SM | AA60: 6621.78 | AB60: 6621.78 | AC60: 0 | AD60: 0 | AE60: 6621.78 | AF60: 0 | AG60: ยังไม่ได้พิมพ์ | AH60: P6 | AI60: 4 | AJ60: 45951 | AK60: 45947 | AL60: 45940 | AM60: 45948 | AN60: 45949 | AO60: 45950 | AP60: 45946 | AQ60: 0 | AR60: 0 | AS60: 0 | AT60: 0 | AU60: 0 | AV60: 0 | AW60: งานเคลือบ+พิมพ์ | AX60: / | AY60: 0 | AZ60: 0 | BA60: 0 | BB60: 0 | BC60: WRWT25850/WRWT25850 | BD60: 0
A61: 45916 | B61: MK68-001119 | C61: บจก.ซันฟีด | D61: 953 | E61: 20 | F61: 38 | G61: ขาว | H61: ด้าน | I61: 100 | J61: + | K61: 0 | L61: บิด | M61: ไม่สวมถุงใน | N61: 0 | O61: 0 | P61: 0 | Q61: 0 | R61: 0 | S61: 300กระสอบแบนเต็มใบ | T61: 45951 | U61: 5000 | V61: 4825 | W61: 175 | X61: 5200 | Y61: 0 | Z61: WSWT2025800SM | AA61: 0 | AB61: 0 | AC61: 0 | AD61: 0 | AE61: 0 | AF61: 0 | AG61: พร้อมส่ง | AH61: P6 | AI61: 4 | AJ61: 45951 | AK61: 45947 | AL61: 45940 | AM61: 45948 | AN61: 45949 | AO61: 45950 | AP61: 45946 | AQ61: 0 | AR61: 0 | AS61: 0 | AT61: 0 | AU61: 0 | AV61: 0 | AW61: งานเคลือบ+พิมพ์ | AX61: / | AY61: 0 | AZ61: 0 | BA61: 0 | BB61: 0 | BC61: WRWT25850/WRWT25850 | BD61: 0
A62: 45933 | B62: MK68-001207 | C62: บจก.เอสพีเอ็ม อาหารสัตว์ | D62: นาโน 04 | E62: 20 | F62: 38 | G62: ขาว | H62: ด้าน | I62: 100 | J62: ± | K62: 5 | L62: บิด | M62: ไม่สวมถุงใน | N62: 0 | O62: 0 | P62: 0 | Q62: 0 | R62: 0 | S62: 500กระสอบแบน | T62: 45951 | U62: 3000 | V62: 0 | W62: 3000 | X62: 0 | Y62: 3150 | Z62: WSWT2025800SM | AA62: 3310.89 | AB62: 0 | AC62: 3310.89 | AD62: 0 | AE62: 3310.89 | AF62: 0 | AG62: ยังไม่ได้พิมพ์ | AH62: P6 | AI62: 4 | AJ62: 45951 | AK62: 45947 | AL62: 45940 | AM62: 45948 | AN62: 45949 | AO62: 45950 | AP62: 45946 | AQ62: 0 | AR62: 0 | AS62: 0 | AT62: 0 | AU62: 0 | AV62: 0 | AW62: งานเคลือบ+พิมพ์ | AX62: / | AY62: 0 | AZ62: 0 | BA62: 0 | BB62: 0 | BC62: WRWT25850/WRWT25850 | BD62: 250.15613
A63: 45916 | B63: MK68-001119 | C63: บจก.ซันฟีด | D63: 917 | E63: 20 | F63: 37 | G63: ขาว | H63: ด้าน | I63: 98 | J63: + | K63: 0 | L63: บิด | M63: ไม่สวมถุงใน | N63: 0 | O63: 0 | P63: 0 | Q63: 0 | R63: 0 | S63: 300กระสอบแบนเต็มใบ | T63: 45952 | U63: 2500 | V63: 0 | W63: 2500 | X63: 0 | Y63: 2625 | Z63: WSWT2025800SM | AA63: 2689.225 | AB63: 2689.225 | AC63: 0 | AD63: 0 | AE63: 2689.225 | AF63: 0 | AG63: ยังไม่ได้พิมพ์ | AH63: P6 | AI63: 4 | AJ63: 45952 | AK63: 45948 | AL63: 45941 | AM63: 45949 | AN63: 45950 | AO63: 45951 | AP63: 45947 | AQ63: 0 | AR63: 0 | AS63: 0 | AT63: 0 | AU63: 0 | AV63: 0 | AW63: งานเคลือบ+พิมพ์ | AX63: / | AY63: 0 | AZ63: 0 | BA63: 0 | BB63: 0 | BC63: WRWT25850/WRWT25850 | BD63: 0
A64: 45891 | B64: MK68-001033 | C64: บจก.เอสพีเอ็ม อาหารสัตว์ | D64: นาโน 03 | E64: 20 | F64: 38 | G64: ขาว | H64: ด้าน | I64: 100 | J64: ± | K64: 5 | L64: บิด | M64: ไม่สวมถุงใน | N64: 0 | O64: 0 | P64: 0 | Q64: 0 | R64: 0 | S64: 500กระสอบแบน | T64: 45951 | U64: 9000 | V64: 8447 | W64: 553 | X64: 9150 | Y64: 0 | Z64: WSWT2025800SM | AA64: 0 | AB64: 0 | AC64: 0 | AD64: 0 | AE64: 0 | AF64: 0 | AG64: พร้อมส่ง | AH64: P6 | AI64: 5 | AJ64: 45951 | AK64: 45946 | AL64: 45939 | AM64: 45947 | AN64: 45948 | AO64: 45949 | AP64: 45946 | AQ64: 0 | AR64: 0 | AS64: 0 | AT64: 0 | AU64: 0 | AV64: 0 | AW64: งานเคลือบ+พิมพ์ | AX64: / | AY64: 8447 | AZ64: 0 | BA64: 0 | BB64: 0 | BC64: WRWT25850/WRWT25850 | BD64: 0
A65: 45933 | B65: MK68-001213 | C65: บจก.เอสพีเอ็ม อาหารสัตว์ | D65: SPM914 | E65: 20 | F65: 38 | G65: ขาว | H65: ด้าน | I65: 100 | J65: ± | K65: 5 | L65: บิด | M65: ไม่สวมถุงใน | N65: 0 | O65: 0 | P65: 0 | Q65: 0 | R65: 0 | S65: 500กระสอบแบน | T65: 45953 | U65: 3000 | V65: 0 | W65: 3000 | X65: 0 | Y65: 3150 | Z65: WSWT2025800SM | AA65: 3310.89 | AB65: 0 | AC65: 3310.89 | AD65: 0 | AE65: 3310.89 | AF65: 0 | AG65: พร้อมส่ง | AH65: P6 | AI65: 4 | AJ65: 45953 | AK65: 45949 | AL65: 45942 | AM65: 45950 | AN65: 45951 | AO65: 45952 | AP65: 45948 | AQ65: 0 | AR65: 0 | AS65: 0 | AT65: 0 | AU65: 0 | AV65: 0 | AW65: งานเคลือบ+พิมพ์ | AX65: / | AY65: 0 | AZ65: 0 | BA65: 0 | BB65: 0 | BC65: WRWT25850/WRWT25850 | BD65: 250.15613
A66: 45923 | B66: MK68-001159 | C66: บจก.เอสพีเอ็ม อาหารสัตว์ | D66: SPM 915 | E66: 20 | F66: 38 | G66: ขาว | H66: ด้าน | I66: 100 | J66: ± | K66: 5 | L66: บิด | M66: ไม่สวมถุงใน | N66: 0 | O66: 0 | P66: 0 | Q66: 0 | R66: 0 | S66: 500กระสอบแบน | T66: 45953 | U66: 3000 | V66: 0 | W66: 3000 | X66: 0 | Y66: 3150 | Z66: WSWT2025800SM | AA66: 3310.89 | AB66: 0 | AC66: 3310.89 | AD66: 0 | AE66: 3310.89 | AF66: 0 | AG66: ยังไม่ได้พิมพ์ | AH66: P6 | AI66: 4 | AJ66: 45953 | AK66: 45949 | AL66: 45942 | AM66: 45950 | AN66: 45951 | AO66: 45952 | AP66: 45948 | AQ66: 0 | AR66: 0 | AS66: 0 | AT66: 0 | AU66: 0 | AV66: 0 | AW66: งานเคลือบ+พิมพ์ | AX66: / | AY66: 0 | AZ66: 0 | BA66: 0 | BB66: 0 | BC66: WRWT25850/WRWT25850 | BD66: 250.15613
A67: 45916 | B67: MK68-001119 | C67: บจก.ซันฟีด | D67: ขุนศึกเบอร์ 1 | E67: 20 | F67: 38 | G67: ขาว | H67: ด้าน | I67: 100 | J67: + | K67: 0 | L67: บิด | M67: ไม่สวมถุงใน | N67: 0 | O67: 0 | P67: 0 | Q67: 0 | R67: 0 | S67: 300กระสอบแบนเต็มใบ | T67: 45954 | U67: 5000 | V67: 5000 | W67: 0 | X67: 5150 | Y67: 0 | Z67: WSWT2025800SM | AA67: 0 | AB67: 0 | AC67: 0 | AD67: 0 | AE67: 0 | AF67: 0 | AG67: ยังไม่ได้พิมพ์ | AH67: P6 | AI67: 4 | AJ67: 45954 | AK67: 45950 | AL67: 45943 | AM67: 45951 | AN67: 45952 | AO67: 45953 | AP67: 45949 | AQ67: 0 | AR67: 0 | AS67: 0 | AT67: 0 | AU67: 0 | AV67: 0 | AW67: งานเคลือบ+พิมพ์ | AX67: / | AY67: 0 | AZ67: 0 | BA67: 0 | BB67: 0 | BC67: WRWT25850/WRWT25850 | BD67: 0
A68: 45916 | B68: MK68-001119 | C68: บจก.ซันฟีด | D68: 007 | E68: 20 | F68: 38 | G68: ขาว | H68: ด้าน | I68: 100 | J68: + | K68: 0 | L68: บิด | M68: ไม่สวมถุงใน | N68: 0 | O68: 0 | P68: 0 | Q68: 0 | R68: 0 | S68: 300กระสอบแบนเต็มใบ | T68: 45954 | U68: 2500 | V68: 2500 | W68: 0 | X68: 2550 | Y68: 0 | Z68: WSWT2025800SM | AA68: 0 | AB68: 0 | AC68: 0 | AD68: 0 | AE68: 0 | AF68: 0 | AG68: พร้อมส่ง | AH68: P6 | AI68: 4 | AJ68: 45954 | AK68: 45950 | AL68: 45943 | AM68: 45951 | AN68: 45952 | AO68: 45953 | AP68: 45949 | AQ68: 0 | AR68: 0 | AS68: 0 | AT68: 0 | AU68: 0 | AV68: 0 | AW68: งานเคลือบ+พิมพ์ | AX68: / | AY68: 0 | AZ68: 0 | BA68: 0 | BB68: 0 | BC68: WRWT25850/WRWT25850 | BD68: 0
A69: 45916 | B69: MK68-001119 | C69: บจก.ซันฟีด | D69: 952 | E69: 20 | F69: 38 | G69: ขาว | H69: ด้าน | I69: 100 | J69: + | K69: 0 | L69: บิด | M69: ไม่สวมถุงใน | N69: 0 | O69: 0 | P69: 0 | Q69: 0 | R69: 0 | S69: 300กระสอบแบนเต็มใบ | T69: 45954 | U69: 5000 | V69: 0 | W69: 5000 | X69: 0 | Y69: 5250 | Z69: WSWT2025800SM | AA69: 5518.15 | AB69: 2757 | AC69: 2761.15 | AD69: 0 | AE69: 5518.15 | AF69: 0 | AG69: พร้อมส่ง | AH69: P6 | AI69: 4 | AJ69: 45954 | AK69: 45950 | AL69: 45943 | AM69: 45951 | AN69: 45952 | AO69: 45953 | AP69: 45949 | AQ69: 0 | AR69: 0 | AS69: 0 | AT69: 0 | AU69: 0 | AV69: 0 | AW69: งานเคลือบ+พิมพ์ | AX69: / | AY69: 0 | AZ69: 0 | BA69: 0 | BB69: 0 | BC69: WRWT25850/WRWT25850 | BD69: 208.62022
A70: 45798 | B70: MK68-000693 | C70: บจก.เอพีเอ็ม อะโกร | D70: ฟีล กู๊ด พี7 | E70: 20 | F70: 38 | G70: ขาว | H70: ใส | I70: 100 | J70: ± | K70: 5 | L70: บิด | M70: ไม่สวมถุงใน | N70: 0 | O70: 0 | P70: 0 | Q70: 0 | R70: 0 | S70: 500กระสอบแบน | T70: 45957 | U70: 3000 | V70: 0 | W70: 3000 | X70: 0 | Y70: 3150 | Z70: WSWT2025800SM | AA70: 3310.89 | AB70: 3310.89 | AC70: 0 | AD70: 2859 | AE70: 451.89 | AF70: 0 | AG70: ยังไม่ได้พิมพ์ | AH70: P6 | AI70: 4 | AJ70: 45957 | AK70: 45953 | AL70: 45946 | AM70: 45954 | AN70: 45955 | AO70: 45956 | AP70: 45952 | AQ70: 0 | AR70: 0 | AS70: 0 | AT70: 0 | AU70: 0 | AV70: 0 | AW70: งานเคลือบ+พิมพ์ | AX70: / | AY70: 0 | AZ70: 0 | BA70: 0 | BB70: 0 | BC70: WRWT25850/WRWT25850 | BD70: 0
A71: 45916 | B71: MK68-001119 | C71: บจก.ซันฟีด | D71: ขุนศึกเบอร์ 2 | E71: 20 | F71: 38 | G71: ขาว | H71: ด้าน | I71: 100 | J71: + | K71: 0 | L71: บิด | M71: ไม่สวมถุงใน | N71: 0 | O71: 0 | P71: 0 | Q71: 0 | R71: 0 | S71: 300กระสอบแบนเต็มใบ | T71: 45958 | U71: 5000 | V71: 5000 | W71: 0 | X71: 5100 | Y71: 0 | Z71: WSWT2025800SM | AA71: 0 | AB71: 0 | AC71: 0 | AD71: 0 | AE71: 0 | AF71: 0 | AG71: พร้อมส่ง | AH71: P6 | AI71: 4 | AJ71: 45958 | AK71: 45954 | AL71: 45947 | AM71: 45955 | AN71: 45956 | AO71: 45957 | AP71: 45953 | AQ71: 0 | AR71: 0 | AS71: 0 | AT71: 0 | AU71: 0 | AV71: 0 | AW71: งานเคลือบ+พิมพ์ | AX71: / | AY71: 0 | AZ71: 0 | BA71: 0 | BB71: 0 | BC71: WRWT25850/WRWT25850 | BD71: 0
A72: 45909 | B72: MK68-001093 | C72: บจก.เอสพีเอ็ม อาหารสัตว์ | D72: เอส ฟาร์ม115 | E72: 20 | F72: 38 | G72: ขาว | H72: ด้าน | I72: 100 | J72: ± | K72: 5 | L72: บิด | M72: ไม่สวมถุงใน | N72: 0 | O72: 0 | P72: 0 | Q72: 0 | R72: 0 | S72: 500กระสอบแบน | T72: 45958 | U72: 6000 | V72: 5531 | W72: 469 | X72: 6100 | Y72: 0 | Z72: WSWT2025800SM | AA72: 0 | AB72: 0 | AC72: 0 | AD72: 0 | AE72: 0 | AF72: 0 | AG72: รอแบบ | AH72: P6 | AI72: 4 | AJ72: 45958 | AK72: 45954 | AL72: 45947 | AM72: 45955 | AN72: 45956 | AO72: 45957 | AP72: 45953 | AQ72: 0 | AR72: 0 | AS72: 0 | AT72: 0 | AU72: 0 | AV72: 0 | AW72: งานเคลือบ+พิมพ์ | AX72: / | AY72: 0 | AZ72: 0 | BA72: 0 | BB72: 0 | BC72: WRWT25850/WRWT25850 | BD72: 0
A73: 45916 | B73: MK68-001119 | C73: บจก.ซันฟีด | D73: ขุนศึกเบอร์ 1 | E73: 20 | F73: 38 | G73: ขาว | H73: ด้าน | I73: 100 | J73: + | K73: 0 | L73: บิด | M73: ไม่สวมถุงใน | N73: 0 | O73: 0 | P73: 0 | Q73: 0 | R73: 0 | S73: 300กระสอบแบนเต็มใบ | T73: 45960 | U73: 5000 | V73: 0 | W73: 5000 | X73: 0 | Y73: 5250 | Z73: WSWT2025800SM | AA73: 5518.15 | AB73: 5518.15 | AC73: 0 | AD73: 0 | AE73: 5518.15 | AF73: 0 | AG73: รอแบบ | AH73: P6 | AI73: 4 | AJ73: 45960 | AK73: 45956 | AL73: 45949 | AM73: 45957 | AN73: 45958 | AO73: 45959 | AP73: 45955 | AQ73: 0 | AR73: 0 | AS73: 0 | AT73: 0 | AU73: 0 | AV73: 0 | AW73: งานเคลือบ+พิมพ์ | AX73: / | AY73: 0 | AZ73: 0 | BA73: 0 | BB73: 0 | BC73: WRWT25850/WRWT25850 | BD73: 0
A74: 45916 | B74: MK68-001119 | C74: บจก.ซันฟีด | D74: ขุนศึกเบอร์ 2 | E74: 20 | F74: 38 | G74: ขาว | H74: ด้าน | I74: 100 | J74: + | K74: 0 | L74: บิด | M74: ไม่สวมถุงใน | N74: 0 | O74: 0 | P74: 0 | Q74: 0 | R74: 0 | S74: 300กระสอบแบนเต็มใบ | T74: 45960 | U74: 5000 | V74: 5000 | W74: 0 | X74: 5385 | Y74: 0 | Z74: WSWT2025800SM | AA74: 0 | AB74: 0 | AC74: 0 | AD74: 0 | AE74: 0 | AF74: 0 | AG74: ยังไม่ได้พิมพ์ | AH74: P6 | AI74: 4 | AJ74: 45960 | AK74: 45956 | AL74: 45949 | AM74: 45957 | AN74: 45958 | AO74: 45959 | AP74: 45955 | AQ74: 0 | AR74: 0 | AS74: 0 | AT74: 0 | AU74: 0 | AV74: 0 | AW74: งานเคลือบ+พิมพ์ | AX74: / | AY74: 0 | AZ74: 0 | BA74: 0 | BB74: 0 | BC74: WRWT25850/WRWT25850 | BD74: 0
A75: ประมาณการ | B75: ประมาณการ | C75: บจก.เอสพีเอ็ม อาหารสัตว์ | D75: รอแบบ | E75: 20 | F75: 38 | G75: ขาว | H75: ใส | I75: 100 | J75: ± | K75: 5 | L75: บิด | M75: ไม่สวมถุงใน | N75: 0 | O75: 0 | P75: 0 | Q75: 0 | R75: 0 | S75: 500กระสอบแบน | T75: 45960 | U75: 20000 | V75: 0 | W75: 20000 | X75: 0 | Y75: 21000 | Z75: WSWT2025800SM | AA75: 22072.6 | AB75: 0 | AC75: 22072.6 | AD75: 0 | AE75: 22072.6 | AF75: 0 | AG75: รอตัด | AH75: P6 | AI75: 4 | AJ75: 45960 | AK75: 45956 | AL75: 45949 | AM75: 45957 | AN75: 45958 | AO75: 45959 | AP75: 45955 | AQ75: 0 | AR75: 0 | AS75: 0 | AT75: 0 | AU75: 0 | AV75: 0 | AW75: งานเคลือบ+พิมพ์ | AX75: รอART | AY75: 0 | AZ75: 0 | BA75: 0 | BB75: 0 | BC75: WRWT25850/WRWT25850 | BD75: 1667.7076
A76: ประมาณการ | B76: ประมาณการ | C76: บจก.ไทยธรรมดี | D76: รอแบบ | E76: 20 | F76: 37 | G76: ขาว | H76: ด้าน | I76: 97 | J76: ± | K76: 5 | L76: บิด | M76: ไม่สวมถุงใน | N76: 0 | O76: 0 | P76: 0 | Q76: 0 | R76: 0 | S76: 500กระสอบ | T76: 45960 | U76: 20000 | V76: 0 | W76: 20000 | X76: 0 | Y76: 21000 | Z76: WSWT2025800SM | AA76: 21513.8 | AB76: 0 | AC76: 21513.8 | AD76: 0 | AE76: 21513.8 | AF76: 0 | AG76: ยังไม่ได้พิมพ์ | AH76: P6 | AI76: 4 | AJ76: 45960 | AK76: 45956 | AL76: 45949 | AM76: 45957 | AN76: 45958 | AO76: 45959 | AP76: 45955 | AQ76: 0 | AR76: 0 | AS76: 0 | AT76: 0 | AU76: 0 | AV76: 0 | AW76: งานเคลือบ+พิมพ์ | AX76: รอART | AY76: 0 | AZ76: 0 | BA76: 0 | BB76: 0 | BC76: WRWT25850/WRWT25850 | BD76: 1625.4871
A77: 45916 | B77: MK68-001119 | C77: บจก.ซันฟีด | D77: ขุนศึกเบอร์ 1 | E77: 20 | F77: 38 | G77: ขาว | H77: ด้าน | I77: 100 | J77: + | K77: 0 | L77: บิด | M77: ไม่สวมถุงใน | N77: 0 | O77: 0 | P77: 0 | Q77: 0 | R77: 0 | S77: 300กระสอบแบนเต็มใบ | T77: 45960 | U77: 5000 | V77: 0 | W77: 5000 | X77: 0 | Y77: 5250 | Z77: WSWT2025800SM | AA77: 5518.15 | AB77: 0 | AC77: 5518.15 | AD77: 0 | AE77: 5518.15 | AF77: 0 | AG77: ยังไม่ได้พิมพ์ | AH77: P6 | AI77: 4 | AJ77: 45960 | AK77: 45956 | AL77: 45949 | AM77: 45957 | AN77: 45958 | AO77: 45959 | AP77: 45955 | AQ77: 0 | AR77: 0 | AS77: 0 | AT77: 0 | AU77: 0 | AV77: 0 | AW77: งานเคลือบ+พิมพ์ | AX77: / | AY77: 0 | AZ77: 0 | BA77: 0 | BB77: 0 | BC77: WRWT25850/WRWT25850 | BD77: 416.92689
A78: 45916 | B78: MK68-001119 | C78: บจก.ซันฟีด | D78: 007 | E78: 20 | F78: 38 | G78: ขาว | H78: ด้าน | I78: 100 | J78: + | K78: 0 | L78: บิด | M78: ไม่สวมถุงใน | N78: 0 | O78: 0 | P78: 0 | Q78: 0 | R78: 0 | S78: 300กระสอบแบนเต็มใบ | T78: 45961 | U78: 2500 | V78: 1129 | W78: 1371 | X78: 2550 | Y78: 0 | Z78: WSWT2025800SM | AA78: 0 | AB78: 0 | AC78: 0 | AD78: 0 | AE78: 0 | AF78: 0 | AG78: ยังไม่ได้พิมพ์ | AH78: P6 | AI78: 4 | AJ78: 45961 | AK78: 45957 | AL78: 45950 | AM78: 45958 | AN78: 45959 | AO78: 45960 | AP78: 45956 | AQ78: 0 | AR78: 0 | AS78: 0 | AT78: 0 | AU78: 0 | AV78: 0 | AW78: งานเคลือบ+พิมพ์ | AX78: / | AY78: 0 | AZ78: 0 | BA78: 0 | BB78: 0 | BC78: WRWT25850/WRWT25850 | BD78: 0
A79: 45916 | B79: MK68-001119 | C79: บจก.ซันฟีด | D79: 917 | E79: 20 | F79: 37 | G79: ขาว | H79: ด้าน | I79: 98 | J79: + | K79: 0 | L79: บิด | M79: ไม่สวมถุงใน | N79: 0 | O79: 0 | P79: 0 | Q79: 0 | R79: 0 | S79: 300กระสอบแบนเต็มใบ | T79: 45961 | U79: 2500 | V79: 0 | W79: 2500 | X79: 0 | Y79: 2625 | Z79: WSWT2025800SM | AA79: 2689.225 | AB79: 0 | AC79: 2689.225 | AD79: 0 | AE79: 2689.225 | AF79: 0 | AG79: ยังไม่ได้พิมพ์ | AH79: P6 | AI79: 4 | AJ79: 45961 | AK79: 45957 | AL79: 45950 | AM79: 45958 | AN79: 45959 | AO79: 45960 | AP79: 45956 | AQ79: 0 | AR79: 0 | AS79: 0 | AT79: 0 | AU79: 0 | AV79: 0 | AW79: งานเคลือบ+พิมพ์ | AX79: / | AY79: 0 | AZ79: 0 | BA79: 0 | BB79: 0 | BC79: WRWT25850/WRWT25850 | BD79: 203.18589
A80: 45916 | B80: MK68-001119 | C80: บจก.ซันฟีด | D80: 952 | E80: 20 | F80: 38 | G80: ขาว | H80: ด้าน | I80: 100 | J80: + | K80: 0 | L80: บิด | M80: ไม่สวมถุงใน | N80: 0 | O80: 0 | P80: 0 | Q80: 0 | R80: 0 | S80: 300กระสอบแบนเต็มใบ | T80: 45961 | U80: 5000 | V80: 0 | W80: 5000 | X80: 0 | Y80: 5250 | Z80: WSWT2025800SM | AA80: 5518.15 | AB80: 0 | AC80: 5518.15 | AD80: 0 | AE80: 5518.15 | AF80: 0 | AG80: รอแบบ | AH80: P6 | AI80: 4 | AJ80: 45961 | AK80: 45957 | AL80: 45950 | AM80: 45958 | AN80: 45959 | AO80: 45960 | AP80: 45956 | AQ80: 0 | AR80: 0 | AS80: 0 | AT80: 0 | AU80: 0 | AV80: 0 | AW80: งานเคลือบ+พิมพ์ | AX80: / | AY80: 0 | AZ80: 0 | BA80: 0 | BB80: 0 | BC80: WRWT25850/WRWT25850 | BD80: 416.92689
A81: 45911 | B81: MK68-001106 | C81: บจก.เอพีเอ็ม อะโกร | D81: วี-ฟีด วี 06 | E81: 20 | F81: 38 | G81: ขาว | H81: ใส | I81: 100 | J81: ± | K81: 5 | L81: บิด | M81: ไม่สวมถุงใน | N81: 0 | O81: 0 | P81: 0 | Q81: 0 | R81: 0 | S81: 500กระสอบแบน | T81: 45961 | U81: 3000 | V81: 0 | W81: 3000 | X81: 0 | Y81: 3150 | Z81: WSWT2025800SM | AA81: 3310.89 | AB81: 0 | AC81: 3310.89 | AD81: 0 | AE81: 3310.89 | AF81: 0 | AG81: รอแบบ | AH81: P6 | AI81: 4 | AJ81: 45961 | AK81: 45957 | AL81: 45950 | AM81: 45958 | AN81: 45959 | AO81: 45960 | AP81: 45956 | AQ81: 0 | AR81: 0 | AS81: 0 | AT81: 0 | AU81: 0 | AV81: 0 | AW81: งานเคลือบ+พิมพ์ | AX81: / | AY81: 0 | AZ81: 0 | BA81: 0 | BB81: 0 | BC81: WRWT25850/WRWT25850 | BD81: 250.15613
A82: 45909 | B82: MK68-001091 | C82: บจก.เอพีเอ็ม อะโกร | D82: ยู-ฟีด บี1 | E82: 20 | F82: 40 | G82: ขาว | H82: ใส | I82: 108 | J82: ± | K82: 5 | L82: บิด | M82: ไม่สวมถุงใน | N82: 0 | O82: 0 | P82: 0 | Q82: 0 | R82: 0 | S82: 500กระสอบแบน | T82: 45961 | U82: 3000 | V82: 0 | W82: 3000 | X82: 0 | Y82: 3150 | Z82: WSWT2025800SM | AA82: 3478.53 | AB82: 0 | AC82: 3478.53 | AD82: 0 | AE82: 3478.53 | AF82: 0 | AG82: ยังไม่ได้พิมพ์ | AH82: P6 | AI82: 4 | AJ82: 45961 | AK82: 45957 | AL82: 45950 | AM82: 45958 | AN82: 45959 | AO82: 45960 | AP82: 45956 | AQ82: 0 | AR82: 0 | AS82: 0 | AT82: 0 | AU82: 0 | AV82: 0 | AW82: งานเคลือบ+พิมพ์ | AX82: / | AY82: 0 | AZ82: 0 | BA82: 0 | BB82: 0 | BC82: WRWT25850/WRWT25850 | BD82: 262.82227
A83: ประมาณการ | B83: ประมาณการ | C83: บจก.อินเทคค์ โกลบอล | D83: รอแบบ | E83: 20 | F83: 36 | G83: ขาว | H83: ด้าน | I83: 100 | J83: ± | K83: 5 | L83: จับจีบ | M83: ไม่สวมถุงใน | N83: 0 | O83: 0 | P83: 0 | Q83: 0 | R83: 0 | S83: มัด80 ใช้สายรัด | T83: 45961 | U83: 100000 | V83: 0 | W83: 100000 | X83: 0 | Y83: 105000 | Z83: WSWT2025800SM | AA83: 104775 | AB83: 6000 | AC83: 98775 | AD83: 0 | AE83: 104775 | AF83: 0 | AG83: ยังไม่ได้พิมพ์ | AH83: P6 | AI83: 4 | AJ83: 45961 | AK83: 45957 | AL83: 45950 | AM83: 45958 | AN83: 45959 | AO83: 45960 | AP83: 45956 | AQ83: 0 | AR83: 0 | AS83: 0 | AT83: 0 | AU83: 0 | AV83: 0 | AW83: งานเคลือบ+พิมพ์ | AX83: รอART | AY83: 0 | AZ83: 0 | BA83: 0 | BB83: 0 | BC83: WRWT25850/WRWT25850 | BD83: 7463
A84: ประมาณการ | B84: ประมาณการ | C84: บจก.ซันฟีด | D84: รอแบบ | E84: 20 | F84: 38 | G84: ขาว | H84: ด้าน | I84: 100 | J84: + | K84: 0 | L84: บิด | M84: ไม่สวมถุงใน | N84: 0 | O84: 0 | P84: 0 | Q84: 0 | R84: 0 | S84: 300กระสอบแบนเต็มใบ | T84: 45961 | U84: 305000 | V84: 0 | W84: 305000 | X84: 0 | Y84: 320250 | Z84: WSWT2025800SM | AA84: 336607.15 | AB84: 0 | AC84: 336607.15 | AD84: 0 | AE84: 336607.15 | AF84: 0 | AG84: ยังไม่ได้พิมพ์ | AH84: P6 | AI84: 4 | AJ84: 45961 | AK84: 45957 | AL84: 45950 | AM84: 45958 | AN84: 45959 | AO84: 45960 | AP84: 45956 | AQ84: 0 | AR84: 0 | AS84: 0 | AT84: 0 | AU84: 0 | AV84: 0 | AW84: งานเคลือบ+พิมพ์ | AX84: รอART | AY84: 0 | AZ84: 0 | BA84: 0 | BB84: 0 | BC84: WRWT25850/WRWT25850 | BD84: 25432.54
A85: 45933 | B85: MK68-001205 | C85: บจก.เอพีเอ็ม อะโกร | D85: นีโอ พี4(เอส) | E85: 20 | F85: 38 | G85: ขาว | H85: ใส | I85: 100 | J85: ± | K85: 5 | L85: บิด | M85: ไม่สวมถุงใน | N85: 0 | O85: 0 | P85: 0 | Q85: 0 | R85: 0 | S85: 500กระสอบแบน | T85: รอแจ้ง | U85: 3000 | V85: 0 | W85: 3000 | X85: 0 | Y85: 3150 | Z85: WSWT2025800SM | AA85: 3310.89 | AB85: 0 | AC85: 3310.89 | AD85: 0 | AE85: 3310.89 | AF85: 0 | AG85: ยังไม่ได้พิมพ์ | AH85: P6 | AI85: 4 | AJ85: รอแจ้ง | AK85: #VALUE! | AL85: #VALUE! | AM85: #VALUE! | AN85: #VALUE! | AO85: #VALUE! | AP85: #VALUE! | AQ85: 0 | AR85: 0 | AS85: 0 | AT85: 0 | AU85: 0 | AV85: 0 | AW85: งานเคลือบ+พิมพ์ | AX85: / | AY85: 0 | AZ85: 0 | BA85: 0 | BB85: 0 | BC85: WRWT25850/WRWT25850 | BD85: 250.15613
A86: 45933 | B86: MK68-001204 | C86: บจก.เอพีเอ็ม อะโกร | D86: นีโอ พี3 | E86: 20 | F86: 38 | G86: ขาว | H86: ใส | I86: 100 | J86: ± | K86: 5 | L86: บิด | M86: ไม่สวมถุงใน | N86: 0 | O86: 0 | P86: 0 | Q86: 0 | R86: 0 | S86: 500กระสอบแบน | T86: รอแจ้ง | U86: 3000 | V86: 0 | W86: 3000 | X86: 0 | Y86: 3150 | Z86: WSWT2025800SM | AA86: 3310.89 | AB86: 0 | AC86: 3310.89 | AD86: 0 | AE86: 3310.89 | AF86: 0 | AG86: ยังไม่ได้พิมพ์ | AH86: P6 | AI86: 4 | AJ86: รอแจ้ง | AK86: #VALUE! | AL86: #VALUE! | AM86: #VALUE! | AN86: #VALUE! | AO86: #VALUE! | AP86: #VALUE! | AQ86: 0 | AR86: 0 | AS86: 0 | AT86: 0 | AU86: 0 | AV86: 0 | AW86: งานเคลือบ+พิมพ์ | AX86: / | AY86: 0 | AZ86: 0 | BA86: 0 | BB86: 0 | BC86: WRWT25850/WRWT25850 | BD86: 250.15613
A87: 45933 | B87: MK68-001206 | C87: บจก.เอสพีเอ็ม อาหารสัตว์ | D87: นาโน 06 | E87: 20 | F87: 38 | G87: ขาว | H87: ด้าน | I87: 100 | J87: ± | K87: 5 | L87: บิด | M87: ไม่สวมถุงใน | N87: 0 | O87: 0 | P87: 0 | Q87: 0 | R87: 0 | S87: 500กระสอบแบน | T87: รอแจ้ง | U87: 3000 | V87: 0 | W87: 3000 | X87: 0 | Y87: 3150 | Z87: WSWT2025800SM | AA87: 3310.89 | AB87: 0 | AC87: 3310.89 | AD87: 0 | AE87: 3310.89 | AF87: 0 | AG87: รอตัด | AH87: P6 | AI87: 4 | AJ87: รอแจ้ง | AK87: #VALUE! | AL87: #VALUE! | AM87: #VALUE! | AN87: #VALUE! | AO87: #VALUE! | AP87: #VALUE! | AQ87: 0 | AR87: 0 | AS87: 0 | AT87: 0 | AU87: 0 | AV87: 0 | AW87: งานเคลือบ+พิมพ์ | AX87: / | AY87: 0 | AZ87: 0 | BA87: 0 | BB87: 0 | BC87: WRWT25850/WRWT25850 | BD87: 250.15613
A88: 45933 | B88: MK68-001202 | C88: บจก.เอพีเอ็ม อะโกร | D88: ยู-ฟีด รวมหมู | E88: 20 | F88: 38 | G88: ขาว | H88: ใส | I88: 100 | J88: ± | K88: 5 | L88: บิด | M88: ไม่สวมถุงใน | N88: 0 | O88: 0 | P88: 0 | Q88: 0 | R88: 0 | S88: 500กระสอบแบน | T88: รอแจ้ง | U88: 3000 | V88: 0 | W88: 3000 | X88: 0 | Y88: 3150 | Z88: WSWT2025800SM | AA88: 3310.89 | AB88: 0 | AC88: 3310.89 | AD88: 0 | AE88: 3310.89 | AF88: 0 | AG88: พร้อมส่ง | AH88: P6 | AI88: 4 | AJ88: รอแจ้ง | AK88: #VALUE! | AL88: #VALUE! | AM88: #VALUE! | AN88: #VALUE! | AO88: #VALUE! | AP88: #VALUE! | AQ88: 0 | AR88: 0 | AS88: 0 | AT88: 0 | AU88: 0 | AV88: 0 | AW88: งานเคลือบ+พิมพ์ | AX88: / | AY88: 0 | AZ88: 0 | BA88: 0 | BB88: 0 | BC88: WRWT25850/WRWT25850 | BD88: 250.15613
A89: 45933 | B89: MK68-001203 | C89: บจก.เอพีเอ็ม อะโกร | D89: SPM190 GOAL | E89: 20 | F89: 38 | G89: ขาว | H89: ใส | I89: 100 | J89: ± | K89: 5 | L89: บิด | M89: ไม่สวมถุงใน | N89: 0 | O89: 0 | P89: 0 | Q89: 0 | R89: 0 | S89: 500กระสอบแบน | T89: รอแจ้ง | U89: 4000 | V89: 0 | W89: 4000 | X89: 0 | Y89: 4200 | Z89: WSWT2025800SM | AA89: 4414.52 | AB89: 0 | AC89: 4414.52 | AD89: 0 | AE89: 4414.52 | AF89: 0 | AG89: ยังไม่ได้พิมพ์ | AH89: P6 | AI89: 4 | AJ89: รอแจ้ง | AK89: #VALUE! | AL89: #VALUE! | AM89: #VALUE! | AN89: #VALUE! | AO89: #VALUE! | AP89: #VALUE! | AQ89: 0 | AR89: 0 | AS89: 0 | AT89: 0 | AU89: 0 | AV89: 0 | AW89: งานเคลือบ+พิมพ์ | AX89: / | AY89: 0 | AZ89: 0 | BA89: 0 | BB89: 0 | BC89: WRWT25850/WRWT25850 | BD89: 333.54151
A90: 45919 | B90: MK68-001124 | C90: บจก.อินเทคค์ โกลบอล | D90: เพอเฟคค์ 916 | E90: 20 | F90: 36 | G90: ขาว | H90: ด้าน | I90: 100 | J90: ± | K90: 5 | L90: จับจีบ4" | M90: ไม่สวมถุงใน | N90: 0 | O90: 0 | P90: 0 | Q90: 0 | R90: 0 | S90: มัด80 ใช้สายรัด | T90: รอแจ้ง | U90: 1172 | V90: 0 | W90: 1172 | X90: 21290 | Y90: 0 | Z90: WSWT2025800SM | AA90: 0 | AB90: 0 | AC90: 0 | AD90: 0 | AE90: 0 | AF90: 0 | AG90: ยังไม่ได้พิมพ์ | AH90: P6 | AI90: 4 | AJ90: รอแจ้ง | AK90: #VALUE! | AL90: #VALUE! | AM90: #VALUE! | AN90: #VALUE! | AO90: #VALUE! | AP90: #VALUE! | AQ90: 0 | AR90: 0 | AS90: 0 | AT90: 0 | AU90: 0 | AV90: 0 | AW90: งานเคลือบ+พิมพ์ | AX90: / | AY90: 4/10 10/10 | AZ90: 0 | BA90: 0 | BB90: 0 | BC90: WRWT25850/WRWT25850 | BD90: 0
A91: 45919 | B91: MK68-001129 | C91: บจก.อินเทคค์ โกลบอล | D91: สุบรรณ 333 | E91: 20 | F91: 36 | G91: ขาว | H91: ด้าน | I91: 100 | J91: ± | K91: 5 | L91: จับจีบ3.5" | M91: ไม่สวมถุงใน | N91: 0 | O91: 0 | P91: 0 | Q91: 0 | R91: 0 | S91: มัด80 ใช้สายรัด | T91: รอแจ้ง | U91: 622 | V91: 0 | W91: 622 | X91: 6150 | Y91: 0 | Z91: WSWT2025800SM | AA91: 0 | AB91: 0 | AC91: 0 | AD91: 0 | AE91: 0 | AF91: 0 | AG91: ยังไม่ได้พิมพ์ | AH91: P6 | AI91: 4 | AJ91: รอแจ้ง | AK91: #VALUE! | AL91: #VALUE! | AM91: #VALUE! | AN91: #VALUE! | AO91: #VALUE! | AP91: #VALUE! | AQ91: 0 | AR91: 0 | AS91: 0 | AT91: 0 | AU91: 0 | AV91: 0 | AW91: งานเคลือบ+พิมพ์ | AX91: / | AY91: 0 | AZ91: 0 | BA91: 0 | BB91: 0 | BC91: WRWT25850/WRWT25850 | BD91: 0
A92: 45923 | B92: MK68-001155 | C92: บจก.เอสพีเอ็ม อาหารสัตว์ | D92: นาโน 01 พลัส | E92: 20 | F92: 38 | G92: ขาว | H92: ด้าน | I92: 100 | J92: ± | K92: 5 | L92: บิด | M92: ไม่สวมถุงใน | N92: 0 | O92: 0 | P92: 0 | Q92: 0 | R92: 0 | S92: 500กระสอบแบน | T92: รอแจ้ง | U92: 3000 | V92: 0 | W92: 3000 | X92: 0 | Y92: 3150 | Z92: WSWT2025800SM | AA92: 3310.89 | AB92: 0 | AC92: 3310.89 | AD92: 0 | AE92: 3310.89 | AF92: 0 | AG92: พิมพ์ไม่ครบ | AH92: P6 | AI92: 4 | AJ92: รอแจ้ง | AK92: #VALUE! | AL92: #VALUE! | AM92: #VALUE! | AN92: #VALUE! | AO92: #VALUE! | AP92: #VALUE! | AQ92: 0 | AR92: 0 | AS92: 0 | AT92: 0 | AU92: 0 | AV92: 0 | AW92: งานเคลือบ+พิมพ์ | AX92: / | AY92: 0 | AZ92: 0 | BA92: 0 | BB92: 0 | BC92: WRWT25850/WRWT25850 | BD92: 250.15613
A93: 45923 | B93: MK68-001158 | C93: บจก.เอสพีเอ็ม อาหารสัตว์ | D93: SW 441 | E93: 20 | F93: 38 | G93: ขาว | H93: ใส | I93: 100 | J93: ± | K93: 5 | L93: บิด | M93: ไม่สวมถุงใน | N93: 0 | O93: 0 | P93: 0 | Q93: 0 | R93: 0 | S93: 500กระสอบแบน | T93: รอแจ้ง | U93: 25000 | V93: 0 | W93: 25000 | X93: 0 | Y93: 26250 | Z93: WSWT2025800SM | AA93: 27590.75 | AB93: 0 | AC93: 27590.75 | AD93: 0 | AE93: 27590.75 | AF93: 0 | AG93: ยังไม่ได้พิมพ์ | AH93: P6 | AI93: 4 | AJ93: รอแจ้ง | AK93: #VALUE! | AL93: #VALUE! | AM93: #VALUE! | AN93: #VALUE! | AO93: #VALUE! | AP93: #VALUE! | AQ93: 0 | AR93: 0 | AS93: 0 | AT93: 0 | AU93: 0 | AV93: 0 | AW93: งานเคลือบ+พิมพ์ | AX93: / | AY93: 0 | AZ93: 0 | BA93: 0 | BB93: 0 | BC93: WRWT25850/WRWT25850 | BD93: 2084.6344
A94: 45923 | B94: MK68-001157 | C94: บจก.เอสพีเอ็ม อาหารสัตว์ | D94: HERO 111 | E94: 20 | F94: 38 | G94: ขาว | H94: ด้าน | I94: 100 | J94: ± | K94: 5 | L94: บิด | M94: ไม่สวมถุงใน | N94: 0 | O94: 0 | P94: 0 | Q94: 0 | R94: 0 | S94: 500กระสอบแบน | T94: 45946 | U94: 3000 | V94: 0 | W94: 3000 | X94: 0 | Y94: 3150 | Z94: WSWT2025800SM | AA94: 3310.89 | AB94: 0 | AC94: 3310.89 | AD94: 0 | AE94: 3310.89 | AF94: 0 | AG94: พร้อมส่ง | AH94: P6 | AI94: 4 | AJ94: 45946 | AK94: 45942 | AL94: 45935 | AM94: 45943 | AN94: 45944 | AO94: 45945 | AP94: 45941 | AQ94: 0 | AR94: 0 | AS94: 0 | AT94: 0 | AU94: 0 | AV94: 0 | AW94: งานเคลือบ+พิมพ์ | AX94: / | AY94: 0 | AZ94: 0 | BA94: 0 | BB94: 0 | BC94: WRWT25850/WRWT25850 | BD94: 250.15613
A95: 45877 | B95: MK68-000990 | C95: บจก.เอสพีเอ็ม อาหารสัตว์ | D95: SW 441 PLUS | E95: 20 | F95: 38 | G95: ขาว | H95: ใส | I95: 100 | J95: ± | K95: 5 | L95: บิด | M95: ไม่สวมถุงใน | N95: 0 | O95: 0 | P95: 0 | Q95: 0 | R95: 0 | S95: 500กระสอบแบน | T95: รอแจ้ง | U95: 3500 | V95: 1217 | W95: 2283 | X95: 1545 | Y95: 2052.75 | Z95: WSWT2025800SM | AA95: 2265.4765 | AB95: 0 | AC95: 2265.4765 | AD95: 0 | AE95: 2265.4765 | AF95: 0 | AG95: พร้อมส่ง | AH95: P6 | AI95: 4 | AJ95: รอแจ้ง | AK95: #VALUE! | AL95: #VALUE! | AM95: #VALUE! | AN95: #VALUE! | AO95: #VALUE! | AP95: #VALUE! | AQ95: 0 | AR95: 0 | AS95: 0 | AT95: 0 | AU95: 0 | AV95: 0 | AW95: งานเคลือบ+พิมพ์ | AX95: / | AY95: 0 | AZ95: 0 | BA95: 0 | BB95: 0 | BC95: WRWT25850/WRWT25850 | BD95: 171.16933
A96: 45896 | B96: MK68-001039 | C96: บจก.เอสพีเอ็ม อาหารสัตว์ | D96: U-GOAT14 | E96: 20 | F96: 38 | G96: ขาว | H96: ใส | I96: 100 | J96: ± | K96: 5 | L96: บิด | M96: ไม่สวมถุงใน | N96: 0 | O96: 0 | P96: 0 | Q96: 0 | R96: 0 | S96: 500กระสอบแบน | T96: รอแจ้ง | U96: 3000 | V96: 0 | W96: 3000 | X96: 0 | Y96: 3150 | Z96: WSWT2025800SM | AA96: 3310.89 | AB96: 0 | AC96: 3310.89 | AD96: 0 | AE96: 3310.89 | AF96: 0 | AG96: พร้อมส่ง | AH96: P6 | AI96: 5 | AJ96: รอแจ้ง | AK96: #VALUE! | AL96: #VALUE! | AM96: #VALUE! | AN96: #VALUE! | AO96: #VALUE! | AP96: #VALUE! | AQ96: 0 | AR96: 0 | AS96: 0 | AT96: 0 | AU96: 0 | AV96: 0 | AW96: งานเคลือบ+พิมพ์ | AX96: / | AY96: 0 | AZ96: 0 | BA96: 0 | BB96: 0 | BC96: WRWT25850/WRWT25850 | BD96: 250.15613
A97: 45905 | B97: MK68-001079 | C97: บจก.อินเทคค์ โกลบอล | D97: เฟิร์สช้อย 902 | E97: 20 | F97: 36 | G97: ขาว | H97: ด้าน | I97: 100 | J97: ± | K97: 5 | L97: จับจีบ | M97: ไม่สวมถุงใน | N97: 0 | O97: 0 | P97: 0 | Q97: 0 | R97: 0 | S97: มัด80 ใช้สายรัด | T97: รอแจ้ง | U97: 243 | V97: 0 | W97: 243 | X97: 5950 | Y97: 0 | Z97: WSWT2025800SM | AA97: 0 | AB97: 0 | AC97: 0 | AD97: 0 | AE97: 0 | AF97: 0 | AG97: พร้อมส่ง | AH97: P6 | AI97: 4 | AJ97: รอแจ้ง | AK97: #VALUE! | AL97: #VALUE! | AM97: #VALUE! | AN97: #VALUE! | AO97: #VALUE! | AP97: #VALUE! | AQ97: 0 | AR97: 0 | AS97: 0 | AT97: 0 | AU97: 0 | AV97: 0 | AW97: งานเคลือบ+พิมพ์ | AX97: / | AY97: ลบสี | AZ97: 0 | BA97: 0 | BB97: 0 | BC97: WRWT25850/WRWT25850 | BD97: 0
A98: 45796 | B98: MK68-000673 | C98: บจก.อินเทคค์ โกลบอล | D98: เพอเฟคค์ 902 | E98: 20 | F98: 36 | G98: ขาว | H98: ด้าน | I98: 100 | J98: ± | K98: 5 | L98: จับจีบ | M98: ไม่สวมถุงใน | N98: 0 | O98: 0 | P98: 0 | Q98: 0 | R98: 0 | S98: มัด80 ใช้สายรัด | T98: รอแจ้ง | U98: 302 | V98: 363 | W98: 0 | X98: 5300 | Y98: 0 | Z98: WSWT2025800SM | AA98: 0 | AB98: 0 | AC98: 0 | AD98: 0 | AE98: 0 | AF98: 0 | AG98: รอตัด | AH98: P6 | AI98: 4 | AJ98: รอแจ้ง | AK98: #VALUE! | AL98: #VALUE! | AM98: #VALUE! | AN98: #VALUE! | AO98: #VALUE! | AP98: #VALUE! | AQ98: 0 | AR98: 0 | AS98: 0 | AT98: 0 | AU98: 0 | AV98: 0 | AW98: งานเคลือบ+พิมพ์ | AX98: / | AY98: 0 | AZ98: 0 | BA98: 0 | BB98: 0 | BC98: WRWT25850/WRWT25850 | BD98: 0
A99: 45674 | B99: MK68-000093 | C99: บจก.อินเทคค์ โกลบอล | D99: เฟิร์สคลาส 902 | E99: 20 | F99: 35 | G99: ขาว | H99: ด้าน | I99: 97 | J99: ± | K99: 5 | L99: จับจีบ4" | M99: ไม่สวมถุงใน | N99: 0 | O99: 0 | P99: 0 | Q99: 0 | R99: 0 | S99: มัด80 ใช้สายรัด | T99: รอแจ้ง | U99: 152 | V99: 0 | W99: 152 | X99: 6000 | Y99: 0 | Z99: WSWT2025800SM | AA99: 0 | AB99: 0 | AC99: 0 | AD99: 0 | AE99: 0 | AF99: 5987 | AG99: พร้อมส่ง | AH99: P6 | AI99: 4 | AJ99: รอแจ้ง | AK99: #VALUE! | AL99: #VALUE! | AM99: #VALUE! | AN99: #VALUE! | AO99: #VALUE! | AP99: #VALUE! | AQ99: 0 | AR99: 0 | AS99: 0 | AT99: 0 | AU99: 0 | AV99: 0 | AW99: งานเคลือบ+พิมพ์ | AX99: / | AY99: ลบสี 5040 | AZ99: 0 | BA99: 0 | BB99: 0 | BC99: WRWT25850/WRWT25850 | BD99: 0
A100: 45611 | B100: MK67-001532 | C100: บจก.อินเทคค์ โกลบอล | D100: เฟิร์สช้อย 903 | E100: 20 | F100: 36 | G100: ขาว | H100: ด้าน | I100: 100 | J100: ± | K100: 5 | L100: จับจีบ | M100: ไม่สวมถุงใน | N100: 0 | O100: 0 | P100: 0 | Q100: 0 | R100: 0 | S100: มัด80 ใช้สายรัด | T100: รอแจ้ง | U100: 117 | V100: 0 | W100: 117 | X100: 10065 | Y100: 0 | Z100: WSWT2025800SM | AA100: 0 | AB100: 0 | AC100: 0 | AD100: 0 | AE100: 0 | AF100: 0 | AG100: พร้อมส่ง | AH100: P6 | AI100: 4 | AJ100: รอแจ้ง | AK100: #VALUE! | AL100: #VALUE! | AM100: #VALUE! | AN100: #VALUE! | AO100: #VALUE! | AP100: #VALUE! | AQ100: 0 | AR100: 0 | AS100: 0 | AT100: 0 | AU100: 0 | AV100: 0 | AW100: งานเคลือบ+พิมพ์ | AX100: / | AY100: 0 | AZ100: 0 | BA100: 0 | BB100: 0 | BC100: WRWT25850/WRWT25850 | BD100: 0
A101: 45523 | B101: MK67-001153 | C101: บจก.อินเทคค์ โกลบอล | D101: สุบรรณ 777 | E101: 20 | F101: 36 | G101: ขาว | H101: ด้าน | I101: 100 | J101: ± | K101: 5 | L101: จับจีบ | M101: ไม่สวมถุงใน | N101: 0 | O101: 0 | P101: 0 | Q101: 0 | R101: 0 | S101: มัด80 ใช้สายรัด | T101: รอแจ้ง | U101: 1260 | V101: 0 | W101: 1260 | X101: 11095 | Y101: 0 | Z101: WSWT2025800SM | AA101: 0 | AB101: 0 | AC101: 0 | AD101: 0 | AE101: 0 | AF101: 0 | AG101: พร้อมส่ง | AH101: P6 | AI101: 4 | AJ101: รอแจ้ง | AK101: #VALUE! | AL101: #VALUE! | AM101: #VALUE! | AN101: #VALUE! | AO101: #VALUE! | AP101: #VALUE! | AQ101: 0 | AR101: 0 | AS101: 0 | AT101: 0 | AU101: 0 | AV101: 0 | AW101: งานเคลือบ+พิมพ์ | AX101: / | AY101: 0 | AZ101: 0 | BA101: 0 | BB101: 0 | BC101: WRWT25850/WRWT25850 | BD101: 0
...

Sheet 10-10-68
B2: เรียงกำหนดส่ง | D2: ลบ 0 | T2: เรียง 1
B3: ข้อมูลUpdate ณ. วันที่ | D3: 45940 | E3: เวลา | G3: 12
A4: วันรับออร์เดอร์/แบบ | B4: เลขที่ SO | C4: ชื่อลูกค้า | E4: 10.3 | I4: น้ำหนัก | L4: บิด/จับจีบ | M4: ถุงใน | Q4: 44873 | S4: วิธีบรรจุ | T4: วันส่ง | U4: จำนวนส่ง | V4: ตัดเย็บ (ใบ) | W4: 44873 | X4: พิมพ์ (ใบ) | Y4: 44876 | Z4: ผ้าทอ (เมตร) Updateณ | AB4: 44876 | AD4: ผ้าเคลือบ(เมตร) | AF4: หมายเหตุ | AG4: เครื่อง
B5: เลขที่ SO | C5: ชื่อลูกค้า | D5: ตรา | E5: กว้าง | F5: ยาว | G5: สี | H5: เคลือบ | I5: กรัม/ใบ | J5: * | K5: aw | L5: บิด/จับจีบ | M5: กว้าง | N5: ยาว | O5: หนา | P5: ใช้(กก.) | Q5: Stock(กก.) | R5: ผลิต(กก.) | S5: วิธีบรรจุ | T5: วันส่ง | U5: จำนวนส่ง | V5: StockFG | W5: ค้างตัด | X5: พิมพ์แล้ว | Y5: ค้างพิมพ์ | Z5: ประเภท | AA5: ใช้ | AB5: Stock | AC5: ค้างทอ | AD5: Stock | AE5: ค้างเคลือบ | AF5: หมายเหตุ | AG5: ที่พิมพ์ได้ | AH5: process | AI5: Lead time | AJ5: วันที่ส่งPL | AK5: เคลือบ | AL5: ได้ ART | AM5: พิมพ์ | AN5: จีบ-บิด | AO5: ตัด-เย็บ | AP5: ทอ | AQ5: สวมถุง | AR5: เย็บปาก | AS5: PT | AT5: ม้วน | AU5: ตัด | AV5: ตอกตาไก่ | AW5: GROUP | AX5: ART | AY5: หมายเหตุปัญหา | AZ5: ราคา/ใบ | BA5: ราคารวม | BB5: workweek | BC5: เส้นเทป | BD5: จำนวน
A6: 45933 | B6: MK68-001198 | C6: บจก.ฟาร์เธอร์ส วิง ซัพพลาย | D6: รถไฟฟ้าปูนขาวเย็น | E6: 18 | F6: 30 | G6: ขาว | H6: 0 | I6: 54 | J6: ± | K6: 5 | L6: บิด | M6: 19 | N6: 33 | O6: 40 | P6: 0 | Q6: 0 | R6: 0 | S6: 500กระสอบ | T6: 45940 | U6: 15000 | V6: 15000 | W6: 0 | X6: 15835 | Y6: 0 | Z6: WSWT1825800 | AA6: 0 | AB6: 0 | AC6: 0 | AD6: 0 | AE6: 0 | AF6: 0 | AG6: พร้อมส่ง | AH6: P9 | AI6: 3 | AJ6: 45940 | AK6: 0 | AL6: 45930 | AM6: 45937 | AN6: 45938 | AO6: 45938 | AP6: 45935 | AQ6: 45939 | AR6: 0 | AS6: 0 | AT6: 0 | AU6: 0 | AV6: 0 | AW6: งานพิมพ์ | AX6: / | AY6: 0 | AZ6: 0 | BA6: 0 | BB6: 0 | BC6: WRWT25800/WRWT25800 | BD6: 0
A7: 45933 | B7: MK68-001198 | C7: บจก.ฟาร์เธอร์ส วิง ซัพพลาย | D7: ไม่พิมพ์ | E7: 18 | F7: 30 | G7: ขาว | H7: 0 | I7: 54 | J7: ± | K7: 5 | L7: บิด | M7: 19 | N7: 33 | O7: 40 | P7: 0 | Q7: 0 | R7: 0 | S7: 500กระสอบ | T7: 45940 | U7: 3000 | V7: 3000 | W7: 0 | X7: 0 | Y7: 0 | Z7: WSWT1825800 | AA7: 0 | AB7: 0 | AC7: 0 | AD7: 0 | AE7: 0 | AF7: 0 | AG7: ยังไม่ได้พิมพ์ | AH7: P9 | AI7: 3 | AJ7: 45940 | AK7: 0 | AL7: 45930 | AM7: 45937 | AN7: 45938 | AO7: 45938 | AP7: 45935 | AQ7: 45939 | AR7: 0 | AS7: 0 | AT7: 0 | AU7: 0 | AV7: 0 | AW7: งานพิมพ์ | AX7: / | AY7: 0 | AZ7: 0 | BA7: 0 | BB7: 0 | BC7: WRWT25800/WRWT25800 | BD7: 0
A8: 45938 | B8: ใบรับคำสั่งซื้อ | C8: บจก.เอสทีเคมีธุรกืจ | D8: มังกรแดง STCB | E8: 18 | F8: 30 | G8: ขาว | H8: 0 | I8: 54 | J8: ± | K8: 5 | L8: ไม่ | M8: 19 | N8: 31 | O8: 40 | P8: 145.31171 | Q8: 0 | R8: 145.31171 | S8: 500กระสอบ | T8: 45946 | U8: 10000 | V8: 0 | W8: 10000 | X8: 0 | Y8: 10500 | Z8: WSWT1825800 | AA8: 8801.1 | AB8: 8801.1 | AC8: 0 | AD8: 0 | AE8: 0 | AF8: ห้ามเกิน | AG8: ยังไม่ได้พิมพ์ | AH8: P9 | AI8: 3 | AJ8: 45946 | AK8: 0 | AL8: 45936 | AM8: 45943 | AN8: 45944 | AO8: 45944 | AP8: 45941 | AQ8: 45945 | AR8: 0 | AS8: 0 | AT8: 0 | AU8: 0 | AV8: 0 | AW8: งานพิมพ์ | AX8: รอART | AY8: 0 | AZ8: 0 | BA8: 0 | BB8: 0 | BC8: WRWT25800/WRWT25800 | BD8: 0
A9: 45923 | B9: MK68-001161 | C9: หจก.อนนท์อุตสาหกรรม | D9: อนนท์ 20 กก. | E9: 18 | F9: 28 | G9: ขาว | H9: 0 | I9: 50 | J9: ± | K9: 5 | L9: ไม่ | M9: 19 | N9: 31 | O9: 40 | P9: 0 | Q9: 0 | R9: 0 | S9: 500กระสอบแบน | T9: 45950 | U9: 5000 | V9: 5000 | W9: 0 | X9: 5400 | Y9: 0 | Z9: WSWT1825800 | AA9: 0 | AB9: 0 | AC9: 0 | AD9: 0 | AE9: 0 | AF9: 0 | AG9: ยังไม่ได้พิมพ์ | AH9: P9 | AI9: 3 | AJ9: 45950 | AK9: 0 | AL9: 45940 | AM9: 45947 | AN9: 45948 | AO9: 45948 | AP9: 45945 | AQ9: 45949 | AR9: 0 | AS9: 0 | AT9: 0 | AU9: 0 | AV9: 0 | AW9: งานพิมพ์ | AX9: / | AY9: 0 | AZ9: 0 | BA9: 0 | BB9: 0 | BC9: WRWT25800/WRWT25800 | BD9: 0
A10: 45923 | B10: MK68-001162 | C10: หจก.อนนท์อุตสาหกรรม | D10: ดาว 20 กก. | E10: 18 | F10: 28 | G10: ขาว | H10: 0 | I10: 50 | J10: ± | K10: 5 | L10: ไม่ | M10: 19 | N10: 31 | O10: 40 | P10: 363.27927 | Q10: 0 | R10: 363.27927 | S10: 500กระสอบแบน | T10: 45950 | U10: 25000 | V10: 0 | W10: 25000 | X10: 0 | Y10: 26250 | Z10: WSWT1825800 | AA10: 20605.75 | AB10: 20605.75 | AC10: 0 | AD10: 0 | AE10: 0 | AF10: 0 | AG10: ยังไม่ได้พิมพ์ | AH10: P9 | AI10: 3 | AJ10: 45950 | AK10: 0 | AL10: 45940 | AM10: 45947 | AN10: 45948 | AO10: 45948 | AP10: 45945 | AQ10: 45949 | AR10: 0 | AS10: 0 | AT10: 0 | AU10: 0 | AV10: 0 | AW10: งานพิมพ์ | AX10: / | AY10: 0 | AZ10: 0 | BA10: 0 | BB10: 0 | BC10: WRWT25800/WRWT25800 | BD10: 0
A11: 45923 | B11: MK68-001162 | C11: หจก.อนนท์อุตสาหกรรม | D11: ดาว 20 กก. | E11: 18 | F11: 28 | G11: ขาว | H11: 0 | I11: 50 | J11: ± | K11: 5 | L11: ไม่ | M11: 19 | N11: 31 | O11: 40 | P11: 363.27927 | Q11: 0 | R11: 363.27927 | S11: 500กระสอบแบน | T11: 45955 | U11: 25000 | V11: 0 | W11: 25000 | X11: 0 | Y11: 26250 | Z11: WSWT1825800 | AA11: 20605.75 | AB11: 20605.75 | AC11: 0 | AD11: 0 | AE11: 0 | AF11: 0 | AG11: พร้อมส่ง | AH11: P9 | AI11: 3 | AJ11: 45955 | AK11: 0 | AL11: 45945 | AM11: 45952 | AN11: 45953 | AO11: 45953 | AP11: 45950 | AQ11: 45954 | AR11: 0 | AS11: 0 | AT11: 0 | AU11: 0 | AV11: 0 | AW11: งานพิมพ์ | AX11: / | AY11: 0 | AZ11: 0 | BA11: 0 | BB11: 0 | BC11: WRWT25800/WRWT25800 | BD11: 0
A12: 45923 | B12: MK68-001162 | C12: หจก.อนนท์อุตสาหกรรม | D12: ดาว 20 กก. | E12: 18 | F12: 28 | G12: ขาว | H12: 0 | I12: 50 | J12: ± | K12: 5 | L12: ไม่ | M12: 19 | N12: 31 | O12: 40 | P12: 363.27927 | Q12: 0 | R12: 363.27927 | S12: 500กระสอบแบน | T12: 45958 | U12: 25000 | V12: 0 | W12: 25000 | X12: 0 | Y12: 26250 | Z12: WSWT1825800 | AA12: 20605.75 | AB12: 20605.75 | AC12: 0 | AD12: 0 | AE12: 0 | AF12: 0 | AG12: พร้อมส่ง | AH12: P9 | AI12: 3 | AJ12: 45958 | AK12: 0 | AL12: 45948 | AM12: 45955 | AN12: 45956 | AO12: 45956 | AP12: 45953 | AQ12: 45957 | AR12: 0 | AS12: 0 | AT12: 0 | AU12: 0 | AV12: 0 | AW12: งานพิมพ์ | AX12: / | AY12: 0 | AZ12: 0 | BA12: 0 | BB12: 0 | BC12: WRWT25800/WRWT25800 | BD12: 0
